ISO-10303-21;
HEADER;
FILE_DESCRIPTION (( 'STEP AP214' ),
    '1' );
FILE_NAME ('knop Marcel.STEP',
    '2025-01-08T09:46:31',
    ( '' ),
    ( '' ),
    'SwSTEP 2.0',
    'SolidWorks 2025',
    '' );
FILE_SCHEMA (( 'AUTOMOTIVE_DESIGN' ));
ENDSEC;

DATA;
#1 = ORIENTED_EDGE ( 'NONE', *, *, #118, .T. ) ;
#2 = ADVANCED_FACE ( 'NONE', ( #822, #1216 ), #273, .T. ) ;
#3 = CARTESIAN_POINT ( 'NONE',  ( -1.699999999999999956, 5.000000000000000000, 9.999999999999998224 ) ) ;
#4 = DIRECTION ( 'NONE',  ( 0.000000000000000000, 0.000000000000000000, 1.000000000000000000 ) ) ;
#5 = CARTESIAN_POINT ( 'NONE',  ( 1.500000000000000000, 4.898967694940649764, 2.598076211353316456 ) ) ;
#6 = DIRECTION ( 'NONE',  ( -0.5000000000000039968, 0.000000000000000000, 0.8660254037844363761 ) ) ;
#7 = VERTEX_POINT ( 'NONE', #1021 ) ;
#8 = CIRCLE ( 'NONE', #167, 1.500000000000000000 ) ;
#9 = FACE_BOUND ( 'NONE', #454, .T. ) ;
#10 = EDGE_CURVE ( 'NONE', #230, #899, #600, .T. ) ;
#11 = CIRCLE ( 'NONE', #190, 7.500000000000000000 ) ;
#12 = DIRECTION ( 'NONE',  ( 1.000000000000000000, 0.000000000000000000, 0.000000000000000000 ) ) ;
#13 = CARTESIAN_POINT ( 'NONE',  ( -25.70309961404187149, 6.613445403140102208, -15.47130470463915408 ) ) ;
#14 = DIRECTION ( 'NONE',  ( -0.000000000000000000, -1.000000000000000000, -0.000000000000000000 ) ) ;
#15 = DIRECTION ( 'NONE',  ( 0.000000000000000000, -0.000000000000000000, 1.000000000000000000 ) ) ;
#16 = ORIENTED_EDGE ( 'NONE', *, *, #92, .T. ) ;
#17 = CARTESIAN_POINT ( 'NONE',  ( 3.000000000000000000, 5.000000000000000000, 2.874404766621951128E-14 ) ) ;
#18 = CARTESIAN_POINT ( 'NONE',  ( 3.673940397442059868E-16, 0.000000000000000000, 3.000000000000000000 ) ) ;
#19 = CARTESIAN_POINT ( 'NONE',  ( 3.673940397442059178E-15, 7.500000000000000000, 29.99999999999999645 ) ) ;
#20 = DIRECTION ( 'NONE',  ( -0.4999999999999921729, 0.000000000000000000, -0.8660254037844430375 ) ) ;
#21 = ORIENTED_EDGE ( 'NONE', *, *, #1003, .F. ) ;
#22 = CARTESIAN_POINT ( 'NONE',  ( -8.660254037844362429, 5.000000000000000000, -5.000000000000039080 ) ) ;
#23 = DIRECTION ( 'NONE',  ( 0.8660254037844432595, 0.000000000000000000, -0.4999999999999919509 ) ) ;
#24 = CARTESIAN_POINT ( 'NONE',  ( -0.7540028934874812849, 3.472294851695178597, 29.99069969885641385 ) ) ;
#25 = CARTESIAN_POINT ( 'NONE',  ( 2.893704619689551283, 3.701701194647238236, -0.7959436108632984563 ) ) ;
#26 = CARTESIAN_POINT ( 'NONE',  ( 25.31703866337333864, 6.123906020501194369, -16.09514565128095498 ) ) ;
#27 = EDGE_CURVE ( 'NONE', #952, #133, #489, .T. ) ;
#28 = ORIENTED_EDGE ( 'NONE', *, *, #246, .F. ) ;
#29 = AXIS2_PLACEMENT_3D ( 'NONE', #384, #88, #12 ) ;
#30 = AXIS2_PLACEMENT_3D ( 'NONE', #1084, #896, #152 ) ;
#31 = AXIS2_PLACEMENT_3D ( 'NONE', #44, #992, #138 ) ;
#32 = CARTESIAN_POINT ( 'NONE',  ( -1.684558748567598796, 4.241742691332696324, -2.483832119830224006 ) ) ;
#33 = DIRECTION ( 'NONE',  ( 0.000000000000000000, 0.000000000000000000, -1.000000000000000000 ) ) ;
#34 = VERTEX_POINT ( 'NONE', #402 ) ;
#35 = CARTESIAN_POINT ( 'NONE',  ( -3.000000000000000000, 4.999999999999999112, -1.268749748122103996E-14 ) ) ;
#36 = CARTESIAN_POINT ( 'NONE',  ( -2.014883988086942246, 3.810365379014526432, -2.224251598232002358 ) ) ;
#37 = CARTESIAN_POINT ( 'NONE',  ( 0.000000000000000000, 0.000000000000000000, -29.99999999999999645 ) ) ;
#38 = EDGE_LOOP ( 'NONE', ( #403, #587, #945, #1199 ) ) ;
#39 = EDGE_CURVE ( 'NONE', #952, #844, #522, .T. ) ;
#40 = CARTESIAN_POINT ( 'NONE',  ( -2.991920158478041714, 5.756886773778803423, -0.2278566013166792859 ) ) ;
#41 = DIRECTION ( 'NONE',  ( 0.8660254037844432595, -0.000000000000000000, -0.4999999999999920064 ) ) ;
#42 = CARTESIAN_POINT ( 'NONE',  ( 25.09507575243679511, 5.222812219204929995, -16.43890632184845302 ) ) ;
#43 = ORIENTED_EDGE ( 'NONE', *, *, #210, .F. ) ;
#44 = CARTESIAN_POINT ( 'NONE',  ( 8.660254037844431707, 5.000000000000000000, -4.999999999999919176 ) ) ;
#45 = AXIS2_PLACEMENT_3D ( 'NONE', #545, #816, #1203 ) ;
#46 = CARTESIAN_POINT ( 'NONE',  ( 2.320554506809576090, 6.421727015629271840, -1.903579347987729653 ) ) ;
#47 = LINE ( 'NONE', #910, #1032 ) ;
#48 = TOROIDAL_SURFACE ( 'NONE', #973, 0.8667504192891974935, 12.00000000000000000 ) ;
#49 = LINE ( 'NONE', #519, #1049 ) ;
#50 = ORIENTED_EDGE ( 'NONE', *, *, #615, .T. ) ;
#51 = CARTESIAN_POINT ( 'NONE',  ( 3.367778697655221307E-15, 12.00000000000000000, 27.50000000000000000 ) ) ;
#52 = CARTESIAN_POINT ( 'NONE',  ( -2.774050839549611958, 3.549328822999583632, -1.146389211766185579 ) ) ;
#53 = CARTESIAN_POINT ( 'NONE',  ( 1.489633060248832130, 5.202014536892198393, 2.604132669662432065 ) ) ;
#54 = EDGE_CURVE ( 'NONE', #431, #598, #966, .T. ) ;
#55 = DIRECTION ( 'NONE',  ( -0.000000000000000000, -1.000000000000000000, -0.000000000000000000 ) ) ;
#56 = ORIENTED_EDGE ( 'NONE', *, *, #962, .T. ) ;
#57 = CARTESIAN_POINT ( 'NONE',  ( 26.63419158731534964, 3.955590262002489421, -13.80740398026296845 ) ) ;
#58 = CARTESIAN_POINT ( 'NONE',  ( -0.9178966632838904127, 6.190344496282114584, 2.857363208540127264 ) ) ;
#59 = DIRECTION ( 'NONE',  ( 0.8660254037844432595, -0.000000000000000000, -0.4999999999999920064 ) ) ;
#60 = ORIENTED_EDGE ( 'NONE', *, *, #376, .T. ) ;
#61 = ADVANCED_FACE ( 'NONE', ( #1074 ), #674, .F. ) ;
#62 = CARTESIAN_POINT ( 'NONE',  ( 0.000000000000000000, 7.500000000000000000, 0.000000000000000000 ) ) ;
#63 = CARTESIAN_POINT ( 'NONE',  ( 26.69202507239391764, 4.145308584023696952, -13.69463350539126623 ) ) ;
#64 = CARTESIAN_POINT ( 'NONE',  ( 0.1999494148261314330, 6.489943522628342620, 2.994935113156032447 ) ) ;
#65 = CIRCLE ( 'NONE', #308, 1.699999999999999734 ) ;
#66 = LINE ( 'NONE', #258, #364 ) ;
#67 = ORIENTED_EDGE ( 'NONE', *, *, #172, .F. ) ;
#68 = AXIS2_PLACEMENT_3D ( 'NONE', #1182, #1072, #979 ) ;
#69 = CARTESIAN_POINT ( 'NONE',  ( -3.966267240887024549E-15, 3.499999999999941380, 3.000000000000029310 ) ) ;
#70 = CARTESIAN_POINT ( 'NONE',  ( 25.44781776654907546, 3.646966358519355467, -15.88764017607948631 ) ) ;
#71 = CARTESIAN_POINT ( 'NONE',  ( 3.673940397442059178E-15, 0.000000000000000000, 29.99999999999999645 ) ) ;
#72 = DIRECTION ( 'NONE',  ( 0.000000000000000000, 1.000000000000000000, 0.000000000000000000 ) ) ;
#73 = ORIENTED_EDGE ( 'NONE', *, *, #186, .T. ) ;
#74 = CARTESIAN_POINT ( 'NONE',  ( -25.86825187651971802, 3.311172932316358342, -15.19359571950791654 ) ) ;
#75 = EDGE_CURVE ( 'NONE', #239, #503, #108, .T. ) ;
#76 = CARTESIAN_POINT ( 'NONE',  ( 25.08901501599487815, 5.000000000000000000, -16.44814048843161203 ) ) ;
#77 = CARTESIAN_POINT ( 'NONE',  ( 1.421119323474282270, 4.510087833782697508, 2.642393432193892444 ) ) ;
#78 = CARTESIAN_POINT ( 'NONE',  ( 0.000000000000000000, 7.500000000000000000, 0.000000000000000000 ) ) ;
#79 = ORIENTED_EDGE ( 'NONE', *, *, #1076, .F. ) ;
#80 = CARTESIAN_POINT ( 'NONE',  ( -1.351768197260104998, 6.036813058913060637, 29.96959321143076593 ) ) ;
#81 = PLANE ( 'NONE',  #653 ) ;
#82 = DIRECTION ( 'NONE',  ( 0.000000000000000000, 0.000000000000000000, -1.000000000000000000 ) ) ;
#83 = DIRECTION ( 'NONE',  ( -0.8660254037844363761, -0.000000000000000000, -0.5000000000000039968 ) ) ;
#84 = EDGE_LOOP ( 'NONE', ( #490, #181, #931, #1075 ) ) ;
#85 = ORIENTED_EDGE ( 'NONE', *, *, #322, .F. ) ;
#86 = CIRCLE ( 'NONE', #264, 1.700000000000000400 ) ;
#87 = CARTESIAN_POINT ( 'NONE',  ( -1.500000000000000222, 5.000000000000000000, 9.999999999999998224 ) ) ;
#88 = DIRECTION ( 'NONE',  ( -0.000000000000000000, -0.000000000000000000, 1.000000000000000000 ) ) ;
#89 = CARTESIAN_POINT ( 'NONE',  ( -26.71093571792859578, 5.753998459568895107, -13.65751585933778145 ) ) ;
#90 = CARTESIAN_POINT ( 'NONE',  ( 2.869303492086508811, 3.655266152532663515, -0.8807483522516502683 ) ) ;
#91 = VERTEX_POINT ( 'NONE', #1167 ) ;
#92 = EDGE_CURVE ( 'NONE', #1122, #483, #11, .T. ) ;
#93 = ORIENTED_EDGE ( 'NONE', *, *, #987, .T. ) ;
#94 = CARTESIAN_POINT ( 'NONE',  ( -26.39567563092730751, 3.523845756497981263, -14.25751897880330077 ) ) ;
#95 = PRODUCT_DEFINITION ( 'UNKNOWN', '', #1129, #886 ) ;
#96 = CARTESIAN_POINT ( 'NONE',  ( -1.124057981608323376, 3.719848678708335576, 29.97903678874020983 ) ) ;
#97 = FACE_OUTER_BOUND ( 'NONE', #169, .T. ) ;
#98 = ORIENTED_EDGE ( 'NONE', *, *, #1152, .T. ) ;
#99 = ORIENTED_EDGE ( 'NONE', *, *, #638, .F. ) ;
#100 = ADVANCED_FACE ( 'NONE', ( #607 ), #48, .F. ) ;
#101 = CARTESIAN_POINT ( 'NONE',  ( -15.50000000000000000, 9.999999999999998224, -0.8667504192891974935 ) ) ;
#102 = CARTESIAN_POINT ( 'NONE',  ( 9.510254037844417141, 5.000000000000000000, -3.527756813566365501 ) ) ;
#103 = CARTESIAN_POINT ( 'NONE',  ( -26.09196650817618846, 6.699920694644185382, -14.80737935051355336 ) ) ;
#104 = B_SPLINE_CURVE_WITH_KNOTS ( 'NONE', 3,
 ( #877, #963, #42, #212, #496, #864, #859, #782, #26, #765, #977, #1065, #1157, #680, #592, #220, #873, #597, #777, #324, #1069, #423, #694, #233, #1202, #1197, #994, #809, #165, #986 ),
 .UNSPECIFIED., .F., .F.,
 ( 4, 2, 2, 2, 2, 2, 2, 2, 2, 2, 2, 2, 2, 2, 4 ),
 ( 0.000000000000000000, 0.0003322524973089535151, 0.0006645049946179070301, 0.0009967574919268605994, 0.001329009989235814060, 0.001993514983853718597, 0.002658019978471623350, 0.002990272475780573341, 0.003322524973089523333, 0.003654777470398472890, 0.003987029967707423316, 0.004319282465016373307, 0.004651534962325323298, 0.004983787459634273290, 0.005316039956943223281 ),
 .UNSPECIFIED. ) ;
#105 = CARTESIAN_POINT ( 'NONE',  ( 2.993341088792528470, 4.241742691332695436, -0.2169546105117360069 ) ) ;
#106 = ORIENTED_EDGE ( 'NONE', *, *, #1078, .T. ) ;
#107 = AXIS2_PLACEMENT_3D ( 'NONE', #876, #41, #422 ) ;
#108 = CIRCLE ( 'NONE', #1090, 0.8667504192891974935 ) ;
#109 = AXIS2_PLACEMENT_3D ( 'NONE', #407, #957, #113 ) ;
#110 = APPLICATION_PROTOCOL_DEFINITION ( 'draft international standard', 'automotive_design', 1998, #769 ) ;
#111 = CARTESIAN_POINT ( 'NONE',  ( -2.808825326881585926, 6.421727015629272728, -1.057869479769680376 ) ) ;
#112 = DIRECTION ( 'NONE',  ( 0.000000000000000000, 0.000000000000000000, -1.000000000000000000 ) ) ;
#113 = DIRECTION ( 'NONE',  ( 0.000000000000000000, 0.000000000000000000, -1.000000000000000000 ) ) ;
#114 = ORIENTED_EDGE ( 'NONE', *, *, #75, .F. ) ;
#115 = CARTESIAN_POINT ( 'NONE',  ( -15.50000000000000000, 11.99999999999999822, 0.000000000000000000 ) ) ;
#116 = CARTESIAN_POINT ( 'NONE',  ( 0.000000000000000000, 0.000000000000000000, 0.000000000000000000 ) ) ;
#117 = PLANE ( 'NONE',  #267 ) ;
#118 = EDGE_CURVE ( 'NONE', #91, #189, #104, .T. ) ;
#119 = B_SPLINE_CURVE_WITH_KNOTS ( 'NONE', 3,
 ( #1058, #672, #400, #758, #589, #1062, #1148, #298, #203, #856, #304, #316, #682, #870, #862, #763, #111, #1052, #209, #960, #775, #40, #595, #124, #498, #770, #780, #35 ),
 .UNSPECIFIED., .F., .F.,
 ( 4, 2, 2, 2, 2, 2, 2, 2, 2, 2, 2, 2, 2, 4 ),
 ( 0.004770895364085829884, 0.005068549236698973240, 0.005366203109312117463, 0.005961510854538405041, 0.006259164727151549264, 0.006556818599764693486, 0.007152126344990983667, 0.007449780217604128757, 0.007747434090217272980, 0.008342741835443562293, 0.008640395708056705648, 0.008938049580669850738, 0.009235703453282995828, 0.009533357325896139184 ),
 .UNSPECIFIED. ) ;
#120 = DIRECTION ( 'NONE',  ( 0.000000000000000000, 0.000000000000000000, -1.000000000000000000 ) ) ;
#121 = DIRECTION ( 'NONE',  ( 0.8660254037844432595, 0.000000000000000000, -0.4999999999999919509 ) ) ;
#122 = ORIENTED_EDGE ( 'NONE', *, *, #928, .T. ) ;
#123 = EDGE_CURVE ( 'NONE', #1108, #300, #47, .T. ) ;
#124 = CARTESIAN_POINT ( 'NONE',  ( -2.998937426342106249, 5.489808689753764348, -0.09045615477881617517 ) ) ;
#125 = CARTESIAN_POINT ( 'NONE',  ( -2.937224618255032560, 3.803697068925381508, -0.6275652677928031942 ) ) ;
#126 = DIRECTION ( 'NONE',  ( 0.000000000000000000, 0.000000000000000000, -1.000000000000000000 ) ) ;
#127 = EDGE_LOOP ( 'NONE', ( #195, #424, #685, #832, #613 ) ) ;
#128 = AXIS2_PLACEMENT_3D ( 'NONE', #78, #1015, #447 ) ;
#129 = DIRECTION ( 'NONE',  ( 0.000000000000000000, 0.000000000000000000, -1.000000000000000000 ) ) ;
#130 = CIRCLE ( 'NONE', #367, 1.700000000000000400 ) ;
#131 = DIRECTION ( 'NONE',  ( 0.000000000000000000, 0.000000000000000000, -1.000000000000000000 ) ) ;
#132 = DIRECTION ( 'NONE',  ( -0.000000000000000000, -1.000000000000000000, -0.000000000000000000 ) ) ;
#133 = VERTEX_POINT ( 'NONE', #543 ) ;
#134 = CARTESIAN_POINT ( 'NONE',  ( -15.50000000000000000, 9.999999999999998224, 0.000000000000000000 ) ) ;
#135 = CARTESIAN_POINT ( 'NONE',  ( -2.693489055453707870, 3.510023108534554570, -1.324644478118899293 ) ) ;
#136 = CARTESIAN_POINT ( 'NONE',  ( 3.673940429370284505E-15, 6.700000000000000178, 29.99999999999999645 ) ) ;
#137 = EDGE_LOOP ( 'NONE', ( #917, #1128, #938, #149 ) ) ;
#138 = DIRECTION ( 'NONE',  ( -0.4999999999999917843, 0.000000000000000000, -0.8660254037844433705 ) ) ;
#139 = CARTESIAN_POINT ( 'NONE',  ( -3.000000000000000000, 4.899009013641727250, -1.279570321769708334E-14 ) ) ;
#140 = CARTESIAN_POINT ( 'NONE',  ( -1.345025372029432509, 5.671323747037943619, 2.681932659631431015 ) ) ;
#141 = ORIENTED_EDGE ( 'NONE', *, *, #712, .F. ) ;
#142 = UNCERTAINTY_MEASURE_WITH_UNIT (LENGTH_MEASURE( 1.000000000000000082E-05 ), #1083, 'distance_accuracy_value', 'NONE');
#143 = CIRCLE ( 'NONE', #805, 3.000000000000000000 ) ;
#144 = EDGE_CURVE ( 'NONE', #844, #598, #344, .T. ) ;
#145 = VECTOR ( 'NONE', #158, 1000.000000000000000 ) ;
#146 = CARTESIAN_POINT ( 'NONE',  ( -2.998941238507008222, 4.510280675208584888, -0.09039854536812851060 ) ) ;
#147 = CARTESIAN_POINT ( 'NONE',  ( 1.421214276447248182, 5.489557464994510028, 2.642338787387525922 ) ) ;
#148 = B_SPLINE_CURVE_WITH_KNOTS ( 'NONE', 3,
 ( #1135, #5, #373, #198, #77, #820, #849, #457, #835, #292, #363, #661, #733, #755 ),
 .UNSPECIFIED., .F., .F.,
 ( 4, 2, 2, 2, 2, 2, 4 ),
 ( 0.000000000000000000, 0.0002983029557958317133, 0.0005966059115916634266, 0.001193211823183328805, 0.001789817734774993858, 0.002088120690570825951, 0.002386423646366658043 ),
 .UNSPECIFIED. ) ;
#149 = ORIENTED_EDGE ( 'NONE', *, *, #1161, .T. ) ;
#150 = LINE ( 'NONE', #708, #1011 ) ;
#151 = B_SPLINE_CURVE_WITH_KNOTS ( 'NONE', 3,
 ( #901, #827, #1093, #63, #57, #437, #444, #808, #993, #1196, #527, #164, #548, #800, #250, #620, #909, #70, #451, #914, #814, #721, #262, #76 ),
 .UNSPECIFIED., .F., .F.,
 ( 4, 2, 2, 2, 2, 2, 2, 2, 2, 2, 2, 4 ),
 ( 0.005316039956943223281, 0.005980393093468774034, 0.006644746229994325654, 0.006976922798257100163, 0.007309099366519874671, 0.007641275934782648313, 0.007973452503045423689, 0.008637805639570962299, 0.008969982207833729002, 0.009302158776096497439, 0.009966511912622030844, 0.01063086504914756598 ),
 .UNSPECIFIED. ) ;
#152 = DIRECTION ( 'NONE',  ( 0.000000000000000000, 0.000000000000000000, -1.000000000000000000 ) ) ;
#153 = ADVANCED_FACE ( 'NONE', ( #429 ), #699, .F. ) ;
#154 = DIRECTION ( 'NONE',  ( -0.000000000000000000, -1.000000000000000000, -0.000000000000000000 ) ) ;
#155 = DIRECTION ( 'NONE',  ( 0.000000000000000000, 0.000000000000000000, -1.000000000000000000 ) ) ;
#156 = VERTEX_POINT ( 'NONE', #704 ) ;
#157 = CARTESIAN_POINT ( 'NONE',  ( 3.673940397442059868E-16, 9.000000000000000000, 3.000000000000000000 ) ) ;
#158 = DIRECTION ( 'NONE',  ( -0.000000000000000000, -1.000000000000000000, -0.000000000000000000 ) ) ;
#159 = CARTESIAN_POINT ( 'NONE',  ( -0.1987043600117067155, 6.500000000000000888, 3.000000000000000888 ) ) ;
#160 = PLANE ( 'NONE',  #1109 ) ;
#161 = VERTEX_POINT ( 'NONE', #535 ) ;
#162 = CARTESIAN_POINT ( 'NONE',  ( -1.500000000000000222, 5.000000000000000000, 2.598076211353316456 ) ) ;
#163 = AXIS2_PLACEMENT_3D ( 'NONE', #710, #1207, #1005 ) ;
#164 = CARTESIAN_POINT ( 'NONE',  ( 26.09216580618429049, 3.311172932316358342, -14.80576541680646407 ) ) ;
#165 = CARTESIAN_POINT ( 'NONE',  ( 26.78901501599485613, 5.110962085291245849, -13.50365411556451178 ) ) ;
#166 = PRODUCT_DEFINITION_SHAPE ( 'NONE', 'NONE',  #95 ) ;
#167 = AXIS2_PLACEMENT_3D ( 'NONE', #693, #1201, #355 ) ;
#168 = DIRECTION ( 'NONE',  ( -0.8660254037844363761, -0.000000000000000000, -0.5000000000000039968 ) ) ;
#169 = EDGE_LOOP ( 'NONE', ( #582, #60, #216, #408, #978, #648, #964 ) ) ;
#170 = B_SPLINE_CURVE_WITH_KNOTS ( 'NONE', 3,
 ( #69, #792, #442, #692, #879, #332, #450, #798, #626, #162 ),
 .UNSPECIFIED., .F., .F.,
 ( 4, 2, 2, 2, 4 ),
 ( 0.002386423646366658043, 0.002982541575796451763, 0.003578659505226245915, 0.004174777434656038767, 0.004770895364085831619 ),
 .UNSPECIFIED. ) ;
#171 = CARTESIAN_POINT ( 'NONE',  ( -25.70191377552998802, 3.387341293596934033, -15.47327371343644131 ) ) ;
#172 = EDGE_CURVE ( 'NONE', #466, #431, #625, .T. ) ;
#173 = DIRECTION ( 'NONE',  ( 1.000000000000000000, 0.000000000000000000, 0.000000000000000000 ) ) ;
#174 = CARTESIAN_POINT ( 'NONE',  ( 9.410254037844419273, 5.000000000000000000, -3.700961894323253620 ) ) ;
#175 = DIRECTION ( 'NONE',  ( -0.8660254037844362651, -0.000000000000000000, -0.5000000000000039968 ) ) ;
#176 = ORIENTED_EDGE ( 'NONE', *, *, #1159, .T. ) ;
#177 = CARTESIAN_POINT ( 'NONE',  ( -1.281381997281736629, 6.122786723575700307, 29.97272703099461566 ) ) ;
#178 = CARTESIAN_POINT ( 'NONE',  ( 0.000000000000000000, 2.000000000000000000, 0.000000000000000000 ) ) ;
#179 = CARTESIAN_POINT ( 'NONE',  ( -25.11895491143718928, 5.441535427734783603, -16.40239549440730826 ) ) ;
#180 = DIRECTION ( 'NONE',  ( 0.000000000000000000, -0.000000000000000000, 1.000000000000000000 ) ) ;
#181 = ORIENTED_EDGE ( 'NONE', *, *, #871, .T. ) ;
#182 = ORIENTED_EDGE ( 'NONE', *, *, #260, .T. ) ;
#183 = CARTESIAN_POINT ( 'NONE',  ( 3.673940398085638726E-15, 3.299999999999999822, 29.99999999999999645 ) ) ;
#184 = CARTESIAN_POINT ( 'NONE',  ( 0.000000000000000000, 9.000000000000000000, -3.000000000000000000 ) ) ;
#185 = CARTESIAN_POINT ( 'NONE',  ( -26.68711679015373761, 5.851641199669859184, -13.70407283593447190 ) ) ;
#186 = EDGE_CURVE ( 'NONE', #1016, #1174, #1206, .T. ) ;
#187 = CYLINDRICAL_SURFACE ( 'NONE', #45, 29.99999999999999645 ) ;
#188 = ORIENTED_EDGE ( 'NONE', *, *, #538, .F. ) ;
#189 = VERTEX_POINT ( 'NONE', #263 ) ;
#190 = AXIS2_PLACEMENT_3D ( 'NONE', #228, #132, #1060 ) ;
#191 = CARTESIAN_POINT ( 'NONE',  ( -1.036866736821926871, 6.351729268205160039, 29.98221793331744678 ) ) ;
#192 = CARTESIAN_POINT ( 'NONE',  ( -26.39848051228808856, 6.485736674537225355, -14.25349432855905718 ) ) ;
#193 = EDGE_CURVE ( 'NONE', #161, #1016, #297, .T. ) ;
#194 = FACE_OUTER_BOUND ( 'NONE', #341, .T. ) ;
#195 = ORIENTED_EDGE ( 'NONE', *, *, #378, .T. ) ;
#196 = ORIENTED_EDGE ( 'NONE', *, *, #799, .F. ) ;
#197 = CARTESIAN_POINT ( 'NONE',  ( -0.5474474909538914469, 6.613289753113369862, 29.99518117482845625 ) ) ;
#198 = CARTESIAN_POINT ( 'NONE',  ( 1.450725972813571296, 4.606065497351692350, 2.626004403692745459 ) ) ;
#199 = CARTESIAN_POINT ( 'NONE',  ( 1.685662585178172135, 4.239394284888562403, -2.483107618493594959 ) ) ;
#200 = CARTESIAN_POINT ( 'NONE',  ( 0.000000000000000000, 7.500000000000000000, -29.99999999999999645 ) ) ;
#201 = CARTESIAN_POINT ( 'NONE',  ( 3.367778697655221307E-15, 7.500000000000000000, 27.50000000000000000 ) ) ;
#202 =( LENGTH_UNIT ( ) NAMED_UNIT ( * ) SI_UNIT ( .MILLI., .METRE. ) );
#203 = CARTESIAN_POINT ( 'NONE',  ( -2.015150526488160843, 6.189895129192547252, -2.224008602409949464 ) ) ;
#204 = DIRECTION ( 'NONE',  ( 0.000000000000000000, -1.000000000000000000, -0.000000000000000000 ) ) ;
#205 = EDGE_LOOP ( 'NONE', ( #1138, #983, #618, #923 ) ) ;
#206 = VECTOR ( 'NONE', #1118, 1000.000000000000000 ) ;
#207 = ORIENTED_EDGE ( 'NONE', *, *, #839, .T. ) ;
#208 = AXIS2_PLACEMENT_3D ( 'NONE', #1068, #1166, #227 ) ;
#209 = CARTESIAN_POINT ( 'NONE',  ( -2.937145855152964113, 6.196960430473716919, -0.6281673130912124314 ) ) ;
#210 = EDGE_CURVE ( 'NONE', #1174, #930, #148, .T. ) ;
#211 = CARTESIAN_POINT ( 'NONE',  ( 2.893629179659172213, 6.298452731431841478, -0.7962135885702705806 ) ) ;
#212 = CARTESIAN_POINT ( 'NONE',  ( 25.11876016693120661, 5.440133415774180747, -16.40269355182985223 ) ) ;
#213 = EDGE_LOOP ( 'NONE', ( #56, #912, #93, #1121 ) ) ;
#214 = CARTESIAN_POINT ( 'NONE',  ( -1.785943609606055693, 4.077489553730796246, -2.414857151803963209 ) ) ;
#215 = CARTESIAN_POINT ( 'NONE',  ( 1.699999999999999956, 5.000000000000000000, 29.95179460399659988 ) ) ;
#216 = ORIENTED_EDGE ( 'NONE', *, *, #193, .F. ) ;
#217 = DIRECTION ( 'NONE',  ( 0.8660254037844432595, -0.000000000000000000, -0.4999999999999918954 ) ) ;
#218 = CARTESIAN_POINT ( 'NONE',  ( 2.012581778540498689, 6.196960430473719583, -2.229559268637020253 ) ) ;
#219 = EDGE_CURVE ( 'NONE', #817, #1035, #1177, .T. ) ;
#220 = CARTESIAN_POINT ( 'NONE',  ( 26.19862955845068342, 6.645561358772432925, -14.61655561892244926 ) ) ;
#221 = EDGE_LOOP ( 'NONE', ( #196, #1022, #1158, #1066 ) ) ;
#222 = AXIS2_PLACEMENT_3D ( 'NONE', #284, #23, #746 ) ;
#223 = ADVANCED_FACE ( 'NONE', ( #1143, #554 ), #470, .T. ) ;
#224 = AXIS2_PLACEMENT_3D ( 'NONE', #525, #55, #155 ) ;
#225 = FACE_BOUND ( 'NONE', #448, .T. ) ;
#226 = AXIS2_PLACEMENT_3D ( 'NONE', #1200, #645, #564 ) ;
#227 = DIRECTION ( 'NONE',  ( 1.000000000000000000, 0.000000000000000000, 0.000000000000000000 ) ) ;
#228 = CARTESIAN_POINT ( 'NONE',  ( 0.000000000000000000, 2.000000000000000000, 0.000000000000000000 ) ) ;
#229 = EDGE_CURVE ( 'NONE', #743, #817, #927, .T. ) ;
#230 = VERTEX_POINT ( 'NONE', #174 ) ;
#231 = DIRECTION ( 'NONE',  ( 0.000000000000000000, 1.000000000000000000, 0.000000000000000000 ) ) ;
#232 = FACE_OUTER_BOUND ( 'NONE', #84, .T. ) ;
#233 = CARTESIAN_POINT ( 'NONE',  ( 26.68677231014461526, 5.852897367330078815, -13.70474302597021854 ) ) ;
#234 = EDGE_LOOP ( 'NONE', ( #207, #609, #830, #757 ) ) ;
#235 = SURFACE_STYLE_USAGE ( .BOTH. , #610 ) ;
#236 = DIRECTION ( 'NONE',  ( 0.000000000000000000, 0.000000000000000000, -1.000000000000000000 ) ) ;
#237 = CARTESIAN_POINT ( 'NONE',  ( 0.9251481881085983350, 6.196490275704311657, 2.857530359809959730 ) ) ;
#238 = DIRECTION ( 'NONE',  ( 0.000000000000000000, 0.000000000000000000, -1.000000000000000000 ) ) ;
#239 = VERTEX_POINT ( 'NONE', #828 ) ;
#240 = AXIS2_PLACEMENT_3D ( 'NONE', #399, #303, #754 ) ;
#241 = EDGE_CURVE ( 'NONE', #388, #466, #888, .T. ) ;
#242 = CIRCLE ( 'NONE', #30, 27.50000000000000000 ) ;
#243 = CARTESIAN_POINT ( 'NONE',  ( 1.500000000000024425, 4.999999999999999112, -2.598076211353301801 ) ) ;
#244 = CARTESIAN_POINT ( 'NONE',  ( -1.298703929936775525, 5.756782039758618907, 2.704974185936726006 ) ) ;
#245 =( GEOMETRIC_REPRESENTATION_CONTEXT ( 3 ) GLOBAL_UNCERTAINTY_ASSIGNED_CONTEXT ( ( #142 ) ) GLOBAL_UNIT_ASSIGNED_CONTEXT ( ( #1083, #540, #895 ) ) REPRESENTATION_CONTEXT ( 'NONE', 'WORKASPACE' ) );
#246 = EDGE_CURVE ( 'NONE', #681, #1030, #119, .T. ) ;
#247 = DIRECTION ( 'NONE',  ( -0.000000000000000000, -1.000000000000000000, -0.000000000000000000 ) ) ;
#248 = ORIENTED_EDGE ( 'NONE', *, *, #319, .F. ) ;
#249 = FACE_OUTER_BOUND ( 'NONE', #477, .T. ) ;
#250 = CARTESIAN_POINT ( 'NONE',  ( 25.75673287430464597, 3.343808595194971200, -15.38288720729974024 ) ) ;
#251 = CARTESIAN_POINT ( 'NONE',  ( -1.128469892060347535, 5.992897236153034157, 2.780623483899987480 ) ) ;
#252 = LINE ( 'NONE', #555, #580 ) ;
#253 = ORIENTED_EDGE ( 'NONE', *, *, #319, .T. ) ;
#254 = CYLINDRICAL_SURFACE ( 'NONE', #68, 1.500000000000000222 ) ;
#255 = DIRECTION ( 'NONE',  ( -0.8660254037844363761, -0.000000000000000000, -0.5000000000000039968 ) ) ;
#256 = DIRECTION ( 'NONE',  ( -0.5000000000000039968, 0.000000000000000000, 0.8660254037844363761 ) ) ;
#257 = EDGE_CURVE ( 'NONE', #347, #156, #563, .T. ) ;
#258 = CARTESIAN_POINT ( 'NONE',  ( 1.699999999999999956, 5.000000000000000000, 9.999999999999998224 ) ) ;
#259 = ORIENTED_EDGE ( 'NONE', *, *, #678, .T. ) ;
#260 = EDGE_CURVE ( 'NONE', #1096, #189, #584, .T. ) ;
#261 = CARTESIAN_POINT ( 'NONE',  ( -1.645438339444867948, 5.441437416962623175, 29.95484945787525888 ) ) ;
#262 = CARTESIAN_POINT ( 'NONE',  ( 25.08901501599487815, 4.775357016042951486, -16.44814048843161203 ) ) ;
#263 = CARTESIAN_POINT ( 'NONE',  ( 26.78901501599485258, 5.000000000000000000, -13.50365411556450468 ) ) ;
#264 = AXIS2_PLACEMENT_3D ( 'NONE', #911, #629, #821 ) ;
#265 = DIRECTION ( 'NONE',  ( 0.000000000000000000, 0.000000000000000000, -1.000000000000000000 ) ) ;
#266 = ORIENTED_EDGE ( 'NONE', *, *, #409, .F. ) ;
#267 = AXIS2_PLACEMENT_3D ( 'NONE', #311, #494, #417 ) ;
#268 = AXIS2_PLACEMENT_3D ( 'NONE', #762, #1153, #588 ) ;
#269 = CARTESIAN_POINT ( 'NONE',  ( 0.000000000000000000, 2.000000000000000000, -7.500000000000000000 ) ) ;
#270 = DIRECTION ( 'NONE',  ( -0.000000000000000000, -1.000000000000000000, -0.000000000000000000 ) ) ;
#271 = CARTESIAN_POINT ( 'NONE',  ( -25.27862720012046438, 6.037014471995671094, -16.15533362758906577 ) ) ;
#272 = DIRECTION ( 'NONE',  ( -0.4999999999999919509, 0.000000000000000000, -0.8660254037844432595 ) ) ;
#273 = PLANE ( 'NONE',  #412 ) ;
#274 = ORIENTED_EDGE ( 'NONE', *, *, #315, .F. ) ;
#275 = ADVANCED_FACE ( 'NONE', ( #955, #225 ), #117, .T. ) ;
#276 = CARTESIAN_POINT ( 'NONE',  ( -15.50000000000000000, 9.999999999999998224, 0.000000000000000000 ) ) ;
#277 = DIRECTION ( 'NONE',  ( 0.000000000000000000, 0.000000000000000000, -1.000000000000000000 ) ) ;
#278 = CARTESIAN_POINT ( 'NONE',  ( -25.08901501599465078, 5.000000000000000000, -16.44814048843196019 ) ) ;
#279 = CARTESIAN_POINT ( 'NONE',  ( -26.78901501599466428, 5.000000000000000000, -13.50365411556487771 ) ) ;
#280 = CARTESIAN_POINT ( 'NONE',  ( 8.660254037844431707, 5.000000000000000000, -4.999999999999918288 ) ) ;
#281 = VERTEX_POINT ( 'NONE', #1154 ) ;
#282 = DIRECTION ( 'NONE',  ( 0.000000000000000000, 1.000000000000000000, 0.000000000000000000 ) ) ;
#283 = ADVANCED_FACE ( 'NONE', ( #1165 ), #504, .F. ) ;
#284 = CARTESIAN_POINT ( 'NONE',  ( 8.660254037844431707, 5.000000000000000000, -4.999999999999919176 ) ) ;
#285 = CARTESIAN_POINT ( 'NONE',  ( -1.700000000000000400, 4.778011723073281480, 29.95179460399659988 ) ) ;
#286 = AXIS2_PLACEMENT_3D ( 'NONE', #116, #4, #1038 ) ;
#287 = CYLINDRICAL_SURFACE ( 'NONE', #1009, 3.000000000000000000 ) ;
#288 = ORIENTED_EDGE ( 'NONE', *, *, #1078, .F. ) ;
#289 = CLOSED_SHELL ( 'NONE', ( #590, #932, #894, #397, #1116, #1024, #283, #921, #813, #61, #857, #1063, #875, #275, #1100, #906, #223, #2, #1187, #707, #301, #100, #965, #517, #368, #337, #1092, #153, #568, #972, #778 ) ) ;
#290 = CARTESIAN_POINT ( 'NONE',  ( -25.40027996975006275, 3.720345976626408202, -15.96345573503162640 ) ) ;
#291 = DIRECTION ( 'NONE',  ( 0.8660254037844432595, 0.000000000000000000, -0.4999999999999919509 ) ) ;
#292 = CARTESIAN_POINT ( 'NONE',  ( 0.4897361239288609558, 3.578830311316406831, 2.961183781437842555 ) ) ;
#293 = LINE ( 'NONE', #764, #748 ) ;
#294 = ORIENTED_EDGE ( 'NONE', *, *, #241, .T. ) ;
#295 = ORIENTED_EDGE ( 'NONE', *, *, #962, .F. ) ;
#296 = LINE ( 'NONE', #847, #544 ) ;
#297 = B_SPLINE_CURVE_WITH_KNOTS ( 'NONE', 3,
 ( #435, #1006, #1184, #1085, #981, #140, #244, #897, #251, #351, #58, #717, #438, #622, #159, #915 ),
 .UNSPECIFIED., .F., .F.,
 ( 4, 2, 2, 2, 2, 2, 2, 4 ),
 ( 0.004770895364085831619, 0.005068710462286200348, 0.005366525560486569077, 0.005664340658686938673, 0.005962155756887307402, 0.006259970855087676131, 0.006557785953288044860, 0.007153416149688784052 ),
 .UNSPECIFIED. ) ;
#298 = CARTESIAN_POINT ( 'NONE',  ( -1.956235678951217416, 6.128703884522691325, -2.275619472899026885 ) ) ;
#299 = CARTESIAN_POINT ( 'NONE',  ( 7.910254037844443253, 5.000000000000000000, -6.299038105676583399 ) ) ;
#300 = VERTEX_POINT ( 'NONE', #505 ) ;
#301 = ADVANCED_FACE ( 'NONE', ( #601 ), #975, .T. ) ;
#302 = VERTEX_POINT ( 'NONE', #51 ) ;
#303 = DIRECTION ( 'NONE',  ( -0.000000000000000000, -1.000000000000000000, -0.000000000000000000 ) ) ;
#304 = CARTESIAN_POINT ( 'NONE',  ( -2.198551288446824348, 6.345488098058874371, -2.043229130383811931 ) ) ;
#305 = FACE_BOUND ( 'NONE', #1186, .T. ) ;
#306 = DIRECTION ( 'NONE',  ( -0.000000000000000000, -1.000000000000000000, -0.000000000000000000 ) ) ;
#307 = EDGE_LOOP ( 'NONE', ( #274, #551, #420, #1146 ) ) ;
#308 = AXIS2_PLACEMENT_3D ( 'NONE', #357, #374, #272 ) ;
#309 = FACE_BOUND ( 'NONE', #944, .T. ) ;
#310 = PRESENTATION_LAYER_ASSIGNMENT (  '', '', ( #1193 ) ) ;
#311 = CARTESIAN_POINT ( 'NONE',  ( 0.000000000000000000, 2.000000000000000000, -7.500000000000000000 ) ) ;
#312 = CARTESIAN_POINT ( 'NONE',  ( 2.984139564712560588, 5.924339634321991177, -0.3407625661263755656 ) ) ;
#313 = CARTESIAN_POINT ( 'NONE',  ( -15.50000000000000000, 9.999999999999998224, 0.000000000000000000 ) ) ;
#314 = ORIENTED_EDGE ( 'NONE', *, *, #144, .F. ) ;
#315 = EDGE_CURVE ( 'NONE', #281, #743, #130, .T. ) ;
#316 = CARTESIAN_POINT ( 'NONE',  ( -2.379626936757782918, 6.458732603962941354, -1.836035901222379696 ) ) ;
#317 = CARTESIAN_POINT ( 'NONE',  ( -1.499999999999988232, 4.801053823005597465, -2.598076211353323117 ) ) ;
#318 = CARTESIAN_POINT ( 'NONE',  ( 1.688967626959664958, 5.222862608233040049, 29.95242656044440821 ) ) ;
#319 = EDGE_CURVE ( 'NONE', #899, #230, #751, .T. ) ;
#320 = ORIENTED_EDGE ( 'NONE', *, *, #432, .T. ) ;
#321 = DIRECTION ( 'NONE',  ( -0.000000000000000000, -1.000000000000000000, -0.000000000000000000 ) ) ;
#322 = EDGE_CURVE ( 'NONE', #604, #302, #676, .T. ) ;
#323 = CARTESIAN_POINT ( 'NONE',  ( 2.137683475751483542, 6.307543912381432527, -2.112974105411032699 ) ) ;
#324 = CARTESIAN_POINT ( 'NONE',  ( 26.48366440488472762, 6.351945864876312520, -14.09340310344450131 ) ) ;
#325 = VERTEX_POINT ( 'NONE', #157 ) ;
#326 = CIRCLE ( 'NONE', #224, 27.50000000000000000 ) ;
#327 = DIRECTION ( 'NONE',  ( 0.000000000000000000, 0.000000000000000000, -1.000000000000000000 ) ) ;
#328 = CARTESIAN_POINT ( 'NONE',  ( -3.000000000000000000, 4.999999999999999112, -1.268749748122103996E-14 ) ) ;
#329 = CARTESIAN_POINT ( 'NONE',  ( 1.280102136784597056, 6.124117450715465871, 29.97277937760110689 ) ) ;
#330 = CARTESIAN_POINT ( 'NONE',  ( 3.673940429370284505E-15, 6.700000000000000178, 29.99999999999999645 ) ) ;
#331 = ORIENTED_EDGE ( 'NONE', *, *, #1159, .F. ) ;
#332 = CARTESIAN_POINT ( 'NONE',  ( -1.198588839784446414, 4.077809365786530194, 2.753994382451423029 ) ) ;
#333 = DIRECTION ( 'NONE',  ( -0.000000000000000000, -1.000000000000000000, -0.000000000000000000 ) ) ;
#334 = CARTESIAN_POINT ( 'NONE',  ( 3.673716643215054566E-16, 6.500000000000000888, 3.000000000000000000 ) ) ;
#335 = CARTESIAN_POINT ( 'NONE',  ( 0.000000000000000000, 9.000000000000000000, 0.000000000000000000 ) ) ;
#336 = ORIENTED_EDGE ( 'NONE', *, *, #723, .T. ) ;
#337 = ADVANCED_FACE ( 'NONE', ( #900 ), #806, .F. ) ;
#338 = DIRECTION ( 'NONE',  ( 0.000000000000000000, 0.000000000000000000, -1.000000000000000000 ) ) ;
#339 = CARTESIAN_POINT ( 'NONE',  ( 1.649497414040876464, 5.669846744458488352, -2.506185604484481910 ) ) ;
#340 = CARTESIAN_POINT ( 'NONE',  ( 1.500000000000000222, 5.000000000000000000, 2.598076211353316012 ) ) ;
#341 = EDGE_LOOP ( 'NONE', ( #1082, #99, #484, #415, #865, #43, #513 ) ) ;
#342 = CARTESIAN_POINT ( 'NONE',  ( -8.660254037844362429, 5.000000000000000000, -5.000000000000039080 ) ) ;
#343 = CARTESIAN_POINT ( 'NONE',  ( -15.50000000000000000, 22.00000000000000000, -0.8667504192891974935 ) ) ;
#344 = LINE ( 'NONE', #71, #907 ) ;
#345 = AXIS2_PLACEMENT_3D ( 'NONE', #1176, #1169, #327 ) ;
#346 = DIRECTION ( 'NONE',  ( -0.000000000000000000, -1.000000000000000000, -0.000000000000000000 ) ) ;
#347 = VERTEX_POINT ( 'NONE', #433 ) ;
#348 = DIRECTION ( 'NONE',  ( 0.000000000000000000, -0.000000000000000000, 1.000000000000000000 ) ) ;
#349 = EDGE_CURVE ( 'NONE', #526, #7, #1110, .T. ) ;
#350 = DIRECTION ( 'NONE',  ( 0.000000000000000000, 0.000000000000000000, 1.000000000000000000 ) ) ;
#351 = CARTESIAN_POINT ( 'NONE',  ( -0.9921202470488668101, 6.129153060591310265, 2.832138533316916451 ) ) ;
#352 = CARTESIAN_POINT ( 'NONE',  ( 1.500000000000000222, 5.000000000000000000, 1.999999999999998224 ) ) ;
#353 = ORIENTED_EDGE ( 'NONE', *, *, #1000, .F. ) ;
#354 = DIRECTION ( 'NONE',  ( -1.445602896647339163E-16, 0.000000000000000000, -1.000000000000000000 ) ) ;
#355 = DIRECTION ( 'NONE',  ( -0.5000000000000038858, 0.000000000000000000, 0.8660254037844364872 ) ) ;
#356 = CARTESIAN_POINT ( 'NONE',  ( 0.09924460914285632152, 6.500000000000000888, 3.000000000000000000 ) ) ;
#357 = CARTESIAN_POINT ( 'NONE',  ( 8.660254037844431707, 5.000000000000000000, -4.999999999999919176 ) ) ;
#358 = ORIENTED_EDGE ( 'NONE', *, *, #745, .T. ) ;
#359 = AXIS2_PLACEMENT_3D ( 'NONE', #616, #372, #362 ) ;
#360 = CARTESIAN_POINT ( 'NONE',  ( -26.78901501599466428, 5.000000000000000000, -13.50365411556487771 ) ) ;
#361 = CIRCLE ( 'NONE', #222, 1.699999999999999734 ) ;
#362 = DIRECTION ( 'NONE',  ( 1.000000000000000000, 0.000000000000000000, 0.000000000000000000 ) ) ;
#363 = CARTESIAN_POINT ( 'NONE',  ( 0.3934343155496998201, 3.549112136514789739, 2.975698992973313750 ) ) ;
#364 = VECTOR ( 'NONE', #713, 1000.000000000000000 ) ;
#365 = FACE_OUTER_BOUND ( 'NONE', #221, .T. ) ;
#366 = ORIENTED_EDGE ( 'NONE', *, *, #144, .T. ) ;
#367 = AXIS2_PLACEMENT_3D ( 'NONE', #342, #532, #521 ) ;
#368 = ADVANCED_FACE ( 'NONE', ( #1098 ), #254, .F. ) ;
#369 = AXIS2_PLACEMENT_3D ( 'NONE', #115, #1086, #982 ) ;
#370 = DIRECTION ( 'NONE',  ( -0.000000000000000000, -0.000000000000000000, 1.000000000000000000 ) ) ;
#371 = CIRCLE ( 'NONE', #369, 7.500000000000000000 ) ;
#372 = DIRECTION ( 'NONE',  ( 0.000000000000000000, 0.000000000000000000, 1.000000000000000000 ) ) ;
#373 = CARTESIAN_POINT ( 'NONE',  ( 1.489901466034770028, 4.800040348869838880, 2.603977457259762485 ) ) ;
#374 = DIRECTION ( 'NONE',  ( 0.8660254037844432595, 0.000000000000000000, -0.4999999999999919509 ) ) ;
#375 = ORIENTED_EDGE ( 'NONE', *, *, #621, .T. ) ;
#376 = EDGE_CURVE ( 'NONE', #325, #1016, #150, .T. ) ;
#377 = CARTESIAN_POINT ( 'NONE',  ( -25.54416542943550894, 3.524985082554124904, -15.73226489882649837 ) ) ;
#378 = EDGE_CURVE ( 'NONE', #930, #161, #170, .T. ) ;
#379 = DIRECTION ( 'NONE',  ( 0.8660254037844432595, -0.000000000000000000, -0.4999999999999918954 ) ) ;
#380 = CARTESIAN_POINT ( 'NONE',  ( -25.75762326104043609, 6.645561358772432925, -15.38040093249483675 ) ) ;
#381 = CARTESIAN_POINT ( 'NONE',  ( 2.999545596023756033, 5.394750568937965340, -0.05687784821528410473 ) ) ;
#382 = ORIENTED_EDGE ( 'NONE', *, *, #839, .F. ) ;
#383 = DIRECTION ( 'NONE',  ( 0.000000000000000000, 0.000000000000000000, 1.000000000000000000 ) ) ;
#384 = CARTESIAN_POINT ( 'NONE',  ( 0.000000000000000000, 5.000000000000000000, 1.999999999999998224 ) ) ;
#385 = CARTESIAN_POINT ( 'NONE',  ( -26.63046236657360311, 6.036432619894476659, -13.81384410677962293 ) ) ;
#386 = CARTESIAN_POINT ( 'NONE',  ( 3.000000000000000444, 4.801053823005596577, 2.852637559763033313E-14 ) ) ;
#387 = EDGE_LOOP ( 'NONE', ( #509, #714, #73, #1043, #562 ) ) ;
#388 = VERTEX_POINT ( 'NONE', #702 ) ;
#389 = CIRCLE ( 'NONE', #926, 12.00000000000000000 ) ;
#390 = DIRECTION ( 'NONE',  ( 1.000000000000000000, 0.000000000000000000, -0.000000000000000000 ) ) ;
#391 = CYLINDRICAL_SURFACE ( 'NONE', #240, 27.50000000000000000 ) ;
#392 = CARTESIAN_POINT ( 'NONE',  ( -25.09512652735190130, 5.223659068729073596, -16.43882898426670636 ) ) ;
#393 = B_SPLINE_CURVE_WITH_KNOTS ( 'NONE', 3,
 ( #840, #924, #552, #557, #570, #290, #631, #377, #1124, #171, #1111, #74, #812, #547, #455, #818, #94, #731, #460, #1117, #468, #939, #1205, #360 ),
 .UNSPECIFIED., .F., .F.,
 ( 4, 2, 2, 2, 2, 2, 2, 2, 2, 2, 2, 4 ),
 ( 0.005316039956943225883, 0.005980393093468773166, 0.006644746229994320449, 0.006976922798257095826, 0.007309099366519871202, 0.007641275934782646578, 0.007973452503045423689, 0.008637805639570969238, 0.008969982207833737675, 0.009302158776096504378, 0.009966511912622041253, 0.01063086504914757639 ),
 .UNSPECIFIED. ) ;
#394 = DIRECTION ( 'NONE',  ( 0.000000000000000000, 0.000000000000000000, -1.000000000000000000 ) ) ;
#395 = ORIENTED_EDGE ( 'NONE', *, *, #831, .F. ) ;
#396 = EDGE_LOOP ( 'NONE', ( #796, #1211 ) ) ;
#397 = ADVANCED_FACE ( 'NONE', ( #249 ), #426, .F. ) ;
#398 = MANIFOLD_SOLID_BREP ( 'CirPattern1', #289 ) ;
#399 = CARTESIAN_POINT ( 'NONE',  ( 0.000000000000000000, 0.000000000000000000, 0.000000000000000000 ) ) ;
#400 = CARTESIAN_POINT ( 'NONE',  ( -1.510219147730591072, 5.200477454585483272, -2.592247480097336521 ) ) ;
#401 = FACE_OUTER_BOUND ( 'NONE', #644, .T. ) ;
#402 = CARTESIAN_POINT ( 'NONE',  ( 7.810254037844445385, 5.000000000000000000, -6.472243186433473738 ) ) ;
#403 = ORIENTED_EDGE ( 'NONE', *, *, #416, .T. ) ;
#404 = FACE_OUTER_BOUND ( 'NONE', #213, .T. ) ;
#405 = DIRECTION ( 'NONE',  ( 1.000000000000000000, 0.000000000000000000, 0.000000000000000000 ) ) ;
#406 = CARTESIAN_POINT ( 'NONE',  ( -8.660254037844362429, 5.000000000000000000, -5.000000000000039080 ) ) ;
#407 = CARTESIAN_POINT ( 'NONE',  ( 0.000000000000000000, 0.000000000000000000, 0.000000000000000000 ) ) ;
#408 = ORIENTED_EDGE ( 'NONE', *, *, #378, .F. ) ;
#409 = EDGE_CURVE ( 'NONE', #347, #388, #697, .T. ) ;
#410 = AXIS2_PLACEMENT_3D ( 'NONE', #1079, #985, #131 ) ;
#411 = DIRECTION ( 'NONE',  ( -0.000000000000000000, -1.000000000000000000, -0.000000000000000000 ) ) ;
#412 = AXIS2_PLACEMENT_3D ( 'NONE', #200, #643, #15 ) ;
#413 = CARTESIAN_POINT ( 'NONE',  ( -2.498661746379836845, 3.499869493034511780, -1.672321411285843107 ) ) ;
#414 = CARTESIAN_POINT ( 'NONE',  ( 0.4456968039582790975, 6.655420591794411145, 29.99738749656472336 ) ) ;
#415 = ORIENTED_EDGE ( 'NONE', *, *, #891, .T. ) ;
#416 = EDGE_CURVE ( 'NONE', #440, #478, #991, .T. ) ;
#417 = DIRECTION ( 'NONE',  ( 0.000000000000000000, 0.000000000000000000, -1.000000000000000000 ) ) ;
#418 = CARTESIAN_POINT ( 'NONE',  ( -1.954770135775503404, 3.872902822950551105, -2.276874200819641203 ) ) ;
#419 = CARTESIAN_POINT ( 'NONE',  ( 1.527635242170142682, 5.754157898309360419, 29.96111076926678507 ) ) ;
#420 = ORIENTED_EDGE ( 'NONE', *, *, #441, .T. ) ;
#421 = DIRECTION ( 'NONE',  ( 0.000000000000000000, 0.000000000000000000, 1.000000000000000000 ) ) ;
#422 = DIRECTION ( 'NONE',  ( -0.4999999999999920064, 0.000000000000000000, -0.8660254037844432595 ) ) ;
#423 = CARTESIAN_POINT ( 'NONE',  ( 26.59774745664168805, 6.123002479060393632, -13.87682025911308159 ) ) ;
#424 = ORIENTED_EDGE ( 'NONE', *, *, #529, .T. ) ;
#425 = VECTOR ( 'NONE', #83, 1000.000000000000114 ) ;
#426 = CYLINDRICAL_SURFACE ( 'NONE', #826, 1.700000000000000400 ) ;
#427 = AXIS2_PLACEMENT_3D ( 'NONE', #280, #121, #20 ) ;
#428 = CARTESIAN_POINT ( 'NONE',  ( 1.732050807568885631, 5.000000000000000000, -0.9999999999999826805 ) ) ;
#429 = FACE_OUTER_BOUND ( 'NONE', #205, .T. ) ;
#430 = LINE ( 'NONE', #790, #990 ) ;
#431 = VERTEX_POINT ( 'NONE', #833 ) ;
#432 = EDGE_CURVE ( 'NONE', #598, #388, #492, .T. ) ;
#433 = CARTESIAN_POINT ( 'NONE',  ( -1.699999999999999956, 5.000000000000000000, 9.999999999999998224 ) ) ;
#434 = CARTESIAN_POINT ( 'NONE',  ( -2.999550236376915091, 4.606222557448181654, -0.05659102373836873145 ) ) ;
#435 = CARTESIAN_POINT ( 'NONE',  ( -1.500000000000000222, 5.000000000000000000, 2.598076211353316456 ) ) ;
#436 = ORIENTED_EDGE ( 'NONE', *, *, #54, .T. ) ;
#437 = CARTESIAN_POINT ( 'NONE',  ( 26.52489818360087170, 3.720345976626409090, -14.01555984952464762 ) ) ;
#438 = CARTESIAN_POINT ( 'NONE',  ( -0.6694090727346186931, 6.345892023812180760, 2.925802005197475353 ) ) ;
#439 = CARTESIAN_POINT ( 'NONE',  ( -9.410254037844369535, 5.000000000000000000, -3.700961894323385515 ) ) ;
#440 = VERTEX_POINT ( 'NONE', #913 ) ;
#441 = EDGE_CURVE ( 'NONE', #1035, #817, #393, .T. ) ;
#442 = CARTESIAN_POINT ( 'NONE',  ( -0.3994355678972634771, 3.540735130623211990, 2.979074764181979251 ) ) ;
#443 = AXIS2_PLACEMENT_3D ( 'NONE', #335, #1081, #238 ) ;
#444 = CARTESIAN_POINT ( 'NONE',  ( 26.48398120948639445, 3.648538859515160215, -14.09280971377914859 ) ) ;
#445 = CARTESIAN_POINT ( 'NONE',  ( 1.500000000000000666, 5.100757861373010016, 2.598076211353315568 ) ) ;
#446 = AXIS2_PLACEMENT_3D ( 'NONE', #134, #231, #348 ) ;
#447 = DIRECTION ( 'NONE',  ( 0.000000000000000000, 0.000000000000000000, -1.000000000000000000 ) ) ;
#448 = EDGE_LOOP ( 'NONE', ( #473, #719 ) ) ;
#449 = EDGE_CURVE ( 'NONE', #503, #239, #767, .T. ) ;
#450 = CARTESIAN_POINT ( 'NONE',  ( -1.308932855146652807, 4.242022375042596494, 2.700711773464312682 ) ) ;
#451 = CARTESIAN_POINT ( 'NONE',  ( 25.40127879722306758, 3.718691359872541291, -15.96186724740315199 ) ) ;
#452 = CARTESIAN_POINT ( 'NONE',  ( 0.4447387701305482444, 3.344130571198617119, 29.99741060248117819 ) ) ;
#453 = LINE ( 'NONE', #1120, #825 ) ;
#454 = EDGE_LOOP ( 'NONE', ( #79, #630 ) ) ;
#455 = CARTESIAN_POINT ( 'NONE',  ( -26.20033754222462363, 3.343808595194972977, -14.61454138398761593 ) ) ;
#456 = FACE_BOUND ( 'NONE', #1103, .T. ) ;
#457 = CARTESIAN_POINT ( 'NONE',  ( 0.9246919536149902363, 3.803349635162390552, 2.857638941642917541 ) ) ;
#458 = CARTESIAN_POINT ( 'NONE',  ( -1.499999999999988454, 5.000000000000000000, -2.598076211353322673 ) ) ;
#459 = EDGE_LOOP ( 'NONE', ( #752, #366, #1151, #67, #860, #1181, #761 ) ) ;
#460 = CARTESIAN_POINT ( 'NONE',  ( -26.52402192669751457, 3.718691359872541291, -14.01721910330450704 ) ) ;
#461 = CARTESIAN_POINT ( 'NONE',  ( 0.000000000000000000, 9.000000000000000000, -3.673940397442057403E-16 ) ) ;
#462 = CARTESIAN_POINT ( 'NONE',  ( -9.510254037844369179, 5.000000000000000000, -3.527756813566496952 ) ) ;
#463 = AXIS2_PLACEMENT_3D ( 'NONE', #700, #411, #959 ) ;
#464 = EDGE_CURVE ( 'NONE', #133, #811, #807, .T. ) ;
#465 = CYLINDRICAL_SURFACE ( 'NONE', #1131, 1.500000000000000666 ) ;
#466 = VERTEX_POINT ( 'NONE', #183 ) ;
#467 = EDGE_LOOP ( 'NONE', ( #295, #28 ) ) ;
#468 = CARTESIAN_POINT ( 'NONE',  ( -26.69148471861181804, 4.143255087722525154, -13.69568839633028468 ) ) ;
#469 = LINE ( 'NONE', #18, #206 ) ;
#470 = CYLINDRICAL_SURFACE ( 'NONE', #691, 29.99999999999999645 ) ;
#471 = CYLINDRICAL_SURFACE ( 'NONE', #541, 1.700000000000000400 ) ;
#472 = VERTEX_POINT ( 'NONE', #87 ) ;
#473 = ORIENTED_EDGE ( 'NONE', *, *, #891, .F. ) ;
#474 = DIRECTION ( 'NONE',  ( 1.000000000000000000, 0.000000000000000000, -1.224646799147353207E-16 ) ) ;
#475 = CARTESIAN_POINT ( 'NONE',  ( -1.036616913223589620, 3.648041692670014324, 29.98222782847910750 ) ) ;
#476 = CARTESIAN_POINT ( 'NONE',  ( 0.000000000000000000, 0.000000000000000000, 0.000000000000000000 ) ) ;
#477 = EDGE_LOOP ( 'NONE', ( #637, #182, #106, #331 ) ) ;
#478 = VERTEX_POINT ( 'NONE', #933 ) ;
#479 = PLANE ( 'NONE',  #1070 ) ;
#480 = DIRECTION ( 'NONE',  ( -0.4999999999999919509, 0.000000000000000000, -0.8660254037844432595 ) ) ;
#481 = CARTESIAN_POINT ( 'NONE',  ( -25.59630909850973168, 6.528275966211945835, -15.64734992152654769 ) ) ;
#482 = CARTESIAN_POINT ( 'NONE',  ( 3.000000000000000000, 5.000000000000000000, 2.874404766621951128E-14 ) ) ;
#483 = VERTEX_POINT ( 'NONE', #269 ) ;
#484 = ORIENTED_EDGE ( 'NONE', *, *, #123, .T. ) ;
#485 = AXIS2_PLACEMENT_3D ( 'NONE', #660, #1023, #383 ) ;
#486 =( NAMED_UNIT ( * ) PLANE_ANGLE_UNIT ( ) SI_UNIT ( $, .RADIAN. ) );
#487 = CARTESIAN_POINT ( 'NONE',  ( -0.2226642772512873736, 3.311004138736253211, 29.99937068679806274 ) ) ;
#488 = CARTESIAN_POINT ( 'NONE',  ( 2.993237307455852036, 5.762086610268299935, -0.2189498979450440752 ) ) ;
#489 = LINE ( 'NONE', #37, #950 ) ;
#490 = ORIENTED_EDGE ( 'NONE', *, *, #322, .T. ) ;
#491 = FACE_OUTER_BOUND ( 'NONE', #530, .T. ) ;
#492 = B_SPLINE_CURVE_WITH_KNOTS ( 'NONE', 3,
 ( #650, #918, #1010, #1037, #197, #1031, #824, #191, #744, #177, #80, #737, #720, #1017, #261, #1104, #1132, #1217 ),
 .UNSPECIFIED., .F., .F.,
 ( 4, 2, 2, 2, 2, 2, 2, 2, 4 ),
 ( 0.002658626114081990687, 0.002990802844439644816, 0.003322979574797298944, 0.003655156305154953073, 0.003987333035512606767, 0.004319509765870261329, 0.004651686496227915024, 0.004983863226585569586, 0.005316039956943223281 ),
 .UNSPECIFIED. ) ;
#493 = CYLINDRICAL_SURFACE ( 'NONE', #29, 1.500000000000000222 ) ;
#494 = DIRECTION ( 'NONE',  ( 0.000000000000000000, -1.000000000000000000, -0.000000000000000000 ) ) ;
#495 = CARTESIAN_POINT ( 'NONE',  ( 2.493920296760609112, 3.510023108534554126, -1.670307707778800888 ) ) ;
#496 = CARTESIAN_POINT ( 'NONE',  ( 25.13667129061528982, 5.548117064297693801, -16.37527351841591994 ) ) ;
#497 = ORIENTED_EDGE ( 'NONE', *, *, #502, .F. ) ;
#498 = CARTESIAN_POINT ( 'NONE',  ( -2.999536812225396254, 5.396398270848788314, -0.05738988932737578569 ) ) ;
#499 = CARTESIAN_POINT ( 'NONE',  ( -2.136159696832317767, 3.701701194647238680, -2.108049906267878360 ) ) ;
#500 = CARTESIAN_POINT ( 'NONE',  ( 1.699999999999999956, 5.112372786146723413, 29.95179460399659632 ) ) ;
#501 = CIRCLE ( 'NONE', #705, 7.500000000000000000 ) ;
#502 = EDGE_CURVE ( 'NONE', #478, #239, #389, .T. ) ;
#503 = VERTEX_POINT ( 'NONE', #101 ) ;
#504 = TOROIDAL_SURFACE ( 'NONE', #868, 0.8667504192891974935, 12.00000000000000000 ) ;
#505 = CARTESIAN_POINT ( 'NONE',  ( 0.000000000000000000, 1.999999999999999556, -3.000000000000000000 ) ) ;
#506 = CYLINDRICAL_SURFACE ( 'NONE', #690, 1.500000000000000222 ) ;
#507 = CARTESIAN_POINT ( 'NONE',  ( 0.2218644141614762866, 6.700000000000000178, 29.99999999999999645 ) ) ;
#508 = AXIS2_PLACEMENT_3D ( 'NONE', #22, #695, #1173 ) ;
#509 = ORIENTED_EDGE ( 'NONE', *, *, #529, .F. ) ;
#510 = CARTESIAN_POINT ( 'NONE',  ( -0.1122254383816427281, 3.299999999999999822, 30.00000000000000355 ) ) ;
#511 = CARTESIAN_POINT ( 'NONE',  ( -1.499999999999988454, 5.000000000000000000, -2.598076211353322673 ) ) ;
#512 = CARTESIAN_POINT ( 'NONE',  ( 0.8550014249784576581, 6.485946008467463386, 29.98851238096682437 ) ) ;
#513 = ORIENTED_EDGE ( 'NONE', *, *, #186, .F. ) ;
#514 = DIRECTION ( 'NONE',  ( -0.000000000000000000, -1.000000000000000000, -0.000000000000000000 ) ) ;
#515 = CARTESIAN_POINT ( 'NONE',  ( -2.809585220016828089, 3.579083257355102798, -1.055779893935486546 ) ) ;
#516 = CARTESIAN_POINT ( 'NONE',  ( 1.035832466534208018, 3.647461661273435851, 29.98225436150023882 ) ) ;
#517 = ADVANCED_FACE ( 'NONE', ( #9, #666 ), #479, .T. ) ;
#518 = AXIS2_PLACEMENT_3D ( 'NONE', #542, #1189, #173 ) ;
#519 = CARTESIAN_POINT ( 'NONE',  ( 0.9820508075688975103, 5.000000000000000000, -2.299038105676647792 ) ) ;
#520 = ORIENTED_EDGE ( 'NONE', *, *, #1140, .T. ) ;
#521 = DIRECTION ( 'NONE',  ( -0.5000000000000039968, 0.000000000000000000, 0.8660254037844363761 ) ) ;
#522 = CIRCLE ( 'NONE', #1212, 29.99999999999999645 ) ;
#523 = CYLINDRICAL_SURFACE ( 'NONE', #410, 27.50000000000000000 ) ;
#524 = CARTESIAN_POINT ( 'NONE',  ( 1.485145613424387223, 4.143661610979784804, 29.96333701525499293 ) ) ;
#525 = CARTESIAN_POINT ( 'NONE',  ( 0.000000000000000000, 12.00000000000000000, 0.000000000000000000 ) ) ;
#526 = VERTEX_POINT ( 'NONE', #201 ) ;
#527 = CARTESIAN_POINT ( 'NONE',  ( 26.19872846505703023, 3.354519366004360847, -14.61637550315144729 ) ) ;
#528 = CARTESIAN_POINT ( 'NONE',  ( 0.8512565955154047792, 3.524306581622362433, 29.98806241998667943 ) ) ;
#529 = EDGE_CURVE ( 'NONE', #161, #472, #296, .T. ) ;
#530 = EDGE_LOOP ( 'NONE', ( #1002, #996 ) ) ;
#531 = EDGE_CURVE ( 'NONE', #483, #736, #946, .T. ) ;
#532 = DIRECTION ( 'NONE',  ( -0.8660254037844362651, 0.000000000000000000, -0.5000000000000039968 ) ) ;
#533 = B_SPLINE_CURVE_WITH_KNOTS ( 'NONE', 3,
 ( #328, #139, #788, #434, #146, #890, #686, #125, #1171, #515, #52, #135, #793, #413, #683, #1183, #499, #36, #418, #214, #32, #771, #317, #511 ),
 .UNSPECIFIED., .F., .F.,
 ( 4, 2, 2, 2, 2, 2, 2, 2, 2, 2, 2, 4 ),
 ( 8.798780795902162752E-19, 0.0002981809602553653978, 0.0005963619205107299282, 0.001192723841021458989, 0.001789085761532187725, 0.002087266721787552851, 0.002385447682042917544, 0.002981809602553647798, 0.003279990562809011623, 0.003578171523064375883, 0.004174533443575103100, 0.004770895364085829884 ),
 .UNSPECIFIED. ) ;
#534 = CARTESIAN_POINT ( 'NONE',  ( 3.673716643215054566E-16, 6.500000000000000888, 3.000000000000000000 ) ) ;
#535 = CARTESIAN_POINT ( 'NONE',  ( -1.500000000000000222, 5.000000000000000000, 2.598076211353316456 ) ) ;
#536 = LINE ( 'NONE', #1191, #969 ) ;
#537 = ORIENTED_EDGE ( 'NONE', *, *, #432, .F. ) ;
#538 = EDGE_CURVE ( 'NONE', #478, #440, #371, .T. ) ;
#539 = VECTOR ( 'NONE', #379, 1000.000000000000114 ) ;
#540 =( NAMED_UNIT ( * ) PLANE_ANGLE_UNIT ( ) SI_UNIT ( $, .RADIAN. ) );
#541 = AXIS2_PLACEMENT_3D ( 'NONE', #406, #843, #6 ) ;
#542 = CARTESIAN_POINT ( 'NONE',  ( 0.000000000000000000, 5.000000000000000000, 9.999999999999998224 ) ) ;
#543 = CARTESIAN_POINT ( 'NONE',  ( 0.000000000000000000, 0.000000000000000000, -29.99999999999999645 ) ) ;
#544 = VECTOR ( 'NONE', #1044, 1000.000000000000000 ) ;
#545 = CARTESIAN_POINT ( 'NONE',  ( 0.000000000000000000, 0.000000000000000000, 0.000000000000000000 ) ) ;
#546 = EDGE_LOOP ( 'NONE', ( #783, #649 ) ) ;
#547 = CARTESIAN_POINT ( 'NONE',  ( -26.09222704560673378, 3.299816764725790552, -14.80695784104380053 ) ) ;
#548 = CARTESIAN_POINT ( 'NONE',  ( 26.03753034009472245, 3.300092473791055525, -14.90166406698029178 ) ) ;
#549 = CARTESIAN_POINT ( 'NONE',  ( -1.655412637776210172, 4.554257938483938339, 29.95441224201319130 ) ) ;
#550 = CARTESIAN_POINT ( 'NONE',  ( -9.510254037844369179, 5.000000000000000000, -3.527756813566496952 ) ) ;
#551 = ORIENTED_EDGE ( 'NONE', *, *, #1042, .T. ) ;
#552 = CARTESIAN_POINT ( 'NONE',  ( -25.11355000862920406, 4.554487101397694637, -16.41087429957253008 ) ) ;
#553 = FACE_OUTER_BOUND ( 'NONE', #779, .T. ) ;
#554 = FACE_BOUND ( 'NONE', #546, .T. ) ;
#555 = CARTESIAN_POINT ( 'NONE',  ( 2.482050807568873640, 5.000000000000000000, 0.2990381056766824308 ) ) ;
#556 = EDGE_LOOP ( 'NONE', ( #314, #358, #567, #874, #353, #884, #537 ) ) ;
#557 = CARTESIAN_POINT ( 'NONE',  ( -25.20591304738340810, 4.145308584023695175, -16.26865503844855354 ) ) ;
#558 = CARTESIAN_POINT ( 'NONE',  ( 0.000000000000000000, 0.000000000000000000, 0.000000000000000000 ) ) ;
#559 = CARTESIAN_POINT ( 'NONE',  ( -25.08901501599465433, 5.110962085291243184, -16.44814048843196019 ) ) ;
#560 = CIRCLE ( 'NONE', #128, 29.99999999999999645 ) ;
#561 = FACE_BOUND ( 'NONE', #579, .T. ) ;
#562 = ORIENTED_EDGE ( 'NONE', *, *, #1076, .T. ) ;
#563 = CIRCLE ( 'NONE', #853, 1.699999999999999956 ) ;
#564 = DIRECTION ( 'NONE',  ( 0.000000000000000000, 0.000000000000000000, -1.000000000000000000 ) ) ;
#565 = CARTESIAN_POINT ( 'NONE',  ( -1.485895443086114209, 4.144902509108056243, 29.96329952622031456 ) ) ;
#566 = CARTESIAN_POINT ( 'NONE',  ( 2.779371921423746894, 3.540503177413713676, -1.144365536520731252 ) ) ;
#567 = ORIENTED_EDGE ( 'NONE', *, *, #27, .T. ) ;
#568 = ADVANCED_FACE ( 'NONE', ( #309, #491 ), #795, .T. ) ;
#569 = ORIENTED_EDGE ( 'NONE', *, *, #75, .T. ) ;
#570 = CARTESIAN_POINT ( 'NONE',  ( -25.27465840087985427, 3.955590262002489421, -16.16218453374527186 ) ) ;
#571 = DIRECTION ( 'NONE',  ( -0.000000000000000000, -1.000000000000000000, -0.000000000000000000 ) ) ;
#572 = CARTESIAN_POINT ( 'NONE',  ( -26.76452938984151686, 5.440133415774177195, -13.55213764021601719 ) ) ;
#573 = CARTESIAN_POINT ( 'NONE',  ( 2.379827599788750359, 3.549328822999583632, -1.829203892556408029 ) ) ;
#574 = ORIENTED_EDGE ( 'NONE', *, *, #349, .F. ) ;
#575 = EDGE_LOOP ( 'NONE', ( #696, #1130 ) ) ;
#576 = CARTESIAN_POINT ( 'NONE',  ( 0.000000000000000000, 0.000000000000000000, -7.500000000000000000 ) ) ;
#577 = CARTESIAN_POINT ( 'NONE',  ( -0.4400997107750729276, 3.354217923203196339, 29.99696873400473862 ) ) ;
#578 = DIRECTION ( 'NONE',  ( 0.000000000000000000, 0.000000000000000000, -1.000000000000000000 ) ) ;
#579 = EDGE_LOOP ( 'NONE', ( #382, #804 ) ) ;
#580 = VECTOR ( 'NONE', #59, 1000.000000000000000 ) ;
#581 = MECHANICAL_DESIGN_GEOMETRIC_PRESENTATION_REPRESENTATION (  '', ( #1193 ), #245 ) ;
#582 = ORIENTED_EDGE ( 'NONE', *, *, #678, .F. ) ;
#583 = SHAPE_DEFINITION_REPRESENTATION ( #166, #940 ) ;
#584 = LINE ( 'NONE', #1160, #786 ) ;
#585 = CARTESIAN_POINT ( 'NONE',  ( 2.868763976888184519, 6.345488098058870818, -0.8823867021260374255 ) ) ;
#586 = CARTESIAN_POINT ( 'NONE',  ( 1.645744645217712687, 5.440231700134622983, 29.95483254946471163 ) ) ;
#587 = ORIENTED_EDGE ( 'NONE', *, *, #502, .T. ) ;
#588 = DIRECTION ( 'NONE',  ( -0.5000000000000039968, 0.000000000000000000, 0.8660254037844362651 ) ) ;
#589 = CARTESIAN_POINT ( 'NONE',  ( -1.577393126786734490, 5.488781011300825519, -2.552191819339779677 ) ) ;
#590 = ADVANCED_FACE ( 'NONE', ( #404 ), #995, .F. ) ;
#591 = CARTESIAN_POINT ( 'NONE',  ( 1.693289684399261308, 5.756886773778806976, -2.477150562678398948 ) ) ;
#592 = CARTESIAN_POINT ( 'NONE',  ( 26.09168985638515537, 6.688979958661684933, -14.80660694893287754 ) ) ;
#593 = ORIENTED_EDGE ( 'NONE', *, *, #928, .F. ) ;
#594 = EDGE_CURVE ( 'NONE', #706, #300, #1175, .T. ) ;
#595 = CARTESIAN_POINT ( 'NONE',  ( -2.995169107102858774, 5.669846744458487464, -0.1754138617938806877 ) ) ;
#596 = CARTESIAN_POINT ( 'NONE',  ( 2.494380967489268741, 6.490107138587875468, -1.669639070582101592 ) ) ;
#597 = CARTESIAN_POINT ( 'NONE',  ( 26.34915708320135863, 6.528275966211945835, -14.34337896166479531 ) ) ;
#598 = VERTEX_POINT ( 'NONE', #330 ) ;
#599 = AXIS2_PLACEMENT_3D ( 'NONE', #1215, #916, #898 ) ;
#600 = CIRCLE ( 'NONE', #427, 1.500000000000000666 ) ;
#601 = FACE_OUTER_BOUND ( 'NONE', #904, .T. ) ;
#602 = FACE_OUTER_BOUND ( 'NONE', #1061, .T. ) ;
#603 = CARTESIAN_POINT ( 'NONE',  ( 0.000000000000000000, 7.500000000000000000, 0.000000000000000000 ) ) ;
#604 = VERTEX_POINT ( 'NONE', #608 ) ;
#605 = DIRECTION ( 'NONE',  ( -0.4999999999999921729, 0.000000000000000000, -0.8660254037844430375 ) ) ;
#606 = DIRECTION ( 'NONE',  ( -0.4999999999999920064, 0.000000000000000000, -0.8660254037844432595 ) ) ;
#607 = FACE_OUTER_BOUND ( 'NONE', #953, .T. ) ;
#608 = CARTESIAN_POINT ( 'NONE',  ( 0.000000000000000000, 12.00000000000000000, -27.50000000000000000 ) ) ;
#609 = ORIENTED_EDGE ( 'NONE', *, *, #712, .T. ) ;
#610 = SURFACE_SIDE_STYLE ('',( #997 ) ) ;
#611 = CARTESIAN_POINT ( 'NONE',  ( 2.379928372590357277, 6.450734211771988136, -1.829090478441780521 ) ) ;
#612 = CARTESIAN_POINT ( 'NONE',  ( 1.298840366761971454, 5.756520244477879800, 2.704905179012718985 ) ) ;
#613 = ORIENTED_EDGE ( 'NONE', *, *, #210, .T. ) ;
#614 = VECTOR ( 'NONE', #370, 1000.000000000000000 ) ;
#615 = EDGE_CURVE ( 'NONE', #1036, #899, #49, .T. ) ;
#616 = CARTESIAN_POINT ( 'NONE',  ( 0.000000000000000000, 5.000000000000000000, 9.999999999999998224 ) ) ;
#617 = CARTESIAN_POINT ( 'NONE',  ( 0.4892279173072863196, 6.421394474448113066, 2.961288784653153705 ) ) ;
#618 = ORIENTED_EDGE ( 'NONE', *, *, #229, .T. ) ;
#619 = FILL_AREA_STYLE ('',( #1077 ) ) ;
#620 = CARTESIAN_POINT ( 'NONE',  ( 25.59633912035877401, 3.471685843759227286, -15.64730169816154515 ) ) ;
#621 = EDGE_CURVE ( 'NONE', #604, #7, #430, .T. ) ;
#622 = CARTESIAN_POINT ( 'NONE',  ( -0.3992149556331338611, 6.459028034302803256, 2.978981527352390746 ) ) ;
#623 = CARTESIAN_POINT ( 'NONE',  ( 0.000000000000000000, 9.000000000000000000, 0.000000000000000000 ) ) ;
#624 = ORIENTED_EDGE ( 'NONE', *, *, #1003, .T. ) ;
#625 = B_SPLINE_CURVE_WITH_KNOTS ( 'NONE', 3,
 ( #882, #1179, #452, #902, #528, #516, #892, #794, #524, #815, #1101, #999 ),
 .UNSPECIFIED., .F., .F.,
 ( 4, 2, 2, 2, 2, 4 ),
 ( 0.007974827746975320444, 0.008638837072518383564, 0.008970841735289915991, 0.009302846398061446684, 0.009966855723604509804, 0.01063086504914757119 ),
 .UNSPECIFIED. ) ;
#626 = CARTESIAN_POINT ( 'NONE',  ( -1.500000000000000000, 4.801135218364864343, 2.598076211353314680 ) ) ;
#627 = FACE_OUTER_BOUND ( 'NONE', #659, .T. ) ;
#628 = CARTESIAN_POINT ( 'NONE',  ( 1.345833977723361219, 5.669512834465958662, 2.681517330041961689 ) ) ;
#629 = DIRECTION ( 'NONE',  ( -0.8660254037844362651, 0.000000000000000000, -0.5000000000000039968 ) ) ;
#630 = ORIENTED_EDGE ( 'NONE', *, *, #1194, .F. ) ;
#631 = CARTESIAN_POINT ( 'NONE',  ( -25.44672182757612333, 3.648538859515158883, -15.88939566387524671 ) ) ;
#632 = AXIS2_PLACEMENT_3D ( 'NONE', #851, #14, #394 ) ;
#633 = DIRECTION ( 'NONE',  ( 0.000000000000000000, -1.000000000000000000, -0.000000000000000000 ) ) ;
#634 = CARTESIAN_POINT ( 'NONE',  ( -25.21204176790021378, 5.852897367330077927, -16.25905125261113682 ) ) ;
#635 = VECTOR ( 'NONE', #247, 1000.000000000000000 ) ;
#636 = CARTESIAN_POINT ( 'NONE',  ( 3.673940397442059868E-16, 1.999999999999999556, 3.000000000000000000 ) ) ;
#637 = ORIENTED_EDGE ( 'NONE', *, *, #1140, .F. ) ;
#638 = EDGE_CURVE ( 'NONE', #1108, #325, #766, .T. ) ;
#639 = CARTESIAN_POINT ( 'NONE',  ( -15.50000000000000000, 22.00000000000000000, 0.8667504192891974935 ) ) ;
#640 = DIRECTION ( 'NONE',  ( 0.000000000000000000, 0.000000000000000000, -1.000000000000000000 ) ) ;
#641 = CARTESIAN_POINT ( 'NONE',  ( -25.18309562452568429, 5.753529847101083838, -16.30378851337499313 ) ) ;
#642 = CARTESIAN_POINT ( 'NONE',  ( 1.500000000000024425, 4.999999999999999112, -2.598076211353301801 ) ) ;
#643 = DIRECTION ( 'NONE',  ( 0.000000000000000000, 1.000000000000000000, 0.000000000000000000 ) ) ;
#644 = EDGE_LOOP ( 'NONE', ( #837, #98 ) ) ;
#645 = DIRECTION ( 'NONE',  ( -0.000000000000000000, -1.000000000000000000, -0.000000000000000000 ) ) ;
#646 = CARTESIAN_POINT ( 'NONE',  ( -26.59732434330666351, 6.123906020501194369, -13.87762580543354041 ) ) ;
#647 = CARTESIAN_POINT ( 'NONE',  ( 1.548784382372066837, 4.606222557448182542, -2.569391192760834386 ) ) ;
#648 = ORIENTED_EDGE ( 'NONE', *, *, #594, .T. ) ;
#649 = ORIENTED_EDGE ( 'NONE', *, *, #441, .F. ) ;
#650 = CARTESIAN_POINT ( 'NONE',  ( 3.673940429370284505E-15, 6.700000000000000178, 29.99999999999999645 ) ) ;
#651 = CARTESIAN_POINT ( 'NONE',  ( 9.184850993605147944E-16, 2.000000000000000000, 7.500000000000000000 ) ) ;
#652 = CARTESIAN_POINT ( 'NONE',  ( -25.44707731579982735, 6.351945864876311632, -15.88882460820948950 ) ) ;
#653 = AXIS2_PLACEMENT_3D ( 'NONE', #461, #633, #1105 ) ;
#654 = PRODUCT ( 'knop Marcel', 'knop Marcel', '', ( #1046 ) ) ;
#655 = EDGE_CURVE ( 'NONE', #302, #604, #326, .T. ) ;
#656 = CARTESIAN_POINT ( 'NONE',  ( 2.697603698656111160, 3.499869493034514445, -1.327743842186394740 ) ) ;
#657 = VERTEX_POINT ( 'NONE', #17 ) ;
#658 = AXIS2_PLACEMENT_3D ( 'NONE', #276, #282, #726 ) ;
#659 = EDGE_LOOP ( 'NONE', ( #1008, #730, #294, #974, #1168 ) ) ;
#660 = CARTESIAN_POINT ( 'NONE',  ( -15.50000000000000000, 11.99999999999999822, 0.000000000000000000 ) ) ;
#661 = CARTESIAN_POINT ( 'NONE',  ( 0.1986851892459385038, 3.509902570757521545, 2.995012396136076394 ) ) ;
#662 = EDGE_CURVE ( 'NONE', #1030, #701, #1107, .T. ) ;
#663 = DIRECTION ( 'NONE',  ( -0.000000000000000000, -1.000000000000000000, -0.000000000000000000 ) ) ;
#664 = ORIENTED_EDGE ( 'NONE', *, *, #797, .F. ) ;
#665 = EDGE_LOOP ( 'NONE', ( #852, #1071, #375, #574 ) ) ;
#666 = FACE_OUTER_BOUND ( 'NONE', #958, .T. ) ;
#667 = APPLICATION_PROTOCOL_DEFINITION ( 'draft international standard', 'automotive_design', 1998, #1013 ) ;
#668 = PLANE ( 'NONE',  #675 ) ;
#669 = VERTEX_POINT ( 'NONE', #1095 ) ;
#670 = AXIS2_PLACEMENT_3D ( 'NONE', #178, #270, #640 ) ;
#671 = CYLINDRICAL_SURFACE ( 'NONE', #802, 7.500000000000000000 ) ;
#672 = CARTESIAN_POINT ( 'NONE',  ( -1.499999999999987788, 5.099297252200893915, -2.598076211353322229 ) ) ;
#673 = CARTESIAN_POINT ( 'NONE',  ( 2.984299444775796673, 4.077489553730794469, -0.3392439597433253295 ) ) ;
#674 = CYLINDRICAL_SURFACE ( 'NONE', #109, 7.500000000000000000 ) ;
#675 = AXIS2_PLACEMENT_3D ( 'NONE', #1047, #204, #578 ) ;
#676 = CIRCLE ( 'NONE', #345, 27.50000000000000000 ) ;
#677 = ORIENTED_EDGE ( 'NONE', *, *, #987, .F. ) ;
#678 = EDGE_CURVE ( 'NONE', #325, #1108, #143, .T. ) ;
#679 = CARTESIAN_POINT ( 'NONE',  ( 2.697943766738323479, 6.499828543894905941, -1.326852863987907805 ) ) ;
#680 = CARTESIAN_POINT ( 'NONE',  ( 26.03591295673674111, 6.700039490135416109, -14.90448041303952564 ) ) ;
#681 = VERTEX_POINT ( 'NONE', #458 ) ;
#682 = CARTESIAN_POINT ( 'NONE',  ( -2.498060170666837720, 6.499828543894905941, -1.673061407983297499 ) ) ;
#683 = CARTESIAN_POINT ( 'NONE',  ( -2.380735586554244776, 3.540503177413713676, -1.834823922257753370 ) ) ;
#684 = CARTESIAN_POINT ( 'NONE',  ( 1.044736741551678838, 6.359312780513041830, 29.98221448686965118 ) ) ;
#685 = ORIENTED_EDGE ( 'NONE', *, *, #1194, .T. ) ;
#686 = CARTESIAN_POINT ( 'NONE',  ( -2.984135876995533732, 4.075821855380220349, -0.3406753455290981725 ) ) ;
#687 = EDGE_CURVE ( 'NONE', #743, #281, #86, .T. ) ;
#688 = DIRECTION ( 'NONE',  ( -0.000000000000000000, -1.000000000000000000, -0.000000000000000000 ) ) ;
#689 = ORIENTED_EDGE ( 'NONE', *, *, #260, .F. ) ;
#690 = AXIS2_PLACEMENT_3D ( 'NONE', #428, #872, #606 ) ;
#691 = AXIS2_PLACEMENT_3D ( 'NONE', #1026, #1014, #82 ) ;
#692 = CARTESIAN_POINT ( 'NONE',  ( -0.7635318071356239633, 3.693852262800692898, 2.907138524903747800 ) ) ;
#693 = CARTESIAN_POINT ( 'NONE',  ( -8.660254037844364206, 5.000000000000000000, -5.000000000000039968 ) ) ;
#694 = CARTESIAN_POINT ( 'NONE',  ( 26.63024292816544047, 6.037014471995672871, -13.81426651430596486 ) ) ;
#695 = DIRECTION ( 'NONE',  ( -0.8660254037844363761, 0.000000000000000000, -0.5000000000000039968 ) ) ;
#696 = ORIENTED_EDGE ( 'NONE', *, *, #39, .F. ) ;
#697 = LINE ( 'NONE', #3, #614 ) ;
#698 = CARTESIAN_POINT ( 'NONE',  ( 1.789701325302341273, 5.917101989706968546, -2.408417329218900171 ) ) ;
#699 = CYLINDRICAL_SURFACE ( 'NONE', #785, 1.700000000000000400 ) ;
#700 = CARTESIAN_POINT ( 'NONE',  ( 0.000000000000000000, 1.999999999999999556, 0.000000000000000000 ) ) ;
#701 = VERTEX_POINT ( 'NONE', #439 ) ;
#702 = CARTESIAN_POINT ( 'NONE',  ( -1.699999999999999956, 5.000000000000000000, 29.95179460399659632 ) ) ;
#703 = CARTESIAN_POINT ( 'NONE',  ( 0.000000000000000000, 7.500000000000000000, -29.99999999999999645 ) ) ;
#704 = CARTESIAN_POINT ( 'NONE',  ( 1.699999999999999956, 5.000000000000000000, 9.999999999999998224 ) ) ;
#705 = AXIS2_PLACEMENT_3D ( 'NONE', #558, #571, #1125 ) ;
#706 = VERTEX_POINT ( 'NONE', #636 ) ;
#707 = ADVANCED_FACE ( 'NONE', ( #724, #829 ), #160, .T. ) ;
#708 = CARTESIAN_POINT ( 'NONE',  ( 3.673940397442059868E-16, 0.000000000000000000, 3.000000000000000000 ) ) ;
#709 = COLOUR_RGB ( '',0.7921568627450980005, 0.8196078431372548767, 0.9333333333333333481 ) ;
#710 = CARTESIAN_POINT ( 'NONE',  ( 0.000000000000000000, 5.000000000000000000, 9.999999999999998224 ) ) ;
#711 = CARTESIAN_POINT ( 'NONE',  ( 1.191215094961498577, 5.916687392828716696, 2.753997988981849332 ) ) ;
#712 = EDGE_CURVE ( 'NONE', #657, #230, #252, .T. ) ;
#713 = DIRECTION ( 'NONE',  ( -0.000000000000000000, -0.000000000000000000, 1.000000000000000000 ) ) ;
#714 = ORIENTED_EDGE ( 'NONE', *, *, #193, .T. ) ;
#715 = DIRECTION ( 'NONE',  ( 0.8660254037844432595, 0.000000000000000000, -0.4999999999999919509 ) ) ;
#716 = LINE ( 'NONE', #919, #885 ) ;
#717 = CARTESIAN_POINT ( 'NONE',  ( -0.7565394148354723791, 6.298885067316280839, 2.904256686966019352 ) ) ;
#718 = DIRECTION ( 'NONE',  ( -0.000000000000000000, -0.000000000000000000, 1.000000000000000000 ) ) ;
#719 = ORIENTED_EDGE ( 'NONE', *, *, #594, .F. ) ;
#720 = CARTESIAN_POINT ( 'NONE',  ( -1.528025001886593515, 5.753368168073308198, 29.96109081885849079 ) ) ;
#721 = CARTESIAN_POINT ( 'NONE',  ( 25.11389101711499805, 4.552188056658075688, -16.41035389971023051 ) ) ;
#722 = CARTESIAN_POINT ( 'NONE',  ( 0.3951059459143738684, 6.450449158231535307, 2.975484396196249826 ) ) ;
#723 = EDGE_CURVE ( 'NONE', #1122, #773, #536, .T. ) ;
#724 = FACE_BOUND ( 'NONE', #854, .T. ) ;
#725 = EDGE_LOOP ( 'NONE', ( #791, #336, #122, #750 ) ) ;
#726 = DIRECTION ( 'NONE',  ( 0.000000000000000000, 0.000000000000000000, 1.000000000000000000 ) ) ;
#727 = CARTESIAN_POINT ( 'NONE',  ( -3.000000000000000000, 4.999999999999999112, -1.268749748122103996E-14 ) ) ;
#728 = CARTESIAN_POINT ( 'NONE',  ( -26.78901501599467139, 5.112347166467835713, -13.50365411556487949 ) ) ;
#729 = FACE_BOUND ( 'NONE', #1204, .T. ) ;
#730 = ORIENTED_EDGE ( 'NONE', *, *, #409, .T. ) ;
#731 = CARTESIAN_POINT ( 'NONE',  ( -26.48300888194571456, 3.646966358519355911, -14.09463656866860859 ) ) ;
#732 = CARTESIAN_POINT ( 'NONE',  ( 0.000000000000000000, 5.000000000000000000, 9.999999999999998224 ) ) ;
#733 = CARTESIAN_POINT ( 'NONE',  ( 0.1000114948070671972, 3.499999999999994671, 3.000000000000003553 ) ) ;
#734 = CARTESIAN_POINT ( 'NONE',  ( 1.500000000000025091, 4.899009013641727250, -2.598076211353302245 ) ) ;
#735 = CARTESIAN_POINT ( 'NONE',  ( 0.000000000000000000, 5.000000000000000000, 9.999999999999998224 ) ) ;
#736 = VERTEX_POINT ( 'NONE', #903 ) ;
#737 = CARTESIAN_POINT ( 'NONE',  ( -1.474830724403670690, 5.852720887870958677, 29.96378929394805368 ) ) ;
#738 = DIRECTION ( 'NONE',  ( 0.000000000000000000, 0.000000000000000000, -1.000000000000000000 ) ) ;
#739 = CARTESIAN_POINT ( 'NONE',  ( -25.92561514626824959, 6.700039490135416997, -15.09552182473455417 ) ) ;
#740 = EDGE_CURVE ( 'NONE', #156, #431, #66, .T. ) ;
#741 = CARTESIAN_POINT ( 'NONE',  ( 3.000000000000000000, 5.000000000000000000, 2.874404766621951128E-14 ) ) ;
#742 = EDGE_LOOP ( 'NONE', ( #689, #395, #176, #1 ) ) ;
#743 = VERTEX_POINT ( 'NONE', #550 ) ;
#744 = CARTESIAN_POINT ( 'NONE',  ( -1.122695206783405730, 6.281462181362040376, 29.97909039597663394 ) ) ;
#745 = EDGE_CURVE ( 'NONE', #844, #952, #560, .T. ) ;
#746 = DIRECTION ( 'NONE',  ( -0.4999999999999919509, 0.000000000000000000, -0.8660254037844432595 ) ) ;
#747 = DIRECTION ( 'NONE',  ( -0.8660254037844363761, -0.000000000000000000, -0.5000000000000039968 ) ) ;
#748 = VECTOR ( 'NONE', #1156, 1000.000000000000000 ) ;
#749 = CARTESIAN_POINT ( 'NONE',  ( 3.000000000000000000, 5.099297252200893915, 2.857402120091337490E-14 ) ) ;
#750 = ORIENTED_EDGE ( 'NONE', *, *, #531, .F. ) ;
#751 = CIRCLE ( 'NONE', #1133, 1.500000000000000666 ) ;
#752 = ORIENTED_EDGE ( 'NONE', *, *, #39, .T. ) ;
#753 = CARTESIAN_POINT ( 'NONE',  ( 0.000000000000000000, 5.000000000000000000, 9.999999999999998224 ) ) ;
#754 = DIRECTION ( 'NONE',  ( 0.000000000000000000, 0.000000000000000000, -1.000000000000000000 ) ) ;
#755 = CARTESIAN_POINT ( 'NONE',  ( -3.966267240887024549E-15, 3.499999999999941380, 3.000000000000029310 ) ) ;
#756 = CARTESIAN_POINT ( 'NONE',  ( 2.012099773568878813, 3.803697068925381952, -2.229928502133496693 ) ) ;
#757 = ORIENTED_EDGE ( 'NONE', *, *, #615, .F. ) ;
#758 = CARTESIAN_POINT ( 'NONE',  ( -1.549030459478922372, 5.394750568937963564, -2.569243761858658104 ) ) ;
#759 = CARTESIAN_POINT ( 'NONE',  ( 3.000061744525785556, 5.200477454585483272, -0.01176440716769199500 ) ) ;
#760 = CARTESIAN_POINT ( 'NONE',  ( 1.351937476200919974, 6.036636061542353104, 29.96958597113430045 ) ) ;
#761 = ORIENTED_EDGE ( 'NONE', *, *, #27, .F. ) ;
#762 = CARTESIAN_POINT ( 'NONE',  ( -1.732050807568873418, 5.000000000000000000, -1.000000000000007772 ) ) ;
#763 = CARTESIAN_POINT ( 'NONE',  ( -2.774003006446001063, 6.450734211771987248, -1.146533190629700938 ) ) ;
#764 = CARTESIAN_POINT ( 'NONE',  ( 3.367778697655221307E-15, 0.000000000000000000, 27.50000000000000000 ) ) ;
#765 = CARTESIAN_POINT ( 'NONE',  ( 25.44284400790724732, 6.359092118844329455, -15.89611051999992952 ) ) ;
#766 = CIRCLE ( 'NONE', #443, 3.000000000000000000 ) ;
#767 = CIRCLE ( 'NONE', #658, 0.8667504192891974935 ) ;
#768 = ORIENTED_EDGE ( 'NONE', *, *, #416, .F. ) ;
#769 = APPLICATION_CONTEXT ( 'automotive_design' ) ;
#770 = CARTESIAN_POINT ( 'NONE',  ( -3.000061702580684386, 5.202123842842063084, -0.01201948422315917732 ) ) ;
#771 = CARTESIAN_POINT ( 'NONE',  ( -1.541874225158937239, 4.600790117292262948, -2.574836703689471928 ) ) ;
#772 = DIRECTION ( 'NONE',  ( 0.000000000000000000, 0.000000000000000000, 1.000000000000000000 ) ) ;
#773 = VERTEX_POINT ( 'NONE', #810 ) ;
#774 = EDGE_CURVE ( 'NONE', #1174, #669, #1198, .T. ) ;
#775 = CARTESIAN_POINT ( 'NONE',  ( -2.980601252669409895, 5.917101989706964993, -0.3457181482890376301 ) ) ;
#776 = CYLINDRICAL_SURFACE ( 'NONE', #208, 1.699999999999999956 ) ;
#777 = CARTESIAN_POINT ( 'NONE',  ( 26.39658642150379109, 6.475030947975382922, -14.25583096977580055 ) ) ;
#778 = ADVANCED_FACE ( 'NONE', ( #365 ), #465, .F. ) ;
#779 = EDGE_LOOP ( 'NONE', ( #1164, #259 ) ) ;
#780 = CARTESIAN_POINT ( 'NONE',  ( -3.000000000000000444, 5.100812466908744014, -1.279400915180257947E-14 ) ) ;
#781 = FACE_OUTER_BOUND ( 'NONE', #234, .T. ) ;
#782 = CARTESIAN_POINT ( 'NONE',  ( 25.27837110367599749, 6.036432619894476659, -16.15573487058826885 ) ) ;
#783 = ORIENTED_EDGE ( 'NONE', *, *, #219, .F. ) ;
#784 = CIRCLE ( 'NONE', #670, 7.500000000000000000 ) ;
#785 = AXIS2_PLACEMENT_3D ( 'NONE', #1080, #789, #256 ) ;
#786 = VECTOR ( 'NONE', #217, 1000.000000000000114 ) ;
#787 = DIRECTION ( 'NONE',  ( -0.4999999999999917843, 0.000000000000000000, -0.8660254037844433705 ) ) ;
#788 = CARTESIAN_POINT ( 'NONE',  ( -3.000061263574856252, 4.800121277651943963, -0.01168671528717011784 ) ) ;
#789 = DIRECTION ( 'NONE',  ( -0.8660254037844362651, -0.000000000000000000, -0.5000000000000039968 ) ) ;
#790 = CARTESIAN_POINT ( 'NONE',  ( 0.000000000000000000, 0.000000000000000000, -27.50000000000000000 ) ) ;
#791 = ORIENTED_EDGE ( 'NONE', *, *, #92, .F. ) ;
#792 = CARTESIAN_POINT ( 'NONE',  ( -0.1998593847135135548, 3.499999999999996447, 3.000000000000001332 ) ) ;
#793 = CARTESIAN_POINT ( 'NONE',  ( -2.648519424792086241, 3.500065735238403253, -1.412564056199139273 ) ) ;
#794 = CARTESIAN_POINT ( 'NONE',  ( 1.358551247706796472, 3.954294102429401381, 29.96963419803936191 ) ) ;
#795 = PLANE ( 'NONE',  #508 ) ;
#796 = ORIENTED_EDGE ( 'NONE', *, *, #1045, .T. ) ;
#797 = EDGE_CURVE ( 'NONE', #701, #1056, #1155, .T. ) ;
#798 = CARTESIAN_POINT ( 'NONE',  ( -1.458970633859153709, 4.600951144901960888, 2.622699752573241394 ) ) ;
#799 = EDGE_CURVE ( 'NONE', #681, #1056, #453, .T. ) ;
#800 = CARTESIAN_POINT ( 'NONE',  ( 25.86931516591255331, 3.299816764725789664, -15.19305254228479640 ) ) ;
#801 = CARTESIAN_POINT ( 'NONE',  ( 0.7617925201448640937, 6.307094864387853050, 2.907571674265801764 ) ) ;
#802 = AXIS2_PLACEMENT_3D ( 'NONE', #1025, #1218, #738 ) ;
#803 = CARTESIAN_POINT ( 'NONE',  ( -2.482050807568879858, 5.000000000000000000, 0.2990381056766470702 ) ) ;
#804 = ORIENTED_EDGE ( 'NONE', *, *, #908, .F. ) ;
#805 = AXIS2_PLACEMENT_3D ( 'NONE', #623, #1001, #265 ) ;
#806 = CYLINDRICAL_SURFACE ( 'NONE', #31, 1.700000000000000400 ) ;
#807 = CIRCLE ( 'NONE', #226, 29.99999999999999645 ) ;
#808 = CARTESIAN_POINT ( 'NONE',  ( 26.39662377616779310, 3.524985082554125793, -14.25576373095001514 ) ) ;
#809 = CARTESIAN_POINT ( 'NONE',  ( 26.78400677251890727, 5.223659068729071819, -13.51360259173802625 ) ) ;
#810 = CARTESIAN_POINT ( 'NONE',  ( 9.184850993605147944E-16, 0.000000000000000000, 7.500000000000000000 ) ) ;
#811 = VERTEX_POINT ( 'NONE', #922 ) ;
#812 = CARTESIAN_POINT ( 'NONE',  ( -25.92398481071409222, 3.300092473791055081, -15.09833069283983420 ) ) ;
#813 = ADVANCED_FACE ( 'NONE', ( #729, #1114 ), #187, .T. ) ;
#814 = CARTESIAN_POINT ( 'NONE',  ( 25.20655643284376879, 4.143255087722520713, -16.26765963287671113 ) ) ;
#815 = CARTESIAN_POINT ( 'NONE',  ( 1.654884252488179941, 4.552416443052167416, 29.95444175232931627 ) ) ;
#816 = DIRECTION ( 'NONE',  ( -0.000000000000000000, -1.000000000000000000, -0.000000000000000000 ) ) ;
#817 = VERTEX_POINT ( 'NONE', #279 ) ;
#818 = CARTESIAN_POINT ( 'NONE',  ( -26.34913033146672845, 3.471685843759228618, -14.34342907303122594 ) ) ;
#819 = FACE_OUTER_BOUND ( 'NONE', #1145, .T. ) ;
#820 = CARTESIAN_POINT ( 'NONE',  ( 1.307451837182621368, 4.239115027033186323, 2.701455611640042331 ) ) ;
#821 = DIRECTION ( 'NONE',  ( -0.5000000000000039968, 0.000000000000000000, 0.8660254037844363761 ) ) ;
#822 = FACE_BOUND ( 'NONE', #396, .T. ) ;
#823 = CIRCLE ( 'NONE', #1050, 29.99999999999999645 ) ;
#824 = CARTESIAN_POINT ( 'NONE',  ( -0.8527318365705147674, 6.474826450586403048, 29.98801982868773663 ) ) ;
#825 = VECTOR ( 'NONE', #168, 1000.000000000000114 ) ;
#826 = AXIS2_PLACEMENT_3D ( 'NONE', #1188, #1091, #787 ) ;
#827 = CARTESIAN_POINT ( 'NONE',  ( 26.78901501599485968, 4.778126545336081499, -13.50365411556450468 ) ) ;
#828 = CARTESIAN_POINT ( 'NONE',  ( -15.50000000000000000, 9.999999999999998224, 0.8667504192891974935 ) ) ;
#829 = FACE_OUTER_BOUND ( 'NONE', #1048, .T. ) ;
#830 = ORIENTED_EDGE ( 'NONE', *, *, #10, .T. ) ;
#831 = EDGE_CURVE ( 'NONE', #34, #1096, #65, .T. ) ;
#832 = ORIENTED_EDGE ( 'NONE', *, *, #774, .F. ) ;
#833 = CARTESIAN_POINT ( 'NONE',  ( 1.699999999999999956, 5.000000000000000000, 29.95179460399659988 ) ) ;
#834 = PLANE ( 'NONE',  #883 ) ;
#835 = CARTESIAN_POINT ( 'NONE',  ( 0.7603198214786194287, 3.692264250881598375, 2.907871593312236769 ) ) ;
#836 = CARTESIAN_POINT ( 'NONE',  ( 2.547576069537293986, 3.500065735238401921, -1.587403076186913120 ) ) ;
#837 = ORIENTED_EDGE ( 'NONE', *, *, #464, .T. ) ;
#838 = ORIENTED_EDGE ( 'NONE', *, *, #655, .F. ) ;
#839 = EDGE_CURVE ( 'NONE', #1036, #657, #1185, .T. ) ;
#840 = CARTESIAN_POINT ( 'NONE',  ( -25.08901501599465078, 5.000000000000000000, -16.44814048843196019 ) ) ;
#841 = CARTESIAN_POINT ( 'NONE',  ( 0.000000000000000000, 0.000000000000000000, 0.000000000000000000 ) ) ;
#842 = CARTESIAN_POINT ( 'NONE',  ( -0.8516660528054111889, 3.524523526436759813, 29.98805137247345698 ) ) ;
#843 = DIRECTION ( 'NONE',  ( -0.8660254037844362651, -0.000000000000000000, -0.5000000000000039968 ) ) ;
#844 = VERTEX_POINT ( 'NONE', #19 ) ;
#845 = ORIENTED_EDGE ( 'NONE', *, *, #831, .T. ) ;
#846 = AXIS2_PLACEMENT_3D ( 'NONE', #732, #1142, #1134 ) ;
#847 = CARTESIAN_POINT ( 'NONE',  ( -1.500000000000000222, 5.000000000000000000, 1.999999999999998224 ) ) ;
#848 = FACE_OUTER_BOUND ( 'NONE', #127, .T. ) ;
#849 = CARTESIAN_POINT ( 'NONE',  ( 1.196799736820474580, 4.075501381995227490, 2.754782372497109666 ) ) ;
#850 = CIRCLE ( 'NONE', #1209, 12.00000000000000000 ) ;
#851 = CARTESIAN_POINT ( 'NONE',  ( 0.000000000000000000, 0.000000000000000000, 0.000000000000000000 ) ) ;
#852 = ORIENTED_EDGE ( 'NONE', *, *, #871, .F. ) ;
#853 = AXIS2_PLACEMENT_3D ( 'NONE', #735, #421, #405 ) ;
#854 = EDGE_LOOP ( 'NONE', ( #768, #188 ) ) ;
#855 = CARTESIAN_POINT ( 'NONE',  ( 8.660254037844431707, 5.000000000000000000, -4.999999999999919176 ) ) ;
#856 = CARTESIAN_POINT ( 'NONE',  ( -2.136355784369822874, 6.298452731431842366, -2.107849584431621626 ) ) ;
#857 = ADVANCED_FACE ( 'NONE', ( #1059, #97 ), #858, .F. ) ;
#858 = CYLINDRICAL_SURFACE ( 'NONE', #632, 3.000000000000000000 ) ;
#859 = CARTESIAN_POINT ( 'NONE',  ( 25.21163360630846739, 5.851641199669860072, -16.25968467606801937 ) ) ;
#860 = ORIENTED_EDGE ( 'NONE', *, *, #1000, .T. ) ;
#861 = FACE_OUTER_BOUND ( 'NONE', #137, .T. ) ;
#862 = CARTESIAN_POINT ( 'NONE',  ( -2.693140334019782145, 6.490107138587878133, -1.325377749271047234 ) ) ;
#863 = CARTESIAN_POINT ( 'NONE',  ( 2.779867201097733886, 6.458732603962939578, -1.142799428150781171 ) ) ;
#864 = CARTESIAN_POINT ( 'NONE',  ( 25.18322354573975375, 5.753998459568897772, -16.30359096091028803 ) ) ;
#865 = ORIENTED_EDGE ( 'NONE', *, *, #1136, .F. ) ;
#866 = CARTESIAN_POINT ( 'NONE',  ( 1.500000000000025313, 5.100812466908744902, -2.598076211353301801 ) ) ;
#867 = CARTESIAN_POINT ( 'NONE',  ( 1.475383698750668549, 5.851817002123903322, 29.96376246672348742 ) ) ;
#868 = AXIS2_PLACEMENT_3D ( 'NONE', #968, #321, #129 ) ;
#869 = ORIENTED_EDGE ( 'NONE', *, *, #1029, .T. ) ;
#870 = CARTESIAN_POINT ( 'NONE',  ( -2.647115742997324883, 6.500084894921983825, -1.415145934511525150 ) ) ;
#871 = EDGE_CURVE ( 'NONE', #302, #526, #293, .T. ) ;
#872 = DIRECTION ( 'NONE',  ( 0.8660254037844432595, -0.000000000000000000, -0.4999999999999920064 ) ) ;
#873 = CARTESIAN_POINT ( 'NONE',  ( 26.25009271092820740, 6.613445403140101320, -14.52388486944256307 ) ) ;
#874 = ORIENTED_EDGE ( 'NONE', *, *, #1152, .F. ) ;
#875 = ADVANCED_FACE ( 'NONE', ( #194, #561 ), #287, .F. ) ;
#876 = CARTESIAN_POINT ( 'NONE',  ( 1.732050807568885631, 5.000000000000000000, -0.9999999999999826805 ) ) ;
#877 = CARTESIAN_POINT ( 'NONE',  ( 25.08901501599487815, 5.000000000000000000, -16.44814048843161203 ) ) ;
#878 = ORIENTED_EDGE ( 'NONE', *, *, #449, .T. ) ;
#879 = CARTESIAN_POINT ( 'NONE',  ( -0.9269101245195003891, 3.805057158793731631, 2.856910549263499188 ) ) ;
#880 = CIRCLE ( 'NONE', #359, 1.699999999999999956 ) ;
#881 = CARTESIAN_POINT ( 'NONE',  ( 1.500000000000024425, 4.999999999999999112, -2.598076211353301801 ) ) ;
#882 = CARTESIAN_POINT ( 'NONE',  ( 3.673940398085638726E-15, 3.299999999999999822, 29.99999999999999645 ) ) ;
#883 = AXIS2_PLACEMENT_3D ( 'NONE', #855, #291, #480 ) ;
#884 = ORIENTED_EDGE ( 'NONE', *, *, #241, .F. ) ;
#885 = VECTOR ( 'NONE', #255, 1000.000000000000114 ) ;
#886 = PRODUCT_DEFINITION_CONTEXT ( 'detailed design', #769, 'design' ) ;
#887 = VECTOR ( 'NONE', #747, 1000.000000000000114 ) ;
#888 = B_SPLINE_CURVE_WITH_KNOTS ( 'NONE', 3,
 ( #1219, #285, #549, #565, #935, #96, #475, #842, #24, #1067, #577, #487, #510, #948 ),
 .UNSPECIFIED., .F., .F.,
 ( 4, 2, 2, 2, 2, 2, 4 ),
 ( 0.005316039956943223281, 0.005980736904451247789, 0.006645433851959272296, 0.006977782325713284550, 0.007310130799467296804, 0.007642479273221309058, 0.007974827746975320444 ),
 .UNSPECIFIED. ) ;
#889 = CARTESIAN_POINT ( 'NONE',  ( 8.660254037844431707, 5.000000000000000000, -4.999999999999918288 ) ) ;
#890 = CARTESIAN_POINT ( 'NONE',  ( -2.993265570535218245, 4.239394284888562403, -0.2182728117264343404 ) ) ;
#891 = EDGE_CURVE ( 'NONE', #300, #706, #925, .T. ) ;
#892 = CARTESIAN_POINT ( 'NONE',  ( 1.123304917261477964, 3.719189068569795253, 29.97906511095850490 ) ) ;
#893 = ORIENTED_EDGE ( 'NONE', *, *, #10, .F. ) ;
#894 = ADVANCED_FACE ( 'NONE', ( #1040 ), #471, .F. ) ;
#895 =( NAMED_UNIT ( * ) SI_UNIT ( $, .STERADIAN. ) SOLID_ANGLE_UNIT ( ) );
#896 = DIRECTION ( 'NONE',  ( -0.000000000000000000, -1.000000000000000000, -0.000000000000000000 ) ) ;
#897 = CARTESIAN_POINT ( 'NONE',  ( -1.190782912818232564, 5.917271501723760707, 2.754188319406898788 ) ) ;
#898 = DIRECTION ( 'NONE',  ( -0.5000000000000038858, 0.000000000000000000, 0.8660254037844364872 ) ) ;
#899 = VERTEX_POINT ( 'NONE', #299 ) ;
#900 = FACE_OUTER_BOUND ( 'NONE', #742, .T. ) ;
#901 = CARTESIAN_POINT ( 'NONE',  ( 26.78901501599485258, 5.000000000000000000, -13.50365411556450468 ) ) ;
#902 = CARTESIAN_POINT ( 'NONE',  ( 0.7536639947538257278, 3.472120875940843288, 29.99070855181465234 ) ) ;
#903 = CARTESIAN_POINT ( 'NONE',  ( 0.000000000000000000, 0.000000000000000000, -7.500000000000000000 ) ) ;
#904 = EDGE_LOOP ( 'NONE', ( #878, #569 ) ) ;
#905 = VECTOR ( 'NONE', #718, 1000.000000000000000 ) ;
#906 = ADVANCED_FACE ( 'NONE', ( #401, #305 ), #668, .T. ) ;
#907 = VECTOR ( 'NONE', #154, 1000.000000000000000 ) ;
#908 = EDGE_CURVE ( 'NONE', #657, #1036, #1123, .T. ) ;
#909 = CARTESIAN_POINT ( 'NONE',  ( 25.54521144604615301, 3.523845756497980375, -15.73056615703511518 ) ) ;
#910 = CARTESIAN_POINT ( 'NONE',  ( 0.000000000000000000, 0.000000000000000000, -3.000000000000000000 ) ) ;
#911 = CARTESIAN_POINT ( 'NONE',  ( -8.660254037844362429, 5.000000000000000000, -5.000000000000039080 ) ) ;
#912 = ORIENTED_EDGE ( 'NONE', *, *, #799, .T. ) ;
#913 = CARTESIAN_POINT ( 'NONE',  ( -15.50000000000000000, 11.99999999999999822, -7.499999999999998224 ) ) ;
#914 = CARTESIAN_POINT ( 'NONE',  ( 25.27537209865695544, 3.953829003347301363, -16.16107197887371427 ) ) ;
#915 = CARTESIAN_POINT ( 'NONE',  ( 3.673716643215054566E-16, 6.500000000000000888, 3.000000000000000000 ) ) ;
#916 = DIRECTION ( 'NONE',  ( -0.8660254037844362651, 0.000000000000000000, -0.5000000000000039968 ) ) ;
#917 = ORIENTED_EDGE ( 'NONE', *, *, #723, .F. ) ;
#918 = CARTESIAN_POINT ( 'NONE',  ( -0.1108816245932635058, 6.700000000000001066, 29.99999999999999645 ) ) ;
#919 = CARTESIAN_POINT ( 'NONE',  ( -7.810254037844355679, 5.000000000000000000, -6.472243186433581208 ) ) ;
#920 = CARTESIAN_POINT ( 'NONE',  ( -25.31655259646339928, 6.123002479060392744, -16.09591485133798727 ) ) ;
#921 = ADVANCED_FACE ( 'NONE', ( #232 ), #523, .T. ) ;
#922 = CARTESIAN_POINT ( 'NONE',  ( 3.673940397442059178E-15, 0.000000000000000000, 29.99999999999999645 ) ) ;
#923 = ORIENTED_EDGE ( 'NONE', *, *, #219, .T. ) ;
#924 = CARTESIAN_POINT ( 'NONE',  ( -25.08901501599466144, 4.778126545336081499, -16.44814048843196375 ) ) ;
#925 = CIRCLE ( 'NONE', #1170, 3.000000000000000000 ) ;
#926 = AXIS2_PLACEMENT_3D ( 'NONE', #639, #474, #354 ) ;
#927 = LINE ( 'NONE', #462, #887 ) ;
#928 = EDGE_CURVE ( 'NONE', #773, #736, #1053, .T. ) ;
#929 = CARTESIAN_POINT ( 'NONE',  ( 2.948862112352722331, 6.128703884522690437, -0.5563400573117244230 ) ) ;
#930 = VERTEX_POINT ( 'NONE', #1162 ) ;
#931 = ORIENTED_EDGE ( 'NONE', *, *, #1045, .F. ) ;
#932 = ADVANCED_FACE ( 'NONE', ( #781 ), #506, .F. ) ;
#933 = CARTESIAN_POINT ( 'NONE',  ( -15.50000000000000000, 11.99999999999999822, 7.499999999999998224 ) ) ;
#934 = CARTESIAN_POINT ( 'NONE',  ( 7.810254037844445385, 5.000000000000000000, -6.472243186433473738 ) ) ;
#935 = CARTESIAN_POINT ( 'NONE',  ( -1.359194483786344110, 3.955124236603503096, 29.96960464974251792 ) ) ;
#936 = CARTESIAN_POINT ( 'NONE',  ( 2.933700382520526340, 3.810365379014525544, -0.6328149202457793443 ) ) ;
#937 = EDGE_LOOP ( 'NONE', ( #266, #21, #1041, #436, #320 ) ) ;
#938 = ORIENTED_EDGE ( 'NONE', *, *, #531, .T. ) ;
#939 = CARTESIAN_POINT ( 'NONE',  ( -26.76872887079965224, 4.552188056658080129, -13.54409065884016528 ) ) ;
#940 = ADVANCED_BREP_SHAPE_REPRESENTATION ( 'knop Marcel', ( #398, #286 ), #984 ) ;
#941 = FACE_OUTER_BOUND ( 'NONE', #665, .T. ) ;
#942 = CARTESIAN_POINT ( 'NONE',  ( -26.20158589153301065, 6.655282069431669001, -14.61228150223423938 ) ) ;
#943 = CARTESIAN_POINT ( 'NONE',  ( 1.787101442169019672, 4.075821855380222125, -2.413999805058128612 ) ) ;
#944 = EDGE_LOOP ( 'NONE', ( #664, #677 ) ) ;
#945 = ORIENTED_EDGE ( 'NONE', *, *, #449, .F. ) ;
#946 = LINE ( 'NONE', #576, #635 ) ;
#947 = DIRECTION ( 'NONE',  ( -0.000000000000000000, -1.000000000000000000, -0.000000000000000000 ) ) ;
#948 = CARTESIAN_POINT ( 'NONE',  ( 3.673940398085638726E-15, 3.299999999999999822, 29.99999999999999645 ) ) ;
#949 = CIRCLE ( 'NONE', #163, 1.500000000000000222 ) ;
#950 = VECTOR ( 'NONE', #971, 1000.000000000000000 ) ;
#951 = CARTESIAN_POINT ( 'NONE',  ( 2.998959514272441673, 5.488781011300826407, -0.08996660988237456524 ) ) ;
#952 = VERTEX_POINT ( 'NONE', #703 ) ;
#953 = EDGE_LOOP ( 'NONE', ( #497, #1087, #869, #114 ) ) ;
#954 = LINE ( 'NONE', #934, #539 ) ;
#955 = FACE_OUTER_BOUND ( 'NONE', #1139, .T. ) ;
#956 = CARTESIAN_POINT ( 'NONE',  ( 2.319124818961394663, 3.579083257355102354, -1.905282227664108152 ) ) ;
#957 = DIRECTION ( 'NONE',  ( -0.000000000000000000, -1.000000000000000000, -0.000000000000000000 ) ) ;
#958 = EDGE_LOOP ( 'NONE', ( #624, #1028 ) ) ;
#959 = DIRECTION ( 'NONE',  ( 0.000000000000000000, 0.000000000000000000, -1.000000000000000000 ) ) ;
#960 = CARTESIAN_POINT ( 'NONE',  ( -2.972543909908995197, 5.991320596881225313, -0.4115066106182990735 ) ) ;
#961 = CARTESIAN_POINT ( 'NONE',  ( 1.577806041138178017, 5.489808689753766124, -2.551927918182771649 ) ) ;
#962 = EDGE_CURVE ( 'NONE', #1030, #681, #533, .T. ) ;
#963 = CARTESIAN_POINT ( 'NONE',  ( 25.08901501599488171, 5.112347166467834825, -16.44814048843162269 ) ) ;
#964 = ORIENTED_EDGE ( 'NONE', *, *, #123, .F. ) ;
#965 = ADVANCED_FACE ( 'NONE', ( #1064 ), #776, .F. ) ;
#966 = B_SPLINE_CURVE_WITH_KNOTS ( 'NONE', 3,
 ( #215, #500, #318, #586, #1172, #419, #867, #760, #329, #684, #512, #414, #507, #136 ),
 .UNSPECIFIED., .F., .F.,
 ( 4, 2, 2, 2, 2, 2, 4 ),
 ( 0.000000000000000000, 0.0003323282642602488359, 0.0006646565285204976718, 0.0009969847927807464535, 0.001329313057040995344, 0.001993969585561492907, 0.002658626114081990687 ),
 .UNSPECIFIED. ) ;
#967 = CIRCLE ( 'NONE', #846, 1.500000000000000222 ) ;
#968 = CARTESIAN_POINT ( 'NONE',  ( -15.50000000000000000, 22.00000000000000000, 0.000000000000000000 ) ) ;
#969 = VECTOR ( 'NONE', #346, 1000.000000000000000 ) ;
#970 = CARTESIAN_POINT ( 'NONE',  ( 1.549469508190596700, 5.396398270848790979, -2.568980134310090868 ) ) ;
#971 = DIRECTION ( 'NONE',  ( -0.000000000000000000, -1.000000000000000000, -0.000000000000000000 ) ) ;
#972 = ADVANCED_FACE ( 'NONE', ( #602 ), #976, .F. ) ;
#973 = AXIS2_PLACEMENT_3D ( 'NONE', #1163, #688, #126 ) ;
#974 = ORIENTED_EDGE ( 'NONE', *, *, #172, .T. ) ;
#975 = PLANE ( 'NONE',  #446 ) ;
#976 = CYLINDRICAL_SURFACE ( 'NONE', #107, 1.500000000000000222 ) ;
#977 = CARTESIAN_POINT ( 'NONE',  ( 25.54312843737368155, 6.485736674537223578, -15.73500758067027405 ) ) ;
#978 = ORIENTED_EDGE ( 'NONE', *, *, #1136, .T. ) ;
#979 = DIRECTION ( 'NONE',  ( 1.000000000000000000, 0.000000000000000000, 0.000000000000000000 ) ) ;
#980 = CARTESIAN_POINT ( 'NONE',  ( 0.000000000000000000, 0.000000000000000000, 0.000000000000000000 ) ) ;
#981 = CARTESIAN_POINT ( 'NONE',  ( -1.421483182539801104, 5.489034136330478653, 2.642203929290310782 ) ) ;
#982 = DIRECTION ( 'NONE',  ( 0.000000000000000000, 0.000000000000000000, 1.000000000000000000 ) ) ;
#983 = ORIENTED_EDGE ( 'NONE', *, *, #687, .F. ) ;
#984 =( GEOMETRIC_REPRESENTATION_CONTEXT ( 3 ) GLOBAL_UNCERTAINTY_ASSIGNED_CONTEXT ( ( #1089 ) ) GLOBAL_UNIT_ASSIGNED_CONTEXT ( ( #202, #486, #1147 ) ) REPRESENTATION_CONTEXT ( 'NONE', 'WORKASPACE' ) );
#985 = DIRECTION ( 'NONE',  ( -0.000000000000000000, -1.000000000000000000, -0.000000000000000000 ) ) ;
#986 = CARTESIAN_POINT ( 'NONE',  ( 26.78901501599485258, 5.000000000000000000, -13.50365411556450468 ) ) ;
#987 = EDGE_CURVE ( 'NONE', #1056, #701, #8, .T. ) ;
#988 = DIRECTION ( 'NONE',  ( 0.8660254037844432595, -0.000000000000000000, -0.4999999999999920064 ) ) ;
#989 = ORIENTED_EDGE ( 'NONE', *, *, #1161, .F. ) ;
#990 = VECTOR ( 'NONE', #1180, 1000.000000000000000 ) ;
#991 = CIRCLE ( 'NONE', #485, 7.500000000000000000 ) ;
#992 = DIRECTION ( 'NONE',  ( 0.8660254037844433705, -0.000000000000000000, -0.4999999999999919509 ) ) ;
#993 = CARTESIAN_POINT ( 'NONE',  ( 26.35012592007151611, 3.472730168056925137, -14.34159806758217037 ) ) ;
#994 = CARTESIAN_POINT ( 'NONE',  ( 26.76436863679480282, 5.441535427734783603, -13.55245532261672281 ) ) ;
#995 = CYLINDRICAL_SURFACE ( 'NONE', #268, 1.500000000000000666 ) ;
#996 = ORIENTED_EDGE ( 'NONE', *, *, #315, .T. ) ;
#997 = SURFACE_STYLE_FILL_AREA ( #619 ) ;
#998 = CYLINDRICAL_SURFACE ( 'NONE', #518, 1.699999999999999956 ) ;
#999 = CARTESIAN_POINT ( 'NONE',  ( 1.699999999999999956, 5.000000000000000000, 29.95179460399659988 ) ) ;
#1000 = EDGE_CURVE ( 'NONE', #466, #811, #1213, .T. ) ;
#1001 = DIRECTION ( 'NONE',  ( -0.000000000000000000, -1.000000000000000000, -0.000000000000000000 ) ) ;
#1002 = ORIENTED_EDGE ( 'NONE', *, *, #687, .T. ) ;
#1003 = EDGE_CURVE ( 'NONE', #156, #347, #880, .T. ) ;
#1004 = DIRECTION ( 'NONE',  ( -0.000000000000000000, -1.000000000000000000, -0.000000000000000000 ) ) ;
#1005 = DIRECTION ( 'NONE',  ( 1.000000000000000000, 0.000000000000000000, 0.000000000000000000 ) ) ;
#1006 = CARTESIAN_POINT ( 'NONE',  ( -1.500000000000000000, 5.099351037013621912, 2.598076211353315568 ) ) ;
#1007 = CARTESIAN_POINT ( 'NONE',  ( 0.000000000000000000, 11.99999999999999822, -27.50000000000000000 ) ) ;
#1008 = ORIENTED_EDGE ( 'NONE', *, *, #257, .F. ) ;
#1009 = AXIS2_PLACEMENT_3D ( 'NONE', #476, #1144, #112 ) ;
#1010 = CARTESIAN_POINT ( 'NONE',  ( -0.2235039371089506399, 6.688904500956977195, 29.99936544890915258 ) ) ;
#1011 = VECTOR ( 'NONE', #1004, 1000.000000000000000 ) ;
#1012 = CARTESIAN_POINT ( 'NONE',  ( 3.673940397442059178E-15, 0.000000000000000000, 29.99999999999999645 ) ) ;
#1013 = APPLICATION_CONTEXT ( 'automotive_design' ) ;
#1014 = DIRECTION ( 'NONE',  ( -0.000000000000000000, -1.000000000000000000, -0.000000000000000000 ) ) ;
#1015 = DIRECTION ( 'NONE',  ( -0.000000000000000000, -1.000000000000000000, -0.000000000000000000 ) ) ;
#1016 = VERTEX_POINT ( 'NONE', #534 ) ;
#1017 = CARTESIAN_POINT ( 'NONE',  ( -1.613311905121135981, 5.547401771874247878, 29.95661943809867367 ) ) ;
#1018 = DIRECTION ( 'NONE',  ( -1.000000000000000000, 0.000000000000000000, 0.000000000000000000 ) ) ;
#1019 = CARTESIAN_POINT ( 'NONE',  ( -25.13655880756947170, 5.547521965170710168, -16.37544614465403825 ) ) ;
#1020 = CARTESIAN_POINT ( 'NONE',  ( 1.510151624112927360, 4.800121277651945739, -2.592285909521875986 ) ) ;
#1021 = CARTESIAN_POINT ( 'NONE',  ( 0.000000000000000000, 7.500000000000000000, -27.50000000000000000 ) ) ;
#1022 = ORIENTED_EDGE ( 'NONE', *, *, #246, .T. ) ;
#1023 = DIRECTION ( 'NONE',  ( 0.000000000000000000, 1.000000000000000000, 0.000000000000000000 ) ) ;
#1024 = ADVANCED_FACE ( 'NONE', ( #627 ), #998, .F. ) ;
#1025 = CARTESIAN_POINT ( 'NONE',  ( 0.000000000000000000, 0.000000000000000000, 0.000000000000000000 ) ) ;
#1026 = CARTESIAN_POINT ( 'NONE',  ( 0.000000000000000000, 0.000000000000000000, 0.000000000000000000 ) ) ;
#1027 = CARTESIAN_POINT ( 'NONE',  ( 1.577758056007476650, 4.510280675208584888, -2.551960024319764653 ) ) ;
#1028 = ORIENTED_EDGE ( 'NONE', *, *, #257, .T. ) ;
#1029 = EDGE_CURVE ( 'NONE', #440, #503, #850, .T. ) ;
#1030 = VERTEX_POINT ( 'NONE', #727 ) ;
#1031 = CARTESIAN_POINT ( 'NONE',  ( -0.7532385336263524023, 6.528081900394325565, 29.99071896733379816 ) ) ;
#1032 = VECTOR ( 'NONE', #1190, 1000.000000000000000 ) ;
#1033 = CARTESIAN_POINT ( 'NONE',  ( -25.40143796758433226, 6.281680691909422798, -15.96161832177383744 ) ) ;
#1034 = CARTESIAN_POINT ( 'NONE',  ( 2.949215967018955720, 3.872902822950549773, -0.5544434957309080092 ) ) ;
#1035 = VERTEX_POINT ( 'NONE', #1112 ) ;
#1036 = VERTEX_POINT ( 'NONE', #243 ) ;
#1037 = CARTESIAN_POINT ( 'NONE',  ( -0.4414937314532921264, 6.645428730861164368, 29.99694925541919943 ) ) ;
#1038 = DIRECTION ( 'NONE',  ( 1.000000000000000000, 0.000000000000000000, 0.000000000000000000 ) ) ;
#1039 = CARTESIAN_POINT ( 'NONE',  ( -26.78901501599466428, 5.000000000000000000, -13.50365411556487771 ) ) ;
#1040 = FACE_OUTER_BOUND ( 'NONE', #307, .T. ) ;
#1041 = ORIENTED_EDGE ( 'NONE', *, *, #740, .T. ) ;
#1042 = EDGE_CURVE ( 'NONE', #281, #1035, #716, .T. ) ;
#1043 = ORIENTED_EDGE ( 'NONE', *, *, #774, .T. ) ;
#1044 = DIRECTION ( 'NONE',  ( -0.000000000000000000, -0.000000000000000000, 1.000000000000000000 ) ) ;
#1045 = EDGE_CURVE ( 'NONE', #7, #526, #242, .T. ) ;
#1046 = PRODUCT_CONTEXT ( 'NONE', #1013, 'mechanical' ) ;
#1047 = CARTESIAN_POINT ( 'NONE',  ( 0.000000000000000000, 0.000000000000000000, -7.500000000000000000 ) ) ;
#1048 = EDGE_LOOP ( 'NONE', ( #85, #838 ) ) ;
#1049 = VECTOR ( 'NONE', #988, 1000.000000000000000 ) ;
#1050 = AXIS2_PLACEMENT_3D ( 'NONE', #841, #947, #277 ) ;
#1051 = CARTESIAN_POINT ( 'NONE',  ( 1.500000000000000222, 5.000000000000000000, 2.598076211353316012 ) ) ;
#1052 = CARTESIAN_POINT ( 'NONE',  ( -2.898730990700398635, 6.307543912381430751, -0.7948011425454670764 ) ) ;
#1053 = CIRCLE ( 'NONE', #1088, 7.500000000000000000 ) ;
#1054 = AXIS2_PLACEMENT_3D ( 'NONE', #62, #514, #338 ) ;
#1055 = CARTESIAN_POINT ( 'NONE',  ( 2.933623211166224376, 6.189895129192545475, -0.6331672471833427185 ) ) ;
#1056 = VERTEX_POINT ( 'NONE', #1099 ) ;
#1057 = EDGE_CURVE ( 'NONE', #483, #1122, #784, .T. ) ;
#1058 = CARTESIAN_POINT ( 'NONE',  ( -1.499999999999988454, 5.000000000000000000, -2.598076211353322673 ) ) ;
#1059 = FACE_BOUND ( 'NONE', #467, .T. ) ;
#1060 = DIRECTION ( 'NONE',  ( 0.000000000000000000, 0.000000000000000000, -1.000000000000000000 ) ) ;
#1061 = EDGE_LOOP ( 'NONE', ( #141, #1221, #50, #253 ) ) ;
#1062 = CARTESIAN_POINT ( 'NONE',  ( -1.686234827504356382, 5.762086610268300824, -2.482744598839568884 ) ) ;
#1063 = ADVANCED_FACE ( 'NONE', ( #553 ), #81, .T. ) ;
#1064 = FACE_OUTER_BOUND ( 'NONE', #937, .T. ) ;
#1065 = CARTESIAN_POINT ( 'NONE',  ( 25.75539993395087990, 6.655282069431670777, -15.38509825039028733 ) ) ;
#1066 = ORIENTED_EDGE ( 'NONE', *, *, #797, .T. ) ;
#1067 = CARTESIAN_POINT ( 'NONE',  ( -0.5482476767957825681, 3.386981751984008415, 29.99516649854209760 ) ) ;
#1068 = CARTESIAN_POINT ( 'NONE',  ( 0.000000000000000000, 5.000000000000000000, 9.999999999999998224 ) ) ;
#1069 = CARTESIAN_POINT ( 'NONE',  ( 26.52388593595951605, 6.281680691909423686, -14.01748141169554884 ) ) ;
#1070 = AXIS2_PLACEMENT_3D ( 'NONE', #753, #1141, #390 ) ;
#1071 = ORIENTED_EDGE ( 'NONE', *, *, #655, .T. ) ;
#1072 = DIRECTION ( 'NONE',  ( -0.000000000000000000, -0.000000000000000000, 1.000000000000000000 ) ) ;
#1073 = CARTESIAN_POINT ( 'NONE',  ( 1.842647133575189722, 5.991320596881229754, -2.368545234536752364 ) ) ;
#1074 = FACE_OUTER_BOUND ( 'NONE', #725, .T. ) ;
#1075 = ORIENTED_EDGE ( 'NONE', *, *, #621, .F. ) ;
#1076 = EDGE_CURVE ( 'NONE', #669, #472, #949, .T. ) ;
#1077 = FILL_AREA_STYLE_COLOUR ( '', #709 ) ;
#1078 = EDGE_CURVE ( 'NONE', #189, #91, #151, .T. ) ;
#1079 = CARTESIAN_POINT ( 'NONE',  ( 0.000000000000000000, 0.000000000000000000, 0.000000000000000000 ) ) ;
#1080 = CARTESIAN_POINT ( 'NONE',  ( -8.660254037844362429, 5.000000000000000000, -5.000000000000039080 ) ) ;
#1081 = DIRECTION ( 'NONE',  ( -0.000000000000000000, -1.000000000000000000, -0.000000000000000000 ) ) ;
#1082 = ORIENTED_EDGE ( 'NONE', *, *, #376, .F. ) ;
#1083 =( LENGTH_UNIT ( ) NAMED_UNIT ( * ) SI_UNIT ( .MILLI., .METRE. ) );
#1084 = CARTESIAN_POINT ( 'NONE',  ( 0.000000000000000000, 7.500000000000000000, 0.000000000000000000 ) ) ;
#1085 = CARTESIAN_POINT ( 'NONE',  ( -1.450462349962869935, 5.394957628225826696, 2.626150969578787020 ) ) ;
#1086 = DIRECTION ( 'NONE',  ( 0.000000000000000000, 1.000000000000000000, 0.000000000000000000 ) ) ;
#1087 = ORIENTED_EDGE ( 'NONE', *, *, #538, .T. ) ;
#1088 = AXIS2_PLACEMENT_3D ( 'NONE', #980, #333, #236 ) ;
#1089 = UNCERTAINTY_MEASURE_WITH_UNIT (LENGTH_MEASURE( 1.000000000000000082E-05 ), #202, 'distance_accuracy_value', 'NONE');
#1090 = AXIS2_PLACEMENT_3D ( 'NONE', #313, #1150, #772 ) ;
#1091 = DIRECTION ( 'NONE',  ( 0.8660254037844433705, -0.000000000000000000, -0.4999999999999919509 ) ) ;
#1092 = ADVANCED_FACE ( 'NONE', ( #456, #819 ), #834, .T. ) ;
#1093 = CARTESIAN_POINT ( 'NONE',  ( 26.76900904605764353, 4.554487101397693749, -13.54353513689741106 ) ) ;
#1094 = CARTESIAN_POINT ( 'NONE',  ( 1.450120174509482940, 5.396191881267972335, 2.626340628111683007 ) ) ;
#1095 = CARTESIAN_POINT ( 'NONE',  ( 1.500000000000000222, 5.000000000000000000, 9.999999999999998224 ) ) ;
#1096 = VERTEX_POINT ( 'NONE', #102 ) ;
#1097 = PRODUCT_RELATED_PRODUCT_CATEGORY ( 'part', '', ( #654 ) ) ;
#1098 = FACE_OUTER_BOUND ( 'NONE', #387, .T. ) ;
#1099 = CARTESIAN_POINT ( 'NONE',  ( -7.910254037844356212, 5.000000000000000000, -6.299038105676693533 ) ) ;
#1100 = ADVANCED_FACE ( 'NONE', ( #861 ), #671, .F. ) ;
#1101 = CARTESIAN_POINT ( 'NONE',  ( 1.700000000000000178, 4.775473271571488709, 29.95179460399660343 ) ) ;
#1102 = DIRECTION ( 'NONE',  ( -0.5000000000000039968, 0.000000000000000000, 0.8660254037844362651 ) ) ;
#1103 = EDGE_LOOP ( 'NONE', ( #248, #893 ) ) ;
#1104 = CARTESIAN_POINT ( 'NONE',  ( -1.688885364152220570, 5.223608024816059014, 29.95243128027567536 ) ) ;
#1105 = DIRECTION ( 'NONE',  ( 0.000000000000000000, 0.000000000000000000, -1.000000000000000000 ) ) ;
#1106 = CARTESIAN_POINT ( 'NONE',  ( 1.130271877986772644, 5.990887238431372275, 2.779897518548358981 ) ) ;
#1107 = LINE ( 'NONE', #803, #425 ) ;
#1108 = VERTEX_POINT ( 'NONE', #184 ) ;
#1109 = AXIS2_PLACEMENT_3D ( 'NONE', #1007, #72, #180 ) ;
#1110 = CIRCLE ( 'NONE', #1054, 27.50000000000000000 ) ;
#1111 = CARTESIAN_POINT ( 'NONE',  ( -25.75751672951030002, 3.354519366004360403, -15.38057664601403474 ) ) ;
#1112 = CARTESIAN_POINT ( 'NONE',  ( -25.08901501599465078, 5.000000000000000000, -16.44814048843196019 ) ) ;
#1113 = CARTESIAN_POINT ( 'NONE',  ( -26.74973850617448079, 5.548117064297692025, -13.58135914504373432 ) ) ;
#1114 = FACE_OUTER_BOUND ( 'NONE', #459, .T. ) ;
#1115 = ORIENTED_EDGE ( 'NONE', *, *, #1057, .T. ) ;
#1116 = ADVANCED_FACE ( 'NONE', ( #848 ), #493, .F. ) ;
#1117 = CARTESIAN_POINT ( 'NONE',  ( -26.63358493542201799, 3.953829003347302251, -13.80857833810433810 ) ) ;
#1118 = DIRECTION ( 'NONE',  ( -0.000000000000000000, -1.000000000000000000, -0.000000000000000000 ) ) ;
#1119 = CARTESIAN_POINT ( 'NONE',  ( -26.48785753563868539, 6.359092118844328567, -14.08609399537227524 ) ) ;
#1120 = CARTESIAN_POINT ( 'NONE',  ( -0.9820508075688672012, 5.000000000000000000, -2.299038105676662447 ) ) ;
#1121 = ORIENTED_EDGE ( 'NONE', *, *, #662, .F. ) ;
#1122 = VERTEX_POINT ( 'NONE', #651 ) ;
#1123 = B_SPLINE_CURVE_WITH_KNOTS ( 'NONE', 3,
 ( #741, #749, #759, #381, #951, #488, #312, #929, #1055, #211, #585, #863, #679, #1127, #596, #611, #46, #323, #218, #1073, #698, #591, #339, #961, #970, #1178, #866, #881 ),
 .UNSPECIFIED., .F., .F.,
 ( 4, 2, 2, 2, 2, 2, 2, 2, 2, 2, 2, 2, 2, 4 ),
 ( 0.004770895364085830752, 0.005068549236698974975, 0.005366203109312120065, 0.005961510854538408510, 0.006259164727151553601, 0.006556818599764697823, 0.007152126344990988004, 0.007449780217604133094, 0.007747434090217278184, 0.008342741835443565762, 0.008640395708056709118, 0.008938049580669852473, 0.009235703453282995828, 0.009533357325896137449 ),
 .UNSPECIFIED. ) ;
#1124 = CARTESIAN_POINT ( 'NONE',  ( -25.59525121742780840, 3.472730168056923805, -15.64907940590953217 ) ) ;
#1125 = DIRECTION ( 'NONE',  ( 0.000000000000000000, 0.000000000000000000, -1.000000000000000000 ) ) ;
#1126 = CARTESIAN_POINT ( 'NONE',  ( -26.78404836137182343, 5.222812219204928219, -13.51351995058079503 ) ) ;
#1127 = CARTESIAN_POINT ( 'NONE',  ( 2.549110200847921170, 6.500084894921981160, -1.584896512937624902 ) ) ;
#1128 = ORIENTED_EDGE ( 'NONE', *, *, #1057, .F. ) ;
#1129 = PRODUCT_DEFINITION_FORMATION_WITH_SPECIFIED_SOURCE ( 'ANY', '', #654, .NOT_KNOWN. ) ;
#1130 = ORIENTED_EDGE ( 'NONE', *, *, #745, .F. ) ;
#1131 = AXIS2_PLACEMENT_3D ( 'NONE', #1210, #175, #1102 ) ;
#1132 = CARTESIAN_POINT ( 'NONE',  ( -1.700000000000000178, 5.110936781466652867, 29.95179460399660343 ) ) ;
#1133 = AXIS2_PLACEMENT_3D ( 'NONE', #889, #715, #605 ) ;
#1134 = DIRECTION ( 'NONE',  ( 1.000000000000000000, 0.000000000000000000, 0.000000000000000000 ) ) ;
#1135 = CARTESIAN_POINT ( 'NONE',  ( 1.500000000000000222, 5.000000000000000000, 2.598076211353316012 ) ) ;
#1136 = EDGE_CURVE ( 'NONE', #930, #706, #469, .T. ) ;
#1137 = CARTESIAN_POINT ( 'NONE',  ( 2.137729923890890671, 3.692593841549137057, -2.112787718726885533 ) ) ;
#1138 = ORIENTED_EDGE ( 'NONE', *, *, #1042, .F. ) ;
#1139 = EDGE_LOOP ( 'NONE', ( #1115, #16 ) ) ;
#1140 = EDGE_CURVE ( 'NONE', #1096, #34, #361, .T. ) ;
#1141 = DIRECTION ( 'NONE',  ( 0.000000000000000000, 0.000000000000000000, 1.000000000000000000 ) ) ;
#1142 = DIRECTION ( 'NONE',  ( 0.000000000000000000, 0.000000000000000000, 1.000000000000000000 ) ) ;
#1143 = FACE_OUTER_BOUND ( 'NONE', #556, .T. ) ;
#1144 = DIRECTION ( 'NONE',  ( -0.000000000000000000, -1.000000000000000000, -0.000000000000000000 ) ) ;
#1145 = EDGE_LOOP ( 'NONE', ( #845, #520 ) ) ;
#1146 = ORIENTED_EDGE ( 'NONE', *, *, #229, .F. ) ;
#1147 =( NAMED_UNIT ( * ) SI_UNIT ( $, .STERADIAN. ) SOLID_ANGLE_UNIT ( ) );
#1148 = CARTESIAN_POINT ( 'NONE',  ( -1.787178821280508201, 5.924339634321991177, -2.413959388416116791 ) ) ;
#1149 = CARTESIAN_POINT ( 'NONE',  ( 0.000000000000000000, 1.999999999999999556, 0.000000000000000000 ) ) ;
#1150 = DIRECTION ( 'NONE',  ( 0.000000000000000000, 1.000000000000000000, 0.000000000000000000 ) ) ;
#1151 = ORIENTED_EDGE ( 'NONE', *, *, #54, .F. ) ;
#1152 = EDGE_CURVE ( 'NONE', #811, #133, #823, .T. ) ;
#1153 = DIRECTION ( 'NONE',  ( -0.8660254037844362651, -0.000000000000000000, -0.5000000000000039968 ) ) ;
#1154 = CARTESIAN_POINT ( 'NONE',  ( -7.810254037844355679, 5.000000000000000000, -6.472243186433581208 ) ) ;
#1155 = CIRCLE ( 'NONE', #599, 1.500000000000000000 ) ;
#1156 = DIRECTION ( 'NONE',  ( -0.000000000000000000, -1.000000000000000000, -0.000000000000000000 ) ) ;
#1157 = CARTESIAN_POINT ( 'NONE',  ( 25.86954993510603984, 6.699920694644188046, -15.19261615551644518 ) ) ;
#1158 = ORIENTED_EDGE ( 'NONE', *, *, #662, .T. ) ;
#1159 = EDGE_CURVE ( 'NONE', #34, #91, #954, .T. ) ;
#1160 = CARTESIAN_POINT ( 'NONE',  ( 9.510254037844417141, 5.000000000000000000, -3.527756813566365501 ) ) ;
#1161 = EDGE_CURVE ( 'NONE', #736, #773, #501, .T. ) ;
#1162 = CARTESIAN_POINT ( 'NONE',  ( -3.966267240887024549E-15, 3.499999999999941380, 3.000000000000029310 ) ) ;
#1163 = CARTESIAN_POINT ( 'NONE',  ( -15.50000000000000000, 22.00000000000000000, 0.000000000000000000 ) ) ;
#1164 = ORIENTED_EDGE ( 'NONE', *, *, #638, .T. ) ;
#1165 = FACE_OUTER_BOUND ( 'NONE', #38, .T. ) ;
#1166 = DIRECTION ( 'NONE',  ( -0.000000000000000000, -0.000000000000000000, 1.000000000000000000 ) ) ;
#1167 = CARTESIAN_POINT ( 'NONE',  ( 25.08901501599487815, 5.000000000000000000, -16.44814048843161203 ) ) ;
#1168 = ORIENTED_EDGE ( 'NONE', *, *, #740, .F. ) ;
#1169 = DIRECTION ( 'NONE',  ( -0.000000000000000000, -1.000000000000000000, -0.000000000000000000 ) ) ;
#1170 = AXIS2_PLACEMENT_3D ( 'NONE', #1149, #663, #120 ) ;
#1171 = CARTESIAN_POINT ( 'NONE',  ( -2.898592799166703760, 3.692593841549137501, -0.7949345611562279590 ) ) ;
#1172 = CARTESIAN_POINT ( 'NONE',  ( 1.613027347216279273, 5.548239314382903409, 29.95663483668561611 ) ) ;
#1173 = DIRECTION ( 'NONE',  ( -0.5000000000000039968, 0.000000000000000000, 0.8660254037844363761 ) ) ;
#1174 = VERTEX_POINT ( 'NONE', #1051 ) ;
#1175 = CIRCLE ( 'NONE', #463, 3.000000000000000000 ) ;
#1176 = CARTESIAN_POINT ( 'NONE',  ( 0.000000000000000000, 12.00000000000000000, 0.000000000000000000 ) ) ;
#1177 = B_SPLINE_CURVE_WITH_KNOTS ( 'NONE', 3,
 ( #1039, #728, #1126, #572, #1113, #89, #185, #385, #646, #1119, #192, #942, #103, #739, #1214, #380, #13, #481, #1208, #652, #1033, #920, #271, #634, #641, #1019, #179, #392, #559, #278 ),
 .UNSPECIFIED., .F., .F.,
 ( 4, 2, 2, 2, 2, 2, 2, 2, 2, 2, 2, 2, 2, 2, 4 ),
 ( 0.000000000000000000, 0.0003322524973089462509, 0.0006645049946178925018, 0.0009967574919268386985, 0.001329009989235785004, 0.001993514983853680433, 0.002658019978471576512, 0.002990272475780526937, 0.003322524973089477363, 0.003654777470398435160, 0.003987029967707392958, 0.004319282465016350755, 0.004651534962325309421, 0.004983787459634267218, 0.005316039956943225883 ),
 .UNSPECIFIED. ) ;
#1178 = CARTESIAN_POINT ( 'NONE',  ( 1.510440029967996978, 5.202123842842063972, -2.592119905244079092 ) ) ;
#1179 = CARTESIAN_POINT ( 'NONE',  ( 0.2242186847042018927, 3.300000000000000266, 30.00000000000000355 ) ) ;
#1180 = DIRECTION ( 'NONE',  ( -0.000000000000000000, -1.000000000000000000, -0.000000000000000000 ) ) ;
#1181 = ORIENTED_EDGE ( 'NONE', *, *, #464, .F. ) ;
#1182 = CARTESIAN_POINT ( 'NONE',  ( 0.000000000000000000, 5.000000000000000000, 1.999999999999998224 ) ) ;
#1183 = CARTESIAN_POINT ( 'NONE',  ( -2.197402193434478956, 3.655266152532663071, -2.044515539188481501 ) ) ;
#1184 = CARTESIAN_POINT ( 'NONE',  ( -1.489831461154325742, 5.200586076556550807, 2.604018464034804747 ) ) ;
#1185 = B_SPLINE_CURVE_WITH_KNOTS ( 'NONE', 3,
 ( #642, #734, #1020, #647, #1027, #199, #943, #756, #1137, #956, #573, #495, #836, #656, #566, #90, #25, #936, #1034, #673, #105, #1220, #386, #482 ),
 .UNSPECIFIED., .F., .F.,
 ( 4, 2, 2, 2, 2, 2, 2, 2, 2, 2, 2, 4 ),
 ( 8.940560153363745023E-19, 0.0002981809602553655604, 0.0005963619205107302534, 0.001192723841021459640, 0.001789085761532187941, 0.002087266721787552851, 0.002385447682042917544, 0.002981809602553645629, 0.003279990562809009889, 0.003578171523064373714, 0.004174533443575102233, 0.004770895364085830752 ),
 .UNSPECIFIED. ) ;
#1186 = EDGE_LOOP ( 'NONE', ( #989, #593 ) ) ;
#1187 = ADVANCED_FACE ( 'NONE', ( #941 ), #391, .T. ) ;
#1188 = CARTESIAN_POINT ( 'NONE',  ( 8.660254037844431707, 5.000000000000000000, -4.999999999999919176 ) ) ;
#1189 = DIRECTION ( 'NONE',  ( -0.000000000000000000, -0.000000000000000000, 1.000000000000000000 ) ) ;
#1190 = DIRECTION ( 'NONE',  ( -0.000000000000000000, -1.000000000000000000, -0.000000000000000000 ) ) ;
#1191 = CARTESIAN_POINT ( 'NONE',  ( 9.184850993605147944E-16, 0.000000000000000000, 7.500000000000000000 ) ) ;
#1192 = ORIENTED_EDGE ( 'NONE', *, *, #118, .F. ) ;
#1193 = STYLED_ITEM ( 'NONE', ( #1195 ), #398 ) ;
#1194 = EDGE_CURVE ( 'NONE', #472, #669, #967, .T. ) ;
#1195 = PRESENTATION_STYLE_ASSIGNMENT (( #235 ) ) ;
#1196 = CARTESIAN_POINT ( 'NONE',  ( 26.25120500331100359, 3.387341293596935365, -14.52187339876783767 ) ) ;
#1197 = CARTESIAN_POINT ( 'NONE',  ( 26.74983176335914692, 5.547521965170711944, -13.58117541874949197 ) ) ;
#1198 = LINE ( 'NONE', #352, #905 ) ;
#1199 = ORIENTED_EDGE ( 'NONE', *, *, #1029, .F. ) ;
#1200 = CARTESIAN_POINT ( 'NONE',  ( 0.000000000000000000, 0.000000000000000000, 0.000000000000000000 ) ) ;
#1201 = DIRECTION ( 'NONE',  ( -0.8660254037844362651, 0.000000000000000000, -0.5000000000000039968 ) ) ;
#1202 = CARTESIAN_POINT ( 'NONE',  ( 26.71104284277458163, 5.753529847101087391, -13.65730630008436641 ) ) ;
#1203 = DIRECTION ( 'NONE',  ( 0.000000000000000000, 0.000000000000000000, -1.000000000000000000 ) ) ;
#1204 = EDGE_LOOP ( 'NONE', ( #1192, #288 ) ) ;
#1205 = CARTESIAN_POINT ( 'NONE',  ( -26.78901501599466428, 4.775357016042948821, -13.50365411556487594 ) ) ;
#1206 = B_SPLINE_CURVE_WITH_KNOTS ( 'NONE', 3,
 ( #334, #356, #64, #722, #617, #801, #237, #1106, #711, #612, #628, #147, #1094, #53, #445, #340 ),
 .UNSPECIFIED., .F., .F.,
 ( 4, 2, 2, 2, 2, 2, 2, 4 ),
 ( 0.007153416149688784052, 0.007450908796714703769, 0.007748401443740624353, 0.008343386737792462052, 0.008640879384818382636, 0.008938372031844303220, 0.009235864678870223804, 0.009533357325896144388 ),
 .UNSPECIFIED. ) ;
#1207 = DIRECTION ( 'NONE',  ( 0.000000000000000000, 0.000000000000000000, 1.000000000000000000 ) ) ;
#1208 = CARTESIAN_POINT ( 'NONE',  ( -25.54420498263475992, 6.475030947975381146, -15.73219892932563724 ) ) ;
#1209 = AXIS2_PLACEMENT_3D ( 'NONE', #343, #1018, #350 ) ;
#1210 = CARTESIAN_POINT ( 'NONE',  ( -1.732050807568873418, 5.000000000000000000, -1.000000000000007772 ) ) ;
#1211 = ORIENTED_EDGE ( 'NONE', *, *, #349, .T. ) ;
#1212 = AXIS2_PLACEMENT_3D ( 'NONE', #603, #306, #33 ) ;
#1213 = LINE ( 'NONE', #1012, #145 ) ;
#1214 = CARTESIAN_POINT ( 'NONE',  ( -25.86874268981971170, 6.688979958661684933, -15.19276276882773224 ) ) ;
#1215 = CARTESIAN_POINT ( 'NONE',  ( -8.660254037844364206, 5.000000000000000000, -5.000000000000039968 ) ) ;
#1216 = FACE_OUTER_BOUND ( 'NONE', #575, .T. ) ;
#1217 = CARTESIAN_POINT ( 'NONE',  ( -1.699999999999999956, 5.000000000000000000, 29.95179460399659632 ) ) ;
#1218 = DIRECTION ( 'NONE',  ( -0.000000000000000000, -1.000000000000000000, -0.000000000000000000 ) ) ;
#1219 = CARTESIAN_POINT ( 'NONE',  ( -1.699999999999999956, 5.000000000000000000, 29.95179460399659632 ) ) ;
#1220 = CARTESIAN_POINT ( 'NONE',  ( 3.000811108571138419, 4.600790117292264725, -0.04788389658333570137 ) ) ;
#1221 = ORIENTED_EDGE ( 'NONE', *, *, #908, .T. ) ;
ENDSEC;
END-ISO-10303-21;
