ISO-10303-21;
HEADER;
FILE_DESCRIPTION (( 'STEP AP214' ),
    '1' );
FILE_NAME ('DISIPADOR_TO220_5P.STEP',
    '2022-04-02T01:11:06',
    ( '' ),
    ( '' ),
    'SwSTEP 2.0',
    'SolidWorks 2019',
    '' );
FILE_SCHEMA (( 'AUTOMOTIVE_DESIGN' ));
ENDSEC;

DATA;
#1 = DIRECTION ( 'NONE',  ( -1.000000000000000000, 0.000000000000000000, -2.710505431213765522E-16 ) ) ;
#2 = ORIENTED_EDGE ( 'NONE', *, *, #3376, .T. ) ;
#3 = DIRECTION ( 'NONE',  ( -0.000000000000000000, -1.000000000000000000, 0.000000000000000000 ) ) ;
#4 = CARTESIAN_POINT ( 'NONE',  ( 0.000000000000000000, 25.00000000000000000, -5.500000000000000000 ) ) ;
#5 = AXIS2_PLACEMENT_3D ( 'NONE', #488, #2363, #1783 ) ;
#6 = EDGE_CURVE ( 'NONE', #2782, #3728, #3036, .T. ) ;
#7 = ORIENTED_EDGE ( 'NONE', *, *, #1208, .F. ) ;
#8 = DIRECTION ( 'NONE',  ( 0.000000000000000000, 0.000000000000000000, 1.000000000000000000 ) ) ;
#9 = AXIS2_PLACEMENT_3D ( 'NONE', #21, #1305, #3852 ) ;
#10 = ORIENTED_EDGE ( 'NONE', *, *, #2238, .F. ) ;
#11 = CARTESIAN_POINT ( 'NONE',  ( 12.99999999999998757, 25.00000000000000000, 1.300000000000005596 ) ) ;
#12 = ORIENTED_EDGE ( 'NONE', *, *, #3959, .F. ) ;
#13 = AXIS2_PLACEMENT_3D ( 'NONE', #421, #2682, #3952 ) ;
#14 = AXIS2_PLACEMENT_3D ( 'NONE', #3231, #654, #1628 ) ;
#15 = ADVANCED_FACE ( 'NONE', ( #513 ), #468, .T. ) ;
#16 =( GEOMETRIC_REPRESENTATION_CONTEXT ( 3 ) GLOBAL_UNCERTAINTY_ASSIGNED_CONTEXT ( ( #3915 ) ) GLOBAL_UNIT_ASSIGNED_CONTEXT ( ( #1963, #2020, #3580 ) ) REPRESENTATION_CONTEXT ( 'NONE', 'WORKASPACE' ) );
#17 = VECTOR ( 'NONE', #3587, 1000.000000000000000 ) ;
#18 = CARTESIAN_POINT ( 'NONE',  ( -10.00000000000000888, 25.00000000000000000, 0.000000000000000000 ) ) ;
#19 = CIRCLE ( 'NONE', #3104, 0.3000000000000007661 ) ;
#20 = DIRECTION ( 'NONE',  ( -0.000000000000000000, -1.000000000000000000, -0.000000000000000000 ) ) ;
#21 = CARTESIAN_POINT ( 'NONE',  ( 17.69999999999998508, 0.000000000000000000, 0.9500000000000046185 ) ) ;
#22 = DIRECTION ( 'NONE',  ( -1.000000000000000000, 0.000000000000000000, 0.000000000000000000 ) ) ;
#23 = CYLINDRICAL_SURFACE ( 'NONE', #655, 0.3000000000000007661 ) ;
#24 = VERTEX_POINT ( 'NONE', #3027 ) ;
#25 = CARTESIAN_POINT ( 'NONE',  ( 17.29999999999999005, 25.00000000000000000, -5.200000000000001066 ) ) ;
#26 = LINE ( 'NONE', #427, #3033 ) ;
#27 = AXIS2_PLACEMENT_3D ( 'NONE', #296, #3769, #910 ) ;
#28 = VERTEX_POINT ( 'NONE', #152 ) ;
#29 = DIRECTION ( 'NONE',  ( -1.000000000000000000, 0.000000000000000000, 0.000000000000000000 ) ) ;
#30 = EDGE_CURVE ( 'NONE', #2282, #3961, #2767, .T. ) ;
#31 = VERTEX_POINT ( 'NONE', #3674 ) ;
#32 = CYLINDRICAL_SURFACE ( 'NONE', #4023, 0.2999999999999999334 ) ;
#33 = ORIENTED_EDGE ( 'NONE', *, *, #3004, .T. ) ;
#34 = FILL_AREA_STYLE_COLOUR ( '', #4088 ) ;
#35 = CARTESIAN_POINT ( 'NONE',  ( 15.50000000000000000, 25.00000000000000000, 0.6500000000000045741 ) ) ;
#36 = DIRECTION ( 'NONE',  ( -0.000000000000000000, -1.000000000000000000, -0.000000000000000000 ) ) ;
#37 = PRESENTATION_LAYER_ASSIGNMENT (  '', '', ( #3593 ) ) ;
#38 = LINE ( 'NONE', #953, #3823 ) ;
#39 = CARTESIAN_POINT ( 'NONE',  ( 5.299999999999990052, 25.00000000000000000, -5.499999999999998224 ) ) ;
#40 = CARTESIAN_POINT ( 'NONE',  ( 15.50000000000000000, 0.000000000000000000, -0.6500000000000010214 ) ) ;
#41 = ORIENTED_EDGE ( 'NONE', *, *, #1948, .F. ) ;
#42 = FACE_OUTER_BOUND ( 'NONE', #2128, .T. ) ;
#43 = DIRECTION ( 'NONE',  ( -0.000000000000000000, -1.000000000000000000, -0.000000000000000000 ) ) ;
#44 = VECTOR ( 'NONE', #445, 1000.000000000000000 ) ;
#45 = VERTEX_POINT ( 'NONE', #2733 ) ;
#46 = SURFACE_STYLE_FILL_AREA ( #2328 ) ;
#47 = CIRCLE ( 'NONE', #3929, 0.3000000000000016542 ) ;
#48 = ORIENTED_EDGE ( 'NONE', *, *, #3240, .F. ) ;
#49 = DIRECTION ( 'NONE',  ( -0.000000000000000000, -1.000000000000000000, -0.000000000000000000 ) ) ;
#50 = VERTEX_POINT ( 'NONE', #4078 ) ;
#51 = CIRCLE ( 'NONE', #2210, 0.4999999999999998890 ) ;
#52 = PRODUCT_DEFINITION_SHAPE ( 'NONE', 'NONE',  #2188 ) ;
#53 = SURFACE_SIDE_STYLE ('',( #2597 ) ) ;
#54 = DIRECTION ( 'NONE',  ( 1.000000000000000000, 0.000000000000000000, -0.000000000000000000 ) ) ;
#55 = ADVANCED_FACE ( 'NONE', ( #3444 ), #3737, .T. ) ;
#56 = EDGE_CURVE ( 'NONE', #1292, #2635, #3113, .T. ) ;
#57 = CARTESIAN_POINT ( 'NONE',  ( -5.000000000000007994, 25.00000000000000000, -5.199999999999995737 ) ) ;
#58 = CARTESIAN_POINT ( 'NONE',  ( 1.499999999999998890, 18.00000000000000355, -0.9999999999999937828 ) ) ;
#59 = FACE_OUTER_BOUND ( 'NONE', #2638, .T. ) ;
#60 = EDGE_LOOP ( 'NONE', ( #3153, #2096, #344, #41 ) ) ;
#61 = CARTESIAN_POINT ( 'NONE',  ( 15.50000000000000000, 25.00000000000000000, -7.592810154713588652E-15 ) ) ;
#62 = LINE ( 'NONE', #83, #4120 ) ;
#63 = VERTEX_POINT ( 'NONE', #2814 ) ;
#64 = DIRECTION ( 'NONE',  ( 1.734723475976807410E-14, 0.000000000000000000, 1.000000000000000000 ) ) ;
#65 = CARTESIAN_POINT ( 'NONE',  ( -1.499999999999965805, 18.00000000000000355, 24.00000000000001421 ) ) ;
#66 = ORIENTED_EDGE ( 'NONE', *, *, #950, .F. ) ;
#67 = VECTOR ( 'NONE', #3809, 1000.000000000000000 ) ;
#68 =( LENGTH_UNIT ( ) NAMED_UNIT ( * ) SI_UNIT ( .MILLI., .METRE. ) );
#69 = ORIENTED_EDGE ( 'NONE', *, *, #2009, .F. ) ;
#70 = EDGE_CURVE ( 'NONE', #446, #1218, #153, .T. ) ;
#71 = LINE ( 'NONE', #1336, #1974 ) ;
#72 = ORIENTED_EDGE ( 'NONE', *, *, #693, .T. ) ;
#73 = CIRCLE ( 'NONE', #9, 0.3000000000000007661 ) ;
#74 =( NAMED_UNIT ( * ) SI_UNIT ( $, .STERADIAN. ) SOLID_ANGLE_UNIT ( ) );
#75 = DIRECTION ( 'NONE',  ( -0.000000000000000000, -1.000000000000000000, -0.000000000000000000 ) ) ;
#76 = VECTOR ( 'NONE', #1688, 1000.000000000000000 ) ;
#77 = CARTESIAN_POINT ( 'NONE',  ( 3.614007241618367506E-16, 0.000000000000000000, 2.000000000000007105 ) ) ;
#78 = AXIS2_PLACEMENT_3D ( 'NONE', #1976, #703, #3875 ) ;
#79 = CARTESIAN_POINT ( 'NONE',  ( -18.00000000000001066, 25.00000000000000000, 5.200000000000002842 ) ) ;
#80 = EDGE_CURVE ( 'NONE', #859, #3514, #902, .T. ) ;
#81 = CARTESIAN_POINT ( 'NONE',  ( 6.123233995736764803E-17, 11.00000000000000000, 0.4999999999999998890 ) ) ;
#82 = LINE ( 'NONE', #3548, #17 ) ;
#83 = CARTESIAN_POINT ( 'NONE',  ( -17.00000000000000711, 25.00000000000000000, -2.300000000000002487 ) ) ;
#84 = VECTOR ( 'NONE', #3021, 1000.000000000000000 ) ;
#85 = ORIENTED_EDGE ( 'NONE', *, *, #3492, .T. ) ;
#86 = CARTESIAN_POINT ( 'NONE',  ( -12.70000000000000817, 0.000000000000000000, 1.300000000000003375 ) ) ;
#87 = LINE ( 'NONE', #341, #1094 ) ;
#88 = EDGE_CURVE ( 'NONE', #3389, #3680, #915, .T. ) ;
#89 = ORIENTED_EDGE ( 'NONE', *, *, #2380, .F. ) ;
#90 = DIRECTION ( 'NONE',  ( 0.000000000000000000, 0.000000000000000000, 1.000000000000000000 ) ) ;
#91 = ORIENTED_EDGE ( 'NONE', *, *, #1914, .F. ) ;
#92 = ORIENTED_EDGE ( 'NONE', *, *, #2340, .F. ) ;
#93 = CARTESIAN_POINT ( 'NONE',  ( 17.69999999999998508, 0.000000000000000000, -0.9500000000000011768 ) ) ;
#94 = VERTEX_POINT ( 'NONE', #1249 ) ;
#95 = ADVANCED_FACE ( 'NONE', ( #301 ), #1512, .F. ) ;
#96 = VERTEX_POINT ( 'NONE', #955 ) ;
#97 = CYLINDRICAL_SURFACE ( 'NONE', #2090, 0.2999999999999999334 ) ;
#98 = EDGE_CURVE ( 'NONE', #1300, #542, #1529, .T. ) ;
#99 = DIRECTION ( 'NONE',  ( -1.000000000000000000, 0.000000000000000000, 4.336808689942081634E-15 ) ) ;
#100 = VECTOR ( 'NONE', #8, 1000.000000000000000 ) ;
#101 = DIRECTION ( 'NONE',  ( -0.000000000000000000, -1.000000000000000000, -0.000000000000000000 ) ) ;
#102 = CARTESIAN_POINT ( 'NONE',  ( 13.99999999999998757, 0.000000000000000000, 0.000000000000000000 ) ) ;
#103 = EDGE_CURVE ( 'NONE', #3325, #50, #2172, .T. ) ;
#104 = CARTESIAN_POINT ( 'NONE',  ( -14.00000000000000888, 0.000000000000000000, 2.300000000000006484 ) ) ;
#105 = LINE ( 'NONE', #2029, #3923 ) ;
#106 =( GEOMETRIC_REPRESENTATION_CONTEXT ( 3 ) GLOBAL_UNCERTAINTY_ASSIGNED_CONTEXT ( ( #2171 ) ) GLOBAL_UNIT_ASSIGNED_CONTEXT ( ( #68, #876, #3739 ) ) REPRESENTATION_CONTEXT ( 'NONE', 'WORKASPACE' ) );
#107 = VERTEX_POINT ( 'NONE', #578 ) ;
#108 = CARTESIAN_POINT ( 'NONE',  ( -5.300000000000007816, 0.000000000000000000, -5.199999999999998401 ) ) ;
#109 = CARTESIAN_POINT ( 'NONE',  ( -14.00000000000000888, 25.00000000000000000, -2.300000000000002931 ) ) ;
#110 = ORIENTED_EDGE ( 'NONE', *, *, #869, .T. ) ;
#111 = ADVANCED_FACE ( 'NONE', ( #639 ), #2795, .T. ) ;
#112 = EDGE_LOOP ( 'NONE', ( #3475, #2720, #837, #2800 ) ) ;
#113 = DIRECTION ( 'NONE',  ( 1.000000000000000000, 0.000000000000000000, -2.710505431213765522E-16 ) ) ;
#114 = VERTEX_POINT ( 'NONE', #2857 ) ;
#115 = CARTESIAN_POINT ( 'NONE',  ( 12.69999999999998685, 25.00000000000000000, 1.300000000000003375 ) ) ;
#116 = ORIENTED_EDGE ( 'NONE', *, *, #3866, .T. ) ;
#117 = ORIENTED_EDGE ( 'NONE', *, *, #1768, .F. ) ;
#118 = CARTESIAN_POINT ( 'NONE',  ( -9.000000000000007105, 25.00000000000000000, 1.000000000000003331 ) ) ;
#119 = PLANE ( 'NONE',  #2564 ) ;
#120 = ADVANCED_FACE ( 'NONE', ( #3484 ), #1190, .F. ) ;
#121 = ADVANCED_FACE ( 'NONE', ( #2154 ), #4061, .F. ) ;
#122 = DIRECTION ( 'NONE',  ( -0.000000000000000000, -1.000000000000000000, -0.000000000000000000 ) ) ;
#123 = ORIENTED_EDGE ( 'NONE', *, *, #3521, .F. ) ;
#124 = CYLINDRICAL_SURFACE ( 'NONE', #3579, 0.2999999999999999334 ) ;
#125 = CARTESIAN_POINT ( 'NONE',  ( -5.000000000000007994, 25.00000000000000000, -5.199999999999995737 ) ) ;
#126 = ORIENTED_EDGE ( 'NONE', *, *, #4104, .T. ) ;
#127 = DIRECTION ( 'NONE',  ( 1.000000000000000000, 0.000000000000000000, -1.807003620809177344E-16 ) ) ;
#128 = CARTESIAN_POINT ( 'NONE',  ( -17.70000000000000639, 25.00000000000000000, 0.6500000000000047962 ) ) ;
#129 = ORIENTED_EDGE ( 'NONE', *, *, #732, .T. ) ;
#130 = ORIENTED_EDGE ( 'NONE', *, *, #1169, .T. ) ;
#131 = DIRECTION ( 'NONE',  ( 0.000000000000000000, 0.000000000000000000, 1.000000000000000000 ) ) ;
#132 = VERTEX_POINT ( 'NONE', #3174 ) ;
#133 = EDGE_CURVE ( 'NONE', #3451, #3778, #2196, .T. ) ;
#134 = CARTESIAN_POINT ( 'NONE',  ( -18.00000000000001066, 25.00000000000000000, 0.000000000000000000 ) ) ;
#135 = AXIS2_PLACEMENT_3D ( 'NONE', #1454, #2721, #775 ) ;
#136 = VERTEX_POINT ( 'NONE', #1210 ) ;
#137 = ORIENTED_EDGE ( 'NONE', *, *, #3390, .F. ) ;
#138 = EDGE_LOOP ( 'NONE', ( #462, #926, #649, #3661 ) ) ;
#139 = VECTOR ( 'NONE', #1141, 1000.000000000000000 ) ;
#140 = LINE ( 'NONE', #1134, #1076 ) ;
#141 = CARTESIAN_POINT ( 'NONE',  ( 16.99999999999998579, 0.000000000000000000, -2.300000000000002487 ) ) ;
#142 = VECTOR ( 'NONE', #2855, 1000.000000000000000 ) ;
#143 = FACE_OUTER_BOUND ( 'NONE', #3538, .T. ) ;
#144 = VECTOR ( 'NONE', #387, 1000.000000000000000 ) ;
#145 = DIRECTION ( 'NONE',  ( 0.000000000000000000, 0.000000000000000000, 1.000000000000000000 ) ) ;
#146 = AXIS2_PLACEMENT_3D ( 'NONE', #1049, #2004, #2930 ) ;
#147 = DIRECTION ( 'NONE',  ( -1.000000000000000000, 0.000000000000000000, 0.000000000000000000 ) ) ;
#148 = ORIENTED_EDGE ( 'NONE', *, *, #2675, .F. ) ;
#149 = CYLINDRICAL_SURFACE ( 'NONE', #5, 0.2999999999999999334 ) ;
#150 = LINE ( 'NONE', #109, #1944 ) ;
#151 = VERTEX_POINT ( 'NONE', #1848 ) ;
#152 = CARTESIAN_POINT ( 'NONE',  ( 17.69999999999998508, 0.000000000000000000, 5.500000000000000888 ) ) ;
#153 = CIRCLE ( 'NONE', #562, 0.2999999999999999334 ) ;
#154 = DIRECTION ( 'NONE',  ( 0.000000000000000000, 0.000000000000000000, 1.000000000000000000 ) ) ;
#155 = EDGE_LOOP ( 'NONE', ( #3764, #1832, #2923, #2946 ) ) ;
#156 = CARTESIAN_POINT ( 'NONE',  ( -13.00000000000000888, 25.00000000000000000, 0.000000000000000000 ) ) ;
#157 = VECTOR ( 'NONE', #1988, 1000.000000000000000 ) ;
#158 = VERTEX_POINT ( 'NONE', #2485 ) ;
#159 = EDGE_CURVE ( 'NONE', #4011, #665, #3754, .T. ) ;
#160 = ORIENTED_EDGE ( 'NONE', *, *, #3163, .T. ) ;
#161 = ORIENTED_EDGE ( 'NONE', *, *, #2253, .F. ) ;
#162 = AXIS2_PLACEMENT_3D ( 'NONE', #1781, #3043, #167 ) ;
#163 = CARTESIAN_POINT ( 'NONE',  ( -1.445602896647314856E-15, 0.000000000000000000, -0.9999999999999915623 ) ) ;
#164 = ADVANCED_FACE ( 'NONE', ( #1865 ), #3130, .T. ) ;
#165 = CARTESIAN_POINT ( 'NONE',  ( -9.700000000000006395, 0.000000000000000000, 5.500000000000002665 ) ) ;
#166 = LINE ( 'NONE', #102, #3095 ) ;
#167 = DIRECTION ( 'NONE',  ( 0.000000000000000000, 0.000000000000000000, -1.000000000000000000 ) ) ;
#168 = DIRECTION ( 'NONE',  ( 0.000000000000000000, 1.000000000000000000, -0.000000000000000000 ) ) ;
#169 = CIRCLE ( 'NONE', #1929, 0.3000000000000016542 ) ;
#170 = CARTESIAN_POINT ( 'NONE',  ( -13.70000000000000817, 0.000000000000000000, -5.200000000000000178 ) ) ;
#171 = DIRECTION ( 'NONE',  ( 0.000000000000000000, 0.000000000000000000, -1.000000000000000000 ) ) ;
#172 = ADVANCED_FACE ( 'NONE', ( #3895 ), #2568, .F. ) ;
#173 = ORIENTED_EDGE ( 'NONE', *, *, #1833, .T. ) ;
#174 = ORIENTED_EDGE ( 'NONE', *, *, #2951, .T. ) ;
#175 = DIRECTION ( 'NONE',  ( 0.000000000000000000, 1.000000000000000000, -0.000000000000000000 ) ) ;
#176 = ORIENTED_EDGE ( 'NONE', *, *, #2238, .T. ) ;
#177 = PLANE ( 'NONE',  #1279 ) ;
#178 = CARTESIAN_POINT ( 'NONE',  ( 9.999999999999987566, 0.000000000000000000, 0.000000000000000000 ) ) ;
#179 = ORIENTED_EDGE ( 'NONE', *, *, #1675, .F. ) ;
#180 = CIRCLE ( 'NONE', #3260, 0.2999999999999999334 ) ;
#181 = ORIENTED_EDGE ( 'NONE', *, *, #1385, .T. ) ;
#182 = ORIENTED_EDGE ( 'NONE', *, *, #264, .T. ) ;
#183 = ORIENTED_EDGE ( 'NONE', *, *, #1267, .F. ) ;
#184 = PRODUCT_DEFINITION_FORMATION_WITH_SPECIFIED_SOURCE ( 'ANY', '', #2345, .NOT_KNOWN. ) ;
#185 = DIRECTION ( 'NONE',  ( 0.000000000000000000, 0.000000000000000000, -1.000000000000000000 ) ) ;
#186 = ORIENTED_EDGE ( 'NONE', *, *, #1565, .F. ) ;
#187 = LINE ( 'NONE', #1135, #2038 ) ;
#188 = EDGE_CURVE ( 'NONE', #443, #2131, #2112, .T. ) ;
#189 = EDGE_CURVE ( 'NONE', #1342, #3197, #838, .T. ) ;
#190 = DIRECTION ( 'NONE',  ( 0.000000000000000000, 0.000000000000000000, -1.000000000000000000 ) ) ;
#191 = DIRECTION ( 'NONE',  ( 1.000000000000000000, -0.000000000000000000, 0.000000000000000000 ) ) ;
#192 = DIRECTION ( 'NONE',  ( 0.000000000000000000, 0.000000000000000000, 1.000000000000000000 ) ) ;
#193 = PRODUCT_DEFINITION_CONTEXT ( 'detailed design', #3780, 'design' ) ;
#194 = DIRECTION ( 'NONE',  ( -1.000000000000000000, 0.000000000000000000, 0.000000000000000000 ) ) ;
#195 = CARTESIAN_POINT ( 'NONE',  ( -8.700000000000006395, 0.000000000000000000, -1.000000000000000000 ) ) ;
#196 = ORIENTED_EDGE ( 'NONE', *, *, #812, .F. ) ;
#197 = DIRECTION ( 'NONE',  ( 0.000000000000000000, 0.000000000000000000, 1.000000000000000000 ) ) ;
#198 = DIRECTION ( 'NONE',  ( 1.000000000000000000, 0.000000000000000000, 0.000000000000000000 ) ) ;
#199 = VECTOR ( 'NONE', #75, 1000.000000000000000 ) ;
#200 = CONTEXT_DEPENDENT_SHAPE_REPRESENTATION ( #546, #1102 ) ;
#201 = EDGE_LOOP ( 'NONE', ( #2312, #2976, #283, #3030 ) ) ;
#202 = CARTESIAN_POINT ( 'NONE',  ( 1.807003620809174632E-16, 25.00000000000000000, -0.9999999999999985567 ) ) ;
#203 = CARTESIAN_POINT ( 'NONE',  ( 17.69999999999998508, 0.000000000000000000, 0.6500000000000047962 ) ) ;
#204 = VERTEX_POINT ( 'NONE', #319 ) ;
#205 = EDGE_CURVE ( 'NONE', #3049, #2885, #1033, .T. ) ;
#206 = ORIENTED_EDGE ( 'NONE', *, *, #1713, .F. ) ;
#207 = AXIS2_PLACEMENT_3D ( 'NONE', #1069, #3885, #3074 ) ;
#208 = VERTEX_POINT ( 'NONE', #3566 ) ;
#209 = DIRECTION ( 'NONE',  ( -0.000000000000000000, -1.000000000000000000, -0.000000000000000000 ) ) ;
#210 = VECTOR ( 'NONE', #463, 1000.000000000000000 ) ;
#211 = CARTESIAN_POINT ( 'NONE',  ( -14.00000000000000888, 0.000000000000000000, -5.199999999999998401 ) ) ;
#212 = AXIS2_PLACEMENT_3D ( 'NONE', #3193, #3525, #2602 ) ;
#213 = ADVANCED_FACE ( 'NONE', ( #3252 ), #337, .F. ) ;
#214 = LINE ( 'NONE', #3999, #2313 ) ;
#215 = CARTESIAN_POINT ( 'NONE',  ( 10.29999999999999005, 25.00000000000000000, -0.9999999999999993339 ) ) ;
#216 = DIRECTION ( 'NONE',  ( 0.000000000000000000, 0.000000000000000000, -1.000000000000000000 ) ) ;
#217 = AXIS2_PLACEMENT_3D ( 'NONE', #2039, #1019, #730 ) ;
#218 = AXIS2_PLACEMENT_3D ( 'NONE', #3993, #525, #2745 ) ;
#219 = DIRECTION ( 'NONE',  ( 0.000000000000000000, 1.000000000000000000, -0.000000000000000000 ) ) ;
#220 = CARTESIAN_POINT ( 'NONE',  ( -9.300000000000011369, 25.00000000000000000, -5.500000000000000000 ) ) ;
#221 = VECTOR ( 'NONE', #2413, 1000.000000000000000 ) ;
#222 = SHAPE_DEFINITION_REPRESENTATION ( #3605, #1081 ) ;
#223 = ORIENTED_EDGE ( 'NONE', *, *, #3163, .F. ) ;
#224 = DIRECTION ( 'NONE',  ( 0.000000000000000000, 0.000000000000000000, 1.000000000000000000 ) ) ;
#225 = CARTESIAN_POINT ( 'NONE',  ( -12.70000000000000817, 25.00000000000000000, 1.300000000000003375 ) ) ;
#226 = ORIENTED_EDGE ( 'NONE', *, *, #3394, .F. ) ;
#227 = AXIS2_PLACEMENT_3D ( 'NONE', #2980, #1394, #2667 ) ;
#228 = EDGE_LOOP ( 'NONE', ( #1725, #408, #883, #773 ) ) ;
#229 = ORIENTED_EDGE ( 'NONE', *, *, #3948, .T. ) ;
#230 = ORIENTED_EDGE ( 'NONE', *, *, #732, .F. ) ;
#231 = FILL_AREA_STYLE_COLOUR ( '', #1979 ) ;
#232 = ADVANCED_FACE ( 'NONE', ( #375 ), #3913, .F. ) ;
#233 = CIRCLE ( 'NONE', #27, 0.2999999999999999334 ) ;
#234 = CYLINDRICAL_SURFACE ( 'NONE', #3111, 0.2999999999999999334 ) ;
#235 = DIRECTION ( 'NONE',  ( -0.000000000000000000, -1.000000000000000000, 0.000000000000000000 ) ) ;
#236 = DIRECTION ( 'NONE',  ( -0.000000000000000000, -1.000000000000000000, 0.000000000000000000 ) ) ;
#237 = LINE ( 'NONE', #300, #2540 ) ;
#238 = DIRECTION ( 'NONE',  ( 0.000000000000000000, 0.000000000000000000, 1.000000000000000000 ) ) ;
#239 = EDGE_LOOP ( 'NONE', ( #2797, #346, #3022, #2860 ) ) ;
#240 = DIRECTION ( 'NONE',  ( -0.000000000000000000, -1.000000000000000000, -0.000000000000000000 ) ) ;
#241 = LINE ( 'NONE', #1536, #3766 ) ;
#242 = ADVANCED_FACE ( 'NONE', ( #2321 ), #2280, .F. ) ;
#243 = VERTEX_POINT ( 'NONE', #1610 ) ;
#244 = EDGE_LOOP ( 'NONE', ( #1200, #1682, #1077, #4106 ) ) ;
#245 = VERTEX_POINT ( 'NONE', #1971 ) ;
#246 = CYLINDRICAL_SURFACE ( 'NONE', #1672, 0.2999999999999999334 ) ;
#247 = VERTEX_POINT ( 'NONE', #2297 ) ;
#248 = CIRCLE ( 'NONE', #789, 0.2999999999999999334 ) ;
#249 = AXIS2_PLACEMENT_3D ( 'NONE', #1415, #2710, #3672 ) ;
#250 = CARTESIAN_POINT ( 'NONE',  ( -14.00000000000000888, 25.00000000000000000, 0.000000000000000000 ) ) ;
#251 = EDGE_CURVE ( 'NONE', #1056, #2824, #1348, .T. ) ;
#252 = DIRECTION ( 'NONE',  ( 0.000000000000000000, 0.000000000000000000, 1.000000000000000000 ) ) ;
#253 = EDGE_CURVE ( 'NONE', #2885, #3452, #82, .T. ) ;
#254 = LINE ( 'NONE', #3716, #1285 ) ;
#255 = CARTESIAN_POINT ( 'NONE',  ( 12.99999999999998757, 25.00000000000000000, -1.300000000000002043 ) ) ;
#256 = CARTESIAN_POINT ( 'NONE',  ( 9.299999999999986500, 25.00000000000000000, 5.200000000000002842 ) ) ;
#257 = DIRECTION ( 'NONE',  ( 0.000000000000000000, 0.000000000000000000, 1.000000000000000000 ) ) ;
#258 = ORIENTED_EDGE ( 'NONE', *, *, #3787, .F. ) ;
#259 = DIRECTION ( 'NONE',  ( -1.000000000000000000, 0.000000000000000000, 0.000000000000000000 ) ) ;
#260 = CARTESIAN_POINT ( 'NONE',  ( 12.99999999999998757, 0.000000000000000000, 5.200000000000001066 ) ) ;
#261 = ORIENTED_EDGE ( 'NONE', *, *, #3207, .F. ) ;
#262 = VECTOR ( 'NONE', #2659, 1000.000000000000000 ) ;
#263 = CARTESIAN_POINT ( 'NONE',  ( 8.999999999999987566, 25.00000000000000000, -1.300000000000002043 ) ) ;
#264 = EDGE_CURVE ( 'NONE', #1858, #3449, #1052, .T. ) ;
#265 = ORIENTED_EDGE ( 'NONE', *, *, #3247, .T. ) ;
#266 = ORIENTED_EDGE ( 'NONE', *, *, #1222, .F. ) ;
#267 = DIRECTION ( 'NONE',  ( -0.000000000000000000, -1.000000000000000000, -0.000000000000000000 ) ) ;
#268 = EDGE_LOOP ( 'NONE', ( #1995, #2460, #3012, #2548 ) ) ;
#269 = DIRECTION ( 'NONE',  ( -0.000000000000000000, -1.000000000000000000, 0.000000000000000000 ) ) ;
#270 = CARTESIAN_POINT ( 'NONE',  ( 1.192622389734055035E-14, 0.000000000000000000, 5.499999999999968026 ) ) ;
#271 = ORIENTED_EDGE ( 'NONE', *, *, #2454, .T. ) ;
#272 = DIRECTION ( 'NONE',  ( -0.000000000000000000, -1.000000000000000000, 0.000000000000000000 ) ) ;
#273 = DIRECTION ( 'NONE',  ( 0.000000000000000000, 0.000000000000000000, 1.000000000000000000 ) ) ;
#274 = CARTESIAN_POINT ( 'NONE',  ( 5.999999999999986677, 25.00000000000000000, -5.199999999999996625 ) ) ;
#275 = CIRCLE ( 'NONE', #1969, 0.2999999999999999334 ) ;
#276 = CARTESIAN_POINT ( 'NONE',  ( 17.69999999999998508, 25.00000000000000000, 5.200000000000001066 ) ) ;
#277 = DIRECTION ( 'NONE',  ( 0.000000000000000000, 0.000000000000000000, -1.000000000000000000 ) ) ;
#278 = ORIENTED_EDGE ( 'NONE', *, *, #415, .T. ) ;
#279 = CIRCLE ( 'NONE', #2624, 0.3000000000000007661 ) ;
#280 = DIRECTION ( 'NONE',  ( -1.000000000000000000, 0.000000000000000000, 2.168404344971021884E-15 ) ) ;
#281 = EDGE_CURVE ( 'NONE', #831, #96, #2339, .T. ) ;
#282 = FACE_OUTER_BOUND ( 'NONE', #1449, .T. ) ;
#283 = ORIENTED_EDGE ( 'NONE', *, *, #1606, .T. ) ;
#284 = AXIS2_PLACEMENT_3D ( 'NONE', #324, #2818, #3488 ) ;
#285 = FACE_OUTER_BOUND ( 'NONE', #2690, .T. ) ;
#286 = ORIENTED_EDGE ( 'NONE', *, *, #3659, .F. ) ;
#287 = DIRECTION ( 'NONE',  ( -1.000000000000000000, 0.000000000000000000, 0.000000000000000000 ) ) ;
#288 = VECTOR ( 'NONE', #3512, 1000.000000000000000 ) ;
#289 = ORIENTED_EDGE ( 'NONE', *, *, #2170, .F. ) ;
#290 = AXIS2_PLACEMENT_3D ( 'NONE', #3065, #3045, #192 ) ;
#291 = EDGE_CURVE ( 'NONE', #1170, #1054, #1651, .T. ) ;
#292 = ADVANCED_FACE ( 'NONE', ( #2008 ), #2954, .F. ) ;
#293 = VECTOR ( 'NONE', #1590, 1000.000000000000000 ) ;
#294 = VECTOR ( 'NONE', #890, 1000.000000000000000 ) ;
#295 = EDGE_CURVE ( 'NONE', #3303, #2537, #2116, .T. ) ;
#296 = CARTESIAN_POINT ( 'NONE',  ( 9.299999999999986500, 25.00000000000000000, -5.200000000000001066 ) ) ;
#297 = DIRECTION ( 'NONE',  ( 2.710505431213765522E-16, -0.000000000000000000, 1.000000000000000000 ) ) ;
#298 = VECTOR ( 'NONE', #2446, 1000.000000000000000 ) ;
#299 = CARTESIAN_POINT ( 'NONE',  ( -6.000000000000007994, 25.00000000000000000, 0.000000000000000000 ) ) ;
#300 = CARTESIAN_POINT ( 'NONE',  ( 12.99999999999998757, 25.00000000000000000, -5.199999999999998401 ) ) ;
#301 = FACE_OUTER_BOUND ( 'NONE', #412, .T. ) ;
#302 = DIRECTION ( 'NONE',  ( 0.000000000000000000, 0.000000000000000000, -1.000000000000000000 ) ) ;
#303 = ORIENTED_EDGE ( 'NONE', *, *, #3110, .F. ) ;
#304 = DIRECTION ( 'NONE',  ( -1.000000000000000000, 0.000000000000000000, 0.000000000000000000 ) ) ;
#305 = CARTESIAN_POINT ( 'NONE',  ( -1.192622389734072232E-14, 25.00000000000000000, 5.500000000000023093 ) ) ;
#306 = ORIENTED_EDGE ( 'NONE', *, *, #4071, .F. ) ;
#307 = CARTESIAN_POINT ( 'NONE',  ( -9.000000000000007105, 0.000000000000000000, 0.000000000000000000 ) ) ;
#308 = EDGE_CURVE ( 'NONE', #665, #3743, #973, .T. ) ;
#309 = VERTEX_POINT ( 'NONE', #3526 ) ;
#310 = CARTESIAN_POINT ( 'NONE',  ( -6.000000000000007994, 25.00000000000000000, -1.300000000000001599 ) ) ;
#311 = ORIENTED_EDGE ( 'NONE', *, *, #3228, .F. ) ;
#312 = CIRCLE ( 'NONE', #2063, 0.2999999999999999334 ) ;
#313 = DIRECTION ( 'NONE',  ( 1.000000000000000000, 0.000000000000000000, -1.807003620809177344E-16 ) ) ;
#314 = LINE ( 'NONE', #2255, #4036 ) ;
#315 = EDGE_CURVE ( 'NONE', #1542, #1110, #658, .T. ) ;
#316 = LINE ( 'NONE', #2566, #1355 ) ;
#317 = CARTESIAN_POINT ( 'NONE',  ( 6.123233995736764803E-17, 0.000000000000000000, 0.4999999999999998890 ) ) ;
#318 = AXIS2_PLACEMENT_3D ( 'NONE', #1101, #3357, #2730 ) ;
#319 = CARTESIAN_POINT ( 'NONE',  ( -16.70000000000000639, 25.00000000000000000, 2.000000000000003997 ) ) ;
#320 = DIRECTION ( 'NONE',  ( 0.000000000000000000, 0.000000000000000000, 1.000000000000000000 ) ) ;
#321 = AXIS2_PLACEMENT_3D ( 'NONE', #2236, #3086, #216 ) ;
#322 = ORIENTED_EDGE ( 'NONE', *, *, #420, .F. ) ;
#323 = CARTESIAN_POINT ( 'NONE',  ( 1.192622389734072232E-14, 0.000000000000000000, 5.500000000000023093 ) ) ;
#324 = CARTESIAN_POINT ( 'NONE',  ( -14.00000000000000888, 25.00000000000000000, 0.000000000000000000 ) ) ;
#325 = ORIENTED_EDGE ( 'NONE', *, *, #3145, .F. ) ;
#326 = CARTESIAN_POINT ( 'NONE',  ( 8.999999999999987566, 25.00000000000000000, 0.000000000000000000 ) ) ;
#327 = VERTEX_POINT ( 'NONE', #2421 ) ;
#328 = FACE_BOUND ( 'NONE', #3106, .T. ) ;
#329 = VERTEX_POINT ( 'NONE', #1162 ) ;
#330 = EDGE_CURVE ( 'NONE', #208, #2781, #3575, .T. ) ;
#331 = APPLICATION_PROTOCOL_DEFINITION ( 'draft international standard', 'automotive_design', 1998, #2349 ) ;
#332 = LINE ( 'NONE', #2909, #1412 ) ;
#333 = CARTESIAN_POINT ( 'NONE',  ( 16.99999999999998579, 25.00000000000000000, -2.300000000000002487 ) ) ;
#334 = VECTOR ( 'NONE', #3910, 1000.000000000000000 ) ;
#335 = PLANE ( 'NONE',  #1900 ) ;
#336 = EDGE_CURVE ( 'NONE', #1982, #811, #2684, .T. ) ;
#337 = PLANE ( 'NONE',  #3830 ) ;
#338 = CARTESIAN_POINT ( 'NONE',  ( 14.29999999999999005, 25.00000000000000000, -2.000000000000000888 ) ) ;
#339 = ORIENTED_EDGE ( 'NONE', *, *, #401, .T. ) ;
#340 = DIRECTION ( 'NONE',  ( -0.000000000000000000, -1.000000000000000000, -0.000000000000000000 ) ) ;
#341 = CARTESIAN_POINT ( 'NONE',  ( -9.700000000000006395, 25.00000000000000000, -5.499999999999999112 ) ) ;
#342 = ORIENTED_EDGE ( 'NONE', *, *, #1130, .T. ) ;
#343 = DIRECTION ( 'NONE',  ( 0.000000000000000000, 0.000000000000000000, -1.000000000000000000 ) ) ;
#344 = ORIENTED_EDGE ( 'NONE', *, *, #2968, .T. ) ;
#345 = DIRECTION ( 'NONE',  ( -0.000000000000000000, -1.000000000000000000, -0.000000000000000000 ) ) ;
#346 = ORIENTED_EDGE ( 'NONE', *, *, #2925, .F. ) ;
#347 = AXIS2_PLACEMENT_3D ( 'NONE', #827, #2111, #1391 ) ;
#348 = SHAPE_REPRESENTATION_RELATIONSHIP ( 'NONE' , 'NONE' ,  #1027, #958 ) ;
#349 = VECTOR ( 'NONE', #470, 1000.000000000000000 ) ;
#350 = DIRECTION ( 'NONE',  ( 0.000000000000000000, 0.000000000000000000, 1.000000000000000000 ) ) ;
#351 = CYLINDRICAL_SURFACE ( 'NONE', #1904, 0.2999999999999999334 ) ;
#352 = EDGE_CURVE ( 'NONE', #446, #1068, #3954, .T. ) ;
#353 = DIRECTION ( 'NONE',  ( 0.000000000000000000, 0.000000000000000000, -1.000000000000000000 ) ) ;
#354 = CARTESIAN_POINT ( 'NONE',  ( -17.00000000000000711, 25.00000000000000000, 0.000000000000000000 ) ) ;
#355 = ORIENTED_EDGE ( 'NONE', *, *, #4136, .T. ) ;
#356 = DIRECTION ( 'NONE',  ( 0.000000000000000000, 0.000000000000000000, 1.000000000000000000 ) ) ;
#357 = VERTEX_POINT ( 'NONE', #1804 ) ;
#358 = LINE ( 'NONE', #1635, #4017 ) ;
#359 = FACE_OUTER_BOUND ( 'NONE', #3371, .T. ) ;
#360 = AXIS2_PLACEMENT_3D ( 'NONE', #2726, #3353, #1716 ) ;
#361 = VERTEX_POINT ( 'NONE', #2088 ) ;
#362 = DIRECTION ( 'NONE',  ( -0.000000000000000000, -1.000000000000000000, -0.000000000000000000 ) ) ;
#363 = ADVANCED_FACE ( 'NONE', ( #1434 ), #460, .T. ) ;
#364 = ORIENTED_EDGE ( 'NONE', *, *, #2613, .T. ) ;
#365 = EDGE_CURVE ( 'NONE', #158, #1921, #1097, .T. ) ;
#366 = LINE ( 'NONE', #3906, #2953 ) ;
#367 = ORIENTED_EDGE ( 'NONE', *, *, #1116, .F. ) ;
#368 = CIRCLE ( 'NONE', #1114, 0.2999999999999999334 ) ;
#369 = DIRECTION ( 'NONE',  ( 0.000000000000000000, 0.000000000000000000, -1.000000000000000000 ) ) ;
#370 = AXIS2_PLACEMENT_3D ( 'NONE', #2692, #1994, #2347 ) ;
#371 = LINE ( 'NONE', #18, #1519 ) ;
#372 = DIRECTION ( 'NONE',  ( -0.000000000000000000, -1.000000000000000000, -0.000000000000000000 ) ) ;
#373 = VECTOR ( 'NONE', #406, 1000.000000000000000 ) ;
#374 = LINE ( 'NONE', #3870, #2366 ) ;
#375 = FACE_OUTER_BOUND ( 'NONE', #539, .T. ) ;
#376 = EDGE_CURVE ( 'NONE', #2635, #3404, #740, .T. ) ;
#377 = DIRECTION ( 'NONE',  ( -0.000000000000000000, -1.000000000000000000, -0.000000000000000000 ) ) ;
#378 = ORIENTED_EDGE ( 'NONE', *, *, #2298, .F. ) ;
#379 = CARTESIAN_POINT ( 'NONE',  ( -10.00000000000000888, 0.000000000000000000, -0.000000000000000000 ) ) ;
#380 = FACE_OUTER_BOUND ( 'NONE', #1436, .T. ) ;
#381 = CIRCLE ( 'NONE', #3264, 0.2999999999999999334 ) ;
#382 = ORIENTED_EDGE ( 'NONE', *, *, #1155, .F. ) ;
#383 = LINE ( 'NONE', #3878, #3921 ) ;
#384 = CIRCLE ( 'NONE', #2276, 0.2999999999999999334 ) ;
#385 = VERTEX_POINT ( 'NONE', #806 ) ;
#386 = ORIENTED_EDGE ( 'NONE', *, *, #2209, .T. ) ;
#387 = DIRECTION ( 'NONE',  ( 0.000000000000000000, 0.000000000000000000, -1.000000000000000000 ) ) ;
#388 = VERTEX_POINT ( 'NONE', #1458 ) ;
#389 = ADVANCED_FACE ( 'NONE', ( #2402 ), #3667, .F. ) ;
#390 =( NAMED_UNIT ( * ) PLANE_ANGLE_UNIT ( ) SI_UNIT ( $, .RADIAN. ) );
#391 = DIRECTION ( 'NONE',  ( 1.000000000000000000, 0.000000000000000000, 2.710505431213765522E-16 ) ) ;
#392 = DIRECTION ( 'NONE',  ( 0.000000000000000000, 0.000000000000000000, -1.000000000000000000 ) ) ;
#393 = VECTOR ( 'NONE', #3819, 1000.000000000000000 ) ;
#394 = CARTESIAN_POINT ( 'NONE',  ( -5.300000000000010481, 25.00000000000000000, -5.499999999999998224 ) ) ;
#395 = FACE_OUTER_BOUND ( 'NONE', #1896, .T. ) ;
#396 = ORIENTED_EDGE ( 'NONE', *, *, #978, .F. ) ;
#397 = DIRECTION ( 'NONE',  ( 1.000000000000000000, 0.000000000000000000, 2.168404344971021884E-15 ) ) ;
#398 = ORIENTED_EDGE ( 'NONE', *, *, #3519, .T. ) ;
#399 = DIRECTION ( 'NONE',  ( 1.000000000000000000, 0.000000000000000000, 2.168404344971031351E-15 ) ) ;
#400 = AXIS2_PLACEMENT_3D ( 'NONE', #672, #1965, #3831 ) ;
#401 = EDGE_CURVE ( 'NONE', #3920, #2957, #2049, .T. ) ;
#402 = ORIENTED_EDGE ( 'NONE', *, *, #3101, .T. ) ;
#403 = CARTESIAN_POINT ( 'NONE',  ( 16.69999999999998508, 0.000000000000000000, -2.000000000000000444 ) ) ;
#404 = CARTESIAN_POINT ( 'NONE',  ( 17.99999999999998934, 0.000000000000000000, 0.9500000000000068390 ) ) ;
#405 = ORIENTED_EDGE ( 'NONE', *, *, #2565, .F. ) ;
#406 = DIRECTION ( 'NONE',  ( 0.000000000000000000, 0.000000000000000000, 1.000000000000000000 ) ) ;
#407 = ADVANCED_FACE ( 'NONE', ( #2384 ), #3063, .F. ) ;
#408 = ORIENTED_EDGE ( 'NONE', *, *, #2808, .F. ) ;
#409 = DIRECTION ( 'NONE',  ( -1.807003620809177344E-16, 0.000000000000000000, -1.000000000000000000 ) ) ;
#410 = ORIENTED_EDGE ( 'NONE', *, *, #2925, .T. ) ;
#411 = AXIS2_PLACEMENT_3D ( 'NONE', #4121, #3233, #353 ) ;
#412 = EDGE_LOOP ( 'NONE', ( #450, #3279, #677, #3278 ) ) ;
#413 = DIRECTION ( 'NONE',  ( -0.000000000000000000, -1.000000000000000000, -0.000000000000000000 ) ) ;
#414 = AXIS2_PLACEMENT_3D ( 'NONE', #1117, #758, #3606 ) ;
#415 = EDGE_CURVE ( 'NONE', #2537, #469, #2748, .T. ) ;
#416 = AXIS2_PLACEMENT_3D ( 'NONE', #3374, #3688, #2086 ) ;
#417 = CARTESIAN_POINT ( 'NONE',  ( -6.300000000000007816, 25.00000000000000000, -1.299999999999999600 ) ) ;
#418 = AXIS2_PLACEMENT_3D ( 'NONE', #3135, #2862, #3742 ) ;
#419 = CARTESIAN_POINT ( 'NONE',  ( 13.69999999999998863, 25.00000000000000000, -5.200000000000000178 ) ) ;
#420 = EDGE_CURVE ( 'NONE', #1384, #831, #3972, .T. ) ;
#421 = CARTESIAN_POINT ( 'NONE',  ( -13.00000000000000888, 25.00000000000000000, 0.000000000000000000 ) ) ;
#422 = CIRCLE ( 'NONE', #4095, 0.3000000000000007661 ) ;
#423 = DIRECTION ( 'NONE',  ( 0.000000000000000000, 0.000000000000000000, -1.000000000000000000 ) ) ;
#424 = CARTESIAN_POINT ( 'NONE',  ( 13.99999999999998757, 25.00000000000000000, 5.200000000000001066 ) ) ;
#425 = EDGE_LOOP ( 'NONE', ( #3225, #3698, #647, #3473 ) ) ;
#426 = LINE ( 'NONE', #1720, #2822 ) ;
#427 = CARTESIAN_POINT ( 'NONE',  ( 13.99999999999998757, 0.000000000000000000, -0.000000000000000000 ) ) ;
#428 = ORIENTED_EDGE ( 'NONE', *, *, #336, .F. ) ;
#429 = CARTESIAN_POINT ( 'NONE',  ( 8.999999999999987566, 25.00000000000000000, -5.199999999999998401 ) ) ;
#430 = AXIS2_PLACEMENT_3D ( 'NONE', #3849, #3229, #2317 ) ;
#431 = VERTEX_POINT ( 'NONE', #104 ) ;
#432 = CARTESIAN_POINT ( 'NONE',  ( -10.00000000000000888, 25.00000000000000000, 0.000000000000000000 ) ) ;
#433 = ORIENTED_EDGE ( 'NONE', *, *, #796, .T. ) ;
#434 = EDGE_CURVE ( 'NONE', #453, #3186, #3312, .T. ) ;
#435 = EDGE_CURVE ( 'NONE', #3404, #3920, #3044, .T. ) ;
#436 = ORIENTED_EDGE ( 'NONE', *, *, #2205, .T. ) ;
#437 = DIRECTION ( 'NONE',  ( -0.000000000000000000, -1.000000000000000000, 0.000000000000000000 ) ) ;
#438 = DIRECTION ( 'NONE',  ( 1.734723475976807410E-14, 0.000000000000000000, 1.000000000000000000 ) ) ;
#439 = DIRECTION ( 'NONE',  ( -0.000000000000000000, -1.000000000000000000, -0.000000000000000000 ) ) ;
#440 = CARTESIAN_POINT ( 'NONE',  ( 5.999999999999986677, 0.000000000000000000, -1.300000000000001599 ) ) ;
#441 = EDGE_CURVE ( 'NONE', #1313, #976, #829, .T. ) ;
#442 = DIRECTION ( 'NONE',  ( -0.000000000000000000, -1.000000000000000000, -0.000000000000000000 ) ) ;
#443 = VERTEX_POINT ( 'NONE', #1392 ) ;
#444 = DIRECTION ( 'NONE',  ( 0.000000000000000000, 0.000000000000000000, -1.000000000000000000 ) ) ;
#445 = DIRECTION ( 'NONE',  ( -1.000000000000000000, 0.000000000000000000, 6.505213034913122056E-15 ) ) ;
#446 = VERTEX_POINT ( 'NONE', #440 ) ;
#447 = VECTOR ( 'NONE', #377, 1000.000000000000000 ) ;
#448 = DIRECTION ( 'NONE',  ( -0.000000000000000000, -1.000000000000000000, 0.000000000000000000 ) ) ;
#449 = CARTESIAN_POINT ( 'NONE',  ( 1.192622389734055035E-14, 25.00000000000000000, 5.499999999999968026 ) ) ;
#450 = ORIENTED_EDGE ( 'NONE', *, *, #826, .T. ) ;
#451 = ADVANCED_FACE ( 'NONE', ( #2666 ), #124, .F. ) ;
#452 = DIRECTION ( 'NONE',  ( 0.000000000000000000, 0.000000000000000000, 1.000000000000000000 ) ) ;
#453 = VERTEX_POINT ( 'NONE', #1735 ) ;
#454 = VECTOR ( 'NONE', #4122, 1000.000000000000000 ) ;
#455 = ORIENTED_EDGE ( 'NONE', *, *, #441, .F. ) ;
#456 = CARTESIAN_POINT ( 'NONE',  ( 9.299999999999986500, 25.00000000000000000, 5.200000000000002842 ) ) ;
#457 = CYLINDRICAL_SURFACE ( 'NONE', #416, 0.2999999999999999334 ) ;
#458 = DIRECTION ( 'NONE',  ( 1.000000000000000000, 0.000000000000000000, 1.807003620809177344E-16 ) ) ;
#459 = VECTOR ( 'NONE', #3447, 1000.000000000000000 ) ;
#460 = CYLINDRICAL_SURFACE ( 'NONE', #1373, 0.3000000000000016542 ) ;
#461 = DIRECTION ( 'NONE',  ( -0.000000000000000000, -1.000000000000000000, -0.000000000000000000 ) ) ;
#462 = ORIENTED_EDGE ( 'NONE', *, *, #3180, .F. ) ;
#463 = DIRECTION ( 'NONE',  ( 0.000000000000000000, 0.000000000000000000, 1.000000000000000000 ) ) ;
#464 = DIRECTION ( 'NONE',  ( -0.000000000000000000, -1.000000000000000000, -0.000000000000000000 ) ) ;
#465 = EDGE_CURVE ( 'NONE', #107, #1898, #1410, .T. ) ;
#466 = EDGE_CURVE ( 'NONE', #2658, #3094, #527, .T. ) ;
#467 = VERTEX_POINT ( 'NONE', #1184 ) ;
#468 = CYLINDRICAL_SURFACE ( 'NONE', #1024, 0.4999999999999998890 ) ;
#469 = VERTEX_POINT ( 'NONE', #2168 ) ;
#470 = DIRECTION ( 'NONE',  ( -0.000000000000000000, -1.000000000000000000, -0.000000000000000000 ) ) ;
#471 = CIRCLE ( 'NONE', #2945, 0.2999999999999999334 ) ;
#472 = EDGE_LOOP ( 'NONE', ( #1108, #3346, #3509, #1956 ) ) ;
#473 = VERTEX_POINT ( 'NONE', #1244 ) ;
#474 = ORIENTED_EDGE ( 'NONE', *, *, #1611, .F. ) ;
#475 = CIRCLE ( 'NONE', #547, 0.2999999999999999334 ) ;
#476 = FACE_OUTER_BOUND ( 'NONE', #600, .T. ) ;
#477 = DIRECTION ( 'NONE',  ( -0.000000000000000000, -1.000000000000000000, -0.000000000000000000 ) ) ;
#478 = AXIS2_PLACEMENT_3D ( 'NONE', #2467, #873, #2836 ) ;
#479 = DIRECTION ( 'NONE',  ( 0.000000000000000000, 0.000000000000000000, -1.000000000000000000 ) ) ;
#480 = VECTOR ( 'NONE', #1096, 1000.000000000000000 ) ;
#481 = CARTESIAN_POINT ( 'NONE',  ( -6.000000000000007994, 0.000000000000000000, -0.000000000000000000 ) ) ;
#482 = EDGE_CURVE ( 'NONE', #2206, #4011, #3841, .T. ) ;
#483 = PRESENTATION_LAYER_ASSIGNMENT (  '', '', ( #2304 ) ) ;
#484 = CIRCLE ( 'NONE', #2830, 0.2999999999999999334 ) ;
#485 = DIRECTION ( 'NONE',  ( 0.000000000000000000, 0.000000000000000000, -1.000000000000000000 ) ) ;
#486 = EDGE_LOOP ( 'NONE', ( #174, #1178, #667, #433 ) ) ;
#487 = VECTOR ( 'NONE', #498, 1000.000000000000000 ) ;
#488 = CARTESIAN_POINT ( 'NONE',  ( -12.70000000000000817, 25.00000000000000000, -1.300000000000000044 ) ) ;
#489 = CARTESIAN_POINT ( 'NONE',  ( 9.299999999999988276, 25.00000000000000000, -5.500000000000000888 ) ) ;
#490 = AXIS2_PLACEMENT_3D ( 'NONE', #1459, #1485, #1164 ) ;
#491 = ORIENTED_EDGE ( 'NONE', *, *, #1606, .F. ) ;
#492 = CARTESIAN_POINT ( 'NONE',  ( -10.30000000000000959, 25.00000000000000000, -1.299999999999999600 ) ) ;
#493 = FILL_AREA_STYLE_COLOUR ( '', #3124 ) ;
#494 = CIRCLE ( 'NONE', #490, 0.6500000000000027978 ) ;
#495 = ORIENTED_EDGE ( 'NONE', *, *, #3771, .T. ) ;
#496 = ORIENTED_EDGE ( 'NONE', *, *, #1675, .T. ) ;
#497 = CARTESIAN_POINT ( 'NONE',  ( 12.99999999999998757, 0.000000000000000000, 1.300000000000005596 ) ) ;
#498 = DIRECTION ( 'NONE',  ( 0.000000000000000000, 0.000000000000000000, 1.000000000000000000 ) ) ;
#499 = AXIS2_PLACEMENT_3D ( 'NONE', #1372, #3853, #2912 ) ;
#500 = ORIENTED_EDGE ( 'NONE', *, *, #2340, .T. ) ;
#501 = EDGE_CURVE ( 'NONE', #4006, #114, #3775, .T. ) ;
#502 = ORIENTED_EDGE ( 'NONE', *, *, #1686, .T. ) ;
#503 = ORIENTED_EDGE ( 'NONE', *, *, #189, .F. ) ;
#504 = VERTEX_POINT ( 'NONE', #3416 ) ;
#505 = DIRECTION ( 'NONE',  ( 0.000000000000000000, 0.000000000000000000, 1.000000000000000000 ) ) ;
#506 = PLANE ( 'NONE',  #1428 ) ;
#507 = CYLINDRICAL_SURFACE ( 'NONE', #893, 0.3000000000000007661 ) ;
#508 = DIRECTION ( 'NONE',  ( -0.000000000000000000, -1.000000000000000000, -0.000000000000000000 ) ) ;
#509 = DIRECTION ( 'NONE',  ( -0.000000000000000000, -1.000000000000000000, 0.000000000000000000 ) ) ;
#510 = DIRECTION ( 'NONE',  ( 0.000000000000000000, 1.000000000000000000, -0.000000000000000000 ) ) ;
#511 = LINE ( 'NONE', #1808, #1202 ) ;
#512 = VERTEX_POINT ( 'NONE', #3397 ) ;
#513 = FACE_OUTER_BOUND ( 'NONE', #60, .T. ) ;
#514 = EDGE_CURVE ( 'NONE', #2719, #151, #233, .T. ) ;
#515 = CARTESIAN_POINT ( 'NONE',  ( -14.30000000000000959, 25.00000000000000000, 2.300000000000004263 ) ) ;
#516 = APPLICATION_PROTOCOL_DEFINITION ( 'draft international standard', 'automotive_design', 1998, #2557 ) ;
#517 = ORIENTED_EDGE ( 'NONE', *, *, #2802, .T. ) ;
#518 = DIRECTION ( 'NONE',  ( -0.000000000000000000, -1.000000000000000000, -0.000000000000000000 ) ) ;
#519 = DIRECTION ( 'NONE',  ( 0.000000000000000000, 0.000000000000000000, 1.000000000000000000 ) ) ;
#520 = VERTEX_POINT ( 'NONE', #1902 ) ;
#521 = AXIS2_PLACEMENT_3D ( 'NONE', #1889, #3216, #257 ) ;
#522 = VERTEX_POINT ( 'NONE', #3790 ) ;
#523 = ORIENTED_EDGE ( 'NONE', *, *, #1341, .F. ) ;
#524 = EDGE_CURVE ( 'NONE', #3070, #1307, #2480, .T. ) ;
#525 = DIRECTION ( 'NONE',  ( 0.000000000000000000, 1.000000000000000000, -0.000000000000000000 ) ) ;
#526 = VERTEX_POINT ( 'NONE', #211 ) ;
#527 = LINE ( 'NONE', #1586, #1446 ) ;
#528 = CARTESIAN_POINT ( 'NONE',  ( -10.30000000000000959, 25.00000000000000000, 1.300000000000002931 ) ) ;
#529 = EDGE_CURVE ( 'NONE', #94, #2679, #2517, .T. ) ;
#530 = CARTESIAN_POINT ( 'NONE',  ( -10.00000000000000888, 0.000000000000000000, 5.200000000000001066 ) ) ;
#531 = CARTESIAN_POINT ( 'NONE',  ( -18.00000000000001066, 0.000000000000000000, 0.9500000000000068390 ) ) ;
#532 = VERTEX_POINT ( 'NONE', #2150 ) ;
#533 = LINE ( 'NONE', #4028, #3324 ) ;
#534 = EDGE_CURVE ( 'NONE', #3882, #2658, #1854, .T. ) ;
#535 = VECTOR ( 'NONE', #582, 1000.000000000000000 ) ;
#536 = ORIENTED_EDGE ( 'NONE', *, *, #3818, .T. ) ;
#537 = LINE ( 'NONE', #3779, #459 ) ;
#538 = CARTESIAN_POINT ( 'NONE',  ( 8.999999999999987566, 25.00000000000000000, 5.200000000000001066 ) ) ;
#539 = EDGE_LOOP ( 'NONE', ( #641, #706, #4048, #1498 ) ) ;
#540 = CIRCLE ( 'NONE', #3681, 0.2999999999999999334 ) ;
#541 = ADVANCED_FACE ( 'NONE', ( #2833 ), #1842, .F. ) ;
#542 = VERTEX_POINT ( 'NONE', #594 ) ;
#543 = VERTEX_POINT ( 'NONE', #930 ) ;
#544 = CIRCLE ( 'NONE', #1145, 0.3000000000000007661 ) ;
#545 = EDGE_LOOP ( 'NONE', ( #3876, #2310, #587, #819 ) ) ;
#546 =( REPRESENTATION_RELATIONSHIP ('NONE','NONE', #1081, #3187 ) REPRESENTATION_RELATIONSHIP_WITH_TRANSFORMATION ( #2969 )SHAPE_REPRESENTATION_RELATIONSHIP( ) );
#547 = AXIS2_PLACEMENT_3D ( 'NONE', #170, #510, #3296 ) ;
#548 = DIRECTION ( 'NONE',  ( 0.000000000000000000, 0.000000000000000000, 1.000000000000000000 ) ) ;
#549 = CARTESIAN_POINT ( 'NONE',  ( 4.999999999999988454, 25.00000000000000000, -0.9999999999999986677 ) ) ;
#550 = EDGE_CURVE ( 'NONE', #1772, #2777, #3144, .T. ) ;
#551 = PLANE ( 'NONE',  #1631 ) ;
#552 = CARTESIAN_POINT ( 'NONE',  ( 1.192622389734072232E-14, 25.00000000000000000, 5.500000000000023093 ) ) ;
#553 = AXIS2_PLACEMENT_3D ( 'NONE', #3540, #3556, #2270 ) ;
#554 = AXIS2_PLACEMENT_3D ( 'NONE', #849, #2418, #1455 ) ;
#555 = CARTESIAN_POINT ( 'NONE',  ( -14.00000000000000888, 25.00000000000000000, 5.200000000000001066 ) ) ;
#556 = DIRECTION ( 'NONE',  ( 0.000000000000000000, 0.000000000000000000, 1.000000000000000000 ) ) ;
#557 = VECTOR ( 'NONE', #3902, 1000.000000000000000 ) ;
#558 = EDGE_LOOP ( 'NONE', ( #2271, #794, #589, #496 ) ) ;
#559 = CARTESIAN_POINT ( 'NONE',  ( -12.70000000000000639, 25.00000000000000000, 1.000000000000003553 ) ) ;
#560 = LINE ( 'NONE', #1253, #1294 ) ;
#561 = ORIENTED_EDGE ( 'NONE', *, *, #3808, .T. ) ;
#562 = AXIS2_PLACEMENT_3D ( 'NONE', #3776, #1230, #3507 ) ;
#563 = VECTOR ( 'NONE', #2422, 1000.000000000000000 ) ;
#564 = ORIENTED_EDGE ( 'NONE', *, *, #524, .F. ) ;
#565 = ORIENTED_EDGE ( 'NONE', *, *, #1768, .T. ) ;
#566 = DIRECTION ( 'NONE',  ( -0.000000000000000000, -1.000000000000000000, 0.000000000000000000 ) ) ;
#567 = EDGE_CURVE ( 'NONE', #1148, #532, #1263, .T. ) ;
#568 = ORIENTED_EDGE ( 'NONE', *, *, #1637, .F. ) ;
#569 = EDGE_CURVE ( 'NONE', #4067, #1054, #2771, .T. ) ;
#570 = FACE_OUTER_BOUND ( 'NONE', #3903, .T. ) ;
#571 = VECTOR ( 'NONE', #1281, 1000.000000000000000 ) ;
#572 = CARTESIAN_POINT ( 'NONE',  ( -9.300000000000011369, 25.00000000000000000, 5.500000000000003553 ) ) ;
#573 = CARTESIAN_POINT ( 'NONE',  ( -13.30000000000000959, 25.00000000000000000, 5.500000000000003553 ) ) ;
#574 = CARTESIAN_POINT ( 'NONE',  ( 4.999999999999989342, 25.00000000000000000, -2.224004456380520227E-15 ) ) ;
#575 = DIRECTION ( 'NONE',  ( 1.000000000000000000, 0.000000000000000000, 2.710505431213765522E-16 ) ) ;
#576 = ADVANCED_FACE ( 'NONE', ( #1821 ), #234, .T. ) ;
#577 = EDGE_CURVE ( 'NONE', #469, #2250, #1505, .T. ) ;
#578 = CARTESIAN_POINT ( 'NONE',  ( -5.700000000000005507, 25.00000000000000000, -5.499999999999998224 ) ) ;
#579 = CARTESIAN_POINT ( 'NONE',  ( 9.999999999999987566, 25.00000000000000000, 5.200000000000001066 ) ) ;
#580 = AXIS2_PLACEMENT_3D ( 'NONE', #923, #982, #3203 ) ;
#581 = ORIENTED_EDGE ( 'NONE', *, *, #1275, .T. ) ;
#582 = DIRECTION ( 'NONE',  ( 1.000000000000000000, 0.000000000000000000, 2.710505431213765522E-16 ) ) ;
#583 = PLANE ( 'NONE',  #897 ) ;
#584 = EDGE_LOOP ( 'NONE', ( #2367, #2844, #1044, #1935 ) ) ;
#585 = CYLINDRICAL_SURFACE ( 'NONE', #2600, 0.6500000000000027978 ) ;
#586 = ADVANCED_FACE ( 'NONE', ( #3478 ), #1861, .T. ) ;
#587 = ORIENTED_EDGE ( 'NONE', *, *, #3806, .T. ) ;
#588 = CIRCLE ( 'NONE', #1999, 0.2999999999999999334 ) ;
#589 = ORIENTED_EDGE ( 'NONE', *, *, #2484, .F. ) ;
#590 = DIRECTION ( 'NONE',  ( 1.000000000000000000, 0.000000000000000000, 7.228014483236656126E-16 ) ) ;
#591 = ORIENTED_EDGE ( 'NONE', *, *, #2675, .T. ) ;
#592 = AXIS2_PLACEMENT_3D ( 'NONE', #1172, #3341, #1788 ) ;
#593 = CARTESIAN_POINT ( 'NONE',  ( -15.50000000000000000, 25.00000000000000000, -0.6500000000000010214 ) ) ;
#594 = CARTESIAN_POINT ( 'NONE',  ( 9.999999999999987566, 0.000000000000000000, 1.300000000000004929 ) ) ;
#595 = CARTESIAN_POINT ( 'NONE',  ( 9.999999999999987566, 25.00000000000000000, 0.000000000000000000 ) ) ;
#596 = LINE ( 'NONE', #2134, #2163 ) ;
#597 = DIRECTION ( 'NONE',  ( -1.000000000000000000, 0.000000000000000000, 0.000000000000000000 ) ) ;
#598 = CARTESIAN_POINT ( 'NONE',  ( -3.614007241618360604E-16, 25.00000000000000000, -2.000000000000003553 ) ) ;
#599 = DIRECTION ( 'NONE',  ( 0.000000000000000000, 0.000000000000000000, 1.000000000000000000 ) ) ;
#600 = EDGE_LOOP ( 'NONE', ( #1064, #788 ) ) ;
#601 = EDGE_CURVE ( 'NONE', #107, #905, #2809, .T. ) ;
#602 = CARTESIAN_POINT ( 'NONE',  ( 5.999999999999986677, 0.000000000000000000, -5.199999999999996625 ) ) ;
#603 = DIRECTION ( 'NONE',  ( -2.710505431213765522E-16, 0.000000000000000000, -1.000000000000000000 ) ) ;
#604 = EDGE_LOOP ( 'NONE', ( #1973, #3653, #1599, #3949 ) ) ;
#605 = FACE_OUTER_BOUND ( 'NONE', #2300, .T. ) ;
#606 = ORIENTED_EDGE ( 'NONE', *, *, #2491, .T. ) ;
#607 = EDGE_CURVE ( 'NONE', #327, #4067, #2254, .T. ) ;
#608 = CARTESIAN_POINT ( 'NONE',  ( -9.300000000000007816, 0.000000000000000000, -5.200000000000000178 ) ) ;
#609 = EDGE_LOOP ( 'NONE', ( #2014, #568, #223, #2556 ) ) ;
#610 = VECTOR ( 'NONE', #1775, 1000.000000000000000 ) ;
#611 = CARTESIAN_POINT ( 'NONE',  ( 6.406649201050683031E-17, 25.00000000000000000, -0.6499999999999995781 ) ) ;
#612 = DIRECTION ( 'NONE',  ( 0.000000000000000000, 0.000000000000000000, 1.000000000000000000 ) ) ;
#613 = DIRECTION ( 'NONE',  ( 0.000000000000000000, 0.000000000000000000, 1.000000000000000000 ) ) ;
#614 = DIRECTION ( 'NONE',  ( -1.000000000000000000, 0.000000000000000000, -1.807003620809177344E-16 ) ) ;
#615 = DIRECTION ( 'NONE',  ( -0.000000000000000000, -1.000000000000000000, -0.000000000000000000 ) ) ;
#616 = DIRECTION ( 'NONE',  ( -1.000000000000000000, 0.000000000000000000, 1.807003620809177344E-16 ) ) ;
#617 = LINE ( 'NONE', #2877, #3461 ) ;
#618 = ORIENTED_EDGE ( 'NONE', *, *, #3180, .T. ) ;
#619 = AXIS2_PLACEMENT_3D ( 'NONE', #3987, #2081, #452 ) ;
#620 = CARTESIAN_POINT ( 'NONE',  ( -14.30000000000001137, 0.000000000000000000, -2.000000000000000888 ) ) ;
#621 = LINE ( 'NONE', #2474, #1363 ) ;
#622 = AXIS2_PLACEMENT_3D ( 'NONE', #1524, #2164, #2829 ) ;
#623 = ORIENTED_EDGE ( 'NONE', *, *, #693, .F. ) ;
#624 = AXIS2_PLACEMENT_3D ( 'NONE', #4031, #2779, #1109 ) ;
#625 = PLANE ( 'NONE',  #3719 ) ;
#626 = ORIENTED_EDGE ( 'NONE', *, *, #524, .T. ) ;
#627 = DIRECTION ( 'NONE',  ( 0.000000000000000000, 0.000000000000000000, -1.000000000000000000 ) ) ;
#628 = VERTEX_POINT ( 'NONE', #2599 ) ;
#629 = APPLICATION_CONTEXT ( 'automotive_design' ) ;
#630 = EDGE_CURVE ( 'NONE', #2961, #1293, #3267, .T. ) ;
#631 = DIRECTION ( 'NONE',  ( 1.000000000000000000, 0.000000000000000000, 0.000000000000000000 ) ) ;
#632 = AXIS2_PLACEMENT_3D ( 'NONE', #2212, #1607, #2233 ) ;
#633 = VECTOR ( 'NONE', #423, 1000.000000000000000 ) ;
#634 = DIRECTION ( 'NONE',  ( -0.000000000000000000, -1.000000000000000000, -0.000000000000000000 ) ) ;
#635 = LINE ( 'NONE', #573, #2166 ) ;
#636 = AXIS2_PLACEMENT_3D ( 'NONE', #3168, #3713, #612 ) ;
#637 = CARTESIAN_POINT ( 'NONE',  ( -17.00000000000000711, 25.00000000000000000, -2.300000000000002487 ) ) ;
#638 = CARTESIAN_POINT ( 'NONE',  ( -13.00000000000000888, 25.00000000000000000, 0.000000000000000000 ) ) ;
#639 = FACE_OUTER_BOUND ( 'NONE', #4094, .T. ) ;
#640 = DIRECTION ( 'NONE',  ( -1.000000000000000000, 0.000000000000000000, 0.000000000000000000 ) ) ;
#641 = ORIENTED_EDGE ( 'NONE', *, *, #336, .T. ) ;
#642 = DIRECTION ( 'NONE',  ( 0.000000000000000000, 0.000000000000000000, -1.000000000000000000 ) ) ;
#643 = DIRECTION ( 'NONE',  ( 0.000000000000000000, 0.000000000000000000, 1.000000000000000000 ) ) ;
#644 = ADVANCED_FACE ( 'NONE', ( #1983 ), #3249, .T. ) ;
#645 = ORIENTED_EDGE ( 'NONE', *, *, #2095, .T. ) ;
#646 = DIRECTION ( 'NONE',  ( 0.000000000000000000, 0.000000000000000000, 1.000000000000000000 ) ) ;
#647 = ORIENTED_EDGE ( 'NONE', *, *, #1713, .T. ) ;
#648 = CARTESIAN_POINT ( 'NONE',  ( -10.00000000000000888, 0.000000000000000000, -5.199999999999997513 ) ) ;
#649 = ORIENTED_EDGE ( 'NONE', *, *, #1308, .T. ) ;
#650 = DIRECTION ( 'NONE',  ( 0.000000000000000000, 0.000000000000000000, 1.000000000000000000 ) ) ;
#651 = ADVANCED_FACE ( 'NONE', ( #3868 ), #1025, .T. ) ;
#652 = AXIS2_PLACEMENT_3D ( 'NONE', #975, #1211, #302 ) ;
#653 = DIRECTION ( 'NONE',  ( -0.000000000000000000, -1.000000000000000000, -0.000000000000000000 ) ) ;
#654 = DIRECTION ( 'NONE',  ( 0.000000000000000000, 1.000000000000000000, -0.000000000000000000 ) ) ;
#655 = AXIS2_PLACEMENT_3D ( 'NONE', #3253, #2648, #2587 ) ;
#656 = DIRECTION ( 'NONE',  ( -1.000000000000000000, 0.000000000000000000, -7.228014483236656126E-16 ) ) ;
#657 = AXIS2_PLACEMENT_3D ( 'NONE', #4022, #1124, #1142 ) ;
#658 = LINE ( 'NONE', #39, #2120 ) ;
#659 = FACE_OUTER_BOUND ( 'NONE', #1773, .T. ) ;
#660 = EDGE_LOOP ( 'NONE', ( #402, #179, #117, #1082 ) ) ;
#661 = PLANE ( 'NONE',  #671 ) ;
#662 = DIRECTION ( 'NONE',  ( -1.000000000000000000, 0.000000000000000000, -9.856383386231828012E-17 ) ) ;
#663 = EDGE_LOOP ( 'NONE', ( #781, #1737, #3489, #4052 ) ) ;
#664 = CARTESIAN_POINT ( 'NONE',  ( 13.29999999999998650, 0.000000000000000000, -5.200000000000000178 ) ) ;
#665 = VERTEX_POINT ( 'NONE', #35 ) ;
#666 = LINE ( 'NONE', #2944, #3696 ) ;
#667 = ORIENTED_EDGE ( 'NONE', *, *, #1686, .F. ) ;
#668 = VECTOR ( 'NONE', #3758, 1000.000000000000000 ) ;
#669 = EDGE_CURVE ( 'NONE', #3680, #882, #3582, .T. ) ;
#670 = DIRECTION ( 'NONE',  ( 1.000000000000000000, 0.000000000000000000, 0.000000000000000000 ) ) ;
#671 = AXIS2_PLACEMENT_3D ( 'NONE', #3839, #3901, #1991 ) ;
#672 = CARTESIAN_POINT ( 'NONE',  ( 0.000000000000000000, 25.00000000000000000, -5.500000000000000000 ) ) ;
#673 = DIRECTION ( 'NONE',  ( -0.000000000000000000, -1.000000000000000000, 0.000000000000000000 ) ) ;
#674 = AXIS2_PLACEMENT_3D ( 'NONE', #2336, #2381, #1048 ) ;
#675 = CARTESIAN_POINT ( 'NONE',  ( 17.99999999999998934, 0.000000000000000000, -0.9500000000000033973 ) ) ;
#676 = CARTESIAN_POINT ( 'NONE',  ( 15.50000000000000000, 25.00000000000000000, 0.6500000000000045741 ) ) ;
#677 = ORIENTED_EDGE ( 'NONE', *, *, #769, .F. ) ;
#678 = EDGE_CURVE ( 'NONE', #443, #790, #1945, .T. ) ;
#679 = CARTESIAN_POINT ( 'NONE',  ( 3.614007241618360604E-16, 25.00000000000000000, -2.000000000000003553 ) ) ;
#680 = ORIENTED_EDGE ( 'NONE', *, *, #1970, .F. ) ;
#681 = CARTESIAN_POINT ( 'NONE',  ( -10.00000000000000888, 25.00000000000000000, 5.200000000000001066 ) ) ;
#682 = DIRECTION ( 'NONE',  ( -0.000000000000000000, -1.000000000000000000, -0.000000000000000000 ) ) ;
#683 = ORIENTED_EDGE ( 'NONE', *, *, #1968, .F. ) ;
#684 = DIRECTION ( 'NONE',  ( 2.168404344971021884E-15, -0.000000000000000000, 1.000000000000000000 ) ) ;
#685 = ORIENTED_EDGE ( 'NONE', *, *, #3491, .F. ) ;
#686 = CARTESIAN_POINT ( 'NONE',  ( 16.99999999999998579, 25.00000000000000000, -2.300000000000002487 ) ) ;
#687 = ORIENTED_EDGE ( 'NONE', *, *, #1015, .F. ) ;
#688 = VECTOR ( 'NONE', #3598, 1000.000000000000000 ) ;
#689 = AXIS2_PLACEMENT_3D ( 'NONE', #3712, #209, #1501 ) ;
#690 = DIRECTION ( 'NONE',  ( 1.000000000000000000, 0.000000000000000000, 0.000000000000000000 ) ) ;
#691 = AXIS2_PLACEMENT_3D ( 'NONE', #3552, #3239, #2651 ) ;
#692 =( GEOMETRIC_REPRESENTATION_CONTEXT ( 3 ) GLOBAL_UNCERTAINTY_ASSIGNED_CONTEXT ( ( #4075 ) ) GLOBAL_UNIT_ASSIGNED_CONTEXT ( ( #2231, #2498, #3476 ) ) REPRESENTATION_CONTEXT ( 'NONE', 'WORKASPACE' ) );
#693 = EDGE_CURVE ( 'NONE', #1645, #1337, #371, .T. ) ;
#694 = FACE_OUTER_BOUND ( 'NONE', #2126, .T. ) ;
#695 = DIRECTION ( 'NONE',  ( 0.000000000000000000, 1.000000000000000000, -0.000000000000000000 ) ) ;
#696 = PRODUCT ( 'pin', 'pin', '', ( #2139 ) ) ;
#697 = PLANE ( 'NONE',  #411 ) ;
#698 = CARTESIAN_POINT ( 'NONE',  ( 12.99999999999998757, 25.00000000000000000, 0.000000000000000000 ) ) ;
#699 = ORIENTED_EDGE ( 'NONE', *, *, #1702, .F. ) ;
#700 = LINE ( 'NONE', #1989, #447 ) ;
#701 = ORIENTED_EDGE ( 'NONE', *, *, #466, .F. ) ;
#702 = LINE ( 'NONE', #2629, #3020 ) ;
#703 = DIRECTION ( 'NONE',  ( 0.000000000000000000, 1.000000000000000000, -0.000000000000000000 ) ) ;
#704 = AXIS2_PLACEMENT_3D ( 'NONE', #2852, #4116, #548 ) ;
#705 = ADVANCED_FACE ( 'NONE', ( #3560 ), #1665, .T. ) ;
#706 = ORIENTED_EDGE ( 'NONE', *, *, #2577, .F. ) ;
#707 = CARTESIAN_POINT ( 'NONE',  ( 8.999999999999987566, 0.000000000000000000, 1.000000000000003553 ) ) ;
#708 = ORIENTED_EDGE ( 'NONE', *, *, #3005, .F. ) ;
#709 = CARTESIAN_POINT ( 'NONE',  ( 13.29999999999998828, 0.000000000000000000, -5.500000000000000000 ) ) ;
#710 = ORIENTED_EDGE ( 'NONE', *, *, #295, .T. ) ;
#711 = ADVANCED_FACE ( 'NONE', ( #694 ), #1605, .F. ) ;
#712 = DIRECTION ( 'NONE',  ( -0.7362156178605054890, 0.000000000000000000, 0.6767470458142202938 ) ) ;
#713 = CARTESIAN_POINT ( 'NONE',  ( -9.300000000000007816, 25.00000000000000000, 5.200000000000002842 ) ) ;
#714 = DIRECTION ( 'NONE',  ( -0.000000000000000000, -1.000000000000000000, 0.000000000000000000 ) ) ;
#715 = EDGE_CURVE ( 'NONE', #3514, #3724, #3522, .T. ) ;
#716 = LINE ( 'NONE', #1946, #3096 ) ;
#717 = COLOUR_RGB ( '',0.8980392156862745390, 0.9176470588235293713, 0.9294117647058823817 ) ;
#718 = DIRECTION ( 'NONE',  ( -0.000000000000000000, -1.000000000000000000, 0.000000000000000000 ) ) ;
#719 = ORIENTED_EDGE ( 'NONE', *, *, #2621, .T. ) ;
#720 = CARTESIAN_POINT ( 'NONE',  ( 13.99999999999998757, 25.00000000000000000, 0.000000000000000000 ) ) ;
#721 = EDGE_CURVE ( 'NONE', #1310, #1838, #3015, .T. ) ;
#722 = LINE ( 'NONE', #3628, #1537 ) ;
#723 = VERTEX_POINT ( 'NONE', #57 ) ;
#724 = DIRECTION ( 'NONE',  ( -1.000000000000000000, 0.000000000000000000, 0.000000000000000000 ) ) ;
#725 = LINE ( 'NONE', #2880, #3701 ) ;
#726 = ORIENTED_EDGE ( 'NONE', *, *, #1199, .F. ) ;
#727 = PLANE ( 'NONE',  #2463 ) ;
#728 = EDGE_CURVE ( 'NONE', #63, #2287, #2479, .T. ) ;
#729 = ORIENTED_EDGE ( 'NONE', *, *, #630, .F. ) ;
#730 = DIRECTION ( 'NONE',  ( 0.000000000000000000, 0.000000000000000000, -1.000000000000000000 ) ) ;
#731 = VERTEX_POINT ( 'NONE', #3544 ) ;
#732 = EDGE_CURVE ( 'NONE', #2412, #3516, #2619, .T. ) ;
#733 = ORIENTED_EDGE ( 'NONE', *, *, #188, .F. ) ;
#734 = LINE ( 'NONE', #860, #742 ) ;
#735 = CARTESIAN_POINT ( 'NONE',  ( -5.700000000000005507, 0.000000000000000000, -5.499999999999998224 ) ) ;
#736 = EDGE_CURVE ( 'NONE', #811, #4054, #818, .T. ) ;
#737 = VECTOR ( 'NONE', #304, 1000.000000000000000 ) ;
#738 = DIRECTION ( 'NONE',  ( -0.000000000000000000, -1.000000000000000000, -0.000000000000000000 ) ) ;
#739 = CYLINDRICAL_SURFACE ( 'NONE', #2371, 0.2999999999999999334 ) ;
#740 = LINE ( 'NONE', #2028, #2050 ) ;
#741 = FACE_OUTER_BOUND ( 'NONE', #2742, .T. ) ;
#742 = VECTOR ( 'NONE', #4007, 1000.000000000000000 ) ;
#743 = ORIENTED_EDGE ( 'NONE', *, *, #2808, .T. ) ;
#744 = DIRECTION ( 'NONE',  ( 0.000000000000000000, 0.000000000000000000, 1.000000000000000000 ) ) ;
#745 = FACE_OUTER_BOUND ( 'NONE', #1234, .T. ) ;
#746 = ORIENTED_EDGE ( 'NONE', *, *, #3725, .T. ) ;
#747 = LINE ( 'NONE', #1380, #3726 ) ;
#748 = ORIENTED_EDGE ( 'NONE', *, *, #2827, .T. ) ;
#749 = DIRECTION ( 'NONE',  ( -0.000000000000000000, -1.000000000000000000, 0.000000000000000000 ) ) ;
#750 = EDGE_LOOP ( 'NONE', ( #3360, #2156, #4112, #814 ) ) ;
#751 = ORIENTED_EDGE ( 'NONE', *, *, #56, .T. ) ;
#752 = DIRECTION ( 'NONE',  ( 1.000000000000000000, 0.000000000000000000, 2.168404344971031351E-15 ) ) ;
#753 = ADVANCED_FACE ( 'NONE', ( #2871 ), #3887, .T. ) ;
#754 = CARTESIAN_POINT ( 'NONE',  ( 9.299999999999988276, 0.000000000000000000, -5.500000000000000888 ) ) ;
#755 = AXIS2_PLACEMENT_3D ( 'NONE', #1892, #2158, #3117 ) ;
#756 = CARTESIAN_POINT ( 'NONE',  ( -1.499999999999998890, 18.00000000000000355, 1.000000000000010214 ) ) ;
#757 = STYLED_ITEM ( 'NONE', ( #3164 ), #2511 ) ;
#758 = DIRECTION ( 'NONE',  ( 0.000000000000000000, 1.000000000000000000, -0.000000000000000000 ) ) ;
#759 = CARTESIAN_POINT ( 'NONE',  ( 13.29999999999998650, 25.00000000000000000, 5.200000000000002842 ) ) ;
#760 = LINE ( 'NONE', #1972, #1260 ) ;
#761 = EDGE_CURVE ( 'NONE', #512, #3161, #970, .T. ) ;
#762 = VECTOR ( 'NONE', #2586, 1000.000000000000000 ) ;
#763 = ORIENTED_EDGE ( 'NONE', *, *, #2913, .T. ) ;
#764 = LINE ( 'NONE', #2423, #210 ) ;
#765 = DIRECTION ( 'NONE',  ( -0.000000000000000000, -1.000000000000000000, -0.000000000000000000 ) ) ;
#766 = ORIENTED_EDGE ( 'NONE', *, *, #1357, .T. ) ;
#767 = ORIENTED_EDGE ( 'NONE', *, *, #1177, .F. ) ;
#768 = CARTESIAN_POINT ( 'NONE',  ( 10.29999999999998828, 0.000000000000000000, 1.300000000000002709 ) ) ;
#769 = EDGE_CURVE ( 'NONE', #151, #3058, #332, .T. ) ;
#770 = VECTOR ( 'NONE', #191, 1000.000000000000000 ) ;
#771 = ORIENTED_EDGE ( 'NONE', *, *, #295, .F. ) ;
#772 = DIRECTION ( 'NONE',  ( 0.000000000000000000, 1.000000000000000000, -0.000000000000000000 ) ) ;
#773 = ORIENTED_EDGE ( 'NONE', *, *, #1577, .T. ) ;
#774 = VERTEX_POINT ( 'NONE', #3992 ) ;
#775 = DIRECTION ( 'NONE',  ( -1.000000000000000000, 0.000000000000000000, 1.445602896647338719E-15 ) ) ;
#776 = FACE_OUTER_BOUND ( 'NONE', #3553, .T. ) ;
#777 = EDGE_CURVE ( 'NONE', #2737, #1125, #2420, .T. ) ;
#778 = EDGE_CURVE ( 'NONE', #2658, #1613, #3621, .T. ) ;
#779 = LINE ( 'NONE', #3912, #480 ) ;
#780 = CIRCLE ( 'NONE', #1457, 0.2999999999999999334 ) ;
#781 = ORIENTED_EDGE ( 'NONE', *, *, #3689, .F. ) ;
#782 = CARTESIAN_POINT ( 'NONE',  ( -6.300000000000007816, 0.000000000000000000, -1.299999999999999600 ) ) ;
#783 = CARTESIAN_POINT ( 'NONE',  ( -17.70000000000000639, 25.00000000000000000, -5.499999999999996447 ) ) ;
#784 = MECHANICAL_DESIGN_GEOMETRIC_PRESENTATION_REPRESENTATION (  '', ( #3593 ), #106 ) ;
#785 = ORIENTED_EDGE ( 'NONE', *, *, #2551, .F. ) ;
#786 = CARTESIAN_POINT ( 'NONE',  ( 17.99999999999998934, 0.000000000000000000, 0.000000000000000000 ) ) ;
#787 = DIRECTION ( 'NONE',  ( 0.000000000000000000, 0.000000000000000000, -1.000000000000000000 ) ) ;
#788 = ORIENTED_EDGE ( 'NONE', *, *, #103, .T. ) ;
#789 = AXIS2_PLACEMENT_3D ( 'NONE', #4125, #1866, #2198 ) ;
#790 = VERTEX_POINT ( 'NONE', #1388 ) ;
#791 = DIRECTION ( 'NONE',  ( 0.000000000000000000, 0.000000000000000000, -1.000000000000000000 ) ) ;
#792 = ORIENTED_EDGE ( 'NONE', *, *, #3457, .T. ) ;
#793 = CIRCLE ( 'NONE', #318, 0.2999999999999999334 ) ;
#794 = ORIENTED_EDGE ( 'NONE', *, *, #796, .F. ) ;
#795 = CARTESIAN_POINT ( 'NONE',  ( 4.999999999999986677, 25.00000000000000000, -5.199999999999995737 ) ) ;
#796 = EDGE_CURVE ( 'NONE', #204, #3846, #140, .T. ) ;
#797 = VERTEX_POINT ( 'NONE', #3662 ) ;
#798 = ORIENTED_EDGE ( 'NONE', *, *, #3350, .F. ) ;
#799 = VECTOR ( 'NONE', #907, 1000.000000000000000 ) ;
#800 = EDGE_CURVE ( 'NONE', #45, #1182, #3686, .T. ) ;
#801 = ORIENTED_EDGE ( 'NONE', *, *, #1611, .T. ) ;
#802 = CARTESIAN_POINT ( 'NONE',  ( 6.406649201050716311E-17, 25.00000000000000000, 0.6500000000000030198 ) ) ;
#803 = CARTESIAN_POINT ( 'NONE',  ( 9.999999999999987566, 0.000000000000000000, 5.200000000000001066 ) ) ;
#804 = CARTESIAN_POINT ( 'NONE',  ( -14.00000000000000888, 25.00000000000000000, -2.300000000000002931 ) ) ;
#805 = VECTOR ( 'NONE', #2778, 1000.000000000000000 ) ;
#806 = CARTESIAN_POINT ( 'NONE',  ( 17.99999999999998934, 0.000000000000000000, -5.199999999999998401 ) ) ;
#807 = CARTESIAN_POINT ( 'NONE',  ( 10.29999999999998828, 25.00000000000000000, 1.300000000000002709 ) ) ;
#808 = EDGE_LOOP ( 'NONE', ( #1379, #3824, #3318, #3529 ) ) ;
#809 = LINE ( 'NONE', #3650, #139 ) ;
#810 = CYLINDRICAL_SURFACE ( 'NONE', #2307, 0.2999999999999999334 ) ;
#811 = VERTEX_POINT ( 'NONE', #754 ) ;
#812 = EDGE_CURVE ( 'NONE', #3706, #1827, #1429, .T. ) ;
#813 = EDGE_CURVE ( 'NONE', #1416, #1813, #471, .T. ) ;
#814 = ORIENTED_EDGE ( 'NONE', *, *, #1476, .T. ) ;
#815 = PLANE ( 'NONE',  #3789 ) ;
#816 = ORIENTED_EDGE ( 'NONE', *, *, #420, .T. ) ;
#817 = DIRECTION ( 'NONE',  ( 0.000000000000000000, 0.000000000000000000, 1.000000000000000000 ) ) ;
#818 = CIRCLE ( 'NONE', #1469, 0.2999999999999999334 ) ;
#819 = ORIENTED_EDGE ( 'NONE', *, *, #2565, .T. ) ;
#820 = VECTOR ( 'NONE', #1760, 1000.000000000000000 ) ;
#821 = VERTEX_POINT ( 'NONE', #118 ) ;
#822 = ORIENTED_EDGE ( 'NONE', *, *, #850, .F. ) ;
#823 = CIRCLE ( 'NONE', #1695, 0.3000000000000007661 ) ;
#824 = LINE ( 'NONE', #1406, #3348 ) ;
#825 = FACE_OUTER_BOUND ( 'NONE', #244, .T. ) ;
#826 = EDGE_CURVE ( 'NONE', #4054, #2866, #824, .T. ) ;
#827 = CARTESIAN_POINT ( 'NONE',  ( -5.300000000000007816, 25.00000000000000000, -5.199999999999998401 ) ) ;
#828 = CIRCLE ( 'NONE', #3165, 0.6500000000000027978 ) ;
#829 = LINE ( 'NONE', #3377, #770 ) ;
#830 =( GEOMETRIC_REPRESENTATION_CONTEXT ( 3 ) GLOBAL_UNCERTAINTY_ASSIGNED_CONTEXT ( ( #3418 ) ) GLOBAL_UNIT_ASSIGNED_CONTEXT ( ( #2582, #1045, #2926 ) ) REPRESENTATION_CONTEXT ( 'NONE', 'WORKASPACE' ) );
#831 = VERTEX_POINT ( 'NONE', #1799 ) ;
#832 = FACE_OUTER_BOUND ( 'NONE', #2631, .T. ) ;
#833 = CARTESIAN_POINT ( 'NONE',  ( 6.299999999999990052, 25.00000000000000000, -0.9999999999999995559 ) ) ;
#834 = CARTESIAN_POINT ( 'NONE',  ( 12.69999999999998685, 25.00000000000000000, -1.300000000000000044 ) ) ;
#835 = CIRCLE ( 'NONE', #2963, 0.2999999999999999334 ) ;
#836 = EDGE_LOOP ( 'NONE', ( #2107, #123, #2433, #410 ) ) ;
#837 = ORIENTED_EDGE ( 'NONE', *, *, #1116, .T. ) ;
#838 = CIRCLE ( 'NONE', #1365, 0.3000000000000007661 ) ;
#839 = LINE ( 'NONE', #3402, #1320 ) ;
#840 = APPLICATION_PROTOCOL_DEFINITION ( 'draft international standard', 'automotive_design', 1998, #1349 ) ;
#841 = ORIENTED_EDGE ( 'NONE', *, *, #2400, .T. ) ;
#842 = EDGE_CURVE ( 'NONE', #3680, #2372, #544, .T. ) ;
#843 = CARTESIAN_POINT ( 'NONE',  ( 2.710505431213765522E-16, 25.00000000000000000, 1.000000000000000000 ) ) ;
#844 = CARTESIAN_POINT ( 'NONE',  ( -14.00000000000000888, 0.000000000000000000, -0.000000000000000000 ) ) ;
#845 = ORIENTED_EDGE ( 'NONE', *, *, #2260, .T. ) ;
#846 = ORIENTED_EDGE ( 'NONE', *, *, #911, .F. ) ;
#847 = ORIENTED_EDGE ( 'NONE', *, *, #501, .F. ) ;
#848 = ORIENTED_EDGE ( 'NONE', *, *, #2148, .T. ) ;
#849 = CARTESIAN_POINT ( 'NONE',  ( 6.406649201050716311E-17, 25.00000000000000000, 0.6500000000000030198 ) ) ;
#850 = EDGE_CURVE ( 'NONE', #3798, #3721, #1731, .T. ) ;
#851 = DIRECTION ( 'NONE',  ( -0.000000000000000000, -1.000000000000000000, -0.000000000000000000 ) ) ;
#852 = ORIENTED_EDGE ( 'NONE', *, *, #2209, .F. ) ;
#853 = CARTESIAN_POINT ( 'NONE',  ( -13.00000000000000888, 25.00000000000000000, -5.199999999999998401 ) ) ;
#854 = DIRECTION ( 'NONE',  ( 0.000000000000000000, 0.000000000000000000, -1.000000000000000000 ) ) ;
#855 = PLANE ( 'NONE',  #657 ) ;
#856 = ORIENTED_EDGE ( 'NONE', *, *, #1150, .F. ) ;
#857 =( NAMED_UNIT ( * ) PLANE_ANGLE_UNIT ( ) SI_UNIT ( $, .RADIAN. ) );
#858 = SHAPE_DEFINITION_REPRESENTATION ( #52, #3187 ) ;
#859 = VERTEX_POINT ( 'NONE', #2680 ) ;
#860 = CARTESIAN_POINT ( 'NONE',  ( -3.614007241618360604E-16, 25.00000000000000000, -2.000000000000003553 ) ) ;
#861 = DIRECTION ( 'NONE',  ( -7.228014483236656126E-16, 0.000000000000000000, 1.000000000000000000 ) ) ;
#862 = ORIENTED_EDGE ( 'NONE', *, *, #1106, .F. ) ;
#863 = EDGE_CURVE ( 'NONE', #2123, #3798, #3040, .T. ) ;
#864 = VECTOR ( 'NONE', #320, 1000.000000000000000 ) ;
#865 = VERTEX_POINT ( 'NONE', #3974 ) ;
#866 = VERTEX_POINT ( 'NONE', #3950 ) ;
#867 = EDGE_LOOP ( 'NONE', ( #845, #3181, #974, #3962 ) ) ;
#868 = VECTOR ( 'NONE', #1761, 1000.000000000000000 ) ;
#869 = EDGE_CURVE ( 'NONE', #1359, #1111, #2155, .T. ) ;
#870 = CARTESIAN_POINT ( 'NONE',  ( 0.000000000000000000, 0.000000000000000000, 0.000000000000000000 ) ) ;
#871 = DIRECTION ( 'NONE',  ( -0.000000000000000000, -1.000000000000000000, -0.000000000000000000 ) ) ;
#872 = DIRECTION ( 'NONE',  ( -1.000000000000000000, 0.000000000000000000, 0.000000000000000000 ) ) ;
#873 = DIRECTION ( 'NONE',  ( -1.000000000000000000, 0.000000000000000000, 0.000000000000000000 ) ) ;
#874 = CARTESIAN_POINT ( 'NONE',  ( 17.69999999999998508, 25.00000000000000000, 0.6500000000000047962 ) ) ;
#875 = DIRECTION ( 'NONE',  ( 0.000000000000000000, 0.000000000000000000, -1.000000000000000000 ) ) ;
#876 =( NAMED_UNIT ( * ) PLANE_ANGLE_UNIT ( ) SI_UNIT ( $, .RADIAN. ) );
#877 = ITEM_DEFINED_TRANSFORMATION ( 'NONE', 'NONE', #2005,  #3034 ) ;
#878 = ORIENTED_EDGE ( 'NONE', *, *, #1424, .F. ) ;
#879 = FACE_OUTER_BOUND ( 'NONE', #1442, .T. ) ;
#880 = CYLINDRICAL_SURFACE ( 'NONE', #755, 0.3000000000000007661 ) ;
#881 = EDGE_CURVE ( 'NONE', #3882, #2740, #2065, .T. ) ;
#882 = VERTEX_POINT ( 'NONE', #2398 ) ;
#883 = ORIENTED_EDGE ( 'NONE', *, *, #482, .F. ) ;
#884 = ORIENTED_EDGE ( 'NONE', *, *, #3437, .T. ) ;
#885 = VECTOR ( 'NONE', #1648, 1000.000000000000000 ) ;
#886 = ORIENTED_EDGE ( 'NONE', *, *, #4080, .T. ) ;
#887 = AXIS2_PLACEMENT_3D ( 'NONE', #25, #3510, #642 ) ;
#888 = ADVANCED_FACE ( 'NONE', ( #476 ), #3287, .T. ) ;
#889 = CARTESIAN_POINT ( 'NONE',  ( 0.000000000000000000, 25.00000000000000000, -5.499999999999998224 ) ) ;
#890 = DIRECTION ( 'NONE',  ( 0.000000000000000000, 0.000000000000000000, -1.000000000000000000 ) ) ;
#891 = CARTESIAN_POINT ( 'NONE',  ( -14.00000000000000888, 25.00000000000000000, -5.199999999999998401 ) ) ;
#892 = CARTESIAN_POINT ( 'NONE',  ( -18.00000000000001066, 25.00000000000000000, 0.000000000000000000 ) ) ;
#893 = AXIS2_PLACEMENT_3D ( 'NONE', #2746, #3062, #190 ) ;
#894 = VECTOR ( 'NONE', #2046, 1000.000000000000000 ) ;
#895 = CARTESIAN_POINT ( 'NONE',  ( -6.406649201050775476E-17, 25.00000000000000000, 0.6500000000000030198 ) ) ;
#896 = DIRECTION ( 'NONE',  ( -0.000000000000000000, -1.000000000000000000, 0.000000000000000000 ) ) ;
#897 = AXIS2_PLACEMENT_3D ( 'NONE', #305, #3155, #1869 ) ;
#898 = ORIENTED_EDGE ( 'NONE', *, *, #2454, .F. ) ;
#899 = DIRECTION ( 'NONE',  ( 0.000000000000000000, 0.000000000000000000, 1.000000000000000000 ) ) ;
#900 = CARTESIAN_POINT ( 'NONE',  ( -15.50000000000000000, 25.00000000000000000, 1.898202538678397952E-15 ) ) ;
#901 = VERTEX_POINT ( 'NONE', #3603 ) ;
#902 = CIRCLE ( 'NONE', #1165, 0.3000000000000007661 ) ;
#903 = EDGE_CURVE ( 'NONE', #2368, #3721, #2085, .T. ) ;
#904 = VECTOR ( 'NONE', #3669, 1000.000000000000000 ) ;
#905 = VERTEX_POINT ( 'NONE', #735 ) ;
#906 = EDGE_LOOP ( 'NONE', ( #3430, #3784, #1916, #3991, #3555, #1315, #2578, #2990, #3283, #1708, #3241, #1067, #2031, #1749, #1855, #618, #4081, #1701, #591, #3827, #2711, #1080, #3592, #581, #1122, #1450, #2697, #3446, #2883, #4085, #3118, #3711, #2785, #1489, #3304, #2634, #3185, #1085, #3220, #1400, #495, #2691, #364, #1942, #4027, #4010, #2246, #898, #2580, #3408, #3615, #3338, #957, #3495, #3709, #1213, #1276, #1156, #3821, #3892, #1816, #1875, #1352, #4035, #3201, #3708, #3718, #289, #3613, #3855, #339, #4037, #176, #3980, #1493, #1405, #3393, #2146, #2306, #561, #3009, #1538, #3944, #3947, #2091, #2539, #428, #995, #2053, #1133, #2992, #1389, #2783, #2760, #7, #3702, #2352, #944, #261, #3655, #3363, #767, #2655, #3879, #3136, #2064, #2395, #1522, #3629, #4024, #2320, #2203 ) ) ;
#907 = DIRECTION ( 'NONE',  ( 1.000000000000000000, 0.000000000000000000, 1.807003620809177344E-16 ) ) ;
#908 = VERTEX_POINT ( 'NONE', #1070 ) ;
#909 = AXIS2_PLACEMENT_3D ( 'NONE', #759, #1138, #3647 ) ;
#910 = DIRECTION ( 'NONE',  ( 0.000000000000000000, 0.000000000000000000, 1.000000000000000000 ) ) ;
#911 = EDGE_CURVE ( 'NONE', #3844, #504, #3221, .T. ) ;
#912 = FACE_OUTER_BOUND ( 'NONE', #1890, .T. ) ;
#913 = CARTESIAN_POINT ( 'NONE',  ( 17.99999999999998934, 25.00000000000000000, 0.9500000000000068390 ) ) ;
#914 = DIRECTION ( 'NONE',  ( 0.000000000000000000, 0.000000000000000000, -1.000000000000000000 ) ) ;
#915 = LINE ( 'NONE', #3087, #3964 ) ;
#916 = LINE ( 'NONE', #1591, #2067 ) ;
#917 = VECTOR ( 'NONE', #3158, 1000.000000000000000 ) ;
#918 = ORIENTED_EDGE ( 'NONE', *, *, #3795, .T. ) ;
#919 = LINE ( 'NONE', #2817, #668 ) ;
#920 = DIRECTION ( 'NONE',  ( 0.000000000000000000, 0.000000000000000000, -1.000000000000000000 ) ) ;
#921 = ORIENTED_EDGE ( 'NONE', *, *, #1297, .T. ) ;
#922 = CIRCLE ( 'NONE', #1255, 0.2999999999999999334 ) ;
#923 = CARTESIAN_POINT ( 'NONE',  ( 10.29999999999998828, 25.00000000000000000, -1.299999999999999378 ) ) ;
#924 = ORIENTED_EDGE ( 'NONE', *, *, #761, .T. ) ;
#925 = FACE_OUTER_BOUND ( 'NONE', #1131, .T. ) ;
#926 = ORIENTED_EDGE ( 'NONE', *, *, #3407, .F. ) ;
#927 = EDGE_CURVE ( 'NONE', #28, #3410, #1710, .T. ) ;
#928 = DIRECTION ( 'NONE',  ( 0.000000000000000000, 0.000000000000000000, -1.000000000000000000 ) ) ;
#929 = ADVANCED_FACE ( 'NONE', ( #2743 ), #4015, .T. ) ;
#930 = CARTESIAN_POINT ( 'NONE',  ( -13.00000000000000888, 0.000000000000000000, 5.200000000000001066 ) ) ;
#931 = CARTESIAN_POINT ( 'NONE',  ( -10.00000000000000888, 0.000000000000000000, -1.300000000000001599 ) ) ;
#932 = DIRECTION ( 'NONE',  ( -1.000000000000000000, 0.000000000000000000, -7.228014483236656126E-16 ) ) ;
#933 = CARTESIAN_POINT ( 'NONE',  ( -15.50000000000000000, 0.000000000000000000, -0.6500000000000010214 ) ) ;
#934 = DIRECTION ( 'NONE',  ( -0.000000000000000000, -1.000000000000000000, -0.000000000000000000 ) ) ;
#935 = CARTESIAN_POINT ( 'NONE',  ( 0.000000000000000000, 25.00000000000000000, -5.499999999999998224 ) ) ;
#936 = ORIENTED_EDGE ( 'NONE', *, *, #1794, .T. ) ;
#937 = CARTESIAN_POINT ( 'NONE',  ( -16.70000000000000639, 0.000000000000000000, 2.300000000000003819 ) ) ;
#938 = CARTESIAN_POINT ( 'NONE',  ( -9.000000000000007105, 0.000000000000000000, -1.300000000000002043 ) ) ;
#939 = ADVANCED_FACE ( 'NONE', ( #1479 ), #3284, .T. ) ;
#940 = EDGE_CURVE ( 'NONE', #3756, #3728, #1339, .T. ) ;
#941 = VERTEX_POINT ( 'NONE', #2335 ) ;
#942 = CIRCLE ( 'NONE', #3143, 0.2999999999999999334 ) ;
#943 = DIRECTION ( 'NONE',  ( -0.000000000000000000, -1.000000000000000000, -0.000000000000000000 ) ) ;
#944 = ORIENTED_EDGE ( 'NONE', *, *, #30, .T. ) ;
#945 = DIRECTION ( 'NONE',  ( 0.000000000000000000, 0.000000000000000000, 1.000000000000000000 ) ) ;
#946 = ORIENTED_EDGE ( 'NONE', *, *, #850, .T. ) ;
#947 = VECTOR ( 'NONE', #391, 1000.000000000000000 ) ;
#948 = VECTOR ( 'NONE', #340, 1000.000000000000000 ) ;
#949 = DIRECTION ( 'NONE',  ( -1.000000000000000000, 0.000000000000000000, 2.312964634635742267E-15 ) ) ;
#950 = EDGE_CURVE ( 'NONE', #1148, #2160, #3601, .T. ) ;
#951 = DIRECTION ( 'NONE',  ( 0.000000000000000000, 0.000000000000000000, -1.000000000000000000 ) ) ;
#952 = EDGE_CURVE ( 'NONE', #309, #3070, #1494, .T. ) ;
#953 = CARTESIAN_POINT ( 'NONE',  ( -3.614007241618367506E-16, 25.00000000000000000, 2.000000000000007105 ) ) ;
#954 = CYLINDRICAL_SURFACE ( 'NONE', #321, 0.2999999999999999334 ) ;
#955 = CARTESIAN_POINT ( 'NONE',  ( 12.99999999999998757, 25.00000000000000000, 1.300000000000005596 ) ) ;
#956 = CARTESIAN_POINT ( 'NONE',  ( -8.700000000000008171, 25.00000000000000000, -1.300000000000000044 ) ) ;
#957 = ORIENTED_EDGE ( 'NONE', *, *, #2298, .T. ) ;
#958 = ADVANCED_BREP_SHAPE_REPRESENTATION ( '', ( #3210, #3034 ), #16 ) ;
#959 = CARTESIAN_POINT ( 'NONE',  ( 2.710505431213756155E-16, 0.000000000000000000, -0.9999999999999965583 ) ) ;
#960 = DIRECTION ( 'NONE',  ( 1.000000000000000000, -0.000000000000000000, 0.000000000000000000 ) ) ;
#961 = AXIS2_PLACEMENT_3D ( 'NONE', #419, #3911, #2601 ) ;
#962 = ORIENTED_EDGE ( 'NONE', *, *, #3678, .T. ) ;
#963 = VECTOR ( 'NONE', #3031, 1000.000000000000000 ) ;
#964 = DIRECTION ( 'NONE',  ( 0.000000000000000000, 0.000000000000000000, 1.000000000000000000 ) ) ;
#965 = ADVANCED_FACE ( 'NONE', ( #3620 ), #2457, .T. ) ;
#966 = ORIENTED_EDGE ( 'NONE', *, *, #2127, .T. ) ;
#967 = DIRECTION ( 'NONE',  ( 0.000000000000000000, 0.000000000000000000, 1.000000000000000000 ) ) ;
#968 = AXIS2_PLACEMENT_3D ( 'NONE', #2712, #2408, #197 ) ;
#969 = ORIENTED_EDGE ( 'NONE', *, *, #778, .T. ) ;
#970 = LINE ( 'NONE', #3209, #885 ) ;
#971 = CARTESIAN_POINT ( 'NONE',  ( 17.69999999999998508, 25.00000000000000000, -5.200000000000001066 ) ) ;
#972 = FACE_OUTER_BOUND ( 'NONE', #2535, .T. ) ;
#973 = LINE ( 'NONE', #676, #3440 ) ;
#974 = ORIENTED_EDGE ( 'NONE', *, *, #6, .F. ) ;
#975 = CARTESIAN_POINT ( 'NONE',  ( 14.29999999999998828, 25.00000000000000000, 2.300000000000004263 ) ) ;
#976 = VERTEX_POINT ( 'NONE', #1791 ) ;
#977 = DIRECTION ( 'NONE',  ( -0.000000000000000000, -1.000000000000000000, -0.000000000000000000 ) ) ;
#978 = EDGE_CURVE ( 'NONE', #1540, #473, #734, .T. ) ;
#979 = APPLICATION_CONTEXT ( 'automotive_design' ) ;
#980 = DIRECTION ( 'NONE',  ( -0.000000000000000000, -1.000000000000000000, 0.000000000000000000 ) ) ;
#981 = ORIENTED_EDGE ( 'NONE', *, *, #2913, .F. ) ;
#982 = DIRECTION ( 'NONE',  ( 0.000000000000000000, 1.000000000000000000, -0.000000000000000000 ) ) ;
#983 = VERTEX_POINT ( 'NONE', #2143 ) ;
#984 = CARTESIAN_POINT ( 'NONE',  ( 14.29999999999999005, 25.00000000000000000, 2.000000000000004441 ) ) ;
#985 = ORIENTED_EDGE ( 'NONE', *, *, #800, .T. ) ;
#986 = ORIENTED_EDGE ( 'NONE', *, *, #315, .T. ) ;
#987 = AXIS2_PLACEMENT_3D ( 'NONE', #2010, #3897, #1034 ) ;
#988 = EDGE_CURVE ( 'NONE', #2346, #2492, #2022, .T. ) ;
#989 = DIRECTION ( 'NONE',  ( 0.000000000000000000, 1.000000000000000000, -0.000000000000000000 ) ) ;
#990 = CARTESIAN_POINT ( 'NONE',  ( -17.70000000000000639, 25.00000000000000000, 0.9500000000000046185 ) ) ;
#991 = CARTESIAN_POINT ( 'NONE',  ( 2.385244779468178543E-14, 25.00000000000000000, 5.500000000000078160 ) ) ;
#992 = CARTESIAN_POINT ( 'NONE',  ( -9.300000000000007816, 25.00000000000000000, -5.200000000000000178 ) ) ;
#993 = DIRECTION ( 'NONE',  ( 0.000000000000000000, 0.000000000000000000, 1.000000000000000000 ) ) ;
#994 = AXIS2_PLACEMENT_3D ( 'NONE', #3860, #1873, #2592 ) ;
#995 = ORIENTED_EDGE ( 'NONE', *, *, #3403, .T. ) ;
#996 = CARTESIAN_POINT ( 'NONE',  ( -9.700000000000008171, 0.000000000000000000, 5.200000000000001954 ) ) ;
#997 = FACE_OUTER_BOUND ( 'NONE', #836, .T. ) ;
#998 = ORIENTED_EDGE ( 'NONE', *, *, #988, .T. ) ;
#999 = CARTESIAN_POINT ( 'NONE',  ( 1.192622389734072232E-14, 25.00000000000000000, 5.500000000000023093 ) ) ;
#1000 = ADVANCED_FACE ( 'NONE', ( #3703 ), #97, .F. ) ;
#1001 = VERTEX_POINT ( 'NONE', #497 ) ;
#1002 = ADVANCED_FACE ( 'NONE', ( #1709 ), #3053, .T. ) ;
#1003 = DIRECTION ( 'NONE',  ( 0.000000000000000000, 0.000000000000000000, 1.000000000000000000 ) ) ;
#1004 = ORIENTED_EDGE ( 'NONE', *, *, #3077, .F. ) ;
#1005 = DIRECTION ( 'NONE',  ( -0.000000000000000000, -1.000000000000000000, -0.000000000000000000 ) ) ;
#1006 = LINE ( 'NONE', #1071, #2695 ) ;
#1007 = ADVANCED_FACE ( 'NONE', ( #1023 ), #177, .T. ) ;
#1008 = VECTOR ( 'NONE', #752, 1000.000000000000000 ) ;
#1009 = DIRECTION ( 'NONE',  ( -0.000000000000000000, -1.000000000000000000, -0.000000000000000000 ) ) ;
#1010 = CARTESIAN_POINT ( 'NONE',  ( 13.69999999999998863, 25.00000000000000000, -5.200000000000000178 ) ) ;
#1011 = CARTESIAN_POINT ( 'NONE',  ( 5.299999999999987388, 25.00000000000000000, -5.199999999999998401 ) ) ;
#1012 = ORIENTED_EDGE ( 'NONE', *, *, #1323, .F. ) ;
#1013 = CARTESIAN_POINT ( 'NONE',  ( -9.300000000000011369, 0.000000000000000000, 5.500000000000003553 ) ) ;
#1014 = DIRECTION ( 'NONE',  ( 0.000000000000000000, 0.000000000000000000, 1.000000000000000000 ) ) ;
#1015 = EDGE_CURVE ( 'NONE', #94, #361, #1149, .T. ) ;
#1016 = ORIENTED_EDGE ( 'NONE', *, *, #1698, .F. ) ;
#1017 = VECTOR ( 'NONE', #1508, 1000.000000000000000 ) ;
#1018 = VERTEX_POINT ( 'NONE', #3266 ) ;
#1019 = DIRECTION ( 'NONE',  ( 1.000000000000000000, 0.000000000000000000, 0.000000000000000000 ) ) ;
#1020 = ORIENTED_EDGE ( 'NONE', *, *, #2551, .T. ) ;
#1021 = AXIS2_PLACEMENT_3D ( 'NONE', #115, #49, #3616 ) ;
#1022 = CIRCLE ( 'NONE', #624, 0.2999999999999999334 ) ;
#1023 = FACE_OUTER_BOUND ( 'NONE', #2230, .T. ) ;
#1024 = AXIS2_PLACEMENT_3D ( 'NONE', #1743, #3700, #2754 ) ;
#1025 = CYLINDRICAL_SURFACE ( 'NONE', #430, 0.2999999999999999334 ) ;
#1026 = CIRCLE ( 'NONE', #2770, 0.2999999999999999334 ) ;
#1027 = SHAPE_REPRESENTATION ( 'pin', ( #3034 ), #16 ) ;
#1028 = LINE ( 'NONE', #394, #3419 ) ;
#1029 = DIRECTION ( 'NONE',  ( 0.000000000000000000, 1.000000000000000000, -0.000000000000000000 ) ) ;
#1030 = ORIENTED_EDGE ( 'NONE', *, *, #2478, .T. ) ;
#1031 = EDGE_CURVE ( 'NONE', #467, #2372, #1366, .T. ) ;
#1032 = ADVANCED_FACE ( 'NONE', ( #2314 ), #1814, .T. ) ;
#1033 = LINE ( 'NONE', #2895, #3707 ) ;
#1034 = DIRECTION ( 'NONE',  ( 0.000000000000000000, 0.000000000000000000, 1.000000000000000000 ) ) ;
#1035 = VERTEX_POINT ( 'NONE', #2618 ) ;
#1036 = DIRECTION ( 'NONE',  ( 0.000000000000000000, 1.000000000000000000, -0.000000000000000000 ) ) ;
#1037 = DIRECTION ( 'NONE',  ( -0.000000000000000000, -1.000000000000000000, 0.000000000000000000 ) ) ;
#1038 = AXIS2_PLACEMENT_3D ( 'NONE', #3125, #1546, #1224 ) ;
#1039 = ORIENTED_EDGE ( 'NONE', *, *, #1159, .F. ) ;
#1040 = ADVANCED_FACE ( 'NONE', ( #1175 ), #3581, .T. ) ;
#1041 = DIRECTION ( 'NONE',  ( 0.000000000000000000, 0.000000000000000000, 1.000000000000000000 ) ) ;
#1042 = ORIENTED_EDGE ( 'NONE', *, *, #2931, .F. ) ;
#1043 = DIRECTION ( 'NONE',  ( -0.000000000000000000, -1.000000000000000000, -0.000000000000000000 ) ) ;
#1044 = ORIENTED_EDGE ( 'NONE', *, *, #2127, .F. ) ;
#1045 =( NAMED_UNIT ( * ) PLANE_ANGLE_UNIT ( ) SI_UNIT ( $, .RADIAN. ) );
#1046 = AXIS2_PLACEMENT_3D ( 'NONE', #3822, #2865, #1295 ) ;
#1047 = DIRECTION ( 'NONE',  ( 1.000000000000000000, -0.000000000000000000, 0.000000000000000000 ) ) ;
#1048 = DIRECTION ( 'NONE',  ( 0.000000000000000000, -0.000000000000000000, 1.000000000000000000 ) ) ;
#1049 = CARTESIAN_POINT ( 'NONE',  ( 0.000000000000000000, 11.00000000000000000, 0.000000000000000000 ) ) ;
#1050 = EDGE_CURVE ( 'NONE', #1601, #2596, #2947, .T. ) ;
#1051 = CARTESIAN_POINT ( 'NONE',  ( 1.807003620809174632E-16, 25.00000000000000000, -0.9999999999999985567 ) ) ;
#1052 = LINE ( 'NONE', #720, #2897 ) ;
#1053 = AXIS2_PLACEMENT_3D ( 'NONE', #2322, #3854, #2604 ) ;
#1054 = VERTEX_POINT ( 'NONE', #2861 ) ;
#1055 = LINE ( 'NONE', #679, #3731 ) ;
#1056 = VERTEX_POINT ( 'NONE', #2798 ) ;
#1057 = CYLINDRICAL_SURFACE ( 'NONE', #2819, 0.3000000000000007661 ) ;
#1058 = CARTESIAN_POINT ( 'NONE',  ( -5.000000000000009770, 0.000000000000000000, -0.9999999999999983347 ) ) ;
#1059 = DIRECTION ( 'NONE',  ( 1.000000000000000000, 0.000000000000000000, 0.000000000000000000 ) ) ;
#1060 = ORIENTED_EDGE ( 'NONE', *, *, #3072, .T. ) ;
#1061 = DIRECTION ( 'NONE',  ( 0.000000000000000000, 0.000000000000000000, -1.000000000000000000 ) ) ;
#1062 = AXIS2_PLACEMENT_3D ( 'NONE', #2519, #287, #1941 ) ;
#1063 = ORIENTED_EDGE ( 'NONE', *, *, #3215, .F. ) ;
#1064 = ORIENTED_EDGE ( 'NONE', *, *, #2469, .T. ) ;
#1065 = ADVANCED_FACE ( 'NONE', ( #3799 ), #1593, .T. ) ;
#1066 = DIRECTION ( 'NONE',  ( -1.000000000000000000, 0.000000000000000000, 1.807003620809177344E-16 ) ) ;
#1067 = ORIENTED_EDGE ( 'NONE', *, *, #3176, .T. ) ;
#1068 = VERTEX_POINT ( 'NONE', #602 ) ;
#1069 = CARTESIAN_POINT ( 'NONE',  ( -17.70000000000000995, 25.00000000000000000, 5.200000000000005507 ) ) ;
#1070 = CARTESIAN_POINT ( 'NONE',  ( 9.699999999999986855, 25.00000000000000000, -5.500000000000000000 ) ) ;
#1071 = CARTESIAN_POINT ( 'NONE',  ( -13.00000000000000888, 25.00000000000000000, 5.200000000000001066 ) ) ;
#1072 = DIRECTION ( 'NONE',  ( 0.000000000000000000, 0.000000000000000000, 1.000000000000000000 ) ) ;
#1073 = DIRECTION ( 'NONE',  ( -1.000000000000000000, 0.000000000000000000, -2.168404344971021884E-15 ) ) ;
#1074 = EDGE_CURVE ( 'NONE', #3058, #2866, #4082, .T. ) ;
#1075 = LINE ( 'NONE', #2361, #904 ) ;
#1076 = VECTOR ( 'NONE', #2023, 1000.000000000000000 ) ;
#1077 = ORIENTED_EDGE ( 'NONE', *, *, #80, .F. ) ;
#1078 = CARTESIAN_POINT ( 'NONE',  ( 8.999999999999987566, 25.00000000000000000, 0.000000000000000000 ) ) ;
#1079 = CYLINDRICAL_SURFACE ( 'NONE', #3129, 0.2999999999999999334 ) ;
#1080 = ORIENTED_EDGE ( 'NONE', *, *, #3714, .F. ) ;
#1081 = SHAPE_REPRESENTATION ( 'DISIPADOR_TO220_5P', ( #3532, #1163, #1706, #2005 ), #2727 ) ;
#1082 = ORIENTED_EDGE ( 'NONE', *, *, #2456, .T. ) ;
#1083 = ORIENTED_EDGE ( 'NONE', *, *, #2080, .T. ) ;
#1084 = CARTESIAN_POINT ( 'NONE',  ( 3.614007241618360604E-16, 0.000000000000000000, -2.000000000000003553 ) ) ;
#1085 = ORIENTED_EDGE ( 'NONE', *, *, #3362, .F. ) ;
#1086 = CIRCLE ( 'NONE', #3227, 0.2999999999999999334 ) ;
#1087 = PLANE ( 'NONE',  #3162 ) ;
#1088 = EDGE_LOOP ( 'NONE', ( #4127, #2329, #3409, #2704 ) ) ;
#1089 = EDGE_CURVE ( 'NONE', #983, #3846, #2678, .T. ) ;
#1090 = ORIENTED_EDGE ( 'NONE', *, *, #567, .F. ) ;
#1091 = CIRCLE ( 'NONE', #414, 0.2999999999999999334 ) ;
#1092 = VECTOR ( 'NONE', #3395, 1000.000000000000000 ) ;
#1093 = CARTESIAN_POINT ( 'NONE',  ( -14.30000000000000959, 0.000000000000000000, -2.300000000000000711 ) ) ;
#1094 = VECTOR ( 'NONE', #1378, 1000.000000000000000 ) ;
#1095 = DIRECTION ( 'NONE',  ( 0.000000000000000000, 0.000000000000000000, 1.000000000000000000 ) ) ;
#1096 = DIRECTION ( 'NONE',  ( -0.000000000000000000, -1.000000000000000000, -0.000000000000000000 ) ) ;
#1097 = LINE ( 'NONE', #2114, #298 ) ;
#1098 = DIRECTION ( 'NONE',  ( 0.000000000000000000, 0.000000000000000000, 1.000000000000000000 ) ) ;
#1099 = ORIENTED_EDGE ( 'NONE', *, *, #1486, .T. ) ;
#1100 = LINE ( 'NONE', #2405, #2558 ) ;
#1101 = CARTESIAN_POINT ( 'NONE',  ( 6.299999999999987388, 25.00000000000000000, -1.299999999999999600 ) ) ;
#1102 = PRODUCT_DEFINITION_SHAPE ( 'NONE', 'NONE',  #4139 ) ;
#1103 = ORIENTED_EDGE ( 'NONE', *, *, #3896, .T. ) ;
#1104 = ORIENTED_EDGE ( 'NONE', *, *, #3825, .T. ) ;
#1105 = DIRECTION ( 'NONE',  ( 0.000000000000000000, 0.000000000000000000, 1.000000000000000000 ) ) ;
#1106 = EDGE_CURVE ( 'NONE', #3389, #2868, #2222, .T. ) ;
#1107 = VECTOR ( 'NONE', #3733, 1000.000000000000000 ) ;
#1108 = ORIENTED_EDGE ( 'NONE', *, *, #3546, .T. ) ;
#1109 = DIRECTION ( 'NONE',  ( 0.000000000000000000, 0.000000000000000000, 1.000000000000000000 ) ) ;
#1110 = VERTEX_POINT ( 'NONE', #2549 ) ;
#1111 = VERTEX_POINT ( 'NONE', #620 ) ;
#1112 = ORIENTED_EDGE ( 'NONE', *, *, #1106, .T. ) ;
#1113 = DIRECTION ( 'NONE',  ( 1.734723475976807410E-14, 0.000000000000000000, 1.000000000000000000 ) ) ;
#1114 = AXIS2_PLACEMENT_3D ( 'NONE', #3222, #3802, #1936 ) ;
#1115 = CARTESIAN_POINT ( 'NONE',  ( 10.29999999999999005, 25.00000000000000000, -0.9999999999999993339 ) ) ;
#1116 = EDGE_CURVE ( 'NONE', #327, #1170, #1868, .T. ) ;
#1117 = CARTESIAN_POINT ( 'NONE',  ( -13.70000000000000817, 0.000000000000000000, 5.200000000000002842 ) ) ;
#1118 = VECTOR ( 'NONE', #113, 1000.000000000000000 ) ;
#1119 = DIRECTION ( 'NONE',  ( 0.000000000000000000, 0.000000000000000000, -1.000000000000000000 ) ) ;
#1120 = CARTESIAN_POINT ( 'NONE',  ( -13.70000000000000817, 25.00000000000000000, 5.500000000000003553 ) ) ;
#1121 = AXIS2_PLACEMENT_3D ( 'NONE', #3028, #3361, #154 ) ;
#1122 = ORIENTED_EDGE ( 'NONE', *, *, #3684, .F. ) ;
#1123 = DIRECTION ( 'NONE',  ( -0.000000000000000000, -1.000000000000000000, -0.000000000000000000 ) ) ;
#1124 = DIRECTION ( 'NONE',  ( 1.000000000000000000, 0.000000000000000000, -4.448008912761050709E-16 ) ) ;
#1125 = VERTEX_POINT ( 'NONE', #2512 ) ;
#1126 = ORIENTED_EDGE ( 'NONE', *, *, #3362, .T. ) ;
#1127 = ORIENTED_EDGE ( 'NONE', *, *, #3808, .F. ) ;
#1128 = LINE ( 'NONE', #178, #963 ) ;
#1129 = ORIENTED_EDGE ( 'NONE', *, *, #3005, .T. ) ;
#1130 = EDGE_CURVE ( 'NONE', #797, #2282, #1575, .T. ) ;
#1131 = EDGE_LOOP ( 'NONE', ( #645, #1152, #137, #3740 ) ) ;
#1132 = VECTOR ( 'NONE', #1600, 1000.000000000000000 ) ;
#1133 = ORIENTED_EDGE ( 'NONE', *, *, #721, .T. ) ;
#1134 = CARTESIAN_POINT ( 'NONE',  ( -16.70000000000000639, 25.00000000000000000, 2.000000000000003997 ) ) ;
#1135 = CARTESIAN_POINT ( 'NONE',  ( 17.29999999999999005, 25.00000000000000000, -5.500000000000000888 ) ) ;
#1136 = CARTESIAN_POINT ( 'NONE',  ( 6.299999999999990052, 25.00000000000000000, -0.9999999999999995559 ) ) ;
#1137 = AXIS2_PLACEMENT_3D ( 'NONE', #937, #4128, #1214 ) ;
#1138 = DIRECTION ( 'NONE',  ( -0.000000000000000000, -1.000000000000000000, 0.000000000000000000 ) ) ;
#1139 = ADVANCED_FACE ( 'NONE', ( #2842 ), #3487, .T. ) ;
#1140 = DIRECTION ( 'NONE',  ( -0.000000000000000000, -1.000000000000000000, -0.000000000000000000 ) ) ;
#1141 = DIRECTION ( 'NONE',  ( 0.000000000000000000, 0.000000000000000000, -1.000000000000000000 ) ) ;
#1142 = DIRECTION ( 'NONE',  ( -4.448008912761050709E-16, 0.000000000000000000, -1.000000000000000000 ) ) ;
#1143 = ORIENTED_EDGE ( 'NONE', *, *, #315, .F. ) ;
#1144 = ORIENTED_EDGE ( 'NONE', *, *, #1602, .T. ) ;
#1145 = AXIS2_PLACEMENT_3D ( 'NONE', #3060, #437, #3347 ) ;
#1146 = CARTESIAN_POINT ( 'NONE',  ( -9.700000000000008171, 25.00000000000000000, -5.199999999999999289 ) ) ;
#1147 = ORIENTED_EDGE ( 'NONE', *, *, #98, .F. ) ;
#1148 = VERTEX_POINT ( 'NONE', #559 ) ;
#1149 = LINE ( 'NONE', #2431, #199 ) ;
#1150 = EDGE_CURVE ( 'NONE', #3838, #2732, #537, .T. ) ;
#1151 = CARTESIAN_POINT ( 'NONE',  ( 12.99999999999998757, 0.000000000000000000, -1.300000000000002043 ) ) ;
#1152 = ORIENTED_EDGE ( 'NONE', *, *, #1723, .F. ) ;
#1153 = EDGE_LOOP ( 'NONE', ( #2594, #2915, #85, #986 ) ) ;
#1154 = ORIENTED_EDGE ( 'NONE', *, *, #2994, .F. ) ;
#1155 = EDGE_CURVE ( 'NONE', #1642, #453, #919, .T. ) ;
#1156 = ORIENTED_EDGE ( 'NONE', *, *, #3414, .T. ) ;
#1157 = CARTESIAN_POINT ( 'NONE',  ( -9.000000000000007105, 25.00000000000000000, 0.000000000000000000 ) ) ;
#1158 = CARTESIAN_POINT ( 'NONE',  ( 17.29999999999999361, 25.00000000000000000, 5.500000000000002665 ) ) ;
#1159 = EDGE_CURVE ( 'NONE', #1827, #1692, #4107, .T. ) ;
#1160 = AXIS2_PLACEMENT_3D ( 'NONE', #3413, #1243, #928 ) ;
#1161 = AXIS2_PLACEMENT_3D ( 'NONE', #2608, #1676, #2344 ) ;
#1162 = CARTESIAN_POINT ( 'NONE',  ( 16.99999999999998579, 25.00000000000000000, 2.300000000000006040 ) ) ;
#1163 = AXIS2_PLACEMENT_3D ( 'NONE', #1647, #3828, #3543 ) ;
#1164 = DIRECTION ( 'NONE',  ( 0.000000000000000000, 0.000000000000000000, 1.000000000000000000 ) ) ;
#1165 = AXIS2_PLACEMENT_3D ( 'NONE', #276, #219, #238 ) ;
#1166 = LINE ( 'NONE', #891, #1500 ) ;
#1167 = DIRECTION ( 'NONE',  ( -0.000000000000000000, -1.000000000000000000, 0.000000000000000000 ) ) ;
#1168 = CIRCLE ( 'NONE', #290, 0.2999999999999999334 ) ;
#1169 = EDGE_CURVE ( 'NONE', #3392, #3049, #2545, .T. ) ;
#1170 = VERTEX_POINT ( 'NONE', #2179 ) ;
#1171 = ORIENTED_EDGE ( 'NONE', *, *, #159, .T. ) ;
#1172 = CARTESIAN_POINT ( 'NONE',  ( -10.30000000000000959, 25.00000000000000000, 1.300000000000002931 ) ) ;
#1173 = AXIS2_PLACEMENT_3D ( 'NONE', #971, #272, #613 ) ;
#1174 = ORIENTED_EDGE ( 'NONE', *, *, #577, .F. ) ;
#1175 = FACE_OUTER_BOUND ( 'NONE', #1417, .T. ) ;
#1176 = CARTESIAN_POINT ( 'NONE',  ( 4.999999999999986677, 0.000000000000000000, -5.199999999999995737 ) ) ;
#1177 = EDGE_CURVE ( 'NONE', #3120, #3660, #3213, .T. ) ;
#1178 = ORIENTED_EDGE ( 'NONE', *, *, #1924, .F. ) ;
#1179 = VECTOR ( 'NONE', #1566, 1000.000000000000000 ) ;
#1180 = ORIENTED_EDGE ( 'NONE', *, *, #2948, .F. ) ;
#1181 = ORIENTED_EDGE ( 'NONE', *, *, #1511, .F. ) ;
#1182 = VERTEX_POINT ( 'NONE', #3092 ) ;
#1183 = AXIS2_PLACEMENT_3D ( 'NONE', #664, #3843, #646 ) ;
#1184 = CARTESIAN_POINT ( 'NONE',  ( 16.99999999999998579, 0.000000000000000000, 5.200000000000001066 ) ) ;
#1185 = EDGE_CURVE ( 'NONE', #45, #1384, #4064, .T. ) ;
#1186 = CARTESIAN_POINT ( 'NONE',  ( 16.99999999999998579, 0.000000000000000000, -5.199999999999998401 ) ) ;
#1187 = EDGE_CURVE ( 'NONE', #3366, #357, #1271, .T. ) ;
#1188 = CARTESIAN_POINT ( 'NONE',  ( -3.614007241618367506E-16, 25.00000000000000000, 2.000000000000007105 ) ) ;
#1189 = FACE_OUTER_BOUND ( 'NONE', #2452, .T. ) ;
#1190 = CYLINDRICAL_SURFACE ( 'NONE', #1845, 0.2999999999999999334 ) ;
#1191 = AXIS2_PLACEMENT_3D ( 'NONE', #3242, #175, #556 ) ;
#1192 = DIRECTION ( 'NONE',  ( 0.000000000000000000, 0.000000000000000000, 1.000000000000000000 ) ) ;
#1193 = EDGE_LOOP ( 'NONE', ( #3006, #1443, #2220, #1763 ) ) ;
#1194 = CARTESIAN_POINT ( 'NONE',  ( 16.99999999999998579, 25.00000000000000000, 0.000000000000000000 ) ) ;
#1195 = CARTESIAN_POINT ( 'NONE',  ( -3.577867169202289588E-14, 25.00000000000000000, -5.500000000000111910 ) ) ;
#1196 = CIRCLE ( 'NONE', #3527, 1.500000000000000444 ) ;
#1197 = ORIENTED_EDGE ( 'NONE', *, *, #1453, .T. ) ;
#1198 = VECTOR ( 'NONE', #3380, 1000.000000000000000 ) ;
#1199 = EDGE_CURVE ( 'NONE', #1837, #329, #3134, .T. ) ;
#1200 = ORIENTED_EDGE ( 'NONE', *, *, #2047, .T. ) ;
#1201 = VERTEX_POINT ( 'NONE', #3741 ) ;
#1202 = VECTOR ( 'NONE', #1397, 1000.000000000000000 ) ;
#1203 = LINE ( 'NONE', #3142, #2955 ) ;
#1204 = ADVANCED_FACE ( 'NONE', ( #879 ), #2157, .T. ) ;
#1205 = DIRECTION ( 'NONE',  ( 0.000000000000000000, 0.000000000000000000, -1.000000000000000000 ) ) ;
#1206 = PLANE ( 'NONE',  #632 ) ;
#1207 = FACE_OUTER_BOUND ( 'NONE', #4090, .T. ) ;
#1208 = EDGE_CURVE ( 'NONE', #790, #1952, #3530, .T. ) ;
#1209 = CARTESIAN_POINT ( 'NONE',  ( -6.300000000000010481, 25.00000000000000000, -0.9999999999999995559 ) ) ;
#1210 = CARTESIAN_POINT ( 'NONE',  ( 13.99999999999998757, 0.000000000000000000, -5.199999999999998401 ) ) ;
#1211 = DIRECTION ( 'NONE',  ( -0.000000000000000000, -1.000000000000000000, -0.000000000000000000 ) ) ;
#1212 = AXIS2_PLACEMENT_3D ( 'NONE', #3238, #2589, #2244 ) ;
#1213 = ORIENTED_EDGE ( 'NONE', *, *, #1468, .F. ) ;
#1214 = DIRECTION ( 'NONE',  ( 0.000000000000000000, 0.000000000000000000, 1.000000000000000000 ) ) ;
#1215 = DIRECTION ( 'NONE',  ( -0.000000000000000000, -1.000000000000000000, -0.000000000000000000 ) ) ;
#1216 = ORIENTED_EDGE ( 'NONE', *, *, #188, .T. ) ;
#1217 = EDGE_LOOP ( 'NONE', ( #1817, #3652, #2514, #1381 ) ) ;
#1218 = VERTEX_POINT ( 'NONE', #1614 ) ;
#1219 = VECTOR ( 'NONE', #3373, 1000.000000000000000 ) ;
#1220 = CARTESIAN_POINT ( 'NONE',  ( -3.614007241618367506E-16, 0.000000000000000000, 2.000000000000007105 ) ) ;
#1221 = ORIENTED_EDGE ( 'NONE', *, *, #3364, .F. ) ;
#1222 = EDGE_CURVE ( 'NONE', #3786, #2904, #2959, .T. ) ;
#1223 = DIRECTION ( 'NONE',  ( 1.000000000000000000, 0.000000000000000000, 9.856383386231826780E-17 ) ) ;
#1224 = DIRECTION ( 'NONE',  ( 0.000000000000000000, 0.000000000000000000, -1.000000000000000000 ) ) ;
#1225 = DIRECTION ( 'NONE',  ( 0.000000000000000000, 0.000000000000000000, 1.000000000000000000 ) ) ;
#1226 = DIRECTION ( 'NONE',  ( 0.000000000000000000, 0.000000000000000000, 1.000000000000000000 ) ) ;
#1227 = DIRECTION ( 'NONE',  ( 1.000000000000000000, 0.000000000000000000, -0.000000000000000000 ) ) ;
#1228 = VECTOR ( 'NONE', #2965, 1000.000000000000000 ) ;
#1229 = AXIS2_PLACEMENT_3D ( 'NONE', #3061, #477, #1777 ) ;
#1230 = DIRECTION ( 'NONE',  ( 0.000000000000000000, 1.000000000000000000, -0.000000000000000000 ) ) ;
#1231 = CARTESIAN_POINT ( 'NONE',  ( 3.469446951953586421E-14, 18.00000000000000355, 24.00000000000001066 ) ) ;
#1232 = VECTOR ( 'NONE', #3054, 1000.000000000000000 ) ;
#1233 = PRESENTATION_LAYER_ASSIGNMENT (  '', '', ( #757 ) ) ;
#1234 = EDGE_LOOP ( 'NONE', ( #3518, #3294, #2059, #3138 ) ) ;
#1235 = DIRECTION ( 'NONE',  ( 0.000000000000000000, 0.000000000000000000, 1.000000000000000000 ) ) ;
#1236 = FACE_OUTER_BOUND ( 'NONE', #3956, .T. ) ;
#1237 = ORIENTED_EDGE ( 'NONE', *, *, #441, .T. ) ;
#1238 = DIRECTION ( 'NONE',  ( -0.000000000000000000, -1.000000000000000000, -0.000000000000000000 ) ) ;
#1239 = EDGE_CURVE ( 'NONE', #1018, #1182, #942, .T. ) ;
#1240 = ORIENTED_EDGE ( 'NONE', *, *, #2714, .F. ) ;
#1241 = DIRECTION ( 'NONE',  ( 0.000000000000000000, 1.000000000000000000, 0.000000000000000000 ) ) ;
#1242 = ORIENTED_EDGE ( 'NONE', *, *, #3059, .F. ) ;
#1243 = DIRECTION ( 'NONE',  ( 1.000000000000000000, 0.000000000000000000, 0.000000000000000000 ) ) ;
#1244 = CARTESIAN_POINT ( 'NONE',  ( -14.30000000000001137, 25.00000000000000000, -2.000000000000000888 ) ) ;
#1245 = FACE_OUTER_BOUND ( 'NONE', #2129, .T. ) ;
#1246 = EDGE_CURVE ( 'NONE', #1837, #467, #1953, .T. ) ;
#1247 = CARTESIAN_POINT ( 'NONE',  ( 17.69999999999998508, 0.000000000000000000, -5.200000000000001066 ) ) ;
#1248 = LINE ( 'NONE', #2527, #2869 ) ;
#1249 = CARTESIAN_POINT ( 'NONE',  ( 5.699999999999984190, 25.00000000000000000, -5.499999999999998224 ) ) ;
#1250 = CARTESIAN_POINT ( 'NONE',  ( -13.70000000000000817, 25.00000000000000000, 5.200000000000002842 ) ) ;
#1251 = ORIENTED_EDGE ( 'NONE', *, *, #728, .F. ) ;
#1252 = CARTESIAN_POINT ( 'NONE',  ( -13.00000000000000888, 0.000000000000000000, 0.000000000000000000 ) ) ;
#1253 = CARTESIAN_POINT ( 'NONE',  ( 0.000000000000000000, 0.000000000000000000, -5.499999999999998224 ) ) ;
#1254 = ORIENTED_EDGE ( 'NONE', *, *, #3051, .F. ) ;
#1255 = AXIS2_PLACEMENT_3D ( 'NONE', #1724, #3922, #1041 ) ;
#1256 = LINE ( 'NONE', #999, #1544 ) ;
#1257 = ORIENTED_EDGE ( 'NONE', *, *, #2979, .T. ) ;
#1258 = DIRECTION ( 'NONE',  ( -0.000000000000000000, -1.000000000000000000, 0.000000000000000000 ) ) ;
#1259 = VERTEX_POINT ( 'NONE', #3274 ) ;
#1260 = VECTOR ( 'NONE', #1309, 1000.000000000000000 ) ;
#1261 = EDGE_CURVE ( 'NONE', #532, #2810, #540, .T. ) ;
#1262 =( NAMED_UNIT ( * ) SI_UNIT ( $, .STERADIAN. ) SOLID_ANGLE_UNIT ( ) );
#1263 = LINE ( 'NONE', #3749, #2451 ) ;
#1264 = CARTESIAN_POINT ( 'NONE',  ( -18.00000000000001066, 25.00000000000000000, 5.200000000000002842 ) ) ;
#1265 = DIRECTION ( 'NONE',  ( 1.000000000000000000, 0.000000000000000000, -4.336808689942081634E-15 ) ) ;
#1266 = FACE_OUTER_BOUND ( 'NONE', #3204, .T. ) ;
#1267 = EDGE_CURVE ( 'NONE', #3449, #45, #2744, .T. ) ;
#1268 = CARTESIAN_POINT ( 'NONE',  ( 8.999999999999987566, 25.00000000000000000, 0.000000000000000000 ) ) ;
#1269 = FACE_OUTER_BOUND ( 'NONE', #1836, .T. ) ;
#1270 = EDGE_LOOP ( 'NONE', ( #1853, #3115, #130, #2436 ) ) ;
#1271 = LINE ( 'NONE', #959, #535 ) ;
#1272 = DIRECTION ( 'NONE',  ( -1.000000000000000000, 0.000000000000000000, 6.505213034913122056E-15 ) ) ;
#1273 = VERTEX_POINT ( 'NONE', #403 ) ;
#1274 = FACE_OUTER_BOUND ( 'NONE', #2323, .T. ) ;
#1275 = EDGE_CURVE ( 'NONE', #4066, #1518, #1620, .T. ) ;
#1276 = ORIENTED_EDGE ( 'NONE', *, *, #4115, .T. ) ;
#1277 = CARTESIAN_POINT ( 'NONE',  ( -7.228014483236726138E-16, 25.00000000000000000, 1.000000000000009770 ) ) ;
#1278 = ORIENTED_EDGE ( 'NONE', *, *, #4000, .T. ) ;
#1279 = AXIS2_PLACEMENT_3D ( 'NONE', #2124, #1386, #1472 ) ;
#1280 = ADVANCED_FACE ( 'NONE', ( #2938 ), #661, .F. ) ;
#1281 = DIRECTION ( 'NONE',  ( -0.000000000000000000, -1.000000000000000000, -0.000000000000000000 ) ) ;
#1282 = CARTESIAN_POINT ( 'NONE',  ( -18.00000000000001066, 0.000000000000000000, -0.000000000000000000 ) ) ;
#1283 = ADVANCED_FACE ( 'NONE', ( #42 ), #3856, .F. ) ;
#1284 = DIRECTION ( 'NONE',  ( 0.000000000000000000, 0.000000000000000000, -1.000000000000000000 ) ) ;
#1285 = VECTOR ( 'NONE', #854, 1000.000000000000000 ) ;
#1286 = DIRECTION ( 'NONE',  ( -2.168404344971021884E-15, 0.000000000000000000, 1.000000000000000000 ) ) ;
#1287 = CYLINDRICAL_SURFACE ( 'NONE', #2593, 1.500000000000000444 ) ;
#1288 = ORIENTED_EDGE ( 'NONE', *, *, #3762, .T. ) ;
#1289 = CIRCLE ( 'NONE', #347, 0.2999999999999999334 ) ;
#1290 = DIRECTION ( 'NONE',  ( -1.000000000000000000, 0.000000000000000000, 2.168404344971031351E-15 ) ) ;
#1291 = DIRECTION ( 'NONE',  ( 1.000000000000000000, -0.000000000000000000, 0.000000000000000000 ) ) ;
#1292 = VERTEX_POINT ( 'NONE', #1353 ) ;
#1293 = VERTEX_POINT ( 'NONE', #2572 ) ;
#1294 = VECTOR ( 'NONE', #960, 1000.000000000000000 ) ;
#1295 = DIRECTION ( 'NONE',  ( 0.000000000000000000, 0.000000000000000000, 1.000000000000000000 ) ) ;
#1296 = ORIENTED_EDGE ( 'NONE', *, *, #3066, .F. ) ;
#1297 = EDGE_CURVE ( 'NONE', #3576, #2043, #1311, .T. ) ;
#1298 = CARTESIAN_POINT ( 'NONE',  ( 8.999999999999987566, 0.000000000000000000, -1.300000000000002043 ) ) ;
#1299 = VECTOR ( 'NONE', #2175, 1000.000000000000000 ) ;
#1300 = VERTEX_POINT ( 'NONE', #1933 ) ;
#1301 = VECTOR ( 'NONE', #872, 1000.000000000000000 ) ;
#1302 = DIRECTION ( 'NONE',  ( 1.807003620809177344E-16, -0.000000000000000000, 1.000000000000000000 ) ) ;
#1303 = CARTESIAN_POINT ( 'NONE',  ( 14.29999999999999005, 0.000000000000000000, -2.000000000000000888 ) ) ;
#1304 = VECTOR ( 'NONE', #1756, 1000.000000000000000 ) ;
#1305 = DIRECTION ( 'NONE',  ( 0.000000000000000000, 1.000000000000000000, -0.000000000000000000 ) ) ;
#1306 = CARTESIAN_POINT ( 'NONE',  ( 12.99999999999998757, 25.00000000000000000, 0.000000000000000000 ) ) ;
#1307 = VERTEX_POINT ( 'NONE', #1013 ) ;
#1308 = EDGE_CURVE ( 'NONE', #245, #2823, #3815, .T. ) ;
#1309 = DIRECTION ( 'NONE',  ( -0.000000000000000000, -1.000000000000000000, -0.000000000000000000 ) ) ;
#1310 = VERTEX_POINT ( 'NONE', #1693 ) ;
#1311 = LINE ( 'NONE', #3874, #948 ) ;
#1312 = CARTESIAN_POINT ( 'NONE',  ( -17.00000000000000711, 0.000000000000000000, -5.199999999999996625 ) ) ;
#1313 = VERTEX_POINT ( 'NONE', #2607 ) ;
#1314 = CARTESIAN_POINT ( 'NONE',  ( 0.000000000000000000, 25.00000000000000000, -5.499999999999998224 ) ) ;
#1315 = ORIENTED_EDGE ( 'NONE', *, *, #2978, .F. ) ;
#1316 = DIRECTION ( 'NONE',  ( 0.000000000000000000, 0.000000000000000000, -1.000000000000000000 ) ) ;
#1317 = EDGE_LOOP ( 'NONE', ( #936, #1521, #2657, #342 ) ) ;
#1318 = ADVANCED_FACE ( 'NONE', ( #2650 ), #3917, .T. ) ;
#1319 = EDGE_CURVE ( 'NONE', #2287, #1001, #702, .T. ) ;
#1320 = VECTOR ( 'NONE', #1531, 1000.000000000000000 ) ;
#1321 = CARTESIAN_POINT ( 'NONE',  ( 3.614007241618367506E-16, 25.00000000000000000, 2.000000000000007105 ) ) ;
#1322 = CARTESIAN_POINT ( 'NONE',  ( -18.00000000000001066, 25.00000000000000000, 0.9500000000000068390 ) ) ;
#1323 = EDGE_CURVE ( 'NONE', #96, #24, #1086, .T. ) ;
#1324 = CARTESIAN_POINT ( 'NONE',  ( -5.300000000000010481, 0.000000000000000000, -5.499999999999998224 ) ) ;
#1325 = AXIS2_PLACEMENT_3D ( 'NONE', #1570, #597, #1864 ) ;
#1326 = DIRECTION ( 'NONE',  ( -0.000000000000000000, -1.000000000000000000, -0.000000000000000000 ) ) ;
#1327 = DIRECTION ( 'NONE',  ( -1.000000000000000000, 0.000000000000000000, 1.445602896647338719E-15 ) ) ;
#1328 = EDGE_CURVE ( 'NONE', #3056, #1574, #3198, .T. ) ;
#1329 = CIRCLE ( 'NONE', #580, 0.2999999999999999334 ) ;
#1330 = ORIENTED_EDGE ( 'NONE', *, *, #3265, .T. ) ;
#1331 = DIRECTION ( 'NONE',  ( 1.734723475976807410E-14, 0.000000000000000000, 1.000000000000000000 ) ) ;
#1332 = LINE ( 'NONE', #4, #1504 ) ;
#1333 = EDGE_LOOP ( 'NONE', ( #3055, #474, #3342, #129 ) ) ;
#1334 = SURFACE_SIDE_STYLE ('',( #46 ) ) ;
#1335 = ORIENTED_EDGE ( 'NONE', *, *, #1340, .F. ) ;
#1336 = CARTESIAN_POINT ( 'NONE',  ( -14.30000000000001137, 25.00000000000000000, 2.000000000000004441 ) ) ;
#1337 = VERTEX_POINT ( 'NONE', #681 ) ;
#1338 = SURFACE_STYLE_USAGE ( .BOTH. , #53 ) ;
#1339 = LINE ( 'NONE', #3722, #947 ) ;
#1340 = EDGE_CURVE ( 'NONE', #628, #3071, #358, .T. ) ;
#1341 = EDGE_CURVE ( 'NONE', #3859, #2623, #3694, .T. ) ;
#1342 = VERTEX_POINT ( 'NONE', #1462 ) ;
#1343 = DIRECTION ( 'NONE',  ( 0.000000000000000000, 0.000000000000000000, 1.000000000000000000 ) ) ;
#1344 = PLANE ( 'NONE',  #554 ) ;
#1345 = ADVANCED_FACE ( 'NONE', ( #1807 ), #1057, .F. ) ;
#1346 = CARTESIAN_POINT ( 'NONE',  ( 9.999999999999987566, 25.00000000000000000, -5.199999999999997513 ) ) ;
#1347 = ORIENTED_EDGE ( 'NONE', *, *, #577, .T. ) ;
#1348 = LINE ( 'NONE', #698, #2441 ) ;
#1349 = APPLICATION_CONTEXT ( 'automotive_design' ) ;
#1350 = VECTOR ( 'NONE', #932, 1000.000000000000000 ) ;
#1351 = DIRECTION ( 'NONE',  ( -1.000000000000000000, 0.000000000000000000, -1.807003620809177344E-16 ) ) ;
#1352 = ORIENTED_EDGE ( 'NONE', *, *, #1222, .T. ) ;
#1353 = CARTESIAN_POINT ( 'NONE',  ( -8.700000000000006395, 25.00000000000000000, -1.000000000000000000 ) ) ;
#1354 = DIRECTION ( 'NONE',  ( 0.000000000000000000, 1.000000000000000000, 0.000000000000000000 ) ) ;
#1355 = VECTOR ( 'NONE', #656, 1000.000000000000000 ) ;
#1356 = ORIENTED_EDGE ( 'NONE', *, *, #2102, .T. ) ;
#1357 = EDGE_CURVE ( 'NONE', #2412, #4109, #3023, .T. ) ;
#1358 = CARTESIAN_POINT ( 'NONE',  ( -17.70000000000000639, 0.000000000000000000, 0.6500000000000047962 ) ) ;
#1359 = VERTEX_POINT ( 'NONE', #2751 ) ;
#1360 = ORIENTED_EDGE ( 'NONE', *, *, #2738, .T. ) ;
#1361 = CARTESIAN_POINT ( 'NONE',  ( 5.999999999999986677, 25.00000000000000000, 0.000000000000000000 ) ) ;
#1362 = ORIENTED_EDGE ( 'NONE', *, *, #1835, .T. ) ;
#1363 = VECTOR ( 'NONE', #3759, 1000.000000000000000 ) ;
#1364 = CARTESIAN_POINT ( 'NONE',  ( 13.33921393131041633, 31.68355017509589544, -0.08759943521749617712 ) ) ;
#1365 = AXIS2_PLACEMENT_3D ( 'NONE', #1930, #2625, #2647 ) ;
#1366 = LINE ( 'NONE', #3387, #262 ) ;
#1367 = AXIS2_PLACEMENT_3D ( 'NONE', #3648, #1757, #4020 ) ;
#1368 = DIRECTION ( 'NONE',  ( 0.000000000000000000, 0.000000000000000000, 1.000000000000000000 ) ) ;
#1369 = VECTOR ( 'NONE', #1884, 1000.000000000000000 ) ;
#1370 = CARTESIAN_POINT ( 'NONE',  ( -13.70000000000000817, 25.00000000000000000, -5.500000000000000000 ) ) ;
#1371 = DIRECTION ( 'NONE',  ( -0.000000000000000000, -1.000000000000000000, -0.000000000000000000 ) ) ;
#1372 = CARTESIAN_POINT ( 'NONE',  ( 3.614007241618360604E-16, 25.00000000000000000, -2.000000000000003553 ) ) ;
#1373 = AXIS2_PLACEMENT_3D ( 'NONE', #2705, #508, #1119 ) ;
#1374 = ADVANCED_FACE ( 'NONE', ( #3067 ), #3316, .T. ) ;
#1375 = DIRECTION ( 'NONE',  ( -0.000000000000000000, -1.000000000000000000, 0.000000000000000000 ) ) ;
#1376 = ORIENTED_EDGE ( 'NONE', *, *, #3584, .F. ) ;
#1377 = DIRECTION ( 'NONE',  ( -0.000000000000000000, -1.000000000000000000, 0.000000000000000000 ) ) ;
#1378 = DIRECTION ( 'NONE',  ( -0.000000000000000000, -1.000000000000000000, -0.000000000000000000 ) ) ;
#1379 = ORIENTED_EDGE ( 'NONE', *, *, #3732, .T. ) ;
#1380 = CARTESIAN_POINT ( 'NONE',  ( -17.00000000000000711, 0.000000000000000000, -0.000000000000000000 ) ) ;
#1381 = ORIENTED_EDGE ( 'NONE', *, *, #1637, .T. ) ;
#1382 = DIRECTION ( 'NONE',  ( -0.000000000000000000, -1.000000000000000000, -0.000000000000000000 ) ) ;
#1383 = ORIENTED_EDGE ( 'NONE', *, *, #2478, .F. ) ;
#1384 = VERTEX_POINT ( 'NONE', #2709 ) ;
#1385 = EDGE_CURVE ( 'NONE', #1466, #3197, #764, .T. ) ;
#1386 = DIRECTION ( 'NONE',  ( 2.710505431213765522E-16, 0.000000000000000000, -1.000000000000000000 ) ) ;
#1387 = EDGE_CURVE ( 'NONE', #1425, #2961, #3671, .T. ) ;
#1388 = CARTESIAN_POINT ( 'NONE',  ( 13.69999999999998685, 0.000000000000000000, -5.500000000000000000 ) ) ;
#1389 = ORIENTED_EDGE ( 'NONE', *, *, #4096, .F. ) ;
#1390 = CARTESIAN_POINT ( 'NONE',  ( -6.000000000000007994, 0.000000000000000000, -1.300000000000001599 ) ) ;
#1391 = DIRECTION ( 'NONE',  ( 0.000000000000000000, 0.000000000000000000, 1.000000000000000000 ) ) ;
#1392 = CARTESIAN_POINT ( 'NONE',  ( 13.69999999999998685, 25.00000000000000000, -5.500000000000000000 ) ) ;
#1393 = AXIS2_PLACEMENT_3D ( 'NONE', #1671, #3872, #3549 ) ;
#1394 = DIRECTION ( 'NONE',  ( -1.000000000000000000, 0.000000000000000000, 0.000000000000000000 ) ) ;
#1395 = VERTEX_POINT ( 'NONE', #3981 ) ;
#1396 = CARTESIAN_POINT ( 'NONE',  ( 13.99999999999998757, 25.00000000000000000, -5.199999999999998401 ) ) ;
#1397 = DIRECTION ( 'NONE',  ( -0.000000000000000000, -1.000000000000000000, -0.000000000000000000 ) ) ;
#1398 = EDGE_CURVE ( 'NONE', #1182, #63, #1100, .T. ) ;
#1399 = EDGE_LOOP ( 'NONE', ( #3685, #2411, #3670, #3157 ) ) ;
#1400 = ORIENTED_EDGE ( 'NONE', *, *, #4013, .F. ) ;
#1401 = CARTESIAN_POINT ( 'NONE',  ( 9.999999999999987566, 0.000000000000000000, -0.000000000000000000 ) ) ;
#1402 = VERTEX_POINT ( 'NONE', #1414 ) ;
#1403 = CARTESIAN_POINT ( 'NONE',  ( 5.699999999999986855, 25.00000000000000000, -5.199999999999998401 ) ) ;
#1404 = ORIENTED_EDGE ( 'NONE', *, *, #3659, .T. ) ;
#1405 = ORIENTED_EDGE ( 'NONE', *, *, #903, .T. ) ;
#1406 = CARTESIAN_POINT ( 'NONE',  ( 8.999999999999987566, 0.000000000000000000, -0.000000000000000000 ) ) ;
#1407 = AXIS2_PLACEMENT_3D ( 'NONE', #3425, #1851, #1555 ) ;
#1408 = CARTESIAN_POINT ( 'NONE',  ( 0.000000000000000000, 0.000000000000000000, 0.000000000000000000 ) ) ;
#1409 = FACE_OUTER_BOUND ( 'NONE', #2477, .T. ) ;
#1410 = LINE ( 'NONE', #889, #1107 ) ;
#1411 = DIRECTION ( 'NONE',  ( 0.000000000000000000, 0.000000000000000000, 1.000000000000000000 ) ) ;
#1412 = VECTOR ( 'NONE', #2356, 1000.000000000000000 ) ;
#1413 = ORIENTED_EDGE ( 'NONE', *, *, #3668, .F. ) ;
#1414 = CARTESIAN_POINT ( 'NONE',  ( -13.30000000000000959, 0.000000000000000000, -5.500000000000000000 ) ) ;
#1415 = CARTESIAN_POINT ( 'NONE',  ( -9.300000000000007816, 25.00000000000000000, 5.200000000000002842 ) ) ;
#1416 = VERTEX_POINT ( 'NONE', #1487 ) ;
#1417 = EDGE_LOOP ( 'NONE', ( #3640, #382, #2739, #626 ) ) ;
#1418 = VECTOR ( 'NONE', #951, 1000.000000000000000 ) ;
#1419 = LINE ( 'NONE', #1401, #373 ) ;
#1420 = ORIENTED_EDGE ( 'NONE', *, *, #1208, .T. ) ;
#1421 = DIRECTION ( 'NONE',  ( 0.000000000000000000, 0.000000000000000000, -1.000000000000000000 ) ) ;
#1422 = ORIENTED_EDGE ( 'NONE', *, *, #1948, .T. ) ;
#1423 = VECTOR ( 'NONE', #2152, 1000.000000000000000 ) ;
#1424 = EDGE_CURVE ( 'NONE', #1642, #821, #809, .T. ) ;
#1425 = VERTEX_POINT ( 'NONE', #833 ) ;
#1426 = AXIS2_PLACEMENT_3D ( 'NONE', #3244, #2290, #1003 ) ;
#1427 = VERTEX_POINT ( 'NONE', #3356 ) ;
#1428 = AXIS2_PLACEMENT_3D ( 'NONE', #2066, #3349, #2702 ) ;
#1429 = LINE ( 'NONE', #3930, #1219 ) ;
#1430 = AXIS2_PLACEMENT_3D ( 'NONE', #3857, #1037, #1014 ) ;
#1431 = CARTESIAN_POINT ( 'NONE',  ( 16.99999999999998579, 25.00000000000000000, -5.199999999999998401 ) ) ;
#1432 = CARTESIAN_POINT ( 'NONE',  ( -13.00000000000000888, 0.000000000000000000, -5.199999999999998401 ) ) ;
#1433 = AXIS2_PLACEMENT_3D ( 'NONE', #598, #4123, #616 ) ;
#1434 = FACE_OUTER_BOUND ( 'NONE', #2765, .T. ) ;
#1435 = CARTESIAN_POINT ( 'NONE',  ( -10.30000000000001137, 25.00000000000000000, -0.9999999999999993339 ) ) ;
#1436 = EDGE_LOOP ( 'NONE', ( #4133, #3434, #3942, #3578 ) ) ;
#1437 = DIRECTION ( 'NONE',  ( 0.000000000000000000, 0.000000000000000000, -1.000000000000000000 ) ) ;
#1438 = EDGE_CURVE ( 'NONE', #3724, #2386, #3611, .T. ) ;
#1439 = DIRECTION ( 'NONE',  ( -0.000000000000000000, -1.000000000000000000, -0.000000000000000000 ) ) ;
#1440 = PRODUCT_DEFINITION_SHAPE ( 'NONE', 'NONE',  #4141 ) ;
#1441 = ORIENTED_EDGE ( 'NONE', *, *, #3265, .F. ) ;
#1442 = EDGE_LOOP ( 'NONE', ( #89, #3969, #182, #1362 ) ) ;
#1443 = ORIENTED_EDGE ( 'NONE', *, *, #3247, .F. ) ;
#1444 = PRODUCT_RELATED_PRODUCT_CATEGORY ( 'part', '', ( #2345 ) ) ;
#1445 = CYLINDRICAL_SURFACE ( 'NONE', #2202, 0.3000000000000007661 ) ;
#1446 = VECTOR ( 'NONE', #851, 1000.000000000000000 ) ;
#1447 = ORIENTED_EDGE ( 'NONE', *, *, #1885, .T. ) ;
#1448 = CARTESIAN_POINT ( 'NONE',  ( 15.50000000000000000, 25.00000000000000000, -7.592810154713588652E-15 ) ) ;
#1449 = EDGE_LOOP ( 'NONE', ( #1787, #3245, #1533, #2936 ) ) ;
#1450 = ORIENTED_EDGE ( 'NONE', *, *, #2491, .F. ) ;
#1451 = ORIENTED_EDGE ( 'NONE', *, *, #2353, .T. ) ;
#1452 = EDGE_CURVE ( 'NONE', #1678, #3677, #1564, .T. ) ;
#1453 = EDGE_CURVE ( 'NONE', #3073, #2826, #1767, .T. ) ;
#1454 = CARTESIAN_POINT ( 'NONE',  ( -1.445602896647314856E-15, 18.00000000000000355, -0.9999999999999915623 ) ) ;
#1455 = DIRECTION ( 'NONE',  ( -1.000000000000000000, 0.000000000000000000, 9.856383386231828012E-17 ) ) ;
#1456 = FACE_OUTER_BOUND ( 'NONE', #3924, .T. ) ;
#1457 = AXIS2_PLACEMENT_3D ( 'NONE', #768, #3594, #90 ) ;
#1458 = CARTESIAN_POINT ( 'NONE',  ( -18.00000000000001066, 25.00000000000000000, -5.199999999999993960 ) ) ;
#1459 = CARTESIAN_POINT ( 'NONE',  ( 15.50000000000000000, 0.000000000000000000, -7.592810154713588652E-15 ) ) ;
#1460 = ADVANCED_FACE ( 'NONE', ( #3336 ), #149, .F. ) ;
#1461 = UNCERTAINTY_MEASURE_WITH_UNIT (LENGTH_MEASURE( 1.000000000000000082E-05 ), #2887, 'distance_accuracy_value', 'NONE');
#1462 = CARTESIAN_POINT ( 'NONE',  ( -17.70000000000000639, 0.000000000000000000, -0.6500000000000012434 ) ) ;
#1463 = LINE ( 'NONE', #489, #868 ) ;
#1464 = ORIENTED_EDGE ( 'NONE', *, *, #3491, .T. ) ;
#1465 = CIRCLE ( 'NONE', #2920, 0.2999999999999999334 ) ;
#1466 = VERTEX_POINT ( 'NONE', #2054 ) ;
#1467 = DIRECTION ( 'NONE',  ( 0.000000000000000000, 1.000000000000000000, -0.000000000000000000 ) ) ;
#1468 = EDGE_CURVE ( 'NONE', #2732, #526, #475, .T. ) ;
#1469 = AXIS2_PLACEMENT_3D ( 'NONE', #2232, #3501, #1925 ) ;
#1470 = CIRCLE ( 'NONE', #3064, 0.2999999999999999334 ) ;
#1471 = ORIENTED_EDGE ( 'NONE', *, *, #601, .T. ) ;
#1472 = DIRECTION ( 'NONE',  ( -1.000000000000000000, 0.000000000000000000, -2.710505431213765522E-16 ) ) ;
#1473 = DIRECTION ( 'NONE',  ( 0.000000000000000000, 0.000000000000000000, 1.000000000000000000 ) ) ;
#1474 = ORIENTED_EDGE ( 'NONE', *, *, #1585, .T. ) ;
#1475 = AXIS2_PLACEMENT_3D ( 'NONE', #2207, #3432, #627 ) ;
#1476 = EDGE_CURVE ( 'NONE', #1384, #63, #426, .T. ) ;
#1477 = EDGE_LOOP ( 'NONE', ( #33, #2497, #1063, #2820 ) ) ;
#1478 = ORIENTED_EDGE ( 'NONE', *, *, #2769, .F. ) ;
#1479 = FACE_OUTER_BOUND ( 'NONE', #3427, .T. ) ;
#1480 = CARTESIAN_POINT ( 'NONE',  ( 12.69999999999998685, 0.000000000000000000, -1.300000000000000044 ) ) ;
#1481 = EDGE_CURVE ( 'NONE', #2131, #136, #2983, .T. ) ;
#1482 = FACE_OUTER_BOUND ( 'NONE', #2145, .T. ) ;
#1483 = VECTOR ( 'NONE', #1047, 1000.000000000000000 ) ;
#1484 = CARTESIAN_POINT ( 'NONE',  ( 1.192622389734066395E-14, 0.000000000000000000, -5.500000000000020428 ) ) ;
#1485 = DIRECTION ( 'NONE',  ( 0.000000000000000000, 1.000000000000000000, -0.000000000000000000 ) ) ;
#1486 = EDGE_CURVE ( 'NONE', #1813, #512, #3939, .T. ) ;
#1487 = CARTESIAN_POINT ( 'NONE',  ( 9.299999999999990052, 25.00000000000000000, 5.500000000000003553 ) ) ;
#1488 = CARTESIAN_POINT ( 'NONE',  ( -17.70000000000000639, 25.00000000000000000, -0.9500000000000011768 ) ) ;
#1489 = ORIENTED_EDGE ( 'NONE', *, *, #1754, .T. ) ;
#1490 = ORIENTED_EDGE ( 'NONE', *, *, #3339, .T. ) ;
#1491 = EDGE_CURVE ( 'NONE', #3905, #431, #1738, .T. ) ;
#1492 = DIRECTION ( 'NONE',  ( 0.000000000000000000, 0.000000000000000000, -1.000000000000000000 ) ) ;
#1493 = ORIENTED_EDGE ( 'NONE', *, *, #3084, .F. ) ;
#1494 = LINE ( 'NONE', #3908, #1008 ) ;
#1495 = LINE ( 'NONE', #134, #3893 ) ;
#1496 = ORIENTED_EDGE ( 'NONE', *, *, #1779, .T. ) ;
#1497 = EDGE_CURVE ( 'NONE', #3161, #3186, #2214, .T. ) ;
#1498 = ORIENTED_EDGE ( 'NONE', *, *, #1565, .T. ) ;
#1499 = ORIENTED_EDGE ( 'NONE', *, *, #2009, .T. ) ;
#1500 = VECTOR ( 'NONE', #2173, 1000.000000000000000 ) ;
#1501 = DIRECTION ( 'NONE',  ( 0.000000000000000000, 0.000000000000000000, -1.000000000000000000 ) ) ;
#1502 = VECTOR ( 'NONE', #3352, 1000.000000000000000 ) ;
#1503 = VECTOR ( 'NONE', #1819, 1000.000000000000000 ) ;
#1504 = VECTOR ( 'NONE', #1291, 1000.000000000000000 ) ;
#1505 = LINE ( 'NONE', #4040, #1717 ) ;
#1506 = CYLINDRICAL_SURFACE ( 'NONE', #4033, 0.2999999999999999334 ) ;
#1507 = AXIS2_PLACEMENT_3D ( 'NONE', #1010, #3214, #1670 ) ;
#1508 = DIRECTION ( 'NONE',  ( -0.000000000000000000, -1.000000000000000000, -0.000000000000000000 ) ) ;
#1509 = LINE ( 'NONE', #2774, #3330 ) ;
#1510 = EDGE_CURVE ( 'NONE', #3389, #329, #823, .T. ) ;
#1511 = EDGE_CURVE ( 'NONE', #865, #3798, #1548, .T. ) ;
#1512 = PLANE ( 'NONE',  #3170 ) ;
#1513 = DIRECTION ( 'NONE',  ( 0.000000000000000000, 1.000000000000000000, -0.000000000000000000 ) ) ;
#1514 = SHAPE_DEFINITION_REPRESENTATION ( #1677, #1027 ) ;
#1515 = EDGE_LOOP ( 'NONE', ( #378, #798, #3589, #2396 ) ) ;
#1516 = CARTESIAN_POINT ( 'NONE',  ( 0.000000000000000000, 25.00000000000000000, 5.500000000000003553 ) ) ;
#1517 = CARTESIAN_POINT ( 'NONE',  ( 17.69999999999998508, 0.000000000000000000, -5.500000000000000888 ) ) ;
#1518 = VERTEX_POINT ( 'NONE', #530 ) ;
#1519 = VECTOR ( 'NONE', #350, 1000.000000000000000 ) ;
#1520 = ADVANCED_FACE ( 'NONE', ( #1905 ), #4043, .F. ) ;
#1521 = ORIENTED_EDGE ( 'NONE', *, *, #1481, .F. ) ;
#1522 = ORIENTED_EDGE ( 'NONE', *, *, #3697, .T. ) ;
#1523 = ORIENTED_EDGE ( 'NONE', *, *, #3573, .T. ) ;
#1524 = CARTESIAN_POINT ( 'NONE',  ( -14.30000000000000959, 25.00000000000000000, -2.300000000000000711 ) ) ;
#1525 = DIRECTION ( 'NONE',  ( 0.000000000000000000, 1.000000000000000000, -0.000000000000000000 ) ) ;
#1526 = CARTESIAN_POINT ( 'NONE',  ( 16.99999999999998579, 25.00000000000000000, 0.000000000000000000 ) ) ;
#1527 = FACE_BOUND ( 'NONE', #3401, .T. ) ;
#1528 = CARTESIAN_POINT ( 'NONE',  ( -14.30000000000001137, 0.000000000000000000, 2.000000000000004441 ) ) ;
#1529 = LINE ( 'NONE', #2839, #293 ) ;
#1530 = CIRCLE ( 'NONE', #1191, 0.3000000000000007661 ) ;
#1531 = DIRECTION ( 'NONE',  ( -0.000000000000000000, -1.000000000000000000, -0.000000000000000000 ) ) ;
#1532 = EDGE_CURVE ( 'NONE', #2043, #385, #2689, .T. ) ;
#1533 = ORIENTED_EDGE ( 'NONE', *, *, #2221, .F. ) ;
#1534 = EDGE_CURVE ( 'NONE', #1125, #1395, #1588, .T. ) ;
#1535 = DIRECTION ( 'NONE',  ( 0.000000000000000000, 0.000000000000000000, 1.000000000000000000 ) ) ;
#1536 = CARTESIAN_POINT ( 'NONE',  ( 9.299999999999990052, 25.00000000000000000, 5.500000000000003553 ) ) ;
#1537 = VECTOR ( 'NONE', #2956, 1000.000000000000000 ) ;
#1538 = ORIENTED_EDGE ( 'NONE', *, *, #70, .T. ) ;
#1539 = ORIENTED_EDGE ( 'NONE', *, *, #630, .T. ) ;
#1540 = VERTEX_POINT ( 'NONE', #3793 ) ;
#1541 = CARTESIAN_POINT ( 'NONE',  ( 9.699999999999986855, 25.00000000000000000, 5.500000000000002665 ) ) ;
#1542 = VERTEX_POINT ( 'NONE', #3399 ) ;
#1543 = DIRECTION ( 'NONE',  ( -0.000000000000000000, -1.000000000000000000, -0.000000000000000000 ) ) ;
#1544 = VECTOR ( 'NONE', #2845, 1000.000000000000000 ) ;
#1545 = ADVANCED_FACE ( 'NONE', ( #1527, #1207 ), #551, .T. ) ;
#1546 = DIRECTION ( 'NONE',  ( -0.000000000000000000, -1.000000000000000000, -0.000000000000000000 ) ) ;
#1547 = CARTESIAN_POINT ( 'NONE',  ( -17.30000000000001137, 25.00000000000000000, 5.200000000000004619 ) ) ;
#1548 = LINE ( 'NONE', #574, #2888 ) ;
#1549 = FACE_OUTER_BOUND ( 'NONE', #2416, .T. ) ;
#1550 = AXIS2_PLACEMENT_3D ( 'NONE', #2532, #4050, #224 ) ;
#1551 = ADVANCED_FACE ( 'NONE', ( #2506 ), #2812, .F. ) ;
#1552 = DIRECTION ( 'NONE',  ( -0.000000000000000000, -1.000000000000000000, -0.000000000000000000 ) ) ;
#1553 = DIRECTION ( 'NONE',  ( -1.000000000000000000, 0.000000000000000000, 2.312964634635742267E-15 ) ) ;
#1554 = ORIENTED_EDGE ( 'NONE', *, *, #911, .T. ) ;
#1555 = DIRECTION ( 'NONE',  ( 0.000000000000000000, 0.000000000000000000, -1.000000000000000000 ) ) ;
#1556 = PLANE ( 'NONE',  #284 ) ;
#1557 = ORIENTED_EDGE ( 'NONE', *, *, #2637, .F. ) ;
#1558 = DIRECTION ( 'NONE',  ( 0.000000000000000000, -0.000000000000000000, 1.000000000000000000 ) ) ;
#1559 = ORIENTED_EDGE ( 'NONE', *, *, #1177, .T. ) ;
#1560 = ORIENTED_EDGE ( 'NONE', *, *, #1833, .F. ) ;
#1561 = DIRECTION ( 'NONE',  ( -0.000000000000000000, -1.000000000000000000, -0.000000000000000000 ) ) ;
#1562 = ORIENTED_EDGE ( 'NONE', *, *, #2978, .T. ) ;
#1563 = EDGE_CURVE ( 'NONE', #1218, #1293, #1863, .T. ) ;
#1564 = CIRCLE ( 'NONE', #3558, 0.2999999999999999334 ) ;
#1565 = EDGE_CURVE ( 'NONE', #908, #1982, #3085, .T. ) ;
#1566 = DIRECTION ( 'NONE',  ( -1.000000000000000000, 0.000000000000000000, 2.168404344971021884E-15 ) ) ;
#1567 = CIRCLE ( 'NONE', #212, 0.2999999999999999334 ) ;
#1568 = LINE ( 'NONE', #2525, #1917 ) ;
#1569 = DIRECTION ( 'NONE',  ( 1.807003620809177344E-16, 0.000000000000000000, -1.000000000000000000 ) ) ;
#1570 = CARTESIAN_POINT ( 'NONE',  ( 17.99999999999998934, 25.00000000000000000, 0.000000000000000000 ) ) ;
#1571 = VECTOR ( 'NONE', #345, 1000.000000000000000 ) ;
#1572 = CARTESIAN_POINT ( 'NONE',  ( -8.700000000000006395, 25.00000000000000000, -1.000000000000000000 ) ) ;
#1573 = LINE ( 'NONE', #2259, #1664 ) ;
#1574 = VERTEX_POINT ( 'NONE', #4058 ) ;
#1575 = LINE ( 'NONE', #3178, #2874 ) ;
#1576 = PLANE ( 'NONE',  #418 ) ;
#1577 = EDGE_CURVE ( 'NONE', #2206, #2386, #3773, .T. ) ;
#1578 = ORIENTED_EDGE ( 'NONE', *, *, #1323, .T. ) ;
#1579 = AXIS2_PLACEMENT_3D ( 'NONE', #3150, #4103, #3422 ) ;
#1580 = CIRCLE ( 'NONE', #1711, 0.3000000000000007661 ) ;
#1581 = FACE_OUTER_BOUND ( 'NONE', #3123, .T. ) ;
#1582 = ORIENTED_EDGE ( 'NONE', *, *, #813, .F. ) ;
#1583 = CARTESIAN_POINT ( 'NONE',  ( -17.30000000000001137, 0.000000000000000000, -5.199999999999998401 ) ) ;
#1584 = VERTEX_POINT ( 'NONE', #4076 ) ;
#1585 = EDGE_CURVE ( 'NONE', #2777, #526, #1166, .T. ) ;
#1586 = CARTESIAN_POINT ( 'NONE',  ( -17.70000000000000639, 25.00000000000000000, 0.6500000000000047962 ) ) ;
#1587 = CARTESIAN_POINT ( 'NONE',  ( 16.99999999999998579, 25.00000000000000000, 0.000000000000000000 ) ) ;
#1588 = LINE ( 'NONE', #299, #3884 ) ;
#1589 = CARTESIAN_POINT ( 'NONE',  ( -10.00000000000000888, 25.00000000000000000, -1.300000000000001599 ) ) ;
#1590 = DIRECTION ( 'NONE',  ( -0.000000000000000000, -1.000000000000000000, -0.000000000000000000 ) ) ;
#1591 = CARTESIAN_POINT ( 'NONE',  ( 9.999999999999987566, 25.00000000000000000, 0.000000000000000000 ) ) ;
#1592 = ORIENTED_EDGE ( 'NONE', *, *, #2905, .F. ) ;
#1593 = CYLINDRICAL_SURFACE ( 'NONE', #2937, 0.3000000000000007661 ) ;
#1594 = CARTESIAN_POINT ( 'NONE',  ( -17.00000000000000711, 25.00000000000000000, -5.199999999999996625 ) ) ;
#1595 = ORIENTED_EDGE ( 'NONE', *, *, #1885, .F. ) ;
#1596 = VECTOR ( 'NONE', #3636, 1000.000000000000000 ) ;
#1597 = EDGE_CURVE ( 'NONE', #1337, #1518, #2448, .T. ) ;
#1598 = CARTESIAN_POINT ( 'NONE',  ( 0.000000000000000000, 25.00000000000000000, -5.500000000000000000 ) ) ;
#1599 = ORIENTED_EDGE ( 'NONE', *, *, #3437, .F. ) ;
#1600 = DIRECTION ( 'NONE',  ( -0.000000000000000000, -1.000000000000000000, -0.000000000000000000 ) ) ;
#1601 = VERTEX_POINT ( 'NONE', #3441 ) ;
#1602 = EDGE_CURVE ( 'NONE', #2123, #723, #254, .T. ) ;
#1603 = CIRCLE ( 'NONE', #2991, 0.2999999999999999334 ) ;
#1604 = DIRECTION ( 'NONE',  ( 0.000000000000000000, 0.000000000000000000, 1.000000000000000000 ) ) ;
#1605 = CYLINDRICAL_SURFACE ( 'NONE', #1622, 1.500000000000000444 ) ;
#1606 = EDGE_CURVE ( 'NONE', #522, #3303, #596, .T. ) ;
#1607 = DIRECTION ( 'NONE',  ( 0.000000000000000000, 0.000000000000000000, -1.000000000000000000 ) ) ;
#1608 = CARTESIAN_POINT ( 'NONE',  ( -13.00000000000000888, 0.000000000000000000, -1.300000000000002043 ) ) ;
#1609 = DIRECTION ( 'NONE',  ( 0.000000000000000000, 0.000000000000000000, 1.000000000000000000 ) ) ;
#1610 = CARTESIAN_POINT ( 'NONE',  ( 9.999999999999987566, 0.000000000000000000, -5.199999999999997513 ) ) ;
#1611 = EDGE_CURVE ( 'NONE', #4109, #1838, #1823, .T. ) ;
#1612 = LINE ( 'NONE', #3588, #2534 ) ;
#1613 = VERTEX_POINT ( 'NONE', #2773 ) ;
#1614 = CARTESIAN_POINT ( 'NONE',  ( 6.299999999999990052, 0.000000000000000000, -0.9999999999999995559 ) ) ;
#1615 = FACE_OUTER_BOUND ( 'NONE', #138, .T. ) ;
#1616 = ORIENTED_EDGE ( 'NONE', *, *, #1015, .T. ) ;
#1617 = CARTESIAN_POINT ( 'NONE',  ( -6.000000000000007994, 25.00000000000000000, -5.199999999999996625 ) ) ;
#1618 = EDGE_LOOP ( 'NONE', ( #2404, #2034, #746, #2098 ) ) ;
#1619 = DIRECTION ( 'NONE',  ( -7.228014483236656126E-16, 0.000000000000000000, 1.000000000000000000 ) ) ;
#1620 = CIRCLE ( 'NONE', #1960, 0.2999999999999999334 ) ;
#1621 = EDGE_LOOP ( 'NONE', ( #1242, #680, #278, #1347 ) ) ;
#1622 = AXIS2_PLACEMENT_3D ( 'NONE', #2949, #2275, #949 ) ;
#1623 = PRODUCT_CONTEXT ( 'NONE', #2349, 'mechanical' ) ;
#1624 = ADVANCED_FACE ( 'NONE', ( #3833 ), #3547, .T. ) ;
#1625 = PRODUCT_RELATED_PRODUCT_CATEGORY ( 'part', '', ( #2278 ) ) ;
#1626 = VECTOR ( 'NONE', #738, 1000.000000000000000 ) ;
#1627 = CARTESIAN_POINT ( 'NONE',  ( -9.700000000000008171, 25.00000000000000000, -5.199999999999999289 ) ) ;
#1628 = DIRECTION ( 'NONE',  ( 0.000000000000000000, 0.000000000000000000, 1.000000000000000000 ) ) ;
#1629 = VECTOR ( 'NONE', #1290, 1000.000000000000000 ) ;
#1630 = LINE ( 'NONE', #3563, #3025 ) ;
#1631 = AXIS2_PLACEMENT_3D ( 'NONE', #3147, #3127, #2792 ) ;
#1632 = DIRECTION ( 'NONE',  ( 0.000000000000000000, 0.000000000000000000, 1.000000000000000000 ) ) ;
#1633 = CARTESIAN_POINT ( 'NONE',  ( 16.69999999999998508, 25.00000000000000000, 2.000000000000003997 ) ) ;
#1634 = VERTEX_POINT ( 'NONE', #675 ) ;
#1635 = CARTESIAN_POINT ( 'NONE',  ( -17.30000000000001492, 25.00000000000000000, -5.499999999999999112 ) ) ;
#1636 = CARTESIAN_POINT ( 'NONE',  ( 0.000000000000000000, 11.00000000000000000, 0.000000000000000000 ) ) ;
#1637 = EDGE_CURVE ( 'NONE', #731, #1273, #2873, .T. ) ;
#1638 = EDGE_CURVE ( 'NONE', #2184, #1110, #275, .T. ) ;
#1639 = ORIENTED_EDGE ( 'NONE', *, *, #3836, .T. ) ;
#1640 = VECTOR ( 'NONE', #1769, 1000.000000000000000 ) ;
#1641 = LINE ( 'NONE', #307, #100 ) ;
#1642 = VERTEX_POINT ( 'NONE', #2006 ) ;
#1643 = CARTESIAN_POINT ( 'NONE',  ( -13.00000000000000888, 0.000000000000000000, -0.000000000000000000 ) ) ;
#1644 = AXIS2_PLACEMENT_3D ( 'NONE', #1909, #2546, #2240 ) ;
#1645 = VERTEX_POINT ( 'NONE', #1967 ) ;
#1646 = ADVANCED_FACE ( 'NONE', ( #395 ), #697, .T. ) ;
#1647 = CARTESIAN_POINT ( 'NONE',  ( -2.160786068689583228, 35.99999999998862421, -0.08759943521748859985 ) ) ;
#1648 = DIRECTION ( 'NONE',  ( -0.000000000000000000, -1.000000000000000000, -0.000000000000000000 ) ) ;
#1649 = CARTESIAN_POINT ( 'NONE',  ( -14.00000000000000888, 25.00000000000000000, 2.300000000000006484 ) ) ;
#1650 = CARTESIAN_POINT ( 'NONE',  ( 9.999999999999987566, 25.00000000000000000, 0.000000000000000000 ) ) ;
#1651 = LINE ( 'NONE', #1690, #157 ) ;
#1652 = DIRECTION ( 'NONE',  ( -1.445602896647327084E-15, 0.000000000000000000, -1.000000000000000000 ) ) ;
#1653 = ORIENTED_EDGE ( 'NONE', *, *, #2213, .F. ) ;
#1654 = DIRECTION ( 'NONE',  ( -0.000000000000000000, -1.000000000000000000, -0.000000000000000000 ) ) ;
#1655 = DIRECTION ( 'NONE',  ( 9.856383386231828012E-17, 0.000000000000000000, -1.000000000000000000 ) ) ;
#1656 = ORIENTED_EDGE ( 'NONE', *, *, #1820, .T. ) ;
#1657 = AXIS2_PLACEMENT_3D ( 'NONE', #1314, #1558, #2821 ) ;
#1658 = FILL_AREA_STYLE_COLOUR ( '', #717 ) ;
#1659 = ORIENTED_EDGE ( 'NONE', *, *, #2500, .T. ) ;
#1660 = CARTESIAN_POINT ( 'NONE',  ( 17.29999999999999361, 25.00000000000000000, 5.500000000000002665 ) ) ;
#1661 = VERTEX_POINT ( 'NONE', #637 ) ;
#1662 = AXIS2_PLACEMENT_3D ( 'NONE', #3675, #4046, #2391 ) ;
#1663 = DIRECTION ( 'NONE',  ( 0.000000000000000000, -0.000000000000000000, 1.000000000000000000 ) ) ;
#1664 = VECTOR ( 'NONE', #2859, 1000.000000000000000 ) ;
#1665 = PLANE ( 'NONE',  #2581 ) ;
#1666 = FACE_OUTER_BOUND ( 'NONE', #3970, .T. ) ;
#1667 = DIRECTION ( 'NONE',  ( -0.000000000000000000, -1.000000000000000000, -0.000000000000000000 ) ) ;
#1668 = AXIS2_PLACEMENT_3D ( 'NONE', #3813, #2507, #2837 ) ;
#1669 = ADVANCED_FACE ( 'NONE', ( #972 ), #3812, .T. ) ;
#1670 = DIRECTION ( 'NONE',  ( 0.000000000000000000, 0.000000000000000000, 1.000000000000000000 ) ) ;
#1671 = CARTESIAN_POINT ( 'NONE',  ( -6.406649201050775476E-17, 25.00000000000000000, 0.6500000000000030198 ) ) ;
#1672 = AXIS2_PLACEMENT_3D ( 'NONE', #3517, #267, #2849 ) ;
#1673 = ORIENTED_EDGE ( 'NONE', *, *, #3608, .T. ) ;
#1674 = DIRECTION ( 'NONE',  ( 0.000000000000000000, 0.000000000000000000, 1.000000000000000000 ) ) ;
#1675 = EDGE_CURVE ( 'NONE', #1259, #983, #2932, .T. ) ;
#1676 = DIRECTION ( 'NONE',  ( -0.000000000000000000, -1.000000000000000000, -0.000000000000000000 ) ) ;
#1677 = PRODUCT_DEFINITION_SHAPE ( 'NONE', 'NONE',  #2791 ) ;
#1678 = VERTEX_POINT ( 'NONE', #1324 ) ;
#1679 = CARTESIAN_POINT ( 'NONE',  ( -18.00000000000001066, 0.000000000000000000, -0.9500000000000033973 ) ) ;
#1680 = VERTEX_POINT ( 'NONE', #2543 ) ;
#1681 = LINE ( 'NONE', #2922, #2499 ) ;
#1682 = ORIENTED_EDGE ( 'NONE', *, *, #715, .F. ) ;
#1683 = CARTESIAN_POINT ( 'NONE',  ( -17.66078606868952861, 31.68355017509590255, -0.08759943521790929111 ) ) ;
#1684 = VECTOR ( 'NONE', #1654, 1000.000000000000000 ) ;
#1685 = DIRECTION ( 'NONE',  ( 0.000000000000000000, 0.000000000000000000, -1.000000000000000000 ) ) ;
#1686 = EDGE_CURVE ( 'NONE', #204, #1584, #38, .T. ) ;
#1687 = CARTESIAN_POINT ( 'NONE',  ( 8.699999999999985079, 25.00000000000000000, -1.000000000000000000 ) ) ;
#1688 = DIRECTION ( 'NONE',  ( -1.000000000000000000, 0.000000000000000000, -2.168404344971021884E-15 ) ) ;
#1689 = CYLINDRICAL_SURFACE ( 'NONE', #1699, 0.2999999999999999334 ) ;
#1690 = CARTESIAN_POINT ( 'NONE',  ( -17.70000000000000639, 25.00000000000000000, 5.500000000000005329 ) ) ;
#1691 = CARTESIAN_POINT ( 'NONE',  ( 16.69999999999998508, 0.000000000000000000, -2.300000000000000266 ) ) ;
#1692 = VERTEX_POINT ( 'NONE', #1608 ) ;
#1693 = CARTESIAN_POINT ( 'NONE',  ( 9.999999999999987566, 0.000000000000000000, -1.300000000000001377 ) ) ;
#1694 = CARTESIAN_POINT ( 'NONE',  ( 6.406649201050683031E-17, 25.00000000000000000, -0.6499999999999995781 ) ) ;
#1695 = AXIS2_PLACEMENT_3D ( 'NONE', #3108, #236, #1226 ) ;
#1696 = ORIENTED_EDGE ( 'NONE', *, *, #3506, .F. ) ;
#1697 = DIRECTION ( 'NONE',  ( 0.000000000000000000, 1.000000000000000000, -0.000000000000000000 ) ) ;
#1698 = EDGE_CURVE ( 'NONE', #2679, #1068, #1630, .T. ) ;
#1699 = AXIS2_PLACEMENT_3D ( 'NONE', #3311, #439, #3289 ) ;
#1700 = ORIENTED_EDGE ( 'NONE', *, *, #2251, .T. ) ;
#1701 = ORIENTED_EDGE ( 'NONE', *, *, #3787, .T. ) ;
#1702 = EDGE_CURVE ( 'NONE', #3756, #1201, #1567, .T. ) ;
#1703 = LINE ( 'NONE', #1959, #1228 ) ;
#1704 = ORIENTED_EDGE ( 'NONE', *, *, #2195, .F. ) ;
#1705 = CIRCLE ( 'NONE', #3564, 0.4999999999999998890 ) ;
#1706 = AXIS2_PLACEMENT_3D ( 'NONE', #1364, #3848, #670 ) ;
#1707 = VECTOR ( 'NONE', #934, 1000.000000000000000 ) ;
#1708 = ORIENTED_EDGE ( 'NONE', *, *, #728, .T. ) ;
#1709 = FACE_OUTER_BOUND ( 'NONE', #750, .T. ) ;
#1710 = LINE ( 'NONE', #2973, #2292 ) ;
#1711 = AXIS2_PLACEMENT_3D ( 'NONE', #2563, #3126, #252 ) ;
#1712 = CARTESIAN_POINT ( 'NONE',  ( 10.29999999999999005, 25.00000000000000000, 1.000000000000002887 ) ) ;
#1713 = EDGE_CURVE ( 'NONE', #512, #821, #316, .T. ) ;
#1714 = EDGE_CURVE ( 'NONE', #3300, #1402, #1987, .T. ) ;
#1715 = CARTESIAN_POINT ( 'NONE',  ( -17.00000000000000711, 25.00000000000000000, 0.000000000000000000 ) ) ;
#1716 = DIRECTION ( 'NONE',  ( 0.000000000000000000, 0.000000000000000000, -1.000000000000000000 ) ) ;
#1717 = VECTOR ( 'NONE', #2465, 1000.000000000000000 ) ;
#1718 = PLANE ( 'NONE',  #227 ) ;
#1719 = EDGE_LOOP ( 'NONE', ( #1490, #2393, #2964, #3257 ) ) ;
#1720 = CARTESIAN_POINT ( 'NONE',  ( 13.29999999999998828, 25.00000000000000000, 5.500000000000003553 ) ) ;
#1721 = DIRECTION ( 'NONE',  ( 0.000000000000000000, 0.000000000000000000, 1.000000000000000000 ) ) ;
#1722 = ORIENTED_EDGE ( 'NONE', *, *, #3595, .F. ) ;
#1723 = EDGE_CURVE ( 'NONE', #2574, #243, #2911, .T. ) ;
#1724 = CARTESIAN_POINT ( 'NONE',  ( 12.69999999999998685, 0.000000000000000000, 1.300000000000003375 ) ) ;
#1725 = ORIENTED_EDGE ( 'NONE', *, *, #1742, .T. ) ;
#1726 = EDGE_LOOP ( 'NONE', ( #3276, #1174, #1221, #751 ) ) ;
#1727 = DIRECTION ( 'NONE',  ( 0.000000000000000000, 0.000000000000000000, -1.000000000000000000 ) ) ;
#1728 = ORIENTED_EDGE ( 'NONE', *, *, #2613, .F. ) ;
#1729 = ORIENTED_EDGE ( 'NONE', *, *, #2019, .F. ) ;
#1730 = ADVANCED_FACE ( 'NONE', ( #59 ), #335, .F. ) ;
#1731 = LINE ( 'NONE', #1751, #3946 ) ;
#1732 = FACE_OUTER_BOUND ( 'NONE', #4114, .T. ) ;
#1733 = VECTOR ( 'NONE', #399, 1000.000000000000000 ) ;
#1734 = DIRECTION ( 'NONE',  ( -0.000000000000000000, -1.000000000000000000, -0.000000000000000000 ) ) ;
#1735 = CARTESIAN_POINT ( 'NONE',  ( -9.000000000000007105, 0.000000000000000000, 5.200000000000001066 ) ) ;
#1736 = LINE ( 'NONE', #2133, #1301 ) ;
#1737 = ORIENTED_EDGE ( 'NONE', *, *, #881, .F. ) ;
#1738 = LINE ( 'NONE', #3482, #3156 ) ;
#1739 = FACE_OUTER_BOUND ( 'NONE', #3298, .T. ) ;
#1740 = CIRCLE ( 'NONE', #1668, 0.2999999999999999334 ) ;
#1741 = EDGE_LOOP ( 'NONE', ( #2243, #2407, #3569, #517 ) ) ;
#1742 = EDGE_CURVE ( 'NONE', #2386, #2057, #73, .T. ) ;
#1743 = CARTESIAN_POINT ( 'NONE',  ( 0.000000000000000000, 11.00000000000000000, 0.000000000000000000 ) ) ;
#1744 = CARTESIAN_POINT ( 'NONE',  ( -9.000000000000007105, 0.000000000000000000, 1.000000000000003331 ) ) ;
#1745 = VECTOR ( 'NONE', #914, 1000.000000000000000 ) ;
#1746 = ORIENTED_EDGE ( 'NONE', *, *, #3394, .T. ) ;
#1747 = CARTESIAN_POINT ( 'NONE',  ( 17.99999999999998934, 25.00000000000000000, 0.9500000000000068390 ) ) ;
#1748 = ORIENTED_EDGE ( 'NONE', *, *, #251, .T. ) ;
#1749 = ORIENTED_EDGE ( 'NONE', *, *, #3145, .T. ) ;
#1750 = ORIENTED_EDGE ( 'NONE', *, *, #2846, .F. ) ;
#1751 = CARTESIAN_POINT ( 'NONE',  ( 4.999999999999988454, 25.00000000000000000, -0.9999999999999986677 ) ) ;
#1752 = DIRECTION ( 'NONE',  ( -0.000000000000000000, -1.000000000000000000, 0.000000000000000000 ) ) ;
#1753 = EDGE_CURVE ( 'NONE', #1828, #3197, #374, .T. ) ;
#1754 = EDGE_CURVE ( 'NONE', #431, #2668, #2165, .T. ) ;
#1755 = CARTESIAN_POINT ( 'NONE',  ( -5.300000000000010481, 25.00000000000000000, -5.499999999999998224 ) ) ;
#1756 = DIRECTION ( 'NONE',  ( 0.000000000000000000, 0.000000000000000000, 1.000000000000000000 ) ) ;
#1757 = DIRECTION ( 'NONE',  ( -0.000000000000000000, -1.000000000000000000, -0.000000000000000000 ) ) ;
#1758 = VECTOR ( 'NONE', #3643, 1000.000000000000000 ) ;
#1759 = ORIENTED_EDGE ( 'NONE', *, *, #1510, .T. ) ;
#1760 = DIRECTION ( 'NONE',  ( -1.000000000000000000, 0.000000000000000000, -2.710505431213765522E-16 ) ) ;
#1761 = DIRECTION ( 'NONE',  ( -0.000000000000000000, -1.000000000000000000, -0.000000000000000000 ) ) ;
#1762 = ORIENTED_EDGE ( 'NONE', *, *, #813, .T. ) ;
#1763 = ORIENTED_EDGE ( 'NONE', *, *, #2931, .T. ) ;
#1764 = FILL_AREA_STYLE ('',( #493 ) ) ;
#1765 = ADVANCED_FACE ( 'NONE', ( #3585 ), #3933, .F. ) ;
#1766 = ORIENTED_EDGE ( 'NONE', *, *, #4013, .T. ) ;
#1767 = CIRCLE ( 'NONE', #2295, 0.4999999999999998890 ) ;
#1768 = EDGE_CURVE ( 'NONE', #2084, #1259, #3996, .T. ) ;
#1769 = DIRECTION ( 'NONE',  ( -0.000000000000000000, -1.000000000000000000, -0.000000000000000000 ) ) ;
#1770 = ORIENTED_EDGE ( 'NONE', *, *, #3851, .T. ) ;
#1771 = AXIS2_PLACEMENT_3D ( 'NONE', #991, #3269, #1265 ) ;
#1772 = VERTEX_POINT ( 'NONE', #804 ) ;
#1773 = EDGE_LOOP ( 'NONE', ( #1562, #2450, #2037, #1770 ) ) ;
#1774 = AXIS2_PLACEMENT_3D ( 'NONE', #1480, #1752, #438 ) ;
#1775 = DIRECTION ( 'NONE',  ( -0.000000000000000000, -1.000000000000000000, -0.000000000000000000 ) ) ;
#1776 = AXIS2_PLACEMENT_3D ( 'NONE', #3695, #1784, #3651 ) ;
#1777 = DIRECTION ( 'NONE',  ( 0.000000000000000000, 0.000000000000000000, -1.000000000000000000 ) ) ;
#1778 = CARTESIAN_POINT ( 'NONE',  ( 13.99999999999998757, 25.00000000000000000, 5.200000000000001066 ) ) ;
#1779 = EDGE_CURVE ( 'NONE', #2868, #882, #3042, .T. ) ;
#1780 = VECTOR ( 'NONE', #1140, 1000.000000000000000 ) ;
#1781 = CARTESIAN_POINT ( 'NONE',  ( 12.69999999999998685, 25.00000000000000000, -1.300000000000000044 ) ) ;
#1782 = CARTESIAN_POINT ( 'NONE',  ( 16.69999999999998508, 0.000000000000000000, 2.000000000000003997 ) ) ;
#1783 = DIRECTION ( 'NONE',  ( 0.000000000000000000, 0.000000000000000000, -1.000000000000000000 ) ) ;
#1784 = DIRECTION ( 'NONE',  ( 0.000000000000000000, 0.000000000000000000, -1.000000000000000000 ) ) ;
#1785 = ORIENTED_EDGE ( 'NONE', *, *, #133, .T. ) ;
#1786 = AXIS2_PLACEMENT_3D ( 'NONE', #3977, #2069, #4018 ) ;
#1787 = ORIENTED_EDGE ( 'NONE', *, *, #2653, .T. ) ;
#1788 = DIRECTION ( 'NONE',  ( 0.000000000000000000, 0.000000000000000000, 1.000000000000000000 ) ) ;
#1789 = AXIS2_PLACEMENT_3D ( 'NONE', #250, #2132, #1205 ) ;
#1790 = ORIENTED_EDGE ( 'NONE', *, *, #1246, .F. ) ;
#1791 = CARTESIAN_POINT ( 'NONE',  ( -13.30000000000000959, 25.00000000000000000, 5.500000000000003553 ) ) ;
#1792 = CARTESIAN_POINT ( 'NONE',  ( 17.69999999999998508, 0.000000000000000000, 5.200000000000001066 ) ) ;
#1793 = ORIENTED_EDGE ( 'NONE', *, *, #1239, .F. ) ;
#1794 = EDGE_CURVE ( 'NONE', #2282, #136, #166, .T. ) ;
#1795 = EDGE_CURVE ( 'NONE', #1898, #723, #1289, .T. ) ;
#1796 = ORIENTED_EDGE ( 'NONE', *, *, #1835, .F. ) ;
#1797 = ORIENTED_EDGE ( 'NONE', *, *, #4026, .T. ) ;
#1798 = ORIENTED_EDGE ( 'NONE', *, *, #2219, .F. ) ;
#1799 = CARTESIAN_POINT ( 'NONE',  ( 12.99999999999998757, 25.00000000000000000, 5.200000000000001066 ) ) ;
#1800 = EDGE_CURVE ( 'NONE', #3778, #1601, #1091, .T. ) ;
#1801 = CARTESIAN_POINT ( 'NONE',  ( 17.69999999999998508, 25.00000000000000000, 0.6500000000000047962 ) ) ;
#1802 = FACE_OUTER_BOUND ( 'NONE', #609, .T. ) ;
#1803 = AXIS2_PLACEMENT_3D ( 'NONE', #3904, #2288, #2035 ) ;
#1804 = CARTESIAN_POINT ( 'NONE',  ( -10.30000000000001137, 0.000000000000000000, -0.9999999999999993339 ) ) ;
#1805 = DIRECTION ( 'NONE',  ( -0.000000000000000000, -1.000000000000000000, -0.000000000000000000 ) ) ;
#1806 = UNCERTAINTY_MEASURE_WITH_UNIT (LENGTH_MEASURE( 1.000000000000000082E-05 ), #2409, 'distance_accuracy_value', 'NONE');
#1807 = FACE_OUTER_BOUND ( 'NONE', #268, .T. ) ;
#1808 = CARTESIAN_POINT ( 'NONE',  ( -17.70000000000000639, 25.00000000000000000, -5.499999999999996447 ) ) ;
#1809 = EDGE_LOOP ( 'NONE', ( #1478, #729, #116, #2199 ) ) ;
#1810 = CIRCLE ( 'NONE', #2268, 0.2999999999999999334 ) ;
#1811 = ORIENTED_EDGE ( 'NONE', *, *, #365, .T. ) ;
#1812 = ADVANCED_FACE ( 'NONE', ( #1456 ), #739, .F. ) ;
#1813 = VERTEX_POINT ( 'NONE', #2725 ) ;
#1814 = PLANE ( 'NONE',  #3938 ) ;
#1815 = CARTESIAN_POINT ( 'NONE',  ( -10.30000000000001137, 25.00000000000000000, 1.000000000000002887 ) ) ;
#1816 = ORIENTED_EDGE ( 'NONE', *, *, #1187, .T. ) ;
#1817 = ORIENTED_EDGE ( 'NONE', *, *, #3207, .T. ) ;
#1818 = ORIENTED_EDGE ( 'NONE', *, *, #952, .F. ) ;
#1819 = DIRECTION ( 'NONE',  ( -1.000000000000000000, 0.000000000000000000, -9.856383386231916759E-17 ) ) ;
#1820 = EDGE_CURVE ( 'NONE', #3660, #4029, #2998, .T. ) ;
#1821 = FACE_OUTER_BOUND ( 'NONE', #3633, .T. ) ;
#1822 = DIRECTION ( 'NONE',  ( 0.000000000000000000, 0.000000000000000000, 1.000000000000000000 ) ) ;
#1823 = LINE ( 'NONE', #215, #1017 ) ;
#1824 = FACE_OUTER_BOUND ( 'NONE', #1088, .T. ) ;
#1825 = ORIENTED_EDGE ( 'NONE', *, *, #3595, .T. ) ;
#1826 = DIRECTION ( 'NONE',  ( -0.000000000000000000, -1.000000000000000000, -0.000000000000000000 ) ) ;
#1827 = VERTEX_POINT ( 'NONE', #1432 ) ;
#1828 = VERTEX_POINT ( 'NONE', #2359 ) ;
#1829 = CARTESIAN_POINT ( 'NONE',  ( 17.69999999999998508, 25.00000000000000000, -0.9500000000000011768 ) ) ;
#1830 = DIRECTION ( 'NONE',  ( 0.000000000000000000, 1.000000000000000000, -0.000000000000000000 ) ) ;
#1831 = AXIS2_PLACEMENT_3D ( 'NONE', #2916, #1975, #1331 ) ;
#1832 = ORIENTED_EDGE ( 'NONE', *, *, #56, .F. ) ;
#1833 = EDGE_CURVE ( 'NONE', #1425, #1218, #3375, .T. ) ;
#1834 = VECTOR ( 'NONE', #127, 1000.000000000000000 ) ;
#1835 = EDGE_CURVE ( 'NONE', #3449, #1018, #2068, .T. ) ;
#1836 = EDGE_LOOP ( 'NONE', ( #2677, #2762, #1554, #3534 ) ) ;
#1837 = VERTEX_POINT ( 'NONE', #2048 ) ;
#1838 = VERTEX_POINT ( 'NONE', #2419 ) ;
#1839 = VECTOR ( 'NONE', #1667, 1000.000000000000000 ) ;
#1840 = DIRECTION ( 'NONE',  ( 1.000000000000000000, -0.000000000000000000, 0.000000000000000000 ) ) ;
#1841 = CIRCLE ( 'NONE', #2698, 0.2999999999999999334 ) ;
#1842 = PLANE ( 'NONE',  #1789 ) ;
#1843 = ADVANCED_FACE ( 'NONE', ( #143 ), #1689, .T. ) ;
#1844 = FACE_OUTER_BOUND ( 'NONE', #1333, .T. ) ;
#1845 = AXIS2_PLACEMENT_3D ( 'NONE', #2528, #2470, #875 ) ;
#1846 = CARTESIAN_POINT ( 'NONE',  ( -7.228014483236726138E-16, 0.000000000000000000, 1.000000000000009770 ) ) ;
#1847 = DIRECTION ( 'NONE',  ( 2.168404344971031745E-15, -0.000000000000000000, 1.000000000000000000 ) ) ;
#1848 = CARTESIAN_POINT ( 'NONE',  ( 8.999999999999987566, 25.00000000000000000, -5.199999999999998401 ) ) ;
#1849 = FACE_OUTER_BOUND ( 'NONE', #1719, .T. ) ;
#1850 = ORIENTED_EDGE ( 'NONE', *, *, #1597, .F. ) ;
#1851 = DIRECTION ( 'NONE',  ( 1.000000000000000000, 0.000000000000000000, 0.000000000000000000 ) ) ;
#1852 = CARTESIAN_POINT ( 'NONE',  ( 13.99999999999998757, 0.000000000000000000, -2.300000000000002931 ) ) ;
#1853 = ORIENTED_EDGE ( 'NONE', *, *, #1947, .F. ) ;
#1854 = CIRCLE ( 'NONE', #704, 0.3000000000000007661 ) ;
#1855 = ORIENTED_EDGE ( 'NONE', *, *, #3202, .T. ) ;
#1856 = ORIENTED_EDGE ( 'NONE', *, *, #2469, .F. ) ;
#1857 = FACE_OUTER_BOUND ( 'NONE', #425, .T. ) ;
#1858 = VERTEX_POINT ( 'NONE', #2952 ) ;
#1859 = LINE ( 'NONE', #611, #2886 ) ;
#1860 = EDGE_CURVE ( 'NONE', #3325, #2826, #3017, .T. ) ;
#1861 = CYLINDRICAL_SURFACE ( 'NONE', #1038, 0.2999999999999999334 ) ;
#1862 = CARTESIAN_POINT ( 'NONE',  ( -2.710505431213756155E-16, 25.00000000000000000, -0.9999999999999965583 ) ) ;
#1863 = LINE ( 'NONE', #3420, #1423 ) ;
#1864 = DIRECTION ( 'NONE',  ( 0.000000000000000000, 0.000000000000000000, 1.000000000000000000 ) ) ;
#1865 = FACE_OUTER_BOUND ( 'NONE', #2414, .T. ) ;
#1866 = DIRECTION ( 'NONE',  ( -0.000000000000000000, -1.000000000000000000, 0.000000000000000000 ) ) ;
#1867 = ORIENTED_EDGE ( 'NONE', *, *, #3438, .F. ) ;
#1868 = LINE ( 'NONE', #3154, #2018 ) ;
#1869 = DIRECTION ( 'NONE',  ( -1.000000000000000000, 0.000000000000000000, -2.168404344971031745E-15 ) ) ;
#1870 = VECTOR ( 'NONE', #3508, 1000.000000000000000 ) ;
#1871 = EDGE_CURVE ( 'NONE', #2782, #3786, #2027, .T. ) ;
#1872 = ORIENTED_EDGE ( 'NONE', *, *, #550, .F. ) ;
#1873 = DIRECTION ( 'NONE',  ( -0.000000000000000000, -1.000000000000000000, 0.000000000000000000 ) ) ;
#1874 = VECTOR ( 'NONE', #765, 1000.000000000000000 ) ;
#1875 = ORIENTED_EDGE ( 'NONE', *, *, #2260, .F. ) ;
#1876 = VERTEX_POINT ( 'NONE', #2383 ) ;
#1877 = PLANE ( 'NONE',  #2928 ) ;
#1878 = ORIENTED_EDGE ( 'NONE', *, *, #1169, .F. ) ;
#1879 = VECTOR ( 'NONE', #1609, 1000.000000000000000 ) ;
#1880 = DIRECTION ( 'NONE',  ( 0.000000000000000000, 0.000000000000000000, 1.000000000000000000 ) ) ;
#1881 = CIRCLE ( 'NONE', #994, 0.2999999999999999334 ) ;
#1882 = CARTESIAN_POINT ( 'NONE',  ( -14.00000000000000888, 25.00000000000000000, 0.000000000000000000 ) ) ;
#1883 = ADVANCED_FACE ( 'NONE', ( #1409 ), #2645, .T. ) ;
#1884 = DIRECTION ( 'NONE',  ( 0.000000000000000000, 0.000000000000000000, 1.000000000000000000 ) ) ;
#1885 = EDGE_CURVE ( 'NONE', #388, #1466, #779, .T. ) ;
#1886 = DIRECTION ( 'NONE',  ( 0.000000000000000000, 0.000000000000000000, -1.000000000000000000 ) ) ;
#1887 = FACE_OUTER_BOUND ( 'NONE', #1919, .T. ) ;
#1888 = DIRECTION ( 'NONE',  ( -0.000000000000000000, -1.000000000000000000, -0.000000000000000000 ) ) ;
#1889 = CARTESIAN_POINT ( 'NONE',  ( -17.30000000000001137, 0.000000000000000000, 5.200000000000004619 ) ) ;
#1890 = EDGE_LOOP ( 'NONE', ( #2605, #2569, #455, #1404 ) ) ;
#1891 = DIRECTION ( 'NONE',  ( -1.000000000000000000, 0.000000000000000000, 1.807003620809177344E-16 ) ) ;
#1892 = CARTESIAN_POINT ( 'NONE',  ( 17.29999999999999005, 25.00000000000000000, 5.200000000000001954 ) ) ;
#1893 = ORIENTED_EDGE ( 'NONE', *, *, #2935, .F. ) ;
#1894 = LINE ( 'NONE', #4111, #2981 ) ;
#1895 = EDGE_CURVE ( 'NONE', #1292, #2737, #3331, .T. ) ;
#1896 = EDGE_LOOP ( 'NONE', ( #1798, #405, #1523, #2269 ) ) ;
#1897 = CARTESIAN_POINT ( 'NONE',  ( 12.69999999999998508, 25.00000000000000000, 1.000000000000003553 ) ) ;
#1898 = VERTEX_POINT ( 'NONE', #1755 ) ;
#1899 = SURFACE_SIDE_STYLE ('',( #4072 ) ) ;
#1900 = AXIS2_PLACEMENT_3D ( 'NONE', #2893, #3251, #3891 ) ;
#1901 = ADVANCED_FACE ( 'NONE', ( #1802 ), #507, .F. ) ;
#1902 = CARTESIAN_POINT ( 'NONE',  ( -17.00000000000000711, 0.000000000000000000, -2.300000000000002487 ) ) ;
#1903 = PLANE ( 'NONE',  #3173 ) ;
#1904 = AXIS2_PLACEMENT_3D ( 'NONE', #2910, #36, #3250 ) ;
#1905 = FACE_OUTER_BOUND ( 'NONE', #486, .T. ) ;
#1906 = PLANE ( 'NONE',  #4126 ) ;
#1907 = ADVANCED_FACE ( 'NONE', ( #1482 ), #2311, .T. ) ;
#1908 = VECTOR ( 'NONE', #2901, 1000.000000000000000 ) ;
#1909 = CARTESIAN_POINT ( 'NONE',  ( -17.70000000000000639, 25.00000000000000000, -5.199999999999995737 ) ) ;
#1910 = DIRECTION ( 'NONE',  ( 0.000000000000000000, 0.000000000000000000, 1.000000000000000000 ) ) ;
#1911 = AXIS2_PLACEMENT_3D ( 'NONE', #3871, #1286, #397 ) ;
#1912 = ORIENTED_EDGE ( 'NONE', *, *, #2186, .F. ) ;
#1913 = CARTESIAN_POINT ( 'NONE',  ( 8.999999999999987566, 25.00000000000000000, -1.300000000000002043 ) ) ;
#1914 = EDGE_CURVE ( 'NONE', #2957, #905, #3230, .T. ) ;
#1915 = PLANE ( 'NONE',  #2567 ) ;
#1916 = ORIENTED_EDGE ( 'NONE', *, *, #1031, .T. ) ;
#1917 = VECTOR ( 'NONE', #2834, 1000.000000000000000 ) ;
#1918 = DIRECTION ( 'NONE',  ( -0.000000000000000000, -1.000000000000000000, -0.000000000000000000 ) ) ;
#1919 = EDGE_LOOP ( 'NONE', ( #1420, #226, #1296, #2377 ) ) ;
#1920 = LINE ( 'NONE', #2538, #3861 ) ;
#1921 = VERTEX_POINT ( 'NONE', #686 ) ;
#1922 = EDGE_CURVE ( 'NONE', #114, #3844, #666, .T. ) ;
#1923 = FILL_AREA_STYLE ('',( #231 ) ) ;
#1924 = EDGE_CURVE ( 'NONE', #1584, #2668, #71, .T. ) ;
#1925 = DIRECTION ( 'NONE',  ( 0.000000000000000000, 0.000000000000000000, 1.000000000000000000 ) ) ;
#1926 = CARTESIAN_POINT ( 'NONE',  ( 15.50000000000000000, 0.000000000000000000, 0.6500000000000045741 ) ) ;
#1927 = CARTESIAN_POINT ( 'NONE',  ( 5.299999999999987388, 0.000000000000000000, -5.199999999999998401 ) ) ;
#1928 = CARTESIAN_POINT ( 'NONE',  ( 9.699999999999986855, 25.00000000000000000, 5.500000000000002665 ) ) ;
#1929 = AXIS2_PLACEMENT_3D ( 'NONE', #2553, #3490, #964 ) ;
#1930 = CARTESIAN_POINT ( 'NONE',  ( -17.70000000000000639, 0.000000000000000000, -0.9500000000000011768 ) ) ;
#1931 = DIRECTION ( 'NONE',  ( -0.000000000000000000, -1.000000000000000000, -0.000000000000000000 ) ) ;
#1932 = ORIENTED_EDGE ( 'NONE', *, *, #3119, .T. ) ;
#1933 = CARTESIAN_POINT ( 'NONE',  ( 9.999999999999987566, 25.00000000000000000, 1.300000000000004929 ) ) ;
#1934 = CARTESIAN_POINT ( 'NONE',  ( 2.710505431213765522E-16, 25.00000000000000000, 1.000000000000000000 ) ) ;
#1935 = ORIENTED_EDGE ( 'NONE', *, *, #3935, .T. ) ;
#1936 = DIRECTION ( 'NONE',  ( 0.000000000000000000, 0.000000000000000000, 1.000000000000000000 ) ) ;
#1937 = EDGE_CURVE ( 'NONE', #3466, #2679, #3262, .T. ) ;
#1938 = AXIS2_PLACEMENT_3D ( 'NONE', #3614, #2308, #3258 ) ;
#1939 = ORIENTED_EDGE ( 'NONE', *, *, #3438, .T. ) ;
#1940 = ADVANCED_FACE ( 'NONE', ( #2989 ), #2656, .F. ) ;
#1941 = DIRECTION ( 'NONE',  ( 0.000000000000000000, 0.000000000000000000, 1.000000000000000000 ) ) ;
#1942 = ORIENTED_EDGE ( 'NONE', *, *, #330, .T. ) ;
#1943 = AXIS2_PLACEMENT_3D ( 'NONE', #1691, #2934, #356 ) ;
#1944 = VECTOR ( 'NONE', #4002, 1000.000000000000000 ) ;
#1945 = LINE ( 'NONE', #4137, #2775 ) ;
#1946 = CARTESIAN_POINT ( 'NONE',  ( 13.99999999999998757, 25.00000000000000000, 2.300000000000006484 ) ) ;
#1947 = EDGE_CURVE ( 'NONE', #1634, #2885, #2036, .T. ) ;
#1948 = EDGE_CURVE ( 'NONE', #50, #3073, #366, .T. ) ;
#1949 = DIRECTION ( 'NONE',  ( -0.000000000000000000, -1.000000000000000000, -0.000000000000000000 ) ) ;
#1950 = DIRECTION ( 'NONE',  ( 0.000000000000000000, 0.000000000000000000, -1.000000000000000000 ) ) ;
#1951 = CARTESIAN_POINT ( 'NONE',  ( -12.70000000000000639, 0.000000000000000000, -1.000000000000000000 ) ) ;
#1952 = VERTEX_POINT ( 'NONE', #709 ) ;
#1953 = LINE ( 'NONE', #2012, #1684 ) ;
#1954 = DIRECTION ( 'NONE',  ( 0.000000000000000000, 0.000000000000000000, 1.000000000000000000 ) ) ;
#1955 = ADVANCED_FACE ( 'NONE', ( #1997 ), #2636, .F. ) ;
#1956 = ORIENTED_EDGE ( 'NONE', *, *, #3350, .T. ) ;
#1957 = LINE ( 'NONE', #1598, #2461 ) ;
#1958 = ORIENTED_EDGE ( 'NONE', *, *, #881, .T. ) ;
#1959 = CARTESIAN_POINT ( 'NONE',  ( 15.50000000000000000, 25.00000000000000000, -0.6500000000000010214 ) ) ;
#1960 = AXIS2_PLACEMENT_3D ( 'NONE', #996, #3, #2262 ) ;
#1961 = VERTEX_POINT ( 'NONE', #1660 ) ;
#1962 = AXIS2_PLACEMENT_3D ( 'NONE', #2971, #1663, #54 ) ;
#1963 =( LENGTH_UNIT ( ) NAMED_UNIT ( * ) SI_UNIT ( .MILLI., .METRE. ) );
#1964 = CIRCLE ( 'NONE', #14, 0.2999999999999999334 ) ;
#1965 = DIRECTION ( 'NONE',  ( 0.000000000000000000, 0.000000000000000000, -1.000000000000000000 ) ) ;
#1966 = FACE_OUTER_BOUND ( 'NONE', #2183, .T. ) ;
#1967 = CARTESIAN_POINT ( 'NONE',  ( -10.00000000000000888, 25.00000000000000000, 1.300000000000005151 ) ) ;
#1968 = EDGE_CURVE ( 'NONE', #859, #28, #1681, .T. ) ;
#1969 = AXIS2_PLACEMENT_3D ( 'NONE', #1927, #718, #2585 ) ;
#1970 = EDGE_CURVE ( 'NONE', #2537, #1680, #2330, .T. ) ;
#1971 = CARTESIAN_POINT ( 'NONE',  ( 9.999999999999987566, 25.00000000000000000, 5.200000000000001066 ) ) ;
#1972 = CARTESIAN_POINT ( 'NONE',  ( -13.00000000000000888, 25.00000000000000000, -1.300000000000002043 ) ) ;
#1973 = ORIENTED_EDGE ( 'NONE', *, *, #2780, .T. ) ;
#1974 = VECTOR ( 'NONE', #2614, 1000.000000000000000 ) ;
#1975 = DIRECTION ( 'NONE',  ( -0.000000000000000000, -1.000000000000000000, 0.000000000000000000 ) ) ;
#1976 = CARTESIAN_POINT ( 'NONE',  ( -17.70000000000000639, 0.000000000000000000, -5.199999999999995737 ) ) ;
#1977 = ORIENTED_EDGE ( 'NONE', *, *, #988, .F. ) ;
#1978 = LINE ( 'NONE', #1084, #3729 ) ;
#1979 = COLOUR_RGB ( '',0.8980392156862745390, 0.9176470588235293713, 0.9294117647058823817 ) ;
#1980 = EDGE_LOOP ( 'NONE', ( #3206, #822, #1181, #436 ) ) ;
#1981 = DIRECTION ( 'NONE',  ( 0.000000000000000000, 0.000000000000000000, 1.000000000000000000 ) ) ;
#1982 = VERTEX_POINT ( 'NONE', #2595 ) ;
#1983 = FACE_OUTER_BOUND ( 'NONE', #3782, .T. ) ;
#1984 = FACE_OUTER_BOUND ( 'NONE', #3139, .T. ) ;
#1985 = ADVANCED_FACE ( 'NONE', ( #2016 ), #32, .T. ) ;
#1986 = AXIS2_PLACEMENT_3D ( 'NONE', #3436, #2189, #2522 ) ;
#1987 = LINE ( 'NONE', #2279, #3623 ) ;
#1988 = DIRECTION ( 'NONE',  ( -0.000000000000000000, -1.000000000000000000, -0.000000000000000000 ) ) ;
#1989 = CARTESIAN_POINT ( 'NONE',  ( -6.300000000000010481, 25.00000000000000000, -0.9999999999999995559 ) ) ;
#1990 = ORIENTED_EDGE ( 'NONE', *, *, #1602, .F. ) ;
#1991 = DIRECTION ( 'NONE',  ( 0.000000000000000000, 0.000000000000000000, 1.000000000000000000 ) ) ;
#1992 = CARTESIAN_POINT ( 'NONE',  ( 16.99999999999998579, 0.000000000000000000, 2.300000000000006040 ) ) ;
#1993 = EDGE_LOOP ( 'NONE', ( #1932, #3763, #1441, #1639 ) ) ;
#1994 = DIRECTION ( 'NONE',  ( -0.000000000000000000, -1.000000000000000000, 0.000000000000000000 ) ) ;
#1995 = ORIENTED_EDGE ( 'NONE', *, *, #842, .T. ) ;
#1996 = ADVANCED_FACE ( 'NONE', ( #2676 ), #3863, .T. ) ;
#1997 = FACE_OUTER_BOUND ( 'NONE', #2099, .T. ) ;
#1998 = ORIENTED_EDGE ( 'NONE', *, *, #3492, .F. ) ;
#1999 = AXIS2_PLACEMENT_3D ( 'NONE', #515, #1467, #1105 ) ;
#2000 = DIRECTION ( 'NONE',  ( 0.6767470458142202938, 0.000000000000000000, 0.7362156178605054890 ) ) ;
#2001 = DIRECTION ( 'NONE',  ( -0.000000000000000000, -1.000000000000000000, -0.000000000000000000 ) ) ;
#2002 = VECTOR ( 'NONE', #1, 1000.000000000000000 ) ;
#2003 = CARTESIAN_POINT ( 'NONE',  ( 12.69999999999998508, 25.00000000000000000, -1.000000000000000000 ) ) ;
#2004 = DIRECTION ( 'NONE',  ( -0.000000000000000000, -1.000000000000000000, -0.000000000000000000 ) ) ;
#2005 = AXIS2_PLACEMENT_3D ( 'NONE', #1683, #712, #2000 ) ;
#2006 = CARTESIAN_POINT ( 'NONE',  ( -9.000000000000007105, 25.00000000000000000, 5.200000000000001066 ) ) ;
#2007 = ORIENTED_EDGE ( 'NONE', *, *, #3725, .F. ) ;
#2008 = FACE_OUTER_BOUND ( 'NONE', #1217, .T. ) ;
#2009 = EDGE_CURVE ( 'NONE', #3926, #2623, #3302, .T. ) ;
#2010 = CARTESIAN_POINT ( 'NONE',  ( -9.700000000000008171, 25.00000000000000000, 5.200000000000001954 ) ) ;
#2011 = ORIENTED_EDGE ( 'NONE', *, *, #2030, .F. ) ;
#2012 = CARTESIAN_POINT ( 'NONE',  ( 16.99999999999998579, 25.00000000000000000, 5.200000000000001066 ) ) ;
#2013 = CARTESIAN_POINT ( 'NONE',  ( 12.69999999999998508, 25.00000000000000000, -1.000000000000000000 ) ) ;
#2014 = ORIENTED_EDGE ( 'NONE', *, *, #3500, .T. ) ;
#2015 = ORIENTED_EDGE ( 'NONE', *, *, #2738, .F. ) ;
#2016 = FACE_OUTER_BOUND ( 'NONE', #3121, .T. ) ;
#2017 = EDGE_LOOP ( 'NONE', ( #2848, #230, #785, #3359 ) ) ;
#2018 = VECTOR ( 'NONE', #280, 1000.000000000000000 ) ;
#2019 = EDGE_CURVE ( 'NONE', #2137, #3452, #1703, .T. ) ;
#2020 =( NAMED_UNIT ( * ) PLANE_ANGLE_UNIT ( ) SI_UNIT ( $, .RADIAN. ) );
#2021 = ORIENTED_EDGE ( 'NONE', *, *, #3919, .F. ) ;
#2022 = LINE ( 'NONE', #2355, #3877 ) ;
#2023 = DIRECTION ( 'NONE',  ( -0.000000000000000000, -1.000000000000000000, -0.000000000000000000 ) ) ;
#2024 = VECTOR ( 'NONE', #2735, 1000.000000000000000 ) ;
#2025 = CYLINDRICAL_SURFACE ( 'NONE', #3292, 0.3000000000000007661 ) ;
#2026 = EDGE_CURVE ( 'NONE', #543, #2810, #3224, .T. ) ;
#2027 = LINE ( 'NONE', #2703, #3625 ) ;
#2028 = CARTESIAN_POINT ( 'NONE',  ( 1.807003620809174632E-16, 0.000000000000000000, -0.9999999999999985567 ) ) ;
#2029 = CARTESIAN_POINT ( 'NONE',  ( -10.00000000000000888, 25.00000000000000000, -5.199999999999997513 ) ) ;
#2030 = EDGE_CURVE ( 'NONE', #2782, #774, #2351, .T. ) ;
#2031 = ORIENTED_EDGE ( 'NONE', *, *, #1341, .T. ) ;
#2032 = CARTESIAN_POINT ( 'NONE',  ( 0.000000000000000000, 0.000000000000000000, 0.000000000000000000 ) ) ;
#2033 = LINE ( 'NONE', #2939, #3098 ) ;
#2034 = ORIENTED_EDGE ( 'NONE', *, *, #205, .F. ) ;
#2035 = DIRECTION ( 'NONE',  ( 0.000000000000000000, 0.000000000000000000, 1.000000000000000000 ) ) ;
#2036 = CIRCLE ( 'NONE', #2104, 0.3000000000000007661 ) ;
#2037 = ORIENTED_EDGE ( 'NONE', *, *, #3795, .F. ) ;
#2038 = VECTOR ( 'NONE', #3329, 1000.000000000000000 ) ;
#2039 = CARTESIAN_POINT ( 'NONE',  ( -10.00000000000000888, 25.00000000000000000, 0.000000000000000000 ) ) ;
#2040 = ORIENTED_EDGE ( 'NONE', *, *, #940, .T. ) ;
#2041 = AXIS2_PLACEMENT_3D ( 'NONE', #2960, #980, #3219 ) ;
#2042 = AXIS2_PLACEMENT_3D ( 'NONE', #492, #448, #3383 ) ;
#2043 = VERTEX_POINT ( 'NONE', #1517 ) ;
#2044 = DIRECTION ( 'NONE',  ( 0.000000000000000000, 0.000000000000000000, -1.000000000000000000 ) ) ;
#2045 = DIRECTION ( 'NONE',  ( 0.000000000000000000, 0.000000000000000000, 1.000000000000000000 ) ) ;
#2046 = DIRECTION ( 'NONE',  ( -0.000000000000000000, -1.000000000000000000, -0.000000000000000000 ) ) ;
#2047 = EDGE_CURVE ( 'NONE', #28, #3724, #279, .T. ) ;
#2048 = CARTESIAN_POINT ( 'NONE',  ( 16.99999999999998579, 25.00000000000000000, 5.200000000000001066 ) ) ;
#2049 = LINE ( 'NONE', #481, #2908 ) ;
#2050 = VECTOR ( 'NONE', #3290, 1000.000000000000000 ) ;
#2051 = PLANE ( 'NONE',  #1393 ) ;
#2052 = PRODUCT_DEFINITION_CONTEXT ( 'detailed design', #629, 'design' ) ;
#2053 = ORIENTED_EDGE ( 'NONE', *, *, #2095, .F. ) ;
#2054 = CARTESIAN_POINT ( 'NONE',  ( -18.00000000000001066, 0.000000000000000000, -5.199999999999993960 ) ) ;
#2055 = LINE ( 'NONE', #3317, #44 ) ;
#2056 = ORIENTED_EDGE ( 'NONE', *, *, #2253, .T. ) ;
#2057 = VERTEX_POINT ( 'NONE', #203 ) ;
#2058 = LINE ( 'NONE', #3965, #2191 ) ;
#2059 = ORIENTED_EDGE ( 'NONE', *, *, #3536, .T. ) ;
#2060 = DIRECTION ( 'NONE',  ( 0.000000000000000000, 0.000000000000000000, 1.000000000000000000 ) ) ;
#2061 = ORIENTED_EDGE ( 'NONE', *, *, #2379, .F. ) ;
#2062 = PRODUCT_RELATED_PRODUCT_CATEGORY ( 'part', '', ( #696 ) ) ;
#2063 = AXIS2_PLACEMENT_3D ( 'NONE', #2654, #1697, #131 ) ;
#2064 = ORIENTED_EDGE ( 'NONE', *, *, #1947, .T. ) ;
#2065 = LINE ( 'NONE', #2643, #334 ) ;
#2066 = CARTESIAN_POINT ( 'NONE',  ( -13.00000000000000888, 25.00000000000000000, 0.000000000000000000 ) ) ;
#2067 = VECTOR ( 'NONE', #277, 1000.000000000000000 ) ;
#2068 = LINE ( 'NONE', #1778, #2890 ) ;
#2069 = DIRECTION ( 'NONE',  ( 0.000000000000000000, 1.000000000000000000, -0.000000000000000000 ) ) ;
#2070 = ADVANCED_FACE ( 'NONE', ( #2458 ), #1087, .T. ) ;
#2071 = LINE ( 'NONE', #3334, #84 ) ;
#2072 = ORIENTED_EDGE ( 'NONE', *, *, #1871, .F. ) ;
#2073 = DIRECTION ( 'NONE',  ( -0.000000000000000000, -1.000000000000000000, 0.000000000000000000 ) ) ;
#2074 = DIRECTION ( 'NONE',  ( 1.734723475976807410E-14, 0.000000000000000000, 1.000000000000000000 ) ) ;
#2075 = CIRCLE ( 'NONE', #3994, 0.3000000000000007661 ) ;
#2076 = EDGE_LOOP ( 'NONE', ( #3100, #1856, #1422, #1197 ) ) ;
#2077 = EDGE_LOOP ( 'NONE', ( #2615, #2162, #66, #2816 ) ) ;
#2078 = CARTESIAN_POINT ( 'NONE',  ( -13.30000000000000959, 25.00000000000000000, -5.500000000000000000 ) ) ;
#2079 = ORIENTED_EDGE ( 'NONE', *, *, #3084, .T. ) ;
#2080 = EDGE_CURVE ( 'NONE', #866, #2904, #2434, .T. ) ;
#2081 = DIRECTION ( 'NONE',  ( 0.000000000000000000, 1.000000000000000000, -0.000000000000000000 ) ) ;
#2082 = VERTEX_POINT ( 'NONE', #1151 ) ;
#2083 = ORIENTED_EDGE ( 'NONE', *, *, #3403, .F. ) ;
#2084 = VERTEX_POINT ( 'NONE', #3638 ) ;
#2085 = LINE ( 'NONE', #163, #1758 ) ;
#2086 = DIRECTION ( 'NONE',  ( 0.000000000000000000, 0.000000000000000000, -1.000000000000000000 ) ) ;
#2087 = CARTESIAN_POINT ( 'NONE',  ( 14.29999999999999005, 25.00000000000000000, 2.000000000000004441 ) ) ;
#2088 = CARTESIAN_POINT ( 'NONE',  ( 5.699999999999984190, 0.000000000000000000, -5.499999999999998224 ) ) ;
#2089 = CARTESIAN_POINT ( 'NONE',  ( 17.99999999999998934, 25.00000000000000000, -0.9500000000000033973 ) ) ;
#2090 = AXIS2_PLACEMENT_3D ( 'NONE', #2927, #413, #369 ) ;
#2091 = ORIENTED_EDGE ( 'NONE', *, *, #826, .F. ) ;
#2092 = CARTESIAN_POINT ( 'NONE',  ( -17.30000000000001137, 25.00000000000000000, 5.200000000000004619 ) ) ;
#2093 = DIRECTION ( 'NONE',  ( -0.000000000000000000, -1.000000000000000000, 0.000000000000000000 ) ) ;
#2094 = EDGE_CURVE ( 'NONE', #1359, #526, #3406, .T. ) ;
#2095 = EDGE_CURVE ( 'NONE', #1310, #243, #1128, .T. ) ;
#2096 = ORIENTED_EDGE ( 'NONE', *, *, #1860, .T. ) ;
#2097 = VECTOR ( 'NONE', #444, 1000.000000000000000 ) ;
#2098 = ORIENTED_EDGE ( 'NONE', *, *, #2019, .T. ) ;
#2099 = EDGE_LOOP ( 'NONE', ( #2181, #1850, #623, #1030 ) ) ;
#2100 = VECTOR ( 'NONE', #4021, 1000.000000000000000 ) ;
#2101 = LINE ( 'NONE', #3365, #487 ) ;
#2102 = EDGE_CURVE ( 'NONE', #3804, #3882, #1495, .T. ) ;
#2103 = ORIENTED_EDGE ( 'NONE', *, *, #1387, .F. ) ;
#2104 = AXIS2_PLACEMENT_3D ( 'NONE', #93, #749, #1981 ) ;
#2105 = VERTEX_POINT ( 'NONE', #3343 ) ;
#2106 = VECTOR ( 'NONE', #3925, 1000.000000000000000 ) ;
#2107 = ORIENTED_EDGE ( 'NONE', *, *, #435, .F. ) ;
#2108 = DIRECTION ( 'NONE',  ( -0.000000000000000000, -1.000000000000000000, 0.000000000000000000 ) ) ;
#2109 = CIRCLE ( 'NONE', #2167, 0.6500000000000027978 ) ;
#2110 = CARTESIAN_POINT ( 'NONE',  ( -17.70000000000000639, 25.00000000000000000, -0.6500000000000012434 ) ) ;
#2111 = DIRECTION ( 'NONE',  ( -0.000000000000000000, -1.000000000000000000, 0.000000000000000000 ) ) ;
#2112 = CIRCLE ( 'NONE', #1507, 0.2999999999999999334 ) ;
#2113 = CIRCLE ( 'NONE', #2639, 0.2999999999999999334 ) ;
#2114 = CARTESIAN_POINT ( 'NONE',  ( 16.99999999999998579, 25.00000000000000000, 0.000000000000000000 ) ) ;
#2115 = CARTESIAN_POINT ( 'NONE',  ( -10.00000000000000888, 0.000000000000000000, 0.000000000000000000 ) ) ;
#2116 = CIRCLE ( 'NONE', #3639, 0.2999999999999999334 ) ;
#2117 = CARTESIAN_POINT ( 'NONE',  ( 16.69999999999998508, 25.00000000000000000, 2.300000000000003819 ) ) ;
#2118 = DIRECTION ( 'NONE',  ( -0.000000000000000000, -1.000000000000000000, -0.000000000000000000 ) ) ;
#2119 = ORIENTED_EDGE ( 'NONE', *, *, #736, .T. ) ;
#2120 = VECTOR ( 'NONE', #1326, 1000.000000000000000 ) ;
#2121 = ORIENTED_EDGE ( 'NONE', *, *, #721, .F. ) ;
#2122 = PRODUCT_CONTEXT ( 'NONE', #979, 'mechanical' ) ;
#2123 = VERTEX_POINT ( 'NONE', #2736 ) ;
#2124 = CARTESIAN_POINT ( 'NONE',  ( 2.710505431213756155E-16, 25.00000000000000000, -0.9999999999999965583 ) ) ;
#2125 = CARTESIAN_POINT ( 'NONE',  ( -17.00000000000000711, 0.000000000000000000, 0.000000000000000000 ) ) ;
#2126 = EDGE_LOOP ( 'NONE', ( #4053, #2921, #841, #3327 ) ) ;
#2127 = EDGE_CURVE ( 'NONE', #2334, #3335, #3967, .T. ) ;
#2128 = EDGE_LOOP ( 'NONE', ( #2943, #2902, #878, #2415 ) ) ;
#2129 = EDGE_LOOP ( 'NONE', ( #1656, #12, #3983, #1278 ) ) ;
#2130 = DIRECTION ( 'NONE',  ( -0.000000000000000000, -1.000000000000000000, -0.000000000000000000 ) ) ;
#2131 = VERTEX_POINT ( 'NONE', #4008 ) ;
#2132 = DIRECTION ( 'NONE',  ( 1.000000000000000000, 0.000000000000000000, 0.000000000000000000 ) ) ;
#2133 = CARTESIAN_POINT ( 'NONE',  ( 0.000000000000000000, 0.000000000000000000, -5.500000000000000888 ) ) ;
#2134 = CARTESIAN_POINT ( 'NONE',  ( -1.192622389734071443E-14, 25.00000000000000000, -5.500000000000019540 ) ) ;
#2135 = LINE ( 'NONE', #2670, #2273 ) ;
#2136 = CIRCLE ( 'NONE', #987, 0.2999999999999999334 ) ;
#2137 = VERTEX_POINT ( 'NONE', #2759 ) ;
#2138 = EDGE_CURVE ( 'NONE', #2492, #520, #2432, .T. ) ;
#2139 = PRODUCT_CONTEXT ( 'NONE', #1349, 'mechanical' ) ;
#2140 = DIRECTION ( 'NONE',  ( 0.000000000000000000, 0.000000000000000000, 1.000000000000000000 ) ) ;
#2141 = CIRCLE ( 'NONE', #249, 0.2999999999999999334 ) ;
#2142 = EDGE_LOOP ( 'NONE', ( #3344, #1042, #1578, #763 ) ) ;
#2143 = CARTESIAN_POINT ( 'NONE',  ( -17.00000000000000711, 0.000000000000000000, 2.300000000000006040 ) ) ;
#2144 = CARTESIAN_POINT ( 'NONE',  ( -6.000000000000007994, 25.00000000000000000, 0.000000000000000000 ) ) ;
#2145 = EDGE_LOOP ( 'NONE', ( #2753, #3682, #2841, #962 ) ) ;
#2146 = ORIENTED_EDGE ( 'NONE', *, *, #1638, .T. ) ;
#2147 = ORIENTED_EDGE ( 'NONE', *, *, #2968, .F. ) ;
#2148 = EDGE_CURVE ( 'NONE', #2137, #665, #828, .T. ) ;
#2149 = AXIS2_PLACEMENT_3D ( 'NONE', #1829, #2473, #899 ) ;
#2150 = CARTESIAN_POINT ( 'NONE',  ( -12.70000000000000639, 0.000000000000000000, 1.000000000000003553 ) ) ;
#2151 = CARTESIAN_POINT ( 'NONE',  ( -9.300000000000007816, 0.000000000000000000, 5.200000000000002842 ) ) ;
#2152 = DIRECTION ( 'NONE',  ( 1.000000000000000000, 0.000000000000000000, -1.807003620809177344E-16 ) ) ;
#2153 = DIRECTION ( 'NONE',  ( -0.000000000000000000, -1.000000000000000000, -0.000000000000000000 ) ) ;
#2154 = FACE_OUTER_BOUND ( 'NONE', #867, .T. ) ;
#2155 = CIRCLE ( 'NONE', #3687, 0.2999999999999999334 ) ;
#2156 = ORIENTED_EDGE ( 'NONE', *, *, #800, .F. ) ;
#2157 = PLANE ( 'NONE',  #1407 ) ;
#2158 = DIRECTION ( 'NONE',  ( -0.000000000000000000, -1.000000000000000000, -0.000000000000000000 ) ) ;
#2159 = ORIENTED_EDGE ( 'NONE', *, *, #2646, .T. ) ;
#2160 = VERTEX_POINT ( 'NONE', #1815 ) ;
#2161 = ORIENTED_EDGE ( 'NONE', *, *, #1753, .T. ) ;
#2162 = ORIENTED_EDGE ( 'NONE', *, *, #3072, .F. ) ;
#2163 = VECTOR ( 'NONE', #4100, 1000.000000000000000 ) ;
#2164 = DIRECTION ( 'NONE',  ( -0.000000000000000000, -1.000000000000000000, -0.000000000000000000 ) ) ;
#2165 = CIRCLE ( 'NONE', #3428, 0.2999999999999999334 ) ;
#2166 = VECTOR ( 'NONE', #372, 1000.000000000000000 ) ;
#2167 = AXIS2_PLACEMENT_3D ( 'NONE', #900, #2223, #4083 ) ;
#2168 = CARTESIAN_POINT ( 'NONE',  ( -9.000000000000007105, 25.00000000000000000, -1.300000000000002043 ) ) ;
#2169 = LINE ( 'NONE', #3439, #1418 ) ;
#2170 = EDGE_CURVE ( 'NONE', #2635, #2250, #1022, .T. ) ;
#2171 = UNCERTAINTY_MEASURE_WITH_UNIT (LENGTH_MEASURE( 1.000000000000000082E-05 ), #68, 'distance_accuracy_value', 'NONE');
#2172 = CIRCLE ( 'NONE', #2835, 0.4999999999999998890 ) ;
#2173 = DIRECTION ( 'NONE',  ( -0.000000000000000000, -1.000000000000000000, -0.000000000000000000 ) ) ;
#2174 = DIRECTION ( 'NONE',  ( 0.000000000000000000, 0.000000000000000000, 1.000000000000000000 ) ) ;
#2175 = DIRECTION ( 'NONE',  ( -1.000000000000000000, 0.000000000000000000, -9.856383386231916759E-17 ) ) ;
#2176 = CARTESIAN_POINT ( 'NONE',  ( -6.300000000000010481, 0.000000000000000000, -0.9999999999999995559 ) ) ;
#2177 = APPLICATION_PROTOCOL_DEFINITION ( 'draft international standard', 'automotive_design', 1998, #3780 ) ;
#2178 = ORIENTED_EDGE ( 'NONE', *, *, #2464, .T. ) ;
#2179 = CARTESIAN_POINT ( 'NONE',  ( -17.70000000000000639, 25.00000000000000000, 5.500000000000005329 ) ) ;
#2180 = CARTESIAN_POINT ( 'NONE',  ( -10.30000000000000959, 0.000000000000000000, -1.299999999999999600 ) ) ;
#2181 = ORIENTED_EDGE ( 'NONE', *, *, #3684, .T. ) ;
#2182 = AXIS2_PLACEMENT_3D ( 'NONE', #782, #3018, #145 ) ;
#2183 = EDGE_LOOP ( 'NONE', ( #2878, #1090, #2362, #1288 ) ) ;
#2184 = VERTEX_POINT ( 'NONE', #1176 ) ;
#2185 = CARTESIAN_POINT ( 'NONE',  ( -6.000000000000007994, 0.000000000000000000, -5.199999999999996625 ) ) ;
#2186 = EDGE_CURVE ( 'NONE', #114, #4006, #3295, .T. ) ;
#2187 = ORIENTED_EDGE ( 'NONE', *, *, #2094, .F. ) ;
#2188 = PRODUCT_DEFINITION ( 'UNKNOWN', '', #184, #193 ) ;
#2189 = DIRECTION ( 'NONE',  ( -7.228014483236656126E-16, 0.000000000000000000, 1.000000000000000000 ) ) ;
#2190 = CARTESIAN_POINT ( 'NONE',  ( -12.70000000000000639, 25.00000000000000000, -1.000000000000000000 ) ) ;
#2191 = VECTOR ( 'NONE', #362, 1000.000000000000000 ) ;
#2192 = CARTESIAN_POINT ( 'NONE',  ( -10.00000000000000888, 25.00000000000000000, 5.200000000000001066 ) ) ;
#2193 = PLANE ( 'NONE',  #3542 ) ;
#2194 = EDGE_CURVE ( 'NONE', #1813, #132, #3656, .T. ) ;
#2195 = EDGE_CURVE ( 'NONE', #1148, #3335, #3630, .T. ) ;
#2196 = LINE ( 'NONE', #555, #3102 ) ;
#2197 = CIRCLE ( 'NONE', #592, 0.2999999999999999334 ) ;
#2198 = DIRECTION ( 'NONE',  ( 0.000000000000000000, 0.000000000000000000, 1.000000000000000000 ) ) ;
#2199 = ORIENTED_EDGE ( 'NONE', *, *, #1074, .T. ) ;
#2200 = DIRECTION ( 'NONE',  ( -0.000000000000000000, -1.000000000000000000, -0.000000000000000000 ) ) ;
#2201 = CARTESIAN_POINT ( 'NONE',  ( -3.614007241618360604E-16, 0.000000000000000000, -2.000000000000003553 ) ) ;
#2202 = AXIS2_PLACEMENT_3D ( 'NONE', #3088, #3654, #791 ) ;
#2203 = ORIENTED_EDGE ( 'NONE', *, *, #2047, .F. ) ;
#2204 = CARTESIAN_POINT ( 'NONE',  ( -5.000000000000009770, 0.000000000000000000, -0.000000000000000000 ) ) ;
#2205 = EDGE_CURVE ( 'NONE', #865, #2184, #3323, .T. ) ;
#2206 = VERTEX_POINT ( 'NONE', #1747 ) ;
#2207 = CARTESIAN_POINT ( 'NONE',  ( 17.69999999999998508, 25.00000000000000000, 0.9500000000000046185 ) ) ;
#2208 = ORIENTED_EDGE ( 'NONE', *, *, #927, .F. ) ;
#2209 = EDGE_CURVE ( 'NONE', #1613, #208, #3010, .T. ) ;
#2210 = AXIS2_PLACEMENT_3D ( 'NONE', #4092, #1241, #2536 ) ;
#2211 = DIRECTION ( 'NONE',  ( -0.000000000000000000, -1.000000000000000000, -0.000000000000000000 ) ) ;
#2212 = CARTESIAN_POINT ( 'NONE',  ( 0.000000000000000000, 25.00000000000000000, 5.500000000000003553 ) ) ;
#2213 = EDGE_CURVE ( 'NONE', #3300, #3706, #3367, .T. ) ;
#2214 = LINE ( 'NONE', #1846, #1350 ) ;
#2215 = DIRECTION ( 'NONE',  ( 1.000000000000000000, 0.000000000000000000, -2.168404344971031745E-15 ) ) ;
#2216 = VECTOR ( 'NONE', #1891, 1000.000000000000000 ) ;
#2217 = DIRECTION ( 'NONE',  ( -0.000000000000000000, -1.000000000000000000, -0.000000000000000000 ) ) ;
#2218 = DIRECTION ( 'NONE',  ( -1.000000000000000000, 0.000000000000000000, 0.000000000000000000 ) ) ;
#2219 = EDGE_CURVE ( 'NONE', #385, #1634, #2101, .T. ) ;
#2220 = ORIENTED_EDGE ( 'NONE', *, *, #281, .T. ) ;
#2221 = EDGE_CURVE ( 'NONE', #628, #3637, #3448, .T. ) ;
#2222 = LINE ( 'NONE', #3467, #2216 ) ;
#2223 = DIRECTION ( 'NONE',  ( 0.000000000000000000, 1.000000000000000000, -0.000000000000000000 ) ) ;
#2224 = ORIENTED_EDGE ( 'NONE', *, *, #3519, .F. ) ;
#2225 = AXIS2_PLACEMENT_3D ( 'NONE', #2560, #714, #1343 ) ;
#2226 = DIRECTION ( 'NONE',  ( 0.000000000000000000, 0.000000000000000000, 1.000000000000000000 ) ) ;
#2227 = ORIENTED_EDGE ( 'NONE', *, *, #1937, .F. ) ;
#2228 = ADVANCED_FACE ( 'NONE', ( #4108 ), #1915, .F. ) ;
#2229 = FACE_OUTER_BOUND ( 'NONE', #3862, .T. ) ;
#2230 = EDGE_LOOP ( 'NONE', ( #3907, #3916, #2040, #3642 ) ) ;
#2231 =( LENGTH_UNIT ( ) NAMED_UNIT ( * ) SI_UNIT ( .MILLI., .METRE. ) );
#2232 = CARTESIAN_POINT ( 'NONE',  ( 9.299999999999986500, 0.000000000000000000, -5.200000000000001066 ) ) ;
#2233 = DIRECTION ( 'NONE',  ( -1.000000000000000000, 0.000000000000000000, -0.000000000000000000 ) ) ;
#2234 = AXIS2_PLACEMENT_3D ( 'NONE', #2851, #269, #1880 ) ;
#2235 = DIRECTION ( 'NONE',  ( 1.000000000000000000, 0.000000000000000000, 1.807003620809177344E-16 ) ) ;
#2236 = CARTESIAN_POINT ( 'NONE',  ( 13.29999999999998650, 25.00000000000000000, 5.200000000000002842 ) ) ;
#2237 = CIRCLE ( 'NONE', #78, 0.3000000000000007661 ) ;
#2238 = EDGE_CURVE ( 'NONE', #905, #1678, #560, .T. ) ;
#2239 = MECHANICAL_DESIGN_GEOMETRIC_PRESENTATION_REPRESENTATION (  '', ( #757 ), #2766 ) ;
#2240 = DIRECTION ( 'NONE',  ( 0.000000000000000000, 0.000000000000000000, -1.000000000000000000 ) ) ;
#2241 = CARTESIAN_POINT ( 'NONE',  ( 17.99999999999998934, 25.00000000000000000, -0.9500000000000033973 ) ) ;
#2242 = CLOSED_SHELL ( 'NONE', ( #15, #3867, #888, #4097 ) ) ;
#2243 = ORIENTED_EDGE ( 'NONE', *, *, #30, .F. ) ;
#2244 = DIRECTION ( 'NONE',  ( 0.000000000000000000, 0.000000000000000000, 1.000000000000000000 ) ) ;
#2245 = LINE ( 'NONE', #2201, #288 ) ;
#2246 = ORIENTED_EDGE ( 'NONE', *, *, #1385, .F. ) ;
#2247 = CARTESIAN_POINT ( 'NONE',  ( 9.699999999999986855, 0.000000000000000000, 5.500000000000002665 ) ) ;
#2248 = VERTEX_POINT ( 'NONE', #3179 ) ;
#2249 = CARTESIAN_POINT ( 'NONE',  ( 2.385244779468178543E-14, 25.00000000000000000, 5.500000000000078160 ) ) ;
#2250 = VERTEX_POINT ( 'NONE', #938 ) ;
#2251 = EDGE_CURVE ( 'NONE', #1613, #1876, #2109, .T. ) ;
#2252 = VECTOR ( 'NONE', #3191, 1000.000000000000000 ) ;
#2253 = EDGE_CURVE ( 'NONE', #2346, #1661, #3781, .T. ) ;
#2254 = LINE ( 'NONE', #2293, #2972 ) ;
#2255 = CARTESIAN_POINT ( 'NONE',  ( 6.406649201050683031E-17, 0.000000000000000000, -0.6499999999999995781 ) ) ;
#2256 = EDGE_CURVE ( 'NONE', #309, #4066, #2550, .T. ) ;
#2257 = CARTESIAN_POINT ( 'NONE',  ( -17.00000000000000711, 25.00000000000000000, 2.300000000000006040 ) ) ;
#2258 = DIRECTION ( 'NONE',  ( -0.000000000000000000, -1.000000000000000000, -0.000000000000000000 ) ) ;
#2259 = CARTESIAN_POINT ( 'NONE',  ( -9.000000000000007105, 25.00000000000000000, 1.000000000000003331 ) ) ;
#2260 = EDGE_CURVE ( 'NONE', #3786, #357, #1841, .T. ) ;
#2261 = ORIENTED_EDGE ( 'NONE', *, *, #1702, .T. ) ;
#2262 = DIRECTION ( 'NONE',  ( 0.000000000000000000, 0.000000000000000000, 1.000000000000000000 ) ) ;
#2263 = LINE ( 'NONE', #2917, #557 ) ;
#2264 = ADVANCED_FACE ( 'NONE', ( #1236 ), #583, .F. ) ;
#2265 = ORIENTED_EDGE ( 'NONE', *, *, #1476, .F. ) ;
#2266 = MECHANICAL_DESIGN_GEOMETRIC_PRESENTATION_REPRESENTATION (  '', ( #2333 ), #2858 ) ;
#2267 = DIRECTION ( 'NONE',  ( -1.000000000000000000, 0.000000000000000000, 0.000000000000000000 ) ) ;
#2268 = AXIS2_PLACEMENT_3D ( 'NONE', #1250, #3797, #3816 ) ;
#2269 = ORIENTED_EDGE ( 'NONE', *, *, #3597, .T. ) ;
#2270 = DIRECTION ( 'NONE',  ( 0.000000000000000000, 0.000000000000000000, -1.000000000000000000 ) ) ;
#2271 = ORIENTED_EDGE ( 'NONE', *, *, #1089, .T. ) ;
#2272 =( REPRESENTATION_RELATIONSHIP ('NONE','NONE', #1081, #1027 ) REPRESENTATION_RELATIONSHIP_WITH_TRANSFORMATION ( #3676 )SHAPE_REPRESENTATION_RELATIONSHIP( ) );
#2273 = VECTOR ( 'NONE', #2364, 1000.000000000000000 ) ;
#2274 = ADVANCED_FACE ( 'NONE', ( #282 ), #1576, .F. ) ;
#2275 = DIRECTION ( 'NONE',  ( -1.445602896647327084E-15, -0.000000000000000000, -1.000000000000000000 ) ) ;
#2276 = AXIS2_PLACEMENT_3D ( 'NONE', #608, #566, #967 ) ;
#2277 = DIRECTION ( 'NONE',  ( 0.000000000000000000, 0.000000000000000000, -1.000000000000000000 ) ) ;
#2278 = PRODUCT ( 'DISIPADOR_TO220_5P', 'DISIPADOR_TO220_5P', '', ( #1623 ) ) ;
#2279 = CARTESIAN_POINT ( 'NONE',  ( -13.30000000000000959, 25.00000000000000000, -5.500000000000000000 ) ) ;
#2280 = CYLINDRICAL_SURFACE ( 'NONE', #3635, 0.6500000000000027978 ) ;
#2281 = FACE_OUTER_BOUND ( 'NONE', #2627, .T. ) ;
#2282 = VERTEX_POINT ( 'NONE', #1852 ) ;
#2283 = AXIS2_PLACEMENT_3D ( 'NONE', #713, #2001, #1685 ) ;
#2284 = DIRECTION ( 'NONE',  ( 0.000000000000000000, 0.000000000000000000, -1.000000000000000000 ) ) ;
#2285 = CYLINDRICAL_SURFACE ( 'NONE', #691, 0.2999999999999999334 ) ;
#2286 = ORIENTED_EDGE ( 'NONE', *, *, #88, .F. ) ;
#2287 = VERTEX_POINT ( 'NONE', #260 ) ;
#2288 = DIRECTION ( 'NONE',  ( -0.000000000000000000, -1.000000000000000000, 0.000000000000000000 ) ) ;
#2289 = ORIENTED_EDGE ( 'NONE', *, *, #1511, .T. ) ;
#2290 = DIRECTION ( 'NONE',  ( -0.000000000000000000, -1.000000000000000000, 0.000000000000000000 ) ) ;
#2291 = ORIENTED_EDGE ( 'NONE', *, *, #291, .F. ) ;
#2292 = VECTOR ( 'NONE', #99, 1000.000000000000000 ) ;
#2293 = CARTESIAN_POINT ( 'NONE',  ( -17.30000000000001137, 25.00000000000000000, 5.500000000000005329 ) ) ;
#2294 = DIRECTION ( 'NONE',  ( 0.000000000000000000, 0.000000000000000000, -1.000000000000000000 ) ) ;
#2295 = AXIS2_PLACEMENT_3D ( 'NONE', #2032, #3002, #3379 ) ;
#2296 = CARTESIAN_POINT ( 'NONE',  ( -14.30000000000000959, 0.000000000000000000, 2.300000000000004263 ) ) ;
#2297 = CARTESIAN_POINT ( 'NONE',  ( -10.00000000000000888, 0.000000000000000000, 1.300000000000005151 ) ) ;
#2298 = EDGE_CURVE ( 'NONE', #1427, #1111, #2245, .T. ) ;
#2299 = CARTESIAN_POINT ( 'NONE',  ( 17.99999999999998934, 25.00000000000000000, 5.199999999999998401 ) ) ;
#2300 = EDGE_LOOP ( 'NONE', ( #3873, #852, #1700, #3007 ) ) ;
#2301 = VECTOR ( 'NONE', #1072, 1000.000000000000000 ) ;
#2302 = DIRECTION ( 'NONE',  ( -0.000000000000000000, -1.000000000000000000, 0.000000000000000000 ) ) ;
#2303 = DIRECTION ( 'NONE',  ( 0.000000000000000000, 0.000000000000000000, -1.000000000000000000 ) ) ;
#2304 = STYLED_ITEM ( 'NONE', ( #3248 ), #958 ) ;
#2305 = AXIS2_PLACEMENT_3D ( 'NONE', #3951, #3975, #1095 ) ;
#2306 = ORIENTED_EDGE ( 'NONE', *, *, #3658, .F. ) ;
#2307 = AXIS2_PLACEMENT_3D ( 'NONE', #2752, #2118, #787 ) ;
#2308 = DIRECTION ( 'NONE',  ( -0.000000000000000000, -1.000000000000000000, 0.000000000000000000 ) ) ;
#2309 = VECTOR ( 'NONE', #1805, 1000.000000000000000 ) ;
#2310 = ORIENTED_EDGE ( 'NONE', *, *, #1297, .F. ) ;
#2311 = CYLINDRICAL_SURFACE ( 'NONE', #553, 0.2999999999999999334 ) ;
#2312 = ORIENTED_EDGE ( 'NONE', *, *, #3190, .F. ) ;
#2313 = VECTOR ( 'NONE', #2772, 1000.000000000000000 ) ;
#2314 = FACE_OUTER_BOUND ( 'NONE', #155, .T. ) ;
#2315 = VECTOR ( 'NONE', #1073, 1000.000000000000000 ) ;
#2316 = ADVANCED_FACE ( 'NONE', ( #3199 ), #1556, .T. ) ;
#2317 = DIRECTION ( 'NONE',  ( 0.000000000000000000, 0.000000000000000000, -1.000000000000000000 ) ) ;
#2318 = CYLINDRICAL_SURFACE ( 'NONE', #146, 0.4999999999999998890 ) ;
#2319 = DIRECTION ( 'NONE',  ( 0.000000000000000000, 0.000000000000000000, 1.000000000000000000 ) ) ;
#2320 = ORIENTED_EDGE ( 'NONE', *, *, #1438, .F. ) ;
#2321 = FACE_OUTER_BOUND ( 'NONE', #3572, .T. ) ;
#2322 = CARTESIAN_POINT ( 'NONE',  ( -17.70000000000000995, 25.00000000000000000, 5.200000000000005507 ) ) ;
#2323 = EDGE_LOOP ( 'NONE', ( #148, #3927, #1099, #924 ) ) ;
#2324 = DIRECTION ( 'NONE',  ( 0.000000000000000000, 0.000000000000000000, 1.000000000000000000 ) ) ;
#2325 = CARTESIAN_POINT ( 'NONE',  ( 17.99999999999998934, 25.00000000000000000, 0.000000000000000000 ) ) ;
#2326 = ADVANCED_FACE ( 'NONE', ( #1615 ), #2843, .T. ) ;
#2327 = VERTEX_POINT ( 'NONE', #3468 ) ;
#2328 = FILL_AREA_STYLE ('',( #1658 ) ) ;
#2329 = ORIENTED_EDGE ( 'NONE', *, *, #1577, .F. ) ;
#2330 = LINE ( 'NONE', #2906, #688 ) ;
#2331 = CIRCLE ( 'NONE', #1938, 0.2999999999999999334 ) ;
#2332 = ORIENTED_EDGE ( 'NONE', *, *, #3415, .T. ) ;
#2333 = STYLED_ITEM ( 'NONE', ( #3114 ), #3236 ) ;
#2334 = VERTEX_POINT ( 'NONE', #4051 ) ;
#2335 = CARTESIAN_POINT ( 'NONE',  ( 9.999999999999987566, 25.00000000000000000, -1.300000000000001377 ) ) ;
#2336 = CARTESIAN_POINT ( 'NONE',  ( 0.000000000000000000, 11.00000000000000000, 0.000000000000000000 ) ) ;
#2337 = CARTESIAN_POINT ( 'NONE',  ( -16.70000000000000639, 0.000000000000000000, 2.000000000000003997 ) ) ;
#2338 = CARTESIAN_POINT ( 'NONE',  ( 0.000000000000000000, 0.000000000000000000, 0.000000000000000000 ) ) ;
#2339 = LINE ( 'NONE', #1306, #762 ) ;
#2340 = EDGE_CURVE ( 'NONE', #3576, #2327, #621, .T. ) ;
#2341 = CARTESIAN_POINT ( 'NONE',  ( -16.70000000000000639, 0.000000000000000000, -2.300000000000000266 ) ) ;
#2342 = EDGE_LOOP ( 'NONE', ( #2612, #2286, #1112, #1496 ) ) ;
#2343 = DIRECTION ( 'NONE',  ( -0.000000000000000000, -1.000000000000000000, -0.000000000000000000 ) ) ;
#2344 = DIRECTION ( 'NONE',  ( 0.000000000000000000, 0.000000000000000000, -1.000000000000000000 ) ) ;
#2345 = PRODUCT ( 'disipador', 'disipador', '', ( #2122 ) ) ;
#2346 = VERTEX_POINT ( 'NONE', #1594 ) ;
#2347 = DIRECTION ( 'NONE',  ( 0.000000000000000000, 0.000000000000000000, 1.000000000000000000 ) ) ;
#2348 = ADVANCED_FACE ( 'NONE', ( #4129 ), #880, .T. ) ;
#2349 = APPLICATION_CONTEXT ( 'automotive_design' ) ;
#2350 = ORIENTED_EDGE ( 'NONE', *, *, #3051, .T. ) ;
#2351 = LINE ( 'NONE', #432, #3886 ) ;
#2352 = ORIENTED_EDGE ( 'NONE', *, *, #1794, .F. ) ;
#2353 = EDGE_CURVE ( 'NONE', #1416, #1574, #241, .T. ) ;
#2354 = ORIENTED_EDGE ( 'NONE', *, *, #1563, .F. ) ;
#2355 = CARTESIAN_POINT ( 'NONE',  ( -17.00000000000000711, 25.00000000000000000, -5.199999999999996625 ) ) ;
#2356 = DIRECTION ( 'NONE',  ( 0.000000000000000000, 0.000000000000000000, 1.000000000000000000 ) ) ;
#2357 = VECTOR ( 'NONE', #2417, 1000.000000000000000 ) ;
#2358 = FACE_OUTER_BOUND ( 'NONE', #1153, .T. ) ;
#2359 = CARTESIAN_POINT ( 'NONE',  ( -18.00000000000001066, 25.00000000000000000, -0.9500000000000033973 ) ) ;
#2360 = DIRECTION ( 'NONE',  ( -0.000000000000000000, -1.000000000000000000, -0.000000000000000000 ) ) ;
#2361 = CARTESIAN_POINT ( 'NONE',  ( 17.99999999999998934, 25.00000000000000000, 0.000000000000000000 ) ) ;
#2362 = ORIENTED_EDGE ( 'NONE', *, *, #2195, .T. ) ;
#2363 = DIRECTION ( 'NONE',  ( -0.000000000000000000, -1.000000000000000000, -0.000000000000000000 ) ) ;
#2364 = DIRECTION ( 'NONE',  ( -0.000000000000000000, -1.000000000000000000, -0.000000000000000000 ) ) ;
#2365 = ORIENTED_EDGE ( 'NONE', *, *, #3372, .F. ) ;
#2366 = VECTOR ( 'NONE', #1009, 1000.000000000000000 ) ;
#2367 = ORIENTED_EDGE ( 'NONE', *, *, #2026, .T. ) ;
#2368 = VERTEX_POINT ( 'NONE', #1058 ) ;
#2369 = PRODUCT_DEFINITION ( 'UNKNOWN', '', #3858, #2052 ) ;
#2370 = DIRECTION ( 'NONE',  ( -1.000000000000000000, 0.000000000000000000, -1.807003620809177344E-16 ) ) ;
#2371 = AXIS2_PLACEMENT_3D ( 'NONE', #2665, #1734, #479 ) ;
#2372 = VERTEX_POINT ( 'NONE', #1992 ) ;
#2373 = VECTOR ( 'NONE', #20, 1000.000000000000000 ) ;
#2374 = DIRECTION ( 'NONE',  ( -1.000000000000000000, 0.000000000000000000, 0.000000000000000000 ) ) ;
#2375 = ORIENTED_EDGE ( 'NONE', *, *, #1424, .T. ) ;
#2376 = VECTOR ( 'NONE', #3918, 1000.000000000000000 ) ;
#2377 = ORIENTED_EDGE ( 'NONE', *, *, #678, .T. ) ;
#2378 = CIRCLE ( 'NONE', #2443, 0.2999999999999999334 ) ;
#2379 = EDGE_CURVE ( 'NONE', #473, #1111, #725, .T. ) ;
#2380 = EDGE_CURVE ( 'NONE', #2248, #1018, #26, .T. ) ;
#2381 = DIRECTION ( 'NONE',  ( 0.000000000000000000, 1.000000000000000000, 0.000000000000000000 ) ) ;
#2382 = CYLINDRICAL_SURFACE ( 'NONE', #689, 0.2999999999999999334 ) ;
#2383 = CARTESIAN_POINT ( 'NONE',  ( -15.50000000000000000, 25.00000000000000000, -0.6500000000000010214 ) ) ;
#2384 = FACE_OUTER_BOUND ( 'NONE', #2017, .T. ) ;
#2385 = LINE ( 'NONE', #125, #1780 ) ;
#2386 = VERTEX_POINT ( 'NONE', #404 ) ;
#2387 = DIRECTION ( 'NONE',  ( 0.000000000000000000, 0.000000000000000000, -1.000000000000000000 ) ) ;
#2388 = FACE_OUTER_BOUND ( 'NONE', #3968, .T. ) ;
#2389 = ORIENTED_EDGE ( 'NONE', *, *, #3818, .F. ) ;
#2390 = ORIENTED_EDGE ( 'NONE', *, *, #4000, .F. ) ;
#2391 = DIRECTION ( 'NONE',  ( 0.000000000000000000, 0.000000000000000000, 1.000000000000000000 ) ) ;
#2392 = ADVANCED_FACE ( 'NONE', ( #745 ), #3297, .T. ) ;
#2393 = ORIENTED_EDGE ( 'NONE', *, *, #2749, .F. ) ;
#2394 = CARTESIAN_POINT ( 'NONE',  ( 1.445602896647343453E-15, 18.00000000000000355, 1.000000000000011324 ) ) ;
#2395 = ORIENTED_EDGE ( 'NONE', *, *, #253, .T. ) ;
#2396 = ORIENTED_EDGE ( 'NONE', *, *, #2379, .T. ) ;
#2397 = ORIENTED_EDGE ( 'NONE', *, *, #2030, .T. ) ;
#2398 = CARTESIAN_POINT ( 'NONE',  ( 14.29999999999999005, 0.000000000000000000, 2.000000000000004441 ) ) ;
#2399 = CARTESIAN_POINT ( 'NONE',  ( 8.999999999999987566, 0.000000000000000000, -5.199999999999998401 ) ) ;
#2400 = EDGE_CURVE ( 'NONE', #4006, #504, #3531, .T. ) ;
#2401 = DIRECTION ( 'NONE',  ( -0.000000000000000000, -1.000000000000000000, -0.000000000000000000 ) ) ;
#2402 = FACE_OUTER_BOUND ( 'NONE', #3486, .T. ) ;
#2403 = CARTESIAN_POINT ( 'NONE',  ( -5.000000000000007994, 0.000000000000000000, -5.199999999999995737 ) ) ;
#2404 = ORIENTED_EDGE ( 'NONE', *, *, #253, .F. ) ;
#2405 = CARTESIAN_POINT ( 'NONE',  ( 0.000000000000000000, 0.000000000000000000, 5.500000000000003553 ) ) ;
#2406 = LINE ( 'NONE', #2424, #1198 ) ;
#2407 = ORIENTED_EDGE ( 'NONE', *, *, #1130, .F. ) ;
#2408 = DIRECTION ( 'NONE',  ( 0.000000000000000000, 1.000000000000000000, -0.000000000000000000 ) ) ;
#2409 =( LENGTH_UNIT ( ) NAMED_UNIT ( * ) SI_UNIT ( .MILLI., .METRE. ) );
#2410 = VECTOR ( 'NONE', #2555, 1000.000000000000000 ) ;
#2411 = ORIENTED_EDGE ( 'NONE', *, *, #1585, .F. ) ;
#2412 = VERTEX_POINT ( 'NONE', #2013 ) ;
#2413 = DIRECTION ( 'NONE',  ( 0.000000000000000000, 0.000000000000000000, -1.000000000000000000 ) ) ;
#2414 = EDGE_LOOP ( 'NONE', ( #258, #4091, #1762, #3673 ) ) ;
#2415 = ORIENTED_EDGE ( 'NONE', *, *, #1155, .T. ) ;
#2416 = EDGE_LOOP ( 'NONE', ( #523, #981, #2, #1499 ) ) ;
#2417 = DIRECTION ( 'NONE',  ( 1.000000000000000000, 0.000000000000000000, -9.856383386231826780E-17 ) ) ;
#2418 = DIRECTION ( 'NONE',  ( -9.856383386231828012E-17, 0.000000000000000000, -1.000000000000000000 ) ) ;
#2419 = CARTESIAN_POINT ( 'NONE',  ( 10.29999999999999005, 0.000000000000000000, -0.9999999999999993339 ) ) ;
#2420 = CIRCLE ( 'NONE', #3151, 0.2999999999999999334 ) ;
#2421 = CARTESIAN_POINT ( 'NONE',  ( -17.30000000000001137, 25.00000000000000000, 5.500000000000005329 ) ) ;
#2422 = DIRECTION ( 'NONE',  ( 0.000000000000000000, 0.000000000000000000, 1.000000000000000000 ) ) ;
#2423 = CARTESIAN_POINT ( 'NONE',  ( -18.00000000000001066, 0.000000000000000000, 0.000000000000000000 ) ) ;
#2424 = CARTESIAN_POINT ( 'NONE',  ( 6.406649201050716311E-17, 0.000000000000000000, 0.6500000000000030198 ) ) ;
#2425 = ORIENTED_EDGE ( 'NONE', *, *, #2102, .F. ) ;
#2426 = ADVANCED_FACE ( 'NONE', ( #380 ), #3571, .T. ) ;
#2427 = ORIENTED_EDGE ( 'NONE', *, *, #550, .T. ) ;
#2428 = SURFACE_STYLE_USAGE ( .BOTH. , #2755 ) ;
#2429 = CONTEXT_DEPENDENT_SHAPE_REPRESENTATION ( #2900, #1440 ) ;
#2430 = VERTEX_POINT ( 'NONE', #3612 ) ;
#2431 = CARTESIAN_POINT ( 'NONE',  ( 5.699999999999984190, 25.00000000000000000, -5.499999999999998224 ) ) ;
#2432 = LINE ( 'NONE', #2125, #2832 ) ;
#2433 = ORIENTED_EDGE ( 'NONE', *, *, #777, .T. ) ;
#2434 = CIRCLE ( 'NONE', #619, 0.2999999999999999334 ) ;
#2435 = VECTOR ( 'NONE', #1840, 1000.000000000000000 ) ;
#2436 = ORIENTED_EDGE ( 'NONE', *, *, #205, .T. ) ;
#2437 = ORIENTED_EDGE ( 'NONE', *, *, #1481, .T. ) ;
#2438 = CIRCLE ( 'NONE', #1430, 0.3000000000000007661 ) ;
#2439 = ORIENTED_EDGE ( 'NONE', *, *, #678, .F. ) ;
#2440 = DIRECTION ( 'NONE',  ( 1.000000000000000000, 0.000000000000000000, 0.000000000000000000 ) ) ;
#2441 = VECTOR ( 'NONE', #1632, 1000.000000000000000 ) ;
#2442 = DIRECTION ( 'NONE',  ( -0.000000000000000000, -1.000000000000000000, -0.000000000000000000 ) ) ;
#2443 = AXIS2_PLACEMENT_3D ( 'NONE', #807, #168, #1098 ) ;
#2444 = EDGE_CURVE ( 'NONE', #3514, #2206, #2630, .T. ) ;
#2445 = AXIS2_PLACEMENT_3D ( 'NONE', #1862, #297, #3192 ) ;
#2446 = DIRECTION ( 'NONE',  ( 0.000000000000000000, 0.000000000000000000, 1.000000000000000000 ) ) ;
#2447 = LINE ( 'NONE', #1120, #3894 ) ;
#2448 = LINE ( 'NONE', #2192, #3757 ) ;
#2449 = DIRECTION ( 'NONE',  ( 0.000000000000000000, 0.000000000000000000, 1.000000000000000000 ) ) ;
#2450 = ORIENTED_EDGE ( 'NONE', *, *, #1779, .F. ) ;
#2451 = VECTOR ( 'NONE', #3459, 1000.000000000000000 ) ;
#2452 = EDGE_LOOP ( 'NONE', ( #3424, #1180, #1257, #1451 ) ) ;
#2453 = SURFACE_STYLE_FILL_AREA ( #1764 ) ;
#2454 = EDGE_CURVE ( 'NONE', #3026, #1466, #2237, .T. ) ;
#2455 = ORIENTED_EDGE ( 'NONE', *, *, #3202, .F. ) ;
#2456 = EDGE_CURVE ( 'NONE', #2084, #31, #2033, .T. ) ;
#2457 = CYLINDRICAL_SURFACE ( 'NONE', #207, 0.2999999999999990452 ) ;
#2458 = FACE_OUTER_BOUND ( 'NONE', #239, .T. ) ;
#2459 = ORIENTED_EDGE ( 'NONE', *, *, #3806, .F. ) ;
#2460 = ORIENTED_EDGE ( 'NONE', *, *, #2646, .F. ) ;
#2461 = VECTOR ( 'NONE', #29, 1000.000000000000000 ) ;
#2462 = ORIENTED_EDGE ( 'NONE', *, *, #3019, .F. ) ;
#2463 = AXIS2_PLACEMENT_3D ( 'NONE', #449, #684, #3943 ) ;
#2464 = EDGE_CURVE ( 'NONE', #3838, #3300, #1332, .T. ) ;
#2465 = DIRECTION ( 'NONE',  ( -0.000000000000000000, -1.000000000000000000, -0.000000000000000000 ) ) ;
#2466 = DIRECTION ( 'NONE',  ( -0.000000000000000000, -1.000000000000000000, -0.000000000000000000 ) ) ;
#2467 = CARTESIAN_POINT ( 'NONE',  ( 13.99999999999998757, 25.00000000000000000, 0.000000000000000000 ) ) ;
#2468 = LINE ( 'NONE', #874, #2731 ) ;
#2469 = EDGE_CURVE ( 'NONE', #50, #3325, #1705, .T. ) ;
#2470 = DIRECTION ( 'NONE',  ( -0.000000000000000000, -1.000000000000000000, -0.000000000000000000 ) ) ;
#2471 = FACE_OUTER_BOUND ( 'NONE', #2674, .T. ) ;
#2472 = ORIENTED_EDGE ( 'NONE', *, *, #3539, .T. ) ;
#2473 = DIRECTION ( 'NONE',  ( -0.000000000000000000, -1.000000000000000000, 0.000000000000000000 ) ) ;
#2474 = CARTESIAN_POINT ( 'NONE',  ( 0.000000000000000000, 25.00000000000000000, -5.500000000000000888 ) ) ;
#2475 = ORIENTED_EDGE ( 'NONE', *, *, #769, .T. ) ;
#2476 = ORIENTED_EDGE ( 'NONE', *, *, #3909, .T. ) ;
#2477 = EDGE_LOOP ( 'NONE', ( #1039, #196, #748, #1939 ) ) ;
#2478 = EDGE_CURVE ( 'NONE', #1645, #247, #2263, .T. ) ;
#2479 = CIRCLE ( 'NONE', #2225, 0.2999999999999999334 ) ;
#2480 = LINE ( 'NONE', #572, #3443 ) ;
#2481 = LINE ( 'NONE', #595, #1369 ) ;
#2482 = DIRECTION ( 'NONE',  ( -0.000000000000000000, -1.000000000000000000, -0.000000000000000000 ) ) ;
#2483 = LINE ( 'NONE', #892, #3069 ) ;
#2484 = EDGE_CURVE ( 'NONE', #1259, #204, #2438, .T. ) ;
#2485 = CARTESIAN_POINT ( 'NONE',  ( 16.99999999999998579, 25.00000000000000000, -5.199999999999998401 ) ) ;
#2486 = CARTESIAN_POINT ( 'NONE',  ( -17.70000000000000639, 25.00000000000000000, -0.6500000000000012434 ) ) ;
#2487 = ADVANCED_FACE ( 'NONE', ( #3591 ), #3275, .F. ) ;
#2488 = VERTEX_POINT ( 'NONE', #3840 ) ;
#2489 = DIRECTION ( 'NONE',  ( 0.000000000000000000, 0.000000000000000000, -1.000000000000000000 ) ) ;
#2490 = CARTESIAN_POINT ( 'NONE',  ( 9.699999999999988631, 25.00000000000000000, 5.200000000000001954 ) ) ;
#2491 = EDGE_CURVE ( 'NONE', #2105, #247, #3829, .T. ) ;
#2492 = VERTEX_POINT ( 'NONE', #1312 ) ;
#2493 = VECTOR ( 'NONE', #2687, 1000.000000000000000 ) ;
#2494 = ORIENTED_EDGE ( 'NONE', *, *, #2529, .T. ) ;
#2495 = ORIENTED_EDGE ( 'NONE', *, *, #3658, .T. ) ;
#2496 = FACE_OUTER_BOUND ( 'NONE', #228, .T. ) ;
#2497 = ORIENTED_EDGE ( 'NONE', *, *, #3979, .F. ) ;
#2498 =( NAMED_UNIT ( * ) PLANE_ANGLE_UNIT ( ) SI_UNIT ( $, .RADIAN. ) );
#2499 = VECTOR ( 'NONE', #1043, 1000.000000000000000 ) ;
#2500 = EDGE_CURVE ( 'NONE', #522, #866, #87, .T. ) ;
#2501 = VECTOR ( 'NONE', #2442, 1000.000000000000000 ) ;
#2502 = ADVANCED_FACE ( 'NONE', ( #997 ), #2285, .F. ) ;
#2503 = VECTOR ( 'NONE', #643, 1000.000000000000000 ) ;
#2504 = DIRECTION ( 'NONE',  ( -0.000000000000000000, -1.000000000000000000, -0.000000000000000000 ) ) ;
#2505 = LINE ( 'NONE', #1282, #294 ) ;
#2506 = FACE_OUTER_BOUND ( 'NONE', #1317, .T. ) ;
#2507 = DIRECTION ( 'NONE',  ( 0.000000000000000000, 1.000000000000000000, -0.000000000000000000 ) ) ;
#2508 = DIRECTION ( 'NONE',  ( 0.000000000000000000, 0.000000000000000000, -1.000000000000000000 ) ) ;
#2509 = DIRECTION ( 'NONE',  ( -1.445602896647327084E-15, -0.000000000000000000, -1.000000000000000000 ) ) ;
#2510 = ORIENTED_EDGE ( 'NONE', *, *, #3697, .F. ) ;
#2511 = ADVANCED_BREP_SHAPE_REPRESENTATION ( '', ( #3236, #3034 ), #692 ) ;
#2512 = CARTESIAN_POINT ( 'NONE',  ( -6.000000000000007994, 25.00000000000000000, -1.300000000000001599 ) ) ;
#2513 = DIRECTION ( 'NONE',  ( -0.000000000000000000, -1.000000000000000000, -0.000000000000000000 ) ) ;
#2514 = ORIENTED_EDGE ( 'NONE', *, *, #3481, .F. ) ;
#2515 = ADVANCED_FACE ( 'NONE', ( #359 ), #810, .F. ) ;
#2516 = CARTESIAN_POINT ( 'NONE',  ( -15.50000000000000000, 25.00000000000000000, 1.898202538678397952E-15 ) ) ;
#2517 = CIRCLE ( 'NONE', #636, 0.2999999999999999334 ) ;
#2518 = EDGE_LOOP ( 'NONE', ( #2354, #1560, #3132, #1539 ) ) ;
#2519 = CARTESIAN_POINT ( 'NONE',  ( -10.00000000000000888, 25.00000000000000000, 0.000000000000000000 ) ) ;
#2520 = ORIENTED_EDGE ( 'NONE', *, *, #3390, .T. ) ;
#2521 = PLANE ( 'NONE',  #1160 ) ;
#2522 = DIRECTION ( 'NONE',  ( 1.000000000000000000, 0.000000000000000000, 7.228014483236693597E-16 ) ) ;
#2523 = ADVANCED_FACE ( 'NONE', ( #1739 ), #3960, .T. ) ;
#2524 = EDGE_CURVE ( 'NONE', #790, #136, #381, .T. ) ;
#2525 = CARTESIAN_POINT ( 'NONE',  ( -13.00000000000000888, 25.00000000000000000, 1.300000000000005596 ) ) ;
#2526 = DIRECTION ( 'NONE',  ( -0.000000000000000000, -1.000000000000000000, 0.000000000000000000 ) ) ;
#2527 = CARTESIAN_POINT ( 'NONE',  ( -14.00000000000000888, 0.000000000000000000, 0.000000000000000000 ) ) ;
#2528 = CARTESIAN_POINT ( 'NONE',  ( 14.29999999999998828, 25.00000000000000000, -2.300000000000000711 ) ) ;
#2529 = EDGE_CURVE ( 'NONE', #3070, #1642, #2141, .T. ) ;
#2530 = DIRECTION ( 'NONE',  ( 0.000000000000000000, 0.000000000000000000, 1.000000000000000000 ) ) ;
#2531 = EDGE_LOOP ( 'NONE', ( #3657, #2021, #1356, #1958 ) ) ;
#2532 = CARTESIAN_POINT ( 'NONE',  ( 17.29999999999999005, 0.000000000000000000, -5.200000000000001066 ) ) ;
#2533 = CARTESIAN_POINT ( 'NONE',  ( -17.00000000000000711, 25.00000000000000000, 0.000000000000000000 ) ) ;
#2534 = VECTOR ( 'NONE', #3914, 1000.000000000000000 ) ;
#2535 = EDGE_LOOP ( 'NONE', ( #2455, #1147, #536, #3321 ) ) ;
#2536 = DIRECTION ( 'NONE',  ( 0.000000000000000000, 0.000000000000000000, 1.000000000000000000 ) ) ;
#2537 = VERTEX_POINT ( 'NONE', #2688 ) ;
#2538 = CARTESIAN_POINT ( 'NONE',  ( 4.999999999999989342, 0.000000000000000000, -2.224004456380520227E-15 ) ) ;
#2539 = ORIENTED_EDGE ( 'NONE', *, *, #736, .F. ) ;
#2540 = VECTOR ( 'NONE', #615, 1000.000000000000000 ) ;
#2541 = CARTESIAN_POINT ( 'NONE',  ( 17.99999999999998934, 25.00000000000000000, 5.199999999999998401 ) ) ;
#2542 = DIRECTION ( 'NONE',  ( 0.000000000000000000, 0.000000000000000000, 1.000000000000000000 ) ) ;
#2543 = CARTESIAN_POINT ( 'NONE',  ( -9.000000000000007105, 0.000000000000000000, -5.199999999999998401 ) ) ;
#2544 = CARTESIAN_POINT ( 'NONE',  ( 17.69999999999998508, 25.00000000000000000, -0.9500000000000011768 ) ) ;
#2545 = CIRCLE ( 'NONE', #2149, 0.3000000000000007661 ) ;
#2546 = DIRECTION ( 'NONE',  ( -0.000000000000000000, -1.000000000000000000, -0.000000000000000000 ) ) ;
#2547 = LINE ( 'NONE', #935, #2660 ) ;
#2548 = ORIENTED_EDGE ( 'NONE', *, *, #88, .T. ) ;
#2549 = CARTESIAN_POINT ( 'NONE',  ( 5.299999999999990052, 0.000000000000000000, -5.499999999999998224 ) ) ;
#2550 = LINE ( 'NONE', #3820, #2632 ) ;
#2551 = EDGE_CURVE ( 'NONE', #2824, #2412, #1470, .T. ) ;
#2552 = EDGE_LOOP ( 'NONE', ( #1126, #3254, #2804, #3455 ) ) ;
#2553 = CARTESIAN_POINT ( 'NONE',  ( -17.30000000000001137, 25.00000000000000000, -5.199999999999998401 ) ) ;
#2554 = ORIENTED_EDGE ( 'NONE', *, *, #3834, .T. ) ;
#2555 = DIRECTION ( 'NONE',  ( -1.000000000000000000, 0.000000000000000000, 4.336808689942081634E-15 ) ) ;
#2556 = ORIENTED_EDGE ( 'NONE', *, *, #3959, .T. ) ;
#2557 = APPLICATION_CONTEXT ( 'automotive_design' ) ;
#2558 = VECTOR ( 'NONE', #194, 1000.000000000000000 ) ;
#2559 = VECTOR ( 'NONE', #3212, 1000.000000000000000 ) ;
#2560 = CARTESIAN_POINT ( 'NONE',  ( 13.29999999999998650, 0.000000000000000000, 5.200000000000002842 ) ) ;
#2561 = EDGE_CURVE ( 'NONE', #3466, #1425, #793, .T. ) ;
#2562 = AXIS2_PLACEMENT_3D ( 'NONE', #2338, #3691, #3664 ) ;
#2563 = CARTESIAN_POINT ( 'NONE',  ( -17.70000000000000639, 25.00000000000000000, -5.199999999999995737 ) ) ;
#2564 = AXIS2_PLACEMENT_3D ( 'NONE', #1408, #2681, #3016 ) ;
#2565 = EDGE_CURVE ( 'NONE', #4041, #385, #3400, .T. ) ;
#2566 = CARTESIAN_POINT ( 'NONE',  ( -7.228014483236726138E-16, 25.00000000000000000, 1.000000000000009770 ) ) ;
#2567 = AXIS2_PLACEMENT_3D ( 'NONE', #1934, #603, #3426 ) ;
#2568 = PLANE ( 'NONE',  #3898 ) ;
#2569 = ORIENTED_EDGE ( 'NONE', *, *, #3836, .F. ) ;
#2570 = DIRECTION ( 'NONE',  ( -0.000000000000000000, -1.000000000000000000, -0.000000000000000000 ) ) ;
#2571 = EDGE_LOOP ( 'NONE', ( #1004, #1240, #126, #1746 ) ) ;
#2572 = CARTESIAN_POINT ( 'NONE',  ( 8.699999999999985079, 0.000000000000000000, -1.000000000000000000 ) ) ;
#2573 = DIRECTION ( 'NONE',  ( 0.000000000000000000, 0.000000000000000000, 1.000000000000000000 ) ) ;
#2574 = VERTEX_POINT ( 'NONE', #3024 ) ;
#2575 = CARTESIAN_POINT ( 'NONE',  ( 0.000000000000000000, 0.000000000000000000, -0.4999999999999998890 ) ) ;
#2576 = ADVANCED_FACE ( 'NONE', ( #2388 ), #1079, .T. ) ;
#2577 = EDGE_CURVE ( 'NONE', #2719, #811, #1463, .T. ) ;
#2578 = ORIENTED_EDGE ( 'NONE', *, *, #2380, .T. ) ;
#2579 = FACE_OUTER_BOUND ( 'NONE', #1399, .T. ) ;
#2580 = ORIENTED_EDGE ( 'NONE', *, *, #2653, .F. ) ;
#2581 = AXIS2_PLACEMENT_3D ( 'NONE', #1321, #1302, #313 ) ;
#2582 =( LENGTH_UNIT ( ) NAMED_UNIT ( * ) SI_UNIT ( .MILLI., .METRE. ) );
#2583 = CARTESIAN_POINT ( 'NONE',  ( 10.29999999999998828, 0.000000000000000000, -1.299999999999999378 ) ) ;
#2584 = FACE_OUTER_BOUND ( 'NONE', #663, .T. ) ;
#2585 = DIRECTION ( 'NONE',  ( 0.000000000000000000, 0.000000000000000000, 1.000000000000000000 ) ) ;
#2586 = DIRECTION ( 'NONE',  ( 0.000000000000000000, 0.000000000000000000, -1.000000000000000000 ) ) ;
#2587 = DIRECTION ( 'NONE',  ( 0.000000000000000000, 0.000000000000000000, -1.000000000000000000 ) ) ;
#2588 = ORIENTED_EDGE ( 'NONE', *, *, #4080, .F. ) ;
#2589 = DIRECTION ( 'NONE',  ( -1.000000000000000000, 0.000000000000000000, 0.000000000000000000 ) ) ;
#2590 = CARTESIAN_POINT ( 'NONE',  ( -9.700000000000008171, 25.00000000000000000, 5.200000000000001954 ) ) ;
#2591 = ORIENTED_EDGE ( 'NONE', *, *, #4131, .T. ) ;
#2592 = DIRECTION ( 'NONE',  ( 0.000000000000000000, 0.000000000000000000, 1.000000000000000000 ) ) ;
#2593 = AXIS2_PLACEMENT_3D ( 'NONE', #1231, #2509, #1553 ) ;
#2594 = ORIENTED_EDGE ( 'NONE', *, *, #1638, .F. ) ;
#2595 = CARTESIAN_POINT ( 'NONE',  ( 9.699999999999986855, 0.000000000000000000, -5.500000000000000000 ) ) ;
#2596 = VERTEX_POINT ( 'NONE', #3717 ) ;
#2597 = SURFACE_STYLE_FILL_AREA ( #2640 ) ;
#2598 = EDGE_CURVE ( 'NONE', #1772, #1359, #150, .T. ) ;
#2599 = CARTESIAN_POINT ( 'NONE',  ( -17.30000000000001492, 25.00000000000000000, -5.499999999999999112 ) ) ;
#2600 = AXIS2_PLACEMENT_3D ( 'NONE', #2516, #943, #3450 ) ;
#2601 = DIRECTION ( 'NONE',  ( 0.000000000000000000, 0.000000000000000000, -1.000000000000000000 ) ) ;
#2602 = DIRECTION ( 'NONE',  ( 0.000000000000000000, 0.000000000000000000, 1.000000000000000000 ) ) ;
#2603 = DIRECTION ( 'NONE',  ( -0.000000000000000000, -1.000000000000000000, -0.000000000000000000 ) ) ;
#2604 = DIRECTION ( 'NONE',  ( 0.000000000000000000, 0.000000000000000000, 1.000000000000000000 ) ) ;
#2605 = ORIENTED_EDGE ( 'NONE', *, *, #1050, .T. ) ;
#2606 = AXIS2_PLACEMENT_3D ( 'NONE', #3116, #259, #1235 ) ;
#2607 = CARTESIAN_POINT ( 'NONE',  ( -13.70000000000000817, 25.00000000000000000, 5.500000000000003553 ) ) ;
#2608 = CARTESIAN_POINT ( 'NONE',  ( -13.30000000000000782, 25.00000000000000000, -5.200000000000000178 ) ) ;
#2609 = ORIENTED_EDGE ( 'NONE', *, *, #4115, .F. ) ;
#2610 = PRESENTATION_STYLE_ASSIGNMENT (( #2941 ) ) ;
#2611 = ADVANCED_FACE ( 'NONE', ( #3982 ), #855, .F. ) ;
#2612 = ORIENTED_EDGE ( 'NONE', *, *, #669, .F. ) ;
#2613 = EDGE_CURVE ( 'NONE', #3094, #208, #2406, .T. ) ;
#2614 = DIRECTION ( 'NONE',  ( -0.000000000000000000, -1.000000000000000000, -0.000000000000000000 ) ) ;
#2615 = ORIENTED_EDGE ( 'NONE', *, *, #3133, .T. ) ;
#2616 = VECTOR ( 'NONE', #3014, 1000.000000000000000 ) ;
#2617 = DIRECTION ( 'NONE',  ( 1.000000000000000000, 0.000000000000000000, 0.000000000000000000 ) ) ;
#2618 = CARTESIAN_POINT ( 'NONE',  ( -18.00000000000001066, 0.000000000000000000, 5.200000000000002842 ) ) ;
#2619 = LINE ( 'NONE', #2003, #67 ) ;
#2620 = CARTESIAN_POINT ( 'NONE',  ( 12.69999999999998508, 0.000000000000000000, 1.000000000000003553 ) ) ;
#2621 = EDGE_CURVE ( 'NONE', #3637, #3026, #511, .T. ) ;
#2622 = CARTESIAN_POINT ( 'NONE',  ( 16.69999999999998508, 25.00000000000000000, -2.000000000000000444 ) ) ;
#2623 = VERTEX_POINT ( 'NONE', #3068 ) ;
#2624 = AXIS2_PLACEMENT_3D ( 'NONE', #1792, #3704, #3075 ) ;
#2625 = DIRECTION ( 'NONE',  ( -0.000000000000000000, -1.000000000000000000, 0.000000000000000000 ) ) ;
#2626 = CARTESIAN_POINT ( 'NONE',  ( -1.445602896647314856E-15, 18.00000000000000355, -0.9999999999999915623 ) ) ;
#2627 = EDGE_LOOP ( 'NONE', ( #1797, #3493, #3431, #743 ) ) ;
#2628 = AXIS2_PLACEMENT_3D ( 'NONE', #225, #772, #2060 ) ;
#2629 = CARTESIAN_POINT ( 'NONE',  ( 12.99999999999998757, 0.000000000000000000, 0.000000000000000000 ) ) ;
#2630 = LINE ( 'NONE', #2325, #1908 ) ;
#2631 = EDGE_LOOP ( 'NONE', ( #606, #1383, #2966, #1060 ) ) ;
#2632 = VECTOR ( 'NONE', #3800, 1000.000000000000000 ) ;
#2633 = DIRECTION ( 'NONE',  ( -2.168404344971031745E-15, 0.000000000000000000, -1.000000000000000000 ) ) ;
#2634 = ORIENTED_EDGE ( 'NONE', *, *, #1089, .F. ) ;
#2635 = VERTEX_POINT ( 'NONE', #195 ) ;
#2636 = PLANE ( 'NONE',  #217 ) ;
#2637 = EDGE_CURVE ( 'NONE', #3322, #1828, #3537, .T. ) ;
#2638 = EDGE_LOOP ( 'NONE', ( #1673, #2588, #92, #921 ) ) ;
#2639 = AXIS2_PLACEMENT_3D ( 'NONE', #3460, #235, #2542 ) ;
#2640 = FILL_AREA_STYLE ('',( #34 ) ) ;
#2641 = CARTESIAN_POINT ( 'NONE',  ( 0.000000000000000000, 0.000000000000000000, 5.500000000000003553 ) ) ;
#2642 = EDGE_CURVE ( 'NONE', #3756, #3366, #2135, .T. ) ;
#2643 = CARTESIAN_POINT ( 'NONE',  ( -18.00000000000001066, 25.00000000000000000, 0.9500000000000068390 ) ) ;
#2644 = DIRECTION ( 'NONE',  ( -0.000000000000000000, -1.000000000000000000, -0.000000000000000000 ) ) ;
#2645 = PLANE ( 'NONE',  #13 ) ;
#2646 = EDGE_CURVE ( 'NONE', #329, #2372, #3940, .T. ) ;
#2647 = DIRECTION ( 'NONE',  ( 0.000000000000000000, 0.000000000000000000, 1.000000000000000000 ) ) ;
#2648 = DIRECTION ( 'NONE',  ( -0.000000000000000000, -1.000000000000000000, -0.000000000000000000 ) ) ;
#2649 = ORIENTED_EDGE ( 'NONE', *, *, #940, .F. ) ;
#2650 = FACE_OUTER_BOUND ( 'NONE', #3619, .T. ) ;
#2651 = DIRECTION ( 'NONE',  ( 0.000000000000000000, 0.000000000000000000, -1.000000000000000000 ) ) ;
#2652 = ORIENTED_EDGE ( 'NONE', *, *, #3979, .T. ) ;
#2653 = EDGE_CURVE ( 'NONE', #3071, #3026, #2055, .T. ) ;
#2654 = CARTESIAN_POINT ( 'NONE',  ( -13.30000000000000782, 0.000000000000000000, 5.200000000000002842 ) ) ;
#2655 = ORIENTED_EDGE ( 'NONE', *, *, #3608, .F. ) ;
#2656 = CYLINDRICAL_SURFACE ( 'NONE', #1021, 0.2999999999999999334 ) ;
#2657 = ORIENTED_EDGE ( 'NONE', *, *, #3834, .F. ) ;
#2658 = VERTEX_POINT ( 'NONE', #128 ) ;
#2659 = DIRECTION ( 'NONE',  ( 0.000000000000000000, 0.000000000000000000, -1.000000000000000000 ) ) ;
#2660 = VECTOR ( 'NONE', #2218, 1000.000000000000000 ) ;
#2661 = CARTESIAN_POINT ( 'NONE',  ( 13.69999999999998685, 25.00000000000000000, 5.500000000000003553 ) ) ;
#2662 = DIRECTION ( 'NONE',  ( 0.000000000000000000, 0.000000000000000000, 1.000000000000000000 ) ) ;
#2663 = ADVANCED_FACE ( 'NONE', ( #1189 ), #2193, .T. ) ;
#2664 = ADVANCED_FACE ( 'NONE', ( #1887 ), #3753, .F. ) ;
#2665 = CARTESIAN_POINT ( 'NONE',  ( 10.29999999999998828, 25.00000000000000000, -1.299999999999999378 ) ) ;
#2666 = FACE_OUTER_BOUND ( 'NONE', #1726, .T. ) ;
#2667 = DIRECTION ( 'NONE',  ( 0.000000000000000000, 0.000000000000000000, 1.000000000000000000 ) ) ;
#2668 = VERTEX_POINT ( 'NONE', #1528 ) ;
#2669 = DIRECTION ( 'NONE',  ( -0.000000000000000000, -1.000000000000000000, -0.000000000000000000 ) ) ;
#2670 = CARTESIAN_POINT ( 'NONE',  ( -12.70000000000000639, 25.00000000000000000, -1.000000000000000000 ) ) ;
#2671 = ORIENTED_EDGE ( 'NONE', *, *, #2221, .T. ) ;
#2672 = ORIENTED_EDGE ( 'NONE', *, *, #1714, .T. ) ;
#2673 = CARTESIAN_POINT ( 'NONE',  ( -1.192622389734071443E-14, 25.00000000000000000, -5.500000000000019540 ) ) ;
#2674 = EDGE_LOOP ( 'NONE', ( #503, #3039, #3345, #2161 ) ) ;
#2675 = EDGE_CURVE ( 'NONE', #132, #3161, #3463, .T. ) ;
#2676 = FACE_OUTER_BOUND ( 'NONE', #2518, .T. ) ;
#2677 = ORIENTED_EDGE ( 'NONE', *, *, #501, .T. ) ;
#2678 = CIRCLE ( 'NONE', #1137, 0.3000000000000007661 ) ;
#2679 = VERTEX_POINT ( 'NONE', #274 ) ;
#2680 = CARTESIAN_POINT ( 'NONE',  ( 17.69999999999998508, 25.00000000000000000, 5.500000000000000888 ) ) ;
#2681 = DIRECTION ( 'NONE',  ( 0.000000000000000000, 1.000000000000000000, 0.000000000000000000 ) ) ;
#2682 = DIRECTION ( 'NONE',  ( 1.000000000000000000, 0.000000000000000000, 0.000000000000000000 ) ) ;
#2683 = AXIS2_PLACEMENT_3D ( 'NONE', #3545, #673, #3604 ) ;
#2684 = LINE ( 'NONE', #1484, #2315 ) ;
#2685 = CARTESIAN_POINT ( 'NONE',  ( 4.999999999999988454, 0.000000000000000000, -0.9999999999999986677 ) ) ;
#2686 = ORIENTED_EDGE ( 'NONE', *, *, #529, .T. ) ;
#2687 = DIRECTION ( 'NONE',  ( 0.000000000000000000, 0.000000000000000000, -1.000000000000000000 ) ) ;
#2688 = CARTESIAN_POINT ( 'NONE',  ( -9.000000000000007105, 25.00000000000000000, -5.199999999999998401 ) ) ;
#2689 = CIRCLE ( 'NONE', #4019, 0.3000000000000007661 ) ;
#2690 = EDGE_LOOP ( 'NONE', ( #2495, #1143, #2365, #1616 ) ) ;
#2691 = ORIENTED_EDGE ( 'NONE', *, *, #3689, .T. ) ;
#2692 = CARTESIAN_POINT ( 'NONE',  ( 16.69999999999998508, 25.00000000000000000, -2.300000000000000266 ) ) ;
#2693 = EDGE_LOOP ( 'NONE', ( #2476, #1867, #699, #2717 ) ) ;
#2694 = ORIENTED_EDGE ( 'NONE', *, *, #1753, .F. ) ;
#2695 = VECTOR ( 'NONE', #101, 1000.000000000000000 ) ;
#2696 = CARTESIAN_POINT ( 'NONE',  ( -15.50000000000000000, 25.00000000000000000, 0.6500000000000045741 ) ) ;
#2697 = ORIENTED_EDGE ( 'NONE', *, *, #3133, .F. ) ;
#2698 = AXIS2_PLACEMENT_3D ( 'NONE', #2180, #4065, #2799 ) ;
#2699 = EDGE_LOOP ( 'NONE', ( #1893, #3966, #2985, #3727, #1171, #2982, #2007, #1878, #3610, #2459, #500, #3807, #1811, #160, #3953, #1413, #2554, #733, #3315, #3050, #1748, #1020, #766, #1154, #2520, #708, #1103, #3683, #2475, #3159, #2103, #2715, #3550, #2987, #3600, #1998, #2289, #3308, #1144, #3596, #3261, #3369, #3541, #3386, #3665, #4009, #4068, #771, #491, #3223, #2011, #3864, #2649, #2261, #2700, #1653, #3291, #229, #1872, #1104, #396, #2591, #161, #1254, #2671, #3217, #1360, #1557, #355, #3634, #3097, #4130, #2425, #1464, #367, #3649, #565, #3013, #502, #311, #884, #2332, #1237, #1330, #966, #1704, #4034, #2708, #72, #3052, #3037, #2494, #2375, #206, #4063, #1582, #2806, #4135, #2389, #1376, #4003, #1012, #2940, #322, #3237, #183, #2996, #918, #862, #1759, #726, #3842 ) ) ;
#2700 = ORIENTED_EDGE ( 'NONE', *, *, #2827, .F. ) ;
#2701 = DIRECTION ( 'NONE',  ( -0.000000000000000000, -1.000000000000000000, -0.000000000000000000 ) ) ;
#2702 = DIRECTION ( 'NONE',  ( 0.000000000000000000, 0.000000000000000000, 1.000000000000000000 ) ) ;
#2703 = CARTESIAN_POINT ( 'NONE',  ( -10.00000000000000888, 25.00000000000000000, -1.300000000000001599 ) ) ;
#2704 = ORIENTED_EDGE ( 'NONE', *, *, #715, .T. ) ;
#2705 = CARTESIAN_POINT ( 'NONE',  ( -17.30000000000001137, 25.00000000000000000, -5.199999999999998401 ) ) ;
#2706 = AXIS2_PLACEMENT_3D ( 'NONE', #3082, #1525, #4055 ) ;
#2707 = FACE_OUTER_BOUND ( 'NONE', #1618, .T. ) ;
#2708 = ORIENTED_EDGE ( 'NONE', *, *, #3301, .T. ) ;
#2709 = CARTESIAN_POINT ( 'NONE',  ( 13.29999999999998828, 25.00000000000000000, 5.500000000000003553 ) ) ;
#2710 = DIRECTION ( 'NONE',  ( 0.000000000000000000, 1.000000000000000000, -0.000000000000000000 ) ) ;
#2711 = ORIENTED_EDGE ( 'NONE', *, *, #434, .F. ) ;
#2712 = CARTESIAN_POINT ( 'NONE',  ( 14.29999999999998828, 0.000000000000000000, -2.300000000000000711 ) ) ;
#2713 =( NAMED_UNIT ( * ) SI_UNIT ( $, .STERADIAN. ) SOLID_ANGLE_UNIT ( ) );
#2714 = EDGE_CURVE ( 'NONE', #1056, #2430, #237, .T. ) ;
#2715 = ORIENTED_EDGE ( 'NONE', *, *, #2561, .F. ) ;
#2716 = CARTESIAN_POINT ( 'NONE',  ( -13.30000000000000782, 25.00000000000000000, -5.200000000000000178 ) ) ;
#2717 = ORIENTED_EDGE ( 'NONE', *, *, #2642, .T. ) ;
#2718 = CIRCLE ( 'NONE', #370, 0.3000000000000007661 ) ;
#2719 = VERTEX_POINT ( 'NONE', #2856 ) ;
#2720 = ORIENTED_EDGE ( 'NONE', *, *, #607, .F. ) ;
#2721 = DIRECTION ( 'NONE',  ( -1.445602896647327084E-15, 0.000000000000000000, -1.000000000000000000 ) ) ;
#2722 = LINE ( 'NONE', #1431, #2501 ) ;
#2723 = AXIS2_PLACEMENT_3D ( 'NONE', #3485, #640, #599 ) ;
#2724 = ADVANCED_FACE ( 'NONE', ( #1824 ), #2793, .F. ) ;
#2725 = CARTESIAN_POINT ( 'NONE',  ( 8.999999999999987566, 25.00000000000000000, 5.200000000000001066 ) ) ;
#2726 = CARTESIAN_POINT ( 'NONE',  ( -14.30000000000000959, 25.00000000000000000, 2.300000000000004263 ) ) ;
#2727 =( GEOMETRIC_REPRESENTATION_CONTEXT ( 3 ) GLOBAL_UNCERTAINTY_ASSIGNED_CONTEXT ( ( #1461 ) ) GLOBAL_UNIT_ASSIGNED_CONTEXT ( ( #2887, #390, #74 ) ) REPRESENTATION_CONTEXT ( 'NONE', 'WORKASPACE' ) );
#2728 = DIRECTION ( 'NONE',  ( 1.000000000000000000, 0.000000000000000000, -9.856383386231916759E-17 ) ) ;
#2729 = CARTESIAN_POINT ( 'NONE',  ( -1.807003620809174632E-16, 25.00000000000000000, -0.9999999999999985567 ) ) ;
#2730 = DIRECTION ( 'NONE',  ( 0.000000000000000000, 0.000000000000000000, 1.000000000000000000 ) ) ;
#2731 = VECTOR ( 'NONE', #2153, 1000.000000000000000 ) ;
#2732 = VERTEX_POINT ( 'NONE', #4059 ) ;
#2733 = CARTESIAN_POINT ( 'NONE',  ( 13.69999999999998685, 25.00000000000000000, 5.500000000000003553 ) ) ;
#2734 = ORIENTED_EDGE ( 'NONE', *, *, #1199, .T. ) ;
#2735 = DIRECTION ( 'NONE',  ( 1.000000000000000000, 0.000000000000000000, -2.710505431213765522E-16 ) ) ;
#2736 = CARTESIAN_POINT ( 'NONE',  ( -5.000000000000009770, 25.00000000000000000, -0.9999999999999983347 ) ) ;
#2737 = VERTEX_POINT ( 'NONE', #1209 ) ;
#2738 = EDGE_CURVE ( 'NONE', #388, #1828, #2483, .T. ) ;
#2739 = ORIENTED_EDGE ( 'NONE', *, *, #2529, .F. ) ;
#2740 = VERTEX_POINT ( 'NONE', #531 ) ;
#2741 = VECTOR ( 'NONE', #724, 1000.000000000000000 ) ;
#2742 = EDGE_LOOP ( 'NONE', ( #2079, #3340, #1990, #1825 ) ) ;
#2743 = FACE_OUTER_BOUND ( 'NONE', #1621, .T. ) ;
#2744 = CIRCLE ( 'NONE', #3412, 0.2999999999999999334 ) ;
#2745 = DIRECTION ( 'NONE',  ( 0.000000000000000000, 0.000000000000000000, 1.000000000000000000 ) ) ;
#2746 = CARTESIAN_POINT ( 'NONE',  ( 16.69999999999998508, 25.00000000000000000, -2.300000000000000266 ) ) ;
#2747 = AXIS2_PLACEMENT_3D ( 'NONE', #1157, #2440, #185 ) ;
#2748 = LINE ( 'NONE', #3998, #1304 ) ;
#2749 = EDGE_CURVE ( 'NONE', #2824, #2082, #3736, .T. ) ;
#2750 = CYLINDRICAL_SURFACE ( 'NONE', #1367, 0.2999999999999999334 ) ;
#2751 = CARTESIAN_POINT ( 'NONE',  ( -14.00000000000000888, 0.000000000000000000, -2.300000000000002931 ) ) ;
#2752 = CARTESIAN_POINT ( 'NONE',  ( 6.299999999999987388, 25.00000000000000000, -1.299999999999999600 ) ) ;
#2753 = ORIENTED_EDGE ( 'NONE', *, *, #1452, .F. ) ;
#2754 = DIRECTION ( 'NONE',  ( 0.000000000000000000, 0.000000000000000000, -1.000000000000000000 ) ) ;
#2755 = SURFACE_SIDE_STYLE ('',( #2453 ) ) ;
#2756 = ORIENTED_EDGE ( 'NONE', *, *, #514, .F. ) ;
#2757 = DIRECTION ( 'NONE',  ( -1.000000000000000000, 0.000000000000000000, -1.807003620809177344E-16 ) ) ;
#2758 = ADVANCED_FACE ( 'NONE', ( #1549 ), #1906, .T. ) ;
#2759 = CARTESIAN_POINT ( 'NONE',  ( 15.50000000000000000, 25.00000000000000000, -0.6500000000000010214 ) ) ;
#2760 = ORIENTED_EDGE ( 'NONE', *, *, #3077, .T. ) ;
#2761 = CIRCLE ( 'NONE', #3627, 0.2999999999999999334 ) ;
#2762 = ORIENTED_EDGE ( 'NONE', *, *, #1922, .T. ) ;
#2763 = ADVANCED_FACE ( 'NONE', ( #3794 ), #4077, .T. ) ;
#2764 = AXIS2_PLACEMENT_3D ( 'NONE', #2590, #3256, #2303 ) ;
#2765 = EDGE_LOOP ( 'NONE', ( #1750, #1335, #2350, #998 ) ) ;
#2766 =( GEOMETRIC_REPRESENTATION_CONTEXT ( 3 ) GLOBAL_UNCERTAINTY_ASSIGNED_CONTEXT ( ( #3751 ) ) GLOBAL_UNIT_ASSIGNED_CONTEXT ( ( #3768, #3188, #1262 ) ) REPRESENTATION_CONTEXT ( 'NONE', 'WORKASPACE' ) );
#2767 = CIRCLE ( 'NONE', #968, 0.2999999999999999334 ) ;
#2768 = LINE ( 'NONE', #4038, #894 ) ;
#2769 = EDGE_CURVE ( 'NONE', #1293, #2866, #1740, .T. ) ;
#2770 = AXIS2_PLACEMENT_3D ( 'NONE', #3107, #3832, #2872 ) ;
#2771 = LINE ( 'NONE', #270, #1179 ) ;
#2772 = DIRECTION ( 'NONE',  ( -0.000000000000000000, -1.000000000000000000, -0.000000000000000000 ) ) ;
#2773 = CARTESIAN_POINT ( 'NONE',  ( -15.50000000000000000, 25.00000000000000000, 0.6500000000000045741 ) ) ;
#2774 = CARTESIAN_POINT ( 'NONE',  ( 14.29999999999999005, 25.00000000000000000, -2.000000000000000888 ) ) ;
#2775 = VECTOR ( 'NONE', #1005, 1000.000000000000000 ) ;
#2776 = DIRECTION ( 'NONE',  ( 1.000000000000000000, 0.000000000000000000, 0.000000000000000000 ) ) ;
#2777 = VERTEX_POINT ( 'NONE', #3774 ) ;
#2778 = DIRECTION ( 'NONE',  ( 0.000000000000000000, 0.000000000000000000, -1.000000000000000000 ) ) ;
#2779 = DIRECTION ( 'NONE',  ( -0.000000000000000000, -1.000000000000000000, 0.000000000000000000 ) ) ;
#2780 = EDGE_CURVE ( 'NONE', #431, #3778, #1248, .T. ) ;
#2781 = VERTEX_POINT ( 'NONE', #933 ) ;
#2782 = VERTEX_POINT ( 'NONE', #1589 ) ;
#2783 = ORIENTED_EDGE ( 'NONE', *, *, #3339, .F. ) ;
#2784 = AXIS2_PLACEMENT_3D ( 'NONE', #2673, #2633, #3277 ) ;
#2785 = ORIENTED_EDGE ( 'NONE', *, *, #2780, .F. ) ;
#2786 = CARTESIAN_POINT ( 'NONE',  ( 0.000000000000000000, 0.000000000000000000, -5.500000000000000000 ) ) ;
#2787 = DIRECTION ( 'NONE',  ( 0.000000000000000000, 0.000000000000000000, -1.000000000000000000 ) ) ;
#2788 = ADVANCED_FACE ( 'NONE', ( #1266 ), #954, .T. ) ;
#2789 = DIRECTION ( 'NONE',  ( 1.000000000000000000, 0.000000000000000000, 9.856383386231826780E-17 ) ) ;
#2790 = CIRCLE ( 'NONE', #3326, 0.2999999999999999334 ) ;
#2791 = PRODUCT_DEFINITION ( 'UNKNOWN', '', #3200, #3046 ) ;
#2792 = DIRECTION ( 'NONE',  ( -1.000000000000000000, 0.000000000000000000, 1.445602896647327084E-15 ) ) ;
#2793 = PLANE ( 'NONE',  #1325 ) ;
#2794 = VECTOR ( 'NONE', #1439, 1000.000000000000000 ) ;
#2795 = CYLINDRICAL_SURFACE ( 'NONE', #1644, 0.3000000000000007661 ) ;
#2796 = FACE_OUTER_BOUND ( 'NONE', #2699, .T. ) ;
#2797 = ORIENTED_EDGE ( 'NONE', *, *, #401, .F. ) ;
#2798 = CARTESIAN_POINT ( 'NONE',  ( 12.99999999999998757, 25.00000000000000000, -5.199999999999998401 ) ) ;
#2799 = DIRECTION ( 'NONE',  ( 1.734723475976807410E-14, 0.000000000000000000, 1.000000000000000000 ) ) ;
#2800 = ORIENTED_EDGE ( 'NONE', *, *, #291, .T. ) ;
#2801 = AXIS2_PLACEMENT_3D ( 'NONE', #1277, #1619, #590 ) ;
#2802 = EDGE_CURVE ( 'NONE', #3382, #3961, #1509, .T. ) ;
#2803 = ORIENTED_EDGE ( 'NONE', *, *, #308, .T. ) ;
#2804 = ORIENTED_EDGE ( 'NONE', *, *, #3772, .F. ) ;
#2805 = LINE ( 'NONE', #1220, #799 ) ;
#2806 = ORIENTED_EDGE ( 'NONE', *, *, #2979, .F. ) ;
#2807 = LINE ( 'NONE', #593, #3497 ) ;
#2808 = EDGE_CURVE ( 'NONE', #4011, #2057, #2468, .T. ) ;
#2809 = LINE ( 'NONE', #4073, #2847 ) ;
#2810 = VERTEX_POINT ( 'NONE', #3421 ) ;
#2811 = CARTESIAN_POINT ( 'NONE',  ( -14.00000000000000888, 0.000000000000000000, 5.200000000000001066 ) ) ;
#2812 = PLANE ( 'NONE',  #478 ) ;
#2813 = DIRECTION ( 'NONE',  ( -2.710505431213765522E-16, 0.000000000000000000, 1.000000000000000000 ) ) ;
#2814 = CARTESIAN_POINT ( 'NONE',  ( 13.29999999999998828, 0.000000000000000000, 5.500000000000003553 ) ) ;
#2815 = CARTESIAN_POINT ( 'NONE',  ( 12.99999999999998757, 0.000000000000000000, -0.000000000000000000 ) ) ;
#2816 = ORIENTED_EDGE ( 'NONE', *, *, #567, .T. ) ;
#2817 = CARTESIAN_POINT ( 'NONE',  ( -9.000000000000007105, 25.00000000000000000, 5.200000000000001066 ) ) ;
#2818 = DIRECTION ( 'NONE',  ( -1.000000000000000000, 0.000000000000000000, 0.000000000000000000 ) ) ;
#2819 = AXIS2_PLACEMENT_3D ( 'NONE', #2117, #2343, #1437 ) ;
#2820 = ORIENTED_EDGE ( 'NONE', *, *, #1246, .T. ) ;
#2821 = DIRECTION ( 'NONE',  ( 1.000000000000000000, 0.000000000000000000, -0.000000000000000000 ) ) ;
#2822 = VECTOR ( 'NONE', #3631, 1000.000000000000000 ) ;
#2823 = VERTEX_POINT ( 'NONE', #1928 ) ;
#2824 = VERTEX_POINT ( 'NONE', #3194 ) ;
#2825 = PLANE ( 'NONE',  #2801 ) ;
#2826 = VERTEX_POINT ( 'NONE', #317 ) ;
#2827 = EDGE_CURVE ( 'NONE', #3706, #1201, #3504, .T. ) ;
#2828 = ADVANCED_FACE ( 'NONE', ( #2229 ), #3826, .T. ) ;
#2829 = DIRECTION ( 'NONE',  ( 0.000000000000000000, 0.000000000000000000, -1.000000000000000000 ) ) ;
#2830 = AXIS2_PLACEMENT_3D ( 'NONE', #3169, #3750, #3810 ) ;
#2831 = EDGE_CURVE ( 'NONE', #2184, #3721, #1920, .T. ) ;
#2832 = VECTOR ( 'NONE', #3388, 1000.000000000000000 ) ;
#2833 = FACE_OUTER_BOUND ( 'NONE', #604, .T. ) ;
#2834 = DIRECTION ( 'NONE',  ( -0.000000000000000000, -1.000000000000000000, -0.000000000000000000 ) ) ;
#2835 = AXIS2_PLACEMENT_3D ( 'NONE', #4045, #3796, #3814 ) ;
#2836 = DIRECTION ( 'NONE',  ( 0.000000000000000000, 0.000000000000000000, 1.000000000000000000 ) ) ;
#2837 = DIRECTION ( 'NONE',  ( 0.000000000000000000, 0.000000000000000000, 1.000000000000000000 ) ) ;
#2838 = AXIS2_PLACEMENT_3D ( 'NONE', #1587, #4099, #3770 ) ;
#2839 = CARTESIAN_POINT ( 'NONE',  ( 9.999999999999987566, 25.00000000000000000, 1.300000000000004929 ) ) ;
#2840 = LINE ( 'NONE', #3755, #1870 ) ;
#2841 = ORIENTED_EDGE ( 'NONE', *, *, #1795, .T. ) ;
#2842 = FACE_OUTER_BOUND ( 'NONE', #1193, .T. ) ;
#2843 = CYLINDRICAL_SURFACE ( 'NONE', #4093, 0.2999999999999999334 ) ;
#2844 = ORIENTED_EDGE ( 'NONE', *, *, #3762, .F. ) ;
#2845 = DIRECTION ( 'NONE',  ( -1.000000000000000000, 0.000000000000000000, 2.168404344971031351E-15 ) ) ;
#2846 = EDGE_CURVE ( 'NONE', #3071, #2492, #47, .T. ) ;
#2847 = VECTOR ( 'NONE', #2504, 1000.000000000000000 ) ;
#2848 = ORIENTED_EDGE ( 'NONE', *, *, #4096, .T. ) ;
#2849 = DIRECTION ( 'NONE',  ( 0.000000000000000000, 0.000000000000000000, -1.000000000000000000 ) ) ;
#2850 = ORIENTED_EDGE ( 'NONE', *, *, #3539, .F. ) ;
#2851 = CARTESIAN_POINT ( 'NONE',  ( -16.70000000000000639, 25.00000000000000000, -2.300000000000000266 ) ) ;
#2852 = CARTESIAN_POINT ( 'NONE',  ( -17.70000000000000639, 25.00000000000000000, 0.9500000000000046185 ) ) ;
#2853 = DIRECTION ( 'NONE',  ( 0.000000000000000000, 0.000000000000000000, 1.000000000000000000 ) ) ;
#2854 = ADVANCED_FACE ( 'NONE', ( #925 ), #1877, .F. ) ;
#2855 = DIRECTION ( 'NONE',  ( -0.000000000000000000, -1.000000000000000000, -0.000000000000000000 ) ) ;
#2856 = CARTESIAN_POINT ( 'NONE',  ( 9.299999999999988276, 25.00000000000000000, -5.500000000000000888 ) ) ;
#2857 = CARTESIAN_POINT ( 'NONE',  ( 1.500000000000002220, 18.00000000000000355, 1.000000000000012434 ) ) ;
#2858 =( GEOMETRIC_REPRESENTATION_CONTEXT ( 3 ) GLOBAL_UNCERTAINTY_ASSIGNED_CONTEXT ( ( #1806 ) ) GLOBAL_UNIT_ASSIGNED_CONTEXT ( ( #2409, #857, #2713 ) ) REPRESENTATION_CONTEXT ( 'NONE', 'WORKASPACE' ) );
#2859 = DIRECTION ( 'NONE',  ( -0.000000000000000000, -1.000000000000000000, -0.000000000000000000 ) ) ;
#2860 = ORIENTED_EDGE ( 'NONE', *, *, #3019, .T. ) ;
#2861 = CARTESIAN_POINT ( 'NONE',  ( -17.70000000000000639, 0.000000000000000000, 5.500000000000005329 ) ) ;
#2862 = DIRECTION ( 'NONE',  ( 6.505213034913122056E-15, -0.000000000000000000, 1.000000000000000000 ) ) ;
#2863 = CIRCLE ( 'NONE', #1053, 0.2999999999999990452 ) ;
#2864 = ORIENTED_EDGE ( 'NONE', *, *, #2577, .T. ) ;
#2865 = DIRECTION ( 'NONE',  ( 0.000000000000000000, 1.000000000000000000, -0.000000000000000000 ) ) ;
#2866 = VERTEX_POINT ( 'NONE', #1298 ) ;
#2867 = DIRECTION ( 'NONE',  ( -0.000000000000000000, -1.000000000000000000, -0.000000000000000000 ) ) ;
#2868 = VERTEX_POINT ( 'NONE', #984 ) ;
#2869 = VECTOR ( 'NONE', #3172, 1000.000000000000000 ) ;
#2870 = EDGE_CURVE ( 'NONE', #2327, #158, #2075, .T. ) ;
#2871 = FACE_OUTER_BOUND ( 'NONE', #3617, .T. ) ;
#2872 = DIRECTION ( 'NONE',  ( 0.000000000000000000, 0.000000000000000000, 1.000000000000000000 ) ) ;
#2873 = LINE ( 'NONE', #2622, #1839 ) ;
#2874 = VECTOR ( 'NONE', #240, 1000.000000000000000 ) ;
#2875 = ADVANCED_FACE ( 'NONE', ( #2496 ), #3765, .T. ) ;
#2876 = CARTESIAN_POINT ( 'NONE',  ( -18.00000000000001066, 25.00000000000000000, 0.000000000000000000 ) ) ;
#2877 = CARTESIAN_POINT ( 'NONE',  ( -16.70000000000000639, 25.00000000000000000, -2.000000000000000444 ) ) ;
#2878 = ORIENTED_EDGE ( 'NONE', *, *, #1261, .F. ) ;
#2879 = CARTESIAN_POINT ( 'NONE',  ( 13.69999999999998863, 25.00000000000000000, 5.200000000000002842 ) ) ;
#2880 = CARTESIAN_POINT ( 'NONE',  ( -14.30000000000001137, 25.00000000000000000, -2.000000000000000888 ) ) ;
#2881 = EDGE_LOOP ( 'NONE', ( #3243, #1790, #2734, #2159 ) ) ;
#2882 = LINE ( 'NONE', #1617, #3454 ) ;
#2883 = ORIENTED_EDGE ( 'NONE', *, *, #2026, .F. ) ;
#2884 = CARTESIAN_POINT ( 'NONE',  ( 17.69999999999998508, 0.000000000000000000, -0.6500000000000012434 ) ) ;
#2885 = VERTEX_POINT ( 'NONE', #2884 ) ;
#2886 = VECTOR ( 'NONE', #1223, 1000.000000000000000 ) ;
#2887 =( LENGTH_UNIT ( ) NAMED_UNIT ( * ) SI_UNIT ( .MILLI., .METRE. ) );
#2888 = VECTOR ( 'NONE', #3735, 1000.000000000000000 ) ;
#2889 = DIRECTION ( 'NONE',  ( -0.000000000000000000, -1.000000000000000000, -0.000000000000000000 ) ) ;
#2890 = VECTOR ( 'NONE', #2401, 1000.000000000000000 ) ;
#2891 = CARTESIAN_POINT ( 'NONE',  ( 1.192622389734066395E-14, 25.00000000000000000, -5.500000000000020428 ) ) ;
#2892 = VECTOR ( 'NONE', #2130, 1000.000000000000000 ) ;
#2893 = CARTESIAN_POINT ( 'NONE',  ( 0.000000000000000000, 25.00000000000000000, -5.500000000000000888 ) ) ;
#2894 = VECTOR ( 'NONE', #3093, 1000.000000000000000 ) ;
#2895 = CARTESIAN_POINT ( 'NONE',  ( 17.69999999999998508, 25.00000000000000000, -0.6500000000000012434 ) ) ;
#2896 = FACE_OUTER_BOUND ( 'NONE', #558, .T. ) ;
#2897 = VECTOR ( 'NONE', #3271, 1000.000000000000000 ) ;
#2898 = ORIENTED_EDGE ( 'NONE', *, *, #3803, .F. ) ;
#2899 = CARTESIAN_POINT ( 'NONE',  ( 12.69999999999998685, 25.00000000000000000, 1.300000000000003375 ) ) ;
#2900 =( REPRESENTATION_RELATIONSHIP ('NONE','NONE', #1081, #1027 ) REPRESENTATION_RELATIONSHIP_WITH_TRANSFORMATION ( #877 )SHAPE_REPRESENTATION_RELATIONSHIP( ) );
#2901 = DIRECTION ( 'NONE',  ( 0.000000000000000000, 0.000000000000000000, -1.000000000000000000 ) ) ;
#2902 = ORIENTED_EDGE ( 'NONE', *, *, #3391, .F. ) ;
#2903 = PLANE ( 'NONE',  #1657 ) ;
#2904 = VERTEX_POINT ( 'NONE', #648 ) ;
#2905 = EDGE_CURVE ( 'NONE', #901, #1680, #384, .T. ) ;
#2906 = CARTESIAN_POINT ( 'NONE',  ( -9.000000000000007105, 25.00000000000000000, -5.199999999999998401 ) ) ;
#2907 = ORIENTED_EDGE ( 'NONE', *, *, #2994, .T. ) ;
#2908 = VECTOR ( 'NONE', #2977, 1000.000000000000000 ) ;
#2909 = CARTESIAN_POINT ( 'NONE',  ( 8.999999999999987566, 25.00000000000000000, 0.000000000000000000 ) ) ;
#2910 = CARTESIAN_POINT ( 'NONE',  ( -12.70000000000000817, 25.00000000000000000, 1.300000000000003375 ) ) ;
#2911 = LINE ( 'NONE', #1346, #2559 ) ;
#2912 = DIRECTION ( 'NONE',  ( 1.000000000000000000, 0.000000000000000000, 1.807003620809177344E-16 ) ) ;
#2913 = EDGE_CURVE ( 'NONE', #24, #3859, #3205, .T. ) ;
#2914 = CARTESIAN_POINT ( 'NONE',  ( -1.192622389734072232E-14, 0.000000000000000000, 5.500000000000023093 ) ) ;
#2915 = ORIENTED_EDGE ( 'NONE', *, *, #2205, .F. ) ;
#2916 = CARTESIAN_POINT ( 'NONE',  ( 9.699999999999988631, 25.00000000000000000, 5.200000000000001954 ) ) ;
#2917 = CARTESIAN_POINT ( 'NONE',  ( -10.00000000000000888, 25.00000000000000000, 1.300000000000005151 ) ) ;
#2918 = ORIENTED_EDGE ( 'NONE', *, *, #3112, .T. ) ;
#2919 = LINE ( 'NONE', #3574, #1118 ) ;
#2920 = AXIS2_PLACEMENT_3D ( 'NONE', #1146, #1513, #1192 ) ;
#2921 = ORIENTED_EDGE ( 'NONE', *, *, #2186, .T. ) ;
#2922 = CARTESIAN_POINT ( 'NONE',  ( 17.69999999999998508, 25.00000000000000000, 5.500000000000000888 ) ) ;
#2923 = ORIENTED_EDGE ( 'NONE', *, *, #1895, .T. ) ;
#2924 = ADVANCED_FACE ( 'NONE', ( #328, #1857 ), #2825, .T. ) ;
#2925 = EDGE_CURVE ( 'NONE', #1125, #3920, #3184, .T. ) ;
#2926 =( NAMED_UNIT ( * ) SI_UNIT ( $, .STERADIAN. ) SOLID_ANGLE_UNIT ( ) );
#2927 = CARTESIAN_POINT ( 'NONE',  ( 8.699999999999986855, 25.00000000000000000, -1.300000000000000044 ) ) ;
#2928 = AXIS2_PLACEMENT_3D ( 'NONE', #3785, #4069, #945 ) ;
#2929 = DIRECTION ( 'NONE',  ( 0.000000000000000000, 0.000000000000000000, 1.000000000000000000 ) ) ;
#2930 = DIRECTION ( 'NONE',  ( 0.000000000000000000, 0.000000000000000000, -1.000000000000000000 ) ) ;
#2931 = EDGE_CURVE ( 'NONE', #96, #1001, #3160, .T. ) ;
#2932 = LINE ( 'NONE', #2257, #142 ) ;
#2933 = DIRECTION ( 'NONE',  ( 0.000000000000000000, 0.000000000000000000, 1.000000000000000000 ) ) ;
#2934 = DIRECTION ( 'NONE',  ( -0.000000000000000000, -1.000000000000000000, 0.000000000000000000 ) ) ;
#2935 = EDGE_CURVE ( 'NONE', #859, #1961, #4134, .T. ) ;
#2936 = ORIENTED_EDGE ( 'NONE', *, *, #1340, .T. ) ;
#2937 = AXIS2_PLACEMENT_3D ( 'NONE', #3405, #2200, #2489 ) ;
#2938 = FACE_OUTER_BOUND ( 'NONE', #3986, .T. ) ;
#2939 = CARTESIAN_POINT ( 'NONE',  ( -17.00000000000000711, 25.00000000000000000, 5.200000000000001954 ) ) ;
#2940 = ORIENTED_EDGE ( 'NONE', *, *, #281, .F. ) ;
#2941 = SURFACE_STYLE_USAGE ( .BOTH. , #1334 ) ;
#2942 = ADVANCED_FACE ( 'NONE', ( #2579 ), #246, .T. ) ;
#2943 = ORIENTED_EDGE ( 'NONE', *, *, #434, .T. ) ;
#2944 = CARTESIAN_POINT ( 'NONE',  ( 1.500000000000035083, 18.00000000000000355, 24.00000000000000711 ) ) ;
#2945 = AXIS2_PLACEMENT_3D ( 'NONE', #456, #3307, #505 ) ;
#2946 = ORIENTED_EDGE ( 'NONE', *, *, #3521, .T. ) ;
#2947 = LINE ( 'NONE', #2641, #1483 ) ;
#2948 = EDGE_CURVE ( 'NONE', #2823, #3056, #3845, .T. ) ;
#2949 = CARTESIAN_POINT ( 'NONE',  ( 3.469446951953586421E-14, 18.00000000000000355, 24.00000000000001066 ) ) ;
#2950 = LINE ( 'NONE', #79, #1626 ) ;
#2951 = EDGE_CURVE ( 'NONE', #3846, #2668, #2805, .T. ) ;
#2952 = CARTESIAN_POINT ( 'NONE',  ( 13.99999999999998757, 25.00000000000000000, 2.300000000000006484 ) ) ;
#2953 = VECTOR ( 'NONE', #3881, 1000.000000000000000 ) ;
#2954 = PLANE ( 'NONE',  #499 ) ;
#2955 = VECTOR ( 'NONE', #3498, 1000.000000000000000 ) ;
#2956 = DIRECTION ( 'NONE',  ( -0.000000000000000000, -1.000000000000000000, -0.000000000000000000 ) ) ;
#2957 = VERTEX_POINT ( 'NONE', #2185 ) ;
#2958 = AXIS2_PLACEMENT_3D ( 'NONE', #2716, #3679, #817 ) ;
#2959 = LINE ( 'NONE', #379, #3745 ) ;
#2960 = CARTESIAN_POINT ( 'NONE',  ( -10.30000000000000959, 0.000000000000000000, 1.300000000000002931 ) ) ;
#2961 = VERTEX_POINT ( 'NONE', #3453 ) ;
#2962 = CARTESIAN_POINT ( 'NONE',  ( 17.29999999999999005, 0.000000000000000000, -5.500000000000000888 ) ) ;
#2963 = AXIS2_PLACEMENT_3D ( 'NONE', #2151, #3417, #1411 ) ;
#2964 = ORIENTED_EDGE ( 'NONE', *, *, #251, .F. ) ;
#2965 = DIRECTION ( 'NONE',  ( -0.000000000000000000, -1.000000000000000000, -0.000000000000000000 ) ) ;
#2966 = ORIENTED_EDGE ( 'NONE', *, *, #3301, .F. ) ;
#2967 = AXIS2_PLACEMENT_3D ( 'NONE', #4074, #4119, #2140 ) ;
#2968 = EDGE_CURVE ( 'NONE', #2826, #3073, #51, .T. ) ;
#2969 = ITEM_DEFINED_TRANSFORMATION ( 'NONE', 'NONE', #1163,  #3034 ) ;
#2970 = ORIENTED_EDGE ( 'NONE', *, *, #1698, .T. ) ;
#2971 = CARTESIAN_POINT ( 'NONE',  ( 0.000000000000000000, 25.00000000000000000, 5.500000000000003553 ) ) ;
#2972 = VECTOR ( 'NONE', #634, 1000.000000000000000 ) ;
#2973 = CARTESIAN_POINT ( 'NONE',  ( 2.385244779468178543E-14, 0.000000000000000000, 5.500000000000078160 ) ) ;
#2974 = FACE_OUTER_BOUND ( 'NONE', #472, .T. ) ;
#2975 = DIRECTION ( 'NONE',  ( 0.000000000000000000, 0.000000000000000000, -1.000000000000000000 ) ) ;
#2976 = ORIENTED_EDGE ( 'NONE', *, *, #2500, .F. ) ;
#2977 = DIRECTION ( 'NONE',  ( 0.000000000000000000, 0.000000000000000000, -1.000000000000000000 ) ) ;
#2978 = EDGE_CURVE ( 'NONE', #2248, #882, #1881, .T. ) ;
#2979 = EDGE_CURVE ( 'NONE', #2823, #1416, #1256, .T. ) ;
#2980 = CARTESIAN_POINT ( 'NONE',  ( -5.000000000000009770, 25.00000000000000000, 0.000000000000000000 ) ) ;
#2982 = ORIENTED_EDGE ( 'NONE', *, *, #2148, .F. ) ;
#2981 = VECTOR ( 'NONE', #3535, 1000.000000000000000 ) ;
#2983 = LINE ( 'NONE', #1396, #3880 ) ;
#2984 = CARTESIAN_POINT ( 'NONE',  ( 13.69999999999998863, 0.000000000000000000, -5.200000000000000178 ) ) ;
#2985 = ORIENTED_EDGE ( 'NONE', *, *, #2444, .T. ) ;
#2986 = DIRECTION ( 'NONE',  ( 1.000000000000000000, 0.000000000000000000, -2.168404344971031351E-15 ) ) ;
#2987 = ORIENTED_EDGE ( 'NONE', *, *, #529, .F. ) ;
#2988 = ADVANCED_FACE ( 'NONE', ( #605 ), #585, .F. ) ;
#2989 = FACE_OUTER_BOUND ( 'NONE', #2142, .T. ) ;
#2990 = ORIENTED_EDGE ( 'NONE', *, *, #1239, .T. ) ;
#2991 = AXIS2_PLACEMENT_3D ( 'NONE', #3528, #896, #1910 ) ;
#2992 = ORIENTED_EDGE ( 'NONE', *, *, #4117, .F. ) ;
#2993 = ADVANCED_FACE ( 'NONE', ( #1581 ), #3182, .F. ) ;
#2994 = EDGE_CURVE ( 'NONE', #941, #4109, #1329, .T. ) ;
#2995 = DIRECTION ( 'NONE',  ( 0.000000000000000000, 1.000000000000000000, -0.000000000000000000 ) ) ;
#2996 = ORIENTED_EDGE ( 'NONE', *, *, #264, .F. ) ;
#2997 = CARTESIAN_POINT ( 'NONE',  ( -6.406649201050775476E-17, 0.000000000000000000, 0.6500000000000030198 ) ) ;
#2998 = LINE ( 'NONE', #3976, #2301 ) ;
#2999 = CARTESIAN_POINT ( 'NONE',  ( -9.000000000000007105, 0.000000000000000000, -0.000000000000000000 ) ) ;
#3000 = LINE ( 'NONE', #3715, #3568 ) ;
#3001 = EDGE_LOOP ( 'NONE', ( #2083, #186, #1129, #3282 ) ) ;
#3002 = DIRECTION ( 'NONE',  ( 0.000000000000000000, 1.000000000000000000, 0.000000000000000000 ) ) ;
#3003 = DIRECTION ( 'NONE',  ( -0.000000000000000000, -1.000000000000000000, 0.000000000000000000 ) ) ;
#3004 = EDGE_CURVE ( 'NONE', #467, #3410, #3314, .T. ) ;
#3005 = EDGE_CURVE ( 'NONE', #908, #2574, #368, .T. ) ;
#3006 = ORIENTED_EDGE ( 'NONE', *, *, #1319, .F. ) ;
#3007 = ORIENTED_EDGE ( 'NONE', *, *, #4124, .T. ) ;
#3008 = LINE ( 'NONE', #429, #1596 ) ;
#3009 = ORIENTED_EDGE ( 'NONE', *, *, #352, .F. ) ;
#3010 = LINE ( 'NONE', #2696, #1640 ) ;
#3011 = EDGE_LOOP ( 'NONE', ( #3273, #1977, #2056, #792 ) ) ;
#3012 = ORIENTED_EDGE ( 'NONE', *, *, #1510, .F. ) ;
#3013 = ORIENTED_EDGE ( 'NONE', *, *, #2484, .T. ) ;
#3014 = DIRECTION ( 'NONE',  ( 1.000000000000000000, 0.000000000000000000, -1.445602896647327084E-15 ) ) ;
#3015 = CIRCLE ( 'NONE', #4012, 0.2999999999999999334 ) ;
#3016 = DIRECTION ( 'NONE',  ( 0.000000000000000000, -0.000000000000000000, 1.000000000000000000 ) ) ;
#3017 = LINE ( 'NONE', #81, #3888 ) ;
#3018 = DIRECTION ( 'NONE',  ( 0.000000000000000000, 1.000000000000000000, -0.000000000000000000 ) ) ;
#3019 = EDGE_CURVE ( 'NONE', #1395, #2957, #2882, .T. ) ;
#3020 = VECTOR ( 'NONE', #2284, 1000.000000000000000 ) ;
#3021 = DIRECTION ( 'NONE',  ( -1.000000000000000000, 0.000000000000000000, 9.856383386231916759E-17 ) ) ;
#3022 = ORIENTED_EDGE ( 'NONE', *, *, #1534, .T. ) ;
#3023 = LINE ( 'NONE', #4001, #3285 ) ;
#3024 = CARTESIAN_POINT ( 'NONE',  ( 9.999999999999987566, 25.00000000000000000, -5.199999999999997513 ) ) ;
#3025 = VECTOR ( 'NONE', #3503, 1000.000000000000000 ) ;
#3026 = VERTEX_POINT ( 'NONE', #4132 ) ;
#3027 = CARTESIAN_POINT ( 'NONE',  ( 12.69999999999998508, 25.00000000000000000, 1.000000000000003553 ) ) ;
#3028 = CARTESIAN_POINT ( 'NONE',  ( 0.000000000000000000, 25.00000000000000000, 0.000000000000000000 ) ) ;
#3029 = AXIS2_PLACEMENT_3D ( 'NONE', #3280, #409, #1066 ) ;
#3030 = ORIENTED_EDGE ( 'NONE', *, *, #4071, .T. ) ;
#3031 = DIRECTION ( 'NONE',  ( 0.000000000000000000, 0.000000000000000000, -1.000000000000000000 ) ) ;
#3032 = ORIENTED_EDGE ( 'NONE', *, *, #2598, .F. ) ;
#3033 = VECTOR ( 'NONE', #1954, 1000.000000000000000 ) ;
#3034 = AXIS2_PLACEMENT_3D ( 'NONE', #870, #1604, #631 ) ;
#3035 = ADVANCED_FACE ( 'NONE', ( #1274 ), #625, .T. ) ;
#3036 = CIRCLE ( 'NONE', #2042, 0.2999999999999999334 ) ;
#3037 = ORIENTED_EDGE ( 'NONE', *, *, #952, .T. ) ;
#3038 = AXIS2_PLACEMENT_3D ( 'NONE', #3398, #3354, #2728 ) ;
#3039 = ORIENTED_EDGE ( 'NONE', *, *, #3995, .F. ) ;
#3040 = LINE ( 'NONE', #3328, #2616 ) ;
#3041 = LINE ( 'NONE', #2110, #1092 ) ;
#3042 = LINE ( 'NONE', #2087, #1502 ) ;
#3043 = DIRECTION ( 'NONE',  ( -0.000000000000000000, -1.000000000000000000, -0.000000000000000000 ) ) ;
#3044 = CIRCLE ( 'NONE', #2182, 0.2999999999999999334 ) ;
#3045 = DIRECTION ( 'NONE',  ( 0.000000000000000000, 1.000000000000000000, -0.000000000000000000 ) ) ;
#3046 = PRODUCT_DEFINITION_CONTEXT ( 'detailed design', #2557, 'design' ) ;
#3047 = DIRECTION ( 'NONE',  ( -1.000000000000000000, 0.000000000000000000, 2.710505431213765522E-16 ) ) ;
#3048 = CARTESIAN_POINT ( 'NONE',  ( 17.99999999999998934, 25.00000000000000000, -5.199999999999998401 ) ) ;
#3049 = VERTEX_POINT ( 'NONE', #3472 ) ;
#3050 = ORIENTED_EDGE ( 'NONE', *, *, #4104, .F. ) ;
#3051 = EDGE_CURVE ( 'NONE', #628, #2346, #169, .T. ) ;
#3052 = ORIENTED_EDGE ( 'NONE', *, *, #3536, .F. ) ;
#3053 = PLANE ( 'NONE',  #1962 ) ;
#3054 = DIRECTION ( 'NONE',  ( 0.000000000000000000, 0.000000000000000000, -1.000000000000000000 ) ) ;
#3055 = ORIENTED_EDGE ( 'NONE', *, *, #4117, .T. ) ;
#3056 = VERTEX_POINT ( 'NONE', #2247 ) ;
#3057 = ORIENTED_EDGE ( 'NONE', *, *, #3825, .F. ) ;
#3058 = VERTEX_POINT ( 'NONE', #263 ) ;
#3059 = EDGE_CURVE ( 'NONE', #1680, #2250, #1641, .T. ) ;
#3060 = CARTESIAN_POINT ( 'NONE',  ( 16.69999999999998508, 0.000000000000000000, 2.300000000000003819 ) ) ;
#3061 = CARTESIAN_POINT ( 'NONE',  ( 17.69999999999998508, 25.00000000000000000, 5.200000000000001066 ) ) ;
#3062 = DIRECTION ( 'NONE',  ( -0.000000000000000000, -1.000000000000000000, -0.000000000000000000 ) ) ;
#3063 = CYLINDRICAL_SURFACE ( 'NONE', #162, 0.2999999999999999334 ) ;
#3064 = AXIS2_PLACEMENT_3D ( 'NONE', #834, #2093, #2074 ) ;
#3065 = CARTESIAN_POINT ( 'NONE',  ( 14.29999999999998828, 25.00000000000000000, -2.300000000000000711 ) ) ;
#3066 = EDGE_CURVE ( 'NONE', #443, #2488, #1957, .T. ) ;
#3067 = FACE_OUTER_BOUND ( 'NONE', #2552, .T. ) ;
#3068 = CARTESIAN_POINT ( 'NONE',  ( 10.29999999999999005, 0.000000000000000000, 1.000000000000002887 ) ) ;
#3069 = VECTOR ( 'NONE', #2174, 1000.000000000000000 ) ;
#3070 = VERTEX_POINT ( 'NONE', #3783 ) ;
#3071 = VERTEX_POINT ( 'NONE', #3515 ) ;
#3072 = EDGE_CURVE ( 'NONE', #2160, #2105, #1894, .T. ) ;
#3073 = VERTEX_POINT ( 'NONE', #2575 ) ;
#3074 = DIRECTION ( 'NONE',  ( 0.000000000000000000, 0.000000000000000000, -1.000000000000000000 ) ) ;
#3075 = DIRECTION ( 'NONE',  ( 0.000000000000000000, 0.000000000000000000, 1.000000000000000000 ) ) ;
#3076 = ORIENTED_EDGE ( 'NONE', *, *, #2524, .F. ) ;
#3077 = EDGE_CURVE ( 'NONE', #2430, #1952, #4047, .T. ) ;
#3078 = EDGE_LOOP ( 'NONE', ( #181, #2694, #2015, #1447 ) ) ;
#3079 = EDGE_LOOP ( 'NONE', ( #2187, #3032, #2427, #1474 ) ) ;
#3080 = FACE_OUTER_BOUND ( 'NONE', #584, .T. ) ;
#3081 = ADVANCED_FACE ( 'NONE', ( #285 ), #2903, .F. ) ;
#3082 = CARTESIAN_POINT ( 'NONE',  ( 17.69999999999998508, 25.00000000000000000, 0.9500000000000046185 ) ) ;
#3083 = LINE ( 'NONE', #2115, #563 ) ;
#3084 = EDGE_CURVE ( 'NONE', #2368, #3677, #4087, .T. ) ;
#3085 = LINE ( 'NONE', #3752, #2100 ) ;
#3086 = DIRECTION ( 'NONE',  ( -0.000000000000000000, -1.000000000000000000, -0.000000000000000000 ) ) ;
#3087 = CARTESIAN_POINT ( 'NONE',  ( 16.69999999999998508, 25.00000000000000000, 2.000000000000003997 ) ) ;
#3088 = CARTESIAN_POINT ( 'NONE',  ( -17.70000000000000639, 25.00000000000000000, -0.9500000000000011768 ) ) ;
#3089 = APPLICATION_PROTOCOL_DEFINITION ( 'draft international standard', 'automotive_design', 1998, #629 ) ;
#3090 = ORIENTED_EDGE ( 'NONE', *, *, #1453, .F. ) ;
#3091 = AXIS2_PLACEMENT_3D ( 'NONE', #1188, #1569, #614 ) ;
#3092 = CARTESIAN_POINT ( 'NONE',  ( 13.69999999999998685, 0.000000000000000000, 5.500000000000003553 ) ) ;
#3093 = DIRECTION ( 'NONE',  ( -0.000000000000000000, -1.000000000000000000, -0.000000000000000000 ) ) ;
#3094 = VERTEX_POINT ( 'NONE', #1358 ) ;
#3095 = VECTOR ( 'NONE', #2975, 1000.000000000000000 ) ;
#3096 = VECTOR ( 'NONE', #3523, 1000.000000000000000 ) ;
#3097 = ORIENTED_EDGE ( 'NONE', *, *, #778, .F. ) ;
#3098 = VECTOR ( 'NONE', #43, 1000.000000000000000 ) ;
#3099 = ADVANCED_FACE ( 'NONE', ( #3299 ), #3320, .T. ) ;
#3100 = ORIENTED_EDGE ( 'NONE', *, *, #1860, .F. ) ;
#3101 = EDGE_CURVE ( 'NONE', #31, #983, #747, .T. ) ;
#3102 = VECTOR ( 'NONE', #1888, 1000.000000000000000 ) ;
#3103 = LINE ( 'NONE', #2786, #2435 ) ;
#3104 = AXIS2_PLACEMENT_3D ( 'NONE', #2341, #1375, #3609 ) ;
#3105 = DIRECTION ( 'NONE',  ( 0.000000000000000000, 0.000000000000000000, -1.000000000000000000 ) ) ;
#3106 = EDGE_LOOP ( 'NONE', ( #847, #1912 ) ) ;
#3107 = CARTESIAN_POINT ( 'NONE',  ( 9.299999999999986500, 0.000000000000000000, 5.200000000000002842 ) ) ;
#3108 = CARTESIAN_POINT ( 'NONE',  ( 16.69999999999998508, 25.00000000000000000, 2.300000000000003819 ) ) ;
#3109 = DIRECTION ( 'NONE',  ( 0.000000000000000000, -0.000000000000000000, 1.000000000000000000 ) ) ;
#3110 = EDGE_CURVE ( 'NONE', #151, #4054, #3008, .T. ) ;
#3111 = AXIS2_PLACEMENT_3D ( 'NONE', #4098, #2211, #2787 ) ;
#3112 = EDGE_CURVE ( 'NONE', #1395, #107, #3985, .T. ) ;
#3113 = LINE ( 'NONE', #1572, #1707 ) ;
#3114 = PRESENTATION_STYLE_ASSIGNMENT (( #2428 ) ) ;
#3115 = ORIENTED_EDGE ( 'NONE', *, *, #3597, .F. ) ;
#3116 = CARTESIAN_POINT ( 'NONE',  ( 12.99999999999998757, 25.00000000000000000, 0.000000000000000000 ) ) ;
#3117 = DIRECTION ( 'NONE',  ( 0.000000000000000000, 0.000000000000000000, -1.000000000000000000 ) ) ;
#3118 = ORIENTED_EDGE ( 'NONE', *, *, #1050, .F. ) ;
#3119 = EDGE_CURVE ( 'NONE', #2596, #543, #312, .T. ) ;
#3120 = VERTEX_POINT ( 'NONE', #2962 ) ;
#3121 = EDGE_LOOP ( 'NONE', ( #1127, #687, #2686, #2970 ) ) ;
#3122 = CARTESIAN_POINT ( 'NONE',  ( 17.29999999999999005, 25.00000000000000000, -5.200000000000001066 ) ) ;
#3123 = EDGE_LOOP ( 'NONE', ( #325, #69, #3586, #3355 ) ) ;
#3124 = COLOUR_RGB ( '',0.8980392156862745390, 0.9176470588235293713, 0.9294117647058823817 ) ;
#3125 = CARTESIAN_POINT ( 'NONE',  ( 13.29999999999998650, 25.00000000000000000, -5.200000000000000178 ) ) ;
#3126 = DIRECTION ( 'NONE',  ( 0.000000000000000000, 1.000000000000000000, -0.000000000000000000 ) ) ;
#3127 = DIRECTION ( 'NONE',  ( -1.445602896647327084E-15, 0.000000000000000000, -1.000000000000000000 ) ) ;
#3128 = DIRECTION ( 'NONE',  ( -0.000000000000000000, -1.000000000000000000, -0.000000000000000000 ) ) ;
#3129 = AXIS2_PLACEMENT_3D ( 'NONE', #3337, #464, #171 ) ;
#3130 = CYLINDRICAL_SURFACE ( 'NONE', #3368, 0.2999999999999999334 ) ;
#3131 = PLANE ( 'NONE',  #2723 ) ;
#3132 = ORIENTED_EDGE ( 'NONE', *, *, #1387, .T. ) ;
#3133 = EDGE_CURVE ( 'NONE', #532, #2105, #2919, .T. ) ;
#3134 = LINE ( 'NONE', #1194, #805 ) ;
#3135 = CARTESIAN_POINT ( 'NONE',  ( -3.577867169202289588E-14, 25.00000000000000000, -5.500000000000111910 ) ) ;
#3136 = ORIENTED_EDGE ( 'NONE', *, *, #2219, .T. ) ;
#3137 = CARTESIAN_POINT ( 'NONE',  ( 10.29999999999998828, 25.00000000000000000, 1.300000000000002709 ) ) ;
#3138 = ORIENTED_EDGE ( 'NONE', *, *, #1597, .T. ) ;
#3139 = EDGE_LOOP ( 'NONE', ( #3076, #2439, #1216, #2437 ) ) ;
#3140 = DIRECTION ( 'NONE',  ( 0.000000000000000000, 1.000000000000000000, -0.000000000000000000 ) ) ;
#3141 = ORIENTED_EDGE ( 'NONE', *, *, #70, .F. ) ;
#3142 = CARTESIAN_POINT ( 'NONE',  ( -2.710505431213756155E-16, 0.000000000000000000, -0.9999999999999965583 ) ) ;
#3143 = AXIS2_PLACEMENT_3D ( 'NONE', #3255, #2302, #3551 ) ;
#3144 = LINE ( 'NONE', #1882, #4102 ) ;
#3145 = EDGE_CURVE ( 'NONE', #2623, #542, #780, .T. ) ;
#3146 = FACE_OUTER_BOUND ( 'NONE', #2881, .T. ) ;
#3147 = CARTESIAN_POINT ( 'NONE',  ( -1.445602896647314856E-15, 25.00000000000000000, -0.9999999999999915623 ) ) ;
#3148 = CARTESIAN_POINT ( 'NONE',  ( 0.000000000000000000, 25.00000000000000000, -5.500000000000000000 ) ) ;
#3149 = EDGE_CURVE ( 'NONE', #3728, #357, #2058, .T. ) ;
#3150 = CARTESIAN_POINT ( 'NONE',  ( -10.30000000000000959, 25.00000000000000000, -1.299999999999999600 ) ) ;
#3151 = AXIS2_PLACEMENT_3D ( 'NONE', #417, #2995, #1368 ) ;
#3152 = CARTESIAN_POINT ( 'NONE',  ( 6.123233995736764803E-17, 11.00000000000000000, 0.4999999999999998890 ) ) ;
#3153 = ORIENTED_EDGE ( 'NONE', *, *, #103, .F. ) ;
#3154 = CARTESIAN_POINT ( 'NONE',  ( 1.192622389734055035E-14, 25.00000000000000000, 5.499999999999968026 ) ) ;
#3155 = DIRECTION ( 'NONE',  ( 2.168404344971031745E-15, 0.000000000000000000, -1.000000000000000000 ) ) ;
#3156 = VECTOR ( 'NONE', #3171, 1000.000000000000000 ) ;
#3157 = ORIENTED_EDGE ( 'NONE', *, *, #1150, .T. ) ;
#3158 = DIRECTION ( 'NONE',  ( 0.000000000000000000, 0.000000000000000000, -1.000000000000000000 ) ) ;
#3159 = ORIENTED_EDGE ( 'NONE', *, *, #3866, .F. ) ;
#3160 = LINE ( 'NONE', #11, #3471 ) ;
#3161 = VERTEX_POINT ( 'NONE', #707 ) ;
#3162 = AXIS2_PLACEMENT_3D ( 'NONE', #2144, #2374, #1473 ) ;
#3163 = EDGE_CURVE ( 'NONE', #1921, #731, #2718, .T. ) ;
#3164 = PRESENTATION_STYLE_ASSIGNMENT (( #3730 ) ) ;
#3165 = AXIS2_PLACEMENT_3D ( 'NONE', #1448, #1830, #519 ) ;
#3166 = AXIS2_PLACEMENT_3D ( 'NONE', #3865, #3208, #2617 ) ;
#3167 = CLOSED_SHELL ( 'NONE', ( #3351, #1624, #4084, #2724, #2875, #3479, #242, #3618, #2763, #1646, #1065, #1730, #1318, #3748, #1901, #292, #120, #1551, #3883, #2664, #586, #3226, #407, #3738, #1812, #2854, #3705, #232, #4060, #95, #1000, #1996, #2515, #1280, #1985, #3081, #4039, #2611, #1545, #3565, #1907, #2523, #1843, #2070, #2502, #1032, #451, #929, #939, #3099, #644, #2828, #121, #1007, #1460, #1883, #2426, #753, #2942, #2316, #4110, #55, #3931, #4118, #363, #2274, #111, #172, #3286, #2487, #2988, #3973, #3963, #3423, #965, #3189, #1374, #213, #3469, #1520, #389, #541, #576, #3747, #651, #4049, #3971, #2228, #3645, #1955, #2392, #2264, #1040, #1283, #2924, #3035, #164, #2663, #2326, #1669, #2993, #2758, #1940, #1139, #2788, #1002, #2576, #1204, #3381, #705, #1345, #3811, #2348, #3259, #1765, #711 ) ) ;
#3168 = CARTESIAN_POINT ( 'NONE',  ( 5.699999999999986855, 25.00000000000000000, -5.199999999999998401 ) ) ;
#3169 = CARTESIAN_POINT ( 'NONE',  ( -14.30000000000000959, 25.00000000000000000, -2.300000000000000711 ) ) ;
#3170 = AXIS2_PLACEMENT_3D ( 'NONE', #1268, #2776, #3464 ) ;
#3171 = DIRECTION ( 'NONE',  ( -0.000000000000000000, -1.000000000000000000, -0.000000000000000000 ) ) ;
#3172 = DIRECTION ( 'NONE',  ( 0.000000000000000000, 0.000000000000000000, 1.000000000000000000 ) ) ;
#3173 = AXIS2_PLACEMENT_3D ( 'NONE', #1526, #3502, #1225 ) ;
#3174 = CARTESIAN_POINT ( 'NONE',  ( 8.999999999999987566, 0.000000000000000000, 5.200000000000001066 ) ) ;
#3175 = LINE ( 'NONE', #2815, #864 ) ;
#3176 = EDGE_CURVE ( 'NONE', #1001, #3859, #922, .T. ) ;
#3177 = EDGE_LOOP ( 'NONE', ( #2208, #683, #3746, #2652 ) ) ;
#3178 = CARTESIAN_POINT ( 'NONE',  ( 13.99999999999998757, 25.00000000000000000, -2.300000000000002931 ) ) ;
#3179 = CARTESIAN_POINT ( 'NONE',  ( 13.99999999999998757, 0.000000000000000000, 2.300000000000006484 ) ) ;
#3180 = EDGE_CURVE ( 'NONE', #4004, #3056, #2331, .T. ) ;
#3181 = ORIENTED_EDGE ( 'NONE', *, *, #3149, .F. ) ;
#3182 = CYLINDRICAL_SURFACE ( 'NONE', #3666, 0.2999999999999999334 ) ;
#3183 = ORIENTED_EDGE ( 'NONE', *, *, #2598, .T. ) ;
#3184 = LINE ( 'NONE', #310, #1132 ) ;
#3185 = ORIENTED_EDGE ( 'NONE', *, *, #3101, .F. ) ;
#3186 = VERTEX_POINT ( 'NONE', #1744 ) ;
#3187 = SHAPE_REPRESENTATION ( 'disipador', ( #3034 ), #692 ) ;
#3188 =( NAMED_UNIT ( * ) PLANE_ANGLE_UNIT ( ) SI_UNIT ( $, .RADIAN. ) );
#3189 = ADVANCED_FACE ( 'NONE', ( #3554 ), #727, .T. ) ;
#3190 = EDGE_CURVE ( 'NONE', #866, #901, #383, .T. ) ;
#3191 = DIRECTION ( 'NONE',  ( -1.000000000000000000, 0.000000000000000000, 1.807003620809177344E-16 ) ) ;
#3192 = DIRECTION ( 'NONE',  ( 1.000000000000000000, 0.000000000000000000, -2.710505431213765522E-16 ) ) ;
#3193 = CARTESIAN_POINT ( 'NONE',  ( -12.70000000000000817, 25.00000000000000000, -1.300000000000000044 ) ) ;
#3194 = CARTESIAN_POINT ( 'NONE',  ( 12.99999999999998757, 25.00000000000000000, -1.300000000000002043 ) ) ;
#3195 = DIRECTION ( 'NONE',  ( 0.000000000000000000, 0.000000000000000000, -1.000000000000000000 ) ) ;
#3196 = CARTESIAN_POINT ( 'NONE',  ( 17.29999999999999361, 0.000000000000000000, 5.500000000000002665 ) ) ;
#3197 = VERTEX_POINT ( 'NONE', #1679 ) ;
#3198 = LINE ( 'NONE', #323, #1629 ) ;
#3199 = FACE_OUTER_BOUND ( 'NONE', #3079, .T. ) ;
#3200 = PRODUCT_DEFINITION_FORMATION_WITH_SPECIFIED_SOURCE ( 'ANY', '', #696, .NOT_KNOWN. ) ;
#3201 = ORIENTED_EDGE ( 'NONE', *, *, #3190, .T. ) ;
#3202 = EDGE_CURVE ( 'NONE', #542, #4004, #1419, .T. ) ;
#3203 = DIRECTION ( 'NONE',  ( 0.000000000000000000, 0.000000000000000000, 1.000000000000000000 ) ) ;
#3204 = EDGE_LOOP ( 'NONE', ( #1251, #2265, #816, #265 ) ) ;
#3205 = LINE ( 'NONE', #1897, #3332 ) ;
#3206 = ORIENTED_EDGE ( 'NONE', *, *, #2831, .T. ) ;
#3207 = EDGE_CURVE ( 'NONE', #1273, #3961, #1978, .T. ) ;
#3208 = DIRECTION ( 'NONE',  ( 0.000000000000000000, 0.000000000000000000, 1.000000000000000000 ) ) ;
#3209 = CARTESIAN_POINT ( 'NONE',  ( 8.999999999999987566, 25.00000000000000000, 1.000000000000003553 ) ) ;
#3210 = MANIFOLD_SOLID_BREP ( 'Saliente-Extruir1', #2242 ) ;
#3211 = LINE ( 'NONE', #333, #2373 ) ;
#3212 = DIRECTION ( 'NONE',  ( -0.000000000000000000, -1.000000000000000000, -0.000000000000000000 ) ) ;
#3213 = CIRCLE ( 'NONE', #1550, 0.3000000000000007661 ) ;
#3214 = DIRECTION ( 'NONE',  ( -0.000000000000000000, -1.000000000000000000, 0.000000000000000000 ) ) ;
#3215 = EDGE_CURVE ( 'NONE', #1837, #1961, #1530, .T. ) ;
#3216 = DIRECTION ( 'NONE',  ( 0.000000000000000000, 1.000000000000000000, -0.000000000000000000 ) ) ;
#3217 = ORIENTED_EDGE ( 'NONE', *, *, #3803, .T. ) ;
#3218 = DIRECTION ( 'NONE',  ( 0.000000000000000000, 1.000000000000000000, -0.000000000000000000 ) ) ;
#3219 = DIRECTION ( 'NONE',  ( 0.000000000000000000, 0.000000000000000000, 1.000000000000000000 ) ) ;
#3220 = ORIENTED_EDGE ( 'NONE', *, *, #569, .T. ) ;
#3221 = CIRCLE ( 'NONE', #135, 1.500000000000000444 ) ;
#3222 = CARTESIAN_POINT ( 'NONE',  ( 9.699999999999988631, 25.00000000000000000, -5.200000000000000178 ) ) ;
#3223 = ORIENTED_EDGE ( 'NONE', *, *, #3310, .T. ) ;
#3224 = LINE ( 'NONE', #1643, #2106 ) ;
#3225 = ORIENTED_EDGE ( 'NONE', *, *, #1497, .F. ) ;
#3226 = ADVANCED_FACE ( 'NONE', ( #1849 ), #815, .F. ) ;
#3227 = AXIS2_PLACEMENT_3D ( 'NONE', #2899, #1036, #2324 ) ;
#3228 = EDGE_CURVE ( 'NONE', #3905, #1584, #588, .T. ) ;
#3229 = DIRECTION ( 'NONE',  ( -0.000000000000000000, -1.000000000000000000, -0.000000000000000000 ) ) ;
#3230 = CIRCLE ( 'NONE', #1426, 0.2999999999999999334 ) ;
#3231 = CARTESIAN_POINT ( 'NONE',  ( -13.70000000000000817, 25.00000000000000000, -5.200000000000000178 ) ) ;
#3232 = CIRCLE ( 'NONE', #2683, 0.2999999999999999334 ) ;
#3233 = DIRECTION ( 'NONE',  ( 1.000000000000000000, 0.000000000000000000, 0.000000000000000000 ) ) ;
#3234 = DIRECTION ( 'NONE',  ( 1.000000000000000000, 0.000000000000000000, 0.000000000000000000 ) ) ;
#3235 = DIRECTION ( 'NONE',  ( -0.000000000000000000, -1.000000000000000000, 0.000000000000000000 ) ) ;
#3236 = MANIFOLD_SOLID_BREP ( 'Cortar-Extruir1', #3167 ) ;
#3237 = ORIENTED_EDGE ( 'NONE', *, *, #1185, .F. ) ;
#3238 = CARTESIAN_POINT ( 'NONE',  ( -9.000000000000007105, 25.00000000000000000, 0.000000000000000000 ) ) ;
#3239 = DIRECTION ( 'NONE',  ( -0.000000000000000000, -1.000000000000000000, -0.000000000000000000 ) ) ;
#3240 = EDGE_CURVE ( 'NONE', #941, #1310, #839, .T. ) ;
#3241 = ORIENTED_EDGE ( 'NONE', *, *, #1319, .T. ) ;
#3242 = CARTESIAN_POINT ( 'NONE',  ( 17.29999999999999005, 25.00000000000000000, 5.200000000000001954 ) ) ;
#3243 = ORIENTED_EDGE ( 'NONE', *, *, #1031, .F. ) ;
#3244 = CARTESIAN_POINT ( 'NONE',  ( -5.700000000000008171, 0.000000000000000000, -5.199999999999998401 ) ) ;
#3245 = ORIENTED_EDGE ( 'NONE', *, *, #2621, .F. ) ;
#3246 = VECTOR ( 'NONE', #3692, 1000.000000000000000 ) ;
#3247 = EDGE_CURVE ( 'NONE', #831, #2287, #533, .T. ) ;
#3248 = PRESENTATION_STYLE_ASSIGNMENT (( #1338 ) ) ;
#3249 = CYLINDRICAL_SURFACE ( 'NONE', #3513, 0.2999999999999999334 ) ;
#3250 = DIRECTION ( 'NONE',  ( 0.000000000000000000, 0.000000000000000000, -1.000000000000000000 ) ) ;
#3251 = DIRECTION ( 'NONE',  ( 0.000000000000000000, -0.000000000000000000, 1.000000000000000000 ) ) ;
#3252 = FACE_OUTER_BOUND ( 'NONE', #660, .T. ) ;
#3253 = CARTESIAN_POINT ( 'NONE',  ( -16.70000000000000639, 25.00000000000000000, 2.300000000000003819 ) ) ;
#3254 = ORIENTED_EDGE ( 'NONE', *, *, #2456, .F. ) ;
#3255 = CARTESIAN_POINT ( 'NONE',  ( 13.69999999999998863, 0.000000000000000000, 5.200000000000002842 ) ) ;
#3256 = DIRECTION ( 'NONE',  ( -0.000000000000000000, -1.000000000000000000, -0.000000000000000000 ) ) ;
#3257 = ORIENTED_EDGE ( 'NONE', *, *, #2714, .T. ) ;
#3258 = DIRECTION ( 'NONE',  ( 1.734723475976807410E-14, 0.000000000000000000, 1.000000000000000000 ) ) ;
#3259 = ADVANCED_FACE ( 'NONE', ( #2796 ), #4005, .T. ) ;
#3260 = AXIS2_PLACEMENT_3D ( 'NONE', #956, #3777, #2530 ) ;
#3261 = ORIENTED_EDGE ( 'NONE', *, *, #465, .F. ) ;
#3262 = LINE ( 'NONE', #1361, #144 ) ;
#3263 = ORIENTED_EDGE ( 'NONE', *, *, #1800, .T. ) ;
#3264 = AXIS2_PLACEMENT_3D ( 'NONE', #2984, #3003, #1721 ) ;
#3265 = EDGE_CURVE ( 'NONE', #976, #2334, #3458, .T. ) ;
#3266 = CARTESIAN_POINT ( 'NONE',  ( 13.99999999999998757, 0.000000000000000000, 5.200000000000001066 ) ) ;
#3267 = LINE ( 'NONE', #1687, #3306 ) ;
#3268 = CYLINDRICAL_SURFACE ( 'NONE', #961, 0.2999999999999999334 ) ;
#3269 = DIRECTION ( 'NONE',  ( 4.336808689942081634E-15, -0.000000000000000000, 1.000000000000000000 ) ) ;
#3270 = ORIENTED_EDGE ( 'NONE', *, *, #1970, .T. ) ;
#3271 = DIRECTION ( 'NONE',  ( 0.000000000000000000, 0.000000000000000000, 1.000000000000000000 ) ) ;
#3272 = CARTESIAN_POINT ( 'NONE',  ( 5.999999999999986677, 25.00000000000000000, -1.300000000000001599 ) ) ;
#3273 = ORIENTED_EDGE ( 'NONE', *, *, #2138, .F. ) ;
#3274 = CARTESIAN_POINT ( 'NONE',  ( -17.00000000000000711, 25.00000000000000000, 2.300000000000006040 ) ) ;
#3275 = PLANE ( 'NONE',  #3499 ) ;
#3276 = ORIENTED_EDGE ( 'NONE', *, *, #2170, .T. ) ;
#3277 = DIRECTION ( 'NONE',  ( -1.000000000000000000, 0.000000000000000000, 2.168404344971031745E-15 ) ) ;
#3278 = ORIENTED_EDGE ( 'NONE', *, *, #3110, .T. ) ;
#3279 = ORIENTED_EDGE ( 'NONE', *, *, #1074, .F. ) ;
#3280 = CARTESIAN_POINT ( 'NONE',  ( -1.807003620809174632E-16, 25.00000000000000000, -0.9999999999999985567 ) ) ;
#3281 = AXIS2_PLACEMENT_3D ( 'NONE', #4030, #518, #2044 ) ;
#3282 = ORIENTED_EDGE ( 'NONE', *, *, #1723, .T. ) ;
#3283 = ORIENTED_EDGE ( 'NONE', *, *, #1398, .T. ) ;
#3284 = CYLINDRICAL_SURFACE ( 'NONE', #3281, 0.2999999999999999334 ) ;
#3285 = VECTOR ( 'NONE', #3047, 1000.000000000000000 ) ;
#3286 = ADVANCED_FACE ( 'NONE', ( #2471 ), #1445, .T. ) ;
#3287 = PLANE ( 'NONE',  #674 ) ;
#3288 = CARTESIAN_POINT ( 'NONE',  ( -16.70000000000000639, 25.00000000000000000, -2.300000000000000266 ) ) ;
#3289 = DIRECTION ( 'NONE',  ( 0.000000000000000000, 0.000000000000000000, -1.000000000000000000 ) ) ;
#3290 = DIRECTION ( 'NONE',  ( 1.000000000000000000, 0.000000000000000000, 1.807003620809177344E-16 ) ) ;
#3291 = ORIENTED_EDGE ( 'NONE', *, *, #2464, .F. ) ;
#3292 = AXIS2_PLACEMENT_3D ( 'NONE', #3288, #3932, #2294 ) ;
#3293 = DIRECTION ( 'NONE',  ( -0.000000000000000000, -1.000000000000000000, -0.000000000000000000 ) ) ;
#3294 = ORIENTED_EDGE ( 'NONE', *, *, #2256, .F. ) ;
#3295 = CIRCLE ( 'NONE', #3433, 1.500000000000000444 ) ;
#3296 = DIRECTION ( 'NONE',  ( 0.000000000000000000, 0.000000000000000000, 1.000000000000000000 ) ) ;
#3297 = CYLINDRICAL_SURFACE ( 'NONE', #2764, 0.2999999999999999334 ) ;
#3298 = EDGE_LOOP ( 'NONE', ( #10, #3988, #4032, #3767 ) ) ;
#3299 = FACE_OUTER_BOUND ( 'NONE', #201, .T. ) ;
#3300 = VERTEX_POINT ( 'NONE', #2078 ) ;
#3301 = EDGE_CURVE ( 'NONE', #2160, #1645, #2197, .T. ) ;
#3302 = LINE ( 'NONE', #3945, #1571 ) ;
#3303 = VERTEX_POINT ( 'NONE', #220 ) ;
#3304 = ORIENTED_EDGE ( 'NONE', *, *, #2951, .F. ) ;
#3305 = DIRECTION ( 'NONE',  ( -0.000000000000000000, -1.000000000000000000, -0.000000000000000000 ) ) ;
#3306 = VECTOR ( 'NONE', #2889, 1000.000000000000000 ) ;
#3307 = DIRECTION ( 'NONE',  ( -0.000000000000000000, -1.000000000000000000, 0.000000000000000000 ) ) ;
#3308 = ORIENTED_EDGE ( 'NONE', *, *, #863, .F. ) ;
#3309 = CYLINDRICAL_SURFACE ( 'NONE', #1229, 0.3000000000000007661 ) ;
#3310 = EDGE_CURVE ( 'NONE', #522, #774, #1465, .T. ) ;
#3311 = CARTESIAN_POINT ( 'NONE',  ( -5.700000000000008171, 25.00000000000000000, -5.199999999999998401 ) ) ;
#3312 = LINE ( 'NONE', #2999, #3246 ) ;
#3313 = CARTESIAN_POINT ( 'NONE',  ( -14.00000000000000888, 25.00000000000000000, 5.200000000000001066 ) ) ;
#3315 = ORIENTED_EDGE ( 'NONE', *, *, #3066, .T. ) ;
#3314 = CIRCLE ( 'NONE', #1046, 0.3000000000000007661 ) ;
#3316 = CYLINDRICAL_SURFACE ( 'NONE', #3690, 0.3000000000000007661 ) ;
#3317 = CARTESIAN_POINT ( 'NONE',  ( -3.577867169202289588E-14, 0.000000000000000000, -5.500000000000111910 ) ) ;
#3318 = ORIENTED_EDGE ( 'NONE', *, *, #4136, .F. ) ;
#3319 = ORIENTED_EDGE ( 'NONE', *, *, #903, .F. ) ;
#3320 = PLANE ( 'NONE',  #2784 ) ;
#3321 = ORIENTED_EDGE ( 'NONE', *, *, #3407, .T. ) ;
#3322 = VERTEX_POINT ( 'NONE', #2486 ) ;
#3323 = LINE ( 'NONE', #795, #349 ) ;
#3324 = VECTOR ( 'NONE', #1826, 1000.000000000000000 ) ;
#3325 = VERTEX_POINT ( 'NONE', #3152 ) ;
#3326 = AXIS2_PLACEMENT_3D ( 'NONE', #1011, #3235, #993 ) ;
#3327 = ORIENTED_EDGE ( 'NONE', *, *, #3506, .T. ) ;
#3328 = CARTESIAN_POINT ( 'NONE',  ( -1.445602896647314856E-15, 25.00000000000000000, -0.9999999999999915623 ) ) ;
#3329 = DIRECTION ( 'NONE',  ( -0.000000000000000000, -1.000000000000000000, -0.000000000000000000 ) ) ;
#3330 = VECTOR ( 'NONE', #4044, 1000.000000000000000 ) ;
#3331 = LINE ( 'NONE', #1051, #4086 ) ;
#3332 = VECTOR ( 'NONE', #4113, 1000.000000000000000 ) ;
#3333 = CARTESIAN_POINT ( 'NONE',  ( 5.999999999999986677, 0.000000000000000000, 0.000000000000000000 ) ) ;
#3334 = CARTESIAN_POINT ( 'NONE',  ( -6.406649201050740963E-17, 25.00000000000000000, -0.6499999999999995781 ) ) ;
#3335 = VERTEX_POINT ( 'NONE', #4105 ) ;
#3336 = FACE_OUTER_BOUND ( 'NONE', #2693, .T. ) ;
#3337 = CARTESIAN_POINT ( 'NONE',  ( 13.69999999999998863, 25.00000000000000000, 5.200000000000002842 ) ) ;
#3338 = ORIENTED_EDGE ( 'NONE', *, *, #3546, .F. ) ;
#3339 = EDGE_CURVE ( 'NONE', #2430, #2082, #3175, .T. ) ;
#3340 = ORIENTED_EDGE ( 'NONE', *, *, #3678, .F. ) ;
#3341 = DIRECTION ( 'NONE',  ( -0.000000000000000000, -1.000000000000000000, 0.000000000000000000 ) ) ;
#3342 = ORIENTED_EDGE ( 'NONE', *, *, #1357, .F. ) ;
#3343 = CARTESIAN_POINT ( 'NONE',  ( -10.30000000000001137, 0.000000000000000000, 1.000000000000002887 ) ) ;
#3344 = ORIENTED_EDGE ( 'NONE', *, *, #3176, .F. ) ;
#3345 = ORIENTED_EDGE ( 'NONE', *, *, #2637, .T. ) ;
#3346 = ORIENTED_EDGE ( 'NONE', *, *, #3457, .F. ) ;
#3347 = DIRECTION ( 'NONE',  ( 0.000000000000000000, 0.000000000000000000, 1.000000000000000000 ) ) ;
#3348 = VECTOR ( 'NONE', #2045, 1000.000000000000000 ) ;
#3349 = DIRECTION ( 'NONE',  ( -1.000000000000000000, 0.000000000000000000, 0.000000000000000000 ) ) ;
#3350 = EDGE_CURVE ( 'NONE', #1540, #1427, #617, .T. ) ;
#3351 = ADVANCED_FACE ( 'NONE', ( #1269 ), #1287, .F. ) ;
#3352 = DIRECTION ( 'NONE',  ( -0.000000000000000000, -1.000000000000000000, -0.000000000000000000 ) ) ;
#3353 = DIRECTION ( 'NONE',  ( -0.000000000000000000, -1.000000000000000000, -0.000000000000000000 ) ) ;
#3354 = DIRECTION ( 'NONE',  ( 9.856383386231916759E-17, -0.000000000000000000, 1.000000000000000000 ) ) ;
#3355 = ORIENTED_EDGE ( 'NONE', *, *, #98, .T. ) ;
#3356 = CARTESIAN_POINT ( 'NONE',  ( -16.70000000000000639, 0.000000000000000000, -2.000000000000000444 ) ) ;
#3357 = DIRECTION ( 'NONE',  ( 0.000000000000000000, 1.000000000000000000, -0.000000000000000000 ) ) ;
#3358 = AXIS2_PLACEMENT_3D ( 'NONE', #1650, #1059, #1284 ) ;
#3359 = ORIENTED_EDGE ( 'NONE', *, *, #2749, .T. ) ;
#3360 = ORIENTED_EDGE ( 'NONE', *, *, #1398, .F. ) ;
#3361 = DIRECTION ( 'NONE',  ( 0.000000000000000000, 1.000000000000000000, -0.000000000000000000 ) ) ;
#3362 = EDGE_CURVE ( 'NONE', #4067, #31, #3792, .T. ) ;
#3363 = ORIENTED_EDGE ( 'NONE', *, *, #1820, .F. ) ;
#3364 = EDGE_CURVE ( 'NONE', #1292, #469, #180, .T. ) ;
#3365 = CARTESIAN_POINT ( 'NONE',  ( 17.99999999999998934, 0.000000000000000000, -0.000000000000000000 ) ) ;
#3366 = VERTEX_POINT ( 'NONE', #1951 ) ;
#3367 = CIRCLE ( 'NONE', #2958, 0.2999999999999999334 ) ;
#3368 = AXIS2_PLACEMENT_3D ( 'NONE', #256, #1552, #2508 ) ;
#3369 = ORIENTED_EDGE ( 'NONE', *, *, #3112, .F. ) ;
#3370 = CIRCLE ( 'NONE', #2967, 0.2999999999999999334 ) ;
#3371 = EDGE_LOOP ( 'NONE', ( #3141, #2850, #3411, #173 ) ) ;
#3372 = EDGE_CURVE ( 'NONE', #94, #1542, #2547, .T. ) ;
#3373 = DIRECTION ( 'NONE',  ( -0.000000000000000000, -1.000000000000000000, -0.000000000000000000 ) ) ;
#3374 = CARTESIAN_POINT ( 'NONE',  ( 5.299999999999987388, 25.00000000000000000, -5.199999999999998401 ) ) ;
#3375 = LINE ( 'NONE', #1136, #3761 ) ;
#3376 = EDGE_CURVE ( 'NONE', #24, #3926, #4079, .T. ) ;
#3377 = CARTESIAN_POINT ( 'NONE',  ( 0.000000000000000000, 25.00000000000000000, 5.500000000000003553 ) ) ;
#3378 = CARTESIAN_POINT ( 'NONE',  ( -17.70000000000000639, 0.000000000000000000, 0.9500000000000046185 ) ) ;
#3379 = DIRECTION ( 'NONE',  ( 0.000000000000000000, 0.000000000000000000, 1.000000000000000000 ) ) ;
#3380 = DIRECTION ( 'NONE',  ( 1.000000000000000000, 0.000000000000000000, -9.856383386231826780E-17 ) ) ;
#3381 = ADVANCED_FACE ( 'NONE', ( #659 ), #4062, .F. ) ;
#3382 = VERTEX_POINT ( 'NONE', #338 ) ;
#3383 = DIRECTION ( 'NONE',  ( 1.734723475976807410E-14, 0.000000000000000000, 1.000000000000000000 ) ) ;
#3384 = CARTESIAN_POINT ( 'NONE',  ( 12.99999999999998757, 25.00000000000000000, 0.000000000000000000 ) ) ;
#3385 = CONTEXT_DEPENDENT_SHAPE_REPRESENTATION ( #2272, #3641 ) ;
#3386 = ORIENTED_EDGE ( 'NONE', *, *, #777, .F. ) ;
#3387 = CARTESIAN_POINT ( 'NONE',  ( 16.99999999999998579, 0.000000000000000000, 0.000000000000000000 ) ) ;
#3388 = DIRECTION ( 'NONE',  ( 0.000000000000000000, 0.000000000000000000, 1.000000000000000000 ) ) ;
#3389 = VERTEX_POINT ( 'NONE', #1633 ) ;
#3390 = EDGE_CURVE ( 'NONE', #941, #2574, #916, .T. ) ;
#3391 = EDGE_CURVE ( 'NONE', #821, #3186, #1573, .T. ) ;
#3392 = VERTEX_POINT ( 'NONE', #2241 ) ;
#3393 = ORIENTED_EDGE ( 'NONE', *, *, #2831, .F. ) ;
#3394 = EDGE_CURVE ( 'NONE', #2488, #1952, #2840, .T. ) ;
#3395 = DIRECTION ( 'NONE',  ( -0.000000000000000000, -1.000000000000000000, -0.000000000000000000 ) ) ;
#3396 = CIRCLE ( 'NONE', #1943, 0.3000000000000007661 ) ;
#3397 = CARTESIAN_POINT ( 'NONE',  ( 8.999999999999987566, 25.00000000000000000, 1.000000000000003553 ) ) ;
#3398 = CARTESIAN_POINT ( 'NONE',  ( -6.406649201050740963E-17, 25.00000000000000000, -0.6499999999999995781 ) ) ;
#3399 = CARTESIAN_POINT ( 'NONE',  ( 5.299999999999990052, 25.00000000000000000, -5.499999999999998224 ) ) ;
#3400 = LINE ( 'NONE', #3048, #2794 ) ;
#3401 = EDGE_LOOP ( 'NONE', ( #1696, #846 ) ) ;
#3402 = CARTESIAN_POINT ( 'NONE',  ( 9.999999999999987566, 25.00000000000000000, -1.300000000000001377 ) ) ;
#3403 = EDGE_CURVE ( 'NONE', #1982, #243, #1603, .T. ) ;
#3404 = VERTEX_POINT ( 'NONE', #2176 ) ;
#3405 = CARTESIAN_POINT ( 'NONE',  ( 17.69999999999998508, 25.00000000000000000, -5.200000000000001066 ) ) ;
#3406 = LINE ( 'NONE', #844, #1232 ) ;
#3407 = EDGE_CURVE ( 'NONE', #245, #4004, #3445, .T. ) ;
#3408 = ORIENTED_EDGE ( 'NONE', *, *, #2846, .T. ) ;
#3409 = ORIENTED_EDGE ( 'NONE', *, *, #2444, .F. ) ;
#3410 = VERTEX_POINT ( 'NONE', #3196 ) ;
#3411 = ORIENTED_EDGE ( 'NONE', *, *, #2561, .T. ) ;
#3412 = AXIS2_PLACEMENT_3D ( 'NONE', #2879, #1377, #64 ) ;
#3413 = CARTESIAN_POINT ( 'NONE',  ( -17.00000000000000711, 25.00000000000000000, 0.000000000000000000 ) ) ;
#3414 = EDGE_CURVE ( 'NONE', #1402, #1827, #248, .T. ) ;
#3415 = EDGE_CURVE ( 'NONE', #3451, #1313, #1810, .T. ) ;
#3416 = CARTESIAN_POINT ( 'NONE',  ( -1.500000000000001998, 18.00000000000000355, -0.9999999999999893419 ) ) ;
#3417 = DIRECTION ( 'NONE',  ( 0.000000000000000000, 1.000000000000000000, -0.000000000000000000 ) ) ;
#3418 = UNCERTAINTY_MEASURE_WITH_UNIT (LENGTH_MEASURE( 1.000000000000000082E-05 ), #2582, 'distance_accuracy_value', 'NONE');
#3419 = VECTOR ( 'NONE', #2644, 1000.000000000000000 ) ;
#3420 = CARTESIAN_POINT ( 'NONE',  ( -1.807003620809174632E-16, 0.000000000000000000, -0.9999999999999985567 ) ) ;
#3421 = CARTESIAN_POINT ( 'NONE',  ( -13.00000000000000888, 0.000000000000000000, 1.300000000000005596 ) ) ;
#3422 = DIRECTION ( 'NONE',  ( 0.000000000000000000, 0.000000000000000000, -1.000000000000000000 ) ) ;
#3423 = ADVANCED_FACE ( 'NONE', ( #3465 ), #3131, .T. ) ;
#3424 = ORIENTED_EDGE ( 'NONE', *, *, #1328, .F. ) ;
#3425 = CARTESIAN_POINT ( 'NONE',  ( 13.99999999999998757, 25.00000000000000000, 0.000000000000000000 ) ) ;
#3426 = DIRECTION ( 'NONE',  ( -1.000000000000000000, 0.000000000000000000, 2.710505431213765522E-16 ) ) ;
#3427 = EDGE_LOOP ( 'NONE', ( #1592, #306, #710, #3270 ) ) ;
#3428 = AXIS2_PLACEMENT_3D ( 'NONE', #2296, #1029, #2319 ) ;
#3429 = CIRCLE ( 'NONE', #218, 0.2999999999999990452 ) ;
#3430 = ORIENTED_EDGE ( 'NONE', *, *, #927, .T. ) ;
#3431 = ORIENTED_EDGE ( 'NONE', *, *, #159, .F. ) ;
#3432 = DIRECTION ( 'NONE',  ( -0.000000000000000000, -1.000000000000000000, -0.000000000000000000 ) ) ;
#3433 = AXIS2_PLACEMENT_3D ( 'NONE', #2394, #861, #3723 ) ;
#3434 = ORIENTED_EDGE ( 'NONE', *, *, #1714, .F. ) ;
#3435 = FACE_OUTER_BOUND ( 'NONE', #3011, .T. ) ;
#3436 = CARTESIAN_POINT ( 'NONE',  ( 1.445602896647343453E-15, 18.00000000000000355, 1.000000000000011324 ) ) ;
#3437 = EDGE_CURVE ( 'NONE', #3905, #3451, #1612, .T. ) ;
#3438 = EDGE_CURVE ( 'NONE', #1201, #1692, #760, .T. ) ;
#3439 = CARTESIAN_POINT ( 'NONE',  ( 13.99999999999998757, 25.00000000000000000, 0.000000000000000000 ) ) ;
#3440 = VECTOR ( 'NONE', #2258, 1000.000000000000000 ) ;
#3441 = CARTESIAN_POINT ( 'NONE',  ( -13.70000000000000817, 0.000000000000000000, 5.500000000000003553 ) ) ;
#3442 = CARTESIAN_POINT ( 'NONE',  ( -2.710505431213765522E-16, 25.00000000000000000, 1.000000000000000000 ) ) ;
#3443 = VECTOR ( 'NONE', #871, 1000.000000000000000 ) ;
#3444 = FACE_OUTER_BOUND ( 'NONE', #1515, .T. ) ;
#3445 = LINE ( 'NONE', #579, #3989 ) ;
#3446 = ORIENTED_EDGE ( 'NONE', *, *, #1261, .T. ) ;
#3447 = DIRECTION ( 'NONE',  ( -0.000000000000000000, -1.000000000000000000, -0.000000000000000000 ) ) ;
#3448 = LINE ( 'NONE', #1195, #3957 ) ;
#3449 = VERTEX_POINT ( 'NONE', #424 ) ;
#3450 = DIRECTION ( 'NONE',  ( 0.000000000000000000, 0.000000000000000000, -1.000000000000000000 ) ) ;
#3451 = VERTEX_POINT ( 'NONE', #3313 ) ;
#3452 = VERTEX_POINT ( 'NONE', #40 ) ;
#3453 = CARTESIAN_POINT ( 'NONE',  ( 8.699999999999985079, 25.00000000000000000, -1.000000000000000000 ) ) ;
#3454 = VECTOR ( 'NONE', #1238, 1000.000000000000000 ) ;
#3455 = ORIENTED_EDGE ( 'NONE', *, *, #607, .T. ) ;
#3456 = SHAPE_REPRESENTATION_RELATIONSHIP ( 'NONE' , 'NONE' ,  #3187, #2511 ) ;
#3457 = EDGE_CURVE ( 'NONE', #1661, #520, #62, .T. ) ;
#3458 = CIRCLE ( 'NONE', #1662, 0.2999999999999999334 ) ;
#3459 = DIRECTION ( 'NONE',  ( -0.000000000000000000, -1.000000000000000000, -0.000000000000000000 ) ) ;
#3460 = CARTESIAN_POINT ( 'NONE',  ( 5.699999999999986855, 0.000000000000000000, -5.199999999999998401 ) ) ;
#3461 = VECTOR ( 'NONE', #1931, 1000.000000000000000 ) ;
#3462 = DIRECTION ( 'NONE',  ( -0.000000000000000000, -1.000000000000000000, -0.000000000000000000 ) ) ;
#3463 = LINE ( 'NONE', #3483, #1745 ) ;
#3464 = DIRECTION ( 'NONE',  ( 0.000000000000000000, 0.000000000000000000, -1.000000000000000000 ) ) ;
#3465 = FACE_OUTER_BOUND ( 'NONE', #2531, .T. ) ;
#3466 = VERTEX_POINT ( 'NONE', #3272 ) ;
#3467 = CARTESIAN_POINT ( 'NONE',  ( 3.614007241618367506E-16, 25.00000000000000000, 2.000000000000007105 ) ) ;
#3468 = CARTESIAN_POINT ( 'NONE',  ( 17.29999999999999005, 25.00000000000000000, -5.500000000000000888 ) ) ;
#3469 = ADVANCED_FACE ( 'NONE', ( #2896 ), #23, .F. ) ;
#3470 = ORIENTED_EDGE ( 'NONE', *, *, #863, .T. ) ;
#3471 = VECTOR ( 'NONE', #2867, 1000.000000000000000 ) ;
#3472 = CARTESIAN_POINT ( 'NONE',  ( 17.69999999999998508, 25.00000000000000000, -0.6500000000000012434 ) ) ;
#3473 = ORIENTED_EDGE ( 'NONE', *, *, #3391, .T. ) ;
#3474 = DIRECTION ( 'NONE',  ( 0.000000000000000000, 0.000000000000000000, 1.000000000000000000 ) ) ;
#3475 = ORIENTED_EDGE ( 'NONE', *, *, #569, .F. ) ;
#3476 =( NAMED_UNIT ( * ) SI_UNIT ( $, .STERADIAN. ) SOLID_ANGLE_UNIT ( ) );
#3477 = VECTOR ( 'NONE', #1535, 1000.000000000000000 ) ;
#3478 = FACE_OUTER_BOUND ( 'NONE', #2571, .T. ) ;
#3479 = ADVANCED_FACE ( 'NONE', ( #2281 ), #2051, .F. ) ;
#3480 = DIRECTION ( 'NONE',  ( 0.000000000000000000, 1.000000000000000000, -0.000000000000000000 ) ) ;
#3481 = EDGE_CURVE ( 'NONE', #731, #3382, #1055, .T. ) ;
#3482 = CARTESIAN_POINT ( 'NONE',  ( -14.00000000000000888, 25.00000000000000000, 2.300000000000006484 ) ) ;
#3483 = CARTESIAN_POINT ( 'NONE',  ( 8.999999999999987566, 0.000000000000000000, 0.000000000000000000 ) ) ;
#3484 = FACE_OUTER_BOUND ( 'NONE', #1741, .T. ) ;
#3485 = CARTESIAN_POINT ( 'NONE',  ( -18.00000000000001066, 25.00000000000000000, 0.000000000000000000 ) ) ;
#3486 = EDGE_LOOP ( 'NONE', ( #3744, #3801, #3941, #3817 ) ) ;
#3487 = PLANE ( 'NONE',  #2606 ) ;
#3488 = DIRECTION ( 'NONE',  ( 0.000000000000000000, 0.000000000000000000, 1.000000000000000000 ) ) ;
#3489 = ORIENTED_EDGE ( 'NONE', *, *, #534, .T. ) ;
#3490 = DIRECTION ( 'NONE',  ( -0.000000000000000000, -1.000000000000000000, 0.000000000000000000 ) ) ;
#3491 = EDGE_CURVE ( 'NONE', #3804, #1170, #2863, .T. ) ;
#3492 = EDGE_CURVE ( 'NONE', #865, #1542, #2790, .T. ) ;
#3493 = ORIENTED_EDGE ( 'NONE', *, *, #308, .F. ) ;
#3494 = DIRECTION ( 'NONE',  ( 4.448008912761049723E-16, 0.000000000000000000, 1.000000000000000000 ) ) ;
#3495 = ORIENTED_EDGE ( 'NONE', *, *, #869, .F. ) ;
#3496 = VECTOR ( 'NONE', #3646, 1000.000000000000000 ) ;
#3497 = VECTOR ( 'NONE', #1543, 1000.000000000000000 ) ;
#3498 = DIRECTION ( 'NONE',  ( -1.000000000000000000, 0.000000000000000000, 2.710505431213765522E-16 ) ) ;
#3499 = AXIS2_PLACEMENT_3D ( 'NONE', #1694, #1655, #662 ) ;
#3500 = EDGE_CURVE ( 'NONE', #4029, #1273, #3396, .T. ) ;
#3501 = DIRECTION ( 'NONE',  ( 0.000000000000000000, 1.000000000000000000, -0.000000000000000000 ) ) ;
#3502 = DIRECTION ( 'NONE',  ( -1.000000000000000000, 0.000000000000000000, 0.000000000000000000 ) ) ;
#3503 = DIRECTION ( 'NONE',  ( -0.000000000000000000, -1.000000000000000000, -0.000000000000000000 ) ) ;
#3504 = LINE ( 'NONE', #638, #1879 ) ;
#3505 = AXIS2_PLACEMENT_3D ( 'NONE', #1547, #3480, #2853 ) ;
#3506 = EDGE_CURVE ( 'NONE', #504, #3844, #1196, .T. ) ;
#3507 = DIRECTION ( 'NONE',  ( 0.000000000000000000, 0.000000000000000000, 1.000000000000000000 ) ) ;
#3508 = DIRECTION ( 'NONE',  ( -0.000000000000000000, -1.000000000000000000, -0.000000000000000000 ) ) ;
#3509 = ORIENTED_EDGE ( 'NONE', *, *, #4131, .F. ) ;
#3510 = DIRECTION ( 'NONE',  ( -0.000000000000000000, -1.000000000000000000, -0.000000000000000000 ) ) ;
#3511 = EDGE_CURVE ( 'NONE', #4066, #1307, #3936, .T. ) ;
#3512 = DIRECTION ( 'NONE',  ( 1.000000000000000000, 0.000000000000000000, -1.807003620809177344E-16 ) ) ;
#3513 = AXIS2_PLACEMENT_3D ( 'NONE', #1627, #653, #392 ) ;
#3514 = VERTEX_POINT ( 'NONE', #2299 ) ;
#3515 = CARTESIAN_POINT ( 'NONE',  ( -17.30000000000001492, 0.000000000000000000, -5.499999999999999112 ) ) ;
#3516 = VERTEX_POINT ( 'NONE', #3567 ) ;
#3517 = CARTESIAN_POINT ( 'NONE',  ( -13.70000000000000817, 25.00000000000000000, -5.200000000000000178 ) ) ;
#3518 = ORIENTED_EDGE ( 'NONE', *, *, #1275, .F. ) ;
#3519 = EDGE_CURVE ( 'NONE', #774, #2904, #105, .T. ) ;
#3520 = CARTESIAN_POINT ( 'NONE',  ( 0.000000000000000000, 0.000000000000000000, 0.000000000000000000 ) ) ;
#3521 = EDGE_CURVE ( 'NONE', #2737, #3404, #700, .T. ) ;
#3522 = LINE ( 'NONE', #2541, #571 ) ;
#3523 = DIRECTION ( 'NONE',  ( -0.000000000000000000, -1.000000000000000000, -0.000000000000000000 ) ) ;
#3524 = PRESENTATION_LAYER_ASSIGNMENT (  '', '', ( #2333 ) ) ;
#3525 = DIRECTION ( 'NONE',  ( -0.000000000000000000, -1.000000000000000000, 0.000000000000000000 ) ) ;
#3526 = CARTESIAN_POINT ( 'NONE',  ( -9.700000000000006395, 25.00000000000000000, 5.500000000000002665 ) ) ;
#3527 = AXIS2_PLACEMENT_3D ( 'NONE', #2626, #1652, #1327 ) ;
#3528 = CARTESIAN_POINT ( 'NONE',  ( 9.699999999999988631, 0.000000000000000000, -5.200000000000000178 ) ) ;
#3529 = ORIENTED_EDGE ( 'NONE', *, *, #3995, .T. ) ;
#3530 = LINE ( 'NONE', #3570, #2741 ) ;
#3531 = LINE ( 'NONE', #65, #2376 ) ;
#3532 = AXIS2_PLACEMENT_3D ( 'NONE', #3520, #650, #690 ) ;
#3533 = AXIS2_PLACEMENT_3D ( 'NONE', #1488, #1167, #2449 ) ;
#3534 = ORIENTED_EDGE ( 'NONE', *, *, #2400, .F. ) ;
#3535 = DIRECTION ( 'NONE',  ( -0.000000000000000000, -1.000000000000000000, -0.000000000000000000 ) ) ;
#3536 = EDGE_CURVE ( 'NONE', #309, #1337, #2136, .T. ) ;
#3537 = CIRCLE ( 'NONE', #3533, 0.3000000000000007661 ) ;
#3538 = EDGE_LOOP ( 'NONE', ( #91, #2462, #2918, #1471 ) ) ;
#3539 = EDGE_CURVE ( 'NONE', #3466, #446, #722, .T. ) ;
#3540 = CARTESIAN_POINT ( 'NONE',  ( -5.300000000000007816, 25.00000000000000000, -5.199999999999998401 ) ) ;
#3541 = ORIENTED_EDGE ( 'NONE', *, *, #1534, .F. ) ;
#3542 = AXIS2_PLACEMENT_3D ( 'NONE', #552, #1847, #2215 ) ;
#3543 = DIRECTION ( 'NONE',  ( 1.000000000000000000, 0.000000000000000000, 0.000000000000000000 ) ) ;
#3544 = CARTESIAN_POINT ( 'NONE',  ( 16.69999999999998508, 25.00000000000000000, -2.000000000000000444 ) ) ;
#3545 = CARTESIAN_POINT ( 'NONE',  ( -12.70000000000000817, 0.000000000000000000, -1.300000000000000044 ) ) ;
#3546 = EDGE_CURVE ( 'NONE', #1427, #520, #19, .T. ) ;
#3547 = PLANE ( 'NONE',  #1771 ) ;
#3548 = CARTESIAN_POINT ( 'NONE',  ( -6.406649201050740963E-17, 0.000000000000000000, -0.6499999999999995781 ) ) ;
#3549 = DIRECTION ( 'NONE',  ( 1.000000000000000000, 0.000000000000000000, 9.856383386231916759E-17 ) ) ;
#3550 = ORIENTED_EDGE ( 'NONE', *, *, #1937, .T. ) ;
#3551 = DIRECTION ( 'NONE',  ( 1.734723475976807410E-14, 0.000000000000000000, 1.000000000000000000 ) ) ;
#3552 = CARTESIAN_POINT ( 'NONE',  ( -6.300000000000007816, 25.00000000000000000, -1.299999999999999600 ) ) ;
#3553 = EDGE_LOOP ( 'NONE', ( #2119, #303, #2756, #2864 ) ) ;
#3554 = FACE_OUTER_BOUND ( 'NONE', #112, .T. ) ;
#3555 = ORIENTED_EDGE ( 'NONE', *, *, #669, .T. ) ;
#3556 = DIRECTION ( 'NONE',  ( -0.000000000000000000, -1.000000000000000000, -0.000000000000000000 ) ) ;
#3557 = ORIENTED_EDGE ( 'NONE', *, *, #352, .T. ) ;
#3558 = AXIS2_PLACEMENT_3D ( 'NONE', #108, #2073, #744 ) ;
#3559 = VECTOR ( 'NONE', #2482, 1000.000000000000000 ) ;
#3560 = FACE_OUTER_BOUND ( 'NONE', #2342, .T. ) ;
#3561 = DIRECTION ( 'NONE',  ( -0.000000000000000000, -1.000000000000000000, -0.000000000000000000 ) ) ;
#3562 = CIRCLE ( 'NONE', #1774, 0.2999999999999999334 ) ;
#3563 = CARTESIAN_POINT ( 'NONE',  ( 5.999999999999986677, 25.00000000000000000, -5.199999999999996625 ) ) ;
#3564 = AXIS2_PLACEMENT_3D ( 'NONE', #1636, #1354, #2573 ) ;
#3565 = ADVANCED_FACE ( 'NONE', ( #741 ), #1718, .F. ) ;
#3566 = CARTESIAN_POINT ( 'NONE',  ( -15.50000000000000000, 0.000000000000000000, 0.6500000000000045741 ) ) ;
#3567 = CARTESIAN_POINT ( 'NONE',  ( 12.69999999999998508, 0.000000000000000000, -1.000000000000000000 ) ) ;
#3568 = VECTOR ( 'NONE', #147, 1000.000000000000000 ) ;
#3569 = ORIENTED_EDGE ( 'NONE', *, *, #3668, .T. ) ;
#3570 = CARTESIAN_POINT ( 'NONE',  ( 0.000000000000000000, 0.000000000000000000, -5.500000000000000000 ) ) ;
#3571 = CYLINDRICAL_SURFACE ( 'NONE', #1161, 0.2999999999999999334 ) ;
#3572 = EDGE_LOOP ( 'NONE', ( #2510, #1729, #848, #2803 ) ) ;
#3573 = EDGE_CURVE ( 'NONE', #4041, #3392, #1075, .T. ) ;
#3574 = CARTESIAN_POINT ( 'NONE',  ( 2.710505431213765522E-16, 0.000000000000000000, 1.000000000000000000 ) ) ;
#3575 = CIRCLE ( 'NONE', #1786, 0.6500000000000027978 ) ;
#3576 = VERTEX_POINT ( 'NONE', #3734 ) ;
#3577 = DIRECTION ( 'NONE',  ( -1.445602896647327084E-15, -0.000000000000000000, -1.000000000000000000 ) ) ;
#3578 = ORIENTED_EDGE ( 'NONE', *, *, #812, .T. ) ;
#3579 = AXIS2_PLACEMENT_3D ( 'NONE', #3934, #2360, #3626 ) ;
#3580 =( NAMED_UNIT ( * ) SI_UNIT ( $, .STERADIAN. ) SOLID_ANGLE_UNIT ( ) );
#3581 = CYLINDRICAL_SURFACE ( 'NONE', #2283, 0.2999999999999999334 ) ;
#3582 = LINE ( 'NONE', #77, #2252 ) ;
#3583 = FACE_OUTER_BOUND ( 'NONE', #2076, .T. ) ;
#3584 = EDGE_CURVE ( 'NONE', #3926, #1300, #2378, .T. ) ;
#3585 = FACE_OUTER_BOUND ( 'NONE', #906, .T. ) ;
#3586 = ORIENTED_EDGE ( 'NONE', *, *, #3584, .T. ) ;
#3587 = DIRECTION ( 'NONE',  ( -1.000000000000000000, 0.000000000000000000, 9.856383386231916759E-17 ) ) ;
#3588 = CARTESIAN_POINT ( 'NONE',  ( -14.00000000000000888, 25.00000000000000000, 0.000000000000000000 ) ) ;
#3589 = ORIENTED_EDGE ( 'NONE', *, *, #978, .T. ) ;
#3590 = DIRECTION ( 'NONE',  ( 0.000000000000000000, 0.000000000000000000, -1.000000000000000000 ) ) ;
#3591 = FACE_OUTER_BOUND ( 'NONE', #808, .T. ) ;
#3592 = ORIENTED_EDGE ( 'NONE', *, *, #3511, .F. ) ;
#3593 = STYLED_ITEM ( 'NONE', ( #2610 ), #3210 ) ;
#3594 = DIRECTION ( 'NONE',  ( 0.000000000000000000, 1.000000000000000000, -0.000000000000000000 ) ) ;
#3595 = EDGE_CURVE ( 'NONE', #2123, #2368, #214, .T. ) ;
#3596 = ORIENTED_EDGE ( 'NONE', *, *, #1795, .F. ) ;
#3597 = EDGE_CURVE ( 'NONE', #3392, #1634, #3978, .T. ) ;
#3598 = DIRECTION ( 'NONE',  ( -0.000000000000000000, -1.000000000000000000, -0.000000000000000000 ) ) ;
#3599 = ORIENTED_EDGE ( 'NONE', *, *, #3919, .T. ) ;
#3600 = ORIENTED_EDGE ( 'NONE', *, *, #3372, .T. ) ;
#3601 = LINE ( 'NONE', #843, #2024 ) ;
#3602 = AXIS2_PLACEMENT_3D ( 'NONE', #3148, #3109, #1227 ) ;
#3603 = CARTESIAN_POINT ( 'NONE',  ( -9.300000000000011369, 0.000000000000000000, -5.500000000000000000 ) ) ;
#3604 = DIRECTION ( 'NONE',  ( 0.000000000000000000, 0.000000000000000000, 1.000000000000000000 ) ) ;
#3605 = PRODUCT_DEFINITION_SHAPE ( 'NONE', 'NONE',  #2369 ) ;
#3606 = DIRECTION ( 'NONE',  ( 0.000000000000000000, 0.000000000000000000, 1.000000000000000000 ) ) ;
#3607 = DIRECTION ( 'NONE',  ( -0.000000000000000000, -1.000000000000000000, -0.000000000000000000 ) ) ;
#3608 = EDGE_CURVE ( 'NONE', #2043, #3120, #1736, .T. ) ;
#3609 = DIRECTION ( 'NONE',  ( 0.000000000000000000, 0.000000000000000000, 1.000000000000000000 ) ) ;
#3610 = ORIENTED_EDGE ( 'NONE', *, *, #3573, .F. ) ;
#3611 = LINE ( 'NONE', #786, #2493 ) ;
#3612 = CARTESIAN_POINT ( 'NONE',  ( 12.99999999999998757, 0.000000000000000000, -5.199999999999998401 ) ) ;
#3613 = ORIENTED_EDGE ( 'NONE', *, *, #376, .T. ) ;
#3614 = CARTESIAN_POINT ( 'NONE',  ( 9.699999999999988631, 0.000000000000000000, 5.200000000000001954 ) ) ;
#3615 = ORIENTED_EDGE ( 'NONE', *, *, #2138, .T. ) ;
#3616 = DIRECTION ( 'NONE',  ( 0.000000000000000000, 0.000000000000000000, -1.000000000000000000 ) ) ;
#3617 = EDGE_LOOP ( 'NONE', ( #2609, #856, #2178, #2672 ) ) ;
#3618 = ADVANCED_FACE ( 'NONE', ( #2707 ), #4042, .T. ) ;
#3619 = EDGE_LOOP ( 'NONE', ( #1559, #2390, #4014, #886 ) ) ;
#3620 = FACE_OUTER_BOUND ( 'NONE', #3900, .T. ) ;
#3621 = LINE ( 'NONE', #802, #2357 ) ;
#3622 = CARTESIAN_POINT ( 'NONE',  ( -17.30000000000001137, 0.000000000000000000, 5.500000000000005329 ) ) ;
#3623 = VECTOR ( 'NONE', #1949, 1000.000000000000000 ) ;
#3624 = DIRECTION ( 'NONE',  ( -0.000000000000000000, -1.000000000000000000, -0.000000000000000000 ) ) ;
#3625 = VECTOR ( 'NONE', #1371, 1000.000000000000000 ) ;
#3626 = DIRECTION ( 'NONE',  ( 0.000000000000000000, 0.000000000000000000, -1.000000000000000000 ) ) ;
#3627 = AXIS2_PLACEMENT_3D ( 'NONE', #3889, #695, #2662 ) ;
#3628 = CARTESIAN_POINT ( 'NONE',  ( 5.999999999999986677, 25.00000000000000000, -1.300000000000001599 ) ) ;
#3629 = ORIENTED_EDGE ( 'NONE', *, *, #4026, .F. ) ;
#3630 = CIRCLE ( 'NONE', #2628, 0.2999999999999999334 ) ;
#3631 = DIRECTION ( 'NONE',  ( -0.000000000000000000, -1.000000000000000000, -0.000000000000000000 ) ) ;
#3632 = CARTESIAN_POINT ( 'NONE',  ( 16.99999999999998579, 25.00000000000000000, 2.300000000000006040 ) ) ;
#3633 = EDGE_LOOP ( 'NONE', ( #3263, #286, #3937, #1785 ) ) ;
#3634 = ORIENTED_EDGE ( 'NONE', *, *, #2251, .F. ) ;
#3635 = AXIS2_PLACEMENT_3D ( 'NONE', #61, #3607, #1950 ) ;
#3636 = DIRECTION ( 'NONE',  ( -0.000000000000000000, -1.000000000000000000, -0.000000000000000000 ) ) ;
#3637 = VERTEX_POINT ( 'NONE', #783 ) ;
#3638 = CARTESIAN_POINT ( 'NONE',  ( -17.00000000000000711, 25.00000000000000000, 5.200000000000001954 ) ) ;
#3639 = AXIS2_PLACEMENT_3D ( 'NONE', #992, #3835, #4138 ) ;
#3640 = ORIENTED_EDGE ( 'NONE', *, *, #3714, .T. ) ;
#3641 = PRODUCT_DEFINITION_SHAPE ( 'NONE', 'NONE',  #4140 ) ;
#3642 = ORIENTED_EDGE ( 'NONE', *, *, #3149, .T. ) ;
#3643 = DIRECTION ( 'NONE',  ( 1.000000000000000000, 0.000000000000000000, -1.445602896647327084E-15 ) ) ;
#3644 = CARTESIAN_POINT ( 'NONE',  ( 17.99999999999998934, 25.00000000000000000, -5.199999999999998401 ) ) ;
#3645 = ADVANCED_FACE ( 'NONE', ( #832 ), #1506, .F. ) ;
#3646 = DIRECTION ( 'NONE',  ( 0.000000000000000000, 0.000000000000000000, -1.000000000000000000 ) ) ;
#3647 = DIRECTION ( 'NONE',  ( 0.000000000000000000, 0.000000000000000000, 1.000000000000000000 ) ) ;
#3648 = CARTESIAN_POINT ( 'NONE',  ( 9.699999999999988631, 25.00000000000000000, -5.200000000000000178 ) ) ;
#3649 = ORIENTED_EDGE ( 'NONE', *, *, #3772, .T. ) ;
#3650 = CARTESIAN_POINT ( 'NONE',  ( -9.000000000000007105, 25.00000000000000000, 0.000000000000000000 ) ) ;
#3651 = DIRECTION ( 'NONE',  ( -1.000000000000000000, 0.000000000000000000, -0.000000000000000000 ) ) ;
#3652 = ORIENTED_EDGE ( 'NONE', *, *, #2802, .F. ) ;
#3653 = ORIENTED_EDGE ( 'NONE', *, *, #133, .F. ) ;
#3654 = DIRECTION ( 'NONE',  ( -0.000000000000000000, -1.000000000000000000, -0.000000000000000000 ) ) ;
#3655 = ORIENTED_EDGE ( 'NONE', *, *, #3500, .F. ) ;
#3656 = LINE ( 'NONE', #538, #2894 ) ;
#3657 = ORIENTED_EDGE ( 'NONE', *, *, #3771, .F. ) ;
#3658 = EDGE_CURVE ( 'NONE', #361, #1110, #3000, .T. ) ;
#3659 = EDGE_CURVE ( 'NONE', #1313, #1601, #2447, .T. ) ;
#3660 = VERTEX_POINT ( 'NONE', #1186 ) ;
#3661 = ORIENTED_EDGE ( 'NONE', *, *, #2948, .T. ) ;
#3662 = CARTESIAN_POINT ( 'NONE',  ( 13.99999999999998757, 25.00000000000000000, -2.300000000000002931 ) ) ;
#3663 = LINE ( 'NONE', #2997, #1503 ) ;
#3664 = DIRECTION ( 'NONE',  ( 0.000000000000000000, 0.000000000000000000, 1.000000000000000000 ) ) ;
#3665 = ORIENTED_EDGE ( 'NONE', *, *, #1895, .F. ) ;
#3666 = AXIS2_PLACEMENT_3D ( 'NONE', #3137, #1918, #343 ) ;
#3667 = CYLINDRICAL_SURFACE ( 'NONE', #360, 0.2999999999999999334 ) ;
#3668 = EDGE_CURVE ( 'NONE', #797, #3382, #1168, .T. ) ;
#3669 = DIRECTION ( 'NONE',  ( 0.000000000000000000, 0.000000000000000000, 1.000000000000000000 ) ) ;
#3670 = ORIENTED_EDGE ( 'NONE', *, *, #3948, .F. ) ;
#3671 = LINE ( 'NONE', #2729, #1834 ) ;
#3672 = DIRECTION ( 'NONE',  ( 0.000000000000000000, 0.000000000000000000, 1.000000000000000000 ) ) ;
#3673 = ORIENTED_EDGE ( 'NONE', *, *, #2194, .T. ) ;
#3674 = CARTESIAN_POINT ( 'NONE',  ( -17.00000000000000711, 0.000000000000000000, 5.200000000000001954 ) ) ;
#3675 = CARTESIAN_POINT ( 'NONE',  ( -13.30000000000000782, 25.00000000000000000, 5.200000000000002842 ) ) ;
#3676 = ITEM_DEFINED_TRANSFORMATION ( 'NONE', 'NONE', #1706,  #3034 ) ;
#3677 = VERTEX_POINT ( 'NONE', #2403 ) ;
#3678 = EDGE_CURVE ( 'NONE', #723, #3677, #2385, .T. ) ;
#3679 = DIRECTION ( 'NONE',  ( -0.000000000000000000, -1.000000000000000000, 0.000000000000000000 ) ) ;
#3680 = VERTEX_POINT ( 'NONE', #1782 ) ;
#3681 = AXIS2_PLACEMENT_3D ( 'NONE', #86, #3218, #1674 ) ;
#3682 = ORIENTED_EDGE ( 'NONE', *, *, #3847, .F. ) ;
#3683 = ORIENTED_EDGE ( 'NONE', *, *, #514, .T. ) ;
#3684 = EDGE_CURVE ( 'NONE', #247, #1518, #3083, .T. ) ;
#3685 = ORIENTED_EDGE ( 'NONE', *, *, #1468, .T. ) ;
#3686 = LINE ( 'NONE', #2661, #610 ) ;
#3687 = AXIS2_PLACEMENT_3D ( 'NONE', #1093, #2108, #1113 ) ;
#3688 = DIRECTION ( 'NONE',  ( -0.000000000000000000, -1.000000000000000000, -0.000000000000000000 ) ) ;
#3689 = EDGE_CURVE ( 'NONE', #2740, #3094, #422, .T. ) ;
#3690 = AXIS2_PLACEMENT_3D ( 'NONE', #2092, #1123, #2387 ) ;
#3691 = DIRECTION ( 'NONE',  ( 0.000000000000000000, 1.000000000000000000, -0.000000000000000000 ) ) ;
#3692 = DIRECTION ( 'NONE',  ( 0.000000000000000000, 0.000000000000000000, -1.000000000000000000 ) ) ;
#3693 = FACE_OUTER_BOUND ( 'NONE', #3001, .T. ) ;
#3694 = LINE ( 'NONE', #3958, #820 ) ;
#3695 = CARTESIAN_POINT ( 'NONE',  ( 0.000000000000000000, 25.00000000000000000, -5.499999999999998224 ) ) ;
#3696 = VECTOR ( 'NONE', #3577, 1000.000000000000000 ) ;
#3697 = EDGE_CURVE ( 'NONE', #3452, #3743, #494, .T. ) ;
#3698 = ORIENTED_EDGE ( 'NONE', *, *, #761, .F. ) ;
#3699 = AXIS2_PLACEMENT_3D ( 'NONE', #990, #3561, #2277 ) ;
#3700 = DIRECTION ( 'NONE',  ( -0.000000000000000000, -1.000000000000000000, -0.000000000000000000 ) ) ;
#3701 = VECTOR ( 'NONE', #682, 1000.000000000000000 ) ;
#3702 = ORIENTED_EDGE ( 'NONE', *, *, #2524, .T. ) ;
#3703 = FACE_OUTER_BOUND ( 'NONE', #1809, .T. ) ;
#3704 = DIRECTION ( 'NONE',  ( 0.000000000000000000, 1.000000000000000000, -0.000000000000000000 ) ) ;
#3705 = ADVANCED_FACE ( 'NONE', ( #3693 ), #2750, .T. ) ;
#3706 = VERTEX_POINT ( 'NONE', #853 ) ;
#3707 = VECTOR ( 'NONE', #2603, 1000.000000000000000 ) ;
#3708 = ORIENTED_EDGE ( 'NONE', *, *, #2905, .T. ) ;
#3709 = ORIENTED_EDGE ( 'NONE', *, *, #2094, .T. ) ;
#3710 = CIRCLE ( 'NONE', #1173, 0.3000000000000007661 ) ;
#3711 = ORIENTED_EDGE ( 'NONE', *, *, #1800, .F. ) ;
#3712 = CARTESIAN_POINT ( 'NONE',  ( 9.299999999999986500, 25.00000000000000000, -5.200000000000001066 ) ) ;
#3713 = DIRECTION ( 'NONE',  ( -0.000000000000000000, -1.000000000000000000, 0.000000000000000000 ) ) ;
#3714 = EDGE_CURVE ( 'NONE', #1307, #453, #835, .T. ) ;
#3715 = CARTESIAN_POINT ( 'NONE',  ( 0.000000000000000000, 0.000000000000000000, -5.499999999999998224 ) ) ;
#3716 = CARTESIAN_POINT ( 'NONE',  ( -5.000000000000009770, 25.00000000000000000, 0.000000000000000000 ) ) ;
#3717 = CARTESIAN_POINT ( 'NONE',  ( -13.30000000000000959, 0.000000000000000000, 5.500000000000003553 ) ) ;
#3718 = ORIENTED_EDGE ( 'NONE', *, *, #3059, .T. ) ;
#3719 = AXIS2_PLACEMENT_3D ( 'NONE', #326, #2267, #2226 ) ;
#3720 = APPLICATION_PROTOCOL_DEFINITION ( 'draft international standard', 'automotive_design', 1998, #979 ) ;
#3721 = VERTEX_POINT ( 'NONE', #2685 ) ;
#3722 = CARTESIAN_POINT ( 'NONE',  ( 2.710505431213756155E-16, 25.00000000000000000, -0.9999999999999965583 ) ) ;
#3723 = DIRECTION ( 'NONE',  ( 1.000000000000000000, 0.000000000000000000, 7.228014483236693597E-16 ) ) ;
#3724 = VERTEX_POINT ( 'NONE', #3955 ) ;
#3725 = EDGE_CURVE ( 'NONE', #3049, #2137, #2071, .T. ) ;
#3726 = VECTOR ( 'NONE', #1061, 1000.000000000000000 ) ;
#3727 = ORIENTED_EDGE ( 'NONE', *, *, #482, .T. ) ;
#3728 = VERTEX_POINT ( 'NONE', #1435 ) ;
#3729 = VECTOR ( 'NONE', #2370, 1000.000000000000000 ) ;
#3730 = SURFACE_STYLE_USAGE ( .BOTH. , #1899 ) ;
#3731 = VECTOR ( 'NONE', #1351, 1000.000000000000000 ) ;
#3732 = EDGE_CURVE ( 'NONE', #1342, #2781, #314, .T. ) ;
#3733 = DIRECTION ( 'NONE',  ( 1.000000000000000000, -0.000000000000000000, 0.000000000000000000 ) ) ;
#3734 = CARTESIAN_POINT ( 'NONE',  ( 17.69999999999998508, 25.00000000000000000, -5.500000000000000888 ) ) ;
#3735 = DIRECTION ( 'NONE',  ( 4.448008912761049723E-16, 0.000000000000000000, 1.000000000000000000 ) ) ;
#3736 = LINE ( 'NONE', #255, #454 ) ;
#3737 = PLANE ( 'NONE',  #1433 ) ;
#3738 = ADVANCED_FACE ( 'NONE', ( #1844 ), #3791, .F. ) ;
#3739 =( NAMED_UNIT ( * ) SI_UNIT ( $, .STERADIAN. ) SOLID_ANGLE_UNIT ( ) );
#3740 = ORIENTED_EDGE ( 'NONE', *, *, #3240, .T. ) ;
#3741 = CARTESIAN_POINT ( 'NONE',  ( -13.00000000000000888, 25.00000000000000000, -1.300000000000002043 ) ) ;
#3742 = DIRECTION ( 'NONE',  ( 1.000000000000000000, 0.000000000000000000, -6.505213034913122056E-15 ) ) ;
#3743 = VERTEX_POINT ( 'NONE', #1926 ) ;
#3744 = ORIENTED_EDGE ( 'NONE', *, *, #1754, .F. ) ;
#3745 = VECTOR ( 'NONE', #3590, 1000.000000000000000 ) ;
#3746 = ORIENTED_EDGE ( 'NONE', *, *, #2935, .T. ) ;
#3747 = ADVANCED_FACE ( 'NONE', ( #912 ), #1206, .F. ) ;
#3748 = ADVANCED_FACE ( 'NONE', ( #1245 ), #4057, .F. ) ;
#3749 = CARTESIAN_POINT ( 'NONE',  ( -12.70000000000000639, 25.00000000000000000, 1.000000000000003553 ) ) ;
#3750 = DIRECTION ( 'NONE',  ( -0.000000000000000000, -1.000000000000000000, 0.000000000000000000 ) ) ;
#3751 = UNCERTAINTY_MEASURE_WITH_UNIT (LENGTH_MEASURE( 1.000000000000000082E-05 ), #3768, 'distance_accuracy_value', 'NONE');
#3752 = CARTESIAN_POINT ( 'NONE',  ( 9.699999999999986855, 25.00000000000000000, -5.500000000000000000 ) ) ;
#3753 = PLANE ( 'NONE',  #3602 ) ;
#3754 = LINE ( 'NONE', #895, #1299 ) ;
#3755 = CARTESIAN_POINT ( 'NONE',  ( 13.29999999999998828, 25.00000000000000000, -5.500000000000000000 ) ) ;
#3756 = VERTEX_POINT ( 'NONE', #2190 ) ;
#3757 = VECTOR ( 'NONE', #3462, 1000.000000000000000 ) ;
#3758 = DIRECTION ( 'NONE',  ( -0.000000000000000000, -1.000000000000000000, -0.000000000000000000 ) ) ;
#3759 = DIRECTION ( 'NONE',  ( -1.000000000000000000, 0.000000000000000000, 0.000000000000000000 ) ) ;
#3760 = ORIENTED_EDGE ( 'NONE', *, *, #1267, .T. ) ;
#3761 = VECTOR ( 'NONE', #3624, 1000.000000000000000 ) ;
#3762 = EDGE_CURVE ( 'NONE', #3335, #2810, #1568, .T. ) ;
#3763 = ORIENTED_EDGE ( 'NONE', *, *, #3935, .F. ) ;
#3764 = ORIENTED_EDGE ( 'NONE', *, *, #376, .F. ) ;
#3765 = CYLINDRICAL_SURFACE ( 'NONE', #1475, 0.3000000000000007661 ) ;
#3766 = VECTOR ( 'NONE', #1215, 1000.000000000000000 ) ;
#3767 = ORIENTED_EDGE ( 'NONE', *, *, #3847, .T. ) ;
#3768 =( LENGTH_UNIT ( ) NAMED_UNIT ( * ) SI_UNIT ( .MILLI., .METRE. ) );
#3769 = DIRECTION ( 'NONE',  ( 0.000000000000000000, 1.000000000000000000, -0.000000000000000000 ) ) ;
#3770 = DIRECTION ( 'NONE',  ( 0.000000000000000000, 0.000000000000000000, -1.000000000000000000 ) ) ;
#3771 = EDGE_CURVE ( 'NONE', #1035, #2740, #2505, .T. ) ;
#3772 = EDGE_CURVE ( 'NONE', #327, #2084, #3899, .T. ) ;
#3773 = LINE ( 'NONE', #913, #3559 ) ;
#3774 = CARTESIAN_POINT ( 'NONE',  ( -14.00000000000000888, 25.00000000000000000, -5.199999999999998401 ) ) ;
#3775 = CIRCLE ( 'NONE', #1986, 1.500000000000000444 ) ;
#3776 = CARTESIAN_POINT ( 'NONE',  ( 6.299999999999987388, 0.000000000000000000, -1.299999999999999600 ) ) ;
#3777 = DIRECTION ( 'NONE',  ( -0.000000000000000000, -1.000000000000000000, 0.000000000000000000 ) ) ;
#3778 = VERTEX_POINT ( 'NONE', #2811 ) ;
#3779 = CARTESIAN_POINT ( 'NONE',  ( -13.70000000000000817, 25.00000000000000000, -5.500000000000000000 ) ) ;
#3780 = APPLICATION_CONTEXT ( 'automotive_design' ) ;
#3781 = LINE ( 'NONE', #2533, #2503 ) ;
#3782 = EDGE_LOOP ( 'NONE', ( #1083, #2224, #3984, #1659 ) ) ;
#3783 = CARTESIAN_POINT ( 'NONE',  ( -9.300000000000011369, 25.00000000000000000, 5.500000000000003553 ) ) ;
#3784 = ORIENTED_EDGE ( 'NONE', *, *, #3004, .F. ) ;
#3785 = CARTESIAN_POINT ( 'NONE',  ( 9.999999999999987566, 25.00000000000000000, 0.000000000000000000 ) ) ;
#3786 = VERTEX_POINT ( 'NONE', #931 ) ;
#3787 = EDGE_CURVE ( 'NONE', #1574, #132, #1026, .T. ) ;
#3788 = CYLINDRICAL_SURFACE ( 'NONE', #622, 0.2999999999999999334 ) ;
#3789 = AXIS2_PLACEMENT_3D ( 'NONE', #3384, #198, #1492 ) ;
#3790 = CARTESIAN_POINT ( 'NONE',  ( -9.700000000000006395, 25.00000000000000000, -5.499999999999999112 ) ) ;
#3791 = PLANE ( 'NONE',  #2445 ) ;
#3792 = CIRCLE ( 'NONE', #521, 0.3000000000000007661 ) ;
#3793 = CARTESIAN_POINT ( 'NONE',  ( -16.70000000000000639, 25.00000000000000000, -2.000000000000000444 ) ) ;
#3794 = FACE_OUTER_BOUND ( 'NONE', #1270, .T. ) ;
#3795 = EDGE_CURVE ( 'NONE', #1858, #2868, #3370, .T. ) ;
#3796 = DIRECTION ( 'NONE',  ( 0.000000000000000000, 1.000000000000000000, 0.000000000000000000 ) ) ;
#3797 = DIRECTION ( 'NONE',  ( 0.000000000000000000, 1.000000000000000000, -0.000000000000000000 ) ) ;
#3798 = VERTEX_POINT ( 'NONE', #549 ) ;
#3799 = FACE_OUTER_BOUND ( 'NONE', #545, .T. ) ;
#3800 = DIRECTION ( 'NONE',  ( -0.000000000000000000, -1.000000000000000000, -0.000000000000000000 ) ) ;
#3801 = ORIENTED_EDGE ( 'NONE', *, *, #1491, .F. ) ;
#3802 = DIRECTION ( 'NONE',  ( -0.000000000000000000, -1.000000000000000000, 0.000000000000000000 ) ) ;
#3803 = EDGE_CURVE ( 'NONE', #3637, #388, #1580, .T. ) ;
#3804 = VERTEX_POINT ( 'NONE', #1264 ) ;
#3805 = DIRECTION ( 'NONE',  ( 0.000000000000000000, 0.000000000000000000, 1.000000000000000000 ) ) ;
#3806 = EDGE_CURVE ( 'NONE', #3576, #4041, #3710, .T. ) ;
#3807 = ORIENTED_EDGE ( 'NONE', *, *, #2870, .T. ) ;
#3808 = EDGE_CURVE ( 'NONE', #361, #1068, #2113, .T. ) ;
#3809 = DIRECTION ( 'NONE',  ( -0.000000000000000000, -1.000000000000000000, -0.000000000000000000 ) ) ;
#3810 = DIRECTION ( 'NONE',  ( 1.734723475976807410E-14, 0.000000000000000000, 1.000000000000000000 ) ) ;
#3811 = ADVANCED_FACE ( 'NONE', ( #3146 ), #1903, .T. ) ;
#3812 = PLANE ( 'NONE',  #3358 ) ;
#3813 = CARTESIAN_POINT ( 'NONE',  ( 8.699999999999986855, 0.000000000000000000, -1.300000000000000044 ) ) ;
#3814 = DIRECTION ( 'NONE',  ( 0.000000000000000000, 0.000000000000000000, 1.000000000000000000 ) ) ;
#3815 = CIRCLE ( 'NONE', #1831, 0.2999999999999999334 ) ;
#3816 = DIRECTION ( 'NONE',  ( 0.000000000000000000, 0.000000000000000000, 1.000000000000000000 ) ) ;
#3817 = ORIENTED_EDGE ( 'NONE', *, *, #1924, .T. ) ;
#3818 = EDGE_CURVE ( 'NONE', #1300, #245, #2481, .T. ) ;
#3819 = DIRECTION ( 'NONE',  ( -0.000000000000000000, -1.000000000000000000, -0.000000000000000000 ) ) ;
#3820 = CARTESIAN_POINT ( 'NONE',  ( -9.700000000000006395, 25.00000000000000000, 5.500000000000002665 ) ) ;
#3821 = ORIENTED_EDGE ( 'NONE', *, *, #1159, .T. ) ;
#3822 = CARTESIAN_POINT ( 'NONE',  ( 17.29999999999999005, 0.000000000000000000, 5.200000000000001954 ) ) ;
#3823 = VECTOR ( 'NONE', #2235, 1000.000000000000000 ) ;
#3824 = ORIENTED_EDGE ( 'NONE', *, *, #4124, .F. ) ;
#3825 = EDGE_CURVE ( 'NONE', #1772, #473, #484, .T. ) ;
#3826 = PLANE ( 'NONE',  #1062 ) ;
#3827 = ORIENTED_EDGE ( 'NONE', *, *, #1497, .T. ) ;
#3828 = DIRECTION ( 'NONE',  ( 0.000000000000000000, 0.000000000000000000, 1.000000000000000000 ) ) ;
#3829 = CIRCLE ( 'NONE', #2041, 0.2999999999999999334 ) ;
#3830 = AXIS2_PLACEMENT_3D ( 'NONE', #354, #22, #2933 ) ;
#3831 = DIRECTION ( 'NONE',  ( -1.000000000000000000, 0.000000000000000000, -0.000000000000000000 ) ) ;
#3832 = DIRECTION ( 'NONE',  ( -0.000000000000000000, -1.000000000000000000, 0.000000000000000000 ) ) ;
#3833 = FACE_OUTER_BOUND ( 'NONE', #3177, .T. ) ;
#3834 = EDGE_CURVE ( 'NONE', #797, #2131, #2169, .T. ) ;
#3835 = DIRECTION ( 'NONE',  ( -0.000000000000000000, -1.000000000000000000, 0.000000000000000000 ) ) ;
#3836 = EDGE_CURVE ( 'NONE', #976, #2596, #635, .T. ) ;
#3837 = CARTESIAN_POINT ( 'NONE',  ( -2.710505431213765522E-16, 25.00000000000000000, 1.000000000000000000 ) ) ;
#3838 = VERTEX_POINT ( 'NONE', #1370 ) ;
#3839 = CARTESIAN_POINT ( 'NONE',  ( 5.999999999999986677, 25.00000000000000000, 0.000000000000000000 ) ) ;
#3840 = CARTESIAN_POINT ( 'NONE',  ( 13.29999999999998828, 25.00000000000000000, -5.500000000000000000 ) ) ;
#3841 = CIRCLE ( 'NONE', #2706, 0.3000000000000007661 ) ;
#3842 = ORIENTED_EDGE ( 'NONE', *, *, #3215, .T. ) ;
#3843 = DIRECTION ( 'NONE',  ( -0.000000000000000000, -1.000000000000000000, 0.000000000000000000 ) ) ;
#3844 = VERTEX_POINT ( 'NONE', #58 ) ;
#3845 = LINE ( 'NONE', #1541, #3997 ) ;
#3846 = VERTEX_POINT ( 'NONE', #2337 ) ;
#3847 = EDGE_CURVE ( 'NONE', #1898, #1678, #1028, .T. ) ;
#3848 = DIRECTION ( 'NONE',  ( 0.000000000000000000, 0.000000000000000000, 1.000000000000000000 ) ) ;
#3849 = CARTESIAN_POINT ( 'NONE',  ( -13.30000000000000782, 25.00000000000000000, 5.200000000000002842 ) ) ;
#3850 = CYLINDRICAL_SURFACE ( 'NONE', #3699, 0.3000000000000007661 ) ;
#3851 = EDGE_CURVE ( 'NONE', #1858, #2248, #716, .T. ) ;
#3852 = DIRECTION ( 'NONE',  ( 0.000000000000000000, 0.000000000000000000, 1.000000000000000000 ) ) ;
#3853 = DIRECTION ( 'NONE',  ( -1.807003620809177344E-16, 0.000000000000000000, 1.000000000000000000 ) ) ;
#3854 = DIRECTION ( 'NONE',  ( 0.000000000000000000, 1.000000000000000000, -0.000000000000000000 ) ) ;
#3855 = ORIENTED_EDGE ( 'NONE', *, *, #435, .T. ) ;
#3856 = PLANE ( 'NONE',  #1212 ) ;
#3857 = CARTESIAN_POINT ( 'NONE',  ( -16.70000000000000639, 25.00000000000000000, 2.300000000000003819 ) ) ;
#3858 = PRODUCT_DEFINITION_FORMATION_WITH_SPECIFIED_SOURCE ( 'ANY', '', #2278, .NOT_KNOWN. ) ;
#3859 = VERTEX_POINT ( 'NONE', #2620 ) ;
#3860 = CARTESIAN_POINT ( 'NONE',  ( 14.29999999999998828, 0.000000000000000000, 2.300000000000004263 ) ) ;
#3861 = VECTOR ( 'NONE', #3494, 1000.000000000000000 ) ;
#3862 = EDGE_LOOP ( 'NONE', ( #266, #2072, #2397, #398 ) ) ;
#3863 = PLANE ( 'NONE',  #3029 ) ;
#3864 = ORIENTED_EDGE ( 'NONE', *, *, #6, .T. ) ;
#3865 = CARTESIAN_POINT ( 'NONE',  ( 0.000000000000000000, 0.000000000000000000, 0.000000000000000000 ) ) ;
#3866 = EDGE_CURVE ( 'NONE', #2961, #3058, #2761, .T. ) ;
#3867 = ADVANCED_FACE ( 'NONE', ( #3583 ), #2318, .T. ) ;
#3868 = FACE_OUTER_BOUND ( 'NONE', #1993, .T. ) ;
#3869 = LINE ( 'NONE', #2891, #76 ) ;
#3870 = CARTESIAN_POINT ( 'NONE',  ( -18.00000000000001066, 25.00000000000000000, -0.9500000000000033973 ) ) ;
#3871 = CARTESIAN_POINT ( 'NONE',  ( 1.192622389734066395E-14, 25.00000000000000000, -5.500000000000020428 ) ) ;
#3872 = DIRECTION ( 'NONE',  ( -9.856383386231916759E-17, 0.000000000000000000, 1.000000000000000000 ) ) ;
#3873 = ORIENTED_EDGE ( 'NONE', *, *, #330, .F. ) ;
#3874 = CARTESIAN_POINT ( 'NONE',  ( 17.69999999999998508, 25.00000000000000000, -5.500000000000000888 ) ) ;
#3875 = DIRECTION ( 'NONE',  ( 0.000000000000000000, 0.000000000000000000, 1.000000000000000000 ) ) ;
#3876 = ORIENTED_EDGE ( 'NONE', *, *, #1532, .F. ) ;
#3877 = VECTOR ( 'NONE', #3305, 1000.000000000000000 ) ;
#3878 = CARTESIAN_POINT ( 'NONE',  ( -1.192622389734071443E-14, 0.000000000000000000, -5.500000000000019540 ) ) ;
#3879 = ORIENTED_EDGE ( 'NONE', *, *, #1532, .T. ) ;
#3880 = VECTOR ( 'NONE', #2669, 1000.000000000000000 ) ;
#3881 = DIRECTION ( 'NONE',  ( -0.000000000000000000, -1.000000000000000000, -0.000000000000000000 ) ) ;
#3882 = VERTEX_POINT ( 'NONE', #1322 ) ;
#3883 = ADVANCED_FACE ( 'NONE', ( #1984 ), #3268, .T. ) ;
#3884 = VECTOR ( 'NONE', #1886, 1000.000000000000000 ) ;
#3885 = DIRECTION ( 'NONE',  ( -0.000000000000000000, -1.000000000000000000, -0.000000000000000000 ) ) ;
#3886 = VECTOR ( 'NONE', #1727, 1000.000000000000000 ) ;
#3887 = PLANE ( 'NONE',  #400 ) ;
#3888 = VECTOR ( 'NONE', #122, 1000.000000000000000 ) ;
#3889 = CARTESIAN_POINT ( 'NONE',  ( 8.699999999999986855, 25.00000000000000000, -1.300000000000000044 ) ) ;
#3890 = MECHANICAL_DESIGN_GEOMETRIC_PRESENTATION_REPRESENTATION (  '', ( #2304 ), #830 ) ;
#3891 = DIRECTION ( 'NONE',  ( 1.000000000000000000, 0.000000000000000000, -0.000000000000000000 ) ) ;
#3892 = ORIENTED_EDGE ( 'NONE', *, *, #3909, .F. ) ;
#3893 = VECTOR ( 'NONE', #1421, 1000.000000000000000 ) ;
#3894 = VECTOR ( 'NONE', #461, 1000.000000000000000 ) ;
#3895 = FACE_OUTER_BOUND ( 'NONE', #3078, .T. ) ;
#3896 = EDGE_CURVE ( 'NONE', #908, #2719, #3869, .T. ) ;
#3897 = DIRECTION ( 'NONE',  ( -0.000000000000000000, -1.000000000000000000, 0.000000000000000000 ) ) ;
#3898 = AXIS2_PLACEMENT_3D ( 'NONE', #2876, #3234, #3195 ) ;
#3899 = CIRCLE ( 'NONE', #3505, 0.3000000000000007661 ) ;
#3900 = EDGE_LOOP ( 'NONE', ( #1766, #2291, #685, #3599 ) ) ;
#3901 = DIRECTION ( 'NONE',  ( -1.000000000000000000, 0.000000000000000000, 0.000000000000000000 ) ) ;
#3902 = DIRECTION ( 'NONE',  ( -0.000000000000000000, -1.000000000000000000, -0.000000000000000000 ) ) ;
#3903 = EDGE_LOOP ( 'NONE', ( #110, #2061, #3057, #3183 ) ) ;
#3904 = CARTESIAN_POINT ( 'NONE',  ( -5.700000000000008171, 25.00000000000000000, -5.199999999999998401 ) ) ;
#3905 = VERTEX_POINT ( 'NONE', #1649 ) ;
#3906 = CARTESIAN_POINT ( 'NONE',  ( 0.000000000000000000, 11.00000000000000000, -0.4999999999999998890 ) ) ;
#3907 = ORIENTED_EDGE ( 'NONE', *, *, #1187, .F. ) ;
#3908 = CARTESIAN_POINT ( 'NONE',  ( -1.192622389734072232E-14, 25.00000000000000000, 5.500000000000023093 ) ) ;
#3909 = EDGE_CURVE ( 'NONE', #3366, #1692, #3232, .T. ) ;
#3910 = DIRECTION ( 'NONE',  ( -0.000000000000000000, -1.000000000000000000, -0.000000000000000000 ) ) ;
#3911 = DIRECTION ( 'NONE',  ( -0.000000000000000000, -1.000000000000000000, -0.000000000000000000 ) ) ;
#3912 = CARTESIAN_POINT ( 'NONE',  ( -18.00000000000001066, 25.00000000000000000, -5.199999999999993960 ) ) ;
#3913 = PLANE ( 'NONE',  #1911 ) ;
#3914 = DIRECTION ( 'NONE',  ( 0.000000000000000000, 0.000000000000000000, 1.000000000000000000 ) ) ;
#3915 = UNCERTAINTY_MEASURE_WITH_UNIT (LENGTH_MEASURE( 1.000000000000000082E-05 ), #1963, 'distance_accuracy_value', 'NONE');
#3916 = ORIENTED_EDGE ( 'NONE', *, *, #2642, .F. ) ;
#3917 = CYLINDRICAL_SURFACE ( 'NONE', #887, 0.3000000000000007661 ) ;
#3918 = DIRECTION ( 'NONE',  ( -1.445602896647327084E-15, -0.000000000000000000, -1.000000000000000000 ) ) ;
#3919 = EDGE_CURVE ( 'NONE', #3804, #1035, #2950, .T. ) ;
#3920 = VERTEX_POINT ( 'NONE', #1390 ) ;
#3921 = VECTOR ( 'NONE', #2986, 1000.000000000000000 ) ;
#3922 = DIRECTION ( 'NONE',  ( 0.000000000000000000, 1.000000000000000000, -0.000000000000000000 ) ) ;
#3923 = VECTOR ( 'NONE', #3293, 1000.000000000000000 ) ;
#3924 = EDGE_LOOP ( 'NONE', ( #2121, #48, #2907, #801 ) ) ;
#3925 = DIRECTION ( 'NONE',  ( 0.000000000000000000, 0.000000000000000000, -1.000000000000000000 ) ) ;
#3926 = VERTEX_POINT ( 'NONE', #1712 ) ;
#3927 = ORIENTED_EDGE ( 'NONE', *, *, #2194, .F. ) ;
#3928 = DIRECTION ( 'NONE',  ( 1.807003620809177344E-16, 0.000000000000000000, -1.000000000000000000 ) ) ;
#3929 = AXIS2_PLACEMENT_3D ( 'NONE', #1583, #1258, #3805 ) ;
#3930 = CARTESIAN_POINT ( 'NONE',  ( -13.00000000000000888, 25.00000000000000000, -5.199999999999998401 ) ) ;
#3931 = ADVANCED_FACE ( 'NONE', ( #2974 ), #2025, .F. ) ;
#3932 = DIRECTION ( 'NONE',  ( -0.000000000000000000, -1.000000000000000000, -0.000000000000000000 ) ) ;
#3933 = PLANE ( 'NONE',  #2562 ) ;
#3934 = CARTESIAN_POINT ( 'NONE',  ( -8.700000000000008171, 25.00000000000000000, -1.300000000000000044 ) ) ;
#3935 = EDGE_CURVE ( 'NONE', #2334, #543, #1006, .T. ) ;
#3936 = LINE ( 'NONE', #2914, #1733 ) ;
#3937 = ORIENTED_EDGE ( 'NONE', *, *, #3415, .F. ) ;
#3938 = AXIS2_PLACEMENT_3D ( 'NONE', #202, #3928, #2757 ) ;
#3939 = LINE ( 'NONE', #1078, #2097 ) ;
#3940 = LINE ( 'NONE', #3632, #1874 ) ;
#3941 = ORIENTED_EDGE ( 'NONE', *, *, #3228, .T. ) ;
#3942 = ORIENTED_EDGE ( 'NONE', *, *, #2213, .T. ) ;
#3943 = DIRECTION ( 'NONE',  ( 1.000000000000000000, 0.000000000000000000, -2.168404344971021884E-15 ) ) ;
#3944 = ORIENTED_EDGE ( 'NONE', *, *, #1563, .T. ) ;
#3945 = CARTESIAN_POINT ( 'NONE',  ( 10.29999999999999005, 25.00000000000000000, 1.000000000000002887 ) ) ;
#3946 = VECTOR ( 'NONE', #2701, 1000.000000000000000 ) ;
#3947 = ORIENTED_EDGE ( 'NONE', *, *, #2769, .T. ) ;
#3948 = EDGE_CURVE ( 'NONE', #3838, #2777, #1964, .T. ) ;
#3949 = ORIENTED_EDGE ( 'NONE', *, *, #1491, .T. ) ;
#3950 = CARTESIAN_POINT ( 'NONE',  ( -9.700000000000006395, 0.000000000000000000, -5.499999999999999112 ) ) ;
#3951 = CARTESIAN_POINT ( 'NONE',  ( 13.29999999999998650, 25.00000000000000000, -5.200000000000000178 ) ) ;
#3952 = DIRECTION ( 'NONE',  ( 0.000000000000000000, 0.000000000000000000, -1.000000000000000000 ) ) ;
#3953 = ORIENTED_EDGE ( 'NONE', *, *, #3481, .T. ) ;
#3954 = LINE ( 'NONE', #3333, #633 ) ;
#3955 = CARTESIAN_POINT ( 'NONE',  ( 17.99999999999998934, 0.000000000000000000, 5.199999999999998401 ) ) ;
#3956 = EDGE_LOOP ( 'NONE', ( #4070, #564, #1818, #3990 ) ) ;
#3957 = VECTOR ( 'NONE', #1272, 1000.000000000000000 ) ;
#3958 = CARTESIAN_POINT ( 'NONE',  ( -2.710505431213765522E-16, 0.000000000000000000, 1.000000000000000000 ) ) ;
#3959 = EDGE_CURVE ( 'NONE', #1921, #4029, #3211, .T. ) ;
#3960 = PLANE ( 'NONE',  #1776 ) ;
#3961 = VERTEX_POINT ( 'NONE', #1303 ) ;
#3962 = ORIENTED_EDGE ( 'NONE', *, *, #1871, .T. ) ;
#3963 = ADVANCED_FACE ( 'NONE', ( #2584 ), #3850, .T. ) ;
#3964 = VECTOR ( 'NONE', #2217, 1000.000000000000000 ) ;
#3965 = CARTESIAN_POINT ( 'NONE',  ( -10.30000000000001137, 25.00000000000000000, -0.9999999999999993339 ) ) ;
#3966 = ORIENTED_EDGE ( 'NONE', *, *, #80, .T. ) ;
#3967 = LINE ( 'NONE', #156, #221 ) ;
#3968 = EDGE_LOOP ( 'NONE', ( #1793, #1796, #3760, #985 ) ) ;
#3969 = ORIENTED_EDGE ( 'NONE', *, *, #3851, .F. ) ;
#3970 = EDGE_LOOP ( 'NONE', ( #1728, #701, #969, #386 ) ) ;
#3971 = ADVANCED_FACE ( 'NONE', ( #1966 ), #351, .F. ) ;
#3972 = CIRCLE ( 'NONE', #909, 0.2999999999999999334 ) ;
#3973 = ADVANCED_FACE ( 'NONE', ( #1666 ), #1344, .T. ) ;
#3974 = CARTESIAN_POINT ( 'NONE',  ( 4.999999999999986677, 25.00000000000000000, -5.199999999999995737 ) ) ;
#3975 = DIRECTION ( 'NONE',  ( -0.000000000000000000, -1.000000000000000000, 0.000000000000000000 ) ) ;
#3976 = CARTESIAN_POINT ( 'NONE',  ( 16.99999999999998579, 0.000000000000000000, -0.000000000000000000 ) ) ;
#3977 = CARTESIAN_POINT ( 'NONE',  ( -15.50000000000000000, 0.000000000000000000, 1.898202538678397952E-15 ) ) ;
#3978 = LINE ( 'NONE', #2089, #2309 ) ;
#3979 = EDGE_CURVE ( 'NONE', #1961, #3410, #4016, .T. ) ;
#3980 = ORIENTED_EDGE ( 'NONE', *, *, #1452, .T. ) ;
#3981 = CARTESIAN_POINT ( 'NONE',  ( -6.000000000000007994, 25.00000000000000000, -5.199999999999996625 ) ) ;
#3982 = FACE_OUTER_BOUND ( 'NONE', #1980, .T. ) ;
#3983 = ORIENTED_EDGE ( 'NONE', *, *, #365, .F. ) ;
#3984 = ORIENTED_EDGE ( 'NONE', *, *, #3310, .F. ) ;
#3985 = CIRCLE ( 'NONE', #1803, 0.2999999999999999334 ) ;
#3986 = EDGE_LOOP ( 'NONE', ( #3557, #1016, #2227, #2472 ) ) ;
#3987 = CARTESIAN_POINT ( 'NONE',  ( -9.700000000000008171, 0.000000000000000000, -5.199999999999999289 ) ) ;
#3988 = ORIENTED_EDGE ( 'NONE', *, *, #601, .F. ) ;
#3989 = VECTOR ( 'NONE', #2570, 1000.000000000000000 ) ;
#3990 = ORIENTED_EDGE ( 'NONE', *, *, #2256, .T. ) ;
#3991 = ORIENTED_EDGE ( 'NONE', *, *, #842, .F. ) ;
#3992 = CARTESIAN_POINT ( 'NONE',  ( -10.00000000000000888, 25.00000000000000000, -5.199999999999997513 ) ) ;
#3993 = CARTESIAN_POINT ( 'NONE',  ( -17.70000000000000995, 0.000000000000000000, 5.200000000000005507 ) ) ;
#3994 = AXIS2_PLACEMENT_3D ( 'NONE', #3122, #3140, #3474 ) ;
#3995 = EDGE_CURVE ( 'NONE', #3322, #1342, #3041, .T. ) ;
#3996 = LINE ( 'NONE', #1715, #3496 ) ;
#3997 = VECTOR ( 'NONE', #1561, 1000.000000000000000 ) ;
#3998 = CARTESIAN_POINT ( 'NONE',  ( -9.000000000000007105, 25.00000000000000000, 0.000000000000000000 ) ) ;
#3999 = CARTESIAN_POINT ( 'NONE',  ( -5.000000000000009770, 25.00000000000000000, -0.9999999999999983347 ) ) ;
#4000 = EDGE_CURVE ( 'NONE', #158, #3660, #2722, .T. ) ;
#4001 = CARTESIAN_POINT ( 'NONE',  ( -2.710505431213756155E-16, 25.00000000000000000, -0.9999999999999965583 ) ) ;
#4002 = DIRECTION ( 'NONE',  ( -0.000000000000000000, -1.000000000000000000, -0.000000000000000000 ) ) ;
#4003 = ORIENTED_EDGE ( 'NONE', *, *, #3376, .F. ) ;
#4004 = VERTEX_POINT ( 'NONE', #803 ) ;
#4005 = PLANE ( 'NONE',  #1121 ) ;
#4006 = VERTEX_POINT ( 'NONE', #756 ) ;
#4007 = DIRECTION ( 'NONE',  ( 1.000000000000000000, 0.000000000000000000, -1.807003620809177344E-16 ) ) ;
#4008 = CARTESIAN_POINT ( 'NONE',  ( 13.99999999999998757, 25.00000000000000000, -5.199999999999998401 ) ) ;
#4009 = ORIENTED_EDGE ( 'NONE', *, *, #3364, .T. ) ;
#4010 = ORIENTED_EDGE ( 'NONE', *, *, #189, .T. ) ;
#4011 = VERTEX_POINT ( 'NONE', #1801 ) ;
#4012 = AXIS2_PLACEMENT_3D ( 'NONE', #2583, #989, #2929 ) ;
#4013 = EDGE_CURVE ( 'NONE', #1035, #1054, #3429, .T. ) ;
#4014 = ORIENTED_EDGE ( 'NONE', *, *, #2870, .F. ) ;
#4015 = PLANE ( 'NONE',  #2747 ) ;
#4016 = LINE ( 'NONE', #1158, #2892 ) ;
#4017 = VECTOR ( 'NONE', #977, 1000.000000000000000 ) ;
#4018 = DIRECTION ( 'NONE',  ( 0.000000000000000000, 0.000000000000000000, 1.000000000000000000 ) ) ;
#4019 = AXIS2_PLACEMENT_3D ( 'NONE', #1247, #2526, #273 ) ;
#4020 = DIRECTION ( 'NONE',  ( 0.000000000000000000, 0.000000000000000000, -1.000000000000000000 ) ) ;
#4021 = DIRECTION ( 'NONE',  ( -0.000000000000000000, -1.000000000000000000, -0.000000000000000000 ) ) ;
#4022 = CARTESIAN_POINT ( 'NONE',  ( 4.999999999999989342, 25.00000000000000000, -2.224004456380520227E-15 ) ) ;
#4023 = AXIS2_PLACEMENT_3D ( 'NONE', #1403, #1382, #1316 ) ;
#4024 = ORIENTED_EDGE ( 'NONE', *, *, #1742, .F. ) ;
#4025 = CIRCLE ( 'NONE', #2234, 0.3000000000000007661 ) ;
#4026 = EDGE_CURVE ( 'NONE', #2057, #3743, #3663, .T. ) ;
#4027 = ORIENTED_EDGE ( 'NONE', *, *, #3732, .F. ) ;
#4028 = CARTESIAN_POINT ( 'NONE',  ( 12.99999999999998757, 25.00000000000000000, 5.200000000000001066 ) ) ;
#4029 = VERTEX_POINT ( 'NONE', #141 ) ;
#4030 = CARTESIAN_POINT ( 'NONE',  ( -9.300000000000007816, 25.00000000000000000, -5.200000000000000178 ) ) ;
#4031 = CARTESIAN_POINT ( 'NONE',  ( -8.700000000000008171, 0.000000000000000000, -1.300000000000000044 ) ) ;
#4032 = ORIENTED_EDGE ( 'NONE', *, *, #465, .T. ) ;
#4033 = AXIS2_PLACEMENT_3D ( 'NONE', #528, #2466, #485 ) ;
#4034 = ORIENTED_EDGE ( 'NONE', *, *, #950, .T. ) ;
#4035 = ORIENTED_EDGE ( 'NONE', *, *, #2080, .F. ) ;
#4036 = VECTOR ( 'NONE', #2789, 1000.000000000000000 ) ;
#4037 = ORIENTED_EDGE ( 'NONE', *, *, #1914, .T. ) ;
#4038 = CARTESIAN_POINT ( 'NONE',  ( -9.300000000000011369, 25.00000000000000000, -5.500000000000000000 ) ) ;
#4039 = ADVANCED_FACE ( 'NONE', ( #2358 ), #457, .T. ) ;
#4040 = CARTESIAN_POINT ( 'NONE',  ( -9.000000000000007105, 25.00000000000000000, -1.300000000000002043 ) ) ;
#4041 = VERTEX_POINT ( 'NONE', #3644 ) ;
#4042 = PLANE ( 'NONE',  #3038 ) ;
#4043 = PLANE ( 'NONE',  #3091 ) ;
#4044 = DIRECTION ( 'NONE',  ( -0.000000000000000000, -1.000000000000000000, -0.000000000000000000 ) ) ;
#4045 = CARTESIAN_POINT ( 'NONE',  ( 0.000000000000000000, 11.00000000000000000, 0.000000000000000000 ) ) ;
#4046 = DIRECTION ( 'NONE',  ( 0.000000000000000000, 1.000000000000000000, -0.000000000000000000 ) ) ;
#4047 = CIRCLE ( 'NONE', #1183, 0.2999999999999999334 ) ;
#4048 = ORIENTED_EDGE ( 'NONE', *, *, #3896, .F. ) ;
#4049 = ADVANCED_FACE ( 'NONE', ( #3080 ), #506, .F. ) ;
#4050 = DIRECTION ( 'NONE',  ( 0.000000000000000000, 1.000000000000000000, -0.000000000000000000 ) ) ;
#4051 = CARTESIAN_POINT ( 'NONE',  ( -13.00000000000000888, 25.00000000000000000, 5.200000000000001066 ) ) ;
#4052 = ORIENTED_EDGE ( 'NONE', *, *, #466, .T. ) ;
#4053 = ORIENTED_EDGE ( 'NONE', *, *, #1922, .F. ) ;
#4054 = VERTEX_POINT ( 'NONE', #2399 ) ;
#4055 = DIRECTION ( 'NONE',  ( 0.000000000000000000, 0.000000000000000000, 1.000000000000000000 ) ) ;
#4056 = AXIS2_PLACEMENT_3D ( 'NONE', #2544, #3128, #4101 ) ;
#4057 = PLANE ( 'NONE',  #2838 ) ;
#4058 = CARTESIAN_POINT ( 'NONE',  ( 9.299999999999990052, 0.000000000000000000, 5.500000000000003553 ) ) ;
#4059 = CARTESIAN_POINT ( 'NONE',  ( -13.70000000000000817, 0.000000000000000000, -5.500000000000000000 ) ) ;
#4060 = ADVANCED_FACE ( 'NONE', ( #776 ), #2382, .T. ) ;
#4061 = CYLINDRICAL_SURFACE ( 'NONE', #1579, 0.2999999999999999334 ) ;
#4062 = CYLINDRICAL_SURFACE ( 'NONE', #652, 0.2999999999999999334 ) ;
#4063 = ORIENTED_EDGE ( 'NONE', *, *, #1486, .F. ) ;
#4064 = LINE ( 'NONE', #1516, #737 ) ;
#4065 = DIRECTION ( 'NONE',  ( -0.000000000000000000, -1.000000000000000000, 0.000000000000000000 ) ) ;
#4066 = VERTEX_POINT ( 'NONE', #165 ) ;
#4067 = VERTEX_POINT ( 'NONE', #3622 ) ;
#4068 = ORIENTED_EDGE ( 'NONE', *, *, #415, .F. ) ;
#4069 = DIRECTION ( 'NONE',  ( -1.000000000000000000, 0.000000000000000000, 0.000000000000000000 ) ) ;
#4070 = ORIENTED_EDGE ( 'NONE', *, *, #3511, .T. ) ;
#4071 = EDGE_CURVE ( 'NONE', #3303, #901, #2768, .T. ) ;
#4072 = SURFACE_STYLE_FILL_AREA ( #1923 ) ;
#4073 = CARTESIAN_POINT ( 'NONE',  ( -5.700000000000005507, 25.00000000000000000, -5.499999999999998224 ) ) ;
#4074 = CARTESIAN_POINT ( 'NONE',  ( 14.29999999999998828, 25.00000000000000000, 2.300000000000004263 ) ) ;
#4075 = UNCERTAINTY_MEASURE_WITH_UNIT (LENGTH_MEASURE( 1.000000000000000082E-05 ), #2231, 'distance_accuracy_value', 'NONE');
#4076 = CARTESIAN_POINT ( 'NONE',  ( -14.30000000000001137, 25.00000000000000000, 2.000000000000004441 ) ) ;
#4077 = CYLINDRICAL_SURFACE ( 'NONE', #4056, 0.3000000000000007661 ) ;
#4078 = CARTESIAN_POINT ( 'NONE',  ( 0.000000000000000000, 11.00000000000000000, -0.4999999999999998890 ) ) ;
#4079 = LINE ( 'NONE', #3837, #2002 ) ;
#4080 = EDGE_CURVE ( 'NONE', #2327, #3120, #187, .T. ) ;
#4081 = ORIENTED_EDGE ( 'NONE', *, *, #1328, .T. ) ;
#4082 = LINE ( 'NONE', #1913, #393 ) ;
#4083 = DIRECTION ( 'NONE',  ( 0.000000000000000000, 0.000000000000000000, 1.000000000000000000 ) ) ;
#4084 = ADVANCED_FACE ( 'NONE', ( #825 ), #3309, .T. ) ;
#4085 = ORIENTED_EDGE ( 'NONE', *, *, #3119, .F. ) ;
#4086 = VECTOR ( 'NONE', #458, 1000.000000000000000 ) ;
#4087 = LINE ( 'NONE', #2204, #917 ) ;
#4088 = COLOUR_RGB ( '',0.8980392156862745390, 0.9176470588235293713, 0.9294117647058823817 ) ;
#4089 = CIRCLE ( 'NONE', #2305, 0.2999999999999999334 ) ;
#4090 = EDGE_LOOP ( 'NONE', ( #3319, #1722, #3470, #946 ) ) ;
#4091 = ORIENTED_EDGE ( 'NONE', *, *, #2353, .F. ) ;
#4092 = CARTESIAN_POINT ( 'NONE',  ( 0.000000000000000000, 0.000000000000000000, 0.000000000000000000 ) ) ;
#4093 = AXIS2_PLACEMENT_3D ( 'NONE', #2490, #2513, #920 ) ;
#4094 = EDGE_LOOP ( 'NONE', ( #271, #1595, #2898, #719 ) ) ;
#4095 = AXIS2_PLACEMENT_3D ( 'NONE', #3378, #509, #1822 ) ;
#4096 = EDGE_CURVE ( 'NONE', #2082, #3516, #3562, .T. ) ;
#4097 = ADVANCED_FACE ( 'NONE', ( #1732 ), #119, .F. ) ;
#4098 = CARTESIAN_POINT ( 'NONE',  ( -13.70000000000000817, 25.00000000000000000, 5.200000000000002842 ) ) ;
#4099 = DIRECTION ( 'NONE',  ( 1.000000000000000000, 0.000000000000000000, 0.000000000000000000 ) ) ;
#4100 = DIRECTION ( 'NONE',  ( 1.000000000000000000, 0.000000000000000000, -2.168404344971031351E-15 ) ) ;
#4101 = DIRECTION ( 'NONE',  ( 0.000000000000000000, 0.000000000000000000, -1.000000000000000000 ) ) ;
#4102 = VECTOR ( 'NONE', #3105, 1000.000000000000000 ) ;
#4103 = DIRECTION ( 'NONE',  ( -0.000000000000000000, -1.000000000000000000, -0.000000000000000000 ) ) ;
#4104 = EDGE_CURVE ( 'NONE', #1056, #2488, #4089, .T. ) ;
#4105 = CARTESIAN_POINT ( 'NONE',  ( -13.00000000000000888, 25.00000000000000000, 1.300000000000005596 ) ) ;
#4106 = ORIENTED_EDGE ( 'NONE', *, *, #1968, .T. ) ;
#4107 = LINE ( 'NONE', #1252, #3477 ) ;
#4108 = FACE_OUTER_BOUND ( 'NONE', #2077, .T. ) ;
#4109 = VERTEX_POINT ( 'NONE', #1115 ) ;
#4110 = ADVANCED_FACE ( 'NONE', ( #570 ), #3788, .F. ) ;
#4111 = CARTESIAN_POINT ( 'NONE',  ( -10.30000000000001137, 25.00000000000000000, 1.000000000000002887 ) ) ;
#4112 = ORIENTED_EDGE ( 'NONE', *, *, #1185, .T. ) ;
#4113 = DIRECTION ( 'NONE',  ( -0.000000000000000000, -1.000000000000000000, -0.000000000000000000 ) ) ;
#4114 = EDGE_LOOP ( 'NONE', ( #3090, #2147 ) ) ;
#4115 = EDGE_CURVE ( 'NONE', #2732, #1402, #3103, .T. ) ;
#4116 = DIRECTION ( 'NONE',  ( -0.000000000000000000, -1.000000000000000000, 0.000000000000000000 ) ) ;
#4117 = EDGE_CURVE ( 'NONE', #3516, #1838, #1203, .T. ) ;
#4118 = ADVANCED_FACE ( 'NONE', ( #3435 ), #2521, .T. ) ;
#4119 = DIRECTION ( 'NONE',  ( -0.000000000000000000, -1.000000000000000000, 0.000000000000000000 ) ) ;
#4120 = VECTOR ( 'NONE', #442, 1000.000000000000000 ) ;
#4121 = CARTESIAN_POINT ( 'NONE',  ( 17.99999999999998934, 25.00000000000000000, 0.000000000000000000 ) ) ;
#4122 = DIRECTION ( 'NONE',  ( -0.000000000000000000, -1.000000000000000000, -0.000000000000000000 ) ) ;
#4123 = DIRECTION ( 'NONE',  ( -1.807003620809177344E-16, 0.000000000000000000, -1.000000000000000000 ) ) ;
#4124 = EDGE_CURVE ( 'NONE', #1876, #2781, #2807, .T. ) ;
#4125 = CARTESIAN_POINT ( 'NONE',  ( -13.30000000000000782, 0.000000000000000000, -5.200000000000000178 ) ) ;
#4126 = AXIS2_PLACEMENT_3D ( 'NONE', #3442, #2813, #575 ) ;
#4127 = ORIENTED_EDGE ( 'NONE', *, *, #1438, .T. ) ;
#4128 = DIRECTION ( 'NONE',  ( -0.000000000000000000, -1.000000000000000000, 0.000000000000000000 ) ) ;
#4129 = FACE_OUTER_BOUND ( 'NONE', #1477, .T. ) ;
#4130 = ORIENTED_EDGE ( 'NONE', *, *, #534, .F. ) ;
#4131 = EDGE_CURVE ( 'NONE', #1540, #1661, #4025, .T. ) ;
#4132 = CARTESIAN_POINT ( 'NONE',  ( -17.70000000000000639, 0.000000000000000000, -5.499999999999996447 ) ) ;
#4133 = ORIENTED_EDGE ( 'NONE', *, *, #3414, .F. ) ;
#4134 = LINE ( 'NONE', #2249, #2410 ) ;
#4135 = ORIENTED_EDGE ( 'NONE', *, *, #1308, .F. ) ;
#4136 = EDGE_CURVE ( 'NONE', #3322, #1876, #1859, .T. ) ;
#4137 = CARTESIAN_POINT ( 'NONE',  ( 13.69999999999998685, 25.00000000000000000, -5.500000000000000000 ) ) ;
#4138 = DIRECTION ( 'NONE',  ( 0.000000000000000000, 0.000000000000000000, 1.000000000000000000 ) ) ;
#4139 = NEXT_ASSEMBLY_USAGE_OCCURRENCE ( 'NAUO1', ' ', ' ', #2369, #2188, $ ) ;
#4140 = NEXT_ASSEMBLY_USAGE_OCCURRENCE ( 'NAUO2', ' ', ' ', #2369, #2791, $ ) ;
#4141 = NEXT_ASSEMBLY_USAGE_OCCURRENCE ( 'NAUO3', ' ', ' ', #2369, #2791, $ ) ;
ENDSEC;
END-ISO-10303-21;
