ISO-10303-21;
HEADER;
FILE_DESCRIPTION( ( 'Unknown' ), '1' );
FILE_NAME( 'C:/RWT/temp/EMR-HDLC CARD/SDA04.stp', 'Unknown', ( 'Unknown' ), ( 'Unknown' ), 'PSStep 14.0', 'Unknown', '  ' );
FILE_SCHEMA( ( 'AUTOMOTIVE_DESIGN { 1 0 10303 214 1 1 1 1 }' ) );
ENDSEC;
DATA;
#1 = MECHANICAL_DESIGN_GEOMETRIC_PRESENTATION_REPRESENTATION( ' ', ( #10, #11, #12, #13, #14, #15, #16, #17, #18, #19, #20, #21, #22, #23, #24, #25, #26, #27, #28, #29, #30, #31, #32, #33, #34, #35, #36, #37, #38, #39, #40, #41, #42, #43, #44, #45, #46, #47, #48, #49, #50, #51, #52, #53, #54, #55, #56, #57, #58, #59, #60, #61, #62, #63, #64, #65, #66, #67, #68, #69, #70, #71, #72, #73, #74, #75, #76, #77, #78, #79, #80, #81, #82, #83, #84, #85, #86, #87, #88, #89, #90, #91, #92, #93, #94, #95, #96, #97, #98, #99, #100, #101, #102, #103, #104, #105, #106, #107, #108, #109, #110, #111, #112, #113, #114, #115, #116, #117, #118, #119, #120, #121, #122, #123, #124, #125, #126, #127, #128, #129, #130, #131, #132, #133, #134, #135, #136, #137, #138, #139, #140, #141, #142, #143, #144, #145, #146, #147, #148, #149, #150, #151, #152, #153, #154, #155, #156, #157, #158, #159, #160, #161, #162, #163, #164, #165, #166, #167, #168, #169, #170, #171, #172, #173, #174, #175, #176, #177, #178, #179, #180, #181, #182, #183, #184, #185, #186, #187, #188, #189, #190, #191, #192, #193, #194, #195, #196, #197, #198, #199, #200, #201, #202, #203, #204, #205, #206, #207, #208, #209, #210, #211, #212, #213, #214, #215, #216, #217, #218, #219, #220, #221, #222, #223, #224, #225, #226, #227, #228, #229, #230, #231, #232, #233, #234 ), #6 );
#2 = PRODUCT_DEFINITION_CONTEXT( '', #235, 'design' );
#3 = APPLICATION_PROTOCOL_DEFINITION( 'international standard', 'automotive_design', 2001, #235 );
#4 = PRODUCT_CATEGORY_RELATIONSHIP( 'NONE', 'NONE', #236, #237 );
#5 = SHAPE_DEFINITION_REPRESENTATION( #238, #239 );
#6 =  ( GEOMETRIC_REPRESENTATION_CONTEXT( 3 )GLOBAL_UNCERTAINTY_ASSIGNED_CONTEXT( ( #242 ) )GLOBAL_UNIT_ASSIGNED_CONTEXT( ( #244, #245, #246 ) )REPRESENTATION_CONTEXT( 'NONE', 'WORKSPACE' ) );
#10 = STYLED_ITEM( '', ( #248 ), #249 );
#11 = STYLED_ITEM( '', ( #250 ), #251 );
#12 = STYLED_ITEM( '', ( #252 ), #253 );
#13 = STYLED_ITEM( '', ( #254 ), #255 );
#14 = STYLED_ITEM( '', ( #256 ), #257 );
#15 = STYLED_ITEM( '', ( #258 ), #259 );
#16 = STYLED_ITEM( '', ( #260 ), #261 );
#17 = STYLED_ITEM( '', ( #262 ), #263 );
#18 = STYLED_ITEM( '', ( #264 ), #265 );
#19 = STYLED_ITEM( '', ( #266 ), #267 );
#20 = STYLED_ITEM( '', ( #268 ), #269 );
#21 = STYLED_ITEM( '', ( #270 ), #271 );
#22 = STYLED_ITEM( '', ( #272 ), #273 );
#23 = STYLED_ITEM( '', ( #274 ), #275 );
#24 = STYLED_ITEM( '', ( #276 ), #277 );
#25 = STYLED_ITEM( '', ( #278 ), #279 );
#26 = STYLED_ITEM( '', ( #280 ), #281 );
#27 = STYLED_ITEM( '', ( #282 ), #283 );
#28 = STYLED_ITEM( '', ( #284 ), #285 );
#29 = STYLED_ITEM( '', ( #286 ), #287 );
#30 = STYLED_ITEM( '', ( #288 ), #289 );
#31 = STYLED_ITEM( '', ( #290 ), #291 );
#32 = STYLED_ITEM( '', ( #292 ), #293 );
#33 = STYLED_ITEM( '', ( #294 ), #295 );
#34 = STYLED_ITEM( '', ( #296 ), #297 );
#35 = STYLED_ITEM( '', ( #298 ), #299 );
#36 = STYLED_ITEM( '', ( #300 ), #301 );
#37 = STYLED_ITEM( '', ( #302 ), #303 );
#38 = STYLED_ITEM( '', ( #304 ), #305 );
#39 = STYLED_ITEM( '', ( #306 ), #307 );
#40 = STYLED_ITEM( '', ( #308 ), #309 );
#41 = STYLED_ITEM( '', ( #310 ), #311 );
#42 = STYLED_ITEM( '', ( #312 ), #313 );
#43 = STYLED_ITEM( '', ( #314 ), #315 );
#44 = STYLED_ITEM( '', ( #316 ), #317 );
#45 = STYLED_ITEM( '', ( #318 ), #319 );
#46 = STYLED_ITEM( '', ( #320 ), #321 );
#47 = STYLED_ITEM( '', ( #322 ), #323 );
#48 = STYLED_ITEM( '', ( #324 ), #325 );
#49 = STYLED_ITEM( '', ( #326 ), #327 );
#50 = STYLED_ITEM( '', ( #328 ), #329 );
#51 = STYLED_ITEM( '', ( #330 ), #331 );
#52 = STYLED_ITEM( '', ( #332 ), #333 );
#53 = STYLED_ITEM( '', ( #334 ), #335 );
#54 = STYLED_ITEM( '', ( #336 ), #337 );
#55 = STYLED_ITEM( '', ( #338 ), #339 );
#56 = STYLED_ITEM( '', ( #340 ), #341 );
#57 = STYLED_ITEM( '', ( #342 ), #343 );
#58 = STYLED_ITEM( '', ( #344 ), #345 );
#59 = STYLED_ITEM( '', ( #346 ), #347 );
#60 = STYLED_ITEM( '', ( #348 ), #349 );
#61 = STYLED_ITEM( '', ( #350 ), #351 );
#62 = STYLED_ITEM( '', ( #352 ), #353 );
#63 = STYLED_ITEM( '', ( #354 ), #355 );
#64 = STYLED_ITEM( '', ( #356 ), #357 );
#65 = STYLED_ITEM( '', ( #358 ), #359 );
#66 = STYLED_ITEM( '', ( #360 ), #361 );
#67 = STYLED_ITEM( '', ( #362 ), #363 );
#68 = STYLED_ITEM( '', ( #364 ), #365 );
#69 = STYLED_ITEM( '', ( #366 ), #367 );
#70 = STYLED_ITEM( '', ( #368 ), #369 );
#71 = STYLED_ITEM( '', ( #370 ), #371 );
#72 = STYLED_ITEM( '', ( #372 ), #373 );
#73 = STYLED_ITEM( '', ( #374 ), #375 );
#74 = STYLED_ITEM( '', ( #376 ), #377 );
#75 = STYLED_ITEM( '', ( #378 ), #379 );
#76 = STYLED_ITEM( '', ( #380 ), #381 );
#77 = STYLED_ITEM( '', ( #382 ), #383 );
#78 = STYLED_ITEM( '', ( #384 ), #385 );
#79 = STYLED_ITEM( '', ( #386 ), #387 );
#80 = STYLED_ITEM( '', ( #388 ), #389 );
#81 = STYLED_ITEM( '', ( #390 ), #391 );
#82 = STYLED_ITEM( '', ( #392 ), #393 );
#83 = STYLED_ITEM( '', ( #394 ), #395 );
#84 = STYLED_ITEM( '', ( #396 ), #397 );
#85 = STYLED_ITEM( '', ( #398 ), #399 );
#86 = STYLED_ITEM( '', ( #400 ), #401 );
#87 = STYLED_ITEM( '', ( #402 ), #403 );
#88 = STYLED_ITEM( '', ( #404 ), #405 );
#89 = STYLED_ITEM( '', ( #406 ), #407 );
#90 = STYLED_ITEM( '', ( #408 ), #409 );
#91 = STYLED_ITEM( '', ( #410 ), #411 );
#92 = STYLED_ITEM( '', ( #412 ), #413 );
#93 = STYLED_ITEM( '', ( #414 ), #415 );
#94 = STYLED_ITEM( '', ( #416 ), #417 );
#95 = STYLED_ITEM( '', ( #418 ), #419 );
#96 = STYLED_ITEM( '', ( #420 ), #421 );
#97 = STYLED_ITEM( '', ( #422 ), #423 );
#98 = STYLED_ITEM( '', ( #424 ), #425 );
#99 = STYLED_ITEM( '', ( #426 ), #427 );
#100 = STYLED_ITEM( '', ( #428 ), #429 );
#101 = STYLED_ITEM( '', ( #430 ), #431 );
#102 = STYLED_ITEM( '', ( #432 ), #433 );
#103 = STYLED_ITEM( '', ( #434 ), #435 );
#104 = STYLED_ITEM( '', ( #436 ), #437 );
#105 = STYLED_ITEM( '', ( #438 ), #439 );
#106 = STYLED_ITEM( '', ( #440 ), #441 );
#107 = STYLED_ITEM( '', ( #442 ), #443 );
#108 = STYLED_ITEM( '', ( #444 ), #445 );
#109 = STYLED_ITEM( '', ( #446 ), #447 );
#110 = STYLED_ITEM( '', ( #448 ), #449 );
#111 = STYLED_ITEM( '', ( #450 ), #451 );
#112 = STYLED_ITEM( '', ( #452 ), #453 );
#113 = STYLED_ITEM( '', ( #454 ), #455 );
#114 = STYLED_ITEM( '', ( #456 ), #457 );
#115 = STYLED_ITEM( '', ( #458 ), #459 );
#116 = STYLED_ITEM( '', ( #460 ), #461 );
#117 = STYLED_ITEM( '', ( #462 ), #463 );
#118 = STYLED_ITEM( '', ( #464 ), #465 );
#119 = STYLED_ITEM( '', ( #466 ), #467 );
#120 = STYLED_ITEM( '', ( #468 ), #469 );
#121 = STYLED_ITEM( '', ( #470 ), #471 );
#122 = STYLED_ITEM( '', ( #472 ), #473 );
#123 = STYLED_ITEM( '', ( #474 ), #475 );
#124 = STYLED_ITEM( '', ( #476 ), #477 );
#125 = STYLED_ITEM( '', ( #478 ), #479 );
#126 = STYLED_ITEM( '', ( #480 ), #481 );
#127 = STYLED_ITEM( '', ( #482 ), #483 );
#128 = STYLED_ITEM( '', ( #484 ), #485 );
#129 = STYLED_ITEM( '', ( #486 ), #487 );
#130 = STYLED_ITEM( '', ( #488 ), #489 );
#131 = STYLED_ITEM( '', ( #490 ), #491 );
#132 = STYLED_ITEM( '', ( #492 ), #493 );
#133 = STYLED_ITEM( '', ( #494 ), #495 );
#134 = STYLED_ITEM( '', ( #496 ), #497 );
#135 = STYLED_ITEM( '', ( #498 ), #499 );
#136 = STYLED_ITEM( '', ( #500 ), #501 );
#137 = STYLED_ITEM( '', ( #502 ), #503 );
#138 = STYLED_ITEM( '', ( #504 ), #505 );
#139 = STYLED_ITEM( '', ( #506 ), #507 );
#140 = STYLED_ITEM( '', ( #508 ), #509 );
#141 = STYLED_ITEM( '', ( #510 ), #511 );
#142 = STYLED_ITEM( '', ( #512 ), #513 );
#143 = STYLED_ITEM( '', ( #514 ), #515 );
#144 = STYLED_ITEM( '', ( #516 ), #517 );
#145 = STYLED_ITEM( '', ( #518 ), #519 );
#146 = STYLED_ITEM( '', ( #520 ), #521 );
#147 = STYLED_ITEM( '', ( #522 ), #523 );
#148 = STYLED_ITEM( '', ( #524 ), #525 );
#149 = STYLED_ITEM( '', ( #526 ), #527 );
#150 = STYLED_ITEM( '', ( #528 ), #529 );
#151 = STYLED_ITEM( '', ( #530 ), #531 );
#152 = STYLED_ITEM( '', ( #532 ), #533 );
#153 = STYLED_ITEM( '', ( #534 ), #535 );
#154 = STYLED_ITEM( '', ( #536 ), #537 );
#155 = STYLED_ITEM( '', ( #538 ), #539 );
#156 = STYLED_ITEM( '', ( #540 ), #541 );
#157 = STYLED_ITEM( '', ( #542 ), #543 );
#158 = STYLED_ITEM( '', ( #544 ), #545 );
#159 = STYLED_ITEM( '', ( #546 ), #547 );
#160 = STYLED_ITEM( '', ( #548 ), #549 );
#161 = STYLED_ITEM( '', ( #550 ), #551 );
#162 = STYLED_ITEM( '', ( #552 ), #553 );
#163 = STYLED_ITEM( '', ( #554 ), #555 );
#164 = STYLED_ITEM( '', ( #556 ), #557 );
#165 = STYLED_ITEM( '', ( #558 ), #559 );
#166 = STYLED_ITEM( '', ( #560 ), #561 );
#167 = STYLED_ITEM( '', ( #562 ), #563 );
#168 = STYLED_ITEM( '', ( #564 ), #565 );
#169 = STYLED_ITEM( '', ( #566 ), #567 );
#170 = STYLED_ITEM( '', ( #568 ), #569 );
#171 = STYLED_ITEM( '', ( #570 ), #571 );
#172 = STYLED_ITEM( '', ( #572 ), #573 );
#173 = STYLED_ITEM( '', ( #574 ), #575 );
#174 = STYLED_ITEM( '', ( #576 ), #577 );
#175 = STYLED_ITEM( '', ( #578 ), #579 );
#176 = STYLED_ITEM( '', ( #580 ), #581 );
#177 = STYLED_ITEM( '', ( #582 ), #583 );
#178 = STYLED_ITEM( '', ( #584 ), #585 );
#179 = STYLED_ITEM( '', ( #586 ), #587 );
#180 = STYLED_ITEM( '', ( #588 ), #589 );
#181 = STYLED_ITEM( '', ( #590 ), #591 );
#182 = STYLED_ITEM( '', ( #592 ), #593 );
#183 = STYLED_ITEM( '', ( #594 ), #595 );
#184 = STYLED_ITEM( '', ( #596 ), #597 );
#185 = STYLED_ITEM( '', ( #598 ), #599 );
#186 = STYLED_ITEM( '', ( #600 ), #601 );
#187 = STYLED_ITEM( '', ( #602 ), #603 );
#188 = STYLED_ITEM( '', ( #604 ), #605 );
#189 = STYLED_ITEM( '', ( #606 ), #607 );
#190 = STYLED_ITEM( '', ( #608 ), #609 );
#191 = STYLED_ITEM( '', ( #610 ), #611 );
#192 = STYLED_ITEM( '', ( #612 ), #613 );
#193 = STYLED_ITEM( '', ( #614 ), #615 );
#194 = STYLED_ITEM( '', ( #616 ), #617 );
#195 = STYLED_ITEM( '', ( #618 ), #619 );
#196 = STYLED_ITEM( '', ( #620 ), #621 );
#197 = STYLED_ITEM( '', ( #622 ), #623 );
#198 = STYLED_ITEM( '', ( #624 ), #625 );
#199 = STYLED_ITEM( '', ( #626 ), #627 );
#200 = STYLED_ITEM( '', ( #628 ), #629 );
#201 = STYLED_ITEM( '', ( #630 ), #631 );
#202 = STYLED_ITEM( '', ( #632 ), #633 );
#203 = STYLED_ITEM( '', ( #634 ), #635 );
#204 = STYLED_ITEM( '', ( #636 ), #637 );
#205 = STYLED_ITEM( '', ( #638 ), #639 );
#206 = STYLED_ITEM( '', ( #640 ), #641 );
#207 = STYLED_ITEM( '', ( #642 ), #643 );
#208 = STYLED_ITEM( '', ( #644 ), #645 );
#209 = STYLED_ITEM( '', ( #646 ), #647 );
#210 = STYLED_ITEM( '', ( #648 ), #649 );
#211 = STYLED_ITEM( '', ( #650 ), #651 );
#212 = STYLED_ITEM( '', ( #652 ), #653 );
#213 = STYLED_ITEM( '', ( #654 ), #655 );
#214 = STYLED_ITEM( '', ( #656 ), #657 );
#215 = STYLED_ITEM( '', ( #658 ), #659 );
#216 = STYLED_ITEM( '', ( #660 ), #661 );
#217 = STYLED_ITEM( '', ( #662 ), #663 );
#218 = STYLED_ITEM( '', ( #664 ), #665 );
#219 = STYLED_ITEM( '', ( #666 ), #667 );
#220 = STYLED_ITEM( '', ( #668 ), #669 );
#221 = STYLED_ITEM( '', ( #670 ), #671 );
#222 = STYLED_ITEM( '', ( #672 ), #673 );
#223 = STYLED_ITEM( '', ( #674 ), #675 );
#224 = STYLED_ITEM( '', ( #676 ), #677 );
#225 = STYLED_ITEM( '', ( #678 ), #679 );
#226 = STYLED_ITEM( '', ( #680 ), #681 );
#227 = STYLED_ITEM( '', ( #682 ), #683 );
#228 = STYLED_ITEM( '', ( #684 ), #685 );
#229 = STYLED_ITEM( '', ( #686 ), #687 );
#230 = STYLED_ITEM( '', ( #688 ), #689 );
#231 = STYLED_ITEM( '', ( #690 ), #691 );
#232 = STYLED_ITEM( '', ( #692 ), #693 );
#233 = STYLED_ITEM( '', ( #694 ), #695 );
#234 = STYLED_ITEM( '', ( #696 ), #697 );
#235 = APPLICATION_CONTEXT( 'core data for automotive mechanical design processes' );
#236 = PRODUCT_CATEGORY( 'part', 'NONE' );
#237 = PRODUCT_RELATED_PRODUCT_CATEGORY( 'detail', ' ', ( #698 ) );
#238 = PRODUCT_DEFINITION_SHAPE( 'NONE', 'NONE', #699 );
#239 = ADVANCED_BREP_SHAPE_REPRESENTATION( '1', ( #700, #701 ), #6 );
#242 = UNCERTAINTY_MEASURE_WITH_UNIT( LENGTH_MEASURE( 0.00100000000000000 ), #244, '', '' );
#244 =  ( CONVERSION_BASED_UNIT( 'MILLIMETRE', #704 )LENGTH_UNIT(  )NAMED_UNIT( #707 ) );
#245 =  ( NAMED_UNIT( #709 )PLANE_ANGLE_UNIT(  )SI_UNIT( $, .RADIAN. ) );
#246 =  ( NAMED_UNIT( #709 )SI_UNIT( $, .STERADIAN. )SOLID_ANGLE_UNIT(  ) );
#248 = PRESENTATION_STYLE_ASSIGNMENT( ( #715 ) );
#249 = ADVANCED_FACE( '', ( #716 ), #717, .F. );
#250 = PRESENTATION_STYLE_ASSIGNMENT( ( #718 ) );
#251 = ADVANCED_FACE( '', ( #719 ), #720, .T. );
#252 = PRESENTATION_STYLE_ASSIGNMENT( ( #721 ) );
#253 = ADVANCED_FACE( '', ( #722 ), #723, .F. );
#254 = PRESENTATION_STYLE_ASSIGNMENT( ( #724 ) );
#255 = ADVANCED_FACE( '', ( #725 ), #726, .F. );
#256 = PRESENTATION_STYLE_ASSIGNMENT( ( #727 ) );
#257 = ADVANCED_FACE( '', ( #728 ), #729, .T. );
#258 = PRESENTATION_STYLE_ASSIGNMENT( ( #730 ) );
#259 = ADVANCED_FACE( '', ( #731 ), #732, .T. );
#260 = PRESENTATION_STYLE_ASSIGNMENT( ( #733 ) );
#261 = ADVANCED_FACE( '', ( #734 ), #735, .F. );
#262 = PRESENTATION_STYLE_ASSIGNMENT( ( #736 ) );
#263 = ADVANCED_FACE( '', ( #737 ), #738, .T. );
#264 = PRESENTATION_STYLE_ASSIGNMENT( ( #739 ) );
#265 = ADVANCED_FACE( '', ( #740 ), #741, .F. );
#266 = PRESENTATION_STYLE_ASSIGNMENT( ( #742 ) );
#267 = ADVANCED_FACE( '', ( #743 ), #744, .F. );
#268 = PRESENTATION_STYLE_ASSIGNMENT( ( #745 ) );
#269 = ADVANCED_FACE( '', ( #746 ), #747, .T. );
#270 = PRESENTATION_STYLE_ASSIGNMENT( ( #748 ) );
#271 = ADVANCED_FACE( '', ( #749 ), #750, .T. );
#272 = PRESENTATION_STYLE_ASSIGNMENT( ( #751 ) );
#273 = ADVANCED_FACE( '', ( #752 ), #753, .T. );
#274 = PRESENTATION_STYLE_ASSIGNMENT( ( #754 ) );
#275 = ADVANCED_FACE( '', ( #755 ), #756, .T. );
#276 = PRESENTATION_STYLE_ASSIGNMENT( ( #757 ) );
#277 = ADVANCED_FACE( '', ( #758 ), #759, .T. );
#278 = PRESENTATION_STYLE_ASSIGNMENT( ( #760 ) );
#279 = ADVANCED_FACE( '', ( #761 ), #762, .F. );
#280 = PRESENTATION_STYLE_ASSIGNMENT( ( #763 ) );
#281 = ADVANCED_FACE( '', ( #764 ), #765, .T. );
#282 = PRESENTATION_STYLE_ASSIGNMENT( ( #766 ) );
#283 = ADVANCED_FACE( '', ( #767 ), #768, .T. );
#284 = PRESENTATION_STYLE_ASSIGNMENT( ( #769 ) );
#285 = ADVANCED_FACE( '', ( #770 ), #771, .T. );
#286 = PRESENTATION_STYLE_ASSIGNMENT( ( #772 ) );
#287 = ADVANCED_FACE( '', ( #773 ), #774, .T. );
#288 = PRESENTATION_STYLE_ASSIGNMENT( ( #775 ) );
#289 = ADVANCED_FACE( '', ( #776 ), #777, .T. );
#290 = PRESENTATION_STYLE_ASSIGNMENT( ( #778 ) );
#291 = ADVANCED_FACE( '', ( #779 ), #780, .T. );
#292 = PRESENTATION_STYLE_ASSIGNMENT( ( #781 ) );
#293 = ADVANCED_FACE( '', ( #782 ), #783, .T. );
#294 = PRESENTATION_STYLE_ASSIGNMENT( ( #784 ) );
#295 = ADVANCED_FACE( '', ( #785 ), #786, .F. );
#296 = PRESENTATION_STYLE_ASSIGNMENT( ( #787 ) );
#297 = ADVANCED_FACE( '', ( #788 ), #789, .F. );
#298 = PRESENTATION_STYLE_ASSIGNMENT( ( #790 ) );
#299 = ADVANCED_FACE( '', ( #791 ), #792, .F. );
#300 = PRESENTATION_STYLE_ASSIGNMENT( ( #793 ) );
#301 = ADVANCED_FACE( '', ( #794 ), #795, .F. );
#302 = PRESENTATION_STYLE_ASSIGNMENT( ( #796 ) );
#303 = ADVANCED_FACE( '', ( #797 ), #798, .F. );
#304 = PRESENTATION_STYLE_ASSIGNMENT( ( #799 ) );
#305 = ADVANCED_FACE( '', ( #800 ), #801, .T. );
#306 = PRESENTATION_STYLE_ASSIGNMENT( ( #802 ) );
#307 = ADVANCED_FACE( '', ( #803 ), #804, .T. );
#308 = PRESENTATION_STYLE_ASSIGNMENT( ( #805 ) );
#309 = ADVANCED_FACE( '', ( #806, #807 ), #808, .T. );
#310 = PRESENTATION_STYLE_ASSIGNMENT( ( #809 ) );
#311 = ADVANCED_FACE( '', ( #810 ), #811, .T. );
#312 = PRESENTATION_STYLE_ASSIGNMENT( ( #812 ) );
#313 = ADVANCED_FACE( '', ( #813 ), #814, .T. );
#314 = PRESENTATION_STYLE_ASSIGNMENT( ( #815 ) );
#315 = ADVANCED_FACE( '', ( #816, #817 ), #818, .T. );
#316 = PRESENTATION_STYLE_ASSIGNMENT( ( #819 ) );
#317 = ADVANCED_FACE( '', ( #820 ), #821, .F. );
#318 = PRESENTATION_STYLE_ASSIGNMENT( ( #822 ) );
#319 = ADVANCED_FACE( '', ( #823 ), #824, .T. );
#320 = PRESENTATION_STYLE_ASSIGNMENT( ( #825 ) );
#321 = ADVANCED_FACE( '', ( #826 ), #827, .T. );
#322 = PRESENTATION_STYLE_ASSIGNMENT( ( #828 ) );
#323 = ADVANCED_FACE( '', ( #829 ), #830, .T. );
#324 = PRESENTATION_STYLE_ASSIGNMENT( ( #831 ) );
#325 = ADVANCED_FACE( '', ( #832 ), #833, .T. );
#326 = PRESENTATION_STYLE_ASSIGNMENT( ( #834 ) );
#327 = ADVANCED_FACE( '', ( #835 ), #836, .T. );
#328 = PRESENTATION_STYLE_ASSIGNMENT( ( #837 ) );
#329 = ADVANCED_FACE( '', ( #838 ), #839, .T. );
#330 = PRESENTATION_STYLE_ASSIGNMENT( ( #840 ) );
#331 = ADVANCED_FACE( '', ( #841 ), #842, .T. );
#332 = PRESENTATION_STYLE_ASSIGNMENT( ( #843 ) );
#333 = ADVANCED_FACE( '', ( #844 ), #845, .F. );
#334 = PRESENTATION_STYLE_ASSIGNMENT( ( #846 ) );
#335 = ADVANCED_FACE( '', ( #847 ), #848, .T. );
#336 = PRESENTATION_STYLE_ASSIGNMENT( ( #849 ) );
#337 = ADVANCED_FACE( '', ( #850 ), #851, .F. );
#338 = PRESENTATION_STYLE_ASSIGNMENT( ( #852 ) );
#339 = ADVANCED_FACE( '', ( #853 ), #854, .F. );
#340 = PRESENTATION_STYLE_ASSIGNMENT( ( #855 ) );
#341 = ADVANCED_FACE( '', ( #856 ), #857, .T. );
#342 = PRESENTATION_STYLE_ASSIGNMENT( ( #858 ) );
#343 = ADVANCED_FACE( '', ( #859 ), #860, .T. );
#344 = PRESENTATION_STYLE_ASSIGNMENT( ( #861 ) );
#345 = ADVANCED_FACE( '', ( #862 ), #863, .F. );
#346 = PRESENTATION_STYLE_ASSIGNMENT( ( #864 ) );
#347 = ADVANCED_FACE( '', ( #865 ), #866, .T. );
#348 = PRESENTATION_STYLE_ASSIGNMENT( ( #867 ) );
#349 = ADVANCED_FACE( '', ( #868 ), #869, .F. );
#350 = PRESENTATION_STYLE_ASSIGNMENT( ( #870 ) );
#351 = ADVANCED_FACE( '', ( #871 ), #872, .F. );
#352 = PRESENTATION_STYLE_ASSIGNMENT( ( #873 ) );
#353 = ADVANCED_FACE( '', ( #874 ), #875, .T. );
#354 = PRESENTATION_STYLE_ASSIGNMENT( ( #876 ) );
#355 = ADVANCED_FACE( '', ( #877 ), #878, .T. );
#356 = PRESENTATION_STYLE_ASSIGNMENT( ( #879 ) );
#357 = ADVANCED_FACE( '', ( #880, #881 ), #882, .T. );
#358 = PRESENTATION_STYLE_ASSIGNMENT( ( #883 ) );
#359 = ADVANCED_FACE( '', ( #884 ), #885, .T. );
#360 = PRESENTATION_STYLE_ASSIGNMENT( ( #886 ) );
#361 = ADVANCED_FACE( '', ( #887 ), #888, .F. );
#362 = PRESENTATION_STYLE_ASSIGNMENT( ( #889 ) );
#363 = ADVANCED_FACE( '', ( #890 ), #891, .T. );
#364 = PRESENTATION_STYLE_ASSIGNMENT( ( #892 ) );
#365 = ADVANCED_FACE( '', ( #893 ), #894, .F. );
#366 = PRESENTATION_STYLE_ASSIGNMENT( ( #895 ) );
#367 = ADVANCED_FACE( '', ( #896 ), #897, .T. );
#368 = PRESENTATION_STYLE_ASSIGNMENT( ( #898 ) );
#369 = ADVANCED_FACE( '', ( #899, #900 ), #901, .T. );
#370 = PRESENTATION_STYLE_ASSIGNMENT( ( #902 ) );
#371 = ADVANCED_FACE( '', ( #903 ), #904, .T. );
#372 = PRESENTATION_STYLE_ASSIGNMENT( ( #905 ) );
#373 = ADVANCED_FACE( '', ( #906 ), #907, .F. );
#374 = PRESENTATION_STYLE_ASSIGNMENT( ( #908 ) );
#375 = ADVANCED_FACE( '', ( #909 ), #910, .T. );
#376 = PRESENTATION_STYLE_ASSIGNMENT( ( #911 ) );
#377 = ADVANCED_FACE( '', ( #912 ), #913, .F. );
#378 = PRESENTATION_STYLE_ASSIGNMENT( ( #914 ) );
#379 = ADVANCED_FACE( '', ( #915 ), #916, .T. );
#380 = PRESENTATION_STYLE_ASSIGNMENT( ( #917 ) );
#381 = ADVANCED_FACE( '', ( #918 ), #919, .F. );
#382 = PRESENTATION_STYLE_ASSIGNMENT( ( #920 ) );
#383 = ADVANCED_FACE( '', ( #921 ), #922, .T. );
#384 = PRESENTATION_STYLE_ASSIGNMENT( ( #923 ) );
#385 = ADVANCED_FACE( '', ( #924 ), #925, .T. );
#386 = PRESENTATION_STYLE_ASSIGNMENT( ( #926 ) );
#387 = ADVANCED_FACE( '', ( #927 ), #928, .F. );
#388 = PRESENTATION_STYLE_ASSIGNMENT( ( #929 ) );
#389 = ADVANCED_FACE( '', ( #930 ), #931, .F. );
#390 = PRESENTATION_STYLE_ASSIGNMENT( ( #932 ) );
#391 = ADVANCED_FACE( '', ( #933 ), #934, .T. );
#392 = PRESENTATION_STYLE_ASSIGNMENT( ( #935 ) );
#393 = ADVANCED_FACE( '', ( #936 ), #937, .T. );
#394 = PRESENTATION_STYLE_ASSIGNMENT( ( #938 ) );
#395 = ADVANCED_FACE( '', ( #939 ), #940, .T. );
#396 = PRESENTATION_STYLE_ASSIGNMENT( ( #941 ) );
#397 = ADVANCED_FACE( '', ( #942 ), #943, .T. );
#398 = PRESENTATION_STYLE_ASSIGNMENT( ( #944 ) );
#399 = ADVANCED_FACE( '', ( #945, #946 ), #947, .T. );
#400 = PRESENTATION_STYLE_ASSIGNMENT( ( #948 ) );
#401 = ADVANCED_FACE( '', ( #949 ), #950, .T. );
#402 = PRESENTATION_STYLE_ASSIGNMENT( ( #951 ) );
#403 = ADVANCED_FACE( '', ( #952 ), #953, .F. );
#404 = PRESENTATION_STYLE_ASSIGNMENT( ( #954 ) );
#405 = ADVANCED_FACE( '', ( #955 ), #956, .F. );
#406 = PRESENTATION_STYLE_ASSIGNMENT( ( #957 ) );
#407 = ADVANCED_FACE( '', ( #958 ), #959, .F. );
#408 = PRESENTATION_STYLE_ASSIGNMENT( ( #960 ) );
#409 = ADVANCED_FACE( '', ( #961 ), #962, .T. );
#410 = PRESENTATION_STYLE_ASSIGNMENT( ( #963 ) );
#411 = ADVANCED_FACE( '', ( #964 ), #965, .T. );
#412 = PRESENTATION_STYLE_ASSIGNMENT( ( #966 ) );
#413 = ADVANCED_FACE( '', ( #967 ), #968, .F. );
#414 = PRESENTATION_STYLE_ASSIGNMENT( ( #969 ) );
#415 = ADVANCED_FACE( '', ( #970 ), #971, .T. );
#416 = PRESENTATION_STYLE_ASSIGNMENT( ( #972 ) );
#417 = ADVANCED_FACE( '', ( #973 ), #974, .T. );
#418 = PRESENTATION_STYLE_ASSIGNMENT( ( #975 ) );
#419 = ADVANCED_FACE( '', ( #976 ), #977, .F. );
#420 = PRESENTATION_STYLE_ASSIGNMENT( ( #978 ) );
#421 = ADVANCED_FACE( '', ( #979 ), #980, .T. );
#422 = PRESENTATION_STYLE_ASSIGNMENT( ( #981 ) );
#423 = ADVANCED_FACE( '', ( #982 ), #983, .T. );
#424 = PRESENTATION_STYLE_ASSIGNMENT( ( #984 ) );
#425 = ADVANCED_FACE( '', ( #985 ), #986, .F. );
#426 = PRESENTATION_STYLE_ASSIGNMENT( ( #987 ) );
#427 = ADVANCED_FACE( '', ( #988 ), #989, .T. );
#428 = PRESENTATION_STYLE_ASSIGNMENT( ( #990 ) );
#429 = ADVANCED_FACE( '', ( #991 ), #992, .T. );
#430 = PRESENTATION_STYLE_ASSIGNMENT( ( #993 ) );
#431 = ADVANCED_FACE( '', ( #994 ), #995, .T. );
#432 = PRESENTATION_STYLE_ASSIGNMENT( ( #996 ) );
#433 = ADVANCED_FACE( '', ( #997 ), #998, .T. );
#434 = PRESENTATION_STYLE_ASSIGNMENT( ( #999 ) );
#435 = ADVANCED_FACE( '', ( #1000 ), #1001, .T. );
#436 = PRESENTATION_STYLE_ASSIGNMENT( ( #1002 ) );
#437 = ADVANCED_FACE( '', ( #1003 ), #1004, .T. );
#438 = PRESENTATION_STYLE_ASSIGNMENT( ( #1005 ) );
#439 = ADVANCED_FACE( '', ( #1006 ), #1007, .T. );
#440 = PRESENTATION_STYLE_ASSIGNMENT( ( #1008 ) );
#441 = ADVANCED_FACE( '', ( #1009 ), #1010, .T. );
#442 = PRESENTATION_STYLE_ASSIGNMENT( ( #1011 ) );
#443 = ADVANCED_FACE( '', ( #1012 ), #1013, .T. );
#444 = PRESENTATION_STYLE_ASSIGNMENT( ( #1014 ) );
#445 = ADVANCED_FACE( '', ( #1015 ), #1016, .F. );
#446 = PRESENTATION_STYLE_ASSIGNMENT( ( #1017 ) );
#447 = ADVANCED_FACE( '', ( #1018 ), #1019, .T. );
#448 = PRESENTATION_STYLE_ASSIGNMENT( ( #1020 ) );
#449 = ADVANCED_FACE( '', ( #1021 ), #1022, .F. );
#450 = PRESENTATION_STYLE_ASSIGNMENT( ( #1023 ) );
#451 = ADVANCED_FACE( '', ( #1024 ), #1025, .F. );
#452 = PRESENTATION_STYLE_ASSIGNMENT( ( #1026 ) );
#453 = ADVANCED_FACE( '', ( #1027 ), #1028, .F. );
#454 = PRESENTATION_STYLE_ASSIGNMENT( ( #1029 ) );
#455 = ADVANCED_FACE( '', ( #1030 ), #1031, .T. );
#456 = PRESENTATION_STYLE_ASSIGNMENT( ( #1032 ) );
#457 = ADVANCED_FACE( '', ( #1033 ), #1034, .F. );
#458 = PRESENTATION_STYLE_ASSIGNMENT( ( #1035 ) );
#459 = ADVANCED_FACE( '', ( #1036 ), #1037, .T. );
#460 = PRESENTATION_STYLE_ASSIGNMENT( ( #1038 ) );
#461 = ADVANCED_FACE( '', ( #1039 ), #1040, .F. );
#462 = PRESENTATION_STYLE_ASSIGNMENT( ( #1041 ) );
#463 = ADVANCED_FACE( '', ( #1042 ), #1043, .T. );
#464 = PRESENTATION_STYLE_ASSIGNMENT( ( #1044 ) );
#465 = ADVANCED_FACE( '', ( #1045 ), #1046, .T. );
#466 = PRESENTATION_STYLE_ASSIGNMENT( ( #1047 ) );
#467 = ADVANCED_FACE( '', ( #1048 ), #1049, .F. );
#468 = PRESENTATION_STYLE_ASSIGNMENT( ( #1050 ) );
#469 = ADVANCED_FACE( '', ( #1051 ), #1052, .T. );
#470 = PRESENTATION_STYLE_ASSIGNMENT( ( #1053 ) );
#471 = ADVANCED_FACE( '', ( #1054 ), #1055, .T. );
#472 = PRESENTATION_STYLE_ASSIGNMENT( ( #1056 ) );
#473 = ADVANCED_FACE( '', ( #1057, #1058, #1059 ), #1060, .T. );
#474 = PRESENTATION_STYLE_ASSIGNMENT( ( #1061 ) );
#475 = ADVANCED_FACE( '', ( #1062 ), #1063, .F. );
#476 = PRESENTATION_STYLE_ASSIGNMENT( ( #1064 ) );
#477 = ADVANCED_FACE( '', ( #1065 ), #1066, .F. );
#478 = PRESENTATION_STYLE_ASSIGNMENT( ( #1067 ) );
#479 = ADVANCED_FACE( '', ( #1068 ), #1069, .T. );
#480 = PRESENTATION_STYLE_ASSIGNMENT( ( #1070 ) );
#481 = ADVANCED_FACE( '', ( #1071 ), #1072, .T. );
#482 = PRESENTATION_STYLE_ASSIGNMENT( ( #1073 ) );
#483 = ADVANCED_FACE( '', ( #1074 ), #1075, .T. );
#484 = PRESENTATION_STYLE_ASSIGNMENT( ( #1076 ) );
#485 = ADVANCED_FACE( '', ( #1077 ), #1078, .F. );
#486 = PRESENTATION_STYLE_ASSIGNMENT( ( #1079 ) );
#487 = ADVANCED_FACE( '', ( #1080 ), #1081, .T. );
#488 = PRESENTATION_STYLE_ASSIGNMENT( ( #1082 ) );
#489 = ADVANCED_FACE( '', ( #1083 ), #1084, .F. );
#490 = PRESENTATION_STYLE_ASSIGNMENT( ( #1085 ) );
#491 = ADVANCED_FACE( '', ( #1086 ), #1087, .T. );
#492 = PRESENTATION_STYLE_ASSIGNMENT( ( #1088 ) );
#493 = ADVANCED_FACE( '', ( #1089 ), #1090, .T. );
#494 = PRESENTATION_STYLE_ASSIGNMENT( ( #1091 ) );
#495 = ADVANCED_FACE( '', ( #1092 ), #1093, .T. );
#496 = PRESENTATION_STYLE_ASSIGNMENT( ( #1094 ) );
#497 = ADVANCED_FACE( '', ( #1095 ), #1096, .T. );
#498 = PRESENTATION_STYLE_ASSIGNMENT( ( #1097 ) );
#499 = ADVANCED_FACE( '', ( #1098 ), #1099, .T. );
#500 = PRESENTATION_STYLE_ASSIGNMENT( ( #1100 ) );
#501 = ADVANCED_FACE( '', ( #1101 ), #1102, .T. );
#502 = PRESENTATION_STYLE_ASSIGNMENT( ( #1103 ) );
#503 = ADVANCED_FACE( '', ( #1104 ), #1105, .T. );
#504 = PRESENTATION_STYLE_ASSIGNMENT( ( #1106 ) );
#505 = ADVANCED_FACE( '', ( #1107 ), #1108, .T. );
#506 = PRESENTATION_STYLE_ASSIGNMENT( ( #1109 ) );
#507 = ADVANCED_FACE( '', ( #1110 ), #1111, .T. );
#508 = PRESENTATION_STYLE_ASSIGNMENT( ( #1112 ) );
#509 = ADVANCED_FACE( '', ( #1113 ), #1114, .T. );
#510 = PRESENTATION_STYLE_ASSIGNMENT( ( #1115 ) );
#511 = ADVANCED_FACE( '', ( #1116 ), #1117, .F. );
#512 = PRESENTATION_STYLE_ASSIGNMENT( ( #1118 ) );
#513 = ADVANCED_FACE( '', ( #1119 ), #1120, .T. );
#514 = PRESENTATION_STYLE_ASSIGNMENT( ( #1121 ) );
#515 = ADVANCED_FACE( '', ( #1122 ), #1123, .F. );
#516 = PRESENTATION_STYLE_ASSIGNMENT( ( #1124 ) );
#517 = ADVANCED_FACE( '', ( #1125 ), #1126, .T. );
#518 = PRESENTATION_STYLE_ASSIGNMENT( ( #1127 ) );
#519 = ADVANCED_FACE( '', ( #1128 ), #1129, .T. );
#520 = PRESENTATION_STYLE_ASSIGNMENT( ( #1130 ) );
#521 = ADVANCED_FACE( '', ( #1131 ), #1132, .T. );
#522 = PRESENTATION_STYLE_ASSIGNMENT( ( #1133 ) );
#523 = ADVANCED_FACE( '', ( #1134 ), #1135, .T. );
#524 = PRESENTATION_STYLE_ASSIGNMENT( ( #1136 ) );
#525 = ADVANCED_FACE( '', ( #1137 ), #1138, .F. );
#526 = PRESENTATION_STYLE_ASSIGNMENT( ( #1139 ) );
#527 = ADVANCED_FACE( '', ( #1140 ), #1141, .F. );
#528 = PRESENTATION_STYLE_ASSIGNMENT( ( #1142 ) );
#529 = ADVANCED_FACE( '', ( #1143 ), #1144, .T. );
#530 = PRESENTATION_STYLE_ASSIGNMENT( ( #1145 ) );
#531 = ADVANCED_FACE( '', ( #1146 ), #1147, .F. );
#532 = PRESENTATION_STYLE_ASSIGNMENT( ( #1148 ) );
#533 = ADVANCED_FACE( '', ( #1149 ), #1150, .T. );
#534 = PRESENTATION_STYLE_ASSIGNMENT( ( #1151 ) );
#535 = ADVANCED_FACE( '', ( #1152 ), #1153, .T. );
#536 = PRESENTATION_STYLE_ASSIGNMENT( ( #1154 ) );
#537 = ADVANCED_FACE( '', ( #1155 ), #1156, .T. );
#538 = PRESENTATION_STYLE_ASSIGNMENT( ( #1157 ) );
#539 = ADVANCED_FACE( '', ( #1158 ), #1159, .T. );
#540 = PRESENTATION_STYLE_ASSIGNMENT( ( #1160 ) );
#541 = ADVANCED_FACE( '', ( #1161 ), #1162, .F. );
#542 = PRESENTATION_STYLE_ASSIGNMENT( ( #1163 ) );
#543 = ADVANCED_FACE( '', ( #1164 ), #1165, .T. );
#544 = PRESENTATION_STYLE_ASSIGNMENT( ( #1166 ) );
#545 = ADVANCED_FACE( '', ( #1167 ), #1168, .T. );
#546 = PRESENTATION_STYLE_ASSIGNMENT( ( #1169 ) );
#547 = ADVANCED_FACE( '', ( #1170 ), #1171, .T. );
#548 = PRESENTATION_STYLE_ASSIGNMENT( ( #1172 ) );
#549 = ADVANCED_FACE( '', ( #1173 ), #1174, .T. );
#550 = PRESENTATION_STYLE_ASSIGNMENT( ( #1175 ) );
#551 = ADVANCED_FACE( '', ( #1176 ), #1177, .T. );
#552 = PRESENTATION_STYLE_ASSIGNMENT( ( #1178 ) );
#553 = ADVANCED_FACE( '', ( #1179 ), #1180, .F. );
#554 = PRESENTATION_STYLE_ASSIGNMENT( ( #1181 ) );
#555 = ADVANCED_FACE( '', ( #1182 ), #1183, .T. );
#556 = PRESENTATION_STYLE_ASSIGNMENT( ( #1184 ) );
#557 = ADVANCED_FACE( '', ( #1185 ), #1186, .T. );
#558 = PRESENTATION_STYLE_ASSIGNMENT( ( #1187 ) );
#559 = ADVANCED_FACE( '', ( #1188 ), #1189, .F. );
#560 = PRESENTATION_STYLE_ASSIGNMENT( ( #1190 ) );
#561 = ADVANCED_FACE( '', ( #1191 ), #1192, .F. );
#562 = PRESENTATION_STYLE_ASSIGNMENT( ( #1193 ) );
#563 = ADVANCED_FACE( '', ( #1194 ), #1195, .T. );
#564 = PRESENTATION_STYLE_ASSIGNMENT( ( #1196 ) );
#565 = ADVANCED_FACE( '', ( #1197 ), #1198, .T. );
#566 = PRESENTATION_STYLE_ASSIGNMENT( ( #1199 ) );
#567 = ADVANCED_FACE( '', ( #1200 ), #1201, .T. );
#568 = PRESENTATION_STYLE_ASSIGNMENT( ( #1202 ) );
#569 = ADVANCED_FACE( '', ( #1203 ), #1204, .F. );
#570 = PRESENTATION_STYLE_ASSIGNMENT( ( #1205 ) );
#571 = ADVANCED_FACE( '', ( #1206 ), #1207, .F. );
#572 = PRESENTATION_STYLE_ASSIGNMENT( ( #1208 ) );
#573 = ADVANCED_FACE( '', ( #1209 ), #1210, .T. );
#574 = PRESENTATION_STYLE_ASSIGNMENT( ( #1211 ) );
#575 = ADVANCED_FACE( '', ( #1212 ), #1213, .T. );
#576 = PRESENTATION_STYLE_ASSIGNMENT( ( #1214 ) );
#577 = ADVANCED_FACE( '', ( #1215 ), #1216, .T. );
#578 = PRESENTATION_STYLE_ASSIGNMENT( ( #1217 ) );
#579 = ADVANCED_FACE( '', ( #1218 ), #1219, .T. );
#580 = PRESENTATION_STYLE_ASSIGNMENT( ( #1220 ) );
#581 = ADVANCED_FACE( '', ( #1221 ), #1222, .T. );
#582 = PRESENTATION_STYLE_ASSIGNMENT( ( #1223 ) );
#583 = ADVANCED_FACE( '', ( #1224 ), #1225, .F. );
#584 = PRESENTATION_STYLE_ASSIGNMENT( ( #1226 ) );
#585 = ADVANCED_FACE( '', ( #1227 ), #1228, .T. );
#586 = PRESENTATION_STYLE_ASSIGNMENT( ( #1229 ) );
#587 = ADVANCED_FACE( '', ( #1230 ), #1231, .T. );
#588 = PRESENTATION_STYLE_ASSIGNMENT( ( #1232 ) );
#589 = ADVANCED_FACE( '', ( #1233 ), #1234, .T. );
#590 = PRESENTATION_STYLE_ASSIGNMENT( ( #1235 ) );
#591 = ADVANCED_FACE( '', ( #1236 ), #1237, .F. );
#592 = PRESENTATION_STYLE_ASSIGNMENT( ( #1238 ) );
#593 = ADVANCED_FACE( '', ( #1239 ), #1240, .T. );
#594 = PRESENTATION_STYLE_ASSIGNMENT( ( #1241 ) );
#595 = ADVANCED_FACE( '', ( #1242 ), #1243, .T. );
#596 = PRESENTATION_STYLE_ASSIGNMENT( ( #1244 ) );
#597 = ADVANCED_FACE( '', ( #1245 ), #1246, .T. );
#598 = PRESENTATION_STYLE_ASSIGNMENT( ( #1247 ) );
#599 = ADVANCED_FACE( '', ( #1248 ), #1249, .F. );
#600 = PRESENTATION_STYLE_ASSIGNMENT( ( #1250 ) );
#601 = ADVANCED_FACE( '', ( #1251 ), #1252, .T. );
#602 = PRESENTATION_STYLE_ASSIGNMENT( ( #1253 ) );
#603 = ADVANCED_FACE( '', ( #1254 ), #1255, .T. );
#604 = PRESENTATION_STYLE_ASSIGNMENT( ( #1256 ) );
#605 = ADVANCED_FACE( '', ( #1257 ), #1258, .F. );
#606 = PRESENTATION_STYLE_ASSIGNMENT( ( #1259 ) );
#607 = ADVANCED_FACE( '', ( #1260 ), #1261, .T. );
#608 = PRESENTATION_STYLE_ASSIGNMENT( ( #1262 ) );
#609 = ADVANCED_FACE( '', ( #1263 ), #1264, .T. );
#610 = PRESENTATION_STYLE_ASSIGNMENT( ( #1265 ) );
#611 = ADVANCED_FACE( '', ( #1266 ), #1267, .T. );
#612 = PRESENTATION_STYLE_ASSIGNMENT( ( #1268 ) );
#613 = ADVANCED_FACE( '', ( #1269 ), #1270, .T. );
#614 = PRESENTATION_STYLE_ASSIGNMENT( ( #1271 ) );
#615 = ADVANCED_FACE( '', ( #1272 ), #1273, .T. );
#616 = PRESENTATION_STYLE_ASSIGNMENT( ( #1274 ) );
#617 = ADVANCED_FACE( '', ( #1275 ), #1276, .T. );
#618 = PRESENTATION_STYLE_ASSIGNMENT( ( #1277 ) );
#619 = ADVANCED_FACE( '', ( #1278 ), #1279, .T. );
#620 = PRESENTATION_STYLE_ASSIGNMENT( ( #1280 ) );
#621 = ADVANCED_FACE( '', ( #1281 ), #1282, .F. );
#622 = PRESENTATION_STYLE_ASSIGNMENT( ( #1283 ) );
#623 = ADVANCED_FACE( '', ( #1284, #1285 ), #1286, .T. );
#624 = PRESENTATION_STYLE_ASSIGNMENT( ( #1287 ) );
#625 = ADVANCED_FACE( '', ( #1288 ), #1289, .F. );
#626 = PRESENTATION_STYLE_ASSIGNMENT( ( #1290 ) );
#627 = ADVANCED_FACE( '', ( #1291 ), #1292, .F. );
#628 = PRESENTATION_STYLE_ASSIGNMENT( ( #1293 ) );
#629 = ADVANCED_FACE( '', ( #1294 ), #1295, .T. );
#630 = PRESENTATION_STYLE_ASSIGNMENT( ( #1296 ) );
#631 = ADVANCED_FACE( '', ( #1297 ), #1298, .F. );
#632 = PRESENTATION_STYLE_ASSIGNMENT( ( #1299 ) );
#633 = ADVANCED_FACE( '', ( #1300 ), #1301, .F. );
#634 = PRESENTATION_STYLE_ASSIGNMENT( ( #1302 ) );
#635 = ADVANCED_FACE( '', ( #1303 ), #1304, .F. );
#636 = PRESENTATION_STYLE_ASSIGNMENT( ( #1305 ) );
#637 = ADVANCED_FACE( '', ( #1306 ), #1307, .T. );
#638 = PRESENTATION_STYLE_ASSIGNMENT( ( #1308 ) );
#639 = ADVANCED_FACE( '', ( #1309 ), #1310, .T. );
#640 = PRESENTATION_STYLE_ASSIGNMENT( ( #1311 ) );
#641 = ADVANCED_FACE( '', ( #1312 ), #1313, .T. );
#642 = PRESENTATION_STYLE_ASSIGNMENT( ( #1314 ) );
#643 = ADVANCED_FACE( '', ( #1315 ), #1316, .T. );
#644 = PRESENTATION_STYLE_ASSIGNMENT( ( #1317 ) );
#645 = ADVANCED_FACE( '', ( #1318 ), #1319, .T. );
#646 = PRESENTATION_STYLE_ASSIGNMENT( ( #1320 ) );
#647 = ADVANCED_FACE( '', ( #1321 ), #1322, .T. );
#648 = PRESENTATION_STYLE_ASSIGNMENT( ( #1323 ) );
#649 = ADVANCED_FACE( '', ( #1324 ), #1325, .T. );
#650 = PRESENTATION_STYLE_ASSIGNMENT( ( #1326 ) );
#651 = ADVANCED_FACE( '', ( #1327 ), #1328, .T. );
#652 = PRESENTATION_STYLE_ASSIGNMENT( ( #1329 ) );
#653 = ADVANCED_FACE( '', ( #1330 ), #1331, .T. );
#654 = PRESENTATION_STYLE_ASSIGNMENT( ( #1332 ) );
#655 = ADVANCED_FACE( '', ( #1333 ), #1334, .T. );
#656 = PRESENTATION_STYLE_ASSIGNMENT( ( #1335 ) );
#657 = ADVANCED_FACE( '', ( #1336 ), #1337, .T. );
#658 = PRESENTATION_STYLE_ASSIGNMENT( ( #1338 ) );
#659 = ADVANCED_FACE( '', ( #1339 ), #1340, .T. );
#660 = PRESENTATION_STYLE_ASSIGNMENT( ( #1341 ) );
#661 = ADVANCED_FACE( '', ( #1342, #1343, #1344, #1345, #1346, #1347, #1348, #1349, #1350, #1351, #1352, #1353, #1354, #1355, #1356, #1357, #1358 ), #1359, .T. );
#662 = PRESENTATION_STYLE_ASSIGNMENT( ( #1360 ) );
#663 = ADVANCED_FACE( '', ( #1361 ), #1362, .F. );
#664 = PRESENTATION_STYLE_ASSIGNMENT( ( #1363 ) );
#665 = ADVANCED_FACE( '', ( #1364 ), #1365, .T. );
#666 = PRESENTATION_STYLE_ASSIGNMENT( ( #1366 ) );
#667 = ADVANCED_FACE( '', ( #1367 ), #1368, .F. );
#668 = PRESENTATION_STYLE_ASSIGNMENT( ( #1369 ) );
#669 = ADVANCED_FACE( '', ( #1370 ), #1371, .T. );
#670 = PRESENTATION_STYLE_ASSIGNMENT( ( #1372 ) );
#671 = ADVANCED_FACE( '', ( #1373 ), #1374, .F. );
#672 = PRESENTATION_STYLE_ASSIGNMENT( ( #1375 ) );
#673 = ADVANCED_FACE( '', ( #1376 ), #1377, .F. );
#674 = PRESENTATION_STYLE_ASSIGNMENT( ( #1378 ) );
#675 = ADVANCED_FACE( '', ( #1379 ), #1380, .T. );
#676 = PRESENTATION_STYLE_ASSIGNMENT( ( #1381 ) );
#677 = ADVANCED_FACE( '', ( #1382 ), #1383, .T. );
#678 = PRESENTATION_STYLE_ASSIGNMENT( ( #1384 ) );
#679 = ADVANCED_FACE( '', ( #1385 ), #1386, .F. );
#680 = PRESENTATION_STYLE_ASSIGNMENT( ( #1387 ) );
#681 = ADVANCED_FACE( '', ( #1388 ), #1389, .T. );
#682 = PRESENTATION_STYLE_ASSIGNMENT( ( #1390 ) );
#683 = ADVANCED_FACE( '', ( #1391 ), #1392, .T. );
#684 = PRESENTATION_STYLE_ASSIGNMENT( ( #1393 ) );
#685 = ADVANCED_FACE( '', ( #1394 ), #1395, .T. );
#686 = PRESENTATION_STYLE_ASSIGNMENT( ( #1396 ) );
#687 = ADVANCED_FACE( '', ( #1397 ), #1398, .T. );
#688 = PRESENTATION_STYLE_ASSIGNMENT( ( #1399 ) );
#689 = ADVANCED_FACE( '', ( #1400 ), #1401, .F. );
#690 = PRESENTATION_STYLE_ASSIGNMENT( ( #1402 ) );
#691 = ADVANCED_FACE( '', ( #1403, #1404 ), #1405, .T. );
#692 = PRESENTATION_STYLE_ASSIGNMENT( ( #1406 ) );
#693 = ADVANCED_FACE( '', ( #1407 ), #1408, .T. );
#694 = PRESENTATION_STYLE_ASSIGNMENT( ( #1409 ) );
#695 = ADVANCED_FACE( '', ( #1410 ), #1411, .T. );
#696 = PRESENTATION_STYLE_ASSIGNMENT( ( #1412 ) );
#697 = ADVANCED_FACE( '', ( #1413 ), #1414, .F. );
#698 = PRODUCT( '1', '1', 'PART-1-DESC', ( #1415 ) );
#699 = PRODUCT_DEFINITION( 'NONE', 'NONE', #1416, #2 );
#700 = MANIFOLD_SOLID_BREP( '1', #1417 );
#701 = AXIS2_PLACEMENT_3D( '', #1418, #1419, #1420 );
#704 = LENGTH_MEASURE_WITH_UNIT( LENGTH_MEASURE( 1.00000000000000 ), #1421 );
#707 = DIMENSIONAL_EXPONENTS( 1.00000000000000, 0.000000000000000, 0.000000000000000, 0.000000000000000, 0.000000000000000, 0.000000000000000, 0.000000000000000 );
#709 = DIMENSIONAL_EXPONENTS( 0.000000000000000, 0.000000000000000, 0.000000000000000, 0.000000000000000, 0.000000000000000, 0.000000000000000, 0.000000000000000 );
#715 = SURFACE_STYLE_USAGE( .BOTH., #1422 );
#716 = FACE_OUTER_BOUND( '', #1423, .T. );
#717 = PLANE( '', #1424 );
#718 = SURFACE_STYLE_USAGE( .BOTH., #1425 );
#719 = FACE_OUTER_BOUND( '', #1426, .T. );
#720 = PLANE( '', #1427 );
#721 = SURFACE_STYLE_USAGE( .BOTH., #1428 );
#722 = FACE_OUTER_BOUND( '', #1429, .T. );
#723 = PLANE( '', #1430 );
#724 = SURFACE_STYLE_USAGE( .BOTH., #1431 );
#725 = FACE_OUTER_BOUND( '', #1432, .T. );
#726 = CYLINDRICAL_SURFACE( '', #1433, 0.113072396140495 );
#727 = SURFACE_STYLE_USAGE( .BOTH., #1434 );
#728 = FACE_OUTER_BOUND( '', #1435, .T. );
#729 = PLANE( '', #1436 );
#730 = SURFACE_STYLE_USAGE( .BOTH., #1437 );
#731 = FACE_OUTER_BOUND( '', #1438, .T. );
#732 = PLANE( '', #1439 );
#733 = SURFACE_STYLE_USAGE( .BOTH., #1440 );
#734 = FACE_OUTER_BOUND( '', #1441, .T. );
#735 = PLANE( '', #1442 );
#736 = SURFACE_STYLE_USAGE( .BOTH., #1443 );
#737 = FACE_OUTER_BOUND( '', #1444, .T. );
#738 = PLANE( '', #1445 );
#739 = SURFACE_STYLE_USAGE( .BOTH., #1446 );
#740 = FACE_OUTER_BOUND( '', #1447, .T. );
#741 = PLANE( '', #1448 );
#742 = SURFACE_STYLE_USAGE( .BOTH., #1449 );
#743 = FACE_OUTER_BOUND( '', #1450, .T. );
#744 = PLANE( '', #1451 );
#745 = SURFACE_STYLE_USAGE( .BOTH., #1452 );
#746 = FACE_OUTER_BOUND( '', #1453, .T. );
#747 = PLANE( '', #1454 );
#748 = SURFACE_STYLE_USAGE( .BOTH., #1455 );
#749 = FACE_OUTER_BOUND( '', #1456, .T. );
#750 = PLANE( '', #1457 );
#751 = SURFACE_STYLE_USAGE( .BOTH., #1458 );
#752 = FACE_OUTER_BOUND( '', #1459, .T. );
#753 = PLANE( '', #1460 );
#754 = SURFACE_STYLE_USAGE( .BOTH., #1461 );
#755 = FACE_OUTER_BOUND( '', #1462, .T. );
#756 = PLANE( '', #1463 );
#757 = SURFACE_STYLE_USAGE( .BOTH., #1464 );
#758 = FACE_OUTER_BOUND( '', #1465, .T. );
#759 = PLANE( '', #1466 );
#760 = SURFACE_STYLE_USAGE( .BOTH., #1467 );
#761 = FACE_OUTER_BOUND( '', #1468, .T. );
#762 = PLANE( '', #1469 );
#763 = SURFACE_STYLE_USAGE( .BOTH., #1470 );
#764 = FACE_OUTER_BOUND( '', #1471, .T. );
#765 = SURFACE_OF_LINEAR_EXTRUSION( '', #1472, #1473 );
#766 = SURFACE_STYLE_USAGE( .BOTH., #1474 );
#767 = FACE_OUTER_BOUND( '', #1475, .T. );
#768 = PLANE( '', #1476 );
#769 = SURFACE_STYLE_USAGE( .BOTH., #1477 );
#770 = FACE_OUTER_BOUND( '', #1478, .T. );
#771 = PLANE( '', #1479 );
#772 = SURFACE_STYLE_USAGE( .BOTH., #1480 );
#773 = FACE_OUTER_BOUND( '', #1481, .T. );
#774 = SURFACE_OF_LINEAR_EXTRUSION( '', #1482, #1483 );
#775 = SURFACE_STYLE_USAGE( .BOTH., #1484 );
#776 = FACE_OUTER_BOUND( '', #1485, .T. );
#777 = PLANE( '', #1486 );
#778 = SURFACE_STYLE_USAGE( .BOTH., #1487 );
#779 = FACE_OUTER_BOUND( '', #1488, .T. );
#780 = PLANE( '', #1489 );
#781 = SURFACE_STYLE_USAGE( .BOTH., #1490 );
#782 = FACE_OUTER_BOUND( '', #1491, .T. );
#783 = SURFACE_OF_LINEAR_EXTRUSION( '', #1492, #1493 );
#784 = SURFACE_STYLE_USAGE( .BOTH., #1494 );
#785 = FACE_OUTER_BOUND( '', #1495, .T. );
#786 = PLANE( '', #1496 );
#787 = SURFACE_STYLE_USAGE( .BOTH., #1497 );
#788 = FACE_OUTER_BOUND( '', #1498, .T. );
#789 = CYLINDRICAL_SURFACE( '', #1499, 0.113072396140495 );
#790 = SURFACE_STYLE_USAGE( .BOTH., #1500 );
#791 = FACE_OUTER_BOUND( '', #1501, .T. );
#792 = PLANE( '', #1502 );
#793 = SURFACE_STYLE_USAGE( .BOTH., #1503 );
#794 = FACE_OUTER_BOUND( '', #1504, .T. );
#795 = PLANE( '', #1505 );
#796 = SURFACE_STYLE_USAGE( .BOTH., #1506 );
#797 = FACE_OUTER_BOUND( '', #1507, .T. );
#798 = PLANE( '', #1508 );
#799 = SURFACE_STYLE_USAGE( .BOTH., #1509 );
#800 = FACE_OUTER_BOUND( '', #1510, .T. );
#801 = SURFACE_OF_LINEAR_EXTRUSION( '', #1511, #1512 );
#802 = SURFACE_STYLE_USAGE( .BOTH., #1513 );
#803 = FACE_OUTER_BOUND( '', #1514, .T. );
#804 = PLANE( '', #1515 );
#805 = SURFACE_STYLE_USAGE( .BOTH., #1516 );
#806 = FACE_BOUND( '', #1517, .T. );
#807 = FACE_OUTER_BOUND( '', #1518, .T. );
#808 = PLANE( '', #1519 );
#809 = SURFACE_STYLE_USAGE( .BOTH., #1520 );
#810 = FACE_OUTER_BOUND( '', #1521, .T. );
#811 = CYLINDRICAL_SURFACE( '', #1522, 0.229554448720945 );
#812 = SURFACE_STYLE_USAGE( .BOTH., #1523 );
#813 = FACE_OUTER_BOUND( '', #1524, .T. );
#814 = PLANE( '', #1525 );
#815 = SURFACE_STYLE_USAGE( .BOTH., #1526 );
#816 = FACE_BOUND( '', #1527, .T. );
#817 = FACE_OUTER_BOUND( '', #1528, .T. );
#818 = PLANE( '', #1529 );
#819 = SURFACE_STYLE_USAGE( .BOTH., #1530 );
#820 = FACE_OUTER_BOUND( '', #1531, .T. );
#821 = PLANE( '', #1532 );
#822 = SURFACE_STYLE_USAGE( .BOTH., #1533 );
#823 = FACE_OUTER_BOUND( '', #1534, .T. );
#824 = PLANE( '', #1535 );
#825 = SURFACE_STYLE_USAGE( .BOTH., #1536 );
#826 = FACE_OUTER_BOUND( '', #1537, .T. );
#827 = SURFACE_OF_LINEAR_EXTRUSION( '', #1538, #1539 );
#828 = SURFACE_STYLE_USAGE( .BOTH., #1540 );
#829 = FACE_OUTER_BOUND( '', #1541, .T. );
#830 = PLANE( '', #1542 );
#831 = SURFACE_STYLE_USAGE( .BOTH., #1543 );
#832 = FACE_OUTER_BOUND( '', #1544, .T. );
#833 = PLANE( '', #1545 );
#834 = SURFACE_STYLE_USAGE( .BOTH., #1546 );
#835 = FACE_OUTER_BOUND( '', #1547, .T. );
#836 = PLANE( '', #1548 );
#837 = SURFACE_STYLE_USAGE( .BOTH., #1549 );
#838 = FACE_OUTER_BOUND( '', #1550, .T. );
#839 = PLANE( '', #1551 );
#840 = SURFACE_STYLE_USAGE( .BOTH., #1552 );
#841 = FACE_OUTER_BOUND( '', #1553, .T. );
#842 = PLANE( '', #1554 );
#843 = SURFACE_STYLE_USAGE( .BOTH., #1555 );
#844 = FACE_OUTER_BOUND( '', #1556, .T. );
#845 = PLANE( '', #1557 );
#846 = SURFACE_STYLE_USAGE( .BOTH., #1558 );
#847 = FACE_OUTER_BOUND( '', #1559, .T. );
#848 = PLANE( '', #1560 );
#849 = SURFACE_STYLE_USAGE( .BOTH., #1561 );
#850 = FACE_OUTER_BOUND( '', #1562, .T. );
#851 = PLANE( '', #1563 );
#852 = SURFACE_STYLE_USAGE( .BOTH., #1564 );
#853 = FACE_OUTER_BOUND( '', #1565, .T. );
#854 = PLANE( '', #1566 );
#855 = SURFACE_STYLE_USAGE( .BOTH., #1567 );
#856 = FACE_OUTER_BOUND( '', #1568, .T. );
#857 = PLANE( '', #1569 );
#858 = SURFACE_STYLE_USAGE( .BOTH., #1570 );
#859 = FACE_OUTER_BOUND( '', #1571, .T. );
#860 = PLANE( '', #1572 );
#861 = SURFACE_STYLE_USAGE( .BOTH., #1573 );
#862 = FACE_OUTER_BOUND( '', #1574, .T. );
#863 = PLANE( '', #1575 );
#864 = SURFACE_STYLE_USAGE( .BOTH., #1576 );
#865 = FACE_OUTER_BOUND( '', #1577, .T. );
#866 = CYLINDRICAL_SURFACE( '', #1578, 0.229554448720945 );
#867 = SURFACE_STYLE_USAGE( .BOTH., #1579 );
#868 = FACE_OUTER_BOUND( '', #1580, .T. );
#869 = PLANE( '', #1581 );
#870 = SURFACE_STYLE_USAGE( .BOTH., #1582 );
#871 = FACE_OUTER_BOUND( '', #1583, .T. );
#872 = CYLINDRICAL_SURFACE( '', #1584, 0.113072396140495 );
#873 = SURFACE_STYLE_USAGE( .BOTH., #1585 );
#874 = FACE_OUTER_BOUND( '', #1586, .T. );
#875 = CYLINDRICAL_SURFACE( '', #1587, 0.229554448720945 );
#876 = SURFACE_STYLE_USAGE( .BOTH., #1588 );
#877 = FACE_OUTER_BOUND( '', #1589, .T. );
#878 = PLANE( '', #1590 );
#879 = SURFACE_STYLE_USAGE( .BOTH., #1591 );
#880 = FACE_BOUND( '', #1592, .T. );
#881 = FACE_OUTER_BOUND( '', #1593, .T. );
#882 = PLANE( '', #1594 );
#883 = SURFACE_STYLE_USAGE( .BOTH., #1595 );
#884 = FACE_OUTER_BOUND( '', #1596, .T. );
#885 = PLANE( '', #1597 );
#886 = SURFACE_STYLE_USAGE( .BOTH., #1598 );
#887 = FACE_OUTER_BOUND( '', #1599, .T. );
#888 = PLANE( '', #1600 );
#889 = SURFACE_STYLE_USAGE( .BOTH., #1601 );
#890 = FACE_OUTER_BOUND( '', #1602, .T. );
#891 = PLANE( '', #1603 );
#892 = SURFACE_STYLE_USAGE( .BOTH., #1604 );
#893 = FACE_OUTER_BOUND( '', #1605, .T. );
#894 = PLANE( '', #1606 );
#895 = SURFACE_STYLE_USAGE( .BOTH., #1607 );
#896 = FACE_OUTER_BOUND( '', #1608, .T. );
#897 = PLANE( '', #1609 );
#898 = SURFACE_STYLE_USAGE( .BOTH., #1610 );
#899 = FACE_OUTER_BOUND( '', #1611, .T. );
#900 = FACE_OUTER_BOUND( '', #1612, .T. );
#901 = SURFACE_OF_LINEAR_EXTRUSION( '', #1613, #1614 );
#902 = SURFACE_STYLE_USAGE( .BOTH., #1615 );
#903 = FACE_OUTER_BOUND( '', #1616, .T. );
#904 = PLANE( '', #1617 );
#905 = SURFACE_STYLE_USAGE( .BOTH., #1618 );
#906 = FACE_OUTER_BOUND( '', #1619, .T. );
#907 = PLANE( '', #1620 );
#908 = SURFACE_STYLE_USAGE( .BOTH., #1621 );
#909 = FACE_OUTER_BOUND( '', #1622, .T. );
#910 = PLANE( '', #1623 );
#911 = SURFACE_STYLE_USAGE( .BOTH., #1624 );
#912 = FACE_OUTER_BOUND( '', #1625, .T. );
#913 = PLANE( '', #1626 );
#914 = SURFACE_STYLE_USAGE( .BOTH., #1627 );
#915 = FACE_OUTER_BOUND( '', #1628, .T. );
#916 = PLANE( '', #1629 );
#917 = SURFACE_STYLE_USAGE( .BOTH., #1630 );
#918 = FACE_OUTER_BOUND( '', #1631, .T. );
#919 = PLANE( '', #1632 );
#920 = SURFACE_STYLE_USAGE( .BOTH., #1633 );
#921 = FACE_OUTER_BOUND( '', #1634, .T. );
#922 = PLANE( '', #1635 );
#923 = SURFACE_STYLE_USAGE( .BOTH., #1636 );
#924 = FACE_OUTER_BOUND( '', #1637, .T. );
#925 = PLANE( '', #1638 );
#926 = SURFACE_STYLE_USAGE( .BOTH., #1639 );
#927 = FACE_OUTER_BOUND( '', #1640, .T. );
#928 = PLANE( '', #1641 );
#929 = SURFACE_STYLE_USAGE( .BOTH., #1642 );
#930 = FACE_OUTER_BOUND( '', #1643, .T. );
#931 = CYLINDRICAL_SURFACE( '', #1644, 0.113072396140495 );
#932 = SURFACE_STYLE_USAGE( .BOTH., #1645 );
#933 = FACE_OUTER_BOUND( '', #1646, .T. );
#934 = PLANE( '', #1647 );
#935 = SURFACE_STYLE_USAGE( .BOTH., #1648 );
#936 = FACE_OUTER_BOUND( '', #1649, .T. );
#937 = SURFACE_OF_LINEAR_EXTRUSION( '', #1650, #1651 );
#938 = SURFACE_STYLE_USAGE( .BOTH., #1652 );
#939 = FACE_OUTER_BOUND( '', #1653, .T. );
#940 = SURFACE_OF_LINEAR_EXTRUSION( '', #1654, #1655 );
#941 = SURFACE_STYLE_USAGE( .BOTH., #1656 );
#942 = FACE_OUTER_BOUND( '', #1657, .T. );
#943 = SURFACE_OF_LINEAR_EXTRUSION( '', #1658, #1659 );
#944 = SURFACE_STYLE_USAGE( .BOTH., #1660 );
#945 = FACE_OUTER_BOUND( '', #1661, .T. );
#946 = FACE_OUTER_BOUND( '', #1662, .T. );
#947 = SURFACE_OF_LINEAR_EXTRUSION( '', #1663, #1664 );
#948 = SURFACE_STYLE_USAGE( .BOTH., #1665 );
#949 = FACE_OUTER_BOUND( '', #1666, .T. );
#950 = SURFACE_OF_LINEAR_EXTRUSION( '', #1667, #1668 );
#951 = SURFACE_STYLE_USAGE( .BOTH., #1669 );
#952 = FACE_OUTER_BOUND( '', #1670, .T. );
#953 = PLANE( '', #1671 );
#954 = SURFACE_STYLE_USAGE( .BOTH., #1672 );
#955 = FACE_OUTER_BOUND( '', #1673, .T. );
#956 = PLANE( '', #1674 );
#957 = SURFACE_STYLE_USAGE( .BOTH., #1675 );
#958 = FACE_OUTER_BOUND( '', #1676, .T. );
#959 = PLANE( '', #1677 );
#960 = SURFACE_STYLE_USAGE( .BOTH., #1678 );
#961 = FACE_OUTER_BOUND( '', #1679, .T. );
#962 = PLANE( '', #1680 );
#963 = SURFACE_STYLE_USAGE( .BOTH., #1681 );
#964 = FACE_OUTER_BOUND( '', #1682, .T. );
#965 = PLANE( '', #1683 );
#966 = SURFACE_STYLE_USAGE( .BOTH., #1684 );
#967 = FACE_OUTER_BOUND( '', #1685, .T. );
#968 = PLANE( '', #1686 );
#969 = SURFACE_STYLE_USAGE( .BOTH., #1687 );
#970 = FACE_OUTER_BOUND( '', #1688, .T. );
#971 = PLANE( '', #1689 );
#972 = SURFACE_STYLE_USAGE( .BOTH., #1690 );
#973 = FACE_OUTER_BOUND( '', #1691, .T. );
#974 = PLANE( '', #1692 );
#975 = SURFACE_STYLE_USAGE( .BOTH., #1693 );
#976 = FACE_OUTER_BOUND( '', #1694, .T. );
#977 = PLANE( '', #1695 );
#978 = SURFACE_STYLE_USAGE( .BOTH., #1696 );
#979 = FACE_OUTER_BOUND( '', #1697, .T. );
#980 = PLANE( '', #1698 );
#981 = SURFACE_STYLE_USAGE( .BOTH., #1699 );
#982 = FACE_OUTER_BOUND( '', #1700, .T. );
#983 = PLANE( '', #1701 );
#984 = SURFACE_STYLE_USAGE( .BOTH., #1702 );
#985 = FACE_OUTER_BOUND( '', #1703, .T. );
#986 = PLANE( '', #1704 );
#987 = SURFACE_STYLE_USAGE( .BOTH., #1705 );
#988 = FACE_OUTER_BOUND( '', #1706, .T. );
#989 = SURFACE_OF_LINEAR_EXTRUSION( '', #1707, #1708 );
#990 = SURFACE_STYLE_USAGE( .BOTH., #1709 );
#991 = FACE_OUTER_BOUND( '', #1710, .T. );
#992 = PLANE( '', #1711 );
#993 = SURFACE_STYLE_USAGE( .BOTH., #1712 );
#994 = FACE_OUTER_BOUND( '', #1713, .T. );
#995 = PLANE( '', #1714 );
#996 = SURFACE_STYLE_USAGE( .BOTH., #1715 );
#997 = FACE_OUTER_BOUND( '', #1716, .T. );
#998 = PLANE( '', #1717 );
#999 = SURFACE_STYLE_USAGE( .BOTH., #1718 );
#1000 = FACE_OUTER_BOUND( '', #1719, .T. );
#1001 = PLANE( '', #1720 );
#1002 = SURFACE_STYLE_USAGE( .BOTH., #1721 );
#1003 = FACE_OUTER_BOUND( '', #1722, .T. );
#1004 = PLANE( '', #1723 );
#1005 = SURFACE_STYLE_USAGE( .BOTH., #1724 );
#1006 = FACE_OUTER_BOUND( '', #1725, .T. );
#1007 = PLANE( '', #1726 );
#1008 = SURFACE_STYLE_USAGE( .BOTH., #1727 );
#1009 = FACE_OUTER_BOUND( '', #1728, .T. );
#1010 = PLANE( '', #1729 );
#1011 = SURFACE_STYLE_USAGE( .BOTH., #1730 );
#1012 = FACE_OUTER_BOUND( '', #1731, .T. );
#1013 = PLANE( '', #1732 );
#1014 = SURFACE_STYLE_USAGE( .BOTH., #1733 );
#1015 = FACE_OUTER_BOUND( '', #1734, .T. );
#1016 = PLANE( '', #1735 );
#1017 = SURFACE_STYLE_USAGE( .BOTH., #1736 );
#1018 = FACE_OUTER_BOUND( '', #1737, .T. );
#1019 = SURFACE_OF_LINEAR_EXTRUSION( '', #1738, #1739 );
#1020 = SURFACE_STYLE_USAGE( .BOTH., #1740 );
#1021 = FACE_OUTER_BOUND( '', #1741, .T. );
#1022 = PLANE( '', #1742 );
#1023 = SURFACE_STYLE_USAGE( .BOTH., #1743 );
#1024 = FACE_OUTER_BOUND( '', #1744, .T. );
#1025 = PLANE( '', #1745 );
#1026 = SURFACE_STYLE_USAGE( .BOTH., #1746 );
#1027 = FACE_OUTER_BOUND( '', #1747, .T. );
#1028 = PLANE( '', #1748 );
#1029 = SURFACE_STYLE_USAGE( .BOTH., #1749 );
#1030 = FACE_OUTER_BOUND( '', #1750, .T. );
#1031 = PLANE( '', #1751 );
#1032 = SURFACE_STYLE_USAGE( .BOTH., #1752 );
#1033 = FACE_OUTER_BOUND( '', #1753, .T. );
#1034 = PLANE( '', #1754 );
#1035 = SURFACE_STYLE_USAGE( .BOTH., #1755 );
#1036 = FACE_OUTER_BOUND( '', #1756, .T. );
#1037 = PLANE( '', #1757 );
#1038 = SURFACE_STYLE_USAGE( .BOTH., #1758 );
#1039 = FACE_OUTER_BOUND( '', #1759, .T. );
#1040 = PLANE( '', #1760 );
#1041 = SURFACE_STYLE_USAGE( .BOTH., #1761 );
#1042 = FACE_OUTER_BOUND( '', #1762, .T. );
#1043 = SURFACE_OF_LINEAR_EXTRUSION( '', #1763, #1764 );
#1044 = SURFACE_STYLE_USAGE( .BOTH., #1765 );
#1045 = FACE_OUTER_BOUND( '', #1766, .T. );
#1046 = SURFACE_OF_LINEAR_EXTRUSION( '', #1767, #1768 );
#1047 = SURFACE_STYLE_USAGE( .BOTH., #1769 );
#1048 = FACE_OUTER_BOUND( '', #1770, .T. );
#1049 = PLANE( '', #1771 );
#1050 = SURFACE_STYLE_USAGE( .BOTH., #1772 );
#1051 = FACE_OUTER_BOUND( '', #1773, .T. );
#1052 = PLANE( '', #1774 );
#1053 = SURFACE_STYLE_USAGE( .BOTH., #1775 );
#1054 = FACE_OUTER_BOUND( '', #1776, .T. );
#1055 = PLANE( '', #1777 );
#1056 = SURFACE_STYLE_USAGE( .BOTH., #1778 );
#1057 = FACE_BOUND( '', #1779, .T. );
#1058 = FACE_BOUND( '', #1780, .T. );
#1059 = FACE_OUTER_BOUND( '', #1781, .T. );
#1060 = PLANE( '', #1782 );
#1061 = SURFACE_STYLE_USAGE( .BOTH., #1783 );
#1062 = FACE_OUTER_BOUND( '', #1784, .T. );
#1063 = PLANE( '', #1785 );
#1064 = SURFACE_STYLE_USAGE( .BOTH., #1786 );
#1065 = FACE_OUTER_BOUND( '', #1787, .T. );
#1066 = PLANE( '', #1788 );
#1067 = SURFACE_STYLE_USAGE( .BOTH., #1789 );
#1068 = FACE_OUTER_BOUND( '', #1790, .T. );
#1069 = SURFACE_OF_LINEAR_EXTRUSION( '', #1791, #1792 );
#1070 = SURFACE_STYLE_USAGE( .BOTH., #1793 );
#1071 = FACE_OUTER_BOUND( '', #1794, .T. );
#1072 = PLANE( '', #1795 );
#1073 = SURFACE_STYLE_USAGE( .BOTH., #1796 );
#1074 = FACE_OUTER_BOUND( '', #1797, .T. );
#1075 = PLANE( '', #1798 );
#1076 = SURFACE_STYLE_USAGE( .BOTH., #1799 );
#1077 = FACE_OUTER_BOUND( '', #1800, .T. );
#1078 = PLANE( '', #1801 );
#1079 = SURFACE_STYLE_USAGE( .BOTH., #1802 );
#1080 = FACE_OUTER_BOUND( '', #1803, .T. );
#1081 = PLANE( '', #1804 );
#1082 = SURFACE_STYLE_USAGE( .BOTH., #1805 );
#1083 = FACE_OUTER_BOUND( '', #1806, .T. );
#1084 = CYLINDRICAL_SURFACE( '', #1807, 0.113072396140495 );
#1085 = SURFACE_STYLE_USAGE( .BOTH., #1808 );
#1086 = FACE_OUTER_BOUND( '', #1809, .T. );
#1087 = CYLINDRICAL_SURFACE( '', #1810, 0.229554448720945 );
#1088 = SURFACE_STYLE_USAGE( .BOTH., #1811 );
#1089 = FACE_OUTER_BOUND( '', #1812, .T. );
#1090 = PLANE( '', #1813 );
#1091 = SURFACE_STYLE_USAGE( .BOTH., #1814 );
#1092 = FACE_OUTER_BOUND( '', #1815, .T. );
#1093 = PLANE( '', #1816 );
#1094 = SURFACE_STYLE_USAGE( .BOTH., #1817 );
#1095 = FACE_OUTER_BOUND( '', #1818, .T. );
#1096 = PLANE( '', #1819 );
#1097 = SURFACE_STYLE_USAGE( .BOTH., #1820 );
#1098 = FACE_OUTER_BOUND( '', #1821, .T. );
#1099 = PLANE( '', #1822 );
#1100 = SURFACE_STYLE_USAGE( .BOTH., #1823 );
#1101 = FACE_OUTER_BOUND( '', #1824, .T. );
#1102 = PLANE( '', #1825 );
#1103 = SURFACE_STYLE_USAGE( .BOTH., #1826 );
#1104 = FACE_OUTER_BOUND( '', #1827, .T. );
#1105 = PLANE( '', #1828 );
#1106 = SURFACE_STYLE_USAGE( .BOTH., #1829 );
#1107 = FACE_OUTER_BOUND( '', #1830, .T. );
#1108 = PLANE( '', #1831 );
#1109 = SURFACE_STYLE_USAGE( .BOTH., #1832 );
#1110 = FACE_OUTER_BOUND( '', #1833, .T. );
#1111 = PLANE( '', #1834 );
#1112 = SURFACE_STYLE_USAGE( .BOTH., #1835 );
#1113 = FACE_OUTER_BOUND( '', #1836, .T. );
#1114 = SURFACE_OF_LINEAR_EXTRUSION( '', #1837, #1838 );
#1115 = SURFACE_STYLE_USAGE( .BOTH., #1839 );
#1116 = FACE_OUTER_BOUND( '', #1840, .T. );
#1117 = PLANE( '', #1841 );
#1118 = SURFACE_STYLE_USAGE( .BOTH., #1842 );
#1119 = FACE_OUTER_BOUND( '', #1843, .T. );
#1120 = SURFACE_OF_LINEAR_EXTRUSION( '', #1844, #1845 );
#1121 = SURFACE_STYLE_USAGE( .BOTH., #1846 );
#1122 = FACE_OUTER_BOUND( '', #1847, .T. );
#1123 = PLANE( '', #1848 );
#1124 = SURFACE_STYLE_USAGE( .BOTH., #1849 );
#1125 = FACE_OUTER_BOUND( '', #1850, .T. );
#1126 = PLANE( '', #1851 );
#1127 = SURFACE_STYLE_USAGE( .BOTH., #1852 );
#1128 = FACE_OUTER_BOUND( '', #1853, .T. );
#1129 = PLANE( '', #1854 );
#1130 = SURFACE_STYLE_USAGE( .BOTH., #1855 );
#1131 = FACE_OUTER_BOUND( '', #1856, .T. );
#1132 = SURFACE_OF_LINEAR_EXTRUSION( '', #1857, #1858 );
#1133 = SURFACE_STYLE_USAGE( .BOTH., #1859 );
#1134 = FACE_OUTER_BOUND( '', #1860, .T. );
#1135 = PLANE( '', #1861 );
#1136 = SURFACE_STYLE_USAGE( .BOTH., #1862 );
#1137 = FACE_OUTER_BOUND( '', #1863, .T. );
#1138 = PLANE( '', #1864 );
#1139 = SURFACE_STYLE_USAGE( .BOTH., #1865 );
#1140 = FACE_OUTER_BOUND( '', #1866, .T. );
#1141 = PLANE( '', #1867 );
#1142 = SURFACE_STYLE_USAGE( .BOTH., #1868 );
#1143 = FACE_OUTER_BOUND( '', #1869, .T. );
#1144 = PLANE( '', #1870 );
#1145 = SURFACE_STYLE_USAGE( .BOTH., #1871 );
#1146 = FACE_OUTER_BOUND( '', #1872, .T. );
#1147 = PLANE( '', #1873 );
#1148 = SURFACE_STYLE_USAGE( .BOTH., #1874 );
#1149 = FACE_OUTER_BOUND( '', #1875, .T. );
#1150 = PLANE( '', #1876 );
#1151 = SURFACE_STYLE_USAGE( .BOTH., #1877 );
#1152 = FACE_OUTER_BOUND( '', #1878, .T. );
#1153 = SURFACE_OF_LINEAR_EXTRUSION( '', #1879, #1880 );
#1154 = SURFACE_STYLE_USAGE( .BOTH., #1881 );
#1155 = FACE_OUTER_BOUND( '', #1882, .T. );
#1156 = PLANE( '', #1883 );
#1157 = SURFACE_STYLE_USAGE( .BOTH., #1884 );
#1158 = FACE_OUTER_BOUND( '', #1885, .T. );
#1159 = PLANE( '', #1886 );
#1160 = SURFACE_STYLE_USAGE( .BOTH., #1887 );
#1161 = FACE_OUTER_BOUND( '', #1888, .T. );
#1162 = PLANE( '', #1889 );
#1163 = SURFACE_STYLE_USAGE( .BOTH., #1890 );
#1164 = FACE_OUTER_BOUND( '', #1891, .T. );
#1165 = PLANE( '', #1892 );
#1166 = SURFACE_STYLE_USAGE( .BOTH., #1893 );
#1167 = FACE_OUTER_BOUND( '', #1894, .T. );
#1168 = PLANE( '', #1895 );
#1169 = SURFACE_STYLE_USAGE( .BOTH., #1896 );
#1170 = FACE_OUTER_BOUND( '', #1897, .T. );
#1171 = PLANE( '', #1898 );
#1172 = SURFACE_STYLE_USAGE( .BOTH., #1899 );
#1173 = FACE_OUTER_BOUND( '', #1900, .T. );
#1174 = SURFACE_OF_LINEAR_EXTRUSION( '', #1901, #1902 );
#1175 = SURFACE_STYLE_USAGE( .BOTH., #1903 );
#1176 = FACE_OUTER_BOUND( '', #1904, .T. );
#1177 = PLANE( '', #1905 );
#1178 = SURFACE_STYLE_USAGE( .BOTH., #1906 );
#1179 = FACE_OUTER_BOUND( '', #1907, .T. );
#1180 = PLANE( '', #1908 );
#1181 = SURFACE_STYLE_USAGE( .BOTH., #1909 );
#1182 = FACE_OUTER_BOUND( '', #1910, .T. );
#1183 = PLANE( '', #1911 );
#1184 = SURFACE_STYLE_USAGE( .BOTH., #1912 );
#1185 = FACE_OUTER_BOUND( '', #1913, .T. );
#1186 = PLANE( '', #1914 );
#1187 = SURFACE_STYLE_USAGE( .BOTH., #1915 );
#1188 = FACE_OUTER_BOUND( '', #1916, .T. );
#1189 = PLANE( '', #1917 );
#1190 = SURFACE_STYLE_USAGE( .BOTH., #1918 );
#1191 = FACE_OUTER_BOUND( '', #1919, .T. );
#1192 = PLANE( '', #1920 );
#1193 = SURFACE_STYLE_USAGE( .BOTH., #1921 );
#1194 = FACE_OUTER_BOUND( '', #1922, .T. );
#1195 = PLANE( '', #1923 );
#1196 = SURFACE_STYLE_USAGE( .BOTH., #1924 );
#1197 = FACE_OUTER_BOUND( '', #1925, .T. );
#1198 = SURFACE_OF_LINEAR_EXTRUSION( '', #1926, #1927 );
#1199 = SURFACE_STYLE_USAGE( .BOTH., #1928 );
#1200 = FACE_OUTER_BOUND( '', #1929, .T. );
#1201 = PLANE( '', #1930 );
#1202 = SURFACE_STYLE_USAGE( .BOTH., #1931 );
#1203 = FACE_OUTER_BOUND( '', #1932, .T. );
#1204 = CYLINDRICAL_SURFACE( '', #1933, 0.113072396140495 );
#1205 = SURFACE_STYLE_USAGE( .BOTH., #1934 );
#1206 = FACE_OUTER_BOUND( '', #1935, .T. );
#1207 = PLANE( '', #1936 );
#1208 = SURFACE_STYLE_USAGE( .BOTH., #1937 );
#1209 = FACE_OUTER_BOUND( '', #1938, .T. );
#1210 = PLANE( '', #1939 );
#1211 = SURFACE_STYLE_USAGE( .BOTH., #1940 );
#1212 = FACE_OUTER_BOUND( '', #1941, .T. );
#1213 = PLANE( '', #1942 );
#1214 = SURFACE_STYLE_USAGE( .BOTH., #1943 );
#1215 = FACE_OUTER_BOUND( '', #1944, .T. );
#1216 = PLANE( '', #1945 );
#1217 = SURFACE_STYLE_USAGE( .BOTH., #1946 );
#1218 = FACE_OUTER_BOUND( '', #1947, .T. );
#1219 = PLANE( '', #1948 );
#1220 = SURFACE_STYLE_USAGE( .BOTH., #1949 );
#1221 = FACE_OUTER_BOUND( '', #1950, .T. );
#1222 = PLANE( '', #1951 );
#1223 = SURFACE_STYLE_USAGE( .BOTH., #1952 );
#1224 = FACE_OUTER_BOUND( '', #1953, .T. );
#1225 = PLANE( '', #1954 );
#1226 = SURFACE_STYLE_USAGE( .BOTH., #1955 );
#1227 = FACE_OUTER_BOUND( '', #1956, .T. );
#1228 = PLANE( '', #1957 );
#1229 = SURFACE_STYLE_USAGE( .BOTH., #1958 );
#1230 = FACE_OUTER_BOUND( '', #1959, .T. );
#1231 = CYLINDRICAL_SURFACE( '', #1960, 0.229554448720945 );
#1232 = SURFACE_STYLE_USAGE( .BOTH., #1961 );
#1233 = FACE_OUTER_BOUND( '', #1962, .T. );
#1234 = SURFACE_OF_LINEAR_EXTRUSION( '', #1963, #1964 );
#1235 = SURFACE_STYLE_USAGE( .BOTH., #1965 );
#1236 = FACE_OUTER_BOUND( '', #1966, .T. );
#1237 = PLANE( '', #1967 );
#1238 = SURFACE_STYLE_USAGE( .BOTH., #1968 );
#1239 = FACE_OUTER_BOUND( '', #1969, .T. );
#1240 = PLANE( '', #1970 );
#1241 = SURFACE_STYLE_USAGE( .BOTH., #1971 );
#1242 = FACE_OUTER_BOUND( '', #1972, .T. );
#1243 = SURFACE_OF_LINEAR_EXTRUSION( '', #1973, #1974 );
#1244 = SURFACE_STYLE_USAGE( .BOTH., #1975 );
#1245 = FACE_OUTER_BOUND( '', #1976, .T. );
#1246 = PLANE( '', #1977 );
#1247 = SURFACE_STYLE_USAGE( .BOTH., #1978 );
#1248 = FACE_OUTER_BOUND( '', #1979, .T. );
#1249 = PLANE( '', #1980 );
#1250 = SURFACE_STYLE_USAGE( .BOTH., #1981 );
#1251 = FACE_OUTER_BOUND( '', #1982, .T. );
#1252 = CYLINDRICAL_SURFACE( '', #1983, 0.229554448720945 );
#1253 = SURFACE_STYLE_USAGE( .BOTH., #1984 );
#1254 = FACE_OUTER_BOUND( '', #1985, .T. );
#1255 = PLANE( '', #1986 );
#1256 = SURFACE_STYLE_USAGE( .BOTH., #1987 );
#1257 = FACE_OUTER_BOUND( '', #1988, .T. );
#1258 = PLANE( '', #1989 );
#1259 = SURFACE_STYLE_USAGE( .BOTH., #1990 );
#1260 = FACE_OUTER_BOUND( '', #1991, .T. );
#1261 = SURFACE_OF_LINEAR_EXTRUSION( '', #1992, #1993 );
#1262 = SURFACE_STYLE_USAGE( .BOTH., #1994 );
#1263 = FACE_OUTER_BOUND( '', #1995, .T. );
#1264 = SURFACE_OF_LINEAR_EXTRUSION( '', #1996, #1997 );
#1265 = SURFACE_STYLE_USAGE( .BOTH., #1998 );
#1266 = FACE_OUTER_BOUND( '', #1999, .T. );
#1267 = PLANE( '', #2000 );
#1268 = SURFACE_STYLE_USAGE( .BOTH., #2001 );
#1269 = FACE_OUTER_BOUND( '', #2002, .T. );
#1270 = PLANE( '', #2003 );
#1271 = SURFACE_STYLE_USAGE( .BOTH., #2004 );
#1272 = FACE_OUTER_BOUND( '', #2005, .T. );
#1273 = PLANE( '', #2006 );
#1274 = SURFACE_STYLE_USAGE( .BOTH., #2007 );
#1275 = FACE_OUTER_BOUND( '', #2008, .T. );
#1276 = PLANE( '', #2009 );
#1277 = SURFACE_STYLE_USAGE( .BOTH., #2010 );
#1278 = FACE_OUTER_BOUND( '', #2011, .T. );
#1279 = PLANE( '', #2012 );
#1280 = SURFACE_STYLE_USAGE( .BOTH., #2013 );
#1281 = FACE_OUTER_BOUND( '', #2014, .T. );
#1282 = PLANE( '', #2015 );
#1283 = SURFACE_STYLE_USAGE( .BOTH., #2016 );
#1284 = FACE_BOUND( '', #2017, .T. );
#1285 = FACE_OUTER_BOUND( '', #2018, .T. );
#1286 = PLANE( '', #2019 );
#1287 = SURFACE_STYLE_USAGE( .BOTH., #2020 );
#1288 = FACE_OUTER_BOUND( '', #2021, .T. );
#1289 = PLANE( '', #2022 );
#1290 = SURFACE_STYLE_USAGE( .BOTH., #2023 );
#1291 = FACE_OUTER_BOUND( '', #2024, .T. );
#1292 = PLANE( '', #2025 );
#1293 = SURFACE_STYLE_USAGE( .BOTH., #2026 );
#1294 = FACE_OUTER_BOUND( '', #2027, .T. );
#1295 = SURFACE_OF_LINEAR_EXTRUSION( '', #2028, #2029 );
#1296 = SURFACE_STYLE_USAGE( .BOTH., #2030 );
#1297 = FACE_OUTER_BOUND( '', #2031, .T. );
#1298 = PLANE( '', #2032 );
#1299 = SURFACE_STYLE_USAGE( .BOTH., #2033 );
#1300 = FACE_OUTER_BOUND( '', #2034, .T. );
#1301 = PLANE( '', #2035 );
#1302 = SURFACE_STYLE_USAGE( .BOTH., #2036 );
#1303 = FACE_OUTER_BOUND( '', #2037, .T. );
#1304 = PLANE( '', #2038 );
#1305 = SURFACE_STYLE_USAGE( .BOTH., #2039 );
#1306 = FACE_OUTER_BOUND( '', #2040, .T. );
#1307 = PLANE( '', #2041 );
#1308 = SURFACE_STYLE_USAGE( .BOTH., #2042 );
#1309 = FACE_OUTER_BOUND( '', #2043, .T. );
#1310 = PLANE( '', #2044 );
#1311 = SURFACE_STYLE_USAGE( .BOTH., #2045 );
#1312 = FACE_OUTER_BOUND( '', #2046, .T. );
#1313 = PLANE( '', #2047 );
#1314 = SURFACE_STYLE_USAGE( .BOTH., #2048 );
#1315 = FACE_OUTER_BOUND( '', #2049, .T. );
#1316 = PLANE( '', #2050 );
#1317 = SURFACE_STYLE_USAGE( .BOTH., #2051 );
#1318 = FACE_OUTER_BOUND( '', #2052, .T. );
#1319 = PLANE( '', #2053 );
#1320 = SURFACE_STYLE_USAGE( .BOTH., #2054 );
#1321 = FACE_OUTER_BOUND( '', #2055, .T. );
#1322 = PLANE( '', #2056 );
#1323 = SURFACE_STYLE_USAGE( .BOTH., #2057 );
#1324 = FACE_OUTER_BOUND( '', #2058, .T. );
#1325 = PLANE( '', #2059 );
#1326 = SURFACE_STYLE_USAGE( .BOTH., #2060 );
#1327 = FACE_OUTER_BOUND( '', #2061, .T. );
#1328 = PLANE( '', #2062 );
#1329 = SURFACE_STYLE_USAGE( .BOTH., #2063 );
#1330 = FACE_OUTER_BOUND( '', #2064, .T. );
#1331 = SURFACE_OF_LINEAR_EXTRUSION( '', #2065, #2066 );
#1332 = SURFACE_STYLE_USAGE( .BOTH., #2067 );
#1333 = FACE_OUTER_BOUND( '', #2068, .T. );
#1334 = PLANE( '', #2069 );
#1335 = SURFACE_STYLE_USAGE( .BOTH., #2070 );
#1336 = FACE_OUTER_BOUND( '', #2071, .T. );
#1337 = PLANE( '', #2072 );
#1338 = SURFACE_STYLE_USAGE( .BOTH., #2073 );
#1339 = FACE_OUTER_BOUND( '', #2074, .T. );
#1340 = PLANE( '', #2075 );
#1341 = SURFACE_STYLE_USAGE( .BOTH., #2076 );
#1342 = FACE_BOUND( '', #2077, .T. );
#1343 = FACE_BOUND( '', #2078, .T. );
#1344 = FACE_BOUND( '', #2079, .T. );
#1345 = FACE_BOUND( '', #2080, .T. );
#1346 = FACE_OUTER_BOUND( '', #2081, .T. );
#1347 = FACE_BOUND( '', #2082, .T. );
#1348 = FACE_BOUND( '', #2083, .T. );
#1349 = FACE_BOUND( '', #2084, .T. );
#1350 = FACE_BOUND( '', #2085, .T. );
#1351 = FACE_BOUND( '', #2086, .T. );
#1352 = FACE_BOUND( '', #2087, .T. );
#1353 = FACE_BOUND( '', #2088, .T. );
#1354 = FACE_BOUND( '', #2089, .T. );
#1355 = FACE_BOUND( '', #2090, .T. );
#1356 = FACE_BOUND( '', #2091, .T. );
#1357 = FACE_BOUND( '', #2092, .T. );
#1358 = FACE_BOUND( '', #2093, .T. );
#1359 = PLANE( '', #2094 );
#1360 = SURFACE_STYLE_USAGE( .BOTH., #2095 );
#1361 = FACE_OUTER_BOUND( '', #2096, .T. );
#1362 = PLANE( '', #2097 );
#1363 = SURFACE_STYLE_USAGE( .BOTH., #2098 );
#1364 = FACE_OUTER_BOUND( '', #2099, .T. );
#1365 = PLANE( '', #2100 );
#1366 = SURFACE_STYLE_USAGE( .BOTH., #2101 );
#1367 = FACE_OUTER_BOUND( '', #2102, .T. );
#1368 = PLANE( '', #2103 );
#1369 = SURFACE_STYLE_USAGE( .BOTH., #2104 );
#1370 = FACE_OUTER_BOUND( '', #2105, .T. );
#1371 = CYLINDRICAL_SURFACE( '', #2106, 0.229554448720945 );
#1372 = SURFACE_STYLE_USAGE( .BOTH., #2107 );
#1373 = FACE_OUTER_BOUND( '', #2108, .T. );
#1374 = CYLINDRICAL_SURFACE( '', #2109, 0.113072396140495 );
#1375 = SURFACE_STYLE_USAGE( .BOTH., #2110 );
#1376 = FACE_OUTER_BOUND( '', #2111, .T. );
#1377 = CYLINDRICAL_SURFACE( '', #2112, 0.113072396140495 );
#1378 = SURFACE_STYLE_USAGE( .BOTH., #2113 );
#1379 = FACE_OUTER_BOUND( '', #2114, .T. );
#1380 = PLANE( '', #2115 );
#1381 = SURFACE_STYLE_USAGE( .BOTH., #2116 );
#1382 = FACE_OUTER_BOUND( '', #2117, .T. );
#1383 = SURFACE_OF_LINEAR_EXTRUSION( '', #2118, #2119 );
#1384 = SURFACE_STYLE_USAGE( .BOTH., #2120 );
#1385 = FACE_OUTER_BOUND( '', #2121, .T. );
#1386 = PLANE( '', #2122 );
#1387 = SURFACE_STYLE_USAGE( .BOTH., #2123 );
#1388 = FACE_OUTER_BOUND( '', #2124, .T. );
#1389 = CYLINDRICAL_SURFACE( '', #2125, 0.229554448720945 );
#1390 = SURFACE_STYLE_USAGE( .BOTH., #2126 );
#1391 = FACE_OUTER_BOUND( '', #2127, .T. );
#1392 = PLANE( '', #2128 );
#1393 = SURFACE_STYLE_USAGE( .BOTH., #2129 );
#1394 = FACE_OUTER_BOUND( '', #2130, .T. );
#1395 = PLANE( '', #2131 );
#1396 = SURFACE_STYLE_USAGE( .BOTH., #2132 );
#1397 = FACE_OUTER_BOUND( '', #2133, .T. );
#1398 = PLANE( '', #2134 );
#1399 = SURFACE_STYLE_USAGE( .BOTH., #2135 );
#1400 = FACE_OUTER_BOUND( '', #2136, .T. );
#1401 = PLANE( '', #2137 );
#1402 = SURFACE_STYLE_USAGE( .BOTH., #2138 );
#1403 = FACE_BOUND( '', #2139, .T. );
#1404 = FACE_OUTER_BOUND( '', #2140, .T. );
#1405 = PLANE( '', #2141 );
#1406 = SURFACE_STYLE_USAGE( .BOTH., #2142 );
#1407 = FACE_OUTER_BOUND( '', #2143, .T. );
#1408 = PLANE( '', #2144 );
#1409 = SURFACE_STYLE_USAGE( .BOTH., #2145 );
#1410 = FACE_OUTER_BOUND( '', #2146, .T. );
#1411 = PLANE( '', #2147 );
#1412 = SURFACE_STYLE_USAGE( .BOTH., #2148 );
#1413 = FACE_OUTER_BOUND( '', #2149, .T. );
#1414 = PLANE( '', #2150 );
#1415 = PRODUCT_CONTEXT( '', #235, 'mechanical' );
#1416 = PRODUCT_DEFINITION_FORMATION_WITH_SPECIFIED_SOURCE( ' ', 'NONE', #698, .NOT_KNOWN. );
#1417 = CLOSED_SHELL( '', ( #365, #303, #559, #477, #497, #293, #603, #359, #281, #437, #607, #575, #665, #659, #271, #483, #447, #455, #369, #357, #399, #623, #551, #499, #479, #563, #397, #629, #521, #337, #649, #257, #321, #421, #595, #657, #277, #259, #429, #251, #325, #459, #363, #503, #619, #547, #523, #501, #695, #473, #431, #693, #401, #565, #589, #287, #291, #567, #535, #661, #371, #541, #333, #591, #267, #525, #439, #697, #561, #413, #379, #485, #517, #599, #457, #505, #377, #387, #531, #511, #577, #319, #481, #339, #329, #441, #515, #299, #475, #415, #527, #317, #407, #689, #631, #375, #381, #621, #601, #679, #405, #253, #279, #301, #663, #667, #265, #467, #349, #583, #669, #671, #311, #403, #297, #351, #261, #625, #635, #295, #361, #453, #507, #449, #425, #571, #553, #249, #345, #373, #587, #269, #491, #347, #389, #385, #255, #673, #557, #533, #383, #543, #435, #323, #627, #519, #433, #597, #655, #487, #353, #569, #461, #419, #445, #605, #681, #489, #537, #617, #289, #273, #451, #309, #687, #409, #313, #637, #545, #367, #529, #641, #391, #555, #285, #539, #469, #651, #331, #683, #427, #579, #653, #307, #343, #677, #465, #639, #263, #315, #647, #643, #335, #685, #471, #495, #585, #613, #341, #417, #675, #581, #327, #275, #493, #423, #283, #443, #593, #611, #573, #355, #411, #691, #645, #305, #463, #609, #615, #395, #513, #509, #393, #549, #633 ) );
#1418 = CARTESIAN_POINT( '', ( 0.000000000000000, 0.000000000000000, 0.000000000000000 ) );
#1419 = DIRECTION( '', ( 0.000000000000000, 0.000000000000000, 1.00000000000000 ) );
#1420 = DIRECTION( '', ( 1.00000000000000, 0.000000000000000, 0.000000000000000 ) );
#1421 =  ( LENGTH_UNIT(  )NAMED_UNIT( #707 )SI_UNIT( .MILLI., .METRE. ) );
#1422 = SURFACE_SIDE_STYLE( '', ( #2152 ) );
#1423 = EDGE_LOOP( '', ( #2153, #2154, #2155, #2156, #2157, #2158, #2159, #2160, #2161, #2162, #2163, #2164, #2165, #2166, #2167, #2168 ) );
#1424 = AXIS2_PLACEMENT_3D( '', #2169, #2170, #2171 );
#1425 = SURFACE_SIDE_STYLE( '', ( #2172 ) );
#1426 = EDGE_LOOP( '', ( #2173, #2174, #2175, #2176 ) );
#1427 = AXIS2_PLACEMENT_3D( '', #2177, #2178, #2179 );
#1428 = SURFACE_SIDE_STYLE( '', ( #2180 ) );
#1429 = EDGE_LOOP( '', ( #2181, #2182, #2183, #2184, #2185, #2186, #2187, #2188 ) );
#1430 = AXIS2_PLACEMENT_3D( '', #2189, #2190, #2191 );
#1431 = SURFACE_SIDE_STYLE( '', ( #2192 ) );
#1432 = EDGE_LOOP( '', ( #2193, #2194, #2195, #2196 ) );
#1433 = AXIS2_PLACEMENT_3D( '', #2197, #2198, #2199 );
#1434 = SURFACE_SIDE_STYLE( '', ( #2200 ) );
#1435 = EDGE_LOOP( '', ( #2201, #2202, #2203, #2204 ) );
#1436 = AXIS2_PLACEMENT_3D( '', #2205, #2206, #2207 );
#1437 = SURFACE_SIDE_STYLE( '', ( #2208 ) );
#1438 = EDGE_LOOP( '', ( #2209, #2210, #2211, #2212 ) );
#1439 = AXIS2_PLACEMENT_3D( '', #2213, #2214, #2215 );
#1440 = SURFACE_SIDE_STYLE( '', ( #2216 ) );
#1441 = EDGE_LOOP( '', ( #2217, #2218, #2219, #2220 ) );
#1442 = AXIS2_PLACEMENT_3D( '', #2221, #2222, #2223 );
#1443 = SURFACE_SIDE_STYLE( '', ( #2224 ) );
#1444 = EDGE_LOOP( '', ( #2225, #2226, #2227, #2228 ) );
#1445 = AXIS2_PLACEMENT_3D( '', #2229, #2230, #2231 );
#1446 = SURFACE_SIDE_STYLE( '', ( #2232 ) );
#1447 = EDGE_LOOP( '', ( #2233, #2234, #2235, #2236, #2237, #2238, #2239, #2240 ) );
#1448 = AXIS2_PLACEMENT_3D( '', #2241, #2242, #2243 );
#1449 = SURFACE_SIDE_STYLE( '', ( #2244 ) );
#1450 = EDGE_LOOP( '', ( #2245, #2246, #2247, #2248 ) );
#1451 = AXIS2_PLACEMENT_3D( '', #2249, #2250, #2251 );
#1452 = SURFACE_SIDE_STYLE( '', ( #2252 ) );
#1453 = EDGE_LOOP( '', ( #2253, #2254, #2255, #2256, #2257, #2258, #2259, #2260, #2261, #2262, #2263, #2264, #2265, #2266, #2267, #2268 ) );
#1454 = AXIS2_PLACEMENT_3D( '', #2269, #2270, #2271 );
#1455 = SURFACE_SIDE_STYLE( '', ( #2272 ) );
#1456 = EDGE_LOOP( '', ( #2273, #2274, #2275, #2276 ) );
#1457 = AXIS2_PLACEMENT_3D( '', #2277, #2278, #2279 );
#1458 = SURFACE_SIDE_STYLE( '', ( #2280 ) );
#1459 = EDGE_LOOP( '', ( #2281, #2282, #2283, #2284 ) );
#1460 = AXIS2_PLACEMENT_3D( '', #2285, #2286, #2287 );
#1461 = SURFACE_SIDE_STYLE( '', ( #2288 ) );
#1462 = EDGE_LOOP( '', ( #2289, #2290, #2291, #2292 ) );
#1463 = AXIS2_PLACEMENT_3D( '', #2293, #2294, #2295 );
#1464 = SURFACE_SIDE_STYLE( '', ( #2296 ) );
#1465 = EDGE_LOOP( '', ( #2297, #2298, #2299, #2300 ) );
#1466 = AXIS2_PLACEMENT_3D( '', #2301, #2302, #2303 );
#1467 = SURFACE_SIDE_STYLE( '', ( #2304 ) );
#1468 = EDGE_LOOP( '', ( #2305, #2306, #2307, #2308, #2309, #2310, #2311, #2312 ) );
#1469 = AXIS2_PLACEMENT_3D( '', #2313, #2314, #2315 );
#1470 = SURFACE_SIDE_STYLE( '', ( #2316 ) );
#1471 = EDGE_LOOP( '', ( #2317, #2318, #2319, #2320 ) );
#1472 = B_SPLINE_CURVE_WITH_KNOTS( '', 3, ( #2321, #2322, #2323, #2324, #2325, #2326, #2327, #2328, #2329, #2330, #2331, #2332, #2333, #2334, #2335, #2336 ), .UNSPECIFIED., .F., .F., ( 4, 2, 2, 3, 2, 3, 4 ), ( 0.732254752387237, 0.758657191898480, 0.785059631409722, 0.840875314937875, 0.896378122391958, 0.950333042785569, 1.00000000000000 ), .UNSPECIFIED. );
#1473 = VECTOR( '', #2337, 1000.00000000000 );
#1474 = SURFACE_SIDE_STYLE( '', ( #2338 ) );
#1475 = EDGE_LOOP( '', ( #2339, #2340, #2341, #2342 ) );
#1476 = AXIS2_PLACEMENT_3D( '', #2343, #2344, #2345 );
#1477 = SURFACE_SIDE_STYLE( '', ( #2346 ) );
#1478 = EDGE_LOOP( '', ( #2347, #2348, #2349, #2350 ) );
#1479 = AXIS2_PLACEMENT_3D( '', #2351, #2352, #2353 );
#1480 = SURFACE_SIDE_STYLE( '', ( #2354 ) );
#1481 = EDGE_LOOP( '', ( #2355, #2356, #2357, #2358 ) );
#1482 = B_SPLINE_CURVE_WITH_KNOTS( '', 3, ( #2359, #2360, #2361, #2362, #2363, #2364, #2365, #2366, #2367, #2368, #2369, #2370, #2371, #2372, #2373, #2374, #2375, #2376, #2377, #2378, #2379, #2380 ), .UNSPECIFIED., .F., .F., ( 4, 3, 2, 3, 2, 3, 2, 3, 4 ), ( 0.0270930031381960, 0.0928002497777797, 0.148193936116272, 0.215782501163612, 0.288943961288776, 0.384132527688183, 0.463354714751718, 0.521999710370179, 0.575127988783686 ), .UNSPECIFIED. );
#1483 = VECTOR( '', #2381, 1000.00000000000 );
#1484 = SURFACE_SIDE_STYLE( '', ( #2382 ) );
#1485 = EDGE_LOOP( '', ( #2383, #2384, #2385, #2386 ) );
#1486 = AXIS2_PLACEMENT_3D( '', #2387, #2388, #2389 );
#1487 = SURFACE_SIDE_STYLE( '', ( #2390 ) );
#1488 = EDGE_LOOP( '', ( #2391, #2392, #2393, #2394 ) );
#1489 = AXIS2_PLACEMENT_3D( '', #2395, #2396, #2397 );
#1490 = SURFACE_SIDE_STYLE( '', ( #2398 ) );
#1491 = EDGE_LOOP( '', ( #2399, #2400, #2401, #2402 ) );
#1492 = B_SPLINE_CURVE_WITH_KNOTS( '', 3, ( #2403, #2404, #2405, #2406, #2407, #2408, #2409, #2410, #2411, #2412, #2413, #2414, #2415, #2416, #2417, #2418, #2419, #2420, #2421 ), .UNSPECIFIED., .F., .F., ( 4, 3, 2, 3, 2, 3, 2, 4 ), ( 0.0263481856527632, 0.0620907800040348, 0.0925420704632163, 0.129262744252229, 0.164508445261140, 0.195116554032036, 0.231222898846064, 0.235287851573470 ), .UNSPECIFIED. );
#1493 = VECTOR( '', #2422, 1000.00000000000 );
#1494 = SURFACE_SIDE_STYLE( '', ( #2423 ) );
#1495 = EDGE_LOOP( '', ( #2424, #2425, #2426, #2427 ) );
#1496 = AXIS2_PLACEMENT_3D( '', #2428, #2429, #2430 );
#1497 = SURFACE_SIDE_STYLE( '', ( #2431 ) );
#1498 = EDGE_LOOP( '', ( #2432, #2433, #2434, #2435 ) );
#1499 = AXIS2_PLACEMENT_3D( '', #2436, #2437, #2438 );
#1500 = SURFACE_SIDE_STYLE( '', ( #2439 ) );
#1501 = EDGE_LOOP( '', ( #2440, #2441, #2442, #2443 ) );
#1502 = AXIS2_PLACEMENT_3D( '', #2444, #2445, #2446 );
#1503 = SURFACE_SIDE_STYLE( '', ( #2447 ) );
#1504 = EDGE_LOOP( '', ( #2448, #2449, #2450, #2451, #2452, #2453, #2454, #2455 ) );
#1505 = AXIS2_PLACEMENT_3D( '', #2456, #2457, #2458 );
#1506 = SURFACE_SIDE_STYLE( '', ( #2459 ) );
#1507 = EDGE_LOOP( '', ( #2460, #2461, #2462, #2463 ) );
#1508 = AXIS2_PLACEMENT_3D( '', #2464, #2465, #2466 );
#1509 = SURFACE_SIDE_STYLE( '', ( #2467 ) );
#1510 = EDGE_LOOP( '', ( #2468, #2469, #2470, #2471 ) );
#1511 = B_SPLINE_CURVE_WITH_KNOTS( '', 3, ( #2472, #2473, #2474, #2475, #2476, #2477, #2478, #2479, #2480 ), .UNSPECIFIED., .F., .F., ( 4, 3, 2, 4 ), ( 0.539840598144228, 0.666020504815959, 0.816390419709247, 1.00000000000000 ), .UNSPECIFIED. );
#1512 = VECTOR( '', #2481, 1000.00000000000 );
#1513 = SURFACE_SIDE_STYLE( '', ( #2482 ) );
#1514 = EDGE_LOOP( '', ( #2483, #2484, #2485, #2486 ) );
#1515 = AXIS2_PLACEMENT_3D( '', #2487, #2488, #2489 );
#1516 = SURFACE_SIDE_STYLE( '', ( #2490 ) );
#1517 = EDGE_LOOP( '', ( #2491, #2492, #2493 ) );
#1518 = EDGE_LOOP( '', ( #2494, #2495, #2496, #2497, #2498, #2499, #2500, #2501, #2502, #2503, #2504 ) );
#1519 = AXIS2_PLACEMENT_3D( '', #2505, #2506, #2507 );
#1520 = SURFACE_SIDE_STYLE( '', ( #2508 ) );
#1521 = EDGE_LOOP( '', ( #2509, #2510, #2511, #2512 ) );
#1522 = AXIS2_PLACEMENT_3D( '', #2513, #2514, #2515 );
#1523 = SURFACE_SIDE_STYLE( '', ( #2516 ) );
#1524 = EDGE_LOOP( '', ( #2517, #2518, #2519, #2520 ) );
#1525 = AXIS2_PLACEMENT_3D( '', #2521, #2522, #2523 );
#1526 = SURFACE_SIDE_STYLE( '', ( #2524 ) );
#1527 = EDGE_LOOP( '', ( #2525, #2526, #2527 ) );
#1528 = EDGE_LOOP( '', ( #2528, #2529, #2530, #2531, #2532, #2533, #2534, #2535, #2536, #2537, #2538 ) );
#1529 = AXIS2_PLACEMENT_3D( '', #2539, #2540, #2541 );
#1530 = SURFACE_SIDE_STYLE( '', ( #2542 ) );
#1531 = EDGE_LOOP( '', ( #2543, #2544, #2545, #2546 ) );
#1532 = AXIS2_PLACEMENT_3D( '', #2547, #2548, #2549 );
#1533 = SURFACE_SIDE_STYLE( '', ( #2550 ) );
#1534 = EDGE_LOOP( '', ( #2551, #2552, #2553, #2554 ) );
#1535 = AXIS2_PLACEMENT_3D( '', #2555, #2556, #2557 );
#1536 = SURFACE_SIDE_STYLE( '', ( #2558 ) );
#1537 = EDGE_LOOP( '', ( #2559, #2560, #2561, #2562 ) );
#1538 = B_SPLINE_CURVE_WITH_KNOTS( '', 3, ( #2563, #2564, #2565, #2566, #2567, #2568, #2569, #2570, #2571, #2572, #2573, #2574, #2575, #2576, #2577, #2578, #2579, #2580, #2581, #2582, #2583, #2584, #2585, #2586, #2587, #2588, #2589, #2590, #2591, #2592, #2593, #2594, #2595, #2596, #2597, #2598, #2599, #2600, #2601, #2602, #2603, #2604, #2605, #2606, #2607, #2608, #2609, #2610, #2611 ), .UNSPECIFIED., .F., .F., ( 4, 3, 3, 3, 3, 3, 2, 3, 3, 3, 3, 2, 2, 3, 2, 2, 3, 2, 4 ), ( 0.0247127238521240, 0.0312741519151874, 0.0521769888652805, 0.0742013173254796, 0.102173513605168, 0.138642018993504, 0.164683381048805, 0.182826952972580, 0.223008458438731, 0.256566752420364, 0.282765394755524, 0.307270421945908, 0.335451203214848, 0.363631984483789, 0.394883923354297, 0.432283784625562, 0.469683645896828, 0.496714781342542, 0.499369625002389 ), .UNSPECIFIED. );
#1539 = VECTOR( '', #2612, 1000.00000000000 );
#1540 = SURFACE_SIDE_STYLE( '', ( #2613 ) );
#1541 = EDGE_LOOP( '', ( #2614, #2615, #2616, #2617 ) );
#1542 = AXIS2_PLACEMENT_3D( '', #2618, #2619, #2620 );
#1543 = SURFACE_SIDE_STYLE( '', ( #2621 ) );
#1544 = EDGE_LOOP( '', ( #2622, #2623, #2624, #2625 ) );
#1545 = AXIS2_PLACEMENT_3D( '', #2626, #2627, #2628 );
#1546 = SURFACE_SIDE_STYLE( '', ( #2629 ) );
#1547 = EDGE_LOOP( '', ( #2630, #2631, #2632, #2633 ) );
#1548 = AXIS2_PLACEMENT_3D( '', #2634, #2635, #2636 );
#1549 = SURFACE_SIDE_STYLE( '', ( #2637 ) );
#1550 = EDGE_LOOP( '', ( #2638, #2639, #2640, #2641 ) );
#1551 = AXIS2_PLACEMENT_3D( '', #2642, #2643, #2644 );
#1552 = SURFACE_SIDE_STYLE( '', ( #2645 ) );
#1553 = EDGE_LOOP( '', ( #2646, #2647, #2648, #2649 ) );
#1554 = AXIS2_PLACEMENT_3D( '', #2650, #2651, #2652 );
#1555 = SURFACE_SIDE_STYLE( '', ( #2653 ) );
#1556 = EDGE_LOOP( '', ( #2654, #2655, #2656, #2657 ) );
#1557 = AXIS2_PLACEMENT_3D( '', #2658, #2659, #2660 );
#1558 = SURFACE_SIDE_STYLE( '', ( #2661 ) );
#1559 = EDGE_LOOP( '', ( #2662, #2663, #2664, #2665 ) );
#1560 = AXIS2_PLACEMENT_3D( '', #2666, #2667, #2668 );
#1561 = SURFACE_SIDE_STYLE( '', ( #2669 ) );
#1562 = EDGE_LOOP( '', ( #2670, #2671, #2672, #2673 ) );
#1563 = AXIS2_PLACEMENT_3D( '', #2674, #2675, #2676 );
#1564 = SURFACE_SIDE_STYLE( '', ( #2677 ) );
#1565 = EDGE_LOOP( '', ( #2678, #2679, #2680, #2681, #2682, #2683, #2684, #2685 ) );
#1566 = AXIS2_PLACEMENT_3D( '', #2686, #2687, #2688 );
#1567 = SURFACE_SIDE_STYLE( '', ( #2689 ) );
#1568 = EDGE_LOOP( '', ( #2690, #2691, #2692, #2693 ) );
#1569 = AXIS2_PLACEMENT_3D( '', #2694, #2695, #2696 );
#1570 = SURFACE_SIDE_STYLE( '', ( #2697 ) );
#1571 = EDGE_LOOP( '', ( #2698, #2699, #2700, #2701 ) );
#1572 = AXIS2_PLACEMENT_3D( '', #2702, #2703, #2704 );
#1573 = SURFACE_SIDE_STYLE( '', ( #2705 ) );
#1574 = EDGE_LOOP( '', ( #2706, #2707, #2708, #2709 ) );
#1575 = AXIS2_PLACEMENT_3D( '', #2710, #2711, #2712 );
#1576 = SURFACE_SIDE_STYLE( '', ( #2713 ) );
#1577 = EDGE_LOOP( '', ( #2714, #2715, #2716, #2717 ) );
#1578 = AXIS2_PLACEMENT_3D( '', #2718, #2719, #2720 );
#1579 = SURFACE_SIDE_STYLE( '', ( #2721 ) );
#1580 = EDGE_LOOP( '', ( #2722, #2723, #2724, #2725, #2726, #2727, #2728, #2729 ) );
#1581 = AXIS2_PLACEMENT_3D( '', #2730, #2731, #2732 );
#1582 = SURFACE_SIDE_STYLE( '', ( #2733 ) );
#1583 = EDGE_LOOP( '', ( #2734, #2735, #2736, #2737 ) );
#1584 = AXIS2_PLACEMENT_3D( '', #2738, #2739, #2740 );
#1585 = SURFACE_SIDE_STYLE( '', ( #2741 ) );
#1586 = EDGE_LOOP( '', ( #2742, #2743, #2744, #2745 ) );
#1587 = AXIS2_PLACEMENT_3D( '', #2746, #2747, #2748 );
#1588 = SURFACE_SIDE_STYLE( '', ( #2749 ) );
#1589 = EDGE_LOOP( '', ( #2750, #2751, #2752, #2753 ) );
#1590 = AXIS2_PLACEMENT_3D( '', #2754, #2755, #2756 );
#1591 = SURFACE_SIDE_STYLE( '', ( #2757 ) );
#1592 = EDGE_LOOP( '', ( #2758 ) );
#1593 = EDGE_LOOP( '', ( #2759 ) );
#1594 = AXIS2_PLACEMENT_3D( '', #2760, #2761, #2762 );
#1595 = SURFACE_SIDE_STYLE( '', ( #2763 ) );
#1596 = EDGE_LOOP( '', ( #2764, #2765, #2766, #2767 ) );
#1597 = AXIS2_PLACEMENT_3D( '', #2768, #2769, #2770 );
#1598 = SURFACE_SIDE_STYLE( '', ( #2771 ) );
#1599 = EDGE_LOOP( '', ( #2772, #2773, #2774, #2775 ) );
#1600 = AXIS2_PLACEMENT_3D( '', #2776, #2777, #2778 );
#1601 = SURFACE_SIDE_STYLE( '', ( #2779 ) );
#1602 = EDGE_LOOP( '', ( #2780, #2781, #2782, #2783 ) );
#1603 = AXIS2_PLACEMENT_3D( '', #2784, #2785, #2786 );
#1604 = SURFACE_SIDE_STYLE( '', ( #2787 ) );
#1605 = EDGE_LOOP( '', ( #2788, #2789, #2790, #2791 ) );
#1606 = AXIS2_PLACEMENT_3D( '', #2792, #2793, #2794 );
#1607 = SURFACE_SIDE_STYLE( '', ( #2795 ) );
#1608 = EDGE_LOOP( '', ( #2796, #2797, #2798, #2799 ) );
#1609 = AXIS2_PLACEMENT_3D( '', #2800, #2801, #2802 );
#1610 = SURFACE_SIDE_STYLE( '', ( #2803 ) );
#1611 = EDGE_LOOP( '', ( #2804 ) );
#1612 = EDGE_LOOP( '', ( #2805 ) );
#1613 = B_SPLINE_CURVE_WITH_KNOTS( '', 3, ( #2806, #2807, #2808, #2809, #2810, #2811, #2812, #2813, #2814, #2815, #2816, #2817, #2818, #2819, #2820, #2821, #2822, #2823, #2824, #2825, #2826, #2827, #2828, #2829, #2830, #2831, #2832, #2833 ), .UNSPECIFIED., .T., .F., ( 4, 2, 2, 3, 2, 3, 3, 2, 2, 3, 2, 4 ), ( 0.000000000000000, 0.137369339176632, 0.274738678353263, 0.391241788794204, 0.509219087947272, 0.593442663909408, 0.656199358664250, 0.710071575791280, 0.781901198627322, 0.857234705504149, 0.928617352752075, 1.00000000000000 ), .UNSPECIFIED. );
#1614 = VECTOR( '', #2834, 1000.00000000000 );
#1615 = SURFACE_SIDE_STYLE( '', ( #2835 ) );
#1616 = EDGE_LOOP( '', ( #2836, #2837, #2838, #2839 ) );
#1617 = AXIS2_PLACEMENT_3D( '', #2840, #2841, #2842 );
#1618 = SURFACE_SIDE_STYLE( '', ( #2843 ) );
#1619 = EDGE_LOOP( '', ( #2844, #2845, #2846, #2847 ) );
#1620 = AXIS2_PLACEMENT_3D( '', #2848, #2849, #2850 );
#1621 = SURFACE_SIDE_STYLE( '', ( #2851 ) );
#1622 = EDGE_LOOP( '', ( #2852, #2853, #2854 ) );
#1623 = AXIS2_PLACEMENT_3D( '', #2855, #2856, #2857 );
#1624 = SURFACE_SIDE_STYLE( '', ( #2858 ) );
#1625 = EDGE_LOOP( '', ( #2859, #2860, #2861, #2862 ) );
#1626 = AXIS2_PLACEMENT_3D( '', #2863, #2864, #2865 );
#1627 = SURFACE_SIDE_STYLE( '', ( #2866 ) );
#1628 = EDGE_LOOP( '', ( #2867, #2868, #2869, #2870 ) );
#1629 = AXIS2_PLACEMENT_3D( '', #2871, #2872, #2873 );
#1630 = SURFACE_SIDE_STYLE( '', ( #2874 ) );
#1631 = EDGE_LOOP( '', ( #2875, #2876, #2877, #2878, #2879, #2880, #2881, #2882 ) );
#1632 = AXIS2_PLACEMENT_3D( '', #2883, #2884, #2885 );
#1633 = SURFACE_SIDE_STYLE( '', ( #2886 ) );
#1634 = EDGE_LOOP( '', ( #2887, #2888, #2889, #2890 ) );
#1635 = AXIS2_PLACEMENT_3D( '', #2891, #2892, #2893 );
#1636 = SURFACE_SIDE_STYLE( '', ( #2894 ) );
#1637 = EDGE_LOOP( '', ( #2895, #2896, #2897, #2898 ) );
#1638 = AXIS2_PLACEMENT_3D( '', #2899, #2900, #2901 );
#1639 = SURFACE_SIDE_STYLE( '', ( #2902 ) );
#1640 = EDGE_LOOP( '', ( #2903, #2904, #2905, #2906 ) );
#1641 = AXIS2_PLACEMENT_3D( '', #2907, #2908, #2909 );
#1642 = SURFACE_SIDE_STYLE( '', ( #2910 ) );
#1643 = EDGE_LOOP( '', ( #2911, #2912, #2913, #2914 ) );
#1644 = AXIS2_PLACEMENT_3D( '', #2915, #2916, #2917 );
#1645 = SURFACE_SIDE_STYLE( '', ( #2918 ) );
#1646 = EDGE_LOOP( '', ( #2919, #2920, #2921, #2922 ) );
#1647 = AXIS2_PLACEMENT_3D( '', #2923, #2924, #2925 );
#1648 = SURFACE_SIDE_STYLE( '', ( #2926 ) );
#1649 = EDGE_LOOP( '', ( #2927, #2928, #2929, #2930 ) );
#1650 = B_SPLINE_CURVE_WITH_KNOTS( '', 3, ( #2931, #2932, #2933, #2934, #2935, #2936, #2937, #2938, #2939, #2940, #2941, #2942, #2943, #2944, #2945, #2946, #2947, #2948 ), .UNSPECIFIED., .F., .F., ( 4, 2, 2, 3, 2, 2, 3, 4 ), ( 0.000000000000000, 0.0375700772279839, 0.0751401544559677, 0.144872494765483, 0.203516139855453, 0.241540786443470, 0.279565433031486, 0.321477466564845 ), .UNSPECIFIED. );
#1651 = VECTOR( '', #2949, 1000.00000000000 );
#1652 = SURFACE_SIDE_STYLE( '', ( #2950 ) );
#1653 = EDGE_LOOP( '', ( #2951, #2952, #2953, #2954 ) );
#1654 = B_SPLINE_CURVE_WITH_KNOTS( '', 3, ( #2955, #2956, #2957, #2958 ), .UNSPECIFIED., .F., .F., ( 4, 4 ), ( 0.743511127608967, 0.788371168269286 ), .UNSPECIFIED. );
#1655 = VECTOR( '', #2959, 1000.00000000000 );
#1656 = SURFACE_SIDE_STYLE( '', ( #2960 ) );
#1657 = EDGE_LOOP( '', ( #2961, #2962, #2963, #2964 ) );
#1658 = B_SPLINE_CURVE_WITH_KNOTS( '', 3, ( #2965, #2966, #2967, #2968, #2969, #2970, #2971 ), .UNSPECIFIED., .F., .F., ( 4, 3, 4 ), ( 0.236251643023175, 0.417098911569630, 0.596340645240594 ), .UNSPECIFIED. );
#1659 = VECTOR( '', #2972, 1000.00000000000 );
#1660 = SURFACE_SIDE_STYLE( '', ( #2973 ) );
#1661 = EDGE_LOOP( '', ( #2974 ) );
#1662 = EDGE_LOOP( '', ( #2975 ) );
#1663 = B_SPLINE_CURVE_WITH_KNOTS( '', 3, ( #2976, #2977, #2978, #2979, #2980, #2981, #2982, #2983, #2984, #2985, #2986, #2987, #2988, #2989, #2990, #2991, #2992, #2993, #2994, #2995, #2996, #2997, #2998, #2999, #3000, #3001, #3002, #3003, #3004, #3005 ), .UNSPECIFIED., .T., .F., ( 4, 3, 3, 3, 3, 2, 2, 2, 3, 2, 3, 4 ), ( 0.000000000000000, 0.0706437001162252, 0.138484998915210, 0.205730344488559, 0.269989203764749, 0.342320492366079, 0.414651780967414, 0.486983069568748, 0.604904988561227, 0.706623350814636, 0.836417822106316, 1.00000000000000 ), .UNSPECIFIED. );
#1664 = VECTOR( '', #3006, 1000.00000000000 );
#1665 = SURFACE_SIDE_STYLE( '', ( #3007 ) );
#1666 = EDGE_LOOP( '', ( #3008, #3009, #3010, #3011 ) );
#1667 = B_SPLINE_CURVE_WITH_KNOTS( '', 3, ( #3012, #3013, #3014, #3015, #3016, #3017, #3018, #3019, #3020, #3021, #3022, #3023, #3024 ), .UNSPECIFIED., .F., .F., ( 4, 3, 2, 2, 2, 4 ), ( 0.302416294264067, 0.435059547495779, 0.561318669833591, 0.692254055961692, 0.823189442089792, 1.00000000000000 ), .UNSPECIFIED. );
#1668 = VECTOR( '', #3025, 1000.00000000000 );
#1669 = SURFACE_SIDE_STYLE( '', ( #3026 ) );
#1670 = EDGE_LOOP( '', ( #3027, #3028, #3029, #3030 ) );
#1671 = AXIS2_PLACEMENT_3D( '', #3031, #3032, #3033 );
#1672 = SURFACE_SIDE_STYLE( '', ( #3034 ) );
#1673 = EDGE_LOOP( '', ( #3035, #3036, #3037, #3038, #3039, #3040, #3041, #3042 ) );
#1674 = AXIS2_PLACEMENT_3D( '', #3043, #3044, #3045 );
#1675 = SURFACE_SIDE_STYLE( '', ( #3046 ) );
#1676 = EDGE_LOOP( '', ( #3047, #3048, #3049, #3050 ) );
#1677 = AXIS2_PLACEMENT_3D( '', #3051, #3052, #3053 );
#1678 = SURFACE_SIDE_STYLE( '', ( #3054 ) );
#1679 = EDGE_LOOP( '', ( #3055, #3056, #3057, #3058 ) );
#1680 = AXIS2_PLACEMENT_3D( '', #3059, #3060, #3061 );
#1681 = SURFACE_SIDE_STYLE( '', ( #3062 ) );
#1682 = EDGE_LOOP( '', ( #3063, #3064, #3065, #3066 ) );
#1683 = AXIS2_PLACEMENT_3D( '', #3067, #3068, #3069 );
#1684 = SURFACE_SIDE_STYLE( '', ( #3070 ) );
#1685 = EDGE_LOOP( '', ( #3071, #3072, #3073, #3074 ) );
#1686 = AXIS2_PLACEMENT_3D( '', #3075, #3076, #3077 );
#1687 = SURFACE_SIDE_STYLE( '', ( #3078 ) );
#1688 = EDGE_LOOP( '', ( #3079, #3080, #3081, #3082 ) );
#1689 = AXIS2_PLACEMENT_3D( '', #3083, #3084, #3085 );
#1690 = SURFACE_SIDE_STYLE( '', ( #3086 ) );
#1691 = EDGE_LOOP( '', ( #3087, #3088, #3089, #3090 ) );
#1692 = AXIS2_PLACEMENT_3D( '', #3091, #3092, #3093 );
#1693 = SURFACE_SIDE_STYLE( '', ( #3094 ) );
#1694 = EDGE_LOOP( '', ( #3095, #3096, #3097, #3098 ) );
#1695 = AXIS2_PLACEMENT_3D( '', #3099, #3100, #3101 );
#1696 = SURFACE_SIDE_STYLE( '', ( #3102 ) );
#1697 = EDGE_LOOP( '', ( #3103, #3104, #3105, #3106 ) );
#1698 = AXIS2_PLACEMENT_3D( '', #3107, #3108, #3109 );
#1699 = SURFACE_SIDE_STYLE( '', ( #3110 ) );
#1700 = EDGE_LOOP( '', ( #3111, #3112 ) );
#1701 = AXIS2_PLACEMENT_3D( '', #3113, #3114, #3115 );
#1702 = SURFACE_SIDE_STYLE( '', ( #3116 ) );
#1703 = EDGE_LOOP( '', ( #3117, #3118, #3119, #3120 ) );
#1704 = AXIS2_PLACEMENT_3D( '', #3121, #3122, #3123 );
#1705 = SURFACE_SIDE_STYLE( '', ( #3124 ) );
#1706 = EDGE_LOOP( '', ( #3125, #3126, #3127, #3128 ) );
#1707 = B_SPLINE_CURVE_WITH_KNOTS( '', 3, ( #3129, #3130, #3131, #3132, #3133, #3134, #3135, #3136, #3137, #3138, #3139, #3140, #3141, #3142, #3143, #3144, #3145, #3146 ), .UNSPECIFIED., .F., .F., ( 4, 3, 3, 3, 2, 3, 4 ), ( 0.478345163460815, 0.527619388342754, 0.574625258428513, 0.621944956812499, 0.665848179088223, 0.697818730694134, 0.732254752387237 ), .UNSPECIFIED. );
#1708 = VECTOR( '', #3147, 1000.00000000000 );
#1709 = SURFACE_SIDE_STYLE( '', ( #3148 ) );
#1710 = EDGE_LOOP( '', ( #3149, #3150, #3151, #3152 ) );
#1711 = AXIS2_PLACEMENT_3D( '', #3153, #3154, #3155 );
#1712 = SURFACE_SIDE_STYLE( '', ( #3156 ) );
#1713 = EDGE_LOOP( '', ( #3157, #3158 ) );
#1714 = AXIS2_PLACEMENT_3D( '', #3159, #3160, #3161 );
#1715 = SURFACE_SIDE_STYLE( '', ( #3162 ) );
#1716 = EDGE_LOOP( '', ( #3163, #3164, #3165, #3166 ) );
#1717 = AXIS2_PLACEMENT_3D( '', #3167, #3168, #3169 );
#1718 = SURFACE_SIDE_STYLE( '', ( #3170 ) );
#1719 = EDGE_LOOP( '', ( #3171, #3172, #3173, #3174 ) );
#1720 = AXIS2_PLACEMENT_3D( '', #3175, #3176, #3177 );
#1721 = SURFACE_SIDE_STYLE( '', ( #3178 ) );
#1722 = EDGE_LOOP( '', ( #3179, #3180, #3181, #3182, #3183, #3184 ) );
#1723 = AXIS2_PLACEMENT_3D( '', #3185, #3186, #3187 );
#1724 = SURFACE_SIDE_STYLE( '', ( #3188 ) );
#1725 = EDGE_LOOP( '', ( #3189, #3190, #3191, #3192 ) );
#1726 = AXIS2_PLACEMENT_3D( '', #3193, #3194, #3195 );
#1727 = SURFACE_SIDE_STYLE( '', ( #3196 ) );
#1728 = EDGE_LOOP( '', ( #3197, #3198, #3199, #3200 ) );
#1729 = AXIS2_PLACEMENT_3D( '', #3201, #3202, #3203 );
#1730 = SURFACE_SIDE_STYLE( '', ( #3204 ) );
#1731 = EDGE_LOOP( '', ( #3205, #3206, #3207, #3208 ) );
#1732 = AXIS2_PLACEMENT_3D( '', #3209, #3210, #3211 );
#1733 = SURFACE_SIDE_STYLE( '', ( #3212 ) );
#1734 = EDGE_LOOP( '', ( #3213, #3214, #3215, #3216 ) );
#1735 = AXIS2_PLACEMENT_3D( '', #3217, #3218, #3219 );
#1736 = SURFACE_SIDE_STYLE( '', ( #3220 ) );
#1737 = EDGE_LOOP( '', ( #3221, #3222, #3223, #3224 ) );
#1738 = B_SPLINE_CURVE_WITH_KNOTS( '', 3, ( #3225, #3226, #3227, #3228, #3229, #3230, #3231, #3232, #3233, #3234 ), .UNSPECIFIED., .F., .F., ( 4, 3, 3, 4 ), ( 0.416882891136755, 0.488514679785346, 0.547492405366832, 0.576792806375982 ), .UNSPECIFIED. );
#1739 = VECTOR( '', #3235, 1000.00000000000 );
#1740 = SURFACE_SIDE_STYLE( '', ( #3236 ) );
#1741 = EDGE_LOOP( '', ( #3237, #3238, #3239, #3240 ) );
#1742 = AXIS2_PLACEMENT_3D( '', #3241, #3242, #3243 );
#1743 = SURFACE_SIDE_STYLE( '', ( #3244 ) );
#1744 = EDGE_LOOP( '', ( #3245, #3246, #3247, #3248, #3249, #3250, #3251, #3252 ) );
#1745 = AXIS2_PLACEMENT_3D( '', #3253, #3254, #3255 );
#1746 = SURFACE_SIDE_STYLE( '', ( #3256 ) );
#1747 = EDGE_LOOP( '', ( #3257, #3258, #3259, #3260 ) );
#1748 = AXIS2_PLACEMENT_3D( '', #3261, #3262, #3263 );
#1749 = SURFACE_SIDE_STYLE( '', ( #3264 ) );
#1750 = EDGE_LOOP( '', ( #3265, #3266, #3267, #3268 ) );
#1751 = AXIS2_PLACEMENT_3D( '', #3269, #3270, #3271 );
#1752 = SURFACE_SIDE_STYLE( '', ( #3272 ) );
#1753 = EDGE_LOOP( '', ( #3273, #3274, #3275, #3276 ) );
#1754 = AXIS2_PLACEMENT_3D( '', #3277, #3278, #3279 );
#1755 = SURFACE_SIDE_STYLE( '', ( #3280 ) );
#1756 = EDGE_LOOP( '', ( #3281, #3282, #3283, #3284 ) );
#1757 = AXIS2_PLACEMENT_3D( '', #3285, #3286, #3287 );
#1758 = SURFACE_SIDE_STYLE( '', ( #3288 ) );
#1759 = EDGE_LOOP( '', ( #3289, #3290, #3291, #3292 ) );
#1760 = AXIS2_PLACEMENT_3D( '', #3293, #3294, #3295 );
#1761 = SURFACE_SIDE_STYLE( '', ( #3296 ) );
#1762 = EDGE_LOOP( '', ( #3297, #3298, #3299, #3300 ) );
#1763 = B_SPLINE_CURVE_WITH_KNOTS( '', 3, ( #3301, #3302, #3303, #3304 ), .UNSPECIFIED., .F., .F., ( 4, 4 ), ( 0.878462887902275, 0.925193050275740 ), .UNSPECIFIED. );
#1764 = VECTOR( '', #3305, 1000.00000000000 );
#1765 = SURFACE_SIDE_STYLE( '', ( #3306 ) );
#1766 = EDGE_LOOP( '', ( #3307, #3308, #3309, #3310 ) );
#1767 = B_SPLINE_CURVE_WITH_KNOTS( '', 3, ( #3311, #3312, #3313, #3314 ), .UNSPECIFIED., .F., .F., ( 4, 4 ), ( 0.267289335140498, 0.377395422504694 ), .UNSPECIFIED. );
#1768 = VECTOR( '', #3315, 1000.00000000000 );
#1769 = SURFACE_SIDE_STYLE( '', ( #3316 ) );
#1770 = EDGE_LOOP( '', ( #3317, #3318, #3319, #3320, #3321, #3322, #3323, #3324 ) );
#1771 = AXIS2_PLACEMENT_3D( '', #3325, #3326, #3327 );
#1772 = SURFACE_SIDE_STYLE( '', ( #3328 ) );
#1773 = EDGE_LOOP( '', ( #3329, #3330, #3331, #3332 ) );
#1774 = AXIS2_PLACEMENT_3D( '', #3333, #3334, #3335 );
#1775 = SURFACE_SIDE_STYLE( '', ( #3336 ) );
#1776 = EDGE_LOOP( '', ( #3337, #3338, #3339, #3340 ) );
#1777 = AXIS2_PLACEMENT_3D( '', #3341, #3342, #3343 );
#1778 = SURFACE_SIDE_STYLE( '', ( #3344 ) );
#1779 = EDGE_LOOP( '', ( #3345, #3346 ) );
#1780 = EDGE_LOOP( '', ( #3347, #3348 ) );
#1781 = EDGE_LOOP( '', ( #3349, #3350, #3351, #3352, #3353, #3354, #3355, #3356, #3357 ) );
#1782 = AXIS2_PLACEMENT_3D( '', #3358, #3359, #3360 );
#1783 = SURFACE_SIDE_STYLE( '', ( #3361 ) );
#1784 = EDGE_LOOP( '', ( #3362, #3363, #3364, #3365 ) );
#1785 = AXIS2_PLACEMENT_3D( '', #3366, #3367, #3368 );
#1786 = SURFACE_SIDE_STYLE( '', ( #3369 ) );
#1787 = EDGE_LOOP( '', ( #3370, #3371, #3372, #3373, #3374, #3375, #3376 ) );
#1788 = AXIS2_PLACEMENT_3D( '', #3377, #3378, #3379 );
#1789 = SURFACE_SIDE_STYLE( '', ( #3380 ) );
#1790 = EDGE_LOOP( '', ( #3381, #3382, #3383, #3384 ) );
#1791 = B_SPLINE_CURVE_WITH_KNOTS( '', 3, ( #3385, #3386, #3387, #3388, #3389, #3390, #3391 ), .UNSPECIFIED., .F., .F., ( 4, 3, 4 ), ( 0.596340645240594, 0.758852902323343, 1.00000000000000 ), .UNSPECIFIED. );
#1792 = VECTOR( '', #3392, 1000.00000000000 );
#1793 = SURFACE_SIDE_STYLE( '', ( #3393 ) );
#1794 = EDGE_LOOP( '', ( #3394, #3395, #3396, #3397 ) );
#1795 = AXIS2_PLACEMENT_3D( '', #3398, #3399, #3400 );
#1796 = SURFACE_SIDE_STYLE( '', ( #3401 ) );
#1797 = EDGE_LOOP( '', ( #3402, #3403, #3404, #3405 ) );
#1798 = AXIS2_PLACEMENT_3D( '', #3406, #3407, #3408 );
#1799 = SURFACE_SIDE_STYLE( '', ( #3409 ) );
#1800 = EDGE_LOOP( '', ( #3410, #3411, #3412, #3413 ) );
#1801 = AXIS2_PLACEMENT_3D( '', #3414, #3415, #3416 );
#1802 = SURFACE_SIDE_STYLE( '', ( #3417 ) );
#1803 = EDGE_LOOP( '', ( #3418, #3419, #3420, #3421 ) );
#1804 = AXIS2_PLACEMENT_3D( '', #3422, #3423, #3424 );
#1805 = SURFACE_SIDE_STYLE( '', ( #3425 ) );
#1806 = EDGE_LOOP( '', ( #3426, #3427, #3428, #3429 ) );
#1807 = AXIS2_PLACEMENT_3D( '', #3430, #3431, #3432 );
#1808 = SURFACE_SIDE_STYLE( '', ( #3433 ) );
#1809 = EDGE_LOOP( '', ( #3434, #3435, #3436, #3437 ) );
#1810 = AXIS2_PLACEMENT_3D( '', #3438, #3439, #3440 );
#1811 = SURFACE_SIDE_STYLE( '', ( #3441 ) );
#1812 = EDGE_LOOP( '', ( #3442, #3443, #3444, #3445 ) );
#1813 = AXIS2_PLACEMENT_3D( '', #3446, #3447, #3448 );
#1814 = SURFACE_SIDE_STYLE( '', ( #3449 ) );
#1815 = EDGE_LOOP( '', ( #3450, #3451, #3452, #3453 ) );
#1816 = AXIS2_PLACEMENT_3D( '', #3454, #3455, #3456 );
#1817 = SURFACE_SIDE_STYLE( '', ( #3457 ) );
#1818 = EDGE_LOOP( '', ( #3458, #3459, #3460, #3461 ) );
#1819 = AXIS2_PLACEMENT_3D( '', #3462, #3463, #3464 );
#1820 = SURFACE_SIDE_STYLE( '', ( #3465 ) );
#1821 = EDGE_LOOP( '', ( #3466, #3467, #3468, #3469 ) );
#1822 = AXIS2_PLACEMENT_3D( '', #3470, #3471, #3472 );
#1823 = SURFACE_SIDE_STYLE( '', ( #3473 ) );
#1824 = EDGE_LOOP( '', ( #3474, #3475, #3476, #3477 ) );
#1825 = AXIS2_PLACEMENT_3D( '', #3478, #3479, #3480 );
#1826 = SURFACE_SIDE_STYLE( '', ( #3481 ) );
#1827 = EDGE_LOOP( '', ( #3482, #3483, #3484, #3485 ) );
#1828 = AXIS2_PLACEMENT_3D( '', #3486, #3487, #3488 );
#1829 = SURFACE_SIDE_STYLE( '', ( #3489 ) );
#1830 = EDGE_LOOP( '', ( #3490, #3491, #3492, #3493 ) );
#1831 = AXIS2_PLACEMENT_3D( '', #3494, #3495, #3496 );
#1832 = SURFACE_SIDE_STYLE( '', ( #3497 ) );
#1833 = EDGE_LOOP( '', ( #3498, #3499, #3500, #3501, #3502, #3503, #3504, #3505, #3506 ) );
#1834 = AXIS2_PLACEMENT_3D( '', #3507, #3508, #3509 );
#1835 = SURFACE_SIDE_STYLE( '', ( #3510 ) );
#1836 = EDGE_LOOP( '', ( #3511, #3512, #3513, #3514 ) );
#1837 = B_SPLINE_CURVE_WITH_KNOTS( '', 3, ( #3515, #3516, #3517, #3518, #3519, #3520, #3521, #3522, #3523, #3524, #3525, #3526, #3527, #3528, #3529, #3530, #3531, #3532, #3533, #3534, #3535, #3536, #3537, #3538 ), .UNSPECIFIED., .F., .F., ( 4, 3, 2, 2, 3, 2, 3, 2, 3, 4 ), ( 0.321477466564845, 0.351183579400996, 0.375342596947203, 0.407244889347964, 0.439147181748726, 0.472065990377835, 0.518366428530973, 0.560664565544699, 0.596455296864005, 0.660534831951439 ), .UNSPECIFIED. );
#1838 = VECTOR( '', #3539, 1000.00000000000 );
#1839 = SURFACE_SIDE_STYLE( '', ( #3540 ) );
#1840 = EDGE_LOOP( '', ( #3541, #3542, #3543, #3544, #3545, #3546 ) );
#1841 = AXIS2_PLACEMENT_3D( '', #3547, #3548, #3549 );
#1842 = SURFACE_SIDE_STYLE( '', ( #3550 ) );
#1843 = EDGE_LOOP( '', ( #3551, #3552, #3553, #3554 ) );
#1844 = B_SPLINE_CURVE_WITH_KNOTS( '', 3, ( #3555, #3556, #3557, #3558 ), .UNSPECIFIED., .F., .F., ( 4, 4 ), ( 0.660534831951439, 0.743511127608967 ), .UNSPECIFIED. );
#1845 = VECTOR( '', #3559, 1000.00000000000 );
#1846 = SURFACE_SIDE_STYLE( '', ( #3560 ) );
#1847 = EDGE_LOOP( '', ( #3561, #3562, #3563, #3564 ) );
#1848 = AXIS2_PLACEMENT_3D( '', #3565, #3566, #3567 );
#1849 = SURFACE_SIDE_STYLE( '', ( #3568 ) );
#1850 = EDGE_LOOP( '', ( #3569, #3570, #3571, #3572 ) );
#1851 = AXIS2_PLACEMENT_3D( '', #3573, #3574, #3575 );
#1852 = SURFACE_SIDE_STYLE( '', ( #3576 ) );
#1853 = EDGE_LOOP( '', ( #3577, #3578, #3579, #3580 ) );
#1854 = AXIS2_PLACEMENT_3D( '', #3581, #3582, #3583 );
#1855 = SURFACE_SIDE_STYLE( '', ( #3584 ) );
#1856 = EDGE_LOOP( '', ( #3585, #3586, #3587, #3588 ) );
#1857 = B_SPLINE_CURVE_WITH_KNOTS( '', 3, ( #3589, #3590, #3591, #3592, #3593, #3594, #3595, #3596, #3597, #3598, #3599, #3600, #3601, #3602, #3603, #3604, #3605, #3606, #3607, #3608, #3609, #3610, #3611, #3612, #3613, #3614, #3615, #3616 ), .UNSPECIFIED., .F., .F., ( 4, 3, 3, 3, 3, 2, 2, 2, 3, 3, 4 ), ( 0.000000000000000, 0.0661689408984628, 0.146425072600567, 0.186589075675420, 0.236939541877402, 0.307117218406531, 0.377294894935661, 0.454953440536425, 0.532611986137188, 0.596088973734374, 0.669851217024646 ), .UNSPECIFIED. );
#1858 = VECTOR( '', #3617, 1000.00000000000 );
#1859 = SURFACE_SIDE_STYLE( '', ( #3618 ) );
#1860 = EDGE_LOOP( '', ( #3619, #3620, #3621, #3622 ) );
#1861 = AXIS2_PLACEMENT_3D( '', #3623, #3624, #3625 );
#1862 = SURFACE_SIDE_STYLE( '', ( #3626 ) );
#1863 = EDGE_LOOP( '', ( #3627, #3628, #3629, #3630 ) );
#1864 = AXIS2_PLACEMENT_3D( '', #3631, #3632, #3633 );
#1865 = SURFACE_SIDE_STYLE( '', ( #3634 ) );
#1866 = EDGE_LOOP( '', ( #3635, #3636, #3637, #3638 ) );
#1867 = AXIS2_PLACEMENT_3D( '', #3639, #3640, #3641 );
#1868 = SURFACE_SIDE_STYLE( '', ( #3642 ) );
#1869 = EDGE_LOOP( '', ( #3643, #3644, #3645, #3646 ) );
#1870 = AXIS2_PLACEMENT_3D( '', #3647, #3648, #3649 );
#1871 = SURFACE_SIDE_STYLE( '', ( #3650 ) );
#1872 = EDGE_LOOP( '', ( #3651, #3652, #3653, #3654 ) );
#1873 = AXIS2_PLACEMENT_3D( '', #3655, #3656, #3657 );
#1874 = SURFACE_SIDE_STYLE( '', ( #3658 ) );
#1875 = EDGE_LOOP( '', ( #3659, #3660, #3661, #3662 ) );
#1876 = AXIS2_PLACEMENT_3D( '', #3663, #3664, #3665 );
#1877 = SURFACE_SIDE_STYLE( '', ( #3666 ) );
#1878 = EDGE_LOOP( '', ( #3667, #3668, #3669, #3670 ) );
#1879 = B_SPLINE_CURVE_WITH_KNOTS( '', 3, ( #3671, #3672, #3673, #3674, #3675, #3676, #3677, #3678, #3679, #3680, #3681, #3682, #3683, #3684, #3685, #3686, #3687, #3688, #3689, #3690, #3691, #3692, #3693 ), .UNSPECIFIED., .F., .F., ( 4, 3, 2, 3, 2, 3, 3, 3, 4 ), ( 0.600504747971176, 0.638075247198128, 0.674948378141250, 0.744480567919708, 0.812841365453784, 0.867411800372917, 0.911968256824270, 0.953282336483212, 1.00000000000000 ), .UNSPECIFIED. );
#1880 = VECTOR( '', #3694, 1000.00000000000 );
#1881 = SURFACE_SIDE_STYLE( '', ( #3695 ) );
#1882 = EDGE_LOOP( '', ( #3696, #3697, #3698, #3699 ) );
#1883 = AXIS2_PLACEMENT_3D( '', #3700, #3701, #3702 );
#1884 = SURFACE_SIDE_STYLE( '', ( #3703 ) );
#1885 = EDGE_LOOP( '', ( #3704, #3705, #3706, #3707 ) );
#1886 = AXIS2_PLACEMENT_3D( '', #3708, #3709, #3710 );
#1887 = SURFACE_SIDE_STYLE( '', ( #3711 ) );
#1888 = EDGE_LOOP( '', ( #3712, #3713, #3714, #3715 ) );
#1889 = AXIS2_PLACEMENT_3D( '', #3716, #3717, #3718 );
#1890 = SURFACE_SIDE_STYLE( '', ( #3719 ) );
#1891 = EDGE_LOOP( '', ( #3720, #3721, #3722, #3723 ) );
#1892 = AXIS2_PLACEMENT_3D( '', #3724, #3725, #3726 );
#1893 = SURFACE_SIDE_STYLE( '', ( #3727 ) );
#1894 = EDGE_LOOP( '', ( #3728, #3729, #3730, #3731 ) );
#1895 = AXIS2_PLACEMENT_3D( '', #3732, #3733, #3734 );
#1896 = SURFACE_SIDE_STYLE( '', ( #3735 ) );
#1897 = EDGE_LOOP( '', ( #3736, #3737, #3738, #3739 ) );
#1898 = AXIS2_PLACEMENT_3D( '', #3740, #3741, #3742 );
#1899 = SURFACE_SIDE_STYLE( '', ( #3743 ) );
#1900 = EDGE_LOOP( '', ( #3744, #3745, #3746, #3747 ) );
#1901 = B_SPLINE_CURVE_WITH_KNOTS( '', 3, ( #3748, #3749, #3750, #3751 ), .UNSPECIFIED., .F., .F., ( 4, 4 ), ( 0.956227513983152, 1.00000000000000 ), .UNSPECIFIED. );
#1902 = VECTOR( '', #3752, 1000.00000000000 );
#1903 = SURFACE_SIDE_STYLE( '', ( #3753 ) );
#1904 = EDGE_LOOP( '', ( #3754, #3755, #3756 ) );
#1905 = AXIS2_PLACEMENT_3D( '', #3757, #3758, #3759 );
#1906 = SURFACE_SIDE_STYLE( '', ( #3760 ) );
#1907 = EDGE_LOOP( '', ( #3761, #3762, #3763, #3764, #3765, #3766, #3767, #3768, #3769 ) );
#1908 = AXIS2_PLACEMENT_3D( '', #3770, #3771, #3772 );
#1909 = SURFACE_SIDE_STYLE( '', ( #3773 ) );
#1910 = EDGE_LOOP( '', ( #3774, #3775, #3776, #3777 ) );
#1911 = AXIS2_PLACEMENT_3D( '', #3778, #3779, #3780 );
#1912 = SURFACE_SIDE_STYLE( '', ( #3781 ) );
#1913 = EDGE_LOOP( '', ( #3782, #3783, #3784, #3785 ) );
#1914 = AXIS2_PLACEMENT_3D( '', #3786, #3787, #3788 );
#1915 = SURFACE_SIDE_STYLE( '', ( #3789 ) );
#1916 = EDGE_LOOP( '', ( #3790, #3791, #3792, #3793 ) );
#1917 = AXIS2_PLACEMENT_3D( '', #3794, #3795, #3796 );
#1918 = SURFACE_SIDE_STYLE( '', ( #3797 ) );
#1919 = EDGE_LOOP( '', ( #3798, #3799, #3800, #3801, #3802, #3803, #3804, #3805 ) );
#1920 = AXIS2_PLACEMENT_3D( '', #3806, #3807, #3808 );
#1921 = SURFACE_SIDE_STYLE( '', ( #3809 ) );
#1922 = EDGE_LOOP( '', ( #3810, #3811, #3812, #3813 ) );
#1923 = AXIS2_PLACEMENT_3D( '', #3814, #3815, #3816 );
#1924 = SURFACE_SIDE_STYLE( '', ( #3817 ) );
#1925 = EDGE_LOOP( '', ( #3818, #3819, #3820, #3821 ) );
#1926 = B_SPLINE_CURVE_WITH_KNOTS( '', 3, ( #3822, #3823, #3824, #3825, #3826, #3827, #3828, #3829, #3830, #3831, #3832 ), .UNSPECIFIED., .F., .F., ( 4, 3, 2, 2, 4 ), ( 0.000000000000000, 0.234939105629067, 0.331153877204077, 0.434443264336073, 0.539840598144228 ), .UNSPECIFIED. );
#1927 = VECTOR( '', #3833, 1000.00000000000 );
#1928 = SURFACE_SIDE_STYLE( '', ( #3834 ) );
#1929 = EDGE_LOOP( '', ( #3835, #3836, #3837, #3838 ) );
#1930 = AXIS2_PLACEMENT_3D( '', #3839, #3840, #3841 );
#1931 = SURFACE_SIDE_STYLE( '', ( #3842 ) );
#1932 = EDGE_LOOP( '', ( #3843, #3844, #3845, #3846 ) );
#1933 = AXIS2_PLACEMENT_3D( '', #3847, #3848, #3849 );
#1934 = SURFACE_SIDE_STYLE( '', ( #3850 ) );
#1935 = EDGE_LOOP( '', ( #3851, #3852, #3853, #3854 ) );
#1936 = AXIS2_PLACEMENT_3D( '', #3855, #3856, #3857 );
#1937 = SURFACE_SIDE_STYLE( '', ( #3858 ) );
#1938 = EDGE_LOOP( '', ( #3859, #3860, #3861, #3862 ) );
#1939 = AXIS2_PLACEMENT_3D( '', #3863, #3864, #3865 );
#1940 = SURFACE_SIDE_STYLE( '', ( #3866 ) );
#1941 = EDGE_LOOP( '', ( #3867, #3868, #3869, #3870 ) );
#1942 = AXIS2_PLACEMENT_3D( '', #3871, #3872, #3873 );
#1943 = SURFACE_SIDE_STYLE( '', ( #3874 ) );
#1944 = EDGE_LOOP( '', ( #3875, #3876, #3877, #3878 ) );
#1945 = AXIS2_PLACEMENT_3D( '', #3879, #3880, #3881 );
#1946 = SURFACE_SIDE_STYLE( '', ( #3882 ) );
#1947 = EDGE_LOOP( '', ( #3883, #3884, #3885, #3886 ) );
#1948 = AXIS2_PLACEMENT_3D( '', #3887, #3888, #3889 );
#1949 = SURFACE_SIDE_STYLE( '', ( #3890 ) );
#1950 = EDGE_LOOP( '', ( #3891, #3892, #3893, #3894 ) );
#1951 = AXIS2_PLACEMENT_3D( '', #3895, #3896, #3897 );
#1952 = SURFACE_SIDE_STYLE( '', ( #3898 ) );
#1953 = EDGE_LOOP( '', ( #3899, #3900, #3901, #3902, #3903, #3904, #3905, #3906 ) );
#1954 = AXIS2_PLACEMENT_3D( '', #3907, #3908, #3909 );
#1955 = SURFACE_SIDE_STYLE( '', ( #3910 ) );
#1956 = EDGE_LOOP( '', ( #3911, #3912, #3913, #3914 ) );
#1957 = AXIS2_PLACEMENT_3D( '', #3915, #3916, #3917 );
#1958 = SURFACE_SIDE_STYLE( '', ( #3918 ) );
#1959 = EDGE_LOOP( '', ( #3919, #3920, #3921, #3922 ) );
#1960 = AXIS2_PLACEMENT_3D( '', #3923, #3924, #3925 );
#1961 = SURFACE_SIDE_STYLE( '', ( #3926 ) );
#1962 = EDGE_LOOP( '', ( #3927, #3928, #3929, #3930 ) );
#1963 = B_SPLINE_CURVE_WITH_KNOTS( '', 3, ( #3931, #3932, #3933, #3934 ), .UNSPECIFIED., .F., .F., ( 4, 4 ), ( 0.000000000000000, 0.302416294264067 ), .UNSPECIFIED. );
#1964 = VECTOR( '', #3935, 1000.00000000000 );
#1965 = SURFACE_SIDE_STYLE( '', ( #3936 ) );
#1966 = EDGE_LOOP( '', ( #3937, #3938, #3939, #3940 ) );
#1967 = AXIS2_PLACEMENT_3D( '', #3941, #3942, #3943 );
#1968 = SURFACE_SIDE_STYLE( '', ( #3944 ) );
#1969 = EDGE_LOOP( '', ( #3945, #3946, #3947, #3948 ) );
#1970 = AXIS2_PLACEMENT_3D( '', #3949, #3950, #3951 );
#1971 = SURFACE_SIDE_STYLE( '', ( #3952 ) );
#1972 = EDGE_LOOP( '', ( #3953, #3954, #3955, #3956 ) );
#1973 = B_SPLINE_CURVE_WITH_KNOTS( '', 3, ( #3957, #3958, #3959, #3960, #3961, #3962, #3963, #3964, #3965, #3966, #3967, #3968, #3969, #3970, #3971, #3972, #3973, #3974, #3975, #3976, #3977, #3978, #3979, #3980, #3981, #3982, #3983, #3984, #3985, #3986, #3987, #3988, #3989, #3990, #3991, #3992, #3993, #3994, #3995, #3996, #3997, #3998, #3999, #4000, #4001, #4002, #4003 ), .UNSPECIFIED., .F., .F., ( 4, 3, 2, 3, 2, 3, 2, 3, 3, 3, 3, 3, 2, 3, 3, 2, 3, 4 ), ( 0.523508798199217, 0.536193357751337, 0.552658839645511, 0.569124321539685, 0.589051059749645, 0.624237011904170, 0.645968151971529, 0.658774002368366, 0.675714740290450, 0.710602187207719, 0.741882496334832, 0.764823501966999, 0.788404493018266, 0.817830345099335, 0.850677637561967, 0.887834020738283, 0.943752537993728, 1.00000000000000 ), .UNSPECIFIED. );
#1974 = VECTOR( '', #4004, 1000.00000000000 );
#1975 = SURFACE_SIDE_STYLE( '', ( #4005 ) );
#1976 = EDGE_LOOP( '', ( #4006, #4007, #4008, #4009 ) );
#1977 = AXIS2_PLACEMENT_3D( '', #4010, #4011, #4012 );
#1978 = SURFACE_SIDE_STYLE( '', ( #4013 ) );
#1979 = EDGE_LOOP( '', ( #4014, #4015, #4016, #4017 ) );
#1980 = AXIS2_PLACEMENT_3D( '', #4018, #4019, #4020 );
#1981 = SURFACE_SIDE_STYLE( '', ( #4021 ) );
#1982 = EDGE_LOOP( '', ( #4022, #4023, #4024, #4025 ) );
#1983 = AXIS2_PLACEMENT_3D( '', #4026, #4027, #4028 );
#1984 = SURFACE_SIDE_STYLE( '', ( #4029 ) );
#1985 = EDGE_LOOP( '', ( #4030, #4031, #4032, #4033 ) );
#1986 = AXIS2_PLACEMENT_3D( '', #4034, #4035, #4036 );
#1987 = SURFACE_SIDE_STYLE( '', ( #4037 ) );
#1988 = EDGE_LOOP( '', ( #4038, #4039, #4040, #4041 ) );
#1989 = AXIS2_PLACEMENT_3D( '', #4042, #4043, #4044 );
#1990 = SURFACE_SIDE_STYLE( '', ( #4045 ) );
#1991 = EDGE_LOOP( '', ( #4046, #4047, #4048, #4049 ) );
#1992 = B_SPLINE_CURVE_WITH_KNOTS( '', 3, ( #4050, #4051, #4052, #4053, #4054, #4055, #4056, #4057, #4058, #4059, #4060, #4061, #4062, #4063, #4064, #4065, #4066, #4067, #4068, #4069, #4070, #4071, #4072, #4073, #4074, #4075, #4076, #4077 ), .UNSPECIFIED., .F., .F., ( 4, 3, 3, 3, 3, 3, 2, 2, 2, 3, 4 ), ( 0.000000000000000, 0.0347905707892768, 0.0666233387899263, 0.128171505683195, 0.166266578987168, 0.194368013928580, 0.211812071077151, 0.240806922824100, 0.269801774571049, 0.298340014479464, 0.336852098076917 ), .UNSPECIFIED. );
#1993 = VECTOR( '', #4078, 1000.00000000000 );
#1994 = SURFACE_SIDE_STYLE( '', ( #4079 ) );
#1995 = EDGE_LOOP( '', ( #4080, #4081, #4082, #4083 ) );
#1996 = B_SPLINE_CURVE_WITH_KNOTS( '', 3, ( #4084, #4085, #4086, #4087 ), .UNSPECIFIED., .F., .F., ( 4, 4 ), ( 0.820028608938579, 0.878462887902275 ), .UNSPECIFIED. );
#1997 = VECTOR( '', #4088, 1000.00000000000 );
#1998 = SURFACE_SIDE_STYLE( '', ( #4089 ) );
#1999 = EDGE_LOOP( '', ( #4090, #4091, #4092, #4093 ) );
#2000 = AXIS2_PLACEMENT_3D( '', #4094, #4095, #4096 );
#2001 = SURFACE_SIDE_STYLE( '', ( #4097 ) );
#2002 = EDGE_LOOP( '', ( #4098, #4099, #4100, #4101 ) );
#2003 = AXIS2_PLACEMENT_3D( '', #4102, #4103, #4104 );
#2004 = SURFACE_SIDE_STYLE( '', ( #4105 ) );
#2005 = EDGE_LOOP( '', ( #4106, #4107, #4108, #4109 ) );
#2006 = AXIS2_PLACEMENT_3D( '', #4110, #4111, #4112 );
#2007 = SURFACE_SIDE_STYLE( '', ( #4113 ) );
#2008 = EDGE_LOOP( '', ( #4114, #4115, #4116, #4117 ) );
#2009 = AXIS2_PLACEMENT_3D( '', #4118, #4119, #4120 );
#2010 = SURFACE_SIDE_STYLE( '', ( #4121 ) );
#2011 = EDGE_LOOP( '', ( #4122, #4123, #4124, #4125 ) );
#2012 = AXIS2_PLACEMENT_3D( '', #4126, #4127, #4128 );
#2013 = SURFACE_SIDE_STYLE( '', ( #4129 ) );
#2014 = EDGE_LOOP( '', ( #4130, #4131, #4132, #4133, #4134, #4135, #4136, #4137, #4138, #4139, #4140, #4141, #4142, #4143, #4144, #4145, #4146, #4147, #4148, #4149, #4150, #4151, #4152, #4153, #4154, #4155, #4156, #4157, #4158, #4159, #4160, #4161, #4162, #4163, #4164, #4165 ) );
#2015 = AXIS2_PLACEMENT_3D( '', #4166, #4167, #4168 );
#2016 = SURFACE_SIDE_STYLE( '', ( #4169 ) );
#2017 = EDGE_LOOP( '', ( #4170, #4171, #4172 ) );
#2018 = EDGE_LOOP( '', ( #4173, #4174, #4175, #4176, #4177, #4178, #4179, #4180 ) );
#2019 = AXIS2_PLACEMENT_3D( '', #4181, #4182, #4183 );
#2020 = SURFACE_SIDE_STYLE( '', ( #4184 ) );
#2021 = EDGE_LOOP( '', ( #4185, #4186, #4187, #4188 ) );
#2022 = AXIS2_PLACEMENT_3D( '', #4189, #4190, #4191 );
#2023 = SURFACE_SIDE_STYLE( '', ( #4192 ) );
#2024 = EDGE_LOOP( '', ( #4193, #4194, #4195, #4196, #4197, #4198, #4199, #4200, #4201 ) );
#2025 = AXIS2_PLACEMENT_3D( '', #4202, #4203, #4204 );
#2026 = SURFACE_SIDE_STYLE( '', ( #4205 ) );
#2027 = EDGE_LOOP( '', ( #4206, #4207, #4208, #4209 ) );
#2028 = B_SPLINE_CURVE_WITH_KNOTS( '', 3, ( #4210, #4211, #4212, #4213, #4214, #4215, #4216, #4217, #4218, #4219, #4220, #4221, #4222, #4223, #4224, #4225, #4226, #4227, #4228, #4229, #4230, #4231, #4232, #4233, #4234, #4235, #4236, #4237, #4238, #4239, #4240, #4241, #4242 ), .UNSPECIFIED., .F., .F., ( 4, 3, 3, 3, 3, 2, 3, 3, 3, 3, 3, 4 ), ( 0.311130145086153, 0.402757213654577, 0.453564615870398, 0.502289417257542, 0.551865008042753, 0.608552982243613, 0.676515912639119, 0.737356727634625, 0.789589309655003, 0.840055779634052, 0.890386415031304, 1.00000000000000 ), .UNSPECIFIED. );
#2029 = VECTOR( '', #4243, 1000.00000000000 );
#2030 = SURFACE_SIDE_STYLE( '', ( #4244 ) );
#2031 = EDGE_LOOP( '', ( #4245, #4246, #4247, #4248 ) );
#2032 = AXIS2_PLACEMENT_3D( '', #4249, #4250, #4251 );
#2033 = SURFACE_SIDE_STYLE( '', ( #4252 ) );
#2034 = EDGE_LOOP( '', ( #4253, #4254, #4255, #4256 ) );
#2035 = AXIS2_PLACEMENT_3D( '', #4257, #4258, #4259 );
#2036 = SURFACE_SIDE_STYLE( '', ( #4260 ) );
#2037 = EDGE_LOOP( '', ( #4261, #4262, #4263, #4264 ) );
#2038 = AXIS2_PLACEMENT_3D( '', #4265, #4266, #4267 );
#2039 = SURFACE_SIDE_STYLE( '', ( #4268 ) );
#2040 = EDGE_LOOP( '', ( #4269, #4270, #4271, #4272 ) );
#2041 = AXIS2_PLACEMENT_3D( '', #4273, #4274, #4275 );
#2042 = SURFACE_SIDE_STYLE( '', ( #4276 ) );
#2043 = EDGE_LOOP( '', ( #4277, #4278, #4279, #4280 ) );
#2044 = AXIS2_PLACEMENT_3D( '', #4281, #4282, #4283 );
#2045 = SURFACE_SIDE_STYLE( '', ( #4284 ) );
#2046 = EDGE_LOOP( '', ( #4285, #4286, #4287, #4288 ) );
#2047 = AXIS2_PLACEMENT_3D( '', #4289, #4290, #4291 );
#2048 = SURFACE_SIDE_STYLE( '', ( #4292 ) );
#2049 = EDGE_LOOP( '', ( #4293, #4294, #4295, #4296 ) );
#2050 = AXIS2_PLACEMENT_3D( '', #4297, #4298, #4299 );
#2051 = SURFACE_SIDE_STYLE( '', ( #4300 ) );
#2052 = EDGE_LOOP( '', ( #4301, #4302, #4303, #4304 ) );
#2053 = AXIS2_PLACEMENT_3D( '', #4305, #4306, #4307 );
#2054 = SURFACE_SIDE_STYLE( '', ( #4308 ) );
#2055 = EDGE_LOOP( '', ( #4309 ) );
#2056 = AXIS2_PLACEMENT_3D( '', #4310, #4311, #4312 );
#2057 = SURFACE_SIDE_STYLE( '', ( #4313 ) );
#2058 = EDGE_LOOP( '', ( #4314, #4315, #4316, #4317 ) );
#2059 = AXIS2_PLACEMENT_3D( '', #4318, #4319, #4320 );
#2060 = SURFACE_SIDE_STYLE( '', ( #4321 ) );
#2061 = EDGE_LOOP( '', ( #4322, #4323, #4324, #4325 ) );
#2062 = AXIS2_PLACEMENT_3D( '', #4326, #4327, #4328 );
#2063 = SURFACE_SIDE_STYLE( '', ( #4329 ) );
#2064 = EDGE_LOOP( '', ( #4330, #4331, #4332, #4333 ) );
#2065 = B_SPLINE_CURVE_WITH_KNOTS( '', 3, ( #4334, #4335, #4336, #4337, #4338, #4339, #4340, #4341, #4342, #4343, #4344, #4345, #4346, #4347, #4348, #4349, #4350, #4351, #4352 ), .UNSPECIFIED., .F., .F., ( 4, 2, 3, 2, 3, 2, 3, 4 ), ( 0.257894160943733, 0.264058836482934, 0.302896292379903, 0.333699799548172, 0.361785350201593, 0.390248522524270, 0.417778476082269, 0.451413983317838 ), .UNSPECIFIED. );
#2066 = VECTOR( '', #4353, 1000.00000000000 );
#2067 = SURFACE_SIDE_STYLE( '', ( #4354 ) );
#2068 = EDGE_LOOP( '', ( #4355, #4356, #4357, #4358, #4359, #4360, #4361, #4362, #4363 ) );
#2069 = AXIS2_PLACEMENT_3D( '', #4364, #4365, #4366 );
#2070 = SURFACE_SIDE_STYLE( '', ( #4367 ) );
#2071 = EDGE_LOOP( '', ( #4368, #4369, #4370, #4371, #4372, #4373, #4374, #4375, #4376, #4377, #4378, #4379 ) );
#2072 = AXIS2_PLACEMENT_3D( '', #4380, #4381, #4382 );
#2073 = SURFACE_SIDE_STYLE( '', ( #4383 ) );
#2074 = EDGE_LOOP( '', ( #4384, #4385, #4386, #4387, #4388, #4389, #4390 ) );
#2075 = AXIS2_PLACEMENT_3D( '', #4391, #4392, #4393 );
#2076 = SURFACE_SIDE_STYLE( '', ( #4394 ) );
#2077 = EDGE_LOOP( '', ( #4395, #4396, #4397, #4398, #4399, #4400, #4401 ) );
#2078 = EDGE_LOOP( '', ( #4402, #4403, #4404, #4405, #4406, #4407, #4408, #4409 ) );
#2079 = EDGE_LOOP( '', ( #4410, #4411, #4412, #4413, #4414, #4415, #4416 ) );
#2080 = EDGE_LOOP( '', ( #4417, #4418, #4419, #4420, #4421, #4422 ) );
#2081 = EDGE_LOOP( '', ( #4423, #4424, #4425, #4426 ) );
#2082 = EDGE_LOOP( '', ( #4427, #4428, #4429, #4430 ) );
#2083 = EDGE_LOOP( '', ( #4431, #4432, #4433, #4434, #4435, #4436, #4437, #4438, #4439 ) );
#2084 = EDGE_LOOP( '', ( #4440, #4441, #4442, #4443, #4444, #4445, #4446, #4447, #4448, #4449, #4450, #4451 ) );
#2085 = EDGE_LOOP( '', ( #4452, #4453, #4454, #4455 ) );
#2086 = EDGE_LOOP( '', ( #4456, #4457 ) );
#2087 = EDGE_LOOP( '', ( #4458, #4459, #4460, #4461, #4462, #4463, #4464, #4465 ) );
#2088 = EDGE_LOOP( '', ( #4466 ) );
#2089 = EDGE_LOOP( '', ( #4467, #4468, #4469, #4470, #4471, #4472, #4473, #4474, #4475, #4476, #4477 ) );
#2090 = EDGE_LOOP( '', ( #4478, #4479, #4480, #4481, #4482, #4483, #4484 ) );
#2091 = EDGE_LOOP( '', ( #4485, #4486, #4487, #4488, #4489, #4490 ) );
#2092 = EDGE_LOOP( '', ( #4491, #4492, #4493, #4494, #4495, #4496, #4497 ) );
#2093 = EDGE_LOOP( '', ( #4498, #4499, #4500, #4501, #4502, #4503, #4504, #4505, #4506, #4507, #4508 ) );
#2094 = AXIS2_PLACEMENT_3D( '', #4509, #4510, #4511 );
#2095 = SURFACE_SIDE_STYLE( '', ( #4512 ) );
#2096 = EDGE_LOOP( '', ( #4513, #4514, #4515, #4516, #4517, #4518, #4519, #4520 ) );
#2097 = AXIS2_PLACEMENT_3D( '', #4521, #4522, #4523 );
#2098 = SURFACE_SIDE_STYLE( '', ( #4524 ) );
#2099 = EDGE_LOOP( '', ( #4525, #4526, #4527, #4528 ) );
#2100 = AXIS2_PLACEMENT_3D( '', #4529, #4530, #4531 );
#2101 = SURFACE_SIDE_STYLE( '', ( #4532 ) );
#2102 = EDGE_LOOP( '', ( #4533, #4534, #4535, #4536, #4537, #4538, #4539, #4540 ) );
#2103 = AXIS2_PLACEMENT_3D( '', #4541, #4542, #4543 );
#2104 = SURFACE_SIDE_STYLE( '', ( #4544 ) );
#2105 = EDGE_LOOP( '', ( #4545, #4546, #4547, #4548 ) );
#2106 = AXIS2_PLACEMENT_3D( '', #4549, #4550, #4551 );
#2107 = SURFACE_SIDE_STYLE( '', ( #4552 ) );
#2108 = EDGE_LOOP( '', ( #4553, #4554, #4555, #4556 ) );
#2109 = AXIS2_PLACEMENT_3D( '', #4557, #4558, #4559 );
#2110 = SURFACE_SIDE_STYLE( '', ( #4560 ) );
#2111 = EDGE_LOOP( '', ( #4561, #4562, #4563, #4564 ) );
#2112 = AXIS2_PLACEMENT_3D( '', #4565, #4566, #4567 );
#2113 = SURFACE_SIDE_STYLE( '', ( #4568 ) );
#2114 = EDGE_LOOP( '', ( #4569, #4570, #4571, #4572 ) );
#2115 = AXIS2_PLACEMENT_3D( '', #4573, #4574, #4575 );
#2116 = SURFACE_SIDE_STYLE( '', ( #4576 ) );
#2117 = EDGE_LOOP( '', ( #4577, #4578, #4579, #4580 ) );
#2118 = B_SPLINE_CURVE_WITH_KNOTS( '', 3, ( #4581, #4582, #4583, #4584, #4585, #4586, #4587, #4588, #4589, #4590, #4591, #4592, #4593, #4594, #4595, #4596, #4597, #4598, #4599, #4600, #4601, #4602, #4603, #4604, #4605, #4606, #4607 ), .UNSPECIFIED., .F., .F., ( 4, 3, 3, 3, 3, 2, 3, 3, 3, 4 ), ( 0.363502151049928, 0.415629252232217, 0.466287975441797, 0.501174995717328, 0.533121714761846, 0.563785702531628, 0.608776307538111, 0.683423262732141, 0.722887085175935, 0.747013375772891 ), .UNSPECIFIED. );
#2119 = VECTOR( '', #4608, 1000.00000000000 );
#2120 = SURFACE_SIDE_STYLE( '', ( #4609 ) );
#2121 = EDGE_LOOP( '', ( #4610, #4611, #4612, #4613, #4614, #4615, #4616, #4617 ) );
#2122 = AXIS2_PLACEMENT_3D( '', #4618, #4619, #4620 );
#2123 = SURFACE_SIDE_STYLE( '', ( #4621 ) );
#2124 = EDGE_LOOP( '', ( #4622, #4623, #4624, #4625 ) );
#2125 = AXIS2_PLACEMENT_3D( '', #4626, #4627, #4628 );
#2126 = SURFACE_SIDE_STYLE( '', ( #4629 ) );
#2127 = EDGE_LOOP( '', ( #4630, #4631, #4632, #4633, #4634, #4635, #4636 ) );
#2128 = AXIS2_PLACEMENT_3D( '', #4637, #4638, #4639 );
#2129 = SURFACE_SIDE_STYLE( '', ( #4640 ) );
#2130 = EDGE_LOOP( '', ( #4641, #4642, #4643, #4644 ) );
#2131 = AXIS2_PLACEMENT_3D( '', #4645, #4646, #4647 );
#2132 = SURFACE_SIDE_STYLE( '', ( #4648 ) );
#2133 = EDGE_LOOP( '', ( #4649, #4650, #4651 ) );
#2134 = AXIS2_PLACEMENT_3D( '', #4652, #4653, #4654 );
#2135 = SURFACE_SIDE_STYLE( '', ( #4655 ) );
#2136 = EDGE_LOOP( '', ( #4656, #4657, #4658, #4659 ) );
#2137 = AXIS2_PLACEMENT_3D( '', #4660, #4661, #4662 );
#2138 = SURFACE_SIDE_STYLE( '', ( #4663 ) );
#2139 = EDGE_LOOP( '', ( #4664, #4665 ) );
#2140 = EDGE_LOOP( '', ( #4666, #4667 ) );
#2141 = AXIS2_PLACEMENT_3D( '', #4668, #4669, #4670 );
#2142 = SURFACE_SIDE_STYLE( '', ( #4671 ) );
#2143 = EDGE_LOOP( '', ( #4672, #4673, #4674, #4675 ) );
#2144 = AXIS2_PLACEMENT_3D( '', #4676, #4677, #4678 );
#2145 = SURFACE_SIDE_STYLE( '', ( #4679 ) );
#2146 = EDGE_LOOP( '', ( #4680, #4681 ) );
#2147 = AXIS2_PLACEMENT_3D( '', #4682, #4683, #4684 );
#2148 = SURFACE_SIDE_STYLE( '', ( #4685 ) );
#2149 = EDGE_LOOP( '', ( #4686, #4687, #4688, #4689, #4690, #4691, #4692 ) );
#2150 = AXIS2_PLACEMENT_3D( '', #4693, #4694, #4695 );
#2152 = SURFACE_STYLE_FILL_AREA( #4696 );
#2153 = ORIENTED_EDGE( '', *, *, #4697, .T. );
#2154 = ORIENTED_EDGE( '', *, *, #4698, .T. );
#2155 = ORIENTED_EDGE( '', *, *, #4699, .T. );
#2156 = ORIENTED_EDGE( '', *, *, #4700, .T. );
#2157 = ORIENTED_EDGE( '', *, *, #4701, .T. );
#2158 = ORIENTED_EDGE( '', *, *, #4702, .T. );
#2159 = ORIENTED_EDGE( '', *, *, #4703, .T. );
#2160 = ORIENTED_EDGE( '', *, *, #4704, .F. );
#2161 = ORIENTED_EDGE( '', *, *, #4705, .T. );
#2162 = ORIENTED_EDGE( '', *, *, #4706, .T. );
#2163 = ORIENTED_EDGE( '', *, *, #4707, .T. );
#2164 = ORIENTED_EDGE( '', *, *, #4708, .T. );
#2165 = ORIENTED_EDGE( '', *, *, #4709, .T. );
#2166 = ORIENTED_EDGE( '', *, *, #4710, .T. );
#2167 = ORIENTED_EDGE( '', *, *, #4711, .T. );
#2168 = ORIENTED_EDGE( '', *, *, #4712, .T. );
#2169 = CARTESIAN_POINT( '', ( 4.60375000000000, 3.64448804564212, -0.696305810081289 ) );
#2170 = DIRECTION( '', ( 0.000000000000000, -0.980927717612486, -0.194372870585272 ) );
#2171 = DIRECTION( '', ( 0.000000000000000, 0.194372870585272, -0.980927717612486 ) );
#2172 = SURFACE_STYLE_FILL_AREA( #4713 );
#2173 = ORIENTED_EDGE( '', *, *, #4714, .F. );
#2174 = ORIENTED_EDGE( '', *, *, #4715, .F. );
#2175 = ORIENTED_EDGE( '', *, *, #4716, .T. );
#2176 = ORIENTED_EDGE( '', *, *, #4717, .T. );
#2177 = CARTESIAN_POINT( '', ( 1.42603435661432, -2.04073192157399, 3.55600000000000 ) );
#2178 = DIRECTION( '', ( 0.000000000000000, 1.00000000000000, 0.000000000000000 ) );
#2179 = DIRECTION( '', ( 0.000000000000000, 0.000000000000000, 1.00000000000000 ) );
#2180 = SURFACE_STYLE_FILL_AREA( #4718 );
#2181 = ORIENTED_EDGE( '', *, *, #4719, .T. );
#2182 = ORIENTED_EDGE( '', *, *, #4720, .T. );
#2183 = ORIENTED_EDGE( '', *, *, #4721, .T. );
#2184 = ORIENTED_EDGE( '', *, *, #4722, .T. );
#2185 = ORIENTED_EDGE( '', *, *, #4723, .T. );
#2186 = ORIENTED_EDGE( '', *, *, #4724, .T. );
#2187 = ORIENTED_EDGE( '', *, *, #4725, .T. );
#2188 = ORIENTED_EDGE( '', *, *, #4726, .T. );
#2189 = CARTESIAN_POINT( '', ( -2.07645000000000, -11.5433280311199, 7.37257477290143E-015 ) );
#2190 = DIRECTION( '', ( 1.00000000000000, 0.000000000000000, 0.000000000000000 ) );
#2191 = DIRECTION( '', ( 0.000000000000000, 0.000000000000000, -1.00000000000000 ) );
#2192 = SURFACE_STYLE_FILL_AREA( #4727 );
#2193 = ORIENTED_EDGE( '', *, *, #4726, .F. );
#2194 = ORIENTED_EDGE( '', *, *, #4728, .F. );
#2195 = ORIENTED_EDGE( '', *, *, #4729, .F. );
#2196 = ORIENTED_EDGE( '', *, *, #4730, .T. );
#2197 = CARTESIAN_POINT( '', ( 4.60375000000000, -3.76415642001181, -0.676954685594407 ) );
#2198 = DIRECTION( '', ( 1.00000000000000, -0.000000000000000, -0.000000000000000 ) );
#2199 = DIRECTION( '', ( 0.000000000000000, 0.000000000000000, 1.00000000000000 ) );
#2200 = SURFACE_STYLE_FILL_AREA( #4731 );
#2201 = ORIENTED_EDGE( '', *, *, #4732, .F. );
#2202 = ORIENTED_EDGE( '', *, *, #4733, .F. );
#2203 = ORIENTED_EDGE( '', *, *, #4734, .T. );
#2204 = ORIENTED_EDGE( '', *, *, #4735, .T. );
#2205 = CARTESIAN_POINT( '', ( -0.213947792618096, -2.91399861204168, 3.55600000000000 ) );
#2206 = DIRECTION( '', ( -0.0808934410207251, 0.996722755433940, 0.000000000000000 ) );
#2207 = DIRECTION( '', ( -0.996722755433940, -0.0808934410207250, 0.000000000000000 ) );
#2208 = SURFACE_STYLE_FILL_AREA( #4736 );
#2209 = ORIENTED_EDGE( '', *, *, #4737, .F. );
#2210 = ORIENTED_EDGE( '', *, *, #4738, .F. );
#2211 = ORIENTED_EDGE( '', *, *, #4739, .T. );
#2212 = ORIENTED_EDGE( '', *, *, #4740, .T. );
#2213 = CARTESIAN_POINT( '', ( 1.96060415311557, -2.66008929394101, 3.55600000000000 ) );
#2214 = DIRECTION( '', ( -0.658410624626228, 0.752658919683611, 0.000000000000000 ) );
#2215 = DIRECTION( '', ( -0.752658919683611, -0.658410624626228, 0.000000000000000 ) );
#2216 = SURFACE_STYLE_FILL_AREA( #4741 );
#2217 = ORIENTED_EDGE( '', *, *, #4742, .F. );
#2218 = ORIENTED_EDGE( '', *, *, #4743, .F. );
#2219 = ORIENTED_EDGE( '', *, *, #4744, .T. );
#2220 = ORIENTED_EDGE( '', *, *, #4745, .T. );
#2221 = CARTESIAN_POINT( '', ( 4.60375000000000, 4.19100000000000, -1.04140000000000 ) );
#2222 = DIRECTION( '', ( 0.000000000000000, -1.00000000000000, 0.000000000000000 ) );
#2223 = DIRECTION( '', ( 0.000000000000000, 0.000000000000000, -1.00000000000000 ) );
#2224 = SURFACE_STYLE_FILL_AREA( #4746 );
#2225 = ORIENTED_EDGE( '', *, *, #4747, .F. );
#2226 = ORIENTED_EDGE( '', *, *, #4748, .F. );
#2227 = ORIENTED_EDGE( '', *, *, #4749, .T. );
#2228 = ORIENTED_EDGE( '', *, *, #4750, .T. );
#2229 = CARTESIAN_POINT( '', ( 3.66978900192205, 3.35632162635964, 3.55600000000000 ) );
#2230 = DIRECTION( '', ( 0.000000000000000, 1.00000000000000, 0.000000000000000 ) );
#2231 = DIRECTION( '', ( 0.000000000000000, 0.000000000000000, 1.00000000000000 ) );
#2232 = SURFACE_STYLE_FILL_AREA( #4751 );
#2233 = ORIENTED_EDGE( '', *, *, #4752, .F. );
#2234 = ORIENTED_EDGE( '', *, *, #4753, .F. );
#2235 = ORIENTED_EDGE( '', *, *, #4754, .F. );
#2236 = ORIENTED_EDGE( '', *, *, #4755, .F. );
#2237 = ORIENTED_EDGE( '', *, *, #4756, .T. );
#2238 = ORIENTED_EDGE( '', *, *, #4757, .F. );
#2239 = ORIENTED_EDGE( '', *, *, #4758, .F. );
#2240 = ORIENTED_EDGE( '', *, *, #4708, .F. );
#2241 = CARTESIAN_POINT( '', ( 2.06375000000000, -11.5433280311199, 7.37257477290143E-015 ) );
#2242 = DIRECTION( '', ( -1.00000000000000, 0.000000000000000, 0.000000000000000 ) );
#2243 = DIRECTION( '', ( 0.000000000000000, 0.000000000000000, 1.00000000000000 ) );
#2244 = SURFACE_STYLE_FILL_AREA( #4759 );
#2245 = ORIENTED_EDGE( '', *, *, #4760, .F. );
#2246 = ORIENTED_EDGE( '', *, *, #4761, .F. );
#2247 = ORIENTED_EDGE( '', *, *, #4762, .T. );
#2248 = ORIENTED_EDGE( '', *, *, #4763, .T. );
#2249 = CARTESIAN_POINT( '', ( -4.61645000000000, -1.60020000000000, 4.29260000000000 ) );
#2250 = DIRECTION( '', ( 0.000000000000000, 0.000000000000000, -1.00000000000000 ) );
#2251 = DIRECTION( '', ( -1.00000000000000, 0.000000000000000, 0.000000000000000 ) );
#2252 = SURFACE_STYLE_FILL_AREA( #4764 );
#2253 = ORIENTED_EDGE( '', *, *, #4719, .F. );
#2254 = ORIENTED_EDGE( '', *, *, #4730, .F. );
#2255 = ORIENTED_EDGE( '', *, *, #4765, .F. );
#2256 = ORIENTED_EDGE( '', *, *, #4766, .F. );
#2257 = ORIENTED_EDGE( '', *, *, #4767, .F. );
#2258 = ORIENTED_EDGE( '', *, *, #4768, .F. );
#2259 = ORIENTED_EDGE( '', *, *, #4769, .F. );
#2260 = ORIENTED_EDGE( '', *, *, #4770, .F. );
#2261 = ORIENTED_EDGE( '', *, *, #4771, .F. );
#2262 = ORIENTED_EDGE( '', *, *, #4772, .F. );
#2263 = ORIENTED_EDGE( '', *, *, #4773, .T. );
#2264 = ORIENTED_EDGE( '', *, *, #4774, .T. );
#2265 = ORIENTED_EDGE( '', *, *, #4775, .F. );
#2266 = ORIENTED_EDGE( '', *, *, #4776, .F. );
#2267 = ORIENTED_EDGE( '', *, *, #4777, .F. );
#2268 = ORIENTED_EDGE( '', *, *, #4778, .F. );
#2269 = CARTESIAN_POINT( '', ( 4.60375000000000, -3.65324057254075, -0.698932891816191 ) );
#2270 = DIRECTION( '', ( 0.000000000000000, -0.980927717612486, 0.194372870585272 ) );
#2271 = DIRECTION( '', ( 0.000000000000000, -0.194372870585272, -0.980927717612486 ) );
#2272 = SURFACE_STYLE_FILL_AREA( #4779 );
#2273 = ORIENTED_EDGE( '', *, *, #4780, .F. );
#2274 = ORIENTED_EDGE( '', *, *, #4781, .F. );
#2275 = ORIENTED_EDGE( '', *, *, #4782, .T. );
#2276 = ORIENTED_EDGE( '', *, *, #4748, .T. );
#2277 = CARTESIAN_POINT( '', ( 3.41153872909557, 2.10757299049206, 3.55600000000000 ) );
#2278 = DIRECTION( '', ( -0.979277766318520, 0.202521743015928, 0.000000000000000 ) );
#2279 = DIRECTION( '', ( -0.202521743015928, -0.979277766318520, 0.000000000000000 ) );
#2280 = SURFACE_STYLE_FILL_AREA( #4783 );
#2281 = ORIENTED_EDGE( '', *, *, #4784, .F. );
#2282 = ORIENTED_EDGE( '', *, *, #4785, .F. );
#2283 = ORIENTED_EDGE( '', *, *, #4786, .F. );
#2284 = ORIENTED_EDGE( '', *, *, #4787, .T. );
#2285 = CARTESIAN_POINT( '', ( 4.60375000000000, -3.42603784274110, -0.859091790167467 ) );
#2286 = DIRECTION( '', ( 0.000000000000000, 0.980927717612486, -0.194372870585272 ) );
#2287 = DIRECTION( '', ( 0.000000000000000, 0.194372870585272, 0.980927717612486 ) );
#2288 = SURFACE_STYLE_FILL_AREA( #4788 );
#2289 = ORIENTED_EDGE( '', *, *, #4789, .F. );
#2290 = ORIENTED_EDGE( '', *, *, #4790, .F. );
#2291 = ORIENTED_EDGE( '', *, *, #4791, .T. );
#2292 = ORIENTED_EDGE( '', *, *, #4792, .T. );
#2293 = CARTESIAN_POINT( '', ( -4.40662540775555, -2.04073192157399, 3.55600000000000 ) );
#2294 = DIRECTION( '', ( 0.978321888486134, -0.207090034789038, 0.000000000000000 ) );
#2295 = DIRECTION( '', ( 0.207090034789038, 0.978321888486134, 0.000000000000000 ) );
#2296 = SURFACE_STYLE_FILL_AREA( #4793 );
#2297 = ORIENTED_EDGE( '', *, *, #4794, .F. );
#2298 = ORIENTED_EDGE( '', *, *, #4740, .F. );
#2299 = ORIENTED_EDGE( '', *, *, #4795, .T. );
#2300 = ORIENTED_EDGE( '', *, *, #4796, .T. );
#2301 = CARTESIAN_POINT( '', ( 2.21768733769251, -2.43519818362326, 3.55600000000000 ) );
#2302 = DIRECTION( '', ( -0.978811605894167, 0.204762887669814, 0.000000000000000 ) );
#2303 = DIRECTION( '', ( -0.204762887669814, -0.978811605894167, 0.000000000000000 ) );
#2304 = SURFACE_STYLE_FILL_AREA( #4797 );
#2305 = ORIENTED_EDGE( '', *, *, #4798, .F. );
#2306 = ORIENTED_EDGE( '', *, *, #4799, .F. );
#2307 = ORIENTED_EDGE( '', *, *, #4800, .F. );
#2308 = ORIENTED_EDGE( '', *, *, #4801, .F. );
#2309 = ORIENTED_EDGE( '', *, *, #4802, .T. );
#2310 = ORIENTED_EDGE( '', *, *, #4803, .F. );
#2311 = ORIENTED_EDGE( '', *, *, #4804, .F. );
#2312 = ORIENTED_EDGE( '', *, *, #4712, .F. );
#2313 = CARTESIAN_POINT( '', ( -0.476250000000000, -11.5433280311199, 7.37257477290143E-015 ) );
#2314 = DIRECTION( '', ( -1.00000000000000, 0.000000000000000, 0.000000000000000 ) );
#2315 = DIRECTION( '', ( 0.000000000000000, 0.000000000000000, 1.00000000000000 ) );
#2316 = SURFACE_STYLE_FILL_AREA( #4805 );
#2317 = ORIENTED_EDGE( '', *, *, #4806, .F. );
#2318 = ORIENTED_EDGE( '', *, *, #4807, .F. );
#2319 = ORIENTED_EDGE( '', *, *, #4808, .T. );
#2320 = ORIENTED_EDGE( '', *, *, #4809, .T. );
#2321 = CARTESIAN_POINT( '', ( -1.34507094715034, 2.72109063327124, 3.55600000000000 ) );
#2322 = CARTESIAN_POINT( '', ( -1.39357949571345, 2.75019576240912, 3.55600000000000 ) );
#2323 = CARTESIAN_POINT( '', ( -1.43007640367999, 2.78484472566848, 3.55600000000000 ) );
#2324 = CARTESIAN_POINT( '', ( -1.47812296606631, 2.86615429278379, 3.55600000000000 ) );
#2325 = CARTESIAN_POINT( '', ( -1.49013460666289, 2.91281489663975, 3.55600000000000 ) );
#2326 = CARTESIAN_POINT( '', ( -1.49013460666289, 3.07681998940075, 3.55600000000000 ) );
#2327 = CARTESIAN_POINT( '', ( -1.44809386457486, 3.17337510035019, 3.55600000000000 ) );
#2328 = CARTESIAN_POINT( '', ( -1.36493635275238, 3.25514665364229, 3.55600000000000 ) );
#2329 = CARTESIAN_POINT( '', ( -1.28177492634571, 3.33692205627551, 3.55600000000000 ) );
#2330 = CARTESIAN_POINT( '', ( -1.18152784056613, 3.37757299049206, 3.55600000000000 ) );
#2331 = CARTESIAN_POINT( '', ( -0.952844683054305, 3.37757299049206, 3.55600000000000 ) );
#2332 = CARTESIAN_POINT( '', ( -0.861833406226368, 3.34615793047023, 3.55600000000000 ) );
#2333 = CARTESIAN_POINT( '', ( -0.792535479707634, 3.28286582424979, 3.55600000000000 ) );
#2334 = CARTESIAN_POINT( '', ( -0.723467600341315, 3.21978382776188, 3.55600000000000 ) );
#2335 = CARTESIAN_POINT( '', ( -0.684892700515199, 3.13549223385328, 3.55600000000000 ) );
#2336 = CARTESIAN_POINT( '', ( -0.676576949332952, 3.03015938554480, 3.55600000000000 ) );
#2337 = DIRECTION( '', ( 0.000000000000000, 0.000000000000000, -1.00000000000000 ) );
#2338 = SURFACE_STYLE_FILL_AREA( #4810 );
#2339 = ORIENTED_EDGE( '', *, *, #4811, .F. );
#2340 = ORIENTED_EDGE( '', *, *, #4812, .F. );
#2341 = ORIENTED_EDGE( '', *, *, #4813, .T. );
#2342 = ORIENTED_EDGE( '', *, *, #4814, .T. );
#2343 = CARTESIAN_POINT( '', ( -2.27152008822681, -2.39121746245225, 3.55600000000000 ) );
#2344 = DIRECTION( '', ( 0.000000000000000, 1.00000000000000, 0.000000000000000 ) );
#2345 = DIRECTION( '', ( 0.000000000000000, 0.000000000000000, 1.00000000000000 ) );
#2346 = SURFACE_STYLE_FILL_AREA( #4815 );
#2347 = ORIENTED_EDGE( '', *, *, #4816, .F. );
#2348 = ORIENTED_EDGE( '', *, *, #4817, .F. );
#2349 = ORIENTED_EDGE( '', *, *, #4818, .T. );
#2350 = ORIENTED_EDGE( '', *, *, #4819, .T. );
#2351 = CARTESIAN_POINT( '', ( -3.10523828072618, 2.88879161544659, 3.55600000000000 ) );
#2352 = DIRECTION( '', ( 0.742280279489204, -0.670089536316924, 0.000000000000000 ) );
#2353 = DIRECTION( '', ( 0.670089536316924, 0.742280279489204, 0.000000000000000 ) );
#2354 = SURFACE_STYLE_FILL_AREA( #4820 );
#2355 = ORIENTED_EDGE( '', *, *, #4821, .F. );
#2356 = ORIENTED_EDGE( '', *, *, #4822, .F. );
#2357 = ORIENTED_EDGE( '', *, *, #4823, .T. );
#2358 = ORIENTED_EDGE( '', *, *, #4824, .T. );
#2359 = CARTESIAN_POINT( '', ( 3.71257844801025, -2.44880046852152, 3.55600000000000 ) );
#2360 = CARTESIAN_POINT( '', ( 3.76381372112700, -2.30733670557971, 3.55600000000000 ) );
#2361 = CARTESIAN_POINT( '', ( 3.83817287857077, -2.20078547387674, 3.55600000000000 ) );
#2362 = CARTESIAN_POINT( '', ( 3.93565592034156, -2.12823995441941, 3.55600000000000 ) );
#2363 = CARTESIAN_POINT( '', ( 4.03321360976007, -2.05563888322424, 3.55600000000000 ) );
#2364 = CARTESIAN_POINT( '', ( 4.14331746978819, -2.01987508473001, 3.55600000000000 ) );
#2365 = CARTESIAN_POINT( '', ( 4.41309612027016, -2.01987508473001, 3.55600000000000 ) );
#2366 = CARTESIAN_POINT( '', ( 4.53052917989172, -2.06521603439085, 3.55600000000000 ) );
#2367 = CARTESIAN_POINT( '', ( 4.61758380324053, -2.15544452421591, 3.55600000000000 ) );
#2368 = CARTESIAN_POINT( '', ( 4.70464639601800, -2.24568127402173, 3.55600000000000 ) );
#2369 = CARTESIAN_POINT( '', ( 4.74771232876712, -2.37580153956757, 3.55600000000000 ) );
#2370 = CARTESIAN_POINT( '', ( 4.74771232876712, -2.76392006866432, 3.55600000000000 ) );
#2371 = CARTESIAN_POINT( '', ( 4.68151454226230, -2.94573727680427, 3.55600000000000 ) );
#2372 = CARTESIAN_POINT( '', ( 4.54957237874927, -3.08992149672573, 3.55600000000000 ) );
#2373 = CARTESIAN_POINT( '', ( 4.43237211838487, -3.21799600805178, 3.55600000000000 ) );
#2374 = CARTESIAN_POINT( '', ( 4.28614146121982, -3.28216712328767, 3.55600000000000 ) );
#2375 = CARTESIAN_POINT( '', ( 3.98235709849222, -3.28216712328767, 3.55600000000000 ) );
#2376 = CARTESIAN_POINT( '', ( 3.87761950477569, -3.24725459204883, 3.55600000000000 ) );
#2377 = CARTESIAN_POINT( '', ( 3.79781943337263, -3.17788293906775, 3.55600000000000 ) );
#2378 = CARTESIAN_POINT( '', ( 3.71776111405989, -3.10828678648338, 3.55600000000000 ) );
#2379 = CARTESIAN_POINT( '', ( 3.67131818381889, -3.01510892978535, 3.55600000000000 ) );
#2380 = CARTESIAN_POINT( '', ( 3.65816930841725, -2.89812927966039, 3.55600000000000 ) );
#2381 = DIRECTION( '', ( 0.000000000000000, 0.000000000000000, -1.00000000000000 ) );
#2382 = SURFACE_STYLE_FILL_AREA( #4825 );
#2383 = ORIENTED_EDGE( '', *, *, #4826, .F. );
#2384 = ORIENTED_EDGE( '', *, *, #4827, .F. );
#2385 = ORIENTED_EDGE( '', *, *, #4828, .F. );
#2386 = ORIENTED_EDGE( '', *, *, #4829, .T. );
#2387 = CARTESIAN_POINT( '', ( 4.60375000000000, -3.65121416419274, -1.04402708173490 ) );
#2388 = DIRECTION( '', ( 0.000000000000000, 0.000000000000000, -1.00000000000000 ) );
#2389 = DIRECTION( '', ( -1.00000000000000, 0.000000000000000, 0.000000000000000 ) );
#2390 = SURFACE_STYLE_FILL_AREA( #4830 );
#2391 = ORIENTED_EDGE( '', *, *, #4831, .F. );
#2392 = ORIENTED_EDGE( '', *, *, #4824, .F. );
#2393 = ORIENTED_EDGE( '', *, *, #4832, .T. );
#2394 = ORIENTED_EDGE( '', *, *, #4833, .T. );
#2395 = CARTESIAN_POINT( '', ( 3.65816930841725, -2.89812927966039, 3.55600000000000 ) );
#2396 = DIRECTION( '', ( -0.0948090926279948, 0.995495472593952, 0.000000000000000 ) );
#2397 = DIRECTION( '', ( -0.995495472593952, -0.0948090926279948, 0.000000000000000 ) );
#2398 = SURFACE_STYLE_FILL_AREA( #4834 );
#2399 = ORIENTED_EDGE( '', *, *, #4835, .F. );
#2400 = ORIENTED_EDGE( '', *, *, #4836, .F. );
#2401 = ORIENTED_EDGE( '', *, *, #4837, .T. );
#2402 = ORIENTED_EDGE( '', *, *, #4838, .T. );
#2403 = CARTESIAN_POINT( '', ( -0.826722456790210, 3.01214192464993, 3.55600000000000 ) );
#2404 = CARTESIAN_POINT( '', ( -0.837810125033206, 3.09945731206354, 3.55600000000000 ) );
#2405 = CARTESIAN_POINT( '', ( -0.863219364756742, 3.16136345975361, 3.55600000000000 ) );
#2406 = CARTESIAN_POINT( '', ( -0.901564217430442, 3.19924632625051, 3.55600000000000 ) );
#2407 = CARTESIAN_POINT( '', ( -0.939911886886090, 3.23713197559223, 3.55600000000000 ) );
#2408 = CARTESIAN_POINT( '', ( -0.991189535728005, 3.25514665364229, 3.55600000000000 ) );
#2409 = CARTESIAN_POINT( '', ( -1.12978538876547, 3.25514665364229, 3.55600000000000 ) );
#2410 = CARTESIAN_POINT( '', ( -1.19538742586987, 3.22835145538838, 3.55600000000000 ) );
#2411 = CARTESIAN_POINT( '', ( -1.25082576708486, 3.17383708652698, 3.55600000000000 ) );
#2412 = CARTESIAN_POINT( '', ( -1.30579827278194, 3.11978078925818, 3.55600000000000 ) );
#2413 = CARTESIAN_POINT( '', ( -1.33352129273055, 3.05741656997550, 3.55600000000000 ) );
#2414 = CARTESIAN_POINT( '', ( -1.33352129273055, 2.92621249576670, 3.55600000000000 ) );
#2415 = CARTESIAN_POINT( '', ( -1.31273191477493, 2.87585600249642, 3.55600000000000 ) );
#2416 = CARTESIAN_POINT( '', ( -1.27161514504048, 2.83612519129235, 3.55600000000000 ) );
#2417 = CARTESIAN_POINT( '', ( -1.23026751794512, 2.79617130443615, 3.55600000000000 ) );
#2418 = CARTESIAN_POINT( '', ( -1.17506003409105, 2.77606698830944, 3.55600000000000 ) );
#2419 = CARTESIAN_POINT( '', ( -1.09744635639006, 2.77606698830944, 3.55600000000000 ) );
#2420 = CARTESIAN_POINT( '', ( -1.08127684020236, 2.77745294683981, 3.55600000000000 ) );
#2421 = CARTESIAN_POINT( '', ( -1.05632958665561, 2.77930089154699, 3.55600000000000 ) );
#2422 = DIRECTION( '', ( 0.000000000000000, 0.000000000000000, -1.00000000000000 ) );
#2423 = SURFACE_STYLE_FILL_AREA( #4839 );
#2424 = ORIENTED_EDGE( '', *, *, #4744, .F. );
#2425 = ORIENTED_EDGE( '', *, *, #4840, .T. );
#2426 = ORIENTED_EDGE( '', *, *, #4841, .T. );
#2427 = ORIENTED_EDGE( '', *, *, #4842, .T. );
#2428 = CARTESIAN_POINT( '', ( 4.60375000000000, 3.64246163729411, -1.04140000000000 ) );
#2429 = DIRECTION( '', ( 0.000000000000000, 0.000000000000000, 1.00000000000000 ) );
#2430 = DIRECTION( '', ( 1.00000000000000, 0.000000000000000, 0.000000000000000 ) );
#2431 = SURFACE_STYLE_FILL_AREA( #4843 );
#2432 = ORIENTED_EDGE( '', *, *, #4844, .T. );
#2433 = ORIENTED_EDGE( '', *, *, #4845, .T. );
#2434 = ORIENTED_EDGE( '', *, *, #4697, .F. );
#2435 = ORIENTED_EDGE( '', *, *, #4804, .T. );
#2436 = CARTESIAN_POINT( '', ( 4.60375000000000, 3.75540389311319, -0.674327603859505 ) );
#2437 = DIRECTION( '', ( 1.00000000000000, -0.000000000000000, -0.000000000000000 ) );
#2438 = DIRECTION( '', ( 0.000000000000000, 0.000000000000000, 1.00000000000000 ) );
#2439 = SURFACE_STYLE_FILL_AREA( #4846 );
#2440 = ORIENTED_EDGE( '', *, *, #4847, .T. );
#2441 = ORIENTED_EDGE( '', *, *, #4848, .F. );
#2442 = ORIENTED_EDGE( '', *, *, #4849, .F. );
#2443 = ORIENTED_EDGE( '', *, *, #4850, .T. );
#2444 = CARTESIAN_POINT( '', ( -3.01625000000000, 0.176700493150686, 2.23520000000000 ) );
#2445 = DIRECTION( '', ( 1.00000000000000, 0.000000000000000, 0.000000000000000 ) );
#2446 = DIRECTION( '', ( 0.000000000000000, 0.000000000000000, -1.00000000000000 ) );
#2447 = SURFACE_STYLE_FILL_AREA( #4851 );
#2448 = ORIENTED_EDGE( '', *, *, #4852, .F. );
#2449 = ORIENTED_EDGE( '', *, *, #4853, .F. );
#2450 = ORIENTED_EDGE( '', *, *, #4854, .T. );
#2451 = ORIENTED_EDGE( '', *, *, #4855, .F. );
#2452 = ORIENTED_EDGE( '', *, *, #4856, .F. );
#2453 = ORIENTED_EDGE( '', *, *, #4857, .F. );
#2454 = ORIENTED_EDGE( '', *, *, #4858, .T. );
#2455 = ORIENTED_EDGE( '', *, *, #4710, .F. );
#2456 = CARTESIAN_POINT( '', ( 0.463550000000000, -11.5433280311199, 7.37257477290143E-015 ) );
#2457 = DIRECTION( '', ( 1.00000000000000, 0.000000000000000, 0.000000000000000 ) );
#2458 = DIRECTION( '', ( 0.000000000000000, 0.000000000000000, -1.00000000000000 ) );
#2459 = SURFACE_STYLE_FILL_AREA( #4859 );
#2460 = ORIENTED_EDGE( '', *, *, #4860, .T. );
#2461 = ORIENTED_EDGE( '', *, *, #4861, .F. );
#2462 = ORIENTED_EDGE( '', *, *, #4862, .F. );
#2463 = ORIENTED_EDGE( '', *, *, #4863, .T. );
#2464 = CARTESIAN_POINT( '', ( -6.15950000000000, 3.50520000000000, 3.50520000000000 ) );
#2465 = DIRECTION( '', ( 1.00000000000000, 0.000000000000000, 0.000000000000000 ) );
#2466 = DIRECTION( '', ( 0.000000000000000, 0.000000000000000, -1.00000000000000 ) );
#2467 = SURFACE_STYLE_FILL_AREA( #4864 );
#2468 = ORIENTED_EDGE( '', *, *, #4865, .F. );
#2469 = ORIENTED_EDGE( '', *, *, #4866, .F. );
#2470 = ORIENTED_EDGE( '', *, *, #4867, .T. );
#2471 = ORIENTED_EDGE( '', *, *, #4868, .T. );
#2472 = CARTESIAN_POINT( '', ( 2.97896188249794, -3.16201360668646, 3.55600000000000 ) );
#2473 = CARTESIAN_POINT( '', ( 3.01750168970965, -3.16201360668646, 3.55600000000000 ) );
#2474 = CARTESIAN_POINT( '', ( 3.05150740195527, -3.14614427430516, 3.55600000000000 ) );
#2475 = CARTESIAN_POINT( '', ( 3.08143242873142, -3.11485901903919, 3.55600000000000 ) );
#2476 = CARTESIAN_POINT( '', ( 3.11114082155263, -3.08380024472611, 3.55600000000000 ) );
#2477 = CARTESIAN_POINT( '', ( 3.12586655939904, -3.04594077555472, 3.55600000000000 ) );
#2478 = CARTESIAN_POINT( '', ( 3.12586655939904, -2.95027137177035, 3.55600000000000 ) );
#2479 = CARTESIAN_POINT( '', ( 3.10863699852793, -2.89087472771466, 3.55600000000000 ) );
#2480 = CARTESIAN_POINT( '', ( 3.07463128628230, -2.82558376020306, 3.55600000000000 ) );
#2481 = DIRECTION( '', ( 0.000000000000000, 0.000000000000000, -1.00000000000000 ) );
#2482 = SURFACE_STYLE_FILL_AREA( #4869 );
#2483 = ORIENTED_EDGE( '', *, *, #4870, .F. );
#2484 = ORIENTED_EDGE( '', *, *, #4871, .F. );
#2485 = ORIENTED_EDGE( '', *, *, #4872, .T. );
#2486 = ORIENTED_EDGE( '', *, *, #4873, .T. );
#2487 = CARTESIAN_POINT( '', ( 0.956544185625215, 3.21587782861501, 3.55600000000000 ) );
#2488 = DIRECTION( '', ( -0.978549784986749, 0.206010481049843, 0.000000000000000 ) );
#2489 = DIRECTION( '', ( -0.206010481049843, -0.978549784986749, 0.000000000000000 ) );
#2490 = SURFACE_STYLE_FILL_AREA( #4874 );
#2491 = ORIENTED_EDGE( '', *, *, #4875, .F. );
#2492 = ORIENTED_EDGE( '', *, *, #4876, .F. );
#2493 = ORIENTED_EDGE( '', *, *, #4877, .F. );
#2494 = ORIENTED_EDGE( '', *, *, #4878, .F. );
#2495 = ORIENTED_EDGE( '', *, *, #4879, .F. );
#2496 = ORIENTED_EDGE( '', *, *, #4880, .F. );
#2497 = ORIENTED_EDGE( '', *, *, #4881, .F. );
#2498 = ORIENTED_EDGE( '', *, *, #4882, .F. );
#2499 = ORIENTED_EDGE( '', *, *, #4883, .F. );
#2500 = ORIENTED_EDGE( '', *, *, #4884, .F. );
#2501 = ORIENTED_EDGE( '', *, *, #4818, .F. );
#2502 = ORIENTED_EDGE( '', *, *, #4885, .F. );
#2503 = ORIENTED_EDGE( '', *, *, #4886, .F. );
#2504 = ORIENTED_EDGE( '', *, *, #4887, .F. );
#2505 = CARTESIAN_POINT( '', ( -3.58916880091535, 3.35632162635964, 3.55600000000000 ) );
#2506 = DIRECTION( '', ( 0.000000000000000, 0.000000000000000, 1.00000000000000 ) );
#2507 = DIRECTION( '', ( 1.00000000000000, 0.000000000000000, 0.000000000000000 ) );
#2508 = SURFACE_STYLE_FILL_AREA( #4888 );
#2509 = ORIENTED_EDGE( '', *, *, #4889, .T. );
#2510 = ORIENTED_EDGE( '', *, *, #4890, .T. );
#2511 = ORIENTED_EDGE( '', *, *, #4891, .F. );
#2512 = ORIENTED_EDGE( '', *, *, #4800, .T. );
#2513 = CARTESIAN_POINT( '', ( 4.60375000000000, 3.64246163729411, -0.811845551279055 ) );
#2514 = DIRECTION( '', ( 1.00000000000000, -0.000000000000000, -0.000000000000000 ) );
#2515 = DIRECTION( '', ( 0.000000000000000, 0.000000000000000, 1.00000000000000 ) );
#2516 = SURFACE_STYLE_FILL_AREA( #4892 );
#2517 = ORIENTED_EDGE( '', *, *, #4893, .F. );
#2518 = ORIENTED_EDGE( '', *, *, #4894, .F. );
#2519 = ORIENTED_EDGE( '', *, *, #4876, .T. );
#2520 = ORIENTED_EDGE( '', *, *, #4895, .T. );
#2521 = CARTESIAN_POINT( '', ( -3.60834122725220, 2.90496113163429, 3.55600000000000 ) );
#2522 = DIRECTION( '', ( 0.978132302984581, -0.207983648054551, 0.000000000000000 ) );
#2523 = DIRECTION( '', ( 0.207983648054551, 0.978132302984581, 0.000000000000000 ) );
#2524 = SURFACE_STYLE_FILL_AREA( #4896 );
#2525 = ORIENTED_EDGE( '', *, *, #4897, .F. );
#2526 = ORIENTED_EDGE( '', *, *, #4898, .F. );
#2527 = ORIENTED_EDGE( '', *, *, #4899, .F. );
#2528 = ORIENTED_EDGE( '', *, *, #4900, .F. );
#2529 = ORIENTED_EDGE( '', *, *, #4901, .F. );
#2530 = ORIENTED_EDGE( '', *, *, #4902, .F. );
#2531 = ORIENTED_EDGE( '', *, *, #4903, .F. );
#2532 = ORIENTED_EDGE( '', *, *, #4904, .F. );
#2533 = ORIENTED_EDGE( '', *, *, #4905, .F. );
#2534 = ORIENTED_EDGE( '', *, *, #4906, .F. );
#2535 = ORIENTED_EDGE( '', *, *, #4907, .F. );
#2536 = ORIENTED_EDGE( '', *, *, #4908, .F. );
#2537 = ORIENTED_EDGE( '', *, *, #4909, .F. );
#2538 = ORIENTED_EDGE( '', *, *, #4791, .F. );
#2539 = CARTESIAN_POINT( '', ( -4.48166467944423, -2.04073192157399, 3.55600000000000 ) );
#2540 = DIRECTION( '', ( 0.000000000000000, 0.000000000000000, 1.00000000000000 ) );
#2541 = DIRECTION( '', ( 1.00000000000000, 0.000000000000000, 0.000000000000000 ) );
#2542 = SURFACE_STYLE_FILL_AREA( #4910 );
#2543 = ORIENTED_EDGE( '', *, *, #4911, .T. );
#2544 = ORIENTED_EDGE( '', *, *, #4912, .F. );
#2545 = ORIENTED_EDGE( '', *, *, #4913, .F. );
#2546 = ORIENTED_EDGE( '', *, *, #4914, .T. );
#2547 = CARTESIAN_POINT( '', ( -0.476250000000000, 0.176700493150686, 2.23520000000000 ) );
#2548 = DIRECTION( '', ( 1.00000000000000, 0.000000000000000, 0.000000000000000 ) );
#2549 = DIRECTION( '', ( 0.000000000000000, 0.000000000000000, -1.00000000000000 ) );
#2550 = SURFACE_STYLE_FILL_AREA( #4915 );
#2551 = ORIENTED_EDGE( '', *, *, #4916, .T. );
#2552 = ORIENTED_EDGE( '', *, *, #4917, .T. );
#2553 = ORIENTED_EDGE( '', *, *, #4918, .F. );
#2554 = ORIENTED_EDGE( '', *, *, #4919, .F. );
#2555 = CARTESIAN_POINT( '', ( -3.01625000000000, 14.2314795564198, 3.50520000000000 ) );
#2556 = DIRECTION( '', ( 1.00000000000000, 0.000000000000000, 0.000000000000000 ) );
#2557 = DIRECTION( '', ( 0.000000000000000, 0.000000000000000, -1.00000000000000 ) );
#2558 = SURFACE_STYLE_FILL_AREA( #4920 );
#2559 = ORIENTED_EDGE( '', *, *, #4921, .F. );
#2560 = ORIENTED_EDGE( '', *, *, #4922, .F. );
#2561 = ORIENTED_EDGE( '', *, *, #4923, .T. );
#2562 = ORIENTED_EDGE( '', *, *, #4733, .T. );
#2563 = CARTESIAN_POINT( '', ( 0.647983660434386, -2.45016069701134, 3.55600000000000 ) );
#2564 = CARTESIAN_POINT( '', ( 0.648588206429864, -2.43595386611762, 3.55600000000000 ) );
#2565 = CARTESIAN_POINT( '', ( 0.649192752425342, -2.42174703522389, 3.55600000000000 ) );
#2566 = CARTESIAN_POINT( '', ( 0.649797298420819, -2.40754020433016, 3.55600000000000 ) );
#2567 = CARTESIAN_POINT( '', ( 0.651819508873382, -2.36001825869490, 3.55600000000000 ) );
#2568 = CARTESIAN_POINT( '', ( 0.638915470502218, -2.31685830500849, 3.55600000000000 ) );
#2569 = CARTESIAN_POINT( '', ( 0.617151814665017, -2.27741167880356, 3.55600000000000 ) );
#2570 = CARTESIAN_POINT( '', ( 0.595493968154280, -2.23815683200285, 3.55600000000000 ) );
#2571 = CARTESIAN_POINT( '', ( 0.560022218092365, -2.20804002582248, 3.55600000000000 ) );
#2572 = CARTESIAN_POINT( '', ( 0.510147173465447, -2.18627636998528, 3.55600000000000 ) );
#2573 = CARTESIAN_POINT( '', ( 0.460438332819511, -2.16458523952159, 3.55600000000000 ) );
#2574 = CARTESIAN_POINT( '', ( 0.400875484782831, -2.15408429572608, 3.55600000000000 ) );
#2575 = CARTESIAN_POINT( '', ( 0.332410650794971, -2.15453770522270, 3.55600000000000 ) );
#2576 = CARTESIAN_POINT( '', ( 0.234481497189407, -2.15518624266379, 3.55600000000000 ) );
#2577 = CARTESIAN_POINT( '', ( 0.160115042083797, -2.17584795156329, 3.55600000000000 ) );
#2578 = CARTESIAN_POINT( '', ( 0.108879768967053, -2.21846844424447, 3.55600000000000 ) );
#2579 = CARTESIAN_POINT( '', ( 0.0574215791332077, -2.26127437207086, 3.55600000000000 ) );
#2580 = CARTESIAN_POINT( '', ( 0.0322535640402402, -2.31051057205597, 3.55600000000000 ) );
#2581 = CARTESIAN_POINT( '', ( 0.0322535640402402, -2.40436633785390, 3.55600000000000 ) );
#2582 = CARTESIAN_POINT( '', ( 0.0458558489384907, -2.43927886909274, 3.55600000000000 ) );
#2583 = CARTESIAN_POINT( '', ( 0.0730604187349918, -2.47101753385532, 3.55600000000000 ) );
#2584 = CARTESIAN_POINT( '', ( 0.100232983155262, -2.50271885901231, 3.55600000000000 ) );
#2585 = CARTESIAN_POINT( '', ( 0.175984374465089, -2.54446987230588, 3.55600000000000 ) );
#2586 = CARTESIAN_POINT( '', ( 0.299765167039169, -2.59797219290567, 3.55600000000000 ) );
#2587 = CARTESIAN_POINT( '', ( 0.395401303126189, -2.63930942388834, 3.55600000000000 ) );
#2588 = CARTESIAN_POINT( '', ( 0.460725538335135, -2.67097112185961, 3.55600000000000 ) );
#2589 = CARTESIAN_POINT( '', ( 0.495638069573979, -2.69364159669002, 3.55600000000000 ) );
#2590 = CARTESIAN_POINT( '', ( 0.550589374823206, -2.72932426243628, 3.55600000000000 ) );
#2591 = CARTESIAN_POINT( '', ( 0.590854063861733, -2.76890757312702, 3.55600000000000 ) );
#2592 = CARTESIAN_POINT( '', ( 0.617151814665017, -2.81107465631159, 3.55600000000000 ) );
#2593 = CARTESIAN_POINT( '', ( 0.643526184237810, -2.85336459373003, 3.55600000000000 ) );
#2594 = CARTESIAN_POINT( '', ( 0.656145031373336, -2.90220996512987, 3.55600000000000 ) );
#2595 = CARTESIAN_POINT( '', ( 0.656145031373336, -3.01918961525482, 3.55600000000000 ) );
#2596 = CARTESIAN_POINT( '', ( 0.638915470502218, -3.07586580233087, 3.55600000000000 ) );
#2597 = CARTESIAN_POINT( '', ( 0.569997227017748, -3.17652271057792, 3.55600000000000 ) );
#2598 = CARTESIAN_POINT( '', ( 0.519668772894221, -3.21506251778963, 3.55600000000000 ) );
#2599 = CARTESIAN_POINT( '', ( 0.453470986389403, -3.24181367808953, 3.55600000000000 ) );
#2600 = CARTESIAN_POINT( '', ( 0.387662959808351, -3.26840733266680, 3.55600000000000 ) );
#2601 = CARTESIAN_POINT( '', ( 0.312914042440812, -3.28216712328767, 3.55600000000000 ) );
#2602 = CARTESIAN_POINT( '', ( 0.130643424804253, -3.28216712328767, 3.55600000000000 ) );
#2603 = CARTESIAN_POINT( '', ( 0.0467626679317079, -3.26539097191316, 3.55600000000000 ) );
#2604 = CARTESIAN_POINT( '', ( -0.0892601810507992, -3.19828636641512, 3.55600000000000 ) );
#2605 = CARTESIAN_POINT( '', ( -0.138681816181110, -3.15385223574750, 3.55600000000000 ) );
#2606 = CARTESIAN_POINT( '', ( -0.169513661950477, -3.09853627716129, 3.55600000000000 ) );
#2607 = CARTESIAN_POINT( '', ( -0.200538325291297, -3.04287438116747, 3.55600000000000 ) );
#2608 = CARTESIAN_POINT( '', ( -0.215761430604529, -2.98971799797528, 3.55600000000000 ) );
#2609 = CARTESIAN_POINT( '', ( -0.215761430604529, -2.93394862989246, 3.55600000000000 ) );
#2610 = CARTESIAN_POINT( '', ( -0.215308021107921, -2.92533384945690, 3.55600000000000 ) );
#2611 = CARTESIAN_POINT( '', ( -0.213947792618096, -2.91399861204168, 3.55600000000000 ) );
#2612 = DIRECTION( '', ( 0.000000000000000, 0.000000000000000, -1.00000000000000 ) );
#2613 = SURFACE_STYLE_FILL_AREA( #4924 );
#2614 = ORIENTED_EDGE( '', *, *, #4925, .F. );
#2615 = ORIENTED_EDGE( '', *, *, #4926, .F. );
#2616 = ORIENTED_EDGE( '', *, *, #4927, .T. );
#2617 = ORIENTED_EDGE( '', *, *, #4928, .T. );
#2618 = CARTESIAN_POINT( '', ( 4.60375000000000, -4.19975252689862, -1.04402708173490 ) );
#2619 = DIRECTION( '', ( 0.000000000000000, -1.00000000000000, 0.000000000000000 ) );
#2620 = DIRECTION( '', ( 0.000000000000000, 0.000000000000000, -1.00000000000000 ) );
#2621 = SURFACE_STYLE_FILL_AREA( #4929 );
#2622 = ORIENTED_EDGE( '', *, *, #4930, .F. );
#2623 = ORIENTED_EDGE( '', *, *, #4931, .F. );
#2624 = ORIENTED_EDGE( '', *, *, #4932, .T. );
#2625 = ORIENTED_EDGE( '', *, *, #4715, .T. );
#2626 = CARTESIAN_POINT( '', ( 1.84090404601096, -2.76346665916772, 3.55600000000000 ) );
#2627 = DIRECTION( '', ( -0.867270498023610, -0.497837205578169, 0.000000000000000 ) );
#2628 = DIRECTION( '', ( 0.497837205578169, -0.867270498023610, 0.000000000000000 ) );
#2629 = SURFACE_STYLE_FILL_AREA( #4933 );
#2630 = ORIENTED_EDGE( '', *, *, #4934, .F. );
#2631 = ORIENTED_EDGE( '', *, *, #4792, .F. );
#2632 = ORIENTED_EDGE( '', *, *, #4909, .T. );
#2633 = ORIENTED_EDGE( '', *, *, #4935, .T. );
#2634 = CARTESIAN_POINT( '', ( -4.47236978476376, -2.35131742675072, 3.55600000000000 ) );
#2635 = DIRECTION( '', ( 0.000000000000000, 1.00000000000000, 0.000000000000000 ) );
#2636 = DIRECTION( '', ( 0.000000000000000, 0.000000000000000, 1.00000000000000 ) );
#2637 = SURFACE_STYLE_FILL_AREA( #4936 );
#2638 = ORIENTED_EDGE( '', *, *, #4937, .T. );
#2639 = ORIENTED_EDGE( '', *, *, #4938, .T. );
#2640 = ORIENTED_EDGE( '', *, *, #4939, .T. );
#2641 = ORIENTED_EDGE( '', *, *, #4940, .F. );
#2642 = CARTESIAN_POINT( '', ( 0.459365690290414, 14.2486756550320, 3.50520000000000 ) );
#2643 = DIRECTION( '', ( -1.00000000000000, 0.000000000000000, 0.000000000000000 ) );
#2644 = DIRECTION( '', ( 0.000000000000000, 0.000000000000000, 1.00000000000000 ) );
#2645 = SURFACE_STYLE_FILL_AREA( #4941 );
#2646 = ORIENTED_EDGE( '', *, *, #4942, .F. );
#2647 = ORIENTED_EDGE( '', *, *, #4943, .F. );
#2648 = ORIENTED_EDGE( '', *, *, #4878, .T. );
#2649 = ORIENTED_EDGE( '', *, *, #4944, .T. );
#2650 = CARTESIAN_POINT( '', ( -3.66562751317435, 3.35632162635964, 3.55600000000000 ) );
#2651 = DIRECTION( '', ( 0.000000000000000, 1.00000000000000, 0.000000000000000 ) );
#2652 = DIRECTION( '', ( 0.000000000000000, 0.000000000000000, 1.00000000000000 ) );
#2653 = SURFACE_STYLE_FILL_AREA( #4945 );
#2654 = ORIENTED_EDGE( '', *, *, #4946, .F. );
#2655 = ORIENTED_EDGE( '', *, *, #4947, .F. );
#2656 = ORIENTED_EDGE( '', *, *, #4948, .F. );
#2657 = ORIENTED_EDGE( '', *, *, #4949, .F. );
#2658 = CARTESIAN_POINT( '', ( 4.60375000000000, -2.81889075070489E-016, 0.000000000000000 ) );
#2659 = DIRECTION( '', ( -1.00000000000000, 6.12303176911189E-017, 0.000000000000000 ) );
#2660 = DIRECTION( '', ( -6.12303176911189E-017, -1.00000000000000, 0.000000000000000 ) );
#2661 = SURFACE_STYLE_FILL_AREA( #4950 );
#2662 = ORIENTED_EDGE( '', *, *, #4951, .F. );
#2663 = ORIENTED_EDGE( '', *, *, #4952, .F. );
#2664 = ORIENTED_EDGE( '', *, *, #4898, .T. );
#2665 = ORIENTED_EDGE( '', *, *, #4953, .T. );
#2666 = CARTESIAN_POINT( '', ( -4.50048117355348, -2.48371299976036, 3.55600000000000 ) );
#2667 = DIRECTION( '', ( 0.978132302984581, -0.207983648054551, 0.000000000000000 ) );
#2668 = DIRECTION( '', ( 0.207983648054551, 0.978132302984581, 0.000000000000000 ) );
#2669 = SURFACE_STYLE_FILL_AREA( #4954 );
#2670 = ORIENTED_EDGE( '', *, *, #4955, .F. );
#2671 = ORIENTED_EDGE( '', *, *, #4734, .F. );
#2672 = ORIENTED_EDGE( '', *, *, #4923, .F. );
#2673 = ORIENTED_EDGE( '', *, *, #4956, .F. );
#2674 = CARTESIAN_POINT( '', ( -0.0867791914955744, -2.53728314906849, 3.55600000000000 ) );
#2675 = DIRECTION( '', ( 0.000000000000000, 0.000000000000000, -1.00000000000000 ) );
#2676 = DIRECTION( '', ( -1.00000000000000, 0.000000000000000, 0.000000000000000 ) );
#2677 = SURFACE_STYLE_FILL_AREA( #4957 );
#2678 = ORIENTED_EDGE( '', *, *, #4958, .F. );
#2679 = ORIENTED_EDGE( '', *, *, #4959, .F. );
#2680 = ORIENTED_EDGE( '', *, *, #4960, .F. );
#2681 = ORIENTED_EDGE( '', *, *, #4840, .F. );
#2682 = ORIENTED_EDGE( '', *, *, #4743, .T. );
#2683 = ORIENTED_EDGE( '', *, *, #4961, .F. );
#2684 = ORIENTED_EDGE( '', *, *, #4962, .F. );
#2685 = ORIENTED_EDGE( '', *, *, #4700, .F. );
#2686 = CARTESIAN_POINT( '', ( -3.01625000000000, -11.5433280311199, 7.37257477290143E-015 ) );
#2687 = DIRECTION( '', ( -1.00000000000000, 0.000000000000000, 0.000000000000000 ) );
#2688 = DIRECTION( '', ( 0.000000000000000, 0.000000000000000, 1.00000000000000 ) );
#2689 = SURFACE_STYLE_FILL_AREA( #4963 );
#2690 = ORIENTED_EDGE( '', *, *, #4964, .F. );
#2691 = ORIENTED_EDGE( '', *, *, #4965, .F. );
#2692 = ORIENTED_EDGE( '', *, *, #4905, .T. );
#2693 = ORIENTED_EDGE( '', *, *, #4966, .T. );
#2694 = CARTESIAN_POINT( '', ( -4.81560077369628, -3.25949664845725, 3.55600000000000 ) );
#2695 = DIRECTION( '', ( -0.978227090976370, 0.207537366466642, 0.000000000000000 ) );
#2696 = DIRECTION( '', ( -0.207537366466642, -0.978227090976370, 0.000000000000000 ) );
#2697 = SURFACE_STYLE_FILL_AREA( #4967 );
#2698 = ORIENTED_EDGE( '', *, *, #4968, .F. );
#2699 = ORIENTED_EDGE( '', *, *, #4969, .F. );
#2700 = ORIENTED_EDGE( '', *, *, #4970, .T. );
#2701 = ORIENTED_EDGE( '', *, *, #4871, .T. );
#2702 = CARTESIAN_POINT( '', ( 1.51277554248226, 3.21587782861501, 3.55600000000000 ) );
#2703 = DIRECTION( '', ( 0.000000000000000, -1.00000000000000, 0.000000000000000 ) );
#2704 = DIRECTION( '', ( 0.000000000000000, 0.000000000000000, -1.00000000000000 ) );
#2705 = SURFACE_STYLE_FILL_AREA( #4971 );
#2706 = ORIENTED_EDGE( '', *, *, #4972, .T. );
#2707 = ORIENTED_EDGE( '', *, *, #4973, .T. );
#2708 = ORIENTED_EDGE( '', *, *, #4889, .F. );
#2709 = ORIENTED_EDGE( '', *, *, #4799, .T. );
#2710 = CARTESIAN_POINT( '', ( 4.60375000000000, 3.41728531584248, -0.856464708432565 ) );
#2711 = DIRECTION( '', ( 0.000000000000000, 0.980927717612486, 0.194372870585272 ) );
#2712 = DIRECTION( '', ( 0.000000000000000, -0.194372870585272, 0.980927717612486 ) );
#2713 = SURFACE_STYLE_FILL_AREA( #4974 );
#2714 = ORIENTED_EDGE( '', *, *, #4975, .F. );
#2715 = ORIENTED_EDGE( '', *, *, #4976, .F. );
#2716 = ORIENTED_EDGE( '', *, *, #4977, .T. );
#2717 = ORIENTED_EDGE( '', *, *, #4978, .T. );
#2718 = CARTESIAN_POINT( '', ( 4.60375000000000, -3.65121416419274, -0.814472633013957 ) );
#2719 = DIRECTION( '', ( 1.00000000000000, -0.000000000000000, -0.000000000000000 ) );
#2720 = DIRECTION( '', ( 0.000000000000000, 0.000000000000000, 1.00000000000000 ) );
#2721 = SURFACE_STYLE_FILL_AREA( #4979 );
#2722 = ORIENTED_EDGE( '', *, *, #4769, .T. );
#2723 = ORIENTED_EDGE( '', *, *, #4980, .T. );
#2724 = ORIENTED_EDGE( '', *, *, #4981, .T. );
#2725 = ORIENTED_EDGE( '', *, *, #4982, .T. );
#2726 = ORIENTED_EDGE( '', *, *, #4828, .T. );
#2727 = ORIENTED_EDGE( '', *, *, #4983, .T. );
#2728 = ORIENTED_EDGE( '', *, *, #4786, .T. );
#2729 = ORIENTED_EDGE( '', *, *, #4984, .F. );
#2730 = CARTESIAN_POINT( '', ( 2.06375000000000, -11.5433280311199, 7.37257477290143E-015 ) );
#2731 = DIRECTION( '', ( -1.00000000000000, 0.000000000000000, 0.000000000000000 ) );
#2732 = DIRECTION( '', ( 0.000000000000000, 0.000000000000000, 1.00000000000000 ) );
#2733 = SURFACE_STYLE_FILL_AREA( #4985 );
#2734 = ORIENTED_EDGE( '', *, *, #4986, .T. );
#2735 = ORIENTED_EDGE( '', *, *, #4987, .T. );
#2736 = ORIENTED_EDGE( '', *, *, #4705, .F. );
#2737 = ORIENTED_EDGE( '', *, *, #4988, .F. );
#2738 = CARTESIAN_POINT( '', ( 4.60375000000000, 3.75540389311319, -0.674327603859505 ) );
#2739 = DIRECTION( '', ( 1.00000000000000, -0.000000000000000, -0.000000000000000 ) );
#2740 = DIRECTION( '', ( 0.000000000000000, 0.000000000000000, 1.00000000000000 ) );
#2741 = SURFACE_STYLE_FILL_AREA( #4989 );
#2742 = ORIENTED_EDGE( '', *, *, #4990, .T. );
#2743 = ORIENTED_EDGE( '', *, *, #4856, .T. );
#2744 = ORIENTED_EDGE( '', *, *, #4991, .F. );
#2745 = ORIENTED_EDGE( '', *, *, #4754, .T. );
#2746 = CARTESIAN_POINT( '', ( 4.60375000000000, 3.64246163729411, -0.811845551279055 ) );
#2747 = DIRECTION( '', ( 1.00000000000000, -0.000000000000000, -0.000000000000000 ) );
#2748 = DIRECTION( '', ( 0.000000000000000, 0.000000000000000, 1.00000000000000 ) );
#2749 = SURFACE_STYLE_FILL_AREA( #4992 );
#2750 = ORIENTED_EDGE( '', *, *, #4993, .F. );
#2751 = ORIENTED_EDGE( '', *, *, #4994, .F. );
#2752 = ORIENTED_EDGE( '', *, *, #4995, .T. );
#2753 = ORIENTED_EDGE( '', *, *, #4996, .T. );
#2754 = CARTESIAN_POINT( '', ( -1.40278749272520, -2.04073192157399, 3.55600000000000 ) );
#2755 = DIRECTION( '', ( 0.870641133762746, -0.491918708935044, 0.000000000000000 ) );
#2756 = DIRECTION( '', ( 0.491918708935044, 0.870641133762746, 0.000000000000000 ) );
#2757 = SURFACE_STYLE_FILL_AREA( #4997 );
#2758 = ORIENTED_EDGE( '', *, *, #4998, .F. );
#2759 = ORIENTED_EDGE( '', *, *, #4999, .F. );
#2760 = CARTESIAN_POINT( '', ( -3.88749798985382, -2.77329631349243, 3.55600000000000 ) );
#2761 = DIRECTION( '', ( 0.000000000000000, 0.000000000000000, 1.00000000000000 ) );
#2762 = DIRECTION( '', ( 1.00000000000000, 0.000000000000000, 0.000000000000000 ) );
#2763 = SURFACE_STYLE_FILL_AREA( #5000 );
#2764 = ORIENTED_EDGE( '', *, *, #5001, .F. );
#2765 = ORIENTED_EDGE( '', *, *, #4809, .F. );
#2766 = ORIENTED_EDGE( '', *, *, #5002, .T. );
#2767 = ORIENTED_EDGE( '', *, *, #4836, .T. );
#2768 = CARTESIAN_POINT( '', ( -0.676576949332952, 3.03015938554480, 3.55600000000000 ) );
#2769 = DIRECTION( '', ( 0.119145220618427, -0.992876838486923, 0.000000000000000 ) );
#2770 = DIRECTION( '', ( 0.992876838486922, 0.119145220618427, 0.000000000000000 ) );
#2771 = SURFACE_STYLE_FILL_AREA( #5003 );
#2772 = ORIENTED_EDGE( '', *, *, #5004, .T. );
#2773 = ORIENTED_EDGE( '', *, *, #5005, .F. );
#2774 = ORIENTED_EDGE( '', *, *, #5006, .F. );
#2775 = ORIENTED_EDGE( '', *, *, #4802, .F. );
#2776 = CARTESIAN_POINT( '', ( 4.60375000000000, 4.19100000000000, -1.04140000000000 ) );
#2777 = DIRECTION( '', ( 0.000000000000000, -1.00000000000000, 0.000000000000000 ) );
#2778 = DIRECTION( '', ( 0.000000000000000, 0.000000000000000, -1.00000000000000 ) );
#2779 = SURFACE_STYLE_FILL_AREA( #5007 );
#2780 = ORIENTED_EDGE( '', *, *, #5008, .F. );
#2781 = ORIENTED_EDGE( '', *, *, #5009, .F. );
#2782 = ORIENTED_EDGE( '', *, *, #5010, .T. );
#2783 = ORIENTED_EDGE( '', *, *, #5011, .T. );
#2784 = CARTESIAN_POINT( '', ( 1.50311397103774, -3.26131028644369, 3.55600000000000 ) );
#2785 = DIRECTION( '', ( 0.000000000000000, -1.00000000000000, 0.000000000000000 ) );
#2786 = DIRECTION( '', ( 0.000000000000000, 0.000000000000000, -1.00000000000000 ) );
#2787 = SURFACE_STYLE_FILL_AREA( #5012 );
#2788 = ORIENTED_EDGE( '', *, *, #5013, .T. );
#2789 = ORIENTED_EDGE( '', *, *, #5014, .F. );
#2790 = ORIENTED_EDGE( '', *, *, #4940, .T. );
#2791 = ORIENTED_EDGE( '', *, *, #5015, .T. );
#2792 = CARTESIAN_POINT( '', ( -4.61645000000000, -1.60020000000000, 3.50520000000000 ) );
#2793 = DIRECTION( '', ( 0.000000000000000, 1.00000000000000, 0.000000000000000 ) );
#2794 = DIRECTION( '', ( 0.000000000000000, 0.000000000000000, 1.00000000000000 ) );
#2795 = SURFACE_STYLE_FILL_AREA( #5016 );
#2796 = ORIENTED_EDGE( '', *, *, #5017, .F. );
#2797 = ORIENTED_EDGE( '', *, *, #5018, .F. );
#2798 = ORIENTED_EDGE( '', *, *, #4880, .T. );
#2799 = ORIENTED_EDGE( '', *, *, #5019, .T. );
#2800 = CARTESIAN_POINT( '', ( -3.91186614540425, 3.03986109525743, 3.55600000000000 ) );
#2801 = DIRECTION( '', ( 0.000000000000000, 1.00000000000000, 0.000000000000000 ) );
#2802 = DIRECTION( '', ( 0.000000000000000, 0.000000000000000, 1.00000000000000 ) );
#2803 = SURFACE_STYLE_FILL_AREA( #5020 );
#2804 = ORIENTED_EDGE( '', *, *, #4999, .T. );
#2805 = ORIENTED_EDGE( '', *, *, #5021, .T. );
#2806 = CARTESIAN_POINT( '', ( -2.72855686080803, -2.55217783374822, 3.55600000000000 ) );
#2807 = CARTESIAN_POINT( '', ( -2.72855686080803, -2.76936098262362, 3.55600000000000 ) );
#2808 = CARTESIAN_POINT( '', ( -2.79112737133998, -2.94528386730766, 3.55600000000000 ) );
#2809 = CARTESIAN_POINT( '', ( -3.04231623246101, -3.21460910829303, 3.55600000000000 ) );
#2810 = CARTESIAN_POINT( '', ( -3.19466182332142, -3.28216712328767, 3.55600000000000 ) );
#2811 = CARTESIAN_POINT( '', ( -3.52565075584552, -3.28216712328767, 3.55600000000000 ) );
#2812 = CARTESIAN_POINT( '', ( -3.64943154841959, -3.23229207866075, 3.55600000000000 ) );
#2813 = CARTESIAN_POINT( '', ( -3.74464754270735, -3.13344880840013, 3.55600000000000 ) );
#2814 = CARTESIAN_POINT( '', ( -3.84030831615291, -3.03414381501378, 3.55600000000000 ) );
#2815 = CARTESIAN_POINT( '', ( -3.88837835313219, -2.90130314613665, 3.55600000000000 ) );
#2816 = CARTESIAN_POINT( '', ( -3.88837835313219, -2.61610857277000, 3.55600000000000 ) );
#2817 = CARTESIAN_POINT( '', ( -3.86434764981195, -2.50593006509417, 3.55600000000000 ) );
#2818 = CARTESIAN_POINT( '', ( -3.81583283367486, -2.40481974735051, 3.55600000000000 ) );
#2819 = CARTESIAN_POINT( '', ( -3.77942015570947, -2.32893164280580, 3.55600000000000 ) );
#2820 = CARTESIAN_POINT( '', ( -3.73467253378197, -2.26290257491209, 3.55600000000000 ) );
#2821 = CARTESIAN_POINT( '', ( -3.67980998469235, -2.20758661632587, 3.55600000000000 ) );
#2822 = CARTESIAN_POINT( '', ( -3.62472259670555, -2.15204396066975, 3.55600000000000 ) );
#2823 = CARTESIAN_POINT( '', ( -3.56600420104366, -2.10965016505846, 3.55600000000000 ) );
#2824 = CARTESIAN_POINT( '', ( -3.42000634313577, -2.03982510258078, 3.55600000000000 ) );
#2825 = CARTESIAN_POINT( '', ( -3.33204490079374, -2.01987508473001, 3.55600000000000 ) );
#2826 = CARTESIAN_POINT( '', ( -3.14161291221824, -2.01987508473001, 3.55600000000000 ) );
#2827 = CARTESIAN_POINT( '', ( -3.05274465088301, -2.04345237855364, 3.55600000000000 ) );
#2828 = CARTESIAN_POINT( '', ( -2.97249116998333, -2.08970014720770, 3.55600000000000 ) );
#2829 = CARTESIAN_POINT( '', ( -2.89238191574043, -2.13586480219513, 3.55600000000000 ) );
#2830 = CARTESIAN_POINT( '', ( -2.83193422603474, -2.20169229286997, 3.55600000000000 ) );
#2831 = CARTESIAN_POINT( '', ( -2.74941369765201, -2.36854698762184, 3.55600000000000 ) );
#2832 = CARTESIAN_POINT( '', ( -2.72855686080803, -2.45741524895708, 3.55600000000000 ) );
#2833 = CARTESIAN_POINT( '', ( -2.72855686080803, -2.55217783374822, 3.55600000000000 ) );
#2834 = DIRECTION( '', ( 0.000000000000000, 0.000000000000000, -1.00000000000000 ) );
#2835 = SURFACE_STYLE_FILL_AREA( #5022 );
#2836 = ORIENTED_EDGE( '', *, *, #5023, .T. );
#2837 = ORIENTED_EDGE( '', *, *, #5024, .T. );
#2838 = ORIENTED_EDGE( '', *, *, #5025, .F. );
#2839 = ORIENTED_EDGE( '', *, *, #4762, .F. );
#2840 = CARTESIAN_POINT( '', ( -2.07645000000000, 14.2314795564198, 3.50520000000000 ) );
#2841 = DIRECTION( '', ( -1.00000000000000, 0.000000000000000, 0.000000000000000 ) );
#2842 = DIRECTION( '', ( 0.000000000000000, 0.000000000000000, 1.00000000000000 ) );
#2843 = SURFACE_STYLE_FILL_AREA( #5026 );
#2844 = ORIENTED_EDGE( '', *, *, #5027, .T. );
#2845 = ORIENTED_EDGE( '', *, *, #5028, .T. );
#2846 = ORIENTED_EDGE( '', *, *, #5029, .F. );
#2847 = ORIENTED_EDGE( '', *, *, #5030, .F. );
#2848 = CARTESIAN_POINT( '', ( 4.60375000000000, 3.41728531584248, -0.856464708432565 ) );
#2849 = DIRECTION( '', ( 0.000000000000000, 0.980927717612486, 0.194372870585272 ) );
#2850 = DIRECTION( '', ( 0.000000000000000, -0.194372870585272, 0.980927717612486 ) );
#2851 = SURFACE_STYLE_FILL_AREA( #5031 );
#2852 = ORIENTED_EDGE( '', *, *, #5032, .T. );
#2853 = ORIENTED_EDGE( '', *, *, #5033, .T. );
#2854 = ORIENTED_EDGE( '', *, *, #4893, .T. );
#2855 = CARTESIAN_POINT( '', ( 0.000000000000000, 0.000000000000000, 3.50520000000000 ) );
#2856 = DIRECTION( '', ( 0.000000000000000, 0.000000000000000, 1.00000000000000 ) );
#2857 = DIRECTION( '', ( 1.00000000000000, 0.000000000000000, 0.000000000000000 ) );
#2858 = SURFACE_STYLE_FILL_AREA( #5034 );
#2859 = ORIENTED_EDGE( '', *, *, #5035, .T. );
#2860 = ORIENTED_EDGE( '', *, *, #5036, .F. );
#2861 = ORIENTED_EDGE( '', *, *, #5037, .F. );
#2862 = ORIENTED_EDGE( '', *, *, #4912, .T. );
#2863 = CARTESIAN_POINT( '', ( -2.07645000000000, 0.176700493150686, 2.23520000000000 ) );
#2864 = DIRECTION( '', ( 0.000000000000000, 1.00000000000000, 0.000000000000000 ) );
#2865 = DIRECTION( '', ( 0.000000000000000, 0.000000000000000, 1.00000000000000 ) );
#2866 = SURFACE_STYLE_FILL_AREA( #5038 );
#2867 = ORIENTED_EDGE( '', *, *, #5039, .T. );
#2868 = ORIENTED_EDGE( '', *, *, #5013, .F. );
#2869 = ORIENTED_EDGE( '', *, *, #5040, .F. );
#2870 = ORIENTED_EDGE( '', *, *, #5041, .T. );
#2871 = CARTESIAN_POINT( '', ( 2.05956569029041, 14.2486756550320, 3.50520000000000 ) );
#2872 = DIRECTION( '', ( 1.00000000000000, 0.000000000000000, 0.000000000000000 ) );
#2873 = DIRECTION( '', ( 0.000000000000000, 0.000000000000000, -1.00000000000000 ) );
#2874 = SURFACE_STYLE_FILL_AREA( #5042 );
#2875 = ORIENTED_EDGE( '', *, *, #5043, .F. );
#2876 = ORIENTED_EDGE( '', *, *, #4703, .F. );
#2877 = ORIENTED_EDGE( '', *, *, #5044, .T. );
#2878 = ORIENTED_EDGE( '', *, *, #5045, .T. );
#2879 = ORIENTED_EDGE( '', *, *, #4863, .F. );
#2880 = ORIENTED_EDGE( '', *, *, #5046, .F. );
#2881 = ORIENTED_EDGE( '', *, *, #5047, .T. );
#2882 = ORIENTED_EDGE( '', *, *, #5048, .T. );
#2883 = CARTESIAN_POINT( '', ( 6.15950000000000, 3.50520000000000, 3.50520000000000 ) );
#2884 = DIRECTION( '', ( -7.04084534449552E-017, -1.00000000000000, 0.000000000000000 ) );
#2885 = DIRECTION( '', ( 1.00000000000000, -7.04084534449552E-017, 0.000000000000000 ) );
#2886 = SURFACE_STYLE_FILL_AREA( #5049 );
#2887 = ORIENTED_EDGE( '', *, *, #5050, .F. );
#2888 = ORIENTED_EDGE( '', *, *, #4928, .F. );
#2889 = ORIENTED_EDGE( '', *, *, #5051, .T. );
#2890 = ORIENTED_EDGE( '', *, *, #5052, .T. );
#2891 = CARTESIAN_POINT( '', ( 4.60375000000000, -3.76415642001181, -0.790027081734903 ) );
#2892 = DIRECTION( '', ( 0.000000000000000, 1.49340476924957E-015, 1.00000000000000 ) );
#2893 = DIRECTION( '', ( 0.000000000000000, -1.00000000000000, 1.49340476924957E-015 ) );
#2894 = SURFACE_STYLE_FILL_AREA( #5053 );
#2895 = ORIENTED_EDGE( '', *, *, #5054, .F. );
#2896 = ORIENTED_EDGE( '', *, *, #5055, .T. );
#2897 = ORIENTED_EDGE( '', *, *, #5056, .F. );
#2898 = ORIENTED_EDGE( '', *, *, #5057, .F. );
#2899 = CARTESIAN_POINT( '', ( 4.60375000000000, -3.76415642001181, -0.790027081734903 ) );
#2900 = DIRECTION( '', ( 0.000000000000000, 1.49340476924957E-015, 1.00000000000000 ) );
#2901 = DIRECTION( '', ( 0.000000000000000, -1.00000000000000, 1.49340476924957E-015 ) );
#2902 = SURFACE_STYLE_FILL_AREA( #5058 );
#2903 = ORIENTED_EDGE( '', *, *, #4918, .T. );
#2904 = ORIENTED_EDGE( '', *, *, #5059, .F. );
#2905 = ORIENTED_EDGE( '', *, *, #5060, .F. );
#2906 = ORIENTED_EDGE( '', *, *, #5061, .T. );
#2907 = CARTESIAN_POINT( '', ( -4.61645000000000, -1.60020000000000, 3.50520000000000 ) );
#2908 = DIRECTION( '', ( 0.000000000000000, 1.00000000000000, 0.000000000000000 ) );
#2909 = DIRECTION( '', ( 0.000000000000000, 0.000000000000000, 1.00000000000000 ) );
#2910 = SURFACE_STYLE_FILL_AREA( #5062 );
#2911 = ORIENTED_EDGE( '', *, *, #5063, .F. );
#2912 = ORIENTED_EDGE( '', *, *, #4776, .T. );
#2913 = ORIENTED_EDGE( '', *, *, #5064, .F. );
#2914 = ORIENTED_EDGE( '', *, *, #5055, .F. );
#2915 = CARTESIAN_POINT( '', ( 4.60375000000000, -3.76415642001181, -0.676954685594407 ) );
#2916 = DIRECTION( '', ( 1.00000000000000, -0.000000000000000, -0.000000000000000 ) );
#2917 = DIRECTION( '', ( 0.000000000000000, 0.000000000000000, 1.00000000000000 ) );
#2918 = SURFACE_STYLE_FILL_AREA( #5065 );
#2919 = ORIENTED_EDGE( '', *, *, #5066, .F. );
#2920 = ORIENTED_EDGE( '', *, *, #5067, .F. );
#2921 = ORIENTED_EDGE( '', *, *, #4883, .T. );
#2922 = ORIENTED_EDGE( '', *, *, #5068, .T. );
#2923 = CARTESIAN_POINT( '', ( -3.92942162012233, 2.11450278314393, 3.55600000000000 ) );
#2924 = DIRECTION( '', ( -0.978227090976370, 0.207537366466642, 0.000000000000000 ) );
#2925 = DIRECTION( '', ( -0.207537366466642, -0.978227090976370, 0.000000000000000 ) );
#2926 = SURFACE_STYLE_FILL_AREA( #5069 );
#2927 = ORIENTED_EDGE( '', *, *, #5070, .F. );
#2928 = ORIENTED_EDGE( '', *, *, #5071, .F. );
#2929 = ORIENTED_EDGE( '', *, *, #5072, .T. );
#2930 = ORIENTED_EDGE( '', *, *, #5073, .T. );
#2931 = CARTESIAN_POINT( '', ( 2.82616288214092, -2.16043202867860, 3.55600000000000 ) );
#2932 = CARTESIAN_POINT( '', ( 2.89553453512199, -2.10330243210595, 3.55600000000000 ) );
#2933 = CARTESIAN_POINT( '', ( 2.95493117917769, -2.06476262489424, 3.55600000000000 ) );
#2934 = CARTESIAN_POINT( '', ( 3.05377444943832, -2.02395577019949, 3.55600000000000 ) );
#2935 = CARTESIAN_POINT( '', ( 3.10863699852793, -2.01352735177750, 3.55600000000000 ) );
#2936 = CARTESIAN_POINT( '', ( 3.27957237874928, -2.01352735177750, 3.55600000000000 ) );
#2937 = CARTESIAN_POINT( '', ( 3.36889404958112, -2.04617283553329, 3.55600000000000 ) );
#2938 = CARTESIAN_POINT( '', ( 3.43690547407237, -2.11146380304490, 3.55600000000000 ) );
#2939 = CARTESIAN_POINT( '', ( 3.50468094441260, -2.17652825457152, 3.55600000000000 ) );
#2940 = CARTESIAN_POINT( '', ( 3.53846920131264, -2.25836847994601, 3.55600000000000 ) );
#2941 = CARTESIAN_POINT( '', ( 3.53846920131264, -2.42204930822163, 3.55600000000000 ) );
#2942 = CARTESIAN_POINT( '', ( 3.52577373540761, -2.47872549529766, 3.55600000000000 ) );
#2943 = CARTESIAN_POINT( '', ( 3.47499187178748, -2.57756876555829, 3.55600000000000 ) );
#2944 = CARTESIAN_POINT( '', ( 3.43735888356898, -2.62245630572252, 3.55600000000000 ) );
#2945 = CARTESIAN_POINT( '', ( 3.38748383894206, -2.66235634142405, 3.55600000000000 ) );
#2946 = CARTESIAN_POINT( '', ( 3.34938638245875, -2.69283430661070, 3.55600000000000 ) );
#2947 = CARTESIAN_POINT( '', ( 3.29272125415091, -2.72447344245940, 3.55600000000000 ) );
#2948 = CARTESIAN_POINT( '', ( 3.21836209670714, -2.75893256420163, 3.55600000000000 ) );
#2949 = DIRECTION( '', ( 0.000000000000000, 0.000000000000000, -1.00000000000000 ) );
#2950 = SURFACE_STYLE_FILL_AREA( #5074 );
#2951 = ORIENTED_EDGE( '', *, *, #5075, .F. );
#2952 = ORIENTED_EDGE( '', *, *, #5076, .F. );
#2953 = ORIENTED_EDGE( '', *, *, #5077, .T. );
#2954 = ORIENTED_EDGE( '', *, *, #5078, .T. );
#2955 = CARTESIAN_POINT( '', ( 2.80938673076641, -2.38849700547260, 3.55600000000000 ) );
#2956 = CARTESIAN_POINT( '', ( 2.76903328556826, -2.43791864060292, 3.55600000000000 ) );
#2957 = CARTESIAN_POINT( '', ( 2.73049347835655, -2.49550164667217, 3.55600000000000 ) );
#2958 = CARTESIAN_POINT( '', ( 2.69376730913128, -2.56215284267360, 3.55600000000000 ) );
#2959 = DIRECTION( '', ( 0.000000000000000, 0.000000000000000, -1.00000000000000 ) );
#2960 = SURFACE_STYLE_FILL_AREA( #5079 );
#2961 = ORIENTED_EDGE( '', *, *, #5080, .F. );
#2962 = ORIENTED_EDGE( '', *, *, #5081, .F. );
#2963 = ORIENTED_EDGE( '', *, *, #5082, .T. );
#2964 = ORIENTED_EDGE( '', *, *, #5083, .T. );
#2965 = CARTESIAN_POINT( '', ( -2.25157007037604, -2.51771871200598, 3.55600000000000 ) );
#2966 = CARTESIAN_POINT( '', ( -2.23600301099248, -2.61973584874286, 3.55600000000000 ) );
#2967 = CARTESIAN_POINT( '', ( -2.22043595160893, -2.72175298547975, 3.55600000000000 ) );
#2968 = CARTESIAN_POINT( '', ( -2.20486889222538, -2.82377012221662, 3.55600000000000 ) );
#2969 = CARTESIAN_POINT( '', ( -2.18631539242885, -2.94535859175698, 3.55600000000000 ) );
#2970 = CARTESIAN_POINT( '', ( -2.17403704645601, -3.04730100404455, 3.55600000000000 ) );
#2971 = CARTESIAN_POINT( '', ( -2.16950295148993, -3.12846130393744, 3.55600000000000 ) );
#2972 = DIRECTION( '', ( 0.000000000000000, 0.000000000000000, -1.00000000000000 ) );
#2973 = SURFACE_STYLE_FILL_AREA( #5084 );
#2974 = ORIENTED_EDGE( '', *, *, #4998, .T. );
#2975 = ORIENTED_EDGE( '', *, *, #5085, .T. );
#2976 = CARTESIAN_POINT( '', ( -2.88861041311077, -2.54401646280927, 3.55600000000000 ) );
#2977 = CARTESIAN_POINT( '', ( -2.88861041311077, -2.47192435284854, 3.55600000000000 ) );
#2978 = CARTESIAN_POINT( '', ( -2.90357292649885, -2.40617997584033, 3.55600000000000 ) );
#2979 = CARTESIAN_POINT( '', ( -2.93304454377840, -2.34587651279142, 3.55600000000000 ) );
#2980 = CARTESIAN_POINT( '', ( -2.96242470947562, -2.28576017374942, 3.55600000000000 ) );
#2981 = CARTESIAN_POINT( '', ( -3.00740370122216, -2.23887187159185, 3.55600000000000 ) );
#2982 = CARTESIAN_POINT( '', ( -3.06634693578125, -2.20531956884283, 3.55600000000000 ) );
#2983 = CARTESIAN_POINT( '', ( -3.12548510238170, -2.17165630477796, 3.55600000000000 ) );
#2984 = CARTESIAN_POINT( '', ( -3.18695386187908, -2.15408429572608, 3.55600000000000 ) );
#2985 = CARTESIAN_POINT( '', ( -3.25224482939068, -2.15453770522270, 3.55600000000000 ) );
#2986 = CARTESIAN_POINT( '', ( -3.31480917406073, -2.15497217983846, 3.55600000000000 ) );
#2987 = CARTESIAN_POINT( '', ( -3.37466539347494, -2.16904680911416, 3.55600000000000 ) );
#2988 = CARTESIAN_POINT( '', ( -3.43134158055098, -2.19897183589031, 3.55600000000000 ) );
#2989 = CARTESIAN_POINT( '', ( -3.48783055836087, -2.22879801617394, 3.55600000000000 ) );
#2990 = CARTESIAN_POINT( '', ( -3.53879963124716, -2.27015712685782, 3.55600000000000 ) );
#2991 = CARTESIAN_POINT( '', ( -3.62857471157561, -2.37625494906418, 3.55600000000000 ) );
#2992 = CARTESIAN_POINT( '', ( -3.66348724281445, -2.44154591657578, 3.55600000000000 ) );
#2993 = CARTESIAN_POINT( '', ( -3.71517592542780, -2.59661196441584, 3.55600000000000 ) );
#2994 = CARTESIAN_POINT( '', ( -3.72832480082945, -2.67323816934265, 3.55600000000000 ) );
#2995 = CARTESIAN_POINT( '', ( -3.72832480082945, -2.87001789087067, 3.55600000000000 ) );
#2996 = CARTESIAN_POINT( '', ( -3.69431908858382, -2.96704752314487, 3.55600000000000 ) );
#2997 = CARTESIAN_POINT( '', ( -3.62630766409257, -3.03913963310560, 3.55600000000000 ) );
#2998 = CARTESIAN_POINT( '', ( -3.55808272976113, -3.11145806349691, 3.55600000000000 ) );
#2999 = CARTESIAN_POINT( '', ( -3.47396207323216, -3.14750450279499, 3.55600000000000 ) );
#3000 = CARTESIAN_POINT( '', ( -3.24589709643816, -3.14750450279499, 3.55600000000000 ) );
#3001 = CARTESIAN_POINT( '', ( -3.13299813178268, -3.09309536320199, 3.55600000000000 ) );
#3002 = CARTESIAN_POINT( '', ( -3.03506168051528, -2.98382367451937, 3.55600000000000 ) );
#3003 = CARTESIAN_POINT( '', ( -2.93732720441876, -2.87477733776354, 3.55600000000000 ) );
#3004 = CARTESIAN_POINT( '', ( -2.88861041311077, -2.72764730893566, 3.55600000000000 ) );
#3005 = CARTESIAN_POINT( '', ( -2.88861041311077, -2.54401646280927, 3.55600000000000 ) );
#3006 = DIRECTION( '', ( 0.000000000000000, 0.000000000000000, -1.00000000000000 ) );
#3007 = SURFACE_STYLE_FILL_AREA( #5086 );
#3008 = ORIENTED_EDGE( '', *, *, #5087, .F. );
#3009 = ORIENTED_EDGE( '', *, *, #5088, .F. );
#3010 = ORIENTED_EDGE( '', *, *, #5089, .T. );
#3011 = ORIENTED_EDGE( '', *, *, #5090, .T. );
#3012 = CARTESIAN_POINT( '', ( 3.15624499567180, -2.64059268558685, 3.55600000000000 ) );
#3013 = CARTESIAN_POINT( '', ( 3.23151097210879, -2.60522674485140, 3.55600000000000 ) );
#3014 = CARTESIAN_POINT( '', ( 3.28546670220518, -2.57076762310916, 3.55600000000000 ) );
#3015 = CARTESIAN_POINT( '', ( 3.31765877646438, -2.53766872985676, 3.55600000000000 ) );
#3016 = CARTESIAN_POINT( '', ( 3.36282081082530, -2.49123452551384, 3.55600000000000 ) );
#3017 = CARTESIAN_POINT( '', ( 3.38476338196241, -2.43655841211309, 3.55600000000000 ) );
#3018 = CARTESIAN_POINT( '', ( 3.38476338196241, -2.31187080054580, 3.55600000000000 ) );
#3019 = CARTESIAN_POINT( '', ( 3.36345313562182, -2.25836847994601, 3.55600000000000 ) );
#3020 = CARTESIAN_POINT( '', ( 3.27730533126623, -2.17131385659720, 3.55600000000000 ) );
#3021 = CARTESIAN_POINT( '', ( 3.22516323915627, -2.14955020076000, 3.55600000000000 ) );
#3022 = CARTESIAN_POINT( '', ( 3.07916538124838, -2.14955020076000, 3.55600000000000 ) );
#3023 = CARTESIAN_POINT( '', ( 2.99664485286566, -2.19126387444797, 3.55600000000000 ) );
#3024 = CARTESIAN_POINT( '', ( 2.91457773397955, -2.27514463132051, 3.55600000000000 ) );
#3025 = DIRECTION( '', ( 0.000000000000000, 0.000000000000000, -1.00000000000000 ) );
#3026 = SURFACE_STYLE_FILL_AREA( #5091 );
#3027 = ORIENTED_EDGE( '', *, *, #5092, .F. );
#3028 = ORIENTED_EDGE( '', *, *, #4961, .T. );
#3029 = ORIENTED_EDGE( '', *, *, #4742, .T. );
#3030 = ORIENTED_EDGE( '', *, *, #5093, .T. );
#3031 = CARTESIAN_POINT( '', ( 4.60375000000000, 3.75540389311319, -0.787400000000000 ) );
#3032 = DIRECTION( '', ( 0.000000000000000, 1.49340476924957E-015, -1.00000000000000 ) );
#3033 = DIRECTION( '', ( 0.000000000000000, 1.00000000000000, 1.49340476924957E-015 ) );
#3034 = SURFACE_STYLE_FILL_AREA( #5094 );
#3035 = ORIENTED_EDGE( '', *, *, #4777, .T. );
#3036 = ORIENTED_EDGE( '', *, *, #5063, .T. );
#3037 = ORIENTED_EDGE( '', *, *, #5054, .T. );
#3038 = ORIENTED_EDGE( '', *, *, #5095, .T. );
#3039 = ORIENTED_EDGE( '', *, *, #5096, .T. );
#3040 = ORIENTED_EDGE( '', *, *, #5097, .T. );
#3041 = ORIENTED_EDGE( '', *, *, #5098, .T. );
#3042 = ORIENTED_EDGE( '', *, *, #5099, .F. );
#3043 = CARTESIAN_POINT( '', ( -3.01625000000000, -11.5433280311199, 7.37257477290143E-015 ) );
#3044 = DIRECTION( '', ( -1.00000000000000, 0.000000000000000, 0.000000000000000 ) );
#3045 = DIRECTION( '', ( 0.000000000000000, 0.000000000000000, 1.00000000000000 ) );
#3046 = SURFACE_STYLE_FILL_AREA( #5100 );
#3047 = ORIENTED_EDGE( '', *, *, #5101, .T. );
#3048 = ORIENTED_EDGE( '', *, *, #5102, .F. );
#3049 = ORIENTED_EDGE( '', *, *, #5103, .F. );
#3050 = ORIENTED_EDGE( '', *, *, #5104, .T. );
#3051 = CARTESIAN_POINT( '', ( 4.60375000000000, 0.176700493150686, 2.23520000000000 ) );
#3052 = DIRECTION( '', ( 1.00000000000000, 0.000000000000000, 0.000000000000000 ) );
#3053 = DIRECTION( '', ( 0.000000000000000, 0.000000000000000, -1.00000000000000 ) );
#3054 = SURFACE_STYLE_FILL_AREA( #5105 );
#3055 = ORIENTED_EDGE( '', *, *, #5106, .F. );
#3056 = ORIENTED_EDGE( '', *, *, #5019, .F. );
#3057 = ORIENTED_EDGE( '', *, *, #4879, .T. );
#3058 = ORIENTED_EDGE( '', *, *, #4943, .T. );
#3059 = CARTESIAN_POINT( '', ( -3.73307749498591, 3.03986109525743, 3.55600000000000 ) );
#3060 = DIRECTION( '', ( -0.978031664118081, 0.208456383885019, 0.000000000000000 ) );
#3061 = DIRECTION( '', ( -0.208456383885019, -0.978031664118081, 0.000000000000000 ) );
#3062 = SURFACE_STYLE_FILL_AREA( #5107 );
#3063 = ORIENTED_EDGE( '', *, *, #5108, .F. );
#3064 = ORIENTED_EDGE( '', *, *, #5109, .F. );
#3065 = ORIENTED_EDGE( '', *, *, #5110, .T. );
#3066 = ORIENTED_EDGE( '', *, *, #4994, .T. );
#3067 = CARTESIAN_POINT( '', ( -1.58233765338211, -2.04073192157399, 3.55600000000000 ) );
#3068 = DIRECTION( '', ( 0.000000000000000, 1.00000000000000, 0.000000000000000 ) );
#3069 = DIRECTION( '', ( 0.000000000000000, 0.000000000000000, 1.00000000000000 ) );
#3070 = SURFACE_STYLE_FILL_AREA( #5111 );
#3071 = ORIENTED_EDGE( '', *, *, #5039, .F. );
#3072 = ORIENTED_EDGE( '', *, *, #5112, .F. );
#3073 = ORIENTED_EDGE( '', *, *, #4937, .F. );
#3074 = ORIENTED_EDGE( '', *, *, #5014, .T. );
#3075 = CARTESIAN_POINT( '', ( -4.61645000000000, -1.60020000000000, 4.29260000000000 ) );
#3076 = DIRECTION( '', ( 0.000000000000000, 0.000000000000000, -1.00000000000000 ) );
#3077 = DIRECTION( '', ( -1.00000000000000, 0.000000000000000, 0.000000000000000 ) );
#3078 = SURFACE_STYLE_FILL_AREA( #5113 );
#3079 = ORIENTED_EDGE( '', *, *, #5114, .T. );
#3080 = ORIENTED_EDGE( '', *, *, #5115, .T. );
#3081 = ORIENTED_EDGE( '', *, *, #4849, .T. );
#3082 = ORIENTED_EDGE( '', *, *, #5116, .T. );
#3083 = CARTESIAN_POINT( '', ( 0.000000000000000, 0.000000000000000, 2.23520000000000 ) );
#3084 = DIRECTION( '', ( 0.000000000000000, 0.000000000000000, 1.00000000000000 ) );
#3085 = DIRECTION( '', ( 1.00000000000000, 0.000000000000000, 0.000000000000000 ) );
#3086 = SURFACE_STYLE_FILL_AREA( #5117 );
#3087 = ORIENTED_EDGE( '', *, *, #5118, .F. );
#3088 = ORIENTED_EDGE( '', *, *, #5119, .F. );
#3089 = ORIENTED_EDGE( '', *, *, #4906, .T. );
#3090 = ORIENTED_EDGE( '', *, *, #4965, .T. );
#3091 = CARTESIAN_POINT( '', ( -4.69272680011542, -3.25949664845725, 3.55600000000000 ) );
#3092 = DIRECTION( '', ( 0.000000000000000, -1.00000000000000, 0.000000000000000 ) );
#3093 = DIRECTION( '', ( 0.000000000000000, 0.000000000000000, -1.00000000000000 ) );
#3094 = SURFACE_STYLE_FILL_AREA( #5120 );
#3095 = ORIENTED_EDGE( '', *, *, #5121, .T. );
#3096 = ORIENTED_EDGE( '', *, *, #4854, .F. );
#3097 = ORIENTED_EDGE( '', *, *, #5122, .F. );
#3098 = ORIENTED_EDGE( '', *, *, #4756, .F. );
#3099 = CARTESIAN_POINT( '', ( 4.60375000000000, 4.19100000000000, -1.04140000000000 ) );
#3100 = DIRECTION( '', ( 0.000000000000000, -1.00000000000000, 0.000000000000000 ) );
#3101 = DIRECTION( '', ( 0.000000000000000, 0.000000000000000, -1.00000000000000 ) );
#3102 = SURFACE_STYLE_FILL_AREA( #5123 );
#3103 = ORIENTED_EDGE( '', *, *, #5124, .F. );
#3104 = ORIENTED_EDGE( '', *, *, #5125, .F. );
#3105 = ORIENTED_EDGE( '', *, *, #4956, .T. );
#3106 = ORIENTED_EDGE( '', *, *, #4922, .T. );
#3107 = CARTESIAN_POINT( '', ( 0.808037212737135, -2.43610500261648, 3.55600000000000 ) );
#3108 = DIRECTION( '', ( 0.0874820087534512, -0.996166099676385, 0.000000000000000 ) );
#3109 = DIRECTION( '', ( 0.996166099676385, 0.0874820087534512, 0.000000000000000 ) );
#3110 = SURFACE_STYLE_FILL_AREA( #5126 );
#3111 = ORIENTED_EDGE( '', *, *, #5127, .T. );
#3112 = ORIENTED_EDGE( '', *, *, #5128, .T. );
#3113 = CARTESIAN_POINT( '', ( 0.000000000000000, 0.000000000000000, 3.50520000000000 ) );
#3114 = DIRECTION( '', ( 0.000000000000000, 0.000000000000000, 1.00000000000000 ) );
#3115 = DIRECTION( '', ( 1.00000000000000, 0.000000000000000, 0.000000000000000 ) );
#3116 = SURFACE_STYLE_FILL_AREA( #5129 );
#3117 = ORIENTED_EDGE( '', *, *, #5130, .T. );
#3118 = ORIENTED_EDGE( '', *, *, #5131, .T. );
#3119 = ORIENTED_EDGE( '', *, *, #5132, .F. );
#3120 = ORIENTED_EDGE( '', *, *, #5133, .F. );
#3121 = CARTESIAN_POINT( '', ( 4.60375000000000, 3.64246163729411, -1.04140000000000 ) );
#3122 = DIRECTION( '', ( 0.000000000000000, 0.000000000000000, 1.00000000000000 ) );
#3123 = DIRECTION( '', ( 1.00000000000000, 0.000000000000000, 0.000000000000000 ) );
#3124 = SURFACE_STYLE_FILL_AREA( #5134 );
#3125 = ORIENTED_EDGE( '', *, *, #5135, .F. );
#3126 = ORIENTED_EDGE( '', *, *, #5136, .F. );
#3127 = ORIENTED_EDGE( '', *, *, #5137, .T. );
#3128 = ORIENTED_EDGE( '', *, *, #4807, .T. );
#3129 = CARTESIAN_POINT( '', ( -0.811938899132879, 2.42911536953898, 3.55600000000000 ) );
#3130 = CARTESIAN_POINT( '', ( -0.836886152679623, 2.32701642446804, 3.55600000000000 ) );
#3131 = CARTESIAN_POINT( '', ( -0.884932715065945, 2.24801678823669, 3.55600000000000 ) );
#3132 = CARTESIAN_POINT( '', ( -0.955616600115054, 2.19165447466812, 3.55600000000000 ) );
#3133 = CARTESIAN_POINT( '', ( -1.02607528907151, 2.13547172922571, 3.55600000000000 ) );
#3134 = CARTESIAN_POINT( '', ( -1.10991998316343, 2.10803497666885, 3.55600000000000 ) );
#3135 = CARTESIAN_POINT( '', ( -1.20647509411287, 2.10757299049206, 3.55600000000000 ) );
#3136 = CARTESIAN_POINT( '', ( -1.30856949145119, 2.10708450055264, 3.55600000000000 ) );
#3137 = CARTESIAN_POINT( '', ( -1.39080757865270, 2.13898805051388, 3.55600000000000 ) );
#3138 = CARTESIAN_POINT( '', ( -1.45409968487315, 2.20043221202716, 3.55600000000000 ) );
#3139 = CARTESIAN_POINT( '', ( -1.51762268280810, 2.26210052389101, 3.55600000000000 ) );
#3140 = CARTESIAN_POINT( '', ( -1.54880685111542, 2.33764210653425, 3.55600000000000 ) );
#3141 = CARTESIAN_POINT( '', ( -1.54880685111542, 2.49333144811301, 3.55600000000000 ) );
#3142 = CARTESIAN_POINT( '', ( -1.53171336257413, 2.55061773403516, 3.55600000000000 ) );
#3143 = CARTESIAN_POINT( '', ( -1.49798837166835, 2.59958826877507, 3.55600000000000 ) );
#3144 = CARTESIAN_POINT( '', ( -1.46441200281726, 2.64834299614787, 3.55600000000000 ) );
#3145 = CARTESIAN_POINT( '', ( -1.41344490131549, 2.68921358707263, 3.55600000000000 ) );
#3146 = CARTESIAN_POINT( '', ( -1.34507094715034, 2.72109063327124, 3.55600000000000 ) );
#3147 = DIRECTION( '', ( 0.000000000000000, 0.000000000000000, -1.00000000000000 ) );
#3148 = SURFACE_STYLE_FILL_AREA( #5138 );
#3149 = ORIENTED_EDGE( '', *, *, #5139, .F. );
#3150 = ORIENTED_EDGE( '', *, *, #4717, .F. );
#3151 = ORIENTED_EDGE( '', *, *, #5140, .T. );
#3152 = ORIENTED_EDGE( '', *, *, #4738, .T. );
#3153 = CARTESIAN_POINT( '', ( 1.60830497425088, -2.04073192157399, 3.55600000000000 ) );
#3154 = DIRECTION( '', ( 0.869220413990208, 0.494424788924151, 0.000000000000000 ) );
#3155 = DIRECTION( '', ( -0.494424788924151, 0.869220413990208, 0.000000000000000 ) );
#3156 = SURFACE_STYLE_FILL_AREA( #5141 );
#3157 = ORIENTED_EDGE( '', *, *, #5142, .T. );
#3158 = ORIENTED_EDGE( '', *, *, #5087, .T. );
#3159 = CARTESIAN_POINT( '', ( 0.000000000000000, 0.000000000000000, 3.50520000000000 ) );
#3160 = DIRECTION( '', ( 0.000000000000000, 0.000000000000000, 1.00000000000000 ) );
#3161 = DIRECTION( '', ( 1.00000000000000, 0.000000000000000, 0.000000000000000 ) );
#3162 = SURFACE_STYLE_FILL_AREA( #5143 );
#3163 = ORIENTED_EDGE( '', *, *, #5144, .F. );
#3164 = ORIENTED_EDGE( '', *, *, #4978, .F. );
#3165 = ORIENTED_EDGE( '', *, *, #5145, .T. );
#3166 = ORIENTED_EDGE( '', *, *, #4926, .T. );
#3167 = CARTESIAN_POINT( '', ( 4.60375000000000, -3.65121416419274, -1.04402708173490 ) );
#3168 = DIRECTION( '', ( 0.000000000000000, 0.000000000000000, -1.00000000000000 ) );
#3169 = DIRECTION( '', ( -1.00000000000000, 0.000000000000000, 0.000000000000000 ) );
#3170 = SURFACE_STYLE_FILL_AREA( #5146 );
#3171 = ORIENTED_EDGE( '', *, *, #4724, .F. );
#3172 = ORIENTED_EDGE( '', *, *, #5147, .F. );
#3173 = ORIENTED_EDGE( '', *, *, #5148, .F. );
#3174 = ORIENTED_EDGE( '', *, *, #5149, .T. );
#3175 = CARTESIAN_POINT( '', ( 4.60375000000000, -4.19975252689862, -1.04402708173490 ) );
#3176 = DIRECTION( '', ( 0.000000000000000, -1.00000000000000, 0.000000000000000 ) );
#3177 = DIRECTION( '', ( 0.000000000000000, 0.000000000000000, -1.00000000000000 ) );
#3178 = SURFACE_STYLE_FILL_AREA( #5150 );
#3179 = ORIENTED_EDGE( '', *, *, #5151, .F. );
#3180 = ORIENTED_EDGE( '', *, *, #4872, .F. );
#3181 = ORIENTED_EDGE( '', *, *, #4970, .F. );
#3182 = ORIENTED_EDGE( '', *, *, #5152, .F. );
#3183 = ORIENTED_EDGE( '', *, *, #5153, .F. );
#3184 = ORIENTED_EDGE( '', *, *, #5154, .F. );
#3185 = CARTESIAN_POINT( '', ( 1.10924397314102, 2.64941589958474, 3.55600000000000 ) );
#3186 = DIRECTION( '', ( 0.000000000000000, 0.000000000000000, 1.00000000000000 ) );
#3187 = DIRECTION( '', ( 1.00000000000000, 0.000000000000000, 0.000000000000000 ) );
#3188 = SURFACE_STYLE_FILL_AREA( #5155 );
#3189 = ORIENTED_EDGE( '', *, *, #4760, .T. );
#3190 = ORIENTED_EDGE( '', *, *, #5156, .F. );
#3191 = ORIENTED_EDGE( '', *, *, #5157, .F. );
#3192 = ORIENTED_EDGE( '', *, *, #5158, .T. );
#3193 = CARTESIAN_POINT( '', ( -0.480434309709586, 14.2486756550320, 3.50520000000000 ) );
#3194 = DIRECTION( '', ( 1.00000000000000, 0.000000000000000, 0.000000000000000 ) );
#3195 = DIRECTION( '', ( 0.000000000000000, 0.000000000000000, -1.00000000000000 ) );
#3196 = SURFACE_STYLE_FILL_AREA( #5159 );
#3197 = ORIENTED_EDGE( '', *, *, #5160, .T. );
#3198 = ORIENTED_EDGE( '', *, *, #5161, .T. );
#3199 = ORIENTED_EDGE( '', *, *, #5162, .T. );
#3200 = ORIENTED_EDGE( '', *, *, #5163, .F. );
#3201 = CARTESIAN_POINT( '', ( 2.99936569029042, 14.2486756550320, 3.50520000000000 ) );
#3202 = DIRECTION( '', ( -1.00000000000000, 0.000000000000000, 0.000000000000000 ) );
#3203 = DIRECTION( '', ( 0.000000000000000, 0.000000000000000, 1.00000000000000 ) );
#3204 = SURFACE_STYLE_FILL_AREA( #5164 );
#3205 = ORIENTED_EDGE( '', *, *, #5165, .F. );
#3206 = ORIENTED_EDGE( '', *, *, #5166, .F. );
#3207 = ORIENTED_EDGE( '', *, *, #5167, .T. );
#3208 = ORIENTED_EDGE( '', *, *, #4812, .T. );
#3209 = CARTESIAN_POINT( '', ( -2.33000991328929, -2.04073192157399, 3.55600000000000 ) );
#3210 = DIRECTION( '', ( 0.986359415243022, 0.164605905001744, 0.000000000000000 ) );
#3211 = DIRECTION( '', ( -0.164605905001744, 0.986359415243022, 0.000000000000000 ) );
#3212 = SURFACE_STYLE_FILL_AREA( #5168 );
#3213 = ORIENTED_EDGE( '', *, *, #4991, .T. );
#3214 = ORIENTED_EDGE( '', *, *, #4855, .T. );
#3215 = ORIENTED_EDGE( '', *, *, #5121, .F. );
#3216 = ORIENTED_EDGE( '', *, *, #4755, .T. );
#3217 = CARTESIAN_POINT( '', ( 4.60375000000000, 3.64246163729411, -1.04140000000000 ) );
#3218 = DIRECTION( '', ( 0.000000000000000, 0.000000000000000, 1.00000000000000 ) );
#3219 = DIRECTION( '', ( 1.00000000000000, 0.000000000000000, 0.000000000000000 ) );
#3220 = SURFACE_STYLE_FILL_AREA( #5169 );
#3221 = ORIENTED_EDGE( '', *, *, #5170, .F. );
#3222 = ORIENTED_EDGE( '', *, *, #5171, .F. );
#3223 = ORIENTED_EDGE( '', *, *, #5172, .T. );
#3224 = ORIENTED_EDGE( '', *, *, #5173, .T. );
#3225 = CARTESIAN_POINT( '', ( 3.95668241770961, 2.44020303778198, 3.55600000000000 ) );
#3226 = CARTESIAN_POINT( '', ( 3.87999271236221, 2.40971195011374, 3.55600000000000 ) );
#3227 = CARTESIAN_POINT( '', ( 3.80468896554519, 2.36951915273287, 3.55600000000000 ) );
#3228 = CARTESIAN_POINT( '', ( 3.73030919108174, 2.32008663181617, 3.55600000000000 ) );
#3229 = CARTESIAN_POINT( '', ( 3.65624986466992, 2.27086707948036, 3.55600000000000 ) );
#3230 = CARTESIAN_POINT( '', ( 3.60049107540332, 2.22768939645786, 3.55600000000000 ) );
#3231 = CARTESIAN_POINT( '', ( 3.56353218125999, 2.19073050231453, 3.55600000000000 ) );
#3232 = CARTESIAN_POINT( '', ( 3.54112585168560, 2.16832417274015, 3.55600000000000 ) );
#3233 = CARTESIAN_POINT( '', ( 3.52010548064159, 2.14037400904426, 3.55600000000000 ) );
#3234 = CARTESIAN_POINT( '', ( 3.49977808886276, 2.10757299049206, 3.55600000000000 ) );
#3235 = DIRECTION( '', ( 0.000000000000000, 0.000000000000000, -1.00000000000000 ) );
#3236 = SURFACE_STYLE_FILL_AREA( #5174 );
#3237 = ORIENTED_EDGE( '', *, *, #4891, .T. );
#3238 = ORIENTED_EDGE( '', *, *, #5175, .T. );
#3239 = ORIENTED_EDGE( '', *, *, #5004, .F. );
#3240 = ORIENTED_EDGE( '', *, *, #4801, .T. );
#3241 = CARTESIAN_POINT( '', ( 4.60375000000000, 3.64246163729411, -1.04140000000000 ) );
#3242 = DIRECTION( '', ( 0.000000000000000, 0.000000000000000, 1.00000000000000 ) );
#3243 = DIRECTION( '', ( 1.00000000000000, 0.000000000000000, 0.000000000000000 ) );
#3244 = SURFACE_STYLE_FILL_AREA( #5176 );
#3245 = ORIENTED_EDGE( '', *, *, #4774, .F. );
#3246 = ORIENTED_EDGE( '', *, *, #5177, .T. );
#3247 = ORIENTED_EDGE( '', *, *, #5178, .T. );
#3248 = ORIENTED_EDGE( '', *, *, #5179, .F. );
#3249 = ORIENTED_EDGE( '', *, *, #5180, .F. );
#3250 = ORIENTED_EDGE( '', *, *, #4861, .T. );
#3251 = ORIENTED_EDGE( '', *, *, #5181, .T. );
#3252 = ORIENTED_EDGE( '', *, *, #5182, .F. );
#3253 = CARTESIAN_POINT( '', ( -6.15950000000000, -3.50520000000000, 3.50520000000000 ) );
#3254 = DIRECTION( '', ( 7.04084534449552E-017, 1.00000000000000, 0.000000000000000 ) );
#3255 = DIRECTION( '', ( -1.00000000000000, 7.04084534449552E-017, 0.000000000000000 ) );
#3256 = SURFACE_STYLE_FILL_AREA( #5183 );
#3257 = ORIENTED_EDGE( '', *, *, #5132, .T. );
#3258 = ORIENTED_EDGE( '', *, *, #5184, .F. );
#3259 = ORIENTED_EDGE( '', *, *, #5185, .F. );
#3260 = ORIENTED_EDGE( '', *, *, #5186, .F. );
#3261 = CARTESIAN_POINT( '', ( 4.60375000000000, 4.19100000000000, -1.04140000000000 ) );
#3262 = DIRECTION( '', ( 0.000000000000000, -1.00000000000000, 0.000000000000000 ) );
#3263 = DIRECTION( '', ( 0.000000000000000, 0.000000000000000, -1.00000000000000 ) );
#3264 = SURFACE_STYLE_FILL_AREA( #5187 );
#3265 = ORIENTED_EDGE( '', *, *, #5188, .F. );
#3266 = ORIENTED_EDGE( '', *, *, #5189, .F. );
#3267 = ORIENTED_EDGE( '', *, *, #5190, .T. );
#3268 = ORIENTED_EDGE( '', *, *, #5171, .T. );
#3269 = CARTESIAN_POINT( '', ( 3.98532556067069, 2.57879889081945, 3.55600000000000 ) );
#3270 = DIRECTION( '', ( 0.979305061847479, -0.202389712781814, 0.000000000000000 ) );
#3271 = DIRECTION( '', ( 0.202389712781814, 0.979305061847479, 0.000000000000000 ) );
#3272 = SURFACE_STYLE_FILL_AREA( #5191 );
#3273 = ORIENTED_EDGE( '', *, *, #5192, .T. );
#3274 = ORIENTED_EDGE( '', *, *, #5193, .F. );
#3275 = ORIENTED_EDGE( '', *, *, #5194, .F. );
#3276 = ORIENTED_EDGE( '', *, *, #5195, .T. );
#3277 = CARTESIAN_POINT( '', ( 0.463550000000000, -0.812800000000000, 2.23520000000000 ) );
#3278 = DIRECTION( '', ( -1.00000000000000, 0.000000000000000, 0.000000000000000 ) );
#3279 = DIRECTION( '', ( 0.000000000000000, 0.000000000000000, 1.00000000000000 ) );
#3280 = SURFACE_STYLE_FILL_AREA( #5196 );
#3281 = ORIENTED_EDGE( '', *, *, #5197, .F. );
#3282 = ORIENTED_EDGE( '', *, *, #5011, .F. );
#3283 = ORIENTED_EDGE( '', *, *, #5198, .T. );
#3284 = ORIENTED_EDGE( '', *, *, #4931, .T. );
#3285 = CARTESIAN_POINT( '', ( 1.27323535625731, -3.26131028644369, 3.55600000000000 ) );
#3286 = DIRECTION( '', ( -0.659354460111507, 0.751832225919496, 0.000000000000000 ) );
#3287 = DIRECTION( '', ( -0.751832225919496, -0.659354460111507, 0.000000000000000 ) );
#3288 = SURFACE_STYLE_FILL_AREA( #5199 );
#3289 = ORIENTED_EDGE( '', *, *, #5122, .T. );
#3290 = ORIENTED_EDGE( '', *, *, #4853, .T. );
#3291 = ORIENTED_EDGE( '', *, *, #5200, .F. );
#3292 = ORIENTED_EDGE( '', *, *, #4757, .T. );
#3293 = CARTESIAN_POINT( '', ( 4.60375000000000, 3.75540389311319, -0.787400000000000 ) );
#3294 = DIRECTION( '', ( 0.000000000000000, 1.49340476924957E-015, -1.00000000000000 ) );
#3295 = DIRECTION( '', ( 0.000000000000000, 1.00000000000000, 1.49340476924957E-015 ) );
#3296 = SURFACE_STYLE_FILL_AREA( #5201 );
#3297 = ORIENTED_EDGE( '', *, *, #5202, .F. );
#3298 = ORIENTED_EDGE( '', *, *, #5203, .F. );
#3299 = ORIENTED_EDGE( '', *, *, #5204, .T. );
#3300 = ORIENTED_EDGE( '', *, *, #5205, .T. );
#3301 = CARTESIAN_POINT( '', ( 2.71371732698205, -2.26925030786461, 3.55600000000000 ) );
#3302 = CARTESIAN_POINT( '', ( 2.67789797674999, -2.22300253921056, 3.55600000000000 ) );
#3303 = CARTESIAN_POINT( '', ( 2.63119679859933, -2.16723317112773, 3.55600000000000 ) );
#3304 = CARTESIAN_POINT( '', ( 2.57406720202667, -2.10239561311273, 3.55600000000000 ) );
#3305 = DIRECTION( '', ( 0.000000000000000, 0.000000000000000, -1.00000000000000 ) );
#3306 = SURFACE_STYLE_FILL_AREA( #5206 );
#3307 = ORIENTED_EDGE( '', *, *, #5207, .F. );
#3308 = ORIENTED_EDGE( '', *, *, #5208, .F. );
#3309 = ORIENTED_EDGE( '', *, *, #5209, .T. );
#3310 = ORIENTED_EDGE( '', *, *, #5189, .T. );
#3311 = CARTESIAN_POINT( '', ( 3.62774825983402, 2.41848968747278, 3.55600000000000 ) );
#3312 = CARTESIAN_POINT( '', ( 3.71229173018688, 2.48547768310755, 3.55600000000000 ) );
#3313 = CARTESIAN_POINT( '', ( 3.83148416379909, 2.53906807961537, 3.55600000000000 ) );
#3314 = CARTESIAN_POINT( '', ( 3.98532556067069, 2.57879889081945, 3.55600000000000 ) );
#3315 = DIRECTION( '', ( 0.000000000000000, 0.000000000000000, -1.00000000000000 ) );
#3316 = SURFACE_STYLE_FILL_AREA( #5210 );
#3317 = ORIENTED_EDGE( '', *, *, #4987, .F. );
#3318 = ORIENTED_EDGE( '', *, *, #5211, .F. );
#3319 = ORIENTED_EDGE( '', *, *, #5184, .T. );
#3320 = ORIENTED_EDGE( '', *, *, #5131, .F. );
#3321 = ORIENTED_EDGE( '', *, *, #5212, .F. );
#3322 = ORIENTED_EDGE( '', *, *, #5028, .F. );
#3323 = ORIENTED_EDGE( '', *, *, #5213, .T. );
#3324 = ORIENTED_EDGE( '', *, *, #4706, .F. );
#3325 = CARTESIAN_POINT( '', ( 3.00355000000000, -11.5433280311199, 7.37257477290143E-015 ) );
#3326 = DIRECTION( '', ( 1.00000000000000, 0.000000000000000, 0.000000000000000 ) );
#3327 = DIRECTION( '', ( 0.000000000000000, 0.000000000000000, -1.00000000000000 ) );
#3328 = SURFACE_STYLE_FILL_AREA( #5214 );
#3329 = ORIENTED_EDGE( '', *, *, #5215, .F. );
#3330 = ORIENTED_EDGE( '', *, *, #5216, .F. );
#3331 = ORIENTED_EDGE( '', *, *, #4886, .T. );
#3332 = ORIENTED_EDGE( '', *, *, #5217, .T. );
#3333 = CARTESIAN_POINT( '', ( -3.57969808429112, 3.03986109525743, 3.55600000000000 ) );
#3334 = DIRECTION( '', ( 0.000000000000000, 1.00000000000000, 0.000000000000000 ) );
#3335 = DIRECTION( '', ( 0.000000000000000, 0.000000000000000, 1.00000000000000 ) );
#3336 = SURFACE_STYLE_FILL_AREA( #5218 );
#3337 = ORIENTED_EDGE( '', *, *, #5219, .F. );
#3338 = ORIENTED_EDGE( '', *, *, #4953, .F. );
#3339 = ORIENTED_EDGE( '', *, *, #4897, .T. );
#3340 = ORIENTED_EDGE( '', *, *, #5220, .T. );
#3341 = CARTESIAN_POINT( '', ( -4.60884604324287, -2.99334527394815, 3.55600000000000 ) );
#3342 = DIRECTION( '', ( -0.744149453838320, 0.668013166301481, 0.000000000000000 ) );
#3343 = DIRECTION( '', ( -0.668013166301481, -0.744149453838320, 0.000000000000000 ) );
#3344 = SURFACE_STYLE_FILL_AREA( #5221 );
#3345 = ORIENTED_EDGE( '', *, *, #5222, .F. );
#3346 = ORIENTED_EDGE( '', *, *, #5089, .F. );
#3347 = ORIENTED_EDGE( '', *, *, #4867, .F. );
#3348 = ORIENTED_EDGE( '', *, *, #5223, .F. );
#3349 = ORIENTED_EDGE( '', *, *, #5224, .F. );
#3350 = ORIENTED_EDGE( '', *, *, #5225, .F. );
#3351 = ORIENTED_EDGE( '', *, *, #5204, .F. );
#3352 = ORIENTED_EDGE( '', *, *, #5226, .F. );
#3353 = ORIENTED_EDGE( '', *, *, #5227, .F. );
#3354 = ORIENTED_EDGE( '', *, *, #5077, .F. );
#3355 = ORIENTED_EDGE( '', *, *, #5228, .F. );
#3356 = ORIENTED_EDGE( '', *, *, #5229, .F. );
#3357 = ORIENTED_EDGE( '', *, *, #5072, .F. );
#3358 = CARTESIAN_POINT( '', ( 2.76387575254434, -2.08527940461577, 3.55600000000000 ) );
#3359 = DIRECTION( '', ( 0.000000000000000, 0.000000000000000, 1.00000000000000 ) );
#3360 = DIRECTION( '', ( 1.00000000000000, 0.000000000000000, 0.000000000000000 ) );
#3361 = SURFACE_STYLE_FILL_AREA( #5230 );
#3362 = ORIENTED_EDGE( '', *, *, #5231, .T. );
#3363 = ORIENTED_EDGE( '', *, *, #5232, .F. );
#3364 = ORIENTED_EDGE( '', *, *, #5116, .F. );
#3365 = ORIENTED_EDGE( '', *, *, #4848, .T. );
#3366 = CARTESIAN_POINT( '', ( -4.61645000000000, 0.176700493150686, 2.23520000000000 ) );
#3367 = DIRECTION( '', ( 0.000000000000000, 1.00000000000000, 0.000000000000000 ) );
#3368 = DIRECTION( '', ( 0.000000000000000, 0.000000000000000, 1.00000000000000 ) );
#3369 = SURFACE_STYLE_FILL_AREA( #5233 );
#3370 = ORIENTED_EDGE( '', *, *, #5161, .F. );
#3371 = ORIENTED_EDGE( '', *, *, #5234, .T. );
#3372 = ORIENTED_EDGE( '', *, *, #4947, .T. );
#3373 = ORIENTED_EDGE( '', *, *, #5104, .F. );
#3374 = ORIENTED_EDGE( '', *, *, #5235, .F. );
#3375 = ORIENTED_EDGE( '', *, *, #5236, .T. );
#3376 = ORIENTED_EDGE( '', *, *, #5237, .F. );
#3377 = CARTESIAN_POINT( '', ( -4.61645000000000, -0.812800000000000, 4.29260000000000 ) );
#3378 = DIRECTION( '', ( 0.000000000000000, -1.00000000000000, -1.37693951293562E-016 ) );
#3379 = DIRECTION( '', ( 0.000000000000000, 1.37693951293562E-016, -1.00000000000000 ) );
#3380 = SURFACE_STYLE_FILL_AREA( #5238 );
#3381 = ORIENTED_EDGE( '', *, *, #5239, .F. );
#3382 = ORIENTED_EDGE( '', *, *, #5083, .F. );
#3383 = ORIENTED_EDGE( '', *, *, #5240, .T. );
#3384 = ORIENTED_EDGE( '', *, *, #5241, .T. );
#3385 = CARTESIAN_POINT( '', ( -2.16950295148993, -3.12846130393744, 3.55600000000000 ) );
#3386 = CARTESIAN_POINT( '', ( -2.14184497219682, -3.05818283196315, 3.55600000000000 ) );
#3387 = CARTESIAN_POINT( '', ( -2.10103811750206, -2.97475548458721, 3.55600000000000 ) );
#3388 = CARTESIAN_POINT( '', ( -2.04753579690228, -2.87863267130623, 3.55600000000000 ) );
#3389 = CARTESIAN_POINT( '', ( -1.98061154468230, -2.75839587918220, 3.55600000000000 ) );
#3390 = CARTESIAN_POINT( '', ( -1.91393113190169, -2.63802336510607, 3.55600000000000 ) );
#3391 = CARTESIAN_POINT( '', ( -1.84712879940139, -2.51771871200598, 3.55600000000000 ) );
#3392 = DIRECTION( '', ( 0.000000000000000, 0.000000000000000, -1.00000000000000 ) );
#3393 = SURFACE_STYLE_FILL_AREA( #5242 );
#3394 = ORIENTED_EDGE( '', *, *, #5243, .T. );
#3395 = ORIENTED_EDGE( '', *, *, #5060, .T. );
#3396 = ORIENTED_EDGE( '', *, *, #5244, .T. );
#3397 = ORIENTED_EDGE( '', *, *, #5245, .T. );
#3398 = CARTESIAN_POINT( '', ( -4.61645000000000, -2.81889075070489E-016, 0.000000000000000 ) );
#3399 = DIRECTION( '', ( -1.00000000000000, 6.12303176911189E-017, 0.000000000000000 ) );
#3400 = DIRECTION( '', ( -6.12303176911189E-017, -1.00000000000000, 0.000000000000000 ) );
#3401 = SURFACE_STYLE_FILL_AREA( #5246 );
#3402 = ORIENTED_EDGE( '', *, *, #5247, .F. );
#3403 = ORIENTED_EDGE( '', *, *, #5173, .F. );
#3404 = ORIENTED_EDGE( '', *, *, #5248, .T. );
#3405 = ORIENTED_EDGE( '', *, *, #4781, .T. );
#3406 = CARTESIAN_POINT( '', ( 3.49977808886276, 2.10757299049206, 3.55600000000000 ) );
#3407 = DIRECTION( '', ( 0.000000000000000, -1.00000000000000, 0.000000000000000 ) );
#3408 = DIRECTION( '', ( 0.000000000000000, 0.000000000000000, -1.00000000000000 ) );
#3409 = SURFACE_STYLE_FILL_AREA( #5249 );
#3410 = ORIENTED_EDGE( '', *, *, #5250, .T. );
#3411 = ORIENTED_EDGE( '', *, *, #5251, .F. );
#3412 = ORIENTED_EDGE( '', *, *, #5252, .F. );
#3413 = ORIENTED_EDGE( '', *, *, #5253, .T. );
#3414 = CARTESIAN_POINT( '', ( 2.06375000000000, 0.176700493150686, 2.23520000000000 ) );
#3415 = DIRECTION( '', ( 1.00000000000000, 4.38282620368697E-016, 0.000000000000000 ) );
#3416 = DIRECTION( '', ( -4.38282620368697E-016, 1.00000000000000, 0.000000000000000 ) );
#3417 = SURFACE_STYLE_FILL_AREA( #5254 );
#3418 = ORIENTED_EDGE( '', *, *, #5255, .F. );
#3419 = ORIENTED_EDGE( '', *, *, #5256, .F. );
#3420 = ORIENTED_EDGE( '', *, *, #5257, .T. );
#3421 = ORIENTED_EDGE( '', *, *, #4976, .T. );
#3422 = CARTESIAN_POINT( '', ( 4.60375000000000, -3.42603784274110, -0.859091790167467 ) );
#3423 = DIRECTION( '', ( 0.000000000000000, 0.980927717612486, -0.194372870585272 ) );
#3424 = DIRECTION( '', ( 0.000000000000000, 0.194372870585272, 0.980927717612486 ) );
#3425 = SURFACE_STYLE_FILL_AREA( #5258 );
#3426 = ORIENTED_EDGE( '', *, *, #5259, .F. );
#3427 = ORIENTED_EDGE( '', *, *, #5260, .F. );
#3428 = ORIENTED_EDGE( '', *, *, #4980, .F. );
#3429 = ORIENTED_EDGE( '', *, *, #4768, .T. );
#3430 = CARTESIAN_POINT( '', ( 4.60375000000000, -3.76415642001181, -0.676954685594407 ) );
#3431 = DIRECTION( '', ( 1.00000000000000, -0.000000000000000, -0.000000000000000 ) );
#3432 = DIRECTION( '', ( 0.000000000000000, 0.000000000000000, 1.00000000000000 ) );
#3433 = SURFACE_STYLE_FILL_AREA( #5261 );
#3434 = ORIENTED_EDGE( '', *, *, #4722, .F. );
#3435 = ORIENTED_EDGE( '', *, *, #5262, .F. );
#3436 = ORIENTED_EDGE( '', *, *, #5263, .F. );
#3437 = ORIENTED_EDGE( '', *, *, #5264, .T. );
#3438 = CARTESIAN_POINT( '', ( 4.60375000000000, -3.65121416419274, -0.814472633013957 ) );
#3439 = DIRECTION( '', ( 1.00000000000000, -0.000000000000000, -0.000000000000000 ) );
#3440 = DIRECTION( '', ( 0.000000000000000, 0.000000000000000, 1.00000000000000 ) );
#3441 = SURFACE_STYLE_FILL_AREA( #5265 );
#3442 = ORIENTED_EDGE( '', *, *, #5266, .F. );
#3443 = ORIENTED_EDGE( '', *, *, #5267, .F. );
#3444 = ORIENTED_EDGE( '', *, *, #4900, .T. );
#3445 = ORIENTED_EDGE( '', *, *, #4790, .T. );
#3446 = CARTESIAN_POINT( '', ( -4.55670395113291, -2.04073192157399, 3.55600000000000 ) );
#3447 = DIRECTION( '', ( 0.000000000000000, 1.00000000000000, 0.000000000000000 ) );
#3448 = DIRECTION( '', ( 0.000000000000000, 0.000000000000000, 1.00000000000000 ) );
#3449 = SURFACE_STYLE_FILL_AREA( #5268 );
#3450 = ORIENTED_EDGE( '', *, *, #5269, .F. );
#3451 = ORIENTED_EDGE( '', *, *, #5270, .F. );
#3452 = ORIENTED_EDGE( '', *, *, #4902, .T. );
#3453 = ORIENTED_EDGE( '', *, *, #5271, .T. );
#3454 = CARTESIAN_POINT( '', ( -4.79837121282517, -2.35131742675072, 3.55600000000000 ) );
#3455 = DIRECTION( '', ( 0.000000000000000, 1.00000000000000, 0.000000000000000 ) );
#3456 = DIRECTION( '', ( 0.000000000000000, 0.000000000000000, 1.00000000000000 ) );
#3457 = SURFACE_STYLE_FILL_AREA( #5272 );
#3458 = ORIENTED_EDGE( '', *, *, #5273, .T. );
#3459 = ORIENTED_EDGE( '', *, *, #5235, .T. );
#3460 = ORIENTED_EDGE( '', *, *, #5103, .T. );
#3461 = ORIENTED_EDGE( '', *, *, #5274, .T. );
#3462 = CARTESIAN_POINT( '', ( 0.000000000000000, 0.000000000000000, 2.23520000000000 ) );
#3463 = DIRECTION( '', ( 0.000000000000000, 0.000000000000000, 1.00000000000000 ) );
#3464 = DIRECTION( '', ( 1.00000000000000, 0.000000000000000, 0.000000000000000 ) );
#3465 = SURFACE_STYLE_FILL_AREA( #5275 );
#3466 = ORIENTED_EDGE( '', *, *, #5276, .F. );
#3467 = ORIENTED_EDGE( '', *, *, #4814, .F. );
#3468 = ORIENTED_EDGE( '', *, *, #5277, .T. );
#3469 = ORIENTED_EDGE( '', *, *, #5109, .T. );
#3470 = CARTESIAN_POINT( '', ( -1.77685032742710, -2.39121746245225, 3.55600000000000 ) );
#3471 = DIRECTION( '', ( -0.874370614202860, 0.485258723794342, 0.000000000000000 ) );
#3472 = DIRECTION( '', ( -0.485258723794342, -0.874370614202860, 0.000000000000000 ) );
#3473 = SURFACE_STYLE_FILL_AREA( #5278 );
#3474 = ORIENTED_EDGE( '', *, *, #5279, .F. );
#3475 = ORIENTED_EDGE( '', *, *, #4796, .F. );
#3476 = ORIENTED_EDGE( '', *, *, #5280, .T. );
#3477 = ORIENTED_EDGE( '', *, *, #5281, .T. );
#3478 = CARTESIAN_POINT( '', ( 2.30020786607523, -2.04073192157399, 3.55600000000000 ) );
#3479 = DIRECTION( '', ( 0.000000000000000, 1.00000000000000, 0.000000000000000 ) );
#3480 = DIRECTION( '', ( 0.000000000000000, 0.000000000000000, 1.00000000000000 ) );
#3481 = SURFACE_STYLE_FILL_AREA( #5282 );
#3482 = ORIENTED_EDGE( '', *, *, #5283, .F. );
#3483 = ORIENTED_EDGE( '', *, *, #5284, .F. );
#3484 = ORIENTED_EDGE( '', *, *, #5285, .T. );
#3485 = ORIENTED_EDGE( '', *, *, #5009, .T. );
#3486 = CARTESIAN_POINT( '', ( 2.16781229306559, -2.67323816934265, 3.55600000000000 ) );
#3487 = DIRECTION( '', ( 0.662617974042759, -0.748957555857119, 0.000000000000000 ) );
#3488 = DIRECTION( '', ( 0.748957555857119, 0.662617974042759, 0.000000000000000 ) );
#3489 = SURFACE_STYLE_FILL_AREA( #5286 );
#3490 = ORIENTED_EDGE( '', *, *, #5287, .T. );
#3491 = ORIENTED_EDGE( '', *, *, #5288, .T. );
#3492 = ORIENTED_EDGE( '', *, *, #4913, .T. );
#3493 = ORIENTED_EDGE( '', *, *, #5037, .T. );
#3494 = CARTESIAN_POINT( '', ( 0.000000000000000, 0.000000000000000, 2.23520000000000 ) );
#3495 = DIRECTION( '', ( 0.000000000000000, 0.000000000000000, 1.00000000000000 ) );
#3496 = DIRECTION( '', ( 1.00000000000000, 0.000000000000000, 0.000000000000000 ) );
#3497 = SURFACE_STYLE_FILL_AREA( #5289 );
#3498 = ORIENTED_EDGE( '', *, *, #5044, .F. );
#3499 = ORIENTED_EDGE( '', *, *, #4702, .F. );
#3500 = ORIENTED_EDGE( '', *, *, #5290, .F. );
#3501 = ORIENTED_EDGE( '', *, *, #5093, .F. );
#3502 = ORIENTED_EDGE( '', *, *, #4745, .F. );
#3503 = ORIENTED_EDGE( '', *, *, #4842, .F. );
#3504 = ORIENTED_EDGE( '', *, *, #5291, .F. );
#3505 = ORIENTED_EDGE( '', *, *, #5292, .F. );
#3506 = ORIENTED_EDGE( '', *, *, #5293, .F. );
#3507 = CARTESIAN_POINT( '', ( -4.61645000000000, 3.75540389311319, -0.674327603859505 ) );
#3508 = DIRECTION( '', ( -1.00000000000000, 6.12303176911189E-017, 0.000000000000000 ) );
#3509 = DIRECTION( '', ( -6.12303176911189E-017, -1.00000000000000, 0.000000000000000 ) );
#3510 = SURFACE_STYLE_FILL_AREA( #5294 );
#3511 = ORIENTED_EDGE( '', *, *, #5295, .F. );
#3512 = ORIENTED_EDGE( '', *, *, #5073, .F. );
#3513 = ORIENTED_EDGE( '', *, *, #5229, .T. );
#3514 = ORIENTED_EDGE( '', *, *, #5296, .T. );
#3515 = CARTESIAN_POINT( '', ( 3.21836209670714, -2.75893256420163, 3.55600000000000 ) );
#3516 = CARTESIAN_POINT( '', ( 3.24738030449008, -2.82240989372680, 3.55600000000000 ) );
#3517 = CARTESIAN_POINT( '', ( 3.26460986536120, -2.86503038640798, 3.55600000000000 ) );
#3518 = CARTESIAN_POINT( '', ( 3.27095759831372, -2.88679404224519, 3.55600000000000 ) );
#3519 = CARTESIAN_POINT( '', ( 3.27997137910629, -2.91769843353401, 3.55600000000000 ) );
#3520 = CARTESIAN_POINT( '', ( 3.28229283572893, -2.95117819076357, 3.55600000000000 ) );
#3521 = CARTESIAN_POINT( '', ( 3.28229283572893, -3.03324530964969, 3.55600000000000 ) );
#3522 = CARTESIAN_POINT( '', ( 3.26914396032728, -3.08039989729696, 3.55600000000000 ) );
#3523 = CARTESIAN_POINT( '', ( 3.21745527771393, -3.17652271057792, 3.55600000000000 ) );
#3524 = CARTESIAN_POINT( '', ( 3.18027569899205, -3.21415569879642, 3.55600000000000 ) );
#3525 = CARTESIAN_POINT( '', ( 3.13266770184816, -3.24136026859292, 3.55600000000000 ) );
#3526 = CARTESIAN_POINT( '', ( 3.08471790369916, -3.26876015324950, 3.55600000000000 ) );
#3527 = CARTESIAN_POINT( '', ( 3.03291761259433, -3.28216712328767, 3.55600000000000 ) );
#3528 = CARTESIAN_POINT( '', ( 2.89870840159825, -3.28216712328767, 3.55600000000000 ) );
#3529 = CARTESIAN_POINT( '', ( 2.83568448156969, -3.25904323896065, 3.55600000000000 ) );
#3530 = CARTESIAN_POINT( '', ( 2.78807648442581, -3.21370228929981, 3.55600000000000 ) );
#3531 = CARTESIAN_POINT( '', ( 2.74000429515759, -3.16791925190149, 3.55600000000000 ) );
#3532 = CARTESIAN_POINT( '', ( 2.71643778396170, -3.11304538105275, 3.55600000000000 ) );
#3533 = CARTESIAN_POINT( '', ( 2.71643778396170, -2.99334527394815, 3.55600000000000 ) );
#3534 = CARTESIAN_POINT( '', ( 2.73684121130907, -2.93848272485854, 3.55600000000000 ) );
#3535 = CARTESIAN_POINT( '', ( 2.77764806600383, -2.88452699476215, 3.55600000000000 ) );
#3536 = CARTESIAN_POINT( '', ( 2.81883804062271, -2.83006469498828, 3.55600000000000 ) );
#3537 = CARTESIAN_POINT( '', ( 2.89916181109487, -2.77298825859649, 3.55600000000000 ) );
#3538 = CARTESIAN_POINT( '', ( 3.01886191819947, -2.71268479554758, 3.55600000000000 ) );
#3539 = DIRECTION( '', ( 0.000000000000000, 0.000000000000000, -1.00000000000000 ) );
#3540 = SURFACE_STYLE_FILL_AREA( #5297 );
#3541 = ORIENTED_EDGE( '', *, *, #4916, .F. );
#3542 = ORIENTED_EDGE( '', *, *, #4850, .F. );
#3543 = ORIENTED_EDGE( '', *, *, #5115, .F. );
#3544 = ORIENTED_EDGE( '', *, *, #5298, .T. );
#3545 = ORIENTED_EDGE( '', *, *, #5245, .F. );
#3546 = ORIENTED_EDGE( '', *, *, #5299, .T. );
#3547 = CARTESIAN_POINT( '', ( -4.61645000000000, -0.812800000000000, 4.29260000000000 ) );
#3548 = DIRECTION( '', ( 0.000000000000000, -1.00000000000000, -1.37693951293562E-016 ) );
#3549 = DIRECTION( '', ( 0.000000000000000, 1.37693951293562E-016, -1.00000000000000 ) );
#3550 = SURFACE_STYLE_FILL_AREA( #5300 );
#3551 = ORIENTED_EDGE( '', *, *, #5301, .F. );
#3552 = ORIENTED_EDGE( '', *, *, #5296, .F. );
#3553 = ORIENTED_EDGE( '', *, *, #5228, .T. );
#3554 = ORIENTED_EDGE( '', *, *, #5076, .T. );
#3555 = CARTESIAN_POINT( '', ( 3.01886191819947, -2.71268479554758, 3.55600000000000 ) );
#3556 = CARTESIAN_POINT( '', ( 2.94631639874214, -2.58119604153115, 3.55600000000000 ) );
#3557 = CARTESIAN_POINT( '', ( 2.87649133626445, -2.47283117184176, 3.55600000000000 ) );
#3558 = CARTESIAN_POINT( '', ( 2.80938673076641, -2.38849700547260, 3.55600000000000 ) );
#3559 = DIRECTION( '', ( 0.000000000000000, 0.000000000000000, -1.00000000000000 ) );
#3560 = SURFACE_STYLE_FILL_AREA( #5302 );
#3561 = ORIENTED_EDGE( '', *, *, #5303, .T. );
#3562 = ORIENTED_EDGE( '', *, *, #5298, .F. );
#3563 = ORIENTED_EDGE( '', *, *, #5114, .F. );
#3564 = ORIENTED_EDGE( '', *, *, #5232, .T. );
#3565 = CARTESIAN_POINT( '', ( -4.61645000000000, -0.812800000000000, 2.23520000000000 ) );
#3566 = DIRECTION( '', ( -1.00000000000000, 0.000000000000000, 0.000000000000000 ) );
#3567 = DIRECTION( '', ( 0.000000000000000, 0.000000000000000, 1.00000000000000 ) );
#3568 = SURFACE_STYLE_FILL_AREA( #5304 );
#3569 = ORIENTED_EDGE( '', *, *, #5194, .T. );
#3570 = ORIENTED_EDGE( '', *, *, #5305, .T. );
#3571 = ORIENTED_EDGE( '', *, *, #5252, .T. );
#3572 = ORIENTED_EDGE( '', *, *, #5306, .T. );
#3573 = CARTESIAN_POINT( '', ( 0.000000000000000, 0.000000000000000, 2.23520000000000 ) );
#3574 = DIRECTION( '', ( 0.000000000000000, 0.000000000000000, 1.00000000000000 ) );
#3575 = DIRECTION( '', ( 1.00000000000000, 0.000000000000000, 0.000000000000000 ) );
#3576 = SURFACE_STYLE_FILL_AREA( #5307 );
#3577 = ORIENTED_EDGE( '', *, *, #4723, .F. );
#3578 = ORIENTED_EDGE( '', *, *, #5264, .F. );
#3579 = ORIENTED_EDGE( '', *, *, #5308, .F. );
#3580 = ORIENTED_EDGE( '', *, *, #5147, .T. );
#3581 = CARTESIAN_POINT( '', ( 4.60375000000000, -3.65121416419274, -1.04402708173490 ) );
#3582 = DIRECTION( '', ( 0.000000000000000, 0.000000000000000, -1.00000000000000 ) );
#3583 = DIRECTION( '', ( -1.00000000000000, 0.000000000000000, 0.000000000000000 ) );
#3584 = SURFACE_STYLE_FILL_AREA( #5309 );
#3585 = ORIENTED_EDGE( '', *, *, #5127, .F. );
#3586 = ORIENTED_EDGE( '', *, *, #5310, .F. );
#3587 = ORIENTED_EDGE( '', *, *, #5311, .T. );
#3588 = ORIENTED_EDGE( '', *, *, #5312, .T. );
#3589 = CARTESIAN_POINT( '', ( -0.473298024678075, -2.17856840854293, 3.55600000000000 ) );
#3590 = CARTESIAN_POINT( '', ( -0.537833309695331, -2.17856840854293, 3.55600000000000 ) );
#3591 = CARTESIAN_POINT( '', ( -0.602368594712585, -2.17856840854293, 3.55600000000000 ) );
#3592 = CARTESIAN_POINT( '', ( -0.666903879729842, -2.17856840854293, 3.55600000000000 ) );
#3593 = CARTESIAN_POINT( '', ( -0.754411912575254, -2.17856840854293, 3.55600000000000 ) );
#3594 = CARTESIAN_POINT( '', ( -0.831944936495283, -2.18627636998528, 3.55600000000000 ) );
#3595 = CARTESIAN_POINT( '', ( -0.899956360986535, -2.20259911186318, 3.55600000000000 ) );
#3596 = CARTESIAN_POINT( '', ( -0.941987627105562, -2.21268661573174, 3.55600000000000 ) );
#3597 = CARTESIAN_POINT( '', ( -0.978396203899781, -2.22708322468003, 3.55600000000000 ) );
#3598 = CARTESIAN_POINT( '', ( -1.00832123067593, -2.24657983303419, 3.55600000000000 ) );
#3599 = CARTESIAN_POINT( '', ( -1.04741908596590, -2.27205267814735, 3.55600000000000 ) );
#3600 = CARTESIAN_POINT( '', ( -1.08404061660953, -2.30461624860006, 3.55600000000000 ) );
#3601 = CARTESIAN_POINT( '', ( -1.11623269086872, -2.34587651279142, 3.55600000000000 ) );
#3602 = CARTESIAN_POINT( '', ( -1.15857631173975, -2.40014791418950, 3.55600000000000 ) );
#3603 = CARTESIAN_POINT( '', ( -1.19195207680232, -2.46240275341976, 3.55600000000000 ) );
#3604 = CARTESIAN_POINT( '', ( -1.24273394042245, -2.60205287837514, 3.55600000000000 ) );
#3605 = CARTESIAN_POINT( '', ( -1.25542940632748, -2.68139954028160, 3.55600000000000 ) );
#3606 = CARTESIAN_POINT( '', ( -1.25542940632748, -2.86956448137407, 3.55600000000000 ) );
#3607 = CARTESIAN_POINT( '', ( -1.23819984545637, -2.94573727680427, 3.55600000000000 ) );
#3608 = CARTESIAN_POINT( '', ( -1.16928160197190, -3.05183509901063, 3.55600000000000 ) );
#3609 = CARTESIAN_POINT( '', ( -1.12530088080089, -3.08720103974608, 3.55600000000000 ) );
#3610 = CARTESIAN_POINT( '', ( -1.07179856020110, -3.10443060061719, 3.55600000000000 ) );
#3611 = CARTESIAN_POINT( '', ( -1.03235417626073, -3.11713302934375, 3.55600000000000 ) );
#3612 = CARTESIAN_POINT( '', ( -0.971141651954047, -3.12347379947475, 3.55600000000000 ) );
#3613 = CARTESIAN_POINT( '', ( -0.887714304578110, -3.12392720897136, 3.55600000000000 ) );
#3614 = CARTESIAN_POINT( '', ( -0.815775455964096, -3.12431818097469, 3.55600000000000 ) );
#3615 = CARTESIAN_POINT( '', ( -0.743832357654392, -3.12392720897136, 3.55600000000000 ) );
#3616 = CARTESIAN_POINT( '', ( -0.671891384192534, -3.12392720897136, 3.55600000000000 ) );
#3617 = DIRECTION( '', ( 0.000000000000000, 0.000000000000000, -1.00000000000000 ) );
#3618 = SURFACE_STYLE_FILL_AREA( #5313 );
#3619 = ORIENTED_EDGE( '', *, *, #5314, .F. );
#3620 = ORIENTED_EDGE( '', *, *, #5281, .F. );
#3621 = ORIENTED_EDGE( '', *, *, #5315, .T. );
#3622 = ORIENTED_EDGE( '', *, *, #5316, .T. );
#3623 = CARTESIAN_POINT( '', ( 2.46207505636441, -2.04073192157399, 3.55600000000000 ) );
#3624 = DIRECTION( '', ( 0.978749915436558, -0.205057560292057, 0.000000000000000 ) );
#3625 = DIRECTION( '', ( 0.205057560292057, 0.978749915436558, 0.000000000000000 ) );
#3626 = SURFACE_STYLE_FILL_AREA( #5317 );
#3627 = ORIENTED_EDGE( '', *, *, #5156, .T. );
#3628 = ORIENTED_EDGE( '', *, *, #4763, .F. );
#3629 = ORIENTED_EDGE( '', *, *, #5025, .T. );
#3630 = ORIENTED_EDGE( '', *, *, #5318, .T. );
#3631 = CARTESIAN_POINT( '', ( -4.61645000000000, -1.60020000000000, 3.50520000000000 ) );
#3632 = DIRECTION( '', ( 0.000000000000000, 1.00000000000000, 0.000000000000000 ) );
#3633 = DIRECTION( '', ( 0.000000000000000, 0.000000000000000, 1.00000000000000 ) );
#3634 = SURFACE_STYLE_FILL_AREA( #5319 );
#3635 = ORIENTED_EDGE( '', *, *, #5320, .T. );
#3636 = ORIENTED_EDGE( '', *, *, #5321, .F. );
#3637 = ORIENTED_EDGE( '', *, *, #5287, .F. );
#3638 = ORIENTED_EDGE( '', *, *, #5036, .T. );
#3639 = CARTESIAN_POINT( '', ( -2.07645000000000, -0.812800000000000, 2.23520000000000 ) );
#3640 = DIRECTION( '', ( -1.00000000000000, 0.000000000000000, 0.000000000000000 ) );
#3641 = DIRECTION( '', ( 0.000000000000000, 0.000000000000000, 1.00000000000000 ) );
#3642 = SURFACE_STYLE_FILL_AREA( #5322 );
#3643 = ORIENTED_EDGE( '', *, *, #5323, .F. );
#3644 = ORIENTED_EDGE( '', *, *, #5324, .F. );
#3645 = ORIENTED_EDGE( '', *, *, #4881, .T. );
#3646 = ORIENTED_EDGE( '', *, *, #5018, .T. );
#3647 = CARTESIAN_POINT( '', ( -3.93958531601175, 2.90496113163429, 3.55600000000000 ) );
#3648 = DIRECTION( '', ( -0.979534918634302, 0.201274298349519, 0.000000000000000 ) );
#3649 = DIRECTION( '', ( -0.201274298349519, -0.979534918634302, 0.000000000000000 ) );
#3650 = SURFACE_STYLE_FILL_AREA( #5325 );
#3651 = ORIENTED_EDGE( '', *, *, #4917, .F. );
#3652 = ORIENTED_EDGE( '', *, *, #5299, .F. );
#3653 = ORIENTED_EDGE( '', *, *, #5244, .F. );
#3654 = ORIENTED_EDGE( '', *, *, #5059, .T. );
#3655 = CARTESIAN_POINT( '', ( -4.61645000000000, -1.60020000000000, 4.29260000000000 ) );
#3656 = DIRECTION( '', ( 0.000000000000000, 0.000000000000000, -1.00000000000000 ) );
#3657 = DIRECTION( '', ( -1.00000000000000, 0.000000000000000, 0.000000000000000 ) );
#3658 = SURFACE_STYLE_FILL_AREA( #5326 );
#3659 = ORIENTED_EDGE( '', *, *, #4725, .F. );
#3660 = ORIENTED_EDGE( '', *, *, #5149, .F. );
#3661 = ORIENTED_EDGE( '', *, *, #5327, .F. );
#3662 = ORIENTED_EDGE( '', *, *, #4728, .T. );
#3663 = CARTESIAN_POINT( '', ( 4.60375000000000, -3.76415642001181, -0.790027081734903 ) );
#3664 = DIRECTION( '', ( 0.000000000000000, 1.49340476924957E-015, 1.00000000000000 ) );
#3665 = DIRECTION( '', ( 0.000000000000000, -1.00000000000000, 1.49340476924957E-015 ) );
#3666 = SURFACE_STYLE_FILL_AREA( #5328 );
#3667 = ORIENTED_EDGE( '', *, *, #5329, .F. );
#3668 = ORIENTED_EDGE( '', *, *, #4833, .F. );
#3669 = ORIENTED_EDGE( '', *, *, #5330, .T. );
#3670 = ORIENTED_EDGE( '', *, *, #5331, .T. );
#3671 = CARTESIAN_POINT( '', ( 3.81051489927766, -2.88362017576892, 3.55600000000000 ) );
#3672 = CARTESIAN_POINT( '', ( 3.82638423165895, -2.97203502760756, 3.55600000000000 ) );
#3673 = CARTESIAN_POINT( '', ( 3.85993653440796, -3.03823281411237, 3.55600000000000 ) );
#3674 = CARTESIAN_POINT( '', ( 3.91026498853149, -3.08221353528338, 3.55600000000000 ) );
#3675 = CARTESIAN_POINT( '', ( 3.96036878273555, -3.12599793202027, 3.55600000000000 ) );
#3676 = CARTESIAN_POINT( '', ( 4.02543100067002, -3.14750450279499, 3.55600000000000 ) );
#3677 = CARTESIAN_POINT( '', ( 4.25440279645724, -3.14750450279499, 3.55600000000000 ) );
#3678 = CARTESIAN_POINT( '', ( 4.37500972255506, -3.08130671629017, 3.55600000000000 ) );
#3679 = CARTESIAN_POINT( '', ( 4.46750525986316, -2.94845773378392, 3.55600000000000 ) );
#3680 = CARTESIAN_POINT( '', ( 4.54749922327456, -2.83356444319795, 3.55600000000000 ) );
#3681 = CARTESIAN_POINT( '', ( 4.58765877646438, -2.69817569165611, 3.55600000000000 ) );
#3682 = CARTESIAN_POINT( '', ( 4.58765877646438, -2.41524816577250, 3.55600000000000 ) );
#3683 = CARTESIAN_POINT( '', ( 4.55682693069501, -2.31957876198814, 3.55600000000000 ) );
#3684 = CARTESIAN_POINT( '', ( 4.49470982965966, -2.25338097548332, 3.55600000000000 ) );
#3685 = CARTESIAN_POINT( '', ( 4.43280502855801, -2.18740943562316, 3.55600000000000 ) );
#3686 = CARTESIAN_POINT( '', ( 4.35279265722125, -2.15408429572608, 3.55600000000000 ) );
#3687 = CARTESIAN_POINT( '', ( 4.25349597746402, -2.15453770522270, 3.55600000000000 ) );
#3688 = CARTESIAN_POINT( '', ( 4.16871223972543, -2.15492484557767, 3.55600000000000 ) );
#3689 = CARTESIAN_POINT( '', ( 4.09253560616805, -2.18174227501920, 3.55600000000000 ) );
#3690 = CARTESIAN_POINT( '', ( 4.02361736268358, -2.23705823360542, 3.55600000000000 ) );
#3691 = CARTESIAN_POINT( '', ( 3.95497487925517, -2.29215285846243, 3.55600000000000 ) );
#3692 = CARTESIAN_POINT( '', ( 3.90527748406880, -2.37036062560827, 3.55600000000000 ) );
#3693 = CARTESIAN_POINT( '', ( 3.87444563829943, -2.47101753385532, 3.55600000000000 ) );
#3694 = DIRECTION( '', ( 0.000000000000000, 0.000000000000000, -1.00000000000000 ) );
#3695 = SURFACE_STYLE_FILL_AREA( #5332 );
#3696 = ORIENTED_EDGE( '', *, *, #5333, .F. );
#3697 = ORIENTED_EDGE( '', *, *, #5334, .F. );
#3698 = ORIENTED_EDGE( '', *, *, #4981, .F. );
#3699 = ORIENTED_EDGE( '', *, *, #5260, .T. );
#3700 = CARTESIAN_POINT( '', ( 4.60375000000000, -3.76415642001181, -0.790027081734903 ) );
#3701 = DIRECTION( '', ( 0.000000000000000, 1.49340476924957E-015, 1.00000000000000 ) );
#3702 = DIRECTION( '', ( 0.000000000000000, -1.00000000000000, 1.49340476924957E-015 ) );
#3703 = SURFACE_STYLE_FILL_AREA( #5335 );
#3704 = ORIENTED_EDGE( '', *, *, #5336, .F. );
#3705 = ORIENTED_EDGE( '', *, *, #5217, .F. );
#3706 = ORIENTED_EDGE( '', *, *, #4885, .T. );
#3707 = ORIENTED_EDGE( '', *, *, #4817, .T. );
#3708 = CARTESIAN_POINT( '', ( -3.07243726217399, 3.03986109525743, 3.55600000000000 ) );
#3709 = DIRECTION( '', ( 0.977230275951079, -0.212181497224849, 0.000000000000000 ) );
#3710 = DIRECTION( '', ( 0.212181497224849, 0.977230275951079, 0.000000000000000 ) );
#3711 = SURFACE_STYLE_FILL_AREA( #5337 );
#3712 = ORIENTED_EDGE( '', *, *, #5163, .T. );
#3713 = ORIENTED_EDGE( '', *, *, #5338, .T. );
#3714 = ORIENTED_EDGE( '', *, *, #4949, .T. );
#3715 = ORIENTED_EDGE( '', *, *, #5339, .F. );
#3716 = CARTESIAN_POINT( '', ( -4.61645000000000, -1.60020000000000, 3.50520000000000 ) );
#3717 = DIRECTION( '', ( 0.000000000000000, 1.00000000000000, 0.000000000000000 ) );
#3718 = DIRECTION( '', ( 0.000000000000000, 0.000000000000000, 1.00000000000000 ) );
#3719 = SURFACE_STYLE_FILL_AREA( #5340 );
#3720 = ORIENTED_EDGE( '', *, *, #5096, .F. );
#3721 = ORIENTED_EDGE( '', *, *, #5341, .T. );
#3722 = ORIENTED_EDGE( '', *, *, #5342, .F. );
#3723 = ORIENTED_EDGE( '', *, *, #5343, .F. );
#3724 = CARTESIAN_POINT( '', ( 4.60375000000000, -3.65121416419274, -1.04402708173490 ) );
#3725 = DIRECTION( '', ( 0.000000000000000, 0.000000000000000, -1.00000000000000 ) );
#3726 = DIRECTION( '', ( -1.00000000000000, 0.000000000000000, 0.000000000000000 ) );
#3727 = SURFACE_STYLE_FILL_AREA( #5344 );
#3728 = ORIENTED_EDGE( '', *, *, #5032, .F. );
#3729 = ORIENTED_EDGE( '', *, *, #4895, .F. );
#3730 = ORIENTED_EDGE( '', *, *, #4875, .T. );
#3731 = ORIENTED_EDGE( '', *, *, #5345, .T. );
#3732 = CARTESIAN_POINT( '', ( -3.71875592350538, 2.38568866892058, 3.55600000000000 ) );
#3733 = DIRECTION( '', ( -0.744149453838320, 0.668013166301481, 0.000000000000000 ) );
#3734 = DIRECTION( '', ( -0.668013166301481, -0.744149453838320, 0.000000000000000 ) );
#3735 = SURFACE_STYLE_FILL_AREA( #5346 );
#3736 = ORIENTED_EDGE( '', *, *, #5347, .F. );
#3737 = ORIENTED_EDGE( '', *, *, #5316, .F. );
#3738 = ORIENTED_EDGE( '', *, *, #5348, .T. );
#3739 = ORIENTED_EDGE( '', *, *, #5349, .T. );
#3740 = CARTESIAN_POINT( '', ( 2.20635210027730, -3.26131028644369, 3.55600000000000 ) );
#3741 = DIRECTION( '', ( 0.000000000000000, -1.00000000000000, 0.000000000000000 ) );
#3742 = DIRECTION( '', ( 0.000000000000000, 0.000000000000000, -1.00000000000000 ) );
#3743 = SURFACE_STYLE_FILL_AREA( #5350 );
#3744 = ORIENTED_EDGE( '', *, *, #5351, .F. );
#3745 = ORIENTED_EDGE( '', *, *, #5352, .F. );
#3746 = ORIENTED_EDGE( '', *, *, #5224, .T. );
#3747 = ORIENTED_EDGE( '', *, *, #5071, .T. );
#3748 = CARTESIAN_POINT( '', ( 2.68696616668215, -2.01216712328767, 3.55600000000000 ) );
#3749 = CARTESIAN_POINT( '', ( 2.74318894426159, -2.06022852992816, 3.55600000000000 ) );
#3750 = CARTESIAN_POINT( '', ( 2.78943671291564, -2.10965016505846, 3.55600000000000 ) );
#3751 = CARTESIAN_POINT( '', ( 2.82616288214092, -2.16043202867860, 3.55600000000000 ) );
#3752 = DIRECTION( '', ( 0.000000000000000, 0.000000000000000, -1.00000000000000 ) );
#3753 = SURFACE_STYLE_FILL_AREA( #5353 );
#3754 = ORIENTED_EDGE( '', *, *, #5080, .T. );
#3755 = ORIENTED_EDGE( '', *, *, #5239, .T. );
#3756 = ORIENTED_EDGE( '', *, *, #5354, .T. );
#3757 = CARTESIAN_POINT( '', ( 0.000000000000000, 0.000000000000000, 3.50520000000000 ) );
#3758 = DIRECTION( '', ( 0.000000000000000, 0.000000000000000, 1.00000000000000 ) );
#3759 = DIRECTION( '', ( 1.00000000000000, 0.000000000000000, 0.000000000000000 ) );
#3760 = SURFACE_STYLE_FILL_AREA( #5355 );
#3761 = ORIENTED_EDGE( '', *, *, #4704, .T. );
#3762 = ORIENTED_EDGE( '', *, *, #5043, .T. );
#3763 = ORIENTED_EDGE( '', *, *, #5356, .T. );
#3764 = ORIENTED_EDGE( '', *, *, #5030, .T. );
#3765 = ORIENTED_EDGE( '', *, *, #5357, .T. );
#3766 = ORIENTED_EDGE( '', *, *, #5133, .T. );
#3767 = ORIENTED_EDGE( '', *, *, #5186, .T. );
#3768 = ORIENTED_EDGE( '', *, *, #5358, .T. );
#3769 = ORIENTED_EDGE( '', *, *, #4988, .T. );
#3770 = CARTESIAN_POINT( '', ( 4.60375000000000, 3.75540389311319, -0.674327603859505 ) );
#3771 = DIRECTION( '', ( -1.00000000000000, 6.12303176911189E-017, 0.000000000000000 ) );
#3772 = DIRECTION( '', ( -6.12303176911189E-017, -1.00000000000000, 0.000000000000000 ) );
#3773 = SURFACE_STYLE_FILL_AREA( #5359 );
#3774 = ORIENTED_EDGE( '', *, *, #5360, .F. );
#3775 = ORIENTED_EDGE( '', *, *, #4819, .F. );
#3776 = ORIENTED_EDGE( '', *, *, #4884, .T. );
#3777 = ORIENTED_EDGE( '', *, *, #5067, .T. );
#3778 = CARTESIAN_POINT( '', ( -3.80422336621182, 2.11450278314393, 3.55600000000000 ) );
#3779 = DIRECTION( '', ( 0.000000000000000, -1.00000000000000, 0.000000000000000 ) );
#3780 = DIRECTION( '', ( 0.000000000000000, 0.000000000000000, -1.00000000000000 ) );
#3781 = SURFACE_STYLE_FILL_AREA( #5361 );
#3782 = ORIENTED_EDGE( '', *, *, #5095, .F. );
#3783 = ORIENTED_EDGE( '', *, *, #5057, .T. );
#3784 = ORIENTED_EDGE( '', *, *, #5362, .F. );
#3785 = ORIENTED_EDGE( '', *, *, #5341, .F. );
#3786 = CARTESIAN_POINT( '', ( 4.60375000000000, -4.19975252689862, -1.04402708173490 ) );
#3787 = DIRECTION( '', ( 0.000000000000000, -1.00000000000000, 0.000000000000000 ) );
#3788 = DIRECTION( '', ( 0.000000000000000, 0.000000000000000, -1.00000000000000 ) );
#3789 = SURFACE_STYLE_FILL_AREA( #5363 );
#3790 = ORIENTED_EDGE( '', *, *, #5364, .T. );
#3791 = ORIENTED_EDGE( '', *, *, #5236, .F. );
#3792 = ORIENTED_EDGE( '', *, *, #5273, .F. );
#3793 = ORIENTED_EDGE( '', *, *, #5365, .T. );
#3794 = CARTESIAN_POINT( '', ( 3.00355000000000, -0.812800000000000, 2.23520000000000 ) );
#3795 = DIRECTION( '', ( -1.00000000000000, 0.000000000000000, 0.000000000000000 ) );
#3796 = DIRECTION( '', ( 0.000000000000000, 0.000000000000000, 1.00000000000000 ) );
#3797 = SURFACE_STYLE_FILL_AREA( #5366 );
#3798 = ORIENTED_EDGE( '', *, *, #5041, .F. );
#3799 = ORIENTED_EDGE( '', *, *, #5367, .T. );
#3800 = ORIENTED_EDGE( '', *, *, #5253, .F. );
#3801 = ORIENTED_EDGE( '', *, *, #5305, .F. );
#3802 = ORIENTED_EDGE( '', *, *, #5193, .T. );
#3803 = ORIENTED_EDGE( '', *, *, #5368, .F. );
#3804 = ORIENTED_EDGE( '', *, *, #4938, .F. );
#3805 = ORIENTED_EDGE( '', *, *, #5112, .T. );
#3806 = CARTESIAN_POINT( '', ( -4.61645000000000, -0.812800000000000, 4.29260000000000 ) );
#3807 = DIRECTION( '', ( 0.000000000000000, -1.00000000000000, -1.37693951293562E-016 ) );
#3808 = DIRECTION( '', ( 0.000000000000000, 1.37693951293562E-016, -1.00000000000000 ) );
#3809 = SURFACE_STYLE_FILL_AREA( #5369 );
#3810 = ORIENTED_EDGE( '', *, *, #5354, .F. );
#3811 = ORIENTED_EDGE( '', *, *, #5241, .F. );
#3812 = ORIENTED_EDGE( '', *, *, #5370, .T. );
#3813 = ORIENTED_EDGE( '', *, *, #5081, .T. );
#3814 = CARTESIAN_POINT( '', ( -1.84712879940139, -2.51771871200598, 3.55600000000000 ) );
#3815 = DIRECTION( '', ( 0.000000000000000, -1.00000000000000, 0.000000000000000 ) );
#3816 = DIRECTION( '', ( 0.000000000000000, 0.000000000000000, -1.00000000000000 ) );
#3817 = SURFACE_STYLE_FILL_AREA( #5371 );
#3818 = ORIENTED_EDGE( '', *, *, #5372, .F. );
#3819 = ORIENTED_EDGE( '', *, *, #4868, .F. );
#3820 = ORIENTED_EDGE( '', *, *, #5223, .T. );
#3821 = ORIENTED_EDGE( '', *, *, #4866, .T. );
#3822 = CARTESIAN_POINT( '', ( 3.07463128628230, -2.82558376020306, 3.55600000000000 ) );
#3823 = CARTESIAN_POINT( '', ( 2.99301757689279, -2.86684402439442, 3.55600000000000 ) );
#3824 = CARTESIAN_POINT( '', ( 2.93452775183032, -2.90946451707561, 3.55600000000000 ) );
#3825 = CARTESIAN_POINT( '', ( 2.90006863008808, -2.95344523824662, 3.55600000000000 ) );
#3826 = CARTESIAN_POINT( '', ( 2.87622750180202, -2.98387404671699, 3.55600000000000 ) );
#3827 = CARTESIAN_POINT( '', ( 2.86334246086281, -3.01420211079214, 3.55600000000000 ) );
#3828 = CARTESIAN_POINT( '', ( 2.86334246086281, -3.07813284981391, 3.55600000000000 ) );
#3829 = CARTESIAN_POINT( '', ( 2.87467769827801, -3.10579082910702, 3.55600000000000 ) );
#3830 = CARTESIAN_POINT( '', ( 2.91956523844224, -3.15067836927125, 3.55600000000000 ) );
#3831 = CARTESIAN_POINT( '', ( 2.94676980823874, -3.16201360668646, 3.55600000000000 ) );
#3832 = CARTESIAN_POINT( '', ( 2.97896188249794, -3.16201360668646, 3.55600000000000 ) );
#3833 = DIRECTION( '', ( 0.000000000000000, 0.000000000000000, -1.00000000000000 ) );
#3834 = SURFACE_STYLE_FILL_AREA( #5373 );
#3835 = ORIENTED_EDGE( '', *, *, #5374, .F. );
#3836 = ORIENTED_EDGE( '', *, *, #5331, .F. );
#3837 = ORIENTED_EDGE( '', *, *, #5375, .T. );
#3838 = ORIENTED_EDGE( '', *, *, #4822, .T. );
#3839 = CARTESIAN_POINT( '', ( 3.87444563829943, -2.47101753385532, 3.55600000000000 ) );
#3840 = DIRECTION( '', ( -0.135980020730016, -0.990711579604410, 0.000000000000000 ) );
#3841 = DIRECTION( '', ( 0.990711579604409, -0.135980020730016, 0.000000000000000 ) );
#3842 = SURFACE_STYLE_FILL_AREA( #5376 );
#3843 = ORIENTED_EDGE( '', *, *, #5200, .T. );
#3844 = ORIENTED_EDGE( '', *, *, #4852, .T. );
#3845 = ORIENTED_EDGE( '', *, *, #4709, .F. );
#3846 = ORIENTED_EDGE( '', *, *, #4758, .T. );
#3847 = CARTESIAN_POINT( '', ( 4.60375000000000, 3.75540389311319, -0.674327603859505 ) );
#3848 = DIRECTION( '', ( 1.00000000000000, -0.000000000000000, -0.000000000000000 ) );
#3849 = DIRECTION( '', ( 0.000000000000000, 0.000000000000000, 1.00000000000000 ) );
#3850 = SURFACE_STYLE_FILL_AREA( #5377 );
#3851 = ORIENTED_EDGE( '', *, *, #5378, .F. );
#3852 = ORIENTED_EDGE( '', *, *, #4959, .T. );
#3853 = ORIENTED_EDGE( '', *, *, #5379, .T. );
#3854 = ORIENTED_EDGE( '', *, *, #5292, .T. );
#3855 = CARTESIAN_POINT( '', ( 4.60375000000000, 3.41728531584248, -0.856464708432565 ) );
#3856 = DIRECTION( '', ( 0.000000000000000, 0.980927717612486, 0.194372870585272 ) );
#3857 = DIRECTION( '', ( 0.000000000000000, -0.194372870585272, 0.980927717612486 ) );
#3858 = SURFACE_STYLE_FILL_AREA( #5380 );
#3859 = ORIENTED_EDGE( '', *, *, #5381, .F. );
#3860 = ORIENTED_EDGE( '', *, *, #4996, .F. );
#3861 = ORIENTED_EDGE( '', *, *, #5382, .T. );
#3862 = ORIENTED_EDGE( '', *, *, #5383, .T. );
#3863 = CARTESIAN_POINT( '', ( -2.09242333706651, -3.26131028644369, 3.55600000000000 ) );
#3864 = DIRECTION( '', ( 0.000000000000000, -1.00000000000000, 0.000000000000000 ) );
#3865 = DIRECTION( '', ( 0.000000000000000, 0.000000000000000, -1.00000000000000 ) );
#3866 = SURFACE_STYLE_FILL_AREA( #5384 );
#3867 = ORIENTED_EDGE( '', *, *, #5385, .F. );
#3868 = ORIENTED_EDGE( '', *, *, #5386, .F. );
#3869 = ORIENTED_EDGE( '', *, *, #5153, .T. );
#3870 = ORIENTED_EDGE( '', *, *, #5387, .T. );
#3871 = CARTESIAN_POINT( '', ( 1.46149507685839, 2.48593966928434, 3.55600000000000 ) );
#3872 = DIRECTION( '', ( 0.146107382601606, 0.989268736365053, 0.000000000000000 ) );
#3873 = DIRECTION( '', ( -0.989268736365053, 0.146107382601606, 0.000000000000000 ) );
#3874 = SURFACE_STYLE_FILL_AREA( #5388 );
#3875 = ORIENTED_EDGE( '', *, *, #4721, .F. );
#3876 = ORIENTED_EDGE( '', *, *, #5389, .F. );
#3877 = ORIENTED_EDGE( '', *, *, #5390, .F. );
#3878 = ORIENTED_EDGE( '', *, *, #5262, .T. );
#3879 = CARTESIAN_POINT( '', ( 4.60375000000000, -3.42603784274110, -0.859091790167467 ) );
#3880 = DIRECTION( '', ( 0.000000000000000, 0.980927717612486, -0.194372870585272 ) );
#3881 = DIRECTION( '', ( 0.000000000000000, 0.194372870585272, 0.980927717612486 ) );
#3882 = SURFACE_STYLE_FILL_AREA( #5391 );
#3883 = ORIENTED_EDGE( '', *, *, #5392, .F. );
#3884 = ORIENTED_EDGE( '', *, *, #5393, .F. );
#3885 = ORIENTED_EDGE( '', *, *, #5394, .T. );
#3886 = ORIENTED_EDGE( '', *, *, #5136, .T. );
#3887 = CARTESIAN_POINT( '', ( -0.963470365120511, 2.45960645720722, 3.55600000000000 ) );
#3888 = DIRECTION( '', ( 0.197265566609778, 0.980350088606169, 0.000000000000000 ) );
#3889 = DIRECTION( '', ( -0.980350088606169, 0.197265566609778, 0.000000000000000 ) );
#3890 = SURFACE_STYLE_FILL_AREA( #5395 );
#3891 = ORIENTED_EDGE( '', *, *, #5396, .F. );
#3892 = ORIENTED_EDGE( '', *, *, #4935, .F. );
#3893 = ORIENTED_EDGE( '', *, *, #4908, .T. );
#3894 = ORIENTED_EDGE( '', *, *, #5397, .T. );
#3895 = CARTESIAN_POINT( '', ( -3.97452615748779, -2.35131742675072, 3.55600000000000 ) );
#3896 = DIRECTION( '', ( 0.977230275951078, -0.212181497224850, 0.000000000000000 ) );
#3897 = DIRECTION( '', ( 0.212181497224850, 0.977230275951078, 0.000000000000000 ) );
#3898 = SURFACE_STYLE_FILL_AREA( #5398 );
#3899 = ORIENTED_EDGE( '', *, *, #4771, .T. );
#3900 = ORIENTED_EDGE( '', *, *, #5399, .T. );
#3901 = ORIENTED_EDGE( '', *, *, #5255, .T. );
#3902 = ORIENTED_EDGE( '', *, *, #4975, .T. );
#3903 = ORIENTED_EDGE( '', *, *, #5144, .T. );
#3904 = ORIENTED_EDGE( '', *, *, #4925, .T. );
#3905 = ORIENTED_EDGE( '', *, *, #5050, .T. );
#3906 = ORIENTED_EDGE( '', *, *, #5400, .T. );
#3907 = CARTESIAN_POINT( '', ( 3.00355000000000, -11.5433280311199, 7.37257477290143E-015 ) );
#3908 = DIRECTION( '', ( 1.00000000000000, 0.000000000000000, 0.000000000000000 ) );
#3909 = DIRECTION( '', ( 0.000000000000000, 0.000000000000000, -1.00000000000000 ) );
#3910 = SURFACE_STYLE_FILL_AREA( #5401 );
#3911 = ORIENTED_EDGE( '', *, *, #5402, .F. );
#3912 = ORIENTED_EDGE( '', *, *, #5403, .F. );
#3913 = ORIENTED_EDGE( '', *, *, #4903, .T. );
#3914 = ORIENTED_EDGE( '', *, *, #5270, .T. );
#3915 = CARTESIAN_POINT( '', ( -4.82557578262167, -2.48371299976036, 3.55600000000000 ) );
#3916 = DIRECTION( '', ( -0.979534918634303, 0.201274298349514, 0.000000000000000 ) );
#3917 = DIRECTION( '', ( -0.201274298349514, -0.979534918634303, 0.000000000000000 ) );
#3918 = SURFACE_STYLE_FILL_AREA( #5404 );
#3919 = ORIENTED_EDGE( '', *, *, #5097, .F. );
#3920 = ORIENTED_EDGE( '', *, *, #5343, .T. );
#3921 = ORIENTED_EDGE( '', *, *, #5405, .F. );
#3922 = ORIENTED_EDGE( '', *, *, #5406, .F. );
#3923 = CARTESIAN_POINT( '', ( 4.60375000000000, -3.65121416419274, -0.814472633013957 ) );
#3924 = DIRECTION( '', ( 1.00000000000000, -0.000000000000000, -0.000000000000000 ) );
#3925 = DIRECTION( '', ( 0.000000000000000, 0.000000000000000, 1.00000000000000 ) );
#3926 = SURFACE_STYLE_FILL_AREA( #5407 );
#3927 = ORIENTED_EDGE( '', *, *, #5142, .F. );
#3928 = ORIENTED_EDGE( '', *, *, #5090, .F. );
#3929 = ORIENTED_EDGE( '', *, *, #5222, .T. );
#3930 = ORIENTED_EDGE( '', *, *, #5088, .T. );
#3931 = CARTESIAN_POINT( '', ( 2.91457773397955, -2.27514463132051, 3.55600000000000 ) );
#3932 = CARTESIAN_POINT( '', ( 3.01795509920626, -2.41116748030302, 3.55600000000000 ) );
#3933 = CARTESIAN_POINT( '', ( 3.09866198960254, -2.53268122539406, 3.55600000000000 ) );
#3934 = CARTESIAN_POINT( '', ( 3.15624499567180, -2.64059268558685, 3.55600000000000 ) );
#3935 = DIRECTION( '', ( 0.000000000000000, 0.000000000000000, -1.00000000000000 ) );
#3936 = SURFACE_STYLE_FILL_AREA( #5408 );
#3937 = ORIENTED_EDGE( '', *, *, #5160, .F. );
#3938 = ORIENTED_EDGE( '', *, *, #5339, .T. );
#3939 = ORIENTED_EDGE( '', *, *, #4948, .T. );
#3940 = ORIENTED_EDGE( '', *, *, #5234, .F. );
#3941 = CARTESIAN_POINT( '', ( -4.61645000000000, -1.60020000000000, 4.29260000000000 ) );
#3942 = DIRECTION( '', ( 0.000000000000000, 0.000000000000000, -1.00000000000000 ) );
#3943 = DIRECTION( '', ( -1.00000000000000, 0.000000000000000, 0.000000000000000 ) );
#3944 = SURFACE_STYLE_FILL_AREA( #5409 );
#3945 = ORIENTED_EDGE( '', *, *, #5410, .F. );
#3946 = ORIENTED_EDGE( '', *, *, #5411, .F. );
#3947 = ORIENTED_EDGE( '', *, *, #5412, .T. );
#3948 = ORIENTED_EDGE( '', *, *, #5166, .T. );
#3949 = CARTESIAN_POINT( '', ( -2.48779641810899, -2.04073192157399, 3.55600000000000 ) );
#3950 = DIRECTION( '', ( 0.000000000000000, 1.00000000000000, 0.000000000000000 ) );
#3951 = DIRECTION( '', ( 0.000000000000000, 0.000000000000000, 1.00000000000000 ) );
#3952 = SURFACE_STYLE_FILL_AREA( #5413 );
#3953 = ORIENTED_EDGE( '', *, *, #5414, .F. );
#3954 = ORIENTED_EDGE( '', *, *, #4735, .F. );
#3955 = ORIENTED_EDGE( '', *, *, #4955, .T. );
#3956 = ORIENTED_EDGE( '', *, *, #5125, .T. );
#3957 = CARTESIAN_POINT( '', ( -0.0575215162882141, -2.90130314613665, 3.55600000000000 ) );
#3958 = CARTESIAN_POINT( '', ( -0.0575215162882141, -2.93576226787889, 3.55600000000000 ) );
#3959 = CARTESIAN_POINT( '', ( -0.0543476498119566, -2.96296683767539, 3.55600000000000 ) );
#3960 = CARTESIAN_POINT( '', ( -0.0479999168594382, -2.98291685552616, 3.55600000000000 ) );
#3961 = CARTESIAN_POINT( '', ( -0.0371742334563628, -3.01694043193582, 3.55600000000000 ) );
#3962 = CARTESIAN_POINT( '', ( -0.0198885280697217, -3.04594077555472, 3.55600000000000 ) );
#3963 = CARTESIAN_POINT( '', ( 0.0263592405843312, -3.09309536320199, 3.55600000000000 ) );
#3964 = CARTESIAN_POINT( '', ( 0.0585513148435241, -3.11168515256293, 3.55600000000000 ) );
#3965 = CARTESIAN_POINT( '', ( 0.0993581695382774, -3.12619425645440, 3.55600000000000 ) );
#3966 = CARTESIAN_POINT( '', ( 0.140021905058298, -3.14065247352818, 3.55600000000000 ) );
#3967 = CARTESIAN_POINT( '', ( 0.185505973893865, -3.14750450279499, 3.55600000000000 ) );
#3968 = CARTESIAN_POINT( '', ( 0.324702689352628, -3.14750450279499, 3.55600000000000 ) );
#3969 = CARTESIAN_POINT( '', ( 0.393620932837097, -3.12755448494422, 3.55600000000000 ) );
#3970 = CARTESIAN_POINT( '', ( 0.442589158470800, -3.08765444924269, 3.55600000000000 ) );
#3971 = CARTESIAN_POINT( '', ( 0.480304380893130, -3.05692352726894, 3.55600000000000 ) );
#3972 = CARTESIAN_POINT( '', ( 0.499265345546844, -3.01601574877857, 3.55600000000000 ) );
#3973 = CARTESIAN_POINT( '', ( 0.499265345546844, -2.93530885838228, 3.55600000000000 ) );
#3974 = CARTESIAN_POINT( '', ( 0.491557384104503, -2.90855769808238, 3.55600000000000 ) );
#3975 = CARTESIAN_POINT( '', ( 0.476141461219820, -2.88498040425875, 3.55600000000000 ) );
#3976 = CARTESIAN_POINT( '', ( 0.460382074768275, -2.86087781321522, 3.55600000000000 ) );
#3977 = CARTESIAN_POINT( '', ( 0.432614149545417, -2.83782581661149, 3.55600000000000 ) );
#3978 = CARTESIAN_POINT( '', ( 0.392260704347275, -2.81515534178107, 3.55600000000000 ) );
#3979 = CARTESIAN_POINT( '', ( 0.363233794721970, -2.79884808918258, 3.55600000000000 ) );
#3980 = CARTESIAN_POINT( '', ( 0.294777662576477, -2.76709393514058, 3.55600000000000 ) );
#3981 = CARTESIAN_POINT( '', ( 0.186866202383688, -2.71903252850010, 3.55600000000000 ) );
#3982 = CARTESIAN_POINT( '', ( 0.0993510891896263, -2.68005520917837, 3.55600000000000 ) );
#3983 = CARTESIAN_POINT( '', ( 0.0386012969927568, -2.64966087551902, 3.55600000000000 ) );
#3984 = CARTESIAN_POINT( '', ( 0.00550240374034856, -2.62744381018521, 3.55600000000000 ) );
#3985 = CARTESIAN_POINT( '', ( -0.0387679012191170, -2.59772812603433, 3.55600000000000 ) );
#3986 = CARTESIAN_POINT( '', ( -0.0729374391728972, -2.56260625217022, 3.55600000000000 ) );
#3987 = CARTESIAN_POINT( '', ( -0.0969681424931408, -2.52089257848225, 3.55600000000000 ) );
#3988 = CARTESIAN_POINT( '', ( -0.121081982283666, -2.47903459243077, 3.55600000000000 ) );
#3989 = CARTESIAN_POINT( '', ( -0.132334083228591, -2.43111749815379, 3.55600000000000 ) );
#3990 = CARTESIAN_POINT( '', ( -0.132334083228591, -2.31187080054580, 3.55600000000000 ) );
#3991 = CARTESIAN_POINT( '', ( -0.112384065377824, -2.25066051850366, 3.55600000000000 ) );
#3992 = CARTESIAN_POINT( '', ( -0.0720306201796818, -2.19534455991744, 3.55600000000000 ) );
#3993 = CARTESIAN_POINT( '', ( -0.0316187814848705, -2.13994855631332, 3.55600000000000 ) );
#3994 = CARTESIAN_POINT( '', ( 0.0236387836046815, -2.09604788016022, 3.55600000000000 ) );
#3995 = CARTESIAN_POINT( '', ( 0.0943706650755856, -2.06566944388746, 3.55600000000000 ) );
#3996 = CARTESIAN_POINT( '', ( 0.165485345280556, -2.03512660046609, 3.55600000000000 ) );
#3997 = CARTESIAN_POINT( '', ( 0.246716255935993, -2.01987508473001, 3.55600000000000 ) );
#3998 = CARTESIAN_POINT( '', ( 0.476141461219820, -2.01987508473001, 3.55600000000000 ) );
#3999 = CARTESIAN_POINT( '', ( 0.589040425875300, -2.05025352100277, 3.55600000000000 ) );
#4000 = CARTESIAN_POINT( '', ( 0.676095049224103, -2.11055698405168, 3.55600000000000 ) );
#4001 = CARTESIAN_POINT( '', ( 0.763243823632933, -2.17092566632447, 3.55600000000000 ) );
#4002 = CARTESIAN_POINT( '', ( 0.807583803240526, -2.27922531678999, 3.55600000000000 ) );
#4003 = CARTESIAN_POINT( '', ( 0.808037212737135, -2.43610500261648, 3.55600000000000 ) );
#4004 = DIRECTION( '', ( 0.000000000000000, 0.000000000000000, -1.00000000000000 ) );
#4005 = SURFACE_STYLE_FILL_AREA( #5415 );
#4006 = ORIENTED_EDGE( '', *, *, #5098, .F. );
#4007 = ORIENTED_EDGE( '', *, *, #5406, .T. );
#4008 = ORIENTED_EDGE( '', *, *, #5416, .F. );
#4009 = ORIENTED_EDGE( '', *, *, #5417, .F. );
#4010 = CARTESIAN_POINT( '', ( 4.60375000000000, -3.42603784274110, -0.859091790167467 ) );
#4011 = DIRECTION( '', ( 0.000000000000000, 0.980927717612486, -0.194372870585272 ) );
#4012 = DIRECTION( '', ( 0.000000000000000, 0.194372870585272, 0.980927717612486 ) );
#4013 = SURFACE_STYLE_FILL_AREA( #5418 );
#4014 = ORIENTED_EDGE( '', *, *, #5419, .T. );
#4015 = ORIENTED_EDGE( '', *, *, #5195, .F. );
#4016 = ORIENTED_EDGE( '', *, *, #5306, .F. );
#4017 = ORIENTED_EDGE( '', *, *, #5251, .T. );
#4018 = CARTESIAN_POINT( '', ( 0.463550000000000, 0.176700493150686, 2.23520000000000 ) );
#4019 = DIRECTION( '', ( 0.000000000000000, 1.00000000000000, 0.000000000000000 ) );
#4020 = DIRECTION( '', ( 0.000000000000000, 0.000000000000000, 1.00000000000000 ) );
#4021 = SURFACE_STYLE_FILL_AREA( #5420 );
#4022 = ORIENTED_EDGE( '', *, *, #5029, .T. );
#4023 = ORIENTED_EDGE( '', *, *, #5212, .T. );
#4024 = ORIENTED_EDGE( '', *, *, #5130, .F. );
#4025 = ORIENTED_EDGE( '', *, *, #5357, .F. );
#4026 = CARTESIAN_POINT( '', ( 4.60375000000000, 3.64246163729411, -0.811845551279055 ) );
#4027 = DIRECTION( '', ( 1.00000000000000, -0.000000000000000, -0.000000000000000 ) );
#4028 = DIRECTION( '', ( 0.000000000000000, 0.000000000000000, 1.00000000000000 ) );
#4029 = SURFACE_STYLE_FILL_AREA( #5421 );
#4030 = ORIENTED_EDGE( '', *, *, #5422, .F. );
#4031 = ORIENTED_EDGE( '', *, *, #4838, .F. );
#4032 = ORIENTED_EDGE( '', *, *, #5423, .T. );
#4033 = ORIENTED_EDGE( '', *, *, #5424, .T. );
#4034 = CARTESIAN_POINT( '', ( -1.05632958665561, 2.77930089154699, 3.55600000000000 ) );
#4035 = DIRECTION( '', ( 0.979187274549593, -0.202958816906635, 0.000000000000000 ) );
#4036 = DIRECTION( '', ( 0.202958816906635, 0.979187274549593, 0.000000000000000 ) );
#4037 = SURFACE_STYLE_FILL_AREA( #5425 );
#4038 = ORIENTED_EDGE( '', *, *, #5426, .T. );
#4039 = ORIENTED_EDGE( '', *, *, #4857, .T. );
#4040 = ORIENTED_EDGE( '', *, *, #4990, .F. );
#4041 = ORIENTED_EDGE( '', *, *, #4753, .T. );
#4042 = CARTESIAN_POINT( '', ( 4.60375000000000, 3.41728531584248, -0.856464708432565 ) );
#4043 = DIRECTION( '', ( 0.000000000000000, 0.980927717612486, 0.194372870585272 ) );
#4044 = DIRECTION( '', ( 0.000000000000000, -0.194372870585272, 0.980927717612486 ) );
#4045 = SURFACE_STYLE_FILL_AREA( #5427 );
#4046 = ORIENTED_EDGE( '', *, *, #5428, .F. );
#4047 = ORIENTED_EDGE( '', *, *, #5429, .F. );
#4048 = ORIENTED_EDGE( '', *, *, #5154, .T. );
#4049 = ORIENTED_EDGE( '', *, *, #5386, .T. );
#4050 = CARTESIAN_POINT( '', ( 1.72713712851354, 3.35632162635964, 3.55600000000000 ) );
#4051 = CARTESIAN_POINT( '', ( 1.71142959850263, 3.28240383807300, 3.55600000000000 ) );
#4052 = CARTESIAN_POINT( '', ( 1.68971624819342, 3.22049769038293, 3.55600000000000 ) );
#4053 = CARTESIAN_POINT( '', ( 1.66153509140914, 3.17014119711265, 3.55600000000000 ) );
#4054 = CARTESIAN_POINT( '', ( 1.63366099760738, 3.12033339015539, 3.55600000000000 ) );
#4055 = CARTESIAN_POINT( '', ( 1.59639504048153, 3.07312409998642, 3.55600000000000 ) );
#4056 = CARTESIAN_POINT( '', ( 1.55019642280237, 3.02784945466085, 3.55600000000000 ) );
#4057 = CARTESIAN_POINT( '', ( 1.50422875107978, 2.98280113637270, 3.55600000000000 ) );
#4058 = CARTESIAN_POINT( '', ( 1.41483447300244, 2.90773304869504, 3.55600000000000 ) );
#4059 = CARTESIAN_POINT( '', ( 1.28270642644006, 2.80147622803298, 3.55600000000000 ) );
#4060 = CARTESIAN_POINT( '', ( 1.20303683205192, 2.73740627450406, 3.55600000000000 ) );
#4061 = CARTESIAN_POINT( '', ( 1.14780646281692, 2.69059954560301, 3.55600000000000 ) );
#4062 = CARTESIAN_POINT( '', ( 1.11870133367905, 2.65964647175797, 3.55600000000000 ) );
#4063 = CARTESIAN_POINT( '', ( 1.07685367756110, 2.61514182160078, 3.55600000000000 ) );
#4064 = CARTESIAN_POINT( '', ( 1.04570751774599, 2.57233108434437, 3.55600000000000 ) );
#4065 = CARTESIAN_POINT( '', ( 1.02630409832074, 2.52982835607954, 3.55600000000000 ) );
#4066 = CARTESIAN_POINT( '', ( 1.01325213061975, 2.50123833159167, 3.55600000000000 ) );
#4067 = CARTESIAN_POINT( '', ( 1.00690067889549, 2.46977015309664, 3.55600000000000 ) );
#4068 = CARTESIAN_POINT( '', ( 1.00690067889549, 2.37875887626870, 3.55600000000000 ) );
#4069 = CARTESIAN_POINT( '', ( 1.02722807067432, 2.32978834152880, 3.55600000000000 ) );
#4070 = CARTESIAN_POINT( '', ( 1.10761366543606, 2.25032671912065, 3.55600000000000 ) );
#4071 = CARTESIAN_POINT( '', ( 1.15750817252954, 2.22999932734182, 3.55600000000000 ) );
#4072 = CARTESIAN_POINT( '', ( 1.27392868908102, 2.22999932734182, 3.55600000000000 ) );
#4073 = CARTESIAN_POINT( '', ( 1.32474716852809, 2.25032671912065, 3.55600000000000 ) );
#4074 = CARTESIAN_POINT( '', ( 1.36863585532329, 2.29098150267830, 3.55600000000000 ) );
#4075 = CARTESIAN_POINT( '', ( 1.41204558513336, 2.33119262081817, 3.55600000000000 ) );
#4076 = CARTESIAN_POINT( '', ( 1.44301562978673, 2.39631435098678, 3.55600000000000 ) );
#4077 = CARTESIAN_POINT( '', ( 1.46149507685839, 2.48593966928434, 3.55600000000000 ) );
#4078 = DIRECTION( '', ( 0.000000000000000, 0.000000000000000, -1.00000000000000 ) );
#4079 = SURFACE_STYLE_FILL_AREA( #5430 );
#4080 = ORIENTED_EDGE( '', *, *, #5431, .F. );
#4081 = ORIENTED_EDGE( '', *, *, #5432, .F. );
#4082 = ORIENTED_EDGE( '', *, *, #5226, .T. );
#4083 = ORIENTED_EDGE( '', *, *, #5203, .T. );
#4084 = CARTESIAN_POINT( '', ( 2.56273196461146, -2.49459482767896, 3.55600000000000 ) );
#4085 = CARTESIAN_POINT( '', ( 2.59900472434013, -2.41796862275215, 3.55600000000000 ) );
#4086 = CARTESIAN_POINT( '', ( 2.64933317846366, -2.34270264631516, 3.55600000000000 ) );
#4087 = CARTESIAN_POINT( '', ( 2.71371732698205, -2.26925030786461, 3.55600000000000 ) );
#4088 = DIRECTION( '', ( 0.000000000000000, 0.000000000000000, -1.00000000000000 ) );
#4089 = SURFACE_STYLE_FILL_AREA( #5433 );
#4090 = ORIENTED_EDGE( '', *, *, #5434, .F. );
#4091 = ORIENTED_EDGE( '', *, *, #5383, .F. );
#4092 = ORIENTED_EDGE( '', *, *, #5435, .T. );
#4093 = ORIENTED_EDGE( '', *, *, #5411, .T. );
#4094 = CARTESIAN_POINT( '', ( -2.28693601111149, -3.26131028644369, 3.55600000000000 ) );
#4095 = DIRECTION( '', ( -0.986728675147216, -0.162377712886408, 0.000000000000000 ) );
#4096 = DIRECTION( '', ( 0.162377712886408, -0.986728675147215, 0.000000000000000 ) );
#4097 = SURFACE_STYLE_FILL_AREA( #5436 );
#4098 = ORIENTED_EDGE( '', *, *, #5437, .F. );
#4099 = ORIENTED_EDGE( '', *, *, #4966, .F. );
#4100 = ORIENTED_EDGE( '', *, *, #4904, .T. );
#4101 = ORIENTED_EDGE( '', *, *, #5403, .T. );
#4102 = CARTESIAN_POINT( '', ( -4.65101312642745, -2.48371299976036, 3.55600000000000 ) );
#4103 = DIRECTION( '', ( 0.000000000000000, -1.00000000000000, 0.000000000000000 ) );
#4104 = DIRECTION( '', ( 0.000000000000000, 0.000000000000000, -1.00000000000000 ) );
#4105 = SURFACE_STYLE_FILL_AREA( #5438 );
#4106 = ORIENTED_EDGE( '', *, *, #5439, .F. );
#4107 = ORIENTED_EDGE( '', *, *, #5078, .F. );
#4108 = ORIENTED_EDGE( '', *, *, #5227, .T. );
#4109 = ORIENTED_EDGE( '', *, *, #5432, .T. );
#4110 = CARTESIAN_POINT( '', ( 2.69376730913128, -2.56215284267360, 3.55600000000000 ) );
#4111 = DIRECTION( '', ( -0.458251170825653, -0.888822740728948, 0.000000000000000 ) );
#4112 = DIRECTION( '', ( 0.888822740728948, -0.458251170825653, 0.000000000000000 ) );
#4113 = SURFACE_STYLE_FILL_AREA( #5440 );
#4114 = ORIENTED_EDGE( '', *, *, #5441, .F. );
#4115 = ORIENTED_EDGE( '', *, *, #4829, .F. );
#4116 = ORIENTED_EDGE( '', *, *, #4982, .F. );
#4117 = ORIENTED_EDGE( '', *, *, #5334, .T. );
#4118 = CARTESIAN_POINT( '', ( 4.60375000000000, -4.19975252689862, -1.04402708173490 ) );
#4119 = DIRECTION( '', ( 0.000000000000000, -1.00000000000000, 0.000000000000000 ) );
#4120 = DIRECTION( '', ( 0.000000000000000, 0.000000000000000, -1.00000000000000 ) );
#4121 = SURFACE_STYLE_FILL_AREA( #5442 );
#4122 = ORIENTED_EDGE( '', *, *, #5443, .F. );
#4123 = ORIENTED_EDGE( '', *, *, #5349, .F. );
#4124 = ORIENTED_EDGE( '', *, *, #5444, .T. );
#4125 = ORIENTED_EDGE( '', *, *, #5284, .T. );
#4126 = CARTESIAN_POINT( '', ( 2.04448490998811, -3.26131028644369, 3.55600000000000 ) );
#4127 = DIRECTION( '', ( -0.978709615633866, 0.205249819161457, 0.000000000000000 ) );
#4128 = DIRECTION( '', ( -0.205249819161457, -0.978709615633866, 0.000000000000000 ) );
#4129 = SURFACE_STYLE_FILL_AREA( #5445 );
#4130 = ORIENTED_EDGE( '', *, *, #5379, .F. );
#4131 = ORIENTED_EDGE( '', *, *, #4958, .T. );
#4132 = ORIENTED_EDGE( '', *, *, #4699, .F. );
#4133 = ORIENTED_EDGE( '', *, *, #5446, .F. );
#4134 = ORIENTED_EDGE( '', *, *, #4972, .F. );
#4135 = ORIENTED_EDGE( '', *, *, #4798, .T. );
#4136 = ORIENTED_EDGE( '', *, *, #4711, .F. );
#4137 = ORIENTED_EDGE( '', *, *, #4858, .F. );
#4138 = ORIENTED_EDGE( '', *, *, #5426, .F. );
#4139 = ORIENTED_EDGE( '', *, *, #4752, .T. );
#4140 = ORIENTED_EDGE( '', *, *, #4707, .F. );
#4141 = ORIENTED_EDGE( '', *, *, #5213, .F. );
#4142 = ORIENTED_EDGE( '', *, *, #5027, .F. );
#4143 = ORIENTED_EDGE( '', *, *, #5356, .F. );
#4144 = ORIENTED_EDGE( '', *, *, #5048, .F. );
#4145 = ORIENTED_EDGE( '', *, *, #5447, .F. );
#4146 = ORIENTED_EDGE( '', *, *, #5178, .F. );
#4147 = ORIENTED_EDGE( '', *, *, #5448, .T. );
#4148 = ORIENTED_EDGE( '', *, *, #5256, .T. );
#4149 = ORIENTED_EDGE( '', *, *, #5399, .F. );
#4150 = ORIENTED_EDGE( '', *, *, #4770, .T. );
#4151 = ORIENTED_EDGE( '', *, *, #4984, .T. );
#4152 = ORIENTED_EDGE( '', *, *, #4785, .T. );
#4153 = ORIENTED_EDGE( '', *, *, #5449, .F. );
#4154 = ORIENTED_EDGE( '', *, *, #4766, .T. );
#4155 = ORIENTED_EDGE( '', *, *, #5450, .T. );
#4156 = ORIENTED_EDGE( '', *, *, #5389, .T. );
#4157 = ORIENTED_EDGE( '', *, *, #4720, .F. );
#4158 = ORIENTED_EDGE( '', *, *, #4778, .T. );
#4159 = ORIENTED_EDGE( '', *, *, #5099, .T. );
#4160 = ORIENTED_EDGE( '', *, *, #5417, .T. );
#4161 = ORIENTED_EDGE( '', *, *, #5451, .F. );
#4162 = ORIENTED_EDGE( '', *, *, #5181, .F. );
#4163 = ORIENTED_EDGE( '', *, *, #4860, .F. );
#4164 = ORIENTED_EDGE( '', *, *, #5045, .F. );
#4165 = ORIENTED_EDGE( '', *, *, #5293, .T. );
#4166 = CARTESIAN_POINT( '', ( 0.000000000000000, 0.000000000000000, 0.000000000000000 ) );
#4167 = DIRECTION( '', ( 0.000000000000000, 0.000000000000000, 1.00000000000000 ) );
#4168 = DIRECTION( '', ( 1.00000000000000, 0.000000000000000, 0.000000000000000 ) );
#4169 = SURFACE_STYLE_FILL_AREA( #5452 );
#4170 = ORIENTED_EDGE( '', *, *, #5082, .F. );
#4171 = ORIENTED_EDGE( '', *, *, #5370, .F. );
#4172 = ORIENTED_EDGE( '', *, *, #5240, .F. );
#4173 = ORIENTED_EDGE( '', *, *, #5110, .F. );
#4174 = ORIENTED_EDGE( '', *, *, #5277, .F. );
#4175 = ORIENTED_EDGE( '', *, *, #4813, .F. );
#4176 = ORIENTED_EDGE( '', *, *, #5167, .F. );
#4177 = ORIENTED_EDGE( '', *, *, #5412, .F. );
#4178 = ORIENTED_EDGE( '', *, *, #5435, .F. );
#4179 = ORIENTED_EDGE( '', *, *, #5382, .F. );
#4180 = ORIENTED_EDGE( '', *, *, #4995, .F. );
#4181 = CARTESIAN_POINT( '', ( -1.49256257305365, -2.04073192157399, 3.55600000000000 ) );
#4182 = DIRECTION( '', ( 0.000000000000000, 0.000000000000000, 1.00000000000000 ) );
#4183 = DIRECTION( '', ( 1.00000000000000, 0.000000000000000, 0.000000000000000 ) );
#4184 = SURFACE_STYLE_FILL_AREA( #5453 );
#4185 = ORIENTED_EDGE( '', *, *, #5006, .T. );
#4186 = ORIENTED_EDGE( '', *, *, #5454, .T. );
#4187 = ORIENTED_EDGE( '', *, *, #4844, .F. );
#4188 = ORIENTED_EDGE( '', *, *, #4803, .T. );
#4189 = CARTESIAN_POINT( '', ( 4.60375000000000, 3.75540389311319, -0.787400000000000 ) );
#4190 = DIRECTION( '', ( 0.000000000000000, 1.49340476924957E-015, -1.00000000000000 ) );
#4191 = DIRECTION( '', ( 0.000000000000000, 1.00000000000000, 1.49340476924957E-015 ) );
#4192 = SURFACE_STYLE_FILL_AREA( #5455 );
#4193 = ORIENTED_EDGE( '', *, *, #4775, .T. );
#4194 = ORIENTED_EDGE( '', *, *, #5182, .T. );
#4195 = ORIENTED_EDGE( '', *, *, #5451, .T. );
#4196 = ORIENTED_EDGE( '', *, *, #5416, .T. );
#4197 = ORIENTED_EDGE( '', *, *, #5405, .T. );
#4198 = ORIENTED_EDGE( '', *, *, #5342, .T. );
#4199 = ORIENTED_EDGE( '', *, *, #5362, .T. );
#4200 = ORIENTED_EDGE( '', *, *, #5056, .T. );
#4201 = ORIENTED_EDGE( '', *, *, #5064, .T. );
#4202 = CARTESIAN_POINT( '', ( -4.61645000000000, -3.76415642001181, -0.676954685594407 ) );
#4203 = DIRECTION( '', ( 1.00000000000000, -6.12303176911189E-017, 0.000000000000000 ) );
#4204 = DIRECTION( '', ( 6.12303176911189E-017, 1.00000000000000, 0.000000000000000 ) );
#4205 = SURFACE_STYLE_FILL_AREA( #5456 );
#4206 = ORIENTED_EDGE( '', *, *, #5457, .F. );
#4207 = ORIENTED_EDGE( '', *, *, #5458, .F. );
#4208 = ORIENTED_EDGE( '', *, *, #5459, .T. );
#4209 = ORIENTED_EDGE( '', *, *, #5460, .T. );
#4210 = CARTESIAN_POINT( '', ( -0.538588992189678, -3.26131028644369, 3.55600000000000 ) );
#4211 = CARTESIAN_POINT( '', ( -0.661009556273934, -3.26131028644369, 3.55600000000000 ) );
#4212 = CARTESIAN_POINT( '', ( -0.783430120358190, -3.26131028644369, 3.55600000000000 ) );
#4213 = CARTESIAN_POINT( '', ( -0.905850684442444, -3.26131028644369, 3.55600000000000 ) );
#4214 = CARTESIAN_POINT( '', ( -0.994265536281074, -3.26131028644369, 3.55600000000000 ) );
#4215 = CARTESIAN_POINT( '', ( -1.06137014177911, -3.25496255349117, 3.55600000000000 ) );
#4216 = CARTESIAN_POINT( '', ( -1.10807131992977, -3.24226708758614, 3.55600000000000 ) );
#4217 = CARTESIAN_POINT( '', ( -1.17418998960151, -3.22429308029673, 3.55600000000000 ) );
#4218 = CARTESIAN_POINT( '', ( -1.23094529351064, -3.19420568094565, 3.55600000000000 ) );
#4219 = CARTESIAN_POINT( '', ( -1.27809988115790, -3.15022495977464, 3.55600000000000 ) );
#4220 = CARTESIAN_POINT( '', ( -1.32548062430588, -3.10603330510778, 3.55600000000000 ) );
#4221 = CARTESIAN_POINT( '', ( -1.36062040954062, -3.05092828001741, 3.55600000000000 ) );
#4222 = CARTESIAN_POINT( '', ( -1.38465111286087, -2.98473049351259, 3.55600000000000 ) );
#4223 = CARTESIAN_POINT( '', ( -1.40862902334065, -2.91867813634186, 3.55600000000000 ) );
#4224 = CARTESIAN_POINT( '', ( -1.42001705359632, -2.84462695906061, 3.55600000000000 ) );
#4225 = CARTESIAN_POINT( '', ( -1.42001705359632, -2.66416997941048, 3.55600000000000 ) );
#4226 = CARTESIAN_POINT( '', ( -1.40550794970485, -2.57484830857864, 3.55600000000000 ) );
#4227 = CARTESIAN_POINT( '', ( -1.37558292292870, -2.49414141818235, 3.55600000000000 ) );
#4228 = CARTESIAN_POINT( '', ( -1.34571269781091, -2.41358232619800, 3.55600000000000 ) );
#4229 = CARTESIAN_POINT( '', ( -1.30711808894084, -2.34224923681855, 3.55600000000000 ) );
#4230 = CARTESIAN_POINT( '', ( -1.25905668230035, -2.28103895477643, 3.55600000000000 ) );
#4231 = CARTESIAN_POINT( '', ( -1.21077504247374, -2.21954818707272, 3.55600000000000 ) );
#4232 = CARTESIAN_POINT( '', ( -1.16112023103295, -2.17131385659720, 3.55600000000000 ) );
#4233 = CARTESIAN_POINT( '', ( -1.10852472942638, -2.13685473485497, 3.55600000000000 ) );
#4234 = CARTESIAN_POINT( '', ( -1.05603861946209, -2.10246728349905, 3.55600000000000 ) );
#4235 = CARTESIAN_POINT( '', ( -0.994265536281074, -2.07655127180605, 3.55600000000000 ) );
#4236 = CARTESIAN_POINT( '', ( -0.922626835816954, -2.05977512043155, 3.55600000000000 ) );
#4237 = CARTESIAN_POINT( '', ( -0.868227889457611, -2.04703612666385, 3.55600000000000 ) );
#4238 = CARTESIAN_POINT( '', ( -0.801566500222522, -2.04073192157399, 3.55600000000000 ) );
#4239 = CARTESIAN_POINT( '', ( -0.722219838316061, -2.04073192157399, 3.55600000000000 ) );
#4240 = CARTESIAN_POINT( '', ( -0.575768570911563, -2.04073192157399, 3.55600000000000 ) );
#4241 = CARTESIAN_POINT( '', ( -0.429317303507064, -2.04073192157399, 3.55600000000000 ) );
#4242 = CARTESIAN_POINT( '', ( -0.282866036102566, -2.04073192157399, 3.55600000000000 ) );
#4243 = DIRECTION( '', ( 0.000000000000000, 0.000000000000000, -1.00000000000000 ) );
#4244 = SURFACE_STYLE_FILL_AREA( #5461 );
#4245 = ORIENTED_EDGE( '', *, *, #5447, .T. );
#4246 = ORIENTED_EDGE( '', *, *, #5047, .F. );
#4247 = ORIENTED_EDGE( '', *, *, #5462, .F. );
#4248 = ORIENTED_EDGE( '', *, *, #5179, .T. );
#4249 = CARTESIAN_POINT( '', ( 6.15950000000000, -3.50520000000000, 3.50520000000000 ) );
#4250 = DIRECTION( '', ( -1.00000000000000, 0.000000000000000, 0.000000000000000 ) );
#4251 = DIRECTION( '', ( 0.000000000000000, 0.000000000000000, 1.00000000000000 ) );
#4252 = SURFACE_STYLE_FILL_AREA( #5463 );
#4253 = ORIENTED_EDGE( '', *, *, #5330, .F. );
#4254 = ORIENTED_EDGE( '', *, *, #4832, .F. );
#4255 = ORIENTED_EDGE( '', *, *, #4823, .F. );
#4256 = ORIENTED_EDGE( '', *, *, #5375, .F. );
#4257 = CARTESIAN_POINT( '', ( 4.58357500086443, -2.62554013133065, 3.55600000000000 ) );
#4258 = DIRECTION( '', ( 0.000000000000000, 0.000000000000000, -1.00000000000000 ) );
#4259 = DIRECTION( '', ( -1.00000000000000, 0.000000000000000, 0.000000000000000 ) );
#4260 = SURFACE_STYLE_FILL_AREA( #5464 );
#4261 = ORIENTED_EDGE( '', *, *, #5185, .T. );
#4262 = ORIENTED_EDGE( '', *, *, #5211, .T. );
#4263 = ORIENTED_EDGE( '', *, *, #4986, .F. );
#4264 = ORIENTED_EDGE( '', *, *, #5358, .F. );
#4265 = CARTESIAN_POINT( '', ( 4.60375000000000, 3.75540389311319, -0.787400000000000 ) );
#4266 = DIRECTION( '', ( 0.000000000000000, 1.49340476924957E-015, -1.00000000000000 ) );
#4267 = DIRECTION( '', ( 0.000000000000000, 1.00000000000000, 1.49340476924957E-015 ) );
#4268 = SURFACE_STYLE_FILL_AREA( #5465 );
#4269 = ORIENTED_EDGE( '', *, *, #5033, .F. );
#4270 = ORIENTED_EDGE( '', *, *, #5345, .F. );
#4271 = ORIENTED_EDGE( '', *, *, #4877, .T. );
#4272 = ORIENTED_EDGE( '', *, *, #4894, .T. );
#4273 = CARTESIAN_POINT( '', ( -3.25261187112269, 2.90496113163429, 3.55600000000000 ) );
#4274 = DIRECTION( '', ( 0.000000000000000, -1.00000000000000, 0.000000000000000 ) );
#4275 = DIRECTION( '', ( 0.000000000000000, 0.000000000000000, -1.00000000000000 ) );
#4276 = SURFACE_STYLE_FILL_AREA( #5466 );
#4277 = ORIENTED_EDGE( '', *, *, #5467, .F. );
#4278 = ORIENTED_EDGE( '', *, *, #4750, .F. );
#4279 = ORIENTED_EDGE( '', *, *, #5468, .T. );
#4280 = ORIENTED_EDGE( '', *, *, #5208, .T. );
#4281 = CARTESIAN_POINT( '', ( 3.82316841261685, 3.35632162635964, 3.55600000000000 ) );
#4282 = DIRECTION( '', ( 0.978972394813362, -0.203992769953720, 0.000000000000000 ) );
#4283 = DIRECTION( '', ( 0.203992769953720, 0.978972394813362, 0.000000000000000 ) );
#4284 = SURFACE_STYLE_FILL_AREA( #5469 );
#4285 = ORIENTED_EDGE( '', *, *, #5470, .F. );
#4286 = ORIENTED_EDGE( '', *, *, #5068, .F. );
#4287 = ORIENTED_EDGE( '', *, *, #4882, .T. );
#4288 = ORIENTED_EDGE( '', *, *, #5324, .T. );
#4289 = CARTESIAN_POINT( '', ( -3.76172063794700, 2.90496113163429, 3.55600000000000 ) );
#4290 = DIRECTION( '', ( 0.000000000000000, -1.00000000000000, 0.000000000000000 ) );
#4291 = DIRECTION( '', ( 0.000000000000000, 0.000000000000000, -1.00000000000000 ) );
#4292 = SURFACE_STYLE_FILL_AREA( #5471 );
#4293 = ORIENTED_EDGE( '', *, *, #5472, .F. );
#4294 = ORIENTED_EDGE( '', *, *, #5271, .F. );
#4295 = ORIENTED_EDGE( '', *, *, #4901, .T. );
#4296 = ORIENTED_EDGE( '', *, *, #5267, .T. );
#4297 = CARTESIAN_POINT( '', ( -4.62290173763773, -2.35131742675072, 3.55600000000000 ) );
#4298 = DIRECTION( '', ( -0.978031664118080, 0.208456383885022, 0.000000000000000 ) );
#4299 = DIRECTION( '', ( -0.208456383885022, -0.978031664118080, 0.000000000000000 ) );
#4300 = SURFACE_STYLE_FILL_AREA( #5473 );
#4301 = ORIENTED_EDGE( '', *, *, #5128, .F. );
#4302 = ORIENTED_EDGE( '', *, *, #5312, .F. );
#4303 = ORIENTED_EDGE( '', *, *, #5474, .T. );
#4304 = ORIENTED_EDGE( '', *, *, #5310, .T. );
#4305 = CARTESIAN_POINT( '', ( -0.671891384192534, -3.12392720897136, 3.55600000000000 ) );
#4306 = DIRECTION( '', ( -0.978639333567645, 0.205584665756656, 0.000000000000000 ) );
#4307 = DIRECTION( '', ( -0.205584665756656, -0.978639333567645, 0.000000000000000 ) );
#4308 = SURFACE_STYLE_FILL_AREA( #5475 );
#4309 = ORIENTED_EDGE( '', *, *, #5085, .F. );
#4310 = CARTESIAN_POINT( '', ( 0.000000000000000, 0.000000000000000, 3.50520000000000 ) );
#4311 = DIRECTION( '', ( 0.000000000000000, 0.000000000000000, 1.00000000000000 ) );
#4312 = DIRECTION( '', ( 1.00000000000000, 0.000000000000000, 0.000000000000000 ) );
#4313 = SURFACE_STYLE_FILL_AREA( #5476 );
#4314 = ORIENTED_EDGE( '', *, *, #5477, .F. );
#4315 = ORIENTED_EDGE( '', *, *, #5460, .F. );
#4316 = ORIENTED_EDGE( '', *, *, #5478, .T. );
#4317 = ORIENTED_EDGE( '', *, *, #5458, .T. );
#4318 = CARTESIAN_POINT( '', ( -0.282866036102566, -2.04073192157399, 3.55600000000000 ) );
#4319 = DIRECTION( '', ( 0.978749915436558, -0.205057560292057, 0.000000000000000 ) );
#4320 = DIRECTION( '', ( 0.205057560292057, 0.978749915436558, 0.000000000000000 ) );
#4321 = SURFACE_STYLE_FILL_AREA( #5479 );
#4322 = ORIENTED_EDGE( '', *, *, #5480, .F. );
#4323 = ORIENTED_EDGE( '', *, *, #4944, .F. );
#4324 = ORIENTED_EDGE( '', *, *, #4887, .T. );
#4325 = ORIENTED_EDGE( '', *, *, #5216, .T. );
#4326 = CARTESIAN_POINT( '', ( -3.51271008865635, 3.35632162635964, 3.55600000000000 ) );
#4327 = DIRECTION( '', ( 0.978321888486135, -0.207090034789033, 0.000000000000000 ) );
#4328 = DIRECTION( '', ( 0.207090034789033, 0.978321888486135, 0.000000000000000 ) );
#4329 = SURFACE_STYLE_FILL_AREA( #5481 );
#4330 = ORIENTED_EDGE( '', *, *, #5482, .F. );
#4331 = ORIENTED_EDGE( '', *, *, #5424, .F. );
#4332 = ORIENTED_EDGE( '', *, *, #5483, .T. );
#4333 = ORIENTED_EDGE( '', *, *, #5393, .T. );
#4334 = CARTESIAN_POINT( '', ( -1.08266279873273, 2.65225469292930, 3.55600000000000 ) );
#4335 = CARTESIAN_POINT( '', ( -1.09744635639006, 2.65456462381326, 3.55600000000000 ) );
#4336 = CARTESIAN_POINT( '', ( -1.11130594169381, 2.65548859616684, 3.55600000000000 ) );
#4337 = CARTESIAN_POINT( '', ( -1.21248091441116, 2.65548859616684, 3.55600000000000 ) );
#4338 = CARTESIAN_POINT( '', ( -1.27946891004594, 2.63423723203444, 3.55600000000000 ) );
#4339 = CARTESIAN_POINT( '', ( -1.32566752772509, 2.59127251759282, 3.55600000000000 ) );
#4340 = CARTESIAN_POINT( '', ( -1.37211387245492, 2.54807741699408, 3.55600000000000 ) );
#4341 = CARTESIAN_POINT( '', ( -1.39542744042062, 2.49610336517376, 3.55600000000000 ) );
#4342 = CARTESIAN_POINT( '', ( -1.39542744042062, 2.37598695920795, 3.55600000000000 ) );
#4343 = CARTESIAN_POINT( '', ( -1.37602402099537, 2.32794039682163, 3.55600000000000 ) );
#4344 = CARTESIAN_POINT( '', ( -1.33767916832168, 2.28867157179434, 3.55600000000000 ) );
#4345 = CARTESIAN_POINT( '', ( -1.29933974923912, 2.24940831128811, 3.55600000000000 ) );
#4346 = CARTESIAN_POINT( '', ( -1.25174973943844, 2.22999932734182, 3.55600000000000 ) );
#4347 = CARTESIAN_POINT( '', ( -1.14087305700847, 2.22999932734182, 3.55600000000000 ) );
#4348 = CARTESIAN_POINT( '', ( -1.09144053609177, 2.25032671912065, 3.55600000000000 ) );
#4349 = CARTESIAN_POINT( '', ( -1.04801383547337, 2.29005753032472, 3.55600000000000 ) );
#4350 = CARTESIAN_POINT( '', ( -1.00410556720394, 2.33022892469887, 3.55600000000000 ) );
#4351 = CARTESIAN_POINT( '', ( -0.975943991893883, 2.38661264127415, 3.55600000000000 ) );
#4352 = CARTESIAN_POINT( '', ( -0.963470365120511, 2.45960645720722, 3.55600000000000 ) );
#4353 = DIRECTION( '', ( 0.000000000000000, 0.000000000000000, -1.00000000000000 ) );
#4354 = SURFACE_STYLE_FILL_AREA( #5484 );
#4355 = ORIENTED_EDGE( '', *, *, #5177, .F. );
#4356 = ORIENTED_EDGE( '', *, *, #4773, .F. );
#4357 = ORIENTED_EDGE( '', *, *, #5485, .F. );
#4358 = ORIENTED_EDGE( '', *, *, #5051, .F. );
#4359 = ORIENTED_EDGE( '', *, *, #4927, .F. );
#4360 = ORIENTED_EDGE( '', *, *, #5145, .F. );
#4361 = ORIENTED_EDGE( '', *, *, #4977, .F. );
#4362 = ORIENTED_EDGE( '', *, *, #5257, .F. );
#4363 = ORIENTED_EDGE( '', *, *, #5448, .F. );
#4364 = CARTESIAN_POINT( '', ( 4.60375000000000, -3.76415642001181, -0.676954685594407 ) );
#4365 = DIRECTION( '', ( 1.00000000000000, -6.12303176911189E-017, 0.000000000000000 ) );
#4366 = DIRECTION( '', ( 6.12303176911189E-017, 1.00000000000000, 0.000000000000000 ) );
#4367 = SURFACE_STYLE_FILL_AREA( #5486 );
#4368 = ORIENTED_EDGE( '', *, *, #5280, .F. );
#4369 = ORIENTED_EDGE( '', *, *, #4795, .F. );
#4370 = ORIENTED_EDGE( '', *, *, #4739, .F. );
#4371 = ORIENTED_EDGE( '', *, *, #5140, .F. );
#4372 = ORIENTED_EDGE( '', *, *, #4716, .F. );
#4373 = ORIENTED_EDGE( '', *, *, #4932, .F. );
#4374 = ORIENTED_EDGE( '', *, *, #5198, .F. );
#4375 = ORIENTED_EDGE( '', *, *, #5010, .F. );
#4376 = ORIENTED_EDGE( '', *, *, #5285, .F. );
#4377 = ORIENTED_EDGE( '', *, *, #5444, .F. );
#4378 = ORIENTED_EDGE( '', *, *, #5348, .F. );
#4379 = ORIENTED_EDGE( '', *, *, #5315, .F. );
#4380 = CARTESIAN_POINT( '', ( 2.38114146121982, -2.04073192157399, 3.55600000000000 ) );
#4381 = DIRECTION( '', ( 0.000000000000000, 0.000000000000000, 1.00000000000000 ) );
#4382 = DIRECTION( '', ( 1.00000000000000, 0.000000000000000, 0.000000000000000 ) );
#4383 = SURFACE_STYLE_FILL_AREA( #5487 );
#4384 = ORIENTED_EDGE( '', *, *, #4749, .F. );
#4385 = ORIENTED_EDGE( '', *, *, #4782, .F. );
#4386 = ORIENTED_EDGE( '', *, *, #5248, .F. );
#4387 = ORIENTED_EDGE( '', *, *, #5172, .F. );
#4388 = ORIENTED_EDGE( '', *, *, #5190, .F. );
#4389 = ORIENTED_EDGE( '', *, *, #5209, .F. );
#4390 = ORIENTED_EDGE( '', *, *, #5468, .F. );
#4391 = CARTESIAN_POINT( '', ( 3.78055018780783, 2.50886573330763, 3.55600000000000 ) );
#4392 = DIRECTION( '', ( 0.000000000000000, 0.000000000000000, 1.00000000000000 ) );
#4393 = DIRECTION( '', ( 1.00000000000000, 0.000000000000000, 0.000000000000000 ) );
#4394 = SURFACE_STYLE_FILL_AREA( #5488 );
#4395 = ORIENTED_EDGE( '', *, *, #5364, .F. );
#4396 = ORIENTED_EDGE( '', *, *, #5489, .F. );
#4397 = ORIENTED_EDGE( '', *, *, #5101, .F. );
#4398 = ORIENTED_EDGE( '', *, *, #4946, .T. );
#4399 = ORIENTED_EDGE( '', *, *, #5338, .F. );
#4400 = ORIENTED_EDGE( '', *, *, #5162, .F. );
#4401 = ORIENTED_EDGE( '', *, *, #5237, .T. );
#4402 = ORIENTED_EDGE( '', *, *, #5192, .F. );
#4403 = ORIENTED_EDGE( '', *, *, #5419, .F. );
#4404 = ORIENTED_EDGE( '', *, *, #5250, .F. );
#4405 = ORIENTED_EDGE( '', *, *, #5367, .F. );
#4406 = ORIENTED_EDGE( '', *, *, #5040, .T. );
#4407 = ORIENTED_EDGE( '', *, *, #5015, .F. );
#4408 = ORIENTED_EDGE( '', *, *, #4939, .F. );
#4409 = ORIENTED_EDGE( '', *, *, #5368, .T. );
#4410 = ORIENTED_EDGE( '', *, *, #5320, .F. );
#4411 = ORIENTED_EDGE( '', *, *, #5035, .F. );
#4412 = ORIENTED_EDGE( '', *, *, #4911, .F. );
#4413 = ORIENTED_EDGE( '', *, *, #5490, .F. );
#4414 = ORIENTED_EDGE( '', *, *, #5157, .T. );
#4415 = ORIENTED_EDGE( '', *, *, #5318, .F. );
#4416 = ORIENTED_EDGE( '', *, *, #5024, .F. );
#4417 = ORIENTED_EDGE( '', *, *, #5303, .F. );
#4418 = ORIENTED_EDGE( '', *, *, #5231, .F. );
#4419 = ORIENTED_EDGE( '', *, *, #4847, .F. );
#4420 = ORIENTED_EDGE( '', *, *, #4919, .T. );
#4421 = ORIENTED_EDGE( '', *, *, #5061, .F. );
#4422 = ORIENTED_EDGE( '', *, *, #5243, .F. );
#4423 = ORIENTED_EDGE( '', *, *, #5046, .T. );
#4424 = ORIENTED_EDGE( '', *, *, #4862, .T. );
#4425 = ORIENTED_EDGE( '', *, *, #5180, .T. );
#4426 = ORIENTED_EDGE( '', *, *, #5462, .T. );
#4427 = ORIENTED_EDGE( '', *, *, #5329, .T. );
#4428 = ORIENTED_EDGE( '', *, *, #5374, .T. );
#4429 = ORIENTED_EDGE( '', *, *, #4821, .T. );
#4430 = ORIENTED_EDGE( '', *, *, #4831, .T. );
#4431 = ORIENTED_EDGE( '', *, *, #5351, .T. );
#4432 = ORIENTED_EDGE( '', *, *, #5070, .T. );
#4433 = ORIENTED_EDGE( '', *, *, #5295, .T. );
#4434 = ORIENTED_EDGE( '', *, *, #5301, .T. );
#4435 = ORIENTED_EDGE( '', *, *, #5075, .T. );
#4436 = ORIENTED_EDGE( '', *, *, #5439, .T. );
#4437 = ORIENTED_EDGE( '', *, *, #5431, .T. );
#4438 = ORIENTED_EDGE( '', *, *, #5202, .T. );
#4439 = ORIENTED_EDGE( '', *, *, #5491, .T. );
#4440 = ORIENTED_EDGE( '', *, *, #5279, .T. );
#4441 = ORIENTED_EDGE( '', *, *, #5314, .T. );
#4442 = ORIENTED_EDGE( '', *, *, #5347, .T. );
#4443 = ORIENTED_EDGE( '', *, *, #5443, .T. );
#4444 = ORIENTED_EDGE( '', *, *, #5283, .T. );
#4445 = ORIENTED_EDGE( '', *, *, #5008, .T. );
#4446 = ORIENTED_EDGE( '', *, *, #5197, .T. );
#4447 = ORIENTED_EDGE( '', *, *, #4930, .T. );
#4448 = ORIENTED_EDGE( '', *, *, #4714, .T. );
#4449 = ORIENTED_EDGE( '', *, *, #5139, .T. );
#4450 = ORIENTED_EDGE( '', *, *, #4737, .T. );
#4451 = ORIENTED_EDGE( '', *, *, #4794, .T. );
#4452 = ORIENTED_EDGE( '', *, *, #5414, .T. );
#4453 = ORIENTED_EDGE( '', *, *, #5124, .T. );
#4454 = ORIENTED_EDGE( '', *, *, #4921, .T. );
#4455 = ORIENTED_EDGE( '', *, *, #4732, .T. );
#4456 = ORIENTED_EDGE( '', *, *, #5457, .T. );
#4457 = ORIENTED_EDGE( '', *, *, #5477, .T. );
#4458 = ORIENTED_EDGE( '', *, *, #5108, .T. );
#4459 = ORIENTED_EDGE( '', *, *, #4993, .T. );
#4460 = ORIENTED_EDGE( '', *, *, #5381, .T. );
#4461 = ORIENTED_EDGE( '', *, *, #5434, .T. );
#4462 = ORIENTED_EDGE( '', *, *, #5410, .T. );
#4463 = ORIENTED_EDGE( '', *, *, #5165, .T. );
#4464 = ORIENTED_EDGE( '', *, *, #4811, .T. );
#4465 = ORIENTED_EDGE( '', *, *, #5276, .T. );
#4466 = ORIENTED_EDGE( '', *, *, #5021, .F. );
#4467 = ORIENTED_EDGE( '', *, *, #5266, .T. );
#4468 = ORIENTED_EDGE( '', *, *, #4789, .T. );
#4469 = ORIENTED_EDGE( '', *, *, #4934, .T. );
#4470 = ORIENTED_EDGE( '', *, *, #5396, .T. );
#4471 = ORIENTED_EDGE( '', *, *, #5492, .T. );
#4472 = ORIENTED_EDGE( '', *, *, #5118, .T. );
#4473 = ORIENTED_EDGE( '', *, *, #4964, .T. );
#4474 = ORIENTED_EDGE( '', *, *, #5437, .T. );
#4475 = ORIENTED_EDGE( '', *, *, #5402, .T. );
#4476 = ORIENTED_EDGE( '', *, *, #5269, .T. );
#4477 = ORIENTED_EDGE( '', *, *, #5472, .T. );
#4478 = ORIENTED_EDGE( '', *, *, #4747, .T. );
#4479 = ORIENTED_EDGE( '', *, *, #5467, .T. );
#4480 = ORIENTED_EDGE( '', *, *, #5207, .T. );
#4481 = ORIENTED_EDGE( '', *, *, #5188, .T. );
#4482 = ORIENTED_EDGE( '', *, *, #5170, .T. );
#4483 = ORIENTED_EDGE( '', *, *, #5247, .T. );
#4484 = ORIENTED_EDGE( '', *, *, #4780, .T. );
#4485 = ORIENTED_EDGE( '', *, *, #5493, .T. );
#4486 = ORIENTED_EDGE( '', *, *, #5428, .T. );
#4487 = ORIENTED_EDGE( '', *, *, #5385, .T. );
#4488 = ORIENTED_EDGE( '', *, *, #5494, .T. );
#4489 = ORIENTED_EDGE( '', *, *, #4968, .T. );
#4490 = ORIENTED_EDGE( '', *, *, #4870, .T. );
#4491 = ORIENTED_EDGE( '', *, *, #4806, .T. );
#4492 = ORIENTED_EDGE( '', *, *, #5001, .T. );
#4493 = ORIENTED_EDGE( '', *, *, #4835, .T. );
#4494 = ORIENTED_EDGE( '', *, *, #5422, .T. );
#4495 = ORIENTED_EDGE( '', *, *, #5482, .T. );
#4496 = ORIENTED_EDGE( '', *, *, #5392, .T. );
#4497 = ORIENTED_EDGE( '', *, *, #5135, .T. );
#4498 = ORIENTED_EDGE( '', *, *, #4942, .T. );
#4499 = ORIENTED_EDGE( '', *, *, #5480, .T. );
#4500 = ORIENTED_EDGE( '', *, *, #5215, .T. );
#4501 = ORIENTED_EDGE( '', *, *, #5336, .T. );
#4502 = ORIENTED_EDGE( '', *, *, #4816, .T. );
#4503 = ORIENTED_EDGE( '', *, *, #5360, .T. );
#4504 = ORIENTED_EDGE( '', *, *, #5066, .T. );
#4505 = ORIENTED_EDGE( '', *, *, #5470, .T. );
#4506 = ORIENTED_EDGE( '', *, *, #5323, .T. );
#4507 = ORIENTED_EDGE( '', *, *, #5017, .T. );
#4508 = ORIENTED_EDGE( '', *, *, #5106, .T. );
#4509 = CARTESIAN_POINT( '', ( 0.000000000000000, 0.000000000000000, 3.50520000000000 ) );
#4510 = DIRECTION( '', ( 0.000000000000000, 0.000000000000000, 1.00000000000000 ) );
#4511 = DIRECTION( '', ( 1.00000000000000, 0.000000000000000, 0.000000000000000 ) );
#4512 = SURFACE_STYLE_FILL_AREA( #5495 );
#4513 = ORIENTED_EDGE( '', *, *, #4765, .T. );
#4514 = ORIENTED_EDGE( '', *, *, #4729, .T. );
#4515 = ORIENTED_EDGE( '', *, *, #5327, .T. );
#4516 = ORIENTED_EDGE( '', *, *, #5148, .T. );
#4517 = ORIENTED_EDGE( '', *, *, #5308, .T. );
#4518 = ORIENTED_EDGE( '', *, *, #5263, .T. );
#4519 = ORIENTED_EDGE( '', *, *, #5390, .T. );
#4520 = ORIENTED_EDGE( '', *, *, #5450, .F. );
#4521 = CARTESIAN_POINT( '', ( -0.476250000000000, -11.5433280311199, 7.37257477290143E-015 ) );
#4522 = DIRECTION( '', ( -1.00000000000000, 0.000000000000000, 0.000000000000000 ) );
#4523 = DIRECTION( '', ( 0.000000000000000, 0.000000000000000, 1.00000000000000 ) );
#4524 = SURFACE_STYLE_FILL_AREA( #5496 );
#4525 = ORIENTED_EDGE( '', *, *, #5493, .F. );
#4526 = ORIENTED_EDGE( '', *, *, #4873, .F. );
#4527 = ORIENTED_EDGE( '', *, *, #5151, .T. );
#4528 = ORIENTED_EDGE( '', *, *, #5429, .T. );
#4529 = CARTESIAN_POINT( '', ( 0.986111300939875, 3.35632162635964, 3.55600000000000 ) );
#4530 = DIRECTION( '', ( 0.000000000000000, 1.00000000000000, 0.000000000000000 ) );
#4531 = DIRECTION( '', ( 0.000000000000000, 0.000000000000000, 1.00000000000000 ) );
#4532 = SURFACE_STYLE_FILL_AREA( #5497 );
#4533 = ORIENTED_EDGE( '', *, *, #4767, .T. );
#4534 = ORIENTED_EDGE( '', *, *, #5449, .T. );
#4535 = ORIENTED_EDGE( '', *, *, #4784, .T. );
#4536 = ORIENTED_EDGE( '', *, *, #5498, .T. );
#4537 = ORIENTED_EDGE( '', *, *, #4826, .T. );
#4538 = ORIENTED_EDGE( '', *, *, #5441, .T. );
#4539 = ORIENTED_EDGE( '', *, *, #5333, .T. );
#4540 = ORIENTED_EDGE( '', *, *, #5259, .T. );
#4541 = CARTESIAN_POINT( '', ( 0.463550000000000, -11.5433280311199, 7.37257477290143E-015 ) );
#4542 = DIRECTION( '', ( 1.00000000000000, 0.000000000000000, 0.000000000000000 ) );
#4543 = DIRECTION( '', ( 0.000000000000000, 0.000000000000000, -1.00000000000000 ) );
#4544 = SURFACE_STYLE_FILL_AREA( #5499 );
#4545 = ORIENTED_EDGE( '', *, *, #4841, .F. );
#4546 = ORIENTED_EDGE( '', *, *, #4960, .T. );
#4547 = ORIENTED_EDGE( '', *, *, #5378, .T. );
#4548 = ORIENTED_EDGE( '', *, *, #5291, .T. );
#4549 = CARTESIAN_POINT( '', ( 4.60375000000000, 3.64246163729411, -0.811845551279055 ) );
#4550 = DIRECTION( '', ( 1.00000000000000, -0.000000000000000, -0.000000000000000 ) );
#4551 = DIRECTION( '', ( 0.000000000000000, 0.000000000000000, 1.00000000000000 ) );
#4552 = SURFACE_STYLE_FILL_AREA( #5500 );
#4553 = ORIENTED_EDGE( '', *, *, #4701, .F. );
#4554 = ORIENTED_EDGE( '', *, *, #4962, .T. );
#4555 = ORIENTED_EDGE( '', *, *, #5092, .T. );
#4556 = ORIENTED_EDGE( '', *, *, #5290, .T. );
#4557 = CARTESIAN_POINT( '', ( 4.60375000000000, 3.75540389311319, -0.674327603859505 ) );
#4558 = DIRECTION( '', ( 1.00000000000000, -0.000000000000000, -0.000000000000000 ) );
#4559 = DIRECTION( '', ( 0.000000000000000, 0.000000000000000, 1.00000000000000 ) );
#4560 = SURFACE_STYLE_FILL_AREA( #5501 );
#4561 = ORIENTED_EDGE( '', *, *, #5400, .F. );
#4562 = ORIENTED_EDGE( '', *, *, #5052, .F. );
#4563 = ORIENTED_EDGE( '', *, *, #5485, .T. );
#4564 = ORIENTED_EDGE( '', *, *, #4772, .T. );
#4565 = CARTESIAN_POINT( '', ( 4.60375000000000, -3.76415642001181, -0.676954685594407 ) );
#4566 = DIRECTION( '', ( 1.00000000000000, -0.000000000000000, -0.000000000000000 ) );
#4567 = DIRECTION( '', ( 0.000000000000000, 0.000000000000000, 1.00000000000000 ) );
#4568 = SURFACE_STYLE_FILL_AREA( #5502 );
#4569 = ORIENTED_EDGE( '', *, *, #5492, .F. );
#4570 = ORIENTED_EDGE( '', *, *, #5397, .F. );
#4571 = ORIENTED_EDGE( '', *, *, #4907, .T. );
#4572 = ORIENTED_EDGE( '', *, *, #5119, .T. );
#4573 = CARTESIAN_POINT( '', ( -4.00671823174697, -2.49958233214165, 3.55600000000000 ) );
#4574 = DIRECTION( '', ( 0.742280279489203, -0.670089536316925, 0.000000000000000 ) );
#4575 = DIRECTION( '', ( 0.670089536316925, 0.742280279489203, 0.000000000000000 ) );
#4576 = SURFACE_STYLE_FILL_AREA( #5503 );
#4577 = ORIENTED_EDGE( '', *, *, #5494, .F. );
#4578 = ORIENTED_EDGE( '', *, *, #5387, .F. );
#4579 = ORIENTED_EDGE( '', *, *, #5152, .T. );
#4580 = ORIENTED_EDGE( '', *, *, #4969, .T. );
#4581 = CARTESIAN_POINT( '', ( 1.61164058431565, 2.46376433279835, 3.55600000000000 ) );
#4582 = CARTESIAN_POINT( '', ( 1.59685702665832, 2.35381162272196, 3.55600000000000 ) );
#4583 = CARTESIAN_POINT( '', ( 1.55389231221670, 2.26649623530835, 3.55600000000000 ) );
#4584 = CARTESIAN_POINT( '', ( 1.48320842716759, 2.20320412908790, 3.55600000000000 ) );
#4585 = CARTESIAN_POINT( '', ( 1.41226813749018, 2.13968243179506, 3.55600000000000 ) );
#4586 = CARTESIAN_POINT( '', ( 1.32382319617451, 2.10803497666885, 3.55600000000000 ) );
#4587 = CARTESIAN_POINT( '', ( 1.21802836168924, 2.10757299049206, 3.55600000000000 ) );
#4588 = CARTESIAN_POINT( '', ( 1.14734784185731, 2.10726434193384, 3.55600000000000 ) );
#4589 = CARTESIAN_POINT( '', ( 1.08359038424289, 2.12281853432617, 3.55600000000000 ) );
#4590 = CARTESIAN_POINT( '', ( 1.02630409832074, 2.15192366346405, 3.55600000000000 ) );
#4591 = CARTESIAN_POINT( '', ( 0.968464049903501, 2.18131013967603, 3.55600000000000 ) );
#4592 = CARTESIAN_POINT( '', ( 0.925591111780181, 2.22260754851316, 3.55600000000000 ) );
#4593 = CARTESIAN_POINT( '', ( 0.896947968819103, 2.27573595884418, 3.55600000000000 ) );
#4594 = CARTESIAN_POINT( '', ( 0.868200784914586, 2.32905734834450, 3.55600000000000 ) );
#4595 = CARTESIAN_POINT( '', ( 0.853521268200697, 2.38384072421341, 3.55600000000000 ) );
#4596 = CARTESIAN_POINT( '', ( 0.853521268200697, 2.52289856342767, 3.55600000000000 ) );
#4597 = CARTESIAN_POINT( '', ( 0.883088383515357, 2.60236018583581, 3.55600000000000 ) );
#4598 = CARTESIAN_POINT( '', ( 0.941760627967885, 2.67858790500642, 3.55600000000000 ) );
#4599 = CARTESIAN_POINT( '', ( 0.978166543177957, 2.72588692870455, 3.55600000000000 ) );
#4600 = CARTESIAN_POINT( '', ( 1.08405237041969, 2.81995567510464, 3.55600000000000 ) );
#4601 = CARTESIAN_POINT( '', ( 1.26006910377727, 2.95947550049569, 3.55600000000000 ) );
#4602 = CARTESIAN_POINT( '', ( 1.33583601731664, 3.01953221411483, 3.55600000000000 ) );
#4603 = CARTESIAN_POINT( '', ( 1.39219715033966, 3.06896622439529, 3.55600000000000 ) );
#4604 = CARTESIAN_POINT( '', ( 1.42915604448298, 3.10731107706899, 3.55600000000000 ) );
#4605 = CARTESIAN_POINT( '', ( 1.46634577527420, 3.14589542276489, 3.55600000000000 ) );
#4606 = CARTESIAN_POINT( '', ( 1.49383410923380, 3.18215283770923, 3.55600000000000 ) );
#4607 = CARTESIAN_POINT( '', ( 1.51277554248226, 3.21587782861501, 3.55600000000000 ) );
#4608 = DIRECTION( '', ( 0.000000000000000, 0.000000000000000, -1.00000000000000 ) );
#4609 = SURFACE_STYLE_FILL_AREA( #5504 );
#4610 = ORIENTED_EDGE( '', *, *, #4845, .F. );
#4611 = ORIENTED_EDGE( '', *, *, #5454, .F. );
#4612 = ORIENTED_EDGE( '', *, *, #5005, .T. );
#4613 = ORIENTED_EDGE( '', *, *, #5175, .F. );
#4614 = ORIENTED_EDGE( '', *, *, #4890, .F. );
#4615 = ORIENTED_EDGE( '', *, *, #4973, .F. );
#4616 = ORIENTED_EDGE( '', *, *, #5446, .T. );
#4617 = ORIENTED_EDGE( '', *, *, #4698, .F. );
#4618 = CARTESIAN_POINT( '', ( -2.07645000000000, -11.5433280311199, 7.37257477290143E-015 ) );
#4619 = DIRECTION( '', ( 1.00000000000000, 0.000000000000000, 0.000000000000000 ) );
#4620 = DIRECTION( '', ( 0.000000000000000, 0.000000000000000, -1.00000000000000 ) );
#4621 = SURFACE_STYLE_FILL_AREA( #5505 );
#4622 = ORIENTED_EDGE( '', *, *, #5498, .F. );
#4623 = ORIENTED_EDGE( '', *, *, #4787, .F. );
#4624 = ORIENTED_EDGE( '', *, *, #4983, .F. );
#4625 = ORIENTED_EDGE( '', *, *, #4827, .T. );
#4626 = CARTESIAN_POINT( '', ( 4.60375000000000, -3.65121416419274, -0.814472633013957 ) );
#4627 = DIRECTION( '', ( 1.00000000000000, -0.000000000000000, -0.000000000000000 ) );
#4628 = DIRECTION( '', ( 0.000000000000000, 0.000000000000000, 1.00000000000000 ) );
#4629 = SURFACE_STYLE_FILL_AREA( #5506 );
#4630 = ORIENTED_EDGE( '', *, *, #4808, .F. );
#4631 = ORIENTED_EDGE( '', *, *, #5137, .F. );
#4632 = ORIENTED_EDGE( '', *, *, #5394, .F. );
#4633 = ORIENTED_EDGE( '', *, *, #5483, .F. );
#4634 = ORIENTED_EDGE( '', *, *, #5423, .F. );
#4635 = ORIENTED_EDGE( '', *, *, #4837, .F. );
#4636 = ORIENTED_EDGE( '', *, *, #5002, .F. );
#4637 = CARTESIAN_POINT( '', ( -1.24094810564920, 3.34126918093105, 3.55600000000000 ) );
#4638 = DIRECTION( '', ( 0.000000000000000, 0.000000000000000, 1.00000000000000 ) );
#4639 = DIRECTION( '', ( 1.00000000000000, 0.000000000000000, 0.000000000000000 ) );
#4640 = SURFACE_STYLE_FILL_AREA( #5507 );
#4641 = ORIENTED_EDGE( '', *, *, #5508, .F. );
#4642 = ORIENTED_EDGE( '', *, *, #5220, .F. );
#4643 = ORIENTED_EDGE( '', *, *, #4899, .T. );
#4644 = ORIENTED_EDGE( '', *, *, #4952, .T. );
#4645 = CARTESIAN_POINT( '', ( -4.15135586116504, -2.48371299976036, 3.55600000000000 ) );
#4646 = DIRECTION( '', ( 0.000000000000000, -1.00000000000000, 0.000000000000000 ) );
#4647 = DIRECTION( '', ( 0.000000000000000, 0.000000000000000, -1.00000000000000 ) );
#4648 = SURFACE_STYLE_FILL_AREA( #5509 );
#4649 = ORIENTED_EDGE( '', *, *, #5219, .T. );
#4650 = ORIENTED_EDGE( '', *, *, #5508, .T. );
#4651 = ORIENTED_EDGE( '', *, *, #4951, .T. );
#4652 = CARTESIAN_POINT( '', ( 0.000000000000000, 0.000000000000000, 3.50520000000000 ) );
#4653 = DIRECTION( '', ( 0.000000000000000, 0.000000000000000, 1.00000000000000 ) );
#4654 = DIRECTION( '', ( 1.00000000000000, 0.000000000000000, 0.000000000000000 ) );
#4655 = SURFACE_STYLE_FILL_AREA( #5510 );
#4656 = ORIENTED_EDGE( '', *, *, #5489, .T. );
#4657 = ORIENTED_EDGE( '', *, *, #5365, .F. );
#4658 = ORIENTED_EDGE( '', *, *, #5274, .F. );
#4659 = ORIENTED_EDGE( '', *, *, #5102, .T. );
#4660 = CARTESIAN_POINT( '', ( 3.00355000000000, 0.176700493150686, 2.23520000000000 ) );
#4661 = DIRECTION( '', ( 0.000000000000000, 1.00000000000000, 0.000000000000000 ) );
#4662 = DIRECTION( '', ( 0.000000000000000, 0.000000000000000, 1.00000000000000 ) );
#4663 = SURFACE_STYLE_FILL_AREA( #5511 );
#4664 = ORIENTED_EDGE( '', *, *, #5311, .F. );
#4665 = ORIENTED_EDGE( '', *, *, #5474, .F. );
#4666 = ORIENTED_EDGE( '', *, *, #5459, .F. );
#4667 = ORIENTED_EDGE( '', *, *, #5478, .F. );
#4668 = CARTESIAN_POINT( '', ( -1.39888942490335, -2.57124888680400, 3.55600000000000 ) );
#4669 = DIRECTION( '', ( 0.000000000000000, 0.000000000000000, 1.00000000000000 ) );
#4670 = DIRECTION( '', ( 1.00000000000000, 0.000000000000000, 0.000000000000000 ) );
#4671 = SURFACE_STYLE_FILL_AREA( #5512 );
#4672 = ORIENTED_EDGE( '', *, *, #5491, .F. );
#4673 = ORIENTED_EDGE( '', *, *, #5205, .F. );
#4674 = ORIENTED_EDGE( '', *, *, #5225, .T. );
#4675 = ORIENTED_EDGE( '', *, *, #5352, .T. );
#4676 = CARTESIAN_POINT( '', ( 2.57406720202667, -2.10239561311273, 3.55600000000000 ) );
#4677 = DIRECTION( '', ( -0.624312381335803, 0.781174788706612, 0.000000000000000 ) );
#4678 = DIRECTION( '', ( -0.781174788706612, -0.624312381335803, 0.000000000000000 ) );
#4679 = SURFACE_STYLE_FILL_AREA( #5513 );
#4680 = ORIENTED_EDGE( '', *, *, #4865, .T. );
#4681 = ORIENTED_EDGE( '', *, *, #5372, .T. );
#4682 = CARTESIAN_POINT( '', ( 0.000000000000000, 0.000000000000000, 3.50520000000000 ) );
#4683 = DIRECTION( '', ( 0.000000000000000, 0.000000000000000, 1.00000000000000 ) );
#4684 = DIRECTION( '', ( 1.00000000000000, 0.000000000000000, 0.000000000000000 ) );
#4685 = SURFACE_STYLE_FILL_AREA( #5514 );
#4686 = ORIENTED_EDGE( '', *, *, #5158, .F. );
#4687 = ORIENTED_EDGE( '', *, *, #5490, .T. );
#4688 = ORIENTED_EDGE( '', *, *, #4914, .F. );
#4689 = ORIENTED_EDGE( '', *, *, #5288, .F. );
#4690 = ORIENTED_EDGE( '', *, *, #5321, .T. );
#4691 = ORIENTED_EDGE( '', *, *, #5023, .F. );
#4692 = ORIENTED_EDGE( '', *, *, #4761, .T. );
#4693 = CARTESIAN_POINT( '', ( -4.61645000000000, -0.812800000000000, 4.29260000000000 ) );
#4694 = DIRECTION( '', ( 0.000000000000000, -1.00000000000000, -1.37693951293562E-016 ) );
#4695 = DIRECTION( '', ( 0.000000000000000, 1.37693951293562E-016, -1.00000000000000 ) );
#4696 = FILL_AREA_STYLE( '', ( #5515 ) );
#4697 = EDGE_CURVE( '', #5516, #5517, #5518, .T. );
#4698 = EDGE_CURVE( '', #5517, #5519, #5520, .T. );
#4699 = EDGE_CURVE( '', #5519, #5521, #5522, .T. );
#4700 = EDGE_CURVE( '', #5521, #5523, #5524, .T. );
#4701 = EDGE_CURVE( '', #5523, #5525, #5526, .T. );
#4702 = EDGE_CURVE( '', #5525, #5527, #5528, .T. );
#4703 = EDGE_CURVE( '', #5527, #5529, #5530, .T. );
#4704 = EDGE_CURVE( '', #5531, #5529, #5532, .T. );
#4705 = EDGE_CURVE( '', #5531, #5533, #5534, .T. );
#4706 = EDGE_CURVE( '', #5533, #5535, #5536, .T. );
#4707 = EDGE_CURVE( '', #5535, #5537, #5538, .T. );
#4708 = EDGE_CURVE( '', #5537, #5539, #5540, .T. );
#4709 = EDGE_CURVE( '', #5539, #5541, #5542, .T. );
#4710 = EDGE_CURVE( '', #5541, #5543, #5544, .T. );
#4711 = EDGE_CURVE( '', #5543, #5545, #5546, .T. );
#4712 = EDGE_CURVE( '', #5545, #5516, #5547, .T. );
#4713 = FILL_AREA_STYLE( '', ( #5548 ) );
#4714 = EDGE_CURVE( '', #5549, #5550, #5551, .T. );
#4715 = EDGE_CURVE( '', #5552, #5549, #5553, .T. );
#4716 = EDGE_CURVE( '', #5552, #5554, #5555, .T. );
#4717 = EDGE_CURVE( '', #5554, #5550, #5556, .T. );
#4718 = FILL_AREA_STYLE( '', ( #5557 ) );
#4719 = EDGE_CURVE( '', #5558, #5559, #5560, .T. );
#4720 = EDGE_CURVE( '', #5559, #5561, #5562, .T. );
#4721 = EDGE_CURVE( '', #5561, #5563, #5564, .T. );
#4722 = EDGE_CURVE( '', #5563, #5565, #5566, .F. );
#4723 = EDGE_CURVE( '', #5565, #5567, #5568, .T. );
#4724 = EDGE_CURVE( '', #5567, #5569, #5570, .T. );
#4725 = EDGE_CURVE( '', #5569, #5571, #5572, .T. );
#4726 = EDGE_CURVE( '', #5571, #5558, #5573, .T. );
#4727 = FILL_AREA_STYLE( '', ( #5574 ) );
#4728 = EDGE_CURVE( '', #5575, #5571, #5576, .T. );
#4729 = EDGE_CURVE( '', #5577, #5575, #5578, .T. );
#4730 = EDGE_CURVE( '', #5577, #5558, #5579, .T. );
#4731 = FILL_AREA_STYLE( '', ( #5580 ) );
#4732 = EDGE_CURVE( '', #5581, #5582, #5583, .T. );
#4733 = EDGE_CURVE( '', #5584, #5581, #5585, .T. );
#4734 = EDGE_CURVE( '', #5584, #5586, #5587, .T. );
#4735 = EDGE_CURVE( '', #5586, #5582, #5588, .T. );
#4736 = FILL_AREA_STYLE( '', ( #5589 ) );
#4737 = EDGE_CURVE( '', #5590, #5591, #5592, .T. );
#4738 = EDGE_CURVE( '', #5593, #5590, #5594, .T. );
#4739 = EDGE_CURVE( '', #5593, #5595, #5596, .T. );
#4740 = EDGE_CURVE( '', #5595, #5591, #5597, .T. );
#4741 = FILL_AREA_STYLE( '', ( #5598 ) );
#4742 = EDGE_CURVE( '', #5599, #5600, #5601, .T. );
#4743 = EDGE_CURVE( '', #5602, #5599, #5603, .T. );
#4744 = EDGE_CURVE( '', #5602, #5604, #5605, .T. );
#4745 = EDGE_CURVE( '', #5604, #5600, #5606, .T. );
#4746 = FILL_AREA_STYLE( '', ( #5607 ) );
#4747 = EDGE_CURVE( '', #5608, #5609, #5610, .T. );
#4748 = EDGE_CURVE( '', #5611, #5608, #5612, .T. );
#4749 = EDGE_CURVE( '', #5611, #5613, #5614, .T. );
#4750 = EDGE_CURVE( '', #5613, #5609, #5615, .T. );
#4751 = FILL_AREA_STYLE( '', ( #5616 ) );
#4752 = EDGE_CURVE( '', #5617, #5537, #5618, .T. );
#4753 = EDGE_CURVE( '', #5619, #5617, #5620, .T. );
#4754 = EDGE_CURVE( '', #5621, #5619, #5622, .T. );
#4755 = EDGE_CURVE( '', #5623, #5621, #5624, .T. );
#4756 = EDGE_CURVE( '', #5623, #5625, #5626, .T. );
#4757 = EDGE_CURVE( '', #5627, #5625, #5628, .T. );
#4758 = EDGE_CURVE( '', #5539, #5627, #5629, .F. );
#4759 = FILL_AREA_STYLE( '', ( #5630 ) );
#4760 = EDGE_CURVE( '', #5631, #5632, #5633, .T. );
#4761 = EDGE_CURVE( '', #5634, #5631, #5635, .T. );
#4762 = EDGE_CURVE( '', #5634, #5636, #5637, .T. );
#4763 = EDGE_CURVE( '', #5636, #5632, #5638, .T. );
#4764 = FILL_AREA_STYLE( '', ( #5639 ) );
#4765 = EDGE_CURVE( '', #5640, #5577, #5641, .T. );
#4766 = EDGE_CURVE( '', #5642, #5640, #5643, .T. );
#4767 = EDGE_CURVE( '', #5644, #5642, #5645, .T. );
#4768 = EDGE_CURVE( '', #5646, #5644, #5647, .T. );
#4769 = EDGE_CURVE( '', #5648, #5646, #5649, .T. );
#4770 = EDGE_CURVE( '', #5650, #5648, #5651, .T. );
#4771 = EDGE_CURVE( '', #5652, #5650, #5653, .T. );
#4772 = EDGE_CURVE( '', #5654, #5652, #5655, .T. );
#4773 = EDGE_CURVE( '', #5654, #5656, #5657, .T. );
#4774 = EDGE_CURVE( '', #5656, #5658, #5659, .T. );
#4775 = EDGE_CURVE( '', #5660, #5658, #5661, .T. );
#4776 = EDGE_CURVE( '', #5662, #5660, #5663, .T. );
#4777 = EDGE_CURVE( '', #5664, #5662, #5665, .T. );
#4778 = EDGE_CURVE( '', #5559, #5664, #5666, .T. );
#4779 = FILL_AREA_STYLE( '', ( #5667 ) );
#4780 = EDGE_CURVE( '', #5668, #5608, #5669, .T. );
#4781 = EDGE_CURVE( '', #5670, #5668, #5671, .T. );
#4782 = EDGE_CURVE( '', #5670, #5611, #5672, .T. );
#4783 = FILL_AREA_STYLE( '', ( #5673 ) );
#4784 = EDGE_CURVE( '', #5674, #5675, #5676, .T. );
#4785 = EDGE_CURVE( '', #5677, #5674, #5678, .T. );
#4786 = EDGE_CURVE( '', #5679, #5677, #5680, .T. );
#4787 = EDGE_CURVE( '', #5679, #5675, #5681, .T. );
#4788 = FILL_AREA_STYLE( '', ( #5682 ) );
#4789 = EDGE_CURVE( '', #5683, #5684, #5685, .T. );
#4790 = EDGE_CURVE( '', #5686, #5683, #5687, .T. );
#4791 = EDGE_CURVE( '', #5686, #5688, #5689, .T. );
#4792 = EDGE_CURVE( '', #5688, #5684, #5690, .T. );
#4793 = FILL_AREA_STYLE( '', ( #5691 ) );
#4794 = EDGE_CURVE( '', #5591, #5692, #5693, .T. );
#4795 = EDGE_CURVE( '', #5595, #5694, #5695, .T. );
#4796 = EDGE_CURVE( '', #5694, #5692, #5696, .T. );
#4797 = FILL_AREA_STYLE( '', ( #5697 ) );
#4798 = EDGE_CURVE( '', #5698, #5545, #5699, .T. );
#4799 = EDGE_CURVE( '', #5700, #5698, #5701, .T. );
#4800 = EDGE_CURVE( '', #5702, #5700, #5703, .T. );
#4801 = EDGE_CURVE( '', #5704, #5702, #5705, .T. );
#4802 = EDGE_CURVE( '', #5704, #5706, #5707, .T. );
#4803 = EDGE_CURVE( '', #5708, #5706, #5709, .T. );
#4804 = EDGE_CURVE( '', #5516, #5708, #5710, .F. );
#4805 = FILL_AREA_STYLE( '', ( #5711 ) );
#4806 = EDGE_CURVE( '', #5712, #5713, #5714, .T. );
#4807 = EDGE_CURVE( '', #5715, #5712, #5716, .T. );
#4808 = EDGE_CURVE( '', #5715, #5717, #5718, .T. );
#4809 = EDGE_CURVE( '', #5717, #5713, #5719, .T. );
#4810 = FILL_AREA_STYLE( '', ( #5720 ) );
#4811 = EDGE_CURVE( '', #5721, #5722, #5723, .T. );
#4812 = EDGE_CURVE( '', #5724, #5721, #5725, .T. );
#4813 = EDGE_CURVE( '', #5724, #5726, #5727, .T. );
#4814 = EDGE_CURVE( '', #5726, #5722, #5728, .T. );
#4815 = FILL_AREA_STYLE( '', ( #5729 ) );
#4816 = EDGE_CURVE( '', #5730, #5731, #5732, .T. );
#4817 = EDGE_CURVE( '', #5733, #5730, #5734, .T. );
#4818 = EDGE_CURVE( '', #5733, #5735, #5736, .T. );
#4819 = EDGE_CURVE( '', #5735, #5731, #5737, .T. );
#4820 = FILL_AREA_STYLE( '', ( #5738 ) );
#4821 = EDGE_CURVE( '', #5739, #5740, #5741, .T. );
#4822 = EDGE_CURVE( '', #5742, #5739, #5743, .T. );
#4823 = EDGE_CURVE( '', #5742, #5744, #5745, .T. );
#4824 = EDGE_CURVE( '', #5744, #5740, #5746, .T. );
#4825 = FILL_AREA_STYLE( '', ( #5747 ) );
#4826 = EDGE_CURVE( '', #5748, #5749, #5750, .T. );
#4827 = EDGE_CURVE( '', #5751, #5748, #5752, .T. );
#4828 = EDGE_CURVE( '', #5753, #5751, #5754, .T. );
#4829 = EDGE_CURVE( '', #5753, #5749, #5755, .T. );
#4830 = FILL_AREA_STYLE( '', ( #5756 ) );
#4831 = EDGE_CURVE( '', #5740, #5757, #5758, .T. );
#4832 = EDGE_CURVE( '', #5744, #5759, #5760, .T. );
#4833 = EDGE_CURVE( '', #5759, #5757, #5761, .T. );
#4834 = FILL_AREA_STYLE( '', ( #5762 ) );
#4835 = EDGE_CURVE( '', #5763, #5764, #5765, .T. );
#4836 = EDGE_CURVE( '', #5766, #5763, #5767, .T. );
#4837 = EDGE_CURVE( '', #5766, #5768, #5769, .T. );
#4838 = EDGE_CURVE( '', #5768, #5764, #5770, .T. );
#4839 = FILL_AREA_STYLE( '', ( #5771 ) );
#4840 = EDGE_CURVE( '', #5602, #5772, #5773, .T. );
#4841 = EDGE_CURVE( '', #5772, #5774, #5775, .T. );
#4842 = EDGE_CURVE( '', #5774, #5604, #5776, .T. );
#4843 = FILL_AREA_STYLE( '', ( #5777 ) );
#4844 = EDGE_CURVE( '', #5708, #5778, #5779, .T. );
#4845 = EDGE_CURVE( '', #5778, #5517, #5780, .F. );
#4846 = FILL_AREA_STYLE( '', ( #5781 ) );
#4847 = EDGE_CURVE( '', #5782, #5783, #5784, .T. );
#4848 = EDGE_CURVE( '', #5785, #5783, #5786, .T. );
#4849 = EDGE_CURVE( '', #5787, #5785, #5788, .T. );
#4850 = EDGE_CURVE( '', #5787, #5782, #5789, .T. );
#4851 = FILL_AREA_STYLE( '', ( #5790 ) );
#4852 = EDGE_CURVE( '', #5791, #5541, #5792, .F. );
#4853 = EDGE_CURVE( '', #5793, #5791, #5794, .T. );
#4854 = EDGE_CURVE( '', #5793, #5795, #5796, .T. );
#4855 = EDGE_CURVE( '', #5797, #5795, #5798, .T. );
#4856 = EDGE_CURVE( '', #5799, #5797, #5800, .T. );
#4857 = EDGE_CURVE( '', #5801, #5799, #5802, .T. );
#4858 = EDGE_CURVE( '', #5801, #5543, #5803, .T. );
#4859 = FILL_AREA_STYLE( '', ( #5804 ) );
#4860 = EDGE_CURVE( '', #5805, #5806, #5807, .T. );
#4861 = EDGE_CURVE( '', #5808, #5806, #5809, .T. );
#4862 = EDGE_CURVE( '', #5810, #5808, #5811, .T. );
#4863 = EDGE_CURVE( '', #5810, #5805, #5812, .T. );
#4864 = FILL_AREA_STYLE( '', ( #5813 ) );
#4865 = EDGE_CURVE( '', #5814, #5815, #5816, .T. );
#4866 = EDGE_CURVE( '', #5817, #5814, #5818, .T. );
#4867 = EDGE_CURVE( '', #5817, #5819, #5820, .T. );
#4868 = EDGE_CURVE( '', #5819, #5815, #5821, .T. );
#4869 = FILL_AREA_STYLE( '', ( #5822 ) );
#4870 = EDGE_CURVE( '', #5823, #5824, #5825, .T. );
#4871 = EDGE_CURVE( '', #5826, #5823, #5827, .T. );
#4872 = EDGE_CURVE( '', #5826, #5828, #5829, .T. );
#4873 = EDGE_CURVE( '', #5828, #5824, #5830, .T. );
#4874 = FILL_AREA_STYLE( '', ( #5831 ) );
#4875 = EDGE_CURVE( '', #5832, #5833, #5834, .T. );
#4876 = EDGE_CURVE( '', #5835, #5832, #5836, .T. );
#4877 = EDGE_CURVE( '', #5833, #5835, #5837, .T. );
#4878 = EDGE_CURVE( '', #5838, #5839, #5840, .T. );
#4879 = EDGE_CURVE( '', #5841, #5838, #5842, .T. );
#4880 = EDGE_CURVE( '', #5843, #5841, #5844, .T. );
#4881 = EDGE_CURVE( '', #5845, #5843, #5846, .T. );
#4882 = EDGE_CURVE( '', #5847, #5845, #5848, .T. );
#4883 = EDGE_CURVE( '', #5849, #5847, #5850, .T. );
#4884 = EDGE_CURVE( '', #5735, #5849, #5851, .T. );
#4885 = EDGE_CURVE( '', #5852, #5733, #5853, .T. );
#4886 = EDGE_CURVE( '', #5854, #5852, #5855, .T. );
#4887 = EDGE_CURVE( '', #5839, #5854, #5856, .T. );
#4888 = FILL_AREA_STYLE( '', ( #5857 ) );
#4889 = EDGE_CURVE( '', #5700, #5858, #5859, .T. );
#4890 = EDGE_CURVE( '', #5858, #5860, #5861, .T. );
#4891 = EDGE_CURVE( '', #5702, #5860, #5862, .T. );
#4892 = FILL_AREA_STYLE( '', ( #5863 ) );
#4893 = EDGE_CURVE( '', #5864, #5865, #5866, .T. );
#4894 = EDGE_CURVE( '', #5835, #5864, #5867, .T. );
#4895 = EDGE_CURVE( '', #5832, #5865, #5868, .T. );
#4896 = FILL_AREA_STYLE( '', ( #5869 ) );
#4897 = EDGE_CURVE( '', #5870, #5871, #5872, .T. );
#4898 = EDGE_CURVE( '', #5873, #5870, #5874, .T. );
#4899 = EDGE_CURVE( '', #5871, #5873, #5875, .T. );
#4900 = EDGE_CURVE( '', #5876, #5686, #5877, .T. );
#4901 = EDGE_CURVE( '', #5878, #5876, #5879, .T. );
#4902 = EDGE_CURVE( '', #5880, #5878, #5881, .T. );
#4903 = EDGE_CURVE( '', #5882, #5880, #5883, .T. );
#4904 = EDGE_CURVE( '', #5884, #5882, #5885, .T. );
#4905 = EDGE_CURVE( '', #5886, #5884, #5887, .T. );
#4906 = EDGE_CURVE( '', #5888, #5886, #5889, .T. );
#4907 = EDGE_CURVE( '', #5890, #5888, #5891, .T. );
#4908 = EDGE_CURVE( '', #5892, #5890, #5893, .T. );
#4909 = EDGE_CURVE( '', #5688, #5892, #5894, .T. );
#4910 = FILL_AREA_STYLE( '', ( #5895 ) );
#4911 = EDGE_CURVE( '', #5896, #5897, #5898, .T. );
#4912 = EDGE_CURVE( '', #5899, #5897, #5900, .T. );
#4913 = EDGE_CURVE( '', #5901, #5899, #5902, .T. );
#4914 = EDGE_CURVE( '', #5901, #5896, #5903, .T. );
#4915 = FILL_AREA_STYLE( '', ( #5904 ) );
#4916 = EDGE_CURVE( '', #5782, #5905, #5906, .T. );
#4917 = EDGE_CURVE( '', #5905, #5907, #5908, .T. );
#4918 = EDGE_CURVE( '', #5909, #5907, #5910, .T. );
#4919 = EDGE_CURVE( '', #5782, #5909, #5911, .T. );
#4920 = FILL_AREA_STYLE( '', ( #5912 ) );
#4921 = EDGE_CURVE( '', #5913, #5581, #5914, .T. );
#4922 = EDGE_CURVE( '', #5915, #5913, #5916, .T. );
#4923 = EDGE_CURVE( '', #5915, #5584, #5917, .T. );
#4924 = FILL_AREA_STYLE( '', ( #5918 ) );
#4925 = EDGE_CURVE( '', #5919, #5920, #5921, .T. );
#4926 = EDGE_CURVE( '', #5922, #5919, #5923, .T. );
#4927 = EDGE_CURVE( '', #5922, #5924, #5925, .T. );
#4928 = EDGE_CURVE( '', #5924, #5920, #5926, .T. );
#4929 = FILL_AREA_STYLE( '', ( #5927 ) );
#4930 = EDGE_CURVE( '', #5928, #5549, #5929, .T. );
#4931 = EDGE_CURVE( '', #5930, #5928, #5931, .T. );
#4932 = EDGE_CURVE( '', #5930, #5552, #5932, .T. );
#4933 = FILL_AREA_STYLE( '', ( #5933 ) );
#4934 = EDGE_CURVE( '', #5684, #5934, #5935, .T. );
#4935 = EDGE_CURVE( '', #5892, #5934, #5936, .T. );
#4936 = FILL_AREA_STYLE( '', ( #5937 ) );
#4937 = EDGE_CURVE( '', #5938, #5939, #5940, .T. );
#4938 = EDGE_CURVE( '', #5939, #5941, #5942, .T. );
#4939 = EDGE_CURVE( '', #5941, #5943, #5944, .T. );
#4940 = EDGE_CURVE( '', #5938, #5943, #5945, .T. );
#4941 = FILL_AREA_STYLE( '', ( #5946 ) );
#4942 = EDGE_CURVE( '', #5947, #5948, #5949, .T. );
#4943 = EDGE_CURVE( '', #5838, #5947, #5950, .T. );
#4944 = EDGE_CURVE( '', #5839, #5948, #5951, .T. );
#4945 = FILL_AREA_STYLE( '', ( #5952 ) );
#4946 = EDGE_CURVE( '', #5953, #5954, #5955, .T. );
#4947 = EDGE_CURVE( '', #5956, #5953, #5957, .T. );
#4948 = EDGE_CURVE( '', #5958, #5956, #5959, .T. );
#4949 = EDGE_CURVE( '', #5954, #5958, #5960, .T. );
#4950 = FILL_AREA_STYLE( '', ( #5961 ) );
#4951 = EDGE_CURVE( '', #5962, #5963, #5964, .T. );
#4952 = EDGE_CURVE( '', #5873, #5962, #5965, .T. );
#4953 = EDGE_CURVE( '', #5870, #5963, #5966, .T. );
#4954 = FILL_AREA_STYLE( '', ( #5967 ) );
#4955 = EDGE_CURVE( '', #5586, #5968, #5969, .T. );
#4956 = EDGE_CURVE( '', #5968, #5915, #5970, .T. );
#4957 = FILL_AREA_STYLE( '', ( #5971 ) );
#4958 = EDGE_CURVE( '', #5972, #5521, #5973, .T. );
#4959 = EDGE_CURVE( '', #5974, #5972, #5975, .T. );
#4960 = EDGE_CURVE( '', #5772, #5974, #5976, .T. );
#4961 = EDGE_CURVE( '', #5977, #5599, #5978, .T. );
#4962 = EDGE_CURVE( '', #5523, #5977, #5979, .F. );
#4963 = FILL_AREA_STYLE( '', ( #5980 ) );
#4964 = EDGE_CURVE( '', #5981, #5982, #5983, .T. );
#4965 = EDGE_CURVE( '', #5886, #5981, #5984, .T. );
#4966 = EDGE_CURVE( '', #5884, #5982, #5985, .T. );
#4967 = FILL_AREA_STYLE( '', ( #5986 ) );
#4968 = EDGE_CURVE( '', #5987, #5823, #5988, .T. );
#4969 = EDGE_CURVE( '', #5989, #5987, #5990, .T. );
#4970 = EDGE_CURVE( '', #5989, #5826, #5991, .T. );
#4971 = FILL_AREA_STYLE( '', ( #5992 ) );
#4972 = EDGE_CURVE( '', #5698, #5993, #5994, .T. );
#4973 = EDGE_CURVE( '', #5993, #5858, #5995, .T. );
#4974 = FILL_AREA_STYLE( '', ( #5996 ) );
#4975 = EDGE_CURVE( '', #5997, #5998, #5999, .F. );
#4976 = EDGE_CURVE( '', #6000, #5997, #6001, .T. );
#4977 = EDGE_CURVE( '', #6000, #6002, #6003, .T. );
#4978 = EDGE_CURVE( '', #6002, #5998, #6004, .T. );
#4979 = FILL_AREA_STYLE( '', ( #6005 ) );
#4980 = EDGE_CURVE( '', #5646, #6006, #6007, .T. );
#4981 = EDGE_CURVE( '', #6006, #6008, #6009, .T. );
#4982 = EDGE_CURVE( '', #6008, #5753, #6010, .T. );
#4983 = EDGE_CURVE( '', #5751, #5679, #6011, .F. );
#4984 = EDGE_CURVE( '', #5648, #5677, #6012, .T. );
#4985 = FILL_AREA_STYLE( '', ( #6013 ) );
#4986 = EDGE_CURVE( '', #6014, #6015, #6016, .T. );
#4987 = EDGE_CURVE( '', #6015, #5533, #6017, .F. );
#4988 = EDGE_CURVE( '', #6014, #5531, #6018, .T. );
#4989 = FILL_AREA_STYLE( '', ( #6019 ) );
#4990 = EDGE_CURVE( '', #5619, #5799, #6020, .T. );
#4991 = EDGE_CURVE( '', #5621, #5797, #6021, .T. );
#4992 = FILL_AREA_STYLE( '', ( #6022 ) );
#4993 = EDGE_CURVE( '', #6023, #6024, #6025, .T. );
#4994 = EDGE_CURVE( '', #6026, #6023, #6027, .T. );
#4995 = EDGE_CURVE( '', #6026, #6028, #6029, .T. );
#4996 = EDGE_CURVE( '', #6028, #6024, #6030, .T. );
#4997 = FILL_AREA_STYLE( '', ( #6031 ) );
#4998 = EDGE_CURVE( '', #6032, #6032, #6033, .T. );
#4999 = EDGE_CURVE( '', #6034, #6034, #6035, .T. );
#5000 = FILL_AREA_STYLE( '', ( #6036 ) );
#5001 = EDGE_CURVE( '', #5713, #5763, #6037, .T. );
#5002 = EDGE_CURVE( '', #5717, #5766, #6038, .T. );
#5003 = FILL_AREA_STYLE( '', ( #6039 ) );
#5004 = EDGE_CURVE( '', #5704, #6040, #6041, .T. );
#5005 = EDGE_CURVE( '', #6042, #6040, #6043, .T. );
#5006 = EDGE_CURVE( '', #5706, #6042, #6044, .T. );
#5007 = FILL_AREA_STYLE( '', ( #6045 ) );
#5008 = EDGE_CURVE( '', #6046, #6047, #6048, .T. );
#5009 = EDGE_CURVE( '', #6049, #6046, #6050, .T. );
#5010 = EDGE_CURVE( '', #6049, #6051, #6052, .T. );
#5011 = EDGE_CURVE( '', #6051, #6047, #6053, .T. );
#5012 = FILL_AREA_STYLE( '', ( #6054 ) );
#5013 = EDGE_CURVE( '', #6055, #6056, #6057, .T. );
#5014 = EDGE_CURVE( '', #5938, #6056, #6058, .T. );
#5015 = EDGE_CURVE( '', #5943, #6055, #6059, .T. );
#5016 = FILL_AREA_STYLE( '', ( #6060 ) );
#5017 = EDGE_CURVE( '', #6061, #6062, #6063, .T. );
#5018 = EDGE_CURVE( '', #5843, #6061, #6064, .T. );
#5019 = EDGE_CURVE( '', #5841, #6062, #6065, .T. );
#5020 = FILL_AREA_STYLE( '', ( #6066 ) );
#5021 = EDGE_CURVE( '', #6067, #6067, #6068, .F. );
#5022 = FILL_AREA_STYLE( '', ( #6069 ) );
#5023 = EDGE_CURVE( '', #5634, #6070, #6071, .T. );
#5024 = EDGE_CURVE( '', #6070, #6072, #6073, .T. );
#5025 = EDGE_CURVE( '', #5636, #6072, #6074, .T. );
#5026 = FILL_AREA_STYLE( '', ( #6075 ) );
#5027 = EDGE_CURVE( '', #6076, #6077, #6078, .T. );
#5028 = EDGE_CURVE( '', #6077, #6079, #6080, .T. );
#5029 = EDGE_CURVE( '', #6081, #6079, #6082, .T. );
#5030 = EDGE_CURVE( '', #6076, #6081, #6083, .T. );
#5031 = FILL_AREA_STYLE( '', ( #6084 ) );
#5032 = EDGE_CURVE( '', #5865, #6085, #6086, .T. );
#5033 = EDGE_CURVE( '', #6085, #5864, #6087, .T. );
#5034 = FILL_AREA_STYLE( '', ( #6088 ) );
#5035 = EDGE_CURVE( '', #5897, #6089, #6090, .T. );
#5036 = EDGE_CURVE( '', #6091, #6089, #6092, .T. );
#5037 = EDGE_CURVE( '', #5899, #6091, #6093, .T. );
#5038 = FILL_AREA_STYLE( '', ( #6094 ) );
#5039 = EDGE_CURVE( '', #6095, #6056, #6096, .T. );
#5040 = EDGE_CURVE( '', #6097, #6055, #6098, .T. );
#5041 = EDGE_CURVE( '', #6097, #6095, #6099, .T. );
#5042 = FILL_AREA_STYLE( '', ( #6100 ) );
#5043 = EDGE_CURVE( '', #5529, #6101, #6102, .T. );
#5044 = EDGE_CURVE( '', #5527, #6103, #6104, .T. );
#5045 = EDGE_CURVE( '', #6103, #5805, #6105, .T. );
#5046 = EDGE_CURVE( '', #6106, #5810, #6107, .T. );
#5047 = EDGE_CURVE( '', #6106, #6108, #6109, .T. );
#5048 = EDGE_CURVE( '', #6108, #6101, #6110, .T. );
#5049 = FILL_AREA_STYLE( '', ( #6111 ) );
#5050 = EDGE_CURVE( '', #5920, #6112, #6113, .T. );
#5051 = EDGE_CURVE( '', #5924, #6114, #6115, .T. );
#5052 = EDGE_CURVE( '', #6114, #6112, #6116, .T. );
#5053 = FILL_AREA_STYLE( '', ( #6117 ) );
#5054 = EDGE_CURVE( '', #6118, #6119, #6120, .T. );
#5055 = EDGE_CURVE( '', #6118, #6121, #6122, .T. );
#5056 = EDGE_CURVE( '', #6123, #6121, #6124, .T. );
#5057 = EDGE_CURVE( '', #6119, #6123, #6125, .T. );
#5058 = FILL_AREA_STYLE( '', ( #6126 ) );
#5059 = EDGE_CURVE( '', #6127, #5907, #6128, .T. );
#5060 = EDGE_CURVE( '', #6129, #6127, #6130, .T. );
#5061 = EDGE_CURVE( '', #6129, #5909, #6131, .T. );
#5062 = FILL_AREA_STYLE( '', ( #6132 ) );
#5063 = EDGE_CURVE( '', #5662, #6118, #6133, .T. );
#5064 = EDGE_CURVE( '', #6121, #5660, #6134, .T. );
#5065 = FILL_AREA_STYLE( '', ( #6135 ) );
#5066 = EDGE_CURVE( '', #6136, #6137, #6138, .T. );
#5067 = EDGE_CURVE( '', #5849, #6136, #6139, .T. );
#5068 = EDGE_CURVE( '', #5847, #6137, #6140, .T. );
#5069 = FILL_AREA_STYLE( '', ( #6141 ) );
#5070 = EDGE_CURVE( '', #6142, #6143, #6144, .T. );
#5071 = EDGE_CURVE( '', #6145, #6142, #6146, .T. );
#5072 = EDGE_CURVE( '', #6145, #6147, #6148, .T. );
#5073 = EDGE_CURVE( '', #6147, #6143, #6149, .T. );
#5074 = FILL_AREA_STYLE( '', ( #6150 ) );
#5075 = EDGE_CURVE( '', #6151, #6152, #6153, .T. );
#5076 = EDGE_CURVE( '', #6154, #6151, #6155, .T. );
#5077 = EDGE_CURVE( '', #6154, #6156, #6157, .T. );
#5078 = EDGE_CURVE( '', #6156, #6152, #6158, .T. );
#5079 = FILL_AREA_STYLE( '', ( #6159 ) );
#5080 = EDGE_CURVE( '', #6160, #6161, #6162, .T. );
#5081 = EDGE_CURVE( '', #6163, #6160, #6164, .T. );
#5082 = EDGE_CURVE( '', #6163, #6165, #6166, .T. );
#5083 = EDGE_CURVE( '', #6165, #6161, #6167, .T. );
#5084 = FILL_AREA_STYLE( '', ( #6168 ) );
#5085 = EDGE_CURVE( '', #6169, #6169, #6170, .F. );
#5086 = FILL_AREA_STYLE( '', ( #6171 ) );
#5087 = EDGE_CURVE( '', #6172, #6173, #6174, .T. );
#5088 = EDGE_CURVE( '', #6175, #6172, #6176, .T. );
#5089 = EDGE_CURVE( '', #6175, #6177, #6178, .T. );
#5090 = EDGE_CURVE( '', #6177, #6173, #6179, .T. );
#5091 = FILL_AREA_STYLE( '', ( #6180 ) );
#5092 = EDGE_CURVE( '', #5977, #6181, #6182, .T. );
#5093 = EDGE_CURVE( '', #5600, #6181, #6183, .T. );
#5094 = FILL_AREA_STYLE( '', ( #6184 ) );
#5095 = EDGE_CURVE( '', #6119, #6185, #6186, .T. );
#5096 = EDGE_CURVE( '', #6185, #6187, #6188, .T. );
#5097 = EDGE_CURVE( '', #6187, #6189, #6190, .F. );
#5098 = EDGE_CURVE( '', #6189, #6191, #6192, .T. );
#5099 = EDGE_CURVE( '', #5664, #6191, #6193, .T. );
#5100 = FILL_AREA_STYLE( '', ( #6194 ) );
#5101 = EDGE_CURVE( '', #5953, #6195, #6196, .T. );
#5102 = EDGE_CURVE( '', #6197, #6195, #6198, .T. );
#5103 = EDGE_CURVE( '', #6199, #6197, #6200, .T. );
#5104 = EDGE_CURVE( '', #6199, #5953, #6201, .T. );
#5105 = FILL_AREA_STYLE( '', ( #6202 ) );
#5106 = EDGE_CURVE( '', #6062, #5947, #6203, .T. );
#5107 = FILL_AREA_STYLE( '', ( #6204 ) );
#5108 = EDGE_CURVE( '', #6205, #6023, #6206, .T. );
#5109 = EDGE_CURVE( '', #6207, #6205, #6208, .T. );
#5110 = EDGE_CURVE( '', #6207, #6026, #6209, .T. );
#5111 = FILL_AREA_STYLE( '', ( #6210 ) );
#5112 = EDGE_CURVE( '', #5939, #6095, #6211, .T. );
#5113 = FILL_AREA_STYLE( '', ( #6212 ) );
#5114 = EDGE_CURVE( '', #6213, #6214, #6215, .T. );
#5115 = EDGE_CURVE( '', #6214, #5787, #6216, .T. );
#5116 = EDGE_CURVE( '', #5785, #6213, #6217, .T. );
#5117 = FILL_AREA_STYLE( '', ( #6218 ) );
#5118 = EDGE_CURVE( '', #6219, #5981, #6220, .T. );
#5119 = EDGE_CURVE( '', #5888, #6219, #6221, .T. );
#5120 = FILL_AREA_STYLE( '', ( #6222 ) );
#5121 = EDGE_CURVE( '', #5623, #5795, #6223, .T. );
#5122 = EDGE_CURVE( '', #5625, #5793, #6224, .T. );
#5123 = FILL_AREA_STYLE( '', ( #6225 ) );
#5124 = EDGE_CURVE( '', #6226, #5913, #6227, .T. );
#5125 = EDGE_CURVE( '', #5968, #6226, #6228, .T. );
#5126 = FILL_AREA_STYLE( '', ( #6229 ) );
#5127 = EDGE_CURVE( '', #6230, #6231, #6232, .T. );
#5128 = EDGE_CURVE( '', #6231, #6230, #6233, .T. );
#5129 = FILL_AREA_STYLE( '', ( #6234 ) );
#5130 = EDGE_CURVE( '', #6235, #6236, #6237, .T. );
#5131 = EDGE_CURVE( '', #6236, #6238, #6239, .T. );
#5132 = EDGE_CURVE( '', #6240, #6238, #6241, .T. );
#5133 = EDGE_CURVE( '', #6235, #6240, #6242, .T. );
#5134 = FILL_AREA_STYLE( '', ( #6243 ) );
#5135 = EDGE_CURVE( '', #6244, #5712, #6245, .T. );
#5136 = EDGE_CURVE( '', #6246, #6244, #6247, .T. );
#5137 = EDGE_CURVE( '', #6246, #5715, #6248, .T. );
#5138 = FILL_AREA_STYLE( '', ( #6249 ) );
#5139 = EDGE_CURVE( '', #5550, #5590, #6250, .T. );
#5140 = EDGE_CURVE( '', #5554, #5593, #6251, .T. );
#5141 = FILL_AREA_STYLE( '', ( #6252 ) );
#5142 = EDGE_CURVE( '', #6173, #6172, #6253, .T. );
#5143 = FILL_AREA_STYLE( '', ( #6254 ) );
#5144 = EDGE_CURVE( '', #5998, #5919, #6255, .T. );
#5145 = EDGE_CURVE( '', #6002, #5922, #6256, .T. );
#5146 = FILL_AREA_STYLE( '', ( #6257 ) );
#5147 = EDGE_CURVE( '', #6258, #5567, #6259, .T. );
#5148 = EDGE_CURVE( '', #6260, #6258, #6261, .T. );
#5149 = EDGE_CURVE( '', #6260, #5569, #6262, .T. );
#5150 = FILL_AREA_STYLE( '', ( #6263 ) );
#5151 = EDGE_CURVE( '', #5828, #6264, #6265, .T. );
#5152 = EDGE_CURVE( '', #6266, #5989, #6267, .T. );
#5153 = EDGE_CURVE( '', #6268, #6266, #6269, .T. );
#5154 = EDGE_CURVE( '', #6264, #6268, #6270, .T. );
#5155 = FILL_AREA_STYLE( '', ( #6271 ) );
#5156 = EDGE_CURVE( '', #6272, #5632, #6273, .T. );
#5157 = EDGE_CURVE( '', #6274, #6272, #6275, .T. );
#5158 = EDGE_CURVE( '', #6274, #5631, #6276, .T. );
#5159 = FILL_AREA_STYLE( '', ( #6277 ) );
#5160 = EDGE_CURVE( '', #6278, #6279, #6280, .T. );
#5161 = EDGE_CURVE( '', #6279, #6281, #6282, .T. );
#5162 = EDGE_CURVE( '', #6281, #6283, #6284, .T. );
#5163 = EDGE_CURVE( '', #6278, #6283, #6285, .T. );
#5164 = FILL_AREA_STYLE( '', ( #6286 ) );
#5165 = EDGE_CURVE( '', #6287, #5721, #6288, .T. );
#5166 = EDGE_CURVE( '', #6289, #6287, #6290, .T. );
#5167 = EDGE_CURVE( '', #6289, #5724, #6291, .T. );
#5168 = FILL_AREA_STYLE( '', ( #6292 ) );
#5169 = FILL_AREA_STYLE( '', ( #6293 ) );
#5170 = EDGE_CURVE( '', #6294, #6295, #6296, .T. );
#5171 = EDGE_CURVE( '', #6297, #6294, #6298, .T. );
#5172 = EDGE_CURVE( '', #6297, #6299, #6300, .T. );
#5173 = EDGE_CURVE( '', #6299, #6295, #6301, .T. );
#5174 = FILL_AREA_STYLE( '', ( #6302 ) );
#5175 = EDGE_CURVE( '', #5860, #6040, #6303, .T. );
#5176 = FILL_AREA_STYLE( '', ( #6304 ) );
#5177 = EDGE_CURVE( '', #5656, #6305, #6306, .T. );
#5178 = EDGE_CURVE( '', #6305, #6307, #6308, .T. );
#5179 = EDGE_CURVE( '', #6309, #6307, #6310, .T. );
#5180 = EDGE_CURVE( '', #5808, #6309, #6311, .T. );
#5181 = EDGE_CURVE( '', #5806, #6312, #6313, .T. );
#5182 = EDGE_CURVE( '', #5658, #6312, #6314, .T. );
#5183 = FILL_AREA_STYLE( '', ( #6315 ) );
#5184 = EDGE_CURVE( '', #6316, #6238, #6317, .T. );
#5185 = EDGE_CURVE( '', #6318, #6316, #6319, .T. );
#5186 = EDGE_CURVE( '', #6240, #6318, #6320, .T. );
#5187 = FILL_AREA_STYLE( '', ( #6321 ) );
#5188 = EDGE_CURVE( '', #6322, #6294, #6323, .T. );
#5189 = EDGE_CURVE( '', #6324, #6322, #6325, .T. );
#5190 = EDGE_CURVE( '', #6324, #6297, #6326, .T. );
#5191 = FILL_AREA_STYLE( '', ( #6327 ) );
#5192 = EDGE_CURVE( '', #6328, #6329, #6330, .T. );
#5193 = EDGE_CURVE( '', #6331, #6329, #6332, .T. );
#5194 = EDGE_CURVE( '', #6333, #6331, #6334, .T. );
#5195 = EDGE_CURVE( '', #6333, #6328, #6335, .T. );
#5196 = FILL_AREA_STYLE( '', ( #6336 ) );
#5197 = EDGE_CURVE( '', #6047, #5928, #6337, .T. );
#5198 = EDGE_CURVE( '', #6051, #5930, #6338, .T. );
#5199 = FILL_AREA_STYLE( '', ( #6339 ) );
#5200 = EDGE_CURVE( '', #5627, #5791, #6340, .T. );
#5201 = FILL_AREA_STYLE( '', ( #6341 ) );
#5202 = EDGE_CURVE( '', #6342, #6343, #6344, .T. );
#5203 = EDGE_CURVE( '', #6345, #6342, #6346, .T. );
#5204 = EDGE_CURVE( '', #6345, #6347, #6348, .T. );
#5205 = EDGE_CURVE( '', #6347, #6343, #6349, .T. );
#5206 = FILL_AREA_STYLE( '', ( #6350 ) );
#5207 = EDGE_CURVE( '', #6351, #6322, #6352, .T. );
#5208 = EDGE_CURVE( '', #6353, #6351, #6354, .T. );
#5209 = EDGE_CURVE( '', #6353, #6324, #6355, .T. );
#5210 = FILL_AREA_STYLE( '', ( #6356 ) );
#5211 = EDGE_CURVE( '', #6316, #6015, #6357, .T. );
#5212 = EDGE_CURVE( '', #6079, #6236, #6358, .T. );
#5213 = EDGE_CURVE( '', #6077, #5535, #6359, .T. );
#5214 = FILL_AREA_STYLE( '', ( #6360 ) );
#5215 = EDGE_CURVE( '', #6361, #6362, #6363, .T. );
#5216 = EDGE_CURVE( '', #5854, #6361, #6364, .T. );
#5217 = EDGE_CURVE( '', #5852, #6362, #6365, .T. );
#5218 = FILL_AREA_STYLE( '', ( #6366 ) );
#5219 = EDGE_CURVE( '', #5963, #6367, #6368, .T. );
#5220 = EDGE_CURVE( '', #5871, #6367, #6369, .T. );
#5221 = FILL_AREA_STYLE( '', ( #6370 ) );
#5222 = EDGE_CURVE( '', #6177, #6175, #6371, .T. );
#5223 = EDGE_CURVE( '', #5819, #5817, #6372, .T. );
#5224 = EDGE_CURVE( '', #6373, #6145, #6374, .T. );
#5225 = EDGE_CURVE( '', #6347, #6373, #6375, .T. );
#5226 = EDGE_CURVE( '', #6376, #6345, #6377, .T. );
#5227 = EDGE_CURVE( '', #6156, #6376, #6378, .T. );
#5228 = EDGE_CURVE( '', #6379, #6154, #6380, .T. );
#5229 = EDGE_CURVE( '', #6147, #6379, #6381, .T. );
#5230 = FILL_AREA_STYLE( '', ( #6382 ) );
#5231 = EDGE_CURVE( '', #5783, #6383, #6384, .T. );
#5232 = EDGE_CURVE( '', #6213, #6383, #6385, .T. );
#5233 = FILL_AREA_STYLE( '', ( #6386 ) );
#5234 = EDGE_CURVE( '', #6279, #5956, #6387, .T. );
#5235 = EDGE_CURVE( '', #6388, #6199, #6389, .T. );
#5236 = EDGE_CURVE( '', #6388, #6390, #6391, .T. );
#5237 = EDGE_CURVE( '', #6281, #6390, #6392, .T. );
#5238 = FILL_AREA_STYLE( '', ( #6393 ) );
#5239 = EDGE_CURVE( '', #6161, #6394, #6395, .T. );
#5240 = EDGE_CURVE( '', #6165, #6396, #6397, .T. );
#5241 = EDGE_CURVE( '', #6396, #6394, #6398, .T. );
#5242 = FILL_AREA_STYLE( '', ( #6399 ) );
#5243 = EDGE_CURVE( '', #6400, #6129, #6401, .T. );
#5244 = EDGE_CURVE( '', #6127, #6402, #6403, .T. );
#5245 = EDGE_CURVE( '', #6402, #6400, #6404, .T. );
#5246 = FILL_AREA_STYLE( '', ( #6405 ) );
#5247 = EDGE_CURVE( '', #6295, #5668, #6406, .T. );
#5248 = EDGE_CURVE( '', #6299, #5670, #6407, .T. );
#5249 = FILL_AREA_STYLE( '', ( #6408 ) );
#5250 = EDGE_CURVE( '', #6409, #6410, #6411, .T. );
#5251 = EDGE_CURVE( '', #6412, #6410, #6413, .T. );
#5252 = EDGE_CURVE( '', #6414, #6412, #6415, .T. );
#5253 = EDGE_CURVE( '', #6414, #6409, #6416, .T. );
#5254 = FILL_AREA_STYLE( '', ( #6417 ) );
#5255 = EDGE_CURVE( '', #6418, #5997, #6419, .T. );
#5256 = EDGE_CURVE( '', #6420, #6418, #6421, .T. );
#5257 = EDGE_CURVE( '', #6420, #6000, #6422, .T. );
#5258 = FILL_AREA_STYLE( '', ( #6423 ) );
#5259 = EDGE_CURVE( '', #6424, #5644, #6425, .T. );
#5260 = EDGE_CURVE( '', #6006, #6424, #6426, .T. );
#5261 = FILL_AREA_STYLE( '', ( #6427 ) );
#5262 = EDGE_CURVE( '', #6428, #5563, #6429, .T. );
#5263 = EDGE_CURVE( '', #6430, #6428, #6431, .F. );
#5264 = EDGE_CURVE( '', #6430, #5565, #6432, .T. );
#5265 = FILL_AREA_STYLE( '', ( #6433 ) );
#5266 = EDGE_CURVE( '', #6434, #5683, #6435, .T. );
#5267 = EDGE_CURVE( '', #5876, #6434, #6436, .T. );
#5268 = FILL_AREA_STYLE( '', ( #6437 ) );
#5269 = EDGE_CURVE( '', #6438, #6439, #6440, .T. );
#5270 = EDGE_CURVE( '', #5880, #6438, #6441, .T. );
#5271 = EDGE_CURVE( '', #5878, #6439, #6442, .T. );
#5272 = FILL_AREA_STYLE( '', ( #6443 ) );
#5273 = EDGE_CURVE( '', #6444, #6388, #6445, .T. );
#5274 = EDGE_CURVE( '', #6197, #6444, #6446, .T. );
#5275 = FILL_AREA_STYLE( '', ( #6447 ) );
#5276 = EDGE_CURVE( '', #5722, #6205, #6448, .T. );
#5277 = EDGE_CURVE( '', #5726, #6207, #6449, .T. );
#5278 = FILL_AREA_STYLE( '', ( #6450 ) );
#5279 = EDGE_CURVE( '', #5692, #6451, #6452, .T. );
#5280 = EDGE_CURVE( '', #5694, #6453, #6454, .T. );
#5281 = EDGE_CURVE( '', #6453, #6451, #6455, .T. );
#5282 = FILL_AREA_STYLE( '', ( #6456 ) );
#5283 = EDGE_CURVE( '', #6457, #6046, #6458, .T. );
#5284 = EDGE_CURVE( '', #6459, #6457, #6460, .T. );
#5285 = EDGE_CURVE( '', #6459, #6049, #6461, .T. );
#5286 = FILL_AREA_STYLE( '', ( #6462 ) );
#5287 = EDGE_CURVE( '', #6091, #6463, #6464, .T. );
#5288 = EDGE_CURVE( '', #6463, #5901, #6465, .T. );
#5289 = FILL_AREA_STYLE( '', ( #6466 ) );
#5290 = EDGE_CURVE( '', #6181, #5525, #6467, .T. );
#5291 = EDGE_CURVE( '', #6468, #5774, #6469, .T. );
#5292 = EDGE_CURVE( '', #6470, #6468, #6471, .T. );
#5293 = EDGE_CURVE( '', #6103, #6470, #6472, .T. );
#5294 = FILL_AREA_STYLE( '', ( #6473 ) );
#5295 = EDGE_CURVE( '', #6143, #6474, #6475, .T. );
#5296 = EDGE_CURVE( '', #6379, #6474, #6476, .T. );
#5297 = FILL_AREA_STYLE( '', ( #6477 ) );
#5298 = EDGE_CURVE( '', #6214, #6400, #6478, .T. );
#5299 = EDGE_CURVE( '', #6402, #5905, #6479, .T. );
#5300 = FILL_AREA_STYLE( '', ( #6480 ) );
#5301 = EDGE_CURVE( '', #6474, #6151, #6481, .T. );
#5302 = FILL_AREA_STYLE( '', ( #6482 ) );
#5303 = EDGE_CURVE( '', #6383, #6400, #6483, .T. );
#5304 = FILL_AREA_STYLE( '', ( #6484 ) );
#5305 = EDGE_CURVE( '', #6331, #6414, #6485, .T. );
#5306 = EDGE_CURVE( '', #6412, #6333, #6486, .T. );
#5307 = FILL_AREA_STYLE( '', ( #6487 ) );
#5308 = EDGE_CURVE( '', #6258, #6430, #6488, .T. );
#5309 = FILL_AREA_STYLE( '', ( #6489 ) );
#5310 = EDGE_CURVE( '', #6490, #6230, #6491, .T. );
#5311 = EDGE_CURVE( '', #6490, #6492, #6493, .T. );
#5312 = EDGE_CURVE( '', #6492, #6231, #6494, .T. );
#5313 = FILL_AREA_STYLE( '', ( #6495 ) );
#5314 = EDGE_CURVE( '', #6451, #6496, #6497, .T. );
#5315 = EDGE_CURVE( '', #6453, #6498, #6499, .T. );
#5316 = EDGE_CURVE( '', #6498, #6496, #6500, .T. );
#5317 = FILL_AREA_STYLE( '', ( #6501 ) );
#5318 = EDGE_CURVE( '', #6072, #6272, #6502, .T. );
#5319 = FILL_AREA_STYLE( '', ( #6503 ) );
#5320 = EDGE_CURVE( '', #6089, #6070, #6504, .T. );
#5321 = EDGE_CURVE( '', #6463, #6070, #6505, .T. );
#5322 = FILL_AREA_STYLE( '', ( #6506 ) );
#5323 = EDGE_CURVE( '', #6507, #6061, #6508, .T. );
#5324 = EDGE_CURVE( '', #5845, #6507, #6509, .T. );
#5325 = FILL_AREA_STYLE( '', ( #6510 ) );
#5326 = FILL_AREA_STYLE( '', ( #6511 ) );
#5327 = EDGE_CURVE( '', #5575, #6260, #6512, .T. );
#5328 = FILL_AREA_STYLE( '', ( #6513 ) );
#5329 = EDGE_CURVE( '', #5757, #6514, #6515, .T. );
#5330 = EDGE_CURVE( '', #5759, #6516, #6517, .T. );
#5331 = EDGE_CURVE( '', #6516, #6514, #6518, .T. );
#5332 = FILL_AREA_STYLE( '', ( #6519 ) );
#5333 = EDGE_CURVE( '', #6520, #6424, #6521, .T. );
#5334 = EDGE_CURVE( '', #6008, #6520, #6522, .T. );
#5335 = FILL_AREA_STYLE( '', ( #6523 ) );
#5336 = EDGE_CURVE( '', #6362, #5730, #6524, .T. );
#5337 = FILL_AREA_STYLE( '', ( #6525 ) );
#5338 = EDGE_CURVE( '', #6283, #5954, #6526, .T. );
#5339 = EDGE_CURVE( '', #6278, #5958, #6527, .T. );
#5340 = FILL_AREA_STYLE( '', ( #6528 ) );
#5341 = EDGE_CURVE( '', #6185, #6529, #6530, .T. );
#5342 = EDGE_CURVE( '', #6531, #6529, #6532, .T. );
#5343 = EDGE_CURVE( '', #6187, #6531, #6533, .T. );
#5344 = FILL_AREA_STYLE( '', ( #6534 ) );
#5345 = EDGE_CURVE( '', #5833, #6085, #6535, .T. );
#5346 = FILL_AREA_STYLE( '', ( #6536 ) );
#5347 = EDGE_CURVE( '', #6496, #6537, #6538, .T. );
#5348 = EDGE_CURVE( '', #6498, #6539, #6540, .T. );
#5349 = EDGE_CURVE( '', #6539, #6537, #6541, .T. );
#5350 = FILL_AREA_STYLE( '', ( #6542 ) );
#5351 = EDGE_CURVE( '', #6543, #6142, #6544, .T. );
#5352 = EDGE_CURVE( '', #6373, #6543, #6545, .T. );
#5353 = FILL_AREA_STYLE( '', ( #6546 ) );
#5354 = EDGE_CURVE( '', #6394, #6160, #6547, .T. );
#5355 = FILL_AREA_STYLE( '', ( #6548 ) );
#5356 = EDGE_CURVE( '', #6101, #6076, #6549, .T. );
#5357 = EDGE_CURVE( '', #6081, #6235, #6550, .T. );
#5358 = EDGE_CURVE( '', #6318, #6014, #6551, .T. );
#5359 = FILL_AREA_STYLE( '', ( #6552 ) );
#5360 = EDGE_CURVE( '', #5731, #6136, #6553, .T. );
#5361 = FILL_AREA_STYLE( '', ( #6554 ) );
#5362 = EDGE_CURVE( '', #6529, #6123, #6555, .T. );
#5363 = FILL_AREA_STYLE( '', ( #6556 ) );
#5364 = EDGE_CURVE( '', #6557, #6390, #6558, .T. );
#5365 = EDGE_CURVE( '', #6444, #6557, #6559, .T. );
#5366 = FILL_AREA_STYLE( '', ( #6560 ) );
#5367 = EDGE_CURVE( '', #6097, #6409, #6561, .T. );
#5368 = EDGE_CURVE( '', #5941, #6329, #6562, .T. );
#5369 = FILL_AREA_STYLE( '', ( #6563 ) );
#5370 = EDGE_CURVE( '', #6396, #6163, #6564, .T. );
#5371 = FILL_AREA_STYLE( '', ( #6565 ) );
#5372 = EDGE_CURVE( '', #5815, #5814, #6566, .T. );
#5373 = FILL_AREA_STYLE( '', ( #6567 ) );
#5374 = EDGE_CURVE( '', #6514, #5739, #6568, .T. );
#5375 = EDGE_CURVE( '', #6516, #5742, #6569, .T. );
#5376 = FILL_AREA_STYLE( '', ( #6570 ) );
#5377 = FILL_AREA_STYLE( '', ( #6571 ) );
#5378 = EDGE_CURVE( '', #5974, #6468, #6572, .T. );
#5379 = EDGE_CURVE( '', #5972, #6470, #6573, .T. );
#5380 = FILL_AREA_STYLE( '', ( #6574 ) );
#5381 = EDGE_CURVE( '', #6024, #6575, #6576, .T. );
#5382 = EDGE_CURVE( '', #6028, #6577, #6578, .T. );
#5383 = EDGE_CURVE( '', #6577, #6575, #6579, .T. );
#5384 = FILL_AREA_STYLE( '', ( #6580 ) );
#5385 = EDGE_CURVE( '', #6581, #6582, #6583, .T. );
#5386 = EDGE_CURVE( '', #6268, #6581, #6584, .T. );
#5387 = EDGE_CURVE( '', #6266, #6582, #6585, .T. );
#5388 = FILL_AREA_STYLE( '', ( #6586 ) );
#5389 = EDGE_CURVE( '', #6587, #5561, #6588, .T. );
#5390 = EDGE_CURVE( '', #6428, #6587, #6589, .T. );
#5391 = FILL_AREA_STYLE( '', ( #6590 ) );
#5392 = EDGE_CURVE( '', #6591, #6244, #6592, .T. );
#5393 = EDGE_CURVE( '', #6593, #6591, #6594, .T. );
#5394 = EDGE_CURVE( '', #6593, #6246, #6595, .T. );
#5395 = FILL_AREA_STYLE( '', ( #6596 ) );
#5396 = EDGE_CURVE( '', #5934, #6597, #6598, .T. );
#5397 = EDGE_CURVE( '', #5890, #6597, #6599, .T. );
#5398 = FILL_AREA_STYLE( '', ( #6600 ) );
#5399 = EDGE_CURVE( '', #5650, #6418, #6601, .T. );
#5400 = EDGE_CURVE( '', #6112, #5652, #6602, .T. );
#5401 = FILL_AREA_STYLE( '', ( #6603 ) );
#5402 = EDGE_CURVE( '', #6604, #6438, #6605, .T. );
#5403 = EDGE_CURVE( '', #5882, #6604, #6606, .T. );
#5404 = FILL_AREA_STYLE( '', ( #6607 ) );
#5405 = EDGE_CURVE( '', #6608, #6531, #6609, .T. );
#5406 = EDGE_CURVE( '', #6189, #6608, #6610, .T. );
#5407 = FILL_AREA_STYLE( '', ( #6611 ) );
#5408 = FILL_AREA_STYLE( '', ( #6612 ) );
#5409 = FILL_AREA_STYLE( '', ( #6613 ) );
#5410 = EDGE_CURVE( '', #6614, #6287, #6615, .T. );
#5411 = EDGE_CURVE( '', #6616, #6614, #6617, .T. );
#5412 = EDGE_CURVE( '', #6616, #6289, #6618, .T. );
#5413 = FILL_AREA_STYLE( '', ( #6619 ) );
#5414 = EDGE_CURVE( '', #5582, #6226, #6620, .T. );
#5415 = FILL_AREA_STYLE( '', ( #6621 ) );
#5416 = EDGE_CURVE( '', #6622, #6608, #6623, .T. );
#5417 = EDGE_CURVE( '', #6191, #6622, #6624, .T. );
#5418 = FILL_AREA_STYLE( '', ( #6625 ) );
#5419 = EDGE_CURVE( '', #6410, #6328, #6626, .T. );
#5420 = FILL_AREA_STYLE( '', ( #6627 ) );
#5421 = FILL_AREA_STYLE( '', ( #6628 ) );
#5422 = EDGE_CURVE( '', #5764, #6629, #6630, .T. );
#5423 = EDGE_CURVE( '', #5768, #6631, #6632, .T. );
#5424 = EDGE_CURVE( '', #6631, #6629, #6633, .T. );
#5425 = FILL_AREA_STYLE( '', ( #6634 ) );
#5426 = EDGE_CURVE( '', #5617, #5801, #6635, .T. );
#5427 = FILL_AREA_STYLE( '', ( #6636 ) );
#5428 = EDGE_CURVE( '', #6637, #6581, #6638, .T. );
#5429 = EDGE_CURVE( '', #6264, #6637, #6639, .T. );
#5430 = FILL_AREA_STYLE( '', ( #6640 ) );
#5431 = EDGE_CURVE( '', #6641, #6342, #6642, .T. );
#5432 = EDGE_CURVE( '', #6376, #6641, #6643, .T. );
#5433 = FILL_AREA_STYLE( '', ( #6644 ) );
#5434 = EDGE_CURVE( '', #6575, #6614, #6645, .T. );
#5435 = EDGE_CURVE( '', #6577, #6616, #6646, .T. );
#5436 = FILL_AREA_STYLE( '', ( #6647 ) );
#5437 = EDGE_CURVE( '', #5982, #6604, #6648, .T. );
#5438 = FILL_AREA_STYLE( '', ( #6649 ) );
#5439 = EDGE_CURVE( '', #6152, #6641, #6650, .T. );
#5440 = FILL_AREA_STYLE( '', ( #6651 ) );
#5441 = EDGE_CURVE( '', #5749, #6520, #6652, .T. );
#5442 = FILL_AREA_STYLE( '', ( #6653 ) );
#5443 = EDGE_CURVE( '', #6537, #6457, #6654, .T. );
#5444 = EDGE_CURVE( '', #6539, #6459, #6655, .T. );
#5445 = FILL_AREA_STYLE( '', ( #6656 ) );
#5446 = EDGE_CURVE( '', #5993, #5519, #6657, .T. );
#5447 = EDGE_CURVE( '', #6307, #6108, #6658, .T. );
#5448 = EDGE_CURVE( '', #6305, #6420, #6659, .T. );
#5449 = EDGE_CURVE( '', #5642, #5674, #6660, .T. );
#5450 = EDGE_CURVE( '', #5640, #6587, #6661, .T. );
#5451 = EDGE_CURVE( '', #6312, #6622, #6662, .T. );
#5452 = FILL_AREA_STYLE( '', ( #6663 ) );
#5453 = FILL_AREA_STYLE( '', ( #6664 ) );
#5454 = EDGE_CURVE( '', #6042, #5778, #6665, .T. );
#5455 = FILL_AREA_STYLE( '', ( #6666 ) );
#5456 = FILL_AREA_STYLE( '', ( #6667 ) );
#5457 = EDGE_CURVE( '', #6668, #6669, #6670, .T. );
#5458 = EDGE_CURVE( '', #6671, #6668, #6672, .T. );
#5459 = EDGE_CURVE( '', #6671, #6673, #6674, .T. );
#5460 = EDGE_CURVE( '', #6673, #6669, #6675, .T. );
#5461 = FILL_AREA_STYLE( '', ( #6676 ) );
#5462 = EDGE_CURVE( '', #6309, #6106, #6677, .T. );
#5463 = FILL_AREA_STYLE( '', ( #6678 ) );
#5464 = FILL_AREA_STYLE( '', ( #6679 ) );
#5465 = FILL_AREA_STYLE( '', ( #6680 ) );
#5466 = FILL_AREA_STYLE( '', ( #6681 ) );
#5467 = EDGE_CURVE( '', #5609, #6351, #6682, .T. );
#5468 = EDGE_CURVE( '', #5613, #6353, #6683, .T. );
#5469 = FILL_AREA_STYLE( '', ( #6684 ) );
#5470 = EDGE_CURVE( '', #6137, #6507, #6685, .T. );
#5471 = FILL_AREA_STYLE( '', ( #6686 ) );
#5472 = EDGE_CURVE( '', #6439, #6434, #6687, .T. );
#5473 = FILL_AREA_STYLE( '', ( #6688 ) );
#5474 = EDGE_CURVE( '', #6492, #6490, #6689, .T. );
#5475 = FILL_AREA_STYLE( '', ( #6690 ) );
#5476 = FILL_AREA_STYLE( '', ( #6691 ) );
#5477 = EDGE_CURVE( '', #6669, #6668, #6692, .T. );
#5478 = EDGE_CURVE( '', #6673, #6671, #6693, .T. );
#5479 = FILL_AREA_STYLE( '', ( #6694 ) );
#5480 = EDGE_CURVE( '', #5948, #6361, #6695, .T. );
#5481 = FILL_AREA_STYLE( '', ( #6696 ) );
#5482 = EDGE_CURVE( '', #6629, #6591, #6697, .T. );
#5483 = EDGE_CURVE( '', #6631, #6593, #6698, .T. );
#5484 = FILL_AREA_STYLE( '', ( #6699 ) );
#5485 = EDGE_CURVE( '', #6114, #5654, #6700, .T. );
#5486 = FILL_AREA_STYLE( '', ( #6701 ) );
#5487 = FILL_AREA_STYLE( '', ( #6702 ) );
#5488 = FILL_AREA_STYLE( '', ( #6703 ) );
#5489 = EDGE_CURVE( '', #6195, #6557, #6704, .T. );
#5490 = EDGE_CURVE( '', #6274, #5896, #6705, .T. );
#5491 = EDGE_CURVE( '', #6343, #6543, #6706, .T. );
#5492 = EDGE_CURVE( '', #6597, #6219, #6707, .T. );
#5493 = EDGE_CURVE( '', #5824, #6637, #6708, .T. );
#5494 = EDGE_CURVE( '', #6582, #5987, #6709, .T. );
#5495 = FILL_AREA_STYLE( '', ( #6710 ) );
#5496 = FILL_AREA_STYLE( '', ( #6711 ) );
#5497 = FILL_AREA_STYLE( '', ( #6712 ) );
#5498 = EDGE_CURVE( '', #5675, #5748, #6713, .F. );
#5499 = FILL_AREA_STYLE( '', ( #6714 ) );
#5500 = FILL_AREA_STYLE( '', ( #6715 ) );
#5501 = FILL_AREA_STYLE( '', ( #6716 ) );
#5502 = FILL_AREA_STYLE( '', ( #6717 ) );
#5503 = FILL_AREA_STYLE( '', ( #6718 ) );
#5504 = FILL_AREA_STYLE( '', ( #6719 ) );
#5505 = FILL_AREA_STYLE( '', ( #6720 ) );
#5506 = FILL_AREA_STYLE( '', ( #6721 ) );
#5507 = FILL_AREA_STYLE( '', ( #6722 ) );
#5508 = EDGE_CURVE( '', #6367, #5962, #6723, .T. );
#5509 = FILL_AREA_STYLE( '', ( #6724 ) );
#5510 = FILL_AREA_STYLE( '', ( #6725 ) );
#5511 = FILL_AREA_STYLE( '', ( #6726 ) );
#5512 = FILL_AREA_STYLE( '', ( #6727 ) );
#5513 = FILL_AREA_STYLE( '', ( #6728 ) );
#5514 = FILL_AREA_STYLE( '', ( #6729 ) );
#5515 = FILL_AREA_STYLE_COLOUR( '', #6730 );
#5516 = VERTEX_POINT( '', #6731 );
#5517 = VERTEX_POINT( '', #6732 );
#5518 = LINE( '', #6733, #6734 );
#5519 = VERTEX_POINT( '', #6735 );
#5520 = LINE( '', #6736, #6737 );
#5521 = VERTEX_POINT( '', #6738 );
#5522 = LINE( '', #6739, #6740 );
#5523 = VERTEX_POINT( '', #6741 );
#5524 = LINE( '', #6742, #6743 );
#5525 = VERTEX_POINT( '', #6744 );
#5526 = LINE( '', #6745, #6746 );
#5527 = VERTEX_POINT( '', #6747 );
#5528 = LINE( '', #6748, #6749 );
#5529 = VERTEX_POINT( '', #6750 );
#5530 = LINE( '', #6751, #6752 );
#5531 = VERTEX_POINT( '', #6753 );
#5532 = LINE( '', #6754, #6755 );
#5533 = VERTEX_POINT( '', #6756 );
#5534 = LINE( '', #6757, #6758 );
#5535 = VERTEX_POINT( '', #6759 );
#5536 = LINE( '', #6760, #6761 );
#5537 = VERTEX_POINT( '', #6762 );
#5538 = LINE( '', #6763, #6764 );
#5539 = VERTEX_POINT( '', #6765 );
#5540 = LINE( '', #6766, #6767 );
#5541 = VERTEX_POINT( '', #6768 );
#5542 = LINE( '', #6769, #6770 );
#5543 = VERTEX_POINT( '', #6771 );
#5544 = LINE( '', #6772, #6773 );
#5545 = VERTEX_POINT( '', #6774 );
#5546 = LINE( '', #6775, #6776 );
#5547 = LINE( '', #6777, #6778 );
#5548 = FILL_AREA_STYLE_COLOUR( '', #6779 );
#5549 = VERTEX_POINT( '', #6780 );
#5550 = VERTEX_POINT( '', #6781 );
#5551 = B_SPLINE_CURVE_WITH_KNOTS( '', 1, ( #6782, #6783 ), .UNSPECIFIED., .F., .F., ( 2, 2 ), ( 0.723599853625051, 0.751569060494720 ), .UNSPECIFIED. );
#5552 = VERTEX_POINT( '', #6784 );
#5553 = LINE( '', #6785, #6786 );
#5554 = VERTEX_POINT( '', #6787 );
#5555 = B_SPLINE_CURVE_WITH_KNOTS( '', 1, ( #6788, #6789 ), .UNSPECIFIED., .F., .F., ( 2, 2 ), ( 0.723599853625051, 0.751569060494720 ), .UNSPECIFIED. );
#5556 = LINE( '', #6790, #6791 );
#5557 = FILL_AREA_STYLE_COLOUR( '', #6792 );
#5558 = VERTEX_POINT( '', #6793 );
#5559 = VERTEX_POINT( '', #6794 );
#5560 = LINE( '', #6795, #6796 );
#5561 = VERTEX_POINT( '', #6797 );
#5562 = LINE( '', #6798, #6799 );
#5563 = VERTEX_POINT( '', #6800 );
#5564 = LINE( '', #6801, #6802 );
#5565 = VERTEX_POINT( '', #6803 );
#5566 = CIRCLE( '', #6804, 0.229554448720945 );
#5567 = VERTEX_POINT( '', #6805 );
#5568 = LINE( '', #6806, #6807 );
#5569 = VERTEX_POINT( '', #6808 );
#5570 = LINE( '', #6809, #6810 );
#5571 = VERTEX_POINT( '', #6811 );
#5572 = LINE( '', #6812, #6813 );
#5573 = CIRCLE( '', #6814, 0.113072396140495 );
#5574 = FILL_AREA_STYLE_COLOUR( '', #6815 );
#5575 = VERTEX_POINT( '', #6816 );
#5576 = LINE( '', #6817, #6818 );
#5577 = VERTEX_POINT( '', #6819 );
#5578 = CIRCLE( '', #6820, 0.113072396140495 );
#5579 = LINE( '', #6821, #6822 );
#5580 = FILL_AREA_STYLE_COLOUR( '', #6823 );
#5581 = VERTEX_POINT( '', #6824 );
#5582 = VERTEX_POINT( '', #6825 );
#5583 = B_SPLINE_CURVE_WITH_KNOTS( '', 3, ( #6826, #6827, #6828, #6829 ), .UNSPECIFIED., .F., .F., ( 4, 4 ), ( 0.499369625002389, 0.523508798199217 ), .UNSPECIFIED. );
#5584 = VERTEX_POINT( '', #6830 );
#5585 = LINE( '', #6831, #6832 );
#5586 = VERTEX_POINT( '', #6833 );
#5587 = B_SPLINE_CURVE_WITH_KNOTS( '', 3, ( #6834, #6835, #6836, #6837 ), .UNSPECIFIED., .F., .F., ( 4, 4 ), ( 0.499369625002389, 0.523508798199217 ), .UNSPECIFIED. );
#5588 = LINE( '', #6838, #6839 );
#5589 = FILL_AREA_STYLE_COLOUR( '', #6840 );
#5590 = VERTEX_POINT( '', #6841 );
#5591 = VERTEX_POINT( '', #6842 );
#5592 = B_SPLINE_CURVE_WITH_KNOTS( '', 1, ( #6843, #6844 ), .UNSPECIFIED., .F., .F., ( 2, 2 ), ( 0.860908005731193, 0.913320996768726 ), .UNSPECIFIED. );
#5593 = VERTEX_POINT( '', #6845 );
#5594 = LINE( '', #6846, #6847 );
#5595 = VERTEX_POINT( '', #6848 );
#5596 = B_SPLINE_CURVE_WITH_KNOTS( '', 1, ( #6849, #6850 ), .UNSPECIFIED., .F., .F., ( 2, 2 ), ( 0.860908005731193, 0.913320996768726 ), .UNSPECIFIED. );
#5597 = LINE( '', #6851, #6852 );
#5598 = FILL_AREA_STYLE_COLOUR( '', #6853 );
#5599 = VERTEX_POINT( '', #6854 );
#5600 = VERTEX_POINT( '', #6855 );
#5601 = LINE( '', #6856, #6857 );
#5602 = VERTEX_POINT( '', #6858 );
#5603 = LINE( '', #6859, #6860 );
#5604 = VERTEX_POINT( '', #6861 );
#5605 = LINE( '', #6862, #6863 );
#5606 = LINE( '', #6864, #6865 );
#5607 = FILL_AREA_STYLE_COLOUR( '', #6866 );
#5608 = VERTEX_POINT( '', #6867 );
#5609 = VERTEX_POINT( '', #6868 );
#5610 = B_SPLINE_CURVE_WITH_KNOTS( '', 3, ( #6869, #6870, #6871, #6872 ), .UNSPECIFIED., .F., .F., ( 4, 4 ), ( 0.957204892445248, 1.00000000000000 ), .UNSPECIFIED. );
#5611 = VERTEX_POINT( '', #6873 );
#5612 = LINE( '', #6874, #6875 );
#5613 = VERTEX_POINT( '', #6876 );
#5614 = B_SPLINE_CURVE_WITH_KNOTS( '', 3, ( #6877, #6878, #6879, #6880 ), .UNSPECIFIED., .F., .F., ( 4, 4 ), ( 0.957204892445248, 1.00000000000000 ), .UNSPECIFIED. );
#5615 = LINE( '', #6881, #6882 );
#5616 = FILL_AREA_STYLE_COLOUR( '', #6883 );
#5617 = VERTEX_POINT( '', #6884 );
#5618 = LINE( '', #6885, #6886 );
#5619 = VERTEX_POINT( '', #6887 );
#5620 = LINE( '', #6888, #6889 );
#5621 = VERTEX_POINT( '', #6890 );
#5622 = CIRCLE( '', #6891, 0.229554448720945 );
#5623 = VERTEX_POINT( '', #6892 );
#5624 = LINE( '', #6893, #6894 );
#5625 = VERTEX_POINT( '', #6895 );
#5626 = LINE( '', #6896, #6897 );
#5627 = VERTEX_POINT( '', #6898 );
#5628 = LINE( '', #6899, #6900 );
#5629 = CIRCLE( '', #6901, 0.113072396140495 );
#5630 = FILL_AREA_STYLE_COLOUR( '', #6902 );
#5631 = VERTEX_POINT( '', #6903 );
#5632 = VERTEX_POINT( '', #6904 );
#5633 = LINE( '', #6905, #6906 );
#5634 = VERTEX_POINT( '', #6907 );
#5635 = LINE( '', #6908, #6909 );
#5636 = VERTEX_POINT( '', #6910 );
#5637 = LINE( '', #6911, #6912 );
#5638 = LINE( '', #6913, #6914 );
#5639 = FILL_AREA_STYLE_COLOUR( '', #6915 );
#5640 = VERTEX_POINT( '', #6916 );
#5641 = LINE( '', #6917, #6918 );
#5642 = VERTEX_POINT( '', #6919 );
#5643 = LINE( '', #6920, #6921 );
#5644 = VERTEX_POINT( '', #6922 );
#5645 = LINE( '', #6923, #6924 );
#5646 = VERTEX_POINT( '', #6925 );
#5647 = LINE( '', #6926, #6927 );
#5648 = VERTEX_POINT( '', #6928 );
#5649 = LINE( '', #6929, #6930 );
#5650 = VERTEX_POINT( '', #6931 );
#5651 = LINE( '', #6932, #6933 );
#5652 = VERTEX_POINT( '', #6934 );
#5653 = LINE( '', #6935, #6936 );
#5654 = VERTEX_POINT( '', #6937 );
#5655 = LINE( '', #6938, #6939 );
#5656 = VERTEX_POINT( '', #6940 );
#5657 = LINE( '', #6941, #6942 );
#5658 = VERTEX_POINT( '', #6943 );
#5659 = LINE( '', #6944, #6945 );
#5660 = VERTEX_POINT( '', #6946 );
#5661 = LINE( '', #6947, #6948 );
#5662 = VERTEX_POINT( '', #6949 );
#5663 = LINE( '', #6950, #6951 );
#5664 = VERTEX_POINT( '', #6952 );
#5665 = LINE( '', #6953, #6954 );
#5666 = LINE( '', #6955, #6956 );
#5667 = FILL_AREA_STYLE_COLOUR( '', #6957 );
#5668 = VERTEX_POINT( '', #6958 );
#5669 = B_SPLINE_CURVE_WITH_KNOTS( '', 3, ( #6959, #6960, #6961, #6962 ), .UNSPECIFIED., .F., .F., ( 4, 4 ), ( 0.601412883312602, 0.957204892445248 ), .UNSPECIFIED. );
#5670 = VERTEX_POINT( '', #6963 );
#5671 = LINE( '', #6964, #6965 );
#5672 = B_SPLINE_CURVE_WITH_KNOTS( '', 3, ( #6966, #6967, #6968, #6969 ), .UNSPECIFIED., .F., .F., ( 4, 4 ), ( 0.601412883312602, 0.957204892445248 ), .UNSPECIFIED. );
#5673 = FILL_AREA_STYLE_COLOUR( '', #6970 );
#5674 = VERTEX_POINT( '', #6971 );
#5675 = VERTEX_POINT( '', #6972 );
#5676 = LINE( '', #6973, #6974 );
#5677 = VERTEX_POINT( '', #6975 );
#5678 = LINE( '', #6976, #6977 );
#5679 = VERTEX_POINT( '', #6978 );
#5680 = LINE( '', #6979, #6980 );
#5681 = LINE( '', #6981, #6982 );
#5682 = FILL_AREA_STYLE_COLOUR( '', #6983 );
#5683 = VERTEX_POINT( '', #6984 );
#5684 = VERTEX_POINT( '', #6985 );
#5685 = B_SPLINE_CURVE_WITH_KNOTS( '', 1, ( #6986, #6987 ), .UNSPECIFIED., .F., .F., ( 2, 2 ), ( 0.000000000000000, 0.0822551651696558 ), .UNSPECIFIED. );
#5686 = VERTEX_POINT( '', #6988 );
#5687 = LINE( '', #6989, #6990 );
#5688 = VERTEX_POINT( '', #6991 );
#5689 = B_SPLINE_CURVE_WITH_KNOTS( '', 1, ( #6992, #6993 ), .UNSPECIFIED., .F., .F., ( 2, 2 ), ( 0.000000000000000, 0.0822551651696558 ), .UNSPECIFIED. );
#5690 = LINE( '', #6994, #6995 );
#5691 = FILL_AREA_STYLE_COLOUR( '', #6996 );
#5692 = VERTEX_POINT( '', #6997 );
#5693 = B_SPLINE_CURVE_WITH_KNOTS( '', 1, ( #6998, #6999 ), .UNSPECIFIED., .F., .F., ( 2, 2 ), ( 0.913320996768726, 0.975161674496339 ), .UNSPECIFIED. );
#5694 = VERTEX_POINT( '', #7000 );
#5695 = B_SPLINE_CURVE_WITH_KNOTS( '', 1, ( #7001, #7002 ), .UNSPECIFIED., .F., .F., ( 2, 2 ), ( 0.913320996768726, 0.975161674496339 ), .UNSPECIFIED. );
#5696 = LINE( '', #7003, #7004 );
#5697 = FILL_AREA_STYLE_COLOUR( '', #7005 );
#5698 = VERTEX_POINT( '', #7006 );
#5699 = LINE( '', #7007, #7008 );
#5700 = VERTEX_POINT( '', #7009 );
#5701 = LINE( '', #7010, #7011 );
#5702 = VERTEX_POINT( '', #7012 );
#5703 = CIRCLE( '', #7013, 0.229554448720945 );
#5704 = VERTEX_POINT( '', #7014 );
#5705 = LINE( '', #7015, #7016 );
#5706 = VERTEX_POINT( '', #7017 );
#5707 = LINE( '', #7018, #7019 );
#5708 = VERTEX_POINT( '', #7020 );
#5709 = LINE( '', #7021, #7022 );
#5710 = CIRCLE( '', #7023, 0.113072396140495 );
#5711 = FILL_AREA_STYLE_COLOUR( '', #7024 );
#5712 = VERTEX_POINT( '', #7025 );
#5713 = VERTEX_POINT( '', #7026 );
#5714 = B_SPLINE_CURVE_WITH_KNOTS( '', 3, ( #7027, #7028, #7029, #7030, #7031, #7032, #7033, #7034, #7035, #7036, #7037, #7038, #7039, #7040, #7041, #7042 ), .UNSPECIFIED., .F., .F., ( 4, 2, 2, 3, 2, 3, 4 ), ( 0.732254752387237, 0.758657191898480, 0.785059631409722, 0.840875314937875, 0.896378122391958, 0.950333042785569, 1.00000000000000 ), .UNSPECIFIED. );
#5715 = VERTEX_POINT( '', #7043 );
#5716 = LINE( '', #7044, #7045 );
#5717 = VERTEX_POINT( '', #7046 );
#5718 = B_SPLINE_CURVE_WITH_KNOTS( '', 3, ( #7047, #7048, #7049, #7050, #7051, #7052, #7053, #7054, #7055, #7056, #7057, #7058, #7059, #7060, #7061, #7062 ), .UNSPECIFIED., .F., .F., ( 4, 2, 2, 3, 2, 3, 4 ), ( 0.732254752387237, 0.758657191898480, 0.785059631409722, 0.840875314937875, 0.896378122391958, 0.950333042785569, 1.00000000000000 ), .UNSPECIFIED. );
#5719 = LINE( '', #7063, #7064 );
#5720 = FILL_AREA_STYLE_COLOUR( '', #7065 );
#5721 = VERTEX_POINT( '', #7066 );
#5722 = VERTEX_POINT( '', #7067 );
#5723 = B_SPLINE_CURVE_WITH_KNOTS( '', 1, ( #7068, #7069 ), .UNSPECIFIED., .F., .F., ( 2, 2 ), ( 0.756862170123308, 0.868737395338202 ), .UNSPECIFIED. );
#5724 = VERTEX_POINT( '', #7070 );
#5725 = LINE( '', #7071, #7072 );
#5726 = VERTEX_POINT( '', #7073 );
#5727 = B_SPLINE_CURVE_WITH_KNOTS( '', 1, ( #7074, #7075 ), .UNSPECIFIED., .F., .F., ( 2, 2 ), ( 0.756862170123308, 0.868737395338202 ), .UNSPECIFIED. );
#5728 = LINE( '', #7076, #7077 );
#5729 = FILL_AREA_STYLE_COLOUR( '', #7078 );
#5730 = VERTEX_POINT( '', #7079 );
#5731 = VERTEX_POINT( '', #7080 );
#5732 = B_SPLINE_CURVE_WITH_KNOTS( '', 1, ( #7081, #7082 ), .UNSPECIFIED., .F., .F., ( 2, 2 ), ( 0.250555562318267, 0.515808662999002 ), .UNSPECIFIED. );
#5733 = VERTEX_POINT( '', #7083 );
#5734 = LINE( '', #7084, #7085 );
#5735 = VERTEX_POINT( '', #7086 );
#5736 = B_SPLINE_CURVE_WITH_KNOTS( '', 1, ( #7087, #7088 ), .UNSPECIFIED., .F., .F., ( 2, 2 ), ( 0.250555562318267, 0.515808662999002 ), .UNSPECIFIED. );
#5737 = LINE( '', #7089, #7090 );
#5738 = FILL_AREA_STYLE_COLOUR( '', #7091 );
#5739 = VERTEX_POINT( '', #7092 );
#5740 = VERTEX_POINT( '', #7093 );
#5741 = B_SPLINE_CURVE_WITH_KNOTS( '', 3, ( #7094, #7095, #7096, #7097, #7098, #7099, #7100, #7101, #7102, #7103, #7104, #7105, #7106, #7107, #7108, #7109, #7110, #7111, #7112, #7113, #7114, #7115 ), .UNSPECIFIED., .F., .F., ( 4, 3, 2, 3, 2, 3, 2, 3, 4 ), ( 0.0270930031381960, 0.0928002497777797, 0.148193936116272, 0.215782501163612, 0.288943961288776, 0.384132527688183, 0.463354714751718, 0.521999710370179, 0.575127988783686 ), .UNSPECIFIED. );
#5742 = VERTEX_POINT( '', #7116 );
#5743 = LINE( '', #7117, #7118 );
#5744 = VERTEX_POINT( '', #7119 );
#5745 = B_SPLINE_CURVE_WITH_KNOTS( '', 3, ( #7120, #7121, #7122, #7123, #7124, #7125, #7126, #7127, #7128, #7129, #7130, #7131, #7132, #7133, #7134, #7135, #7136, #7137, #7138, #7139, #7140, #7141 ), .UNSPECIFIED., .F., .F., ( 4, 3, 2, 3, 2, 3, 2, 3, 4 ), ( 0.0270930031381960, 0.0928002497777797, 0.148193936116272, 0.215782501163612, 0.288943961288776, 0.384132527688183, 0.463354714751718, 0.521999710370179, 0.575127988783686 ), .UNSPECIFIED. );
#5746 = LINE( '', #7142, #7143 );
#5747 = FILL_AREA_STYLE_COLOUR( '', #7144 );
#5748 = VERTEX_POINT( '', #7145 );
#5749 = VERTEX_POINT( '', #7146 );
#5750 = LINE( '', #7147, #7148 );
#5751 = VERTEX_POINT( '', #7149 );
#5752 = LINE( '', #7150, #7151 );
#5753 = VERTEX_POINT( '', #7152 );
#5754 = LINE( '', #7153, #7154 );
#5755 = LINE( '', #7155, #7156 );
#5756 = FILL_AREA_STYLE_COLOUR( '', #7157 );
#5757 = VERTEX_POINT( '', #7158 );
#5758 = B_SPLINE_CURVE_WITH_KNOTS( '', 3, ( #7159, #7160, #7161, #7162 ), .UNSPECIFIED., .F., .F., ( 4, 4 ), ( 0.575127988783686, 0.600504747971176 ), .UNSPECIFIED. );
#5759 = VERTEX_POINT( '', #7163 );
#5760 = B_SPLINE_CURVE_WITH_KNOTS( '', 3, ( #7164, #7165, #7166, #7167 ), .UNSPECIFIED., .F., .F., ( 4, 4 ), ( 0.575127988783686, 0.600504747971176 ), .UNSPECIFIED. );
#5761 = LINE( '', #7168, #7169 );
#5762 = FILL_AREA_STYLE_COLOUR( '', #7170 );
#5763 = VERTEX_POINT( '', #7171 );
#5764 = VERTEX_POINT( '', #7172 );
#5765 = B_SPLINE_CURVE_WITH_KNOTS( '', 3, ( #7173, #7174, #7175, #7176, #7177, #7178, #7179, #7180, #7181, #7182, #7183, #7184, #7185, #7186, #7187, #7188, #7189, #7190, #7191 ), .UNSPECIFIED., .F., .F., ( 4, 3, 2, 3, 2, 3, 2, 4 ), ( 0.0263481856527632, 0.0620907800040348, 0.0925420704632163, 0.129262744252229, 0.164508445261140, 0.195116554032036, 0.231222898846064, 0.235287851573470 ), .UNSPECIFIED. );
#5766 = VERTEX_POINT( '', #7192 );
#5767 = LINE( '', #7193, #7194 );
#5768 = VERTEX_POINT( '', #7195 );
#5769 = B_SPLINE_CURVE_WITH_KNOTS( '', 3, ( #7196, #7197, #7198, #7199, #7200, #7201, #7202, #7203, #7204, #7205, #7206, #7207, #7208, #7209, #7210, #7211, #7212, #7213, #7214 ), .UNSPECIFIED., .F., .F., ( 4, 3, 2, 3, 2, 3, 2, 4 ), ( 0.0263481856527632, 0.0620907800040348, 0.0925420704632163, 0.129262744252229, 0.164508445261140, 0.195116554032036, 0.231222898846064, 0.235287851573470 ), .UNSPECIFIED. );
#5770 = LINE( '', #7215, #7216 );
#5771 = FILL_AREA_STYLE_COLOUR( '', #7217 );
#5772 = VERTEX_POINT( '', #7218 );
#5773 = LINE( '', #7219, #7220 );
#5774 = VERTEX_POINT( '', #7221 );
#5775 = LINE( '', #7222, #7223 );
#5776 = LINE( '', #7224, #7225 );
#5777 = FILL_AREA_STYLE_COLOUR( '', #7226 );
#5778 = VERTEX_POINT( '', #7227 );
#5779 = LINE( '', #7228, #7229 );
#5780 = CIRCLE( '', #7230, 0.113072396140495 );
#5781 = FILL_AREA_STYLE_COLOUR( '', #7231 );
#5782 = VERTEX_POINT( '', #7232 );
#5783 = VERTEX_POINT( '', #7233 );
#5784 = LINE( '', #7234, #7235 );
#5785 = VERTEX_POINT( '', #7236 );
#5786 = LINE( '', #7237, #7238 );
#5787 = VERTEX_POINT( '', #7239 );
#5788 = LINE( '', #7240, #7241 );
#5789 = LINE( '', #7242, #7243 );
#5790 = FILL_AREA_STYLE_COLOUR( '', #7244 );
#5791 = VERTEX_POINT( '', #7245 );
#5792 = CIRCLE( '', #7246, 0.113072396140495 );
#5793 = VERTEX_POINT( '', #7247 );
#5794 = LINE( '', #7248, #7249 );
#5795 = VERTEX_POINT( '', #7250 );
#5796 = LINE( '', #7251, #7252 );
#5797 = VERTEX_POINT( '', #7253 );
#5798 = LINE( '', #7254, #7255 );
#5799 = VERTEX_POINT( '', #7256 );
#5800 = CIRCLE( '', #7257, 0.229554448720945 );
#5801 = VERTEX_POINT( '', #7258 );
#5802 = LINE( '', #7259, #7260 );
#5803 = LINE( '', #7261, #7262 );
#5804 = FILL_AREA_STYLE_COLOUR( '', #7263 );
#5805 = VERTEX_POINT( '', #7264 );
#5806 = VERTEX_POINT( '', #7265 );
#5807 = LINE( '', #7266, #7267 );
#5808 = VERTEX_POINT( '', #7268 );
#5809 = LINE( '', #7269, #7270 );
#5810 = VERTEX_POINT( '', #7271 );
#5811 = LINE( '', #7272, #7273 );
#5812 = LINE( '', #7274, #7275 );
#5813 = FILL_AREA_STYLE_COLOUR( '', #7276 );
#5814 = VERTEX_POINT( '', #7277 );
#5815 = VERTEX_POINT( '', #7278 );
#5816 = B_SPLINE_CURVE_WITH_KNOTS( '', 3, ( #7279, #7280, #7281, #7282, #7283, #7284, #7285, #7286, #7287 ), .UNSPECIFIED., .F., .F., ( 4, 3, 2, 4 ), ( 0.539840598144228, 0.666020504815959, 0.816390419709247, 1.00000000000000 ), .UNSPECIFIED. );
#5817 = VERTEX_POINT( '', #7288 );
#5818 = LINE( '', #7289, #7290 );
#5819 = VERTEX_POINT( '', #7291 );
#5820 = B_SPLINE_CURVE_WITH_KNOTS( '', 3, ( #7292, #7293, #7294, #7295, #7296, #7297, #7298, #7299, #7300 ), .UNSPECIFIED., .F., .F., ( 4, 3, 2, 4 ), ( 0.539840598144228, 0.666020504815959, 0.816390419709247, 1.00000000000000 ), .UNSPECIFIED. );
#5821 = LINE( '', #7301, #7302 );
#5822 = FILL_AREA_STYLE_COLOUR( '', #7303 );
#5823 = VERTEX_POINT( '', #7304 );
#5824 = VERTEX_POINT( '', #7305 );
#5825 = B_SPLINE_CURVE_WITH_KNOTS( '', 3, ( #7306, #7307, #7308, #7309 ), .UNSPECIFIED., .F., .F., ( 4, 4 ), ( 0.844682093715417, 0.869883203006801 ), .UNSPECIFIED. );
#5826 = VERTEX_POINT( '', #7310 );
#5827 = LINE( '', #7311, #7312 );
#5828 = VERTEX_POINT( '', #7313 );
#5829 = B_SPLINE_CURVE_WITH_KNOTS( '', 3, ( #7314, #7315, #7316, #7317 ), .UNSPECIFIED., .F., .F., ( 4, 4 ), ( 0.844682093715417, 0.869883203006801 ), .UNSPECIFIED. );
#5830 = LINE( '', #7318, #7319 );
#5831 = FILL_AREA_STYLE_COLOUR( '', #7320 );
#5832 = VERTEX_POINT( '', #7321 );
#5833 = VERTEX_POINT( '', #7322 );
#5834 = B_SPLINE_CURVE_WITH_KNOTS( '', 1, ( #7323, #7324 ), .UNSPECIFIED., .F., .F., ( 2, 2 ), ( 0.335064190559931, 0.775482585909930 ), .UNSPECIFIED. );
#5835 = VERTEX_POINT( '', #7325 );
#5836 = B_SPLINE_CURVE_WITH_KNOTS( '', 1, ( #7326, #7327 ), .UNSPECIFIED., .F., .F., ( 2, 2 ), ( 0.000000000000000, 0.335064190559931 ), .UNSPECIFIED. );
#5837 = B_SPLINE_CURVE_WITH_KNOTS( '', 1, ( #7328, #7329 ), .UNSPECIFIED., .F., .F., ( 2, 2 ), ( 0.775482585909930, 1.00000000000000 ), .UNSPECIFIED. );
#5838 = VERTEX_POINT( '', #7330 );
#5839 = VERTEX_POINT( '', #7331 );
#5840 = B_SPLINE_CURVE_WITH_KNOTS( '', 1, ( #7332, #7333 ), .UNSPECIFIED., .F., .F., ( 2, 2 ), ( 0.961114975996676, 1.00000000000000 ), .UNSPECIFIED. );
#5841 = VERTEX_POINT( '', #7334 );
#5842 = B_SPLINE_CURVE_WITH_KNOTS( '', 1, ( #7335, #7336 ), .UNSPECIFIED., .F., .F., ( 2, 2 ), ( 0.878835402155802, 0.961114975996676 ), .UNSPECIFIED. );
#5843 = VERTEX_POINT( '', #7337 );
#5844 = B_SPLINE_CURVE_WITH_KNOTS( '', 1, ( #7338, #7339 ), .UNSPECIFIED., .F., .F., ( 2, 2 ), ( 0.833371642973668, 0.878835402155802 ), .UNSPECIFIED. );
#5845 = VERTEX_POINT( '', #7340 );
#5846 = B_SPLINE_CURVE_WITH_KNOTS( '', 1, ( #7341, #7342 ), .UNSPECIFIED., .F., .F., ( 2, 2 ), ( 0.798351549040962, 0.833371642973668 ), .UNSPECIFIED. );
#5847 = VERTEX_POINT( '', #7343 );
#5848 = B_SPLINE_CURVE_WITH_KNOTS( '', 1, ( #7344, #7345 ), .UNSPECIFIED., .F., .F., ( 2, 2 ), ( 0.753122744686642, 0.798351549040962 ), .UNSPECIFIED. );
#5849 = VERTEX_POINT( '', #7346 );
#5850 = B_SPLINE_CURVE_WITH_KNOTS( '', 1, ( #7347, #7348 ), .UNSPECIFIED., .F., .F., ( 2, 2 ), ( 0.547645042167887, 0.753122744686642 ), .UNSPECIFIED. );
#5851 = B_SPLINE_CURVE_WITH_KNOTS( '', 1, ( #7349, #7350 ), .UNSPECIFIED., .F., .F., ( 2, 2 ), ( 0.515808662999002, 0.547645042167887 ), .UNSPECIFIED. );
#5852 = VERTEX_POINT( '', #7351 );
#5853 = B_SPLINE_CURVE_WITH_KNOTS( '', 1, ( #7352, #7353 ), .UNSPECIFIED., .F., .F., ( 2, 2 ), ( 0.211245365639897, 0.250555562318267 ), .UNSPECIFIED. );
#5854 = VERTEX_POINT( '', #7354 );
#5855 = B_SPLINE_CURVE_WITH_KNOTS( '', 1, ( #7355, #7356 ), .UNSPECIFIED., .F., .F., ( 2, 2 ), ( 0.0822551651696557, 0.211245365639897 ), .UNSPECIFIED. );
#5856 = B_SPLINE_CURVE_WITH_KNOTS( '', 1, ( #7357, #7358 ), .UNSPECIFIED., .F., .F., ( 2, 2 ), ( 0.000000000000000, 0.0822551651696557 ), .UNSPECIFIED. );
#5857 = FILL_AREA_STYLE_COLOUR( '', #7359 );
#5858 = VERTEX_POINT( '', #7360 );
#5859 = LINE( '', #7361, #7362 );
#5860 = VERTEX_POINT( '', #7363 );
#5861 = CIRCLE( '', #7364, 0.229554448720945 );
#5862 = LINE( '', #7365, #7366 );
#5863 = FILL_AREA_STYLE_COLOUR( '', #7367 );
#5864 = VERTEX_POINT( '', #7368 );
#5865 = VERTEX_POINT( '', #7369 );
#5866 = B_SPLINE_CURVE_WITH_KNOTS( '', 1, ( #7370, #7371 ), .UNSPECIFIED., .F., .F., ( 2, 2 ), ( 0.000000000000000, 0.335064190559931 ), .UNSPECIFIED. );
#5867 = LINE( '', #7372, #7373 );
#5868 = LINE( '', #7374, #7375 );
#5869 = FILL_AREA_STYLE_COLOUR( '', #7376 );
#5870 = VERTEX_POINT( '', #7377 );
#5871 = VERTEX_POINT( '', #7378 );
#5872 = B_SPLINE_CURVE_WITH_KNOTS( '', 1, ( #7379, #7380 ), .UNSPECIFIED., .F., .F., ( 2, 2 ), ( 0.335064190559931, 0.775482585909930 ), .UNSPECIFIED. );
#5873 = VERTEX_POINT( '', #7381 );
#5874 = B_SPLINE_CURVE_WITH_KNOTS( '', 1, ( #7382, #7383 ), .UNSPECIFIED., .F., .F., ( 2, 2 ), ( 0.000000000000000, 0.335064190559931 ), .UNSPECIFIED. );
#5875 = B_SPLINE_CURVE_WITH_KNOTS( '', 1, ( #7384, #7385 ), .UNSPECIFIED., .F., .F., ( 2, 2 ), ( 0.775482585909930, 1.00000000000000 ), .UNSPECIFIED. );
#5876 = VERTEX_POINT( '', #7386 );
#5877 = B_SPLINE_CURVE_WITH_KNOTS( '', 1, ( #7387, #7388 ), .UNSPECIFIED., .F., .F., ( 2, 2 ), ( 0.961114975996676, 1.00000000000000 ), .UNSPECIFIED. );
#5878 = VERTEX_POINT( '', #7389 );
#5879 = B_SPLINE_CURVE_WITH_KNOTS( '', 1, ( #7390, #7391 ), .UNSPECIFIED., .F., .F., ( 2, 2 ), ( 0.878835402155802, 0.961114975996676 ), .UNSPECIFIED. );
#5880 = VERTEX_POINT( '', #7392 );
#5881 = B_SPLINE_CURVE_WITH_KNOTS( '', 1, ( #7393, #7394 ), .UNSPECIFIED., .F., .F., ( 2, 2 ), ( 0.833371642973668, 0.878835402155802 ), .UNSPECIFIED. );
#5882 = VERTEX_POINT( '', #7395 );
#5883 = B_SPLINE_CURVE_WITH_KNOTS( '', 1, ( #7396, #7397 ), .UNSPECIFIED., .F., .F., ( 2, 2 ), ( 0.798351549040962, 0.833371642973668 ), .UNSPECIFIED. );
#5884 = VERTEX_POINT( '', #7398 );
#5885 = B_SPLINE_CURVE_WITH_KNOTS( '', 1, ( #7399, #7400 ), .UNSPECIFIED., .F., .F., ( 2, 2 ), ( 0.753122744686643, 0.798351549040962 ), .UNSPECIFIED. );
#5886 = VERTEX_POINT( '', #7401 );
#5887 = B_SPLINE_CURVE_WITH_KNOTS( '', 1, ( #7402, #7403 ), .UNSPECIFIED., .F., .F., ( 2, 2 ), ( 0.547645042167887, 0.753122744686643 ), .UNSPECIFIED. );
#5888 = VERTEX_POINT( '', #7404 );
#5889 = B_SPLINE_CURVE_WITH_KNOTS( '', 1, ( #7405, #7406 ), .UNSPECIFIED., .F., .F., ( 2, 2 ), ( 0.515808662999003, 0.547645042167887 ), .UNSPECIFIED. );
#5890 = VERTEX_POINT( '', #7407 );
#5891 = B_SPLINE_CURVE_WITH_KNOTS( '', 1, ( #7408, #7409 ), .UNSPECIFIED., .F., .F., ( 2, 2 ), ( 0.250555562318268, 0.515808662999003 ), .UNSPECIFIED. );
#5892 = VERTEX_POINT( '', #7410 );
#5893 = B_SPLINE_CURVE_WITH_KNOTS( '', 1, ( #7411, #7412 ), .UNSPECIFIED., .F., .F., ( 2, 2 ), ( 0.211245365639898, 0.250555562318268 ), .UNSPECIFIED. );
#5894 = B_SPLINE_CURVE_WITH_KNOTS( '', 1, ( #7413, #7414 ), .UNSPECIFIED., .F., .F., ( 2, 2 ), ( 0.0822551651696558, 0.211245365639898 ), .UNSPECIFIED. );
#5895 = FILL_AREA_STYLE_COLOUR( '', #7415 );
#5896 = VERTEX_POINT( '', #7416 );
#5897 = VERTEX_POINT( '', #7417 );
#5898 = LINE( '', #7418, #7419 );
#5899 = VERTEX_POINT( '', #7420 );
#5900 = LINE( '', #7421, #7422 );
#5901 = VERTEX_POINT( '', #7423 );
#5902 = LINE( '', #7424, #7425 );
#5903 = LINE( '', #7426, #7427 );
#5904 = FILL_AREA_STYLE_COLOUR( '', #7428 );
#5905 = VERTEX_POINT( '', #7429 );
#5906 = LINE( '', #7430, #7431 );
#5907 = VERTEX_POINT( '', #7432 );
#5908 = LINE( '', #7433, #7434 );
#5909 = VERTEX_POINT( '', #7435 );
#5910 = LINE( '', #7436, #7437 );
#5911 = LINE( '', #7438, #7439 );
#5912 = FILL_AREA_STYLE_COLOUR( '', #7440 );
#5913 = VERTEX_POINT( '', #7441 );
#5914 = B_SPLINE_CURVE_WITH_KNOTS( '', 3, ( #7442, #7443, #7444, #7445, #7446, #7447, #7448, #7449, #7450, #7451, #7452, #7453, #7454, #7455, #7456, #7457, #7458, #7459, #7460, #7461, #7462, #7463, #7464, #7465, #7466, #7467, #7468, #7469, #7470, #7471, #7472, #7473, #7474, #7475, #7476, #7477, #7478, #7479, #7480, #7481, #7482, #7483, #7484, #7485, #7486, #7487, #7488, #7489, #7490 ), .UNSPECIFIED., .F., .F., ( 4, 3, 3, 3, 3, 3, 2, 3, 3, 3, 3, 2, 2, 3, 2, 2, 3, 2, 4 ), ( 0.0247127238521240, 0.0312741519151874, 0.0521769888652805, 0.0742013173254796, 0.102173513605168, 0.138642018993504, 0.164683381048805, 0.182826952972580, 0.223008458438731, 0.256566752420364, 0.282765394755524, 0.307270421945908, 0.335451203214848, 0.363631984483789, 0.394883923354297, 0.432283784625562, 0.469683645896828, 0.496714781342542, 0.499369625002389 ), .UNSPECIFIED. );
#5915 = VERTEX_POINT( '', #7491 );
#5916 = LINE( '', #7492, #7493 );
#5917 = B_SPLINE_CURVE_WITH_KNOTS( '', 3, ( #7494, #7495, #7496, #7497, #7498, #7499, #7500, #7501, #7502, #7503, #7504, #7505, #7506, #7507, #7508, #7509, #7510, #7511, #7512, #7513, #7514, #7515, #7516, #7517, #7518, #7519, #7520, #7521, #7522, #7523, #7524, #7525, #7526, #7527, #7528, #7529, #7530, #7531, #7532, #7533, #7534, #7535, #7536, #7537, #7538, #7539, #7540, #7541, #7542 ), .UNSPECIFIED., .F., .F., ( 4, 3, 3, 3, 3, 3, 2, 3, 3, 3, 3, 2, 2, 3, 2, 2, 3, 2, 4 ), ( 0.0247127238521240, 0.0312741519151874, 0.0521769888652805, 0.0742013173254796, 0.102173513605168, 0.138642018993504, 0.164683381048805, 0.182826952972580, 0.223008458438731, 0.256566752420364, 0.282765394755524, 0.307270421945908, 0.335451203214848, 0.363631984483789, 0.394883923354297, 0.432283784625562, 0.469683645896828, 0.496714781342542, 0.499369625002389 ), .UNSPECIFIED. );
#5918 = FILL_AREA_STYLE_COLOUR( '', #7543 );
#5919 = VERTEX_POINT( '', #7544 );
#5920 = VERTEX_POINT( '', #7545 );
#5921 = LINE( '', #7546, #7547 );
#5922 = VERTEX_POINT( '', #7548 );
#5923 = LINE( '', #7549, #7550 );
#5924 = VERTEX_POINT( '', #7551 );
#5925 = LINE( '', #7552, #7553 );
#5926 = LINE( '', #7554, #7555 );
#5927 = FILL_AREA_STYLE_COLOUR( '', #7556 );
#5928 = VERTEX_POINT( '', #7557 );
#5929 = B_SPLINE_CURVE_WITH_KNOTS( '', 1, ( #7558, #7559 ), .UNSPECIFIED., .F., .F., ( 2, 2 ), ( 0.595724207271496, 0.723599853625051 ), .UNSPECIFIED. );
#5930 = VERTEX_POINT( '', #7560 );
#5931 = LINE( '', #7561, #7562 );
#5932 = B_SPLINE_CURVE_WITH_KNOTS( '', 1, ( #7563, #7564 ), .UNSPECIFIED., .F., .F., ( 2, 2 ), ( 0.595724207271496, 0.723599853625051 ), .UNSPECIFIED. );
#5933 = FILL_AREA_STYLE_COLOUR( '', #7565 );
#5934 = VERTEX_POINT( '', #7566 );
#5935 = B_SPLINE_CURVE_WITH_KNOTS( '', 1, ( #7567, #7568 ), .UNSPECIFIED., .F., .F., ( 2, 2 ), ( 0.0822551651696558, 0.211245365639898 ), .UNSPECIFIED. );
#5936 = LINE( '', #7569, #7570 );
#5937 = FILL_AREA_STYLE_COLOUR( '', #7571 );
#5938 = VERTEX_POINT( '', #7572 );
#5939 = VERTEX_POINT( '', #7573 );
#5940 = LINE( '', #7574, #7575 );
#5941 = VERTEX_POINT( '', #7576 );
#5942 = LINE( '', #7577, #7578 );
#5943 = VERTEX_POINT( '', #7579 );
#5944 = LINE( '', #7580, #7581 );
#5945 = LINE( '', #7582, #7583 );
#5946 = FILL_AREA_STYLE_COLOUR( '', #7584 );
#5947 = VERTEX_POINT( '', #7585 );
#5948 = VERTEX_POINT( '', #7586 );
#5949 = B_SPLINE_CURVE_WITH_KNOTS( '', 1, ( #7587, #7588 ), .UNSPECIFIED., .F., .F., ( 2, 2 ), ( 0.961114975996676, 1.00000000000000 ), .UNSPECIFIED. );
#5950 = LINE( '', #7589, #7590 );
#5951 = LINE( '', #7591, #7592 );
#5952 = FILL_AREA_STYLE_COLOUR( '', #7593 );
#5953 = VERTEX_POINT( '', #7594 );
#5954 = VERTEX_POINT( '', #7595 );
#5955 = LINE( '', #7596, #7597 );
#5956 = VERTEX_POINT( '', #7598 );
#5957 = LINE( '', #7599, #7600 );
#5958 = VERTEX_POINT( '', #7601 );
#5959 = LINE( '', #7602, #7603 );
#5960 = LINE( '', #7604, #7605 );
#5961 = FILL_AREA_STYLE_COLOUR( '', #7606 );
#5962 = VERTEX_POINT( '', #7607 );
#5963 = VERTEX_POINT( '', #7608 );
#5964 = B_SPLINE_CURVE_WITH_KNOTS( '', 1, ( #7609, #7610 ), .UNSPECIFIED., .F., .F., ( 2, 2 ), ( 0.000000000000000, 0.335064190559931 ), .UNSPECIFIED. );
#5965 = LINE( '', #7611, #7612 );
#5966 = LINE( '', #7613, #7614 );
#5967 = FILL_AREA_STYLE_COLOUR( '', #7615 );
#5968 = VERTEX_POINT( '', #7616 );
#5969 = B_SPLINE_CURVE_WITH_KNOTS( '', 3, ( #7617, #7618, #7619, #7620, #7621, #7622, #7623, #7624, #7625, #7626, #7627, #7628, #7629, #7630, #7631, #7632, #7633, #7634, #7635, #7636, #7637, #7638, #7639, #7640, #7641, #7642, #7643, #7644, #7645, #7646, #7647, #7648, #7649, #7650, #7651, #7652, #7653, #7654, #7655, #7656, #7657, #7658, #7659, #7660, #7661, #7662, #7663 ), .UNSPECIFIED., .F., .F., ( 4, 3, 2, 3, 2, 3, 2, 3, 3, 3, 3, 3, 2, 3, 3, 2, 3, 4 ), ( 0.523508798199217, 0.536193357751337, 0.552658839645511, 0.569124321539685, 0.589051059749645, 0.624237011904170, 0.645968151971529, 0.658774002368366, 0.675714740290450, 0.710602187207719, 0.741882496334832, 0.764823501966999, 0.788404493018266, 0.817830345099335, 0.850677637561967, 0.887834020738283, 0.943752537993728, 1.00000000000000 ), .UNSPECIFIED. );
#5970 = B_SPLINE_CURVE_WITH_KNOTS( '', 3, ( #7664, #7665, #7666, #7667 ), .UNSPECIFIED., .F., .F., ( 4, 4 ), ( 0.000000000000000, 0.0247127238521240 ), .UNSPECIFIED. );
#5971 = FILL_AREA_STYLE_COLOUR( '', #7668 );
#5972 = VERTEX_POINT( '', #7669 );
#5973 = LINE( '', #7670, #7671 );
#5974 = VERTEX_POINT( '', #7672 );
#5975 = LINE( '', #7673, #7674 );
#5976 = CIRCLE( '', #7675, 0.229554448720945 );
#5977 = VERTEX_POINT( '', #7676 );
#5978 = LINE( '', #7677, #7678 );
#5979 = CIRCLE( '', #7679, 0.113072396140495 );
#5980 = FILL_AREA_STYLE_COLOUR( '', #7680 );
#5981 = VERTEX_POINT( '', #7681 );
#5982 = VERTEX_POINT( '', #7682 );
#5983 = B_SPLINE_CURVE_WITH_KNOTS( '', 1, ( #7683, #7684 ), .UNSPECIFIED., .F., .F., ( 2, 2 ), ( 0.547645042167887, 0.753122744686643 ), .UNSPECIFIED. );
#5984 = LINE( '', #7685, #7686 );
#5985 = LINE( '', #7687, #7688 );
#5986 = FILL_AREA_STYLE_COLOUR( '', #7689 );
#5987 = VERTEX_POINT( '', #7690 );
#5988 = B_SPLINE_CURVE_WITH_KNOTS( '', 3, ( #7691, #7692, #7693, #7694 ), .UNSPECIFIED., .F., .F., ( 4, 4 ), ( 0.747013375772891, 0.844682093715417 ), .UNSPECIFIED. );
#5989 = VERTEX_POINT( '', #7695 );
#5990 = LINE( '', #7696, #7697 );
#5991 = B_SPLINE_CURVE_WITH_KNOTS( '', 3, ( #7698, #7699, #7700, #7701 ), .UNSPECIFIED., .F., .F., ( 4, 4 ), ( 0.747013375772891, 0.844682093715417 ), .UNSPECIFIED. );
#5992 = FILL_AREA_STYLE_COLOUR( '', #7702 );
#5993 = VERTEX_POINT( '', #7703 );
#5994 = LINE( '', #7704, #7705 );
#5995 = LINE( '', #7706, #7707 );
#5996 = FILL_AREA_STYLE_COLOUR( '', #7708 );
#5997 = VERTEX_POINT( '', #7709 );
#5998 = VERTEX_POINT( '', #7710 );
#5999 = CIRCLE( '', #7711, 0.229554448720945 );
#6000 = VERTEX_POINT( '', #7712 );
#6001 = LINE( '', #7713, #7714 );
#6002 = VERTEX_POINT( '', #7715 );
#6003 = CIRCLE( '', #7716, 0.229554448720945 );
#6004 = LINE( '', #7717, #7718 );
#6005 = FILL_AREA_STYLE_COLOUR( '', #7719 );
#6006 = VERTEX_POINT( '', #7720 );
#6007 = CIRCLE( '', #7721, 0.113072396140495 );
#6008 = VERTEX_POINT( '', #7722 );
#6009 = LINE( '', #7723, #7724 );
#6010 = LINE( '', #7725, #7726 );
#6011 = CIRCLE( '', #7727, 0.229554448720945 );
#6012 = LINE( '', #7728, #7729 );
#6013 = FILL_AREA_STYLE_COLOUR( '', #7730 );
#6014 = VERTEX_POINT( '', #7731 );
#6015 = VERTEX_POINT( '', #7732 );
#6016 = LINE( '', #7733, #7734 );
#6017 = CIRCLE( '', #7735, 0.113072396140495 );
#6018 = CIRCLE( '', #7736, 0.113072396140495 );
#6019 = FILL_AREA_STYLE_COLOUR( '', #7737 );
#6020 = LINE( '', #7738, #7739 );
#6021 = LINE( '', #7740, #7741 );
#6022 = FILL_AREA_STYLE_COLOUR( '', #7742 );
#6023 = VERTEX_POINT( '', #7743 );
#6024 = VERTEX_POINT( '', #7744 );
#6025 = B_SPLINE_CURVE_WITH_KNOTS( '', 1, ( #7745, #7746 ), .UNSPECIFIED., .F., .F., ( 2, 2 ), ( 0.000000000000000, 0.317062621330082 ), .UNSPECIFIED. );
#6026 = VERTEX_POINT( '', #7747 );
#6027 = LINE( '', #7748, #7749 );
#6028 = VERTEX_POINT( '', #7750 );
#6029 = B_SPLINE_CURVE_WITH_KNOTS( '', 1, ( #7751, #7752 ), .UNSPECIFIED., .F., .F., ( 2, 2 ), ( 0.000000000000000, 0.317062621330082 ), .UNSPECIFIED. );
#6030 = LINE( '', #7753, #7754 );
#6031 = FILL_AREA_STYLE_COLOUR( '', #7755 );
#6032 = VERTEX_POINT( '', #7756 );
#6033 = B_SPLINE_CURVE_WITH_KNOTS( '', 3, ( #7757, #7758, #7759, #7760, #7761, #7762, #7763, #7764, #7765, #7766, #7767, #7768, #7769, #7770, #7771, #7772, #7773, #7774, #7775, #7776, #7777, #7778, #7779, #7780, #7781, #7782, #7783, #7784, #7785, #7786 ), .UNSPECIFIED., .T., .F., ( 4, 3, 3, 3, 3, 2, 2, 2, 3, 2, 3, 4 ), ( 0.000000000000000, 0.0706437001162252, 0.138484998915210, 0.205730344488559, 0.269989203764749, 0.342320492366079, 0.414651780967414, 0.486983069568748, 0.604904988561227, 0.706623350814636, 0.836417822106316, 1.00000000000000 ), .UNSPECIFIED. );
#6034 = VERTEX_POINT( '', #7787 );
#6035 = B_SPLINE_CURVE_WITH_KNOTS( '', 3, ( #7788, #7789, #7790, #7791, #7792, #7793, #7794, #7795, #7796, #7797, #7798, #7799, #7800, #7801, #7802, #7803, #7804, #7805, #7806, #7807, #7808, #7809, #7810, #7811, #7812, #7813, #7814, #7815 ), .UNSPECIFIED., .T., .F., ( 4, 2, 2, 3, 2, 3, 3, 2, 2, 3, 2, 4 ), ( 0.000000000000000, 0.137369339176632, 0.274738678353263, 0.391241788794204, 0.509219087947272, 0.593442663909408, 0.656199358664250, 0.710071575791280, 0.781901198627322, 0.857234705504149, 0.928617352752075, 1.00000000000000 ), .UNSPECIFIED. );
#6036 = FILL_AREA_STYLE_COLOUR( '', #7816 );
#6037 = B_SPLINE_CURVE_WITH_KNOTS( '', 3, ( #7817, #7818, #7819, #7820 ), .UNSPECIFIED., .F., .F., ( 4, 4 ), ( 0.000000000000000, 0.0263481856527632 ), .UNSPECIFIED. );
#6038 = B_SPLINE_CURVE_WITH_KNOTS( '', 3, ( #7821, #7822, #7823, #7824 ), .UNSPECIFIED., .F., .F., ( 4, 4 ), ( 0.000000000000000, 0.0263481856527632 ), .UNSPECIFIED. );
#6039 = FILL_AREA_STYLE_COLOUR( '', #7825 );
#6040 = VERTEX_POINT( '', #7826 );
#6041 = LINE( '', #7827, #7828 );
#6042 = VERTEX_POINT( '', #7829 );
#6043 = LINE( '', #7830, #7831 );
#6044 = LINE( '', #7832, #7833 );
#6045 = FILL_AREA_STYLE_COLOUR( '', #7834 );
#6046 = VERTEX_POINT( '', #7835 );
#6047 = VERTEX_POINT( '', #7836 );
#6048 = B_SPLINE_CURVE_WITH_KNOTS( '', 1, ( #7837, #7838 ), .UNSPECIFIED., .F., .F., ( 2, 2 ), ( 0.444588552570485, 0.479863149294171 ), .UNSPECIFIED. );
#6049 = VERTEX_POINT( '', #7839 );
#6050 = LINE( '', #7840, #7841 );
#6051 = VERTEX_POINT( '', #7842 );
#6052 = B_SPLINE_CURVE_WITH_KNOTS( '', 1, ( #7843, #7844 ), .UNSPECIFIED., .F., .F., ( 2, 2 ), ( 0.444588552570485, 0.479863149294171 ), .UNSPECIFIED. );
#6053 = LINE( '', #7845, #7846 );
#6054 = FILL_AREA_STYLE_COLOUR( '', #7847 );
#6055 = VERTEX_POINT( '', #7848 );
#6056 = VERTEX_POINT( '', #7849 );
#6057 = LINE( '', #7850, #7851 );
#6058 = LINE( '', #7852, #7853 );
#6059 = LINE( '', #7854, #7855 );
#6060 = FILL_AREA_STYLE_COLOUR( '', #7856 );
#6061 = VERTEX_POINT( '', #7857 );
#6062 = VERTEX_POINT( '', #7858 );
#6063 = B_SPLINE_CURVE_WITH_KNOTS( '', 1, ( #7859, #7860 ), .UNSPECIFIED., .F., .F., ( 2, 2 ), ( 0.833371642973668, 0.878835402155802 ), .UNSPECIFIED. );
#6064 = LINE( '', #7861, #7862 );
#6065 = LINE( '', #7863, #7864 );
#6066 = FILL_AREA_STYLE_COLOUR( '', #7865 );
#6067 = VERTEX_POINT( '', #7866 );
#6068 = B_SPLINE_CURVE_WITH_KNOTS( '', 3, ( #7867, #7868, #7869, #7870, #7871, #7872, #7873, #7874, #7875, #7876, #7877, #7878, #7879, #7880, #7881, #7882, #7883, #7884, #7885, #7886, #7887, #7888, #7889, #7890, #7891, #7892, #7893, #7894 ), .UNSPECIFIED., .T., .F., ( 4, 2, 2, 3, 2, 3, 3, 2, 2, 3, 2, 4 ), ( 0.000000000000000, 0.137369339176632, 0.274738678353263, 0.391241788794204, 0.509219087947272, 0.593442663909408, 0.656199358664250, 0.710071575791280, 0.781901198627322, 0.857234705504149, 0.928617352752075, 1.00000000000000 ), .UNSPECIFIED. );
#6069 = FILL_AREA_STYLE_COLOUR( '', #7895 );
#6070 = VERTEX_POINT( '', #7896 );
#6071 = LINE( '', #7897, #7898 );
#6072 = VERTEX_POINT( '', #7899 );
#6073 = LINE( '', #7900, #7901 );
#6074 = LINE( '', #7902, #7903 );
#6075 = FILL_AREA_STYLE_COLOUR( '', #7904 );
#6076 = VERTEX_POINT( '', #7905 );
#6077 = VERTEX_POINT( '', #7906 );
#6078 = LINE( '', #7907, #7908 );
#6079 = VERTEX_POINT( '', #7909 );
#6080 = LINE( '', #7910, #7911 );
#6081 = VERTEX_POINT( '', #7912 );
#6082 = LINE( '', #7913, #7914 );
#6083 = LINE( '', #7915, #7916 );
#6084 = FILL_AREA_STYLE_COLOUR( '', #7917 );
#6085 = VERTEX_POINT( '', #7918 );
#6086 = B_SPLINE_CURVE_WITH_KNOTS( '', 1, ( #7919, #7920 ), .UNSPECIFIED., .F., .F., ( 2, 2 ), ( 0.335064190559931, 0.775482585909930 ), .UNSPECIFIED. );
#6087 = B_SPLINE_CURVE_WITH_KNOTS( '', 1, ( #7921, #7922 ), .UNSPECIFIED., .F., .F., ( 2, 2 ), ( 0.775482585909930, 1.00000000000000 ), .UNSPECIFIED. );
#6088 = FILL_AREA_STYLE_COLOUR( '', #7923 );
#6089 = VERTEX_POINT( '', #7924 );
#6090 = LINE( '', #7925, #7926 );
#6091 = VERTEX_POINT( '', #7927 );
#6092 = LINE( '', #7928, #7929 );
#6093 = LINE( '', #7930, #7931 );
#6094 = FILL_AREA_STYLE_COLOUR( '', #7932 );
#6095 = VERTEX_POINT( '', #7933 );
#6096 = LINE( '', #7934, #7935 );
#6097 = VERTEX_POINT( '', #7936 );
#6098 = LINE( '', #7937, #7938 );
#6099 = LINE( '', #7939, #7940 );
#6100 = FILL_AREA_STYLE_COLOUR( '', #7941 );
#6101 = VERTEX_POINT( '', #7942 );
#6102 = LINE( '', #7943, #7944 );
#6103 = VERTEX_POINT( '', #7945 );
#6104 = LINE( '', #7946, #7947 );
#6105 = LINE( '', #7948, #7949 );
#6106 = VERTEX_POINT( '', #7950 );
#6107 = LINE( '', #7951, #7952 );
#6108 = VERTEX_POINT( '', #7953 );
#6109 = LINE( '', #7954, #7955 );
#6110 = LINE( '', #7956, #7957 );
#6111 = FILL_AREA_STYLE_COLOUR( '', #7958 );
#6112 = VERTEX_POINT( '', #7959 );
#6113 = LINE( '', #7960, #7961 );
#6114 = VERTEX_POINT( '', #7962 );
#6115 = LINE( '', #7963, #7964 );
#6116 = LINE( '', #7965, #7966 );
#6117 = FILL_AREA_STYLE_COLOUR( '', #7967 );
#6118 = VERTEX_POINT( '', #7968 );
#6119 = VERTEX_POINT( '', #7969 );
#6120 = LINE( '', #7970, #7971 );
#6121 = VERTEX_POINT( '', #7972 );
#6122 = LINE( '', #7973, #7974 );
#6123 = VERTEX_POINT( '', #7975 );
#6124 = LINE( '', #7976, #7977 );
#6125 = LINE( '', #7978, #7979 );
#6126 = FILL_AREA_STYLE_COLOUR( '', #7980 );
#6127 = VERTEX_POINT( '', #7981 );
#6128 = LINE( '', #7982, #7983 );
#6129 = VERTEX_POINT( '', #7984 );
#6130 = LINE( '', #7985, #7986 );
#6131 = LINE( '', #7987, #7988 );
#6132 = FILL_AREA_STYLE_COLOUR( '', #7989 );
#6133 = CIRCLE( '', #7990, 0.113072396140495 );
#6134 = CIRCLE( '', #7991, 0.113072396140495 );
#6135 = FILL_AREA_STYLE_COLOUR( '', #7992 );
#6136 = VERTEX_POINT( '', #7993 );
#6137 = VERTEX_POINT( '', #7994 );
#6138 = B_SPLINE_CURVE_WITH_KNOTS( '', 1, ( #7995, #7996 ), .UNSPECIFIED., .F., .F., ( 2, 2 ), ( 0.547645042167887, 0.753122744686642 ), .UNSPECIFIED. );
#6139 = LINE( '', #7997, #7998 );
#6140 = LINE( '', #7999, #8000 );
#6141 = FILL_AREA_STYLE_COLOUR( '', #8001 );
#6142 = VERTEX_POINT( '', #8002 );
#6143 = VERTEX_POINT( '', #8003 );
#6144 = B_SPLINE_CURVE_WITH_KNOTS( '', 3, ( #8004, #8005, #8006, #8007, #8008, #8009, #8010, #8011, #8012, #8013, #8014, #8015, #8016, #8017, #8018, #8019, #8020, #8021 ), .UNSPECIFIED., .F., .F., ( 4, 2, 2, 3, 2, 2, 3, 4 ), ( 0.000000000000000, 0.0375700772279839, 0.0751401544559677, 0.144872494765483, 0.203516139855453, 0.241540786443470, 0.279565433031486, 0.321477466564845 ), .UNSPECIFIED. );
#6145 = VERTEX_POINT( '', #8022 );
#6146 = LINE( '', #8023, #8024 );
#6147 = VERTEX_POINT( '', #8025 );
#6148 = B_SPLINE_CURVE_WITH_KNOTS( '', 3, ( #8026, #8027, #8028, #8029, #8030, #8031, #8032, #8033, #8034, #8035, #8036, #8037, #8038, #8039, #8040, #8041, #8042, #8043 ), .UNSPECIFIED., .F., .F., ( 4, 2, 2, 3, 2, 2, 3, 4 ), ( 0.000000000000000, 0.0375700772279839, 0.0751401544559677, 0.144872494765483, 0.203516139855453, 0.241540786443470, 0.279565433031486, 0.321477466564845 ), .UNSPECIFIED. );
#6149 = LINE( '', #8044, #8045 );
#6150 = FILL_AREA_STYLE_COLOUR( '', #8046 );
#6151 = VERTEX_POINT( '', #8047 );
#6152 = VERTEX_POINT( '', #8048 );
#6153 = B_SPLINE_CURVE_WITH_KNOTS( '', 3, ( #8049, #8050, #8051, #8052 ), .UNSPECIFIED., .F., .F., ( 4, 4 ), ( 0.743511127608967, 0.788371168269286 ), .UNSPECIFIED. );
#6154 = VERTEX_POINT( '', #8053 );
#6155 = LINE( '', #8054, #8055 );
#6156 = VERTEX_POINT( '', #8056 );
#6157 = B_SPLINE_CURVE_WITH_KNOTS( '', 3, ( #8057, #8058, #8059, #8060 ), .UNSPECIFIED., .F., .F., ( 4, 4 ), ( 0.743511127608967, 0.788371168269286 ), .UNSPECIFIED. );
#6158 = LINE( '', #8061, #8062 );
#6159 = FILL_AREA_STYLE_COLOUR( '', #8063 );
#6160 = VERTEX_POINT( '', #8064 );
#6161 = VERTEX_POINT( '', #8065 );
#6162 = B_SPLINE_CURVE_WITH_KNOTS( '', 3, ( #8066, #8067, #8068, #8069, #8070, #8071, #8072 ), .UNSPECIFIED., .F., .F., ( 4, 3, 4 ), ( 0.236251643023175, 0.417098911569630, 0.596340645240594 ), .UNSPECIFIED. );
#6163 = VERTEX_POINT( '', #8073 );
#6164 = LINE( '', #8074, #8075 );
#6165 = VERTEX_POINT( '', #8076 );
#6166 = B_SPLINE_CURVE_WITH_KNOTS( '', 3, ( #8077, #8078, #8079, #8080, #8081, #8082, #8083 ), .UNSPECIFIED., .F., .F., ( 4, 3, 4 ), ( 0.236251643023175, 0.417098911569630, 0.596340645240594 ), .UNSPECIFIED. );
#6167 = LINE( '', #8084, #8085 );
#6168 = FILL_AREA_STYLE_COLOUR( '', #8086 );
#6169 = VERTEX_POINT( '', #8087 );
#6170 = B_SPLINE_CURVE_WITH_KNOTS( '', 3, ( #8088, #8089, #8090, #8091, #8092, #8093, #8094, #8095, #8096, #8097, #8098, #8099, #8100, #8101, #8102, #8103, #8104, #8105, #8106, #8107, #8108, #8109, #8110, #8111, #8112, #8113, #8114, #8115, #8116, #8117 ), .UNSPECIFIED., .T., .F., ( 4, 3, 3, 3, 3, 2, 2, 2, 3, 2, 3, 4 ), ( 0.000000000000000, 0.0706437001162252, 0.138484998915210, 0.205730344488559, 0.269989203764749, 0.342320492366079, 0.414651780967414, 0.486983069568748, 0.604904988561227, 0.706623350814636, 0.836417822106316, 1.00000000000000 ), .UNSPECIFIED. );
#6171 = FILL_AREA_STYLE_COLOUR( '', #8118 );
#6172 = VERTEX_POINT( '', #8119 );
#6173 = VERTEX_POINT( '', #8120 );
#6174 = B_SPLINE_CURVE_WITH_KNOTS( '', 3, ( #8121, #8122, #8123, #8124, #8125, #8126, #8127, #8128, #8129, #8130, #8131, #8132, #8133 ), .UNSPECIFIED., .F., .F., ( 4, 3, 2, 2, 2, 4 ), ( 0.302416294264067, 0.435059547495779, 0.561318669833591, 0.692254055961692, 0.823189442089792, 1.00000000000000 ), .UNSPECIFIED. );
#6175 = VERTEX_POINT( '', #8134 );
#6176 = LINE( '', #8135, #8136 );
#6177 = VERTEX_POINT( '', #8137 );
#6178 = B_SPLINE_CURVE_WITH_KNOTS( '', 3, ( #8138, #8139, #8140, #8141, #8142, #8143, #8144, #8145, #8146, #8147, #8148, #8149, #8150 ), .UNSPECIFIED., .F., .F., ( 4, 3, 2, 2, 2, 4 ), ( 0.302416294264067, 0.435059547495779, 0.561318669833591, 0.692254055961692, 0.823189442089792, 1.00000000000000 ), .UNSPECIFIED. );
#6179 = LINE( '', #8151, #8152 );
#6180 = FILL_AREA_STYLE_COLOUR( '', #8153 );
#6181 = VERTEX_POINT( '', #8154 );
#6182 = LINE( '', #8155, #8156 );
#6183 = LINE( '', #8157, #8158 );
#6184 = FILL_AREA_STYLE_COLOUR( '', #8159 );
#6185 = VERTEX_POINT( '', #8160 );
#6186 = LINE( '', #8161, #8162 );
#6187 = VERTEX_POINT( '', #8163 );
#6188 = LINE( '', #8164, #8165 );
#6189 = VERTEX_POINT( '', #8166 );
#6190 = CIRCLE( '', #8167, 0.229554448720945 );
#6191 = VERTEX_POINT( '', #8168 );
#6192 = LINE( '', #8169, #8170 );
#6193 = LINE( '', #8171, #8172 );
#6194 = FILL_AREA_STYLE_COLOUR( '', #8173 );
#6195 = VERTEX_POINT( '', #8174 );
#6196 = LINE( '', #8175, #8176 );
#6197 = VERTEX_POINT( '', #8177 );
#6198 = LINE( '', #8178, #8179 );
#6199 = VERTEX_POINT( '', #8180 );
#6200 = LINE( '', #8181, #8182 );
#6201 = LINE( '', #8183, #8184 );
#6202 = FILL_AREA_STYLE_COLOUR( '', #8185 );
#6203 = B_SPLINE_CURVE_WITH_KNOTS( '', 1, ( #8186, #8187 ), .UNSPECIFIED., .F., .F., ( 2, 2 ), ( 0.878835402155802, 0.961114975996676 ), .UNSPECIFIED. );
#6204 = FILL_AREA_STYLE_COLOUR( '', #8188 );
#6205 = VERTEX_POINT( '', #8189 );
#6206 = B_SPLINE_CURVE_WITH_KNOTS( '', 1, ( #8190, #8191 ), .UNSPECIFIED., .F., .F., ( 2, 2 ), ( 0.959392677190561, 1.00000000000000 ), .UNSPECIFIED. );
#6207 = VERTEX_POINT( '', #8192 );
#6208 = LINE( '', #8193, #8194 );
#6209 = B_SPLINE_CURVE_WITH_KNOTS( '', 1, ( #8195, #8196 ), .UNSPECIFIED., .F., .F., ( 2, 2 ), ( 0.959392677190561, 1.00000000000000 ), .UNSPECIFIED. );
#6210 = FILL_AREA_STYLE_COLOUR( '', #8197 );
#6211 = LINE( '', #8198, #8199 );
#6212 = FILL_AREA_STYLE_COLOUR( '', #8200 );
#6213 = VERTEX_POINT( '', #8201 );
#6214 = VERTEX_POINT( '', #8202 );
#6215 = LINE( '', #8203, #8204 );
#6216 = LINE( '', #8205, #8206 );
#6217 = LINE( '', #8207, #8208 );
#6218 = FILL_AREA_STYLE_COLOUR( '', #8209 );
#6219 = VERTEX_POINT( '', #8210 );
#6220 = B_SPLINE_CURVE_WITH_KNOTS( '', 1, ( #8211, #8212 ), .UNSPECIFIED., .F., .F., ( 2, 2 ), ( 0.515808662999003, 0.547645042167887 ), .UNSPECIFIED. );
#6221 = LINE( '', #8213, #8214 );
#6222 = FILL_AREA_STYLE_COLOUR( '', #8215 );
#6223 = LINE( '', #8216, #8217 );
#6224 = LINE( '', #8218, #8219 );
#6225 = FILL_AREA_STYLE_COLOUR( '', #8220 );
#6226 = VERTEX_POINT( '', #8221 );
#6227 = B_SPLINE_CURVE_WITH_KNOTS( '', 3, ( #8222, #8223, #8224, #8225 ), .UNSPECIFIED., .F., .F., ( 4, 4 ), ( 0.000000000000000, 0.0247127238521240 ), .UNSPECIFIED. );
#6228 = LINE( '', #8226, #8227 );
#6229 = FILL_AREA_STYLE_COLOUR( '', #8228 );
#6230 = VERTEX_POINT( '', #8229 );
#6231 = VERTEX_POINT( '', #8230 );
#6232 = B_SPLINE_CURVE_WITH_KNOTS( '', 3, ( #8231, #8232, #8233, #8234, #8235, #8236, #8237, #8238, #8239, #8240, #8241, #8242, #8243, #8244, #8245, #8246, #8247, #8248, #8249, #8250, #8251, #8252, #8253, #8254, #8255, #8256, #8257, #8258 ), .UNSPECIFIED., .F., .F., ( 4, 3, 3, 3, 3, 2, 2, 2, 3, 3, 4 ), ( 0.000000000000000, 0.0661689408984628, 0.146425072600567, 0.186589075675420, 0.236939541877402, 0.307117218406531, 0.377294894935661, 0.454953440536425, 0.532611986137188, 0.596088973734374, 0.669851217024646 ), .UNSPECIFIED. );
#6233 = B_SPLINE_CURVE_WITH_KNOTS( '', 3, ( #8259, #8260, #8261, #8262 ), .UNSPECIFIED., .F., .F., ( 4, 4 ), ( 0.669851217024646, 1.00000000000000 ), .UNSPECIFIED. );
#6234 = FILL_AREA_STYLE_COLOUR( '', #8263 );
#6235 = VERTEX_POINT( '', #8264 );
#6236 = VERTEX_POINT( '', #8265 );
#6237 = LINE( '', #8266, #8267 );
#6238 = VERTEX_POINT( '', #8268 );
#6239 = LINE( '', #8269, #8270 );
#6240 = VERTEX_POINT( '', #8271 );
#6241 = LINE( '', #8272, #8273 );
#6242 = LINE( '', #8274, #8275 );
#6243 = FILL_AREA_STYLE_COLOUR( '', #8276 );
#6244 = VERTEX_POINT( '', #8277 );
#6245 = B_SPLINE_CURVE_WITH_KNOTS( '', 3, ( #8278, #8279, #8280, #8281, #8282, #8283, #8284, #8285, #8286, #8287, #8288, #8289, #8290, #8291, #8292, #8293, #8294, #8295 ), .UNSPECIFIED., .F., .F., ( 4, 3, 3, 3, 2, 3, 4 ), ( 0.478345163460815, 0.527619388342754, 0.574625258428513, 0.621944956812499, 0.665848179088223, 0.697818730694134, 0.732254752387237 ), .UNSPECIFIED. );
#6246 = VERTEX_POINT( '', #8296 );
#6247 = LINE( '', #8297, #8298 );
#6248 = B_SPLINE_CURVE_WITH_KNOTS( '', 3, ( #8299, #8300, #8301, #8302, #8303, #8304, #8305, #8306, #8307, #8308, #8309, #8310, #8311, #8312, #8313, #8314, #8315, #8316 ), .UNSPECIFIED., .F., .F., ( 4, 3, 3, 3, 2, 3, 4 ), ( 0.478345163460815, 0.527619388342754, 0.574625258428513, 0.621944956812499, 0.665848179088223, 0.697818730694134, 0.732254752387237 ), .UNSPECIFIED. );
#6249 = FILL_AREA_STYLE_COLOUR( '', #8317 );
#6250 = B_SPLINE_CURVE_WITH_KNOTS( '', 1, ( #8318, #8319 ), .UNSPECIFIED., .F., .F., ( 2, 2 ), ( 0.751569060494720, 0.860908005731193 ), .UNSPECIFIED. );
#6251 = B_SPLINE_CURVE_WITH_KNOTS( '', 1, ( #8320, #8321 ), .UNSPECIFIED., .F., .F., ( 2, 2 ), ( 0.751569060494720, 0.860908005731193 ), .UNSPECIFIED. );
#6252 = FILL_AREA_STYLE_COLOUR( '', #8322 );
#6253 = B_SPLINE_CURVE_WITH_KNOTS( '', 3, ( #8323, #8324, #8325, #8326 ), .UNSPECIFIED., .F., .F., ( 4, 4 ), ( 0.000000000000000, 0.302416294264067 ), .UNSPECIFIED. );
#6254 = FILL_AREA_STYLE_COLOUR( '', #8327 );
#6255 = LINE( '', #8328, #8329 );
#6256 = LINE( '', #8330, #8331 );
#6257 = FILL_AREA_STYLE_COLOUR( '', #8332 );
#6258 = VERTEX_POINT( '', #8333 );
#6259 = LINE( '', #8334, #8335 );
#6260 = VERTEX_POINT( '', #8336 );
#6261 = LINE( '', #8337, #8338 );
#6262 = LINE( '', #8339, #8340 );
#6263 = FILL_AREA_STYLE_COLOUR( '', #8341 );
#6264 = VERTEX_POINT( '', #8342 );
#6265 = B_SPLINE_CURVE_WITH_KNOTS( '', 3, ( #8343, #8344, #8345, #8346 ), .UNSPECIFIED., .F., .F., ( 4, 4 ), ( 0.869883203006801, 1.00000000000000 ), .UNSPECIFIED. );
#6266 = VERTEX_POINT( '', #8347 );
#6267 = B_SPLINE_CURVE_WITH_KNOTS( '', 3, ( #8348, #8349, #8350, #8351, #8352, #8353, #8354, #8355, #8356, #8357, #8358, #8359, #8360, #8361, #8362, #8363, #8364, #8365, #8366, #8367, #8368, #8369, #8370, #8371, #8372, #8373, #8374 ), .UNSPECIFIED., .F., .F., ( 4, 3, 3, 3, 3, 2, 3, 3, 3, 4 ), ( 0.363502151049928, 0.415629252232217, 0.466287975441797, 0.501174995717328, 0.533121714761846, 0.563785702531628, 0.608776307538111, 0.683423262732141, 0.722887085175935, 0.747013375772891 ), .UNSPECIFIED. );
#6268 = VERTEX_POINT( '', #8375 );
#6269 = B_SPLINE_CURVE_WITH_KNOTS( '', 3, ( #8376, #8377, #8378, #8379 ), .UNSPECIFIED., .F., .F., ( 4, 4 ), ( 0.336852098076917, 0.363502151049928 ), .UNSPECIFIED. );
#6270 = B_SPLINE_CURVE_WITH_KNOTS( '', 3, ( #8380, #8381, #8382, #8383, #8384, #8385, #8386, #8387, #8388, #8389, #8390, #8391, #8392, #8393, #8394, #8395, #8396, #8397, #8398, #8399, #8400, #8401, #8402, #8403, #8404, #8405, #8406, #8407 ), .UNSPECIFIED., .F., .F., ( 4, 3, 3, 3, 3, 3, 2, 2, 2, 3, 4 ), ( 0.000000000000000, 0.0347905707892768, 0.0666233387899263, 0.128171505683195, 0.166266578987168, 0.194368013928580, 0.211812071077151, 0.240806922824100, 0.269801774571049, 0.298340014479464, 0.336852098076917 ), .UNSPECIFIED. );
#6271 = FILL_AREA_STYLE_COLOUR( '', #8408 );
#6272 = VERTEX_POINT( '', #8409 );
#6273 = LINE( '', #8410, #8411 );
#6274 = VERTEX_POINT( '', #8412 );
#6275 = LINE( '', #8413, #8414 );
#6276 = LINE( '', #8415, #8416 );
#6277 = FILL_AREA_STYLE_COLOUR( '', #8417 );
#6278 = VERTEX_POINT( '', #8418 );
#6279 = VERTEX_POINT( '', #8419 );
#6280 = LINE( '', #8420, #8421 );
#6281 = VERTEX_POINT( '', #8422 );
#6282 = LINE( '', #8423, #8424 );
#6283 = VERTEX_POINT( '', #8425 );
#6284 = LINE( '', #8426, #8427 );
#6285 = LINE( '', #8428, #8429 );
#6286 = FILL_AREA_STYLE_COLOUR( '', #8430 );
#6287 = VERTEX_POINT( '', #8431 );
#6288 = B_SPLINE_CURVE_WITH_KNOTS( '', 1, ( #8432, #8433 ), .UNSPECIFIED., .F., .F., ( 2, 2 ), ( 0.676499664074283, 0.756862170123308 ), .UNSPECIFIED. );
#6289 = VERTEX_POINT( '', #8434 );
#6290 = LINE( '', #8435, #8436 );
#6291 = B_SPLINE_CURVE_WITH_KNOTS( '', 1, ( #8437, #8438 ), .UNSPECIFIED., .F., .F., ( 2, 2 ), ( 0.676499664074283, 0.756862170123308 ), .UNSPECIFIED. );
#6292 = FILL_AREA_STYLE_COLOUR( '', #8439 );
#6293 = FILL_AREA_STYLE_COLOUR( '', #8440 );
#6294 = VERTEX_POINT( '', #8441 );
#6295 = VERTEX_POINT( '', #8442 );
#6296 = B_SPLINE_CURVE_WITH_KNOTS( '', 3, ( #8443, #8444, #8445, #8446, #8447, #8448, #8449, #8450, #8451, #8452 ), .UNSPECIFIED., .F., .F., ( 4, 3, 3, 4 ), ( 0.416882891136755, 0.488514679785346, 0.547492405366832, 0.576792806375982 ), .UNSPECIFIED. );
#6297 = VERTEX_POINT( '', #8453 );
#6298 = LINE( '', #8454, #8455 );
#6299 = VERTEX_POINT( '', #8456 );
#6300 = B_SPLINE_CURVE_WITH_KNOTS( '', 3, ( #8457, #8458, #8459, #8460, #8461, #8462, #8463, #8464, #8465, #8466 ), .UNSPECIFIED., .F., .F., ( 4, 3, 3, 4 ), ( 0.416882891136755, 0.488514679785346, 0.547492405366832, 0.576792806375982 ), .UNSPECIFIED. );
#6301 = LINE( '', #8467, #8468 );
#6302 = FILL_AREA_STYLE_COLOUR( '', #8469 );
#6303 = LINE( '', #8470, #8471 );
#6304 = FILL_AREA_STYLE_COLOUR( '', #8472 );
#6305 = VERTEX_POINT( '', #8473 );
#6306 = LINE( '', #8474, #8475 );
#6307 = VERTEX_POINT( '', #8476 );
#6308 = LINE( '', #8477, #8478 );
#6309 = VERTEX_POINT( '', #8479 );
#6310 = LINE( '', #8480, #8481 );
#6311 = LINE( '', #8482, #8483 );
#6312 = VERTEX_POINT( '', #8484 );
#6313 = LINE( '', #8485, #8486 );
#6314 = LINE( '', #8487, #8488 );
#6315 = FILL_AREA_STYLE_COLOUR( '', #8489 );
#6316 = VERTEX_POINT( '', #8490 );
#6317 = LINE( '', #8491, #8492 );
#6318 = VERTEX_POINT( '', #8493 );
#6319 = LINE( '', #8494, #8495 );
#6320 = LINE( '', #8496, #8497 );
#6321 = FILL_AREA_STYLE_COLOUR( '', #8498 );
#6322 = VERTEX_POINT( '', #8499 );
#6323 = B_SPLINE_CURVE_WITH_KNOTS( '', 3, ( #8500, #8501, #8502, #8503 ), .UNSPECIFIED., .F., .F., ( 4, 4 ), ( 0.377395422504694, 0.416882891136755 ), .UNSPECIFIED. );
#6324 = VERTEX_POINT( '', #8504 );
#6325 = LINE( '', #8505, #8506 );
#6326 = B_SPLINE_CURVE_WITH_KNOTS( '', 3, ( #8507, #8508, #8509, #8510 ), .UNSPECIFIED., .F., .F., ( 4, 4 ), ( 0.377395422504694, 0.416882891136755 ), .UNSPECIFIED. );
#6327 = FILL_AREA_STYLE_COLOUR( '', #8511 );
#6328 = VERTEX_POINT( '', #8512 );
#6329 = VERTEX_POINT( '', #8513 );
#6330 = LINE( '', #8514, #8515 );
#6331 = VERTEX_POINT( '', #8516 );
#6332 = LINE( '', #8517, #8518 );
#6333 = VERTEX_POINT( '', #8519 );
#6334 = LINE( '', #8520, #8521 );
#6335 = LINE( '', #8522, #8523 );
#6336 = FILL_AREA_STYLE_COLOUR( '', #8524 );
#6337 = B_SPLINE_CURVE_WITH_KNOTS( '', 1, ( #8525, #8526 ), .UNSPECIFIED., .F., .F., ( 2, 2 ), ( 0.479863149294171, 0.595724207271496 ), .UNSPECIFIED. );
#6338 = B_SPLINE_CURVE_WITH_KNOTS( '', 1, ( #8527, #8528 ), .UNSPECIFIED., .F., .F., ( 2, 2 ), ( 0.479863149294171, 0.595724207271496 ), .UNSPECIFIED. );
#6339 = FILL_AREA_STYLE_COLOUR( '', #8529 );
#6340 = LINE( '', #8530, #8531 );
#6341 = FILL_AREA_STYLE_COLOUR( '', #8532 );
#6342 = VERTEX_POINT( '', #8533 );
#6343 = VERTEX_POINT( '', #8534 );
#6344 = B_SPLINE_CURVE_WITH_KNOTS( '', 3, ( #8535, #8536, #8537, #8538 ), .UNSPECIFIED., .F., .F., ( 4, 4 ), ( 0.878462887902275, 0.925193050275740 ), .UNSPECIFIED. );
#6345 = VERTEX_POINT( '', #8539 );
#6346 = LINE( '', #8540, #8541 );
#6347 = VERTEX_POINT( '', #8542 );
#6348 = B_SPLINE_CURVE_WITH_KNOTS( '', 3, ( #8543, #8544, #8545, #8546 ), .UNSPECIFIED., .F., .F., ( 4, 4 ), ( 0.878462887902275, 0.925193050275740 ), .UNSPECIFIED. );
#6349 = LINE( '', #8547, #8548 );
#6350 = FILL_AREA_STYLE_COLOUR( '', #8549 );
#6351 = VERTEX_POINT( '', #8550 );
#6352 = B_SPLINE_CURVE_WITH_KNOTS( '', 3, ( #8551, #8552, #8553, #8554 ), .UNSPECIFIED., .F., .F., ( 4, 4 ), ( 0.267289335140498, 0.377395422504694 ), .UNSPECIFIED. );
#6353 = VERTEX_POINT( '', #8555 );
#6354 = LINE( '', #8556, #8557 );
#6355 = B_SPLINE_CURVE_WITH_KNOTS( '', 3, ( #8558, #8559, #8560, #8561 ), .UNSPECIFIED., .F., .F., ( 4, 4 ), ( 0.267289335140498, 0.377395422504694 ), .UNSPECIFIED. );
#6356 = FILL_AREA_STYLE_COLOUR( '', #8562 );
#6357 = LINE( '', #8563, #8564 );
#6358 = CIRCLE( '', #8565, 0.229554448720945 );
#6359 = LINE( '', #8566, #8567 );
#6360 = FILL_AREA_STYLE_COLOUR( '', #8568 );
#6361 = VERTEX_POINT( '', #8569 );
#6362 = VERTEX_POINT( '', #8570 );
#6363 = B_SPLINE_CURVE_WITH_KNOTS( '', 1, ( #8571, #8572 ), .UNSPECIFIED., .F., .F., ( 2, 2 ), ( 0.0822551651696557, 0.211245365639897 ), .UNSPECIFIED. );
#6364 = LINE( '', #8573, #8574 );
#6365 = LINE( '', #8575, #8576 );
#6366 = FILL_AREA_STYLE_COLOUR( '', #8577 );
#6367 = VERTEX_POINT( '', #8578 );
#6368 = B_SPLINE_CURVE_WITH_KNOTS( '', 1, ( #8579, #8580 ), .UNSPECIFIED., .F., .F., ( 2, 2 ), ( 0.335064190559931, 0.775482585909930 ), .UNSPECIFIED. );
#6369 = LINE( '', #8581, #8582 );
#6370 = FILL_AREA_STYLE_COLOUR( '', #8583 );
#6371 = B_SPLINE_CURVE_WITH_KNOTS( '', 3, ( #8584, #8585, #8586, #8587 ), .UNSPECIFIED., .F., .F., ( 4, 4 ), ( 0.000000000000000, 0.302416294264067 ), .UNSPECIFIED. );
#6372 = B_SPLINE_CURVE_WITH_KNOTS( '', 3, ( #8588, #8589, #8590, #8591, #8592, #8593, #8594, #8595, #8596, #8597, #8598 ), .UNSPECIFIED., .F., .F., ( 4, 3, 2, 2, 4 ), ( 0.000000000000000, 0.234939105629067, 0.331153877204077, 0.434443264336073, 0.539840598144228 ), .UNSPECIFIED. );
#6373 = VERTEX_POINT( '', #8599 );
#6374 = B_SPLINE_CURVE_WITH_KNOTS( '', 3, ( #8600, #8601, #8602, #8603 ), .UNSPECIFIED., .F., .F., ( 4, 4 ), ( 0.956227513983152, 1.00000000000000 ), .UNSPECIFIED. );
#6375 = B_SPLINE_CURVE_WITH_KNOTS( '', 3, ( #8604, #8605, #8606, #8607 ), .UNSPECIFIED., .F., .F., ( 4, 4 ), ( 0.925193050275740, 0.956227513983152 ), .UNSPECIFIED. );
#6376 = VERTEX_POINT( '', #8608 );
#6377 = B_SPLINE_CURVE_WITH_KNOTS( '', 3, ( #8609, #8610, #8611, #8612 ), .UNSPECIFIED., .F., .F., ( 4, 4 ), ( 0.820028608938579, 0.878462887902275 ), .UNSPECIFIED. );
#6378 = B_SPLINE_CURVE_WITH_KNOTS( '', 3, ( #8613, #8614, #8615, #8616 ), .UNSPECIFIED., .F., .F., ( 4, 4 ), ( 0.788371168269286, 0.820028608938579 ), .UNSPECIFIED. );
#6379 = VERTEX_POINT( '', #8617 );
#6380 = B_SPLINE_CURVE_WITH_KNOTS( '', 3, ( #8618, #8619, #8620, #8621 ), .UNSPECIFIED., .F., .F., ( 4, 4 ), ( 0.660534831951439, 0.743511127608967 ), .UNSPECIFIED. );
#6381 = B_SPLINE_CURVE_WITH_KNOTS( '', 3, ( #8622, #8623, #8624, #8625, #8626, #8627, #8628, #8629, #8630, #8631, #8632, #8633, #8634, #8635, #8636, #8637, #8638, #8639, #8640, #8641, #8642, #8643, #8644, #8645 ), .UNSPECIFIED., .F., .F., ( 4, 3, 2, 2, 3, 2, 3, 2, 3, 4 ), ( 0.321477466564845, 0.351183579400996, 0.375342596947203, 0.407244889347964, 0.439147181748726, 0.472065990377835, 0.518366428530973, 0.560664565544699, 0.596455296864005, 0.660534831951439 ), .UNSPECIFIED. );
#6382 = FILL_AREA_STYLE_COLOUR( '', #8646 );
#6383 = VERTEX_POINT( '', #8647 );
#6384 = LINE( '', #8648, #8649 );
#6385 = LINE( '', #8650, #8651 );
#6386 = FILL_AREA_STYLE_COLOUR( '', #8652 );
#6387 = LINE( '', #8653, #8654 );
#6388 = VERTEX_POINT( '', #8655 );
#6389 = LINE( '', #8656, #8657 );
#6390 = VERTEX_POINT( '', #8658 );
#6391 = LINE( '', #8659, #8660 );
#6392 = LINE( '', #8661, #8662 );
#6393 = FILL_AREA_STYLE_COLOUR( '', #8663 );
#6394 = VERTEX_POINT( '', #8664 );
#6395 = B_SPLINE_CURVE_WITH_KNOTS( '', 3, ( #8665, #8666, #8667, #8668, #8669, #8670, #8671 ), .UNSPECIFIED., .F., .F., ( 4, 3, 4 ), ( 0.596340645240594, 0.758852902323343, 1.00000000000000 ), .UNSPECIFIED. );
#6396 = VERTEX_POINT( '', #8672 );
#6397 = B_SPLINE_CURVE_WITH_KNOTS( '', 3, ( #8673, #8674, #8675, #8676, #8677, #8678, #8679 ), .UNSPECIFIED., .F., .F., ( 4, 3, 4 ), ( 0.596340645240594, 0.758852902323343, 1.00000000000000 ), .UNSPECIFIED. );
#6398 = LINE( '', #8680, #8681 );
#6399 = FILL_AREA_STYLE_COLOUR( '', #8682 );
#6400 = VERTEX_POINT( '', #8683 );
#6401 = LINE( '', #8684, #8685 );
#6402 = VERTEX_POINT( '', #8686 );
#6403 = LINE( '', #8687, #8688 );
#6404 = LINE( '', #8689, #8690 );
#6405 = FILL_AREA_STYLE_COLOUR( '', #8691 );
#6406 = B_SPLINE_CURVE_WITH_KNOTS( '', 3, ( #8692, #8693, #8694, #8695 ), .UNSPECIFIED., .F., .F., ( 4, 4 ), ( 0.576792806375982, 0.601412883312602 ), .UNSPECIFIED. );
#6407 = B_SPLINE_CURVE_WITH_KNOTS( '', 3, ( #8696, #8697, #8698, #8699 ), .UNSPECIFIED., .F., .F., ( 4, 4 ), ( 0.576792806375982, 0.601412883312602 ), .UNSPECIFIED. );
#6408 = FILL_AREA_STYLE_COLOUR( '', #8700 );
#6409 = VERTEX_POINT( '', #8701 );
#6410 = VERTEX_POINT( '', #8702 );
#6411 = LINE( '', #8703, #8704 );
#6412 = VERTEX_POINT( '', #8705 );
#6413 = LINE( '', #8706, #8707 );
#6414 = VERTEX_POINT( '', #8708 );
#6415 = LINE( '', #8709, #8710 );
#6416 = LINE( '', #8711, #8712 );
#6417 = FILL_AREA_STYLE_COLOUR( '', #8713 );
#6418 = VERTEX_POINT( '', #8714 );
#6419 = LINE( '', #8715, #8716 );
#6420 = VERTEX_POINT( '', #8717 );
#6421 = LINE( '', #8718, #8719 );
#6422 = LINE( '', #8720, #8721 );
#6423 = FILL_AREA_STYLE_COLOUR( '', #8722 );
#6424 = VERTEX_POINT( '', #8723 );
#6425 = CIRCLE( '', #8724, 0.113072396140495 );
#6426 = LINE( '', #8725, #8726 );
#6427 = FILL_AREA_STYLE_COLOUR( '', #8727 );
#6428 = VERTEX_POINT( '', #8728 );
#6429 = LINE( '', #8729, #8730 );
#6430 = VERTEX_POINT( '', #8731 );
#6431 = CIRCLE( '', #8732, 0.229554448720945 );
#6432 = LINE( '', #8733, #8734 );
#6433 = FILL_AREA_STYLE_COLOUR( '', #8735 );
#6434 = VERTEX_POINT( '', #8736 );
#6435 = B_SPLINE_CURVE_WITH_KNOTS( '', 1, ( #8737, #8738 ), .UNSPECIFIED., .F., .F., ( 2, 2 ), ( 0.961114975996676, 1.00000000000000 ), .UNSPECIFIED. );
#6436 = LINE( '', #8739, #8740 );
#6437 = FILL_AREA_STYLE_COLOUR( '', #8741 );
#6438 = VERTEX_POINT( '', #8742 );
#6439 = VERTEX_POINT( '', #8743 );
#6440 = B_SPLINE_CURVE_WITH_KNOTS( '', 1, ( #8744, #8745 ), .UNSPECIFIED., .F., .F., ( 2, 2 ), ( 0.833371642973668, 0.878835402155802 ), .UNSPECIFIED. );
#6441 = LINE( '', #8746, #8747 );
#6442 = LINE( '', #8748, #8749 );
#6443 = FILL_AREA_STYLE_COLOUR( '', #8750 );
#6444 = VERTEX_POINT( '', #8751 );
#6445 = LINE( '', #8752, #8753 );
#6446 = LINE( '', #8754, #8755 );
#6447 = FILL_AREA_STYLE_COLOUR( '', #8756 );
#6448 = B_SPLINE_CURVE_WITH_KNOTS( '', 1, ( #8757, #8758 ), .UNSPECIFIED., .F., .F., ( 2, 2 ), ( 0.868737395338202, 0.959392677190561 ), .UNSPECIFIED. );
#6449 = B_SPLINE_CURVE_WITH_KNOTS( '', 1, ( #8759, #8760 ), .UNSPECIFIED., .F., .F., ( 2, 2 ), ( 0.868737395338202, 0.959392677190561 ), .UNSPECIFIED. );
#6450 = FILL_AREA_STYLE_COLOUR( '', #8761 );
#6451 = VERTEX_POINT( '', #8762 );
#6452 = B_SPLINE_CURVE_WITH_KNOTS( '', 1, ( #8763, #8764 ), .UNSPECIFIED., .F., .F., ( 2, 2 ), ( 0.975161674496339, 1.00000000000000 ), .UNSPECIFIED. );
#6453 = VERTEX_POINT( '', #8765 );
#6454 = B_SPLINE_CURVE_WITH_KNOTS( '', 1, ( #8766, #8767 ), .UNSPECIFIED., .F., .F., ( 2, 2 ), ( 0.975161674496339, 1.00000000000000 ), .UNSPECIFIED. );
#6455 = LINE( '', #8768, #8769 );
#6456 = FILL_AREA_STYLE_COLOUR( '', #8770 );
#6457 = VERTEX_POINT( '', #8771 );
#6458 = B_SPLINE_CURVE_WITH_KNOTS( '', 1, ( #8772, #8773 ), .UNSPECIFIED., .F., .F., ( 2, 2 ), ( 0.308403055017614, 0.444588552570485 ), .UNSPECIFIED. );
#6459 = VERTEX_POINT( '', #8774 );
#6460 = LINE( '', #8775, #8776 );
#6461 = B_SPLINE_CURVE_WITH_KNOTS( '', 1, ( #8777, #8778 ), .UNSPECIFIED., .F., .F., ( 2, 2 ), ( 0.308403055017614, 0.444588552570485 ), .UNSPECIFIED. );
#6462 = FILL_AREA_STYLE_COLOUR( '', #8779 );
#6463 = VERTEX_POINT( '', #8780 );
#6464 = LINE( '', #8781, #8782 );
#6465 = LINE( '', #8783, #8784 );
#6466 = FILL_AREA_STYLE_COLOUR( '', #8785 );
#6467 = CIRCLE( '', #8786, 0.113072396140495 );
#6468 = VERTEX_POINT( '', #8787 );
#6469 = CIRCLE( '', #8788, 0.229554448720945 );
#6470 = VERTEX_POINT( '', #8789 );
#6471 = LINE( '', #8790, #8791 );
#6472 = LINE( '', #8792, #8793 );
#6473 = FILL_AREA_STYLE_COLOUR( '', #8794 );
#6474 = VERTEX_POINT( '', #8795 );
#6475 = B_SPLINE_CURVE_WITH_KNOTS( '', 3, ( #8796, #8797, #8798, #8799, #8800, #8801, #8802, #8803, #8804, #8805, #8806, #8807, #8808, #8809, #8810, #8811, #8812, #8813, #8814, #8815, #8816, #8817, #8818, #8819 ), .UNSPECIFIED., .F., .F., ( 4, 3, 2, 2, 3, 2, 3, 2, 3, 4 ), ( 0.321477466564845, 0.351183579400996, 0.375342596947203, 0.407244889347964, 0.439147181748726, 0.472065990377835, 0.518366428530973, 0.560664565544699, 0.596455296864005, 0.660534831951439 ), .UNSPECIFIED. );
#6476 = LINE( '', #8820, #8821 );
#6477 = FILL_AREA_STYLE_COLOUR( '', #8822 );
#6478 = LINE( '', #8823, #8824 );
#6479 = LINE( '', #8825, #8826 );
#6480 = FILL_AREA_STYLE_COLOUR( '', #8827 );
#6481 = B_SPLINE_CURVE_WITH_KNOTS( '', 3, ( #8828, #8829, #8830, #8831 ), .UNSPECIFIED., .F., .F., ( 4, 4 ), ( 0.660534831951439, 0.743511127608967 ), .UNSPECIFIED. );
#6482 = FILL_AREA_STYLE_COLOUR( '', #8832 );
#6483 = LINE( '', #8833, #8834 );
#6484 = FILL_AREA_STYLE_COLOUR( '', #8835 );
#6485 = LINE( '', #8836, #8837 );
#6486 = LINE( '', #8838, #8839 );
#6487 = FILL_AREA_STYLE_COLOUR( '', #8840 );
#6488 = LINE( '', #8841, #8842 );
#6489 = FILL_AREA_STYLE_COLOUR( '', #8843 );
#6490 = VERTEX_POINT( '', #8844 );
#6491 = LINE( '', #8845, #8846 );
#6492 = VERTEX_POINT( '', #8847 );
#6493 = B_SPLINE_CURVE_WITH_KNOTS( '', 3, ( #8848, #8849, #8850, #8851, #8852, #8853, #8854, #8855, #8856, #8857, #8858, #8859, #8860, #8861, #8862, #8863, #8864, #8865, #8866, #8867, #8868, #8869, #8870, #8871, #8872, #8873, #8874, #8875 ), .UNSPECIFIED., .F., .F., ( 4, 3, 3, 3, 3, 2, 2, 2, 3, 3, 4 ), ( 0.000000000000000, 0.0661689408984628, 0.146425072600567, 0.186589075675420, 0.236939541877402, 0.307117218406531, 0.377294894935661, 0.454953440536425, 0.532611986137188, 0.596088973734374, 0.669851217024646 ), .UNSPECIFIED. );
#6494 = LINE( '', #8876, #8877 );
#6495 = FILL_AREA_STYLE_COLOUR( '', #8878 );
#6496 = VERTEX_POINT( '', #8879 );
#6497 = B_SPLINE_CURVE_WITH_KNOTS( '', 1, ( #8880, #8881 ), .UNSPECIFIED., .F., .F., ( 2, 2 ), ( 0.000000000000000, 0.191362755566814 ), .UNSPECIFIED. );
#6498 = VERTEX_POINT( '', #8882 );
#6499 = B_SPLINE_CURVE_WITH_KNOTS( '', 1, ( #8883, #8884 ), .UNSPECIFIED., .F., .F., ( 2, 2 ), ( 0.000000000000000, 0.191362755566814 ), .UNSPECIFIED. );
#6500 = LINE( '', #8885, #8886 );
#6501 = FILL_AREA_STYLE_COLOUR( '', #8887 );
#6502 = LINE( '', #8888, #8889 );
#6503 = FILL_AREA_STYLE_COLOUR( '', #8890 );
#6504 = LINE( '', #8891, #8892 );
#6505 = LINE( '', #8893, #8894 );
#6506 = FILL_AREA_STYLE_COLOUR( '', #8895 );
#6507 = VERTEX_POINT( '', #8896 );
#6508 = B_SPLINE_CURVE_WITH_KNOTS( '', 1, ( #8897, #8898 ), .UNSPECIFIED., .F., .F., ( 2, 2 ), ( 0.798351549040962, 0.833371642973668 ), .UNSPECIFIED. );
#6509 = LINE( '', #8899, #8900 );
#6510 = FILL_AREA_STYLE_COLOUR( '', #8901 );
#6511 = FILL_AREA_STYLE_COLOUR( '', #8902 );
#6512 = LINE( '', #8903, #8904 );
#6513 = FILL_AREA_STYLE_COLOUR( '', #8905 );
#6514 = VERTEX_POINT( '', #8906 );
#6515 = B_SPLINE_CURVE_WITH_KNOTS( '', 3, ( #8907, #8908, #8909, #8910, #8911, #8912, #8913, #8914, #8915, #8916, #8917, #8918, #8919, #8920, #8921, #8922, #8923, #8924, #8925, #8926, #8927, #8928, #8929 ), .UNSPECIFIED., .F., .F., ( 4, 3, 2, 3, 2, 3, 3, 3, 4 ), ( 0.600504747971176, 0.638075247198128, 0.674948378141250, 0.744480567919708, 0.812841365453784, 0.867411800372917, 0.911968256824270, 0.953282336483212, 1.00000000000000 ), .UNSPECIFIED. );
#6516 = VERTEX_POINT( '', #8930 );
#6517 = B_SPLINE_CURVE_WITH_KNOTS( '', 3, ( #8931, #8932, #8933, #8934, #8935, #8936, #8937, #8938, #8939, #8940, #8941, #8942, #8943, #8944, #8945, #8946, #8947, #8948, #8949, #8950, #8951, #8952, #8953 ), .UNSPECIFIED., .F., .F., ( 4, 3, 2, 3, 2, 3, 3, 3, 4 ), ( 0.600504747971176, 0.638075247198128, 0.674948378141250, 0.744480567919708, 0.812841365453784, 0.867411800372917, 0.911968256824270, 0.953282336483212, 1.00000000000000 ), .UNSPECIFIED. );
#6518 = LINE( '', #8954, #8955 );
#6519 = FILL_AREA_STYLE_COLOUR( '', #8956 );
#6520 = VERTEX_POINT( '', #8957 );
#6521 = LINE( '', #8958, #8959 );
#6522 = LINE( '', #8960, #8961 );
#6523 = FILL_AREA_STYLE_COLOUR( '', #8962 );
#6524 = B_SPLINE_CURVE_WITH_KNOTS( '', 1, ( #8963, #8964 ), .UNSPECIFIED., .F., .F., ( 2, 2 ), ( 0.211245365639897, 0.250555562318267 ), .UNSPECIFIED. );
#6525 = FILL_AREA_STYLE_COLOUR( '', #8965 );
#6526 = LINE( '', #8966, #8967 );
#6527 = LINE( '', #8968, #8969 );
#6528 = FILL_AREA_STYLE_COLOUR( '', #8970 );
#6529 = VERTEX_POINT( '', #8971 );
#6530 = LINE( '', #8972, #8973 );
#6531 = VERTEX_POINT( '', #8974 );
#6532 = LINE( '', #8975, #8976 );
#6533 = LINE( '', #8977, #8978 );
#6534 = FILL_AREA_STYLE_COLOUR( '', #8979 );
#6535 = LINE( '', #8980, #8981 );
#6536 = FILL_AREA_STYLE_COLOUR( '', #8982 );
#6537 = VERTEX_POINT( '', #8983 );
#6538 = B_SPLINE_CURVE_WITH_KNOTS( '', 1, ( #8984, #8985 ), .UNSPECIFIED., .F., .F., ( 2, 2 ), ( 0.191362755566814, 0.216201081070475 ), .UNSPECIFIED. );
#6539 = VERTEX_POINT( '', #8986 );
#6540 = B_SPLINE_CURVE_WITH_KNOTS( '', 1, ( #8987, #8988 ), .UNSPECIFIED., .F., .F., ( 2, 2 ), ( 0.191362755566814, 0.216201081070475 ), .UNSPECIFIED. );
#6541 = LINE( '', #8989, #8990 );
#6542 = FILL_AREA_STYLE_COLOUR( '', #8991 );
#6543 = VERTEX_POINT( '', #8992 );
#6544 = B_SPLINE_CURVE_WITH_KNOTS( '', 3, ( #8993, #8994, #8995, #8996 ), .UNSPECIFIED., .F., .F., ( 4, 4 ), ( 0.956227513983152, 1.00000000000000 ), .UNSPECIFIED. );
#6545 = LINE( '', #8997, #8998 );
#6546 = FILL_AREA_STYLE_COLOUR( '', #8999 );
#6547 = B_SPLINE_CURVE_WITH_KNOTS( '', 3, ( #9000, #9001, #9002, #9003 ), .UNSPECIFIED., .F., .F., ( 4, 4 ), ( 0.000000000000000, 0.236251643023175 ), .UNSPECIFIED. );
#6548 = FILL_AREA_STYLE_COLOUR( '', #9004 );
#6549 = LINE( '', #9005, #9006 );
#6550 = CIRCLE( '', #9007, 0.229554448720945 );
#6551 = LINE( '', #9008, #9009 );
#6552 = FILL_AREA_STYLE_COLOUR( '', #9010 );
#6553 = B_SPLINE_CURVE_WITH_KNOTS( '', 1, ( #9011, #9012 ), .UNSPECIFIED., .F., .F., ( 2, 2 ), ( 0.515808662999002, 0.547645042167887 ), .UNSPECIFIED. );
#6554 = FILL_AREA_STYLE_COLOUR( '', #9013 );
#6555 = LINE( '', #9014, #9015 );
#6556 = FILL_AREA_STYLE_COLOUR( '', #9016 );
#6557 = VERTEX_POINT( '', #9017 );
#6558 = LINE( '', #9018, #9019 );
#6559 = LINE( '', #9020, #9021 );
#6560 = FILL_AREA_STYLE_COLOUR( '', #9022 );
#6561 = LINE( '', #9023, #9024 );
#6562 = LINE( '', #9025, #9026 );
#6563 = FILL_AREA_STYLE_COLOUR( '', #9027 );
#6564 = B_SPLINE_CURVE_WITH_KNOTS( '', 3, ( #9028, #9029, #9030, #9031 ), .UNSPECIFIED., .F., .F., ( 4, 4 ), ( 0.000000000000000, 0.236251643023175 ), .UNSPECIFIED. );
#6565 = FILL_AREA_STYLE_COLOUR( '', #9032 );
#6566 = B_SPLINE_CURVE_WITH_KNOTS( '', 3, ( #9033, #9034, #9035, #9036, #9037, #9038, #9039, #9040, #9041, #9042, #9043 ), .UNSPECIFIED., .F., .F., ( 4, 3, 2, 2, 4 ), ( 0.000000000000000, 0.234939105629067, 0.331153877204077, 0.434443264336073, 0.539840598144228 ), .UNSPECIFIED. );
#6567 = FILL_AREA_STYLE_COLOUR( '', #9044 );
#6568 = B_SPLINE_CURVE_WITH_KNOTS( '', 3, ( #9045, #9046, #9047, #9048 ), .UNSPECIFIED., .F., .F., ( 4, 4 ), ( 0.000000000000000, 0.0270930031381960 ), .UNSPECIFIED. );
#6569 = B_SPLINE_CURVE_WITH_KNOTS( '', 3, ( #9049, #9050, #9051, #9052 ), .UNSPECIFIED., .F., .F., ( 4, 4 ), ( 0.000000000000000, 0.0270930031381960 ), .UNSPECIFIED. );
#6570 = FILL_AREA_STYLE_COLOUR( '', #9053 );
#6571 = FILL_AREA_STYLE_COLOUR( '', #9054 );
#6572 = LINE( '', #9055, #9056 );
#6573 = LINE( '', #9057, #9058 );
#6574 = FILL_AREA_STYLE_COLOUR( '', #9059 );
#6575 = VERTEX_POINT( '', #9060 );
#6576 = B_SPLINE_CURVE_WITH_KNOTS( '', 1, ( #9061, #9062 ), .UNSPECIFIED., .F., .F., ( 2, 2 ), ( 0.317062621330082, 0.361053887706974 ), .UNSPECIFIED. );
#6577 = VERTEX_POINT( '', #9063 );
#6578 = B_SPLINE_CURVE_WITH_KNOTS( '', 1, ( #9064, #9065 ), .UNSPECIFIED., .F., .F., ( 2, 2 ), ( 0.317062621330082, 0.361053887706974 ), .UNSPECIFIED. );
#6579 = LINE( '', #9066, #9067 );
#6580 = FILL_AREA_STYLE_COLOUR( '', #9068 );
#6581 = VERTEX_POINT( '', #9069 );
#6582 = VERTEX_POINT( '', #9070 );
#6583 = B_SPLINE_CURVE_WITH_KNOTS( '', 3, ( #9071, #9072, #9073, #9074 ), .UNSPECIFIED., .F., .F., ( 4, 4 ), ( 0.336852098076917, 0.363502151049928 ), .UNSPECIFIED. );
#6584 = LINE( '', #9075, #9076 );
#6585 = LINE( '', #9077, #9078 );
#6586 = FILL_AREA_STYLE_COLOUR( '', #9079 );
#6587 = VERTEX_POINT( '', #9080 );
#6588 = LINE( '', #9081, #9082 );
#6589 = LINE( '', #9083, #9084 );
#6590 = FILL_AREA_STYLE_COLOUR( '', #9085 );
#6591 = VERTEX_POINT( '', #9086 );
#6592 = B_SPLINE_CURVE_WITH_KNOTS( '', 3, ( #9087, #9088, #9089, #9090 ), .UNSPECIFIED., .F., .F., ( 4, 4 ), ( 0.451413983317838, 0.478345163460815 ), .UNSPECIFIED. );
#6593 = VERTEX_POINT( '', #9091 );
#6594 = LINE( '', #9092, #9093 );
#6595 = B_SPLINE_CURVE_WITH_KNOTS( '', 3, ( #9094, #9095, #9096, #9097 ), .UNSPECIFIED., .F., .F., ( 4, 4 ), ( 0.451413983317838, 0.478345163460815 ), .UNSPECIFIED. );
#6596 = FILL_AREA_STYLE_COLOUR( '', #9098 );
#6597 = VERTEX_POINT( '', #9099 );
#6598 = B_SPLINE_CURVE_WITH_KNOTS( '', 1, ( #9100, #9101 ), .UNSPECIFIED., .F., .F., ( 2, 2 ), ( 0.211245365639898, 0.250555562318268 ), .UNSPECIFIED. );
#6599 = LINE( '', #9102, #9103 );
#6600 = FILL_AREA_STYLE_COLOUR( '', #9104 );
#6601 = LINE( '', #9105, #9106 );
#6602 = CIRCLE( '', #9107, 0.113072396140495 );
#6603 = FILL_AREA_STYLE_COLOUR( '', #9108 );
#6604 = VERTEX_POINT( '', #9109 );
#6605 = B_SPLINE_CURVE_WITH_KNOTS( '', 1, ( #9110, #9111 ), .UNSPECIFIED., .F., .F., ( 2, 2 ), ( 0.798351549040962, 0.833371642973668 ), .UNSPECIFIED. );
#6606 = LINE( '', #9112, #9113 );
#6607 = FILL_AREA_STYLE_COLOUR( '', #9114 );
#6608 = VERTEX_POINT( '', #9115 );
#6609 = CIRCLE( '', #9116, 0.229554448720945 );
#6610 = LINE( '', #9117, #9118 );
#6611 = FILL_AREA_STYLE_COLOUR( '', #9119 );
#6612 = FILL_AREA_STYLE_COLOUR( '', #9120 );
#6613 = FILL_AREA_STYLE_COLOUR( '', #9121 );
#6614 = VERTEX_POINT( '', #9122 );
#6615 = B_SPLINE_CURVE_WITH_KNOTS( '', 1, ( #9123, #9124 ), .UNSPECIFIED., .F., .F., ( 2, 2 ), ( 0.640814440999321, 0.676499664074283 ), .UNSPECIFIED. );
#6616 = VERTEX_POINT( '', #9125 );
#6617 = LINE( '', #9126, #9127 );
#6618 = B_SPLINE_CURVE_WITH_KNOTS( '', 1, ( #9128, #9129 ), .UNSPECIFIED., .F., .F., ( 2, 2 ), ( 0.640814440999321, 0.676499664074283 ), .UNSPECIFIED. );
#6619 = FILL_AREA_STYLE_COLOUR( '', #9130 );
#6620 = B_SPLINE_CURVE_WITH_KNOTS( '', 3, ( #9131, #9132, #9133, #9134, #9135, #9136, #9137, #9138, #9139, #9140, #9141, #9142, #9143, #9144, #9145, #9146, #9147, #9148, #9149, #9150, #9151, #9152, #9153, #9154, #9155, #9156, #9157, #9158, #9159, #9160, #9161, #9162, #9163, #9164, #9165, #9166, #9167, #9168, #9169, #9170, #9171, #9172, #9173, #9174, #9175, #9176, #9177 ), .UNSPECIFIED., .F., .F., ( 4, 3, 2, 3, 2, 3, 2, 3, 3, 3, 3, 3, 2, 3, 3, 2, 3, 4 ), ( 0.523508798199217, 0.536193357751337, 0.552658839645511, 0.569124321539685, 0.589051059749645, 0.624237011904170, 0.645968151971529, 0.658774002368366, 0.675714740290450, 0.710602187207719, 0.741882496334832, 0.764823501966999, 0.788404493018266, 0.817830345099335, 0.850677637561967, 0.887834020738283, 0.943752537993728, 1.00000000000000 ), .UNSPECIFIED. );
#6621 = FILL_AREA_STYLE_COLOUR( '', #9178 );
#6622 = VERTEX_POINT( '', #9179 );
#6623 = LINE( '', #9180, #9181 );
#6624 = LINE( '', #9182, #9183 );
#6625 = FILL_AREA_STYLE_COLOUR( '', #9184 );
#6626 = LINE( '', #9185, #9186 );
#6627 = FILL_AREA_STYLE_COLOUR( '', #9187 );
#6628 = FILL_AREA_STYLE_COLOUR( '', #9188 );
#6629 = VERTEX_POINT( '', #9189 );
#6630 = B_SPLINE_CURVE_WITH_KNOTS( '', 3, ( #9190, #9191, #9192, #9193 ), .UNSPECIFIED., .F., .F., ( 4, 4 ), ( 0.235287851573470, 0.257894160943733 ), .UNSPECIFIED. );
#6631 = VERTEX_POINT( '', #9194 );
#6632 = B_SPLINE_CURVE_WITH_KNOTS( '', 3, ( #9195, #9196, #9197, #9198 ), .UNSPECIFIED., .F., .F., ( 4, 4 ), ( 0.235287851573470, 0.257894160943733 ), .UNSPECIFIED. );
#6633 = LINE( '', #9199, #9200 );
#6634 = FILL_AREA_STYLE_COLOUR( '', #9201 );
#6635 = LINE( '', #9202, #9203 );
#6636 = FILL_AREA_STYLE_COLOUR( '', #9204 );
#6637 = VERTEX_POINT( '', #9205 );
#6638 = B_SPLINE_CURVE_WITH_KNOTS( '', 3, ( #9206, #9207, #9208, #9209, #9210, #9211, #9212, #9213, #9214, #9215, #9216, #9217, #9218, #9219, #9220, #9221, #9222, #9223, #9224, #9225, #9226, #9227, #9228, #9229, #9230, #9231, #9232, #9233 ), .UNSPECIFIED., .F., .F., ( 4, 3, 3, 3, 3, 3, 2, 2, 2, 3, 4 ), ( 0.000000000000000, 0.0347905707892768, 0.0666233387899263, 0.128171505683195, 0.166266578987168, 0.194368013928580, 0.211812071077151, 0.240806922824100, 0.269801774571049, 0.298340014479464, 0.336852098076917 ), .UNSPECIFIED. );
#6639 = LINE( '', #9234, #9235 );
#6640 = FILL_AREA_STYLE_COLOUR( '', #9236 );
#6641 = VERTEX_POINT( '', #9237 );
#6642 = B_SPLINE_CURVE_WITH_KNOTS( '', 3, ( #9238, #9239, #9240, #9241 ), .UNSPECIFIED., .F., .F., ( 4, 4 ), ( 0.820028608938579, 0.878462887902275 ), .UNSPECIFIED. );
#6643 = LINE( '', #9242, #9243 );
#6644 = FILL_AREA_STYLE_COLOUR( '', #9244 );
#6645 = B_SPLINE_CURVE_WITH_KNOTS( '', 1, ( #9245, #9246 ), .UNSPECIFIED., .F., .F., ( 2, 2 ), ( 0.361053887706974, 0.640814440999321 ), .UNSPECIFIED. );
#6646 = B_SPLINE_CURVE_WITH_KNOTS( '', 1, ( #9247, #9248 ), .UNSPECIFIED., .F., .F., ( 2, 2 ), ( 0.361053887706974, 0.640814440999321 ), .UNSPECIFIED. );
#6647 = FILL_AREA_STYLE_COLOUR( '', #9249 );
#6648 = B_SPLINE_CURVE_WITH_KNOTS( '', 1, ( #9250, #9251 ), .UNSPECIFIED., .F., .F., ( 2, 2 ), ( 0.753122744686643, 0.798351549040962 ), .UNSPECIFIED. );
#6649 = FILL_AREA_STYLE_COLOUR( '', #9252 );
#6650 = B_SPLINE_CURVE_WITH_KNOTS( '', 3, ( #9253, #9254, #9255, #9256 ), .UNSPECIFIED., .F., .F., ( 4, 4 ), ( 0.788371168269286, 0.820028608938579 ), .UNSPECIFIED. );
#6651 = FILL_AREA_STYLE_COLOUR( '', #9257 );
#6652 = LINE( '', #9258, #9259 );
#6653 = FILL_AREA_STYLE_COLOUR( '', #9260 );
#6654 = B_SPLINE_CURVE_WITH_KNOTS( '', 1, ( #9261, #9262 ), .UNSPECIFIED., .F., .F., ( 2, 2 ), ( 0.216201081070475, 0.308403055017614 ), .UNSPECIFIED. );
#6655 = B_SPLINE_CURVE_WITH_KNOTS( '', 1, ( #9263, #9264 ), .UNSPECIFIED., .F., .F., ( 2, 2 ), ( 0.216201081070475, 0.308403055017614 ), .UNSPECIFIED. );
#6656 = FILL_AREA_STYLE_COLOUR( '', #9265 );
#6657 = LINE( '', #9266, #9267 );
#6658 = LINE( '', #9268, #9269 );
#6659 = LINE( '', #9270, #9271 );
#6660 = LINE( '', #9272, #9273 );
#6661 = LINE( '', #9274, #9275 );
#6662 = LINE( '', #9276, #9277 );
#6663 = FILL_AREA_STYLE_COLOUR( '', #9278 );
#6664 = FILL_AREA_STYLE_COLOUR( '', #9279 );
#6665 = LINE( '', #9280, #9281 );
#6666 = FILL_AREA_STYLE_COLOUR( '', #9282 );
#6667 = FILL_AREA_STYLE_COLOUR( '', #9283 );
#6668 = VERTEX_POINT( '', #9284 );
#6669 = VERTEX_POINT( '', #9285 );
#6670 = B_SPLINE_CURVE_WITH_KNOTS( '', 3, ( #9286, #9287, #9288, #9289, #9290, #9291, #9292, #9293, #9294, #9295, #9296, #9297, #9298, #9299, #9300, #9301, #9302, #9303, #9304, #9305, #9306, #9307, #9308, #9309, #9310, #9311, #9312, #9313, #9314, #9315, #9316, #9317, #9318 ), .UNSPECIFIED., .F., .F., ( 4, 3, 3, 3, 3, 2, 3, 3, 3, 3, 3, 4 ), ( 0.311130145086153, 0.402757213654577, 0.453564615870398, 0.502289417257542, 0.551865008042753, 0.608552982243613, 0.676515912639119, 0.737356727634625, 0.789589309655003, 0.840055779634052, 0.890386415031304, 1.00000000000000 ), .UNSPECIFIED. );
#6671 = VERTEX_POINT( '', #9319 );
#6672 = LINE( '', #9320, #9321 );
#6673 = VERTEX_POINT( '', #9322 );
#6674 = B_SPLINE_CURVE_WITH_KNOTS( '', 3, ( #9323, #9324, #9325, #9326, #9327, #9328, #9329, #9330, #9331, #9332, #9333, #9334, #9335, #9336, #9337, #9338, #9339, #9340, #9341, #9342, #9343, #9344, #9345, #9346, #9347, #9348, #9349, #9350, #9351, #9352, #9353, #9354, #9355 ), .UNSPECIFIED., .F., .F., ( 4, 3, 3, 3, 3, 2, 3, 3, 3, 3, 3, 4 ), ( 0.311130145086153, 0.402757213654577, 0.453564615870398, 0.502289417257542, 0.551865008042753, 0.608552982243613, 0.676515912639119, 0.737356727634625, 0.789589309655003, 0.840055779634052, 0.890386415031304, 1.00000000000000 ), .UNSPECIFIED. );
#6675 = LINE( '', #9356, #9357 );
#6676 = FILL_AREA_STYLE_COLOUR( '', #9358 );
#6677 = LINE( '', #9359, #9360 );
#6678 = FILL_AREA_STYLE_COLOUR( '', #9361 );
#6679 = FILL_AREA_STYLE_COLOUR( '', #9362 );
#6680 = FILL_AREA_STYLE_COLOUR( '', #9363 );
#6681 = FILL_AREA_STYLE_COLOUR( '', #9364 );
#6682 = B_SPLINE_CURVE_WITH_KNOTS( '', 3, ( #9365, #9366, #9367, #9368 ), .UNSPECIFIED., .F., .F., ( 4, 4 ), ( 0.000000000000000, 0.267289335140498 ), .UNSPECIFIED. );
#6683 = B_SPLINE_CURVE_WITH_KNOTS( '', 3, ( #9369, #9370, #9371, #9372 ), .UNSPECIFIED., .F., .F., ( 4, 4 ), ( 0.000000000000000, 0.267289335140498 ), .UNSPECIFIED. );
#6684 = FILL_AREA_STYLE_COLOUR( '', #9373 );
#6685 = B_SPLINE_CURVE_WITH_KNOTS( '', 1, ( #9374, #9375 ), .UNSPECIFIED., .F., .F., ( 2, 2 ), ( 0.753122744686642, 0.798351549040962 ), .UNSPECIFIED. );
#6686 = FILL_AREA_STYLE_COLOUR( '', #9376 );
#6687 = B_SPLINE_CURVE_WITH_KNOTS( '', 1, ( #9377, #9378 ), .UNSPECIFIED., .F., .F., ( 2, 2 ), ( 0.878835402155802, 0.961114975996676 ), .UNSPECIFIED. );
#6688 = FILL_AREA_STYLE_COLOUR( '', #9379 );
#6689 = B_SPLINE_CURVE_WITH_KNOTS( '', 3, ( #9380, #9381, #9382, #9383 ), .UNSPECIFIED., .F., .F., ( 4, 4 ), ( 0.669851217024646, 1.00000000000000 ), .UNSPECIFIED. );
#6690 = FILL_AREA_STYLE_COLOUR( '', #9384 );
#6691 = FILL_AREA_STYLE_COLOUR( '', #9385 );
#6692 = B_SPLINE_CURVE_WITH_KNOTS( '', 3, ( #9386, #9387, #9388, #9389 ), .UNSPECIFIED., .F., .F., ( 4, 4 ), ( 0.000000000000000, 0.311130145086153 ), .UNSPECIFIED. );
#6693 = B_SPLINE_CURVE_WITH_KNOTS( '', 3, ( #9390, #9391, #9392, #9393 ), .UNSPECIFIED., .F., .F., ( 4, 4 ), ( 0.000000000000000, 0.311130145086153 ), .UNSPECIFIED. );
#6694 = FILL_AREA_STYLE_COLOUR( '', #9394 );
#6695 = B_SPLINE_CURVE_WITH_KNOTS( '', 1, ( #9395, #9396 ), .UNSPECIFIED., .F., .F., ( 2, 2 ), ( 0.000000000000000, 0.0822551651696557 ), .UNSPECIFIED. );
#6696 = FILL_AREA_STYLE_COLOUR( '', #9397 );
#6697 = B_SPLINE_CURVE_WITH_KNOTS( '', 3, ( #9398, #9399, #9400, #9401, #9402, #9403, #9404, #9405, #9406, #9407, #9408, #9409, #9410, #9411, #9412, #9413, #9414, #9415, #9416 ), .UNSPECIFIED., .F., .F., ( 4, 2, 3, 2, 3, 2, 3, 4 ), ( 0.257894160943733, 0.264058836482934, 0.302896292379903, 0.333699799548172, 0.361785350201593, 0.390248522524270, 0.417778476082269, 0.451413983317838 ), .UNSPECIFIED. );
#6698 = B_SPLINE_CURVE_WITH_KNOTS( '', 3, ( #9417, #9418, #9419, #9420, #9421, #9422, #9423, #9424, #9425, #9426, #9427, #9428, #9429, #9430, #9431, #9432, #9433, #9434, #9435 ), .UNSPECIFIED., .F., .F., ( 4, 2, 3, 2, 3, 2, 3, 4 ), ( 0.257894160943733, 0.264058836482934, 0.302896292379903, 0.333699799548172, 0.361785350201593, 0.390248522524270, 0.417778476082269, 0.451413983317838 ), .UNSPECIFIED. );
#6699 = FILL_AREA_STYLE_COLOUR( '', #9436 );
#6700 = CIRCLE( '', #9437, 0.113072396140495 );
#6701 = FILL_AREA_STYLE_COLOUR( '', #9438 );
#6702 = FILL_AREA_STYLE_COLOUR( '', #9439 );
#6703 = FILL_AREA_STYLE_COLOUR( '', #9440 );
#6704 = LINE( '', #9441, #9442 );
#6705 = LINE( '', #9443, #9444 );
#6706 = B_SPLINE_CURVE_WITH_KNOTS( '', 3, ( #9445, #9446, #9447, #9448 ), .UNSPECIFIED., .F., .F., ( 4, 4 ), ( 0.925193050275740, 0.956227513983152 ), .UNSPECIFIED. );
#6707 = B_SPLINE_CURVE_WITH_KNOTS( '', 1, ( #9449, #9450 ), .UNSPECIFIED., .F., .F., ( 2, 2 ), ( 0.250555562318268, 0.515808662999003 ), .UNSPECIFIED. );
#6708 = B_SPLINE_CURVE_WITH_KNOTS( '', 3, ( #9451, #9452, #9453, #9454 ), .UNSPECIFIED., .F., .F., ( 4, 4 ), ( 0.869883203006801, 1.00000000000000 ), .UNSPECIFIED. );
#6709 = B_SPLINE_CURVE_WITH_KNOTS( '', 3, ( #9455, #9456, #9457, #9458, #9459, #9460, #9461, #9462, #9463, #9464, #9465, #9466, #9467, #9468, #9469, #9470, #9471, #9472, #9473, #9474, #9475, #9476, #9477, #9478, #9479, #9480, #9481 ), .UNSPECIFIED., .F., .F., ( 4, 3, 3, 3, 3, 2, 3, 3, 3, 4 ), ( 0.363502151049928, 0.415629252232217, 0.466287975441797, 0.501174995717328, 0.533121714761846, 0.563785702531628, 0.608776307538111, 0.683423262732141, 0.722887085175935, 0.747013375772891 ), .UNSPECIFIED. );
#6710 = FILL_AREA_STYLE_COLOUR( '', #9482 );
#6711 = FILL_AREA_STYLE_COLOUR( '', #9483 );
#6712 = FILL_AREA_STYLE_COLOUR( '', #9484 );
#6713 = CIRCLE( '', #9485, 0.229554448720945 );
#6714 = FILL_AREA_STYLE_COLOUR( '', #9486 );
#6715 = FILL_AREA_STYLE_COLOUR( '', #9487 );
#6716 = FILL_AREA_STYLE_COLOUR( '', #9488 );
#6717 = FILL_AREA_STYLE_COLOUR( '', #9489 );
#6718 = FILL_AREA_STYLE_COLOUR( '', #9490 );
#6719 = FILL_AREA_STYLE_COLOUR( '', #9491 );
#6720 = FILL_AREA_STYLE_COLOUR( '', #9492 );
#6721 = FILL_AREA_STYLE_COLOUR( '', #9493 );
#6722 = FILL_AREA_STYLE_COLOUR( '', #9494 );
#6723 = B_SPLINE_CURVE_WITH_KNOTS( '', 1, ( #9495, #9496 ), .UNSPECIFIED., .F., .F., ( 2, 2 ), ( 0.775482585909930, 1.00000000000000 ), .UNSPECIFIED. );
#6724 = FILL_AREA_STYLE_COLOUR( '', #9497 );
#6725 = FILL_AREA_STYLE_COLOUR( '', #9498 );
#6726 = FILL_AREA_STYLE_COLOUR( '', #9499 );
#6727 = FILL_AREA_STYLE_COLOUR( '', #9500 );
#6728 = FILL_AREA_STYLE_COLOUR( '', #9501 );
#6729 = FILL_AREA_STYLE_COLOUR( '', #9502 );
#6730 = COLOUR_RGB( '', 0.870588243007660, 0.631372570991516, 0.172549024224281 );
#6731 = CARTESIAN_POINT( '', ( -0.476250000000000, 3.64448804564212, -0.696305810081289 ) );
#6732 = CARTESIAN_POINT( '', ( -2.07645000000000, 3.64448804564212, -0.696305810081289 ) );
#6733 = CARTESIAN_POINT( '', ( 4.60375000000000, 3.64448804564212, -0.696305810081289 ) );
#6734 = VECTOR( '', #9503, 1000.00000000000 );
#6735 = CARTESIAN_POINT( '', ( -2.07645000000000, 3.50651359892130, 7.58941520739853E-015 ) );
#6736 = CARTESIAN_POINT( '', ( -2.07645000000000, 3.64448804564212, -0.696305810081289 ) );
#6737 = VECTOR( '', #9504, 1000.00000000000 );
#6738 = CARTESIAN_POINT( '', ( -3.01625000000000, 3.50651359892130, 7.48099499014998E-015 ) );
#6739 = CARTESIAN_POINT( '', ( 4.60375000000000, 3.50651359892130, 7.37257477290143E-015 ) );
#6740 = VECTOR( '', #9505, 1000.00000000000 );
#6741 = CARTESIAN_POINT( '', ( -3.01625000000000, 3.64448804564212, -0.696305810081289 ) );
#6742 = CARTESIAN_POINT( '', ( -3.01625000000000, 3.64448804564212, -0.696305810081289 ) );
#6743 = VECTOR( '', #9506, 1000.00000000000 );
#6744 = CARTESIAN_POINT( '', ( -4.61645000000000, 3.64448804564212, -0.696305810081289 ) );
#6745 = CARTESIAN_POINT( '', ( 4.60375000000000, 3.64448804564212, -0.696305810081289 ) );
#6746 = VECTOR( '', #9507, 1000.00000000000 );
#6747 = CARTESIAN_POINT( '', ( -4.61645000000000, 3.50520000000000, 0.00662924608688359 ) );
#6748 = CARTESIAN_POINT( '', ( -4.61645000000000, 3.64448804564212, -0.696305810081289 ) );
#6749 = VECTOR( '', #9508, 1000.00000000000 );
#6750 = CARTESIAN_POINT( '', ( 4.60375000000000, 3.50520000000000, 0.00662924608690614 ) );
#6751 = CARTESIAN_POINT( '', ( 6.15950000000000, 3.50520000000000, 0.00662924608689801 ) );
#6752 = VECTOR( '', #9509, 1000.00000000000 );
#6753 = CARTESIAN_POINT( '', ( 4.60375000000000, 3.64448804564212, -0.696305810081289 ) );
#6754 = CARTESIAN_POINT( '', ( 4.60375000000000, 3.64448804564212, -0.696305810081289 ) );
#6755 = VECTOR( '', #9510, 1000.00000000000 );
#6756 = CARTESIAN_POINT( '', ( 3.00355000000000, 3.64448804564212, -0.696305810081289 ) );
#6757 = CARTESIAN_POINT( '', ( 4.60375000000000, 3.64448804564212, -0.696305810081289 ) );
#6758 = VECTOR( '', #9511, 1000.00000000000 );
#6759 = CARTESIAN_POINT( '', ( 3.00355000000000, 3.50651359892130, 7.58941520739853E-015 ) );
#6760 = CARTESIAN_POINT( '', ( 3.00355000000000, 3.64448804564212, -0.696305810081289 ) );
#6761 = VECTOR( '', #9512, 1000.00000000000 );
#6762 = CARTESIAN_POINT( '', ( 2.06375000000000, 3.50651359892130, 7.48099499014998E-015 ) );
#6763 = CARTESIAN_POINT( '', ( 4.60375000000000, 3.50651359892130, 7.37257477290143E-015 ) );
#6764 = VECTOR( '', #9513, 1000.00000000000 );
#6765 = CARTESIAN_POINT( '', ( 2.06375000000000, 3.64448804564212, -0.696305810081289 ) );
#6766 = CARTESIAN_POINT( '', ( 2.06375000000000, 3.64448804564212, -0.696305810081289 ) );
#6767 = VECTOR( '', #9514, 1000.00000000000 );
#6768 = CARTESIAN_POINT( '', ( 0.463550000000000, 3.64448804564212, -0.696305810081289 ) );
#6769 = CARTESIAN_POINT( '', ( 4.60375000000000, 3.64448804564212, -0.696305810081289 ) );
#6770 = VECTOR( '', #9515, 1000.00000000000 );
#6771 = CARTESIAN_POINT( '', ( 0.463550000000000, 3.50651359892130, 7.58941520739853E-015 ) );
#6772 = CARTESIAN_POINT( '', ( 0.463550000000000, 3.64448804564212, -0.696305810081289 ) );
#6773 = VECTOR( '', #9516, 1000.00000000000 );
#6774 = CARTESIAN_POINT( '', ( -0.476250000000000, 3.50651359892130, 7.48099499014998E-015 ) );
#6775 = CARTESIAN_POINT( '', ( 4.60375000000000, 3.50651359892130, 7.37257477290143E-015 ) );
#6776 = VECTOR( '', #9517, 1000.00000000000 );
#6777 = CARTESIAN_POINT( '', ( -0.476250000000000, 3.64448804564212, -0.696305810081289 ) );
#6778 = VECTOR( '', #9518, 1000.00000000000 );
#6779 = COLOUR_RGB( '', 0.858823537826538, 0.858823537826538, 0.858823537826538 );
#6780 = CARTESIAN_POINT( '', ( 1.42603435661432, -2.04073192157399, 3.50520000000000 ) );
#6781 = CARTESIAN_POINT( '', ( 1.60830497425088, -2.04073192157399, 3.50520000000000 ) );
#6782 = CARTESIAN_POINT( '', ( 1.42603435661432, -2.04073192157399, 3.50520000000000 ) );
#6783 = CARTESIAN_POINT( '', ( 1.60830497425088, -2.04073192157399, 3.50520000000000 ) );
#6784 = CARTESIAN_POINT( '', ( 1.42603435661432, -2.04073192157399, 3.55600000000000 ) );
#6785 = CARTESIAN_POINT( '', ( 1.42603435661432, -2.04073192157399, 3.55600000000000 ) );
#6786 = VECTOR( '', #9519, 1000.00000000000 );
#6787 = CARTESIAN_POINT( '', ( 1.60830497425088, -2.04073192157399, 3.55600000000000 ) );
#6788 = CARTESIAN_POINT( '', ( 1.42603435661432, -2.04073192157399, 3.55600000000000 ) );
#6789 = CARTESIAN_POINT( '', ( 1.60830497425088, -2.04073192157399, 3.55600000000000 ) );
#6790 = CARTESIAN_POINT( '', ( 1.60830497425088, -2.04073192157399, 3.55600000000000 ) );
#6791 = VECTOR( '', #9520, 1000.00000000000 );
#6792 = COLOUR_RGB( '', 0.870588243007660, 0.631372570991516, 0.172549024224281 );
#6793 = CARTESIAN_POINT( '', ( -2.07645000000000, -3.65324057254075, -0.698932891816191 ) );
#6794 = CARTESIAN_POINT( '', ( -2.07645000000000, -3.51474556410176, 7.37257477290143E-015 ) );
#6795 = CARTESIAN_POINT( '', ( -2.07645000000000, -3.65324057254075, -0.698932891816191 ) );
#6796 = VECTOR( '', #9521, 1000.00000000000 );
#6797 = CARTESIAN_POINT( '', ( -2.07645000000000, -3.25580701497173, 7.15573433840433E-015 ) );
#6798 = CARTESIAN_POINT( '', ( -2.07645000000000, -11.5433280311199, 7.37257477290143E-015 ) );
#6799 = VECTOR( '', #9522, 1000.00000000000 );
#6800 = CARTESIAN_POINT( '', ( -2.07645000000000, -3.42603784274110, -0.859091790167467 ) );
#6801 = CARTESIAN_POINT( '', ( -2.07645000000000, -3.42603784274110, -0.859091790167467 ) );
#6802 = VECTOR( '', #9523, 1000.00000000000 );
#6803 = CARTESIAN_POINT( '', ( -2.07645000000000, -3.65121416419274, -1.04402708173490 ) );
#6804 = AXIS2_PLACEMENT_3D( '', #9524, #9525, #9526 );
#6805 = CARTESIAN_POINT( '', ( -2.07645000000000, -4.19975252689862, -1.04402708173490 ) );
#6806 = CARTESIAN_POINT( '', ( -2.07645000000000, -3.65121416419274, -1.04402708173490 ) );
#6807 = VECTOR( '', #9527, 1000.00000000000 );
#6808 = CARTESIAN_POINT( '', ( -2.07645000000000, -4.19975252689862, -0.790027081734903 ) );
#6809 = CARTESIAN_POINT( '', ( -2.07645000000000, -4.19975252689862, -1.04402708173490 ) );
#6810 = VECTOR( '', #9528, 1000.00000000000 );
#6811 = CARTESIAN_POINT( '', ( -2.07645000000000, -3.76415642001181, -0.790027081734903 ) );
#6812 = CARTESIAN_POINT( '', ( -2.07645000000000, -3.76415642001181, -0.790027081734903 ) );
#6813 = VECTOR( '', #9529, 1000.00000000000 );
#6814 = AXIS2_PLACEMENT_3D( '', #9530, #9531, #9532 );
#6815 = COLOUR_RGB( '', 0.870588243007660, 0.631372570991516, 0.172549024224281 );
#6816 = CARTESIAN_POINT( '', ( -0.476250000000000, -3.76415642001181, -0.790027081734903 ) );
#6817 = CARTESIAN_POINT( '', ( 4.60375000000000, -3.76415642001181, -0.790027081734903 ) );
#6818 = VECTOR( '', #9533, 1000.00000000000 );
#6819 = CARTESIAN_POINT( '', ( -0.476250000000000, -3.65324057254075, -0.698932891816191 ) );
#6820 = AXIS2_PLACEMENT_3D( '', #9534, #9535, #9536 );
#6821 = CARTESIAN_POINT( '', ( 4.60375000000000, -3.65324057254075, -0.698932891816191 ) );
#6822 = VECTOR( '', #9537, 1000.00000000000 );
#6823 = COLOUR_RGB( '', 0.858823537826538, 0.858823537826538, 0.858823537826538 );
#6824 = CARTESIAN_POINT( '', ( -0.213947792618096, -2.91399861204168, 3.50520000000000 ) );
#6825 = CARTESIAN_POINT( '', ( -0.0575215162882140, -2.90130314613665, 3.50520000000000 ) );
#6826 = CARTESIAN_POINT( '', ( -0.213947792618096, -2.91399861204168, 3.50520000000000 ) );
#6827 = CARTESIAN_POINT( '', ( -0.161805700508135, -2.90976679007334, 3.50520000000000 ) );
#6828 = CARTESIAN_POINT( '', ( -0.109663608398175, -2.90553496810500, 3.50520000000000 ) );
#6829 = CARTESIAN_POINT( '', ( -0.0575215162882141, -2.90130314613665, 3.50520000000000 ) );
#6830 = CARTESIAN_POINT( '', ( -0.213947792618096, -2.91399861204168, 3.55600000000000 ) );
#6831 = CARTESIAN_POINT( '', ( -0.213947792618096, -2.91399861204168, 3.55600000000000 ) );
#6832 = VECTOR( '', #9538, 1000.00000000000 );
#6833 = CARTESIAN_POINT( '', ( -0.0575215162882141, -2.90130314613665, 3.55600000000000 ) );
#6834 = CARTESIAN_POINT( '', ( -0.213947792618096, -2.91399861204168, 3.55600000000000 ) );
#6835 = CARTESIAN_POINT( '', ( -0.161805700508135, -2.90976679007334, 3.55600000000000 ) );
#6836 = CARTESIAN_POINT( '', ( -0.109663608398175, -2.90553496810500, 3.55600000000000 ) );
#6837 = CARTESIAN_POINT( '', ( -0.0575215162882141, -2.90130314613665, 3.55600000000000 ) );
#6838 = CARTESIAN_POINT( '', ( -0.0575215162882141, -2.90130314613665, 3.55600000000000 ) );
#6839 = VECTOR( '', #9539, 1000.00000000000 );
#6840 = COLOUR_RGB( '', 0.858823537826538, 0.858823537826538, 0.858823537826538 );
#6841 = CARTESIAN_POINT( '', ( 1.96060415311557, -2.66008929394101, 3.50520000000000 ) );
#6842 = CARTESIAN_POINT( '', ( 2.21768733769251, -2.43519818362326, 3.50520000000000 ) );
#6843 = CARTESIAN_POINT( '', ( 1.96060415311557, -2.66008929394101, 3.50520000000000 ) );
#6844 = CARTESIAN_POINT( '', ( 2.21768733769251, -2.43519818362326, 3.50520000000000 ) );
#6845 = CARTESIAN_POINT( '', ( 1.96060415311557, -2.66008929394101, 3.55600000000000 ) );
#6846 = CARTESIAN_POINT( '', ( 1.96060415311557, -2.66008929394101, 3.55600000000000 ) );
#6847 = VECTOR( '', #9540, 1000.00000000000 );
#6848 = CARTESIAN_POINT( '', ( 2.21768733769251, -2.43519818362326, 3.55600000000000 ) );
#6849 = CARTESIAN_POINT( '', ( 1.96060415311557, -2.66008929394101, 3.55600000000000 ) );
#6850 = CARTESIAN_POINT( '', ( 2.21768733769251, -2.43519818362326, 3.55600000000000 ) );
#6851 = CARTESIAN_POINT( '', ( 2.21768733769251, -2.43519818362326, 3.55600000000000 ) );
#6852 = VECTOR( '', #9541, 1000.00000000000 );
#6853 = COLOUR_RGB( '', 0.870588243007660, 0.631372570991516, 0.172549024224281 );
#6854 = CARTESIAN_POINT( '', ( -3.01625000000000, 4.19100000000000, -0.787400000000000 ) );
#6855 = CARTESIAN_POINT( '', ( -4.61645000000000, 4.19100000000000, -0.787400000000000 ) );
#6856 = CARTESIAN_POINT( '', ( 4.60375000000000, 4.19100000000000, -0.787400000000000 ) );
#6857 = VECTOR( '', #9542, 1000.00000000000 );
#6858 = CARTESIAN_POINT( '', ( -3.01625000000000, 4.19100000000000, -1.04140000000000 ) );
#6859 = CARTESIAN_POINT( '', ( -3.01625000000000, 4.19100000000000, 7.37257477290143E-015 ) );
#6860 = VECTOR( '', #9543, 1000.00000000000 );
#6861 = CARTESIAN_POINT( '', ( -4.61645000000000, 4.19100000000000, -1.04140000000000 ) );
#6862 = CARTESIAN_POINT( '', ( 4.60375000000000, 4.19100000000000, -1.04140000000000 ) );
#6863 = VECTOR( '', #9544, 1000.00000000000 );
#6864 = CARTESIAN_POINT( '', ( -4.61645000000000, 4.19100000000000, -1.04140000000000 ) );
#6865 = VECTOR( '', #9545, 1000.00000000000 );
#6866 = COLOUR_RGB( '', 0.858823537826538, 0.858823537826538, 0.858823537826538 );
#6867 = CARTESIAN_POINT( '', ( 3.66978900192205, 3.35632162635964, 3.50520000000000 ) );
#6868 = CARTESIAN_POINT( '', ( 3.82316841261685, 3.35632162635964, 3.50520000000000 ) );
#6869 = CARTESIAN_POINT( '', ( 3.66978900192205, 3.35632162635964, 3.50520000000000 ) );
#6870 = CARTESIAN_POINT( '', ( 3.72091547215365, 3.35632162635964, 3.50520000000000 ) );
#6871 = CARTESIAN_POINT( '', ( 3.77204194238525, 3.35632162635964, 3.50520000000000 ) );
#6872 = CARTESIAN_POINT( '', ( 3.82316841261685, 3.35632162635964, 3.50520000000000 ) );
#6873 = CARTESIAN_POINT( '', ( 3.66978900192205, 3.35632162635964, 3.55600000000000 ) );
#6874 = CARTESIAN_POINT( '', ( 3.66978900192205, 3.35632162635964, 3.55600000000000 ) );
#6875 = VECTOR( '', #9546, 1000.00000000000 );
#6876 = CARTESIAN_POINT( '', ( 3.82316841261685, 3.35632162635964, 3.55600000000000 ) );
#6877 = CARTESIAN_POINT( '', ( 3.66978900192205, 3.35632162635964, 3.55600000000000 ) );
#6878 = CARTESIAN_POINT( '', ( 3.72091547215365, 3.35632162635964, 3.55600000000000 ) );
#6879 = CARTESIAN_POINT( '', ( 3.77204194238525, 3.35632162635964, 3.55600000000000 ) );
#6880 = CARTESIAN_POINT( '', ( 3.82316841261685, 3.35632162635964, 3.55600000000000 ) );
#6881 = CARTESIAN_POINT( '', ( 3.82316841261685, 3.35632162635964, 3.55600000000000 ) );
#6882 = VECTOR( '', #9547, 1000.00000000000 );
#6883 = COLOUR_RGB( '', 0.870588243007660, 0.631372570991516, 0.172549024224281 );
#6884 = CARTESIAN_POINT( '', ( 2.06375000000000, 3.24757504979128, 7.86046575051991E-015 ) );
#6885 = CARTESIAN_POINT( '', ( 2.06375000000000, -11.5433280311199, 7.37257477290143E-015 ) );
#6886 = VECTOR( '', #9548, 1000.00000000000 );
#6887 = CARTESIAN_POINT( '', ( 2.06375000000000, 3.41728531584248, -0.856464708432565 ) );
#6888 = CARTESIAN_POINT( '', ( 2.06375000000000, 3.41728531584248, -0.856464708432565 ) );
#6889 = VECTOR( '', #9549, 1000.00000000000 );
#6890 = CARTESIAN_POINT( '', ( 2.06375000000000, 3.64246163729411, -1.04140000000000 ) );
#6891 = AXIS2_PLACEMENT_3D( '', #9550, #9551, #9552 );
#6892 = CARTESIAN_POINT( '', ( 2.06375000000000, 4.19100000000000, -1.04140000000000 ) );
#6893 = CARTESIAN_POINT( '', ( 2.06375000000000, 3.64246163729411, -1.04140000000000 ) );
#6894 = VECTOR( '', #9553, 1000.00000000000 );
#6895 = CARTESIAN_POINT( '', ( 2.06375000000000, 4.19100000000000, -0.787400000000000 ) );
#6896 = CARTESIAN_POINT( '', ( 2.06375000000000, 4.19100000000000, 7.37257477290143E-015 ) );
#6897 = VECTOR( '', #9554, 1000.00000000000 );
#6898 = CARTESIAN_POINT( '', ( 2.06375000000000, 3.75540389311319, -0.787400000000000 ) );
#6899 = CARTESIAN_POINT( '', ( 2.06375000000000, 3.75540389311319, -0.787400000000000 ) );
#6900 = VECTOR( '', #9555, 1000.00000000000 );
#6901 = AXIS2_PLACEMENT_3D( '', #9556, #9557, #9558 );
#6902 = COLOUR_RGB( '', 0.643137276172638, 0.678431391716003, 0.698039233684540 );
#6903 = CARTESIAN_POINT( '', ( -0.480434309709585, -0.812800000000000, 4.29260000000000 ) );
#6904 = CARTESIAN_POINT( '', ( -0.480434309709586, -1.60020000000000, 4.29260000000000 ) );
#6905 = CARTESIAN_POINT( '', ( -0.480434309709585, -1.60020000000000, 4.29260000000000 ) );
#6906 = VECTOR( '', #9559, 1000.00000000000 );
#6907 = CARTESIAN_POINT( '', ( -2.07645000000000, -0.812800000000000, 4.29260000000000 ) );
#6908 = CARTESIAN_POINT( '', ( -4.61645000000000, -0.812800000000000, 4.29260000000000 ) );
#6909 = VECTOR( '', #9560, 1000.00000000000 );
#6910 = CARTESIAN_POINT( '', ( -2.07645000000000, -1.60020000000000, 4.29260000000000 ) );
#6911 = CARTESIAN_POINT( '', ( -2.07645000000000, 14.2314795564198, 4.29260000000000 ) );
#6912 = VECTOR( '', #9561, 1000.00000000000 );
#6913 = CARTESIAN_POINT( '', ( -4.61645000000000, -1.60020000000000, 4.29260000000000 ) );
#6914 = VECTOR( '', #9562, 1000.00000000000 );
#6915 = COLOUR_RGB( '', 0.870588243007660, 0.631372570991516, 0.172549024224281 );
#6916 = CARTESIAN_POINT( '', ( -0.476250000000000, -3.51474556410176, 7.37257477290143E-015 ) );
#6917 = CARTESIAN_POINT( '', ( -0.476250000000000, -3.65324057254075, -0.698932891816191 ) );
#6918 = VECTOR( '', #9563, 1000.00000000000 );
#6919 = CARTESIAN_POINT( '', ( 0.463550000000000, -3.51474556410176, 7.37257477290143E-015 ) );
#6920 = CARTESIAN_POINT( '', ( 4.60375000000000, -3.51474556410176, 7.37257477290143E-015 ) );
#6921 = VECTOR( '', #9564, 1000.00000000000 );
#6922 = CARTESIAN_POINT( '', ( 0.463550000000000, -3.65324057254075, -0.698932891816191 ) );
#6923 = CARTESIAN_POINT( '', ( 0.463550000000000, -3.65324057254075, -0.698932891816191 ) );
#6924 = VECTOR( '', #9565, 1000.00000000000 );
#6925 = CARTESIAN_POINT( '', ( 2.06375000000000, -3.65324057254075, -0.698932891816191 ) );
#6926 = CARTESIAN_POINT( '', ( 4.60375000000000, -3.65324057254075, -0.698932891816191 ) );
#6927 = VECTOR( '', #9566, 1000.00000000000 );
#6928 = CARTESIAN_POINT( '', ( 2.06375000000000, -3.51474556410176, 7.37257477290143E-015 ) );
#6929 = CARTESIAN_POINT( '', ( 2.06375000000000, -3.65324057254075, -0.698932891816191 ) );
#6930 = VECTOR( '', #9567, 1000.00000000000 );
#6931 = CARTESIAN_POINT( '', ( 3.00355000000000, -3.51474556410176, 7.37257477290143E-015 ) );
#6932 = CARTESIAN_POINT( '', ( 4.60375000000000, -3.51474556410176, 7.37257477290143E-015 ) );
#6933 = VECTOR( '', #9568, 1000.00000000000 );
#6934 = CARTESIAN_POINT( '', ( 3.00355000000000, -3.65324057254075, -0.698932891816191 ) );
#6935 = CARTESIAN_POINT( '', ( 3.00355000000000, -3.65324057254075, -0.698932891816191 ) );
#6936 = VECTOR( '', #9569, 1000.00000000000 );
#6937 = CARTESIAN_POINT( '', ( 4.60375000000000, -3.65324057254075, -0.698932891816191 ) );
#6938 = CARTESIAN_POINT( '', ( 4.60375000000000, -3.65324057254075, -0.698932891816191 ) );
#6939 = VECTOR( '', #9570, 1000.00000000000 );
#6940 = CARTESIAN_POINT( '', ( 4.60375000000000, -3.50520000000000, 0.0481729182650976 ) );
#6941 = CARTESIAN_POINT( '', ( 4.60375000000000, -3.65324057254075, -0.698932891816191 ) );
#6942 = VECTOR( '', #9571, 1000.00000000000 );
#6943 = CARTESIAN_POINT( '', ( -4.61645000000000, -3.50520000000000, 0.0481729182650976 ) );
#6944 = CARTESIAN_POINT( '', ( 4.60375000000000, -3.50520000000000, 0.0481729182650975 ) );
#6945 = VECTOR( '', #9572, 1000.00000000000 );
#6946 = CARTESIAN_POINT( '', ( -4.61645000000000, -3.65324057254075, -0.698932891816191 ) );
#6947 = CARTESIAN_POINT( '', ( -4.61645000000000, -3.65324057254075, -0.698932891816191 ) );
#6948 = VECTOR( '', #9573, 1000.00000000000 );
#6949 = CARTESIAN_POINT( '', ( -3.01625000000000, -3.65324057254075, -0.698932891816191 ) );
#6950 = CARTESIAN_POINT( '', ( 4.60375000000000, -3.65324057254075, -0.698932891816191 ) );
#6951 = VECTOR( '', #9574, 1000.00000000000 );
#6952 = CARTESIAN_POINT( '', ( -3.01625000000000, -3.51474556410176, 7.37257477290143E-015 ) );
#6953 = CARTESIAN_POINT( '', ( -3.01625000000000, -3.65324057254075, -0.698932891816191 ) );
#6954 = VECTOR( '', #9575, 1000.00000000000 );
#6955 = CARTESIAN_POINT( '', ( 4.60375000000000, -3.51474556410176, 7.37257477290143E-015 ) );
#6956 = VECTOR( '', #9576, 1000.00000000000 );
#6957 = COLOUR_RGB( '', 0.858823537826538, 0.858823537826538, 0.858823537826538 );
#6958 = CARTESIAN_POINT( '', ( 3.41153872909557, 2.10757299049206, 3.50520000000000 ) );
#6959 = CARTESIAN_POINT( '', ( 3.41153872909557, 2.10757299049206, 3.50520000000000 ) );
#6960 = CARTESIAN_POINT( '', ( 3.49762215337107, 2.52382253578125, 3.50520000000000 ) );
#6961 = CARTESIAN_POINT( '', ( 3.58370557764655, 2.94007208107044, 3.50520000000000 ) );
#6962 = CARTESIAN_POINT( '', ( 3.66978900192205, 3.35632162635964, 3.50520000000000 ) );
#6963 = CARTESIAN_POINT( '', ( 3.41153872909557, 2.10757299049206, 3.55600000000000 ) );
#6964 = CARTESIAN_POINT( '', ( 3.41153872909557, 2.10757299049206, 3.55600000000000 ) );
#6965 = VECTOR( '', #9577, 1000.00000000000 );
#6966 = CARTESIAN_POINT( '', ( 3.41153872909557, 2.10757299049206, 3.55600000000000 ) );
#6967 = CARTESIAN_POINT( '', ( 3.49762215337107, 2.52382253578125, 3.55600000000000 ) );
#6968 = CARTESIAN_POINT( '', ( 3.58370557764655, 2.94007208107044, 3.55600000000000 ) );
#6969 = CARTESIAN_POINT( '', ( 3.66978900192205, 3.35632162635964, 3.55600000000000 ) );
#6970 = COLOUR_RGB( '', 0.870588243007660, 0.631372570991516, 0.172549024224281 );
#6971 = CARTESIAN_POINT( '', ( 0.463550000000000, -3.25580701497173, 7.15573433840433E-015 ) );
#6972 = CARTESIAN_POINT( '', ( 0.463550000000000, -3.42603784274110, -0.859091790167467 ) );
#6973 = CARTESIAN_POINT( '', ( 0.463550000000000, -3.42603784274110, -0.859091790167467 ) );
#6974 = VECTOR( '', #9578, 1000.00000000000 );
#6975 = CARTESIAN_POINT( '', ( 2.06375000000000, -3.25580701497173, 0.000000000000000 ) );
#6976 = CARTESIAN_POINT( '', ( 0.000000000000000, -3.25580701497173, 0.000000000000000 ) );
#6977 = VECTOR( '', #9579, 1000.00000000000 );
#6978 = CARTESIAN_POINT( '', ( 2.06375000000000, -3.42603784274110, -0.859091790167467 ) );
#6979 = CARTESIAN_POINT( '', ( 2.06375000000000, -3.42603784274110, -0.859091790167467 ) );
#6980 = VECTOR( '', #9580, 1000.00000000000 );
#6981 = CARTESIAN_POINT( '', ( 4.60375000000000, -3.42603784274110, -0.859091790167467 ) );
#6982 = VECTOR( '', #9581, 1000.00000000000 );
#6983 = COLOUR_RGB( '', 0.858823537826538, 0.858823537826538, 0.858823537826538 );
#6984 = CARTESIAN_POINT( '', ( -4.40662540775555, -2.04073192157399, 3.50520000000000 ) );
#6985 = CARTESIAN_POINT( '', ( -4.47236978476376, -2.35131742675072, 3.50520000000000 ) );
#6986 = CARTESIAN_POINT( '', ( -4.40662540775555, -2.04073192157399, 3.50520000000000 ) );
#6987 = CARTESIAN_POINT( '', ( -4.47236978476376, -2.35131742675072, 3.50520000000000 ) );
#6988 = CARTESIAN_POINT( '', ( -4.40662540775555, -2.04073192157399, 3.55600000000000 ) );
#6989 = CARTESIAN_POINT( '', ( -4.40662540775555, -2.04073192157399, 3.55600000000000 ) );
#6990 = VECTOR( '', #9582, 1000.00000000000 );
#6991 = CARTESIAN_POINT( '', ( -4.47236978476376, -2.35131742675072, 3.55600000000000 ) );
#6992 = CARTESIAN_POINT( '', ( -4.40662540775555, -2.04073192157399, 3.55600000000000 ) );
#6993 = CARTESIAN_POINT( '', ( -4.47236978476376, -2.35131742675072, 3.55600000000000 ) );
#6994 = CARTESIAN_POINT( '', ( -4.47236978476376, -2.35131742675072, 3.55600000000000 ) );
#6995 = VECTOR( '', #9583, 1000.00000000000 );
#6996 = COLOUR_RGB( '', 0.858823537826538, 0.858823537826538, 0.858823537826538 );
#6997 = CARTESIAN_POINT( '', ( 2.30020786607523, -2.04073192157399, 3.50520000000000 ) );
#6998 = CARTESIAN_POINT( '', ( 2.21768733769251, -2.43519818362326, 3.50520000000000 ) );
#6999 = CARTESIAN_POINT( '', ( 2.30020786607523, -2.04073192157399, 3.50520000000000 ) );
#7000 = CARTESIAN_POINT( '', ( 2.30020786607523, -2.04073192157399, 3.55600000000000 ) );
#7001 = CARTESIAN_POINT( '', ( 2.21768733769251, -2.43519818362326, 3.55600000000000 ) );
#7002 = CARTESIAN_POINT( '', ( 2.30020786607523, -2.04073192157399, 3.55600000000000 ) );
#7003 = CARTESIAN_POINT( '', ( 2.30020786607523, -2.04073192157399, 3.55600000000000 ) );
#7004 = VECTOR( '', #9584, 1000.00000000000 );
#7005 = COLOUR_RGB( '', 0.870588243007660, 0.631372570991516, 0.172549024224281 );
#7006 = CARTESIAN_POINT( '', ( -0.476250000000000, 3.24757504979128, 7.86046575051991E-015 ) );
#7007 = CARTESIAN_POINT( '', ( -0.476250000000000, -11.5433280311199, 7.37257477290143E-015 ) );
#7008 = VECTOR( '', #9585, 1000.00000000000 );
#7009 = CARTESIAN_POINT( '', ( -0.476250000000000, 3.41728531584248, -0.856464708432565 ) );
#7010 = CARTESIAN_POINT( '', ( -0.476250000000000, 3.41728531584248, -0.856464708432565 ) );
#7011 = VECTOR( '', #9586, 1000.00000000000 );
#7012 = CARTESIAN_POINT( '', ( -0.476250000000000, 3.64246163729411, -1.04140000000000 ) );
#7013 = AXIS2_PLACEMENT_3D( '', #9587, #9588, #9589 );
#7014 = CARTESIAN_POINT( '', ( -0.476250000000000, 4.19100000000000, -1.04140000000000 ) );
#7015 = CARTESIAN_POINT( '', ( -0.476250000000000, 3.64246163729411, -1.04140000000000 ) );
#7016 = VECTOR( '', #9590, 1000.00000000000 );
#7017 = CARTESIAN_POINT( '', ( -0.476250000000000, 4.19100000000000, -0.787400000000000 ) );
#7018 = CARTESIAN_POINT( '', ( -0.476250000000000, 4.19100000000000, 7.37257477290143E-015 ) );
#7019 = VECTOR( '', #9591, 1000.00000000000 );
#7020 = CARTESIAN_POINT( '', ( -0.476250000000000, 3.75540389311319, -0.787400000000000 ) );
#7021 = CARTESIAN_POINT( '', ( -0.476250000000000, 3.75540389311319, -0.787400000000000 ) );
#7022 = VECTOR( '', #9592, 1000.00000000000 );
#7023 = AXIS2_PLACEMENT_3D( '', #9593, #9594, #9595 );
#7024 = COLOUR_RGB( '', 0.858823537826538, 0.858823537826538, 0.858823537826538 );
#7025 = CARTESIAN_POINT( '', ( -1.34507094715034, 2.72109063327124, 3.50520000000000 ) );
#7026 = CARTESIAN_POINT( '', ( -0.676576949332952, 3.03015938554480, 3.50520000000000 ) );
#7027 = CARTESIAN_POINT( '', ( -1.34507094715034, 2.72109063327124, 3.50520000000000 ) );
#7028 = CARTESIAN_POINT( '', ( -1.39357949571345, 2.75019576240912, 3.50520000000000 ) );
#7029 = CARTESIAN_POINT( '', ( -1.43007640367999, 2.78484472566848, 3.50520000000000 ) );
#7030 = CARTESIAN_POINT( '', ( -1.47812296606631, 2.86615429278379, 3.50520000000000 ) );
#7031 = CARTESIAN_POINT( '', ( -1.49013460666289, 2.91281489663975, 3.50520000000000 ) );
#7032 = CARTESIAN_POINT( '', ( -1.49013460666289, 3.07681998940075, 3.50520000000000 ) );
#7033 = CARTESIAN_POINT( '', ( -1.44809386457486, 3.17337510035019, 3.50520000000000 ) );
#7034 = CARTESIAN_POINT( '', ( -1.36493635275238, 3.25514665364229, 3.50520000000000 ) );
#7035 = CARTESIAN_POINT( '', ( -1.28177492634571, 3.33692205627551, 3.50520000000000 ) );
#7036 = CARTESIAN_POINT( '', ( -1.18152784056613, 3.37757299049206, 3.50520000000000 ) );
#7037 = CARTESIAN_POINT( '', ( -0.952844683054305, 3.37757299049206, 3.50520000000000 ) );
#7038 = CARTESIAN_POINT( '', ( -0.861833406226368, 3.34615793047023, 3.50520000000000 ) );
#7039 = CARTESIAN_POINT( '', ( -0.792535479707634, 3.28286582424979, 3.50520000000000 ) );
#7040 = CARTESIAN_POINT( '', ( -0.723467600341315, 3.21978382776188, 3.50520000000000 ) );
#7041 = CARTESIAN_POINT( '', ( -0.684892700515199, 3.13549223385328, 3.50520000000000 ) );
#7042 = CARTESIAN_POINT( '', ( -0.676576949332952, 3.03015938554480, 3.50520000000000 ) );
#7043 = CARTESIAN_POINT( '', ( -1.34507094715034, 2.72109063327124, 3.55600000000000 ) );
#7044 = CARTESIAN_POINT( '', ( -1.34507094715034, 2.72109063327124, 3.55600000000000 ) );
#7045 = VECTOR( '', #9596, 1000.00000000000 );
#7046 = CARTESIAN_POINT( '', ( -0.676576949332952, 3.03015938554480, 3.55600000000000 ) );
#7047 = CARTESIAN_POINT( '', ( -1.34507094715034, 2.72109063327124, 3.55600000000000 ) );
#7048 = CARTESIAN_POINT( '', ( -1.39357949571345, 2.75019576240912, 3.55600000000000 ) );
#7049 = CARTESIAN_POINT( '', ( -1.43007640367999, 2.78484472566848, 3.55600000000000 ) );
#7050 = CARTESIAN_POINT( '', ( -1.47812296606631, 2.86615429278379, 3.55600000000000 ) );
#7051 = CARTESIAN_POINT( '', ( -1.49013460666289, 2.91281489663975, 3.55600000000000 ) );
#7052 = CARTESIAN_POINT( '', ( -1.49013460666289, 3.07681998940075, 3.55600000000000 ) );
#7053 = CARTESIAN_POINT( '', ( -1.44809386457486, 3.17337510035019, 3.55600000000000 ) );
#7054 = CARTESIAN_POINT( '', ( -1.36493635275238, 3.25514665364229, 3.55600000000000 ) );
#7055 = CARTESIAN_POINT( '', ( -1.28177492634571, 3.33692205627551, 3.55600000000000 ) );
#7056 = CARTESIAN_POINT( '', ( -1.18152784056613, 3.37757299049206, 3.55600000000000 ) );
#7057 = CARTESIAN_POINT( '', ( -0.952844683054305, 3.37757299049206, 3.55600000000000 ) );
#7058 = CARTESIAN_POINT( '', ( -0.861833406226368, 3.34615793047023, 3.55600000000000 ) );
#7059 = CARTESIAN_POINT( '', ( -0.792535479707634, 3.28286582424979, 3.55600000000000 ) );
#7060 = CARTESIAN_POINT( '', ( -0.723467600341315, 3.21978382776188, 3.55600000000000 ) );
#7061 = CARTESIAN_POINT( '', ( -0.684892700515199, 3.13549223385328, 3.55600000000000 ) );
#7062 = CARTESIAN_POINT( '', ( -0.676576949332952, 3.03015938554480, 3.55600000000000 ) );
#7063 = CARTESIAN_POINT( '', ( -0.676576949332952, 3.03015938554480, 3.55600000000000 ) );
#7064 = VECTOR( '', #9597, 1000.00000000000 );
#7065 = COLOUR_RGB( '', 0.858823537826538, 0.858823537826538, 0.858823537826538 );
#7066 = CARTESIAN_POINT( '', ( -2.27152008822681, -2.39121746245225, 3.50520000000000 ) );
#7067 = CARTESIAN_POINT( '', ( -1.77685032742710, -2.39121746245225, 3.50520000000000 ) );
#7068 = CARTESIAN_POINT( '', ( -2.27152008822681, -2.39121746245225, 3.50520000000000 ) );
#7069 = CARTESIAN_POINT( '', ( -1.77685032742710, -2.39121746245225, 3.50520000000000 ) );
#7070 = CARTESIAN_POINT( '', ( -2.27152008822681, -2.39121746245225, 3.55600000000000 ) );
#7071 = CARTESIAN_POINT( '', ( -2.27152008822681, -2.39121746245225, 3.55600000000000 ) );
#7072 = VECTOR( '', #9598, 1000.00000000000 );
#7073 = CARTESIAN_POINT( '', ( -1.77685032742710, -2.39121746245225, 3.55600000000000 ) );
#7074 = CARTESIAN_POINT( '', ( -2.27152008822681, -2.39121746245225, 3.55600000000000 ) );
#7075 = CARTESIAN_POINT( '', ( -1.77685032742710, -2.39121746245225, 3.55600000000000 ) );
#7076 = CARTESIAN_POINT( '', ( -1.77685032742710, -2.39121746245225, 3.55600000000000 ) );
#7077 = VECTOR( '', #9599, 1000.00000000000 );
#7078 = COLOUR_RGB( '', 0.858823537826538, 0.858823537826538, 0.858823537826538 );
#7079 = CARTESIAN_POINT( '', ( -3.10523828072619, 2.88879161544659, 3.50520000000000 ) );
#7080 = CARTESIAN_POINT( '', ( -3.80422336621182, 2.11450278314393, 3.50520000000000 ) );
#7081 = CARTESIAN_POINT( '', ( -3.10523828072618, 2.88879161544659, 3.50520000000000 ) );
#7082 = CARTESIAN_POINT( '', ( -3.80422336621182, 2.11450278314393, 3.50520000000000 ) );
#7083 = CARTESIAN_POINT( '', ( -3.10523828072618, 2.88879161544659, 3.55600000000000 ) );
#7084 = CARTESIAN_POINT( '', ( -3.10523828072618, 2.88879161544659, 3.55600000000000 ) );
#7085 = VECTOR( '', #9600, 1000.00000000000 );
#7086 = CARTESIAN_POINT( '', ( -3.80422336621182, 2.11450278314393, 3.55600000000000 ) );
#7087 = CARTESIAN_POINT( '', ( -3.10523828072618, 2.88879161544659, 3.55600000000000 ) );
#7088 = CARTESIAN_POINT( '', ( -3.80422336621182, 2.11450278314393, 3.55600000000000 ) );
#7089 = CARTESIAN_POINT( '', ( -3.80422336621182, 2.11450278314393, 3.55600000000000 ) );
#7090 = VECTOR( '', #9601, 1000.00000000000 );
#7091 = COLOUR_RGB( '', 0.858823537826538, 0.858823537826538, 0.858823537826538 );
#7092 = CARTESIAN_POINT( '', ( 3.71257844801025, -2.44880046852152, 3.50520000000000 ) );
#7093 = CARTESIAN_POINT( '', ( 3.65816930841725, -2.89812927966039, 3.50520000000000 ) );
#7094 = CARTESIAN_POINT( '', ( 3.71257844801025, -2.44880046852152, 3.50520000000000 ) );
#7095 = CARTESIAN_POINT( '', ( 3.76381372112700, -2.30733670557971, 3.50520000000000 ) );
#7096 = CARTESIAN_POINT( '', ( 3.83817287857077, -2.20078547387674, 3.50520000000000 ) );
#7097 = CARTESIAN_POINT( '', ( 3.93565592034156, -2.12823995441941, 3.50520000000000 ) );
#7098 = CARTESIAN_POINT( '', ( 4.03321360976007, -2.05563888322424, 3.50520000000000 ) );
#7099 = CARTESIAN_POINT( '', ( 4.14331746978819, -2.01987508473001, 3.50520000000000 ) );
#7100 = CARTESIAN_POINT( '', ( 4.41309612027016, -2.01987508473001, 3.50520000000000 ) );
#7101 = CARTESIAN_POINT( '', ( 4.53052917989172, -2.06521603439085, 3.50520000000000 ) );
#7102 = CARTESIAN_POINT( '', ( 4.61758380324053, -2.15544452421591, 3.50520000000000 ) );
#7103 = CARTESIAN_POINT( '', ( 4.70464639601800, -2.24568127402173, 3.50520000000000 ) );
#7104 = CARTESIAN_POINT( '', ( 4.74771232876712, -2.37580153956757, 3.50520000000000 ) );
#7105 = CARTESIAN_POINT( '', ( 4.74771232876712, -2.76392006866432, 3.50520000000000 ) );
#7106 = CARTESIAN_POINT( '', ( 4.68151454226230, -2.94573727680427, 3.50520000000000 ) );
#7107 = CARTESIAN_POINT( '', ( 4.54957237874927, -3.08992149672573, 3.50520000000000 ) );
#7108 = CARTESIAN_POINT( '', ( 4.43237211838487, -3.21799600805178, 3.50520000000000 ) );
#7109 = CARTESIAN_POINT( '', ( 4.28614146121982, -3.28216712328767, 3.50520000000000 ) );
#7110 = CARTESIAN_POINT( '', ( 3.98235709849222, -3.28216712328767, 3.50520000000000 ) );
#7111 = CARTESIAN_POINT( '', ( 3.87761950477569, -3.24725459204883, 3.50520000000000 ) );
#7112 = CARTESIAN_POINT( '', ( 3.79781943337263, -3.17788293906775, 3.50520000000000 ) );
#7113 = CARTESIAN_POINT( '', ( 3.71776111405989, -3.10828678648338, 3.50520000000000 ) );
#7114 = CARTESIAN_POINT( '', ( 3.67131818381889, -3.01510892978535, 3.50520000000000 ) );
#7115 = CARTESIAN_POINT( '', ( 3.65816930841725, -2.89812927966039, 3.50520000000000 ) );
#7116 = CARTESIAN_POINT( '', ( 3.71257844801025, -2.44880046852152, 3.55600000000000 ) );
#7117 = CARTESIAN_POINT( '', ( 3.71257844801025, -2.44880046852152, 3.55600000000000 ) );
#7118 = VECTOR( '', #9602, 1000.00000000000 );
#7119 = CARTESIAN_POINT( '', ( 3.65816930841725, -2.89812927966039, 3.55600000000000 ) );
#7120 = CARTESIAN_POINT( '', ( 3.71257844801025, -2.44880046852152, 3.55600000000000 ) );
#7121 = CARTESIAN_POINT( '', ( 3.76381372112700, -2.30733670557971, 3.55600000000000 ) );
#7122 = CARTESIAN_POINT( '', ( 3.83817287857077, -2.20078547387674, 3.55600000000000 ) );
#7123 = CARTESIAN_POINT( '', ( 3.93565592034156, -2.12823995441941, 3.55600000000000 ) );
#7124 = CARTESIAN_POINT( '', ( 4.03321360976007, -2.05563888322424, 3.55600000000000 ) );
#7125 = CARTESIAN_POINT( '', ( 4.14331746978819, -2.01987508473001, 3.55600000000000 ) );
#7126 = CARTESIAN_POINT( '', ( 4.41309612027016, -2.01987508473001, 3.55600000000000 ) );
#7127 = CARTESIAN_POINT( '', ( 4.53052917989172, -2.06521603439085, 3.55600000000000 ) );
#7128 = CARTESIAN_POINT( '', ( 4.61758380324053, -2.15544452421591, 3.55600000000000 ) );
#7129 = CARTESIAN_POINT( '', ( 4.70464639601800, -2.24568127402173, 3.55600000000000 ) );
#7130 = CARTESIAN_POINT( '', ( 4.74771232876712, -2.37580153956757, 3.55600000000000 ) );
#7131 = CARTESIAN_POINT( '', ( 4.74771232876712, -2.76392006866432, 3.55600000000000 ) );
#7132 = CARTESIAN_POINT( '', ( 4.68151454226230, -2.94573727680427, 3.55600000000000 ) );
#7133 = CARTESIAN_POINT( '', ( 4.54957237874927, -3.08992149672573, 3.55600000000000 ) );
#7134 = CARTESIAN_POINT( '', ( 4.43237211838487, -3.21799600805178, 3.55600000000000 ) );
#7135 = CARTESIAN_POINT( '', ( 4.28614146121982, -3.28216712328767, 3.55600000000000 ) );
#7136 = CARTESIAN_POINT( '', ( 3.98235709849222, -3.28216712328767, 3.55600000000000 ) );
#7137 = CARTESIAN_POINT( '', ( 3.87761950477569, -3.24725459204883, 3.55600000000000 ) );
#7138 = CARTESIAN_POINT( '', ( 3.79781943337263, -3.17788293906775, 3.55600000000000 ) );
#7139 = CARTESIAN_POINT( '', ( 3.71776111405989, -3.10828678648338, 3.55600000000000 ) );
#7140 = CARTESIAN_POINT( '', ( 3.67131818381889, -3.01510892978535, 3.55600000000000 ) );
#7141 = CARTESIAN_POINT( '', ( 3.65816930841725, -2.89812927966039, 3.55600000000000 ) );
#7142 = CARTESIAN_POINT( '', ( 3.65816930841725, -2.89812927966039, 3.55600000000000 ) );
#7143 = VECTOR( '', #9603, 1000.00000000000 );
#7144 = COLOUR_RGB( '', 0.870588243007660, 0.631372570991516, 0.172549024224281 );
#7145 = CARTESIAN_POINT( '', ( 0.463550000000000, -3.65121416419274, -1.04402708173490 ) );
#7146 = CARTESIAN_POINT( '', ( 0.463550000000000, -4.19975252689862, -1.04402708173490 ) );
#7147 = CARTESIAN_POINT( '', ( 0.463550000000000, -3.65121416419274, -1.04402708173490 ) );
#7148 = VECTOR( '', #9604, 1000.00000000000 );
#7149 = CARTESIAN_POINT( '', ( 2.06375000000000, -3.65121416419274, -1.04402708173490 ) );
#7150 = CARTESIAN_POINT( '', ( 4.60375000000000, -3.65121416419274, -1.04402708173490 ) );
#7151 = VECTOR( '', #9605, 1000.00000000000 );
#7152 = CARTESIAN_POINT( '', ( 2.06375000000000, -4.19975252689862, -1.04402708173490 ) );
#7153 = CARTESIAN_POINT( '', ( 2.06375000000000, -3.65121416419274, -1.04402708173490 ) );
#7154 = VECTOR( '', #9606, 1000.00000000000 );
#7155 = CARTESIAN_POINT( '', ( 4.60375000000000, -4.19975252689862, -1.04402708173490 ) );
#7156 = VECTOR( '', #9607, 1000.00000000000 );
#7157 = COLOUR_RGB( '', 0.858823537826538, 0.858823537826538, 0.858823537826538 );
#7158 = CARTESIAN_POINT( '', ( 3.81051489927766, -2.88362017576892, 3.50520000000000 ) );
#7159 = CARTESIAN_POINT( '', ( 3.65816930841725, -2.89812927966039, 3.50520000000000 ) );
#7160 = CARTESIAN_POINT( '', ( 3.70895117203739, -2.89329291169657, 3.50520000000000 ) );
#7161 = CARTESIAN_POINT( '', ( 3.75973303565752, -2.88845654373275, 3.50520000000000 ) );
#7162 = CARTESIAN_POINT( '', ( 3.81051489927766, -2.88362017576892, 3.50520000000000 ) );
#7163 = CARTESIAN_POINT( '', ( 3.81051489927766, -2.88362017576892, 3.55600000000000 ) );
#7164 = CARTESIAN_POINT( '', ( 3.65816930841725, -2.89812927966039, 3.55600000000000 ) );
#7165 = CARTESIAN_POINT( '', ( 3.70895117203739, -2.89329291169657, 3.55600000000000 ) );
#7166 = CARTESIAN_POINT( '', ( 3.75973303565752, -2.88845654373275, 3.55600000000000 ) );
#7167 = CARTESIAN_POINT( '', ( 3.81051489927766, -2.88362017576892, 3.55600000000000 ) );
#7168 = CARTESIAN_POINT( '', ( 3.81051489927766, -2.88362017576892, 3.55600000000000 ) );
#7169 = VECTOR( '', #9608, 1000.00000000000 );
#7170 = COLOUR_RGB( '', 0.858823537826538, 0.858823537826538, 0.858823537826538 );
#7171 = CARTESIAN_POINT( '', ( -0.826722456790210, 3.01214192464993, 3.50520000000000 ) );
#7172 = CARTESIAN_POINT( '', ( -1.05632958665561, 2.77930089154699, 3.50520000000000 ) );
#7173 = CARTESIAN_POINT( '', ( -0.826722456790210, 3.01214192464993, 3.50520000000000 ) );
#7174 = CARTESIAN_POINT( '', ( -0.837810125033206, 3.09945731206354, 3.50520000000000 ) );
#7175 = CARTESIAN_POINT( '', ( -0.863219364756742, 3.16136345975361, 3.50520000000000 ) );
#7176 = CARTESIAN_POINT( '', ( -0.901564217430442, 3.19924632625051, 3.50520000000000 ) );
#7177 = CARTESIAN_POINT( '', ( -0.939911886886090, 3.23713197559223, 3.50520000000000 ) );
#7178 = CARTESIAN_POINT( '', ( -0.991189535728005, 3.25514665364229, 3.50520000000000 ) );
#7179 = CARTESIAN_POINT( '', ( -1.12978538876547, 3.25514665364229, 3.50520000000000 ) );
#7180 = CARTESIAN_POINT( '', ( -1.19538742586987, 3.22835145538838, 3.50520000000000 ) );
#7181 = CARTESIAN_POINT( '', ( -1.25082576708486, 3.17383708652698, 3.50520000000000 ) );
#7182 = CARTESIAN_POINT( '', ( -1.30579827278194, 3.11978078925818, 3.50520000000000 ) );
#7183 = CARTESIAN_POINT( '', ( -1.33352129273055, 3.05741656997550, 3.50520000000000 ) );
#7184 = CARTESIAN_POINT( '', ( -1.33352129273055, 2.92621249576670, 3.50520000000000 ) );
#7185 = CARTESIAN_POINT( '', ( -1.31273191477493, 2.87585600249642, 3.50520000000000 ) );
#7186 = CARTESIAN_POINT( '', ( -1.27161514504048, 2.83612519129235, 3.50520000000000 ) );
#7187 = CARTESIAN_POINT( '', ( -1.23026751794512, 2.79617130443615, 3.50520000000000 ) );
#7188 = CARTESIAN_POINT( '', ( -1.17506003409105, 2.77606698830944, 3.50520000000000 ) );
#7189 = CARTESIAN_POINT( '', ( -1.09744635639006, 2.77606698830944, 3.50520000000000 ) );
#7190 = CARTESIAN_POINT( '', ( -1.08127684020236, 2.77745294683981, 3.50520000000000 ) );
#7191 = CARTESIAN_POINT( '', ( -1.05632958665561, 2.77930089154699, 3.50520000000000 ) );
#7192 = CARTESIAN_POINT( '', ( -0.826722456790210, 3.01214192464993, 3.55600000000000 ) );
#7193 = CARTESIAN_POINT( '', ( -0.826722456790210, 3.01214192464993, 3.55600000000000 ) );
#7194 = VECTOR( '', #9609, 1000.00000000000 );
#7195 = CARTESIAN_POINT( '', ( -1.05632958665561, 2.77930089154699, 3.55600000000000 ) );
#7196 = CARTESIAN_POINT( '', ( -0.826722456790210, 3.01214192464993, 3.55600000000000 ) );
#7197 = CARTESIAN_POINT( '', ( -0.837810125033206, 3.09945731206354, 3.55600000000000 ) );
#7198 = CARTESIAN_POINT( '', ( -0.863219364756742, 3.16136345975361, 3.55600000000000 ) );
#7199 = CARTESIAN_POINT( '', ( -0.901564217430442, 3.19924632625051, 3.55600000000000 ) );
#7200 = CARTESIAN_POINT( '', ( -0.939911886886090, 3.23713197559223, 3.55600000000000 ) );
#7201 = CARTESIAN_POINT( '', ( -0.991189535728005, 3.25514665364229, 3.55600000000000 ) );
#7202 = CARTESIAN_POINT( '', ( -1.12978538876547, 3.25514665364229, 3.55600000000000 ) );
#7203 = CARTESIAN_POINT( '', ( -1.19538742586987, 3.22835145538838, 3.55600000000000 ) );
#7204 = CARTESIAN_POINT( '', ( -1.25082576708486, 3.17383708652698, 3.55600000000000 ) );
#7205 = CARTESIAN_POINT( '', ( -1.30579827278194, 3.11978078925818, 3.55600000000000 ) );
#7206 = CARTESIAN_POINT( '', ( -1.33352129273055, 3.05741656997550, 3.55600000000000 ) );
#7207 = CARTESIAN_POINT( '', ( -1.33352129273055, 2.92621249576670, 3.55600000000000 ) );
#7208 = CARTESIAN_POINT( '', ( -1.31273191477493, 2.87585600249642, 3.55600000000000 ) );
#7209 = CARTESIAN_POINT( '', ( -1.27161514504048, 2.83612519129235, 3.55600000000000 ) );
#7210 = CARTESIAN_POINT( '', ( -1.23026751794512, 2.79617130443615, 3.55600000000000 ) );
#7211 = CARTESIAN_POINT( '', ( -1.17506003409105, 2.77606698830944, 3.55600000000000 ) );
#7212 = CARTESIAN_POINT( '', ( -1.09744635639006, 2.77606698830944, 3.55600000000000 ) );
#7213 = CARTESIAN_POINT( '', ( -1.08127684020236, 2.77745294683981, 3.55600000000000 ) );
#7214 = CARTESIAN_POINT( '', ( -1.05632958665561, 2.77930089154699, 3.55600000000000 ) );
#7215 = CARTESIAN_POINT( '', ( -1.05632958665561, 2.77930089154699, 3.55600000000000 ) );
#7216 = VECTOR( '', #9610, 1000.00000000000 );
#7217 = COLOUR_RGB( '', 0.870588243007660, 0.631372570991516, 0.172549024224281 );
#7218 = CARTESIAN_POINT( '', ( -3.01625000000000, 3.64246163729411, -1.04140000000000 ) );
#7219 = CARTESIAN_POINT( '', ( -3.01625000000000, 3.64246163729411, -1.04140000000000 ) );
#7220 = VECTOR( '', #9611, 1000.00000000000 );
#7221 = CARTESIAN_POINT( '', ( -4.61645000000000, 3.64246163729411, -1.04140000000000 ) );
#7222 = CARTESIAN_POINT( '', ( 4.60375000000000, 3.64246163729411, -1.04140000000000 ) );
#7223 = VECTOR( '', #9612, 1000.00000000000 );
#7224 = CARTESIAN_POINT( '', ( -4.61645000000000, 3.64246163729411, -1.04140000000000 ) );
#7225 = VECTOR( '', #9613, 1000.00000000000 );
#7226 = COLOUR_RGB( '', 0.870588243007660, 0.631372570991516, 0.172549024224281 );
#7227 = CARTESIAN_POINT( '', ( -2.07645000000000, 3.75540389311319, -0.787400000000000 ) );
#7228 = CARTESIAN_POINT( '', ( 4.60375000000000, 3.75540389311319, -0.787400000000000 ) );
#7229 = VECTOR( '', #9614, 1000.00000000000 );
#7230 = AXIS2_PLACEMENT_3D( '', #9615, #9616, #9617 );
#7231 = COLOUR_RGB( '', 0.643137276172638, 0.678431391716003, 0.698039233684540 );
#7232 = CARTESIAN_POINT( '', ( -3.01625000000000, -0.812800000000000, 3.50520000000000 ) );
#7233 = CARTESIAN_POINT( '', ( -3.01625000000000, 0.176700493150686, 3.50520000000000 ) );
#7234 = CARTESIAN_POINT( '', ( -3.01625000000000, 0.176700493150686, 3.50520000000000 ) );
#7235 = VECTOR( '', #9618, 1000.00000000000 );
#7236 = CARTESIAN_POINT( '', ( -3.01625000000000, 0.176700493150686, 2.23520000000000 ) );
#7237 = CARTESIAN_POINT( '', ( -3.01625000000000, 0.176700493150686, 2.23520000000000 ) );
#7238 = VECTOR( '', #9619, 1000.00000000000 );
#7239 = CARTESIAN_POINT( '', ( -3.01625000000000, -0.812800000000000, 2.23520000000000 ) );
#7240 = CARTESIAN_POINT( '', ( -3.01625000000000, 0.176700493150686, 2.23520000000000 ) );
#7241 = VECTOR( '', #9620, 1000.00000000000 );
#7242 = CARTESIAN_POINT( '', ( -3.01625000000000, -0.812800000000000, 2.23520000000000 ) );
#7243 = VECTOR( '', #9621, 1000.00000000000 );
#7244 = COLOUR_RGB( '', 0.870588243007660, 0.631372570991516, 0.172549024224281 );
#7245 = CARTESIAN_POINT( '', ( 0.463550000000000, 3.75540389311319, -0.787400000000000 ) );
#7246 = AXIS2_PLACEMENT_3D( '', #9622, #9623, #9624 );
#7247 = CARTESIAN_POINT( '', ( 0.463550000000000, 4.19100000000000, -0.787400000000000 ) );
#7248 = CARTESIAN_POINT( '', ( 0.463550000000000, 3.75540389311319, -0.787400000000000 ) );
#7249 = VECTOR( '', #9625, 1000.00000000000 );
#7250 = CARTESIAN_POINT( '', ( 0.463550000000000, 4.19100000000000, -1.04140000000000 ) );
#7251 = CARTESIAN_POINT( '', ( 0.463550000000000, 4.19100000000000, 7.37257477290143E-015 ) );
#7252 = VECTOR( '', #9626, 1000.00000000000 );
#7253 = CARTESIAN_POINT( '', ( 0.463550000000000, 3.64246163729411, -1.04140000000000 ) );
#7254 = CARTESIAN_POINT( '', ( 0.463550000000000, 3.64246163729411, -1.04140000000000 ) );
#7255 = VECTOR( '', #9627, 1000.00000000000 );
#7256 = CARTESIAN_POINT( '', ( 0.463550000000000, 3.41728531584248, -0.856464708432565 ) );
#7257 = AXIS2_PLACEMENT_3D( '', #9628, #9629, #9630 );
#7258 = CARTESIAN_POINT( '', ( 0.463550000000000, 3.24757504979128, 7.86046575051991E-015 ) );
#7259 = CARTESIAN_POINT( '', ( 0.463550000000000, 3.41728531584248, -0.856464708432565 ) );
#7260 = VECTOR( '', #9631, 1000.00000000000 );
#7261 = CARTESIAN_POINT( '', ( 0.463550000000000, -11.5433280311199, 7.37257477290143E-015 ) );
#7262 = VECTOR( '', #9632, 1000.00000000000 );
#7263 = COLOUR_RGB( '', 0.117647059261799, 0.117647059261799, 0.117647059261799 );
#7264 = CARTESIAN_POINT( '', ( -6.15950000000000, 3.50520000000000, 0.000000000000000 ) );
#7265 = CARTESIAN_POINT( '', ( -6.15950000000000, -3.50520000000000, 0.000000000000000 ) );
#7266 = CARTESIAN_POINT( '', ( -6.15950000000000, 3.50520000000000, 0.000000000000000 ) );
#7267 = VECTOR( '', #9633, 1000.00000000000 );
#7268 = CARTESIAN_POINT( '', ( -6.15950000000000, -3.50520000000000, 3.50520000000000 ) );
#7269 = CARTESIAN_POINT( '', ( -6.15950000000000, -3.50520000000000, 3.50520000000000 ) );
#7270 = VECTOR( '', #9634, 1000.00000000000 );
#7271 = CARTESIAN_POINT( '', ( -6.15950000000000, 3.50520000000000, 3.50520000000000 ) );
#7272 = CARTESIAN_POINT( '', ( -6.15950000000000, 3.50520000000000, 3.50520000000000 ) );
#7273 = VECTOR( '', #9635, 1000.00000000000 );
#7274 = CARTESIAN_POINT( '', ( -6.15950000000000, 3.50520000000000, 3.50520000000000 ) );
#7275 = VECTOR( '', #9636, 1000.00000000000 );
#7276 = COLOUR_RGB( '', 0.858823537826538, 0.858823537826538, 0.858823537826538 );
#7277 = CARTESIAN_POINT( '', ( 2.97896188249794, -3.16201360668646, 3.50520000000000 ) );
#7278 = CARTESIAN_POINT( '', ( 3.07463128628230, -2.82558376020306, 3.50520000000000 ) );
#7279 = CARTESIAN_POINT( '', ( 2.97896188249794, -3.16201360668646, 3.50520000000000 ) );
#7280 = CARTESIAN_POINT( '', ( 3.01750168970965, -3.16201360668646, 3.50520000000000 ) );
#7281 = CARTESIAN_POINT( '', ( 3.05150740195527, -3.14614427430516, 3.50520000000000 ) );
#7282 = CARTESIAN_POINT( '', ( 3.08143242873142, -3.11485901903919, 3.50520000000000 ) );
#7283 = CARTESIAN_POINT( '', ( 3.11114082155263, -3.08380024472611, 3.50520000000000 ) );
#7284 = CARTESIAN_POINT( '', ( 3.12586655939904, -3.04594077555472, 3.50520000000000 ) );
#7285 = CARTESIAN_POINT( '', ( 3.12586655939904, -2.95027137177035, 3.50520000000000 ) );
#7286 = CARTESIAN_POINT( '', ( 3.10863699852793, -2.89087472771466, 3.50520000000000 ) );
#7287 = CARTESIAN_POINT( '', ( 3.07463128628230, -2.82558376020306, 3.50520000000000 ) );
#7288 = CARTESIAN_POINT( '', ( 2.97896188249794, -3.16201360668646, 3.55600000000000 ) );
#7289 = CARTESIAN_POINT( '', ( 2.97896188249794, -3.16201360668646, 3.55600000000000 ) );
#7290 = VECTOR( '', #9637, 1000.00000000000 );
#7291 = CARTESIAN_POINT( '', ( 3.07463128628230, -2.82558376020306, 3.55600000000000 ) );
#7292 = CARTESIAN_POINT( '', ( 2.97896188249794, -3.16201360668646, 3.55600000000000 ) );
#7293 = CARTESIAN_POINT( '', ( 3.01750168970965, -3.16201360668646, 3.55600000000000 ) );
#7294 = CARTESIAN_POINT( '', ( 3.05150740195527, -3.14614427430516, 3.55600000000000 ) );
#7295 = CARTESIAN_POINT( '', ( 3.08143242873142, -3.11485901903919, 3.55600000000000 ) );
#7296 = CARTESIAN_POINT( '', ( 3.11114082155263, -3.08380024472611, 3.55600000000000 ) );
#7297 = CARTESIAN_POINT( '', ( 3.12586655939904, -3.04594077555472, 3.55600000000000 ) );
#7298 = CARTESIAN_POINT( '', ( 3.12586655939904, -2.95027137177035, 3.55600000000000 ) );
#7299 = CARTESIAN_POINT( '', ( 3.10863699852793, -2.89087472771466, 3.55600000000000 ) );
#7300 = CARTESIAN_POINT( '', ( 3.07463128628230, -2.82558376020306, 3.55600000000000 ) );
#7301 = CARTESIAN_POINT( '', ( 3.07463128628230, -2.82558376020306, 3.55600000000000 ) );
#7302 = VECTOR( '', #9638, 1000.00000000000 );
#7303 = COLOUR_RGB( '', 0.858823537826538, 0.858823537826538, 0.858823537826538 );
#7304 = CARTESIAN_POINT( '', ( 0.956544185625215, 3.21587782861501, 3.50520000000000 ) );
#7305 = CARTESIAN_POINT( '', ( 0.986111300939875, 3.35632162635964, 3.50520000000000 ) );
#7306 = CARTESIAN_POINT( '', ( 0.956544185625215, 3.21587782861501, 3.50520000000000 ) );
#7307 = CARTESIAN_POINT( '', ( 0.966399890730102, 3.26269242786322, 3.50520000000000 ) );
#7308 = CARTESIAN_POINT( '', ( 0.976255595834988, 3.30950702711143, 3.50520000000000 ) );
#7309 = CARTESIAN_POINT( '', ( 0.986111300939875, 3.35632162635964, 3.50520000000000 ) );
#7310 = CARTESIAN_POINT( '', ( 0.956544185625215, 3.21587782861501, 3.55600000000000 ) );
#7311 = CARTESIAN_POINT( '', ( 0.956544185625215, 3.21587782861501, 3.55600000000000 ) );
#7312 = VECTOR( '', #9639, 1000.00000000000 );
#7313 = CARTESIAN_POINT( '', ( 0.986111300939875, 3.35632162635964, 3.55600000000000 ) );
#7314 = CARTESIAN_POINT( '', ( 0.956544185625215, 3.21587782861501, 3.55600000000000 ) );
#7315 = CARTESIAN_POINT( '', ( 0.966399890730102, 3.26269242786322, 3.55600000000000 ) );
#7316 = CARTESIAN_POINT( '', ( 0.976255595834988, 3.30950702711143, 3.55600000000000 ) );
#7317 = CARTESIAN_POINT( '', ( 0.986111300939875, 3.35632162635964, 3.55600000000000 ) );
#7318 = CARTESIAN_POINT( '', ( 0.986111300939875, 3.35632162635964, 3.55600000000000 ) );
#7319 = VECTOR( '', #9640, 1000.00000000000 );
#7320 = COLOUR_RGB( '', 0.858823537826538, 0.858823537826538, 0.858823537826538 );
#7321 = CARTESIAN_POINT( '', ( -3.71875592350538, 2.38568866892058, 3.55600000000000 ) );
#7322 = CARTESIAN_POINT( '', ( -3.25261187112269, 2.90496113163429, 3.55600000000000 ) );
#7323 = CARTESIAN_POINT( '', ( -3.71875592350538, 2.38568866892058, 3.55600000000000 ) );
#7324 = CARTESIAN_POINT( '', ( -3.25261187112269, 2.90496113163429, 3.55600000000000 ) );
#7325 = CARTESIAN_POINT( '', ( -3.60834122725220, 2.90496113163429, 3.55600000000000 ) );
#7326 = CARTESIAN_POINT( '', ( -3.60834122725220, 2.90496113163429, 3.55600000000000 ) );
#7327 = CARTESIAN_POINT( '', ( -3.71875592350538, 2.38568866892058, 3.55600000000000 ) );
#7328 = CARTESIAN_POINT( '', ( -3.25261187112269, 2.90496113163429, 3.55600000000000 ) );
#7329 = CARTESIAN_POINT( '', ( -3.60834122725220, 2.90496113163429, 3.55600000000000 ) );
#7330 = CARTESIAN_POINT( '', ( -3.66562751317435, 3.35632162635964, 3.55600000000000 ) );
#7331 = CARTESIAN_POINT( '', ( -3.51271008865635, 3.35632162635964, 3.55600000000000 ) );
#7332 = CARTESIAN_POINT( '', ( -3.66562751317435, 3.35632162635964, 3.55600000000000 ) );
#7333 = CARTESIAN_POINT( '', ( -3.51271008865635, 3.35632162635964, 3.55600000000000 ) );
#7334 = CARTESIAN_POINT( '', ( -3.73307749498591, 3.03986109525743, 3.55600000000000 ) );
#7335 = CARTESIAN_POINT( '', ( -3.73307749498591, 3.03986109525743, 3.55600000000000 ) );
#7336 = CARTESIAN_POINT( '', ( -3.66562751317435, 3.35632162635964, 3.55600000000000 ) );
#7337 = CARTESIAN_POINT( '', ( -3.91186614540425, 3.03986109525743, 3.55600000000000 ) );
#7338 = CARTESIAN_POINT( '', ( -3.91186614540425, 3.03986109525743, 3.55600000000000 ) );
#7339 = CARTESIAN_POINT( '', ( -3.73307749498591, 3.03986109525743, 3.55600000000000 ) );
#7340 = CARTESIAN_POINT( '', ( -3.93958531601175, 2.90496113163429, 3.55600000000000 ) );
#7341 = CARTESIAN_POINT( '', ( -3.93958531601175, 2.90496113163429, 3.55600000000000 ) );
#7342 = CARTESIAN_POINT( '', ( -3.91186614540425, 3.03986109525743, 3.55600000000000 ) );
#7343 = CARTESIAN_POINT( '', ( -3.76172063794700, 2.90496113163429, 3.55600000000000 ) );
#7344 = CARTESIAN_POINT( '', ( -3.76172063794700, 2.90496113163429, 3.55600000000000 ) );
#7345 = CARTESIAN_POINT( '', ( -3.93958531601175, 2.90496113163429, 3.55600000000000 ) );
#7346 = CARTESIAN_POINT( '', ( -3.92942162012233, 2.11450278314393, 3.55600000000000 ) );
#7347 = CARTESIAN_POINT( '', ( -3.92942162012233, 2.11450278314393, 3.55600000000000 ) );
#7348 = CARTESIAN_POINT( '', ( -3.76172063794700, 2.90496113163429, 3.55600000000000 ) );
#7349 = CARTESIAN_POINT( '', ( -3.80422336621182, 2.11450278314393, 3.55600000000000 ) );
#7350 = CARTESIAN_POINT( '', ( -3.92942162012233, 2.11450278314393, 3.55600000000000 ) );
#7351 = CARTESIAN_POINT( '', ( -3.07243726217399, 3.03986109525743, 3.55600000000000 ) );
#7352 = CARTESIAN_POINT( '', ( -3.07243726217399, 3.03986109525743, 3.55600000000000 ) );
#7353 = CARTESIAN_POINT( '', ( -3.10523828072618, 2.88879161544659, 3.55600000000000 ) );
#7354 = CARTESIAN_POINT( '', ( -3.57969808429112, 3.03986109525743, 3.55600000000000 ) );
#7355 = CARTESIAN_POINT( '', ( -3.57969808429112, 3.03986109525743, 3.55600000000000 ) );
#7356 = CARTESIAN_POINT( '', ( -3.07243726217399, 3.03986109525743, 3.55600000000000 ) );
#7357 = CARTESIAN_POINT( '', ( -3.51271008865635, 3.35632162635964, 3.55600000000000 ) );
#7358 = CARTESIAN_POINT( '', ( -3.57969808429112, 3.03986109525743, 3.55600000000000 ) );
#7359 = COLOUR_RGB( '', 0.870588243007660, 0.631372570991516, 0.172549024224281 );
#7360 = CARTESIAN_POINT( '', ( -2.07645000000000, 3.41728531584248, -0.856464708432565 ) );
#7361 = CARTESIAN_POINT( '', ( 4.60375000000000, 3.41728531584248, -0.856464708432565 ) );
#7362 = VECTOR( '', #9641, 1000.00000000000 );
#7363 = CARTESIAN_POINT( '', ( -2.07645000000000, 3.64246163729411, -1.04140000000000 ) );
#7364 = AXIS2_PLACEMENT_3D( '', #9642, #9643, #9644 );
#7365 = CARTESIAN_POINT( '', ( 4.60375000000000, 3.64246163729411, -1.04140000000000 ) );
#7366 = VECTOR( '', #9645, 1000.00000000000 );
#7367 = COLOUR_RGB( '', 0.858823537826538, 0.858823537826538, 0.858823537826538 );
#7368 = CARTESIAN_POINT( '', ( -3.60834122725220, 2.90496113163429, 3.50520000000000 ) );
#7369 = CARTESIAN_POINT( '', ( -3.71875592350538, 2.38568866892058, 3.50520000000000 ) );
#7370 = CARTESIAN_POINT( '', ( -3.60834122725220, 2.90496113163429, 3.50520000000000 ) );
#7371 = CARTESIAN_POINT( '', ( -3.71875592350538, 2.38568866892058, 3.50520000000000 ) );
#7372 = CARTESIAN_POINT( '', ( -3.60834122725220, 2.90496113163429, 3.55600000000000 ) );
#7373 = VECTOR( '', #9646, 1000.00000000000 );
#7374 = CARTESIAN_POINT( '', ( -3.71875592350538, 2.38568866892058, 3.55600000000000 ) );
#7375 = VECTOR( '', #9647, 1000.00000000000 );
#7376 = COLOUR_RGB( '', 0.858823537826538, 0.858823537826538, 0.858823537826538 );
#7377 = CARTESIAN_POINT( '', ( -4.60884604324287, -2.99334527394815, 3.55600000000000 ) );
#7378 = CARTESIAN_POINT( '', ( -4.15135586116504, -2.48371299976036, 3.55600000000000 ) );
#7379 = CARTESIAN_POINT( '', ( -4.60884604324287, -2.99334527394815, 3.55600000000000 ) );
#7380 = CARTESIAN_POINT( '', ( -4.15135586116504, -2.48371299976036, 3.55600000000000 ) );
#7381 = CARTESIAN_POINT( '', ( -4.50048117355348, -2.48371299976036, 3.55600000000000 ) );
#7382 = CARTESIAN_POINT( '', ( -4.50048117355348, -2.48371299976036, 3.55600000000000 ) );
#7383 = CARTESIAN_POINT( '', ( -4.60884604324287, -2.99334527394815, 3.55600000000000 ) );
#7384 = CARTESIAN_POINT( '', ( -4.15135586116504, -2.48371299976036, 3.55600000000000 ) );
#7385 = CARTESIAN_POINT( '', ( -4.50048117355348, -2.48371299976036, 3.55600000000000 ) );
#7386 = CARTESIAN_POINT( '', ( -4.55670395113291, -2.04073192157399, 3.55600000000000 ) );
#7387 = CARTESIAN_POINT( '', ( -4.55670395113291, -2.04073192157399, 3.55600000000000 ) );
#7388 = CARTESIAN_POINT( '', ( -4.40662540775555, -2.04073192157399, 3.55600000000000 ) );
#7389 = CARTESIAN_POINT( '', ( -4.62290173763773, -2.35131742675072, 3.55600000000000 ) );
#7390 = CARTESIAN_POINT( '', ( -4.62290173763773, -2.35131742675072, 3.55600000000000 ) );
#7391 = CARTESIAN_POINT( '', ( -4.55670395113291, -2.04073192157399, 3.55600000000000 ) );
#7392 = CARTESIAN_POINT( '', ( -4.79837121282517, -2.35131742675072, 3.55600000000000 ) );
#7393 = CARTESIAN_POINT( '', ( -4.79837121282517, -2.35131742675072, 3.55600000000000 ) );
#7394 = CARTESIAN_POINT( '', ( -4.62290173763773, -2.35131742675072, 3.55600000000000 ) );
#7395 = CARTESIAN_POINT( '', ( -4.82557578262167, -2.48371299976036, 3.55600000000000 ) );
#7396 = CARTESIAN_POINT( '', ( -4.82557578262167, -2.48371299976036, 3.55600000000000 ) );
#7397 = CARTESIAN_POINT( '', ( -4.79837121282517, -2.35131742675072, 3.55600000000000 ) );
#7398 = CARTESIAN_POINT( '', ( -4.65101312642745, -2.48371299976036, 3.55600000000000 ) );
#7399 = CARTESIAN_POINT( '', ( -4.65101312642745, -2.48371299976036, 3.55600000000000 ) );
#7400 = CARTESIAN_POINT( '', ( -4.82557578262167, -2.48371299976036, 3.55600000000000 ) );
#7401 = CARTESIAN_POINT( '', ( -4.81560077369628, -3.25949664845725, 3.55600000000000 ) );
#7402 = CARTESIAN_POINT( '', ( -4.81560077369628, -3.25949664845725, 3.55600000000000 ) );
#7403 = CARTESIAN_POINT( '', ( -4.65101312642745, -2.48371299976036, 3.55600000000000 ) );
#7404 = CARTESIAN_POINT( '', ( -4.69272680011542, -3.25949664845725, 3.55600000000000 ) );
#7405 = CARTESIAN_POINT( '', ( -4.69272680011542, -3.25949664845725, 3.55600000000000 ) );
#7406 = CARTESIAN_POINT( '', ( -4.81560077369628, -3.25949664845725, 3.55600000000000 ) );
#7407 = CARTESIAN_POINT( '', ( -4.00671823174697, -2.49958233214165, 3.55600000000000 ) );
#7408 = CARTESIAN_POINT( '', ( -4.00671823174697, -2.49958233214165, 3.55600000000000 ) );
#7409 = CARTESIAN_POINT( '', ( -4.69272680011542, -3.25949664845725, 3.55600000000000 ) );
#7410 = CARTESIAN_POINT( '', ( -3.97452615748779, -2.35131742675072, 3.55600000000000 ) );
#7411 = CARTESIAN_POINT( '', ( -3.97452615748779, -2.35131742675072, 3.55600000000000 ) );
#7412 = CARTESIAN_POINT( '', ( -4.00671823174697, -2.49958233214165, 3.55600000000000 ) );
#7413 = CARTESIAN_POINT( '', ( -4.47236978476376, -2.35131742675072, 3.55600000000000 ) );
#7414 = CARTESIAN_POINT( '', ( -3.97452615748779, -2.35131742675072, 3.55600000000000 ) );
#7415 = COLOUR_RGB( '', 0.643137276172638, 0.678431391716003, 0.698039233684540 );
#7416 = CARTESIAN_POINT( '', ( -0.476250000000000, -0.812800000000000, 3.50520000000000 ) );
#7417 = CARTESIAN_POINT( '', ( -0.476250000000000, 0.176700493150686, 3.50520000000000 ) );
#7418 = CARTESIAN_POINT( '', ( -0.476250000000000, 0.176700493150686, 3.50520000000000 ) );
#7419 = VECTOR( '', #9648, 1000.00000000000 );
#7420 = CARTESIAN_POINT( '', ( -0.476250000000000, 0.176700493150686, 2.23520000000000 ) );
#7421 = CARTESIAN_POINT( '', ( -0.476250000000000, 0.176700493150686, 2.23520000000000 ) );
#7422 = VECTOR( '', #9649, 1000.00000000000 );
#7423 = CARTESIAN_POINT( '', ( -0.476250000000000, -0.812800000000000, 2.23520000000000 ) );
#7424 = CARTESIAN_POINT( '', ( -0.476250000000000, 0.176700493150686, 2.23520000000000 ) );
#7425 = VECTOR( '', #9650, 1000.00000000000 );
#7426 = CARTESIAN_POINT( '', ( -0.476250000000000, -0.812800000000000, 2.23520000000000 ) );
#7427 = VECTOR( '', #9651, 1000.00000000000 );
#7428 = COLOUR_RGB( '', 0.643137276172638, 0.678431391716003, 0.698039233684540 );
#7429 = CARTESIAN_POINT( '', ( -3.01625000000000, -0.812800000000000, 4.29260000000000 ) );
#7430 = CARTESIAN_POINT( '', ( -3.01625000000000, -0.812800000000000, 4.29260000000000 ) );
#7431 = VECTOR( '', #9652, 1000.00000000000 );
#7432 = CARTESIAN_POINT( '', ( -3.01625000000000, -1.60020000000000, 4.29260000000000 ) );
#7433 = CARTESIAN_POINT( '', ( -3.01625000000000, 14.2314795564198, 4.29260000000000 ) );
#7434 = VECTOR( '', #9653, 1000.00000000000 );
#7435 = CARTESIAN_POINT( '', ( -3.01625000000000, -1.60020000000000, 3.50520000000000 ) );
#7436 = CARTESIAN_POINT( '', ( -3.01625000000000, -1.60020000000000, 3.50520000000000 ) );
#7437 = VECTOR( '', #9654, 1000.00000000000 );
#7438 = CARTESIAN_POINT( '', ( -3.01625000000000, 14.2314795564198, 3.50520000000000 ) );
#7439 = VECTOR( '', #9655, 1000.00000000000 );
#7440 = COLOUR_RGB( '', 0.858823537826538, 0.858823537826538, 0.858823537826538 );
#7441 = CARTESIAN_POINT( '', ( 0.647983660434386, -2.45016069701134, 3.50520000000000 ) );
#7442 = CARTESIAN_POINT( '', ( 0.647983660434386, -2.45016069701134, 3.50520000000000 ) );
#7443 = CARTESIAN_POINT( '', ( 0.648588206429864, -2.43595386611762, 3.50520000000000 ) );
#7444 = CARTESIAN_POINT( '', ( 0.649192752425342, -2.42174703522389, 3.50520000000000 ) );
#7445 = CARTESIAN_POINT( '', ( 0.649797298420819, -2.40754020433016, 3.50520000000000 ) );
#7446 = CARTESIAN_POINT( '', ( 0.651819508873382, -2.36001825869490, 3.50520000000000 ) );
#7447 = CARTESIAN_POINT( '', ( 0.638915470502218, -2.31685830500849, 3.50520000000000 ) );
#7448 = CARTESIAN_POINT( '', ( 0.617151814665017, -2.27741167880356, 3.50520000000000 ) );
#7449 = CARTESIAN_POINT( '', ( 0.595493968154280, -2.23815683200285, 3.50520000000000 ) );
#7450 = CARTESIAN_POINT( '', ( 0.560022218092365, -2.20804002582248, 3.50520000000000 ) );
#7451 = CARTESIAN_POINT( '', ( 0.510147173465447, -2.18627636998528, 3.50520000000000 ) );
#7452 = CARTESIAN_POINT( '', ( 0.460438332819511, -2.16458523952159, 3.50520000000000 ) );
#7453 = CARTESIAN_POINT( '', ( 0.400875484782831, -2.15408429572608, 3.50520000000000 ) );
#7454 = CARTESIAN_POINT( '', ( 0.332410650794971, -2.15453770522270, 3.50520000000000 ) );
#7455 = CARTESIAN_POINT( '', ( 0.234481497189407, -2.15518624266379, 3.50520000000000 ) );
#7456 = CARTESIAN_POINT( '', ( 0.160115042083797, -2.17584795156329, 3.50520000000000 ) );
#7457 = CARTESIAN_POINT( '', ( 0.108879768967053, -2.21846844424447, 3.50520000000000 ) );
#7458 = CARTESIAN_POINT( '', ( 0.0574215791332077, -2.26127437207086, 3.50520000000000 ) );
#7459 = CARTESIAN_POINT( '', ( 0.0322535640402402, -2.31051057205597, 3.50520000000000 ) );
#7460 = CARTESIAN_POINT( '', ( 0.0322535640402402, -2.40436633785390, 3.50520000000000 ) );
#7461 = CARTESIAN_POINT( '', ( 0.0458558489384907, -2.43927886909274, 3.50520000000000 ) );
#7462 = CARTESIAN_POINT( '', ( 0.0730604187349918, -2.47101753385532, 3.50520000000000 ) );
#7463 = CARTESIAN_POINT( '', ( 0.100232983155262, -2.50271885901231, 3.50520000000000 ) );
#7464 = CARTESIAN_POINT( '', ( 0.175984374465089, -2.54446987230588, 3.50520000000000 ) );
#7465 = CARTESIAN_POINT( '', ( 0.299765167039169, -2.59797219290567, 3.50520000000000 ) );
#7466 = CARTESIAN_POINT( '', ( 0.395401303126189, -2.63930942388834, 3.50520000000000 ) );
#7467 = CARTESIAN_POINT( '', ( 0.460725538335135, -2.67097112185961, 3.50520000000000 ) );
#7468 = CARTESIAN_POINT( '', ( 0.495638069573979, -2.69364159669002, 3.50520000000000 ) );
#7469 = CARTESIAN_POINT( '', ( 0.550589374823206, -2.72932426243628, 3.50520000000000 ) );
#7470 = CARTESIAN_POINT( '', ( 0.590854063861733, -2.76890757312702, 3.50520000000000 ) );
#7471 = CARTESIAN_POINT( '', ( 0.617151814665017, -2.81107465631159, 3.50520000000000 ) );
#7472 = CARTESIAN_POINT( '', ( 0.643526184237810, -2.85336459373003, 3.50520000000000 ) );
#7473 = CARTESIAN_POINT( '', ( 0.656145031373336, -2.90220996512987, 3.50520000000000 ) );
#7474 = CARTESIAN_POINT( '', ( 0.656145031373336, -3.01918961525482, 3.50520000000000 ) );
#7475 = CARTESIAN_POINT( '', ( 0.638915470502218, -3.07586580233087, 3.50520000000000 ) );
#7476 = CARTESIAN_POINT( '', ( 0.569997227017748, -3.17652271057792, 3.50520000000000 ) );
#7477 = CARTESIAN_POINT( '', ( 0.519668772894221, -3.21506251778963, 3.50520000000000 ) );
#7478 = CARTESIAN_POINT( '', ( 0.453470986389403, -3.24181367808953, 3.50520000000000 ) );
#7479 = CARTESIAN_POINT( '', ( 0.387662959808351, -3.26840733266680, 3.50520000000000 ) );
#7480 = CARTESIAN_POINT( '', ( 0.312914042440812, -3.28216712328767, 3.50520000000000 ) );
#7481 = CARTESIAN_POINT( '', ( 0.130643424804253, -3.28216712328767, 3.50520000000000 ) );
#7482 = CARTESIAN_POINT( '', ( 0.0467626679317079, -3.26539097191316, 3.50520000000000 ) );
#7483 = CARTESIAN_POINT( '', ( -0.0892601810507992, -3.19828636641512, 3.50520000000000 ) );
#7484 = CARTESIAN_POINT( '', ( -0.138681816181110, -3.15385223574750, 3.50520000000000 ) );
#7485 = CARTESIAN_POINT( '', ( -0.169513661950477, -3.09853627716129, 3.50520000000000 ) );
#7486 = CARTESIAN_POINT( '', ( -0.200538325291297, -3.04287438116747, 3.50520000000000 ) );
#7487 = CARTESIAN_POINT( '', ( -0.215761430604529, -2.98971799797528, 3.50520000000000 ) );
#7488 = CARTESIAN_POINT( '', ( -0.215761430604529, -2.93394862989246, 3.50520000000000 ) );
#7489 = CARTESIAN_POINT( '', ( -0.215308021107921, -2.92533384945690, 3.50520000000000 ) );
#7490 = CARTESIAN_POINT( '', ( -0.213947792618096, -2.91399861204168, 3.50520000000000 ) );
#7491 = CARTESIAN_POINT( '', ( 0.647983660434386, -2.45016069701134, 3.55600000000000 ) );
#7492 = CARTESIAN_POINT( '', ( 0.647983660434386, -2.45016069701134, 3.55600000000000 ) );
#7493 = VECTOR( '', #9656, 1000.00000000000 );
#7494 = CARTESIAN_POINT( '', ( 0.647983660434386, -2.45016069701134, 3.55600000000000 ) );
#7495 = CARTESIAN_POINT( '', ( 0.648588206429864, -2.43595386611762, 3.55600000000000 ) );
#7496 = CARTESIAN_POINT( '', ( 0.649192752425342, -2.42174703522389, 3.55600000000000 ) );
#7497 = CARTESIAN_POINT( '', ( 0.649797298420819, -2.40754020433016, 3.55600000000000 ) );
#7498 = CARTESIAN_POINT( '', ( 0.651819508873382, -2.36001825869490, 3.55600000000000 ) );
#7499 = CARTESIAN_POINT( '', ( 0.638915470502218, -2.31685830500849, 3.55600000000000 ) );
#7500 = CARTESIAN_POINT( '', ( 0.617151814665017, -2.27741167880356, 3.55600000000000 ) );
#7501 = CARTESIAN_POINT( '', ( 0.595493968154280, -2.23815683200285, 3.55600000000000 ) );
#7502 = CARTESIAN_POINT( '', ( 0.560022218092365, -2.20804002582248, 3.55600000000000 ) );
#7503 = CARTESIAN_POINT( '', ( 0.510147173465447, -2.18627636998528, 3.55600000000000 ) );
#7504 = CARTESIAN_POINT( '', ( 0.460438332819511, -2.16458523952159, 3.55600000000000 ) );
#7505 = CARTESIAN_POINT( '', ( 0.400875484782831, -2.15408429572608, 3.55600000000000 ) );
#7506 = CARTESIAN_POINT( '', ( 0.332410650794971, -2.15453770522270, 3.55600000000000 ) );
#7507 = CARTESIAN_POINT( '', ( 0.234481497189407, -2.15518624266379, 3.55600000000000 ) );
#7508 = CARTESIAN_POINT( '', ( 0.160115042083797, -2.17584795156329, 3.55600000000000 ) );
#7509 = CARTESIAN_POINT( '', ( 0.108879768967053, -2.21846844424447, 3.55600000000000 ) );
#7510 = CARTESIAN_POINT( '', ( 0.0574215791332077, -2.26127437207086, 3.55600000000000 ) );
#7511 = CARTESIAN_POINT( '', ( 0.0322535640402402, -2.31051057205597, 3.55600000000000 ) );
#7512 = CARTESIAN_POINT( '', ( 0.0322535640402402, -2.40436633785390, 3.55600000000000 ) );
#7513 = CARTESIAN_POINT( '', ( 0.0458558489384907, -2.43927886909274, 3.55600000000000 ) );
#7514 = CARTESIAN_POINT( '', ( 0.0730604187349918, -2.47101753385532, 3.55600000000000 ) );
#7515 = CARTESIAN_POINT( '', ( 0.100232983155262, -2.50271885901231, 3.55600000000000 ) );
#7516 = CARTESIAN_POINT( '', ( 0.175984374465089, -2.54446987230588, 3.55600000000000 ) );
#7517 = CARTESIAN_POINT( '', ( 0.299765167039169, -2.59797219290567, 3.55600000000000 ) );
#7518 = CARTESIAN_POINT( '', ( 0.395401303126189, -2.63930942388834, 3.55600000000000 ) );
#7519 = CARTESIAN_POINT( '', ( 0.460725538335135, -2.67097112185961, 3.55600000000000 ) );
#7520 = CARTESIAN_POINT( '', ( 0.495638069573979, -2.69364159669002, 3.55600000000000 ) );
#7521 = CARTESIAN_POINT( '', ( 0.550589374823206, -2.72932426243628, 3.55600000000000 ) );
#7522 = CARTESIAN_POINT( '', ( 0.590854063861733, -2.76890757312702, 3.55600000000000 ) );
#7523 = CARTESIAN_POINT( '', ( 0.617151814665017, -2.81107465631159, 3.55600000000000 ) );
#7524 = CARTESIAN_POINT( '', ( 0.643526184237810, -2.85336459373003, 3.55600000000000 ) );
#7525 = CARTESIAN_POINT( '', ( 0.656145031373336, -2.90220996512987, 3.55600000000000 ) );
#7526 = CARTESIAN_POINT( '', ( 0.656145031373336, -3.01918961525482, 3.55600000000000 ) );
#7527 = CARTESIAN_POINT( '', ( 0.638915470502218, -3.07586580233087, 3.55600000000000 ) );
#7528 = CARTESIAN_POINT( '', ( 0.569997227017748, -3.17652271057792, 3.55600000000000 ) );
#7529 = CARTESIAN_POINT( '', ( 0.519668772894221, -3.21506251778963, 3.55600000000000 ) );
#7530 = CARTESIAN_POINT( '', ( 0.453470986389403, -3.24181367808953, 3.55600000000000 ) );
#7531 = CARTESIAN_POINT( '', ( 0.387662959808351, -3.26840733266680, 3.55600000000000 ) );
#7532 = CARTESIAN_POINT( '', ( 0.312914042440812, -3.28216712328767, 3.55600000000000 ) );
#7533 = CARTESIAN_POINT( '', ( 0.130643424804253, -3.28216712328767, 3.55600000000000 ) );
#7534 = CARTESIAN_POINT( '', ( 0.0467626679317079, -3.26539097191316, 3.55600000000000 ) );
#7535 = CARTESIAN_POINT( '', ( -0.0892601810507992, -3.19828636641512, 3.55600000000000 ) );
#7536 = CARTESIAN_POINT( '', ( -0.138681816181110, -3.15385223574750, 3.55600000000000 ) );
#7537 = CARTESIAN_POINT( '', ( -0.169513661950477, -3.09853627716129, 3.55600000000000 ) );
#7538 = CARTESIAN_POINT( '', ( -0.200538325291297, -3.04287438116747, 3.55600000000000 ) );
#7539 = CARTESIAN_POINT( '', ( -0.215761430604529, -2.98971799797528, 3.55600000000000 ) );
#7540 = CARTESIAN_POINT( '', ( -0.215761430604529, -2.93394862989246, 3.55600000000000 ) );
#7541 = CARTESIAN_POINT( '', ( -0.215308021107921, -2.92533384945690, 3.55600000000000 ) );
#7542 = CARTESIAN_POINT( '', ( -0.213947792618096, -2.91399861204168, 3.55600000000000 ) );
#7543 = COLOUR_RGB( '', 0.870588243007660, 0.631372570991516, 0.172549024224281 );
#7544 = CARTESIAN_POINT( '', ( 3.00355000000000, -4.19975252689862, -1.04402708173490 ) );
#7545 = CARTESIAN_POINT( '', ( 3.00355000000000, -4.19975252689862, -0.790027081734903 ) );
#7546 = CARTESIAN_POINT( '', ( 3.00355000000000, -4.19975252689862, -1.04402708173490 ) );
#7547 = VECTOR( '', #9657, 1000.00000000000 );
#7548 = CARTESIAN_POINT( '', ( 4.60375000000000, -4.19975252689862, -1.04402708173490 ) );
#7549 = CARTESIAN_POINT( '', ( 4.60375000000000, -4.19975252689862, -1.04402708173490 ) );
#7550 = VECTOR( '', #9658, 1000.00000000000 );
#7551 = CARTESIAN_POINT( '', ( 4.60375000000000, -4.19975252689862, -0.790027081734903 ) );
#7552 = CARTESIAN_POINT( '', ( 4.60375000000000, -4.19975252689862, -1.04402708173490 ) );
#7553 = VECTOR( '', #9659, 1000.00000000000 );
#7554 = CARTESIAN_POINT( '', ( 4.60375000000000, -4.19975252689862, -0.790027081734903 ) );
#7555 = VECTOR( '', #9660, 1000.00000000000 );
#7556 = COLOUR_RGB( '', 0.858823537826538, 0.858823537826538, 0.858823537826538 );
#7557 = CARTESIAN_POINT( '', ( 1.84090404601096, -2.76346665916772, 3.50520000000000 ) );
#7558 = CARTESIAN_POINT( '', ( 1.84090404601096, -2.76346665916772, 3.50520000000000 ) );
#7559 = CARTESIAN_POINT( '', ( 1.42603435661432, -2.04073192157399, 3.50520000000000 ) );
#7560 = CARTESIAN_POINT( '', ( 1.84090404601096, -2.76346665916772, 3.55600000000000 ) );
#7561 = CARTESIAN_POINT( '', ( 1.84090404601096, -2.76346665916772, 3.55600000000000 ) );
#7562 = VECTOR( '', #9661, 1000.00000000000 );
#7563 = CARTESIAN_POINT( '', ( 1.84090404601096, -2.76346665916772, 3.55600000000000 ) );
#7564 = CARTESIAN_POINT( '', ( 1.42603435661432, -2.04073192157399, 3.55600000000000 ) );
#7565 = COLOUR_RGB( '', 0.858823537826538, 0.858823537826538, 0.858823537826538 );
#7566 = CARTESIAN_POINT( '', ( -3.97452615748779, -2.35131742675072, 3.50520000000000 ) );
#7567 = CARTESIAN_POINT( '', ( -4.47236978476376, -2.35131742675072, 3.50520000000000 ) );
#7568 = CARTESIAN_POINT( '', ( -3.97452615748779, -2.35131742675072, 3.50520000000000 ) );
#7569 = CARTESIAN_POINT( '', ( -3.97452615748779, -2.35131742675072, 3.55600000000000 ) );
#7570 = VECTOR( '', #9662, 1000.00000000000 );
#7571 = COLOUR_RGB( '', 0.643137276172638, 0.678431391716003, 0.698039233684540 );
#7572 = CARTESIAN_POINT( '', ( 0.459365690290414, -1.60020000000000, 4.29260000000000 ) );
#7573 = CARTESIAN_POINT( '', ( 0.459365690290414, -0.812800000000000, 4.29260000000000 ) );
#7574 = CARTESIAN_POINT( '', ( 0.459365690290414, -1.60020000000000, 4.29260000000000 ) );
#7575 = VECTOR( '', #9663, 1000.00000000000 );
#7576 = CARTESIAN_POINT( '', ( 0.459365690290414, -0.812800000000000, 3.50520000000000 ) );
#7577 = CARTESIAN_POINT( '', ( 0.459365690290414, -0.812800000000000, 4.29260000000000 ) );
#7578 = VECTOR( '', #9664, 1000.00000000000 );
#7579 = CARTESIAN_POINT( '', ( 0.459365690290414, -1.60020000000000, 3.50520000000000 ) );
#7580 = CARTESIAN_POINT( '', ( 0.459365690290414, 14.2486756550320, 3.50520000000000 ) );
#7581 = VECTOR( '', #9665, 1000.00000000000 );
#7582 = CARTESIAN_POINT( '', ( 0.459365690290414, -1.60020000000000, 3.50520000000000 ) );
#7583 = VECTOR( '', #9666, 1000.00000000000 );
#7584 = COLOUR_RGB( '', 0.858823537826538, 0.858823537826538, 0.858823537826538 );
#7585 = CARTESIAN_POINT( '', ( -3.66562751317435, 3.35632162635964, 3.50520000000000 ) );
#7586 = CARTESIAN_POINT( '', ( -3.51271008865635, 3.35632162635964, 3.50520000000000 ) );
#7587 = CARTESIAN_POINT( '', ( -3.66562751317435, 3.35632162635964, 3.50520000000000 ) );
#7588 = CARTESIAN_POINT( '', ( -3.51271008865635, 3.35632162635964, 3.50520000000000 ) );
#7589 = CARTESIAN_POINT( '', ( -3.66562751317435, 3.35632162635964, 3.55600000000000 ) );
#7590 = VECTOR( '', #9667, 1000.00000000000 );
#7591 = CARTESIAN_POINT( '', ( -3.51271008865635, 3.35632162635964, 3.55600000000000 ) );
#7592 = VECTOR( '', #9668, 1000.00000000000 );
#7593 = COLOUR_RGB( '', 0.643137276172638, 0.678431391716003, 0.698039233684540 );
#7594 = CARTESIAN_POINT( '', ( 4.60375000000000, -0.812800000000000, 3.50520000000000 ) );
#7595 = CARTESIAN_POINT( '', ( 4.60375000000000, -1.60020000000000, 3.50520000000000 ) );
#7596 = CARTESIAN_POINT( '', ( 4.60375000000000, -0.812800000000000, 3.50520000000000 ) );
#7597 = VECTOR( '', #9669, 1000.00000000000 );
#7598 = CARTESIAN_POINT( '', ( 4.60375000000000, -0.812800000000000, 4.29260000000000 ) );
#7599 = CARTESIAN_POINT( '', ( 4.60375000000000, -0.812800000000000, 4.29260000000000 ) );
#7600 = VECTOR( '', #9670, 1000.00000000000 );
#7601 = CARTESIAN_POINT( '', ( 4.60375000000000, -1.60020000000000, 4.29260000000000 ) );
#7602 = CARTESIAN_POINT( '', ( 4.60375000000000, -1.60020000000000, 4.29260000000000 ) );
#7603 = VECTOR( '', #9671, 1000.00000000000 );
#7604 = CARTESIAN_POINT( '', ( 4.60375000000000, -1.60020000000000, 3.50520000000000 ) );
#7605 = VECTOR( '', #9672, 1000.00000000000 );
#7606 = COLOUR_RGB( '', 0.858823537826538, 0.858823537826538, 0.858823537826538 );
#7607 = CARTESIAN_POINT( '', ( -4.50048117355348, -2.48371299976036, 3.50520000000000 ) );
#7608 = CARTESIAN_POINT( '', ( -4.60884604324287, -2.99334527394815, 3.50520000000000 ) );
#7609 = CARTESIAN_POINT( '', ( -4.50048117355348, -2.48371299976036, 3.50520000000000 ) );
#7610 = CARTESIAN_POINT( '', ( -4.60884604324287, -2.99334527394815, 3.50520000000000 ) );
#7611 = CARTESIAN_POINT( '', ( -4.50048117355348, -2.48371299976036, 3.55600000000000 ) );
#7612 = VECTOR( '', #9673, 1000.00000000000 );
#7613 = CARTESIAN_POINT( '', ( -4.60884604324287, -2.99334527394815, 3.55600000000000 ) );
#7614 = VECTOR( '', #9674, 1000.00000000000 );
#7615 = COLOUR_RGB( '', 0.858823537826538, 0.858823537826538, 0.858823537826538 );
#7616 = CARTESIAN_POINT( '', ( 0.808037212737135, -2.43610500261648, 3.55600000000000 ) );
#7617 = CARTESIAN_POINT( '', ( -0.0575215162882141, -2.90130314613665, 3.55600000000000 ) );
#7618 = CARTESIAN_POINT( '', ( -0.0575215162882141, -2.93576226787889, 3.55600000000000 ) );
#7619 = CARTESIAN_POINT( '', ( -0.0543476498119566, -2.96296683767539, 3.55600000000000 ) );
#7620 = CARTESIAN_POINT( '', ( -0.0479999168594382, -2.98291685552616, 3.55600000000000 ) );
#7621 = CARTESIAN_POINT( '', ( -0.0371742334563628, -3.01694043193582, 3.55600000000000 ) );
#7622 = CARTESIAN_POINT( '', ( -0.0198885280697217, -3.04594077555472, 3.55600000000000 ) );
#7623 = CARTESIAN_POINT( '', ( 0.0263592405843312, -3.09309536320199, 3.55600000000000 ) );
#7624 = CARTESIAN_POINT( '', ( 0.0585513148435241, -3.11168515256293, 3.55600000000000 ) );
#7625 = CARTESIAN_POINT( '', ( 0.0993581695382774, -3.12619425645440, 3.55600000000000 ) );
#7626 = CARTESIAN_POINT( '', ( 0.140021905058298, -3.14065247352818, 3.55600000000000 ) );
#7627 = CARTESIAN_POINT( '', ( 0.185505973893865, -3.14750450279499, 3.55600000000000 ) );
#7628 = CARTESIAN_POINT( '', ( 0.324702689352628, -3.14750450279499, 3.55600000000000 ) );
#7629 = CARTESIAN_POINT( '', ( 0.393620932837097, -3.12755448494422, 3.55600000000000 ) );
#7630 = CARTESIAN_POINT( '', ( 0.442589158470800, -3.08765444924269, 3.55600000000000 ) );
#7631 = CARTESIAN_POINT( '', ( 0.480304380893130, -3.05692352726894, 3.55600000000000 ) );
#7632 = CARTESIAN_POINT( '', ( 0.499265345546844, -3.01601574877857, 3.55600000000000 ) );
#7633 = CARTESIAN_POINT( '', ( 0.499265345546844, -2.93530885838228, 3.55600000000000 ) );
#7634 = CARTESIAN_POINT( '', ( 0.491557384104503, -2.90855769808238, 3.55600000000000 ) );
#7635 = CARTESIAN_POINT( '', ( 0.476141461219820, -2.88498040425875, 3.55600000000000 ) );
#7636 = CARTESIAN_POINT( '', ( 0.460382074768275, -2.86087781321522, 3.55600000000000 ) );
#7637 = CARTESIAN_POINT( '', ( 0.432614149545417, -2.83782581661149, 3.55600000000000 ) );
#7638 = CARTESIAN_POINT( '', ( 0.392260704347275, -2.81515534178107, 3.55600000000000 ) );
#7639 = CARTESIAN_POINT( '', ( 0.363233794721970, -2.79884808918258, 3.55600000000000 ) );
#7640 = CARTESIAN_POINT( '', ( 0.294777662576477, -2.76709393514058, 3.55600000000000 ) );
#7641 = CARTESIAN_POINT( '', ( 0.186866202383688, -2.71903252850010, 3.55600000000000 ) );
#7642 = CARTESIAN_POINT( '', ( 0.0993510891896263, -2.68005520917837, 3.55600000000000 ) );
#7643 = CARTESIAN_POINT( '', ( 0.0386012969927568, -2.64966087551902, 3.55600000000000 ) );
#7644 = CARTESIAN_POINT( '', ( 0.00550240374034856, -2.62744381018521, 3.55600000000000 ) );
#7645 = CARTESIAN_POINT( '', ( -0.0387679012191170, -2.59772812603433, 3.55600000000000 ) );
#7646 = CARTESIAN_POINT( '', ( -0.0729374391728972, -2.56260625217022, 3.55600000000000 ) );
#7647 = CARTESIAN_POINT( '', ( -0.0969681424931408, -2.52089257848225, 3.55600000000000 ) );
#7648 = CARTESIAN_POINT( '', ( -0.121081982283666, -2.47903459243077, 3.55600000000000 ) );
#7649 = CARTESIAN_POINT( '', ( -0.132334083228591, -2.43111749815379, 3.55600000000000 ) );
#7650 = CARTESIAN_POINT( '', ( -0.132334083228591, -2.31187080054580, 3.55600000000000 ) );
#7651 = CARTESIAN_POINT( '', ( -0.112384065377824, -2.25066051850366, 3.55600000000000 ) );
#7652 = CARTESIAN_POINT( '', ( -0.0720306201796818, -2.19534455991744, 3.55600000000000 ) );
#7653 = CARTESIAN_POINT( '', ( -0.0316187814848705, -2.13994855631332, 3.55600000000000 ) );
#7654 = CARTESIAN_POINT( '', ( 0.0236387836046815, -2.09604788016022, 3.55600000000000 ) );
#7655 = CARTESIAN_POINT( '', ( 0.0943706650755856, -2.06566944388746, 3.55600000000000 ) );
#7656 = CARTESIAN_POINT( '', ( 0.165485345280556, -2.03512660046609, 3.55600000000000 ) );
#7657 = CARTESIAN_POINT( '', ( 0.246716255935993, -2.01987508473001, 3.55600000000000 ) );
#7658 = CARTESIAN_POINT( '', ( 0.476141461219820, -2.01987508473001, 3.55600000000000 ) );
#7659 = CARTESIAN_POINT( '', ( 0.589040425875300, -2.05025352100277, 3.55600000000000 ) );
#7660 = CARTESIAN_POINT( '', ( 0.676095049224103, -2.11055698405168, 3.55600000000000 ) );
#7661 = CARTESIAN_POINT( '', ( 0.763243823632933, -2.17092566632447, 3.55600000000000 ) );
#7662 = CARTESIAN_POINT( '', ( 0.807583803240526, -2.27922531678999, 3.55600000000000 ) );
#7663 = CARTESIAN_POINT( '', ( 0.808037212737135, -2.43610500261648, 3.55600000000000 ) );
#7664 = CARTESIAN_POINT( '', ( 0.808037212737135, -2.43610500261648, 3.55600000000000 ) );
#7665 = CARTESIAN_POINT( '', ( 0.754686028636219, -2.44079023408143, 3.55600000000000 ) );
#7666 = CARTESIAN_POINT( '', ( 0.701334844535302, -2.44547546554639, 3.55600000000000 ) );
#7667 = CARTESIAN_POINT( '', ( 0.647983660434386, -2.45016069701134, 3.55600000000000 ) );
#7668 = COLOUR_RGB( '', 0.870588243007660, 0.631372570991516, 0.172549024224281 );
#7669 = CARTESIAN_POINT( '', ( -3.01625000000000, 3.24757504979128, 7.86046575051991E-015 ) );
#7670 = CARTESIAN_POINT( '', ( -3.01625000000000, -11.5433280311199, 7.37257477290143E-015 ) );
#7671 = VECTOR( '', #9675, 1000.00000000000 );
#7672 = CARTESIAN_POINT( '', ( -3.01625000000000, 3.41728531584248, -0.856464708432565 ) );
#7673 = CARTESIAN_POINT( '', ( -3.01625000000000, 3.41728531584248, -0.856464708432565 ) );
#7674 = VECTOR( '', #9676, 1000.00000000000 );
#7675 = AXIS2_PLACEMENT_3D( '', #9677, #9678, #9679 );
#7676 = CARTESIAN_POINT( '', ( -3.01625000000000, 3.75540389311319, -0.787400000000000 ) );
#7677 = CARTESIAN_POINT( '', ( -3.01625000000000, 3.75540389311319, -0.787400000000000 ) );
#7678 = VECTOR( '', #9680, 1000.00000000000 );
#7679 = AXIS2_PLACEMENT_3D( '', #9681, #9682, #9683 );
#7680 = COLOUR_RGB( '', 0.858823537826538, 0.858823537826538, 0.858823537826538 );
#7681 = CARTESIAN_POINT( '', ( -4.81560077369628, -3.25949664845725, 3.50520000000000 ) );
#7682 = CARTESIAN_POINT( '', ( -4.65101312642745, -2.48371299976036, 3.50520000000000 ) );
#7683 = CARTESIAN_POINT( '', ( -4.81560077369628, -3.25949664845725, 3.50520000000000 ) );
#7684 = CARTESIAN_POINT( '', ( -4.65101312642745, -2.48371299976036, 3.50520000000000 ) );
#7685 = CARTESIAN_POINT( '', ( -4.81560077369628, -3.25949664845725, 3.55600000000000 ) );
#7686 = VECTOR( '', #9684, 1000.00000000000 );
#7687 = CARTESIAN_POINT( '', ( -4.65101312642745, -2.48371299976036, 3.55600000000000 ) );
#7688 = VECTOR( '', #9685, 1000.00000000000 );
#7689 = COLOUR_RGB( '', 0.858823537826538, 0.858823537826538, 0.858823537826538 );
#7690 = CARTESIAN_POINT( '', ( 1.51277554248226, 3.21587782861501, 3.50520000000000 ) );
#7691 = CARTESIAN_POINT( '', ( 1.51277554248226, 3.21587782861501, 3.50520000000000 ) );
#7692 = CARTESIAN_POINT( '', ( 1.32736509019657, 3.21587782861501, 3.50520000000000 ) );
#7693 = CARTESIAN_POINT( '', ( 1.14195463791089, 3.21587782861501, 3.50520000000000 ) );
#7694 = CARTESIAN_POINT( '', ( 0.956544185625215, 3.21587782861501, 3.50520000000000 ) );
#7695 = CARTESIAN_POINT( '', ( 1.51277554248226, 3.21587782861501, 3.55600000000000 ) );
#7696 = CARTESIAN_POINT( '', ( 1.51277554248226, 3.21587782861501, 3.55600000000000 ) );
#7697 = VECTOR( '', #9686, 1000.00000000000 );
#7698 = CARTESIAN_POINT( '', ( 1.51277554248226, 3.21587782861501, 3.55600000000000 ) );
#7699 = CARTESIAN_POINT( '', ( 1.32736509019657, 3.21587782861501, 3.55600000000000 ) );
#7700 = CARTESIAN_POINT( '', ( 1.14195463791089, 3.21587782861501, 3.55600000000000 ) );
#7701 = CARTESIAN_POINT( '', ( 0.956544185625215, 3.21587782861501, 3.55600000000000 ) );
#7702 = COLOUR_RGB( '', 0.870588243007660, 0.631372570991516, 0.172549024224281 );
#7703 = CARTESIAN_POINT( '', ( -2.07645000000000, 3.24757504979128, 7.86046575051991E-015 ) );
#7704 = CARTESIAN_POINT( '', ( 0.000000000000000, 3.24757504979128, 0.000000000000000 ) );
#7705 = VECTOR( '', #9687, 1000.00000000000 );
#7706 = CARTESIAN_POINT( '', ( -2.07645000000000, 3.41728531584248, -0.856464708432565 ) );
#7707 = VECTOR( '', #9688, 1000.00000000000 );
#7708 = COLOUR_RGB( '', 0.870588243007660, 0.631372570991516, 0.172549024224281 );
#7709 = CARTESIAN_POINT( '', ( 3.00355000000000, -3.42603784274110, -0.859091790167467 ) );
#7710 = CARTESIAN_POINT( '', ( 3.00355000000000, -3.65121416419274, -1.04402708173490 ) );
#7711 = AXIS2_PLACEMENT_3D( '', #9689, #9690, #9691 );
#7712 = CARTESIAN_POINT( '', ( 4.60375000000000, -3.42603784274110, -0.859091790167467 ) );
#7713 = CARTESIAN_POINT( '', ( 4.60375000000000, -3.42603784274110, -0.859091790167467 ) );
#7714 = VECTOR( '', #9692, 1000.00000000000 );
#7715 = CARTESIAN_POINT( '', ( 4.60375000000000, -3.65121416419274, -1.04402708173490 ) );
#7716 = AXIS2_PLACEMENT_3D( '', #9693, #9694, #9695 );
#7717 = CARTESIAN_POINT( '', ( 4.60375000000000, -3.65121416419274, -1.04402708173490 ) );
#7718 = VECTOR( '', #9696, 1000.00000000000 );
#7719 = COLOUR_RGB( '', 0.870588243007660, 0.631372570991516, 0.172549024224281 );
#7720 = CARTESIAN_POINT( '', ( 2.06375000000000, -3.76415642001181, -0.790027081734903 ) );
#7721 = AXIS2_PLACEMENT_3D( '', #9697, #9698, #9699 );
#7722 = CARTESIAN_POINT( '', ( 2.06375000000000, -4.19975252689862, -0.790027081734903 ) );
#7723 = CARTESIAN_POINT( '', ( 2.06375000000000, -3.76415642001181, -0.790027081734903 ) );
#7724 = VECTOR( '', #9700, 1000.00000000000 );
#7725 = CARTESIAN_POINT( '', ( 2.06375000000000, -4.19975252689862, -1.04402708173490 ) );
#7726 = VECTOR( '', #9701, 1000.00000000000 );
#7727 = AXIS2_PLACEMENT_3D( '', #9702, #9703, #9704 );
#7728 = CARTESIAN_POINT( '', ( 2.06375000000000, -11.5433280311199, 7.37257477290143E-015 ) );
#7729 = VECTOR( '', #9705, 1000.00000000000 );
#7730 = COLOUR_RGB( '', 0.870588243007660, 0.631372570991516, 0.172549024224281 );
#7731 = CARTESIAN_POINT( '', ( 4.60375000000000, 3.75540389311319, -0.787400000000000 ) );
#7732 = CARTESIAN_POINT( '', ( 3.00355000000000, 3.75540389311319, -0.787400000000000 ) );
#7733 = CARTESIAN_POINT( '', ( 4.60375000000000, 3.75540389311319, -0.787400000000000 ) );
#7734 = VECTOR( '', #9706, 1000.00000000000 );
#7735 = AXIS2_PLACEMENT_3D( '', #9707, #9708, #9709 );
#7736 = AXIS2_PLACEMENT_3D( '', #9710, #9711, #9712 );
#7737 = COLOUR_RGB( '', 0.870588243007660, 0.631372570991516, 0.172549024224281 );
#7738 = CARTESIAN_POINT( '', ( 4.60375000000000, 3.41728531584248, -0.856464708432565 ) );
#7739 = VECTOR( '', #9713, 1000.00000000000 );
#7740 = CARTESIAN_POINT( '', ( 4.60375000000000, 3.64246163729411, -1.04140000000000 ) );
#7741 = VECTOR( '', #9714, 1000.00000000000 );
#7742 = COLOUR_RGB( '', 0.858823537826538, 0.858823537826538, 0.858823537826538 );
#7743 = CARTESIAN_POINT( '', ( -1.40278749272520, -2.04073192157399, 3.50520000000000 ) );
#7744 = CARTESIAN_POINT( '', ( -2.09242333706651, -3.26131028644369, 3.50520000000000 ) );
#7745 = CARTESIAN_POINT( '', ( -1.40278749272520, -2.04073192157399, 3.50520000000000 ) );
#7746 = CARTESIAN_POINT( '', ( -2.09242333706651, -3.26131028644369, 3.50520000000000 ) );
#7747 = CARTESIAN_POINT( '', ( -1.40278749272520, -2.04073192157399, 3.55600000000000 ) );
#7748 = CARTESIAN_POINT( '', ( -1.40278749272520, -2.04073192157399, 3.55600000000000 ) );
#7749 = VECTOR( '', #9715, 1000.00000000000 );
#7750 = CARTESIAN_POINT( '', ( -2.09242333706651, -3.26131028644369, 3.55600000000000 ) );
#7751 = CARTESIAN_POINT( '', ( -1.40278749272520, -2.04073192157399, 3.55600000000000 ) );
#7752 = CARTESIAN_POINT( '', ( -2.09242333706651, -3.26131028644369, 3.55600000000000 ) );
#7753 = CARTESIAN_POINT( '', ( -2.09242333706651, -3.26131028644369, 3.55600000000000 ) );
#7754 = VECTOR( '', #9716, 1000.00000000000 );
#7755 = COLOUR_RGB( '', 0.858823537826538, 0.858823537826538, 0.858823537826538 );
#7756 = CARTESIAN_POINT( '', ( -2.88861041311077, -2.54401646280927, 3.55600000000000 ) );
#7757 = CARTESIAN_POINT( '', ( -2.88861041311077, -2.54401646280927, 3.55600000000000 ) );
#7758 = CARTESIAN_POINT( '', ( -2.88861041311077, -2.47192435284854, 3.55600000000000 ) );
#7759 = CARTESIAN_POINT( '', ( -2.90357292649885, -2.40617997584033, 3.55600000000000 ) );
#7760 = CARTESIAN_POINT( '', ( -2.93304454377840, -2.34587651279142, 3.55600000000000 ) );
#7761 = CARTESIAN_POINT( '', ( -2.96242470947562, -2.28576017374942, 3.55600000000000 ) );
#7762 = CARTESIAN_POINT( '', ( -3.00740370122216, -2.23887187159185, 3.55600000000000 ) );
#7763 = CARTESIAN_POINT( '', ( -3.06634693578125, -2.20531956884283, 3.55600000000000 ) );
#7764 = CARTESIAN_POINT( '', ( -3.12548510238170, -2.17165630477796, 3.55600000000000 ) );
#7765 = CARTESIAN_POINT( '', ( -3.18695386187908, -2.15408429572608, 3.55600000000000 ) );
#7766 = CARTESIAN_POINT( '', ( -3.25224482939068, -2.15453770522270, 3.55600000000000 ) );
#7767 = CARTESIAN_POINT( '', ( -3.31480917406073, -2.15497217983846, 3.55600000000000 ) );
#7768 = CARTESIAN_POINT( '', ( -3.37466539347494, -2.16904680911416, 3.55600000000000 ) );
#7769 = CARTESIAN_POINT( '', ( -3.43134158055098, -2.19897183589031, 3.55600000000000 ) );
#7770 = CARTESIAN_POINT( '', ( -3.48783055836087, -2.22879801617394, 3.55600000000000 ) );
#7771 = CARTESIAN_POINT( '', ( -3.53879963124716, -2.27015712685782, 3.55600000000000 ) );
#7772 = CARTESIAN_POINT( '', ( -3.62857471157561, -2.37625494906418, 3.55600000000000 ) );
#7773 = CARTESIAN_POINT( '', ( -3.66348724281445, -2.44154591657578, 3.55600000000000 ) );
#7774 = CARTESIAN_POINT( '', ( -3.71517592542780, -2.59661196441584, 3.55600000000000 ) );
#7775 = CARTESIAN_POINT( '', ( -3.72832480082945, -2.67323816934265, 3.55600000000000 ) );
#7776 = CARTESIAN_POINT( '', ( -3.72832480082945, -2.87001789087067, 3.55600000000000 ) );
#7777 = CARTESIAN_POINT( '', ( -3.69431908858382, -2.96704752314487, 3.55600000000000 ) );
#7778 = CARTESIAN_POINT( '', ( -3.62630766409257, -3.03913963310560, 3.55600000000000 ) );
#7779 = CARTESIAN_POINT( '', ( -3.55808272976113, -3.11145806349691, 3.55600000000000 ) );
#7780 = CARTESIAN_POINT( '', ( -3.47396207323216, -3.14750450279499, 3.55600000000000 ) );
#7781 = CARTESIAN_POINT( '', ( -3.24589709643816, -3.14750450279499, 3.55600000000000 ) );
#7782 = CARTESIAN_POINT( '', ( -3.13299813178268, -3.09309536320199, 3.55600000000000 ) );
#7783 = CARTESIAN_POINT( '', ( -3.03506168051528, -2.98382367451937, 3.55600000000000 ) );
#7784 = CARTESIAN_POINT( '', ( -2.93732720441876, -2.87477733776354, 3.55600000000000 ) );
#7785 = CARTESIAN_POINT( '', ( -2.88861041311077, -2.72764730893566, 3.55600000000000 ) );
#7786 = CARTESIAN_POINT( '', ( -2.88861041311077, -2.54401646280927, 3.55600000000000 ) );
#7787 = CARTESIAN_POINT( '', ( -2.72855686080803, -2.55217783374822, 3.55600000000000 ) );
#7788 = CARTESIAN_POINT( '', ( -2.72855686080803, -2.55217783374822, 3.55600000000000 ) );
#7789 = CARTESIAN_POINT( '', ( -2.72855686080803, -2.76936098262362, 3.55600000000000 ) );
#7790 = CARTESIAN_POINT( '', ( -2.79112737133998, -2.94528386730766, 3.55600000000000 ) );
#7791 = CARTESIAN_POINT( '', ( -3.04231623246101, -3.21460910829303, 3.55600000000000 ) );
#7792 = CARTESIAN_POINT( '', ( -3.19466182332142, -3.28216712328767, 3.55600000000000 ) );
#7793 = CARTESIAN_POINT( '', ( -3.52565075584552, -3.28216712328767, 3.55600000000000 ) );
#7794 = CARTESIAN_POINT( '', ( -3.64943154841959, -3.23229207866075, 3.55600000000000 ) );
#7795 = CARTESIAN_POINT( '', ( -3.74464754270735, -3.13344880840013, 3.55600000000000 ) );
#7796 = CARTESIAN_POINT( '', ( -3.84030831615291, -3.03414381501378, 3.55600000000000 ) );
#7797 = CARTESIAN_POINT( '', ( -3.88837835313219, -2.90130314613665, 3.55600000000000 ) );
#7798 = CARTESIAN_POINT( '', ( -3.88837835313219, -2.61610857277000, 3.55600000000000 ) );
#7799 = CARTESIAN_POINT( '', ( -3.86434764981195, -2.50593006509417, 3.55600000000000 ) );
#7800 = CARTESIAN_POINT( '', ( -3.81583283367486, -2.40481974735051, 3.55600000000000 ) );
#7801 = CARTESIAN_POINT( '', ( -3.77942015570947, -2.32893164280580, 3.55600000000000 ) );
#7802 = CARTESIAN_POINT( '', ( -3.73467253378197, -2.26290257491209, 3.55600000000000 ) );
#7803 = CARTESIAN_POINT( '', ( -3.67980998469235, -2.20758661632587, 3.55600000000000 ) );
#7804 = CARTESIAN_POINT( '', ( -3.62472259670555, -2.15204396066975, 3.55600000000000 ) );
#7805 = CARTESIAN_POINT( '', ( -3.56600420104366, -2.10965016505846, 3.55600000000000 ) );
#7806 = CARTESIAN_POINT( '', ( -3.42000634313577, -2.03982510258078, 3.55600000000000 ) );
#7807 = CARTESIAN_POINT( '', ( -3.33204490079374, -2.01987508473001, 3.55600000000000 ) );
#7808 = CARTESIAN_POINT( '', ( -3.14161291221824, -2.01987508473001, 3.55600000000000 ) );
#7809 = CARTESIAN_POINT( '', ( -3.05274465088301, -2.04345237855364, 3.55600000000000 ) );
#7810 = CARTESIAN_POINT( '', ( -2.97249116998333, -2.08970014720770, 3.55600000000000 ) );
#7811 = CARTESIAN_POINT( '', ( -2.89238191574043, -2.13586480219513, 3.55600000000000 ) );
#7812 = CARTESIAN_POINT( '', ( -2.83193422603474, -2.20169229286997, 3.55600000000000 ) );
#7813 = CARTESIAN_POINT( '', ( -2.74941369765201, -2.36854698762184, 3.55600000000000 ) );
#7814 = CARTESIAN_POINT( '', ( -2.72855686080803, -2.45741524895708, 3.55600000000000 ) );
#7815 = CARTESIAN_POINT( '', ( -2.72855686080803, -2.55217783374822, 3.55600000000000 ) );
#7816 = COLOUR_RGB( '', 0.858823537826538, 0.858823537826538, 0.858823537826538 );
#7817 = CARTESIAN_POINT( '', ( -0.676576949332952, 3.03015938554480, 3.50520000000000 ) );
#7818 = CARTESIAN_POINT( '', ( -0.726625451818705, 3.02415356524651, 3.50520000000000 ) );
#7819 = CARTESIAN_POINT( '', ( -0.776673954304458, 3.01814774494822, 3.50520000000000 ) );
#7820 = CARTESIAN_POINT( '', ( -0.826722456790210, 3.01214192464993, 3.50520000000000 ) );
#7821 = CARTESIAN_POINT( '', ( -0.676576949332952, 3.03015938554480, 3.55600000000000 ) );
#7822 = CARTESIAN_POINT( '', ( -0.726625451818705, 3.02415356524651, 3.55600000000000 ) );
#7823 = CARTESIAN_POINT( '', ( -0.776673954304458, 3.01814774494822, 3.55600000000000 ) );
#7824 = CARTESIAN_POINT( '', ( -0.826722456790210, 3.01214192464993, 3.55600000000000 ) );
#7825 = COLOUR_RGB( '', 0.870588243007660, 0.631372570991516, 0.172549024224281 );
#7826 = CARTESIAN_POINT( '', ( -2.07645000000000, 4.19100000000000, -1.04140000000000 ) );
#7827 = CARTESIAN_POINT( '', ( 4.60375000000000, 4.19100000000000, -1.04140000000000 ) );
#7828 = VECTOR( '', #9717, 1000.00000000000 );
#7829 = CARTESIAN_POINT( '', ( -2.07645000000000, 4.19100000000000, -0.787400000000000 ) );
#7830 = CARTESIAN_POINT( '', ( -2.07645000000000, 4.19100000000000, 7.37257477290143E-015 ) );
#7831 = VECTOR( '', #9718, 1000.00000000000 );
#7832 = CARTESIAN_POINT( '', ( 4.60375000000000, 4.19100000000000, -0.787400000000000 ) );
#7833 = VECTOR( '', #9719, 1000.00000000000 );
#7834 = COLOUR_RGB( '', 0.858823537826538, 0.858823537826538, 0.858823537826538 );
#7835 = CARTESIAN_POINT( '', ( 1.50311397103774, -3.26131028644369, 3.50520000000000 ) );
#7836 = CARTESIAN_POINT( '', ( 1.27323535625731, -3.26131028644369, 3.50520000000000 ) );
#7837 = CARTESIAN_POINT( '', ( 1.50311397103774, -3.26131028644369, 3.50520000000000 ) );
#7838 = CARTESIAN_POINT( '', ( 1.27323535625731, -3.26131028644369, 3.50520000000000 ) );
#7839 = CARTESIAN_POINT( '', ( 1.50311397103774, -3.26131028644369, 3.55600000000000 ) );
#7840 = CARTESIAN_POINT( '', ( 1.50311397103774, -3.26131028644369, 3.55600000000000 ) );
#7841 = VECTOR( '', #9720, 1000.00000000000 );
#7842 = CARTESIAN_POINT( '', ( 1.27323535625731, -3.26131028644369, 3.55600000000000 ) );
#7843 = CARTESIAN_POINT( '', ( 1.50311397103774, -3.26131028644369, 3.55600000000000 ) );
#7844 = CARTESIAN_POINT( '', ( 1.27323535625731, -3.26131028644369, 3.55600000000000 ) );
#7845 = CARTESIAN_POINT( '', ( 1.27323535625731, -3.26131028644369, 3.55600000000000 ) );
#7846 = VECTOR( '', #9721, 1000.00000000000 );
#7847 = COLOUR_RGB( '', 0.643137276172638, 0.678431391716003, 0.698039233684540 );
#7848 = CARTESIAN_POINT( '', ( 2.05956569029041, -1.60020000000000, 3.50520000000000 ) );
#7849 = CARTESIAN_POINT( '', ( 2.05956569029041, -1.60020000000000, 4.29260000000000 ) );
#7850 = CARTESIAN_POINT( '', ( 2.05956569029041, -1.60020000000000, 3.50520000000000 ) );
#7851 = VECTOR( '', #9722, 1000.00000000000 );
#7852 = CARTESIAN_POINT( '', ( -4.61645000000000, -1.60020000000000, 4.29260000000000 ) );
#7853 = VECTOR( '', #9723, 1000.00000000000 );
#7854 = CARTESIAN_POINT( '', ( -4.61645000000000, -1.60020000000000, 3.50520000000000 ) );
#7855 = VECTOR( '', #9724, 1000.00000000000 );
#7856 = COLOUR_RGB( '', 0.858823537826538, 0.858823537826538, 0.858823537826538 );
#7857 = CARTESIAN_POINT( '', ( -3.91186614540425, 3.03986109525743, 3.50520000000000 ) );
#7858 = CARTESIAN_POINT( '', ( -3.73307749498591, 3.03986109525743, 3.50520000000000 ) );
#7859 = CARTESIAN_POINT( '', ( -3.91186614540425, 3.03986109525743, 3.50520000000000 ) );
#7860 = CARTESIAN_POINT( '', ( -3.73307749498591, 3.03986109525743, 3.50520000000000 ) );
#7861 = CARTESIAN_POINT( '', ( -3.91186614540425, 3.03986109525743, 3.55600000000000 ) );
#7862 = VECTOR( '', #9725, 1000.00000000000 );
#7863 = CARTESIAN_POINT( '', ( -3.73307749498591, 3.03986109525743, 3.55600000000000 ) );
#7864 = VECTOR( '', #9726, 1000.00000000000 );
#7865 = COLOUR_RGB( '', 0.858823537826538, 0.858823537826538, 0.858823537826538 );
#7866 = CARTESIAN_POINT( '', ( -2.72855686080803, -2.55217783374822, 3.50520000000000 ) );
#7867 = CARTESIAN_POINT( '', ( -2.72855686080803, -2.55217783374822, 3.50520000000000 ) );
#7868 = CARTESIAN_POINT( '', ( -2.72855686080803, -2.76936098262362, 3.50520000000000 ) );
#7869 = CARTESIAN_POINT( '', ( -2.79112737133998, -2.94528386730766, 3.50520000000000 ) );
#7870 = CARTESIAN_POINT( '', ( -3.04231623246101, -3.21460910829303, 3.50520000000000 ) );
#7871 = CARTESIAN_POINT( '', ( -3.19466182332142, -3.28216712328767, 3.50520000000000 ) );
#7872 = CARTESIAN_POINT( '', ( -3.52565075584552, -3.28216712328767, 3.50520000000000 ) );
#7873 = CARTESIAN_POINT( '', ( -3.64943154841959, -3.23229207866075, 3.50520000000000 ) );
#7874 = CARTESIAN_POINT( '', ( -3.74464754270735, -3.13344880840013, 3.50520000000000 ) );
#7875 = CARTESIAN_POINT( '', ( -3.84030831615291, -3.03414381501378, 3.50520000000000 ) );
#7876 = CARTESIAN_POINT( '', ( -3.88837835313219, -2.90130314613665, 3.50520000000000 ) );
#7877 = CARTESIAN_POINT( '', ( -3.88837835313219, -2.61610857277000, 3.50520000000000 ) );
#7878 = CARTESIAN_POINT( '', ( -3.86434764981195, -2.50593006509417, 3.50520000000000 ) );
#7879 = CARTESIAN_POINT( '', ( -3.81583283367486, -2.40481974735051, 3.50520000000000 ) );
#7880 = CARTESIAN_POINT( '', ( -3.77942015570947, -2.32893164280580, 3.50520000000000 ) );
#7881 = CARTESIAN_POINT( '', ( -3.73467253378197, -2.26290257491209, 3.50520000000000 ) );
#7882 = CARTESIAN_POINT( '', ( -3.67980998469235, -2.20758661632587, 3.50520000000000 ) );
#7883 = CARTESIAN_POINT( '', ( -3.62472259670555, -2.15204396066975, 3.50520000000000 ) );
#7884 = CARTESIAN_POINT( '', ( -3.56600420104366, -2.10965016505846, 3.50520000000000 ) );
#7885 = CARTESIAN_POINT( '', ( -3.42000634313577, -2.03982510258078, 3.50520000000000 ) );
#7886 = CARTESIAN_POINT( '', ( -3.33204490079374, -2.01987508473001, 3.50520000000000 ) );
#7887 = CARTESIAN_POINT( '', ( -3.14161291221824, -2.01987508473001, 3.50520000000000 ) );
#7888 = CARTESIAN_POINT( '', ( -3.05274465088301, -2.04345237855364, 3.50520000000000 ) );
#7889 = CARTESIAN_POINT( '', ( -2.97249116998333, -2.08970014720770, 3.50520000000000 ) );
#7890 = CARTESIAN_POINT( '', ( -2.89238191574043, -2.13586480219513, 3.50520000000000 ) );
#7891 = CARTESIAN_POINT( '', ( -2.83193422603474, -2.20169229286997, 3.50520000000000 ) );
#7892 = CARTESIAN_POINT( '', ( -2.74941369765201, -2.36854698762184, 3.50520000000000 ) );
#7893 = CARTESIAN_POINT( '', ( -2.72855686080803, -2.45741524895708, 3.50520000000000 ) );
#7894 = CARTESIAN_POINT( '', ( -2.72855686080803, -2.55217783374822, 3.50520000000000 ) );
#7895 = COLOUR_RGB( '', 0.643137276172638, 0.678431391716003, 0.698039233684540 );
#7896 = CARTESIAN_POINT( '', ( -2.07645000000000, -0.812800000000000, 3.50520000000000 ) );
#7897 = CARTESIAN_POINT( '', ( -2.07645000000000, -0.812800000000000, 4.29260000000000 ) );
#7898 = VECTOR( '', #9727, 1000.00000000000 );
#7899 = CARTESIAN_POINT( '', ( -2.07645000000000, -1.60020000000000, 3.50520000000000 ) );
#7900 = CARTESIAN_POINT( '', ( -2.07645000000000, 14.2314795564198, 3.50520000000000 ) );
#7901 = VECTOR( '', #9728, 1000.00000000000 );
#7902 = CARTESIAN_POINT( '', ( -2.07645000000000, -1.60020000000000, 3.50520000000000 ) );
#7903 = VECTOR( '', #9729, 1000.00000000000 );
#7904 = COLOUR_RGB( '', 0.870588243007660, 0.631372570991516, 0.172549024224281 );
#7905 = CARTESIAN_POINT( '', ( 4.60375000000000, 3.24757504979128, 0.000000000000000 ) );
#7906 = CARTESIAN_POINT( '', ( 3.00355000000000, 3.24757504979128, 7.86046575051991E-015 ) );
#7907 = CARTESIAN_POINT( '', ( 0.000000000000000, 3.24757504979128, 0.000000000000000 ) );
#7908 = VECTOR( '', #9730, 1000.00000000000 );
#7909 = CARTESIAN_POINT( '', ( 3.00355000000000, 3.41728531584248, -0.856464708432565 ) );
#7910 = CARTESIAN_POINT( '', ( 3.00355000000000, 3.41728531584248, -0.856464708432565 ) );
#7911 = VECTOR( '', #9731, 1000.00000000000 );
#7912 = CARTESIAN_POINT( '', ( 4.60375000000000, 3.41728531584248, -0.856464708432565 ) );
#7913 = CARTESIAN_POINT( '', ( 4.60375000000000, 3.41728531584248, -0.856464708432565 ) );
#7914 = VECTOR( '', #9732, 1000.00000000000 );
#7915 = CARTESIAN_POINT( '', ( 4.60375000000000, 3.41728531584248, -0.856464708432565 ) );
#7916 = VECTOR( '', #9733, 1000.00000000000 );
#7917 = COLOUR_RGB( '', 0.117647059261799, 0.117647059261799, 0.117647059261799 );
#7918 = CARTESIAN_POINT( '', ( -3.25261187112269, 2.90496113163429, 3.50520000000000 ) );
#7919 = CARTESIAN_POINT( '', ( -3.71875592350538, 2.38568866892058, 3.50520000000000 ) );
#7920 = CARTESIAN_POINT( '', ( -3.25261187112269, 2.90496113163429, 3.50520000000000 ) );
#7921 = CARTESIAN_POINT( '', ( -3.25261187112269, 2.90496113163429, 3.50520000000000 ) );
#7922 = CARTESIAN_POINT( '', ( -3.60834122725220, 2.90496113163429, 3.50520000000000 ) );
#7923 = COLOUR_RGB( '', 0.643137276172638, 0.678431391716003, 0.698039233684540 );
#7924 = CARTESIAN_POINT( '', ( -2.07645000000000, 0.176700493150686, 3.50520000000000 ) );
#7925 = CARTESIAN_POINT( '', ( -2.07645000000000, 0.176700493150686, 3.50520000000000 ) );
#7926 = VECTOR( '', #9734, 1000.00000000000 );
#7927 = CARTESIAN_POINT( '', ( -2.07645000000000, 0.176700493150686, 2.23520000000000 ) );
#7928 = CARTESIAN_POINT( '', ( -2.07645000000000, 0.176700493150686, 2.23520000000000 ) );
#7929 = VECTOR( '', #9735, 1000.00000000000 );
#7930 = CARTESIAN_POINT( '', ( -2.07645000000000, 0.176700493150686, 2.23520000000000 ) );
#7931 = VECTOR( '', #9736, 1000.00000000000 );
#7932 = COLOUR_RGB( '', 0.643137276172638, 0.678431391716003, 0.698039233684540 );
#7933 = CARTESIAN_POINT( '', ( 2.05956569029041, -0.812800000000000, 4.29260000000000 ) );
#7934 = CARTESIAN_POINT( '', ( 2.05956569029041, -1.60020000000000, 4.29260000000000 ) );
#7935 = VECTOR( '', #9737, 1000.00000000000 );
#7936 = CARTESIAN_POINT( '', ( 2.05956569029041, -0.812800000000000, 3.50520000000000 ) );
#7937 = CARTESIAN_POINT( '', ( 2.05956569029041, 14.2486756550320, 3.50520000000000 ) );
#7938 = VECTOR( '', #9738, 1000.00000000000 );
#7939 = CARTESIAN_POINT( '', ( 2.05956569029041, -0.812800000000000, 4.29260000000000 ) );
#7940 = VECTOR( '', #9739, 1000.00000000000 );
#7941 = COLOUR_RGB( '', 0.117647059261799, 0.117647059261799, 0.117647059261799 );
#7942 = CARTESIAN_POINT( '', ( 4.60375000000000, 3.50520000000000, 0.000000000000000 ) );
#7943 = CARTESIAN_POINT( '', ( 4.60375000000000, 3.50520000000000, 3.50520000000000 ) );
#7944 = VECTOR( '', #9740, 1000.00000000000 );
#7945 = CARTESIAN_POINT( '', ( -4.61645000000000, 3.50520000000000, 0.000000000000000 ) );
#7946 = CARTESIAN_POINT( '', ( -4.61645000000000, 3.50520000000000, 3.50520000000000 ) );
#7947 = VECTOR( '', #9741, 1000.00000000000 );
#7948 = CARTESIAN_POINT( '', ( 6.15950000000000, 3.50520000000000, 0.000000000000000 ) );
#7949 = VECTOR( '', #9742, 1000.00000000000 );
#7950 = CARTESIAN_POINT( '', ( 6.15950000000000, 3.50520000000000, 3.50520000000000 ) );
#7951 = CARTESIAN_POINT( '', ( 6.15950000000000, 3.50520000000000, 3.50520000000000 ) );
#7952 = VECTOR( '', #9743, 1000.00000000000 );
#7953 = CARTESIAN_POINT( '', ( 6.15950000000000, 3.50520000000000, 0.000000000000000 ) );
#7954 = CARTESIAN_POINT( '', ( 6.15950000000000, 3.50520000000000, 3.50520000000000 ) );
#7955 = VECTOR( '', #9744, 1000.00000000000 );
#7956 = CARTESIAN_POINT( '', ( 6.15950000000000, 3.50520000000000, 0.000000000000000 ) );
#7957 = VECTOR( '', #9745, 1000.00000000000 );
#7958 = COLOUR_RGB( '', 0.870588243007660, 0.631372570991516, 0.172549024224281 );
#7959 = CARTESIAN_POINT( '', ( 3.00355000000000, -3.76415642001181, -0.790027081734903 ) );
#7960 = CARTESIAN_POINT( '', ( 3.00355000000000, -3.76415642001181, -0.790027081734903 ) );
#7961 = VECTOR( '', #9746, 1000.00000000000 );
#7962 = CARTESIAN_POINT( '', ( 4.60375000000000, -3.76415642001181, -0.790027081734903 ) );
#7963 = CARTESIAN_POINT( '', ( 4.60375000000000, -3.76415642001181, -0.790027081734903 ) );
#7964 = VECTOR( '', #9747, 1000.00000000000 );
#7965 = CARTESIAN_POINT( '', ( 4.60375000000000, -3.76415642001181, -0.790027081734903 ) );
#7966 = VECTOR( '', #9748, 1000.00000000000 );
#7967 = COLOUR_RGB( '', 0.870588243007660, 0.631372570991516, 0.172549024224281 );
#7968 = CARTESIAN_POINT( '', ( -3.01625000000000, -3.76415642001181, -0.790027081734903 ) );
#7969 = CARTESIAN_POINT( '', ( -3.01625000000000, -4.19975252689862, -0.790027081734903 ) );
#7970 = CARTESIAN_POINT( '', ( -3.01625000000000, -3.76415642001181, -0.790027081734903 ) );
#7971 = VECTOR( '', #9749, 1000.00000000000 );
#7972 = CARTESIAN_POINT( '', ( -4.61645000000000, -3.76415642001181, -0.790027081734903 ) );
#7973 = CARTESIAN_POINT( '', ( 4.60375000000000, -3.76415642001181, -0.790027081734903 ) );
#7974 = VECTOR( '', #9750, 1000.00000000000 );
#7975 = CARTESIAN_POINT( '', ( -4.61645000000000, -4.19975252689862, -0.790027081734903 ) );
#7976 = CARTESIAN_POINT( '', ( -4.61645000000000, -3.76415642001181, -0.790027081734903 ) );
#7977 = VECTOR( '', #9751, 1000.00000000000 );
#7978 = CARTESIAN_POINT( '', ( 4.60375000000000, -4.19975252689862, -0.790027081734903 ) );
#7979 = VECTOR( '', #9752, 1000.00000000000 );
#7980 = COLOUR_RGB( '', 0.643137276172638, 0.678431391716003, 0.698039233684540 );
#7981 = CARTESIAN_POINT( '', ( -4.61645000000000, -1.60020000000000, 4.29260000000000 ) );
#7982 = CARTESIAN_POINT( '', ( -4.61645000000000, -1.60020000000000, 4.29260000000000 ) );
#7983 = VECTOR( '', #9753, 1000.00000000000 );
#7984 = CARTESIAN_POINT( '', ( -4.61645000000000, -1.60020000000000, 3.50520000000000 ) );
#7985 = CARTESIAN_POINT( '', ( -4.61645000000000, -1.60020000000000, 3.50520000000000 ) );
#7986 = VECTOR( '', #9754, 1000.00000000000 );
#7987 = CARTESIAN_POINT( '', ( -4.61645000000000, -1.60020000000000, 3.50520000000000 ) );
#7988 = VECTOR( '', #9755, 1000.00000000000 );
#7989 = COLOUR_RGB( '', 0.870588243007660, 0.631372570991516, 0.172549024224281 );
#7990 = AXIS2_PLACEMENT_3D( '', #9756, #9757, #9758 );
#7991 = AXIS2_PLACEMENT_3D( '', #9759, #9760, #9761 );
#7992 = COLOUR_RGB( '', 0.858823537826538, 0.858823537826538, 0.858823537826538 );
#7993 = CARTESIAN_POINT( '', ( -3.92942162012233, 2.11450278314393, 3.50520000000000 ) );
#7994 = CARTESIAN_POINT( '', ( -3.76172063794700, 2.90496113163429, 3.50520000000000 ) );
#7995 = CARTESIAN_POINT( '', ( -3.92942162012233, 2.11450278314393, 3.50520000000000 ) );
#7996 = CARTESIAN_POINT( '', ( -3.76172063794700, 2.90496113163429, 3.50520000000000 ) );
#7997 = CARTESIAN_POINT( '', ( -3.92942162012233, 2.11450278314393, 3.55600000000000 ) );
#7998 = VECTOR( '', #9762, 1000.00000000000 );
#7999 = CARTESIAN_POINT( '', ( -3.76172063794700, 2.90496113163429, 3.55600000000000 ) );
#8000 = VECTOR( '', #9763, 1000.00000000000 );
#8001 = COLOUR_RGB( '', 0.858823537826538, 0.858823537826538, 0.858823537826538 );
#8002 = CARTESIAN_POINT( '', ( 2.82616288214092, -2.16043202867860, 3.50520000000000 ) );
#8003 = CARTESIAN_POINT( '', ( 3.21836209670714, -2.75893256420163, 3.50520000000000 ) );
#8004 = CARTESIAN_POINT( '', ( 2.82616288214092, -2.16043202867860, 3.50520000000000 ) );
#8005 = CARTESIAN_POINT( '', ( 2.89553453512199, -2.10330243210595, 3.50520000000000 ) );
#8006 = CARTESIAN_POINT( '', ( 2.95493117917769, -2.06476262489424, 3.50520000000000 ) );
#8007 = CARTESIAN_POINT( '', ( 3.05377444943832, -2.02395577019949, 3.50520000000000 ) );
#8008 = CARTESIAN_POINT( '', ( 3.10863699852793, -2.01352735177750, 3.50520000000000 ) );
#8009 = CARTESIAN_POINT( '', ( 3.27957237874928, -2.01352735177750, 3.50520000000000 ) );
#8010 = CARTESIAN_POINT( '', ( 3.36889404958112, -2.04617283553329, 3.50520000000000 ) );
#8011 = CARTESIAN_POINT( '', ( 3.43690547407237, -2.11146380304490, 3.50520000000000 ) );
#8012 = CARTESIAN_POINT( '', ( 3.50468094441260, -2.17652825457152, 3.50520000000000 ) );
#8013 = CARTESIAN_POINT( '', ( 3.53846920131264, -2.25836847994601, 3.50520000000000 ) );
#8014 = CARTESIAN_POINT( '', ( 3.53846920131264, -2.42204930822163, 3.50520000000000 ) );
#8015 = CARTESIAN_POINT( '', ( 3.52577373540761, -2.47872549529766, 3.50520000000000 ) );
#8016 = CARTESIAN_POINT( '', ( 3.47499187178748, -2.57756876555829, 3.50520000000000 ) );
#8017 = CARTESIAN_POINT( '', ( 3.43735888356898, -2.62245630572252, 3.50520000000000 ) );
#8018 = CARTESIAN_POINT( '', ( 3.38748383894206, -2.66235634142405, 3.50520000000000 ) );
#8019 = CARTESIAN_POINT( '', ( 3.34938638245875, -2.69283430661070, 3.50520000000000 ) );
#8020 = CARTESIAN_POINT( '', ( 3.29272125415091, -2.72447344245940, 3.50520000000000 ) );
#8021 = CARTESIAN_POINT( '', ( 3.21836209670714, -2.75893256420163, 3.50520000000000 ) );
#8022 = CARTESIAN_POINT( '', ( 2.82616288214092, -2.16043202867860, 3.55600000000000 ) );
#8023 = CARTESIAN_POINT( '', ( 2.82616288214092, -2.16043202867860, 3.55600000000000 ) );
#8024 = VECTOR( '', #9764, 1000.00000000000 );
#8025 = CARTESIAN_POINT( '', ( 3.21836209670714, -2.75893256420163, 3.55600000000000 ) );
#8026 = CARTESIAN_POINT( '', ( 2.82616288214092, -2.16043202867860, 3.55600000000000 ) );
#8027 = CARTESIAN_POINT( '', ( 2.89553453512199, -2.10330243210595, 3.55600000000000 ) );
#8028 = CARTESIAN_POINT( '', ( 2.95493117917769, -2.06476262489424, 3.55600000000000 ) );
#8029 = CARTESIAN_POINT( '', ( 3.05377444943832, -2.02395577019949, 3.55600000000000 ) );
#8030 = CARTESIAN_POINT( '', ( 3.10863699852793, -2.01352735177750, 3.55600000000000 ) );
#8031 = CARTESIAN_POINT( '', ( 3.27957237874928, -2.01352735177750, 3.55600000000000 ) );
#8032 = CARTESIAN_POINT( '', ( 3.36889404958112, -2.04617283553329, 3.55600000000000 ) );
#8033 = CARTESIAN_POINT( '', ( 3.43690547407237, -2.11146380304490, 3.55600000000000 ) );
#8034 = CARTESIAN_POINT( '', ( 3.50468094441260, -2.17652825457152, 3.55600000000000 ) );
#8035 = CARTESIAN_POINT( '', ( 3.53846920131264, -2.25836847994601, 3.55600000000000 ) );
#8036 = CARTESIAN_POINT( '', ( 3.53846920131264, -2.42204930822163, 3.55600000000000 ) );
#8037 = CARTESIAN_POINT( '', ( 3.52577373540761, -2.47872549529766, 3.55600000000000 ) );
#8038 = CARTESIAN_POINT( '', ( 3.47499187178748, -2.57756876555829, 3.55600000000000 ) );
#8039 = CARTESIAN_POINT( '', ( 3.43735888356898, -2.62245630572252, 3.55600000000000 ) );
#8040 = CARTESIAN_POINT( '', ( 3.38748383894206, -2.66235634142405, 3.55600000000000 ) );
#8041 = CARTESIAN_POINT( '', ( 3.34938638245875, -2.69283430661070, 3.55600000000000 ) );
#8042 = CARTESIAN_POINT( '', ( 3.29272125415091, -2.72447344245940, 3.55600000000000 ) );
#8043 = CARTESIAN_POINT( '', ( 3.21836209670714, -2.75893256420163, 3.55600000000000 ) );
#8044 = CARTESIAN_POINT( '', ( 3.21836209670714, -2.75893256420163, 3.55600000000000 ) );
#8045 = VECTOR( '', #9765, 1000.00000000000 );
#8046 = COLOUR_RGB( '', 0.858823537826538, 0.858823537826538, 0.858823537826538 );
#8047 = CARTESIAN_POINT( '', ( 2.80938673076641, -2.38849700547260, 3.50520000000000 ) );
#8048 = CARTESIAN_POINT( '', ( 2.69376730913128, -2.56215284267360, 3.50520000000000 ) );
#8049 = CARTESIAN_POINT( '', ( 2.80938673076641, -2.38849700547260, 3.50520000000000 ) );
#8050 = CARTESIAN_POINT( '', ( 2.76903328556826, -2.43791864060292, 3.50520000000000 ) );
#8051 = CARTESIAN_POINT( '', ( 2.73049347835655, -2.49550164667217, 3.50520000000000 ) );
#8052 = CARTESIAN_POINT( '', ( 2.69376730913128, -2.56215284267360, 3.50520000000000 ) );
#8053 = CARTESIAN_POINT( '', ( 2.80938673076641, -2.38849700547260, 3.55600000000000 ) );
#8054 = CARTESIAN_POINT( '', ( 2.80938673076641, -2.38849700547260, 3.55600000000000 ) );
#8055 = VECTOR( '', #9766, 1000.00000000000 );
#8056 = CARTESIAN_POINT( '', ( 2.69376730913128, -2.56215284267360, 3.55600000000000 ) );
#8057 = CARTESIAN_POINT( '', ( 2.80938673076641, -2.38849700547260, 3.55600000000000 ) );
#8058 = CARTESIAN_POINT( '', ( 2.76903328556826, -2.43791864060292, 3.55600000000000 ) );
#8059 = CARTESIAN_POINT( '', ( 2.73049347835655, -2.49550164667217, 3.55600000000000 ) );
#8060 = CARTESIAN_POINT( '', ( 2.69376730913128, -2.56215284267360, 3.55600000000000 ) );
#8061 = CARTESIAN_POINT( '', ( 2.69376730913128, -2.56215284267360, 3.55600000000000 ) );
#8062 = VECTOR( '', #9767, 1000.00000000000 );
#8063 = COLOUR_RGB( '', 0.858823537826538, 0.858823537826538, 0.858823537826538 );
#8064 = CARTESIAN_POINT( '', ( -2.25157007037604, -2.51771871200598, 3.50520000000000 ) );
#8065 = CARTESIAN_POINT( '', ( -2.16950295148993, -3.12846130393744, 3.50520000000000 ) );
#8066 = CARTESIAN_POINT( '', ( -2.25157007037604, -2.51771871200598, 3.50520000000000 ) );
#8067 = CARTESIAN_POINT( '', ( -2.23600301099248, -2.61973584874286, 3.50520000000000 ) );
#8068 = CARTESIAN_POINT( '', ( -2.22043595160893, -2.72175298547975, 3.50520000000000 ) );
#8069 = CARTESIAN_POINT( '', ( -2.20486889222538, -2.82377012221662, 3.50520000000000 ) );
#8070 = CARTESIAN_POINT( '', ( -2.18631539242885, -2.94535859175698, 3.50520000000000 ) );
#8071 = CARTESIAN_POINT( '', ( -2.17403704645601, -3.04730100404455, 3.50520000000000 ) );
#8072 = CARTESIAN_POINT( '', ( -2.16950295148993, -3.12846130393744, 3.50520000000000 ) );
#8073 = CARTESIAN_POINT( '', ( -2.25157007037604, -2.51771871200598, 3.55600000000000 ) );
#8074 = CARTESIAN_POINT( '', ( -2.25157007037604, -2.51771871200598, 3.55600000000000 ) );
#8075 = VECTOR( '', #9768, 1000.00000000000 );
#8076 = CARTESIAN_POINT( '', ( -2.16950295148993, -3.12846130393744, 3.55600000000000 ) );
#8077 = CARTESIAN_POINT( '', ( -2.25157007037604, -2.51771871200598, 3.55600000000000 ) );
#8078 = CARTESIAN_POINT( '', ( -2.23600301099248, -2.61973584874286, 3.55600000000000 ) );
#8079 = CARTESIAN_POINT( '', ( -2.22043595160893, -2.72175298547975, 3.55600000000000 ) );
#8080 = CARTESIAN_POINT( '', ( -2.20486889222538, -2.82377012221662, 3.55600000000000 ) );
#8081 = CARTESIAN_POINT( '', ( -2.18631539242885, -2.94535859175698, 3.55600000000000 ) );
#8082 = CARTESIAN_POINT( '', ( -2.17403704645601, -3.04730100404455, 3.55600000000000 ) );
#8083 = CARTESIAN_POINT( '', ( -2.16950295148993, -3.12846130393744, 3.55600000000000 ) );
#8084 = CARTESIAN_POINT( '', ( -2.16950295148993, -3.12846130393744, 3.55600000000000 ) );
#8085 = VECTOR( '', #9769, 1000.00000000000 );
#8086 = COLOUR_RGB( '', 0.858823537826538, 0.858823537826538, 0.858823537826538 );
#8087 = CARTESIAN_POINT( '', ( -2.88861041311077, -2.54401646280927, 3.50520000000000 ) );
#8088 = CARTESIAN_POINT( '', ( -2.88861041311077, -2.54401646280927, 3.50520000000000 ) );
#8089 = CARTESIAN_POINT( '', ( -2.88861041311077, -2.47192435284854, 3.50520000000000 ) );
#8090 = CARTESIAN_POINT( '', ( -2.90357292649885, -2.40617997584033, 3.50520000000000 ) );
#8091 = CARTESIAN_POINT( '', ( -2.93304454377840, -2.34587651279142, 3.50520000000000 ) );
#8092 = CARTESIAN_POINT( '', ( -2.96242470947562, -2.28576017374942, 3.50520000000000 ) );
#8093 = CARTESIAN_POINT( '', ( -3.00740370122216, -2.23887187159185, 3.50520000000000 ) );
#8094 = CARTESIAN_POINT( '', ( -3.06634693578125, -2.20531956884283, 3.50520000000000 ) );
#8095 = CARTESIAN_POINT( '', ( -3.12548510238170, -2.17165630477796, 3.50520000000000 ) );
#8096 = CARTESIAN_POINT( '', ( -3.18695386187908, -2.15408429572608, 3.50520000000000 ) );
#8097 = CARTESIAN_POINT( '', ( -3.25224482939068, -2.15453770522270, 3.50520000000000 ) );
#8098 = CARTESIAN_POINT( '', ( -3.31480917406073, -2.15497217983846, 3.50520000000000 ) );
#8099 = CARTESIAN_POINT( '', ( -3.37466539347494, -2.16904680911416, 3.50520000000000 ) );
#8100 = CARTESIAN_POINT( '', ( -3.43134158055098, -2.19897183589031, 3.50520000000000 ) );
#8101 = CARTESIAN_POINT( '', ( -3.48783055836087, -2.22879801617394, 3.50520000000000 ) );
#8102 = CARTESIAN_POINT( '', ( -3.53879963124716, -2.27015712685782, 3.50520000000000 ) );
#8103 = CARTESIAN_POINT( '', ( -3.62857471157561, -2.37625494906418, 3.50520000000000 ) );
#8104 = CARTESIAN_POINT( '', ( -3.66348724281445, -2.44154591657578, 3.50520000000000 ) );
#8105 = CARTESIAN_POINT( '', ( -3.71517592542780, -2.59661196441584, 3.50520000000000 ) );
#8106 = CARTESIAN_POINT( '', ( -3.72832480082945, -2.67323816934265, 3.50520000000000 ) );
#8107 = CARTESIAN_POINT( '', ( -3.72832480082945, -2.87001789087067, 3.50520000000000 ) );
#8108 = CARTESIAN_POINT( '', ( -3.69431908858382, -2.96704752314487, 3.50520000000000 ) );
#8109 = CARTESIAN_POINT( '', ( -3.62630766409257, -3.03913963310560, 3.50520000000000 ) );
#8110 = CARTESIAN_POINT( '', ( -3.55808272976113, -3.11145806349691, 3.50520000000000 ) );
#8111 = CARTESIAN_POINT( '', ( -3.47396207323216, -3.14750450279499, 3.50520000000000 ) );
#8112 = CARTESIAN_POINT( '', ( -3.24589709643816, -3.14750450279499, 3.50520000000000 ) );
#8113 = CARTESIAN_POINT( '', ( -3.13299813178268, -3.09309536320199, 3.50520000000000 ) );
#8114 = CARTESIAN_POINT( '', ( -3.03506168051528, -2.98382367451937, 3.50520000000000 ) );
#8115 = CARTESIAN_POINT( '', ( -2.93732720441876, -2.87477733776354, 3.50520000000000 ) );
#8116 = CARTESIAN_POINT( '', ( -2.88861041311077, -2.72764730893566, 3.50520000000000 ) );
#8117 = CARTESIAN_POINT( '', ( -2.88861041311077, -2.54401646280927, 3.50520000000000 ) );
#8118 = COLOUR_RGB( '', 0.858823537826538, 0.858823537826538, 0.858823537826538 );
#8119 = CARTESIAN_POINT( '', ( 3.15624499567180, -2.64059268558685, 3.50520000000000 ) );
#8120 = CARTESIAN_POINT( '', ( 2.91457773397955, -2.27514463132051, 3.50520000000000 ) );
#8121 = CARTESIAN_POINT( '', ( 3.15624499567180, -2.64059268558685, 3.50520000000000 ) );
#8122 = CARTESIAN_POINT( '', ( 3.23151097210879, -2.60522674485140, 3.50520000000000 ) );
#8123 = CARTESIAN_POINT( '', ( 3.28546670220518, -2.57076762310916, 3.50520000000000 ) );
#8124 = CARTESIAN_POINT( '', ( 3.31765877646438, -2.53766872985676, 3.50520000000000 ) );
#8125 = CARTESIAN_POINT( '', ( 3.36282081082530, -2.49123452551384, 3.50520000000000 ) );
#8126 = CARTESIAN_POINT( '', ( 3.38476338196241, -2.43655841211309, 3.50520000000000 ) );
#8127 = CARTESIAN_POINT( '', ( 3.38476338196241, -2.31187080054580, 3.50520000000000 ) );
#8128 = CARTESIAN_POINT( '', ( 3.36345313562182, -2.25836847994601, 3.50520000000000 ) );
#8129 = CARTESIAN_POINT( '', ( 3.27730533126623, -2.17131385659720, 3.50520000000000 ) );
#8130 = CARTESIAN_POINT( '', ( 3.22516323915627, -2.14955020076000, 3.50520000000000 ) );
#8131 = CARTESIAN_POINT( '', ( 3.07916538124838, -2.14955020076000, 3.50520000000000 ) );
#8132 = CARTESIAN_POINT( '', ( 2.99664485286566, -2.19126387444797, 3.50520000000000 ) );
#8133 = CARTESIAN_POINT( '', ( 2.91457773397955, -2.27514463132051, 3.50520000000000 ) );
#8134 = CARTESIAN_POINT( '', ( 3.15624499567180, -2.64059268558685, 3.55600000000000 ) );
#8135 = CARTESIAN_POINT( '', ( 3.15624499567180, -2.64059268558685, 3.55600000000000 ) );
#8136 = VECTOR( '', #9770, 1000.00000000000 );
#8137 = CARTESIAN_POINT( '', ( 2.91457773397955, -2.27514463132051, 3.55600000000000 ) );
#8138 = CARTESIAN_POINT( '', ( 3.15624499567180, -2.64059268558685, 3.55600000000000 ) );
#8139 = CARTESIAN_POINT( '', ( 3.23151097210879, -2.60522674485140, 3.55600000000000 ) );
#8140 = CARTESIAN_POINT( '', ( 3.28546670220518, -2.57076762310916, 3.55600000000000 ) );
#8141 = CARTESIAN_POINT( '', ( 3.31765877646438, -2.53766872985676, 3.55600000000000 ) );
#8142 = CARTESIAN_POINT( '', ( 3.36282081082530, -2.49123452551384, 3.55600000000000 ) );
#8143 = CARTESIAN_POINT( '', ( 3.38476338196241, -2.43655841211309, 3.55600000000000 ) );
#8144 = CARTESIAN_POINT( '', ( 3.38476338196241, -2.31187080054580, 3.55600000000000 ) );
#8145 = CARTESIAN_POINT( '', ( 3.36345313562182, -2.25836847994601, 3.55600000000000 ) );
#8146 = CARTESIAN_POINT( '', ( 3.27730533126623, -2.17131385659720, 3.55600000000000 ) );
#8147 = CARTESIAN_POINT( '', ( 3.22516323915627, -2.14955020076000, 3.55600000000000 ) );
#8148 = CARTESIAN_POINT( '', ( 3.07916538124838, -2.14955020076000, 3.55600000000000 ) );
#8149 = CARTESIAN_POINT( '', ( 2.99664485286566, -2.19126387444797, 3.55600000000000 ) );
#8150 = CARTESIAN_POINT( '', ( 2.91457773397955, -2.27514463132051, 3.55600000000000 ) );
#8151 = CARTESIAN_POINT( '', ( 2.91457773397955, -2.27514463132051, 3.55600000000000 ) );
#8152 = VECTOR( '', #9771, 1000.00000000000 );
#8153 = COLOUR_RGB( '', 0.870588243007660, 0.631372570991516, 0.172549024224281 );
#8154 = CARTESIAN_POINT( '', ( -4.61645000000000, 3.75540389311319, -0.787400000000000 ) );
#8155 = CARTESIAN_POINT( '', ( 4.60375000000000, 3.75540389311319, -0.787400000000000 ) );
#8156 = VECTOR( '', #9772, 1000.00000000000 );
#8157 = CARTESIAN_POINT( '', ( -4.61645000000000, 3.75540389311319, -0.787400000000000 ) );
#8158 = VECTOR( '', #9773, 1000.00000000000 );
#8159 = COLOUR_RGB( '', 0.870588243007660, 0.631372570991516, 0.172549024224281 );
#8160 = CARTESIAN_POINT( '', ( -3.01625000000000, -4.19975252689862, -1.04402708173490 ) );
#8161 = CARTESIAN_POINT( '', ( -3.01625000000000, -4.19975252689862, -1.04402708173490 ) );
#8162 = VECTOR( '', #9774, 1000.00000000000 );
#8163 = CARTESIAN_POINT( '', ( -3.01625000000000, -3.65121416419274, -1.04402708173490 ) );
#8164 = CARTESIAN_POINT( '', ( -3.01625000000000, -3.65121416419274, -1.04402708173490 ) );
#8165 = VECTOR( '', #9775, 1000.00000000000 );
#8166 = CARTESIAN_POINT( '', ( -3.01625000000000, -3.42603784274110, -0.859091790167467 ) );
#8167 = AXIS2_PLACEMENT_3D( '', #9776, #9777, #9778 );
#8168 = CARTESIAN_POINT( '', ( -3.01625000000000, -3.25580701497173, 0.000000000000000 ) );
#8169 = CARTESIAN_POINT( '', ( -3.01625000000000, -3.42603784274110, -0.859091790167467 ) );
#8170 = VECTOR( '', #9779, 1000.00000000000 );
#8171 = CARTESIAN_POINT( '', ( -3.01625000000000, -11.5433280311199, 7.37257477290143E-015 ) );
#8172 = VECTOR( '', #9780, 1000.00000000000 );
#8173 = COLOUR_RGB( '', 0.643137276172638, 0.678431391716003, 0.698039233684540 );
#8174 = CARTESIAN_POINT( '', ( 4.60375000000000, 0.176700493150686, 3.50520000000000 ) );
#8175 = CARTESIAN_POINT( '', ( 4.60375000000000, 0.176700493150686, 3.50520000000000 ) );
#8176 = VECTOR( '', #9781, 1000.00000000000 );
#8177 = CARTESIAN_POINT( '', ( 4.60375000000000, 0.176700493150686, 2.23520000000000 ) );
#8178 = CARTESIAN_POINT( '', ( 4.60375000000000, 0.176700493150686, 2.23520000000000 ) );
#8179 = VECTOR( '', #9782, 1000.00000000000 );
#8180 = CARTESIAN_POINT( '', ( 4.60375000000000, -0.812800000000000, 2.23520000000000 ) );
#8181 = CARTESIAN_POINT( '', ( 4.60375000000000, 0.176700493150686, 2.23520000000000 ) );
#8182 = VECTOR( '', #9783, 1000.00000000000 );
#8183 = CARTESIAN_POINT( '', ( 4.60375000000000, -0.812800000000000, 2.23520000000000 ) );
#8184 = VECTOR( '', #9784, 1000.00000000000 );
#8185 = COLOUR_RGB( '', 0.858823537826538, 0.858823537826538, 0.858823537826538 );
#8186 = CARTESIAN_POINT( '', ( -3.73307749498591, 3.03986109525743, 3.50520000000000 ) );
#8187 = CARTESIAN_POINT( '', ( -3.66562751317435, 3.35632162635964, 3.50520000000000 ) );
#8188 = COLOUR_RGB( '', 0.858823537826538, 0.858823537826538, 0.858823537826538 );
#8189 = CARTESIAN_POINT( '', ( -1.58233765338211, -2.04073192157399, 3.50520000000000 ) );
#8190 = CARTESIAN_POINT( '', ( -1.58233765338211, -2.04073192157399, 3.50520000000000 ) );
#8191 = CARTESIAN_POINT( '', ( -1.40278749272520, -2.04073192157399, 3.50520000000000 ) );
#8192 = CARTESIAN_POINT( '', ( -1.58233765338211, -2.04073192157399, 3.55600000000000 ) );
#8193 = CARTESIAN_POINT( '', ( -1.58233765338211, -2.04073192157399, 3.55600000000000 ) );
#8194 = VECTOR( '', #9785, 1000.00000000000 );
#8195 = CARTESIAN_POINT( '', ( -1.58233765338211, -2.04073192157399, 3.55600000000000 ) );
#8196 = CARTESIAN_POINT( '', ( -1.40278749272520, -2.04073192157399, 3.55600000000000 ) );
#8197 = COLOUR_RGB( '', 0.643137276172638, 0.678431391716003, 0.698039233684540 );
#8198 = CARTESIAN_POINT( '', ( -4.61645000000000, -0.812800000000000, 4.29260000000000 ) );
#8199 = VECTOR( '', #9786, 1000.00000000000 );
#8200 = COLOUR_RGB( '', 0.643137276172638, 0.678431391716003, 0.698039233684540 );
#8201 = CARTESIAN_POINT( '', ( -4.61645000000000, 0.176700493150686, 2.23520000000000 ) );
#8202 = CARTESIAN_POINT( '', ( -4.61645000000000, -0.812800000000000, 2.23520000000000 ) );
#8203 = CARTESIAN_POINT( '', ( -4.61645000000000, -0.812800000000000, 2.23520000000000 ) );
#8204 = VECTOR( '', #9787, 1000.00000000000 );
#8205 = CARTESIAN_POINT( '', ( -4.61645000000000, -0.812800000000000, 2.23520000000000 ) );
#8206 = VECTOR( '', #9788, 1000.00000000000 );
#8207 = CARTESIAN_POINT( '', ( -4.61645000000000, 0.176700493150686, 2.23520000000000 ) );
#8208 = VECTOR( '', #9789, 1000.00000000000 );
#8209 = COLOUR_RGB( '', 0.858823537826538, 0.858823537826538, 0.858823537826538 );
#8210 = CARTESIAN_POINT( '', ( -4.69272680011542, -3.25949664845725, 3.50520000000000 ) );
#8211 = CARTESIAN_POINT( '', ( -4.69272680011542, -3.25949664845725, 3.50520000000000 ) );
#8212 = CARTESIAN_POINT( '', ( -4.81560077369628, -3.25949664845725, 3.50520000000000 ) );
#8213 = CARTESIAN_POINT( '', ( -4.69272680011542, -3.25949664845725, 3.55600000000000 ) );
#8214 = VECTOR( '', #9790, 1000.00000000000 );
#8215 = COLOUR_RGB( '', 0.870588243007660, 0.631372570991516, 0.172549024224281 );
#8216 = CARTESIAN_POINT( '', ( 4.60375000000000, 4.19100000000000, -1.04140000000000 ) );
#8217 = VECTOR( '', #9791, 1000.00000000000 );
#8218 = CARTESIAN_POINT( '', ( 4.60375000000000, 4.19100000000000, -0.787400000000000 ) );
#8219 = VECTOR( '', #9792, 1000.00000000000 );
#8220 = COLOUR_RGB( '', 0.858823537826538, 0.858823537826538, 0.858823537826538 );
#8221 = CARTESIAN_POINT( '', ( 0.808037212737136, -2.43610500261648, 3.50520000000000 ) );
#8222 = CARTESIAN_POINT( '', ( 0.808037212737135, -2.43610500261648, 3.50520000000000 ) );
#8223 = CARTESIAN_POINT( '', ( 0.754686028636219, -2.44079023408143, 3.50520000000000 ) );
#8224 = CARTESIAN_POINT( '', ( 0.701334844535302, -2.44547546554639, 3.50520000000000 ) );
#8225 = CARTESIAN_POINT( '', ( 0.647983660434386, -2.45016069701134, 3.50520000000000 ) );
#8226 = CARTESIAN_POINT( '', ( 0.808037212737135, -2.43610500261648, 3.55600000000000 ) );
#8227 = VECTOR( '', #9793, 1000.00000000000 );
#8228 = COLOUR_RGB( '', 0.117647059261799, 0.117647059261799, 0.117647059261799 );
#8229 = CARTESIAN_POINT( '', ( -0.473298024678075, -2.17856840854293, 3.50520000000000 ) );
#8230 = CARTESIAN_POINT( '', ( -0.671891384192534, -3.12392720897136, 3.50520000000000 ) );
#8231 = CARTESIAN_POINT( '', ( -0.473298024678075, -2.17856840854293, 3.50520000000000 ) );
#8232 = CARTESIAN_POINT( '', ( -0.537833309695331, -2.17856840854293, 3.50520000000000 ) );
#8233 = CARTESIAN_POINT( '', ( -0.602368594712585, -2.17856840854293, 3.50520000000000 ) );
#8234 = CARTESIAN_POINT( '', ( -0.666903879729842, -2.17856840854293, 3.50520000000000 ) );
#8235 = CARTESIAN_POINT( '', ( -0.754411912575254, -2.17856840854293, 3.50520000000000 ) );
#8236 = CARTESIAN_POINT( '', ( -0.831944936495283, -2.18627636998528, 3.50520000000000 ) );
#8237 = CARTESIAN_POINT( '', ( -0.899956360986535, -2.20259911186318, 3.50520000000000 ) );
#8238 = CARTESIAN_POINT( '', ( -0.941987627105562, -2.21268661573174, 3.50520000000000 ) );
#8239 = CARTESIAN_POINT( '', ( -0.978396203899781, -2.22708322468003, 3.50520000000000 ) );
#8240 = CARTESIAN_POINT( '', ( -1.00832123067593, -2.24657983303419, 3.50520000000000 ) );
#8241 = CARTESIAN_POINT( '', ( -1.04741908596590, -2.27205267814735, 3.50520000000000 ) );
#8242 = CARTESIAN_POINT( '', ( -1.08404061660953, -2.30461624860006, 3.50520000000000 ) );
#8243 = CARTESIAN_POINT( '', ( -1.11623269086872, -2.34587651279142, 3.50520000000000 ) );
#8244 = CARTESIAN_POINT( '', ( -1.15857631173975, -2.40014791418950, 3.50520000000000 ) );
#8245 = CARTESIAN_POINT( '', ( -1.19195207680232, -2.46240275341976, 3.50520000000000 ) );
#8246 = CARTESIAN_POINT( '', ( -1.24273394042245, -2.60205287837514, 3.50520000000000 ) );
#8247 = CARTESIAN_POINT( '', ( -1.25542940632748, -2.68139954028160, 3.50520000000000 ) );
#8248 = CARTESIAN_POINT( '', ( -1.25542940632748, -2.86956448137407, 3.50520000000000 ) );
#8249 = CARTESIAN_POINT( '', ( -1.23819984545637, -2.94573727680427, 3.50520000000000 ) );
#8250 = CARTESIAN_POINT( '', ( -1.16928160197190, -3.05183509901063, 3.50520000000000 ) );
#8251 = CARTESIAN_POINT( '', ( -1.12530088080089, -3.08720103974608, 3.50520000000000 ) );
#8252 = CARTESIAN_POINT( '', ( -1.07179856020110, -3.10443060061719, 3.50520000000000 ) );
#8253 = CARTESIAN_POINT( '', ( -1.03235417626073, -3.11713302934375, 3.50520000000000 ) );
#8254 = CARTESIAN_POINT( '', ( -0.971141651954047, -3.12347379947475, 3.50520000000000 ) );
#8255 = CARTESIAN_POINT( '', ( -0.887714304578110, -3.12392720897136, 3.50520000000000 ) );
#8256 = CARTESIAN_POINT( '', ( -0.815775455964096, -3.12431818097469, 3.50520000000000 ) );
#8257 = CARTESIAN_POINT( '', ( -0.743832357654392, -3.12392720897136, 3.50520000000000 ) );
#8258 = CARTESIAN_POINT( '', ( -0.671891384192534, -3.12392720897136, 3.50520000000000 ) );
#8259 = CARTESIAN_POINT( '', ( -0.671891384192534, -3.12392720897136, 3.50520000000000 ) );
#8260 = CARTESIAN_POINT( '', ( -0.605693597687715, -2.80880760882855, 3.50520000000000 ) );
#8261 = CARTESIAN_POINT( '', ( -0.539495811182894, -2.49368800868574, 3.50520000000000 ) );
#8262 = CARTESIAN_POINT( '', ( -0.473298024678075, -2.17856840854293, 3.50520000000000 ) );
#8263 = COLOUR_RGB( '', 0.870588243007660, 0.631372570991516, 0.172549024224281 );
#8264 = CARTESIAN_POINT( '', ( 4.60375000000000, 3.64246163729411, -1.04140000000000 ) );
#8265 = CARTESIAN_POINT( '', ( 3.00355000000000, 3.64246163729411, -1.04140000000000 ) );
#8266 = CARTESIAN_POINT( '', ( 4.60375000000000, 3.64246163729411, -1.04140000000000 ) );
#8267 = VECTOR( '', #9794, 1000.00000000000 );
#8268 = CARTESIAN_POINT( '', ( 3.00355000000000, 4.19100000000000, -1.04140000000000 ) );
#8269 = CARTESIAN_POINT( '', ( 3.00355000000000, 3.64246163729411, -1.04140000000000 ) );
#8270 = VECTOR( '', #9795, 1000.00000000000 );
#8271 = CARTESIAN_POINT( '', ( 4.60375000000000, 4.19100000000000, -1.04140000000000 ) );
#8272 = CARTESIAN_POINT( '', ( 4.60375000000000, 4.19100000000000, -1.04140000000000 ) );
#8273 = VECTOR( '', #9796, 1000.00000000000 );
#8274 = CARTESIAN_POINT( '', ( 4.60375000000000, 3.64246163729411, -1.04140000000000 ) );
#8275 = VECTOR( '', #9797, 1000.00000000000 );
#8276 = COLOUR_RGB( '', 0.858823537826538, 0.858823537826538, 0.858823537826538 );
#8277 = CARTESIAN_POINT( '', ( -0.811938899132879, 2.42911536953898, 3.50520000000000 ) );
#8278 = CARTESIAN_POINT( '', ( -0.811938899132879, 2.42911536953898, 3.50520000000000 ) );
#8279 = CARTESIAN_POINT( '', ( -0.836886152679623, 2.32701642446804, 3.50520000000000 ) );
#8280 = CARTESIAN_POINT( '', ( -0.884932715065945, 2.24801678823669, 3.50520000000000 ) );
#8281 = CARTESIAN_POINT( '', ( -0.955616600115054, 2.19165447466812, 3.50520000000000 ) );
#8282 = CARTESIAN_POINT( '', ( -1.02607528907151, 2.13547172922571, 3.50520000000000 ) );
#8283 = CARTESIAN_POINT( '', ( -1.10991998316343, 2.10803497666885, 3.50520000000000 ) );
#8284 = CARTESIAN_POINT( '', ( -1.20647509411287, 2.10757299049206, 3.50520000000000 ) );
#8285 = CARTESIAN_POINT( '', ( -1.30856949145119, 2.10708450055264, 3.50520000000000 ) );
#8286 = CARTESIAN_POINT( '', ( -1.39080757865270, 2.13898805051388, 3.50520000000000 ) );
#8287 = CARTESIAN_POINT( '', ( -1.45409968487315, 2.20043221202716, 3.50520000000000 ) );
#8288 = CARTESIAN_POINT( '', ( -1.51762268280810, 2.26210052389101, 3.50520000000000 ) );
#8289 = CARTESIAN_POINT( '', ( -1.54880685111542, 2.33764210653425, 3.50520000000000 ) );
#8290 = CARTESIAN_POINT( '', ( -1.54880685111542, 2.49333144811301, 3.50520000000000 ) );
#8291 = CARTESIAN_POINT( '', ( -1.53171336257413, 2.55061773403516, 3.50520000000000 ) );
#8292 = CARTESIAN_POINT( '', ( -1.49798837166835, 2.59958826877507, 3.50520000000000 ) );
#8293 = CARTESIAN_POINT( '', ( -1.46441200281726, 2.64834299614787, 3.50520000000000 ) );
#8294 = CARTESIAN_POINT( '', ( -1.41344490131549, 2.68921358707263, 3.50520000000000 ) );
#8295 = CARTESIAN_POINT( '', ( -1.34507094715034, 2.72109063327124, 3.50520000000000 ) );
#8296 = CARTESIAN_POINT( '', ( -0.811938899132879, 2.42911536953898, 3.55600000000000 ) );
#8297 = CARTESIAN_POINT( '', ( -0.811938899132879, 2.42911536953898, 3.55600000000000 ) );
#8298 = VECTOR( '', #9798, 1000.00000000000 );
#8299 = CARTESIAN_POINT( '', ( -0.811938899132879, 2.42911536953898, 3.55600000000000 ) );
#8300 = CARTESIAN_POINT( '', ( -0.836886152679623, 2.32701642446804, 3.55600000000000 ) );
#8301 = CARTESIAN_POINT( '', ( -0.884932715065945, 2.24801678823669, 3.55600000000000 ) );
#8302 = CARTESIAN_POINT( '', ( -0.955616600115054, 2.19165447466812, 3.55600000000000 ) );
#8303 = CARTESIAN_POINT( '', ( -1.02607528907151, 2.13547172922571, 3.55600000000000 ) );
#8304 = CARTESIAN_POINT( '', ( -1.10991998316343, 2.10803497666885, 3.55600000000000 ) );
#8305 = CARTESIAN_POINT( '', ( -1.20647509411287, 2.10757299049206, 3.55600000000000 ) );
#8306 = CARTESIAN_POINT( '', ( -1.30856949145119, 2.10708450055264, 3.55600000000000 ) );
#8307 = CARTESIAN_POINT( '', ( -1.39080757865270, 2.13898805051388, 3.55600000000000 ) );
#8308 = CARTESIAN_POINT( '', ( -1.45409968487315, 2.20043221202716, 3.55600000000000 ) );
#8309 = CARTESIAN_POINT( '', ( -1.51762268280810, 2.26210052389101, 3.55600000000000 ) );
#8310 = CARTESIAN_POINT( '', ( -1.54880685111542, 2.33764210653425, 3.55600000000000 ) );
#8311 = CARTESIAN_POINT( '', ( -1.54880685111542, 2.49333144811301, 3.55600000000000 ) );
#8312 = CARTESIAN_POINT( '', ( -1.53171336257413, 2.55061773403516, 3.55600000000000 ) );
#8313 = CARTESIAN_POINT( '', ( -1.49798837166835, 2.59958826877507, 3.55600000000000 ) );
#8314 = CARTESIAN_POINT( '', ( -1.46441200281726, 2.64834299614787, 3.55600000000000 ) );
#8315 = CARTESIAN_POINT( '', ( -1.41344490131549, 2.68921358707263, 3.55600000000000 ) );
#8316 = CARTESIAN_POINT( '', ( -1.34507094715034, 2.72109063327124, 3.55600000000000 ) );
#8317 = COLOUR_RGB( '', 0.858823537826538, 0.858823537826538, 0.858823537826538 );
#8318 = CARTESIAN_POINT( '', ( 1.60830497425088, -2.04073192157399, 3.50520000000000 ) );
#8319 = CARTESIAN_POINT( '', ( 1.96060415311557, -2.66008929394101, 3.50520000000000 ) );
#8320 = CARTESIAN_POINT( '', ( 1.60830497425088, -2.04073192157399, 3.55600000000000 ) );
#8321 = CARTESIAN_POINT( '', ( 1.96060415311557, -2.66008929394101, 3.55600000000000 ) );
#8322 = COLOUR_RGB( '', 0.117647059261799, 0.117647059261799, 0.117647059261799 );
#8323 = CARTESIAN_POINT( '', ( 2.91457773397955, -2.27514463132051, 3.50520000000000 ) );
#8324 = CARTESIAN_POINT( '', ( 3.01795509920626, -2.41116748030302, 3.50520000000000 ) );
#8325 = CARTESIAN_POINT( '', ( 3.09866198960254, -2.53268122539406, 3.50520000000000 ) );
#8326 = CARTESIAN_POINT( '', ( 3.15624499567180, -2.64059268558685, 3.50520000000000 ) );
#8327 = COLOUR_RGB( '', 0.870588243007660, 0.631372570991516, 0.172549024224281 );
#8328 = CARTESIAN_POINT( '', ( 3.00355000000000, -3.65121416419274, -1.04402708173490 ) );
#8329 = VECTOR( '', #9799, 1000.00000000000 );
#8330 = CARTESIAN_POINT( '', ( 4.60375000000000, -3.65121416419274, -1.04402708173490 ) );
#8331 = VECTOR( '', #9800, 1000.00000000000 );
#8332 = COLOUR_RGB( '', 0.870588243007660, 0.631372570991516, 0.172549024224281 );
#8333 = CARTESIAN_POINT( '', ( -0.476250000000000, -4.19975252689862, -1.04402708173490 ) );
#8334 = CARTESIAN_POINT( '', ( 4.60375000000000, -4.19975252689862, -1.04402708173490 ) );
#8335 = VECTOR( '', #9801, 1000.00000000000 );
#8336 = CARTESIAN_POINT( '', ( -0.476250000000000, -4.19975252689862, -0.790027081734903 ) );
#8337 = CARTESIAN_POINT( '', ( -0.476250000000000, -4.19975252689862, -1.04402708173490 ) );
#8338 = VECTOR( '', #9802, 1000.00000000000 );
#8339 = CARTESIAN_POINT( '', ( 4.60375000000000, -4.19975252689862, -0.790027081734903 ) );
#8340 = VECTOR( '', #9803, 1000.00000000000 );
#8341 = COLOUR_RGB( '', 0.858823537826538, 0.858823537826538, 0.858823537826538 );
#8342 = CARTESIAN_POINT( '', ( 1.72713712851354, 3.35632162635964, 3.55600000000000 ) );
#8343 = CARTESIAN_POINT( '', ( 0.986111300939875, 3.35632162635964, 3.55600000000000 ) );
#8344 = CARTESIAN_POINT( '', ( 1.23311991013110, 3.35632162635964, 3.55600000000000 ) );
#8345 = CARTESIAN_POINT( '', ( 1.48012851932232, 3.35632162635964, 3.55600000000000 ) );
#8346 = CARTESIAN_POINT( '', ( 1.72713712851354, 3.35632162635964, 3.55600000000000 ) );
#8347 = CARTESIAN_POINT( '', ( 1.61164058431565, 2.46376433279835, 3.55600000000000 ) );
#8348 = CARTESIAN_POINT( '', ( 1.61164058431565, 2.46376433279835, 3.55600000000000 ) );
#8349 = CARTESIAN_POINT( '', ( 1.59685702665832, 2.35381162272196, 3.55600000000000 ) );
#8350 = CARTESIAN_POINT( '', ( 1.55389231221670, 2.26649623530835, 3.55600000000000 ) );
#8351 = CARTESIAN_POINT( '', ( 1.48320842716759, 2.20320412908790, 3.55600000000000 ) );
#8352 = CARTESIAN_POINT( '', ( 1.41226813749018, 2.13968243179506, 3.55600000000000 ) );
#8353 = CARTESIAN_POINT( '', ( 1.32382319617451, 2.10803497666885, 3.55600000000000 ) );
#8354 = CARTESIAN_POINT( '', ( 1.21802836168924, 2.10757299049206, 3.55600000000000 ) );
#8355 = CARTESIAN_POINT( '', ( 1.14734784185731, 2.10726434193384, 3.55600000000000 ) );
#8356 = CARTESIAN_POINT( '', ( 1.08359038424289, 2.12281853432617, 3.55600000000000 ) );
#8357 = CARTESIAN_POINT( '', ( 1.02630409832074, 2.15192366346405, 3.55600000000000 ) );
#8358 = CARTESIAN_POINT( '', ( 0.968464049903501, 2.18131013967603, 3.55600000000000 ) );
#8359 = CARTESIAN_POINT( '', ( 0.925591111780181, 2.22260754851316, 3.55600000000000 ) );
#8360 = CARTESIAN_POINT( '', ( 0.896947968819103, 2.27573595884418, 3.55600000000000 ) );
#8361 = CARTESIAN_POINT( '', ( 0.868200784914586, 2.32905734834450, 3.55600000000000 ) );
#8362 = CARTESIAN_POINT( '', ( 0.853521268200697, 2.38384072421341, 3.55600000000000 ) );
#8363 = CARTESIAN_POINT( '', ( 0.853521268200697, 2.52289856342767, 3.55600000000000 ) );
#8364 = CARTESIAN_POINT( '', ( 0.883088383515357, 2.60236018583581, 3.55600000000000 ) );
#8365 = CARTESIAN_POINT( '', ( 0.941760627967885, 2.67858790500642, 3.55600000000000 ) );
#8366 = CARTESIAN_POINT( '', ( 0.978166543177957, 2.72588692870455, 3.55600000000000 ) );
#8367 = CARTESIAN_POINT( '', ( 1.08405237041969, 2.81995567510464, 3.55600000000000 ) );
#8368 = CARTESIAN_POINT( '', ( 1.26006910377727, 2.95947550049569, 3.55600000000000 ) );
#8369 = CARTESIAN_POINT( '', ( 1.33583601731664, 3.01953221411483, 3.55600000000000 ) );
#8370 = CARTESIAN_POINT( '', ( 1.39219715033966, 3.06896622439529, 3.55600000000000 ) );
#8371 = CARTESIAN_POINT( '', ( 1.42915604448298, 3.10731107706899, 3.55600000000000 ) );
#8372 = CARTESIAN_POINT( '', ( 1.46634577527420, 3.14589542276489, 3.55600000000000 ) );
#8373 = CARTESIAN_POINT( '', ( 1.49383410923380, 3.18215283770923, 3.55600000000000 ) );
#8374 = CARTESIAN_POINT( '', ( 1.51277554248226, 3.21587782861501, 3.55600000000000 ) );
#8375 = CARTESIAN_POINT( '', ( 1.46149507685839, 2.48593966928434, 3.55600000000000 ) );
#8376 = CARTESIAN_POINT( '', ( 1.46149507685839, 2.48593966928434, 3.55600000000000 ) );
#8377 = CARTESIAN_POINT( '', ( 1.51154357934415, 2.47854789045568, 3.55600000000000 ) );
#8378 = CARTESIAN_POINT( '', ( 1.56159208182990, 2.47115611162701, 3.55600000000000 ) );
#8379 = CARTESIAN_POINT( '', ( 1.61164058431565, 2.46376433279835, 3.55600000000000 ) );
#8380 = CARTESIAN_POINT( '', ( 1.72713712851354, 3.35632162635964, 3.55600000000000 ) );
#8381 = CARTESIAN_POINT( '', ( 1.71142959850263, 3.28240383807300, 3.55600000000000 ) );
#8382 = CARTESIAN_POINT( '', ( 1.68971624819342, 3.22049769038293, 3.55600000000000 ) );
#8383 = CARTESIAN_POINT( '', ( 1.66153509140914, 3.17014119711265, 3.55600000000000 ) );
#8384 = CARTESIAN_POINT( '', ( 1.63366099760738, 3.12033339015539, 3.55600000000000 ) );
#8385 = CARTESIAN_POINT( '', ( 1.59639504048153, 3.07312409998642, 3.55600000000000 ) );
#8386 = CARTESIAN_POINT( '', ( 1.55019642280237, 3.02784945466085, 3.55600000000000 ) );
#8387 = CARTESIAN_POINT( '', ( 1.50422875107978, 2.98280113637270, 3.55600000000000 ) );
#8388 = CARTESIAN_POINT( '', ( 1.41483447300244, 2.90773304869504, 3.55600000000000 ) );
#8389 = CARTESIAN_POINT( '', ( 1.28270642644006, 2.80147622803298, 3.55600000000000 ) );
#8390 = CARTESIAN_POINT( '', ( 1.20303683205192, 2.73740627450406, 3.55600000000000 ) );
#8391 = CARTESIAN_POINT( '', ( 1.14780646281692, 2.69059954560301, 3.55600000000000 ) );
#8392 = CARTESIAN_POINT( '', ( 1.11870133367905, 2.65964647175797, 3.55600000000000 ) );
#8393 = CARTESIAN_POINT( '', ( 1.07685367756110, 2.61514182160078, 3.55600000000000 ) );
#8394 = CARTESIAN_POINT( '', ( 1.04570751774599, 2.57233108434437, 3.55600000000000 ) );
#8395 = CARTESIAN_POINT( '', ( 1.02630409832074, 2.52982835607954, 3.55600000000000 ) );
#8396 = CARTESIAN_POINT( '', ( 1.01325213061975, 2.50123833159167, 3.55600000000000 ) );
#8397 = CARTESIAN_POINT( '', ( 1.00690067889549, 2.46977015309664, 3.55600000000000 ) );
#8398 = CARTESIAN_POINT( '', ( 1.00690067889549, 2.37875887626870, 3.55600000000000 ) );
#8399 = CARTESIAN_POINT( '', ( 1.02722807067432, 2.32978834152880, 3.55600000000000 ) );
#8400 = CARTESIAN_POINT( '', ( 1.10761366543606, 2.25032671912065, 3.55600000000000 ) );
#8401 = CARTESIAN_POINT( '', ( 1.15750817252954, 2.22999932734182, 3.55600000000000 ) );
#8402 = CARTESIAN_POINT( '', ( 1.27392868908102, 2.22999932734182, 3.55600000000000 ) );
#8403 = CARTESIAN_POINT( '', ( 1.32474716852809, 2.25032671912065, 3.55600000000000 ) );
#8404 = CARTESIAN_POINT( '', ( 1.36863585532329, 2.29098150267830, 3.55600000000000 ) );
#8405 = CARTESIAN_POINT( '', ( 1.41204558513336, 2.33119262081817, 3.55600000000000 ) );
#8406 = CARTESIAN_POINT( '', ( 1.44301562978673, 2.39631435098678, 3.55600000000000 ) );
#8407 = CARTESIAN_POINT( '', ( 1.46149507685839, 2.48593966928434, 3.55600000000000 ) );
#8408 = COLOUR_RGB( '', 0.643137276172638, 0.678431391716003, 0.698039233684540 );
#8409 = CARTESIAN_POINT( '', ( -0.480434309709586, -1.60020000000000, 3.50520000000000 ) );
#8410 = CARTESIAN_POINT( '', ( -0.480434309709586, -1.60020000000000, 3.50520000000000 ) );
#8411 = VECTOR( '', #9804, 1000.00000000000 );
#8412 = CARTESIAN_POINT( '', ( -0.480434309709586, -0.812800000000000, 3.50520000000000 ) );
#8413 = CARTESIAN_POINT( '', ( -0.480434309709586, 14.2486756550320, 3.50520000000000 ) );
#8414 = VECTOR( '', #9805, 1000.00000000000 );
#8415 = CARTESIAN_POINT( '', ( -0.480434309709585, -0.812800000000000, 4.29260000000000 ) );
#8416 = VECTOR( '', #9806, 1000.00000000000 );
#8417 = COLOUR_RGB( '', 0.643137276172638, 0.678431391716003, 0.698039233684540 );
#8418 = CARTESIAN_POINT( '', ( 2.99936569029042, -1.60020000000000, 4.29260000000000 ) );
#8419 = CARTESIAN_POINT( '', ( 2.99936569029042, -0.812800000000000, 4.29260000000000 ) );
#8420 = CARTESIAN_POINT( '', ( 2.99936569029042, -1.60020000000000, 4.29260000000000 ) );
#8421 = VECTOR( '', #9807, 1000.00000000000 );
#8422 = CARTESIAN_POINT( '', ( 2.99936569029042, -0.812800000000000, 3.50520000000000 ) );
#8423 = CARTESIAN_POINT( '', ( 2.99936569029042, -0.812800000000000, 4.29260000000000 ) );
#8424 = VECTOR( '', #9808, 1000.00000000000 );
#8425 = CARTESIAN_POINT( '', ( 2.99936569029042, -1.60020000000000, 3.50520000000000 ) );
#8426 = CARTESIAN_POINT( '', ( 2.99936569029042, 14.2486756550320, 3.50520000000000 ) );
#8427 = VECTOR( '', #9809, 1000.00000000000 );
#8428 = CARTESIAN_POINT( '', ( 2.99936569029042, -1.60020000000000, 3.50520000000000 ) );
#8429 = VECTOR( '', #9810, 1000.00000000000 );
#8430 = COLOUR_RGB( '', 0.858823537826538, 0.858823537826538, 0.858823537826538 );
#8431 = CARTESIAN_POINT( '', ( -2.33000991328929, -2.04073192157399, 3.50520000000000 ) );
#8432 = CARTESIAN_POINT( '', ( -2.33000991328929, -2.04073192157399, 3.50520000000000 ) );
#8433 = CARTESIAN_POINT( '', ( -2.27152008822681, -2.39121746245225, 3.50520000000000 ) );
#8434 = CARTESIAN_POINT( '', ( -2.33000991328929, -2.04073192157399, 3.55600000000000 ) );
#8435 = CARTESIAN_POINT( '', ( -2.33000991328929, -2.04073192157399, 3.55600000000000 ) );
#8436 = VECTOR( '', #9811, 1000.00000000000 );
#8437 = CARTESIAN_POINT( '', ( -2.33000991328929, -2.04073192157399, 3.55600000000000 ) );
#8438 = CARTESIAN_POINT( '', ( -2.27152008822681, -2.39121746245225, 3.55600000000000 ) );
#8439 = COLOUR_RGB( '', 0.870588243007660, 0.631372570991516, 0.172549024224281 );
#8440 = COLOUR_RGB( '', 0.858823537826538, 0.858823537826538, 0.858823537826538 );
#8441 = CARTESIAN_POINT( '', ( 3.95668241770961, 2.44020303778198, 3.50520000000000 ) );
#8442 = CARTESIAN_POINT( '', ( 3.49977808886276, 2.10757299049206, 3.50520000000000 ) );
#8443 = CARTESIAN_POINT( '', ( 3.95668241770961, 2.44020303778198, 3.50520000000000 ) );
#8444 = CARTESIAN_POINT( '', ( 3.87999271236221, 2.40971195011374, 3.50520000000000 ) );
#8445 = CARTESIAN_POINT( '', ( 3.80468896554519, 2.36951915273287, 3.50520000000000 ) );
#8446 = CARTESIAN_POINT( '', ( 3.73030919108174, 2.32008663181617, 3.50520000000000 ) );
#8447 = CARTESIAN_POINT( '', ( 3.65624986466992, 2.27086707948036, 3.50520000000000 ) );
#8448 = CARTESIAN_POINT( '', ( 3.60049107540332, 2.22768939645786, 3.50520000000000 ) );
#8449 = CARTESIAN_POINT( '', ( 3.56353218125999, 2.19073050231453, 3.50520000000000 ) );
#8450 = CARTESIAN_POINT( '', ( 3.54112585168560, 2.16832417274015, 3.50520000000000 ) );
#8451 = CARTESIAN_POINT( '', ( 3.52010548064159, 2.14037400904426, 3.50520000000000 ) );
#8452 = CARTESIAN_POINT( '', ( 3.49977808886276, 2.10757299049206, 3.50520000000000 ) );
#8453 = CARTESIAN_POINT( '', ( 3.95668241770961, 2.44020303778198, 3.55600000000000 ) );
#8454 = CARTESIAN_POINT( '', ( 3.95668241770961, 2.44020303778198, 3.55600000000000 ) );
#8455 = VECTOR( '', #9812, 1000.00000000000 );
#8456 = CARTESIAN_POINT( '', ( 3.49977808886276, 2.10757299049206, 3.55600000000000 ) );
#8457 = CARTESIAN_POINT( '', ( 3.95668241770961, 2.44020303778198, 3.55600000000000 ) );
#8458 = CARTESIAN_POINT( '', ( 3.87999271236221, 2.40971195011374, 3.55600000000000 ) );
#8459 = CARTESIAN_POINT( '', ( 3.80468896554519, 2.36951915273287, 3.55600000000000 ) );
#8460 = CARTESIAN_POINT( '', ( 3.73030919108174, 2.32008663181617, 3.55600000000000 ) );
#8461 = CARTESIAN_POINT( '', ( 3.65624986466992, 2.27086707948036, 3.55600000000000 ) );
#8462 = CARTESIAN_POINT( '', ( 3.60049107540332, 2.22768939645786, 3.55600000000000 ) );
#8463 = CARTESIAN_POINT( '', ( 3.56353218125999, 2.19073050231453, 3.55600000000000 ) );
#8464 = CARTESIAN_POINT( '', ( 3.54112585168560, 2.16832417274015, 3.55600000000000 ) );
#8465 = CARTESIAN_POINT( '', ( 3.52010548064159, 2.14037400904426, 3.55600000000000 ) );
#8466 = CARTESIAN_POINT( '', ( 3.49977808886276, 2.10757299049206, 3.55600000000000 ) );
#8467 = CARTESIAN_POINT( '', ( 3.49977808886276, 2.10757299049206, 3.55600000000000 ) );
#8468 = VECTOR( '', #9813, 1000.00000000000 );
#8469 = COLOUR_RGB( '', 0.870588243007660, 0.631372570991516, 0.172549024224281 );
#8470 = CARTESIAN_POINT( '', ( -2.07645000000000, 3.64246163729411, -1.04140000000000 ) );
#8471 = VECTOR( '', #9814, 1000.00000000000 );
#8472 = COLOUR_RGB( '', 0.117647059261799, 0.117647059261799, 0.117647059261799 );
#8473 = CARTESIAN_POINT( '', ( 4.60375000000000, -3.50520000000000, 0.000000000000000 ) );
#8474 = CARTESIAN_POINT( '', ( 4.60375000000000, -3.50520000000000, 3.50520000000000 ) );
#8475 = VECTOR( '', #9815, 1000.00000000000 );
#8476 = CARTESIAN_POINT( '', ( 6.15950000000000, -3.50520000000000, 0.000000000000000 ) );
#8477 = CARTESIAN_POINT( '', ( -6.15950000000000, -3.50520000000000, 0.000000000000000 ) );
#8478 = VECTOR( '', #9816, 1000.00000000000 );
#8479 = CARTESIAN_POINT( '', ( 6.15950000000000, -3.50520000000000, 3.50520000000000 ) );
#8480 = CARTESIAN_POINT( '', ( 6.15950000000000, -3.50520000000000, 3.50520000000000 ) );
#8481 = VECTOR( '', #9817, 1000.00000000000 );
#8482 = CARTESIAN_POINT( '', ( -6.15950000000000, -3.50520000000000, 3.50520000000000 ) );
#8483 = VECTOR( '', #9818, 1000.00000000000 );
#8484 = CARTESIAN_POINT( '', ( -4.61645000000000, -3.50520000000000, 0.000000000000000 ) );
#8485 = CARTESIAN_POINT( '', ( -6.15950000000000, -3.50520000000000, 0.000000000000000 ) );
#8486 = VECTOR( '', #9819, 1000.00000000000 );
#8487 = CARTESIAN_POINT( '', ( -4.61645000000000, -3.50520000000000, 3.50520000000000 ) );
#8488 = VECTOR( '', #9820, 1000.00000000000 );
#8489 = COLOUR_RGB( '', 0.870588243007660, 0.631372570991516, 0.172549024224281 );
#8490 = CARTESIAN_POINT( '', ( 3.00355000000000, 4.19100000000000, -0.787400000000000 ) );
#8491 = CARTESIAN_POINT( '', ( 3.00355000000000, 4.19100000000000, 7.37257477290143E-015 ) );
#8492 = VECTOR( '', #9821, 1000.00000000000 );
#8493 = CARTESIAN_POINT( '', ( 4.60375000000000, 4.19100000000000, -0.787400000000000 ) );
#8494 = CARTESIAN_POINT( '', ( 4.60375000000000, 4.19100000000000, -0.787400000000000 ) );
#8495 = VECTOR( '', #9822, 1000.00000000000 );
#8496 = CARTESIAN_POINT( '', ( 4.60375000000000, 4.19100000000000, -1.04140000000000 ) );
#8497 = VECTOR( '', #9823, 1000.00000000000 );
#8498 = COLOUR_RGB( '', 0.858823537826538, 0.858823537826538, 0.858823537826538 );
#8499 = CARTESIAN_POINT( '', ( 3.98532556067069, 2.57879889081945, 3.50520000000000 ) );
#8500 = CARTESIAN_POINT( '', ( 3.98532556067069, 2.57879889081945, 3.50520000000000 ) );
#8501 = CARTESIAN_POINT( '', ( 3.97577784635033, 2.53260027314029, 3.50520000000000 ) );
#8502 = CARTESIAN_POINT( '', ( 3.96623013202997, 2.48640165546114, 3.50520000000000 ) );
#8503 = CARTESIAN_POINT( '', ( 3.95668241770961, 2.44020303778198, 3.50520000000000 ) );
#8504 = CARTESIAN_POINT( '', ( 3.98532556067069, 2.57879889081945, 3.55600000000000 ) );
#8505 = CARTESIAN_POINT( '', ( 3.98532556067069, 2.57879889081945, 3.55600000000000 ) );
#8506 = VECTOR( '', #9824, 1000.00000000000 );
#8507 = CARTESIAN_POINT( '', ( 3.98532556067069, 2.57879889081945, 3.55600000000000 ) );
#8508 = CARTESIAN_POINT( '', ( 3.97577784635033, 2.53260027314029, 3.55600000000000 ) );
#8509 = CARTESIAN_POINT( '', ( 3.96623013202997, 2.48640165546114, 3.55600000000000 ) );
#8510 = CARTESIAN_POINT( '', ( 3.95668241770961, 2.44020303778198, 3.55600000000000 ) );
#8511 = COLOUR_RGB( '', 0.643137276172638, 0.678431391716003, 0.698039233684540 );
#8512 = CARTESIAN_POINT( '', ( 0.463550000000000, 0.176700493150686, 3.50520000000000 ) );
#8513 = CARTESIAN_POINT( '', ( 0.463550000000000, -0.812800000000000, 3.50520000000000 ) );
#8514 = CARTESIAN_POINT( '', ( 0.463550000000000, -0.812800000000000, 3.50520000000000 ) );
#8515 = VECTOR( '', #9825, 1000.00000000000 );
#8516 = CARTESIAN_POINT( '', ( 0.463550000000000, -0.812800000000000, 2.23520000000000 ) );
#8517 = CARTESIAN_POINT( '', ( 0.463550000000000, -0.812800000000000, 2.23520000000000 ) );
#8518 = VECTOR( '', #9826, 1000.00000000000 );
#8519 = CARTESIAN_POINT( '', ( 0.463550000000000, 0.176700493150686, 2.23520000000000 ) );
#8520 = CARTESIAN_POINT( '', ( 0.463550000000000, -0.812800000000000, 2.23520000000000 ) );
#8521 = VECTOR( '', #9827, 1000.00000000000 );
#8522 = CARTESIAN_POINT( '', ( 0.463550000000000, 0.176700493150686, 2.23520000000000 ) );
#8523 = VECTOR( '', #9828, 1000.00000000000 );
#8524 = COLOUR_RGB( '', 0.858823537826538, 0.858823537826538, 0.858823537826538 );
#8525 = CARTESIAN_POINT( '', ( 1.27323535625731, -3.26131028644369, 3.50520000000000 ) );
#8526 = CARTESIAN_POINT( '', ( 1.84090404601096, -2.76346665916772, 3.50520000000000 ) );
#8527 = CARTESIAN_POINT( '', ( 1.27323535625731, -3.26131028644369, 3.55600000000000 ) );
#8528 = CARTESIAN_POINT( '', ( 1.84090404601096, -2.76346665916772, 3.55600000000000 ) );
#8529 = COLOUR_RGB( '', 0.870588243007660, 0.631372570991516, 0.172549024224281 );
#8530 = CARTESIAN_POINT( '', ( 4.60375000000000, 3.75540389311319, -0.787400000000000 ) );
#8531 = VECTOR( '', #9829, 1000.00000000000 );
#8532 = COLOUR_RGB( '', 0.858823537826538, 0.858823537826538, 0.858823537826538 );
#8533 = CARTESIAN_POINT( '', ( 2.71371732698205, -2.26925030786461, 3.50520000000000 ) );
#8534 = CARTESIAN_POINT( '', ( 2.57406720202667, -2.10239561311273, 3.50520000000000 ) );
#8535 = CARTESIAN_POINT( '', ( 2.71371732698205, -2.26925030786461, 3.50520000000000 ) );
#8536 = CARTESIAN_POINT( '', ( 2.67789797674999, -2.22300253921056, 3.50520000000000 ) );
#8537 = CARTESIAN_POINT( '', ( 2.63119679859933, -2.16723317112773, 3.50520000000000 ) );
#8538 = CARTESIAN_POINT( '', ( 2.57406720202667, -2.10239561311273, 3.50520000000000 ) );
#8539 = CARTESIAN_POINT( '', ( 2.71371732698205, -2.26925030786461, 3.55600000000000 ) );
#8540 = CARTESIAN_POINT( '', ( 2.71371732698205, -2.26925030786461, 3.55600000000000 ) );
#8541 = VECTOR( '', #9830, 1000.00000000000 );
#8542 = CARTESIAN_POINT( '', ( 2.57406720202667, -2.10239561311273, 3.55600000000000 ) );
#8543 = CARTESIAN_POINT( '', ( 2.71371732698205, -2.26925030786461, 3.55600000000000 ) );
#8544 = CARTESIAN_POINT( '', ( 2.67789797674999, -2.22300253921056, 3.55600000000000 ) );
#8545 = CARTESIAN_POINT( '', ( 2.63119679859933, -2.16723317112773, 3.55600000000000 ) );
#8546 = CARTESIAN_POINT( '', ( 2.57406720202667, -2.10239561311273, 3.55600000000000 ) );
#8547 = CARTESIAN_POINT( '', ( 2.57406720202667, -2.10239561311273, 3.55600000000000 ) );
#8548 = VECTOR( '', #9831, 1000.00000000000 );
#8549 = COLOUR_RGB( '', 0.858823537826538, 0.858823537826538, 0.858823537826538 );
#8550 = CARTESIAN_POINT( '', ( 3.62774825983402, 2.41848968747278, 3.50520000000000 ) );
#8551 = CARTESIAN_POINT( '', ( 3.62774825983402, 2.41848968747278, 3.50520000000000 ) );
#8552 = CARTESIAN_POINT( '', ( 3.71229173018688, 2.48547768310755, 3.50520000000000 ) );
#8553 = CARTESIAN_POINT( '', ( 3.83148416379909, 2.53906807961537, 3.50520000000000 ) );
#8554 = CARTESIAN_POINT( '', ( 3.98532556067069, 2.57879889081945, 3.50520000000000 ) );
#8555 = CARTESIAN_POINT( '', ( 3.62774825983402, 2.41848968747278, 3.55600000000000 ) );
#8556 = CARTESIAN_POINT( '', ( 3.62774825983402, 2.41848968747278, 3.55600000000000 ) );
#8557 = VECTOR( '', #9832, 1000.00000000000 );
#8558 = CARTESIAN_POINT( '', ( 3.62774825983402, 2.41848968747278, 3.55600000000000 ) );
#8559 = CARTESIAN_POINT( '', ( 3.71229173018688, 2.48547768310755, 3.55600000000000 ) );
#8560 = CARTESIAN_POINT( '', ( 3.83148416379909, 2.53906807961537, 3.55600000000000 ) );
#8561 = CARTESIAN_POINT( '', ( 3.98532556067069, 2.57879889081945, 3.55600000000000 ) );
#8562 = COLOUR_RGB( '', 0.870588243007660, 0.631372570991516, 0.172549024224281 );
#8563 = CARTESIAN_POINT( '', ( 3.00355000000000, 3.75540389311319, -0.787400000000000 ) );
#8564 = VECTOR( '', #9833, 1000.00000000000 );
#8565 = AXIS2_PLACEMENT_3D( '', #9834, #9835, #9836 );
#8566 = CARTESIAN_POINT( '', ( 3.00355000000000, -11.5433280311199, 7.37257477290143E-015 ) );
#8567 = VECTOR( '', #9837, 1000.00000000000 );
#8568 = COLOUR_RGB( '', 0.858823537826538, 0.858823537826538, 0.858823537826538 );
#8569 = CARTESIAN_POINT( '', ( -3.57969808429112, 3.03986109525743, 3.50520000000000 ) );
#8570 = CARTESIAN_POINT( '', ( -3.07243726217399, 3.03986109525743, 3.50520000000000 ) );
#8571 = CARTESIAN_POINT( '', ( -3.57969808429112, 3.03986109525743, 3.50520000000000 ) );
#8572 = CARTESIAN_POINT( '', ( -3.07243726217399, 3.03986109525743, 3.50520000000000 ) );
#8573 = CARTESIAN_POINT( '', ( -3.57969808429112, 3.03986109525743, 3.55600000000000 ) );
#8574 = VECTOR( '', #9838, 1000.00000000000 );
#8575 = CARTESIAN_POINT( '', ( -3.07243726217399, 3.03986109525743, 3.55600000000000 ) );
#8576 = VECTOR( '', #9839, 1000.00000000000 );
#8577 = COLOUR_RGB( '', 0.858823537826538, 0.858823537826538, 0.858823537826538 );
#8578 = CARTESIAN_POINT( '', ( -4.15135586116504, -2.48371299976036, 3.50520000000000 ) );
#8579 = CARTESIAN_POINT( '', ( -4.60884604324287, -2.99334527394815, 3.50520000000000 ) );
#8580 = CARTESIAN_POINT( '', ( -4.15135586116504, -2.48371299976036, 3.50520000000000 ) );
#8581 = CARTESIAN_POINT( '', ( -4.15135586116504, -2.48371299976036, 3.55600000000000 ) );
#8582 = VECTOR( '', #9840, 1000.00000000000 );
#8583 = COLOUR_RGB( '', 0.858823537826538, 0.858823537826538, 0.858823537826538 );
#8584 = CARTESIAN_POINT( '', ( 2.91457773397955, -2.27514463132051, 3.55600000000000 ) );
#8585 = CARTESIAN_POINT( '', ( 3.01795509920626, -2.41116748030302, 3.55600000000000 ) );
#8586 = CARTESIAN_POINT( '', ( 3.09866198960254, -2.53268122539406, 3.55600000000000 ) );
#8587 = CARTESIAN_POINT( '', ( 3.15624499567180, -2.64059268558685, 3.55600000000000 ) );
#8588 = CARTESIAN_POINT( '', ( 3.07463128628230, -2.82558376020306, 3.55600000000000 ) );
#8589 = CARTESIAN_POINT( '', ( 2.99301757689279, -2.86684402439442, 3.55600000000000 ) );
#8590 = CARTESIAN_POINT( '', ( 2.93452775183032, -2.90946451707561, 3.55600000000000 ) );
#8591 = CARTESIAN_POINT( '', ( 2.90006863008808, -2.95344523824662, 3.55600000000000 ) );
#8592 = CARTESIAN_POINT( '', ( 2.87622750180202, -2.98387404671699, 3.55600000000000 ) );
#8593 = CARTESIAN_POINT( '', ( 2.86334246086281, -3.01420211079214, 3.55600000000000 ) );
#8594 = CARTESIAN_POINT( '', ( 2.86334246086281, -3.07813284981391, 3.55600000000000 ) );
#8595 = CARTESIAN_POINT( '', ( 2.87467769827801, -3.10579082910702, 3.55600000000000 ) );
#8596 = CARTESIAN_POINT( '', ( 2.91956523844224, -3.15067836927125, 3.55600000000000 ) );
#8597 = CARTESIAN_POINT( '', ( 2.94676980823874, -3.16201360668646, 3.55600000000000 ) );
#8598 = CARTESIAN_POINT( '', ( 2.97896188249794, -3.16201360668646, 3.55600000000000 ) );
#8599 = CARTESIAN_POINT( '', ( 2.68696616668215, -2.01216712328767, 3.55600000000000 ) );
#8600 = CARTESIAN_POINT( '', ( 2.68696616668215, -2.01216712328767, 3.55600000000000 ) );
#8601 = CARTESIAN_POINT( '', ( 2.74318894426159, -2.06022852992816, 3.55600000000000 ) );
#8602 = CARTESIAN_POINT( '', ( 2.78943671291564, -2.10965016505846, 3.55600000000000 ) );
#8603 = CARTESIAN_POINT( '', ( 2.82616288214092, -2.16043202867860, 3.55600000000000 ) );
#8604 = CARTESIAN_POINT( '', ( 2.57406720202667, -2.10239561311273, 3.55600000000000 ) );
#8605 = CARTESIAN_POINT( '', ( 2.61170019024516, -2.07231944983771, 3.55600000000000 ) );
#8606 = CARTESIAN_POINT( '', ( 2.64933317846366, -2.04224328656269, 3.55600000000000 ) );
#8607 = CARTESIAN_POINT( '', ( 2.68696616668215, -2.01216712328767, 3.55600000000000 ) );
#8608 = CARTESIAN_POINT( '', ( 2.56273196461146, -2.49459482767896, 3.55600000000000 ) );
#8609 = CARTESIAN_POINT( '', ( 2.56273196461146, -2.49459482767896, 3.55600000000000 ) );
#8610 = CARTESIAN_POINT( '', ( 2.59900472434013, -2.41796862275215, 3.55600000000000 ) );
#8611 = CARTESIAN_POINT( '', ( 2.64933317846366, -2.34270264631516, 3.55600000000000 ) );
#8612 = CARTESIAN_POINT( '', ( 2.71371732698205, -2.26925030786461, 3.55600000000000 ) );
#8613 = CARTESIAN_POINT( '', ( 2.69376730913128, -2.56215284267360, 3.55600000000000 ) );
#8614 = CARTESIAN_POINT( '', ( 2.65008886095801, -2.53963350434206, 3.55600000000000 ) );
#8615 = CARTESIAN_POINT( '', ( 2.60641041278474, -2.51711416601051, 3.55600000000000 ) );
#8616 = CARTESIAN_POINT( '', ( 2.56273196461146, -2.49459482767896, 3.55600000000000 ) );
#8617 = CARTESIAN_POINT( '', ( 3.01886191819947, -2.71268479554758, 3.55600000000000 ) );
#8618 = CARTESIAN_POINT( '', ( 3.01886191819947, -2.71268479554758, 3.55600000000000 ) );
#8619 = CARTESIAN_POINT( '', ( 2.94631639874214, -2.58119604153115, 3.55600000000000 ) );
#8620 = CARTESIAN_POINT( '', ( 2.87649133626445, -2.47283117184176, 3.55600000000000 ) );
#8621 = CARTESIAN_POINT( '', ( 2.80938673076641, -2.38849700547260, 3.55600000000000 ) );
#8622 = CARTESIAN_POINT( '', ( 3.21836209670714, -2.75893256420163, 3.55600000000000 ) );
#8623 = CARTESIAN_POINT( '', ( 3.24738030449008, -2.82240989372680, 3.55600000000000 ) );
#8624 = CARTESIAN_POINT( '', ( 3.26460986536120, -2.86503038640798, 3.55600000000000 ) );
#8625 = CARTESIAN_POINT( '', ( 3.27095759831372, -2.88679404224519, 3.55600000000000 ) );
#8626 = CARTESIAN_POINT( '', ( 3.27997137910629, -2.91769843353401, 3.55600000000000 ) );
#8627 = CARTESIAN_POINT( '', ( 3.28229283572893, -2.95117819076357, 3.55600000000000 ) );
#8628 = CARTESIAN_POINT( '', ( 3.28229283572893, -3.03324530964969, 3.55600000000000 ) );
#8629 = CARTESIAN_POINT( '', ( 3.26914396032728, -3.08039989729696, 3.55600000000000 ) );
#8630 = CARTESIAN_POINT( '', ( 3.21745527771393, -3.17652271057792, 3.55600000000000 ) );
#8631 = CARTESIAN_POINT( '', ( 3.18027569899205, -3.21415569879642, 3.55600000000000 ) );
#8632 = CARTESIAN_POINT( '', ( 3.13266770184816, -3.24136026859292, 3.55600000000000 ) );
#8633 = CARTESIAN_POINT( '', ( 3.08471790369916, -3.26876015324950, 3.55600000000000 ) );
#8634 = CARTESIAN_POINT( '', ( 3.03291761259433, -3.28216712328767, 3.55600000000000 ) );
#8635 = CARTESIAN_POINT( '', ( 2.89870840159825, -3.28216712328767, 3.55600000000000 ) );
#8636 = CARTESIAN_POINT( '', ( 2.83568448156969, -3.25904323896065, 3.55600000000000 ) );
#8637 = CARTESIAN_POINT( '', ( 2.78807648442581, -3.21370228929981, 3.55600000000000 ) );
#8638 = CARTESIAN_POINT( '', ( 2.74000429515759, -3.16791925190149, 3.55600000000000 ) );
#8639 = CARTESIAN_POINT( '', ( 2.71643778396170, -3.11304538105275, 3.55600000000000 ) );
#8640 = CARTESIAN_POINT( '', ( 2.71643778396170, -2.99334527394815, 3.55600000000000 ) );
#8641 = CARTESIAN_POINT( '', ( 2.73684121130907, -2.93848272485854, 3.55600000000000 ) );
#8642 = CARTESIAN_POINT( '', ( 2.77764806600383, -2.88452699476215, 3.55600000000000 ) );
#8643 = CARTESIAN_POINT( '', ( 2.81883804062271, -2.83006469498828, 3.55600000000000 ) );
#8644 = CARTESIAN_POINT( '', ( 2.89916181109487, -2.77298825859649, 3.55600000000000 ) );
#8645 = CARTESIAN_POINT( '', ( 3.01886191819947, -2.71268479554758, 3.55600000000000 ) );
#8646 = COLOUR_RGB( '', 0.643137276172638, 0.678431391716003, 0.698039233684540 );
#8647 = CARTESIAN_POINT( '', ( -4.61645000000000, 0.176700493150686, 3.50520000000000 ) );
#8648 = CARTESIAN_POINT( '', ( -4.61645000000000, 0.176700493150686, 3.50520000000000 ) );
#8649 = VECTOR( '', #9841, 1000.00000000000 );
#8650 = CARTESIAN_POINT( '', ( -4.61645000000000, 0.176700493150686, 2.23520000000000 ) );
#8651 = VECTOR( '', #9842, 1000.00000000000 );
#8652 = COLOUR_RGB( '', 0.643137276172638, 0.678431391716003, 0.698039233684540 );
#8653 = CARTESIAN_POINT( '', ( -4.61645000000000, -0.812800000000000, 4.29260000000000 ) );
#8654 = VECTOR( '', #9843, 1000.00000000000 );
#8655 = CARTESIAN_POINT( '', ( 3.00355000000000, -0.812800000000000, 2.23520000000000 ) );
#8656 = CARTESIAN_POINT( '', ( 3.00355000000000, -0.812800000000000, 2.23520000000000 ) );
#8657 = VECTOR( '', #9844, 1000.00000000000 );
#8658 = CARTESIAN_POINT( '', ( 3.00355000000000, -0.812800000000000, 3.50520000000000 ) );
#8659 = CARTESIAN_POINT( '', ( 3.00355000000000, -0.812800000000000, 2.23520000000000 ) );
#8660 = VECTOR( '', #9845, 1000.00000000000 );
#8661 = CARTESIAN_POINT( '', ( -4.61645000000000, -0.812800000000000, 3.50520000000000 ) );
#8662 = VECTOR( '', #9846, 1000.00000000000 );
#8663 = COLOUR_RGB( '', 0.858823537826538, 0.858823537826538, 0.858823537826538 );
#8664 = CARTESIAN_POINT( '', ( -1.84712879940139, -2.51771871200598, 3.50520000000000 ) );
#8665 = CARTESIAN_POINT( '', ( -2.16950295148993, -3.12846130393744, 3.50520000000000 ) );
#8666 = CARTESIAN_POINT( '', ( -2.14184497219682, -3.05818283196315, 3.50520000000000 ) );
#8667 = CARTESIAN_POINT( '', ( -2.10103811750206, -2.97475548458721, 3.50520000000000 ) );
#8668 = CARTESIAN_POINT( '', ( -2.04753579690228, -2.87863267130623, 3.50520000000000 ) );
#8669 = CARTESIAN_POINT( '', ( -1.98061154468230, -2.75839587918220, 3.50520000000000 ) );
#8670 = CARTESIAN_POINT( '', ( -1.91393113190169, -2.63802336510607, 3.50520000000000 ) );
#8671 = CARTESIAN_POINT( '', ( -1.84712879940139, -2.51771871200598, 3.50520000000000 ) );
#8672 = CARTESIAN_POINT( '', ( -1.84712879940139, -2.51771871200598, 3.55600000000000 ) );
#8673 = CARTESIAN_POINT( '', ( -2.16950295148993, -3.12846130393744, 3.55600000000000 ) );
#8674 = CARTESIAN_POINT( '', ( -2.14184497219682, -3.05818283196315, 3.55600000000000 ) );
#8675 = CARTESIAN_POINT( '', ( -2.10103811750206, -2.97475548458721, 3.55600000000000 ) );
#8676 = CARTESIAN_POINT( '', ( -2.04753579690228, -2.87863267130623, 3.55600000000000 ) );
#8677 = CARTESIAN_POINT( '', ( -1.98061154468230, -2.75839587918220, 3.55600000000000 ) );
#8678 = CARTESIAN_POINT( '', ( -1.91393113190169, -2.63802336510607, 3.55600000000000 ) );
#8679 = CARTESIAN_POINT( '', ( -1.84712879940139, -2.51771871200598, 3.55600000000000 ) );
#8680 = CARTESIAN_POINT( '', ( -1.84712879940139, -2.51771871200598, 3.55600000000000 ) );
#8681 = VECTOR( '', #9847, 1000.00000000000 );
#8682 = COLOUR_RGB( '', 0.643137276172638, 0.678431391716003, 0.698039233684540 );
#8683 = CARTESIAN_POINT( '', ( -4.61645000000000, -0.812800000000000, 3.50520000000000 ) );
#8684 = CARTESIAN_POINT( '', ( -4.61645000000000, -0.812800000000000, 3.50520000000000 ) );
#8685 = VECTOR( '', #9848, 1000.00000000000 );
#8686 = CARTESIAN_POINT( '', ( -4.61645000000000, -0.812800000000000, 4.29260000000000 ) );
#8687 = CARTESIAN_POINT( '', ( -4.61645000000000, -1.60020000000000, 4.29260000000000 ) );
#8688 = VECTOR( '', #9849, 1000.00000000000 );
#8689 = CARTESIAN_POINT( '', ( -4.61645000000000, -0.812800000000000, 4.29260000000000 ) );
#8690 = VECTOR( '', #9850, 1000.00000000000 );
#8691 = COLOUR_RGB( '', 0.858823537826538, 0.858823537826538, 0.858823537826538 );
#8692 = CARTESIAN_POINT( '', ( 3.49977808886276, 2.10757299049206, 3.50520000000000 ) );
#8693 = CARTESIAN_POINT( '', ( 3.47036496894036, 2.10757299049206, 3.50520000000000 ) );
#8694 = CARTESIAN_POINT( '', ( 3.44095184901796, 2.10757299049206, 3.50520000000000 ) );
#8695 = CARTESIAN_POINT( '', ( 3.41153872909557, 2.10757299049206, 3.50520000000000 ) );
#8696 = CARTESIAN_POINT( '', ( 3.49977808886276, 2.10757299049206, 3.55600000000000 ) );
#8697 = CARTESIAN_POINT( '', ( 3.47036496894036, 2.10757299049206, 3.55600000000000 ) );
#8698 = CARTESIAN_POINT( '', ( 3.44095184901796, 2.10757299049206, 3.55600000000000 ) );
#8699 = CARTESIAN_POINT( '', ( 3.41153872909557, 2.10757299049206, 3.55600000000000 ) );
#8700 = COLOUR_RGB( '', 0.643137276172638, 0.678431391716003, 0.698039233684540 );
#8701 = CARTESIAN_POINT( '', ( 2.06375000000000, -0.812800000000000, 3.50520000000000 ) );
#8702 = CARTESIAN_POINT( '', ( 2.06375000000000, 0.176700493150686, 3.50520000000000 ) );
#8703 = CARTESIAN_POINT( '', ( 2.06375000000000, 0.176700493150686, 3.50520000000000 ) );
#8704 = VECTOR( '', #9851, 1000.00000000000 );
#8705 = CARTESIAN_POINT( '', ( 2.06375000000000, 0.176700493150686, 2.23520000000000 ) );
#8706 = CARTESIAN_POINT( '', ( 2.06375000000000, 0.176700493150686, 2.23520000000000 ) );
#8707 = VECTOR( '', #9852, 1000.00000000000 );
#8708 = CARTESIAN_POINT( '', ( 2.06375000000000, -0.812800000000000, 2.23520000000000 ) );
#8709 = CARTESIAN_POINT( '', ( 2.06375000000000, 0.176700493150686, 2.23520000000000 ) );
#8710 = VECTOR( '', #9853, 1000.00000000000 );
#8711 = CARTESIAN_POINT( '', ( 2.06375000000000, -0.812800000000000, 2.23520000000000 ) );
#8712 = VECTOR( '', #9854, 1000.00000000000 );
#8713 = COLOUR_RGB( '', 0.870588243007660, 0.631372570991516, 0.172549024224281 );
#8714 = CARTESIAN_POINT( '', ( 3.00355000000000, -3.25580701497173, 7.15573433840433E-015 ) );
#8715 = CARTESIAN_POINT( '', ( 3.00355000000000, -3.42603784274110, -0.859091790167467 ) );
#8716 = VECTOR( '', #9855, 1000.00000000000 );
#8717 = CARTESIAN_POINT( '', ( 4.60375000000000, -3.25580701497173, 0.000000000000000 ) );
#8718 = CARTESIAN_POINT( '', ( 0.000000000000000, -3.25580701497173, 0.000000000000000 ) );
#8719 = VECTOR( '', #9856, 1000.00000000000 );
#8720 = CARTESIAN_POINT( '', ( 4.60375000000000, -3.42603784274110, -0.859091790167467 ) );
#8721 = VECTOR( '', #9857, 1000.00000000000 );
#8722 = COLOUR_RGB( '', 0.870588243007660, 0.631372570991516, 0.172549024224281 );
#8723 = CARTESIAN_POINT( '', ( 0.463550000000000, -3.76415642001181, -0.790027081734903 ) );
#8724 = AXIS2_PLACEMENT_3D( '', #9858, #9859, #9860 );
#8725 = CARTESIAN_POINT( '', ( 4.60375000000000, -3.76415642001181, -0.790027081734903 ) );
#8726 = VECTOR( '', #9861, 1000.00000000000 );
#8727 = COLOUR_RGB( '', 0.870588243007660, 0.631372570991516, 0.172549024224281 );
#8728 = CARTESIAN_POINT( '', ( -0.476250000000000, -3.42603784274110, -0.859091790167467 ) );
#8729 = CARTESIAN_POINT( '', ( 4.60375000000000, -3.42603784274110, -0.859091790167467 ) );
#8730 = VECTOR( '', #9862, 1000.00000000000 );
#8731 = CARTESIAN_POINT( '', ( -0.476250000000000, -3.65121416419274, -1.04402708173490 ) );
#8732 = AXIS2_PLACEMENT_3D( '', #9863, #9864, #9865 );
#8733 = CARTESIAN_POINT( '', ( 4.60375000000000, -3.65121416419274, -1.04402708173490 ) );
#8734 = VECTOR( '', #9866, 1000.00000000000 );
#8735 = COLOUR_RGB( '', 0.858823537826538, 0.858823537826538, 0.858823537826538 );
#8736 = CARTESIAN_POINT( '', ( -4.55670395113291, -2.04073192157399, 3.50520000000000 ) );
#8737 = CARTESIAN_POINT( '', ( -4.55670395113291, -2.04073192157399, 3.50520000000000 ) );
#8738 = CARTESIAN_POINT( '', ( -4.40662540775555, -2.04073192157399, 3.50520000000000 ) );
#8739 = CARTESIAN_POINT( '', ( -4.55670395113291, -2.04073192157399, 3.55600000000000 ) );
#8740 = VECTOR( '', #9867, 1000.00000000000 );
#8741 = COLOUR_RGB( '', 0.858823537826538, 0.858823537826538, 0.858823537826538 );
#8742 = CARTESIAN_POINT( '', ( -4.79837121282517, -2.35131742675072, 3.50520000000000 ) );
#8743 = CARTESIAN_POINT( '', ( -4.62290173763773, -2.35131742675072, 3.50520000000000 ) );
#8744 = CARTESIAN_POINT( '', ( -4.79837121282517, -2.35131742675072, 3.50520000000000 ) );
#8745 = CARTESIAN_POINT( '', ( -4.62290173763773, -2.35131742675072, 3.50520000000000 ) );
#8746 = CARTESIAN_POINT( '', ( -4.79837121282517, -2.35131742675072, 3.55600000000000 ) );
#8747 = VECTOR( '', #9868, 1000.00000000000 );
#8748 = CARTESIAN_POINT( '', ( -4.62290173763773, -2.35131742675072, 3.55600000000000 ) );
#8749 = VECTOR( '', #9869, 1000.00000000000 );
#8750 = COLOUR_RGB( '', 0.643137276172638, 0.678431391716003, 0.698039233684540 );
#8751 = CARTESIAN_POINT( '', ( 3.00355000000000, 0.176700493150686, 2.23520000000000 ) );
#8752 = CARTESIAN_POINT( '', ( 3.00355000000000, -0.812800000000000, 2.23520000000000 ) );
#8753 = VECTOR( '', #9870, 1000.00000000000 );
#8754 = CARTESIAN_POINT( '', ( 3.00355000000000, 0.176700493150686, 2.23520000000000 ) );
#8755 = VECTOR( '', #9871, 1000.00000000000 );
#8756 = COLOUR_RGB( '', 0.858823537826538, 0.858823537826538, 0.858823537826538 );
#8757 = CARTESIAN_POINT( '', ( -1.77685032742710, -2.39121746245225, 3.50520000000000 ) );
#8758 = CARTESIAN_POINT( '', ( -1.58233765338211, -2.04073192157399, 3.50520000000000 ) );
#8759 = CARTESIAN_POINT( '', ( -1.77685032742710, -2.39121746245225, 3.55600000000000 ) );
#8760 = CARTESIAN_POINT( '', ( -1.58233765338211, -2.04073192157399, 3.55600000000000 ) );
#8761 = COLOUR_RGB( '', 0.858823537826538, 0.858823537826538, 0.858823537826538 );
#8762 = CARTESIAN_POINT( '', ( 2.46207505636441, -2.04073192157399, 3.50520000000000 ) );
#8763 = CARTESIAN_POINT( '', ( 2.30020786607523, -2.04073192157399, 3.50520000000000 ) );
#8764 = CARTESIAN_POINT( '', ( 2.46207505636441, -2.04073192157399, 3.50520000000000 ) );
#8765 = CARTESIAN_POINT( '', ( 2.46207505636441, -2.04073192157399, 3.55600000000000 ) );
#8766 = CARTESIAN_POINT( '', ( 2.30020786607523, -2.04073192157399, 3.55600000000000 ) );
#8767 = CARTESIAN_POINT( '', ( 2.46207505636441, -2.04073192157399, 3.55600000000000 ) );
#8768 = CARTESIAN_POINT( '', ( 2.46207505636441, -2.04073192157399, 3.55600000000000 ) );
#8769 = VECTOR( '', #9872, 1000.00000000000 );
#8770 = COLOUR_RGB( '', 0.858823537826538, 0.858823537826538, 0.858823537826538 );
#8771 = CARTESIAN_POINT( '', ( 2.16781229306559, -2.67323816934265, 3.50520000000000 ) );
#8772 = CARTESIAN_POINT( '', ( 2.16781229306559, -2.67323816934265, 3.50520000000000 ) );
#8773 = CARTESIAN_POINT( '', ( 1.50311397103774, -3.26131028644369, 3.50520000000000 ) );
#8774 = CARTESIAN_POINT( '', ( 2.16781229306559, -2.67323816934265, 3.55600000000000 ) );
#8775 = CARTESIAN_POINT( '', ( 2.16781229306559, -2.67323816934265, 3.55600000000000 ) );
#8776 = VECTOR( '', #9873, 1000.00000000000 );
#8777 = CARTESIAN_POINT( '', ( 2.16781229306559, -2.67323816934265, 3.55600000000000 ) );
#8778 = CARTESIAN_POINT( '', ( 1.50311397103774, -3.26131028644369, 3.55600000000000 ) );
#8779 = COLOUR_RGB( '', 0.643137276172638, 0.678431391716003, 0.698039233684540 );
#8780 = CARTESIAN_POINT( '', ( -2.07645000000000, -0.812800000000000, 2.23520000000000 ) );
#8781 = CARTESIAN_POINT( '', ( -2.07645000000000, -0.812800000000000, 2.23520000000000 ) );
#8782 = VECTOR( '', #9874, 1000.00000000000 );
#8783 = CARTESIAN_POINT( '', ( -2.07645000000000, -0.812800000000000, 2.23520000000000 ) );
#8784 = VECTOR( '', #9875, 1000.00000000000 );
#8785 = COLOUR_RGB( '', 0.870588243007660, 0.631372570991516, 0.172549024224281 );
#8786 = AXIS2_PLACEMENT_3D( '', #9876, #9877, #9878 );
#8787 = CARTESIAN_POINT( '', ( -4.61645000000000, 3.41728531584248, -0.856464708432565 ) );
#8788 = AXIS2_PLACEMENT_3D( '', #9879, #9880, #9881 );
#8789 = CARTESIAN_POINT( '', ( -4.61645000000000, 3.24757504979128, -1.08420217248550E-016 ) );
#8790 = CARTESIAN_POINT( '', ( -4.61645000000000, 3.41728531584248, -0.856464708432565 ) );
#8791 = VECTOR( '', #9882, 1000.00000000000 );
#8792 = CARTESIAN_POINT( '', ( -4.61645000000000, 2.82666700105165E-016, 0.000000000000000 ) );
#8793 = VECTOR( '', #9883, 1000.00000000000 );
#8794 = COLOUR_RGB( '', 0.858823537826538, 0.858823537826538, 0.858823537826538 );
#8795 = CARTESIAN_POINT( '', ( 3.01886191819947, -2.71268479554758, 3.50520000000000 ) );
#8796 = CARTESIAN_POINT( '', ( 3.21836209670714, -2.75893256420163, 3.50520000000000 ) );
#8797 = CARTESIAN_POINT( '', ( 3.24738030449008, -2.82240989372680, 3.50520000000000 ) );
#8798 = CARTESIAN_POINT( '', ( 3.26460986536120, -2.86503038640798, 3.50520000000000 ) );
#8799 = CARTESIAN_POINT( '', ( 3.27095759831372, -2.88679404224519, 3.50520000000000 ) );
#8800 = CARTESIAN_POINT( '', ( 3.27997137910629, -2.91769843353401, 3.50520000000000 ) );
#8801 = CARTESIAN_POINT( '', ( 3.28229283572893, -2.95117819076357, 3.50520000000000 ) );
#8802 = CARTESIAN_POINT( '', ( 3.28229283572893, -3.03324530964969, 3.50520000000000 ) );
#8803 = CARTESIAN_POINT( '', ( 3.26914396032728, -3.08039989729696, 3.50520000000000 ) );
#8804 = CARTESIAN_POINT( '', ( 3.21745527771393, -3.17652271057792, 3.50520000000000 ) );
#8805 = CARTESIAN_POINT( '', ( 3.18027569899205, -3.21415569879642, 3.50520000000000 ) );
#8806 = CARTESIAN_POINT( '', ( 3.13266770184816, -3.24136026859292, 3.50520000000000 ) );
#8807 = CARTESIAN_POINT( '', ( 3.08471790369916, -3.26876015324950, 3.50520000000000 ) );
#8808 = CARTESIAN_POINT( '', ( 3.03291761259433, -3.28216712328767, 3.50520000000000 ) );
#8809 = CARTESIAN_POINT( '', ( 2.89870840159825, -3.28216712328767, 3.50520000000000 ) );
#8810 = CARTESIAN_POINT( '', ( 2.83568448156969, -3.25904323896065, 3.50520000000000 ) );
#8811 = CARTESIAN_POINT( '', ( 2.78807648442581, -3.21370228929981, 3.50520000000000 ) );
#8812 = CARTESIAN_POINT( '', ( 2.74000429515759, -3.16791925190149, 3.50520000000000 ) );
#8813 = CARTESIAN_POINT( '', ( 2.71643778396170, -3.11304538105275, 3.50520000000000 ) );
#8814 = CARTESIAN_POINT( '', ( 2.71643778396170, -2.99334527394815, 3.50520000000000 ) );
#8815 = CARTESIAN_POINT( '', ( 2.73684121130907, -2.93848272485854, 3.50520000000000 ) );
#8816 = CARTESIAN_POINT( '', ( 2.77764806600383, -2.88452699476215, 3.50520000000000 ) );
#8817 = CARTESIAN_POINT( '', ( 2.81883804062271, -2.83006469498828, 3.50520000000000 ) );
#8818 = CARTESIAN_POINT( '', ( 2.89916181109487, -2.77298825859649, 3.50520000000000 ) );
#8819 = CARTESIAN_POINT( '', ( 3.01886191819947, -2.71268479554758, 3.50520000000000 ) );
#8820 = CARTESIAN_POINT( '', ( 3.01886191819947, -2.71268479554758, 3.55600000000000 ) );
#8821 = VECTOR( '', #9884, 1000.00000000000 );
#8822 = COLOUR_RGB( '', 0.643137276172638, 0.678431391716003, 0.698039233684540 );
#8823 = CARTESIAN_POINT( '', ( -4.61645000000000, -0.812800000000000, 2.23520000000000 ) );
#8824 = VECTOR( '', #9885, 1000.00000000000 );
#8825 = CARTESIAN_POINT( '', ( -4.61645000000000, -0.812800000000000, 4.29260000000000 ) );
#8826 = VECTOR( '', #9886, 1000.00000000000 );
#8827 = COLOUR_RGB( '', 0.858823537826538, 0.858823537826538, 0.858823537826538 );
#8828 = CARTESIAN_POINT( '', ( 3.01886191819947, -2.71268479554758, 3.50520000000000 ) );
#8829 = CARTESIAN_POINT( '', ( 2.94631639874214, -2.58119604153115, 3.50520000000000 ) );
#8830 = CARTESIAN_POINT( '', ( 2.87649133626445, -2.47283117184176, 3.50520000000000 ) );
#8831 = CARTESIAN_POINT( '', ( 2.80938673076641, -2.38849700547260, 3.50520000000000 ) );
#8832 = COLOUR_RGB( '', 0.643137276172638, 0.678431391716003, 0.698039233684540 );
#8833 = CARTESIAN_POINT( '', ( -4.61645000000000, -0.812800000000000, 3.50520000000000 ) );
#8834 = VECTOR( '', #9887, 1000.00000000000 );
#8835 = COLOUR_RGB( '', 0.643137276172638, 0.678431391716003, 0.698039233684540 );
#8836 = CARTESIAN_POINT( '', ( 0.463550000000000, -0.812800000000000, 2.23520000000000 ) );
#8837 = VECTOR( '', #9888, 1000.00000000000 );
#8838 = CARTESIAN_POINT( '', ( 0.463550000000000, 0.176700493150686, 2.23520000000000 ) );
#8839 = VECTOR( '', #9889, 1000.00000000000 );
#8840 = COLOUR_RGB( '', 0.870588243007660, 0.631372570991516, 0.172549024224281 );
#8841 = CARTESIAN_POINT( '', ( -0.476250000000000, -3.65121416419274, -1.04402708173490 ) );
#8842 = VECTOR( '', #9890, 1000.00000000000 );
#8843 = COLOUR_RGB( '', 0.858823537826538, 0.858823537826538, 0.858823537826538 );
#8844 = CARTESIAN_POINT( '', ( -0.473298024678075, -2.17856840854293, 3.55600000000000 ) );
#8845 = CARTESIAN_POINT( '', ( -0.473298024678075, -2.17856840854293, 3.55600000000000 ) );
#8846 = VECTOR( '', #9891, 1000.00000000000 );
#8847 = CARTESIAN_POINT( '', ( -0.671891384192534, -3.12392720897136, 3.55600000000000 ) );
#8848 = CARTESIAN_POINT( '', ( -0.473298024678075, -2.17856840854293, 3.55600000000000 ) );
#8849 = CARTESIAN_POINT( '', ( -0.537833309695331, -2.17856840854293, 3.55600000000000 ) );
#8850 = CARTESIAN_POINT( '', ( -0.602368594712585, -2.17856840854293, 3.55600000000000 ) );
#8851 = CARTESIAN_POINT( '', ( -0.666903879729842, -2.17856840854293, 3.55600000000000 ) );
#8852 = CARTESIAN_POINT( '', ( -0.754411912575254, -2.17856840854293, 3.55600000000000 ) );
#8853 = CARTESIAN_POINT( '', ( -0.831944936495283, -2.18627636998528, 3.55600000000000 ) );
#8854 = CARTESIAN_POINT( '', ( -0.899956360986535, -2.20259911186318, 3.55600000000000 ) );
#8855 = CARTESIAN_POINT( '', ( -0.941987627105562, -2.21268661573174, 3.55600000000000 ) );
#8856 = CARTESIAN_POINT( '', ( -0.978396203899781, -2.22708322468003, 3.55600000000000 ) );
#8857 = CARTESIAN_POINT( '', ( -1.00832123067593, -2.24657983303419, 3.55600000000000 ) );
#8858 = CARTESIAN_POINT( '', ( -1.04741908596590, -2.27205267814735, 3.55600000000000 ) );
#8859 = CARTESIAN_POINT( '', ( -1.08404061660953, -2.30461624860006, 3.55600000000000 ) );
#8860 = CARTESIAN_POINT( '', ( -1.11623269086872, -2.34587651279142, 3.55600000000000 ) );
#8861 = CARTESIAN_POINT( '', ( -1.15857631173975, -2.40014791418950, 3.55600000000000 ) );
#8862 = CARTESIAN_POINT( '', ( -1.19195207680232, -2.46240275341976, 3.55600000000000 ) );
#8863 = CARTESIAN_POINT( '', ( -1.24273394042245, -2.60205287837514, 3.55600000000000 ) );
#8864 = CARTESIAN_POINT( '', ( -1.25542940632748, -2.68139954028160, 3.55600000000000 ) );
#8865 = CARTESIAN_POINT( '', ( -1.25542940632748, -2.86956448137407, 3.55600000000000 ) );
#8866 = CARTESIAN_POINT( '', ( -1.23819984545637, -2.94573727680427, 3.55600000000000 ) );
#8867 = CARTESIAN_POINT( '', ( -1.16928160197190, -3.05183509901063, 3.55600000000000 ) );
#8868 = CARTESIAN_POINT( '', ( -1.12530088080089, -3.08720103974608, 3.55600000000000 ) );
#8869 = CARTESIAN_POINT( '', ( -1.07179856020110, -3.10443060061719, 3.55600000000000 ) );
#8870 = CARTESIAN_POINT( '', ( -1.03235417626073, -3.11713302934375, 3.55600000000000 ) );
#8871 = CARTESIAN_POINT( '', ( -0.971141651954047, -3.12347379947475, 3.55600000000000 ) );
#8872 = CARTESIAN_POINT( '', ( -0.887714304578110, -3.12392720897136, 3.55600000000000 ) );
#8873 = CARTESIAN_POINT( '', ( -0.815775455964096, -3.12431818097469, 3.55600000000000 ) );
#8874 = CARTESIAN_POINT( '', ( -0.743832357654392, -3.12392720897136, 3.55600000000000 ) );
#8875 = CARTESIAN_POINT( '', ( -0.671891384192534, -3.12392720897136, 3.55600000000000 ) );
#8876 = CARTESIAN_POINT( '', ( -0.671891384192534, -3.12392720897136, 3.55600000000000 ) );
#8877 = VECTOR( '', #9892, 1000.00000000000 );
#8878 = COLOUR_RGB( '', 0.858823537826538, 0.858823537826538, 0.858823537826538 );
#8879 = CARTESIAN_POINT( '', ( 2.20635210027730, -3.26131028644369, 3.50520000000000 ) );
#8880 = CARTESIAN_POINT( '', ( 2.46207505636441, -2.04073192157399, 3.50520000000000 ) );
#8881 = CARTESIAN_POINT( '', ( 2.20635210027730, -3.26131028644369, 3.50520000000000 ) );
#8882 = CARTESIAN_POINT( '', ( 2.20635210027730, -3.26131028644369, 3.55600000000000 ) );
#8883 = CARTESIAN_POINT( '', ( 2.46207505636441, -2.04073192157399, 3.55600000000000 ) );
#8884 = CARTESIAN_POINT( '', ( 2.20635210027730, -3.26131028644369, 3.55600000000000 ) );
#8885 = CARTESIAN_POINT( '', ( 2.20635210027730, -3.26131028644369, 3.55600000000000 ) );
#8886 = VECTOR( '', #9893, 1000.00000000000 );
#8887 = COLOUR_RGB( '', 0.643137276172638, 0.678431391716003, 0.698039233684540 );
#8888 = CARTESIAN_POINT( '', ( -4.61645000000000, -1.60020000000000, 3.50520000000000 ) );
#8889 = VECTOR( '', #9894, 1000.00000000000 );
#8890 = COLOUR_RGB( '', 0.643137276172638, 0.678431391716003, 0.698039233684540 );
#8891 = CARTESIAN_POINT( '', ( -2.07645000000000, -0.812800000000000, 3.50520000000000 ) );
#8892 = VECTOR( '', #9895, 1000.00000000000 );
#8893 = CARTESIAN_POINT( '', ( -2.07645000000000, -0.812800000000000, 2.23520000000000 ) );
#8894 = VECTOR( '', #9896, 1000.00000000000 );
#8895 = COLOUR_RGB( '', 0.858823537826538, 0.858823537826538, 0.858823537826538 );
#8896 = CARTESIAN_POINT( '', ( -3.93958531601175, 2.90496113163429, 3.50520000000000 ) );
#8897 = CARTESIAN_POINT( '', ( -3.93958531601175, 2.90496113163429, 3.50520000000000 ) );
#8898 = CARTESIAN_POINT( '', ( -3.91186614540425, 3.03986109525743, 3.50520000000000 ) );
#8899 = CARTESIAN_POINT( '', ( -3.93958531601175, 2.90496113163429, 3.55600000000000 ) );
#8900 = VECTOR( '', #9897, 1000.00000000000 );
#8901 = COLOUR_RGB( '', 0.643137276172638, 0.678431391716003, 0.698039233684540 );
#8902 = COLOUR_RGB( '', 0.870588243007660, 0.631372570991516, 0.172549024224281 );
#8903 = CARTESIAN_POINT( '', ( -0.476250000000000, -3.76415642001181, -0.790027081734903 ) );
#8904 = VECTOR( '', #9898, 1000.00000000000 );
#8905 = COLOUR_RGB( '', 0.858823537826538, 0.858823537826538, 0.858823537826538 );
#8906 = CARTESIAN_POINT( '', ( 3.87444563829943, -2.47101753385532, 3.50520000000000 ) );
#8907 = CARTESIAN_POINT( '', ( 3.81051489927766, -2.88362017576892, 3.50520000000000 ) );
#8908 = CARTESIAN_POINT( '', ( 3.82638423165895, -2.97203502760756, 3.50520000000000 ) );
#8909 = CARTESIAN_POINT( '', ( 3.85993653440796, -3.03823281411237, 3.50520000000000 ) );
#8910 = CARTESIAN_POINT( '', ( 3.91026498853149, -3.08221353528338, 3.50520000000000 ) );
#8911 = CARTESIAN_POINT( '', ( 3.96036878273555, -3.12599793202027, 3.50520000000000 ) );
#8912 = CARTESIAN_POINT( '', ( 4.02543100067002, -3.14750450279499, 3.50520000000000 ) );
#8913 = CARTESIAN_POINT( '', ( 4.25440279645724, -3.14750450279499, 3.50520000000000 ) );
#8914 = CARTESIAN_POINT( '', ( 4.37500972255506, -3.08130671629017, 3.50520000000000 ) );
#8915 = CARTESIAN_POINT( '', ( 4.46750525986316, -2.94845773378392, 3.50520000000000 ) );
#8916 = CARTESIAN_POINT( '', ( 4.54749922327456, -2.83356444319795, 3.50520000000000 ) );
#8917 = CARTESIAN_POINT( '', ( 4.58765877646438, -2.69817569165611, 3.50520000000000 ) );
#8918 = CARTESIAN_POINT( '', ( 4.58765877646438, -2.41524816577250, 3.50520000000000 ) );
#8919 = CARTESIAN_POINT( '', ( 4.55682693069501, -2.31957876198814, 3.50520000000000 ) );
#8920 = CARTESIAN_POINT( '', ( 4.49470982965966, -2.25338097548332, 3.50520000000000 ) );
#8921 = CARTESIAN_POINT( '', ( 4.43280502855801, -2.18740943562316, 3.50520000000000 ) );
#8922 = CARTESIAN_POINT( '', ( 4.35279265722125, -2.15408429572608, 3.50520000000000 ) );
#8923 = CARTESIAN_POINT( '', ( 4.25349597746402, -2.15453770522270, 3.50520000000000 ) );
#8924 = CARTESIAN_POINT( '', ( 4.16871223972543, -2.15492484557767, 3.50520000000000 ) );
#8925 = CARTESIAN_POINT( '', ( 4.09253560616805, -2.18174227501920, 3.50520000000000 ) );
#8926 = CARTESIAN_POINT( '', ( 4.02361736268358, -2.23705823360542, 3.50520000000000 ) );
#8927 = CARTESIAN_POINT( '', ( 3.95497487925517, -2.29215285846243, 3.50520000000000 ) );
#8928 = CARTESIAN_POINT( '', ( 3.90527748406880, -2.37036062560827, 3.50520000000000 ) );
#8929 = CARTESIAN_POINT( '', ( 3.87444563829943, -2.47101753385532, 3.50520000000000 ) );
#8930 = CARTESIAN_POINT( '', ( 3.87444563829943, -2.47101753385532, 3.55600000000000 ) );
#8931 = CARTESIAN_POINT( '', ( 3.81051489927766, -2.88362017576892, 3.55600000000000 ) );
#8932 = CARTESIAN_POINT( '', ( 3.82638423165895, -2.97203502760756, 3.55600000000000 ) );
#8933 = CARTESIAN_POINT( '', ( 3.85993653440796, -3.03823281411237, 3.55600000000000 ) );
#8934 = CARTESIAN_POINT( '', ( 3.91026498853149, -3.08221353528338, 3.55600000000000 ) );
#8935 = CARTESIAN_POINT( '', ( 3.96036878273555, -3.12599793202027, 3.55600000000000 ) );
#8936 = CARTESIAN_POINT( '', ( 4.02543100067002, -3.14750450279499, 3.55600000000000 ) );
#8937 = CARTESIAN_POINT( '', ( 4.25440279645724, -3.14750450279499, 3.55600000000000 ) );
#8938 = CARTESIAN_POINT( '', ( 4.37500972255506, -3.08130671629017, 3.55600000000000 ) );
#8939 = CARTESIAN_POINT( '', ( 4.46750525986316, -2.94845773378392, 3.55600000000000 ) );
#8940 = CARTESIAN_POINT( '', ( 4.54749922327456, -2.83356444319795, 3.55600000000000 ) );
#8941 = CARTESIAN_POINT( '', ( 4.58765877646438, -2.69817569165611, 3.55600000000000 ) );
#8942 = CARTESIAN_POINT( '', ( 4.58765877646438, -2.41524816577250, 3.55600000000000 ) );
#8943 = CARTESIAN_POINT( '', ( 4.55682693069501, -2.31957876198814, 3.55600000000000 ) );
#8944 = CARTESIAN_POINT( '', ( 4.49470982965966, -2.25338097548332, 3.55600000000000 ) );
#8945 = CARTESIAN_POINT( '', ( 4.43280502855801, -2.18740943562316, 3.55600000000000 ) );
#8946 = CARTESIAN_POINT( '', ( 4.35279265722125, -2.15408429572608, 3.55600000000000 ) );
#8947 = CARTESIAN_POINT( '', ( 4.25349597746402, -2.15453770522270, 3.55600000000000 ) );
#8948 = CARTESIAN_POINT( '', ( 4.16871223972543, -2.15492484557767, 3.55600000000000 ) );
#8949 = CARTESIAN_POINT( '', ( 4.09253560616805, -2.18174227501920, 3.55600000000000 ) );
#8950 = CARTESIAN_POINT( '', ( 4.02361736268358, -2.23705823360542, 3.55600000000000 ) );
#8951 = CARTESIAN_POINT( '', ( 3.95497487925517, -2.29215285846243, 3.55600000000000 ) );
#8952 = CARTESIAN_POINT( '', ( 3.90527748406880, -2.37036062560827, 3.55600000000000 ) );
#8953 = CARTESIAN_POINT( '', ( 3.87444563829943, -2.47101753385532, 3.55600000000000 ) );
#8954 = CARTESIAN_POINT( '', ( 3.87444563829943, -2.47101753385532, 3.55600000000000 ) );
#8955 = VECTOR( '', #9899, 1000.00000000000 );
#8956 = COLOUR_RGB( '', 0.870588243007660, 0.631372570991516, 0.172549024224281 );
#8957 = CARTESIAN_POINT( '', ( 0.463550000000000, -4.19975252689862, -0.790027081734903 ) );
#8958 = CARTESIAN_POINT( '', ( 0.463550000000000, -3.76415642001181, -0.790027081734903 ) );
#8959 = VECTOR( '', #9900, 1000.00000000000 );
#8960 = CARTESIAN_POINT( '', ( 4.60375000000000, -4.19975252689862, -0.790027081734903 ) );
#8961 = VECTOR( '', #9901, 1000.00000000000 );
#8962 = COLOUR_RGB( '', 0.858823537826538, 0.858823537826538, 0.858823537826538 );
#8963 = CARTESIAN_POINT( '', ( -3.07243726217399, 3.03986109525743, 3.50520000000000 ) );
#8964 = CARTESIAN_POINT( '', ( -3.10523828072618, 2.88879161544659, 3.50520000000000 ) );
#8965 = COLOUR_RGB( '', 0.643137276172638, 0.678431391716003, 0.698039233684540 );
#8966 = CARTESIAN_POINT( '', ( -4.61645000000000, -1.60020000000000, 3.50520000000000 ) );
#8967 = VECTOR( '', #9902, 1000.00000000000 );
#8968 = CARTESIAN_POINT( '', ( -4.61645000000000, -1.60020000000000, 4.29260000000000 ) );
#8969 = VECTOR( '', #9903, 1000.00000000000 );
#8970 = COLOUR_RGB( '', 0.870588243007660, 0.631372570991516, 0.172549024224281 );
#8971 = CARTESIAN_POINT( '', ( -4.61645000000000, -4.19975252689862, -1.04402708173490 ) );
#8972 = CARTESIAN_POINT( '', ( 4.60375000000000, -4.19975252689862, -1.04402708173490 ) );
#8973 = VECTOR( '', #9904, 1000.00000000000 );
#8974 = CARTESIAN_POINT( '', ( -4.61645000000000, -3.65121416419274, -1.04402708173490 ) );
#8975 = CARTESIAN_POINT( '', ( -4.61645000000000, -3.65121416419274, -1.04402708173490 ) );
#8976 = VECTOR( '', #9905, 1000.00000000000 );
#8977 = CARTESIAN_POINT( '', ( 4.60375000000000, -3.65121416419274, -1.04402708173490 ) );
#8978 = VECTOR( '', #9906, 1000.00000000000 );
#8979 = COLOUR_RGB( '', 0.858823537826538, 0.858823537826538, 0.858823537826538 );
#8980 = CARTESIAN_POINT( '', ( -3.25261187112269, 2.90496113163429, 3.55600000000000 ) );
#8981 = VECTOR( '', #9907, 1000.00000000000 );
#8982 = COLOUR_RGB( '', 0.858823537826538, 0.858823537826538, 0.858823537826538 );
#8983 = CARTESIAN_POINT( '', ( 2.04448490998811, -3.26131028644369, 3.50520000000000 ) );
#8984 = CARTESIAN_POINT( '', ( 2.20635210027730, -3.26131028644369, 3.50520000000000 ) );
#8985 = CARTESIAN_POINT( '', ( 2.04448490998811, -3.26131028644369, 3.50520000000000 ) );
#8986 = CARTESIAN_POINT( '', ( 2.04448490998811, -3.26131028644369, 3.55600000000000 ) );
#8987 = CARTESIAN_POINT( '', ( 2.20635210027730, -3.26131028644369, 3.55600000000000 ) );
#8988 = CARTESIAN_POINT( '', ( 2.04448490998811, -3.26131028644369, 3.55600000000000 ) );
#8989 = CARTESIAN_POINT( '', ( 2.04448490998811, -3.26131028644369, 3.55600000000000 ) );
#8990 = VECTOR( '', #9908, 1000.00000000000 );
#8991 = COLOUR_RGB( '', 0.858823537826538, 0.858823537826538, 0.858823537826538 );
#8992 = CARTESIAN_POINT( '', ( 2.68696616668215, -2.01216712328767, 3.50520000000000 ) );
#8993 = CARTESIAN_POINT( '', ( 2.68696616668215, -2.01216712328767, 3.50520000000000 ) );
#8994 = CARTESIAN_POINT( '', ( 2.74318894426159, -2.06022852992816, 3.50520000000000 ) );
#8995 = CARTESIAN_POINT( '', ( 2.78943671291564, -2.10965016505846, 3.50520000000000 ) );
#8996 = CARTESIAN_POINT( '', ( 2.82616288214092, -2.16043202867860, 3.50520000000000 ) );
#8997 = CARTESIAN_POINT( '', ( 2.68696616668215, -2.01216712328767, 3.55600000000000 ) );
#8998 = VECTOR( '', #9909, 1000.00000000000 );
#8999 = COLOUR_RGB( '', 0.117647059261799, 0.117647059261799, 0.117647059261799 );
#9000 = CARTESIAN_POINT( '', ( -1.84712879940139, -2.51771871200598, 3.50520000000000 ) );
#9001 = CARTESIAN_POINT( '', ( -1.98194255639294, -2.51771871200598, 3.50520000000000 ) );
#9002 = CARTESIAN_POINT( '', ( -2.11675631338449, -2.51771871200598, 3.50520000000000 ) );
#9003 = CARTESIAN_POINT( '', ( -2.25157007037604, -2.51771871200598, 3.50520000000000 ) );
#9004 = COLOUR_RGB( '', 0.870588243007660, 0.631372570991516, 0.172549024224281 );
#9005 = CARTESIAN_POINT( '', ( 4.60375000000000, -2.81889075070489E-016, 0.000000000000000 ) );
#9006 = VECTOR( '', #9910, 1000.00000000000 );
#9007 = AXIS2_PLACEMENT_3D( '', #9911, #9912, #9913 );
#9008 = CARTESIAN_POINT( '', ( 4.60375000000000, 3.75540389311319, -0.787400000000000 ) );
#9009 = VECTOR( '', #9914, 1000.00000000000 );
#9010 = COLOUR_RGB( '', 0.858823537826538, 0.858823537826538, 0.858823537826538 );
#9011 = CARTESIAN_POINT( '', ( -3.80422336621182, 2.11450278314393, 3.50520000000000 ) );
#9012 = CARTESIAN_POINT( '', ( -3.92942162012233, 2.11450278314393, 3.50520000000000 ) );
#9013 = COLOUR_RGB( '', 0.870588243007660, 0.631372570991516, 0.172549024224281 );
#9014 = CARTESIAN_POINT( '', ( -4.61645000000000, -4.19975252689862, -1.04402708173490 ) );
#9015 = VECTOR( '', #9915, 1000.00000000000 );
#9016 = COLOUR_RGB( '', 0.643137276172638, 0.678431391716003, 0.698039233684540 );
#9017 = CARTESIAN_POINT( '', ( 3.00355000000000, 0.176700493150686, 3.50520000000000 ) );
#9018 = CARTESIAN_POINT( '', ( 3.00355000000000, -0.812800000000000, 3.50520000000000 ) );
#9019 = VECTOR( '', #9916, 1000.00000000000 );
#9020 = CARTESIAN_POINT( '', ( 3.00355000000000, 0.176700493150686, 2.23520000000000 ) );
#9021 = VECTOR( '', #9917, 1000.00000000000 );
#9022 = COLOUR_RGB( '', 0.643137276172638, 0.678431391716003, 0.698039233684540 );
#9023 = CARTESIAN_POINT( '', ( 0.000000000000000, -0.812800000000000, 3.50520000000000 ) );
#9024 = VECTOR( '', #9918, 1000.00000000000 );
#9025 = CARTESIAN_POINT( '', ( -4.61645000000000, -0.812800000000000, 3.50520000000000 ) );
#9026 = VECTOR( '', #9919, 1000.00000000000 );
#9027 = COLOUR_RGB( '', 0.858823537826538, 0.858823537826538, 0.858823537826538 );
#9028 = CARTESIAN_POINT( '', ( -1.84712879940139, -2.51771871200598, 3.55600000000000 ) );
#9029 = CARTESIAN_POINT( '', ( -1.98194255639294, -2.51771871200598, 3.55600000000000 ) );
#9030 = CARTESIAN_POINT( '', ( -2.11675631338449, -2.51771871200598, 3.55600000000000 ) );
#9031 = CARTESIAN_POINT( '', ( -2.25157007037604, -2.51771871200598, 3.55600000000000 ) );
#9032 = COLOUR_RGB( '', 0.858823537826538, 0.858823537826538, 0.858823537826538 );
#9033 = CARTESIAN_POINT( '', ( 3.07463128628230, -2.82558376020306, 3.50520000000000 ) );
#9034 = CARTESIAN_POINT( '', ( 2.99301757689279, -2.86684402439442, 3.50520000000000 ) );
#9035 = CARTESIAN_POINT( '', ( 2.93452775183032, -2.90946451707561, 3.50520000000000 ) );
#9036 = CARTESIAN_POINT( '', ( 2.90006863008808, -2.95344523824662, 3.50520000000000 ) );
#9037 = CARTESIAN_POINT( '', ( 2.87622750180202, -2.98387404671699, 3.50520000000000 ) );
#9038 = CARTESIAN_POINT( '', ( 2.86334246086281, -3.01420211079214, 3.50520000000000 ) );
#9039 = CARTESIAN_POINT( '', ( 2.86334246086281, -3.07813284981391, 3.50520000000000 ) );
#9040 = CARTESIAN_POINT( '', ( 2.87467769827801, -3.10579082910702, 3.50520000000000 ) );
#9041 = CARTESIAN_POINT( '', ( 2.91956523844224, -3.15067836927125, 3.50520000000000 ) );
#9042 = CARTESIAN_POINT( '', ( 2.94676980823874, -3.16201360668646, 3.50520000000000 ) );
#9043 = CARTESIAN_POINT( '', ( 2.97896188249794, -3.16201360668646, 3.50520000000000 ) );
#9044 = COLOUR_RGB( '', 0.858823537826538, 0.858823537826538, 0.858823537826538 );
#9045 = CARTESIAN_POINT( '', ( 3.87444563829943, -2.47101753385532, 3.50520000000000 ) );
#9046 = CARTESIAN_POINT( '', ( 3.82048990820304, -2.46361184541072, 3.50520000000000 ) );
#9047 = CARTESIAN_POINT( '', ( 3.76653417810665, -2.45620615696612, 3.50520000000000 ) );
#9048 = CARTESIAN_POINT( '', ( 3.71257844801025, -2.44880046852152, 3.50520000000000 ) );
#9049 = CARTESIAN_POINT( '', ( 3.87444563829943, -2.47101753385532, 3.55600000000000 ) );
#9050 = CARTESIAN_POINT( '', ( 3.82048990820304, -2.46361184541072, 3.55600000000000 ) );
#9051 = CARTESIAN_POINT( '', ( 3.76653417810665, -2.45620615696612, 3.55600000000000 ) );
#9052 = CARTESIAN_POINT( '', ( 3.71257844801025, -2.44880046852152, 3.55600000000000 ) );
#9053 = COLOUR_RGB( '', 0.870588243007660, 0.631372570991516, 0.172549024224281 );
#9054 = COLOUR_RGB( '', 0.870588243007660, 0.631372570991516, 0.172549024224281 );
#9055 = CARTESIAN_POINT( '', ( 4.60375000000000, 3.41728531584248, -0.856464708432565 ) );
#9056 = VECTOR( '', #9920, 1000.00000000000 );
#9057 = CARTESIAN_POINT( '', ( 0.000000000000000, 3.24757504979128, 0.000000000000000 ) );
#9058 = VECTOR( '', #9921, 1000.00000000000 );
#9059 = COLOUR_RGB( '', 0.858823537826538, 0.858823537826538, 0.858823537826538 );
#9060 = CARTESIAN_POINT( '', ( -2.28693601111149, -3.26131028644369, 3.50520000000000 ) );
#9061 = CARTESIAN_POINT( '', ( -2.09242333706651, -3.26131028644369, 3.50520000000000 ) );
#9062 = CARTESIAN_POINT( '', ( -2.28693601111149, -3.26131028644369, 3.50520000000000 ) );
#9063 = CARTESIAN_POINT( '', ( -2.28693601111149, -3.26131028644369, 3.55600000000000 ) );
#9064 = CARTESIAN_POINT( '', ( -2.09242333706651, -3.26131028644369, 3.55600000000000 ) );
#9065 = CARTESIAN_POINT( '', ( -2.28693601111149, -3.26131028644369, 3.55600000000000 ) );
#9066 = CARTESIAN_POINT( '', ( -2.28693601111149, -3.26131028644369, 3.55600000000000 ) );
#9067 = VECTOR( '', #9922, 1000.00000000000 );
#9068 = COLOUR_RGB( '', 0.858823537826538, 0.858823537826538, 0.858823537826538 );
#9069 = CARTESIAN_POINT( '', ( 1.46149507685839, 2.48593966928434, 3.50520000000000 ) );
#9070 = CARTESIAN_POINT( '', ( 1.61164058431565, 2.46376433279835, 3.50520000000000 ) );
#9071 = CARTESIAN_POINT( '', ( 1.46149507685839, 2.48593966928434, 3.50520000000000 ) );
#9072 = CARTESIAN_POINT( '', ( 1.51154357934415, 2.47854789045568, 3.50520000000000 ) );
#9073 = CARTESIAN_POINT( '', ( 1.56159208182990, 2.47115611162701, 3.50520000000000 ) );
#9074 = CARTESIAN_POINT( '', ( 1.61164058431565, 2.46376433279835, 3.50520000000000 ) );
#9075 = CARTESIAN_POINT( '', ( 1.46149507685839, 2.48593966928434, 3.55600000000000 ) );
#9076 = VECTOR( '', #9923, 1000.00000000000 );
#9077 = CARTESIAN_POINT( '', ( 1.61164058431565, 2.46376433279835, 3.55600000000000 ) );
#9078 = VECTOR( '', #9924, 1000.00000000000 );
#9079 = COLOUR_RGB( '', 0.870588243007660, 0.631372570991516, 0.172549024224281 );
#9080 = CARTESIAN_POINT( '', ( -0.476250000000000, -3.25580701497173, 0.000000000000000 ) );
#9081 = CARTESIAN_POINT( '', ( 0.000000000000000, -3.25580701497173, 0.000000000000000 ) );
#9082 = VECTOR( '', #9925, 1000.00000000000 );
#9083 = CARTESIAN_POINT( '', ( -0.476250000000000, -3.42603784274110, -0.859091790167467 ) );
#9084 = VECTOR( '', #9926, 1000.00000000000 );
#9085 = COLOUR_RGB( '', 0.858823537826538, 0.858823537826538, 0.858823537826538 );
#9086 = CARTESIAN_POINT( '', ( -0.963470365120511, 2.45960645720722, 3.50520000000000 ) );
#9087 = CARTESIAN_POINT( '', ( -0.963470365120511, 2.45960645720722, 3.50520000000000 ) );
#9088 = CARTESIAN_POINT( '', ( -0.912959876457967, 2.44944276131781, 3.50520000000000 ) );
#9089 = CARTESIAN_POINT( '', ( -0.862449387795423, 2.43927906542840, 3.50520000000000 ) );
#9090 = CARTESIAN_POINT( '', ( -0.811938899132879, 2.42911536953898, 3.50520000000000 ) );
#9091 = CARTESIAN_POINT( '', ( -0.963470365120511, 2.45960645720722, 3.55600000000000 ) );
#9092 = CARTESIAN_POINT( '', ( -0.963470365120511, 2.45960645720722, 3.55600000000000 ) );
#9093 = VECTOR( '', #9927, 1000.00000000000 );
#9094 = CARTESIAN_POINT( '', ( -0.963470365120511, 2.45960645720722, 3.55600000000000 ) );
#9095 = CARTESIAN_POINT( '', ( -0.912959876457967, 2.44944276131781, 3.55600000000000 ) );
#9096 = CARTESIAN_POINT( '', ( -0.862449387795423, 2.43927906542840, 3.55600000000000 ) );
#9097 = CARTESIAN_POINT( '', ( -0.811938899132879, 2.42911536953898, 3.55600000000000 ) );
#9098 = COLOUR_RGB( '', 0.858823537826538, 0.858823537826538, 0.858823537826538 );
#9099 = CARTESIAN_POINT( '', ( -4.00671823174697, -2.49958233214165, 3.50520000000000 ) );
#9100 = CARTESIAN_POINT( '', ( -3.97452615748779, -2.35131742675072, 3.50520000000000 ) );
#9101 = CARTESIAN_POINT( '', ( -4.00671823174697, -2.49958233214165, 3.50520000000000 ) );
#9102 = CARTESIAN_POINT( '', ( -4.00671823174697, -2.49958233214165, 3.55600000000000 ) );
#9103 = VECTOR( '', #9928, 1000.00000000000 );
#9104 = COLOUR_RGB( '', 0.870588243007660, 0.631372570991516, 0.172549024224281 );
#9105 = CARTESIAN_POINT( '', ( 3.00355000000000, -11.5433280311199, 7.37257477290143E-015 ) );
#9106 = VECTOR( '', #9929, 1000.00000000000 );
#9107 = AXIS2_PLACEMENT_3D( '', #9930, #9931, #9932 );
#9108 = COLOUR_RGB( '', 0.858823537826538, 0.858823537826538, 0.858823537826538 );
#9109 = CARTESIAN_POINT( '', ( -4.82557578262167, -2.48371299976036, 3.50520000000000 ) );
#9110 = CARTESIAN_POINT( '', ( -4.82557578262167, -2.48371299976036, 3.50520000000000 ) );
#9111 = CARTESIAN_POINT( '', ( -4.79837121282517, -2.35131742675072, 3.50520000000000 ) );
#9112 = CARTESIAN_POINT( '', ( -4.82557578262167, -2.48371299976036, 3.55600000000000 ) );
#9113 = VECTOR( '', #9933, 1000.00000000000 );
#9114 = COLOUR_RGB( '', 0.870588243007660, 0.631372570991516, 0.172549024224281 );
#9115 = CARTESIAN_POINT( '', ( -4.61645000000000, -3.42603784274110, -0.859091790167467 ) );
#9116 = AXIS2_PLACEMENT_3D( '', #9934, #9935, #9936 );
#9117 = CARTESIAN_POINT( '', ( 4.60375000000000, -3.42603784274110, -0.859091790167467 ) );
#9118 = VECTOR( '', #9937, 1000.00000000000 );
#9119 = COLOUR_RGB( '', 0.858823537826538, 0.858823537826538, 0.858823537826538 );
#9120 = COLOUR_RGB( '', 0.643137276172638, 0.678431391716003, 0.698039233684540 );
#9121 = COLOUR_RGB( '', 0.858823537826538, 0.858823537826538, 0.858823537826538 );
#9122 = CARTESIAN_POINT( '', ( -2.48779641810899, -2.04073192157399, 3.50520000000000 ) );
#9123 = CARTESIAN_POINT( '', ( -2.48779641810899, -2.04073192157399, 3.50520000000000 ) );
#9124 = CARTESIAN_POINT( '', ( -2.33000991328929, -2.04073192157399, 3.50520000000000 ) );
#9125 = CARTESIAN_POINT( '', ( -2.48779641810899, -2.04073192157399, 3.55600000000000 ) );
#9126 = CARTESIAN_POINT( '', ( -2.48779641810899, -2.04073192157399, 3.55600000000000 ) );
#9127 = VECTOR( '', #9938, 1000.00000000000 );
#9128 = CARTESIAN_POINT( '', ( -2.48779641810899, -2.04073192157399, 3.55600000000000 ) );
#9129 = CARTESIAN_POINT( '', ( -2.33000991328929, -2.04073192157399, 3.55600000000000 ) );
#9130 = COLOUR_RGB( '', 0.858823537826538, 0.858823537826538, 0.858823537826538 );
#9131 = CARTESIAN_POINT( '', ( -0.0575215162882141, -2.90130314613665, 3.50520000000000 ) );
#9132 = CARTESIAN_POINT( '', ( -0.0575215162882141, -2.93576226787889, 3.50520000000000 ) );
#9133 = CARTESIAN_POINT( '', ( -0.0543476498119566, -2.96296683767539, 3.50520000000000 ) );
#9134 = CARTESIAN_POINT( '', ( -0.0479999168594382, -2.98291685552616, 3.50520000000000 ) );
#9135 = CARTESIAN_POINT( '', ( -0.0371742334563628, -3.01694043193582, 3.50520000000000 ) );
#9136 = CARTESIAN_POINT( '', ( -0.0198885280697217, -3.04594077555472, 3.50520000000000 ) );
#9137 = CARTESIAN_POINT( '', ( 0.0263592405843312, -3.09309536320199, 3.50520000000000 ) );
#9138 = CARTESIAN_POINT( '', ( 0.0585513148435241, -3.11168515256293, 3.50520000000000 ) );
#9139 = CARTESIAN_POINT( '', ( 0.0993581695382774, -3.12619425645440, 3.50520000000000 ) );
#9140 = CARTESIAN_POINT( '', ( 0.140021905058298, -3.14065247352818, 3.50520000000000 ) );
#9141 = CARTESIAN_POINT( '', ( 0.185505973893865, -3.14750450279499, 3.50520000000000 ) );
#9142 = CARTESIAN_POINT( '', ( 0.324702689352628, -3.14750450279499, 3.50520000000000 ) );
#9143 = CARTESIAN_POINT( '', ( 0.393620932837097, -3.12755448494422, 3.50520000000000 ) );
#9144 = CARTESIAN_POINT( '', ( 0.442589158470800, -3.08765444924269, 3.50520000000000 ) );
#9145 = CARTESIAN_POINT( '', ( 0.480304380893130, -3.05692352726894, 3.50520000000000 ) );
#9146 = CARTESIAN_POINT( '', ( 0.499265345546844, -3.01601574877857, 3.50520000000000 ) );
#9147 = CARTESIAN_POINT( '', ( 0.499265345546844, -2.93530885838228, 3.50520000000000 ) );
#9148 = CARTESIAN_POINT( '', ( 0.491557384104503, -2.90855769808238, 3.50520000000000 ) );
#9149 = CARTESIAN_POINT( '', ( 0.476141461219820, -2.88498040425875, 3.50520000000000 ) );
#9150 = CARTESIAN_POINT( '', ( 0.460382074768275, -2.86087781321522, 3.50520000000000 ) );
#9151 = CARTESIAN_POINT( '', ( 0.432614149545417, -2.83782581661149, 3.50520000000000 ) );
#9152 = CARTESIAN_POINT( '', ( 0.392260704347275, -2.81515534178107, 3.50520000000000 ) );
#9153 = CARTESIAN_POINT( '', ( 0.363233794721970, -2.79884808918258, 3.50520000000000 ) );
#9154 = CARTESIAN_POINT( '', ( 0.294777662576477, -2.76709393514058, 3.50520000000000 ) );
#9155 = CARTESIAN_POINT( '', ( 0.186866202383688, -2.71903252850010, 3.50520000000000 ) );
#9156 = CARTESIAN_POINT( '', ( 0.0993510891896263, -2.68005520917837, 3.50520000000000 ) );
#9157 = CARTESIAN_POINT( '', ( 0.0386012969927568, -2.64966087551902, 3.50520000000000 ) );
#9158 = CARTESIAN_POINT( '', ( 0.00550240374034856, -2.62744381018521, 3.50520000000000 ) );
#9159 = CARTESIAN_POINT( '', ( -0.0387679012191170, -2.59772812603433, 3.50520000000000 ) );
#9160 = CARTESIAN_POINT( '', ( -0.0729374391728972, -2.56260625217022, 3.50520000000000 ) );
#9161 = CARTESIAN_POINT( '', ( -0.0969681424931408, -2.52089257848225, 3.50520000000000 ) );
#9162 = CARTESIAN_POINT( '', ( -0.121081982283666, -2.47903459243077, 3.50520000000000 ) );
#9163 = CARTESIAN_POINT( '', ( -0.132334083228591, -2.43111749815379, 3.50520000000000 ) );
#9164 = CARTESIAN_POINT( '', ( -0.132334083228591, -2.31187080054580, 3.50520000000000 ) );
#9165 = CARTESIAN_POINT( '', ( -0.112384065377824, -2.25066051850366, 3.50520000000000 ) );
#9166 = CARTESIAN_POINT( '', ( -0.0720306201796818, -2.19534455991744, 3.50520000000000 ) );
#9167 = CARTESIAN_POINT( '', ( -0.0316187814848705, -2.13994855631332, 3.50520000000000 ) );
#9168 = CARTESIAN_POINT( '', ( 0.0236387836046815, -2.09604788016022, 3.50520000000000 ) );
#9169 = CARTESIAN_POINT( '', ( 0.0943706650755856, -2.06566944388746, 3.50520000000000 ) );
#9170 = CARTESIAN_POINT( '', ( 0.165485345280556, -2.03512660046609, 3.50520000000000 ) );
#9171 = CARTESIAN_POINT( '', ( 0.246716255935993, -2.01987508473001, 3.50520000000000 ) );
#9172 = CARTESIAN_POINT( '', ( 0.476141461219820, -2.01987508473001, 3.50520000000000 ) );
#9173 = CARTESIAN_POINT( '', ( 0.589040425875300, -2.05025352100277, 3.50520000000000 ) );
#9174 = CARTESIAN_POINT( '', ( 0.676095049224103, -2.11055698405168, 3.50520000000000 ) );
#9175 = CARTESIAN_POINT( '', ( 0.763243823632933, -2.17092566632447, 3.50520000000000 ) );
#9176 = CARTESIAN_POINT( '', ( 0.807583803240526, -2.27922531678999, 3.50520000000000 ) );
#9177 = CARTESIAN_POINT( '', ( 0.808037212737135, -2.43610500261648, 3.50520000000000 ) );
#9178 = COLOUR_RGB( '', 0.870588243007660, 0.631372570991516, 0.172549024224281 );
#9179 = CARTESIAN_POINT( '', ( -4.61645000000000, -3.25580701497173, -5.42101086242752E-017 ) );
#9180 = CARTESIAN_POINT( '', ( -4.61645000000000, -3.42603784274110, -0.859091790167467 ) );
#9181 = VECTOR( '', #9939, 1000.00000000000 );
#9182 = CARTESIAN_POINT( '', ( 0.000000000000000, -3.25580701497173, 0.000000000000000 ) );
#9183 = VECTOR( '', #9940, 1000.00000000000 );
#9184 = COLOUR_RGB( '', 0.643137276172638, 0.678431391716003, 0.698039233684540 );
#9185 = CARTESIAN_POINT( '', ( 0.463550000000000, 0.176700493150686, 3.50520000000000 ) );
#9186 = VECTOR( '', #9941, 1000.00000000000 );
#9187 = COLOUR_RGB( '', 0.870588243007660, 0.631372570991516, 0.172549024224281 );
#9188 = COLOUR_RGB( '', 0.858823537826538, 0.858823537826538, 0.858823537826538 );
#9189 = CARTESIAN_POINT( '', ( -1.08266279873273, 2.65225469292930, 3.50520000000000 ) );
#9190 = CARTESIAN_POINT( '', ( -1.05632958665561, 2.77930089154699, 3.50520000000000 ) );
#9191 = CARTESIAN_POINT( '', ( -1.06510732401465, 2.73695215867442, 3.50520000000000 ) );
#9192 = CARTESIAN_POINT( '', ( -1.07388506137369, 2.69460342580187, 3.50520000000000 ) );
#9193 = CARTESIAN_POINT( '', ( -1.08266279873273, 2.65225469292930, 3.50520000000000 ) );
#9194 = CARTESIAN_POINT( '', ( -1.08266279873273, 2.65225469292930, 3.55600000000000 ) );
#9195 = CARTESIAN_POINT( '', ( -1.05632958665561, 2.77930089154699, 3.55600000000000 ) );
#9196 = CARTESIAN_POINT( '', ( -1.06510732401465, 2.73695215867442, 3.55600000000000 ) );
#9197 = CARTESIAN_POINT( '', ( -1.07388506137369, 2.69460342580187, 3.55600000000000 ) );
#9198 = CARTESIAN_POINT( '', ( -1.08266279873273, 2.65225469292930, 3.55600000000000 ) );
#9199 = CARTESIAN_POINT( '', ( -1.08266279873273, 2.65225469292930, 3.55600000000000 ) );
#9200 = VECTOR( '', #9942, 1000.00000000000 );
#9201 = COLOUR_RGB( '', 0.870588243007660, 0.631372570991516, 0.172549024224281 );
#9202 = CARTESIAN_POINT( '', ( 0.000000000000000, 3.24757504979128, 0.000000000000000 ) );
#9203 = VECTOR( '', #9943, 1000.00000000000 );
#9204 = COLOUR_RGB( '', 0.858823537826538, 0.858823537826538, 0.858823537826538 );
#9205 = CARTESIAN_POINT( '', ( 1.72713712851354, 3.35632162635964, 3.50520000000000 ) );
#9206 = CARTESIAN_POINT( '', ( 1.72713712851354, 3.35632162635964, 3.50520000000000 ) );
#9207 = CARTESIAN_POINT( '', ( 1.71142959850263, 3.28240383807300, 3.50520000000000 ) );
#9208 = CARTESIAN_POINT( '', ( 1.68971624819342, 3.22049769038293, 3.50520000000000 ) );
#9209 = CARTESIAN_POINT( '', ( 1.66153509140914, 3.17014119711265, 3.50520000000000 ) );
#9210 = CARTESIAN_POINT( '', ( 1.63366099760738, 3.12033339015539, 3.50520000000000 ) );
#9211 = CARTESIAN_POINT( '', ( 1.59639504048153, 3.07312409998642, 3.50520000000000 ) );
#9212 = CARTESIAN_POINT( '', ( 1.55019642280237, 3.02784945466085, 3.50520000000000 ) );
#9213 = CARTESIAN_POINT( '', ( 1.50422875107978, 2.98280113637270, 3.50520000000000 ) );
#9214 = CARTESIAN_POINT( '', ( 1.41483447300244, 2.90773304869504, 3.50520000000000 ) );
#9215 = CARTESIAN_POINT( '', ( 1.28270642644006, 2.80147622803298, 3.50520000000000 ) );
#9216 = CARTESIAN_POINT( '', ( 1.20303683205192, 2.73740627450406, 3.50520000000000 ) );
#9217 = CARTESIAN_POINT( '', ( 1.14780646281692, 2.69059954560301, 3.50520000000000 ) );
#9218 = CARTESIAN_POINT( '', ( 1.11870133367905, 2.65964647175797, 3.50520000000000 ) );
#9219 = CARTESIAN_POINT( '', ( 1.07685367756110, 2.61514182160078, 3.50520000000000 ) );
#9220 = CARTESIAN_POINT( '', ( 1.04570751774599, 2.57233108434437, 3.50520000000000 ) );
#9221 = CARTESIAN_POINT( '', ( 1.02630409832074, 2.52982835607954, 3.50520000000000 ) );
#9222 = CARTESIAN_POINT( '', ( 1.01325213061975, 2.50123833159167, 3.50520000000000 ) );
#9223 = CARTESIAN_POINT( '', ( 1.00690067889549, 2.46977015309664, 3.50520000000000 ) );
#9224 = CARTESIAN_POINT( '', ( 1.00690067889549, 2.37875887626870, 3.50520000000000 ) );
#9225 = CARTESIAN_POINT( '', ( 1.02722807067432, 2.32978834152880, 3.50520000000000 ) );
#9226 = CARTESIAN_POINT( '', ( 1.10761366543606, 2.25032671912065, 3.50520000000000 ) );
#9227 = CARTESIAN_POINT( '', ( 1.15750817252954, 2.22999932734182, 3.50520000000000 ) );
#9228 = CARTESIAN_POINT( '', ( 1.27392868908102, 2.22999932734182, 3.50520000000000 ) );
#9229 = CARTESIAN_POINT( '', ( 1.32474716852809, 2.25032671912065, 3.50520000000000 ) );
#9230 = CARTESIAN_POINT( '', ( 1.36863585532329, 2.29098150267830, 3.50520000000000 ) );
#9231 = CARTESIAN_POINT( '', ( 1.41204558513336, 2.33119262081817, 3.50520000000000 ) );
#9232 = CARTESIAN_POINT( '', ( 1.44301562978673, 2.39631435098678, 3.50520000000000 ) );
#9233 = CARTESIAN_POINT( '', ( 1.46149507685839, 2.48593966928434, 3.50520000000000 ) );
#9234 = CARTESIAN_POINT( '', ( 1.72713712851354, 3.35632162635964, 3.55600000000000 ) );
#9235 = VECTOR( '', #9944, 1000.00000000000 );
#9236 = COLOUR_RGB( '', 0.858823537826538, 0.858823537826538, 0.858823537826538 );
#9237 = CARTESIAN_POINT( '', ( 2.56273196461146, -2.49459482767896, 3.50520000000000 ) );
#9238 = CARTESIAN_POINT( '', ( 2.56273196461146, -2.49459482767896, 3.50520000000000 ) );
#9239 = CARTESIAN_POINT( '', ( 2.59900472434013, -2.41796862275215, 3.50520000000000 ) );
#9240 = CARTESIAN_POINT( '', ( 2.64933317846366, -2.34270264631516, 3.50520000000000 ) );
#9241 = CARTESIAN_POINT( '', ( 2.71371732698205, -2.26925030786461, 3.50520000000000 ) );
#9242 = CARTESIAN_POINT( '', ( 2.56273196461146, -2.49459482767896, 3.55600000000000 ) );
#9243 = VECTOR( '', #9945, 1000.00000000000 );
#9244 = COLOUR_RGB( '', 0.858823537826538, 0.858823537826538, 0.858823537826538 );
#9245 = CARTESIAN_POINT( '', ( -2.28693601111149, -3.26131028644369, 3.50520000000000 ) );
#9246 = CARTESIAN_POINT( '', ( -2.48779641810899, -2.04073192157399, 3.50520000000000 ) );
#9247 = CARTESIAN_POINT( '', ( -2.28693601111149, -3.26131028644369, 3.55600000000000 ) );
#9248 = CARTESIAN_POINT( '', ( -2.48779641810899, -2.04073192157399, 3.55600000000000 ) );
#9249 = COLOUR_RGB( '', 0.858823537826538, 0.858823537826538, 0.858823537826538 );
#9250 = CARTESIAN_POINT( '', ( -4.65101312642745, -2.48371299976036, 3.50520000000000 ) );
#9251 = CARTESIAN_POINT( '', ( -4.82557578262167, -2.48371299976036, 3.50520000000000 ) );
#9252 = COLOUR_RGB( '', 0.858823537826538, 0.858823537826538, 0.858823537826538 );
#9253 = CARTESIAN_POINT( '', ( 2.69376730913128, -2.56215284267360, 3.50520000000000 ) );
#9254 = CARTESIAN_POINT( '', ( 2.65008886095801, -2.53963350434206, 3.50520000000000 ) );
#9255 = CARTESIAN_POINT( '', ( 2.60641041278474, -2.51711416601051, 3.50520000000000 ) );
#9256 = CARTESIAN_POINT( '', ( 2.56273196461146, -2.49459482767896, 3.50520000000000 ) );
#9257 = COLOUR_RGB( '', 0.870588243007660, 0.631372570991516, 0.172549024224281 );
#9258 = CARTESIAN_POINT( '', ( 0.463550000000000, -4.19975252689862, -1.04402708173490 ) );
#9259 = VECTOR( '', #9946, 1000.00000000000 );
#9260 = COLOUR_RGB( '', 0.858823537826538, 0.858823537826538, 0.858823537826538 );
#9261 = CARTESIAN_POINT( '', ( 2.04448490998811, -3.26131028644369, 3.50520000000000 ) );
#9262 = CARTESIAN_POINT( '', ( 2.16781229306559, -2.67323816934265, 3.50520000000000 ) );
#9263 = CARTESIAN_POINT( '', ( 2.04448490998811, -3.26131028644369, 3.55600000000000 ) );
#9264 = CARTESIAN_POINT( '', ( 2.16781229306559, -2.67323816934265, 3.55600000000000 ) );
#9265 = COLOUR_RGB( '', 0.117647059261799, 0.117647059261799, 0.117647059261799 );
#9266 = CARTESIAN_POINT( '', ( -2.07645000000000, -11.5433280311199, 7.37257477290143E-015 ) );
#9267 = VECTOR( '', #9947, 1000.00000000000 );
#9268 = CARTESIAN_POINT( '', ( 6.15950000000000, -3.50520000000000, 0.000000000000000 ) );
#9269 = VECTOR( '', #9948, 1000.00000000000 );
#9270 = CARTESIAN_POINT( '', ( 4.60375000000000, -2.81889075070489E-016, 0.000000000000000 ) );
#9271 = VECTOR( '', #9949, 1000.00000000000 );
#9272 = CARTESIAN_POINT( '', ( 0.463550000000000, -11.5433280311199, 7.37257477290143E-015 ) );
#9273 = VECTOR( '', #9950, 1000.00000000000 );
#9274 = CARTESIAN_POINT( '', ( -0.476250000000000, -11.5433280311199, 7.37257477290143E-015 ) );
#9275 = VECTOR( '', #9951, 1000.00000000000 );
#9276 = CARTESIAN_POINT( '', ( -4.61645000000000, 2.82666700105165E-016, 0.000000000000000 ) );
#9277 = VECTOR( '', #9952, 1000.00000000000 );
#9278 = COLOUR_RGB( '', 0.858823537826538, 0.858823537826538, 0.858823537826538 );
#9279 = COLOUR_RGB( '', 0.870588243007660, 0.631372570991516, 0.172549024224281 );
#9280 = CARTESIAN_POINT( '', ( -2.07645000000000, 3.75540389311319, -0.787400000000000 ) );
#9281 = VECTOR( '', #9953, 1000.00000000000 );
#9282 = COLOUR_RGB( '', 0.870588243007660, 0.631372570991516, 0.172549024224281 );
#9283 = COLOUR_RGB( '', 0.858823537826538, 0.858823537826538, 0.858823537826538 );
#9284 = CARTESIAN_POINT( '', ( -0.538588992189678, -3.26131028644369, 3.50520000000000 ) );
#9285 = CARTESIAN_POINT( '', ( -0.282866036102566, -2.04073192157399, 3.50520000000000 ) );
#9286 = CARTESIAN_POINT( '', ( -0.538588992189678, -3.26131028644369, 3.50520000000000 ) );
#9287 = CARTESIAN_POINT( '', ( -0.661009556273934, -3.26131028644369, 3.50520000000000 ) );
#9288 = CARTESIAN_POINT( '', ( -0.783430120358190, -3.26131028644369, 3.50520000000000 ) );
#9289 = CARTESIAN_POINT( '', ( -0.905850684442444, -3.26131028644369, 3.50520000000000 ) );
#9290 = CARTESIAN_POINT( '', ( -0.994265536281074, -3.26131028644369, 3.50520000000000 ) );
#9291 = CARTESIAN_POINT( '', ( -1.06137014177911, -3.25496255349117, 3.50520000000000 ) );
#9292 = CARTESIAN_POINT( '', ( -1.10807131992977, -3.24226708758614, 3.50520000000000 ) );
#9293 = CARTESIAN_POINT( '', ( -1.17418998960151, -3.22429308029673, 3.50520000000000 ) );
#9294 = CARTESIAN_POINT( '', ( -1.23094529351064, -3.19420568094565, 3.50520000000000 ) );
#9295 = CARTESIAN_POINT( '', ( -1.27809988115790, -3.15022495977464, 3.50520000000000 ) );
#9296 = CARTESIAN_POINT( '', ( -1.32548062430588, -3.10603330510778, 3.50520000000000 ) );
#9297 = CARTESIAN_POINT( '', ( -1.36062040954062, -3.05092828001741, 3.50520000000000 ) );
#9298 = CARTESIAN_POINT( '', ( -1.38465111286087, -2.98473049351259, 3.50520000000000 ) );
#9299 = CARTESIAN_POINT( '', ( -1.40862902334065, -2.91867813634186, 3.50520000000000 ) );
#9300 = CARTESIAN_POINT( '', ( -1.42001705359632, -2.84462695906061, 3.50520000000000 ) );
#9301 = CARTESIAN_POINT( '', ( -1.42001705359632, -2.66416997941048, 3.50520000000000 ) );
#9302 = CARTESIAN_POINT( '', ( -1.40550794970485, -2.57484830857864, 3.50520000000000 ) );
#9303 = CARTESIAN_POINT( '', ( -1.37558292292870, -2.49414141818235, 3.50520000000000 ) );
#9304 = CARTESIAN_POINT( '', ( -1.34571269781091, -2.41358232619800, 3.50520000000000 ) );
#9305 = CARTESIAN_POINT( '', ( -1.30711808894084, -2.34224923681855, 3.50520000000000 ) );
#9306 = CARTESIAN_POINT( '', ( -1.25905668230035, -2.28103895477643, 3.50520000000000 ) );
#9307 = CARTESIAN_POINT( '', ( -1.21077504247374, -2.21954818707272, 3.50520000000000 ) );
#9308 = CARTESIAN_POINT( '', ( -1.16112023103295, -2.17131385659720, 3.50520000000000 ) );
#9309 = CARTESIAN_POINT( '', ( -1.10852472942638, -2.13685473485497, 3.50520000000000 ) );
#9310 = CARTESIAN_POINT( '', ( -1.05603861946209, -2.10246728349905, 3.50520000000000 ) );
#9311 = CARTESIAN_POINT( '', ( -0.994265536281074, -2.07655127180605, 3.50520000000000 ) );
#9312 = CARTESIAN_POINT( '', ( -0.922626835816954, -2.05977512043155, 3.50520000000000 ) );
#9313 = CARTESIAN_POINT( '', ( -0.868227889457611, -2.04703612666385, 3.50520000000000 ) );
#9314 = CARTESIAN_POINT( '', ( -0.801566500222522, -2.04073192157399, 3.50520000000000 ) );
#9315 = CARTESIAN_POINT( '', ( -0.722219838316061, -2.04073192157399, 3.50520000000000 ) );
#9316 = CARTESIAN_POINT( '', ( -0.575768570911563, -2.04073192157399, 3.50520000000000 ) );
#9317 = CARTESIAN_POINT( '', ( -0.429317303507064, -2.04073192157399, 3.50520000000000 ) );
#9318 = CARTESIAN_POINT( '', ( -0.282866036102566, -2.04073192157399, 3.50520000000000 ) );
#9319 = CARTESIAN_POINT( '', ( -0.538588992189678, -3.26131028644369, 3.55600000000000 ) );
#9320 = CARTESIAN_POINT( '', ( -0.538588992189678, -3.26131028644369, 3.55600000000000 ) );
#9321 = VECTOR( '', #9954, 1000.00000000000 );
#9322 = CARTESIAN_POINT( '', ( -0.282866036102566, -2.04073192157399, 3.55600000000000 ) );
#9323 = CARTESIAN_POINT( '', ( -0.538588992189678, -3.26131028644369, 3.55600000000000 ) );
#9324 = CARTESIAN_POINT( '', ( -0.661009556273934, -3.26131028644369, 3.55600000000000 ) );
#9325 = CARTESIAN_POINT( '', ( -0.783430120358190, -3.26131028644369, 3.55600000000000 ) );
#9326 = CARTESIAN_POINT( '', ( -0.905850684442444, -3.26131028644369, 3.55600000000000 ) );
#9327 = CARTESIAN_POINT( '', ( -0.994265536281074, -3.26131028644369, 3.55600000000000 ) );
#9328 = CARTESIAN_POINT( '', ( -1.06137014177911, -3.25496255349117, 3.55600000000000 ) );
#9329 = CARTESIAN_POINT( '', ( -1.10807131992977, -3.24226708758614, 3.55600000000000 ) );
#9330 = CARTESIAN_POINT( '', ( -1.17418998960151, -3.22429308029673, 3.55600000000000 ) );
#9331 = CARTESIAN_POINT( '', ( -1.23094529351064, -3.19420568094565, 3.55600000000000 ) );
#9332 = CARTESIAN_POINT( '', ( -1.27809988115790, -3.15022495977464, 3.55600000000000 ) );
#9333 = CARTESIAN_POINT( '', ( -1.32548062430588, -3.10603330510778, 3.55600000000000 ) );
#9334 = CARTESIAN_POINT( '', ( -1.36062040954062, -3.05092828001741, 3.55600000000000 ) );
#9335 = CARTESIAN_POINT( '', ( -1.38465111286087, -2.98473049351259, 3.55600000000000 ) );
#9336 = CARTESIAN_POINT( '', ( -1.40862902334065, -2.91867813634186, 3.55600000000000 ) );
#9337 = CARTESIAN_POINT( '', ( -1.42001705359632, -2.84462695906061, 3.55600000000000 ) );
#9338 = CARTESIAN_POINT( '', ( -1.42001705359632, -2.66416997941048, 3.55600000000000 ) );
#9339 = CARTESIAN_POINT( '', ( -1.40550794970485, -2.57484830857864, 3.55600000000000 ) );
#9340 = CARTESIAN_POINT( '', ( -1.37558292292870, -2.49414141818235, 3.55600000000000 ) );
#9341 = CARTESIAN_POINT( '', ( -1.34571269781091, -2.41358232619800, 3.55600000000000 ) );
#9342 = CARTESIAN_POINT( '', ( -1.30711808894084, -2.34224923681855, 3.55600000000000 ) );
#9343 = CARTESIAN_POINT( '', ( -1.25905668230035, -2.28103895477643, 3.55600000000000 ) );
#9344 = CARTESIAN_POINT( '', ( -1.21077504247374, -2.21954818707272, 3.55600000000000 ) );
#9345 = CARTESIAN_POINT( '', ( -1.16112023103295, -2.17131385659720, 3.55600000000000 ) );
#9346 = CARTESIAN_POINT( '', ( -1.10852472942638, -2.13685473485497, 3.55600000000000 ) );
#9347 = CARTESIAN_POINT( '', ( -1.05603861946209, -2.10246728349905, 3.55600000000000 ) );
#9348 = CARTESIAN_POINT( '', ( -0.994265536281074, -2.07655127180605, 3.55600000000000 ) );
#9349 = CARTESIAN_POINT( '', ( -0.922626835816954, -2.05977512043155, 3.55600000000000 ) );
#9350 = CARTESIAN_POINT( '', ( -0.868227889457611, -2.04703612666385, 3.55600000000000 ) );
#9351 = CARTESIAN_POINT( '', ( -0.801566500222522, -2.04073192157399, 3.55600000000000 ) );
#9352 = CARTESIAN_POINT( '', ( -0.722219838316061, -2.04073192157399, 3.55600000000000 ) );
#9353 = CARTESIAN_POINT( '', ( -0.575768570911563, -2.04073192157399, 3.55600000000000 ) );
#9354 = CARTESIAN_POINT( '', ( -0.429317303507064, -2.04073192157399, 3.55600000000000 ) );
#9355 = CARTESIAN_POINT( '', ( -0.282866036102566, -2.04073192157399, 3.55600000000000 ) );
#9356 = CARTESIAN_POINT( '', ( -0.282866036102566, -2.04073192157399, 3.55600000000000 ) );
#9357 = VECTOR( '', #9955, 1000.00000000000 );
#9358 = COLOUR_RGB( '', 0.117647059261799, 0.117647059261799, 0.117647059261799 );
#9359 = CARTESIAN_POINT( '', ( 6.15950000000000, -3.50520000000000, 3.50520000000000 ) );
#9360 = VECTOR( '', #9956, 1000.00000000000 );
#9361 = COLOUR_RGB( '', 0.858823537826538, 0.858823537826538, 0.858823537826538 );
#9362 = COLOUR_RGB( '', 0.870588243007660, 0.631372570991516, 0.172549024224281 );
#9363 = COLOUR_RGB( '', 0.858823537826538, 0.858823537826538, 0.858823537826538 );
#9364 = COLOUR_RGB( '', 0.858823537826538, 0.858823537826538, 0.858823537826538 );
#9365 = CARTESIAN_POINT( '', ( 3.82316841261685, 3.35632162635964, 3.50520000000000 ) );
#9366 = CARTESIAN_POINT( '', ( 3.75802836168924, 3.04371098006402, 3.50520000000000 ) );
#9367 = CARTESIAN_POINT( '', ( 3.69288831076163, 2.73110033376840, 3.50520000000000 ) );
#9368 = CARTESIAN_POINT( '', ( 3.62774825983402, 2.41848968747278, 3.50520000000000 ) );
#9369 = CARTESIAN_POINT( '', ( 3.82316841261685, 3.35632162635964, 3.55600000000000 ) );
#9370 = CARTESIAN_POINT( '', ( 3.75802836168924, 3.04371098006402, 3.55600000000000 ) );
#9371 = CARTESIAN_POINT( '', ( 3.69288831076163, 2.73110033376840, 3.55600000000000 ) );
#9372 = CARTESIAN_POINT( '', ( 3.62774825983402, 2.41848968747278, 3.55600000000000 ) );
#9373 = COLOUR_RGB( '', 0.858823537826538, 0.858823537826538, 0.858823537826538 );
#9374 = CARTESIAN_POINT( '', ( -3.76172063794700, 2.90496113163429, 3.50520000000000 ) );
#9375 = CARTESIAN_POINT( '', ( -3.93958531601175, 2.90496113163429, 3.50520000000000 ) );
#9376 = COLOUR_RGB( '', 0.858823537826538, 0.858823537826538, 0.858823537826538 );
#9377 = CARTESIAN_POINT( '', ( -4.62290173763773, -2.35131742675072, 3.50520000000000 ) );
#9378 = CARTESIAN_POINT( '', ( -4.55670395113291, -2.04073192157399, 3.50520000000000 ) );
#9379 = COLOUR_RGB( '', 0.858823537826538, 0.858823537826538, 0.858823537826538 );
#9380 = CARTESIAN_POINT( '', ( -0.671891384192534, -3.12392720897136, 3.55600000000000 ) );
#9381 = CARTESIAN_POINT( '', ( -0.605693597687715, -2.80880760882855, 3.55600000000000 ) );
#9382 = CARTESIAN_POINT( '', ( -0.539495811182894, -2.49368800868574, 3.55600000000000 ) );
#9383 = CARTESIAN_POINT( '', ( -0.473298024678075, -2.17856840854293, 3.55600000000000 ) );
#9384 = COLOUR_RGB( '', 0.117647059261799, 0.117647059261799, 0.117647059261799 );
#9385 = COLOUR_RGB( '', 0.858823537826538, 0.858823537826538, 0.858823537826538 );
#9386 = CARTESIAN_POINT( '', ( -0.282866036102566, -2.04073192157399, 3.50520000000000 ) );
#9387 = CARTESIAN_POINT( '', ( -0.368107021464937, -2.44759137653056, 3.50520000000000 ) );
#9388 = CARTESIAN_POINT( '', ( -0.453348006827307, -2.85445083148712, 3.50520000000000 ) );
#9389 = CARTESIAN_POINT( '', ( -0.538588992189678, -3.26131028644369, 3.50520000000000 ) );
#9390 = CARTESIAN_POINT( '', ( -0.282866036102566, -2.04073192157399, 3.55600000000000 ) );
#9391 = CARTESIAN_POINT( '', ( -0.368107021464937, -2.44759137653056, 3.55600000000000 ) );
#9392 = CARTESIAN_POINT( '', ( -0.453348006827307, -2.85445083148712, 3.55600000000000 ) );
#9393 = CARTESIAN_POINT( '', ( -0.538588992189678, -3.26131028644369, 3.55600000000000 ) );
#9394 = COLOUR_RGB( '', 0.858823537826538, 0.858823537826538, 0.858823537826538 );
#9395 = CARTESIAN_POINT( '', ( -3.51271008865635, 3.35632162635964, 3.50520000000000 ) );
#9396 = CARTESIAN_POINT( '', ( -3.57969808429112, 3.03986109525743, 3.50520000000000 ) );
#9397 = COLOUR_RGB( '', 0.858823537826538, 0.858823537826538, 0.858823537826538 );
#9398 = CARTESIAN_POINT( '', ( -1.08266279873273, 2.65225469292930, 3.50520000000000 ) );
#9399 = CARTESIAN_POINT( '', ( -1.09744635639006, 2.65456462381326, 3.50520000000000 ) );
#9400 = CARTESIAN_POINT( '', ( -1.11130594169381, 2.65548859616684, 3.50520000000000 ) );
#9401 = CARTESIAN_POINT( '', ( -1.21248091441116, 2.65548859616684, 3.50520000000000 ) );
#9402 = CARTESIAN_POINT( '', ( -1.27946891004594, 2.63423723203444, 3.50520000000000 ) );
#9403 = CARTESIAN_POINT( '', ( -1.32566752772509, 2.59127251759282, 3.50520000000000 ) );
#9404 = CARTESIAN_POINT( '', ( -1.37211387245492, 2.54807741699408, 3.50520000000000 ) );
#9405 = CARTESIAN_POINT( '', ( -1.39542744042062, 2.49610336517376, 3.50520000000000 ) );
#9406 = CARTESIAN_POINT( '', ( -1.39542744042062, 2.37598695920795, 3.50520000000000 ) );
#9407 = CARTESIAN_POINT( '', ( -1.37602402099537, 2.32794039682163, 3.50520000000000 ) );
#9408 = CARTESIAN_POINT( '', ( -1.33767916832168, 2.28867157179434, 3.50520000000000 ) );
#9409 = CARTESIAN_POINT( '', ( -1.29933974923912, 2.24940831128811, 3.50520000000000 ) );
#9410 = CARTESIAN_POINT( '', ( -1.25174973943844, 2.22999932734182, 3.50520000000000 ) );
#9411 = CARTESIAN_POINT( '', ( -1.14087305700847, 2.22999932734182, 3.50520000000000 ) );
#9412 = CARTESIAN_POINT( '', ( -1.09144053609177, 2.25032671912065, 3.50520000000000 ) );
#9413 = CARTESIAN_POINT( '', ( -1.04801383547337, 2.29005753032472, 3.50520000000000 ) );
#9414 = CARTESIAN_POINT( '', ( -1.00410556720394, 2.33022892469887, 3.50520000000000 ) );
#9415 = CARTESIAN_POINT( '', ( -0.975943991893883, 2.38661264127415, 3.50520000000000 ) );
#9416 = CARTESIAN_POINT( '', ( -0.963470365120511, 2.45960645720722, 3.50520000000000 ) );
#9417 = CARTESIAN_POINT( '', ( -1.08266279873273, 2.65225469292930, 3.55600000000000 ) );
#9418 = CARTESIAN_POINT( '', ( -1.09744635639006, 2.65456462381326, 3.55600000000000 ) );
#9419 = CARTESIAN_POINT( '', ( -1.11130594169381, 2.65548859616684, 3.55600000000000 ) );
#9420 = CARTESIAN_POINT( '', ( -1.21248091441116, 2.65548859616684, 3.55600000000000 ) );
#9421 = CARTESIAN_POINT( '', ( -1.27946891004594, 2.63423723203444, 3.55600000000000 ) );
#9422 = CARTESIAN_POINT( '', ( -1.32566752772509, 2.59127251759282, 3.55600000000000 ) );
#9423 = CARTESIAN_POINT( '', ( -1.37211387245492, 2.54807741699408, 3.55600000000000 ) );
#9424 = CARTESIAN_POINT( '', ( -1.39542744042062, 2.49610336517376, 3.55600000000000 ) );
#9425 = CARTESIAN_POINT( '', ( -1.39542744042062, 2.37598695920795, 3.55600000000000 ) );
#9426 = CARTESIAN_POINT( '', ( -1.37602402099537, 2.32794039682163, 3.55600000000000 ) );
#9427 = CARTESIAN_POINT( '', ( -1.33767916832168, 2.28867157179434, 3.55600000000000 ) );
#9428 = CARTESIAN_POINT( '', ( -1.29933974923912, 2.24940831128811, 3.55600000000000 ) );
#9429 = CARTESIAN_POINT( '', ( -1.25174973943844, 2.22999932734182, 3.55600000000000 ) );
#9430 = CARTESIAN_POINT( '', ( -1.14087305700847, 2.22999932734182, 3.55600000000000 ) );
#9431 = CARTESIAN_POINT( '', ( -1.09144053609177, 2.25032671912065, 3.55600000000000 ) );
#9432 = CARTESIAN_POINT( '', ( -1.04801383547337, 2.29005753032472, 3.55600000000000 ) );
#9433 = CARTESIAN_POINT( '', ( -1.00410556720394, 2.33022892469887, 3.55600000000000 ) );
#9434 = CARTESIAN_POINT( '', ( -0.975943991893883, 2.38661264127415, 3.55600000000000 ) );
#9435 = CARTESIAN_POINT( '', ( -0.963470365120511, 2.45960645720722, 3.55600000000000 ) );
#9436 = COLOUR_RGB( '', 0.870588243007660, 0.631372570991516, 0.172549024224281 );
#9437 = AXIS2_PLACEMENT_3D( '', #9957, #9958, #9959 );
#9438 = COLOUR_RGB( '', 0.858823537826538, 0.858823537826538, 0.858823537826538 );
#9439 = COLOUR_RGB( '', 0.858823537826538, 0.858823537826538, 0.858823537826538 );
#9440 = COLOUR_RGB( '', 0.117647059261799, 0.117647059261799, 0.117647059261799 );
#9441 = CARTESIAN_POINT( '', ( 3.00355000000000, 0.176700493150686, 3.50520000000000 ) );
#9442 = VECTOR( '', #9960, 1000.00000000000 );
#9443 = CARTESIAN_POINT( '', ( -2.07645000000000, -0.812800000000000, 3.50520000000000 ) );
#9444 = VECTOR( '', #9961, 1000.00000000000 );
#9445 = CARTESIAN_POINT( '', ( 2.57406720202667, -2.10239561311273, 3.50520000000000 ) );
#9446 = CARTESIAN_POINT( '', ( 2.61170019024516, -2.07231944983771, 3.50520000000000 ) );
#9447 = CARTESIAN_POINT( '', ( 2.64933317846366, -2.04224328656269, 3.50520000000000 ) );
#9448 = CARTESIAN_POINT( '', ( 2.68696616668215, -2.01216712328767, 3.50520000000000 ) );
#9449 = CARTESIAN_POINT( '', ( -4.00671823174697, -2.49958233214165, 3.50520000000000 ) );
#9450 = CARTESIAN_POINT( '', ( -4.69272680011542, -3.25949664845725, 3.50520000000000 ) );
#9451 = CARTESIAN_POINT( '', ( 0.986111300939875, 3.35632162635964, 3.50520000000000 ) );
#9452 = CARTESIAN_POINT( '', ( 1.23311991013110, 3.35632162635964, 3.50520000000000 ) );
#9453 = CARTESIAN_POINT( '', ( 1.48012851932232, 3.35632162635964, 3.50520000000000 ) );
#9454 = CARTESIAN_POINT( '', ( 1.72713712851354, 3.35632162635964, 3.50520000000000 ) );
#9455 = CARTESIAN_POINT( '', ( 1.61164058431565, 2.46376433279835, 3.50520000000000 ) );
#9456 = CARTESIAN_POINT( '', ( 1.59685702665832, 2.35381162272196, 3.50520000000000 ) );
#9457 = CARTESIAN_POINT( '', ( 1.55389231221670, 2.26649623530835, 3.50520000000000 ) );
#9458 = CARTESIAN_POINT( '', ( 1.48320842716759, 2.20320412908790, 3.50520000000000 ) );
#9459 = CARTESIAN_POINT( '', ( 1.41226813749018, 2.13968243179506, 3.50520000000000 ) );
#9460 = CARTESIAN_POINT( '', ( 1.32382319617451, 2.10803497666885, 3.50520000000000 ) );
#9461 = CARTESIAN_POINT( '', ( 1.21802836168924, 2.10757299049206, 3.50520000000000 ) );
#9462 = CARTESIAN_POINT( '', ( 1.14734784185731, 2.10726434193384, 3.50520000000000 ) );
#9463 = CARTESIAN_POINT( '', ( 1.08359038424289, 2.12281853432617, 3.50520000000000 ) );
#9464 = CARTESIAN_POINT( '', ( 1.02630409832074, 2.15192366346405, 3.50520000000000 ) );
#9465 = CARTESIAN_POINT( '', ( 0.968464049903501, 2.18131013967603, 3.50520000000000 ) );
#9466 = CARTESIAN_POINT( '', ( 0.925591111780181, 2.22260754851316, 3.50520000000000 ) );
#9467 = CARTESIAN_POINT( '', ( 0.896947968819103, 2.27573595884418, 3.50520000000000 ) );
#9468 = CARTESIAN_POINT( '', ( 0.868200784914586, 2.32905734834450, 3.50520000000000 ) );
#9469 = CARTESIAN_POINT( '', ( 0.853521268200697, 2.38384072421341, 3.50520000000000 ) );
#9470 = CARTESIAN_POINT( '', ( 0.853521268200697, 2.52289856342767, 3.50520000000000 ) );
#9471 = CARTESIAN_POINT( '', ( 0.883088383515357, 2.60236018583581, 3.50520000000000 ) );
#9472 = CARTESIAN_POINT( '', ( 0.941760627967885, 2.67858790500642, 3.50520000000000 ) );
#9473 = CARTESIAN_POINT( '', ( 0.978166543177957, 2.72588692870455, 3.50520000000000 ) );
#9474 = CARTESIAN_POINT( '', ( 1.08405237041969, 2.81995567510464, 3.50520000000000 ) );
#9475 = CARTESIAN_POINT( '', ( 1.26006910377727, 2.95947550049569, 3.50520000000000 ) );
#9476 = CARTESIAN_POINT( '', ( 1.33583601731664, 3.01953221411483, 3.50520000000000 ) );
#9477 = CARTESIAN_POINT( '', ( 1.39219715033966, 3.06896622439529, 3.50520000000000 ) );
#9478 = CARTESIAN_POINT( '', ( 1.42915604448298, 3.10731107706899, 3.50520000000000 ) );
#9479 = CARTESIAN_POINT( '', ( 1.46634577527420, 3.14589542276489, 3.50520000000000 ) );
#9480 = CARTESIAN_POINT( '', ( 1.49383410923380, 3.18215283770923, 3.50520000000000 ) );
#9481 = CARTESIAN_POINT( '', ( 1.51277554248226, 3.21587782861501, 3.50520000000000 ) );
#9482 = COLOUR_RGB( '', 0.870588243007660, 0.631372570991516, 0.172549024224281 );
#9483 = COLOUR_RGB( '', 0.858823537826538, 0.858823537826538, 0.858823537826538 );
#9484 = COLOUR_RGB( '', 0.870588243007660, 0.631372570991516, 0.172549024224281 );
#9485 = AXIS2_PLACEMENT_3D( '', #9962, #9963, #9964 );
#9486 = COLOUR_RGB( '', 0.870588243007660, 0.631372570991516, 0.172549024224281 );
#9487 = COLOUR_RGB( '', 0.870588243007660, 0.631372570991516, 0.172549024224281 );
#9488 = COLOUR_RGB( '', 0.870588243007660, 0.631372570991516, 0.172549024224281 );
#9489 = COLOUR_RGB( '', 0.858823537826538, 0.858823537826538, 0.858823537826538 );
#9490 = COLOUR_RGB( '', 0.858823537826538, 0.858823537826538, 0.858823537826538 );
#9491 = COLOUR_RGB( '', 0.870588243007660, 0.631372570991516, 0.172549024224281 );
#9492 = COLOUR_RGB( '', 0.870588243007660, 0.631372570991516, 0.172549024224281 );
#9493 = COLOUR_RGB( '', 0.858823537826538, 0.858823537826538, 0.858823537826538 );
#9494 = COLOUR_RGB( '', 0.858823537826538, 0.858823537826538, 0.858823537826538 );
#9495 = CARTESIAN_POINT( '', ( -4.15135586116504, -2.48371299976036, 3.50520000000000 ) );
#9496 = CARTESIAN_POINT( '', ( -4.50048117355348, -2.48371299976036, 3.50520000000000 ) );
#9497 = COLOUR_RGB( '', 0.117647059261799, 0.117647059261799, 0.117647059261799 );
#9498 = COLOUR_RGB( '', 0.643137276172638, 0.678431391716003, 0.698039233684540 );
#9499 = COLOUR_RGB( '', 0.858823537826538, 0.858823537826538, 0.858823537826538 );
#9500 = COLOUR_RGB( '', 0.858823537826538, 0.858823537826538, 0.858823537826538 );
#9501 = COLOUR_RGB( '', 0.117647059261799, 0.117647059261799, 0.117647059261799 );
#9502 = COLOUR_RGB( '', 0.643137276172638, 0.678431391716003, 0.698039233684540 );
#9503 = DIRECTION( '', ( -1.00000000000000, 0.000000000000000, 0.000000000000000 ) );
#9504 = DIRECTION( '', ( 0.000000000000000, -0.194372870585272, 0.980927717612486 ) );
#9505 = DIRECTION( '', ( -1.00000000000000, 0.000000000000000, 0.000000000000000 ) );
#9506 = DIRECTION( '', ( 0.000000000000000, 0.194372870585272, -0.980927717612486 ) );
#9507 = DIRECTION( '', ( -1.00000000000000, 0.000000000000000, 0.000000000000000 ) );
#9508 = DIRECTION( '', ( -1.19015126164710E-017, -0.194372870585272, 0.980927717612486 ) );
#9509 = DIRECTION( '', ( 1.00000000000000, -7.04084534449552E-017, 3.55325325650760E-016 ) );
#9510 = DIRECTION( '', ( -1.19015126164710E-017, -0.194372870585272, 0.980927717612486 ) );
#9511 = DIRECTION( '', ( -1.00000000000000, 0.000000000000000, 0.000000000000000 ) );
#9512 = DIRECTION( '', ( 0.000000000000000, -0.194372870585272, 0.980927717612486 ) );
#9513 = DIRECTION( '', ( -1.00000000000000, 0.000000000000000, 0.000000000000000 ) );
#9514 = DIRECTION( '', ( 0.000000000000000, 0.194372870585272, -0.980927717612486 ) );
#9515 = DIRECTION( '', ( -1.00000000000000, 0.000000000000000, 0.000000000000000 ) );
#9516 = DIRECTION( '', ( 0.000000000000000, -0.194372870585272, 0.980927717612486 ) );
#9517 = DIRECTION( '', ( -1.00000000000000, 0.000000000000000, 0.000000000000000 ) );
#9518 = DIRECTION( '', ( 0.000000000000000, 0.194372870585272, -0.980927717612486 ) );
#9519 = DIRECTION( '', ( 0.000000000000000, 0.000000000000000, -1.00000000000000 ) );
#9520 = DIRECTION( '', ( 0.000000000000000, 0.000000000000000, -1.00000000000000 ) );
#9521 = DIRECTION( '', ( 0.000000000000000, 0.194372870585272, 0.980927717612486 ) );
#9522 = DIRECTION( '', ( 0.000000000000000, 1.00000000000000, 0.000000000000000 ) );
#9523 = DIRECTION( '', ( 0.000000000000000, -0.194372870585272, -0.980927717612486 ) );
#9524 = CARTESIAN_POINT( '', ( -2.07645000000000, -3.65121416419274, -0.814472633013957 ) );
#9525 = DIRECTION( '', ( 1.00000000000000, 0.000000000000000, 0.000000000000000 ) );
#9526 = DIRECTION( '', ( 0.000000000000000, 0.000000000000000, -1.00000000000000 ) );
#9527 = DIRECTION( '', ( 0.000000000000000, -1.00000000000000, 0.000000000000000 ) );
#9528 = DIRECTION( '', ( 0.000000000000000, 0.000000000000000, 1.00000000000000 ) );
#9529 = DIRECTION( '', ( 0.000000000000000, 1.00000000000000, -1.49340476924957E-015 ) );
#9530 = CARTESIAN_POINT( '', ( -2.07645000000000, -3.76415642001181, -0.676954685594407 ) );
#9531 = DIRECTION( '', ( 1.00000000000000, 0.000000000000000, 0.000000000000000 ) );
#9532 = DIRECTION( '', ( 0.000000000000000, 0.000000000000000, -1.00000000000000 ) );
#9533 = DIRECTION( '', ( -1.00000000000000, 0.000000000000000, 0.000000000000000 ) );
#9534 = CARTESIAN_POINT( '', ( -0.476250000000000, -3.76415642001181, -0.676954685594407 ) );
#9535 = DIRECTION( '', ( -1.00000000000000, 0.000000000000000, 0.000000000000000 ) );
#9536 = DIRECTION( '', ( 0.000000000000000, 0.000000000000000, 1.00000000000000 ) );
#9537 = DIRECTION( '', ( -1.00000000000000, 0.000000000000000, 0.000000000000000 ) );
#9538 = DIRECTION( '', ( 0.000000000000000, 0.000000000000000, -1.00000000000000 ) );
#9539 = DIRECTION( '', ( 0.000000000000000, 0.000000000000000, -1.00000000000000 ) );
#9540 = DIRECTION( '', ( 0.000000000000000, 0.000000000000000, -1.00000000000000 ) );
#9541 = DIRECTION( '', ( 0.000000000000000, 0.000000000000000, -1.00000000000000 ) );
#9542 = DIRECTION( '', ( -1.00000000000000, 0.000000000000000, 0.000000000000000 ) );
#9543 = DIRECTION( '', ( 0.000000000000000, 0.000000000000000, 1.00000000000000 ) );
#9544 = DIRECTION( '', ( -1.00000000000000, 0.000000000000000, 0.000000000000000 ) );
#9545 = DIRECTION( '', ( 0.000000000000000, 0.000000000000000, 1.00000000000000 ) );
#9546 = DIRECTION( '', ( 0.000000000000000, 0.000000000000000, -1.00000000000000 ) );
#9547 = DIRECTION( '', ( 0.000000000000000, 0.000000000000000, -1.00000000000000 ) );
#9548 = DIRECTION( '', ( 0.000000000000000, 1.00000000000000, 0.000000000000000 ) );
#9549 = DIRECTION( '', ( 0.000000000000000, -0.194372870585272, 0.980927717612486 ) );
#9550 = CARTESIAN_POINT( '', ( 2.06375000000000, 3.64246163729411, -0.811845551279055 ) );
#9551 = DIRECTION( '', ( -1.00000000000000, 0.000000000000000, 0.000000000000000 ) );
#9552 = DIRECTION( '', ( 0.000000000000000, 0.000000000000000, 1.00000000000000 ) );
#9553 = DIRECTION( '', ( 0.000000000000000, -1.00000000000000, 0.000000000000000 ) );
#9554 = DIRECTION( '', ( 0.000000000000000, 0.000000000000000, 1.00000000000000 ) );
#9555 = DIRECTION( '', ( 0.000000000000000, 1.00000000000000, 1.49340476924957E-015 ) );
#9556 = CARTESIAN_POINT( '', ( 2.06375000000000, 3.75540389311319, -0.674327603859505 ) );
#9557 = DIRECTION( '', ( -1.00000000000000, 0.000000000000000, 0.000000000000000 ) );
#9558 = DIRECTION( '', ( 0.000000000000000, 0.000000000000000, 1.00000000000000 ) );
#9559 = DIRECTION( '', ( 0.000000000000000, -1.00000000000000, 0.000000000000000 ) );
#9560 = DIRECTION( '', ( 1.00000000000000, 0.000000000000000, 0.000000000000000 ) );
#9561 = DIRECTION( '', ( 0.000000000000000, -1.00000000000000, 0.000000000000000 ) );
#9562 = DIRECTION( '', ( 1.00000000000000, 0.000000000000000, 0.000000000000000 ) );
#9563 = DIRECTION( '', ( 0.000000000000000, -0.194372870585272, -0.980927717612486 ) );
#9564 = DIRECTION( '', ( -1.00000000000000, 0.000000000000000, 0.000000000000000 ) );
#9565 = DIRECTION( '', ( 0.000000000000000, 0.194372870585272, 0.980927717612486 ) );
#9566 = DIRECTION( '', ( -1.00000000000000, 0.000000000000000, 0.000000000000000 ) );
#9567 = DIRECTION( '', ( 0.000000000000000, -0.194372870585272, -0.980927717612486 ) );
#9568 = DIRECTION( '', ( -1.00000000000000, 0.000000000000000, 0.000000000000000 ) );
#9569 = DIRECTION( '', ( 0.000000000000000, 0.194372870585272, 0.980927717612486 ) );
#9570 = DIRECTION( '', ( -1.00000000000000, 0.000000000000000, 0.000000000000000 ) );
#9571 = DIRECTION( '', ( 1.19015126164710E-017, 0.194372870585272, 0.980927717612486 ) );
#9572 = DIRECTION( '', ( -1.00000000000000, 0.000000000000000, 0.000000000000000 ) );
#9573 = DIRECTION( '', ( 1.19015126164710E-017, 0.194372870585272, 0.980927717612486 ) );
#9574 = DIRECTION( '', ( -1.00000000000000, 0.000000000000000, 0.000000000000000 ) );
#9575 = DIRECTION( '', ( 0.000000000000000, -0.194372870585272, -0.980927717612486 ) );
#9576 = DIRECTION( '', ( -1.00000000000000, 0.000000000000000, 0.000000000000000 ) );
#9577 = DIRECTION( '', ( 0.000000000000000, 0.000000000000000, -1.00000000000000 ) );
#9578 = DIRECTION( '', ( 0.000000000000000, -0.194372870585272, -0.980927717612486 ) );
#9579 = DIRECTION( '', ( -1.00000000000000, 0.000000000000000, 0.000000000000000 ) );
#9580 = DIRECTION( '', ( 0.000000000000000, 0.194372870585272, 0.980927717612486 ) );
#9581 = DIRECTION( '', ( -1.00000000000000, 0.000000000000000, 0.000000000000000 ) );
#9582 = DIRECTION( '', ( 0.000000000000000, 0.000000000000000, -1.00000000000000 ) );
#9583 = DIRECTION( '', ( 0.000000000000000, 0.000000000000000, -1.00000000000000 ) );
#9584 = DIRECTION( '', ( 0.000000000000000, 0.000000000000000, -1.00000000000000 ) );
#9585 = DIRECTION( '', ( 0.000000000000000, 1.00000000000000, 0.000000000000000 ) );
#9586 = DIRECTION( '', ( 0.000000000000000, -0.194372870585272, 0.980927717612486 ) );
#9587 = CARTESIAN_POINT( '', ( -0.476250000000000, 3.64246163729411, -0.811845551279055 ) );
#9588 = DIRECTION( '', ( -1.00000000000000, 0.000000000000000, 0.000000000000000 ) );
#9589 = DIRECTION( '', ( 0.000000000000000, 0.000000000000000, 1.00000000000000 ) );
#9590 = DIRECTION( '', ( 0.000000000000000, -1.00000000000000, 0.000000000000000 ) );
#9591 = DIRECTION( '', ( 0.000000000000000, 0.000000000000000, 1.00000000000000 ) );
#9592 = DIRECTION( '', ( 0.000000000000000, 1.00000000000000, 1.49340476924957E-015 ) );
#9593 = CARTESIAN_POINT( '', ( -0.476250000000000, 3.75540389311319, -0.674327603859505 ) );
#9594 = DIRECTION( '', ( -1.00000000000000, 0.000000000000000, 0.000000000000000 ) );
#9595 = DIRECTION( '', ( 0.000000000000000, 0.000000000000000, 1.00000000000000 ) );
#9596 = DIRECTION( '', ( 0.000000000000000, 0.000000000000000, -1.00000000000000 ) );
#9597 = DIRECTION( '', ( 0.000000000000000, 0.000000000000000, -1.00000000000000 ) );
#9598 = DIRECTION( '', ( 0.000000000000000, 0.000000000000000, -1.00000000000000 ) );
#9599 = DIRECTION( '', ( 0.000000000000000, 0.000000000000000, -1.00000000000000 ) );
#9600 = DIRECTION( '', ( 0.000000000000000, 0.000000000000000, -1.00000000000000 ) );
#9601 = DIRECTION( '', ( 0.000000000000000, 0.000000000000000, -1.00000000000000 ) );
#9602 = DIRECTION( '', ( 0.000000000000000, 0.000000000000000, -1.00000000000000 ) );
#9603 = DIRECTION( '', ( 0.000000000000000, 0.000000000000000, -1.00000000000000 ) );
#9604 = DIRECTION( '', ( 0.000000000000000, -1.00000000000000, 0.000000000000000 ) );
#9605 = DIRECTION( '', ( -1.00000000000000, 0.000000000000000, 0.000000000000000 ) );
#9606 = DIRECTION( '', ( 0.000000000000000, 1.00000000000000, 0.000000000000000 ) );
#9607 = DIRECTION( '', ( -1.00000000000000, 0.000000000000000, 0.000000000000000 ) );
#9608 = DIRECTION( '', ( 0.000000000000000, 0.000000000000000, -1.00000000000000 ) );
#9609 = DIRECTION( '', ( 0.000000000000000, 0.000000000000000, -1.00000000000000 ) );
#9610 = DIRECTION( '', ( 0.000000000000000, 0.000000000000000, -1.00000000000000 ) );
#9611 = DIRECTION( '', ( 0.000000000000000, -1.00000000000000, 0.000000000000000 ) );
#9612 = DIRECTION( '', ( -1.00000000000000, 0.000000000000000, 0.000000000000000 ) );
#9613 = DIRECTION( '', ( 6.12303176911189E-017, 1.00000000000000, 0.000000000000000 ) );
#9614 = DIRECTION( '', ( -1.00000000000000, 0.000000000000000, 0.000000000000000 ) );
#9615 = CARTESIAN_POINT( '', ( -2.07645000000000, 3.75540389311319, -0.674327603859505 ) );
#9616 = DIRECTION( '', ( 1.00000000000000, 0.000000000000000, 0.000000000000000 ) );
#9617 = DIRECTION( '', ( 0.000000000000000, 0.000000000000000, -1.00000000000000 ) );
#9618 = DIRECTION( '', ( 0.000000000000000, 1.00000000000000, 0.000000000000000 ) );
#9619 = DIRECTION( '', ( 0.000000000000000, 0.000000000000000, 1.00000000000000 ) );
#9620 = DIRECTION( '', ( 0.000000000000000, 1.00000000000000, 0.000000000000000 ) );
#9621 = DIRECTION( '', ( 0.000000000000000, 0.000000000000000, 1.00000000000000 ) );
#9622 = CARTESIAN_POINT( '', ( 0.463550000000000, 3.75540389311319, -0.674327603859505 ) );
#9623 = DIRECTION( '', ( 1.00000000000000, 0.000000000000000, 0.000000000000000 ) );
#9624 = DIRECTION( '', ( 0.000000000000000, 0.000000000000000, -1.00000000000000 ) );
#9625 = DIRECTION( '', ( 0.000000000000000, -1.00000000000000, -1.49340476924957E-015 ) );
#9626 = DIRECTION( '', ( 0.000000000000000, 0.000000000000000, -1.00000000000000 ) );
#9627 = DIRECTION( '', ( 0.000000000000000, 1.00000000000000, 0.000000000000000 ) );
#9628 = CARTESIAN_POINT( '', ( 0.463550000000000, 3.64246163729411, -0.811845551279055 ) );
#9629 = DIRECTION( '', ( 1.00000000000000, 0.000000000000000, 0.000000000000000 ) );
#9630 = DIRECTION( '', ( 0.000000000000000, 0.000000000000000, -1.00000000000000 ) );
#9631 = DIRECTION( '', ( 0.000000000000000, 0.194372870585272, -0.980927717612486 ) );
#9632 = DIRECTION( '', ( 0.000000000000000, 1.00000000000000, 0.000000000000000 ) );
#9633 = DIRECTION( '', ( 0.000000000000000, -1.00000000000000, 0.000000000000000 ) );
#9634 = DIRECTION( '', ( 0.000000000000000, 0.000000000000000, -1.00000000000000 ) );
#9635 = DIRECTION( '', ( 0.000000000000000, -1.00000000000000, 0.000000000000000 ) );
#9636 = DIRECTION( '', ( 0.000000000000000, 0.000000000000000, -1.00000000000000 ) );
#9637 = DIRECTION( '', ( 0.000000000000000, 0.000000000000000, -1.00000000000000 ) );
#9638 = DIRECTION( '', ( 0.000000000000000, 0.000000000000000, -1.00000000000000 ) );
#9639 = DIRECTION( '', ( 0.000000000000000, 0.000000000000000, -1.00000000000000 ) );
#9640 = DIRECTION( '', ( 0.000000000000000, 0.000000000000000, -1.00000000000000 ) );
#9641 = DIRECTION( '', ( -1.00000000000000, 0.000000000000000, 0.000000000000000 ) );
#9642 = CARTESIAN_POINT( '', ( -2.07645000000000, 3.64246163729411, -0.811845551279055 ) );
#9643 = DIRECTION( '', ( 1.00000000000000, 0.000000000000000, 0.000000000000000 ) );
#9644 = DIRECTION( '', ( 0.000000000000000, 0.000000000000000, -1.00000000000000 ) );
#9645 = DIRECTION( '', ( -1.00000000000000, 0.000000000000000, 0.000000000000000 ) );
#9646 = DIRECTION( '', ( 0.000000000000000, 0.000000000000000, -1.00000000000000 ) );
#9647 = DIRECTION( '', ( 0.000000000000000, 0.000000000000000, -1.00000000000000 ) );
#9648 = DIRECTION( '', ( 0.000000000000000, 1.00000000000000, 0.000000000000000 ) );
#9649 = DIRECTION( '', ( 0.000000000000000, 0.000000000000000, 1.00000000000000 ) );
#9650 = DIRECTION( '', ( 0.000000000000000, 1.00000000000000, 0.000000000000000 ) );
#9651 = DIRECTION( '', ( 0.000000000000000, 0.000000000000000, 1.00000000000000 ) );
#9652 = DIRECTION( '', ( 0.000000000000000, -1.37693951293562E-016, 1.00000000000000 ) );
#9653 = DIRECTION( '', ( 0.000000000000000, -1.00000000000000, 0.000000000000000 ) );
#9654 = DIRECTION( '', ( 0.000000000000000, 0.000000000000000, 1.00000000000000 ) );
#9655 = DIRECTION( '', ( 0.000000000000000, -1.00000000000000, 0.000000000000000 ) );
#9656 = DIRECTION( '', ( 0.000000000000000, 0.000000000000000, -1.00000000000000 ) );
#9657 = DIRECTION( '', ( 0.000000000000000, 0.000000000000000, 1.00000000000000 ) );
#9658 = DIRECTION( '', ( -1.00000000000000, 0.000000000000000, 0.000000000000000 ) );
#9659 = DIRECTION( '', ( 0.000000000000000, 0.000000000000000, 1.00000000000000 ) );
#9660 = DIRECTION( '', ( -1.00000000000000, 0.000000000000000, 0.000000000000000 ) );
#9661 = DIRECTION( '', ( 0.000000000000000, 0.000000000000000, -1.00000000000000 ) );
#9662 = DIRECTION( '', ( 0.000000000000000, 0.000000000000000, -1.00000000000000 ) );
#9663 = DIRECTION( '', ( 0.000000000000000, 1.00000000000000, 0.000000000000000 ) );
#9664 = DIRECTION( '', ( 0.000000000000000, 1.37693951293562E-016, -1.00000000000000 ) );
#9665 = DIRECTION( '', ( 0.000000000000000, -1.00000000000000, 0.000000000000000 ) );
#9666 = DIRECTION( '', ( 0.000000000000000, 0.000000000000000, -1.00000000000000 ) );
#9667 = DIRECTION( '', ( 0.000000000000000, 0.000000000000000, -1.00000000000000 ) );
#9668 = DIRECTION( '', ( 0.000000000000000, 0.000000000000000, -1.00000000000000 ) );
#9669 = DIRECTION( '', ( -6.12303176911189E-017, -1.00000000000000, 0.000000000000000 ) );
#9670 = DIRECTION( '', ( 8.43104438185023E-033, 1.37693951293562E-016, -1.00000000000000 ) );
#9671 = DIRECTION( '', ( 6.12303176911189E-017, 1.00000000000000, 0.000000000000000 ) );
#9672 = DIRECTION( '', ( 0.000000000000000, 0.000000000000000, 1.00000000000000 ) );
#9673 = DIRECTION( '', ( 0.000000000000000, 0.000000000000000, -1.00000000000000 ) );
#9674 = DIRECTION( '', ( 0.000000000000000, 0.000000000000000, -1.00000000000000 ) );
#9675 = DIRECTION( '', ( 0.000000000000000, 1.00000000000000, 0.000000000000000 ) );
#9676 = DIRECTION( '', ( 0.000000000000000, -0.194372870585272, 0.980927717612486 ) );
#9677 = CARTESIAN_POINT( '', ( -3.01625000000000, 3.64246163729411, -0.811845551279055 ) );
#9678 = DIRECTION( '', ( -1.00000000000000, 0.000000000000000, 0.000000000000000 ) );
#9679 = DIRECTION( '', ( 0.000000000000000, 0.000000000000000, 1.00000000000000 ) );
#9680 = DIRECTION( '', ( 0.000000000000000, 1.00000000000000, 1.49340476924957E-015 ) );
#9681 = CARTESIAN_POINT( '', ( -3.01625000000000, 3.75540389311319, -0.674327603859505 ) );
#9682 = DIRECTION( '', ( -1.00000000000000, 0.000000000000000, 0.000000000000000 ) );
#9683 = DIRECTION( '', ( 0.000000000000000, 0.000000000000000, 1.00000000000000 ) );
#9684 = DIRECTION( '', ( 0.000000000000000, 0.000000000000000, -1.00000000000000 ) );
#9685 = DIRECTION( '', ( 0.000000000000000, 0.000000000000000, -1.00000000000000 ) );
#9686 = DIRECTION( '', ( 0.000000000000000, 0.000000000000000, -1.00000000000000 ) );
#9687 = DIRECTION( '', ( -1.00000000000000, 0.000000000000000, 0.000000000000000 ) );
#9688 = DIRECTION( '', ( 0.000000000000000, 0.194372870585272, -0.980927717612486 ) );
#9689 = CARTESIAN_POINT( '', ( 3.00355000000000, -3.65121416419274, -0.814472633013957 ) );
#9690 = DIRECTION( '', ( 1.00000000000000, 0.000000000000000, 0.000000000000000 ) );
#9691 = DIRECTION( '', ( 0.000000000000000, 0.000000000000000, -1.00000000000000 ) );
#9692 = DIRECTION( '', ( -1.00000000000000, 0.000000000000000, 0.000000000000000 ) );
#9693 = CARTESIAN_POINT( '', ( 4.60375000000000, -3.65121416419274, -0.814472633013957 ) );
#9694 = DIRECTION( '', ( -1.00000000000000, 6.12303176911189E-017, 0.000000000000000 ) );
#9695 = DIRECTION( '', ( 6.12303176911189E-017, 1.00000000000000, 0.000000000000000 ) );
#9696 = DIRECTION( '', ( -1.00000000000000, 0.000000000000000, 0.000000000000000 ) );
#9697 = CARTESIAN_POINT( '', ( 2.06375000000000, -3.76415642001181, -0.676954685594407 ) );
#9698 = DIRECTION( '', ( -1.00000000000000, 0.000000000000000, 0.000000000000000 ) );
#9699 = DIRECTION( '', ( 0.000000000000000, 0.000000000000000, 1.00000000000000 ) );
#9700 = DIRECTION( '', ( 0.000000000000000, -1.00000000000000, 1.49340476924957E-015 ) );
#9701 = DIRECTION( '', ( 0.000000000000000, 0.000000000000000, -1.00000000000000 ) );
#9702 = CARTESIAN_POINT( '', ( 2.06375000000000, -3.65121416419274, -0.814472633013957 ) );
#9703 = DIRECTION( '', ( -1.00000000000000, 0.000000000000000, 0.000000000000000 ) );
#9704 = DIRECTION( '', ( 0.000000000000000, 0.000000000000000, 1.00000000000000 ) );
#9705 = DIRECTION( '', ( 0.000000000000000, 1.00000000000000, 0.000000000000000 ) );
#9706 = DIRECTION( '', ( -1.00000000000000, 0.000000000000000, 0.000000000000000 ) );
#9707 = CARTESIAN_POINT( '', ( 3.00355000000000, 3.75540389311319, -0.674327603859505 ) );
#9708 = DIRECTION( '', ( 1.00000000000000, 0.000000000000000, 0.000000000000000 ) );
#9709 = DIRECTION( '', ( 0.000000000000000, 0.000000000000000, -1.00000000000000 ) );
#9710 = CARTESIAN_POINT( '', ( 4.60375000000000, 3.75540389311319, -0.674327603859505 ) );
#9711 = DIRECTION( '', ( -1.00000000000000, 6.12303176911189E-017, 0.000000000000000 ) );
#9712 = DIRECTION( '', ( 6.12303176911189E-017, 1.00000000000000, 0.000000000000000 ) );
#9713 = DIRECTION( '', ( -1.00000000000000, 0.000000000000000, 0.000000000000000 ) );
#9714 = DIRECTION( '', ( -1.00000000000000, 0.000000000000000, 0.000000000000000 ) );
#9715 = DIRECTION( '', ( 0.000000000000000, 0.000000000000000, -1.00000000000000 ) );
#9716 = DIRECTION( '', ( 0.000000000000000, 0.000000000000000, -1.00000000000000 ) );
#9717 = DIRECTION( '', ( -1.00000000000000, 0.000000000000000, 0.000000000000000 ) );
#9718 = DIRECTION( '', ( 0.000000000000000, 0.000000000000000, -1.00000000000000 ) );
#9719 = DIRECTION( '', ( -1.00000000000000, 0.000000000000000, 0.000000000000000 ) );
#9720 = DIRECTION( '', ( 0.000000000000000, 0.000000000000000, -1.00000000000000 ) );
#9721 = DIRECTION( '', ( 0.000000000000000, 0.000000000000000, -1.00000000000000 ) );
#9722 = DIRECTION( '', ( 0.000000000000000, 0.000000000000000, 1.00000000000000 ) );
#9723 = DIRECTION( '', ( 1.00000000000000, 0.000000000000000, 0.000000000000000 ) );
#9724 = DIRECTION( '', ( 1.00000000000000, 0.000000000000000, 0.000000000000000 ) );
#9725 = DIRECTION( '', ( 0.000000000000000, 0.000000000000000, -1.00000000000000 ) );
#9726 = DIRECTION( '', ( 0.000000000000000, 0.000000000000000, -1.00000000000000 ) );
#9727 = DIRECTION( '', ( 0.000000000000000, 1.37693951293562E-016, -1.00000000000000 ) );
#9728 = DIRECTION( '', ( 0.000000000000000, -1.00000000000000, 0.000000000000000 ) );
#9729 = DIRECTION( '', ( 0.000000000000000, 0.000000000000000, -1.00000000000000 ) );
#9730 = DIRECTION( '', ( -1.00000000000000, 0.000000000000000, 0.000000000000000 ) );
#9731 = DIRECTION( '', ( 0.000000000000000, 0.194372870585272, -0.980927717612486 ) );
#9732 = DIRECTION( '', ( -1.00000000000000, 0.000000000000000, 0.000000000000000 ) );
#9733 = DIRECTION( '', ( 1.19015126164709E-017, 0.194372870585272, -0.980927717612486 ) );
#9734 = DIRECTION( '', ( -1.00000000000000, 0.000000000000000, 0.000000000000000 ) );
#9735 = DIRECTION( '', ( 0.000000000000000, 0.000000000000000, 1.00000000000000 ) );
#9736 = DIRECTION( '', ( -1.00000000000000, 0.000000000000000, 0.000000000000000 ) );
#9737 = DIRECTION( '', ( 0.000000000000000, -1.00000000000000, 0.000000000000000 ) );
#9738 = DIRECTION( '', ( 0.000000000000000, -1.00000000000000, 0.000000000000000 ) );
#9739 = DIRECTION( '', ( 0.000000000000000, -1.37693951293562E-016, 1.00000000000000 ) );
#9740 = DIRECTION( '', ( 0.000000000000000, 0.000000000000000, -1.00000000000000 ) );
#9741 = DIRECTION( '', ( 0.000000000000000, 0.000000000000000, -1.00000000000000 ) );
#9742 = DIRECTION( '', ( -1.00000000000000, 7.04084534449552E-017, 0.000000000000000 ) );
#9743 = DIRECTION( '', ( -1.00000000000000, 7.04084534449552E-017, 0.000000000000000 ) );
#9744 = DIRECTION( '', ( 0.000000000000000, 0.000000000000000, -1.00000000000000 ) );
#9745 = DIRECTION( '', ( -1.00000000000000, 7.04084534449552E-017, 0.000000000000000 ) );
#9746 = DIRECTION( '', ( 0.000000000000000, 1.00000000000000, -1.49340476924957E-015 ) );
#9747 = DIRECTION( '', ( 6.12303176911189E-017, 1.00000000000000, -1.49340476924957E-015 ) );
#9748 = DIRECTION( '', ( -1.00000000000000, 0.000000000000000, 0.000000000000000 ) );
#9749 = DIRECTION( '', ( 0.000000000000000, -1.00000000000000, 1.49340476924957E-015 ) );
#9750 = DIRECTION( '', ( -1.00000000000000, 0.000000000000000, 0.000000000000000 ) );
#9751 = DIRECTION( '', ( 6.12303176911189E-017, 1.00000000000000, -1.49340476924957E-015 ) );
#9752 = DIRECTION( '', ( -1.00000000000000, 0.000000000000000, 0.000000000000000 ) );
#9753 = DIRECTION( '', ( 1.00000000000000, 0.000000000000000, 0.000000000000000 ) );
#9754 = DIRECTION( '', ( 0.000000000000000, 0.000000000000000, 1.00000000000000 ) );
#9755 = DIRECTION( '', ( 1.00000000000000, 0.000000000000000, 0.000000000000000 ) );
#9756 = CARTESIAN_POINT( '', ( -3.01625000000000, -3.76415642001181, -0.676954685594407 ) );
#9757 = DIRECTION( '', ( -1.00000000000000, 0.000000000000000, 0.000000000000000 ) );
#9758 = DIRECTION( '', ( 0.000000000000000, 0.000000000000000, 1.00000000000000 ) );
#9759 = CARTESIAN_POINT( '', ( -4.61645000000000, -3.76415642001181, -0.676954685594407 ) );
#9760 = DIRECTION( '', ( 1.00000000000000, -6.12303176911189E-017, 0.000000000000000 ) );
#9761 = DIRECTION( '', ( 6.12303176911189E-017, 1.00000000000000, 0.000000000000000 ) );
#9762 = DIRECTION( '', ( 0.000000000000000, 0.000000000000000, -1.00000000000000 ) );
#9763 = DIRECTION( '', ( 0.000000000000000, 0.000000000000000, -1.00000000000000 ) );
#9764 = DIRECTION( '', ( 0.000000000000000, 0.000000000000000, -1.00000000000000 ) );
#9765 = DIRECTION( '', ( 0.000000000000000, 0.000000000000000, -1.00000000000000 ) );
#9766 = DIRECTION( '', ( 0.000000000000000, 0.000000000000000, -1.00000000000000 ) );
#9767 = DIRECTION( '', ( 0.000000000000000, 0.000000000000000, -1.00000000000000 ) );
#9768 = DIRECTION( '', ( 0.000000000000000, 0.000000000000000, -1.00000000000000 ) );
#9769 = DIRECTION( '', ( 0.000000000000000, 0.000000000000000, -1.00000000000000 ) );
#9770 = DIRECTION( '', ( 0.000000000000000, 0.000000000000000, -1.00000000000000 ) );
#9771 = DIRECTION( '', ( 0.000000000000000, 0.000000000000000, -1.00000000000000 ) );
#9772 = DIRECTION( '', ( -1.00000000000000, 0.000000000000000, 0.000000000000000 ) );
#9773 = DIRECTION( '', ( -6.12303176911189E-017, -1.00000000000000, -1.49340476924957E-015 ) );
#9774 = DIRECTION( '', ( 0.000000000000000, 0.000000000000000, -1.00000000000000 ) );
#9775 = DIRECTION( '', ( 0.000000000000000, 1.00000000000000, 0.000000000000000 ) );
#9776 = CARTESIAN_POINT( '', ( -3.01625000000000, -3.65121416419274, -0.814472633013957 ) );
#9777 = DIRECTION( '', ( -1.00000000000000, 0.000000000000000, 0.000000000000000 ) );
#9778 = DIRECTION( '', ( 0.000000000000000, 0.000000000000000, 1.00000000000000 ) );
#9779 = DIRECTION( '', ( 0.000000000000000, 0.194372870585272, 0.980927717612486 ) );
#9780 = DIRECTION( '', ( 0.000000000000000, 1.00000000000000, 0.000000000000000 ) );
#9781 = DIRECTION( '', ( 0.000000000000000, 1.00000000000000, 0.000000000000000 ) );
#9782 = DIRECTION( '', ( 0.000000000000000, 0.000000000000000, 1.00000000000000 ) );
#9783 = DIRECTION( '', ( 0.000000000000000, 1.00000000000000, 0.000000000000000 ) );
#9784 = DIRECTION( '', ( 0.000000000000000, 0.000000000000000, 1.00000000000000 ) );
#9785 = DIRECTION( '', ( 0.000000000000000, 0.000000000000000, -1.00000000000000 ) );
#9786 = DIRECTION( '', ( 1.00000000000000, 0.000000000000000, 0.000000000000000 ) );
#9787 = DIRECTION( '', ( 0.000000000000000, -1.00000000000000, 0.000000000000000 ) );
#9788 = DIRECTION( '', ( 1.00000000000000, -6.77541665095304E-017, 0.000000000000000 ) );
#9789 = DIRECTION( '', ( -1.00000000000000, 0.000000000000000, 0.000000000000000 ) );
#9790 = DIRECTION( '', ( 0.000000000000000, 0.000000000000000, -1.00000000000000 ) );
#9791 = DIRECTION( '', ( -1.00000000000000, 0.000000000000000, 0.000000000000000 ) );
#9792 = DIRECTION( '', ( -1.00000000000000, 0.000000000000000, 0.000000000000000 ) );
#9793 = DIRECTION( '', ( 0.000000000000000, 0.000000000000000, -1.00000000000000 ) );
#9794 = DIRECTION( '', ( -1.00000000000000, 0.000000000000000, 0.000000000000000 ) );
#9795 = DIRECTION( '', ( 0.000000000000000, 1.00000000000000, 0.000000000000000 ) );
#9796 = DIRECTION( '', ( -1.00000000000000, 0.000000000000000, 0.000000000000000 ) );
#9797 = DIRECTION( '', ( 6.12303176911189E-017, 1.00000000000000, 0.000000000000000 ) );
#9798 = DIRECTION( '', ( 0.000000000000000, 0.000000000000000, -1.00000000000000 ) );
#9799 = DIRECTION( '', ( 0.000000000000000, -1.00000000000000, 0.000000000000000 ) );
#9800 = DIRECTION( '', ( -6.12303176911189E-017, -1.00000000000000, 0.000000000000000 ) );
#9801 = DIRECTION( '', ( -1.00000000000000, 0.000000000000000, 0.000000000000000 ) );
#9802 = DIRECTION( '', ( 0.000000000000000, 0.000000000000000, -1.00000000000000 ) );
#9803 = DIRECTION( '', ( -1.00000000000000, 0.000000000000000, 0.000000000000000 ) );
#9804 = DIRECTION( '', ( 0.000000000000000, 0.000000000000000, 1.00000000000000 ) );
#9805 = DIRECTION( '', ( 0.000000000000000, -1.00000000000000, 0.000000000000000 ) );
#9806 = DIRECTION( '', ( 0.000000000000000, -1.37693951293562E-016, 1.00000000000000 ) );
#9807 = DIRECTION( '', ( 0.000000000000000, 1.00000000000000, 0.000000000000000 ) );
#9808 = DIRECTION( '', ( 0.000000000000000, 1.37693951293562E-016, -1.00000000000000 ) );
#9809 = DIRECTION( '', ( 0.000000000000000, -1.00000000000000, 0.000000000000000 ) );
#9810 = DIRECTION( '', ( 0.000000000000000, 0.000000000000000, -1.00000000000000 ) );
#9811 = DIRECTION( '', ( 0.000000000000000, 0.000000000000000, -1.00000000000000 ) );
#9812 = DIRECTION( '', ( 0.000000000000000, 0.000000000000000, -1.00000000000000 ) );
#9813 = DIRECTION( '', ( 0.000000000000000, 0.000000000000000, -1.00000000000000 ) );
#9814 = DIRECTION( '', ( 0.000000000000000, 1.00000000000000, 0.000000000000000 ) );
#9815 = DIRECTION( '', ( 0.000000000000000, 0.000000000000000, -1.00000000000000 ) );
#9816 = DIRECTION( '', ( 1.00000000000000, -7.04084534449552E-017, 0.000000000000000 ) );
#9817 = DIRECTION( '', ( 0.000000000000000, 0.000000000000000, -1.00000000000000 ) );
#9818 = DIRECTION( '', ( 1.00000000000000, -7.04084534449552E-017, 0.000000000000000 ) );
#9819 = DIRECTION( '', ( 1.00000000000000, -7.04084534449552E-017, 0.000000000000000 ) );
#9820 = DIRECTION( '', ( 0.000000000000000, 0.000000000000000, -1.00000000000000 ) );
#9821 = DIRECTION( '', ( 0.000000000000000, 0.000000000000000, -1.00000000000000 ) );
#9822 = DIRECTION( '', ( -1.00000000000000, 0.000000000000000, 0.000000000000000 ) );
#9823 = DIRECTION( '', ( 0.000000000000000, 0.000000000000000, 1.00000000000000 ) );
#9824 = DIRECTION( '', ( 0.000000000000000, 0.000000000000000, -1.00000000000000 ) );
#9825 = DIRECTION( '', ( 0.000000000000000, -1.00000000000000, 0.000000000000000 ) );
#9826 = DIRECTION( '', ( 0.000000000000000, 0.000000000000000, 1.00000000000000 ) );
#9827 = DIRECTION( '', ( 0.000000000000000, -1.00000000000000, 0.000000000000000 ) );
#9828 = DIRECTION( '', ( 0.000000000000000, 0.000000000000000, 1.00000000000000 ) );
#9829 = DIRECTION( '', ( -1.00000000000000, 0.000000000000000, 0.000000000000000 ) );
#9830 = DIRECTION( '', ( 0.000000000000000, 0.000000000000000, -1.00000000000000 ) );
#9831 = DIRECTION( '', ( 0.000000000000000, 0.000000000000000, -1.00000000000000 ) );
#9832 = DIRECTION( '', ( 0.000000000000000, 0.000000000000000, -1.00000000000000 ) );
#9833 = DIRECTION( '', ( 0.000000000000000, -1.00000000000000, -1.49340476924957E-015 ) );
#9834 = CARTESIAN_POINT( '', ( 3.00355000000000, 3.64246163729411, -0.811845551279055 ) );
#9835 = DIRECTION( '', ( 1.00000000000000, 0.000000000000000, 0.000000000000000 ) );
#9836 = DIRECTION( '', ( 0.000000000000000, 0.000000000000000, -1.00000000000000 ) );
#9837 = DIRECTION( '', ( 0.000000000000000, 1.00000000000000, 0.000000000000000 ) );
#9838 = DIRECTION( '', ( 0.000000000000000, 0.000000000000000, -1.00000000000000 ) );
#9839 = DIRECTION( '', ( 0.000000000000000, 0.000000000000000, -1.00000000000000 ) );
#9840 = DIRECTION( '', ( 0.000000000000000, 0.000000000000000, -1.00000000000000 ) );
#9841 = DIRECTION( '', ( -1.00000000000000, 0.000000000000000, 0.000000000000000 ) );
#9842 = DIRECTION( '', ( 0.000000000000000, 0.000000000000000, 1.00000000000000 ) );
#9843 = DIRECTION( '', ( 1.00000000000000, 0.000000000000000, 0.000000000000000 ) );
#9844 = DIRECTION( '', ( 1.00000000000000, 6.77541665095303E-017, 0.000000000000000 ) );
#9845 = DIRECTION( '', ( 0.000000000000000, 0.000000000000000, 1.00000000000000 ) );
#9846 = DIRECTION( '', ( 1.00000000000000, 0.000000000000000, 0.000000000000000 ) );
#9847 = DIRECTION( '', ( 0.000000000000000, 0.000000000000000, -1.00000000000000 ) );
#9848 = DIRECTION( '', ( -6.12303176911189E-017, -1.00000000000000, 0.000000000000000 ) );
#9849 = DIRECTION( '', ( 6.12303176911189E-017, 1.00000000000000, 0.000000000000000 ) );
#9850 = DIRECTION( '', ( 8.43104438185023E-033, 1.37693951293562E-016, -1.00000000000000 ) );
#9851 = DIRECTION( '', ( -4.38282620368697E-016, 1.00000000000000, 0.000000000000000 ) );
#9852 = DIRECTION( '', ( 0.000000000000000, 0.000000000000000, 1.00000000000000 ) );
#9853 = DIRECTION( '', ( -4.38282620368697E-016, 1.00000000000000, 0.000000000000000 ) );
#9854 = DIRECTION( '', ( 0.000000000000000, 0.000000000000000, 1.00000000000000 ) );
#9855 = DIRECTION( '', ( 0.000000000000000, -0.194372870585272, -0.980927717612486 ) );
#9856 = DIRECTION( '', ( -1.00000000000000, 0.000000000000000, 0.000000000000000 ) );
#9857 = DIRECTION( '', ( -1.19015126164709E-017, -0.194372870585272, -0.980927717612486 ) );
#9858 = CARTESIAN_POINT( '', ( 0.463550000000000, -3.76415642001181, -0.676954685594407 ) );
#9859 = DIRECTION( '', ( 1.00000000000000, 0.000000000000000, 0.000000000000000 ) );
#9860 = DIRECTION( '', ( 0.000000000000000, 0.000000000000000, -1.00000000000000 ) );
#9861 = DIRECTION( '', ( -1.00000000000000, 0.000000000000000, 0.000000000000000 ) );
#9862 = DIRECTION( '', ( -1.00000000000000, 0.000000000000000, 0.000000000000000 ) );
#9863 = CARTESIAN_POINT( '', ( -0.476250000000000, -3.65121416419274, -0.814472633013957 ) );
#9864 = DIRECTION( '', ( -1.00000000000000, 0.000000000000000, 0.000000000000000 ) );
#9865 = DIRECTION( '', ( 0.000000000000000, 0.000000000000000, 1.00000000000000 ) );
#9866 = DIRECTION( '', ( -1.00000000000000, 0.000000000000000, 0.000000000000000 ) );
#9867 = DIRECTION( '', ( 0.000000000000000, 0.000000000000000, -1.00000000000000 ) );
#9868 = DIRECTION( '', ( 0.000000000000000, 0.000000000000000, -1.00000000000000 ) );
#9869 = DIRECTION( '', ( 0.000000000000000, 0.000000000000000, -1.00000000000000 ) );
#9870 = DIRECTION( '', ( 0.000000000000000, -1.00000000000000, 0.000000000000000 ) );
#9871 = DIRECTION( '', ( -1.00000000000000, 0.000000000000000, 0.000000000000000 ) );
#9872 = DIRECTION( '', ( 0.000000000000000, 0.000000000000000, -1.00000000000000 ) );
#9873 = DIRECTION( '', ( 0.000000000000000, 0.000000000000000, -1.00000000000000 ) );
#9874 = DIRECTION( '', ( 0.000000000000000, -1.00000000000000, 0.000000000000000 ) );
#9875 = DIRECTION( '', ( 1.00000000000000, 0.000000000000000, 0.000000000000000 ) );
#9876 = CARTESIAN_POINT( '', ( -4.61645000000000, 3.75540389311319, -0.674327603859505 ) );
#9877 = DIRECTION( '', ( -1.00000000000000, 6.12303176911189E-017, 0.000000000000000 ) );
#9878 = DIRECTION( '', ( 6.12303176911189E-017, 1.00000000000000, 0.000000000000000 ) );
#9879 = CARTESIAN_POINT( '', ( -4.61645000000000, 3.64246163729411, -0.811845551279055 ) );
#9880 = DIRECTION( '', ( 1.00000000000000, -6.12303176911189E-017, 0.000000000000000 ) );
#9881 = DIRECTION( '', ( 6.12303176911189E-017, 1.00000000000000, 0.000000000000000 ) );
#9882 = DIRECTION( '', ( 1.19015126164709E-017, 0.194372870585272, -0.980927717612486 ) );
#9883 = DIRECTION( '', ( -6.12303176911189E-017, -1.00000000000000, 0.000000000000000 ) );
#9884 = DIRECTION( '', ( 0.000000000000000, 0.000000000000000, -1.00000000000000 ) );
#9885 = DIRECTION( '', ( 0.000000000000000, 0.000000000000000, 1.00000000000000 ) );
#9886 = DIRECTION( '', ( 1.00000000000000, 0.000000000000000, 0.000000000000000 ) );
#9887 = DIRECTION( '', ( 0.000000000000000, -1.00000000000000, 0.000000000000000 ) );
#9888 = DIRECTION( '', ( 1.00000000000000, 0.000000000000000, 0.000000000000000 ) );
#9889 = DIRECTION( '', ( -1.00000000000000, 0.000000000000000, 0.000000000000000 ) );
#9890 = DIRECTION( '', ( 0.000000000000000, 1.00000000000000, 0.000000000000000 ) );
#9891 = DIRECTION( '', ( 0.000000000000000, 0.000000000000000, -1.00000000000000 ) );
#9892 = DIRECTION( '', ( 0.000000000000000, 0.000000000000000, -1.00000000000000 ) );
#9893 = DIRECTION( '', ( 0.000000000000000, 0.000000000000000, -1.00000000000000 ) );
#9894 = DIRECTION( '', ( 1.00000000000000, 0.000000000000000, 0.000000000000000 ) );
#9895 = DIRECTION( '', ( 0.000000000000000, -1.00000000000000, 0.000000000000000 ) );
#9896 = DIRECTION( '', ( 0.000000000000000, 0.000000000000000, 1.00000000000000 ) );
#9897 = DIRECTION( '', ( 0.000000000000000, 0.000000000000000, -1.00000000000000 ) );
#9898 = DIRECTION( '', ( 0.000000000000000, -1.00000000000000, 1.49340476924957E-015 ) );
#9899 = DIRECTION( '', ( 0.000000000000000, 0.000000000000000, -1.00000000000000 ) );
#9900 = DIRECTION( '', ( 0.000000000000000, 1.00000000000000, -1.49340476924957E-015 ) );
#9901 = DIRECTION( '', ( -1.00000000000000, 0.000000000000000, 0.000000000000000 ) );
#9902 = DIRECTION( '', ( 1.00000000000000, 0.000000000000000, 0.000000000000000 ) );
#9903 = DIRECTION( '', ( 1.00000000000000, 0.000000000000000, 0.000000000000000 ) );
#9904 = DIRECTION( '', ( -1.00000000000000, 0.000000000000000, 0.000000000000000 ) );
#9905 = DIRECTION( '', ( -6.12303176911189E-017, -1.00000000000000, 0.000000000000000 ) );
#9906 = DIRECTION( '', ( -1.00000000000000, 0.000000000000000, 0.000000000000000 ) );
#9907 = DIRECTION( '', ( 0.000000000000000, 0.000000000000000, -1.00000000000000 ) );
#9908 = DIRECTION( '', ( 0.000000000000000, 0.000000000000000, -1.00000000000000 ) );
#9909 = DIRECTION( '', ( 0.000000000000000, 0.000000000000000, -1.00000000000000 ) );
#9910 = DIRECTION( '', ( -6.12303176911189E-017, -1.00000000000000, 0.000000000000000 ) );
#9911 = CARTESIAN_POINT( '', ( 4.60375000000000, 3.64246163729411, -0.811845551279055 ) );
#9912 = DIRECTION( '', ( 1.00000000000000, -6.12303176911189E-017, 0.000000000000000 ) );
#9913 = DIRECTION( '', ( 6.12303176911189E-017, 1.00000000000000, 0.000000000000000 ) );
#9914 = DIRECTION( '', ( -6.12303176911189E-017, -1.00000000000000, -1.49340476924957E-015 ) );
#9915 = DIRECTION( '', ( 0.000000000000000, 0.000000000000000, 1.00000000000000 ) );
#9916 = DIRECTION( '', ( 0.000000000000000, -1.00000000000000, 0.000000000000000 ) );
#9917 = DIRECTION( '', ( 0.000000000000000, 0.000000000000000, 1.00000000000000 ) );
#9918 = DIRECTION( '', ( 1.00000000000000, 0.000000000000000, 0.000000000000000 ) );
#9919 = DIRECTION( '', ( 1.00000000000000, 0.000000000000000, 0.000000000000000 ) );
#9920 = DIRECTION( '', ( -1.00000000000000, 0.000000000000000, 0.000000000000000 ) );
#9921 = DIRECTION( '', ( -1.00000000000000, 0.000000000000000, 0.000000000000000 ) );
#9922 = DIRECTION( '', ( 0.000000000000000, 0.000000000000000, -1.00000000000000 ) );
#9923 = DIRECTION( '', ( 0.000000000000000, 0.000000000000000, -1.00000000000000 ) );
#9924 = DIRECTION( '', ( 0.000000000000000, 0.000000000000000, -1.00000000000000 ) );
#9925 = DIRECTION( '', ( -1.00000000000000, 0.000000000000000, 0.000000000000000 ) );
#9926 = DIRECTION( '', ( 0.000000000000000, 0.194372870585272, 0.980927717612486 ) );
#9927 = DIRECTION( '', ( 0.000000000000000, 0.000000000000000, -1.00000000000000 ) );
#9928 = DIRECTION( '', ( 0.000000000000000, 0.000000000000000, -1.00000000000000 ) );
#9929 = DIRECTION( '', ( 0.000000000000000, 1.00000000000000, 0.000000000000000 ) );
#9930 = CARTESIAN_POINT( '', ( 3.00355000000000, -3.76415642001181, -0.676954685594407 ) );
#9931 = DIRECTION( '', ( 1.00000000000000, 0.000000000000000, 0.000000000000000 ) );
#9932 = DIRECTION( '', ( 0.000000000000000, 0.000000000000000, -1.00000000000000 ) );
#9933 = DIRECTION( '', ( 0.000000000000000, 0.000000000000000, -1.00000000000000 ) );
#9934 = CARTESIAN_POINT( '', ( -4.61645000000000, -3.65121416419274, -0.814472633013957 ) );
#9935 = DIRECTION( '', ( -1.00000000000000, 6.12303176911189E-017, 0.000000000000000 ) );
#9936 = DIRECTION( '', ( 6.12303176911189E-017, 1.00000000000000, 0.000000000000000 ) );
#9937 = DIRECTION( '', ( -1.00000000000000, 0.000000000000000, 0.000000000000000 ) );
#9938 = DIRECTION( '', ( 0.000000000000000, 0.000000000000000, -1.00000000000000 ) );
#9939 = DIRECTION( '', ( -1.19015126164709E-017, -0.194372870585272, -0.980927717612486 ) );
#9940 = DIRECTION( '', ( -1.00000000000000, 0.000000000000000, 0.000000000000000 ) );
#9941 = DIRECTION( '', ( -1.00000000000000, 0.000000000000000, 0.000000000000000 ) );
#9942 = DIRECTION( '', ( 0.000000000000000, 0.000000000000000, -1.00000000000000 ) );
#9943 = DIRECTION( '', ( -1.00000000000000, 0.000000000000000, 0.000000000000000 ) );
#9944 = DIRECTION( '', ( 0.000000000000000, 0.000000000000000, -1.00000000000000 ) );
#9945 = DIRECTION( '', ( 0.000000000000000, 0.000000000000000, -1.00000000000000 ) );
#9946 = DIRECTION( '', ( 0.000000000000000, 0.000000000000000, 1.00000000000000 ) );
#9947 = DIRECTION( '', ( 0.000000000000000, 1.00000000000000, 0.000000000000000 ) );
#9948 = DIRECTION( '', ( 0.000000000000000, 1.00000000000000, 0.000000000000000 ) );
#9949 = DIRECTION( '', ( 6.12303176911189E-017, 1.00000000000000, 0.000000000000000 ) );
#9950 = DIRECTION( '', ( 0.000000000000000, 1.00000000000000, 0.000000000000000 ) );
#9951 = DIRECTION( '', ( 0.000000000000000, 1.00000000000000, 0.000000000000000 ) );
#9952 = DIRECTION( '', ( 6.12303176911189E-017, 1.00000000000000, 0.000000000000000 ) );
#9953 = DIRECTION( '', ( 0.000000000000000, -1.00000000000000, -1.49340476924957E-015 ) );
#9954 = DIRECTION( '', ( 0.000000000000000, 0.000000000000000, -1.00000000000000 ) );
#9955 = DIRECTION( '', ( 0.000000000000000, 0.000000000000000, -1.00000000000000 ) );
#9956 = DIRECTION( '', ( 0.000000000000000, 1.00000000000000, 0.000000000000000 ) );
#9957 = CARTESIAN_POINT( '', ( 4.60375000000000, -3.76415642001181, -0.676954685594407 ) );
#9958 = DIRECTION( '', ( 1.00000000000000, -6.12303176911189E-017, 0.000000000000000 ) );
#9959 = DIRECTION( '', ( 6.12303176911189E-017, 1.00000000000000, 0.000000000000000 ) );
#9960 = DIRECTION( '', ( -1.00000000000000, 0.000000000000000, 0.000000000000000 ) );
#9961 = DIRECTION( '', ( 1.00000000000000, 0.000000000000000, 0.000000000000000 ) );
#9962 = CARTESIAN_POINT( '', ( 0.463550000000000, -3.65121416419274, -0.814472633013957 ) );
#9963 = DIRECTION( '', ( 1.00000000000000, 0.000000000000000, 0.000000000000000 ) );
#9964 = DIRECTION( '', ( 0.000000000000000, 0.000000000000000, -1.00000000000000 ) );
ENDSEC;
END-ISO-10303-21;
