ISO-10303-21;
HEADER;
FILE_DESCRIPTION((''),'2;1');
FILE_NAME('026192071','2014-09-08T',('me'),(''),
'PRO/ENGINEER BY PARAMETRIC TECHNOLOGY CORPORATION, 2011490',
'PRO/ENGINEER BY PARAMETRIC TECHNOLOGY CORPORATION, 2011490','');
FILE_SCHEMA(('CONFIG_CONTROL_DESIGN'));
ENDSEC;
DATA;
#1=DIRECTION('',(0.E0,-1.E0,0.E0));
#2=VECTOR('',#1,5.95E0);
#3=CARTESIAN_POINT('',(-2.5E0,7.535E0,-3.43E0));
#4=LINE('',#3,#2);
#5=DIRECTION('',(1.E0,0.E0,0.E0));
#6=VECTOR('',#5,8.9E-1);
#7=CARTESIAN_POINT('',(-1.387E1,-1.585E0,-3.43E0));
#8=LINE('',#7,#6);
#9=DIRECTION('',(0.E0,1.E0,0.E0));
#10=VECTOR('',#9,3.8E-1);
#11=CARTESIAN_POINT('',(-1.298E1,-1.585E0,-3.43E0));
#12=LINE('',#11,#10);
#13=DIRECTION('',(-1.E0,0.E0,0.E0));
#14=VECTOR('',#13,2.18E0);
#15=CARTESIAN_POINT('',(-1.08E1,-1.205E0,-3.43E0));
#16=LINE('',#15,#14);
#17=DIRECTION('',(0.E0,1.E0,0.E0));
#18=VECTOR('',#17,3.8E-1);
#19=CARTESIAN_POINT('',(-1.08E1,-1.585E0,-3.43E0));
#20=LINE('',#19,#18);
#21=DIRECTION('',(1.E0,0.E0,0.E0));
#22=VECTOR('',#21,1.78E0);
#23=CARTESIAN_POINT('',(-1.08E1,-1.585E0,-3.43E0));
#24=LINE('',#23,#22);
#25=DIRECTION('',(0.E0,1.E0,0.E0));
#26=VECTOR('',#25,3.8E-1);
#27=CARTESIAN_POINT('',(-9.02E0,-1.585E0,-3.43E0));
#28=LINE('',#27,#26);
#29=DIRECTION('',(-1.E0,0.E0,0.E0));
#30=VECTOR('',#29,2.18E0);
#31=CARTESIAN_POINT('',(-6.84E0,-1.205E0,-3.43E0));
#32=LINE('',#31,#30);
#33=DIRECTION('',(0.E0,1.E0,0.E0));
#34=VECTOR('',#33,3.8E-1);
#35=CARTESIAN_POINT('',(-6.84E0,-1.585E0,-3.43E0));
#36=LINE('',#35,#34);
#37=DIRECTION('',(1.E0,0.E0,0.E0));
#38=VECTOR('',#37,1.78E0);
#39=CARTESIAN_POINT('',(-6.84E0,-1.585E0,-3.43E0));
#40=LINE('',#39,#38);
#41=DIRECTION('',(0.E0,1.E0,0.E0));
#42=VECTOR('',#41,3.8E-1);
#43=CARTESIAN_POINT('',(-5.06E0,-1.585E0,-3.43E0));
#44=LINE('',#43,#42);
#45=DIRECTION('',(-1.E0,0.E0,0.E0));
#46=VECTOR('',#45,2.18E0);
#47=CARTESIAN_POINT('',(-2.88E0,-1.205E0,-3.43E0));
#48=LINE('',#47,#46);
#49=DIRECTION('',(0.E0,1.E0,0.E0));
#50=VECTOR('',#49,3.8E-1);
#51=CARTESIAN_POINT('',(-2.88E0,-1.585E0,-3.43E0));
#52=LINE('',#51,#50);
#53=DIRECTION('',(1.E0,0.E0,0.E0));
#54=VECTOR('',#53,1.78E0);
#55=CARTESIAN_POINT('',(-2.88E0,-1.585E0,-3.43E0));
#56=LINE('',#55,#54);
#57=DIRECTION('',(0.E0,1.E0,0.E0));
#58=VECTOR('',#57,3.8E-1);
#59=CARTESIAN_POINT('',(-1.1E0,-1.585E0,-3.43E0));
#60=LINE('',#59,#58);
#61=DIRECTION('',(-1.E0,0.E0,0.E0));
#62=VECTOR('',#61,2.18E0);
#63=CARTESIAN_POINT('',(1.08E0,-1.205E0,-3.43E0));
#64=LINE('',#63,#62);
#65=DIRECTION('',(0.E0,1.E0,0.E0));
#66=VECTOR('',#65,3.8E-1);
#67=CARTESIAN_POINT('',(1.08E0,-1.585E0,-3.43E0));
#68=LINE('',#67,#66);
#69=DIRECTION('',(1.E0,0.E0,0.E0));
#70=VECTOR('',#69,1.78E0);
#71=CARTESIAN_POINT('',(1.08E0,-1.585E0,-3.43E0));
#72=LINE('',#71,#70);
#73=DIRECTION('',(0.E0,1.E0,0.E0));
#74=VECTOR('',#73,3.8E-1);
#75=CARTESIAN_POINT('',(2.86E0,-1.585E0,-3.43E0));
#76=LINE('',#75,#74);
#77=DIRECTION('',(-1.E0,0.E0,0.E0));
#78=VECTOR('',#77,2.18E0);
#79=CARTESIAN_POINT('',(5.04E0,-1.205E0,-3.43E0));
#80=LINE('',#79,#78);
#81=DIRECTION('',(0.E0,1.E0,0.E0));
#82=VECTOR('',#81,3.8E-1);
#83=CARTESIAN_POINT('',(5.04E0,-1.585E0,-3.43E0));
#84=LINE('',#83,#82);
#85=DIRECTION('',(1.E0,0.E0,0.E0));
#86=VECTOR('',#85,1.78E0);
#87=CARTESIAN_POINT('',(5.04E0,-1.585E0,-3.43E0));
#88=LINE('',#87,#86);
#89=DIRECTION('',(0.E0,1.E0,0.E0));
#90=VECTOR('',#89,3.8E-1);
#91=CARTESIAN_POINT('',(6.82E0,-1.585E0,-3.43E0));
#92=LINE('',#91,#90);
#93=DIRECTION('',(-1.E0,0.E0,0.E0));
#94=VECTOR('',#93,2.18E0);
#95=CARTESIAN_POINT('',(9.E0,-1.205E0,-3.43E0));
#96=LINE('',#95,#94);
#97=DIRECTION('',(0.E0,1.E0,0.E0));
#98=VECTOR('',#97,3.8E-1);
#99=CARTESIAN_POINT('',(9.E0,-1.585E0,-3.43E0));
#100=LINE('',#99,#98);
#101=DIRECTION('',(1.E0,0.E0,0.E0));
#102=VECTOR('',#101,1.78E0);
#103=CARTESIAN_POINT('',(9.E0,-1.585E0,-3.43E0));
#104=LINE('',#103,#102);
#105=DIRECTION('',(0.E0,1.E0,0.E0));
#106=VECTOR('',#105,3.8E-1);
#107=CARTESIAN_POINT('',(1.078E1,-1.585E0,-3.43E0));
#108=LINE('',#107,#106);
#109=DIRECTION('',(-1.E0,0.E0,0.E0));
#110=VECTOR('',#109,2.18E0);
#111=CARTESIAN_POINT('',(1.296E1,-1.205E0,-3.43E0));
#112=LINE('',#111,#110);
#113=DIRECTION('',(0.E0,1.E0,0.E0));
#114=VECTOR('',#113,3.8E-1);
#115=CARTESIAN_POINT('',(1.296E1,-1.585E0,-3.43E0));
#116=LINE('',#115,#114);
#117=DIRECTION('',(1.E0,0.E0,0.E0));
#118=VECTOR('',#117,9.1E-1);
#119=CARTESIAN_POINT('',(1.296E1,-1.585E0,-3.43E0));
#120=LINE('',#119,#118);
#121=DIRECTION('',(0.E0,1.E0,0.E0));
#122=VECTOR('',#121,9.12E0);
#123=CARTESIAN_POINT('',(1.387E1,-1.585E0,-3.43E0));
#124=LINE('',#123,#122);
#125=DIRECTION('',(0.E0,-1.E0,0.E0));
#126=VECTOR('',#125,5.95E0);
#127=CARTESIAN_POINT('',(-1.48E0,7.535E0,-3.43E0));
#128=LINE('',#127,#126);
#129=DIRECTION('',(1.E0,0.E0,0.E0));
#130=VECTOR('',#129,1.02E0);
#131=CARTESIAN_POINT('',(-2.5E0,1.585E0,-3.43E0));
#132=LINE('',#131,#130);
#133=DIRECTION('',(-1.E0,0.E0,0.E0));
#134=VECTOR('',#133,9.1E-1);
#135=CARTESIAN_POINT('',(1.387E1,1.585E0,-2.45E0));
#136=LINE('',#135,#134);
#137=DIRECTION('',(0.E0,0.E0,1.E0));
#138=VECTOR('',#137,5.92E0);
#139=CARTESIAN_POINT('',(1.387E1,1.585E0,-2.45E0));
#140=LINE('',#139,#138);
#141=DIRECTION('',(0.E0,0.E0,1.E0));
#142=VECTOR('',#141,5.92E0);
#143=CARTESIAN_POINT('',(1.296E1,1.585E0,-2.45E0));
#144=LINE('',#143,#142);
#145=DIRECTION('',(-1.E0,0.E0,0.E0));
#146=VECTOR('',#145,8.9E-1);
#147=CARTESIAN_POINT('',(-1.298E1,1.585E0,-2.45E0));
#148=LINE('',#147,#146);
#149=DIRECTION('',(0.E0,0.E0,1.E0));
#150=VECTOR('',#149,5.92E0);
#151=CARTESIAN_POINT('',(-1.298E1,1.585E0,-2.45E0));
#152=LINE('',#151,#150);
#153=DIRECTION('',(-1.E0,0.E0,0.E0));
#154=VECTOR('',#153,1.78E0);
#155=CARTESIAN_POINT('',(1.078E1,1.585E0,-2.45E0));
#156=LINE('',#155,#154);
#157=DIRECTION('',(0.E0,0.E0,1.E0));
#158=VECTOR('',#157,5.92E0);
#159=CARTESIAN_POINT('',(1.078E1,1.585E0,-2.45E0));
#160=LINE('',#159,#158);
#161=DIRECTION('',(0.E0,0.E0,1.E0));
#162=VECTOR('',#161,5.92E0);
#163=CARTESIAN_POINT('',(9.E0,1.585E0,-2.45E0));
#164=LINE('',#163,#162);
#165=DIRECTION('',(0.E0,0.E0,1.E0));
#166=VECTOR('',#165,5.92E0);
#167=CARTESIAN_POINT('',(-1.08E1,1.585E0,-2.45E0));
#168=LINE('',#167,#166);
#169=DIRECTION('',(-1.E0,0.E0,0.E0));
#170=VECTOR('',#169,1.78E0);
#171=CARTESIAN_POINT('',(-9.02E0,1.585E0,-2.45E0));
#172=LINE('',#171,#170);
#173=DIRECTION('',(0.E0,0.E0,1.E0));
#174=VECTOR('',#173,5.92E0);
#175=CARTESIAN_POINT('',(-9.02E0,1.585E0,-2.45E0));
#176=LINE('',#175,#174);
#177=DIRECTION('',(-1.E0,0.E0,0.E0));
#178=VECTOR('',#177,1.78E0);
#179=CARTESIAN_POINT('',(6.82E0,1.585E0,-2.45E0));
#180=LINE('',#179,#178);
#181=DIRECTION('',(0.E0,0.E0,1.E0));
#182=VECTOR('',#181,5.92E0);
#183=CARTESIAN_POINT('',(6.82E0,1.585E0,-2.45E0));
#184=LINE('',#183,#182);
#185=DIRECTION('',(0.E0,0.E0,1.E0));
#186=VECTOR('',#185,5.92E0);
#187=CARTESIAN_POINT('',(5.04E0,1.585E0,-2.45E0));
#188=LINE('',#187,#186);
#189=DIRECTION('',(-1.E0,0.E0,0.E0));
#190=VECTOR('',#189,1.78E0);
#191=CARTESIAN_POINT('',(2.86E0,1.585E0,-2.45E0));
#192=LINE('',#191,#190);
#193=DIRECTION('',(0.E0,0.E0,1.E0));
#194=VECTOR('',#193,5.92E0);
#195=CARTESIAN_POINT('',(2.86E0,1.585E0,-2.45E0));
#196=LINE('',#195,#194);
#197=DIRECTION('',(0.E0,0.E0,1.E0));
#198=VECTOR('',#197,5.92E0);
#199=CARTESIAN_POINT('',(1.08E0,1.585E0,-2.45E0));
#200=LINE('',#199,#198);
#201=DIRECTION('',(-1.E0,0.E0,0.E0));
#202=VECTOR('',#201,1.78E0);
#203=CARTESIAN_POINT('',(-5.06E0,1.585E0,-2.45E0));
#204=LINE('',#203,#202);
#205=DIRECTION('',(0.E0,0.E0,1.E0));
#206=VECTOR('',#205,5.92E0);
#207=CARTESIAN_POINT('',(-5.06E0,1.585E0,-2.45E0));
#208=LINE('',#207,#206);
#209=DIRECTION('',(0.E0,0.E0,1.E0));
#210=VECTOR('',#209,5.92E0);
#211=CARTESIAN_POINT('',(-6.84E0,1.585E0,-2.45E0));
#212=LINE('',#211,#210);
#213=DIRECTION('',(0.E0,0.E0,1.E0));
#214=VECTOR('',#213,3.E0);
#215=CARTESIAN_POINT('',(-1.042E1,1.585E0,-1.5E0));
#216=LINE('',#215,#214);
#217=DIRECTION('',(1.E0,0.E0,0.E0));
#218=VECTOR('',#217,1.02E0);
#219=CARTESIAN_POINT('',(-1.042E1,1.585E0,1.5E0));
#220=LINE('',#219,#218);
#221=DIRECTION('',(0.E0,0.E0,-1.E0));
#222=VECTOR('',#221,3.E0);
#223=CARTESIAN_POINT('',(-9.4E0,1.585E0,1.5E0));
#224=LINE('',#223,#222);
#225=DIRECTION('',(-1.E0,0.E0,0.E0));
#226=VECTOR('',#225,1.02E0);
#227=CARTESIAN_POINT('',(-9.4E0,1.585E0,-1.5E0));
#228=LINE('',#227,#226);
#229=DIRECTION('',(0.E0,0.E0,1.E0));
#230=VECTOR('',#229,3.E0);
#231=CARTESIAN_POINT('',(-6.46E0,1.585E0,-1.5E0));
#232=LINE('',#231,#230);
#233=DIRECTION('',(1.E0,0.E0,0.E0));
#234=VECTOR('',#233,1.02E0);
#235=CARTESIAN_POINT('',(-6.46E0,1.585E0,1.5E0));
#236=LINE('',#235,#234);
#237=DIRECTION('',(0.E0,0.E0,-1.E0));
#238=VECTOR('',#237,3.E0);
#239=CARTESIAN_POINT('',(-5.44E0,1.585E0,1.5E0));
#240=LINE('',#239,#238);
#241=DIRECTION('',(-1.E0,0.E0,0.E0));
#242=VECTOR('',#241,1.02E0);
#243=CARTESIAN_POINT('',(-5.44E0,1.585E0,-1.5E0));
#244=LINE('',#243,#242);
#245=DIRECTION('',(0.E0,0.E0,1.E0));
#246=VECTOR('',#245,3.E0);
#247=CARTESIAN_POINT('',(-2.5E0,1.585E0,-1.5E0));
#248=LINE('',#247,#246);
#249=DIRECTION('',(1.E0,0.E0,0.E0));
#250=VECTOR('',#249,1.02E0);
#251=CARTESIAN_POINT('',(-2.5E0,1.585E0,1.5E0));
#252=LINE('',#251,#250);
#253=DIRECTION('',(0.E0,0.E0,-1.E0));
#254=VECTOR('',#253,3.E0);
#255=CARTESIAN_POINT('',(-1.48E0,1.585E0,1.5E0));
#256=LINE('',#255,#254);
#257=DIRECTION('',(-1.E0,0.E0,0.E0));
#258=VECTOR('',#257,1.02E0);
#259=CARTESIAN_POINT('',(-1.48E0,1.585E0,-1.5E0));
#260=LINE('',#259,#258);
#261=DIRECTION('',(0.E0,0.E0,1.E0));
#262=VECTOR('',#261,3.E0);
#263=CARTESIAN_POINT('',(1.46E0,1.585E0,-1.5E0));
#264=LINE('',#263,#262);
#265=DIRECTION('',(1.E0,0.E0,0.E0));
#266=VECTOR('',#265,1.02E0);
#267=CARTESIAN_POINT('',(1.46E0,1.585E0,1.5E0));
#268=LINE('',#267,#266);
#269=DIRECTION('',(0.E0,0.E0,-1.E0));
#270=VECTOR('',#269,3.E0);
#271=CARTESIAN_POINT('',(2.48E0,1.585E0,1.5E0));
#272=LINE('',#271,#270);
#273=DIRECTION('',(-1.E0,0.E0,0.E0));
#274=VECTOR('',#273,1.02E0);
#275=CARTESIAN_POINT('',(2.48E0,1.585E0,-1.5E0));
#276=LINE('',#275,#274);
#277=DIRECTION('',(0.E0,0.E0,1.E0));
#278=VECTOR('',#277,3.E0);
#279=CARTESIAN_POINT('',(5.42E0,1.585E0,-1.5E0));
#280=LINE('',#279,#278);
#281=DIRECTION('',(1.E0,0.E0,0.E0));
#282=VECTOR('',#281,1.02E0);
#283=CARTESIAN_POINT('',(5.42E0,1.585E0,1.5E0));
#284=LINE('',#283,#282);
#285=DIRECTION('',(0.E0,0.E0,-1.E0));
#286=VECTOR('',#285,3.E0);
#287=CARTESIAN_POINT('',(6.44E0,1.585E0,1.5E0));
#288=LINE('',#287,#286);
#289=DIRECTION('',(-1.E0,0.E0,0.E0));
#290=VECTOR('',#289,1.02E0);
#291=CARTESIAN_POINT('',(6.44E0,1.585E0,-1.5E0));
#292=LINE('',#291,#290);
#293=DIRECTION('',(0.E0,0.E0,1.E0));
#294=VECTOR('',#293,3.E0);
#295=CARTESIAN_POINT('',(9.38E0,1.585E0,-1.5E0));
#296=LINE('',#295,#294);
#297=DIRECTION('',(1.E0,0.E0,0.E0));
#298=VECTOR('',#297,1.02E0);
#299=CARTESIAN_POINT('',(9.38E0,1.585E0,1.5E0));
#300=LINE('',#299,#298);
#301=DIRECTION('',(0.E0,0.E0,-1.E0));
#302=VECTOR('',#301,3.E0);
#303=CARTESIAN_POINT('',(1.04E1,1.585E0,1.5E0));
#304=LINE('',#303,#302);
#305=DIRECTION('',(-1.E0,0.E0,0.E0));
#306=VECTOR('',#305,1.02E0);
#307=CARTESIAN_POINT('',(1.04E1,1.585E0,-1.5E0));
#308=LINE('',#307,#306);
#309=DIRECTION('',(-1.E0,0.E0,0.E0));
#310=VECTOR('',#309,3.8E-1);
#311=CARTESIAN_POINT('',(-2.5E0,1.585E0,-2.45E0));
#312=LINE('',#311,#310);
#313=DIRECTION('',(0.E0,0.E0,-1.E0));
#314=VECTOR('',#313,9.8E-1);
#315=CARTESIAN_POINT('',(-2.5E0,1.585E0,-2.45E0));
#316=LINE('',#315,#314);
#317=DIRECTION('',(-1.E0,0.E0,0.E0));
#318=VECTOR('',#317,3.8E-1);
#319=CARTESIAN_POINT('',(-1.1E0,1.585E0,-2.45E0));
#320=LINE('',#319,#318);
#321=DIRECTION('',(0.E0,0.E0,1.E0));
#322=VECTOR('',#321,5.92E0);
#323=CARTESIAN_POINT('',(-1.1E0,1.585E0,-2.45E0));
#324=LINE('',#323,#322);
#325=DIRECTION('',(0.E0,0.E0,1.E0));
#326=VECTOR('',#325,5.92E0);
#327=CARTESIAN_POINT('',(-2.88E0,1.585E0,-2.45E0));
#328=LINE('',#327,#326);
#329=DIRECTION('',(0.E0,-1.E0,0.E0));
#330=VECTOR('',#329,5.291820693124E0);
#331=CARTESIAN_POINT('',(-2.5E0,6.876820693124E0,-2.45E0));
#332=LINE('',#331,#330);
#333=DIRECTION('',(1.E0,0.E0,0.E0));
#334=VECTOR('',#333,1.137E1);
#335=CARTESIAN_POINT('',(-1.387E1,6.876820693124E0,-2.45E0));
#336=LINE('',#335,#334);
#337=DIRECTION('',(0.E0,-1.E0,0.E0));
#338=VECTOR('',#337,5.291820693124E0);
#339=CARTESIAN_POINT('',(-1.48E0,6.876820693124E0,-2.45E0));
#340=LINE('',#339,#338);
#341=DIRECTION('',(1.E0,0.E0,0.E0));
#342=VECTOR('',#341,1.535E1);
#343=CARTESIAN_POINT('',(-1.48E0,6.876820693124E0,-2.45E0));
#344=LINE('',#343,#342);
#345=DIRECTION('',(0.E0,1.E0,0.E0));
#346=VECTOR('',#345,3.8E-1);
#347=CARTESIAN_POINT('',(-2.88E0,1.205E0,-2.45E0));
#348=LINE('',#347,#346);
#349=DIRECTION('',(0.E0,0.E0,-1.E0));
#350=VECTOR('',#349,5.92E0);
#351=CARTESIAN_POINT('',(-2.88E0,1.205E0,3.47E0));
#352=LINE('',#351,#350);
#353=DIRECTION('',(0.E0,-1.E0,0.E0));
#354=VECTOR('',#353,3.8E-1);
#355=CARTESIAN_POINT('',(1.078E1,1.585E0,3.47E0));
#356=LINE('',#355,#354);
#357=DIRECTION('',(1.E0,0.E0,0.E0));
#358=VECTOR('',#357,2.18E0);
#359=CARTESIAN_POINT('',(1.078E1,1.205E0,3.47E0));
#360=LINE('',#359,#358);
#361=DIRECTION('',(0.E0,-1.E0,0.E0));
#362=VECTOR('',#361,3.8E-1);
#363=CARTESIAN_POINT('',(1.296E1,1.585E0,3.47E0));
#364=LINE('',#363,#362);
#365=DIRECTION('',(-1.E0,0.E0,0.E0));
#366=VECTOR('',#365,9.1E-1);
#367=CARTESIAN_POINT('',(1.387E1,1.585E0,3.47E0));
#368=LINE('',#367,#366);
#369=DIRECTION('',(0.E0,1.E0,0.E0));
#370=VECTOR('',#369,3.17E0);
#371=CARTESIAN_POINT('',(1.387E1,-1.585E0,3.47E0));
#372=LINE('',#371,#370);
#373=DIRECTION('',(1.E0,0.E0,0.E0));
#374=VECTOR('',#373,9.1E-1);
#375=CARTESIAN_POINT('',(1.296E1,-1.585E0,3.47E0));
#376=LINE('',#375,#374);
#377=DIRECTION('',(0.E0,1.E0,0.E0));
#378=VECTOR('',#377,3.8E-1);
#379=CARTESIAN_POINT('',(1.296E1,-1.585E0,3.47E0));
#380=LINE('',#379,#378);
#381=DIRECTION('',(-1.E0,0.E0,0.E0));
#382=VECTOR('',#381,2.18E0);
#383=CARTESIAN_POINT('',(1.296E1,-1.205E0,3.47E0));
#384=LINE('',#383,#382);
#385=DIRECTION('',(0.E0,1.E0,0.E0));
#386=VECTOR('',#385,3.8E-1);
#387=CARTESIAN_POINT('',(1.078E1,-1.585E0,3.47E0));
#388=LINE('',#387,#386);
#389=DIRECTION('',(1.E0,0.E0,0.E0));
#390=VECTOR('',#389,1.78E0);
#391=CARTESIAN_POINT('',(9.E0,-1.585E0,3.47E0));
#392=LINE('',#391,#390);
#393=DIRECTION('',(0.E0,1.E0,0.E0));
#394=VECTOR('',#393,3.8E-1);
#395=CARTESIAN_POINT('',(9.E0,-1.585E0,3.47E0));
#396=LINE('',#395,#394);
#397=DIRECTION('',(-1.E0,0.E0,0.E0));
#398=VECTOR('',#397,2.18E0);
#399=CARTESIAN_POINT('',(9.E0,-1.205E0,3.47E0));
#400=LINE('',#399,#398);
#401=DIRECTION('',(0.E0,1.E0,0.E0));
#402=VECTOR('',#401,3.8E-1);
#403=CARTESIAN_POINT('',(6.82E0,-1.585E0,3.47E0));
#404=LINE('',#403,#402);
#405=DIRECTION('',(1.E0,0.E0,0.E0));
#406=VECTOR('',#405,1.78E0);
#407=CARTESIAN_POINT('',(5.04E0,-1.585E0,3.47E0));
#408=LINE('',#407,#406);
#409=DIRECTION('',(0.E0,1.E0,0.E0));
#410=VECTOR('',#409,3.8E-1);
#411=CARTESIAN_POINT('',(5.04E0,-1.585E0,3.47E0));
#412=LINE('',#411,#410);
#413=DIRECTION('',(-1.E0,0.E0,0.E0));
#414=VECTOR('',#413,2.18E0);
#415=CARTESIAN_POINT('',(5.04E0,-1.205E0,3.47E0));
#416=LINE('',#415,#414);
#417=DIRECTION('',(0.E0,1.E0,0.E0));
#418=VECTOR('',#417,3.8E-1);
#419=CARTESIAN_POINT('',(2.86E0,-1.585E0,3.47E0));
#420=LINE('',#419,#418);
#421=DIRECTION('',(1.E0,0.E0,0.E0));
#422=VECTOR('',#421,1.78E0);
#423=CARTESIAN_POINT('',(1.08E0,-1.585E0,3.47E0));
#424=LINE('',#423,#422);
#425=DIRECTION('',(0.E0,1.E0,0.E0));
#426=VECTOR('',#425,3.8E-1);
#427=CARTESIAN_POINT('',(1.08E0,-1.585E0,3.47E0));
#428=LINE('',#427,#426);
#429=DIRECTION('',(-1.E0,0.E0,0.E0));
#430=VECTOR('',#429,2.18E0);
#431=CARTESIAN_POINT('',(1.08E0,-1.205E0,3.47E0));
#432=LINE('',#431,#430);
#433=DIRECTION('',(0.E0,1.E0,0.E0));
#434=VECTOR('',#433,3.8E-1);
#435=CARTESIAN_POINT('',(-1.1E0,-1.585E0,3.47E0));
#436=LINE('',#435,#434);
#437=DIRECTION('',(1.E0,0.E0,0.E0));
#438=VECTOR('',#437,1.78E0);
#439=CARTESIAN_POINT('',(-2.88E0,-1.585E0,3.47E0));
#440=LINE('',#439,#438);
#441=DIRECTION('',(0.E0,1.E0,0.E0));
#442=VECTOR('',#441,3.8E-1);
#443=CARTESIAN_POINT('',(-2.88E0,-1.585E0,3.47E0));
#444=LINE('',#443,#442);
#445=DIRECTION('',(-1.E0,0.E0,0.E0));
#446=VECTOR('',#445,2.18E0);
#447=CARTESIAN_POINT('',(-2.88E0,-1.205E0,3.47E0));
#448=LINE('',#447,#446);
#449=DIRECTION('',(0.E0,1.E0,0.E0));
#450=VECTOR('',#449,3.8E-1);
#451=CARTESIAN_POINT('',(-5.06E0,-1.585E0,3.47E0));
#452=LINE('',#451,#450);
#453=DIRECTION('',(1.E0,0.E0,0.E0));
#454=VECTOR('',#453,1.78E0);
#455=CARTESIAN_POINT('',(-6.84E0,-1.585E0,3.47E0));
#456=LINE('',#455,#454);
#457=DIRECTION('',(0.E0,1.E0,0.E0));
#458=VECTOR('',#457,3.8E-1);
#459=CARTESIAN_POINT('',(-6.84E0,-1.585E0,3.47E0));
#460=LINE('',#459,#458);
#461=DIRECTION('',(-1.E0,0.E0,0.E0));
#462=VECTOR('',#461,2.18E0);
#463=CARTESIAN_POINT('',(-6.84E0,-1.205E0,3.47E0));
#464=LINE('',#463,#462);
#465=DIRECTION('',(0.E0,1.E0,0.E0));
#466=VECTOR('',#465,3.8E-1);
#467=CARTESIAN_POINT('',(-9.02E0,-1.585E0,3.47E0));
#468=LINE('',#467,#466);
#469=DIRECTION('',(1.E0,0.E0,0.E0));
#470=VECTOR('',#469,1.78E0);
#471=CARTESIAN_POINT('',(-1.08E1,-1.585E0,3.47E0));
#472=LINE('',#471,#470);
#473=DIRECTION('',(0.E0,1.E0,0.E0));
#474=VECTOR('',#473,3.8E-1);
#475=CARTESIAN_POINT('',(-1.08E1,-1.585E0,3.47E0));
#476=LINE('',#475,#474);
#477=DIRECTION('',(-1.E0,0.E0,0.E0));
#478=VECTOR('',#477,2.18E0);
#479=CARTESIAN_POINT('',(-1.08E1,-1.205E0,3.47E0));
#480=LINE('',#479,#478);
#481=DIRECTION('',(0.E0,1.E0,0.E0));
#482=VECTOR('',#481,3.8E-1);
#483=CARTESIAN_POINT('',(-1.298E1,-1.585E0,3.47E0));
#484=LINE('',#483,#482);
#485=DIRECTION('',(1.E0,0.E0,0.E0));
#486=VECTOR('',#485,8.9E-1);
#487=CARTESIAN_POINT('',(-1.387E1,-1.585E0,3.47E0));
#488=LINE('',#487,#486);
#489=DIRECTION('',(0.E0,-1.E0,0.E0));
#490=VECTOR('',#489,3.17E0);
#491=CARTESIAN_POINT('',(-1.387E1,1.585E0,3.47E0));
#492=LINE('',#491,#490);
#493=DIRECTION('',(-1.E0,0.E0,0.E0));
#494=VECTOR('',#493,8.9E-1);
#495=CARTESIAN_POINT('',(-1.298E1,1.585E0,3.47E0));
#496=LINE('',#495,#494);
#497=DIRECTION('',(0.E0,-1.E0,0.E0));
#498=VECTOR('',#497,3.8E-1);
#499=CARTESIAN_POINT('',(-1.298E1,1.585E0,3.47E0));
#500=LINE('',#499,#498);
#501=DIRECTION('',(1.E0,0.E0,0.E0));
#502=VECTOR('',#501,2.18E0);
#503=CARTESIAN_POINT('',(-1.298E1,1.205E0,3.47E0));
#504=LINE('',#503,#502);
#505=DIRECTION('',(0.E0,-1.E0,0.E0));
#506=VECTOR('',#505,3.8E-1);
#507=CARTESIAN_POINT('',(-1.08E1,1.585E0,3.47E0));
#508=LINE('',#507,#506);
#509=DIRECTION('',(-1.E0,0.E0,0.E0));
#510=VECTOR('',#509,1.78E0);
#511=CARTESIAN_POINT('',(-9.02E0,1.585E0,3.47E0));
#512=LINE('',#511,#510);
#513=DIRECTION('',(0.E0,-1.E0,0.E0));
#514=VECTOR('',#513,3.8E-1);
#515=CARTESIAN_POINT('',(-9.02E0,1.585E0,3.47E0));
#516=LINE('',#515,#514);
#517=DIRECTION('',(1.E0,0.E0,0.E0));
#518=VECTOR('',#517,2.18E0);
#519=CARTESIAN_POINT('',(-9.02E0,1.205E0,3.47E0));
#520=LINE('',#519,#518);
#521=DIRECTION('',(0.E0,-1.E0,0.E0));
#522=VECTOR('',#521,3.8E-1);
#523=CARTESIAN_POINT('',(-6.84E0,1.585E0,3.47E0));
#524=LINE('',#523,#522);
#525=DIRECTION('',(-1.E0,0.E0,0.E0));
#526=VECTOR('',#525,1.78E0);
#527=CARTESIAN_POINT('',(-5.06E0,1.585E0,3.47E0));
#528=LINE('',#527,#526);
#529=DIRECTION('',(0.E0,-1.E0,0.E0));
#530=VECTOR('',#529,3.8E-1);
#531=CARTESIAN_POINT('',(-5.06E0,1.585E0,3.47E0));
#532=LINE('',#531,#530);
#533=DIRECTION('',(1.E0,0.E0,0.E0));
#534=VECTOR('',#533,2.18E0);
#535=CARTESIAN_POINT('',(-5.06E0,1.205E0,3.47E0));
#536=LINE('',#535,#534);
#537=DIRECTION('',(0.E0,-1.E0,0.E0));
#538=VECTOR('',#537,3.8E-1);
#539=CARTESIAN_POINT('',(-2.88E0,1.585E0,3.47E0));
#540=LINE('',#539,#538);
#541=DIRECTION('',(-1.E0,0.E0,0.E0));
#542=VECTOR('',#541,1.78E0);
#543=CARTESIAN_POINT('',(-1.1E0,1.585E0,3.47E0));
#544=LINE('',#543,#542);
#545=DIRECTION('',(0.E0,-1.E0,0.E0));
#546=VECTOR('',#545,3.8E-1);
#547=CARTESIAN_POINT('',(-1.1E0,1.585E0,3.47E0));
#548=LINE('',#547,#546);
#549=DIRECTION('',(1.E0,0.E0,0.E0));
#550=VECTOR('',#549,2.18E0);
#551=CARTESIAN_POINT('',(-1.1E0,1.205E0,3.47E0));
#552=LINE('',#551,#550);
#553=DIRECTION('',(0.E0,-1.E0,0.E0));
#554=VECTOR('',#553,3.8E-1);
#555=CARTESIAN_POINT('',(1.08E0,1.585E0,3.47E0));
#556=LINE('',#555,#554);
#557=DIRECTION('',(-1.E0,0.E0,0.E0));
#558=VECTOR('',#557,1.78E0);
#559=CARTESIAN_POINT('',(2.86E0,1.585E0,3.47E0));
#560=LINE('',#559,#558);
#561=DIRECTION('',(0.E0,-1.E0,0.E0));
#562=VECTOR('',#561,3.8E-1);
#563=CARTESIAN_POINT('',(2.86E0,1.585E0,3.47E0));
#564=LINE('',#563,#562);
#565=DIRECTION('',(1.E0,0.E0,0.E0));
#566=VECTOR('',#565,2.18E0);
#567=CARTESIAN_POINT('',(2.86E0,1.205E0,3.47E0));
#568=LINE('',#567,#566);
#569=DIRECTION('',(0.E0,-1.E0,0.E0));
#570=VECTOR('',#569,3.8E-1);
#571=CARTESIAN_POINT('',(5.04E0,1.585E0,3.47E0));
#572=LINE('',#571,#570);
#573=DIRECTION('',(-1.E0,0.E0,0.E0));
#574=VECTOR('',#573,1.78E0);
#575=CARTESIAN_POINT('',(6.82E0,1.585E0,3.47E0));
#576=LINE('',#575,#574);
#577=DIRECTION('',(0.E0,-1.E0,0.E0));
#578=VECTOR('',#577,3.8E-1);
#579=CARTESIAN_POINT('',(6.82E0,1.585E0,3.47E0));
#580=LINE('',#579,#578);
#581=DIRECTION('',(1.E0,0.E0,0.E0));
#582=VECTOR('',#581,2.18E0);
#583=CARTESIAN_POINT('',(6.82E0,1.205E0,3.47E0));
#584=LINE('',#583,#582);
#585=DIRECTION('',(0.E0,-1.E0,0.E0));
#586=VECTOR('',#585,3.8E-1);
#587=CARTESIAN_POINT('',(9.E0,1.585E0,3.47E0));
#588=LINE('',#587,#586);
#589=DIRECTION('',(-1.E0,0.E0,0.E0));
#590=VECTOR('',#589,1.78E0);
#591=CARTESIAN_POINT('',(1.078E1,1.585E0,3.47E0));
#592=LINE('',#591,#590);
#593=DIRECTION('',(0.E0,-1.E0,0.E0));
#594=VECTOR('',#593,3.8E-1);
#595=CARTESIAN_POINT('',(1.078E1,1.585E0,-2.45E0));
#596=LINE('',#595,#594);
#597=CARTESIAN_POINT('',(1.187E1,1.205E0,0.E0));
#598=DIRECTION('',(0.E0,1.E0,0.E0));
#599=DIRECTION('',(1.E0,0.E0,0.E0));
#600=AXIS2_PLACEMENT_3D('',#597,#598,#599);
#602=CARTESIAN_POINT('',(1.187E1,1.205E0,0.E0));
#603=DIRECTION('',(0.E0,1.E0,0.E0));
#604=DIRECTION('',(-1.E0,0.E0,0.E0));
#605=AXIS2_PLACEMENT_3D('',#602,#603,#604);
#607=DIRECTION('',(1.E0,0.E0,0.E0));
#608=VECTOR('',#607,2.18E0);
#609=CARTESIAN_POINT('',(1.078E1,1.205E0,-2.45E0));
#610=LINE('',#609,#608);
#611=DIRECTION('',(0.E0,0.E0,-1.E0));
#612=VECTOR('',#611,5.92E0);
#613=CARTESIAN_POINT('',(1.078E1,1.205E0,3.47E0));
#614=LINE('',#613,#612);
#615=CARTESIAN_POINT('',(1.187E1,-5.145E0,0.E0));
#616=DIRECTION('',(0.E0,1.E0,0.E0));
#617=DIRECTION('',(1.E0,0.E0,0.E0));
#618=AXIS2_PLACEMENT_3D('',#615,#616,#617);
#620=DIRECTION('',(0.E0,1.E0,0.E0));
#621=VECTOR('',#620,1.092E1);
#622=CARTESIAN_POINT('',(1.13E1,1.205E0,0.E0));
#623=LINE('',#622,#621);
#624=DIRECTION('',(0.E0,1.E0,0.E0));
#625=VECTOR('',#624,1.092E1);
#626=CARTESIAN_POINT('',(1.244E1,1.205E0,0.E0));
#627=LINE('',#626,#625);
#628=DIRECTION('',(0.E0,1.E0,0.E0));
#629=VECTOR('',#628,3.94E0);
#630=CARTESIAN_POINT('',(1.244E1,-5.145E0,0.E0));
#631=LINE('',#630,#629);
#632=CARTESIAN_POINT('',(1.187E1,-5.145E0,0.E0));
#633=DIRECTION('',(0.E0,-1.E0,0.E0));
#634=DIRECTION('',(1.E0,0.E0,0.E0));
#635=AXIS2_PLACEMENT_3D('',#632,#633,#634);
#637=DIRECTION('',(0.E0,1.E0,0.E0));
#638=VECTOR('',#637,3.94E0);
#639=CARTESIAN_POINT('',(1.13E1,-5.145E0,0.E0));
#640=LINE('',#639,#638);
#641=DIRECTION('',(-3.568681169914E-1,9.341547768304E-1,0.E0));
#642=VECTOR('',#641,9.527329111561E-1);
#643=CARTESIAN_POINT('',(1.244E1,1.2125E1,0.E0));
#644=LINE('',#643,#642);
#645=CARTESIAN_POINT('',(1.187E1,1.2125E1,0.E0));
#646=DIRECTION('',(0.E0,-1.E0,0.E0));
#647=DIRECTION('',(1.E0,0.E0,0.E0));
#648=AXIS2_PLACEMENT_3D('',#645,#646,#647);
#650=DIRECTION('',(3.568681169914E-1,9.341547768304E-1,0.E0));
#651=VECTOR('',#650,9.527329111561E-1);
#652=CARTESIAN_POINT('',(1.13E1,1.2125E1,0.E0));
#653=LINE('',#652,#651);
#654=CARTESIAN_POINT('',(1.187E1,1.2125E1,0.E0));
#655=DIRECTION('',(0.E0,1.E0,0.E0));
#656=DIRECTION('',(1.E0,0.E0,0.E0));
#657=AXIS2_PLACEMENT_3D('',#654,#655,#656);
#659=CARTESIAN_POINT('',(1.187E1,1.3015E1,0.E0));
#660=DIRECTION('',(0.E0,-1.E0,0.E0));
#661=DIRECTION('',(1.E0,0.E0,0.E0));
#662=AXIS2_PLACEMENT_3D('',#659,#660,#661);
#664=CARTESIAN_POINT('',(1.187E1,1.3015E1,0.E0));
#665=DIRECTION('',(0.E0,1.E0,0.E0));
#666=DIRECTION('',(1.E0,0.E0,0.E0));
#667=AXIS2_PLACEMENT_3D('',#664,#665,#666);
#669=DIRECTION('',(0.E0,0.E0,-1.E0));
#670=VECTOR('',#669,6.9E0);
#671=CARTESIAN_POINT('',(1.296E1,-1.205E0,3.47E0));
#672=LINE('',#671,#670);
#673=CARTESIAN_POINT('',(1.187E1,-1.205E0,0.E0));
#674=DIRECTION('',(0.E0,1.E0,0.E0));
#675=DIRECTION('',(1.E0,0.E0,0.E0));
#676=AXIS2_PLACEMENT_3D('',#673,#674,#675);
#678=CARTESIAN_POINT('',(1.187E1,-1.205E0,0.E0));
#679=DIRECTION('',(0.E0,1.E0,0.E0));
#680=DIRECTION('',(-1.E0,0.E0,0.E0));
#681=AXIS2_PLACEMENT_3D('',#678,#679,#680);
#683=DIRECTION('',(0.E0,0.E0,-1.E0));
#684=VECTOR('',#683,6.9E0);
#685=CARTESIAN_POINT('',(1.078E1,-1.205E0,3.47E0));
#686=LINE('',#685,#684);
#687=DIRECTION('',(0.E0,0.E0,1.E0));
#688=VECTOR('',#687,6.9E0);
#689=CARTESIAN_POINT('',(-1.298E1,-1.585E0,-3.43E0));
#690=LINE('',#689,#688);
#691=DIRECTION('',(0.E0,0.E0,1.E0));
#692=VECTOR('',#691,6.9E0);
#693=CARTESIAN_POINT('',(-1.387E1,-1.585E0,-3.43E0));
#694=LINE('',#693,#692);
#695=DIRECTION('',(0.E0,0.E0,1.E0));
#696=VECTOR('',#695,6.9E0);
#697=CARTESIAN_POINT('',(-9.02E0,-1.585E0,-3.43E0));
#698=LINE('',#697,#696);
#699=DIRECTION('',(0.E0,0.E0,1.E0));
#700=VECTOR('',#699,6.9E0);
#701=CARTESIAN_POINT('',(-1.08E1,-1.585E0,-3.43E0));
#702=LINE('',#701,#700);
#703=DIRECTION('',(0.E0,0.E0,1.E0));
#704=VECTOR('',#703,6.9E0);
#705=CARTESIAN_POINT('',(-5.06E0,-1.585E0,-3.43E0));
#706=LINE('',#705,#704);
#707=DIRECTION('',(0.E0,0.E0,1.E0));
#708=VECTOR('',#707,6.9E0);
#709=CARTESIAN_POINT('',(-6.84E0,-1.585E0,-3.43E0));
#710=LINE('',#709,#708);
#711=DIRECTION('',(0.E0,0.E0,1.E0));
#712=VECTOR('',#711,6.9E0);
#713=CARTESIAN_POINT('',(-1.1E0,-1.585E0,-3.43E0));
#714=LINE('',#713,#712);
#715=DIRECTION('',(0.E0,0.E0,1.E0));
#716=VECTOR('',#715,6.9E0);
#717=CARTESIAN_POINT('',(-2.88E0,-1.585E0,-3.43E0));
#718=LINE('',#717,#716);
#719=DIRECTION('',(0.E0,0.E0,1.E0));
#720=VECTOR('',#719,6.9E0);
#721=CARTESIAN_POINT('',(2.86E0,-1.585E0,-3.43E0));
#722=LINE('',#721,#720);
#723=DIRECTION('',(0.E0,0.E0,1.E0));
#724=VECTOR('',#723,6.9E0);
#725=CARTESIAN_POINT('',(1.08E0,-1.585E0,-3.43E0));
#726=LINE('',#725,#724);
#727=DIRECTION('',(0.E0,0.E0,1.E0));
#728=VECTOR('',#727,6.9E0);
#729=CARTESIAN_POINT('',(6.82E0,-1.585E0,-3.43E0));
#730=LINE('',#729,#728);
#731=DIRECTION('',(0.E0,0.E0,1.E0));
#732=VECTOR('',#731,6.9E0);
#733=CARTESIAN_POINT('',(5.04E0,-1.585E0,-3.43E0));
#734=LINE('',#733,#732);
#735=DIRECTION('',(0.E0,0.E0,1.E0));
#736=VECTOR('',#735,6.9E0);
#737=CARTESIAN_POINT('',(1.296E1,-1.585E0,-3.43E0));
#738=LINE('',#737,#736);
#739=DIRECTION('',(0.E0,0.E0,1.E0));
#740=VECTOR('',#739,6.9E0);
#741=CARTESIAN_POINT('',(1.078E1,-1.585E0,-3.43E0));
#742=LINE('',#741,#740);
#743=DIRECTION('',(0.E0,0.E0,1.E0));
#744=VECTOR('',#743,6.9E0);
#745=CARTESIAN_POINT('',(9.E0,-1.585E0,-3.43E0));
#746=LINE('',#745,#744);
#747=DIRECTION('',(0.E0,0.E0,1.E0));
#748=VECTOR('',#747,3.E0);
#749=CARTESIAN_POINT('',(-1.042E1,-1.585E0,-1.5E0));
#750=LINE('',#749,#748);
#751=DIRECTION('',(-1.E0,0.E0,0.E0));
#752=VECTOR('',#751,1.02E0);
#753=CARTESIAN_POINT('',(-9.4E0,-1.585E0,-1.5E0));
#754=LINE('',#753,#752);
#755=DIRECTION('',(0.E0,0.E0,-1.E0));
#756=VECTOR('',#755,3.E0);
#757=CARTESIAN_POINT('',(-9.4E0,-1.585E0,1.5E0));
#758=LINE('',#757,#756);
#759=DIRECTION('',(1.E0,0.E0,0.E0));
#760=VECTOR('',#759,1.02E0);
#761=CARTESIAN_POINT('',(-1.042E1,-1.585E0,1.5E0));
#762=LINE('',#761,#760);
#763=DIRECTION('',(0.E0,0.E0,1.E0));
#764=VECTOR('',#763,3.E0);
#765=CARTESIAN_POINT('',(-6.46E0,-1.585E0,-1.5E0));
#766=LINE('',#765,#764);
#767=DIRECTION('',(-1.E0,0.E0,0.E0));
#768=VECTOR('',#767,1.02E0);
#769=CARTESIAN_POINT('',(-5.44E0,-1.585E0,-1.5E0));
#770=LINE('',#769,#768);
#771=DIRECTION('',(0.E0,0.E0,-1.E0));
#772=VECTOR('',#771,3.E0);
#773=CARTESIAN_POINT('',(-5.44E0,-1.585E0,1.5E0));
#774=LINE('',#773,#772);
#775=DIRECTION('',(1.E0,0.E0,0.E0));
#776=VECTOR('',#775,1.02E0);
#777=CARTESIAN_POINT('',(-6.46E0,-1.585E0,1.5E0));
#778=LINE('',#777,#776);
#779=DIRECTION('',(0.E0,0.E0,1.E0));
#780=VECTOR('',#779,3.E0);
#781=CARTESIAN_POINT('',(-2.5E0,-1.585E0,-1.5E0));
#782=LINE('',#781,#780);
#783=DIRECTION('',(-1.E0,0.E0,0.E0));
#784=VECTOR('',#783,1.02E0);
#785=CARTESIAN_POINT('',(-1.48E0,-1.585E0,-1.5E0));
#786=LINE('',#785,#784);
#787=DIRECTION('',(0.E0,0.E0,-1.E0));
#788=VECTOR('',#787,3.E0);
#789=CARTESIAN_POINT('',(-1.48E0,-1.585E0,1.5E0));
#790=LINE('',#789,#788);
#791=DIRECTION('',(1.E0,0.E0,0.E0));
#792=VECTOR('',#791,1.02E0);
#793=CARTESIAN_POINT('',(-2.5E0,-1.585E0,1.5E0));
#794=LINE('',#793,#792);
#795=DIRECTION('',(0.E0,0.E0,1.E0));
#796=VECTOR('',#795,3.E0);
#797=CARTESIAN_POINT('',(1.46E0,-1.585E0,-1.5E0));
#798=LINE('',#797,#796);
#799=DIRECTION('',(-1.E0,0.E0,0.E0));
#800=VECTOR('',#799,1.02E0);
#801=CARTESIAN_POINT('',(2.48E0,-1.585E0,-1.5E0));
#802=LINE('',#801,#800);
#803=DIRECTION('',(0.E0,0.E0,-1.E0));
#804=VECTOR('',#803,3.E0);
#805=CARTESIAN_POINT('',(2.48E0,-1.585E0,1.5E0));
#806=LINE('',#805,#804);
#807=DIRECTION('',(1.E0,0.E0,0.E0));
#808=VECTOR('',#807,1.02E0);
#809=CARTESIAN_POINT('',(1.46E0,-1.585E0,1.5E0));
#810=LINE('',#809,#808);
#811=DIRECTION('',(0.E0,0.E0,1.E0));
#812=VECTOR('',#811,3.E0);
#813=CARTESIAN_POINT('',(5.42E0,-1.585E0,-1.5E0));
#814=LINE('',#813,#812);
#815=DIRECTION('',(-1.E0,0.E0,0.E0));
#816=VECTOR('',#815,1.02E0);
#817=CARTESIAN_POINT('',(6.44E0,-1.585E0,-1.5E0));
#818=LINE('',#817,#816);
#819=DIRECTION('',(0.E0,0.E0,-1.E0));
#820=VECTOR('',#819,3.E0);
#821=CARTESIAN_POINT('',(6.44E0,-1.585E0,1.5E0));
#822=LINE('',#821,#820);
#823=DIRECTION('',(1.E0,0.E0,0.E0));
#824=VECTOR('',#823,1.02E0);
#825=CARTESIAN_POINT('',(5.42E0,-1.585E0,1.5E0));
#826=LINE('',#825,#824);
#827=DIRECTION('',(0.E0,0.E0,1.E0));
#828=VECTOR('',#827,3.E0);
#829=CARTESIAN_POINT('',(9.38E0,-1.585E0,-1.5E0));
#830=LINE('',#829,#828);
#831=DIRECTION('',(-1.E0,0.E0,0.E0));
#832=VECTOR('',#831,1.02E0);
#833=CARTESIAN_POINT('',(1.04E1,-1.585E0,-1.5E0));
#834=LINE('',#833,#832);
#835=DIRECTION('',(0.E0,0.E0,-1.E0));
#836=VECTOR('',#835,3.E0);
#837=CARTESIAN_POINT('',(1.04E1,-1.585E0,1.5E0));
#838=LINE('',#837,#836);
#839=DIRECTION('',(1.E0,0.E0,0.E0));
#840=VECTOR('',#839,1.02E0);
#841=CARTESIAN_POINT('',(9.38E0,-1.585E0,1.5E0));
#842=LINE('',#841,#840);
#843=DIRECTION('',(0.E0,0.E0,-1.E0));
#844=VECTOR('',#843,6.9E0);
#845=CARTESIAN_POINT('',(-1.298E1,-1.205E0,3.47E0));
#846=LINE('',#845,#844);
#847=DIRECTION('',(0.E0,0.E0,-1.E0));
#848=VECTOR('',#847,6.9E0);
#849=CARTESIAN_POINT('',(-1.08E1,-1.205E0,3.47E0));
#850=LINE('',#849,#848);
#851=CARTESIAN_POINT('',(-1.189E1,-1.205E0,0.E0));
#852=DIRECTION('',(0.E0,1.E0,0.E0));
#853=DIRECTION('',(1.E0,0.E0,0.E0));
#854=AXIS2_PLACEMENT_3D('',#851,#852,#853);
#856=CARTESIAN_POINT('',(-1.189E1,-1.205E0,0.E0));
#857=DIRECTION('',(0.E0,1.E0,0.E0));
#858=DIRECTION('',(-1.E0,0.E0,0.E0));
#859=AXIS2_PLACEMENT_3D('',#856,#857,#858);
#861=CARTESIAN_POINT('',(-1.189E1,-5.145E0,0.E0));
#862=DIRECTION('',(0.E0,1.E0,0.E0));
#863=DIRECTION('',(1.E0,0.E0,0.E0));
#864=AXIS2_PLACEMENT_3D('',#861,#862,#863);
#866=CARTESIAN_POINT('',(-1.189E1,1.205E0,0.E0));
#867=DIRECTION('',(0.E0,1.E0,0.E0));
#868=DIRECTION('',(1.E0,0.E0,0.E0));
#869=AXIS2_PLACEMENT_3D('',#866,#867,#868);
#871=CARTESIAN_POINT('',(-1.189E1,1.205E0,0.E0));
#872=DIRECTION('',(0.E0,1.E0,0.E0));
#873=DIRECTION('',(-1.E0,0.E0,0.E0));
#874=AXIS2_PLACEMENT_3D('',#871,#872,#873);
#876=DIRECTION('',(1.E0,0.E0,0.E0));
#877=VECTOR('',#876,2.18E0);
#878=CARTESIAN_POINT('',(-1.298E1,1.205E0,-2.45E0));
#879=LINE('',#878,#877);
#880=DIRECTION('',(0.E0,0.E0,-1.E0));
#881=VECTOR('',#880,5.92E0);
#882=CARTESIAN_POINT('',(-1.298E1,1.205E0,3.47E0));
#883=LINE('',#882,#881);
#884=DIRECTION('',(0.E0,1.E0,0.E0));
#885=VECTOR('',#884,1.092E1);
#886=CARTESIAN_POINT('',(-1.246E1,1.205E0,0.E0));
#887=LINE('',#886,#885);
#888=DIRECTION('',(0.E0,1.E0,0.E0));
#889=VECTOR('',#888,1.092E1);
#890=CARTESIAN_POINT('',(-1.132E1,1.205E0,0.E0));
#891=LINE('',#890,#889);
#892=DIRECTION('',(0.E0,1.E0,0.E0));
#893=VECTOR('',#892,3.94E0);
#894=CARTESIAN_POINT('',(-1.132E1,-5.145E0,0.E0));
#895=LINE('',#894,#893);
#896=CARTESIAN_POINT('',(-1.189E1,-5.145E0,0.E0));
#897=DIRECTION('',(0.E0,-1.E0,0.E0));
#898=DIRECTION('',(1.E0,0.E0,0.E0));
#899=AXIS2_PLACEMENT_3D('',#896,#897,#898);
#901=DIRECTION('',(0.E0,1.E0,0.E0));
#902=VECTOR('',#901,3.94E0);
#903=CARTESIAN_POINT('',(-1.246E1,-5.145E0,0.E0));
#904=LINE('',#903,#902);
#905=DIRECTION('',(-3.568681169914E-1,9.341547768304E-1,0.E0));
#906=VECTOR('',#905,9.527329111561E-1);
#907=CARTESIAN_POINT('',(-1.132E1,1.2125E1,0.E0));
#908=LINE('',#907,#906);
#909=CARTESIAN_POINT('',(-1.189E1,1.2125E1,0.E0));
#910=DIRECTION('',(0.E0,-1.E0,0.E0));
#911=DIRECTION('',(1.E0,0.E0,0.E0));
#912=AXIS2_PLACEMENT_3D('',#909,#910,#911);
#914=DIRECTION('',(3.568681169914E-1,9.341547768304E-1,0.E0));
#915=VECTOR('',#914,9.527329111561E-1);
#916=CARTESIAN_POINT('',(-1.246E1,1.2125E1,0.E0));
#917=LINE('',#916,#915);
#918=CARTESIAN_POINT('',(-1.189E1,1.2125E1,0.E0));
#919=DIRECTION('',(0.E0,1.E0,0.E0));
#920=DIRECTION('',(1.E0,0.E0,0.E0));
#921=AXIS2_PLACEMENT_3D('',#918,#919,#920);
#923=CARTESIAN_POINT('',(-1.189E1,1.3015E1,0.E0));
#924=DIRECTION('',(0.E0,-1.E0,0.E0));
#925=DIRECTION('',(1.E0,0.E0,0.E0));
#926=AXIS2_PLACEMENT_3D('',#923,#924,#925);
#928=CARTESIAN_POINT('',(-1.189E1,1.3015E1,0.E0));
#929=DIRECTION('',(0.E0,1.E0,0.E0));
#930=DIRECTION('',(1.E0,0.E0,0.E0));
#931=AXIS2_PLACEMENT_3D('',#928,#929,#930);
#933=DIRECTION('',(3.568681169914E-1,9.341547768304E-1,0.E0));
#934=VECTOR('',#933,9.527329111561E-1);
#935=CARTESIAN_POINT('',(-1.166E1,-6.035E0,0.E0));
#936=LINE('',#935,#934);
#937=CARTESIAN_POINT('',(-1.189E1,-6.035E0,0.E0));
#938=DIRECTION('',(0.E0,-1.E0,0.E0));
#939=DIRECTION('',(1.E0,0.E0,0.E0));
#940=AXIS2_PLACEMENT_3D('',#937,#938,#939);
#942=DIRECTION('',(-3.568681169914E-1,9.341547768304E-1,0.E0));
#943=VECTOR('',#942,9.527329111561E-1);
#944=CARTESIAN_POINT('',(-1.212E1,-6.035E0,0.E0));
#945=LINE('',#944,#943);
#946=CARTESIAN_POINT('',(-1.189E1,-6.035E0,0.E0));
#947=DIRECTION('',(0.E0,1.E0,0.E0));
#948=DIRECTION('',(1.E0,0.E0,0.E0));
#949=AXIS2_PLACEMENT_3D('',#946,#947,#948);
#951=DIRECTION('',(0.E0,0.E0,-1.E0));
#952=VECTOR('',#951,5.92E0);
#953=CARTESIAN_POINT('',(-1.08E1,1.205E0,3.47E0));
#954=LINE('',#953,#952);
#955=DIRECTION('',(0.E0,1.E0,0.E0));
#956=VECTOR('',#955,3.8E-1);
#957=CARTESIAN_POINT('',(-1.08E1,1.205E0,-2.45E0));
#958=LINE('',#957,#956);
#959=DIRECTION('',(0.E0,-1.E0,0.E0));
#960=VECTOR('',#959,3.8E-1);
#961=CARTESIAN_POINT('',(-1.298E1,1.585E0,-2.45E0));
#962=LINE('',#961,#960);
#963=DIRECTION('',(0.E0,1.E0,0.E0));
#964=VECTOR('',#963,9.12E0);
#965=CARTESIAN_POINT('',(-1.387E1,-1.585E0,-3.43E0));
#966=LINE('',#965,#964);
#967=DIRECTION('',(0.E0,0.E0,-1.E0));
#968=VECTOR('',#967,6.E-1);
#969=CARTESIAN_POINT('',(-1.387E1,7.535E0,-2.83E0));
#970=LINE('',#969,#968);
#971=DIRECTION('',(0.E0,8.660254037844E-1,-5.E-1));
#972=VECTOR('',#971,7.6E-1);
#973=CARTESIAN_POINT('',(-1.387E1,6.876820693124E0,-2.45E0));
#974=LINE('',#973,#972);
#975=DIRECTION('',(0.E0,-1.E0,0.E0));
#976=VECTOR('',#975,5.291820693124E0);
#977=CARTESIAN_POINT('',(-1.387E1,6.876820693124E0,-2.45E0));
#978=LINE('',#977,#976);
#979=DIRECTION('',(0.E0,0.E0,1.E0));
#980=VECTOR('',#979,5.92E0);
#981=CARTESIAN_POINT('',(-1.387E1,1.585E0,-2.45E0));
#982=LINE('',#981,#980);
#983=DIRECTION('',(0.E0,0.E0,1.E0));
#984=VECTOR('',#983,6.E-1);
#985=CARTESIAN_POINT('',(-2.5E0,7.535E0,-3.43E0));
#986=LINE('',#985,#984);
#987=DIRECTION('',(1.E0,0.E0,0.E0));
#988=VECTOR('',#987,1.137E1);
#989=CARTESIAN_POINT('',(-1.387E1,7.535E0,-3.43E0));
#990=LINE('',#989,#988);
#991=DIRECTION('',(0.E0,0.E0,1.E0));
#992=VECTOR('',#991,6.E-1);
#993=CARTESIAN_POINT('',(-1.48E0,7.535E0,-3.43E0));
#994=LINE('',#993,#992);
#995=DIRECTION('',(1.E0,0.E0,0.E0));
#996=VECTOR('',#995,1.535E1);
#997=CARTESIAN_POINT('',(-1.48E0,7.535E0,-3.43E0));
#998=LINE('',#997,#996);
#999=DIRECTION('',(0.E0,-8.660254037844E-1,5.E-1));
#1000=VECTOR('',#999,7.6E-1);
#1001=CARTESIAN_POINT('',(-2.5E0,7.535E0,-2.83E0));
#1002=LINE('',#1001,#1000);
#1003=DIRECTION('',(1.E0,0.E0,0.E0));
#1004=VECTOR('',#1003,1.137E1);
#1005=CARTESIAN_POINT('',(-1.387E1,7.535E0,-2.83E0));
#1006=LINE('',#1005,#1004);
#1007=DIRECTION('',(0.E0,-8.660254037844E-1,5.E-1));
#1008=VECTOR('',#1007,7.6E-1);
#1009=CARTESIAN_POINT('',(-1.48E0,7.535E0,-2.83E0));
#1010=LINE('',#1009,#1008);
#1011=DIRECTION('',(1.E0,0.E0,0.E0));
#1012=VECTOR('',#1011,1.535E1);
#1013=CARTESIAN_POINT('',(-1.48E0,7.535E0,-2.83E0));
#1014=LINE('',#1013,#1012);
#1015=DIRECTION('',(0.E0,0.E0,-1.E0));
#1016=VECTOR('',#1015,9.8E-1);
#1017=CARTESIAN_POINT('',(-1.48E0,1.585E0,-2.45E0));
#1018=LINE('',#1017,#1016);
#1019=DIRECTION('',(0.E0,-1.E0,0.E0));
#1020=VECTOR('',#1019,5.291820693124E0);
#1021=CARTESIAN_POINT('',(1.387E1,6.876820693124E0,-2.45E0));
#1022=LINE('',#1021,#1020);
#1023=DIRECTION('',(0.E0,-8.660254037844E-1,5.E-1));
#1024=VECTOR('',#1023,7.6E-1);
#1025=CARTESIAN_POINT('',(1.387E1,7.535E0,-2.83E0));
#1026=LINE('',#1025,#1024);
#1027=DIRECTION('',(0.E0,0.E0,1.E0));
#1028=VECTOR('',#1027,6.E-1);
#1029=CARTESIAN_POINT('',(1.387E1,7.535E0,-3.43E0));
#1030=LINE('',#1029,#1028);
#1031=DIRECTION('',(0.E0,0.E0,1.E0));
#1032=VECTOR('',#1031,6.9E0);
#1033=CARTESIAN_POINT('',(1.387E1,-1.585E0,-3.43E0));
#1034=LINE('',#1033,#1032);
#1035=DIRECTION('',(0.E0,0.E0,-1.E0));
#1036=VECTOR('',#1035,6.9E0);
#1037=CARTESIAN_POINT('',(-9.02E0,-1.205E0,3.47E0));
#1038=LINE('',#1037,#1036);
#1039=DIRECTION('',(0.E0,0.E0,-1.E0));
#1040=VECTOR('',#1039,6.9E0);
#1041=CARTESIAN_POINT('',(-6.84E0,-1.205E0,3.47E0));
#1042=LINE('',#1041,#1040);
#1043=CARTESIAN_POINT('',(-7.93E0,-1.205E0,0.E0));
#1044=DIRECTION('',(0.E0,1.E0,0.E0));
#1045=DIRECTION('',(1.E0,0.E0,0.E0));
#1046=AXIS2_PLACEMENT_3D('',#1043,#1044,#1045);
#1048=CARTESIAN_POINT('',(-7.93E0,-1.205E0,0.E0));
#1049=DIRECTION('',(0.E0,1.E0,0.E0));
#1050=DIRECTION('',(-1.E0,0.E0,0.E0));
#1051=AXIS2_PLACEMENT_3D('',#1048,#1049,#1050);
#1053=CARTESIAN_POINT('',(-7.93E0,-5.145E0,0.E0));
#1054=DIRECTION('',(0.E0,1.E0,0.E0));
#1055=DIRECTION('',(1.E0,0.E0,0.E0));
#1056=AXIS2_PLACEMENT_3D('',#1053,#1054,#1055);
#1058=CARTESIAN_POINT('',(-7.93E0,1.205E0,0.E0));
#1059=DIRECTION('',(0.E0,1.E0,0.E0));
#1060=DIRECTION('',(1.E0,0.E0,0.E0));
#1061=AXIS2_PLACEMENT_3D('',#1058,#1059,#1060);
#1063=CARTESIAN_POINT('',(-7.93E0,1.205E0,0.E0));
#1064=DIRECTION('',(0.E0,1.E0,0.E0));
#1065=DIRECTION('',(-1.E0,0.E0,0.E0));
#1066=AXIS2_PLACEMENT_3D('',#1063,#1064,#1065);
#1068=DIRECTION('',(1.E0,0.E0,0.E0));
#1069=VECTOR('',#1068,2.18E0);
#1070=CARTESIAN_POINT('',(-9.02E0,1.205E0,-2.45E0));
#1071=LINE('',#1070,#1069);
#1072=DIRECTION('',(0.E0,0.E0,-1.E0));
#1073=VECTOR('',#1072,5.92E0);
#1074=CARTESIAN_POINT('',(-9.02E0,1.205E0,3.47E0));
#1075=LINE('',#1074,#1073);
#1076=DIRECTION('',(0.E0,1.E0,0.E0));
#1077=VECTOR('',#1076,1.092E1);
#1078=CARTESIAN_POINT('',(-8.5E0,1.205E0,0.E0));
#1079=LINE('',#1078,#1077);
#1080=DIRECTION('',(0.E0,1.E0,0.E0));
#1081=VECTOR('',#1080,1.092E1);
#1082=CARTESIAN_POINT('',(-7.36E0,1.205E0,0.E0));
#1083=LINE('',#1082,#1081);
#1084=DIRECTION('',(0.E0,1.E0,0.E0));
#1085=VECTOR('',#1084,3.94E0);
#1086=CARTESIAN_POINT('',(-7.36E0,-5.145E0,0.E0));
#1087=LINE('',#1086,#1085);
#1088=CARTESIAN_POINT('',(-7.93E0,-5.145E0,0.E0));
#1089=DIRECTION('',(0.E0,-1.E0,0.E0));
#1090=DIRECTION('',(1.E0,0.E0,0.E0));
#1091=AXIS2_PLACEMENT_3D('',#1088,#1089,#1090);
#1093=DIRECTION('',(0.E0,1.E0,0.E0));
#1094=VECTOR('',#1093,3.94E0);
#1095=CARTESIAN_POINT('',(-8.5E0,-5.145E0,0.E0));
#1096=LINE('',#1095,#1094);
#1097=DIRECTION('',(-3.568681169914E-1,9.341547768304E-1,0.E0));
#1098=VECTOR('',#1097,9.527329111561E-1);
#1099=CARTESIAN_POINT('',(-7.36E0,1.2125E1,0.E0));
#1100=LINE('',#1099,#1098);
#1101=CARTESIAN_POINT('',(-7.93E0,1.2125E1,0.E0));
#1102=DIRECTION('',(0.E0,-1.E0,0.E0));
#1103=DIRECTION('',(1.E0,0.E0,0.E0));
#1104=AXIS2_PLACEMENT_3D('',#1101,#1102,#1103);
#1106=DIRECTION('',(3.568681169914E-1,9.341547768304E-1,0.E0));
#1107=VECTOR('',#1106,9.527329111561E-1);
#1108=CARTESIAN_POINT('',(-8.5E0,1.2125E1,0.E0));
#1109=LINE('',#1108,#1107);
#1110=CARTESIAN_POINT('',(-7.93E0,1.2125E1,0.E0));
#1111=DIRECTION('',(0.E0,1.E0,0.E0));
#1112=DIRECTION('',(1.E0,0.E0,0.E0));
#1113=AXIS2_PLACEMENT_3D('',#1110,#1111,#1112);
#1115=CARTESIAN_POINT('',(-7.93E0,1.3015E1,0.E0));
#1116=DIRECTION('',(0.E0,-1.E0,0.E0));
#1117=DIRECTION('',(1.E0,0.E0,0.E0));
#1118=AXIS2_PLACEMENT_3D('',#1115,#1116,#1117);
#1120=CARTESIAN_POINT('',(-7.93E0,1.3015E1,0.E0));
#1121=DIRECTION('',(0.E0,1.E0,0.E0));
#1122=DIRECTION('',(1.E0,0.E0,0.E0));
#1123=AXIS2_PLACEMENT_3D('',#1120,#1121,#1122);
#1125=DIRECTION('',(3.568681169914E-1,9.341547768304E-1,0.E0));
#1126=VECTOR('',#1125,9.527329111561E-1);
#1127=CARTESIAN_POINT('',(-7.7E0,-6.035E0,0.E0));
#1128=LINE('',#1127,#1126);
#1129=CARTESIAN_POINT('',(-7.93E0,-6.035E0,0.E0));
#1130=DIRECTION('',(0.E0,-1.E0,0.E0));
#1131=DIRECTION('',(1.E0,0.E0,0.E0));
#1132=AXIS2_PLACEMENT_3D('',#1129,#1130,#1131);
#1134=DIRECTION('',(-3.568681169914E-1,9.341547768304E-1,0.E0));
#1135=VECTOR('',#1134,9.527329111561E-1);
#1136=CARTESIAN_POINT('',(-8.16E0,-6.035E0,0.E0));
#1137=LINE('',#1136,#1135);
#1138=CARTESIAN_POINT('',(-7.93E0,-6.035E0,0.E0));
#1139=DIRECTION('',(0.E0,1.E0,0.E0));
#1140=DIRECTION('',(1.E0,0.E0,0.E0));
#1141=AXIS2_PLACEMENT_3D('',#1138,#1139,#1140);
#1143=DIRECTION('',(0.E0,1.E0,0.E0));
#1144=VECTOR('',#1143,3.8E-1);
#1145=CARTESIAN_POINT('',(-6.84E0,1.205E0,-2.45E0));
#1146=LINE('',#1145,#1144);
#1147=DIRECTION('',(0.E0,0.E0,-1.E0));
#1148=VECTOR('',#1147,5.92E0);
#1149=CARTESIAN_POINT('',(-6.84E0,1.205E0,3.47E0));
#1150=LINE('',#1149,#1148);
#1151=DIRECTION('',(0.E0,-1.E0,0.E0));
#1152=VECTOR('',#1151,3.8E-1);
#1153=CARTESIAN_POINT('',(-9.02E0,1.585E0,-2.45E0));
#1154=LINE('',#1153,#1152);
#1155=DIRECTION('',(0.E0,0.E0,-1.E0));
#1156=VECTOR('',#1155,6.9E0);
#1157=CARTESIAN_POINT('',(-5.06E0,-1.205E0,3.47E0));
#1158=LINE('',#1157,#1156);
#1159=DIRECTION('',(0.E0,0.E0,-1.E0));
#1160=VECTOR('',#1159,6.9E0);
#1161=CARTESIAN_POINT('',(-2.88E0,-1.205E0,3.47E0));
#1162=LINE('',#1161,#1160);
#1163=CARTESIAN_POINT('',(-3.97E0,-1.205E0,0.E0));
#1164=DIRECTION('',(0.E0,1.E0,0.E0));
#1165=DIRECTION('',(1.E0,0.E0,0.E0));
#1166=AXIS2_PLACEMENT_3D('',#1163,#1164,#1165);
#1168=CARTESIAN_POINT('',(-3.97E0,-1.205E0,0.E0));
#1169=DIRECTION('',(0.E0,1.E0,0.E0));
#1170=DIRECTION('',(-1.E0,0.E0,0.E0));
#1171=AXIS2_PLACEMENT_3D('',#1168,#1169,#1170);
#1173=CARTESIAN_POINT('',(-3.97E0,-5.145E0,0.E0));
#1174=DIRECTION('',(0.E0,1.E0,0.E0));
#1175=DIRECTION('',(1.E0,0.E0,0.E0));
#1176=AXIS2_PLACEMENT_3D('',#1173,#1174,#1175);
#1178=CARTESIAN_POINT('',(-3.97E0,1.205E0,0.E0));
#1179=DIRECTION('',(0.E0,1.E0,0.E0));
#1180=DIRECTION('',(1.E0,0.E0,0.E0));
#1181=AXIS2_PLACEMENT_3D('',#1178,#1179,#1180);
#1183=CARTESIAN_POINT('',(-3.97E0,1.205E0,0.E0));
#1184=DIRECTION('',(0.E0,1.E0,0.E0));
#1185=DIRECTION('',(-1.E0,0.E0,0.E0));
#1186=AXIS2_PLACEMENT_3D('',#1183,#1184,#1185);
#1188=DIRECTION('',(1.E0,0.E0,0.E0));
#1189=VECTOR('',#1188,2.18E0);
#1190=CARTESIAN_POINT('',(-5.06E0,1.205E0,-2.45E0));
#1191=LINE('',#1190,#1189);
#1192=DIRECTION('',(0.E0,0.E0,-1.E0));
#1193=VECTOR('',#1192,5.92E0);
#1194=CARTESIAN_POINT('',(-5.06E0,1.205E0,3.47E0));
#1195=LINE('',#1194,#1193);
#1196=DIRECTION('',(0.E0,1.E0,0.E0));
#1197=VECTOR('',#1196,1.092E1);
#1198=CARTESIAN_POINT('',(-4.54E0,1.205E0,0.E0));
#1199=LINE('',#1198,#1197);
#1200=DIRECTION('',(0.E0,1.E0,0.E0));
#1201=VECTOR('',#1200,1.092E1);
#1202=CARTESIAN_POINT('',(-3.4E0,1.205E0,0.E0));
#1203=LINE('',#1202,#1201);
#1204=DIRECTION('',(0.E0,1.E0,0.E0));
#1205=VECTOR('',#1204,3.94E0);
#1206=CARTESIAN_POINT('',(-3.4E0,-5.145E0,0.E0));
#1207=LINE('',#1206,#1205);
#1208=CARTESIAN_POINT('',(-3.97E0,-5.145E0,0.E0));
#1209=DIRECTION('',(0.E0,-1.E0,0.E0));
#1210=DIRECTION('',(1.E0,0.E0,0.E0));
#1211=AXIS2_PLACEMENT_3D('',#1208,#1209,#1210);
#1213=DIRECTION('',(0.E0,1.E0,0.E0));
#1214=VECTOR('',#1213,3.94E0);
#1215=CARTESIAN_POINT('',(-4.54E0,-5.145E0,0.E0));
#1216=LINE('',#1215,#1214);
#1217=DIRECTION('',(-3.568681169914E-1,9.341547768304E-1,0.E0));
#1218=VECTOR('',#1217,9.527329111561E-1);
#1219=CARTESIAN_POINT('',(-3.4E0,1.2125E1,0.E0));
#1220=LINE('',#1219,#1218);
#1221=CARTESIAN_POINT('',(-3.97E0,1.2125E1,0.E0));
#1222=DIRECTION('',(0.E0,-1.E0,0.E0));
#1223=DIRECTION('',(1.E0,0.E0,0.E0));
#1224=AXIS2_PLACEMENT_3D('',#1221,#1222,#1223);
#1226=DIRECTION('',(3.568681169914E-1,9.341547768304E-1,0.E0));
#1227=VECTOR('',#1226,9.527329111561E-1);
#1228=CARTESIAN_POINT('',(-4.54E0,1.2125E1,0.E0));
#1229=LINE('',#1228,#1227);
#1230=CARTESIAN_POINT('',(-3.97E0,1.2125E1,0.E0));
#1231=DIRECTION('',(0.E0,1.E0,0.E0));
#1232=DIRECTION('',(1.E0,0.E0,0.E0));
#1233=AXIS2_PLACEMENT_3D('',#1230,#1231,#1232);
#1235=CARTESIAN_POINT('',(-3.97E0,1.3015E1,0.E0));
#1236=DIRECTION('',(0.E0,-1.E0,0.E0));
#1237=DIRECTION('',(1.E0,0.E0,0.E0));
#1238=AXIS2_PLACEMENT_3D('',#1235,#1236,#1237);
#1240=CARTESIAN_POINT('',(-3.97E0,1.3015E1,0.E0));
#1241=DIRECTION('',(0.E0,1.E0,0.E0));
#1242=DIRECTION('',(1.E0,0.E0,0.E0));
#1243=AXIS2_PLACEMENT_3D('',#1240,#1241,#1242);
#1245=DIRECTION('',(3.568681169914E-1,9.341547768304E-1,0.E0));
#1246=VECTOR('',#1245,9.527329111561E-1);
#1247=CARTESIAN_POINT('',(-3.74E0,-6.035E0,0.E0));
#1248=LINE('',#1247,#1246);
#1249=CARTESIAN_POINT('',(-3.97E0,-6.035E0,0.E0));
#1250=DIRECTION('',(0.E0,-1.E0,0.E0));
#1251=DIRECTION('',(1.E0,0.E0,0.E0));
#1252=AXIS2_PLACEMENT_3D('',#1249,#1250,#1251);
#1254=DIRECTION('',(-3.568681169914E-1,9.341547768304E-1,0.E0));
#1255=VECTOR('',#1254,9.527329111561E-1);
#1256=CARTESIAN_POINT('',(-4.2E0,-6.035E0,0.E0));
#1257=LINE('',#1256,#1255);
#1258=CARTESIAN_POINT('',(-3.97E0,-6.035E0,0.E0));
#1259=DIRECTION('',(0.E0,1.E0,0.E0));
#1260=DIRECTION('',(1.E0,0.E0,0.E0));
#1261=AXIS2_PLACEMENT_3D('',#1258,#1259,#1260);
#1263=DIRECTION('',(0.E0,-1.E0,0.E0));
#1264=VECTOR('',#1263,3.8E-1);
#1265=CARTESIAN_POINT('',(-5.06E0,1.585E0,-2.45E0));
#1266=LINE('',#1265,#1264);
#1267=DIRECTION('',(0.E0,0.E0,-1.E0));
#1268=VECTOR('',#1267,6.9E0);
#1269=CARTESIAN_POINT('',(-1.1E0,-1.205E0,3.47E0));
#1270=LINE('',#1269,#1268);
#1271=DIRECTION('',(0.E0,0.E0,-1.E0));
#1272=VECTOR('',#1271,6.9E0);
#1273=CARTESIAN_POINT('',(1.08E0,-1.205E0,3.47E0));
#1274=LINE('',#1273,#1272);
#1275=CARTESIAN_POINT('',(-1.E-2,-1.205E0,0.E0));
#1276=DIRECTION('',(0.E0,1.E0,0.E0));
#1277=DIRECTION('',(1.E0,0.E0,0.E0));
#1278=AXIS2_PLACEMENT_3D('',#1275,#1276,#1277);
#1280=CARTESIAN_POINT('',(-1.E-2,-1.205E0,0.E0));
#1281=DIRECTION('',(0.E0,1.E0,0.E0));
#1282=DIRECTION('',(-1.E0,0.E0,0.E0));
#1283=AXIS2_PLACEMENT_3D('',#1280,#1281,#1282);
#1285=CARTESIAN_POINT('',(-1.E-2,-5.145E0,0.E0));
#1286=DIRECTION('',(0.E0,1.E0,0.E0));
#1287=DIRECTION('',(1.E0,0.E0,0.E0));
#1288=AXIS2_PLACEMENT_3D('',#1285,#1286,#1287);
#1290=CARTESIAN_POINT('',(-1.E-2,1.205E0,0.E0));
#1291=DIRECTION('',(0.E0,1.E0,0.E0));
#1292=DIRECTION('',(1.E0,0.E0,0.E0));
#1293=AXIS2_PLACEMENT_3D('',#1290,#1291,#1292);
#1295=CARTESIAN_POINT('',(-1.E-2,1.205E0,0.E0));
#1296=DIRECTION('',(0.E0,1.E0,0.E0));
#1297=DIRECTION('',(-1.E0,0.E0,0.E0));
#1298=AXIS2_PLACEMENT_3D('',#1295,#1296,#1297);
#1300=DIRECTION('',(1.E0,0.E0,0.E0));
#1301=VECTOR('',#1300,2.18E0);
#1302=CARTESIAN_POINT('',(-1.1E0,1.205E0,-2.45E0));
#1303=LINE('',#1302,#1301);
#1304=DIRECTION('',(0.E0,0.E0,-1.E0));
#1305=VECTOR('',#1304,5.92E0);
#1306=CARTESIAN_POINT('',(-1.1E0,1.205E0,3.47E0));
#1307=LINE('',#1306,#1305);
#1308=DIRECTION('',(0.E0,1.E0,0.E0));
#1309=VECTOR('',#1308,1.092E1);
#1310=CARTESIAN_POINT('',(-5.8E-1,1.205E0,0.E0));
#1311=LINE('',#1310,#1309);
#1312=DIRECTION('',(0.E0,1.E0,0.E0));
#1313=VECTOR('',#1312,1.092E1);
#1314=CARTESIAN_POINT('',(5.6E-1,1.205E0,0.E0));
#1315=LINE('',#1314,#1313);
#1316=DIRECTION('',(0.E0,1.E0,0.E0));
#1317=VECTOR('',#1316,3.94E0);
#1318=CARTESIAN_POINT('',(5.6E-1,-5.145E0,0.E0));
#1319=LINE('',#1318,#1317);
#1320=CARTESIAN_POINT('',(-1.E-2,-5.145E0,0.E0));
#1321=DIRECTION('',(0.E0,-1.E0,0.E0));
#1322=DIRECTION('',(1.E0,0.E0,0.E0));
#1323=AXIS2_PLACEMENT_3D('',#1320,#1321,#1322);
#1325=DIRECTION('',(0.E0,1.E0,0.E0));
#1326=VECTOR('',#1325,3.94E0);
#1327=CARTESIAN_POINT('',(-5.8E-1,-5.145E0,0.E0));
#1328=LINE('',#1327,#1326);
#1329=DIRECTION('',(-3.568681169914E-1,9.341547768304E-1,0.E0));
#1330=VECTOR('',#1329,9.527329111561E-1);
#1331=CARTESIAN_POINT('',(5.6E-1,1.2125E1,0.E0));
#1332=LINE('',#1331,#1330);
#1333=CARTESIAN_POINT('',(-1.E-2,1.2125E1,0.E0));
#1334=DIRECTION('',(0.E0,-1.E0,0.E0));
#1335=DIRECTION('',(1.E0,0.E0,0.E0));
#1336=AXIS2_PLACEMENT_3D('',#1333,#1334,#1335);
#1338=DIRECTION('',(3.568681169914E-1,9.341547768304E-1,0.E0));
#1339=VECTOR('',#1338,9.527329111561E-1);
#1340=CARTESIAN_POINT('',(-5.8E-1,1.2125E1,0.E0));
#1341=LINE('',#1340,#1339);
#1342=CARTESIAN_POINT('',(-1.E-2,1.2125E1,0.E0));
#1343=DIRECTION('',(0.E0,1.E0,0.E0));
#1344=DIRECTION('',(1.E0,0.E0,0.E0));
#1345=AXIS2_PLACEMENT_3D('',#1342,#1343,#1344);
#1347=CARTESIAN_POINT('',(-1.E-2,1.3015E1,0.E0));
#1348=DIRECTION('',(0.E0,-1.E0,0.E0));
#1349=DIRECTION('',(1.E0,0.E0,0.E0));
#1350=AXIS2_PLACEMENT_3D('',#1347,#1348,#1349);
#1352=CARTESIAN_POINT('',(-1.E-2,1.3015E1,0.E0));
#1353=DIRECTION('',(0.E0,1.E0,0.E0));
#1354=DIRECTION('',(1.E0,0.E0,0.E0));
#1355=AXIS2_PLACEMENT_3D('',#1352,#1353,#1354);
#1357=DIRECTION('',(3.568681169914E-1,9.341547768304E-1,0.E0));
#1358=VECTOR('',#1357,9.527329111561E-1);
#1359=CARTESIAN_POINT('',(2.2E-1,-6.035E0,0.E0));
#1360=LINE('',#1359,#1358);
#1361=CARTESIAN_POINT('',(-1.E-2,-6.035E0,0.E0));
#1362=DIRECTION('',(0.E0,-1.E0,0.E0));
#1363=DIRECTION('',(1.E0,0.E0,0.E0));
#1364=AXIS2_PLACEMENT_3D('',#1361,#1362,#1363);
#1366=DIRECTION('',(-3.568681169914E-1,9.341547768304E-1,0.E0));
#1367=VECTOR('',#1366,9.527329111561E-1);
#1368=CARTESIAN_POINT('',(-2.4E-1,-6.035E0,0.E0));
#1369=LINE('',#1368,#1367);
#1370=CARTESIAN_POINT('',(-1.E-2,-6.035E0,0.E0));
#1371=DIRECTION('',(0.E0,1.E0,0.E0));
#1372=DIRECTION('',(1.E0,0.E0,0.E0));
#1373=AXIS2_PLACEMENT_3D('',#1370,#1371,#1372);
#1375=DIRECTION('',(0.E0,1.E0,0.E0));
#1376=VECTOR('',#1375,3.8E-1);
#1377=CARTESIAN_POINT('',(1.08E0,1.205E0,-2.45E0));
#1378=LINE('',#1377,#1376);
#1379=DIRECTION('',(0.E0,0.E0,-1.E0));
#1380=VECTOR('',#1379,5.92E0);
#1381=CARTESIAN_POINT('',(1.08E0,1.205E0,3.47E0));
#1382=LINE('',#1381,#1380);
#1383=DIRECTION('',(0.E0,-1.E0,0.E0));
#1384=VECTOR('',#1383,3.8E-1);
#1385=CARTESIAN_POINT('',(-1.1E0,1.585E0,-2.45E0));
#1386=LINE('',#1385,#1384);
#1387=DIRECTION('',(0.E0,0.E0,-1.E0));
#1388=VECTOR('',#1387,6.9E0);
#1389=CARTESIAN_POINT('',(2.86E0,-1.205E0,3.47E0));
#1390=LINE('',#1389,#1388);
#1391=DIRECTION('',(0.E0,0.E0,-1.E0));
#1392=VECTOR('',#1391,6.9E0);
#1393=CARTESIAN_POINT('',(5.04E0,-1.205E0,3.47E0));
#1394=LINE('',#1393,#1392);
#1395=CARTESIAN_POINT('',(3.95E0,-1.205E0,0.E0));
#1396=DIRECTION('',(0.E0,1.E0,0.E0));
#1397=DIRECTION('',(1.E0,0.E0,0.E0));
#1398=AXIS2_PLACEMENT_3D('',#1395,#1396,#1397);
#1400=CARTESIAN_POINT('',(3.95E0,-1.205E0,0.E0));
#1401=DIRECTION('',(0.E0,1.E0,0.E0));
#1402=DIRECTION('',(-1.E0,0.E0,0.E0));
#1403=AXIS2_PLACEMENT_3D('',#1400,#1401,#1402);
#1405=CARTESIAN_POINT('',(3.95E0,-5.145E0,0.E0));
#1406=DIRECTION('',(0.E0,1.E0,0.E0));
#1407=DIRECTION('',(1.E0,0.E0,0.E0));
#1408=AXIS2_PLACEMENT_3D('',#1405,#1406,#1407);
#1410=CARTESIAN_POINT('',(3.95E0,1.205E0,0.E0));
#1411=DIRECTION('',(0.E0,1.E0,0.E0));
#1412=DIRECTION('',(1.E0,0.E0,0.E0));
#1413=AXIS2_PLACEMENT_3D('',#1410,#1411,#1412);
#1415=CARTESIAN_POINT('',(3.95E0,1.205E0,0.E0));
#1416=DIRECTION('',(0.E0,1.E0,0.E0));
#1417=DIRECTION('',(-1.E0,0.E0,0.E0));
#1418=AXIS2_PLACEMENT_3D('',#1415,#1416,#1417);
#1420=DIRECTION('',(1.E0,0.E0,0.E0));
#1421=VECTOR('',#1420,2.18E0);
#1422=CARTESIAN_POINT('',(2.86E0,1.205E0,-2.45E0));
#1423=LINE('',#1422,#1421);
#1424=DIRECTION('',(0.E0,0.E0,-1.E0));
#1425=VECTOR('',#1424,5.92E0);
#1426=CARTESIAN_POINT('',(2.86E0,1.205E0,3.47E0));
#1427=LINE('',#1426,#1425);
#1428=DIRECTION('',(0.E0,1.E0,0.E0));
#1429=VECTOR('',#1428,1.092E1);
#1430=CARTESIAN_POINT('',(3.38E0,1.205E0,0.E0));
#1431=LINE('',#1430,#1429);
#1432=DIRECTION('',(0.E0,1.E0,0.E0));
#1433=VECTOR('',#1432,1.092E1);
#1434=CARTESIAN_POINT('',(4.52E0,1.205E0,0.E0));
#1435=LINE('',#1434,#1433);
#1436=DIRECTION('',(0.E0,1.E0,0.E0));
#1437=VECTOR('',#1436,3.94E0);
#1438=CARTESIAN_POINT('',(4.52E0,-5.145E0,0.E0));
#1439=LINE('',#1438,#1437);
#1440=CARTESIAN_POINT('',(3.95E0,-5.145E0,0.E0));
#1441=DIRECTION('',(0.E0,-1.E0,0.E0));
#1442=DIRECTION('',(1.E0,0.E0,0.E0));
#1443=AXIS2_PLACEMENT_3D('',#1440,#1441,#1442);
#1445=DIRECTION('',(0.E0,1.E0,0.E0));
#1446=VECTOR('',#1445,3.94E0);
#1447=CARTESIAN_POINT('',(3.38E0,-5.145E0,0.E0));
#1448=LINE('',#1447,#1446);
#1449=DIRECTION('',(-3.568681169914E-1,9.341547768304E-1,0.E0));
#1450=VECTOR('',#1449,9.527329111561E-1);
#1451=CARTESIAN_POINT('',(4.52E0,1.2125E1,0.E0));
#1452=LINE('',#1451,#1450);
#1453=CARTESIAN_POINT('',(3.95E0,1.2125E1,0.E0));
#1454=DIRECTION('',(0.E0,-1.E0,0.E0));
#1455=DIRECTION('',(1.E0,0.E0,0.E0));
#1456=AXIS2_PLACEMENT_3D('',#1453,#1454,#1455);
#1458=DIRECTION('',(3.568681169914E-1,9.341547768304E-1,0.E0));
#1459=VECTOR('',#1458,9.527329111561E-1);
#1460=CARTESIAN_POINT('',(3.38E0,1.2125E1,0.E0));
#1461=LINE('',#1460,#1459);
#1462=CARTESIAN_POINT('',(3.95E0,1.2125E1,0.E0));
#1463=DIRECTION('',(0.E0,1.E0,0.E0));
#1464=DIRECTION('',(1.E0,0.E0,0.E0));
#1465=AXIS2_PLACEMENT_3D('',#1462,#1463,#1464);
#1467=CARTESIAN_POINT('',(3.95E0,1.3015E1,0.E0));
#1468=DIRECTION('',(0.E0,-1.E0,0.E0));
#1469=DIRECTION('',(1.E0,0.E0,0.E0));
#1470=AXIS2_PLACEMENT_3D('',#1467,#1468,#1469);
#1472=CARTESIAN_POINT('',(3.95E0,1.3015E1,0.E0));
#1473=DIRECTION('',(0.E0,1.E0,0.E0));
#1474=DIRECTION('',(1.E0,0.E0,0.E0));
#1475=AXIS2_PLACEMENT_3D('',#1472,#1473,#1474);
#1477=DIRECTION('',(3.568681169914E-1,9.341547768304E-1,0.E0));
#1478=VECTOR('',#1477,9.527329111561E-1);
#1479=CARTESIAN_POINT('',(4.18E0,-6.035E0,0.E0));
#1480=LINE('',#1479,#1478);
#1481=CARTESIAN_POINT('',(3.95E0,-6.035E0,0.E0));
#1482=DIRECTION('',(0.E0,-1.E0,0.E0));
#1483=DIRECTION('',(1.E0,0.E0,0.E0));
#1484=AXIS2_PLACEMENT_3D('',#1481,#1482,#1483);
#1486=DIRECTION('',(-3.568681169914E-1,9.341547768304E-1,0.E0));
#1487=VECTOR('',#1486,9.527329111561E-1);
#1488=CARTESIAN_POINT('',(3.72E0,-6.035E0,0.E0));
#1489=LINE('',#1488,#1487);
#1490=CARTESIAN_POINT('',(3.95E0,-6.035E0,0.E0));
#1491=DIRECTION('',(0.E0,1.E0,0.E0));
#1492=DIRECTION('',(1.E0,0.E0,0.E0));
#1493=AXIS2_PLACEMENT_3D('',#1490,#1491,#1492);
#1495=DIRECTION('',(0.E0,1.E0,0.E0));
#1496=VECTOR('',#1495,3.8E-1);
#1497=CARTESIAN_POINT('',(5.04E0,1.205E0,-2.45E0));
#1498=LINE('',#1497,#1496);
#1499=DIRECTION('',(0.E0,0.E0,-1.E0));
#1500=VECTOR('',#1499,5.92E0);
#1501=CARTESIAN_POINT('',(5.04E0,1.205E0,3.47E0));
#1502=LINE('',#1501,#1500);
#1503=DIRECTION('',(0.E0,-1.E0,0.E0));
#1504=VECTOR('',#1503,3.8E-1);
#1505=CARTESIAN_POINT('',(2.86E0,1.585E0,-2.45E0));
#1506=LINE('',#1505,#1504);
#1507=DIRECTION('',(0.E0,0.E0,-1.E0));
#1508=VECTOR('',#1507,6.9E0);
#1509=CARTESIAN_POINT('',(6.82E0,-1.205E0,3.47E0));
#1510=LINE('',#1509,#1508);
#1511=DIRECTION('',(0.E0,0.E0,-1.E0));
#1512=VECTOR('',#1511,6.9E0);
#1513=CARTESIAN_POINT('',(9.E0,-1.205E0,3.47E0));
#1514=LINE('',#1513,#1512);
#1515=CARTESIAN_POINT('',(7.91E0,-1.205E0,0.E0));
#1516=DIRECTION('',(0.E0,1.E0,0.E0));
#1517=DIRECTION('',(1.E0,0.E0,0.E0));
#1518=AXIS2_PLACEMENT_3D('',#1515,#1516,#1517);
#1520=CARTESIAN_POINT('',(7.91E0,-1.205E0,0.E0));
#1521=DIRECTION('',(0.E0,1.E0,0.E0));
#1522=DIRECTION('',(-1.E0,0.E0,0.E0));
#1523=AXIS2_PLACEMENT_3D('',#1520,#1521,#1522);
#1525=CARTESIAN_POINT('',(7.91E0,-5.145E0,0.E0));
#1526=DIRECTION('',(0.E0,1.E0,0.E0));
#1527=DIRECTION('',(1.E0,0.E0,0.E0));
#1528=AXIS2_PLACEMENT_3D('',#1525,#1526,#1527);
#1530=CARTESIAN_POINT('',(7.91E0,1.205E0,0.E0));
#1531=DIRECTION('',(0.E0,1.E0,0.E0));
#1532=DIRECTION('',(1.E0,0.E0,0.E0));
#1533=AXIS2_PLACEMENT_3D('',#1530,#1531,#1532);
#1535=CARTESIAN_POINT('',(7.91E0,1.205E0,0.E0));
#1536=DIRECTION('',(0.E0,1.E0,0.E0));
#1537=DIRECTION('',(-1.E0,0.E0,0.E0));
#1538=AXIS2_PLACEMENT_3D('',#1535,#1536,#1537);
#1540=DIRECTION('',(1.E0,0.E0,0.E0));
#1541=VECTOR('',#1540,2.18E0);
#1542=CARTESIAN_POINT('',(6.82E0,1.205E0,-2.45E0));
#1543=LINE('',#1542,#1541);
#1544=DIRECTION('',(0.E0,0.E0,-1.E0));
#1545=VECTOR('',#1544,5.92E0);
#1546=CARTESIAN_POINT('',(6.82E0,1.205E0,3.47E0));
#1547=LINE('',#1546,#1545);
#1548=DIRECTION('',(0.E0,1.E0,0.E0));
#1549=VECTOR('',#1548,1.092E1);
#1550=CARTESIAN_POINT('',(7.34E0,1.205E0,0.E0));
#1551=LINE('',#1550,#1549);
#1552=DIRECTION('',(0.E0,1.E0,0.E0));
#1553=VECTOR('',#1552,1.092E1);
#1554=CARTESIAN_POINT('',(8.48E0,1.205E0,0.E0));
#1555=LINE('',#1554,#1553);
#1556=DIRECTION('',(0.E0,1.E0,0.E0));
#1557=VECTOR('',#1556,3.94E0);
#1558=CARTESIAN_POINT('',(8.48E0,-5.145E0,0.E0));
#1559=LINE('',#1558,#1557);
#1560=CARTESIAN_POINT('',(7.91E0,-5.145E0,0.E0));
#1561=DIRECTION('',(0.E0,-1.E0,0.E0));
#1562=DIRECTION('',(1.E0,0.E0,0.E0));
#1563=AXIS2_PLACEMENT_3D('',#1560,#1561,#1562);
#1565=DIRECTION('',(0.E0,1.E0,0.E0));
#1566=VECTOR('',#1565,3.94E0);
#1567=CARTESIAN_POINT('',(7.34E0,-5.145E0,0.E0));
#1568=LINE('',#1567,#1566);
#1569=DIRECTION('',(-3.568681169914E-1,9.341547768304E-1,0.E0));
#1570=VECTOR('',#1569,9.527329111561E-1);
#1571=CARTESIAN_POINT('',(8.48E0,1.2125E1,0.E0));
#1572=LINE('',#1571,#1570);
#1573=CARTESIAN_POINT('',(7.91E0,1.2125E1,0.E0));
#1574=DIRECTION('',(0.E0,-1.E0,0.E0));
#1575=DIRECTION('',(1.E0,0.E0,0.E0));
#1576=AXIS2_PLACEMENT_3D('',#1573,#1574,#1575);
#1578=DIRECTION('',(3.568681169914E-1,9.341547768304E-1,0.E0));
#1579=VECTOR('',#1578,9.527329111561E-1);
#1580=CARTESIAN_POINT('',(7.34E0,1.2125E1,0.E0));
#1581=LINE('',#1580,#1579);
#1582=CARTESIAN_POINT('',(7.91E0,1.2125E1,0.E0));
#1583=DIRECTION('',(0.E0,1.E0,0.E0));
#1584=DIRECTION('',(1.E0,0.E0,0.E0));
#1585=AXIS2_PLACEMENT_3D('',#1582,#1583,#1584);
#1587=CARTESIAN_POINT('',(7.91E0,1.3015E1,0.E0));
#1588=DIRECTION('',(0.E0,-1.E0,0.E0));
#1589=DIRECTION('',(1.E0,0.E0,0.E0));
#1590=AXIS2_PLACEMENT_3D('',#1587,#1588,#1589);
#1592=CARTESIAN_POINT('',(7.91E0,1.3015E1,0.E0));
#1593=DIRECTION('',(0.E0,1.E0,0.E0));
#1594=DIRECTION('',(1.E0,0.E0,0.E0));
#1595=AXIS2_PLACEMENT_3D('',#1592,#1593,#1594);
#1597=DIRECTION('',(3.568681169914E-1,9.341547768304E-1,0.E0));
#1598=VECTOR('',#1597,9.527329111561E-1);
#1599=CARTESIAN_POINT('',(8.14E0,-6.035E0,0.E0));
#1600=LINE('',#1599,#1598);
#1601=CARTESIAN_POINT('',(7.91E0,-6.035E0,0.E0));
#1602=DIRECTION('',(0.E0,-1.E0,0.E0));
#1603=DIRECTION('',(1.E0,0.E0,0.E0));
#1604=AXIS2_PLACEMENT_3D('',#1601,#1602,#1603);
#1606=DIRECTION('',(-3.568681169914E-1,9.341547768304E-1,0.E0));
#1607=VECTOR('',#1606,9.527329111561E-1);
#1608=CARTESIAN_POINT('',(7.68E0,-6.035E0,0.E0));
#1609=LINE('',#1608,#1607);
#1610=CARTESIAN_POINT('',(7.91E0,-6.035E0,0.E0));
#1611=DIRECTION('',(0.E0,1.E0,0.E0));
#1612=DIRECTION('',(1.E0,0.E0,0.E0));
#1613=AXIS2_PLACEMENT_3D('',#1610,#1611,#1612);
#1615=DIRECTION('',(0.E0,1.E0,0.E0));
#1616=VECTOR('',#1615,3.8E-1);
#1617=CARTESIAN_POINT('',(9.E0,1.205E0,-2.45E0));
#1618=LINE('',#1617,#1616);
#1619=DIRECTION('',(0.E0,0.E0,-1.E0));
#1620=VECTOR('',#1619,5.92E0);
#1621=CARTESIAN_POINT('',(9.E0,1.205E0,3.47E0));
#1622=LINE('',#1621,#1620);
#1623=DIRECTION('',(0.E0,-1.E0,0.E0));
#1624=VECTOR('',#1623,3.8E-1);
#1625=CARTESIAN_POINT('',(6.82E0,1.585E0,-2.45E0));
#1626=LINE('',#1625,#1624);
#1627=DIRECTION('',(0.E0,-1.E0,0.E0));
#1628=VECTOR('',#1627,3.17E0);
#1629=CARTESIAN_POINT('',(-1.042E1,1.585E0,-1.5E0));
#1630=LINE('',#1629,#1628);
#1631=DIRECTION('',(0.E0,-1.E0,0.E0));
#1632=VECTOR('',#1631,3.17E0);
#1633=CARTESIAN_POINT('',(-1.042E1,1.585E0,1.5E0));
#1634=LINE('',#1633,#1632);
#1635=DIRECTION('',(0.E0,-1.E0,0.E0));
#1636=VECTOR('',#1635,3.17E0);
#1637=CARTESIAN_POINT('',(-9.4E0,1.585E0,1.5E0));
#1638=LINE('',#1637,#1636);
#1639=DIRECTION('',(0.E0,-1.E0,0.E0));
#1640=VECTOR('',#1639,3.17E0);
#1641=CARTESIAN_POINT('',(-9.4E0,1.585E0,-1.5E0));
#1642=LINE('',#1641,#1640);
#1643=DIRECTION('',(0.E0,-1.E0,0.E0));
#1644=VECTOR('',#1643,3.17E0);
#1645=CARTESIAN_POINT('',(-6.46E0,1.585E0,-1.5E0));
#1646=LINE('',#1645,#1644);
#1647=DIRECTION('',(0.E0,-1.E0,0.E0));
#1648=VECTOR('',#1647,3.17E0);
#1649=CARTESIAN_POINT('',(-6.46E0,1.585E0,1.5E0));
#1650=LINE('',#1649,#1648);
#1651=DIRECTION('',(0.E0,-1.E0,0.E0));
#1652=VECTOR('',#1651,3.17E0);
#1653=CARTESIAN_POINT('',(-5.44E0,1.585E0,1.5E0));
#1654=LINE('',#1653,#1652);
#1655=DIRECTION('',(0.E0,-1.E0,0.E0));
#1656=VECTOR('',#1655,3.17E0);
#1657=CARTESIAN_POINT('',(-5.44E0,1.585E0,-1.5E0));
#1658=LINE('',#1657,#1656);
#1659=DIRECTION('',(0.E0,-1.E0,0.E0));
#1660=VECTOR('',#1659,3.17E0);
#1661=CARTESIAN_POINT('',(-2.5E0,1.585E0,-1.5E0));
#1662=LINE('',#1661,#1660);
#1663=DIRECTION('',(0.E0,-1.E0,0.E0));
#1664=VECTOR('',#1663,3.17E0);
#1665=CARTESIAN_POINT('',(-2.5E0,1.585E0,1.5E0));
#1666=LINE('',#1665,#1664);
#1667=DIRECTION('',(0.E0,-1.E0,0.E0));
#1668=VECTOR('',#1667,3.17E0);
#1669=CARTESIAN_POINT('',(-1.48E0,1.585E0,1.5E0));
#1670=LINE('',#1669,#1668);
#1671=DIRECTION('',(0.E0,-1.E0,0.E0));
#1672=VECTOR('',#1671,3.17E0);
#1673=CARTESIAN_POINT('',(-1.48E0,1.585E0,-1.5E0));
#1674=LINE('',#1673,#1672);
#1675=DIRECTION('',(0.E0,-1.E0,0.E0));
#1676=VECTOR('',#1675,3.17E0);
#1677=CARTESIAN_POINT('',(1.46E0,1.585E0,-1.5E0));
#1678=LINE('',#1677,#1676);
#1679=DIRECTION('',(0.E0,-1.E0,0.E0));
#1680=VECTOR('',#1679,3.17E0);
#1681=CARTESIAN_POINT('',(1.46E0,1.585E0,1.5E0));
#1682=LINE('',#1681,#1680);
#1683=DIRECTION('',(0.E0,-1.E0,0.E0));
#1684=VECTOR('',#1683,3.17E0);
#1685=CARTESIAN_POINT('',(2.48E0,1.585E0,1.5E0));
#1686=LINE('',#1685,#1684);
#1687=DIRECTION('',(0.E0,-1.E0,0.E0));
#1688=VECTOR('',#1687,3.17E0);
#1689=CARTESIAN_POINT('',(2.48E0,1.585E0,-1.5E0));
#1690=LINE('',#1689,#1688);
#1691=DIRECTION('',(0.E0,-1.E0,0.E0));
#1692=VECTOR('',#1691,3.17E0);
#1693=CARTESIAN_POINT('',(5.42E0,1.585E0,-1.5E0));
#1694=LINE('',#1693,#1692);
#1695=DIRECTION('',(0.E0,-1.E0,0.E0));
#1696=VECTOR('',#1695,3.17E0);
#1697=CARTESIAN_POINT('',(5.42E0,1.585E0,1.5E0));
#1698=LINE('',#1697,#1696);
#1699=DIRECTION('',(0.E0,-1.E0,0.E0));
#1700=VECTOR('',#1699,3.17E0);
#1701=CARTESIAN_POINT('',(6.44E0,1.585E0,1.5E0));
#1702=LINE('',#1701,#1700);
#1703=DIRECTION('',(0.E0,-1.E0,0.E0));
#1704=VECTOR('',#1703,3.17E0);
#1705=CARTESIAN_POINT('',(6.44E0,1.585E0,-1.5E0));
#1706=LINE('',#1705,#1704);
#1707=DIRECTION('',(0.E0,-1.E0,0.E0));
#1708=VECTOR('',#1707,3.17E0);
#1709=CARTESIAN_POINT('',(9.38E0,1.585E0,-1.5E0));
#1710=LINE('',#1709,#1708);
#1711=DIRECTION('',(0.E0,-1.E0,0.E0));
#1712=VECTOR('',#1711,3.17E0);
#1713=CARTESIAN_POINT('',(9.38E0,1.585E0,1.5E0));
#1714=LINE('',#1713,#1712);
#1715=DIRECTION('',(0.E0,-1.E0,0.E0));
#1716=VECTOR('',#1715,3.17E0);
#1717=CARTESIAN_POINT('',(1.04E1,1.585E0,1.5E0));
#1718=LINE('',#1717,#1716);
#1719=DIRECTION('',(0.E0,-1.E0,0.E0));
#1720=VECTOR('',#1719,3.17E0);
#1721=CARTESIAN_POINT('',(1.04E1,1.585E0,-1.5E0));
#1722=LINE('',#1721,#1720);
#1723=DIRECTION('',(3.568681169914E-1,9.341547768304E-1,0.E0));
#1724=VECTOR('',#1723,9.527329111561E-1);
#1725=CARTESIAN_POINT('',(1.21E1,-6.035E0,0.E0));
#1726=LINE('',#1725,#1724);
#1727=CARTESIAN_POINT('',(1.187E1,-6.035E0,0.E0));
#1728=DIRECTION('',(0.E0,-1.E0,0.E0));
#1729=DIRECTION('',(1.E0,0.E0,0.E0));
#1730=AXIS2_PLACEMENT_3D('',#1727,#1728,#1729);
#1732=DIRECTION('',(-3.568681169914E-1,9.341547768304E-1,0.E0));
#1733=VECTOR('',#1732,9.527329111561E-1);
#1734=CARTESIAN_POINT('',(1.164E1,-6.035E0,0.E0));
#1735=LINE('',#1734,#1733);
#1736=CARTESIAN_POINT('',(1.187E1,-6.035E0,0.E0));
#1737=DIRECTION('',(0.E0,1.E0,0.E0));
#1738=DIRECTION('',(1.E0,0.E0,0.E0));
#1739=AXIS2_PLACEMENT_3D('',#1736,#1737,#1738);
#1741=DIRECTION('',(0.E0,1.E0,0.E0));
#1742=VECTOR('',#1741,3.8E-1);
#1743=CARTESIAN_POINT('',(1.296E1,1.205E0,-2.45E0));
#1744=LINE('',#1743,#1742);
#1745=DIRECTION('',(0.E0,0.E0,-1.E0));
#1746=VECTOR('',#1745,5.92E0);
#1747=CARTESIAN_POINT('',(1.296E1,1.205E0,3.47E0));
#1748=LINE('',#1747,#1746);
#1749=CARTESIAN_POINT('',(-1.387E1,1.585E0,3.47E0));
#1750=CARTESIAN_POINT('',(-1.387E1,-1.585E0,3.47E0));
#1751=VERTEX_POINT('',#1749);
#1752=VERTEX_POINT('',#1750);
#1753=CARTESIAN_POINT('',(1.387E1,-1.585E0,3.47E0));
#1754=CARTESIAN_POINT('',(1.387E1,1.585E0,3.47E0));
#1755=VERTEX_POINT('',#1753);
#1756=VERTEX_POINT('',#1754);
#1757=CARTESIAN_POINT('',(-1.387E1,-1.585E0,-3.43E0));
#1758=VERTEX_POINT('',#1757);
#1759=CARTESIAN_POINT('',(1.387E1,-1.585E0,-3.43E0));
#1760=VERTEX_POINT('',#1759);
#1761=CARTESIAN_POINT('',(-1.08E1,-1.585E0,-3.43E0));
#1762=CARTESIAN_POINT('',(-1.08E1,-1.205E0,-3.43E0));
#1763=VERTEX_POINT('',#1761);
#1764=VERTEX_POINT('',#1762);
#1765=CARTESIAN_POINT('',(-1.298E1,-1.205E0,-3.43E0));
#1766=VERTEX_POINT('',#1765);
#1767=CARTESIAN_POINT('',(-1.298E1,-1.585E0,-3.43E0));
#1768=VERTEX_POINT('',#1767);
#1769=CARTESIAN_POINT('',(-1.298E1,1.585E0,3.47E0));
#1770=CARTESIAN_POINT('',(-1.298E1,1.205E0,3.47E0));
#1771=VERTEX_POINT('',#1769);
#1772=VERTEX_POINT('',#1770);
#1773=CARTESIAN_POINT('',(-1.08E1,1.205E0,3.47E0));
#1774=VERTEX_POINT('',#1773);
#1775=CARTESIAN_POINT('',(-1.08E1,1.585E0,3.47E0));
#1776=VERTEX_POINT('',#1775);
#1777=CARTESIAN_POINT('',(-1.08E1,-1.585E0,3.47E0));
#1778=CARTESIAN_POINT('',(-1.08E1,-1.205E0,3.47E0));
#1779=VERTEX_POINT('',#1777);
#1780=VERTEX_POINT('',#1778);
#1781=CARTESIAN_POINT('',(-1.298E1,-1.205E0,3.47E0));
#1782=VERTEX_POINT('',#1781);
#1783=CARTESIAN_POINT('',(-1.298E1,-1.585E0,3.47E0));
#1784=VERTEX_POINT('',#1783);
#1785=CARTESIAN_POINT('',(-2.5E0,7.535E0,-3.43E0));
#1786=CARTESIAN_POINT('',(-2.5E0,1.585E0,-3.43E0));
#1787=VERTEX_POINT('',#1785);
#1788=VERTEX_POINT('',#1786);
#1789=CARTESIAN_POINT('',(-1.48E0,1.585E0,-3.43E0));
#1790=VERTEX_POINT('',#1789);
#1791=CARTESIAN_POINT('',(-1.48E0,7.535E0,-3.43E0));
#1792=VERTEX_POINT('',#1791);
#1793=CARTESIAN_POINT('',(-2.5E0,1.585E0,-2.45E0));
#1794=VERTEX_POINT('',#1793);
#1795=CARTESIAN_POINT('',(-1.48E0,1.585E0,-2.45E0));
#1796=VERTEX_POINT('',#1795);
#1797=CARTESIAN_POINT('',(-1.042E1,-1.585E0,-1.5E0));
#1798=CARTESIAN_POINT('',(-1.042E1,-1.585E0,1.5E0));
#1799=VERTEX_POINT('',#1797);
#1800=VERTEX_POINT('',#1798);
#1801=CARTESIAN_POINT('',(-9.4E0,-1.585E0,1.5E0));
#1802=VERTEX_POINT('',#1801);
#1803=CARTESIAN_POINT('',(-9.4E0,-1.585E0,-1.5E0));
#1804=VERTEX_POINT('',#1803);
#1805=CARTESIAN_POINT('',(-1.042E1,1.585E0,-1.5E0));
#1806=CARTESIAN_POINT('',(-1.042E1,1.585E0,1.5E0));
#1807=VERTEX_POINT('',#1805);
#1808=VERTEX_POINT('',#1806);
#1809=CARTESIAN_POINT('',(-9.4E0,1.585E0,1.5E0));
#1810=VERTEX_POINT('',#1809);
#1811=CARTESIAN_POINT('',(-9.4E0,1.585E0,-1.5E0));
#1812=VERTEX_POINT('',#1811);
#1813=CARTESIAN_POINT('',(1.387E1,7.535E0,-3.43E0));
#1814=CARTESIAN_POINT('',(1.387E1,7.535E0,-2.83E0));
#1815=VERTEX_POINT('',#1813);
#1816=VERTEX_POINT('',#1814);
#1817=CARTESIAN_POINT('',(1.387E1,6.876820693124E0,-2.45E0));
#1818=VERTEX_POINT('',#1817);
#1819=CARTESIAN_POINT('',(-1.387E1,7.535E0,-2.83E0));
#1820=CARTESIAN_POINT('',(-1.387E1,7.535E0,-3.43E0));
#1821=VERTEX_POINT('',#1819);
#1822=VERTEX_POINT('',#1820);
#1823=CARTESIAN_POINT('',(-1.387E1,6.876820693124E0,-2.45E0));
#1824=VERTEX_POINT('',#1823);
#1825=CARTESIAN_POINT('',(1.387E1,1.585E0,-2.45E0));
#1826=CARTESIAN_POINT('',(1.296E1,1.585E0,-2.45E0));
#1827=VERTEX_POINT('',#1825);
#1828=VERTEX_POINT('',#1826);
#1829=CARTESIAN_POINT('',(-1.387E1,1.585E0,-2.45E0));
#1830=VERTEX_POINT('',#1829);
#1831=CARTESIAN_POINT('',(1.078E1,1.585E0,-2.45E0));
#1832=CARTESIAN_POINT('',(9.E0,1.585E0,-2.45E0));
#1833=VERTEX_POINT('',#1831);
#1834=VERTEX_POINT('',#1832);
#1835=CARTESIAN_POINT('',(-1.298E1,1.585E0,-2.45E0));
#1836=VERTEX_POINT('',#1835);
#1837=CARTESIAN_POINT('',(-1.08E1,1.585E0,-2.45E0));
#1838=VERTEX_POINT('',#1837);
#1839=CARTESIAN_POINT('',(-1.166E1,-6.035E0,0.E0));
#1840=CARTESIAN_POINT('',(-1.132E1,-5.145E0,0.E0));
#1841=VERTEX_POINT('',#1839);
#1842=VERTEX_POINT('',#1840);
#1843=CARTESIAN_POINT('',(-1.132E1,1.2125E1,0.E0));
#1844=CARTESIAN_POINT('',(-1.166E1,1.3015E1,0.E0));
#1845=VERTEX_POINT('',#1843);
#1846=VERTEX_POINT('',#1844);
#1847=CARTESIAN_POINT('',(-1.212E1,-6.035E0,0.E0));
#1848=CARTESIAN_POINT('',(-1.246E1,-5.145E0,0.E0));
#1849=VERTEX_POINT('',#1847);
#1850=VERTEX_POINT('',#1848);
#1851=CARTESIAN_POINT('',(-1.246E1,1.2125E1,0.E0));
#1852=CARTESIAN_POINT('',(-1.212E1,1.3015E1,0.E0));
#1853=VERTEX_POINT('',#1851);
#1854=VERTEX_POINT('',#1852);
#1855=CARTESIAN_POINT('',(-1.132E1,1.205E0,0.E0));
#1856=CARTESIAN_POINT('',(-1.246E1,1.205E0,0.E0));
#1857=VERTEX_POINT('',#1855);
#1858=VERTEX_POINT('',#1856);
#1859=CARTESIAN_POINT('',(-1.132E1,-1.205E0,0.E0));
#1860=CARTESIAN_POINT('',(-1.246E1,-1.205E0,0.E0));
#1861=VERTEX_POINT('',#1859);
#1862=VERTEX_POINT('',#1860);
#1863=CARTESIAN_POINT('',(-1.298E1,1.205E0,-2.45E0));
#1864=VERTEX_POINT('',#1863);
#1865=CARTESIAN_POINT('',(-1.08E1,1.205E0,-2.45E0));
#1866=VERTEX_POINT('',#1865);
#1867=CARTESIAN_POINT('',(-2.5E0,7.535E0,-2.83E0));
#1868=VERTEX_POINT('',#1867);
#1869=CARTESIAN_POINT('',(-1.48E0,7.535E0,-2.83E0));
#1870=VERTEX_POINT('',#1869);
#1871=CARTESIAN_POINT('',(-2.5E0,6.876820693124E0,-2.45E0));
#1872=VERTEX_POINT('',#1871);
#1873=CARTESIAN_POINT('',(-1.48E0,6.876820693124E0,-2.45E0));
#1874=VERTEX_POINT('',#1873);
#1875=CARTESIAN_POINT('',(-6.84E0,-1.585E0,-3.43E0));
#1876=CARTESIAN_POINT('',(-6.84E0,-1.205E0,-3.43E0));
#1877=VERTEX_POINT('',#1875);
#1878=VERTEX_POINT('',#1876);
#1879=CARTESIAN_POINT('',(-9.02E0,-1.205E0,-3.43E0));
#1880=VERTEX_POINT('',#1879);
#1881=CARTESIAN_POINT('',(-9.02E0,-1.585E0,-3.43E0));
#1882=VERTEX_POINT('',#1881);
#1883=CARTESIAN_POINT('',(-9.02E0,1.585E0,3.47E0));
#1884=CARTESIAN_POINT('',(-9.02E0,1.205E0,3.47E0));
#1885=VERTEX_POINT('',#1883);
#1886=VERTEX_POINT('',#1884);
#1887=CARTESIAN_POINT('',(-6.84E0,1.205E0,3.47E0));
#1888=VERTEX_POINT('',#1887);
#1889=CARTESIAN_POINT('',(-6.84E0,1.585E0,3.47E0));
#1890=VERTEX_POINT('',#1889);
#1891=CARTESIAN_POINT('',(-6.84E0,-1.585E0,3.47E0));
#1892=CARTESIAN_POINT('',(-6.84E0,-1.205E0,3.47E0));
#1893=VERTEX_POINT('',#1891);
#1894=VERTEX_POINT('',#1892);
#1895=CARTESIAN_POINT('',(-9.02E0,-1.205E0,3.47E0));
#1896=VERTEX_POINT('',#1895);
#1897=CARTESIAN_POINT('',(-9.02E0,-1.585E0,3.47E0));
#1898=VERTEX_POINT('',#1897);
#1899=CARTESIAN_POINT('',(-2.88E0,-1.585E0,-3.43E0));
#1900=CARTESIAN_POINT('',(-2.88E0,-1.205E0,-3.43E0));
#1901=VERTEX_POINT('',#1899);
#1902=VERTEX_POINT('',#1900);
#1903=CARTESIAN_POINT('',(-5.06E0,-1.205E0,-3.43E0));
#1904=VERTEX_POINT('',#1903);
#1905=CARTESIAN_POINT('',(-5.06E0,-1.585E0,-3.43E0));
#1906=VERTEX_POINT('',#1905);
#1907=CARTESIAN_POINT('',(-5.06E0,1.585E0,3.47E0));
#1908=CARTESIAN_POINT('',(-5.06E0,1.205E0,3.47E0));
#1909=VERTEX_POINT('',#1907);
#1910=VERTEX_POINT('',#1908);
#1911=CARTESIAN_POINT('',(-2.88E0,1.205E0,3.47E0));
#1912=VERTEX_POINT('',#1911);
#1913=CARTESIAN_POINT('',(-2.88E0,1.585E0,3.47E0));
#1914=VERTEX_POINT('',#1913);
#1915=CARTESIAN_POINT('',(-2.88E0,-1.585E0,3.47E0));
#1916=CARTESIAN_POINT('',(-2.88E0,-1.205E0,3.47E0));
#1917=VERTEX_POINT('',#1915);
#1918=VERTEX_POINT('',#1916);
#1919=CARTESIAN_POINT('',(-5.06E0,-1.205E0,3.47E0));
#1920=VERTEX_POINT('',#1919);
#1921=CARTESIAN_POINT('',(-5.06E0,-1.585E0,3.47E0));
#1922=VERTEX_POINT('',#1921);
#1923=CARTESIAN_POINT('',(1.08E0,-1.585E0,-3.43E0));
#1924=CARTESIAN_POINT('',(1.08E0,-1.205E0,-3.43E0));
#1925=VERTEX_POINT('',#1923);
#1926=VERTEX_POINT('',#1924);
#1927=CARTESIAN_POINT('',(-1.1E0,-1.205E0,-3.43E0));
#1928=VERTEX_POINT('',#1927);
#1929=CARTESIAN_POINT('',(-1.1E0,-1.585E0,-3.43E0));
#1930=VERTEX_POINT('',#1929);
#1931=CARTESIAN_POINT('',(-1.1E0,1.585E0,3.47E0));
#1932=CARTESIAN_POINT('',(-1.1E0,1.205E0,3.47E0));
#1933=VERTEX_POINT('',#1931);
#1934=VERTEX_POINT('',#1932);
#1935=CARTESIAN_POINT('',(1.08E0,1.205E0,3.47E0));
#1936=VERTEX_POINT('',#1935);
#1937=CARTESIAN_POINT('',(1.08E0,1.585E0,3.47E0));
#1938=VERTEX_POINT('',#1937);
#1939=CARTESIAN_POINT('',(1.08E0,-1.585E0,3.47E0));
#1940=CARTESIAN_POINT('',(1.08E0,-1.205E0,3.47E0));
#1941=VERTEX_POINT('',#1939);
#1942=VERTEX_POINT('',#1940);
#1943=CARTESIAN_POINT('',(-1.1E0,-1.205E0,3.47E0));
#1944=VERTEX_POINT('',#1943);
#1945=CARTESIAN_POINT('',(-1.1E0,-1.585E0,3.47E0));
#1946=VERTEX_POINT('',#1945);
#1947=CARTESIAN_POINT('',(5.04E0,-1.585E0,-3.43E0));
#1948=CARTESIAN_POINT('',(5.04E0,-1.205E0,-3.43E0));
#1949=VERTEX_POINT('',#1947);
#1950=VERTEX_POINT('',#1948);
#1951=CARTESIAN_POINT('',(2.86E0,-1.205E0,-3.43E0));
#1952=VERTEX_POINT('',#1951);
#1953=CARTESIAN_POINT('',(2.86E0,-1.585E0,-3.43E0));
#1954=VERTEX_POINT('',#1953);
#1955=CARTESIAN_POINT('',(2.86E0,1.585E0,3.47E0));
#1956=CARTESIAN_POINT('',(2.86E0,1.205E0,3.47E0));
#1957=VERTEX_POINT('',#1955);
#1958=VERTEX_POINT('',#1956);
#1959=CARTESIAN_POINT('',(5.04E0,1.205E0,3.47E0));
#1960=VERTEX_POINT('',#1959);
#1961=CARTESIAN_POINT('',(5.04E0,1.585E0,3.47E0));
#1962=VERTEX_POINT('',#1961);
#1963=CARTESIAN_POINT('',(5.04E0,-1.585E0,3.47E0));
#1964=CARTESIAN_POINT('',(5.04E0,-1.205E0,3.47E0));
#1965=VERTEX_POINT('',#1963);
#1966=VERTEX_POINT('',#1964);
#1967=CARTESIAN_POINT('',(2.86E0,-1.205E0,3.47E0));
#1968=VERTEX_POINT('',#1967);
#1969=CARTESIAN_POINT('',(2.86E0,-1.585E0,3.47E0));
#1970=VERTEX_POINT('',#1969);
#1971=CARTESIAN_POINT('',(6.82E0,1.585E0,-2.45E0));
#1972=CARTESIAN_POINT('',(5.04E0,1.585E0,-2.45E0));
#1973=VERTEX_POINT('',#1971);
#1974=VERTEX_POINT('',#1972);
#1975=CARTESIAN_POINT('',(2.86E0,1.585E0,-2.45E0));
#1976=CARTESIAN_POINT('',(1.08E0,1.585E0,-2.45E0));
#1977=VERTEX_POINT('',#1975);
#1978=VERTEX_POINT('',#1976);
#1979=CARTESIAN_POINT('',(-5.06E0,1.585E0,-2.45E0));
#1980=CARTESIAN_POINT('',(-6.84E0,1.585E0,-2.45E0));
#1981=VERTEX_POINT('',#1979);
#1982=VERTEX_POINT('',#1980);
#1983=CARTESIAN_POINT('',(-9.02E0,1.585E0,-2.45E0));
#1984=CARTESIAN_POINT('',(-9.02E0,1.205E0,-2.45E0));
#1985=VERTEX_POINT('',#1983);
#1986=VERTEX_POINT('',#1984);
#1987=CARTESIAN_POINT('',(-6.84E0,1.205E0,-2.45E0));
#1988=VERTEX_POINT('',#1987);
#1989=CARTESIAN_POINT('',(-5.06E0,1.205E0,-2.45E0));
#1990=VERTEX_POINT('',#1989);
#1991=CARTESIAN_POINT('',(-2.88E0,1.205E0,-2.45E0));
#1992=VERTEX_POINT('',#1991);
#1993=CARTESIAN_POINT('',(-2.88E0,1.585E0,-2.45E0));
#1994=VERTEX_POINT('',#1993);
#1995=CARTESIAN_POINT('',(-1.1E0,1.585E0,-2.45E0));
#1996=CARTESIAN_POINT('',(-1.1E0,1.205E0,-2.45E0));
#1997=VERTEX_POINT('',#1995);
#1998=VERTEX_POINT('',#1996);
#1999=CARTESIAN_POINT('',(1.08E0,1.205E0,-2.45E0));
#2000=VERTEX_POINT('',#1999);
#2001=CARTESIAN_POINT('',(2.86E0,1.205E0,-2.45E0));
#2002=VERTEX_POINT('',#2001);
#2003=CARTESIAN_POINT('',(5.04E0,1.205E0,-2.45E0));
#2004=VERTEX_POINT('',#2003);
#2005=CARTESIAN_POINT('',(-7.7E0,-6.035E0,0.E0));
#2006=CARTESIAN_POINT('',(-7.36E0,-5.145E0,0.E0));
#2007=VERTEX_POINT('',#2005);
#2008=VERTEX_POINT('',#2006);
#2009=CARTESIAN_POINT('',(-7.36E0,1.2125E1,0.E0));
#2010=CARTESIAN_POINT('',(-7.7E0,1.3015E1,0.E0));
#2011=VERTEX_POINT('',#2009);
#2012=VERTEX_POINT('',#2010);
#2013=CARTESIAN_POINT('',(-8.16E0,-6.035E0,0.E0));
#2014=CARTESIAN_POINT('',(-8.5E0,-5.145E0,0.E0));
#2015=VERTEX_POINT('',#2013);
#2016=VERTEX_POINT('',#2014);
#2017=CARTESIAN_POINT('',(-8.5E0,1.2125E1,0.E0));
#2018=CARTESIAN_POINT('',(-8.16E0,1.3015E1,0.E0));
#2019=VERTEX_POINT('',#2017);
#2020=VERTEX_POINT('',#2018);
#2021=CARTESIAN_POINT('',(-7.36E0,1.205E0,0.E0));
#2022=CARTESIAN_POINT('',(-8.5E0,1.205E0,0.E0));
#2023=VERTEX_POINT('',#2021);
#2024=VERTEX_POINT('',#2022);
#2025=CARTESIAN_POINT('',(-7.36E0,-1.205E0,0.E0));
#2026=CARTESIAN_POINT('',(-8.5E0,-1.205E0,0.E0));
#2027=VERTEX_POINT('',#2025);
#2028=VERTEX_POINT('',#2026);
#2029=CARTESIAN_POINT('',(-3.74E0,-6.035E0,0.E0));
#2030=CARTESIAN_POINT('',(-3.4E0,-5.145E0,0.E0));
#2031=VERTEX_POINT('',#2029);
#2032=VERTEX_POINT('',#2030);
#2033=CARTESIAN_POINT('',(-3.4E0,1.2125E1,0.E0));
#2034=CARTESIAN_POINT('',(-3.74E0,1.3015E1,0.E0));
#2035=VERTEX_POINT('',#2033);
#2036=VERTEX_POINT('',#2034);
#2037=CARTESIAN_POINT('',(-4.2E0,-6.035E0,0.E0));
#2038=CARTESIAN_POINT('',(-4.54E0,-5.145E0,0.E0));
#2039=VERTEX_POINT('',#2037);
#2040=VERTEX_POINT('',#2038);
#2041=CARTESIAN_POINT('',(-4.54E0,1.2125E1,0.E0));
#2042=CARTESIAN_POINT('',(-4.2E0,1.3015E1,0.E0));
#2043=VERTEX_POINT('',#2041);
#2044=VERTEX_POINT('',#2042);
#2045=CARTESIAN_POINT('',(-3.4E0,1.205E0,0.E0));
#2046=CARTESIAN_POINT('',(-4.54E0,1.205E0,0.E0));
#2047=VERTEX_POINT('',#2045);
#2048=VERTEX_POINT('',#2046);
#2049=CARTESIAN_POINT('',(-3.4E0,-1.205E0,0.E0));
#2050=CARTESIAN_POINT('',(-4.54E0,-1.205E0,0.E0));
#2051=VERTEX_POINT('',#2049);
#2052=VERTEX_POINT('',#2050);
#2053=CARTESIAN_POINT('',(2.2E-1,-6.035E0,0.E0));
#2054=CARTESIAN_POINT('',(5.6E-1,-5.145E0,0.E0));
#2055=VERTEX_POINT('',#2053);
#2056=VERTEX_POINT('',#2054);
#2057=CARTESIAN_POINT('',(5.6E-1,1.2125E1,0.E0));
#2058=CARTESIAN_POINT('',(2.2E-1,1.3015E1,0.E0));
#2059=VERTEX_POINT('',#2057);
#2060=VERTEX_POINT('',#2058);
#2061=CARTESIAN_POINT('',(-2.4E-1,-6.035E0,0.E0));
#2062=CARTESIAN_POINT('',(-5.8E-1,-5.145E0,0.E0));
#2063=VERTEX_POINT('',#2061);
#2064=VERTEX_POINT('',#2062);
#2065=CARTESIAN_POINT('',(-5.8E-1,1.2125E1,0.E0));
#2066=CARTESIAN_POINT('',(-2.4E-1,1.3015E1,0.E0));
#2067=VERTEX_POINT('',#2065);
#2068=VERTEX_POINT('',#2066);
#2069=CARTESIAN_POINT('',(5.6E-1,1.205E0,0.E0));
#2070=CARTESIAN_POINT('',(-5.8E-1,1.205E0,0.E0));
#2071=VERTEX_POINT('',#2069);
#2072=VERTEX_POINT('',#2070);
#2073=CARTESIAN_POINT('',(5.6E-1,-1.205E0,0.E0));
#2074=CARTESIAN_POINT('',(-5.8E-1,-1.205E0,0.E0));
#2075=VERTEX_POINT('',#2073);
#2076=VERTEX_POINT('',#2074);
#2077=CARTESIAN_POINT('',(4.18E0,-6.035E0,0.E0));
#2078=CARTESIAN_POINT('',(4.52E0,-5.145E0,0.E0));
#2079=VERTEX_POINT('',#2077);
#2080=VERTEX_POINT('',#2078);
#2081=CARTESIAN_POINT('',(4.52E0,1.2125E1,0.E0));
#2082=CARTESIAN_POINT('',(4.18E0,1.3015E1,0.E0));
#2083=VERTEX_POINT('',#2081);
#2084=VERTEX_POINT('',#2082);
#2085=CARTESIAN_POINT('',(3.72E0,-6.035E0,0.E0));
#2086=CARTESIAN_POINT('',(3.38E0,-5.145E0,0.E0));
#2087=VERTEX_POINT('',#2085);
#2088=VERTEX_POINT('',#2086);
#2089=CARTESIAN_POINT('',(3.38E0,1.2125E1,0.E0));
#2090=CARTESIAN_POINT('',(3.72E0,1.3015E1,0.E0));
#2091=VERTEX_POINT('',#2089);
#2092=VERTEX_POINT('',#2090);
#2093=CARTESIAN_POINT('',(4.52E0,1.205E0,0.E0));
#2094=CARTESIAN_POINT('',(3.38E0,1.205E0,0.E0));
#2095=VERTEX_POINT('',#2093);
#2096=VERTEX_POINT('',#2094);
#2097=CARTESIAN_POINT('',(4.52E0,-1.205E0,0.E0));
#2098=CARTESIAN_POINT('',(3.38E0,-1.205E0,0.E0));
#2099=VERTEX_POINT('',#2097);
#2100=VERTEX_POINT('',#2098);
#2101=CARTESIAN_POINT('',(-6.46E0,-1.585E0,-1.5E0));
#2102=CARTESIAN_POINT('',(-6.46E0,-1.585E0,1.5E0));
#2103=VERTEX_POINT('',#2101);
#2104=VERTEX_POINT('',#2102);
#2105=CARTESIAN_POINT('',(-5.44E0,-1.585E0,1.5E0));
#2106=VERTEX_POINT('',#2105);
#2107=CARTESIAN_POINT('',(-5.44E0,-1.585E0,-1.5E0));
#2108=VERTEX_POINT('',#2107);
#2109=CARTESIAN_POINT('',(-6.46E0,1.585E0,-1.5E0));
#2110=CARTESIAN_POINT('',(-6.46E0,1.585E0,1.5E0));
#2111=VERTEX_POINT('',#2109);
#2112=VERTEX_POINT('',#2110);
#2113=CARTESIAN_POINT('',(-5.44E0,1.585E0,1.5E0));
#2114=VERTEX_POINT('',#2113);
#2115=CARTESIAN_POINT('',(-5.44E0,1.585E0,-1.5E0));
#2116=VERTEX_POINT('',#2115);
#2117=CARTESIAN_POINT('',(-2.5E0,-1.585E0,-1.5E0));
#2118=CARTESIAN_POINT('',(-2.5E0,-1.585E0,1.5E0));
#2119=VERTEX_POINT('',#2117);
#2120=VERTEX_POINT('',#2118);
#2121=CARTESIAN_POINT('',(-1.48E0,-1.585E0,1.5E0));
#2122=VERTEX_POINT('',#2121);
#2123=CARTESIAN_POINT('',(-1.48E0,-1.585E0,-1.5E0));
#2124=VERTEX_POINT('',#2123);
#2125=CARTESIAN_POINT('',(-2.5E0,1.585E0,-1.5E0));
#2126=CARTESIAN_POINT('',(-2.5E0,1.585E0,1.5E0));
#2127=VERTEX_POINT('',#2125);
#2128=VERTEX_POINT('',#2126);
#2129=CARTESIAN_POINT('',(-1.48E0,1.585E0,1.5E0));
#2130=VERTEX_POINT('',#2129);
#2131=CARTESIAN_POINT('',(-1.48E0,1.585E0,-1.5E0));
#2132=VERTEX_POINT('',#2131);
#2133=CARTESIAN_POINT('',(1.46E0,-1.585E0,-1.5E0));
#2134=CARTESIAN_POINT('',(1.46E0,-1.585E0,1.5E0));
#2135=VERTEX_POINT('',#2133);
#2136=VERTEX_POINT('',#2134);
#2137=CARTESIAN_POINT('',(2.48E0,-1.585E0,1.5E0));
#2138=VERTEX_POINT('',#2137);
#2139=CARTESIAN_POINT('',(2.48E0,-1.585E0,-1.5E0));
#2140=VERTEX_POINT('',#2139);
#2141=CARTESIAN_POINT('',(1.46E0,1.585E0,-1.5E0));
#2142=CARTESIAN_POINT('',(1.46E0,1.585E0,1.5E0));
#2143=VERTEX_POINT('',#2141);
#2144=VERTEX_POINT('',#2142);
#2145=CARTESIAN_POINT('',(2.48E0,1.585E0,1.5E0));
#2146=VERTEX_POINT('',#2145);
#2147=CARTESIAN_POINT('',(2.48E0,1.585E0,-1.5E0));
#2148=VERTEX_POINT('',#2147);
#2149=CARTESIAN_POINT('',(5.42E0,-1.585E0,-1.5E0));
#2150=CARTESIAN_POINT('',(5.42E0,-1.585E0,1.5E0));
#2151=VERTEX_POINT('',#2149);
#2152=VERTEX_POINT('',#2150);
#2153=CARTESIAN_POINT('',(6.44E0,-1.585E0,1.5E0));
#2154=VERTEX_POINT('',#2153);
#2155=CARTESIAN_POINT('',(6.44E0,-1.585E0,-1.5E0));
#2156=VERTEX_POINT('',#2155);
#2157=CARTESIAN_POINT('',(5.42E0,1.585E0,-1.5E0));
#2158=CARTESIAN_POINT('',(5.42E0,1.585E0,1.5E0));
#2159=VERTEX_POINT('',#2157);
#2160=VERTEX_POINT('',#2158);
#2161=CARTESIAN_POINT('',(6.44E0,1.585E0,1.5E0));
#2162=VERTEX_POINT('',#2161);
#2163=CARTESIAN_POINT('',(6.44E0,1.585E0,-1.5E0));
#2164=VERTEX_POINT('',#2163);
#2165=CARTESIAN_POINT('',(9.E0,-1.585E0,-3.43E0));
#2166=CARTESIAN_POINT('',(9.E0,-1.205E0,-3.43E0));
#2167=VERTEX_POINT('',#2165);
#2168=VERTEX_POINT('',#2166);
#2169=CARTESIAN_POINT('',(6.82E0,-1.205E0,-3.43E0));
#2170=VERTEX_POINT('',#2169);
#2171=CARTESIAN_POINT('',(6.82E0,-1.585E0,-3.43E0));
#2172=VERTEX_POINT('',#2171);
#2173=CARTESIAN_POINT('',(6.82E0,1.585E0,3.47E0));
#2174=CARTESIAN_POINT('',(6.82E0,1.205E0,3.47E0));
#2175=VERTEX_POINT('',#2173);
#2176=VERTEX_POINT('',#2174);
#2177=CARTESIAN_POINT('',(9.E0,1.205E0,3.47E0));
#2178=VERTEX_POINT('',#2177);
#2179=CARTESIAN_POINT('',(9.E0,1.585E0,3.47E0));
#2180=VERTEX_POINT('',#2179);
#2181=CARTESIAN_POINT('',(9.E0,-1.585E0,3.47E0));
#2182=CARTESIAN_POINT('',(9.E0,-1.205E0,3.47E0));
#2183=VERTEX_POINT('',#2181);
#2184=VERTEX_POINT('',#2182);
#2185=CARTESIAN_POINT('',(6.82E0,-1.205E0,3.47E0));
#2186=VERTEX_POINT('',#2185);
#2187=CARTESIAN_POINT('',(6.82E0,-1.585E0,3.47E0));
#2188=VERTEX_POINT('',#2187);
#2189=CARTESIAN_POINT('',(8.14E0,-6.035E0,0.E0));
#2190=CARTESIAN_POINT('',(8.48E0,-5.145E0,0.E0));
#2191=VERTEX_POINT('',#2189);
#2192=VERTEX_POINT('',#2190);
#2193=CARTESIAN_POINT('',(8.48E0,1.2125E1,0.E0));
#2194=CARTESIAN_POINT('',(8.14E0,1.3015E1,0.E0));
#2195=VERTEX_POINT('',#2193);
#2196=VERTEX_POINT('',#2194);
#2197=CARTESIAN_POINT('',(7.68E0,-6.035E0,0.E0));
#2198=CARTESIAN_POINT('',(7.34E0,-5.145E0,0.E0));
#2199=VERTEX_POINT('',#2197);
#2200=VERTEX_POINT('',#2198);
#2201=CARTESIAN_POINT('',(7.34E0,1.2125E1,0.E0));
#2202=CARTESIAN_POINT('',(7.68E0,1.3015E1,0.E0));
#2203=VERTEX_POINT('',#2201);
#2204=VERTEX_POINT('',#2202);
#2205=CARTESIAN_POINT('',(8.48E0,1.205E0,0.E0));
#2206=CARTESIAN_POINT('',(7.34E0,1.205E0,0.E0));
#2207=VERTEX_POINT('',#2205);
#2208=VERTEX_POINT('',#2206);
#2209=CARTESIAN_POINT('',(8.48E0,-1.205E0,0.E0));
#2210=CARTESIAN_POINT('',(7.34E0,-1.205E0,0.E0));
#2211=VERTEX_POINT('',#2209);
#2212=VERTEX_POINT('',#2210);
#2213=CARTESIAN_POINT('',(6.82E0,1.205E0,-2.45E0));
#2214=VERTEX_POINT('',#2213);
#2215=CARTESIAN_POINT('',(9.E0,1.205E0,-2.45E0));
#2216=VERTEX_POINT('',#2215);
#2217=CARTESIAN_POINT('',(1.296E1,-1.585E0,-3.43E0));
#2218=CARTESIAN_POINT('',(1.296E1,-1.205E0,-3.43E0));
#2219=VERTEX_POINT('',#2217);
#2220=VERTEX_POINT('',#2218);
#2221=CARTESIAN_POINT('',(1.078E1,-1.205E0,-3.43E0));
#2222=VERTEX_POINT('',#2221);
#2223=CARTESIAN_POINT('',(1.078E1,-1.585E0,-3.43E0));
#2224=VERTEX_POINT('',#2223);
#2225=CARTESIAN_POINT('',(1.078E1,1.585E0,3.47E0));
#2226=CARTESIAN_POINT('',(1.078E1,1.205E0,3.47E0));
#2227=VERTEX_POINT('',#2225);
#2228=VERTEX_POINT('',#2226);
#2229=CARTESIAN_POINT('',(1.296E1,1.205E0,3.47E0));
#2230=VERTEX_POINT('',#2229);
#2231=CARTESIAN_POINT('',(1.296E1,1.585E0,3.47E0));
#2232=VERTEX_POINT('',#2231);
#2233=CARTESIAN_POINT('',(1.296E1,-1.585E0,3.47E0));
#2234=CARTESIAN_POINT('',(1.296E1,-1.205E0,3.47E0));
#2235=VERTEX_POINT('',#2233);
#2236=VERTEX_POINT('',#2234);
#2237=CARTESIAN_POINT('',(1.078E1,-1.205E0,3.47E0));
#2238=VERTEX_POINT('',#2237);
#2239=CARTESIAN_POINT('',(1.078E1,-1.585E0,3.47E0));
#2240=VERTEX_POINT('',#2239);
#2241=CARTESIAN_POINT('',(1.21E1,-6.035E0,0.E0));
#2242=CARTESIAN_POINT('',(1.244E1,-5.145E0,0.E0));
#2243=VERTEX_POINT('',#2241);
#2244=VERTEX_POINT('',#2242);
#2245=CARTESIAN_POINT('',(1.244E1,1.2125E1,0.E0));
#2246=CARTESIAN_POINT('',(1.21E1,1.3015E1,0.E0));
#2247=VERTEX_POINT('',#2245);
#2248=VERTEX_POINT('',#2246);
#2249=CARTESIAN_POINT('',(1.164E1,-6.035E0,0.E0));
#2250=CARTESIAN_POINT('',(1.13E1,-5.145E0,0.E0));
#2251=VERTEX_POINT('',#2249);
#2252=VERTEX_POINT('',#2250);
#2253=CARTESIAN_POINT('',(1.13E1,1.2125E1,0.E0));
#2254=CARTESIAN_POINT('',(1.164E1,1.3015E1,0.E0));
#2255=VERTEX_POINT('',#2253);
#2256=VERTEX_POINT('',#2254);
#2257=CARTESIAN_POINT('',(1.244E1,1.205E0,0.E0));
#2258=CARTESIAN_POINT('',(1.13E1,1.205E0,0.E0));
#2259=VERTEX_POINT('',#2257);
#2260=VERTEX_POINT('',#2258);
#2261=CARTESIAN_POINT('',(1.244E1,-1.205E0,0.E0));
#2262=CARTESIAN_POINT('',(1.13E1,-1.205E0,0.E0));
#2263=VERTEX_POINT('',#2261);
#2264=VERTEX_POINT('',#2262);
#2265=CARTESIAN_POINT('',(1.078E1,1.205E0,-2.45E0));
#2266=VERTEX_POINT('',#2265);
#2267=CARTESIAN_POINT('',(1.296E1,1.205E0,-2.45E0));
#2268=VERTEX_POINT('',#2267);
#2269=CARTESIAN_POINT('',(9.38E0,-1.585E0,-1.5E0));
#2270=CARTESIAN_POINT('',(9.38E0,-1.585E0,1.5E0));
#2271=VERTEX_POINT('',#2269);
#2272=VERTEX_POINT('',#2270);
#2273=CARTESIAN_POINT('',(1.04E1,-1.585E0,1.5E0));
#2274=VERTEX_POINT('',#2273);
#2275=CARTESIAN_POINT('',(1.04E1,-1.585E0,-1.5E0));
#2276=VERTEX_POINT('',#2275);
#2277=CARTESIAN_POINT('',(9.38E0,1.585E0,-1.5E0));
#2278=CARTESIAN_POINT('',(9.38E0,1.585E0,1.5E0));
#2279=VERTEX_POINT('',#2277);
#2280=VERTEX_POINT('',#2278);
#2281=CARTESIAN_POINT('',(1.04E1,1.585E0,1.5E0));
#2282=VERTEX_POINT('',#2281);
#2283=CARTESIAN_POINT('',(1.04E1,1.585E0,-1.5E0));
#2284=VERTEX_POINT('',#2283);
#2285=CARTESIAN_POINT('',(0.E0,0.E0,-3.43E0));
#2286=DIRECTION('',(0.E0,0.E0,1.E0));
#2287=DIRECTION('',(1.E0,0.E0,0.E0));
#2288=AXIS2_PLACEMENT_3D('',#2285,#2286,#2287);
#2289=PLANE('',#2288);
#2291=ORIENTED_EDGE('',*,*,#2290,.F.);
#2293=ORIENTED_EDGE('',*,*,#2292,.F.);
#2295=ORIENTED_EDGE('',*,*,#2294,.F.);
#2297=ORIENTED_EDGE('',*,*,#2296,.T.);
#2299=ORIENTED_EDGE('',*,*,#2298,.T.);
#2301=ORIENTED_EDGE('',*,*,#2300,.F.);
#2303=ORIENTED_EDGE('',*,*,#2302,.F.);
#2305=ORIENTED_EDGE('',*,*,#2304,.T.);
#2307=ORIENTED_EDGE('',*,*,#2306,.T.);
#2309=ORIENTED_EDGE('',*,*,#2308,.F.);
#2311=ORIENTED_EDGE('',*,*,#2310,.F.);
#2313=ORIENTED_EDGE('',*,*,#2312,.T.);
#2315=ORIENTED_EDGE('',*,*,#2314,.T.);
#2317=ORIENTED_EDGE('',*,*,#2316,.F.);
#2319=ORIENTED_EDGE('',*,*,#2318,.F.);
#2321=ORIENTED_EDGE('',*,*,#2320,.T.);
#2323=ORIENTED_EDGE('',*,*,#2322,.T.);
#2325=ORIENTED_EDGE('',*,*,#2324,.F.);
#2327=ORIENTED_EDGE('',*,*,#2326,.F.);
#2329=ORIENTED_EDGE('',*,*,#2328,.T.);
#2331=ORIENTED_EDGE('',*,*,#2330,.T.);
#2333=ORIENTED_EDGE('',*,*,#2332,.F.);
#2335=ORIENTED_EDGE('',*,*,#2334,.F.);
#2337=ORIENTED_EDGE('',*,*,#2336,.T.);
#2339=ORIENTED_EDGE('',*,*,#2338,.T.);
#2341=ORIENTED_EDGE('',*,*,#2340,.F.);
#2343=ORIENTED_EDGE('',*,*,#2342,.F.);
#2345=ORIENTED_EDGE('',*,*,#2344,.T.);
#2347=ORIENTED_EDGE('',*,*,#2346,.T.);
#2349=ORIENTED_EDGE('',*,*,#2348,.F.);
#2351=ORIENTED_EDGE('',*,*,#2350,.F.);
#2353=ORIENTED_EDGE('',*,*,#2352,.T.);
#2355=ORIENTED_EDGE('',*,*,#2354,.T.);
#2357=ORIENTED_EDGE('',*,*,#2356,.F.);
#2359=ORIENTED_EDGE('',*,*,#2358,.T.);
#2361=ORIENTED_EDGE('',*,*,#2360,.F.);
#2362=EDGE_LOOP('',(#2291,#2293,#2295,#2297,#2299,#2301,#2303,#2305,#2307,#2309,
#2311,#2313,#2315,#2317,#2319,#2321,#2323,#2325,#2327,#2329,#2331,#2333,#2335,
#2337,#2339,#2341,#2343,#2345,#2347,#2349,#2351,#2353,#2355,#2357,#2359,#2361));
#2363=FACE_OUTER_BOUND('',#2362,.F.);
#2364=ADVANCED_FACE('',(#2363),#2289,.F.);
#2365=CARTESIAN_POINT('',(-2.5E0,7.535E0,-2.45E0));
#2366=DIRECTION('',(-1.E0,0.E0,0.E0));
#2367=DIRECTION('',(0.E0,-1.E0,0.E0));
#2368=AXIS2_PLACEMENT_3D('',#2365,#2366,#2367);
#2369=PLANE('',#2368);
#2370=ORIENTED_EDGE('',*,*,#2290,.T.);
#2372=ORIENTED_EDGE('',*,*,#2371,.F.);
#2374=ORIENTED_EDGE('',*,*,#2373,.F.);
#2376=ORIENTED_EDGE('',*,*,#2375,.F.);
#2378=ORIENTED_EDGE('',*,*,#2377,.F.);
#2379=EDGE_LOOP('',(#2370,#2372,#2374,#2376,#2378));
#2380=FACE_OUTER_BOUND('',#2379,.F.);
#2381=ADVANCED_FACE('',(#2380),#2369,.F.);
#2382=CARTESIAN_POINT('',(1.387E1,1.585E0,-3.43E0));
#2383=DIRECTION('',(0.E0,1.E0,0.E0));
#2384=DIRECTION('',(-1.E0,0.E0,0.E0));
#2385=AXIS2_PLACEMENT_3D('',#2382,#2383,#2384);
#2386=PLANE('',#2385);
#2388=ORIENTED_EDGE('',*,*,#2387,.F.);
#2390=ORIENTED_EDGE('',*,*,#2389,.T.);
#2392=ORIENTED_EDGE('',*,*,#2391,.T.);
#2394=ORIENTED_EDGE('',*,*,#2393,.F.);
#2395=EDGE_LOOP('',(#2388,#2390,#2392,#2394));
#2396=FACE_OUTER_BOUND('',#2395,.F.);
#2397=ADVANCED_FACE('',(#2396),#2386,.T.);
#2398=CARTESIAN_POINT('',(1.387E1,1.585E0,-3.43E0));
#2399=DIRECTION('',(0.E0,1.E0,0.E0));
#2400=DIRECTION('',(-1.E0,0.E0,0.E0));
#2401=AXIS2_PLACEMENT_3D('',#2398,#2399,#2400);
#2402=PLANE('',#2401);
#2404=ORIENTED_EDGE('',*,*,#2403,.F.);
#2406=ORIENTED_EDGE('',*,*,#2405,.F.);
#2408=ORIENTED_EDGE('',*,*,#2407,.T.);
#2410=ORIENTED_EDGE('',*,*,#2409,.T.);
#2411=EDGE_LOOP('',(#2404,#2406,#2408,#2410));
#2412=FACE_OUTER_BOUND('',#2411,.F.);
#2413=ADVANCED_FACE('',(#2412),#2402,.T.);
#2414=CARTESIAN_POINT('',(1.387E1,1.585E0,-3.43E0));
#2415=DIRECTION('',(0.E0,1.E0,0.E0));
#2416=DIRECTION('',(-1.E0,0.E0,0.E0));
#2417=AXIS2_PLACEMENT_3D('',#2414,#2415,#2416);
#2418=PLANE('',#2417);
#2420=ORIENTED_EDGE('',*,*,#2419,.F.);
#2422=ORIENTED_EDGE('',*,*,#2421,.T.);
#2424=ORIENTED_EDGE('',*,*,#2423,.T.);
#2426=ORIENTED_EDGE('',*,*,#2425,.F.);
#2427=EDGE_LOOP('',(#2420,#2422,#2424,#2426));
#2428=FACE_OUTER_BOUND('',#2427,.F.);
#2430=ORIENTED_EDGE('',*,*,#2429,.T.);
#2432=ORIENTED_EDGE('',*,*,#2431,.T.);
#2434=ORIENTED_EDGE('',*,*,#2433,.T.);
#2436=ORIENTED_EDGE('',*,*,#2435,.T.);
#2437=EDGE_LOOP('',(#2430,#2432,#2434,#2436));
#2438=FACE_BOUND('',#2437,.F.);
#2439=ADVANCED_FACE('',(#2428,#2438),#2418,.T.);
#2440=CARTESIAN_POINT('',(1.387E1,1.585E0,-3.43E0));
#2441=DIRECTION('',(0.E0,1.E0,0.E0));
#2442=DIRECTION('',(-1.E0,0.E0,0.E0));
#2443=AXIS2_PLACEMENT_3D('',#2440,#2441,#2442);
#2444=PLANE('',#2443);
#2446=ORIENTED_EDGE('',*,*,#2445,.F.);
#2448=ORIENTED_EDGE('',*,*,#2447,.F.);
#2450=ORIENTED_EDGE('',*,*,#2449,.T.);
#2452=ORIENTED_EDGE('',*,*,#2451,.T.);
#2453=EDGE_LOOP('',(#2446,#2448,#2450,#2452));
#2454=FACE_OUTER_BOUND('',#2453,.F.);
#2456=ORIENTED_EDGE('',*,*,#2455,.T.);
#2458=ORIENTED_EDGE('',*,*,#2457,.T.);
#2460=ORIENTED_EDGE('',*,*,#2459,.T.);
#2462=ORIENTED_EDGE('',*,*,#2461,.T.);
#2463=EDGE_LOOP('',(#2456,#2458,#2460,#2462));
#2464=FACE_BOUND('',#2463,.F.);
#2465=ADVANCED_FACE('',(#2454,#2464),#2444,.T.);
#2466=CARTESIAN_POINT('',(1.387E1,1.585E0,-3.43E0));
#2467=DIRECTION('',(0.E0,1.E0,0.E0));
#2468=DIRECTION('',(-1.E0,0.E0,0.E0));
#2469=AXIS2_PLACEMENT_3D('',#2466,#2467,#2468);
#2470=PLANE('',#2469);
#2472=ORIENTED_EDGE('',*,*,#2471,.F.);
#2474=ORIENTED_EDGE('',*,*,#2473,.T.);
#2476=ORIENTED_EDGE('',*,*,#2475,.T.);
#2478=ORIENTED_EDGE('',*,*,#2477,.F.);
#2479=EDGE_LOOP('',(#2472,#2474,#2476,#2478));
#2480=FACE_OUTER_BOUND('',#2479,.F.);
#2482=ORIENTED_EDGE('',*,*,#2481,.T.);
#2484=ORIENTED_EDGE('',*,*,#2483,.T.);
#2486=ORIENTED_EDGE('',*,*,#2485,.T.);
#2488=ORIENTED_EDGE('',*,*,#2487,.T.);
#2489=EDGE_LOOP('',(#2482,#2484,#2486,#2488));
#2490=FACE_BOUND('',#2489,.F.);
#2491=ADVANCED_FACE('',(#2480,#2490),#2470,.T.);
#2492=CARTESIAN_POINT('',(1.387E1,1.585E0,-3.43E0));
#2493=DIRECTION('',(0.E0,1.E0,0.E0));
#2494=DIRECTION('',(-1.E0,0.E0,0.E0));
#2495=AXIS2_PLACEMENT_3D('',#2492,#2493,#2494);
#2496=PLANE('',#2495);
#2498=ORIENTED_EDGE('',*,*,#2497,.F.);
#2500=ORIENTED_EDGE('',*,*,#2499,.T.);
#2502=ORIENTED_EDGE('',*,*,#2501,.T.);
#2504=ORIENTED_EDGE('',*,*,#2503,.F.);
#2505=EDGE_LOOP('',(#2498,#2500,#2502,#2504));
#2506=FACE_OUTER_BOUND('',#2505,.F.);
#2508=ORIENTED_EDGE('',*,*,#2507,.T.);
#2510=ORIENTED_EDGE('',*,*,#2509,.T.);
#2512=ORIENTED_EDGE('',*,*,#2511,.T.);
#2514=ORIENTED_EDGE('',*,*,#2513,.T.);
#2515=EDGE_LOOP('',(#2508,#2510,#2512,#2514));
#2516=FACE_BOUND('',#2515,.F.);
#2517=ADVANCED_FACE('',(#2506,#2516),#2496,.T.);
#2518=CARTESIAN_POINT('',(1.387E1,1.585E0,-3.43E0));
#2519=DIRECTION('',(0.E0,1.E0,0.E0));
#2520=DIRECTION('',(-1.E0,0.E0,0.E0));
#2521=AXIS2_PLACEMENT_3D('',#2518,#2519,#2520);
#2522=PLANE('',#2521);
#2524=ORIENTED_EDGE('',*,*,#2523,.F.);
#2526=ORIENTED_EDGE('',*,*,#2525,.T.);
#2528=ORIENTED_EDGE('',*,*,#2527,.T.);
#2530=ORIENTED_EDGE('',*,*,#2529,.F.);
#2531=EDGE_LOOP('',(#2524,#2526,#2528,#2530));
#2532=FACE_OUTER_BOUND('',#2531,.F.);
#2534=ORIENTED_EDGE('',*,*,#2533,.T.);
#2536=ORIENTED_EDGE('',*,*,#2535,.T.);
#2538=ORIENTED_EDGE('',*,*,#2537,.T.);
#2540=ORIENTED_EDGE('',*,*,#2539,.T.);
#2541=EDGE_LOOP('',(#2534,#2536,#2538,#2540));
#2542=FACE_BOUND('',#2541,.F.);
#2543=ADVANCED_FACE('',(#2532,#2542),#2522,.T.);
#2544=CARTESIAN_POINT('',(1.387E1,1.585E0,-3.43E0));
#2545=DIRECTION('',(0.E0,1.E0,0.E0));
#2546=DIRECTION('',(-1.E0,0.E0,0.E0));
#2547=AXIS2_PLACEMENT_3D('',#2544,#2545,#2546);
#2548=PLANE('',#2547);
#2550=ORIENTED_EDGE('',*,*,#2549,.F.);
#2551=ORIENTED_EDGE('',*,*,#2371,.T.);
#2552=ORIENTED_EDGE('',*,*,#2360,.T.);
#2554=ORIENTED_EDGE('',*,*,#2553,.F.);
#2556=ORIENTED_EDGE('',*,*,#2555,.F.);
#2558=ORIENTED_EDGE('',*,*,#2557,.T.);
#2560=ORIENTED_EDGE('',*,*,#2559,.T.);
#2562=ORIENTED_EDGE('',*,*,#2561,.F.);
#2563=EDGE_LOOP('',(#2550,#2551,#2552,#2554,#2556,#2558,#2560,#2562));
#2564=FACE_OUTER_BOUND('',#2563,.F.);
#2566=ORIENTED_EDGE('',*,*,#2565,.T.);
#2568=ORIENTED_EDGE('',*,*,#2567,.T.);
#2570=ORIENTED_EDGE('',*,*,#2569,.T.);
#2572=ORIENTED_EDGE('',*,*,#2571,.T.);
#2573=EDGE_LOOP('',(#2566,#2568,#2570,#2572));
#2574=FACE_BOUND('',#2573,.F.);
#2575=ADVANCED_FACE('',(#2564,#2574),#2548,.T.);
#2576=CARTESIAN_POINT('',(1.387E1,6.876820693124E0,-2.45E0));
#2577=DIRECTION('',(0.E0,0.E0,1.E0));
#2578=DIRECTION('',(0.E0,-1.E0,0.E0));
#2579=AXIS2_PLACEMENT_3D('',#2576,#2577,#2578);
#2580=PLANE('',#2579);
#2581=ORIENTED_EDGE('',*,*,#2373,.T.);
#2582=ORIENTED_EDGE('',*,*,#2549,.T.);
#2584=ORIENTED_EDGE('',*,*,#2583,.F.);
#2586=ORIENTED_EDGE('',*,*,#2585,.F.);
#2588=ORIENTED_EDGE('',*,*,#2587,.F.);
#2589=ORIENTED_EDGE('',*,*,#2523,.T.);
#2591=ORIENTED_EDGE('',*,*,#2590,.F.);
#2593=ORIENTED_EDGE('',*,*,#2592,.F.);
#2595=ORIENTED_EDGE('',*,*,#2594,.F.);
#2596=ORIENTED_EDGE('',*,*,#2447,.T.);
#2598=ORIENTED_EDGE('',*,*,#2597,.F.);
#2600=ORIENTED_EDGE('',*,*,#2599,.F.);
#2602=ORIENTED_EDGE('',*,*,#2601,.F.);
#2603=ORIENTED_EDGE('',*,*,#2405,.T.);
#2605=ORIENTED_EDGE('',*,*,#2604,.F.);
#2607=ORIENTED_EDGE('',*,*,#2606,.T.);
#2608=EDGE_LOOP('',(#2581,#2582,#2584,#2586,#2588,#2589,#2591,#2593,#2595,#2596,
#2598,#2600,#2602,#2603,#2605,#2607));
#2609=FACE_OUTER_BOUND('',#2608,.F.);
#2610=ADVANCED_FACE('',(#2609),#2580,.T.);
#2611=CARTESIAN_POINT('',(1.387E1,6.876820693124E0,-2.45E0));
#2612=DIRECTION('',(0.E0,0.E0,1.E0));
#2613=DIRECTION('',(0.E0,-1.E0,0.E0));
#2614=AXIS2_PLACEMENT_3D('',#2611,#2612,#2613);
#2615=PLANE('',#2614);
#2617=ORIENTED_EDGE('',*,*,#2616,.F.);
#2619=ORIENTED_EDGE('',*,*,#2618,.T.);
#2621=ORIENTED_EDGE('',*,*,#2620,.T.);
#2622=ORIENTED_EDGE('',*,*,#2387,.T.);
#2624=ORIENTED_EDGE('',*,*,#2623,.F.);
#2626=ORIENTED_EDGE('',*,*,#2625,.F.);
#2628=ORIENTED_EDGE('',*,*,#2627,.F.);
#2629=ORIENTED_EDGE('',*,*,#2419,.T.);
#2631=ORIENTED_EDGE('',*,*,#2630,.F.);
#2633=ORIENTED_EDGE('',*,*,#2632,.F.);
#2635=ORIENTED_EDGE('',*,*,#2634,.F.);
#2636=ORIENTED_EDGE('',*,*,#2471,.T.);
#2638=ORIENTED_EDGE('',*,*,#2637,.F.);
#2640=ORIENTED_EDGE('',*,*,#2639,.F.);
#2642=ORIENTED_EDGE('',*,*,#2641,.F.);
#2643=ORIENTED_EDGE('',*,*,#2497,.T.);
#2645=ORIENTED_EDGE('',*,*,#2644,.F.);
#2647=ORIENTED_EDGE('',*,*,#2646,.F.);
#2649=ORIENTED_EDGE('',*,*,#2648,.F.);
#2650=ORIENTED_EDGE('',*,*,#2555,.T.);
#2651=EDGE_LOOP('',(#2617,#2619,#2621,#2622,#2624,#2626,#2628,#2629,#2631,#2633,
#2635,#2636,#2638,#2640,#2642,#2643,#2645,#2647,#2649,#2650));
#2652=FACE_OUTER_BOUND('',#2651,.F.);
#2653=ADVANCED_FACE('',(#2652),#2615,.T.);
#2654=CARTESIAN_POINT('',(-2.88E0,1.205E0,3.47E0));
#2655=DIRECTION('',(1.E0,0.E0,0.E0));
#2656=DIRECTION('',(0.E0,1.E0,0.E0));
#2657=AXIS2_PLACEMENT_3D('',#2654,#2655,#2656);
#2658=PLANE('',#2657);
#2659=ORIENTED_EDGE('',*,*,#2583,.T.);
#2660=ORIENTED_EDGE('',*,*,#2561,.T.);
#2662=ORIENTED_EDGE('',*,*,#2661,.T.);
#2664=ORIENTED_EDGE('',*,*,#2663,.T.);
#2665=EDGE_LOOP('',(#2659,#2660,#2662,#2664));
#2666=FACE_OUTER_BOUND('',#2665,.F.);
#2667=ADVANCED_FACE('',(#2666),#2658,.F.);
#2668=CARTESIAN_POINT('',(0.E0,0.E0,3.47E0));
#2669=DIRECTION('',(0.E0,0.E0,1.E0));
#2670=DIRECTION('',(1.E0,0.E0,0.E0));
#2671=AXIS2_PLACEMENT_3D('',#2668,#2669,#2670);
#2672=PLANE('',#2671);
#2674=ORIENTED_EDGE('',*,*,#2673,.T.);
#2676=ORIENTED_EDGE('',*,*,#2675,.T.);
#2678=ORIENTED_EDGE('',*,*,#2677,.F.);
#2679=ORIENTED_EDGE('',*,*,#2391,.F.);
#2681=ORIENTED_EDGE('',*,*,#2680,.F.);
#2683=ORIENTED_EDGE('',*,*,#2682,.F.);
#2685=ORIENTED_EDGE('',*,*,#2684,.T.);
#2687=ORIENTED_EDGE('',*,*,#2686,.T.);
#2689=ORIENTED_EDGE('',*,*,#2688,.F.);
#2691=ORIENTED_EDGE('',*,*,#2690,.F.);
#2693=ORIENTED_EDGE('',*,*,#2692,.T.);
#2695=ORIENTED_EDGE('',*,*,#2694,.T.);
#2697=ORIENTED_EDGE('',*,*,#2696,.F.);
#2699=ORIENTED_EDGE('',*,*,#2698,.F.);
#2701=ORIENTED_EDGE('',*,*,#2700,.T.);
#2703=ORIENTED_EDGE('',*,*,#2702,.T.);
#2705=ORIENTED_EDGE('',*,*,#2704,.F.);
#2707=ORIENTED_EDGE('',*,*,#2706,.F.);
#2709=ORIENTED_EDGE('',*,*,#2708,.T.);
#2711=ORIENTED_EDGE('',*,*,#2710,.T.);
#2713=ORIENTED_EDGE('',*,*,#2712,.F.);
#2715=ORIENTED_EDGE('',*,*,#2714,.F.);
#2717=ORIENTED_EDGE('',*,*,#2716,.T.);
#2719=ORIENTED_EDGE('',*,*,#2718,.T.);
#2721=ORIENTED_EDGE('',*,*,#2720,.F.);
#2723=ORIENTED_EDGE('',*,*,#2722,.F.);
#2725=ORIENTED_EDGE('',*,*,#2724,.T.);
#2727=ORIENTED_EDGE('',*,*,#2726,.T.);
#2729=ORIENTED_EDGE('',*,*,#2728,.F.);
#2731=ORIENTED_EDGE('',*,*,#2730,.F.);
#2733=ORIENTED_EDGE('',*,*,#2732,.T.);
#2735=ORIENTED_EDGE('',*,*,#2734,.T.);
#2737=ORIENTED_EDGE('',*,*,#2736,.F.);
#2739=ORIENTED_EDGE('',*,*,#2738,.F.);
#2741=ORIENTED_EDGE('',*,*,#2740,.F.);
#2742=ORIENTED_EDGE('',*,*,#2409,.F.);
#2744=ORIENTED_EDGE('',*,*,#2743,.T.);
#2746=ORIENTED_EDGE('',*,*,#2745,.T.);
#2748=ORIENTED_EDGE('',*,*,#2747,.F.);
#2749=ORIENTED_EDGE('',*,*,#2451,.F.);
#2751=ORIENTED_EDGE('',*,*,#2750,.T.);
#2753=ORIENTED_EDGE('',*,*,#2752,.T.);
#2755=ORIENTED_EDGE('',*,*,#2754,.F.);
#2756=ORIENTED_EDGE('',*,*,#2527,.F.);
#2758=ORIENTED_EDGE('',*,*,#2757,.T.);
#2760=ORIENTED_EDGE('',*,*,#2759,.T.);
#2761=ORIENTED_EDGE('',*,*,#2661,.F.);
#2762=ORIENTED_EDGE('',*,*,#2559,.F.);
#2764=ORIENTED_EDGE('',*,*,#2763,.T.);
#2766=ORIENTED_EDGE('',*,*,#2765,.T.);
#2768=ORIENTED_EDGE('',*,*,#2767,.F.);
#2769=ORIENTED_EDGE('',*,*,#2501,.F.);
#2771=ORIENTED_EDGE('',*,*,#2770,.T.);
#2773=ORIENTED_EDGE('',*,*,#2772,.T.);
#2775=ORIENTED_EDGE('',*,*,#2774,.F.);
#2776=ORIENTED_EDGE('',*,*,#2475,.F.);
#2778=ORIENTED_EDGE('',*,*,#2777,.T.);
#2780=ORIENTED_EDGE('',*,*,#2779,.T.);
#2782=ORIENTED_EDGE('',*,*,#2781,.F.);
#2783=ORIENTED_EDGE('',*,*,#2423,.F.);
#2784=EDGE_LOOP('',(#2674,#2676,#2678,#2679,#2681,#2683,#2685,#2687,#2689,#2691,
#2693,#2695,#2697,#2699,#2701,#2703,#2705,#2707,#2709,#2711,#2713,#2715,#2717,
#2719,#2721,#2723,#2725,#2727,#2729,#2731,#2733,#2735,#2737,#2739,#2741,#2742,
#2744,#2746,#2748,#2749,#2751,#2753,#2755,#2756,#2758,#2760,#2761,#2762,#2764,
#2766,#2768,#2769,#2771,#2773,#2775,#2776,#2778,#2780,#2782,#2783));
#2785=FACE_OUTER_BOUND('',#2784,.F.);
#2786=ADVANCED_FACE('',(#2785),#2672,.T.);
#2787=CARTESIAN_POINT('',(1.078E1,1.585E0,3.47E0));
#2788=DIRECTION('',(-1.E0,0.E0,0.E0));
#2789=DIRECTION('',(0.E0,-1.E0,0.E0));
#2790=AXIS2_PLACEMENT_3D('',#2787,#2788,#2789);
#2791=PLANE('',#2790);
#2792=ORIENTED_EDGE('',*,*,#2627,.T.);
#2794=ORIENTED_EDGE('',*,*,#2793,.F.);
#2795=ORIENTED_EDGE('',*,*,#2673,.F.);
#2796=ORIENTED_EDGE('',*,*,#2421,.F.);
#2797=EDGE_LOOP('',(#2792,#2794,#2795,#2796));
#2798=FACE_OUTER_BOUND('',#2797,.F.);
#2799=ADVANCED_FACE('',(#2798),#2791,.F.);
#2800=CARTESIAN_POINT('',(1.078E1,1.205E0,3.47E0));
#2801=DIRECTION('',(0.E0,-1.E0,0.E0));
#2802=DIRECTION('',(1.E0,0.E0,0.E0));
#2803=AXIS2_PLACEMENT_3D('',#2800,#2801,#2802);
#2804=PLANE('',#2803);
#2805=ORIENTED_EDGE('',*,*,#2625,.T.);
#2807=ORIENTED_EDGE('',*,*,#2806,.F.);
#2808=ORIENTED_EDGE('',*,*,#2675,.F.);
#2809=ORIENTED_EDGE('',*,*,#2793,.T.);
#2810=EDGE_LOOP('',(#2805,#2807,#2808,#2809));
#2811=FACE_OUTER_BOUND('',#2810,.F.);
#2813=ORIENTED_EDGE('',*,*,#2812,.T.);
#2815=ORIENTED_EDGE('',*,*,#2814,.T.);
#2816=EDGE_LOOP('',(#2813,#2815));
#2817=FACE_BOUND('',#2816,.F.);
#2818=ADVANCED_FACE('',(#2811,#2817),#2804,.F.);
#2819=CARTESIAN_POINT('',(1.187E1,-6.9875E0,0.E0));
#2820=DIRECTION('',(0.E0,1.E0,0.E0));
#2821=DIRECTION('',(1.E0,0.E0,0.E0));
#2822=AXIS2_PLACEMENT_3D('',#2819,#2820,#2821);
#2823=CYLINDRICAL_SURFACE('',#2822,5.7E-1);
#2824=ORIENTED_EDGE('',*,*,#2812,.F.);
#2826=ORIENTED_EDGE('',*,*,#2825,.T.);
#2828=ORIENTED_EDGE('',*,*,#2827,.T.);
#2830=ORIENTED_EDGE('',*,*,#2829,.F.);
#2831=EDGE_LOOP('',(#2824,#2826,#2828,#2830));
#2832=FACE_OUTER_BOUND('',#2831,.F.);
#2833=ADVANCED_FACE('',(#2832),#2823,.T.);
#2834=CARTESIAN_POINT('',(1.187E1,-6.9875E0,0.E0));
#2835=DIRECTION('',(0.E0,1.E0,0.E0));
#2836=DIRECTION('',(1.E0,0.E0,0.E0));
#2837=AXIS2_PLACEMENT_3D('',#2834,#2835,#2836);
#2838=CYLINDRICAL_SURFACE('',#2837,5.7E-1);
#2840=ORIENTED_EDGE('',*,*,#2839,.T.);
#2842=ORIENTED_EDGE('',*,*,#2841,.F.);
#2844=ORIENTED_EDGE('',*,*,#2843,.F.);
#2846=ORIENTED_EDGE('',*,*,#2845,.T.);
#2847=EDGE_LOOP('',(#2840,#2842,#2844,#2846));
#2848=FACE_OUTER_BOUND('',#2847,.F.);
#2849=ADVANCED_FACE('',(#2848),#2838,.T.);
#2850=CARTESIAN_POINT('',(1.187E1,-6.9875E0,0.E0));
#2851=DIRECTION('',(0.E0,1.E0,0.E0));
#2852=DIRECTION('',(1.E0,0.E0,0.E0));
#2853=AXIS2_PLACEMENT_3D('',#2850,#2851,#2852);
#2854=CYLINDRICAL_SURFACE('',#2853,5.7E-1);
#2855=ORIENTED_EDGE('',*,*,#2814,.F.);
#2856=ORIENTED_EDGE('',*,*,#2829,.T.);
#2858=ORIENTED_EDGE('',*,*,#2857,.F.);
#2859=ORIENTED_EDGE('',*,*,#2825,.F.);
#2860=EDGE_LOOP('',(#2855,#2856,#2858,#2859));
#2861=FACE_OUTER_BOUND('',#2860,.F.);
#2862=ADVANCED_FACE('',(#2861),#2854,.T.);
#2863=CARTESIAN_POINT('',(1.187E1,-6.9875E0,0.E0));
#2864=DIRECTION('',(0.E0,1.E0,0.E0));
#2865=DIRECTION('',(1.E0,0.E0,0.E0));
#2866=AXIS2_PLACEMENT_3D('',#2863,#2864,#2865);
#2867=CYLINDRICAL_SURFACE('',#2866,5.7E-1);
#2869=ORIENTED_EDGE('',*,*,#2868,.T.);
#2870=ORIENTED_EDGE('',*,*,#2845,.F.);
#2872=ORIENTED_EDGE('',*,*,#2871,.T.);
#2873=ORIENTED_EDGE('',*,*,#2841,.T.);
#2874=EDGE_LOOP('',(#2869,#2870,#2872,#2873));
#2875=FACE_OUTER_BOUND('',#2874,.F.);
#2876=ADVANCED_FACE('',(#2875),#2867,.T.);
#2877=CARTESIAN_POINT('',(1.187E1,1.257E1,0.E0));
#2878=DIRECTION('',(0.E0,-1.E0,0.E0));
#2879=DIRECTION('',(-1.E0,0.E0,0.E0));
#2880=AXIS2_PLACEMENT_3D('',#2877,#2878,#2879);
#2881=CONICAL_SURFACE('',#2880,4.E-1,2.090798047101E1);
#2883=ORIENTED_EDGE('',*,*,#2882,.F.);
#2884=ORIENTED_EDGE('',*,*,#2857,.T.);
#2886=ORIENTED_EDGE('',*,*,#2885,.T.);
#2888=ORIENTED_EDGE('',*,*,#2887,.F.);
#2889=EDGE_LOOP('',(#2883,#2884,#2886,#2888));
#2890=FACE_OUTER_BOUND('',#2889,.F.);
#2891=ADVANCED_FACE('',(#2890),#2881,.T.);
#2892=CARTESIAN_POINT('',(1.187E1,1.257E1,0.E0));
#2893=DIRECTION('',(0.E0,-1.E0,0.E0));
#2894=DIRECTION('',(-1.E0,0.E0,0.E0));
#2895=AXIS2_PLACEMENT_3D('',#2892,#2893,#2894);
#2896=CONICAL_SURFACE('',#2895,4.E-1,2.090798047101E1);
#2897=ORIENTED_EDGE('',*,*,#2882,.T.);
#2899=ORIENTED_EDGE('',*,*,#2898,.T.);
#2900=ORIENTED_EDGE('',*,*,#2885,.F.);
#2901=ORIENTED_EDGE('',*,*,#2827,.F.);
#2902=EDGE_LOOP('',(#2897,#2899,#2900,#2901));
#2903=FACE_OUTER_BOUND('',#2902,.F.);
#2904=ADVANCED_FACE('',(#2903),#2896,.T.);
#2905=CARTESIAN_POINT('',(1.187E1,1.3015E1,0.E0));
#2906=DIRECTION('',(0.E0,1.E0,0.E0));
#2907=DIRECTION('',(1.E0,0.E0,0.E0));
#2908=AXIS2_PLACEMENT_3D('',#2905,#2906,#2907);
#2909=PLANE('',#2908);
#2910=ORIENTED_EDGE('',*,*,#2887,.T.);
#2911=ORIENTED_EDGE('',*,*,#2898,.F.);
#2912=EDGE_LOOP('',(#2910,#2911));
#2913=FACE_OUTER_BOUND('',#2912,.F.);
#2914=ADVANCED_FACE('',(#2913),#2909,.T.);
#2915=CARTESIAN_POINT('',(1.296E1,-1.205E0,3.47E0));
#2916=DIRECTION('',(0.E0,1.E0,0.E0));
#2917=DIRECTION('',(-1.E0,0.E0,0.E0));
#2918=AXIS2_PLACEMENT_3D('',#2915,#2916,#2917);
#2919=PLANE('',#2918);
#2920=ORIENTED_EDGE('',*,*,#2348,.T.);
#2922=ORIENTED_EDGE('',*,*,#2921,.F.);
#2923=ORIENTED_EDGE('',*,*,#2686,.F.);
#2925=ORIENTED_EDGE('',*,*,#2924,.T.);
#2926=EDGE_LOOP('',(#2920,#2922,#2923,#2925));
#2927=FACE_OUTER_BOUND('',#2926,.F.);
#2928=ORIENTED_EDGE('',*,*,#2839,.F.);
#2929=ORIENTED_EDGE('',*,*,#2868,.F.);
#2930=EDGE_LOOP('',(#2928,#2929));
#2931=FACE_BOUND('',#2930,.F.);
#2932=ADVANCED_FACE('',(#2927,#2931),#2919,.F.);
#2933=CARTESIAN_POINT('',(1.078E1,-1.205E0,3.47E0));
#2934=DIRECTION('',(-1.E0,0.E0,0.E0));
#2935=DIRECTION('',(0.E0,-1.E0,0.E0));
#2936=AXIS2_PLACEMENT_3D('',#2933,#2934,#2935);
#2937=PLANE('',#2936);
#2938=ORIENTED_EDGE('',*,*,#2346,.F.);
#2940=ORIENTED_EDGE('',*,*,#2939,.T.);
#2941=ORIENTED_EDGE('',*,*,#2688,.T.);
#2942=ORIENTED_EDGE('',*,*,#2921,.T.);
#2943=EDGE_LOOP('',(#2938,#2940,#2941,#2942));
#2944=FACE_OUTER_BOUND('',#2943,.F.);
#2945=ADVANCED_FACE('',(#2944),#2937,.F.);
#2946=CARTESIAN_POINT('',(-1.387E1,-1.585E0,-3.43E0));
#2947=DIRECTION('',(0.E0,-1.E0,0.E0));
#2948=DIRECTION('',(1.E0,0.E0,0.E0));
#2949=AXIS2_PLACEMENT_3D('',#2946,#2947,#2948);
#2950=PLANE('',#2949);
#2952=ORIENTED_EDGE('',*,*,#2951,.F.);
#2953=ORIENTED_EDGE('',*,*,#2296,.F.);
#2955=ORIENTED_EDGE('',*,*,#2954,.T.);
#2956=ORIENTED_EDGE('',*,*,#2738,.T.);
#2957=EDGE_LOOP('',(#2952,#2953,#2955,#2956));
#2958=FACE_OUTER_BOUND('',#2957,.F.);
#2959=ADVANCED_FACE('',(#2958),#2950,.T.);
#2960=CARTESIAN_POINT('',(-1.387E1,-1.585E0,-3.43E0));
#2961=DIRECTION('',(0.E0,-1.E0,0.E0));
#2962=DIRECTION('',(1.E0,0.E0,0.E0));
#2963=AXIS2_PLACEMENT_3D('',#2960,#2961,#2962);
#2964=PLANE('',#2963);
#2966=ORIENTED_EDGE('',*,*,#2965,.F.);
#2967=ORIENTED_EDGE('',*,*,#2304,.F.);
#2969=ORIENTED_EDGE('',*,*,#2968,.T.);
#2970=ORIENTED_EDGE('',*,*,#2730,.T.);
#2971=EDGE_LOOP('',(#2966,#2967,#2969,#2970));
#2972=FACE_OUTER_BOUND('',#2971,.F.);
#2974=ORIENTED_EDGE('',*,*,#2973,.F.);
#2976=ORIENTED_EDGE('',*,*,#2975,.F.);
#2978=ORIENTED_EDGE('',*,*,#2977,.F.);
#2980=ORIENTED_EDGE('',*,*,#2979,.F.);
#2981=EDGE_LOOP('',(#2974,#2976,#2978,#2980));
#2982=FACE_BOUND('',#2981,.F.);
#2983=ADVANCED_FACE('',(#2972,#2982),#2964,.T.);
#2984=CARTESIAN_POINT('',(-1.387E1,-1.585E0,-3.43E0));
#2985=DIRECTION('',(0.E0,-1.E0,0.E0));
#2986=DIRECTION('',(1.E0,0.E0,0.E0));
#2987=AXIS2_PLACEMENT_3D('',#2984,#2985,#2986);
#2988=PLANE('',#2987);
#2990=ORIENTED_EDGE('',*,*,#2989,.F.);
#2991=ORIENTED_EDGE('',*,*,#2312,.F.);
#2993=ORIENTED_EDGE('',*,*,#2992,.T.);
#2994=ORIENTED_EDGE('',*,*,#2722,.T.);
#2995=EDGE_LOOP('',(#2990,#2991,#2993,#2994));
#2996=FACE_OUTER_BOUND('',#2995,.F.);
#2998=ORIENTED_EDGE('',*,*,#2997,.F.);
#3000=ORIENTED_EDGE('',*,*,#2999,.F.);
#3002=ORIENTED_EDGE('',*,*,#3001,.F.);
#3004=ORIENTED_EDGE('',*,*,#3003,.F.);
#3005=EDGE_LOOP('',(#2998,#3000,#3002,#3004));
#3006=FACE_BOUND('',#3005,.F.);
#3007=ADVANCED_FACE('',(#2996,#3006),#2988,.T.);
#3008=CARTESIAN_POINT('',(-1.387E1,-1.585E0,-3.43E0));
#3009=DIRECTION('',(0.E0,-1.E0,0.E0));
#3010=DIRECTION('',(1.E0,0.E0,0.E0));
#3011=AXIS2_PLACEMENT_3D('',#3008,#3009,#3010);
#3012=PLANE('',#3011);
#3014=ORIENTED_EDGE('',*,*,#3013,.F.);
#3015=ORIENTED_EDGE('',*,*,#2320,.F.);
#3017=ORIENTED_EDGE('',*,*,#3016,.T.);
#3018=ORIENTED_EDGE('',*,*,#2714,.T.);
#3019=EDGE_LOOP('',(#3014,#3015,#3017,#3018));
#3020=FACE_OUTER_BOUND('',#3019,.F.);
#3022=ORIENTED_EDGE('',*,*,#3021,.F.);
#3024=ORIENTED_EDGE('',*,*,#3023,.F.);
#3026=ORIENTED_EDGE('',*,*,#3025,.F.);
#3028=ORIENTED_EDGE('',*,*,#3027,.F.);
#3029=EDGE_LOOP('',(#3022,#3024,#3026,#3028));
#3030=FACE_BOUND('',#3029,.F.);
#3031=ADVANCED_FACE('',(#3020,#3030),#3012,.T.);
#3032=CARTESIAN_POINT('',(-1.387E1,-1.585E0,-3.43E0));
#3033=DIRECTION('',(0.E0,-1.E0,0.E0));
#3034=DIRECTION('',(1.E0,0.E0,0.E0));
#3035=AXIS2_PLACEMENT_3D('',#3032,#3033,#3034);
#3036=PLANE('',#3035);
#3038=ORIENTED_EDGE('',*,*,#3037,.F.);
#3039=ORIENTED_EDGE('',*,*,#2328,.F.);
#3041=ORIENTED_EDGE('',*,*,#3040,.T.);
#3042=ORIENTED_EDGE('',*,*,#2706,.T.);
#3043=EDGE_LOOP('',(#3038,#3039,#3041,#3042));
#3044=FACE_OUTER_BOUND('',#3043,.F.);
#3046=ORIENTED_EDGE('',*,*,#3045,.F.);
#3048=ORIENTED_EDGE('',*,*,#3047,.F.);
#3050=ORIENTED_EDGE('',*,*,#3049,.F.);
#3052=ORIENTED_EDGE('',*,*,#3051,.F.);
#3053=EDGE_LOOP('',(#3046,#3048,#3050,#3052));
#3054=FACE_BOUND('',#3053,.F.);
#3055=ADVANCED_FACE('',(#3044,#3054),#3036,.T.);
#3056=CARTESIAN_POINT('',(-1.387E1,-1.585E0,-3.43E0));
#3057=DIRECTION('',(0.E0,-1.E0,0.E0));
#3058=DIRECTION('',(1.E0,0.E0,0.E0));
#3059=AXIS2_PLACEMENT_3D('',#3056,#3057,#3058);
#3060=PLANE('',#3059);
#3062=ORIENTED_EDGE('',*,*,#3061,.F.);
#3063=ORIENTED_EDGE('',*,*,#2336,.F.);
#3065=ORIENTED_EDGE('',*,*,#3064,.T.);
#3066=ORIENTED_EDGE('',*,*,#2698,.T.);
#3067=EDGE_LOOP('',(#3062,#3063,#3065,#3066));
#3068=FACE_OUTER_BOUND('',#3067,.F.);
#3070=ORIENTED_EDGE('',*,*,#3069,.F.);
#3072=ORIENTED_EDGE('',*,*,#3071,.F.);
#3074=ORIENTED_EDGE('',*,*,#3073,.F.);
#3076=ORIENTED_EDGE('',*,*,#3075,.F.);
#3077=EDGE_LOOP('',(#3070,#3072,#3074,#3076));
#3078=FACE_BOUND('',#3077,.F.);
#3079=ADVANCED_FACE('',(#3068,#3078),#3060,.T.);
#3080=CARTESIAN_POINT('',(-1.387E1,-1.585E0,-3.43E0));
#3081=DIRECTION('',(0.E0,-1.E0,0.E0));
#3082=DIRECTION('',(1.E0,0.E0,0.E0));
#3083=AXIS2_PLACEMENT_3D('',#3080,#3081,#3082);
#3084=PLANE('',#3083);
#3086=ORIENTED_EDGE('',*,*,#3085,.T.);
#3087=ORIENTED_EDGE('',*,*,#2682,.T.);
#3089=ORIENTED_EDGE('',*,*,#3088,.F.);
#3090=ORIENTED_EDGE('',*,*,#2352,.F.);
#3091=EDGE_LOOP('',(#3086,#3087,#3089,#3090));
#3092=FACE_OUTER_BOUND('',#3091,.F.);
#3093=ADVANCED_FACE('',(#3092),#3084,.T.);
#3094=CARTESIAN_POINT('',(-1.387E1,-1.585E0,-3.43E0));
#3095=DIRECTION('',(0.E0,-1.E0,0.E0));
#3096=DIRECTION('',(1.E0,0.E0,0.E0));
#3097=AXIS2_PLACEMENT_3D('',#3094,#3095,#3096);
#3098=PLANE('',#3097);
#3099=ORIENTED_EDGE('',*,*,#2939,.F.);
#3100=ORIENTED_EDGE('',*,*,#2344,.F.);
#3102=ORIENTED_EDGE('',*,*,#3101,.T.);
#3103=ORIENTED_EDGE('',*,*,#2690,.T.);
#3104=EDGE_LOOP('',(#3099,#3100,#3102,#3103));
#3105=FACE_OUTER_BOUND('',#3104,.F.);
#3107=ORIENTED_EDGE('',*,*,#3106,.F.);
#3109=ORIENTED_EDGE('',*,*,#3108,.F.);
#3111=ORIENTED_EDGE('',*,*,#3110,.F.);
#3113=ORIENTED_EDGE('',*,*,#3112,.F.);
#3114=EDGE_LOOP('',(#3107,#3109,#3111,#3113));
#3115=FACE_BOUND('',#3114,.F.);
#3116=ADVANCED_FACE('',(#3105,#3115),#3098,.T.);
#3117=CARTESIAN_POINT('',(-1.298E1,-1.205E0,3.47E0));
#3118=DIRECTION('',(-1.E0,0.E0,0.E0));
#3119=DIRECTION('',(0.E0,-1.E0,0.E0));
#3120=AXIS2_PLACEMENT_3D('',#3117,#3118,#3119);
#3121=PLANE('',#3120);
#3122=ORIENTED_EDGE('',*,*,#2298,.F.);
#3123=ORIENTED_EDGE('',*,*,#2951,.T.);
#3124=ORIENTED_EDGE('',*,*,#2736,.T.);
#3126=ORIENTED_EDGE('',*,*,#3125,.T.);
#3127=EDGE_LOOP('',(#3122,#3123,#3124,#3126));
#3128=FACE_OUTER_BOUND('',#3127,.F.);
#3129=ADVANCED_FACE('',(#3128),#3121,.F.);
#3130=CARTESIAN_POINT('',(-1.08E1,-1.205E0,3.47E0));
#3131=DIRECTION('',(0.E0,1.E0,0.E0));
#3132=DIRECTION('',(-1.E0,0.E0,0.E0));
#3133=AXIS2_PLACEMENT_3D('',#3130,#3131,#3132);
#3134=PLANE('',#3133);
#3135=ORIENTED_EDGE('',*,*,#2300,.T.);
#3136=ORIENTED_EDGE('',*,*,#3125,.F.);
#3137=ORIENTED_EDGE('',*,*,#2734,.F.);
#3139=ORIENTED_EDGE('',*,*,#3138,.T.);
#3140=EDGE_LOOP('',(#3135,#3136,#3137,#3139));
#3141=FACE_OUTER_BOUND('',#3140,.F.);
#3143=ORIENTED_EDGE('',*,*,#3142,.F.);
#3145=ORIENTED_EDGE('',*,*,#3144,.F.);
#3146=EDGE_LOOP('',(#3143,#3145));
#3147=FACE_BOUND('',#3146,.F.);
#3148=ADVANCED_FACE('',(#3141,#3147),#3134,.F.);
#3149=CARTESIAN_POINT('',(-1.08E1,-1.585E0,3.47E0));
#3150=DIRECTION('',(1.E0,0.E0,0.E0));
#3151=DIRECTION('',(0.E0,1.E0,0.E0));
#3152=AXIS2_PLACEMENT_3D('',#3149,#3150,#3151);
#3153=PLANE('',#3152);
#3154=ORIENTED_EDGE('',*,*,#2302,.T.);
#3155=ORIENTED_EDGE('',*,*,#3138,.F.);
#3156=ORIENTED_EDGE('',*,*,#2732,.F.);
#3157=ORIENTED_EDGE('',*,*,#2968,.F.);
#3158=EDGE_LOOP('',(#3154,#3155,#3156,#3157));
#3159=FACE_OUTER_BOUND('',#3158,.F.);
#3160=ADVANCED_FACE('',(#3159),#3153,.F.);
#3161=CARTESIAN_POINT('',(-1.189E1,-6.9875E0,0.E0));
#3162=DIRECTION('',(0.E0,1.E0,0.E0));
#3163=DIRECTION('',(1.E0,0.E0,0.E0));
#3164=AXIS2_PLACEMENT_3D('',#3161,#3162,#3163);
#3165=CYLINDRICAL_SURFACE('',#3164,5.7E-1);
#3167=ORIENTED_EDGE('',*,*,#3166,.F.);
#3169=ORIENTED_EDGE('',*,*,#3168,.T.);
#3171=ORIENTED_EDGE('',*,*,#3170,.T.);
#3173=ORIENTED_EDGE('',*,*,#3172,.F.);
#3174=EDGE_LOOP('',(#3167,#3169,#3171,#3173));
#3175=FACE_OUTER_BOUND('',#3174,.F.);
#3176=ADVANCED_FACE('',(#3175),#3165,.T.);
#3177=CARTESIAN_POINT('',(-1.189E1,-6.9875E0,0.E0));
#3178=DIRECTION('',(0.E0,1.E0,0.E0));
#3179=DIRECTION('',(1.E0,0.E0,0.E0));
#3180=AXIS2_PLACEMENT_3D('',#3177,#3178,#3179);
#3181=CYLINDRICAL_SURFACE('',#3180,5.7E-1);
#3182=ORIENTED_EDGE('',*,*,#3142,.T.);
#3184=ORIENTED_EDGE('',*,*,#3183,.F.);
#3186=ORIENTED_EDGE('',*,*,#3185,.F.);
#3188=ORIENTED_EDGE('',*,*,#3187,.T.);
#3189=EDGE_LOOP('',(#3182,#3184,#3186,#3188));
#3190=FACE_OUTER_BOUND('',#3189,.F.);
#3191=ADVANCED_FACE('',(#3190),#3181,.T.);
#3192=CARTESIAN_POINT('',(-1.298E1,1.205E0,3.47E0));
#3193=DIRECTION('',(0.E0,-1.E0,0.E0));
#3194=DIRECTION('',(1.E0,0.E0,0.E0));
#3195=AXIS2_PLACEMENT_3D('',#3192,#3193,#3194);
#3196=PLANE('',#3195);
#3197=ORIENTED_EDGE('',*,*,#2599,.T.);
#3199=ORIENTED_EDGE('',*,*,#3198,.F.);
#3200=ORIENTED_EDGE('',*,*,#2745,.F.);
#3202=ORIENTED_EDGE('',*,*,#3201,.T.);
#3203=EDGE_LOOP('',(#3197,#3199,#3200,#3202));
#3204=FACE_OUTER_BOUND('',#3203,.F.);
#3205=ORIENTED_EDGE('',*,*,#3166,.T.);
#3207=ORIENTED_EDGE('',*,*,#3206,.T.);
#3208=EDGE_LOOP('',(#3205,#3207));
#3209=FACE_BOUND('',#3208,.F.);
#3210=ADVANCED_FACE('',(#3204,#3209),#3196,.F.);
#3211=CARTESIAN_POINT('',(-1.189E1,-6.9875E0,0.E0));
#3212=DIRECTION('',(0.E0,1.E0,0.E0));
#3213=DIRECTION('',(1.E0,0.E0,0.E0));
#3214=AXIS2_PLACEMENT_3D('',#3211,#3212,#3213);
#3215=CYLINDRICAL_SURFACE('',#3214,5.7E-1);
#3216=ORIENTED_EDGE('',*,*,#3206,.F.);
#3217=ORIENTED_EDGE('',*,*,#3172,.T.);
#3219=ORIENTED_EDGE('',*,*,#3218,.F.);
#3220=ORIENTED_EDGE('',*,*,#3168,.F.);
#3221=EDGE_LOOP('',(#3216,#3217,#3219,#3220));
#3222=FACE_OUTER_BOUND('',#3221,.F.);
#3223=ADVANCED_FACE('',(#3222),#3215,.T.);
#3224=CARTESIAN_POINT('',(-1.189E1,-6.9875E0,0.E0));
#3225=DIRECTION('',(0.E0,1.E0,0.E0));
#3226=DIRECTION('',(1.E0,0.E0,0.E0));
#3227=AXIS2_PLACEMENT_3D('',#3224,#3225,#3226);
#3228=CYLINDRICAL_SURFACE('',#3227,5.7E-1);
#3229=ORIENTED_EDGE('',*,*,#3144,.T.);
#3230=ORIENTED_EDGE('',*,*,#3187,.F.);
#3232=ORIENTED_EDGE('',*,*,#3231,.T.);
#3233=ORIENTED_EDGE('',*,*,#3183,.T.);
#3234=EDGE_LOOP('',(#3229,#3230,#3232,#3233));
#3235=FACE_OUTER_BOUND('',#3234,.F.);
#3236=ADVANCED_FACE('',(#3235),#3228,.T.);
#3237=CARTESIAN_POINT('',(-1.189E1,1.257E1,0.E0));
#3238=DIRECTION('',(0.E0,-1.E0,0.E0));
#3239=DIRECTION('',(-1.E0,0.E0,0.E0));
#3240=AXIS2_PLACEMENT_3D('',#3237,#3238,#3239);
#3241=CONICAL_SURFACE('',#3240,4.E-1,2.090798047101E1);
#3243=ORIENTED_EDGE('',*,*,#3242,.F.);
#3244=ORIENTED_EDGE('',*,*,#3218,.T.);
#3246=ORIENTED_EDGE('',*,*,#3245,.T.);
#3248=ORIENTED_EDGE('',*,*,#3247,.F.);
#3249=EDGE_LOOP('',(#3243,#3244,#3246,#3248));
#3250=FACE_OUTER_BOUND('',#3249,.F.);
#3251=ADVANCED_FACE('',(#3250),#3241,.T.);
#3252=CARTESIAN_POINT('',(-1.189E1,1.257E1,0.E0));
#3253=DIRECTION('',(0.E0,-1.E0,0.E0));
#3254=DIRECTION('',(-1.E0,0.E0,0.E0));
#3255=AXIS2_PLACEMENT_3D('',#3252,#3253,#3254);
#3256=CONICAL_SURFACE('',#3255,4.E-1,2.090798047101E1);
#3257=ORIENTED_EDGE('',*,*,#3242,.T.);
#3259=ORIENTED_EDGE('',*,*,#3258,.T.);
#3260=ORIENTED_EDGE('',*,*,#3245,.F.);
#3261=ORIENTED_EDGE('',*,*,#3170,.F.);
#3262=EDGE_LOOP('',(#3257,#3259,#3260,#3261));
#3263=FACE_OUTER_BOUND('',#3262,.F.);
#3264=ADVANCED_FACE('',(#3263),#3256,.T.);
#3265=CARTESIAN_POINT('',(-1.189E1,1.3015E1,0.E0));
#3266=DIRECTION('',(0.E0,1.E0,0.E0));
#3267=DIRECTION('',(1.E0,0.E0,0.E0));
#3268=AXIS2_PLACEMENT_3D('',#3265,#3266,#3267);
#3269=PLANE('',#3268);
#3270=ORIENTED_EDGE('',*,*,#3247,.T.);
#3271=ORIENTED_EDGE('',*,*,#3258,.F.);
#3272=EDGE_LOOP('',(#3270,#3271));
#3273=FACE_OUTER_BOUND('',#3272,.F.);
#3274=ADVANCED_FACE('',(#3273),#3269,.T.);
#3275=CARTESIAN_POINT('',(-1.189E1,-5.59E0,0.E0));
#3276=DIRECTION('',(0.E0,1.E0,0.E0));
#3277=DIRECTION('',(1.E0,0.E0,0.E0));
#3278=AXIS2_PLACEMENT_3D('',#3275,#3276,#3277);
#3279=CONICAL_SURFACE('',#3278,4.E-1,2.090798047101E1);
#3281=ORIENTED_EDGE('',*,*,#3280,.F.);
#3283=ORIENTED_EDGE('',*,*,#3282,.T.);
#3285=ORIENTED_EDGE('',*,*,#3284,.T.);
#3286=ORIENTED_EDGE('',*,*,#3231,.F.);
#3287=EDGE_LOOP('',(#3281,#3283,#3285,#3286));
#3288=FACE_OUTER_BOUND('',#3287,.F.);
#3289=ADVANCED_FACE('',(#3288),#3279,.T.);
#3290=CARTESIAN_POINT('',(-1.189E1,-5.59E0,0.E0));
#3291=DIRECTION('',(0.E0,1.E0,0.E0));
#3292=DIRECTION('',(1.E0,0.E0,0.E0));
#3293=AXIS2_PLACEMENT_3D('',#3290,#3291,#3292);
#3294=CONICAL_SURFACE('',#3293,4.E-1,2.090798047101E1);
#3295=ORIENTED_EDGE('',*,*,#3280,.T.);
#3296=ORIENTED_EDGE('',*,*,#3185,.T.);
#3297=ORIENTED_EDGE('',*,*,#3284,.F.);
#3299=ORIENTED_EDGE('',*,*,#3298,.F.);
#3300=EDGE_LOOP('',(#3295,#3296,#3297,#3299));
#3301=FACE_OUTER_BOUND('',#3300,.F.);
#3302=ADVANCED_FACE('',(#3301),#3294,.T.);
#3303=CARTESIAN_POINT('',(-1.189E1,-6.035E0,0.E0));
#3304=DIRECTION('',(0.E0,1.E0,0.E0));
#3305=DIRECTION('',(1.E0,0.E0,0.E0));
#3306=AXIS2_PLACEMENT_3D('',#3303,#3304,#3305);
#3307=PLANE('',#3306);
#3308=ORIENTED_EDGE('',*,*,#3282,.F.);
#3309=ORIENTED_EDGE('',*,*,#3298,.T.);
#3310=EDGE_LOOP('',(#3308,#3309));
#3311=FACE_OUTER_BOUND('',#3310,.F.);
#3312=ADVANCED_FACE('',(#3311),#3307,.F.);
#3313=CARTESIAN_POINT('',(-1.08E1,1.205E0,3.47E0));
#3314=DIRECTION('',(1.E0,0.E0,0.E0));
#3315=DIRECTION('',(0.E0,1.E0,0.E0));
#3316=AXIS2_PLACEMENT_3D('',#3313,#3314,#3315);
#3317=PLANE('',#3316);
#3318=ORIENTED_EDGE('',*,*,#2445,.T.);
#3319=ORIENTED_EDGE('',*,*,#2747,.T.);
#3320=ORIENTED_EDGE('',*,*,#3198,.T.);
#3321=ORIENTED_EDGE('',*,*,#2597,.T.);
#3322=EDGE_LOOP('',(#3318,#3319,#3320,#3321));
#3323=FACE_OUTER_BOUND('',#3322,.F.);
#3324=ADVANCED_FACE('',(#3323),#3317,.F.);
#3325=CARTESIAN_POINT('',(-1.298E1,1.585E0,3.47E0));
#3326=DIRECTION('',(-1.E0,0.E0,0.E0));
#3327=DIRECTION('',(0.E0,-1.E0,0.E0));
#3328=AXIS2_PLACEMENT_3D('',#3325,#3326,#3327);
#3329=PLANE('',#3328);
#3330=ORIENTED_EDGE('',*,*,#2407,.F.);
#3331=ORIENTED_EDGE('',*,*,#2601,.T.);
#3332=ORIENTED_EDGE('',*,*,#3201,.F.);
#3333=ORIENTED_EDGE('',*,*,#2743,.F.);
#3334=EDGE_LOOP('',(#3330,#3331,#3332,#3333));
#3335=FACE_OUTER_BOUND('',#3334,.F.);
#3336=ADVANCED_FACE('',(#3335),#3329,.F.);
#3337=CARTESIAN_POINT('',(-1.387E1,1.585E0,-3.43E0));
#3338=DIRECTION('',(-1.E0,0.E0,0.E0));
#3339=DIRECTION('',(0.E0,-1.E0,0.E0));
#3340=AXIS2_PLACEMENT_3D('',#3337,#3338,#3339);
#3341=PLANE('',#3340);
#3342=ORIENTED_EDGE('',*,*,#2294,.T.);
#3344=ORIENTED_EDGE('',*,*,#3343,.F.);
#3346=ORIENTED_EDGE('',*,*,#3345,.F.);
#3347=ORIENTED_EDGE('',*,*,#2604,.T.);
#3348=ORIENTED_EDGE('',*,*,#2403,.T.);
#3349=ORIENTED_EDGE('',*,*,#2740,.T.);
#3350=ORIENTED_EDGE('',*,*,#2954,.F.);
#3351=EDGE_LOOP('',(#3342,#3344,#3346,#3347,#3348,#3349,#3350));
#3352=FACE_OUTER_BOUND('',#3351,.F.);
#3353=ADVANCED_FACE('',(#3352),#3341,.T.);
#3354=CARTESIAN_POINT('',(1.387E1,7.535E0,-3.43E0));
#3355=DIRECTION('',(0.E0,1.E0,0.E0));
#3356=DIRECTION('',(0.E0,0.E0,1.E0));
#3357=AXIS2_PLACEMENT_3D('',#3354,#3355,#3356);
#3358=PLANE('',#3357);
#3359=ORIENTED_EDGE('',*,*,#2377,.T.);
#3361=ORIENTED_EDGE('',*,*,#3360,.F.);
#3362=ORIENTED_EDGE('',*,*,#3343,.T.);
#3363=ORIENTED_EDGE('',*,*,#2292,.T.);
#3364=EDGE_LOOP('',(#3359,#3361,#3362,#3363));
#3365=FACE_OUTER_BOUND('',#3364,.F.);
#3366=ADVANCED_FACE('',(#3365),#3358,.T.);
#3367=CARTESIAN_POINT('',(1.387E1,7.535E0,-3.43E0));
#3368=DIRECTION('',(0.E0,1.E0,0.E0));
#3369=DIRECTION('',(0.E0,0.E0,1.E0));
#3370=AXIS2_PLACEMENT_3D('',#3367,#3368,#3369);
#3371=PLANE('',#3370);
#3373=ORIENTED_EDGE('',*,*,#3372,.F.);
#3374=ORIENTED_EDGE('',*,*,#2356,.T.);
#3376=ORIENTED_EDGE('',*,*,#3375,.T.);
#3378=ORIENTED_EDGE('',*,*,#3377,.F.);
#3379=EDGE_LOOP('',(#3373,#3374,#3376,#3378));
#3380=FACE_OUTER_BOUND('',#3379,.F.);
#3381=ADVANCED_FACE('',(#3380),#3371,.T.);
#3382=CARTESIAN_POINT('',(1.387E1,7.535E0,-2.83E0));
#3383=DIRECTION('',(0.E0,5.E-1,8.660254037844E-1));
#3384=DIRECTION('',(0.E0,-8.660254037844E-1,5.E-1));
#3385=AXIS2_PLACEMENT_3D('',#3382,#3383,#3384);
#3386=PLANE('',#3385);
#3387=ORIENTED_EDGE('',*,*,#2375,.T.);
#3388=ORIENTED_EDGE('',*,*,#2606,.F.);
#3389=ORIENTED_EDGE('',*,*,#3345,.T.);
#3390=ORIENTED_EDGE('',*,*,#3360,.T.);
#3391=EDGE_LOOP('',(#3387,#3388,#3389,#3390));
#3392=FACE_OUTER_BOUND('',#3391,.F.);
#3393=ADVANCED_FACE('',(#3392),#3386,.T.);
#3394=CARTESIAN_POINT('',(1.387E1,7.535E0,-2.83E0));
#3395=DIRECTION('',(0.E0,5.E-1,8.660254037844E-1));
#3396=DIRECTION('',(0.E0,-8.660254037844E-1,5.E-1));
#3397=AXIS2_PLACEMENT_3D('',#3394,#3395,#3396);
#3398=PLANE('',#3397);
#3400=ORIENTED_EDGE('',*,*,#3399,.F.);
#3401=ORIENTED_EDGE('',*,*,#3377,.T.);
#3403=ORIENTED_EDGE('',*,*,#3402,.T.);
#3404=ORIENTED_EDGE('',*,*,#2618,.F.);
#3405=EDGE_LOOP('',(#3400,#3401,#3403,#3404));
#3406=FACE_OUTER_BOUND('',#3405,.F.);
#3407=ADVANCED_FACE('',(#3406),#3398,.T.);
#3408=CARTESIAN_POINT('',(-1.48E0,1.585E0,-2.45E0));
#3409=DIRECTION('',(1.E0,0.E0,0.E0));
#3410=DIRECTION('',(0.E0,1.E0,0.E0));
#3411=AXIS2_PLACEMENT_3D('',#3408,#3409,#3410);
#3412=PLANE('',#3411);
#3413=ORIENTED_EDGE('',*,*,#2358,.F.);
#3414=ORIENTED_EDGE('',*,*,#3372,.T.);
#3415=ORIENTED_EDGE('',*,*,#3399,.T.);
#3416=ORIENTED_EDGE('',*,*,#2616,.T.);
#3417=ORIENTED_EDGE('',*,*,#2553,.T.);
#3418=EDGE_LOOP('',(#3413,#3414,#3415,#3416,#3417));
#3419=FACE_OUTER_BOUND('',#3418,.F.);
#3420=ADVANCED_FACE('',(#3419),#3412,.F.);
#3421=CARTESIAN_POINT('',(1.387E1,-1.585E0,-3.43E0));
#3422=DIRECTION('',(1.E0,0.E0,0.E0));
#3423=DIRECTION('',(0.E0,1.E0,0.E0));
#3424=AXIS2_PLACEMENT_3D('',#3421,#3422,#3423);
#3425=PLANE('',#3424);
#3426=ORIENTED_EDGE('',*,*,#2389,.F.);
#3427=ORIENTED_EDGE('',*,*,#2620,.F.);
#3428=ORIENTED_EDGE('',*,*,#3402,.F.);
#3429=ORIENTED_EDGE('',*,*,#3375,.F.);
#3430=ORIENTED_EDGE('',*,*,#2354,.F.);
#3431=ORIENTED_EDGE('',*,*,#3088,.T.);
#3432=ORIENTED_EDGE('',*,*,#2680,.T.);
#3433=EDGE_LOOP('',(#3426,#3427,#3428,#3429,#3430,#3431,#3432));
#3434=FACE_OUTER_BOUND('',#3433,.F.);
#3435=ADVANCED_FACE('',(#3434),#3425,.T.);
#3436=CARTESIAN_POINT('',(-9.02E0,-1.205E0,3.47E0));
#3437=DIRECTION('',(-1.E0,0.E0,0.E0));
#3438=DIRECTION('',(0.E0,-1.E0,0.E0));
#3439=AXIS2_PLACEMENT_3D('',#3436,#3437,#3438);
#3440=PLANE('',#3439);
#3441=ORIENTED_EDGE('',*,*,#2306,.F.);
#3442=ORIENTED_EDGE('',*,*,#2965,.T.);
#3443=ORIENTED_EDGE('',*,*,#2728,.T.);
#3445=ORIENTED_EDGE('',*,*,#3444,.T.);
#3446=EDGE_LOOP('',(#3441,#3442,#3443,#3445));
#3447=FACE_OUTER_BOUND('',#3446,.F.);
#3448=ADVANCED_FACE('',(#3447),#3440,.F.);
#3449=CARTESIAN_POINT('',(-6.84E0,-1.205E0,3.47E0));
#3450=DIRECTION('',(0.E0,1.E0,0.E0));
#3451=DIRECTION('',(-1.E0,0.E0,0.E0));
#3452=AXIS2_PLACEMENT_3D('',#3449,#3450,#3451);
#3453=PLANE('',#3452);
#3454=ORIENTED_EDGE('',*,*,#2308,.T.);
#3455=ORIENTED_EDGE('',*,*,#3444,.F.);
#3456=ORIENTED_EDGE('',*,*,#2726,.F.);
#3458=ORIENTED_EDGE('',*,*,#3457,.T.);
#3459=EDGE_LOOP('',(#3454,#3455,#3456,#3458));
#3460=FACE_OUTER_BOUND('',#3459,.F.);
#3462=ORIENTED_EDGE('',*,*,#3461,.F.);
#3464=ORIENTED_EDGE('',*,*,#3463,.F.);
#3465=EDGE_LOOP('',(#3462,#3464));
#3466=FACE_BOUND('',#3465,.F.);
#3467=ADVANCED_FACE('',(#3460,#3466),#3453,.F.);
#3468=CARTESIAN_POINT('',(-6.84E0,-1.585E0,3.47E0));
#3469=DIRECTION('',(1.E0,0.E0,0.E0));
#3470=DIRECTION('',(0.E0,1.E0,0.E0));
#3471=AXIS2_PLACEMENT_3D('',#3468,#3469,#3470);
#3472=PLANE('',#3471);
#3473=ORIENTED_EDGE('',*,*,#2310,.T.);
#3474=ORIENTED_EDGE('',*,*,#3457,.F.);
#3475=ORIENTED_EDGE('',*,*,#2724,.F.);
#3476=ORIENTED_EDGE('',*,*,#2992,.F.);
#3477=EDGE_LOOP('',(#3473,#3474,#3475,#3476));
#3478=FACE_OUTER_BOUND('',#3477,.F.);
#3479=ADVANCED_FACE('',(#3478),#3472,.F.);
#3480=CARTESIAN_POINT('',(-7.93E0,-6.9875E0,0.E0));
#3481=DIRECTION('',(0.E0,1.E0,0.E0));
#3482=DIRECTION('',(1.E0,0.E0,0.E0));
#3483=AXIS2_PLACEMENT_3D('',#3480,#3481,#3482);
#3484=CYLINDRICAL_SURFACE('',#3483,5.7E-1);
#3486=ORIENTED_EDGE('',*,*,#3485,.F.);
#3488=ORIENTED_EDGE('',*,*,#3487,.T.);
#3490=ORIENTED_EDGE('',*,*,#3489,.T.);
#3492=ORIENTED_EDGE('',*,*,#3491,.F.);
#3493=EDGE_LOOP('',(#3486,#3488,#3490,#3492));
#3494=FACE_OUTER_BOUND('',#3493,.F.);
#3495=ADVANCED_FACE('',(#3494),#3484,.T.);
#3496=CARTESIAN_POINT('',(-7.93E0,-6.9875E0,0.E0));
#3497=DIRECTION('',(0.E0,1.E0,0.E0));
#3498=DIRECTION('',(1.E0,0.E0,0.E0));
#3499=AXIS2_PLACEMENT_3D('',#3496,#3497,#3498);
#3500=CYLINDRICAL_SURFACE('',#3499,5.7E-1);
#3501=ORIENTED_EDGE('',*,*,#3461,.T.);
#3503=ORIENTED_EDGE('',*,*,#3502,.F.);
#3505=ORIENTED_EDGE('',*,*,#3504,.F.);
#3507=ORIENTED_EDGE('',*,*,#3506,.T.);
#3508=EDGE_LOOP('',(#3501,#3503,#3505,#3507));
#3509=FACE_OUTER_BOUND('',#3508,.F.);
#3510=ADVANCED_FACE('',(#3509),#3500,.T.);
#3511=CARTESIAN_POINT('',(-9.02E0,1.205E0,3.47E0));
#3512=DIRECTION('',(0.E0,-1.E0,0.E0));
#3513=DIRECTION('',(1.E0,0.E0,0.E0));
#3514=AXIS2_PLACEMENT_3D('',#3511,#3512,#3513);
#3515=PLANE('',#3514);
#3516=ORIENTED_EDGE('',*,*,#2592,.T.);
#3518=ORIENTED_EDGE('',*,*,#3517,.F.);
#3519=ORIENTED_EDGE('',*,*,#2752,.F.);
#3521=ORIENTED_EDGE('',*,*,#3520,.T.);
#3522=EDGE_LOOP('',(#3516,#3518,#3519,#3521));
#3523=FACE_OUTER_BOUND('',#3522,.F.);
#3524=ORIENTED_EDGE('',*,*,#3485,.T.);
#3526=ORIENTED_EDGE('',*,*,#3525,.T.);
#3527=EDGE_LOOP('',(#3524,#3526));
#3528=FACE_BOUND('',#3527,.F.);
#3529=ADVANCED_FACE('',(#3523,#3528),#3515,.F.);
#3530=CARTESIAN_POINT('',(-7.93E0,-6.9875E0,0.E0));
#3531=DIRECTION('',(0.E0,1.E0,0.E0));
#3532=DIRECTION('',(1.E0,0.E0,0.E0));
#3533=AXIS2_PLACEMENT_3D('',#3530,#3531,#3532);
#3534=CYLINDRICAL_SURFACE('',#3533,5.7E-1);
#3535=ORIENTED_EDGE('',*,*,#3525,.F.);
#3536=ORIENTED_EDGE('',*,*,#3491,.T.);
#3538=ORIENTED_EDGE('',*,*,#3537,.F.);
#3539=ORIENTED_EDGE('',*,*,#3487,.F.);
#3540=EDGE_LOOP('',(#3535,#3536,#3538,#3539));
#3541=FACE_OUTER_BOUND('',#3540,.F.);
#3542=ADVANCED_FACE('',(#3541),#3534,.T.);
#3543=CARTESIAN_POINT('',(-7.93E0,-6.9875E0,0.E0));
#3544=DIRECTION('',(0.E0,1.E0,0.E0));
#3545=DIRECTION('',(1.E0,0.E0,0.E0));
#3546=AXIS2_PLACEMENT_3D('',#3543,#3544,#3545);
#3547=CYLINDRICAL_SURFACE('',#3546,5.7E-1);
#3548=ORIENTED_EDGE('',*,*,#3463,.T.);
#3549=ORIENTED_EDGE('',*,*,#3506,.F.);
#3551=ORIENTED_EDGE('',*,*,#3550,.T.);
#3552=ORIENTED_EDGE('',*,*,#3502,.T.);
#3553=EDGE_LOOP('',(#3548,#3549,#3551,#3552));
#3554=FACE_OUTER_BOUND('',#3553,.F.);
#3555=ADVANCED_FACE('',(#3554),#3547,.T.);
#3556=CARTESIAN_POINT('',(-7.93E0,1.257E1,0.E0));
#3557=DIRECTION('',(0.E0,-1.E0,0.E0));
#3558=DIRECTION('',(-1.E0,0.E0,0.E0));
#3559=AXIS2_PLACEMENT_3D('',#3556,#3557,#3558);
#3560=CONICAL_SURFACE('',#3559,4.E-1,2.090798047101E1);
#3562=ORIENTED_EDGE('',*,*,#3561,.F.);
#3563=ORIENTED_EDGE('',*,*,#3537,.T.);
#3565=ORIENTED_EDGE('',*,*,#3564,.T.);
#3567=ORIENTED_EDGE('',*,*,#3566,.F.);
#3568=EDGE_LOOP('',(#3562,#3563,#3565,#3567));
#3569=FACE_OUTER_BOUND('',#3568,.F.);
#3570=ADVANCED_FACE('',(#3569),#3560,.T.);
#3571=CARTESIAN_POINT('',(-7.93E0,1.257E1,0.E0));
#3572=DIRECTION('',(0.E0,-1.E0,0.E0));
#3573=DIRECTION('',(-1.E0,0.E0,0.E0));
#3574=AXIS2_PLACEMENT_3D('',#3571,#3572,#3573);
#3575=CONICAL_SURFACE('',#3574,4.E-1,2.090798047101E1);
#3576=ORIENTED_EDGE('',*,*,#3561,.T.);
#3578=ORIENTED_EDGE('',*,*,#3577,.T.);
#3579=ORIENTED_EDGE('',*,*,#3564,.F.);
#3580=ORIENTED_EDGE('',*,*,#3489,.F.);
#3581=EDGE_LOOP('',(#3576,#3578,#3579,#3580));
#3582=FACE_OUTER_BOUND('',#3581,.F.);
#3583=ADVANCED_FACE('',(#3582),#3575,.T.);
#3584=CARTESIAN_POINT('',(-7.93E0,1.3015E1,0.E0));
#3585=DIRECTION('',(0.E0,1.E0,0.E0));
#3586=DIRECTION('',(1.E0,0.E0,0.E0));
#3587=AXIS2_PLACEMENT_3D('',#3584,#3585,#3586);
#3588=PLANE('',#3587);
#3589=ORIENTED_EDGE('',*,*,#3566,.T.);
#3590=ORIENTED_EDGE('',*,*,#3577,.F.);
#3591=EDGE_LOOP('',(#3589,#3590));
#3592=FACE_OUTER_BOUND('',#3591,.F.);
#3593=ADVANCED_FACE('',(#3592),#3588,.T.);
#3594=CARTESIAN_POINT('',(-7.93E0,-5.59E0,0.E0));
#3595=DIRECTION('',(0.E0,1.E0,0.E0));
#3596=DIRECTION('',(1.E0,0.E0,0.E0));
#3597=AXIS2_PLACEMENT_3D('',#3594,#3595,#3596);
#3598=CONICAL_SURFACE('',#3597,4.E-1,2.090798047101E1);
#3600=ORIENTED_EDGE('',*,*,#3599,.F.);
#3602=ORIENTED_EDGE('',*,*,#3601,.T.);
#3604=ORIENTED_EDGE('',*,*,#3603,.T.);
#3605=ORIENTED_EDGE('',*,*,#3550,.F.);
#3606=EDGE_LOOP('',(#3600,#3602,#3604,#3605));
#3607=FACE_OUTER_BOUND('',#3606,.F.);
#3608=ADVANCED_FACE('',(#3607),#3598,.T.);
#3609=CARTESIAN_POINT('',(-7.93E0,-5.59E0,0.E0));
#3610=DIRECTION('',(0.E0,1.E0,0.E0));
#3611=DIRECTION('',(1.E0,0.E0,0.E0));
#3612=AXIS2_PLACEMENT_3D('',#3609,#3610,#3611);
#3613=CONICAL_SURFACE('',#3612,4.E-1,2.090798047101E1);
#3614=ORIENTED_EDGE('',*,*,#3599,.T.);
#3615=ORIENTED_EDGE('',*,*,#3504,.T.);
#3616=ORIENTED_EDGE('',*,*,#3603,.F.);
#3618=ORIENTED_EDGE('',*,*,#3617,.F.);
#3619=EDGE_LOOP('',(#3614,#3615,#3616,#3618));
#3620=FACE_OUTER_BOUND('',#3619,.F.);
#3621=ADVANCED_FACE('',(#3620),#3613,.T.);
#3622=CARTESIAN_POINT('',(-7.93E0,-6.035E0,0.E0));
#3623=DIRECTION('',(0.E0,1.E0,0.E0));
#3624=DIRECTION('',(1.E0,0.E0,0.E0));
#3625=AXIS2_PLACEMENT_3D('',#3622,#3623,#3624);
#3626=PLANE('',#3625);
#3627=ORIENTED_EDGE('',*,*,#3601,.F.);
#3628=ORIENTED_EDGE('',*,*,#3617,.T.);
#3629=EDGE_LOOP('',(#3627,#3628));
#3630=FACE_OUTER_BOUND('',#3629,.F.);
#3631=ADVANCED_FACE('',(#3630),#3626,.F.);
#3632=CARTESIAN_POINT('',(-6.84E0,1.205E0,3.47E0));
#3633=DIRECTION('',(1.E0,0.E0,0.E0));
#3634=DIRECTION('',(0.E0,1.E0,0.E0));
#3635=AXIS2_PLACEMENT_3D('',#3632,#3633,#3634);
#3636=PLANE('',#3635);
#3637=ORIENTED_EDGE('',*,*,#2590,.T.);
#3638=ORIENTED_EDGE('',*,*,#2529,.T.);
#3639=ORIENTED_EDGE('',*,*,#2754,.T.);
#3640=ORIENTED_EDGE('',*,*,#3517,.T.);
#3641=EDGE_LOOP('',(#3637,#3638,#3639,#3640));
#3642=FACE_OUTER_BOUND('',#3641,.F.);
#3643=ADVANCED_FACE('',(#3642),#3636,.F.);
#3644=CARTESIAN_POINT('',(-9.02E0,1.585E0,3.47E0));
#3645=DIRECTION('',(-1.E0,0.E0,0.E0));
#3646=DIRECTION('',(0.E0,-1.E0,0.E0));
#3647=AXIS2_PLACEMENT_3D('',#3644,#3645,#3646);
#3648=PLANE('',#3647);
#3649=ORIENTED_EDGE('',*,*,#2594,.T.);
#3650=ORIENTED_EDGE('',*,*,#3520,.F.);
#3651=ORIENTED_EDGE('',*,*,#2750,.F.);
#3652=ORIENTED_EDGE('',*,*,#2449,.F.);
#3653=EDGE_LOOP('',(#3649,#3650,#3651,#3652));
#3654=FACE_OUTER_BOUND('',#3653,.F.);
#3655=ADVANCED_FACE('',(#3654),#3648,.F.);
#3656=CARTESIAN_POINT('',(-5.06E0,-1.205E0,3.47E0));
#3657=DIRECTION('',(-1.E0,0.E0,0.E0));
#3658=DIRECTION('',(0.E0,-1.E0,0.E0));
#3659=AXIS2_PLACEMENT_3D('',#3656,#3657,#3658);
#3660=PLANE('',#3659);
#3661=ORIENTED_EDGE('',*,*,#2314,.F.);
#3662=ORIENTED_EDGE('',*,*,#2989,.T.);
#3663=ORIENTED_EDGE('',*,*,#2720,.T.);
#3665=ORIENTED_EDGE('',*,*,#3664,.T.);
#3666=EDGE_LOOP('',(#3661,#3662,#3663,#3665));
#3667=FACE_OUTER_BOUND('',#3666,.F.);
#3668=ADVANCED_FACE('',(#3667),#3660,.F.);
#3669=CARTESIAN_POINT('',(-2.88E0,-1.205E0,3.47E0));
#3670=DIRECTION('',(0.E0,1.E0,0.E0));
#3671=DIRECTION('',(-1.E0,0.E0,0.E0));
#3672=AXIS2_PLACEMENT_3D('',#3669,#3670,#3671);
#3673=PLANE('',#3672);
#3674=ORIENTED_EDGE('',*,*,#2316,.T.);
#3675=ORIENTED_EDGE('',*,*,#3664,.F.);
#3676=ORIENTED_EDGE('',*,*,#2718,.F.);
#3678=ORIENTED_EDGE('',*,*,#3677,.T.);
#3679=EDGE_LOOP('',(#3674,#3675,#3676,#3678));
#3680=FACE_OUTER_BOUND('',#3679,.F.);
#3682=ORIENTED_EDGE('',*,*,#3681,.F.);
#3684=ORIENTED_EDGE('',*,*,#3683,.F.);
#3685=EDGE_LOOP('',(#3682,#3684));
#3686=FACE_BOUND('',#3685,.F.);
#3687=ADVANCED_FACE('',(#3680,#3686),#3673,.F.);
#3688=CARTESIAN_POINT('',(-2.88E0,-1.585E0,3.47E0));
#3689=DIRECTION('',(1.E0,0.E0,0.E0));
#3690=DIRECTION('',(0.E0,1.E0,0.E0));
#3691=AXIS2_PLACEMENT_3D('',#3688,#3689,#3690);
#3692=PLANE('',#3691);
#3693=ORIENTED_EDGE('',*,*,#2318,.T.);
#3694=ORIENTED_EDGE('',*,*,#3677,.F.);
#3695=ORIENTED_EDGE('',*,*,#2716,.F.);
#3696=ORIENTED_EDGE('',*,*,#3016,.F.);
#3697=EDGE_LOOP('',(#3693,#3694,#3695,#3696));
#3698=FACE_OUTER_BOUND('',#3697,.F.);
#3699=ADVANCED_FACE('',(#3698),#3692,.F.);
#3700=CARTESIAN_POINT('',(-3.97E0,-6.9875E0,0.E0));
#3701=DIRECTION('',(0.E0,1.E0,0.E0));
#3702=DIRECTION('',(1.E0,0.E0,0.E0));
#3703=AXIS2_PLACEMENT_3D('',#3700,#3701,#3702);
#3704=CYLINDRICAL_SURFACE('',#3703,5.7E-1);
#3706=ORIENTED_EDGE('',*,*,#3705,.F.);
#3708=ORIENTED_EDGE('',*,*,#3707,.T.);
#3710=ORIENTED_EDGE('',*,*,#3709,.T.);
#3712=ORIENTED_EDGE('',*,*,#3711,.F.);
#3713=EDGE_LOOP('',(#3706,#3708,#3710,#3712));
#3714=FACE_OUTER_BOUND('',#3713,.F.);
#3715=ADVANCED_FACE('',(#3714),#3704,.T.);
#3716=CARTESIAN_POINT('',(-3.97E0,-6.9875E0,0.E0));
#3717=DIRECTION('',(0.E0,1.E0,0.E0));
#3718=DIRECTION('',(1.E0,0.E0,0.E0));
#3719=AXIS2_PLACEMENT_3D('',#3716,#3717,#3718);
#3720=CYLINDRICAL_SURFACE('',#3719,5.7E-1);
#3721=ORIENTED_EDGE('',*,*,#3681,.T.);
#3723=ORIENTED_EDGE('',*,*,#3722,.F.);
#3725=ORIENTED_EDGE('',*,*,#3724,.F.);
#3727=ORIENTED_EDGE('',*,*,#3726,.T.);
#3728=EDGE_LOOP('',(#3721,#3723,#3725,#3727));
#3729=FACE_OUTER_BOUND('',#3728,.F.);
#3730=ADVANCED_FACE('',(#3729),#3720,.T.);
#3731=CARTESIAN_POINT('',(-5.06E0,1.205E0,3.47E0));
#3732=DIRECTION('',(0.E0,-1.E0,0.E0));
#3733=DIRECTION('',(1.E0,0.E0,0.E0));
#3734=AXIS2_PLACEMENT_3D('',#3731,#3732,#3733);
#3735=PLANE('',#3734);
#3736=ORIENTED_EDGE('',*,*,#2585,.T.);
#3737=ORIENTED_EDGE('',*,*,#2663,.F.);
#3738=ORIENTED_EDGE('',*,*,#2759,.F.);
#3740=ORIENTED_EDGE('',*,*,#3739,.T.);
#3741=EDGE_LOOP('',(#3736,#3737,#3738,#3740));
#3742=FACE_OUTER_BOUND('',#3741,.F.);
#3743=ORIENTED_EDGE('',*,*,#3705,.T.);
#3745=ORIENTED_EDGE('',*,*,#3744,.T.);
#3746=EDGE_LOOP('',(#3743,#3745));
#3747=FACE_BOUND('',#3746,.F.);
#3748=ADVANCED_FACE('',(#3742,#3747),#3735,.F.);
#3749=CARTESIAN_POINT('',(-3.97E0,-6.9875E0,0.E0));
#3750=DIRECTION('',(0.E0,1.E0,0.E0));
#3751=DIRECTION('',(1.E0,0.E0,0.E0));
#3752=AXIS2_PLACEMENT_3D('',#3749,#3750,#3751);
#3753=CYLINDRICAL_SURFACE('',#3752,5.7E-1);
#3754=ORIENTED_EDGE('',*,*,#3744,.F.);
#3755=ORIENTED_EDGE('',*,*,#3711,.T.);
#3757=ORIENTED_EDGE('',*,*,#3756,.F.);
#3758=ORIENTED_EDGE('',*,*,#3707,.F.);
#3759=EDGE_LOOP('',(#3754,#3755,#3757,#3758));
#3760=FACE_OUTER_BOUND('',#3759,.F.);
#3761=ADVANCED_FACE('',(#3760),#3753,.T.);
#3762=CARTESIAN_POINT('',(-3.97E0,-6.9875E0,0.E0));
#3763=DIRECTION('',(0.E0,1.E0,0.E0));
#3764=DIRECTION('',(1.E0,0.E0,0.E0));
#3765=AXIS2_PLACEMENT_3D('',#3762,#3763,#3764);
#3766=CYLINDRICAL_SURFACE('',#3765,5.7E-1);
#3767=ORIENTED_EDGE('',*,*,#3683,.T.);
#3768=ORIENTED_EDGE('',*,*,#3726,.F.);
#3770=ORIENTED_EDGE('',*,*,#3769,.T.);
#3771=ORIENTED_EDGE('',*,*,#3722,.T.);
#3772=EDGE_LOOP('',(#3767,#3768,#3770,#3771));
#3773=FACE_OUTER_BOUND('',#3772,.F.);
#3774=ADVANCED_FACE('',(#3773),#3766,.T.);
#3775=CARTESIAN_POINT('',(-3.97E0,1.257E1,0.E0));
#3776=DIRECTION('',(0.E0,-1.E0,0.E0));
#3777=DIRECTION('',(-1.E0,0.E0,0.E0));
#3778=AXIS2_PLACEMENT_3D('',#3775,#3776,#3777);
#3779=CONICAL_SURFACE('',#3778,4.E-1,2.090798047101E1);
#3781=ORIENTED_EDGE('',*,*,#3780,.F.);
#3782=ORIENTED_EDGE('',*,*,#3756,.T.);
#3784=ORIENTED_EDGE('',*,*,#3783,.T.);
#3786=ORIENTED_EDGE('',*,*,#3785,.F.);
#3787=EDGE_LOOP('',(#3781,#3782,#3784,#3786));
#3788=FACE_OUTER_BOUND('',#3787,.F.);
#3789=ADVANCED_FACE('',(#3788),#3779,.T.);
#3790=CARTESIAN_POINT('',(-3.97E0,1.257E1,0.E0));
#3791=DIRECTION('',(0.E0,-1.E0,0.E0));
#3792=DIRECTION('',(-1.E0,0.E0,0.E0));
#3793=AXIS2_PLACEMENT_3D('',#3790,#3791,#3792);
#3794=CONICAL_SURFACE('',#3793,4.E-1,2.090798047101E1);
#3795=ORIENTED_EDGE('',*,*,#3780,.T.);
#3797=ORIENTED_EDGE('',*,*,#3796,.T.);
#3798=ORIENTED_EDGE('',*,*,#3783,.F.);
#3799=ORIENTED_EDGE('',*,*,#3709,.F.);
#3800=EDGE_LOOP('',(#3795,#3797,#3798,#3799));
#3801=FACE_OUTER_BOUND('',#3800,.F.);
#3802=ADVANCED_FACE('',(#3801),#3794,.T.);
#3803=CARTESIAN_POINT('',(-3.97E0,1.3015E1,0.E0));
#3804=DIRECTION('',(0.E0,1.E0,0.E0));
#3805=DIRECTION('',(1.E0,0.E0,0.E0));
#3806=AXIS2_PLACEMENT_3D('',#3803,#3804,#3805);
#3807=PLANE('',#3806);
#3808=ORIENTED_EDGE('',*,*,#3785,.T.);
#3809=ORIENTED_EDGE('',*,*,#3796,.F.);
#3810=EDGE_LOOP('',(#3808,#3809));
#3811=FACE_OUTER_BOUND('',#3810,.F.);
#3812=ADVANCED_FACE('',(#3811),#3807,.T.);
#3813=CARTESIAN_POINT('',(-3.97E0,-5.59E0,0.E0));
#3814=DIRECTION('',(0.E0,1.E0,0.E0));
#3815=DIRECTION('',(1.E0,0.E0,0.E0));
#3816=AXIS2_PLACEMENT_3D('',#3813,#3814,#3815);
#3817=CONICAL_SURFACE('',#3816,4.E-1,2.090798047101E1);
#3819=ORIENTED_EDGE('',*,*,#3818,.F.);
#3821=ORIENTED_EDGE('',*,*,#3820,.T.);
#3823=ORIENTED_EDGE('',*,*,#3822,.T.);
#3824=ORIENTED_EDGE('',*,*,#3769,.F.);
#3825=EDGE_LOOP('',(#3819,#3821,#3823,#3824));
#3826=FACE_OUTER_BOUND('',#3825,.F.);
#3827=ADVANCED_FACE('',(#3826),#3817,.T.);
#3828=CARTESIAN_POINT('',(-3.97E0,-5.59E0,0.E0));
#3829=DIRECTION('',(0.E0,1.E0,0.E0));
#3830=DIRECTION('',(1.E0,0.E0,0.E0));
#3831=AXIS2_PLACEMENT_3D('',#3828,#3829,#3830);
#3832=CONICAL_SURFACE('',#3831,4.E-1,2.090798047101E1);
#3833=ORIENTED_EDGE('',*,*,#3818,.T.);
#3834=ORIENTED_EDGE('',*,*,#3724,.T.);
#3835=ORIENTED_EDGE('',*,*,#3822,.F.);
#3837=ORIENTED_EDGE('',*,*,#3836,.F.);
#3838=EDGE_LOOP('',(#3833,#3834,#3835,#3837));
#3839=FACE_OUTER_BOUND('',#3838,.F.);
#3840=ADVANCED_FACE('',(#3839),#3832,.T.);
#3841=CARTESIAN_POINT('',(-3.97E0,-6.035E0,0.E0));
#3842=DIRECTION('',(0.E0,1.E0,0.E0));
#3843=DIRECTION('',(1.E0,0.E0,0.E0));
#3844=AXIS2_PLACEMENT_3D('',#3841,#3842,#3843);
#3845=PLANE('',#3844);
#3846=ORIENTED_EDGE('',*,*,#3820,.F.);
#3847=ORIENTED_EDGE('',*,*,#3836,.T.);
#3848=EDGE_LOOP('',(#3846,#3847));
#3849=FACE_OUTER_BOUND('',#3848,.F.);
#3850=ADVANCED_FACE('',(#3849),#3845,.F.);
#3851=CARTESIAN_POINT('',(-5.06E0,1.585E0,3.47E0));
#3852=DIRECTION('',(-1.E0,0.E0,0.E0));
#3853=DIRECTION('',(0.E0,-1.E0,0.E0));
#3854=AXIS2_PLACEMENT_3D('',#3851,#3852,#3853);
#3855=PLANE('',#3854);
#3856=ORIENTED_EDGE('',*,*,#2587,.T.);
#3857=ORIENTED_EDGE('',*,*,#3739,.F.);
#3858=ORIENTED_EDGE('',*,*,#2757,.F.);
#3859=ORIENTED_EDGE('',*,*,#2525,.F.);
#3860=EDGE_LOOP('',(#3856,#3857,#3858,#3859));
#3861=FACE_OUTER_BOUND('',#3860,.F.);
#3862=ADVANCED_FACE('',(#3861),#3855,.F.);
#3863=CARTESIAN_POINT('',(-1.1E0,-1.205E0,3.47E0));
#3864=DIRECTION('',(-1.E0,0.E0,0.E0));
#3865=DIRECTION('',(0.E0,-1.E0,0.E0));
#3866=AXIS2_PLACEMENT_3D('',#3863,#3864,#3865);
#3867=PLANE('',#3866);
#3868=ORIENTED_EDGE('',*,*,#2322,.F.);
#3869=ORIENTED_EDGE('',*,*,#3013,.T.);
#3870=ORIENTED_EDGE('',*,*,#2712,.T.);
#3872=ORIENTED_EDGE('',*,*,#3871,.T.);
#3873=EDGE_LOOP('',(#3868,#3869,#3870,#3872));
#3874=FACE_OUTER_BOUND('',#3873,.F.);
#3875=ADVANCED_FACE('',(#3874),#3867,.F.);
#3876=CARTESIAN_POINT('',(1.08E0,-1.205E0,3.47E0));
#3877=DIRECTION('',(0.E0,1.E0,0.E0));
#3878=DIRECTION('',(-1.E0,0.E0,0.E0));
#3879=AXIS2_PLACEMENT_3D('',#3876,#3877,#3878);
#3880=PLANE('',#3879);
#3881=ORIENTED_EDGE('',*,*,#2324,.T.);
#3882=ORIENTED_EDGE('',*,*,#3871,.F.);
#3883=ORIENTED_EDGE('',*,*,#2710,.F.);
#3885=ORIENTED_EDGE('',*,*,#3884,.T.);
#3886=EDGE_LOOP('',(#3881,#3882,#3883,#3885));
#3887=FACE_OUTER_BOUND('',#3886,.F.);
#3889=ORIENTED_EDGE('',*,*,#3888,.F.);
#3891=ORIENTED_EDGE('',*,*,#3890,.F.);
#3892=EDGE_LOOP('',(#3889,#3891));
#3893=FACE_BOUND('',#3892,.F.);
#3894=ADVANCED_FACE('',(#3887,#3893),#3880,.F.);
#3895=CARTESIAN_POINT('',(1.08E0,-1.585E0,3.47E0));
#3896=DIRECTION('',(1.E0,0.E0,0.E0));
#3897=DIRECTION('',(0.E0,1.E0,0.E0));
#3898=AXIS2_PLACEMENT_3D('',#3895,#3896,#3897);
#3899=PLANE('',#3898);
#3900=ORIENTED_EDGE('',*,*,#2326,.T.);
#3901=ORIENTED_EDGE('',*,*,#3884,.F.);
#3902=ORIENTED_EDGE('',*,*,#2708,.F.);
#3903=ORIENTED_EDGE('',*,*,#3040,.F.);
#3904=EDGE_LOOP('',(#3900,#3901,#3902,#3903));
#3905=FACE_OUTER_BOUND('',#3904,.F.);
#3906=ADVANCED_FACE('',(#3905),#3899,.F.);
#3907=CARTESIAN_POINT('',(-1.E-2,-6.9875E0,0.E0));
#3908=DIRECTION('',(0.E0,1.E0,0.E0));
#3909=DIRECTION('',(1.E0,0.E0,0.E0));
#3910=AXIS2_PLACEMENT_3D('',#3907,#3908,#3909);
#3911=CYLINDRICAL_SURFACE('',#3910,5.7E-1);
#3913=ORIENTED_EDGE('',*,*,#3912,.F.);
#3915=ORIENTED_EDGE('',*,*,#3914,.T.);
#3917=ORIENTED_EDGE('',*,*,#3916,.T.);
#3919=ORIENTED_EDGE('',*,*,#3918,.F.);
#3920=EDGE_LOOP('',(#3913,#3915,#3917,#3919));
#3921=FACE_OUTER_BOUND('',#3920,.F.);
#3922=ADVANCED_FACE('',(#3921),#3911,.T.);
#3923=CARTESIAN_POINT('',(-1.E-2,-6.9875E0,0.E0));
#3924=DIRECTION('',(0.E0,1.E0,0.E0));
#3925=DIRECTION('',(1.E0,0.E0,0.E0));
#3926=AXIS2_PLACEMENT_3D('',#3923,#3924,#3925);
#3927=CYLINDRICAL_SURFACE('',#3926,5.7E-1);
#3928=ORIENTED_EDGE('',*,*,#3888,.T.);
#3930=ORIENTED_EDGE('',*,*,#3929,.F.);
#3932=ORIENTED_EDGE('',*,*,#3931,.F.);
#3934=ORIENTED_EDGE('',*,*,#3933,.T.);
#3935=EDGE_LOOP('',(#3928,#3930,#3932,#3934));
#3936=FACE_OUTER_BOUND('',#3935,.F.);
#3937=ADVANCED_FACE('',(#3936),#3927,.T.);
#3938=CARTESIAN_POINT('',(-1.1E0,1.205E0,3.47E0));
#3939=DIRECTION('',(0.E0,-1.E0,0.E0));
#3940=DIRECTION('',(1.E0,0.E0,0.E0));
#3941=AXIS2_PLACEMENT_3D('',#3938,#3939,#3940);
#3942=PLANE('',#3941);
#3943=ORIENTED_EDGE('',*,*,#2646,.T.);
#3945=ORIENTED_EDGE('',*,*,#3944,.F.);
#3946=ORIENTED_EDGE('',*,*,#2765,.F.);
#3948=ORIENTED_EDGE('',*,*,#3947,.T.);
#3949=EDGE_LOOP('',(#3943,#3945,#3946,#3948));
#3950=FACE_OUTER_BOUND('',#3949,.F.);
#3951=ORIENTED_EDGE('',*,*,#3912,.T.);
#3953=ORIENTED_EDGE('',*,*,#3952,.T.);
#3954=EDGE_LOOP('',(#3951,#3953));
#3955=FACE_BOUND('',#3954,.F.);
#3956=ADVANCED_FACE('',(#3950,#3955),#3942,.F.);
#3957=CARTESIAN_POINT('',(-1.E-2,-6.9875E0,0.E0));
#3958=DIRECTION('',(0.E0,1.E0,0.E0));
#3959=DIRECTION('',(1.E0,0.E0,0.E0));
#3960=AXIS2_PLACEMENT_3D('',#3957,#3958,#3959);
#3961=CYLINDRICAL_SURFACE('',#3960,5.7E-1);
#3962=ORIENTED_EDGE('',*,*,#3952,.F.);
#3963=ORIENTED_EDGE('',*,*,#3918,.T.);
#3965=ORIENTED_EDGE('',*,*,#3964,.F.);
#3966=ORIENTED_EDGE('',*,*,#3914,.F.);
#3967=EDGE_LOOP('',(#3962,#3963,#3965,#3966));
#3968=FACE_OUTER_BOUND('',#3967,.F.);
#3969=ADVANCED_FACE('',(#3968),#3961,.T.);
#3970=CARTESIAN_POINT('',(-1.E-2,-6.9875E0,0.E0));
#3971=DIRECTION('',(0.E0,1.E0,0.E0));
#3972=DIRECTION('',(1.E0,0.E0,0.E0));
#3973=AXIS2_PLACEMENT_3D('',#3970,#3971,#3972);
#3974=CYLINDRICAL_SURFACE('',#3973,5.7E-1);
#3975=ORIENTED_EDGE('',*,*,#3890,.T.);
#3976=ORIENTED_EDGE('',*,*,#3933,.F.);
#3978=ORIENTED_EDGE('',*,*,#3977,.T.);
#3979=ORIENTED_EDGE('',*,*,#3929,.T.);
#3980=EDGE_LOOP('',(#3975,#3976,#3978,#3979));
#3981=FACE_OUTER_BOUND('',#3980,.F.);
#3982=ADVANCED_FACE('',(#3981),#3974,.T.);
#3983=CARTESIAN_POINT('',(-1.E-2,1.257E1,0.E0));
#3984=DIRECTION('',(0.E0,-1.E0,0.E0));
#3985=DIRECTION('',(-1.E0,0.E0,0.E0));
#3986=AXIS2_PLACEMENT_3D('',#3983,#3984,#3985);
#3987=CONICAL_SURFACE('',#3986,4.E-1,2.090798047101E1);
#3989=ORIENTED_EDGE('',*,*,#3988,.F.);
#3990=ORIENTED_EDGE('',*,*,#3964,.T.);
#3992=ORIENTED_EDGE('',*,*,#3991,.T.);
#3994=ORIENTED_EDGE('',*,*,#3993,.F.);
#3995=EDGE_LOOP('',(#3989,#3990,#3992,#3994));
#3996=FACE_OUTER_BOUND('',#3995,.F.);
#3997=ADVANCED_FACE('',(#3996),#3987,.T.);
#3998=CARTESIAN_POINT('',(-1.E-2,1.257E1,0.E0));
#3999=DIRECTION('',(0.E0,-1.E0,0.E0));
#4000=DIRECTION('',(-1.E0,0.E0,0.E0));
#4001=AXIS2_PLACEMENT_3D('',#3998,#3999,#4000);
#4002=CONICAL_SURFACE('',#4001,4.E-1,2.090798047101E1);
#4003=ORIENTED_EDGE('',*,*,#3988,.T.);
#4005=ORIENTED_EDGE('',*,*,#4004,.T.);
#4006=ORIENTED_EDGE('',*,*,#3991,.F.);
#4007=ORIENTED_EDGE('',*,*,#3916,.F.);
#4008=EDGE_LOOP('',(#4003,#4005,#4006,#4007));
#4009=FACE_OUTER_BOUND('',#4008,.F.);
#4010=ADVANCED_FACE('',(#4009),#4002,.T.);
#4011=CARTESIAN_POINT('',(-1.E-2,1.3015E1,0.E0));
#4012=DIRECTION('',(0.E0,1.E0,0.E0));
#4013=DIRECTION('',(1.E0,0.E0,0.E0));
#4014=AXIS2_PLACEMENT_3D('',#4011,#4012,#4013);
#4015=PLANE('',#4014);
#4016=ORIENTED_EDGE('',*,*,#3993,.T.);
#4017=ORIENTED_EDGE('',*,*,#4004,.F.);
#4018=EDGE_LOOP('',(#4016,#4017));
#4019=FACE_OUTER_BOUND('',#4018,.F.);
#4020=ADVANCED_FACE('',(#4019),#4015,.T.);
#4021=CARTESIAN_POINT('',(-1.E-2,-5.59E0,0.E0));
#4022=DIRECTION('',(0.E0,1.E0,0.E0));
#4023=DIRECTION('',(1.E0,0.E0,0.E0));
#4024=AXIS2_PLACEMENT_3D('',#4021,#4022,#4023);
#4025=CONICAL_SURFACE('',#4024,4.E-1,2.090798047101E1);
#4027=ORIENTED_EDGE('',*,*,#4026,.F.);
#4029=ORIENTED_EDGE('',*,*,#4028,.T.);
#4031=ORIENTED_EDGE('',*,*,#4030,.T.);
#4032=ORIENTED_EDGE('',*,*,#3977,.F.);
#4033=EDGE_LOOP('',(#4027,#4029,#4031,#4032));
#4034=FACE_OUTER_BOUND('',#4033,.F.);
#4035=ADVANCED_FACE('',(#4034),#4025,.T.);
#4036=CARTESIAN_POINT('',(-1.E-2,-5.59E0,0.E0));
#4037=DIRECTION('',(0.E0,1.E0,0.E0));
#4038=DIRECTION('',(1.E0,0.E0,0.E0));
#4039=AXIS2_PLACEMENT_3D('',#4036,#4037,#4038);
#4040=CONICAL_SURFACE('',#4039,4.E-1,2.090798047101E1);
#4041=ORIENTED_EDGE('',*,*,#4026,.T.);
#4042=ORIENTED_EDGE('',*,*,#3931,.T.);
#4043=ORIENTED_EDGE('',*,*,#4030,.F.);
#4045=ORIENTED_EDGE('',*,*,#4044,.F.);
#4046=EDGE_LOOP('',(#4041,#4042,#4043,#4045));
#4047=FACE_OUTER_BOUND('',#4046,.F.);
#4048=ADVANCED_FACE('',(#4047),#4040,.T.);
#4049=CARTESIAN_POINT('',(-1.E-2,-6.035E0,0.E0));
#4050=DIRECTION('',(0.E0,1.E0,0.E0));
#4051=DIRECTION('',(1.E0,0.E0,0.E0));
#4052=AXIS2_PLACEMENT_3D('',#4049,#4050,#4051);
#4053=PLANE('',#4052);
#4054=ORIENTED_EDGE('',*,*,#4028,.F.);
#4055=ORIENTED_EDGE('',*,*,#4044,.T.);
#4056=EDGE_LOOP('',(#4054,#4055));
#4057=FACE_OUTER_BOUND('',#4056,.F.);
#4058=ADVANCED_FACE('',(#4057),#4053,.F.);
#4059=CARTESIAN_POINT('',(1.08E0,1.205E0,3.47E0));
#4060=DIRECTION('',(1.E0,0.E0,0.E0));
#4061=DIRECTION('',(0.E0,1.E0,0.E0));
#4062=AXIS2_PLACEMENT_3D('',#4059,#4060,#4061);
#4063=PLANE('',#4062);
#4064=ORIENTED_EDGE('',*,*,#2644,.T.);
#4065=ORIENTED_EDGE('',*,*,#2503,.T.);
#4066=ORIENTED_EDGE('',*,*,#2767,.T.);
#4067=ORIENTED_EDGE('',*,*,#3944,.T.);
#4068=EDGE_LOOP('',(#4064,#4065,#4066,#4067));
#4069=FACE_OUTER_BOUND('',#4068,.F.);
#4070=ADVANCED_FACE('',(#4069),#4063,.F.);
#4071=CARTESIAN_POINT('',(-1.1E0,1.585E0,3.47E0));
#4072=DIRECTION('',(-1.E0,0.E0,0.E0));
#4073=DIRECTION('',(0.E0,-1.E0,0.E0));
#4074=AXIS2_PLACEMENT_3D('',#4071,#4072,#4073);
#4075=PLANE('',#4074);
#4076=ORIENTED_EDGE('',*,*,#2648,.T.);
#4077=ORIENTED_EDGE('',*,*,#3947,.F.);
#4078=ORIENTED_EDGE('',*,*,#2763,.F.);
#4079=ORIENTED_EDGE('',*,*,#2557,.F.);
#4080=EDGE_LOOP('',(#4076,#4077,#4078,#4079));
#4081=FACE_OUTER_BOUND('',#4080,.F.);
#4082=ADVANCED_FACE('',(#4081),#4075,.F.);
#4083=CARTESIAN_POINT('',(2.86E0,-1.205E0,3.47E0));
#4084=DIRECTION('',(-1.E0,0.E0,0.E0));
#4085=DIRECTION('',(0.E0,-1.E0,0.E0));
#4086=AXIS2_PLACEMENT_3D('',#4083,#4084,#4085);
#4087=PLANE('',#4086);
#4088=ORIENTED_EDGE('',*,*,#2330,.F.);
#4089=ORIENTED_EDGE('',*,*,#3037,.T.);
#4090=ORIENTED_EDGE('',*,*,#2704,.T.);
#4092=ORIENTED_EDGE('',*,*,#4091,.T.);
#4093=EDGE_LOOP('',(#4088,#4089,#4090,#4092));
#4094=FACE_OUTER_BOUND('',#4093,.F.);
#4095=ADVANCED_FACE('',(#4094),#4087,.F.);
#4096=CARTESIAN_POINT('',(5.04E0,-1.205E0,3.47E0));
#4097=DIRECTION('',(0.E0,1.E0,0.E0));
#4098=DIRECTION('',(-1.E0,0.E0,0.E0));
#4099=AXIS2_PLACEMENT_3D('',#4096,#4097,#4098);
#4100=PLANE('',#4099);
#4101=ORIENTED_EDGE('',*,*,#2332,.T.);
#4102=ORIENTED_EDGE('',*,*,#4091,.F.);
#4103=ORIENTED_EDGE('',*,*,#2702,.F.);
#4105=ORIENTED_EDGE('',*,*,#4104,.T.);
#4106=EDGE_LOOP('',(#4101,#4102,#4103,#4105));
#4107=FACE_OUTER_BOUND('',#4106,.F.);
#4109=ORIENTED_EDGE('',*,*,#4108,.F.);
#4111=ORIENTED_EDGE('',*,*,#4110,.F.);
#4112=EDGE_LOOP('',(#4109,#4111));
#4113=FACE_BOUND('',#4112,.F.);
#4114=ADVANCED_FACE('',(#4107,#4113),#4100,.F.);
#4115=CARTESIAN_POINT('',(5.04E0,-1.585E0,3.47E0));
#4116=DIRECTION('',(1.E0,0.E0,0.E0));
#4117=DIRECTION('',(0.E0,1.E0,0.E0));
#4118=AXIS2_PLACEMENT_3D('',#4115,#4116,#4117);
#4119=PLANE('',#4118);
#4120=ORIENTED_EDGE('',*,*,#2334,.T.);
#4121=ORIENTED_EDGE('',*,*,#4104,.F.);
#4122=ORIENTED_EDGE('',*,*,#2700,.F.);
#4123=ORIENTED_EDGE('',*,*,#3064,.F.);
#4124=EDGE_LOOP('',(#4120,#4121,#4122,#4123));
#4125=FACE_OUTER_BOUND('',#4124,.F.);
#4126=ADVANCED_FACE('',(#4125),#4119,.F.);
#4127=CARTESIAN_POINT('',(3.95E0,-6.9875E0,0.E0));
#4128=DIRECTION('',(0.E0,1.E0,0.E0));
#4129=DIRECTION('',(1.E0,0.E0,0.E0));
#4130=AXIS2_PLACEMENT_3D('',#4127,#4128,#4129);
#4131=CYLINDRICAL_SURFACE('',#4130,5.7E-1);
#4133=ORIENTED_EDGE('',*,*,#4132,.F.);
#4135=ORIENTED_EDGE('',*,*,#4134,.T.);
#4137=ORIENTED_EDGE('',*,*,#4136,.T.);
#4139=ORIENTED_EDGE('',*,*,#4138,.F.);
#4140=EDGE_LOOP('',(#4133,#4135,#4137,#4139));
#4141=FACE_OUTER_BOUND('',#4140,.F.);
#4142=ADVANCED_FACE('',(#4141),#4131,.T.);
#4143=CARTESIAN_POINT('',(3.95E0,-6.9875E0,0.E0));
#4144=DIRECTION('',(0.E0,1.E0,0.E0));
#4145=DIRECTION('',(1.E0,0.E0,0.E0));
#4146=AXIS2_PLACEMENT_3D('',#4143,#4144,#4145);
#4147=CYLINDRICAL_SURFACE('',#4146,5.7E-1);
#4148=ORIENTED_EDGE('',*,*,#4108,.T.);
#4150=ORIENTED_EDGE('',*,*,#4149,.F.);
#4152=ORIENTED_EDGE('',*,*,#4151,.F.);
#4154=ORIENTED_EDGE('',*,*,#4153,.T.);
#4155=EDGE_LOOP('',(#4148,#4150,#4152,#4154));
#4156=FACE_OUTER_BOUND('',#4155,.F.);
#4157=ADVANCED_FACE('',(#4156),#4147,.T.);
#4158=CARTESIAN_POINT('',(2.86E0,1.205E0,3.47E0));
#4159=DIRECTION('',(0.E0,-1.E0,0.E0));
#4160=DIRECTION('',(1.E0,0.E0,0.E0));
#4161=AXIS2_PLACEMENT_3D('',#4158,#4159,#4160);
#4162=PLANE('',#4161);
#4163=ORIENTED_EDGE('',*,*,#2639,.T.);
#4165=ORIENTED_EDGE('',*,*,#4164,.F.);
#4166=ORIENTED_EDGE('',*,*,#2772,.F.);
#4168=ORIENTED_EDGE('',*,*,#4167,.T.);
#4169=EDGE_LOOP('',(#4163,#4165,#4166,#4168));
#4170=FACE_OUTER_BOUND('',#4169,.F.);
#4171=ORIENTED_EDGE('',*,*,#4132,.T.);
#4173=ORIENTED_EDGE('',*,*,#4172,.T.);
#4174=EDGE_LOOP('',(#4171,#4173));
#4175=FACE_BOUND('',#4174,.F.);
#4176=ADVANCED_FACE('',(#4170,#4175),#4162,.F.);
#4177=CARTESIAN_POINT('',(3.95E0,-6.9875E0,0.E0));
#4178=DIRECTION('',(0.E0,1.E0,0.E0));
#4179=DIRECTION('',(1.E0,0.E0,0.E0));
#4180=AXIS2_PLACEMENT_3D('',#4177,#4178,#4179);
#4181=CYLINDRICAL_SURFACE('',#4180,5.7E-1);
#4182=ORIENTED_EDGE('',*,*,#4172,.F.);
#4183=ORIENTED_EDGE('',*,*,#4138,.T.);
#4185=ORIENTED_EDGE('',*,*,#4184,.F.);
#4186=ORIENTED_EDGE('',*,*,#4134,.F.);
#4187=EDGE_LOOP('',(#4182,#4183,#4185,#4186));
#4188=FACE_OUTER_BOUND('',#4187,.F.);
#4189=ADVANCED_FACE('',(#4188),#4181,.T.);
#4190=CARTESIAN_POINT('',(3.95E0,-6.9875E0,0.E0));
#4191=DIRECTION('',(0.E0,1.E0,0.E0));
#4192=DIRECTION('',(1.E0,0.E0,0.E0));
#4193=AXIS2_PLACEMENT_3D('',#4190,#4191,#4192);
#4194=CYLINDRICAL_SURFACE('',#4193,5.7E-1);
#4195=ORIENTED_EDGE('',*,*,#4110,.T.);
#4196=ORIENTED_EDGE('',*,*,#4153,.F.);
#4198=ORIENTED_EDGE('',*,*,#4197,.T.);
#4199=ORIENTED_EDGE('',*,*,#4149,.T.);
#4200=EDGE_LOOP('',(#4195,#4196,#4198,#4199));
#4201=FACE_OUTER_BOUND('',#4200,.F.);
#4202=ADVANCED_FACE('',(#4201),#4194,.T.);
#4203=CARTESIAN_POINT('',(3.95E0,1.257E1,0.E0));
#4204=DIRECTION('',(0.E0,-1.E0,0.E0));
#4205=DIRECTION('',(-1.E0,0.E0,0.E0));
#4206=AXIS2_PLACEMENT_3D('',#4203,#4204,#4205);
#4207=CONICAL_SURFACE('',#4206,4.E-1,2.090798047101E1);
#4209=ORIENTED_EDGE('',*,*,#4208,.F.);
#4210=ORIENTED_EDGE('',*,*,#4184,.T.);
#4212=ORIENTED_EDGE('',*,*,#4211,.T.);
#4214=ORIENTED_EDGE('',*,*,#4213,.F.);
#4215=EDGE_LOOP('',(#4209,#4210,#4212,#4214));
#4216=FACE_OUTER_BOUND('',#4215,.F.);
#4217=ADVANCED_FACE('',(#4216),#4207,.T.);
#4218=CARTESIAN_POINT('',(3.95E0,1.257E1,0.E0));
#4219=DIRECTION('',(0.E0,-1.E0,0.E0));
#4220=DIRECTION('',(-1.E0,0.E0,0.E0));
#4221=AXIS2_PLACEMENT_3D('',#4218,#4219,#4220);
#4222=CONICAL_SURFACE('',#4221,4.E-1,2.090798047101E1);
#4223=ORIENTED_EDGE('',*,*,#4208,.T.);
#4225=ORIENTED_EDGE('',*,*,#4224,.T.);
#4226=ORIENTED_EDGE('',*,*,#4211,.F.);
#4227=ORIENTED_EDGE('',*,*,#4136,.F.);
#4228=EDGE_LOOP('',(#4223,#4225,#4226,#4227));
#4229=FACE_OUTER_BOUND('',#4228,.F.);
#4230=ADVANCED_FACE('',(#4229),#4222,.T.);
#4231=CARTESIAN_POINT('',(3.95E0,1.3015E1,0.E0));
#4232=DIRECTION('',(0.E0,1.E0,0.E0));
#4233=DIRECTION('',(1.E0,0.E0,0.E0));
#4234=AXIS2_PLACEMENT_3D('',#4231,#4232,#4233);
#4235=PLANE('',#4234);
#4236=ORIENTED_EDGE('',*,*,#4213,.T.);
#4237=ORIENTED_EDGE('',*,*,#4224,.F.);
#4238=EDGE_LOOP('',(#4236,#4237));
#4239=FACE_OUTER_BOUND('',#4238,.F.);
#4240=ADVANCED_FACE('',(#4239),#4235,.T.);
#4241=CARTESIAN_POINT('',(3.95E0,-5.59E0,0.E0));
#4242=DIRECTION('',(0.E0,1.E0,0.E0));
#4243=DIRECTION('',(1.E0,0.E0,0.E0));
#4244=AXIS2_PLACEMENT_3D('',#4241,#4242,#4243);
#4245=CONICAL_SURFACE('',#4244,4.E-1,2.090798047101E1);
#4247=ORIENTED_EDGE('',*,*,#4246,.F.);
#4249=ORIENTED_EDGE('',*,*,#4248,.T.);
#4251=ORIENTED_EDGE('',*,*,#4250,.T.);
#4252=ORIENTED_EDGE('',*,*,#4197,.F.);
#4253=EDGE_LOOP('',(#4247,#4249,#4251,#4252));
#4254=FACE_OUTER_BOUND('',#4253,.F.);
#4255=ADVANCED_FACE('',(#4254),#4245,.T.);
#4256=CARTESIAN_POINT('',(3.95E0,-5.59E0,0.E0));
#4257=DIRECTION('',(0.E0,1.E0,0.E0));
#4258=DIRECTION('',(1.E0,0.E0,0.E0));
#4259=AXIS2_PLACEMENT_3D('',#4256,#4257,#4258);
#4260=CONICAL_SURFACE('',#4259,4.E-1,2.090798047101E1);
#4261=ORIENTED_EDGE('',*,*,#4246,.T.);
#4262=ORIENTED_EDGE('',*,*,#4151,.T.);
#4263=ORIENTED_EDGE('',*,*,#4250,.F.);
#4265=ORIENTED_EDGE('',*,*,#4264,.F.);
#4266=EDGE_LOOP('',(#4261,#4262,#4263,#4265));
#4267=FACE_OUTER_BOUND('',#4266,.F.);
#4268=ADVANCED_FACE('',(#4267),#4260,.T.);
#4269=CARTESIAN_POINT('',(3.95E0,-6.035E0,0.E0));
#4270=DIRECTION('',(0.E0,1.E0,0.E0));
#4271=DIRECTION('',(1.E0,0.E0,0.E0));
#4272=AXIS2_PLACEMENT_3D('',#4269,#4270,#4271);
#4273=PLANE('',#4272);
#4274=ORIENTED_EDGE('',*,*,#4248,.F.);
#4275=ORIENTED_EDGE('',*,*,#4264,.T.);
#4276=EDGE_LOOP('',(#4274,#4275));
#4277=FACE_OUTER_BOUND('',#4276,.F.);
#4278=ADVANCED_FACE('',(#4277),#4273,.F.);
#4279=CARTESIAN_POINT('',(5.04E0,1.205E0,3.47E0));
#4280=DIRECTION('',(1.E0,0.E0,0.E0));
#4281=DIRECTION('',(0.E0,1.E0,0.E0));
#4282=AXIS2_PLACEMENT_3D('',#4279,#4280,#4281);
#4283=PLANE('',#4282);
#4284=ORIENTED_EDGE('',*,*,#2637,.T.);
#4285=ORIENTED_EDGE('',*,*,#2477,.T.);
#4286=ORIENTED_EDGE('',*,*,#2774,.T.);
#4287=ORIENTED_EDGE('',*,*,#4164,.T.);
#4288=EDGE_LOOP('',(#4284,#4285,#4286,#4287));
#4289=FACE_OUTER_BOUND('',#4288,.F.);
#4290=ADVANCED_FACE('',(#4289),#4283,.F.);
#4291=CARTESIAN_POINT('',(2.86E0,1.585E0,3.47E0));
#4292=DIRECTION('',(-1.E0,0.E0,0.E0));
#4293=DIRECTION('',(0.E0,-1.E0,0.E0));
#4294=AXIS2_PLACEMENT_3D('',#4291,#4292,#4293);
#4295=PLANE('',#4294);
#4296=ORIENTED_EDGE('',*,*,#2641,.T.);
#4297=ORIENTED_EDGE('',*,*,#4167,.F.);
#4298=ORIENTED_EDGE('',*,*,#2770,.F.);
#4299=ORIENTED_EDGE('',*,*,#2499,.F.);
#4300=EDGE_LOOP('',(#4296,#4297,#4298,#4299));
#4301=FACE_OUTER_BOUND('',#4300,.F.);
#4302=ADVANCED_FACE('',(#4301),#4295,.F.);
#4303=CARTESIAN_POINT('',(6.82E0,-1.205E0,3.47E0));
#4304=DIRECTION('',(-1.E0,0.E0,0.E0));
#4305=DIRECTION('',(0.E0,-1.E0,0.E0));
#4306=AXIS2_PLACEMENT_3D('',#4303,#4304,#4305);
#4307=PLANE('',#4306);
#4308=ORIENTED_EDGE('',*,*,#2338,.F.);
#4309=ORIENTED_EDGE('',*,*,#3061,.T.);
#4310=ORIENTED_EDGE('',*,*,#2696,.T.);
#4312=ORIENTED_EDGE('',*,*,#4311,.T.);
#4313=EDGE_LOOP('',(#4308,#4309,#4310,#4312));
#4314=FACE_OUTER_BOUND('',#4313,.F.);
#4315=ADVANCED_FACE('',(#4314),#4307,.F.);
#4316=CARTESIAN_POINT('',(9.E0,-1.205E0,3.47E0));
#4317=DIRECTION('',(0.E0,1.E0,0.E0));
#4318=DIRECTION('',(-1.E0,0.E0,0.E0));
#4319=AXIS2_PLACEMENT_3D('',#4316,#4317,#4318);
#4320=PLANE('',#4319);
#4321=ORIENTED_EDGE('',*,*,#2340,.T.);
#4322=ORIENTED_EDGE('',*,*,#4311,.F.);
#4323=ORIENTED_EDGE('',*,*,#2694,.F.);
#4325=ORIENTED_EDGE('',*,*,#4324,.T.);
#4326=EDGE_LOOP('',(#4321,#4322,#4323,#4325));
#4327=FACE_OUTER_BOUND('',#4326,.F.);
#4329=ORIENTED_EDGE('',*,*,#4328,.F.);
#4331=ORIENTED_EDGE('',*,*,#4330,.F.);
#4332=EDGE_LOOP('',(#4329,#4331));
#4333=FACE_BOUND('',#4332,.F.);
#4334=ADVANCED_FACE('',(#4327,#4333),#4320,.F.);
#4335=CARTESIAN_POINT('',(9.E0,-1.585E0,3.47E0));
#4336=DIRECTION('',(1.E0,0.E0,0.E0));
#4337=DIRECTION('',(0.E0,1.E0,0.E0));
#4338=AXIS2_PLACEMENT_3D('',#4335,#4336,#4337);
#4339=PLANE('',#4338);
#4340=ORIENTED_EDGE('',*,*,#2342,.T.);
#4341=ORIENTED_EDGE('',*,*,#4324,.F.);
#4342=ORIENTED_EDGE('',*,*,#2692,.F.);
#4343=ORIENTED_EDGE('',*,*,#3101,.F.);
#4344=EDGE_LOOP('',(#4340,#4341,#4342,#4343));
#4345=FACE_OUTER_BOUND('',#4344,.F.);
#4346=ADVANCED_FACE('',(#4345),#4339,.F.);
#4347=CARTESIAN_POINT('',(7.91E0,-6.9875E0,0.E0));
#4348=DIRECTION('',(0.E0,1.E0,0.E0));
#4349=DIRECTION('',(1.E0,0.E0,0.E0));
#4350=AXIS2_PLACEMENT_3D('',#4347,#4348,#4349);
#4351=CYLINDRICAL_SURFACE('',#4350,5.7E-1);
#4353=ORIENTED_EDGE('',*,*,#4352,.F.);
#4355=ORIENTED_EDGE('',*,*,#4354,.T.);
#4357=ORIENTED_EDGE('',*,*,#4356,.T.);
#4359=ORIENTED_EDGE('',*,*,#4358,.F.);
#4360=EDGE_LOOP('',(#4353,#4355,#4357,#4359));
#4361=FACE_OUTER_BOUND('',#4360,.F.);
#4362=ADVANCED_FACE('',(#4361),#4351,.T.);
#4363=CARTESIAN_POINT('',(7.91E0,-6.9875E0,0.E0));
#4364=DIRECTION('',(0.E0,1.E0,0.E0));
#4365=DIRECTION('',(1.E0,0.E0,0.E0));
#4366=AXIS2_PLACEMENT_3D('',#4363,#4364,#4365);
#4367=CYLINDRICAL_SURFACE('',#4366,5.7E-1);
#4368=ORIENTED_EDGE('',*,*,#4328,.T.);
#4370=ORIENTED_EDGE('',*,*,#4369,.F.);
#4372=ORIENTED_EDGE('',*,*,#4371,.F.);
#4374=ORIENTED_EDGE('',*,*,#4373,.T.);
#4375=EDGE_LOOP('',(#4368,#4370,#4372,#4374));
#4376=FACE_OUTER_BOUND('',#4375,.F.);
#4377=ADVANCED_FACE('',(#4376),#4367,.T.);
#4378=CARTESIAN_POINT('',(6.82E0,1.205E0,3.47E0));
#4379=DIRECTION('',(0.E0,-1.E0,0.E0));
#4380=DIRECTION('',(1.E0,0.E0,0.E0));
#4381=AXIS2_PLACEMENT_3D('',#4378,#4379,#4380);
#4382=PLANE('',#4381);
#4383=ORIENTED_EDGE('',*,*,#2632,.T.);
#4385=ORIENTED_EDGE('',*,*,#4384,.F.);
#4386=ORIENTED_EDGE('',*,*,#2779,.F.);
#4388=ORIENTED_EDGE('',*,*,#4387,.T.);
#4389=EDGE_LOOP('',(#4383,#4385,#4386,#4388));
#4390=FACE_OUTER_BOUND('',#4389,.F.);
#4391=ORIENTED_EDGE('',*,*,#4352,.T.);
#4393=ORIENTED_EDGE('',*,*,#4392,.T.);
#4394=EDGE_LOOP('',(#4391,#4393));
#4395=FACE_BOUND('',#4394,.F.);
#4396=ADVANCED_FACE('',(#4390,#4395),#4382,.F.);
#4397=CARTESIAN_POINT('',(7.91E0,-6.9875E0,0.E0));
#4398=DIRECTION('',(0.E0,1.E0,0.E0));
#4399=DIRECTION('',(1.E0,0.E0,0.E0));
#4400=AXIS2_PLACEMENT_3D('',#4397,#4398,#4399);
#4401=CYLINDRICAL_SURFACE('',#4400,5.7E-1);
#4402=ORIENTED_EDGE('',*,*,#4392,.F.);
#4403=ORIENTED_EDGE('',*,*,#4358,.T.);
#4405=ORIENTED_EDGE('',*,*,#4404,.F.);
#4406=ORIENTED_EDGE('',*,*,#4354,.F.);
#4407=EDGE_LOOP('',(#4402,#4403,#4405,#4406));
#4408=FACE_OUTER_BOUND('',#4407,.F.);
#4409=ADVANCED_FACE('',(#4408),#4401,.T.);
#4410=CARTESIAN_POINT('',(7.91E0,-6.9875E0,0.E0));
#4411=DIRECTION('',(0.E0,1.E0,0.E0));
#4412=DIRECTION('',(1.E0,0.E0,0.E0));
#4413=AXIS2_PLACEMENT_3D('',#4410,#4411,#4412);
#4414=CYLINDRICAL_SURFACE('',#4413,5.7E-1);
#4415=ORIENTED_EDGE('',*,*,#4330,.T.);
#4416=ORIENTED_EDGE('',*,*,#4373,.F.);
#4418=ORIENTED_EDGE('',*,*,#4417,.T.);
#4419=ORIENTED_EDGE('',*,*,#4369,.T.);
#4420=EDGE_LOOP('',(#4415,#4416,#4418,#4419));
#4421=FACE_OUTER_BOUND('',#4420,.F.);
#4422=ADVANCED_FACE('',(#4421),#4414,.T.);
#4423=CARTESIAN_POINT('',(7.91E0,1.257E1,0.E0));
#4424=DIRECTION('',(0.E0,-1.E0,0.E0));
#4425=DIRECTION('',(-1.E0,0.E0,0.E0));
#4426=AXIS2_PLACEMENT_3D('',#4423,#4424,#4425);
#4427=CONICAL_SURFACE('',#4426,4.E-1,2.090798047101E1);
#4429=ORIENTED_EDGE('',*,*,#4428,.F.);
#4430=ORIENTED_EDGE('',*,*,#4404,.T.);
#4432=ORIENTED_EDGE('',*,*,#4431,.T.);
#4434=ORIENTED_EDGE('',*,*,#4433,.F.);
#4435=EDGE_LOOP('',(#4429,#4430,#4432,#4434));
#4436=FACE_OUTER_BOUND('',#4435,.F.);
#4437=ADVANCED_FACE('',(#4436),#4427,.T.);
#4438=CARTESIAN_POINT('',(7.91E0,1.257E1,0.E0));
#4439=DIRECTION('',(0.E0,-1.E0,0.E0));
#4440=DIRECTION('',(-1.E0,0.E0,0.E0));
#4441=AXIS2_PLACEMENT_3D('',#4438,#4439,#4440);
#4442=CONICAL_SURFACE('',#4441,4.E-1,2.090798047101E1);
#4443=ORIENTED_EDGE('',*,*,#4428,.T.);
#4445=ORIENTED_EDGE('',*,*,#4444,.T.);
#4446=ORIENTED_EDGE('',*,*,#4431,.F.);
#4447=ORIENTED_EDGE('',*,*,#4356,.F.);
#4448=EDGE_LOOP('',(#4443,#4445,#4446,#4447));
#4449=FACE_OUTER_BOUND('',#4448,.F.);
#4450=ADVANCED_FACE('',(#4449),#4442,.T.);
#4451=CARTESIAN_POINT('',(7.91E0,1.3015E1,0.E0));
#4452=DIRECTION('',(0.E0,1.E0,0.E0));
#4453=DIRECTION('',(1.E0,0.E0,0.E0));
#4454=AXIS2_PLACEMENT_3D('',#4451,#4452,#4453);
#4455=PLANE('',#4454);
#4456=ORIENTED_EDGE('',*,*,#4433,.T.);
#4457=ORIENTED_EDGE('',*,*,#4444,.F.);
#4458=EDGE_LOOP('',(#4456,#4457));
#4459=FACE_OUTER_BOUND('',#4458,.F.);
#4460=ADVANCED_FACE('',(#4459),#4455,.T.);
#4461=CARTESIAN_POINT('',(7.91E0,-5.59E0,0.E0));
#4462=DIRECTION('',(0.E0,1.E0,0.E0));
#4463=DIRECTION('',(1.E0,0.E0,0.E0));
#4464=AXIS2_PLACEMENT_3D('',#4461,#4462,#4463);
#4465=CONICAL_SURFACE('',#4464,4.E-1,2.090798047101E1);
#4467=ORIENTED_EDGE('',*,*,#4466,.F.);
#4469=ORIENTED_EDGE('',*,*,#4468,.T.);
#4471=ORIENTED_EDGE('',*,*,#4470,.T.);
#4472=ORIENTED_EDGE('',*,*,#4417,.F.);
#4473=EDGE_LOOP('',(#4467,#4469,#4471,#4472));
#4474=FACE_OUTER_BOUND('',#4473,.F.);
#4475=ADVANCED_FACE('',(#4474),#4465,.T.);
#4476=CARTESIAN_POINT('',(7.91E0,-5.59E0,0.E0));
#4477=DIRECTION('',(0.E0,1.E0,0.E0));
#4478=DIRECTION('',(1.E0,0.E0,0.E0));
#4479=AXIS2_PLACEMENT_3D('',#4476,#4477,#4478);
#4480=CONICAL_SURFACE('',#4479,4.E-1,2.090798047101E1);
#4481=ORIENTED_EDGE('',*,*,#4466,.T.);
#4482=ORIENTED_EDGE('',*,*,#4371,.T.);
#4483=ORIENTED_EDGE('',*,*,#4470,.F.);
#4485=ORIENTED_EDGE('',*,*,#4484,.F.);
#4486=EDGE_LOOP('',(#4481,#4482,#4483,#4485));
#4487=FACE_OUTER_BOUND('',#4486,.F.);
#4488=ADVANCED_FACE('',(#4487),#4480,.T.);
#4489=CARTESIAN_POINT('',(7.91E0,-6.035E0,0.E0));
#4490=DIRECTION('',(0.E0,1.E0,0.E0));
#4491=DIRECTION('',(1.E0,0.E0,0.E0));
#4492=AXIS2_PLACEMENT_3D('',#4489,#4490,#4491);
#4493=PLANE('',#4492);
#4494=ORIENTED_EDGE('',*,*,#4468,.F.);
#4495=ORIENTED_EDGE('',*,*,#4484,.T.);
#4496=EDGE_LOOP('',(#4494,#4495));
#4497=FACE_OUTER_BOUND('',#4496,.F.);
#4498=ADVANCED_FACE('',(#4497),#4493,.F.);
#4499=CARTESIAN_POINT('',(9.E0,1.205E0,3.47E0));
#4500=DIRECTION('',(1.E0,0.E0,0.E0));
#4501=DIRECTION('',(0.E0,1.E0,0.E0));
#4502=AXIS2_PLACEMENT_3D('',#4499,#4500,#4501);
#4503=PLANE('',#4502);
#4504=ORIENTED_EDGE('',*,*,#2630,.T.);
#4505=ORIENTED_EDGE('',*,*,#2425,.T.);
#4506=ORIENTED_EDGE('',*,*,#2781,.T.);
#4507=ORIENTED_EDGE('',*,*,#4384,.T.);
#4508=EDGE_LOOP('',(#4504,#4505,#4506,#4507));
#4509=FACE_OUTER_BOUND('',#4508,.F.);
#4510=ADVANCED_FACE('',(#4509),#4503,.F.);
#4511=CARTESIAN_POINT('',(6.82E0,1.585E0,3.47E0));
#4512=DIRECTION('',(-1.E0,0.E0,0.E0));
#4513=DIRECTION('',(0.E0,-1.E0,0.E0));
#4514=AXIS2_PLACEMENT_3D('',#4511,#4512,#4513);
#4515=PLANE('',#4514);
#4516=ORIENTED_EDGE('',*,*,#2634,.T.);
#4517=ORIENTED_EDGE('',*,*,#4387,.F.);
#4518=ORIENTED_EDGE('',*,*,#2777,.F.);
#4519=ORIENTED_EDGE('',*,*,#2473,.F.);
#4520=EDGE_LOOP('',(#4516,#4517,#4518,#4519));
#4521=FACE_OUTER_BOUND('',#4520,.F.);
#4522=ADVANCED_FACE('',(#4521),#4515,.F.);
#4523=CARTESIAN_POINT('',(1.296E1,-1.585E0,3.47E0));
#4524=DIRECTION('',(1.E0,0.E0,0.E0));
#4525=DIRECTION('',(0.E0,1.E0,0.E0));
#4526=AXIS2_PLACEMENT_3D('',#4523,#4524,#4525);
#4527=PLANE('',#4526);
#4528=ORIENTED_EDGE('',*,*,#2350,.T.);
#4529=ORIENTED_EDGE('',*,*,#2924,.F.);
#4530=ORIENTED_EDGE('',*,*,#2684,.F.);
#4531=ORIENTED_EDGE('',*,*,#3085,.F.);
#4532=EDGE_LOOP('',(#4528,#4529,#4530,#4531));
#4533=FACE_OUTER_BOUND('',#4532,.F.);
#4534=ADVANCED_FACE('',(#4533),#4527,.F.);
#4535=CARTESIAN_POINT('',(-1.042E1,1.585E0,-1.5E0));
#4536=DIRECTION('',(-1.E0,0.E0,0.E0));
#4537=DIRECTION('',(0.E0,0.E0,1.E0));
#4538=AXIS2_PLACEMENT_3D('',#4535,#4536,#4537);
#4539=PLANE('',#4538);
#4540=ORIENTED_EDGE('',*,*,#2973,.T.);
#4542=ORIENTED_EDGE('',*,*,#4541,.F.);
#4543=ORIENTED_EDGE('',*,*,#2455,.F.);
#4545=ORIENTED_EDGE('',*,*,#4544,.T.);
#4546=EDGE_LOOP('',(#4540,#4542,#4543,#4545));
#4547=FACE_OUTER_BOUND('',#4546,.F.);
#4548=ADVANCED_FACE('',(#4547),#4539,.F.);
#4549=CARTESIAN_POINT('',(-1.042E1,1.585E0,1.5E0));
#4550=DIRECTION('',(0.E0,0.E0,1.E0));
#4551=DIRECTION('',(1.E0,0.E0,0.E0));
#4552=AXIS2_PLACEMENT_3D('',#4549,#4550,#4551);
#4553=PLANE('',#4552);
#4554=ORIENTED_EDGE('',*,*,#2979,.T.);
#4556=ORIENTED_EDGE('',*,*,#4555,.F.);
#4557=ORIENTED_EDGE('',*,*,#2457,.F.);
#4558=ORIENTED_EDGE('',*,*,#4541,.T.);
#4559=EDGE_LOOP('',(#4554,#4556,#4557,#4558));
#4560=FACE_OUTER_BOUND('',#4559,.F.);
#4561=ADVANCED_FACE('',(#4560),#4553,.F.);
#4562=CARTESIAN_POINT('',(-9.4E0,1.585E0,1.5E0));
#4563=DIRECTION('',(1.E0,0.E0,0.E0));
#4564=DIRECTION('',(0.E0,0.E0,-1.E0));
#4565=AXIS2_PLACEMENT_3D('',#4562,#4563,#4564);
#4566=PLANE('',#4565);
#4567=ORIENTED_EDGE('',*,*,#2977,.T.);
#4569=ORIENTED_EDGE('',*,*,#4568,.F.);
#4570=ORIENTED_EDGE('',*,*,#2459,.F.);
#4571=ORIENTED_EDGE('',*,*,#4555,.T.);
#4572=EDGE_LOOP('',(#4567,#4569,#4570,#4571));
#4573=FACE_OUTER_BOUND('',#4572,.F.);
#4574=ADVANCED_FACE('',(#4573),#4566,.F.);
#4575=CARTESIAN_POINT('',(-9.4E0,1.585E0,-1.5E0));
#4576=DIRECTION('',(0.E0,0.E0,-1.E0));
#4577=DIRECTION('',(-1.E0,0.E0,0.E0));
#4578=AXIS2_PLACEMENT_3D('',#4575,#4576,#4577);
#4579=PLANE('',#4578);
#4580=ORIENTED_EDGE('',*,*,#2975,.T.);
#4581=ORIENTED_EDGE('',*,*,#4544,.F.);
#4582=ORIENTED_EDGE('',*,*,#2461,.F.);
#4583=ORIENTED_EDGE('',*,*,#4568,.T.);
#4584=EDGE_LOOP('',(#4580,#4581,#4582,#4583));
#4585=FACE_OUTER_BOUND('',#4584,.F.);
#4586=ADVANCED_FACE('',(#4585),#4579,.F.);
#4587=CARTESIAN_POINT('',(-6.46E0,1.585E0,-1.5E0));
#4588=DIRECTION('',(-1.E0,0.E0,0.E0));
#4589=DIRECTION('',(0.E0,0.E0,1.E0));
#4590=AXIS2_PLACEMENT_3D('',#4587,#4588,#4589);
#4591=PLANE('',#4590);
#4592=ORIENTED_EDGE('',*,*,#2997,.T.);
#4594=ORIENTED_EDGE('',*,*,#4593,.F.);
#4595=ORIENTED_EDGE('',*,*,#2533,.F.);
#4597=ORIENTED_EDGE('',*,*,#4596,.T.);
#4598=EDGE_LOOP('',(#4592,#4594,#4595,#4597));
#4599=FACE_OUTER_BOUND('',#4598,.F.);
#4600=ADVANCED_FACE('',(#4599),#4591,.F.);
#4601=CARTESIAN_POINT('',(-6.46E0,1.585E0,1.5E0));
#4602=DIRECTION('',(0.E0,0.E0,1.E0));
#4603=DIRECTION('',(1.E0,0.E0,0.E0));
#4604=AXIS2_PLACEMENT_3D('',#4601,#4602,#4603);
#4605=PLANE('',#4604);
#4606=ORIENTED_EDGE('',*,*,#3003,.T.);
#4608=ORIENTED_EDGE('',*,*,#4607,.F.);
#4609=ORIENTED_EDGE('',*,*,#2535,.F.);
#4610=ORIENTED_EDGE('',*,*,#4593,.T.);
#4611=EDGE_LOOP('',(#4606,#4608,#4609,#4610));
#4612=FACE_OUTER_BOUND('',#4611,.F.);
#4613=ADVANCED_FACE('',(#4612),#4605,.F.);
#4614=CARTESIAN_POINT('',(-5.44E0,1.585E0,1.5E0));
#4615=DIRECTION('',(1.E0,0.E0,0.E0));
#4616=DIRECTION('',(0.E0,0.E0,-1.E0));
#4617=AXIS2_PLACEMENT_3D('',#4614,#4615,#4616);
#4618=PLANE('',#4617);
#4619=ORIENTED_EDGE('',*,*,#3001,.T.);
#4621=ORIENTED_EDGE('',*,*,#4620,.F.);
#4622=ORIENTED_EDGE('',*,*,#2537,.F.);
#4623=ORIENTED_EDGE('',*,*,#4607,.T.);
#4624=EDGE_LOOP('',(#4619,#4621,#4622,#4623));
#4625=FACE_OUTER_BOUND('',#4624,.F.);
#4626=ADVANCED_FACE('',(#4625),#4618,.F.);
#4627=CARTESIAN_POINT('',(-5.44E0,1.585E0,-1.5E0));
#4628=DIRECTION('',(0.E0,0.E0,-1.E0));
#4629=DIRECTION('',(-1.E0,0.E0,0.E0));
#4630=AXIS2_PLACEMENT_3D('',#4627,#4628,#4629);
#4631=PLANE('',#4630);
#4632=ORIENTED_EDGE('',*,*,#2999,.T.);
#4633=ORIENTED_EDGE('',*,*,#4596,.F.);
#4634=ORIENTED_EDGE('',*,*,#2539,.F.);
#4635=ORIENTED_EDGE('',*,*,#4620,.T.);
#4636=EDGE_LOOP('',(#4632,#4633,#4634,#4635));
#4637=FACE_OUTER_BOUND('',#4636,.F.);
#4638=ADVANCED_FACE('',(#4637),#4631,.F.);
#4639=CARTESIAN_POINT('',(-2.5E0,1.585E0,-1.5E0));
#4640=DIRECTION('',(-1.E0,0.E0,0.E0));
#4641=DIRECTION('',(0.E0,0.E0,1.E0));
#4642=AXIS2_PLACEMENT_3D('',#4639,#4640,#4641);
#4643=PLANE('',#4642);
#4644=ORIENTED_EDGE('',*,*,#3021,.T.);
#4646=ORIENTED_EDGE('',*,*,#4645,.F.);
#4647=ORIENTED_EDGE('',*,*,#2565,.F.);
#4649=ORIENTED_EDGE('',*,*,#4648,.T.);
#4650=EDGE_LOOP('',(#4644,#4646,#4647,#4649));
#4651=FACE_OUTER_BOUND('',#4650,.F.);
#4652=ADVANCED_FACE('',(#4651),#4643,.F.);
#4653=CARTESIAN_POINT('',(-2.5E0,1.585E0,1.5E0));
#4654=DIRECTION('',(0.E0,0.E0,1.E0));
#4655=DIRECTION('',(1.E0,0.E0,0.E0));
#4656=AXIS2_PLACEMENT_3D('',#4653,#4654,#4655);
#4657=PLANE('',#4656);
#4658=ORIENTED_EDGE('',*,*,#3027,.T.);
#4660=ORIENTED_EDGE('',*,*,#4659,.F.);
#4661=ORIENTED_EDGE('',*,*,#2567,.F.);
#4662=ORIENTED_EDGE('',*,*,#4645,.T.);
#4663=EDGE_LOOP('',(#4658,#4660,#4661,#4662));
#4664=FACE_OUTER_BOUND('',#4663,.F.);
#4665=ADVANCED_FACE('',(#4664),#4657,.F.);
#4666=CARTESIAN_POINT('',(-1.48E0,1.585E0,1.5E0));
#4667=DIRECTION('',(1.E0,0.E0,0.E0));
#4668=DIRECTION('',(0.E0,0.E0,-1.E0));
#4669=AXIS2_PLACEMENT_3D('',#4666,#4667,#4668);
#4670=PLANE('',#4669);
#4671=ORIENTED_EDGE('',*,*,#3025,.T.);
#4673=ORIENTED_EDGE('',*,*,#4672,.F.);
#4674=ORIENTED_EDGE('',*,*,#2569,.F.);
#4675=ORIENTED_EDGE('',*,*,#4659,.T.);
#4676=EDGE_LOOP('',(#4671,#4673,#4674,#4675));
#4677=FACE_OUTER_BOUND('',#4676,.F.);
#4678=ADVANCED_FACE('',(#4677),#4670,.F.);
#4679=CARTESIAN_POINT('',(-1.48E0,1.585E0,-1.5E0));
#4680=DIRECTION('',(0.E0,0.E0,-1.E0));
#4681=DIRECTION('',(-1.E0,0.E0,0.E0));
#4682=AXIS2_PLACEMENT_3D('',#4679,#4680,#4681);
#4683=PLANE('',#4682);
#4684=ORIENTED_EDGE('',*,*,#3023,.T.);
#4685=ORIENTED_EDGE('',*,*,#4648,.F.);
#4686=ORIENTED_EDGE('',*,*,#2571,.F.);
#4687=ORIENTED_EDGE('',*,*,#4672,.T.);
#4688=EDGE_LOOP('',(#4684,#4685,#4686,#4687));
#4689=FACE_OUTER_BOUND('',#4688,.F.);
#4690=ADVANCED_FACE('',(#4689),#4683,.F.);
#4691=CARTESIAN_POINT('',(1.46E0,1.585E0,-1.5E0));
#4692=DIRECTION('',(-1.E0,0.E0,0.E0));
#4693=DIRECTION('',(0.E0,0.E0,1.E0));
#4694=AXIS2_PLACEMENT_3D('',#4691,#4692,#4693);
#4695=PLANE('',#4694);
#4696=ORIENTED_EDGE('',*,*,#3045,.T.);
#4698=ORIENTED_EDGE('',*,*,#4697,.F.);
#4699=ORIENTED_EDGE('',*,*,#2507,.F.);
#4701=ORIENTED_EDGE('',*,*,#4700,.T.);
#4702=EDGE_LOOP('',(#4696,#4698,#4699,#4701));
#4703=FACE_OUTER_BOUND('',#4702,.F.);
#4704=ADVANCED_FACE('',(#4703),#4695,.F.);
#4705=CARTESIAN_POINT('',(1.46E0,1.585E0,1.5E0));
#4706=DIRECTION('',(0.E0,0.E0,1.E0));
#4707=DIRECTION('',(1.E0,0.E0,0.E0));
#4708=AXIS2_PLACEMENT_3D('',#4705,#4706,#4707);
#4709=PLANE('',#4708);
#4710=ORIENTED_EDGE('',*,*,#3051,.T.);
#4712=ORIENTED_EDGE('',*,*,#4711,.F.);
#4713=ORIENTED_EDGE('',*,*,#2509,.F.);
#4714=ORIENTED_EDGE('',*,*,#4697,.T.);
#4715=EDGE_LOOP('',(#4710,#4712,#4713,#4714));
#4716=FACE_OUTER_BOUND('',#4715,.F.);
#4717=ADVANCED_FACE('',(#4716),#4709,.F.);
#4718=CARTESIAN_POINT('',(2.48E0,1.585E0,1.5E0));
#4719=DIRECTION('',(1.E0,0.E0,0.E0));
#4720=DIRECTION('',(0.E0,0.E0,-1.E0));
#4721=AXIS2_PLACEMENT_3D('',#4718,#4719,#4720);
#4722=PLANE('',#4721);
#4723=ORIENTED_EDGE('',*,*,#3049,.T.);
#4725=ORIENTED_EDGE('',*,*,#4724,.F.);
#4726=ORIENTED_EDGE('',*,*,#2511,.F.);
#4727=ORIENTED_EDGE('',*,*,#4711,.T.);
#4728=EDGE_LOOP('',(#4723,#4725,#4726,#4727));
#4729=FACE_OUTER_BOUND('',#4728,.F.);
#4730=ADVANCED_FACE('',(#4729),#4722,.F.);
#4731=CARTESIAN_POINT('',(2.48E0,1.585E0,-1.5E0));
#4732=DIRECTION('',(0.E0,0.E0,-1.E0));
#4733=DIRECTION('',(-1.E0,0.E0,0.E0));
#4734=AXIS2_PLACEMENT_3D('',#4731,#4732,#4733);
#4735=PLANE('',#4734);
#4736=ORIENTED_EDGE('',*,*,#3047,.T.);
#4737=ORIENTED_EDGE('',*,*,#4700,.F.);
#4738=ORIENTED_EDGE('',*,*,#2513,.F.);
#4739=ORIENTED_EDGE('',*,*,#4724,.T.);
#4740=EDGE_LOOP('',(#4736,#4737,#4738,#4739));
#4741=FACE_OUTER_BOUND('',#4740,.F.);
#4742=ADVANCED_FACE('',(#4741),#4735,.F.);
#4743=CARTESIAN_POINT('',(5.42E0,1.585E0,-1.5E0));
#4744=DIRECTION('',(-1.E0,0.E0,0.E0));
#4745=DIRECTION('',(0.E0,0.E0,1.E0));
#4746=AXIS2_PLACEMENT_3D('',#4743,#4744,#4745);
#4747=PLANE('',#4746);
#4748=ORIENTED_EDGE('',*,*,#3069,.T.);
#4750=ORIENTED_EDGE('',*,*,#4749,.F.);
#4751=ORIENTED_EDGE('',*,*,#2481,.F.);
#4753=ORIENTED_EDGE('',*,*,#4752,.T.);
#4754=EDGE_LOOP('',(#4748,#4750,#4751,#4753));
#4755=FACE_OUTER_BOUND('',#4754,.F.);
#4756=ADVANCED_FACE('',(#4755),#4747,.F.);
#4757=CARTESIAN_POINT('',(5.42E0,1.585E0,1.5E0));
#4758=DIRECTION('',(0.E0,0.E0,1.E0));
#4759=DIRECTION('',(1.E0,0.E0,0.E0));
#4760=AXIS2_PLACEMENT_3D('',#4757,#4758,#4759);
#4761=PLANE('',#4760);
#4762=ORIENTED_EDGE('',*,*,#3075,.T.);
#4764=ORIENTED_EDGE('',*,*,#4763,.F.);
#4765=ORIENTED_EDGE('',*,*,#2483,.F.);
#4766=ORIENTED_EDGE('',*,*,#4749,.T.);
#4767=EDGE_LOOP('',(#4762,#4764,#4765,#4766));
#4768=FACE_OUTER_BOUND('',#4767,.F.);
#4769=ADVANCED_FACE('',(#4768),#4761,.F.);
#4770=CARTESIAN_POINT('',(6.44E0,1.585E0,1.5E0));
#4771=DIRECTION('',(1.E0,0.E0,0.E0));
#4772=DIRECTION('',(0.E0,0.E0,-1.E0));
#4773=AXIS2_PLACEMENT_3D('',#4770,#4771,#4772);
#4774=PLANE('',#4773);
#4775=ORIENTED_EDGE('',*,*,#3073,.T.);
#4777=ORIENTED_EDGE('',*,*,#4776,.F.);
#4778=ORIENTED_EDGE('',*,*,#2485,.F.);
#4779=ORIENTED_EDGE('',*,*,#4763,.T.);
#4780=EDGE_LOOP('',(#4775,#4777,#4778,#4779));
#4781=FACE_OUTER_BOUND('',#4780,.F.);
#4782=ADVANCED_FACE('',(#4781),#4774,.F.);
#4783=CARTESIAN_POINT('',(6.44E0,1.585E0,-1.5E0));
#4784=DIRECTION('',(0.E0,0.E0,-1.E0));
#4785=DIRECTION('',(-1.E0,0.E0,0.E0));
#4786=AXIS2_PLACEMENT_3D('',#4783,#4784,#4785);
#4787=PLANE('',#4786);
#4788=ORIENTED_EDGE('',*,*,#3071,.T.);
#4789=ORIENTED_EDGE('',*,*,#4752,.F.);
#4790=ORIENTED_EDGE('',*,*,#2487,.F.);
#4791=ORIENTED_EDGE('',*,*,#4776,.T.);
#4792=EDGE_LOOP('',(#4788,#4789,#4790,#4791));
#4793=FACE_OUTER_BOUND('',#4792,.F.);
#4794=ADVANCED_FACE('',(#4793),#4787,.F.);
#4795=CARTESIAN_POINT('',(9.38E0,1.585E0,-1.5E0));
#4796=DIRECTION('',(-1.E0,0.E0,0.E0));
#4797=DIRECTION('',(0.E0,0.E0,1.E0));
#4798=AXIS2_PLACEMENT_3D('',#4795,#4796,#4797);
#4799=PLANE('',#4798);
#4800=ORIENTED_EDGE('',*,*,#3106,.T.);
#4802=ORIENTED_EDGE('',*,*,#4801,.F.);
#4803=ORIENTED_EDGE('',*,*,#2429,.F.);
#4805=ORIENTED_EDGE('',*,*,#4804,.T.);
#4806=EDGE_LOOP('',(#4800,#4802,#4803,#4805));
#4807=FACE_OUTER_BOUND('',#4806,.F.);
#4808=ADVANCED_FACE('',(#4807),#4799,.F.);
#4809=CARTESIAN_POINT('',(9.38E0,1.585E0,1.5E0));
#4810=DIRECTION('',(0.E0,0.E0,1.E0));
#4811=DIRECTION('',(1.E0,0.E0,0.E0));
#4812=AXIS2_PLACEMENT_3D('',#4809,#4810,#4811);
#4813=PLANE('',#4812);
#4814=ORIENTED_EDGE('',*,*,#3112,.T.);
#4816=ORIENTED_EDGE('',*,*,#4815,.F.);
#4817=ORIENTED_EDGE('',*,*,#2431,.F.);
#4818=ORIENTED_EDGE('',*,*,#4801,.T.);
#4819=EDGE_LOOP('',(#4814,#4816,#4817,#4818));
#4820=FACE_OUTER_BOUND('',#4819,.F.);
#4821=ADVANCED_FACE('',(#4820),#4813,.F.);
#4822=CARTESIAN_POINT('',(1.04E1,1.585E0,1.5E0));
#4823=DIRECTION('',(1.E0,0.E0,0.E0));
#4824=DIRECTION('',(0.E0,0.E0,-1.E0));
#4825=AXIS2_PLACEMENT_3D('',#4822,#4823,#4824);
#4826=PLANE('',#4825);
#4827=ORIENTED_EDGE('',*,*,#3110,.T.);
#4829=ORIENTED_EDGE('',*,*,#4828,.F.);
#4830=ORIENTED_EDGE('',*,*,#2433,.F.);
#4831=ORIENTED_EDGE('',*,*,#4815,.T.);
#4832=EDGE_LOOP('',(#4827,#4829,#4830,#4831));
#4833=FACE_OUTER_BOUND('',#4832,.F.);
#4834=ADVANCED_FACE('',(#4833),#4826,.F.);
#4835=CARTESIAN_POINT('',(1.04E1,1.585E0,-1.5E0));
#4836=DIRECTION('',(0.E0,0.E0,-1.E0));
#4837=DIRECTION('',(-1.E0,0.E0,0.E0));
#4838=AXIS2_PLACEMENT_3D('',#4835,#4836,#4837);
#4839=PLANE('',#4838);
#4840=ORIENTED_EDGE('',*,*,#3108,.T.);
#4841=ORIENTED_EDGE('',*,*,#4804,.F.);
#4842=ORIENTED_EDGE('',*,*,#2435,.F.);
#4843=ORIENTED_EDGE('',*,*,#4828,.T.);
#4844=EDGE_LOOP('',(#4840,#4841,#4842,#4843));
#4845=FACE_OUTER_BOUND('',#4844,.F.);
#4846=ADVANCED_FACE('',(#4845),#4839,.F.);
#4847=CARTESIAN_POINT('',(1.187E1,-5.59E0,0.E0));
#4848=DIRECTION('',(0.E0,1.E0,0.E0));
#4849=DIRECTION('',(1.E0,0.E0,0.E0));
#4850=AXIS2_PLACEMENT_3D('',#4847,#4848,#4849);
#4851=CONICAL_SURFACE('',#4850,4.E-1,2.090798047101E1);
#4853=ORIENTED_EDGE('',*,*,#4852,.F.);
#4855=ORIENTED_EDGE('',*,*,#4854,.T.);
#4857=ORIENTED_EDGE('',*,*,#4856,.T.);
#4858=ORIENTED_EDGE('',*,*,#2871,.F.);
#4859=EDGE_LOOP('',(#4853,#4855,#4857,#4858));
#4860=FACE_OUTER_BOUND('',#4859,.F.);
#4861=ADVANCED_FACE('',(#4860),#4851,.T.);
#4862=CARTESIAN_POINT('',(1.187E1,-5.59E0,0.E0));
#4863=DIRECTION('',(0.E0,1.E0,0.E0));
#4864=DIRECTION('',(1.E0,0.E0,0.E0));
#4865=AXIS2_PLACEMENT_3D('',#4862,#4863,#4864);
#4866=CONICAL_SURFACE('',#4865,4.E-1,2.090798047101E1);
#4867=ORIENTED_EDGE('',*,*,#4852,.T.);
#4868=ORIENTED_EDGE('',*,*,#2843,.T.);
#4869=ORIENTED_EDGE('',*,*,#4856,.F.);
#4871=ORIENTED_EDGE('',*,*,#4870,.F.);
#4872=EDGE_LOOP('',(#4867,#4868,#4869,#4871));
#4873=FACE_OUTER_BOUND('',#4872,.F.);
#4874=ADVANCED_FACE('',(#4873),#4866,.T.);
#4875=CARTESIAN_POINT('',(1.187E1,-6.035E0,0.E0));
#4876=DIRECTION('',(0.E0,1.E0,0.E0));
#4877=DIRECTION('',(1.E0,0.E0,0.E0));
#4878=AXIS2_PLACEMENT_3D('',#4875,#4876,#4877);
#4879=PLANE('',#4878);
#4880=ORIENTED_EDGE('',*,*,#4854,.F.);
#4881=ORIENTED_EDGE('',*,*,#4870,.T.);
#4882=EDGE_LOOP('',(#4880,#4881));
#4883=FACE_OUTER_BOUND('',#4882,.F.);
#4884=ADVANCED_FACE('',(#4883),#4879,.F.);
#4885=CARTESIAN_POINT('',(1.296E1,1.205E0,3.47E0));
#4886=DIRECTION('',(1.E0,0.E0,0.E0));
#4887=DIRECTION('',(0.E0,1.E0,0.E0));
#4888=AXIS2_PLACEMENT_3D('',#4885,#4886,#4887);
#4889=PLANE('',#4888);
#4890=ORIENTED_EDGE('',*,*,#2623,.T.);
#4891=ORIENTED_EDGE('',*,*,#2393,.T.);
#4892=ORIENTED_EDGE('',*,*,#2677,.T.);
#4893=ORIENTED_EDGE('',*,*,#2806,.T.);
#4894=EDGE_LOOP('',(#4890,#4891,#4892,#4893));
#4895=FACE_OUTER_BOUND('',#4894,.F.);
#4896=ADVANCED_FACE('',(#4895),#4889,.F.);
#4897=CLOSED_SHELL('',(#2364,#2381,#2397,#2413,#2439,#2465,#2491,#2517,#2543,
#2575,#2610,#2653,#2667,#2786,#2799,#2818,#2833,#2849,#2862,#2876,#2891,#2904,
#2914,#2932,#2945,#2959,#2983,#3007,#3031,#3055,#3079,#3093,#3116,#3129,#3148,
#3160,#3176,#3191,#3210,#3223,#3236,#3251,#3264,#3274,#3289,#3302,#3312,#3324,
#3336,#3353,#3366,#3381,#3393,#3407,#3420,#3435,#3448,#3467,#3479,#3495,#3510,
#3529,#3542,#3555,#3570,#3583,#3593,#3608,#3621,#3631,#3643,#3655,#3668,#3687,
#3699,#3715,#3730,#3748,#3761,#3774,#3789,#3802,#3812,#3827,#3840,#3850,#3862,
#3875,#3894,#3906,#3922,#3937,#3956,#3969,#3982,#3997,#4010,#4020,#4035,#4048,
#4058,#4070,#4082,#4095,#4114,#4126,#4142,#4157,#4176,#4189,#4202,#4217,#4230,
#4240,#4255,#4268,#4278,#4290,#4302,#4315,#4334,#4346,#4362,#4377,#4396,#4409,
#4422,#4437,#4450,#4460,#4475,#4488,#4498,#4510,#4522,#4534,#4548,#4561,#4574,
#4586,#4600,#4613,#4626,#4638,#4652,#4665,#4678,#4690,#4704,#4717,#4730,#4742,
#4756,#4769,#4782,#4794,#4808,#4821,#4834,#4846,#4861,#4874,#4884,#4896));
#4898=MANIFOLD_SOLID_BREP('',#4897);
#4899=CARTESIAN_POINT('',(0.E0,0.E0,0.E0));
#4900=DIRECTION('',(0.E0,0.E0,1.E0));
#4901=DIRECTION('',(1.E0,0.E0,0.E0));
#4902=AXIS2_PLACEMENT_3D('CSYS',#4899,#4900,#4901);
#4903=DIRECTION('',(0.E0,1.E0,0.E0));
#4904=VECTOR('',#4903,1.905E1);
#4905=CARTESIAN_POINT('',(-1.189E1,-6.035E0,0.E0));
#4906=LINE('',#4905,#4904);
#4909=DIRECTION('',(0.E0,1.E0,0.E0));
#4910=VECTOR('',#4909,1.905E1);
#4911=CARTESIAN_POINT('',(-7.93E0,-6.035E0,0.E0));
#4912=LINE('',#4911,#4910);
#4914=DIRECTION('',(0.E0,1.E0,0.E0));
#4915=VECTOR('',#4914,1.905E1);
#4916=CARTESIAN_POINT('',(-3.97E0,-6.035E0,0.E0));
#4917=LINE('',#4916,#4915);
#4919=DIRECTION('',(0.E0,1.E0,0.E0));
#4920=VECTOR('',#4919,1.905E1);
#4921=CARTESIAN_POINT('',(-1.E-2,-6.035E0,0.E0));
#4922=LINE('',#4921,#4920);
#4924=DIRECTION('',(0.E0,1.E0,0.E0));
#4925=VECTOR('',#4924,1.905E1);
#4926=CARTESIAN_POINT('',(3.95E0,-6.035E0,0.E0));
#4927=LINE('',#4926,#4925);
#4929=DIRECTION('',(0.E0,1.E0,0.E0));
#4930=VECTOR('',#4929,1.905E1);
#4931=CARTESIAN_POINT('',(7.91E0,-6.035E0,0.E0));
#4932=LINE('',#4931,#4930);
#4934=DIRECTION('',(0.E0,1.E0,0.E0));
#4935=VECTOR('',#4934,1.905E1);
#4936=CARTESIAN_POINT('',(1.187E1,-6.035E0,0.E0));
#4937=LINE('',#4936,#4935);
#4939=CARTESIAN_POINT('',(-1.189E1,-1.585E0,0.E0));
#4940=DIRECTION('',(0.E0,-1.E0,0.E0));
#4941=DIRECTION('',(1.E0,0.E0,0.E0));
#4942=AXIS2_PLACEMENT_3D('',#4939,#4940,#4941);
#4946=CARTESIAN_POINT('',(-1.189E1,-1.585E0,0.E0));
#4947=DIRECTION('',(0.E0,-1.E0,0.E0));
#4948=DIRECTION('',(-1.E0,0.E0,0.E0));
#4949=AXIS2_PLACEMENT_3D('',#4946,#4947,#4948);
#4954=CARTESIAN_POINT('',(-7.93E0,-1.585E0,0.E0));
#4955=DIRECTION('',(0.E0,-1.E0,0.E0));
#4956=DIRECTION('',(1.E0,0.E0,0.E0));
#4957=AXIS2_PLACEMENT_3D('',#4954,#4955,#4956);
#4961=CARTESIAN_POINT('',(-7.93E0,-1.585E0,0.E0));
#4962=DIRECTION('',(0.E0,-1.E0,0.E0));
#4963=DIRECTION('',(-1.E0,0.E0,0.E0));
#4964=AXIS2_PLACEMENT_3D('',#4961,#4962,#4963);
#4969=CARTESIAN_POINT('',(-3.97E0,-1.585E0,0.E0));
#4970=DIRECTION('',(0.E0,-1.E0,0.E0));
#4971=DIRECTION('',(1.E0,0.E0,0.E0));
#4972=AXIS2_PLACEMENT_3D('',#4969,#4970,#4971);
#4976=CARTESIAN_POINT('',(-3.97E0,-1.585E0,0.E0));
#4977=DIRECTION('',(0.E0,-1.E0,0.E0));
#4978=DIRECTION('',(-1.E0,0.E0,0.E0));
#4979=AXIS2_PLACEMENT_3D('',#4976,#4977,#4978);
#4984=CARTESIAN_POINT('',(-1.E-2,-1.585E0,0.E0));
#4985=DIRECTION('',(0.E0,-1.E0,0.E0));
#4986=DIRECTION('',(1.E0,0.E0,0.E0));
#4987=AXIS2_PLACEMENT_3D('',#4984,#4985,#4986);
#4991=CARTESIAN_POINT('',(-1.E-2,-1.585E0,0.E0));
#4992=DIRECTION('',(0.E0,-1.E0,0.E0));
#4993=DIRECTION('',(-1.E0,0.E0,0.E0));
#4994=AXIS2_PLACEMENT_3D('',#4991,#4992,#4993);
#4999=CARTESIAN_POINT('',(3.95E0,-1.585E0,0.E0));
#5000=DIRECTION('',(0.E0,-1.E0,0.E0));
#5001=DIRECTION('',(1.E0,0.E0,0.E0));
#5002=AXIS2_PLACEMENT_3D('',#4999,#5000,#5001);
#5006=CARTESIAN_POINT('',(3.95E0,-1.585E0,0.E0));
#5007=DIRECTION('',(0.E0,-1.E0,0.E0));
#5008=DIRECTION('',(-1.E0,0.E0,0.E0));
#5009=AXIS2_PLACEMENT_3D('',#5006,#5007,#5008);
#5014=CARTESIAN_POINT('',(7.91E0,-1.585E0,0.E0));
#5015=DIRECTION('',(0.E0,-1.E0,0.E0));
#5016=DIRECTION('',(1.E0,0.E0,0.E0));
#5017=AXIS2_PLACEMENT_3D('',#5014,#5015,#5016);
#5021=CARTESIAN_POINT('',(7.91E0,-1.585E0,0.E0));
#5022=DIRECTION('',(0.E0,-1.E0,0.E0));
#5023=DIRECTION('',(-1.E0,0.E0,0.E0));
#5024=AXIS2_PLACEMENT_3D('',#5021,#5022,#5023);
#5029=CARTESIAN_POINT('',(1.187E1,-1.585E0,0.E0));
#5030=DIRECTION('',(0.E0,-1.E0,0.E0));
#5031=DIRECTION('',(1.E0,0.E0,0.E0));
#5032=AXIS2_PLACEMENT_3D('',#5029,#5030,#5031);
#5036=CARTESIAN_POINT('',(1.187E1,-1.585E0,0.E0));
#5037=DIRECTION('',(0.E0,-1.E0,0.E0));
#5038=DIRECTION('',(-1.E0,0.E0,0.E0));
#5039=AXIS2_PLACEMENT_3D('',#5036,#5037,#5038);
#5045=DIMENSIONAL_EXPONENTS(0.E0,0.E0,0.E0,0.E0,0.E0,0.E0,0.E0);
#5047=PLANE_ANGLE_MEASURE_WITH_UNIT(PLANE_ANGLE_MEASURE(1.745329251994E-2),
#5046);
#5048=(CONVERSION_BASED_UNIT('DEGREE',#5047)NAMED_UNIT(*)PLANE_ANGLE_UNIT());
#5050=UNCERTAINTY_MEASURE_WITH_UNIT(LENGTH_MEASURE(3.435004658337E-3),#5044,
'closure',
'Maximum model space distance between geometric entities at asserted connectivities');
#5051=(GEOMETRIC_REPRESENTATION_CONTEXT(3)GLOBAL_UNCERTAINTY_ASSIGNED_CONTEXT((
#5050))GLOBAL_UNIT_ASSIGNED_CONTEXT((#5044,#5048,#5049))REPRESENTATION_CONTEXT(
'ID1','3'));
#4908=GEOMETRIC_SET('',(#4907,#4913,#4918,#4923,#4928,#4933,#4938,#4953,#4968,
#4983,#4998,#5013,#5028,#5043));
#5055=SHAPE_REPRESENTATION_RELATIONSHIP('','',#5054,#5052);
#5056=SHAPE_REPRESENTATION_RELATIONSHIP('','',#5054,#5053);
#5057=APPLICATION_CONTEXT(
'CONFIGURATION CONTROLLED 3D DESIGNS OF MECHANICAL PARTS AND ASSEMBLIES');
#5058=APPLICATION_PROTOCOL_DEFINITION('international standard',
'config_control_design',1994,#5057);
#5059=DESIGN_CONTEXT('',#5057,'design');
#5060=MECHANICAL_CONTEXT('',#5057,'mechanical');
#5061=PRODUCT('026192071','026192071','NOT SPECIFIED',(#5060));
#5062=PRODUCT_DEFINITION_FORMATION_WITH_SPECIFIED_SOURCE('1','LAST_VERSION',
#5061,.MADE.);
#5066=PRODUCT_CATEGORY('part','');
#5067=PRODUCT_RELATED_PRODUCT_CATEGORY('detail','',(#5061));
#5068=PRODUCT_CATEGORY_RELATIONSHIP('','',#5066,#5067);
#5069=SECURITY_CLASSIFICATION_LEVEL('unclassified');
#5070=SECURITY_CLASSIFICATION('','',#5069);
#5071=CC_DESIGN_SECURITY_CLASSIFICATION(#5070,(#5062));
#5072=APPROVAL_STATUS('approved');
#5073=APPROVAL(#5072,'');
#5074=CC_DESIGN_APPROVAL(#5073,(#5070,#5062,#5063));
#5075=CALENDAR_DATE(114,8,9);
#5076=COORDINATED_UNIVERSAL_TIME_OFFSET(5,30,.AHEAD.);
#5077=LOCAL_TIME(15,55,3.E0,#5076);
#5078=DATE_AND_TIME(#5075,#5077);
#5079=APPROVAL_DATE_TIME(#5078,#5073);
#5080=DATE_TIME_ROLE('creation_date');
#5081=CC_DESIGN_DATE_AND_TIME_ASSIGNMENT(#5078,#5080,(#5063));
#5082=DATE_TIME_ROLE('classification_date');
#5083=CC_DESIGN_DATE_AND_TIME_ASSIGNMENT(#5078,#5082,(#5070));
#5084=PERSON('UNSPECIFIED','UNSPECIFIED',$,$,$,$);
#5085=ORGANIZATION('UNSPECIFIED','UNSPECIFIED','UNSPECIFIED');
#5086=PERSON_AND_ORGANIZATION(#5084,#5085);
#5087=APPROVAL_ROLE('approver');
#5088=APPROVAL_PERSON_ORGANIZATION(#5086,#5073,#5087);
#5089=PERSON_AND_ORGANIZATION_ROLE('creator');
#5090=CC_DESIGN_PERSON_AND_ORGANIZATION_ASSIGNMENT(#5086,#5089,(#5062,#5063));
#5091=PERSON_AND_ORGANIZATION_ROLE('design_supplier');
#5092=CC_DESIGN_PERSON_AND_ORGANIZATION_ASSIGNMENT(#5086,#5091,(#5062));
#5093=PERSON_AND_ORGANIZATION_ROLE('classification_officer');
#5094=CC_DESIGN_PERSON_AND_ORGANIZATION_ASSIGNMENT(#5086,#5093,(#5070));
#5095=PERSON_AND_ORGANIZATION_ROLE('design_owner');
#5096=CC_DESIGN_PERSON_AND_ORGANIZATION_ASSIGNMENT(#5086,#5095,(#5061));
#601=CIRCLE('',#600,5.7E-1);
#606=CIRCLE('',#605,5.7E-1);
#619=CIRCLE('',#618,5.7E-1);
#636=CIRCLE('',#635,5.7E-1);
#649=CIRCLE('',#648,5.7E-1);
#658=CIRCLE('',#657,5.7E-1);
#663=CIRCLE('',#662,2.3E-1);
#668=CIRCLE('',#667,2.3E-1);
#677=CIRCLE('',#676,5.7E-1);
#682=CIRCLE('',#681,5.7E-1);
#855=CIRCLE('',#854,5.7E-1);
#860=CIRCLE('',#859,5.7E-1);
#865=CIRCLE('',#864,5.7E-1);
#870=CIRCLE('',#869,5.7E-1);
#875=CIRCLE('',#874,5.7E-1);
#900=CIRCLE('',#899,5.7E-1);
#913=CIRCLE('',#912,5.7E-1);
#922=CIRCLE('',#921,5.7E-1);
#927=CIRCLE('',#926,2.3E-1);
#932=CIRCLE('',#931,2.3E-1);
#941=CIRCLE('',#940,2.3E-1);
#950=CIRCLE('',#949,2.3E-1);
#1047=CIRCLE('',#1046,5.7E-1);
#1052=CIRCLE('',#1051,5.7E-1);
#1057=CIRCLE('',#1056,5.7E-1);
#1062=CIRCLE('',#1061,5.7E-1);
#1067=CIRCLE('',#1066,5.7E-1);
#1092=CIRCLE('',#1091,5.7E-1);
#1105=CIRCLE('',#1104,5.7E-1);
#1114=CIRCLE('',#1113,5.7E-1);
#1119=CIRCLE('',#1118,2.3E-1);
#1124=CIRCLE('',#1123,2.3E-1);
#1133=CIRCLE('',#1132,2.3E-1);
#1142=CIRCLE('',#1141,2.3E-1);
#1167=CIRCLE('',#1166,5.7E-1);
#1172=CIRCLE('',#1171,5.7E-1);
#1177=CIRCLE('',#1176,5.7E-1);
#1182=CIRCLE('',#1181,5.7E-1);
#1187=CIRCLE('',#1186,5.7E-1);
#1212=CIRCLE('',#1211,5.7E-1);
#1225=CIRCLE('',#1224,5.7E-1);
#1234=CIRCLE('',#1233,5.7E-1);
#1239=CIRCLE('',#1238,2.3E-1);
#1244=CIRCLE('',#1243,2.3E-1);
#1253=CIRCLE('',#1252,2.3E-1);
#1262=CIRCLE('',#1261,2.3E-1);
#1279=CIRCLE('',#1278,5.7E-1);
#1284=CIRCLE('',#1283,5.7E-1);
#1289=CIRCLE('',#1288,5.7E-1);
#1294=CIRCLE('',#1293,5.7E-1);
#1299=CIRCLE('',#1298,5.7E-1);
#1324=CIRCLE('',#1323,5.7E-1);
#1337=CIRCLE('',#1336,5.7E-1);
#1346=CIRCLE('',#1345,5.7E-1);
#1351=CIRCLE('',#1350,2.3E-1);
#1356=CIRCLE('',#1355,2.3E-1);
#1365=CIRCLE('',#1364,2.3E-1);
#1374=CIRCLE('',#1373,2.3E-1);
#1399=CIRCLE('',#1398,5.7E-1);
#1404=CIRCLE('',#1403,5.7E-1);
#1409=CIRCLE('',#1408,5.7E-1);
#1414=CIRCLE('',#1413,5.7E-1);
#1419=CIRCLE('',#1418,5.7E-1);
#1444=CIRCLE('',#1443,5.7E-1);
#1457=CIRCLE('',#1456,5.7E-1);
#1466=CIRCLE('',#1465,5.7E-1);
#1471=CIRCLE('',#1470,2.3E-1);
#1476=CIRCLE('',#1475,2.3E-1);
#1485=CIRCLE('',#1484,2.3E-1);
#1494=CIRCLE('',#1493,2.3E-1);
#1519=CIRCLE('',#1518,5.7E-1);
#1524=CIRCLE('',#1523,5.7E-1);
#1529=CIRCLE('',#1528,5.7E-1);
#1534=CIRCLE('',#1533,5.7E-1);
#1539=CIRCLE('',#1538,5.7E-1);
#1564=CIRCLE('',#1563,5.7E-1);
#1577=CIRCLE('',#1576,5.7E-1);
#1586=CIRCLE('',#1585,5.7E-1);
#1591=CIRCLE('',#1590,2.3E-1);
#1596=CIRCLE('',#1595,2.3E-1);
#1605=CIRCLE('',#1604,2.3E-1);
#1614=CIRCLE('',#1613,2.3E-1);
#1731=CIRCLE('',#1730,2.3E-1);
#1740=CIRCLE('',#1739,2.3E-1);
#2290=EDGE_CURVE('',#1787,#1788,#4,.T.);
#2292=EDGE_CURVE('',#1822,#1787,#990,.T.);
#2294=EDGE_CURVE('',#1758,#1822,#966,.T.);
#2296=EDGE_CURVE('',#1758,#1768,#8,.T.);
#2298=EDGE_CURVE('',#1768,#1766,#12,.T.);
#2300=EDGE_CURVE('',#1764,#1766,#16,.T.);
#2302=EDGE_CURVE('',#1763,#1764,#20,.T.);
#2304=EDGE_CURVE('',#1763,#1882,#24,.T.);
#2306=EDGE_CURVE('',#1882,#1880,#28,.T.);
#2308=EDGE_CURVE('',#1878,#1880,#32,.T.);
#2310=EDGE_CURVE('',#1877,#1878,#36,.T.);
#2312=EDGE_CURVE('',#1877,#1906,#40,.T.);
#2314=EDGE_CURVE('',#1906,#1904,#44,.T.);
#2316=EDGE_CURVE('',#1902,#1904,#48,.T.);
#2318=EDGE_CURVE('',#1901,#1902,#52,.T.);
#2320=EDGE_CURVE('',#1901,#1930,#56,.T.);
#2322=EDGE_CURVE('',#1930,#1928,#60,.T.);
#2324=EDGE_CURVE('',#1926,#1928,#64,.T.);
#2326=EDGE_CURVE('',#1925,#1926,#68,.T.);
#2328=EDGE_CURVE('',#1925,#1954,#72,.T.);
#2330=EDGE_CURVE('',#1954,#1952,#76,.T.);
#2332=EDGE_CURVE('',#1950,#1952,#80,.T.);
#2334=EDGE_CURVE('',#1949,#1950,#84,.T.);
#2336=EDGE_CURVE('',#1949,#2172,#88,.T.);
#2338=EDGE_CURVE('',#2172,#2170,#92,.T.);
#2340=EDGE_CURVE('',#2168,#2170,#96,.T.);
#2342=EDGE_CURVE('',#2167,#2168,#100,.T.);
#2344=EDGE_CURVE('',#2167,#2224,#104,.T.);
#2346=EDGE_CURVE('',#2224,#2222,#108,.T.);
#2348=EDGE_CURVE('',#2220,#2222,#112,.T.);
#2350=EDGE_CURVE('',#2219,#2220,#116,.T.);
#2352=EDGE_CURVE('',#2219,#1760,#120,.T.);
#2354=EDGE_CURVE('',#1760,#1815,#124,.T.);
#2356=EDGE_CURVE('',#1792,#1815,#998,.T.);
#2358=EDGE_CURVE('',#1792,#1790,#128,.T.);
#2360=EDGE_CURVE('',#1788,#1790,#132,.T.);
#2371=EDGE_CURVE('',#1794,#1788,#316,.T.);
#2373=EDGE_CURVE('',#1872,#1794,#332,.T.);
#2375=EDGE_CURVE('',#1868,#1872,#1002,.T.);
#2377=EDGE_CURVE('',#1787,#1868,#986,.T.);
#2387=EDGE_CURVE('',#1827,#1828,#136,.T.);
#2389=EDGE_CURVE('',#1827,#1756,#140,.T.);
#2391=EDGE_CURVE('',#1756,#2232,#368,.T.);
#2393=EDGE_CURVE('',#1828,#2232,#144,.T.);
#2403=EDGE_CURVE('',#1830,#1751,#982,.T.);
#2405=EDGE_CURVE('',#1836,#1830,#148,.T.);
#2407=EDGE_CURVE('',#1836,#1771,#152,.T.);
#2409=EDGE_CURVE('',#1771,#1751,#496,.T.);
#2419=EDGE_CURVE('',#1833,#1834,#156,.T.);
#2421=EDGE_CURVE('',#1833,#2227,#160,.T.);
#2423=EDGE_CURVE('',#2227,#2180,#592,.T.);
#2425=EDGE_CURVE('',#1834,#2180,#164,.T.);
#2429=EDGE_CURVE('',#2279,#2280,#296,.T.);
#2431=EDGE_CURVE('',#2280,#2282,#300,.T.);
#2433=EDGE_CURVE('',#2282,#2284,#304,.T.);
#2435=EDGE_CURVE('',#2284,#2279,#308,.T.);
#2445=EDGE_CURVE('',#1838,#1776,#168,.T.);
#2447=EDGE_CURVE('',#1985,#1838,#172,.T.);
#2449=EDGE_CURVE('',#1985,#1885,#176,.T.);
#2451=EDGE_CURVE('',#1885,#1776,#512,.T.);
#2455=EDGE_CURVE('',#1807,#1808,#216,.T.);
#2457=EDGE_CURVE('',#1808,#1810,#220,.T.);
#2459=EDGE_CURVE('',#1810,#1812,#224,.T.);
#2461=EDGE_CURVE('',#1812,#1807,#228,.T.);
#2471=EDGE_CURVE('',#1973,#1974,#180,.T.);
#2473=EDGE_CURVE('',#1973,#2175,#184,.T.);
#2475=EDGE_CURVE('',#2175,#1962,#576,.T.);
#2477=EDGE_CURVE('',#1974,#1962,#188,.T.);
#2481=EDGE_CURVE('',#2159,#2160,#280,.T.);
#2483=EDGE_CURVE('',#2160,#2162,#284,.T.);
#2485=EDGE_CURVE('',#2162,#2164,#288,.T.);
#2487=EDGE_CURVE('',#2164,#2159,#292,.T.);
#2497=EDGE_CURVE('',#1977,#1978,#192,.T.);
#2499=EDGE_CURVE('',#1977,#1957,#196,.T.);
#2501=EDGE_CURVE('',#1957,#1938,#560,.T.);
#2503=EDGE_CURVE('',#1978,#1938,#200,.T.);
#2507=EDGE_CURVE('',#2143,#2144,#264,.T.);
#2509=EDGE_CURVE('',#2144,#2146,#268,.T.);
#2511=EDGE_CURVE('',#2146,#2148,#272,.T.);
#2513=EDGE_CURVE('',#2148,#2143,#276,.T.);
#2523=EDGE_CURVE('',#1981,#1982,#204,.T.);
#2525=EDGE_CURVE('',#1981,#1909,#208,.T.);
#2527=EDGE_CURVE('',#1909,#1890,#528,.T.);
#2529=EDGE_CURVE('',#1982,#1890,#212,.T.);
#2533=EDGE_CURVE('',#2111,#2112,#232,.T.);
#2535=EDGE_CURVE('',#2112,#2114,#236,.T.);
#2537=EDGE_CURVE('',#2114,#2116,#240,.T.);
#2539=EDGE_CURVE('',#2116,#2111,#244,.T.);
#2549=EDGE_CURVE('',#1794,#1994,#312,.T.);
#2553=EDGE_CURVE('',#1796,#1790,#1018,.T.);
#2555=EDGE_CURVE('',#1997,#1796,#320,.T.);
#2557=EDGE_CURVE('',#1997,#1933,#324,.T.);
#2559=EDGE_CURVE('',#1933,#1914,#544,.T.);
#2561=EDGE_CURVE('',#1994,#1914,#328,.T.);
#2565=EDGE_CURVE('',#2127,#2128,#248,.T.);
#2567=EDGE_CURVE('',#2128,#2130,#252,.T.);
#2569=EDGE_CURVE('',#2130,#2132,#256,.T.);
#2571=EDGE_CURVE('',#2132,#2127,#260,.T.);
#2583=EDGE_CURVE('',#1992,#1994,#348,.T.);
#2585=EDGE_CURVE('',#1990,#1992,#1191,.T.);
#2587=EDGE_CURVE('',#1981,#1990,#1266,.T.);
#2590=EDGE_CURVE('',#1988,#1982,#1146,.T.);
#2592=EDGE_CURVE('',#1986,#1988,#1071,.T.);
#2594=EDGE_CURVE('',#1985,#1986,#1154,.T.);
#2597=EDGE_CURVE('',#1866,#1838,#958,.T.);
#2599=EDGE_CURVE('',#1864,#1866,#879,.T.);
#2601=EDGE_CURVE('',#1836,#1864,#962,.T.);
#2604=EDGE_CURVE('',#1824,#1830,#978,.T.);
#2606=EDGE_CURVE('',#1824,#1872,#336,.T.);
#2616=EDGE_CURVE('',#1874,#1796,#340,.T.);
#2618=EDGE_CURVE('',#1874,#1818,#344,.T.);
#2620=EDGE_CURVE('',#1818,#1827,#1022,.T.);
#2623=EDGE_CURVE('',#2268,#1828,#1744,.T.);
#2625=EDGE_CURVE('',#2266,#2268,#610,.T.);
#2627=EDGE_CURVE('',#1833,#2266,#596,.T.);
#2630=EDGE_CURVE('',#2216,#1834,#1618,.T.);
#2632=EDGE_CURVE('',#2214,#2216,#1543,.T.);
#2634=EDGE_CURVE('',#1973,#2214,#1626,.T.);
#2637=EDGE_CURVE('',#2004,#1974,#1498,.T.);
#2639=EDGE_CURVE('',#2002,#2004,#1423,.T.);
#2641=EDGE_CURVE('',#1977,#2002,#1506,.T.);
#2644=EDGE_CURVE('',#2000,#1978,#1378,.T.);
#2646=EDGE_CURVE('',#1998,#2000,#1303,.T.);
#2648=EDGE_CURVE('',#1997,#1998,#1386,.T.);
#2661=EDGE_CURVE('',#1914,#1912,#540,.T.);
#2663=EDGE_CURVE('',#1912,#1992,#352,.T.);
#2673=EDGE_CURVE('',#2227,#2228,#356,.T.);
#2675=EDGE_CURVE('',#2228,#2230,#360,.T.);
#2677=EDGE_CURVE('',#2232,#2230,#364,.T.);
#2680=EDGE_CURVE('',#1755,#1756,#372,.T.);
#2682=EDGE_CURVE('',#2235,#1755,#376,.T.);
#2684=EDGE_CURVE('',#2235,#2236,#380,.T.);
#2686=EDGE_CURVE('',#2236,#2238,#384,.T.);
#2688=EDGE_CURVE('',#2240,#2238,#388,.T.);
#2690=EDGE_CURVE('',#2183,#2240,#392,.T.);
#2692=EDGE_CURVE('',#2183,#2184,#396,.T.);
#2694=EDGE_CURVE('',#2184,#2186,#400,.T.);
#2696=EDGE_CURVE('',#2188,#2186,#404,.T.);
#2698=EDGE_CURVE('',#1965,#2188,#408,.T.);
#2700=EDGE_CURVE('',#1965,#1966,#412,.T.);
#2702=EDGE_CURVE('',#1966,#1968,#416,.T.);
#2704=EDGE_CURVE('',#1970,#1968,#420,.T.);
#2706=EDGE_CURVE('',#1941,#1970,#424,.T.);
#2708=EDGE_CURVE('',#1941,#1942,#428,.T.);
#2710=EDGE_CURVE('',#1942,#1944,#432,.T.);
#2712=EDGE_CURVE('',#1946,#1944,#436,.T.);
#2714=EDGE_CURVE('',#1917,#1946,#440,.T.);
#2716=EDGE_CURVE('',#1917,#1918,#444,.T.);
#2718=EDGE_CURVE('',#1918,#1920,#448,.T.);
#2720=EDGE_CURVE('',#1922,#1920,#452,.T.);
#2722=EDGE_CURVE('',#1893,#1922,#456,.T.);
#2724=EDGE_CURVE('',#1893,#1894,#460,.T.);
#2726=EDGE_CURVE('',#1894,#1896,#464,.T.);
#2728=EDGE_CURVE('',#1898,#1896,#468,.T.);
#2730=EDGE_CURVE('',#1779,#1898,#472,.T.);
#2732=EDGE_CURVE('',#1779,#1780,#476,.T.);
#2734=EDGE_CURVE('',#1780,#1782,#480,.T.);
#2736=EDGE_CURVE('',#1784,#1782,#484,.T.);
#2738=EDGE_CURVE('',#1752,#1784,#488,.T.);
#2740=EDGE_CURVE('',#1751,#1752,#492,.T.);
#2743=EDGE_CURVE('',#1771,#1772,#500,.T.);
#2745=EDGE_CURVE('',#1772,#1774,#504,.T.);
#2747=EDGE_CURVE('',#1776,#1774,#508,.T.);
#2750=EDGE_CURVE('',#1885,#1886,#516,.T.);
#2752=EDGE_CURVE('',#1886,#1888,#520,.T.);
#2754=EDGE_CURVE('',#1890,#1888,#524,.T.);
#2757=EDGE_CURVE('',#1909,#1910,#532,.T.);
#2759=EDGE_CURVE('',#1910,#1912,#536,.T.);
#2763=EDGE_CURVE('',#1933,#1934,#548,.T.);
#2765=EDGE_CURVE('',#1934,#1936,#552,.T.);
#2767=EDGE_CURVE('',#1938,#1936,#556,.T.);
#2770=EDGE_CURVE('',#1957,#1958,#564,.T.);
#2772=EDGE_CURVE('',#1958,#1960,#568,.T.);
#2774=EDGE_CURVE('',#1962,#1960,#572,.T.);
#2777=EDGE_CURVE('',#2175,#2176,#580,.T.);
#2779=EDGE_CURVE('',#2176,#2178,#584,.T.);
#2781=EDGE_CURVE('',#2180,#2178,#588,.T.);
#2793=EDGE_CURVE('',#2228,#2266,#614,.T.);
#2806=EDGE_CURVE('',#2230,#2268,#1748,.T.);
#2812=EDGE_CURVE('',#2259,#2260,#601,.T.);
#2814=EDGE_CURVE('',#2260,#2259,#606,.T.);
#2825=EDGE_CURVE('',#2259,#2247,#627,.T.);
#2827=EDGE_CURVE('',#2247,#2255,#658,.T.);
#2829=EDGE_CURVE('',#2260,#2255,#623,.T.);
#2839=EDGE_CURVE('',#2263,#2264,#677,.T.);
#2841=EDGE_CURVE('',#2252,#2264,#640,.T.);
#2843=EDGE_CURVE('',#2244,#2252,#619,.T.);
#2845=EDGE_CURVE('',#2244,#2263,#631,.T.);
#2857=EDGE_CURVE('',#2247,#2255,#649,.T.);
#2868=EDGE_CURVE('',#2264,#2263,#682,.T.);
#2871=EDGE_CURVE('',#2244,#2252,#636,.T.);
#2882=EDGE_CURVE('',#2247,#2248,#644,.T.);
#2885=EDGE_CURVE('',#2255,#2256,#653,.T.);
#2887=EDGE_CURVE('',#2248,#2256,#663,.T.);
#2898=EDGE_CURVE('',#2248,#2256,#668,.T.);
#2921=EDGE_CURVE('',#2238,#2222,#686,.T.);
#2924=EDGE_CURVE('',#2236,#2220,#672,.T.);
#2939=EDGE_CURVE('',#2224,#2240,#742,.T.);
#2951=EDGE_CURVE('',#1768,#1784,#690,.T.);
#2954=EDGE_CURVE('',#1758,#1752,#694,.T.);
#2965=EDGE_CURVE('',#1882,#1898,#698,.T.);
#2968=EDGE_CURVE('',#1763,#1779,#702,.T.);
#2973=EDGE_CURVE('',#1799,#1800,#750,.T.);
#2975=EDGE_CURVE('',#1804,#1799,#754,.T.);
#2977=EDGE_CURVE('',#1802,#1804,#758,.T.);
#2979=EDGE_CURVE('',#1800,#1802,#762,.T.);
#2989=EDGE_CURVE('',#1906,#1922,#706,.T.);
#2992=EDGE_CURVE('',#1877,#1893,#710,.T.);
#2997=EDGE_CURVE('',#2103,#2104,#766,.T.);
#2999=EDGE_CURVE('',#2108,#2103,#770,.T.);
#3001=EDGE_CURVE('',#2106,#2108,#774,.T.);
#3003=EDGE_CURVE('',#2104,#2106,#778,.T.);
#3013=EDGE_CURVE('',#1930,#1946,#714,.T.);
#3016=EDGE_CURVE('',#1901,#1917,#718,.T.);
#3021=EDGE_CURVE('',#2119,#2120,#782,.T.);
#3023=EDGE_CURVE('',#2124,#2119,#786,.T.);
#3025=EDGE_CURVE('',#2122,#2124,#790,.T.);
#3027=EDGE_CURVE('',#2120,#2122,#794,.T.);
#3037=EDGE_CURVE('',#1954,#1970,#722,.T.);
#3040=EDGE_CURVE('',#1925,#1941,#726,.T.);
#3045=EDGE_CURVE('',#2135,#2136,#798,.T.);
#3047=EDGE_CURVE('',#2140,#2135,#802,.T.);
#3049=EDGE_CURVE('',#2138,#2140,#806,.T.);
#3051=EDGE_CURVE('',#2136,#2138,#810,.T.);
#3061=EDGE_CURVE('',#2172,#2188,#730,.T.);
#3064=EDGE_CURVE('',#1949,#1965,#734,.T.);
#3069=EDGE_CURVE('',#2151,#2152,#814,.T.);
#3071=EDGE_CURVE('',#2156,#2151,#818,.T.);
#3073=EDGE_CURVE('',#2154,#2156,#822,.T.);
#3075=EDGE_CURVE('',#2152,#2154,#826,.T.);
#3085=EDGE_CURVE('',#2219,#2235,#738,.T.);
#3088=EDGE_CURVE('',#1760,#1755,#1034,.T.);
#3101=EDGE_CURVE('',#2167,#2183,#746,.T.);
#3106=EDGE_CURVE('',#2271,#2272,#830,.T.);
#3108=EDGE_CURVE('',#2276,#2271,#834,.T.);
#3110=EDGE_CURVE('',#2274,#2276,#838,.T.);
#3112=EDGE_CURVE('',#2272,#2274,#842,.T.);
#3125=EDGE_CURVE('',#1782,#1766,#846,.T.);
#3138=EDGE_CURVE('',#1780,#1764,#850,.T.);
#3142=EDGE_CURVE('',#1861,#1862,#855,.T.);
#3144=EDGE_CURVE('',#1862,#1861,#860,.T.);
#3166=EDGE_CURVE('',#1857,#1858,#870,.T.);
#3168=EDGE_CURVE('',#1857,#1845,#891,.T.);
#3170=EDGE_CURVE('',#1845,#1853,#922,.T.);
#3172=EDGE_CURVE('',#1858,#1853,#887,.T.);
#3183=EDGE_CURVE('',#1850,#1862,#904,.T.);
#3185=EDGE_CURVE('',#1842,#1850,#865,.T.);
#3187=EDGE_CURVE('',#1842,#1861,#895,.T.);
#3198=EDGE_CURVE('',#1774,#1866,#954,.T.);
#3201=EDGE_CURVE('',#1772,#1864,#883,.T.);
#3206=EDGE_CURVE('',#1858,#1857,#875,.T.);
#3218=EDGE_CURVE('',#1845,#1853,#913,.T.);
#3231=EDGE_CURVE('',#1842,#1850,#900,.T.);
#3242=EDGE_CURVE('',#1845,#1846,#908,.T.);
#3245=EDGE_CURVE('',#1853,#1854,#917,.T.);
#3247=EDGE_CURVE('',#1846,#1854,#927,.T.);
#3258=EDGE_CURVE('',#1846,#1854,#932,.T.);
#3280=EDGE_CURVE('',#1841,#1842,#936,.T.);
#3282=EDGE_CURVE('',#1841,#1849,#941,.T.);
#3284=EDGE_CURVE('',#1849,#1850,#945,.T.);
#3298=EDGE_CURVE('',#1841,#1849,#950,.T.);
#3343=EDGE_CURVE('',#1821,#1822,#970,.T.);
#3345=EDGE_CURVE('',#1824,#1821,#974,.T.);
#3360=EDGE_CURVE('',#1821,#1868,#1006,.T.);
#3372=EDGE_CURVE('',#1792,#1870,#994,.T.);
#3375=EDGE_CURVE('',#1815,#1816,#1030,.T.);
#3377=EDGE_CURVE('',#1870,#1816,#1014,.T.);
#3399=EDGE_CURVE('',#1870,#1874,#1010,.T.);
#3402=EDGE_CURVE('',#1816,#1818,#1026,.T.);
#3444=EDGE_CURVE('',#1896,#1880,#1038,.T.);
#3457=EDGE_CURVE('',#1894,#1878,#1042,.T.);
#3461=EDGE_CURVE('',#2027,#2028,#1047,.T.);
#3463=EDGE_CURVE('',#2028,#2027,#1052,.T.);
#3485=EDGE_CURVE('',#2023,#2024,#1062,.T.);
#3487=EDGE_CURVE('',#2023,#2011,#1083,.T.);
#3489=EDGE_CURVE('',#2011,#2019,#1114,.T.);
#3491=EDGE_CURVE('',#2024,#2019,#1079,.T.);
#3502=EDGE_CURVE('',#2016,#2028,#1096,.T.);
#3504=EDGE_CURVE('',#2008,#2016,#1057,.T.);
#3506=EDGE_CURVE('',#2008,#2027,#1087,.T.);
#3517=EDGE_CURVE('',#1888,#1988,#1150,.T.);
#3520=EDGE_CURVE('',#1886,#1986,#1075,.T.);
#3525=EDGE_CURVE('',#2024,#2023,#1067,.T.);
#3537=EDGE_CURVE('',#2011,#2019,#1105,.T.);
#3550=EDGE_CURVE('',#2008,#2016,#1092,.T.);
#3561=EDGE_CURVE('',#2011,#2012,#1100,.T.);
#3564=EDGE_CURVE('',#2019,#2020,#1109,.T.);
#3566=EDGE_CURVE('',#2012,#2020,#1119,.T.);
#3577=EDGE_CURVE('',#2012,#2020,#1124,.T.);
#3599=EDGE_CURVE('',#2007,#2008,#1128,.T.);
#3601=EDGE_CURVE('',#2007,#2015,#1133,.T.);
#3603=EDGE_CURVE('',#2015,#2016,#1137,.T.);
#3617=EDGE_CURVE('',#2007,#2015,#1142,.T.);
#3664=EDGE_CURVE('',#1920,#1904,#1158,.T.);
#3677=EDGE_CURVE('',#1918,#1902,#1162,.T.);
#3681=EDGE_CURVE('',#2051,#2052,#1167,.T.);
#3683=EDGE_CURVE('',#2052,#2051,#1172,.T.);
#3705=EDGE_CURVE('',#2047,#2048,#1182,.T.);
#3707=EDGE_CURVE('',#2047,#2035,#1203,.T.);
#3709=EDGE_CURVE('',#2035,#2043,#1234,.T.);
#3711=EDGE_CURVE('',#2048,#2043,#1199,.T.);
#3722=EDGE_CURVE('',#2040,#2052,#1216,.T.);
#3724=EDGE_CURVE('',#2032,#2040,#1177,.T.);
#3726=EDGE_CURVE('',#2032,#2051,#1207,.T.);
#3739=EDGE_CURVE('',#1910,#1990,#1195,.T.);
#3744=EDGE_CURVE('',#2048,#2047,#1187,.T.);
#3756=EDGE_CURVE('',#2035,#2043,#1225,.T.);
#3769=EDGE_CURVE('',#2032,#2040,#1212,.T.);
#3780=EDGE_CURVE('',#2035,#2036,#1220,.T.);
#3783=EDGE_CURVE('',#2043,#2044,#1229,.T.);
#3785=EDGE_CURVE('',#2036,#2044,#1239,.T.);
#3796=EDGE_CURVE('',#2036,#2044,#1244,.T.);
#3818=EDGE_CURVE('',#2031,#2032,#1248,.T.);
#3820=EDGE_CURVE('',#2031,#2039,#1253,.T.);
#3822=EDGE_CURVE('',#2039,#2040,#1257,.T.);
#3836=EDGE_CURVE('',#2031,#2039,#1262,.T.);
#3871=EDGE_CURVE('',#1944,#1928,#1270,.T.);
#3884=EDGE_CURVE('',#1942,#1926,#1274,.T.);
#3888=EDGE_CURVE('',#2075,#2076,#1279,.T.);
#3890=EDGE_CURVE('',#2076,#2075,#1284,.T.);
#3912=EDGE_CURVE('',#2071,#2072,#1294,.T.);
#3914=EDGE_CURVE('',#2071,#2059,#1315,.T.);
#3916=EDGE_CURVE('',#2059,#2067,#1346,.T.);
#3918=EDGE_CURVE('',#2072,#2067,#1311,.T.);
#3929=EDGE_CURVE('',#2064,#2076,#1328,.T.);
#3931=EDGE_CURVE('',#2056,#2064,#1289,.T.);
#3933=EDGE_CURVE('',#2056,#2075,#1319,.T.);
#3944=EDGE_CURVE('',#1936,#2000,#1382,.T.);
#3947=EDGE_CURVE('',#1934,#1998,#1307,.T.);
#3952=EDGE_CURVE('',#2072,#2071,#1299,.T.);
#3964=EDGE_CURVE('',#2059,#2067,#1337,.T.);
#3977=EDGE_CURVE('',#2056,#2064,#1324,.T.);
#3988=EDGE_CURVE('',#2059,#2060,#1332,.T.);
#3991=EDGE_CURVE('',#2067,#2068,#1341,.T.);
#3993=EDGE_CURVE('',#2060,#2068,#1351,.T.);
#4004=EDGE_CURVE('',#2060,#2068,#1356,.T.);
#4026=EDGE_CURVE('',#2055,#2056,#1360,.T.);
#4028=EDGE_CURVE('',#2055,#2063,#1365,.T.);
#4030=EDGE_CURVE('',#2063,#2064,#1369,.T.);
#4044=EDGE_CURVE('',#2055,#2063,#1374,.T.);
#4091=EDGE_CURVE('',#1968,#1952,#1390,.T.);
#4104=EDGE_CURVE('',#1966,#1950,#1394,.T.);
#4108=EDGE_CURVE('',#2099,#2100,#1399,.T.);
#4110=EDGE_CURVE('',#2100,#2099,#1404,.T.);
#4132=EDGE_CURVE('',#2095,#2096,#1414,.T.);
#4134=EDGE_CURVE('',#2095,#2083,#1435,.T.);
#4136=EDGE_CURVE('',#2083,#2091,#1466,.T.);
#4138=EDGE_CURVE('',#2096,#2091,#1431,.T.);
#4149=EDGE_CURVE('',#2088,#2100,#1448,.T.);
#4151=EDGE_CURVE('',#2080,#2088,#1409,.T.);
#4153=EDGE_CURVE('',#2080,#2099,#1439,.T.);
#4164=EDGE_CURVE('',#1960,#2004,#1502,.T.);
#4167=EDGE_CURVE('',#1958,#2002,#1427,.T.);
#4172=EDGE_CURVE('',#2096,#2095,#1419,.T.);
#4184=EDGE_CURVE('',#2083,#2091,#1457,.T.);
#4197=EDGE_CURVE('',#2080,#2088,#1444,.T.);
#4208=EDGE_CURVE('',#2083,#2084,#1452,.T.);
#4211=EDGE_CURVE('',#2091,#2092,#1461,.T.);
#4213=EDGE_CURVE('',#2084,#2092,#1471,.T.);
#4224=EDGE_CURVE('',#2084,#2092,#1476,.T.);
#4246=EDGE_CURVE('',#2079,#2080,#1480,.T.);
#4248=EDGE_CURVE('',#2079,#2087,#1485,.T.);
#4250=EDGE_CURVE('',#2087,#2088,#1489,.T.);
#4264=EDGE_CURVE('',#2079,#2087,#1494,.T.);
#4311=EDGE_CURVE('',#2186,#2170,#1510,.T.);
#4324=EDGE_CURVE('',#2184,#2168,#1514,.T.);
#4328=EDGE_CURVE('',#2211,#2212,#1519,.T.);
#4330=EDGE_CURVE('',#2212,#2211,#1524,.T.);
#4352=EDGE_CURVE('',#2207,#2208,#1534,.T.);
#4354=EDGE_CURVE('',#2207,#2195,#1555,.T.);
#4356=EDGE_CURVE('',#2195,#2203,#1586,.T.);
#4358=EDGE_CURVE('',#2208,#2203,#1551,.T.);
#4369=EDGE_CURVE('',#2200,#2212,#1568,.T.);
#4371=EDGE_CURVE('',#2192,#2200,#1529,.T.);
#4373=EDGE_CURVE('',#2192,#2211,#1559,.T.);
#4384=EDGE_CURVE('',#2178,#2216,#1622,.T.);
#4387=EDGE_CURVE('',#2176,#2214,#1547,.T.);
#4392=EDGE_CURVE('',#2208,#2207,#1539,.T.);
#4404=EDGE_CURVE('',#2195,#2203,#1577,.T.);
#4417=EDGE_CURVE('',#2192,#2200,#1564,.T.);
#4428=EDGE_CURVE('',#2195,#2196,#1572,.T.);
#4431=EDGE_CURVE('',#2203,#2204,#1581,.T.);
#4433=EDGE_CURVE('',#2196,#2204,#1591,.T.);
#4444=EDGE_CURVE('',#2196,#2204,#1596,.T.);
#4466=EDGE_CURVE('',#2191,#2192,#1600,.T.);
#4468=EDGE_CURVE('',#2191,#2199,#1605,.T.);
#4470=EDGE_CURVE('',#2199,#2200,#1609,.T.);
#4484=EDGE_CURVE('',#2191,#2199,#1614,.T.);
#4541=EDGE_CURVE('',#1808,#1800,#1634,.T.);
#4544=EDGE_CURVE('',#1807,#1799,#1630,.T.);
#4555=EDGE_CURVE('',#1810,#1802,#1638,.T.);
#4568=EDGE_CURVE('',#1812,#1804,#1642,.T.);
#4593=EDGE_CURVE('',#2112,#2104,#1650,.T.);
#4596=EDGE_CURVE('',#2111,#2103,#1646,.T.);
#4607=EDGE_CURVE('',#2114,#2106,#1654,.T.);
#4620=EDGE_CURVE('',#2116,#2108,#1658,.T.);
#4645=EDGE_CURVE('',#2128,#2120,#1666,.T.);
#4648=EDGE_CURVE('',#2127,#2119,#1662,.T.);
#4659=EDGE_CURVE('',#2130,#2122,#1670,.T.);
#4672=EDGE_CURVE('',#2132,#2124,#1674,.T.);
#4697=EDGE_CURVE('',#2144,#2136,#1682,.T.);
#4700=EDGE_CURVE('',#2143,#2135,#1678,.T.);
#4711=EDGE_CURVE('',#2146,#2138,#1686,.T.);
#4724=EDGE_CURVE('',#2148,#2140,#1690,.T.);
#4749=EDGE_CURVE('',#2160,#2152,#1698,.T.);
#4752=EDGE_CURVE('',#2159,#2151,#1694,.T.);
#4763=EDGE_CURVE('',#2162,#2154,#1702,.T.);
#4776=EDGE_CURVE('',#2164,#2156,#1706,.T.);
#4801=EDGE_CURVE('',#2280,#2272,#1714,.T.);
#4804=EDGE_CURVE('',#2279,#2271,#1710,.T.);
#4815=EDGE_CURVE('',#2282,#2274,#1718,.T.);
#4828=EDGE_CURVE('',#2284,#2276,#1722,.T.);
#4852=EDGE_CURVE('',#2243,#2244,#1726,.T.);
#4854=EDGE_CURVE('',#2243,#2251,#1731,.T.);
#4856=EDGE_CURVE('',#2251,#2252,#1735,.T.);
#4870=EDGE_CURVE('',#2243,#2251,#1740,.T.);
#4907=TRIMMED_CURVE('A_1',#4906,(PARAMETER_VALUE(0.E0)),(PARAMETER_VALUE(1.E0)),
.T.,.UNSPECIFIED.);
#4913=TRIMMED_CURVE('A_2',#4912,(PARAMETER_VALUE(0.E0)),(PARAMETER_VALUE(1.E0)),
.T.,.UNSPECIFIED.);
#4918=TRIMMED_CURVE('A_3',#4917,(PARAMETER_VALUE(0.E0)),(PARAMETER_VALUE(1.E0)),
.T.,.UNSPECIFIED.);
#4923=TRIMMED_CURVE('A_4',#4922,(PARAMETER_VALUE(0.E0)),(PARAMETER_VALUE(1.E0)),
.T.,.UNSPECIFIED.);
#4928=TRIMMED_CURVE('A_5',#4927,(PARAMETER_VALUE(0.E0)),(PARAMETER_VALUE(1.E0)),
.T.,.UNSPECIFIED.);
#4933=TRIMMED_CURVE('A_6',#4932,(PARAMETER_VALUE(0.E0)),(PARAMETER_VALUE(1.E0)),
.T.,.UNSPECIFIED.);
#4938=TRIMMED_CURVE('A_7',#4937,(PARAMETER_VALUE(0.E0)),(PARAMETER_VALUE(1.E0)),
.T.,.UNSPECIFIED.);
#4943=CIRCLE('',#4942,7.6E-1);
#4944=TRIMMED_CURVE('',#4943,(PARAMETER_VALUE(0.E0)),(PARAMETER_VALUE(1.8E2)),
.T.,.UNSPECIFIED.);
#4945=COMPOSITE_CURVE_SEGMENT(.CONTINUOUS.,.T.,#4944);
#4950=CIRCLE('',#4949,7.6E-1);
#4951=TRIMMED_CURVE('',#4950,(PARAMETER_VALUE(0.E0)),(PARAMETER_VALUE(1.8E2)),
.T.,.UNSPECIFIED.);
#4952=COMPOSITE_CURVE_SEGMENT(.CONTINUOUS.,.T.,#4951);
#4953=COMPOSITE_CURVE('',(#4945,#4952),.F.);
#4958=CIRCLE('',#4957,7.6E-1);
#4959=TRIMMED_CURVE('',#4958,(PARAMETER_VALUE(0.E0)),(PARAMETER_VALUE(1.8E2)),
.T.,.UNSPECIFIED.);
#4960=COMPOSITE_CURVE_SEGMENT(.CONTINUOUS.,.T.,#4959);
#4965=CIRCLE('',#4964,7.6E-1);
#4966=TRIMMED_CURVE('',#4965,(PARAMETER_VALUE(0.E0)),(PARAMETER_VALUE(1.8E2)),
.T.,.UNSPECIFIED.);
#4967=COMPOSITE_CURVE_SEGMENT(.CONTINUOUS.,.T.,#4966);
#4968=COMPOSITE_CURVE('',(#4960,#4967),.F.);
#4973=CIRCLE('',#4972,7.6E-1);
#4974=TRIMMED_CURVE('',#4973,(PARAMETER_VALUE(0.E0)),(PARAMETER_VALUE(1.8E2)),
.T.,.UNSPECIFIED.);
#4975=COMPOSITE_CURVE_SEGMENT(.CONTINUOUS.,.T.,#4974);
#4980=CIRCLE('',#4979,7.6E-1);
#4981=TRIMMED_CURVE('',#4980,(PARAMETER_VALUE(0.E0)),(PARAMETER_VALUE(1.8E2)),
.T.,.UNSPECIFIED.);
#4982=COMPOSITE_CURVE_SEGMENT(.CONTINUOUS.,.T.,#4981);
#4983=COMPOSITE_CURVE('',(#4975,#4982),.F.);
#4988=CIRCLE('',#4987,7.6E-1);
#4989=TRIMMED_CURVE('',#4988,(PARAMETER_VALUE(0.E0)),(PARAMETER_VALUE(1.8E2)),
.T.,.UNSPECIFIED.);
#4990=COMPOSITE_CURVE_SEGMENT(.CONTINUOUS.,.T.,#4989);
#4995=CIRCLE('',#4994,7.6E-1);
#4996=TRIMMED_CURVE('',#4995,(PARAMETER_VALUE(0.E0)),(PARAMETER_VALUE(1.8E2)),
.T.,.UNSPECIFIED.);
#4997=COMPOSITE_CURVE_SEGMENT(.CONTINUOUS.,.T.,#4996);
#4998=COMPOSITE_CURVE('',(#4990,#4997),.F.);
#5003=CIRCLE('',#5002,7.6E-1);
#5004=TRIMMED_CURVE('',#5003,(PARAMETER_VALUE(0.E0)),(PARAMETER_VALUE(1.8E2)),
.T.,.UNSPECIFIED.);
#5005=COMPOSITE_CURVE_SEGMENT(.CONTINUOUS.,.T.,#5004);
#5010=CIRCLE('',#5009,7.6E-1);
#5011=TRIMMED_CURVE('',#5010,(PARAMETER_VALUE(0.E0)),(PARAMETER_VALUE(1.8E2)),
.T.,.UNSPECIFIED.);
#5012=COMPOSITE_CURVE_SEGMENT(.CONTINUOUS.,.T.,#5011);
#5013=COMPOSITE_CURVE('',(#5005,#5012),.F.);
#5018=CIRCLE('',#5017,7.6E-1);
#5019=TRIMMED_CURVE('',#5018,(PARAMETER_VALUE(0.E0)),(PARAMETER_VALUE(1.8E2)),
.T.,.UNSPECIFIED.);
#5020=COMPOSITE_CURVE_SEGMENT(.CONTINUOUS.,.T.,#5019);
#5025=CIRCLE('',#5024,7.6E-1);
#5026=TRIMMED_CURVE('',#5025,(PARAMETER_VALUE(0.E0)),(PARAMETER_VALUE(1.8E2)),
.T.,.UNSPECIFIED.);
#5027=COMPOSITE_CURVE_SEGMENT(.CONTINUOUS.,.T.,#5026);
#5028=COMPOSITE_CURVE('',(#5020,#5027),.F.);
#5033=CIRCLE('',#5032,7.6E-1);
#5034=TRIMMED_CURVE('',#5033,(PARAMETER_VALUE(0.E0)),(PARAMETER_VALUE(1.8E2)),
.T.,.UNSPECIFIED.);
#5035=COMPOSITE_CURVE_SEGMENT(.CONTINUOUS.,.T.,#5034);
#5040=CIRCLE('',#5039,7.6E-1);
#5041=TRIMMED_CURVE('',#5040,(PARAMETER_VALUE(0.E0)),(PARAMETER_VALUE(1.8E2)),
.T.,.UNSPECIFIED.);
#5042=COMPOSITE_CURVE_SEGMENT(.CONTINUOUS.,.T.,#5041);
#5043=COMPOSITE_CURVE('',(#5035,#5042),.F.);
#5044=(LENGTH_UNIT()NAMED_UNIT(*)SI_UNIT(.MILLI.,.METRE.));
#5046=(NAMED_UNIT(*)PLANE_ANGLE_UNIT()SI_UNIT($,.RADIAN.));
#5049=(NAMED_UNIT(*)SI_UNIT($,.STERADIAN.)SOLID_ANGLE_UNIT());
#5052=ADVANCED_BREP_SHAPE_REPRESENTATION('',(#4898),#5051);
#5053=GEOMETRICALLY_BOUNDED_SURFACE_SHAPE_REPRESENTATION('',(#4908),#5051);
#5054=SHAPE_REPRESENTATION('',(#4902),#5051);
#5063=PRODUCT_DEFINITION('design','',#5062,#5059);
#5064=PRODUCT_DEFINITION_SHAPE('','SHAPE FOR 026192071.',#5063);
#5065=SHAPE_DEFINITION_REPRESENTATION(#5064,#5054);
ENDSEC;
END-ISO-10303-21;
