ISO-10303-21;
HEADER;
FILE_DESCRIPTION((''),'2;1');
FILE_NAME('026192051','2014-09-08T',('me'),(''),
'PRO/ENGINEER BY PARAMETRIC TECHNOLOGY CORPORATION, 2011490',
'PRO/ENGINEER BY PARAMETRIC TECHNOLOGY CORPORATION, 2011490','');
FILE_SCHEMA(('CONFIG_CONTROL_DESIGN'));
ENDSEC;
DATA;
#1=DIRECTION('',(0.E0,1.E0,0.E0));
#2=VECTOR('',#1,9.12E0);
#3=CARTESIAN_POINT('',(9.905E0,-1.585E0,-3.43E0));
#4=LINE('',#3,#2);
#5=DIRECTION('',(1.E0,0.E0,0.E0));
#6=VECTOR('',#5,8.9E-1);
#7=CARTESIAN_POINT('',(-9.905E0,-1.585E0,-3.43E0));
#8=LINE('',#7,#6);
#9=DIRECTION('',(0.E0,1.E0,0.E0));
#10=VECTOR('',#9,3.8E-1);
#11=CARTESIAN_POINT('',(-9.015E0,-1.585E0,-3.43E0));
#12=LINE('',#11,#10);
#13=DIRECTION('',(-1.E0,0.E0,0.E0));
#14=VECTOR('',#13,2.18E0);
#15=CARTESIAN_POINT('',(-6.835E0,-1.205E0,-3.43E0));
#16=LINE('',#15,#14);
#17=DIRECTION('',(0.E0,1.E0,0.E0));
#18=VECTOR('',#17,3.8E-1);
#19=CARTESIAN_POINT('',(-6.835E0,-1.585E0,-3.43E0));
#20=LINE('',#19,#18);
#21=DIRECTION('',(1.E0,0.E0,0.E0));
#22=VECTOR('',#21,1.78E0);
#23=CARTESIAN_POINT('',(-6.835E0,-1.585E0,-3.43E0));
#24=LINE('',#23,#22);
#25=DIRECTION('',(0.E0,1.E0,0.E0));
#26=VECTOR('',#25,3.8E-1);
#27=CARTESIAN_POINT('',(-5.055E0,-1.585E0,-3.43E0));
#28=LINE('',#27,#26);
#29=DIRECTION('',(-1.E0,0.E0,0.E0));
#30=VECTOR('',#29,2.18E0);
#31=CARTESIAN_POINT('',(-2.875E0,-1.205E0,-3.43E0));
#32=LINE('',#31,#30);
#33=DIRECTION('',(0.E0,1.E0,0.E0));
#34=VECTOR('',#33,3.8E-1);
#35=CARTESIAN_POINT('',(-2.875E0,-1.585E0,-3.43E0));
#36=LINE('',#35,#34);
#37=DIRECTION('',(1.E0,0.E0,0.E0));
#38=VECTOR('',#37,1.78E0);
#39=CARTESIAN_POINT('',(-2.875E0,-1.585E0,-3.43E0));
#40=LINE('',#39,#38);
#41=DIRECTION('',(0.E0,1.E0,0.E0));
#42=VECTOR('',#41,3.8E-1);
#43=CARTESIAN_POINT('',(-1.095E0,-1.585E0,-3.43E0));
#44=LINE('',#43,#42);
#45=DIRECTION('',(-1.E0,0.E0,0.E0));
#46=VECTOR('',#45,2.18E0);
#47=CARTESIAN_POINT('',(1.085E0,-1.205E0,-3.43E0));
#48=LINE('',#47,#46);
#49=DIRECTION('',(0.E0,1.E0,0.E0));
#50=VECTOR('',#49,3.8E-1);
#51=CARTESIAN_POINT('',(1.085E0,-1.585E0,-3.43E0));
#52=LINE('',#51,#50);
#53=DIRECTION('',(1.E0,0.E0,0.E0));
#54=VECTOR('',#53,1.78E0);
#55=CARTESIAN_POINT('',(1.085E0,-1.585E0,-3.43E0));
#56=LINE('',#55,#54);
#57=DIRECTION('',(0.E0,1.E0,0.E0));
#58=VECTOR('',#57,3.8E-1);
#59=CARTESIAN_POINT('',(2.865E0,-1.585E0,-3.43E0));
#60=LINE('',#59,#58);
#61=DIRECTION('',(-1.E0,0.E0,0.E0));
#62=VECTOR('',#61,2.18E0);
#63=CARTESIAN_POINT('',(5.045E0,-1.205E0,-3.43E0));
#64=LINE('',#63,#62);
#65=DIRECTION('',(0.E0,1.E0,0.E0));
#66=VECTOR('',#65,3.8E-1);
#67=CARTESIAN_POINT('',(5.045E0,-1.585E0,-3.43E0));
#68=LINE('',#67,#66);
#69=DIRECTION('',(1.E0,0.E0,0.E0));
#70=VECTOR('',#69,1.78E0);
#71=CARTESIAN_POINT('',(5.045E0,-1.585E0,-3.43E0));
#72=LINE('',#71,#70);
#73=DIRECTION('',(0.E0,1.E0,0.E0));
#74=VECTOR('',#73,3.8E-1);
#75=CARTESIAN_POINT('',(6.825E0,-1.585E0,-3.43E0));
#76=LINE('',#75,#74);
#77=DIRECTION('',(-1.E0,0.E0,0.E0));
#78=VECTOR('',#77,2.18E0);
#79=CARTESIAN_POINT('',(9.005E0,-1.205E0,-3.43E0));
#80=LINE('',#79,#78);
#81=DIRECTION('',(0.E0,1.E0,0.E0));
#82=VECTOR('',#81,3.8E-1);
#83=CARTESIAN_POINT('',(9.005E0,-1.585E0,-3.43E0));
#84=LINE('',#83,#82);
#85=DIRECTION('',(1.E0,0.E0,0.E0));
#86=VECTOR('',#85,9.E-1);
#87=CARTESIAN_POINT('',(9.005E0,-1.585E0,-3.43E0));
#88=LINE('',#87,#86);
#89=DIRECTION('',(0.E0,-1.E0,0.E0));
#90=VECTOR('',#89,5.291820693124E0);
#91=CARTESIAN_POINT('',(9.905E0,6.876820693124E0,-2.45E0));
#92=LINE('',#91,#90);
#93=DIRECTION('',(0.E0,-8.660254037844E-1,5.E-1));
#94=VECTOR('',#93,7.6E-1);
#95=CARTESIAN_POINT('',(9.905E0,7.535E0,-2.83E0));
#96=LINE('',#95,#94);
#97=DIRECTION('',(0.E0,0.E0,1.E0));
#98=VECTOR('',#97,6.E-1);
#99=CARTESIAN_POINT('',(9.905E0,7.535E0,-3.43E0));
#100=LINE('',#99,#98);
#101=DIRECTION('',(0.E0,0.E0,1.E0));
#102=VECTOR('',#101,6.9E0);
#103=CARTESIAN_POINT('',(9.905E0,-1.585E0,-3.43E0));
#104=LINE('',#103,#102);
#105=DIRECTION('',(-1.E0,0.E0,0.E0));
#106=VECTOR('',#105,9.E-1);
#107=CARTESIAN_POINT('',(9.905E0,1.585E0,-2.45E0));
#108=LINE('',#107,#106);
#109=DIRECTION('',(0.E0,0.E0,1.E0));
#110=VECTOR('',#109,5.92E0);
#111=CARTESIAN_POINT('',(9.905E0,1.585E0,-2.45E0));
#112=LINE('',#111,#110);
#113=DIRECTION('',(0.E0,0.E0,1.E0));
#114=VECTOR('',#113,5.92E0);
#115=CARTESIAN_POINT('',(9.005E0,1.585E0,-2.45E0));
#116=LINE('',#115,#114);
#117=DIRECTION('',(-1.E0,0.E0,0.E0));
#118=VECTOR('',#117,8.9E-1);
#119=CARTESIAN_POINT('',(-9.015E0,1.585E0,-2.45E0));
#120=LINE('',#119,#118);
#121=DIRECTION('',(0.E0,0.E0,1.E0));
#122=VECTOR('',#121,5.92E0);
#123=CARTESIAN_POINT('',(-9.015E0,1.585E0,-2.45E0));
#124=LINE('',#123,#122);
#125=DIRECTION('',(-1.E0,0.E0,0.E0));
#126=VECTOR('',#125,1.78E0);
#127=CARTESIAN_POINT('',(6.825E0,1.585E0,-2.45E0));
#128=LINE('',#127,#126);
#129=DIRECTION('',(0.E0,0.E0,1.E0));
#130=VECTOR('',#129,5.92E0);
#131=CARTESIAN_POINT('',(6.825E0,1.585E0,-2.45E0));
#132=LINE('',#131,#130);
#133=DIRECTION('',(0.E0,0.E0,1.E0));
#134=VECTOR('',#133,5.92E0);
#135=CARTESIAN_POINT('',(5.045E0,1.585E0,-2.45E0));
#136=LINE('',#135,#134);
#137=DIRECTION('',(0.E0,0.E0,1.E0));
#138=VECTOR('',#137,5.92E0);
#139=CARTESIAN_POINT('',(-6.835E0,1.585E0,-2.45E0));
#140=LINE('',#139,#138);
#141=DIRECTION('',(-1.E0,0.E0,0.E0));
#142=VECTOR('',#141,1.78E0);
#143=CARTESIAN_POINT('',(-5.055E0,1.585E0,-2.45E0));
#144=LINE('',#143,#142);
#145=DIRECTION('',(0.E0,0.E0,1.E0));
#146=VECTOR('',#145,5.92E0);
#147=CARTESIAN_POINT('',(-5.055E0,1.585E0,-2.45E0));
#148=LINE('',#147,#146);
#149=DIRECTION('',(-1.E0,0.E0,0.E0));
#150=VECTOR('',#149,1.78E0);
#151=CARTESIAN_POINT('',(2.865E0,1.585E0,-2.45E0));
#152=LINE('',#151,#150);
#153=DIRECTION('',(0.E0,0.E0,1.E0));
#154=VECTOR('',#153,5.92E0);
#155=CARTESIAN_POINT('',(2.865E0,1.585E0,-2.45E0));
#156=LINE('',#155,#154);
#157=DIRECTION('',(0.E0,0.E0,1.E0));
#158=VECTOR('',#157,5.92E0);
#159=CARTESIAN_POINT('',(1.085E0,1.585E0,-2.45E0));
#160=LINE('',#159,#158);
#161=DIRECTION('',(-1.E0,0.E0,0.E0));
#162=VECTOR('',#161,1.78E0);
#163=CARTESIAN_POINT('',(-1.095E0,1.585E0,-2.45E0));
#164=LINE('',#163,#162);
#165=DIRECTION('',(0.E0,0.E0,1.E0));
#166=VECTOR('',#165,5.92E0);
#167=CARTESIAN_POINT('',(-1.095E0,1.585E0,-2.45E0));
#168=LINE('',#167,#166);
#169=DIRECTION('',(0.E0,0.E0,1.E0));
#170=VECTOR('',#169,5.92E0);
#171=CARTESIAN_POINT('',(-2.875E0,1.585E0,-2.45E0));
#172=LINE('',#171,#170);
#173=DIRECTION('',(0.E0,0.E0,1.E0));
#174=VECTOR('',#173,3.E0);
#175=CARTESIAN_POINT('',(-6.455E0,1.585E0,-1.5E0));
#176=LINE('',#175,#174);
#177=DIRECTION('',(1.E0,0.E0,0.E0));
#178=VECTOR('',#177,1.02E0);
#179=CARTESIAN_POINT('',(-6.455E0,1.585E0,1.5E0));
#180=LINE('',#179,#178);
#181=DIRECTION('',(0.E0,0.E0,-1.E0));
#182=VECTOR('',#181,3.E0);
#183=CARTESIAN_POINT('',(-5.435E0,1.585E0,1.5E0));
#184=LINE('',#183,#182);
#185=DIRECTION('',(-1.E0,0.E0,0.E0));
#186=VECTOR('',#185,1.02E0);
#187=CARTESIAN_POINT('',(-5.435E0,1.585E0,-1.5E0));
#188=LINE('',#187,#186);
#189=DIRECTION('',(0.E0,0.E0,1.E0));
#190=VECTOR('',#189,3.E0);
#191=CARTESIAN_POINT('',(-2.495E0,1.585E0,-1.5E0));
#192=LINE('',#191,#190);
#193=DIRECTION('',(1.E0,0.E0,0.E0));
#194=VECTOR('',#193,1.02E0);
#195=CARTESIAN_POINT('',(-2.495E0,1.585E0,1.5E0));
#196=LINE('',#195,#194);
#197=DIRECTION('',(0.E0,0.E0,-1.E0));
#198=VECTOR('',#197,3.E0);
#199=CARTESIAN_POINT('',(-1.475E0,1.585E0,1.5E0));
#200=LINE('',#199,#198);
#201=DIRECTION('',(-1.E0,0.E0,0.E0));
#202=VECTOR('',#201,1.02E0);
#203=CARTESIAN_POINT('',(-1.475E0,1.585E0,-1.5E0));
#204=LINE('',#203,#202);
#205=DIRECTION('',(0.E0,0.E0,1.E0));
#206=VECTOR('',#205,3.E0);
#207=CARTESIAN_POINT('',(1.465E0,1.585E0,-1.5E0));
#208=LINE('',#207,#206);
#209=DIRECTION('',(1.E0,0.E0,0.E0));
#210=VECTOR('',#209,1.02E0);
#211=CARTESIAN_POINT('',(1.465E0,1.585E0,1.5E0));
#212=LINE('',#211,#210);
#213=DIRECTION('',(0.E0,0.E0,-1.E0));
#214=VECTOR('',#213,3.E0);
#215=CARTESIAN_POINT('',(2.485E0,1.585E0,1.5E0));
#216=LINE('',#215,#214);
#217=DIRECTION('',(-1.E0,0.E0,0.E0));
#218=VECTOR('',#217,1.02E0);
#219=CARTESIAN_POINT('',(2.485E0,1.585E0,-1.5E0));
#220=LINE('',#219,#218);
#221=DIRECTION('',(0.E0,0.E0,1.E0));
#222=VECTOR('',#221,3.E0);
#223=CARTESIAN_POINT('',(5.425E0,1.585E0,-1.5E0));
#224=LINE('',#223,#222);
#225=DIRECTION('',(1.E0,0.E0,0.E0));
#226=VECTOR('',#225,1.02E0);
#227=CARTESIAN_POINT('',(5.425E0,1.585E0,1.5E0));
#228=LINE('',#227,#226);
#229=DIRECTION('',(0.E0,0.E0,-1.E0));
#230=VECTOR('',#229,3.E0);
#231=CARTESIAN_POINT('',(6.445E0,1.585E0,1.5E0));
#232=LINE('',#231,#230);
#233=DIRECTION('',(-1.E0,0.E0,0.E0));
#234=VECTOR('',#233,1.02E0);
#235=CARTESIAN_POINT('',(6.445E0,1.585E0,-1.5E0));
#236=LINE('',#235,#234);
#237=DIRECTION('',(1.E0,0.E0,0.E0));
#238=VECTOR('',#237,1.981E1);
#239=CARTESIAN_POINT('',(-9.905E0,6.876820693124E0,-2.45E0));
#240=LINE('',#239,#238);
#241=DIRECTION('',(0.E0,1.E0,0.E0));
#242=VECTOR('',#241,3.8E-1);
#243=CARTESIAN_POINT('',(9.005E0,1.205E0,-2.45E0));
#244=LINE('',#243,#242);
#245=DIRECTION('',(0.E0,0.E0,-1.E0));
#246=VECTOR('',#245,5.92E0);
#247=CARTESIAN_POINT('',(9.005E0,1.205E0,3.47E0));
#248=LINE('',#247,#246);
#249=DIRECTION('',(0.E0,-1.E0,0.E0));
#250=VECTOR('',#249,3.8E-1);
#251=CARTESIAN_POINT('',(6.825E0,1.585E0,3.47E0));
#252=LINE('',#251,#250);
#253=DIRECTION('',(1.E0,0.E0,0.E0));
#254=VECTOR('',#253,2.18E0);
#255=CARTESIAN_POINT('',(6.825E0,1.205E0,3.47E0));
#256=LINE('',#255,#254);
#257=DIRECTION('',(0.E0,-1.E0,0.E0));
#258=VECTOR('',#257,3.8E-1);
#259=CARTESIAN_POINT('',(9.005E0,1.585E0,3.47E0));
#260=LINE('',#259,#258);
#261=DIRECTION('',(-1.E0,0.E0,0.E0));
#262=VECTOR('',#261,9.E-1);
#263=CARTESIAN_POINT('',(9.905E0,1.585E0,3.47E0));
#264=LINE('',#263,#262);
#265=DIRECTION('',(0.E0,1.E0,0.E0));
#266=VECTOR('',#265,3.17E0);
#267=CARTESIAN_POINT('',(9.905E0,-1.585E0,3.47E0));
#268=LINE('',#267,#266);
#269=DIRECTION('',(1.E0,0.E0,0.E0));
#270=VECTOR('',#269,9.E-1);
#271=CARTESIAN_POINT('',(9.005E0,-1.585E0,3.47E0));
#272=LINE('',#271,#270);
#273=DIRECTION('',(0.E0,1.E0,0.E0));
#274=VECTOR('',#273,3.8E-1);
#275=CARTESIAN_POINT('',(9.005E0,-1.585E0,3.47E0));
#276=LINE('',#275,#274);
#277=DIRECTION('',(-1.E0,0.E0,0.E0));
#278=VECTOR('',#277,2.18E0);
#279=CARTESIAN_POINT('',(9.005E0,-1.205E0,3.47E0));
#280=LINE('',#279,#278);
#281=DIRECTION('',(0.E0,1.E0,0.E0));
#282=VECTOR('',#281,3.8E-1);
#283=CARTESIAN_POINT('',(6.825E0,-1.585E0,3.47E0));
#284=LINE('',#283,#282);
#285=DIRECTION('',(1.E0,0.E0,0.E0));
#286=VECTOR('',#285,1.78E0);
#287=CARTESIAN_POINT('',(5.045E0,-1.585E0,3.47E0));
#288=LINE('',#287,#286);
#289=DIRECTION('',(0.E0,1.E0,0.E0));
#290=VECTOR('',#289,3.8E-1);
#291=CARTESIAN_POINT('',(5.045E0,-1.585E0,3.47E0));
#292=LINE('',#291,#290);
#293=DIRECTION('',(-1.E0,0.E0,0.E0));
#294=VECTOR('',#293,2.18E0);
#295=CARTESIAN_POINT('',(5.045E0,-1.205E0,3.47E0));
#296=LINE('',#295,#294);
#297=DIRECTION('',(0.E0,1.E0,0.E0));
#298=VECTOR('',#297,3.8E-1);
#299=CARTESIAN_POINT('',(2.865E0,-1.585E0,3.47E0));
#300=LINE('',#299,#298);
#301=DIRECTION('',(1.E0,0.E0,0.E0));
#302=VECTOR('',#301,1.78E0);
#303=CARTESIAN_POINT('',(1.085E0,-1.585E0,3.47E0));
#304=LINE('',#303,#302);
#305=DIRECTION('',(0.E0,1.E0,0.E0));
#306=VECTOR('',#305,3.8E-1);
#307=CARTESIAN_POINT('',(1.085E0,-1.585E0,3.47E0));
#308=LINE('',#307,#306);
#309=DIRECTION('',(-1.E0,0.E0,0.E0));
#310=VECTOR('',#309,2.18E0);
#311=CARTESIAN_POINT('',(1.085E0,-1.205E0,3.47E0));
#312=LINE('',#311,#310);
#313=DIRECTION('',(0.E0,1.E0,0.E0));
#314=VECTOR('',#313,3.8E-1);
#315=CARTESIAN_POINT('',(-1.095E0,-1.585E0,3.47E0));
#316=LINE('',#315,#314);
#317=DIRECTION('',(1.E0,0.E0,0.E0));
#318=VECTOR('',#317,1.78E0);
#319=CARTESIAN_POINT('',(-2.875E0,-1.585E0,3.47E0));
#320=LINE('',#319,#318);
#321=DIRECTION('',(0.E0,1.E0,0.E0));
#322=VECTOR('',#321,3.8E-1);
#323=CARTESIAN_POINT('',(-2.875E0,-1.585E0,3.47E0));
#324=LINE('',#323,#322);
#325=DIRECTION('',(-1.E0,0.E0,0.E0));
#326=VECTOR('',#325,2.18E0);
#327=CARTESIAN_POINT('',(-2.875E0,-1.205E0,3.47E0));
#328=LINE('',#327,#326);
#329=DIRECTION('',(0.E0,1.E0,0.E0));
#330=VECTOR('',#329,3.8E-1);
#331=CARTESIAN_POINT('',(-5.055E0,-1.585E0,3.47E0));
#332=LINE('',#331,#330);
#333=DIRECTION('',(1.E0,0.E0,0.E0));
#334=VECTOR('',#333,1.78E0);
#335=CARTESIAN_POINT('',(-6.835E0,-1.585E0,3.47E0));
#336=LINE('',#335,#334);
#337=DIRECTION('',(0.E0,1.E0,0.E0));
#338=VECTOR('',#337,3.8E-1);
#339=CARTESIAN_POINT('',(-6.835E0,-1.585E0,3.47E0));
#340=LINE('',#339,#338);
#341=DIRECTION('',(-1.E0,0.E0,0.E0));
#342=VECTOR('',#341,2.18E0);
#343=CARTESIAN_POINT('',(-6.835E0,-1.205E0,3.47E0));
#344=LINE('',#343,#342);
#345=DIRECTION('',(0.E0,1.E0,0.E0));
#346=VECTOR('',#345,3.8E-1);
#347=CARTESIAN_POINT('',(-9.015E0,-1.585E0,3.47E0));
#348=LINE('',#347,#346);
#349=DIRECTION('',(1.E0,0.E0,0.E0));
#350=VECTOR('',#349,8.9E-1);
#351=CARTESIAN_POINT('',(-9.905E0,-1.585E0,3.47E0));
#352=LINE('',#351,#350);
#353=DIRECTION('',(0.E0,-1.E0,0.E0));
#354=VECTOR('',#353,3.17E0);
#355=CARTESIAN_POINT('',(-9.905E0,1.585E0,3.47E0));
#356=LINE('',#355,#354);
#357=DIRECTION('',(-1.E0,0.E0,0.E0));
#358=VECTOR('',#357,8.9E-1);
#359=CARTESIAN_POINT('',(-9.015E0,1.585E0,3.47E0));
#360=LINE('',#359,#358);
#361=DIRECTION('',(0.E0,-1.E0,0.E0));
#362=VECTOR('',#361,3.8E-1);
#363=CARTESIAN_POINT('',(-9.015E0,1.585E0,3.47E0));
#364=LINE('',#363,#362);
#365=DIRECTION('',(1.E0,0.E0,0.E0));
#366=VECTOR('',#365,2.18E0);
#367=CARTESIAN_POINT('',(-9.015E0,1.205E0,3.47E0));
#368=LINE('',#367,#366);
#369=DIRECTION('',(0.E0,-1.E0,0.E0));
#370=VECTOR('',#369,3.8E-1);
#371=CARTESIAN_POINT('',(-6.835E0,1.585E0,3.47E0));
#372=LINE('',#371,#370);
#373=DIRECTION('',(-1.E0,0.E0,0.E0));
#374=VECTOR('',#373,1.78E0);
#375=CARTESIAN_POINT('',(-5.055E0,1.585E0,3.47E0));
#376=LINE('',#375,#374);
#377=DIRECTION('',(0.E0,-1.E0,0.E0));
#378=VECTOR('',#377,3.8E-1);
#379=CARTESIAN_POINT('',(-5.055E0,1.585E0,3.47E0));
#380=LINE('',#379,#378);
#381=DIRECTION('',(1.E0,0.E0,0.E0));
#382=VECTOR('',#381,2.18E0);
#383=CARTESIAN_POINT('',(-5.055E0,1.205E0,3.47E0));
#384=LINE('',#383,#382);
#385=DIRECTION('',(0.E0,-1.E0,0.E0));
#386=VECTOR('',#385,3.8E-1);
#387=CARTESIAN_POINT('',(-2.875E0,1.585E0,3.47E0));
#388=LINE('',#387,#386);
#389=DIRECTION('',(-1.E0,0.E0,0.E0));
#390=VECTOR('',#389,1.78E0);
#391=CARTESIAN_POINT('',(-1.095E0,1.585E0,3.47E0));
#392=LINE('',#391,#390);
#393=DIRECTION('',(0.E0,-1.E0,0.E0));
#394=VECTOR('',#393,3.8E-1);
#395=CARTESIAN_POINT('',(-1.095E0,1.585E0,3.47E0));
#396=LINE('',#395,#394);
#397=DIRECTION('',(1.E0,0.E0,0.E0));
#398=VECTOR('',#397,2.18E0);
#399=CARTESIAN_POINT('',(-1.095E0,1.205E0,3.47E0));
#400=LINE('',#399,#398);
#401=DIRECTION('',(0.E0,-1.E0,0.E0));
#402=VECTOR('',#401,3.8E-1);
#403=CARTESIAN_POINT('',(1.085E0,1.585E0,3.47E0));
#404=LINE('',#403,#402);
#405=DIRECTION('',(-1.E0,0.E0,0.E0));
#406=VECTOR('',#405,1.78E0);
#407=CARTESIAN_POINT('',(2.865E0,1.585E0,3.47E0));
#408=LINE('',#407,#406);
#409=DIRECTION('',(0.E0,-1.E0,0.E0));
#410=VECTOR('',#409,3.8E-1);
#411=CARTESIAN_POINT('',(2.865E0,1.585E0,3.47E0));
#412=LINE('',#411,#410);
#413=DIRECTION('',(1.E0,0.E0,0.E0));
#414=VECTOR('',#413,2.18E0);
#415=CARTESIAN_POINT('',(2.865E0,1.205E0,3.47E0));
#416=LINE('',#415,#414);
#417=DIRECTION('',(0.E0,-1.E0,0.E0));
#418=VECTOR('',#417,3.8E-1);
#419=CARTESIAN_POINT('',(5.045E0,1.585E0,3.47E0));
#420=LINE('',#419,#418);
#421=DIRECTION('',(-1.E0,0.E0,0.E0));
#422=VECTOR('',#421,1.78E0);
#423=CARTESIAN_POINT('',(6.825E0,1.585E0,3.47E0));
#424=LINE('',#423,#422);
#425=DIRECTION('',(0.E0,-1.E0,0.E0));
#426=VECTOR('',#425,3.8E-1);
#427=CARTESIAN_POINT('',(6.825E0,1.585E0,-2.45E0));
#428=LINE('',#427,#426);
#429=CARTESIAN_POINT('',(7.915E0,1.205E0,0.E0));
#430=DIRECTION('',(0.E0,1.E0,0.E0));
#431=DIRECTION('',(1.E0,0.E0,0.E0));
#432=AXIS2_PLACEMENT_3D('',#429,#430,#431);
#434=CARTESIAN_POINT('',(7.915E0,1.205E0,0.E0));
#435=DIRECTION('',(0.E0,1.E0,0.E0));
#436=DIRECTION('',(-1.E0,0.E0,0.E0));
#437=AXIS2_PLACEMENT_3D('',#434,#435,#436);
#439=DIRECTION('',(1.E0,0.E0,0.E0));
#440=VECTOR('',#439,2.18E0);
#441=CARTESIAN_POINT('',(6.825E0,1.205E0,-2.45E0));
#442=LINE('',#441,#440);
#443=DIRECTION('',(0.E0,0.E0,-1.E0));
#444=VECTOR('',#443,5.92E0);
#445=CARTESIAN_POINT('',(6.825E0,1.205E0,3.47E0));
#446=LINE('',#445,#444);
#447=CARTESIAN_POINT('',(7.915E0,-5.145E0,0.E0));
#448=DIRECTION('',(0.E0,1.E0,0.E0));
#449=DIRECTION('',(1.E0,0.E0,0.E0));
#450=AXIS2_PLACEMENT_3D('',#447,#448,#449);
#452=DIRECTION('',(0.E0,1.E0,0.E0));
#453=VECTOR('',#452,1.092E1);
#454=CARTESIAN_POINT('',(7.345E0,1.205E0,0.E0));
#455=LINE('',#454,#453);
#456=DIRECTION('',(0.E0,1.E0,0.E0));
#457=VECTOR('',#456,1.092E1);
#458=CARTESIAN_POINT('',(8.485E0,1.205E0,0.E0));
#459=LINE('',#458,#457);
#460=DIRECTION('',(0.E0,1.E0,0.E0));
#461=VECTOR('',#460,3.94E0);
#462=CARTESIAN_POINT('',(8.485E0,-5.145E0,0.E0));
#463=LINE('',#462,#461);
#464=CARTESIAN_POINT('',(7.915E0,-5.145E0,0.E0));
#465=DIRECTION('',(0.E0,-1.E0,0.E0));
#466=DIRECTION('',(1.E0,0.E0,0.E0));
#467=AXIS2_PLACEMENT_3D('',#464,#465,#466);
#469=DIRECTION('',(0.E0,1.E0,0.E0));
#470=VECTOR('',#469,3.94E0);
#471=CARTESIAN_POINT('',(7.345E0,-5.145E0,0.E0));
#472=LINE('',#471,#470);
#473=DIRECTION('',(-3.568681169914E-1,9.341547768304E-1,0.E0));
#474=VECTOR('',#473,9.527329111561E-1);
#475=CARTESIAN_POINT('',(8.485E0,1.2125E1,0.E0));
#476=LINE('',#475,#474);
#477=CARTESIAN_POINT('',(7.915E0,1.2125E1,0.E0));
#478=DIRECTION('',(0.E0,-1.E0,0.E0));
#479=DIRECTION('',(1.E0,0.E0,0.E0));
#480=AXIS2_PLACEMENT_3D('',#477,#478,#479);
#482=DIRECTION('',(3.568681169914E-1,9.341547768304E-1,0.E0));
#483=VECTOR('',#482,9.527329111561E-1);
#484=CARTESIAN_POINT('',(7.345E0,1.2125E1,0.E0));
#485=LINE('',#484,#483);
#486=CARTESIAN_POINT('',(7.915E0,1.2125E1,0.E0));
#487=DIRECTION('',(0.E0,1.E0,0.E0));
#488=DIRECTION('',(1.E0,0.E0,0.E0));
#489=AXIS2_PLACEMENT_3D('',#486,#487,#488);
#491=CARTESIAN_POINT('',(7.915E0,1.3015E1,0.E0));
#492=DIRECTION('',(0.E0,-1.E0,0.E0));
#493=DIRECTION('',(1.E0,0.E0,0.E0));
#494=AXIS2_PLACEMENT_3D('',#491,#492,#493);
#496=CARTESIAN_POINT('',(7.915E0,1.3015E1,0.E0));
#497=DIRECTION('',(0.E0,1.E0,0.E0));
#498=DIRECTION('',(1.E0,0.E0,0.E0));
#499=AXIS2_PLACEMENT_3D('',#496,#497,#498);
#501=DIRECTION('',(0.E0,0.E0,-1.E0));
#502=VECTOR('',#501,6.9E0);
#503=CARTESIAN_POINT('',(9.005E0,-1.205E0,3.47E0));
#504=LINE('',#503,#502);
#505=CARTESIAN_POINT('',(7.915E0,-1.205E0,0.E0));
#506=DIRECTION('',(0.E0,1.E0,0.E0));
#507=DIRECTION('',(1.E0,0.E0,0.E0));
#508=AXIS2_PLACEMENT_3D('',#505,#506,#507);
#510=CARTESIAN_POINT('',(7.915E0,-1.205E0,0.E0));
#511=DIRECTION('',(0.E0,1.E0,0.E0));
#512=DIRECTION('',(-1.E0,0.E0,0.E0));
#513=AXIS2_PLACEMENT_3D('',#510,#511,#512);
#515=DIRECTION('',(0.E0,0.E0,-1.E0));
#516=VECTOR('',#515,6.9E0);
#517=CARTESIAN_POINT('',(6.825E0,-1.205E0,3.47E0));
#518=LINE('',#517,#516);
#519=DIRECTION('',(0.E0,0.E0,1.E0));
#520=VECTOR('',#519,6.9E0);
#521=CARTESIAN_POINT('',(-9.015E0,-1.585E0,-3.43E0));
#522=LINE('',#521,#520);
#523=DIRECTION('',(0.E0,0.E0,1.E0));
#524=VECTOR('',#523,6.9E0);
#525=CARTESIAN_POINT('',(-9.905E0,-1.585E0,-3.43E0));
#526=LINE('',#525,#524);
#527=DIRECTION('',(0.E0,0.E0,1.E0));
#528=VECTOR('',#527,6.9E0);
#529=CARTESIAN_POINT('',(-5.055E0,-1.585E0,-3.43E0));
#530=LINE('',#529,#528);
#531=DIRECTION('',(0.E0,0.E0,1.E0));
#532=VECTOR('',#531,6.9E0);
#533=CARTESIAN_POINT('',(-6.835E0,-1.585E0,-3.43E0));
#534=LINE('',#533,#532);
#535=DIRECTION('',(0.E0,0.E0,1.E0));
#536=VECTOR('',#535,6.9E0);
#537=CARTESIAN_POINT('',(-1.095E0,-1.585E0,-3.43E0));
#538=LINE('',#537,#536);
#539=DIRECTION('',(0.E0,0.E0,1.E0));
#540=VECTOR('',#539,6.9E0);
#541=CARTESIAN_POINT('',(-2.875E0,-1.585E0,-3.43E0));
#542=LINE('',#541,#540);
#543=DIRECTION('',(0.E0,0.E0,1.E0));
#544=VECTOR('',#543,6.9E0);
#545=CARTESIAN_POINT('',(2.865E0,-1.585E0,-3.43E0));
#546=LINE('',#545,#544);
#547=DIRECTION('',(0.E0,0.E0,1.E0));
#548=VECTOR('',#547,6.9E0);
#549=CARTESIAN_POINT('',(1.085E0,-1.585E0,-3.43E0));
#550=LINE('',#549,#548);
#551=DIRECTION('',(0.E0,0.E0,1.E0));
#552=VECTOR('',#551,6.9E0);
#553=CARTESIAN_POINT('',(9.005E0,-1.585E0,-3.43E0));
#554=LINE('',#553,#552);
#555=DIRECTION('',(0.E0,0.E0,1.E0));
#556=VECTOR('',#555,6.9E0);
#557=CARTESIAN_POINT('',(6.825E0,-1.585E0,-3.43E0));
#558=LINE('',#557,#556);
#559=DIRECTION('',(0.E0,0.E0,1.E0));
#560=VECTOR('',#559,6.9E0);
#561=CARTESIAN_POINT('',(5.045E0,-1.585E0,-3.43E0));
#562=LINE('',#561,#560);
#563=DIRECTION('',(0.E0,0.E0,1.E0));
#564=VECTOR('',#563,3.E0);
#565=CARTESIAN_POINT('',(-6.455E0,-1.585E0,-1.5E0));
#566=LINE('',#565,#564);
#567=DIRECTION('',(-1.E0,0.E0,0.E0));
#568=VECTOR('',#567,1.02E0);
#569=CARTESIAN_POINT('',(-5.435E0,-1.585E0,-1.5E0));
#570=LINE('',#569,#568);
#571=DIRECTION('',(0.E0,0.E0,-1.E0));
#572=VECTOR('',#571,3.E0);
#573=CARTESIAN_POINT('',(-5.435E0,-1.585E0,1.5E0));
#574=LINE('',#573,#572);
#575=DIRECTION('',(1.E0,0.E0,0.E0));
#576=VECTOR('',#575,1.02E0);
#577=CARTESIAN_POINT('',(-6.455E0,-1.585E0,1.5E0));
#578=LINE('',#577,#576);
#579=DIRECTION('',(0.E0,0.E0,1.E0));
#580=VECTOR('',#579,3.E0);
#581=CARTESIAN_POINT('',(-2.495E0,-1.585E0,-1.5E0));
#582=LINE('',#581,#580);
#583=DIRECTION('',(-1.E0,0.E0,0.E0));
#584=VECTOR('',#583,1.02E0);
#585=CARTESIAN_POINT('',(-1.475E0,-1.585E0,-1.5E0));
#586=LINE('',#585,#584);
#587=DIRECTION('',(0.E0,0.E0,-1.E0));
#588=VECTOR('',#587,3.E0);
#589=CARTESIAN_POINT('',(-1.475E0,-1.585E0,1.5E0));
#590=LINE('',#589,#588);
#591=DIRECTION('',(1.E0,0.E0,0.E0));
#592=VECTOR('',#591,1.02E0);
#593=CARTESIAN_POINT('',(-2.495E0,-1.585E0,1.5E0));
#594=LINE('',#593,#592);
#595=DIRECTION('',(0.E0,0.E0,1.E0));
#596=VECTOR('',#595,3.E0);
#597=CARTESIAN_POINT('',(1.465E0,-1.585E0,-1.5E0));
#598=LINE('',#597,#596);
#599=DIRECTION('',(-1.E0,0.E0,0.E0));
#600=VECTOR('',#599,1.02E0);
#601=CARTESIAN_POINT('',(2.485E0,-1.585E0,-1.5E0));
#602=LINE('',#601,#600);
#603=DIRECTION('',(0.E0,0.E0,-1.E0));
#604=VECTOR('',#603,3.E0);
#605=CARTESIAN_POINT('',(2.485E0,-1.585E0,1.5E0));
#606=LINE('',#605,#604);
#607=DIRECTION('',(1.E0,0.E0,0.E0));
#608=VECTOR('',#607,1.02E0);
#609=CARTESIAN_POINT('',(1.465E0,-1.585E0,1.5E0));
#610=LINE('',#609,#608);
#611=DIRECTION('',(0.E0,0.E0,1.E0));
#612=VECTOR('',#611,3.E0);
#613=CARTESIAN_POINT('',(5.425E0,-1.585E0,-1.5E0));
#614=LINE('',#613,#612);
#615=DIRECTION('',(-1.E0,0.E0,0.E0));
#616=VECTOR('',#615,1.02E0);
#617=CARTESIAN_POINT('',(6.445E0,-1.585E0,-1.5E0));
#618=LINE('',#617,#616);
#619=DIRECTION('',(0.E0,0.E0,-1.E0));
#620=VECTOR('',#619,3.E0);
#621=CARTESIAN_POINT('',(6.445E0,-1.585E0,1.5E0));
#622=LINE('',#621,#620);
#623=DIRECTION('',(1.E0,0.E0,0.E0));
#624=VECTOR('',#623,1.02E0);
#625=CARTESIAN_POINT('',(5.425E0,-1.585E0,1.5E0));
#626=LINE('',#625,#624);
#627=DIRECTION('',(0.E0,0.E0,-1.E0));
#628=VECTOR('',#627,6.9E0);
#629=CARTESIAN_POINT('',(-9.015E0,-1.205E0,3.47E0));
#630=LINE('',#629,#628);
#631=DIRECTION('',(0.E0,0.E0,-1.E0));
#632=VECTOR('',#631,6.9E0);
#633=CARTESIAN_POINT('',(-6.835E0,-1.205E0,3.47E0));
#634=LINE('',#633,#632);
#635=CARTESIAN_POINT('',(-7.925E0,-1.205E0,0.E0));
#636=DIRECTION('',(0.E0,1.E0,0.E0));
#637=DIRECTION('',(1.E0,0.E0,0.E0));
#638=AXIS2_PLACEMENT_3D('',#635,#636,#637);
#640=CARTESIAN_POINT('',(-7.925E0,-1.205E0,0.E0));
#641=DIRECTION('',(0.E0,1.E0,0.E0));
#642=DIRECTION('',(-1.E0,0.E0,0.E0));
#643=AXIS2_PLACEMENT_3D('',#640,#641,#642);
#645=CARTESIAN_POINT('',(-7.925E0,-5.145E0,0.E0));
#646=DIRECTION('',(0.E0,1.E0,0.E0));
#647=DIRECTION('',(1.E0,0.E0,0.E0));
#648=AXIS2_PLACEMENT_3D('',#645,#646,#647);
#650=CARTESIAN_POINT('',(-7.925E0,1.205E0,0.E0));
#651=DIRECTION('',(0.E0,1.E0,0.E0));
#652=DIRECTION('',(1.E0,0.E0,0.E0));
#653=AXIS2_PLACEMENT_3D('',#650,#651,#652);
#655=CARTESIAN_POINT('',(-7.925E0,1.205E0,0.E0));
#656=DIRECTION('',(0.E0,1.E0,0.E0));
#657=DIRECTION('',(-1.E0,0.E0,0.E0));
#658=AXIS2_PLACEMENT_3D('',#655,#656,#657);
#660=DIRECTION('',(1.E0,0.E0,0.E0));
#661=VECTOR('',#660,2.18E0);
#662=CARTESIAN_POINT('',(-9.015E0,1.205E0,-2.45E0));
#663=LINE('',#662,#661);
#664=DIRECTION('',(0.E0,0.E0,-1.E0));
#665=VECTOR('',#664,5.92E0);
#666=CARTESIAN_POINT('',(-9.015E0,1.205E0,3.47E0));
#667=LINE('',#666,#665);
#668=DIRECTION('',(0.E0,1.E0,0.E0));
#669=VECTOR('',#668,1.092E1);
#670=CARTESIAN_POINT('',(-8.495E0,1.205E0,0.E0));
#671=LINE('',#670,#669);
#672=DIRECTION('',(0.E0,1.E0,0.E0));
#673=VECTOR('',#672,1.092E1);
#674=CARTESIAN_POINT('',(-7.355E0,1.205E0,0.E0));
#675=LINE('',#674,#673);
#676=DIRECTION('',(0.E0,1.E0,0.E0));
#677=VECTOR('',#676,3.94E0);
#678=CARTESIAN_POINT('',(-7.355E0,-5.145E0,0.E0));
#679=LINE('',#678,#677);
#680=CARTESIAN_POINT('',(-7.925E0,-5.145E0,0.E0));
#681=DIRECTION('',(0.E0,-1.E0,0.E0));
#682=DIRECTION('',(1.E0,0.E0,0.E0));
#683=AXIS2_PLACEMENT_3D('',#680,#681,#682);
#685=DIRECTION('',(0.E0,1.E0,0.E0));
#686=VECTOR('',#685,3.94E0);
#687=CARTESIAN_POINT('',(-8.495E0,-5.145E0,0.E0));
#688=LINE('',#687,#686);
#689=DIRECTION('',(-3.568681169914E-1,9.341547768304E-1,0.E0));
#690=VECTOR('',#689,9.527329111561E-1);
#691=CARTESIAN_POINT('',(-7.355E0,1.2125E1,0.E0));
#692=LINE('',#691,#690);
#693=CARTESIAN_POINT('',(-7.925E0,1.2125E1,0.E0));
#694=DIRECTION('',(0.E0,-1.E0,0.E0));
#695=DIRECTION('',(1.E0,0.E0,0.E0));
#696=AXIS2_PLACEMENT_3D('',#693,#694,#695);
#698=DIRECTION('',(3.568681169914E-1,9.341547768304E-1,0.E0));
#699=VECTOR('',#698,9.527329111561E-1);
#700=CARTESIAN_POINT('',(-8.495E0,1.2125E1,0.E0));
#701=LINE('',#700,#699);
#702=CARTESIAN_POINT('',(-7.925E0,1.2125E1,0.E0));
#703=DIRECTION('',(0.E0,1.E0,0.E0));
#704=DIRECTION('',(1.E0,0.E0,0.E0));
#705=AXIS2_PLACEMENT_3D('',#702,#703,#704);
#707=CARTESIAN_POINT('',(-7.925E0,1.3015E1,0.E0));
#708=DIRECTION('',(0.E0,-1.E0,0.E0));
#709=DIRECTION('',(1.E0,0.E0,0.E0));
#710=AXIS2_PLACEMENT_3D('',#707,#708,#709);
#712=CARTESIAN_POINT('',(-7.925E0,1.3015E1,0.E0));
#713=DIRECTION('',(0.E0,1.E0,0.E0));
#714=DIRECTION('',(1.E0,0.E0,0.E0));
#715=AXIS2_PLACEMENT_3D('',#712,#713,#714);
#717=DIRECTION('',(3.568681169914E-1,9.341547768304E-1,0.E0));
#718=VECTOR('',#717,9.527329111561E-1);
#719=CARTESIAN_POINT('',(-7.695E0,-6.035E0,0.E0));
#720=LINE('',#719,#718);
#721=CARTESIAN_POINT('',(-7.925E0,-6.035E0,0.E0));
#722=DIRECTION('',(0.E0,-1.E0,0.E0));
#723=DIRECTION('',(1.E0,0.E0,0.E0));
#724=AXIS2_PLACEMENT_3D('',#721,#722,#723);
#726=DIRECTION('',(-3.568681169914E-1,9.341547768304E-1,0.E0));
#727=VECTOR('',#726,9.527329111561E-1);
#728=CARTESIAN_POINT('',(-8.155E0,-6.035E0,0.E0));
#729=LINE('',#728,#727);
#730=CARTESIAN_POINT('',(-7.925E0,-6.035E0,0.E0));
#731=DIRECTION('',(0.E0,1.E0,0.E0));
#732=DIRECTION('',(1.E0,0.E0,0.E0));
#733=AXIS2_PLACEMENT_3D('',#730,#731,#732);
#735=DIRECTION('',(0.E0,0.E0,-1.E0));
#736=VECTOR('',#735,5.92E0);
#737=CARTESIAN_POINT('',(-6.835E0,1.205E0,3.47E0));
#738=LINE('',#737,#736);
#739=DIRECTION('',(0.E0,1.E0,0.E0));
#740=VECTOR('',#739,3.8E-1);
#741=CARTESIAN_POINT('',(-6.835E0,1.205E0,-2.45E0));
#742=LINE('',#741,#740);
#743=DIRECTION('',(0.E0,-1.E0,0.E0));
#744=VECTOR('',#743,3.8E-1);
#745=CARTESIAN_POINT('',(-9.015E0,1.585E0,-2.45E0));
#746=LINE('',#745,#744);
#747=DIRECTION('',(0.E0,1.E0,0.E0));
#748=VECTOR('',#747,9.12E0);
#749=CARTESIAN_POINT('',(-9.905E0,-1.585E0,-3.43E0));
#750=LINE('',#749,#748);
#751=DIRECTION('',(0.E0,0.E0,-1.E0));
#752=VECTOR('',#751,6.E-1);
#753=CARTESIAN_POINT('',(-9.905E0,7.535E0,-2.83E0));
#754=LINE('',#753,#752);
#755=DIRECTION('',(0.E0,8.660254037844E-1,-5.E-1));
#756=VECTOR('',#755,7.6E-1);
#757=CARTESIAN_POINT('',(-9.905E0,6.876820693124E0,-2.45E0));
#758=LINE('',#757,#756);
#759=DIRECTION('',(0.E0,-1.E0,0.E0));
#760=VECTOR('',#759,5.291820693124E0);
#761=CARTESIAN_POINT('',(-9.905E0,6.876820693124E0,-2.45E0));
#762=LINE('',#761,#760);
#763=DIRECTION('',(0.E0,0.E0,1.E0));
#764=VECTOR('',#763,5.92E0);
#765=CARTESIAN_POINT('',(-9.905E0,1.585E0,-2.45E0));
#766=LINE('',#765,#764);
#767=DIRECTION('',(1.E0,0.E0,0.E0));
#768=VECTOR('',#767,1.981E1);
#769=CARTESIAN_POINT('',(-9.905E0,7.535E0,-3.43E0));
#770=LINE('',#769,#768);
#771=DIRECTION('',(1.E0,0.E0,0.E0));
#772=VECTOR('',#771,1.981E1);
#773=CARTESIAN_POINT('',(-9.905E0,7.535E0,-2.83E0));
#774=LINE('',#773,#772);
#775=DIRECTION('',(0.E0,0.E0,-1.E0));
#776=VECTOR('',#775,6.9E0);
#777=CARTESIAN_POINT('',(-5.055E0,-1.205E0,3.47E0));
#778=LINE('',#777,#776);
#779=DIRECTION('',(0.E0,0.E0,-1.E0));
#780=VECTOR('',#779,6.9E0);
#781=CARTESIAN_POINT('',(-2.875E0,-1.205E0,3.47E0));
#782=LINE('',#781,#780);
#783=CARTESIAN_POINT('',(-3.965E0,-1.205E0,0.E0));
#784=DIRECTION('',(0.E0,1.E0,0.E0));
#785=DIRECTION('',(1.E0,0.E0,0.E0));
#786=AXIS2_PLACEMENT_3D('',#783,#784,#785);
#788=CARTESIAN_POINT('',(-3.965E0,-1.205E0,0.E0));
#789=DIRECTION('',(0.E0,1.E0,0.E0));
#790=DIRECTION('',(-1.E0,0.E0,0.E0));
#791=AXIS2_PLACEMENT_3D('',#788,#789,#790);
#793=CARTESIAN_POINT('',(-3.965E0,-5.145E0,0.E0));
#794=DIRECTION('',(0.E0,1.E0,0.E0));
#795=DIRECTION('',(1.E0,0.E0,0.E0));
#796=AXIS2_PLACEMENT_3D('',#793,#794,#795);
#798=CARTESIAN_POINT('',(-3.965E0,1.205E0,0.E0));
#799=DIRECTION('',(0.E0,1.E0,0.E0));
#800=DIRECTION('',(1.E0,0.E0,0.E0));
#801=AXIS2_PLACEMENT_3D('',#798,#799,#800);
#803=CARTESIAN_POINT('',(-3.965E0,1.205E0,0.E0));
#804=DIRECTION('',(0.E0,1.E0,0.E0));
#805=DIRECTION('',(-1.E0,0.E0,0.E0));
#806=AXIS2_PLACEMENT_3D('',#803,#804,#805);
#808=DIRECTION('',(1.E0,0.E0,0.E0));
#809=VECTOR('',#808,2.18E0);
#810=CARTESIAN_POINT('',(-5.055E0,1.205E0,-2.45E0));
#811=LINE('',#810,#809);
#812=DIRECTION('',(0.E0,0.E0,-1.E0));
#813=VECTOR('',#812,5.92E0);
#814=CARTESIAN_POINT('',(-5.055E0,1.205E0,3.47E0));
#815=LINE('',#814,#813);
#816=DIRECTION('',(0.E0,1.E0,0.E0));
#817=VECTOR('',#816,1.092E1);
#818=CARTESIAN_POINT('',(-4.535E0,1.205E0,0.E0));
#819=LINE('',#818,#817);
#820=DIRECTION('',(0.E0,1.E0,0.E0));
#821=VECTOR('',#820,1.092E1);
#822=CARTESIAN_POINT('',(-3.395E0,1.205E0,0.E0));
#823=LINE('',#822,#821);
#824=DIRECTION('',(0.E0,1.E0,0.E0));
#825=VECTOR('',#824,3.94E0);
#826=CARTESIAN_POINT('',(-3.395E0,-5.145E0,0.E0));
#827=LINE('',#826,#825);
#828=CARTESIAN_POINT('',(-3.965E0,-5.145E0,0.E0));
#829=DIRECTION('',(0.E0,-1.E0,0.E0));
#830=DIRECTION('',(1.E0,0.E0,0.E0));
#831=AXIS2_PLACEMENT_3D('',#828,#829,#830);
#833=DIRECTION('',(0.E0,1.E0,0.E0));
#834=VECTOR('',#833,3.94E0);
#835=CARTESIAN_POINT('',(-4.535E0,-5.145E0,0.E0));
#836=LINE('',#835,#834);
#837=DIRECTION('',(-3.568681169914E-1,9.341547768304E-1,0.E0));
#838=VECTOR('',#837,9.527329111561E-1);
#839=CARTESIAN_POINT('',(-3.395E0,1.2125E1,0.E0));
#840=LINE('',#839,#838);
#841=CARTESIAN_POINT('',(-3.965E0,1.2125E1,0.E0));
#842=DIRECTION('',(0.E0,-1.E0,0.E0));
#843=DIRECTION('',(1.E0,0.E0,0.E0));
#844=AXIS2_PLACEMENT_3D('',#841,#842,#843);
#846=DIRECTION('',(3.568681169914E-1,9.341547768304E-1,0.E0));
#847=VECTOR('',#846,9.527329111561E-1);
#848=CARTESIAN_POINT('',(-4.535E0,1.2125E1,0.E0));
#849=LINE('',#848,#847);
#850=CARTESIAN_POINT('',(-3.965E0,1.2125E1,0.E0));
#851=DIRECTION('',(0.E0,1.E0,0.E0));
#852=DIRECTION('',(1.E0,0.E0,0.E0));
#853=AXIS2_PLACEMENT_3D('',#850,#851,#852);
#855=CARTESIAN_POINT('',(-3.965E0,1.3015E1,0.E0));
#856=DIRECTION('',(0.E0,-1.E0,0.E0));
#857=DIRECTION('',(1.E0,0.E0,0.E0));
#858=AXIS2_PLACEMENT_3D('',#855,#856,#857);
#860=CARTESIAN_POINT('',(-3.965E0,1.3015E1,0.E0));
#861=DIRECTION('',(0.E0,1.E0,0.E0));
#862=DIRECTION('',(1.E0,0.E0,0.E0));
#863=AXIS2_PLACEMENT_3D('',#860,#861,#862);
#865=DIRECTION('',(3.568681169914E-1,9.341547768304E-1,0.E0));
#866=VECTOR('',#865,9.527329111561E-1);
#867=CARTESIAN_POINT('',(-3.735E0,-6.035E0,0.E0));
#868=LINE('',#867,#866);
#869=CARTESIAN_POINT('',(-3.965E0,-6.035E0,0.E0));
#870=DIRECTION('',(0.E0,-1.E0,0.E0));
#871=DIRECTION('',(1.E0,0.E0,0.E0));
#872=AXIS2_PLACEMENT_3D('',#869,#870,#871);
#874=DIRECTION('',(-3.568681169914E-1,9.341547768304E-1,0.E0));
#875=VECTOR('',#874,9.527329111561E-1);
#876=CARTESIAN_POINT('',(-4.195E0,-6.035E0,0.E0));
#877=LINE('',#876,#875);
#878=CARTESIAN_POINT('',(-3.965E0,-6.035E0,0.E0));
#879=DIRECTION('',(0.E0,1.E0,0.E0));
#880=DIRECTION('',(1.E0,0.E0,0.E0));
#881=AXIS2_PLACEMENT_3D('',#878,#879,#880);
#883=DIRECTION('',(0.E0,1.E0,0.E0));
#884=VECTOR('',#883,3.8E-1);
#885=CARTESIAN_POINT('',(-2.875E0,1.205E0,-2.45E0));
#886=LINE('',#885,#884);
#887=DIRECTION('',(0.E0,0.E0,-1.E0));
#888=VECTOR('',#887,5.92E0);
#889=CARTESIAN_POINT('',(-2.875E0,1.205E0,3.47E0));
#890=LINE('',#889,#888);
#891=DIRECTION('',(0.E0,-1.E0,0.E0));
#892=VECTOR('',#891,3.8E-1);
#893=CARTESIAN_POINT('',(-5.055E0,1.585E0,-2.45E0));
#894=LINE('',#893,#892);
#895=DIRECTION('',(0.E0,0.E0,-1.E0));
#896=VECTOR('',#895,6.9E0);
#897=CARTESIAN_POINT('',(-1.095E0,-1.205E0,3.47E0));
#898=LINE('',#897,#896);
#899=DIRECTION('',(0.E0,0.E0,-1.E0));
#900=VECTOR('',#899,6.9E0);
#901=CARTESIAN_POINT('',(1.085E0,-1.205E0,3.47E0));
#902=LINE('',#901,#900);
#903=CARTESIAN_POINT('',(-4.999999999999E-3,-1.205E0,0.E0));
#904=DIRECTION('',(0.E0,1.E0,0.E0));
#905=DIRECTION('',(1.E0,0.E0,0.E0));
#906=AXIS2_PLACEMENT_3D('',#903,#904,#905);
#908=CARTESIAN_POINT('',(-4.999999999999E-3,-1.205E0,0.E0));
#909=DIRECTION('',(0.E0,1.E0,0.E0));
#910=DIRECTION('',(-1.E0,0.E0,0.E0));
#911=AXIS2_PLACEMENT_3D('',#908,#909,#910);
#913=CARTESIAN_POINT('',(-4.999999999999E-3,-5.145E0,0.E0));
#914=DIRECTION('',(0.E0,1.E0,0.E0));
#915=DIRECTION('',(1.E0,0.E0,0.E0));
#916=AXIS2_PLACEMENT_3D('',#913,#914,#915);
#918=CARTESIAN_POINT('',(-4.999999999999E-3,1.205E0,0.E0));
#919=DIRECTION('',(0.E0,1.E0,0.E0));
#920=DIRECTION('',(1.E0,0.E0,0.E0));
#921=AXIS2_PLACEMENT_3D('',#918,#919,#920);
#923=CARTESIAN_POINT('',(-4.999999999999E-3,1.205E0,0.E0));
#924=DIRECTION('',(0.E0,1.E0,0.E0));
#925=DIRECTION('',(-1.E0,0.E0,0.E0));
#926=AXIS2_PLACEMENT_3D('',#923,#924,#925);
#928=DIRECTION('',(1.E0,0.E0,0.E0));
#929=VECTOR('',#928,2.18E0);
#930=CARTESIAN_POINT('',(-1.095E0,1.205E0,-2.45E0));
#931=LINE('',#930,#929);
#932=DIRECTION('',(0.E0,0.E0,-1.E0));
#933=VECTOR('',#932,5.92E0);
#934=CARTESIAN_POINT('',(-1.095E0,1.205E0,3.47E0));
#935=LINE('',#934,#933);
#936=DIRECTION('',(0.E0,1.E0,0.E0));
#937=VECTOR('',#936,1.092E1);
#938=CARTESIAN_POINT('',(-5.75E-1,1.205E0,0.E0));
#939=LINE('',#938,#937);
#940=DIRECTION('',(0.E0,1.E0,0.E0));
#941=VECTOR('',#940,1.092E1);
#942=CARTESIAN_POINT('',(5.65E-1,1.205E0,0.E0));
#943=LINE('',#942,#941);
#944=DIRECTION('',(0.E0,1.E0,0.E0));
#945=VECTOR('',#944,3.94E0);
#946=CARTESIAN_POINT('',(5.65E-1,-5.145E0,0.E0));
#947=LINE('',#946,#945);
#948=CARTESIAN_POINT('',(-4.999999999999E-3,-5.145E0,0.E0));
#949=DIRECTION('',(0.E0,-1.E0,0.E0));
#950=DIRECTION('',(1.E0,0.E0,0.E0));
#951=AXIS2_PLACEMENT_3D('',#948,#949,#950);
#953=DIRECTION('',(0.E0,1.E0,0.E0));
#954=VECTOR('',#953,3.94E0);
#955=CARTESIAN_POINT('',(-5.75E-1,-5.145E0,0.E0));
#956=LINE('',#955,#954);
#957=DIRECTION('',(-3.568681169914E-1,9.341547768304E-1,0.E0));
#958=VECTOR('',#957,9.527329111561E-1);
#959=CARTESIAN_POINT('',(5.65E-1,1.2125E1,0.E0));
#960=LINE('',#959,#958);
#961=CARTESIAN_POINT('',(-4.999999999999E-3,1.2125E1,0.E0));
#962=DIRECTION('',(0.E0,-1.E0,0.E0));
#963=DIRECTION('',(1.E0,0.E0,0.E0));
#964=AXIS2_PLACEMENT_3D('',#961,#962,#963);
#966=DIRECTION('',(3.568681169914E-1,9.341547768304E-1,0.E0));
#967=VECTOR('',#966,9.527329111561E-1);
#968=CARTESIAN_POINT('',(-5.75E-1,1.2125E1,0.E0));
#969=LINE('',#968,#967);
#970=CARTESIAN_POINT('',(-4.999999999999E-3,1.2125E1,0.E0));
#971=DIRECTION('',(0.E0,1.E0,0.E0));
#972=DIRECTION('',(1.E0,0.E0,0.E0));
#973=AXIS2_PLACEMENT_3D('',#970,#971,#972);
#975=CARTESIAN_POINT('',(-4.999999999999E-3,1.3015E1,0.E0));
#976=DIRECTION('',(0.E0,-1.E0,0.E0));
#977=DIRECTION('',(1.E0,0.E0,0.E0));
#978=AXIS2_PLACEMENT_3D('',#975,#976,#977);
#980=CARTESIAN_POINT('',(-4.999999999999E-3,1.3015E1,0.E0));
#981=DIRECTION('',(0.E0,1.E0,0.E0));
#982=DIRECTION('',(1.E0,0.E0,0.E0));
#983=AXIS2_PLACEMENT_3D('',#980,#981,#982);
#985=DIRECTION('',(3.568681169914E-1,9.341547768304E-1,0.E0));
#986=VECTOR('',#985,9.527329111561E-1);
#987=CARTESIAN_POINT('',(2.25E-1,-6.035E0,0.E0));
#988=LINE('',#987,#986);
#989=CARTESIAN_POINT('',(-4.999999999999E-3,-6.035E0,0.E0));
#990=DIRECTION('',(0.E0,-1.E0,0.E0));
#991=DIRECTION('',(1.E0,0.E0,0.E0));
#992=AXIS2_PLACEMENT_3D('',#989,#990,#991);
#994=DIRECTION('',(-3.568681169914E-1,9.341547768304E-1,0.E0));
#995=VECTOR('',#994,9.527329111561E-1);
#996=CARTESIAN_POINT('',(-2.35E-1,-6.035E0,0.E0));
#997=LINE('',#996,#995);
#998=CARTESIAN_POINT('',(-4.999999999999E-3,-6.035E0,0.E0));
#999=DIRECTION('',(0.E0,1.E0,0.E0));
#1000=DIRECTION('',(1.E0,0.E0,0.E0));
#1001=AXIS2_PLACEMENT_3D('',#998,#999,#1000);
#1003=DIRECTION('',(0.E0,1.E0,0.E0));
#1004=VECTOR('',#1003,3.8E-1);
#1005=CARTESIAN_POINT('',(1.085E0,1.205E0,-2.45E0));
#1006=LINE('',#1005,#1004);
#1007=DIRECTION('',(0.E0,0.E0,-1.E0));
#1008=VECTOR('',#1007,5.92E0);
#1009=CARTESIAN_POINT('',(1.085E0,1.205E0,3.47E0));
#1010=LINE('',#1009,#1008);
#1011=DIRECTION('',(0.E0,-1.E0,0.E0));
#1012=VECTOR('',#1011,3.8E-1);
#1013=CARTESIAN_POINT('',(-1.095E0,1.585E0,-2.45E0));
#1014=LINE('',#1013,#1012);
#1015=DIRECTION('',(0.E0,0.E0,-1.E0));
#1016=VECTOR('',#1015,6.9E0);
#1017=CARTESIAN_POINT('',(2.865E0,-1.205E0,3.47E0));
#1018=LINE('',#1017,#1016);
#1019=DIRECTION('',(0.E0,0.E0,-1.E0));
#1020=VECTOR('',#1019,6.9E0);
#1021=CARTESIAN_POINT('',(5.045E0,-1.205E0,3.47E0));
#1022=LINE('',#1021,#1020);
#1023=CARTESIAN_POINT('',(3.955E0,-1.205E0,0.E0));
#1024=DIRECTION('',(0.E0,1.E0,0.E0));
#1025=DIRECTION('',(1.E0,0.E0,0.E0));
#1026=AXIS2_PLACEMENT_3D('',#1023,#1024,#1025);
#1028=CARTESIAN_POINT('',(3.955E0,-1.205E0,0.E0));
#1029=DIRECTION('',(0.E0,1.E0,0.E0));
#1030=DIRECTION('',(-1.E0,0.E0,0.E0));
#1031=AXIS2_PLACEMENT_3D('',#1028,#1029,#1030);
#1033=CARTESIAN_POINT('',(3.955E0,-5.145E0,0.E0));
#1034=DIRECTION('',(0.E0,1.E0,0.E0));
#1035=DIRECTION('',(1.E0,0.E0,0.E0));
#1036=AXIS2_PLACEMENT_3D('',#1033,#1034,#1035);
#1038=CARTESIAN_POINT('',(3.955E0,1.205E0,0.E0));
#1039=DIRECTION('',(0.E0,1.E0,0.E0));
#1040=DIRECTION('',(1.E0,0.E0,0.E0));
#1041=AXIS2_PLACEMENT_3D('',#1038,#1039,#1040);
#1043=CARTESIAN_POINT('',(3.955E0,1.205E0,0.E0));
#1044=DIRECTION('',(0.E0,1.E0,0.E0));
#1045=DIRECTION('',(-1.E0,0.E0,0.E0));
#1046=AXIS2_PLACEMENT_3D('',#1043,#1044,#1045);
#1048=DIRECTION('',(1.E0,0.E0,0.E0));
#1049=VECTOR('',#1048,2.18E0);
#1050=CARTESIAN_POINT('',(2.865E0,1.205E0,-2.45E0));
#1051=LINE('',#1050,#1049);
#1052=DIRECTION('',(0.E0,0.E0,-1.E0));
#1053=VECTOR('',#1052,5.92E0);
#1054=CARTESIAN_POINT('',(2.865E0,1.205E0,3.47E0));
#1055=LINE('',#1054,#1053);
#1056=DIRECTION('',(0.E0,1.E0,0.E0));
#1057=VECTOR('',#1056,1.092E1);
#1058=CARTESIAN_POINT('',(3.385E0,1.205E0,0.E0));
#1059=LINE('',#1058,#1057);
#1060=DIRECTION('',(0.E0,1.E0,0.E0));
#1061=VECTOR('',#1060,1.092E1);
#1062=CARTESIAN_POINT('',(4.525E0,1.205E0,0.E0));
#1063=LINE('',#1062,#1061);
#1064=DIRECTION('',(0.E0,1.E0,0.E0));
#1065=VECTOR('',#1064,3.94E0);
#1066=CARTESIAN_POINT('',(4.525E0,-5.145E0,0.E0));
#1067=LINE('',#1066,#1065);
#1068=CARTESIAN_POINT('',(3.955E0,-5.145E0,0.E0));
#1069=DIRECTION('',(0.E0,-1.E0,0.E0));
#1070=DIRECTION('',(1.E0,0.E0,0.E0));
#1071=AXIS2_PLACEMENT_3D('',#1068,#1069,#1070);
#1073=DIRECTION('',(0.E0,1.E0,0.E0));
#1074=VECTOR('',#1073,3.94E0);
#1075=CARTESIAN_POINT('',(3.385E0,-5.145E0,0.E0));
#1076=LINE('',#1075,#1074);
#1077=DIRECTION('',(-3.568681169914E-1,9.341547768304E-1,0.E0));
#1078=VECTOR('',#1077,9.527329111561E-1);
#1079=CARTESIAN_POINT('',(4.525E0,1.2125E1,0.E0));
#1080=LINE('',#1079,#1078);
#1081=CARTESIAN_POINT('',(3.955E0,1.2125E1,0.E0));
#1082=DIRECTION('',(0.E0,-1.E0,0.E0));
#1083=DIRECTION('',(1.E0,0.E0,0.E0));
#1084=AXIS2_PLACEMENT_3D('',#1081,#1082,#1083);
#1086=DIRECTION('',(3.568681169914E-1,9.341547768304E-1,0.E0));
#1087=VECTOR('',#1086,9.527329111561E-1);
#1088=CARTESIAN_POINT('',(3.385E0,1.2125E1,0.E0));
#1089=LINE('',#1088,#1087);
#1090=CARTESIAN_POINT('',(3.955E0,1.2125E1,0.E0));
#1091=DIRECTION('',(0.E0,1.E0,0.E0));
#1092=DIRECTION('',(1.E0,0.E0,0.E0));
#1093=AXIS2_PLACEMENT_3D('',#1090,#1091,#1092);
#1095=CARTESIAN_POINT('',(3.955E0,1.3015E1,0.E0));
#1096=DIRECTION('',(0.E0,-1.E0,0.E0));
#1097=DIRECTION('',(1.E0,0.E0,0.E0));
#1098=AXIS2_PLACEMENT_3D('',#1095,#1096,#1097);
#1100=CARTESIAN_POINT('',(3.955E0,1.3015E1,0.E0));
#1101=DIRECTION('',(0.E0,1.E0,0.E0));
#1102=DIRECTION('',(1.E0,0.E0,0.E0));
#1103=AXIS2_PLACEMENT_3D('',#1100,#1101,#1102);
#1105=DIRECTION('',(3.568681169914E-1,9.341547768304E-1,0.E0));
#1106=VECTOR('',#1105,9.527329111561E-1);
#1107=CARTESIAN_POINT('',(4.185E0,-6.035E0,0.E0));
#1108=LINE('',#1107,#1106);
#1109=CARTESIAN_POINT('',(3.955E0,-6.035E0,0.E0));
#1110=DIRECTION('',(0.E0,-1.E0,0.E0));
#1111=DIRECTION('',(1.E0,0.E0,0.E0));
#1112=AXIS2_PLACEMENT_3D('',#1109,#1110,#1111);
#1114=DIRECTION('',(-3.568681169914E-1,9.341547768304E-1,0.E0));
#1115=VECTOR('',#1114,9.527329111561E-1);
#1116=CARTESIAN_POINT('',(3.725E0,-6.035E0,0.E0));
#1117=LINE('',#1116,#1115);
#1118=CARTESIAN_POINT('',(3.955E0,-6.035E0,0.E0));
#1119=DIRECTION('',(0.E0,1.E0,0.E0));
#1120=DIRECTION('',(1.E0,0.E0,0.E0));
#1121=AXIS2_PLACEMENT_3D('',#1118,#1119,#1120);
#1123=DIRECTION('',(0.E0,1.E0,0.E0));
#1124=VECTOR('',#1123,3.8E-1);
#1125=CARTESIAN_POINT('',(5.045E0,1.205E0,-2.45E0));
#1126=LINE('',#1125,#1124);
#1127=DIRECTION('',(0.E0,0.E0,-1.E0));
#1128=VECTOR('',#1127,5.92E0);
#1129=CARTESIAN_POINT('',(5.045E0,1.205E0,3.47E0));
#1130=LINE('',#1129,#1128);
#1131=DIRECTION('',(0.E0,-1.E0,0.E0));
#1132=VECTOR('',#1131,3.8E-1);
#1133=CARTESIAN_POINT('',(2.865E0,1.585E0,-2.45E0));
#1134=LINE('',#1133,#1132);
#1135=DIRECTION('',(0.E0,-1.E0,0.E0));
#1136=VECTOR('',#1135,3.17E0);
#1137=CARTESIAN_POINT('',(-6.455E0,1.585E0,-1.5E0));
#1138=LINE('',#1137,#1136);
#1139=DIRECTION('',(0.E0,-1.E0,0.E0));
#1140=VECTOR('',#1139,3.17E0);
#1141=CARTESIAN_POINT('',(-6.455E0,1.585E0,1.5E0));
#1142=LINE('',#1141,#1140);
#1143=DIRECTION('',(0.E0,-1.E0,0.E0));
#1144=VECTOR('',#1143,3.17E0);
#1145=CARTESIAN_POINT('',(-5.435E0,1.585E0,1.5E0));
#1146=LINE('',#1145,#1144);
#1147=DIRECTION('',(0.E0,-1.E0,0.E0));
#1148=VECTOR('',#1147,3.17E0);
#1149=CARTESIAN_POINT('',(-5.435E0,1.585E0,-1.5E0));
#1150=LINE('',#1149,#1148);
#1151=DIRECTION('',(0.E0,-1.E0,0.E0));
#1152=VECTOR('',#1151,3.17E0);
#1153=CARTESIAN_POINT('',(-2.495E0,1.585E0,-1.5E0));
#1154=LINE('',#1153,#1152);
#1155=DIRECTION('',(0.E0,-1.E0,0.E0));
#1156=VECTOR('',#1155,3.17E0);
#1157=CARTESIAN_POINT('',(-2.495E0,1.585E0,1.5E0));
#1158=LINE('',#1157,#1156);
#1159=DIRECTION('',(0.E0,-1.E0,0.E0));
#1160=VECTOR('',#1159,3.17E0);
#1161=CARTESIAN_POINT('',(-1.475E0,1.585E0,1.5E0));
#1162=LINE('',#1161,#1160);
#1163=DIRECTION('',(0.E0,-1.E0,0.E0));
#1164=VECTOR('',#1163,3.17E0);
#1165=CARTESIAN_POINT('',(-1.475E0,1.585E0,-1.5E0));
#1166=LINE('',#1165,#1164);
#1167=DIRECTION('',(0.E0,-1.E0,0.E0));
#1168=VECTOR('',#1167,3.17E0);
#1169=CARTESIAN_POINT('',(1.465E0,1.585E0,-1.5E0));
#1170=LINE('',#1169,#1168);
#1171=DIRECTION('',(0.E0,-1.E0,0.E0));
#1172=VECTOR('',#1171,3.17E0);
#1173=CARTESIAN_POINT('',(1.465E0,1.585E0,1.5E0));
#1174=LINE('',#1173,#1172);
#1175=DIRECTION('',(0.E0,-1.E0,0.E0));
#1176=VECTOR('',#1175,3.17E0);
#1177=CARTESIAN_POINT('',(2.485E0,1.585E0,1.5E0));
#1178=LINE('',#1177,#1176);
#1179=DIRECTION('',(0.E0,-1.E0,0.E0));
#1180=VECTOR('',#1179,3.17E0);
#1181=CARTESIAN_POINT('',(2.485E0,1.585E0,-1.5E0));
#1182=LINE('',#1181,#1180);
#1183=DIRECTION('',(0.E0,-1.E0,0.E0));
#1184=VECTOR('',#1183,3.17E0);
#1185=CARTESIAN_POINT('',(5.425E0,1.585E0,-1.5E0));
#1186=LINE('',#1185,#1184);
#1187=DIRECTION('',(0.E0,-1.E0,0.E0));
#1188=VECTOR('',#1187,3.17E0);
#1189=CARTESIAN_POINT('',(5.425E0,1.585E0,1.5E0));
#1190=LINE('',#1189,#1188);
#1191=DIRECTION('',(0.E0,-1.E0,0.E0));
#1192=VECTOR('',#1191,3.17E0);
#1193=CARTESIAN_POINT('',(6.445E0,1.585E0,1.5E0));
#1194=LINE('',#1193,#1192);
#1195=DIRECTION('',(0.E0,-1.E0,0.E0));
#1196=VECTOR('',#1195,3.17E0);
#1197=CARTESIAN_POINT('',(6.445E0,1.585E0,-1.5E0));
#1198=LINE('',#1197,#1196);
#1199=DIRECTION('',(3.568681169914E-1,9.341547768304E-1,0.E0));
#1200=VECTOR('',#1199,9.527329111561E-1);
#1201=CARTESIAN_POINT('',(8.145E0,-6.035E0,0.E0));
#1202=LINE('',#1201,#1200);
#1203=CARTESIAN_POINT('',(7.915E0,-6.035E0,0.E0));
#1204=DIRECTION('',(0.E0,-1.E0,0.E0));
#1205=DIRECTION('',(1.E0,0.E0,0.E0));
#1206=AXIS2_PLACEMENT_3D('',#1203,#1204,#1205);
#1208=DIRECTION('',(-3.568681169914E-1,9.341547768304E-1,0.E0));
#1209=VECTOR('',#1208,9.527329111561E-1);
#1210=CARTESIAN_POINT('',(7.685E0,-6.035E0,0.E0));
#1211=LINE('',#1210,#1209);
#1212=CARTESIAN_POINT('',(7.915E0,-6.035E0,0.E0));
#1213=DIRECTION('',(0.E0,1.E0,0.E0));
#1214=DIRECTION('',(1.E0,0.E0,0.E0));
#1215=AXIS2_PLACEMENT_3D('',#1212,#1213,#1214);
#1217=CARTESIAN_POINT('',(-9.905E0,1.585E0,3.47E0));
#1218=CARTESIAN_POINT('',(-9.905E0,-1.585E0,3.47E0));
#1219=VERTEX_POINT('',#1217);
#1220=VERTEX_POINT('',#1218);
#1221=CARTESIAN_POINT('',(9.905E0,-1.585E0,3.47E0));
#1222=CARTESIAN_POINT('',(9.905E0,1.585E0,3.47E0));
#1223=VERTEX_POINT('',#1221);
#1224=VERTEX_POINT('',#1222);
#1225=CARTESIAN_POINT('',(-9.905E0,-1.585E0,-3.43E0));
#1226=VERTEX_POINT('',#1225);
#1227=CARTESIAN_POINT('',(9.905E0,-1.585E0,-3.43E0));
#1228=VERTEX_POINT('',#1227);
#1229=CARTESIAN_POINT('',(-6.835E0,-1.585E0,-3.43E0));
#1230=CARTESIAN_POINT('',(-6.835E0,-1.205E0,-3.43E0));
#1231=VERTEX_POINT('',#1229);
#1232=VERTEX_POINT('',#1230);
#1233=CARTESIAN_POINT('',(-9.015E0,-1.205E0,-3.43E0));
#1234=VERTEX_POINT('',#1233);
#1235=CARTESIAN_POINT('',(-9.015E0,-1.585E0,-3.43E0));
#1236=VERTEX_POINT('',#1235);
#1237=CARTESIAN_POINT('',(-9.015E0,1.585E0,3.47E0));
#1238=CARTESIAN_POINT('',(-9.015E0,1.205E0,3.47E0));
#1239=VERTEX_POINT('',#1237);
#1240=VERTEX_POINT('',#1238);
#1241=CARTESIAN_POINT('',(-6.835E0,1.205E0,3.47E0));
#1242=VERTEX_POINT('',#1241);
#1243=CARTESIAN_POINT('',(-6.835E0,1.585E0,3.47E0));
#1244=VERTEX_POINT('',#1243);
#1245=CARTESIAN_POINT('',(-6.835E0,-1.585E0,3.47E0));
#1246=CARTESIAN_POINT('',(-6.835E0,-1.205E0,3.47E0));
#1247=VERTEX_POINT('',#1245);
#1248=VERTEX_POINT('',#1246);
#1249=CARTESIAN_POINT('',(-9.015E0,-1.205E0,3.47E0));
#1250=VERTEX_POINT('',#1249);
#1251=CARTESIAN_POINT('',(-9.015E0,-1.585E0,3.47E0));
#1252=VERTEX_POINT('',#1251);
#1253=CARTESIAN_POINT('',(-6.455E0,-1.585E0,-1.5E0));
#1254=CARTESIAN_POINT('',(-6.455E0,-1.585E0,1.5E0));
#1255=VERTEX_POINT('',#1253);
#1256=VERTEX_POINT('',#1254);
#1257=CARTESIAN_POINT('',(-5.435E0,-1.585E0,1.5E0));
#1258=VERTEX_POINT('',#1257);
#1259=CARTESIAN_POINT('',(-5.435E0,-1.585E0,-1.5E0));
#1260=VERTEX_POINT('',#1259);
#1261=CARTESIAN_POINT('',(-6.455E0,1.585E0,-1.5E0));
#1262=CARTESIAN_POINT('',(-6.455E0,1.585E0,1.5E0));
#1263=VERTEX_POINT('',#1261);
#1264=VERTEX_POINT('',#1262);
#1265=CARTESIAN_POINT('',(-5.435E0,1.585E0,1.5E0));
#1266=VERTEX_POINT('',#1265);
#1267=CARTESIAN_POINT('',(-5.435E0,1.585E0,-1.5E0));
#1268=VERTEX_POINT('',#1267);
#1269=CARTESIAN_POINT('',(9.905E0,7.535E0,-3.43E0));
#1270=CARTESIAN_POINT('',(9.905E0,7.535E0,-2.83E0));
#1271=VERTEX_POINT('',#1269);
#1272=VERTEX_POINT('',#1270);
#1273=CARTESIAN_POINT('',(9.905E0,6.876820693124E0,-2.45E0));
#1274=VERTEX_POINT('',#1273);
#1275=CARTESIAN_POINT('',(-9.905E0,7.535E0,-2.83E0));
#1276=CARTESIAN_POINT('',(-9.905E0,7.535E0,-3.43E0));
#1277=VERTEX_POINT('',#1275);
#1278=VERTEX_POINT('',#1276);
#1279=CARTESIAN_POINT('',(-9.905E0,6.876820693124E0,-2.45E0));
#1280=VERTEX_POINT('',#1279);
#1281=CARTESIAN_POINT('',(9.905E0,1.585E0,-2.45E0));
#1282=CARTESIAN_POINT('',(9.005E0,1.585E0,-2.45E0));
#1283=VERTEX_POINT('',#1281);
#1284=VERTEX_POINT('',#1282);
#1285=CARTESIAN_POINT('',(-9.905E0,1.585E0,-2.45E0));
#1286=VERTEX_POINT('',#1285);
#1287=CARTESIAN_POINT('',(6.825E0,1.585E0,-2.45E0));
#1288=CARTESIAN_POINT('',(5.045E0,1.585E0,-2.45E0));
#1289=VERTEX_POINT('',#1287);
#1290=VERTEX_POINT('',#1288);
#1291=CARTESIAN_POINT('',(-9.015E0,1.585E0,-2.45E0));
#1292=VERTEX_POINT('',#1291);
#1293=CARTESIAN_POINT('',(-6.835E0,1.585E0,-2.45E0));
#1294=VERTEX_POINT('',#1293);
#1295=CARTESIAN_POINT('',(-7.695E0,-6.035E0,0.E0));
#1296=CARTESIAN_POINT('',(-7.355E0,-5.145E0,0.E0));
#1297=VERTEX_POINT('',#1295);
#1298=VERTEX_POINT('',#1296);
#1299=CARTESIAN_POINT('',(-7.355E0,1.2125E1,0.E0));
#1300=CARTESIAN_POINT('',(-7.695E0,1.3015E1,0.E0));
#1301=VERTEX_POINT('',#1299);
#1302=VERTEX_POINT('',#1300);
#1303=CARTESIAN_POINT('',(-8.155E0,-6.035E0,0.E0));
#1304=CARTESIAN_POINT('',(-8.495E0,-5.145E0,0.E0));
#1305=VERTEX_POINT('',#1303);
#1306=VERTEX_POINT('',#1304);
#1307=CARTESIAN_POINT('',(-8.495E0,1.2125E1,0.E0));
#1308=CARTESIAN_POINT('',(-8.155E0,1.3015E1,0.E0));
#1309=VERTEX_POINT('',#1307);
#1310=VERTEX_POINT('',#1308);
#1311=CARTESIAN_POINT('',(-7.355E0,1.205E0,0.E0));
#1312=CARTESIAN_POINT('',(-8.495E0,1.205E0,0.E0));
#1313=VERTEX_POINT('',#1311);
#1314=VERTEX_POINT('',#1312);
#1315=CARTESIAN_POINT('',(-7.355E0,-1.205E0,0.E0));
#1316=CARTESIAN_POINT('',(-8.495E0,-1.205E0,0.E0));
#1317=VERTEX_POINT('',#1315);
#1318=VERTEX_POINT('',#1316);
#1319=CARTESIAN_POINT('',(-9.015E0,1.205E0,-2.45E0));
#1320=VERTEX_POINT('',#1319);
#1321=CARTESIAN_POINT('',(-6.835E0,1.205E0,-2.45E0));
#1322=VERTEX_POINT('',#1321);
#1323=CARTESIAN_POINT('',(-2.875E0,-1.585E0,-3.43E0));
#1324=CARTESIAN_POINT('',(-2.875E0,-1.205E0,-3.43E0));
#1325=VERTEX_POINT('',#1323);
#1326=VERTEX_POINT('',#1324);
#1327=CARTESIAN_POINT('',(-5.055E0,-1.205E0,-3.43E0));
#1328=VERTEX_POINT('',#1327);
#1329=CARTESIAN_POINT('',(-5.055E0,-1.585E0,-3.43E0));
#1330=VERTEX_POINT('',#1329);
#1331=CARTESIAN_POINT('',(-5.055E0,1.585E0,3.47E0));
#1332=CARTESIAN_POINT('',(-5.055E0,1.205E0,3.47E0));
#1333=VERTEX_POINT('',#1331);
#1334=VERTEX_POINT('',#1332);
#1335=CARTESIAN_POINT('',(-2.875E0,1.205E0,3.47E0));
#1336=VERTEX_POINT('',#1335);
#1337=CARTESIAN_POINT('',(-2.875E0,1.585E0,3.47E0));
#1338=VERTEX_POINT('',#1337);
#1339=CARTESIAN_POINT('',(-2.875E0,-1.585E0,3.47E0));
#1340=CARTESIAN_POINT('',(-2.875E0,-1.205E0,3.47E0));
#1341=VERTEX_POINT('',#1339);
#1342=VERTEX_POINT('',#1340);
#1343=CARTESIAN_POINT('',(-5.055E0,-1.205E0,3.47E0));
#1344=VERTEX_POINT('',#1343);
#1345=CARTESIAN_POINT('',(-5.055E0,-1.585E0,3.47E0));
#1346=VERTEX_POINT('',#1345);
#1347=CARTESIAN_POINT('',(1.085E0,-1.585E0,-3.43E0));
#1348=CARTESIAN_POINT('',(1.085E0,-1.205E0,-3.43E0));
#1349=VERTEX_POINT('',#1347);
#1350=VERTEX_POINT('',#1348);
#1351=CARTESIAN_POINT('',(-1.095E0,-1.205E0,-3.43E0));
#1352=VERTEX_POINT('',#1351);
#1353=CARTESIAN_POINT('',(-1.095E0,-1.585E0,-3.43E0));
#1354=VERTEX_POINT('',#1353);
#1355=CARTESIAN_POINT('',(-1.095E0,1.585E0,3.47E0));
#1356=CARTESIAN_POINT('',(-1.095E0,1.205E0,3.47E0));
#1357=VERTEX_POINT('',#1355);
#1358=VERTEX_POINT('',#1356);
#1359=CARTESIAN_POINT('',(1.085E0,1.205E0,3.47E0));
#1360=VERTEX_POINT('',#1359);
#1361=CARTESIAN_POINT('',(1.085E0,1.585E0,3.47E0));
#1362=VERTEX_POINT('',#1361);
#1363=CARTESIAN_POINT('',(1.085E0,-1.585E0,3.47E0));
#1364=CARTESIAN_POINT('',(1.085E0,-1.205E0,3.47E0));
#1365=VERTEX_POINT('',#1363);
#1366=VERTEX_POINT('',#1364);
#1367=CARTESIAN_POINT('',(-1.095E0,-1.205E0,3.47E0));
#1368=VERTEX_POINT('',#1367);
#1369=CARTESIAN_POINT('',(-1.095E0,-1.585E0,3.47E0));
#1370=VERTEX_POINT('',#1369);
#1371=CARTESIAN_POINT('',(5.045E0,-1.585E0,-3.43E0));
#1372=CARTESIAN_POINT('',(5.045E0,-1.205E0,-3.43E0));
#1373=VERTEX_POINT('',#1371);
#1374=VERTEX_POINT('',#1372);
#1375=CARTESIAN_POINT('',(2.865E0,-1.205E0,-3.43E0));
#1376=VERTEX_POINT('',#1375);
#1377=CARTESIAN_POINT('',(2.865E0,-1.585E0,-3.43E0));
#1378=VERTEX_POINT('',#1377);
#1379=CARTESIAN_POINT('',(2.865E0,1.585E0,3.47E0));
#1380=CARTESIAN_POINT('',(2.865E0,1.205E0,3.47E0));
#1381=VERTEX_POINT('',#1379);
#1382=VERTEX_POINT('',#1380);
#1383=CARTESIAN_POINT('',(5.045E0,1.205E0,3.47E0));
#1384=VERTEX_POINT('',#1383);
#1385=CARTESIAN_POINT('',(5.045E0,1.585E0,3.47E0));
#1386=VERTEX_POINT('',#1385);
#1387=CARTESIAN_POINT('',(5.045E0,-1.585E0,3.47E0));
#1388=CARTESIAN_POINT('',(5.045E0,-1.205E0,3.47E0));
#1389=VERTEX_POINT('',#1387);
#1390=VERTEX_POINT('',#1388);
#1391=CARTESIAN_POINT('',(2.865E0,-1.205E0,3.47E0));
#1392=VERTEX_POINT('',#1391);
#1393=CARTESIAN_POINT('',(2.865E0,-1.585E0,3.47E0));
#1394=VERTEX_POINT('',#1393);
#1395=CARTESIAN_POINT('',(9.005E0,-1.585E0,-3.43E0));
#1396=CARTESIAN_POINT('',(9.005E0,-1.205E0,-3.43E0));
#1397=VERTEX_POINT('',#1395);
#1398=VERTEX_POINT('',#1396);
#1399=CARTESIAN_POINT('',(6.825E0,-1.205E0,-3.43E0));
#1400=VERTEX_POINT('',#1399);
#1401=CARTESIAN_POINT('',(6.825E0,-1.585E0,-3.43E0));
#1402=VERTEX_POINT('',#1401);
#1403=CARTESIAN_POINT('',(6.825E0,1.585E0,3.47E0));
#1404=CARTESIAN_POINT('',(6.825E0,1.205E0,3.47E0));
#1405=VERTEX_POINT('',#1403);
#1406=VERTEX_POINT('',#1404);
#1407=CARTESIAN_POINT('',(9.005E0,1.205E0,3.47E0));
#1408=VERTEX_POINT('',#1407);
#1409=CARTESIAN_POINT('',(9.005E0,1.585E0,3.47E0));
#1410=VERTEX_POINT('',#1409);
#1411=CARTESIAN_POINT('',(9.005E0,-1.585E0,3.47E0));
#1412=CARTESIAN_POINT('',(9.005E0,-1.205E0,3.47E0));
#1413=VERTEX_POINT('',#1411);
#1414=VERTEX_POINT('',#1412);
#1415=CARTESIAN_POINT('',(6.825E0,-1.205E0,3.47E0));
#1416=VERTEX_POINT('',#1415);
#1417=CARTESIAN_POINT('',(6.825E0,-1.585E0,3.47E0));
#1418=VERTEX_POINT('',#1417);
#1419=CARTESIAN_POINT('',(2.865E0,1.585E0,-2.45E0));
#1420=CARTESIAN_POINT('',(1.085E0,1.585E0,-2.45E0));
#1421=VERTEX_POINT('',#1419);
#1422=VERTEX_POINT('',#1420);
#1423=CARTESIAN_POINT('',(-1.095E0,1.585E0,-2.45E0));
#1424=CARTESIAN_POINT('',(-2.875E0,1.585E0,-2.45E0));
#1425=VERTEX_POINT('',#1423);
#1426=VERTEX_POINT('',#1424);
#1427=CARTESIAN_POINT('',(-5.055E0,1.585E0,-2.45E0));
#1428=VERTEX_POINT('',#1427);
#1429=CARTESIAN_POINT('',(-5.055E0,1.205E0,-2.45E0));
#1430=VERTEX_POINT('',#1429);
#1431=CARTESIAN_POINT('',(-2.875E0,1.205E0,-2.45E0));
#1432=VERTEX_POINT('',#1431);
#1433=CARTESIAN_POINT('',(-1.095E0,1.205E0,-2.45E0));
#1434=VERTEX_POINT('',#1433);
#1435=CARTESIAN_POINT('',(1.085E0,1.205E0,-2.45E0));
#1436=VERTEX_POINT('',#1435);
#1437=CARTESIAN_POINT('',(2.865E0,1.205E0,-2.45E0));
#1438=VERTEX_POINT('',#1437);
#1439=CARTESIAN_POINT('',(5.045E0,1.205E0,-2.45E0));
#1440=VERTEX_POINT('',#1439);
#1441=CARTESIAN_POINT('',(6.825E0,1.205E0,-2.45E0));
#1442=VERTEX_POINT('',#1441);
#1443=CARTESIAN_POINT('',(9.005E0,1.205E0,-2.45E0));
#1444=VERTEX_POINT('',#1443);
#1445=CARTESIAN_POINT('',(-3.735E0,-6.035E0,0.E0));
#1446=CARTESIAN_POINT('',(-3.395E0,-5.145E0,0.E0));
#1447=VERTEX_POINT('',#1445);
#1448=VERTEX_POINT('',#1446);
#1449=CARTESIAN_POINT('',(-3.395E0,1.2125E1,0.E0));
#1450=CARTESIAN_POINT('',(-3.735E0,1.3015E1,0.E0));
#1451=VERTEX_POINT('',#1449);
#1452=VERTEX_POINT('',#1450);
#1453=CARTESIAN_POINT('',(-4.195E0,-6.035E0,0.E0));
#1454=CARTESIAN_POINT('',(-4.535E0,-5.145E0,0.E0));
#1455=VERTEX_POINT('',#1453);
#1456=VERTEX_POINT('',#1454);
#1457=CARTESIAN_POINT('',(-4.535E0,1.2125E1,0.E0));
#1458=CARTESIAN_POINT('',(-4.195E0,1.3015E1,0.E0));
#1459=VERTEX_POINT('',#1457);
#1460=VERTEX_POINT('',#1458);
#1461=CARTESIAN_POINT('',(-3.395E0,1.205E0,0.E0));
#1462=CARTESIAN_POINT('',(-4.535E0,1.205E0,0.E0));
#1463=VERTEX_POINT('',#1461);
#1464=VERTEX_POINT('',#1462);
#1465=CARTESIAN_POINT('',(-3.395E0,-1.205E0,0.E0));
#1466=CARTESIAN_POINT('',(-4.535E0,-1.205E0,0.E0));
#1467=VERTEX_POINT('',#1465);
#1468=VERTEX_POINT('',#1466);
#1469=CARTESIAN_POINT('',(2.25E-1,-6.035E0,0.E0));
#1470=CARTESIAN_POINT('',(5.65E-1,-5.145E0,0.E0));
#1471=VERTEX_POINT('',#1469);
#1472=VERTEX_POINT('',#1470);
#1473=CARTESIAN_POINT('',(5.65E-1,1.2125E1,0.E0));
#1474=CARTESIAN_POINT('',(2.25E-1,1.3015E1,0.E0));
#1475=VERTEX_POINT('',#1473);
#1476=VERTEX_POINT('',#1474);
#1477=CARTESIAN_POINT('',(-2.35E-1,-6.035E0,0.E0));
#1478=CARTESIAN_POINT('',(-5.75E-1,-5.145E0,0.E0));
#1479=VERTEX_POINT('',#1477);
#1480=VERTEX_POINT('',#1478);
#1481=CARTESIAN_POINT('',(-5.75E-1,1.2125E1,0.E0));
#1482=CARTESIAN_POINT('',(-2.35E-1,1.3015E1,0.E0));
#1483=VERTEX_POINT('',#1481);
#1484=VERTEX_POINT('',#1482);
#1485=CARTESIAN_POINT('',(5.65E-1,1.205E0,0.E0));
#1486=CARTESIAN_POINT('',(-5.75E-1,1.205E0,0.E0));
#1487=VERTEX_POINT('',#1485);
#1488=VERTEX_POINT('',#1486);
#1489=CARTESIAN_POINT('',(5.65E-1,-1.205E0,0.E0));
#1490=CARTESIAN_POINT('',(-5.75E-1,-1.205E0,0.E0));
#1491=VERTEX_POINT('',#1489);
#1492=VERTEX_POINT('',#1490);
#1493=CARTESIAN_POINT('',(4.185E0,-6.035E0,0.E0));
#1494=CARTESIAN_POINT('',(4.525E0,-5.145E0,0.E0));
#1495=VERTEX_POINT('',#1493);
#1496=VERTEX_POINT('',#1494);
#1497=CARTESIAN_POINT('',(4.525E0,1.2125E1,0.E0));
#1498=CARTESIAN_POINT('',(4.185E0,1.3015E1,0.E0));
#1499=VERTEX_POINT('',#1497);
#1500=VERTEX_POINT('',#1498);
#1501=CARTESIAN_POINT('',(3.725E0,-6.035E0,0.E0));
#1502=CARTESIAN_POINT('',(3.385E0,-5.145E0,0.E0));
#1503=VERTEX_POINT('',#1501);
#1504=VERTEX_POINT('',#1502);
#1505=CARTESIAN_POINT('',(3.385E0,1.2125E1,0.E0));
#1506=CARTESIAN_POINT('',(3.725E0,1.3015E1,0.E0));
#1507=VERTEX_POINT('',#1505);
#1508=VERTEX_POINT('',#1506);
#1509=CARTESIAN_POINT('',(4.525E0,1.205E0,0.E0));
#1510=CARTESIAN_POINT('',(3.385E0,1.205E0,0.E0));
#1511=VERTEX_POINT('',#1509);
#1512=VERTEX_POINT('',#1510);
#1513=CARTESIAN_POINT('',(4.525E0,-1.205E0,0.E0));
#1514=CARTESIAN_POINT('',(3.385E0,-1.205E0,0.E0));
#1515=VERTEX_POINT('',#1513);
#1516=VERTEX_POINT('',#1514);
#1517=CARTESIAN_POINT('',(8.145E0,-6.035E0,0.E0));
#1518=CARTESIAN_POINT('',(8.485E0,-5.145E0,0.E0));
#1519=VERTEX_POINT('',#1517);
#1520=VERTEX_POINT('',#1518);
#1521=CARTESIAN_POINT('',(8.485E0,1.2125E1,0.E0));
#1522=CARTESIAN_POINT('',(8.145E0,1.3015E1,0.E0));
#1523=VERTEX_POINT('',#1521);
#1524=VERTEX_POINT('',#1522);
#1525=CARTESIAN_POINT('',(7.685E0,-6.035E0,0.E0));
#1526=CARTESIAN_POINT('',(7.345E0,-5.145E0,0.E0));
#1527=VERTEX_POINT('',#1525);
#1528=VERTEX_POINT('',#1526);
#1529=CARTESIAN_POINT('',(7.345E0,1.2125E1,0.E0));
#1530=CARTESIAN_POINT('',(7.685E0,1.3015E1,0.E0));
#1531=VERTEX_POINT('',#1529);
#1532=VERTEX_POINT('',#1530);
#1533=CARTESIAN_POINT('',(8.485E0,1.205E0,0.E0));
#1534=CARTESIAN_POINT('',(7.345E0,1.205E0,0.E0));
#1535=VERTEX_POINT('',#1533);
#1536=VERTEX_POINT('',#1534);
#1537=CARTESIAN_POINT('',(8.485E0,-1.205E0,0.E0));
#1538=CARTESIAN_POINT('',(7.345E0,-1.205E0,0.E0));
#1539=VERTEX_POINT('',#1537);
#1540=VERTEX_POINT('',#1538);
#1541=CARTESIAN_POINT('',(-2.495E0,-1.585E0,-1.5E0));
#1542=CARTESIAN_POINT('',(-2.495E0,-1.585E0,1.5E0));
#1543=VERTEX_POINT('',#1541);
#1544=VERTEX_POINT('',#1542);
#1545=CARTESIAN_POINT('',(-1.475E0,-1.585E0,1.5E0));
#1546=VERTEX_POINT('',#1545);
#1547=CARTESIAN_POINT('',(-1.475E0,-1.585E0,-1.5E0));
#1548=VERTEX_POINT('',#1547);
#1549=CARTESIAN_POINT('',(-2.495E0,1.585E0,-1.5E0));
#1550=CARTESIAN_POINT('',(-2.495E0,1.585E0,1.5E0));
#1551=VERTEX_POINT('',#1549);
#1552=VERTEX_POINT('',#1550);
#1553=CARTESIAN_POINT('',(-1.475E0,1.585E0,1.5E0));
#1554=VERTEX_POINT('',#1553);
#1555=CARTESIAN_POINT('',(-1.475E0,1.585E0,-1.5E0));
#1556=VERTEX_POINT('',#1555);
#1557=CARTESIAN_POINT('',(1.465E0,-1.585E0,-1.5E0));
#1558=CARTESIAN_POINT('',(1.465E0,-1.585E0,1.5E0));
#1559=VERTEX_POINT('',#1557);
#1560=VERTEX_POINT('',#1558);
#1561=CARTESIAN_POINT('',(2.485E0,-1.585E0,1.5E0));
#1562=VERTEX_POINT('',#1561);
#1563=CARTESIAN_POINT('',(2.485E0,-1.585E0,-1.5E0));
#1564=VERTEX_POINT('',#1563);
#1565=CARTESIAN_POINT('',(1.465E0,1.585E0,-1.5E0));
#1566=CARTESIAN_POINT('',(1.465E0,1.585E0,1.5E0));
#1567=VERTEX_POINT('',#1565);
#1568=VERTEX_POINT('',#1566);
#1569=CARTESIAN_POINT('',(2.485E0,1.585E0,1.5E0));
#1570=VERTEX_POINT('',#1569);
#1571=CARTESIAN_POINT('',(2.485E0,1.585E0,-1.5E0));
#1572=VERTEX_POINT('',#1571);
#1573=CARTESIAN_POINT('',(5.425E0,-1.585E0,-1.5E0));
#1574=CARTESIAN_POINT('',(5.425E0,-1.585E0,1.5E0));
#1575=VERTEX_POINT('',#1573);
#1576=VERTEX_POINT('',#1574);
#1577=CARTESIAN_POINT('',(6.445E0,-1.585E0,1.5E0));
#1578=VERTEX_POINT('',#1577);
#1579=CARTESIAN_POINT('',(6.445E0,-1.585E0,-1.5E0));
#1580=VERTEX_POINT('',#1579);
#1581=CARTESIAN_POINT('',(5.425E0,1.585E0,-1.5E0));
#1582=CARTESIAN_POINT('',(5.425E0,1.585E0,1.5E0));
#1583=VERTEX_POINT('',#1581);
#1584=VERTEX_POINT('',#1582);
#1585=CARTESIAN_POINT('',(6.445E0,1.585E0,1.5E0));
#1586=VERTEX_POINT('',#1585);
#1587=CARTESIAN_POINT('',(6.445E0,1.585E0,-1.5E0));
#1588=VERTEX_POINT('',#1587);
#1589=CARTESIAN_POINT('',(0.E0,0.E0,-3.43E0));
#1590=DIRECTION('',(0.E0,0.E0,1.E0));
#1591=DIRECTION('',(1.E0,0.E0,0.E0));
#1592=AXIS2_PLACEMENT_3D('',#1589,#1590,#1591);
#1593=PLANE('',#1592);
#1595=ORIENTED_EDGE('',*,*,#1594,.T.);
#1597=ORIENTED_EDGE('',*,*,#1596,.F.);
#1599=ORIENTED_EDGE('',*,*,#1598,.F.);
#1601=ORIENTED_EDGE('',*,*,#1600,.T.);
#1603=ORIENTED_EDGE('',*,*,#1602,.T.);
#1605=ORIENTED_EDGE('',*,*,#1604,.F.);
#1607=ORIENTED_EDGE('',*,*,#1606,.F.);
#1609=ORIENTED_EDGE('',*,*,#1608,.T.);
#1611=ORIENTED_EDGE('',*,*,#1610,.T.);
#1613=ORIENTED_EDGE('',*,*,#1612,.F.);
#1615=ORIENTED_EDGE('',*,*,#1614,.F.);
#1617=ORIENTED_EDGE('',*,*,#1616,.T.);
#1619=ORIENTED_EDGE('',*,*,#1618,.T.);
#1621=ORIENTED_EDGE('',*,*,#1620,.F.);
#1623=ORIENTED_EDGE('',*,*,#1622,.F.);
#1625=ORIENTED_EDGE('',*,*,#1624,.T.);
#1627=ORIENTED_EDGE('',*,*,#1626,.T.);
#1629=ORIENTED_EDGE('',*,*,#1628,.F.);
#1631=ORIENTED_EDGE('',*,*,#1630,.F.);
#1633=ORIENTED_EDGE('',*,*,#1632,.T.);
#1635=ORIENTED_EDGE('',*,*,#1634,.T.);
#1637=ORIENTED_EDGE('',*,*,#1636,.F.);
#1639=ORIENTED_EDGE('',*,*,#1638,.F.);
#1641=ORIENTED_EDGE('',*,*,#1640,.T.);
#1642=EDGE_LOOP('',(#1595,#1597,#1599,#1601,#1603,#1605,#1607,#1609,#1611,#1613,
#1615,#1617,#1619,#1621,#1623,#1625,#1627,#1629,#1631,#1633,#1635,#1637,#1639,
#1641));
#1643=FACE_OUTER_BOUND('',#1642,.F.);
#1644=ADVANCED_FACE('',(#1643),#1593,.F.);
#1645=CARTESIAN_POINT('',(9.905E0,-1.585E0,-3.43E0));
#1646=DIRECTION('',(1.E0,0.E0,0.E0));
#1647=DIRECTION('',(0.E0,1.E0,0.E0));
#1648=AXIS2_PLACEMENT_3D('',#1645,#1646,#1647);
#1649=PLANE('',#1648);
#1651=ORIENTED_EDGE('',*,*,#1650,.F.);
#1653=ORIENTED_EDGE('',*,*,#1652,.F.);
#1655=ORIENTED_EDGE('',*,*,#1654,.F.);
#1657=ORIENTED_EDGE('',*,*,#1656,.F.);
#1658=ORIENTED_EDGE('',*,*,#1594,.F.);
#1660=ORIENTED_EDGE('',*,*,#1659,.T.);
#1662=ORIENTED_EDGE('',*,*,#1661,.T.);
#1663=EDGE_LOOP('',(#1651,#1653,#1655,#1657,#1658,#1660,#1662));
#1664=FACE_OUTER_BOUND('',#1663,.F.);
#1665=ADVANCED_FACE('',(#1664),#1649,.T.);
#1666=CARTESIAN_POINT('',(9.905E0,1.585E0,-3.43E0));
#1667=DIRECTION('',(0.E0,1.E0,0.E0));
#1668=DIRECTION('',(-1.E0,0.E0,0.E0));
#1669=AXIS2_PLACEMENT_3D('',#1666,#1667,#1668);
#1670=PLANE('',#1669);
#1672=ORIENTED_EDGE('',*,*,#1671,.F.);
#1673=ORIENTED_EDGE('',*,*,#1650,.T.);
#1675=ORIENTED_EDGE('',*,*,#1674,.T.);
#1677=ORIENTED_EDGE('',*,*,#1676,.F.);
#1678=EDGE_LOOP('',(#1672,#1673,#1675,#1677));
#1679=FACE_OUTER_BOUND('',#1678,.F.);
#1680=ADVANCED_FACE('',(#1679),#1670,.T.);
#1681=CARTESIAN_POINT('',(9.905E0,1.585E0,-3.43E0));
#1682=DIRECTION('',(0.E0,1.E0,0.E0));
#1683=DIRECTION('',(-1.E0,0.E0,0.E0));
#1684=AXIS2_PLACEMENT_3D('',#1681,#1682,#1683);
#1685=PLANE('',#1684);
#1687=ORIENTED_EDGE('',*,*,#1686,.F.);
#1689=ORIENTED_EDGE('',*,*,#1688,.F.);
#1691=ORIENTED_EDGE('',*,*,#1690,.T.);
#1693=ORIENTED_EDGE('',*,*,#1692,.T.);
#1694=EDGE_LOOP('',(#1687,#1689,#1691,#1693));
#1695=FACE_OUTER_BOUND('',#1694,.F.);
#1696=ADVANCED_FACE('',(#1695),#1685,.T.);
#1697=CARTESIAN_POINT('',(9.905E0,1.585E0,-3.43E0));
#1698=DIRECTION('',(0.E0,1.E0,0.E0));
#1699=DIRECTION('',(-1.E0,0.E0,0.E0));
#1700=AXIS2_PLACEMENT_3D('',#1697,#1698,#1699);
#1701=PLANE('',#1700);
#1703=ORIENTED_EDGE('',*,*,#1702,.F.);
#1705=ORIENTED_EDGE('',*,*,#1704,.T.);
#1707=ORIENTED_EDGE('',*,*,#1706,.T.);
#1709=ORIENTED_EDGE('',*,*,#1708,.F.);
#1710=EDGE_LOOP('',(#1703,#1705,#1707,#1709));
#1711=FACE_OUTER_BOUND('',#1710,.F.);
#1713=ORIENTED_EDGE('',*,*,#1712,.T.);
#1715=ORIENTED_EDGE('',*,*,#1714,.T.);
#1717=ORIENTED_EDGE('',*,*,#1716,.T.);
#1719=ORIENTED_EDGE('',*,*,#1718,.T.);
#1720=EDGE_LOOP('',(#1713,#1715,#1717,#1719));
#1721=FACE_BOUND('',#1720,.F.);
#1722=ADVANCED_FACE('',(#1711,#1721),#1701,.T.);
#1723=CARTESIAN_POINT('',(9.905E0,1.585E0,-3.43E0));
#1724=DIRECTION('',(0.E0,1.E0,0.E0));
#1725=DIRECTION('',(-1.E0,0.E0,0.E0));
#1726=AXIS2_PLACEMENT_3D('',#1723,#1724,#1725);
#1727=PLANE('',#1726);
#1729=ORIENTED_EDGE('',*,*,#1728,.F.);
#1731=ORIENTED_EDGE('',*,*,#1730,.F.);
#1733=ORIENTED_EDGE('',*,*,#1732,.T.);
#1735=ORIENTED_EDGE('',*,*,#1734,.T.);
#1736=EDGE_LOOP('',(#1729,#1731,#1733,#1735));
#1737=FACE_OUTER_BOUND('',#1736,.F.);
#1739=ORIENTED_EDGE('',*,*,#1738,.T.);
#1741=ORIENTED_EDGE('',*,*,#1740,.T.);
#1743=ORIENTED_EDGE('',*,*,#1742,.T.);
#1745=ORIENTED_EDGE('',*,*,#1744,.T.);
#1746=EDGE_LOOP('',(#1739,#1741,#1743,#1745));
#1747=FACE_BOUND('',#1746,.F.);
#1748=ADVANCED_FACE('',(#1737,#1747),#1727,.T.);
#1749=CARTESIAN_POINT('',(9.905E0,1.585E0,-3.43E0));
#1750=DIRECTION('',(0.E0,1.E0,0.E0));
#1751=DIRECTION('',(-1.E0,0.E0,0.E0));
#1752=AXIS2_PLACEMENT_3D('',#1749,#1750,#1751);
#1753=PLANE('',#1752);
#1755=ORIENTED_EDGE('',*,*,#1754,.F.);
#1757=ORIENTED_EDGE('',*,*,#1756,.T.);
#1759=ORIENTED_EDGE('',*,*,#1758,.T.);
#1761=ORIENTED_EDGE('',*,*,#1760,.F.);
#1762=EDGE_LOOP('',(#1755,#1757,#1759,#1761));
#1763=FACE_OUTER_BOUND('',#1762,.F.);
#1765=ORIENTED_EDGE('',*,*,#1764,.T.);
#1767=ORIENTED_EDGE('',*,*,#1766,.T.);
#1769=ORIENTED_EDGE('',*,*,#1768,.T.);
#1771=ORIENTED_EDGE('',*,*,#1770,.T.);
#1772=EDGE_LOOP('',(#1765,#1767,#1769,#1771));
#1773=FACE_BOUND('',#1772,.F.);
#1774=ADVANCED_FACE('',(#1763,#1773),#1753,.T.);
#1775=CARTESIAN_POINT('',(9.905E0,1.585E0,-3.43E0));
#1776=DIRECTION('',(0.E0,1.E0,0.E0));
#1777=DIRECTION('',(-1.E0,0.E0,0.E0));
#1778=AXIS2_PLACEMENT_3D('',#1775,#1776,#1777);
#1779=PLANE('',#1778);
#1781=ORIENTED_EDGE('',*,*,#1780,.F.);
#1783=ORIENTED_EDGE('',*,*,#1782,.T.);
#1785=ORIENTED_EDGE('',*,*,#1784,.T.);
#1787=ORIENTED_EDGE('',*,*,#1786,.F.);
#1788=EDGE_LOOP('',(#1781,#1783,#1785,#1787));
#1789=FACE_OUTER_BOUND('',#1788,.F.);
#1791=ORIENTED_EDGE('',*,*,#1790,.T.);
#1793=ORIENTED_EDGE('',*,*,#1792,.T.);
#1795=ORIENTED_EDGE('',*,*,#1794,.T.);
#1797=ORIENTED_EDGE('',*,*,#1796,.T.);
#1798=EDGE_LOOP('',(#1791,#1793,#1795,#1797));
#1799=FACE_BOUND('',#1798,.F.);
#1800=ADVANCED_FACE('',(#1789,#1799),#1779,.T.);
#1801=CARTESIAN_POINT('',(9.905E0,6.876820693124E0,-2.45E0));
#1802=DIRECTION('',(0.E0,0.E0,1.E0));
#1803=DIRECTION('',(0.E0,-1.E0,0.E0));
#1804=AXIS2_PLACEMENT_3D('',#1801,#1802,#1803);
#1805=PLANE('',#1804);
#1806=ORIENTED_EDGE('',*,*,#1671,.T.);
#1808=ORIENTED_EDGE('',*,*,#1807,.F.);
#1810=ORIENTED_EDGE('',*,*,#1809,.F.);
#1812=ORIENTED_EDGE('',*,*,#1811,.F.);
#1813=ORIENTED_EDGE('',*,*,#1702,.T.);
#1815=ORIENTED_EDGE('',*,*,#1814,.F.);
#1817=ORIENTED_EDGE('',*,*,#1816,.F.);
#1819=ORIENTED_EDGE('',*,*,#1818,.F.);
#1820=ORIENTED_EDGE('',*,*,#1754,.T.);
#1822=ORIENTED_EDGE('',*,*,#1821,.F.);
#1824=ORIENTED_EDGE('',*,*,#1823,.F.);
#1826=ORIENTED_EDGE('',*,*,#1825,.F.);
#1827=ORIENTED_EDGE('',*,*,#1780,.T.);
#1829=ORIENTED_EDGE('',*,*,#1828,.F.);
#1831=ORIENTED_EDGE('',*,*,#1830,.F.);
#1833=ORIENTED_EDGE('',*,*,#1832,.F.);
#1834=ORIENTED_EDGE('',*,*,#1730,.T.);
#1836=ORIENTED_EDGE('',*,*,#1835,.F.);
#1838=ORIENTED_EDGE('',*,*,#1837,.F.);
#1840=ORIENTED_EDGE('',*,*,#1839,.F.);
#1841=ORIENTED_EDGE('',*,*,#1688,.T.);
#1843=ORIENTED_EDGE('',*,*,#1842,.F.);
#1845=ORIENTED_EDGE('',*,*,#1844,.T.);
#1846=ORIENTED_EDGE('',*,*,#1652,.T.);
#1847=EDGE_LOOP('',(#1806,#1808,#1810,#1812,#1813,#1815,#1817,#1819,#1820,#1822,
#1824,#1826,#1827,#1829,#1831,#1833,#1834,#1836,#1838,#1840,#1841,#1843,#1845,
#1846));
#1848=FACE_OUTER_BOUND('',#1847,.F.);
#1849=ADVANCED_FACE('',(#1848),#1805,.T.);
#1850=CARTESIAN_POINT('',(9.005E0,1.205E0,3.47E0));
#1851=DIRECTION('',(1.E0,0.E0,0.E0));
#1852=DIRECTION('',(0.E0,1.E0,0.E0));
#1853=AXIS2_PLACEMENT_3D('',#1850,#1851,#1852);
#1854=PLANE('',#1853);
#1855=ORIENTED_EDGE('',*,*,#1807,.T.);
#1856=ORIENTED_EDGE('',*,*,#1676,.T.);
#1858=ORIENTED_EDGE('',*,*,#1857,.T.);
#1860=ORIENTED_EDGE('',*,*,#1859,.T.);
#1861=EDGE_LOOP('',(#1855,#1856,#1858,#1860));
#1862=FACE_OUTER_BOUND('',#1861,.F.);
#1863=ADVANCED_FACE('',(#1862),#1854,.F.);
#1864=CARTESIAN_POINT('',(0.E0,0.E0,3.47E0));
#1865=DIRECTION('',(0.E0,0.E0,1.E0));
#1866=DIRECTION('',(1.E0,0.E0,0.E0));
#1867=AXIS2_PLACEMENT_3D('',#1864,#1865,#1866);
#1868=PLANE('',#1867);
#1870=ORIENTED_EDGE('',*,*,#1869,.T.);
#1872=ORIENTED_EDGE('',*,*,#1871,.T.);
#1873=ORIENTED_EDGE('',*,*,#1857,.F.);
#1874=ORIENTED_EDGE('',*,*,#1674,.F.);
#1875=ORIENTED_EDGE('',*,*,#1661,.F.);
#1877=ORIENTED_EDGE('',*,*,#1876,.F.);
#1879=ORIENTED_EDGE('',*,*,#1878,.T.);
#1881=ORIENTED_EDGE('',*,*,#1880,.T.);
#1883=ORIENTED_EDGE('',*,*,#1882,.F.);
#1885=ORIENTED_EDGE('',*,*,#1884,.F.);
#1887=ORIENTED_EDGE('',*,*,#1886,.T.);
#1889=ORIENTED_EDGE('',*,*,#1888,.T.);
#1891=ORIENTED_EDGE('',*,*,#1890,.F.);
#1893=ORIENTED_EDGE('',*,*,#1892,.F.);
#1895=ORIENTED_EDGE('',*,*,#1894,.T.);
#1897=ORIENTED_EDGE('',*,*,#1896,.T.);
#1899=ORIENTED_EDGE('',*,*,#1898,.F.);
#1901=ORIENTED_EDGE('',*,*,#1900,.F.);
#1903=ORIENTED_EDGE('',*,*,#1902,.T.);
#1905=ORIENTED_EDGE('',*,*,#1904,.T.);
#1907=ORIENTED_EDGE('',*,*,#1906,.F.);
#1909=ORIENTED_EDGE('',*,*,#1908,.F.);
#1911=ORIENTED_EDGE('',*,*,#1910,.T.);
#1913=ORIENTED_EDGE('',*,*,#1912,.T.);
#1915=ORIENTED_EDGE('',*,*,#1914,.F.);
#1917=ORIENTED_EDGE('',*,*,#1916,.F.);
#1919=ORIENTED_EDGE('',*,*,#1918,.F.);
#1920=ORIENTED_EDGE('',*,*,#1692,.F.);
#1922=ORIENTED_EDGE('',*,*,#1921,.T.);
#1924=ORIENTED_EDGE('',*,*,#1923,.T.);
#1926=ORIENTED_EDGE('',*,*,#1925,.F.);
#1927=ORIENTED_EDGE('',*,*,#1734,.F.);
#1929=ORIENTED_EDGE('',*,*,#1928,.T.);
#1931=ORIENTED_EDGE('',*,*,#1930,.T.);
#1933=ORIENTED_EDGE('',*,*,#1932,.F.);
#1934=ORIENTED_EDGE('',*,*,#1784,.F.);
#1936=ORIENTED_EDGE('',*,*,#1935,.T.);
#1938=ORIENTED_EDGE('',*,*,#1937,.T.);
#1940=ORIENTED_EDGE('',*,*,#1939,.F.);
#1941=ORIENTED_EDGE('',*,*,#1758,.F.);
#1943=ORIENTED_EDGE('',*,*,#1942,.T.);
#1945=ORIENTED_EDGE('',*,*,#1944,.T.);
#1947=ORIENTED_EDGE('',*,*,#1946,.F.);
#1948=ORIENTED_EDGE('',*,*,#1706,.F.);
#1949=EDGE_LOOP('',(#1870,#1872,#1873,#1874,#1875,#1877,#1879,#1881,#1883,#1885,
#1887,#1889,#1891,#1893,#1895,#1897,#1899,#1901,#1903,#1905,#1907,#1909,#1911,
#1913,#1915,#1917,#1919,#1920,#1922,#1924,#1926,#1927,#1929,#1931,#1933,#1934,
#1936,#1938,#1940,#1941,#1943,#1945,#1947,#1948));
#1950=FACE_OUTER_BOUND('',#1949,.F.);
#1951=ADVANCED_FACE('',(#1950),#1868,.T.);
#1952=CARTESIAN_POINT('',(6.825E0,1.585E0,3.47E0));
#1953=DIRECTION('',(-1.E0,0.E0,0.E0));
#1954=DIRECTION('',(0.E0,-1.E0,0.E0));
#1955=AXIS2_PLACEMENT_3D('',#1952,#1953,#1954);
#1956=PLANE('',#1955);
#1957=ORIENTED_EDGE('',*,*,#1811,.T.);
#1959=ORIENTED_EDGE('',*,*,#1958,.F.);
#1960=ORIENTED_EDGE('',*,*,#1869,.F.);
#1961=ORIENTED_EDGE('',*,*,#1704,.F.);
#1962=EDGE_LOOP('',(#1957,#1959,#1960,#1961));
#1963=FACE_OUTER_BOUND('',#1962,.F.);
#1964=ADVANCED_FACE('',(#1963),#1956,.F.);
#1965=CARTESIAN_POINT('',(6.825E0,1.205E0,3.47E0));
#1966=DIRECTION('',(0.E0,-1.E0,0.E0));
#1967=DIRECTION('',(1.E0,0.E0,0.E0));
#1968=AXIS2_PLACEMENT_3D('',#1965,#1966,#1967);
#1969=PLANE('',#1968);
#1970=ORIENTED_EDGE('',*,*,#1809,.T.);
#1971=ORIENTED_EDGE('',*,*,#1859,.F.);
#1972=ORIENTED_EDGE('',*,*,#1871,.F.);
#1973=ORIENTED_EDGE('',*,*,#1958,.T.);
#1974=EDGE_LOOP('',(#1970,#1971,#1972,#1973));
#1975=FACE_OUTER_BOUND('',#1974,.F.);
#1977=ORIENTED_EDGE('',*,*,#1976,.T.);
#1979=ORIENTED_EDGE('',*,*,#1978,.T.);
#1980=EDGE_LOOP('',(#1977,#1979));
#1981=FACE_BOUND('',#1980,.F.);
#1982=ADVANCED_FACE('',(#1975,#1981),#1969,.F.);
#1983=CARTESIAN_POINT('',(7.915E0,-6.9875E0,0.E0));
#1984=DIRECTION('',(0.E0,1.E0,0.E0));
#1985=DIRECTION('',(1.E0,0.E0,0.E0));
#1986=AXIS2_PLACEMENT_3D('',#1983,#1984,#1985);
#1987=CYLINDRICAL_SURFACE('',#1986,5.7E-1);
#1988=ORIENTED_EDGE('',*,*,#1976,.F.);
#1990=ORIENTED_EDGE('',*,*,#1989,.T.);
#1992=ORIENTED_EDGE('',*,*,#1991,.T.);
#1994=ORIENTED_EDGE('',*,*,#1993,.F.);
#1995=EDGE_LOOP('',(#1988,#1990,#1992,#1994));
#1996=FACE_OUTER_BOUND('',#1995,.F.);
#1997=ADVANCED_FACE('',(#1996),#1987,.T.);
#1998=CARTESIAN_POINT('',(7.915E0,-6.9875E0,0.E0));
#1999=DIRECTION('',(0.E0,1.E0,0.E0));
#2000=DIRECTION('',(1.E0,0.E0,0.E0));
#2001=AXIS2_PLACEMENT_3D('',#1998,#1999,#2000);
#2002=CYLINDRICAL_SURFACE('',#2001,5.7E-1);
#2004=ORIENTED_EDGE('',*,*,#2003,.T.);
#2006=ORIENTED_EDGE('',*,*,#2005,.F.);
#2008=ORIENTED_EDGE('',*,*,#2007,.F.);
#2010=ORIENTED_EDGE('',*,*,#2009,.T.);
#2011=EDGE_LOOP('',(#2004,#2006,#2008,#2010));
#2012=FACE_OUTER_BOUND('',#2011,.F.);
#2013=ADVANCED_FACE('',(#2012),#2002,.T.);
#2014=CARTESIAN_POINT('',(7.915E0,-6.9875E0,0.E0));
#2015=DIRECTION('',(0.E0,1.E0,0.E0));
#2016=DIRECTION('',(1.E0,0.E0,0.E0));
#2017=AXIS2_PLACEMENT_3D('',#2014,#2015,#2016);
#2018=CYLINDRICAL_SURFACE('',#2017,5.7E-1);
#2019=ORIENTED_EDGE('',*,*,#1978,.F.);
#2020=ORIENTED_EDGE('',*,*,#1993,.T.);
#2022=ORIENTED_EDGE('',*,*,#2021,.F.);
#2023=ORIENTED_EDGE('',*,*,#1989,.F.);
#2024=EDGE_LOOP('',(#2019,#2020,#2022,#2023));
#2025=FACE_OUTER_BOUND('',#2024,.F.);
#2026=ADVANCED_FACE('',(#2025),#2018,.T.);
#2027=CARTESIAN_POINT('',(7.915E0,-6.9875E0,0.E0));
#2028=DIRECTION('',(0.E0,1.E0,0.E0));
#2029=DIRECTION('',(1.E0,0.E0,0.E0));
#2030=AXIS2_PLACEMENT_3D('',#2027,#2028,#2029);
#2031=CYLINDRICAL_SURFACE('',#2030,5.7E-1);
#2033=ORIENTED_EDGE('',*,*,#2032,.T.);
#2034=ORIENTED_EDGE('',*,*,#2009,.F.);
#2036=ORIENTED_EDGE('',*,*,#2035,.T.);
#2037=ORIENTED_EDGE('',*,*,#2005,.T.);
#2038=EDGE_LOOP('',(#2033,#2034,#2036,#2037));
#2039=FACE_OUTER_BOUND('',#2038,.F.);
#2040=ADVANCED_FACE('',(#2039),#2031,.T.);
#2041=CARTESIAN_POINT('',(7.915E0,1.257E1,0.E0));
#2042=DIRECTION('',(0.E0,-1.E0,0.E0));
#2043=DIRECTION('',(-1.E0,0.E0,0.E0));
#2044=AXIS2_PLACEMENT_3D('',#2041,#2042,#2043);
#2045=CONICAL_SURFACE('',#2044,4.E-1,2.090798047101E1);
#2047=ORIENTED_EDGE('',*,*,#2046,.F.);
#2048=ORIENTED_EDGE('',*,*,#2021,.T.);
#2050=ORIENTED_EDGE('',*,*,#2049,.T.);
#2052=ORIENTED_EDGE('',*,*,#2051,.F.);
#2053=EDGE_LOOP('',(#2047,#2048,#2050,#2052));
#2054=FACE_OUTER_BOUND('',#2053,.F.);
#2055=ADVANCED_FACE('',(#2054),#2045,.T.);
#2056=CARTESIAN_POINT('',(7.915E0,1.257E1,0.E0));
#2057=DIRECTION('',(0.E0,-1.E0,0.E0));
#2058=DIRECTION('',(-1.E0,0.E0,0.E0));
#2059=AXIS2_PLACEMENT_3D('',#2056,#2057,#2058);
#2060=CONICAL_SURFACE('',#2059,4.E-1,2.090798047101E1);
#2061=ORIENTED_EDGE('',*,*,#2046,.T.);
#2063=ORIENTED_EDGE('',*,*,#2062,.T.);
#2064=ORIENTED_EDGE('',*,*,#2049,.F.);
#2065=ORIENTED_EDGE('',*,*,#1991,.F.);
#2066=EDGE_LOOP('',(#2061,#2063,#2064,#2065));
#2067=FACE_OUTER_BOUND('',#2066,.F.);
#2068=ADVANCED_FACE('',(#2067),#2060,.T.);
#2069=CARTESIAN_POINT('',(7.915E0,1.3015E1,0.E0));
#2070=DIRECTION('',(0.E0,1.E0,0.E0));
#2071=DIRECTION('',(1.E0,0.E0,0.E0));
#2072=AXIS2_PLACEMENT_3D('',#2069,#2070,#2071);
#2073=PLANE('',#2072);
#2074=ORIENTED_EDGE('',*,*,#2051,.T.);
#2075=ORIENTED_EDGE('',*,*,#2062,.F.);
#2076=EDGE_LOOP('',(#2074,#2075));
#2077=FACE_OUTER_BOUND('',#2076,.F.);
#2078=ADVANCED_FACE('',(#2077),#2073,.T.);
#2079=CARTESIAN_POINT('',(9.005E0,-1.205E0,3.47E0));
#2080=DIRECTION('',(0.E0,1.E0,0.E0));
#2081=DIRECTION('',(-1.E0,0.E0,0.E0));
#2082=AXIS2_PLACEMENT_3D('',#2079,#2080,#2081);
#2083=PLANE('',#2082);
#2084=ORIENTED_EDGE('',*,*,#1636,.T.);
#2086=ORIENTED_EDGE('',*,*,#2085,.F.);
#2087=ORIENTED_EDGE('',*,*,#1880,.F.);
#2089=ORIENTED_EDGE('',*,*,#2088,.T.);
#2090=EDGE_LOOP('',(#2084,#2086,#2087,#2089));
#2091=FACE_OUTER_BOUND('',#2090,.F.);
#2092=ORIENTED_EDGE('',*,*,#2003,.F.);
#2093=ORIENTED_EDGE('',*,*,#2032,.F.);
#2094=EDGE_LOOP('',(#2092,#2093));
#2095=FACE_BOUND('',#2094,.F.);
#2096=ADVANCED_FACE('',(#2091,#2095),#2083,.F.);
#2097=CARTESIAN_POINT('',(6.825E0,-1.205E0,3.47E0));
#2098=DIRECTION('',(-1.E0,0.E0,0.E0));
#2099=DIRECTION('',(0.E0,-1.E0,0.E0));
#2100=AXIS2_PLACEMENT_3D('',#2097,#2098,#2099);
#2101=PLANE('',#2100);
#2102=ORIENTED_EDGE('',*,*,#1634,.F.);
#2104=ORIENTED_EDGE('',*,*,#2103,.T.);
#2105=ORIENTED_EDGE('',*,*,#1882,.T.);
#2106=ORIENTED_EDGE('',*,*,#2085,.T.);
#2107=EDGE_LOOP('',(#2102,#2104,#2105,#2106));
#2108=FACE_OUTER_BOUND('',#2107,.F.);
#2109=ADVANCED_FACE('',(#2108),#2101,.F.);
#2110=CARTESIAN_POINT('',(-9.905E0,-1.585E0,-3.43E0));
#2111=DIRECTION('',(0.E0,-1.E0,0.E0));
#2112=DIRECTION('',(1.E0,0.E0,0.E0));
#2113=AXIS2_PLACEMENT_3D('',#2110,#2111,#2112);
#2114=PLANE('',#2113);
#2116=ORIENTED_EDGE('',*,*,#2115,.F.);
#2117=ORIENTED_EDGE('',*,*,#1600,.F.);
#2119=ORIENTED_EDGE('',*,*,#2118,.T.);
#2120=ORIENTED_EDGE('',*,*,#1916,.T.);
#2121=EDGE_LOOP('',(#2116,#2117,#2119,#2120));
#2122=FACE_OUTER_BOUND('',#2121,.F.);
#2123=ADVANCED_FACE('',(#2122),#2114,.T.);
#2124=CARTESIAN_POINT('',(-9.905E0,-1.585E0,-3.43E0));
#2125=DIRECTION('',(0.E0,-1.E0,0.E0));
#2126=DIRECTION('',(1.E0,0.E0,0.E0));
#2127=AXIS2_PLACEMENT_3D('',#2124,#2125,#2126);
#2128=PLANE('',#2127);
#2130=ORIENTED_EDGE('',*,*,#2129,.F.);
#2131=ORIENTED_EDGE('',*,*,#1608,.F.);
#2133=ORIENTED_EDGE('',*,*,#2132,.T.);
#2134=ORIENTED_EDGE('',*,*,#1908,.T.);
#2135=EDGE_LOOP('',(#2130,#2131,#2133,#2134));
#2136=FACE_OUTER_BOUND('',#2135,.F.);
#2138=ORIENTED_EDGE('',*,*,#2137,.F.);
#2140=ORIENTED_EDGE('',*,*,#2139,.F.);
#2142=ORIENTED_EDGE('',*,*,#2141,.F.);
#2144=ORIENTED_EDGE('',*,*,#2143,.F.);
#2145=EDGE_LOOP('',(#2138,#2140,#2142,#2144));
#2146=FACE_BOUND('',#2145,.F.);
#2147=ADVANCED_FACE('',(#2136,#2146),#2128,.T.);
#2148=CARTESIAN_POINT('',(-9.905E0,-1.585E0,-3.43E0));
#2149=DIRECTION('',(0.E0,-1.E0,0.E0));
#2150=DIRECTION('',(1.E0,0.E0,0.E0));
#2151=AXIS2_PLACEMENT_3D('',#2148,#2149,#2150);
#2152=PLANE('',#2151);
#2154=ORIENTED_EDGE('',*,*,#2153,.F.);
#2155=ORIENTED_EDGE('',*,*,#1616,.F.);
#2157=ORIENTED_EDGE('',*,*,#2156,.T.);
#2158=ORIENTED_EDGE('',*,*,#1900,.T.);
#2159=EDGE_LOOP('',(#2154,#2155,#2157,#2158));
#2160=FACE_OUTER_BOUND('',#2159,.F.);
#2162=ORIENTED_EDGE('',*,*,#2161,.F.);
#2164=ORIENTED_EDGE('',*,*,#2163,.F.);
#2166=ORIENTED_EDGE('',*,*,#2165,.F.);
#2168=ORIENTED_EDGE('',*,*,#2167,.F.);
#2169=EDGE_LOOP('',(#2162,#2164,#2166,#2168));
#2170=FACE_BOUND('',#2169,.F.);
#2171=ADVANCED_FACE('',(#2160,#2170),#2152,.T.);
#2172=CARTESIAN_POINT('',(-9.905E0,-1.585E0,-3.43E0));
#2173=DIRECTION('',(0.E0,-1.E0,0.E0));
#2174=DIRECTION('',(1.E0,0.E0,0.E0));
#2175=AXIS2_PLACEMENT_3D('',#2172,#2173,#2174);
#2176=PLANE('',#2175);
#2178=ORIENTED_EDGE('',*,*,#2177,.F.);
#2179=ORIENTED_EDGE('',*,*,#1624,.F.);
#2181=ORIENTED_EDGE('',*,*,#2180,.T.);
#2182=ORIENTED_EDGE('',*,*,#1892,.T.);
#2183=EDGE_LOOP('',(#2178,#2179,#2181,#2182));
#2184=FACE_OUTER_BOUND('',#2183,.F.);
#2186=ORIENTED_EDGE('',*,*,#2185,.F.);
#2188=ORIENTED_EDGE('',*,*,#2187,.F.);
#2190=ORIENTED_EDGE('',*,*,#2189,.F.);
#2192=ORIENTED_EDGE('',*,*,#2191,.F.);
#2193=EDGE_LOOP('',(#2186,#2188,#2190,#2192));
#2194=FACE_BOUND('',#2193,.F.);
#2195=ADVANCED_FACE('',(#2184,#2194),#2176,.T.);
#2196=CARTESIAN_POINT('',(-9.905E0,-1.585E0,-3.43E0));
#2197=DIRECTION('',(0.E0,-1.E0,0.E0));
#2198=DIRECTION('',(1.E0,0.E0,0.E0));
#2199=AXIS2_PLACEMENT_3D('',#2196,#2197,#2198);
#2200=PLANE('',#2199);
#2202=ORIENTED_EDGE('',*,*,#2201,.T.);
#2203=ORIENTED_EDGE('',*,*,#1876,.T.);
#2204=ORIENTED_EDGE('',*,*,#1659,.F.);
#2205=ORIENTED_EDGE('',*,*,#1640,.F.);
#2206=EDGE_LOOP('',(#2202,#2203,#2204,#2205));
#2207=FACE_OUTER_BOUND('',#2206,.F.);
#2208=ADVANCED_FACE('',(#2207),#2200,.T.);
#2209=CARTESIAN_POINT('',(-9.905E0,-1.585E0,-3.43E0));
#2210=DIRECTION('',(0.E0,-1.E0,0.E0));
#2211=DIRECTION('',(1.E0,0.E0,0.E0));
#2212=AXIS2_PLACEMENT_3D('',#2209,#2210,#2211);
#2213=PLANE('',#2212);
#2214=ORIENTED_EDGE('',*,*,#2103,.F.);
#2215=ORIENTED_EDGE('',*,*,#1632,.F.);
#2217=ORIENTED_EDGE('',*,*,#2216,.T.);
#2218=ORIENTED_EDGE('',*,*,#1884,.T.);
#2219=EDGE_LOOP('',(#2214,#2215,#2217,#2218));
#2220=FACE_OUTER_BOUND('',#2219,.F.);
#2222=ORIENTED_EDGE('',*,*,#2221,.F.);
#2224=ORIENTED_EDGE('',*,*,#2223,.F.);
#2226=ORIENTED_EDGE('',*,*,#2225,.F.);
#2228=ORIENTED_EDGE('',*,*,#2227,.F.);
#2229=EDGE_LOOP('',(#2222,#2224,#2226,#2228));
#2230=FACE_BOUND('',#2229,.F.);
#2231=ADVANCED_FACE('',(#2220,#2230),#2213,.T.);
#2232=CARTESIAN_POINT('',(-9.015E0,-1.205E0,3.47E0));
#2233=DIRECTION('',(-1.E0,0.E0,0.E0));
#2234=DIRECTION('',(0.E0,-1.E0,0.E0));
#2235=AXIS2_PLACEMENT_3D('',#2232,#2233,#2234);
#2236=PLANE('',#2235);
#2237=ORIENTED_EDGE('',*,*,#1602,.F.);
#2238=ORIENTED_EDGE('',*,*,#2115,.T.);
#2239=ORIENTED_EDGE('',*,*,#1914,.T.);
#2241=ORIENTED_EDGE('',*,*,#2240,.T.);
#2242=EDGE_LOOP('',(#2237,#2238,#2239,#2241));
#2243=FACE_OUTER_BOUND('',#2242,.F.);
#2244=ADVANCED_FACE('',(#2243),#2236,.F.);
#2245=CARTESIAN_POINT('',(-6.835E0,-1.205E0,3.47E0));
#2246=DIRECTION('',(0.E0,1.E0,0.E0));
#2247=DIRECTION('',(-1.E0,0.E0,0.E0));
#2248=AXIS2_PLACEMENT_3D('',#2245,#2246,#2247);
#2249=PLANE('',#2248);
#2250=ORIENTED_EDGE('',*,*,#1604,.T.);
#2251=ORIENTED_EDGE('',*,*,#2240,.F.);
#2252=ORIENTED_EDGE('',*,*,#1912,.F.);
#2254=ORIENTED_EDGE('',*,*,#2253,.T.);
#2255=EDGE_LOOP('',(#2250,#2251,#2252,#2254));
#2256=FACE_OUTER_BOUND('',#2255,.F.);
#2258=ORIENTED_EDGE('',*,*,#2257,.F.);
#2260=ORIENTED_EDGE('',*,*,#2259,.F.);
#2261=EDGE_LOOP('',(#2258,#2260));
#2262=FACE_BOUND('',#2261,.F.);
#2263=ADVANCED_FACE('',(#2256,#2262),#2249,.F.);
#2264=CARTESIAN_POINT('',(-6.835E0,-1.585E0,3.47E0));
#2265=DIRECTION('',(1.E0,0.E0,0.E0));
#2266=DIRECTION('',(0.E0,1.E0,0.E0));
#2267=AXIS2_PLACEMENT_3D('',#2264,#2265,#2266);
#2268=PLANE('',#2267);
#2269=ORIENTED_EDGE('',*,*,#1606,.T.);
#2270=ORIENTED_EDGE('',*,*,#2253,.F.);
#2271=ORIENTED_EDGE('',*,*,#1910,.F.);
#2272=ORIENTED_EDGE('',*,*,#2132,.F.);
#2273=EDGE_LOOP('',(#2269,#2270,#2271,#2272));
#2274=FACE_OUTER_BOUND('',#2273,.F.);
#2275=ADVANCED_FACE('',(#2274),#2268,.F.);
#2276=CARTESIAN_POINT('',(-7.925E0,-6.9875E0,0.E0));
#2277=DIRECTION('',(0.E0,1.E0,0.E0));
#2278=DIRECTION('',(1.E0,0.E0,0.E0));
#2279=AXIS2_PLACEMENT_3D('',#2276,#2277,#2278);
#2280=CYLINDRICAL_SURFACE('',#2279,5.7E-1);
#2282=ORIENTED_EDGE('',*,*,#2281,.F.);
#2284=ORIENTED_EDGE('',*,*,#2283,.T.);
#2286=ORIENTED_EDGE('',*,*,#2285,.T.);
#2288=ORIENTED_EDGE('',*,*,#2287,.F.);
#2289=EDGE_LOOP('',(#2282,#2284,#2286,#2288));
#2290=FACE_OUTER_BOUND('',#2289,.F.);
#2291=ADVANCED_FACE('',(#2290),#2280,.T.);
#2292=CARTESIAN_POINT('',(-7.925E0,-6.9875E0,0.E0));
#2293=DIRECTION('',(0.E0,1.E0,0.E0));
#2294=DIRECTION('',(1.E0,0.E0,0.E0));
#2295=AXIS2_PLACEMENT_3D('',#2292,#2293,#2294);
#2296=CYLINDRICAL_SURFACE('',#2295,5.7E-1);
#2297=ORIENTED_EDGE('',*,*,#2257,.T.);
#2299=ORIENTED_EDGE('',*,*,#2298,.F.);
#2301=ORIENTED_EDGE('',*,*,#2300,.F.);
#2303=ORIENTED_EDGE('',*,*,#2302,.T.);
#2304=EDGE_LOOP('',(#2297,#2299,#2301,#2303));
#2305=FACE_OUTER_BOUND('',#2304,.F.);
#2306=ADVANCED_FACE('',(#2305),#2296,.T.);
#2307=CARTESIAN_POINT('',(-9.015E0,1.205E0,3.47E0));
#2308=DIRECTION('',(0.E0,-1.E0,0.E0));
#2309=DIRECTION('',(1.E0,0.E0,0.E0));
#2310=AXIS2_PLACEMENT_3D('',#2307,#2308,#2309);
#2311=PLANE('',#2310);
#2312=ORIENTED_EDGE('',*,*,#1837,.T.);
#2314=ORIENTED_EDGE('',*,*,#2313,.F.);
#2315=ORIENTED_EDGE('',*,*,#1923,.F.);
#2317=ORIENTED_EDGE('',*,*,#2316,.T.);
#2318=EDGE_LOOP('',(#2312,#2314,#2315,#2317));
#2319=FACE_OUTER_BOUND('',#2318,.F.);
#2320=ORIENTED_EDGE('',*,*,#2281,.T.);
#2322=ORIENTED_EDGE('',*,*,#2321,.T.);
#2323=EDGE_LOOP('',(#2320,#2322));
#2324=FACE_BOUND('',#2323,.F.);
#2325=ADVANCED_FACE('',(#2319,#2324),#2311,.F.);
#2326=CARTESIAN_POINT('',(-7.925E0,-6.9875E0,0.E0));
#2327=DIRECTION('',(0.E0,1.E0,0.E0));
#2328=DIRECTION('',(1.E0,0.E0,0.E0));
#2329=AXIS2_PLACEMENT_3D('',#2326,#2327,#2328);
#2330=CYLINDRICAL_SURFACE('',#2329,5.7E-1);
#2331=ORIENTED_EDGE('',*,*,#2321,.F.);
#2332=ORIENTED_EDGE('',*,*,#2287,.T.);
#2334=ORIENTED_EDGE('',*,*,#2333,.F.);
#2335=ORIENTED_EDGE('',*,*,#2283,.F.);
#2336=EDGE_LOOP('',(#2331,#2332,#2334,#2335));
#2337=FACE_OUTER_BOUND('',#2336,.F.);
#2338=ADVANCED_FACE('',(#2337),#2330,.T.);
#2339=CARTESIAN_POINT('',(-7.925E0,-6.9875E0,0.E0));
#2340=DIRECTION('',(0.E0,1.E0,0.E0));
#2341=DIRECTION('',(1.E0,0.E0,0.E0));
#2342=AXIS2_PLACEMENT_3D('',#2339,#2340,#2341);
#2343=CYLINDRICAL_SURFACE('',#2342,5.7E-1);
#2344=ORIENTED_EDGE('',*,*,#2259,.T.);
#2345=ORIENTED_EDGE('',*,*,#2302,.F.);
#2347=ORIENTED_EDGE('',*,*,#2346,.T.);
#2348=ORIENTED_EDGE('',*,*,#2298,.T.);
#2349=EDGE_LOOP('',(#2344,#2345,#2347,#2348));
#2350=FACE_OUTER_BOUND('',#2349,.F.);
#2351=ADVANCED_FACE('',(#2350),#2343,.T.);
#2352=CARTESIAN_POINT('',(-7.925E0,1.257E1,0.E0));
#2353=DIRECTION('',(0.E0,-1.E0,0.E0));
#2354=DIRECTION('',(-1.E0,0.E0,0.E0));
#2355=AXIS2_PLACEMENT_3D('',#2352,#2353,#2354);
#2356=CONICAL_SURFACE('',#2355,4.E-1,2.090798047101E1);
#2358=ORIENTED_EDGE('',*,*,#2357,.F.);
#2359=ORIENTED_EDGE('',*,*,#2333,.T.);
#2361=ORIENTED_EDGE('',*,*,#2360,.T.);
#2363=ORIENTED_EDGE('',*,*,#2362,.F.);
#2364=EDGE_LOOP('',(#2358,#2359,#2361,#2363));
#2365=FACE_OUTER_BOUND('',#2364,.F.);
#2366=ADVANCED_FACE('',(#2365),#2356,.T.);
#2367=CARTESIAN_POINT('',(-7.925E0,1.257E1,0.E0));
#2368=DIRECTION('',(0.E0,-1.E0,0.E0));
#2369=DIRECTION('',(-1.E0,0.E0,0.E0));
#2370=AXIS2_PLACEMENT_3D('',#2367,#2368,#2369);
#2371=CONICAL_SURFACE('',#2370,4.E-1,2.090798047101E1);
#2372=ORIENTED_EDGE('',*,*,#2357,.T.);
#2374=ORIENTED_EDGE('',*,*,#2373,.T.);
#2375=ORIENTED_EDGE('',*,*,#2360,.F.);
#2376=ORIENTED_EDGE('',*,*,#2285,.F.);
#2377=EDGE_LOOP('',(#2372,#2374,#2375,#2376));
#2378=FACE_OUTER_BOUND('',#2377,.F.);
#2379=ADVANCED_FACE('',(#2378),#2371,.T.);
#2380=CARTESIAN_POINT('',(-7.925E0,1.3015E1,0.E0));
#2381=DIRECTION('',(0.E0,1.E0,0.E0));
#2382=DIRECTION('',(1.E0,0.E0,0.E0));
#2383=AXIS2_PLACEMENT_3D('',#2380,#2381,#2382);
#2384=PLANE('',#2383);
#2385=ORIENTED_EDGE('',*,*,#2362,.T.);
#2386=ORIENTED_EDGE('',*,*,#2373,.F.);
#2387=EDGE_LOOP('',(#2385,#2386));
#2388=FACE_OUTER_BOUND('',#2387,.F.);
#2389=ADVANCED_FACE('',(#2388),#2384,.T.);
#2390=CARTESIAN_POINT('',(-7.925E0,-5.59E0,0.E0));
#2391=DIRECTION('',(0.E0,1.E0,0.E0));
#2392=DIRECTION('',(1.E0,0.E0,0.E0));
#2393=AXIS2_PLACEMENT_3D('',#2390,#2391,#2392);
#2394=CONICAL_SURFACE('',#2393,4.E-1,2.090798047101E1);
#2396=ORIENTED_EDGE('',*,*,#2395,.F.);
#2398=ORIENTED_EDGE('',*,*,#2397,.T.);
#2400=ORIENTED_EDGE('',*,*,#2399,.T.);
#2401=ORIENTED_EDGE('',*,*,#2346,.F.);
#2402=EDGE_LOOP('',(#2396,#2398,#2400,#2401));
#2403=FACE_OUTER_BOUND('',#2402,.F.);
#2404=ADVANCED_FACE('',(#2403),#2394,.T.);
#2405=CARTESIAN_POINT('',(-7.925E0,-5.59E0,0.E0));
#2406=DIRECTION('',(0.E0,1.E0,0.E0));
#2407=DIRECTION('',(1.E0,0.E0,0.E0));
#2408=AXIS2_PLACEMENT_3D('',#2405,#2406,#2407);
#2409=CONICAL_SURFACE('',#2408,4.E-1,2.090798047101E1);
#2410=ORIENTED_EDGE('',*,*,#2395,.T.);
#2411=ORIENTED_EDGE('',*,*,#2300,.T.);
#2412=ORIENTED_EDGE('',*,*,#2399,.F.);
#2414=ORIENTED_EDGE('',*,*,#2413,.F.);
#2415=EDGE_LOOP('',(#2410,#2411,#2412,#2414));
#2416=FACE_OUTER_BOUND('',#2415,.F.);
#2417=ADVANCED_FACE('',(#2416),#2409,.T.);
#2418=CARTESIAN_POINT('',(-7.925E0,-6.035E0,0.E0));
#2419=DIRECTION('',(0.E0,1.E0,0.E0));
#2420=DIRECTION('',(1.E0,0.E0,0.E0));
#2421=AXIS2_PLACEMENT_3D('',#2418,#2419,#2420);
#2422=PLANE('',#2421);
#2423=ORIENTED_EDGE('',*,*,#2397,.F.);
#2424=ORIENTED_EDGE('',*,*,#2413,.T.);
#2425=EDGE_LOOP('',(#2423,#2424));
#2426=FACE_OUTER_BOUND('',#2425,.F.);
#2427=ADVANCED_FACE('',(#2426),#2422,.F.);
#2428=CARTESIAN_POINT('',(-6.835E0,1.205E0,3.47E0));
#2429=DIRECTION('',(1.E0,0.E0,0.E0));
#2430=DIRECTION('',(0.E0,1.E0,0.E0));
#2431=AXIS2_PLACEMENT_3D('',#2428,#2429,#2430);
#2432=PLANE('',#2431);
#2433=ORIENTED_EDGE('',*,*,#1728,.T.);
#2434=ORIENTED_EDGE('',*,*,#1925,.T.);
#2435=ORIENTED_EDGE('',*,*,#2313,.T.);
#2436=ORIENTED_EDGE('',*,*,#1835,.T.);
#2437=EDGE_LOOP('',(#2433,#2434,#2435,#2436));
#2438=FACE_OUTER_BOUND('',#2437,.F.);
#2439=ADVANCED_FACE('',(#2438),#2432,.F.);
#2440=CARTESIAN_POINT('',(-9.015E0,1.585E0,3.47E0));
#2441=DIRECTION('',(-1.E0,0.E0,0.E0));
#2442=DIRECTION('',(0.E0,-1.E0,0.E0));
#2443=AXIS2_PLACEMENT_3D('',#2440,#2441,#2442);
#2444=PLANE('',#2443);
#2445=ORIENTED_EDGE('',*,*,#1690,.F.);
#2446=ORIENTED_EDGE('',*,*,#1839,.T.);
#2447=ORIENTED_EDGE('',*,*,#2316,.F.);
#2448=ORIENTED_EDGE('',*,*,#1921,.F.);
#2449=EDGE_LOOP('',(#2445,#2446,#2447,#2448));
#2450=FACE_OUTER_BOUND('',#2449,.F.);
#2451=ADVANCED_FACE('',(#2450),#2444,.F.);
#2452=CARTESIAN_POINT('',(-9.905E0,1.585E0,-3.43E0));
#2453=DIRECTION('',(-1.E0,0.E0,0.E0));
#2454=DIRECTION('',(0.E0,-1.E0,0.E0));
#2455=AXIS2_PLACEMENT_3D('',#2452,#2453,#2454);
#2456=PLANE('',#2455);
#2457=ORIENTED_EDGE('',*,*,#1598,.T.);
#2459=ORIENTED_EDGE('',*,*,#2458,.F.);
#2461=ORIENTED_EDGE('',*,*,#2460,.F.);
#2462=ORIENTED_EDGE('',*,*,#1842,.T.);
#2463=ORIENTED_EDGE('',*,*,#1686,.T.);
#2464=ORIENTED_EDGE('',*,*,#1918,.T.);
#2465=ORIENTED_EDGE('',*,*,#2118,.F.);
#2466=EDGE_LOOP('',(#2457,#2459,#2461,#2462,#2463,#2464,#2465));
#2467=FACE_OUTER_BOUND('',#2466,.F.);
#2468=ADVANCED_FACE('',(#2467),#2456,.T.);
#2469=CARTESIAN_POINT('',(9.905E0,7.535E0,-3.43E0));
#2470=DIRECTION('',(0.E0,1.E0,0.E0));
#2471=DIRECTION('',(0.E0,0.E0,1.E0));
#2472=AXIS2_PLACEMENT_3D('',#2469,#2470,#2471);
#2473=PLANE('',#2472);
#2474=ORIENTED_EDGE('',*,*,#1656,.T.);
#2476=ORIENTED_EDGE('',*,*,#2475,.F.);
#2477=ORIENTED_EDGE('',*,*,#2458,.T.);
#2478=ORIENTED_EDGE('',*,*,#1596,.T.);
#2479=EDGE_LOOP('',(#2474,#2476,#2477,#2478));
#2480=FACE_OUTER_BOUND('',#2479,.F.);
#2481=ADVANCED_FACE('',(#2480),#2473,.T.);
#2482=CARTESIAN_POINT('',(9.905E0,7.535E0,-2.83E0));
#2483=DIRECTION('',(0.E0,5.E-1,8.660254037844E-1));
#2484=DIRECTION('',(0.E0,-8.660254037844E-1,5.E-1));
#2485=AXIS2_PLACEMENT_3D('',#2482,#2483,#2484);
#2486=PLANE('',#2485);
#2487=ORIENTED_EDGE('',*,*,#1654,.T.);
#2488=ORIENTED_EDGE('',*,*,#1844,.F.);
#2489=ORIENTED_EDGE('',*,*,#2460,.T.);
#2490=ORIENTED_EDGE('',*,*,#2475,.T.);
#2491=EDGE_LOOP('',(#2487,#2488,#2489,#2490));
#2492=FACE_OUTER_BOUND('',#2491,.F.);
#2493=ADVANCED_FACE('',(#2492),#2486,.T.);
#2494=CARTESIAN_POINT('',(-5.055E0,-1.205E0,3.47E0));
#2495=DIRECTION('',(-1.E0,0.E0,0.E0));
#2496=DIRECTION('',(0.E0,-1.E0,0.E0));
#2497=AXIS2_PLACEMENT_3D('',#2494,#2495,#2496);
#2498=PLANE('',#2497);
#2499=ORIENTED_EDGE('',*,*,#1610,.F.);
#2500=ORIENTED_EDGE('',*,*,#2129,.T.);
#2501=ORIENTED_EDGE('',*,*,#1906,.T.);
#2503=ORIENTED_EDGE('',*,*,#2502,.T.);
#2504=EDGE_LOOP('',(#2499,#2500,#2501,#2503));
#2505=FACE_OUTER_BOUND('',#2504,.F.);
#2506=ADVANCED_FACE('',(#2505),#2498,.F.);
#2507=CARTESIAN_POINT('',(-2.875E0,-1.205E0,3.47E0));
#2508=DIRECTION('',(0.E0,1.E0,0.E0));
#2509=DIRECTION('',(-1.E0,0.E0,0.E0));
#2510=AXIS2_PLACEMENT_3D('',#2507,#2508,#2509);
#2511=PLANE('',#2510);
#2512=ORIENTED_EDGE('',*,*,#1612,.T.);
#2513=ORIENTED_EDGE('',*,*,#2502,.F.);
#2514=ORIENTED_EDGE('',*,*,#1904,.F.);
#2516=ORIENTED_EDGE('',*,*,#2515,.T.);
#2517=EDGE_LOOP('',(#2512,#2513,#2514,#2516));
#2518=FACE_OUTER_BOUND('',#2517,.F.);
#2520=ORIENTED_EDGE('',*,*,#2519,.F.);
#2522=ORIENTED_EDGE('',*,*,#2521,.F.);
#2523=EDGE_LOOP('',(#2520,#2522));
#2524=FACE_BOUND('',#2523,.F.);
#2525=ADVANCED_FACE('',(#2518,#2524),#2511,.F.);
#2526=CARTESIAN_POINT('',(-2.875E0,-1.585E0,3.47E0));
#2527=DIRECTION('',(1.E0,0.E0,0.E0));
#2528=DIRECTION('',(0.E0,1.E0,0.E0));
#2529=AXIS2_PLACEMENT_3D('',#2526,#2527,#2528);
#2530=PLANE('',#2529);
#2531=ORIENTED_EDGE('',*,*,#1614,.T.);
#2532=ORIENTED_EDGE('',*,*,#2515,.F.);
#2533=ORIENTED_EDGE('',*,*,#1902,.F.);
#2534=ORIENTED_EDGE('',*,*,#2156,.F.);
#2535=EDGE_LOOP('',(#2531,#2532,#2533,#2534));
#2536=FACE_OUTER_BOUND('',#2535,.F.);
#2537=ADVANCED_FACE('',(#2536),#2530,.F.);
#2538=CARTESIAN_POINT('',(-3.965E0,-6.9875E0,0.E0));
#2539=DIRECTION('',(0.E0,1.E0,0.E0));
#2540=DIRECTION('',(1.E0,0.E0,0.E0));
#2541=AXIS2_PLACEMENT_3D('',#2538,#2539,#2540);
#2542=CYLINDRICAL_SURFACE('',#2541,5.7E-1);
#2544=ORIENTED_EDGE('',*,*,#2543,.F.);
#2546=ORIENTED_EDGE('',*,*,#2545,.T.);
#2548=ORIENTED_EDGE('',*,*,#2547,.T.);
#2550=ORIENTED_EDGE('',*,*,#2549,.F.);
#2551=EDGE_LOOP('',(#2544,#2546,#2548,#2550));
#2552=FACE_OUTER_BOUND('',#2551,.F.);
#2553=ADVANCED_FACE('',(#2552),#2542,.T.);
#2554=CARTESIAN_POINT('',(-3.965E0,-6.9875E0,0.E0));
#2555=DIRECTION('',(0.E0,1.E0,0.E0));
#2556=DIRECTION('',(1.E0,0.E0,0.E0));
#2557=AXIS2_PLACEMENT_3D('',#2554,#2555,#2556);
#2558=CYLINDRICAL_SURFACE('',#2557,5.7E-1);
#2559=ORIENTED_EDGE('',*,*,#2519,.T.);
#2561=ORIENTED_EDGE('',*,*,#2560,.F.);
#2563=ORIENTED_EDGE('',*,*,#2562,.F.);
#2565=ORIENTED_EDGE('',*,*,#2564,.T.);
#2566=EDGE_LOOP('',(#2559,#2561,#2563,#2565));
#2567=FACE_OUTER_BOUND('',#2566,.F.);
#2568=ADVANCED_FACE('',(#2567),#2558,.T.);
#2569=CARTESIAN_POINT('',(-5.055E0,1.205E0,3.47E0));
#2570=DIRECTION('',(0.E0,-1.E0,0.E0));
#2571=DIRECTION('',(1.E0,0.E0,0.E0));
#2572=AXIS2_PLACEMENT_3D('',#2569,#2570,#2571);
#2573=PLANE('',#2572);
#2574=ORIENTED_EDGE('',*,*,#1830,.T.);
#2576=ORIENTED_EDGE('',*,*,#2575,.F.);
#2577=ORIENTED_EDGE('',*,*,#1930,.F.);
#2579=ORIENTED_EDGE('',*,*,#2578,.T.);
#2580=EDGE_LOOP('',(#2574,#2576,#2577,#2579));
#2581=FACE_OUTER_BOUND('',#2580,.F.);
#2582=ORIENTED_EDGE('',*,*,#2543,.T.);
#2584=ORIENTED_EDGE('',*,*,#2583,.T.);
#2585=EDGE_LOOP('',(#2582,#2584));
#2586=FACE_BOUND('',#2585,.F.);
#2587=ADVANCED_FACE('',(#2581,#2586),#2573,.F.);
#2588=CARTESIAN_POINT('',(-3.965E0,-6.9875E0,0.E0));
#2589=DIRECTION('',(0.E0,1.E0,0.E0));
#2590=DIRECTION('',(1.E0,0.E0,0.E0));
#2591=AXIS2_PLACEMENT_3D('',#2588,#2589,#2590);
#2592=CYLINDRICAL_SURFACE('',#2591,5.7E-1);
#2593=ORIENTED_EDGE('',*,*,#2583,.F.);
#2594=ORIENTED_EDGE('',*,*,#2549,.T.);
#2596=ORIENTED_EDGE('',*,*,#2595,.F.);
#2597=ORIENTED_EDGE('',*,*,#2545,.F.);
#2598=EDGE_LOOP('',(#2593,#2594,#2596,#2597));
#2599=FACE_OUTER_BOUND('',#2598,.F.);
#2600=ADVANCED_FACE('',(#2599),#2592,.T.);
#2601=CARTESIAN_POINT('',(-3.965E0,-6.9875E0,0.E0));
#2602=DIRECTION('',(0.E0,1.E0,0.E0));
#2603=DIRECTION('',(1.E0,0.E0,0.E0));
#2604=AXIS2_PLACEMENT_3D('',#2601,#2602,#2603);
#2605=CYLINDRICAL_SURFACE('',#2604,5.7E-1);
#2606=ORIENTED_EDGE('',*,*,#2521,.T.);
#2607=ORIENTED_EDGE('',*,*,#2564,.F.);
#2609=ORIENTED_EDGE('',*,*,#2608,.T.);
#2610=ORIENTED_EDGE('',*,*,#2560,.T.);
#2611=EDGE_LOOP('',(#2606,#2607,#2609,#2610));
#2612=FACE_OUTER_BOUND('',#2611,.F.);
#2613=ADVANCED_FACE('',(#2612),#2605,.T.);
#2614=CARTESIAN_POINT('',(-3.965E0,1.257E1,0.E0));
#2615=DIRECTION('',(0.E0,-1.E0,0.E0));
#2616=DIRECTION('',(-1.E0,0.E0,0.E0));
#2617=AXIS2_PLACEMENT_3D('',#2614,#2615,#2616);
#2618=CONICAL_SURFACE('',#2617,4.E-1,2.090798047101E1);
#2620=ORIENTED_EDGE('',*,*,#2619,.F.);
#2621=ORIENTED_EDGE('',*,*,#2595,.T.);
#2623=ORIENTED_EDGE('',*,*,#2622,.T.);
#2625=ORIENTED_EDGE('',*,*,#2624,.F.);
#2626=EDGE_LOOP('',(#2620,#2621,#2623,#2625));
#2627=FACE_OUTER_BOUND('',#2626,.F.);
#2628=ADVANCED_FACE('',(#2627),#2618,.T.);
#2629=CARTESIAN_POINT('',(-3.965E0,1.257E1,0.E0));
#2630=DIRECTION('',(0.E0,-1.E0,0.E0));
#2631=DIRECTION('',(-1.E0,0.E0,0.E0));
#2632=AXIS2_PLACEMENT_3D('',#2629,#2630,#2631);
#2633=CONICAL_SURFACE('',#2632,4.E-1,2.090798047101E1);
#2634=ORIENTED_EDGE('',*,*,#2619,.T.);
#2636=ORIENTED_EDGE('',*,*,#2635,.T.);
#2637=ORIENTED_EDGE('',*,*,#2622,.F.);
#2638=ORIENTED_EDGE('',*,*,#2547,.F.);
#2639=EDGE_LOOP('',(#2634,#2636,#2637,#2638));
#2640=FACE_OUTER_BOUND('',#2639,.F.);
#2641=ADVANCED_FACE('',(#2640),#2633,.T.);
#2642=CARTESIAN_POINT('',(-3.965E0,1.3015E1,0.E0));
#2643=DIRECTION('',(0.E0,1.E0,0.E0));
#2644=DIRECTION('',(1.E0,0.E0,0.E0));
#2645=AXIS2_PLACEMENT_3D('',#2642,#2643,#2644);
#2646=PLANE('',#2645);
#2647=ORIENTED_EDGE('',*,*,#2624,.T.);
#2648=ORIENTED_EDGE('',*,*,#2635,.F.);
#2649=EDGE_LOOP('',(#2647,#2648));
#2650=FACE_OUTER_BOUND('',#2649,.F.);
#2651=ADVANCED_FACE('',(#2650),#2646,.T.);
#2652=CARTESIAN_POINT('',(-3.965E0,-5.59E0,0.E0));
#2653=DIRECTION('',(0.E0,1.E0,0.E0));
#2654=DIRECTION('',(1.E0,0.E0,0.E0));
#2655=AXIS2_PLACEMENT_3D('',#2652,#2653,#2654);
#2656=CONICAL_SURFACE('',#2655,4.E-1,2.090798047101E1);
#2658=ORIENTED_EDGE('',*,*,#2657,.F.);
#2660=ORIENTED_EDGE('',*,*,#2659,.T.);
#2662=ORIENTED_EDGE('',*,*,#2661,.T.);
#2663=ORIENTED_EDGE('',*,*,#2608,.F.);
#2664=EDGE_LOOP('',(#2658,#2660,#2662,#2663));
#2665=FACE_OUTER_BOUND('',#2664,.F.);
#2666=ADVANCED_FACE('',(#2665),#2656,.T.);
#2667=CARTESIAN_POINT('',(-3.965E0,-5.59E0,0.E0));
#2668=DIRECTION('',(0.E0,1.E0,0.E0));
#2669=DIRECTION('',(1.E0,0.E0,0.E0));
#2670=AXIS2_PLACEMENT_3D('',#2667,#2668,#2669);
#2671=CONICAL_SURFACE('',#2670,4.E-1,2.090798047101E1);
#2672=ORIENTED_EDGE('',*,*,#2657,.T.);
#2673=ORIENTED_EDGE('',*,*,#2562,.T.);
#2674=ORIENTED_EDGE('',*,*,#2661,.F.);
#2676=ORIENTED_EDGE('',*,*,#2675,.F.);
#2677=EDGE_LOOP('',(#2672,#2673,#2674,#2676));
#2678=FACE_OUTER_BOUND('',#2677,.F.);
#2679=ADVANCED_FACE('',(#2678),#2671,.T.);
#2680=CARTESIAN_POINT('',(-3.965E0,-6.035E0,0.E0));
#2681=DIRECTION('',(0.E0,1.E0,0.E0));
#2682=DIRECTION('',(1.E0,0.E0,0.E0));
#2683=AXIS2_PLACEMENT_3D('',#2680,#2681,#2682);
#2684=PLANE('',#2683);
#2685=ORIENTED_EDGE('',*,*,#2659,.F.);
#2686=ORIENTED_EDGE('',*,*,#2675,.T.);
#2687=EDGE_LOOP('',(#2685,#2686));
#2688=FACE_OUTER_BOUND('',#2687,.F.);
#2689=ADVANCED_FACE('',(#2688),#2684,.F.);
#2690=CARTESIAN_POINT('',(-2.875E0,1.205E0,3.47E0));
#2691=DIRECTION('',(1.E0,0.E0,0.E0));
#2692=DIRECTION('',(0.E0,1.E0,0.E0));
#2693=AXIS2_PLACEMENT_3D('',#2690,#2691,#2692);
#2694=PLANE('',#2693);
#2695=ORIENTED_EDGE('',*,*,#1828,.T.);
#2696=ORIENTED_EDGE('',*,*,#1786,.T.);
#2697=ORIENTED_EDGE('',*,*,#1932,.T.);
#2698=ORIENTED_EDGE('',*,*,#2575,.T.);
#2699=EDGE_LOOP('',(#2695,#2696,#2697,#2698));
#2700=FACE_OUTER_BOUND('',#2699,.F.);
#2701=ADVANCED_FACE('',(#2700),#2694,.F.);
#2702=CARTESIAN_POINT('',(-5.055E0,1.585E0,3.47E0));
#2703=DIRECTION('',(-1.E0,0.E0,0.E0));
#2704=DIRECTION('',(0.E0,-1.E0,0.E0));
#2705=AXIS2_PLACEMENT_3D('',#2702,#2703,#2704);
#2706=PLANE('',#2705);
#2707=ORIENTED_EDGE('',*,*,#1832,.T.);
#2708=ORIENTED_EDGE('',*,*,#2578,.F.);
#2709=ORIENTED_EDGE('',*,*,#1928,.F.);
#2710=ORIENTED_EDGE('',*,*,#1732,.F.);
#2711=EDGE_LOOP('',(#2707,#2708,#2709,#2710));
#2712=FACE_OUTER_BOUND('',#2711,.F.);
#2713=ADVANCED_FACE('',(#2712),#2706,.F.);
#2714=CARTESIAN_POINT('',(-1.095E0,-1.205E0,3.47E0));
#2715=DIRECTION('',(-1.E0,0.E0,0.E0));
#2716=DIRECTION('',(0.E0,-1.E0,0.E0));
#2717=AXIS2_PLACEMENT_3D('',#2714,#2715,#2716);
#2718=PLANE('',#2717);
#2719=ORIENTED_EDGE('',*,*,#1618,.F.);
#2720=ORIENTED_EDGE('',*,*,#2153,.T.);
#2721=ORIENTED_EDGE('',*,*,#1898,.T.);
#2723=ORIENTED_EDGE('',*,*,#2722,.T.);
#2724=EDGE_LOOP('',(#2719,#2720,#2721,#2723));
#2725=FACE_OUTER_BOUND('',#2724,.F.);
#2726=ADVANCED_FACE('',(#2725),#2718,.F.);
#2727=CARTESIAN_POINT('',(1.085E0,-1.205E0,3.47E0));
#2728=DIRECTION('',(0.E0,1.E0,0.E0));
#2729=DIRECTION('',(-1.E0,0.E0,0.E0));
#2730=AXIS2_PLACEMENT_3D('',#2727,#2728,#2729);
#2731=PLANE('',#2730);
#2732=ORIENTED_EDGE('',*,*,#1620,.T.);
#2733=ORIENTED_EDGE('',*,*,#2722,.F.);
#2734=ORIENTED_EDGE('',*,*,#1896,.F.);
#2736=ORIENTED_EDGE('',*,*,#2735,.T.);
#2737=EDGE_LOOP('',(#2732,#2733,#2734,#2736));
#2738=FACE_OUTER_BOUND('',#2737,.F.);
#2740=ORIENTED_EDGE('',*,*,#2739,.F.);
#2742=ORIENTED_EDGE('',*,*,#2741,.F.);
#2743=EDGE_LOOP('',(#2740,#2742));
#2744=FACE_BOUND('',#2743,.F.);
#2745=ADVANCED_FACE('',(#2738,#2744),#2731,.F.);
#2746=CARTESIAN_POINT('',(1.085E0,-1.585E0,3.47E0));
#2747=DIRECTION('',(1.E0,0.E0,0.E0));
#2748=DIRECTION('',(0.E0,1.E0,0.E0));
#2749=AXIS2_PLACEMENT_3D('',#2746,#2747,#2748);
#2750=PLANE('',#2749);
#2751=ORIENTED_EDGE('',*,*,#1622,.T.);
#2752=ORIENTED_EDGE('',*,*,#2735,.F.);
#2753=ORIENTED_EDGE('',*,*,#1894,.F.);
#2754=ORIENTED_EDGE('',*,*,#2180,.F.);
#2755=EDGE_LOOP('',(#2751,#2752,#2753,#2754));
#2756=FACE_OUTER_BOUND('',#2755,.F.);
#2757=ADVANCED_FACE('',(#2756),#2750,.F.);
#2758=CARTESIAN_POINT('',(-4.999999999999E-3,-6.9875E0,0.E0));
#2759=DIRECTION('',(0.E0,1.E0,0.E0));
#2760=DIRECTION('',(1.E0,0.E0,0.E0));
#2761=AXIS2_PLACEMENT_3D('',#2758,#2759,#2760);
#2762=CYLINDRICAL_SURFACE('',#2761,5.7E-1);
#2764=ORIENTED_EDGE('',*,*,#2763,.F.);
#2766=ORIENTED_EDGE('',*,*,#2765,.T.);
#2768=ORIENTED_EDGE('',*,*,#2767,.T.);
#2770=ORIENTED_EDGE('',*,*,#2769,.F.);
#2771=EDGE_LOOP('',(#2764,#2766,#2768,#2770));
#2772=FACE_OUTER_BOUND('',#2771,.F.);
#2773=ADVANCED_FACE('',(#2772),#2762,.T.);
#2774=CARTESIAN_POINT('',(-4.999999999999E-3,-6.9875E0,0.E0));
#2775=DIRECTION('',(0.E0,1.E0,0.E0));
#2776=DIRECTION('',(1.E0,0.E0,0.E0));
#2777=AXIS2_PLACEMENT_3D('',#2774,#2775,#2776);
#2778=CYLINDRICAL_SURFACE('',#2777,5.7E-1);
#2779=ORIENTED_EDGE('',*,*,#2739,.T.);
#2781=ORIENTED_EDGE('',*,*,#2780,.F.);
#2783=ORIENTED_EDGE('',*,*,#2782,.F.);
#2785=ORIENTED_EDGE('',*,*,#2784,.T.);
#2786=EDGE_LOOP('',(#2779,#2781,#2783,#2785));
#2787=FACE_OUTER_BOUND('',#2786,.F.);
#2788=ADVANCED_FACE('',(#2787),#2778,.T.);
#2789=CARTESIAN_POINT('',(-1.095E0,1.205E0,3.47E0));
#2790=DIRECTION('',(0.E0,-1.E0,0.E0));
#2791=DIRECTION('',(1.E0,0.E0,0.E0));
#2792=AXIS2_PLACEMENT_3D('',#2789,#2790,#2791);
#2793=PLANE('',#2792);
#2794=ORIENTED_EDGE('',*,*,#1823,.T.);
#2796=ORIENTED_EDGE('',*,*,#2795,.F.);
#2797=ORIENTED_EDGE('',*,*,#1937,.F.);
#2799=ORIENTED_EDGE('',*,*,#2798,.T.);
#2800=EDGE_LOOP('',(#2794,#2796,#2797,#2799));
#2801=FACE_OUTER_BOUND('',#2800,.F.);
#2802=ORIENTED_EDGE('',*,*,#2763,.T.);
#2804=ORIENTED_EDGE('',*,*,#2803,.T.);
#2805=EDGE_LOOP('',(#2802,#2804));
#2806=FACE_BOUND('',#2805,.F.);
#2807=ADVANCED_FACE('',(#2801,#2806),#2793,.F.);
#2808=CARTESIAN_POINT('',(-4.999999999999E-3,-6.9875E0,0.E0));
#2809=DIRECTION('',(0.E0,1.E0,0.E0));
#2810=DIRECTION('',(1.E0,0.E0,0.E0));
#2811=AXIS2_PLACEMENT_3D('',#2808,#2809,#2810);
#2812=CYLINDRICAL_SURFACE('',#2811,5.7E-1);
#2813=ORIENTED_EDGE('',*,*,#2803,.F.);
#2814=ORIENTED_EDGE('',*,*,#2769,.T.);
#2816=ORIENTED_EDGE('',*,*,#2815,.F.);
#2817=ORIENTED_EDGE('',*,*,#2765,.F.);
#2818=EDGE_LOOP('',(#2813,#2814,#2816,#2817));
#2819=FACE_OUTER_BOUND('',#2818,.F.);
#2820=ADVANCED_FACE('',(#2819),#2812,.T.);
#2821=CARTESIAN_POINT('',(-4.999999999999E-3,-6.9875E0,0.E0));
#2822=DIRECTION('',(0.E0,1.E0,0.E0));
#2823=DIRECTION('',(1.E0,0.E0,0.E0));
#2824=AXIS2_PLACEMENT_3D('',#2821,#2822,#2823);
#2825=CYLINDRICAL_SURFACE('',#2824,5.7E-1);
#2826=ORIENTED_EDGE('',*,*,#2741,.T.);
#2827=ORIENTED_EDGE('',*,*,#2784,.F.);
#2829=ORIENTED_EDGE('',*,*,#2828,.T.);
#2830=ORIENTED_EDGE('',*,*,#2780,.T.);
#2831=EDGE_LOOP('',(#2826,#2827,#2829,#2830));
#2832=FACE_OUTER_BOUND('',#2831,.F.);
#2833=ADVANCED_FACE('',(#2832),#2825,.T.);
#2834=CARTESIAN_POINT('',(-4.999999999999E-3,1.257E1,0.E0));
#2835=DIRECTION('',(0.E0,-1.E0,0.E0));
#2836=DIRECTION('',(-1.E0,0.E0,0.E0));
#2837=AXIS2_PLACEMENT_3D('',#2834,#2835,#2836);
#2838=CONICAL_SURFACE('',#2837,4.E-1,2.090798047101E1);
#2840=ORIENTED_EDGE('',*,*,#2839,.F.);
#2841=ORIENTED_EDGE('',*,*,#2815,.T.);
#2843=ORIENTED_EDGE('',*,*,#2842,.T.);
#2845=ORIENTED_EDGE('',*,*,#2844,.F.);
#2846=EDGE_LOOP('',(#2840,#2841,#2843,#2845));
#2847=FACE_OUTER_BOUND('',#2846,.F.);
#2848=ADVANCED_FACE('',(#2847),#2838,.T.);
#2849=CARTESIAN_POINT('',(-4.999999999999E-3,1.257E1,0.E0));
#2850=DIRECTION('',(0.E0,-1.E0,0.E0));
#2851=DIRECTION('',(-1.E0,0.E0,0.E0));
#2852=AXIS2_PLACEMENT_3D('',#2849,#2850,#2851);
#2853=CONICAL_SURFACE('',#2852,4.E-1,2.090798047101E1);
#2854=ORIENTED_EDGE('',*,*,#2839,.T.);
#2856=ORIENTED_EDGE('',*,*,#2855,.T.);
#2857=ORIENTED_EDGE('',*,*,#2842,.F.);
#2858=ORIENTED_EDGE('',*,*,#2767,.F.);
#2859=EDGE_LOOP('',(#2854,#2856,#2857,#2858));
#2860=FACE_OUTER_BOUND('',#2859,.F.);
#2861=ADVANCED_FACE('',(#2860),#2853,.T.);
#2862=CARTESIAN_POINT('',(-4.999999999999E-3,1.3015E1,0.E0));
#2863=DIRECTION('',(0.E0,1.E0,0.E0));
#2864=DIRECTION('',(1.E0,0.E0,0.E0));
#2865=AXIS2_PLACEMENT_3D('',#2862,#2863,#2864);
#2866=PLANE('',#2865);
#2867=ORIENTED_EDGE('',*,*,#2844,.T.);
#2868=ORIENTED_EDGE('',*,*,#2855,.F.);
#2869=EDGE_LOOP('',(#2867,#2868));
#2870=FACE_OUTER_BOUND('',#2869,.F.);
#2871=ADVANCED_FACE('',(#2870),#2866,.T.);
#2872=CARTESIAN_POINT('',(-4.999999999999E-3,-5.59E0,0.E0));
#2873=DIRECTION('',(0.E0,1.E0,0.E0));
#2874=DIRECTION('',(1.E0,0.E0,0.E0));
#2875=AXIS2_PLACEMENT_3D('',#2872,#2873,#2874);
#2876=CONICAL_SURFACE('',#2875,4.E-1,2.090798047101E1);
#2878=ORIENTED_EDGE('',*,*,#2877,.F.);
#2880=ORIENTED_EDGE('',*,*,#2879,.T.);
#2882=ORIENTED_EDGE('',*,*,#2881,.T.);
#2883=ORIENTED_EDGE('',*,*,#2828,.F.);
#2884=EDGE_LOOP('',(#2878,#2880,#2882,#2883));
#2885=FACE_OUTER_BOUND('',#2884,.F.);
#2886=ADVANCED_FACE('',(#2885),#2876,.T.);
#2887=CARTESIAN_POINT('',(-4.999999999999E-3,-5.59E0,0.E0));
#2888=DIRECTION('',(0.E0,1.E0,0.E0));
#2889=DIRECTION('',(1.E0,0.E0,0.E0));
#2890=AXIS2_PLACEMENT_3D('',#2887,#2888,#2889);
#2891=CONICAL_SURFACE('',#2890,4.E-1,2.090798047101E1);
#2892=ORIENTED_EDGE('',*,*,#2877,.T.);
#2893=ORIENTED_EDGE('',*,*,#2782,.T.);
#2894=ORIENTED_EDGE('',*,*,#2881,.F.);
#2896=ORIENTED_EDGE('',*,*,#2895,.F.);
#2897=EDGE_LOOP('',(#2892,#2893,#2894,#2896));
#2898=FACE_OUTER_BOUND('',#2897,.F.);
#2899=ADVANCED_FACE('',(#2898),#2891,.T.);
#2900=CARTESIAN_POINT('',(-4.999999999999E-3,-6.035E0,0.E0));
#2901=DIRECTION('',(0.E0,1.E0,0.E0));
#2902=DIRECTION('',(1.E0,0.E0,0.E0));
#2903=AXIS2_PLACEMENT_3D('',#2900,#2901,#2902);
#2904=PLANE('',#2903);
#2905=ORIENTED_EDGE('',*,*,#2879,.F.);
#2906=ORIENTED_EDGE('',*,*,#2895,.T.);
#2907=EDGE_LOOP('',(#2905,#2906));
#2908=FACE_OUTER_BOUND('',#2907,.F.);
#2909=ADVANCED_FACE('',(#2908),#2904,.F.);
#2910=CARTESIAN_POINT('',(1.085E0,1.205E0,3.47E0));
#2911=DIRECTION('',(1.E0,0.E0,0.E0));
#2912=DIRECTION('',(0.E0,1.E0,0.E0));
#2913=AXIS2_PLACEMENT_3D('',#2910,#2911,#2912);
#2914=PLANE('',#2913);
#2915=ORIENTED_EDGE('',*,*,#1821,.T.);
#2916=ORIENTED_EDGE('',*,*,#1760,.T.);
#2917=ORIENTED_EDGE('',*,*,#1939,.T.);
#2918=ORIENTED_EDGE('',*,*,#2795,.T.);
#2919=EDGE_LOOP('',(#2915,#2916,#2917,#2918));
#2920=FACE_OUTER_BOUND('',#2919,.F.);
#2921=ADVANCED_FACE('',(#2920),#2914,.F.);
#2922=CARTESIAN_POINT('',(-1.095E0,1.585E0,3.47E0));
#2923=DIRECTION('',(-1.E0,0.E0,0.E0));
#2924=DIRECTION('',(0.E0,-1.E0,0.E0));
#2925=AXIS2_PLACEMENT_3D('',#2922,#2923,#2924);
#2926=PLANE('',#2925);
#2927=ORIENTED_EDGE('',*,*,#1825,.T.);
#2928=ORIENTED_EDGE('',*,*,#2798,.F.);
#2929=ORIENTED_EDGE('',*,*,#1935,.F.);
#2930=ORIENTED_EDGE('',*,*,#1782,.F.);
#2931=EDGE_LOOP('',(#2927,#2928,#2929,#2930));
#2932=FACE_OUTER_BOUND('',#2931,.F.);
#2933=ADVANCED_FACE('',(#2932),#2926,.F.);
#2934=CARTESIAN_POINT('',(2.865E0,-1.205E0,3.47E0));
#2935=DIRECTION('',(-1.E0,0.E0,0.E0));
#2936=DIRECTION('',(0.E0,-1.E0,0.E0));
#2937=AXIS2_PLACEMENT_3D('',#2934,#2935,#2936);
#2938=PLANE('',#2937);
#2939=ORIENTED_EDGE('',*,*,#1626,.F.);
#2940=ORIENTED_EDGE('',*,*,#2177,.T.);
#2941=ORIENTED_EDGE('',*,*,#1890,.T.);
#2943=ORIENTED_EDGE('',*,*,#2942,.T.);
#2944=EDGE_LOOP('',(#2939,#2940,#2941,#2943));
#2945=FACE_OUTER_BOUND('',#2944,.F.);
#2946=ADVANCED_FACE('',(#2945),#2938,.F.);
#2947=CARTESIAN_POINT('',(5.045E0,-1.205E0,3.47E0));
#2948=DIRECTION('',(0.E0,1.E0,0.E0));
#2949=DIRECTION('',(-1.E0,0.E0,0.E0));
#2950=AXIS2_PLACEMENT_3D('',#2947,#2948,#2949);
#2951=PLANE('',#2950);
#2952=ORIENTED_EDGE('',*,*,#1628,.T.);
#2953=ORIENTED_EDGE('',*,*,#2942,.F.);
#2954=ORIENTED_EDGE('',*,*,#1888,.F.);
#2956=ORIENTED_EDGE('',*,*,#2955,.T.);
#2957=EDGE_LOOP('',(#2952,#2953,#2954,#2956));
#2958=FACE_OUTER_BOUND('',#2957,.F.);
#2960=ORIENTED_EDGE('',*,*,#2959,.F.);
#2962=ORIENTED_EDGE('',*,*,#2961,.F.);
#2963=EDGE_LOOP('',(#2960,#2962));
#2964=FACE_BOUND('',#2963,.F.);
#2965=ADVANCED_FACE('',(#2958,#2964),#2951,.F.);
#2966=CARTESIAN_POINT('',(5.045E0,-1.585E0,3.47E0));
#2967=DIRECTION('',(1.E0,0.E0,0.E0));
#2968=DIRECTION('',(0.E0,1.E0,0.E0));
#2969=AXIS2_PLACEMENT_3D('',#2966,#2967,#2968);
#2970=PLANE('',#2969);
#2971=ORIENTED_EDGE('',*,*,#1630,.T.);
#2972=ORIENTED_EDGE('',*,*,#2955,.F.);
#2973=ORIENTED_EDGE('',*,*,#1886,.F.);
#2974=ORIENTED_EDGE('',*,*,#2216,.F.);
#2975=EDGE_LOOP('',(#2971,#2972,#2973,#2974));
#2976=FACE_OUTER_BOUND('',#2975,.F.);
#2977=ADVANCED_FACE('',(#2976),#2970,.F.);
#2978=CARTESIAN_POINT('',(3.955E0,-6.9875E0,0.E0));
#2979=DIRECTION('',(0.E0,1.E0,0.E0));
#2980=DIRECTION('',(1.E0,0.E0,0.E0));
#2981=AXIS2_PLACEMENT_3D('',#2978,#2979,#2980);
#2982=CYLINDRICAL_SURFACE('',#2981,5.7E-1);
#2984=ORIENTED_EDGE('',*,*,#2983,.F.);
#2986=ORIENTED_EDGE('',*,*,#2985,.T.);
#2988=ORIENTED_EDGE('',*,*,#2987,.T.);
#2990=ORIENTED_EDGE('',*,*,#2989,.F.);
#2991=EDGE_LOOP('',(#2984,#2986,#2988,#2990));
#2992=FACE_OUTER_BOUND('',#2991,.F.);
#2993=ADVANCED_FACE('',(#2992),#2982,.T.);
#2994=CARTESIAN_POINT('',(3.955E0,-6.9875E0,0.E0));
#2995=DIRECTION('',(0.E0,1.E0,0.E0));
#2996=DIRECTION('',(1.E0,0.E0,0.E0));
#2997=AXIS2_PLACEMENT_3D('',#2994,#2995,#2996);
#2998=CYLINDRICAL_SURFACE('',#2997,5.7E-1);
#2999=ORIENTED_EDGE('',*,*,#2959,.T.);
#3001=ORIENTED_EDGE('',*,*,#3000,.F.);
#3003=ORIENTED_EDGE('',*,*,#3002,.F.);
#3005=ORIENTED_EDGE('',*,*,#3004,.T.);
#3006=EDGE_LOOP('',(#2999,#3001,#3003,#3005));
#3007=FACE_OUTER_BOUND('',#3006,.F.);
#3008=ADVANCED_FACE('',(#3007),#2998,.T.);
#3009=CARTESIAN_POINT('',(2.865E0,1.205E0,3.47E0));
#3010=DIRECTION('',(0.E0,-1.E0,0.E0));
#3011=DIRECTION('',(1.E0,0.E0,0.E0));
#3012=AXIS2_PLACEMENT_3D('',#3009,#3010,#3011);
#3013=PLANE('',#3012);
#3014=ORIENTED_EDGE('',*,*,#1816,.T.);
#3016=ORIENTED_EDGE('',*,*,#3015,.F.);
#3017=ORIENTED_EDGE('',*,*,#1944,.F.);
#3019=ORIENTED_EDGE('',*,*,#3018,.T.);
#3020=EDGE_LOOP('',(#3014,#3016,#3017,#3019));
#3021=FACE_OUTER_BOUND('',#3020,.F.);
#3022=ORIENTED_EDGE('',*,*,#2983,.T.);
#3024=ORIENTED_EDGE('',*,*,#3023,.T.);
#3025=EDGE_LOOP('',(#3022,#3024));
#3026=FACE_BOUND('',#3025,.F.);
#3027=ADVANCED_FACE('',(#3021,#3026),#3013,.F.);
#3028=CARTESIAN_POINT('',(3.955E0,-6.9875E0,0.E0));
#3029=DIRECTION('',(0.E0,1.E0,0.E0));
#3030=DIRECTION('',(1.E0,0.E0,0.E0));
#3031=AXIS2_PLACEMENT_3D('',#3028,#3029,#3030);
#3032=CYLINDRICAL_SURFACE('',#3031,5.7E-1);
#3033=ORIENTED_EDGE('',*,*,#3023,.F.);
#3034=ORIENTED_EDGE('',*,*,#2989,.T.);
#3036=ORIENTED_EDGE('',*,*,#3035,.F.);
#3037=ORIENTED_EDGE('',*,*,#2985,.F.);
#3038=EDGE_LOOP('',(#3033,#3034,#3036,#3037));
#3039=FACE_OUTER_BOUND('',#3038,.F.);
#3040=ADVANCED_FACE('',(#3039),#3032,.T.);
#3041=CARTESIAN_POINT('',(3.955E0,-6.9875E0,0.E0));
#3042=DIRECTION('',(0.E0,1.E0,0.E0));
#3043=DIRECTION('',(1.E0,0.E0,0.E0));
#3044=AXIS2_PLACEMENT_3D('',#3041,#3042,#3043);
#3045=CYLINDRICAL_SURFACE('',#3044,5.7E-1);
#3046=ORIENTED_EDGE('',*,*,#2961,.T.);
#3047=ORIENTED_EDGE('',*,*,#3004,.F.);
#3049=ORIENTED_EDGE('',*,*,#3048,.T.);
#3050=ORIENTED_EDGE('',*,*,#3000,.T.);
#3051=EDGE_LOOP('',(#3046,#3047,#3049,#3050));
#3052=FACE_OUTER_BOUND('',#3051,.F.);
#3053=ADVANCED_FACE('',(#3052),#3045,.T.);
#3054=CARTESIAN_POINT('',(3.955E0,1.257E1,0.E0));
#3055=DIRECTION('',(0.E0,-1.E0,0.E0));
#3056=DIRECTION('',(-1.E0,0.E0,0.E0));
#3057=AXIS2_PLACEMENT_3D('',#3054,#3055,#3056);
#3058=CONICAL_SURFACE('',#3057,4.E-1,2.090798047101E1);
#3060=ORIENTED_EDGE('',*,*,#3059,.F.);
#3061=ORIENTED_EDGE('',*,*,#3035,.T.);
#3063=ORIENTED_EDGE('',*,*,#3062,.T.);
#3065=ORIENTED_EDGE('',*,*,#3064,.F.);
#3066=EDGE_LOOP('',(#3060,#3061,#3063,#3065));
#3067=FACE_OUTER_BOUND('',#3066,.F.);
#3068=ADVANCED_FACE('',(#3067),#3058,.T.);
#3069=CARTESIAN_POINT('',(3.955E0,1.257E1,0.E0));
#3070=DIRECTION('',(0.E0,-1.E0,0.E0));
#3071=DIRECTION('',(-1.E0,0.E0,0.E0));
#3072=AXIS2_PLACEMENT_3D('',#3069,#3070,#3071);
#3073=CONICAL_SURFACE('',#3072,4.E-1,2.090798047101E1);
#3074=ORIENTED_EDGE('',*,*,#3059,.T.);
#3076=ORIENTED_EDGE('',*,*,#3075,.T.);
#3077=ORIENTED_EDGE('',*,*,#3062,.F.);
#3078=ORIENTED_EDGE('',*,*,#2987,.F.);
#3079=EDGE_LOOP('',(#3074,#3076,#3077,#3078));
#3080=FACE_OUTER_BOUND('',#3079,.F.);
#3081=ADVANCED_FACE('',(#3080),#3073,.T.);
#3082=CARTESIAN_POINT('',(3.955E0,1.3015E1,0.E0));
#3083=DIRECTION('',(0.E0,1.E0,0.E0));
#3084=DIRECTION('',(1.E0,0.E0,0.E0));
#3085=AXIS2_PLACEMENT_3D('',#3082,#3083,#3084);
#3086=PLANE('',#3085);
#3087=ORIENTED_EDGE('',*,*,#3064,.T.);
#3088=ORIENTED_EDGE('',*,*,#3075,.F.);
#3089=EDGE_LOOP('',(#3087,#3088));
#3090=FACE_OUTER_BOUND('',#3089,.F.);
#3091=ADVANCED_FACE('',(#3090),#3086,.T.);
#3092=CARTESIAN_POINT('',(3.955E0,-5.59E0,0.E0));
#3093=DIRECTION('',(0.E0,1.E0,0.E0));
#3094=DIRECTION('',(1.E0,0.E0,0.E0));
#3095=AXIS2_PLACEMENT_3D('',#3092,#3093,#3094);
#3096=CONICAL_SURFACE('',#3095,4.E-1,2.090798047101E1);
#3098=ORIENTED_EDGE('',*,*,#3097,.F.);
#3100=ORIENTED_EDGE('',*,*,#3099,.T.);
#3102=ORIENTED_EDGE('',*,*,#3101,.T.);
#3103=ORIENTED_EDGE('',*,*,#3048,.F.);
#3104=EDGE_LOOP('',(#3098,#3100,#3102,#3103));
#3105=FACE_OUTER_BOUND('',#3104,.F.);
#3106=ADVANCED_FACE('',(#3105),#3096,.T.);
#3107=CARTESIAN_POINT('',(3.955E0,-5.59E0,0.E0));
#3108=DIRECTION('',(0.E0,1.E0,0.E0));
#3109=DIRECTION('',(1.E0,0.E0,0.E0));
#3110=AXIS2_PLACEMENT_3D('',#3107,#3108,#3109);
#3111=CONICAL_SURFACE('',#3110,4.E-1,2.090798047101E1);
#3112=ORIENTED_EDGE('',*,*,#3097,.T.);
#3113=ORIENTED_EDGE('',*,*,#3002,.T.);
#3114=ORIENTED_EDGE('',*,*,#3101,.F.);
#3116=ORIENTED_EDGE('',*,*,#3115,.F.);
#3117=EDGE_LOOP('',(#3112,#3113,#3114,#3116));
#3118=FACE_OUTER_BOUND('',#3117,.F.);
#3119=ADVANCED_FACE('',(#3118),#3111,.T.);
#3120=CARTESIAN_POINT('',(3.955E0,-6.035E0,0.E0));
#3121=DIRECTION('',(0.E0,1.E0,0.E0));
#3122=DIRECTION('',(1.E0,0.E0,0.E0));
#3123=AXIS2_PLACEMENT_3D('',#3120,#3121,#3122);
#3124=PLANE('',#3123);
#3125=ORIENTED_EDGE('',*,*,#3099,.F.);
#3126=ORIENTED_EDGE('',*,*,#3115,.T.);
#3127=EDGE_LOOP('',(#3125,#3126));
#3128=FACE_OUTER_BOUND('',#3127,.F.);
#3129=ADVANCED_FACE('',(#3128),#3124,.F.);
#3130=CARTESIAN_POINT('',(5.045E0,1.205E0,3.47E0));
#3131=DIRECTION('',(1.E0,0.E0,0.E0));
#3132=DIRECTION('',(0.E0,1.E0,0.E0));
#3133=AXIS2_PLACEMENT_3D('',#3130,#3131,#3132);
#3134=PLANE('',#3133);
#3135=ORIENTED_EDGE('',*,*,#1814,.T.);
#3136=ORIENTED_EDGE('',*,*,#1708,.T.);
#3137=ORIENTED_EDGE('',*,*,#1946,.T.);
#3138=ORIENTED_EDGE('',*,*,#3015,.T.);
#3139=EDGE_LOOP('',(#3135,#3136,#3137,#3138));
#3140=FACE_OUTER_BOUND('',#3139,.F.);
#3141=ADVANCED_FACE('',(#3140),#3134,.F.);
#3142=CARTESIAN_POINT('',(2.865E0,1.585E0,3.47E0));
#3143=DIRECTION('',(-1.E0,0.E0,0.E0));
#3144=DIRECTION('',(0.E0,-1.E0,0.E0));
#3145=AXIS2_PLACEMENT_3D('',#3142,#3143,#3144);
#3146=PLANE('',#3145);
#3147=ORIENTED_EDGE('',*,*,#1818,.T.);
#3148=ORIENTED_EDGE('',*,*,#3018,.F.);
#3149=ORIENTED_EDGE('',*,*,#1942,.F.);
#3150=ORIENTED_EDGE('',*,*,#1756,.F.);
#3151=EDGE_LOOP('',(#3147,#3148,#3149,#3150));
#3152=FACE_OUTER_BOUND('',#3151,.F.);
#3153=ADVANCED_FACE('',(#3152),#3146,.F.);
#3154=CARTESIAN_POINT('',(9.005E0,-1.585E0,3.47E0));
#3155=DIRECTION('',(1.E0,0.E0,0.E0));
#3156=DIRECTION('',(0.E0,1.E0,0.E0));
#3157=AXIS2_PLACEMENT_3D('',#3154,#3155,#3156);
#3158=PLANE('',#3157);
#3159=ORIENTED_EDGE('',*,*,#1638,.T.);
#3160=ORIENTED_EDGE('',*,*,#2088,.F.);
#3161=ORIENTED_EDGE('',*,*,#1878,.F.);
#3162=ORIENTED_EDGE('',*,*,#2201,.F.);
#3163=EDGE_LOOP('',(#3159,#3160,#3161,#3162));
#3164=FACE_OUTER_BOUND('',#3163,.F.);
#3165=ADVANCED_FACE('',(#3164),#3158,.F.);
#3166=CARTESIAN_POINT('',(-6.455E0,1.585E0,-1.5E0));
#3167=DIRECTION('',(-1.E0,0.E0,0.E0));
#3168=DIRECTION('',(0.E0,0.E0,1.E0));
#3169=AXIS2_PLACEMENT_3D('',#3166,#3167,#3168);
#3170=PLANE('',#3169);
#3171=ORIENTED_EDGE('',*,*,#2137,.T.);
#3173=ORIENTED_EDGE('',*,*,#3172,.F.);
#3174=ORIENTED_EDGE('',*,*,#1738,.F.);
#3176=ORIENTED_EDGE('',*,*,#3175,.T.);
#3177=EDGE_LOOP('',(#3171,#3173,#3174,#3176));
#3178=FACE_OUTER_BOUND('',#3177,.F.);
#3179=ADVANCED_FACE('',(#3178),#3170,.F.);
#3180=CARTESIAN_POINT('',(-6.455E0,1.585E0,1.5E0));
#3181=DIRECTION('',(0.E0,0.E0,1.E0));
#3182=DIRECTION('',(1.E0,0.E0,0.E0));
#3183=AXIS2_PLACEMENT_3D('',#3180,#3181,#3182);
#3184=PLANE('',#3183);
#3185=ORIENTED_EDGE('',*,*,#2143,.T.);
#3187=ORIENTED_EDGE('',*,*,#3186,.F.);
#3188=ORIENTED_EDGE('',*,*,#1740,.F.);
#3189=ORIENTED_EDGE('',*,*,#3172,.T.);
#3190=EDGE_LOOP('',(#3185,#3187,#3188,#3189));
#3191=FACE_OUTER_BOUND('',#3190,.F.);
#3192=ADVANCED_FACE('',(#3191),#3184,.F.);
#3193=CARTESIAN_POINT('',(-5.435E0,1.585E0,1.5E0));
#3194=DIRECTION('',(1.E0,0.E0,0.E0));
#3195=DIRECTION('',(0.E0,0.E0,-1.E0));
#3196=AXIS2_PLACEMENT_3D('',#3193,#3194,#3195);
#3197=PLANE('',#3196);
#3198=ORIENTED_EDGE('',*,*,#2141,.T.);
#3200=ORIENTED_EDGE('',*,*,#3199,.F.);
#3201=ORIENTED_EDGE('',*,*,#1742,.F.);
#3202=ORIENTED_EDGE('',*,*,#3186,.T.);
#3203=EDGE_LOOP('',(#3198,#3200,#3201,#3202));
#3204=FACE_OUTER_BOUND('',#3203,.F.);
#3205=ADVANCED_FACE('',(#3204),#3197,.F.);
#3206=CARTESIAN_POINT('',(-5.435E0,1.585E0,-1.5E0));
#3207=DIRECTION('',(0.E0,0.E0,-1.E0));
#3208=DIRECTION('',(-1.E0,0.E0,0.E0));
#3209=AXIS2_PLACEMENT_3D('',#3206,#3207,#3208);
#3210=PLANE('',#3209);
#3211=ORIENTED_EDGE('',*,*,#2139,.T.);
#3212=ORIENTED_EDGE('',*,*,#3175,.F.);
#3213=ORIENTED_EDGE('',*,*,#1744,.F.);
#3214=ORIENTED_EDGE('',*,*,#3199,.T.);
#3215=EDGE_LOOP('',(#3211,#3212,#3213,#3214));
#3216=FACE_OUTER_BOUND('',#3215,.F.);
#3217=ADVANCED_FACE('',(#3216),#3210,.F.);
#3218=CARTESIAN_POINT('',(-2.495E0,1.585E0,-1.5E0));
#3219=DIRECTION('',(-1.E0,0.E0,0.E0));
#3220=DIRECTION('',(0.E0,0.E0,1.E0));
#3221=AXIS2_PLACEMENT_3D('',#3218,#3219,#3220);
#3222=PLANE('',#3221);
#3223=ORIENTED_EDGE('',*,*,#2161,.T.);
#3225=ORIENTED_EDGE('',*,*,#3224,.F.);
#3226=ORIENTED_EDGE('',*,*,#1790,.F.);
#3228=ORIENTED_EDGE('',*,*,#3227,.T.);
#3229=EDGE_LOOP('',(#3223,#3225,#3226,#3228));
#3230=FACE_OUTER_BOUND('',#3229,.F.);
#3231=ADVANCED_FACE('',(#3230),#3222,.F.);
#3232=CARTESIAN_POINT('',(-2.495E0,1.585E0,1.5E0));
#3233=DIRECTION('',(0.E0,0.E0,1.E0));
#3234=DIRECTION('',(1.E0,0.E0,0.E0));
#3235=AXIS2_PLACEMENT_3D('',#3232,#3233,#3234);
#3236=PLANE('',#3235);
#3237=ORIENTED_EDGE('',*,*,#2167,.T.);
#3239=ORIENTED_EDGE('',*,*,#3238,.F.);
#3240=ORIENTED_EDGE('',*,*,#1792,.F.);
#3241=ORIENTED_EDGE('',*,*,#3224,.T.);
#3242=EDGE_LOOP('',(#3237,#3239,#3240,#3241));
#3243=FACE_OUTER_BOUND('',#3242,.F.);
#3244=ADVANCED_FACE('',(#3243),#3236,.F.);
#3245=CARTESIAN_POINT('',(-1.475E0,1.585E0,1.5E0));
#3246=DIRECTION('',(1.E0,0.E0,0.E0));
#3247=DIRECTION('',(0.E0,0.E0,-1.E0));
#3248=AXIS2_PLACEMENT_3D('',#3245,#3246,#3247);
#3249=PLANE('',#3248);
#3250=ORIENTED_EDGE('',*,*,#2165,.T.);
#3252=ORIENTED_EDGE('',*,*,#3251,.F.);
#3253=ORIENTED_EDGE('',*,*,#1794,.F.);
#3254=ORIENTED_EDGE('',*,*,#3238,.T.);
#3255=EDGE_LOOP('',(#3250,#3252,#3253,#3254));
#3256=FACE_OUTER_BOUND('',#3255,.F.);
#3257=ADVANCED_FACE('',(#3256),#3249,.F.);
#3258=CARTESIAN_POINT('',(-1.475E0,1.585E0,-1.5E0));
#3259=DIRECTION('',(0.E0,0.E0,-1.E0));
#3260=DIRECTION('',(-1.E0,0.E0,0.E0));
#3261=AXIS2_PLACEMENT_3D('',#3258,#3259,#3260);
#3262=PLANE('',#3261);
#3263=ORIENTED_EDGE('',*,*,#2163,.T.);
#3264=ORIENTED_EDGE('',*,*,#3227,.F.);
#3265=ORIENTED_EDGE('',*,*,#1796,.F.);
#3266=ORIENTED_EDGE('',*,*,#3251,.T.);
#3267=EDGE_LOOP('',(#3263,#3264,#3265,#3266));
#3268=FACE_OUTER_BOUND('',#3267,.F.);
#3269=ADVANCED_FACE('',(#3268),#3262,.F.);
#3270=CARTESIAN_POINT('',(1.465E0,1.585E0,-1.5E0));
#3271=DIRECTION('',(-1.E0,0.E0,0.E0));
#3272=DIRECTION('',(0.E0,0.E0,1.E0));
#3273=AXIS2_PLACEMENT_3D('',#3270,#3271,#3272);
#3274=PLANE('',#3273);
#3275=ORIENTED_EDGE('',*,*,#2185,.T.);
#3277=ORIENTED_EDGE('',*,*,#3276,.F.);
#3278=ORIENTED_EDGE('',*,*,#1764,.F.);
#3280=ORIENTED_EDGE('',*,*,#3279,.T.);
#3281=EDGE_LOOP('',(#3275,#3277,#3278,#3280));
#3282=FACE_OUTER_BOUND('',#3281,.F.);
#3283=ADVANCED_FACE('',(#3282),#3274,.F.);
#3284=CARTESIAN_POINT('',(1.465E0,1.585E0,1.5E0));
#3285=DIRECTION('',(0.E0,0.E0,1.E0));
#3286=DIRECTION('',(1.E0,0.E0,0.E0));
#3287=AXIS2_PLACEMENT_3D('',#3284,#3285,#3286);
#3288=PLANE('',#3287);
#3289=ORIENTED_EDGE('',*,*,#2191,.T.);
#3291=ORIENTED_EDGE('',*,*,#3290,.F.);
#3292=ORIENTED_EDGE('',*,*,#1766,.F.);
#3293=ORIENTED_EDGE('',*,*,#3276,.T.);
#3294=EDGE_LOOP('',(#3289,#3291,#3292,#3293));
#3295=FACE_OUTER_BOUND('',#3294,.F.);
#3296=ADVANCED_FACE('',(#3295),#3288,.F.);
#3297=CARTESIAN_POINT('',(2.485E0,1.585E0,1.5E0));
#3298=DIRECTION('',(1.E0,0.E0,0.E0));
#3299=DIRECTION('',(0.E0,0.E0,-1.E0));
#3300=AXIS2_PLACEMENT_3D('',#3297,#3298,#3299);
#3301=PLANE('',#3300);
#3302=ORIENTED_EDGE('',*,*,#2189,.T.);
#3304=ORIENTED_EDGE('',*,*,#3303,.F.);
#3305=ORIENTED_EDGE('',*,*,#1768,.F.);
#3306=ORIENTED_EDGE('',*,*,#3290,.T.);
#3307=EDGE_LOOP('',(#3302,#3304,#3305,#3306));
#3308=FACE_OUTER_BOUND('',#3307,.F.);
#3309=ADVANCED_FACE('',(#3308),#3301,.F.);
#3310=CARTESIAN_POINT('',(2.485E0,1.585E0,-1.5E0));
#3311=DIRECTION('',(0.E0,0.E0,-1.E0));
#3312=DIRECTION('',(-1.E0,0.E0,0.E0));
#3313=AXIS2_PLACEMENT_3D('',#3310,#3311,#3312);
#3314=PLANE('',#3313);
#3315=ORIENTED_EDGE('',*,*,#2187,.T.);
#3316=ORIENTED_EDGE('',*,*,#3279,.F.);
#3317=ORIENTED_EDGE('',*,*,#1770,.F.);
#3318=ORIENTED_EDGE('',*,*,#3303,.T.);
#3319=EDGE_LOOP('',(#3315,#3316,#3317,#3318));
#3320=FACE_OUTER_BOUND('',#3319,.F.);
#3321=ADVANCED_FACE('',(#3320),#3314,.F.);
#3322=CARTESIAN_POINT('',(5.425E0,1.585E0,-1.5E0));
#3323=DIRECTION('',(-1.E0,0.E0,0.E0));
#3324=DIRECTION('',(0.E0,0.E0,1.E0));
#3325=AXIS2_PLACEMENT_3D('',#3322,#3323,#3324);
#3326=PLANE('',#3325);
#3327=ORIENTED_EDGE('',*,*,#2221,.T.);
#3329=ORIENTED_EDGE('',*,*,#3328,.F.);
#3330=ORIENTED_EDGE('',*,*,#1712,.F.);
#3332=ORIENTED_EDGE('',*,*,#3331,.T.);
#3333=EDGE_LOOP('',(#3327,#3329,#3330,#3332));
#3334=FACE_OUTER_BOUND('',#3333,.F.);
#3335=ADVANCED_FACE('',(#3334),#3326,.F.);
#3336=CARTESIAN_POINT('',(5.425E0,1.585E0,1.5E0));
#3337=DIRECTION('',(0.E0,0.E0,1.E0));
#3338=DIRECTION('',(1.E0,0.E0,0.E0));
#3339=AXIS2_PLACEMENT_3D('',#3336,#3337,#3338);
#3340=PLANE('',#3339);
#3341=ORIENTED_EDGE('',*,*,#2227,.T.);
#3343=ORIENTED_EDGE('',*,*,#3342,.F.);
#3344=ORIENTED_EDGE('',*,*,#1714,.F.);
#3345=ORIENTED_EDGE('',*,*,#3328,.T.);
#3346=EDGE_LOOP('',(#3341,#3343,#3344,#3345));
#3347=FACE_OUTER_BOUND('',#3346,.F.);
#3348=ADVANCED_FACE('',(#3347),#3340,.F.);
#3349=CARTESIAN_POINT('',(6.445E0,1.585E0,1.5E0));
#3350=DIRECTION('',(1.E0,0.E0,0.E0));
#3351=DIRECTION('',(0.E0,0.E0,-1.E0));
#3352=AXIS2_PLACEMENT_3D('',#3349,#3350,#3351);
#3353=PLANE('',#3352);
#3354=ORIENTED_EDGE('',*,*,#2225,.T.);
#3356=ORIENTED_EDGE('',*,*,#3355,.F.);
#3357=ORIENTED_EDGE('',*,*,#1716,.F.);
#3358=ORIENTED_EDGE('',*,*,#3342,.T.);
#3359=EDGE_LOOP('',(#3354,#3356,#3357,#3358));
#3360=FACE_OUTER_BOUND('',#3359,.F.);
#3361=ADVANCED_FACE('',(#3360),#3353,.F.);
#3362=CARTESIAN_POINT('',(6.445E0,1.585E0,-1.5E0));
#3363=DIRECTION('',(0.E0,0.E0,-1.E0));
#3364=DIRECTION('',(-1.E0,0.E0,0.E0));
#3365=AXIS2_PLACEMENT_3D('',#3362,#3363,#3364);
#3366=PLANE('',#3365);
#3367=ORIENTED_EDGE('',*,*,#2223,.T.);
#3368=ORIENTED_EDGE('',*,*,#3331,.F.);
#3369=ORIENTED_EDGE('',*,*,#1718,.F.);
#3370=ORIENTED_EDGE('',*,*,#3355,.T.);
#3371=EDGE_LOOP('',(#3367,#3368,#3369,#3370));
#3372=FACE_OUTER_BOUND('',#3371,.F.);
#3373=ADVANCED_FACE('',(#3372),#3366,.F.);
#3374=CARTESIAN_POINT('',(7.915E0,-5.59E0,0.E0));
#3375=DIRECTION('',(0.E0,1.E0,0.E0));
#3376=DIRECTION('',(1.E0,0.E0,0.E0));
#3377=AXIS2_PLACEMENT_3D('',#3374,#3375,#3376);
#3378=CONICAL_SURFACE('',#3377,4.E-1,2.090798047101E1);
#3380=ORIENTED_EDGE('',*,*,#3379,.F.);
#3382=ORIENTED_EDGE('',*,*,#3381,.T.);
#3384=ORIENTED_EDGE('',*,*,#3383,.T.);
#3385=ORIENTED_EDGE('',*,*,#2035,.F.);
#3386=EDGE_LOOP('',(#3380,#3382,#3384,#3385));
#3387=FACE_OUTER_BOUND('',#3386,.F.);
#3388=ADVANCED_FACE('',(#3387),#3378,.T.);
#3389=CARTESIAN_POINT('',(7.915E0,-5.59E0,0.E0));
#3390=DIRECTION('',(0.E0,1.E0,0.E0));
#3391=DIRECTION('',(1.E0,0.E0,0.E0));
#3392=AXIS2_PLACEMENT_3D('',#3389,#3390,#3391);
#3393=CONICAL_SURFACE('',#3392,4.E-1,2.090798047101E1);
#3394=ORIENTED_EDGE('',*,*,#3379,.T.);
#3395=ORIENTED_EDGE('',*,*,#2007,.T.);
#3396=ORIENTED_EDGE('',*,*,#3383,.F.);
#3398=ORIENTED_EDGE('',*,*,#3397,.F.);
#3399=EDGE_LOOP('',(#3394,#3395,#3396,#3398));
#3400=FACE_OUTER_BOUND('',#3399,.F.);
#3401=ADVANCED_FACE('',(#3400),#3393,.T.);
#3402=CARTESIAN_POINT('',(7.915E0,-6.035E0,0.E0));
#3403=DIRECTION('',(0.E0,1.E0,0.E0));
#3404=DIRECTION('',(1.E0,0.E0,0.E0));
#3405=AXIS2_PLACEMENT_3D('',#3402,#3403,#3404);
#3406=PLANE('',#3405);
#3407=ORIENTED_EDGE('',*,*,#3381,.F.);
#3408=ORIENTED_EDGE('',*,*,#3397,.T.);
#3409=EDGE_LOOP('',(#3407,#3408));
#3410=FACE_OUTER_BOUND('',#3409,.F.);
#3411=ADVANCED_FACE('',(#3410),#3406,.F.);
#3412=CLOSED_SHELL('',(#1644,#1665,#1680,#1696,#1722,#1748,#1774,#1800,#1849,
#1863,#1951,#1964,#1982,#1997,#2013,#2026,#2040,#2055,#2068,#2078,#2096,#2109,
#2123,#2147,#2171,#2195,#2208,#2231,#2244,#2263,#2275,#2291,#2306,#2325,#2338,
#2351,#2366,#2379,#2389,#2404,#2417,#2427,#2439,#2451,#2468,#2481,#2493,#2506,
#2525,#2537,#2553,#2568,#2587,#2600,#2613,#2628,#2641,#2651,#2666,#2679,#2689,
#2701,#2713,#2726,#2745,#2757,#2773,#2788,#2807,#2820,#2833,#2848,#2861,#2871,
#2886,#2899,#2909,#2921,#2933,#2946,#2965,#2977,#2993,#3008,#3027,#3040,#3053,
#3068,#3081,#3091,#3106,#3119,#3129,#3141,#3153,#3165,#3179,#3192,#3205,#3217,
#3231,#3244,#3257,#3269,#3283,#3296,#3309,#3321,#3335,#3348,#3361,#3373,#3388,
#3401,#3411));
#3413=MANIFOLD_SOLID_BREP('',#3412);
#3414=CARTESIAN_POINT('',(0.E0,0.E0,0.E0));
#3415=DIRECTION('',(0.E0,0.E0,1.E0));
#3416=DIRECTION('',(1.E0,0.E0,0.E0));
#3417=AXIS2_PLACEMENT_3D('CSYS',#3414,#3415,#3416);
#3418=DIRECTION('',(0.E0,1.E0,0.E0));
#3419=VECTOR('',#3418,1.905E1);
#3420=CARTESIAN_POINT('',(-7.925E0,-6.035E0,0.E0));
#3421=LINE('',#3420,#3419);
#3424=DIRECTION('',(0.E0,1.E0,0.E0));
#3425=VECTOR('',#3424,1.905E1);
#3426=CARTESIAN_POINT('',(-3.965E0,-6.035E0,0.E0));
#3427=LINE('',#3426,#3425);
#3429=DIRECTION('',(0.E0,1.E0,0.E0));
#3430=VECTOR('',#3429,1.905E1);
#3431=CARTESIAN_POINT('',(-4.999999999999E-3,-6.035E0,0.E0));
#3432=LINE('',#3431,#3430);
#3434=DIRECTION('',(0.E0,1.E0,0.E0));
#3435=VECTOR('',#3434,1.905E1);
#3436=CARTESIAN_POINT('',(3.955E0,-6.035E0,0.E0));
#3437=LINE('',#3436,#3435);
#3439=DIRECTION('',(0.E0,1.E0,0.E0));
#3440=VECTOR('',#3439,1.905E1);
#3441=CARTESIAN_POINT('',(7.915E0,-6.035E0,0.E0));
#3442=LINE('',#3441,#3440);
#3444=CARTESIAN_POINT('',(-7.925E0,-1.585E0,0.E0));
#3445=DIRECTION('',(0.E0,-1.E0,0.E0));
#3446=DIRECTION('',(1.E0,0.E0,0.E0));
#3447=AXIS2_PLACEMENT_3D('',#3444,#3445,#3446);
#3451=CARTESIAN_POINT('',(-7.925E0,-1.585E0,0.E0));
#3452=DIRECTION('',(0.E0,-1.E0,0.E0));
#3453=DIRECTION('',(-1.E0,0.E0,0.E0));
#3454=AXIS2_PLACEMENT_3D('',#3451,#3452,#3453);
#3459=CARTESIAN_POINT('',(-3.965E0,-1.585E0,0.E0));
#3460=DIRECTION('',(0.E0,-1.E0,0.E0));
#3461=DIRECTION('',(1.E0,0.E0,0.E0));
#3462=AXIS2_PLACEMENT_3D('',#3459,#3460,#3461);
#3466=CARTESIAN_POINT('',(-3.965E0,-1.585E0,0.E0));
#3467=DIRECTION('',(0.E0,-1.E0,0.E0));
#3468=DIRECTION('',(-1.E0,0.E0,0.E0));
#3469=AXIS2_PLACEMENT_3D('',#3466,#3467,#3468);
#3474=CARTESIAN_POINT('',(-4.999999999999E-3,-1.585E0,0.E0));
#3475=DIRECTION('',(0.E0,-1.E0,0.E0));
#3476=DIRECTION('',(1.E0,0.E0,0.E0));
#3477=AXIS2_PLACEMENT_3D('',#3474,#3475,#3476);
#3481=CARTESIAN_POINT('',(-4.999999999999E-3,-1.585E0,0.E0));
#3482=DIRECTION('',(0.E0,-1.E0,0.E0));
#3483=DIRECTION('',(-1.E0,0.E0,0.E0));
#3484=AXIS2_PLACEMENT_3D('',#3481,#3482,#3483);
#3489=CARTESIAN_POINT('',(3.955E0,-1.585E0,0.E0));
#3490=DIRECTION('',(0.E0,-1.E0,0.E0));
#3491=DIRECTION('',(1.E0,0.E0,0.E0));
#3492=AXIS2_PLACEMENT_3D('',#3489,#3490,#3491);
#3496=CARTESIAN_POINT('',(3.955E0,-1.585E0,0.E0));
#3497=DIRECTION('',(0.E0,-1.E0,0.E0));
#3498=DIRECTION('',(-1.E0,0.E0,0.E0));
#3499=AXIS2_PLACEMENT_3D('',#3496,#3497,#3498);
#3504=CARTESIAN_POINT('',(7.915E0,-1.585E0,0.E0));
#3505=DIRECTION('',(0.E0,-1.E0,0.E0));
#3506=DIRECTION('',(1.E0,0.E0,0.E0));
#3507=AXIS2_PLACEMENT_3D('',#3504,#3505,#3506);
#3511=CARTESIAN_POINT('',(7.915E0,-1.585E0,0.E0));
#3512=DIRECTION('',(0.E0,-1.E0,0.E0));
#3513=DIRECTION('',(-1.E0,0.E0,0.E0));
#3514=AXIS2_PLACEMENT_3D('',#3511,#3512,#3513);
#3520=DIMENSIONAL_EXPONENTS(0.E0,0.E0,0.E0,0.E0,0.E0,0.E0,0.E0);
#3522=PLANE_ANGLE_MEASURE_WITH_UNIT(PLANE_ANGLE_MEASURE(1.745329251994E-2),
#3521);
#3523=(CONVERSION_BASED_UNIT('DEGREE',#3522)NAMED_UNIT(*)PLANE_ANGLE_UNIT());
#3525=UNCERTAINTY_MEASURE_WITH_UNIT(LENGTH_MEASURE(2.833521422888E-3),#3519,
'closure',
'Maximum model space distance between geometric entities at asserted connectivities');
#3526=(GEOMETRIC_REPRESENTATION_CONTEXT(3)GLOBAL_UNCERTAINTY_ASSIGNED_CONTEXT((
#3525))GLOBAL_UNIT_ASSIGNED_CONTEXT((#3519,#3523,#3524))REPRESENTATION_CONTEXT(
'ID1','3'));
#3423=GEOMETRIC_SET('',(#3422,#3428,#3433,#3438,#3443,#3458,#3473,#3488,#3503,
#3518));
#3530=SHAPE_REPRESENTATION_RELATIONSHIP('','',#3529,#3527);
#3531=SHAPE_REPRESENTATION_RELATIONSHIP('','',#3529,#3528);
#3532=APPLICATION_CONTEXT(
'CONFIGURATION CONTROLLED 3D DESIGNS OF MECHANICAL PARTS AND ASSEMBLIES');
#3533=APPLICATION_PROTOCOL_DEFINITION('international standard',
'config_control_design',1994,#3532);
#3534=DESIGN_CONTEXT('',#3532,'design');
#3535=MECHANICAL_CONTEXT('',#3532,'mechanical');
#3536=PRODUCT('026192051','026192051','NOT SPECIFIED',(#3535));
#3537=PRODUCT_DEFINITION_FORMATION_WITH_SPECIFIED_SOURCE('1','LAST_VERSION',
#3536,.MADE.);
#3541=PRODUCT_CATEGORY('part','');
#3542=PRODUCT_RELATED_PRODUCT_CATEGORY('detail','',(#3536));
#3543=PRODUCT_CATEGORY_RELATIONSHIP('','',#3541,#3542);
#3544=SECURITY_CLASSIFICATION_LEVEL('unclassified');
#3545=SECURITY_CLASSIFICATION('','',#3544);
#3546=CC_DESIGN_SECURITY_CLASSIFICATION(#3545,(#3537));
#3547=APPROVAL_STATUS('approved');
#3548=APPROVAL(#3547,'');
#3549=CC_DESIGN_APPROVAL(#3548,(#3545,#3537,#3538));
#3550=CALENDAR_DATE(114,8,9);
#3551=COORDINATED_UNIVERSAL_TIME_OFFSET(5,30,.AHEAD.);
#3552=LOCAL_TIME(15,54,4.7E1,#3551);
#3553=DATE_AND_TIME(#3550,#3552);
#3554=APPROVAL_DATE_TIME(#3553,#3548);
#3555=DATE_TIME_ROLE('creation_date');
#3556=CC_DESIGN_DATE_AND_TIME_ASSIGNMENT(#3553,#3555,(#3538));
#3557=DATE_TIME_ROLE('classification_date');
#3558=CC_DESIGN_DATE_AND_TIME_ASSIGNMENT(#3553,#3557,(#3545));
#3559=PERSON('UNSPECIFIED','UNSPECIFIED',$,$,$,$);
#3560=ORGANIZATION('UNSPECIFIED','UNSPECIFIED','UNSPECIFIED');
#3561=PERSON_AND_ORGANIZATION(#3559,#3560);
#3562=APPROVAL_ROLE('approver');
#3563=APPROVAL_PERSON_ORGANIZATION(#3561,#3548,#3562);
#3564=PERSON_AND_ORGANIZATION_ROLE('creator');
#3565=CC_DESIGN_PERSON_AND_ORGANIZATION_ASSIGNMENT(#3561,#3564,(#3537,#3538));
#3566=PERSON_AND_ORGANIZATION_ROLE('design_supplier');
#3567=CC_DESIGN_PERSON_AND_ORGANIZATION_ASSIGNMENT(#3561,#3566,(#3537));
#3568=PERSON_AND_ORGANIZATION_ROLE('classification_officer');
#3569=CC_DESIGN_PERSON_AND_ORGANIZATION_ASSIGNMENT(#3561,#3568,(#3545));
#3570=PERSON_AND_ORGANIZATION_ROLE('design_owner');
#3571=CC_DESIGN_PERSON_AND_ORGANIZATION_ASSIGNMENT(#3561,#3570,(#3536));
#433=CIRCLE('',#432,5.7E-1);
#438=CIRCLE('',#437,5.7E-1);
#451=CIRCLE('',#450,5.7E-1);
#468=CIRCLE('',#467,5.7E-1);
#481=CIRCLE('',#480,5.7E-1);
#490=CIRCLE('',#489,5.7E-1);
#495=CIRCLE('',#494,2.3E-1);
#500=CIRCLE('',#499,2.3E-1);
#509=CIRCLE('',#508,5.7E-1);
#514=CIRCLE('',#513,5.7E-1);
#639=CIRCLE('',#638,5.7E-1);
#644=CIRCLE('',#643,5.7E-1);
#649=CIRCLE('',#648,5.7E-1);
#654=CIRCLE('',#653,5.7E-1);
#659=CIRCLE('',#658,5.7E-1);
#684=CIRCLE('',#683,5.7E-1);
#697=CIRCLE('',#696,5.7E-1);
#706=CIRCLE('',#705,5.7E-1);
#711=CIRCLE('',#710,2.3E-1);
#716=CIRCLE('',#715,2.3E-1);
#725=CIRCLE('',#724,2.3E-1);
#734=CIRCLE('',#733,2.3E-1);
#787=CIRCLE('',#786,5.7E-1);
#792=CIRCLE('',#791,5.7E-1);
#797=CIRCLE('',#796,5.7E-1);
#802=CIRCLE('',#801,5.7E-1);
#807=CIRCLE('',#806,5.7E-1);
#832=CIRCLE('',#831,5.7E-1);
#845=CIRCLE('',#844,5.7E-1);
#854=CIRCLE('',#853,5.7E-1);
#859=CIRCLE('',#858,2.3E-1);
#864=CIRCLE('',#863,2.3E-1);
#873=CIRCLE('',#872,2.3E-1);
#882=CIRCLE('',#881,2.3E-1);
#907=CIRCLE('',#906,5.7E-1);
#912=CIRCLE('',#911,5.7E-1);
#917=CIRCLE('',#916,5.7E-1);
#922=CIRCLE('',#921,5.7E-1);
#927=CIRCLE('',#926,5.7E-1);
#952=CIRCLE('',#951,5.7E-1);
#965=CIRCLE('',#964,5.7E-1);
#974=CIRCLE('',#973,5.7E-1);
#979=CIRCLE('',#978,2.3E-1);
#984=CIRCLE('',#983,2.3E-1);
#993=CIRCLE('',#992,2.3E-1);
#1002=CIRCLE('',#1001,2.3E-1);
#1027=CIRCLE('',#1026,5.7E-1);
#1032=CIRCLE('',#1031,5.7E-1);
#1037=CIRCLE('',#1036,5.7E-1);
#1042=CIRCLE('',#1041,5.7E-1);
#1047=CIRCLE('',#1046,5.7E-1);
#1072=CIRCLE('',#1071,5.7E-1);
#1085=CIRCLE('',#1084,5.7E-1);
#1094=CIRCLE('',#1093,5.7E-1);
#1099=CIRCLE('',#1098,2.3E-1);
#1104=CIRCLE('',#1103,2.3E-1);
#1113=CIRCLE('',#1112,2.3E-1);
#1122=CIRCLE('',#1121,2.3E-1);
#1207=CIRCLE('',#1206,2.3E-1);
#1216=CIRCLE('',#1215,2.3E-1);
#1594=EDGE_CURVE('',#1228,#1271,#4,.T.);
#1596=EDGE_CURVE('',#1278,#1271,#770,.T.);
#1598=EDGE_CURVE('',#1226,#1278,#750,.T.);
#1600=EDGE_CURVE('',#1226,#1236,#8,.T.);
#1602=EDGE_CURVE('',#1236,#1234,#12,.T.);
#1604=EDGE_CURVE('',#1232,#1234,#16,.T.);
#1606=EDGE_CURVE('',#1231,#1232,#20,.T.);
#1608=EDGE_CURVE('',#1231,#1330,#24,.T.);
#1610=EDGE_CURVE('',#1330,#1328,#28,.T.);
#1612=EDGE_CURVE('',#1326,#1328,#32,.T.);
#1614=EDGE_CURVE('',#1325,#1326,#36,.T.);
#1616=EDGE_CURVE('',#1325,#1354,#40,.T.);
#1618=EDGE_CURVE('',#1354,#1352,#44,.T.);
#1620=EDGE_CURVE('',#1350,#1352,#48,.T.);
#1622=EDGE_CURVE('',#1349,#1350,#52,.T.);
#1624=EDGE_CURVE('',#1349,#1378,#56,.T.);
#1626=EDGE_CURVE('',#1378,#1376,#60,.T.);
#1628=EDGE_CURVE('',#1374,#1376,#64,.T.);
#1630=EDGE_CURVE('',#1373,#1374,#68,.T.);
#1632=EDGE_CURVE('',#1373,#1402,#72,.T.);
#1634=EDGE_CURVE('',#1402,#1400,#76,.T.);
#1636=EDGE_CURVE('',#1398,#1400,#80,.T.);
#1638=EDGE_CURVE('',#1397,#1398,#84,.T.);
#1640=EDGE_CURVE('',#1397,#1228,#88,.T.);
#1650=EDGE_CURVE('',#1283,#1224,#112,.T.);
#1652=EDGE_CURVE('',#1274,#1283,#92,.T.);
#1654=EDGE_CURVE('',#1272,#1274,#96,.T.);
#1656=EDGE_CURVE('',#1271,#1272,#100,.T.);
#1659=EDGE_CURVE('',#1228,#1223,#104,.T.);
#1661=EDGE_CURVE('',#1223,#1224,#268,.T.);
#1671=EDGE_CURVE('',#1283,#1284,#108,.T.);
#1674=EDGE_CURVE('',#1224,#1410,#264,.T.);
#1676=EDGE_CURVE('',#1284,#1410,#116,.T.);
#1686=EDGE_CURVE('',#1286,#1219,#766,.T.);
#1688=EDGE_CURVE('',#1292,#1286,#120,.T.);
#1690=EDGE_CURVE('',#1292,#1239,#124,.T.);
#1692=EDGE_CURVE('',#1239,#1219,#360,.T.);
#1702=EDGE_CURVE('',#1289,#1290,#128,.T.);
#1704=EDGE_CURVE('',#1289,#1405,#132,.T.);
#1706=EDGE_CURVE('',#1405,#1386,#424,.T.);
#1708=EDGE_CURVE('',#1290,#1386,#136,.T.);
#1712=EDGE_CURVE('',#1583,#1584,#224,.T.);
#1714=EDGE_CURVE('',#1584,#1586,#228,.T.);
#1716=EDGE_CURVE('',#1586,#1588,#232,.T.);
#1718=EDGE_CURVE('',#1588,#1583,#236,.T.);
#1728=EDGE_CURVE('',#1294,#1244,#140,.T.);
#1730=EDGE_CURVE('',#1428,#1294,#144,.T.);
#1732=EDGE_CURVE('',#1428,#1333,#148,.T.);
#1734=EDGE_CURVE('',#1333,#1244,#376,.T.);
#1738=EDGE_CURVE('',#1263,#1264,#176,.T.);
#1740=EDGE_CURVE('',#1264,#1266,#180,.T.);
#1742=EDGE_CURVE('',#1266,#1268,#184,.T.);
#1744=EDGE_CURVE('',#1268,#1263,#188,.T.);
#1754=EDGE_CURVE('',#1421,#1422,#152,.T.);
#1756=EDGE_CURVE('',#1421,#1381,#156,.T.);
#1758=EDGE_CURVE('',#1381,#1362,#408,.T.);
#1760=EDGE_CURVE('',#1422,#1362,#160,.T.);
#1764=EDGE_CURVE('',#1567,#1568,#208,.T.);
#1766=EDGE_CURVE('',#1568,#1570,#212,.T.);
#1768=EDGE_CURVE('',#1570,#1572,#216,.T.);
#1770=EDGE_CURVE('',#1572,#1567,#220,.T.);
#1780=EDGE_CURVE('',#1425,#1426,#164,.T.);
#1782=EDGE_CURVE('',#1425,#1357,#168,.T.);
#1784=EDGE_CURVE('',#1357,#1338,#392,.T.);
#1786=EDGE_CURVE('',#1426,#1338,#172,.T.);
#1790=EDGE_CURVE('',#1551,#1552,#192,.T.);
#1792=EDGE_CURVE('',#1552,#1554,#196,.T.);
#1794=EDGE_CURVE('',#1554,#1556,#200,.T.);
#1796=EDGE_CURVE('',#1556,#1551,#204,.T.);
#1807=EDGE_CURVE('',#1444,#1284,#244,.T.);
#1809=EDGE_CURVE('',#1442,#1444,#442,.T.);
#1811=EDGE_CURVE('',#1289,#1442,#428,.T.);
#1814=EDGE_CURVE('',#1440,#1290,#1126,.T.);
#1816=EDGE_CURVE('',#1438,#1440,#1051,.T.);
#1818=EDGE_CURVE('',#1421,#1438,#1134,.T.);
#1821=EDGE_CURVE('',#1436,#1422,#1006,.T.);
#1823=EDGE_CURVE('',#1434,#1436,#931,.T.);
#1825=EDGE_CURVE('',#1425,#1434,#1014,.T.);
#1828=EDGE_CURVE('',#1432,#1426,#886,.T.);
#1830=EDGE_CURVE('',#1430,#1432,#811,.T.);
#1832=EDGE_CURVE('',#1428,#1430,#894,.T.);
#1835=EDGE_CURVE('',#1322,#1294,#742,.T.);
#1837=EDGE_CURVE('',#1320,#1322,#663,.T.);
#1839=EDGE_CURVE('',#1292,#1320,#746,.T.);
#1842=EDGE_CURVE('',#1280,#1286,#762,.T.);
#1844=EDGE_CURVE('',#1280,#1274,#240,.T.);
#1857=EDGE_CURVE('',#1410,#1408,#260,.T.);
#1859=EDGE_CURVE('',#1408,#1444,#248,.T.);
#1869=EDGE_CURVE('',#1405,#1406,#252,.T.);
#1871=EDGE_CURVE('',#1406,#1408,#256,.T.);
#1876=EDGE_CURVE('',#1413,#1223,#272,.T.);
#1878=EDGE_CURVE('',#1413,#1414,#276,.T.);
#1880=EDGE_CURVE('',#1414,#1416,#280,.T.);
#1882=EDGE_CURVE('',#1418,#1416,#284,.T.);
#1884=EDGE_CURVE('',#1389,#1418,#288,.T.);
#1886=EDGE_CURVE('',#1389,#1390,#292,.T.);
#1888=EDGE_CURVE('',#1390,#1392,#296,.T.);
#1890=EDGE_CURVE('',#1394,#1392,#300,.T.);
#1892=EDGE_CURVE('',#1365,#1394,#304,.T.);
#1894=EDGE_CURVE('',#1365,#1366,#308,.T.);
#1896=EDGE_CURVE('',#1366,#1368,#312,.T.);
#1898=EDGE_CURVE('',#1370,#1368,#316,.T.);
#1900=EDGE_CURVE('',#1341,#1370,#320,.T.);
#1902=EDGE_CURVE('',#1341,#1342,#324,.T.);
#1904=EDGE_CURVE('',#1342,#1344,#328,.T.);
#1906=EDGE_CURVE('',#1346,#1344,#332,.T.);
#1908=EDGE_CURVE('',#1247,#1346,#336,.T.);
#1910=EDGE_CURVE('',#1247,#1248,#340,.T.);
#1912=EDGE_CURVE('',#1248,#1250,#344,.T.);
#1914=EDGE_CURVE('',#1252,#1250,#348,.T.);
#1916=EDGE_CURVE('',#1220,#1252,#352,.T.);
#1918=EDGE_CURVE('',#1219,#1220,#356,.T.);
#1921=EDGE_CURVE('',#1239,#1240,#364,.T.);
#1923=EDGE_CURVE('',#1240,#1242,#368,.T.);
#1925=EDGE_CURVE('',#1244,#1242,#372,.T.);
#1928=EDGE_CURVE('',#1333,#1334,#380,.T.);
#1930=EDGE_CURVE('',#1334,#1336,#384,.T.);
#1932=EDGE_CURVE('',#1338,#1336,#388,.T.);
#1935=EDGE_CURVE('',#1357,#1358,#396,.T.);
#1937=EDGE_CURVE('',#1358,#1360,#400,.T.);
#1939=EDGE_CURVE('',#1362,#1360,#404,.T.);
#1942=EDGE_CURVE('',#1381,#1382,#412,.T.);
#1944=EDGE_CURVE('',#1382,#1384,#416,.T.);
#1946=EDGE_CURVE('',#1386,#1384,#420,.T.);
#1958=EDGE_CURVE('',#1406,#1442,#446,.T.);
#1976=EDGE_CURVE('',#1535,#1536,#433,.T.);
#1978=EDGE_CURVE('',#1536,#1535,#438,.T.);
#1989=EDGE_CURVE('',#1535,#1523,#459,.T.);
#1991=EDGE_CURVE('',#1523,#1531,#490,.T.);
#1993=EDGE_CURVE('',#1536,#1531,#455,.T.);
#2003=EDGE_CURVE('',#1539,#1540,#509,.T.);
#2005=EDGE_CURVE('',#1528,#1540,#472,.T.);
#2007=EDGE_CURVE('',#1520,#1528,#451,.T.);
#2009=EDGE_CURVE('',#1520,#1539,#463,.T.);
#2021=EDGE_CURVE('',#1523,#1531,#481,.T.);
#2032=EDGE_CURVE('',#1540,#1539,#514,.T.);
#2035=EDGE_CURVE('',#1520,#1528,#468,.T.);
#2046=EDGE_CURVE('',#1523,#1524,#476,.T.);
#2049=EDGE_CURVE('',#1531,#1532,#485,.T.);
#2051=EDGE_CURVE('',#1524,#1532,#495,.T.);
#2062=EDGE_CURVE('',#1524,#1532,#500,.T.);
#2085=EDGE_CURVE('',#1416,#1400,#518,.T.);
#2088=EDGE_CURVE('',#1414,#1398,#504,.T.);
#2103=EDGE_CURVE('',#1402,#1418,#558,.T.);
#2115=EDGE_CURVE('',#1236,#1252,#522,.T.);
#2118=EDGE_CURVE('',#1226,#1220,#526,.T.);
#2129=EDGE_CURVE('',#1330,#1346,#530,.T.);
#2132=EDGE_CURVE('',#1231,#1247,#534,.T.);
#2137=EDGE_CURVE('',#1255,#1256,#566,.T.);
#2139=EDGE_CURVE('',#1260,#1255,#570,.T.);
#2141=EDGE_CURVE('',#1258,#1260,#574,.T.);
#2143=EDGE_CURVE('',#1256,#1258,#578,.T.);
#2153=EDGE_CURVE('',#1354,#1370,#538,.T.);
#2156=EDGE_CURVE('',#1325,#1341,#542,.T.);
#2161=EDGE_CURVE('',#1543,#1544,#582,.T.);
#2163=EDGE_CURVE('',#1548,#1543,#586,.T.);
#2165=EDGE_CURVE('',#1546,#1548,#590,.T.);
#2167=EDGE_CURVE('',#1544,#1546,#594,.T.);
#2177=EDGE_CURVE('',#1378,#1394,#546,.T.);
#2180=EDGE_CURVE('',#1349,#1365,#550,.T.);
#2185=EDGE_CURVE('',#1559,#1560,#598,.T.);
#2187=EDGE_CURVE('',#1564,#1559,#602,.T.);
#2189=EDGE_CURVE('',#1562,#1564,#606,.T.);
#2191=EDGE_CURVE('',#1560,#1562,#610,.T.);
#2201=EDGE_CURVE('',#1397,#1413,#554,.T.);
#2216=EDGE_CURVE('',#1373,#1389,#562,.T.);
#2221=EDGE_CURVE('',#1575,#1576,#614,.T.);
#2223=EDGE_CURVE('',#1580,#1575,#618,.T.);
#2225=EDGE_CURVE('',#1578,#1580,#622,.T.);
#2227=EDGE_CURVE('',#1576,#1578,#626,.T.);
#2240=EDGE_CURVE('',#1250,#1234,#630,.T.);
#2253=EDGE_CURVE('',#1248,#1232,#634,.T.);
#2257=EDGE_CURVE('',#1317,#1318,#639,.T.);
#2259=EDGE_CURVE('',#1318,#1317,#644,.T.);
#2281=EDGE_CURVE('',#1313,#1314,#654,.T.);
#2283=EDGE_CURVE('',#1313,#1301,#675,.T.);
#2285=EDGE_CURVE('',#1301,#1309,#706,.T.);
#2287=EDGE_CURVE('',#1314,#1309,#671,.T.);
#2298=EDGE_CURVE('',#1306,#1318,#688,.T.);
#2300=EDGE_CURVE('',#1298,#1306,#649,.T.);
#2302=EDGE_CURVE('',#1298,#1317,#679,.T.);
#2313=EDGE_CURVE('',#1242,#1322,#738,.T.);
#2316=EDGE_CURVE('',#1240,#1320,#667,.T.);
#2321=EDGE_CURVE('',#1314,#1313,#659,.T.);
#2333=EDGE_CURVE('',#1301,#1309,#697,.T.);
#2346=EDGE_CURVE('',#1298,#1306,#684,.T.);
#2357=EDGE_CURVE('',#1301,#1302,#692,.T.);
#2360=EDGE_CURVE('',#1309,#1310,#701,.T.);
#2362=EDGE_CURVE('',#1302,#1310,#711,.T.);
#2373=EDGE_CURVE('',#1302,#1310,#716,.T.);
#2395=EDGE_CURVE('',#1297,#1298,#720,.T.);
#2397=EDGE_CURVE('',#1297,#1305,#725,.T.);
#2399=EDGE_CURVE('',#1305,#1306,#729,.T.);
#2413=EDGE_CURVE('',#1297,#1305,#734,.T.);
#2458=EDGE_CURVE('',#1277,#1278,#754,.T.);
#2460=EDGE_CURVE('',#1280,#1277,#758,.T.);
#2475=EDGE_CURVE('',#1277,#1272,#774,.T.);
#2502=EDGE_CURVE('',#1344,#1328,#778,.T.);
#2515=EDGE_CURVE('',#1342,#1326,#782,.T.);
#2519=EDGE_CURVE('',#1467,#1468,#787,.T.);
#2521=EDGE_CURVE('',#1468,#1467,#792,.T.);
#2543=EDGE_CURVE('',#1463,#1464,#802,.T.);
#2545=EDGE_CURVE('',#1463,#1451,#823,.T.);
#2547=EDGE_CURVE('',#1451,#1459,#854,.T.);
#2549=EDGE_CURVE('',#1464,#1459,#819,.T.);
#2560=EDGE_CURVE('',#1456,#1468,#836,.T.);
#2562=EDGE_CURVE('',#1448,#1456,#797,.T.);
#2564=EDGE_CURVE('',#1448,#1467,#827,.T.);
#2575=EDGE_CURVE('',#1336,#1432,#890,.T.);
#2578=EDGE_CURVE('',#1334,#1430,#815,.T.);
#2583=EDGE_CURVE('',#1464,#1463,#807,.T.);
#2595=EDGE_CURVE('',#1451,#1459,#845,.T.);
#2608=EDGE_CURVE('',#1448,#1456,#832,.T.);
#2619=EDGE_CURVE('',#1451,#1452,#840,.T.);
#2622=EDGE_CURVE('',#1459,#1460,#849,.T.);
#2624=EDGE_CURVE('',#1452,#1460,#859,.T.);
#2635=EDGE_CURVE('',#1452,#1460,#864,.T.);
#2657=EDGE_CURVE('',#1447,#1448,#868,.T.);
#2659=EDGE_CURVE('',#1447,#1455,#873,.T.);
#2661=EDGE_CURVE('',#1455,#1456,#877,.T.);
#2675=EDGE_CURVE('',#1447,#1455,#882,.T.);
#2722=EDGE_CURVE('',#1368,#1352,#898,.T.);
#2735=EDGE_CURVE('',#1366,#1350,#902,.T.);
#2739=EDGE_CURVE('',#1491,#1492,#907,.T.);
#2741=EDGE_CURVE('',#1492,#1491,#912,.T.);
#2763=EDGE_CURVE('',#1487,#1488,#922,.T.);
#2765=EDGE_CURVE('',#1487,#1475,#943,.T.);
#2767=EDGE_CURVE('',#1475,#1483,#974,.T.);
#2769=EDGE_CURVE('',#1488,#1483,#939,.T.);
#2780=EDGE_CURVE('',#1480,#1492,#956,.T.);
#2782=EDGE_CURVE('',#1472,#1480,#917,.T.);
#2784=EDGE_CURVE('',#1472,#1491,#947,.T.);
#2795=EDGE_CURVE('',#1360,#1436,#1010,.T.);
#2798=EDGE_CURVE('',#1358,#1434,#935,.T.);
#2803=EDGE_CURVE('',#1488,#1487,#927,.T.);
#2815=EDGE_CURVE('',#1475,#1483,#965,.T.);
#2828=EDGE_CURVE('',#1472,#1480,#952,.T.);
#2839=EDGE_CURVE('',#1475,#1476,#960,.T.);
#2842=EDGE_CURVE('',#1483,#1484,#969,.T.);
#2844=EDGE_CURVE('',#1476,#1484,#979,.T.);
#2855=EDGE_CURVE('',#1476,#1484,#984,.T.);
#2877=EDGE_CURVE('',#1471,#1472,#988,.T.);
#2879=EDGE_CURVE('',#1471,#1479,#993,.T.);
#2881=EDGE_CURVE('',#1479,#1480,#997,.T.);
#2895=EDGE_CURVE('',#1471,#1479,#1002,.T.);
#2942=EDGE_CURVE('',#1392,#1376,#1018,.T.);
#2955=EDGE_CURVE('',#1390,#1374,#1022,.T.);
#2959=EDGE_CURVE('',#1515,#1516,#1027,.T.);
#2961=EDGE_CURVE('',#1516,#1515,#1032,.T.);
#2983=EDGE_CURVE('',#1511,#1512,#1042,.T.);
#2985=EDGE_CURVE('',#1511,#1499,#1063,.T.);
#2987=EDGE_CURVE('',#1499,#1507,#1094,.T.);
#2989=EDGE_CURVE('',#1512,#1507,#1059,.T.);
#3000=EDGE_CURVE('',#1504,#1516,#1076,.T.);
#3002=EDGE_CURVE('',#1496,#1504,#1037,.T.);
#3004=EDGE_CURVE('',#1496,#1515,#1067,.T.);
#3015=EDGE_CURVE('',#1384,#1440,#1130,.T.);
#3018=EDGE_CURVE('',#1382,#1438,#1055,.T.);
#3023=EDGE_CURVE('',#1512,#1511,#1047,.T.);
#3035=EDGE_CURVE('',#1499,#1507,#1085,.T.);
#3048=EDGE_CURVE('',#1496,#1504,#1072,.T.);
#3059=EDGE_CURVE('',#1499,#1500,#1080,.T.);
#3062=EDGE_CURVE('',#1507,#1508,#1089,.T.);
#3064=EDGE_CURVE('',#1500,#1508,#1099,.T.);
#3075=EDGE_CURVE('',#1500,#1508,#1104,.T.);
#3097=EDGE_CURVE('',#1495,#1496,#1108,.T.);
#3099=EDGE_CURVE('',#1495,#1503,#1113,.T.);
#3101=EDGE_CURVE('',#1503,#1504,#1117,.T.);
#3115=EDGE_CURVE('',#1495,#1503,#1122,.T.);
#3172=EDGE_CURVE('',#1264,#1256,#1142,.T.);
#3175=EDGE_CURVE('',#1263,#1255,#1138,.T.);
#3186=EDGE_CURVE('',#1266,#1258,#1146,.T.);
#3199=EDGE_CURVE('',#1268,#1260,#1150,.T.);
#3224=EDGE_CURVE('',#1552,#1544,#1158,.T.);
#3227=EDGE_CURVE('',#1551,#1543,#1154,.T.);
#3238=EDGE_CURVE('',#1554,#1546,#1162,.T.);
#3251=EDGE_CURVE('',#1556,#1548,#1166,.T.);
#3276=EDGE_CURVE('',#1568,#1560,#1174,.T.);
#3279=EDGE_CURVE('',#1567,#1559,#1170,.T.);
#3290=EDGE_CURVE('',#1570,#1562,#1178,.T.);
#3303=EDGE_CURVE('',#1572,#1564,#1182,.T.);
#3328=EDGE_CURVE('',#1584,#1576,#1190,.T.);
#3331=EDGE_CURVE('',#1583,#1575,#1186,.T.);
#3342=EDGE_CURVE('',#1586,#1578,#1194,.T.);
#3355=EDGE_CURVE('',#1588,#1580,#1198,.T.);
#3379=EDGE_CURVE('',#1519,#1520,#1202,.T.);
#3381=EDGE_CURVE('',#1519,#1527,#1207,.T.);
#3383=EDGE_CURVE('',#1527,#1528,#1211,.T.);
#3397=EDGE_CURVE('',#1519,#1527,#1216,.T.);
#3422=TRIMMED_CURVE('A_1',#3421,(PARAMETER_VALUE(0.E0)),(PARAMETER_VALUE(1.E0)),
.T.,.UNSPECIFIED.);
#3428=TRIMMED_CURVE('A_2',#3427,(PARAMETER_VALUE(0.E0)),(PARAMETER_VALUE(1.E0)),
.T.,.UNSPECIFIED.);
#3433=TRIMMED_CURVE('A_3',#3432,(PARAMETER_VALUE(0.E0)),(PARAMETER_VALUE(1.E0)),
.T.,.UNSPECIFIED.);
#3438=TRIMMED_CURVE('A_4',#3437,(PARAMETER_VALUE(0.E0)),(PARAMETER_VALUE(1.E0)),
.T.,.UNSPECIFIED.);
#3443=TRIMMED_CURVE('A_5',#3442,(PARAMETER_VALUE(0.E0)),(PARAMETER_VALUE(1.E0)),
.T.,.UNSPECIFIED.);
#3448=CIRCLE('',#3447,7.6E-1);
#3449=TRIMMED_CURVE('',#3448,(PARAMETER_VALUE(0.E0)),(PARAMETER_VALUE(1.8E2)),
.T.,.UNSPECIFIED.);
#3450=COMPOSITE_CURVE_SEGMENT(.CONTINUOUS.,.T.,#3449);
#3455=CIRCLE('',#3454,7.6E-1);
#3456=TRIMMED_CURVE('',#3455,(PARAMETER_VALUE(0.E0)),(PARAMETER_VALUE(1.8E2)),
.T.,.UNSPECIFIED.);
#3457=COMPOSITE_CURVE_SEGMENT(.CONTINUOUS.,.T.,#3456);
#3458=COMPOSITE_CURVE('',(#3450,#3457),.F.);
#3463=CIRCLE('',#3462,7.6E-1);
#3464=TRIMMED_CURVE('',#3463,(PARAMETER_VALUE(0.E0)),(PARAMETER_VALUE(1.8E2)),
.T.,.UNSPECIFIED.);
#3465=COMPOSITE_CURVE_SEGMENT(.CONTINUOUS.,.T.,#3464);
#3470=CIRCLE('',#3469,7.6E-1);
#3471=TRIMMED_CURVE('',#3470,(PARAMETER_VALUE(0.E0)),(PARAMETER_VALUE(1.8E2)),
.T.,.UNSPECIFIED.);
#3472=COMPOSITE_CURVE_SEGMENT(.CONTINUOUS.,.T.,#3471);
#3473=COMPOSITE_CURVE('',(#3465,#3472),.F.);
#3478=CIRCLE('',#3477,7.6E-1);
#3479=TRIMMED_CURVE('',#3478,(PARAMETER_VALUE(0.E0)),(PARAMETER_VALUE(1.8E2)),
.T.,.UNSPECIFIED.);
#3480=COMPOSITE_CURVE_SEGMENT(.CONTINUOUS.,.T.,#3479);
#3485=CIRCLE('',#3484,7.6E-1);
#3486=TRIMMED_CURVE('',#3485,(PARAMETER_VALUE(0.E0)),(PARAMETER_VALUE(1.8E2)),
.T.,.UNSPECIFIED.);
#3487=COMPOSITE_CURVE_SEGMENT(.CONTINUOUS.,.T.,#3486);
#3488=COMPOSITE_CURVE('',(#3480,#3487),.F.);
#3493=CIRCLE('',#3492,7.6E-1);
#3494=TRIMMED_CURVE('',#3493,(PARAMETER_VALUE(0.E0)),(PARAMETER_VALUE(1.8E2)),
.T.,.UNSPECIFIED.);
#3495=COMPOSITE_CURVE_SEGMENT(.CONTINUOUS.,.T.,#3494);
#3500=CIRCLE('',#3499,7.6E-1);
#3501=TRIMMED_CURVE('',#3500,(PARAMETER_VALUE(0.E0)),(PARAMETER_VALUE(1.8E2)),
.T.,.UNSPECIFIED.);
#3502=COMPOSITE_CURVE_SEGMENT(.CONTINUOUS.,.T.,#3501);
#3503=COMPOSITE_CURVE('',(#3495,#3502),.F.);
#3508=CIRCLE('',#3507,7.6E-1);
#3509=TRIMMED_CURVE('',#3508,(PARAMETER_VALUE(0.E0)),(PARAMETER_VALUE(1.8E2)),
.T.,.UNSPECIFIED.);
#3510=COMPOSITE_CURVE_SEGMENT(.CONTINUOUS.,.T.,#3509);
#3515=CIRCLE('',#3514,7.6E-1);
#3516=TRIMMED_CURVE('',#3515,(PARAMETER_VALUE(0.E0)),(PARAMETER_VALUE(1.8E2)),
.T.,.UNSPECIFIED.);
#3517=COMPOSITE_CURVE_SEGMENT(.CONTINUOUS.,.T.,#3516);
#3518=COMPOSITE_CURVE('',(#3510,#3517),.F.);
#3519=(LENGTH_UNIT()NAMED_UNIT(*)SI_UNIT(.MILLI.,.METRE.));
#3521=(NAMED_UNIT(*)PLANE_ANGLE_UNIT()SI_UNIT($,.RADIAN.));
#3524=(NAMED_UNIT(*)SI_UNIT($,.STERADIAN.)SOLID_ANGLE_UNIT());
#3527=ADVANCED_BREP_SHAPE_REPRESENTATION('',(#3413),#3526);
#3528=GEOMETRICALLY_BOUNDED_SURFACE_SHAPE_REPRESENTATION('',(#3423),#3526);
#3529=SHAPE_REPRESENTATION('',(#3417),#3526);
#3538=PRODUCT_DEFINITION('design','',#3537,#3534);
#3539=PRODUCT_DEFINITION_SHAPE('','SHAPE FOR 026192051.',#3538);
#3540=SHAPE_DEFINITION_REPRESENTATION(#3539,#3529);
ENDSEC;
END-ISO-10303-21;
