ISO-10303-21;
HEADER;
FILE_DESCRIPTION((''),'2;1');
FILE_NAME('026192131','2014-09-08T',('me'),(''),
'PRO/ENGINEER BY PARAMETRIC TECHNOLOGY CORPORATION, 2011490',
'PRO/ENGINEER BY PARAMETRIC TECHNOLOGY CORPORATION, 2011490','');
FILE_SCHEMA(('CONFIG_CONTROL_DESIGN'));
ENDSEC;
DATA;
#1=DIRECTION('',(0.E0,-1.E0,0.E0));
#2=VECTOR('',#1,5.95E0);
#3=CARTESIAN_POINT('',(9.375E0,7.535E0,-3.43E0));
#4=LINE('',#3,#2);
#5=DIRECTION('',(0.E0,-1.E0,0.E0));
#6=VECTOR('',#5,5.95E0);
#7=CARTESIAN_POINT('',(-1.485E0,7.535E0,-3.43E0));
#8=LINE('',#7,#6);
#9=DIRECTION('',(1.E0,0.E0,0.E0));
#10=VECTOR('',#9,1.02E0);
#11=CARTESIAN_POINT('',(-2.505E0,1.585E0,-3.43E0));
#12=LINE('',#11,#10);
#13=DIRECTION('',(0.E0,-1.E0,0.E0));
#14=VECTOR('',#13,5.95E0);
#15=CARTESIAN_POINT('',(-2.505E0,7.535E0,-3.43E0));
#16=LINE('',#15,#14);
#17=DIRECTION('',(0.E0,-1.E0,0.E0));
#18=VECTOR('',#17,5.95E0);
#19=CARTESIAN_POINT('',(-1.3365E1,7.535E0,-3.43E0));
#20=LINE('',#19,#18);
#21=DIRECTION('',(1.E0,0.E0,0.E0));
#22=VECTOR('',#21,1.02E0);
#23=CARTESIAN_POINT('',(-1.4385E1,1.585E0,-3.43E0));
#24=LINE('',#23,#22);
#25=DIRECTION('',(0.E0,-1.E0,0.E0));
#26=VECTOR('',#25,5.95E0);
#27=CARTESIAN_POINT('',(-1.4385E1,7.535E0,-3.43E0));
#28=LINE('',#27,#26);
#29=DIRECTION('',(1.E0,0.E0,0.E0));
#30=VECTOR('',#29,8.9E-1);
#31=CARTESIAN_POINT('',(-2.5755E1,-1.585E0,-3.43E0));
#32=LINE('',#31,#30);
#33=DIRECTION('',(0.E0,1.E0,0.E0));
#34=VECTOR('',#33,3.8E-1);
#35=CARTESIAN_POINT('',(-2.4865E1,-1.585E0,-3.43E0));
#36=LINE('',#35,#34);
#37=DIRECTION('',(-1.E0,0.E0,0.E0));
#38=VECTOR('',#37,2.18E0);
#39=CARTESIAN_POINT('',(-2.2685E1,-1.205E0,-3.43E0));
#40=LINE('',#39,#38);
#41=DIRECTION('',(0.E0,1.E0,0.E0));
#42=VECTOR('',#41,3.8E-1);
#43=CARTESIAN_POINT('',(-2.2685E1,-1.585E0,-3.43E0));
#44=LINE('',#43,#42);
#45=DIRECTION('',(1.E0,0.E0,0.E0));
#46=VECTOR('',#45,1.78E0);
#47=CARTESIAN_POINT('',(-2.2685E1,-1.585E0,-3.43E0));
#48=LINE('',#47,#46);
#49=DIRECTION('',(0.E0,1.E0,0.E0));
#50=VECTOR('',#49,3.8E-1);
#51=CARTESIAN_POINT('',(-2.0905E1,-1.585E0,-3.43E0));
#52=LINE('',#51,#50);
#53=DIRECTION('',(-1.E0,0.E0,0.E0));
#54=VECTOR('',#53,2.18E0);
#55=CARTESIAN_POINT('',(-1.8725E1,-1.205E0,-3.43E0));
#56=LINE('',#55,#54);
#57=DIRECTION('',(0.E0,1.E0,0.E0));
#58=VECTOR('',#57,3.8E-1);
#59=CARTESIAN_POINT('',(-1.8725E1,-1.585E0,-3.43E0));
#60=LINE('',#59,#58);
#61=DIRECTION('',(1.E0,0.E0,0.E0));
#62=VECTOR('',#61,1.78E0);
#63=CARTESIAN_POINT('',(-1.8725E1,-1.585E0,-3.43E0));
#64=LINE('',#63,#62);
#65=DIRECTION('',(0.E0,1.E0,0.E0));
#66=VECTOR('',#65,3.8E-1);
#67=CARTESIAN_POINT('',(-1.6945E1,-1.585E0,-3.43E0));
#68=LINE('',#67,#66);
#69=DIRECTION('',(-1.E0,0.E0,0.E0));
#70=VECTOR('',#69,2.18E0);
#71=CARTESIAN_POINT('',(-1.4765E1,-1.205E0,-3.43E0));
#72=LINE('',#71,#70);
#73=DIRECTION('',(0.E0,1.E0,0.E0));
#74=VECTOR('',#73,3.8E-1);
#75=CARTESIAN_POINT('',(-1.4765E1,-1.585E0,-3.43E0));
#76=LINE('',#75,#74);
#77=DIRECTION('',(1.E0,0.E0,0.E0));
#78=VECTOR('',#77,1.78E0);
#79=CARTESIAN_POINT('',(-1.4765E1,-1.585E0,-3.43E0));
#80=LINE('',#79,#78);
#81=DIRECTION('',(0.E0,1.E0,0.E0));
#82=VECTOR('',#81,3.8E-1);
#83=CARTESIAN_POINT('',(-1.2985E1,-1.585E0,-3.43E0));
#84=LINE('',#83,#82);
#85=DIRECTION('',(-1.E0,0.E0,0.E0));
#86=VECTOR('',#85,2.18E0);
#87=CARTESIAN_POINT('',(-1.0805E1,-1.205E0,-3.43E0));
#88=LINE('',#87,#86);
#89=DIRECTION('',(0.E0,1.E0,0.E0));
#90=VECTOR('',#89,3.8E-1);
#91=CARTESIAN_POINT('',(-1.0805E1,-1.585E0,-3.43E0));
#92=LINE('',#91,#90);
#93=DIRECTION('',(1.E0,0.E0,0.E0));
#94=VECTOR('',#93,1.78E0);
#95=CARTESIAN_POINT('',(-1.0805E1,-1.585E0,-3.43E0));
#96=LINE('',#95,#94);
#97=DIRECTION('',(0.E0,1.E0,0.E0));
#98=VECTOR('',#97,3.8E-1);
#99=CARTESIAN_POINT('',(-9.025E0,-1.585E0,-3.43E0));
#100=LINE('',#99,#98);
#101=DIRECTION('',(-1.E0,0.E0,0.E0));
#102=VECTOR('',#101,2.18E0);
#103=CARTESIAN_POINT('',(-6.845E0,-1.205E0,-3.43E0));
#104=LINE('',#103,#102);
#105=DIRECTION('',(0.E0,1.E0,0.E0));
#106=VECTOR('',#105,3.8E-1);
#107=CARTESIAN_POINT('',(-6.845E0,-1.585E0,-3.43E0));
#108=LINE('',#107,#106);
#109=DIRECTION('',(1.E0,0.E0,0.E0));
#110=VECTOR('',#109,1.78E0);
#111=CARTESIAN_POINT('',(-6.845E0,-1.585E0,-3.43E0));
#112=LINE('',#111,#110);
#113=DIRECTION('',(0.E0,1.E0,0.E0));
#114=VECTOR('',#113,3.8E-1);
#115=CARTESIAN_POINT('',(-5.065E0,-1.585E0,-3.43E0));
#116=LINE('',#115,#114);
#117=DIRECTION('',(-1.E0,0.E0,0.E0));
#118=VECTOR('',#117,2.18E0);
#119=CARTESIAN_POINT('',(-2.885E0,-1.205E0,-3.43E0));
#120=LINE('',#119,#118);
#121=DIRECTION('',(0.E0,1.E0,0.E0));
#122=VECTOR('',#121,3.8E-1);
#123=CARTESIAN_POINT('',(-2.885E0,-1.585E0,-3.43E0));
#124=LINE('',#123,#122);
#125=DIRECTION('',(1.E0,0.E0,0.E0));
#126=VECTOR('',#125,1.78E0);
#127=CARTESIAN_POINT('',(-2.885E0,-1.585E0,-3.43E0));
#128=LINE('',#127,#126);
#129=DIRECTION('',(0.E0,1.E0,0.E0));
#130=VECTOR('',#129,3.8E-1);
#131=CARTESIAN_POINT('',(-1.105E0,-1.585E0,-3.43E0));
#132=LINE('',#131,#130);
#133=DIRECTION('',(-1.E0,0.E0,0.E0));
#134=VECTOR('',#133,2.18E0);
#135=CARTESIAN_POINT('',(1.075E0,-1.205E0,-3.43E0));
#136=LINE('',#135,#134);
#137=DIRECTION('',(0.E0,1.E0,0.E0));
#138=VECTOR('',#137,3.8E-1);
#139=CARTESIAN_POINT('',(1.075E0,-1.585E0,-3.43E0));
#140=LINE('',#139,#138);
#141=DIRECTION('',(1.E0,0.E0,0.E0));
#142=VECTOR('',#141,1.78E0);
#143=CARTESIAN_POINT('',(1.075E0,-1.585E0,-3.43E0));
#144=LINE('',#143,#142);
#145=DIRECTION('',(0.E0,1.E0,0.E0));
#146=VECTOR('',#145,3.8E-1);
#147=CARTESIAN_POINT('',(2.855E0,-1.585E0,-3.43E0));
#148=LINE('',#147,#146);
#149=DIRECTION('',(-1.E0,0.E0,0.E0));
#150=VECTOR('',#149,2.18E0);
#151=CARTESIAN_POINT('',(5.035E0,-1.205E0,-3.43E0));
#152=LINE('',#151,#150);
#153=DIRECTION('',(0.E0,1.E0,0.E0));
#154=VECTOR('',#153,3.8E-1);
#155=CARTESIAN_POINT('',(5.035E0,-1.585E0,-3.43E0));
#156=LINE('',#155,#154);
#157=DIRECTION('',(1.E0,0.E0,0.E0));
#158=VECTOR('',#157,1.78E0);
#159=CARTESIAN_POINT('',(5.035E0,-1.585E0,-3.43E0));
#160=LINE('',#159,#158);
#161=DIRECTION('',(0.E0,1.E0,0.E0));
#162=VECTOR('',#161,3.8E-1);
#163=CARTESIAN_POINT('',(6.815E0,-1.585E0,-3.43E0));
#164=LINE('',#163,#162);
#165=DIRECTION('',(-1.E0,0.E0,0.E0));
#166=VECTOR('',#165,2.18E0);
#167=CARTESIAN_POINT('',(8.995E0,-1.205E0,-3.43E0));
#168=LINE('',#167,#166);
#169=DIRECTION('',(0.E0,1.E0,0.E0));
#170=VECTOR('',#169,3.8E-1);
#171=CARTESIAN_POINT('',(8.995E0,-1.585E0,-3.43E0));
#172=LINE('',#171,#170);
#173=DIRECTION('',(1.E0,0.E0,0.E0));
#174=VECTOR('',#173,1.78E0);
#175=CARTESIAN_POINT('',(8.995E0,-1.585E0,-3.43E0));
#176=LINE('',#175,#174);
#177=DIRECTION('',(0.E0,1.E0,0.E0));
#178=VECTOR('',#177,3.8E-1);
#179=CARTESIAN_POINT('',(1.0775E1,-1.585E0,-3.43E0));
#180=LINE('',#179,#178);
#181=DIRECTION('',(-1.E0,0.E0,0.E0));
#182=VECTOR('',#181,2.18E0);
#183=CARTESIAN_POINT('',(1.2955E1,-1.205E0,-3.43E0));
#184=LINE('',#183,#182);
#185=DIRECTION('',(0.E0,1.E0,0.E0));
#186=VECTOR('',#185,3.8E-1);
#187=CARTESIAN_POINT('',(1.2955E1,-1.585E0,-3.43E0));
#188=LINE('',#187,#186);
#189=DIRECTION('',(1.E0,0.E0,0.E0));
#190=VECTOR('',#189,1.78E0);
#191=CARTESIAN_POINT('',(1.2955E1,-1.585E0,-3.43E0));
#192=LINE('',#191,#190);
#193=DIRECTION('',(0.E0,1.E0,0.E0));
#194=VECTOR('',#193,3.8E-1);
#195=CARTESIAN_POINT('',(1.4735E1,-1.585E0,-3.43E0));
#196=LINE('',#195,#194);
#197=DIRECTION('',(-1.E0,0.E0,0.E0));
#198=VECTOR('',#197,2.18E0);
#199=CARTESIAN_POINT('',(1.6915E1,-1.205E0,-3.43E0));
#200=LINE('',#199,#198);
#201=DIRECTION('',(0.E0,1.E0,0.E0));
#202=VECTOR('',#201,3.8E-1);
#203=CARTESIAN_POINT('',(1.6915E1,-1.585E0,-3.43E0));
#204=LINE('',#203,#202);
#205=DIRECTION('',(1.E0,0.E0,0.E0));
#206=VECTOR('',#205,1.78E0);
#207=CARTESIAN_POINT('',(1.6915E1,-1.585E0,-3.43E0));
#208=LINE('',#207,#206);
#209=DIRECTION('',(0.E0,1.E0,0.E0));
#210=VECTOR('',#209,3.8E-1);
#211=CARTESIAN_POINT('',(1.8695E1,-1.585E0,-3.43E0));
#212=LINE('',#211,#210);
#213=DIRECTION('',(-1.E0,0.E0,0.E0));
#214=VECTOR('',#213,2.18E0);
#215=CARTESIAN_POINT('',(2.0875E1,-1.205E0,-3.43E0));
#216=LINE('',#215,#214);
#217=DIRECTION('',(0.E0,1.E0,0.E0));
#218=VECTOR('',#217,3.8E-1);
#219=CARTESIAN_POINT('',(2.0875E1,-1.585E0,-3.43E0));
#220=LINE('',#219,#218);
#221=DIRECTION('',(1.E0,0.E0,0.E0));
#222=VECTOR('',#221,1.78E0);
#223=CARTESIAN_POINT('',(2.0875E1,-1.585E0,-3.43E0));
#224=LINE('',#223,#222);
#225=DIRECTION('',(0.E0,1.E0,0.E0));
#226=VECTOR('',#225,3.8E-1);
#227=CARTESIAN_POINT('',(2.2655E1,-1.585E0,-3.43E0));
#228=LINE('',#227,#226);
#229=DIRECTION('',(-1.E0,0.E0,0.E0));
#230=VECTOR('',#229,2.18E0);
#231=CARTESIAN_POINT('',(2.4835E1,-1.205E0,-3.43E0));
#232=LINE('',#231,#230);
#233=DIRECTION('',(0.E0,1.E0,0.E0));
#234=VECTOR('',#233,3.8E-1);
#235=CARTESIAN_POINT('',(2.4835E1,-1.585E0,-3.43E0));
#236=LINE('',#235,#234);
#237=DIRECTION('',(1.E0,0.E0,0.E0));
#238=VECTOR('',#237,9.2E-1);
#239=CARTESIAN_POINT('',(2.4835E1,-1.585E0,-3.43E0));
#240=LINE('',#239,#238);
#241=DIRECTION('',(0.E0,1.E0,0.E0));
#242=VECTOR('',#241,9.12E0);
#243=CARTESIAN_POINT('',(2.5755E1,-1.585E0,-3.43E0));
#244=LINE('',#243,#242);
#245=DIRECTION('',(0.E0,-1.E0,0.E0));
#246=VECTOR('',#245,5.95E0);
#247=CARTESIAN_POINT('',(1.0395E1,7.535E0,-3.43E0));
#248=LINE('',#247,#246);
#249=DIRECTION('',(1.E0,0.E0,0.E0));
#250=VECTOR('',#249,1.02E0);
#251=CARTESIAN_POINT('',(9.375E0,1.585E0,-3.43E0));
#252=LINE('',#251,#250);
#253=DIRECTION('',(-1.E0,0.E0,0.E0));
#254=VECTOR('',#253,9.2E-1);
#255=CARTESIAN_POINT('',(2.5755E1,1.585E0,-2.45E0));
#256=LINE('',#255,#254);
#257=DIRECTION('',(0.E0,0.E0,1.E0));
#258=VECTOR('',#257,5.92E0);
#259=CARTESIAN_POINT('',(2.5755E1,1.585E0,-2.45E0));
#260=LINE('',#259,#258);
#261=DIRECTION('',(0.E0,0.E0,1.E0));
#262=VECTOR('',#261,5.92E0);
#263=CARTESIAN_POINT('',(2.4835E1,1.585E0,-2.45E0));
#264=LINE('',#263,#262);
#265=DIRECTION('',(-1.E0,0.E0,0.E0));
#266=VECTOR('',#265,8.9E-1);
#267=CARTESIAN_POINT('',(-2.4865E1,1.585E0,-2.45E0));
#268=LINE('',#267,#266);
#269=DIRECTION('',(0.E0,0.E0,1.E0));
#270=VECTOR('',#269,5.92E0);
#271=CARTESIAN_POINT('',(-2.4865E1,1.585E0,-2.45E0));
#272=LINE('',#271,#270);
#273=DIRECTION('',(-1.E0,0.E0,0.E0));
#274=VECTOR('',#273,1.78E0);
#275=CARTESIAN_POINT('',(2.2655E1,1.585E0,-2.45E0));
#276=LINE('',#275,#274);
#277=DIRECTION('',(0.E0,0.E0,1.E0));
#278=VECTOR('',#277,5.92E0);
#279=CARTESIAN_POINT('',(2.2655E1,1.585E0,-2.45E0));
#280=LINE('',#279,#278);
#281=DIRECTION('',(0.E0,0.E0,1.E0));
#282=VECTOR('',#281,5.92E0);
#283=CARTESIAN_POINT('',(2.0875E1,1.585E0,-2.45E0));
#284=LINE('',#283,#282);
#285=DIRECTION('',(0.E0,0.E0,1.E0));
#286=VECTOR('',#285,5.92E0);
#287=CARTESIAN_POINT('',(-2.2685E1,1.585E0,-2.45E0));
#288=LINE('',#287,#286);
#289=DIRECTION('',(-1.E0,0.E0,0.E0));
#290=VECTOR('',#289,1.78E0);
#291=CARTESIAN_POINT('',(-2.0905E1,1.585E0,-2.45E0));
#292=LINE('',#291,#290);
#293=DIRECTION('',(0.E0,0.E0,1.E0));
#294=VECTOR('',#293,5.92E0);
#295=CARTESIAN_POINT('',(-2.0905E1,1.585E0,-2.45E0));
#296=LINE('',#295,#294);
#297=DIRECTION('',(-1.E0,0.E0,0.E0));
#298=VECTOR('',#297,1.78E0);
#299=CARTESIAN_POINT('',(1.8695E1,1.585E0,-2.45E0));
#300=LINE('',#299,#298);
#301=DIRECTION('',(0.E0,0.E0,1.E0));
#302=VECTOR('',#301,5.92E0);
#303=CARTESIAN_POINT('',(1.8695E1,1.585E0,-2.45E0));
#304=LINE('',#303,#302);
#305=DIRECTION('',(0.E0,0.E0,1.E0));
#306=VECTOR('',#305,5.92E0);
#307=CARTESIAN_POINT('',(1.6915E1,1.585E0,-2.45E0));
#308=LINE('',#307,#306);
#309=DIRECTION('',(-1.E0,0.E0,0.E0));
#310=VECTOR('',#309,1.78E0);
#311=CARTESIAN_POINT('',(1.4735E1,1.585E0,-2.45E0));
#312=LINE('',#311,#310);
#313=DIRECTION('',(0.E0,0.E0,1.E0));
#314=VECTOR('',#313,5.92E0);
#315=CARTESIAN_POINT('',(1.4735E1,1.585E0,-2.45E0));
#316=LINE('',#315,#314);
#317=DIRECTION('',(0.E0,0.E0,1.E0));
#318=VECTOR('',#317,5.92E0);
#319=CARTESIAN_POINT('',(1.2955E1,1.585E0,-2.45E0));
#320=LINE('',#319,#318);
#321=DIRECTION('',(-1.E0,0.E0,0.E0));
#322=VECTOR('',#321,1.78E0);
#323=CARTESIAN_POINT('',(6.815E0,1.585E0,-2.45E0));
#324=LINE('',#323,#322);
#325=DIRECTION('',(0.E0,0.E0,1.E0));
#326=VECTOR('',#325,5.92E0);
#327=CARTESIAN_POINT('',(6.815E0,1.585E0,-2.45E0));
#328=LINE('',#327,#326);
#329=DIRECTION('',(0.E0,0.E0,1.E0));
#330=VECTOR('',#329,5.92E0);
#331=CARTESIAN_POINT('',(5.035E0,1.585E0,-2.45E0));
#332=LINE('',#331,#330);
#333=DIRECTION('',(0.E0,0.E0,1.E0));
#334=VECTOR('',#333,5.92E0);
#335=CARTESIAN_POINT('',(-1.8725E1,1.585E0,-2.45E0));
#336=LINE('',#335,#334);
#337=DIRECTION('',(-1.E0,0.E0,0.E0));
#338=VECTOR('',#337,1.78E0);
#339=CARTESIAN_POINT('',(-1.6945E1,1.585E0,-2.45E0));
#340=LINE('',#339,#338);
#341=DIRECTION('',(0.E0,0.E0,1.E0));
#342=VECTOR('',#341,5.92E0);
#343=CARTESIAN_POINT('',(-1.6945E1,1.585E0,-2.45E0));
#344=LINE('',#343,#342);
#345=DIRECTION('',(0.E0,0.E0,1.E0));
#346=VECTOR('',#345,5.92E0);
#347=CARTESIAN_POINT('',(-1.0805E1,1.585E0,-2.45E0));
#348=LINE('',#347,#346);
#349=DIRECTION('',(-1.E0,0.E0,0.E0));
#350=VECTOR('',#349,1.78E0);
#351=CARTESIAN_POINT('',(-9.025E0,1.585E0,-2.45E0));
#352=LINE('',#351,#350);
#353=DIRECTION('',(0.E0,0.E0,1.E0));
#354=VECTOR('',#353,5.92E0);
#355=CARTESIAN_POINT('',(-9.025E0,1.585E0,-2.45E0));
#356=LINE('',#355,#354);
#357=DIRECTION('',(0.E0,0.E0,1.E0));
#358=VECTOR('',#357,5.92E0);
#359=CARTESIAN_POINT('',(-6.845E0,1.585E0,-2.45E0));
#360=LINE('',#359,#358);
#361=DIRECTION('',(-1.E0,0.E0,0.E0));
#362=VECTOR('',#361,1.78E0);
#363=CARTESIAN_POINT('',(-5.065E0,1.585E0,-2.45E0));
#364=LINE('',#363,#362);
#365=DIRECTION('',(0.E0,0.E0,1.E0));
#366=VECTOR('',#365,5.92E0);
#367=CARTESIAN_POINT('',(-5.065E0,1.585E0,-2.45E0));
#368=LINE('',#367,#366);
#369=DIRECTION('',(-1.E0,0.E0,0.E0));
#370=VECTOR('',#369,1.78E0);
#371=CARTESIAN_POINT('',(2.855E0,1.585E0,-2.45E0));
#372=LINE('',#371,#370);
#373=DIRECTION('',(0.E0,0.E0,1.E0));
#374=VECTOR('',#373,5.92E0);
#375=CARTESIAN_POINT('',(2.855E0,1.585E0,-2.45E0));
#376=LINE('',#375,#374);
#377=DIRECTION('',(0.E0,0.E0,1.E0));
#378=VECTOR('',#377,5.92E0);
#379=CARTESIAN_POINT('',(1.075E0,1.585E0,-2.45E0));
#380=LINE('',#379,#378);
#381=DIRECTION('',(0.E0,0.E0,1.E0));
#382=VECTOR('',#381,3.E0);
#383=CARTESIAN_POINT('',(-2.2305E1,1.585E0,-1.5E0));
#384=LINE('',#383,#382);
#385=DIRECTION('',(1.E0,0.E0,0.E0));
#386=VECTOR('',#385,1.02E0);
#387=CARTESIAN_POINT('',(-2.2305E1,1.585E0,1.5E0));
#388=LINE('',#387,#386);
#389=DIRECTION('',(0.E0,0.E0,-1.E0));
#390=VECTOR('',#389,3.E0);
#391=CARTESIAN_POINT('',(-2.1285E1,1.585E0,1.5E0));
#392=LINE('',#391,#390);
#393=DIRECTION('',(-1.E0,0.E0,0.E0));
#394=VECTOR('',#393,1.02E0);
#395=CARTESIAN_POINT('',(-2.1285E1,1.585E0,-1.5E0));
#396=LINE('',#395,#394);
#397=DIRECTION('',(0.E0,0.E0,1.E0));
#398=VECTOR('',#397,3.E0);
#399=CARTESIAN_POINT('',(-1.8345E1,1.585E0,-1.5E0));
#400=LINE('',#399,#398);
#401=DIRECTION('',(1.E0,0.E0,0.E0));
#402=VECTOR('',#401,1.02E0);
#403=CARTESIAN_POINT('',(-1.8345E1,1.585E0,1.5E0));
#404=LINE('',#403,#402);
#405=DIRECTION('',(0.E0,0.E0,-1.E0));
#406=VECTOR('',#405,3.E0);
#407=CARTESIAN_POINT('',(-1.7325E1,1.585E0,1.5E0));
#408=LINE('',#407,#406);
#409=DIRECTION('',(-1.E0,0.E0,0.E0));
#410=VECTOR('',#409,1.02E0);
#411=CARTESIAN_POINT('',(-1.7325E1,1.585E0,-1.5E0));
#412=LINE('',#411,#410);
#413=DIRECTION('',(0.E0,0.E0,1.E0));
#414=VECTOR('',#413,3.E0);
#415=CARTESIAN_POINT('',(-1.4385E1,1.585E0,-1.5E0));
#416=LINE('',#415,#414);
#417=DIRECTION('',(1.E0,0.E0,0.E0));
#418=VECTOR('',#417,1.02E0);
#419=CARTESIAN_POINT('',(-1.4385E1,1.585E0,1.5E0));
#420=LINE('',#419,#418);
#421=DIRECTION('',(0.E0,0.E0,-1.E0));
#422=VECTOR('',#421,3.E0);
#423=CARTESIAN_POINT('',(-1.3365E1,1.585E0,1.5E0));
#424=LINE('',#423,#422);
#425=DIRECTION('',(-1.E0,0.E0,0.E0));
#426=VECTOR('',#425,1.02E0);
#427=CARTESIAN_POINT('',(-1.3365E1,1.585E0,-1.5E0));
#428=LINE('',#427,#426);
#429=DIRECTION('',(0.E0,0.E0,1.E0));
#430=VECTOR('',#429,3.E0);
#431=CARTESIAN_POINT('',(-1.0425E1,1.585E0,-1.5E0));
#432=LINE('',#431,#430);
#433=DIRECTION('',(1.E0,0.E0,0.E0));
#434=VECTOR('',#433,1.02E0);
#435=CARTESIAN_POINT('',(-1.0425E1,1.585E0,1.5E0));
#436=LINE('',#435,#434);
#437=DIRECTION('',(0.E0,0.E0,-1.E0));
#438=VECTOR('',#437,3.E0);
#439=CARTESIAN_POINT('',(-9.405E0,1.585E0,1.5E0));
#440=LINE('',#439,#438);
#441=DIRECTION('',(-1.E0,0.E0,0.E0));
#442=VECTOR('',#441,1.02E0);
#443=CARTESIAN_POINT('',(-9.405E0,1.585E0,-1.5E0));
#444=LINE('',#443,#442);
#445=DIRECTION('',(0.E0,0.E0,1.E0));
#446=VECTOR('',#445,3.E0);
#447=CARTESIAN_POINT('',(-6.465E0,1.585E0,-1.5E0));
#448=LINE('',#447,#446);
#449=DIRECTION('',(1.E0,0.E0,0.E0));
#450=VECTOR('',#449,1.02E0);
#451=CARTESIAN_POINT('',(-6.465E0,1.585E0,1.5E0));
#452=LINE('',#451,#450);
#453=DIRECTION('',(0.E0,0.E0,-1.E0));
#454=VECTOR('',#453,3.E0);
#455=CARTESIAN_POINT('',(-5.445E0,1.585E0,1.5E0));
#456=LINE('',#455,#454);
#457=DIRECTION('',(-1.E0,0.E0,0.E0));
#458=VECTOR('',#457,1.02E0);
#459=CARTESIAN_POINT('',(-5.445E0,1.585E0,-1.5E0));
#460=LINE('',#459,#458);
#461=DIRECTION('',(0.E0,0.E0,1.E0));
#462=VECTOR('',#461,3.E0);
#463=CARTESIAN_POINT('',(-2.505E0,1.585E0,-1.5E0));
#464=LINE('',#463,#462);
#465=DIRECTION('',(1.E0,0.E0,0.E0));
#466=VECTOR('',#465,1.02E0);
#467=CARTESIAN_POINT('',(-2.505E0,1.585E0,1.5E0));
#468=LINE('',#467,#466);
#469=DIRECTION('',(0.E0,0.E0,-1.E0));
#470=VECTOR('',#469,3.E0);
#471=CARTESIAN_POINT('',(-1.485E0,1.585E0,1.5E0));
#472=LINE('',#471,#470);
#473=DIRECTION('',(-1.E0,0.E0,0.E0));
#474=VECTOR('',#473,1.02E0);
#475=CARTESIAN_POINT('',(-1.485E0,1.585E0,-1.5E0));
#476=LINE('',#475,#474);
#477=DIRECTION('',(0.E0,0.E0,1.E0));
#478=VECTOR('',#477,3.E0);
#479=CARTESIAN_POINT('',(1.455E0,1.585E0,-1.5E0));
#480=LINE('',#479,#478);
#481=DIRECTION('',(1.E0,0.E0,0.E0));
#482=VECTOR('',#481,1.02E0);
#483=CARTESIAN_POINT('',(1.455E0,1.585E0,1.5E0));
#484=LINE('',#483,#482);
#485=DIRECTION('',(0.E0,0.E0,-1.E0));
#486=VECTOR('',#485,3.E0);
#487=CARTESIAN_POINT('',(2.475E0,1.585E0,1.5E0));
#488=LINE('',#487,#486);
#489=DIRECTION('',(-1.E0,0.E0,0.E0));
#490=VECTOR('',#489,1.02E0);
#491=CARTESIAN_POINT('',(2.475E0,1.585E0,-1.5E0));
#492=LINE('',#491,#490);
#493=DIRECTION('',(0.E0,0.E0,1.E0));
#494=VECTOR('',#493,3.E0);
#495=CARTESIAN_POINT('',(5.415E0,1.585E0,-1.5E0));
#496=LINE('',#495,#494);
#497=DIRECTION('',(1.E0,0.E0,0.E0));
#498=VECTOR('',#497,1.02E0);
#499=CARTESIAN_POINT('',(5.415E0,1.585E0,1.5E0));
#500=LINE('',#499,#498);
#501=DIRECTION('',(0.E0,0.E0,-1.E0));
#502=VECTOR('',#501,3.E0);
#503=CARTESIAN_POINT('',(6.435E0,1.585E0,1.5E0));
#504=LINE('',#503,#502);
#505=DIRECTION('',(-1.E0,0.E0,0.E0));
#506=VECTOR('',#505,1.02E0);
#507=CARTESIAN_POINT('',(6.435E0,1.585E0,-1.5E0));
#508=LINE('',#507,#506);
#509=DIRECTION('',(0.E0,0.E0,1.E0));
#510=VECTOR('',#509,3.E0);
#511=CARTESIAN_POINT('',(9.375E0,1.585E0,-1.5E0));
#512=LINE('',#511,#510);
#513=DIRECTION('',(1.E0,0.E0,0.E0));
#514=VECTOR('',#513,1.02E0);
#515=CARTESIAN_POINT('',(9.375E0,1.585E0,1.5E0));
#516=LINE('',#515,#514);
#517=DIRECTION('',(0.E0,0.E0,-1.E0));
#518=VECTOR('',#517,3.E0);
#519=CARTESIAN_POINT('',(1.0395E1,1.585E0,1.5E0));
#520=LINE('',#519,#518);
#521=DIRECTION('',(-1.E0,0.E0,0.E0));
#522=VECTOR('',#521,1.02E0);
#523=CARTESIAN_POINT('',(1.0395E1,1.585E0,-1.5E0));
#524=LINE('',#523,#522);
#525=DIRECTION('',(0.E0,0.E0,1.E0));
#526=VECTOR('',#525,3.E0);
#527=CARTESIAN_POINT('',(1.3335E1,1.585E0,-1.5E0));
#528=LINE('',#527,#526);
#529=DIRECTION('',(1.E0,0.E0,0.E0));
#530=VECTOR('',#529,1.02E0);
#531=CARTESIAN_POINT('',(1.3335E1,1.585E0,1.5E0));
#532=LINE('',#531,#530);
#533=DIRECTION('',(0.E0,0.E0,-1.E0));
#534=VECTOR('',#533,3.E0);
#535=CARTESIAN_POINT('',(1.4355E1,1.585E0,1.5E0));
#536=LINE('',#535,#534);
#537=DIRECTION('',(-1.E0,0.E0,0.E0));
#538=VECTOR('',#537,1.02E0);
#539=CARTESIAN_POINT('',(1.4355E1,1.585E0,-1.5E0));
#540=LINE('',#539,#538);
#541=DIRECTION('',(0.E0,0.E0,1.E0));
#542=VECTOR('',#541,3.E0);
#543=CARTESIAN_POINT('',(1.7295E1,1.585E0,-1.5E0));
#544=LINE('',#543,#542);
#545=DIRECTION('',(1.E0,0.E0,0.E0));
#546=VECTOR('',#545,1.02E0);
#547=CARTESIAN_POINT('',(1.7295E1,1.585E0,1.5E0));
#548=LINE('',#547,#546);
#549=DIRECTION('',(0.E0,0.E0,-1.E0));
#550=VECTOR('',#549,3.E0);
#551=CARTESIAN_POINT('',(1.8315E1,1.585E0,1.5E0));
#552=LINE('',#551,#550);
#553=DIRECTION('',(-1.E0,0.E0,0.E0));
#554=VECTOR('',#553,1.02E0);
#555=CARTESIAN_POINT('',(1.8315E1,1.585E0,-1.5E0));
#556=LINE('',#555,#554);
#557=DIRECTION('',(0.E0,0.E0,1.E0));
#558=VECTOR('',#557,3.E0);
#559=CARTESIAN_POINT('',(2.1255E1,1.585E0,-1.5E0));
#560=LINE('',#559,#558);
#561=DIRECTION('',(1.E0,0.E0,0.E0));
#562=VECTOR('',#561,1.02E0);
#563=CARTESIAN_POINT('',(2.1255E1,1.585E0,1.5E0));
#564=LINE('',#563,#562);
#565=DIRECTION('',(0.E0,0.E0,-1.E0));
#566=VECTOR('',#565,3.E0);
#567=CARTESIAN_POINT('',(2.2275E1,1.585E0,1.5E0));
#568=LINE('',#567,#566);
#569=DIRECTION('',(-1.E0,0.E0,0.E0));
#570=VECTOR('',#569,1.02E0);
#571=CARTESIAN_POINT('',(2.2275E1,1.585E0,-1.5E0));
#572=LINE('',#571,#570);
#573=DIRECTION('',(-1.E0,0.E0,0.E0));
#574=VECTOR('',#573,3.8E-1);
#575=CARTESIAN_POINT('',(-1.4385E1,1.585E0,-2.45E0));
#576=LINE('',#575,#574);
#577=DIRECTION('',(0.E0,0.E0,-1.E0));
#578=VECTOR('',#577,9.8E-1);
#579=CARTESIAN_POINT('',(-1.4385E1,1.585E0,-2.45E0));
#580=LINE('',#579,#578);
#581=DIRECTION('',(-1.E0,0.E0,0.E0));
#582=VECTOR('',#581,3.8E-1);
#583=CARTESIAN_POINT('',(-1.2985E1,1.585E0,-2.45E0));
#584=LINE('',#583,#582);
#585=DIRECTION('',(0.E0,0.E0,1.E0));
#586=VECTOR('',#585,5.92E0);
#587=CARTESIAN_POINT('',(-1.2985E1,1.585E0,-2.45E0));
#588=LINE('',#587,#586);
#589=DIRECTION('',(0.E0,0.E0,1.E0));
#590=VECTOR('',#589,5.92E0);
#591=CARTESIAN_POINT('',(-1.4765E1,1.585E0,-2.45E0));
#592=LINE('',#591,#590);
#593=DIRECTION('',(-1.E0,0.E0,0.E0));
#594=VECTOR('',#593,3.8E-1);
#595=CARTESIAN_POINT('',(-2.505E0,1.585E0,-2.45E0));
#596=LINE('',#595,#594);
#597=DIRECTION('',(0.E0,0.E0,-1.E0));
#598=VECTOR('',#597,9.8E-1);
#599=CARTESIAN_POINT('',(-2.505E0,1.585E0,-2.45E0));
#600=LINE('',#599,#598);
#601=DIRECTION('',(-1.E0,0.E0,0.E0));
#602=VECTOR('',#601,3.8E-1);
#603=CARTESIAN_POINT('',(-1.105E0,1.585E0,-2.45E0));
#604=LINE('',#603,#602);
#605=DIRECTION('',(0.E0,0.E0,1.E0));
#606=VECTOR('',#605,5.92E0);
#607=CARTESIAN_POINT('',(-1.105E0,1.585E0,-2.45E0));
#608=LINE('',#607,#606);
#609=DIRECTION('',(0.E0,0.E0,1.E0));
#610=VECTOR('',#609,5.92E0);
#611=CARTESIAN_POINT('',(-2.885E0,1.585E0,-2.45E0));
#612=LINE('',#611,#610);
#613=DIRECTION('',(-1.E0,0.E0,0.E0));
#614=VECTOR('',#613,3.8E-1);
#615=CARTESIAN_POINT('',(9.375E0,1.585E0,-2.45E0));
#616=LINE('',#615,#614);
#617=DIRECTION('',(0.E0,0.E0,-1.E0));
#618=VECTOR('',#617,9.8E-1);
#619=CARTESIAN_POINT('',(9.375E0,1.585E0,-2.45E0));
#620=LINE('',#619,#618);
#621=DIRECTION('',(-1.E0,0.E0,0.E0));
#622=VECTOR('',#621,3.8E-1);
#623=CARTESIAN_POINT('',(1.0775E1,1.585E0,-2.45E0));
#624=LINE('',#623,#622);
#625=DIRECTION('',(0.E0,0.E0,1.E0));
#626=VECTOR('',#625,5.92E0);
#627=CARTESIAN_POINT('',(1.0775E1,1.585E0,-2.45E0));
#628=LINE('',#627,#626);
#629=DIRECTION('',(0.E0,0.E0,1.E0));
#630=VECTOR('',#629,5.92E0);
#631=CARTESIAN_POINT('',(8.995E0,1.585E0,-2.45E0));
#632=LINE('',#631,#630);
#633=DIRECTION('',(0.E0,-1.E0,0.E0));
#634=VECTOR('',#633,5.291820693124E0);
#635=CARTESIAN_POINT('',(-1.4385E1,6.876820693124E0,-2.45E0));
#636=LINE('',#635,#634);
#637=DIRECTION('',(1.E0,0.E0,0.E0));
#638=VECTOR('',#637,1.137E1);
#639=CARTESIAN_POINT('',(-2.5755E1,6.876820693124E0,-2.45E0));
#640=LINE('',#639,#638);
#641=DIRECTION('',(0.E0,-1.E0,0.E0));
#642=VECTOR('',#641,5.291820693124E0);
#643=CARTESIAN_POINT('',(-2.505E0,6.876820693124E0,-2.45E0));
#644=LINE('',#643,#642);
#645=DIRECTION('',(0.E0,-1.E0,0.E0));
#646=VECTOR('',#645,5.291820693124E0);
#647=CARTESIAN_POINT('',(-1.3365E1,6.876820693124E0,-2.45E0));
#648=LINE('',#647,#646);
#649=DIRECTION('',(1.E0,0.E0,0.E0));
#650=VECTOR('',#649,1.086E1);
#651=CARTESIAN_POINT('',(-1.3365E1,6.876820693124E0,-2.45E0));
#652=LINE('',#651,#650);
#653=DIRECTION('',(0.E0,-1.E0,0.E0));
#654=VECTOR('',#653,5.291820693124E0);
#655=CARTESIAN_POINT('',(9.375E0,6.876820693124E0,-2.45E0));
#656=LINE('',#655,#654);
#657=DIRECTION('',(0.E0,-1.E0,0.E0));
#658=VECTOR('',#657,5.291820693124E0);
#659=CARTESIAN_POINT('',(-1.485E0,6.876820693124E0,-2.45E0));
#660=LINE('',#659,#658);
#661=DIRECTION('',(1.E0,0.E0,0.E0));
#662=VECTOR('',#661,1.086E1);
#663=CARTESIAN_POINT('',(-1.485E0,6.876820693124E0,-2.45E0));
#664=LINE('',#663,#662);
#665=DIRECTION('',(0.E0,-1.E0,0.E0));
#666=VECTOR('',#665,5.291820693124E0);
#667=CARTESIAN_POINT('',(1.0395E1,6.876820693124E0,-2.45E0));
#668=LINE('',#667,#666);
#669=DIRECTION('',(1.E0,0.E0,0.E0));
#670=VECTOR('',#669,1.536E1);
#671=CARTESIAN_POINT('',(1.0395E1,6.876820693124E0,-2.45E0));
#672=LINE('',#671,#670);
#673=DIRECTION('',(0.E0,-8.660254037844E-1,5.E-1));
#674=VECTOR('',#673,7.6E-1);
#675=CARTESIAN_POINT('',(-1.4385E1,7.535E0,-2.83E0));
#676=LINE('',#675,#674);
#677=DIRECTION('',(1.E0,0.E0,0.E0));
#678=VECTOR('',#677,1.137E1);
#679=CARTESIAN_POINT('',(-2.5755E1,7.535E0,-2.83E0));
#680=LINE('',#679,#678);
#681=DIRECTION('',(0.E0,-8.660254037844E-1,5.E-1));
#682=VECTOR('',#681,7.6E-1);
#683=CARTESIAN_POINT('',(-2.505E0,7.535E0,-2.83E0));
#684=LINE('',#683,#682);
#685=DIRECTION('',(0.E0,-8.660254037844E-1,5.E-1));
#686=VECTOR('',#685,7.6E-1);
#687=CARTESIAN_POINT('',(-1.3365E1,7.535E0,-2.83E0));
#688=LINE('',#687,#686);
#689=DIRECTION('',(1.E0,0.E0,0.E0));
#690=VECTOR('',#689,1.086E1);
#691=CARTESIAN_POINT('',(-1.3365E1,7.535E0,-2.83E0));
#692=LINE('',#691,#690);
#693=DIRECTION('',(0.E0,-8.660254037844E-1,5.E-1));
#694=VECTOR('',#693,7.6E-1);
#695=CARTESIAN_POINT('',(9.375E0,7.535E0,-2.83E0));
#696=LINE('',#695,#694);
#697=DIRECTION('',(0.E0,-8.660254037844E-1,5.E-1));
#698=VECTOR('',#697,7.6E-1);
#699=CARTESIAN_POINT('',(-1.485E0,7.535E0,-2.83E0));
#700=LINE('',#699,#698);
#701=DIRECTION('',(1.E0,0.E0,0.E0));
#702=VECTOR('',#701,1.086E1);
#703=CARTESIAN_POINT('',(-1.485E0,7.535E0,-2.83E0));
#704=LINE('',#703,#702);
#705=DIRECTION('',(0.E0,-8.660254037844E-1,5.E-1));
#706=VECTOR('',#705,7.6E-1);
#707=CARTESIAN_POINT('',(1.0395E1,7.535E0,-2.83E0));
#708=LINE('',#707,#706);
#709=DIRECTION('',(1.E0,0.E0,0.E0));
#710=VECTOR('',#709,1.536E1);
#711=CARTESIAN_POINT('',(1.0395E1,7.535E0,-2.83E0));
#712=LINE('',#711,#710);
#713=DIRECTION('',(0.E0,1.E0,0.E0));
#714=VECTOR('',#713,9.12E0);
#715=CARTESIAN_POINT('',(-2.5755E1,-1.585E0,-3.43E0));
#716=LINE('',#715,#714);
#717=DIRECTION('',(0.E0,0.E0,-1.E0));
#718=VECTOR('',#717,6.E-1);
#719=CARTESIAN_POINT('',(-2.5755E1,7.535E0,-2.83E0));
#720=LINE('',#719,#718);
#721=DIRECTION('',(0.E0,8.660254037844E-1,-5.E-1));
#722=VECTOR('',#721,7.6E-1);
#723=CARTESIAN_POINT('',(-2.5755E1,6.876820693124E0,-2.45E0));
#724=LINE('',#723,#722);
#725=DIRECTION('',(0.E0,-1.E0,0.E0));
#726=VECTOR('',#725,5.291820693124E0);
#727=CARTESIAN_POINT('',(-2.5755E1,6.876820693124E0,-2.45E0));
#728=LINE('',#727,#726);
#729=DIRECTION('',(0.E0,0.E0,1.E0));
#730=VECTOR('',#729,5.92E0);
#731=CARTESIAN_POINT('',(-2.5755E1,1.585E0,-2.45E0));
#732=LINE('',#731,#730);
#733=DIRECTION('',(0.E0,0.E0,1.E0));
#734=VECTOR('',#733,6.E-1);
#735=CARTESIAN_POINT('',(-1.4385E1,7.535E0,-3.43E0));
#736=LINE('',#735,#734);
#737=DIRECTION('',(1.E0,0.E0,0.E0));
#738=VECTOR('',#737,1.137E1);
#739=CARTESIAN_POINT('',(-2.5755E1,7.535E0,-3.43E0));
#740=LINE('',#739,#738);
#741=DIRECTION('',(0.E0,0.E0,1.E0));
#742=VECTOR('',#741,6.E-1);
#743=CARTESIAN_POINT('',(-2.505E0,7.535E0,-3.43E0));
#744=LINE('',#743,#742);
#745=DIRECTION('',(0.E0,0.E0,1.E0));
#746=VECTOR('',#745,6.E-1);
#747=CARTESIAN_POINT('',(-1.3365E1,7.535E0,-3.43E0));
#748=LINE('',#747,#746);
#749=DIRECTION('',(1.E0,0.E0,0.E0));
#750=VECTOR('',#749,1.086E1);
#751=CARTESIAN_POINT('',(-1.3365E1,7.535E0,-3.43E0));
#752=LINE('',#751,#750);
#753=DIRECTION('',(0.E0,0.E0,1.E0));
#754=VECTOR('',#753,6.E-1);
#755=CARTESIAN_POINT('',(9.375E0,7.535E0,-3.43E0));
#756=LINE('',#755,#754);
#757=DIRECTION('',(0.E0,0.E0,1.E0));
#758=VECTOR('',#757,6.E-1);
#759=CARTESIAN_POINT('',(-1.485E0,7.535E0,-3.43E0));
#760=LINE('',#759,#758);
#761=DIRECTION('',(1.E0,0.E0,0.E0));
#762=VECTOR('',#761,1.086E1);
#763=CARTESIAN_POINT('',(-1.485E0,7.535E0,-3.43E0));
#764=LINE('',#763,#762);
#765=DIRECTION('',(0.E0,0.E0,1.E0));
#766=VECTOR('',#765,6.E-1);
#767=CARTESIAN_POINT('',(1.0395E1,7.535E0,-3.43E0));
#768=LINE('',#767,#766);
#769=DIRECTION('',(1.E0,0.E0,0.E0));
#770=VECTOR('',#769,1.536E1);
#771=CARTESIAN_POINT('',(1.0395E1,7.535E0,-3.43E0));
#772=LINE('',#771,#770);
#773=DIRECTION('',(0.E0,0.E0,-1.E0));
#774=VECTOR('',#773,9.8E-1);
#775=CARTESIAN_POINT('',(-1.3365E1,1.585E0,-2.45E0));
#776=LINE('',#775,#774);
#777=DIRECTION('',(0.E0,0.E0,-1.E0));
#778=VECTOR('',#777,9.8E-1);
#779=CARTESIAN_POINT('',(-1.485E0,1.585E0,-2.45E0));
#780=LINE('',#779,#778);
#781=DIRECTION('',(0.E0,0.E0,-1.E0));
#782=VECTOR('',#781,9.8E-1);
#783=CARTESIAN_POINT('',(1.0395E1,1.585E0,-2.45E0));
#784=LINE('',#783,#782);
#785=DIRECTION('',(0.E0,-1.E0,0.E0));
#786=VECTOR('',#785,5.291820693124E0);
#787=CARTESIAN_POINT('',(2.5755E1,6.876820693124E0,-2.45E0));
#788=LINE('',#787,#786);
#789=DIRECTION('',(0.E0,-8.660254037844E-1,5.E-1));
#790=VECTOR('',#789,7.6E-1);
#791=CARTESIAN_POINT('',(2.5755E1,7.535E0,-2.83E0));
#792=LINE('',#791,#790);
#793=DIRECTION('',(0.E0,0.E0,1.E0));
#794=VECTOR('',#793,6.E-1);
#795=CARTESIAN_POINT('',(2.5755E1,7.535E0,-3.43E0));
#796=LINE('',#795,#794);
#797=DIRECTION('',(0.E0,0.E0,1.E0));
#798=VECTOR('',#797,6.9E0);
#799=CARTESIAN_POINT('',(2.5755E1,-1.585E0,-3.43E0));
#800=LINE('',#799,#798);
#801=DIRECTION('',(0.E0,0.E0,1.E0));
#802=VECTOR('',#801,6.9E0);
#803=CARTESIAN_POINT('',(-2.4865E1,-1.585E0,-3.43E0));
#804=LINE('',#803,#802);
#805=DIRECTION('',(0.E0,0.E0,1.E0));
#806=VECTOR('',#805,6.9E0);
#807=CARTESIAN_POINT('',(-2.5755E1,-1.585E0,-3.43E0));
#808=LINE('',#807,#806);
#809=DIRECTION('',(0.E0,0.E0,1.E0));
#810=VECTOR('',#809,6.9E0);
#811=CARTESIAN_POINT('',(-2.0905E1,-1.585E0,-3.43E0));
#812=LINE('',#811,#810);
#813=DIRECTION('',(0.E0,0.E0,1.E0));
#814=VECTOR('',#813,6.9E0);
#815=CARTESIAN_POINT('',(-2.2685E1,-1.585E0,-3.43E0));
#816=LINE('',#815,#814);
#817=DIRECTION('',(0.E0,0.E0,1.E0));
#818=VECTOR('',#817,6.9E0);
#819=CARTESIAN_POINT('',(-1.6945E1,-1.585E0,-3.43E0));
#820=LINE('',#819,#818);
#821=DIRECTION('',(0.E0,0.E0,1.E0));
#822=VECTOR('',#821,6.9E0);
#823=CARTESIAN_POINT('',(-1.8725E1,-1.585E0,-3.43E0));
#824=LINE('',#823,#822);
#825=DIRECTION('',(0.E0,0.E0,1.E0));
#826=VECTOR('',#825,6.9E0);
#827=CARTESIAN_POINT('',(-1.2985E1,-1.585E0,-3.43E0));
#828=LINE('',#827,#826);
#829=DIRECTION('',(0.E0,0.E0,1.E0));
#830=VECTOR('',#829,6.9E0);
#831=CARTESIAN_POINT('',(-1.4765E1,-1.585E0,-3.43E0));
#832=LINE('',#831,#830);
#833=DIRECTION('',(0.E0,0.E0,1.E0));
#834=VECTOR('',#833,6.9E0);
#835=CARTESIAN_POINT('',(-9.025E0,-1.585E0,-3.43E0));
#836=LINE('',#835,#834);
#837=DIRECTION('',(0.E0,0.E0,1.E0));
#838=VECTOR('',#837,6.9E0);
#839=CARTESIAN_POINT('',(-1.0805E1,-1.585E0,-3.43E0));
#840=LINE('',#839,#838);
#841=DIRECTION('',(0.E0,0.E0,1.E0));
#842=VECTOR('',#841,6.9E0);
#843=CARTESIAN_POINT('',(-5.065E0,-1.585E0,-3.43E0));
#844=LINE('',#843,#842);
#845=DIRECTION('',(0.E0,0.E0,1.E0));
#846=VECTOR('',#845,6.9E0);
#847=CARTESIAN_POINT('',(-6.845E0,-1.585E0,-3.43E0));
#848=LINE('',#847,#846);
#849=DIRECTION('',(0.E0,0.E0,1.E0));
#850=VECTOR('',#849,6.9E0);
#851=CARTESIAN_POINT('',(-1.105E0,-1.585E0,-3.43E0));
#852=LINE('',#851,#850);
#853=DIRECTION('',(0.E0,0.E0,1.E0));
#854=VECTOR('',#853,6.9E0);
#855=CARTESIAN_POINT('',(-2.885E0,-1.585E0,-3.43E0));
#856=LINE('',#855,#854);
#857=DIRECTION('',(0.E0,0.E0,1.E0));
#858=VECTOR('',#857,6.9E0);
#859=CARTESIAN_POINT('',(2.855E0,-1.585E0,-3.43E0));
#860=LINE('',#859,#858);
#861=DIRECTION('',(0.E0,0.E0,1.E0));
#862=VECTOR('',#861,6.9E0);
#863=CARTESIAN_POINT('',(1.075E0,-1.585E0,-3.43E0));
#864=LINE('',#863,#862);
#865=DIRECTION('',(0.E0,0.E0,1.E0));
#866=VECTOR('',#865,6.9E0);
#867=CARTESIAN_POINT('',(6.815E0,-1.585E0,-3.43E0));
#868=LINE('',#867,#866);
#869=DIRECTION('',(0.E0,0.E0,1.E0));
#870=VECTOR('',#869,6.9E0);
#871=CARTESIAN_POINT('',(5.035E0,-1.585E0,-3.43E0));
#872=LINE('',#871,#870);
#873=DIRECTION('',(0.E0,0.E0,1.E0));
#874=VECTOR('',#873,6.9E0);
#875=CARTESIAN_POINT('',(1.0775E1,-1.585E0,-3.43E0));
#876=LINE('',#875,#874);
#877=DIRECTION('',(0.E0,0.E0,1.E0));
#878=VECTOR('',#877,6.9E0);
#879=CARTESIAN_POINT('',(8.995E0,-1.585E0,-3.43E0));
#880=LINE('',#879,#878);
#881=DIRECTION('',(0.E0,0.E0,1.E0));
#882=VECTOR('',#881,6.9E0);
#883=CARTESIAN_POINT('',(1.4735E1,-1.585E0,-3.43E0));
#884=LINE('',#883,#882);
#885=DIRECTION('',(0.E0,0.E0,1.E0));
#886=VECTOR('',#885,6.9E0);
#887=CARTESIAN_POINT('',(1.2955E1,-1.585E0,-3.43E0));
#888=LINE('',#887,#886);
#889=DIRECTION('',(0.E0,0.E0,1.E0));
#890=VECTOR('',#889,6.9E0);
#891=CARTESIAN_POINT('',(1.8695E1,-1.585E0,-3.43E0));
#892=LINE('',#891,#890);
#893=DIRECTION('',(0.E0,0.E0,1.E0));
#894=VECTOR('',#893,6.9E0);
#895=CARTESIAN_POINT('',(1.6915E1,-1.585E0,-3.43E0));
#896=LINE('',#895,#894);
#897=DIRECTION('',(0.E0,0.E0,1.E0));
#898=VECTOR('',#897,6.9E0);
#899=CARTESIAN_POINT('',(2.4835E1,-1.585E0,-3.43E0));
#900=LINE('',#899,#898);
#901=DIRECTION('',(0.E0,0.E0,1.E0));
#902=VECTOR('',#901,6.9E0);
#903=CARTESIAN_POINT('',(2.2655E1,-1.585E0,-3.43E0));
#904=LINE('',#903,#902);
#905=DIRECTION('',(0.E0,0.E0,1.E0));
#906=VECTOR('',#905,6.9E0);
#907=CARTESIAN_POINT('',(2.0875E1,-1.585E0,-3.43E0));
#908=LINE('',#907,#906);
#909=DIRECTION('',(0.E0,0.E0,1.E0));
#910=VECTOR('',#909,3.E0);
#911=CARTESIAN_POINT('',(-2.2305E1,-1.585E0,-1.5E0));
#912=LINE('',#911,#910);
#913=DIRECTION('',(-1.E0,0.E0,0.E0));
#914=VECTOR('',#913,1.02E0);
#915=CARTESIAN_POINT('',(-2.1285E1,-1.585E0,-1.5E0));
#916=LINE('',#915,#914);
#917=DIRECTION('',(0.E0,0.E0,-1.E0));
#918=VECTOR('',#917,3.E0);
#919=CARTESIAN_POINT('',(-2.1285E1,-1.585E0,1.5E0));
#920=LINE('',#919,#918);
#921=DIRECTION('',(1.E0,0.E0,0.E0));
#922=VECTOR('',#921,1.02E0);
#923=CARTESIAN_POINT('',(-2.2305E1,-1.585E0,1.5E0));
#924=LINE('',#923,#922);
#925=DIRECTION('',(0.E0,0.E0,1.E0));
#926=VECTOR('',#925,3.E0);
#927=CARTESIAN_POINT('',(-1.8345E1,-1.585E0,-1.5E0));
#928=LINE('',#927,#926);
#929=DIRECTION('',(-1.E0,0.E0,0.E0));
#930=VECTOR('',#929,1.02E0);
#931=CARTESIAN_POINT('',(-1.7325E1,-1.585E0,-1.5E0));
#932=LINE('',#931,#930);
#933=DIRECTION('',(0.E0,0.E0,-1.E0));
#934=VECTOR('',#933,3.E0);
#935=CARTESIAN_POINT('',(-1.7325E1,-1.585E0,1.5E0));
#936=LINE('',#935,#934);
#937=DIRECTION('',(1.E0,0.E0,0.E0));
#938=VECTOR('',#937,1.02E0);
#939=CARTESIAN_POINT('',(-1.8345E1,-1.585E0,1.5E0));
#940=LINE('',#939,#938);
#941=DIRECTION('',(0.E0,0.E0,1.E0));
#942=VECTOR('',#941,3.E0);
#943=CARTESIAN_POINT('',(-1.4385E1,-1.585E0,-1.5E0));
#944=LINE('',#943,#942);
#945=DIRECTION('',(-1.E0,0.E0,0.E0));
#946=VECTOR('',#945,1.02E0);
#947=CARTESIAN_POINT('',(-1.3365E1,-1.585E0,-1.5E0));
#948=LINE('',#947,#946);
#949=DIRECTION('',(0.E0,0.E0,-1.E0));
#950=VECTOR('',#949,3.E0);
#951=CARTESIAN_POINT('',(-1.3365E1,-1.585E0,1.5E0));
#952=LINE('',#951,#950);
#953=DIRECTION('',(1.E0,0.E0,0.E0));
#954=VECTOR('',#953,1.02E0);
#955=CARTESIAN_POINT('',(-1.4385E1,-1.585E0,1.5E0));
#956=LINE('',#955,#954);
#957=DIRECTION('',(0.E0,0.E0,1.E0));
#958=VECTOR('',#957,3.E0);
#959=CARTESIAN_POINT('',(-1.0425E1,-1.585E0,-1.5E0));
#960=LINE('',#959,#958);
#961=DIRECTION('',(-1.E0,0.E0,0.E0));
#962=VECTOR('',#961,1.02E0);
#963=CARTESIAN_POINT('',(-9.405E0,-1.585E0,-1.5E0));
#964=LINE('',#963,#962);
#965=DIRECTION('',(0.E0,0.E0,-1.E0));
#966=VECTOR('',#965,3.E0);
#967=CARTESIAN_POINT('',(-9.405E0,-1.585E0,1.5E0));
#968=LINE('',#967,#966);
#969=DIRECTION('',(1.E0,0.E0,0.E0));
#970=VECTOR('',#969,1.02E0);
#971=CARTESIAN_POINT('',(-1.0425E1,-1.585E0,1.5E0));
#972=LINE('',#971,#970);
#973=DIRECTION('',(0.E0,0.E0,1.E0));
#974=VECTOR('',#973,3.E0);
#975=CARTESIAN_POINT('',(-6.465E0,-1.585E0,-1.5E0));
#976=LINE('',#975,#974);
#977=DIRECTION('',(-1.E0,0.E0,0.E0));
#978=VECTOR('',#977,1.02E0);
#979=CARTESIAN_POINT('',(-5.445E0,-1.585E0,-1.5E0));
#980=LINE('',#979,#978);
#981=DIRECTION('',(0.E0,0.E0,-1.E0));
#982=VECTOR('',#981,3.E0);
#983=CARTESIAN_POINT('',(-5.445E0,-1.585E0,1.5E0));
#984=LINE('',#983,#982);
#985=DIRECTION('',(1.E0,0.E0,0.E0));
#986=VECTOR('',#985,1.02E0);
#987=CARTESIAN_POINT('',(-6.465E0,-1.585E0,1.5E0));
#988=LINE('',#987,#986);
#989=DIRECTION('',(0.E0,0.E0,1.E0));
#990=VECTOR('',#989,3.E0);
#991=CARTESIAN_POINT('',(-2.505E0,-1.585E0,-1.5E0));
#992=LINE('',#991,#990);
#993=DIRECTION('',(-1.E0,0.E0,0.E0));
#994=VECTOR('',#993,1.02E0);
#995=CARTESIAN_POINT('',(-1.485E0,-1.585E0,-1.5E0));
#996=LINE('',#995,#994);
#997=DIRECTION('',(0.E0,0.E0,-1.E0));
#998=VECTOR('',#997,3.E0);
#999=CARTESIAN_POINT('',(-1.485E0,-1.585E0,1.5E0));
#1000=LINE('',#999,#998);
#1001=DIRECTION('',(1.E0,0.E0,0.E0));
#1002=VECTOR('',#1001,1.02E0);
#1003=CARTESIAN_POINT('',(-2.505E0,-1.585E0,1.5E0));
#1004=LINE('',#1003,#1002);
#1005=DIRECTION('',(0.E0,0.E0,1.E0));
#1006=VECTOR('',#1005,3.E0);
#1007=CARTESIAN_POINT('',(1.455E0,-1.585E0,-1.5E0));
#1008=LINE('',#1007,#1006);
#1009=DIRECTION('',(-1.E0,0.E0,0.E0));
#1010=VECTOR('',#1009,1.02E0);
#1011=CARTESIAN_POINT('',(2.475E0,-1.585E0,-1.5E0));
#1012=LINE('',#1011,#1010);
#1013=DIRECTION('',(0.E0,0.E0,-1.E0));
#1014=VECTOR('',#1013,3.E0);
#1015=CARTESIAN_POINT('',(2.475E0,-1.585E0,1.5E0));
#1016=LINE('',#1015,#1014);
#1017=DIRECTION('',(1.E0,0.E0,0.E0));
#1018=VECTOR('',#1017,1.02E0);
#1019=CARTESIAN_POINT('',(1.455E0,-1.585E0,1.5E0));
#1020=LINE('',#1019,#1018);
#1021=DIRECTION('',(0.E0,0.E0,1.E0));
#1022=VECTOR('',#1021,3.E0);
#1023=CARTESIAN_POINT('',(5.415E0,-1.585E0,-1.5E0));
#1024=LINE('',#1023,#1022);
#1025=DIRECTION('',(-1.E0,0.E0,0.E0));
#1026=VECTOR('',#1025,1.02E0);
#1027=CARTESIAN_POINT('',(6.435E0,-1.585E0,-1.5E0));
#1028=LINE('',#1027,#1026);
#1029=DIRECTION('',(0.E0,0.E0,-1.E0));
#1030=VECTOR('',#1029,3.E0);
#1031=CARTESIAN_POINT('',(6.435E0,-1.585E0,1.5E0));
#1032=LINE('',#1031,#1030);
#1033=DIRECTION('',(1.E0,0.E0,0.E0));
#1034=VECTOR('',#1033,1.02E0);
#1035=CARTESIAN_POINT('',(5.415E0,-1.585E0,1.5E0));
#1036=LINE('',#1035,#1034);
#1037=DIRECTION('',(0.E0,0.E0,1.E0));
#1038=VECTOR('',#1037,3.E0);
#1039=CARTESIAN_POINT('',(9.375E0,-1.585E0,-1.5E0));
#1040=LINE('',#1039,#1038);
#1041=DIRECTION('',(-1.E0,0.E0,0.E0));
#1042=VECTOR('',#1041,1.02E0);
#1043=CARTESIAN_POINT('',(1.0395E1,-1.585E0,-1.5E0));
#1044=LINE('',#1043,#1042);
#1045=DIRECTION('',(0.E0,0.E0,-1.E0));
#1046=VECTOR('',#1045,3.E0);
#1047=CARTESIAN_POINT('',(1.0395E1,-1.585E0,1.5E0));
#1048=LINE('',#1047,#1046);
#1049=DIRECTION('',(1.E0,0.E0,0.E0));
#1050=VECTOR('',#1049,1.02E0);
#1051=CARTESIAN_POINT('',(9.375E0,-1.585E0,1.5E0));
#1052=LINE('',#1051,#1050);
#1053=DIRECTION('',(0.E0,0.E0,1.E0));
#1054=VECTOR('',#1053,3.E0);
#1055=CARTESIAN_POINT('',(1.3335E1,-1.585E0,-1.5E0));
#1056=LINE('',#1055,#1054);
#1057=DIRECTION('',(-1.E0,0.E0,0.E0));
#1058=VECTOR('',#1057,1.02E0);
#1059=CARTESIAN_POINT('',(1.4355E1,-1.585E0,-1.5E0));
#1060=LINE('',#1059,#1058);
#1061=DIRECTION('',(0.E0,0.E0,-1.E0));
#1062=VECTOR('',#1061,3.E0);
#1063=CARTESIAN_POINT('',(1.4355E1,-1.585E0,1.5E0));
#1064=LINE('',#1063,#1062);
#1065=DIRECTION('',(1.E0,0.E0,0.E0));
#1066=VECTOR('',#1065,1.02E0);
#1067=CARTESIAN_POINT('',(1.3335E1,-1.585E0,1.5E0));
#1068=LINE('',#1067,#1066);
#1069=DIRECTION('',(0.E0,0.E0,1.E0));
#1070=VECTOR('',#1069,3.E0);
#1071=CARTESIAN_POINT('',(1.7295E1,-1.585E0,-1.5E0));
#1072=LINE('',#1071,#1070);
#1073=DIRECTION('',(-1.E0,0.E0,0.E0));
#1074=VECTOR('',#1073,1.02E0);
#1075=CARTESIAN_POINT('',(1.8315E1,-1.585E0,-1.5E0));
#1076=LINE('',#1075,#1074);
#1077=DIRECTION('',(0.E0,0.E0,-1.E0));
#1078=VECTOR('',#1077,3.E0);
#1079=CARTESIAN_POINT('',(1.8315E1,-1.585E0,1.5E0));
#1080=LINE('',#1079,#1078);
#1081=DIRECTION('',(1.E0,0.E0,0.E0));
#1082=VECTOR('',#1081,1.02E0);
#1083=CARTESIAN_POINT('',(1.7295E1,-1.585E0,1.5E0));
#1084=LINE('',#1083,#1082);
#1085=DIRECTION('',(0.E0,0.E0,1.E0));
#1086=VECTOR('',#1085,3.E0);
#1087=CARTESIAN_POINT('',(2.1255E1,-1.585E0,-1.5E0));
#1088=LINE('',#1087,#1086);
#1089=DIRECTION('',(-1.E0,0.E0,0.E0));
#1090=VECTOR('',#1089,1.02E0);
#1091=CARTESIAN_POINT('',(2.2275E1,-1.585E0,-1.5E0));
#1092=LINE('',#1091,#1090);
#1093=DIRECTION('',(0.E0,0.E0,-1.E0));
#1094=VECTOR('',#1093,3.E0);
#1095=CARTESIAN_POINT('',(2.2275E1,-1.585E0,1.5E0));
#1096=LINE('',#1095,#1094);
#1097=DIRECTION('',(1.E0,0.E0,0.E0));
#1098=VECTOR('',#1097,1.02E0);
#1099=CARTESIAN_POINT('',(2.1255E1,-1.585E0,1.5E0));
#1100=LINE('',#1099,#1098);
#1101=DIRECTION('',(0.E0,0.E0,-1.E0));
#1102=VECTOR('',#1101,6.9E0);
#1103=CARTESIAN_POINT('',(-2.4865E1,-1.205E0,3.47E0));
#1104=LINE('',#1103,#1102);
#1105=DIRECTION('',(0.E0,-1.E0,0.E0));
#1106=VECTOR('',#1105,3.8E-1);
#1107=CARTESIAN_POINT('',(2.2655E1,1.585E0,3.47E0));
#1108=LINE('',#1107,#1106);
#1109=DIRECTION('',(1.E0,0.E0,0.E0));
#1110=VECTOR('',#1109,2.18E0);
#1111=CARTESIAN_POINT('',(2.2655E1,1.205E0,3.47E0));
#1112=LINE('',#1111,#1110);
#1113=DIRECTION('',(0.E0,-1.E0,0.E0));
#1114=VECTOR('',#1113,3.8E-1);
#1115=CARTESIAN_POINT('',(2.4835E1,1.585E0,3.47E0));
#1116=LINE('',#1115,#1114);
#1117=DIRECTION('',(-1.E0,0.E0,0.E0));
#1118=VECTOR('',#1117,9.2E-1);
#1119=CARTESIAN_POINT('',(2.5755E1,1.585E0,3.47E0));
#1120=LINE('',#1119,#1118);
#1121=DIRECTION('',(0.E0,1.E0,0.E0));
#1122=VECTOR('',#1121,3.17E0);
#1123=CARTESIAN_POINT('',(2.5755E1,-1.585E0,3.47E0));
#1124=LINE('',#1123,#1122);
#1125=DIRECTION('',(1.E0,0.E0,0.E0));
#1126=VECTOR('',#1125,9.2E-1);
#1127=CARTESIAN_POINT('',(2.4835E1,-1.585E0,3.47E0));
#1128=LINE('',#1127,#1126);
#1129=DIRECTION('',(-1.869849304632E-14,1.E0,0.E0));
#1130=VECTOR('',#1129,3.8E-1);
#1131=CARTESIAN_POINT('',(2.4835E1,-1.585E0,3.47E0));
#1132=LINE('',#1131,#1130);
#1133=DIRECTION('',(-1.E0,0.E0,0.E0));
#1134=VECTOR('',#1133,2.18E0);
#1135=CARTESIAN_POINT('',(2.4835E1,-1.205E0,3.47E0));
#1136=LINE('',#1135,#1134);
#1137=DIRECTION('',(0.E0,1.E0,0.E0));
#1138=VECTOR('',#1137,3.8E-1);
#1139=CARTESIAN_POINT('',(2.2655E1,-1.585E0,3.47E0));
#1140=LINE('',#1139,#1138);
#1141=DIRECTION('',(1.E0,0.E0,0.E0));
#1142=VECTOR('',#1141,1.78E0);
#1143=CARTESIAN_POINT('',(2.0875E1,-1.585E0,3.47E0));
#1144=LINE('',#1143,#1142);
#1145=DIRECTION('',(0.E0,1.E0,0.E0));
#1146=VECTOR('',#1145,3.8E-1);
#1147=CARTESIAN_POINT('',(2.0875E1,-1.585E0,3.47E0));
#1148=LINE('',#1147,#1146);
#1149=DIRECTION('',(-1.E0,0.E0,0.E0));
#1150=VECTOR('',#1149,2.18E0);
#1151=CARTESIAN_POINT('',(2.0875E1,-1.205E0,3.47E0));
#1152=LINE('',#1151,#1150);
#1153=DIRECTION('',(0.E0,1.E0,0.E0));
#1154=VECTOR('',#1153,3.8E-1);
#1155=CARTESIAN_POINT('',(1.8695E1,-1.585E0,3.47E0));
#1156=LINE('',#1155,#1154);
#1157=DIRECTION('',(1.E0,0.E0,0.E0));
#1158=VECTOR('',#1157,1.78E0);
#1159=CARTESIAN_POINT('',(1.6915E1,-1.585E0,3.47E0));
#1160=LINE('',#1159,#1158);
#1161=DIRECTION('',(0.E0,1.E0,0.E0));
#1162=VECTOR('',#1161,3.8E-1);
#1163=CARTESIAN_POINT('',(1.6915E1,-1.585E0,3.47E0));
#1164=LINE('',#1163,#1162);
#1165=DIRECTION('',(-1.E0,0.E0,0.E0));
#1166=VECTOR('',#1165,2.18E0);
#1167=CARTESIAN_POINT('',(1.6915E1,-1.205E0,3.47E0));
#1168=LINE('',#1167,#1166);
#1169=DIRECTION('',(0.E0,1.E0,0.E0));
#1170=VECTOR('',#1169,3.8E-1);
#1171=CARTESIAN_POINT('',(1.4735E1,-1.585E0,3.47E0));
#1172=LINE('',#1171,#1170);
#1173=DIRECTION('',(1.E0,0.E0,0.E0));
#1174=VECTOR('',#1173,1.78E0);
#1175=CARTESIAN_POINT('',(1.2955E1,-1.585E0,3.47E0));
#1176=LINE('',#1175,#1174);
#1177=DIRECTION('',(0.E0,1.E0,0.E0));
#1178=VECTOR('',#1177,3.8E-1);
#1179=CARTESIAN_POINT('',(1.2955E1,-1.585E0,3.47E0));
#1180=LINE('',#1179,#1178);
#1181=DIRECTION('',(-1.E0,0.E0,0.E0));
#1182=VECTOR('',#1181,2.18E0);
#1183=CARTESIAN_POINT('',(1.2955E1,-1.205E0,3.47E0));
#1184=LINE('',#1183,#1182);
#1185=DIRECTION('',(0.E0,1.E0,0.E0));
#1186=VECTOR('',#1185,3.8E-1);
#1187=CARTESIAN_POINT('',(1.0775E1,-1.585E0,3.47E0));
#1188=LINE('',#1187,#1186);
#1189=DIRECTION('',(1.E0,0.E0,0.E0));
#1190=VECTOR('',#1189,1.78E0);
#1191=CARTESIAN_POINT('',(8.995E0,-1.585E0,3.47E0));
#1192=LINE('',#1191,#1190);
#1193=DIRECTION('',(0.E0,1.E0,0.E0));
#1194=VECTOR('',#1193,3.8E-1);
#1195=CARTESIAN_POINT('',(8.995E0,-1.585E0,3.47E0));
#1196=LINE('',#1195,#1194);
#1197=DIRECTION('',(-1.E0,0.E0,0.E0));
#1198=VECTOR('',#1197,2.18E0);
#1199=CARTESIAN_POINT('',(8.995E0,-1.205E0,3.47E0));
#1200=LINE('',#1199,#1198);
#1201=DIRECTION('',(0.E0,1.E0,0.E0));
#1202=VECTOR('',#1201,3.8E-1);
#1203=CARTESIAN_POINT('',(6.815E0,-1.585E0,3.47E0));
#1204=LINE('',#1203,#1202);
#1205=DIRECTION('',(1.E0,0.E0,0.E0));
#1206=VECTOR('',#1205,1.78E0);
#1207=CARTESIAN_POINT('',(5.035E0,-1.585E0,3.47E0));
#1208=LINE('',#1207,#1206);
#1209=DIRECTION('',(0.E0,1.E0,0.E0));
#1210=VECTOR('',#1209,3.8E-1);
#1211=CARTESIAN_POINT('',(5.035E0,-1.585E0,3.47E0));
#1212=LINE('',#1211,#1210);
#1213=DIRECTION('',(-1.E0,0.E0,0.E0));
#1214=VECTOR('',#1213,2.18E0);
#1215=CARTESIAN_POINT('',(5.035E0,-1.205E0,3.47E0));
#1216=LINE('',#1215,#1214);
#1217=DIRECTION('',(0.E0,1.E0,0.E0));
#1218=VECTOR('',#1217,3.8E-1);
#1219=CARTESIAN_POINT('',(2.855E0,-1.585E0,3.47E0));
#1220=LINE('',#1219,#1218);
#1221=DIRECTION('',(1.E0,0.E0,0.E0));
#1222=VECTOR('',#1221,1.78E0);
#1223=CARTESIAN_POINT('',(1.075E0,-1.585E0,3.47E0));
#1224=LINE('',#1223,#1222);
#1225=DIRECTION('',(0.E0,1.E0,0.E0));
#1226=VECTOR('',#1225,3.8E-1);
#1227=CARTESIAN_POINT('',(1.075E0,-1.585E0,3.47E0));
#1228=LINE('',#1227,#1226);
#1229=DIRECTION('',(-1.E0,0.E0,0.E0));
#1230=VECTOR('',#1229,2.18E0);
#1231=CARTESIAN_POINT('',(1.075E0,-1.205E0,3.47E0));
#1232=LINE('',#1231,#1230);
#1233=DIRECTION('',(0.E0,1.E0,0.E0));
#1234=VECTOR('',#1233,3.8E-1);
#1235=CARTESIAN_POINT('',(-1.105E0,-1.585E0,3.47E0));
#1236=LINE('',#1235,#1234);
#1237=DIRECTION('',(1.E0,0.E0,0.E0));
#1238=VECTOR('',#1237,1.78E0);
#1239=CARTESIAN_POINT('',(-2.885E0,-1.585E0,3.47E0));
#1240=LINE('',#1239,#1238);
#1241=DIRECTION('',(0.E0,1.E0,0.E0));
#1242=VECTOR('',#1241,3.8E-1);
#1243=CARTESIAN_POINT('',(-2.885E0,-1.585E0,3.47E0));
#1244=LINE('',#1243,#1242);
#1245=DIRECTION('',(-1.E0,0.E0,0.E0));
#1246=VECTOR('',#1245,2.18E0);
#1247=CARTESIAN_POINT('',(-2.885E0,-1.205E0,3.47E0));
#1248=LINE('',#1247,#1246);
#1249=DIRECTION('',(0.E0,1.E0,0.E0));
#1250=VECTOR('',#1249,3.8E-1);
#1251=CARTESIAN_POINT('',(-5.065E0,-1.585E0,3.47E0));
#1252=LINE('',#1251,#1250);
#1253=DIRECTION('',(1.E0,0.E0,0.E0));
#1254=VECTOR('',#1253,1.78E0);
#1255=CARTESIAN_POINT('',(-6.845E0,-1.585E0,3.47E0));
#1256=LINE('',#1255,#1254);
#1257=DIRECTION('',(0.E0,1.E0,0.E0));
#1258=VECTOR('',#1257,3.8E-1);
#1259=CARTESIAN_POINT('',(-6.845E0,-1.585E0,3.47E0));
#1260=LINE('',#1259,#1258);
#1261=DIRECTION('',(-1.E0,0.E0,0.E0));
#1262=VECTOR('',#1261,2.18E0);
#1263=CARTESIAN_POINT('',(-6.845E0,-1.205E0,3.47E0));
#1264=LINE('',#1263,#1262);
#1265=DIRECTION('',(0.E0,1.E0,0.E0));
#1266=VECTOR('',#1265,3.8E-1);
#1267=CARTESIAN_POINT('',(-9.025E0,-1.585E0,3.47E0));
#1268=LINE('',#1267,#1266);
#1269=DIRECTION('',(1.E0,0.E0,0.E0));
#1270=VECTOR('',#1269,1.78E0);
#1271=CARTESIAN_POINT('',(-1.0805E1,-1.585E0,3.47E0));
#1272=LINE('',#1271,#1270);
#1273=DIRECTION('',(0.E0,1.E0,0.E0));
#1274=VECTOR('',#1273,3.8E-1);
#1275=CARTESIAN_POINT('',(-1.0805E1,-1.585E0,3.47E0));
#1276=LINE('',#1275,#1274);
#1277=DIRECTION('',(-1.E0,0.E0,0.E0));
#1278=VECTOR('',#1277,2.18E0);
#1279=CARTESIAN_POINT('',(-1.0805E1,-1.205E0,3.47E0));
#1280=LINE('',#1279,#1278);
#1281=DIRECTION('',(0.E0,1.E0,0.E0));
#1282=VECTOR('',#1281,3.8E-1);
#1283=CARTESIAN_POINT('',(-1.2985E1,-1.585E0,3.47E0));
#1284=LINE('',#1283,#1282);
#1285=DIRECTION('',(1.E0,0.E0,0.E0));
#1286=VECTOR('',#1285,1.78E0);
#1287=CARTESIAN_POINT('',(-1.4765E1,-1.585E0,3.47E0));
#1288=LINE('',#1287,#1286);
#1289=DIRECTION('',(0.E0,1.E0,0.E0));
#1290=VECTOR('',#1289,3.8E-1);
#1291=CARTESIAN_POINT('',(-1.4765E1,-1.585E0,3.47E0));
#1292=LINE('',#1291,#1290);
#1293=DIRECTION('',(-1.E0,0.E0,0.E0));
#1294=VECTOR('',#1293,2.18E0);
#1295=CARTESIAN_POINT('',(-1.4765E1,-1.205E0,3.47E0));
#1296=LINE('',#1295,#1294);
#1297=DIRECTION('',(0.E0,1.E0,0.E0));
#1298=VECTOR('',#1297,3.8E-1);
#1299=CARTESIAN_POINT('',(-1.6945E1,-1.585E0,3.47E0));
#1300=LINE('',#1299,#1298);
#1301=DIRECTION('',(1.E0,0.E0,0.E0));
#1302=VECTOR('',#1301,1.78E0);
#1303=CARTESIAN_POINT('',(-1.8725E1,-1.585E0,3.47E0));
#1304=LINE('',#1303,#1302);
#1305=DIRECTION('',(0.E0,1.E0,0.E0));
#1306=VECTOR('',#1305,3.8E-1);
#1307=CARTESIAN_POINT('',(-1.8725E1,-1.585E0,3.47E0));
#1308=LINE('',#1307,#1306);
#1309=DIRECTION('',(-1.E0,0.E0,0.E0));
#1310=VECTOR('',#1309,2.18E0);
#1311=CARTESIAN_POINT('',(-1.8725E1,-1.205E0,3.47E0));
#1312=LINE('',#1311,#1310);
#1313=DIRECTION('',(0.E0,1.E0,0.E0));
#1314=VECTOR('',#1313,3.8E-1);
#1315=CARTESIAN_POINT('',(-2.0905E1,-1.585E0,3.47E0));
#1316=LINE('',#1315,#1314);
#1317=DIRECTION('',(1.E0,0.E0,0.E0));
#1318=VECTOR('',#1317,1.78E0);
#1319=CARTESIAN_POINT('',(-2.2685E1,-1.585E0,3.47E0));
#1320=LINE('',#1319,#1318);
#1321=DIRECTION('',(0.E0,1.E0,0.E0));
#1322=VECTOR('',#1321,3.8E-1);
#1323=CARTESIAN_POINT('',(-2.2685E1,-1.585E0,3.47E0));
#1324=LINE('',#1323,#1322);
#1325=DIRECTION('',(-1.E0,0.E0,0.E0));
#1326=VECTOR('',#1325,2.18E0);
#1327=CARTESIAN_POINT('',(-2.2685E1,-1.205E0,3.47E0));
#1328=LINE('',#1327,#1326);
#1329=DIRECTION('',(0.E0,1.E0,0.E0));
#1330=VECTOR('',#1329,3.8E-1);
#1331=CARTESIAN_POINT('',(-2.4865E1,-1.585E0,3.47E0));
#1332=LINE('',#1331,#1330);
#1333=DIRECTION('',(1.E0,0.E0,0.E0));
#1334=VECTOR('',#1333,8.9E-1);
#1335=CARTESIAN_POINT('',(-2.5755E1,-1.585E0,3.47E0));
#1336=LINE('',#1335,#1334);
#1337=DIRECTION('',(0.E0,-1.E0,0.E0));
#1338=VECTOR('',#1337,3.17E0);
#1339=CARTESIAN_POINT('',(-2.5755E1,1.585E0,3.47E0));
#1340=LINE('',#1339,#1338);
#1341=DIRECTION('',(-1.E0,0.E0,0.E0));
#1342=VECTOR('',#1341,8.9E-1);
#1343=CARTESIAN_POINT('',(-2.4865E1,1.585E0,3.47E0));
#1344=LINE('',#1343,#1342);
#1345=DIRECTION('',(0.E0,-1.E0,0.E0));
#1346=VECTOR('',#1345,3.8E-1);
#1347=CARTESIAN_POINT('',(-2.4865E1,1.585E0,3.47E0));
#1348=LINE('',#1347,#1346);
#1349=DIRECTION('',(1.E0,0.E0,0.E0));
#1350=VECTOR('',#1349,2.18E0);
#1351=CARTESIAN_POINT('',(-2.4865E1,1.205E0,3.47E0));
#1352=LINE('',#1351,#1350);
#1353=DIRECTION('',(0.E0,-1.E0,0.E0));
#1354=VECTOR('',#1353,3.8E-1);
#1355=CARTESIAN_POINT('',(-2.2685E1,1.585E0,3.47E0));
#1356=LINE('',#1355,#1354);
#1357=DIRECTION('',(-1.E0,0.E0,0.E0));
#1358=VECTOR('',#1357,1.78E0);
#1359=CARTESIAN_POINT('',(-2.0905E1,1.585E0,3.47E0));
#1360=LINE('',#1359,#1358);
#1361=DIRECTION('',(0.E0,-1.E0,0.E0));
#1362=VECTOR('',#1361,3.8E-1);
#1363=CARTESIAN_POINT('',(-2.0905E1,1.585E0,3.47E0));
#1364=LINE('',#1363,#1362);
#1365=DIRECTION('',(1.E0,0.E0,0.E0));
#1366=VECTOR('',#1365,2.18E0);
#1367=CARTESIAN_POINT('',(-2.0905E1,1.205E0,3.47E0));
#1368=LINE('',#1367,#1366);
#1369=DIRECTION('',(0.E0,-1.E0,0.E0));
#1370=VECTOR('',#1369,3.8E-1);
#1371=CARTESIAN_POINT('',(-1.8725E1,1.585E0,3.47E0));
#1372=LINE('',#1371,#1370);
#1373=DIRECTION('',(-1.E0,0.E0,0.E0));
#1374=VECTOR('',#1373,1.78E0);
#1375=CARTESIAN_POINT('',(-1.6945E1,1.585E0,3.47E0));
#1376=LINE('',#1375,#1374);
#1377=DIRECTION('',(0.E0,-1.E0,0.E0));
#1378=VECTOR('',#1377,3.8E-1);
#1379=CARTESIAN_POINT('',(-1.6945E1,1.585E0,3.47E0));
#1380=LINE('',#1379,#1378);
#1381=DIRECTION('',(1.E0,0.E0,0.E0));
#1382=VECTOR('',#1381,2.18E0);
#1383=CARTESIAN_POINT('',(-1.6945E1,1.205E0,3.47E0));
#1384=LINE('',#1383,#1382);
#1385=DIRECTION('',(0.E0,-1.E0,0.E0));
#1386=VECTOR('',#1385,3.8E-1);
#1387=CARTESIAN_POINT('',(-1.4765E1,1.585E0,3.47E0));
#1388=LINE('',#1387,#1386);
#1389=DIRECTION('',(-1.E0,0.E0,0.E0));
#1390=VECTOR('',#1389,1.78E0);
#1391=CARTESIAN_POINT('',(-1.2985E1,1.585E0,3.47E0));
#1392=LINE('',#1391,#1390);
#1393=DIRECTION('',(0.E0,-1.E0,0.E0));
#1394=VECTOR('',#1393,3.8E-1);
#1395=CARTESIAN_POINT('',(-1.2985E1,1.585E0,3.47E0));
#1396=LINE('',#1395,#1394);
#1397=DIRECTION('',(1.E0,0.E0,0.E0));
#1398=VECTOR('',#1397,2.18E0);
#1399=CARTESIAN_POINT('',(-1.2985E1,1.205E0,3.47E0));
#1400=LINE('',#1399,#1398);
#1401=DIRECTION('',(0.E0,-1.E0,0.E0));
#1402=VECTOR('',#1401,3.8E-1);
#1403=CARTESIAN_POINT('',(-1.0805E1,1.585E0,3.47E0));
#1404=LINE('',#1403,#1402);
#1405=DIRECTION('',(-1.E0,0.E0,0.E0));
#1406=VECTOR('',#1405,1.78E0);
#1407=CARTESIAN_POINT('',(-9.025E0,1.585E0,3.47E0));
#1408=LINE('',#1407,#1406);
#1409=DIRECTION('',(0.E0,-1.E0,0.E0));
#1410=VECTOR('',#1409,3.8E-1);
#1411=CARTESIAN_POINT('',(-9.025E0,1.585E0,3.47E0));
#1412=LINE('',#1411,#1410);
#1413=DIRECTION('',(1.E0,0.E0,0.E0));
#1414=VECTOR('',#1413,2.18E0);
#1415=CARTESIAN_POINT('',(-9.025E0,1.205E0,3.47E0));
#1416=LINE('',#1415,#1414);
#1417=DIRECTION('',(0.E0,-1.E0,0.E0));
#1418=VECTOR('',#1417,3.8E-1);
#1419=CARTESIAN_POINT('',(-6.845E0,1.585E0,3.47E0));
#1420=LINE('',#1419,#1418);
#1421=DIRECTION('',(-1.E0,0.E0,0.E0));
#1422=VECTOR('',#1421,1.78E0);
#1423=CARTESIAN_POINT('',(-5.065E0,1.585E0,3.47E0));
#1424=LINE('',#1423,#1422);
#1425=DIRECTION('',(0.E0,-1.E0,0.E0));
#1426=VECTOR('',#1425,3.8E-1);
#1427=CARTESIAN_POINT('',(-5.065E0,1.585E0,3.47E0));
#1428=LINE('',#1427,#1426);
#1429=DIRECTION('',(1.E0,0.E0,0.E0));
#1430=VECTOR('',#1429,2.18E0);
#1431=CARTESIAN_POINT('',(-5.065E0,1.205E0,3.47E0));
#1432=LINE('',#1431,#1430);
#1433=DIRECTION('',(0.E0,-1.E0,0.E0));
#1434=VECTOR('',#1433,3.8E-1);
#1435=CARTESIAN_POINT('',(-2.885E0,1.585E0,3.47E0));
#1436=LINE('',#1435,#1434);
#1437=DIRECTION('',(-1.E0,0.E0,0.E0));
#1438=VECTOR('',#1437,1.78E0);
#1439=CARTESIAN_POINT('',(-1.105E0,1.585E0,3.47E0));
#1440=LINE('',#1439,#1438);
#1441=DIRECTION('',(0.E0,-1.E0,0.E0));
#1442=VECTOR('',#1441,3.8E-1);
#1443=CARTESIAN_POINT('',(-1.105E0,1.585E0,3.47E0));
#1444=LINE('',#1443,#1442);
#1445=DIRECTION('',(1.E0,0.E0,0.E0));
#1446=VECTOR('',#1445,2.18E0);
#1447=CARTESIAN_POINT('',(-1.105E0,1.205E0,3.47E0));
#1448=LINE('',#1447,#1446);
#1449=DIRECTION('',(0.E0,-1.E0,0.E0));
#1450=VECTOR('',#1449,3.8E-1);
#1451=CARTESIAN_POINT('',(1.075E0,1.585E0,3.47E0));
#1452=LINE('',#1451,#1450);
#1453=DIRECTION('',(-1.E0,0.E0,0.E0));
#1454=VECTOR('',#1453,1.78E0);
#1455=CARTESIAN_POINT('',(2.855E0,1.585E0,3.47E0));
#1456=LINE('',#1455,#1454);
#1457=DIRECTION('',(0.E0,-1.E0,0.E0));
#1458=VECTOR('',#1457,3.8E-1);
#1459=CARTESIAN_POINT('',(2.855E0,1.585E0,3.47E0));
#1460=LINE('',#1459,#1458);
#1461=DIRECTION('',(1.E0,0.E0,0.E0));
#1462=VECTOR('',#1461,2.18E0);
#1463=CARTESIAN_POINT('',(2.855E0,1.205E0,3.47E0));
#1464=LINE('',#1463,#1462);
#1465=DIRECTION('',(0.E0,-1.E0,0.E0));
#1466=VECTOR('',#1465,3.8E-1);
#1467=CARTESIAN_POINT('',(5.035E0,1.585E0,3.47E0));
#1468=LINE('',#1467,#1466);
#1469=DIRECTION('',(-1.E0,0.E0,0.E0));
#1470=VECTOR('',#1469,1.78E0);
#1471=CARTESIAN_POINT('',(6.815E0,1.585E0,3.47E0));
#1472=LINE('',#1471,#1470);
#1473=DIRECTION('',(0.E0,-1.E0,0.E0));
#1474=VECTOR('',#1473,3.8E-1);
#1475=CARTESIAN_POINT('',(6.815E0,1.585E0,3.47E0));
#1476=LINE('',#1475,#1474);
#1477=DIRECTION('',(1.E0,0.E0,0.E0));
#1478=VECTOR('',#1477,2.18E0);
#1479=CARTESIAN_POINT('',(6.815E0,1.205E0,3.47E0));
#1480=LINE('',#1479,#1478);
#1481=DIRECTION('',(0.E0,-1.E0,0.E0));
#1482=VECTOR('',#1481,3.8E-1);
#1483=CARTESIAN_POINT('',(8.995E0,1.585E0,3.47E0));
#1484=LINE('',#1483,#1482);
#1485=DIRECTION('',(-1.E0,0.E0,0.E0));
#1486=VECTOR('',#1485,1.78E0);
#1487=CARTESIAN_POINT('',(1.0775E1,1.585E0,3.47E0));
#1488=LINE('',#1487,#1486);
#1489=DIRECTION('',(0.E0,-1.E0,0.E0));
#1490=VECTOR('',#1489,3.8E-1);
#1491=CARTESIAN_POINT('',(1.0775E1,1.585E0,3.47E0));
#1492=LINE('',#1491,#1490);
#1493=DIRECTION('',(1.E0,0.E0,0.E0));
#1494=VECTOR('',#1493,2.18E0);
#1495=CARTESIAN_POINT('',(1.0775E1,1.205E0,3.47E0));
#1496=LINE('',#1495,#1494);
#1497=DIRECTION('',(0.E0,-1.E0,0.E0));
#1498=VECTOR('',#1497,3.8E-1);
#1499=CARTESIAN_POINT('',(1.2955E1,1.585E0,3.47E0));
#1500=LINE('',#1499,#1498);
#1501=DIRECTION('',(-1.E0,0.E0,0.E0));
#1502=VECTOR('',#1501,1.78E0);
#1503=CARTESIAN_POINT('',(1.4735E1,1.585E0,3.47E0));
#1504=LINE('',#1503,#1502);
#1505=DIRECTION('',(0.E0,-1.E0,0.E0));
#1506=VECTOR('',#1505,3.8E-1);
#1507=CARTESIAN_POINT('',(1.4735E1,1.585E0,3.47E0));
#1508=LINE('',#1507,#1506);
#1509=DIRECTION('',(1.E0,0.E0,0.E0));
#1510=VECTOR('',#1509,2.18E0);
#1511=CARTESIAN_POINT('',(1.4735E1,1.205E0,3.47E0));
#1512=LINE('',#1511,#1510);
#1513=DIRECTION('',(1.869849304632E-14,-1.E0,0.E0));
#1514=VECTOR('',#1513,3.8E-1);
#1515=CARTESIAN_POINT('',(1.6915E1,1.585E0,3.47E0));
#1516=LINE('',#1515,#1514);
#1517=DIRECTION('',(-1.E0,0.E0,0.E0));
#1518=VECTOR('',#1517,1.78E0);
#1519=CARTESIAN_POINT('',(1.8695E1,1.585E0,3.47E0));
#1520=LINE('',#1519,#1518);
#1521=DIRECTION('',(0.E0,-1.E0,0.E0));
#1522=VECTOR('',#1521,3.8E-1);
#1523=CARTESIAN_POINT('',(1.8695E1,1.585E0,3.47E0));
#1524=LINE('',#1523,#1522);
#1525=DIRECTION('',(1.E0,0.E0,0.E0));
#1526=VECTOR('',#1525,2.18E0);
#1527=CARTESIAN_POINT('',(1.8695E1,1.205E0,3.47E0));
#1528=LINE('',#1527,#1526);
#1529=DIRECTION('',(0.E0,-1.E0,0.E0));
#1530=VECTOR('',#1529,3.8E-1);
#1531=CARTESIAN_POINT('',(2.0875E1,1.585E0,3.47E0));
#1532=LINE('',#1531,#1530);
#1533=DIRECTION('',(-1.E0,0.E0,0.E0));
#1534=VECTOR('',#1533,1.78E0);
#1535=CARTESIAN_POINT('',(2.2655E1,1.585E0,3.47E0));
#1536=LINE('',#1535,#1534);
#1537=DIRECTION('',(0.E0,-1.E0,0.E0));
#1538=VECTOR('',#1537,3.8E-1);
#1539=CARTESIAN_POINT('',(2.2655E1,1.585E0,-2.45E0));
#1540=LINE('',#1539,#1538);
#1541=CARTESIAN_POINT('',(2.3745E1,1.205E0,0.E0));
#1542=DIRECTION('',(0.E0,1.E0,0.E0));
#1543=DIRECTION('',(1.E0,0.E0,0.E0));
#1544=AXIS2_PLACEMENT_3D('',#1541,#1542,#1543);
#1546=CARTESIAN_POINT('',(2.3745E1,1.205E0,0.E0));
#1547=DIRECTION('',(0.E0,1.E0,0.E0));
#1548=DIRECTION('',(-1.E0,0.E0,0.E0));
#1549=AXIS2_PLACEMENT_3D('',#1546,#1547,#1548);
#1551=DIRECTION('',(1.E0,0.E0,0.E0));
#1552=VECTOR('',#1551,2.18E0);
#1553=CARTESIAN_POINT('',(2.2655E1,1.205E0,-2.45E0));
#1554=LINE('',#1553,#1552);
#1555=DIRECTION('',(0.E0,0.E0,-1.E0));
#1556=VECTOR('',#1555,5.92E0);
#1557=CARTESIAN_POINT('',(2.2655E1,1.205E0,3.47E0));
#1558=LINE('',#1557,#1556);
#1559=CARTESIAN_POINT('',(2.3745E1,-5.145E0,0.E0));
#1560=DIRECTION('',(0.E0,1.E0,0.E0));
#1561=DIRECTION('',(1.E0,0.E0,0.E0));
#1562=AXIS2_PLACEMENT_3D('',#1559,#1560,#1561);
#1564=DIRECTION('',(0.E0,1.E0,0.E0));
#1565=VECTOR('',#1564,1.092E1);
#1566=CARTESIAN_POINT('',(2.3175E1,1.205E0,0.E0));
#1567=LINE('',#1566,#1565);
#1568=DIRECTION('',(0.E0,1.E0,0.E0));
#1569=VECTOR('',#1568,1.092E1);
#1570=CARTESIAN_POINT('',(2.4315E1,1.205E0,0.E0));
#1571=LINE('',#1570,#1569);
#1572=DIRECTION('',(0.E0,1.E0,0.E0));
#1573=VECTOR('',#1572,3.94E0);
#1574=CARTESIAN_POINT('',(2.4315E1,-5.145E0,0.E0));
#1575=LINE('',#1574,#1573);
#1576=CARTESIAN_POINT('',(2.3745E1,-5.145E0,0.E0));
#1577=DIRECTION('',(0.E0,-1.E0,0.E0));
#1578=DIRECTION('',(1.E0,0.E0,0.E0));
#1579=AXIS2_PLACEMENT_3D('',#1576,#1577,#1578);
#1581=DIRECTION('',(0.E0,1.E0,0.E0));
#1582=VECTOR('',#1581,3.94E0);
#1583=CARTESIAN_POINT('',(2.3175E1,-5.145E0,0.E0));
#1584=LINE('',#1583,#1582);
#1585=DIRECTION('',(-3.568681169914E-1,9.341547768304E-1,0.E0));
#1586=VECTOR('',#1585,9.527329111561E-1);
#1587=CARTESIAN_POINT('',(2.4315E1,1.2125E1,0.E0));
#1588=LINE('',#1587,#1586);
#1589=CARTESIAN_POINT('',(2.3745E1,1.2125E1,0.E0));
#1590=DIRECTION('',(0.E0,-1.E0,0.E0));
#1591=DIRECTION('',(1.E0,0.E0,0.E0));
#1592=AXIS2_PLACEMENT_3D('',#1589,#1590,#1591);
#1594=DIRECTION('',(3.568681169914E-1,9.341547768304E-1,0.E0));
#1595=VECTOR('',#1594,9.527329111561E-1);
#1596=CARTESIAN_POINT('',(2.3175E1,1.2125E1,0.E0));
#1597=LINE('',#1596,#1595);
#1598=CARTESIAN_POINT('',(2.3745E1,1.2125E1,0.E0));
#1599=DIRECTION('',(0.E0,1.E0,0.E0));
#1600=DIRECTION('',(1.E0,0.E0,0.E0));
#1601=AXIS2_PLACEMENT_3D('',#1598,#1599,#1600);
#1603=CARTESIAN_POINT('',(2.3745E1,1.3015E1,0.E0));
#1604=DIRECTION('',(0.E0,-1.E0,0.E0));
#1605=DIRECTION('',(1.E0,0.E0,0.E0));
#1606=AXIS2_PLACEMENT_3D('',#1603,#1604,#1605);
#1608=CARTESIAN_POINT('',(2.3745E1,1.3015E1,0.E0));
#1609=DIRECTION('',(0.E0,1.E0,0.E0));
#1610=DIRECTION('',(1.E0,0.E0,0.E0));
#1611=AXIS2_PLACEMENT_3D('',#1608,#1609,#1610);
#1613=DIRECTION('',(0.E0,0.E0,-1.E0));
#1614=VECTOR('',#1613,6.9E0);
#1615=CARTESIAN_POINT('',(2.4835E1,-1.205E0,3.47E0));
#1616=LINE('',#1615,#1614);
#1617=CARTESIAN_POINT('',(2.3745E1,-1.205E0,0.E0));
#1618=DIRECTION('',(0.E0,1.E0,0.E0));
#1619=DIRECTION('',(1.E0,0.E0,0.E0));
#1620=AXIS2_PLACEMENT_3D('',#1617,#1618,#1619);
#1622=CARTESIAN_POINT('',(2.3745E1,-1.205E0,0.E0));
#1623=DIRECTION('',(0.E0,1.E0,0.E0));
#1624=DIRECTION('',(-1.E0,0.E0,0.E0));
#1625=AXIS2_PLACEMENT_3D('',#1622,#1623,#1624);
#1627=DIRECTION('',(0.E0,0.E0,-1.E0));
#1628=VECTOR('',#1627,6.9E0);
#1629=CARTESIAN_POINT('',(2.2655E1,-1.205E0,3.47E0));
#1630=LINE('',#1629,#1628);
#1631=DIRECTION('',(3.568681169914E-1,9.341547768304E-1,0.E0));
#1632=VECTOR('',#1631,9.527329111561E-1);
#1633=CARTESIAN_POINT('',(2.3975E1,-6.035E0,0.E0));
#1634=LINE('',#1633,#1632);
#1635=CARTESIAN_POINT('',(2.3745E1,-6.035E0,0.E0));
#1636=DIRECTION('',(0.E0,-1.E0,0.E0));
#1637=DIRECTION('',(1.E0,0.E0,0.E0));
#1638=AXIS2_PLACEMENT_3D('',#1635,#1636,#1637);
#1640=DIRECTION('',(-3.568681169914E-1,9.341547768304E-1,0.E0));
#1641=VECTOR('',#1640,9.527329111561E-1);
#1642=CARTESIAN_POINT('',(2.3515E1,-6.035E0,0.E0));
#1643=LINE('',#1642,#1641);
#1644=CARTESIAN_POINT('',(2.3745E1,-6.035E0,0.E0));
#1645=DIRECTION('',(0.E0,1.E0,0.E0));
#1646=DIRECTION('',(1.E0,0.E0,0.E0));
#1647=AXIS2_PLACEMENT_3D('',#1644,#1645,#1646);
#1649=DIRECTION('',(0.E0,1.E0,0.E0));
#1650=VECTOR('',#1649,3.8E-1);
#1651=CARTESIAN_POINT('',(2.4835E1,1.205E0,-2.45E0));
#1652=LINE('',#1651,#1650);
#1653=DIRECTION('',(0.E0,0.E0,-1.E0));
#1654=VECTOR('',#1653,5.92E0);
#1655=CARTESIAN_POINT('',(2.4835E1,1.205E0,3.47E0));
#1656=LINE('',#1655,#1654);
#1657=DIRECTION('',(0.E0,0.E0,-1.E0));
#1658=VECTOR('',#1657,6.9E0);
#1659=CARTESIAN_POINT('',(2.0875E1,-1.205E0,3.47E0));
#1660=LINE('',#1659,#1658);
#1661=CARTESIAN_POINT('',(1.9785E1,-1.205E0,0.E0));
#1662=DIRECTION('',(0.E0,1.E0,0.E0));
#1663=DIRECTION('',(1.E0,0.E0,0.E0));
#1664=AXIS2_PLACEMENT_3D('',#1661,#1662,#1663);
#1666=CARTESIAN_POINT('',(1.9785E1,-1.205E0,0.E0));
#1667=DIRECTION('',(0.E0,1.E0,0.E0));
#1668=DIRECTION('',(-1.E0,0.E0,0.E0));
#1669=AXIS2_PLACEMENT_3D('',#1666,#1667,#1668);
#1671=DIRECTION('',(0.E0,0.E0,-1.E0));
#1672=VECTOR('',#1671,6.9E0);
#1673=CARTESIAN_POINT('',(1.8695E1,-1.205E0,3.47E0));
#1674=LINE('',#1673,#1672);
#1675=CARTESIAN_POINT('',(1.9785E1,-5.145E0,0.E0));
#1676=DIRECTION('',(0.E0,1.E0,0.E0));
#1677=DIRECTION('',(1.E0,0.E0,0.E0));
#1678=AXIS2_PLACEMENT_3D('',#1675,#1676,#1677);
#1680=CARTESIAN_POINT('',(1.9785E1,1.205E0,0.E0));
#1681=DIRECTION('',(0.E0,1.E0,0.E0));
#1682=DIRECTION('',(1.E0,0.E0,0.E0));
#1683=AXIS2_PLACEMENT_3D('',#1680,#1681,#1682);
#1685=CARTESIAN_POINT('',(1.9785E1,1.205E0,0.E0));
#1686=DIRECTION('',(0.E0,1.E0,0.E0));
#1687=DIRECTION('',(-1.E0,0.E0,0.E0));
#1688=AXIS2_PLACEMENT_3D('',#1685,#1686,#1687);
#1690=DIRECTION('',(1.E0,0.E0,0.E0));
#1691=VECTOR('',#1690,2.18E0);
#1692=CARTESIAN_POINT('',(1.8695E1,1.205E0,-2.45E0));
#1693=LINE('',#1692,#1691);
#1694=DIRECTION('',(0.E0,0.E0,-1.E0));
#1695=VECTOR('',#1694,5.92E0);
#1696=CARTESIAN_POINT('',(1.8695E1,1.205E0,3.47E0));
#1697=LINE('',#1696,#1695);
#1698=DIRECTION('',(0.E0,1.E0,0.E0));
#1699=VECTOR('',#1698,1.092E1);
#1700=CARTESIAN_POINT('',(1.9215E1,1.205E0,0.E0));
#1701=LINE('',#1700,#1699);
#1702=DIRECTION('',(0.E0,1.E0,0.E0));
#1703=VECTOR('',#1702,1.092E1);
#1704=CARTESIAN_POINT('',(2.0355E1,1.205E0,0.E0));
#1705=LINE('',#1704,#1703);
#1706=DIRECTION('',(0.E0,1.E0,0.E0));
#1707=VECTOR('',#1706,3.94E0);
#1708=CARTESIAN_POINT('',(2.0355E1,-5.145E0,0.E0));
#1709=LINE('',#1708,#1707);
#1710=CARTESIAN_POINT('',(1.9785E1,-5.145E0,0.E0));
#1711=DIRECTION('',(0.E0,-1.E0,0.E0));
#1712=DIRECTION('',(1.E0,0.E0,0.E0));
#1713=AXIS2_PLACEMENT_3D('',#1710,#1711,#1712);
#1715=DIRECTION('',(0.E0,1.E0,0.E0));
#1716=VECTOR('',#1715,3.94E0);
#1717=CARTESIAN_POINT('',(1.9215E1,-5.145E0,0.E0));
#1718=LINE('',#1717,#1716);
#1719=DIRECTION('',(-3.568681169914E-1,9.341547768304E-1,0.E0));
#1720=VECTOR('',#1719,9.527329111561E-1);
#1721=CARTESIAN_POINT('',(2.0355E1,1.2125E1,0.E0));
#1722=LINE('',#1721,#1720);
#1723=CARTESIAN_POINT('',(1.9785E1,1.2125E1,0.E0));
#1724=DIRECTION('',(0.E0,-1.E0,0.E0));
#1725=DIRECTION('',(1.E0,0.E0,0.E0));
#1726=AXIS2_PLACEMENT_3D('',#1723,#1724,#1725);
#1728=DIRECTION('',(3.568681169914E-1,9.341547768304E-1,0.E0));
#1729=VECTOR('',#1728,9.527329111561E-1);
#1730=CARTESIAN_POINT('',(1.9215E1,1.2125E1,0.E0));
#1731=LINE('',#1730,#1729);
#1732=CARTESIAN_POINT('',(1.9785E1,1.2125E1,0.E0));
#1733=DIRECTION('',(0.E0,1.E0,0.E0));
#1734=DIRECTION('',(1.E0,0.E0,0.E0));
#1735=AXIS2_PLACEMENT_3D('',#1732,#1733,#1734);
#1737=CARTESIAN_POINT('',(1.9785E1,1.3015E1,0.E0));
#1738=DIRECTION('',(0.E0,-1.E0,0.E0));
#1739=DIRECTION('',(1.E0,0.E0,0.E0));
#1740=AXIS2_PLACEMENT_3D('',#1737,#1738,#1739);
#1742=CARTESIAN_POINT('',(1.9785E1,1.3015E1,0.E0));
#1743=DIRECTION('',(0.E0,1.E0,0.E0));
#1744=DIRECTION('',(1.E0,0.E0,0.E0));
#1745=AXIS2_PLACEMENT_3D('',#1742,#1743,#1744);
#1747=DIRECTION('',(3.568681169914E-1,9.341547768304E-1,0.E0));
#1748=VECTOR('',#1747,9.527329111561E-1);
#1749=CARTESIAN_POINT('',(2.0015E1,-6.035E0,0.E0));
#1750=LINE('',#1749,#1748);
#1751=CARTESIAN_POINT('',(1.9785E1,-6.035E0,0.E0));
#1752=DIRECTION('',(0.E0,-1.E0,0.E0));
#1753=DIRECTION('',(1.E0,0.E0,0.E0));
#1754=AXIS2_PLACEMENT_3D('',#1751,#1752,#1753);
#1756=DIRECTION('',(-3.568681169914E-1,9.341547768304E-1,0.E0));
#1757=VECTOR('',#1756,9.527329111561E-1);
#1758=CARTESIAN_POINT('',(1.9555E1,-6.035E0,0.E0));
#1759=LINE('',#1758,#1757);
#1760=CARTESIAN_POINT('',(1.9785E1,-6.035E0,0.E0));
#1761=DIRECTION('',(0.E0,1.E0,0.E0));
#1762=DIRECTION('',(1.E0,0.E0,0.E0));
#1763=AXIS2_PLACEMENT_3D('',#1760,#1761,#1762);
#1765=DIRECTION('',(0.E0,1.E0,0.E0));
#1766=VECTOR('',#1765,3.8E-1);
#1767=CARTESIAN_POINT('',(2.0875E1,1.205E0,-2.45E0));
#1768=LINE('',#1767,#1766);
#1769=DIRECTION('',(0.E0,0.E0,-1.E0));
#1770=VECTOR('',#1769,5.92E0);
#1771=CARTESIAN_POINT('',(2.0875E1,1.205E0,3.47E0));
#1772=LINE('',#1771,#1770);
#1773=DIRECTION('',(0.E0,-1.E0,0.E0));
#1774=VECTOR('',#1773,3.8E-1);
#1775=CARTESIAN_POINT('',(1.8695E1,1.585E0,-2.45E0));
#1776=LINE('',#1775,#1774);
#1777=DIRECTION('',(0.E0,0.E0,-1.E0));
#1778=VECTOR('',#1777,6.9E0);
#1779=CARTESIAN_POINT('',(1.6915E1,-1.205E0,3.47E0));
#1780=LINE('',#1779,#1778);
#1781=CARTESIAN_POINT('',(1.5825E1,-1.205E0,0.E0));
#1782=DIRECTION('',(0.E0,1.E0,0.E0));
#1783=DIRECTION('',(1.E0,0.E0,0.E0));
#1784=AXIS2_PLACEMENT_3D('',#1781,#1782,#1783);
#1786=CARTESIAN_POINT('',(1.5825E1,-1.205E0,0.E0));
#1787=DIRECTION('',(0.E0,1.E0,0.E0));
#1788=DIRECTION('',(-1.E0,0.E0,0.E0));
#1789=AXIS2_PLACEMENT_3D('',#1786,#1787,#1788);
#1791=DIRECTION('',(0.E0,0.E0,-1.E0));
#1792=VECTOR('',#1791,6.9E0);
#1793=CARTESIAN_POINT('',(1.4735E1,-1.205E0,3.47E0));
#1794=LINE('',#1793,#1792);
#1795=CARTESIAN_POINT('',(1.5825E1,-5.145E0,0.E0));
#1796=DIRECTION('',(0.E0,1.E0,0.E0));
#1797=DIRECTION('',(1.E0,0.E0,0.E0));
#1798=AXIS2_PLACEMENT_3D('',#1795,#1796,#1797);
#1800=CARTESIAN_POINT('',(1.5825E1,1.205E0,0.E0));
#1801=DIRECTION('',(0.E0,1.E0,0.E0));
#1802=DIRECTION('',(1.E0,0.E0,0.E0));
#1803=AXIS2_PLACEMENT_3D('',#1800,#1801,#1802);
#1805=CARTESIAN_POINT('',(1.5825E1,1.205E0,0.E0));
#1806=DIRECTION('',(0.E0,1.E0,0.E0));
#1807=DIRECTION('',(-1.E0,0.E0,0.E0));
#1808=AXIS2_PLACEMENT_3D('',#1805,#1806,#1807);
#1810=DIRECTION('',(1.E0,0.E0,0.E0));
#1811=VECTOR('',#1810,2.18E0);
#1812=CARTESIAN_POINT('',(1.4735E1,1.205E0,-2.45E0));
#1813=LINE('',#1812,#1811);
#1814=DIRECTION('',(0.E0,0.E0,-1.E0));
#1815=VECTOR('',#1814,5.92E0);
#1816=CARTESIAN_POINT('',(1.4735E1,1.205E0,3.47E0));
#1817=LINE('',#1816,#1815);
#1818=DIRECTION('',(0.E0,1.E0,0.E0));
#1819=VECTOR('',#1818,1.092E1);
#1820=CARTESIAN_POINT('',(1.5255E1,1.205E0,0.E0));
#1821=LINE('',#1820,#1819);
#1822=DIRECTION('',(0.E0,1.E0,0.E0));
#1823=VECTOR('',#1822,1.092E1);
#1824=CARTESIAN_POINT('',(1.6395E1,1.205E0,0.E0));
#1825=LINE('',#1824,#1823);
#1826=DIRECTION('',(0.E0,1.E0,0.E0));
#1827=VECTOR('',#1826,3.94E0);
#1828=CARTESIAN_POINT('',(1.6395E1,-5.145E0,0.E0));
#1829=LINE('',#1828,#1827);
#1830=CARTESIAN_POINT('',(1.5825E1,-5.145E0,0.E0));
#1831=DIRECTION('',(0.E0,-1.E0,0.E0));
#1832=DIRECTION('',(1.E0,0.E0,0.E0));
#1833=AXIS2_PLACEMENT_3D('',#1830,#1831,#1832);
#1835=DIRECTION('',(0.E0,1.E0,0.E0));
#1836=VECTOR('',#1835,3.94E0);
#1837=CARTESIAN_POINT('',(1.5255E1,-5.145E0,0.E0));
#1838=LINE('',#1837,#1836);
#1839=DIRECTION('',(-3.568681169914E-1,9.341547768304E-1,0.E0));
#1840=VECTOR('',#1839,9.527329111561E-1);
#1841=CARTESIAN_POINT('',(1.6395E1,1.2125E1,0.E0));
#1842=LINE('',#1841,#1840);
#1843=CARTESIAN_POINT('',(1.5825E1,1.2125E1,0.E0));
#1844=DIRECTION('',(0.E0,-1.E0,0.E0));
#1845=DIRECTION('',(1.E0,0.E0,0.E0));
#1846=AXIS2_PLACEMENT_3D('',#1843,#1844,#1845);
#1848=DIRECTION('',(3.568681169914E-1,9.341547768304E-1,0.E0));
#1849=VECTOR('',#1848,9.527329111561E-1);
#1850=CARTESIAN_POINT('',(1.5255E1,1.2125E1,0.E0));
#1851=LINE('',#1850,#1849);
#1852=CARTESIAN_POINT('',(1.5825E1,1.2125E1,0.E0));
#1853=DIRECTION('',(0.E0,1.E0,0.E0));
#1854=DIRECTION('',(1.E0,0.E0,0.E0));
#1855=AXIS2_PLACEMENT_3D('',#1852,#1853,#1854);
#1857=CARTESIAN_POINT('',(1.5825E1,1.3015E1,0.E0));
#1858=DIRECTION('',(0.E0,-1.E0,0.E0));
#1859=DIRECTION('',(1.E0,0.E0,0.E0));
#1860=AXIS2_PLACEMENT_3D('',#1857,#1858,#1859);
#1862=CARTESIAN_POINT('',(1.5825E1,1.3015E1,0.E0));
#1863=DIRECTION('',(0.E0,1.E0,0.E0));
#1864=DIRECTION('',(1.E0,0.E0,0.E0));
#1865=AXIS2_PLACEMENT_3D('',#1862,#1863,#1864);
#1867=DIRECTION('',(3.568681169914E-1,9.341547768304E-1,0.E0));
#1868=VECTOR('',#1867,9.527329111561E-1);
#1869=CARTESIAN_POINT('',(1.6055E1,-6.035E0,0.E0));
#1870=LINE('',#1869,#1868);
#1871=CARTESIAN_POINT('',(1.5825E1,-6.035E0,0.E0));
#1872=DIRECTION('',(0.E0,-1.E0,0.E0));
#1873=DIRECTION('',(1.E0,0.E0,0.E0));
#1874=AXIS2_PLACEMENT_3D('',#1871,#1872,#1873);
#1876=DIRECTION('',(-3.568681169914E-1,9.341547768304E-1,0.E0));
#1877=VECTOR('',#1876,9.527329111561E-1);
#1878=CARTESIAN_POINT('',(1.5595E1,-6.035E0,0.E0));
#1879=LINE('',#1878,#1877);
#1880=CARTESIAN_POINT('',(1.5825E1,-6.035E0,0.E0));
#1881=DIRECTION('',(0.E0,1.E0,0.E0));
#1882=DIRECTION('',(1.E0,0.E0,0.E0));
#1883=AXIS2_PLACEMENT_3D('',#1880,#1881,#1882);
#1885=DIRECTION('',(0.E0,1.E0,0.E0));
#1886=VECTOR('',#1885,3.8E-1);
#1887=CARTESIAN_POINT('',(1.6915E1,1.205E0,-2.45E0));
#1888=LINE('',#1887,#1886);
#1889=DIRECTION('',(0.E0,0.E0,-1.E0));
#1890=VECTOR('',#1889,5.92E0);
#1891=CARTESIAN_POINT('',(1.6915E1,1.205E0,3.47E0));
#1892=LINE('',#1891,#1890);
#1893=DIRECTION('',(0.E0,-1.E0,0.E0));
#1894=VECTOR('',#1893,3.8E-1);
#1895=CARTESIAN_POINT('',(1.4735E1,1.585E0,-2.45E0));
#1896=LINE('',#1895,#1894);
#1897=DIRECTION('',(0.E0,0.E0,-1.E0));
#1898=VECTOR('',#1897,6.9E0);
#1899=CARTESIAN_POINT('',(1.2955E1,-1.205E0,3.47E0));
#1900=LINE('',#1899,#1898);
#1901=CARTESIAN_POINT('',(1.1865E1,-1.205E0,0.E0));
#1902=DIRECTION('',(0.E0,1.E0,0.E0));
#1903=DIRECTION('',(1.E0,0.E0,0.E0));
#1904=AXIS2_PLACEMENT_3D('',#1901,#1902,#1903);
#1906=CARTESIAN_POINT('',(1.1865E1,-1.205E0,0.E0));
#1907=DIRECTION('',(0.E0,1.E0,0.E0));
#1908=DIRECTION('',(-1.E0,0.E0,0.E0));
#1909=AXIS2_PLACEMENT_3D('',#1906,#1907,#1908);
#1911=DIRECTION('',(0.E0,0.E0,-1.E0));
#1912=VECTOR('',#1911,6.9E0);
#1913=CARTESIAN_POINT('',(1.0775E1,-1.205E0,3.47E0));
#1914=LINE('',#1913,#1912);
#1915=CARTESIAN_POINT('',(1.1865E1,-5.145E0,0.E0));
#1916=DIRECTION('',(0.E0,1.E0,0.E0));
#1917=DIRECTION('',(1.E0,0.E0,0.E0));
#1918=AXIS2_PLACEMENT_3D('',#1915,#1916,#1917);
#1920=CARTESIAN_POINT('',(1.1865E1,1.205E0,0.E0));
#1921=DIRECTION('',(0.E0,1.E0,0.E0));
#1922=DIRECTION('',(1.E0,0.E0,0.E0));
#1923=AXIS2_PLACEMENT_3D('',#1920,#1921,#1922);
#1925=CARTESIAN_POINT('',(1.1865E1,1.205E0,0.E0));
#1926=DIRECTION('',(0.E0,1.E0,0.E0));
#1927=DIRECTION('',(-1.E0,0.E0,0.E0));
#1928=AXIS2_PLACEMENT_3D('',#1925,#1926,#1927);
#1930=DIRECTION('',(1.E0,0.E0,0.E0));
#1931=VECTOR('',#1930,2.18E0);
#1932=CARTESIAN_POINT('',(1.0775E1,1.205E0,-2.45E0));
#1933=LINE('',#1932,#1931);
#1934=DIRECTION('',(0.E0,0.E0,-1.E0));
#1935=VECTOR('',#1934,5.92E0);
#1936=CARTESIAN_POINT('',(1.0775E1,1.205E0,3.47E0));
#1937=LINE('',#1936,#1935);
#1938=DIRECTION('',(0.E0,1.E0,0.E0));
#1939=VECTOR('',#1938,1.092E1);
#1940=CARTESIAN_POINT('',(1.1295E1,1.205E0,0.E0));
#1941=LINE('',#1940,#1939);
#1942=DIRECTION('',(0.E0,1.E0,0.E0));
#1943=VECTOR('',#1942,1.092E1);
#1944=CARTESIAN_POINT('',(1.2435E1,1.205E0,0.E0));
#1945=LINE('',#1944,#1943);
#1946=DIRECTION('',(0.E0,1.E0,0.E0));
#1947=VECTOR('',#1946,3.94E0);
#1948=CARTESIAN_POINT('',(1.2435E1,-5.145E0,0.E0));
#1949=LINE('',#1948,#1947);
#1950=CARTESIAN_POINT('',(1.1865E1,-5.145E0,0.E0));
#1951=DIRECTION('',(0.E0,-1.E0,0.E0));
#1952=DIRECTION('',(1.E0,0.E0,0.E0));
#1953=AXIS2_PLACEMENT_3D('',#1950,#1951,#1952);
#1955=DIRECTION('',(0.E0,1.E0,0.E0));
#1956=VECTOR('',#1955,3.94E0);
#1957=CARTESIAN_POINT('',(1.1295E1,-5.145E0,0.E0));
#1958=LINE('',#1957,#1956);
#1959=DIRECTION('',(-3.568681169914E-1,9.341547768304E-1,0.E0));
#1960=VECTOR('',#1959,9.527329111561E-1);
#1961=CARTESIAN_POINT('',(1.2435E1,1.2125E1,0.E0));
#1962=LINE('',#1961,#1960);
#1963=CARTESIAN_POINT('',(1.1865E1,1.2125E1,0.E0));
#1964=DIRECTION('',(0.E0,-1.E0,0.E0));
#1965=DIRECTION('',(1.E0,0.E0,0.E0));
#1966=AXIS2_PLACEMENT_3D('',#1963,#1964,#1965);
#1968=DIRECTION('',(3.568681169914E-1,9.341547768304E-1,0.E0));
#1969=VECTOR('',#1968,9.527329111561E-1);
#1970=CARTESIAN_POINT('',(1.1295E1,1.2125E1,0.E0));
#1971=LINE('',#1970,#1969);
#1972=CARTESIAN_POINT('',(1.1865E1,1.2125E1,0.E0));
#1973=DIRECTION('',(0.E0,1.E0,0.E0));
#1974=DIRECTION('',(1.E0,0.E0,0.E0));
#1975=AXIS2_PLACEMENT_3D('',#1972,#1973,#1974);
#1977=CARTESIAN_POINT('',(1.1865E1,1.3015E1,0.E0));
#1978=DIRECTION('',(0.E0,-1.E0,0.E0));
#1979=DIRECTION('',(1.E0,0.E0,0.E0));
#1980=AXIS2_PLACEMENT_3D('',#1977,#1978,#1979);
#1982=CARTESIAN_POINT('',(1.1865E1,1.3015E1,0.E0));
#1983=DIRECTION('',(0.E0,1.E0,0.E0));
#1984=DIRECTION('',(1.E0,0.E0,0.E0));
#1985=AXIS2_PLACEMENT_3D('',#1982,#1983,#1984);
#1987=DIRECTION('',(3.568681169914E-1,9.341547768304E-1,0.E0));
#1988=VECTOR('',#1987,9.527329111561E-1);
#1989=CARTESIAN_POINT('',(1.2095E1,-6.035E0,0.E0));
#1990=LINE('',#1989,#1988);
#1991=CARTESIAN_POINT('',(1.1865E1,-6.035E0,0.E0));
#1992=DIRECTION('',(0.E0,-1.E0,0.E0));
#1993=DIRECTION('',(1.E0,0.E0,0.E0));
#1994=AXIS2_PLACEMENT_3D('',#1991,#1992,#1993);
#1996=DIRECTION('',(-3.568681169914E-1,9.341547768304E-1,0.E0));
#1997=VECTOR('',#1996,9.527329111561E-1);
#1998=CARTESIAN_POINT('',(1.1635E1,-6.035E0,0.E0));
#1999=LINE('',#1998,#1997);
#2000=CARTESIAN_POINT('',(1.1865E1,-6.035E0,0.E0));
#2001=DIRECTION('',(0.E0,1.E0,0.E0));
#2002=DIRECTION('',(1.E0,0.E0,0.E0));
#2003=AXIS2_PLACEMENT_3D('',#2000,#2001,#2002);
#2005=DIRECTION('',(0.E0,1.E0,0.E0));
#2006=VECTOR('',#2005,3.8E-1);
#2007=CARTESIAN_POINT('',(1.2955E1,1.205E0,-2.45E0));
#2008=LINE('',#2007,#2006);
#2009=DIRECTION('',(0.E0,0.E0,-1.E0));
#2010=VECTOR('',#2009,5.92E0);
#2011=CARTESIAN_POINT('',(1.2955E1,1.205E0,3.47E0));
#2012=LINE('',#2011,#2010);
#2013=DIRECTION('',(0.E0,-1.E0,0.E0));
#2014=VECTOR('',#2013,3.8E-1);
#2015=CARTESIAN_POINT('',(1.0775E1,1.585E0,-2.45E0));
#2016=LINE('',#2015,#2014);
#2017=DIRECTION('',(0.E0,0.E0,-1.E0));
#2018=VECTOR('',#2017,6.9E0);
#2019=CARTESIAN_POINT('',(8.995E0,-1.205E0,3.47E0));
#2020=LINE('',#2019,#2018);
#2021=CARTESIAN_POINT('',(7.905E0,-1.205E0,0.E0));
#2022=DIRECTION('',(0.E0,1.E0,0.E0));
#2023=DIRECTION('',(1.E0,0.E0,0.E0));
#2024=AXIS2_PLACEMENT_3D('',#2021,#2022,#2023);
#2026=CARTESIAN_POINT('',(7.905E0,-1.205E0,0.E0));
#2027=DIRECTION('',(0.E0,1.E0,0.E0));
#2028=DIRECTION('',(-1.E0,0.E0,0.E0));
#2029=AXIS2_PLACEMENT_3D('',#2026,#2027,#2028);
#2031=DIRECTION('',(0.E0,0.E0,-1.E0));
#2032=VECTOR('',#2031,6.9E0);
#2033=CARTESIAN_POINT('',(6.815E0,-1.205E0,3.47E0));
#2034=LINE('',#2033,#2032);
#2035=CARTESIAN_POINT('',(7.905E0,-5.145E0,0.E0));
#2036=DIRECTION('',(0.E0,1.E0,0.E0));
#2037=DIRECTION('',(1.E0,0.E0,0.E0));
#2038=AXIS2_PLACEMENT_3D('',#2035,#2036,#2037);
#2040=CARTESIAN_POINT('',(7.905E0,1.205E0,0.E0));
#2041=DIRECTION('',(0.E0,1.E0,0.E0));
#2042=DIRECTION('',(1.E0,0.E0,0.E0));
#2043=AXIS2_PLACEMENT_3D('',#2040,#2041,#2042);
#2045=CARTESIAN_POINT('',(7.905E0,1.205E0,0.E0));
#2046=DIRECTION('',(0.E0,1.E0,0.E0));
#2047=DIRECTION('',(-1.E0,0.E0,0.E0));
#2048=AXIS2_PLACEMENT_3D('',#2045,#2046,#2047);
#2050=DIRECTION('',(1.E0,0.E0,0.E0));
#2051=VECTOR('',#2050,2.18E0);
#2052=CARTESIAN_POINT('',(6.815E0,1.205E0,-2.45E0));
#2053=LINE('',#2052,#2051);
#2054=DIRECTION('',(0.E0,0.E0,-1.E0));
#2055=VECTOR('',#2054,5.92E0);
#2056=CARTESIAN_POINT('',(6.815E0,1.205E0,3.47E0));
#2057=LINE('',#2056,#2055);
#2058=DIRECTION('',(0.E0,1.E0,0.E0));
#2059=VECTOR('',#2058,1.092E1);
#2060=CARTESIAN_POINT('',(7.335E0,1.205E0,0.E0));
#2061=LINE('',#2060,#2059);
#2062=DIRECTION('',(0.E0,1.E0,0.E0));
#2063=VECTOR('',#2062,1.092E1);
#2064=CARTESIAN_POINT('',(8.475E0,1.205E0,0.E0));
#2065=LINE('',#2064,#2063);
#2066=DIRECTION('',(0.E0,1.E0,0.E0));
#2067=VECTOR('',#2066,3.94E0);
#2068=CARTESIAN_POINT('',(8.475E0,-5.145E0,0.E0));
#2069=LINE('',#2068,#2067);
#2070=CARTESIAN_POINT('',(7.905E0,-5.145E0,0.E0));
#2071=DIRECTION('',(0.E0,-1.E0,0.E0));
#2072=DIRECTION('',(1.E0,0.E0,0.E0));
#2073=AXIS2_PLACEMENT_3D('',#2070,#2071,#2072);
#2075=DIRECTION('',(0.E0,1.E0,0.E0));
#2076=VECTOR('',#2075,3.94E0);
#2077=CARTESIAN_POINT('',(7.335E0,-5.145E0,0.E0));
#2078=LINE('',#2077,#2076);
#2079=DIRECTION('',(-3.568681169914E-1,9.341547768304E-1,0.E0));
#2080=VECTOR('',#2079,9.527329111561E-1);
#2081=CARTESIAN_POINT('',(8.475E0,1.2125E1,0.E0));
#2082=LINE('',#2081,#2080);
#2083=CARTESIAN_POINT('',(7.905E0,1.2125E1,0.E0));
#2084=DIRECTION('',(0.E0,-1.E0,0.E0));
#2085=DIRECTION('',(1.E0,0.E0,0.E0));
#2086=AXIS2_PLACEMENT_3D('',#2083,#2084,#2085);
#2088=DIRECTION('',(3.568681169914E-1,9.341547768304E-1,0.E0));
#2089=VECTOR('',#2088,9.527329111561E-1);
#2090=CARTESIAN_POINT('',(7.335E0,1.2125E1,0.E0));
#2091=LINE('',#2090,#2089);
#2092=CARTESIAN_POINT('',(7.905E0,1.2125E1,0.E0));
#2093=DIRECTION('',(0.E0,1.E0,0.E0));
#2094=DIRECTION('',(1.E0,0.E0,0.E0));
#2095=AXIS2_PLACEMENT_3D('',#2092,#2093,#2094);
#2097=CARTESIAN_POINT('',(7.905E0,1.3015E1,0.E0));
#2098=DIRECTION('',(0.E0,-1.E0,0.E0));
#2099=DIRECTION('',(1.E0,0.E0,0.E0));
#2100=AXIS2_PLACEMENT_3D('',#2097,#2098,#2099);
#2102=CARTESIAN_POINT('',(7.905E0,1.3015E1,0.E0));
#2103=DIRECTION('',(0.E0,1.E0,0.E0));
#2104=DIRECTION('',(1.E0,0.E0,0.E0));
#2105=AXIS2_PLACEMENT_3D('',#2102,#2103,#2104);
#2107=DIRECTION('',(3.568681169914E-1,9.341547768304E-1,0.E0));
#2108=VECTOR('',#2107,9.527329111561E-1);
#2109=CARTESIAN_POINT('',(8.135E0,-6.035E0,0.E0));
#2110=LINE('',#2109,#2108);
#2111=CARTESIAN_POINT('',(7.905E0,-6.035E0,0.E0));
#2112=DIRECTION('',(0.E0,-1.E0,0.E0));
#2113=DIRECTION('',(1.E0,0.E0,0.E0));
#2114=AXIS2_PLACEMENT_3D('',#2111,#2112,#2113);
#2116=DIRECTION('',(-3.568681169914E-1,9.341547768304E-1,0.E0));
#2117=VECTOR('',#2116,9.527329111561E-1);
#2118=CARTESIAN_POINT('',(7.675E0,-6.035E0,0.E0));
#2119=LINE('',#2118,#2117);
#2120=CARTESIAN_POINT('',(7.905E0,-6.035E0,0.E0));
#2121=DIRECTION('',(0.E0,1.E0,0.E0));
#2122=DIRECTION('',(1.E0,0.E0,0.E0));
#2123=AXIS2_PLACEMENT_3D('',#2120,#2121,#2122);
#2125=DIRECTION('',(0.E0,1.E0,0.E0));
#2126=VECTOR('',#2125,3.8E-1);
#2127=CARTESIAN_POINT('',(8.995E0,1.205E0,-2.45E0));
#2128=LINE('',#2127,#2126);
#2129=DIRECTION('',(0.E0,0.E0,-1.E0));
#2130=VECTOR('',#2129,5.92E0);
#2131=CARTESIAN_POINT('',(8.995E0,1.205E0,3.47E0));
#2132=LINE('',#2131,#2130);
#2133=DIRECTION('',(0.E0,-1.E0,0.E0));
#2134=VECTOR('',#2133,3.8E-1);
#2135=CARTESIAN_POINT('',(6.815E0,1.585E0,-2.45E0));
#2136=LINE('',#2135,#2134);
#2137=DIRECTION('',(0.E0,0.E0,-1.E0));
#2138=VECTOR('',#2137,6.9E0);
#2139=CARTESIAN_POINT('',(5.035E0,-1.205E0,3.47E0));
#2140=LINE('',#2139,#2138);
#2141=CARTESIAN_POINT('',(3.945E0,-1.205E0,0.E0));
#2142=DIRECTION('',(0.E0,1.E0,0.E0));
#2143=DIRECTION('',(1.E0,0.E0,0.E0));
#2144=AXIS2_PLACEMENT_3D('',#2141,#2142,#2143);
#2146=CARTESIAN_POINT('',(3.945E0,-1.205E0,0.E0));
#2147=DIRECTION('',(0.E0,1.E0,0.E0));
#2148=DIRECTION('',(-1.E0,0.E0,0.E0));
#2149=AXIS2_PLACEMENT_3D('',#2146,#2147,#2148);
#2151=DIRECTION('',(0.E0,0.E0,-1.E0));
#2152=VECTOR('',#2151,6.9E0);
#2153=CARTESIAN_POINT('',(2.855E0,-1.205E0,3.47E0));
#2154=LINE('',#2153,#2152);
#2155=CARTESIAN_POINT('',(3.945E0,-5.145E0,0.E0));
#2156=DIRECTION('',(0.E0,1.E0,0.E0));
#2157=DIRECTION('',(1.E0,0.E0,0.E0));
#2158=AXIS2_PLACEMENT_3D('',#2155,#2156,#2157);
#2160=CARTESIAN_POINT('',(3.945E0,1.205E0,0.E0));
#2161=DIRECTION('',(0.E0,1.E0,0.E0));
#2162=DIRECTION('',(1.E0,0.E0,0.E0));
#2163=AXIS2_PLACEMENT_3D('',#2160,#2161,#2162);
#2165=CARTESIAN_POINT('',(3.945E0,1.205E0,0.E0));
#2166=DIRECTION('',(0.E0,1.E0,0.E0));
#2167=DIRECTION('',(-1.E0,0.E0,0.E0));
#2168=AXIS2_PLACEMENT_3D('',#2165,#2166,#2167);
#2170=DIRECTION('',(1.E0,0.E0,0.E0));
#2171=VECTOR('',#2170,2.18E0);
#2172=CARTESIAN_POINT('',(2.855E0,1.205E0,-2.45E0));
#2173=LINE('',#2172,#2171);
#2174=DIRECTION('',(0.E0,0.E0,-1.E0));
#2175=VECTOR('',#2174,5.92E0);
#2176=CARTESIAN_POINT('',(2.855E0,1.205E0,3.47E0));
#2177=LINE('',#2176,#2175);
#2178=DIRECTION('',(0.E0,1.E0,0.E0));
#2179=VECTOR('',#2178,1.092E1);
#2180=CARTESIAN_POINT('',(3.375E0,1.205E0,0.E0));
#2181=LINE('',#2180,#2179);
#2182=DIRECTION('',(0.E0,1.E0,0.E0));
#2183=VECTOR('',#2182,1.092E1);
#2184=CARTESIAN_POINT('',(4.515E0,1.205E0,0.E0));
#2185=LINE('',#2184,#2183);
#2186=DIRECTION('',(0.E0,1.E0,0.E0));
#2187=VECTOR('',#2186,3.94E0);
#2188=CARTESIAN_POINT('',(4.515E0,-5.145E0,0.E0));
#2189=LINE('',#2188,#2187);
#2190=CARTESIAN_POINT('',(3.945E0,-5.145E0,0.E0));
#2191=DIRECTION('',(0.E0,-1.E0,0.E0));
#2192=DIRECTION('',(1.E0,0.E0,0.E0));
#2193=AXIS2_PLACEMENT_3D('',#2190,#2191,#2192);
#2195=DIRECTION('',(0.E0,1.E0,0.E0));
#2196=VECTOR('',#2195,3.94E0);
#2197=CARTESIAN_POINT('',(3.375E0,-5.145E0,0.E0));
#2198=LINE('',#2197,#2196);
#2199=DIRECTION('',(-3.568681169914E-1,9.341547768304E-1,0.E0));
#2200=VECTOR('',#2199,9.527329111561E-1);
#2201=CARTESIAN_POINT('',(4.515E0,1.2125E1,0.E0));
#2202=LINE('',#2201,#2200);
#2203=CARTESIAN_POINT('',(3.945E0,1.2125E1,0.E0));
#2204=DIRECTION('',(0.E0,-1.E0,0.E0));
#2205=DIRECTION('',(1.E0,0.E0,0.E0));
#2206=AXIS2_PLACEMENT_3D('',#2203,#2204,#2205);
#2208=DIRECTION('',(3.568681169914E-1,9.341547768304E-1,0.E0));
#2209=VECTOR('',#2208,9.527329111561E-1);
#2210=CARTESIAN_POINT('',(3.375E0,1.2125E1,0.E0));
#2211=LINE('',#2210,#2209);
#2212=CARTESIAN_POINT('',(3.945E0,1.2125E1,0.E0));
#2213=DIRECTION('',(0.E0,1.E0,0.E0));
#2214=DIRECTION('',(1.E0,0.E0,0.E0));
#2215=AXIS2_PLACEMENT_3D('',#2212,#2213,#2214);
#2217=CARTESIAN_POINT('',(3.945E0,1.3015E1,0.E0));
#2218=DIRECTION('',(0.E0,-1.E0,0.E0));
#2219=DIRECTION('',(1.E0,0.E0,0.E0));
#2220=AXIS2_PLACEMENT_3D('',#2217,#2218,#2219);
#2222=CARTESIAN_POINT('',(3.945E0,1.3015E1,0.E0));
#2223=DIRECTION('',(0.E0,1.E0,0.E0));
#2224=DIRECTION('',(1.E0,0.E0,0.E0));
#2225=AXIS2_PLACEMENT_3D('',#2222,#2223,#2224);
#2227=DIRECTION('',(3.568681169914E-1,9.341547768304E-1,0.E0));
#2228=VECTOR('',#2227,9.527329111561E-1);
#2229=CARTESIAN_POINT('',(4.175E0,-6.035E0,0.E0));
#2230=LINE('',#2229,#2228);
#2231=CARTESIAN_POINT('',(3.945E0,-6.035E0,0.E0));
#2232=DIRECTION('',(0.E0,-1.E0,0.E0));
#2233=DIRECTION('',(1.E0,0.E0,0.E0));
#2234=AXIS2_PLACEMENT_3D('',#2231,#2232,#2233);
#2236=DIRECTION('',(-3.568681169914E-1,9.341547768304E-1,0.E0));
#2237=VECTOR('',#2236,9.527329111561E-1);
#2238=CARTESIAN_POINT('',(3.715E0,-6.035E0,0.E0));
#2239=LINE('',#2238,#2237);
#2240=CARTESIAN_POINT('',(3.945E0,-6.035E0,0.E0));
#2241=DIRECTION('',(0.E0,1.E0,0.E0));
#2242=DIRECTION('',(1.E0,0.E0,0.E0));
#2243=AXIS2_PLACEMENT_3D('',#2240,#2241,#2242);
#2245=DIRECTION('',(0.E0,1.E0,0.E0));
#2246=VECTOR('',#2245,3.8E-1);
#2247=CARTESIAN_POINT('',(5.035E0,1.205E0,-2.45E0));
#2248=LINE('',#2247,#2246);
#2249=DIRECTION('',(0.E0,0.E0,-1.E0));
#2250=VECTOR('',#2249,5.92E0);
#2251=CARTESIAN_POINT('',(5.035E0,1.205E0,3.47E0));
#2252=LINE('',#2251,#2250);
#2253=DIRECTION('',(0.E0,-1.E0,0.E0));
#2254=VECTOR('',#2253,3.8E-1);
#2255=CARTESIAN_POINT('',(2.855E0,1.585E0,-2.45E0));
#2256=LINE('',#2255,#2254);
#2257=DIRECTION('',(0.E0,0.E0,-1.E0));
#2258=VECTOR('',#2257,6.9E0);
#2259=CARTESIAN_POINT('',(1.075E0,-1.205E0,3.47E0));
#2260=LINE('',#2259,#2258);
#2261=CARTESIAN_POINT('',(-1.5E-2,-1.205E0,0.E0));
#2262=DIRECTION('',(0.E0,1.E0,0.E0));
#2263=DIRECTION('',(1.E0,0.E0,0.E0));
#2264=AXIS2_PLACEMENT_3D('',#2261,#2262,#2263);
#2266=CARTESIAN_POINT('',(-1.5E-2,-1.205E0,0.E0));
#2267=DIRECTION('',(0.E0,1.E0,0.E0));
#2268=DIRECTION('',(-1.E0,0.E0,0.E0));
#2269=AXIS2_PLACEMENT_3D('',#2266,#2267,#2268);
#2271=DIRECTION('',(0.E0,0.E0,-1.E0));
#2272=VECTOR('',#2271,6.9E0);
#2273=CARTESIAN_POINT('',(-1.105E0,-1.205E0,3.47E0));
#2274=LINE('',#2273,#2272);
#2275=CARTESIAN_POINT('',(-1.5E-2,-5.145E0,0.E0));
#2276=DIRECTION('',(0.E0,1.E0,0.E0));
#2277=DIRECTION('',(1.E0,0.E0,0.E0));
#2278=AXIS2_PLACEMENT_3D('',#2275,#2276,#2277);
#2280=CARTESIAN_POINT('',(-1.5E-2,1.205E0,0.E0));
#2281=DIRECTION('',(0.E0,1.E0,0.E0));
#2282=DIRECTION('',(1.E0,0.E0,0.E0));
#2283=AXIS2_PLACEMENT_3D('',#2280,#2281,#2282);
#2285=CARTESIAN_POINT('',(-1.5E-2,1.205E0,0.E0));
#2286=DIRECTION('',(0.E0,1.E0,0.E0));
#2287=DIRECTION('',(-1.E0,0.E0,0.E0));
#2288=AXIS2_PLACEMENT_3D('',#2285,#2286,#2287);
#2290=DIRECTION('',(1.E0,0.E0,0.E0));
#2291=VECTOR('',#2290,2.18E0);
#2292=CARTESIAN_POINT('',(-1.105E0,1.205E0,-2.45E0));
#2293=LINE('',#2292,#2291);
#2294=DIRECTION('',(0.E0,0.E0,-1.E0));
#2295=VECTOR('',#2294,5.92E0);
#2296=CARTESIAN_POINT('',(-1.105E0,1.205E0,3.47E0));
#2297=LINE('',#2296,#2295);
#2298=DIRECTION('',(0.E0,1.E0,0.E0));
#2299=VECTOR('',#2298,1.092E1);
#2300=CARTESIAN_POINT('',(-5.85E-1,1.205E0,0.E0));
#2301=LINE('',#2300,#2299);
#2302=DIRECTION('',(0.E0,1.E0,0.E0));
#2303=VECTOR('',#2302,1.092E1);
#2304=CARTESIAN_POINT('',(5.55E-1,1.205E0,0.E0));
#2305=LINE('',#2304,#2303);
#2306=DIRECTION('',(0.E0,1.E0,0.E0));
#2307=VECTOR('',#2306,3.94E0);
#2308=CARTESIAN_POINT('',(5.55E-1,-5.145E0,0.E0));
#2309=LINE('',#2308,#2307);
#2310=CARTESIAN_POINT('',(-1.5E-2,-5.145E0,0.E0));
#2311=DIRECTION('',(0.E0,-1.E0,0.E0));
#2312=DIRECTION('',(1.E0,0.E0,0.E0));
#2313=AXIS2_PLACEMENT_3D('',#2310,#2311,#2312);
#2315=DIRECTION('',(0.E0,1.E0,0.E0));
#2316=VECTOR('',#2315,3.94E0);
#2317=CARTESIAN_POINT('',(-5.85E-1,-5.145E0,0.E0));
#2318=LINE('',#2317,#2316);
#2319=DIRECTION('',(-3.568681169914E-1,9.341547768304E-1,0.E0));
#2320=VECTOR('',#2319,9.527329111561E-1);
#2321=CARTESIAN_POINT('',(5.55E-1,1.2125E1,0.E0));
#2322=LINE('',#2321,#2320);
#2323=CARTESIAN_POINT('',(-1.5E-2,1.2125E1,0.E0));
#2324=DIRECTION('',(0.E0,-1.E0,0.E0));
#2325=DIRECTION('',(1.E0,0.E0,0.E0));
#2326=AXIS2_PLACEMENT_3D('',#2323,#2324,#2325);
#2328=DIRECTION('',(3.568681169914E-1,9.341547768304E-1,0.E0));
#2329=VECTOR('',#2328,9.527329111561E-1);
#2330=CARTESIAN_POINT('',(-5.85E-1,1.2125E1,0.E0));
#2331=LINE('',#2330,#2329);
#2332=CARTESIAN_POINT('',(-1.5E-2,1.2125E1,0.E0));
#2333=DIRECTION('',(0.E0,1.E0,0.E0));
#2334=DIRECTION('',(1.E0,0.E0,0.E0));
#2335=AXIS2_PLACEMENT_3D('',#2332,#2333,#2334);
#2337=CARTESIAN_POINT('',(-1.5E-2,1.3015E1,0.E0));
#2338=DIRECTION('',(0.E0,-1.E0,0.E0));
#2339=DIRECTION('',(1.E0,0.E0,0.E0));
#2340=AXIS2_PLACEMENT_3D('',#2337,#2338,#2339);
#2342=CARTESIAN_POINT('',(-1.5E-2,1.3015E1,0.E0));
#2343=DIRECTION('',(0.E0,1.E0,0.E0));
#2344=DIRECTION('',(1.E0,0.E0,0.E0));
#2345=AXIS2_PLACEMENT_3D('',#2342,#2343,#2344);
#2347=DIRECTION('',(3.568681169914E-1,9.341547768304E-1,0.E0));
#2348=VECTOR('',#2347,9.527329111561E-1);
#2349=CARTESIAN_POINT('',(2.15E-1,-6.035E0,0.E0));
#2350=LINE('',#2349,#2348);
#2351=CARTESIAN_POINT('',(-1.5E-2,-6.035E0,0.E0));
#2352=DIRECTION('',(0.E0,-1.E0,0.E0));
#2353=DIRECTION('',(1.E0,0.E0,0.E0));
#2354=AXIS2_PLACEMENT_3D('',#2351,#2352,#2353);
#2356=DIRECTION('',(-3.568681169914E-1,9.341547768304E-1,0.E0));
#2357=VECTOR('',#2356,9.527329111561E-1);
#2358=CARTESIAN_POINT('',(-2.45E-1,-6.035E0,0.E0));
#2359=LINE('',#2358,#2357);
#2360=CARTESIAN_POINT('',(-1.5E-2,-6.035E0,0.E0));
#2361=DIRECTION('',(0.E0,1.E0,0.E0));
#2362=DIRECTION('',(1.E0,0.E0,0.E0));
#2363=AXIS2_PLACEMENT_3D('',#2360,#2361,#2362);
#2365=DIRECTION('',(0.E0,1.E0,0.E0));
#2366=VECTOR('',#2365,3.8E-1);
#2367=CARTESIAN_POINT('',(1.075E0,1.205E0,-2.45E0));
#2368=LINE('',#2367,#2366);
#2369=DIRECTION('',(0.E0,0.E0,-1.E0));
#2370=VECTOR('',#2369,5.92E0);
#2371=CARTESIAN_POINT('',(1.075E0,1.205E0,3.47E0));
#2372=LINE('',#2371,#2370);
#2373=DIRECTION('',(0.E0,-1.E0,0.E0));
#2374=VECTOR('',#2373,3.8E-1);
#2375=CARTESIAN_POINT('',(-1.105E0,1.585E0,-2.45E0));
#2376=LINE('',#2375,#2374);
#2377=DIRECTION('',(0.E0,0.E0,-1.E0));
#2378=VECTOR('',#2377,6.9E0);
#2379=CARTESIAN_POINT('',(-2.885E0,-1.205E0,3.47E0));
#2380=LINE('',#2379,#2378);
#2381=CARTESIAN_POINT('',(-3.975E0,-1.205E0,0.E0));
#2382=DIRECTION('',(0.E0,1.E0,0.E0));
#2383=DIRECTION('',(1.E0,0.E0,0.E0));
#2384=AXIS2_PLACEMENT_3D('',#2381,#2382,#2383);
#2386=CARTESIAN_POINT('',(-3.975E0,-1.205E0,0.E0));
#2387=DIRECTION('',(0.E0,1.E0,0.E0));
#2388=DIRECTION('',(-1.E0,0.E0,0.E0));
#2389=AXIS2_PLACEMENT_3D('',#2386,#2387,#2388);
#2391=DIRECTION('',(0.E0,0.E0,-1.E0));
#2392=VECTOR('',#2391,6.9E0);
#2393=CARTESIAN_POINT('',(-5.065E0,-1.205E0,3.47E0));
#2394=LINE('',#2393,#2392);
#2395=CARTESIAN_POINT('',(-3.975E0,-5.145E0,0.E0));
#2396=DIRECTION('',(0.E0,1.E0,0.E0));
#2397=DIRECTION('',(1.E0,0.E0,0.E0));
#2398=AXIS2_PLACEMENT_3D('',#2395,#2396,#2397);
#2400=CARTESIAN_POINT('',(-3.975E0,1.205E0,0.E0));
#2401=DIRECTION('',(0.E0,1.E0,0.E0));
#2402=DIRECTION('',(1.E0,0.E0,0.E0));
#2403=AXIS2_PLACEMENT_3D('',#2400,#2401,#2402);
#2405=CARTESIAN_POINT('',(-3.975E0,1.205E0,0.E0));
#2406=DIRECTION('',(0.E0,1.E0,0.E0));
#2407=DIRECTION('',(-1.E0,0.E0,0.E0));
#2408=AXIS2_PLACEMENT_3D('',#2405,#2406,#2407);
#2410=DIRECTION('',(1.E0,0.E0,0.E0));
#2411=VECTOR('',#2410,2.18E0);
#2412=CARTESIAN_POINT('',(-5.065E0,1.205E0,-2.45E0));
#2413=LINE('',#2412,#2411);
#2414=DIRECTION('',(0.E0,0.E0,-1.E0));
#2415=VECTOR('',#2414,5.92E0);
#2416=CARTESIAN_POINT('',(-5.065E0,1.205E0,3.47E0));
#2417=LINE('',#2416,#2415);
#2418=DIRECTION('',(0.E0,1.E0,0.E0));
#2419=VECTOR('',#2418,1.092E1);
#2420=CARTESIAN_POINT('',(-4.545E0,1.205E0,0.E0));
#2421=LINE('',#2420,#2419);
#2422=DIRECTION('',(0.E0,1.E0,0.E0));
#2423=VECTOR('',#2422,1.092E1);
#2424=CARTESIAN_POINT('',(-3.405E0,1.205E0,0.E0));
#2425=LINE('',#2424,#2423);
#2426=DIRECTION('',(0.E0,1.E0,0.E0));
#2427=VECTOR('',#2426,3.94E0);
#2428=CARTESIAN_POINT('',(-3.405E0,-5.145E0,0.E0));
#2429=LINE('',#2428,#2427);
#2430=CARTESIAN_POINT('',(-3.975E0,-5.145E0,0.E0));
#2431=DIRECTION('',(0.E0,-1.E0,0.E0));
#2432=DIRECTION('',(1.E0,0.E0,0.E0));
#2433=AXIS2_PLACEMENT_3D('',#2430,#2431,#2432);
#2435=DIRECTION('',(0.E0,1.E0,0.E0));
#2436=VECTOR('',#2435,3.94E0);
#2437=CARTESIAN_POINT('',(-4.545E0,-5.145E0,0.E0));
#2438=LINE('',#2437,#2436);
#2439=DIRECTION('',(-3.568681169914E-1,9.341547768304E-1,0.E0));
#2440=VECTOR('',#2439,9.527329111561E-1);
#2441=CARTESIAN_POINT('',(-3.405E0,1.2125E1,0.E0));
#2442=LINE('',#2441,#2440);
#2443=CARTESIAN_POINT('',(-3.975E0,1.2125E1,0.E0));
#2444=DIRECTION('',(0.E0,-1.E0,0.E0));
#2445=DIRECTION('',(1.E0,0.E0,0.E0));
#2446=AXIS2_PLACEMENT_3D('',#2443,#2444,#2445);
#2448=DIRECTION('',(3.568681169914E-1,9.341547768304E-1,0.E0));
#2449=VECTOR('',#2448,9.527329111561E-1);
#2450=CARTESIAN_POINT('',(-4.545E0,1.2125E1,0.E0));
#2451=LINE('',#2450,#2449);
#2452=CARTESIAN_POINT('',(-3.975E0,1.2125E1,0.E0));
#2453=DIRECTION('',(0.E0,1.E0,0.E0));
#2454=DIRECTION('',(1.E0,0.E0,0.E0));
#2455=AXIS2_PLACEMENT_3D('',#2452,#2453,#2454);
#2457=CARTESIAN_POINT('',(-3.975E0,1.3015E1,0.E0));
#2458=DIRECTION('',(0.E0,-1.E0,0.E0));
#2459=DIRECTION('',(1.E0,0.E0,0.E0));
#2460=AXIS2_PLACEMENT_3D('',#2457,#2458,#2459);
#2462=CARTESIAN_POINT('',(-3.975E0,1.3015E1,0.E0));
#2463=DIRECTION('',(0.E0,1.E0,0.E0));
#2464=DIRECTION('',(1.E0,0.E0,0.E0));
#2465=AXIS2_PLACEMENT_3D('',#2462,#2463,#2464);
#2467=DIRECTION('',(3.568681169914E-1,9.341547768304E-1,0.E0));
#2468=VECTOR('',#2467,9.527329111561E-1);
#2469=CARTESIAN_POINT('',(-3.745E0,-6.035E0,0.E0));
#2470=LINE('',#2469,#2468);
#2471=CARTESIAN_POINT('',(-3.975E0,-6.035E0,0.E0));
#2472=DIRECTION('',(0.E0,-1.E0,0.E0));
#2473=DIRECTION('',(1.E0,0.E0,0.E0));
#2474=AXIS2_PLACEMENT_3D('',#2471,#2472,#2473);
#2476=DIRECTION('',(-3.568681169914E-1,9.341547768304E-1,0.E0));
#2477=VECTOR('',#2476,9.527329111561E-1);
#2478=CARTESIAN_POINT('',(-4.205E0,-6.035E0,0.E0));
#2479=LINE('',#2478,#2477);
#2480=CARTESIAN_POINT('',(-3.975E0,-6.035E0,0.E0));
#2481=DIRECTION('',(0.E0,1.E0,0.E0));
#2482=DIRECTION('',(1.E0,0.E0,0.E0));
#2483=AXIS2_PLACEMENT_3D('',#2480,#2481,#2482);
#2485=DIRECTION('',(0.E0,1.E0,0.E0));
#2486=VECTOR('',#2485,3.8E-1);
#2487=CARTESIAN_POINT('',(-2.885E0,1.205E0,-2.45E0));
#2488=LINE('',#2487,#2486);
#2489=DIRECTION('',(0.E0,0.E0,-1.E0));
#2490=VECTOR('',#2489,5.92E0);
#2491=CARTESIAN_POINT('',(-2.885E0,1.205E0,3.47E0));
#2492=LINE('',#2491,#2490);
#2493=DIRECTION('',(0.E0,-1.E0,0.E0));
#2494=VECTOR('',#2493,3.8E-1);
#2495=CARTESIAN_POINT('',(-5.065E0,1.585E0,-2.45E0));
#2496=LINE('',#2495,#2494);
#2497=DIRECTION('',(0.E0,0.E0,-1.E0));
#2498=VECTOR('',#2497,6.9E0);
#2499=CARTESIAN_POINT('',(-6.845E0,-1.205E0,3.47E0));
#2500=LINE('',#2499,#2498);
#2501=CARTESIAN_POINT('',(-7.935E0,-1.205E0,0.E0));
#2502=DIRECTION('',(0.E0,1.E0,0.E0));
#2503=DIRECTION('',(1.E0,0.E0,0.E0));
#2504=AXIS2_PLACEMENT_3D('',#2501,#2502,#2503);
#2506=CARTESIAN_POINT('',(-7.935E0,-1.205E0,0.E0));
#2507=DIRECTION('',(0.E0,1.E0,0.E0));
#2508=DIRECTION('',(-1.E0,0.E0,0.E0));
#2509=AXIS2_PLACEMENT_3D('',#2506,#2507,#2508);
#2511=DIRECTION('',(0.E0,0.E0,-1.E0));
#2512=VECTOR('',#2511,6.9E0);
#2513=CARTESIAN_POINT('',(-9.025E0,-1.205E0,3.47E0));
#2514=LINE('',#2513,#2512);
#2515=CARTESIAN_POINT('',(-7.935E0,-5.145E0,0.E0));
#2516=DIRECTION('',(0.E0,1.E0,0.E0));
#2517=DIRECTION('',(1.E0,0.E0,0.E0));
#2518=AXIS2_PLACEMENT_3D('',#2515,#2516,#2517);
#2520=CARTESIAN_POINT('',(-7.935E0,1.205E0,0.E0));
#2521=DIRECTION('',(0.E0,1.E0,0.E0));
#2522=DIRECTION('',(1.E0,0.E0,0.E0));
#2523=AXIS2_PLACEMENT_3D('',#2520,#2521,#2522);
#2525=CARTESIAN_POINT('',(-7.935E0,1.205E0,0.E0));
#2526=DIRECTION('',(0.E0,1.E0,0.E0));
#2527=DIRECTION('',(-1.E0,0.E0,0.E0));
#2528=AXIS2_PLACEMENT_3D('',#2525,#2526,#2527);
#2530=DIRECTION('',(1.E0,0.E0,0.E0));
#2531=VECTOR('',#2530,2.18E0);
#2532=CARTESIAN_POINT('',(-9.025E0,1.205E0,-2.45E0));
#2533=LINE('',#2532,#2531);
#2534=DIRECTION('',(0.E0,0.E0,-1.E0));
#2535=VECTOR('',#2534,5.92E0);
#2536=CARTESIAN_POINT('',(-9.025E0,1.205E0,3.47E0));
#2537=LINE('',#2536,#2535);
#2538=DIRECTION('',(0.E0,1.E0,0.E0));
#2539=VECTOR('',#2538,1.092E1);
#2540=CARTESIAN_POINT('',(-8.505E0,1.205E0,0.E0));
#2541=LINE('',#2540,#2539);
#2542=DIRECTION('',(0.E0,1.E0,0.E0));
#2543=VECTOR('',#2542,1.092E1);
#2544=CARTESIAN_POINT('',(-7.365E0,1.205E0,0.E0));
#2545=LINE('',#2544,#2543);
#2546=DIRECTION('',(0.E0,1.E0,0.E0));
#2547=VECTOR('',#2546,3.94E0);
#2548=CARTESIAN_POINT('',(-7.365E0,-5.145E0,0.E0));
#2549=LINE('',#2548,#2547);
#2550=CARTESIAN_POINT('',(-7.935E0,-5.145E0,0.E0));
#2551=DIRECTION('',(0.E0,-1.E0,0.E0));
#2552=DIRECTION('',(1.E0,0.E0,0.E0));
#2553=AXIS2_PLACEMENT_3D('',#2550,#2551,#2552);
#2555=DIRECTION('',(0.E0,1.E0,0.E0));
#2556=VECTOR('',#2555,3.94E0);
#2557=CARTESIAN_POINT('',(-8.505E0,-5.145E0,0.E0));
#2558=LINE('',#2557,#2556);
#2559=DIRECTION('',(-3.568681169914E-1,9.341547768304E-1,0.E0));
#2560=VECTOR('',#2559,9.527329111561E-1);
#2561=CARTESIAN_POINT('',(-7.365E0,1.2125E1,0.E0));
#2562=LINE('',#2561,#2560);
#2563=CARTESIAN_POINT('',(-7.935E0,1.2125E1,0.E0));
#2564=DIRECTION('',(0.E0,-1.E0,0.E0));
#2565=DIRECTION('',(1.E0,0.E0,0.E0));
#2566=AXIS2_PLACEMENT_3D('',#2563,#2564,#2565);
#2568=DIRECTION('',(3.568681169914E-1,9.341547768304E-1,0.E0));
#2569=VECTOR('',#2568,9.527329111561E-1);
#2570=CARTESIAN_POINT('',(-8.505E0,1.2125E1,0.E0));
#2571=LINE('',#2570,#2569);
#2572=CARTESIAN_POINT('',(-7.935E0,1.2125E1,0.E0));
#2573=DIRECTION('',(0.E0,1.E0,0.E0));
#2574=DIRECTION('',(1.E0,0.E0,0.E0));
#2575=AXIS2_PLACEMENT_3D('',#2572,#2573,#2574);
#2577=CARTESIAN_POINT('',(-7.935E0,1.3015E1,0.E0));
#2578=DIRECTION('',(0.E0,-1.E0,0.E0));
#2579=DIRECTION('',(1.E0,0.E0,0.E0));
#2580=AXIS2_PLACEMENT_3D('',#2577,#2578,#2579);
#2582=CARTESIAN_POINT('',(-7.935E0,1.3015E1,0.E0));
#2583=DIRECTION('',(0.E0,1.E0,0.E0));
#2584=DIRECTION('',(1.E0,0.E0,0.E0));
#2585=AXIS2_PLACEMENT_3D('',#2582,#2583,#2584);
#2587=DIRECTION('',(3.568681169914E-1,9.341547768304E-1,0.E0));
#2588=VECTOR('',#2587,9.527329111561E-1);
#2589=CARTESIAN_POINT('',(-7.705E0,-6.035E0,0.E0));
#2590=LINE('',#2589,#2588);
#2591=CARTESIAN_POINT('',(-7.935E0,-6.035E0,0.E0));
#2592=DIRECTION('',(0.E0,-1.E0,0.E0));
#2593=DIRECTION('',(1.E0,0.E0,0.E0));
#2594=AXIS2_PLACEMENT_3D('',#2591,#2592,#2593);
#2596=DIRECTION('',(-3.568681169914E-1,9.341547768304E-1,0.E0));
#2597=VECTOR('',#2596,9.527329111561E-1);
#2598=CARTESIAN_POINT('',(-8.165E0,-6.035E0,0.E0));
#2599=LINE('',#2598,#2597);
#2600=CARTESIAN_POINT('',(-7.935E0,-6.035E0,0.E0));
#2601=DIRECTION('',(0.E0,1.E0,0.E0));
#2602=DIRECTION('',(1.E0,0.E0,0.E0));
#2603=AXIS2_PLACEMENT_3D('',#2600,#2601,#2602);
#2605=DIRECTION('',(0.E0,1.E0,0.E0));
#2606=VECTOR('',#2605,3.8E-1);
#2607=CARTESIAN_POINT('',(-6.845E0,1.205E0,-2.45E0));
#2608=LINE('',#2607,#2606);
#2609=DIRECTION('',(0.E0,0.E0,-1.E0));
#2610=VECTOR('',#2609,5.92E0);
#2611=CARTESIAN_POINT('',(-6.845E0,1.205E0,3.47E0));
#2612=LINE('',#2611,#2610);
#2613=DIRECTION('',(0.E0,-1.E0,0.E0));
#2614=VECTOR('',#2613,3.8E-1);
#2615=CARTESIAN_POINT('',(-9.025E0,1.585E0,-2.45E0));
#2616=LINE('',#2615,#2614);
#2617=DIRECTION('',(0.E0,0.E0,-1.E0));
#2618=VECTOR('',#2617,6.9E0);
#2619=CARTESIAN_POINT('',(-1.0805E1,-1.205E0,3.47E0));
#2620=LINE('',#2619,#2618);
#2621=CARTESIAN_POINT('',(-1.1895E1,-1.205E0,0.E0));
#2622=DIRECTION('',(0.E0,1.E0,0.E0));
#2623=DIRECTION('',(1.E0,0.E0,0.E0));
#2624=AXIS2_PLACEMENT_3D('',#2621,#2622,#2623);
#2626=CARTESIAN_POINT('',(-1.1895E1,-1.205E0,0.E0));
#2627=DIRECTION('',(0.E0,1.E0,0.E0));
#2628=DIRECTION('',(-1.E0,0.E0,0.E0));
#2629=AXIS2_PLACEMENT_3D('',#2626,#2627,#2628);
#2631=DIRECTION('',(0.E0,0.E0,-1.E0));
#2632=VECTOR('',#2631,6.9E0);
#2633=CARTESIAN_POINT('',(-1.2985E1,-1.205E0,3.47E0));
#2634=LINE('',#2633,#2632);
#2635=CARTESIAN_POINT('',(-1.1895E1,-5.145E0,0.E0));
#2636=DIRECTION('',(0.E0,1.E0,0.E0));
#2637=DIRECTION('',(1.E0,0.E0,0.E0));
#2638=AXIS2_PLACEMENT_3D('',#2635,#2636,#2637);
#2640=CARTESIAN_POINT('',(-1.1895E1,1.205E0,0.E0));
#2641=DIRECTION('',(0.E0,1.E0,0.E0));
#2642=DIRECTION('',(1.E0,0.E0,0.E0));
#2643=AXIS2_PLACEMENT_3D('',#2640,#2641,#2642);
#2645=CARTESIAN_POINT('',(-1.1895E1,1.205E0,0.E0));
#2646=DIRECTION('',(0.E0,1.E0,0.E0));
#2647=DIRECTION('',(-1.E0,0.E0,0.E0));
#2648=AXIS2_PLACEMENT_3D('',#2645,#2646,#2647);
#2650=DIRECTION('',(1.E0,0.E0,0.E0));
#2651=VECTOR('',#2650,2.18E0);
#2652=CARTESIAN_POINT('',(-1.2985E1,1.205E0,-2.45E0));
#2653=LINE('',#2652,#2651);
#2654=DIRECTION('',(0.E0,0.E0,-1.E0));
#2655=VECTOR('',#2654,5.92E0);
#2656=CARTESIAN_POINT('',(-1.2985E1,1.205E0,3.47E0));
#2657=LINE('',#2656,#2655);
#2658=DIRECTION('',(0.E0,1.E0,0.E0));
#2659=VECTOR('',#2658,1.092E1);
#2660=CARTESIAN_POINT('',(-1.2465E1,1.205E0,0.E0));
#2661=LINE('',#2660,#2659);
#2662=DIRECTION('',(0.E0,1.E0,0.E0));
#2663=VECTOR('',#2662,1.092E1);
#2664=CARTESIAN_POINT('',(-1.1325E1,1.205E0,0.E0));
#2665=LINE('',#2664,#2663);
#2666=DIRECTION('',(0.E0,1.E0,0.E0));
#2667=VECTOR('',#2666,3.94E0);
#2668=CARTESIAN_POINT('',(-1.1325E1,-5.145E0,0.E0));
#2669=LINE('',#2668,#2667);
#2670=CARTESIAN_POINT('',(-1.1895E1,-5.145E0,0.E0));
#2671=DIRECTION('',(0.E0,-1.E0,0.E0));
#2672=DIRECTION('',(1.E0,0.E0,0.E0));
#2673=AXIS2_PLACEMENT_3D('',#2670,#2671,#2672);
#2675=DIRECTION('',(0.E0,1.E0,0.E0));
#2676=VECTOR('',#2675,3.94E0);
#2677=CARTESIAN_POINT('',(-1.2465E1,-5.145E0,0.E0));
#2678=LINE('',#2677,#2676);
#2679=DIRECTION('',(-3.568681169914E-1,9.341547768304E-1,0.E0));
#2680=VECTOR('',#2679,9.527329111561E-1);
#2681=CARTESIAN_POINT('',(-1.1325E1,1.2125E1,0.E0));
#2682=LINE('',#2681,#2680);
#2683=CARTESIAN_POINT('',(-1.1895E1,1.2125E1,0.E0));
#2684=DIRECTION('',(0.E0,-1.E0,0.E0));
#2685=DIRECTION('',(1.E0,0.E0,0.E0));
#2686=AXIS2_PLACEMENT_3D('',#2683,#2684,#2685);
#2688=DIRECTION('',(3.568681169914E-1,9.341547768304E-1,0.E0));
#2689=VECTOR('',#2688,9.527329111561E-1);
#2690=CARTESIAN_POINT('',(-1.2465E1,1.2125E1,0.E0));
#2691=LINE('',#2690,#2689);
#2692=CARTESIAN_POINT('',(-1.1895E1,1.2125E1,0.E0));
#2693=DIRECTION('',(0.E0,1.E0,0.E0));
#2694=DIRECTION('',(1.E0,0.E0,0.E0));
#2695=AXIS2_PLACEMENT_3D('',#2692,#2693,#2694);
#2697=CARTESIAN_POINT('',(-1.1895E1,1.3015E1,0.E0));
#2698=DIRECTION('',(0.E0,-1.E0,0.E0));
#2699=DIRECTION('',(1.E0,0.E0,0.E0));
#2700=AXIS2_PLACEMENT_3D('',#2697,#2698,#2699);
#2702=CARTESIAN_POINT('',(-1.1895E1,1.3015E1,0.E0));
#2703=DIRECTION('',(0.E0,1.E0,0.E0));
#2704=DIRECTION('',(1.E0,0.E0,0.E0));
#2705=AXIS2_PLACEMENT_3D('',#2702,#2703,#2704);
#2707=DIRECTION('',(3.568681169914E-1,9.341547768304E-1,0.E0));
#2708=VECTOR('',#2707,9.527329111561E-1);
#2709=CARTESIAN_POINT('',(-1.1665E1,-6.035E0,0.E0));
#2710=LINE('',#2709,#2708);
#2711=CARTESIAN_POINT('',(-1.1895E1,-6.035E0,0.E0));
#2712=DIRECTION('',(0.E0,-1.E0,0.E0));
#2713=DIRECTION('',(1.E0,0.E0,0.E0));
#2714=AXIS2_PLACEMENT_3D('',#2711,#2712,#2713);
#2716=DIRECTION('',(-3.568681169914E-1,9.341547768304E-1,0.E0));
#2717=VECTOR('',#2716,9.527329111561E-1);
#2718=CARTESIAN_POINT('',(-1.2125E1,-6.035E0,0.E0));
#2719=LINE('',#2718,#2717);
#2720=CARTESIAN_POINT('',(-1.1895E1,-6.035E0,0.E0));
#2721=DIRECTION('',(0.E0,1.E0,0.E0));
#2722=DIRECTION('',(1.E0,0.E0,0.E0));
#2723=AXIS2_PLACEMENT_3D('',#2720,#2721,#2722);
#2725=DIRECTION('',(0.E0,1.E0,0.E0));
#2726=VECTOR('',#2725,3.8E-1);
#2727=CARTESIAN_POINT('',(-1.0805E1,1.205E0,-2.45E0));
#2728=LINE('',#2727,#2726);
#2729=DIRECTION('',(0.E0,0.E0,-1.E0));
#2730=VECTOR('',#2729,5.92E0);
#2731=CARTESIAN_POINT('',(-1.0805E1,1.205E0,3.47E0));
#2732=LINE('',#2731,#2730);
#2733=DIRECTION('',(0.E0,-1.E0,0.E0));
#2734=VECTOR('',#2733,3.8E-1);
#2735=CARTESIAN_POINT('',(-1.2985E1,1.585E0,-2.45E0));
#2736=LINE('',#2735,#2734);
#2737=DIRECTION('',(0.E0,0.E0,-1.E0));
#2738=VECTOR('',#2737,6.9E0);
#2739=CARTESIAN_POINT('',(-1.4765E1,-1.205E0,3.47E0));
#2740=LINE('',#2739,#2738);
#2741=CARTESIAN_POINT('',(-1.5855E1,-1.205E0,0.E0));
#2742=DIRECTION('',(0.E0,1.E0,0.E0));
#2743=DIRECTION('',(1.E0,0.E0,0.E0));
#2744=AXIS2_PLACEMENT_3D('',#2741,#2742,#2743);
#2746=CARTESIAN_POINT('',(-1.5855E1,-1.205E0,0.E0));
#2747=DIRECTION('',(0.E0,1.E0,0.E0));
#2748=DIRECTION('',(-1.E0,0.E0,0.E0));
#2749=AXIS2_PLACEMENT_3D('',#2746,#2747,#2748);
#2751=DIRECTION('',(0.E0,0.E0,-1.E0));
#2752=VECTOR('',#2751,6.9E0);
#2753=CARTESIAN_POINT('',(-1.6945E1,-1.205E0,3.47E0));
#2754=LINE('',#2753,#2752);
#2755=CARTESIAN_POINT('',(-1.5855E1,-5.145E0,0.E0));
#2756=DIRECTION('',(0.E0,1.E0,0.E0));
#2757=DIRECTION('',(1.E0,0.E0,0.E0));
#2758=AXIS2_PLACEMENT_3D('',#2755,#2756,#2757);
#2760=CARTESIAN_POINT('',(-1.5855E1,1.205E0,0.E0));
#2761=DIRECTION('',(0.E0,1.E0,0.E0));
#2762=DIRECTION('',(1.E0,0.E0,0.E0));
#2763=AXIS2_PLACEMENT_3D('',#2760,#2761,#2762);
#2765=CARTESIAN_POINT('',(-1.5855E1,1.205E0,0.E0));
#2766=DIRECTION('',(0.E0,1.E0,0.E0));
#2767=DIRECTION('',(-1.E0,0.E0,0.E0));
#2768=AXIS2_PLACEMENT_3D('',#2765,#2766,#2767);
#2770=DIRECTION('',(1.E0,0.E0,0.E0));
#2771=VECTOR('',#2770,2.18E0);
#2772=CARTESIAN_POINT('',(-1.6945E1,1.205E0,-2.45E0));
#2773=LINE('',#2772,#2771);
#2774=DIRECTION('',(0.E0,0.E0,-1.E0));
#2775=VECTOR('',#2774,5.92E0);
#2776=CARTESIAN_POINT('',(-1.6945E1,1.205E0,3.47E0));
#2777=LINE('',#2776,#2775);
#2778=DIRECTION('',(0.E0,1.E0,0.E0));
#2779=VECTOR('',#2778,1.092E1);
#2780=CARTESIAN_POINT('',(-1.6425E1,1.205E0,0.E0));
#2781=LINE('',#2780,#2779);
#2782=DIRECTION('',(0.E0,1.E0,0.E0));
#2783=VECTOR('',#2782,1.092E1);
#2784=CARTESIAN_POINT('',(-1.5285E1,1.205E0,0.E0));
#2785=LINE('',#2784,#2783);
#2786=DIRECTION('',(0.E0,1.E0,0.E0));
#2787=VECTOR('',#2786,3.94E0);
#2788=CARTESIAN_POINT('',(-1.5285E1,-5.145E0,0.E0));
#2789=LINE('',#2788,#2787);
#2790=CARTESIAN_POINT('',(-1.5855E1,-5.145E0,0.E0));
#2791=DIRECTION('',(0.E0,-1.E0,0.E0));
#2792=DIRECTION('',(1.E0,0.E0,0.E0));
#2793=AXIS2_PLACEMENT_3D('',#2790,#2791,#2792);
#2795=DIRECTION('',(0.E0,1.E0,0.E0));
#2796=VECTOR('',#2795,3.94E0);
#2797=CARTESIAN_POINT('',(-1.6425E1,-5.145E0,0.E0));
#2798=LINE('',#2797,#2796);
#2799=DIRECTION('',(-3.568681169914E-1,9.341547768304E-1,0.E0));
#2800=VECTOR('',#2799,9.527329111561E-1);
#2801=CARTESIAN_POINT('',(-1.5285E1,1.2125E1,0.E0));
#2802=LINE('',#2801,#2800);
#2803=CARTESIAN_POINT('',(-1.5855E1,1.2125E1,0.E0));
#2804=DIRECTION('',(0.E0,-1.E0,0.E0));
#2805=DIRECTION('',(1.E0,0.E0,0.E0));
#2806=AXIS2_PLACEMENT_3D('',#2803,#2804,#2805);
#2808=DIRECTION('',(3.568681169914E-1,9.341547768304E-1,0.E0));
#2809=VECTOR('',#2808,9.527329111561E-1);
#2810=CARTESIAN_POINT('',(-1.6425E1,1.2125E1,0.E0));
#2811=LINE('',#2810,#2809);
#2812=CARTESIAN_POINT('',(-1.5855E1,1.2125E1,0.E0));
#2813=DIRECTION('',(0.E0,1.E0,0.E0));
#2814=DIRECTION('',(1.E0,0.E0,0.E0));
#2815=AXIS2_PLACEMENT_3D('',#2812,#2813,#2814);
#2817=CARTESIAN_POINT('',(-1.5855E1,1.3015E1,0.E0));
#2818=DIRECTION('',(0.E0,-1.E0,0.E0));
#2819=DIRECTION('',(1.E0,0.E0,0.E0));
#2820=AXIS2_PLACEMENT_3D('',#2817,#2818,#2819);
#2822=CARTESIAN_POINT('',(-1.5855E1,1.3015E1,0.E0));
#2823=DIRECTION('',(0.E0,1.E0,0.E0));
#2824=DIRECTION('',(1.E0,0.E0,0.E0));
#2825=AXIS2_PLACEMENT_3D('',#2822,#2823,#2824);
#2827=DIRECTION('',(3.568681169914E-1,9.341547768304E-1,0.E0));
#2828=VECTOR('',#2827,9.527329111561E-1);
#2829=CARTESIAN_POINT('',(-1.5625E1,-6.035E0,0.E0));
#2830=LINE('',#2829,#2828);
#2831=CARTESIAN_POINT('',(-1.5855E1,-6.035E0,0.E0));
#2832=DIRECTION('',(0.E0,-1.E0,0.E0));
#2833=DIRECTION('',(1.E0,0.E0,0.E0));
#2834=AXIS2_PLACEMENT_3D('',#2831,#2832,#2833);
#2836=DIRECTION('',(-3.568681169914E-1,9.341547768304E-1,0.E0));
#2837=VECTOR('',#2836,9.527329111561E-1);
#2838=CARTESIAN_POINT('',(-1.6085E1,-6.035E0,0.E0));
#2839=LINE('',#2838,#2837);
#2840=CARTESIAN_POINT('',(-1.5855E1,-6.035E0,0.E0));
#2841=DIRECTION('',(0.E0,1.E0,0.E0));
#2842=DIRECTION('',(1.E0,0.E0,0.E0));
#2843=AXIS2_PLACEMENT_3D('',#2840,#2841,#2842);
#2845=DIRECTION('',(1.402386978474E-14,1.E0,0.E0));
#2846=VECTOR('',#2845,3.8E-1);
#2847=CARTESIAN_POINT('',(-1.4765E1,1.205E0,-2.45E0));
#2848=LINE('',#2847,#2846);
#2849=DIRECTION('',(0.E0,0.E0,-1.E0));
#2850=VECTOR('',#2849,5.92E0);
#2851=CARTESIAN_POINT('',(-1.4765E1,1.205E0,3.47E0));
#2852=LINE('',#2851,#2850);
#2853=DIRECTION('',(0.E0,-1.E0,0.E0));
#2854=VECTOR('',#2853,3.8E-1);
#2855=CARTESIAN_POINT('',(-1.6945E1,1.585E0,-2.45E0));
#2856=LINE('',#2855,#2854);
#2857=DIRECTION('',(0.E0,0.E0,-1.E0));
#2858=VECTOR('',#2857,6.9E0);
#2859=CARTESIAN_POINT('',(-1.8725E1,-1.205E0,3.47E0));
#2860=LINE('',#2859,#2858);
#2861=CARTESIAN_POINT('',(-1.9815E1,-1.205E0,0.E0));
#2862=DIRECTION('',(0.E0,1.E0,0.E0));
#2863=DIRECTION('',(1.E0,0.E0,0.E0));
#2864=AXIS2_PLACEMENT_3D('',#2861,#2862,#2863);
#2866=CARTESIAN_POINT('',(-1.9815E1,-1.205E0,0.E0));
#2867=DIRECTION('',(0.E0,1.E0,0.E0));
#2868=DIRECTION('',(-1.E0,0.E0,0.E0));
#2869=AXIS2_PLACEMENT_3D('',#2866,#2867,#2868);
#2871=DIRECTION('',(0.E0,0.E0,-1.E0));
#2872=VECTOR('',#2871,6.9E0);
#2873=CARTESIAN_POINT('',(-2.0905E1,-1.205E0,3.47E0));
#2874=LINE('',#2873,#2872);
#2875=CARTESIAN_POINT('',(-1.9815E1,-5.145E0,0.E0));
#2876=DIRECTION('',(0.E0,1.E0,0.E0));
#2877=DIRECTION('',(1.E0,0.E0,0.E0));
#2878=AXIS2_PLACEMENT_3D('',#2875,#2876,#2877);
#2880=CARTESIAN_POINT('',(-1.9815E1,1.205E0,0.E0));
#2881=DIRECTION('',(0.E0,1.E0,0.E0));
#2882=DIRECTION('',(1.E0,0.E0,0.E0));
#2883=AXIS2_PLACEMENT_3D('',#2880,#2881,#2882);
#2885=CARTESIAN_POINT('',(-1.9815E1,1.205E0,0.E0));
#2886=DIRECTION('',(0.E0,1.E0,0.E0));
#2887=DIRECTION('',(-1.E0,0.E0,0.E0));
#2888=AXIS2_PLACEMENT_3D('',#2885,#2886,#2887);
#2890=DIRECTION('',(1.E0,0.E0,0.E0));
#2891=VECTOR('',#2890,2.18E0);
#2892=CARTESIAN_POINT('',(-2.0905E1,1.205E0,-2.45E0));
#2893=LINE('',#2892,#2891);
#2894=DIRECTION('',(0.E0,0.E0,-1.E0));
#2895=VECTOR('',#2894,5.92E0);
#2896=CARTESIAN_POINT('',(-2.0905E1,1.205E0,3.47E0));
#2897=LINE('',#2896,#2895);
#2898=DIRECTION('',(0.E0,1.E0,0.E0));
#2899=VECTOR('',#2898,1.092E1);
#2900=CARTESIAN_POINT('',(-2.0385E1,1.205E0,0.E0));
#2901=LINE('',#2900,#2899);
#2902=DIRECTION('',(0.E0,1.E0,0.E0));
#2903=VECTOR('',#2902,1.092E1);
#2904=CARTESIAN_POINT('',(-1.9245E1,1.205E0,0.E0));
#2905=LINE('',#2904,#2903);
#2906=DIRECTION('',(0.E0,1.E0,0.E0));
#2907=VECTOR('',#2906,3.94E0);
#2908=CARTESIAN_POINT('',(-1.9245E1,-5.145E0,0.E0));
#2909=LINE('',#2908,#2907);
#2910=CARTESIAN_POINT('',(-1.9815E1,-5.145E0,0.E0));
#2911=DIRECTION('',(0.E0,-1.E0,0.E0));
#2912=DIRECTION('',(1.E0,0.E0,0.E0));
#2913=AXIS2_PLACEMENT_3D('',#2910,#2911,#2912);
#2915=DIRECTION('',(0.E0,1.E0,0.E0));
#2916=VECTOR('',#2915,3.94E0);
#2917=CARTESIAN_POINT('',(-2.0385E1,-5.145E0,0.E0));
#2918=LINE('',#2917,#2916);
#2919=DIRECTION('',(-3.568681169914E-1,9.341547768304E-1,0.E0));
#2920=VECTOR('',#2919,9.527329111561E-1);
#2921=CARTESIAN_POINT('',(-1.9245E1,1.2125E1,0.E0));
#2922=LINE('',#2921,#2920);
#2923=CARTESIAN_POINT('',(-1.9815E1,1.2125E1,0.E0));
#2924=DIRECTION('',(0.E0,-1.E0,0.E0));
#2925=DIRECTION('',(1.E0,0.E0,0.E0));
#2926=AXIS2_PLACEMENT_3D('',#2923,#2924,#2925);
#2928=DIRECTION('',(3.568681169914E-1,9.341547768304E-1,0.E0));
#2929=VECTOR('',#2928,9.527329111561E-1);
#2930=CARTESIAN_POINT('',(-2.0385E1,1.2125E1,0.E0));
#2931=LINE('',#2930,#2929);
#2932=CARTESIAN_POINT('',(-1.9815E1,1.2125E1,0.E0));
#2933=DIRECTION('',(0.E0,1.E0,0.E0));
#2934=DIRECTION('',(1.E0,0.E0,0.E0));
#2935=AXIS2_PLACEMENT_3D('',#2932,#2933,#2934);
#2937=CARTESIAN_POINT('',(-1.9815E1,1.3015E1,0.E0));
#2938=DIRECTION('',(0.E0,-1.E0,0.E0));
#2939=DIRECTION('',(1.E0,0.E0,0.E0));
#2940=AXIS2_PLACEMENT_3D('',#2937,#2938,#2939);
#2942=CARTESIAN_POINT('',(-1.9815E1,1.3015E1,0.E0));
#2943=DIRECTION('',(0.E0,1.E0,0.E0));
#2944=DIRECTION('',(1.E0,0.E0,0.E0));
#2945=AXIS2_PLACEMENT_3D('',#2942,#2943,#2944);
#2947=DIRECTION('',(3.568681169914E-1,9.341547768304E-1,0.E0));
#2948=VECTOR('',#2947,9.527329111561E-1);
#2949=CARTESIAN_POINT('',(-1.9585E1,-6.035E0,0.E0));
#2950=LINE('',#2949,#2948);
#2951=CARTESIAN_POINT('',(-1.9815E1,-6.035E0,0.E0));
#2952=DIRECTION('',(0.E0,-1.E0,0.E0));
#2953=DIRECTION('',(1.E0,0.E0,0.E0));
#2954=AXIS2_PLACEMENT_3D('',#2951,#2952,#2953);
#2956=DIRECTION('',(-3.568681169914E-1,9.341547768304E-1,0.E0));
#2957=VECTOR('',#2956,9.527329111561E-1);
#2958=CARTESIAN_POINT('',(-2.0045E1,-6.035E0,0.E0));
#2959=LINE('',#2958,#2957);
#2960=CARTESIAN_POINT('',(-1.9815E1,-6.035E0,0.E0));
#2961=DIRECTION('',(0.E0,1.E0,0.E0));
#2962=DIRECTION('',(1.E0,0.E0,0.E0));
#2963=AXIS2_PLACEMENT_3D('',#2960,#2961,#2962);
#2965=DIRECTION('',(0.E0,1.E0,0.E0));
#2966=VECTOR('',#2965,3.8E-1);
#2967=CARTESIAN_POINT('',(-1.8725E1,1.205E0,-2.45E0));
#2968=LINE('',#2967,#2966);
#2969=DIRECTION('',(0.E0,0.E0,-1.E0));
#2970=VECTOR('',#2969,5.92E0);
#2971=CARTESIAN_POINT('',(-1.8725E1,1.205E0,3.47E0));
#2972=LINE('',#2971,#2970);
#2973=DIRECTION('',(0.E0,-1.E0,0.E0));
#2974=VECTOR('',#2973,3.8E-1);
#2975=CARTESIAN_POINT('',(-2.0905E1,1.585E0,-2.45E0));
#2976=LINE('',#2975,#2974);
#2977=DIRECTION('',(0.E0,0.E0,-1.E0));
#2978=VECTOR('',#2977,6.9E0);
#2979=CARTESIAN_POINT('',(-2.2685E1,-1.205E0,3.47E0));
#2980=LINE('',#2979,#2978);
#2981=CARTESIAN_POINT('',(-2.3775E1,-1.205E0,0.E0));
#2982=DIRECTION('',(0.E0,1.E0,0.E0));
#2983=DIRECTION('',(1.E0,0.E0,0.E0));
#2984=AXIS2_PLACEMENT_3D('',#2981,#2982,#2983);
#2986=CARTESIAN_POINT('',(-2.3775E1,-1.205E0,0.E0));
#2987=DIRECTION('',(0.E0,1.E0,0.E0));
#2988=DIRECTION('',(-1.E0,0.E0,0.E0));
#2989=AXIS2_PLACEMENT_3D('',#2986,#2987,#2988);
#2991=CARTESIAN_POINT('',(-2.3775E1,-5.145E0,0.E0));
#2992=DIRECTION('',(0.E0,1.E0,0.E0));
#2993=DIRECTION('',(1.E0,0.E0,0.E0));
#2994=AXIS2_PLACEMENT_3D('',#2991,#2992,#2993);
#2996=CARTESIAN_POINT('',(-2.3775E1,1.205E0,0.E0));
#2997=DIRECTION('',(0.E0,1.E0,0.E0));
#2998=DIRECTION('',(1.E0,0.E0,0.E0));
#2999=AXIS2_PLACEMENT_3D('',#2996,#2997,#2998);
#3001=CARTESIAN_POINT('',(-2.3775E1,1.205E0,0.E0));
#3002=DIRECTION('',(0.E0,1.E0,0.E0));
#3003=DIRECTION('',(-1.E0,0.E0,0.E0));
#3004=AXIS2_PLACEMENT_3D('',#3001,#3002,#3003);
#3006=DIRECTION('',(1.E0,0.E0,0.E0));
#3007=VECTOR('',#3006,2.18E0);
#3008=CARTESIAN_POINT('',(-2.4865E1,1.205E0,-2.45E0));
#3009=LINE('',#3008,#3007);
#3010=DIRECTION('',(0.E0,0.E0,-1.E0));
#3011=VECTOR('',#3010,5.92E0);
#3012=CARTESIAN_POINT('',(-2.4865E1,1.205E0,3.47E0));
#3013=LINE('',#3012,#3011);
#3014=DIRECTION('',(0.E0,1.E0,0.E0));
#3015=VECTOR('',#3014,1.092E1);
#3016=CARTESIAN_POINT('',(-2.4345E1,1.205E0,0.E0));
#3017=LINE('',#3016,#3015);
#3018=DIRECTION('',(0.E0,1.E0,0.E0));
#3019=VECTOR('',#3018,1.092E1);
#3020=CARTESIAN_POINT('',(-2.3205E1,1.205E0,0.E0));
#3021=LINE('',#3020,#3019);
#3022=DIRECTION('',(0.E0,1.E0,0.E0));
#3023=VECTOR('',#3022,3.94E0);
#3024=CARTESIAN_POINT('',(-2.3205E1,-5.145E0,0.E0));
#3025=LINE('',#3024,#3023);
#3026=CARTESIAN_POINT('',(-2.3775E1,-5.145E0,0.E0));
#3027=DIRECTION('',(0.E0,-1.E0,0.E0));
#3028=DIRECTION('',(1.E0,0.E0,0.E0));
#3029=AXIS2_PLACEMENT_3D('',#3026,#3027,#3028);
#3031=DIRECTION('',(0.E0,1.E0,0.E0));
#3032=VECTOR('',#3031,3.94E0);
#3033=CARTESIAN_POINT('',(-2.4345E1,-5.145E0,0.E0));
#3034=LINE('',#3033,#3032);
#3035=DIRECTION('',(-3.568681169914E-1,9.341547768304E-1,0.E0));
#3036=VECTOR('',#3035,9.527329111561E-1);
#3037=CARTESIAN_POINT('',(-2.3205E1,1.2125E1,0.E0));
#3038=LINE('',#3037,#3036);
#3039=CARTESIAN_POINT('',(-2.3775E1,1.2125E1,0.E0));
#3040=DIRECTION('',(0.E0,-1.E0,0.E0));
#3041=DIRECTION('',(1.E0,0.E0,0.E0));
#3042=AXIS2_PLACEMENT_3D('',#3039,#3040,#3041);
#3044=DIRECTION('',(3.568681169914E-1,9.341547768304E-1,0.E0));
#3045=VECTOR('',#3044,9.527329111561E-1);
#3046=CARTESIAN_POINT('',(-2.4345E1,1.2125E1,0.E0));
#3047=LINE('',#3046,#3045);
#3048=CARTESIAN_POINT('',(-2.3775E1,1.2125E1,0.E0));
#3049=DIRECTION('',(0.E0,1.E0,0.E0));
#3050=DIRECTION('',(1.E0,0.E0,0.E0));
#3051=AXIS2_PLACEMENT_3D('',#3048,#3049,#3050);
#3053=CARTESIAN_POINT('',(-2.3775E1,1.3015E1,0.E0));
#3054=DIRECTION('',(0.E0,-1.E0,0.E0));
#3055=DIRECTION('',(1.E0,0.E0,0.E0));
#3056=AXIS2_PLACEMENT_3D('',#3053,#3054,#3055);
#3058=CARTESIAN_POINT('',(-2.3775E1,1.3015E1,0.E0));
#3059=DIRECTION('',(0.E0,1.E0,0.E0));
#3060=DIRECTION('',(1.E0,0.E0,0.E0));
#3061=AXIS2_PLACEMENT_3D('',#3058,#3059,#3060);
#3063=DIRECTION('',(3.568681169914E-1,9.341547768304E-1,0.E0));
#3064=VECTOR('',#3063,9.527329111561E-1);
#3065=CARTESIAN_POINT('',(-2.3545E1,-6.035E0,0.E0));
#3066=LINE('',#3065,#3064);
#3067=CARTESIAN_POINT('',(-2.3775E1,-6.035E0,0.E0));
#3068=DIRECTION('',(0.E0,-1.E0,0.E0));
#3069=DIRECTION('',(1.E0,0.E0,0.E0));
#3070=AXIS2_PLACEMENT_3D('',#3067,#3068,#3069);
#3072=DIRECTION('',(-3.568681169914E-1,9.341547768304E-1,0.E0));
#3073=VECTOR('',#3072,9.527329111561E-1);
#3074=CARTESIAN_POINT('',(-2.4005E1,-6.035E0,0.E0));
#3075=LINE('',#3074,#3073);
#3076=CARTESIAN_POINT('',(-2.3775E1,-6.035E0,0.E0));
#3077=DIRECTION('',(0.E0,1.E0,0.E0));
#3078=DIRECTION('',(1.E0,0.E0,0.E0));
#3079=AXIS2_PLACEMENT_3D('',#3076,#3077,#3078);
#3081=DIRECTION('',(0.E0,0.E0,-1.E0));
#3082=VECTOR('',#3081,5.92E0);
#3083=CARTESIAN_POINT('',(-2.2685E1,1.205E0,3.47E0));
#3084=LINE('',#3083,#3082);
#3085=DIRECTION('',(0.E0,1.E0,0.E0));
#3086=VECTOR('',#3085,3.8E-1);
#3087=CARTESIAN_POINT('',(-2.2685E1,1.205E0,-2.45E0));
#3088=LINE('',#3087,#3086);
#3089=DIRECTION('',(0.E0,-1.E0,0.E0));
#3090=VECTOR('',#3089,3.8E-1);
#3091=CARTESIAN_POINT('',(-2.4865E1,1.585E0,-2.45E0));
#3092=LINE('',#3091,#3090);
#3093=DIRECTION('',(0.E0,-1.E0,0.E0));
#3094=VECTOR('',#3093,3.17E0);
#3095=CARTESIAN_POINT('',(-2.2305E1,1.585E0,-1.5E0));
#3096=LINE('',#3095,#3094);
#3097=DIRECTION('',(0.E0,-1.E0,0.E0));
#3098=VECTOR('',#3097,3.17E0);
#3099=CARTESIAN_POINT('',(-2.2305E1,1.585E0,1.5E0));
#3100=LINE('',#3099,#3098);
#3101=DIRECTION('',(0.E0,-1.E0,0.E0));
#3102=VECTOR('',#3101,3.17E0);
#3103=CARTESIAN_POINT('',(-2.1285E1,1.585E0,1.5E0));
#3104=LINE('',#3103,#3102);
#3105=DIRECTION('',(0.E0,-1.E0,0.E0));
#3106=VECTOR('',#3105,3.17E0);
#3107=CARTESIAN_POINT('',(-2.1285E1,1.585E0,-1.5E0));
#3108=LINE('',#3107,#3106);
#3109=DIRECTION('',(0.E0,-1.E0,0.E0));
#3110=VECTOR('',#3109,3.17E0);
#3111=CARTESIAN_POINT('',(-1.8345E1,1.585E0,-1.5E0));
#3112=LINE('',#3111,#3110);
#3113=DIRECTION('',(0.E0,-1.E0,0.E0));
#3114=VECTOR('',#3113,3.17E0);
#3115=CARTESIAN_POINT('',(-1.8345E1,1.585E0,1.5E0));
#3116=LINE('',#3115,#3114);
#3117=DIRECTION('',(0.E0,-1.E0,0.E0));
#3118=VECTOR('',#3117,3.17E0);
#3119=CARTESIAN_POINT('',(-1.7325E1,1.585E0,1.5E0));
#3120=LINE('',#3119,#3118);
#3121=DIRECTION('',(0.E0,-1.E0,0.E0));
#3122=VECTOR('',#3121,3.17E0);
#3123=CARTESIAN_POINT('',(-1.7325E1,1.585E0,-1.5E0));
#3124=LINE('',#3123,#3122);
#3125=DIRECTION('',(0.E0,-1.E0,0.E0));
#3126=VECTOR('',#3125,3.17E0);
#3127=CARTESIAN_POINT('',(-1.4385E1,1.585E0,-1.5E0));
#3128=LINE('',#3127,#3126);
#3129=DIRECTION('',(0.E0,-1.E0,0.E0));
#3130=VECTOR('',#3129,3.17E0);
#3131=CARTESIAN_POINT('',(-1.4385E1,1.585E0,1.5E0));
#3132=LINE('',#3131,#3130);
#3133=DIRECTION('',(0.E0,-1.E0,0.E0));
#3134=VECTOR('',#3133,3.17E0);
#3135=CARTESIAN_POINT('',(-1.3365E1,1.585E0,1.5E0));
#3136=LINE('',#3135,#3134);
#3137=DIRECTION('',(0.E0,-1.E0,0.E0));
#3138=VECTOR('',#3137,3.17E0);
#3139=CARTESIAN_POINT('',(-1.3365E1,1.585E0,-1.5E0));
#3140=LINE('',#3139,#3138);
#3141=DIRECTION('',(0.E0,-1.E0,0.E0));
#3142=VECTOR('',#3141,3.17E0);
#3143=CARTESIAN_POINT('',(-1.0425E1,1.585E0,-1.5E0));
#3144=LINE('',#3143,#3142);
#3145=DIRECTION('',(0.E0,-1.E0,0.E0));
#3146=VECTOR('',#3145,3.17E0);
#3147=CARTESIAN_POINT('',(-1.0425E1,1.585E0,1.5E0));
#3148=LINE('',#3147,#3146);
#3149=DIRECTION('',(0.E0,-1.E0,0.E0));
#3150=VECTOR('',#3149,3.17E0);
#3151=CARTESIAN_POINT('',(-9.405E0,1.585E0,1.5E0));
#3152=LINE('',#3151,#3150);
#3153=DIRECTION('',(0.E0,-1.E0,0.E0));
#3154=VECTOR('',#3153,3.17E0);
#3155=CARTESIAN_POINT('',(-9.405E0,1.585E0,-1.5E0));
#3156=LINE('',#3155,#3154);
#3157=DIRECTION('',(0.E0,-1.E0,0.E0));
#3158=VECTOR('',#3157,3.17E0);
#3159=CARTESIAN_POINT('',(-6.465E0,1.585E0,-1.5E0));
#3160=LINE('',#3159,#3158);
#3161=DIRECTION('',(0.E0,-1.E0,0.E0));
#3162=VECTOR('',#3161,3.17E0);
#3163=CARTESIAN_POINT('',(-6.465E0,1.585E0,1.5E0));
#3164=LINE('',#3163,#3162);
#3165=DIRECTION('',(0.E0,-1.E0,0.E0));
#3166=VECTOR('',#3165,3.17E0);
#3167=CARTESIAN_POINT('',(-5.445E0,1.585E0,1.5E0));
#3168=LINE('',#3167,#3166);
#3169=DIRECTION('',(0.E0,-1.E0,0.E0));
#3170=VECTOR('',#3169,3.17E0);
#3171=CARTESIAN_POINT('',(-5.445E0,1.585E0,-1.5E0));
#3172=LINE('',#3171,#3170);
#3173=DIRECTION('',(0.E0,-1.E0,0.E0));
#3174=VECTOR('',#3173,3.17E0);
#3175=CARTESIAN_POINT('',(-2.505E0,1.585E0,-1.5E0));
#3176=LINE('',#3175,#3174);
#3177=DIRECTION('',(0.E0,-1.E0,0.E0));
#3178=VECTOR('',#3177,3.17E0);
#3179=CARTESIAN_POINT('',(-2.505E0,1.585E0,1.5E0));
#3180=LINE('',#3179,#3178);
#3181=DIRECTION('',(0.E0,-1.E0,0.E0));
#3182=VECTOR('',#3181,3.17E0);
#3183=CARTESIAN_POINT('',(-1.485E0,1.585E0,1.5E0));
#3184=LINE('',#3183,#3182);
#3185=DIRECTION('',(0.E0,-1.E0,0.E0));
#3186=VECTOR('',#3185,3.17E0);
#3187=CARTESIAN_POINT('',(-1.485E0,1.585E0,-1.5E0));
#3188=LINE('',#3187,#3186);
#3189=DIRECTION('',(0.E0,-1.E0,0.E0));
#3190=VECTOR('',#3189,3.17E0);
#3191=CARTESIAN_POINT('',(1.455E0,1.585E0,-1.5E0));
#3192=LINE('',#3191,#3190);
#3193=DIRECTION('',(0.E0,-1.E0,0.E0));
#3194=VECTOR('',#3193,3.17E0);
#3195=CARTESIAN_POINT('',(1.455E0,1.585E0,1.5E0));
#3196=LINE('',#3195,#3194);
#3197=DIRECTION('',(0.E0,-1.E0,0.E0));
#3198=VECTOR('',#3197,3.17E0);
#3199=CARTESIAN_POINT('',(2.475E0,1.585E0,1.5E0));
#3200=LINE('',#3199,#3198);
#3201=DIRECTION('',(0.E0,-1.E0,0.E0));
#3202=VECTOR('',#3201,3.17E0);
#3203=CARTESIAN_POINT('',(2.475E0,1.585E0,-1.5E0));
#3204=LINE('',#3203,#3202);
#3205=DIRECTION('',(0.E0,-1.E0,0.E0));
#3206=VECTOR('',#3205,3.17E0);
#3207=CARTESIAN_POINT('',(5.415E0,1.585E0,-1.5E0));
#3208=LINE('',#3207,#3206);
#3209=DIRECTION('',(0.E0,-1.E0,0.E0));
#3210=VECTOR('',#3209,3.17E0);
#3211=CARTESIAN_POINT('',(5.415E0,1.585E0,1.5E0));
#3212=LINE('',#3211,#3210);
#3213=DIRECTION('',(0.E0,-1.E0,0.E0));
#3214=VECTOR('',#3213,3.17E0);
#3215=CARTESIAN_POINT('',(6.435E0,1.585E0,1.5E0));
#3216=LINE('',#3215,#3214);
#3217=DIRECTION('',(0.E0,-1.E0,0.E0));
#3218=VECTOR('',#3217,3.17E0);
#3219=CARTESIAN_POINT('',(6.435E0,1.585E0,-1.5E0));
#3220=LINE('',#3219,#3218);
#3221=DIRECTION('',(0.E0,-1.E0,0.E0));
#3222=VECTOR('',#3221,3.17E0);
#3223=CARTESIAN_POINT('',(9.375E0,1.585E0,-1.5E0));
#3224=LINE('',#3223,#3222);
#3225=DIRECTION('',(0.E0,-1.E0,0.E0));
#3226=VECTOR('',#3225,3.17E0);
#3227=CARTESIAN_POINT('',(9.375E0,1.585E0,1.5E0));
#3228=LINE('',#3227,#3226);
#3229=DIRECTION('',(0.E0,-1.E0,0.E0));
#3230=VECTOR('',#3229,3.17E0);
#3231=CARTESIAN_POINT('',(1.0395E1,1.585E0,1.5E0));
#3232=LINE('',#3231,#3230);
#3233=DIRECTION('',(0.E0,-1.E0,0.E0));
#3234=VECTOR('',#3233,3.17E0);
#3235=CARTESIAN_POINT('',(1.0395E1,1.585E0,-1.5E0));
#3236=LINE('',#3235,#3234);
#3237=DIRECTION('',(0.E0,-1.E0,0.E0));
#3238=VECTOR('',#3237,3.17E0);
#3239=CARTESIAN_POINT('',(1.3335E1,1.585E0,-1.5E0));
#3240=LINE('',#3239,#3238);
#3241=DIRECTION('',(0.E0,-1.E0,0.E0));
#3242=VECTOR('',#3241,3.17E0);
#3243=CARTESIAN_POINT('',(1.3335E1,1.585E0,1.5E0));
#3244=LINE('',#3243,#3242);
#3245=DIRECTION('',(0.E0,-1.E0,0.E0));
#3246=VECTOR('',#3245,3.17E0);
#3247=CARTESIAN_POINT('',(1.4355E1,1.585E0,1.5E0));
#3248=LINE('',#3247,#3246);
#3249=DIRECTION('',(0.E0,-1.E0,0.E0));
#3250=VECTOR('',#3249,3.17E0);
#3251=CARTESIAN_POINT('',(1.4355E1,1.585E0,-1.5E0));
#3252=LINE('',#3251,#3250);
#3253=DIRECTION('',(0.E0,-1.E0,0.E0));
#3254=VECTOR('',#3253,3.17E0);
#3255=CARTESIAN_POINT('',(1.7295E1,1.585E0,-1.5E0));
#3256=LINE('',#3255,#3254);
#3257=DIRECTION('',(0.E0,-1.E0,0.E0));
#3258=VECTOR('',#3257,3.17E0);
#3259=CARTESIAN_POINT('',(1.7295E1,1.585E0,1.5E0));
#3260=LINE('',#3259,#3258);
#3261=DIRECTION('',(0.E0,-1.E0,0.E0));
#3262=VECTOR('',#3261,3.17E0);
#3263=CARTESIAN_POINT('',(1.8315E1,1.585E0,1.5E0));
#3264=LINE('',#3263,#3262);
#3265=DIRECTION('',(0.E0,-1.E0,0.E0));
#3266=VECTOR('',#3265,3.17E0);
#3267=CARTESIAN_POINT('',(1.8315E1,1.585E0,-1.5E0));
#3268=LINE('',#3267,#3266);
#3269=DIRECTION('',(0.E0,-1.E0,0.E0));
#3270=VECTOR('',#3269,3.17E0);
#3271=CARTESIAN_POINT('',(2.1255E1,1.585E0,-1.5E0));
#3272=LINE('',#3271,#3270);
#3273=DIRECTION('',(0.E0,-1.E0,0.E0));
#3274=VECTOR('',#3273,3.17E0);
#3275=CARTESIAN_POINT('',(2.1255E1,1.585E0,1.5E0));
#3276=LINE('',#3275,#3274);
#3277=DIRECTION('',(0.E0,-1.E0,0.E0));
#3278=VECTOR('',#3277,3.17E0);
#3279=CARTESIAN_POINT('',(2.2275E1,1.585E0,1.5E0));
#3280=LINE('',#3279,#3278);
#3281=DIRECTION('',(0.E0,-1.E0,0.E0));
#3282=VECTOR('',#3281,3.17E0);
#3283=CARTESIAN_POINT('',(2.2275E1,1.585E0,-1.5E0));
#3284=LINE('',#3283,#3282);
#3285=CARTESIAN_POINT('',(-2.5755E1,1.585E0,3.47E0));
#3286=CARTESIAN_POINT('',(-2.5755E1,-1.585E0,3.47E0));
#3287=VERTEX_POINT('',#3285);
#3288=VERTEX_POINT('',#3286);
#3289=CARTESIAN_POINT('',(2.5755E1,-1.585E0,3.47E0));
#3290=CARTESIAN_POINT('',(2.5755E1,1.585E0,3.47E0));
#3291=VERTEX_POINT('',#3289);
#3292=VERTEX_POINT('',#3290);
#3293=CARTESIAN_POINT('',(-2.5755E1,-1.585E0,-3.43E0));
#3294=VERTEX_POINT('',#3293);
#3295=CARTESIAN_POINT('',(2.5755E1,-1.585E0,-3.43E0));
#3296=VERTEX_POINT('',#3295);
#3297=CARTESIAN_POINT('',(-2.2685E1,-1.585E0,-3.43E0));
#3298=CARTESIAN_POINT('',(-2.2685E1,-1.205E0,-3.43E0));
#3299=VERTEX_POINT('',#3297);
#3300=VERTEX_POINT('',#3298);
#3301=CARTESIAN_POINT('',(-2.4865E1,-1.205E0,-3.43E0));
#3302=VERTEX_POINT('',#3301);
#3303=CARTESIAN_POINT('',(-2.4865E1,-1.585E0,-3.43E0));
#3304=VERTEX_POINT('',#3303);
#3305=CARTESIAN_POINT('',(-2.4865E1,1.585E0,3.47E0));
#3306=CARTESIAN_POINT('',(-2.4865E1,1.205E0,3.47E0));
#3307=VERTEX_POINT('',#3305);
#3308=VERTEX_POINT('',#3306);
#3309=CARTESIAN_POINT('',(-2.2685E1,1.205E0,3.47E0));
#3310=VERTEX_POINT('',#3309);
#3311=CARTESIAN_POINT('',(-2.2685E1,1.585E0,3.47E0));
#3312=VERTEX_POINT('',#3311);
#3313=CARTESIAN_POINT('',(-2.2685E1,-1.585E0,3.47E0));
#3314=CARTESIAN_POINT('',(-2.2685E1,-1.205E0,3.47E0));
#3315=VERTEX_POINT('',#3313);
#3316=VERTEX_POINT('',#3314);
#3317=CARTESIAN_POINT('',(-2.4865E1,-1.205E0,3.47E0));
#3318=VERTEX_POINT('',#3317);
#3319=CARTESIAN_POINT('',(-2.4865E1,-1.585E0,3.47E0));
#3320=VERTEX_POINT('',#3319);
#3321=CARTESIAN_POINT('',(-1.4385E1,7.535E0,-3.43E0));
#3322=CARTESIAN_POINT('',(-1.4385E1,1.585E0,-3.43E0));
#3323=VERTEX_POINT('',#3321);
#3324=VERTEX_POINT('',#3322);
#3325=CARTESIAN_POINT('',(-1.3365E1,1.585E0,-3.43E0));
#3326=VERTEX_POINT('',#3325);
#3327=CARTESIAN_POINT('',(-1.3365E1,7.535E0,-3.43E0));
#3328=VERTEX_POINT('',#3327);
#3329=CARTESIAN_POINT('',(-1.4385E1,1.585E0,-2.45E0));
#3330=VERTEX_POINT('',#3329);
#3331=CARTESIAN_POINT('',(-1.3365E1,1.585E0,-2.45E0));
#3332=VERTEX_POINT('',#3331);
#3333=CARTESIAN_POINT('',(-2.2305E1,-1.585E0,-1.5E0));
#3334=CARTESIAN_POINT('',(-2.2305E1,-1.585E0,1.5E0));
#3335=VERTEX_POINT('',#3333);
#3336=VERTEX_POINT('',#3334);
#3337=CARTESIAN_POINT('',(-2.1285E1,-1.585E0,1.5E0));
#3338=VERTEX_POINT('',#3337);
#3339=CARTESIAN_POINT('',(-2.1285E1,-1.585E0,-1.5E0));
#3340=VERTEX_POINT('',#3339);
#3341=CARTESIAN_POINT('',(-2.2305E1,1.585E0,-1.5E0));
#3342=CARTESIAN_POINT('',(-2.2305E1,1.585E0,1.5E0));
#3343=VERTEX_POINT('',#3341);
#3344=VERTEX_POINT('',#3342);
#3345=CARTESIAN_POINT('',(-2.1285E1,1.585E0,1.5E0));
#3346=VERTEX_POINT('',#3345);
#3347=CARTESIAN_POINT('',(-2.1285E1,1.585E0,-1.5E0));
#3348=VERTEX_POINT('',#3347);
#3349=CARTESIAN_POINT('',(2.5755E1,7.535E0,-3.43E0));
#3350=CARTESIAN_POINT('',(2.5755E1,7.535E0,-2.83E0));
#3351=VERTEX_POINT('',#3349);
#3352=VERTEX_POINT('',#3350);
#3353=CARTESIAN_POINT('',(2.5755E1,6.876820693124E0,-2.45E0));
#3354=VERTEX_POINT('',#3353);
#3355=CARTESIAN_POINT('',(-2.5755E1,7.535E0,-2.83E0));
#3356=CARTESIAN_POINT('',(-2.5755E1,7.535E0,-3.43E0));
#3357=VERTEX_POINT('',#3355);
#3358=VERTEX_POINT('',#3356);
#3359=CARTESIAN_POINT('',(-2.5755E1,6.876820693124E0,-2.45E0));
#3360=VERTEX_POINT('',#3359);
#3361=CARTESIAN_POINT('',(2.5755E1,1.585E0,-2.45E0));
#3362=CARTESIAN_POINT('',(2.4835E1,1.585E0,-2.45E0));
#3363=VERTEX_POINT('',#3361);
#3364=VERTEX_POINT('',#3362);
#3365=CARTESIAN_POINT('',(-2.5755E1,1.585E0,-2.45E0));
#3366=VERTEX_POINT('',#3365);
#3367=CARTESIAN_POINT('',(2.2655E1,1.585E0,-2.45E0));
#3368=CARTESIAN_POINT('',(2.0875E1,1.585E0,-2.45E0));
#3369=VERTEX_POINT('',#3367);
#3370=VERTEX_POINT('',#3368);
#3371=CARTESIAN_POINT('',(-2.4865E1,1.585E0,-2.45E0));
#3372=VERTEX_POINT('',#3371);
#3373=CARTESIAN_POINT('',(-2.2685E1,1.585E0,-2.45E0));
#3374=VERTEX_POINT('',#3373);
#3375=CARTESIAN_POINT('',(-2.3545E1,-6.035E0,0.E0));
#3376=CARTESIAN_POINT('',(-2.3205E1,-5.145E0,0.E0));
#3377=VERTEX_POINT('',#3375);
#3378=VERTEX_POINT('',#3376);
#3379=CARTESIAN_POINT('',(-2.3205E1,1.2125E1,0.E0));
#3380=CARTESIAN_POINT('',(-2.3545E1,1.3015E1,0.E0));
#3381=VERTEX_POINT('',#3379);
#3382=VERTEX_POINT('',#3380);
#3383=CARTESIAN_POINT('',(-2.4005E1,-6.035E0,0.E0));
#3384=CARTESIAN_POINT('',(-2.4345E1,-5.145E0,0.E0));
#3385=VERTEX_POINT('',#3383);
#3386=VERTEX_POINT('',#3384);
#3387=CARTESIAN_POINT('',(-2.4345E1,1.2125E1,0.E0));
#3388=CARTESIAN_POINT('',(-2.4005E1,1.3015E1,0.E0));
#3389=VERTEX_POINT('',#3387);
#3390=VERTEX_POINT('',#3388);
#3391=CARTESIAN_POINT('',(-2.3205E1,1.205E0,0.E0));
#3392=CARTESIAN_POINT('',(-2.4345E1,1.205E0,0.E0));
#3393=VERTEX_POINT('',#3391);
#3394=VERTEX_POINT('',#3392);
#3395=CARTESIAN_POINT('',(-2.3205E1,-1.205E0,0.E0));
#3396=CARTESIAN_POINT('',(-2.4345E1,-1.205E0,0.E0));
#3397=VERTEX_POINT('',#3395);
#3398=VERTEX_POINT('',#3396);
#3399=CARTESIAN_POINT('',(-2.4865E1,1.205E0,-2.45E0));
#3400=VERTEX_POINT('',#3399);
#3401=CARTESIAN_POINT('',(-2.2685E1,1.205E0,-2.45E0));
#3402=VERTEX_POINT('',#3401);
#3403=CARTESIAN_POINT('',(-1.4385E1,7.535E0,-2.83E0));
#3404=VERTEX_POINT('',#3403);
#3405=CARTESIAN_POINT('',(-1.3365E1,7.535E0,-2.83E0));
#3406=VERTEX_POINT('',#3405);
#3407=CARTESIAN_POINT('',(-1.4385E1,6.876820693124E0,-2.45E0));
#3408=VERTEX_POINT('',#3407);
#3409=CARTESIAN_POINT('',(-1.3365E1,6.876820693124E0,-2.45E0));
#3410=VERTEX_POINT('',#3409);
#3411=CARTESIAN_POINT('',(-1.8725E1,-1.585E0,-3.43E0));
#3412=CARTESIAN_POINT('',(-1.8725E1,-1.205E0,-3.43E0));
#3413=VERTEX_POINT('',#3411);
#3414=VERTEX_POINT('',#3412);
#3415=CARTESIAN_POINT('',(-2.0905E1,-1.205E0,-3.43E0));
#3416=VERTEX_POINT('',#3415);
#3417=CARTESIAN_POINT('',(-2.0905E1,-1.585E0,-3.43E0));
#3418=VERTEX_POINT('',#3417);
#3419=CARTESIAN_POINT('',(-2.0905E1,1.585E0,3.47E0));
#3420=CARTESIAN_POINT('',(-2.0905E1,1.205E0,3.47E0));
#3421=VERTEX_POINT('',#3419);
#3422=VERTEX_POINT('',#3420);
#3423=CARTESIAN_POINT('',(-1.8725E1,1.205E0,3.47E0));
#3424=VERTEX_POINT('',#3423);
#3425=CARTESIAN_POINT('',(-1.8725E1,1.585E0,3.47E0));
#3426=VERTEX_POINT('',#3425);
#3427=CARTESIAN_POINT('',(-1.8725E1,-1.585E0,3.47E0));
#3428=CARTESIAN_POINT('',(-1.8725E1,-1.205E0,3.47E0));
#3429=VERTEX_POINT('',#3427);
#3430=VERTEX_POINT('',#3428);
#3431=CARTESIAN_POINT('',(-2.0905E1,-1.205E0,3.47E0));
#3432=VERTEX_POINT('',#3431);
#3433=CARTESIAN_POINT('',(-2.0905E1,-1.585E0,3.47E0));
#3434=VERTEX_POINT('',#3433);
#3435=CARTESIAN_POINT('',(-1.4765E1,-1.585E0,-3.43E0));
#3436=CARTESIAN_POINT('',(-1.4765E1,-1.205E0,-3.43E0));
#3437=VERTEX_POINT('',#3435);
#3438=VERTEX_POINT('',#3436);
#3439=CARTESIAN_POINT('',(-1.6945E1,-1.205E0,-3.43E0));
#3440=VERTEX_POINT('',#3439);
#3441=CARTESIAN_POINT('',(-1.6945E1,-1.585E0,-3.43E0));
#3442=VERTEX_POINT('',#3441);
#3443=CARTESIAN_POINT('',(-1.6945E1,1.585E0,3.47E0));
#3444=CARTESIAN_POINT('',(-1.6945E1,1.205E0,3.47E0));
#3445=VERTEX_POINT('',#3443);
#3446=VERTEX_POINT('',#3444);
#3447=CARTESIAN_POINT('',(-1.4765E1,1.205E0,3.47E0));
#3448=VERTEX_POINT('',#3447);
#3449=CARTESIAN_POINT('',(-1.4765E1,1.585E0,3.47E0));
#3450=VERTEX_POINT('',#3449);
#3451=CARTESIAN_POINT('',(-1.4765E1,-1.585E0,3.47E0));
#3452=CARTESIAN_POINT('',(-1.4765E1,-1.205E0,3.47E0));
#3453=VERTEX_POINT('',#3451);
#3454=VERTEX_POINT('',#3452);
#3455=CARTESIAN_POINT('',(-1.6945E1,-1.205E0,3.47E0));
#3456=VERTEX_POINT('',#3455);
#3457=CARTESIAN_POINT('',(-1.6945E1,-1.585E0,3.47E0));
#3458=VERTEX_POINT('',#3457);
#3459=CARTESIAN_POINT('',(-1.0805E1,-1.585E0,-3.43E0));
#3460=CARTESIAN_POINT('',(-1.0805E1,-1.205E0,-3.43E0));
#3461=VERTEX_POINT('',#3459);
#3462=VERTEX_POINT('',#3460);
#3463=CARTESIAN_POINT('',(-1.2985E1,-1.205E0,-3.43E0));
#3464=VERTEX_POINT('',#3463);
#3465=CARTESIAN_POINT('',(-1.2985E1,-1.585E0,-3.43E0));
#3466=VERTEX_POINT('',#3465);
#3467=CARTESIAN_POINT('',(-1.2985E1,1.585E0,3.47E0));
#3468=CARTESIAN_POINT('',(-1.2985E1,1.205E0,3.47E0));
#3469=VERTEX_POINT('',#3467);
#3470=VERTEX_POINT('',#3468);
#3471=CARTESIAN_POINT('',(-1.0805E1,1.205E0,3.47E0));
#3472=VERTEX_POINT('',#3471);
#3473=CARTESIAN_POINT('',(-1.0805E1,1.585E0,3.47E0));
#3474=VERTEX_POINT('',#3473);
#3475=CARTESIAN_POINT('',(-1.0805E1,-1.585E0,3.47E0));
#3476=CARTESIAN_POINT('',(-1.0805E1,-1.205E0,3.47E0));
#3477=VERTEX_POINT('',#3475);
#3478=VERTEX_POINT('',#3476);
#3479=CARTESIAN_POINT('',(-1.2985E1,-1.205E0,3.47E0));
#3480=VERTEX_POINT('',#3479);
#3481=CARTESIAN_POINT('',(-1.2985E1,-1.585E0,3.47E0));
#3482=VERTEX_POINT('',#3481);
#3483=CARTESIAN_POINT('',(-6.845E0,-1.585E0,-3.43E0));
#3484=CARTESIAN_POINT('',(-6.845E0,-1.205E0,-3.43E0));
#3485=VERTEX_POINT('',#3483);
#3486=VERTEX_POINT('',#3484);
#3487=CARTESIAN_POINT('',(-9.025E0,-1.205E0,-3.43E0));
#3488=VERTEX_POINT('',#3487);
#3489=CARTESIAN_POINT('',(-9.025E0,-1.585E0,-3.43E0));
#3490=VERTEX_POINT('',#3489);
#3491=CARTESIAN_POINT('',(-9.025E0,1.585E0,3.47E0));
#3492=CARTESIAN_POINT('',(-9.025E0,1.205E0,3.47E0));
#3493=VERTEX_POINT('',#3491);
#3494=VERTEX_POINT('',#3492);
#3495=CARTESIAN_POINT('',(-6.845E0,1.205E0,3.47E0));
#3496=VERTEX_POINT('',#3495);
#3497=CARTESIAN_POINT('',(-6.845E0,1.585E0,3.47E0));
#3498=VERTEX_POINT('',#3497);
#3499=CARTESIAN_POINT('',(-6.845E0,-1.585E0,3.47E0));
#3500=CARTESIAN_POINT('',(-6.845E0,-1.205E0,3.47E0));
#3501=VERTEX_POINT('',#3499);
#3502=VERTEX_POINT('',#3500);
#3503=CARTESIAN_POINT('',(-9.025E0,-1.205E0,3.47E0));
#3504=VERTEX_POINT('',#3503);
#3505=CARTESIAN_POINT('',(-9.025E0,-1.585E0,3.47E0));
#3506=VERTEX_POINT('',#3505);
#3507=CARTESIAN_POINT('',(1.8695E1,1.585E0,-2.45E0));
#3508=CARTESIAN_POINT('',(1.6915E1,1.585E0,-2.45E0));
#3509=VERTEX_POINT('',#3507);
#3510=VERTEX_POINT('',#3508);
#3511=CARTESIAN_POINT('',(1.4735E1,1.585E0,-2.45E0));
#3512=CARTESIAN_POINT('',(1.2955E1,1.585E0,-2.45E0));
#3513=VERTEX_POINT('',#3511);
#3514=VERTEX_POINT('',#3512);
#3515=CARTESIAN_POINT('',(6.815E0,1.585E0,-2.45E0));
#3516=CARTESIAN_POINT('',(5.035E0,1.585E0,-2.45E0));
#3517=VERTEX_POINT('',#3515);
#3518=VERTEX_POINT('',#3516);
#3519=CARTESIAN_POINT('',(-2.0905E1,1.585E0,-2.45E0));
#3520=CARTESIAN_POINT('',(-2.0905E1,1.205E0,-2.45E0));
#3521=VERTEX_POINT('',#3519);
#3522=VERTEX_POINT('',#3520);
#3523=CARTESIAN_POINT('',(-1.8725E1,1.205E0,-2.45E0));
#3524=VERTEX_POINT('',#3523);
#3525=CARTESIAN_POINT('',(-1.8725E1,1.585E0,-2.45E0));
#3526=VERTEX_POINT('',#3525);
#3527=CARTESIAN_POINT('',(-1.6945E1,1.585E0,-2.45E0));
#3528=CARTESIAN_POINT('',(-1.6945E1,1.205E0,-2.45E0));
#3529=VERTEX_POINT('',#3527);
#3530=VERTEX_POINT('',#3528);
#3531=CARTESIAN_POINT('',(-1.4765E1,1.205E0,-2.45E0));
#3532=VERTEX_POINT('',#3531);
#3533=CARTESIAN_POINT('',(-1.4765E1,1.585E0,-2.45E0));
#3534=VERTEX_POINT('',#3533);
#3535=CARTESIAN_POINT('',(-1.2985E1,1.585E0,-2.45E0));
#3536=CARTESIAN_POINT('',(-1.2985E1,1.205E0,-2.45E0));
#3537=VERTEX_POINT('',#3535);
#3538=VERTEX_POINT('',#3536);
#3539=CARTESIAN_POINT('',(-1.0805E1,1.205E0,-2.45E0));
#3540=VERTEX_POINT('',#3539);
#3541=CARTESIAN_POINT('',(-1.0805E1,1.585E0,-2.45E0));
#3542=VERTEX_POINT('',#3541);
#3543=CARTESIAN_POINT('',(-9.025E0,1.585E0,-2.45E0));
#3544=CARTESIAN_POINT('',(-9.025E0,1.205E0,-2.45E0));
#3545=VERTEX_POINT('',#3543);
#3546=VERTEX_POINT('',#3544);
#3547=CARTESIAN_POINT('',(-6.845E0,1.205E0,-2.45E0));
#3548=VERTEX_POINT('',#3547);
#3549=CARTESIAN_POINT('',(-6.845E0,1.585E0,-2.45E0));
#3550=VERTEX_POINT('',#3549);
#3551=CARTESIAN_POINT('',(-1.9585E1,-6.035E0,0.E0));
#3552=CARTESIAN_POINT('',(-1.9245E1,-5.145E0,0.E0));
#3553=VERTEX_POINT('',#3551);
#3554=VERTEX_POINT('',#3552);
#3555=CARTESIAN_POINT('',(-1.9245E1,1.2125E1,0.E0));
#3556=CARTESIAN_POINT('',(-1.9585E1,1.3015E1,0.E0));
#3557=VERTEX_POINT('',#3555);
#3558=VERTEX_POINT('',#3556);
#3559=CARTESIAN_POINT('',(-2.0045E1,-6.035E0,0.E0));
#3560=CARTESIAN_POINT('',(-2.0385E1,-5.145E0,0.E0));
#3561=VERTEX_POINT('',#3559);
#3562=VERTEX_POINT('',#3560);
#3563=CARTESIAN_POINT('',(-2.0385E1,1.2125E1,0.E0));
#3564=CARTESIAN_POINT('',(-2.0045E1,1.3015E1,0.E0));
#3565=VERTEX_POINT('',#3563);
#3566=VERTEX_POINT('',#3564);
#3567=CARTESIAN_POINT('',(-1.9245E1,1.205E0,0.E0));
#3568=CARTESIAN_POINT('',(-2.0385E1,1.205E0,0.E0));
#3569=VERTEX_POINT('',#3567);
#3570=VERTEX_POINT('',#3568);
#3571=CARTESIAN_POINT('',(-1.9245E1,-1.205E0,0.E0));
#3572=CARTESIAN_POINT('',(-2.0385E1,-1.205E0,0.E0));
#3573=VERTEX_POINT('',#3571);
#3574=VERTEX_POINT('',#3572);
#3575=CARTESIAN_POINT('',(-1.5625E1,-6.035E0,0.E0));
#3576=CARTESIAN_POINT('',(-1.5285E1,-5.145E0,0.E0));
#3577=VERTEX_POINT('',#3575);
#3578=VERTEX_POINT('',#3576);
#3579=CARTESIAN_POINT('',(-1.5285E1,1.2125E1,0.E0));
#3580=CARTESIAN_POINT('',(-1.5625E1,1.3015E1,0.E0));
#3581=VERTEX_POINT('',#3579);
#3582=VERTEX_POINT('',#3580);
#3583=CARTESIAN_POINT('',(-1.6085E1,-6.035E0,0.E0));
#3584=CARTESIAN_POINT('',(-1.6425E1,-5.145E0,0.E0));
#3585=VERTEX_POINT('',#3583);
#3586=VERTEX_POINT('',#3584);
#3587=CARTESIAN_POINT('',(-1.6425E1,1.2125E1,0.E0));
#3588=CARTESIAN_POINT('',(-1.6085E1,1.3015E1,0.E0));
#3589=VERTEX_POINT('',#3587);
#3590=VERTEX_POINT('',#3588);
#3591=CARTESIAN_POINT('',(-1.5285E1,1.205E0,0.E0));
#3592=CARTESIAN_POINT('',(-1.6425E1,1.205E0,0.E0));
#3593=VERTEX_POINT('',#3591);
#3594=VERTEX_POINT('',#3592);
#3595=CARTESIAN_POINT('',(-1.5285E1,-1.205E0,0.E0));
#3596=CARTESIAN_POINT('',(-1.6425E1,-1.205E0,0.E0));
#3597=VERTEX_POINT('',#3595);
#3598=VERTEX_POINT('',#3596);
#3599=CARTESIAN_POINT('',(-1.1665E1,-6.035E0,0.E0));
#3600=CARTESIAN_POINT('',(-1.1325E1,-5.145E0,0.E0));
#3601=VERTEX_POINT('',#3599);
#3602=VERTEX_POINT('',#3600);
#3603=CARTESIAN_POINT('',(-1.1325E1,1.2125E1,0.E0));
#3604=CARTESIAN_POINT('',(-1.1665E1,1.3015E1,0.E0));
#3605=VERTEX_POINT('',#3603);
#3606=VERTEX_POINT('',#3604);
#3607=CARTESIAN_POINT('',(-1.2125E1,-6.035E0,0.E0));
#3608=CARTESIAN_POINT('',(-1.2465E1,-5.145E0,0.E0));
#3609=VERTEX_POINT('',#3607);
#3610=VERTEX_POINT('',#3608);
#3611=CARTESIAN_POINT('',(-1.2465E1,1.2125E1,0.E0));
#3612=CARTESIAN_POINT('',(-1.2125E1,1.3015E1,0.E0));
#3613=VERTEX_POINT('',#3611);
#3614=VERTEX_POINT('',#3612);
#3615=CARTESIAN_POINT('',(-1.1325E1,1.205E0,0.E0));
#3616=CARTESIAN_POINT('',(-1.2465E1,1.205E0,0.E0));
#3617=VERTEX_POINT('',#3615);
#3618=VERTEX_POINT('',#3616);
#3619=CARTESIAN_POINT('',(-1.1325E1,-1.205E0,0.E0));
#3620=CARTESIAN_POINT('',(-1.2465E1,-1.205E0,0.E0));
#3621=VERTEX_POINT('',#3619);
#3622=VERTEX_POINT('',#3620);
#3623=CARTESIAN_POINT('',(-7.705E0,-6.035E0,0.E0));
#3624=CARTESIAN_POINT('',(-7.365E0,-5.145E0,0.E0));
#3625=VERTEX_POINT('',#3623);
#3626=VERTEX_POINT('',#3624);
#3627=CARTESIAN_POINT('',(-7.365E0,1.2125E1,0.E0));
#3628=CARTESIAN_POINT('',(-7.705E0,1.3015E1,0.E0));
#3629=VERTEX_POINT('',#3627);
#3630=VERTEX_POINT('',#3628);
#3631=CARTESIAN_POINT('',(-8.165E0,-6.035E0,0.E0));
#3632=CARTESIAN_POINT('',(-8.505E0,-5.145E0,0.E0));
#3633=VERTEX_POINT('',#3631);
#3634=VERTEX_POINT('',#3632);
#3635=CARTESIAN_POINT('',(-8.505E0,1.2125E1,0.E0));
#3636=CARTESIAN_POINT('',(-8.165E0,1.3015E1,0.E0));
#3637=VERTEX_POINT('',#3635);
#3638=VERTEX_POINT('',#3636);
#3639=CARTESIAN_POINT('',(-7.365E0,1.205E0,0.E0));
#3640=CARTESIAN_POINT('',(-8.505E0,1.205E0,0.E0));
#3641=VERTEX_POINT('',#3639);
#3642=VERTEX_POINT('',#3640);
#3643=CARTESIAN_POINT('',(-7.365E0,-1.205E0,0.E0));
#3644=CARTESIAN_POINT('',(-8.505E0,-1.205E0,0.E0));
#3645=VERTEX_POINT('',#3643);
#3646=VERTEX_POINT('',#3644);
#3647=CARTESIAN_POINT('',(-1.8345E1,-1.585E0,-1.5E0));
#3648=CARTESIAN_POINT('',(-1.8345E1,-1.585E0,1.5E0));
#3649=VERTEX_POINT('',#3647);
#3650=VERTEX_POINT('',#3648);
#3651=CARTESIAN_POINT('',(-1.7325E1,-1.585E0,1.5E0));
#3652=VERTEX_POINT('',#3651);
#3653=CARTESIAN_POINT('',(-1.7325E1,-1.585E0,-1.5E0));
#3654=VERTEX_POINT('',#3653);
#3655=CARTESIAN_POINT('',(-1.8345E1,1.585E0,-1.5E0));
#3656=CARTESIAN_POINT('',(-1.8345E1,1.585E0,1.5E0));
#3657=VERTEX_POINT('',#3655);
#3658=VERTEX_POINT('',#3656);
#3659=CARTESIAN_POINT('',(-1.7325E1,1.585E0,1.5E0));
#3660=VERTEX_POINT('',#3659);
#3661=CARTESIAN_POINT('',(-1.7325E1,1.585E0,-1.5E0));
#3662=VERTEX_POINT('',#3661);
#3663=CARTESIAN_POINT('',(-1.4385E1,-1.585E0,-1.5E0));
#3664=CARTESIAN_POINT('',(-1.4385E1,-1.585E0,1.5E0));
#3665=VERTEX_POINT('',#3663);
#3666=VERTEX_POINT('',#3664);
#3667=CARTESIAN_POINT('',(-1.3365E1,-1.585E0,1.5E0));
#3668=VERTEX_POINT('',#3667);
#3669=CARTESIAN_POINT('',(-1.3365E1,-1.585E0,-1.5E0));
#3670=VERTEX_POINT('',#3669);
#3671=CARTESIAN_POINT('',(-1.4385E1,1.585E0,-1.5E0));
#3672=CARTESIAN_POINT('',(-1.4385E1,1.585E0,1.5E0));
#3673=VERTEX_POINT('',#3671);
#3674=VERTEX_POINT('',#3672);
#3675=CARTESIAN_POINT('',(-1.3365E1,1.585E0,1.5E0));
#3676=VERTEX_POINT('',#3675);
#3677=CARTESIAN_POINT('',(-1.3365E1,1.585E0,-1.5E0));
#3678=VERTEX_POINT('',#3677);
#3679=CARTESIAN_POINT('',(-1.0425E1,-1.585E0,-1.5E0));
#3680=CARTESIAN_POINT('',(-1.0425E1,-1.585E0,1.5E0));
#3681=VERTEX_POINT('',#3679);
#3682=VERTEX_POINT('',#3680);
#3683=CARTESIAN_POINT('',(-9.405E0,-1.585E0,1.5E0));
#3684=VERTEX_POINT('',#3683);
#3685=CARTESIAN_POINT('',(-9.405E0,-1.585E0,-1.5E0));
#3686=VERTEX_POINT('',#3685);
#3687=CARTESIAN_POINT('',(-1.0425E1,1.585E0,-1.5E0));
#3688=CARTESIAN_POINT('',(-1.0425E1,1.585E0,1.5E0));
#3689=VERTEX_POINT('',#3687);
#3690=VERTEX_POINT('',#3688);
#3691=CARTESIAN_POINT('',(-9.405E0,1.585E0,1.5E0));
#3692=VERTEX_POINT('',#3691);
#3693=CARTESIAN_POINT('',(-9.405E0,1.585E0,-1.5E0));
#3694=VERTEX_POINT('',#3693);
#3695=CARTESIAN_POINT('',(-6.465E0,-1.585E0,-1.5E0));
#3696=CARTESIAN_POINT('',(-6.465E0,-1.585E0,1.5E0));
#3697=VERTEX_POINT('',#3695);
#3698=VERTEX_POINT('',#3696);
#3699=CARTESIAN_POINT('',(-5.445E0,-1.585E0,1.5E0));
#3700=VERTEX_POINT('',#3699);
#3701=CARTESIAN_POINT('',(-5.445E0,-1.585E0,-1.5E0));
#3702=VERTEX_POINT('',#3701);
#3703=CARTESIAN_POINT('',(-6.465E0,1.585E0,-1.5E0));
#3704=CARTESIAN_POINT('',(-6.465E0,1.585E0,1.5E0));
#3705=VERTEX_POINT('',#3703);
#3706=VERTEX_POINT('',#3704);
#3707=CARTESIAN_POINT('',(-5.445E0,1.585E0,1.5E0));
#3708=VERTEX_POINT('',#3707);
#3709=CARTESIAN_POINT('',(-5.445E0,1.585E0,-1.5E0));
#3710=VERTEX_POINT('',#3709);
#3711=CARTESIAN_POINT('',(-2.885E0,-1.585E0,-3.43E0));
#3712=CARTESIAN_POINT('',(-2.885E0,-1.205E0,-3.43E0));
#3713=VERTEX_POINT('',#3711);
#3714=VERTEX_POINT('',#3712);
#3715=CARTESIAN_POINT('',(-5.065E0,-1.205E0,-3.43E0));
#3716=VERTEX_POINT('',#3715);
#3717=CARTESIAN_POINT('',(-5.065E0,-1.585E0,-3.43E0));
#3718=VERTEX_POINT('',#3717);
#3719=CARTESIAN_POINT('',(-5.065E0,1.585E0,3.47E0));
#3720=CARTESIAN_POINT('',(-5.065E0,1.205E0,3.47E0));
#3721=VERTEX_POINT('',#3719);
#3722=VERTEX_POINT('',#3720);
#3723=CARTESIAN_POINT('',(-2.885E0,1.205E0,3.47E0));
#3724=VERTEX_POINT('',#3723);
#3725=CARTESIAN_POINT('',(-2.885E0,1.585E0,3.47E0));
#3726=VERTEX_POINT('',#3725);
#3727=CARTESIAN_POINT('',(-2.885E0,-1.585E0,3.47E0));
#3728=CARTESIAN_POINT('',(-2.885E0,-1.205E0,3.47E0));
#3729=VERTEX_POINT('',#3727);
#3730=VERTEX_POINT('',#3728);
#3731=CARTESIAN_POINT('',(-5.065E0,-1.205E0,3.47E0));
#3732=VERTEX_POINT('',#3731);
#3733=CARTESIAN_POINT('',(-5.065E0,-1.585E0,3.47E0));
#3734=VERTEX_POINT('',#3733);
#3735=CARTESIAN_POINT('',(-3.745E0,-6.035E0,0.E0));
#3736=CARTESIAN_POINT('',(-3.405E0,-5.145E0,0.E0));
#3737=VERTEX_POINT('',#3735);
#3738=VERTEX_POINT('',#3736);
#3739=CARTESIAN_POINT('',(-3.405E0,1.2125E1,0.E0));
#3740=CARTESIAN_POINT('',(-3.745E0,1.3015E1,0.E0));
#3741=VERTEX_POINT('',#3739);
#3742=VERTEX_POINT('',#3740);
#3743=CARTESIAN_POINT('',(-4.205E0,-6.035E0,0.E0));
#3744=CARTESIAN_POINT('',(-4.545E0,-5.145E0,0.E0));
#3745=VERTEX_POINT('',#3743);
#3746=VERTEX_POINT('',#3744);
#3747=CARTESIAN_POINT('',(-4.545E0,1.2125E1,0.E0));
#3748=CARTESIAN_POINT('',(-4.205E0,1.3015E1,0.E0));
#3749=VERTEX_POINT('',#3747);
#3750=VERTEX_POINT('',#3748);
#3751=CARTESIAN_POINT('',(-3.405E0,1.205E0,0.E0));
#3752=CARTESIAN_POINT('',(-4.545E0,1.205E0,0.E0));
#3753=VERTEX_POINT('',#3751);
#3754=VERTEX_POINT('',#3752);
#3755=CARTESIAN_POINT('',(-3.405E0,-1.205E0,0.E0));
#3756=CARTESIAN_POINT('',(-4.545E0,-1.205E0,0.E0));
#3757=VERTEX_POINT('',#3755);
#3758=VERTEX_POINT('',#3756);
#3759=CARTESIAN_POINT('',(2.855E0,1.585E0,-2.45E0));
#3760=CARTESIAN_POINT('',(1.075E0,1.585E0,-2.45E0));
#3761=VERTEX_POINT('',#3759);
#3762=VERTEX_POINT('',#3760);
#3763=CARTESIAN_POINT('',(-5.065E0,1.585E0,-2.45E0));
#3764=CARTESIAN_POINT('',(-5.065E0,1.205E0,-2.45E0));
#3765=VERTEX_POINT('',#3763);
#3766=VERTEX_POINT('',#3764);
#3767=CARTESIAN_POINT('',(-2.885E0,1.205E0,-2.45E0));
#3768=VERTEX_POINT('',#3767);
#3769=CARTESIAN_POINT('',(-2.885E0,1.585E0,-2.45E0));
#3770=VERTEX_POINT('',#3769);
#3771=CARTESIAN_POINT('',(1.075E0,-1.585E0,-3.43E0));
#3772=CARTESIAN_POINT('',(1.075E0,-1.205E0,-3.43E0));
#3773=VERTEX_POINT('',#3771);
#3774=VERTEX_POINT('',#3772);
#3775=CARTESIAN_POINT('',(-1.105E0,-1.205E0,-3.43E0));
#3776=VERTEX_POINT('',#3775);
#3777=CARTESIAN_POINT('',(-1.105E0,-1.585E0,-3.43E0));
#3778=VERTEX_POINT('',#3777);
#3779=CARTESIAN_POINT('',(-1.105E0,1.585E0,3.47E0));
#3780=CARTESIAN_POINT('',(-1.105E0,1.205E0,3.47E0));
#3781=VERTEX_POINT('',#3779);
#3782=VERTEX_POINT('',#3780);
#3783=CARTESIAN_POINT('',(1.075E0,1.205E0,3.47E0));
#3784=VERTEX_POINT('',#3783);
#3785=CARTESIAN_POINT('',(1.075E0,1.585E0,3.47E0));
#3786=VERTEX_POINT('',#3785);
#3787=CARTESIAN_POINT('',(1.075E0,-1.585E0,3.47E0));
#3788=CARTESIAN_POINT('',(1.075E0,-1.205E0,3.47E0));
#3789=VERTEX_POINT('',#3787);
#3790=VERTEX_POINT('',#3788);
#3791=CARTESIAN_POINT('',(-1.105E0,-1.205E0,3.47E0));
#3792=VERTEX_POINT('',#3791);
#3793=CARTESIAN_POINT('',(-1.105E0,-1.585E0,3.47E0));
#3794=VERTEX_POINT('',#3793);
#3795=CARTESIAN_POINT('',(2.15E-1,-6.035E0,0.E0));
#3796=CARTESIAN_POINT('',(5.55E-1,-5.145E0,0.E0));
#3797=VERTEX_POINT('',#3795);
#3798=VERTEX_POINT('',#3796);
#3799=CARTESIAN_POINT('',(5.55E-1,1.2125E1,0.E0));
#3800=CARTESIAN_POINT('',(2.15E-1,1.3015E1,0.E0));
#3801=VERTEX_POINT('',#3799);
#3802=VERTEX_POINT('',#3800);
#3803=CARTESIAN_POINT('',(-2.45E-1,-6.035E0,0.E0));
#3804=CARTESIAN_POINT('',(-5.85E-1,-5.145E0,0.E0));
#3805=VERTEX_POINT('',#3803);
#3806=VERTEX_POINT('',#3804);
#3807=CARTESIAN_POINT('',(-5.85E-1,1.2125E1,0.E0));
#3808=CARTESIAN_POINT('',(-2.45E-1,1.3015E1,0.E0));
#3809=VERTEX_POINT('',#3807);
#3810=VERTEX_POINT('',#3808);
#3811=CARTESIAN_POINT('',(5.55E-1,1.205E0,0.E0));
#3812=CARTESIAN_POINT('',(-5.85E-1,1.205E0,0.E0));
#3813=VERTEX_POINT('',#3811);
#3814=VERTEX_POINT('',#3812);
#3815=CARTESIAN_POINT('',(5.55E-1,-1.205E0,0.E0));
#3816=CARTESIAN_POINT('',(-5.85E-1,-1.205E0,0.E0));
#3817=VERTEX_POINT('',#3815);
#3818=VERTEX_POINT('',#3816);
#3819=CARTESIAN_POINT('',(-1.105E0,1.585E0,-2.45E0));
#3820=CARTESIAN_POINT('',(-1.105E0,1.205E0,-2.45E0));
#3821=VERTEX_POINT('',#3819);
#3822=VERTEX_POINT('',#3820);
#3823=CARTESIAN_POINT('',(1.075E0,1.205E0,-2.45E0));
#3824=VERTEX_POINT('',#3823);
#3825=CARTESIAN_POINT('',(-2.505E0,-1.585E0,-1.5E0));
#3826=CARTESIAN_POINT('',(-2.505E0,-1.585E0,1.5E0));
#3827=VERTEX_POINT('',#3825);
#3828=VERTEX_POINT('',#3826);
#3829=CARTESIAN_POINT('',(-1.485E0,-1.585E0,1.5E0));
#3830=VERTEX_POINT('',#3829);
#3831=CARTESIAN_POINT('',(-1.485E0,-1.585E0,-1.5E0));
#3832=VERTEX_POINT('',#3831);
#3833=CARTESIAN_POINT('',(-2.505E0,1.585E0,-1.5E0));
#3834=CARTESIAN_POINT('',(-2.505E0,1.585E0,1.5E0));
#3835=VERTEX_POINT('',#3833);
#3836=VERTEX_POINT('',#3834);
#3837=CARTESIAN_POINT('',(-1.485E0,1.585E0,1.5E0));
#3838=VERTEX_POINT('',#3837);
#3839=CARTESIAN_POINT('',(-1.485E0,1.585E0,-1.5E0));
#3840=VERTEX_POINT('',#3839);
#3841=CARTESIAN_POINT('',(5.035E0,-1.585E0,-3.43E0));
#3842=CARTESIAN_POINT('',(5.035E0,-1.205E0,-3.43E0));
#3843=VERTEX_POINT('',#3841);
#3844=VERTEX_POINT('',#3842);
#3845=CARTESIAN_POINT('',(2.855E0,-1.205E0,-3.43E0));
#3846=VERTEX_POINT('',#3845);
#3847=CARTESIAN_POINT('',(2.855E0,-1.585E0,-3.43E0));
#3848=VERTEX_POINT('',#3847);
#3849=CARTESIAN_POINT('',(2.855E0,1.585E0,3.47E0));
#3850=CARTESIAN_POINT('',(2.855E0,1.205E0,3.47E0));
#3851=VERTEX_POINT('',#3849);
#3852=VERTEX_POINT('',#3850);
#3853=CARTESIAN_POINT('',(5.035E0,1.205E0,3.47E0));
#3854=VERTEX_POINT('',#3853);
#3855=CARTESIAN_POINT('',(5.035E0,1.585E0,3.47E0));
#3856=VERTEX_POINT('',#3855);
#3857=CARTESIAN_POINT('',(5.035E0,-1.585E0,3.47E0));
#3858=CARTESIAN_POINT('',(5.035E0,-1.205E0,3.47E0));
#3859=VERTEX_POINT('',#3857);
#3860=VERTEX_POINT('',#3858);
#3861=CARTESIAN_POINT('',(2.855E0,-1.205E0,3.47E0));
#3862=VERTEX_POINT('',#3861);
#3863=CARTESIAN_POINT('',(2.855E0,-1.585E0,3.47E0));
#3864=VERTEX_POINT('',#3863);
#3865=CARTESIAN_POINT('',(4.175E0,-6.035E0,0.E0));
#3866=CARTESIAN_POINT('',(4.515E0,-5.145E0,0.E0));
#3867=VERTEX_POINT('',#3865);
#3868=VERTEX_POINT('',#3866);
#3869=CARTESIAN_POINT('',(4.515E0,1.2125E1,0.E0));
#3870=CARTESIAN_POINT('',(4.175E0,1.3015E1,0.E0));
#3871=VERTEX_POINT('',#3869);
#3872=VERTEX_POINT('',#3870);
#3873=CARTESIAN_POINT('',(3.715E0,-6.035E0,0.E0));
#3874=CARTESIAN_POINT('',(3.375E0,-5.145E0,0.E0));
#3875=VERTEX_POINT('',#3873);
#3876=VERTEX_POINT('',#3874);
#3877=CARTESIAN_POINT('',(3.375E0,1.2125E1,0.E0));
#3878=CARTESIAN_POINT('',(3.715E0,1.3015E1,0.E0));
#3879=VERTEX_POINT('',#3877);
#3880=VERTEX_POINT('',#3878);
#3881=CARTESIAN_POINT('',(4.515E0,1.205E0,0.E0));
#3882=CARTESIAN_POINT('',(3.375E0,1.205E0,0.E0));
#3883=VERTEX_POINT('',#3881);
#3884=VERTEX_POINT('',#3882);
#3885=CARTESIAN_POINT('',(4.515E0,-1.205E0,0.E0));
#3886=CARTESIAN_POINT('',(3.375E0,-1.205E0,0.E0));
#3887=VERTEX_POINT('',#3885);
#3888=VERTEX_POINT('',#3886);
#3889=CARTESIAN_POINT('',(2.855E0,1.205E0,-2.45E0));
#3890=VERTEX_POINT('',#3889);
#3891=CARTESIAN_POINT('',(5.035E0,1.205E0,-2.45E0));
#3892=VERTEX_POINT('',#3891);
#3893=CARTESIAN_POINT('',(1.455E0,-1.585E0,-1.5E0));
#3894=CARTESIAN_POINT('',(1.455E0,-1.585E0,1.5E0));
#3895=VERTEX_POINT('',#3893);
#3896=VERTEX_POINT('',#3894);
#3897=CARTESIAN_POINT('',(2.475E0,-1.585E0,1.5E0));
#3898=VERTEX_POINT('',#3897);
#3899=CARTESIAN_POINT('',(2.475E0,-1.585E0,-1.5E0));
#3900=VERTEX_POINT('',#3899);
#3901=CARTESIAN_POINT('',(1.455E0,1.585E0,-1.5E0));
#3902=CARTESIAN_POINT('',(1.455E0,1.585E0,1.5E0));
#3903=VERTEX_POINT('',#3901);
#3904=VERTEX_POINT('',#3902);
#3905=CARTESIAN_POINT('',(2.475E0,1.585E0,1.5E0));
#3906=VERTEX_POINT('',#3905);
#3907=CARTESIAN_POINT('',(2.475E0,1.585E0,-1.5E0));
#3908=VERTEX_POINT('',#3907);
#3909=CARTESIAN_POINT('',(8.995E0,-1.585E0,-3.43E0));
#3910=CARTESIAN_POINT('',(8.995E0,-1.205E0,-3.43E0));
#3911=VERTEX_POINT('',#3909);
#3912=VERTEX_POINT('',#3910);
#3913=CARTESIAN_POINT('',(6.815E0,-1.205E0,-3.43E0));
#3914=VERTEX_POINT('',#3913);
#3915=CARTESIAN_POINT('',(6.815E0,-1.585E0,-3.43E0));
#3916=VERTEX_POINT('',#3915);
#3917=CARTESIAN_POINT('',(6.815E0,1.585E0,3.47E0));
#3918=CARTESIAN_POINT('',(6.815E0,1.205E0,3.47E0));
#3919=VERTEX_POINT('',#3917);
#3920=VERTEX_POINT('',#3918);
#3921=CARTESIAN_POINT('',(8.995E0,1.205E0,3.47E0));
#3922=VERTEX_POINT('',#3921);
#3923=CARTESIAN_POINT('',(8.995E0,1.585E0,3.47E0));
#3924=VERTEX_POINT('',#3923);
#3925=CARTESIAN_POINT('',(8.995E0,-1.585E0,3.47E0));
#3926=CARTESIAN_POINT('',(8.995E0,-1.205E0,3.47E0));
#3927=VERTEX_POINT('',#3925);
#3928=VERTEX_POINT('',#3926);
#3929=CARTESIAN_POINT('',(6.815E0,-1.205E0,3.47E0));
#3930=VERTEX_POINT('',#3929);
#3931=CARTESIAN_POINT('',(6.815E0,-1.585E0,3.47E0));
#3932=VERTEX_POINT('',#3931);
#3933=CARTESIAN_POINT('',(8.135E0,-6.035E0,0.E0));
#3934=CARTESIAN_POINT('',(8.475E0,-5.145E0,0.E0));
#3935=VERTEX_POINT('',#3933);
#3936=VERTEX_POINT('',#3934);
#3937=CARTESIAN_POINT('',(8.475E0,1.2125E1,0.E0));
#3938=CARTESIAN_POINT('',(8.135E0,1.3015E1,0.E0));
#3939=VERTEX_POINT('',#3937);
#3940=VERTEX_POINT('',#3938);
#3941=CARTESIAN_POINT('',(7.675E0,-6.035E0,0.E0));
#3942=CARTESIAN_POINT('',(7.335E0,-5.145E0,0.E0));
#3943=VERTEX_POINT('',#3941);
#3944=VERTEX_POINT('',#3942);
#3945=CARTESIAN_POINT('',(7.335E0,1.2125E1,0.E0));
#3946=CARTESIAN_POINT('',(7.675E0,1.3015E1,0.E0));
#3947=VERTEX_POINT('',#3945);
#3948=VERTEX_POINT('',#3946);
#3949=CARTESIAN_POINT('',(8.475E0,1.205E0,0.E0));
#3950=CARTESIAN_POINT('',(7.335E0,1.205E0,0.E0));
#3951=VERTEX_POINT('',#3949);
#3952=VERTEX_POINT('',#3950);
#3953=CARTESIAN_POINT('',(8.475E0,-1.205E0,0.E0));
#3954=CARTESIAN_POINT('',(7.335E0,-1.205E0,0.E0));
#3955=VERTEX_POINT('',#3953);
#3956=VERTEX_POINT('',#3954);
#3957=CARTESIAN_POINT('',(6.815E0,1.205E0,-2.45E0));
#3958=VERTEX_POINT('',#3957);
#3959=CARTESIAN_POINT('',(8.995E0,1.205E0,-2.45E0));
#3960=VERTEX_POINT('',#3959);
#3961=CARTESIAN_POINT('',(8.995E0,1.585E0,-2.45E0));
#3962=VERTEX_POINT('',#3961);
#3963=CARTESIAN_POINT('',(5.415E0,-1.585E0,-1.5E0));
#3964=CARTESIAN_POINT('',(5.415E0,-1.585E0,1.5E0));
#3965=VERTEX_POINT('',#3963);
#3966=VERTEX_POINT('',#3964);
#3967=CARTESIAN_POINT('',(6.435E0,-1.585E0,1.5E0));
#3968=VERTEX_POINT('',#3967);
#3969=CARTESIAN_POINT('',(6.435E0,-1.585E0,-1.5E0));
#3970=VERTEX_POINT('',#3969);
#3971=CARTESIAN_POINT('',(5.415E0,1.585E0,-1.5E0));
#3972=CARTESIAN_POINT('',(5.415E0,1.585E0,1.5E0));
#3973=VERTEX_POINT('',#3971);
#3974=VERTEX_POINT('',#3972);
#3975=CARTESIAN_POINT('',(6.435E0,1.585E0,1.5E0));
#3976=VERTEX_POINT('',#3975);
#3977=CARTESIAN_POINT('',(6.435E0,1.585E0,-1.5E0));
#3978=VERTEX_POINT('',#3977);
#3979=CARTESIAN_POINT('',(1.2955E1,-1.585E0,-3.43E0));
#3980=CARTESIAN_POINT('',(1.2955E1,-1.205E0,-3.43E0));
#3981=VERTEX_POINT('',#3979);
#3982=VERTEX_POINT('',#3980);
#3983=CARTESIAN_POINT('',(1.0775E1,-1.205E0,-3.43E0));
#3984=VERTEX_POINT('',#3983);
#3985=CARTESIAN_POINT('',(1.0775E1,-1.585E0,-3.43E0));
#3986=VERTEX_POINT('',#3985);
#3987=CARTESIAN_POINT('',(1.0775E1,1.585E0,3.47E0));
#3988=CARTESIAN_POINT('',(1.0775E1,1.205E0,3.47E0));
#3989=VERTEX_POINT('',#3987);
#3990=VERTEX_POINT('',#3988);
#3991=CARTESIAN_POINT('',(1.2955E1,1.205E0,3.47E0));
#3992=VERTEX_POINT('',#3991);
#3993=CARTESIAN_POINT('',(1.2955E1,1.585E0,3.47E0));
#3994=VERTEX_POINT('',#3993);
#3995=CARTESIAN_POINT('',(1.2955E1,-1.585E0,3.47E0));
#3996=CARTESIAN_POINT('',(1.2955E1,-1.205E0,3.47E0));
#3997=VERTEX_POINT('',#3995);
#3998=VERTEX_POINT('',#3996);
#3999=CARTESIAN_POINT('',(1.0775E1,-1.205E0,3.47E0));
#4000=VERTEX_POINT('',#3999);
#4001=CARTESIAN_POINT('',(1.0775E1,-1.585E0,3.47E0));
#4002=VERTEX_POINT('',#4001);
#4003=CARTESIAN_POINT('',(1.2095E1,-6.035E0,0.E0));
#4004=CARTESIAN_POINT('',(1.2435E1,-5.145E0,0.E0));
#4005=VERTEX_POINT('',#4003);
#4006=VERTEX_POINT('',#4004);
#4007=CARTESIAN_POINT('',(1.2435E1,1.2125E1,0.E0));
#4008=CARTESIAN_POINT('',(1.2095E1,1.3015E1,0.E0));
#4009=VERTEX_POINT('',#4007);
#4010=VERTEX_POINT('',#4008);
#4011=CARTESIAN_POINT('',(1.1635E1,-6.035E0,0.E0));
#4012=CARTESIAN_POINT('',(1.1295E1,-5.145E0,0.E0));
#4013=VERTEX_POINT('',#4011);
#4014=VERTEX_POINT('',#4012);
#4015=CARTESIAN_POINT('',(1.1295E1,1.2125E1,0.E0));
#4016=CARTESIAN_POINT('',(1.1635E1,1.3015E1,0.E0));
#4017=VERTEX_POINT('',#4015);
#4018=VERTEX_POINT('',#4016);
#4019=CARTESIAN_POINT('',(1.2435E1,1.205E0,0.E0));
#4020=CARTESIAN_POINT('',(1.1295E1,1.205E0,0.E0));
#4021=VERTEX_POINT('',#4019);
#4022=VERTEX_POINT('',#4020);
#4023=CARTESIAN_POINT('',(1.2435E1,-1.205E0,0.E0));
#4024=CARTESIAN_POINT('',(1.1295E1,-1.205E0,0.E0));
#4025=VERTEX_POINT('',#4023);
#4026=VERTEX_POINT('',#4024);
#4027=CARTESIAN_POINT('',(1.0775E1,1.585E0,-2.45E0));
#4028=CARTESIAN_POINT('',(1.0775E1,1.205E0,-2.45E0));
#4029=VERTEX_POINT('',#4027);
#4030=VERTEX_POINT('',#4028);
#4031=CARTESIAN_POINT('',(1.2955E1,1.205E0,-2.45E0));
#4032=VERTEX_POINT('',#4031);
#4033=CARTESIAN_POINT('',(9.375E0,-1.585E0,-1.5E0));
#4034=CARTESIAN_POINT('',(9.375E0,-1.585E0,1.5E0));
#4035=VERTEX_POINT('',#4033);
#4036=VERTEX_POINT('',#4034);
#4037=CARTESIAN_POINT('',(1.0395E1,-1.585E0,1.5E0));
#4038=VERTEX_POINT('',#4037);
#4039=CARTESIAN_POINT('',(1.0395E1,-1.585E0,-1.5E0));
#4040=VERTEX_POINT('',#4039);
#4041=CARTESIAN_POINT('',(9.375E0,1.585E0,-1.5E0));
#4042=CARTESIAN_POINT('',(9.375E0,1.585E0,1.5E0));
#4043=VERTEX_POINT('',#4041);
#4044=VERTEX_POINT('',#4042);
#4045=CARTESIAN_POINT('',(1.0395E1,1.585E0,1.5E0));
#4046=VERTEX_POINT('',#4045);
#4047=CARTESIAN_POINT('',(1.0395E1,1.585E0,-1.5E0));
#4048=VERTEX_POINT('',#4047);
#4049=CARTESIAN_POINT('',(1.6915E1,-1.585E0,-3.43E0));
#4050=CARTESIAN_POINT('',(1.6915E1,-1.205E0,-3.43E0));
#4051=VERTEX_POINT('',#4049);
#4052=VERTEX_POINT('',#4050);
#4053=CARTESIAN_POINT('',(1.4735E1,-1.205E0,-3.43E0));
#4054=VERTEX_POINT('',#4053);
#4055=CARTESIAN_POINT('',(1.4735E1,-1.585E0,-3.43E0));
#4056=VERTEX_POINT('',#4055);
#4057=CARTESIAN_POINT('',(1.4735E1,1.585E0,3.47E0));
#4058=CARTESIAN_POINT('',(1.4735E1,1.205E0,3.47E0));
#4059=VERTEX_POINT('',#4057);
#4060=VERTEX_POINT('',#4058);
#4061=CARTESIAN_POINT('',(1.6915E1,1.205E0,3.47E0));
#4062=VERTEX_POINT('',#4061);
#4063=CARTESIAN_POINT('',(1.6915E1,1.585E0,3.47E0));
#4064=VERTEX_POINT('',#4063);
#4065=CARTESIAN_POINT('',(1.6915E1,-1.585E0,3.47E0));
#4066=CARTESIAN_POINT('',(1.6915E1,-1.205E0,3.47E0));
#4067=VERTEX_POINT('',#4065);
#4068=VERTEX_POINT('',#4066);
#4069=CARTESIAN_POINT('',(1.4735E1,-1.205E0,3.47E0));
#4070=VERTEX_POINT('',#4069);
#4071=CARTESIAN_POINT('',(1.4735E1,-1.585E0,3.47E0));
#4072=VERTEX_POINT('',#4071);
#4073=CARTESIAN_POINT('',(1.6055E1,-6.035E0,0.E0));
#4074=CARTESIAN_POINT('',(1.6395E1,-5.145E0,0.E0));
#4075=VERTEX_POINT('',#4073);
#4076=VERTEX_POINT('',#4074);
#4077=CARTESIAN_POINT('',(1.6395E1,1.2125E1,0.E0));
#4078=CARTESIAN_POINT('',(1.6055E1,1.3015E1,0.E0));
#4079=VERTEX_POINT('',#4077);
#4080=VERTEX_POINT('',#4078);
#4081=CARTESIAN_POINT('',(1.5595E1,-6.035E0,0.E0));
#4082=CARTESIAN_POINT('',(1.5255E1,-5.145E0,0.E0));
#4083=VERTEX_POINT('',#4081);
#4084=VERTEX_POINT('',#4082);
#4085=CARTESIAN_POINT('',(1.5255E1,1.2125E1,0.E0));
#4086=CARTESIAN_POINT('',(1.5595E1,1.3015E1,0.E0));
#4087=VERTEX_POINT('',#4085);
#4088=VERTEX_POINT('',#4086);
#4089=CARTESIAN_POINT('',(1.6395E1,1.205E0,0.E0));
#4090=CARTESIAN_POINT('',(1.5255E1,1.205E0,0.E0));
#4091=VERTEX_POINT('',#4089);
#4092=VERTEX_POINT('',#4090);
#4093=CARTESIAN_POINT('',(1.6395E1,-1.205E0,0.E0));
#4094=CARTESIAN_POINT('',(1.5255E1,-1.205E0,0.E0));
#4095=VERTEX_POINT('',#4093);
#4096=VERTEX_POINT('',#4094);
#4097=CARTESIAN_POINT('',(1.4735E1,1.205E0,-2.45E0));
#4098=VERTEX_POINT('',#4097);
#4099=CARTESIAN_POINT('',(1.6915E1,1.205E0,-2.45E0));
#4100=VERTEX_POINT('',#4099);
#4101=CARTESIAN_POINT('',(1.3335E1,-1.585E0,-1.5E0));
#4102=CARTESIAN_POINT('',(1.3335E1,-1.585E0,1.5E0));
#4103=VERTEX_POINT('',#4101);
#4104=VERTEX_POINT('',#4102);
#4105=CARTESIAN_POINT('',(1.4355E1,-1.585E0,1.5E0));
#4106=VERTEX_POINT('',#4105);
#4107=CARTESIAN_POINT('',(1.4355E1,-1.585E0,-1.5E0));
#4108=VERTEX_POINT('',#4107);
#4109=CARTESIAN_POINT('',(1.3335E1,1.585E0,-1.5E0));
#4110=CARTESIAN_POINT('',(1.3335E1,1.585E0,1.5E0));
#4111=VERTEX_POINT('',#4109);
#4112=VERTEX_POINT('',#4110);
#4113=CARTESIAN_POINT('',(1.4355E1,1.585E0,1.5E0));
#4114=VERTEX_POINT('',#4113);
#4115=CARTESIAN_POINT('',(1.4355E1,1.585E0,-1.5E0));
#4116=VERTEX_POINT('',#4115);
#4117=CARTESIAN_POINT('',(2.0875E1,-1.585E0,-3.43E0));
#4118=CARTESIAN_POINT('',(2.0875E1,-1.205E0,-3.43E0));
#4119=VERTEX_POINT('',#4117);
#4120=VERTEX_POINT('',#4118);
#4121=CARTESIAN_POINT('',(1.8695E1,-1.205E0,-3.43E0));
#4122=VERTEX_POINT('',#4121);
#4123=CARTESIAN_POINT('',(1.8695E1,-1.585E0,-3.43E0));
#4124=VERTEX_POINT('',#4123);
#4125=CARTESIAN_POINT('',(1.8695E1,1.585E0,3.47E0));
#4126=CARTESIAN_POINT('',(1.8695E1,1.205E0,3.47E0));
#4127=VERTEX_POINT('',#4125);
#4128=VERTEX_POINT('',#4126);
#4129=CARTESIAN_POINT('',(2.0875E1,1.205E0,3.47E0));
#4130=VERTEX_POINT('',#4129);
#4131=CARTESIAN_POINT('',(2.0875E1,1.585E0,3.47E0));
#4132=VERTEX_POINT('',#4131);
#4133=CARTESIAN_POINT('',(2.0875E1,-1.585E0,3.47E0));
#4134=CARTESIAN_POINT('',(2.0875E1,-1.205E0,3.47E0));
#4135=VERTEX_POINT('',#4133);
#4136=VERTEX_POINT('',#4134);
#4137=CARTESIAN_POINT('',(1.8695E1,-1.205E0,3.47E0));
#4138=VERTEX_POINT('',#4137);
#4139=CARTESIAN_POINT('',(1.8695E1,-1.585E0,3.47E0));
#4140=VERTEX_POINT('',#4139);
#4141=CARTESIAN_POINT('',(2.0015E1,-6.035E0,0.E0));
#4142=CARTESIAN_POINT('',(2.0355E1,-5.145E0,0.E0));
#4143=VERTEX_POINT('',#4141);
#4144=VERTEX_POINT('',#4142);
#4145=CARTESIAN_POINT('',(2.0355E1,1.2125E1,0.E0));
#4146=CARTESIAN_POINT('',(2.0015E1,1.3015E1,0.E0));
#4147=VERTEX_POINT('',#4145);
#4148=VERTEX_POINT('',#4146);
#4149=CARTESIAN_POINT('',(1.9555E1,-6.035E0,0.E0));
#4150=CARTESIAN_POINT('',(1.9215E1,-5.145E0,0.E0));
#4151=VERTEX_POINT('',#4149);
#4152=VERTEX_POINT('',#4150);
#4153=CARTESIAN_POINT('',(1.9215E1,1.2125E1,0.E0));
#4154=CARTESIAN_POINT('',(1.9555E1,1.3015E1,0.E0));
#4155=VERTEX_POINT('',#4153);
#4156=VERTEX_POINT('',#4154);
#4157=CARTESIAN_POINT('',(2.0355E1,1.205E0,0.E0));
#4158=CARTESIAN_POINT('',(1.9215E1,1.205E0,0.E0));
#4159=VERTEX_POINT('',#4157);
#4160=VERTEX_POINT('',#4158);
#4161=CARTESIAN_POINT('',(2.0355E1,-1.205E0,0.E0));
#4162=CARTESIAN_POINT('',(1.9215E1,-1.205E0,0.E0));
#4163=VERTEX_POINT('',#4161);
#4164=VERTEX_POINT('',#4162);
#4165=CARTESIAN_POINT('',(1.8695E1,1.205E0,-2.45E0));
#4166=VERTEX_POINT('',#4165);
#4167=CARTESIAN_POINT('',(2.0875E1,1.205E0,-2.45E0));
#4168=VERTEX_POINT('',#4167);
#4169=CARTESIAN_POINT('',(1.7295E1,-1.585E0,-1.5E0));
#4170=CARTESIAN_POINT('',(1.7295E1,-1.585E0,1.5E0));
#4171=VERTEX_POINT('',#4169);
#4172=VERTEX_POINT('',#4170);
#4173=CARTESIAN_POINT('',(1.8315E1,-1.585E0,1.5E0));
#4174=VERTEX_POINT('',#4173);
#4175=CARTESIAN_POINT('',(1.8315E1,-1.585E0,-1.5E0));
#4176=VERTEX_POINT('',#4175);
#4177=CARTESIAN_POINT('',(1.7295E1,1.585E0,-1.5E0));
#4178=CARTESIAN_POINT('',(1.7295E1,1.585E0,1.5E0));
#4179=VERTEX_POINT('',#4177);
#4180=VERTEX_POINT('',#4178);
#4181=CARTESIAN_POINT('',(1.8315E1,1.585E0,1.5E0));
#4182=VERTEX_POINT('',#4181);
#4183=CARTESIAN_POINT('',(1.8315E1,1.585E0,-1.5E0));
#4184=VERTEX_POINT('',#4183);
#4185=CARTESIAN_POINT('',(2.4835E1,-1.585E0,-3.43E0));
#4186=CARTESIAN_POINT('',(2.4835E1,-1.205E0,-3.43E0));
#4187=VERTEX_POINT('',#4185);
#4188=VERTEX_POINT('',#4186);
#4189=CARTESIAN_POINT('',(2.2655E1,-1.205E0,-3.43E0));
#4190=VERTEX_POINT('',#4189);
#4191=CARTESIAN_POINT('',(2.2655E1,-1.585E0,-3.43E0));
#4192=VERTEX_POINT('',#4191);
#4193=CARTESIAN_POINT('',(2.2655E1,1.585E0,3.47E0));
#4194=CARTESIAN_POINT('',(2.2655E1,1.205E0,3.47E0));
#4195=VERTEX_POINT('',#4193);
#4196=VERTEX_POINT('',#4194);
#4197=CARTESIAN_POINT('',(2.4835E1,1.205E0,3.47E0));
#4198=VERTEX_POINT('',#4197);
#4199=CARTESIAN_POINT('',(2.4835E1,1.585E0,3.47E0));
#4200=VERTEX_POINT('',#4199);
#4201=CARTESIAN_POINT('',(2.4835E1,-1.585E0,3.47E0));
#4202=CARTESIAN_POINT('',(2.4835E1,-1.205E0,3.47E0));
#4203=VERTEX_POINT('',#4201);
#4204=VERTEX_POINT('',#4202);
#4205=CARTESIAN_POINT('',(2.2655E1,-1.205E0,3.47E0));
#4206=VERTEX_POINT('',#4205);
#4207=CARTESIAN_POINT('',(2.2655E1,-1.585E0,3.47E0));
#4208=VERTEX_POINT('',#4207);
#4209=CARTESIAN_POINT('',(2.3975E1,-6.035E0,0.E0));
#4210=CARTESIAN_POINT('',(2.4315E1,-5.145E0,0.E0));
#4211=VERTEX_POINT('',#4209);
#4212=VERTEX_POINT('',#4210);
#4213=CARTESIAN_POINT('',(2.4315E1,1.2125E1,0.E0));
#4214=CARTESIAN_POINT('',(2.3975E1,1.3015E1,0.E0));
#4215=VERTEX_POINT('',#4213);
#4216=VERTEX_POINT('',#4214);
#4217=CARTESIAN_POINT('',(2.3515E1,-6.035E0,0.E0));
#4218=CARTESIAN_POINT('',(2.3175E1,-5.145E0,0.E0));
#4219=VERTEX_POINT('',#4217);
#4220=VERTEX_POINT('',#4218);
#4221=CARTESIAN_POINT('',(2.3175E1,1.2125E1,0.E0));
#4222=CARTESIAN_POINT('',(2.3515E1,1.3015E1,0.E0));
#4223=VERTEX_POINT('',#4221);
#4224=VERTEX_POINT('',#4222);
#4225=CARTESIAN_POINT('',(2.4315E1,1.205E0,0.E0));
#4226=CARTESIAN_POINT('',(2.3175E1,1.205E0,0.E0));
#4227=VERTEX_POINT('',#4225);
#4228=VERTEX_POINT('',#4226);
#4229=CARTESIAN_POINT('',(2.4315E1,-1.205E0,0.E0));
#4230=CARTESIAN_POINT('',(2.3175E1,-1.205E0,0.E0));
#4231=VERTEX_POINT('',#4229);
#4232=VERTEX_POINT('',#4230);
#4233=CARTESIAN_POINT('',(2.2655E1,1.205E0,-2.45E0));
#4234=VERTEX_POINT('',#4233);
#4235=CARTESIAN_POINT('',(2.4835E1,1.205E0,-2.45E0));
#4236=VERTEX_POINT('',#4235);
#4237=CARTESIAN_POINT('',(2.1255E1,-1.585E0,-1.5E0));
#4238=CARTESIAN_POINT('',(2.1255E1,-1.585E0,1.5E0));
#4239=VERTEX_POINT('',#4237);
#4240=VERTEX_POINT('',#4238);
#4241=CARTESIAN_POINT('',(2.2275E1,-1.585E0,1.5E0));
#4242=VERTEX_POINT('',#4241);
#4243=CARTESIAN_POINT('',(2.2275E1,-1.585E0,-1.5E0));
#4244=VERTEX_POINT('',#4243);
#4245=CARTESIAN_POINT('',(2.1255E1,1.585E0,-1.5E0));
#4246=CARTESIAN_POINT('',(2.1255E1,1.585E0,1.5E0));
#4247=VERTEX_POINT('',#4245);
#4248=VERTEX_POINT('',#4246);
#4249=CARTESIAN_POINT('',(2.2275E1,1.585E0,1.5E0));
#4250=VERTEX_POINT('',#4249);
#4251=CARTESIAN_POINT('',(2.2275E1,1.585E0,-1.5E0));
#4252=VERTEX_POINT('',#4251);
#4253=CARTESIAN_POINT('',(-2.505E0,7.535E0,-3.43E0));
#4254=CARTESIAN_POINT('',(-2.505E0,1.585E0,-3.43E0));
#4255=VERTEX_POINT('',#4253);
#4256=VERTEX_POINT('',#4254);
#4257=CARTESIAN_POINT('',(-1.485E0,1.585E0,-3.43E0));
#4258=VERTEX_POINT('',#4257);
#4259=CARTESIAN_POINT('',(-1.485E0,7.535E0,-3.43E0));
#4260=VERTEX_POINT('',#4259);
#4261=CARTESIAN_POINT('',(-2.505E0,7.535E0,-2.83E0));
#4262=VERTEX_POINT('',#4261);
#4263=CARTESIAN_POINT('',(-1.485E0,7.535E0,-2.83E0));
#4264=VERTEX_POINT('',#4263);
#4265=CARTESIAN_POINT('',(-2.505E0,6.876820693124E0,-2.45E0));
#4266=VERTEX_POINT('',#4265);
#4267=CARTESIAN_POINT('',(-1.485E0,6.876820693124E0,-2.45E0));
#4268=VERTEX_POINT('',#4267);
#4269=CARTESIAN_POINT('',(-2.505E0,1.585E0,-2.45E0));
#4270=VERTEX_POINT('',#4269);
#4271=CARTESIAN_POINT('',(-1.485E0,1.585E0,-2.45E0));
#4272=VERTEX_POINT('',#4271);
#4273=CARTESIAN_POINT('',(9.375E0,7.535E0,-3.43E0));
#4274=CARTESIAN_POINT('',(9.375E0,1.585E0,-3.43E0));
#4275=VERTEX_POINT('',#4273);
#4276=VERTEX_POINT('',#4274);
#4277=CARTESIAN_POINT('',(1.0395E1,1.585E0,-3.43E0));
#4278=VERTEX_POINT('',#4277);
#4279=CARTESIAN_POINT('',(1.0395E1,7.535E0,-3.43E0));
#4280=VERTEX_POINT('',#4279);
#4281=CARTESIAN_POINT('',(9.375E0,7.535E0,-2.83E0));
#4282=VERTEX_POINT('',#4281);
#4283=CARTESIAN_POINT('',(1.0395E1,7.535E0,-2.83E0));
#4284=VERTEX_POINT('',#4283);
#4285=CARTESIAN_POINT('',(9.375E0,6.876820693124E0,-2.45E0));
#4286=VERTEX_POINT('',#4285);
#4287=CARTESIAN_POINT('',(1.0395E1,6.876820693124E0,-2.45E0));
#4288=VERTEX_POINT('',#4287);
#4289=CARTESIAN_POINT('',(9.375E0,1.585E0,-2.45E0));
#4290=VERTEX_POINT('',#4289);
#4291=CARTESIAN_POINT('',(1.0395E1,1.585E0,-2.45E0));
#4292=VERTEX_POINT('',#4291);
#4293=CARTESIAN_POINT('',(0.E0,0.E0,-3.43E0));
#4294=DIRECTION('',(0.E0,0.E0,1.E0));
#4295=DIRECTION('',(1.E0,0.E0,0.E0));
#4296=AXIS2_PLACEMENT_3D('',#4293,#4294,#4295);
#4297=PLANE('',#4296);
#4299=ORIENTED_EDGE('',*,*,#4298,.F.);
#4301=ORIENTED_EDGE('',*,*,#4300,.F.);
#4303=ORIENTED_EDGE('',*,*,#4302,.T.);
#4305=ORIENTED_EDGE('',*,*,#4304,.F.);
#4307=ORIENTED_EDGE('',*,*,#4306,.F.);
#4309=ORIENTED_EDGE('',*,*,#4308,.F.);
#4311=ORIENTED_EDGE('',*,*,#4310,.T.);
#4313=ORIENTED_EDGE('',*,*,#4312,.F.);
#4315=ORIENTED_EDGE('',*,*,#4314,.F.);
#4317=ORIENTED_EDGE('',*,*,#4316,.F.);
#4319=ORIENTED_EDGE('',*,*,#4318,.F.);
#4321=ORIENTED_EDGE('',*,*,#4320,.T.);
#4323=ORIENTED_EDGE('',*,*,#4322,.T.);
#4325=ORIENTED_EDGE('',*,*,#4324,.F.);
#4327=ORIENTED_EDGE('',*,*,#4326,.F.);
#4329=ORIENTED_EDGE('',*,*,#4328,.T.);
#4331=ORIENTED_EDGE('',*,*,#4330,.T.);
#4333=ORIENTED_EDGE('',*,*,#4332,.F.);
#4335=ORIENTED_EDGE('',*,*,#4334,.F.);
#4337=ORIENTED_EDGE('',*,*,#4336,.T.);
#4339=ORIENTED_EDGE('',*,*,#4338,.T.);
#4341=ORIENTED_EDGE('',*,*,#4340,.F.);
#4343=ORIENTED_EDGE('',*,*,#4342,.F.);
#4345=ORIENTED_EDGE('',*,*,#4344,.T.);
#4347=ORIENTED_EDGE('',*,*,#4346,.T.);
#4349=ORIENTED_EDGE('',*,*,#4348,.F.);
#4351=ORIENTED_EDGE('',*,*,#4350,.F.);
#4353=ORIENTED_EDGE('',*,*,#4352,.T.);
#4355=ORIENTED_EDGE('',*,*,#4354,.T.);
#4357=ORIENTED_EDGE('',*,*,#4356,.F.);
#4359=ORIENTED_EDGE('',*,*,#4358,.F.);
#4361=ORIENTED_EDGE('',*,*,#4360,.T.);
#4363=ORIENTED_EDGE('',*,*,#4362,.T.);
#4365=ORIENTED_EDGE('',*,*,#4364,.F.);
#4367=ORIENTED_EDGE('',*,*,#4366,.F.);
#4369=ORIENTED_EDGE('',*,*,#4368,.T.);
#4371=ORIENTED_EDGE('',*,*,#4370,.T.);
#4373=ORIENTED_EDGE('',*,*,#4372,.F.);
#4375=ORIENTED_EDGE('',*,*,#4374,.F.);
#4377=ORIENTED_EDGE('',*,*,#4376,.T.);
#4379=ORIENTED_EDGE('',*,*,#4378,.T.);
#4381=ORIENTED_EDGE('',*,*,#4380,.F.);
#4383=ORIENTED_EDGE('',*,*,#4382,.F.);
#4385=ORIENTED_EDGE('',*,*,#4384,.T.);
#4387=ORIENTED_EDGE('',*,*,#4386,.T.);
#4389=ORIENTED_EDGE('',*,*,#4388,.F.);
#4391=ORIENTED_EDGE('',*,*,#4390,.F.);
#4393=ORIENTED_EDGE('',*,*,#4392,.T.);
#4395=ORIENTED_EDGE('',*,*,#4394,.T.);
#4397=ORIENTED_EDGE('',*,*,#4396,.F.);
#4399=ORIENTED_EDGE('',*,*,#4398,.F.);
#4401=ORIENTED_EDGE('',*,*,#4400,.T.);
#4403=ORIENTED_EDGE('',*,*,#4402,.T.);
#4405=ORIENTED_EDGE('',*,*,#4404,.F.);
#4407=ORIENTED_EDGE('',*,*,#4406,.F.);
#4409=ORIENTED_EDGE('',*,*,#4408,.T.);
#4411=ORIENTED_EDGE('',*,*,#4410,.T.);
#4413=ORIENTED_EDGE('',*,*,#4412,.F.);
#4415=ORIENTED_EDGE('',*,*,#4414,.F.);
#4417=ORIENTED_EDGE('',*,*,#4416,.T.);
#4419=ORIENTED_EDGE('',*,*,#4418,.T.);
#4421=ORIENTED_EDGE('',*,*,#4420,.F.);
#4423=ORIENTED_EDGE('',*,*,#4422,.F.);
#4425=ORIENTED_EDGE('',*,*,#4424,.T.);
#4427=ORIENTED_EDGE('',*,*,#4426,.T.);
#4429=ORIENTED_EDGE('',*,*,#4428,.F.);
#4431=ORIENTED_EDGE('',*,*,#4430,.T.);
#4433=ORIENTED_EDGE('',*,*,#4432,.F.);
#4434=EDGE_LOOP('',(#4299,#4301,#4303,#4305,#4307,#4309,#4311,#4313,#4315,#4317,
#4319,#4321,#4323,#4325,#4327,#4329,#4331,#4333,#4335,#4337,#4339,#4341,#4343,
#4345,#4347,#4349,#4351,#4353,#4355,#4357,#4359,#4361,#4363,#4365,#4367,#4369,
#4371,#4373,#4375,#4377,#4379,#4381,#4383,#4385,#4387,#4389,#4391,#4393,#4395,
#4397,#4399,#4401,#4403,#4405,#4407,#4409,#4411,#4413,#4415,#4417,#4419,#4421,
#4423,#4425,#4427,#4429,#4431,#4433));
#4435=FACE_OUTER_BOUND('',#4434,.F.);
#4436=ADVANCED_FACE('',(#4435),#4297,.F.);
#4437=CARTESIAN_POINT('',(9.375E0,7.535E0,-2.45E0));
#4438=DIRECTION('',(-1.E0,0.E0,0.E0));
#4439=DIRECTION('',(0.E0,-1.E0,0.E0));
#4440=AXIS2_PLACEMENT_3D('',#4437,#4438,#4439);
#4441=PLANE('',#4440);
#4442=ORIENTED_EDGE('',*,*,#4298,.T.);
#4444=ORIENTED_EDGE('',*,*,#4443,.F.);
#4446=ORIENTED_EDGE('',*,*,#4445,.F.);
#4448=ORIENTED_EDGE('',*,*,#4447,.F.);
#4450=ORIENTED_EDGE('',*,*,#4449,.F.);
#4451=EDGE_LOOP('',(#4442,#4444,#4446,#4448,#4450));
#4452=FACE_OUTER_BOUND('',#4451,.F.);
#4453=ADVANCED_FACE('',(#4452),#4441,.F.);
#4454=CARTESIAN_POINT('',(2.5755E1,1.585E0,-3.43E0));
#4455=DIRECTION('',(0.E0,1.E0,0.E0));
#4456=DIRECTION('',(-1.E0,0.E0,0.E0));
#4457=AXIS2_PLACEMENT_3D('',#4454,#4455,#4456);
#4458=PLANE('',#4457);
#4460=ORIENTED_EDGE('',*,*,#4459,.F.);
#4462=ORIENTED_EDGE('',*,*,#4461,.T.);
#4464=ORIENTED_EDGE('',*,*,#4463,.T.);
#4466=ORIENTED_EDGE('',*,*,#4465,.F.);
#4467=EDGE_LOOP('',(#4460,#4462,#4464,#4466));
#4468=FACE_OUTER_BOUND('',#4467,.F.);
#4469=ADVANCED_FACE('',(#4468),#4458,.T.);
#4470=CARTESIAN_POINT('',(2.5755E1,1.585E0,-3.43E0));
#4471=DIRECTION('',(0.E0,1.E0,0.E0));
#4472=DIRECTION('',(-1.E0,0.E0,0.E0));
#4473=AXIS2_PLACEMENT_3D('',#4470,#4471,#4472);
#4474=PLANE('',#4473);
#4476=ORIENTED_EDGE('',*,*,#4475,.F.);
#4478=ORIENTED_EDGE('',*,*,#4477,.F.);
#4480=ORIENTED_EDGE('',*,*,#4479,.T.);
#4482=ORIENTED_EDGE('',*,*,#4481,.T.);
#4483=EDGE_LOOP('',(#4476,#4478,#4480,#4482));
#4484=FACE_OUTER_BOUND('',#4483,.F.);
#4485=ADVANCED_FACE('',(#4484),#4474,.T.);
#4486=CARTESIAN_POINT('',(2.5755E1,1.585E0,-3.43E0));
#4487=DIRECTION('',(0.E0,1.E0,0.E0));
#4488=DIRECTION('',(-1.E0,0.E0,0.E0));
#4489=AXIS2_PLACEMENT_3D('',#4486,#4487,#4488);
#4490=PLANE('',#4489);
#4492=ORIENTED_EDGE('',*,*,#4491,.F.);
#4494=ORIENTED_EDGE('',*,*,#4493,.T.);
#4496=ORIENTED_EDGE('',*,*,#4495,.T.);
#4498=ORIENTED_EDGE('',*,*,#4497,.F.);
#4499=EDGE_LOOP('',(#4492,#4494,#4496,#4498));
#4500=FACE_OUTER_BOUND('',#4499,.F.);
#4502=ORIENTED_EDGE('',*,*,#4501,.T.);
#4504=ORIENTED_EDGE('',*,*,#4503,.T.);
#4506=ORIENTED_EDGE('',*,*,#4505,.T.);
#4508=ORIENTED_EDGE('',*,*,#4507,.T.);
#4509=EDGE_LOOP('',(#4502,#4504,#4506,#4508));
#4510=FACE_BOUND('',#4509,.F.);
#4511=ADVANCED_FACE('',(#4500,#4510),#4490,.T.);
#4512=CARTESIAN_POINT('',(2.5755E1,1.585E0,-3.43E0));
#4513=DIRECTION('',(0.E0,1.E0,0.E0));
#4514=DIRECTION('',(-1.E0,0.E0,0.E0));
#4515=AXIS2_PLACEMENT_3D('',#4512,#4513,#4514);
#4516=PLANE('',#4515);
#4518=ORIENTED_EDGE('',*,*,#4517,.F.);
#4520=ORIENTED_EDGE('',*,*,#4519,.F.);
#4522=ORIENTED_EDGE('',*,*,#4521,.T.);
#4524=ORIENTED_EDGE('',*,*,#4523,.T.);
#4525=EDGE_LOOP('',(#4518,#4520,#4522,#4524));
#4526=FACE_OUTER_BOUND('',#4525,.F.);
#4528=ORIENTED_EDGE('',*,*,#4527,.T.);
#4530=ORIENTED_EDGE('',*,*,#4529,.T.);
#4532=ORIENTED_EDGE('',*,*,#4531,.T.);
#4534=ORIENTED_EDGE('',*,*,#4533,.T.);
#4535=EDGE_LOOP('',(#4528,#4530,#4532,#4534));
#4536=FACE_BOUND('',#4535,.F.);
#4537=ADVANCED_FACE('',(#4526,#4536),#4516,.T.);
#4538=CARTESIAN_POINT('',(2.5755E1,1.585E0,-3.43E0));
#4539=DIRECTION('',(0.E0,1.E0,0.E0));
#4540=DIRECTION('',(-1.E0,0.E0,0.E0));
#4541=AXIS2_PLACEMENT_3D('',#4538,#4539,#4540);
#4542=PLANE('',#4541);
#4544=ORIENTED_EDGE('',*,*,#4543,.F.);
#4546=ORIENTED_EDGE('',*,*,#4545,.T.);
#4548=ORIENTED_EDGE('',*,*,#4547,.T.);
#4550=ORIENTED_EDGE('',*,*,#4549,.F.);
#4551=EDGE_LOOP('',(#4544,#4546,#4548,#4550));
#4552=FACE_OUTER_BOUND('',#4551,.F.);
#4554=ORIENTED_EDGE('',*,*,#4553,.T.);
#4556=ORIENTED_EDGE('',*,*,#4555,.T.);
#4558=ORIENTED_EDGE('',*,*,#4557,.T.);
#4560=ORIENTED_EDGE('',*,*,#4559,.T.);
#4561=EDGE_LOOP('',(#4554,#4556,#4558,#4560));
#4562=FACE_BOUND('',#4561,.F.);
#4563=ADVANCED_FACE('',(#4552,#4562),#4542,.T.);
#4564=CARTESIAN_POINT('',(2.5755E1,1.585E0,-3.43E0));
#4565=DIRECTION('',(0.E0,1.E0,0.E0));
#4566=DIRECTION('',(-1.E0,0.E0,0.E0));
#4567=AXIS2_PLACEMENT_3D('',#4564,#4565,#4566);
#4568=PLANE('',#4567);
#4570=ORIENTED_EDGE('',*,*,#4569,.F.);
#4572=ORIENTED_EDGE('',*,*,#4571,.T.);
#4574=ORIENTED_EDGE('',*,*,#4573,.T.);
#4576=ORIENTED_EDGE('',*,*,#4575,.F.);
#4577=EDGE_LOOP('',(#4570,#4572,#4574,#4576));
#4578=FACE_OUTER_BOUND('',#4577,.F.);
#4580=ORIENTED_EDGE('',*,*,#4579,.T.);
#4582=ORIENTED_EDGE('',*,*,#4581,.T.);
#4584=ORIENTED_EDGE('',*,*,#4583,.T.);
#4586=ORIENTED_EDGE('',*,*,#4585,.T.);
#4587=EDGE_LOOP('',(#4580,#4582,#4584,#4586));
#4588=FACE_BOUND('',#4587,.F.);
#4589=ADVANCED_FACE('',(#4578,#4588),#4568,.T.);
#4590=CARTESIAN_POINT('',(2.5755E1,1.585E0,-3.43E0));
#4591=DIRECTION('',(0.E0,1.E0,0.E0));
#4592=DIRECTION('',(-1.E0,0.E0,0.E0));
#4593=AXIS2_PLACEMENT_3D('',#4590,#4591,#4592);
#4594=PLANE('',#4593);
#4596=ORIENTED_EDGE('',*,*,#4595,.F.);
#4598=ORIENTED_EDGE('',*,*,#4597,.T.);
#4600=ORIENTED_EDGE('',*,*,#4599,.T.);
#4602=ORIENTED_EDGE('',*,*,#4601,.F.);
#4603=EDGE_LOOP('',(#4596,#4598,#4600,#4602));
#4604=FACE_OUTER_BOUND('',#4603,.F.);
#4606=ORIENTED_EDGE('',*,*,#4605,.T.);
#4608=ORIENTED_EDGE('',*,*,#4607,.T.);
#4610=ORIENTED_EDGE('',*,*,#4609,.T.);
#4612=ORIENTED_EDGE('',*,*,#4611,.T.);
#4613=EDGE_LOOP('',(#4606,#4608,#4610,#4612));
#4614=FACE_BOUND('',#4613,.F.);
#4615=ADVANCED_FACE('',(#4604,#4614),#4594,.T.);
#4616=CARTESIAN_POINT('',(2.5755E1,1.585E0,-3.43E0));
#4617=DIRECTION('',(0.E0,1.E0,0.E0));
#4618=DIRECTION('',(-1.E0,0.E0,0.E0));
#4619=AXIS2_PLACEMENT_3D('',#4616,#4617,#4618);
#4620=PLANE('',#4619);
#4622=ORIENTED_EDGE('',*,*,#4621,.F.);
#4624=ORIENTED_EDGE('',*,*,#4623,.F.);
#4626=ORIENTED_EDGE('',*,*,#4625,.T.);
#4628=ORIENTED_EDGE('',*,*,#4627,.T.);
#4629=EDGE_LOOP('',(#4622,#4624,#4626,#4628));
#4630=FACE_OUTER_BOUND('',#4629,.F.);
#4632=ORIENTED_EDGE('',*,*,#4631,.T.);
#4634=ORIENTED_EDGE('',*,*,#4633,.T.);
#4636=ORIENTED_EDGE('',*,*,#4635,.T.);
#4638=ORIENTED_EDGE('',*,*,#4637,.T.);
#4639=EDGE_LOOP('',(#4632,#4634,#4636,#4638));
#4640=FACE_BOUND('',#4639,.F.);
#4641=ADVANCED_FACE('',(#4630,#4640),#4620,.T.);
#4642=CARTESIAN_POINT('',(2.5755E1,1.585E0,-3.43E0));
#4643=DIRECTION('',(0.E0,1.E0,0.E0));
#4644=DIRECTION('',(-1.E0,0.E0,0.E0));
#4645=AXIS2_PLACEMENT_3D('',#4642,#4643,#4644);
#4646=PLANE('',#4645);
#4648=ORIENTED_EDGE('',*,*,#4647,.F.);
#4650=ORIENTED_EDGE('',*,*,#4649,.F.);
#4652=ORIENTED_EDGE('',*,*,#4651,.T.);
#4654=ORIENTED_EDGE('',*,*,#4653,.T.);
#4655=EDGE_LOOP('',(#4648,#4650,#4652,#4654));
#4656=FACE_OUTER_BOUND('',#4655,.F.);
#4658=ORIENTED_EDGE('',*,*,#4657,.T.);
#4660=ORIENTED_EDGE('',*,*,#4659,.T.);
#4662=ORIENTED_EDGE('',*,*,#4661,.T.);
#4664=ORIENTED_EDGE('',*,*,#4663,.T.);
#4665=EDGE_LOOP('',(#4658,#4660,#4662,#4664));
#4666=FACE_BOUND('',#4665,.F.);
#4667=ADVANCED_FACE('',(#4656,#4666),#4646,.T.);
#4668=CARTESIAN_POINT('',(2.5755E1,1.585E0,-3.43E0));
#4669=DIRECTION('',(0.E0,1.E0,0.E0));
#4670=DIRECTION('',(-1.E0,0.E0,0.E0));
#4671=AXIS2_PLACEMENT_3D('',#4668,#4669,#4670);
#4672=PLANE('',#4671);
#4674=ORIENTED_EDGE('',*,*,#4673,.F.);
#4676=ORIENTED_EDGE('',*,*,#4675,.F.);
#4678=ORIENTED_EDGE('',*,*,#4677,.T.);
#4680=ORIENTED_EDGE('',*,*,#4679,.T.);
#4681=EDGE_LOOP('',(#4674,#4676,#4678,#4680));
#4682=FACE_OUTER_BOUND('',#4681,.F.);
#4684=ORIENTED_EDGE('',*,*,#4683,.T.);
#4686=ORIENTED_EDGE('',*,*,#4685,.T.);
#4688=ORIENTED_EDGE('',*,*,#4687,.T.);
#4690=ORIENTED_EDGE('',*,*,#4689,.T.);
#4691=EDGE_LOOP('',(#4684,#4686,#4688,#4690));
#4692=FACE_BOUND('',#4691,.F.);
#4693=ADVANCED_FACE('',(#4682,#4692),#4672,.T.);
#4694=CARTESIAN_POINT('',(2.5755E1,1.585E0,-3.43E0));
#4695=DIRECTION('',(0.E0,1.E0,0.E0));
#4696=DIRECTION('',(-1.E0,0.E0,0.E0));
#4697=AXIS2_PLACEMENT_3D('',#4694,#4695,#4696);
#4698=PLANE('',#4697);
#4700=ORIENTED_EDGE('',*,*,#4699,.F.);
#4702=ORIENTED_EDGE('',*,*,#4701,.T.);
#4704=ORIENTED_EDGE('',*,*,#4703,.T.);
#4706=ORIENTED_EDGE('',*,*,#4705,.F.);
#4707=EDGE_LOOP('',(#4700,#4702,#4704,#4706));
#4708=FACE_OUTER_BOUND('',#4707,.F.);
#4710=ORIENTED_EDGE('',*,*,#4709,.T.);
#4712=ORIENTED_EDGE('',*,*,#4711,.T.);
#4714=ORIENTED_EDGE('',*,*,#4713,.T.);
#4716=ORIENTED_EDGE('',*,*,#4715,.T.);
#4717=EDGE_LOOP('',(#4710,#4712,#4714,#4716));
#4718=FACE_BOUND('',#4717,.F.);
#4719=ADVANCED_FACE('',(#4708,#4718),#4698,.T.);
#4720=CARTESIAN_POINT('',(2.5755E1,1.585E0,-3.43E0));
#4721=DIRECTION('',(0.E0,1.E0,0.E0));
#4722=DIRECTION('',(-1.E0,0.E0,0.E0));
#4723=AXIS2_PLACEMENT_3D('',#4720,#4721,#4722);
#4724=PLANE('',#4723);
#4726=ORIENTED_EDGE('',*,*,#4725,.F.);
#4728=ORIENTED_EDGE('',*,*,#4727,.T.);
#4729=ORIENTED_EDGE('',*,*,#4312,.T.);
#4731=ORIENTED_EDGE('',*,*,#4730,.F.);
#4733=ORIENTED_EDGE('',*,*,#4732,.F.);
#4735=ORIENTED_EDGE('',*,*,#4734,.T.);
#4737=ORIENTED_EDGE('',*,*,#4736,.T.);
#4739=ORIENTED_EDGE('',*,*,#4738,.F.);
#4740=EDGE_LOOP('',(#4726,#4728,#4729,#4731,#4733,#4735,#4737,#4739));
#4741=FACE_OUTER_BOUND('',#4740,.F.);
#4743=ORIENTED_EDGE('',*,*,#4742,.T.);
#4745=ORIENTED_EDGE('',*,*,#4744,.T.);
#4747=ORIENTED_EDGE('',*,*,#4746,.T.);
#4749=ORIENTED_EDGE('',*,*,#4748,.T.);
#4750=EDGE_LOOP('',(#4743,#4745,#4747,#4749));
#4751=FACE_BOUND('',#4750,.F.);
#4752=ADVANCED_FACE('',(#4741,#4751),#4724,.T.);
#4753=CARTESIAN_POINT('',(2.5755E1,1.585E0,-3.43E0));
#4754=DIRECTION('',(0.E0,1.E0,0.E0));
#4755=DIRECTION('',(-1.E0,0.E0,0.E0));
#4756=AXIS2_PLACEMENT_3D('',#4753,#4754,#4755);
#4757=PLANE('',#4756);
#4759=ORIENTED_EDGE('',*,*,#4758,.F.);
#4761=ORIENTED_EDGE('',*,*,#4760,.T.);
#4762=ORIENTED_EDGE('',*,*,#4304,.T.);
#4764=ORIENTED_EDGE('',*,*,#4763,.F.);
#4766=ORIENTED_EDGE('',*,*,#4765,.F.);
#4768=ORIENTED_EDGE('',*,*,#4767,.T.);
#4770=ORIENTED_EDGE('',*,*,#4769,.T.);
#4772=ORIENTED_EDGE('',*,*,#4771,.F.);
#4773=EDGE_LOOP('',(#4759,#4761,#4762,#4764,#4766,#4768,#4770,#4772));
#4774=FACE_OUTER_BOUND('',#4773,.F.);
#4776=ORIENTED_EDGE('',*,*,#4775,.T.);
#4778=ORIENTED_EDGE('',*,*,#4777,.T.);
#4780=ORIENTED_EDGE('',*,*,#4779,.T.);
#4782=ORIENTED_EDGE('',*,*,#4781,.T.);
#4783=EDGE_LOOP('',(#4776,#4778,#4780,#4782));
#4784=FACE_BOUND('',#4783,.F.);
#4785=ADVANCED_FACE('',(#4774,#4784),#4757,.T.);
#4786=CARTESIAN_POINT('',(2.5755E1,1.585E0,-3.43E0));
#4787=DIRECTION('',(0.E0,1.E0,0.E0));
#4788=DIRECTION('',(-1.E0,0.E0,0.E0));
#4789=AXIS2_PLACEMENT_3D('',#4786,#4787,#4788);
#4790=PLANE('',#4789);
#4792=ORIENTED_EDGE('',*,*,#4791,.F.);
#4793=ORIENTED_EDGE('',*,*,#4443,.T.);
#4794=ORIENTED_EDGE('',*,*,#4432,.T.);
#4796=ORIENTED_EDGE('',*,*,#4795,.F.);
#4798=ORIENTED_EDGE('',*,*,#4797,.F.);
#4800=ORIENTED_EDGE('',*,*,#4799,.T.);
#4802=ORIENTED_EDGE('',*,*,#4801,.T.);
#4804=ORIENTED_EDGE('',*,*,#4803,.F.);
#4805=EDGE_LOOP('',(#4792,#4793,#4794,#4796,#4798,#4800,#4802,#4804));
#4806=FACE_OUTER_BOUND('',#4805,.F.);
#4808=ORIENTED_EDGE('',*,*,#4807,.T.);
#4810=ORIENTED_EDGE('',*,*,#4809,.T.);
#4812=ORIENTED_EDGE('',*,*,#4811,.T.);
#4814=ORIENTED_EDGE('',*,*,#4813,.T.);
#4815=EDGE_LOOP('',(#4808,#4810,#4812,#4814));
#4816=FACE_BOUND('',#4815,.F.);
#4817=ADVANCED_FACE('',(#4806,#4816),#4790,.T.);
#4818=CARTESIAN_POINT('',(2.5755E1,6.876820693124E0,-2.45E0));
#4819=DIRECTION('',(0.E0,0.E0,1.E0));
#4820=DIRECTION('',(0.E0,-1.E0,0.E0));
#4821=AXIS2_PLACEMENT_3D('',#4818,#4819,#4820);
#4822=PLANE('',#4821);
#4824=ORIENTED_EDGE('',*,*,#4823,.T.);
#4825=ORIENTED_EDGE('',*,*,#4725,.T.);
#4827=ORIENTED_EDGE('',*,*,#4826,.F.);
#4829=ORIENTED_EDGE('',*,*,#4828,.F.);
#4831=ORIENTED_EDGE('',*,*,#4830,.F.);
#4832=ORIENTED_EDGE('',*,*,#4623,.T.);
#4834=ORIENTED_EDGE('',*,*,#4833,.F.);
#4836=ORIENTED_EDGE('',*,*,#4835,.F.);
#4838=ORIENTED_EDGE('',*,*,#4837,.F.);
#4839=ORIENTED_EDGE('',*,*,#4519,.T.);
#4841=ORIENTED_EDGE('',*,*,#4840,.F.);
#4843=ORIENTED_EDGE('',*,*,#4842,.F.);
#4845=ORIENTED_EDGE('',*,*,#4844,.F.);
#4846=ORIENTED_EDGE('',*,*,#4477,.T.);
#4848=ORIENTED_EDGE('',*,*,#4847,.F.);
#4850=ORIENTED_EDGE('',*,*,#4849,.T.);
#4851=EDGE_LOOP('',(#4824,#4825,#4827,#4829,#4831,#4832,#4834,#4836,#4838,#4839,
#4841,#4843,#4845,#4846,#4848,#4850));
#4852=FACE_OUTER_BOUND('',#4851,.F.);
#4853=ADVANCED_FACE('',(#4852),#4822,.T.);
#4854=CARTESIAN_POINT('',(2.5755E1,6.876820693124E0,-2.45E0));
#4855=DIRECTION('',(0.E0,0.E0,1.E0));
#4856=DIRECTION('',(0.E0,-1.E0,0.E0));
#4857=AXIS2_PLACEMENT_3D('',#4854,#4855,#4856);
#4858=PLANE('',#4857);
#4860=ORIENTED_EDGE('',*,*,#4859,.T.);
#4861=ORIENTED_EDGE('',*,*,#4758,.T.);
#4863=ORIENTED_EDGE('',*,*,#4862,.F.);
#4865=ORIENTED_EDGE('',*,*,#4864,.F.);
#4867=ORIENTED_EDGE('',*,*,#4866,.F.);
#4868=ORIENTED_EDGE('',*,*,#4675,.T.);
#4870=ORIENTED_EDGE('',*,*,#4869,.F.);
#4872=ORIENTED_EDGE('',*,*,#4871,.F.);
#4874=ORIENTED_EDGE('',*,*,#4873,.F.);
#4875=ORIENTED_EDGE('',*,*,#4649,.T.);
#4877=ORIENTED_EDGE('',*,*,#4876,.F.);
#4879=ORIENTED_EDGE('',*,*,#4878,.F.);
#4881=ORIENTED_EDGE('',*,*,#4880,.F.);
#4882=ORIENTED_EDGE('',*,*,#4732,.T.);
#4884=ORIENTED_EDGE('',*,*,#4883,.F.);
#4886=ORIENTED_EDGE('',*,*,#4885,.T.);
#4887=EDGE_LOOP('',(#4860,#4861,#4863,#4865,#4867,#4868,#4870,#4872,#4874,#4875,
#4877,#4879,#4881,#4882,#4884,#4886));
#4888=FACE_OUTER_BOUND('',#4887,.F.);
#4889=ADVANCED_FACE('',(#4888),#4858,.T.);
#4890=CARTESIAN_POINT('',(2.5755E1,6.876820693124E0,-2.45E0));
#4891=DIRECTION('',(0.E0,0.E0,1.E0));
#4892=DIRECTION('',(0.E0,-1.E0,0.E0));
#4893=AXIS2_PLACEMENT_3D('',#4890,#4891,#4892);
#4894=PLANE('',#4893);
#4895=ORIENTED_EDGE('',*,*,#4445,.T.);
#4896=ORIENTED_EDGE('',*,*,#4791,.T.);
#4898=ORIENTED_EDGE('',*,*,#4897,.F.);
#4900=ORIENTED_EDGE('',*,*,#4899,.F.);
#4902=ORIENTED_EDGE('',*,*,#4901,.F.);
#4903=ORIENTED_EDGE('',*,*,#4595,.T.);
#4905=ORIENTED_EDGE('',*,*,#4904,.F.);
#4907=ORIENTED_EDGE('',*,*,#4906,.F.);
#4909=ORIENTED_EDGE('',*,*,#4908,.F.);
#4910=ORIENTED_EDGE('',*,*,#4699,.T.);
#4912=ORIENTED_EDGE('',*,*,#4911,.F.);
#4914=ORIENTED_EDGE('',*,*,#4913,.F.);
#4916=ORIENTED_EDGE('',*,*,#4915,.F.);
#4917=ORIENTED_EDGE('',*,*,#4765,.T.);
#4919=ORIENTED_EDGE('',*,*,#4918,.F.);
#4921=ORIENTED_EDGE('',*,*,#4920,.T.);
#4922=EDGE_LOOP('',(#4895,#4896,#4898,#4900,#4902,#4903,#4905,#4907,#4909,#4910,
#4912,#4914,#4916,#4917,#4919,#4921));
#4923=FACE_OUTER_BOUND('',#4922,.F.);
#4924=ADVANCED_FACE('',(#4923),#4894,.T.);
#4925=CARTESIAN_POINT('',(2.5755E1,6.876820693124E0,-2.45E0));
#4926=DIRECTION('',(0.E0,0.E0,1.E0));
#4927=DIRECTION('',(0.E0,-1.E0,0.E0));
#4928=AXIS2_PLACEMENT_3D('',#4925,#4926,#4927);
#4929=PLANE('',#4928);
#4931=ORIENTED_EDGE('',*,*,#4930,.F.);
#4933=ORIENTED_EDGE('',*,*,#4932,.T.);
#4935=ORIENTED_EDGE('',*,*,#4934,.T.);
#4936=ORIENTED_EDGE('',*,*,#4459,.T.);
#4938=ORIENTED_EDGE('',*,*,#4937,.F.);
#4940=ORIENTED_EDGE('',*,*,#4939,.F.);
#4942=ORIENTED_EDGE('',*,*,#4941,.F.);
#4943=ORIENTED_EDGE('',*,*,#4491,.T.);
#4945=ORIENTED_EDGE('',*,*,#4944,.F.);
#4947=ORIENTED_EDGE('',*,*,#4946,.F.);
#4949=ORIENTED_EDGE('',*,*,#4948,.F.);
#4950=ORIENTED_EDGE('',*,*,#4543,.T.);
#4952=ORIENTED_EDGE('',*,*,#4951,.F.);
#4954=ORIENTED_EDGE('',*,*,#4953,.F.);
#4956=ORIENTED_EDGE('',*,*,#4955,.F.);
#4957=ORIENTED_EDGE('',*,*,#4569,.T.);
#4959=ORIENTED_EDGE('',*,*,#4958,.F.);
#4961=ORIENTED_EDGE('',*,*,#4960,.F.);
#4963=ORIENTED_EDGE('',*,*,#4962,.F.);
#4964=ORIENTED_EDGE('',*,*,#4797,.T.);
#4965=EDGE_LOOP('',(#4931,#4933,#4935,#4936,#4938,#4940,#4942,#4943,#4945,#4947,
#4949,#4950,#4952,#4954,#4956,#4957,#4959,#4961,#4963,#4964));
#4966=FACE_OUTER_BOUND('',#4965,.F.);
#4967=ADVANCED_FACE('',(#4966),#4929,.T.);
#4968=CARTESIAN_POINT('',(-1.4385E1,7.535E0,-2.45E0));
#4969=DIRECTION('',(-1.E0,0.E0,0.E0));
#4970=DIRECTION('',(0.E0,-1.E0,0.E0));
#4971=AXIS2_PLACEMENT_3D('',#4968,#4969,#4970);
#4972=PLANE('',#4971);
#4973=ORIENTED_EDGE('',*,*,#4314,.T.);
#4974=ORIENTED_EDGE('',*,*,#4727,.F.);
#4975=ORIENTED_EDGE('',*,*,#4823,.F.);
#4977=ORIENTED_EDGE('',*,*,#4976,.F.);
#4979=ORIENTED_EDGE('',*,*,#4978,.F.);
#4980=EDGE_LOOP('',(#4973,#4974,#4975,#4977,#4979));
#4981=FACE_OUTER_BOUND('',#4980,.F.);
#4982=ADVANCED_FACE('',(#4981),#4972,.F.);
#4983=CARTESIAN_POINT('',(2.5755E1,7.535E0,-2.83E0));
#4984=DIRECTION('',(0.E0,5.E-1,8.660254037844E-1));
#4985=DIRECTION('',(0.E0,-8.660254037844E-1,5.E-1));
#4986=AXIS2_PLACEMENT_3D('',#4983,#4984,#4985);
#4987=PLANE('',#4986);
#4988=ORIENTED_EDGE('',*,*,#4976,.T.);
#4989=ORIENTED_EDGE('',*,*,#4849,.F.);
#4991=ORIENTED_EDGE('',*,*,#4990,.T.);
#4993=ORIENTED_EDGE('',*,*,#4992,.T.);
#4994=EDGE_LOOP('',(#4988,#4989,#4991,#4993));
#4995=FACE_OUTER_BOUND('',#4994,.F.);
#4996=ADVANCED_FACE('',(#4995),#4987,.T.);
#4997=CARTESIAN_POINT('',(2.5755E1,7.535E0,-2.83E0));
#4998=DIRECTION('',(0.E0,5.E-1,8.660254037844E-1));
#4999=DIRECTION('',(0.E0,-8.660254037844E-1,5.E-1));
#5000=AXIS2_PLACEMENT_3D('',#4997,#4998,#4999);
#5001=PLANE('',#5000);
#5003=ORIENTED_EDGE('',*,*,#5002,.T.);
#5004=ORIENTED_EDGE('',*,*,#4885,.F.);
#5006=ORIENTED_EDGE('',*,*,#5005,.F.);
#5008=ORIENTED_EDGE('',*,*,#5007,.T.);
#5009=EDGE_LOOP('',(#5003,#5004,#5006,#5008));
#5010=FACE_OUTER_BOUND('',#5009,.F.);
#5011=ADVANCED_FACE('',(#5010),#5001,.T.);
#5012=CARTESIAN_POINT('',(2.5755E1,7.535E0,-2.83E0));
#5013=DIRECTION('',(0.E0,5.E-1,8.660254037844E-1));
#5014=DIRECTION('',(0.E0,-8.660254037844E-1,5.E-1));
#5015=AXIS2_PLACEMENT_3D('',#5012,#5013,#5014);
#5016=PLANE('',#5015);
#5017=ORIENTED_EDGE('',*,*,#4447,.T.);
#5018=ORIENTED_EDGE('',*,*,#4920,.F.);
#5020=ORIENTED_EDGE('',*,*,#5019,.F.);
#5022=ORIENTED_EDGE('',*,*,#5021,.T.);
#5023=EDGE_LOOP('',(#5017,#5018,#5020,#5022));
#5024=FACE_OUTER_BOUND('',#5023,.F.);
#5025=ADVANCED_FACE('',(#5024),#5016,.T.);
#5026=CARTESIAN_POINT('',(2.5755E1,7.535E0,-2.83E0));
#5027=DIRECTION('',(0.E0,5.E-1,8.660254037844E-1));
#5028=DIRECTION('',(0.E0,-8.660254037844E-1,5.E-1));
#5029=AXIS2_PLACEMENT_3D('',#5026,#5027,#5028);
#5030=PLANE('',#5029);
#5032=ORIENTED_EDGE('',*,*,#5031,.F.);
#5034=ORIENTED_EDGE('',*,*,#5033,.T.);
#5036=ORIENTED_EDGE('',*,*,#5035,.T.);
#5037=ORIENTED_EDGE('',*,*,#4932,.F.);
#5038=EDGE_LOOP('',(#5032,#5034,#5036,#5037));
#5039=FACE_OUTER_BOUND('',#5038,.F.);
#5040=ADVANCED_FACE('',(#5039),#5030,.T.);
#5041=CARTESIAN_POINT('',(-2.5755E1,1.585E0,-3.43E0));
#5042=DIRECTION('',(-1.E0,0.E0,0.E0));
#5043=DIRECTION('',(0.E0,-1.E0,0.E0));
#5044=AXIS2_PLACEMENT_3D('',#5041,#5042,#5043);
#5045=PLANE('',#5044);
#5046=ORIENTED_EDGE('',*,*,#4318,.T.);
#5048=ORIENTED_EDGE('',*,*,#5047,.F.);
#5049=ORIENTED_EDGE('',*,*,#4990,.F.);
#5050=ORIENTED_EDGE('',*,*,#4847,.T.);
#5051=ORIENTED_EDGE('',*,*,#4475,.T.);
#5053=ORIENTED_EDGE('',*,*,#5052,.T.);
#5055=ORIENTED_EDGE('',*,*,#5054,.F.);
#5056=EDGE_LOOP('',(#5046,#5048,#5049,#5050,#5051,#5053,#5055));
#5057=FACE_OUTER_BOUND('',#5056,.F.);
#5058=ADVANCED_FACE('',(#5057),#5045,.T.);
#5059=CARTESIAN_POINT('',(2.5755E1,7.535E0,-3.43E0));
#5060=DIRECTION('',(0.E0,1.E0,0.E0));
#5061=DIRECTION('',(0.E0,0.E0,1.E0));
#5062=AXIS2_PLACEMENT_3D('',#5059,#5060,#5061);
#5063=PLANE('',#5062);
#5064=ORIENTED_EDGE('',*,*,#4978,.T.);
#5065=ORIENTED_EDGE('',*,*,#4992,.F.);
#5066=ORIENTED_EDGE('',*,*,#5047,.T.);
#5067=ORIENTED_EDGE('',*,*,#4316,.T.);
#5068=EDGE_LOOP('',(#5064,#5065,#5066,#5067));
#5069=FACE_OUTER_BOUND('',#5068,.F.);
#5070=ADVANCED_FACE('',(#5069),#5063,.T.);
#5071=CARTESIAN_POINT('',(2.5755E1,7.535E0,-3.43E0));
#5072=DIRECTION('',(0.E0,1.E0,0.E0));
#5073=DIRECTION('',(0.E0,0.E0,1.E0));
#5074=AXIS2_PLACEMENT_3D('',#5071,#5072,#5073);
#5075=PLANE('',#5074);
#5077=ORIENTED_EDGE('',*,*,#5076,.T.);
#5078=ORIENTED_EDGE('',*,*,#5007,.F.);
#5080=ORIENTED_EDGE('',*,*,#5079,.F.);
#5081=ORIENTED_EDGE('',*,*,#4308,.T.);
#5082=EDGE_LOOP('',(#5077,#5078,#5080,#5081));
#5083=FACE_OUTER_BOUND('',#5082,.F.);
#5084=ADVANCED_FACE('',(#5083),#5075,.T.);
#5085=CARTESIAN_POINT('',(2.5755E1,7.535E0,-3.43E0));
#5086=DIRECTION('',(0.E0,1.E0,0.E0));
#5087=DIRECTION('',(0.E0,0.E0,1.E0));
#5088=AXIS2_PLACEMENT_3D('',#5085,#5086,#5087);
#5089=PLANE('',#5088);
#5090=ORIENTED_EDGE('',*,*,#4449,.T.);
#5091=ORIENTED_EDGE('',*,*,#5021,.F.);
#5093=ORIENTED_EDGE('',*,*,#5092,.F.);
#5094=ORIENTED_EDGE('',*,*,#4300,.T.);
#5095=EDGE_LOOP('',(#5090,#5091,#5093,#5094));
#5096=FACE_OUTER_BOUND('',#5095,.F.);
#5097=ADVANCED_FACE('',(#5096),#5089,.T.);
#5098=CARTESIAN_POINT('',(2.5755E1,7.535E0,-3.43E0));
#5099=DIRECTION('',(0.E0,1.E0,0.E0));
#5100=DIRECTION('',(0.E0,0.E0,1.E0));
#5101=AXIS2_PLACEMENT_3D('',#5098,#5099,#5100);
#5102=PLANE('',#5101);
#5104=ORIENTED_EDGE('',*,*,#5103,.F.);
#5105=ORIENTED_EDGE('',*,*,#4428,.T.);
#5107=ORIENTED_EDGE('',*,*,#5106,.T.);
#5108=ORIENTED_EDGE('',*,*,#5033,.F.);
#5109=EDGE_LOOP('',(#5104,#5105,#5107,#5108));
#5110=FACE_OUTER_BOUND('',#5109,.F.);
#5111=ADVANCED_FACE('',(#5110),#5102,.T.);
#5112=CARTESIAN_POINT('',(-2.505E0,7.535E0,-2.45E0));
#5113=DIRECTION('',(-1.E0,0.E0,0.E0));
#5114=DIRECTION('',(0.E0,-1.E0,0.E0));
#5115=AXIS2_PLACEMENT_3D('',#5112,#5113,#5114);
#5116=PLANE('',#5115);
#5117=ORIENTED_EDGE('',*,*,#4306,.T.);
#5118=ORIENTED_EDGE('',*,*,#4760,.F.);
#5119=ORIENTED_EDGE('',*,*,#4859,.F.);
#5120=ORIENTED_EDGE('',*,*,#5002,.F.);
#5121=ORIENTED_EDGE('',*,*,#5076,.F.);
#5122=EDGE_LOOP('',(#5117,#5118,#5119,#5120,#5121));
#5123=FACE_OUTER_BOUND('',#5122,.F.);
#5124=ADVANCED_FACE('',(#5123),#5116,.F.);
#5125=CARTESIAN_POINT('',(-1.3365E1,1.585E0,-2.45E0));
#5126=DIRECTION('',(1.E0,0.E0,0.E0));
#5127=DIRECTION('',(0.E0,1.E0,0.E0));
#5128=AXIS2_PLACEMENT_3D('',#5125,#5126,#5127);
#5129=PLANE('',#5128);
#5130=ORIENTED_EDGE('',*,*,#4310,.F.);
#5131=ORIENTED_EDGE('',*,*,#5079,.T.);
#5132=ORIENTED_EDGE('',*,*,#5005,.T.);
#5133=ORIENTED_EDGE('',*,*,#4883,.T.);
#5134=ORIENTED_EDGE('',*,*,#4730,.T.);
#5135=EDGE_LOOP('',(#5130,#5131,#5132,#5133,#5134));
#5136=FACE_OUTER_BOUND('',#5135,.F.);
#5137=ADVANCED_FACE('',(#5136),#5129,.F.);
#5138=CARTESIAN_POINT('',(-1.485E0,1.585E0,-2.45E0));
#5139=DIRECTION('',(1.E0,0.E0,0.E0));
#5140=DIRECTION('',(0.E0,1.E0,0.E0));
#5141=AXIS2_PLACEMENT_3D('',#5138,#5139,#5140);
#5142=PLANE('',#5141);
#5143=ORIENTED_EDGE('',*,*,#4302,.F.);
#5144=ORIENTED_EDGE('',*,*,#5092,.T.);
#5145=ORIENTED_EDGE('',*,*,#5019,.T.);
#5146=ORIENTED_EDGE('',*,*,#4918,.T.);
#5147=ORIENTED_EDGE('',*,*,#4763,.T.);
#5148=EDGE_LOOP('',(#5143,#5144,#5145,#5146,#5147));
#5149=FACE_OUTER_BOUND('',#5148,.F.);
#5150=ADVANCED_FACE('',(#5149),#5142,.F.);
#5151=CARTESIAN_POINT('',(1.0395E1,1.585E0,-2.45E0));
#5152=DIRECTION('',(1.E0,0.E0,0.E0));
#5153=DIRECTION('',(0.E0,1.E0,0.E0));
#5154=AXIS2_PLACEMENT_3D('',#5151,#5152,#5153);
#5155=PLANE('',#5154);
#5156=ORIENTED_EDGE('',*,*,#4430,.F.);
#5157=ORIENTED_EDGE('',*,*,#5103,.T.);
#5158=ORIENTED_EDGE('',*,*,#5031,.T.);
#5159=ORIENTED_EDGE('',*,*,#4930,.T.);
#5160=ORIENTED_EDGE('',*,*,#4795,.T.);
#5161=EDGE_LOOP('',(#5156,#5157,#5158,#5159,#5160));
#5162=FACE_OUTER_BOUND('',#5161,.F.);
#5163=ADVANCED_FACE('',(#5162),#5155,.F.);
#5164=CARTESIAN_POINT('',(2.5755E1,-1.585E0,-3.43E0));
#5165=DIRECTION('',(1.E0,0.E0,0.E0));
#5166=DIRECTION('',(0.E0,1.E0,0.E0));
#5167=AXIS2_PLACEMENT_3D('',#5164,#5165,#5166);
#5168=PLANE('',#5167);
#5169=ORIENTED_EDGE('',*,*,#4461,.F.);
#5170=ORIENTED_EDGE('',*,*,#4934,.F.);
#5171=ORIENTED_EDGE('',*,*,#5035,.F.);
#5172=ORIENTED_EDGE('',*,*,#5106,.F.);
#5173=ORIENTED_EDGE('',*,*,#4426,.F.);
#5175=ORIENTED_EDGE('',*,*,#5174,.T.);
#5177=ORIENTED_EDGE('',*,*,#5176,.T.);
#5178=EDGE_LOOP('',(#5169,#5170,#5171,#5172,#5173,#5175,#5177));
#5179=FACE_OUTER_BOUND('',#5178,.F.);
#5180=ADVANCED_FACE('',(#5179),#5168,.T.);
#5181=CARTESIAN_POINT('',(-2.5755E1,-1.585E0,-3.43E0));
#5182=DIRECTION('',(0.E0,-1.E0,0.E0));
#5183=DIRECTION('',(1.E0,0.E0,0.E0));
#5184=AXIS2_PLACEMENT_3D('',#5181,#5182,#5183);
#5185=PLANE('',#5184);
#5187=ORIENTED_EDGE('',*,*,#5186,.F.);
#5188=ORIENTED_EDGE('',*,*,#4320,.F.);
#5189=ORIENTED_EDGE('',*,*,#5054,.T.);
#5191=ORIENTED_EDGE('',*,*,#5190,.T.);
#5192=EDGE_LOOP('',(#5187,#5188,#5189,#5191));
#5193=FACE_OUTER_BOUND('',#5192,.F.);
#5194=ADVANCED_FACE('',(#5193),#5185,.T.);
#5195=CARTESIAN_POINT('',(-2.5755E1,-1.585E0,-3.43E0));
#5196=DIRECTION('',(0.E0,-1.E0,0.E0));
#5197=DIRECTION('',(1.E0,0.E0,0.E0));
#5198=AXIS2_PLACEMENT_3D('',#5195,#5196,#5197);
#5199=PLANE('',#5198);
#5201=ORIENTED_EDGE('',*,*,#5200,.F.);
#5202=ORIENTED_EDGE('',*,*,#4328,.F.);
#5204=ORIENTED_EDGE('',*,*,#5203,.T.);
#5206=ORIENTED_EDGE('',*,*,#5205,.T.);
#5207=EDGE_LOOP('',(#5201,#5202,#5204,#5206));
#5208=FACE_OUTER_BOUND('',#5207,.F.);
#5210=ORIENTED_EDGE('',*,*,#5209,.F.);
#5212=ORIENTED_EDGE('',*,*,#5211,.F.);
#5214=ORIENTED_EDGE('',*,*,#5213,.F.);
#5216=ORIENTED_EDGE('',*,*,#5215,.F.);
#5217=EDGE_LOOP('',(#5210,#5212,#5214,#5216));
#5218=FACE_BOUND('',#5217,.F.);
#5219=ADVANCED_FACE('',(#5208,#5218),#5199,.T.);
#5220=CARTESIAN_POINT('',(-2.5755E1,-1.585E0,-3.43E0));
#5221=DIRECTION('',(0.E0,-1.E0,0.E0));
#5222=DIRECTION('',(1.E0,0.E0,0.E0));
#5223=AXIS2_PLACEMENT_3D('',#5220,#5221,#5222);
#5224=PLANE('',#5223);
#5226=ORIENTED_EDGE('',*,*,#5225,.F.);
#5227=ORIENTED_EDGE('',*,*,#4336,.F.);
#5229=ORIENTED_EDGE('',*,*,#5228,.T.);
#5231=ORIENTED_EDGE('',*,*,#5230,.T.);
#5232=EDGE_LOOP('',(#5226,#5227,#5229,#5231));
#5233=FACE_OUTER_BOUND('',#5232,.F.);
#5235=ORIENTED_EDGE('',*,*,#5234,.F.);
#5237=ORIENTED_EDGE('',*,*,#5236,.F.);
#5239=ORIENTED_EDGE('',*,*,#5238,.F.);
#5241=ORIENTED_EDGE('',*,*,#5240,.F.);
#5242=EDGE_LOOP('',(#5235,#5237,#5239,#5241));
#5243=FACE_BOUND('',#5242,.F.);
#5244=ADVANCED_FACE('',(#5233,#5243),#5224,.T.);
#5245=CARTESIAN_POINT('',(-2.5755E1,-1.585E0,-3.43E0));
#5246=DIRECTION('',(0.E0,-1.E0,0.E0));
#5247=DIRECTION('',(1.E0,0.E0,0.E0));
#5248=AXIS2_PLACEMENT_3D('',#5245,#5246,#5247);
#5249=PLANE('',#5248);
#5251=ORIENTED_EDGE('',*,*,#5250,.F.);
#5252=ORIENTED_EDGE('',*,*,#4344,.F.);
#5254=ORIENTED_EDGE('',*,*,#5253,.T.);
#5256=ORIENTED_EDGE('',*,*,#5255,.T.);
#5257=EDGE_LOOP('',(#5251,#5252,#5254,#5256));
#5258=FACE_OUTER_BOUND('',#5257,.F.);
#5260=ORIENTED_EDGE('',*,*,#5259,.F.);
#5262=ORIENTED_EDGE('',*,*,#5261,.F.);
#5264=ORIENTED_EDGE('',*,*,#5263,.F.);
#5266=ORIENTED_EDGE('',*,*,#5265,.F.);
#5267=EDGE_LOOP('',(#5260,#5262,#5264,#5266));
#5268=FACE_BOUND('',#5267,.F.);
#5269=ADVANCED_FACE('',(#5258,#5268),#5249,.T.);
#5270=CARTESIAN_POINT('',(-2.5755E1,-1.585E0,-3.43E0));
#5271=DIRECTION('',(0.E0,-1.E0,0.E0));
#5272=DIRECTION('',(1.E0,0.E0,0.E0));
#5273=AXIS2_PLACEMENT_3D('',#5270,#5271,#5272);
#5274=PLANE('',#5273);
#5276=ORIENTED_EDGE('',*,*,#5275,.F.);
#5277=ORIENTED_EDGE('',*,*,#4352,.F.);
#5279=ORIENTED_EDGE('',*,*,#5278,.T.);
#5281=ORIENTED_EDGE('',*,*,#5280,.T.);
#5282=EDGE_LOOP('',(#5276,#5277,#5279,#5281));
#5283=FACE_OUTER_BOUND('',#5282,.F.);
#5285=ORIENTED_EDGE('',*,*,#5284,.F.);
#5287=ORIENTED_EDGE('',*,*,#5286,.F.);
#5289=ORIENTED_EDGE('',*,*,#5288,.F.);
#5291=ORIENTED_EDGE('',*,*,#5290,.F.);
#5292=EDGE_LOOP('',(#5285,#5287,#5289,#5291));
#5293=FACE_BOUND('',#5292,.F.);
#5294=ADVANCED_FACE('',(#5283,#5293),#5274,.T.);
#5295=CARTESIAN_POINT('',(-2.5755E1,-1.585E0,-3.43E0));
#5296=DIRECTION('',(0.E0,-1.E0,0.E0));
#5297=DIRECTION('',(1.E0,0.E0,0.E0));
#5298=AXIS2_PLACEMENT_3D('',#5295,#5296,#5297);
#5299=PLANE('',#5298);
#5301=ORIENTED_EDGE('',*,*,#5300,.F.);
#5302=ORIENTED_EDGE('',*,*,#4360,.F.);
#5304=ORIENTED_EDGE('',*,*,#5303,.T.);
#5306=ORIENTED_EDGE('',*,*,#5305,.T.);
#5307=EDGE_LOOP('',(#5301,#5302,#5304,#5306));
#5308=FACE_OUTER_BOUND('',#5307,.F.);
#5310=ORIENTED_EDGE('',*,*,#5309,.F.);
#5312=ORIENTED_EDGE('',*,*,#5311,.F.);
#5314=ORIENTED_EDGE('',*,*,#5313,.F.);
#5316=ORIENTED_EDGE('',*,*,#5315,.F.);
#5317=EDGE_LOOP('',(#5310,#5312,#5314,#5316));
#5318=FACE_BOUND('',#5317,.F.);
#5319=ADVANCED_FACE('',(#5308,#5318),#5299,.T.);
#5320=CARTESIAN_POINT('',(-2.5755E1,-1.585E0,-3.43E0));
#5321=DIRECTION('',(0.E0,-1.E0,0.E0));
#5322=DIRECTION('',(1.E0,0.E0,0.E0));
#5323=AXIS2_PLACEMENT_3D('',#5320,#5321,#5322);
#5324=PLANE('',#5323);
#5326=ORIENTED_EDGE('',*,*,#5325,.F.);
#5327=ORIENTED_EDGE('',*,*,#4368,.F.);
#5329=ORIENTED_EDGE('',*,*,#5328,.T.);
#5331=ORIENTED_EDGE('',*,*,#5330,.T.);
#5332=EDGE_LOOP('',(#5326,#5327,#5329,#5331));
#5333=FACE_OUTER_BOUND('',#5332,.F.);
#5335=ORIENTED_EDGE('',*,*,#5334,.F.);
#5337=ORIENTED_EDGE('',*,*,#5336,.F.);
#5339=ORIENTED_EDGE('',*,*,#5338,.F.);
#5341=ORIENTED_EDGE('',*,*,#5340,.F.);
#5342=EDGE_LOOP('',(#5335,#5337,#5339,#5341));
#5343=FACE_BOUND('',#5342,.F.);
#5344=ADVANCED_FACE('',(#5333,#5343),#5324,.T.);
#5345=CARTESIAN_POINT('',(-2.5755E1,-1.585E0,-3.43E0));
#5346=DIRECTION('',(0.E0,-1.E0,0.E0));
#5347=DIRECTION('',(1.E0,0.E0,0.E0));
#5348=AXIS2_PLACEMENT_3D('',#5345,#5346,#5347);
#5349=PLANE('',#5348);
#5351=ORIENTED_EDGE('',*,*,#5350,.F.);
#5352=ORIENTED_EDGE('',*,*,#4376,.F.);
#5354=ORIENTED_EDGE('',*,*,#5353,.T.);
#5356=ORIENTED_EDGE('',*,*,#5355,.T.);
#5357=EDGE_LOOP('',(#5351,#5352,#5354,#5356));
#5358=FACE_OUTER_BOUND('',#5357,.F.);
#5360=ORIENTED_EDGE('',*,*,#5359,.F.);
#5362=ORIENTED_EDGE('',*,*,#5361,.F.);
#5364=ORIENTED_EDGE('',*,*,#5363,.F.);
#5366=ORIENTED_EDGE('',*,*,#5365,.F.);
#5367=EDGE_LOOP('',(#5360,#5362,#5364,#5366));
#5368=FACE_BOUND('',#5367,.F.);
#5369=ADVANCED_FACE('',(#5358,#5368),#5349,.T.);
#5370=CARTESIAN_POINT('',(-2.5755E1,-1.585E0,-3.43E0));
#5371=DIRECTION('',(0.E0,-1.E0,0.E0));
#5372=DIRECTION('',(1.E0,0.E0,0.E0));
#5373=AXIS2_PLACEMENT_3D('',#5370,#5371,#5372);
#5374=PLANE('',#5373);
#5376=ORIENTED_EDGE('',*,*,#5375,.F.);
#5377=ORIENTED_EDGE('',*,*,#4384,.F.);
#5379=ORIENTED_EDGE('',*,*,#5378,.T.);
#5381=ORIENTED_EDGE('',*,*,#5380,.T.);
#5382=EDGE_LOOP('',(#5376,#5377,#5379,#5381));
#5383=FACE_OUTER_BOUND('',#5382,.F.);
#5385=ORIENTED_EDGE('',*,*,#5384,.F.);
#5387=ORIENTED_EDGE('',*,*,#5386,.F.);
#5389=ORIENTED_EDGE('',*,*,#5388,.F.);
#5391=ORIENTED_EDGE('',*,*,#5390,.F.);
#5392=EDGE_LOOP('',(#5385,#5387,#5389,#5391));
#5393=FACE_BOUND('',#5392,.F.);
#5394=ADVANCED_FACE('',(#5383,#5393),#5374,.T.);
#5395=CARTESIAN_POINT('',(-2.5755E1,-1.585E0,-3.43E0));
#5396=DIRECTION('',(0.E0,-1.E0,0.E0));
#5397=DIRECTION('',(1.E0,0.E0,0.E0));
#5398=AXIS2_PLACEMENT_3D('',#5395,#5396,#5397);
#5399=PLANE('',#5398);
#5401=ORIENTED_EDGE('',*,*,#5400,.F.);
#5402=ORIENTED_EDGE('',*,*,#4392,.F.);
#5404=ORIENTED_EDGE('',*,*,#5403,.T.);
#5406=ORIENTED_EDGE('',*,*,#5405,.T.);
#5407=EDGE_LOOP('',(#5401,#5402,#5404,#5406));
#5408=FACE_OUTER_BOUND('',#5407,.F.);
#5410=ORIENTED_EDGE('',*,*,#5409,.F.);
#5412=ORIENTED_EDGE('',*,*,#5411,.F.);
#5414=ORIENTED_EDGE('',*,*,#5413,.F.);
#5416=ORIENTED_EDGE('',*,*,#5415,.F.);
#5417=EDGE_LOOP('',(#5410,#5412,#5414,#5416));
#5418=FACE_BOUND('',#5417,.F.);
#5419=ADVANCED_FACE('',(#5408,#5418),#5399,.T.);
#5420=CARTESIAN_POINT('',(-2.5755E1,-1.585E0,-3.43E0));
#5421=DIRECTION('',(0.E0,-1.E0,0.E0));
#5422=DIRECTION('',(1.E0,0.E0,0.E0));
#5423=AXIS2_PLACEMENT_3D('',#5420,#5421,#5422);
#5424=PLANE('',#5423);
#5426=ORIENTED_EDGE('',*,*,#5425,.F.);
#5427=ORIENTED_EDGE('',*,*,#4400,.F.);
#5429=ORIENTED_EDGE('',*,*,#5428,.T.);
#5431=ORIENTED_EDGE('',*,*,#5430,.T.);
#5432=EDGE_LOOP('',(#5426,#5427,#5429,#5431));
#5433=FACE_OUTER_BOUND('',#5432,.F.);
#5435=ORIENTED_EDGE('',*,*,#5434,.F.);
#5437=ORIENTED_EDGE('',*,*,#5436,.F.);
#5439=ORIENTED_EDGE('',*,*,#5438,.F.);
#5441=ORIENTED_EDGE('',*,*,#5440,.F.);
#5442=EDGE_LOOP('',(#5435,#5437,#5439,#5441));
#5443=FACE_BOUND('',#5442,.F.);
#5444=ADVANCED_FACE('',(#5433,#5443),#5424,.T.);
#5445=CARTESIAN_POINT('',(-2.5755E1,-1.585E0,-3.43E0));
#5446=DIRECTION('',(0.E0,-1.E0,0.E0));
#5447=DIRECTION('',(1.E0,0.E0,0.E0));
#5448=AXIS2_PLACEMENT_3D('',#5445,#5446,#5447);
#5449=PLANE('',#5448);
#5451=ORIENTED_EDGE('',*,*,#5450,.F.);
#5452=ORIENTED_EDGE('',*,*,#4408,.F.);
#5454=ORIENTED_EDGE('',*,*,#5453,.T.);
#5456=ORIENTED_EDGE('',*,*,#5455,.T.);
#5457=EDGE_LOOP('',(#5451,#5452,#5454,#5456));
#5458=FACE_OUTER_BOUND('',#5457,.F.);
#5460=ORIENTED_EDGE('',*,*,#5459,.F.);
#5462=ORIENTED_EDGE('',*,*,#5461,.F.);
#5464=ORIENTED_EDGE('',*,*,#5463,.F.);
#5466=ORIENTED_EDGE('',*,*,#5465,.F.);
#5467=EDGE_LOOP('',(#5460,#5462,#5464,#5466));
#5468=FACE_BOUND('',#5467,.F.);
#5469=ADVANCED_FACE('',(#5458,#5468),#5449,.T.);
#5470=CARTESIAN_POINT('',(-2.5755E1,-1.585E0,-3.43E0));
#5471=DIRECTION('',(0.E0,-1.E0,0.E0));
#5472=DIRECTION('',(1.E0,0.E0,0.E0));
#5473=AXIS2_PLACEMENT_3D('',#5470,#5471,#5472);
#5474=PLANE('',#5473);
#5476=ORIENTED_EDGE('',*,*,#5475,.T.);
#5478=ORIENTED_EDGE('',*,*,#5477,.T.);
#5479=ORIENTED_EDGE('',*,*,#5174,.F.);
#5480=ORIENTED_EDGE('',*,*,#4424,.F.);
#5481=EDGE_LOOP('',(#5476,#5478,#5479,#5480));
#5482=FACE_OUTER_BOUND('',#5481,.F.);
#5483=ADVANCED_FACE('',(#5482),#5474,.T.);
#5484=CARTESIAN_POINT('',(-2.5755E1,-1.585E0,-3.43E0));
#5485=DIRECTION('',(0.E0,-1.E0,0.E0));
#5486=DIRECTION('',(1.E0,0.E0,0.E0));
#5487=AXIS2_PLACEMENT_3D('',#5484,#5485,#5486);
#5488=PLANE('',#5487);
#5490=ORIENTED_EDGE('',*,*,#5489,.F.);
#5491=ORIENTED_EDGE('',*,*,#4416,.F.);
#5493=ORIENTED_EDGE('',*,*,#5492,.T.);
#5495=ORIENTED_EDGE('',*,*,#5494,.T.);
#5496=EDGE_LOOP('',(#5490,#5491,#5493,#5495));
#5497=FACE_OUTER_BOUND('',#5496,.F.);
#5499=ORIENTED_EDGE('',*,*,#5498,.F.);
#5501=ORIENTED_EDGE('',*,*,#5500,.F.);
#5503=ORIENTED_EDGE('',*,*,#5502,.F.);
#5505=ORIENTED_EDGE('',*,*,#5504,.F.);
#5506=EDGE_LOOP('',(#5499,#5501,#5503,#5505));
#5507=FACE_BOUND('',#5506,.F.);
#5508=ADVANCED_FACE('',(#5497,#5507),#5488,.T.);
#5509=CARTESIAN_POINT('',(-2.4865E1,-1.205E0,3.47E0));
#5510=DIRECTION('',(-1.E0,0.E0,0.E0));
#5511=DIRECTION('',(0.E0,-1.E0,0.E0));
#5512=AXIS2_PLACEMENT_3D('',#5509,#5510,#5511);
#5513=PLANE('',#5512);
#5514=ORIENTED_EDGE('',*,*,#4322,.F.);
#5515=ORIENTED_EDGE('',*,*,#5186,.T.);
#5517=ORIENTED_EDGE('',*,*,#5516,.T.);
#5519=ORIENTED_EDGE('',*,*,#5518,.T.);
#5520=EDGE_LOOP('',(#5514,#5515,#5517,#5519));
#5521=FACE_OUTER_BOUND('',#5520,.F.);
#5522=ADVANCED_FACE('',(#5521),#5513,.F.);
#5523=CARTESIAN_POINT('',(0.E0,0.E0,3.47E0));
#5524=DIRECTION('',(0.E0,0.E0,1.E0));
#5525=DIRECTION('',(1.E0,0.E0,0.E0));
#5526=AXIS2_PLACEMENT_3D('',#5523,#5524,#5525);
#5527=PLANE('',#5526);
#5529=ORIENTED_EDGE('',*,*,#5528,.T.);
#5531=ORIENTED_EDGE('',*,*,#5530,.T.);
#5533=ORIENTED_EDGE('',*,*,#5532,.F.);
#5534=ORIENTED_EDGE('',*,*,#4463,.F.);
#5535=ORIENTED_EDGE('',*,*,#5176,.F.);
#5536=ORIENTED_EDGE('',*,*,#5477,.F.);
#5538=ORIENTED_EDGE('',*,*,#5537,.T.);
#5540=ORIENTED_EDGE('',*,*,#5539,.T.);
#5542=ORIENTED_EDGE('',*,*,#5541,.F.);
#5543=ORIENTED_EDGE('',*,*,#5494,.F.);
#5545=ORIENTED_EDGE('',*,*,#5544,.T.);
#5547=ORIENTED_EDGE('',*,*,#5546,.T.);
#5549=ORIENTED_EDGE('',*,*,#5548,.F.);
#5550=ORIENTED_EDGE('',*,*,#5455,.F.);
#5552=ORIENTED_EDGE('',*,*,#5551,.T.);
#5554=ORIENTED_EDGE('',*,*,#5553,.T.);
#5556=ORIENTED_EDGE('',*,*,#5555,.F.);
#5557=ORIENTED_EDGE('',*,*,#5430,.F.);
#5559=ORIENTED_EDGE('',*,*,#5558,.T.);
#5561=ORIENTED_EDGE('',*,*,#5560,.T.);
#5563=ORIENTED_EDGE('',*,*,#5562,.F.);
#5564=ORIENTED_EDGE('',*,*,#5405,.F.);
#5566=ORIENTED_EDGE('',*,*,#5565,.T.);
#5568=ORIENTED_EDGE('',*,*,#5567,.T.);
#5570=ORIENTED_EDGE('',*,*,#5569,.F.);
#5571=ORIENTED_EDGE('',*,*,#5380,.F.);
#5573=ORIENTED_EDGE('',*,*,#5572,.T.);
#5575=ORIENTED_EDGE('',*,*,#5574,.T.);
#5577=ORIENTED_EDGE('',*,*,#5576,.F.);
#5578=ORIENTED_EDGE('',*,*,#5355,.F.);
#5580=ORIENTED_EDGE('',*,*,#5579,.T.);
#5582=ORIENTED_EDGE('',*,*,#5581,.T.);
#5584=ORIENTED_EDGE('',*,*,#5583,.F.);
#5585=ORIENTED_EDGE('',*,*,#5330,.F.);
#5587=ORIENTED_EDGE('',*,*,#5586,.T.);
#5589=ORIENTED_EDGE('',*,*,#5588,.T.);
#5591=ORIENTED_EDGE('',*,*,#5590,.F.);
#5592=ORIENTED_EDGE('',*,*,#5305,.F.);
#5594=ORIENTED_EDGE('',*,*,#5593,.T.);
#5596=ORIENTED_EDGE('',*,*,#5595,.T.);
#5598=ORIENTED_EDGE('',*,*,#5597,.F.);
#5599=ORIENTED_EDGE('',*,*,#5280,.F.);
#5601=ORIENTED_EDGE('',*,*,#5600,.T.);
#5603=ORIENTED_EDGE('',*,*,#5602,.T.);
#5605=ORIENTED_EDGE('',*,*,#5604,.F.);
#5606=ORIENTED_EDGE('',*,*,#5255,.F.);
#5608=ORIENTED_EDGE('',*,*,#5607,.T.);
#5610=ORIENTED_EDGE('',*,*,#5609,.T.);
#5612=ORIENTED_EDGE('',*,*,#5611,.F.);
#5613=ORIENTED_EDGE('',*,*,#5230,.F.);
#5615=ORIENTED_EDGE('',*,*,#5614,.T.);
#5617=ORIENTED_EDGE('',*,*,#5616,.T.);
#5619=ORIENTED_EDGE('',*,*,#5618,.F.);
#5620=ORIENTED_EDGE('',*,*,#5205,.F.);
#5622=ORIENTED_EDGE('',*,*,#5621,.T.);
#5624=ORIENTED_EDGE('',*,*,#5623,.T.);
#5625=ORIENTED_EDGE('',*,*,#5516,.F.);
#5626=ORIENTED_EDGE('',*,*,#5190,.F.);
#5627=ORIENTED_EDGE('',*,*,#5052,.F.);
#5628=ORIENTED_EDGE('',*,*,#4481,.F.);
#5630=ORIENTED_EDGE('',*,*,#5629,.T.);
#5632=ORIENTED_EDGE('',*,*,#5631,.T.);
#5634=ORIENTED_EDGE('',*,*,#5633,.F.);
#5635=ORIENTED_EDGE('',*,*,#4523,.F.);
#5637=ORIENTED_EDGE('',*,*,#5636,.T.);
#5639=ORIENTED_EDGE('',*,*,#5638,.T.);
#5641=ORIENTED_EDGE('',*,*,#5640,.F.);
#5642=ORIENTED_EDGE('',*,*,#4627,.F.);
#5644=ORIENTED_EDGE('',*,*,#5643,.T.);
#5646=ORIENTED_EDGE('',*,*,#5645,.T.);
#5648=ORIENTED_EDGE('',*,*,#5647,.F.);
#5649=ORIENTED_EDGE('',*,*,#4736,.F.);
#5651=ORIENTED_EDGE('',*,*,#5650,.T.);
#5653=ORIENTED_EDGE('',*,*,#5652,.T.);
#5655=ORIENTED_EDGE('',*,*,#5654,.F.);
#5656=ORIENTED_EDGE('',*,*,#4653,.F.);
#5658=ORIENTED_EDGE('',*,*,#5657,.T.);
#5660=ORIENTED_EDGE('',*,*,#5659,.T.);
#5662=ORIENTED_EDGE('',*,*,#5661,.F.);
#5663=ORIENTED_EDGE('',*,*,#4679,.F.);
#5665=ORIENTED_EDGE('',*,*,#5664,.T.);
#5667=ORIENTED_EDGE('',*,*,#5666,.T.);
#5669=ORIENTED_EDGE('',*,*,#5668,.F.);
#5670=ORIENTED_EDGE('',*,*,#4769,.F.);
#5672=ORIENTED_EDGE('',*,*,#5671,.T.);
#5674=ORIENTED_EDGE('',*,*,#5673,.T.);
#5676=ORIENTED_EDGE('',*,*,#5675,.F.);
#5677=ORIENTED_EDGE('',*,*,#4703,.F.);
#5679=ORIENTED_EDGE('',*,*,#5678,.T.);
#5681=ORIENTED_EDGE('',*,*,#5680,.T.);
#5683=ORIENTED_EDGE('',*,*,#5682,.F.);
#5684=ORIENTED_EDGE('',*,*,#4599,.F.);
#5686=ORIENTED_EDGE('',*,*,#5685,.T.);
#5688=ORIENTED_EDGE('',*,*,#5687,.T.);
#5690=ORIENTED_EDGE('',*,*,#5689,.F.);
#5691=ORIENTED_EDGE('',*,*,#4801,.F.);
#5693=ORIENTED_EDGE('',*,*,#5692,.T.);
#5695=ORIENTED_EDGE('',*,*,#5694,.T.);
#5697=ORIENTED_EDGE('',*,*,#5696,.F.);
#5698=ORIENTED_EDGE('',*,*,#4573,.F.);
#5700=ORIENTED_EDGE('',*,*,#5699,.T.);
#5702=ORIENTED_EDGE('',*,*,#5701,.T.);
#5704=ORIENTED_EDGE('',*,*,#5703,.F.);
#5705=ORIENTED_EDGE('',*,*,#4547,.F.);
#5707=ORIENTED_EDGE('',*,*,#5706,.T.);
#5709=ORIENTED_EDGE('',*,*,#5708,.T.);
#5711=ORIENTED_EDGE('',*,*,#5710,.F.);
#5712=ORIENTED_EDGE('',*,*,#4495,.F.);
#5713=EDGE_LOOP('',(#5529,#5531,#5533,#5534,#5535,#5536,#5538,#5540,#5542,#5543,
#5545,#5547,#5549,#5550,#5552,#5554,#5556,#5557,#5559,#5561,#5563,#5564,#5566,
#5568,#5570,#5571,#5573,#5575,#5577,#5578,#5580,#5582,#5584,#5585,#5587,#5589,
#5591,#5592,#5594,#5596,#5598,#5599,#5601,#5603,#5605,#5606,#5608,#5610,#5612,
#5613,#5615,#5617,#5619,#5620,#5622,#5624,#5625,#5626,#5627,#5628,#5630,#5632,
#5634,#5635,#5637,#5639,#5641,#5642,#5644,#5646,#5648,#5649,#5651,#5653,#5655,
#5656,#5658,#5660,#5662,#5663,#5665,#5667,#5669,#5670,#5672,#5674,#5676,#5677,
#5679,#5681,#5683,#5684,#5686,#5688,#5690,#5691,#5693,#5695,#5697,#5698,#5700,
#5702,#5704,#5705,#5707,#5709,#5711,#5712));
#5714=FACE_OUTER_BOUND('',#5713,.F.);
#5715=ADVANCED_FACE('',(#5714),#5527,.T.);
#5716=CARTESIAN_POINT('',(2.2655E1,1.585E0,3.47E0));
#5717=DIRECTION('',(-1.E0,0.E0,0.E0));
#5718=DIRECTION('',(0.E0,-1.E0,0.E0));
#5719=AXIS2_PLACEMENT_3D('',#5716,#5717,#5718);
#5720=PLANE('',#5719);
#5721=ORIENTED_EDGE('',*,*,#4941,.T.);
#5723=ORIENTED_EDGE('',*,*,#5722,.F.);
#5724=ORIENTED_EDGE('',*,*,#5528,.F.);
#5725=ORIENTED_EDGE('',*,*,#4493,.F.);
#5726=EDGE_LOOP('',(#5721,#5723,#5724,#5725));
#5727=FACE_OUTER_BOUND('',#5726,.F.);
#5728=ADVANCED_FACE('',(#5727),#5720,.F.);
#5729=CARTESIAN_POINT('',(2.2655E1,1.205E0,3.47E0));
#5730=DIRECTION('',(0.E0,-1.E0,0.E0));
#5731=DIRECTION('',(1.E0,0.E0,0.E0));
#5732=AXIS2_PLACEMENT_3D('',#5729,#5730,#5731);
#5733=PLANE('',#5732);
#5734=ORIENTED_EDGE('',*,*,#4939,.T.);
#5736=ORIENTED_EDGE('',*,*,#5735,.F.);
#5737=ORIENTED_EDGE('',*,*,#5530,.F.);
#5738=ORIENTED_EDGE('',*,*,#5722,.T.);
#5739=EDGE_LOOP('',(#5734,#5736,#5737,#5738));
#5740=FACE_OUTER_BOUND('',#5739,.F.);
#5742=ORIENTED_EDGE('',*,*,#5741,.T.);
#5744=ORIENTED_EDGE('',*,*,#5743,.T.);
#5745=EDGE_LOOP('',(#5742,#5744));
#5746=FACE_BOUND('',#5745,.F.);
#5747=ADVANCED_FACE('',(#5740,#5746),#5733,.F.);
#5748=CARTESIAN_POINT('',(2.3745E1,-6.9875E0,0.E0));
#5749=DIRECTION('',(0.E0,1.E0,0.E0));
#5750=DIRECTION('',(1.E0,0.E0,0.E0));
#5751=AXIS2_PLACEMENT_3D('',#5748,#5749,#5750);
#5752=CYLINDRICAL_SURFACE('',#5751,5.7E-1);
#5753=ORIENTED_EDGE('',*,*,#5741,.F.);
#5755=ORIENTED_EDGE('',*,*,#5754,.T.);
#5757=ORIENTED_EDGE('',*,*,#5756,.T.);
#5759=ORIENTED_EDGE('',*,*,#5758,.F.);
#5760=EDGE_LOOP('',(#5753,#5755,#5757,#5759));
#5761=FACE_OUTER_BOUND('',#5760,.F.);
#5762=ADVANCED_FACE('',(#5761),#5752,.T.);
#5763=CARTESIAN_POINT('',(2.3745E1,-6.9875E0,0.E0));
#5764=DIRECTION('',(0.E0,1.E0,0.E0));
#5765=DIRECTION('',(1.E0,0.E0,0.E0));
#5766=AXIS2_PLACEMENT_3D('',#5763,#5764,#5765);
#5767=CYLINDRICAL_SURFACE('',#5766,5.7E-1);
#5769=ORIENTED_EDGE('',*,*,#5768,.T.);
#5771=ORIENTED_EDGE('',*,*,#5770,.F.);
#5773=ORIENTED_EDGE('',*,*,#5772,.F.);
#5775=ORIENTED_EDGE('',*,*,#5774,.T.);
#5776=EDGE_LOOP('',(#5769,#5771,#5773,#5775));
#5777=FACE_OUTER_BOUND('',#5776,.F.);
#5778=ADVANCED_FACE('',(#5777),#5767,.T.);
#5779=CARTESIAN_POINT('',(2.3745E1,-6.9875E0,0.E0));
#5780=DIRECTION('',(0.E0,1.E0,0.E0));
#5781=DIRECTION('',(1.E0,0.E0,0.E0));
#5782=AXIS2_PLACEMENT_3D('',#5779,#5780,#5781);
#5783=CYLINDRICAL_SURFACE('',#5782,5.7E-1);
#5784=ORIENTED_EDGE('',*,*,#5743,.F.);
#5785=ORIENTED_EDGE('',*,*,#5758,.T.);
#5787=ORIENTED_EDGE('',*,*,#5786,.F.);
#5788=ORIENTED_EDGE('',*,*,#5754,.F.);
#5789=EDGE_LOOP('',(#5784,#5785,#5787,#5788));
#5790=FACE_OUTER_BOUND('',#5789,.F.);
#5791=ADVANCED_FACE('',(#5790),#5783,.T.);
#5792=CARTESIAN_POINT('',(2.3745E1,-6.9875E0,0.E0));
#5793=DIRECTION('',(0.E0,1.E0,0.E0));
#5794=DIRECTION('',(1.E0,0.E0,0.E0));
#5795=AXIS2_PLACEMENT_3D('',#5792,#5793,#5794);
#5796=CYLINDRICAL_SURFACE('',#5795,5.7E-1);
#5798=ORIENTED_EDGE('',*,*,#5797,.T.);
#5799=ORIENTED_EDGE('',*,*,#5774,.F.);
#5801=ORIENTED_EDGE('',*,*,#5800,.T.);
#5802=ORIENTED_EDGE('',*,*,#5770,.T.);
#5803=EDGE_LOOP('',(#5798,#5799,#5801,#5802));
#5804=FACE_OUTER_BOUND('',#5803,.F.);
#5805=ADVANCED_FACE('',(#5804),#5796,.T.);
#5806=CARTESIAN_POINT('',(2.3745E1,1.257E1,0.E0));
#5807=DIRECTION('',(0.E0,-1.E0,0.E0));
#5808=DIRECTION('',(-1.E0,0.E0,0.E0));
#5809=AXIS2_PLACEMENT_3D('',#5806,#5807,#5808);
#5810=CONICAL_SURFACE('',#5809,4.E-1,2.090798047101E1);
#5812=ORIENTED_EDGE('',*,*,#5811,.F.);
#5813=ORIENTED_EDGE('',*,*,#5786,.T.);
#5815=ORIENTED_EDGE('',*,*,#5814,.T.);
#5817=ORIENTED_EDGE('',*,*,#5816,.F.);
#5818=EDGE_LOOP('',(#5812,#5813,#5815,#5817));
#5819=FACE_OUTER_BOUND('',#5818,.F.);
#5820=ADVANCED_FACE('',(#5819),#5810,.T.);
#5821=CARTESIAN_POINT('',(2.3745E1,1.257E1,0.E0));
#5822=DIRECTION('',(0.E0,-1.E0,0.E0));
#5823=DIRECTION('',(-1.E0,0.E0,0.E0));
#5824=AXIS2_PLACEMENT_3D('',#5821,#5822,#5823);
#5825=CONICAL_SURFACE('',#5824,4.E-1,2.090798047101E1);
#5826=ORIENTED_EDGE('',*,*,#5811,.T.);
#5828=ORIENTED_EDGE('',*,*,#5827,.T.);
#5829=ORIENTED_EDGE('',*,*,#5814,.F.);
#5830=ORIENTED_EDGE('',*,*,#5756,.F.);
#5831=EDGE_LOOP('',(#5826,#5828,#5829,#5830));
#5832=FACE_OUTER_BOUND('',#5831,.F.);
#5833=ADVANCED_FACE('',(#5832),#5825,.T.);
#5834=CARTESIAN_POINT('',(2.3745E1,1.3015E1,0.E0));
#5835=DIRECTION('',(0.E0,1.E0,0.E0));
#5836=DIRECTION('',(1.E0,0.E0,0.E0));
#5837=AXIS2_PLACEMENT_3D('',#5834,#5835,#5836);
#5838=PLANE('',#5837);
#5839=ORIENTED_EDGE('',*,*,#5816,.T.);
#5840=ORIENTED_EDGE('',*,*,#5827,.F.);
#5841=EDGE_LOOP('',(#5839,#5840));
#5842=FACE_OUTER_BOUND('',#5841,.F.);
#5843=ADVANCED_FACE('',(#5842),#5838,.T.);
#5844=CARTESIAN_POINT('',(2.4835E1,-1.205E0,3.47E0));
#5845=DIRECTION('',(0.E0,1.E0,0.E0));
#5846=DIRECTION('',(-1.E0,0.E0,0.E0));
#5847=AXIS2_PLACEMENT_3D('',#5844,#5845,#5846);
#5848=PLANE('',#5847);
#5849=ORIENTED_EDGE('',*,*,#4420,.T.);
#5851=ORIENTED_EDGE('',*,*,#5850,.F.);
#5852=ORIENTED_EDGE('',*,*,#5539,.F.);
#5854=ORIENTED_EDGE('',*,*,#5853,.T.);
#5855=EDGE_LOOP('',(#5849,#5851,#5852,#5854));
#5856=FACE_OUTER_BOUND('',#5855,.F.);
#5857=ORIENTED_EDGE('',*,*,#5768,.F.);
#5858=ORIENTED_EDGE('',*,*,#5797,.F.);
#5859=EDGE_LOOP('',(#5857,#5858));
#5860=FACE_BOUND('',#5859,.F.);
#5861=ADVANCED_FACE('',(#5856,#5860),#5848,.F.);
#5862=CARTESIAN_POINT('',(2.2655E1,-1.205E0,3.47E0));
#5863=DIRECTION('',(-1.E0,0.E0,0.E0));
#5864=DIRECTION('',(0.E0,-1.E0,0.E0));
#5865=AXIS2_PLACEMENT_3D('',#5862,#5863,#5864);
#5866=PLANE('',#5865);
#5867=ORIENTED_EDGE('',*,*,#4418,.F.);
#5868=ORIENTED_EDGE('',*,*,#5489,.T.);
#5869=ORIENTED_EDGE('',*,*,#5541,.T.);
#5870=ORIENTED_EDGE('',*,*,#5850,.T.);
#5871=EDGE_LOOP('',(#5867,#5868,#5869,#5870));
#5872=FACE_OUTER_BOUND('',#5871,.F.);
#5873=ADVANCED_FACE('',(#5872),#5866,.F.);
#5874=CARTESIAN_POINT('',(2.4835E1,-1.585E0,3.47E0));
#5875=DIRECTION('',(1.E0,0.E0,0.E0));
#5876=DIRECTION('',(0.E0,1.E0,0.E0));
#5877=AXIS2_PLACEMENT_3D('',#5874,#5875,#5876);
#5878=PLANE('',#5877);
#5879=ORIENTED_EDGE('',*,*,#4422,.T.);
#5880=ORIENTED_EDGE('',*,*,#5853,.F.);
#5881=ORIENTED_EDGE('',*,*,#5537,.F.);
#5882=ORIENTED_EDGE('',*,*,#5475,.F.);
#5883=EDGE_LOOP('',(#5879,#5880,#5881,#5882));
#5884=FACE_OUTER_BOUND('',#5883,.F.);
#5885=ADVANCED_FACE('',(#5884),#5878,.F.);
#5886=CARTESIAN_POINT('',(2.3745E1,-5.59E0,0.E0));
#5887=DIRECTION('',(0.E0,1.E0,0.E0));
#5888=DIRECTION('',(1.E0,0.E0,0.E0));
#5889=AXIS2_PLACEMENT_3D('',#5886,#5887,#5888);
#5890=CONICAL_SURFACE('',#5889,4.E-1,2.090798047101E1);
#5892=ORIENTED_EDGE('',*,*,#5891,.F.);
#5894=ORIENTED_EDGE('',*,*,#5893,.T.);
#5896=ORIENTED_EDGE('',*,*,#5895,.T.);
#5897=ORIENTED_EDGE('',*,*,#5800,.F.);
#5898=EDGE_LOOP('',(#5892,#5894,#5896,#5897));
#5899=FACE_OUTER_BOUND('',#5898,.F.);
#5900=ADVANCED_FACE('',(#5899),#5890,.T.);
#5901=CARTESIAN_POINT('',(2.3745E1,-5.59E0,0.E0));
#5902=DIRECTION('',(0.E0,1.E0,0.E0));
#5903=DIRECTION('',(1.E0,0.E0,0.E0));
#5904=AXIS2_PLACEMENT_3D('',#5901,#5902,#5903);
#5905=CONICAL_SURFACE('',#5904,4.E-1,2.090798047101E1);
#5906=ORIENTED_EDGE('',*,*,#5891,.T.);
#5907=ORIENTED_EDGE('',*,*,#5772,.T.);
#5908=ORIENTED_EDGE('',*,*,#5895,.F.);
#5910=ORIENTED_EDGE('',*,*,#5909,.F.);
#5911=EDGE_LOOP('',(#5906,#5907,#5908,#5910));
#5912=FACE_OUTER_BOUND('',#5911,.F.);
#5913=ADVANCED_FACE('',(#5912),#5905,.T.);
#5914=CARTESIAN_POINT('',(2.3745E1,-6.035E0,0.E0));
#5915=DIRECTION('',(0.E0,1.E0,0.E0));
#5916=DIRECTION('',(1.E0,0.E0,0.E0));
#5917=AXIS2_PLACEMENT_3D('',#5914,#5915,#5916);
#5918=PLANE('',#5917);
#5919=ORIENTED_EDGE('',*,*,#5893,.F.);
#5920=ORIENTED_EDGE('',*,*,#5909,.T.);
#5921=EDGE_LOOP('',(#5919,#5920));
#5922=FACE_OUTER_BOUND('',#5921,.F.);
#5923=ADVANCED_FACE('',(#5922),#5918,.F.);
#5924=CARTESIAN_POINT('',(2.4835E1,1.205E0,3.47E0));
#5925=DIRECTION('',(1.E0,0.E0,0.E0));
#5926=DIRECTION('',(0.E0,1.E0,0.E0));
#5927=AXIS2_PLACEMENT_3D('',#5924,#5925,#5926);
#5928=PLANE('',#5927);
#5929=ORIENTED_EDGE('',*,*,#4937,.T.);
#5930=ORIENTED_EDGE('',*,*,#4465,.T.);
#5931=ORIENTED_EDGE('',*,*,#5532,.T.);
#5932=ORIENTED_EDGE('',*,*,#5735,.T.);
#5933=EDGE_LOOP('',(#5929,#5930,#5931,#5932));
#5934=FACE_OUTER_BOUND('',#5933,.F.);
#5935=ADVANCED_FACE('',(#5934),#5928,.F.);
#5936=CARTESIAN_POINT('',(2.0875E1,-1.585E0,3.47E0));
#5937=DIRECTION('',(1.E0,0.E0,0.E0));
#5938=DIRECTION('',(0.E0,1.E0,0.E0));
#5939=AXIS2_PLACEMENT_3D('',#5936,#5937,#5938);
#5940=PLANE('',#5939);
#5941=ORIENTED_EDGE('',*,*,#4414,.T.);
#5943=ORIENTED_EDGE('',*,*,#5942,.F.);
#5944=ORIENTED_EDGE('',*,*,#5544,.F.);
#5945=ORIENTED_EDGE('',*,*,#5492,.F.);
#5946=EDGE_LOOP('',(#5941,#5943,#5944,#5945));
#5947=FACE_OUTER_BOUND('',#5946,.F.);
#5948=ADVANCED_FACE('',(#5947),#5940,.F.);
#5949=CARTESIAN_POINT('',(2.0875E1,-1.205E0,3.47E0));
#5950=DIRECTION('',(0.E0,1.E0,0.E0));
#5951=DIRECTION('',(-1.E0,0.E0,0.E0));
#5952=AXIS2_PLACEMENT_3D('',#5949,#5950,#5951);
#5953=PLANE('',#5952);
#5954=ORIENTED_EDGE('',*,*,#4412,.T.);
#5956=ORIENTED_EDGE('',*,*,#5955,.F.);
#5957=ORIENTED_EDGE('',*,*,#5546,.F.);
#5958=ORIENTED_EDGE('',*,*,#5942,.T.);
#5959=EDGE_LOOP('',(#5954,#5956,#5957,#5958));
#5960=FACE_OUTER_BOUND('',#5959,.F.);
#5962=ORIENTED_EDGE('',*,*,#5961,.F.);
#5964=ORIENTED_EDGE('',*,*,#5963,.F.);
#5965=EDGE_LOOP('',(#5962,#5964));
#5966=FACE_BOUND('',#5965,.F.);
#5967=ADVANCED_FACE('',(#5960,#5966),#5953,.F.);
#5968=CARTESIAN_POINT('',(1.8695E1,-1.205E0,3.47E0));
#5969=DIRECTION('',(-1.E0,0.E0,0.E0));
#5970=DIRECTION('',(0.E0,-1.E0,0.E0));
#5971=AXIS2_PLACEMENT_3D('',#5968,#5969,#5970);
#5972=PLANE('',#5971);
#5973=ORIENTED_EDGE('',*,*,#4410,.F.);
#5974=ORIENTED_EDGE('',*,*,#5450,.T.);
#5975=ORIENTED_EDGE('',*,*,#5548,.T.);
#5976=ORIENTED_EDGE('',*,*,#5955,.T.);
#5977=EDGE_LOOP('',(#5973,#5974,#5975,#5976));
#5978=FACE_OUTER_BOUND('',#5977,.F.);
#5979=ADVANCED_FACE('',(#5978),#5972,.F.);
#5980=CARTESIAN_POINT('',(1.9785E1,-6.9875E0,0.E0));
#5981=DIRECTION('',(0.E0,1.E0,0.E0));
#5982=DIRECTION('',(1.E0,0.E0,0.E0));
#5983=AXIS2_PLACEMENT_3D('',#5980,#5981,#5982);
#5984=CYLINDRICAL_SURFACE('',#5983,5.7E-1);
#5986=ORIENTED_EDGE('',*,*,#5985,.F.);
#5988=ORIENTED_EDGE('',*,*,#5987,.T.);
#5990=ORIENTED_EDGE('',*,*,#5989,.T.);
#5992=ORIENTED_EDGE('',*,*,#5991,.F.);
#5993=EDGE_LOOP('',(#5986,#5988,#5990,#5992));
#5994=FACE_OUTER_BOUND('',#5993,.F.);
#5995=ADVANCED_FACE('',(#5994),#5984,.T.);
#5996=CARTESIAN_POINT('',(1.9785E1,-6.9875E0,0.E0));
#5997=DIRECTION('',(0.E0,1.E0,0.E0));
#5998=DIRECTION('',(1.E0,0.E0,0.E0));
#5999=AXIS2_PLACEMENT_3D('',#5996,#5997,#5998);
#6000=CYLINDRICAL_SURFACE('',#5999,5.7E-1);
#6001=ORIENTED_EDGE('',*,*,#5961,.T.);
#6003=ORIENTED_EDGE('',*,*,#6002,.F.);
#6005=ORIENTED_EDGE('',*,*,#6004,.F.);
#6007=ORIENTED_EDGE('',*,*,#6006,.T.);
#6008=EDGE_LOOP('',(#6001,#6003,#6005,#6007));
#6009=FACE_OUTER_BOUND('',#6008,.F.);
#6010=ADVANCED_FACE('',(#6009),#6000,.T.);
#6011=CARTESIAN_POINT('',(1.8695E1,1.205E0,3.47E0));
#6012=DIRECTION('',(0.E0,-1.E0,0.E0));
#6013=DIRECTION('',(1.E0,0.E0,0.E0));
#6014=AXIS2_PLACEMENT_3D('',#6011,#6012,#6013);
#6015=PLANE('',#6014);
#6016=ORIENTED_EDGE('',*,*,#4946,.T.);
#6018=ORIENTED_EDGE('',*,*,#6017,.F.);
#6019=ORIENTED_EDGE('',*,*,#5708,.F.);
#6021=ORIENTED_EDGE('',*,*,#6020,.T.);
#6022=EDGE_LOOP('',(#6016,#6018,#6019,#6021));
#6023=FACE_OUTER_BOUND('',#6022,.F.);
#6024=ORIENTED_EDGE('',*,*,#5985,.T.);
#6026=ORIENTED_EDGE('',*,*,#6025,.T.);
#6027=EDGE_LOOP('',(#6024,#6026));
#6028=FACE_BOUND('',#6027,.F.);
#6029=ADVANCED_FACE('',(#6023,#6028),#6015,.F.);
#6030=CARTESIAN_POINT('',(1.9785E1,-6.9875E0,0.E0));
#6031=DIRECTION('',(0.E0,1.E0,0.E0));
#6032=DIRECTION('',(1.E0,0.E0,0.E0));
#6033=AXIS2_PLACEMENT_3D('',#6030,#6031,#6032);
#6034=CYLINDRICAL_SURFACE('',#6033,5.7E-1);
#6035=ORIENTED_EDGE('',*,*,#6025,.F.);
#6036=ORIENTED_EDGE('',*,*,#5991,.T.);
#6038=ORIENTED_EDGE('',*,*,#6037,.F.);
#6039=ORIENTED_EDGE('',*,*,#5987,.F.);
#6040=EDGE_LOOP('',(#6035,#6036,#6038,#6039));
#6041=FACE_OUTER_BOUND('',#6040,.F.);
#6042=ADVANCED_FACE('',(#6041),#6034,.T.);
#6043=CARTESIAN_POINT('',(1.9785E1,-6.9875E0,0.E0));
#6044=DIRECTION('',(0.E0,1.E0,0.E0));
#6045=DIRECTION('',(1.E0,0.E0,0.E0));
#6046=AXIS2_PLACEMENT_3D('',#6043,#6044,#6045);
#6047=CYLINDRICAL_SURFACE('',#6046,5.7E-1);
#6048=ORIENTED_EDGE('',*,*,#5963,.T.);
#6049=ORIENTED_EDGE('',*,*,#6006,.F.);
#6051=ORIENTED_EDGE('',*,*,#6050,.T.);
#6052=ORIENTED_EDGE('',*,*,#6002,.T.);
#6053=EDGE_LOOP('',(#6048,#6049,#6051,#6052));
#6054=FACE_OUTER_BOUND('',#6053,.F.);
#6055=ADVANCED_FACE('',(#6054),#6047,.T.);
#6056=CARTESIAN_POINT('',(1.9785E1,1.257E1,0.E0));
#6057=DIRECTION('',(0.E0,-1.E0,0.E0));
#6058=DIRECTION('',(-1.E0,0.E0,0.E0));
#6059=AXIS2_PLACEMENT_3D('',#6056,#6057,#6058);
#6060=CONICAL_SURFACE('',#6059,4.E-1,2.090798047101E1);
#6062=ORIENTED_EDGE('',*,*,#6061,.F.);
#6063=ORIENTED_EDGE('',*,*,#6037,.T.);
#6065=ORIENTED_EDGE('',*,*,#6064,.T.);
#6067=ORIENTED_EDGE('',*,*,#6066,.F.);
#6068=EDGE_LOOP('',(#6062,#6063,#6065,#6067));
#6069=FACE_OUTER_BOUND('',#6068,.F.);
#6070=ADVANCED_FACE('',(#6069),#6060,.T.);
#6071=CARTESIAN_POINT('',(1.9785E1,1.257E1,0.E0));
#6072=DIRECTION('',(0.E0,-1.E0,0.E0));
#6073=DIRECTION('',(-1.E0,0.E0,0.E0));
#6074=AXIS2_PLACEMENT_3D('',#6071,#6072,#6073);
#6075=CONICAL_SURFACE('',#6074,4.E-1,2.090798047101E1);
#6076=ORIENTED_EDGE('',*,*,#6061,.T.);
#6078=ORIENTED_EDGE('',*,*,#6077,.T.);
#6079=ORIENTED_EDGE('',*,*,#6064,.F.);
#6080=ORIENTED_EDGE('',*,*,#5989,.F.);
#6081=EDGE_LOOP('',(#6076,#6078,#6079,#6080));
#6082=FACE_OUTER_BOUND('',#6081,.F.);
#6083=ADVANCED_FACE('',(#6082),#6075,.T.);
#6084=CARTESIAN_POINT('',(1.9785E1,1.3015E1,0.E0));
#6085=DIRECTION('',(0.E0,1.E0,0.E0));
#6086=DIRECTION('',(1.E0,0.E0,0.E0));
#6087=AXIS2_PLACEMENT_3D('',#6084,#6085,#6086);
#6088=PLANE('',#6087);
#6089=ORIENTED_EDGE('',*,*,#6066,.T.);
#6090=ORIENTED_EDGE('',*,*,#6077,.F.);
#6091=EDGE_LOOP('',(#6089,#6090));
#6092=FACE_OUTER_BOUND('',#6091,.F.);
#6093=ADVANCED_FACE('',(#6092),#6088,.T.);
#6094=CARTESIAN_POINT('',(1.9785E1,-5.59E0,0.E0));
#6095=DIRECTION('',(0.E0,1.E0,0.E0));
#6096=DIRECTION('',(1.E0,0.E0,0.E0));
#6097=AXIS2_PLACEMENT_3D('',#6094,#6095,#6096);
#6098=CONICAL_SURFACE('',#6097,4.E-1,2.090798047101E1);
#6100=ORIENTED_EDGE('',*,*,#6099,.F.);
#6102=ORIENTED_EDGE('',*,*,#6101,.T.);
#6104=ORIENTED_EDGE('',*,*,#6103,.T.);
#6105=ORIENTED_EDGE('',*,*,#6050,.F.);
#6106=EDGE_LOOP('',(#6100,#6102,#6104,#6105));
#6107=FACE_OUTER_BOUND('',#6106,.F.);
#6108=ADVANCED_FACE('',(#6107),#6098,.T.);
#6109=CARTESIAN_POINT('',(1.9785E1,-5.59E0,0.E0));
#6110=DIRECTION('',(0.E0,1.E0,0.E0));
#6111=DIRECTION('',(1.E0,0.E0,0.E0));
#6112=AXIS2_PLACEMENT_3D('',#6109,#6110,#6111);
#6113=CONICAL_SURFACE('',#6112,4.E-1,2.090798047101E1);
#6114=ORIENTED_EDGE('',*,*,#6099,.T.);
#6115=ORIENTED_EDGE('',*,*,#6004,.T.);
#6116=ORIENTED_EDGE('',*,*,#6103,.F.);
#6118=ORIENTED_EDGE('',*,*,#6117,.F.);
#6119=EDGE_LOOP('',(#6114,#6115,#6116,#6118));
#6120=FACE_OUTER_BOUND('',#6119,.F.);
#6121=ADVANCED_FACE('',(#6120),#6113,.T.);
#6122=CARTESIAN_POINT('',(1.9785E1,-6.035E0,0.E0));
#6123=DIRECTION('',(0.E0,1.E0,0.E0));
#6124=DIRECTION('',(1.E0,0.E0,0.E0));
#6125=AXIS2_PLACEMENT_3D('',#6122,#6123,#6124);
#6126=PLANE('',#6125);
#6127=ORIENTED_EDGE('',*,*,#6101,.F.);
#6128=ORIENTED_EDGE('',*,*,#6117,.T.);
#6129=EDGE_LOOP('',(#6127,#6128));
#6130=FACE_OUTER_BOUND('',#6129,.F.);
#6131=ADVANCED_FACE('',(#6130),#6126,.F.);
#6132=CARTESIAN_POINT('',(2.0875E1,1.205E0,3.47E0));
#6133=DIRECTION('',(1.E0,0.E0,0.E0));
#6134=DIRECTION('',(0.E0,1.E0,0.E0));
#6135=AXIS2_PLACEMENT_3D('',#6132,#6133,#6134);
#6136=PLANE('',#6135);
#6137=ORIENTED_EDGE('',*,*,#4944,.T.);
#6138=ORIENTED_EDGE('',*,*,#4497,.T.);
#6139=ORIENTED_EDGE('',*,*,#5710,.T.);
#6140=ORIENTED_EDGE('',*,*,#6017,.T.);
#6141=EDGE_LOOP('',(#6137,#6138,#6139,#6140));
#6142=FACE_OUTER_BOUND('',#6141,.F.);
#6143=ADVANCED_FACE('',(#6142),#6136,.F.);
#6144=CARTESIAN_POINT('',(1.8695E1,1.585E0,3.47E0));
#6145=DIRECTION('',(-1.E0,0.E0,0.E0));
#6146=DIRECTION('',(0.E0,-1.E0,0.E0));
#6147=AXIS2_PLACEMENT_3D('',#6144,#6145,#6146);
#6148=PLANE('',#6147);
#6149=ORIENTED_EDGE('',*,*,#4948,.T.);
#6150=ORIENTED_EDGE('',*,*,#6020,.F.);
#6151=ORIENTED_EDGE('',*,*,#5706,.F.);
#6152=ORIENTED_EDGE('',*,*,#4545,.F.);
#6153=EDGE_LOOP('',(#6149,#6150,#6151,#6152));
#6154=FACE_OUTER_BOUND('',#6153,.F.);
#6155=ADVANCED_FACE('',(#6154),#6148,.F.);
#6156=CARTESIAN_POINT('',(1.6915E1,-1.585E0,3.47E0));
#6157=DIRECTION('',(1.E0,0.E0,0.E0));
#6158=DIRECTION('',(0.E0,1.E0,0.E0));
#6159=AXIS2_PLACEMENT_3D('',#6156,#6157,#6158);
#6160=PLANE('',#6159);
#6161=ORIENTED_EDGE('',*,*,#4406,.T.);
#6163=ORIENTED_EDGE('',*,*,#6162,.F.);
#6164=ORIENTED_EDGE('',*,*,#5551,.F.);
#6165=ORIENTED_EDGE('',*,*,#5453,.F.);
#6166=EDGE_LOOP('',(#6161,#6163,#6164,#6165));
#6167=FACE_OUTER_BOUND('',#6166,.F.);
#6168=ADVANCED_FACE('',(#6167),#6160,.F.);
#6169=CARTESIAN_POINT('',(1.6915E1,-1.205E0,3.47E0));
#6170=DIRECTION('',(0.E0,1.E0,0.E0));
#6171=DIRECTION('',(-1.E0,0.E0,0.E0));
#6172=AXIS2_PLACEMENT_3D('',#6169,#6170,#6171);
#6173=PLANE('',#6172);
#6174=ORIENTED_EDGE('',*,*,#4404,.T.);
#6176=ORIENTED_EDGE('',*,*,#6175,.F.);
#6177=ORIENTED_EDGE('',*,*,#5553,.F.);
#6178=ORIENTED_EDGE('',*,*,#6162,.T.);
#6179=EDGE_LOOP('',(#6174,#6176,#6177,#6178));
#6180=FACE_OUTER_BOUND('',#6179,.F.);
#6182=ORIENTED_EDGE('',*,*,#6181,.F.);
#6184=ORIENTED_EDGE('',*,*,#6183,.F.);
#6185=EDGE_LOOP('',(#6182,#6184));
#6186=FACE_BOUND('',#6185,.F.);
#6187=ADVANCED_FACE('',(#6180,#6186),#6173,.F.);
#6188=CARTESIAN_POINT('',(1.4735E1,-1.205E0,3.47E0));
#6189=DIRECTION('',(-1.E0,0.E0,0.E0));
#6190=DIRECTION('',(0.E0,-1.E0,0.E0));
#6191=AXIS2_PLACEMENT_3D('',#6188,#6189,#6190);
#6192=PLANE('',#6191);
#6193=ORIENTED_EDGE('',*,*,#4402,.F.);
#6194=ORIENTED_EDGE('',*,*,#5425,.T.);
#6195=ORIENTED_EDGE('',*,*,#5555,.T.);
#6196=ORIENTED_EDGE('',*,*,#6175,.T.);
#6197=EDGE_LOOP('',(#6193,#6194,#6195,#6196));
#6198=FACE_OUTER_BOUND('',#6197,.F.);
#6199=ADVANCED_FACE('',(#6198),#6192,.F.);
#6200=CARTESIAN_POINT('',(1.5825E1,-6.9875E0,0.E0));
#6201=DIRECTION('',(0.E0,1.E0,0.E0));
#6202=DIRECTION('',(1.E0,0.E0,0.E0));
#6203=AXIS2_PLACEMENT_3D('',#6200,#6201,#6202);
#6204=CYLINDRICAL_SURFACE('',#6203,5.7E-1);
#6206=ORIENTED_EDGE('',*,*,#6205,.F.);
#6208=ORIENTED_EDGE('',*,*,#6207,.T.);
#6210=ORIENTED_EDGE('',*,*,#6209,.T.);
#6212=ORIENTED_EDGE('',*,*,#6211,.F.);
#6213=EDGE_LOOP('',(#6206,#6208,#6210,#6212));
#6214=FACE_OUTER_BOUND('',#6213,.F.);
#6215=ADVANCED_FACE('',(#6214),#6204,.T.);
#6216=CARTESIAN_POINT('',(1.5825E1,-6.9875E0,0.E0));
#6217=DIRECTION('',(0.E0,1.E0,0.E0));
#6218=DIRECTION('',(1.E0,0.E0,0.E0));
#6219=AXIS2_PLACEMENT_3D('',#6216,#6217,#6218);
#6220=CYLINDRICAL_SURFACE('',#6219,5.7E-1);
#6221=ORIENTED_EDGE('',*,*,#6181,.T.);
#6223=ORIENTED_EDGE('',*,*,#6222,.F.);
#6225=ORIENTED_EDGE('',*,*,#6224,.F.);
#6227=ORIENTED_EDGE('',*,*,#6226,.T.);
#6228=EDGE_LOOP('',(#6221,#6223,#6225,#6227));
#6229=FACE_OUTER_BOUND('',#6228,.F.);
#6230=ADVANCED_FACE('',(#6229),#6220,.T.);
#6231=CARTESIAN_POINT('',(1.4735E1,1.205E0,3.47E0));
#6232=DIRECTION('',(0.E0,-1.E0,0.E0));
#6233=DIRECTION('',(1.E0,0.E0,0.E0));
#6234=AXIS2_PLACEMENT_3D('',#6231,#6232,#6233);
#6235=PLANE('',#6234);
#6236=ORIENTED_EDGE('',*,*,#4953,.T.);
#6238=ORIENTED_EDGE('',*,*,#6237,.F.);
#6239=ORIENTED_EDGE('',*,*,#5701,.F.);
#6241=ORIENTED_EDGE('',*,*,#6240,.T.);
#6242=EDGE_LOOP('',(#6236,#6238,#6239,#6241));
#6243=FACE_OUTER_BOUND('',#6242,.F.);
#6244=ORIENTED_EDGE('',*,*,#6205,.T.);
#6246=ORIENTED_EDGE('',*,*,#6245,.T.);
#6247=EDGE_LOOP('',(#6244,#6246));
#6248=FACE_BOUND('',#6247,.F.);
#6249=ADVANCED_FACE('',(#6243,#6248),#6235,.F.);
#6250=CARTESIAN_POINT('',(1.5825E1,-6.9875E0,0.E0));
#6251=DIRECTION('',(0.E0,1.E0,0.E0));
#6252=DIRECTION('',(1.E0,0.E0,0.E0));
#6253=AXIS2_PLACEMENT_3D('',#6250,#6251,#6252);
#6254=CYLINDRICAL_SURFACE('',#6253,5.7E-1);
#6255=ORIENTED_EDGE('',*,*,#6245,.F.);
#6256=ORIENTED_EDGE('',*,*,#6211,.T.);
#6258=ORIENTED_EDGE('',*,*,#6257,.F.);
#6259=ORIENTED_EDGE('',*,*,#6207,.F.);
#6260=EDGE_LOOP('',(#6255,#6256,#6258,#6259));
#6261=FACE_OUTER_BOUND('',#6260,.F.);
#6262=ADVANCED_FACE('',(#6261),#6254,.T.);
#6263=CARTESIAN_POINT('',(1.5825E1,-6.9875E0,0.E0));
#6264=DIRECTION('',(0.E0,1.E0,0.E0));
#6265=DIRECTION('',(1.E0,0.E0,0.E0));
#6266=AXIS2_PLACEMENT_3D('',#6263,#6264,#6265);
#6267=CYLINDRICAL_SURFACE('',#6266,5.7E-1);
#6268=ORIENTED_EDGE('',*,*,#6183,.T.);
#6269=ORIENTED_EDGE('',*,*,#6226,.F.);
#6271=ORIENTED_EDGE('',*,*,#6270,.T.);
#6272=ORIENTED_EDGE('',*,*,#6222,.T.);
#6273=EDGE_LOOP('',(#6268,#6269,#6271,#6272));
#6274=FACE_OUTER_BOUND('',#6273,.F.);
#6275=ADVANCED_FACE('',(#6274),#6267,.T.);
#6276=CARTESIAN_POINT('',(1.5825E1,1.257E1,0.E0));
#6277=DIRECTION('',(0.E0,-1.E0,0.E0));
#6278=DIRECTION('',(-1.E0,0.E0,0.E0));
#6279=AXIS2_PLACEMENT_3D('',#6276,#6277,#6278);
#6280=CONICAL_SURFACE('',#6279,4.E-1,2.090798047101E1);
#6282=ORIENTED_EDGE('',*,*,#6281,.F.);
#6283=ORIENTED_EDGE('',*,*,#6257,.T.);
#6285=ORIENTED_EDGE('',*,*,#6284,.T.);
#6287=ORIENTED_EDGE('',*,*,#6286,.F.);
#6288=EDGE_LOOP('',(#6282,#6283,#6285,#6287));
#6289=FACE_OUTER_BOUND('',#6288,.F.);
#6290=ADVANCED_FACE('',(#6289),#6280,.T.);
#6291=CARTESIAN_POINT('',(1.5825E1,1.257E1,0.E0));
#6292=DIRECTION('',(0.E0,-1.E0,0.E0));
#6293=DIRECTION('',(-1.E0,0.E0,0.E0));
#6294=AXIS2_PLACEMENT_3D('',#6291,#6292,#6293);
#6295=CONICAL_SURFACE('',#6294,4.E-1,2.090798047101E1);
#6296=ORIENTED_EDGE('',*,*,#6281,.T.);
#6298=ORIENTED_EDGE('',*,*,#6297,.T.);
#6299=ORIENTED_EDGE('',*,*,#6284,.F.);
#6300=ORIENTED_EDGE('',*,*,#6209,.F.);
#6301=EDGE_LOOP('',(#6296,#6298,#6299,#6300));
#6302=FACE_OUTER_BOUND('',#6301,.F.);
#6303=ADVANCED_FACE('',(#6302),#6295,.T.);
#6304=CARTESIAN_POINT('',(1.5825E1,1.3015E1,0.E0));
#6305=DIRECTION('',(0.E0,1.E0,0.E0));
#6306=DIRECTION('',(1.E0,0.E0,0.E0));
#6307=AXIS2_PLACEMENT_3D('',#6304,#6305,#6306);
#6308=PLANE('',#6307);
#6309=ORIENTED_EDGE('',*,*,#6286,.T.);
#6310=ORIENTED_EDGE('',*,*,#6297,.F.);
#6311=EDGE_LOOP('',(#6309,#6310));
#6312=FACE_OUTER_BOUND('',#6311,.F.);
#6313=ADVANCED_FACE('',(#6312),#6308,.T.);
#6314=CARTESIAN_POINT('',(1.5825E1,-5.59E0,0.E0));
#6315=DIRECTION('',(0.E0,1.E0,0.E0));
#6316=DIRECTION('',(1.E0,0.E0,0.E0));
#6317=AXIS2_PLACEMENT_3D('',#6314,#6315,#6316);
#6318=CONICAL_SURFACE('',#6317,4.E-1,2.090798047101E1);
#6320=ORIENTED_EDGE('',*,*,#6319,.F.);
#6322=ORIENTED_EDGE('',*,*,#6321,.T.);
#6324=ORIENTED_EDGE('',*,*,#6323,.T.);
#6325=ORIENTED_EDGE('',*,*,#6270,.F.);
#6326=EDGE_LOOP('',(#6320,#6322,#6324,#6325));
#6327=FACE_OUTER_BOUND('',#6326,.F.);
#6328=ADVANCED_FACE('',(#6327),#6318,.T.);
#6329=CARTESIAN_POINT('',(1.5825E1,-5.59E0,0.E0));
#6330=DIRECTION('',(0.E0,1.E0,0.E0));
#6331=DIRECTION('',(1.E0,0.E0,0.E0));
#6332=AXIS2_PLACEMENT_3D('',#6329,#6330,#6331);
#6333=CONICAL_SURFACE('',#6332,4.E-1,2.090798047101E1);
#6334=ORIENTED_EDGE('',*,*,#6319,.T.);
#6335=ORIENTED_EDGE('',*,*,#6224,.T.);
#6336=ORIENTED_EDGE('',*,*,#6323,.F.);
#6338=ORIENTED_EDGE('',*,*,#6337,.F.);
#6339=EDGE_LOOP('',(#6334,#6335,#6336,#6338));
#6340=FACE_OUTER_BOUND('',#6339,.F.);
#6341=ADVANCED_FACE('',(#6340),#6333,.T.);
#6342=CARTESIAN_POINT('',(1.5825E1,-6.035E0,0.E0));
#6343=DIRECTION('',(0.E0,1.E0,0.E0));
#6344=DIRECTION('',(1.E0,0.E0,0.E0));
#6345=AXIS2_PLACEMENT_3D('',#6342,#6343,#6344);
#6346=PLANE('',#6345);
#6347=ORIENTED_EDGE('',*,*,#6321,.F.);
#6348=ORIENTED_EDGE('',*,*,#6337,.T.);
#6349=EDGE_LOOP('',(#6347,#6348));
#6350=FACE_OUTER_BOUND('',#6349,.F.);
#6351=ADVANCED_FACE('',(#6350),#6346,.F.);
#6352=CARTESIAN_POINT('',(1.6915E1,1.205E0,3.47E0));
#6353=DIRECTION('',(1.E0,0.E0,0.E0));
#6354=DIRECTION('',(0.E0,1.E0,0.E0));
#6355=AXIS2_PLACEMENT_3D('',#6352,#6353,#6354);
#6356=PLANE('',#6355);
#6357=ORIENTED_EDGE('',*,*,#4951,.T.);
#6358=ORIENTED_EDGE('',*,*,#4549,.T.);
#6359=ORIENTED_EDGE('',*,*,#5703,.T.);
#6360=ORIENTED_EDGE('',*,*,#6237,.T.);
#6361=EDGE_LOOP('',(#6357,#6358,#6359,#6360));
#6362=FACE_OUTER_BOUND('',#6361,.F.);
#6363=ADVANCED_FACE('',(#6362),#6356,.F.);
#6364=CARTESIAN_POINT('',(1.4735E1,1.585E0,3.47E0));
#6365=DIRECTION('',(-1.E0,0.E0,0.E0));
#6366=DIRECTION('',(0.E0,-1.E0,0.E0));
#6367=AXIS2_PLACEMENT_3D('',#6364,#6365,#6366);
#6368=PLANE('',#6367);
#6369=ORIENTED_EDGE('',*,*,#4955,.T.);
#6370=ORIENTED_EDGE('',*,*,#6240,.F.);
#6371=ORIENTED_EDGE('',*,*,#5699,.F.);
#6372=ORIENTED_EDGE('',*,*,#4571,.F.);
#6373=EDGE_LOOP('',(#6369,#6370,#6371,#6372));
#6374=FACE_OUTER_BOUND('',#6373,.F.);
#6375=ADVANCED_FACE('',(#6374),#6368,.F.);
#6376=CARTESIAN_POINT('',(1.2955E1,-1.585E0,3.47E0));
#6377=DIRECTION('',(1.E0,0.E0,0.E0));
#6378=DIRECTION('',(0.E0,1.E0,0.E0));
#6379=AXIS2_PLACEMENT_3D('',#6376,#6377,#6378);
#6380=PLANE('',#6379);
#6381=ORIENTED_EDGE('',*,*,#4398,.T.);
#6383=ORIENTED_EDGE('',*,*,#6382,.F.);
#6384=ORIENTED_EDGE('',*,*,#5558,.F.);
#6385=ORIENTED_EDGE('',*,*,#5428,.F.);
#6386=EDGE_LOOP('',(#6381,#6383,#6384,#6385));
#6387=FACE_OUTER_BOUND('',#6386,.F.);
#6388=ADVANCED_FACE('',(#6387),#6380,.F.);
#6389=CARTESIAN_POINT('',(1.2955E1,-1.205E0,3.47E0));
#6390=DIRECTION('',(0.E0,1.E0,0.E0));
#6391=DIRECTION('',(-1.E0,0.E0,0.E0));
#6392=AXIS2_PLACEMENT_3D('',#6389,#6390,#6391);
#6393=PLANE('',#6392);
#6394=ORIENTED_EDGE('',*,*,#4396,.T.);
#6396=ORIENTED_EDGE('',*,*,#6395,.F.);
#6397=ORIENTED_EDGE('',*,*,#5560,.F.);
#6398=ORIENTED_EDGE('',*,*,#6382,.T.);
#6399=EDGE_LOOP('',(#6394,#6396,#6397,#6398));
#6400=FACE_OUTER_BOUND('',#6399,.F.);
#6402=ORIENTED_EDGE('',*,*,#6401,.F.);
#6404=ORIENTED_EDGE('',*,*,#6403,.F.);
#6405=EDGE_LOOP('',(#6402,#6404));
#6406=FACE_BOUND('',#6405,.F.);
#6407=ADVANCED_FACE('',(#6400,#6406),#6393,.F.);
#6408=CARTESIAN_POINT('',(1.0775E1,-1.205E0,3.47E0));
#6409=DIRECTION('',(-1.E0,0.E0,0.E0));
#6410=DIRECTION('',(0.E0,-1.E0,0.E0));
#6411=AXIS2_PLACEMENT_3D('',#6408,#6409,#6410);
#6412=PLANE('',#6411);
#6413=ORIENTED_EDGE('',*,*,#4394,.F.);
#6414=ORIENTED_EDGE('',*,*,#5400,.T.);
#6415=ORIENTED_EDGE('',*,*,#5562,.T.);
#6416=ORIENTED_EDGE('',*,*,#6395,.T.);
#6417=EDGE_LOOP('',(#6413,#6414,#6415,#6416));
#6418=FACE_OUTER_BOUND('',#6417,.F.);
#6419=ADVANCED_FACE('',(#6418),#6412,.F.);
#6420=CARTESIAN_POINT('',(1.1865E1,-6.9875E0,0.E0));
#6421=DIRECTION('',(0.E0,1.E0,0.E0));
#6422=DIRECTION('',(1.E0,0.E0,0.E0));
#6423=AXIS2_PLACEMENT_3D('',#6420,#6421,#6422);
#6424=CYLINDRICAL_SURFACE('',#6423,5.7E-1);
#6426=ORIENTED_EDGE('',*,*,#6425,.F.);
#6428=ORIENTED_EDGE('',*,*,#6427,.T.);
#6430=ORIENTED_EDGE('',*,*,#6429,.T.);
#6432=ORIENTED_EDGE('',*,*,#6431,.F.);
#6433=EDGE_LOOP('',(#6426,#6428,#6430,#6432));
#6434=FACE_OUTER_BOUND('',#6433,.F.);
#6435=ADVANCED_FACE('',(#6434),#6424,.T.);
#6436=CARTESIAN_POINT('',(1.1865E1,-6.9875E0,0.E0));
#6437=DIRECTION('',(0.E0,1.E0,0.E0));
#6438=DIRECTION('',(1.E0,0.E0,0.E0));
#6439=AXIS2_PLACEMENT_3D('',#6436,#6437,#6438);
#6440=CYLINDRICAL_SURFACE('',#6439,5.7E-1);
#6441=ORIENTED_EDGE('',*,*,#6401,.T.);
#6443=ORIENTED_EDGE('',*,*,#6442,.F.);
#6445=ORIENTED_EDGE('',*,*,#6444,.F.);
#6447=ORIENTED_EDGE('',*,*,#6446,.T.);
#6448=EDGE_LOOP('',(#6441,#6443,#6445,#6447));
#6449=FACE_OUTER_BOUND('',#6448,.F.);
#6450=ADVANCED_FACE('',(#6449),#6440,.T.);
#6451=CARTESIAN_POINT('',(1.0775E1,1.205E0,3.47E0));
#6452=DIRECTION('',(0.E0,-1.E0,0.E0));
#6453=DIRECTION('',(1.E0,0.E0,0.E0));
#6454=AXIS2_PLACEMENT_3D('',#6451,#6452,#6453);
#6455=PLANE('',#6454);
#6456=ORIENTED_EDGE('',*,*,#4960,.T.);
#6458=ORIENTED_EDGE('',*,*,#6457,.F.);
#6459=ORIENTED_EDGE('',*,*,#5694,.F.);
#6461=ORIENTED_EDGE('',*,*,#6460,.T.);
#6462=EDGE_LOOP('',(#6456,#6458,#6459,#6461));
#6463=FACE_OUTER_BOUND('',#6462,.F.);
#6464=ORIENTED_EDGE('',*,*,#6425,.T.);
#6466=ORIENTED_EDGE('',*,*,#6465,.T.);
#6467=EDGE_LOOP('',(#6464,#6466));
#6468=FACE_BOUND('',#6467,.F.);
#6469=ADVANCED_FACE('',(#6463,#6468),#6455,.F.);
#6470=CARTESIAN_POINT('',(1.1865E1,-6.9875E0,0.E0));
#6471=DIRECTION('',(0.E0,1.E0,0.E0));
#6472=DIRECTION('',(1.E0,0.E0,0.E0));
#6473=AXIS2_PLACEMENT_3D('',#6470,#6471,#6472);
#6474=CYLINDRICAL_SURFACE('',#6473,5.7E-1);
#6475=ORIENTED_EDGE('',*,*,#6465,.F.);
#6476=ORIENTED_EDGE('',*,*,#6431,.T.);
#6478=ORIENTED_EDGE('',*,*,#6477,.F.);
#6479=ORIENTED_EDGE('',*,*,#6427,.F.);
#6480=EDGE_LOOP('',(#6475,#6476,#6478,#6479));
#6481=FACE_OUTER_BOUND('',#6480,.F.);
#6482=ADVANCED_FACE('',(#6481),#6474,.T.);
#6483=CARTESIAN_POINT('',(1.1865E1,-6.9875E0,0.E0));
#6484=DIRECTION('',(0.E0,1.E0,0.E0));
#6485=DIRECTION('',(1.E0,0.E0,0.E0));
#6486=AXIS2_PLACEMENT_3D('',#6483,#6484,#6485);
#6487=CYLINDRICAL_SURFACE('',#6486,5.7E-1);
#6488=ORIENTED_EDGE('',*,*,#6403,.T.);
#6489=ORIENTED_EDGE('',*,*,#6446,.F.);
#6491=ORIENTED_EDGE('',*,*,#6490,.T.);
#6492=ORIENTED_EDGE('',*,*,#6442,.T.);
#6493=EDGE_LOOP('',(#6488,#6489,#6491,#6492));
#6494=FACE_OUTER_BOUND('',#6493,.F.);
#6495=ADVANCED_FACE('',(#6494),#6487,.T.);
#6496=CARTESIAN_POINT('',(1.1865E1,1.257E1,0.E0));
#6497=DIRECTION('',(0.E0,-1.E0,0.E0));
#6498=DIRECTION('',(-1.E0,0.E0,0.E0));
#6499=AXIS2_PLACEMENT_3D('',#6496,#6497,#6498);
#6500=CONICAL_SURFACE('',#6499,4.E-1,2.090798047101E1);
#6502=ORIENTED_EDGE('',*,*,#6501,.F.);
#6503=ORIENTED_EDGE('',*,*,#6477,.T.);
#6505=ORIENTED_EDGE('',*,*,#6504,.T.);
#6507=ORIENTED_EDGE('',*,*,#6506,.F.);
#6508=EDGE_LOOP('',(#6502,#6503,#6505,#6507));
#6509=FACE_OUTER_BOUND('',#6508,.F.);
#6510=ADVANCED_FACE('',(#6509),#6500,.T.);
#6511=CARTESIAN_POINT('',(1.1865E1,1.257E1,0.E0));
#6512=DIRECTION('',(0.E0,-1.E0,0.E0));
#6513=DIRECTION('',(-1.E0,0.E0,0.E0));
#6514=AXIS2_PLACEMENT_3D('',#6511,#6512,#6513);
#6515=CONICAL_SURFACE('',#6514,4.E-1,2.090798047101E1);
#6516=ORIENTED_EDGE('',*,*,#6501,.T.);
#6518=ORIENTED_EDGE('',*,*,#6517,.T.);
#6519=ORIENTED_EDGE('',*,*,#6504,.F.);
#6520=ORIENTED_EDGE('',*,*,#6429,.F.);
#6521=EDGE_LOOP('',(#6516,#6518,#6519,#6520));
#6522=FACE_OUTER_BOUND('',#6521,.F.);
#6523=ADVANCED_FACE('',(#6522),#6515,.T.);
#6524=CARTESIAN_POINT('',(1.1865E1,1.3015E1,0.E0));
#6525=DIRECTION('',(0.E0,1.E0,0.E0));
#6526=DIRECTION('',(1.E0,0.E0,0.E0));
#6527=AXIS2_PLACEMENT_3D('',#6524,#6525,#6526);
#6528=PLANE('',#6527);
#6529=ORIENTED_EDGE('',*,*,#6506,.T.);
#6530=ORIENTED_EDGE('',*,*,#6517,.F.);
#6531=EDGE_LOOP('',(#6529,#6530));
#6532=FACE_OUTER_BOUND('',#6531,.F.);
#6533=ADVANCED_FACE('',(#6532),#6528,.T.);
#6534=CARTESIAN_POINT('',(1.1865E1,-5.59E0,0.E0));
#6535=DIRECTION('',(0.E0,1.E0,0.E0));
#6536=DIRECTION('',(1.E0,0.E0,0.E0));
#6537=AXIS2_PLACEMENT_3D('',#6534,#6535,#6536);
#6538=CONICAL_SURFACE('',#6537,4.E-1,2.090798047101E1);
#6540=ORIENTED_EDGE('',*,*,#6539,.F.);
#6542=ORIENTED_EDGE('',*,*,#6541,.T.);
#6544=ORIENTED_EDGE('',*,*,#6543,.T.);
#6545=ORIENTED_EDGE('',*,*,#6490,.F.);
#6546=EDGE_LOOP('',(#6540,#6542,#6544,#6545));
#6547=FACE_OUTER_BOUND('',#6546,.F.);
#6548=ADVANCED_FACE('',(#6547),#6538,.T.);
#6549=CARTESIAN_POINT('',(1.1865E1,-5.59E0,0.E0));
#6550=DIRECTION('',(0.E0,1.E0,0.E0));
#6551=DIRECTION('',(1.E0,0.E0,0.E0));
#6552=AXIS2_PLACEMENT_3D('',#6549,#6550,#6551);
#6553=CONICAL_SURFACE('',#6552,4.E-1,2.090798047101E1);
#6554=ORIENTED_EDGE('',*,*,#6539,.T.);
#6555=ORIENTED_EDGE('',*,*,#6444,.T.);
#6556=ORIENTED_EDGE('',*,*,#6543,.F.);
#6558=ORIENTED_EDGE('',*,*,#6557,.F.);
#6559=EDGE_LOOP('',(#6554,#6555,#6556,#6558));
#6560=FACE_OUTER_BOUND('',#6559,.F.);
#6561=ADVANCED_FACE('',(#6560),#6553,.T.);
#6562=CARTESIAN_POINT('',(1.1865E1,-6.035E0,0.E0));
#6563=DIRECTION('',(0.E0,1.E0,0.E0));
#6564=DIRECTION('',(1.E0,0.E0,0.E0));
#6565=AXIS2_PLACEMENT_3D('',#6562,#6563,#6564);
#6566=PLANE('',#6565);
#6567=ORIENTED_EDGE('',*,*,#6541,.F.);
#6568=ORIENTED_EDGE('',*,*,#6557,.T.);
#6569=EDGE_LOOP('',(#6567,#6568));
#6570=FACE_OUTER_BOUND('',#6569,.F.);
#6571=ADVANCED_FACE('',(#6570),#6566,.F.);
#6572=CARTESIAN_POINT('',(1.2955E1,1.205E0,3.47E0));
#6573=DIRECTION('',(1.E0,0.E0,0.E0));
#6574=DIRECTION('',(0.E0,1.E0,0.E0));
#6575=AXIS2_PLACEMENT_3D('',#6572,#6573,#6574);
#6576=PLANE('',#6575);
#6577=ORIENTED_EDGE('',*,*,#4958,.T.);
#6578=ORIENTED_EDGE('',*,*,#4575,.T.);
#6579=ORIENTED_EDGE('',*,*,#5696,.T.);
#6580=ORIENTED_EDGE('',*,*,#6457,.T.);
#6581=EDGE_LOOP('',(#6577,#6578,#6579,#6580));
#6582=FACE_OUTER_BOUND('',#6581,.F.);
#6583=ADVANCED_FACE('',(#6582),#6576,.F.);
#6584=CARTESIAN_POINT('',(1.0775E1,1.585E0,3.47E0));
#6585=DIRECTION('',(-1.E0,0.E0,0.E0));
#6586=DIRECTION('',(0.E0,-1.E0,0.E0));
#6587=AXIS2_PLACEMENT_3D('',#6584,#6585,#6586);
#6588=PLANE('',#6587);
#6589=ORIENTED_EDGE('',*,*,#4962,.T.);
#6590=ORIENTED_EDGE('',*,*,#6460,.F.);
#6591=ORIENTED_EDGE('',*,*,#5692,.F.);
#6592=ORIENTED_EDGE('',*,*,#4799,.F.);
#6593=EDGE_LOOP('',(#6589,#6590,#6591,#6592));
#6594=FACE_OUTER_BOUND('',#6593,.F.);
#6595=ADVANCED_FACE('',(#6594),#6588,.F.);
#6596=CARTESIAN_POINT('',(8.995E0,-1.585E0,3.47E0));
#6597=DIRECTION('',(1.E0,0.E0,0.E0));
#6598=DIRECTION('',(0.E0,1.E0,0.E0));
#6599=AXIS2_PLACEMENT_3D('',#6596,#6597,#6598);
#6600=PLANE('',#6599);
#6601=ORIENTED_EDGE('',*,*,#4390,.T.);
#6603=ORIENTED_EDGE('',*,*,#6602,.F.);
#6604=ORIENTED_EDGE('',*,*,#5565,.F.);
#6605=ORIENTED_EDGE('',*,*,#5403,.F.);
#6606=EDGE_LOOP('',(#6601,#6603,#6604,#6605));
#6607=FACE_OUTER_BOUND('',#6606,.F.);
#6608=ADVANCED_FACE('',(#6607),#6600,.F.);
#6609=CARTESIAN_POINT('',(8.995E0,-1.205E0,3.47E0));
#6610=DIRECTION('',(0.E0,1.E0,0.E0));
#6611=DIRECTION('',(-1.E0,0.E0,0.E0));
#6612=AXIS2_PLACEMENT_3D('',#6609,#6610,#6611);
#6613=PLANE('',#6612);
#6614=ORIENTED_EDGE('',*,*,#4388,.T.);
#6616=ORIENTED_EDGE('',*,*,#6615,.F.);
#6617=ORIENTED_EDGE('',*,*,#5567,.F.);
#6618=ORIENTED_EDGE('',*,*,#6602,.T.);
#6619=EDGE_LOOP('',(#6614,#6616,#6617,#6618));
#6620=FACE_OUTER_BOUND('',#6619,.F.);
#6622=ORIENTED_EDGE('',*,*,#6621,.F.);
#6624=ORIENTED_EDGE('',*,*,#6623,.F.);
#6625=EDGE_LOOP('',(#6622,#6624));
#6626=FACE_BOUND('',#6625,.F.);
#6627=ADVANCED_FACE('',(#6620,#6626),#6613,.F.);
#6628=CARTESIAN_POINT('',(6.815E0,-1.205E0,3.47E0));
#6629=DIRECTION('',(-1.E0,0.E0,0.E0));
#6630=DIRECTION('',(0.E0,-1.E0,0.E0));
#6631=AXIS2_PLACEMENT_3D('',#6628,#6629,#6630);
#6632=PLANE('',#6631);
#6633=ORIENTED_EDGE('',*,*,#4386,.F.);
#6634=ORIENTED_EDGE('',*,*,#5375,.T.);
#6635=ORIENTED_EDGE('',*,*,#5569,.T.);
#6636=ORIENTED_EDGE('',*,*,#6615,.T.);
#6637=EDGE_LOOP('',(#6633,#6634,#6635,#6636));
#6638=FACE_OUTER_BOUND('',#6637,.F.);
#6639=ADVANCED_FACE('',(#6638),#6632,.F.);
#6640=CARTESIAN_POINT('',(7.905E0,-6.9875E0,0.E0));
#6641=DIRECTION('',(0.E0,1.E0,0.E0));
#6642=DIRECTION('',(1.E0,0.E0,0.E0));
#6643=AXIS2_PLACEMENT_3D('',#6640,#6641,#6642);
#6644=CYLINDRICAL_SURFACE('',#6643,5.7E-1);
#6646=ORIENTED_EDGE('',*,*,#6645,.F.);
#6648=ORIENTED_EDGE('',*,*,#6647,.T.);
#6650=ORIENTED_EDGE('',*,*,#6649,.T.);
#6652=ORIENTED_EDGE('',*,*,#6651,.F.);
#6653=EDGE_LOOP('',(#6646,#6648,#6650,#6652));
#6654=FACE_OUTER_BOUND('',#6653,.F.);
#6655=ADVANCED_FACE('',(#6654),#6644,.T.);
#6656=CARTESIAN_POINT('',(7.905E0,-6.9875E0,0.E0));
#6657=DIRECTION('',(0.E0,1.E0,0.E0));
#6658=DIRECTION('',(1.E0,0.E0,0.E0));
#6659=AXIS2_PLACEMENT_3D('',#6656,#6657,#6658);
#6660=CYLINDRICAL_SURFACE('',#6659,5.7E-1);
#6661=ORIENTED_EDGE('',*,*,#6621,.T.);
#6663=ORIENTED_EDGE('',*,*,#6662,.F.);
#6665=ORIENTED_EDGE('',*,*,#6664,.F.);
#6667=ORIENTED_EDGE('',*,*,#6666,.T.);
#6668=EDGE_LOOP('',(#6661,#6663,#6665,#6667));
#6669=FACE_OUTER_BOUND('',#6668,.F.);
#6670=ADVANCED_FACE('',(#6669),#6660,.T.);
#6671=CARTESIAN_POINT('',(6.815E0,1.205E0,3.47E0));
#6672=DIRECTION('',(0.E0,-1.E0,0.E0));
#6673=DIRECTION('',(1.E0,0.E0,0.E0));
#6674=AXIS2_PLACEMENT_3D('',#6671,#6672,#6673);
#6675=PLANE('',#6674);
#6676=ORIENTED_EDGE('',*,*,#4899,.T.);
#6678=ORIENTED_EDGE('',*,*,#6677,.F.);
#6679=ORIENTED_EDGE('',*,*,#5687,.F.);
#6681=ORIENTED_EDGE('',*,*,#6680,.T.);
#6682=EDGE_LOOP('',(#6676,#6678,#6679,#6681));
#6683=FACE_OUTER_BOUND('',#6682,.F.);
#6684=ORIENTED_EDGE('',*,*,#6645,.T.);
#6686=ORIENTED_EDGE('',*,*,#6685,.T.);
#6687=EDGE_LOOP('',(#6684,#6686));
#6688=FACE_BOUND('',#6687,.F.);
#6689=ADVANCED_FACE('',(#6683,#6688),#6675,.F.);
#6690=CARTESIAN_POINT('',(7.905E0,-6.9875E0,0.E0));
#6691=DIRECTION('',(0.E0,1.E0,0.E0));
#6692=DIRECTION('',(1.E0,0.E0,0.E0));
#6693=AXIS2_PLACEMENT_3D('',#6690,#6691,#6692);
#6694=CYLINDRICAL_SURFACE('',#6693,5.7E-1);
#6695=ORIENTED_EDGE('',*,*,#6685,.F.);
#6696=ORIENTED_EDGE('',*,*,#6651,.T.);
#6698=ORIENTED_EDGE('',*,*,#6697,.F.);
#6699=ORIENTED_EDGE('',*,*,#6647,.F.);
#6700=EDGE_LOOP('',(#6695,#6696,#6698,#6699));
#6701=FACE_OUTER_BOUND('',#6700,.F.);
#6702=ADVANCED_FACE('',(#6701),#6694,.T.);
#6703=CARTESIAN_POINT('',(7.905E0,-6.9875E0,0.E0));
#6704=DIRECTION('',(0.E0,1.E0,0.E0));
#6705=DIRECTION('',(1.E0,0.E0,0.E0));
#6706=AXIS2_PLACEMENT_3D('',#6703,#6704,#6705);
#6707=CYLINDRICAL_SURFACE('',#6706,5.7E-1);
#6708=ORIENTED_EDGE('',*,*,#6623,.T.);
#6709=ORIENTED_EDGE('',*,*,#6666,.F.);
#6711=ORIENTED_EDGE('',*,*,#6710,.T.);
#6712=ORIENTED_EDGE('',*,*,#6662,.T.);
#6713=EDGE_LOOP('',(#6708,#6709,#6711,#6712));
#6714=FACE_OUTER_BOUND('',#6713,.F.);
#6715=ADVANCED_FACE('',(#6714),#6707,.T.);
#6716=CARTESIAN_POINT('',(7.905E0,1.257E1,0.E0));
#6717=DIRECTION('',(0.E0,-1.E0,0.E0));
#6718=DIRECTION('',(-1.E0,0.E0,0.E0));
#6719=AXIS2_PLACEMENT_3D('',#6716,#6717,#6718);
#6720=CONICAL_SURFACE('',#6719,4.E-1,2.090798047101E1);
#6722=ORIENTED_EDGE('',*,*,#6721,.F.);
#6723=ORIENTED_EDGE('',*,*,#6697,.T.);
#6725=ORIENTED_EDGE('',*,*,#6724,.T.);
#6727=ORIENTED_EDGE('',*,*,#6726,.F.);
#6728=EDGE_LOOP('',(#6722,#6723,#6725,#6727));
#6729=FACE_OUTER_BOUND('',#6728,.F.);
#6730=ADVANCED_FACE('',(#6729),#6720,.T.);
#6731=CARTESIAN_POINT('',(7.905E0,1.257E1,0.E0));
#6732=DIRECTION('',(0.E0,-1.E0,0.E0));
#6733=DIRECTION('',(-1.E0,0.E0,0.E0));
#6734=AXIS2_PLACEMENT_3D('',#6731,#6732,#6733);
#6735=CONICAL_SURFACE('',#6734,4.E-1,2.090798047101E1);
#6736=ORIENTED_EDGE('',*,*,#6721,.T.);
#6738=ORIENTED_EDGE('',*,*,#6737,.T.);
#6739=ORIENTED_EDGE('',*,*,#6724,.F.);
#6740=ORIENTED_EDGE('',*,*,#6649,.F.);
#6741=EDGE_LOOP('',(#6736,#6738,#6739,#6740));
#6742=FACE_OUTER_BOUND('',#6741,.F.);
#6743=ADVANCED_FACE('',(#6742),#6735,.T.);
#6744=CARTESIAN_POINT('',(7.905E0,1.3015E1,0.E0));
#6745=DIRECTION('',(0.E0,1.E0,0.E0));
#6746=DIRECTION('',(1.E0,0.E0,0.E0));
#6747=AXIS2_PLACEMENT_3D('',#6744,#6745,#6746);
#6748=PLANE('',#6747);
#6749=ORIENTED_EDGE('',*,*,#6726,.T.);
#6750=ORIENTED_EDGE('',*,*,#6737,.F.);
#6751=EDGE_LOOP('',(#6749,#6750));
#6752=FACE_OUTER_BOUND('',#6751,.F.);
#6753=ADVANCED_FACE('',(#6752),#6748,.T.);
#6754=CARTESIAN_POINT('',(7.905E0,-5.59E0,0.E0));
#6755=DIRECTION('',(0.E0,1.E0,0.E0));
#6756=DIRECTION('',(1.E0,0.E0,0.E0));
#6757=AXIS2_PLACEMENT_3D('',#6754,#6755,#6756);
#6758=CONICAL_SURFACE('',#6757,4.E-1,2.090798047101E1);
#6760=ORIENTED_EDGE('',*,*,#6759,.F.);
#6762=ORIENTED_EDGE('',*,*,#6761,.T.);
#6764=ORIENTED_EDGE('',*,*,#6763,.T.);
#6765=ORIENTED_EDGE('',*,*,#6710,.F.);
#6766=EDGE_LOOP('',(#6760,#6762,#6764,#6765));
#6767=FACE_OUTER_BOUND('',#6766,.F.);
#6768=ADVANCED_FACE('',(#6767),#6758,.T.);
#6769=CARTESIAN_POINT('',(7.905E0,-5.59E0,0.E0));
#6770=DIRECTION('',(0.E0,1.E0,0.E0));
#6771=DIRECTION('',(1.E0,0.E0,0.E0));
#6772=AXIS2_PLACEMENT_3D('',#6769,#6770,#6771);
#6773=CONICAL_SURFACE('',#6772,4.E-1,2.090798047101E1);
#6774=ORIENTED_EDGE('',*,*,#6759,.T.);
#6775=ORIENTED_EDGE('',*,*,#6664,.T.);
#6776=ORIENTED_EDGE('',*,*,#6763,.F.);
#6778=ORIENTED_EDGE('',*,*,#6777,.F.);
#6779=EDGE_LOOP('',(#6774,#6775,#6776,#6778));
#6780=FACE_OUTER_BOUND('',#6779,.F.);
#6781=ADVANCED_FACE('',(#6780),#6773,.T.);
#6782=CARTESIAN_POINT('',(7.905E0,-6.035E0,0.E0));
#6783=DIRECTION('',(0.E0,1.E0,0.E0));
#6784=DIRECTION('',(1.E0,0.E0,0.E0));
#6785=AXIS2_PLACEMENT_3D('',#6782,#6783,#6784);
#6786=PLANE('',#6785);
#6787=ORIENTED_EDGE('',*,*,#6761,.F.);
#6788=ORIENTED_EDGE('',*,*,#6777,.T.);
#6789=EDGE_LOOP('',(#6787,#6788));
#6790=FACE_OUTER_BOUND('',#6789,.F.);
#6791=ADVANCED_FACE('',(#6790),#6786,.F.);
#6792=CARTESIAN_POINT('',(8.995E0,1.205E0,3.47E0));
#6793=DIRECTION('',(1.E0,0.E0,0.E0));
#6794=DIRECTION('',(0.E0,1.E0,0.E0));
#6795=AXIS2_PLACEMENT_3D('',#6792,#6793,#6794);
#6796=PLANE('',#6795);
#6797=ORIENTED_EDGE('',*,*,#4897,.T.);
#6798=ORIENTED_EDGE('',*,*,#4803,.T.);
#6799=ORIENTED_EDGE('',*,*,#5689,.T.);
#6800=ORIENTED_EDGE('',*,*,#6677,.T.);
#6801=EDGE_LOOP('',(#6797,#6798,#6799,#6800));
#6802=FACE_OUTER_BOUND('',#6801,.F.);
#6803=ADVANCED_FACE('',(#6802),#6796,.F.);
#6804=CARTESIAN_POINT('',(6.815E0,1.585E0,3.47E0));
#6805=DIRECTION('',(-1.E0,0.E0,0.E0));
#6806=DIRECTION('',(0.E0,-1.E0,0.E0));
#6807=AXIS2_PLACEMENT_3D('',#6804,#6805,#6806);
#6808=PLANE('',#6807);
#6809=ORIENTED_EDGE('',*,*,#4901,.T.);
#6810=ORIENTED_EDGE('',*,*,#6680,.F.);
#6811=ORIENTED_EDGE('',*,*,#5685,.F.);
#6812=ORIENTED_EDGE('',*,*,#4597,.F.);
#6813=EDGE_LOOP('',(#6809,#6810,#6811,#6812));
#6814=FACE_OUTER_BOUND('',#6813,.F.);
#6815=ADVANCED_FACE('',(#6814),#6808,.F.);
#6816=CARTESIAN_POINT('',(5.035E0,-1.585E0,3.47E0));
#6817=DIRECTION('',(1.E0,0.E0,0.E0));
#6818=DIRECTION('',(0.E0,1.E0,0.E0));
#6819=AXIS2_PLACEMENT_3D('',#6816,#6817,#6818);
#6820=PLANE('',#6819);
#6821=ORIENTED_EDGE('',*,*,#4382,.T.);
#6823=ORIENTED_EDGE('',*,*,#6822,.F.);
#6824=ORIENTED_EDGE('',*,*,#5572,.F.);
#6825=ORIENTED_EDGE('',*,*,#5378,.F.);
#6826=EDGE_LOOP('',(#6821,#6823,#6824,#6825));
#6827=FACE_OUTER_BOUND('',#6826,.F.);
#6828=ADVANCED_FACE('',(#6827),#6820,.F.);
#6829=CARTESIAN_POINT('',(5.035E0,-1.205E0,3.47E0));
#6830=DIRECTION('',(0.E0,1.E0,0.E0));
#6831=DIRECTION('',(-1.E0,0.E0,0.E0));
#6832=AXIS2_PLACEMENT_3D('',#6829,#6830,#6831);
#6833=PLANE('',#6832);
#6834=ORIENTED_EDGE('',*,*,#4380,.T.);
#6836=ORIENTED_EDGE('',*,*,#6835,.F.);
#6837=ORIENTED_EDGE('',*,*,#5574,.F.);
#6838=ORIENTED_EDGE('',*,*,#6822,.T.);
#6839=EDGE_LOOP('',(#6834,#6836,#6837,#6838));
#6840=FACE_OUTER_BOUND('',#6839,.F.);
#6842=ORIENTED_EDGE('',*,*,#6841,.F.);
#6844=ORIENTED_EDGE('',*,*,#6843,.F.);
#6845=EDGE_LOOP('',(#6842,#6844));
#6846=FACE_BOUND('',#6845,.F.);
#6847=ADVANCED_FACE('',(#6840,#6846),#6833,.F.);
#6848=CARTESIAN_POINT('',(2.855E0,-1.205E0,3.47E0));
#6849=DIRECTION('',(-1.E0,0.E0,0.E0));
#6850=DIRECTION('',(0.E0,-1.E0,0.E0));
#6851=AXIS2_PLACEMENT_3D('',#6848,#6849,#6850);
#6852=PLANE('',#6851);
#6853=ORIENTED_EDGE('',*,*,#4378,.F.);
#6854=ORIENTED_EDGE('',*,*,#5350,.T.);
#6855=ORIENTED_EDGE('',*,*,#5576,.T.);
#6856=ORIENTED_EDGE('',*,*,#6835,.T.);
#6857=EDGE_LOOP('',(#6853,#6854,#6855,#6856));
#6858=FACE_OUTER_BOUND('',#6857,.F.);
#6859=ADVANCED_FACE('',(#6858),#6852,.F.);
#6860=CARTESIAN_POINT('',(3.945E0,-6.9875E0,0.E0));
#6861=DIRECTION('',(0.E0,1.E0,0.E0));
#6862=DIRECTION('',(1.E0,0.E0,0.E0));
#6863=AXIS2_PLACEMENT_3D('',#6860,#6861,#6862);
#6864=CYLINDRICAL_SURFACE('',#6863,5.7E-1);
#6866=ORIENTED_EDGE('',*,*,#6865,.F.);
#6868=ORIENTED_EDGE('',*,*,#6867,.T.);
#6870=ORIENTED_EDGE('',*,*,#6869,.T.);
#6872=ORIENTED_EDGE('',*,*,#6871,.F.);
#6873=EDGE_LOOP('',(#6866,#6868,#6870,#6872));
#6874=FACE_OUTER_BOUND('',#6873,.F.);
#6875=ADVANCED_FACE('',(#6874),#6864,.T.);
#6876=CARTESIAN_POINT('',(3.945E0,-6.9875E0,0.E0));
#6877=DIRECTION('',(0.E0,1.E0,0.E0));
#6878=DIRECTION('',(1.E0,0.E0,0.E0));
#6879=AXIS2_PLACEMENT_3D('',#6876,#6877,#6878);
#6880=CYLINDRICAL_SURFACE('',#6879,5.7E-1);
#6881=ORIENTED_EDGE('',*,*,#6841,.T.);
#6883=ORIENTED_EDGE('',*,*,#6882,.F.);
#6885=ORIENTED_EDGE('',*,*,#6884,.F.);
#6887=ORIENTED_EDGE('',*,*,#6886,.T.);
#6888=EDGE_LOOP('',(#6881,#6883,#6885,#6887));
#6889=FACE_OUTER_BOUND('',#6888,.F.);
#6890=ADVANCED_FACE('',(#6889),#6880,.T.);
#6891=CARTESIAN_POINT('',(2.855E0,1.205E0,3.47E0));
#6892=DIRECTION('',(0.E0,-1.E0,0.E0));
#6893=DIRECTION('',(1.E0,0.E0,0.E0));
#6894=AXIS2_PLACEMENT_3D('',#6891,#6892,#6893);
#6895=PLANE('',#6894);
#6896=ORIENTED_EDGE('',*,*,#4906,.T.);
#6898=ORIENTED_EDGE('',*,*,#6897,.F.);
#6899=ORIENTED_EDGE('',*,*,#5680,.F.);
#6901=ORIENTED_EDGE('',*,*,#6900,.T.);
#6902=EDGE_LOOP('',(#6896,#6898,#6899,#6901));
#6903=FACE_OUTER_BOUND('',#6902,.F.);
#6904=ORIENTED_EDGE('',*,*,#6865,.T.);
#6906=ORIENTED_EDGE('',*,*,#6905,.T.);
#6907=EDGE_LOOP('',(#6904,#6906));
#6908=FACE_BOUND('',#6907,.F.);
#6909=ADVANCED_FACE('',(#6903,#6908),#6895,.F.);
#6910=CARTESIAN_POINT('',(3.945E0,-6.9875E0,0.E0));
#6911=DIRECTION('',(0.E0,1.E0,0.E0));
#6912=DIRECTION('',(1.E0,0.E0,0.E0));
#6913=AXIS2_PLACEMENT_3D('',#6910,#6911,#6912);
#6914=CYLINDRICAL_SURFACE('',#6913,5.7E-1);
#6915=ORIENTED_EDGE('',*,*,#6905,.F.);
#6916=ORIENTED_EDGE('',*,*,#6871,.T.);
#6918=ORIENTED_EDGE('',*,*,#6917,.F.);
#6919=ORIENTED_EDGE('',*,*,#6867,.F.);
#6920=EDGE_LOOP('',(#6915,#6916,#6918,#6919));
#6921=FACE_OUTER_BOUND('',#6920,.F.);
#6922=ADVANCED_FACE('',(#6921),#6914,.T.);
#6923=CARTESIAN_POINT('',(3.945E0,-6.9875E0,0.E0));
#6924=DIRECTION('',(0.E0,1.E0,0.E0));
#6925=DIRECTION('',(1.E0,0.E0,0.E0));
#6926=AXIS2_PLACEMENT_3D('',#6923,#6924,#6925);
#6927=CYLINDRICAL_SURFACE('',#6926,5.7E-1);
#6928=ORIENTED_EDGE('',*,*,#6843,.T.);
#6929=ORIENTED_EDGE('',*,*,#6886,.F.);
#6931=ORIENTED_EDGE('',*,*,#6930,.T.);
#6932=ORIENTED_EDGE('',*,*,#6882,.T.);
#6933=EDGE_LOOP('',(#6928,#6929,#6931,#6932));
#6934=FACE_OUTER_BOUND('',#6933,.F.);
#6935=ADVANCED_FACE('',(#6934),#6927,.T.);
#6936=CARTESIAN_POINT('',(3.945E0,1.257E1,0.E0));
#6937=DIRECTION('',(0.E0,-1.E0,0.E0));
#6938=DIRECTION('',(-1.E0,0.E0,0.E0));
#6939=AXIS2_PLACEMENT_3D('',#6936,#6937,#6938);
#6940=CONICAL_SURFACE('',#6939,4.E-1,2.090798047101E1);
#6942=ORIENTED_EDGE('',*,*,#6941,.F.);
#6943=ORIENTED_EDGE('',*,*,#6917,.T.);
#6945=ORIENTED_EDGE('',*,*,#6944,.T.);
#6947=ORIENTED_EDGE('',*,*,#6946,.F.);
#6948=EDGE_LOOP('',(#6942,#6943,#6945,#6947));
#6949=FACE_OUTER_BOUND('',#6948,.F.);
#6950=ADVANCED_FACE('',(#6949),#6940,.T.);
#6951=CARTESIAN_POINT('',(3.945E0,1.257E1,0.E0));
#6952=DIRECTION('',(0.E0,-1.E0,0.E0));
#6953=DIRECTION('',(-1.E0,0.E0,0.E0));
#6954=AXIS2_PLACEMENT_3D('',#6951,#6952,#6953);
#6955=CONICAL_SURFACE('',#6954,4.E-1,2.090798047101E1);
#6956=ORIENTED_EDGE('',*,*,#6941,.T.);
#6958=ORIENTED_EDGE('',*,*,#6957,.T.);
#6959=ORIENTED_EDGE('',*,*,#6944,.F.);
#6960=ORIENTED_EDGE('',*,*,#6869,.F.);
#6961=EDGE_LOOP('',(#6956,#6958,#6959,#6960));
#6962=FACE_OUTER_BOUND('',#6961,.F.);
#6963=ADVANCED_FACE('',(#6962),#6955,.T.);
#6964=CARTESIAN_POINT('',(3.945E0,1.3015E1,0.E0));
#6965=DIRECTION('',(0.E0,1.E0,0.E0));
#6966=DIRECTION('',(1.E0,0.E0,0.E0));
#6967=AXIS2_PLACEMENT_3D('',#6964,#6965,#6966);
#6968=PLANE('',#6967);
#6969=ORIENTED_EDGE('',*,*,#6946,.T.);
#6970=ORIENTED_EDGE('',*,*,#6957,.F.);
#6971=EDGE_LOOP('',(#6969,#6970));
#6972=FACE_OUTER_BOUND('',#6971,.F.);
#6973=ADVANCED_FACE('',(#6972),#6968,.T.);
#6974=CARTESIAN_POINT('',(3.945E0,-5.59E0,0.E0));
#6975=DIRECTION('',(0.E0,1.E0,0.E0));
#6976=DIRECTION('',(1.E0,0.E0,0.E0));
#6977=AXIS2_PLACEMENT_3D('',#6974,#6975,#6976);
#6978=CONICAL_SURFACE('',#6977,4.E-1,2.090798047101E1);
#6980=ORIENTED_EDGE('',*,*,#6979,.F.);
#6982=ORIENTED_EDGE('',*,*,#6981,.T.);
#6984=ORIENTED_EDGE('',*,*,#6983,.T.);
#6985=ORIENTED_EDGE('',*,*,#6930,.F.);
#6986=EDGE_LOOP('',(#6980,#6982,#6984,#6985));
#6987=FACE_OUTER_BOUND('',#6986,.F.);
#6988=ADVANCED_FACE('',(#6987),#6978,.T.);
#6989=CARTESIAN_POINT('',(3.945E0,-5.59E0,0.E0));
#6990=DIRECTION('',(0.E0,1.E0,0.E0));
#6991=DIRECTION('',(1.E0,0.E0,0.E0));
#6992=AXIS2_PLACEMENT_3D('',#6989,#6990,#6991);
#6993=CONICAL_SURFACE('',#6992,4.E-1,2.090798047101E1);
#6994=ORIENTED_EDGE('',*,*,#6979,.T.);
#6995=ORIENTED_EDGE('',*,*,#6884,.T.);
#6996=ORIENTED_EDGE('',*,*,#6983,.F.);
#6998=ORIENTED_EDGE('',*,*,#6997,.F.);
#6999=EDGE_LOOP('',(#6994,#6995,#6996,#6998));
#7000=FACE_OUTER_BOUND('',#6999,.F.);
#7001=ADVANCED_FACE('',(#7000),#6993,.T.);
#7002=CARTESIAN_POINT('',(3.945E0,-6.035E0,0.E0));
#7003=DIRECTION('',(0.E0,1.E0,0.E0));
#7004=DIRECTION('',(1.E0,0.E0,0.E0));
#7005=AXIS2_PLACEMENT_3D('',#7002,#7003,#7004);
#7006=PLANE('',#7005);
#7007=ORIENTED_EDGE('',*,*,#6981,.F.);
#7008=ORIENTED_EDGE('',*,*,#6997,.T.);
#7009=EDGE_LOOP('',(#7007,#7008));
#7010=FACE_OUTER_BOUND('',#7009,.F.);
#7011=ADVANCED_FACE('',(#7010),#7006,.F.);
#7012=CARTESIAN_POINT('',(5.035E0,1.205E0,3.47E0));
#7013=DIRECTION('',(1.E0,0.E0,0.E0));
#7014=DIRECTION('',(0.E0,1.E0,0.E0));
#7015=AXIS2_PLACEMENT_3D('',#7012,#7013,#7014);
#7016=PLANE('',#7015);
#7017=ORIENTED_EDGE('',*,*,#4904,.T.);
#7018=ORIENTED_EDGE('',*,*,#4601,.T.);
#7019=ORIENTED_EDGE('',*,*,#5682,.T.);
#7020=ORIENTED_EDGE('',*,*,#6897,.T.);
#7021=EDGE_LOOP('',(#7017,#7018,#7019,#7020));
#7022=FACE_OUTER_BOUND('',#7021,.F.);
#7023=ADVANCED_FACE('',(#7022),#7016,.F.);
#7024=CARTESIAN_POINT('',(2.855E0,1.585E0,3.47E0));
#7025=DIRECTION('',(-1.E0,0.E0,0.E0));
#7026=DIRECTION('',(0.E0,-1.E0,0.E0));
#7027=AXIS2_PLACEMENT_3D('',#7024,#7025,#7026);
#7028=PLANE('',#7027);
#7029=ORIENTED_EDGE('',*,*,#4908,.T.);
#7030=ORIENTED_EDGE('',*,*,#6900,.F.);
#7031=ORIENTED_EDGE('',*,*,#5678,.F.);
#7032=ORIENTED_EDGE('',*,*,#4701,.F.);
#7033=EDGE_LOOP('',(#7029,#7030,#7031,#7032));
#7034=FACE_OUTER_BOUND('',#7033,.F.);
#7035=ADVANCED_FACE('',(#7034),#7028,.F.);
#7036=CARTESIAN_POINT('',(1.075E0,-1.585E0,3.47E0));
#7037=DIRECTION('',(1.E0,0.E0,0.E0));
#7038=DIRECTION('',(0.E0,1.E0,0.E0));
#7039=AXIS2_PLACEMENT_3D('',#7036,#7037,#7038);
#7040=PLANE('',#7039);
#7041=ORIENTED_EDGE('',*,*,#4374,.T.);
#7043=ORIENTED_EDGE('',*,*,#7042,.F.);
#7044=ORIENTED_EDGE('',*,*,#5579,.F.);
#7045=ORIENTED_EDGE('',*,*,#5353,.F.);
#7046=EDGE_LOOP('',(#7041,#7043,#7044,#7045));
#7047=FACE_OUTER_BOUND('',#7046,.F.);
#7048=ADVANCED_FACE('',(#7047),#7040,.F.);
#7049=CARTESIAN_POINT('',(1.075E0,-1.205E0,3.47E0));
#7050=DIRECTION('',(0.E0,1.E0,0.E0));
#7051=DIRECTION('',(-1.E0,0.E0,0.E0));
#7052=AXIS2_PLACEMENT_3D('',#7049,#7050,#7051);
#7053=PLANE('',#7052);
#7054=ORIENTED_EDGE('',*,*,#4372,.T.);
#7056=ORIENTED_EDGE('',*,*,#7055,.F.);
#7057=ORIENTED_EDGE('',*,*,#5581,.F.);
#7058=ORIENTED_EDGE('',*,*,#7042,.T.);
#7059=EDGE_LOOP('',(#7054,#7056,#7057,#7058));
#7060=FACE_OUTER_BOUND('',#7059,.F.);
#7062=ORIENTED_EDGE('',*,*,#7061,.F.);
#7064=ORIENTED_EDGE('',*,*,#7063,.F.);
#7065=EDGE_LOOP('',(#7062,#7064));
#7066=FACE_BOUND('',#7065,.F.);
#7067=ADVANCED_FACE('',(#7060,#7066),#7053,.F.);
#7068=CARTESIAN_POINT('',(-1.105E0,-1.205E0,3.47E0));
#7069=DIRECTION('',(-1.E0,0.E0,0.E0));
#7070=DIRECTION('',(0.E0,-1.E0,0.E0));
#7071=AXIS2_PLACEMENT_3D('',#7068,#7069,#7070);
#7072=PLANE('',#7071);
#7073=ORIENTED_EDGE('',*,*,#4370,.F.);
#7074=ORIENTED_EDGE('',*,*,#5325,.T.);
#7075=ORIENTED_EDGE('',*,*,#5583,.T.);
#7076=ORIENTED_EDGE('',*,*,#7055,.T.);
#7077=EDGE_LOOP('',(#7073,#7074,#7075,#7076));
#7078=FACE_OUTER_BOUND('',#7077,.F.);
#7079=ADVANCED_FACE('',(#7078),#7072,.F.);
#7080=CARTESIAN_POINT('',(-1.5E-2,-6.9875E0,0.E0));
#7081=DIRECTION('',(0.E0,1.E0,0.E0));
#7082=DIRECTION('',(1.E0,0.E0,0.E0));
#7083=AXIS2_PLACEMENT_3D('',#7080,#7081,#7082);
#7084=CYLINDRICAL_SURFACE('',#7083,5.7E-1);
#7086=ORIENTED_EDGE('',*,*,#7085,.F.);
#7088=ORIENTED_EDGE('',*,*,#7087,.T.);
#7090=ORIENTED_EDGE('',*,*,#7089,.T.);
#7092=ORIENTED_EDGE('',*,*,#7091,.F.);
#7093=EDGE_LOOP('',(#7086,#7088,#7090,#7092));
#7094=FACE_OUTER_BOUND('',#7093,.F.);
#7095=ADVANCED_FACE('',(#7094),#7084,.T.);
#7096=CARTESIAN_POINT('',(-1.5E-2,-6.9875E0,0.E0));
#7097=DIRECTION('',(0.E0,1.E0,0.E0));
#7098=DIRECTION('',(1.E0,0.E0,0.E0));
#7099=AXIS2_PLACEMENT_3D('',#7096,#7097,#7098);
#7100=CYLINDRICAL_SURFACE('',#7099,5.7E-1);
#7101=ORIENTED_EDGE('',*,*,#7061,.T.);
#7103=ORIENTED_EDGE('',*,*,#7102,.F.);
#7105=ORIENTED_EDGE('',*,*,#7104,.F.);
#7107=ORIENTED_EDGE('',*,*,#7106,.T.);
#7108=EDGE_LOOP('',(#7101,#7103,#7105,#7107));
#7109=FACE_OUTER_BOUND('',#7108,.F.);
#7110=ADVANCED_FACE('',(#7109),#7100,.T.);
#7111=CARTESIAN_POINT('',(-1.105E0,1.205E0,3.47E0));
#7112=DIRECTION('',(0.E0,-1.E0,0.E0));
#7113=DIRECTION('',(1.E0,0.E0,0.E0));
#7114=AXIS2_PLACEMENT_3D('',#7111,#7112,#7113);
#7115=PLANE('',#7114);
#7116=ORIENTED_EDGE('',*,*,#4913,.T.);
#7118=ORIENTED_EDGE('',*,*,#7117,.F.);
#7119=ORIENTED_EDGE('',*,*,#5673,.F.);
#7121=ORIENTED_EDGE('',*,*,#7120,.T.);
#7122=EDGE_LOOP('',(#7116,#7118,#7119,#7121));
#7123=FACE_OUTER_BOUND('',#7122,.F.);
#7124=ORIENTED_EDGE('',*,*,#7085,.T.);
#7126=ORIENTED_EDGE('',*,*,#7125,.T.);
#7127=EDGE_LOOP('',(#7124,#7126));
#7128=FACE_BOUND('',#7127,.F.);
#7129=ADVANCED_FACE('',(#7123,#7128),#7115,.F.);
#7130=CARTESIAN_POINT('',(-1.5E-2,-6.9875E0,0.E0));
#7131=DIRECTION('',(0.E0,1.E0,0.E0));
#7132=DIRECTION('',(1.E0,0.E0,0.E0));
#7133=AXIS2_PLACEMENT_3D('',#7130,#7131,#7132);
#7134=CYLINDRICAL_SURFACE('',#7133,5.7E-1);
#7135=ORIENTED_EDGE('',*,*,#7125,.F.);
#7136=ORIENTED_EDGE('',*,*,#7091,.T.);
#7138=ORIENTED_EDGE('',*,*,#7137,.F.);
#7139=ORIENTED_EDGE('',*,*,#7087,.F.);
#7140=EDGE_LOOP('',(#7135,#7136,#7138,#7139));
#7141=FACE_OUTER_BOUND('',#7140,.F.);
#7142=ADVANCED_FACE('',(#7141),#7134,.T.);
#7143=CARTESIAN_POINT('',(-1.5E-2,-6.9875E0,0.E0));
#7144=DIRECTION('',(0.E0,1.E0,0.E0));
#7145=DIRECTION('',(1.E0,0.E0,0.E0));
#7146=AXIS2_PLACEMENT_3D('',#7143,#7144,#7145);
#7147=CYLINDRICAL_SURFACE('',#7146,5.7E-1);
#7148=ORIENTED_EDGE('',*,*,#7063,.T.);
#7149=ORIENTED_EDGE('',*,*,#7106,.F.);
#7151=ORIENTED_EDGE('',*,*,#7150,.T.);
#7152=ORIENTED_EDGE('',*,*,#7102,.T.);
#7153=EDGE_LOOP('',(#7148,#7149,#7151,#7152));
#7154=FACE_OUTER_BOUND('',#7153,.F.);
#7155=ADVANCED_FACE('',(#7154),#7147,.T.);
#7156=CARTESIAN_POINT('',(-1.5E-2,1.257E1,0.E0));
#7157=DIRECTION('',(0.E0,-1.E0,0.E0));
#7158=DIRECTION('',(-1.E0,0.E0,0.E0));
#7159=AXIS2_PLACEMENT_3D('',#7156,#7157,#7158);
#7160=CONICAL_SURFACE('',#7159,4.E-1,2.090798047101E1);
#7162=ORIENTED_EDGE('',*,*,#7161,.F.);
#7163=ORIENTED_EDGE('',*,*,#7137,.T.);
#7165=ORIENTED_EDGE('',*,*,#7164,.T.);
#7167=ORIENTED_EDGE('',*,*,#7166,.F.);
#7168=EDGE_LOOP('',(#7162,#7163,#7165,#7167));
#7169=FACE_OUTER_BOUND('',#7168,.F.);
#7170=ADVANCED_FACE('',(#7169),#7160,.T.);
#7171=CARTESIAN_POINT('',(-1.5E-2,1.257E1,0.E0));
#7172=DIRECTION('',(0.E0,-1.E0,0.E0));
#7173=DIRECTION('',(-1.E0,0.E0,0.E0));
#7174=AXIS2_PLACEMENT_3D('',#7171,#7172,#7173);
#7175=CONICAL_SURFACE('',#7174,4.E-1,2.090798047101E1);
#7176=ORIENTED_EDGE('',*,*,#7161,.T.);
#7178=ORIENTED_EDGE('',*,*,#7177,.T.);
#7179=ORIENTED_EDGE('',*,*,#7164,.F.);
#7180=ORIENTED_EDGE('',*,*,#7089,.F.);
#7181=EDGE_LOOP('',(#7176,#7178,#7179,#7180));
#7182=FACE_OUTER_BOUND('',#7181,.F.);
#7183=ADVANCED_FACE('',(#7182),#7175,.T.);
#7184=CARTESIAN_POINT('',(-1.5E-2,1.3015E1,0.E0));
#7185=DIRECTION('',(0.E0,1.E0,0.E0));
#7186=DIRECTION('',(1.E0,0.E0,0.E0));
#7187=AXIS2_PLACEMENT_3D('',#7184,#7185,#7186);
#7188=PLANE('',#7187);
#7189=ORIENTED_EDGE('',*,*,#7166,.T.);
#7190=ORIENTED_EDGE('',*,*,#7177,.F.);
#7191=EDGE_LOOP('',(#7189,#7190));
#7192=FACE_OUTER_BOUND('',#7191,.F.);
#7193=ADVANCED_FACE('',(#7192),#7188,.T.);
#7194=CARTESIAN_POINT('',(-1.5E-2,-5.59E0,0.E0));
#7195=DIRECTION('',(0.E0,1.E0,0.E0));
#7196=DIRECTION('',(1.E0,0.E0,0.E0));
#7197=AXIS2_PLACEMENT_3D('',#7194,#7195,#7196);
#7198=CONICAL_SURFACE('',#7197,4.E-1,2.090798047101E1);
#7200=ORIENTED_EDGE('',*,*,#7199,.F.);
#7202=ORIENTED_EDGE('',*,*,#7201,.T.);
#7204=ORIENTED_EDGE('',*,*,#7203,.T.);
#7205=ORIENTED_EDGE('',*,*,#7150,.F.);
#7206=EDGE_LOOP('',(#7200,#7202,#7204,#7205));
#7207=FACE_OUTER_BOUND('',#7206,.F.);
#7208=ADVANCED_FACE('',(#7207),#7198,.T.);
#7209=CARTESIAN_POINT('',(-1.5E-2,-5.59E0,0.E0));
#7210=DIRECTION('',(0.E0,1.E0,0.E0));
#7211=DIRECTION('',(1.E0,0.E0,0.E0));
#7212=AXIS2_PLACEMENT_3D('',#7209,#7210,#7211);
#7213=CONICAL_SURFACE('',#7212,4.E-1,2.090798047101E1);
#7214=ORIENTED_EDGE('',*,*,#7199,.T.);
#7215=ORIENTED_EDGE('',*,*,#7104,.T.);
#7216=ORIENTED_EDGE('',*,*,#7203,.F.);
#7218=ORIENTED_EDGE('',*,*,#7217,.F.);
#7219=EDGE_LOOP('',(#7214,#7215,#7216,#7218));
#7220=FACE_OUTER_BOUND('',#7219,.F.);
#7221=ADVANCED_FACE('',(#7220),#7213,.T.);
#7222=CARTESIAN_POINT('',(-1.5E-2,-6.035E0,0.E0));
#7223=DIRECTION('',(0.E0,1.E0,0.E0));
#7224=DIRECTION('',(1.E0,0.E0,0.E0));
#7225=AXIS2_PLACEMENT_3D('',#7222,#7223,#7224);
#7226=PLANE('',#7225);
#7227=ORIENTED_EDGE('',*,*,#7201,.F.);
#7228=ORIENTED_EDGE('',*,*,#7217,.T.);
#7229=EDGE_LOOP('',(#7227,#7228));
#7230=FACE_OUTER_BOUND('',#7229,.F.);
#7231=ADVANCED_FACE('',(#7230),#7226,.F.);
#7232=CARTESIAN_POINT('',(1.075E0,1.205E0,3.47E0));
#7233=DIRECTION('',(1.E0,0.E0,0.E0));
#7234=DIRECTION('',(0.E0,1.E0,0.E0));
#7235=AXIS2_PLACEMENT_3D('',#7232,#7233,#7234);
#7236=PLANE('',#7235);
#7237=ORIENTED_EDGE('',*,*,#4911,.T.);
#7238=ORIENTED_EDGE('',*,*,#4705,.T.);
#7239=ORIENTED_EDGE('',*,*,#5675,.T.);
#7240=ORIENTED_EDGE('',*,*,#7117,.T.);
#7241=EDGE_LOOP('',(#7237,#7238,#7239,#7240));
#7242=FACE_OUTER_BOUND('',#7241,.F.);
#7243=ADVANCED_FACE('',(#7242),#7236,.F.);
#7244=CARTESIAN_POINT('',(-1.105E0,1.585E0,3.47E0));
#7245=DIRECTION('',(-1.E0,0.E0,0.E0));
#7246=DIRECTION('',(0.E0,-1.E0,0.E0));
#7247=AXIS2_PLACEMENT_3D('',#7244,#7245,#7246);
#7248=PLANE('',#7247);
#7249=ORIENTED_EDGE('',*,*,#4915,.T.);
#7250=ORIENTED_EDGE('',*,*,#7120,.F.);
#7251=ORIENTED_EDGE('',*,*,#5671,.F.);
#7252=ORIENTED_EDGE('',*,*,#4767,.F.);
#7253=EDGE_LOOP('',(#7249,#7250,#7251,#7252));
#7254=FACE_OUTER_BOUND('',#7253,.F.);
#7255=ADVANCED_FACE('',(#7254),#7248,.F.);
#7256=CARTESIAN_POINT('',(-2.885E0,-1.585E0,3.47E0));
#7257=DIRECTION('',(1.E0,0.E0,0.E0));
#7258=DIRECTION('',(0.E0,1.E0,0.E0));
#7259=AXIS2_PLACEMENT_3D('',#7256,#7257,#7258);
#7260=PLANE('',#7259);
#7261=ORIENTED_EDGE('',*,*,#4366,.T.);
#7263=ORIENTED_EDGE('',*,*,#7262,.F.);
#7264=ORIENTED_EDGE('',*,*,#5586,.F.);
#7265=ORIENTED_EDGE('',*,*,#5328,.F.);
#7266=EDGE_LOOP('',(#7261,#7263,#7264,#7265));
#7267=FACE_OUTER_BOUND('',#7266,.F.);
#7268=ADVANCED_FACE('',(#7267),#7260,.F.);
#7269=CARTESIAN_POINT('',(-2.885E0,-1.205E0,3.47E0));
#7270=DIRECTION('',(0.E0,1.E0,0.E0));
#7271=DIRECTION('',(-1.E0,0.E0,0.E0));
#7272=AXIS2_PLACEMENT_3D('',#7269,#7270,#7271);
#7273=PLANE('',#7272);
#7274=ORIENTED_EDGE('',*,*,#4364,.T.);
#7276=ORIENTED_EDGE('',*,*,#7275,.F.);
#7277=ORIENTED_EDGE('',*,*,#5588,.F.);
#7278=ORIENTED_EDGE('',*,*,#7262,.T.);
#7279=EDGE_LOOP('',(#7274,#7276,#7277,#7278));
#7280=FACE_OUTER_BOUND('',#7279,.F.);
#7282=ORIENTED_EDGE('',*,*,#7281,.F.);
#7284=ORIENTED_EDGE('',*,*,#7283,.F.);
#7285=EDGE_LOOP('',(#7282,#7284));
#7286=FACE_BOUND('',#7285,.F.);
#7287=ADVANCED_FACE('',(#7280,#7286),#7273,.F.);
#7288=CARTESIAN_POINT('',(-5.065E0,-1.205E0,3.47E0));
#7289=DIRECTION('',(-1.E0,0.E0,0.E0));
#7290=DIRECTION('',(0.E0,-1.E0,0.E0));
#7291=AXIS2_PLACEMENT_3D('',#7288,#7289,#7290);
#7292=PLANE('',#7291);
#7293=ORIENTED_EDGE('',*,*,#4362,.F.);
#7294=ORIENTED_EDGE('',*,*,#5300,.T.);
#7295=ORIENTED_EDGE('',*,*,#5590,.T.);
#7296=ORIENTED_EDGE('',*,*,#7275,.T.);
#7297=EDGE_LOOP('',(#7293,#7294,#7295,#7296));
#7298=FACE_OUTER_BOUND('',#7297,.F.);
#7299=ADVANCED_FACE('',(#7298),#7292,.F.);
#7300=CARTESIAN_POINT('',(-3.975E0,-6.9875E0,0.E0));
#7301=DIRECTION('',(0.E0,1.E0,0.E0));
#7302=DIRECTION('',(1.E0,0.E0,0.E0));
#7303=AXIS2_PLACEMENT_3D('',#7300,#7301,#7302);
#7304=CYLINDRICAL_SURFACE('',#7303,5.7E-1);
#7306=ORIENTED_EDGE('',*,*,#7305,.F.);
#7308=ORIENTED_EDGE('',*,*,#7307,.T.);
#7310=ORIENTED_EDGE('',*,*,#7309,.T.);
#7312=ORIENTED_EDGE('',*,*,#7311,.F.);
#7313=EDGE_LOOP('',(#7306,#7308,#7310,#7312));
#7314=FACE_OUTER_BOUND('',#7313,.F.);
#7315=ADVANCED_FACE('',(#7314),#7304,.T.);
#7316=CARTESIAN_POINT('',(-3.975E0,-6.9875E0,0.E0));
#7317=DIRECTION('',(0.E0,1.E0,0.E0));
#7318=DIRECTION('',(1.E0,0.E0,0.E0));
#7319=AXIS2_PLACEMENT_3D('',#7316,#7317,#7318);
#7320=CYLINDRICAL_SURFACE('',#7319,5.7E-1);
#7321=ORIENTED_EDGE('',*,*,#7281,.T.);
#7323=ORIENTED_EDGE('',*,*,#7322,.F.);
#7325=ORIENTED_EDGE('',*,*,#7324,.F.);
#7327=ORIENTED_EDGE('',*,*,#7326,.T.);
#7328=EDGE_LOOP('',(#7321,#7323,#7325,#7327));
#7329=FACE_OUTER_BOUND('',#7328,.F.);
#7330=ADVANCED_FACE('',(#7329),#7320,.T.);
#7331=CARTESIAN_POINT('',(-5.065E0,1.205E0,3.47E0));
#7332=DIRECTION('',(0.E0,-1.E0,0.E0));
#7333=DIRECTION('',(1.E0,0.E0,0.E0));
#7334=AXIS2_PLACEMENT_3D('',#7331,#7332,#7333);
#7335=PLANE('',#7334);
#7336=ORIENTED_EDGE('',*,*,#4864,.T.);
#7338=ORIENTED_EDGE('',*,*,#7337,.F.);
#7339=ORIENTED_EDGE('',*,*,#5666,.F.);
#7341=ORIENTED_EDGE('',*,*,#7340,.T.);
#7342=EDGE_LOOP('',(#7336,#7338,#7339,#7341));
#7343=FACE_OUTER_BOUND('',#7342,.F.);
#7344=ORIENTED_EDGE('',*,*,#7305,.T.);
#7346=ORIENTED_EDGE('',*,*,#7345,.T.);
#7347=EDGE_LOOP('',(#7344,#7346));
#7348=FACE_BOUND('',#7347,.F.);
#7349=ADVANCED_FACE('',(#7343,#7348),#7335,.F.);
#7350=CARTESIAN_POINT('',(-3.975E0,-6.9875E0,0.E0));
#7351=DIRECTION('',(0.E0,1.E0,0.E0));
#7352=DIRECTION('',(1.E0,0.E0,0.E0));
#7353=AXIS2_PLACEMENT_3D('',#7350,#7351,#7352);
#7354=CYLINDRICAL_SURFACE('',#7353,5.7E-1);
#7355=ORIENTED_EDGE('',*,*,#7345,.F.);
#7356=ORIENTED_EDGE('',*,*,#7311,.T.);
#7358=ORIENTED_EDGE('',*,*,#7357,.F.);
#7359=ORIENTED_EDGE('',*,*,#7307,.F.);
#7360=EDGE_LOOP('',(#7355,#7356,#7358,#7359));
#7361=FACE_OUTER_BOUND('',#7360,.F.);
#7362=ADVANCED_FACE('',(#7361),#7354,.T.);
#7363=CARTESIAN_POINT('',(-3.975E0,-6.9875E0,0.E0));
#7364=DIRECTION('',(0.E0,1.E0,0.E0));
#7365=DIRECTION('',(1.E0,0.E0,0.E0));
#7366=AXIS2_PLACEMENT_3D('',#7363,#7364,#7365);
#7367=CYLINDRICAL_SURFACE('',#7366,5.7E-1);
#7368=ORIENTED_EDGE('',*,*,#7283,.T.);
#7369=ORIENTED_EDGE('',*,*,#7326,.F.);
#7371=ORIENTED_EDGE('',*,*,#7370,.T.);
#7372=ORIENTED_EDGE('',*,*,#7322,.T.);
#7373=EDGE_LOOP('',(#7368,#7369,#7371,#7372));
#7374=FACE_OUTER_BOUND('',#7373,.F.);
#7375=ADVANCED_FACE('',(#7374),#7367,.T.);
#7376=CARTESIAN_POINT('',(-3.975E0,1.257E1,0.E0));
#7377=DIRECTION('',(0.E0,-1.E0,0.E0));
#7378=DIRECTION('',(-1.E0,0.E0,0.E0));
#7379=AXIS2_PLACEMENT_3D('',#7376,#7377,#7378);
#7380=CONICAL_SURFACE('',#7379,4.E-1,2.090798047101E1);
#7382=ORIENTED_EDGE('',*,*,#7381,.F.);
#7383=ORIENTED_EDGE('',*,*,#7357,.T.);
#7385=ORIENTED_EDGE('',*,*,#7384,.T.);
#7387=ORIENTED_EDGE('',*,*,#7386,.F.);
#7388=EDGE_LOOP('',(#7382,#7383,#7385,#7387));
#7389=FACE_OUTER_BOUND('',#7388,.F.);
#7390=ADVANCED_FACE('',(#7389),#7380,.T.);
#7391=CARTESIAN_POINT('',(-3.975E0,1.257E1,0.E0));
#7392=DIRECTION('',(0.E0,-1.E0,0.E0));
#7393=DIRECTION('',(-1.E0,0.E0,0.E0));
#7394=AXIS2_PLACEMENT_3D('',#7391,#7392,#7393);
#7395=CONICAL_SURFACE('',#7394,4.E-1,2.090798047101E1);
#7396=ORIENTED_EDGE('',*,*,#7381,.T.);
#7398=ORIENTED_EDGE('',*,*,#7397,.T.);
#7399=ORIENTED_EDGE('',*,*,#7384,.F.);
#7400=ORIENTED_EDGE('',*,*,#7309,.F.);
#7401=EDGE_LOOP('',(#7396,#7398,#7399,#7400));
#7402=FACE_OUTER_BOUND('',#7401,.F.);
#7403=ADVANCED_FACE('',(#7402),#7395,.T.);
#7404=CARTESIAN_POINT('',(-3.975E0,1.3015E1,0.E0));
#7405=DIRECTION('',(0.E0,1.E0,0.E0));
#7406=DIRECTION('',(1.E0,0.E0,0.E0));
#7407=AXIS2_PLACEMENT_3D('',#7404,#7405,#7406);
#7408=PLANE('',#7407);
#7409=ORIENTED_EDGE('',*,*,#7386,.T.);
#7410=ORIENTED_EDGE('',*,*,#7397,.F.);
#7411=EDGE_LOOP('',(#7409,#7410));
#7412=FACE_OUTER_BOUND('',#7411,.F.);
#7413=ADVANCED_FACE('',(#7412),#7408,.T.);
#7414=CARTESIAN_POINT('',(-3.975E0,-5.59E0,0.E0));
#7415=DIRECTION('',(0.E0,1.E0,0.E0));
#7416=DIRECTION('',(1.E0,0.E0,0.E0));
#7417=AXIS2_PLACEMENT_3D('',#7414,#7415,#7416);
#7418=CONICAL_SURFACE('',#7417,4.E-1,2.090798047101E1);
#7420=ORIENTED_EDGE('',*,*,#7419,.F.);
#7422=ORIENTED_EDGE('',*,*,#7421,.T.);
#7424=ORIENTED_EDGE('',*,*,#7423,.T.);
#7425=ORIENTED_EDGE('',*,*,#7370,.F.);
#7426=EDGE_LOOP('',(#7420,#7422,#7424,#7425));
#7427=FACE_OUTER_BOUND('',#7426,.F.);
#7428=ADVANCED_FACE('',(#7427),#7418,.T.);
#7429=CARTESIAN_POINT('',(-3.975E0,-5.59E0,0.E0));
#7430=DIRECTION('',(0.E0,1.E0,0.E0));
#7431=DIRECTION('',(1.E0,0.E0,0.E0));
#7432=AXIS2_PLACEMENT_3D('',#7429,#7430,#7431);
#7433=CONICAL_SURFACE('',#7432,4.E-1,2.090798047101E1);
#7434=ORIENTED_EDGE('',*,*,#7419,.T.);
#7435=ORIENTED_EDGE('',*,*,#7324,.T.);
#7436=ORIENTED_EDGE('',*,*,#7423,.F.);
#7438=ORIENTED_EDGE('',*,*,#7437,.F.);
#7439=EDGE_LOOP('',(#7434,#7435,#7436,#7438));
#7440=FACE_OUTER_BOUND('',#7439,.F.);
#7441=ADVANCED_FACE('',(#7440),#7433,.T.);
#7442=CARTESIAN_POINT('',(-3.975E0,-6.035E0,0.E0));
#7443=DIRECTION('',(0.E0,1.E0,0.E0));
#7444=DIRECTION('',(1.E0,0.E0,0.E0));
#7445=AXIS2_PLACEMENT_3D('',#7442,#7443,#7444);
#7446=PLANE('',#7445);
#7447=ORIENTED_EDGE('',*,*,#7421,.F.);
#7448=ORIENTED_EDGE('',*,*,#7437,.T.);
#7449=EDGE_LOOP('',(#7447,#7448));
#7450=FACE_OUTER_BOUND('',#7449,.F.);
#7451=ADVANCED_FACE('',(#7450),#7446,.F.);
#7452=CARTESIAN_POINT('',(-2.885E0,1.205E0,3.47E0));
#7453=DIRECTION('',(1.E0,0.E0,0.E0));
#7454=DIRECTION('',(0.E0,1.E0,0.E0));
#7455=AXIS2_PLACEMENT_3D('',#7452,#7453,#7454);
#7456=PLANE('',#7455);
#7457=ORIENTED_EDGE('',*,*,#4862,.T.);
#7458=ORIENTED_EDGE('',*,*,#4771,.T.);
#7459=ORIENTED_EDGE('',*,*,#5668,.T.);
#7460=ORIENTED_EDGE('',*,*,#7337,.T.);
#7461=EDGE_LOOP('',(#7457,#7458,#7459,#7460));
#7462=FACE_OUTER_BOUND('',#7461,.F.);
#7463=ADVANCED_FACE('',(#7462),#7456,.F.);
#7464=CARTESIAN_POINT('',(-5.065E0,1.585E0,3.47E0));
#7465=DIRECTION('',(-1.E0,0.E0,0.E0));
#7466=DIRECTION('',(0.E0,-1.E0,0.E0));
#7467=AXIS2_PLACEMENT_3D('',#7464,#7465,#7466);
#7468=PLANE('',#7467);
#7469=ORIENTED_EDGE('',*,*,#4866,.T.);
#7470=ORIENTED_EDGE('',*,*,#7340,.F.);
#7471=ORIENTED_EDGE('',*,*,#5664,.F.);
#7472=ORIENTED_EDGE('',*,*,#4677,.F.);
#7473=EDGE_LOOP('',(#7469,#7470,#7471,#7472));
#7474=FACE_OUTER_BOUND('',#7473,.F.);
#7475=ADVANCED_FACE('',(#7474),#7468,.F.);
#7476=CARTESIAN_POINT('',(-6.845E0,-1.585E0,3.47E0));
#7477=DIRECTION('',(1.E0,0.E0,0.E0));
#7478=DIRECTION('',(0.E0,1.E0,0.E0));
#7479=AXIS2_PLACEMENT_3D('',#7476,#7477,#7478);
#7480=PLANE('',#7479);
#7481=ORIENTED_EDGE('',*,*,#4358,.T.);
#7483=ORIENTED_EDGE('',*,*,#7482,.F.);
#7484=ORIENTED_EDGE('',*,*,#5593,.F.);
#7485=ORIENTED_EDGE('',*,*,#5303,.F.);
#7486=EDGE_LOOP('',(#7481,#7483,#7484,#7485));
#7487=FACE_OUTER_BOUND('',#7486,.F.);
#7488=ADVANCED_FACE('',(#7487),#7480,.F.);
#7489=CARTESIAN_POINT('',(-6.845E0,-1.205E0,3.47E0));
#7490=DIRECTION('',(0.E0,1.E0,0.E0));
#7491=DIRECTION('',(-1.E0,0.E0,0.E0));
#7492=AXIS2_PLACEMENT_3D('',#7489,#7490,#7491);
#7493=PLANE('',#7492);
#7494=ORIENTED_EDGE('',*,*,#4356,.T.);
#7496=ORIENTED_EDGE('',*,*,#7495,.F.);
#7497=ORIENTED_EDGE('',*,*,#5595,.F.);
#7498=ORIENTED_EDGE('',*,*,#7482,.T.);
#7499=EDGE_LOOP('',(#7494,#7496,#7497,#7498));
#7500=FACE_OUTER_BOUND('',#7499,.F.);
#7502=ORIENTED_EDGE('',*,*,#7501,.F.);
#7504=ORIENTED_EDGE('',*,*,#7503,.F.);
#7505=EDGE_LOOP('',(#7502,#7504));
#7506=FACE_BOUND('',#7505,.F.);
#7507=ADVANCED_FACE('',(#7500,#7506),#7493,.F.);
#7508=CARTESIAN_POINT('',(-9.025E0,-1.205E0,3.47E0));
#7509=DIRECTION('',(-1.E0,0.E0,0.E0));
#7510=DIRECTION('',(0.E0,-1.E0,0.E0));
#7511=AXIS2_PLACEMENT_3D('',#7508,#7509,#7510);
#7512=PLANE('',#7511);
#7513=ORIENTED_EDGE('',*,*,#4354,.F.);
#7514=ORIENTED_EDGE('',*,*,#5275,.T.);
#7515=ORIENTED_EDGE('',*,*,#5597,.T.);
#7516=ORIENTED_EDGE('',*,*,#7495,.T.);
#7517=EDGE_LOOP('',(#7513,#7514,#7515,#7516));
#7518=FACE_OUTER_BOUND('',#7517,.F.);
#7519=ADVANCED_FACE('',(#7518),#7512,.F.);
#7520=CARTESIAN_POINT('',(-7.935E0,-6.9875E0,0.E0));
#7521=DIRECTION('',(0.E0,1.E0,0.E0));
#7522=DIRECTION('',(1.E0,0.E0,0.E0));
#7523=AXIS2_PLACEMENT_3D('',#7520,#7521,#7522);
#7524=CYLINDRICAL_SURFACE('',#7523,5.7E-1);
#7526=ORIENTED_EDGE('',*,*,#7525,.F.);
#7528=ORIENTED_EDGE('',*,*,#7527,.T.);
#7530=ORIENTED_EDGE('',*,*,#7529,.T.);
#7532=ORIENTED_EDGE('',*,*,#7531,.F.);
#7533=EDGE_LOOP('',(#7526,#7528,#7530,#7532));
#7534=FACE_OUTER_BOUND('',#7533,.F.);
#7535=ADVANCED_FACE('',(#7534),#7524,.T.);
#7536=CARTESIAN_POINT('',(-7.935E0,-6.9875E0,0.E0));
#7537=DIRECTION('',(0.E0,1.E0,0.E0));
#7538=DIRECTION('',(1.E0,0.E0,0.E0));
#7539=AXIS2_PLACEMENT_3D('',#7536,#7537,#7538);
#7540=CYLINDRICAL_SURFACE('',#7539,5.7E-1);
#7541=ORIENTED_EDGE('',*,*,#7501,.T.);
#7543=ORIENTED_EDGE('',*,*,#7542,.F.);
#7545=ORIENTED_EDGE('',*,*,#7544,.F.);
#7547=ORIENTED_EDGE('',*,*,#7546,.T.);
#7548=EDGE_LOOP('',(#7541,#7543,#7545,#7547));
#7549=FACE_OUTER_BOUND('',#7548,.F.);
#7550=ADVANCED_FACE('',(#7549),#7540,.T.);
#7551=CARTESIAN_POINT('',(-9.025E0,1.205E0,3.47E0));
#7552=DIRECTION('',(0.E0,-1.E0,0.E0));
#7553=DIRECTION('',(1.E0,0.E0,0.E0));
#7554=AXIS2_PLACEMENT_3D('',#7551,#7552,#7553);
#7555=PLANE('',#7554);
#7556=ORIENTED_EDGE('',*,*,#4871,.T.);
#7558=ORIENTED_EDGE('',*,*,#7557,.F.);
#7559=ORIENTED_EDGE('',*,*,#5659,.F.);
#7561=ORIENTED_EDGE('',*,*,#7560,.T.);
#7562=EDGE_LOOP('',(#7556,#7558,#7559,#7561));
#7563=FACE_OUTER_BOUND('',#7562,.F.);
#7564=ORIENTED_EDGE('',*,*,#7525,.T.);
#7566=ORIENTED_EDGE('',*,*,#7565,.T.);
#7567=EDGE_LOOP('',(#7564,#7566));
#7568=FACE_BOUND('',#7567,.F.);
#7569=ADVANCED_FACE('',(#7563,#7568),#7555,.F.);
#7570=CARTESIAN_POINT('',(-7.935E0,-6.9875E0,0.E0));
#7571=DIRECTION('',(0.E0,1.E0,0.E0));
#7572=DIRECTION('',(1.E0,0.E0,0.E0));
#7573=AXIS2_PLACEMENT_3D('',#7570,#7571,#7572);
#7574=CYLINDRICAL_SURFACE('',#7573,5.7E-1);
#7575=ORIENTED_EDGE('',*,*,#7565,.F.);
#7576=ORIENTED_EDGE('',*,*,#7531,.T.);
#7578=ORIENTED_EDGE('',*,*,#7577,.F.);
#7579=ORIENTED_EDGE('',*,*,#7527,.F.);
#7580=EDGE_LOOP('',(#7575,#7576,#7578,#7579));
#7581=FACE_OUTER_BOUND('',#7580,.F.);
#7582=ADVANCED_FACE('',(#7581),#7574,.T.);
#7583=CARTESIAN_POINT('',(-7.935E0,-6.9875E0,0.E0));
#7584=DIRECTION('',(0.E0,1.E0,0.E0));
#7585=DIRECTION('',(1.E0,0.E0,0.E0));
#7586=AXIS2_PLACEMENT_3D('',#7583,#7584,#7585);
#7587=CYLINDRICAL_SURFACE('',#7586,5.7E-1);
#7588=ORIENTED_EDGE('',*,*,#7503,.T.);
#7589=ORIENTED_EDGE('',*,*,#7546,.F.);
#7591=ORIENTED_EDGE('',*,*,#7590,.T.);
#7592=ORIENTED_EDGE('',*,*,#7542,.T.);
#7593=EDGE_LOOP('',(#7588,#7589,#7591,#7592));
#7594=FACE_OUTER_BOUND('',#7593,.F.);
#7595=ADVANCED_FACE('',(#7594),#7587,.T.);
#7596=CARTESIAN_POINT('',(-7.935E0,1.257E1,0.E0));
#7597=DIRECTION('',(0.E0,-1.E0,0.E0));
#7598=DIRECTION('',(-1.E0,0.E0,0.E0));
#7599=AXIS2_PLACEMENT_3D('',#7596,#7597,#7598);
#7600=CONICAL_SURFACE('',#7599,4.E-1,2.090798047101E1);
#7602=ORIENTED_EDGE('',*,*,#7601,.F.);
#7603=ORIENTED_EDGE('',*,*,#7577,.T.);
#7605=ORIENTED_EDGE('',*,*,#7604,.T.);
#7607=ORIENTED_EDGE('',*,*,#7606,.F.);
#7608=EDGE_LOOP('',(#7602,#7603,#7605,#7607));
#7609=FACE_OUTER_BOUND('',#7608,.F.);
#7610=ADVANCED_FACE('',(#7609),#7600,.T.);
#7611=CARTESIAN_POINT('',(-7.935E0,1.257E1,0.E0));
#7612=DIRECTION('',(0.E0,-1.E0,0.E0));
#7613=DIRECTION('',(-1.E0,0.E0,0.E0));
#7614=AXIS2_PLACEMENT_3D('',#7611,#7612,#7613);
#7615=CONICAL_SURFACE('',#7614,4.E-1,2.090798047101E1);
#7616=ORIENTED_EDGE('',*,*,#7601,.T.);
#7618=ORIENTED_EDGE('',*,*,#7617,.T.);
#7619=ORIENTED_EDGE('',*,*,#7604,.F.);
#7620=ORIENTED_EDGE('',*,*,#7529,.F.);
#7621=EDGE_LOOP('',(#7616,#7618,#7619,#7620));
#7622=FACE_OUTER_BOUND('',#7621,.F.);
#7623=ADVANCED_FACE('',(#7622),#7615,.T.);
#7624=CARTESIAN_POINT('',(-7.935E0,1.3015E1,0.E0));
#7625=DIRECTION('',(0.E0,1.E0,0.E0));
#7626=DIRECTION('',(1.E0,0.E0,0.E0));
#7627=AXIS2_PLACEMENT_3D('',#7624,#7625,#7626);
#7628=PLANE('',#7627);
#7629=ORIENTED_EDGE('',*,*,#7606,.T.);
#7630=ORIENTED_EDGE('',*,*,#7617,.F.);
#7631=EDGE_LOOP('',(#7629,#7630));
#7632=FACE_OUTER_BOUND('',#7631,.F.);
#7633=ADVANCED_FACE('',(#7632),#7628,.T.);
#7634=CARTESIAN_POINT('',(-7.935E0,-5.59E0,0.E0));
#7635=DIRECTION('',(0.E0,1.E0,0.E0));
#7636=DIRECTION('',(1.E0,0.E0,0.E0));
#7637=AXIS2_PLACEMENT_3D('',#7634,#7635,#7636);
#7638=CONICAL_SURFACE('',#7637,4.E-1,2.090798047101E1);
#7640=ORIENTED_EDGE('',*,*,#7639,.F.);
#7642=ORIENTED_EDGE('',*,*,#7641,.T.);
#7644=ORIENTED_EDGE('',*,*,#7643,.T.);
#7645=ORIENTED_EDGE('',*,*,#7590,.F.);
#7646=EDGE_LOOP('',(#7640,#7642,#7644,#7645));
#7647=FACE_OUTER_BOUND('',#7646,.F.);
#7648=ADVANCED_FACE('',(#7647),#7638,.T.);
#7649=CARTESIAN_POINT('',(-7.935E0,-5.59E0,0.E0));
#7650=DIRECTION('',(0.E0,1.E0,0.E0));
#7651=DIRECTION('',(1.E0,0.E0,0.E0));
#7652=AXIS2_PLACEMENT_3D('',#7649,#7650,#7651);
#7653=CONICAL_SURFACE('',#7652,4.E-1,2.090798047101E1);
#7654=ORIENTED_EDGE('',*,*,#7639,.T.);
#7655=ORIENTED_EDGE('',*,*,#7544,.T.);
#7656=ORIENTED_EDGE('',*,*,#7643,.F.);
#7658=ORIENTED_EDGE('',*,*,#7657,.F.);
#7659=EDGE_LOOP('',(#7654,#7655,#7656,#7658));
#7660=FACE_OUTER_BOUND('',#7659,.F.);
#7661=ADVANCED_FACE('',(#7660),#7653,.T.);
#7662=CARTESIAN_POINT('',(-7.935E0,-6.035E0,0.E0));
#7663=DIRECTION('',(0.E0,1.E0,0.E0));
#7664=DIRECTION('',(1.E0,0.E0,0.E0));
#7665=AXIS2_PLACEMENT_3D('',#7662,#7663,#7664);
#7666=PLANE('',#7665);
#7667=ORIENTED_EDGE('',*,*,#7641,.F.);
#7668=ORIENTED_EDGE('',*,*,#7657,.T.);
#7669=EDGE_LOOP('',(#7667,#7668));
#7670=FACE_OUTER_BOUND('',#7669,.F.);
#7671=ADVANCED_FACE('',(#7670),#7666,.F.);
#7672=CARTESIAN_POINT('',(-6.845E0,1.205E0,3.47E0));
#7673=DIRECTION('',(1.E0,0.E0,0.E0));
#7674=DIRECTION('',(0.E0,1.E0,0.E0));
#7675=AXIS2_PLACEMENT_3D('',#7672,#7673,#7674);
#7676=PLANE('',#7675);
#7677=ORIENTED_EDGE('',*,*,#4869,.T.);
#7678=ORIENTED_EDGE('',*,*,#4673,.T.);
#7679=ORIENTED_EDGE('',*,*,#5661,.T.);
#7680=ORIENTED_EDGE('',*,*,#7557,.T.);
#7681=EDGE_LOOP('',(#7677,#7678,#7679,#7680));
#7682=FACE_OUTER_BOUND('',#7681,.F.);
#7683=ADVANCED_FACE('',(#7682),#7676,.F.);
#7684=CARTESIAN_POINT('',(-9.025E0,1.585E0,3.47E0));
#7685=DIRECTION('',(-1.E0,0.E0,0.E0));
#7686=DIRECTION('',(0.E0,-1.E0,0.E0));
#7687=AXIS2_PLACEMENT_3D('',#7684,#7685,#7686);
#7688=PLANE('',#7687);
#7689=ORIENTED_EDGE('',*,*,#4873,.T.);
#7690=ORIENTED_EDGE('',*,*,#7560,.F.);
#7691=ORIENTED_EDGE('',*,*,#5657,.F.);
#7692=ORIENTED_EDGE('',*,*,#4651,.F.);
#7693=EDGE_LOOP('',(#7689,#7690,#7691,#7692));
#7694=FACE_OUTER_BOUND('',#7693,.F.);
#7695=ADVANCED_FACE('',(#7694),#7688,.F.);
#7696=CARTESIAN_POINT('',(-1.0805E1,-1.585E0,3.47E0));
#7697=DIRECTION('',(1.E0,0.E0,0.E0));
#7698=DIRECTION('',(0.E0,1.E0,0.E0));
#7699=AXIS2_PLACEMENT_3D('',#7696,#7697,#7698);
#7700=PLANE('',#7699);
#7701=ORIENTED_EDGE('',*,*,#4350,.T.);
#7703=ORIENTED_EDGE('',*,*,#7702,.F.);
#7704=ORIENTED_EDGE('',*,*,#5600,.F.);
#7705=ORIENTED_EDGE('',*,*,#5278,.F.);
#7706=EDGE_LOOP('',(#7701,#7703,#7704,#7705));
#7707=FACE_OUTER_BOUND('',#7706,.F.);
#7708=ADVANCED_FACE('',(#7707),#7700,.F.);
#7709=CARTESIAN_POINT('',(-1.0805E1,-1.205E0,3.47E0));
#7710=DIRECTION('',(0.E0,1.E0,0.E0));
#7711=DIRECTION('',(-1.E0,0.E0,0.E0));
#7712=AXIS2_PLACEMENT_3D('',#7709,#7710,#7711);
#7713=PLANE('',#7712);
#7714=ORIENTED_EDGE('',*,*,#4348,.T.);
#7716=ORIENTED_EDGE('',*,*,#7715,.F.);
#7717=ORIENTED_EDGE('',*,*,#5602,.F.);
#7718=ORIENTED_EDGE('',*,*,#7702,.T.);
#7719=EDGE_LOOP('',(#7714,#7716,#7717,#7718));
#7720=FACE_OUTER_BOUND('',#7719,.F.);
#7722=ORIENTED_EDGE('',*,*,#7721,.F.);
#7724=ORIENTED_EDGE('',*,*,#7723,.F.);
#7725=EDGE_LOOP('',(#7722,#7724));
#7726=FACE_BOUND('',#7725,.F.);
#7727=ADVANCED_FACE('',(#7720,#7726),#7713,.F.);
#7728=CARTESIAN_POINT('',(-1.2985E1,-1.205E0,3.47E0));
#7729=DIRECTION('',(-1.E0,0.E0,0.E0));
#7730=DIRECTION('',(0.E0,-1.E0,0.E0));
#7731=AXIS2_PLACEMENT_3D('',#7728,#7729,#7730);
#7732=PLANE('',#7731);
#7733=ORIENTED_EDGE('',*,*,#4346,.F.);
#7734=ORIENTED_EDGE('',*,*,#5250,.T.);
#7735=ORIENTED_EDGE('',*,*,#5604,.T.);
#7736=ORIENTED_EDGE('',*,*,#7715,.T.);
#7737=EDGE_LOOP('',(#7733,#7734,#7735,#7736));
#7738=FACE_OUTER_BOUND('',#7737,.F.);
#7739=ADVANCED_FACE('',(#7738),#7732,.F.);
#7740=CARTESIAN_POINT('',(-1.1895E1,-6.9875E0,0.E0));
#7741=DIRECTION('',(0.E0,1.E0,0.E0));
#7742=DIRECTION('',(1.E0,0.E0,0.E0));
#7743=AXIS2_PLACEMENT_3D('',#7740,#7741,#7742);
#7744=CYLINDRICAL_SURFACE('',#7743,5.7E-1);
#7746=ORIENTED_EDGE('',*,*,#7745,.F.);
#7748=ORIENTED_EDGE('',*,*,#7747,.T.);
#7750=ORIENTED_EDGE('',*,*,#7749,.T.);
#7752=ORIENTED_EDGE('',*,*,#7751,.F.);
#7753=EDGE_LOOP('',(#7746,#7748,#7750,#7752));
#7754=FACE_OUTER_BOUND('',#7753,.F.);
#7755=ADVANCED_FACE('',(#7754),#7744,.T.);
#7756=CARTESIAN_POINT('',(-1.1895E1,-6.9875E0,0.E0));
#7757=DIRECTION('',(0.E0,1.E0,0.E0));
#7758=DIRECTION('',(1.E0,0.E0,0.E0));
#7759=AXIS2_PLACEMENT_3D('',#7756,#7757,#7758);
#7760=CYLINDRICAL_SURFACE('',#7759,5.7E-1);
#7761=ORIENTED_EDGE('',*,*,#7721,.T.);
#7763=ORIENTED_EDGE('',*,*,#7762,.F.);
#7765=ORIENTED_EDGE('',*,*,#7764,.F.);
#7767=ORIENTED_EDGE('',*,*,#7766,.T.);
#7768=EDGE_LOOP('',(#7761,#7763,#7765,#7767));
#7769=FACE_OUTER_BOUND('',#7768,.F.);
#7770=ADVANCED_FACE('',(#7769),#7760,.T.);
#7771=CARTESIAN_POINT('',(-1.2985E1,1.205E0,3.47E0));
#7772=DIRECTION('',(0.E0,-1.E0,0.E0));
#7773=DIRECTION('',(1.E0,0.E0,0.E0));
#7774=AXIS2_PLACEMENT_3D('',#7771,#7772,#7773);
#7775=PLANE('',#7774);
#7776=ORIENTED_EDGE('',*,*,#4878,.T.);
#7778=ORIENTED_EDGE('',*,*,#7777,.F.);
#7779=ORIENTED_EDGE('',*,*,#5652,.F.);
#7781=ORIENTED_EDGE('',*,*,#7780,.T.);
#7782=EDGE_LOOP('',(#7776,#7778,#7779,#7781));
#7783=FACE_OUTER_BOUND('',#7782,.F.);
#7784=ORIENTED_EDGE('',*,*,#7745,.T.);
#7786=ORIENTED_EDGE('',*,*,#7785,.T.);
#7787=EDGE_LOOP('',(#7784,#7786));
#7788=FACE_BOUND('',#7787,.F.);
#7789=ADVANCED_FACE('',(#7783,#7788),#7775,.F.);
#7790=CARTESIAN_POINT('',(-1.1895E1,-6.9875E0,0.E0));
#7791=DIRECTION('',(0.E0,1.E0,0.E0));
#7792=DIRECTION('',(1.E0,0.E0,0.E0));
#7793=AXIS2_PLACEMENT_3D('',#7790,#7791,#7792);
#7794=CYLINDRICAL_SURFACE('',#7793,5.7E-1);
#7795=ORIENTED_EDGE('',*,*,#7785,.F.);
#7796=ORIENTED_EDGE('',*,*,#7751,.T.);
#7798=ORIENTED_EDGE('',*,*,#7797,.F.);
#7799=ORIENTED_EDGE('',*,*,#7747,.F.);
#7800=EDGE_LOOP('',(#7795,#7796,#7798,#7799));
#7801=FACE_OUTER_BOUND('',#7800,.F.);
#7802=ADVANCED_FACE('',(#7801),#7794,.T.);
#7803=CARTESIAN_POINT('',(-1.1895E1,-6.9875E0,0.E0));
#7804=DIRECTION('',(0.E0,1.E0,0.E0));
#7805=DIRECTION('',(1.E0,0.E0,0.E0));
#7806=AXIS2_PLACEMENT_3D('',#7803,#7804,#7805);
#7807=CYLINDRICAL_SURFACE('',#7806,5.7E-1);
#7808=ORIENTED_EDGE('',*,*,#7723,.T.);
#7809=ORIENTED_EDGE('',*,*,#7766,.F.);
#7811=ORIENTED_EDGE('',*,*,#7810,.T.);
#7812=ORIENTED_EDGE('',*,*,#7762,.T.);
#7813=EDGE_LOOP('',(#7808,#7809,#7811,#7812));
#7814=FACE_OUTER_BOUND('',#7813,.F.);
#7815=ADVANCED_FACE('',(#7814),#7807,.T.);
#7816=CARTESIAN_POINT('',(-1.1895E1,1.257E1,0.E0));
#7817=DIRECTION('',(0.E0,-1.E0,0.E0));
#7818=DIRECTION('',(-1.E0,0.E0,0.E0));
#7819=AXIS2_PLACEMENT_3D('',#7816,#7817,#7818);
#7820=CONICAL_SURFACE('',#7819,4.E-1,2.090798047101E1);
#7822=ORIENTED_EDGE('',*,*,#7821,.F.);
#7823=ORIENTED_EDGE('',*,*,#7797,.T.);
#7825=ORIENTED_EDGE('',*,*,#7824,.T.);
#7827=ORIENTED_EDGE('',*,*,#7826,.F.);
#7828=EDGE_LOOP('',(#7822,#7823,#7825,#7827));
#7829=FACE_OUTER_BOUND('',#7828,.F.);
#7830=ADVANCED_FACE('',(#7829),#7820,.T.);
#7831=CARTESIAN_POINT('',(-1.1895E1,1.257E1,0.E0));
#7832=DIRECTION('',(0.E0,-1.E0,0.E0));
#7833=DIRECTION('',(-1.E0,0.E0,0.E0));
#7834=AXIS2_PLACEMENT_3D('',#7831,#7832,#7833);
#7835=CONICAL_SURFACE('',#7834,4.E-1,2.090798047101E1);
#7836=ORIENTED_EDGE('',*,*,#7821,.T.);
#7838=ORIENTED_EDGE('',*,*,#7837,.T.);
#7839=ORIENTED_EDGE('',*,*,#7824,.F.);
#7840=ORIENTED_EDGE('',*,*,#7749,.F.);
#7841=EDGE_LOOP('',(#7836,#7838,#7839,#7840));
#7842=FACE_OUTER_BOUND('',#7841,.F.);
#7843=ADVANCED_FACE('',(#7842),#7835,.T.);
#7844=CARTESIAN_POINT('',(-1.1895E1,1.3015E1,0.E0));
#7845=DIRECTION('',(0.E0,1.E0,0.E0));
#7846=DIRECTION('',(1.E0,0.E0,0.E0));
#7847=AXIS2_PLACEMENT_3D('',#7844,#7845,#7846);
#7848=PLANE('',#7847);
#7849=ORIENTED_EDGE('',*,*,#7826,.T.);
#7850=ORIENTED_EDGE('',*,*,#7837,.F.);
#7851=EDGE_LOOP('',(#7849,#7850));
#7852=FACE_OUTER_BOUND('',#7851,.F.);
#7853=ADVANCED_FACE('',(#7852),#7848,.T.);
#7854=CARTESIAN_POINT('',(-1.1895E1,-5.59E0,0.E0));
#7855=DIRECTION('',(0.E0,1.E0,0.E0));
#7856=DIRECTION('',(1.E0,0.E0,0.E0));
#7857=AXIS2_PLACEMENT_3D('',#7854,#7855,#7856);
#7858=CONICAL_SURFACE('',#7857,4.E-1,2.090798047101E1);
#7860=ORIENTED_EDGE('',*,*,#7859,.F.);
#7862=ORIENTED_EDGE('',*,*,#7861,.T.);
#7864=ORIENTED_EDGE('',*,*,#7863,.T.);
#7865=ORIENTED_EDGE('',*,*,#7810,.F.);
#7866=EDGE_LOOP('',(#7860,#7862,#7864,#7865));
#7867=FACE_OUTER_BOUND('',#7866,.F.);
#7868=ADVANCED_FACE('',(#7867),#7858,.T.);
#7869=CARTESIAN_POINT('',(-1.1895E1,-5.59E0,0.E0));
#7870=DIRECTION('',(0.E0,1.E0,0.E0));
#7871=DIRECTION('',(1.E0,0.E0,0.E0));
#7872=AXIS2_PLACEMENT_3D('',#7869,#7870,#7871);
#7873=CONICAL_SURFACE('',#7872,4.E-1,2.090798047101E1);
#7874=ORIENTED_EDGE('',*,*,#7859,.T.);
#7875=ORIENTED_EDGE('',*,*,#7764,.T.);
#7876=ORIENTED_EDGE('',*,*,#7863,.F.);
#7878=ORIENTED_EDGE('',*,*,#7877,.F.);
#7879=EDGE_LOOP('',(#7874,#7875,#7876,#7878));
#7880=FACE_OUTER_BOUND('',#7879,.F.);
#7881=ADVANCED_FACE('',(#7880),#7873,.T.);
#7882=CARTESIAN_POINT('',(-1.1895E1,-6.035E0,0.E0));
#7883=DIRECTION('',(0.E0,1.E0,0.E0));
#7884=DIRECTION('',(1.E0,0.E0,0.E0));
#7885=AXIS2_PLACEMENT_3D('',#7882,#7883,#7884);
#7886=PLANE('',#7885);
#7887=ORIENTED_EDGE('',*,*,#7861,.F.);
#7888=ORIENTED_EDGE('',*,*,#7877,.T.);
#7889=EDGE_LOOP('',(#7887,#7888));
#7890=FACE_OUTER_BOUND('',#7889,.F.);
#7891=ADVANCED_FACE('',(#7890),#7886,.F.);
#7892=CARTESIAN_POINT('',(-1.0805E1,1.205E0,3.47E0));
#7893=DIRECTION('',(1.E0,0.E0,0.E0));
#7894=DIRECTION('',(0.E0,1.E0,0.E0));
#7895=AXIS2_PLACEMENT_3D('',#7892,#7893,#7894);
#7896=PLANE('',#7895);
#7897=ORIENTED_EDGE('',*,*,#4876,.T.);
#7898=ORIENTED_EDGE('',*,*,#4647,.T.);
#7899=ORIENTED_EDGE('',*,*,#5654,.T.);
#7900=ORIENTED_EDGE('',*,*,#7777,.T.);
#7901=EDGE_LOOP('',(#7897,#7898,#7899,#7900));
#7902=FACE_OUTER_BOUND('',#7901,.F.);
#7903=ADVANCED_FACE('',(#7902),#7896,.F.);
#7904=CARTESIAN_POINT('',(-1.2985E1,1.585E0,3.47E0));
#7905=DIRECTION('',(-1.E0,0.E0,0.E0));
#7906=DIRECTION('',(0.E0,-1.E0,0.E0));
#7907=AXIS2_PLACEMENT_3D('',#7904,#7905,#7906);
#7908=PLANE('',#7907);
#7909=ORIENTED_EDGE('',*,*,#4880,.T.);
#7910=ORIENTED_EDGE('',*,*,#7780,.F.);
#7911=ORIENTED_EDGE('',*,*,#5650,.F.);
#7912=ORIENTED_EDGE('',*,*,#4734,.F.);
#7913=EDGE_LOOP('',(#7909,#7910,#7911,#7912));
#7914=FACE_OUTER_BOUND('',#7913,.F.);
#7915=ADVANCED_FACE('',(#7914),#7908,.F.);
#7916=CARTESIAN_POINT('',(-1.4765E1,-1.585E0,3.47E0));
#7917=DIRECTION('',(1.E0,0.E0,0.E0));
#7918=DIRECTION('',(0.E0,1.E0,0.E0));
#7919=AXIS2_PLACEMENT_3D('',#7916,#7917,#7918);
#7920=PLANE('',#7919);
#7921=ORIENTED_EDGE('',*,*,#4342,.T.);
#7923=ORIENTED_EDGE('',*,*,#7922,.F.);
#7924=ORIENTED_EDGE('',*,*,#5607,.F.);
#7925=ORIENTED_EDGE('',*,*,#5253,.F.);
#7926=EDGE_LOOP('',(#7921,#7923,#7924,#7925));
#7927=FACE_OUTER_BOUND('',#7926,.F.);
#7928=ADVANCED_FACE('',(#7927),#7920,.F.);
#7929=CARTESIAN_POINT('',(-1.4765E1,-1.205E0,3.47E0));
#7930=DIRECTION('',(0.E0,1.E0,0.E0));
#7931=DIRECTION('',(-1.E0,0.E0,0.E0));
#7932=AXIS2_PLACEMENT_3D('',#7929,#7930,#7931);
#7933=PLANE('',#7932);
#7934=ORIENTED_EDGE('',*,*,#4340,.T.);
#7936=ORIENTED_EDGE('',*,*,#7935,.F.);
#7937=ORIENTED_EDGE('',*,*,#5609,.F.);
#7938=ORIENTED_EDGE('',*,*,#7922,.T.);
#7939=EDGE_LOOP('',(#7934,#7936,#7937,#7938));
#7940=FACE_OUTER_BOUND('',#7939,.F.);
#7942=ORIENTED_EDGE('',*,*,#7941,.F.);
#7944=ORIENTED_EDGE('',*,*,#7943,.F.);
#7945=EDGE_LOOP('',(#7942,#7944));
#7946=FACE_BOUND('',#7945,.F.);
#7947=ADVANCED_FACE('',(#7940,#7946),#7933,.F.);
#7948=CARTESIAN_POINT('',(-1.6945E1,-1.205E0,3.47E0));
#7949=DIRECTION('',(-1.E0,0.E0,0.E0));
#7950=DIRECTION('',(0.E0,-1.E0,0.E0));
#7951=AXIS2_PLACEMENT_3D('',#7948,#7949,#7950);
#7952=PLANE('',#7951);
#7953=ORIENTED_EDGE('',*,*,#4338,.F.);
#7954=ORIENTED_EDGE('',*,*,#5225,.T.);
#7955=ORIENTED_EDGE('',*,*,#5611,.T.);
#7956=ORIENTED_EDGE('',*,*,#7935,.T.);
#7957=EDGE_LOOP('',(#7953,#7954,#7955,#7956));
#7958=FACE_OUTER_BOUND('',#7957,.F.);
#7959=ADVANCED_FACE('',(#7958),#7952,.F.);
#7960=CARTESIAN_POINT('',(-1.5855E1,-6.9875E0,0.E0));
#7961=DIRECTION('',(0.E0,1.E0,0.E0));
#7962=DIRECTION('',(1.E0,0.E0,0.E0));
#7963=AXIS2_PLACEMENT_3D('',#7960,#7961,#7962);
#7964=CYLINDRICAL_SURFACE('',#7963,5.7E-1);
#7966=ORIENTED_EDGE('',*,*,#7965,.F.);
#7968=ORIENTED_EDGE('',*,*,#7967,.T.);
#7970=ORIENTED_EDGE('',*,*,#7969,.T.);
#7972=ORIENTED_EDGE('',*,*,#7971,.F.);
#7973=EDGE_LOOP('',(#7966,#7968,#7970,#7972));
#7974=FACE_OUTER_BOUND('',#7973,.F.);
#7975=ADVANCED_FACE('',(#7974),#7964,.T.);
#7976=CARTESIAN_POINT('',(-1.5855E1,-6.9875E0,0.E0));
#7977=DIRECTION('',(0.E0,1.E0,0.E0));
#7978=DIRECTION('',(1.E0,0.E0,0.E0));
#7979=AXIS2_PLACEMENT_3D('',#7976,#7977,#7978);
#7980=CYLINDRICAL_SURFACE('',#7979,5.7E-1);
#7981=ORIENTED_EDGE('',*,*,#7941,.T.);
#7983=ORIENTED_EDGE('',*,*,#7982,.F.);
#7985=ORIENTED_EDGE('',*,*,#7984,.F.);
#7987=ORIENTED_EDGE('',*,*,#7986,.T.);
#7988=EDGE_LOOP('',(#7981,#7983,#7985,#7987));
#7989=FACE_OUTER_BOUND('',#7988,.F.);
#7990=ADVANCED_FACE('',(#7989),#7980,.T.);
#7991=CARTESIAN_POINT('',(-1.6945E1,1.205E0,3.47E0));
#7992=DIRECTION('',(0.E0,-1.E0,0.E0));
#7993=DIRECTION('',(1.E0,0.E0,0.E0));
#7994=AXIS2_PLACEMENT_3D('',#7991,#7992,#7993);
#7995=PLANE('',#7994);
#7996=ORIENTED_EDGE('',*,*,#4828,.T.);
#7998=ORIENTED_EDGE('',*,*,#7997,.F.);
#7999=ORIENTED_EDGE('',*,*,#5645,.F.);
#8001=ORIENTED_EDGE('',*,*,#8000,.T.);
#8002=EDGE_LOOP('',(#7996,#7998,#7999,#8001));
#8003=FACE_OUTER_BOUND('',#8002,.F.);
#8004=ORIENTED_EDGE('',*,*,#7965,.T.);
#8006=ORIENTED_EDGE('',*,*,#8005,.T.);
#8007=EDGE_LOOP('',(#8004,#8006));
#8008=FACE_BOUND('',#8007,.F.);
#8009=ADVANCED_FACE('',(#8003,#8008),#7995,.F.);
#8010=CARTESIAN_POINT('',(-1.5855E1,-6.9875E0,0.E0));
#8011=DIRECTION('',(0.E0,1.E0,0.E0));
#8012=DIRECTION('',(1.E0,0.E0,0.E0));
#8013=AXIS2_PLACEMENT_3D('',#8010,#8011,#8012);
#8014=CYLINDRICAL_SURFACE('',#8013,5.7E-1);
#8015=ORIENTED_EDGE('',*,*,#8005,.F.);
#8016=ORIENTED_EDGE('',*,*,#7971,.T.);
#8018=ORIENTED_EDGE('',*,*,#8017,.F.);
#8019=ORIENTED_EDGE('',*,*,#7967,.F.);
#8020=EDGE_LOOP('',(#8015,#8016,#8018,#8019));
#8021=FACE_OUTER_BOUND('',#8020,.F.);
#8022=ADVANCED_FACE('',(#8021),#8014,.T.);
#8023=CARTESIAN_POINT('',(-1.5855E1,-6.9875E0,0.E0));
#8024=DIRECTION('',(0.E0,1.E0,0.E0));
#8025=DIRECTION('',(1.E0,0.E0,0.E0));
#8026=AXIS2_PLACEMENT_3D('',#8023,#8024,#8025);
#8027=CYLINDRICAL_SURFACE('',#8026,5.7E-1);
#8028=ORIENTED_EDGE('',*,*,#7943,.T.);
#8029=ORIENTED_EDGE('',*,*,#7986,.F.);
#8031=ORIENTED_EDGE('',*,*,#8030,.T.);
#8032=ORIENTED_EDGE('',*,*,#7982,.T.);
#8033=EDGE_LOOP('',(#8028,#8029,#8031,#8032));
#8034=FACE_OUTER_BOUND('',#8033,.F.);
#8035=ADVANCED_FACE('',(#8034),#8027,.T.);
#8036=CARTESIAN_POINT('',(-1.5855E1,1.257E1,0.E0));
#8037=DIRECTION('',(0.E0,-1.E0,0.E0));
#8038=DIRECTION('',(-1.E0,0.E0,0.E0));
#8039=AXIS2_PLACEMENT_3D('',#8036,#8037,#8038);
#8040=CONICAL_SURFACE('',#8039,4.E-1,2.090798047101E1);
#8042=ORIENTED_EDGE('',*,*,#8041,.F.);
#8043=ORIENTED_EDGE('',*,*,#8017,.T.);
#8045=ORIENTED_EDGE('',*,*,#8044,.T.);
#8047=ORIENTED_EDGE('',*,*,#8046,.F.);
#8048=EDGE_LOOP('',(#8042,#8043,#8045,#8047));
#8049=FACE_OUTER_BOUND('',#8048,.F.);
#8050=ADVANCED_FACE('',(#8049),#8040,.T.);
#8051=CARTESIAN_POINT('',(-1.5855E1,1.257E1,0.E0));
#8052=DIRECTION('',(0.E0,-1.E0,0.E0));
#8053=DIRECTION('',(-1.E0,0.E0,0.E0));
#8054=AXIS2_PLACEMENT_3D('',#8051,#8052,#8053);
#8055=CONICAL_SURFACE('',#8054,4.E-1,2.090798047101E1);
#8056=ORIENTED_EDGE('',*,*,#8041,.T.);
#8058=ORIENTED_EDGE('',*,*,#8057,.T.);
#8059=ORIENTED_EDGE('',*,*,#8044,.F.);
#8060=ORIENTED_EDGE('',*,*,#7969,.F.);
#8061=EDGE_LOOP('',(#8056,#8058,#8059,#8060));
#8062=FACE_OUTER_BOUND('',#8061,.F.);
#8063=ADVANCED_FACE('',(#8062),#8055,.T.);
#8064=CARTESIAN_POINT('',(-1.5855E1,1.3015E1,0.E0));
#8065=DIRECTION('',(0.E0,1.E0,0.E0));
#8066=DIRECTION('',(1.E0,0.E0,0.E0));
#8067=AXIS2_PLACEMENT_3D('',#8064,#8065,#8066);
#8068=PLANE('',#8067);
#8069=ORIENTED_EDGE('',*,*,#8046,.T.);
#8070=ORIENTED_EDGE('',*,*,#8057,.F.);
#8071=EDGE_LOOP('',(#8069,#8070));
#8072=FACE_OUTER_BOUND('',#8071,.F.);
#8073=ADVANCED_FACE('',(#8072),#8068,.T.);
#8074=CARTESIAN_POINT('',(-1.5855E1,-5.59E0,0.E0));
#8075=DIRECTION('',(0.E0,1.E0,0.E0));
#8076=DIRECTION('',(1.E0,0.E0,0.E0));
#8077=AXIS2_PLACEMENT_3D('',#8074,#8075,#8076);
#8078=CONICAL_SURFACE('',#8077,4.E-1,2.090798047101E1);
#8080=ORIENTED_EDGE('',*,*,#8079,.F.);
#8082=ORIENTED_EDGE('',*,*,#8081,.T.);
#8084=ORIENTED_EDGE('',*,*,#8083,.T.);
#8085=ORIENTED_EDGE('',*,*,#8030,.F.);
#8086=EDGE_LOOP('',(#8080,#8082,#8084,#8085));
#8087=FACE_OUTER_BOUND('',#8086,.F.);
#8088=ADVANCED_FACE('',(#8087),#8078,.T.);
#8089=CARTESIAN_POINT('',(-1.5855E1,-5.59E0,0.E0));
#8090=DIRECTION('',(0.E0,1.E0,0.E0));
#8091=DIRECTION('',(1.E0,0.E0,0.E0));
#8092=AXIS2_PLACEMENT_3D('',#8089,#8090,#8091);
#8093=CONICAL_SURFACE('',#8092,4.E-1,2.090798047101E1);
#8094=ORIENTED_EDGE('',*,*,#8079,.T.);
#8095=ORIENTED_EDGE('',*,*,#7984,.T.);
#8096=ORIENTED_EDGE('',*,*,#8083,.F.);
#8098=ORIENTED_EDGE('',*,*,#8097,.F.);
#8099=EDGE_LOOP('',(#8094,#8095,#8096,#8098));
#8100=FACE_OUTER_BOUND('',#8099,.F.);
#8101=ADVANCED_FACE('',(#8100),#8093,.T.);
#8102=CARTESIAN_POINT('',(-1.5855E1,-6.035E0,0.E0));
#8103=DIRECTION('',(0.E0,1.E0,0.E0));
#8104=DIRECTION('',(1.E0,0.E0,0.E0));
#8105=AXIS2_PLACEMENT_3D('',#8102,#8103,#8104);
#8106=PLANE('',#8105);
#8107=ORIENTED_EDGE('',*,*,#8081,.F.);
#8108=ORIENTED_EDGE('',*,*,#8097,.T.);
#8109=EDGE_LOOP('',(#8107,#8108));
#8110=FACE_OUTER_BOUND('',#8109,.F.);
#8111=ADVANCED_FACE('',(#8110),#8106,.F.);
#8112=CARTESIAN_POINT('',(-1.4765E1,1.205E0,3.47E0));
#8113=DIRECTION('',(1.E0,0.E0,0.E0));
#8114=DIRECTION('',(0.E0,1.E0,0.E0));
#8115=AXIS2_PLACEMENT_3D('',#8112,#8113,#8114);
#8116=PLANE('',#8115);
#8117=ORIENTED_EDGE('',*,*,#4826,.T.);
#8118=ORIENTED_EDGE('',*,*,#4738,.T.);
#8119=ORIENTED_EDGE('',*,*,#5647,.T.);
#8120=ORIENTED_EDGE('',*,*,#7997,.T.);
#8121=EDGE_LOOP('',(#8117,#8118,#8119,#8120));
#8122=FACE_OUTER_BOUND('',#8121,.F.);
#8123=ADVANCED_FACE('',(#8122),#8116,.F.);
#8124=CARTESIAN_POINT('',(-1.6945E1,1.585E0,3.47E0));
#8125=DIRECTION('',(-1.E0,0.E0,0.E0));
#8126=DIRECTION('',(0.E0,-1.E0,0.E0));
#8127=AXIS2_PLACEMENT_3D('',#8124,#8125,#8126);
#8128=PLANE('',#8127);
#8129=ORIENTED_EDGE('',*,*,#4830,.T.);
#8130=ORIENTED_EDGE('',*,*,#8000,.F.);
#8131=ORIENTED_EDGE('',*,*,#5643,.F.);
#8132=ORIENTED_EDGE('',*,*,#4625,.F.);
#8133=EDGE_LOOP('',(#8129,#8130,#8131,#8132));
#8134=FACE_OUTER_BOUND('',#8133,.F.);
#8135=ADVANCED_FACE('',(#8134),#8128,.F.);
#8136=CARTESIAN_POINT('',(-1.8725E1,-1.585E0,3.47E0));
#8137=DIRECTION('',(1.E0,0.E0,0.E0));
#8138=DIRECTION('',(0.E0,1.E0,0.E0));
#8139=AXIS2_PLACEMENT_3D('',#8136,#8137,#8138);
#8140=PLANE('',#8139);
#8141=ORIENTED_EDGE('',*,*,#4334,.T.);
#8143=ORIENTED_EDGE('',*,*,#8142,.F.);
#8144=ORIENTED_EDGE('',*,*,#5614,.F.);
#8145=ORIENTED_EDGE('',*,*,#5228,.F.);
#8146=EDGE_LOOP('',(#8141,#8143,#8144,#8145));
#8147=FACE_OUTER_BOUND('',#8146,.F.);
#8148=ADVANCED_FACE('',(#8147),#8140,.F.);
#8149=CARTESIAN_POINT('',(-1.8725E1,-1.205E0,3.47E0));
#8150=DIRECTION('',(0.E0,1.E0,0.E0));
#8151=DIRECTION('',(-1.E0,0.E0,0.E0));
#8152=AXIS2_PLACEMENT_3D('',#8149,#8150,#8151);
#8153=PLANE('',#8152);
#8154=ORIENTED_EDGE('',*,*,#4332,.T.);
#8156=ORIENTED_EDGE('',*,*,#8155,.F.);
#8157=ORIENTED_EDGE('',*,*,#5616,.F.);
#8158=ORIENTED_EDGE('',*,*,#8142,.T.);
#8159=EDGE_LOOP('',(#8154,#8156,#8157,#8158));
#8160=FACE_OUTER_BOUND('',#8159,.F.);
#8162=ORIENTED_EDGE('',*,*,#8161,.F.);
#8164=ORIENTED_EDGE('',*,*,#8163,.F.);
#8165=EDGE_LOOP('',(#8162,#8164));
#8166=FACE_BOUND('',#8165,.F.);
#8167=ADVANCED_FACE('',(#8160,#8166),#8153,.F.);
#8168=CARTESIAN_POINT('',(-2.0905E1,-1.205E0,3.47E0));
#8169=DIRECTION('',(-1.E0,0.E0,0.E0));
#8170=DIRECTION('',(0.E0,-1.E0,0.E0));
#8171=AXIS2_PLACEMENT_3D('',#8168,#8169,#8170);
#8172=PLANE('',#8171);
#8173=ORIENTED_EDGE('',*,*,#4330,.F.);
#8174=ORIENTED_EDGE('',*,*,#5200,.T.);
#8175=ORIENTED_EDGE('',*,*,#5618,.T.);
#8176=ORIENTED_EDGE('',*,*,#8155,.T.);
#8177=EDGE_LOOP('',(#8173,#8174,#8175,#8176));
#8178=FACE_OUTER_BOUND('',#8177,.F.);
#8179=ADVANCED_FACE('',(#8178),#8172,.F.);
#8180=CARTESIAN_POINT('',(-1.9815E1,-6.9875E0,0.E0));
#8181=DIRECTION('',(0.E0,1.E0,0.E0));
#8182=DIRECTION('',(1.E0,0.E0,0.E0));
#8183=AXIS2_PLACEMENT_3D('',#8180,#8181,#8182);
#8184=CYLINDRICAL_SURFACE('',#8183,5.7E-1);
#8186=ORIENTED_EDGE('',*,*,#8185,.F.);
#8188=ORIENTED_EDGE('',*,*,#8187,.T.);
#8190=ORIENTED_EDGE('',*,*,#8189,.T.);
#8192=ORIENTED_EDGE('',*,*,#8191,.F.);
#8193=EDGE_LOOP('',(#8186,#8188,#8190,#8192));
#8194=FACE_OUTER_BOUND('',#8193,.F.);
#8195=ADVANCED_FACE('',(#8194),#8184,.T.);
#8196=CARTESIAN_POINT('',(-1.9815E1,-6.9875E0,0.E0));
#8197=DIRECTION('',(0.E0,1.E0,0.E0));
#8198=DIRECTION('',(1.E0,0.E0,0.E0));
#8199=AXIS2_PLACEMENT_3D('',#8196,#8197,#8198);
#8200=CYLINDRICAL_SURFACE('',#8199,5.7E-1);
#8201=ORIENTED_EDGE('',*,*,#8161,.T.);
#8203=ORIENTED_EDGE('',*,*,#8202,.F.);
#8205=ORIENTED_EDGE('',*,*,#8204,.F.);
#8207=ORIENTED_EDGE('',*,*,#8206,.T.);
#8208=EDGE_LOOP('',(#8201,#8203,#8205,#8207));
#8209=FACE_OUTER_BOUND('',#8208,.F.);
#8210=ADVANCED_FACE('',(#8209),#8200,.T.);
#8211=CARTESIAN_POINT('',(-2.0905E1,1.205E0,3.47E0));
#8212=DIRECTION('',(0.E0,-1.E0,0.E0));
#8213=DIRECTION('',(1.E0,0.E0,0.E0));
#8214=AXIS2_PLACEMENT_3D('',#8211,#8212,#8213);
#8215=PLANE('',#8214);
#8216=ORIENTED_EDGE('',*,*,#4835,.T.);
#8218=ORIENTED_EDGE('',*,*,#8217,.F.);
#8219=ORIENTED_EDGE('',*,*,#5638,.F.);
#8221=ORIENTED_EDGE('',*,*,#8220,.T.);
#8222=EDGE_LOOP('',(#8216,#8218,#8219,#8221));
#8223=FACE_OUTER_BOUND('',#8222,.F.);
#8224=ORIENTED_EDGE('',*,*,#8185,.T.);
#8226=ORIENTED_EDGE('',*,*,#8225,.T.);
#8227=EDGE_LOOP('',(#8224,#8226));
#8228=FACE_BOUND('',#8227,.F.);
#8229=ADVANCED_FACE('',(#8223,#8228),#8215,.F.);
#8230=CARTESIAN_POINT('',(-1.9815E1,-6.9875E0,0.E0));
#8231=DIRECTION('',(0.E0,1.E0,0.E0));
#8232=DIRECTION('',(1.E0,0.E0,0.E0));
#8233=AXIS2_PLACEMENT_3D('',#8230,#8231,#8232);
#8234=CYLINDRICAL_SURFACE('',#8233,5.7E-1);
#8235=ORIENTED_EDGE('',*,*,#8225,.F.);
#8236=ORIENTED_EDGE('',*,*,#8191,.T.);
#8238=ORIENTED_EDGE('',*,*,#8237,.F.);
#8239=ORIENTED_EDGE('',*,*,#8187,.F.);
#8240=EDGE_LOOP('',(#8235,#8236,#8238,#8239));
#8241=FACE_OUTER_BOUND('',#8240,.F.);
#8242=ADVANCED_FACE('',(#8241),#8234,.T.);
#8243=CARTESIAN_POINT('',(-1.9815E1,-6.9875E0,0.E0));
#8244=DIRECTION('',(0.E0,1.E0,0.E0));
#8245=DIRECTION('',(1.E0,0.E0,0.E0));
#8246=AXIS2_PLACEMENT_3D('',#8243,#8244,#8245);
#8247=CYLINDRICAL_SURFACE('',#8246,5.7E-1);
#8248=ORIENTED_EDGE('',*,*,#8163,.T.);
#8249=ORIENTED_EDGE('',*,*,#8206,.F.);
#8251=ORIENTED_EDGE('',*,*,#8250,.T.);
#8252=ORIENTED_EDGE('',*,*,#8202,.T.);
#8253=EDGE_LOOP('',(#8248,#8249,#8251,#8252));
#8254=FACE_OUTER_BOUND('',#8253,.F.);
#8255=ADVANCED_FACE('',(#8254),#8247,.T.);
#8256=CARTESIAN_POINT('',(-1.9815E1,1.257E1,0.E0));
#8257=DIRECTION('',(0.E0,-1.E0,0.E0));
#8258=DIRECTION('',(-1.E0,0.E0,0.E0));
#8259=AXIS2_PLACEMENT_3D('',#8256,#8257,#8258);
#8260=CONICAL_SURFACE('',#8259,4.E-1,2.090798047101E1);
#8262=ORIENTED_EDGE('',*,*,#8261,.F.);
#8263=ORIENTED_EDGE('',*,*,#8237,.T.);
#8265=ORIENTED_EDGE('',*,*,#8264,.T.);
#8267=ORIENTED_EDGE('',*,*,#8266,.F.);
#8268=EDGE_LOOP('',(#8262,#8263,#8265,#8267));
#8269=FACE_OUTER_BOUND('',#8268,.F.);
#8270=ADVANCED_FACE('',(#8269),#8260,.T.);
#8271=CARTESIAN_POINT('',(-1.9815E1,1.257E1,0.E0));
#8272=DIRECTION('',(0.E0,-1.E0,0.E0));
#8273=DIRECTION('',(-1.E0,0.E0,0.E0));
#8274=AXIS2_PLACEMENT_3D('',#8271,#8272,#8273);
#8275=CONICAL_SURFACE('',#8274,4.E-1,2.090798047101E1);
#8276=ORIENTED_EDGE('',*,*,#8261,.T.);
#8278=ORIENTED_EDGE('',*,*,#8277,.T.);
#8279=ORIENTED_EDGE('',*,*,#8264,.F.);
#8280=ORIENTED_EDGE('',*,*,#8189,.F.);
#8281=EDGE_LOOP('',(#8276,#8278,#8279,#8280));
#8282=FACE_OUTER_BOUND('',#8281,.F.);
#8283=ADVANCED_FACE('',(#8282),#8275,.T.);
#8284=CARTESIAN_POINT('',(-1.9815E1,1.3015E1,0.E0));
#8285=DIRECTION('',(0.E0,1.E0,0.E0));
#8286=DIRECTION('',(1.E0,0.E0,0.E0));
#8287=AXIS2_PLACEMENT_3D('',#8284,#8285,#8286);
#8288=PLANE('',#8287);
#8289=ORIENTED_EDGE('',*,*,#8266,.T.);
#8290=ORIENTED_EDGE('',*,*,#8277,.F.);
#8291=EDGE_LOOP('',(#8289,#8290));
#8292=FACE_OUTER_BOUND('',#8291,.F.);
#8293=ADVANCED_FACE('',(#8292),#8288,.T.);
#8294=CARTESIAN_POINT('',(-1.9815E1,-5.59E0,0.E0));
#8295=DIRECTION('',(0.E0,1.E0,0.E0));
#8296=DIRECTION('',(1.E0,0.E0,0.E0));
#8297=AXIS2_PLACEMENT_3D('',#8294,#8295,#8296);
#8298=CONICAL_SURFACE('',#8297,4.E-1,2.090798047101E1);
#8300=ORIENTED_EDGE('',*,*,#8299,.F.);
#8302=ORIENTED_EDGE('',*,*,#8301,.T.);
#8304=ORIENTED_EDGE('',*,*,#8303,.T.);
#8305=ORIENTED_EDGE('',*,*,#8250,.F.);
#8306=EDGE_LOOP('',(#8300,#8302,#8304,#8305));
#8307=FACE_OUTER_BOUND('',#8306,.F.);
#8308=ADVANCED_FACE('',(#8307),#8298,.T.);
#8309=CARTESIAN_POINT('',(-1.9815E1,-5.59E0,0.E0));
#8310=DIRECTION('',(0.E0,1.E0,0.E0));
#8311=DIRECTION('',(1.E0,0.E0,0.E0));
#8312=AXIS2_PLACEMENT_3D('',#8309,#8310,#8311);
#8313=CONICAL_SURFACE('',#8312,4.E-1,2.090798047101E1);
#8314=ORIENTED_EDGE('',*,*,#8299,.T.);
#8315=ORIENTED_EDGE('',*,*,#8204,.T.);
#8316=ORIENTED_EDGE('',*,*,#8303,.F.);
#8318=ORIENTED_EDGE('',*,*,#8317,.F.);
#8319=EDGE_LOOP('',(#8314,#8315,#8316,#8318));
#8320=FACE_OUTER_BOUND('',#8319,.F.);
#8321=ADVANCED_FACE('',(#8320),#8313,.T.);
#8322=CARTESIAN_POINT('',(-1.9815E1,-6.035E0,0.E0));
#8323=DIRECTION('',(0.E0,1.E0,0.E0));
#8324=DIRECTION('',(1.E0,0.E0,0.E0));
#8325=AXIS2_PLACEMENT_3D('',#8322,#8323,#8324);
#8326=PLANE('',#8325);
#8327=ORIENTED_EDGE('',*,*,#8301,.F.);
#8328=ORIENTED_EDGE('',*,*,#8317,.T.);
#8329=EDGE_LOOP('',(#8327,#8328));
#8330=FACE_OUTER_BOUND('',#8329,.F.);
#8331=ADVANCED_FACE('',(#8330),#8326,.F.);
#8332=CARTESIAN_POINT('',(-1.8725E1,1.205E0,3.47E0));
#8333=DIRECTION('',(1.E0,0.E0,0.E0));
#8334=DIRECTION('',(0.E0,1.E0,0.E0));
#8335=AXIS2_PLACEMENT_3D('',#8332,#8333,#8334);
#8336=PLANE('',#8335);
#8337=ORIENTED_EDGE('',*,*,#4833,.T.);
#8338=ORIENTED_EDGE('',*,*,#4621,.T.);
#8339=ORIENTED_EDGE('',*,*,#5640,.T.);
#8340=ORIENTED_EDGE('',*,*,#8217,.T.);
#8341=EDGE_LOOP('',(#8337,#8338,#8339,#8340));
#8342=FACE_OUTER_BOUND('',#8341,.F.);
#8343=ADVANCED_FACE('',(#8342),#8336,.F.);
#8344=CARTESIAN_POINT('',(-2.0905E1,1.585E0,3.47E0));
#8345=DIRECTION('',(-1.E0,0.E0,0.E0));
#8346=DIRECTION('',(0.E0,-1.E0,0.E0));
#8347=AXIS2_PLACEMENT_3D('',#8344,#8345,#8346);
#8348=PLANE('',#8347);
#8349=ORIENTED_EDGE('',*,*,#4837,.T.);
#8350=ORIENTED_EDGE('',*,*,#8220,.F.);
#8351=ORIENTED_EDGE('',*,*,#5636,.F.);
#8352=ORIENTED_EDGE('',*,*,#4521,.F.);
#8353=EDGE_LOOP('',(#8349,#8350,#8351,#8352));
#8354=FACE_OUTER_BOUND('',#8353,.F.);
#8355=ADVANCED_FACE('',(#8354),#8348,.F.);
#8356=CARTESIAN_POINT('',(-2.2685E1,-1.585E0,3.47E0));
#8357=DIRECTION('',(1.E0,0.E0,0.E0));
#8358=DIRECTION('',(0.E0,1.E0,0.E0));
#8359=AXIS2_PLACEMENT_3D('',#8356,#8357,#8358);
#8360=PLANE('',#8359);
#8361=ORIENTED_EDGE('',*,*,#4326,.T.);
#8363=ORIENTED_EDGE('',*,*,#8362,.F.);
#8364=ORIENTED_EDGE('',*,*,#5621,.F.);
#8365=ORIENTED_EDGE('',*,*,#5203,.F.);
#8366=EDGE_LOOP('',(#8361,#8363,#8364,#8365));
#8367=FACE_OUTER_BOUND('',#8366,.F.);
#8368=ADVANCED_FACE('',(#8367),#8360,.F.);
#8369=CARTESIAN_POINT('',(-2.2685E1,-1.205E0,3.47E0));
#8370=DIRECTION('',(0.E0,1.E0,0.E0));
#8371=DIRECTION('',(-1.E0,0.E0,0.E0));
#8372=AXIS2_PLACEMENT_3D('',#8369,#8370,#8371);
#8373=PLANE('',#8372);
#8374=ORIENTED_EDGE('',*,*,#4324,.T.);
#8375=ORIENTED_EDGE('',*,*,#5518,.F.);
#8376=ORIENTED_EDGE('',*,*,#5623,.F.);
#8377=ORIENTED_EDGE('',*,*,#8362,.T.);
#8378=EDGE_LOOP('',(#8374,#8375,#8376,#8377));
#8379=FACE_OUTER_BOUND('',#8378,.F.);
#8381=ORIENTED_EDGE('',*,*,#8380,.F.);
#8383=ORIENTED_EDGE('',*,*,#8382,.F.);
#8384=EDGE_LOOP('',(#8381,#8383));
#8385=FACE_BOUND('',#8384,.F.);
#8386=ADVANCED_FACE('',(#8379,#8385),#8373,.F.);
#8387=CARTESIAN_POINT('',(-2.3775E1,-6.9875E0,0.E0));
#8388=DIRECTION('',(0.E0,1.E0,0.E0));
#8389=DIRECTION('',(1.E0,0.E0,0.E0));
#8390=AXIS2_PLACEMENT_3D('',#8387,#8388,#8389);
#8391=CYLINDRICAL_SURFACE('',#8390,5.7E-1);
#8393=ORIENTED_EDGE('',*,*,#8392,.F.);
#8395=ORIENTED_EDGE('',*,*,#8394,.T.);
#8397=ORIENTED_EDGE('',*,*,#8396,.T.);
#8399=ORIENTED_EDGE('',*,*,#8398,.F.);
#8400=EDGE_LOOP('',(#8393,#8395,#8397,#8399));
#8401=FACE_OUTER_BOUND('',#8400,.F.);
#8402=ADVANCED_FACE('',(#8401),#8391,.T.);
#8403=CARTESIAN_POINT('',(-2.3775E1,-6.9875E0,0.E0));
#8404=DIRECTION('',(0.E0,1.E0,0.E0));
#8405=DIRECTION('',(1.E0,0.E0,0.E0));
#8406=AXIS2_PLACEMENT_3D('',#8403,#8404,#8405);
#8407=CYLINDRICAL_SURFACE('',#8406,5.7E-1);
#8408=ORIENTED_EDGE('',*,*,#8380,.T.);
#8410=ORIENTED_EDGE('',*,*,#8409,.F.);
#8412=ORIENTED_EDGE('',*,*,#8411,.F.);
#8414=ORIENTED_EDGE('',*,*,#8413,.T.);
#8415=EDGE_LOOP('',(#8408,#8410,#8412,#8414));
#8416=FACE_OUTER_BOUND('',#8415,.F.);
#8417=ADVANCED_FACE('',(#8416),#8407,.T.);
#8418=CARTESIAN_POINT('',(-2.4865E1,1.205E0,3.47E0));
#8419=DIRECTION('',(0.E0,-1.E0,0.E0));
#8420=DIRECTION('',(1.E0,0.E0,0.E0));
#8421=AXIS2_PLACEMENT_3D('',#8418,#8419,#8420);
#8422=PLANE('',#8421);
#8423=ORIENTED_EDGE('',*,*,#4842,.T.);
#8425=ORIENTED_EDGE('',*,*,#8424,.F.);
#8426=ORIENTED_EDGE('',*,*,#5631,.F.);
#8428=ORIENTED_EDGE('',*,*,#8427,.T.);
#8429=EDGE_LOOP('',(#8423,#8425,#8426,#8428));
#8430=FACE_OUTER_BOUND('',#8429,.F.);
#8431=ORIENTED_EDGE('',*,*,#8392,.T.);
#8433=ORIENTED_EDGE('',*,*,#8432,.T.);
#8434=EDGE_LOOP('',(#8431,#8433));
#8435=FACE_BOUND('',#8434,.F.);
#8436=ADVANCED_FACE('',(#8430,#8435),#8422,.F.);
#8437=CARTESIAN_POINT('',(-2.3775E1,-6.9875E0,0.E0));
#8438=DIRECTION('',(0.E0,1.E0,0.E0));
#8439=DIRECTION('',(1.E0,0.E0,0.E0));
#8440=AXIS2_PLACEMENT_3D('',#8437,#8438,#8439);
#8441=CYLINDRICAL_SURFACE('',#8440,5.7E-1);
#8442=ORIENTED_EDGE('',*,*,#8432,.F.);
#8443=ORIENTED_EDGE('',*,*,#8398,.T.);
#8445=ORIENTED_EDGE('',*,*,#8444,.F.);
#8446=ORIENTED_EDGE('',*,*,#8394,.F.);
#8447=EDGE_LOOP('',(#8442,#8443,#8445,#8446));
#8448=FACE_OUTER_BOUND('',#8447,.F.);
#8449=ADVANCED_FACE('',(#8448),#8441,.T.);
#8450=CARTESIAN_POINT('',(-2.3775E1,-6.9875E0,0.E0));
#8451=DIRECTION('',(0.E0,1.E0,0.E0));
#8452=DIRECTION('',(1.E0,0.E0,0.E0));
#8453=AXIS2_PLACEMENT_3D('',#8450,#8451,#8452);
#8454=CYLINDRICAL_SURFACE('',#8453,5.7E-1);
#8455=ORIENTED_EDGE('',*,*,#8382,.T.);
#8456=ORIENTED_EDGE('',*,*,#8413,.F.);
#8458=ORIENTED_EDGE('',*,*,#8457,.T.);
#8459=ORIENTED_EDGE('',*,*,#8409,.T.);
#8460=EDGE_LOOP('',(#8455,#8456,#8458,#8459));
#8461=FACE_OUTER_BOUND('',#8460,.F.);
#8462=ADVANCED_FACE('',(#8461),#8454,.T.);
#8463=CARTESIAN_POINT('',(-2.3775E1,1.257E1,0.E0));
#8464=DIRECTION('',(0.E0,-1.E0,0.E0));
#8465=DIRECTION('',(-1.E0,0.E0,0.E0));
#8466=AXIS2_PLACEMENT_3D('',#8463,#8464,#8465);
#8467=CONICAL_SURFACE('',#8466,4.E-1,2.090798047101E1);
#8469=ORIENTED_EDGE('',*,*,#8468,.F.);
#8470=ORIENTED_EDGE('',*,*,#8444,.T.);
#8472=ORIENTED_EDGE('',*,*,#8471,.T.);
#8474=ORIENTED_EDGE('',*,*,#8473,.F.);
#8475=EDGE_LOOP('',(#8469,#8470,#8472,#8474));
#8476=FACE_OUTER_BOUND('',#8475,.F.);
#8477=ADVANCED_FACE('',(#8476),#8467,.T.);
#8478=CARTESIAN_POINT('',(-2.3775E1,1.257E1,0.E0));
#8479=DIRECTION('',(0.E0,-1.E0,0.E0));
#8480=DIRECTION('',(-1.E0,0.E0,0.E0));
#8481=AXIS2_PLACEMENT_3D('',#8478,#8479,#8480);
#8482=CONICAL_SURFACE('',#8481,4.E-1,2.090798047101E1);
#8483=ORIENTED_EDGE('',*,*,#8468,.T.);
#8485=ORIENTED_EDGE('',*,*,#8484,.T.);
#8486=ORIENTED_EDGE('',*,*,#8471,.F.);
#8487=ORIENTED_EDGE('',*,*,#8396,.F.);
#8488=EDGE_LOOP('',(#8483,#8485,#8486,#8487));
#8489=FACE_OUTER_BOUND('',#8488,.F.);
#8490=ADVANCED_FACE('',(#8489),#8482,.T.);
#8491=CARTESIAN_POINT('',(-2.3775E1,1.3015E1,0.E0));
#8492=DIRECTION('',(0.E0,1.E0,0.E0));
#8493=DIRECTION('',(1.E0,0.E0,0.E0));
#8494=AXIS2_PLACEMENT_3D('',#8491,#8492,#8493);
#8495=PLANE('',#8494);
#8496=ORIENTED_EDGE('',*,*,#8473,.T.);
#8497=ORIENTED_EDGE('',*,*,#8484,.F.);
#8498=EDGE_LOOP('',(#8496,#8497));
#8499=FACE_OUTER_BOUND('',#8498,.F.);
#8500=ADVANCED_FACE('',(#8499),#8495,.T.);
#8501=CARTESIAN_POINT('',(-2.3775E1,-5.59E0,0.E0));
#8502=DIRECTION('',(0.E0,1.E0,0.E0));
#8503=DIRECTION('',(1.E0,0.E0,0.E0));
#8504=AXIS2_PLACEMENT_3D('',#8501,#8502,#8503);
#8505=CONICAL_SURFACE('',#8504,4.E-1,2.090798047101E1);
#8507=ORIENTED_EDGE('',*,*,#8506,.F.);
#8509=ORIENTED_EDGE('',*,*,#8508,.T.);
#8511=ORIENTED_EDGE('',*,*,#8510,.T.);
#8512=ORIENTED_EDGE('',*,*,#8457,.F.);
#8513=EDGE_LOOP('',(#8507,#8509,#8511,#8512));
#8514=FACE_OUTER_BOUND('',#8513,.F.);
#8515=ADVANCED_FACE('',(#8514),#8505,.T.);
#8516=CARTESIAN_POINT('',(-2.3775E1,-5.59E0,0.E0));
#8517=DIRECTION('',(0.E0,1.E0,0.E0));
#8518=DIRECTION('',(1.E0,0.E0,0.E0));
#8519=AXIS2_PLACEMENT_3D('',#8516,#8517,#8518);
#8520=CONICAL_SURFACE('',#8519,4.E-1,2.090798047101E1);
#8521=ORIENTED_EDGE('',*,*,#8506,.T.);
#8522=ORIENTED_EDGE('',*,*,#8411,.T.);
#8523=ORIENTED_EDGE('',*,*,#8510,.F.);
#8525=ORIENTED_EDGE('',*,*,#8524,.F.);
#8526=EDGE_LOOP('',(#8521,#8522,#8523,#8525));
#8527=FACE_OUTER_BOUND('',#8526,.F.);
#8528=ADVANCED_FACE('',(#8527),#8520,.T.);
#8529=CARTESIAN_POINT('',(-2.3775E1,-6.035E0,0.E0));
#8530=DIRECTION('',(0.E0,1.E0,0.E0));
#8531=DIRECTION('',(1.E0,0.E0,0.E0));
#8532=AXIS2_PLACEMENT_3D('',#8529,#8530,#8531);
#8533=PLANE('',#8532);
#8534=ORIENTED_EDGE('',*,*,#8508,.F.);
#8535=ORIENTED_EDGE('',*,*,#8524,.T.);
#8536=EDGE_LOOP('',(#8534,#8535));
#8537=FACE_OUTER_BOUND('',#8536,.F.);
#8538=ADVANCED_FACE('',(#8537),#8533,.F.);
#8539=CARTESIAN_POINT('',(-2.2685E1,1.205E0,3.47E0));
#8540=DIRECTION('',(1.E0,0.E0,0.E0));
#8541=DIRECTION('',(0.E0,1.E0,0.E0));
#8542=AXIS2_PLACEMENT_3D('',#8539,#8540,#8541);
#8543=PLANE('',#8542);
#8544=ORIENTED_EDGE('',*,*,#4517,.T.);
#8545=ORIENTED_EDGE('',*,*,#5633,.T.);
#8546=ORIENTED_EDGE('',*,*,#8424,.T.);
#8547=ORIENTED_EDGE('',*,*,#4840,.T.);
#8548=EDGE_LOOP('',(#8544,#8545,#8546,#8547));
#8549=FACE_OUTER_BOUND('',#8548,.F.);
#8550=ADVANCED_FACE('',(#8549),#8543,.F.);
#8551=CARTESIAN_POINT('',(-2.4865E1,1.585E0,3.47E0));
#8552=DIRECTION('',(-1.E0,0.E0,0.E0));
#8553=DIRECTION('',(0.E0,-1.E0,0.E0));
#8554=AXIS2_PLACEMENT_3D('',#8551,#8552,#8553);
#8555=PLANE('',#8554);
#8556=ORIENTED_EDGE('',*,*,#4479,.F.);
#8557=ORIENTED_EDGE('',*,*,#4844,.T.);
#8558=ORIENTED_EDGE('',*,*,#8427,.F.);
#8559=ORIENTED_EDGE('',*,*,#5629,.F.);
#8560=EDGE_LOOP('',(#8556,#8557,#8558,#8559));
#8561=FACE_OUTER_BOUND('',#8560,.F.);
#8562=ADVANCED_FACE('',(#8561),#8555,.F.);
#8563=CARTESIAN_POINT('',(-2.2305E1,1.585E0,-1.5E0));
#8564=DIRECTION('',(-1.E0,0.E0,0.E0));
#8565=DIRECTION('',(0.E0,0.E0,1.E0));
#8566=AXIS2_PLACEMENT_3D('',#8563,#8564,#8565);
#8567=PLANE('',#8566);
#8568=ORIENTED_EDGE('',*,*,#5209,.T.);
#8570=ORIENTED_EDGE('',*,*,#8569,.F.);
#8571=ORIENTED_EDGE('',*,*,#4527,.F.);
#8573=ORIENTED_EDGE('',*,*,#8572,.T.);
#8574=EDGE_LOOP('',(#8568,#8570,#8571,#8573));
#8575=FACE_OUTER_BOUND('',#8574,.F.);
#8576=ADVANCED_FACE('',(#8575),#8567,.F.);
#8577=CARTESIAN_POINT('',(-2.2305E1,1.585E0,1.5E0));
#8578=DIRECTION('',(0.E0,0.E0,1.E0));
#8579=DIRECTION('',(1.E0,0.E0,0.E0));
#8580=AXIS2_PLACEMENT_3D('',#8577,#8578,#8579);
#8581=PLANE('',#8580);
#8582=ORIENTED_EDGE('',*,*,#5215,.T.);
#8584=ORIENTED_EDGE('',*,*,#8583,.F.);
#8585=ORIENTED_EDGE('',*,*,#4529,.F.);
#8586=ORIENTED_EDGE('',*,*,#8569,.T.);
#8587=EDGE_LOOP('',(#8582,#8584,#8585,#8586));
#8588=FACE_OUTER_BOUND('',#8587,.F.);
#8589=ADVANCED_FACE('',(#8588),#8581,.F.);
#8590=CARTESIAN_POINT('',(-2.1285E1,1.585E0,1.5E0));
#8591=DIRECTION('',(1.E0,0.E0,0.E0));
#8592=DIRECTION('',(0.E0,0.E0,-1.E0));
#8593=AXIS2_PLACEMENT_3D('',#8590,#8591,#8592);
#8594=PLANE('',#8593);
#8595=ORIENTED_EDGE('',*,*,#5213,.T.);
#8597=ORIENTED_EDGE('',*,*,#8596,.F.);
#8598=ORIENTED_EDGE('',*,*,#4531,.F.);
#8599=ORIENTED_EDGE('',*,*,#8583,.T.);
#8600=EDGE_LOOP('',(#8595,#8597,#8598,#8599));
#8601=FACE_OUTER_BOUND('',#8600,.F.);
#8602=ADVANCED_FACE('',(#8601),#8594,.F.);
#8603=CARTESIAN_POINT('',(-2.1285E1,1.585E0,-1.5E0));
#8604=DIRECTION('',(0.E0,0.E0,-1.E0));
#8605=DIRECTION('',(-1.E0,0.E0,0.E0));
#8606=AXIS2_PLACEMENT_3D('',#8603,#8604,#8605);
#8607=PLANE('',#8606);
#8608=ORIENTED_EDGE('',*,*,#5211,.T.);
#8609=ORIENTED_EDGE('',*,*,#8572,.F.);
#8610=ORIENTED_EDGE('',*,*,#4533,.F.);
#8611=ORIENTED_EDGE('',*,*,#8596,.T.);
#8612=EDGE_LOOP('',(#8608,#8609,#8610,#8611));
#8613=FACE_OUTER_BOUND('',#8612,.F.);
#8614=ADVANCED_FACE('',(#8613),#8607,.F.);
#8615=CARTESIAN_POINT('',(-1.8345E1,1.585E0,-1.5E0));
#8616=DIRECTION('',(-1.E0,0.E0,0.E0));
#8617=DIRECTION('',(0.E0,0.E0,1.E0));
#8618=AXIS2_PLACEMENT_3D('',#8615,#8616,#8617);
#8619=PLANE('',#8618);
#8620=ORIENTED_EDGE('',*,*,#5234,.T.);
#8622=ORIENTED_EDGE('',*,*,#8621,.F.);
#8623=ORIENTED_EDGE('',*,*,#4631,.F.);
#8625=ORIENTED_EDGE('',*,*,#8624,.T.);
#8626=EDGE_LOOP('',(#8620,#8622,#8623,#8625));
#8627=FACE_OUTER_BOUND('',#8626,.F.);
#8628=ADVANCED_FACE('',(#8627),#8619,.F.);
#8629=CARTESIAN_POINT('',(-1.8345E1,1.585E0,1.5E0));
#8630=DIRECTION('',(0.E0,0.E0,1.E0));
#8631=DIRECTION('',(1.E0,0.E0,0.E0));
#8632=AXIS2_PLACEMENT_3D('',#8629,#8630,#8631);
#8633=PLANE('',#8632);
#8634=ORIENTED_EDGE('',*,*,#5240,.T.);
#8636=ORIENTED_EDGE('',*,*,#8635,.F.);
#8637=ORIENTED_EDGE('',*,*,#4633,.F.);
#8638=ORIENTED_EDGE('',*,*,#8621,.T.);
#8639=EDGE_LOOP('',(#8634,#8636,#8637,#8638));
#8640=FACE_OUTER_BOUND('',#8639,.F.);
#8641=ADVANCED_FACE('',(#8640),#8633,.F.);
#8642=CARTESIAN_POINT('',(-1.7325E1,1.585E0,1.5E0));
#8643=DIRECTION('',(1.E0,0.E0,0.E0));
#8644=DIRECTION('',(0.E0,0.E0,-1.E0));
#8645=AXIS2_PLACEMENT_3D('',#8642,#8643,#8644);
#8646=PLANE('',#8645);
#8647=ORIENTED_EDGE('',*,*,#5238,.T.);
#8649=ORIENTED_EDGE('',*,*,#8648,.F.);
#8650=ORIENTED_EDGE('',*,*,#4635,.F.);
#8651=ORIENTED_EDGE('',*,*,#8635,.T.);
#8652=EDGE_LOOP('',(#8647,#8649,#8650,#8651));
#8653=FACE_OUTER_BOUND('',#8652,.F.);
#8654=ADVANCED_FACE('',(#8653),#8646,.F.);
#8655=CARTESIAN_POINT('',(-1.7325E1,1.585E0,-1.5E0));
#8656=DIRECTION('',(0.E0,0.E0,-1.E0));
#8657=DIRECTION('',(-1.E0,0.E0,0.E0));
#8658=AXIS2_PLACEMENT_3D('',#8655,#8656,#8657);
#8659=PLANE('',#8658);
#8660=ORIENTED_EDGE('',*,*,#5236,.T.);
#8661=ORIENTED_EDGE('',*,*,#8624,.F.);
#8662=ORIENTED_EDGE('',*,*,#4637,.F.);
#8663=ORIENTED_EDGE('',*,*,#8648,.T.);
#8664=EDGE_LOOP('',(#8660,#8661,#8662,#8663));
#8665=FACE_OUTER_BOUND('',#8664,.F.);
#8666=ADVANCED_FACE('',(#8665),#8659,.F.);
#8667=CARTESIAN_POINT('',(-1.4385E1,1.585E0,-1.5E0));
#8668=DIRECTION('',(-1.E0,0.E0,0.E0));
#8669=DIRECTION('',(0.E0,0.E0,1.E0));
#8670=AXIS2_PLACEMENT_3D('',#8667,#8668,#8669);
#8671=PLANE('',#8670);
#8672=ORIENTED_EDGE('',*,*,#5259,.T.);
#8674=ORIENTED_EDGE('',*,*,#8673,.F.);
#8675=ORIENTED_EDGE('',*,*,#4742,.F.);
#8677=ORIENTED_EDGE('',*,*,#8676,.T.);
#8678=EDGE_LOOP('',(#8672,#8674,#8675,#8677));
#8679=FACE_OUTER_BOUND('',#8678,.F.);
#8680=ADVANCED_FACE('',(#8679),#8671,.F.);
#8681=CARTESIAN_POINT('',(-1.4385E1,1.585E0,1.5E0));
#8682=DIRECTION('',(0.E0,0.E0,1.E0));
#8683=DIRECTION('',(1.E0,0.E0,0.E0));
#8684=AXIS2_PLACEMENT_3D('',#8681,#8682,#8683);
#8685=PLANE('',#8684);
#8686=ORIENTED_EDGE('',*,*,#5265,.T.);
#8688=ORIENTED_EDGE('',*,*,#8687,.F.);
#8689=ORIENTED_EDGE('',*,*,#4744,.F.);
#8690=ORIENTED_EDGE('',*,*,#8673,.T.);
#8691=EDGE_LOOP('',(#8686,#8688,#8689,#8690));
#8692=FACE_OUTER_BOUND('',#8691,.F.);
#8693=ADVANCED_FACE('',(#8692),#8685,.F.);
#8694=CARTESIAN_POINT('',(-1.3365E1,1.585E0,1.5E0));
#8695=DIRECTION('',(1.E0,0.E0,0.E0));
#8696=DIRECTION('',(0.E0,0.E0,-1.E0));
#8697=AXIS2_PLACEMENT_3D('',#8694,#8695,#8696);
#8698=PLANE('',#8697);
#8699=ORIENTED_EDGE('',*,*,#5263,.T.);
#8701=ORIENTED_EDGE('',*,*,#8700,.F.);
#8702=ORIENTED_EDGE('',*,*,#4746,.F.);
#8703=ORIENTED_EDGE('',*,*,#8687,.T.);
#8704=EDGE_LOOP('',(#8699,#8701,#8702,#8703));
#8705=FACE_OUTER_BOUND('',#8704,.F.);
#8706=ADVANCED_FACE('',(#8705),#8698,.F.);
#8707=CARTESIAN_POINT('',(-1.3365E1,1.585E0,-1.5E0));
#8708=DIRECTION('',(0.E0,0.E0,-1.E0));
#8709=DIRECTION('',(-1.E0,0.E0,0.E0));
#8710=AXIS2_PLACEMENT_3D('',#8707,#8708,#8709);
#8711=PLANE('',#8710);
#8712=ORIENTED_EDGE('',*,*,#5261,.T.);
#8713=ORIENTED_EDGE('',*,*,#8676,.F.);
#8714=ORIENTED_EDGE('',*,*,#4748,.F.);
#8715=ORIENTED_EDGE('',*,*,#8700,.T.);
#8716=EDGE_LOOP('',(#8712,#8713,#8714,#8715));
#8717=FACE_OUTER_BOUND('',#8716,.F.);
#8718=ADVANCED_FACE('',(#8717),#8711,.F.);
#8719=CARTESIAN_POINT('',(-1.0425E1,1.585E0,-1.5E0));
#8720=DIRECTION('',(-1.E0,0.E0,0.E0));
#8721=DIRECTION('',(0.E0,0.E0,1.E0));
#8722=AXIS2_PLACEMENT_3D('',#8719,#8720,#8721);
#8723=PLANE('',#8722);
#8724=ORIENTED_EDGE('',*,*,#5284,.T.);
#8726=ORIENTED_EDGE('',*,*,#8725,.F.);
#8727=ORIENTED_EDGE('',*,*,#4657,.F.);
#8729=ORIENTED_EDGE('',*,*,#8728,.T.);
#8730=EDGE_LOOP('',(#8724,#8726,#8727,#8729));
#8731=FACE_OUTER_BOUND('',#8730,.F.);
#8732=ADVANCED_FACE('',(#8731),#8723,.F.);
#8733=CARTESIAN_POINT('',(-1.0425E1,1.585E0,1.5E0));
#8734=DIRECTION('',(0.E0,0.E0,1.E0));
#8735=DIRECTION('',(1.E0,0.E0,0.E0));
#8736=AXIS2_PLACEMENT_3D('',#8733,#8734,#8735);
#8737=PLANE('',#8736);
#8738=ORIENTED_EDGE('',*,*,#5290,.T.);
#8740=ORIENTED_EDGE('',*,*,#8739,.F.);
#8741=ORIENTED_EDGE('',*,*,#4659,.F.);
#8742=ORIENTED_EDGE('',*,*,#8725,.T.);
#8743=EDGE_LOOP('',(#8738,#8740,#8741,#8742));
#8744=FACE_OUTER_BOUND('',#8743,.F.);
#8745=ADVANCED_FACE('',(#8744),#8737,.F.);
#8746=CARTESIAN_POINT('',(-9.405E0,1.585E0,1.5E0));
#8747=DIRECTION('',(1.E0,0.E0,0.E0));
#8748=DIRECTION('',(0.E0,0.E0,-1.E0));
#8749=AXIS2_PLACEMENT_3D('',#8746,#8747,#8748);
#8750=PLANE('',#8749);
#8751=ORIENTED_EDGE('',*,*,#5288,.T.);
#8753=ORIENTED_EDGE('',*,*,#8752,.F.);
#8754=ORIENTED_EDGE('',*,*,#4661,.F.);
#8755=ORIENTED_EDGE('',*,*,#8739,.T.);
#8756=EDGE_LOOP('',(#8751,#8753,#8754,#8755));
#8757=FACE_OUTER_BOUND('',#8756,.F.);
#8758=ADVANCED_FACE('',(#8757),#8750,.F.);
#8759=CARTESIAN_POINT('',(-9.405E0,1.585E0,-1.5E0));
#8760=DIRECTION('',(0.E0,0.E0,-1.E0));
#8761=DIRECTION('',(-1.E0,0.E0,0.E0));
#8762=AXIS2_PLACEMENT_3D('',#8759,#8760,#8761);
#8763=PLANE('',#8762);
#8764=ORIENTED_EDGE('',*,*,#5286,.T.);
#8765=ORIENTED_EDGE('',*,*,#8728,.F.);
#8766=ORIENTED_EDGE('',*,*,#4663,.F.);
#8767=ORIENTED_EDGE('',*,*,#8752,.T.);
#8768=EDGE_LOOP('',(#8764,#8765,#8766,#8767));
#8769=FACE_OUTER_BOUND('',#8768,.F.);
#8770=ADVANCED_FACE('',(#8769),#8763,.F.);
#8771=CARTESIAN_POINT('',(-6.465E0,1.585E0,-1.5E0));
#8772=DIRECTION('',(-1.E0,0.E0,0.E0));
#8773=DIRECTION('',(0.E0,0.E0,1.E0));
#8774=AXIS2_PLACEMENT_3D('',#8771,#8772,#8773);
#8775=PLANE('',#8774);
#8776=ORIENTED_EDGE('',*,*,#5309,.T.);
#8778=ORIENTED_EDGE('',*,*,#8777,.F.);
#8779=ORIENTED_EDGE('',*,*,#4683,.F.);
#8781=ORIENTED_EDGE('',*,*,#8780,.T.);
#8782=EDGE_LOOP('',(#8776,#8778,#8779,#8781));
#8783=FACE_OUTER_BOUND('',#8782,.F.);
#8784=ADVANCED_FACE('',(#8783),#8775,.F.);
#8785=CARTESIAN_POINT('',(-6.465E0,1.585E0,1.5E0));
#8786=DIRECTION('',(0.E0,0.E0,1.E0));
#8787=DIRECTION('',(1.E0,0.E0,0.E0));
#8788=AXIS2_PLACEMENT_3D('',#8785,#8786,#8787);
#8789=PLANE('',#8788);
#8790=ORIENTED_EDGE('',*,*,#5315,.T.);
#8792=ORIENTED_EDGE('',*,*,#8791,.F.);
#8793=ORIENTED_EDGE('',*,*,#4685,.F.);
#8794=ORIENTED_EDGE('',*,*,#8777,.T.);
#8795=EDGE_LOOP('',(#8790,#8792,#8793,#8794));
#8796=FACE_OUTER_BOUND('',#8795,.F.);
#8797=ADVANCED_FACE('',(#8796),#8789,.F.);
#8798=CARTESIAN_POINT('',(-5.445E0,1.585E0,1.5E0));
#8799=DIRECTION('',(1.E0,0.E0,0.E0));
#8800=DIRECTION('',(0.E0,0.E0,-1.E0));
#8801=AXIS2_PLACEMENT_3D('',#8798,#8799,#8800);
#8802=PLANE('',#8801);
#8803=ORIENTED_EDGE('',*,*,#5313,.T.);
#8805=ORIENTED_EDGE('',*,*,#8804,.F.);
#8806=ORIENTED_EDGE('',*,*,#4687,.F.);
#8807=ORIENTED_EDGE('',*,*,#8791,.T.);
#8808=EDGE_LOOP('',(#8803,#8805,#8806,#8807));
#8809=FACE_OUTER_BOUND('',#8808,.F.);
#8810=ADVANCED_FACE('',(#8809),#8802,.F.);
#8811=CARTESIAN_POINT('',(-5.445E0,1.585E0,-1.5E0));
#8812=DIRECTION('',(0.E0,0.E0,-1.E0));
#8813=DIRECTION('',(-1.E0,0.E0,0.E0));
#8814=AXIS2_PLACEMENT_3D('',#8811,#8812,#8813);
#8815=PLANE('',#8814);
#8816=ORIENTED_EDGE('',*,*,#5311,.T.);
#8817=ORIENTED_EDGE('',*,*,#8780,.F.);
#8818=ORIENTED_EDGE('',*,*,#4689,.F.);
#8819=ORIENTED_EDGE('',*,*,#8804,.T.);
#8820=EDGE_LOOP('',(#8816,#8817,#8818,#8819));
#8821=FACE_OUTER_BOUND('',#8820,.F.);
#8822=ADVANCED_FACE('',(#8821),#8815,.F.);
#8823=CARTESIAN_POINT('',(-2.505E0,1.585E0,-1.5E0));
#8824=DIRECTION('',(-1.E0,0.E0,0.E0));
#8825=DIRECTION('',(0.E0,0.E0,1.E0));
#8826=AXIS2_PLACEMENT_3D('',#8823,#8824,#8825);
#8827=PLANE('',#8826);
#8828=ORIENTED_EDGE('',*,*,#5334,.T.);
#8830=ORIENTED_EDGE('',*,*,#8829,.F.);
#8831=ORIENTED_EDGE('',*,*,#4775,.F.);
#8833=ORIENTED_EDGE('',*,*,#8832,.T.);
#8834=EDGE_LOOP('',(#8828,#8830,#8831,#8833));
#8835=FACE_OUTER_BOUND('',#8834,.F.);
#8836=ADVANCED_FACE('',(#8835),#8827,.F.);
#8837=CARTESIAN_POINT('',(-2.505E0,1.585E0,1.5E0));
#8838=DIRECTION('',(0.E0,0.E0,1.E0));
#8839=DIRECTION('',(1.E0,0.E0,0.E0));
#8840=AXIS2_PLACEMENT_3D('',#8837,#8838,#8839);
#8841=PLANE('',#8840);
#8842=ORIENTED_EDGE('',*,*,#5340,.T.);
#8844=ORIENTED_EDGE('',*,*,#8843,.F.);
#8845=ORIENTED_EDGE('',*,*,#4777,.F.);
#8846=ORIENTED_EDGE('',*,*,#8829,.T.);
#8847=EDGE_LOOP('',(#8842,#8844,#8845,#8846));
#8848=FACE_OUTER_BOUND('',#8847,.F.);
#8849=ADVANCED_FACE('',(#8848),#8841,.F.);
#8850=CARTESIAN_POINT('',(-1.485E0,1.585E0,1.5E0));
#8851=DIRECTION('',(1.E0,0.E0,0.E0));
#8852=DIRECTION('',(0.E0,0.E0,-1.E0));
#8853=AXIS2_PLACEMENT_3D('',#8850,#8851,#8852);
#8854=PLANE('',#8853);
#8855=ORIENTED_EDGE('',*,*,#5338,.T.);
#8857=ORIENTED_EDGE('',*,*,#8856,.F.);
#8858=ORIENTED_EDGE('',*,*,#4779,.F.);
#8859=ORIENTED_EDGE('',*,*,#8843,.T.);
#8860=EDGE_LOOP('',(#8855,#8857,#8858,#8859));
#8861=FACE_OUTER_BOUND('',#8860,.F.);
#8862=ADVANCED_FACE('',(#8861),#8854,.F.);
#8863=CARTESIAN_POINT('',(-1.485E0,1.585E0,-1.5E0));
#8864=DIRECTION('',(0.E0,0.E0,-1.E0));
#8865=DIRECTION('',(-1.E0,0.E0,0.E0));
#8866=AXIS2_PLACEMENT_3D('',#8863,#8864,#8865);
#8867=PLANE('',#8866);
#8868=ORIENTED_EDGE('',*,*,#5336,.T.);
#8869=ORIENTED_EDGE('',*,*,#8832,.F.);
#8870=ORIENTED_EDGE('',*,*,#4781,.F.);
#8871=ORIENTED_EDGE('',*,*,#8856,.T.);
#8872=EDGE_LOOP('',(#8868,#8869,#8870,#8871));
#8873=FACE_OUTER_BOUND('',#8872,.F.);
#8874=ADVANCED_FACE('',(#8873),#8867,.F.);
#8875=CARTESIAN_POINT('',(1.455E0,1.585E0,-1.5E0));
#8876=DIRECTION('',(-1.E0,0.E0,0.E0));
#8877=DIRECTION('',(0.E0,0.E0,1.E0));
#8878=AXIS2_PLACEMENT_3D('',#8875,#8876,#8877);
#8879=PLANE('',#8878);
#8880=ORIENTED_EDGE('',*,*,#5359,.T.);
#8882=ORIENTED_EDGE('',*,*,#8881,.F.);
#8883=ORIENTED_EDGE('',*,*,#4709,.F.);
#8885=ORIENTED_EDGE('',*,*,#8884,.T.);
#8886=EDGE_LOOP('',(#8880,#8882,#8883,#8885));
#8887=FACE_OUTER_BOUND('',#8886,.F.);
#8888=ADVANCED_FACE('',(#8887),#8879,.F.);
#8889=CARTESIAN_POINT('',(1.455E0,1.585E0,1.5E0));
#8890=DIRECTION('',(0.E0,0.E0,1.E0));
#8891=DIRECTION('',(1.E0,0.E0,0.E0));
#8892=AXIS2_PLACEMENT_3D('',#8889,#8890,#8891);
#8893=PLANE('',#8892);
#8894=ORIENTED_EDGE('',*,*,#5365,.T.);
#8896=ORIENTED_EDGE('',*,*,#8895,.F.);
#8897=ORIENTED_EDGE('',*,*,#4711,.F.);
#8898=ORIENTED_EDGE('',*,*,#8881,.T.);
#8899=EDGE_LOOP('',(#8894,#8896,#8897,#8898));
#8900=FACE_OUTER_BOUND('',#8899,.F.);
#8901=ADVANCED_FACE('',(#8900),#8893,.F.);
#8902=CARTESIAN_POINT('',(2.475E0,1.585E0,1.5E0));
#8903=DIRECTION('',(1.E0,0.E0,0.E0));
#8904=DIRECTION('',(0.E0,0.E0,-1.E0));
#8905=AXIS2_PLACEMENT_3D('',#8902,#8903,#8904);
#8906=PLANE('',#8905);
#8907=ORIENTED_EDGE('',*,*,#5363,.T.);
#8909=ORIENTED_EDGE('',*,*,#8908,.F.);
#8910=ORIENTED_EDGE('',*,*,#4713,.F.);
#8911=ORIENTED_EDGE('',*,*,#8895,.T.);
#8912=EDGE_LOOP('',(#8907,#8909,#8910,#8911));
#8913=FACE_OUTER_BOUND('',#8912,.F.);
#8914=ADVANCED_FACE('',(#8913),#8906,.F.);
#8915=CARTESIAN_POINT('',(2.475E0,1.585E0,-1.5E0));
#8916=DIRECTION('',(0.E0,0.E0,-1.E0));
#8917=DIRECTION('',(-1.E0,0.E0,0.E0));
#8918=AXIS2_PLACEMENT_3D('',#8915,#8916,#8917);
#8919=PLANE('',#8918);
#8920=ORIENTED_EDGE('',*,*,#5361,.T.);
#8921=ORIENTED_EDGE('',*,*,#8884,.F.);
#8922=ORIENTED_EDGE('',*,*,#4715,.F.);
#8923=ORIENTED_EDGE('',*,*,#8908,.T.);
#8924=EDGE_LOOP('',(#8920,#8921,#8922,#8923));
#8925=FACE_OUTER_BOUND('',#8924,.F.);
#8926=ADVANCED_FACE('',(#8925),#8919,.F.);
#8927=CARTESIAN_POINT('',(5.415E0,1.585E0,-1.5E0));
#8928=DIRECTION('',(-1.E0,0.E0,0.E0));
#8929=DIRECTION('',(0.E0,0.E0,1.E0));
#8930=AXIS2_PLACEMENT_3D('',#8927,#8928,#8929);
#8931=PLANE('',#8930);
#8932=ORIENTED_EDGE('',*,*,#5384,.T.);
#8934=ORIENTED_EDGE('',*,*,#8933,.F.);
#8935=ORIENTED_EDGE('',*,*,#4605,.F.);
#8937=ORIENTED_EDGE('',*,*,#8936,.T.);
#8938=EDGE_LOOP('',(#8932,#8934,#8935,#8937));
#8939=FACE_OUTER_BOUND('',#8938,.F.);
#8940=ADVANCED_FACE('',(#8939),#8931,.F.);
#8941=CARTESIAN_POINT('',(5.415E0,1.585E0,1.5E0));
#8942=DIRECTION('',(0.E0,0.E0,1.E0));
#8943=DIRECTION('',(1.E0,0.E0,0.E0));
#8944=AXIS2_PLACEMENT_3D('',#8941,#8942,#8943);
#8945=PLANE('',#8944);
#8946=ORIENTED_EDGE('',*,*,#5390,.T.);
#8948=ORIENTED_EDGE('',*,*,#8947,.F.);
#8949=ORIENTED_EDGE('',*,*,#4607,.F.);
#8950=ORIENTED_EDGE('',*,*,#8933,.T.);
#8951=EDGE_LOOP('',(#8946,#8948,#8949,#8950));
#8952=FACE_OUTER_BOUND('',#8951,.F.);
#8953=ADVANCED_FACE('',(#8952),#8945,.F.);
#8954=CARTESIAN_POINT('',(6.435E0,1.585E0,1.5E0));
#8955=DIRECTION('',(1.E0,0.E0,0.E0));
#8956=DIRECTION('',(0.E0,0.E0,-1.E0));
#8957=AXIS2_PLACEMENT_3D('',#8954,#8955,#8956);
#8958=PLANE('',#8957);
#8959=ORIENTED_EDGE('',*,*,#5388,.T.);
#8961=ORIENTED_EDGE('',*,*,#8960,.F.);
#8962=ORIENTED_EDGE('',*,*,#4609,.F.);
#8963=ORIENTED_EDGE('',*,*,#8947,.T.);
#8964=EDGE_LOOP('',(#8959,#8961,#8962,#8963));
#8965=FACE_OUTER_BOUND('',#8964,.F.);
#8966=ADVANCED_FACE('',(#8965),#8958,.F.);
#8967=CARTESIAN_POINT('',(6.435E0,1.585E0,-1.5E0));
#8968=DIRECTION('',(0.E0,0.E0,-1.E0));
#8969=DIRECTION('',(-1.E0,0.E0,0.E0));
#8970=AXIS2_PLACEMENT_3D('',#8967,#8968,#8969);
#8971=PLANE('',#8970);
#8972=ORIENTED_EDGE('',*,*,#5386,.T.);
#8973=ORIENTED_EDGE('',*,*,#8936,.F.);
#8974=ORIENTED_EDGE('',*,*,#4611,.F.);
#8975=ORIENTED_EDGE('',*,*,#8960,.T.);
#8976=EDGE_LOOP('',(#8972,#8973,#8974,#8975));
#8977=FACE_OUTER_BOUND('',#8976,.F.);
#8978=ADVANCED_FACE('',(#8977),#8971,.F.);
#8979=CARTESIAN_POINT('',(9.375E0,1.585E0,-1.5E0));
#8980=DIRECTION('',(-1.E0,0.E0,0.E0));
#8981=DIRECTION('',(0.E0,0.E0,1.E0));
#8982=AXIS2_PLACEMENT_3D('',#8979,#8980,#8981);
#8983=PLANE('',#8982);
#8984=ORIENTED_EDGE('',*,*,#5409,.T.);
#8986=ORIENTED_EDGE('',*,*,#8985,.F.);
#8987=ORIENTED_EDGE('',*,*,#4807,.F.);
#8989=ORIENTED_EDGE('',*,*,#8988,.T.);
#8990=EDGE_LOOP('',(#8984,#8986,#8987,#8989));
#8991=FACE_OUTER_BOUND('',#8990,.F.);
#8992=ADVANCED_FACE('',(#8991),#8983,.F.);
#8993=CARTESIAN_POINT('',(9.375E0,1.585E0,1.5E0));
#8994=DIRECTION('',(0.E0,0.E0,1.E0));
#8995=DIRECTION('',(1.E0,0.E0,0.E0));
#8996=AXIS2_PLACEMENT_3D('',#8993,#8994,#8995);
#8997=PLANE('',#8996);
#8998=ORIENTED_EDGE('',*,*,#5415,.T.);
#9000=ORIENTED_EDGE('',*,*,#8999,.F.);
#9001=ORIENTED_EDGE('',*,*,#4809,.F.);
#9002=ORIENTED_EDGE('',*,*,#8985,.T.);
#9003=EDGE_LOOP('',(#8998,#9000,#9001,#9002));
#9004=FACE_OUTER_BOUND('',#9003,.F.);
#9005=ADVANCED_FACE('',(#9004),#8997,.F.);
#9006=CARTESIAN_POINT('',(1.0395E1,1.585E0,1.5E0));
#9007=DIRECTION('',(1.E0,0.E0,0.E0));
#9008=DIRECTION('',(0.E0,0.E0,-1.E0));
#9009=AXIS2_PLACEMENT_3D('',#9006,#9007,#9008);
#9010=PLANE('',#9009);
#9011=ORIENTED_EDGE('',*,*,#5413,.T.);
#9013=ORIENTED_EDGE('',*,*,#9012,.F.);
#9014=ORIENTED_EDGE('',*,*,#4811,.F.);
#9015=ORIENTED_EDGE('',*,*,#8999,.T.);
#9016=EDGE_LOOP('',(#9011,#9013,#9014,#9015));
#9017=FACE_OUTER_BOUND('',#9016,.F.);
#9018=ADVANCED_FACE('',(#9017),#9010,.F.);
#9019=CARTESIAN_POINT('',(1.0395E1,1.585E0,-1.5E0));
#9020=DIRECTION('',(0.E0,0.E0,-1.E0));
#9021=DIRECTION('',(-1.E0,0.E0,0.E0));
#9022=AXIS2_PLACEMENT_3D('',#9019,#9020,#9021);
#9023=PLANE('',#9022);
#9024=ORIENTED_EDGE('',*,*,#5411,.T.);
#9025=ORIENTED_EDGE('',*,*,#8988,.F.);
#9026=ORIENTED_EDGE('',*,*,#4813,.F.);
#9027=ORIENTED_EDGE('',*,*,#9012,.T.);
#9028=EDGE_LOOP('',(#9024,#9025,#9026,#9027));
#9029=FACE_OUTER_BOUND('',#9028,.F.);
#9030=ADVANCED_FACE('',(#9029),#9023,.F.);
#9031=CARTESIAN_POINT('',(1.3335E1,1.585E0,-1.5E0));
#9032=DIRECTION('',(-1.E0,0.E0,0.E0));
#9033=DIRECTION('',(0.E0,0.E0,1.E0));
#9034=AXIS2_PLACEMENT_3D('',#9031,#9032,#9033);
#9035=PLANE('',#9034);
#9036=ORIENTED_EDGE('',*,*,#5434,.T.);
#9038=ORIENTED_EDGE('',*,*,#9037,.F.);
#9039=ORIENTED_EDGE('',*,*,#4579,.F.);
#9041=ORIENTED_EDGE('',*,*,#9040,.T.);
#9042=EDGE_LOOP('',(#9036,#9038,#9039,#9041));
#9043=FACE_OUTER_BOUND('',#9042,.F.);
#9044=ADVANCED_FACE('',(#9043),#9035,.F.);
#9045=CARTESIAN_POINT('',(1.3335E1,1.585E0,1.5E0));
#9046=DIRECTION('',(0.E0,0.E0,1.E0));
#9047=DIRECTION('',(1.E0,0.E0,0.E0));
#9048=AXIS2_PLACEMENT_3D('',#9045,#9046,#9047);
#9049=PLANE('',#9048);
#9050=ORIENTED_EDGE('',*,*,#5440,.T.);
#9052=ORIENTED_EDGE('',*,*,#9051,.F.);
#9053=ORIENTED_EDGE('',*,*,#4581,.F.);
#9054=ORIENTED_EDGE('',*,*,#9037,.T.);
#9055=EDGE_LOOP('',(#9050,#9052,#9053,#9054));
#9056=FACE_OUTER_BOUND('',#9055,.F.);
#9057=ADVANCED_FACE('',(#9056),#9049,.F.);
#9058=CARTESIAN_POINT('',(1.4355E1,1.585E0,1.5E0));
#9059=DIRECTION('',(1.E0,0.E0,0.E0));
#9060=DIRECTION('',(0.E0,0.E0,-1.E0));
#9061=AXIS2_PLACEMENT_3D('',#9058,#9059,#9060);
#9062=PLANE('',#9061);
#9063=ORIENTED_EDGE('',*,*,#5438,.T.);
#9065=ORIENTED_EDGE('',*,*,#9064,.F.);
#9066=ORIENTED_EDGE('',*,*,#4583,.F.);
#9067=ORIENTED_EDGE('',*,*,#9051,.T.);
#9068=EDGE_LOOP('',(#9063,#9065,#9066,#9067));
#9069=FACE_OUTER_BOUND('',#9068,.F.);
#9070=ADVANCED_FACE('',(#9069),#9062,.F.);
#9071=CARTESIAN_POINT('',(1.4355E1,1.585E0,-1.5E0));
#9072=DIRECTION('',(0.E0,0.E0,-1.E0));
#9073=DIRECTION('',(-1.E0,0.E0,0.E0));
#9074=AXIS2_PLACEMENT_3D('',#9071,#9072,#9073);
#9075=PLANE('',#9074);
#9076=ORIENTED_EDGE('',*,*,#5436,.T.);
#9077=ORIENTED_EDGE('',*,*,#9040,.F.);
#9078=ORIENTED_EDGE('',*,*,#4585,.F.);
#9079=ORIENTED_EDGE('',*,*,#9064,.T.);
#9080=EDGE_LOOP('',(#9076,#9077,#9078,#9079));
#9081=FACE_OUTER_BOUND('',#9080,.F.);
#9082=ADVANCED_FACE('',(#9081),#9075,.F.);
#9083=CARTESIAN_POINT('',(1.7295E1,1.585E0,-1.5E0));
#9084=DIRECTION('',(-1.E0,0.E0,0.E0));
#9085=DIRECTION('',(0.E0,0.E0,1.E0));
#9086=AXIS2_PLACEMENT_3D('',#9083,#9084,#9085);
#9087=PLANE('',#9086);
#9088=ORIENTED_EDGE('',*,*,#5459,.T.);
#9090=ORIENTED_EDGE('',*,*,#9089,.F.);
#9091=ORIENTED_EDGE('',*,*,#4553,.F.);
#9093=ORIENTED_EDGE('',*,*,#9092,.T.);
#9094=EDGE_LOOP('',(#9088,#9090,#9091,#9093));
#9095=FACE_OUTER_BOUND('',#9094,.F.);
#9096=ADVANCED_FACE('',(#9095),#9087,.F.);
#9097=CARTESIAN_POINT('',(1.7295E1,1.585E0,1.5E0));
#9098=DIRECTION('',(0.E0,0.E0,1.E0));
#9099=DIRECTION('',(1.E0,0.E0,0.E0));
#9100=AXIS2_PLACEMENT_3D('',#9097,#9098,#9099);
#9101=PLANE('',#9100);
#9102=ORIENTED_EDGE('',*,*,#5465,.T.);
#9104=ORIENTED_EDGE('',*,*,#9103,.F.);
#9105=ORIENTED_EDGE('',*,*,#4555,.F.);
#9106=ORIENTED_EDGE('',*,*,#9089,.T.);
#9107=EDGE_LOOP('',(#9102,#9104,#9105,#9106));
#9108=FACE_OUTER_BOUND('',#9107,.F.);
#9109=ADVANCED_FACE('',(#9108),#9101,.F.);
#9110=CARTESIAN_POINT('',(1.8315E1,1.585E0,1.5E0));
#9111=DIRECTION('',(1.E0,0.E0,0.E0));
#9112=DIRECTION('',(0.E0,0.E0,-1.E0));
#9113=AXIS2_PLACEMENT_3D('',#9110,#9111,#9112);
#9114=PLANE('',#9113);
#9115=ORIENTED_EDGE('',*,*,#5463,.T.);
#9117=ORIENTED_EDGE('',*,*,#9116,.F.);
#9118=ORIENTED_EDGE('',*,*,#4557,.F.);
#9119=ORIENTED_EDGE('',*,*,#9103,.T.);
#9120=EDGE_LOOP('',(#9115,#9117,#9118,#9119));
#9121=FACE_OUTER_BOUND('',#9120,.F.);
#9122=ADVANCED_FACE('',(#9121),#9114,.F.);
#9123=CARTESIAN_POINT('',(1.8315E1,1.585E0,-1.5E0));
#9124=DIRECTION('',(0.E0,0.E0,-1.E0));
#9125=DIRECTION('',(-1.E0,0.E0,0.E0));
#9126=AXIS2_PLACEMENT_3D('',#9123,#9124,#9125);
#9127=PLANE('',#9126);
#9128=ORIENTED_EDGE('',*,*,#5461,.T.);
#9129=ORIENTED_EDGE('',*,*,#9092,.F.);
#9130=ORIENTED_EDGE('',*,*,#4559,.F.);
#9131=ORIENTED_EDGE('',*,*,#9116,.T.);
#9132=EDGE_LOOP('',(#9128,#9129,#9130,#9131));
#9133=FACE_OUTER_BOUND('',#9132,.F.);
#9134=ADVANCED_FACE('',(#9133),#9127,.F.);
#9135=CARTESIAN_POINT('',(2.1255E1,1.585E0,-1.5E0));
#9136=DIRECTION('',(-1.E0,0.E0,0.E0));
#9137=DIRECTION('',(0.E0,0.E0,1.E0));
#9138=AXIS2_PLACEMENT_3D('',#9135,#9136,#9137);
#9139=PLANE('',#9138);
#9140=ORIENTED_EDGE('',*,*,#5498,.T.);
#9142=ORIENTED_EDGE('',*,*,#9141,.F.);
#9143=ORIENTED_EDGE('',*,*,#4501,.F.);
#9145=ORIENTED_EDGE('',*,*,#9144,.T.);
#9146=EDGE_LOOP('',(#9140,#9142,#9143,#9145));
#9147=FACE_OUTER_BOUND('',#9146,.F.);
#9148=ADVANCED_FACE('',(#9147),#9139,.F.);
#9149=CARTESIAN_POINT('',(2.1255E1,1.585E0,1.5E0));
#9150=DIRECTION('',(0.E0,0.E0,1.E0));
#9151=DIRECTION('',(1.E0,0.E0,0.E0));
#9152=AXIS2_PLACEMENT_3D('',#9149,#9150,#9151);
#9153=PLANE('',#9152);
#9154=ORIENTED_EDGE('',*,*,#5504,.T.);
#9156=ORIENTED_EDGE('',*,*,#9155,.F.);
#9157=ORIENTED_EDGE('',*,*,#4503,.F.);
#9158=ORIENTED_EDGE('',*,*,#9141,.T.);
#9159=EDGE_LOOP('',(#9154,#9156,#9157,#9158));
#9160=FACE_OUTER_BOUND('',#9159,.F.);
#9161=ADVANCED_FACE('',(#9160),#9153,.F.);
#9162=CARTESIAN_POINT('',(2.2275E1,1.585E0,1.5E0));
#9163=DIRECTION('',(1.E0,0.E0,0.E0));
#9164=DIRECTION('',(0.E0,0.E0,-1.E0));
#9165=AXIS2_PLACEMENT_3D('',#9162,#9163,#9164);
#9166=PLANE('',#9165);
#9167=ORIENTED_EDGE('',*,*,#5502,.T.);
#9169=ORIENTED_EDGE('',*,*,#9168,.F.);
#9170=ORIENTED_EDGE('',*,*,#4505,.F.);
#9171=ORIENTED_EDGE('',*,*,#9155,.T.);
#9172=EDGE_LOOP('',(#9167,#9169,#9170,#9171));
#9173=FACE_OUTER_BOUND('',#9172,.F.);
#9174=ADVANCED_FACE('',(#9173),#9166,.F.);
#9175=CARTESIAN_POINT('',(2.2275E1,1.585E0,-1.5E0));
#9176=DIRECTION('',(0.E0,0.E0,-1.E0));
#9177=DIRECTION('',(-1.E0,0.E0,0.E0));
#9178=AXIS2_PLACEMENT_3D('',#9175,#9176,#9177);
#9179=PLANE('',#9178);
#9180=ORIENTED_EDGE('',*,*,#5500,.T.);
#9181=ORIENTED_EDGE('',*,*,#9144,.F.);
#9182=ORIENTED_EDGE('',*,*,#4507,.F.);
#9183=ORIENTED_EDGE('',*,*,#9168,.T.);
#9184=EDGE_LOOP('',(#9180,#9181,#9182,#9183));
#9185=FACE_OUTER_BOUND('',#9184,.F.);
#9186=ADVANCED_FACE('',(#9185),#9179,.F.);
#9187=CLOSED_SHELL('',(#4436,#4453,#4469,#4485,#4511,#4537,#4563,#4589,#4615,
#4641,#4667,#4693,#4719,#4752,#4785,#4817,#4853,#4889,#4924,#4967,#4982,#4996,
#5011,#5025,#5040,#5058,#5070,#5084,#5097,#5111,#5124,#5137,#5150,#5163,#5180,
#5194,#5219,#5244,#5269,#5294,#5319,#5344,#5369,#5394,#5419,#5444,#5469,#5483,
#5508,#5522,#5715,#5728,#5747,#5762,#5778,#5791,#5805,#5820,#5833,#5843,#5861,
#5873,#5885,#5900,#5913,#5923,#5935,#5948,#5967,#5979,#5995,#6010,#6029,#6042,
#6055,#6070,#6083,#6093,#6108,#6121,#6131,#6143,#6155,#6168,#6187,#6199,#6215,
#6230,#6249,#6262,#6275,#6290,#6303,#6313,#6328,#6341,#6351,#6363,#6375,#6388,
#6407,#6419,#6435,#6450,#6469,#6482,#6495,#6510,#6523,#6533,#6548,#6561,#6571,
#6583,#6595,#6608,#6627,#6639,#6655,#6670,#6689,#6702,#6715,#6730,#6743,#6753,
#6768,#6781,#6791,#6803,#6815,#6828,#6847,#6859,#6875,#6890,#6909,#6922,#6935,
#6950,#6963,#6973,#6988,#7001,#7011,#7023,#7035,#7048,#7067,#7079,#7095,#7110,
#7129,#7142,#7155,#7170,#7183,#7193,#7208,#7221,#7231,#7243,#7255,#7268,#7287,
#7299,#7315,#7330,#7349,#7362,#7375,#7390,#7403,#7413,#7428,#7441,#7451,#7463,
#7475,#7488,#7507,#7519,#7535,#7550,#7569,#7582,#7595,#7610,#7623,#7633,#7648,
#7661,#7671,#7683,#7695,#7708,#7727,#7739,#7755,#7770,#7789,#7802,#7815,#7830,
#7843,#7853,#7868,#7881,#7891,#7903,#7915,#7928,#7947,#7959,#7975,#7990,#8009,
#8022,#8035,#8050,#8063,#8073,#8088,#8101,#8111,#8123,#8135,#8148,#8167,#8179,
#8195,#8210,#8229,#8242,#8255,#8270,#8283,#8293,#8308,#8321,#8331,#8343,#8355,
#8368,#8386,#8402,#8417,#8436,#8449,#8462,#8477,#8490,#8500,#8515,#8528,#8538,
#8550,#8562,#8576,#8589,#8602,#8614,#8628,#8641,#8654,#8666,#8680,#8693,#8706,
#8718,#8732,#8745,#8758,#8770,#8784,#8797,#8810,#8822,#8836,#8849,#8862,#8874,
#8888,#8901,#8914,#8926,#8940,#8953,#8966,#8978,#8992,#9005,#9018,#9030,#9044,
#9057,#9070,#9082,#9096,#9109,#9122,#9134,#9148,#9161,#9174,#9186));
#9188=MANIFOLD_SOLID_BREP('',#9187);
#9189=CARTESIAN_POINT('',(0.E0,0.E0,0.E0));
#9190=DIRECTION('',(0.E0,0.E0,1.E0));
#9191=DIRECTION('',(1.E0,0.E0,0.E0));
#9192=AXIS2_PLACEMENT_3D('CSYS',#9189,#9190,#9191);
#9193=DIRECTION('',(0.E0,1.E0,0.E0));
#9194=VECTOR('',#9193,1.905E1);
#9195=CARTESIAN_POINT('',(-2.3775E1,-6.035E0,0.E0));
#9196=LINE('',#9195,#9194);
#9199=DIRECTION('',(0.E0,1.E0,0.E0));
#9200=VECTOR('',#9199,1.905E1);
#9201=CARTESIAN_POINT('',(-1.9815E1,-6.035E0,0.E0));
#9202=LINE('',#9201,#9200);
#9204=DIRECTION('',(0.E0,1.E0,0.E0));
#9205=VECTOR('',#9204,1.905E1);
#9206=CARTESIAN_POINT('',(-1.5855E1,-6.035E0,0.E0));
#9207=LINE('',#9206,#9205);
#9209=DIRECTION('',(0.E0,1.E0,0.E0));
#9210=VECTOR('',#9209,1.905E1);
#9211=CARTESIAN_POINT('',(-1.1895E1,-6.035E0,0.E0));
#9212=LINE('',#9211,#9210);
#9214=DIRECTION('',(0.E0,1.E0,0.E0));
#9215=VECTOR('',#9214,1.905E1);
#9216=CARTESIAN_POINT('',(-7.935E0,-6.035E0,0.E0));
#9217=LINE('',#9216,#9215);
#9219=DIRECTION('',(0.E0,1.E0,0.E0));
#9220=VECTOR('',#9219,1.905E1);
#9221=CARTESIAN_POINT('',(-3.975E0,-6.035E0,0.E0));
#9222=LINE('',#9221,#9220);
#9224=DIRECTION('',(0.E0,1.E0,0.E0));
#9225=VECTOR('',#9224,1.905E1);
#9226=CARTESIAN_POINT('',(-1.5E-2,-6.035E0,0.E0));
#9227=LINE('',#9226,#9225);
#9229=DIRECTION('',(0.E0,1.E0,0.E0));
#9230=VECTOR('',#9229,1.905E1);
#9231=CARTESIAN_POINT('',(3.945E0,-6.035E0,0.E0));
#9232=LINE('',#9231,#9230);
#9234=DIRECTION('',(0.E0,1.E0,0.E0));
#9235=VECTOR('',#9234,1.905E1);
#9236=CARTESIAN_POINT('',(7.905E0,-6.035E0,0.E0));
#9237=LINE('',#9236,#9235);
#9239=DIRECTION('',(0.E0,1.E0,0.E0));
#9240=VECTOR('',#9239,1.905E1);
#9241=CARTESIAN_POINT('',(1.1865E1,-6.035E0,0.E0));
#9242=LINE('',#9241,#9240);
#9244=DIRECTION('',(0.E0,1.E0,0.E0));
#9245=VECTOR('',#9244,1.905E1);
#9246=CARTESIAN_POINT('',(1.5825E1,-6.035E0,0.E0));
#9247=LINE('',#9246,#9245);
#9249=DIRECTION('',(0.E0,1.E0,0.E0));
#9250=VECTOR('',#9249,1.905E1);
#9251=CARTESIAN_POINT('',(1.9785E1,-6.035E0,0.E0));
#9252=LINE('',#9251,#9250);
#9254=DIRECTION('',(0.E0,1.E0,0.E0));
#9255=VECTOR('',#9254,1.905E1);
#9256=CARTESIAN_POINT('',(2.3745E1,-6.035E0,0.E0));
#9257=LINE('',#9256,#9255);
#9259=CARTESIAN_POINT('',(-2.3775E1,-1.585E0,0.E0));
#9260=DIRECTION('',(0.E0,-1.E0,0.E0));
#9261=DIRECTION('',(1.E0,0.E0,0.E0));
#9262=AXIS2_PLACEMENT_3D('',#9259,#9260,#9261);
#9266=CARTESIAN_POINT('',(-2.3775E1,-1.585E0,0.E0));
#9267=DIRECTION('',(0.E0,-1.E0,0.E0));
#9268=DIRECTION('',(-1.E0,0.E0,0.E0));
#9269=AXIS2_PLACEMENT_3D('',#9266,#9267,#9268);
#9274=CARTESIAN_POINT('',(-1.9815E1,-1.585E0,0.E0));
#9275=DIRECTION('',(0.E0,-1.E0,0.E0));
#9276=DIRECTION('',(1.E0,0.E0,0.E0));
#9277=AXIS2_PLACEMENT_3D('',#9274,#9275,#9276);
#9281=CARTESIAN_POINT('',(-1.9815E1,-1.585E0,0.E0));
#9282=DIRECTION('',(0.E0,-1.E0,0.E0));
#9283=DIRECTION('',(-1.E0,0.E0,0.E0));
#9284=AXIS2_PLACEMENT_3D('',#9281,#9282,#9283);
#9289=CARTESIAN_POINT('',(-1.5855E1,-1.585E0,0.E0));
#9290=DIRECTION('',(0.E0,-1.E0,0.E0));
#9291=DIRECTION('',(1.E0,0.E0,0.E0));
#9292=AXIS2_PLACEMENT_3D('',#9289,#9290,#9291);
#9296=CARTESIAN_POINT('',(-1.5855E1,-1.585E0,0.E0));
#9297=DIRECTION('',(0.E0,-1.E0,0.E0));
#9298=DIRECTION('',(-1.E0,0.E0,0.E0));
#9299=AXIS2_PLACEMENT_3D('',#9296,#9297,#9298);
#9304=CARTESIAN_POINT('',(-1.1895E1,-1.585E0,0.E0));
#9305=DIRECTION('',(0.E0,-1.E0,0.E0));
#9306=DIRECTION('',(1.E0,0.E0,0.E0));
#9307=AXIS2_PLACEMENT_3D('',#9304,#9305,#9306);
#9311=CARTESIAN_POINT('',(-1.1895E1,-1.585E0,0.E0));
#9312=DIRECTION('',(0.E0,-1.E0,0.E0));
#9313=DIRECTION('',(-1.E0,0.E0,0.E0));
#9314=AXIS2_PLACEMENT_3D('',#9311,#9312,#9313);
#9319=CARTESIAN_POINT('',(-7.935E0,-1.585E0,0.E0));
#9320=DIRECTION('',(0.E0,-1.E0,0.E0));
#9321=DIRECTION('',(1.E0,0.E0,0.E0));
#9322=AXIS2_PLACEMENT_3D('',#9319,#9320,#9321);
#9326=CARTESIAN_POINT('',(-7.935E0,-1.585E0,0.E0));
#9327=DIRECTION('',(0.E0,-1.E0,0.E0));
#9328=DIRECTION('',(-1.E0,0.E0,0.E0));
#9329=AXIS2_PLACEMENT_3D('',#9326,#9327,#9328);
#9334=CARTESIAN_POINT('',(-3.975E0,-1.585E0,0.E0));
#9335=DIRECTION('',(0.E0,-1.E0,0.E0));
#9336=DIRECTION('',(1.E0,0.E0,0.E0));
#9337=AXIS2_PLACEMENT_3D('',#9334,#9335,#9336);
#9341=CARTESIAN_POINT('',(-3.975E0,-1.585E0,0.E0));
#9342=DIRECTION('',(0.E0,-1.E0,0.E0));
#9343=DIRECTION('',(-1.E0,0.E0,0.E0));
#9344=AXIS2_PLACEMENT_3D('',#9341,#9342,#9343);
#9349=CARTESIAN_POINT('',(-1.5E-2,-1.585E0,0.E0));
#9350=DIRECTION('',(0.E0,-1.E0,0.E0));
#9351=DIRECTION('',(1.E0,0.E0,0.E0));
#9352=AXIS2_PLACEMENT_3D('',#9349,#9350,#9351);
#9356=CARTESIAN_POINT('',(-1.5E-2,-1.585E0,0.E0));
#9357=DIRECTION('',(0.E0,-1.E0,0.E0));
#9358=DIRECTION('',(-1.E0,0.E0,0.E0));
#9359=AXIS2_PLACEMENT_3D('',#9356,#9357,#9358);
#9364=CARTESIAN_POINT('',(3.945E0,-1.585E0,0.E0));
#9365=DIRECTION('',(0.E0,-1.E0,0.E0));
#9366=DIRECTION('',(1.E0,0.E0,0.E0));
#9367=AXIS2_PLACEMENT_3D('',#9364,#9365,#9366);
#9371=CARTESIAN_POINT('',(3.945E0,-1.585E0,0.E0));
#9372=DIRECTION('',(0.E0,-1.E0,0.E0));
#9373=DIRECTION('',(-1.E0,0.E0,0.E0));
#9374=AXIS2_PLACEMENT_3D('',#9371,#9372,#9373);
#9379=CARTESIAN_POINT('',(7.905E0,-1.585E0,0.E0));
#9380=DIRECTION('',(0.E0,-1.E0,0.E0));
#9381=DIRECTION('',(1.E0,0.E0,0.E0));
#9382=AXIS2_PLACEMENT_3D('',#9379,#9380,#9381);
#9386=CARTESIAN_POINT('',(7.905E0,-1.585E0,0.E0));
#9387=DIRECTION('',(0.E0,-1.E0,0.E0));
#9388=DIRECTION('',(-1.E0,0.E0,0.E0));
#9389=AXIS2_PLACEMENT_3D('',#9386,#9387,#9388);
#9394=CARTESIAN_POINT('',(1.1865E1,-1.585E0,0.E0));
#9395=DIRECTION('',(0.E0,-1.E0,0.E0));
#9396=DIRECTION('',(1.E0,0.E0,0.E0));
#9397=AXIS2_PLACEMENT_3D('',#9394,#9395,#9396);
#9401=CARTESIAN_POINT('',(1.1865E1,-1.585E0,0.E0));
#9402=DIRECTION('',(0.E0,-1.E0,0.E0));
#9403=DIRECTION('',(-1.E0,0.E0,0.E0));
#9404=AXIS2_PLACEMENT_3D('',#9401,#9402,#9403);
#9409=CARTESIAN_POINT('',(1.5825E1,-1.585E0,0.E0));
#9410=DIRECTION('',(0.E0,-1.E0,0.E0));
#9411=DIRECTION('',(1.E0,0.E0,0.E0));
#9412=AXIS2_PLACEMENT_3D('',#9409,#9410,#9411);
#9416=CARTESIAN_POINT('',(1.5825E1,-1.585E0,0.E0));
#9417=DIRECTION('',(0.E0,-1.E0,0.E0));
#9418=DIRECTION('',(-1.E0,0.E0,0.E0));
#9419=AXIS2_PLACEMENT_3D('',#9416,#9417,#9418);
#9424=CARTESIAN_POINT('',(1.9785E1,-1.585E0,0.E0));
#9425=DIRECTION('',(0.E0,-1.E0,0.E0));
#9426=DIRECTION('',(1.E0,0.E0,0.E0));
#9427=AXIS2_PLACEMENT_3D('',#9424,#9425,#9426);
#9431=CARTESIAN_POINT('',(1.9785E1,-1.585E0,0.E0));
#9432=DIRECTION('',(0.E0,-1.E0,0.E0));
#9433=DIRECTION('',(-1.E0,0.E0,0.E0));
#9434=AXIS2_PLACEMENT_3D('',#9431,#9432,#9433);
#9439=CARTESIAN_POINT('',(2.3745E1,-1.585E0,0.E0));
#9440=DIRECTION('',(0.E0,-1.E0,0.E0));
#9441=DIRECTION('',(1.E0,0.E0,0.E0));
#9442=AXIS2_PLACEMENT_3D('',#9439,#9440,#9441);
#9446=CARTESIAN_POINT('',(2.3745E1,-1.585E0,0.E0));
#9447=DIRECTION('',(0.E0,-1.E0,0.E0));
#9448=DIRECTION('',(-1.E0,0.E0,0.E0));
#9449=AXIS2_PLACEMENT_3D('',#9446,#9447,#9448);
#9455=DIMENSIONAL_EXPONENTS(0.E0,0.E0,0.E0,0.E0,0.E0,0.E0,0.E0);
#9457=PLANE_ANGLE_MEASURE_WITH_UNIT(PLANE_ANGLE_MEASURE(1.745329251994E-2),
#9456);
#9458=(CONVERSION_BASED_UNIT('DEGREE',#9457)NAMED_UNIT(*)PLANE_ANGLE_UNIT());
#9460=UNCERTAINTY_MEASURE_WITH_UNIT(LENGTH_MEASURE(5.676592538582E-3),#9454,
'closure',
'Maximum model space distance between geometric entities at asserted connectivities');
#9461=(GEOMETRIC_REPRESENTATION_CONTEXT(3)GLOBAL_UNCERTAINTY_ASSIGNED_CONTEXT((
#9460))GLOBAL_UNIT_ASSIGNED_CONTEXT((#9454,#9458,#9459))REPRESENTATION_CONTEXT(
'ID1','3'));
#9198=GEOMETRIC_SET('',(#9197,#9203,#9208,#9213,#9218,#9223,#9228,#9233,#9238,
#9243,#9248,#9253,#9258,#9273,#9288,#9303,#9318,#9333,#9348,#9363,#9378,#9393,
#9408,#9423,#9438,#9453));
#9465=SHAPE_REPRESENTATION_RELATIONSHIP('','',#9464,#9462);
#9466=SHAPE_REPRESENTATION_RELATIONSHIP('','',#9464,#9463);
#9467=APPLICATION_CONTEXT(
'CONFIGURATION CONTROLLED 3D DESIGNS OF MECHANICAL PARTS AND ASSEMBLIES');
#9468=APPLICATION_PROTOCOL_DEFINITION('international standard',
'config_control_design',1994,#9467);
#9469=DESIGN_CONTEXT('',#9467,'design');
#9470=MECHANICAL_CONTEXT('',#9467,'mechanical');
#9471=PRODUCT('026192131','026192131','NOT SPECIFIED',(#9470));
#9472=PRODUCT_DEFINITION_FORMATION_WITH_SPECIFIED_SOURCE('1','LAST_VERSION',
#9471,.MADE.);
#9476=PRODUCT_CATEGORY('part','');
#9477=PRODUCT_RELATED_PRODUCT_CATEGORY('detail','',(#9471));
#9478=PRODUCT_CATEGORY_RELATIONSHIP('','',#9476,#9477);
#9479=SECURITY_CLASSIFICATION_LEVEL('unclassified');
#9480=SECURITY_CLASSIFICATION('','',#9479);
#9481=CC_DESIGN_SECURITY_CLASSIFICATION(#9480,(#9472));
#9482=APPROVAL_STATUS('approved');
#9483=APPROVAL(#9482,'');
#9484=CC_DESIGN_APPROVAL(#9483,(#9480,#9472,#9473));
#9485=CALENDAR_DATE(114,8,9);
#9486=COORDINATED_UNIVERSAL_TIME_OFFSET(5,30,.AHEAD.);
#9487=LOCAL_TIME(15,55,5.4E1,#9486);
#9488=DATE_AND_TIME(#9485,#9487);
#9489=APPROVAL_DATE_TIME(#9488,#9483);
#9490=DATE_TIME_ROLE('creation_date');
#9491=CC_DESIGN_DATE_AND_TIME_ASSIGNMENT(#9488,#9490,(#9473));
#9492=DATE_TIME_ROLE('classification_date');
#9493=CC_DESIGN_DATE_AND_TIME_ASSIGNMENT(#9488,#9492,(#9480));
#9494=PERSON('UNSPECIFIED','UNSPECIFIED',$,$,$,$);
#9495=ORGANIZATION('UNSPECIFIED','UNSPECIFIED','UNSPECIFIED');
#9496=PERSON_AND_ORGANIZATION(#9494,#9495);
#9497=APPROVAL_ROLE('approver');
#9498=APPROVAL_PERSON_ORGANIZATION(#9496,#9483,#9497);
#9499=PERSON_AND_ORGANIZATION_ROLE('creator');
#9500=CC_DESIGN_PERSON_AND_ORGANIZATION_ASSIGNMENT(#9496,#9499,(#9472,#9473));
#9501=PERSON_AND_ORGANIZATION_ROLE('design_supplier');
#9502=CC_DESIGN_PERSON_AND_ORGANIZATION_ASSIGNMENT(#9496,#9501,(#9472));
#9503=PERSON_AND_ORGANIZATION_ROLE('classification_officer');
#9504=CC_DESIGN_PERSON_AND_ORGANIZATION_ASSIGNMENT(#9496,#9503,(#9480));
#9505=PERSON_AND_ORGANIZATION_ROLE('design_owner');
#9506=CC_DESIGN_PERSON_AND_ORGANIZATION_ASSIGNMENT(#9496,#9505,(#9471));
#1545=CIRCLE('',#1544,5.7E-1);
#1550=CIRCLE('',#1549,5.7E-1);
#1563=CIRCLE('',#1562,5.7E-1);
#1580=CIRCLE('',#1579,5.7E-1);
#1593=CIRCLE('',#1592,5.7E-1);
#1602=CIRCLE('',#1601,5.7E-1);
#1607=CIRCLE('',#1606,2.3E-1);
#1612=CIRCLE('',#1611,2.3E-1);
#1621=CIRCLE('',#1620,5.7E-1);
#1626=CIRCLE('',#1625,5.7E-1);
#1639=CIRCLE('',#1638,2.3E-1);
#1648=CIRCLE('',#1647,2.3E-1);
#1665=CIRCLE('',#1664,5.7E-1);
#1670=CIRCLE('',#1669,5.7E-1);
#1679=CIRCLE('',#1678,5.7E-1);
#1684=CIRCLE('',#1683,5.7E-1);
#1689=CIRCLE('',#1688,5.7E-1);
#1714=CIRCLE('',#1713,5.7E-1);
#1727=CIRCLE('',#1726,5.7E-1);
#1736=CIRCLE('',#1735,5.7E-1);
#1741=CIRCLE('',#1740,2.3E-1);
#1746=CIRCLE('',#1745,2.3E-1);
#1755=CIRCLE('',#1754,2.3E-1);
#1764=CIRCLE('',#1763,2.3E-1);
#1785=CIRCLE('',#1784,5.7E-1);
#1790=CIRCLE('',#1789,5.7E-1);
#1799=CIRCLE('',#1798,5.7E-1);
#1804=CIRCLE('',#1803,5.7E-1);
#1809=CIRCLE('',#1808,5.7E-1);
#1834=CIRCLE('',#1833,5.7E-1);
#1847=CIRCLE('',#1846,5.7E-1);
#1856=CIRCLE('',#1855,5.7E-1);
#1861=CIRCLE('',#1860,2.3E-1);
#1866=CIRCLE('',#1865,2.3E-1);
#1875=CIRCLE('',#1874,2.3E-1);
#1884=CIRCLE('',#1883,2.3E-1);
#1905=CIRCLE('',#1904,5.7E-1);
#1910=CIRCLE('',#1909,5.7E-1);
#1919=CIRCLE('',#1918,5.7E-1);
#1924=CIRCLE('',#1923,5.7E-1);
#1929=CIRCLE('',#1928,5.7E-1);
#1954=CIRCLE('',#1953,5.7E-1);
#1967=CIRCLE('',#1966,5.7E-1);
#1976=CIRCLE('',#1975,5.7E-1);
#1981=CIRCLE('',#1980,2.3E-1);
#1986=CIRCLE('',#1985,2.3E-1);
#1995=CIRCLE('',#1994,2.3E-1);
#2004=CIRCLE('',#2003,2.3E-1);
#2025=CIRCLE('',#2024,5.7E-1);
#2030=CIRCLE('',#2029,5.7E-1);
#2039=CIRCLE('',#2038,5.7E-1);
#2044=CIRCLE('',#2043,5.7E-1);
#2049=CIRCLE('',#2048,5.7E-1);
#2074=CIRCLE('',#2073,5.7E-1);
#2087=CIRCLE('',#2086,5.7E-1);
#2096=CIRCLE('',#2095,5.7E-1);
#2101=CIRCLE('',#2100,2.3E-1);
#2106=CIRCLE('',#2105,2.3E-1);
#2115=CIRCLE('',#2114,2.3E-1);
#2124=CIRCLE('',#2123,2.3E-1);
#2145=CIRCLE('',#2144,5.7E-1);
#2150=CIRCLE('',#2149,5.7E-1);
#2159=CIRCLE('',#2158,5.7E-1);
#2164=CIRCLE('',#2163,5.7E-1);
#2169=CIRCLE('',#2168,5.7E-1);
#2194=CIRCLE('',#2193,5.7E-1);
#2207=CIRCLE('',#2206,5.7E-1);
#2216=CIRCLE('',#2215,5.7E-1);
#2221=CIRCLE('',#2220,2.3E-1);
#2226=CIRCLE('',#2225,2.3E-1);
#2235=CIRCLE('',#2234,2.3E-1);
#2244=CIRCLE('',#2243,2.3E-1);
#2265=CIRCLE('',#2264,5.7E-1);
#2270=CIRCLE('',#2269,5.7E-1);
#2279=CIRCLE('',#2278,5.7E-1);
#2284=CIRCLE('',#2283,5.7E-1);
#2289=CIRCLE('',#2288,5.7E-1);
#2314=CIRCLE('',#2313,5.7E-1);
#2327=CIRCLE('',#2326,5.7E-1);
#2336=CIRCLE('',#2335,5.7E-1);
#2341=CIRCLE('',#2340,2.3E-1);
#2346=CIRCLE('',#2345,2.3E-1);
#2355=CIRCLE('',#2354,2.3E-1);
#2364=CIRCLE('',#2363,2.3E-1);
#2385=CIRCLE('',#2384,5.7E-1);
#2390=CIRCLE('',#2389,5.7E-1);
#2399=CIRCLE('',#2398,5.7E-1);
#2404=CIRCLE('',#2403,5.7E-1);
#2409=CIRCLE('',#2408,5.7E-1);
#2434=CIRCLE('',#2433,5.7E-1);
#2447=CIRCLE('',#2446,5.7E-1);
#2456=CIRCLE('',#2455,5.7E-1);
#2461=CIRCLE('',#2460,2.3E-1);
#2466=CIRCLE('',#2465,2.3E-1);
#2475=CIRCLE('',#2474,2.3E-1);
#2484=CIRCLE('',#2483,2.3E-1);
#2505=CIRCLE('',#2504,5.7E-1);
#2510=CIRCLE('',#2509,5.7E-1);
#2519=CIRCLE('',#2518,5.7E-1);
#2524=CIRCLE('',#2523,5.7E-1);
#2529=CIRCLE('',#2528,5.7E-1);
#2554=CIRCLE('',#2553,5.7E-1);
#2567=CIRCLE('',#2566,5.7E-1);
#2576=CIRCLE('',#2575,5.7E-1);
#2581=CIRCLE('',#2580,2.3E-1);
#2586=CIRCLE('',#2585,2.3E-1);
#2595=CIRCLE('',#2594,2.3E-1);
#2604=CIRCLE('',#2603,2.3E-1);
#2625=CIRCLE('',#2624,5.7E-1);
#2630=CIRCLE('',#2629,5.7E-1);
#2639=CIRCLE('',#2638,5.7E-1);
#2644=CIRCLE('',#2643,5.7E-1);
#2649=CIRCLE('',#2648,5.7E-1);
#2674=CIRCLE('',#2673,5.7E-1);
#2687=CIRCLE('',#2686,5.7E-1);
#2696=CIRCLE('',#2695,5.7E-1);
#2701=CIRCLE('',#2700,2.3E-1);
#2706=CIRCLE('',#2705,2.3E-1);
#2715=CIRCLE('',#2714,2.3E-1);
#2724=CIRCLE('',#2723,2.3E-1);
#2745=CIRCLE('',#2744,5.7E-1);
#2750=CIRCLE('',#2749,5.7E-1);
#2759=CIRCLE('',#2758,5.7E-1);
#2764=CIRCLE('',#2763,5.7E-1);
#2769=CIRCLE('',#2768,5.7E-1);
#2794=CIRCLE('',#2793,5.7E-1);
#2807=CIRCLE('',#2806,5.7E-1);
#2816=CIRCLE('',#2815,5.7E-1);
#2821=CIRCLE('',#2820,2.3E-1);
#2826=CIRCLE('',#2825,2.3E-1);
#2835=CIRCLE('',#2834,2.3E-1);
#2844=CIRCLE('',#2843,2.3E-1);
#2865=CIRCLE('',#2864,5.7E-1);
#2870=CIRCLE('',#2869,5.7E-1);
#2879=CIRCLE('',#2878,5.7E-1);
#2884=CIRCLE('',#2883,5.7E-1);
#2889=CIRCLE('',#2888,5.7E-1);
#2914=CIRCLE('',#2913,5.7E-1);
#2927=CIRCLE('',#2926,5.7E-1);
#2936=CIRCLE('',#2935,5.7E-1);
#2941=CIRCLE('',#2940,2.3E-1);
#2946=CIRCLE('',#2945,2.3E-1);
#2955=CIRCLE('',#2954,2.3E-1);
#2964=CIRCLE('',#2963,2.3E-1);
#2985=CIRCLE('',#2984,5.7E-1);
#2990=CIRCLE('',#2989,5.7E-1);
#2995=CIRCLE('',#2994,5.7E-1);
#3000=CIRCLE('',#2999,5.7E-1);
#3005=CIRCLE('',#3004,5.7E-1);
#3030=CIRCLE('',#3029,5.7E-1);
#3043=CIRCLE('',#3042,5.7E-1);
#3052=CIRCLE('',#3051,5.7E-1);
#3057=CIRCLE('',#3056,2.3E-1);
#3062=CIRCLE('',#3061,2.3E-1);
#3071=CIRCLE('',#3070,2.3E-1);
#3080=CIRCLE('',#3079,2.3E-1);
#4298=EDGE_CURVE('',#4275,#4276,#4,.T.);
#4300=EDGE_CURVE('',#4260,#4275,#764,.T.);
#4302=EDGE_CURVE('',#4260,#4258,#8,.T.);
#4304=EDGE_CURVE('',#4256,#4258,#12,.T.);
#4306=EDGE_CURVE('',#4255,#4256,#16,.T.);
#4308=EDGE_CURVE('',#3328,#4255,#752,.T.);
#4310=EDGE_CURVE('',#3328,#3326,#20,.T.);
#4312=EDGE_CURVE('',#3324,#3326,#24,.T.);
#4314=EDGE_CURVE('',#3323,#3324,#28,.T.);
#4316=EDGE_CURVE('',#3358,#3323,#740,.T.);
#4318=EDGE_CURVE('',#3294,#3358,#716,.T.);
#4320=EDGE_CURVE('',#3294,#3304,#32,.T.);
#4322=EDGE_CURVE('',#3304,#3302,#36,.T.);
#4324=EDGE_CURVE('',#3300,#3302,#40,.T.);
#4326=EDGE_CURVE('',#3299,#3300,#44,.T.);
#4328=EDGE_CURVE('',#3299,#3418,#48,.T.);
#4330=EDGE_CURVE('',#3418,#3416,#52,.T.);
#4332=EDGE_CURVE('',#3414,#3416,#56,.T.);
#4334=EDGE_CURVE('',#3413,#3414,#60,.T.);
#4336=EDGE_CURVE('',#3413,#3442,#64,.T.);
#4338=EDGE_CURVE('',#3442,#3440,#68,.T.);
#4340=EDGE_CURVE('',#3438,#3440,#72,.T.);
#4342=EDGE_CURVE('',#3437,#3438,#76,.T.);
#4344=EDGE_CURVE('',#3437,#3466,#80,.T.);
#4346=EDGE_CURVE('',#3466,#3464,#84,.T.);
#4348=EDGE_CURVE('',#3462,#3464,#88,.T.);
#4350=EDGE_CURVE('',#3461,#3462,#92,.T.);
#4352=EDGE_CURVE('',#3461,#3490,#96,.T.);
#4354=EDGE_CURVE('',#3490,#3488,#100,.T.);
#4356=EDGE_CURVE('',#3486,#3488,#104,.T.);
#4358=EDGE_CURVE('',#3485,#3486,#108,.T.);
#4360=EDGE_CURVE('',#3485,#3718,#112,.T.);
#4362=EDGE_CURVE('',#3718,#3716,#116,.T.);
#4364=EDGE_CURVE('',#3714,#3716,#120,.T.);
#4366=EDGE_CURVE('',#3713,#3714,#124,.T.);
#4368=EDGE_CURVE('',#3713,#3778,#128,.T.);
#4370=EDGE_CURVE('',#3778,#3776,#132,.T.);
#4372=EDGE_CURVE('',#3774,#3776,#136,.T.);
#4374=EDGE_CURVE('',#3773,#3774,#140,.T.);
#4376=EDGE_CURVE('',#3773,#3848,#144,.T.);
#4378=EDGE_CURVE('',#3848,#3846,#148,.T.);
#4380=EDGE_CURVE('',#3844,#3846,#152,.T.);
#4382=EDGE_CURVE('',#3843,#3844,#156,.T.);
#4384=EDGE_CURVE('',#3843,#3916,#160,.T.);
#4386=EDGE_CURVE('',#3916,#3914,#164,.T.);
#4388=EDGE_CURVE('',#3912,#3914,#168,.T.);
#4390=EDGE_CURVE('',#3911,#3912,#172,.T.);
#4392=EDGE_CURVE('',#3911,#3986,#176,.T.);
#4394=EDGE_CURVE('',#3986,#3984,#180,.T.);
#4396=EDGE_CURVE('',#3982,#3984,#184,.T.);
#4398=EDGE_CURVE('',#3981,#3982,#188,.T.);
#4400=EDGE_CURVE('',#3981,#4056,#192,.T.);
#4402=EDGE_CURVE('',#4056,#4054,#196,.T.);
#4404=EDGE_CURVE('',#4052,#4054,#200,.T.);
#4406=EDGE_CURVE('',#4051,#4052,#204,.T.);
#4408=EDGE_CURVE('',#4051,#4124,#208,.T.);
#4410=EDGE_CURVE('',#4124,#4122,#212,.T.);
#4412=EDGE_CURVE('',#4120,#4122,#216,.T.);
#4414=EDGE_CURVE('',#4119,#4120,#220,.T.);
#4416=EDGE_CURVE('',#4119,#4192,#224,.T.);
#4418=EDGE_CURVE('',#4192,#4190,#228,.T.);
#4420=EDGE_CURVE('',#4188,#4190,#232,.T.);
#4422=EDGE_CURVE('',#4187,#4188,#236,.T.);
#4424=EDGE_CURVE('',#4187,#3296,#240,.T.);
#4426=EDGE_CURVE('',#3296,#3351,#244,.T.);
#4428=EDGE_CURVE('',#4280,#3351,#772,.T.);
#4430=EDGE_CURVE('',#4280,#4278,#248,.T.);
#4432=EDGE_CURVE('',#4276,#4278,#252,.T.);
#4443=EDGE_CURVE('',#4290,#4276,#620,.T.);
#4445=EDGE_CURVE('',#4286,#4290,#656,.T.);
#4447=EDGE_CURVE('',#4282,#4286,#696,.T.);
#4449=EDGE_CURVE('',#4275,#4282,#756,.T.);
#4459=EDGE_CURVE('',#3363,#3364,#256,.T.);
#4461=EDGE_CURVE('',#3363,#3292,#260,.T.);
#4463=EDGE_CURVE('',#3292,#4200,#1120,.T.);
#4465=EDGE_CURVE('',#3364,#4200,#264,.T.);
#4475=EDGE_CURVE('',#3366,#3287,#732,.T.);
#4477=EDGE_CURVE('',#3372,#3366,#268,.T.);
#4479=EDGE_CURVE('',#3372,#3307,#272,.T.);
#4481=EDGE_CURVE('',#3307,#3287,#1344,.T.);
#4491=EDGE_CURVE('',#3369,#3370,#276,.T.);
#4493=EDGE_CURVE('',#3369,#4195,#280,.T.);
#4495=EDGE_CURVE('',#4195,#4132,#1536,.T.);
#4497=EDGE_CURVE('',#3370,#4132,#284,.T.);
#4501=EDGE_CURVE('',#4247,#4248,#560,.T.);
#4503=EDGE_CURVE('',#4248,#4250,#564,.T.);
#4505=EDGE_CURVE('',#4250,#4252,#568,.T.);
#4507=EDGE_CURVE('',#4252,#4247,#572,.T.);
#4517=EDGE_CURVE('',#3374,#3312,#288,.T.);
#4519=EDGE_CURVE('',#3521,#3374,#292,.T.);
#4521=EDGE_CURVE('',#3521,#3421,#296,.T.);
#4523=EDGE_CURVE('',#3421,#3312,#1360,.T.);
#4527=EDGE_CURVE('',#3343,#3344,#384,.T.);
#4529=EDGE_CURVE('',#3344,#3346,#388,.T.);
#4531=EDGE_CURVE('',#3346,#3348,#392,.T.);
#4533=EDGE_CURVE('',#3348,#3343,#396,.T.);
#4543=EDGE_CURVE('',#3509,#3510,#300,.T.);
#4545=EDGE_CURVE('',#3509,#4127,#304,.T.);
#4547=EDGE_CURVE('',#4127,#4064,#1520,.T.);
#4549=EDGE_CURVE('',#3510,#4064,#308,.T.);
#4553=EDGE_CURVE('',#4179,#4180,#544,.T.);
#4555=EDGE_CURVE('',#4180,#4182,#548,.T.);
#4557=EDGE_CURVE('',#4182,#4184,#552,.T.);
#4559=EDGE_CURVE('',#4184,#4179,#556,.T.);
#4569=EDGE_CURVE('',#3513,#3514,#312,.T.);
#4571=EDGE_CURVE('',#3513,#4059,#316,.T.);
#4573=EDGE_CURVE('',#4059,#3994,#1504,.T.);
#4575=EDGE_CURVE('',#3514,#3994,#320,.T.);
#4579=EDGE_CURVE('',#4111,#4112,#528,.T.);
#4581=EDGE_CURVE('',#4112,#4114,#532,.T.);
#4583=EDGE_CURVE('',#4114,#4116,#536,.T.);
#4585=EDGE_CURVE('',#4116,#4111,#540,.T.);
#4595=EDGE_CURVE('',#3517,#3518,#324,.T.);
#4597=EDGE_CURVE('',#3517,#3919,#328,.T.);
#4599=EDGE_CURVE('',#3919,#3856,#1472,.T.);
#4601=EDGE_CURVE('',#3518,#3856,#332,.T.);
#4605=EDGE_CURVE('',#3973,#3974,#496,.T.);
#4607=EDGE_CURVE('',#3974,#3976,#500,.T.);
#4609=EDGE_CURVE('',#3976,#3978,#504,.T.);
#4611=EDGE_CURVE('',#3978,#3973,#508,.T.);
#4621=EDGE_CURVE('',#3526,#3426,#336,.T.);
#4623=EDGE_CURVE('',#3529,#3526,#340,.T.);
#4625=EDGE_CURVE('',#3529,#3445,#344,.T.);
#4627=EDGE_CURVE('',#3445,#3426,#1376,.T.);
#4631=EDGE_CURVE('',#3657,#3658,#400,.T.);
#4633=EDGE_CURVE('',#3658,#3660,#404,.T.);
#4635=EDGE_CURVE('',#3660,#3662,#408,.T.);
#4637=EDGE_CURVE('',#3662,#3657,#412,.T.);
#4647=EDGE_CURVE('',#3542,#3474,#348,.T.);
#4649=EDGE_CURVE('',#3545,#3542,#352,.T.);
#4651=EDGE_CURVE('',#3545,#3493,#356,.T.);
#4653=EDGE_CURVE('',#3493,#3474,#1408,.T.);
#4657=EDGE_CURVE('',#3689,#3690,#432,.T.);
#4659=EDGE_CURVE('',#3690,#3692,#436,.T.);
#4661=EDGE_CURVE('',#3692,#3694,#440,.T.);
#4663=EDGE_CURVE('',#3694,#3689,#444,.T.);
#4673=EDGE_CURVE('',#3550,#3498,#360,.T.);
#4675=EDGE_CURVE('',#3765,#3550,#364,.T.);
#4677=EDGE_CURVE('',#3765,#3721,#368,.T.);
#4679=EDGE_CURVE('',#3721,#3498,#1424,.T.);
#4683=EDGE_CURVE('',#3705,#3706,#448,.T.);
#4685=EDGE_CURVE('',#3706,#3708,#452,.T.);
#4687=EDGE_CURVE('',#3708,#3710,#456,.T.);
#4689=EDGE_CURVE('',#3710,#3705,#460,.T.);
#4699=EDGE_CURVE('',#3761,#3762,#372,.T.);
#4701=EDGE_CURVE('',#3761,#3851,#376,.T.);
#4703=EDGE_CURVE('',#3851,#3786,#1456,.T.);
#4705=EDGE_CURVE('',#3762,#3786,#380,.T.);
#4709=EDGE_CURVE('',#3903,#3904,#480,.T.);
#4711=EDGE_CURVE('',#3904,#3906,#484,.T.);
#4713=EDGE_CURVE('',#3906,#3908,#488,.T.);
#4715=EDGE_CURVE('',#3908,#3903,#492,.T.);
#4725=EDGE_CURVE('',#3330,#3534,#576,.T.);
#4727=EDGE_CURVE('',#3330,#3324,#580,.T.);
#4730=EDGE_CURVE('',#3332,#3326,#776,.T.);
#4732=EDGE_CURVE('',#3537,#3332,#584,.T.);
#4734=EDGE_CURVE('',#3537,#3469,#588,.T.);
#4736=EDGE_CURVE('',#3469,#3450,#1392,.T.);
#4738=EDGE_CURVE('',#3534,#3450,#592,.T.);
#4742=EDGE_CURVE('',#3673,#3674,#416,.T.);
#4744=EDGE_CURVE('',#3674,#3676,#420,.T.);
#4746=EDGE_CURVE('',#3676,#3678,#424,.T.);
#4748=EDGE_CURVE('',#3678,#3673,#428,.T.);
#4758=EDGE_CURVE('',#4270,#3770,#596,.T.);
#4760=EDGE_CURVE('',#4270,#4256,#600,.T.);
#4763=EDGE_CURVE('',#4272,#4258,#780,.T.);
#4765=EDGE_CURVE('',#3821,#4272,#604,.T.);
#4767=EDGE_CURVE('',#3821,#3781,#608,.T.);
#4769=EDGE_CURVE('',#3781,#3726,#1440,.T.);
#4771=EDGE_CURVE('',#3770,#3726,#612,.T.);
#4775=EDGE_CURVE('',#3835,#3836,#464,.T.);
#4777=EDGE_CURVE('',#3836,#3838,#468,.T.);
#4779=EDGE_CURVE('',#3838,#3840,#472,.T.);
#4781=EDGE_CURVE('',#3840,#3835,#476,.T.);
#4791=EDGE_CURVE('',#4290,#3962,#616,.T.);
#4795=EDGE_CURVE('',#4292,#4278,#784,.T.);
#4797=EDGE_CURVE('',#4029,#4292,#624,.T.);
#4799=EDGE_CURVE('',#4029,#3989,#628,.T.);
#4801=EDGE_CURVE('',#3989,#3924,#1488,.T.);
#4803=EDGE_CURVE('',#3962,#3924,#632,.T.);
#4807=EDGE_CURVE('',#4043,#4044,#512,.T.);
#4809=EDGE_CURVE('',#4044,#4046,#516,.T.);
#4811=EDGE_CURVE('',#4046,#4048,#520,.T.);
#4813=EDGE_CURVE('',#4048,#4043,#524,.T.);
#4823=EDGE_CURVE('',#3408,#3330,#636,.T.);
#4826=EDGE_CURVE('',#3532,#3534,#2848,.T.);
#4828=EDGE_CURVE('',#3530,#3532,#2773,.T.);
#4830=EDGE_CURVE('',#3529,#3530,#2856,.T.);
#4833=EDGE_CURVE('',#3524,#3526,#2968,.T.);
#4835=EDGE_CURVE('',#3522,#3524,#2893,.T.);
#4837=EDGE_CURVE('',#3521,#3522,#2976,.T.);
#4840=EDGE_CURVE('',#3402,#3374,#3088,.T.);
#4842=EDGE_CURVE('',#3400,#3402,#3009,.T.);
#4844=EDGE_CURVE('',#3372,#3400,#3092,.T.);
#4847=EDGE_CURVE('',#3360,#3366,#728,.T.);
#4849=EDGE_CURVE('',#3360,#3408,#640,.T.);
#4859=EDGE_CURVE('',#4266,#4270,#644,.T.);
#4862=EDGE_CURVE('',#3768,#3770,#2488,.T.);
#4864=EDGE_CURVE('',#3766,#3768,#2413,.T.);
#4866=EDGE_CURVE('',#3765,#3766,#2496,.T.);
#4869=EDGE_CURVE('',#3548,#3550,#2608,.T.);
#4871=EDGE_CURVE('',#3546,#3548,#2533,.T.);
#4873=EDGE_CURVE('',#3545,#3546,#2616,.T.);
#4876=EDGE_CURVE('',#3540,#3542,#2728,.T.);
#4878=EDGE_CURVE('',#3538,#3540,#2653,.T.);
#4880=EDGE_CURVE('',#3537,#3538,#2736,.T.);
#4883=EDGE_CURVE('',#3410,#3332,#648,.T.);
#4885=EDGE_CURVE('',#3410,#4266,#652,.T.);
#4897=EDGE_CURVE('',#3960,#3962,#2128,.T.);
#4899=EDGE_CURVE('',#3958,#3960,#2053,.T.);
#4901=EDGE_CURVE('',#3517,#3958,#2136,.T.);
#4904=EDGE_CURVE('',#3892,#3518,#2248,.T.);
#4906=EDGE_CURVE('',#3890,#3892,#2173,.T.);
#4908=EDGE_CURVE('',#3761,#3890,#2256,.T.);
#4911=EDGE_CURVE('',#3824,#3762,#2368,.T.);
#4913=EDGE_CURVE('',#3822,#3824,#2293,.T.);
#4915=EDGE_CURVE('',#3821,#3822,#2376,.T.);
#4918=EDGE_CURVE('',#4268,#4272,#660,.T.);
#4920=EDGE_CURVE('',#4268,#4286,#664,.T.);
#4930=EDGE_CURVE('',#4288,#4292,#668,.T.);
#4932=EDGE_CURVE('',#4288,#3354,#672,.T.);
#4934=EDGE_CURVE('',#3354,#3363,#788,.T.);
#4937=EDGE_CURVE('',#4236,#3364,#1652,.T.);
#4939=EDGE_CURVE('',#4234,#4236,#1554,.T.);
#4941=EDGE_CURVE('',#3369,#4234,#1540,.T.);
#4944=EDGE_CURVE('',#4168,#3370,#1768,.T.);
#4946=EDGE_CURVE('',#4166,#4168,#1693,.T.);
#4948=EDGE_CURVE('',#3509,#4166,#1776,.T.);
#4951=EDGE_CURVE('',#4100,#3510,#1888,.T.);
#4953=EDGE_CURVE('',#4098,#4100,#1813,.T.);
#4955=EDGE_CURVE('',#3513,#4098,#1896,.T.);
#4958=EDGE_CURVE('',#4032,#3514,#2008,.T.);
#4960=EDGE_CURVE('',#4030,#4032,#1933,.T.);
#4962=EDGE_CURVE('',#4029,#4030,#2016,.T.);
#4976=EDGE_CURVE('',#3404,#3408,#676,.T.);
#4978=EDGE_CURVE('',#3323,#3404,#736,.T.);
#4990=EDGE_CURVE('',#3360,#3357,#724,.T.);
#4992=EDGE_CURVE('',#3357,#3404,#680,.T.);
#5002=EDGE_CURVE('',#4262,#4266,#684,.T.);
#5005=EDGE_CURVE('',#3406,#3410,#688,.T.);
#5007=EDGE_CURVE('',#3406,#4262,#692,.T.);
#5019=EDGE_CURVE('',#4264,#4268,#700,.T.);
#5021=EDGE_CURVE('',#4264,#4282,#704,.T.);
#5031=EDGE_CURVE('',#4284,#4288,#708,.T.);
#5033=EDGE_CURVE('',#4284,#3352,#712,.T.);
#5035=EDGE_CURVE('',#3352,#3354,#792,.T.);
#5047=EDGE_CURVE('',#3357,#3358,#720,.T.);
#5052=EDGE_CURVE('',#3287,#3288,#1340,.T.);
#5054=EDGE_CURVE('',#3294,#3288,#808,.T.);
#5076=EDGE_CURVE('',#4255,#4262,#744,.T.);
#5079=EDGE_CURVE('',#3328,#3406,#748,.T.);
#5092=EDGE_CURVE('',#4260,#4264,#760,.T.);
#5103=EDGE_CURVE('',#4280,#4284,#768,.T.);
#5106=EDGE_CURVE('',#3351,#3352,#796,.T.);
#5174=EDGE_CURVE('',#3296,#3291,#800,.T.);
#5176=EDGE_CURVE('',#3291,#3292,#1124,.T.);
#5186=EDGE_CURVE('',#3304,#3320,#804,.T.);
#5190=EDGE_CURVE('',#3288,#3320,#1336,.T.);
#5200=EDGE_CURVE('',#3418,#3434,#812,.T.);
#5203=EDGE_CURVE('',#3299,#3315,#816,.T.);
#5205=EDGE_CURVE('',#3315,#3434,#1320,.T.);
#5209=EDGE_CURVE('',#3335,#3336,#912,.T.);
#5211=EDGE_CURVE('',#3340,#3335,#916,.T.);
#5213=EDGE_CURVE('',#3338,#3340,#920,.T.);
#5215=EDGE_CURVE('',#3336,#3338,#924,.T.);
#5225=EDGE_CURVE('',#3442,#3458,#820,.T.);
#5228=EDGE_CURVE('',#3413,#3429,#824,.T.);
#5230=EDGE_CURVE('',#3429,#3458,#1304,.T.);
#5234=EDGE_CURVE('',#3649,#3650,#928,.T.);
#5236=EDGE_CURVE('',#3654,#3649,#932,.T.);
#5238=EDGE_CURVE('',#3652,#3654,#936,.T.);
#5240=EDGE_CURVE('',#3650,#3652,#940,.T.);
#5250=EDGE_CURVE('',#3466,#3482,#828,.T.);
#5253=EDGE_CURVE('',#3437,#3453,#832,.T.);
#5255=EDGE_CURVE('',#3453,#3482,#1288,.T.);
#5259=EDGE_CURVE('',#3665,#3666,#944,.T.);
#5261=EDGE_CURVE('',#3670,#3665,#948,.T.);
#5263=EDGE_CURVE('',#3668,#3670,#952,.T.);
#5265=EDGE_CURVE('',#3666,#3668,#956,.T.);
#5275=EDGE_CURVE('',#3490,#3506,#836,.T.);
#5278=EDGE_CURVE('',#3461,#3477,#840,.T.);
#5280=EDGE_CURVE('',#3477,#3506,#1272,.T.);
#5284=EDGE_CURVE('',#3681,#3682,#960,.T.);
#5286=EDGE_CURVE('',#3686,#3681,#964,.T.);
#5288=EDGE_CURVE('',#3684,#3686,#968,.T.);
#5290=EDGE_CURVE('',#3682,#3684,#972,.T.);
#5300=EDGE_CURVE('',#3718,#3734,#844,.T.);
#5303=EDGE_CURVE('',#3485,#3501,#848,.T.);
#5305=EDGE_CURVE('',#3501,#3734,#1256,.T.);
#5309=EDGE_CURVE('',#3697,#3698,#976,.T.);
#5311=EDGE_CURVE('',#3702,#3697,#980,.T.);
#5313=EDGE_CURVE('',#3700,#3702,#984,.T.);
#5315=EDGE_CURVE('',#3698,#3700,#988,.T.);
#5325=EDGE_CURVE('',#3778,#3794,#852,.T.);
#5328=EDGE_CURVE('',#3713,#3729,#856,.T.);
#5330=EDGE_CURVE('',#3729,#3794,#1240,.T.);
#5334=EDGE_CURVE('',#3827,#3828,#992,.T.);
#5336=EDGE_CURVE('',#3832,#3827,#996,.T.);
#5338=EDGE_CURVE('',#3830,#3832,#1000,.T.);
#5340=EDGE_CURVE('',#3828,#3830,#1004,.T.);
#5350=EDGE_CURVE('',#3848,#3864,#860,.T.);
#5353=EDGE_CURVE('',#3773,#3789,#864,.T.);
#5355=EDGE_CURVE('',#3789,#3864,#1224,.T.);
#5359=EDGE_CURVE('',#3895,#3896,#1008,.T.);
#5361=EDGE_CURVE('',#3900,#3895,#1012,.T.);
#5363=EDGE_CURVE('',#3898,#3900,#1016,.T.);
#5365=EDGE_CURVE('',#3896,#3898,#1020,.T.);
#5375=EDGE_CURVE('',#3916,#3932,#868,.T.);
#5378=EDGE_CURVE('',#3843,#3859,#872,.T.);
#5380=EDGE_CURVE('',#3859,#3932,#1208,.T.);
#5384=EDGE_CURVE('',#3965,#3966,#1024,.T.);
#5386=EDGE_CURVE('',#3970,#3965,#1028,.T.);
#5388=EDGE_CURVE('',#3968,#3970,#1032,.T.);
#5390=EDGE_CURVE('',#3966,#3968,#1036,.T.);
#5400=EDGE_CURVE('',#3986,#4002,#876,.T.);
#5403=EDGE_CURVE('',#3911,#3927,#880,.T.);
#5405=EDGE_CURVE('',#3927,#4002,#1192,.T.);
#5409=EDGE_CURVE('',#4035,#4036,#1040,.T.);
#5411=EDGE_CURVE('',#4040,#4035,#1044,.T.);
#5413=EDGE_CURVE('',#4038,#4040,#1048,.T.);
#5415=EDGE_CURVE('',#4036,#4038,#1052,.T.);
#5425=EDGE_CURVE('',#4056,#4072,#884,.T.);
#5428=EDGE_CURVE('',#3981,#3997,#888,.T.);
#5430=EDGE_CURVE('',#3997,#4072,#1176,.T.);
#5434=EDGE_CURVE('',#4103,#4104,#1056,.T.);
#5436=EDGE_CURVE('',#4108,#4103,#1060,.T.);
#5438=EDGE_CURVE('',#4106,#4108,#1064,.T.);
#5440=EDGE_CURVE('',#4104,#4106,#1068,.T.);
#5450=EDGE_CURVE('',#4124,#4140,#892,.T.);
#5453=EDGE_CURVE('',#4051,#4067,#896,.T.);
#5455=EDGE_CURVE('',#4067,#4140,#1160,.T.);
#5459=EDGE_CURVE('',#4171,#4172,#1072,.T.);
#5461=EDGE_CURVE('',#4176,#4171,#1076,.T.);
#5463=EDGE_CURVE('',#4174,#4176,#1080,.T.);
#5465=EDGE_CURVE('',#4172,#4174,#1084,.T.);
#5475=EDGE_CURVE('',#4187,#4203,#900,.T.);
#5477=EDGE_CURVE('',#4203,#3291,#1128,.T.);
#5489=EDGE_CURVE('',#4192,#4208,#904,.T.);
#5492=EDGE_CURVE('',#4119,#4135,#908,.T.);
#5494=EDGE_CURVE('',#4135,#4208,#1144,.T.);
#5498=EDGE_CURVE('',#4239,#4240,#1088,.T.);
#5500=EDGE_CURVE('',#4244,#4239,#1092,.T.);
#5502=EDGE_CURVE('',#4242,#4244,#1096,.T.);
#5504=EDGE_CURVE('',#4240,#4242,#1100,.T.);
#5516=EDGE_CURVE('',#3320,#3318,#1332,.T.);
#5518=EDGE_CURVE('',#3318,#3302,#1104,.T.);
#5528=EDGE_CURVE('',#4195,#4196,#1108,.T.);
#5530=EDGE_CURVE('',#4196,#4198,#1112,.T.);
#5532=EDGE_CURVE('',#4200,#4198,#1116,.T.);
#5537=EDGE_CURVE('',#4203,#4204,#1132,.T.);
#5539=EDGE_CURVE('',#4204,#4206,#1136,.T.);
#5541=EDGE_CURVE('',#4208,#4206,#1140,.T.);
#5544=EDGE_CURVE('',#4135,#4136,#1148,.T.);
#5546=EDGE_CURVE('',#4136,#4138,#1152,.T.);
#5548=EDGE_CURVE('',#4140,#4138,#1156,.T.);
#5551=EDGE_CURVE('',#4067,#4068,#1164,.T.);
#5553=EDGE_CURVE('',#4068,#4070,#1168,.T.);
#5555=EDGE_CURVE('',#4072,#4070,#1172,.T.);
#5558=EDGE_CURVE('',#3997,#3998,#1180,.T.);
#5560=EDGE_CURVE('',#3998,#4000,#1184,.T.);
#5562=EDGE_CURVE('',#4002,#4000,#1188,.T.);
#5565=EDGE_CURVE('',#3927,#3928,#1196,.T.);
#5567=EDGE_CURVE('',#3928,#3930,#1200,.T.);
#5569=EDGE_CURVE('',#3932,#3930,#1204,.T.);
#5572=EDGE_CURVE('',#3859,#3860,#1212,.T.);
#5574=EDGE_CURVE('',#3860,#3862,#1216,.T.);
#5576=EDGE_CURVE('',#3864,#3862,#1220,.T.);
#5579=EDGE_CURVE('',#3789,#3790,#1228,.T.);
#5581=EDGE_CURVE('',#3790,#3792,#1232,.T.);
#5583=EDGE_CURVE('',#3794,#3792,#1236,.T.);
#5586=EDGE_CURVE('',#3729,#3730,#1244,.T.);
#5588=EDGE_CURVE('',#3730,#3732,#1248,.T.);
#5590=EDGE_CURVE('',#3734,#3732,#1252,.T.);
#5593=EDGE_CURVE('',#3501,#3502,#1260,.T.);
#5595=EDGE_CURVE('',#3502,#3504,#1264,.T.);
#5597=EDGE_CURVE('',#3506,#3504,#1268,.T.);
#5600=EDGE_CURVE('',#3477,#3478,#1276,.T.);
#5602=EDGE_CURVE('',#3478,#3480,#1280,.T.);
#5604=EDGE_CURVE('',#3482,#3480,#1284,.T.);
#5607=EDGE_CURVE('',#3453,#3454,#1292,.T.);
#5609=EDGE_CURVE('',#3454,#3456,#1296,.T.);
#5611=EDGE_CURVE('',#3458,#3456,#1300,.T.);
#5614=EDGE_CURVE('',#3429,#3430,#1308,.T.);
#5616=EDGE_CURVE('',#3430,#3432,#1312,.T.);
#5618=EDGE_CURVE('',#3434,#3432,#1316,.T.);
#5621=EDGE_CURVE('',#3315,#3316,#1324,.T.);
#5623=EDGE_CURVE('',#3316,#3318,#1328,.T.);
#5629=EDGE_CURVE('',#3307,#3308,#1348,.T.);
#5631=EDGE_CURVE('',#3308,#3310,#1352,.T.);
#5633=EDGE_CURVE('',#3312,#3310,#1356,.T.);
#5636=EDGE_CURVE('',#3421,#3422,#1364,.T.);
#5638=EDGE_CURVE('',#3422,#3424,#1368,.T.);
#5640=EDGE_CURVE('',#3426,#3424,#1372,.T.);
#5643=EDGE_CURVE('',#3445,#3446,#1380,.T.);
#5645=EDGE_CURVE('',#3446,#3448,#1384,.T.);
#5647=EDGE_CURVE('',#3450,#3448,#1388,.T.);
#5650=EDGE_CURVE('',#3469,#3470,#1396,.T.);
#5652=EDGE_CURVE('',#3470,#3472,#1400,.T.);
#5654=EDGE_CURVE('',#3474,#3472,#1404,.T.);
#5657=EDGE_CURVE('',#3493,#3494,#1412,.T.);
#5659=EDGE_CURVE('',#3494,#3496,#1416,.T.);
#5661=EDGE_CURVE('',#3498,#3496,#1420,.T.);
#5664=EDGE_CURVE('',#3721,#3722,#1428,.T.);
#5666=EDGE_CURVE('',#3722,#3724,#1432,.T.);
#5668=EDGE_CURVE('',#3726,#3724,#1436,.T.);
#5671=EDGE_CURVE('',#3781,#3782,#1444,.T.);
#5673=EDGE_CURVE('',#3782,#3784,#1448,.T.);
#5675=EDGE_CURVE('',#3786,#3784,#1452,.T.);
#5678=EDGE_CURVE('',#3851,#3852,#1460,.T.);
#5680=EDGE_CURVE('',#3852,#3854,#1464,.T.);
#5682=EDGE_CURVE('',#3856,#3854,#1468,.T.);
#5685=EDGE_CURVE('',#3919,#3920,#1476,.T.);
#5687=EDGE_CURVE('',#3920,#3922,#1480,.T.);
#5689=EDGE_CURVE('',#3924,#3922,#1484,.T.);
#5692=EDGE_CURVE('',#3989,#3990,#1492,.T.);
#5694=EDGE_CURVE('',#3990,#3992,#1496,.T.);
#5696=EDGE_CURVE('',#3994,#3992,#1500,.T.);
#5699=EDGE_CURVE('',#4059,#4060,#1508,.T.);
#5701=EDGE_CURVE('',#4060,#4062,#1512,.T.);
#5703=EDGE_CURVE('',#4064,#4062,#1516,.T.);
#5706=EDGE_CURVE('',#4127,#4128,#1524,.T.);
#5708=EDGE_CURVE('',#4128,#4130,#1528,.T.);
#5710=EDGE_CURVE('',#4132,#4130,#1532,.T.);
#5722=EDGE_CURVE('',#4196,#4234,#1558,.T.);
#5735=EDGE_CURVE('',#4198,#4236,#1656,.T.);
#5741=EDGE_CURVE('',#4227,#4228,#1545,.T.);
#5743=EDGE_CURVE('',#4228,#4227,#1550,.T.);
#5754=EDGE_CURVE('',#4227,#4215,#1571,.T.);
#5756=EDGE_CURVE('',#4215,#4223,#1602,.T.);
#5758=EDGE_CURVE('',#4228,#4223,#1567,.T.);
#5768=EDGE_CURVE('',#4231,#4232,#1621,.T.);
#5770=EDGE_CURVE('',#4220,#4232,#1584,.T.);
#5772=EDGE_CURVE('',#4212,#4220,#1563,.T.);
#5774=EDGE_CURVE('',#4212,#4231,#1575,.T.);
#5786=EDGE_CURVE('',#4215,#4223,#1593,.T.);
#5797=EDGE_CURVE('',#4232,#4231,#1626,.T.);
#5800=EDGE_CURVE('',#4212,#4220,#1580,.T.);
#5811=EDGE_CURVE('',#4215,#4216,#1588,.T.);
#5814=EDGE_CURVE('',#4223,#4224,#1597,.T.);
#5816=EDGE_CURVE('',#4216,#4224,#1607,.T.);
#5827=EDGE_CURVE('',#4216,#4224,#1612,.T.);
#5850=EDGE_CURVE('',#4206,#4190,#1630,.T.);
#5853=EDGE_CURVE('',#4204,#4188,#1616,.T.);
#5891=EDGE_CURVE('',#4211,#4212,#1634,.T.);
#5893=EDGE_CURVE('',#4211,#4219,#1639,.T.);
#5895=EDGE_CURVE('',#4219,#4220,#1643,.T.);
#5909=EDGE_CURVE('',#4211,#4219,#1648,.T.);
#5942=EDGE_CURVE('',#4136,#4120,#1660,.T.);
#5955=EDGE_CURVE('',#4138,#4122,#1674,.T.);
#5961=EDGE_CURVE('',#4163,#4164,#1665,.T.);
#5963=EDGE_CURVE('',#4164,#4163,#1670,.T.);
#5985=EDGE_CURVE('',#4159,#4160,#1684,.T.);
#5987=EDGE_CURVE('',#4159,#4147,#1705,.T.);
#5989=EDGE_CURVE('',#4147,#4155,#1736,.T.);
#5991=EDGE_CURVE('',#4160,#4155,#1701,.T.);
#6002=EDGE_CURVE('',#4152,#4164,#1718,.T.);
#6004=EDGE_CURVE('',#4144,#4152,#1679,.T.);
#6006=EDGE_CURVE('',#4144,#4163,#1709,.T.);
#6017=EDGE_CURVE('',#4130,#4168,#1772,.T.);
#6020=EDGE_CURVE('',#4128,#4166,#1697,.T.);
#6025=EDGE_CURVE('',#4160,#4159,#1689,.T.);
#6037=EDGE_CURVE('',#4147,#4155,#1727,.T.);
#6050=EDGE_CURVE('',#4144,#4152,#1714,.T.);
#6061=EDGE_CURVE('',#4147,#4148,#1722,.T.);
#6064=EDGE_CURVE('',#4155,#4156,#1731,.T.);
#6066=EDGE_CURVE('',#4148,#4156,#1741,.T.);
#6077=EDGE_CURVE('',#4148,#4156,#1746,.T.);
#6099=EDGE_CURVE('',#4143,#4144,#1750,.T.);
#6101=EDGE_CURVE('',#4143,#4151,#1755,.T.);
#6103=EDGE_CURVE('',#4151,#4152,#1759,.T.);
#6117=EDGE_CURVE('',#4143,#4151,#1764,.T.);
#6162=EDGE_CURVE('',#4068,#4052,#1780,.T.);
#6175=EDGE_CURVE('',#4070,#4054,#1794,.T.);
#6181=EDGE_CURVE('',#4095,#4096,#1785,.T.);
#6183=EDGE_CURVE('',#4096,#4095,#1790,.T.);
#6205=EDGE_CURVE('',#4091,#4092,#1804,.T.);
#6207=EDGE_CURVE('',#4091,#4079,#1825,.T.);
#6209=EDGE_CURVE('',#4079,#4087,#1856,.T.);
#6211=EDGE_CURVE('',#4092,#4087,#1821,.T.);
#6222=EDGE_CURVE('',#4084,#4096,#1838,.T.);
#6224=EDGE_CURVE('',#4076,#4084,#1799,.T.);
#6226=EDGE_CURVE('',#4076,#4095,#1829,.T.);
#6237=EDGE_CURVE('',#4062,#4100,#1892,.T.);
#6240=EDGE_CURVE('',#4060,#4098,#1817,.T.);
#6245=EDGE_CURVE('',#4092,#4091,#1809,.T.);
#6257=EDGE_CURVE('',#4079,#4087,#1847,.T.);
#6270=EDGE_CURVE('',#4076,#4084,#1834,.T.);
#6281=EDGE_CURVE('',#4079,#4080,#1842,.T.);
#6284=EDGE_CURVE('',#4087,#4088,#1851,.T.);
#6286=EDGE_CURVE('',#4080,#4088,#1861,.T.);
#6297=EDGE_CURVE('',#4080,#4088,#1866,.T.);
#6319=EDGE_CURVE('',#4075,#4076,#1870,.T.);
#6321=EDGE_CURVE('',#4075,#4083,#1875,.T.);
#6323=EDGE_CURVE('',#4083,#4084,#1879,.T.);
#6337=EDGE_CURVE('',#4075,#4083,#1884,.T.);
#6382=EDGE_CURVE('',#3998,#3982,#1900,.T.);
#6395=EDGE_CURVE('',#4000,#3984,#1914,.T.);
#6401=EDGE_CURVE('',#4025,#4026,#1905,.T.);
#6403=EDGE_CURVE('',#4026,#4025,#1910,.T.);
#6425=EDGE_CURVE('',#4021,#4022,#1924,.T.);
#6427=EDGE_CURVE('',#4021,#4009,#1945,.T.);
#6429=EDGE_CURVE('',#4009,#4017,#1976,.T.);
#6431=EDGE_CURVE('',#4022,#4017,#1941,.T.);
#6442=EDGE_CURVE('',#4014,#4026,#1958,.T.);
#6444=EDGE_CURVE('',#4006,#4014,#1919,.T.);
#6446=EDGE_CURVE('',#4006,#4025,#1949,.T.);
#6457=EDGE_CURVE('',#3992,#4032,#2012,.T.);
#6460=EDGE_CURVE('',#3990,#4030,#1937,.T.);
#6465=EDGE_CURVE('',#4022,#4021,#1929,.T.);
#6477=EDGE_CURVE('',#4009,#4017,#1967,.T.);
#6490=EDGE_CURVE('',#4006,#4014,#1954,.T.);
#6501=EDGE_CURVE('',#4009,#4010,#1962,.T.);
#6504=EDGE_CURVE('',#4017,#4018,#1971,.T.);
#6506=EDGE_CURVE('',#4010,#4018,#1981,.T.);
#6517=EDGE_CURVE('',#4010,#4018,#1986,.T.);
#6539=EDGE_CURVE('',#4005,#4006,#1990,.T.);
#6541=EDGE_CURVE('',#4005,#4013,#1995,.T.);
#6543=EDGE_CURVE('',#4013,#4014,#1999,.T.);
#6557=EDGE_CURVE('',#4005,#4013,#2004,.T.);
#6602=EDGE_CURVE('',#3928,#3912,#2020,.T.);
#6615=EDGE_CURVE('',#3930,#3914,#2034,.T.);
#6621=EDGE_CURVE('',#3955,#3956,#2025,.T.);
#6623=EDGE_CURVE('',#3956,#3955,#2030,.T.);
#6645=EDGE_CURVE('',#3951,#3952,#2044,.T.);
#6647=EDGE_CURVE('',#3951,#3939,#2065,.T.);
#6649=EDGE_CURVE('',#3939,#3947,#2096,.T.);
#6651=EDGE_CURVE('',#3952,#3947,#2061,.T.);
#6662=EDGE_CURVE('',#3944,#3956,#2078,.T.);
#6664=EDGE_CURVE('',#3936,#3944,#2039,.T.);
#6666=EDGE_CURVE('',#3936,#3955,#2069,.T.);
#6677=EDGE_CURVE('',#3922,#3960,#2132,.T.);
#6680=EDGE_CURVE('',#3920,#3958,#2057,.T.);
#6685=EDGE_CURVE('',#3952,#3951,#2049,.T.);
#6697=EDGE_CURVE('',#3939,#3947,#2087,.T.);
#6710=EDGE_CURVE('',#3936,#3944,#2074,.T.);
#6721=EDGE_CURVE('',#3939,#3940,#2082,.T.);
#6724=EDGE_CURVE('',#3947,#3948,#2091,.T.);
#6726=EDGE_CURVE('',#3940,#3948,#2101,.T.);
#6737=EDGE_CURVE('',#3940,#3948,#2106,.T.);
#6759=EDGE_CURVE('',#3935,#3936,#2110,.T.);
#6761=EDGE_CURVE('',#3935,#3943,#2115,.T.);
#6763=EDGE_CURVE('',#3943,#3944,#2119,.T.);
#6777=EDGE_CURVE('',#3935,#3943,#2124,.T.);
#6822=EDGE_CURVE('',#3860,#3844,#2140,.T.);
#6835=EDGE_CURVE('',#3862,#3846,#2154,.T.);
#6841=EDGE_CURVE('',#3887,#3888,#2145,.T.);
#6843=EDGE_CURVE('',#3888,#3887,#2150,.T.);
#6865=EDGE_CURVE('',#3883,#3884,#2164,.T.);
#6867=EDGE_CURVE('',#3883,#3871,#2185,.T.);
#6869=EDGE_CURVE('',#3871,#3879,#2216,.T.);
#6871=EDGE_CURVE('',#3884,#3879,#2181,.T.);
#6882=EDGE_CURVE('',#3876,#3888,#2198,.T.);
#6884=EDGE_CURVE('',#3868,#3876,#2159,.T.);
#6886=EDGE_CURVE('',#3868,#3887,#2189,.T.);
#6897=EDGE_CURVE('',#3854,#3892,#2252,.T.);
#6900=EDGE_CURVE('',#3852,#3890,#2177,.T.);
#6905=EDGE_CURVE('',#3884,#3883,#2169,.T.);
#6917=EDGE_CURVE('',#3871,#3879,#2207,.T.);
#6930=EDGE_CURVE('',#3868,#3876,#2194,.T.);
#6941=EDGE_CURVE('',#3871,#3872,#2202,.T.);
#6944=EDGE_CURVE('',#3879,#3880,#2211,.T.);
#6946=EDGE_CURVE('',#3872,#3880,#2221,.T.);
#6957=EDGE_CURVE('',#3872,#3880,#2226,.T.);
#6979=EDGE_CURVE('',#3867,#3868,#2230,.T.);
#6981=EDGE_CURVE('',#3867,#3875,#2235,.T.);
#6983=EDGE_CURVE('',#3875,#3876,#2239,.T.);
#6997=EDGE_CURVE('',#3867,#3875,#2244,.T.);
#7042=EDGE_CURVE('',#3790,#3774,#2260,.T.);
#7055=EDGE_CURVE('',#3792,#3776,#2274,.T.);
#7061=EDGE_CURVE('',#3817,#3818,#2265,.T.);
#7063=EDGE_CURVE('',#3818,#3817,#2270,.T.);
#7085=EDGE_CURVE('',#3813,#3814,#2284,.T.);
#7087=EDGE_CURVE('',#3813,#3801,#2305,.T.);
#7089=EDGE_CURVE('',#3801,#3809,#2336,.T.);
#7091=EDGE_CURVE('',#3814,#3809,#2301,.T.);
#7102=EDGE_CURVE('',#3806,#3818,#2318,.T.);
#7104=EDGE_CURVE('',#3798,#3806,#2279,.T.);
#7106=EDGE_CURVE('',#3798,#3817,#2309,.T.);
#7117=EDGE_CURVE('',#3784,#3824,#2372,.T.);
#7120=EDGE_CURVE('',#3782,#3822,#2297,.T.);
#7125=EDGE_CURVE('',#3814,#3813,#2289,.T.);
#7137=EDGE_CURVE('',#3801,#3809,#2327,.T.);
#7150=EDGE_CURVE('',#3798,#3806,#2314,.T.);
#7161=EDGE_CURVE('',#3801,#3802,#2322,.T.);
#7164=EDGE_CURVE('',#3809,#3810,#2331,.T.);
#7166=EDGE_CURVE('',#3802,#3810,#2341,.T.);
#7177=EDGE_CURVE('',#3802,#3810,#2346,.T.);
#7199=EDGE_CURVE('',#3797,#3798,#2350,.T.);
#7201=EDGE_CURVE('',#3797,#3805,#2355,.T.);
#7203=EDGE_CURVE('',#3805,#3806,#2359,.T.);
#7217=EDGE_CURVE('',#3797,#3805,#2364,.T.);
#7262=EDGE_CURVE('',#3730,#3714,#2380,.T.);
#7275=EDGE_CURVE('',#3732,#3716,#2394,.T.);
#7281=EDGE_CURVE('',#3757,#3758,#2385,.T.);
#7283=EDGE_CURVE('',#3758,#3757,#2390,.T.);
#7305=EDGE_CURVE('',#3753,#3754,#2404,.T.);
#7307=EDGE_CURVE('',#3753,#3741,#2425,.T.);
#7309=EDGE_CURVE('',#3741,#3749,#2456,.T.);
#7311=EDGE_CURVE('',#3754,#3749,#2421,.T.);
#7322=EDGE_CURVE('',#3746,#3758,#2438,.T.);
#7324=EDGE_CURVE('',#3738,#3746,#2399,.T.);
#7326=EDGE_CURVE('',#3738,#3757,#2429,.T.);
#7337=EDGE_CURVE('',#3724,#3768,#2492,.T.);
#7340=EDGE_CURVE('',#3722,#3766,#2417,.T.);
#7345=EDGE_CURVE('',#3754,#3753,#2409,.T.);
#7357=EDGE_CURVE('',#3741,#3749,#2447,.T.);
#7370=EDGE_CURVE('',#3738,#3746,#2434,.T.);
#7381=EDGE_CURVE('',#3741,#3742,#2442,.T.);
#7384=EDGE_CURVE('',#3749,#3750,#2451,.T.);
#7386=EDGE_CURVE('',#3742,#3750,#2461,.T.);
#7397=EDGE_CURVE('',#3742,#3750,#2466,.T.);
#7419=EDGE_CURVE('',#3737,#3738,#2470,.T.);
#7421=EDGE_CURVE('',#3737,#3745,#2475,.T.);
#7423=EDGE_CURVE('',#3745,#3746,#2479,.T.);
#7437=EDGE_CURVE('',#3737,#3745,#2484,.T.);
#7482=EDGE_CURVE('',#3502,#3486,#2500,.T.);
#7495=EDGE_CURVE('',#3504,#3488,#2514,.T.);
#7501=EDGE_CURVE('',#3645,#3646,#2505,.T.);
#7503=EDGE_CURVE('',#3646,#3645,#2510,.T.);
#7525=EDGE_CURVE('',#3641,#3642,#2524,.T.);
#7527=EDGE_CURVE('',#3641,#3629,#2545,.T.);
#7529=EDGE_CURVE('',#3629,#3637,#2576,.T.);
#7531=EDGE_CURVE('',#3642,#3637,#2541,.T.);
#7542=EDGE_CURVE('',#3634,#3646,#2558,.T.);
#7544=EDGE_CURVE('',#3626,#3634,#2519,.T.);
#7546=EDGE_CURVE('',#3626,#3645,#2549,.T.);
#7557=EDGE_CURVE('',#3496,#3548,#2612,.T.);
#7560=EDGE_CURVE('',#3494,#3546,#2537,.T.);
#7565=EDGE_CURVE('',#3642,#3641,#2529,.T.);
#7577=EDGE_CURVE('',#3629,#3637,#2567,.T.);
#7590=EDGE_CURVE('',#3626,#3634,#2554,.T.);
#7601=EDGE_CURVE('',#3629,#3630,#2562,.T.);
#7604=EDGE_CURVE('',#3637,#3638,#2571,.T.);
#7606=EDGE_CURVE('',#3630,#3638,#2581,.T.);
#7617=EDGE_CURVE('',#3630,#3638,#2586,.T.);
#7639=EDGE_CURVE('',#3625,#3626,#2590,.T.);
#7641=EDGE_CURVE('',#3625,#3633,#2595,.T.);
#7643=EDGE_CURVE('',#3633,#3634,#2599,.T.);
#7657=EDGE_CURVE('',#3625,#3633,#2604,.T.);
#7702=EDGE_CURVE('',#3478,#3462,#2620,.T.);
#7715=EDGE_CURVE('',#3480,#3464,#2634,.T.);
#7721=EDGE_CURVE('',#3621,#3622,#2625,.T.);
#7723=EDGE_CURVE('',#3622,#3621,#2630,.T.);
#7745=EDGE_CURVE('',#3617,#3618,#2644,.T.);
#7747=EDGE_CURVE('',#3617,#3605,#2665,.T.);
#7749=EDGE_CURVE('',#3605,#3613,#2696,.T.);
#7751=EDGE_CURVE('',#3618,#3613,#2661,.T.);
#7762=EDGE_CURVE('',#3610,#3622,#2678,.T.);
#7764=EDGE_CURVE('',#3602,#3610,#2639,.T.);
#7766=EDGE_CURVE('',#3602,#3621,#2669,.T.);
#7777=EDGE_CURVE('',#3472,#3540,#2732,.T.);
#7780=EDGE_CURVE('',#3470,#3538,#2657,.T.);
#7785=EDGE_CURVE('',#3618,#3617,#2649,.T.);
#7797=EDGE_CURVE('',#3605,#3613,#2687,.T.);
#7810=EDGE_CURVE('',#3602,#3610,#2674,.T.);
#7821=EDGE_CURVE('',#3605,#3606,#2682,.T.);
#7824=EDGE_CURVE('',#3613,#3614,#2691,.T.);
#7826=EDGE_CURVE('',#3606,#3614,#2701,.T.);
#7837=EDGE_CURVE('',#3606,#3614,#2706,.T.);
#7859=EDGE_CURVE('',#3601,#3602,#2710,.T.);
#7861=EDGE_CURVE('',#3601,#3609,#2715,.T.);
#7863=EDGE_CURVE('',#3609,#3610,#2719,.T.);
#7877=EDGE_CURVE('',#3601,#3609,#2724,.T.);
#7922=EDGE_CURVE('',#3454,#3438,#2740,.T.);
#7935=EDGE_CURVE('',#3456,#3440,#2754,.T.);
#7941=EDGE_CURVE('',#3597,#3598,#2745,.T.);
#7943=EDGE_CURVE('',#3598,#3597,#2750,.T.);
#7965=EDGE_CURVE('',#3593,#3594,#2764,.T.);
#7967=EDGE_CURVE('',#3593,#3581,#2785,.T.);
#7969=EDGE_CURVE('',#3581,#3589,#2816,.T.);
#7971=EDGE_CURVE('',#3594,#3589,#2781,.T.);
#7982=EDGE_CURVE('',#3586,#3598,#2798,.T.);
#7984=EDGE_CURVE('',#3578,#3586,#2759,.T.);
#7986=EDGE_CURVE('',#3578,#3597,#2789,.T.);
#7997=EDGE_CURVE('',#3448,#3532,#2852,.T.);
#8000=EDGE_CURVE('',#3446,#3530,#2777,.T.);
#8005=EDGE_CURVE('',#3594,#3593,#2769,.T.);
#8017=EDGE_CURVE('',#3581,#3589,#2807,.T.);
#8030=EDGE_CURVE('',#3578,#3586,#2794,.T.);
#8041=EDGE_CURVE('',#3581,#3582,#2802,.T.);
#8044=EDGE_CURVE('',#3589,#3590,#2811,.T.);
#8046=EDGE_CURVE('',#3582,#3590,#2821,.T.);
#8057=EDGE_CURVE('',#3582,#3590,#2826,.T.);
#8079=EDGE_CURVE('',#3577,#3578,#2830,.T.);
#8081=EDGE_CURVE('',#3577,#3585,#2835,.T.);
#8083=EDGE_CURVE('',#3585,#3586,#2839,.T.);
#8097=EDGE_CURVE('',#3577,#3585,#2844,.T.);
#8142=EDGE_CURVE('',#3430,#3414,#2860,.T.);
#8155=EDGE_CURVE('',#3432,#3416,#2874,.T.);
#8161=EDGE_CURVE('',#3573,#3574,#2865,.T.);
#8163=EDGE_CURVE('',#3574,#3573,#2870,.T.);
#8185=EDGE_CURVE('',#3569,#3570,#2884,.T.);
#8187=EDGE_CURVE('',#3569,#3557,#2905,.T.);
#8189=EDGE_CURVE('',#3557,#3565,#2936,.T.);
#8191=EDGE_CURVE('',#3570,#3565,#2901,.T.);
#8202=EDGE_CURVE('',#3562,#3574,#2918,.T.);
#8204=EDGE_CURVE('',#3554,#3562,#2879,.T.);
#8206=EDGE_CURVE('',#3554,#3573,#2909,.T.);
#8217=EDGE_CURVE('',#3424,#3524,#2972,.T.);
#8220=EDGE_CURVE('',#3422,#3522,#2897,.T.);
#8225=EDGE_CURVE('',#3570,#3569,#2889,.T.);
#8237=EDGE_CURVE('',#3557,#3565,#2927,.T.);
#8250=EDGE_CURVE('',#3554,#3562,#2914,.T.);
#8261=EDGE_CURVE('',#3557,#3558,#2922,.T.);
#8264=EDGE_CURVE('',#3565,#3566,#2931,.T.);
#8266=EDGE_CURVE('',#3558,#3566,#2941,.T.);
#8277=EDGE_CURVE('',#3558,#3566,#2946,.T.);
#8299=EDGE_CURVE('',#3553,#3554,#2950,.T.);
#8301=EDGE_CURVE('',#3553,#3561,#2955,.T.);
#8303=EDGE_CURVE('',#3561,#3562,#2959,.T.);
#8317=EDGE_CURVE('',#3553,#3561,#2964,.T.);
#8362=EDGE_CURVE('',#3316,#3300,#2980,.T.);
#8380=EDGE_CURVE('',#3397,#3398,#2985,.T.);
#8382=EDGE_CURVE('',#3398,#3397,#2990,.T.);
#8392=EDGE_CURVE('',#3393,#3394,#3000,.T.);
#8394=EDGE_CURVE('',#3393,#3381,#3021,.T.);
#8396=EDGE_CURVE('',#3381,#3389,#3052,.T.);
#8398=EDGE_CURVE('',#3394,#3389,#3017,.T.);
#8409=EDGE_CURVE('',#3386,#3398,#3034,.T.);
#8411=EDGE_CURVE('',#3378,#3386,#2995,.T.);
#8413=EDGE_CURVE('',#3378,#3397,#3025,.T.);
#8424=EDGE_CURVE('',#3310,#3402,#3084,.T.);
#8427=EDGE_CURVE('',#3308,#3400,#3013,.T.);
#8432=EDGE_CURVE('',#3394,#3393,#3005,.T.);
#8444=EDGE_CURVE('',#3381,#3389,#3043,.T.);
#8457=EDGE_CURVE('',#3378,#3386,#3030,.T.);
#8468=EDGE_CURVE('',#3381,#3382,#3038,.T.);
#8471=EDGE_CURVE('',#3389,#3390,#3047,.T.);
#8473=EDGE_CURVE('',#3382,#3390,#3057,.T.);
#8484=EDGE_CURVE('',#3382,#3390,#3062,.T.);
#8506=EDGE_CURVE('',#3377,#3378,#3066,.T.);
#8508=EDGE_CURVE('',#3377,#3385,#3071,.T.);
#8510=EDGE_CURVE('',#3385,#3386,#3075,.T.);
#8524=EDGE_CURVE('',#3377,#3385,#3080,.T.);
#8569=EDGE_CURVE('',#3344,#3336,#3100,.T.);
#8572=EDGE_CURVE('',#3343,#3335,#3096,.T.);
#8583=EDGE_CURVE('',#3346,#3338,#3104,.T.);
#8596=EDGE_CURVE('',#3348,#3340,#3108,.T.);
#8621=EDGE_CURVE('',#3658,#3650,#3116,.T.);
#8624=EDGE_CURVE('',#3657,#3649,#3112,.T.);
#8635=EDGE_CURVE('',#3660,#3652,#3120,.T.);
#8648=EDGE_CURVE('',#3662,#3654,#3124,.T.);
#8673=EDGE_CURVE('',#3674,#3666,#3132,.T.);
#8676=EDGE_CURVE('',#3673,#3665,#3128,.T.);
#8687=EDGE_CURVE('',#3676,#3668,#3136,.T.);
#8700=EDGE_CURVE('',#3678,#3670,#3140,.T.);
#8725=EDGE_CURVE('',#3690,#3682,#3148,.T.);
#8728=EDGE_CURVE('',#3689,#3681,#3144,.T.);
#8739=EDGE_CURVE('',#3692,#3684,#3152,.T.);
#8752=EDGE_CURVE('',#3694,#3686,#3156,.T.);
#8777=EDGE_CURVE('',#3706,#3698,#3164,.T.);
#8780=EDGE_CURVE('',#3705,#3697,#3160,.T.);
#8791=EDGE_CURVE('',#3708,#3700,#3168,.T.);
#8804=EDGE_CURVE('',#3710,#3702,#3172,.T.);
#8829=EDGE_CURVE('',#3836,#3828,#3180,.T.);
#8832=EDGE_CURVE('',#3835,#3827,#3176,.T.);
#8843=EDGE_CURVE('',#3838,#3830,#3184,.T.);
#8856=EDGE_CURVE('',#3840,#3832,#3188,.T.);
#8881=EDGE_CURVE('',#3904,#3896,#3196,.T.);
#8884=EDGE_CURVE('',#3903,#3895,#3192,.T.);
#8895=EDGE_CURVE('',#3906,#3898,#3200,.T.);
#8908=EDGE_CURVE('',#3908,#3900,#3204,.T.);
#8933=EDGE_CURVE('',#3974,#3966,#3212,.T.);
#8936=EDGE_CURVE('',#3973,#3965,#3208,.T.);
#8947=EDGE_CURVE('',#3976,#3968,#3216,.T.);
#8960=EDGE_CURVE('',#3978,#3970,#3220,.T.);
#8985=EDGE_CURVE('',#4044,#4036,#3228,.T.);
#8988=EDGE_CURVE('',#4043,#4035,#3224,.T.);
#8999=EDGE_CURVE('',#4046,#4038,#3232,.T.);
#9012=EDGE_CURVE('',#4048,#4040,#3236,.T.);
#9037=EDGE_CURVE('',#4112,#4104,#3244,.T.);
#9040=EDGE_CURVE('',#4111,#4103,#3240,.T.);
#9051=EDGE_CURVE('',#4114,#4106,#3248,.T.);
#9064=EDGE_CURVE('',#4116,#4108,#3252,.T.);
#9089=EDGE_CURVE('',#4180,#4172,#3260,.T.);
#9092=EDGE_CURVE('',#4179,#4171,#3256,.T.);
#9103=EDGE_CURVE('',#4182,#4174,#3264,.T.);
#9116=EDGE_CURVE('',#4184,#4176,#3268,.T.);
#9141=EDGE_CURVE('',#4248,#4240,#3276,.T.);
#9144=EDGE_CURVE('',#4247,#4239,#3272,.T.);
#9155=EDGE_CURVE('',#4250,#4242,#3280,.T.);
#9168=EDGE_CURVE('',#4252,#4244,#3284,.T.);
#9197=TRIMMED_CURVE('A_1',#9196,(PARAMETER_VALUE(0.E0)),(PARAMETER_VALUE(1.E0)),
.T.,.UNSPECIFIED.);
#9203=TRIMMED_CURVE('A_2',#9202,(PARAMETER_VALUE(0.E0)),(PARAMETER_VALUE(1.E0)),
.T.,.UNSPECIFIED.);
#9208=TRIMMED_CURVE('A_3',#9207,(PARAMETER_VALUE(0.E0)),(PARAMETER_VALUE(1.E0)),
.T.,.UNSPECIFIED.);
#9213=TRIMMED_CURVE('A_4',#9212,(PARAMETER_VALUE(0.E0)),(PARAMETER_VALUE(1.E0)),
.T.,.UNSPECIFIED.);
#9218=TRIMMED_CURVE('A_5',#9217,(PARAMETER_VALUE(0.E0)),(PARAMETER_VALUE(1.E0)),
.T.,.UNSPECIFIED.);
#9223=TRIMMED_CURVE('A_6',#9222,(PARAMETER_VALUE(0.E0)),(PARAMETER_VALUE(1.E0)),
.T.,.UNSPECIFIED.);
#9228=TRIMMED_CURVE('A_7',#9227,(PARAMETER_VALUE(0.E0)),(PARAMETER_VALUE(1.E0)),
.T.,.UNSPECIFIED.);
#9233=TRIMMED_CURVE('A_8',#9232,(PARAMETER_VALUE(0.E0)),(PARAMETER_VALUE(1.E0)),
.T.,.UNSPECIFIED.);
#9238=TRIMMED_CURVE('A_9',#9237,(PARAMETER_VALUE(0.E0)),(PARAMETER_VALUE(1.E0)),
.T.,.UNSPECIFIED.);
#9243=TRIMMED_CURVE('A_10',#9242,(PARAMETER_VALUE(0.E0)),(PARAMETER_VALUE
(1.E0)),.T.,.UNSPECIFIED.);
#9248=TRIMMED_CURVE('A_11',#9247,(PARAMETER_VALUE(0.E0)),(PARAMETER_VALUE
(1.E0)),.T.,.UNSPECIFIED.);
#9253=TRIMMED_CURVE('A_12',#9252,(PARAMETER_VALUE(0.E0)),(PARAMETER_VALUE
(1.E0)),.T.,.UNSPECIFIED.);
#9258=TRIMMED_CURVE('A_13',#9257,(PARAMETER_VALUE(0.E0)),(PARAMETER_VALUE
(1.E0)),.T.,.UNSPECIFIED.);
#9263=CIRCLE('',#9262,7.6E-1);
#9264=TRIMMED_CURVE('',#9263,(PARAMETER_VALUE(0.E0)),(PARAMETER_VALUE(1.8E2)),
.T.,.UNSPECIFIED.);
#9265=COMPOSITE_CURVE_SEGMENT(.CONTINUOUS.,.T.,#9264);
#9270=CIRCLE('',#9269,7.6E-1);
#9271=TRIMMED_CURVE('',#9270,(PARAMETER_VALUE(0.E0)),(PARAMETER_VALUE(1.8E2)),
.T.,.UNSPECIFIED.);
#9272=COMPOSITE_CURVE_SEGMENT(.CONTINUOUS.,.T.,#9271);
#9273=COMPOSITE_CURVE('',(#9265,#9272),.F.);
#9278=CIRCLE('',#9277,7.6E-1);
#9279=TRIMMED_CURVE('',#9278,(PARAMETER_VALUE(0.E0)),(PARAMETER_VALUE(1.8E2)),
.T.,.UNSPECIFIED.);
#9280=COMPOSITE_CURVE_SEGMENT(.CONTINUOUS.,.T.,#9279);
#9285=CIRCLE('',#9284,7.6E-1);
#9286=TRIMMED_CURVE('',#9285,(PARAMETER_VALUE(0.E0)),(PARAMETER_VALUE(1.8E2)),
.T.,.UNSPECIFIED.);
#9287=COMPOSITE_CURVE_SEGMENT(.CONTINUOUS.,.T.,#9286);
#9288=COMPOSITE_CURVE('',(#9280,#9287),.F.);
#9293=CIRCLE('',#9292,7.6E-1);
#9294=TRIMMED_CURVE('',#9293,(PARAMETER_VALUE(0.E0)),(PARAMETER_VALUE(1.8E2)),
.T.,.UNSPECIFIED.);
#9295=COMPOSITE_CURVE_SEGMENT(.CONTINUOUS.,.T.,#9294);
#9300=CIRCLE('',#9299,7.6E-1);
#9301=TRIMMED_CURVE('',#9300,(PARAMETER_VALUE(0.E0)),(PARAMETER_VALUE(1.8E2)),
.T.,.UNSPECIFIED.);
#9302=COMPOSITE_CURVE_SEGMENT(.CONTINUOUS.,.T.,#9301);
#9303=COMPOSITE_CURVE('',(#9295,#9302),.F.);
#9308=CIRCLE('',#9307,7.6E-1);
#9309=TRIMMED_CURVE('',#9308,(PARAMETER_VALUE(0.E0)),(PARAMETER_VALUE(1.8E2)),
.T.,.UNSPECIFIED.);
#9310=COMPOSITE_CURVE_SEGMENT(.CONTINUOUS.,.T.,#9309);
#9315=CIRCLE('',#9314,7.6E-1);
#9316=TRIMMED_CURVE('',#9315,(PARAMETER_VALUE(0.E0)),(PARAMETER_VALUE(1.8E2)),
.T.,.UNSPECIFIED.);
#9317=COMPOSITE_CURVE_SEGMENT(.CONTINUOUS.,.T.,#9316);
#9318=COMPOSITE_CURVE('',(#9310,#9317),.F.);
#9323=CIRCLE('',#9322,7.6E-1);
#9324=TRIMMED_CURVE('',#9323,(PARAMETER_VALUE(0.E0)),(PARAMETER_VALUE(1.8E2)),
.T.,.UNSPECIFIED.);
#9325=COMPOSITE_CURVE_SEGMENT(.CONTINUOUS.,.T.,#9324);
#9330=CIRCLE('',#9329,7.6E-1);
#9331=TRIMMED_CURVE('',#9330,(PARAMETER_VALUE(0.E0)),(PARAMETER_VALUE(1.8E2)),
.T.,.UNSPECIFIED.);
#9332=COMPOSITE_CURVE_SEGMENT(.CONTINUOUS.,.T.,#9331);
#9333=COMPOSITE_CURVE('',(#9325,#9332),.F.);
#9338=CIRCLE('',#9337,7.6E-1);
#9339=TRIMMED_CURVE('',#9338,(PARAMETER_VALUE(0.E0)),(PARAMETER_VALUE(1.8E2)),
.T.,.UNSPECIFIED.);
#9340=COMPOSITE_CURVE_SEGMENT(.CONTINUOUS.,.T.,#9339);
#9345=CIRCLE('',#9344,7.6E-1);
#9346=TRIMMED_CURVE('',#9345,(PARAMETER_VALUE(0.E0)),(PARAMETER_VALUE(1.8E2)),
.T.,.UNSPECIFIED.);
#9347=COMPOSITE_CURVE_SEGMENT(.CONTINUOUS.,.T.,#9346);
#9348=COMPOSITE_CURVE('',(#9340,#9347),.F.);
#9353=CIRCLE('',#9352,7.6E-1);
#9354=TRIMMED_CURVE('',#9353,(PARAMETER_VALUE(0.E0)),(PARAMETER_VALUE(1.8E2)),
.T.,.UNSPECIFIED.);
#9355=COMPOSITE_CURVE_SEGMENT(.CONTINUOUS.,.T.,#9354);
#9360=CIRCLE('',#9359,7.6E-1);
#9361=TRIMMED_CURVE('',#9360,(PARAMETER_VALUE(0.E0)),(PARAMETER_VALUE(1.8E2)),
.T.,.UNSPECIFIED.);
#9362=COMPOSITE_CURVE_SEGMENT(.CONTINUOUS.,.T.,#9361);
#9363=COMPOSITE_CURVE('',(#9355,#9362),.F.);
#9368=CIRCLE('',#9367,7.6E-1);
#9369=TRIMMED_CURVE('',#9368,(PARAMETER_VALUE(0.E0)),(PARAMETER_VALUE(1.8E2)),
.T.,.UNSPECIFIED.);
#9370=COMPOSITE_CURVE_SEGMENT(.CONTINUOUS.,.T.,#9369);
#9375=CIRCLE('',#9374,7.6E-1);
#9376=TRIMMED_CURVE('',#9375,(PARAMETER_VALUE(0.E0)),(PARAMETER_VALUE(1.8E2)),
.T.,.UNSPECIFIED.);
#9377=COMPOSITE_CURVE_SEGMENT(.CONTINUOUS.,.T.,#9376);
#9378=COMPOSITE_CURVE('',(#9370,#9377),.F.);
#9383=CIRCLE('',#9382,7.6E-1);
#9384=TRIMMED_CURVE('',#9383,(PARAMETER_VALUE(0.E0)),(PARAMETER_VALUE(1.8E2)),
.T.,.UNSPECIFIED.);
#9385=COMPOSITE_CURVE_SEGMENT(.CONTINUOUS.,.T.,#9384);
#9390=CIRCLE('',#9389,7.6E-1);
#9391=TRIMMED_CURVE('',#9390,(PARAMETER_VALUE(0.E0)),(PARAMETER_VALUE(1.8E2)),
.T.,.UNSPECIFIED.);
#9392=COMPOSITE_CURVE_SEGMENT(.CONTINUOUS.,.T.,#9391);
#9393=COMPOSITE_CURVE('',(#9385,#9392),.F.);
#9398=CIRCLE('',#9397,7.6E-1);
#9399=TRIMMED_CURVE('',#9398,(PARAMETER_VALUE(0.E0)),(PARAMETER_VALUE(1.8E2)),
.T.,.UNSPECIFIED.);
#9400=COMPOSITE_CURVE_SEGMENT(.CONTINUOUS.,.T.,#9399);
#9405=CIRCLE('',#9404,7.6E-1);
#9406=TRIMMED_CURVE('',#9405,(PARAMETER_VALUE(0.E0)),(PARAMETER_VALUE(1.8E2)),
.T.,.UNSPECIFIED.);
#9407=COMPOSITE_CURVE_SEGMENT(.CONTINUOUS.,.T.,#9406);
#9408=COMPOSITE_CURVE('',(#9400,#9407),.F.);
#9413=CIRCLE('',#9412,7.6E-1);
#9414=TRIMMED_CURVE('',#9413,(PARAMETER_VALUE(0.E0)),(PARAMETER_VALUE(1.8E2)),
.T.,.UNSPECIFIED.);
#9415=COMPOSITE_CURVE_SEGMENT(.CONTINUOUS.,.T.,#9414);
#9420=CIRCLE('',#9419,7.6E-1);
#9421=TRIMMED_CURVE('',#9420,(PARAMETER_VALUE(0.E0)),(PARAMETER_VALUE(1.8E2)),
.T.,.UNSPECIFIED.);
#9422=COMPOSITE_CURVE_SEGMENT(.CONTINUOUS.,.T.,#9421);
#9423=COMPOSITE_CURVE('',(#9415,#9422),.F.);
#9428=CIRCLE('',#9427,7.6E-1);
#9429=TRIMMED_CURVE('',#9428,(PARAMETER_VALUE(0.E0)),(PARAMETER_VALUE(1.8E2)),
.T.,.UNSPECIFIED.);
#9430=COMPOSITE_CURVE_SEGMENT(.CONTINUOUS.,.T.,#9429);
#9435=CIRCLE('',#9434,7.6E-1);
#9436=TRIMMED_CURVE('',#9435,(PARAMETER_VALUE(0.E0)),(PARAMETER_VALUE(1.8E2)),
.T.,.UNSPECIFIED.);
#9437=COMPOSITE_CURVE_SEGMENT(.CONTINUOUS.,.T.,#9436);
#9438=COMPOSITE_CURVE('',(#9430,#9437),.F.);
#9443=CIRCLE('',#9442,7.6E-1);
#9444=TRIMMED_CURVE('',#9443,(PARAMETER_VALUE(0.E0)),(PARAMETER_VALUE(1.8E2)),
.T.,.UNSPECIFIED.);
#9445=COMPOSITE_CURVE_SEGMENT(.CONTINUOUS.,.T.,#9444);
#9450=CIRCLE('',#9449,7.6E-1);
#9451=TRIMMED_CURVE('',#9450,(PARAMETER_VALUE(0.E0)),(PARAMETER_VALUE(1.8E2)),
.T.,.UNSPECIFIED.);
#9452=COMPOSITE_CURVE_SEGMENT(.CONTINUOUS.,.T.,#9451);
#9453=COMPOSITE_CURVE('',(#9445,#9452),.F.);
#9454=(LENGTH_UNIT()NAMED_UNIT(*)SI_UNIT(.MILLI.,.METRE.));
#9456=(NAMED_UNIT(*)PLANE_ANGLE_UNIT()SI_UNIT($,.RADIAN.));
#9459=(NAMED_UNIT(*)SI_UNIT($,.STERADIAN.)SOLID_ANGLE_UNIT());
#9462=ADVANCED_BREP_SHAPE_REPRESENTATION('',(#9188),#9461);
#9463=GEOMETRICALLY_BOUNDED_SURFACE_SHAPE_REPRESENTATION('',(#9198),#9461);
#9464=SHAPE_REPRESENTATION('',(#9192),#9461);
#9473=PRODUCT_DEFINITION('design','',#9472,#9469);
#9474=PRODUCT_DEFINITION_SHAPE('','SHAPE FOR 026192131.',#9473);
#9475=SHAPE_DEFINITION_REPRESENTATION(#9474,#9464);
ENDSEC;
END-ISO-10303-21;
