ISO-10303-21;
HEADER;
FILE_DESCRIPTION((''),'2;1');
FILE_NAME('026192141','2014-09-08T',('me'),(''),
'PRO/ENGINEER BY PARAMETRIC TECHNOLOGY CORPORATION, 2011490',
'PRO/ENGINEER BY PARAMETRIC TECHNOLOGY CORPORATION, 2011490','');
FILE_SCHEMA(('CONFIG_CONTROL_DESIGN'));
ENDSEC;
DATA;
#1=DIRECTION('',(0.E0,-1.E0,0.E0));
#2=VECTOR('',#1,5.95E0);
#3=CARTESIAN_POINT('',(1.9275E1,7.535E0,-3.43E0));
#4=LINE('',#3,#2);
#5=DIRECTION('',(0.E0,-1.E0,0.E0));
#6=VECTOR('',#5,5.95E0);
#7=CARTESIAN_POINT('',(8.415E0,7.535E0,-3.43E0));
#8=LINE('',#7,#6);
#9=DIRECTION('',(1.E0,0.E0,0.E0));
#10=VECTOR('',#9,1.02E0);
#11=CARTESIAN_POINT('',(7.395E0,1.585E0,-3.43E0));
#12=LINE('',#11,#10);
#13=DIRECTION('',(0.E0,-1.E0,0.E0));
#14=VECTOR('',#13,5.95E0);
#15=CARTESIAN_POINT('',(7.395E0,7.535E0,-3.43E0));
#16=LINE('',#15,#14);
#17=DIRECTION('',(0.E0,-1.E0,0.E0));
#18=VECTOR('',#17,5.95E0);
#19=CARTESIAN_POINT('',(-3.465E0,7.535E0,-3.43E0));
#20=LINE('',#19,#18);
#21=DIRECTION('',(1.E0,0.E0,0.E0));
#22=VECTOR('',#21,1.02E0);
#23=CARTESIAN_POINT('',(-4.485E0,1.585E0,-3.43E0));
#24=LINE('',#23,#22);
#25=DIRECTION('',(0.E0,-1.E0,0.E0));
#26=VECTOR('',#25,5.95E0);
#27=CARTESIAN_POINT('',(-4.485E0,7.535E0,-3.43E0));
#28=LINE('',#27,#26);
#29=DIRECTION('',(0.E0,-1.E0,0.E0));
#30=VECTOR('',#29,5.95E0);
#31=CARTESIAN_POINT('',(-1.5345E1,7.535E0,-3.43E0));
#32=LINE('',#31,#30);
#33=DIRECTION('',(1.E0,0.E0,0.E0));
#34=VECTOR('',#33,1.02E0);
#35=CARTESIAN_POINT('',(-1.6365E1,1.585E0,-3.43E0));
#36=LINE('',#35,#34);
#37=DIRECTION('',(0.E0,-1.E0,0.E0));
#38=VECTOR('',#37,5.95E0);
#39=CARTESIAN_POINT('',(-1.6365E1,7.535E0,-3.43E0));
#40=LINE('',#39,#38);
#41=DIRECTION('',(1.E0,0.E0,0.E0));
#42=VECTOR('',#41,8.9E-1);
#43=CARTESIAN_POINT('',(-2.7735E1,-1.585E0,-3.43E0));
#44=LINE('',#43,#42);
#45=DIRECTION('',(0.E0,1.E0,0.E0));
#46=VECTOR('',#45,3.8E-1);
#47=CARTESIAN_POINT('',(-2.6845E1,-1.585E0,-3.43E0));
#48=LINE('',#47,#46);
#49=DIRECTION('',(-1.E0,0.E0,0.E0));
#50=VECTOR('',#49,2.18E0);
#51=CARTESIAN_POINT('',(-2.4665E1,-1.205E0,-3.43E0));
#52=LINE('',#51,#50);
#53=DIRECTION('',(0.E0,1.E0,0.E0));
#54=VECTOR('',#53,3.8E-1);
#55=CARTESIAN_POINT('',(-2.4665E1,-1.585E0,-3.43E0));
#56=LINE('',#55,#54);
#57=DIRECTION('',(1.E0,0.E0,0.E0));
#58=VECTOR('',#57,1.78E0);
#59=CARTESIAN_POINT('',(-2.4665E1,-1.585E0,-3.43E0));
#60=LINE('',#59,#58);
#61=DIRECTION('',(0.E0,1.E0,0.E0));
#62=VECTOR('',#61,3.8E-1);
#63=CARTESIAN_POINT('',(-2.2885E1,-1.585E0,-3.43E0));
#64=LINE('',#63,#62);
#65=DIRECTION('',(-1.E0,0.E0,0.E0));
#66=VECTOR('',#65,2.18E0);
#67=CARTESIAN_POINT('',(-2.0705E1,-1.205E0,-3.43E0));
#68=LINE('',#67,#66);
#69=DIRECTION('',(0.E0,1.E0,0.E0));
#70=VECTOR('',#69,3.8E-1);
#71=CARTESIAN_POINT('',(-2.0705E1,-1.585E0,-3.43E0));
#72=LINE('',#71,#70);
#73=DIRECTION('',(1.E0,0.E0,0.E0));
#74=VECTOR('',#73,1.78E0);
#75=CARTESIAN_POINT('',(-2.0705E1,-1.585E0,-3.43E0));
#76=LINE('',#75,#74);
#77=DIRECTION('',(0.E0,1.E0,0.E0));
#78=VECTOR('',#77,3.8E-1);
#79=CARTESIAN_POINT('',(-1.8925E1,-1.585E0,-3.43E0));
#80=LINE('',#79,#78);
#81=DIRECTION('',(-1.E0,0.E0,0.E0));
#82=VECTOR('',#81,2.18E0);
#83=CARTESIAN_POINT('',(-1.6745E1,-1.205E0,-3.43E0));
#84=LINE('',#83,#82);
#85=DIRECTION('',(0.E0,1.E0,0.E0));
#86=VECTOR('',#85,3.8E-1);
#87=CARTESIAN_POINT('',(-1.6745E1,-1.585E0,-3.43E0));
#88=LINE('',#87,#86);
#89=DIRECTION('',(1.E0,0.E0,0.E0));
#90=VECTOR('',#89,1.78E0);
#91=CARTESIAN_POINT('',(-1.6745E1,-1.585E0,-3.43E0));
#92=LINE('',#91,#90);
#93=DIRECTION('',(0.E0,1.E0,0.E0));
#94=VECTOR('',#93,3.8E-1);
#95=CARTESIAN_POINT('',(-1.4965E1,-1.585E0,-3.43E0));
#96=LINE('',#95,#94);
#97=DIRECTION('',(-1.E0,0.E0,0.E0));
#98=VECTOR('',#97,2.18E0);
#99=CARTESIAN_POINT('',(-1.2785E1,-1.205E0,-3.43E0));
#100=LINE('',#99,#98);
#101=DIRECTION('',(0.E0,1.E0,0.E0));
#102=VECTOR('',#101,3.8E-1);
#103=CARTESIAN_POINT('',(-1.2785E1,-1.585E0,-3.43E0));
#104=LINE('',#103,#102);
#105=DIRECTION('',(1.E0,0.E0,0.E0));
#106=VECTOR('',#105,1.78E0);
#107=CARTESIAN_POINT('',(-1.2785E1,-1.585E0,-3.43E0));
#108=LINE('',#107,#106);
#109=DIRECTION('',(0.E0,1.E0,0.E0));
#110=VECTOR('',#109,3.8E-1);
#111=CARTESIAN_POINT('',(-1.1005E1,-1.585E0,-3.43E0));
#112=LINE('',#111,#110);
#113=DIRECTION('',(-1.E0,0.E0,0.E0));
#114=VECTOR('',#113,2.18E0);
#115=CARTESIAN_POINT('',(-8.825E0,-1.205E0,-3.43E0));
#116=LINE('',#115,#114);
#117=DIRECTION('',(0.E0,1.E0,0.E0));
#118=VECTOR('',#117,3.8E-1);
#119=CARTESIAN_POINT('',(-8.825E0,-1.585E0,-3.43E0));
#120=LINE('',#119,#118);
#121=DIRECTION('',(1.E0,0.E0,0.E0));
#122=VECTOR('',#121,1.78E0);
#123=CARTESIAN_POINT('',(-8.825E0,-1.585E0,-3.43E0));
#124=LINE('',#123,#122);
#125=DIRECTION('',(0.E0,1.E0,0.E0));
#126=VECTOR('',#125,3.8E-1);
#127=CARTESIAN_POINT('',(-7.045E0,-1.585E0,-3.43E0));
#128=LINE('',#127,#126);
#129=DIRECTION('',(-1.E0,0.E0,0.E0));
#130=VECTOR('',#129,2.18E0);
#131=CARTESIAN_POINT('',(-4.865E0,-1.205E0,-3.43E0));
#132=LINE('',#131,#130);
#133=DIRECTION('',(0.E0,1.E0,0.E0));
#134=VECTOR('',#133,3.8E-1);
#135=CARTESIAN_POINT('',(-4.865E0,-1.585E0,-3.43E0));
#136=LINE('',#135,#134);
#137=DIRECTION('',(1.E0,0.E0,0.E0));
#138=VECTOR('',#137,1.78E0);
#139=CARTESIAN_POINT('',(-4.865E0,-1.585E0,-3.43E0));
#140=LINE('',#139,#138);
#141=DIRECTION('',(0.E0,1.E0,0.E0));
#142=VECTOR('',#141,3.8E-1);
#143=CARTESIAN_POINT('',(-3.085E0,-1.585E0,-3.43E0));
#144=LINE('',#143,#142);
#145=DIRECTION('',(-1.E0,0.E0,0.E0));
#146=VECTOR('',#145,2.18E0);
#147=CARTESIAN_POINT('',(-9.05E-1,-1.205E0,-3.43E0));
#148=LINE('',#147,#146);
#149=DIRECTION('',(0.E0,1.E0,0.E0));
#150=VECTOR('',#149,3.8E-1);
#151=CARTESIAN_POINT('',(-9.05E-1,-1.585E0,-3.43E0));
#152=LINE('',#151,#150);
#153=DIRECTION('',(1.E0,0.E0,0.E0));
#154=VECTOR('',#153,1.78E0);
#155=CARTESIAN_POINT('',(-9.05E-1,-1.585E0,-3.43E0));
#156=LINE('',#155,#154);
#157=DIRECTION('',(0.E0,1.E0,0.E0));
#158=VECTOR('',#157,3.8E-1);
#159=CARTESIAN_POINT('',(8.75E-1,-1.585E0,-3.43E0));
#160=LINE('',#159,#158);
#161=DIRECTION('',(-1.E0,0.E0,0.E0));
#162=VECTOR('',#161,2.18E0);
#163=CARTESIAN_POINT('',(3.055E0,-1.205E0,-3.43E0));
#164=LINE('',#163,#162);
#165=DIRECTION('',(0.E0,1.E0,0.E0));
#166=VECTOR('',#165,3.8E-1);
#167=CARTESIAN_POINT('',(3.055E0,-1.585E0,-3.43E0));
#168=LINE('',#167,#166);
#169=DIRECTION('',(1.E0,0.E0,0.E0));
#170=VECTOR('',#169,1.78E0);
#171=CARTESIAN_POINT('',(3.055E0,-1.585E0,-3.43E0));
#172=LINE('',#171,#170);
#173=DIRECTION('',(0.E0,1.E0,0.E0));
#174=VECTOR('',#173,3.8E-1);
#175=CARTESIAN_POINT('',(4.835E0,-1.585E0,-3.43E0));
#176=LINE('',#175,#174);
#177=DIRECTION('',(-1.E0,0.E0,0.E0));
#178=VECTOR('',#177,2.18E0);
#179=CARTESIAN_POINT('',(7.015E0,-1.205E0,-3.43E0));
#180=LINE('',#179,#178);
#181=DIRECTION('',(0.E0,1.E0,0.E0));
#182=VECTOR('',#181,3.8E-1);
#183=CARTESIAN_POINT('',(7.015E0,-1.585E0,-3.43E0));
#184=LINE('',#183,#182);
#185=DIRECTION('',(1.E0,0.E0,0.E0));
#186=VECTOR('',#185,1.78E0);
#187=CARTESIAN_POINT('',(7.015E0,-1.585E0,-3.43E0));
#188=LINE('',#187,#186);
#189=DIRECTION('',(0.E0,1.E0,0.E0));
#190=VECTOR('',#189,3.8E-1);
#191=CARTESIAN_POINT('',(8.795E0,-1.585E0,-3.43E0));
#192=LINE('',#191,#190);
#193=DIRECTION('',(-1.E0,0.E0,0.E0));
#194=VECTOR('',#193,2.18E0);
#195=CARTESIAN_POINT('',(1.0975E1,-1.205E0,-3.43E0));
#196=LINE('',#195,#194);
#197=DIRECTION('',(0.E0,1.E0,0.E0));
#198=VECTOR('',#197,3.8E-1);
#199=CARTESIAN_POINT('',(1.0975E1,-1.585E0,-3.43E0));
#200=LINE('',#199,#198);
#201=DIRECTION('',(1.E0,0.E0,0.E0));
#202=VECTOR('',#201,1.78E0);
#203=CARTESIAN_POINT('',(1.0975E1,-1.585E0,-3.43E0));
#204=LINE('',#203,#202);
#205=DIRECTION('',(0.E0,1.E0,0.E0));
#206=VECTOR('',#205,3.8E-1);
#207=CARTESIAN_POINT('',(1.2755E1,-1.585E0,-3.43E0));
#208=LINE('',#207,#206);
#209=DIRECTION('',(-1.E0,0.E0,0.E0));
#210=VECTOR('',#209,2.18E0);
#211=CARTESIAN_POINT('',(1.4935E1,-1.205E0,-3.43E0));
#212=LINE('',#211,#210);
#213=DIRECTION('',(0.E0,1.E0,0.E0));
#214=VECTOR('',#213,3.8E-1);
#215=CARTESIAN_POINT('',(1.4935E1,-1.585E0,-3.43E0));
#216=LINE('',#215,#214);
#217=DIRECTION('',(1.E0,0.E0,0.E0));
#218=VECTOR('',#217,1.78E0);
#219=CARTESIAN_POINT('',(1.4935E1,-1.585E0,-3.43E0));
#220=LINE('',#219,#218);
#221=DIRECTION('',(-1.869849304632E-14,1.E0,0.E0));
#222=VECTOR('',#221,3.8E-1);
#223=CARTESIAN_POINT('',(1.6715E1,-1.585E0,-3.43E0));
#224=LINE('',#223,#222);
#225=DIRECTION('',(-1.E0,0.E0,0.E0));
#226=VECTOR('',#225,2.18E0);
#227=CARTESIAN_POINT('',(1.8895E1,-1.205E0,-3.43E0));
#228=LINE('',#227,#226);
#229=DIRECTION('',(0.E0,1.E0,0.E0));
#230=VECTOR('',#229,3.8E-1);
#231=CARTESIAN_POINT('',(1.8895E1,-1.585E0,-3.43E0));
#232=LINE('',#231,#230);
#233=DIRECTION('',(1.E0,0.E0,0.E0));
#234=VECTOR('',#233,1.78E0);
#235=CARTESIAN_POINT('',(1.8895E1,-1.585E0,-3.43E0));
#236=LINE('',#235,#234);
#237=DIRECTION('',(0.E0,1.E0,0.E0));
#238=VECTOR('',#237,3.8E-1);
#239=CARTESIAN_POINT('',(2.0675E1,-1.585E0,-3.43E0));
#240=LINE('',#239,#238);
#241=DIRECTION('',(-1.E0,0.E0,0.E0));
#242=VECTOR('',#241,2.18E0);
#243=CARTESIAN_POINT('',(2.2855E1,-1.205E0,-3.43E0));
#244=LINE('',#243,#242);
#245=DIRECTION('',(1.869849304632E-14,1.E0,0.E0));
#246=VECTOR('',#245,3.8E-1);
#247=CARTESIAN_POINT('',(2.2855E1,-1.585E0,-3.43E0));
#248=LINE('',#247,#246);
#249=DIRECTION('',(1.E0,0.E0,0.E0));
#250=VECTOR('',#249,1.78E0);
#251=CARTESIAN_POINT('',(2.2855E1,-1.585E0,-3.43E0));
#252=LINE('',#251,#250);
#253=DIRECTION('',(0.E0,1.E0,0.E0));
#254=VECTOR('',#253,3.8E-1);
#255=CARTESIAN_POINT('',(2.4635E1,-1.585E0,-3.43E0));
#256=LINE('',#255,#254);
#257=DIRECTION('',(-1.E0,0.E0,0.E0));
#258=VECTOR('',#257,2.18E0);
#259=CARTESIAN_POINT('',(2.6815E1,-1.205E0,-3.43E0));
#260=LINE('',#259,#258);
#261=DIRECTION('',(0.E0,1.E0,0.E0));
#262=VECTOR('',#261,3.8E-1);
#263=CARTESIAN_POINT('',(2.6815E1,-1.585E0,-3.43E0));
#264=LINE('',#263,#262);
#265=DIRECTION('',(1.E0,0.E0,0.E0));
#266=VECTOR('',#265,9.2E-1);
#267=CARTESIAN_POINT('',(2.6815E1,-1.585E0,-3.43E0));
#268=LINE('',#267,#266);
#269=DIRECTION('',(0.E0,1.E0,0.E0));
#270=VECTOR('',#269,9.12E0);
#271=CARTESIAN_POINT('',(2.7735E1,-1.585E0,-3.43E0));
#272=LINE('',#271,#270);
#273=DIRECTION('',(0.E0,-1.E0,0.E0));
#274=VECTOR('',#273,5.95E0);
#275=CARTESIAN_POINT('',(2.0295E1,7.535E0,-3.43E0));
#276=LINE('',#275,#274);
#277=DIRECTION('',(1.E0,0.E0,0.E0));
#278=VECTOR('',#277,1.02E0);
#279=CARTESIAN_POINT('',(1.9275E1,1.585E0,-3.43E0));
#280=LINE('',#279,#278);
#281=DIRECTION('',(-1.E0,0.E0,0.E0));
#282=VECTOR('',#281,9.2E-1);
#283=CARTESIAN_POINT('',(2.7735E1,1.585E0,-2.45E0));
#284=LINE('',#283,#282);
#285=DIRECTION('',(0.E0,0.E0,1.E0));
#286=VECTOR('',#285,5.92E0);
#287=CARTESIAN_POINT('',(2.7735E1,1.585E0,-2.45E0));
#288=LINE('',#287,#286);
#289=DIRECTION('',(0.E0,0.E0,1.E0));
#290=VECTOR('',#289,5.92E0);
#291=CARTESIAN_POINT('',(2.6815E1,1.585E0,-2.45E0));
#292=LINE('',#291,#290);
#293=DIRECTION('',(-1.E0,0.E0,0.E0));
#294=VECTOR('',#293,8.9E-1);
#295=CARTESIAN_POINT('',(-2.6845E1,1.585E0,-2.45E0));
#296=LINE('',#295,#294);
#297=DIRECTION('',(0.E0,0.E0,1.E0));
#298=VECTOR('',#297,5.92E0);
#299=CARTESIAN_POINT('',(-2.6845E1,1.585E0,-2.45E0));
#300=LINE('',#299,#298);
#301=DIRECTION('',(-1.E0,0.E0,0.E0));
#302=VECTOR('',#301,1.78E0);
#303=CARTESIAN_POINT('',(2.4635E1,1.585E0,-2.45E0));
#304=LINE('',#303,#302);
#305=DIRECTION('',(0.E0,0.E0,1.E0));
#306=VECTOR('',#305,5.92E0);
#307=CARTESIAN_POINT('',(2.4635E1,1.585E0,-2.45E0));
#308=LINE('',#307,#306);
#309=DIRECTION('',(0.E0,0.E0,1.E0));
#310=VECTOR('',#309,5.92E0);
#311=CARTESIAN_POINT('',(2.2855E1,1.585E0,-2.45E0));
#312=LINE('',#311,#310);
#313=DIRECTION('',(0.E0,0.E0,1.E0));
#314=VECTOR('',#313,5.92E0);
#315=CARTESIAN_POINT('',(-2.4665E1,1.585E0,-2.45E0));
#316=LINE('',#315,#314);
#317=DIRECTION('',(-1.E0,0.E0,0.E0));
#318=VECTOR('',#317,1.78E0);
#319=CARTESIAN_POINT('',(-2.2885E1,1.585E0,-2.45E0));
#320=LINE('',#319,#318);
#321=DIRECTION('',(0.E0,0.E0,1.E0));
#322=VECTOR('',#321,5.92E0);
#323=CARTESIAN_POINT('',(-2.2885E1,1.585E0,-2.45E0));
#324=LINE('',#323,#322);
#325=DIRECTION('',(-1.E0,0.E0,0.E0));
#326=VECTOR('',#325,1.78E0);
#327=CARTESIAN_POINT('',(1.6715E1,1.585E0,-2.45E0));
#328=LINE('',#327,#326);
#329=DIRECTION('',(0.E0,0.E0,1.E0));
#330=VECTOR('',#329,5.92E0);
#331=CARTESIAN_POINT('',(1.6715E1,1.585E0,-2.45E0));
#332=LINE('',#331,#330);
#333=DIRECTION('',(0.E0,0.E0,1.E0));
#334=VECTOR('',#333,5.92E0);
#335=CARTESIAN_POINT('',(1.4935E1,1.585E0,-2.45E0));
#336=LINE('',#335,#334);
#337=DIRECTION('',(-1.E0,0.E0,0.E0));
#338=VECTOR('',#337,1.78E0);
#339=CARTESIAN_POINT('',(1.2755E1,1.585E0,-2.45E0));
#340=LINE('',#339,#338);
#341=DIRECTION('',(0.E0,0.E0,1.E0));
#342=VECTOR('',#341,5.92E0);
#343=CARTESIAN_POINT('',(1.2755E1,1.585E0,-2.45E0));
#344=LINE('',#343,#342);
#345=DIRECTION('',(0.E0,0.E0,1.E0));
#346=VECTOR('',#345,5.92E0);
#347=CARTESIAN_POINT('',(1.0975E1,1.585E0,-2.45E0));
#348=LINE('',#347,#346);
#349=DIRECTION('',(0.E0,0.E0,1.E0));
#350=VECTOR('',#349,5.92E0);
#351=CARTESIAN_POINT('',(-2.0705E1,1.585E0,-2.45E0));
#352=LINE('',#351,#350);
#353=DIRECTION('',(-1.E0,0.E0,0.E0));
#354=VECTOR('',#353,1.78E0);
#355=CARTESIAN_POINT('',(-1.8925E1,1.585E0,-2.45E0));
#356=LINE('',#355,#354);
#357=DIRECTION('',(0.E0,0.E0,1.E0));
#358=VECTOR('',#357,5.92E0);
#359=CARTESIAN_POINT('',(-1.8925E1,1.585E0,-2.45E0));
#360=LINE('',#359,#358);
#361=DIRECTION('',(0.E0,0.E0,1.E0));
#362=VECTOR('',#361,5.92E0);
#363=CARTESIAN_POINT('',(-1.2785E1,1.585E0,-2.45E0));
#364=LINE('',#363,#362);
#365=DIRECTION('',(-1.E0,0.E0,0.E0));
#366=VECTOR('',#365,1.78E0);
#367=CARTESIAN_POINT('',(-1.1005E1,1.585E0,-2.45E0));
#368=LINE('',#367,#366);
#369=DIRECTION('',(0.E0,0.E0,1.E0));
#370=VECTOR('',#369,5.92E0);
#371=CARTESIAN_POINT('',(-1.1005E1,1.585E0,-2.45E0));
#372=LINE('',#371,#370);
#373=DIRECTION('',(0.E0,0.E0,1.E0));
#374=VECTOR('',#373,5.92E0);
#375=CARTESIAN_POINT('',(-8.825E0,1.585E0,-2.45E0));
#376=LINE('',#375,#374);
#377=DIRECTION('',(-1.E0,0.E0,0.E0));
#378=VECTOR('',#377,1.78E0);
#379=CARTESIAN_POINT('',(-7.045E0,1.585E0,-2.45E0));
#380=LINE('',#379,#378);
#381=DIRECTION('',(0.E0,0.E0,1.E0));
#382=VECTOR('',#381,5.92E0);
#383=CARTESIAN_POINT('',(-7.045E0,1.585E0,-2.45E0));
#384=LINE('',#383,#382);
#385=DIRECTION('',(-1.E0,0.E0,0.E0));
#386=VECTOR('',#385,1.78E0);
#387=CARTESIAN_POINT('',(4.835E0,1.585E0,-2.45E0));
#388=LINE('',#387,#386);
#389=DIRECTION('',(0.E0,0.E0,1.E0));
#390=VECTOR('',#389,5.92E0);
#391=CARTESIAN_POINT('',(4.835E0,1.585E0,-2.45E0));
#392=LINE('',#391,#390);
#393=DIRECTION('',(0.E0,0.E0,1.E0));
#394=VECTOR('',#393,5.92E0);
#395=CARTESIAN_POINT('',(3.055E0,1.585E0,-2.45E0));
#396=LINE('',#395,#394);
#397=DIRECTION('',(-1.E0,0.E0,0.E0));
#398=VECTOR('',#397,1.78E0);
#399=CARTESIAN_POINT('',(8.75E-1,1.585E0,-2.45E0));
#400=LINE('',#399,#398);
#401=DIRECTION('',(0.E0,0.E0,1.E0));
#402=VECTOR('',#401,5.92E0);
#403=CARTESIAN_POINT('',(8.75E-1,1.585E0,-2.45E0));
#404=LINE('',#403,#402);
#405=DIRECTION('',(0.E0,0.E0,1.E0));
#406=VECTOR('',#405,5.92E0);
#407=CARTESIAN_POINT('',(-9.05E-1,1.585E0,-2.45E0));
#408=LINE('',#407,#406);
#409=DIRECTION('',(0.E0,0.E0,1.E0));
#410=VECTOR('',#409,3.E0);
#411=CARTESIAN_POINT('',(-2.4285E1,1.585E0,-1.5E0));
#412=LINE('',#411,#410);
#413=DIRECTION('',(1.E0,0.E0,0.E0));
#414=VECTOR('',#413,1.02E0);
#415=CARTESIAN_POINT('',(-2.4285E1,1.585E0,1.5E0));
#416=LINE('',#415,#414);
#417=DIRECTION('',(0.E0,0.E0,-1.E0));
#418=VECTOR('',#417,3.E0);
#419=CARTESIAN_POINT('',(-2.3265E1,1.585E0,1.5E0));
#420=LINE('',#419,#418);
#421=DIRECTION('',(-1.E0,0.E0,0.E0));
#422=VECTOR('',#421,1.02E0);
#423=CARTESIAN_POINT('',(-2.3265E1,1.585E0,-1.5E0));
#424=LINE('',#423,#422);
#425=DIRECTION('',(0.E0,0.E0,1.E0));
#426=VECTOR('',#425,3.E0);
#427=CARTESIAN_POINT('',(-2.0325E1,1.585E0,-1.5E0));
#428=LINE('',#427,#426);
#429=DIRECTION('',(1.E0,0.E0,0.E0));
#430=VECTOR('',#429,1.02E0);
#431=CARTESIAN_POINT('',(-2.0325E1,1.585E0,1.5E0));
#432=LINE('',#431,#430);
#433=DIRECTION('',(0.E0,0.E0,-1.E0));
#434=VECTOR('',#433,3.E0);
#435=CARTESIAN_POINT('',(-1.9305E1,1.585E0,1.5E0));
#436=LINE('',#435,#434);
#437=DIRECTION('',(-1.E0,0.E0,0.E0));
#438=VECTOR('',#437,1.02E0);
#439=CARTESIAN_POINT('',(-1.9305E1,1.585E0,-1.5E0));
#440=LINE('',#439,#438);
#441=DIRECTION('',(0.E0,0.E0,1.E0));
#442=VECTOR('',#441,3.E0);
#443=CARTESIAN_POINT('',(-1.6365E1,1.585E0,-1.5E0));
#444=LINE('',#443,#442);
#445=DIRECTION('',(1.E0,0.E0,0.E0));
#446=VECTOR('',#445,1.02E0);
#447=CARTESIAN_POINT('',(-1.6365E1,1.585E0,1.5E0));
#448=LINE('',#447,#446);
#449=DIRECTION('',(0.E0,0.E0,-1.E0));
#450=VECTOR('',#449,3.E0);
#451=CARTESIAN_POINT('',(-1.5345E1,1.585E0,1.5E0));
#452=LINE('',#451,#450);
#453=DIRECTION('',(-1.E0,0.E0,0.E0));
#454=VECTOR('',#453,1.02E0);
#455=CARTESIAN_POINT('',(-1.5345E1,1.585E0,-1.5E0));
#456=LINE('',#455,#454);
#457=DIRECTION('',(0.E0,0.E0,1.E0));
#458=VECTOR('',#457,3.E0);
#459=CARTESIAN_POINT('',(-1.2405E1,1.585E0,-1.5E0));
#460=LINE('',#459,#458);
#461=DIRECTION('',(1.E0,0.E0,0.E0));
#462=VECTOR('',#461,1.02E0);
#463=CARTESIAN_POINT('',(-1.2405E1,1.585E0,1.5E0));
#464=LINE('',#463,#462);
#465=DIRECTION('',(0.E0,0.E0,-1.E0));
#466=VECTOR('',#465,3.E0);
#467=CARTESIAN_POINT('',(-1.1385E1,1.585E0,1.5E0));
#468=LINE('',#467,#466);
#469=DIRECTION('',(-1.E0,0.E0,0.E0));
#470=VECTOR('',#469,1.02E0);
#471=CARTESIAN_POINT('',(-1.1385E1,1.585E0,-1.5E0));
#472=LINE('',#471,#470);
#473=DIRECTION('',(0.E0,0.E0,1.E0));
#474=VECTOR('',#473,3.E0);
#475=CARTESIAN_POINT('',(-8.445E0,1.585E0,-1.5E0));
#476=LINE('',#475,#474);
#477=DIRECTION('',(1.E0,0.E0,0.E0));
#478=VECTOR('',#477,1.02E0);
#479=CARTESIAN_POINT('',(-8.445E0,1.585E0,1.5E0));
#480=LINE('',#479,#478);
#481=DIRECTION('',(0.E0,0.E0,-1.E0));
#482=VECTOR('',#481,3.E0);
#483=CARTESIAN_POINT('',(-7.425E0,1.585E0,1.5E0));
#484=LINE('',#483,#482);
#485=DIRECTION('',(-1.E0,0.E0,0.E0));
#486=VECTOR('',#485,1.02E0);
#487=CARTESIAN_POINT('',(-7.425E0,1.585E0,-1.5E0));
#488=LINE('',#487,#486);
#489=DIRECTION('',(0.E0,0.E0,1.E0));
#490=VECTOR('',#489,3.E0);
#491=CARTESIAN_POINT('',(-4.485E0,1.585E0,-1.5E0));
#492=LINE('',#491,#490);
#493=DIRECTION('',(1.E0,0.E0,0.E0));
#494=VECTOR('',#493,1.02E0);
#495=CARTESIAN_POINT('',(-4.485E0,1.585E0,1.5E0));
#496=LINE('',#495,#494);
#497=DIRECTION('',(0.E0,0.E0,-1.E0));
#498=VECTOR('',#497,3.E0);
#499=CARTESIAN_POINT('',(-3.465E0,1.585E0,1.5E0));
#500=LINE('',#499,#498);
#501=DIRECTION('',(-1.E0,0.E0,0.E0));
#502=VECTOR('',#501,1.02E0);
#503=CARTESIAN_POINT('',(-3.465E0,1.585E0,-1.5E0));
#504=LINE('',#503,#502);
#505=DIRECTION('',(0.E0,0.E0,1.E0));
#506=VECTOR('',#505,3.E0);
#507=CARTESIAN_POINT('',(-5.25E-1,1.585E0,-1.5E0));
#508=LINE('',#507,#506);
#509=DIRECTION('',(1.E0,0.E0,0.E0));
#510=VECTOR('',#509,1.02E0);
#511=CARTESIAN_POINT('',(-5.25E-1,1.585E0,1.5E0));
#512=LINE('',#511,#510);
#513=DIRECTION('',(0.E0,0.E0,-1.E0));
#514=VECTOR('',#513,3.E0);
#515=CARTESIAN_POINT('',(4.95E-1,1.585E0,1.5E0));
#516=LINE('',#515,#514);
#517=DIRECTION('',(-1.E0,0.E0,0.E0));
#518=VECTOR('',#517,1.02E0);
#519=CARTESIAN_POINT('',(4.95E-1,1.585E0,-1.5E0));
#520=LINE('',#519,#518);
#521=DIRECTION('',(0.E0,0.E0,1.E0));
#522=VECTOR('',#521,3.E0);
#523=CARTESIAN_POINT('',(3.435E0,1.585E0,-1.5E0));
#524=LINE('',#523,#522);
#525=DIRECTION('',(1.E0,0.E0,0.E0));
#526=VECTOR('',#525,1.02E0);
#527=CARTESIAN_POINT('',(3.435E0,1.585E0,1.5E0));
#528=LINE('',#527,#526);
#529=DIRECTION('',(0.E0,0.E0,-1.E0));
#530=VECTOR('',#529,3.E0);
#531=CARTESIAN_POINT('',(4.455E0,1.585E0,1.5E0));
#532=LINE('',#531,#530);
#533=DIRECTION('',(-1.E0,0.E0,0.E0));
#534=VECTOR('',#533,1.02E0);
#535=CARTESIAN_POINT('',(4.455E0,1.585E0,-1.5E0));
#536=LINE('',#535,#534);
#537=DIRECTION('',(0.E0,0.E0,1.E0));
#538=VECTOR('',#537,3.E0);
#539=CARTESIAN_POINT('',(7.395E0,1.585E0,-1.5E0));
#540=LINE('',#539,#538);
#541=DIRECTION('',(1.E0,0.E0,0.E0));
#542=VECTOR('',#541,1.02E0);
#543=CARTESIAN_POINT('',(7.395E0,1.585E0,1.5E0));
#544=LINE('',#543,#542);
#545=DIRECTION('',(0.E0,0.E0,-1.E0));
#546=VECTOR('',#545,3.E0);
#547=CARTESIAN_POINT('',(8.415E0,1.585E0,1.5E0));
#548=LINE('',#547,#546);
#549=DIRECTION('',(-1.E0,0.E0,0.E0));
#550=VECTOR('',#549,1.02E0);
#551=CARTESIAN_POINT('',(8.415E0,1.585E0,-1.5E0));
#552=LINE('',#551,#550);
#553=DIRECTION('',(0.E0,0.E0,1.E0));
#554=VECTOR('',#553,3.E0);
#555=CARTESIAN_POINT('',(1.1355E1,1.585E0,-1.5E0));
#556=LINE('',#555,#554);
#557=DIRECTION('',(1.E0,0.E0,0.E0));
#558=VECTOR('',#557,1.02E0);
#559=CARTESIAN_POINT('',(1.1355E1,1.585E0,1.5E0));
#560=LINE('',#559,#558);
#561=DIRECTION('',(0.E0,0.E0,-1.E0));
#562=VECTOR('',#561,3.E0);
#563=CARTESIAN_POINT('',(1.2375E1,1.585E0,1.5E0));
#564=LINE('',#563,#562);
#565=DIRECTION('',(-1.E0,0.E0,0.E0));
#566=VECTOR('',#565,1.02E0);
#567=CARTESIAN_POINT('',(1.2375E1,1.585E0,-1.5E0));
#568=LINE('',#567,#566);
#569=DIRECTION('',(0.E0,0.E0,1.E0));
#570=VECTOR('',#569,3.E0);
#571=CARTESIAN_POINT('',(1.5315E1,1.585E0,-1.5E0));
#572=LINE('',#571,#570);
#573=DIRECTION('',(1.E0,0.E0,0.E0));
#574=VECTOR('',#573,1.02E0);
#575=CARTESIAN_POINT('',(1.5315E1,1.585E0,1.5E0));
#576=LINE('',#575,#574);
#577=DIRECTION('',(0.E0,0.E0,-1.E0));
#578=VECTOR('',#577,3.E0);
#579=CARTESIAN_POINT('',(1.6335E1,1.585E0,1.5E0));
#580=LINE('',#579,#578);
#581=DIRECTION('',(-1.E0,0.E0,0.E0));
#582=VECTOR('',#581,1.02E0);
#583=CARTESIAN_POINT('',(1.6335E1,1.585E0,-1.5E0));
#584=LINE('',#583,#582);
#585=DIRECTION('',(0.E0,0.E0,1.E0));
#586=VECTOR('',#585,3.E0);
#587=CARTESIAN_POINT('',(1.9275E1,1.585E0,-1.5E0));
#588=LINE('',#587,#586);
#589=DIRECTION('',(1.E0,0.E0,0.E0));
#590=VECTOR('',#589,1.02E0);
#591=CARTESIAN_POINT('',(1.9275E1,1.585E0,1.5E0));
#592=LINE('',#591,#590);
#593=DIRECTION('',(0.E0,0.E0,-1.E0));
#594=VECTOR('',#593,3.E0);
#595=CARTESIAN_POINT('',(2.0295E1,1.585E0,1.5E0));
#596=LINE('',#595,#594);
#597=DIRECTION('',(-1.E0,0.E0,0.E0));
#598=VECTOR('',#597,1.02E0);
#599=CARTESIAN_POINT('',(2.0295E1,1.585E0,-1.5E0));
#600=LINE('',#599,#598);
#601=DIRECTION('',(0.E0,0.E0,1.E0));
#602=VECTOR('',#601,3.E0);
#603=CARTESIAN_POINT('',(2.3235E1,1.585E0,-1.5E0));
#604=LINE('',#603,#602);
#605=DIRECTION('',(1.E0,0.E0,0.E0));
#606=VECTOR('',#605,1.02E0);
#607=CARTESIAN_POINT('',(2.3235E1,1.585E0,1.5E0));
#608=LINE('',#607,#606);
#609=DIRECTION('',(0.E0,0.E0,-1.E0));
#610=VECTOR('',#609,3.E0);
#611=CARTESIAN_POINT('',(2.4255E1,1.585E0,1.5E0));
#612=LINE('',#611,#610);
#613=DIRECTION('',(-1.E0,0.E0,0.E0));
#614=VECTOR('',#613,1.02E0);
#615=CARTESIAN_POINT('',(2.4255E1,1.585E0,-1.5E0));
#616=LINE('',#615,#614);
#617=DIRECTION('',(-1.E0,0.E0,0.E0));
#618=VECTOR('',#617,3.8E-1);
#619=CARTESIAN_POINT('',(-1.6365E1,1.585E0,-2.45E0));
#620=LINE('',#619,#618);
#621=DIRECTION('',(0.E0,0.E0,-1.E0));
#622=VECTOR('',#621,9.8E-1);
#623=CARTESIAN_POINT('',(-1.6365E1,1.585E0,-2.45E0));
#624=LINE('',#623,#622);
#625=DIRECTION('',(-1.E0,0.E0,0.E0));
#626=VECTOR('',#625,3.8E-1);
#627=CARTESIAN_POINT('',(-1.4965E1,1.585E0,-2.45E0));
#628=LINE('',#627,#626);
#629=DIRECTION('',(0.E0,0.E0,1.E0));
#630=VECTOR('',#629,5.92E0);
#631=CARTESIAN_POINT('',(-1.4965E1,1.585E0,-2.45E0));
#632=LINE('',#631,#630);
#633=DIRECTION('',(0.E0,0.E0,1.E0));
#634=VECTOR('',#633,5.92E0);
#635=CARTESIAN_POINT('',(-1.6745E1,1.585E0,-2.45E0));
#636=LINE('',#635,#634);
#637=DIRECTION('',(-1.E0,0.E0,0.E0));
#638=VECTOR('',#637,3.8E-1);
#639=CARTESIAN_POINT('',(-4.485E0,1.585E0,-2.45E0));
#640=LINE('',#639,#638);
#641=DIRECTION('',(0.E0,0.E0,-1.E0));
#642=VECTOR('',#641,9.8E-1);
#643=CARTESIAN_POINT('',(-4.485E0,1.585E0,-2.45E0));
#644=LINE('',#643,#642);
#645=DIRECTION('',(-1.E0,0.E0,0.E0));
#646=VECTOR('',#645,3.8E-1);
#647=CARTESIAN_POINT('',(-3.085E0,1.585E0,-2.45E0));
#648=LINE('',#647,#646);
#649=DIRECTION('',(0.E0,0.E0,1.E0));
#650=VECTOR('',#649,5.92E0);
#651=CARTESIAN_POINT('',(-3.085E0,1.585E0,-2.45E0));
#652=LINE('',#651,#650);
#653=DIRECTION('',(0.E0,0.E0,1.E0));
#654=VECTOR('',#653,5.92E0);
#655=CARTESIAN_POINT('',(-4.865E0,1.585E0,-2.45E0));
#656=LINE('',#655,#654);
#657=DIRECTION('',(-1.E0,0.E0,0.E0));
#658=VECTOR('',#657,3.8E-1);
#659=CARTESIAN_POINT('',(7.395E0,1.585E0,-2.45E0));
#660=LINE('',#659,#658);
#661=DIRECTION('',(0.E0,0.E0,-1.E0));
#662=VECTOR('',#661,9.8E-1);
#663=CARTESIAN_POINT('',(7.395E0,1.585E0,-2.45E0));
#664=LINE('',#663,#662);
#665=DIRECTION('',(-1.E0,0.E0,0.E0));
#666=VECTOR('',#665,3.8E-1);
#667=CARTESIAN_POINT('',(8.795E0,1.585E0,-2.45E0));
#668=LINE('',#667,#666);
#669=DIRECTION('',(0.E0,0.E0,1.E0));
#670=VECTOR('',#669,5.92E0);
#671=CARTESIAN_POINT('',(8.795E0,1.585E0,-2.45E0));
#672=LINE('',#671,#670);
#673=DIRECTION('',(0.E0,0.E0,1.E0));
#674=VECTOR('',#673,5.92E0);
#675=CARTESIAN_POINT('',(7.015E0,1.585E0,-2.45E0));
#676=LINE('',#675,#674);
#677=DIRECTION('',(-1.E0,0.E0,0.E0));
#678=VECTOR('',#677,3.8E-1);
#679=CARTESIAN_POINT('',(1.9275E1,1.585E0,-2.45E0));
#680=LINE('',#679,#678);
#681=DIRECTION('',(0.E0,0.E0,-1.E0));
#682=VECTOR('',#681,9.8E-1);
#683=CARTESIAN_POINT('',(1.9275E1,1.585E0,-2.45E0));
#684=LINE('',#683,#682);
#685=DIRECTION('',(-1.E0,0.E0,0.E0));
#686=VECTOR('',#685,3.8E-1);
#687=CARTESIAN_POINT('',(2.0675E1,1.585E0,-2.45E0));
#688=LINE('',#687,#686);
#689=DIRECTION('',(0.E0,0.E0,1.E0));
#690=VECTOR('',#689,5.92E0);
#691=CARTESIAN_POINT('',(2.0675E1,1.585E0,-2.45E0));
#692=LINE('',#691,#690);
#693=DIRECTION('',(0.E0,0.E0,1.E0));
#694=VECTOR('',#693,5.92E0);
#695=CARTESIAN_POINT('',(1.8895E1,1.585E0,-2.45E0));
#696=LINE('',#695,#694);
#697=DIRECTION('',(0.E0,-1.E0,0.E0));
#698=VECTOR('',#697,5.291820693124E0);
#699=CARTESIAN_POINT('',(-1.6365E1,6.876820693124E0,-2.45E0));
#700=LINE('',#699,#698);
#701=DIRECTION('',(1.E0,0.E0,0.E0));
#702=VECTOR('',#701,1.137E1);
#703=CARTESIAN_POINT('',(-2.7735E1,6.876820693124E0,-2.45E0));
#704=LINE('',#703,#702);
#705=DIRECTION('',(0.E0,-1.E0,0.E0));
#706=VECTOR('',#705,5.291820693124E0);
#707=CARTESIAN_POINT('',(-4.485E0,6.876820693124E0,-2.45E0));
#708=LINE('',#707,#706);
#709=DIRECTION('',(0.E0,-1.E0,0.E0));
#710=VECTOR('',#709,5.291820693124E0);
#711=CARTESIAN_POINT('',(-1.5345E1,6.876820693124E0,-2.45E0));
#712=LINE('',#711,#710);
#713=DIRECTION('',(1.E0,0.E0,0.E0));
#714=VECTOR('',#713,1.086E1);
#715=CARTESIAN_POINT('',(-1.5345E1,6.876820693124E0,-2.45E0));
#716=LINE('',#715,#714);
#717=DIRECTION('',(0.E0,-1.E0,0.E0));
#718=VECTOR('',#717,5.291820693124E0);
#719=CARTESIAN_POINT('',(7.395E0,6.876820693124E0,-2.45E0));
#720=LINE('',#719,#718);
#721=DIRECTION('',(0.E0,-1.E0,0.E0));
#722=VECTOR('',#721,5.291820693124E0);
#723=CARTESIAN_POINT('',(-3.465E0,6.876820693124E0,-2.45E0));
#724=LINE('',#723,#722);
#725=DIRECTION('',(1.E0,0.E0,0.E0));
#726=VECTOR('',#725,1.086E1);
#727=CARTESIAN_POINT('',(-3.465E0,6.876820693124E0,-2.45E0));
#728=LINE('',#727,#726);
#729=DIRECTION('',(0.E0,-1.E0,0.E0));
#730=VECTOR('',#729,5.291820693124E0);
#731=CARTESIAN_POINT('',(1.9275E1,6.876820693124E0,-2.45E0));
#732=LINE('',#731,#730);
#733=DIRECTION('',(0.E0,-1.E0,0.E0));
#734=VECTOR('',#733,5.291820693124E0);
#735=CARTESIAN_POINT('',(8.415E0,6.876820693124E0,-2.45E0));
#736=LINE('',#735,#734);
#737=DIRECTION('',(1.E0,0.E0,0.E0));
#738=VECTOR('',#737,1.086E1);
#739=CARTESIAN_POINT('',(8.415E0,6.876820693124E0,-2.45E0));
#740=LINE('',#739,#738);
#741=DIRECTION('',(0.E0,-1.E0,0.E0));
#742=VECTOR('',#741,5.291820693124E0);
#743=CARTESIAN_POINT('',(2.0295E1,6.876820693124E0,-2.45E0));
#744=LINE('',#743,#742);
#745=DIRECTION('',(1.E0,0.E0,0.E0));
#746=VECTOR('',#745,7.44E0);
#747=CARTESIAN_POINT('',(2.0295E1,6.876820693124E0,-2.45E0));
#748=LINE('',#747,#746);
#749=DIRECTION('',(0.E0,-8.660254037844E-1,5.E-1));
#750=VECTOR('',#749,7.6E-1);
#751=CARTESIAN_POINT('',(-1.6365E1,7.535E0,-2.83E0));
#752=LINE('',#751,#750);
#753=DIRECTION('',(1.E0,0.E0,0.E0));
#754=VECTOR('',#753,1.137E1);
#755=CARTESIAN_POINT('',(-2.7735E1,7.535E0,-2.83E0));
#756=LINE('',#755,#754);
#757=DIRECTION('',(0.E0,-8.660254037844E-1,5.E-1));
#758=VECTOR('',#757,7.6E-1);
#759=CARTESIAN_POINT('',(-4.485E0,7.535E0,-2.83E0));
#760=LINE('',#759,#758);
#761=DIRECTION('',(0.E0,-8.660254037844E-1,5.E-1));
#762=VECTOR('',#761,7.6E-1);
#763=CARTESIAN_POINT('',(-1.5345E1,7.535E0,-2.83E0));
#764=LINE('',#763,#762);
#765=DIRECTION('',(1.E0,0.E0,0.E0));
#766=VECTOR('',#765,1.086E1);
#767=CARTESIAN_POINT('',(-1.5345E1,7.535E0,-2.83E0));
#768=LINE('',#767,#766);
#769=DIRECTION('',(0.E0,-8.660254037844E-1,5.E-1));
#770=VECTOR('',#769,7.6E-1);
#771=CARTESIAN_POINT('',(7.395E0,7.535E0,-2.83E0));
#772=LINE('',#771,#770);
#773=DIRECTION('',(0.E0,-8.660254037844E-1,5.E-1));
#774=VECTOR('',#773,7.6E-1);
#775=CARTESIAN_POINT('',(-3.465E0,7.535E0,-2.83E0));
#776=LINE('',#775,#774);
#777=DIRECTION('',(1.E0,0.E0,0.E0));
#778=VECTOR('',#777,1.086E1);
#779=CARTESIAN_POINT('',(-3.465E0,7.535E0,-2.83E0));
#780=LINE('',#779,#778);
#781=DIRECTION('',(0.E0,-8.660254037844E-1,5.E-1));
#782=VECTOR('',#781,7.6E-1);
#783=CARTESIAN_POINT('',(1.9275E1,7.535E0,-2.83E0));
#784=LINE('',#783,#782);
#785=DIRECTION('',(0.E0,-8.660254037844E-1,5.E-1));
#786=VECTOR('',#785,7.6E-1);
#787=CARTESIAN_POINT('',(8.415E0,7.535E0,-2.83E0));
#788=LINE('',#787,#786);
#789=DIRECTION('',(1.E0,0.E0,0.E0));
#790=VECTOR('',#789,1.086E1);
#791=CARTESIAN_POINT('',(8.415E0,7.535E0,-2.83E0));
#792=LINE('',#791,#790);
#793=DIRECTION('',(0.E0,-8.660254037844E-1,5.E-1));
#794=VECTOR('',#793,7.6E-1);
#795=CARTESIAN_POINT('',(2.0295E1,7.535E0,-2.83E0));
#796=LINE('',#795,#794);
#797=DIRECTION('',(1.E0,0.E0,0.E0));
#798=VECTOR('',#797,7.44E0);
#799=CARTESIAN_POINT('',(2.0295E1,7.535E0,-2.83E0));
#800=LINE('',#799,#798);
#801=DIRECTION('',(0.E0,1.E0,0.E0));
#802=VECTOR('',#801,9.12E0);
#803=CARTESIAN_POINT('',(-2.7735E1,-1.585E0,-3.43E0));
#804=LINE('',#803,#802);
#805=DIRECTION('',(0.E0,0.E0,-1.E0));
#806=VECTOR('',#805,6.E-1);
#807=CARTESIAN_POINT('',(-2.7735E1,7.535E0,-2.83E0));
#808=LINE('',#807,#806);
#809=DIRECTION('',(0.E0,8.660254037844E-1,-5.E-1));
#810=VECTOR('',#809,7.6E-1);
#811=CARTESIAN_POINT('',(-2.7735E1,6.876820693124E0,-2.45E0));
#812=LINE('',#811,#810);
#813=DIRECTION('',(0.E0,-1.E0,0.E0));
#814=VECTOR('',#813,5.291820693124E0);
#815=CARTESIAN_POINT('',(-2.7735E1,6.876820693124E0,-2.45E0));
#816=LINE('',#815,#814);
#817=DIRECTION('',(0.E0,0.E0,1.E0));
#818=VECTOR('',#817,5.92E0);
#819=CARTESIAN_POINT('',(-2.7735E1,1.585E0,-2.45E0));
#820=LINE('',#819,#818);
#821=DIRECTION('',(0.E0,0.E0,1.E0));
#822=VECTOR('',#821,6.E-1);
#823=CARTESIAN_POINT('',(-1.6365E1,7.535E0,-3.43E0));
#824=LINE('',#823,#822);
#825=DIRECTION('',(1.E0,0.E0,0.E0));
#826=VECTOR('',#825,1.137E1);
#827=CARTESIAN_POINT('',(-2.7735E1,7.535E0,-3.43E0));
#828=LINE('',#827,#826);
#829=DIRECTION('',(0.E0,0.E0,1.E0));
#830=VECTOR('',#829,6.E-1);
#831=CARTESIAN_POINT('',(-4.485E0,7.535E0,-3.43E0));
#832=LINE('',#831,#830);
#833=DIRECTION('',(0.E0,0.E0,1.E0));
#834=VECTOR('',#833,6.E-1);
#835=CARTESIAN_POINT('',(-1.5345E1,7.535E0,-3.43E0));
#836=LINE('',#835,#834);
#837=DIRECTION('',(1.E0,0.E0,0.E0));
#838=VECTOR('',#837,1.086E1);
#839=CARTESIAN_POINT('',(-1.5345E1,7.535E0,-3.43E0));
#840=LINE('',#839,#838);
#841=DIRECTION('',(0.E0,0.E0,1.E0));
#842=VECTOR('',#841,6.E-1);
#843=CARTESIAN_POINT('',(7.395E0,7.535E0,-3.43E0));
#844=LINE('',#843,#842);
#845=DIRECTION('',(0.E0,0.E0,1.E0));
#846=VECTOR('',#845,6.E-1);
#847=CARTESIAN_POINT('',(-3.465E0,7.535E0,-3.43E0));
#848=LINE('',#847,#846);
#849=DIRECTION('',(1.E0,0.E0,0.E0));
#850=VECTOR('',#849,1.086E1);
#851=CARTESIAN_POINT('',(-3.465E0,7.535E0,-3.43E0));
#852=LINE('',#851,#850);
#853=DIRECTION('',(0.E0,0.E0,1.E0));
#854=VECTOR('',#853,6.E-1);
#855=CARTESIAN_POINT('',(1.9275E1,7.535E0,-3.43E0));
#856=LINE('',#855,#854);
#857=DIRECTION('',(0.E0,0.E0,1.E0));
#858=VECTOR('',#857,6.E-1);
#859=CARTESIAN_POINT('',(8.415E0,7.535E0,-3.43E0));
#860=LINE('',#859,#858);
#861=DIRECTION('',(1.E0,0.E0,0.E0));
#862=VECTOR('',#861,1.086E1);
#863=CARTESIAN_POINT('',(8.415E0,7.535E0,-3.43E0));
#864=LINE('',#863,#862);
#865=DIRECTION('',(0.E0,0.E0,1.E0));
#866=VECTOR('',#865,6.E-1);
#867=CARTESIAN_POINT('',(2.0295E1,7.535E0,-3.43E0));
#868=LINE('',#867,#866);
#869=DIRECTION('',(1.E0,0.E0,0.E0));
#870=VECTOR('',#869,7.44E0);
#871=CARTESIAN_POINT('',(2.0295E1,7.535E0,-3.43E0));
#872=LINE('',#871,#870);
#873=DIRECTION('',(0.E0,0.E0,-1.E0));
#874=VECTOR('',#873,9.8E-1);
#875=CARTESIAN_POINT('',(-1.5345E1,1.585E0,-2.45E0));
#876=LINE('',#875,#874);
#877=DIRECTION('',(0.E0,0.E0,-1.E0));
#878=VECTOR('',#877,9.8E-1);
#879=CARTESIAN_POINT('',(-3.465E0,1.585E0,-2.45E0));
#880=LINE('',#879,#878);
#881=DIRECTION('',(0.E0,0.E0,-1.E0));
#882=VECTOR('',#881,9.8E-1);
#883=CARTESIAN_POINT('',(8.415E0,1.585E0,-2.45E0));
#884=LINE('',#883,#882);
#885=DIRECTION('',(0.E0,0.E0,-1.E0));
#886=VECTOR('',#885,9.8E-1);
#887=CARTESIAN_POINT('',(2.0295E1,1.585E0,-2.45E0));
#888=LINE('',#887,#886);
#889=DIRECTION('',(0.E0,-1.E0,0.E0));
#890=VECTOR('',#889,5.291820693124E0);
#891=CARTESIAN_POINT('',(2.7735E1,6.876820693124E0,-2.45E0));
#892=LINE('',#891,#890);
#893=DIRECTION('',(0.E0,-8.660254037844E-1,5.E-1));
#894=VECTOR('',#893,7.6E-1);
#895=CARTESIAN_POINT('',(2.7735E1,7.535E0,-2.83E0));
#896=LINE('',#895,#894);
#897=DIRECTION('',(0.E0,0.E0,1.E0));
#898=VECTOR('',#897,6.E-1);
#899=CARTESIAN_POINT('',(2.7735E1,7.535E0,-3.43E0));
#900=LINE('',#899,#898);
#901=DIRECTION('',(0.E0,0.E0,1.E0));
#902=VECTOR('',#901,6.9E0);
#903=CARTESIAN_POINT('',(2.7735E1,-1.585E0,-3.43E0));
#904=LINE('',#903,#902);
#905=DIRECTION('',(0.E0,0.E0,1.E0));
#906=VECTOR('',#905,6.9E0);
#907=CARTESIAN_POINT('',(-2.6845E1,-1.585E0,-3.43E0));
#908=LINE('',#907,#906);
#909=DIRECTION('',(0.E0,0.E0,1.E0));
#910=VECTOR('',#909,6.9E0);
#911=CARTESIAN_POINT('',(-2.7735E1,-1.585E0,-3.43E0));
#912=LINE('',#911,#910);
#913=DIRECTION('',(0.E0,0.E0,1.E0));
#914=VECTOR('',#913,6.9E0);
#915=CARTESIAN_POINT('',(-2.2885E1,-1.585E0,-3.43E0));
#916=LINE('',#915,#914);
#917=DIRECTION('',(0.E0,0.E0,1.E0));
#918=VECTOR('',#917,6.9E0);
#919=CARTESIAN_POINT('',(-2.4665E1,-1.585E0,-3.43E0));
#920=LINE('',#919,#918);
#921=DIRECTION('',(0.E0,0.E0,1.E0));
#922=VECTOR('',#921,6.9E0);
#923=CARTESIAN_POINT('',(-1.8925E1,-1.585E0,-3.43E0));
#924=LINE('',#923,#922);
#925=DIRECTION('',(0.E0,0.E0,1.E0));
#926=VECTOR('',#925,6.9E0);
#927=CARTESIAN_POINT('',(-2.0705E1,-1.585E0,-3.43E0));
#928=LINE('',#927,#926);
#929=DIRECTION('',(0.E0,0.E0,1.E0));
#930=VECTOR('',#929,6.9E0);
#931=CARTESIAN_POINT('',(-1.4965E1,-1.585E0,-3.43E0));
#932=LINE('',#931,#930);
#933=DIRECTION('',(0.E0,0.E0,1.E0));
#934=VECTOR('',#933,6.9E0);
#935=CARTESIAN_POINT('',(-1.6745E1,-1.585E0,-3.43E0));
#936=LINE('',#935,#934);
#937=DIRECTION('',(0.E0,0.E0,1.E0));
#938=VECTOR('',#937,6.9E0);
#939=CARTESIAN_POINT('',(-1.1005E1,-1.585E0,-3.43E0));
#940=LINE('',#939,#938);
#941=DIRECTION('',(0.E0,0.E0,1.E0));
#942=VECTOR('',#941,6.9E0);
#943=CARTESIAN_POINT('',(-1.2785E1,-1.585E0,-3.43E0));
#944=LINE('',#943,#942);
#945=DIRECTION('',(0.E0,0.E0,1.E0));
#946=VECTOR('',#945,6.9E0);
#947=CARTESIAN_POINT('',(-7.045E0,-1.585E0,-3.43E0));
#948=LINE('',#947,#946);
#949=DIRECTION('',(0.E0,0.E0,1.E0));
#950=VECTOR('',#949,6.9E0);
#951=CARTESIAN_POINT('',(-8.825E0,-1.585E0,-3.43E0));
#952=LINE('',#951,#950);
#953=DIRECTION('',(0.E0,0.E0,1.E0));
#954=VECTOR('',#953,6.9E0);
#955=CARTESIAN_POINT('',(-3.085E0,-1.585E0,-3.43E0));
#956=LINE('',#955,#954);
#957=DIRECTION('',(0.E0,0.E0,1.E0));
#958=VECTOR('',#957,6.9E0);
#959=CARTESIAN_POINT('',(-4.865E0,-1.585E0,-3.43E0));
#960=LINE('',#959,#958);
#961=DIRECTION('',(0.E0,0.E0,1.E0));
#962=VECTOR('',#961,6.9E0);
#963=CARTESIAN_POINT('',(8.75E-1,-1.585E0,-3.43E0));
#964=LINE('',#963,#962);
#965=DIRECTION('',(0.E0,0.E0,1.E0));
#966=VECTOR('',#965,6.9E0);
#967=CARTESIAN_POINT('',(-9.05E-1,-1.585E0,-3.43E0));
#968=LINE('',#967,#966);
#969=DIRECTION('',(0.E0,0.E0,1.E0));
#970=VECTOR('',#969,6.9E0);
#971=CARTESIAN_POINT('',(4.835E0,-1.585E0,-3.43E0));
#972=LINE('',#971,#970);
#973=DIRECTION('',(0.E0,0.E0,1.E0));
#974=VECTOR('',#973,6.9E0);
#975=CARTESIAN_POINT('',(3.055E0,-1.585E0,-3.43E0));
#976=LINE('',#975,#974);
#977=DIRECTION('',(0.E0,0.E0,1.E0));
#978=VECTOR('',#977,6.9E0);
#979=CARTESIAN_POINT('',(8.795E0,-1.585E0,-3.43E0));
#980=LINE('',#979,#978);
#981=DIRECTION('',(0.E0,0.E0,1.E0));
#982=VECTOR('',#981,6.9E0);
#983=CARTESIAN_POINT('',(7.015E0,-1.585E0,-3.43E0));
#984=LINE('',#983,#982);
#985=DIRECTION('',(0.E0,0.E0,1.E0));
#986=VECTOR('',#985,6.9E0);
#987=CARTESIAN_POINT('',(1.2755E1,-1.585E0,-3.43E0));
#988=LINE('',#987,#986);
#989=DIRECTION('',(0.E0,0.E0,1.E0));
#990=VECTOR('',#989,6.9E0);
#991=CARTESIAN_POINT('',(1.0975E1,-1.585E0,-3.43E0));
#992=LINE('',#991,#990);
#993=DIRECTION('',(0.E0,0.E0,1.E0));
#994=VECTOR('',#993,6.9E0);
#995=CARTESIAN_POINT('',(1.6715E1,-1.585E0,-3.43E0));
#996=LINE('',#995,#994);
#997=DIRECTION('',(0.E0,0.E0,1.E0));
#998=VECTOR('',#997,6.9E0);
#999=CARTESIAN_POINT('',(1.4935E1,-1.585E0,-3.43E0));
#1000=LINE('',#999,#998);
#1001=DIRECTION('',(0.E0,0.E0,1.E0));
#1002=VECTOR('',#1001,6.9E0);
#1003=CARTESIAN_POINT('',(2.0675E1,-1.585E0,-3.43E0));
#1004=LINE('',#1003,#1002);
#1005=DIRECTION('',(0.E0,0.E0,1.E0));
#1006=VECTOR('',#1005,6.9E0);
#1007=CARTESIAN_POINT('',(1.8895E1,-1.585E0,-3.43E0));
#1008=LINE('',#1007,#1006);
#1009=DIRECTION('',(0.E0,0.E0,1.E0));
#1010=VECTOR('',#1009,6.9E0);
#1011=CARTESIAN_POINT('',(2.6815E1,-1.585E0,-3.43E0));
#1012=LINE('',#1011,#1010);
#1013=DIRECTION('',(0.E0,0.E0,1.E0));
#1014=VECTOR('',#1013,6.9E0);
#1015=CARTESIAN_POINT('',(2.4635E1,-1.585E0,-3.43E0));
#1016=LINE('',#1015,#1014);
#1017=DIRECTION('',(0.E0,0.E0,1.E0));
#1018=VECTOR('',#1017,6.9E0);
#1019=CARTESIAN_POINT('',(2.2855E1,-1.585E0,-3.43E0));
#1020=LINE('',#1019,#1018);
#1021=DIRECTION('',(0.E0,0.E0,1.E0));
#1022=VECTOR('',#1021,3.E0);
#1023=CARTESIAN_POINT('',(-2.4285E1,-1.585E0,-1.5E0));
#1024=LINE('',#1023,#1022);
#1025=DIRECTION('',(-1.E0,0.E0,0.E0));
#1026=VECTOR('',#1025,1.02E0);
#1027=CARTESIAN_POINT('',(-2.3265E1,-1.585E0,-1.5E0));
#1028=LINE('',#1027,#1026);
#1029=DIRECTION('',(0.E0,0.E0,-1.E0));
#1030=VECTOR('',#1029,3.E0);
#1031=CARTESIAN_POINT('',(-2.3265E1,-1.585E0,1.5E0));
#1032=LINE('',#1031,#1030);
#1033=DIRECTION('',(1.E0,0.E0,0.E0));
#1034=VECTOR('',#1033,1.02E0);
#1035=CARTESIAN_POINT('',(-2.4285E1,-1.585E0,1.5E0));
#1036=LINE('',#1035,#1034);
#1037=DIRECTION('',(0.E0,0.E0,1.E0));
#1038=VECTOR('',#1037,3.E0);
#1039=CARTESIAN_POINT('',(-2.0325E1,-1.585E0,-1.5E0));
#1040=LINE('',#1039,#1038);
#1041=DIRECTION('',(-1.E0,0.E0,0.E0));
#1042=VECTOR('',#1041,1.02E0);
#1043=CARTESIAN_POINT('',(-1.9305E1,-1.585E0,-1.5E0));
#1044=LINE('',#1043,#1042);
#1045=DIRECTION('',(0.E0,0.E0,-1.E0));
#1046=VECTOR('',#1045,3.E0);
#1047=CARTESIAN_POINT('',(-1.9305E1,-1.585E0,1.5E0));
#1048=LINE('',#1047,#1046);
#1049=DIRECTION('',(1.E0,0.E0,0.E0));
#1050=VECTOR('',#1049,1.02E0);
#1051=CARTESIAN_POINT('',(-2.0325E1,-1.585E0,1.5E0));
#1052=LINE('',#1051,#1050);
#1053=DIRECTION('',(0.E0,0.E0,1.E0));
#1054=VECTOR('',#1053,3.E0);
#1055=CARTESIAN_POINT('',(-1.6365E1,-1.585E0,-1.5E0));
#1056=LINE('',#1055,#1054);
#1057=DIRECTION('',(-1.E0,0.E0,0.E0));
#1058=VECTOR('',#1057,1.02E0);
#1059=CARTESIAN_POINT('',(-1.5345E1,-1.585E0,-1.5E0));
#1060=LINE('',#1059,#1058);
#1061=DIRECTION('',(0.E0,0.E0,-1.E0));
#1062=VECTOR('',#1061,3.E0);
#1063=CARTESIAN_POINT('',(-1.5345E1,-1.585E0,1.5E0));
#1064=LINE('',#1063,#1062);
#1065=DIRECTION('',(1.E0,0.E0,0.E0));
#1066=VECTOR('',#1065,1.02E0);
#1067=CARTESIAN_POINT('',(-1.6365E1,-1.585E0,1.5E0));
#1068=LINE('',#1067,#1066);
#1069=DIRECTION('',(0.E0,0.E0,1.E0));
#1070=VECTOR('',#1069,3.E0);
#1071=CARTESIAN_POINT('',(-1.2405E1,-1.585E0,-1.5E0));
#1072=LINE('',#1071,#1070);
#1073=DIRECTION('',(-1.E0,0.E0,0.E0));
#1074=VECTOR('',#1073,1.02E0);
#1075=CARTESIAN_POINT('',(-1.1385E1,-1.585E0,-1.5E0));
#1076=LINE('',#1075,#1074);
#1077=DIRECTION('',(0.E0,0.E0,-1.E0));
#1078=VECTOR('',#1077,3.E0);
#1079=CARTESIAN_POINT('',(-1.1385E1,-1.585E0,1.5E0));
#1080=LINE('',#1079,#1078);
#1081=DIRECTION('',(1.E0,0.E0,0.E0));
#1082=VECTOR('',#1081,1.02E0);
#1083=CARTESIAN_POINT('',(-1.2405E1,-1.585E0,1.5E0));
#1084=LINE('',#1083,#1082);
#1085=DIRECTION('',(0.E0,0.E0,1.E0));
#1086=VECTOR('',#1085,3.E0);
#1087=CARTESIAN_POINT('',(-8.445E0,-1.585E0,-1.5E0));
#1088=LINE('',#1087,#1086);
#1089=DIRECTION('',(-1.E0,0.E0,0.E0));
#1090=VECTOR('',#1089,1.02E0);
#1091=CARTESIAN_POINT('',(-7.425E0,-1.585E0,-1.5E0));
#1092=LINE('',#1091,#1090);
#1093=DIRECTION('',(0.E0,0.E0,-1.E0));
#1094=VECTOR('',#1093,3.E0);
#1095=CARTESIAN_POINT('',(-7.425E0,-1.585E0,1.5E0));
#1096=LINE('',#1095,#1094);
#1097=DIRECTION('',(1.E0,0.E0,0.E0));
#1098=VECTOR('',#1097,1.02E0);
#1099=CARTESIAN_POINT('',(-8.445E0,-1.585E0,1.5E0));
#1100=LINE('',#1099,#1098);
#1101=DIRECTION('',(0.E0,0.E0,1.E0));
#1102=VECTOR('',#1101,3.E0);
#1103=CARTESIAN_POINT('',(-4.485E0,-1.585E0,-1.5E0));
#1104=LINE('',#1103,#1102);
#1105=DIRECTION('',(-1.E0,0.E0,0.E0));
#1106=VECTOR('',#1105,1.02E0);
#1107=CARTESIAN_POINT('',(-3.465E0,-1.585E0,-1.5E0));
#1108=LINE('',#1107,#1106);
#1109=DIRECTION('',(0.E0,0.E0,-1.E0));
#1110=VECTOR('',#1109,3.E0);
#1111=CARTESIAN_POINT('',(-3.465E0,-1.585E0,1.5E0));
#1112=LINE('',#1111,#1110);
#1113=DIRECTION('',(1.E0,0.E0,0.E0));
#1114=VECTOR('',#1113,1.02E0);
#1115=CARTESIAN_POINT('',(-4.485E0,-1.585E0,1.5E0));
#1116=LINE('',#1115,#1114);
#1117=DIRECTION('',(0.E0,0.E0,1.E0));
#1118=VECTOR('',#1117,3.E0);
#1119=CARTESIAN_POINT('',(-5.25E-1,-1.585E0,-1.5E0));
#1120=LINE('',#1119,#1118);
#1121=DIRECTION('',(-1.E0,0.E0,0.E0));
#1122=VECTOR('',#1121,1.02E0);
#1123=CARTESIAN_POINT('',(4.95E-1,-1.585E0,-1.5E0));
#1124=LINE('',#1123,#1122);
#1125=DIRECTION('',(0.E0,0.E0,-1.E0));
#1126=VECTOR('',#1125,3.E0);
#1127=CARTESIAN_POINT('',(4.95E-1,-1.585E0,1.5E0));
#1128=LINE('',#1127,#1126);
#1129=DIRECTION('',(1.E0,0.E0,0.E0));
#1130=VECTOR('',#1129,1.02E0);
#1131=CARTESIAN_POINT('',(-5.25E-1,-1.585E0,1.5E0));
#1132=LINE('',#1131,#1130);
#1133=DIRECTION('',(0.E0,0.E0,1.E0));
#1134=VECTOR('',#1133,3.E0);
#1135=CARTESIAN_POINT('',(3.435E0,-1.585E0,-1.5E0));
#1136=LINE('',#1135,#1134);
#1137=DIRECTION('',(-1.E0,0.E0,0.E0));
#1138=VECTOR('',#1137,1.02E0);
#1139=CARTESIAN_POINT('',(4.455E0,-1.585E0,-1.5E0));
#1140=LINE('',#1139,#1138);
#1141=DIRECTION('',(0.E0,0.E0,-1.E0));
#1142=VECTOR('',#1141,3.E0);
#1143=CARTESIAN_POINT('',(4.455E0,-1.585E0,1.5E0));
#1144=LINE('',#1143,#1142);
#1145=DIRECTION('',(1.E0,0.E0,0.E0));
#1146=VECTOR('',#1145,1.02E0);
#1147=CARTESIAN_POINT('',(3.435E0,-1.585E0,1.5E0));
#1148=LINE('',#1147,#1146);
#1149=DIRECTION('',(0.E0,0.E0,1.E0));
#1150=VECTOR('',#1149,3.E0);
#1151=CARTESIAN_POINT('',(7.395E0,-1.585E0,-1.5E0));
#1152=LINE('',#1151,#1150);
#1153=DIRECTION('',(-1.E0,0.E0,0.E0));
#1154=VECTOR('',#1153,1.02E0);
#1155=CARTESIAN_POINT('',(8.415E0,-1.585E0,-1.5E0));
#1156=LINE('',#1155,#1154);
#1157=DIRECTION('',(0.E0,0.E0,-1.E0));
#1158=VECTOR('',#1157,3.E0);
#1159=CARTESIAN_POINT('',(8.415E0,-1.585E0,1.5E0));
#1160=LINE('',#1159,#1158);
#1161=DIRECTION('',(1.E0,0.E0,0.E0));
#1162=VECTOR('',#1161,1.02E0);
#1163=CARTESIAN_POINT('',(7.395E0,-1.585E0,1.5E0));
#1164=LINE('',#1163,#1162);
#1165=DIRECTION('',(0.E0,0.E0,1.E0));
#1166=VECTOR('',#1165,3.E0);
#1167=CARTESIAN_POINT('',(1.1355E1,-1.585E0,-1.5E0));
#1168=LINE('',#1167,#1166);
#1169=DIRECTION('',(-1.E0,0.E0,0.E0));
#1170=VECTOR('',#1169,1.02E0);
#1171=CARTESIAN_POINT('',(1.2375E1,-1.585E0,-1.5E0));
#1172=LINE('',#1171,#1170);
#1173=DIRECTION('',(0.E0,0.E0,-1.E0));
#1174=VECTOR('',#1173,3.E0);
#1175=CARTESIAN_POINT('',(1.2375E1,-1.585E0,1.5E0));
#1176=LINE('',#1175,#1174);
#1177=DIRECTION('',(1.E0,0.E0,0.E0));
#1178=VECTOR('',#1177,1.02E0);
#1179=CARTESIAN_POINT('',(1.1355E1,-1.585E0,1.5E0));
#1180=LINE('',#1179,#1178);
#1181=DIRECTION('',(0.E0,0.E0,1.E0));
#1182=VECTOR('',#1181,3.E0);
#1183=CARTESIAN_POINT('',(1.5315E1,-1.585E0,-1.5E0));
#1184=LINE('',#1183,#1182);
#1185=DIRECTION('',(-1.E0,0.E0,0.E0));
#1186=VECTOR('',#1185,1.02E0);
#1187=CARTESIAN_POINT('',(1.6335E1,-1.585E0,-1.5E0));
#1188=LINE('',#1187,#1186);
#1189=DIRECTION('',(0.E0,0.E0,-1.E0));
#1190=VECTOR('',#1189,3.E0);
#1191=CARTESIAN_POINT('',(1.6335E1,-1.585E0,1.5E0));
#1192=LINE('',#1191,#1190);
#1193=DIRECTION('',(1.E0,0.E0,0.E0));
#1194=VECTOR('',#1193,1.02E0);
#1195=CARTESIAN_POINT('',(1.5315E1,-1.585E0,1.5E0));
#1196=LINE('',#1195,#1194);
#1197=DIRECTION('',(0.E0,0.E0,1.E0));
#1198=VECTOR('',#1197,3.E0);
#1199=CARTESIAN_POINT('',(1.9275E1,-1.585E0,-1.5E0));
#1200=LINE('',#1199,#1198);
#1201=DIRECTION('',(-1.E0,0.E0,0.E0));
#1202=VECTOR('',#1201,1.02E0);
#1203=CARTESIAN_POINT('',(2.0295E1,-1.585E0,-1.5E0));
#1204=LINE('',#1203,#1202);
#1205=DIRECTION('',(0.E0,0.E0,-1.E0));
#1206=VECTOR('',#1205,3.E0);
#1207=CARTESIAN_POINT('',(2.0295E1,-1.585E0,1.5E0));
#1208=LINE('',#1207,#1206);
#1209=DIRECTION('',(1.E0,0.E0,0.E0));
#1210=VECTOR('',#1209,1.02E0);
#1211=CARTESIAN_POINT('',(1.9275E1,-1.585E0,1.5E0));
#1212=LINE('',#1211,#1210);
#1213=DIRECTION('',(0.E0,0.E0,1.E0));
#1214=VECTOR('',#1213,3.E0);
#1215=CARTESIAN_POINT('',(2.3235E1,-1.585E0,-1.5E0));
#1216=LINE('',#1215,#1214);
#1217=DIRECTION('',(-1.E0,0.E0,0.E0));
#1218=VECTOR('',#1217,1.02E0);
#1219=CARTESIAN_POINT('',(2.4255E1,-1.585E0,-1.5E0));
#1220=LINE('',#1219,#1218);
#1221=DIRECTION('',(0.E0,0.E0,-1.E0));
#1222=VECTOR('',#1221,3.E0);
#1223=CARTESIAN_POINT('',(2.4255E1,-1.585E0,1.5E0));
#1224=LINE('',#1223,#1222);
#1225=DIRECTION('',(1.E0,0.E0,0.E0));
#1226=VECTOR('',#1225,1.02E0);
#1227=CARTESIAN_POINT('',(2.3235E1,-1.585E0,1.5E0));
#1228=LINE('',#1227,#1226);
#1229=DIRECTION('',(0.E0,0.E0,-1.E0));
#1230=VECTOR('',#1229,6.9E0);
#1231=CARTESIAN_POINT('',(-2.6845E1,-1.205E0,3.47E0));
#1232=LINE('',#1231,#1230);
#1233=DIRECTION('',(0.E0,-1.E0,0.E0));
#1234=VECTOR('',#1233,3.8E-1);
#1235=CARTESIAN_POINT('',(2.4635E1,1.585E0,3.47E0));
#1236=LINE('',#1235,#1234);
#1237=DIRECTION('',(1.E0,0.E0,0.E0));
#1238=VECTOR('',#1237,2.18E0);
#1239=CARTESIAN_POINT('',(2.4635E1,1.205E0,3.47E0));
#1240=LINE('',#1239,#1238);
#1241=DIRECTION('',(-1.869849304632E-14,-1.E0,0.E0));
#1242=VECTOR('',#1241,3.8E-1);
#1243=CARTESIAN_POINT('',(2.6815E1,1.585E0,3.47E0));
#1244=LINE('',#1243,#1242);
#1245=DIRECTION('',(-1.E0,0.E0,0.E0));
#1246=VECTOR('',#1245,9.2E-1);
#1247=CARTESIAN_POINT('',(2.7735E1,1.585E0,3.47E0));
#1248=LINE('',#1247,#1246);
#1249=DIRECTION('',(0.E0,1.E0,0.E0));
#1250=VECTOR('',#1249,3.17E0);
#1251=CARTESIAN_POINT('',(2.7735E1,-1.585E0,3.47E0));
#1252=LINE('',#1251,#1250);
#1253=DIRECTION('',(1.E0,0.E0,0.E0));
#1254=VECTOR('',#1253,9.2E-1);
#1255=CARTESIAN_POINT('',(2.6815E1,-1.585E0,3.47E0));
#1256=LINE('',#1255,#1254);
#1257=DIRECTION('',(0.E0,1.E0,0.E0));
#1258=VECTOR('',#1257,3.8E-1);
#1259=CARTESIAN_POINT('',(2.6815E1,-1.585E0,3.47E0));
#1260=LINE('',#1259,#1258);
#1261=DIRECTION('',(-1.E0,0.E0,0.E0));
#1262=VECTOR('',#1261,2.18E0);
#1263=CARTESIAN_POINT('',(2.6815E1,-1.205E0,3.47E0));
#1264=LINE('',#1263,#1262);
#1265=DIRECTION('',(0.E0,1.E0,0.E0));
#1266=VECTOR('',#1265,3.8E-1);
#1267=CARTESIAN_POINT('',(2.4635E1,-1.585E0,3.47E0));
#1268=LINE('',#1267,#1266);
#1269=DIRECTION('',(1.E0,0.E0,0.E0));
#1270=VECTOR('',#1269,1.78E0);
#1271=CARTESIAN_POINT('',(2.2855E1,-1.585E0,3.47E0));
#1272=LINE('',#1271,#1270);
#1273=DIRECTION('',(1.869849304632E-14,1.E0,0.E0));
#1274=VECTOR('',#1273,3.8E-1);
#1275=CARTESIAN_POINT('',(2.2855E1,-1.585E0,3.47E0));
#1276=LINE('',#1275,#1274);
#1277=DIRECTION('',(-1.E0,0.E0,0.E0));
#1278=VECTOR('',#1277,2.18E0);
#1279=CARTESIAN_POINT('',(2.2855E1,-1.205E0,3.47E0));
#1280=LINE('',#1279,#1278);
#1281=DIRECTION('',(0.E0,1.E0,0.E0));
#1282=VECTOR('',#1281,3.8E-1);
#1283=CARTESIAN_POINT('',(2.0675E1,-1.585E0,3.47E0));
#1284=LINE('',#1283,#1282);
#1285=DIRECTION('',(1.E0,0.E0,0.E0));
#1286=VECTOR('',#1285,1.78E0);
#1287=CARTESIAN_POINT('',(1.8895E1,-1.585E0,3.47E0));
#1288=LINE('',#1287,#1286);
#1289=DIRECTION('',(0.E0,1.E0,0.E0));
#1290=VECTOR('',#1289,3.8E-1);
#1291=CARTESIAN_POINT('',(1.8895E1,-1.585E0,3.47E0));
#1292=LINE('',#1291,#1290);
#1293=DIRECTION('',(-1.E0,0.E0,0.E0));
#1294=VECTOR('',#1293,2.18E0);
#1295=CARTESIAN_POINT('',(1.8895E1,-1.205E0,3.47E0));
#1296=LINE('',#1295,#1294);
#1297=DIRECTION('',(-1.869849304632E-14,1.E0,0.E0));
#1298=VECTOR('',#1297,3.8E-1);
#1299=CARTESIAN_POINT('',(1.6715E1,-1.585E0,3.47E0));
#1300=LINE('',#1299,#1298);
#1301=DIRECTION('',(1.E0,0.E0,0.E0));
#1302=VECTOR('',#1301,1.78E0);
#1303=CARTESIAN_POINT('',(1.4935E1,-1.585E0,3.47E0));
#1304=LINE('',#1303,#1302);
#1305=DIRECTION('',(0.E0,1.E0,0.E0));
#1306=VECTOR('',#1305,3.8E-1);
#1307=CARTESIAN_POINT('',(1.4935E1,-1.585E0,3.47E0));
#1308=LINE('',#1307,#1306);
#1309=DIRECTION('',(-1.E0,0.E0,0.E0));
#1310=VECTOR('',#1309,2.18E0);
#1311=CARTESIAN_POINT('',(1.4935E1,-1.205E0,3.47E0));
#1312=LINE('',#1311,#1310);
#1313=DIRECTION('',(0.E0,1.E0,0.E0));
#1314=VECTOR('',#1313,3.8E-1);
#1315=CARTESIAN_POINT('',(1.2755E1,-1.585E0,3.47E0));
#1316=LINE('',#1315,#1314);
#1317=DIRECTION('',(1.E0,0.E0,0.E0));
#1318=VECTOR('',#1317,1.78E0);
#1319=CARTESIAN_POINT('',(1.0975E1,-1.585E0,3.47E0));
#1320=LINE('',#1319,#1318);
#1321=DIRECTION('',(0.E0,1.E0,0.E0));
#1322=VECTOR('',#1321,3.8E-1);
#1323=CARTESIAN_POINT('',(1.0975E1,-1.585E0,3.47E0));
#1324=LINE('',#1323,#1322);
#1325=DIRECTION('',(-1.E0,0.E0,0.E0));
#1326=VECTOR('',#1325,2.18E0);
#1327=CARTESIAN_POINT('',(1.0975E1,-1.205E0,3.47E0));
#1328=LINE('',#1327,#1326);
#1329=DIRECTION('',(0.E0,1.E0,0.E0));
#1330=VECTOR('',#1329,3.8E-1);
#1331=CARTESIAN_POINT('',(8.795E0,-1.585E0,3.47E0));
#1332=LINE('',#1331,#1330);
#1333=DIRECTION('',(1.E0,0.E0,0.E0));
#1334=VECTOR('',#1333,1.78E0);
#1335=CARTESIAN_POINT('',(7.015E0,-1.585E0,3.47E0));
#1336=LINE('',#1335,#1334);
#1337=DIRECTION('',(0.E0,1.E0,0.E0));
#1338=VECTOR('',#1337,3.8E-1);
#1339=CARTESIAN_POINT('',(7.015E0,-1.585E0,3.47E0));
#1340=LINE('',#1339,#1338);
#1341=DIRECTION('',(-1.E0,0.E0,0.E0));
#1342=VECTOR('',#1341,2.18E0);
#1343=CARTESIAN_POINT('',(7.015E0,-1.205E0,3.47E0));
#1344=LINE('',#1343,#1342);
#1345=DIRECTION('',(0.E0,1.E0,0.E0));
#1346=VECTOR('',#1345,3.8E-1);
#1347=CARTESIAN_POINT('',(4.835E0,-1.585E0,3.47E0));
#1348=LINE('',#1347,#1346);
#1349=DIRECTION('',(1.E0,0.E0,0.E0));
#1350=VECTOR('',#1349,1.78E0);
#1351=CARTESIAN_POINT('',(3.055E0,-1.585E0,3.47E0));
#1352=LINE('',#1351,#1350);
#1353=DIRECTION('',(0.E0,1.E0,0.E0));
#1354=VECTOR('',#1353,3.8E-1);
#1355=CARTESIAN_POINT('',(3.055E0,-1.585E0,3.47E0));
#1356=LINE('',#1355,#1354);
#1357=DIRECTION('',(-1.E0,0.E0,0.E0));
#1358=VECTOR('',#1357,2.18E0);
#1359=CARTESIAN_POINT('',(3.055E0,-1.205E0,3.47E0));
#1360=LINE('',#1359,#1358);
#1361=DIRECTION('',(0.E0,1.E0,0.E0));
#1362=VECTOR('',#1361,3.8E-1);
#1363=CARTESIAN_POINT('',(8.75E-1,-1.585E0,3.47E0));
#1364=LINE('',#1363,#1362);
#1365=DIRECTION('',(1.E0,0.E0,0.E0));
#1366=VECTOR('',#1365,1.78E0);
#1367=CARTESIAN_POINT('',(-9.05E-1,-1.585E0,3.47E0));
#1368=LINE('',#1367,#1366);
#1369=DIRECTION('',(0.E0,1.E0,0.E0));
#1370=VECTOR('',#1369,3.8E-1);
#1371=CARTESIAN_POINT('',(-9.05E-1,-1.585E0,3.47E0));
#1372=LINE('',#1371,#1370);
#1373=DIRECTION('',(-1.E0,0.E0,0.E0));
#1374=VECTOR('',#1373,2.18E0);
#1375=CARTESIAN_POINT('',(-9.05E-1,-1.205E0,3.47E0));
#1376=LINE('',#1375,#1374);
#1377=DIRECTION('',(0.E0,1.E0,0.E0));
#1378=VECTOR('',#1377,3.8E-1);
#1379=CARTESIAN_POINT('',(-3.085E0,-1.585E0,3.47E0));
#1380=LINE('',#1379,#1378);
#1381=DIRECTION('',(1.E0,0.E0,0.E0));
#1382=VECTOR('',#1381,1.78E0);
#1383=CARTESIAN_POINT('',(-4.865E0,-1.585E0,3.47E0));
#1384=LINE('',#1383,#1382);
#1385=DIRECTION('',(0.E0,1.E0,0.E0));
#1386=VECTOR('',#1385,3.8E-1);
#1387=CARTESIAN_POINT('',(-4.865E0,-1.585E0,3.47E0));
#1388=LINE('',#1387,#1386);
#1389=DIRECTION('',(-1.E0,0.E0,0.E0));
#1390=VECTOR('',#1389,2.18E0);
#1391=CARTESIAN_POINT('',(-4.865E0,-1.205E0,3.47E0));
#1392=LINE('',#1391,#1390);
#1393=DIRECTION('',(0.E0,1.E0,0.E0));
#1394=VECTOR('',#1393,3.8E-1);
#1395=CARTESIAN_POINT('',(-7.045E0,-1.585E0,3.47E0));
#1396=LINE('',#1395,#1394);
#1397=DIRECTION('',(1.E0,0.E0,0.E0));
#1398=VECTOR('',#1397,1.78E0);
#1399=CARTESIAN_POINT('',(-8.825E0,-1.585E0,3.47E0));
#1400=LINE('',#1399,#1398);
#1401=DIRECTION('',(0.E0,1.E0,0.E0));
#1402=VECTOR('',#1401,3.8E-1);
#1403=CARTESIAN_POINT('',(-8.825E0,-1.585E0,3.47E0));
#1404=LINE('',#1403,#1402);
#1405=DIRECTION('',(-1.E0,0.E0,0.E0));
#1406=VECTOR('',#1405,2.18E0);
#1407=CARTESIAN_POINT('',(-8.825E0,-1.205E0,3.47E0));
#1408=LINE('',#1407,#1406);
#1409=DIRECTION('',(0.E0,1.E0,0.E0));
#1410=VECTOR('',#1409,3.8E-1);
#1411=CARTESIAN_POINT('',(-1.1005E1,-1.585E0,3.47E0));
#1412=LINE('',#1411,#1410);
#1413=DIRECTION('',(1.E0,0.E0,0.E0));
#1414=VECTOR('',#1413,1.78E0);
#1415=CARTESIAN_POINT('',(-1.2785E1,-1.585E0,3.47E0));
#1416=LINE('',#1415,#1414);
#1417=DIRECTION('',(0.E0,1.E0,0.E0));
#1418=VECTOR('',#1417,3.8E-1);
#1419=CARTESIAN_POINT('',(-1.2785E1,-1.585E0,3.47E0));
#1420=LINE('',#1419,#1418);
#1421=DIRECTION('',(-1.E0,0.E0,0.E0));
#1422=VECTOR('',#1421,2.18E0);
#1423=CARTESIAN_POINT('',(-1.2785E1,-1.205E0,3.47E0));
#1424=LINE('',#1423,#1422);
#1425=DIRECTION('',(0.E0,1.E0,0.E0));
#1426=VECTOR('',#1425,3.8E-1);
#1427=CARTESIAN_POINT('',(-1.4965E1,-1.585E0,3.47E0));
#1428=LINE('',#1427,#1426);
#1429=DIRECTION('',(1.E0,0.E0,0.E0));
#1430=VECTOR('',#1429,1.78E0);
#1431=CARTESIAN_POINT('',(-1.6745E1,-1.585E0,3.47E0));
#1432=LINE('',#1431,#1430);
#1433=DIRECTION('',(0.E0,1.E0,0.E0));
#1434=VECTOR('',#1433,3.8E-1);
#1435=CARTESIAN_POINT('',(-1.6745E1,-1.585E0,3.47E0));
#1436=LINE('',#1435,#1434);
#1437=DIRECTION('',(-1.E0,0.E0,0.E0));
#1438=VECTOR('',#1437,2.18E0);
#1439=CARTESIAN_POINT('',(-1.6745E1,-1.205E0,3.47E0));
#1440=LINE('',#1439,#1438);
#1441=DIRECTION('',(0.E0,1.E0,0.E0));
#1442=VECTOR('',#1441,3.8E-1);
#1443=CARTESIAN_POINT('',(-1.8925E1,-1.585E0,3.47E0));
#1444=LINE('',#1443,#1442);
#1445=DIRECTION('',(1.E0,0.E0,0.E0));
#1446=VECTOR('',#1445,1.78E0);
#1447=CARTESIAN_POINT('',(-2.0705E1,-1.585E0,3.47E0));
#1448=LINE('',#1447,#1446);
#1449=DIRECTION('',(0.E0,1.E0,0.E0));
#1450=VECTOR('',#1449,3.8E-1);
#1451=CARTESIAN_POINT('',(-2.0705E1,-1.585E0,3.47E0));
#1452=LINE('',#1451,#1450);
#1453=DIRECTION('',(-1.E0,0.E0,0.E0));
#1454=VECTOR('',#1453,2.18E0);
#1455=CARTESIAN_POINT('',(-2.0705E1,-1.205E0,3.47E0));
#1456=LINE('',#1455,#1454);
#1457=DIRECTION('',(0.E0,1.E0,0.E0));
#1458=VECTOR('',#1457,3.8E-1);
#1459=CARTESIAN_POINT('',(-2.2885E1,-1.585E0,3.47E0));
#1460=LINE('',#1459,#1458);
#1461=DIRECTION('',(1.E0,0.E0,0.E0));
#1462=VECTOR('',#1461,1.78E0);
#1463=CARTESIAN_POINT('',(-2.4665E1,-1.585E0,3.47E0));
#1464=LINE('',#1463,#1462);
#1465=DIRECTION('',(0.E0,1.E0,0.E0));
#1466=VECTOR('',#1465,3.8E-1);
#1467=CARTESIAN_POINT('',(-2.4665E1,-1.585E0,3.47E0));
#1468=LINE('',#1467,#1466);
#1469=DIRECTION('',(-1.E0,0.E0,0.E0));
#1470=VECTOR('',#1469,2.18E0);
#1471=CARTESIAN_POINT('',(-2.4665E1,-1.205E0,3.47E0));
#1472=LINE('',#1471,#1470);
#1473=DIRECTION('',(0.E0,1.E0,0.E0));
#1474=VECTOR('',#1473,3.8E-1);
#1475=CARTESIAN_POINT('',(-2.6845E1,-1.585E0,3.47E0));
#1476=LINE('',#1475,#1474);
#1477=DIRECTION('',(1.E0,0.E0,0.E0));
#1478=VECTOR('',#1477,8.9E-1);
#1479=CARTESIAN_POINT('',(-2.7735E1,-1.585E0,3.47E0));
#1480=LINE('',#1479,#1478);
#1481=DIRECTION('',(0.E0,-1.E0,0.E0));
#1482=VECTOR('',#1481,3.17E0);
#1483=CARTESIAN_POINT('',(-2.7735E1,1.585E0,3.47E0));
#1484=LINE('',#1483,#1482);
#1485=DIRECTION('',(-1.E0,0.E0,0.E0));
#1486=VECTOR('',#1485,8.9E-1);
#1487=CARTESIAN_POINT('',(-2.6845E1,1.585E0,3.47E0));
#1488=LINE('',#1487,#1486);
#1489=DIRECTION('',(0.E0,-1.E0,0.E0));
#1490=VECTOR('',#1489,3.8E-1);
#1491=CARTESIAN_POINT('',(-2.6845E1,1.585E0,3.47E0));
#1492=LINE('',#1491,#1490);
#1493=DIRECTION('',(1.E0,0.E0,0.E0));
#1494=VECTOR('',#1493,2.18E0);
#1495=CARTESIAN_POINT('',(-2.6845E1,1.205E0,3.47E0));
#1496=LINE('',#1495,#1494);
#1497=DIRECTION('',(0.E0,-1.E0,0.E0));
#1498=VECTOR('',#1497,3.8E-1);
#1499=CARTESIAN_POINT('',(-2.4665E1,1.585E0,3.47E0));
#1500=LINE('',#1499,#1498);
#1501=DIRECTION('',(-1.E0,0.E0,0.E0));
#1502=VECTOR('',#1501,1.78E0);
#1503=CARTESIAN_POINT('',(-2.2885E1,1.585E0,3.47E0));
#1504=LINE('',#1503,#1502);
#1505=DIRECTION('',(0.E0,-1.E0,0.E0));
#1506=VECTOR('',#1505,3.8E-1);
#1507=CARTESIAN_POINT('',(-2.2885E1,1.585E0,3.47E0));
#1508=LINE('',#1507,#1506);
#1509=DIRECTION('',(1.E0,0.E0,0.E0));
#1510=VECTOR('',#1509,2.18E0);
#1511=CARTESIAN_POINT('',(-2.2885E1,1.205E0,3.47E0));
#1512=LINE('',#1511,#1510);
#1513=DIRECTION('',(0.E0,-1.E0,0.E0));
#1514=VECTOR('',#1513,3.8E-1);
#1515=CARTESIAN_POINT('',(-2.0705E1,1.585E0,3.47E0));
#1516=LINE('',#1515,#1514);
#1517=DIRECTION('',(-1.E0,0.E0,0.E0));
#1518=VECTOR('',#1517,1.78E0);
#1519=CARTESIAN_POINT('',(-1.8925E1,1.585E0,3.47E0));
#1520=LINE('',#1519,#1518);
#1521=DIRECTION('',(0.E0,-1.E0,0.E0));
#1522=VECTOR('',#1521,3.8E-1);
#1523=CARTESIAN_POINT('',(-1.8925E1,1.585E0,3.47E0));
#1524=LINE('',#1523,#1522);
#1525=DIRECTION('',(1.E0,0.E0,0.E0));
#1526=VECTOR('',#1525,2.18E0);
#1527=CARTESIAN_POINT('',(-1.8925E1,1.205E0,3.47E0));
#1528=LINE('',#1527,#1526);
#1529=DIRECTION('',(0.E0,-1.E0,0.E0));
#1530=VECTOR('',#1529,3.8E-1);
#1531=CARTESIAN_POINT('',(-1.6745E1,1.585E0,3.47E0));
#1532=LINE('',#1531,#1530);
#1533=DIRECTION('',(-1.E0,0.E0,0.E0));
#1534=VECTOR('',#1533,1.78E0);
#1535=CARTESIAN_POINT('',(-1.4965E1,1.585E0,3.47E0));
#1536=LINE('',#1535,#1534);
#1537=DIRECTION('',(0.E0,-1.E0,0.E0));
#1538=VECTOR('',#1537,3.8E-1);
#1539=CARTESIAN_POINT('',(-1.4965E1,1.585E0,3.47E0));
#1540=LINE('',#1539,#1538);
#1541=DIRECTION('',(1.E0,0.E0,0.E0));
#1542=VECTOR('',#1541,2.18E0);
#1543=CARTESIAN_POINT('',(-1.4965E1,1.205E0,3.47E0));
#1544=LINE('',#1543,#1542);
#1545=DIRECTION('',(0.E0,-1.E0,0.E0));
#1546=VECTOR('',#1545,3.8E-1);
#1547=CARTESIAN_POINT('',(-1.2785E1,1.585E0,3.47E0));
#1548=LINE('',#1547,#1546);
#1549=DIRECTION('',(-1.E0,0.E0,0.E0));
#1550=VECTOR('',#1549,1.78E0);
#1551=CARTESIAN_POINT('',(-1.1005E1,1.585E0,3.47E0));
#1552=LINE('',#1551,#1550);
#1553=DIRECTION('',(0.E0,-1.E0,0.E0));
#1554=VECTOR('',#1553,3.8E-1);
#1555=CARTESIAN_POINT('',(-1.1005E1,1.585E0,3.47E0));
#1556=LINE('',#1555,#1554);
#1557=DIRECTION('',(1.E0,0.E0,0.E0));
#1558=VECTOR('',#1557,2.18E0);
#1559=CARTESIAN_POINT('',(-1.1005E1,1.205E0,3.47E0));
#1560=LINE('',#1559,#1558);
#1561=DIRECTION('',(0.E0,-1.E0,0.E0));
#1562=VECTOR('',#1561,3.8E-1);
#1563=CARTESIAN_POINT('',(-8.825E0,1.585E0,3.47E0));
#1564=LINE('',#1563,#1562);
#1565=DIRECTION('',(-1.E0,0.E0,0.E0));
#1566=VECTOR('',#1565,1.78E0);
#1567=CARTESIAN_POINT('',(-7.045E0,1.585E0,3.47E0));
#1568=LINE('',#1567,#1566);
#1569=DIRECTION('',(0.E0,-1.E0,0.E0));
#1570=VECTOR('',#1569,3.8E-1);
#1571=CARTESIAN_POINT('',(-7.045E0,1.585E0,3.47E0));
#1572=LINE('',#1571,#1570);
#1573=DIRECTION('',(1.E0,0.E0,0.E0));
#1574=VECTOR('',#1573,2.18E0);
#1575=CARTESIAN_POINT('',(-7.045E0,1.205E0,3.47E0));
#1576=LINE('',#1575,#1574);
#1577=DIRECTION('',(0.E0,-1.E0,0.E0));
#1578=VECTOR('',#1577,3.8E-1);
#1579=CARTESIAN_POINT('',(-4.865E0,1.585E0,3.47E0));
#1580=LINE('',#1579,#1578);
#1581=DIRECTION('',(-1.E0,0.E0,0.E0));
#1582=VECTOR('',#1581,1.78E0);
#1583=CARTESIAN_POINT('',(-3.085E0,1.585E0,3.47E0));
#1584=LINE('',#1583,#1582);
#1585=DIRECTION('',(0.E0,-1.E0,0.E0));
#1586=VECTOR('',#1585,3.8E-1);
#1587=CARTESIAN_POINT('',(-3.085E0,1.585E0,3.47E0));
#1588=LINE('',#1587,#1586);
#1589=DIRECTION('',(1.E0,0.E0,0.E0));
#1590=VECTOR('',#1589,2.18E0);
#1591=CARTESIAN_POINT('',(-3.085E0,1.205E0,3.47E0));
#1592=LINE('',#1591,#1590);
#1593=DIRECTION('',(0.E0,-1.E0,0.E0));
#1594=VECTOR('',#1593,3.8E-1);
#1595=CARTESIAN_POINT('',(-9.05E-1,1.585E0,3.47E0));
#1596=LINE('',#1595,#1594);
#1597=DIRECTION('',(-1.E0,0.E0,0.E0));
#1598=VECTOR('',#1597,1.78E0);
#1599=CARTESIAN_POINT('',(8.75E-1,1.585E0,3.47E0));
#1600=LINE('',#1599,#1598);
#1601=DIRECTION('',(0.E0,-1.E0,0.E0));
#1602=VECTOR('',#1601,3.8E-1);
#1603=CARTESIAN_POINT('',(8.75E-1,1.585E0,3.47E0));
#1604=LINE('',#1603,#1602);
#1605=DIRECTION('',(1.E0,0.E0,0.E0));
#1606=VECTOR('',#1605,2.18E0);
#1607=CARTESIAN_POINT('',(8.75E-1,1.205E0,3.47E0));
#1608=LINE('',#1607,#1606);
#1609=DIRECTION('',(0.E0,-1.E0,0.E0));
#1610=VECTOR('',#1609,3.8E-1);
#1611=CARTESIAN_POINT('',(3.055E0,1.585E0,3.47E0));
#1612=LINE('',#1611,#1610);
#1613=DIRECTION('',(-1.E0,0.E0,0.E0));
#1614=VECTOR('',#1613,1.78E0);
#1615=CARTESIAN_POINT('',(4.835E0,1.585E0,3.47E0));
#1616=LINE('',#1615,#1614);
#1617=DIRECTION('',(0.E0,-1.E0,0.E0));
#1618=VECTOR('',#1617,3.8E-1);
#1619=CARTESIAN_POINT('',(4.835E0,1.585E0,3.47E0));
#1620=LINE('',#1619,#1618);
#1621=DIRECTION('',(1.E0,0.E0,0.E0));
#1622=VECTOR('',#1621,2.18E0);
#1623=CARTESIAN_POINT('',(4.835E0,1.205E0,3.47E0));
#1624=LINE('',#1623,#1622);
#1625=DIRECTION('',(0.E0,-1.E0,0.E0));
#1626=VECTOR('',#1625,3.8E-1);
#1627=CARTESIAN_POINT('',(7.015E0,1.585E0,3.47E0));
#1628=LINE('',#1627,#1626);
#1629=DIRECTION('',(-1.E0,0.E0,0.E0));
#1630=VECTOR('',#1629,1.78E0);
#1631=CARTESIAN_POINT('',(8.795E0,1.585E0,3.47E0));
#1632=LINE('',#1631,#1630);
#1633=DIRECTION('',(0.E0,-1.E0,0.E0));
#1634=VECTOR('',#1633,3.8E-1);
#1635=CARTESIAN_POINT('',(8.795E0,1.585E0,3.47E0));
#1636=LINE('',#1635,#1634);
#1637=DIRECTION('',(1.E0,0.E0,0.E0));
#1638=VECTOR('',#1637,2.18E0);
#1639=CARTESIAN_POINT('',(8.795E0,1.205E0,3.47E0));
#1640=LINE('',#1639,#1638);
#1641=DIRECTION('',(0.E0,-1.E0,0.E0));
#1642=VECTOR('',#1641,3.8E-1);
#1643=CARTESIAN_POINT('',(1.0975E1,1.585E0,3.47E0));
#1644=LINE('',#1643,#1642);
#1645=DIRECTION('',(-1.E0,0.E0,0.E0));
#1646=VECTOR('',#1645,1.78E0);
#1647=CARTESIAN_POINT('',(1.2755E1,1.585E0,3.47E0));
#1648=LINE('',#1647,#1646);
#1649=DIRECTION('',(0.E0,-1.E0,0.E0));
#1650=VECTOR('',#1649,3.8E-1);
#1651=CARTESIAN_POINT('',(1.2755E1,1.585E0,3.47E0));
#1652=LINE('',#1651,#1650);
#1653=DIRECTION('',(1.E0,0.E0,0.E0));
#1654=VECTOR('',#1653,2.18E0);
#1655=CARTESIAN_POINT('',(1.2755E1,1.205E0,3.47E0));
#1656=LINE('',#1655,#1654);
#1657=DIRECTION('',(0.E0,-1.E0,0.E0));
#1658=VECTOR('',#1657,3.8E-1);
#1659=CARTESIAN_POINT('',(1.4935E1,1.585E0,3.47E0));
#1660=LINE('',#1659,#1658);
#1661=DIRECTION('',(-1.E0,0.E0,0.E0));
#1662=VECTOR('',#1661,1.78E0);
#1663=CARTESIAN_POINT('',(1.6715E1,1.585E0,3.47E0));
#1664=LINE('',#1663,#1662);
#1665=DIRECTION('',(0.E0,-1.E0,0.E0));
#1666=VECTOR('',#1665,3.8E-1);
#1667=CARTESIAN_POINT('',(1.6715E1,1.585E0,3.47E0));
#1668=LINE('',#1667,#1666);
#1669=DIRECTION('',(1.E0,0.E0,0.E0));
#1670=VECTOR('',#1669,2.18E0);
#1671=CARTESIAN_POINT('',(1.6715E1,1.205E0,3.47E0));
#1672=LINE('',#1671,#1670);
#1673=DIRECTION('',(0.E0,-1.E0,0.E0));
#1674=VECTOR('',#1673,3.8E-1);
#1675=CARTESIAN_POINT('',(1.8895E1,1.585E0,3.47E0));
#1676=LINE('',#1675,#1674);
#1677=DIRECTION('',(-1.E0,0.E0,0.E0));
#1678=VECTOR('',#1677,1.78E0);
#1679=CARTESIAN_POINT('',(2.0675E1,1.585E0,3.47E0));
#1680=LINE('',#1679,#1678);
#1681=DIRECTION('',(-2.804773956948E-14,-1.E0,0.E0));
#1682=VECTOR('',#1681,3.8E-1);
#1683=CARTESIAN_POINT('',(2.0675E1,1.585E0,3.47E0));
#1684=LINE('',#1683,#1682);
#1685=DIRECTION('',(1.E0,0.E0,0.E0));
#1686=VECTOR('',#1685,2.18E0);
#1687=CARTESIAN_POINT('',(2.0675E1,1.205E0,3.47E0));
#1688=LINE('',#1687,#1686);
#1689=DIRECTION('',(0.E0,-1.E0,0.E0));
#1690=VECTOR('',#1689,3.8E-1);
#1691=CARTESIAN_POINT('',(2.2855E1,1.585E0,3.47E0));
#1692=LINE('',#1691,#1690);
#1693=DIRECTION('',(-1.E0,0.E0,0.E0));
#1694=VECTOR('',#1693,1.78E0);
#1695=CARTESIAN_POINT('',(2.4635E1,1.585E0,3.47E0));
#1696=LINE('',#1695,#1694);
#1697=DIRECTION('',(0.E0,-1.E0,0.E0));
#1698=VECTOR('',#1697,3.8E-1);
#1699=CARTESIAN_POINT('',(2.4635E1,1.585E0,-2.45E0));
#1700=LINE('',#1699,#1698);
#1701=CARTESIAN_POINT('',(2.5725E1,1.205E0,0.E0));
#1702=DIRECTION('',(0.E0,1.E0,0.E0));
#1703=DIRECTION('',(1.E0,0.E0,0.E0));
#1704=AXIS2_PLACEMENT_3D('',#1701,#1702,#1703);
#1706=CARTESIAN_POINT('',(2.5725E1,1.205E0,0.E0));
#1707=DIRECTION('',(0.E0,1.E0,0.E0));
#1708=DIRECTION('',(-1.E0,0.E0,0.E0));
#1709=AXIS2_PLACEMENT_3D('',#1706,#1707,#1708);
#1711=DIRECTION('',(1.E0,0.E0,0.E0));
#1712=VECTOR('',#1711,2.18E0);
#1713=CARTESIAN_POINT('',(2.4635E1,1.205E0,-2.45E0));
#1714=LINE('',#1713,#1712);
#1715=DIRECTION('',(0.E0,0.E0,-1.E0));
#1716=VECTOR('',#1715,5.92E0);
#1717=CARTESIAN_POINT('',(2.4635E1,1.205E0,3.47E0));
#1718=LINE('',#1717,#1716);
#1719=CARTESIAN_POINT('',(2.5725E1,-5.145E0,0.E0));
#1720=DIRECTION('',(0.E0,1.E0,0.E0));
#1721=DIRECTION('',(1.E0,0.E0,0.E0));
#1722=AXIS2_PLACEMENT_3D('',#1719,#1720,#1721);
#1724=DIRECTION('',(0.E0,1.E0,0.E0));
#1725=VECTOR('',#1724,1.092E1);
#1726=CARTESIAN_POINT('',(2.5155E1,1.205E0,0.E0));
#1727=LINE('',#1726,#1725);
#1728=DIRECTION('',(0.E0,1.E0,0.E0));
#1729=VECTOR('',#1728,1.092E1);
#1730=CARTESIAN_POINT('',(2.6295E1,1.205E0,0.E0));
#1731=LINE('',#1730,#1729);
#1732=DIRECTION('',(0.E0,1.E0,0.E0));
#1733=VECTOR('',#1732,3.94E0);
#1734=CARTESIAN_POINT('',(2.6295E1,-5.145E0,0.E0));
#1735=LINE('',#1734,#1733);
#1736=CARTESIAN_POINT('',(2.5725E1,-5.145E0,0.E0));
#1737=DIRECTION('',(0.E0,-1.E0,0.E0));
#1738=DIRECTION('',(1.E0,0.E0,0.E0));
#1739=AXIS2_PLACEMENT_3D('',#1736,#1737,#1738);
#1741=DIRECTION('',(0.E0,1.E0,0.E0));
#1742=VECTOR('',#1741,3.94E0);
#1743=CARTESIAN_POINT('',(2.5155E1,-5.145E0,0.E0));
#1744=LINE('',#1743,#1742);
#1745=DIRECTION('',(-3.568681169914E-1,9.341547768304E-1,0.E0));
#1746=VECTOR('',#1745,9.527329111561E-1);
#1747=CARTESIAN_POINT('',(2.6295E1,1.2125E1,0.E0));
#1748=LINE('',#1747,#1746);
#1749=CARTESIAN_POINT('',(2.5725E1,1.2125E1,0.E0));
#1750=DIRECTION('',(0.E0,-1.E0,0.E0));
#1751=DIRECTION('',(1.E0,0.E0,0.E0));
#1752=AXIS2_PLACEMENT_3D('',#1749,#1750,#1751);
#1754=DIRECTION('',(3.568681169914E-1,9.341547768304E-1,0.E0));
#1755=VECTOR('',#1754,9.527329111561E-1);
#1756=CARTESIAN_POINT('',(2.5155E1,1.2125E1,0.E0));
#1757=LINE('',#1756,#1755);
#1758=CARTESIAN_POINT('',(2.5725E1,1.2125E1,0.E0));
#1759=DIRECTION('',(0.E0,1.E0,0.E0));
#1760=DIRECTION('',(1.E0,0.E0,0.E0));
#1761=AXIS2_PLACEMENT_3D('',#1758,#1759,#1760);
#1763=CARTESIAN_POINT('',(2.5725E1,1.3015E1,0.E0));
#1764=DIRECTION('',(0.E0,-1.E0,0.E0));
#1765=DIRECTION('',(1.E0,0.E0,0.E0));
#1766=AXIS2_PLACEMENT_3D('',#1763,#1764,#1765);
#1768=CARTESIAN_POINT('',(2.5725E1,1.3015E1,0.E0));
#1769=DIRECTION('',(0.E0,1.E0,0.E0));
#1770=DIRECTION('',(1.E0,0.E0,0.E0));
#1771=AXIS2_PLACEMENT_3D('',#1768,#1769,#1770);
#1773=DIRECTION('',(0.E0,0.E0,-1.E0));
#1774=VECTOR('',#1773,6.9E0);
#1775=CARTESIAN_POINT('',(2.6815E1,-1.205E0,3.47E0));
#1776=LINE('',#1775,#1774);
#1777=CARTESIAN_POINT('',(2.5725E1,-1.205E0,0.E0));
#1778=DIRECTION('',(0.E0,1.E0,0.E0));
#1779=DIRECTION('',(1.E0,0.E0,0.E0));
#1780=AXIS2_PLACEMENT_3D('',#1777,#1778,#1779);
#1782=CARTESIAN_POINT('',(2.5725E1,-1.205E0,0.E0));
#1783=DIRECTION('',(0.E0,1.E0,0.E0));
#1784=DIRECTION('',(-1.E0,0.E0,0.E0));
#1785=AXIS2_PLACEMENT_3D('',#1782,#1783,#1784);
#1787=DIRECTION('',(0.E0,0.E0,-1.E0));
#1788=VECTOR('',#1787,6.9E0);
#1789=CARTESIAN_POINT('',(2.4635E1,-1.205E0,3.47E0));
#1790=LINE('',#1789,#1788);
#1791=DIRECTION('',(3.568681169914E-1,9.341547768304E-1,0.E0));
#1792=VECTOR('',#1791,9.527329111561E-1);
#1793=CARTESIAN_POINT('',(2.5955E1,-6.035E0,0.E0));
#1794=LINE('',#1793,#1792);
#1795=CARTESIAN_POINT('',(2.5725E1,-6.035E0,0.E0));
#1796=DIRECTION('',(0.E0,-1.E0,0.E0));
#1797=DIRECTION('',(1.E0,0.E0,0.E0));
#1798=AXIS2_PLACEMENT_3D('',#1795,#1796,#1797);
#1800=DIRECTION('',(-3.568681169914E-1,9.341547768304E-1,0.E0));
#1801=VECTOR('',#1800,9.527329111561E-1);
#1802=CARTESIAN_POINT('',(2.5495E1,-6.035E0,0.E0));
#1803=LINE('',#1802,#1801);
#1804=CARTESIAN_POINT('',(2.5725E1,-6.035E0,0.E0));
#1805=DIRECTION('',(0.E0,1.E0,0.E0));
#1806=DIRECTION('',(1.E0,0.E0,0.E0));
#1807=AXIS2_PLACEMENT_3D('',#1804,#1805,#1806);
#1809=DIRECTION('',(1.869849304632E-14,1.E0,0.E0));
#1810=VECTOR('',#1809,3.8E-1);
#1811=CARTESIAN_POINT('',(2.6815E1,1.205E0,-2.45E0));
#1812=LINE('',#1811,#1810);
#1813=DIRECTION('',(0.E0,0.E0,-1.E0));
#1814=VECTOR('',#1813,5.92E0);
#1815=CARTESIAN_POINT('',(2.6815E1,1.205E0,3.47E0));
#1816=LINE('',#1815,#1814);
#1817=DIRECTION('',(0.E0,0.E0,-1.E0));
#1818=VECTOR('',#1817,6.9E0);
#1819=CARTESIAN_POINT('',(2.2855E1,-1.205E0,3.47E0));
#1820=LINE('',#1819,#1818);
#1821=CARTESIAN_POINT('',(2.1765E1,-1.205E0,0.E0));
#1822=DIRECTION('',(0.E0,1.E0,0.E0));
#1823=DIRECTION('',(1.E0,0.E0,0.E0));
#1824=AXIS2_PLACEMENT_3D('',#1821,#1822,#1823);
#1826=CARTESIAN_POINT('',(2.1765E1,-1.205E0,0.E0));
#1827=DIRECTION('',(0.E0,1.E0,0.E0));
#1828=DIRECTION('',(-1.E0,0.E0,0.E0));
#1829=AXIS2_PLACEMENT_3D('',#1826,#1827,#1828);
#1831=DIRECTION('',(0.E0,0.E0,-1.E0));
#1832=VECTOR('',#1831,6.9E0);
#1833=CARTESIAN_POINT('',(2.0675E1,-1.205E0,3.47E0));
#1834=LINE('',#1833,#1832);
#1835=CARTESIAN_POINT('',(2.1765E1,-5.145E0,0.E0));
#1836=DIRECTION('',(0.E0,1.E0,0.E0));
#1837=DIRECTION('',(1.E0,0.E0,0.E0));
#1838=AXIS2_PLACEMENT_3D('',#1835,#1836,#1837);
#1840=CARTESIAN_POINT('',(2.1765E1,1.205E0,0.E0));
#1841=DIRECTION('',(0.E0,1.E0,0.E0));
#1842=DIRECTION('',(1.E0,0.E0,0.E0));
#1843=AXIS2_PLACEMENT_3D('',#1840,#1841,#1842);
#1845=CARTESIAN_POINT('',(2.1765E1,1.205E0,0.E0));
#1846=DIRECTION('',(0.E0,1.E0,0.E0));
#1847=DIRECTION('',(-1.E0,0.E0,0.E0));
#1848=AXIS2_PLACEMENT_3D('',#1845,#1846,#1847);
#1850=DIRECTION('',(1.E0,0.E0,0.E0));
#1851=VECTOR('',#1850,2.18E0);
#1852=CARTESIAN_POINT('',(2.0675E1,1.205E0,-2.45E0));
#1853=LINE('',#1852,#1851);
#1854=DIRECTION('',(0.E0,0.E0,-1.E0));
#1855=VECTOR('',#1854,5.92E0);
#1856=CARTESIAN_POINT('',(2.0675E1,1.205E0,3.47E0));
#1857=LINE('',#1856,#1855);
#1858=DIRECTION('',(0.E0,1.E0,0.E0));
#1859=VECTOR('',#1858,1.092E1);
#1860=CARTESIAN_POINT('',(2.1195E1,1.205E0,0.E0));
#1861=LINE('',#1860,#1859);
#1862=DIRECTION('',(0.E0,1.E0,0.E0));
#1863=VECTOR('',#1862,1.092E1);
#1864=CARTESIAN_POINT('',(2.2335E1,1.205E0,0.E0));
#1865=LINE('',#1864,#1863);
#1866=DIRECTION('',(0.E0,1.E0,0.E0));
#1867=VECTOR('',#1866,3.94E0);
#1868=CARTESIAN_POINT('',(2.2335E1,-5.145E0,0.E0));
#1869=LINE('',#1868,#1867);
#1870=CARTESIAN_POINT('',(2.1765E1,-5.145E0,0.E0));
#1871=DIRECTION('',(0.E0,-1.E0,0.E0));
#1872=DIRECTION('',(1.E0,0.E0,0.E0));
#1873=AXIS2_PLACEMENT_3D('',#1870,#1871,#1872);
#1875=DIRECTION('',(0.E0,1.E0,0.E0));
#1876=VECTOR('',#1875,3.94E0);
#1877=CARTESIAN_POINT('',(2.1195E1,-5.145E0,0.E0));
#1878=LINE('',#1877,#1876);
#1879=DIRECTION('',(-3.568681169914E-1,9.341547768304E-1,0.E0));
#1880=VECTOR('',#1879,9.527329111561E-1);
#1881=CARTESIAN_POINT('',(2.2335E1,1.2125E1,0.E0));
#1882=LINE('',#1881,#1880);
#1883=CARTESIAN_POINT('',(2.1765E1,1.2125E1,0.E0));
#1884=DIRECTION('',(0.E0,-1.E0,0.E0));
#1885=DIRECTION('',(1.E0,0.E0,0.E0));
#1886=AXIS2_PLACEMENT_3D('',#1883,#1884,#1885);
#1888=DIRECTION('',(3.568681169914E-1,9.341547768304E-1,0.E0));
#1889=VECTOR('',#1888,9.527329111561E-1);
#1890=CARTESIAN_POINT('',(2.1195E1,1.2125E1,0.E0));
#1891=LINE('',#1890,#1889);
#1892=CARTESIAN_POINT('',(2.1765E1,1.2125E1,0.E0));
#1893=DIRECTION('',(0.E0,1.E0,0.E0));
#1894=DIRECTION('',(1.E0,0.E0,0.E0));
#1895=AXIS2_PLACEMENT_3D('',#1892,#1893,#1894);
#1897=CARTESIAN_POINT('',(2.1765E1,1.3015E1,0.E0));
#1898=DIRECTION('',(0.E0,-1.E0,0.E0));
#1899=DIRECTION('',(1.E0,0.E0,0.E0));
#1900=AXIS2_PLACEMENT_3D('',#1897,#1898,#1899);
#1902=CARTESIAN_POINT('',(2.1765E1,1.3015E1,0.E0));
#1903=DIRECTION('',(0.E0,1.E0,0.E0));
#1904=DIRECTION('',(1.E0,0.E0,0.E0));
#1905=AXIS2_PLACEMENT_3D('',#1902,#1903,#1904);
#1907=DIRECTION('',(3.568681169914E-1,9.341547768304E-1,0.E0));
#1908=VECTOR('',#1907,9.527329111561E-1);
#1909=CARTESIAN_POINT('',(2.1995E1,-6.035E0,0.E0));
#1910=LINE('',#1909,#1908);
#1911=CARTESIAN_POINT('',(2.1765E1,-6.035E0,0.E0));
#1912=DIRECTION('',(0.E0,-1.E0,0.E0));
#1913=DIRECTION('',(1.E0,0.E0,0.E0));
#1914=AXIS2_PLACEMENT_3D('',#1911,#1912,#1913);
#1916=DIRECTION('',(-3.568681169914E-1,9.341547768304E-1,0.E0));
#1917=VECTOR('',#1916,9.527329111561E-1);
#1918=CARTESIAN_POINT('',(2.1535E1,-6.035E0,0.E0));
#1919=LINE('',#1918,#1917);
#1920=CARTESIAN_POINT('',(2.1765E1,-6.035E0,0.E0));
#1921=DIRECTION('',(0.E0,1.E0,0.E0));
#1922=DIRECTION('',(1.E0,0.E0,0.E0));
#1923=AXIS2_PLACEMENT_3D('',#1920,#1921,#1922);
#1925=DIRECTION('',(0.E0,1.E0,0.E0));
#1926=VECTOR('',#1925,3.8E-1);
#1927=CARTESIAN_POINT('',(2.2855E1,1.205E0,-2.45E0));
#1928=LINE('',#1927,#1926);
#1929=DIRECTION('',(0.E0,0.E0,-1.E0));
#1930=VECTOR('',#1929,5.92E0);
#1931=CARTESIAN_POINT('',(2.2855E1,1.205E0,3.47E0));
#1932=LINE('',#1931,#1930);
#1933=DIRECTION('',(-2.804773956948E-14,-1.E0,0.E0));
#1934=VECTOR('',#1933,3.8E-1);
#1935=CARTESIAN_POINT('',(2.0675E1,1.585E0,-2.45E0));
#1936=LINE('',#1935,#1934);
#1937=DIRECTION('',(0.E0,0.E0,-1.E0));
#1938=VECTOR('',#1937,6.9E0);
#1939=CARTESIAN_POINT('',(1.8895E1,-1.205E0,3.47E0));
#1940=LINE('',#1939,#1938);
#1941=CARTESIAN_POINT('',(1.7805E1,-1.205E0,0.E0));
#1942=DIRECTION('',(0.E0,1.E0,0.E0));
#1943=DIRECTION('',(1.E0,0.E0,0.E0));
#1944=AXIS2_PLACEMENT_3D('',#1941,#1942,#1943);
#1946=CARTESIAN_POINT('',(1.7805E1,-1.205E0,0.E0));
#1947=DIRECTION('',(0.E0,1.E0,0.E0));
#1948=DIRECTION('',(-1.E0,0.E0,0.E0));
#1949=AXIS2_PLACEMENT_3D('',#1946,#1947,#1948);
#1951=DIRECTION('',(0.E0,0.E0,-1.E0));
#1952=VECTOR('',#1951,6.9E0);
#1953=CARTESIAN_POINT('',(1.6715E1,-1.205E0,3.47E0));
#1954=LINE('',#1953,#1952);
#1955=CARTESIAN_POINT('',(1.7805E1,-5.145E0,0.E0));
#1956=DIRECTION('',(0.E0,1.E0,0.E0));
#1957=DIRECTION('',(1.E0,0.E0,0.E0));
#1958=AXIS2_PLACEMENT_3D('',#1955,#1956,#1957);
#1960=CARTESIAN_POINT('',(1.7805E1,1.205E0,0.E0));
#1961=DIRECTION('',(0.E0,1.E0,0.E0));
#1962=DIRECTION('',(1.E0,0.E0,0.E0));
#1963=AXIS2_PLACEMENT_3D('',#1960,#1961,#1962);
#1965=CARTESIAN_POINT('',(1.7805E1,1.205E0,0.E0));
#1966=DIRECTION('',(0.E0,1.E0,0.E0));
#1967=DIRECTION('',(-1.E0,0.E0,0.E0));
#1968=AXIS2_PLACEMENT_3D('',#1965,#1966,#1967);
#1970=DIRECTION('',(1.E0,0.E0,0.E0));
#1971=VECTOR('',#1970,2.18E0);
#1972=CARTESIAN_POINT('',(1.6715E1,1.205E0,-2.45E0));
#1973=LINE('',#1972,#1971);
#1974=DIRECTION('',(0.E0,0.E0,-1.E0));
#1975=VECTOR('',#1974,5.92E0);
#1976=CARTESIAN_POINT('',(1.6715E1,1.205E0,3.47E0));
#1977=LINE('',#1976,#1975);
#1978=DIRECTION('',(0.E0,1.E0,0.E0));
#1979=VECTOR('',#1978,1.092E1);
#1980=CARTESIAN_POINT('',(1.7235E1,1.205E0,0.E0));
#1981=LINE('',#1980,#1979);
#1982=DIRECTION('',(0.E0,1.E0,0.E0));
#1983=VECTOR('',#1982,1.092E1);
#1984=CARTESIAN_POINT('',(1.8375E1,1.205E0,0.E0));
#1985=LINE('',#1984,#1983);
#1986=DIRECTION('',(0.E0,1.E0,0.E0));
#1987=VECTOR('',#1986,3.94E0);
#1988=CARTESIAN_POINT('',(1.8375E1,-5.145E0,0.E0));
#1989=LINE('',#1988,#1987);
#1990=CARTESIAN_POINT('',(1.7805E1,-5.145E0,0.E0));
#1991=DIRECTION('',(0.E0,-1.E0,0.E0));
#1992=DIRECTION('',(1.E0,0.E0,0.E0));
#1993=AXIS2_PLACEMENT_3D('',#1990,#1991,#1992);
#1995=DIRECTION('',(0.E0,1.E0,0.E0));
#1996=VECTOR('',#1995,3.94E0);
#1997=CARTESIAN_POINT('',(1.7235E1,-5.145E0,0.E0));
#1998=LINE('',#1997,#1996);
#1999=DIRECTION('',(-3.568681169914E-1,9.341547768304E-1,0.E0));
#2000=VECTOR('',#1999,9.527329111561E-1);
#2001=CARTESIAN_POINT('',(1.8375E1,1.2125E1,0.E0));
#2002=LINE('',#2001,#2000);
#2003=CARTESIAN_POINT('',(1.7805E1,1.2125E1,0.E0));
#2004=DIRECTION('',(0.E0,-1.E0,0.E0));
#2005=DIRECTION('',(1.E0,0.E0,0.E0));
#2006=AXIS2_PLACEMENT_3D('',#2003,#2004,#2005);
#2008=DIRECTION('',(3.568681169914E-1,9.341547768304E-1,0.E0));
#2009=VECTOR('',#2008,9.527329111561E-1);
#2010=CARTESIAN_POINT('',(1.7235E1,1.2125E1,0.E0));
#2011=LINE('',#2010,#2009);
#2012=CARTESIAN_POINT('',(1.7805E1,1.2125E1,0.E0));
#2013=DIRECTION('',(0.E0,1.E0,0.E0));
#2014=DIRECTION('',(1.E0,0.E0,0.E0));
#2015=AXIS2_PLACEMENT_3D('',#2012,#2013,#2014);
#2017=CARTESIAN_POINT('',(1.7805E1,1.3015E1,0.E0));
#2018=DIRECTION('',(0.E0,-1.E0,0.E0));
#2019=DIRECTION('',(1.E0,0.E0,0.E0));
#2020=AXIS2_PLACEMENT_3D('',#2017,#2018,#2019);
#2022=CARTESIAN_POINT('',(1.7805E1,1.3015E1,0.E0));
#2023=DIRECTION('',(0.E0,1.E0,0.E0));
#2024=DIRECTION('',(1.E0,0.E0,0.E0));
#2025=AXIS2_PLACEMENT_3D('',#2022,#2023,#2024);
#2027=DIRECTION('',(3.568681169914E-1,9.341547768304E-1,0.E0));
#2028=VECTOR('',#2027,9.527329111561E-1);
#2029=CARTESIAN_POINT('',(1.8035E1,-6.035E0,0.E0));
#2030=LINE('',#2029,#2028);
#2031=CARTESIAN_POINT('',(1.7805E1,-6.035E0,0.E0));
#2032=DIRECTION('',(0.E0,-1.E0,0.E0));
#2033=DIRECTION('',(1.E0,0.E0,0.E0));
#2034=AXIS2_PLACEMENT_3D('',#2031,#2032,#2033);
#2036=DIRECTION('',(-3.568681169914E-1,9.341547768304E-1,0.E0));
#2037=VECTOR('',#2036,9.527329111561E-1);
#2038=CARTESIAN_POINT('',(1.7575E1,-6.035E0,0.E0));
#2039=LINE('',#2038,#2037);
#2040=CARTESIAN_POINT('',(1.7805E1,-6.035E0,0.E0));
#2041=DIRECTION('',(0.E0,1.E0,0.E0));
#2042=DIRECTION('',(1.E0,0.E0,0.E0));
#2043=AXIS2_PLACEMENT_3D('',#2040,#2041,#2042);
#2045=DIRECTION('',(0.E0,1.E0,0.E0));
#2046=VECTOR('',#2045,3.8E-1);
#2047=CARTESIAN_POINT('',(1.8895E1,1.205E0,-2.45E0));
#2048=LINE('',#2047,#2046);
#2049=DIRECTION('',(0.E0,0.E0,-1.E0));
#2050=VECTOR('',#2049,5.92E0);
#2051=CARTESIAN_POINT('',(1.8895E1,1.205E0,3.47E0));
#2052=LINE('',#2051,#2050);
#2053=DIRECTION('',(0.E0,-1.E0,0.E0));
#2054=VECTOR('',#2053,3.8E-1);
#2055=CARTESIAN_POINT('',(1.6715E1,1.585E0,-2.45E0));
#2056=LINE('',#2055,#2054);
#2057=DIRECTION('',(0.E0,0.E0,-1.E0));
#2058=VECTOR('',#2057,6.9E0);
#2059=CARTESIAN_POINT('',(1.4935E1,-1.205E0,3.47E0));
#2060=LINE('',#2059,#2058);
#2061=CARTESIAN_POINT('',(1.3845E1,-1.205E0,0.E0));
#2062=DIRECTION('',(0.E0,1.E0,0.E0));
#2063=DIRECTION('',(1.E0,0.E0,0.E0));
#2064=AXIS2_PLACEMENT_3D('',#2061,#2062,#2063);
#2066=CARTESIAN_POINT('',(1.3845E1,-1.205E0,0.E0));
#2067=DIRECTION('',(0.E0,1.E0,0.E0));
#2068=DIRECTION('',(-1.E0,0.E0,0.E0));
#2069=AXIS2_PLACEMENT_3D('',#2066,#2067,#2068);
#2071=DIRECTION('',(0.E0,0.E0,-1.E0));
#2072=VECTOR('',#2071,6.9E0);
#2073=CARTESIAN_POINT('',(1.2755E1,-1.205E0,3.47E0));
#2074=LINE('',#2073,#2072);
#2075=CARTESIAN_POINT('',(1.3845E1,-5.145E0,0.E0));
#2076=DIRECTION('',(0.E0,1.E0,0.E0));
#2077=DIRECTION('',(1.E0,0.E0,0.E0));
#2078=AXIS2_PLACEMENT_3D('',#2075,#2076,#2077);
#2080=CARTESIAN_POINT('',(1.3845E1,1.205E0,0.E0));
#2081=DIRECTION('',(0.E0,1.E0,0.E0));
#2082=DIRECTION('',(1.E0,0.E0,0.E0));
#2083=AXIS2_PLACEMENT_3D('',#2080,#2081,#2082);
#2085=CARTESIAN_POINT('',(1.3845E1,1.205E0,0.E0));
#2086=DIRECTION('',(0.E0,1.E0,0.E0));
#2087=DIRECTION('',(-1.E0,0.E0,0.E0));
#2088=AXIS2_PLACEMENT_3D('',#2085,#2086,#2087);
#2090=DIRECTION('',(1.E0,0.E0,0.E0));
#2091=VECTOR('',#2090,2.18E0);
#2092=CARTESIAN_POINT('',(1.2755E1,1.205E0,-2.45E0));
#2093=LINE('',#2092,#2091);
#2094=DIRECTION('',(0.E0,0.E0,-1.E0));
#2095=VECTOR('',#2094,5.92E0);
#2096=CARTESIAN_POINT('',(1.2755E1,1.205E0,3.47E0));
#2097=LINE('',#2096,#2095);
#2098=DIRECTION('',(0.E0,1.E0,0.E0));
#2099=VECTOR('',#2098,1.092E1);
#2100=CARTESIAN_POINT('',(1.3275E1,1.205E0,0.E0));
#2101=LINE('',#2100,#2099);
#2102=DIRECTION('',(0.E0,1.E0,0.E0));
#2103=VECTOR('',#2102,1.092E1);
#2104=CARTESIAN_POINT('',(1.4415E1,1.205E0,0.E0));
#2105=LINE('',#2104,#2103);
#2106=DIRECTION('',(0.E0,1.E0,0.E0));
#2107=VECTOR('',#2106,3.94E0);
#2108=CARTESIAN_POINT('',(1.4415E1,-5.145E0,0.E0));
#2109=LINE('',#2108,#2107);
#2110=CARTESIAN_POINT('',(1.3845E1,-5.145E0,0.E0));
#2111=DIRECTION('',(0.E0,-1.E0,0.E0));
#2112=DIRECTION('',(1.E0,0.E0,0.E0));
#2113=AXIS2_PLACEMENT_3D('',#2110,#2111,#2112);
#2115=DIRECTION('',(0.E0,1.E0,0.E0));
#2116=VECTOR('',#2115,3.94E0);
#2117=CARTESIAN_POINT('',(1.3275E1,-5.145E0,0.E0));
#2118=LINE('',#2117,#2116);
#2119=DIRECTION('',(-3.568681169914E-1,9.341547768304E-1,0.E0));
#2120=VECTOR('',#2119,9.527329111561E-1);
#2121=CARTESIAN_POINT('',(1.4415E1,1.2125E1,0.E0));
#2122=LINE('',#2121,#2120);
#2123=CARTESIAN_POINT('',(1.3845E1,1.2125E1,0.E0));
#2124=DIRECTION('',(0.E0,-1.E0,0.E0));
#2125=DIRECTION('',(1.E0,0.E0,0.E0));
#2126=AXIS2_PLACEMENT_3D('',#2123,#2124,#2125);
#2128=DIRECTION('',(3.568681169914E-1,9.341547768304E-1,0.E0));
#2129=VECTOR('',#2128,9.527329111561E-1);
#2130=CARTESIAN_POINT('',(1.3275E1,1.2125E1,0.E0));
#2131=LINE('',#2130,#2129);
#2132=CARTESIAN_POINT('',(1.3845E1,1.2125E1,0.E0));
#2133=DIRECTION('',(0.E0,1.E0,0.E0));
#2134=DIRECTION('',(1.E0,0.E0,0.E0));
#2135=AXIS2_PLACEMENT_3D('',#2132,#2133,#2134);
#2137=CARTESIAN_POINT('',(1.3845E1,1.3015E1,0.E0));
#2138=DIRECTION('',(0.E0,-1.E0,0.E0));
#2139=DIRECTION('',(1.E0,0.E0,0.E0));
#2140=AXIS2_PLACEMENT_3D('',#2137,#2138,#2139);
#2142=CARTESIAN_POINT('',(1.3845E1,1.3015E1,0.E0));
#2143=DIRECTION('',(0.E0,1.E0,0.E0));
#2144=DIRECTION('',(1.E0,0.E0,0.E0));
#2145=AXIS2_PLACEMENT_3D('',#2142,#2143,#2144);
#2147=DIRECTION('',(3.568681169914E-1,9.341547768304E-1,0.E0));
#2148=VECTOR('',#2147,9.527329111561E-1);
#2149=CARTESIAN_POINT('',(1.4075E1,-6.035E0,0.E0));
#2150=LINE('',#2149,#2148);
#2151=CARTESIAN_POINT('',(1.3845E1,-6.035E0,0.E0));
#2152=DIRECTION('',(0.E0,-1.E0,0.E0));
#2153=DIRECTION('',(1.E0,0.E0,0.E0));
#2154=AXIS2_PLACEMENT_3D('',#2151,#2152,#2153);
#2156=DIRECTION('',(-3.568681169914E-1,9.341547768304E-1,0.E0));
#2157=VECTOR('',#2156,9.527329111561E-1);
#2158=CARTESIAN_POINT('',(1.3615E1,-6.035E0,0.E0));
#2159=LINE('',#2158,#2157);
#2160=CARTESIAN_POINT('',(1.3845E1,-6.035E0,0.E0));
#2161=DIRECTION('',(0.E0,1.E0,0.E0));
#2162=DIRECTION('',(1.E0,0.E0,0.E0));
#2163=AXIS2_PLACEMENT_3D('',#2160,#2161,#2162);
#2165=DIRECTION('',(0.E0,1.E0,0.E0));
#2166=VECTOR('',#2165,3.8E-1);
#2167=CARTESIAN_POINT('',(1.4935E1,1.205E0,-2.45E0));
#2168=LINE('',#2167,#2166);
#2169=DIRECTION('',(0.E0,0.E0,-1.E0));
#2170=VECTOR('',#2169,5.92E0);
#2171=CARTESIAN_POINT('',(1.4935E1,1.205E0,3.47E0));
#2172=LINE('',#2171,#2170);
#2173=DIRECTION('',(0.E0,-1.E0,0.E0));
#2174=VECTOR('',#2173,3.8E-1);
#2175=CARTESIAN_POINT('',(1.2755E1,1.585E0,-2.45E0));
#2176=LINE('',#2175,#2174);
#2177=DIRECTION('',(0.E0,0.E0,-1.E0));
#2178=VECTOR('',#2177,6.9E0);
#2179=CARTESIAN_POINT('',(1.0975E1,-1.205E0,3.47E0));
#2180=LINE('',#2179,#2178);
#2181=CARTESIAN_POINT('',(9.885E0,-1.205E0,0.E0));
#2182=DIRECTION('',(0.E0,1.E0,0.E0));
#2183=DIRECTION('',(1.E0,0.E0,0.E0));
#2184=AXIS2_PLACEMENT_3D('',#2181,#2182,#2183);
#2186=CARTESIAN_POINT('',(9.885E0,-1.205E0,0.E0));
#2187=DIRECTION('',(0.E0,1.E0,0.E0));
#2188=DIRECTION('',(-1.E0,0.E0,0.E0));
#2189=AXIS2_PLACEMENT_3D('',#2186,#2187,#2188);
#2191=DIRECTION('',(0.E0,0.E0,-1.E0));
#2192=VECTOR('',#2191,6.9E0);
#2193=CARTESIAN_POINT('',(8.795E0,-1.205E0,3.47E0));
#2194=LINE('',#2193,#2192);
#2195=CARTESIAN_POINT('',(9.885E0,-5.145E0,0.E0));
#2196=DIRECTION('',(0.E0,1.E0,0.E0));
#2197=DIRECTION('',(1.E0,0.E0,0.E0));
#2198=AXIS2_PLACEMENT_3D('',#2195,#2196,#2197);
#2200=CARTESIAN_POINT('',(9.885E0,1.205E0,0.E0));
#2201=DIRECTION('',(0.E0,1.E0,0.E0));
#2202=DIRECTION('',(1.E0,0.E0,0.E0));
#2203=AXIS2_PLACEMENT_3D('',#2200,#2201,#2202);
#2205=CARTESIAN_POINT('',(9.885E0,1.205E0,0.E0));
#2206=DIRECTION('',(0.E0,1.E0,0.E0));
#2207=DIRECTION('',(-1.E0,0.E0,0.E0));
#2208=AXIS2_PLACEMENT_3D('',#2205,#2206,#2207);
#2210=DIRECTION('',(1.E0,0.E0,0.E0));
#2211=VECTOR('',#2210,2.18E0);
#2212=CARTESIAN_POINT('',(8.795E0,1.205E0,-2.45E0));
#2213=LINE('',#2212,#2211);
#2214=DIRECTION('',(0.E0,0.E0,-1.E0));
#2215=VECTOR('',#2214,5.92E0);
#2216=CARTESIAN_POINT('',(8.795E0,1.205E0,3.47E0));
#2217=LINE('',#2216,#2215);
#2218=DIRECTION('',(0.E0,1.E0,0.E0));
#2219=VECTOR('',#2218,1.092E1);
#2220=CARTESIAN_POINT('',(9.315E0,1.205E0,0.E0));
#2221=LINE('',#2220,#2219);
#2222=DIRECTION('',(0.E0,1.E0,0.E0));
#2223=VECTOR('',#2222,1.092E1);
#2224=CARTESIAN_POINT('',(1.0455E1,1.205E0,0.E0));
#2225=LINE('',#2224,#2223);
#2226=DIRECTION('',(0.E0,1.E0,0.E0));
#2227=VECTOR('',#2226,3.94E0);
#2228=CARTESIAN_POINT('',(1.0455E1,-5.145E0,0.E0));
#2229=LINE('',#2228,#2227);
#2230=CARTESIAN_POINT('',(9.885E0,-5.145E0,0.E0));
#2231=DIRECTION('',(0.E0,-1.E0,0.E0));
#2232=DIRECTION('',(1.E0,0.E0,0.E0));
#2233=AXIS2_PLACEMENT_3D('',#2230,#2231,#2232);
#2235=DIRECTION('',(0.E0,1.E0,0.E0));
#2236=VECTOR('',#2235,3.94E0);
#2237=CARTESIAN_POINT('',(9.315E0,-5.145E0,0.E0));
#2238=LINE('',#2237,#2236);
#2239=DIRECTION('',(-3.568681169914E-1,9.341547768304E-1,0.E0));
#2240=VECTOR('',#2239,9.527329111561E-1);
#2241=CARTESIAN_POINT('',(1.0455E1,1.2125E1,0.E0));
#2242=LINE('',#2241,#2240);
#2243=CARTESIAN_POINT('',(9.885E0,1.2125E1,0.E0));
#2244=DIRECTION('',(0.E0,-1.E0,0.E0));
#2245=DIRECTION('',(1.E0,0.E0,0.E0));
#2246=AXIS2_PLACEMENT_3D('',#2243,#2244,#2245);
#2248=DIRECTION('',(3.568681169914E-1,9.341547768304E-1,0.E0));
#2249=VECTOR('',#2248,9.527329111561E-1);
#2250=CARTESIAN_POINT('',(9.315E0,1.2125E1,0.E0));
#2251=LINE('',#2250,#2249);
#2252=CARTESIAN_POINT('',(9.885E0,1.2125E1,0.E0));
#2253=DIRECTION('',(0.E0,1.E0,0.E0));
#2254=DIRECTION('',(1.E0,0.E0,0.E0));
#2255=AXIS2_PLACEMENT_3D('',#2252,#2253,#2254);
#2257=CARTESIAN_POINT('',(9.885E0,1.3015E1,0.E0));
#2258=DIRECTION('',(0.E0,-1.E0,0.E0));
#2259=DIRECTION('',(1.E0,0.E0,0.E0));
#2260=AXIS2_PLACEMENT_3D('',#2257,#2258,#2259);
#2262=CARTESIAN_POINT('',(9.885E0,1.3015E1,0.E0));
#2263=DIRECTION('',(0.E0,1.E0,0.E0));
#2264=DIRECTION('',(1.E0,0.E0,0.E0));
#2265=AXIS2_PLACEMENT_3D('',#2262,#2263,#2264);
#2267=DIRECTION('',(3.568681169914E-1,9.341547768304E-1,0.E0));
#2268=VECTOR('',#2267,9.527329111561E-1);
#2269=CARTESIAN_POINT('',(1.0115E1,-6.035E0,0.E0));
#2270=LINE('',#2269,#2268);
#2271=CARTESIAN_POINT('',(9.885E0,-6.035E0,0.E0));
#2272=DIRECTION('',(0.E0,-1.E0,0.E0));
#2273=DIRECTION('',(1.E0,0.E0,0.E0));
#2274=AXIS2_PLACEMENT_3D('',#2271,#2272,#2273);
#2276=DIRECTION('',(-3.568681169914E-1,9.341547768304E-1,0.E0));
#2277=VECTOR('',#2276,9.527329111561E-1);
#2278=CARTESIAN_POINT('',(9.655E0,-6.035E0,0.E0));
#2279=LINE('',#2278,#2277);
#2280=CARTESIAN_POINT('',(9.885E0,-6.035E0,0.E0));
#2281=DIRECTION('',(0.E0,1.E0,0.E0));
#2282=DIRECTION('',(1.E0,0.E0,0.E0));
#2283=AXIS2_PLACEMENT_3D('',#2280,#2281,#2282);
#2285=DIRECTION('',(0.E0,1.E0,0.E0));
#2286=VECTOR('',#2285,3.8E-1);
#2287=CARTESIAN_POINT('',(1.0975E1,1.205E0,-2.45E0));
#2288=LINE('',#2287,#2286);
#2289=DIRECTION('',(0.E0,0.E0,-1.E0));
#2290=VECTOR('',#2289,5.92E0);
#2291=CARTESIAN_POINT('',(1.0975E1,1.205E0,3.47E0));
#2292=LINE('',#2291,#2290);
#2293=DIRECTION('',(0.E0,-1.E0,0.E0));
#2294=VECTOR('',#2293,3.8E-1);
#2295=CARTESIAN_POINT('',(8.795E0,1.585E0,-2.45E0));
#2296=LINE('',#2295,#2294);
#2297=DIRECTION('',(0.E0,0.E0,-1.E0));
#2298=VECTOR('',#2297,6.9E0);
#2299=CARTESIAN_POINT('',(7.015E0,-1.205E0,3.47E0));
#2300=LINE('',#2299,#2298);
#2301=CARTESIAN_POINT('',(5.925E0,-1.205E0,0.E0));
#2302=DIRECTION('',(0.E0,1.E0,0.E0));
#2303=DIRECTION('',(1.E0,0.E0,0.E0));
#2304=AXIS2_PLACEMENT_3D('',#2301,#2302,#2303);
#2306=CARTESIAN_POINT('',(5.925E0,-1.205E0,0.E0));
#2307=DIRECTION('',(0.E0,1.E0,0.E0));
#2308=DIRECTION('',(-1.E0,0.E0,0.E0));
#2309=AXIS2_PLACEMENT_3D('',#2306,#2307,#2308);
#2311=DIRECTION('',(0.E0,0.E0,-1.E0));
#2312=VECTOR('',#2311,6.9E0);
#2313=CARTESIAN_POINT('',(4.835E0,-1.205E0,3.47E0));
#2314=LINE('',#2313,#2312);
#2315=CARTESIAN_POINT('',(5.925E0,-5.145E0,0.E0));
#2316=DIRECTION('',(0.E0,1.E0,0.E0));
#2317=DIRECTION('',(1.E0,0.E0,0.E0));
#2318=AXIS2_PLACEMENT_3D('',#2315,#2316,#2317);
#2320=CARTESIAN_POINT('',(5.925E0,1.205E0,0.E0));
#2321=DIRECTION('',(0.E0,1.E0,0.E0));
#2322=DIRECTION('',(1.E0,0.E0,0.E0));
#2323=AXIS2_PLACEMENT_3D('',#2320,#2321,#2322);
#2325=CARTESIAN_POINT('',(5.925E0,1.205E0,0.E0));
#2326=DIRECTION('',(0.E0,1.E0,0.E0));
#2327=DIRECTION('',(-1.E0,0.E0,0.E0));
#2328=AXIS2_PLACEMENT_3D('',#2325,#2326,#2327);
#2330=DIRECTION('',(1.E0,0.E0,0.E0));
#2331=VECTOR('',#2330,2.18E0);
#2332=CARTESIAN_POINT('',(4.835E0,1.205E0,-2.45E0));
#2333=LINE('',#2332,#2331);
#2334=DIRECTION('',(0.E0,0.E0,-1.E0));
#2335=VECTOR('',#2334,5.92E0);
#2336=CARTESIAN_POINT('',(4.835E0,1.205E0,3.47E0));
#2337=LINE('',#2336,#2335);
#2338=DIRECTION('',(0.E0,1.E0,0.E0));
#2339=VECTOR('',#2338,1.092E1);
#2340=CARTESIAN_POINT('',(5.355E0,1.205E0,0.E0));
#2341=LINE('',#2340,#2339);
#2342=DIRECTION('',(0.E0,1.E0,0.E0));
#2343=VECTOR('',#2342,1.092E1);
#2344=CARTESIAN_POINT('',(6.495E0,1.205E0,0.E0));
#2345=LINE('',#2344,#2343);
#2346=DIRECTION('',(0.E0,1.E0,0.E0));
#2347=VECTOR('',#2346,3.94E0);
#2348=CARTESIAN_POINT('',(6.495E0,-5.145E0,0.E0));
#2349=LINE('',#2348,#2347);
#2350=CARTESIAN_POINT('',(5.925E0,-5.145E0,0.E0));
#2351=DIRECTION('',(0.E0,-1.E0,0.E0));
#2352=DIRECTION('',(1.E0,0.E0,0.E0));
#2353=AXIS2_PLACEMENT_3D('',#2350,#2351,#2352);
#2355=DIRECTION('',(0.E0,1.E0,0.E0));
#2356=VECTOR('',#2355,3.94E0);
#2357=CARTESIAN_POINT('',(5.355E0,-5.145E0,0.E0));
#2358=LINE('',#2357,#2356);
#2359=DIRECTION('',(-3.568681169914E-1,9.341547768304E-1,0.E0));
#2360=VECTOR('',#2359,9.527329111561E-1);
#2361=CARTESIAN_POINT('',(6.495E0,1.2125E1,0.E0));
#2362=LINE('',#2361,#2360);
#2363=CARTESIAN_POINT('',(5.925E0,1.2125E1,0.E0));
#2364=DIRECTION('',(0.E0,-1.E0,0.E0));
#2365=DIRECTION('',(1.E0,0.E0,0.E0));
#2366=AXIS2_PLACEMENT_3D('',#2363,#2364,#2365);
#2368=DIRECTION('',(3.568681169914E-1,9.341547768304E-1,0.E0));
#2369=VECTOR('',#2368,9.527329111561E-1);
#2370=CARTESIAN_POINT('',(5.355E0,1.2125E1,0.E0));
#2371=LINE('',#2370,#2369);
#2372=CARTESIAN_POINT('',(5.925E0,1.2125E1,0.E0));
#2373=DIRECTION('',(0.E0,1.E0,0.E0));
#2374=DIRECTION('',(1.E0,0.E0,0.E0));
#2375=AXIS2_PLACEMENT_3D('',#2372,#2373,#2374);
#2377=CARTESIAN_POINT('',(5.925E0,1.3015E1,0.E0));
#2378=DIRECTION('',(0.E0,-1.E0,0.E0));
#2379=DIRECTION('',(1.E0,0.E0,0.E0));
#2380=AXIS2_PLACEMENT_3D('',#2377,#2378,#2379);
#2382=CARTESIAN_POINT('',(5.925E0,1.3015E1,0.E0));
#2383=DIRECTION('',(0.E0,1.E0,0.E0));
#2384=DIRECTION('',(1.E0,0.E0,0.E0));
#2385=AXIS2_PLACEMENT_3D('',#2382,#2383,#2384);
#2387=DIRECTION('',(3.568681169914E-1,9.341547768304E-1,0.E0));
#2388=VECTOR('',#2387,9.527329111561E-1);
#2389=CARTESIAN_POINT('',(6.155E0,-6.035E0,0.E0));
#2390=LINE('',#2389,#2388);
#2391=CARTESIAN_POINT('',(5.925E0,-6.035E0,0.E0));
#2392=DIRECTION('',(0.E0,-1.E0,0.E0));
#2393=DIRECTION('',(1.E0,0.E0,0.E0));
#2394=AXIS2_PLACEMENT_3D('',#2391,#2392,#2393);
#2396=DIRECTION('',(-3.568681169914E-1,9.341547768304E-1,0.E0));
#2397=VECTOR('',#2396,9.527329111561E-1);
#2398=CARTESIAN_POINT('',(5.695E0,-6.035E0,0.E0));
#2399=LINE('',#2398,#2397);
#2400=CARTESIAN_POINT('',(5.925E0,-6.035E0,0.E0));
#2401=DIRECTION('',(0.E0,1.E0,0.E0));
#2402=DIRECTION('',(1.E0,0.E0,0.E0));
#2403=AXIS2_PLACEMENT_3D('',#2400,#2401,#2402);
#2405=DIRECTION('',(0.E0,1.E0,0.E0));
#2406=VECTOR('',#2405,3.8E-1);
#2407=CARTESIAN_POINT('',(7.015E0,1.205E0,-2.45E0));
#2408=LINE('',#2407,#2406);
#2409=DIRECTION('',(0.E0,0.E0,-1.E0));
#2410=VECTOR('',#2409,5.92E0);
#2411=CARTESIAN_POINT('',(7.015E0,1.205E0,3.47E0));
#2412=LINE('',#2411,#2410);
#2413=DIRECTION('',(0.E0,-1.E0,0.E0));
#2414=VECTOR('',#2413,3.8E-1);
#2415=CARTESIAN_POINT('',(4.835E0,1.585E0,-2.45E0));
#2416=LINE('',#2415,#2414);
#2417=DIRECTION('',(0.E0,0.E0,-1.E0));
#2418=VECTOR('',#2417,6.9E0);
#2419=CARTESIAN_POINT('',(3.055E0,-1.205E0,3.47E0));
#2420=LINE('',#2419,#2418);
#2421=CARTESIAN_POINT('',(1.965E0,-1.205E0,0.E0));
#2422=DIRECTION('',(0.E0,1.E0,0.E0));
#2423=DIRECTION('',(1.E0,0.E0,0.E0));
#2424=AXIS2_PLACEMENT_3D('',#2421,#2422,#2423);
#2426=CARTESIAN_POINT('',(1.965E0,-1.205E0,0.E0));
#2427=DIRECTION('',(0.E0,1.E0,0.E0));
#2428=DIRECTION('',(-1.E0,0.E0,0.E0));
#2429=AXIS2_PLACEMENT_3D('',#2426,#2427,#2428);
#2431=DIRECTION('',(0.E0,0.E0,-1.E0));
#2432=VECTOR('',#2431,6.9E0);
#2433=CARTESIAN_POINT('',(8.75E-1,-1.205E0,3.47E0));
#2434=LINE('',#2433,#2432);
#2435=CARTESIAN_POINT('',(1.965E0,-5.145E0,0.E0));
#2436=DIRECTION('',(0.E0,1.E0,0.E0));
#2437=DIRECTION('',(1.E0,0.E0,0.E0));
#2438=AXIS2_PLACEMENT_3D('',#2435,#2436,#2437);
#2440=CARTESIAN_POINT('',(1.965E0,1.205E0,0.E0));
#2441=DIRECTION('',(0.E0,1.E0,0.E0));
#2442=DIRECTION('',(1.E0,0.E0,0.E0));
#2443=AXIS2_PLACEMENT_3D('',#2440,#2441,#2442);
#2445=CARTESIAN_POINT('',(1.965E0,1.205E0,0.E0));
#2446=DIRECTION('',(0.E0,1.E0,0.E0));
#2447=DIRECTION('',(-1.E0,0.E0,0.E0));
#2448=AXIS2_PLACEMENT_3D('',#2445,#2446,#2447);
#2450=DIRECTION('',(1.E0,0.E0,0.E0));
#2451=VECTOR('',#2450,2.18E0);
#2452=CARTESIAN_POINT('',(8.75E-1,1.205E0,-2.45E0));
#2453=LINE('',#2452,#2451);
#2454=DIRECTION('',(0.E0,0.E0,-1.E0));
#2455=VECTOR('',#2454,5.92E0);
#2456=CARTESIAN_POINT('',(8.75E-1,1.205E0,3.47E0));
#2457=LINE('',#2456,#2455);
#2458=DIRECTION('',(0.E0,1.E0,0.E0));
#2459=VECTOR('',#2458,1.092E1);
#2460=CARTESIAN_POINT('',(1.395E0,1.205E0,0.E0));
#2461=LINE('',#2460,#2459);
#2462=DIRECTION('',(0.E0,1.E0,0.E0));
#2463=VECTOR('',#2462,1.092E1);
#2464=CARTESIAN_POINT('',(2.535E0,1.205E0,0.E0));
#2465=LINE('',#2464,#2463);
#2466=DIRECTION('',(0.E0,1.E0,0.E0));
#2467=VECTOR('',#2466,3.94E0);
#2468=CARTESIAN_POINT('',(2.535E0,-5.145E0,0.E0));
#2469=LINE('',#2468,#2467);
#2470=CARTESIAN_POINT('',(1.965E0,-5.145E0,0.E0));
#2471=DIRECTION('',(0.E0,-1.E0,0.E0));
#2472=DIRECTION('',(1.E0,0.E0,0.E0));
#2473=AXIS2_PLACEMENT_3D('',#2470,#2471,#2472);
#2475=DIRECTION('',(0.E0,1.E0,0.E0));
#2476=VECTOR('',#2475,3.94E0);
#2477=CARTESIAN_POINT('',(1.395E0,-5.145E0,0.E0));
#2478=LINE('',#2477,#2476);
#2479=DIRECTION('',(-3.568681169914E-1,9.341547768304E-1,0.E0));
#2480=VECTOR('',#2479,9.527329111561E-1);
#2481=CARTESIAN_POINT('',(2.535E0,1.2125E1,0.E0));
#2482=LINE('',#2481,#2480);
#2483=CARTESIAN_POINT('',(1.965E0,1.2125E1,0.E0));
#2484=DIRECTION('',(0.E0,-1.E0,0.E0));
#2485=DIRECTION('',(1.E0,0.E0,0.E0));
#2486=AXIS2_PLACEMENT_3D('',#2483,#2484,#2485);
#2488=DIRECTION('',(3.568681169914E-1,9.341547768304E-1,0.E0));
#2489=VECTOR('',#2488,9.527329111561E-1);
#2490=CARTESIAN_POINT('',(1.395E0,1.2125E1,0.E0));
#2491=LINE('',#2490,#2489);
#2492=CARTESIAN_POINT('',(1.965E0,1.2125E1,0.E0));
#2493=DIRECTION('',(0.E0,1.E0,0.E0));
#2494=DIRECTION('',(1.E0,0.E0,0.E0));
#2495=AXIS2_PLACEMENT_3D('',#2492,#2493,#2494);
#2497=CARTESIAN_POINT('',(1.965E0,1.3015E1,0.E0));
#2498=DIRECTION('',(0.E0,-1.E0,0.E0));
#2499=DIRECTION('',(1.E0,0.E0,0.E0));
#2500=AXIS2_PLACEMENT_3D('',#2497,#2498,#2499);
#2502=CARTESIAN_POINT('',(1.965E0,1.3015E1,0.E0));
#2503=DIRECTION('',(0.E0,1.E0,0.E0));
#2504=DIRECTION('',(1.E0,0.E0,0.E0));
#2505=AXIS2_PLACEMENT_3D('',#2502,#2503,#2504);
#2507=DIRECTION('',(3.568681169914E-1,9.341547768304E-1,0.E0));
#2508=VECTOR('',#2507,9.527329111561E-1);
#2509=CARTESIAN_POINT('',(2.195E0,-6.035E0,0.E0));
#2510=LINE('',#2509,#2508);
#2511=CARTESIAN_POINT('',(1.965E0,-6.035E0,0.E0));
#2512=DIRECTION('',(0.E0,-1.E0,0.E0));
#2513=DIRECTION('',(1.E0,0.E0,0.E0));
#2514=AXIS2_PLACEMENT_3D('',#2511,#2512,#2513);
#2516=DIRECTION('',(-3.568681169914E-1,9.341547768304E-1,0.E0));
#2517=VECTOR('',#2516,9.527329111561E-1);
#2518=CARTESIAN_POINT('',(1.735E0,-6.035E0,0.E0));
#2519=LINE('',#2518,#2517);
#2520=CARTESIAN_POINT('',(1.965E0,-6.035E0,0.E0));
#2521=DIRECTION('',(0.E0,1.E0,0.E0));
#2522=DIRECTION('',(1.E0,0.E0,0.E0));
#2523=AXIS2_PLACEMENT_3D('',#2520,#2521,#2522);
#2525=DIRECTION('',(0.E0,1.E0,0.E0));
#2526=VECTOR('',#2525,3.8E-1);
#2527=CARTESIAN_POINT('',(3.055E0,1.205E0,-2.45E0));
#2528=LINE('',#2527,#2526);
#2529=DIRECTION('',(0.E0,0.E0,-1.E0));
#2530=VECTOR('',#2529,5.92E0);
#2531=CARTESIAN_POINT('',(3.055E0,1.205E0,3.47E0));
#2532=LINE('',#2531,#2530);
#2533=DIRECTION('',(0.E0,-1.E0,0.E0));
#2534=VECTOR('',#2533,3.8E-1);
#2535=CARTESIAN_POINT('',(8.75E-1,1.585E0,-2.45E0));
#2536=LINE('',#2535,#2534);
#2537=DIRECTION('',(0.E0,0.E0,-1.E0));
#2538=VECTOR('',#2537,6.9E0);
#2539=CARTESIAN_POINT('',(-9.05E-1,-1.205E0,3.47E0));
#2540=LINE('',#2539,#2538);
#2541=CARTESIAN_POINT('',(-1.995E0,-1.205E0,0.E0));
#2542=DIRECTION('',(0.E0,1.E0,0.E0));
#2543=DIRECTION('',(1.E0,0.E0,0.E0));
#2544=AXIS2_PLACEMENT_3D('',#2541,#2542,#2543);
#2546=CARTESIAN_POINT('',(-1.995E0,-1.205E0,0.E0));
#2547=DIRECTION('',(0.E0,1.E0,0.E0));
#2548=DIRECTION('',(-1.E0,0.E0,0.E0));
#2549=AXIS2_PLACEMENT_3D('',#2546,#2547,#2548);
#2551=DIRECTION('',(0.E0,0.E0,-1.E0));
#2552=VECTOR('',#2551,6.9E0);
#2553=CARTESIAN_POINT('',(-3.085E0,-1.205E0,3.47E0));
#2554=LINE('',#2553,#2552);
#2555=CARTESIAN_POINT('',(-1.995E0,-5.145E0,0.E0));
#2556=DIRECTION('',(0.E0,1.E0,0.E0));
#2557=DIRECTION('',(1.E0,0.E0,0.E0));
#2558=AXIS2_PLACEMENT_3D('',#2555,#2556,#2557);
#2560=CARTESIAN_POINT('',(-1.995E0,1.205E0,0.E0));
#2561=DIRECTION('',(0.E0,1.E0,0.E0));
#2562=DIRECTION('',(1.E0,0.E0,0.E0));
#2563=AXIS2_PLACEMENT_3D('',#2560,#2561,#2562);
#2565=CARTESIAN_POINT('',(-1.995E0,1.205E0,0.E0));
#2566=DIRECTION('',(0.E0,1.E0,0.E0));
#2567=DIRECTION('',(-1.E0,0.E0,0.E0));
#2568=AXIS2_PLACEMENT_3D('',#2565,#2566,#2567);
#2570=DIRECTION('',(1.E0,0.E0,0.E0));
#2571=VECTOR('',#2570,2.18E0);
#2572=CARTESIAN_POINT('',(-3.085E0,1.205E0,-2.45E0));
#2573=LINE('',#2572,#2571);
#2574=DIRECTION('',(0.E0,0.E0,-1.E0));
#2575=VECTOR('',#2574,5.92E0);
#2576=CARTESIAN_POINT('',(-3.085E0,1.205E0,3.47E0));
#2577=LINE('',#2576,#2575);
#2578=DIRECTION('',(0.E0,1.E0,0.E0));
#2579=VECTOR('',#2578,1.092E1);
#2580=CARTESIAN_POINT('',(-2.565E0,1.205E0,0.E0));
#2581=LINE('',#2580,#2579);
#2582=DIRECTION('',(0.E0,1.E0,0.E0));
#2583=VECTOR('',#2582,1.092E1);
#2584=CARTESIAN_POINT('',(-1.425E0,1.205E0,0.E0));
#2585=LINE('',#2584,#2583);
#2586=DIRECTION('',(0.E0,1.E0,0.E0));
#2587=VECTOR('',#2586,3.94E0);
#2588=CARTESIAN_POINT('',(-1.425E0,-5.145E0,0.E0));
#2589=LINE('',#2588,#2587);
#2590=CARTESIAN_POINT('',(-1.995E0,-5.145E0,0.E0));
#2591=DIRECTION('',(0.E0,-1.E0,0.E0));
#2592=DIRECTION('',(1.E0,0.E0,0.E0));
#2593=AXIS2_PLACEMENT_3D('',#2590,#2591,#2592);
#2595=DIRECTION('',(0.E0,1.E0,0.E0));
#2596=VECTOR('',#2595,3.94E0);
#2597=CARTESIAN_POINT('',(-2.565E0,-5.145E0,0.E0));
#2598=LINE('',#2597,#2596);
#2599=DIRECTION('',(-3.568681169914E-1,9.341547768304E-1,0.E0));
#2600=VECTOR('',#2599,9.527329111561E-1);
#2601=CARTESIAN_POINT('',(-1.425E0,1.2125E1,0.E0));
#2602=LINE('',#2601,#2600);
#2603=CARTESIAN_POINT('',(-1.995E0,1.2125E1,0.E0));
#2604=DIRECTION('',(0.E0,-1.E0,0.E0));
#2605=DIRECTION('',(1.E0,0.E0,0.E0));
#2606=AXIS2_PLACEMENT_3D('',#2603,#2604,#2605);
#2608=DIRECTION('',(3.568681169914E-1,9.341547768304E-1,0.E0));
#2609=VECTOR('',#2608,9.527329111561E-1);
#2610=CARTESIAN_POINT('',(-2.565E0,1.2125E1,0.E0));
#2611=LINE('',#2610,#2609);
#2612=CARTESIAN_POINT('',(-1.995E0,1.2125E1,0.E0));
#2613=DIRECTION('',(0.E0,1.E0,0.E0));
#2614=DIRECTION('',(1.E0,0.E0,0.E0));
#2615=AXIS2_PLACEMENT_3D('',#2612,#2613,#2614);
#2617=CARTESIAN_POINT('',(-1.995E0,1.3015E1,0.E0));
#2618=DIRECTION('',(0.E0,-1.E0,0.E0));
#2619=DIRECTION('',(1.E0,0.E0,0.E0));
#2620=AXIS2_PLACEMENT_3D('',#2617,#2618,#2619);
#2622=CARTESIAN_POINT('',(-1.995E0,1.3015E1,0.E0));
#2623=DIRECTION('',(0.E0,1.E0,0.E0));
#2624=DIRECTION('',(1.E0,0.E0,0.E0));
#2625=AXIS2_PLACEMENT_3D('',#2622,#2623,#2624);
#2627=DIRECTION('',(3.568681169914E-1,9.341547768304E-1,0.E0));
#2628=VECTOR('',#2627,9.527329111561E-1);
#2629=CARTESIAN_POINT('',(-1.765E0,-6.035E0,0.E0));
#2630=LINE('',#2629,#2628);
#2631=CARTESIAN_POINT('',(-1.995E0,-6.035E0,0.E0));
#2632=DIRECTION('',(0.E0,-1.E0,0.E0));
#2633=DIRECTION('',(1.E0,0.E0,0.E0));
#2634=AXIS2_PLACEMENT_3D('',#2631,#2632,#2633);
#2636=DIRECTION('',(-3.568681169914E-1,9.341547768304E-1,0.E0));
#2637=VECTOR('',#2636,9.527329111561E-1);
#2638=CARTESIAN_POINT('',(-2.225E0,-6.035E0,0.E0));
#2639=LINE('',#2638,#2637);
#2640=CARTESIAN_POINT('',(-1.995E0,-6.035E0,0.E0));
#2641=DIRECTION('',(0.E0,1.E0,0.E0));
#2642=DIRECTION('',(1.E0,0.E0,0.E0));
#2643=AXIS2_PLACEMENT_3D('',#2640,#2641,#2642);
#2645=DIRECTION('',(0.E0,1.E0,0.E0));
#2646=VECTOR('',#2645,3.8E-1);
#2647=CARTESIAN_POINT('',(-9.05E-1,1.205E0,-2.45E0));
#2648=LINE('',#2647,#2646);
#2649=DIRECTION('',(0.E0,0.E0,-1.E0));
#2650=VECTOR('',#2649,5.92E0);
#2651=CARTESIAN_POINT('',(-9.05E-1,1.205E0,3.47E0));
#2652=LINE('',#2651,#2650);
#2653=DIRECTION('',(0.E0,-1.E0,0.E0));
#2654=VECTOR('',#2653,3.8E-1);
#2655=CARTESIAN_POINT('',(-3.085E0,1.585E0,-2.45E0));
#2656=LINE('',#2655,#2654);
#2657=DIRECTION('',(0.E0,0.E0,-1.E0));
#2658=VECTOR('',#2657,6.9E0);
#2659=CARTESIAN_POINT('',(-4.865E0,-1.205E0,3.47E0));
#2660=LINE('',#2659,#2658);
#2661=CARTESIAN_POINT('',(-5.955E0,-1.205E0,0.E0));
#2662=DIRECTION('',(0.E0,1.E0,0.E0));
#2663=DIRECTION('',(1.E0,0.E0,0.E0));
#2664=AXIS2_PLACEMENT_3D('',#2661,#2662,#2663);
#2666=CARTESIAN_POINT('',(-5.955E0,-1.205E0,0.E0));
#2667=DIRECTION('',(0.E0,1.E0,0.E0));
#2668=DIRECTION('',(-1.E0,0.E0,0.E0));
#2669=AXIS2_PLACEMENT_3D('',#2666,#2667,#2668);
#2671=DIRECTION('',(0.E0,0.E0,-1.E0));
#2672=VECTOR('',#2671,6.9E0);
#2673=CARTESIAN_POINT('',(-7.045E0,-1.205E0,3.47E0));
#2674=LINE('',#2673,#2672);
#2675=CARTESIAN_POINT('',(-5.955E0,-5.145E0,0.E0));
#2676=DIRECTION('',(0.E0,1.E0,0.E0));
#2677=DIRECTION('',(1.E0,0.E0,0.E0));
#2678=AXIS2_PLACEMENT_3D('',#2675,#2676,#2677);
#2680=CARTESIAN_POINT('',(-5.955E0,1.205E0,0.E0));
#2681=DIRECTION('',(0.E0,1.E0,0.E0));
#2682=DIRECTION('',(1.E0,0.E0,0.E0));
#2683=AXIS2_PLACEMENT_3D('',#2680,#2681,#2682);
#2685=CARTESIAN_POINT('',(-5.955E0,1.205E0,0.E0));
#2686=DIRECTION('',(0.E0,1.E0,0.E0));
#2687=DIRECTION('',(-1.E0,0.E0,0.E0));
#2688=AXIS2_PLACEMENT_3D('',#2685,#2686,#2687);
#2690=DIRECTION('',(1.E0,0.E0,0.E0));
#2691=VECTOR('',#2690,2.18E0);
#2692=CARTESIAN_POINT('',(-7.045E0,1.205E0,-2.45E0));
#2693=LINE('',#2692,#2691);
#2694=DIRECTION('',(0.E0,0.E0,-1.E0));
#2695=VECTOR('',#2694,5.92E0);
#2696=CARTESIAN_POINT('',(-7.045E0,1.205E0,3.47E0));
#2697=LINE('',#2696,#2695);
#2698=DIRECTION('',(0.E0,1.E0,0.E0));
#2699=VECTOR('',#2698,1.092E1);
#2700=CARTESIAN_POINT('',(-6.525E0,1.205E0,0.E0));
#2701=LINE('',#2700,#2699);
#2702=DIRECTION('',(0.E0,1.E0,0.E0));
#2703=VECTOR('',#2702,1.092E1);
#2704=CARTESIAN_POINT('',(-5.385E0,1.205E0,0.E0));
#2705=LINE('',#2704,#2703);
#2706=DIRECTION('',(0.E0,1.E0,0.E0));
#2707=VECTOR('',#2706,3.94E0);
#2708=CARTESIAN_POINT('',(-5.385E0,-5.145E0,0.E0));
#2709=LINE('',#2708,#2707);
#2710=CARTESIAN_POINT('',(-5.955E0,-5.145E0,0.E0));
#2711=DIRECTION('',(0.E0,-1.E0,0.E0));
#2712=DIRECTION('',(1.E0,0.E0,0.E0));
#2713=AXIS2_PLACEMENT_3D('',#2710,#2711,#2712);
#2715=DIRECTION('',(0.E0,1.E0,0.E0));
#2716=VECTOR('',#2715,3.94E0);
#2717=CARTESIAN_POINT('',(-6.525E0,-5.145E0,0.E0));
#2718=LINE('',#2717,#2716);
#2719=DIRECTION('',(-3.568681169914E-1,9.341547768304E-1,0.E0));
#2720=VECTOR('',#2719,9.527329111561E-1);
#2721=CARTESIAN_POINT('',(-5.385E0,1.2125E1,0.E0));
#2722=LINE('',#2721,#2720);
#2723=CARTESIAN_POINT('',(-5.955E0,1.2125E1,0.E0));
#2724=DIRECTION('',(0.E0,-1.E0,0.E0));
#2725=DIRECTION('',(1.E0,0.E0,0.E0));
#2726=AXIS2_PLACEMENT_3D('',#2723,#2724,#2725);
#2728=DIRECTION('',(3.568681169914E-1,9.341547768304E-1,0.E0));
#2729=VECTOR('',#2728,9.527329111561E-1);
#2730=CARTESIAN_POINT('',(-6.525E0,1.2125E1,0.E0));
#2731=LINE('',#2730,#2729);
#2732=CARTESIAN_POINT('',(-5.955E0,1.2125E1,0.E0));
#2733=DIRECTION('',(0.E0,1.E0,0.E0));
#2734=DIRECTION('',(1.E0,0.E0,0.E0));
#2735=AXIS2_PLACEMENT_3D('',#2732,#2733,#2734);
#2737=CARTESIAN_POINT('',(-5.955E0,1.3015E1,0.E0));
#2738=DIRECTION('',(0.E0,-1.E0,0.E0));
#2739=DIRECTION('',(1.E0,0.E0,0.E0));
#2740=AXIS2_PLACEMENT_3D('',#2737,#2738,#2739);
#2742=CARTESIAN_POINT('',(-5.955E0,1.3015E1,0.E0));
#2743=DIRECTION('',(0.E0,1.E0,0.E0));
#2744=DIRECTION('',(1.E0,0.E0,0.E0));
#2745=AXIS2_PLACEMENT_3D('',#2742,#2743,#2744);
#2747=DIRECTION('',(3.568681169914E-1,9.341547768304E-1,0.E0));
#2748=VECTOR('',#2747,9.527329111561E-1);
#2749=CARTESIAN_POINT('',(-5.725E0,-6.035E0,0.E0));
#2750=LINE('',#2749,#2748);
#2751=CARTESIAN_POINT('',(-5.955E0,-6.035E0,0.E0));
#2752=DIRECTION('',(0.E0,-1.E0,0.E0));
#2753=DIRECTION('',(1.E0,0.E0,0.E0));
#2754=AXIS2_PLACEMENT_3D('',#2751,#2752,#2753);
#2756=DIRECTION('',(-3.568681169914E-1,9.341547768304E-1,0.E0));
#2757=VECTOR('',#2756,9.527329111561E-1);
#2758=CARTESIAN_POINT('',(-6.185E0,-6.035E0,0.E0));
#2759=LINE('',#2758,#2757);
#2760=CARTESIAN_POINT('',(-5.955E0,-6.035E0,0.E0));
#2761=DIRECTION('',(0.E0,1.E0,0.E0));
#2762=DIRECTION('',(1.E0,0.E0,0.E0));
#2763=AXIS2_PLACEMENT_3D('',#2760,#2761,#2762);
#2765=DIRECTION('',(0.E0,1.E0,0.E0));
#2766=VECTOR('',#2765,3.8E-1);
#2767=CARTESIAN_POINT('',(-4.865E0,1.205E0,-2.45E0));
#2768=LINE('',#2767,#2766);
#2769=DIRECTION('',(0.E0,0.E0,-1.E0));
#2770=VECTOR('',#2769,5.92E0);
#2771=CARTESIAN_POINT('',(-4.865E0,1.205E0,3.47E0));
#2772=LINE('',#2771,#2770);
#2773=DIRECTION('',(0.E0,-1.E0,0.E0));
#2774=VECTOR('',#2773,3.8E-1);
#2775=CARTESIAN_POINT('',(-7.045E0,1.585E0,-2.45E0));
#2776=LINE('',#2775,#2774);
#2777=DIRECTION('',(0.E0,0.E0,-1.E0));
#2778=VECTOR('',#2777,6.9E0);
#2779=CARTESIAN_POINT('',(-8.825E0,-1.205E0,3.47E0));
#2780=LINE('',#2779,#2778);
#2781=CARTESIAN_POINT('',(-9.915E0,-1.205E0,0.E0));
#2782=DIRECTION('',(0.E0,1.E0,0.E0));
#2783=DIRECTION('',(1.E0,0.E0,0.E0));
#2784=AXIS2_PLACEMENT_3D('',#2781,#2782,#2783);
#2786=CARTESIAN_POINT('',(-9.915E0,-1.205E0,0.E0));
#2787=DIRECTION('',(0.E0,1.E0,0.E0));
#2788=DIRECTION('',(-1.E0,0.E0,0.E0));
#2789=AXIS2_PLACEMENT_3D('',#2786,#2787,#2788);
#2791=DIRECTION('',(0.E0,0.E0,-1.E0));
#2792=VECTOR('',#2791,6.9E0);
#2793=CARTESIAN_POINT('',(-1.1005E1,-1.205E0,3.47E0));
#2794=LINE('',#2793,#2792);
#2795=CARTESIAN_POINT('',(-9.915E0,-5.145E0,0.E0));
#2796=DIRECTION('',(0.E0,1.E0,0.E0));
#2797=DIRECTION('',(1.E0,0.E0,0.E0));
#2798=AXIS2_PLACEMENT_3D('',#2795,#2796,#2797);
#2800=CARTESIAN_POINT('',(-9.915E0,1.205E0,0.E0));
#2801=DIRECTION('',(0.E0,1.E0,0.E0));
#2802=DIRECTION('',(1.E0,0.E0,0.E0));
#2803=AXIS2_PLACEMENT_3D('',#2800,#2801,#2802);
#2805=CARTESIAN_POINT('',(-9.915E0,1.205E0,0.E0));
#2806=DIRECTION('',(0.E0,1.E0,0.E0));
#2807=DIRECTION('',(-1.E0,0.E0,0.E0));
#2808=AXIS2_PLACEMENT_3D('',#2805,#2806,#2807);
#2810=DIRECTION('',(1.E0,0.E0,0.E0));
#2811=VECTOR('',#2810,2.18E0);
#2812=CARTESIAN_POINT('',(-1.1005E1,1.205E0,-2.45E0));
#2813=LINE('',#2812,#2811);
#2814=DIRECTION('',(0.E0,0.E0,-1.E0));
#2815=VECTOR('',#2814,5.92E0);
#2816=CARTESIAN_POINT('',(-1.1005E1,1.205E0,3.47E0));
#2817=LINE('',#2816,#2815);
#2818=DIRECTION('',(0.E0,1.E0,0.E0));
#2819=VECTOR('',#2818,1.092E1);
#2820=CARTESIAN_POINT('',(-1.0485E1,1.205E0,0.E0));
#2821=LINE('',#2820,#2819);
#2822=DIRECTION('',(0.E0,1.E0,0.E0));
#2823=VECTOR('',#2822,1.092E1);
#2824=CARTESIAN_POINT('',(-9.345E0,1.205E0,0.E0));
#2825=LINE('',#2824,#2823);
#2826=DIRECTION('',(0.E0,1.E0,0.E0));
#2827=VECTOR('',#2826,3.94E0);
#2828=CARTESIAN_POINT('',(-9.345E0,-5.145E0,0.E0));
#2829=LINE('',#2828,#2827);
#2830=CARTESIAN_POINT('',(-9.915E0,-5.145E0,0.E0));
#2831=DIRECTION('',(0.E0,-1.E0,0.E0));
#2832=DIRECTION('',(1.E0,0.E0,0.E0));
#2833=AXIS2_PLACEMENT_3D('',#2830,#2831,#2832);
#2835=DIRECTION('',(0.E0,1.E0,0.E0));
#2836=VECTOR('',#2835,3.94E0);
#2837=CARTESIAN_POINT('',(-1.0485E1,-5.145E0,0.E0));
#2838=LINE('',#2837,#2836);
#2839=DIRECTION('',(-3.568681169914E-1,9.341547768304E-1,0.E0));
#2840=VECTOR('',#2839,9.527329111561E-1);
#2841=CARTESIAN_POINT('',(-9.345E0,1.2125E1,0.E0));
#2842=LINE('',#2841,#2840);
#2843=CARTESIAN_POINT('',(-9.915E0,1.2125E1,0.E0));
#2844=DIRECTION('',(0.E0,-1.E0,0.E0));
#2845=DIRECTION('',(1.E0,0.E0,0.E0));
#2846=AXIS2_PLACEMENT_3D('',#2843,#2844,#2845);
#2848=DIRECTION('',(3.568681169914E-1,9.341547768304E-1,0.E0));
#2849=VECTOR('',#2848,9.527329111561E-1);
#2850=CARTESIAN_POINT('',(-1.0485E1,1.2125E1,0.E0));
#2851=LINE('',#2850,#2849);
#2852=CARTESIAN_POINT('',(-9.915E0,1.2125E1,0.E0));
#2853=DIRECTION('',(0.E0,1.E0,0.E0));
#2854=DIRECTION('',(1.E0,0.E0,0.E0));
#2855=AXIS2_PLACEMENT_3D('',#2852,#2853,#2854);
#2857=CARTESIAN_POINT('',(-9.915E0,1.3015E1,0.E0));
#2858=DIRECTION('',(0.E0,-1.E0,0.E0));
#2859=DIRECTION('',(1.E0,0.E0,0.E0));
#2860=AXIS2_PLACEMENT_3D('',#2857,#2858,#2859);
#2862=CARTESIAN_POINT('',(-9.915E0,1.3015E1,0.E0));
#2863=DIRECTION('',(0.E0,1.E0,0.E0));
#2864=DIRECTION('',(1.E0,0.E0,0.E0));
#2865=AXIS2_PLACEMENT_3D('',#2862,#2863,#2864);
#2867=DIRECTION('',(3.568681169914E-1,9.341547768304E-1,0.E0));
#2868=VECTOR('',#2867,9.527329111561E-1);
#2869=CARTESIAN_POINT('',(-9.685E0,-6.035E0,0.E0));
#2870=LINE('',#2869,#2868);
#2871=CARTESIAN_POINT('',(-9.915E0,-6.035E0,0.E0));
#2872=DIRECTION('',(0.E0,-1.E0,0.E0));
#2873=DIRECTION('',(1.E0,0.E0,0.E0));
#2874=AXIS2_PLACEMENT_3D('',#2871,#2872,#2873);
#2876=DIRECTION('',(-3.568681169914E-1,9.341547768304E-1,0.E0));
#2877=VECTOR('',#2876,9.527329111561E-1);
#2878=CARTESIAN_POINT('',(-1.0145E1,-6.035E0,0.E0));
#2879=LINE('',#2878,#2877);
#2880=CARTESIAN_POINT('',(-9.915E0,-6.035E0,0.E0));
#2881=DIRECTION('',(0.E0,1.E0,0.E0));
#2882=DIRECTION('',(1.E0,0.E0,0.E0));
#2883=AXIS2_PLACEMENT_3D('',#2880,#2881,#2882);
#2885=DIRECTION('',(0.E0,1.E0,0.E0));
#2886=VECTOR('',#2885,3.8E-1);
#2887=CARTESIAN_POINT('',(-8.825E0,1.205E0,-2.45E0));
#2888=LINE('',#2887,#2886);
#2889=DIRECTION('',(0.E0,0.E0,-1.E0));
#2890=VECTOR('',#2889,5.92E0);
#2891=CARTESIAN_POINT('',(-8.825E0,1.205E0,3.47E0));
#2892=LINE('',#2891,#2890);
#2893=DIRECTION('',(0.E0,-1.E0,0.E0));
#2894=VECTOR('',#2893,3.8E-1);
#2895=CARTESIAN_POINT('',(-1.1005E1,1.585E0,-2.45E0));
#2896=LINE('',#2895,#2894);
#2897=DIRECTION('',(0.E0,0.E0,-1.E0));
#2898=VECTOR('',#2897,6.9E0);
#2899=CARTESIAN_POINT('',(-1.2785E1,-1.205E0,3.47E0));
#2900=LINE('',#2899,#2898);
#2901=CARTESIAN_POINT('',(-1.3875E1,-1.205E0,0.E0));
#2902=DIRECTION('',(0.E0,1.E0,0.E0));
#2903=DIRECTION('',(1.E0,0.E0,0.E0));
#2904=AXIS2_PLACEMENT_3D('',#2901,#2902,#2903);
#2906=CARTESIAN_POINT('',(-1.3875E1,-1.205E0,0.E0));
#2907=DIRECTION('',(0.E0,1.E0,0.E0));
#2908=DIRECTION('',(-1.E0,0.E0,0.E0));
#2909=AXIS2_PLACEMENT_3D('',#2906,#2907,#2908);
#2911=DIRECTION('',(0.E0,0.E0,-1.E0));
#2912=VECTOR('',#2911,6.9E0);
#2913=CARTESIAN_POINT('',(-1.4965E1,-1.205E0,3.47E0));
#2914=LINE('',#2913,#2912);
#2915=CARTESIAN_POINT('',(-1.3875E1,-5.145E0,0.E0));
#2916=DIRECTION('',(0.E0,1.E0,0.E0));
#2917=DIRECTION('',(1.E0,0.E0,0.E0));
#2918=AXIS2_PLACEMENT_3D('',#2915,#2916,#2917);
#2920=CARTESIAN_POINT('',(-1.3875E1,1.205E0,0.E0));
#2921=DIRECTION('',(0.E0,1.E0,0.E0));
#2922=DIRECTION('',(1.E0,0.E0,0.E0));
#2923=AXIS2_PLACEMENT_3D('',#2920,#2921,#2922);
#2925=CARTESIAN_POINT('',(-1.3875E1,1.205E0,0.E0));
#2926=DIRECTION('',(0.E0,1.E0,0.E0));
#2927=DIRECTION('',(-1.E0,0.E0,0.E0));
#2928=AXIS2_PLACEMENT_3D('',#2925,#2926,#2927);
#2930=DIRECTION('',(1.E0,0.E0,0.E0));
#2931=VECTOR('',#2930,2.18E0);
#2932=CARTESIAN_POINT('',(-1.4965E1,1.205E0,-2.45E0));
#2933=LINE('',#2932,#2931);
#2934=DIRECTION('',(0.E0,0.E0,-1.E0));
#2935=VECTOR('',#2934,5.92E0);
#2936=CARTESIAN_POINT('',(-1.4965E1,1.205E0,3.47E0));
#2937=LINE('',#2936,#2935);
#2938=DIRECTION('',(0.E0,1.E0,0.E0));
#2939=VECTOR('',#2938,1.092E1);
#2940=CARTESIAN_POINT('',(-1.4445E1,1.205E0,0.E0));
#2941=LINE('',#2940,#2939);
#2942=DIRECTION('',(0.E0,1.E0,0.E0));
#2943=VECTOR('',#2942,1.092E1);
#2944=CARTESIAN_POINT('',(-1.3305E1,1.205E0,0.E0));
#2945=LINE('',#2944,#2943);
#2946=DIRECTION('',(0.E0,1.E0,0.E0));
#2947=VECTOR('',#2946,3.94E0);
#2948=CARTESIAN_POINT('',(-1.3305E1,-5.145E0,0.E0));
#2949=LINE('',#2948,#2947);
#2950=CARTESIAN_POINT('',(-1.3875E1,-5.145E0,0.E0));
#2951=DIRECTION('',(0.E0,-1.E0,0.E0));
#2952=DIRECTION('',(1.E0,0.E0,0.E0));
#2953=AXIS2_PLACEMENT_3D('',#2950,#2951,#2952);
#2955=DIRECTION('',(0.E0,1.E0,0.E0));
#2956=VECTOR('',#2955,3.94E0);
#2957=CARTESIAN_POINT('',(-1.4445E1,-5.145E0,0.E0));
#2958=LINE('',#2957,#2956);
#2959=DIRECTION('',(-3.568681169914E-1,9.341547768304E-1,0.E0));
#2960=VECTOR('',#2959,9.527329111561E-1);
#2961=CARTESIAN_POINT('',(-1.3305E1,1.2125E1,0.E0));
#2962=LINE('',#2961,#2960);
#2963=CARTESIAN_POINT('',(-1.3875E1,1.2125E1,0.E0));
#2964=DIRECTION('',(0.E0,-1.E0,0.E0));
#2965=DIRECTION('',(1.E0,0.E0,0.E0));
#2966=AXIS2_PLACEMENT_3D('',#2963,#2964,#2965);
#2968=DIRECTION('',(3.568681169914E-1,9.341547768304E-1,0.E0));
#2969=VECTOR('',#2968,9.527329111561E-1);
#2970=CARTESIAN_POINT('',(-1.4445E1,1.2125E1,0.E0));
#2971=LINE('',#2970,#2969);
#2972=CARTESIAN_POINT('',(-1.3875E1,1.2125E1,0.E0));
#2973=DIRECTION('',(0.E0,1.E0,0.E0));
#2974=DIRECTION('',(1.E0,0.E0,0.E0));
#2975=AXIS2_PLACEMENT_3D('',#2972,#2973,#2974);
#2977=CARTESIAN_POINT('',(-1.3875E1,1.3015E1,0.E0));
#2978=DIRECTION('',(0.E0,-1.E0,0.E0));
#2979=DIRECTION('',(1.E0,0.E0,0.E0));
#2980=AXIS2_PLACEMENT_3D('',#2977,#2978,#2979);
#2982=CARTESIAN_POINT('',(-1.3875E1,1.3015E1,0.E0));
#2983=DIRECTION('',(0.E0,1.E0,0.E0));
#2984=DIRECTION('',(1.E0,0.E0,0.E0));
#2985=AXIS2_PLACEMENT_3D('',#2982,#2983,#2984);
#2987=DIRECTION('',(3.568681169914E-1,9.341547768304E-1,0.E0));
#2988=VECTOR('',#2987,9.527329111561E-1);
#2989=CARTESIAN_POINT('',(-1.3645E1,-6.035E0,0.E0));
#2990=LINE('',#2989,#2988);
#2991=CARTESIAN_POINT('',(-1.3875E1,-6.035E0,0.E0));
#2992=DIRECTION('',(0.E0,-1.E0,0.E0));
#2993=DIRECTION('',(1.E0,0.E0,0.E0));
#2994=AXIS2_PLACEMENT_3D('',#2991,#2992,#2993);
#2996=DIRECTION('',(-3.568681169914E-1,9.341547768304E-1,0.E0));
#2997=VECTOR('',#2996,9.527329111561E-1);
#2998=CARTESIAN_POINT('',(-1.4105E1,-6.035E0,0.E0));
#2999=LINE('',#2998,#2997);
#3000=CARTESIAN_POINT('',(-1.3875E1,-6.035E0,0.E0));
#3001=DIRECTION('',(0.E0,1.E0,0.E0));
#3002=DIRECTION('',(1.E0,0.E0,0.E0));
#3003=AXIS2_PLACEMENT_3D('',#3000,#3001,#3002);
#3005=DIRECTION('',(0.E0,1.E0,0.E0));
#3006=VECTOR('',#3005,3.8E-1);
#3007=CARTESIAN_POINT('',(-1.2785E1,1.205E0,-2.45E0));
#3008=LINE('',#3007,#3006);
#3009=DIRECTION('',(0.E0,0.E0,-1.E0));
#3010=VECTOR('',#3009,5.92E0);
#3011=CARTESIAN_POINT('',(-1.2785E1,1.205E0,3.47E0));
#3012=LINE('',#3011,#3010);
#3013=DIRECTION('',(0.E0,-1.E0,0.E0));
#3014=VECTOR('',#3013,3.8E-1);
#3015=CARTESIAN_POINT('',(-1.4965E1,1.585E0,-2.45E0));
#3016=LINE('',#3015,#3014);
#3017=DIRECTION('',(0.E0,0.E0,-1.E0));
#3018=VECTOR('',#3017,6.9E0);
#3019=CARTESIAN_POINT('',(-1.6745E1,-1.205E0,3.47E0));
#3020=LINE('',#3019,#3018);
#3021=CARTESIAN_POINT('',(-1.7835E1,-1.205E0,0.E0));
#3022=DIRECTION('',(0.E0,1.E0,0.E0));
#3023=DIRECTION('',(1.E0,0.E0,0.E0));
#3024=AXIS2_PLACEMENT_3D('',#3021,#3022,#3023);
#3026=CARTESIAN_POINT('',(-1.7835E1,-1.205E0,0.E0));
#3027=DIRECTION('',(0.E0,1.E0,0.E0));
#3028=DIRECTION('',(-1.E0,0.E0,0.E0));
#3029=AXIS2_PLACEMENT_3D('',#3026,#3027,#3028);
#3031=DIRECTION('',(0.E0,0.E0,-1.E0));
#3032=VECTOR('',#3031,6.9E0);
#3033=CARTESIAN_POINT('',(-1.8925E1,-1.205E0,3.47E0));
#3034=LINE('',#3033,#3032);
#3035=CARTESIAN_POINT('',(-1.7835E1,-5.145E0,0.E0));
#3036=DIRECTION('',(0.E0,1.E0,0.E0));
#3037=DIRECTION('',(1.E0,0.E0,0.E0));
#3038=AXIS2_PLACEMENT_3D('',#3035,#3036,#3037);
#3040=CARTESIAN_POINT('',(-1.7835E1,1.205E0,0.E0));
#3041=DIRECTION('',(0.E0,1.E0,0.E0));
#3042=DIRECTION('',(1.E0,0.E0,0.E0));
#3043=AXIS2_PLACEMENT_3D('',#3040,#3041,#3042);
#3045=CARTESIAN_POINT('',(-1.7835E1,1.205E0,0.E0));
#3046=DIRECTION('',(0.E0,1.E0,0.E0));
#3047=DIRECTION('',(-1.E0,0.E0,0.E0));
#3048=AXIS2_PLACEMENT_3D('',#3045,#3046,#3047);
#3050=DIRECTION('',(1.E0,0.E0,0.E0));
#3051=VECTOR('',#3050,2.18E0);
#3052=CARTESIAN_POINT('',(-1.8925E1,1.205E0,-2.45E0));
#3053=LINE('',#3052,#3051);
#3054=DIRECTION('',(0.E0,0.E0,-1.E0));
#3055=VECTOR('',#3054,5.92E0);
#3056=CARTESIAN_POINT('',(-1.8925E1,1.205E0,3.47E0));
#3057=LINE('',#3056,#3055);
#3058=DIRECTION('',(0.E0,1.E0,0.E0));
#3059=VECTOR('',#3058,1.092E1);
#3060=CARTESIAN_POINT('',(-1.8405E1,1.205E0,0.E0));
#3061=LINE('',#3060,#3059);
#3062=DIRECTION('',(0.E0,1.E0,0.E0));
#3063=VECTOR('',#3062,1.092E1);
#3064=CARTESIAN_POINT('',(-1.7265E1,1.205E0,0.E0));
#3065=LINE('',#3064,#3063);
#3066=DIRECTION('',(0.E0,1.E0,0.E0));
#3067=VECTOR('',#3066,3.94E0);
#3068=CARTESIAN_POINT('',(-1.7265E1,-5.145E0,0.E0));
#3069=LINE('',#3068,#3067);
#3070=CARTESIAN_POINT('',(-1.7835E1,-5.145E0,0.E0));
#3071=DIRECTION('',(0.E0,-1.E0,0.E0));
#3072=DIRECTION('',(1.E0,0.E0,0.E0));
#3073=AXIS2_PLACEMENT_3D('',#3070,#3071,#3072);
#3075=DIRECTION('',(0.E0,1.E0,0.E0));
#3076=VECTOR('',#3075,3.94E0);
#3077=CARTESIAN_POINT('',(-1.8405E1,-5.145E0,0.E0));
#3078=LINE('',#3077,#3076);
#3079=DIRECTION('',(-3.568681169914E-1,9.341547768304E-1,0.E0));
#3080=VECTOR('',#3079,9.527329111561E-1);
#3081=CARTESIAN_POINT('',(-1.7265E1,1.2125E1,0.E0));
#3082=LINE('',#3081,#3080);
#3083=CARTESIAN_POINT('',(-1.7835E1,1.2125E1,0.E0));
#3084=DIRECTION('',(0.E0,-1.E0,0.E0));
#3085=DIRECTION('',(1.E0,0.E0,0.E0));
#3086=AXIS2_PLACEMENT_3D('',#3083,#3084,#3085);
#3088=DIRECTION('',(3.568681169914E-1,9.341547768304E-1,0.E0));
#3089=VECTOR('',#3088,9.527329111561E-1);
#3090=CARTESIAN_POINT('',(-1.8405E1,1.2125E1,0.E0));
#3091=LINE('',#3090,#3089);
#3092=CARTESIAN_POINT('',(-1.7835E1,1.2125E1,0.E0));
#3093=DIRECTION('',(0.E0,1.E0,0.E0));
#3094=DIRECTION('',(1.E0,0.E0,0.E0));
#3095=AXIS2_PLACEMENT_3D('',#3092,#3093,#3094);
#3097=CARTESIAN_POINT('',(-1.7835E1,1.3015E1,0.E0));
#3098=DIRECTION('',(0.E0,-1.E0,0.E0));
#3099=DIRECTION('',(1.E0,0.E0,0.E0));
#3100=AXIS2_PLACEMENT_3D('',#3097,#3098,#3099);
#3102=CARTESIAN_POINT('',(-1.7835E1,1.3015E1,0.E0));
#3103=DIRECTION('',(0.E0,1.E0,0.E0));
#3104=DIRECTION('',(1.E0,0.E0,0.E0));
#3105=AXIS2_PLACEMENT_3D('',#3102,#3103,#3104);
#3107=DIRECTION('',(3.568681169914E-1,9.341547768304E-1,0.E0));
#3108=VECTOR('',#3107,9.527329111561E-1);
#3109=CARTESIAN_POINT('',(-1.7605E1,-6.035E0,0.E0));
#3110=LINE('',#3109,#3108);
#3111=CARTESIAN_POINT('',(-1.7835E1,-6.035E0,0.E0));
#3112=DIRECTION('',(0.E0,-1.E0,0.E0));
#3113=DIRECTION('',(1.E0,0.E0,0.E0));
#3114=AXIS2_PLACEMENT_3D('',#3111,#3112,#3113);
#3116=DIRECTION('',(-3.568681169914E-1,9.341547768304E-1,0.E0));
#3117=VECTOR('',#3116,9.527329111561E-1);
#3118=CARTESIAN_POINT('',(-1.8065E1,-6.035E0,0.E0));
#3119=LINE('',#3118,#3117);
#3120=CARTESIAN_POINT('',(-1.7835E1,-6.035E0,0.E0));
#3121=DIRECTION('',(0.E0,1.E0,0.E0));
#3122=DIRECTION('',(1.E0,0.E0,0.E0));
#3123=AXIS2_PLACEMENT_3D('',#3120,#3121,#3122);
#3125=DIRECTION('',(0.E0,1.E0,0.E0));
#3126=VECTOR('',#3125,3.8E-1);
#3127=CARTESIAN_POINT('',(-1.6745E1,1.205E0,-2.45E0));
#3128=LINE('',#3127,#3126);
#3129=DIRECTION('',(0.E0,0.E0,-1.E0));
#3130=VECTOR('',#3129,5.92E0);
#3131=CARTESIAN_POINT('',(-1.6745E1,1.205E0,3.47E0));
#3132=LINE('',#3131,#3130);
#3133=DIRECTION('',(0.E0,-1.E0,0.E0));
#3134=VECTOR('',#3133,3.8E-1);
#3135=CARTESIAN_POINT('',(-1.8925E1,1.585E0,-2.45E0));
#3136=LINE('',#3135,#3134);
#3137=DIRECTION('',(0.E0,0.E0,-1.E0));
#3138=VECTOR('',#3137,6.9E0);
#3139=CARTESIAN_POINT('',(-2.0705E1,-1.205E0,3.47E0));
#3140=LINE('',#3139,#3138);
#3141=CARTESIAN_POINT('',(-2.1795E1,-1.205E0,0.E0));
#3142=DIRECTION('',(0.E0,1.E0,0.E0));
#3143=DIRECTION('',(1.E0,0.E0,0.E0));
#3144=AXIS2_PLACEMENT_3D('',#3141,#3142,#3143);
#3146=CARTESIAN_POINT('',(-2.1795E1,-1.205E0,0.E0));
#3147=DIRECTION('',(0.E0,1.E0,0.E0));
#3148=DIRECTION('',(-1.E0,0.E0,0.E0));
#3149=AXIS2_PLACEMENT_3D('',#3146,#3147,#3148);
#3151=DIRECTION('',(0.E0,0.E0,-1.E0));
#3152=VECTOR('',#3151,6.9E0);
#3153=CARTESIAN_POINT('',(-2.2885E1,-1.205E0,3.47E0));
#3154=LINE('',#3153,#3152);
#3155=CARTESIAN_POINT('',(-2.1795E1,-5.145E0,0.E0));
#3156=DIRECTION('',(0.E0,1.E0,0.E0));
#3157=DIRECTION('',(1.E0,0.E0,0.E0));
#3158=AXIS2_PLACEMENT_3D('',#3155,#3156,#3157);
#3160=CARTESIAN_POINT('',(-2.1795E1,1.205E0,0.E0));
#3161=DIRECTION('',(0.E0,1.E0,0.E0));
#3162=DIRECTION('',(1.E0,0.E0,0.E0));
#3163=AXIS2_PLACEMENT_3D('',#3160,#3161,#3162);
#3165=CARTESIAN_POINT('',(-2.1795E1,1.205E0,0.E0));
#3166=DIRECTION('',(0.E0,1.E0,0.E0));
#3167=DIRECTION('',(-1.E0,0.E0,0.E0));
#3168=AXIS2_PLACEMENT_3D('',#3165,#3166,#3167);
#3170=DIRECTION('',(1.E0,0.E0,0.E0));
#3171=VECTOR('',#3170,2.18E0);
#3172=CARTESIAN_POINT('',(-2.2885E1,1.205E0,-2.45E0));
#3173=LINE('',#3172,#3171);
#3174=DIRECTION('',(0.E0,0.E0,-1.E0));
#3175=VECTOR('',#3174,5.92E0);
#3176=CARTESIAN_POINT('',(-2.2885E1,1.205E0,3.47E0));
#3177=LINE('',#3176,#3175);
#3178=DIRECTION('',(0.E0,1.E0,0.E0));
#3179=VECTOR('',#3178,1.092E1);
#3180=CARTESIAN_POINT('',(-2.2365E1,1.205E0,0.E0));
#3181=LINE('',#3180,#3179);
#3182=DIRECTION('',(0.E0,1.E0,0.E0));
#3183=VECTOR('',#3182,1.092E1);
#3184=CARTESIAN_POINT('',(-2.1225E1,1.205E0,0.E0));
#3185=LINE('',#3184,#3183);
#3186=DIRECTION('',(0.E0,1.E0,0.E0));
#3187=VECTOR('',#3186,3.94E0);
#3188=CARTESIAN_POINT('',(-2.1225E1,-5.145E0,0.E0));
#3189=LINE('',#3188,#3187);
#3190=CARTESIAN_POINT('',(-2.1795E1,-5.145E0,0.E0));
#3191=DIRECTION('',(0.E0,-1.E0,0.E0));
#3192=DIRECTION('',(1.E0,0.E0,0.E0));
#3193=AXIS2_PLACEMENT_3D('',#3190,#3191,#3192);
#3195=DIRECTION('',(0.E0,1.E0,0.E0));
#3196=VECTOR('',#3195,3.94E0);
#3197=CARTESIAN_POINT('',(-2.2365E1,-5.145E0,0.E0));
#3198=LINE('',#3197,#3196);
#3199=DIRECTION('',(-3.568681169914E-1,9.341547768304E-1,0.E0));
#3200=VECTOR('',#3199,9.527329111561E-1);
#3201=CARTESIAN_POINT('',(-2.1225E1,1.2125E1,0.E0));
#3202=LINE('',#3201,#3200);
#3203=CARTESIAN_POINT('',(-2.1795E1,1.2125E1,0.E0));
#3204=DIRECTION('',(0.E0,-1.E0,0.E0));
#3205=DIRECTION('',(1.E0,0.E0,0.E0));
#3206=AXIS2_PLACEMENT_3D('',#3203,#3204,#3205);
#3208=DIRECTION('',(3.568681169914E-1,9.341547768304E-1,0.E0));
#3209=VECTOR('',#3208,9.527329111561E-1);
#3210=CARTESIAN_POINT('',(-2.2365E1,1.2125E1,0.E0));
#3211=LINE('',#3210,#3209);
#3212=CARTESIAN_POINT('',(-2.1795E1,1.2125E1,0.E0));
#3213=DIRECTION('',(0.E0,1.E0,0.E0));
#3214=DIRECTION('',(1.E0,0.E0,0.E0));
#3215=AXIS2_PLACEMENT_3D('',#3212,#3213,#3214);
#3217=CARTESIAN_POINT('',(-2.1795E1,1.3015E1,0.E0));
#3218=DIRECTION('',(0.E0,-1.E0,0.E0));
#3219=DIRECTION('',(1.E0,0.E0,0.E0));
#3220=AXIS2_PLACEMENT_3D('',#3217,#3218,#3219);
#3222=CARTESIAN_POINT('',(-2.1795E1,1.3015E1,0.E0));
#3223=DIRECTION('',(0.E0,1.E0,0.E0));
#3224=DIRECTION('',(1.E0,0.E0,0.E0));
#3225=AXIS2_PLACEMENT_3D('',#3222,#3223,#3224);
#3227=DIRECTION('',(3.568681169914E-1,9.341547768304E-1,0.E0));
#3228=VECTOR('',#3227,9.527329111561E-1);
#3229=CARTESIAN_POINT('',(-2.1565E1,-6.035E0,0.E0));
#3230=LINE('',#3229,#3228);
#3231=CARTESIAN_POINT('',(-2.1795E1,-6.035E0,0.E0));
#3232=DIRECTION('',(0.E0,-1.E0,0.E0));
#3233=DIRECTION('',(1.E0,0.E0,0.E0));
#3234=AXIS2_PLACEMENT_3D('',#3231,#3232,#3233);
#3236=DIRECTION('',(-3.568681169914E-1,9.341547768304E-1,0.E0));
#3237=VECTOR('',#3236,9.527329111561E-1);
#3238=CARTESIAN_POINT('',(-2.2025E1,-6.035E0,0.E0));
#3239=LINE('',#3238,#3237);
#3240=CARTESIAN_POINT('',(-2.1795E1,-6.035E0,0.E0));
#3241=DIRECTION('',(0.E0,1.E0,0.E0));
#3242=DIRECTION('',(1.E0,0.E0,0.E0));
#3243=AXIS2_PLACEMENT_3D('',#3240,#3241,#3242);
#3245=DIRECTION('',(0.E0,1.E0,0.E0));
#3246=VECTOR('',#3245,3.8E-1);
#3247=CARTESIAN_POINT('',(-2.0705E1,1.205E0,-2.45E0));
#3248=LINE('',#3247,#3246);
#3249=DIRECTION('',(0.E0,0.E0,-1.E0));
#3250=VECTOR('',#3249,5.92E0);
#3251=CARTESIAN_POINT('',(-2.0705E1,1.205E0,3.47E0));
#3252=LINE('',#3251,#3250);
#3253=DIRECTION('',(0.E0,-1.E0,0.E0));
#3254=VECTOR('',#3253,3.8E-1);
#3255=CARTESIAN_POINT('',(-2.2885E1,1.585E0,-2.45E0));
#3256=LINE('',#3255,#3254);
#3257=DIRECTION('',(0.E0,0.E0,-1.E0));
#3258=VECTOR('',#3257,6.9E0);
#3259=CARTESIAN_POINT('',(-2.4665E1,-1.205E0,3.47E0));
#3260=LINE('',#3259,#3258);
#3261=CARTESIAN_POINT('',(-2.5755E1,-1.205E0,0.E0));
#3262=DIRECTION('',(0.E0,1.E0,0.E0));
#3263=DIRECTION('',(1.E0,0.E0,0.E0));
#3264=AXIS2_PLACEMENT_3D('',#3261,#3262,#3263);
#3266=CARTESIAN_POINT('',(-2.5755E1,-1.205E0,0.E0));
#3267=DIRECTION('',(0.E0,1.E0,0.E0));
#3268=DIRECTION('',(-1.E0,0.E0,0.E0));
#3269=AXIS2_PLACEMENT_3D('',#3266,#3267,#3268);
#3271=CARTESIAN_POINT('',(-2.5755E1,-5.145E0,0.E0));
#3272=DIRECTION('',(0.E0,1.E0,0.E0));
#3273=DIRECTION('',(1.E0,0.E0,0.E0));
#3274=AXIS2_PLACEMENT_3D('',#3271,#3272,#3273);
#3276=CARTESIAN_POINT('',(-2.5755E1,1.205E0,0.E0));
#3277=DIRECTION('',(0.E0,1.E0,0.E0));
#3278=DIRECTION('',(1.E0,0.E0,0.E0));
#3279=AXIS2_PLACEMENT_3D('',#3276,#3277,#3278);
#3281=CARTESIAN_POINT('',(-2.5755E1,1.205E0,0.E0));
#3282=DIRECTION('',(0.E0,1.E0,0.E0));
#3283=DIRECTION('',(-1.E0,0.E0,0.E0));
#3284=AXIS2_PLACEMENT_3D('',#3281,#3282,#3283);
#3286=DIRECTION('',(1.E0,0.E0,0.E0));
#3287=VECTOR('',#3286,2.18E0);
#3288=CARTESIAN_POINT('',(-2.6845E1,1.205E0,-2.45E0));
#3289=LINE('',#3288,#3287);
#3290=DIRECTION('',(0.E0,0.E0,-1.E0));
#3291=VECTOR('',#3290,5.92E0);
#3292=CARTESIAN_POINT('',(-2.6845E1,1.205E0,3.47E0));
#3293=LINE('',#3292,#3291);
#3294=DIRECTION('',(0.E0,1.E0,0.E0));
#3295=VECTOR('',#3294,1.092E1);
#3296=CARTESIAN_POINT('',(-2.6325E1,1.205E0,0.E0));
#3297=LINE('',#3296,#3295);
#3298=DIRECTION('',(0.E0,1.E0,0.E0));
#3299=VECTOR('',#3298,1.092E1);
#3300=CARTESIAN_POINT('',(-2.5185E1,1.205E0,0.E0));
#3301=LINE('',#3300,#3299);
#3302=DIRECTION('',(0.E0,1.E0,0.E0));
#3303=VECTOR('',#3302,3.94E0);
#3304=CARTESIAN_POINT('',(-2.5185E1,-5.145E0,0.E0));
#3305=LINE('',#3304,#3303);
#3306=CARTESIAN_POINT('',(-2.5755E1,-5.145E0,0.E0));
#3307=DIRECTION('',(0.E0,-1.E0,0.E0));
#3308=DIRECTION('',(1.E0,0.E0,0.E0));
#3309=AXIS2_PLACEMENT_3D('',#3306,#3307,#3308);
#3311=DIRECTION('',(0.E0,1.E0,0.E0));
#3312=VECTOR('',#3311,3.94E0);
#3313=CARTESIAN_POINT('',(-2.6325E1,-5.145E0,0.E0));
#3314=LINE('',#3313,#3312);
#3315=DIRECTION('',(-3.568681169914E-1,9.341547768304E-1,0.E0));
#3316=VECTOR('',#3315,9.527329111561E-1);
#3317=CARTESIAN_POINT('',(-2.5185E1,1.2125E1,0.E0));
#3318=LINE('',#3317,#3316);
#3319=CARTESIAN_POINT('',(-2.5755E1,1.2125E1,0.E0));
#3320=DIRECTION('',(0.E0,-1.E0,0.E0));
#3321=DIRECTION('',(1.E0,0.E0,0.E0));
#3322=AXIS2_PLACEMENT_3D('',#3319,#3320,#3321);
#3324=DIRECTION('',(3.568681169914E-1,9.341547768304E-1,0.E0));
#3325=VECTOR('',#3324,9.527329111561E-1);
#3326=CARTESIAN_POINT('',(-2.6325E1,1.2125E1,0.E0));
#3327=LINE('',#3326,#3325);
#3328=CARTESIAN_POINT('',(-2.5755E1,1.2125E1,0.E0));
#3329=DIRECTION('',(0.E0,1.E0,0.E0));
#3330=DIRECTION('',(1.E0,0.E0,0.E0));
#3331=AXIS2_PLACEMENT_3D('',#3328,#3329,#3330);
#3333=CARTESIAN_POINT('',(-2.5755E1,1.3015E1,0.E0));
#3334=DIRECTION('',(0.E0,-1.E0,0.E0));
#3335=DIRECTION('',(1.E0,0.E0,0.E0));
#3336=AXIS2_PLACEMENT_3D('',#3333,#3334,#3335);
#3338=CARTESIAN_POINT('',(-2.5755E1,1.3015E1,0.E0));
#3339=DIRECTION('',(0.E0,1.E0,0.E0));
#3340=DIRECTION('',(1.E0,0.E0,0.E0));
#3341=AXIS2_PLACEMENT_3D('',#3338,#3339,#3340);
#3343=DIRECTION('',(3.568681169914E-1,9.341547768304E-1,0.E0));
#3344=VECTOR('',#3343,9.527329111561E-1);
#3345=CARTESIAN_POINT('',(-2.5525E1,-6.035E0,0.E0));
#3346=LINE('',#3345,#3344);
#3347=CARTESIAN_POINT('',(-2.5755E1,-6.035E0,0.E0));
#3348=DIRECTION('',(0.E0,-1.E0,0.E0));
#3349=DIRECTION('',(1.E0,0.E0,0.E0));
#3350=AXIS2_PLACEMENT_3D('',#3347,#3348,#3349);
#3352=DIRECTION('',(-3.568681169914E-1,9.341547768304E-1,0.E0));
#3353=VECTOR('',#3352,9.527329111561E-1);
#3354=CARTESIAN_POINT('',(-2.5985E1,-6.035E0,0.E0));
#3355=LINE('',#3354,#3353);
#3356=CARTESIAN_POINT('',(-2.5755E1,-6.035E0,0.E0));
#3357=DIRECTION('',(0.E0,1.E0,0.E0));
#3358=DIRECTION('',(1.E0,0.E0,0.E0));
#3359=AXIS2_PLACEMENT_3D('',#3356,#3357,#3358);
#3361=DIRECTION('',(0.E0,0.E0,-1.E0));
#3362=VECTOR('',#3361,5.92E0);
#3363=CARTESIAN_POINT('',(-2.4665E1,1.205E0,3.47E0));
#3364=LINE('',#3363,#3362);
#3365=DIRECTION('',(0.E0,1.E0,0.E0));
#3366=VECTOR('',#3365,3.8E-1);
#3367=CARTESIAN_POINT('',(-2.4665E1,1.205E0,-2.45E0));
#3368=LINE('',#3367,#3366);
#3369=DIRECTION('',(0.E0,-1.E0,0.E0));
#3370=VECTOR('',#3369,3.8E-1);
#3371=CARTESIAN_POINT('',(-2.6845E1,1.585E0,-2.45E0));
#3372=LINE('',#3371,#3370);
#3373=DIRECTION('',(0.E0,-1.E0,0.E0));
#3374=VECTOR('',#3373,3.17E0);
#3375=CARTESIAN_POINT('',(-2.4285E1,1.585E0,-1.5E0));
#3376=LINE('',#3375,#3374);
#3377=DIRECTION('',(0.E0,-1.E0,0.E0));
#3378=VECTOR('',#3377,3.17E0);
#3379=CARTESIAN_POINT('',(-2.4285E1,1.585E0,1.5E0));
#3380=LINE('',#3379,#3378);
#3381=DIRECTION('',(0.E0,-1.E0,0.E0));
#3382=VECTOR('',#3381,3.17E0);
#3383=CARTESIAN_POINT('',(-2.3265E1,1.585E0,1.5E0));
#3384=LINE('',#3383,#3382);
#3385=DIRECTION('',(0.E0,-1.E0,0.E0));
#3386=VECTOR('',#3385,3.17E0);
#3387=CARTESIAN_POINT('',(-2.3265E1,1.585E0,-1.5E0));
#3388=LINE('',#3387,#3386);
#3389=DIRECTION('',(0.E0,-1.E0,0.E0));
#3390=VECTOR('',#3389,3.17E0);
#3391=CARTESIAN_POINT('',(-2.0325E1,1.585E0,-1.5E0));
#3392=LINE('',#3391,#3390);
#3393=DIRECTION('',(0.E0,-1.E0,0.E0));
#3394=VECTOR('',#3393,3.17E0);
#3395=CARTESIAN_POINT('',(-2.0325E1,1.585E0,1.5E0));
#3396=LINE('',#3395,#3394);
#3397=DIRECTION('',(0.E0,-1.E0,0.E0));
#3398=VECTOR('',#3397,3.17E0);
#3399=CARTESIAN_POINT('',(-1.9305E1,1.585E0,1.5E0));
#3400=LINE('',#3399,#3398);
#3401=DIRECTION('',(0.E0,-1.E0,0.E0));
#3402=VECTOR('',#3401,3.17E0);
#3403=CARTESIAN_POINT('',(-1.9305E1,1.585E0,-1.5E0));
#3404=LINE('',#3403,#3402);
#3405=DIRECTION('',(0.E0,-1.E0,0.E0));
#3406=VECTOR('',#3405,3.17E0);
#3407=CARTESIAN_POINT('',(-1.6365E1,1.585E0,-1.5E0));
#3408=LINE('',#3407,#3406);
#3409=DIRECTION('',(0.E0,-1.E0,0.E0));
#3410=VECTOR('',#3409,3.17E0);
#3411=CARTESIAN_POINT('',(-1.6365E1,1.585E0,1.5E0));
#3412=LINE('',#3411,#3410);
#3413=DIRECTION('',(0.E0,-1.E0,0.E0));
#3414=VECTOR('',#3413,3.17E0);
#3415=CARTESIAN_POINT('',(-1.5345E1,1.585E0,1.5E0));
#3416=LINE('',#3415,#3414);
#3417=DIRECTION('',(0.E0,-1.E0,0.E0));
#3418=VECTOR('',#3417,3.17E0);
#3419=CARTESIAN_POINT('',(-1.5345E1,1.585E0,-1.5E0));
#3420=LINE('',#3419,#3418);
#3421=DIRECTION('',(0.E0,-1.E0,0.E0));
#3422=VECTOR('',#3421,3.17E0);
#3423=CARTESIAN_POINT('',(-1.2405E1,1.585E0,-1.5E0));
#3424=LINE('',#3423,#3422);
#3425=DIRECTION('',(0.E0,-1.E0,0.E0));
#3426=VECTOR('',#3425,3.17E0);
#3427=CARTESIAN_POINT('',(-1.2405E1,1.585E0,1.5E0));
#3428=LINE('',#3427,#3426);
#3429=DIRECTION('',(0.E0,-1.E0,0.E0));
#3430=VECTOR('',#3429,3.17E0);
#3431=CARTESIAN_POINT('',(-1.1385E1,1.585E0,1.5E0));
#3432=LINE('',#3431,#3430);
#3433=DIRECTION('',(0.E0,-1.E0,0.E0));
#3434=VECTOR('',#3433,3.17E0);
#3435=CARTESIAN_POINT('',(-1.1385E1,1.585E0,-1.5E0));
#3436=LINE('',#3435,#3434);
#3437=DIRECTION('',(0.E0,-1.E0,0.E0));
#3438=VECTOR('',#3437,3.17E0);
#3439=CARTESIAN_POINT('',(-8.445E0,1.585E0,-1.5E0));
#3440=LINE('',#3439,#3438);
#3441=DIRECTION('',(0.E0,-1.E0,0.E0));
#3442=VECTOR('',#3441,3.17E0);
#3443=CARTESIAN_POINT('',(-8.445E0,1.585E0,1.5E0));
#3444=LINE('',#3443,#3442);
#3445=DIRECTION('',(0.E0,-1.E0,0.E0));
#3446=VECTOR('',#3445,3.17E0);
#3447=CARTESIAN_POINT('',(-7.425E0,1.585E0,1.5E0));
#3448=LINE('',#3447,#3446);
#3449=DIRECTION('',(0.E0,-1.E0,0.E0));
#3450=VECTOR('',#3449,3.17E0);
#3451=CARTESIAN_POINT('',(-7.425E0,1.585E0,-1.5E0));
#3452=LINE('',#3451,#3450);
#3453=DIRECTION('',(0.E0,-1.E0,0.E0));
#3454=VECTOR('',#3453,3.17E0);
#3455=CARTESIAN_POINT('',(-4.485E0,1.585E0,-1.5E0));
#3456=LINE('',#3455,#3454);
#3457=DIRECTION('',(0.E0,-1.E0,0.E0));
#3458=VECTOR('',#3457,3.17E0);
#3459=CARTESIAN_POINT('',(-4.485E0,1.585E0,1.5E0));
#3460=LINE('',#3459,#3458);
#3461=DIRECTION('',(0.E0,-1.E0,0.E0));
#3462=VECTOR('',#3461,3.17E0);
#3463=CARTESIAN_POINT('',(-3.465E0,1.585E0,1.5E0));
#3464=LINE('',#3463,#3462);
#3465=DIRECTION('',(0.E0,-1.E0,0.E0));
#3466=VECTOR('',#3465,3.17E0);
#3467=CARTESIAN_POINT('',(-3.465E0,1.585E0,-1.5E0));
#3468=LINE('',#3467,#3466);
#3469=DIRECTION('',(0.E0,-1.E0,0.E0));
#3470=VECTOR('',#3469,3.17E0);
#3471=CARTESIAN_POINT('',(-5.25E-1,1.585E0,-1.5E0));
#3472=LINE('',#3471,#3470);
#3473=DIRECTION('',(0.E0,-1.E0,0.E0));
#3474=VECTOR('',#3473,3.17E0);
#3475=CARTESIAN_POINT('',(-5.25E-1,1.585E0,1.5E0));
#3476=LINE('',#3475,#3474);
#3477=DIRECTION('',(0.E0,-1.E0,0.E0));
#3478=VECTOR('',#3477,3.17E0);
#3479=CARTESIAN_POINT('',(4.95E-1,1.585E0,1.5E0));
#3480=LINE('',#3479,#3478);
#3481=DIRECTION('',(0.E0,-1.E0,0.E0));
#3482=VECTOR('',#3481,3.17E0);
#3483=CARTESIAN_POINT('',(4.95E-1,1.585E0,-1.5E0));
#3484=LINE('',#3483,#3482);
#3485=DIRECTION('',(0.E0,-1.E0,0.E0));
#3486=VECTOR('',#3485,3.17E0);
#3487=CARTESIAN_POINT('',(3.435E0,1.585E0,-1.5E0));
#3488=LINE('',#3487,#3486);
#3489=DIRECTION('',(0.E0,-1.E0,0.E0));
#3490=VECTOR('',#3489,3.17E0);
#3491=CARTESIAN_POINT('',(3.435E0,1.585E0,1.5E0));
#3492=LINE('',#3491,#3490);
#3493=DIRECTION('',(0.E0,-1.E0,0.E0));
#3494=VECTOR('',#3493,3.17E0);
#3495=CARTESIAN_POINT('',(4.455E0,1.585E0,1.5E0));
#3496=LINE('',#3495,#3494);
#3497=DIRECTION('',(0.E0,-1.E0,0.E0));
#3498=VECTOR('',#3497,3.17E0);
#3499=CARTESIAN_POINT('',(4.455E0,1.585E0,-1.5E0));
#3500=LINE('',#3499,#3498);
#3501=DIRECTION('',(0.E0,-1.E0,0.E0));
#3502=VECTOR('',#3501,3.17E0);
#3503=CARTESIAN_POINT('',(7.395E0,1.585E0,-1.5E0));
#3504=LINE('',#3503,#3502);
#3505=DIRECTION('',(0.E0,-1.E0,0.E0));
#3506=VECTOR('',#3505,3.17E0);
#3507=CARTESIAN_POINT('',(7.395E0,1.585E0,1.5E0));
#3508=LINE('',#3507,#3506);
#3509=DIRECTION('',(0.E0,-1.E0,0.E0));
#3510=VECTOR('',#3509,3.17E0);
#3511=CARTESIAN_POINT('',(8.415E0,1.585E0,1.5E0));
#3512=LINE('',#3511,#3510);
#3513=DIRECTION('',(0.E0,-1.E0,0.E0));
#3514=VECTOR('',#3513,3.17E0);
#3515=CARTESIAN_POINT('',(8.415E0,1.585E0,-1.5E0));
#3516=LINE('',#3515,#3514);
#3517=DIRECTION('',(0.E0,-1.E0,0.E0));
#3518=VECTOR('',#3517,3.17E0);
#3519=CARTESIAN_POINT('',(1.1355E1,1.585E0,-1.5E0));
#3520=LINE('',#3519,#3518);
#3521=DIRECTION('',(0.E0,-1.E0,0.E0));
#3522=VECTOR('',#3521,3.17E0);
#3523=CARTESIAN_POINT('',(1.1355E1,1.585E0,1.5E0));
#3524=LINE('',#3523,#3522);
#3525=DIRECTION('',(0.E0,-1.E0,0.E0));
#3526=VECTOR('',#3525,3.17E0);
#3527=CARTESIAN_POINT('',(1.2375E1,1.585E0,1.5E0));
#3528=LINE('',#3527,#3526);
#3529=DIRECTION('',(0.E0,-1.E0,0.E0));
#3530=VECTOR('',#3529,3.17E0);
#3531=CARTESIAN_POINT('',(1.2375E1,1.585E0,-1.5E0));
#3532=LINE('',#3531,#3530);
#3533=DIRECTION('',(0.E0,-1.E0,0.E0));
#3534=VECTOR('',#3533,3.17E0);
#3535=CARTESIAN_POINT('',(1.5315E1,1.585E0,-1.5E0));
#3536=LINE('',#3535,#3534);
#3537=DIRECTION('',(0.E0,-1.E0,0.E0));
#3538=VECTOR('',#3537,3.17E0);
#3539=CARTESIAN_POINT('',(1.5315E1,1.585E0,1.5E0));
#3540=LINE('',#3539,#3538);
#3541=DIRECTION('',(0.E0,-1.E0,0.E0));
#3542=VECTOR('',#3541,3.17E0);
#3543=CARTESIAN_POINT('',(1.6335E1,1.585E0,1.5E0));
#3544=LINE('',#3543,#3542);
#3545=DIRECTION('',(0.E0,-1.E0,0.E0));
#3546=VECTOR('',#3545,3.17E0);
#3547=CARTESIAN_POINT('',(1.6335E1,1.585E0,-1.5E0));
#3548=LINE('',#3547,#3546);
#3549=DIRECTION('',(0.E0,-1.E0,0.E0));
#3550=VECTOR('',#3549,3.17E0);
#3551=CARTESIAN_POINT('',(1.9275E1,1.585E0,-1.5E0));
#3552=LINE('',#3551,#3550);
#3553=DIRECTION('',(0.E0,-1.E0,0.E0));
#3554=VECTOR('',#3553,3.17E0);
#3555=CARTESIAN_POINT('',(1.9275E1,1.585E0,1.5E0));
#3556=LINE('',#3555,#3554);
#3557=DIRECTION('',(0.E0,-1.E0,0.E0));
#3558=VECTOR('',#3557,3.17E0);
#3559=CARTESIAN_POINT('',(2.0295E1,1.585E0,1.5E0));
#3560=LINE('',#3559,#3558);
#3561=DIRECTION('',(0.E0,-1.E0,0.E0));
#3562=VECTOR('',#3561,3.17E0);
#3563=CARTESIAN_POINT('',(2.0295E1,1.585E0,-1.5E0));
#3564=LINE('',#3563,#3562);
#3565=DIRECTION('',(0.E0,-1.E0,0.E0));
#3566=VECTOR('',#3565,3.17E0);
#3567=CARTESIAN_POINT('',(2.3235E1,1.585E0,-1.5E0));
#3568=LINE('',#3567,#3566);
#3569=DIRECTION('',(0.E0,-1.E0,0.E0));
#3570=VECTOR('',#3569,3.17E0);
#3571=CARTESIAN_POINT('',(2.3235E1,1.585E0,1.5E0));
#3572=LINE('',#3571,#3570);
#3573=DIRECTION('',(0.E0,-1.E0,0.E0));
#3574=VECTOR('',#3573,3.17E0);
#3575=CARTESIAN_POINT('',(2.4255E1,1.585E0,1.5E0));
#3576=LINE('',#3575,#3574);
#3577=DIRECTION('',(0.E0,-1.E0,0.E0));
#3578=VECTOR('',#3577,3.17E0);
#3579=CARTESIAN_POINT('',(2.4255E1,1.585E0,-1.5E0));
#3580=LINE('',#3579,#3578);
#3581=CARTESIAN_POINT('',(-2.7735E1,1.585E0,3.47E0));
#3582=CARTESIAN_POINT('',(-2.7735E1,-1.585E0,3.47E0));
#3583=VERTEX_POINT('',#3581);
#3584=VERTEX_POINT('',#3582);
#3585=CARTESIAN_POINT('',(2.7735E1,-1.585E0,3.47E0));
#3586=CARTESIAN_POINT('',(2.7735E1,1.585E0,3.47E0));
#3587=VERTEX_POINT('',#3585);
#3588=VERTEX_POINT('',#3586);
#3589=CARTESIAN_POINT('',(-2.7735E1,-1.585E0,-3.43E0));
#3590=VERTEX_POINT('',#3589);
#3591=CARTESIAN_POINT('',(2.7735E1,-1.585E0,-3.43E0));
#3592=VERTEX_POINT('',#3591);
#3593=CARTESIAN_POINT('',(-2.4665E1,-1.585E0,-3.43E0));
#3594=CARTESIAN_POINT('',(-2.4665E1,-1.205E0,-3.43E0));
#3595=VERTEX_POINT('',#3593);
#3596=VERTEX_POINT('',#3594);
#3597=CARTESIAN_POINT('',(-2.6845E1,-1.205E0,-3.43E0));
#3598=VERTEX_POINT('',#3597);
#3599=CARTESIAN_POINT('',(-2.6845E1,-1.585E0,-3.43E0));
#3600=VERTEX_POINT('',#3599);
#3601=CARTESIAN_POINT('',(-2.6845E1,1.585E0,3.47E0));
#3602=CARTESIAN_POINT('',(-2.6845E1,1.205E0,3.47E0));
#3603=VERTEX_POINT('',#3601);
#3604=VERTEX_POINT('',#3602);
#3605=CARTESIAN_POINT('',(-2.4665E1,1.205E0,3.47E0));
#3606=VERTEX_POINT('',#3605);
#3607=CARTESIAN_POINT('',(-2.4665E1,1.585E0,3.47E0));
#3608=VERTEX_POINT('',#3607);
#3609=CARTESIAN_POINT('',(-2.4665E1,-1.585E0,3.47E0));
#3610=CARTESIAN_POINT('',(-2.4665E1,-1.205E0,3.47E0));
#3611=VERTEX_POINT('',#3609);
#3612=VERTEX_POINT('',#3610);
#3613=CARTESIAN_POINT('',(-2.6845E1,-1.205E0,3.47E0));
#3614=VERTEX_POINT('',#3613);
#3615=CARTESIAN_POINT('',(-2.6845E1,-1.585E0,3.47E0));
#3616=VERTEX_POINT('',#3615);
#3617=CARTESIAN_POINT('',(-1.6365E1,7.535E0,-3.43E0));
#3618=CARTESIAN_POINT('',(-1.6365E1,1.585E0,-3.43E0));
#3619=VERTEX_POINT('',#3617);
#3620=VERTEX_POINT('',#3618);
#3621=CARTESIAN_POINT('',(-1.5345E1,1.585E0,-3.43E0));
#3622=VERTEX_POINT('',#3621);
#3623=CARTESIAN_POINT('',(-1.5345E1,7.535E0,-3.43E0));
#3624=VERTEX_POINT('',#3623);
#3625=CARTESIAN_POINT('',(-1.6365E1,1.585E0,-2.45E0));
#3626=VERTEX_POINT('',#3625);
#3627=CARTESIAN_POINT('',(-1.5345E1,1.585E0,-2.45E0));
#3628=VERTEX_POINT('',#3627);
#3629=CARTESIAN_POINT('',(-2.4285E1,-1.585E0,-1.5E0));
#3630=CARTESIAN_POINT('',(-2.4285E1,-1.585E0,1.5E0));
#3631=VERTEX_POINT('',#3629);
#3632=VERTEX_POINT('',#3630);
#3633=CARTESIAN_POINT('',(-2.3265E1,-1.585E0,1.5E0));
#3634=VERTEX_POINT('',#3633);
#3635=CARTESIAN_POINT('',(-2.3265E1,-1.585E0,-1.5E0));
#3636=VERTEX_POINT('',#3635);
#3637=CARTESIAN_POINT('',(-2.4285E1,1.585E0,-1.5E0));
#3638=CARTESIAN_POINT('',(-2.4285E1,1.585E0,1.5E0));
#3639=VERTEX_POINT('',#3637);
#3640=VERTEX_POINT('',#3638);
#3641=CARTESIAN_POINT('',(-2.3265E1,1.585E0,1.5E0));
#3642=VERTEX_POINT('',#3641);
#3643=CARTESIAN_POINT('',(-2.3265E1,1.585E0,-1.5E0));
#3644=VERTEX_POINT('',#3643);
#3645=CARTESIAN_POINT('',(2.7735E1,7.535E0,-3.43E0));
#3646=CARTESIAN_POINT('',(2.7735E1,7.535E0,-2.83E0));
#3647=VERTEX_POINT('',#3645);
#3648=VERTEX_POINT('',#3646);
#3649=CARTESIAN_POINT('',(2.7735E1,6.876820693124E0,-2.45E0));
#3650=VERTEX_POINT('',#3649);
#3651=CARTESIAN_POINT('',(-2.7735E1,7.535E0,-2.83E0));
#3652=CARTESIAN_POINT('',(-2.7735E1,7.535E0,-3.43E0));
#3653=VERTEX_POINT('',#3651);
#3654=VERTEX_POINT('',#3652);
#3655=CARTESIAN_POINT('',(-2.7735E1,6.876820693124E0,-2.45E0));
#3656=VERTEX_POINT('',#3655);
#3657=CARTESIAN_POINT('',(2.7735E1,1.585E0,-2.45E0));
#3658=CARTESIAN_POINT('',(2.6815E1,1.585E0,-2.45E0));
#3659=VERTEX_POINT('',#3657);
#3660=VERTEX_POINT('',#3658);
#3661=CARTESIAN_POINT('',(-2.7735E1,1.585E0,-2.45E0));
#3662=VERTEX_POINT('',#3661);
#3663=CARTESIAN_POINT('',(2.4635E1,1.585E0,-2.45E0));
#3664=CARTESIAN_POINT('',(2.2855E1,1.585E0,-2.45E0));
#3665=VERTEX_POINT('',#3663);
#3666=VERTEX_POINT('',#3664);
#3667=CARTESIAN_POINT('',(-2.6845E1,1.585E0,-2.45E0));
#3668=VERTEX_POINT('',#3667);
#3669=CARTESIAN_POINT('',(-2.4665E1,1.585E0,-2.45E0));
#3670=VERTEX_POINT('',#3669);
#3671=CARTESIAN_POINT('',(-2.5525E1,-6.035E0,0.E0));
#3672=CARTESIAN_POINT('',(-2.5185E1,-5.145E0,0.E0));
#3673=VERTEX_POINT('',#3671);
#3674=VERTEX_POINT('',#3672);
#3675=CARTESIAN_POINT('',(-2.5185E1,1.2125E1,0.E0));
#3676=CARTESIAN_POINT('',(-2.5525E1,1.3015E1,0.E0));
#3677=VERTEX_POINT('',#3675);
#3678=VERTEX_POINT('',#3676);
#3679=CARTESIAN_POINT('',(-2.5985E1,-6.035E0,0.E0));
#3680=CARTESIAN_POINT('',(-2.6325E1,-5.145E0,0.E0));
#3681=VERTEX_POINT('',#3679);
#3682=VERTEX_POINT('',#3680);
#3683=CARTESIAN_POINT('',(-2.6325E1,1.2125E1,0.E0));
#3684=CARTESIAN_POINT('',(-2.5985E1,1.3015E1,0.E0));
#3685=VERTEX_POINT('',#3683);
#3686=VERTEX_POINT('',#3684);
#3687=CARTESIAN_POINT('',(-2.5185E1,1.205E0,0.E0));
#3688=CARTESIAN_POINT('',(-2.6325E1,1.205E0,0.E0));
#3689=VERTEX_POINT('',#3687);
#3690=VERTEX_POINT('',#3688);
#3691=CARTESIAN_POINT('',(-2.5185E1,-1.205E0,0.E0));
#3692=CARTESIAN_POINT('',(-2.6325E1,-1.205E0,0.E0));
#3693=VERTEX_POINT('',#3691);
#3694=VERTEX_POINT('',#3692);
#3695=CARTESIAN_POINT('',(-2.6845E1,1.205E0,-2.45E0));
#3696=VERTEX_POINT('',#3695);
#3697=CARTESIAN_POINT('',(-2.4665E1,1.205E0,-2.45E0));
#3698=VERTEX_POINT('',#3697);
#3699=CARTESIAN_POINT('',(-1.6365E1,7.535E0,-2.83E0));
#3700=VERTEX_POINT('',#3699);
#3701=CARTESIAN_POINT('',(-1.5345E1,7.535E0,-2.83E0));
#3702=VERTEX_POINT('',#3701);
#3703=CARTESIAN_POINT('',(-1.6365E1,6.876820693124E0,-2.45E0));
#3704=VERTEX_POINT('',#3703);
#3705=CARTESIAN_POINT('',(-1.5345E1,6.876820693124E0,-2.45E0));
#3706=VERTEX_POINT('',#3705);
#3707=CARTESIAN_POINT('',(-2.0705E1,-1.585E0,-3.43E0));
#3708=CARTESIAN_POINT('',(-2.0705E1,-1.205E0,-3.43E0));
#3709=VERTEX_POINT('',#3707);
#3710=VERTEX_POINT('',#3708);
#3711=CARTESIAN_POINT('',(-2.2885E1,-1.205E0,-3.43E0));
#3712=VERTEX_POINT('',#3711);
#3713=CARTESIAN_POINT('',(-2.2885E1,-1.585E0,-3.43E0));
#3714=VERTEX_POINT('',#3713);
#3715=CARTESIAN_POINT('',(-2.2885E1,1.585E0,3.47E0));
#3716=CARTESIAN_POINT('',(-2.2885E1,1.205E0,3.47E0));
#3717=VERTEX_POINT('',#3715);
#3718=VERTEX_POINT('',#3716);
#3719=CARTESIAN_POINT('',(-2.0705E1,1.205E0,3.47E0));
#3720=VERTEX_POINT('',#3719);
#3721=CARTESIAN_POINT('',(-2.0705E1,1.585E0,3.47E0));
#3722=VERTEX_POINT('',#3721);
#3723=CARTESIAN_POINT('',(-2.0705E1,-1.585E0,3.47E0));
#3724=CARTESIAN_POINT('',(-2.0705E1,-1.205E0,3.47E0));
#3725=VERTEX_POINT('',#3723);
#3726=VERTEX_POINT('',#3724);
#3727=CARTESIAN_POINT('',(-2.2885E1,-1.205E0,3.47E0));
#3728=VERTEX_POINT('',#3727);
#3729=CARTESIAN_POINT('',(-2.2885E1,-1.585E0,3.47E0));
#3730=VERTEX_POINT('',#3729);
#3731=CARTESIAN_POINT('',(-1.6745E1,-1.585E0,-3.43E0));
#3732=CARTESIAN_POINT('',(-1.6745E1,-1.205E0,-3.43E0));
#3733=VERTEX_POINT('',#3731);
#3734=VERTEX_POINT('',#3732);
#3735=CARTESIAN_POINT('',(-1.8925E1,-1.205E0,-3.43E0));
#3736=VERTEX_POINT('',#3735);
#3737=CARTESIAN_POINT('',(-1.8925E1,-1.585E0,-3.43E0));
#3738=VERTEX_POINT('',#3737);
#3739=CARTESIAN_POINT('',(-1.8925E1,1.585E0,3.47E0));
#3740=CARTESIAN_POINT('',(-1.8925E1,1.205E0,3.47E0));
#3741=VERTEX_POINT('',#3739);
#3742=VERTEX_POINT('',#3740);
#3743=CARTESIAN_POINT('',(-1.6745E1,1.205E0,3.47E0));
#3744=VERTEX_POINT('',#3743);
#3745=CARTESIAN_POINT('',(-1.6745E1,1.585E0,3.47E0));
#3746=VERTEX_POINT('',#3745);
#3747=CARTESIAN_POINT('',(-1.6745E1,-1.585E0,3.47E0));
#3748=CARTESIAN_POINT('',(-1.6745E1,-1.205E0,3.47E0));
#3749=VERTEX_POINT('',#3747);
#3750=VERTEX_POINT('',#3748);
#3751=CARTESIAN_POINT('',(-1.8925E1,-1.205E0,3.47E0));
#3752=VERTEX_POINT('',#3751);
#3753=CARTESIAN_POINT('',(-1.8925E1,-1.585E0,3.47E0));
#3754=VERTEX_POINT('',#3753);
#3755=CARTESIAN_POINT('',(-1.2785E1,-1.585E0,-3.43E0));
#3756=CARTESIAN_POINT('',(-1.2785E1,-1.205E0,-3.43E0));
#3757=VERTEX_POINT('',#3755);
#3758=VERTEX_POINT('',#3756);
#3759=CARTESIAN_POINT('',(-1.4965E1,-1.205E0,-3.43E0));
#3760=VERTEX_POINT('',#3759);
#3761=CARTESIAN_POINT('',(-1.4965E1,-1.585E0,-3.43E0));
#3762=VERTEX_POINT('',#3761);
#3763=CARTESIAN_POINT('',(-1.4965E1,1.585E0,3.47E0));
#3764=CARTESIAN_POINT('',(-1.4965E1,1.205E0,3.47E0));
#3765=VERTEX_POINT('',#3763);
#3766=VERTEX_POINT('',#3764);
#3767=CARTESIAN_POINT('',(-1.2785E1,1.205E0,3.47E0));
#3768=VERTEX_POINT('',#3767);
#3769=CARTESIAN_POINT('',(-1.2785E1,1.585E0,3.47E0));
#3770=VERTEX_POINT('',#3769);
#3771=CARTESIAN_POINT('',(-1.2785E1,-1.585E0,3.47E0));
#3772=CARTESIAN_POINT('',(-1.2785E1,-1.205E0,3.47E0));
#3773=VERTEX_POINT('',#3771);
#3774=VERTEX_POINT('',#3772);
#3775=CARTESIAN_POINT('',(-1.4965E1,-1.205E0,3.47E0));
#3776=VERTEX_POINT('',#3775);
#3777=CARTESIAN_POINT('',(-1.4965E1,-1.585E0,3.47E0));
#3778=VERTEX_POINT('',#3777);
#3779=CARTESIAN_POINT('',(-8.825E0,-1.585E0,-3.43E0));
#3780=CARTESIAN_POINT('',(-8.825E0,-1.205E0,-3.43E0));
#3781=VERTEX_POINT('',#3779);
#3782=VERTEX_POINT('',#3780);
#3783=CARTESIAN_POINT('',(-1.1005E1,-1.205E0,-3.43E0));
#3784=VERTEX_POINT('',#3783);
#3785=CARTESIAN_POINT('',(-1.1005E1,-1.585E0,-3.43E0));
#3786=VERTEX_POINT('',#3785);
#3787=CARTESIAN_POINT('',(-1.1005E1,1.585E0,3.47E0));
#3788=CARTESIAN_POINT('',(-1.1005E1,1.205E0,3.47E0));
#3789=VERTEX_POINT('',#3787);
#3790=VERTEX_POINT('',#3788);
#3791=CARTESIAN_POINT('',(-8.825E0,1.205E0,3.47E0));
#3792=VERTEX_POINT('',#3791);
#3793=CARTESIAN_POINT('',(-8.825E0,1.585E0,3.47E0));
#3794=VERTEX_POINT('',#3793);
#3795=CARTESIAN_POINT('',(-8.825E0,-1.585E0,3.47E0));
#3796=CARTESIAN_POINT('',(-8.825E0,-1.205E0,3.47E0));
#3797=VERTEX_POINT('',#3795);
#3798=VERTEX_POINT('',#3796);
#3799=CARTESIAN_POINT('',(-1.1005E1,-1.205E0,3.47E0));
#3800=VERTEX_POINT('',#3799);
#3801=CARTESIAN_POINT('',(-1.1005E1,-1.585E0,3.47E0));
#3802=VERTEX_POINT('',#3801);
#3803=CARTESIAN_POINT('',(1.6715E1,1.585E0,-2.45E0));
#3804=CARTESIAN_POINT('',(1.4935E1,1.585E0,-2.45E0));
#3805=VERTEX_POINT('',#3803);
#3806=VERTEX_POINT('',#3804);
#3807=CARTESIAN_POINT('',(1.2755E1,1.585E0,-2.45E0));
#3808=CARTESIAN_POINT('',(1.0975E1,1.585E0,-2.45E0));
#3809=VERTEX_POINT('',#3807);
#3810=VERTEX_POINT('',#3808);
#3811=CARTESIAN_POINT('',(-2.2885E1,1.585E0,-2.45E0));
#3812=CARTESIAN_POINT('',(-2.2885E1,1.205E0,-2.45E0));
#3813=VERTEX_POINT('',#3811);
#3814=VERTEX_POINT('',#3812);
#3815=CARTESIAN_POINT('',(-2.0705E1,1.205E0,-2.45E0));
#3816=VERTEX_POINT('',#3815);
#3817=CARTESIAN_POINT('',(-2.0705E1,1.585E0,-2.45E0));
#3818=VERTEX_POINT('',#3817);
#3819=CARTESIAN_POINT('',(-1.8925E1,1.585E0,-2.45E0));
#3820=CARTESIAN_POINT('',(-1.8925E1,1.205E0,-2.45E0));
#3821=VERTEX_POINT('',#3819);
#3822=VERTEX_POINT('',#3820);
#3823=CARTESIAN_POINT('',(-1.6745E1,1.205E0,-2.45E0));
#3824=VERTEX_POINT('',#3823);
#3825=CARTESIAN_POINT('',(-1.6745E1,1.585E0,-2.45E0));
#3826=VERTEX_POINT('',#3825);
#3827=CARTESIAN_POINT('',(-1.4965E1,1.585E0,-2.45E0));
#3828=CARTESIAN_POINT('',(-1.4965E1,1.205E0,-2.45E0));
#3829=VERTEX_POINT('',#3827);
#3830=VERTEX_POINT('',#3828);
#3831=CARTESIAN_POINT('',(-1.2785E1,1.205E0,-2.45E0));
#3832=VERTEX_POINT('',#3831);
#3833=CARTESIAN_POINT('',(-1.2785E1,1.585E0,-2.45E0));
#3834=VERTEX_POINT('',#3833);
#3835=CARTESIAN_POINT('',(-1.1005E1,1.585E0,-2.45E0));
#3836=CARTESIAN_POINT('',(-1.1005E1,1.205E0,-2.45E0));
#3837=VERTEX_POINT('',#3835);
#3838=VERTEX_POINT('',#3836);
#3839=CARTESIAN_POINT('',(-8.825E0,1.205E0,-2.45E0));
#3840=VERTEX_POINT('',#3839);
#3841=CARTESIAN_POINT('',(-8.825E0,1.585E0,-2.45E0));
#3842=VERTEX_POINT('',#3841);
#3843=CARTESIAN_POINT('',(-2.1565E1,-6.035E0,0.E0));
#3844=CARTESIAN_POINT('',(-2.1225E1,-5.145E0,0.E0));
#3845=VERTEX_POINT('',#3843);
#3846=VERTEX_POINT('',#3844);
#3847=CARTESIAN_POINT('',(-2.1225E1,1.2125E1,0.E0));
#3848=CARTESIAN_POINT('',(-2.1565E1,1.3015E1,0.E0));
#3849=VERTEX_POINT('',#3847);
#3850=VERTEX_POINT('',#3848);
#3851=CARTESIAN_POINT('',(-2.2025E1,-6.035E0,0.E0));
#3852=CARTESIAN_POINT('',(-2.2365E1,-5.145E0,0.E0));
#3853=VERTEX_POINT('',#3851);
#3854=VERTEX_POINT('',#3852);
#3855=CARTESIAN_POINT('',(-2.2365E1,1.2125E1,0.E0));
#3856=CARTESIAN_POINT('',(-2.2025E1,1.3015E1,0.E0));
#3857=VERTEX_POINT('',#3855);
#3858=VERTEX_POINT('',#3856);
#3859=CARTESIAN_POINT('',(-2.1225E1,1.205E0,0.E0));
#3860=CARTESIAN_POINT('',(-2.2365E1,1.205E0,0.E0));
#3861=VERTEX_POINT('',#3859);
#3862=VERTEX_POINT('',#3860);
#3863=CARTESIAN_POINT('',(-2.1225E1,-1.205E0,0.E0));
#3864=CARTESIAN_POINT('',(-2.2365E1,-1.205E0,0.E0));
#3865=VERTEX_POINT('',#3863);
#3866=VERTEX_POINT('',#3864);
#3867=CARTESIAN_POINT('',(-1.7605E1,-6.035E0,0.E0));
#3868=CARTESIAN_POINT('',(-1.7265E1,-5.145E0,0.E0));
#3869=VERTEX_POINT('',#3867);
#3870=VERTEX_POINT('',#3868);
#3871=CARTESIAN_POINT('',(-1.7265E1,1.2125E1,0.E0));
#3872=CARTESIAN_POINT('',(-1.7605E1,1.3015E1,0.E0));
#3873=VERTEX_POINT('',#3871);
#3874=VERTEX_POINT('',#3872);
#3875=CARTESIAN_POINT('',(-1.8065E1,-6.035E0,0.E0));
#3876=CARTESIAN_POINT('',(-1.8405E1,-5.145E0,0.E0));
#3877=VERTEX_POINT('',#3875);
#3878=VERTEX_POINT('',#3876);
#3879=CARTESIAN_POINT('',(-1.8405E1,1.2125E1,0.E0));
#3880=CARTESIAN_POINT('',(-1.8065E1,1.3015E1,0.E0));
#3881=VERTEX_POINT('',#3879);
#3882=VERTEX_POINT('',#3880);
#3883=CARTESIAN_POINT('',(-1.7265E1,1.205E0,0.E0));
#3884=CARTESIAN_POINT('',(-1.8405E1,1.205E0,0.E0));
#3885=VERTEX_POINT('',#3883);
#3886=VERTEX_POINT('',#3884);
#3887=CARTESIAN_POINT('',(-1.7265E1,-1.205E0,0.E0));
#3888=CARTESIAN_POINT('',(-1.8405E1,-1.205E0,0.E0));
#3889=VERTEX_POINT('',#3887);
#3890=VERTEX_POINT('',#3888);
#3891=CARTESIAN_POINT('',(-1.3645E1,-6.035E0,0.E0));
#3892=CARTESIAN_POINT('',(-1.3305E1,-5.145E0,0.E0));
#3893=VERTEX_POINT('',#3891);
#3894=VERTEX_POINT('',#3892);
#3895=CARTESIAN_POINT('',(-1.3305E1,1.2125E1,0.E0));
#3896=CARTESIAN_POINT('',(-1.3645E1,1.3015E1,0.E0));
#3897=VERTEX_POINT('',#3895);
#3898=VERTEX_POINT('',#3896);
#3899=CARTESIAN_POINT('',(-1.4105E1,-6.035E0,0.E0));
#3900=CARTESIAN_POINT('',(-1.4445E1,-5.145E0,0.E0));
#3901=VERTEX_POINT('',#3899);
#3902=VERTEX_POINT('',#3900);
#3903=CARTESIAN_POINT('',(-1.4445E1,1.2125E1,0.E0));
#3904=CARTESIAN_POINT('',(-1.4105E1,1.3015E1,0.E0));
#3905=VERTEX_POINT('',#3903);
#3906=VERTEX_POINT('',#3904);
#3907=CARTESIAN_POINT('',(-1.3305E1,1.205E0,0.E0));
#3908=CARTESIAN_POINT('',(-1.4445E1,1.205E0,0.E0));
#3909=VERTEX_POINT('',#3907);
#3910=VERTEX_POINT('',#3908);
#3911=CARTESIAN_POINT('',(-1.3305E1,-1.205E0,0.E0));
#3912=CARTESIAN_POINT('',(-1.4445E1,-1.205E0,0.E0));
#3913=VERTEX_POINT('',#3911);
#3914=VERTEX_POINT('',#3912);
#3915=CARTESIAN_POINT('',(-9.685E0,-6.035E0,0.E0));
#3916=CARTESIAN_POINT('',(-9.345E0,-5.145E0,0.E0));
#3917=VERTEX_POINT('',#3915);
#3918=VERTEX_POINT('',#3916);
#3919=CARTESIAN_POINT('',(-9.345E0,1.2125E1,0.E0));
#3920=CARTESIAN_POINT('',(-9.685E0,1.3015E1,0.E0));
#3921=VERTEX_POINT('',#3919);
#3922=VERTEX_POINT('',#3920);
#3923=CARTESIAN_POINT('',(-1.0145E1,-6.035E0,0.E0));
#3924=CARTESIAN_POINT('',(-1.0485E1,-5.145E0,0.E0));
#3925=VERTEX_POINT('',#3923);
#3926=VERTEX_POINT('',#3924);
#3927=CARTESIAN_POINT('',(-1.0485E1,1.2125E1,0.E0));
#3928=CARTESIAN_POINT('',(-1.0145E1,1.3015E1,0.E0));
#3929=VERTEX_POINT('',#3927);
#3930=VERTEX_POINT('',#3928);
#3931=CARTESIAN_POINT('',(-9.345E0,1.205E0,0.E0));
#3932=CARTESIAN_POINT('',(-1.0485E1,1.205E0,0.E0));
#3933=VERTEX_POINT('',#3931);
#3934=VERTEX_POINT('',#3932);
#3935=CARTESIAN_POINT('',(-9.345E0,-1.205E0,0.E0));
#3936=CARTESIAN_POINT('',(-1.0485E1,-1.205E0,0.E0));
#3937=VERTEX_POINT('',#3935);
#3938=VERTEX_POINT('',#3936);
#3939=CARTESIAN_POINT('',(-2.0325E1,-1.585E0,-1.5E0));
#3940=CARTESIAN_POINT('',(-2.0325E1,-1.585E0,1.5E0));
#3941=VERTEX_POINT('',#3939);
#3942=VERTEX_POINT('',#3940);
#3943=CARTESIAN_POINT('',(-1.9305E1,-1.585E0,1.5E0));
#3944=VERTEX_POINT('',#3943);
#3945=CARTESIAN_POINT('',(-1.9305E1,-1.585E0,-1.5E0));
#3946=VERTEX_POINT('',#3945);
#3947=CARTESIAN_POINT('',(-2.0325E1,1.585E0,-1.5E0));
#3948=CARTESIAN_POINT('',(-2.0325E1,1.585E0,1.5E0));
#3949=VERTEX_POINT('',#3947);
#3950=VERTEX_POINT('',#3948);
#3951=CARTESIAN_POINT('',(-1.9305E1,1.585E0,1.5E0));
#3952=VERTEX_POINT('',#3951);
#3953=CARTESIAN_POINT('',(-1.9305E1,1.585E0,-1.5E0));
#3954=VERTEX_POINT('',#3953);
#3955=CARTESIAN_POINT('',(-1.6365E1,-1.585E0,-1.5E0));
#3956=CARTESIAN_POINT('',(-1.6365E1,-1.585E0,1.5E0));
#3957=VERTEX_POINT('',#3955);
#3958=VERTEX_POINT('',#3956);
#3959=CARTESIAN_POINT('',(-1.5345E1,-1.585E0,1.5E0));
#3960=VERTEX_POINT('',#3959);
#3961=CARTESIAN_POINT('',(-1.5345E1,-1.585E0,-1.5E0));
#3962=VERTEX_POINT('',#3961);
#3963=CARTESIAN_POINT('',(-1.6365E1,1.585E0,-1.5E0));
#3964=CARTESIAN_POINT('',(-1.6365E1,1.585E0,1.5E0));
#3965=VERTEX_POINT('',#3963);
#3966=VERTEX_POINT('',#3964);
#3967=CARTESIAN_POINT('',(-1.5345E1,1.585E0,1.5E0));
#3968=VERTEX_POINT('',#3967);
#3969=CARTESIAN_POINT('',(-1.5345E1,1.585E0,-1.5E0));
#3970=VERTEX_POINT('',#3969);
#3971=CARTESIAN_POINT('',(-1.2405E1,-1.585E0,-1.5E0));
#3972=CARTESIAN_POINT('',(-1.2405E1,-1.585E0,1.5E0));
#3973=VERTEX_POINT('',#3971);
#3974=VERTEX_POINT('',#3972);
#3975=CARTESIAN_POINT('',(-1.1385E1,-1.585E0,1.5E0));
#3976=VERTEX_POINT('',#3975);
#3977=CARTESIAN_POINT('',(-1.1385E1,-1.585E0,-1.5E0));
#3978=VERTEX_POINT('',#3977);
#3979=CARTESIAN_POINT('',(-1.2405E1,1.585E0,-1.5E0));
#3980=CARTESIAN_POINT('',(-1.2405E1,1.585E0,1.5E0));
#3981=VERTEX_POINT('',#3979);
#3982=VERTEX_POINT('',#3980);
#3983=CARTESIAN_POINT('',(-1.1385E1,1.585E0,1.5E0));
#3984=VERTEX_POINT('',#3983);
#3985=CARTESIAN_POINT('',(-1.1385E1,1.585E0,-1.5E0));
#3986=VERTEX_POINT('',#3985);
#3987=CARTESIAN_POINT('',(-8.445E0,-1.585E0,-1.5E0));
#3988=CARTESIAN_POINT('',(-8.445E0,-1.585E0,1.5E0));
#3989=VERTEX_POINT('',#3987);
#3990=VERTEX_POINT('',#3988);
#3991=CARTESIAN_POINT('',(-7.425E0,-1.585E0,1.5E0));
#3992=VERTEX_POINT('',#3991);
#3993=CARTESIAN_POINT('',(-7.425E0,-1.585E0,-1.5E0));
#3994=VERTEX_POINT('',#3993);
#3995=CARTESIAN_POINT('',(-8.445E0,1.585E0,-1.5E0));
#3996=CARTESIAN_POINT('',(-8.445E0,1.585E0,1.5E0));
#3997=VERTEX_POINT('',#3995);
#3998=VERTEX_POINT('',#3996);
#3999=CARTESIAN_POINT('',(-7.425E0,1.585E0,1.5E0));
#4000=VERTEX_POINT('',#3999);
#4001=CARTESIAN_POINT('',(-7.425E0,1.585E0,-1.5E0));
#4002=VERTEX_POINT('',#4001);
#4003=CARTESIAN_POINT('',(-4.865E0,-1.585E0,-3.43E0));
#4004=CARTESIAN_POINT('',(-4.865E0,-1.205E0,-3.43E0));
#4005=VERTEX_POINT('',#4003);
#4006=VERTEX_POINT('',#4004);
#4007=CARTESIAN_POINT('',(-7.045E0,-1.205E0,-3.43E0));
#4008=VERTEX_POINT('',#4007);
#4009=CARTESIAN_POINT('',(-7.045E0,-1.585E0,-3.43E0));
#4010=VERTEX_POINT('',#4009);
#4011=CARTESIAN_POINT('',(-7.045E0,1.585E0,3.47E0));
#4012=CARTESIAN_POINT('',(-7.045E0,1.205E0,3.47E0));
#4013=VERTEX_POINT('',#4011);
#4014=VERTEX_POINT('',#4012);
#4015=CARTESIAN_POINT('',(-4.865E0,1.205E0,3.47E0));
#4016=VERTEX_POINT('',#4015);
#4017=CARTESIAN_POINT('',(-4.865E0,1.585E0,3.47E0));
#4018=VERTEX_POINT('',#4017);
#4019=CARTESIAN_POINT('',(-4.865E0,-1.585E0,3.47E0));
#4020=CARTESIAN_POINT('',(-4.865E0,-1.205E0,3.47E0));
#4021=VERTEX_POINT('',#4019);
#4022=VERTEX_POINT('',#4020);
#4023=CARTESIAN_POINT('',(-7.045E0,-1.205E0,3.47E0));
#4024=VERTEX_POINT('',#4023);
#4025=CARTESIAN_POINT('',(-7.045E0,-1.585E0,3.47E0));
#4026=VERTEX_POINT('',#4025);
#4027=CARTESIAN_POINT('',(-5.725E0,-6.035E0,0.E0));
#4028=CARTESIAN_POINT('',(-5.385E0,-5.145E0,0.E0));
#4029=VERTEX_POINT('',#4027);
#4030=VERTEX_POINT('',#4028);
#4031=CARTESIAN_POINT('',(-5.385E0,1.2125E1,0.E0));
#4032=CARTESIAN_POINT('',(-5.725E0,1.3015E1,0.E0));
#4033=VERTEX_POINT('',#4031);
#4034=VERTEX_POINT('',#4032);
#4035=CARTESIAN_POINT('',(-6.185E0,-6.035E0,0.E0));
#4036=CARTESIAN_POINT('',(-6.525E0,-5.145E0,0.E0));
#4037=VERTEX_POINT('',#4035);
#4038=VERTEX_POINT('',#4036);
#4039=CARTESIAN_POINT('',(-6.525E0,1.2125E1,0.E0));
#4040=CARTESIAN_POINT('',(-6.185E0,1.3015E1,0.E0));
#4041=VERTEX_POINT('',#4039);
#4042=VERTEX_POINT('',#4040);
#4043=CARTESIAN_POINT('',(-5.385E0,1.205E0,0.E0));
#4044=CARTESIAN_POINT('',(-6.525E0,1.205E0,0.E0));
#4045=VERTEX_POINT('',#4043);
#4046=VERTEX_POINT('',#4044);
#4047=CARTESIAN_POINT('',(-5.385E0,-1.205E0,0.E0));
#4048=CARTESIAN_POINT('',(-6.525E0,-1.205E0,0.E0));
#4049=VERTEX_POINT('',#4047);
#4050=VERTEX_POINT('',#4048);
#4051=CARTESIAN_POINT('',(4.835E0,1.585E0,-2.45E0));
#4052=CARTESIAN_POINT('',(3.055E0,1.585E0,-2.45E0));
#4053=VERTEX_POINT('',#4051);
#4054=VERTEX_POINT('',#4052);
#4055=CARTESIAN_POINT('',(-7.045E0,1.585E0,-2.45E0));
#4056=CARTESIAN_POINT('',(-7.045E0,1.205E0,-2.45E0));
#4057=VERTEX_POINT('',#4055);
#4058=VERTEX_POINT('',#4056);
#4059=CARTESIAN_POINT('',(-4.865E0,1.205E0,-2.45E0));
#4060=VERTEX_POINT('',#4059);
#4061=CARTESIAN_POINT('',(-4.865E0,1.585E0,-2.45E0));
#4062=VERTEX_POINT('',#4061);
#4063=CARTESIAN_POINT('',(-9.05E-1,-1.585E0,-3.43E0));
#4064=CARTESIAN_POINT('',(-9.05E-1,-1.205E0,-3.43E0));
#4065=VERTEX_POINT('',#4063);
#4066=VERTEX_POINT('',#4064);
#4067=CARTESIAN_POINT('',(-3.085E0,-1.205E0,-3.43E0));
#4068=VERTEX_POINT('',#4067);
#4069=CARTESIAN_POINT('',(-3.085E0,-1.585E0,-3.43E0));
#4070=VERTEX_POINT('',#4069);
#4071=CARTESIAN_POINT('',(-3.085E0,1.585E0,3.47E0));
#4072=CARTESIAN_POINT('',(-3.085E0,1.205E0,3.47E0));
#4073=VERTEX_POINT('',#4071);
#4074=VERTEX_POINT('',#4072);
#4075=CARTESIAN_POINT('',(-9.05E-1,1.205E0,3.47E0));
#4076=VERTEX_POINT('',#4075);
#4077=CARTESIAN_POINT('',(-9.05E-1,1.585E0,3.47E0));
#4078=VERTEX_POINT('',#4077);
#4079=CARTESIAN_POINT('',(-9.05E-1,-1.585E0,3.47E0));
#4080=CARTESIAN_POINT('',(-9.05E-1,-1.205E0,3.47E0));
#4081=VERTEX_POINT('',#4079);
#4082=VERTEX_POINT('',#4080);
#4083=CARTESIAN_POINT('',(-3.085E0,-1.205E0,3.47E0));
#4084=VERTEX_POINT('',#4083);
#4085=CARTESIAN_POINT('',(-3.085E0,-1.585E0,3.47E0));
#4086=VERTEX_POINT('',#4085);
#4087=CARTESIAN_POINT('',(-1.765E0,-6.035E0,0.E0));
#4088=CARTESIAN_POINT('',(-1.425E0,-5.145E0,0.E0));
#4089=VERTEX_POINT('',#4087);
#4090=VERTEX_POINT('',#4088);
#4091=CARTESIAN_POINT('',(-1.425E0,1.2125E1,0.E0));
#4092=CARTESIAN_POINT('',(-1.765E0,1.3015E1,0.E0));
#4093=VERTEX_POINT('',#4091);
#4094=VERTEX_POINT('',#4092);
#4095=CARTESIAN_POINT('',(-2.225E0,-6.035E0,0.E0));
#4096=CARTESIAN_POINT('',(-2.565E0,-5.145E0,0.E0));
#4097=VERTEX_POINT('',#4095);
#4098=VERTEX_POINT('',#4096);
#4099=CARTESIAN_POINT('',(-2.565E0,1.2125E1,0.E0));
#4100=CARTESIAN_POINT('',(-2.225E0,1.3015E1,0.E0));
#4101=VERTEX_POINT('',#4099);
#4102=VERTEX_POINT('',#4100);
#4103=CARTESIAN_POINT('',(-1.425E0,1.205E0,0.E0));
#4104=CARTESIAN_POINT('',(-2.565E0,1.205E0,0.E0));
#4105=VERTEX_POINT('',#4103);
#4106=VERTEX_POINT('',#4104);
#4107=CARTESIAN_POINT('',(-1.425E0,-1.205E0,0.E0));
#4108=CARTESIAN_POINT('',(-2.565E0,-1.205E0,0.E0));
#4109=VERTEX_POINT('',#4107);
#4110=VERTEX_POINT('',#4108);
#4111=CARTESIAN_POINT('',(8.75E-1,1.585E0,-2.45E0));
#4112=CARTESIAN_POINT('',(-9.05E-1,1.585E0,-2.45E0));
#4113=VERTEX_POINT('',#4111);
#4114=VERTEX_POINT('',#4112);
#4115=CARTESIAN_POINT('',(-3.085E0,1.585E0,-2.45E0));
#4116=CARTESIAN_POINT('',(-3.085E0,1.205E0,-2.45E0));
#4117=VERTEX_POINT('',#4115);
#4118=VERTEX_POINT('',#4116);
#4119=CARTESIAN_POINT('',(-9.05E-1,1.205E0,-2.45E0));
#4120=VERTEX_POINT('',#4119);
#4121=CARTESIAN_POINT('',(-4.485E0,-1.585E0,-1.5E0));
#4122=CARTESIAN_POINT('',(-4.485E0,-1.585E0,1.5E0));
#4123=VERTEX_POINT('',#4121);
#4124=VERTEX_POINT('',#4122);
#4125=CARTESIAN_POINT('',(-3.465E0,-1.585E0,1.5E0));
#4126=VERTEX_POINT('',#4125);
#4127=CARTESIAN_POINT('',(-3.465E0,-1.585E0,-1.5E0));
#4128=VERTEX_POINT('',#4127);
#4129=CARTESIAN_POINT('',(-4.485E0,1.585E0,-1.5E0));
#4130=CARTESIAN_POINT('',(-4.485E0,1.585E0,1.5E0));
#4131=VERTEX_POINT('',#4129);
#4132=VERTEX_POINT('',#4130);
#4133=CARTESIAN_POINT('',(-3.465E0,1.585E0,1.5E0));
#4134=VERTEX_POINT('',#4133);
#4135=CARTESIAN_POINT('',(-3.465E0,1.585E0,-1.5E0));
#4136=VERTEX_POINT('',#4135);
#4137=CARTESIAN_POINT('',(3.055E0,-1.585E0,-3.43E0));
#4138=CARTESIAN_POINT('',(3.055E0,-1.205E0,-3.43E0));
#4139=VERTEX_POINT('',#4137);
#4140=VERTEX_POINT('',#4138);
#4141=CARTESIAN_POINT('',(8.75E-1,-1.205E0,-3.43E0));
#4142=VERTEX_POINT('',#4141);
#4143=CARTESIAN_POINT('',(8.75E-1,-1.585E0,-3.43E0));
#4144=VERTEX_POINT('',#4143);
#4145=CARTESIAN_POINT('',(8.75E-1,1.585E0,3.47E0));
#4146=CARTESIAN_POINT('',(8.75E-1,1.205E0,3.47E0));
#4147=VERTEX_POINT('',#4145);
#4148=VERTEX_POINT('',#4146);
#4149=CARTESIAN_POINT('',(3.055E0,1.205E0,3.47E0));
#4150=VERTEX_POINT('',#4149);
#4151=CARTESIAN_POINT('',(3.055E0,1.585E0,3.47E0));
#4152=VERTEX_POINT('',#4151);
#4153=CARTESIAN_POINT('',(3.055E0,-1.585E0,3.47E0));
#4154=CARTESIAN_POINT('',(3.055E0,-1.205E0,3.47E0));
#4155=VERTEX_POINT('',#4153);
#4156=VERTEX_POINT('',#4154);
#4157=CARTESIAN_POINT('',(8.75E-1,-1.205E0,3.47E0));
#4158=VERTEX_POINT('',#4157);
#4159=CARTESIAN_POINT('',(8.75E-1,-1.585E0,3.47E0));
#4160=VERTEX_POINT('',#4159);
#4161=CARTESIAN_POINT('',(2.195E0,-6.035E0,0.E0));
#4162=CARTESIAN_POINT('',(2.535E0,-5.145E0,0.E0));
#4163=VERTEX_POINT('',#4161);
#4164=VERTEX_POINT('',#4162);
#4165=CARTESIAN_POINT('',(2.535E0,1.2125E1,0.E0));
#4166=CARTESIAN_POINT('',(2.195E0,1.3015E1,0.E0));
#4167=VERTEX_POINT('',#4165);
#4168=VERTEX_POINT('',#4166);
#4169=CARTESIAN_POINT('',(1.735E0,-6.035E0,0.E0));
#4170=CARTESIAN_POINT('',(1.395E0,-5.145E0,0.E0));
#4171=VERTEX_POINT('',#4169);
#4172=VERTEX_POINT('',#4170);
#4173=CARTESIAN_POINT('',(1.395E0,1.2125E1,0.E0));
#4174=CARTESIAN_POINT('',(1.735E0,1.3015E1,0.E0));
#4175=VERTEX_POINT('',#4173);
#4176=VERTEX_POINT('',#4174);
#4177=CARTESIAN_POINT('',(2.535E0,1.205E0,0.E0));
#4178=CARTESIAN_POINT('',(1.395E0,1.205E0,0.E0));
#4179=VERTEX_POINT('',#4177);
#4180=VERTEX_POINT('',#4178);
#4181=CARTESIAN_POINT('',(2.535E0,-1.205E0,0.E0));
#4182=CARTESIAN_POINT('',(1.395E0,-1.205E0,0.E0));
#4183=VERTEX_POINT('',#4181);
#4184=VERTEX_POINT('',#4182);
#4185=CARTESIAN_POINT('',(8.75E-1,1.205E0,-2.45E0));
#4186=VERTEX_POINT('',#4185);
#4187=CARTESIAN_POINT('',(3.055E0,1.205E0,-2.45E0));
#4188=VERTEX_POINT('',#4187);
#4189=CARTESIAN_POINT('',(-5.25E-1,-1.585E0,-1.5E0));
#4190=CARTESIAN_POINT('',(-5.25E-1,-1.585E0,1.5E0));
#4191=VERTEX_POINT('',#4189);
#4192=VERTEX_POINT('',#4190);
#4193=CARTESIAN_POINT('',(4.95E-1,-1.585E0,1.5E0));
#4194=VERTEX_POINT('',#4193);
#4195=CARTESIAN_POINT('',(4.95E-1,-1.585E0,-1.5E0));
#4196=VERTEX_POINT('',#4195);
#4197=CARTESIAN_POINT('',(-5.25E-1,1.585E0,-1.5E0));
#4198=CARTESIAN_POINT('',(-5.25E-1,1.585E0,1.5E0));
#4199=VERTEX_POINT('',#4197);
#4200=VERTEX_POINT('',#4198);
#4201=CARTESIAN_POINT('',(4.95E-1,1.585E0,1.5E0));
#4202=VERTEX_POINT('',#4201);
#4203=CARTESIAN_POINT('',(4.95E-1,1.585E0,-1.5E0));
#4204=VERTEX_POINT('',#4203);
#4205=CARTESIAN_POINT('',(7.015E0,-1.585E0,-3.43E0));
#4206=CARTESIAN_POINT('',(7.015E0,-1.205E0,-3.43E0));
#4207=VERTEX_POINT('',#4205);
#4208=VERTEX_POINT('',#4206);
#4209=CARTESIAN_POINT('',(4.835E0,-1.205E0,-3.43E0));
#4210=VERTEX_POINT('',#4209);
#4211=CARTESIAN_POINT('',(4.835E0,-1.585E0,-3.43E0));
#4212=VERTEX_POINT('',#4211);
#4213=CARTESIAN_POINT('',(4.835E0,1.585E0,3.47E0));
#4214=CARTESIAN_POINT('',(4.835E0,1.205E0,3.47E0));
#4215=VERTEX_POINT('',#4213);
#4216=VERTEX_POINT('',#4214);
#4217=CARTESIAN_POINT('',(7.015E0,1.205E0,3.47E0));
#4218=VERTEX_POINT('',#4217);
#4219=CARTESIAN_POINT('',(7.015E0,1.585E0,3.47E0));
#4220=VERTEX_POINT('',#4219);
#4221=CARTESIAN_POINT('',(7.015E0,-1.585E0,3.47E0));
#4222=CARTESIAN_POINT('',(7.015E0,-1.205E0,3.47E0));
#4223=VERTEX_POINT('',#4221);
#4224=VERTEX_POINT('',#4222);
#4225=CARTESIAN_POINT('',(4.835E0,-1.205E0,3.47E0));
#4226=VERTEX_POINT('',#4225);
#4227=CARTESIAN_POINT('',(4.835E0,-1.585E0,3.47E0));
#4228=VERTEX_POINT('',#4227);
#4229=CARTESIAN_POINT('',(6.155E0,-6.035E0,0.E0));
#4230=CARTESIAN_POINT('',(6.495E0,-5.145E0,0.E0));
#4231=VERTEX_POINT('',#4229);
#4232=VERTEX_POINT('',#4230);
#4233=CARTESIAN_POINT('',(6.495E0,1.2125E1,0.E0));
#4234=CARTESIAN_POINT('',(6.155E0,1.3015E1,0.E0));
#4235=VERTEX_POINT('',#4233);
#4236=VERTEX_POINT('',#4234);
#4237=CARTESIAN_POINT('',(5.695E0,-6.035E0,0.E0));
#4238=CARTESIAN_POINT('',(5.355E0,-5.145E0,0.E0));
#4239=VERTEX_POINT('',#4237);
#4240=VERTEX_POINT('',#4238);
#4241=CARTESIAN_POINT('',(5.355E0,1.2125E1,0.E0));
#4242=CARTESIAN_POINT('',(5.695E0,1.3015E1,0.E0));
#4243=VERTEX_POINT('',#4241);
#4244=VERTEX_POINT('',#4242);
#4245=CARTESIAN_POINT('',(6.495E0,1.205E0,0.E0));
#4246=CARTESIAN_POINT('',(5.355E0,1.205E0,0.E0));
#4247=VERTEX_POINT('',#4245);
#4248=VERTEX_POINT('',#4246);
#4249=CARTESIAN_POINT('',(6.495E0,-1.205E0,0.E0));
#4250=CARTESIAN_POINT('',(5.355E0,-1.205E0,0.E0));
#4251=VERTEX_POINT('',#4249);
#4252=VERTEX_POINT('',#4250);
#4253=CARTESIAN_POINT('',(4.835E0,1.205E0,-2.45E0));
#4254=VERTEX_POINT('',#4253);
#4255=CARTESIAN_POINT('',(7.015E0,1.205E0,-2.45E0));
#4256=VERTEX_POINT('',#4255);
#4257=CARTESIAN_POINT('',(7.015E0,1.585E0,-2.45E0));
#4258=VERTEX_POINT('',#4257);
#4259=CARTESIAN_POINT('',(3.435E0,-1.585E0,-1.5E0));
#4260=CARTESIAN_POINT('',(3.435E0,-1.585E0,1.5E0));
#4261=VERTEX_POINT('',#4259);
#4262=VERTEX_POINT('',#4260);
#4263=CARTESIAN_POINT('',(4.455E0,-1.585E0,1.5E0));
#4264=VERTEX_POINT('',#4263);
#4265=CARTESIAN_POINT('',(4.455E0,-1.585E0,-1.5E0));
#4266=VERTEX_POINT('',#4265);
#4267=CARTESIAN_POINT('',(3.435E0,1.585E0,-1.5E0));
#4268=CARTESIAN_POINT('',(3.435E0,1.585E0,1.5E0));
#4269=VERTEX_POINT('',#4267);
#4270=VERTEX_POINT('',#4268);
#4271=CARTESIAN_POINT('',(4.455E0,1.585E0,1.5E0));
#4272=VERTEX_POINT('',#4271);
#4273=CARTESIAN_POINT('',(4.455E0,1.585E0,-1.5E0));
#4274=VERTEX_POINT('',#4273);
#4275=CARTESIAN_POINT('',(1.0975E1,-1.585E0,-3.43E0));
#4276=CARTESIAN_POINT('',(1.0975E1,-1.205E0,-3.43E0));
#4277=VERTEX_POINT('',#4275);
#4278=VERTEX_POINT('',#4276);
#4279=CARTESIAN_POINT('',(8.795E0,-1.205E0,-3.43E0));
#4280=VERTEX_POINT('',#4279);
#4281=CARTESIAN_POINT('',(8.795E0,-1.585E0,-3.43E0));
#4282=VERTEX_POINT('',#4281);
#4283=CARTESIAN_POINT('',(8.795E0,1.585E0,3.47E0));
#4284=CARTESIAN_POINT('',(8.795E0,1.205E0,3.47E0));
#4285=VERTEX_POINT('',#4283);
#4286=VERTEX_POINT('',#4284);
#4287=CARTESIAN_POINT('',(1.0975E1,1.205E0,3.47E0));
#4288=VERTEX_POINT('',#4287);
#4289=CARTESIAN_POINT('',(1.0975E1,1.585E0,3.47E0));
#4290=VERTEX_POINT('',#4289);
#4291=CARTESIAN_POINT('',(1.0975E1,-1.585E0,3.47E0));
#4292=CARTESIAN_POINT('',(1.0975E1,-1.205E0,3.47E0));
#4293=VERTEX_POINT('',#4291);
#4294=VERTEX_POINT('',#4292);
#4295=CARTESIAN_POINT('',(8.795E0,-1.205E0,3.47E0));
#4296=VERTEX_POINT('',#4295);
#4297=CARTESIAN_POINT('',(8.795E0,-1.585E0,3.47E0));
#4298=VERTEX_POINT('',#4297);
#4299=CARTESIAN_POINT('',(1.0115E1,-6.035E0,0.E0));
#4300=CARTESIAN_POINT('',(1.0455E1,-5.145E0,0.E0));
#4301=VERTEX_POINT('',#4299);
#4302=VERTEX_POINT('',#4300);
#4303=CARTESIAN_POINT('',(1.0455E1,1.2125E1,0.E0));
#4304=CARTESIAN_POINT('',(1.0115E1,1.3015E1,0.E0));
#4305=VERTEX_POINT('',#4303);
#4306=VERTEX_POINT('',#4304);
#4307=CARTESIAN_POINT('',(9.655E0,-6.035E0,0.E0));
#4308=CARTESIAN_POINT('',(9.315E0,-5.145E0,0.E0));
#4309=VERTEX_POINT('',#4307);
#4310=VERTEX_POINT('',#4308);
#4311=CARTESIAN_POINT('',(9.315E0,1.2125E1,0.E0));
#4312=CARTESIAN_POINT('',(9.655E0,1.3015E1,0.E0));
#4313=VERTEX_POINT('',#4311);
#4314=VERTEX_POINT('',#4312);
#4315=CARTESIAN_POINT('',(1.0455E1,1.205E0,0.E0));
#4316=CARTESIAN_POINT('',(9.315E0,1.205E0,0.E0));
#4317=VERTEX_POINT('',#4315);
#4318=VERTEX_POINT('',#4316);
#4319=CARTESIAN_POINT('',(1.0455E1,-1.205E0,0.E0));
#4320=CARTESIAN_POINT('',(9.315E0,-1.205E0,0.E0));
#4321=VERTEX_POINT('',#4319);
#4322=VERTEX_POINT('',#4320);
#4323=CARTESIAN_POINT('',(8.795E0,1.585E0,-2.45E0));
#4324=CARTESIAN_POINT('',(8.795E0,1.205E0,-2.45E0));
#4325=VERTEX_POINT('',#4323);
#4326=VERTEX_POINT('',#4324);
#4327=CARTESIAN_POINT('',(1.0975E1,1.205E0,-2.45E0));
#4328=VERTEX_POINT('',#4327);
#4329=CARTESIAN_POINT('',(7.395E0,-1.585E0,-1.5E0));
#4330=CARTESIAN_POINT('',(7.395E0,-1.585E0,1.5E0));
#4331=VERTEX_POINT('',#4329);
#4332=VERTEX_POINT('',#4330);
#4333=CARTESIAN_POINT('',(8.415E0,-1.585E0,1.5E0));
#4334=VERTEX_POINT('',#4333);
#4335=CARTESIAN_POINT('',(8.415E0,-1.585E0,-1.5E0));
#4336=VERTEX_POINT('',#4335);
#4337=CARTESIAN_POINT('',(7.395E0,1.585E0,-1.5E0));
#4338=CARTESIAN_POINT('',(7.395E0,1.585E0,1.5E0));
#4339=VERTEX_POINT('',#4337);
#4340=VERTEX_POINT('',#4338);
#4341=CARTESIAN_POINT('',(8.415E0,1.585E0,1.5E0));
#4342=VERTEX_POINT('',#4341);
#4343=CARTESIAN_POINT('',(8.415E0,1.585E0,-1.5E0));
#4344=VERTEX_POINT('',#4343);
#4345=CARTESIAN_POINT('',(1.4935E1,-1.585E0,-3.43E0));
#4346=CARTESIAN_POINT('',(1.4935E1,-1.205E0,-3.43E0));
#4347=VERTEX_POINT('',#4345);
#4348=VERTEX_POINT('',#4346);
#4349=CARTESIAN_POINT('',(1.2755E1,-1.205E0,-3.43E0));
#4350=VERTEX_POINT('',#4349);
#4351=CARTESIAN_POINT('',(1.2755E1,-1.585E0,-3.43E0));
#4352=VERTEX_POINT('',#4351);
#4353=CARTESIAN_POINT('',(1.2755E1,1.585E0,3.47E0));
#4354=CARTESIAN_POINT('',(1.2755E1,1.205E0,3.47E0));
#4355=VERTEX_POINT('',#4353);
#4356=VERTEX_POINT('',#4354);
#4357=CARTESIAN_POINT('',(1.4935E1,1.205E0,3.47E0));
#4358=VERTEX_POINT('',#4357);
#4359=CARTESIAN_POINT('',(1.4935E1,1.585E0,3.47E0));
#4360=VERTEX_POINT('',#4359);
#4361=CARTESIAN_POINT('',(1.4935E1,-1.585E0,3.47E0));
#4362=CARTESIAN_POINT('',(1.4935E1,-1.205E0,3.47E0));
#4363=VERTEX_POINT('',#4361);
#4364=VERTEX_POINT('',#4362);
#4365=CARTESIAN_POINT('',(1.2755E1,-1.205E0,3.47E0));
#4366=VERTEX_POINT('',#4365);
#4367=CARTESIAN_POINT('',(1.2755E1,-1.585E0,3.47E0));
#4368=VERTEX_POINT('',#4367);
#4369=CARTESIAN_POINT('',(1.4075E1,-6.035E0,0.E0));
#4370=CARTESIAN_POINT('',(1.4415E1,-5.145E0,0.E0));
#4371=VERTEX_POINT('',#4369);
#4372=VERTEX_POINT('',#4370);
#4373=CARTESIAN_POINT('',(1.4415E1,1.2125E1,0.E0));
#4374=CARTESIAN_POINT('',(1.4075E1,1.3015E1,0.E0));
#4375=VERTEX_POINT('',#4373);
#4376=VERTEX_POINT('',#4374);
#4377=CARTESIAN_POINT('',(1.3615E1,-6.035E0,0.E0));
#4378=CARTESIAN_POINT('',(1.3275E1,-5.145E0,0.E0));
#4379=VERTEX_POINT('',#4377);
#4380=VERTEX_POINT('',#4378);
#4381=CARTESIAN_POINT('',(1.3275E1,1.2125E1,0.E0));
#4382=CARTESIAN_POINT('',(1.3615E1,1.3015E1,0.E0));
#4383=VERTEX_POINT('',#4381);
#4384=VERTEX_POINT('',#4382);
#4385=CARTESIAN_POINT('',(1.4415E1,1.205E0,0.E0));
#4386=CARTESIAN_POINT('',(1.3275E1,1.205E0,0.E0));
#4387=VERTEX_POINT('',#4385);
#4388=VERTEX_POINT('',#4386);
#4389=CARTESIAN_POINT('',(1.4415E1,-1.205E0,0.E0));
#4390=CARTESIAN_POINT('',(1.3275E1,-1.205E0,0.E0));
#4391=VERTEX_POINT('',#4389);
#4392=VERTEX_POINT('',#4390);
#4393=CARTESIAN_POINT('',(1.2755E1,1.205E0,-2.45E0));
#4394=VERTEX_POINT('',#4393);
#4395=CARTESIAN_POINT('',(1.4935E1,1.205E0,-2.45E0));
#4396=VERTEX_POINT('',#4395);
#4397=CARTESIAN_POINT('',(1.1355E1,-1.585E0,-1.5E0));
#4398=CARTESIAN_POINT('',(1.1355E1,-1.585E0,1.5E0));
#4399=VERTEX_POINT('',#4397);
#4400=VERTEX_POINT('',#4398);
#4401=CARTESIAN_POINT('',(1.2375E1,-1.585E0,1.5E0));
#4402=VERTEX_POINT('',#4401);
#4403=CARTESIAN_POINT('',(1.2375E1,-1.585E0,-1.5E0));
#4404=VERTEX_POINT('',#4403);
#4405=CARTESIAN_POINT('',(1.1355E1,1.585E0,-1.5E0));
#4406=CARTESIAN_POINT('',(1.1355E1,1.585E0,1.5E0));
#4407=VERTEX_POINT('',#4405);
#4408=VERTEX_POINT('',#4406);
#4409=CARTESIAN_POINT('',(1.2375E1,1.585E0,1.5E0));
#4410=VERTEX_POINT('',#4409);
#4411=CARTESIAN_POINT('',(1.2375E1,1.585E0,-1.5E0));
#4412=VERTEX_POINT('',#4411);
#4413=CARTESIAN_POINT('',(1.8895E1,-1.585E0,-3.43E0));
#4414=CARTESIAN_POINT('',(1.8895E1,-1.205E0,-3.43E0));
#4415=VERTEX_POINT('',#4413);
#4416=VERTEX_POINT('',#4414);
#4417=CARTESIAN_POINT('',(1.6715E1,-1.205E0,-3.43E0));
#4418=VERTEX_POINT('',#4417);
#4419=CARTESIAN_POINT('',(1.6715E1,-1.585E0,-3.43E0));
#4420=VERTEX_POINT('',#4419);
#4421=CARTESIAN_POINT('',(1.6715E1,1.585E0,3.47E0));
#4422=CARTESIAN_POINT('',(1.6715E1,1.205E0,3.47E0));
#4423=VERTEX_POINT('',#4421);
#4424=VERTEX_POINT('',#4422);
#4425=CARTESIAN_POINT('',(1.8895E1,1.205E0,3.47E0));
#4426=VERTEX_POINT('',#4425);
#4427=CARTESIAN_POINT('',(1.8895E1,1.585E0,3.47E0));
#4428=VERTEX_POINT('',#4427);
#4429=CARTESIAN_POINT('',(1.8895E1,-1.585E0,3.47E0));
#4430=CARTESIAN_POINT('',(1.8895E1,-1.205E0,3.47E0));
#4431=VERTEX_POINT('',#4429);
#4432=VERTEX_POINT('',#4430);
#4433=CARTESIAN_POINT('',(1.6715E1,-1.205E0,3.47E0));
#4434=VERTEX_POINT('',#4433);
#4435=CARTESIAN_POINT('',(1.6715E1,-1.585E0,3.47E0));
#4436=VERTEX_POINT('',#4435);
#4437=CARTESIAN_POINT('',(1.8035E1,-6.035E0,0.E0));
#4438=CARTESIAN_POINT('',(1.8375E1,-5.145E0,0.E0));
#4439=VERTEX_POINT('',#4437);
#4440=VERTEX_POINT('',#4438);
#4441=CARTESIAN_POINT('',(1.8375E1,1.2125E1,0.E0));
#4442=CARTESIAN_POINT('',(1.8035E1,1.3015E1,0.E0));
#4443=VERTEX_POINT('',#4441);
#4444=VERTEX_POINT('',#4442);
#4445=CARTESIAN_POINT('',(1.7575E1,-6.035E0,0.E0));
#4446=CARTESIAN_POINT('',(1.7235E1,-5.145E0,0.E0));
#4447=VERTEX_POINT('',#4445);
#4448=VERTEX_POINT('',#4446);
#4449=CARTESIAN_POINT('',(1.7235E1,1.2125E1,0.E0));
#4450=CARTESIAN_POINT('',(1.7575E1,1.3015E1,0.E0));
#4451=VERTEX_POINT('',#4449);
#4452=VERTEX_POINT('',#4450);
#4453=CARTESIAN_POINT('',(1.8375E1,1.205E0,0.E0));
#4454=CARTESIAN_POINT('',(1.7235E1,1.205E0,0.E0));
#4455=VERTEX_POINT('',#4453);
#4456=VERTEX_POINT('',#4454);
#4457=CARTESIAN_POINT('',(1.8375E1,-1.205E0,0.E0));
#4458=CARTESIAN_POINT('',(1.7235E1,-1.205E0,0.E0));
#4459=VERTEX_POINT('',#4457);
#4460=VERTEX_POINT('',#4458);
#4461=CARTESIAN_POINT('',(1.6715E1,1.205E0,-2.45E0));
#4462=VERTEX_POINT('',#4461);
#4463=CARTESIAN_POINT('',(1.8895E1,1.205E0,-2.45E0));
#4464=VERTEX_POINT('',#4463);
#4465=CARTESIAN_POINT('',(1.8895E1,1.585E0,-2.45E0));
#4466=VERTEX_POINT('',#4465);
#4467=CARTESIAN_POINT('',(1.5315E1,-1.585E0,-1.5E0));
#4468=CARTESIAN_POINT('',(1.5315E1,-1.585E0,1.5E0));
#4469=VERTEX_POINT('',#4467);
#4470=VERTEX_POINT('',#4468);
#4471=CARTESIAN_POINT('',(1.6335E1,-1.585E0,1.5E0));
#4472=VERTEX_POINT('',#4471);
#4473=CARTESIAN_POINT('',(1.6335E1,-1.585E0,-1.5E0));
#4474=VERTEX_POINT('',#4473);
#4475=CARTESIAN_POINT('',(1.5315E1,1.585E0,-1.5E0));
#4476=CARTESIAN_POINT('',(1.5315E1,1.585E0,1.5E0));
#4477=VERTEX_POINT('',#4475);
#4478=VERTEX_POINT('',#4476);
#4479=CARTESIAN_POINT('',(1.6335E1,1.585E0,1.5E0));
#4480=VERTEX_POINT('',#4479);
#4481=CARTESIAN_POINT('',(1.6335E1,1.585E0,-1.5E0));
#4482=VERTEX_POINT('',#4481);
#4483=CARTESIAN_POINT('',(2.2855E1,-1.585E0,-3.43E0));
#4484=CARTESIAN_POINT('',(2.2855E1,-1.205E0,-3.43E0));
#4485=VERTEX_POINT('',#4483);
#4486=VERTEX_POINT('',#4484);
#4487=CARTESIAN_POINT('',(2.0675E1,-1.205E0,-3.43E0));
#4488=VERTEX_POINT('',#4487);
#4489=CARTESIAN_POINT('',(2.0675E1,-1.585E0,-3.43E0));
#4490=VERTEX_POINT('',#4489);
#4491=CARTESIAN_POINT('',(2.0675E1,1.585E0,3.47E0));
#4492=CARTESIAN_POINT('',(2.0675E1,1.205E0,3.47E0));
#4493=VERTEX_POINT('',#4491);
#4494=VERTEX_POINT('',#4492);
#4495=CARTESIAN_POINT('',(2.2855E1,1.205E0,3.47E0));
#4496=VERTEX_POINT('',#4495);
#4497=CARTESIAN_POINT('',(2.2855E1,1.585E0,3.47E0));
#4498=VERTEX_POINT('',#4497);
#4499=CARTESIAN_POINT('',(2.2855E1,-1.585E0,3.47E0));
#4500=CARTESIAN_POINT('',(2.2855E1,-1.205E0,3.47E0));
#4501=VERTEX_POINT('',#4499);
#4502=VERTEX_POINT('',#4500);
#4503=CARTESIAN_POINT('',(2.0675E1,-1.205E0,3.47E0));
#4504=VERTEX_POINT('',#4503);
#4505=CARTESIAN_POINT('',(2.0675E1,-1.585E0,3.47E0));
#4506=VERTEX_POINT('',#4505);
#4507=CARTESIAN_POINT('',(2.1995E1,-6.035E0,0.E0));
#4508=CARTESIAN_POINT('',(2.2335E1,-5.145E0,0.E0));
#4509=VERTEX_POINT('',#4507);
#4510=VERTEX_POINT('',#4508);
#4511=CARTESIAN_POINT('',(2.2335E1,1.2125E1,0.E0));
#4512=CARTESIAN_POINT('',(2.1995E1,1.3015E1,0.E0));
#4513=VERTEX_POINT('',#4511);
#4514=VERTEX_POINT('',#4512);
#4515=CARTESIAN_POINT('',(2.1535E1,-6.035E0,0.E0));
#4516=CARTESIAN_POINT('',(2.1195E1,-5.145E0,0.E0));
#4517=VERTEX_POINT('',#4515);
#4518=VERTEX_POINT('',#4516);
#4519=CARTESIAN_POINT('',(2.1195E1,1.2125E1,0.E0));
#4520=CARTESIAN_POINT('',(2.1535E1,1.3015E1,0.E0));
#4521=VERTEX_POINT('',#4519);
#4522=VERTEX_POINT('',#4520);
#4523=CARTESIAN_POINT('',(2.2335E1,1.205E0,0.E0));
#4524=CARTESIAN_POINT('',(2.1195E1,1.205E0,0.E0));
#4525=VERTEX_POINT('',#4523);
#4526=VERTEX_POINT('',#4524);
#4527=CARTESIAN_POINT('',(2.2335E1,-1.205E0,0.E0));
#4528=CARTESIAN_POINT('',(2.1195E1,-1.205E0,0.E0));
#4529=VERTEX_POINT('',#4527);
#4530=VERTEX_POINT('',#4528);
#4531=CARTESIAN_POINT('',(2.0675E1,1.585E0,-2.45E0));
#4532=CARTESIAN_POINT('',(2.0675E1,1.205E0,-2.45E0));
#4533=VERTEX_POINT('',#4531);
#4534=VERTEX_POINT('',#4532);
#4535=CARTESIAN_POINT('',(2.2855E1,1.205E0,-2.45E0));
#4536=VERTEX_POINT('',#4535);
#4537=CARTESIAN_POINT('',(1.9275E1,-1.585E0,-1.5E0));
#4538=CARTESIAN_POINT('',(1.9275E1,-1.585E0,1.5E0));
#4539=VERTEX_POINT('',#4537);
#4540=VERTEX_POINT('',#4538);
#4541=CARTESIAN_POINT('',(2.0295E1,-1.585E0,1.5E0));
#4542=VERTEX_POINT('',#4541);
#4543=CARTESIAN_POINT('',(2.0295E1,-1.585E0,-1.5E0));
#4544=VERTEX_POINT('',#4543);
#4545=CARTESIAN_POINT('',(1.9275E1,1.585E0,-1.5E0));
#4546=CARTESIAN_POINT('',(1.9275E1,1.585E0,1.5E0));
#4547=VERTEX_POINT('',#4545);
#4548=VERTEX_POINT('',#4546);
#4549=CARTESIAN_POINT('',(2.0295E1,1.585E0,1.5E0));
#4550=VERTEX_POINT('',#4549);
#4551=CARTESIAN_POINT('',(2.0295E1,1.585E0,-1.5E0));
#4552=VERTEX_POINT('',#4551);
#4553=CARTESIAN_POINT('',(2.6815E1,-1.585E0,-3.43E0));
#4554=CARTESIAN_POINT('',(2.6815E1,-1.205E0,-3.43E0));
#4555=VERTEX_POINT('',#4553);
#4556=VERTEX_POINT('',#4554);
#4557=CARTESIAN_POINT('',(2.4635E1,-1.205E0,-3.43E0));
#4558=VERTEX_POINT('',#4557);
#4559=CARTESIAN_POINT('',(2.4635E1,-1.585E0,-3.43E0));
#4560=VERTEX_POINT('',#4559);
#4561=CARTESIAN_POINT('',(2.4635E1,1.585E0,3.47E0));
#4562=CARTESIAN_POINT('',(2.4635E1,1.205E0,3.47E0));
#4563=VERTEX_POINT('',#4561);
#4564=VERTEX_POINT('',#4562);
#4565=CARTESIAN_POINT('',(2.6815E1,1.205E0,3.47E0));
#4566=VERTEX_POINT('',#4565);
#4567=CARTESIAN_POINT('',(2.6815E1,1.585E0,3.47E0));
#4568=VERTEX_POINT('',#4567);
#4569=CARTESIAN_POINT('',(2.6815E1,-1.585E0,3.47E0));
#4570=CARTESIAN_POINT('',(2.6815E1,-1.205E0,3.47E0));
#4571=VERTEX_POINT('',#4569);
#4572=VERTEX_POINT('',#4570);
#4573=CARTESIAN_POINT('',(2.4635E1,-1.205E0,3.47E0));
#4574=VERTEX_POINT('',#4573);
#4575=CARTESIAN_POINT('',(2.4635E1,-1.585E0,3.47E0));
#4576=VERTEX_POINT('',#4575);
#4577=CARTESIAN_POINT('',(2.5955E1,-6.035E0,0.E0));
#4578=CARTESIAN_POINT('',(2.6295E1,-5.145E0,0.E0));
#4579=VERTEX_POINT('',#4577);
#4580=VERTEX_POINT('',#4578);
#4581=CARTESIAN_POINT('',(2.6295E1,1.2125E1,0.E0));
#4582=CARTESIAN_POINT('',(2.5955E1,1.3015E1,0.E0));
#4583=VERTEX_POINT('',#4581);
#4584=VERTEX_POINT('',#4582);
#4585=CARTESIAN_POINT('',(2.5495E1,-6.035E0,0.E0));
#4586=CARTESIAN_POINT('',(2.5155E1,-5.145E0,0.E0));
#4587=VERTEX_POINT('',#4585);
#4588=VERTEX_POINT('',#4586);
#4589=CARTESIAN_POINT('',(2.5155E1,1.2125E1,0.E0));
#4590=CARTESIAN_POINT('',(2.5495E1,1.3015E1,0.E0));
#4591=VERTEX_POINT('',#4589);
#4592=VERTEX_POINT('',#4590);
#4593=CARTESIAN_POINT('',(2.6295E1,1.205E0,0.E0));
#4594=CARTESIAN_POINT('',(2.5155E1,1.205E0,0.E0));
#4595=VERTEX_POINT('',#4593);
#4596=VERTEX_POINT('',#4594);
#4597=CARTESIAN_POINT('',(2.6295E1,-1.205E0,0.E0));
#4598=CARTESIAN_POINT('',(2.5155E1,-1.205E0,0.E0));
#4599=VERTEX_POINT('',#4597);
#4600=VERTEX_POINT('',#4598);
#4601=CARTESIAN_POINT('',(2.4635E1,1.205E0,-2.45E0));
#4602=VERTEX_POINT('',#4601);
#4603=CARTESIAN_POINT('',(2.6815E1,1.205E0,-2.45E0));
#4604=VERTEX_POINT('',#4603);
#4605=CARTESIAN_POINT('',(2.3235E1,-1.585E0,-1.5E0));
#4606=CARTESIAN_POINT('',(2.3235E1,-1.585E0,1.5E0));
#4607=VERTEX_POINT('',#4605);
#4608=VERTEX_POINT('',#4606);
#4609=CARTESIAN_POINT('',(2.4255E1,-1.585E0,1.5E0));
#4610=VERTEX_POINT('',#4609);
#4611=CARTESIAN_POINT('',(2.4255E1,-1.585E0,-1.5E0));
#4612=VERTEX_POINT('',#4611);
#4613=CARTESIAN_POINT('',(2.3235E1,1.585E0,-1.5E0));
#4614=CARTESIAN_POINT('',(2.3235E1,1.585E0,1.5E0));
#4615=VERTEX_POINT('',#4613);
#4616=VERTEX_POINT('',#4614);
#4617=CARTESIAN_POINT('',(2.4255E1,1.585E0,1.5E0));
#4618=VERTEX_POINT('',#4617);
#4619=CARTESIAN_POINT('',(2.4255E1,1.585E0,-1.5E0));
#4620=VERTEX_POINT('',#4619);
#4621=CARTESIAN_POINT('',(-4.485E0,7.535E0,-3.43E0));
#4622=CARTESIAN_POINT('',(-4.485E0,1.585E0,-3.43E0));
#4623=VERTEX_POINT('',#4621);
#4624=VERTEX_POINT('',#4622);
#4625=CARTESIAN_POINT('',(-3.465E0,1.585E0,-3.43E0));
#4626=VERTEX_POINT('',#4625);
#4627=CARTESIAN_POINT('',(-3.465E0,7.535E0,-3.43E0));
#4628=VERTEX_POINT('',#4627);
#4629=CARTESIAN_POINT('',(-4.485E0,7.535E0,-2.83E0));
#4630=VERTEX_POINT('',#4629);
#4631=CARTESIAN_POINT('',(-3.465E0,7.535E0,-2.83E0));
#4632=VERTEX_POINT('',#4631);
#4633=CARTESIAN_POINT('',(-4.485E0,6.876820693124E0,-2.45E0));
#4634=VERTEX_POINT('',#4633);
#4635=CARTESIAN_POINT('',(-3.465E0,6.876820693124E0,-2.45E0));
#4636=VERTEX_POINT('',#4635);
#4637=CARTESIAN_POINT('',(-4.485E0,1.585E0,-2.45E0));
#4638=VERTEX_POINT('',#4637);
#4639=CARTESIAN_POINT('',(-3.465E0,1.585E0,-2.45E0));
#4640=VERTEX_POINT('',#4639);
#4641=CARTESIAN_POINT('',(7.395E0,7.535E0,-3.43E0));
#4642=CARTESIAN_POINT('',(7.395E0,1.585E0,-3.43E0));
#4643=VERTEX_POINT('',#4641);
#4644=VERTEX_POINT('',#4642);
#4645=CARTESIAN_POINT('',(8.415E0,1.585E0,-3.43E0));
#4646=VERTEX_POINT('',#4645);
#4647=CARTESIAN_POINT('',(8.415E0,7.535E0,-3.43E0));
#4648=VERTEX_POINT('',#4647);
#4649=CARTESIAN_POINT('',(7.395E0,7.535E0,-2.83E0));
#4650=VERTEX_POINT('',#4649);
#4651=CARTESIAN_POINT('',(8.415E0,7.535E0,-2.83E0));
#4652=VERTEX_POINT('',#4651);
#4653=CARTESIAN_POINT('',(7.395E0,6.876820693124E0,-2.45E0));
#4654=VERTEX_POINT('',#4653);
#4655=CARTESIAN_POINT('',(8.415E0,6.876820693124E0,-2.45E0));
#4656=VERTEX_POINT('',#4655);
#4657=CARTESIAN_POINT('',(7.395E0,1.585E0,-2.45E0));
#4658=VERTEX_POINT('',#4657);
#4659=CARTESIAN_POINT('',(8.415E0,1.585E0,-2.45E0));
#4660=VERTEX_POINT('',#4659);
#4661=CARTESIAN_POINT('',(1.9275E1,7.535E0,-3.43E0));
#4662=CARTESIAN_POINT('',(1.9275E1,1.585E0,-3.43E0));
#4663=VERTEX_POINT('',#4661);
#4664=VERTEX_POINT('',#4662);
#4665=CARTESIAN_POINT('',(2.0295E1,1.585E0,-3.43E0));
#4666=VERTEX_POINT('',#4665);
#4667=CARTESIAN_POINT('',(2.0295E1,7.535E0,-3.43E0));
#4668=VERTEX_POINT('',#4667);
#4669=CARTESIAN_POINT('',(1.9275E1,7.535E0,-2.83E0));
#4670=VERTEX_POINT('',#4669);
#4671=CARTESIAN_POINT('',(2.0295E1,7.535E0,-2.83E0));
#4672=VERTEX_POINT('',#4671);
#4673=CARTESIAN_POINT('',(1.9275E1,6.876820693124E0,-2.45E0));
#4674=VERTEX_POINT('',#4673);
#4675=CARTESIAN_POINT('',(2.0295E1,6.876820693124E0,-2.45E0));
#4676=VERTEX_POINT('',#4675);
#4677=CARTESIAN_POINT('',(1.9275E1,1.585E0,-2.45E0));
#4678=VERTEX_POINT('',#4677);
#4679=CARTESIAN_POINT('',(2.0295E1,1.585E0,-2.45E0));
#4680=VERTEX_POINT('',#4679);
#4681=CARTESIAN_POINT('',(0.E0,0.E0,-3.43E0));
#4682=DIRECTION('',(0.E0,0.E0,1.E0));
#4683=DIRECTION('',(1.E0,0.E0,0.E0));
#4684=AXIS2_PLACEMENT_3D('',#4681,#4682,#4683);
#4685=PLANE('',#4684);
#4687=ORIENTED_EDGE('',*,*,#4686,.F.);
#4689=ORIENTED_EDGE('',*,*,#4688,.F.);
#4691=ORIENTED_EDGE('',*,*,#4690,.T.);
#4693=ORIENTED_EDGE('',*,*,#4692,.F.);
#4695=ORIENTED_EDGE('',*,*,#4694,.F.);
#4697=ORIENTED_EDGE('',*,*,#4696,.F.);
#4699=ORIENTED_EDGE('',*,*,#4698,.T.);
#4701=ORIENTED_EDGE('',*,*,#4700,.F.);
#4703=ORIENTED_EDGE('',*,*,#4702,.F.);
#4705=ORIENTED_EDGE('',*,*,#4704,.F.);
#4707=ORIENTED_EDGE('',*,*,#4706,.T.);
#4709=ORIENTED_EDGE('',*,*,#4708,.F.);
#4711=ORIENTED_EDGE('',*,*,#4710,.F.);
#4713=ORIENTED_EDGE('',*,*,#4712,.F.);
#4715=ORIENTED_EDGE('',*,*,#4714,.F.);
#4717=ORIENTED_EDGE('',*,*,#4716,.T.);
#4719=ORIENTED_EDGE('',*,*,#4718,.T.);
#4721=ORIENTED_EDGE('',*,*,#4720,.F.);
#4723=ORIENTED_EDGE('',*,*,#4722,.F.);
#4725=ORIENTED_EDGE('',*,*,#4724,.T.);
#4727=ORIENTED_EDGE('',*,*,#4726,.T.);
#4729=ORIENTED_EDGE('',*,*,#4728,.F.);
#4731=ORIENTED_EDGE('',*,*,#4730,.F.);
#4733=ORIENTED_EDGE('',*,*,#4732,.T.);
#4735=ORIENTED_EDGE('',*,*,#4734,.T.);
#4737=ORIENTED_EDGE('',*,*,#4736,.F.);
#4739=ORIENTED_EDGE('',*,*,#4738,.F.);
#4741=ORIENTED_EDGE('',*,*,#4740,.T.);
#4743=ORIENTED_EDGE('',*,*,#4742,.T.);
#4745=ORIENTED_EDGE('',*,*,#4744,.F.);
#4747=ORIENTED_EDGE('',*,*,#4746,.F.);
#4749=ORIENTED_EDGE('',*,*,#4748,.T.);
#4751=ORIENTED_EDGE('',*,*,#4750,.T.);
#4753=ORIENTED_EDGE('',*,*,#4752,.F.);
#4755=ORIENTED_EDGE('',*,*,#4754,.F.);
#4757=ORIENTED_EDGE('',*,*,#4756,.T.);
#4759=ORIENTED_EDGE('',*,*,#4758,.T.);
#4761=ORIENTED_EDGE('',*,*,#4760,.F.);
#4763=ORIENTED_EDGE('',*,*,#4762,.F.);
#4765=ORIENTED_EDGE('',*,*,#4764,.T.);
#4767=ORIENTED_EDGE('',*,*,#4766,.T.);
#4769=ORIENTED_EDGE('',*,*,#4768,.F.);
#4771=ORIENTED_EDGE('',*,*,#4770,.F.);
#4773=ORIENTED_EDGE('',*,*,#4772,.T.);
#4775=ORIENTED_EDGE('',*,*,#4774,.T.);
#4777=ORIENTED_EDGE('',*,*,#4776,.F.);
#4779=ORIENTED_EDGE('',*,*,#4778,.F.);
#4781=ORIENTED_EDGE('',*,*,#4780,.T.);
#4783=ORIENTED_EDGE('',*,*,#4782,.T.);
#4785=ORIENTED_EDGE('',*,*,#4784,.F.);
#4787=ORIENTED_EDGE('',*,*,#4786,.F.);
#4789=ORIENTED_EDGE('',*,*,#4788,.T.);
#4791=ORIENTED_EDGE('',*,*,#4790,.T.);
#4793=ORIENTED_EDGE('',*,*,#4792,.F.);
#4795=ORIENTED_EDGE('',*,*,#4794,.F.);
#4797=ORIENTED_EDGE('',*,*,#4796,.T.);
#4799=ORIENTED_EDGE('',*,*,#4798,.T.);
#4801=ORIENTED_EDGE('',*,*,#4800,.F.);
#4803=ORIENTED_EDGE('',*,*,#4802,.F.);
#4805=ORIENTED_EDGE('',*,*,#4804,.T.);
#4807=ORIENTED_EDGE('',*,*,#4806,.T.);
#4809=ORIENTED_EDGE('',*,*,#4808,.F.);
#4811=ORIENTED_EDGE('',*,*,#4810,.F.);
#4813=ORIENTED_EDGE('',*,*,#4812,.T.);
#4815=ORIENTED_EDGE('',*,*,#4814,.T.);
#4817=ORIENTED_EDGE('',*,*,#4816,.F.);
#4819=ORIENTED_EDGE('',*,*,#4818,.F.);
#4821=ORIENTED_EDGE('',*,*,#4820,.T.);
#4823=ORIENTED_EDGE('',*,*,#4822,.T.);
#4825=ORIENTED_EDGE('',*,*,#4824,.F.);
#4827=ORIENTED_EDGE('',*,*,#4826,.F.);
#4829=ORIENTED_EDGE('',*,*,#4828,.T.);
#4831=ORIENTED_EDGE('',*,*,#4830,.T.);
#4833=ORIENTED_EDGE('',*,*,#4832,.F.);
#4835=ORIENTED_EDGE('',*,*,#4834,.T.);
#4837=ORIENTED_EDGE('',*,*,#4836,.F.);
#4838=EDGE_LOOP('',(#4687,#4689,#4691,#4693,#4695,#4697,#4699,#4701,#4703,#4705,
#4707,#4709,#4711,#4713,#4715,#4717,#4719,#4721,#4723,#4725,#4727,#4729,#4731,
#4733,#4735,#4737,#4739,#4741,#4743,#4745,#4747,#4749,#4751,#4753,#4755,#4757,
#4759,#4761,#4763,#4765,#4767,#4769,#4771,#4773,#4775,#4777,#4779,#4781,#4783,
#4785,#4787,#4789,#4791,#4793,#4795,#4797,#4799,#4801,#4803,#4805,#4807,#4809,
#4811,#4813,#4815,#4817,#4819,#4821,#4823,#4825,#4827,#4829,#4831,#4833,#4835,
#4837));
#4839=FACE_OUTER_BOUND('',#4838,.F.);
#4840=ADVANCED_FACE('',(#4839),#4685,.F.);
#4841=CARTESIAN_POINT('',(1.9275E1,7.535E0,-2.45E0));
#4842=DIRECTION('',(-1.E0,0.E0,0.E0));
#4843=DIRECTION('',(0.E0,-1.E0,0.E0));
#4844=AXIS2_PLACEMENT_3D('',#4841,#4842,#4843);
#4845=PLANE('',#4844);
#4846=ORIENTED_EDGE('',*,*,#4686,.T.);
#4848=ORIENTED_EDGE('',*,*,#4847,.F.);
#4850=ORIENTED_EDGE('',*,*,#4849,.F.);
#4852=ORIENTED_EDGE('',*,*,#4851,.F.);
#4854=ORIENTED_EDGE('',*,*,#4853,.F.);
#4855=EDGE_LOOP('',(#4846,#4848,#4850,#4852,#4854));
#4856=FACE_OUTER_BOUND('',#4855,.F.);
#4857=ADVANCED_FACE('',(#4856),#4845,.F.);
#4858=CARTESIAN_POINT('',(2.7735E1,1.585E0,-3.43E0));
#4859=DIRECTION('',(0.E0,1.E0,0.E0));
#4860=DIRECTION('',(-1.E0,0.E0,0.E0));
#4861=AXIS2_PLACEMENT_3D('',#4858,#4859,#4860);
#4862=PLANE('',#4861);
#4864=ORIENTED_EDGE('',*,*,#4863,.F.);
#4866=ORIENTED_EDGE('',*,*,#4865,.T.);
#4868=ORIENTED_EDGE('',*,*,#4867,.T.);
#4870=ORIENTED_EDGE('',*,*,#4869,.F.);
#4871=EDGE_LOOP('',(#4864,#4866,#4868,#4870));
#4872=FACE_OUTER_BOUND('',#4871,.F.);
#4873=ADVANCED_FACE('',(#4872),#4862,.T.);
#4874=CARTESIAN_POINT('',(2.7735E1,1.585E0,-3.43E0));
#4875=DIRECTION('',(0.E0,1.E0,0.E0));
#4876=DIRECTION('',(-1.E0,0.E0,0.E0));
#4877=AXIS2_PLACEMENT_3D('',#4874,#4875,#4876);
#4878=PLANE('',#4877);
#4880=ORIENTED_EDGE('',*,*,#4879,.F.);
#4882=ORIENTED_EDGE('',*,*,#4881,.F.);
#4884=ORIENTED_EDGE('',*,*,#4883,.T.);
#4886=ORIENTED_EDGE('',*,*,#4885,.T.);
#4887=EDGE_LOOP('',(#4880,#4882,#4884,#4886));
#4888=FACE_OUTER_BOUND('',#4887,.F.);
#4889=ADVANCED_FACE('',(#4888),#4878,.T.);
#4890=CARTESIAN_POINT('',(2.7735E1,1.585E0,-3.43E0));
#4891=DIRECTION('',(0.E0,1.E0,0.E0));
#4892=DIRECTION('',(-1.E0,0.E0,0.E0));
#4893=AXIS2_PLACEMENT_3D('',#4890,#4891,#4892);
#4894=PLANE('',#4893);
#4896=ORIENTED_EDGE('',*,*,#4895,.F.);
#4898=ORIENTED_EDGE('',*,*,#4897,.T.);
#4900=ORIENTED_EDGE('',*,*,#4899,.T.);
#4902=ORIENTED_EDGE('',*,*,#4901,.F.);
#4903=EDGE_LOOP('',(#4896,#4898,#4900,#4902));
#4904=FACE_OUTER_BOUND('',#4903,.F.);
#4906=ORIENTED_EDGE('',*,*,#4905,.T.);
#4908=ORIENTED_EDGE('',*,*,#4907,.T.);
#4910=ORIENTED_EDGE('',*,*,#4909,.T.);
#4912=ORIENTED_EDGE('',*,*,#4911,.T.);
#4913=EDGE_LOOP('',(#4906,#4908,#4910,#4912));
#4914=FACE_BOUND('',#4913,.F.);
#4915=ADVANCED_FACE('',(#4904,#4914),#4894,.T.);
#4916=CARTESIAN_POINT('',(2.7735E1,1.585E0,-3.43E0));
#4917=DIRECTION('',(0.E0,1.E0,0.E0));
#4918=DIRECTION('',(-1.E0,0.E0,0.E0));
#4919=AXIS2_PLACEMENT_3D('',#4916,#4917,#4918);
#4920=PLANE('',#4919);
#4922=ORIENTED_EDGE('',*,*,#4921,.F.);
#4924=ORIENTED_EDGE('',*,*,#4923,.F.);
#4926=ORIENTED_EDGE('',*,*,#4925,.T.);
#4928=ORIENTED_EDGE('',*,*,#4927,.T.);
#4929=EDGE_LOOP('',(#4922,#4924,#4926,#4928));
#4930=FACE_OUTER_BOUND('',#4929,.F.);
#4932=ORIENTED_EDGE('',*,*,#4931,.T.);
#4934=ORIENTED_EDGE('',*,*,#4933,.T.);
#4936=ORIENTED_EDGE('',*,*,#4935,.T.);
#4938=ORIENTED_EDGE('',*,*,#4937,.T.);
#4939=EDGE_LOOP('',(#4932,#4934,#4936,#4938));
#4940=FACE_BOUND('',#4939,.F.);
#4941=ADVANCED_FACE('',(#4930,#4940),#4920,.T.);
#4942=CARTESIAN_POINT('',(2.7735E1,1.585E0,-3.43E0));
#4943=DIRECTION('',(0.E0,1.E0,0.E0));
#4944=DIRECTION('',(-1.E0,0.E0,0.E0));
#4945=AXIS2_PLACEMENT_3D('',#4942,#4943,#4944);
#4946=PLANE('',#4945);
#4948=ORIENTED_EDGE('',*,*,#4947,.F.);
#4950=ORIENTED_EDGE('',*,*,#4949,.T.);
#4952=ORIENTED_EDGE('',*,*,#4951,.T.);
#4954=ORIENTED_EDGE('',*,*,#4953,.F.);
#4955=EDGE_LOOP('',(#4948,#4950,#4952,#4954));
#4956=FACE_OUTER_BOUND('',#4955,.F.);
#4958=ORIENTED_EDGE('',*,*,#4957,.T.);
#4960=ORIENTED_EDGE('',*,*,#4959,.T.);
#4962=ORIENTED_EDGE('',*,*,#4961,.T.);
#4964=ORIENTED_EDGE('',*,*,#4963,.T.);
#4965=EDGE_LOOP('',(#4958,#4960,#4962,#4964));
#4966=FACE_BOUND('',#4965,.F.);
#4967=ADVANCED_FACE('',(#4956,#4966),#4946,.T.);
#4968=CARTESIAN_POINT('',(2.7735E1,1.585E0,-3.43E0));
#4969=DIRECTION('',(0.E0,1.E0,0.E0));
#4970=DIRECTION('',(-1.E0,0.E0,0.E0));
#4971=AXIS2_PLACEMENT_3D('',#4968,#4969,#4970);
#4972=PLANE('',#4971);
#4974=ORIENTED_EDGE('',*,*,#4973,.F.);
#4976=ORIENTED_EDGE('',*,*,#4975,.T.);
#4978=ORIENTED_EDGE('',*,*,#4977,.T.);
#4980=ORIENTED_EDGE('',*,*,#4979,.F.);
#4981=EDGE_LOOP('',(#4974,#4976,#4978,#4980));
#4982=FACE_OUTER_BOUND('',#4981,.F.);
#4984=ORIENTED_EDGE('',*,*,#4983,.T.);
#4986=ORIENTED_EDGE('',*,*,#4985,.T.);
#4988=ORIENTED_EDGE('',*,*,#4987,.T.);
#4990=ORIENTED_EDGE('',*,*,#4989,.T.);
#4991=EDGE_LOOP('',(#4984,#4986,#4988,#4990));
#4992=FACE_BOUND('',#4991,.F.);
#4993=ADVANCED_FACE('',(#4982,#4992),#4972,.T.);
#4994=CARTESIAN_POINT('',(2.7735E1,1.585E0,-3.43E0));
#4995=DIRECTION('',(0.E0,1.E0,0.E0));
#4996=DIRECTION('',(-1.E0,0.E0,0.E0));
#4997=AXIS2_PLACEMENT_3D('',#4994,#4995,#4996);
#4998=PLANE('',#4997);
#5000=ORIENTED_EDGE('',*,*,#4999,.F.);
#5002=ORIENTED_EDGE('',*,*,#5001,.F.);
#5004=ORIENTED_EDGE('',*,*,#5003,.T.);
#5006=ORIENTED_EDGE('',*,*,#5005,.T.);
#5007=EDGE_LOOP('',(#5000,#5002,#5004,#5006));
#5008=FACE_OUTER_BOUND('',#5007,.F.);
#5010=ORIENTED_EDGE('',*,*,#5009,.T.);
#5012=ORIENTED_EDGE('',*,*,#5011,.T.);
#5014=ORIENTED_EDGE('',*,*,#5013,.T.);
#5016=ORIENTED_EDGE('',*,*,#5015,.T.);
#5017=EDGE_LOOP('',(#5010,#5012,#5014,#5016));
#5018=FACE_BOUND('',#5017,.F.);
#5019=ADVANCED_FACE('',(#5008,#5018),#4998,.T.);
#5020=CARTESIAN_POINT('',(2.7735E1,1.585E0,-3.43E0));
#5021=DIRECTION('',(0.E0,1.E0,0.E0));
#5022=DIRECTION('',(-1.E0,0.E0,0.E0));
#5023=AXIS2_PLACEMENT_3D('',#5020,#5021,#5022);
#5024=PLANE('',#5023);
#5026=ORIENTED_EDGE('',*,*,#5025,.F.);
#5028=ORIENTED_EDGE('',*,*,#5027,.F.);
#5030=ORIENTED_EDGE('',*,*,#5029,.T.);
#5032=ORIENTED_EDGE('',*,*,#5031,.T.);
#5033=EDGE_LOOP('',(#5026,#5028,#5030,#5032));
#5034=FACE_OUTER_BOUND('',#5033,.F.);
#5036=ORIENTED_EDGE('',*,*,#5035,.T.);
#5038=ORIENTED_EDGE('',*,*,#5037,.T.);
#5040=ORIENTED_EDGE('',*,*,#5039,.T.);
#5042=ORIENTED_EDGE('',*,*,#5041,.T.);
#5043=EDGE_LOOP('',(#5036,#5038,#5040,#5042));
#5044=FACE_BOUND('',#5043,.F.);
#5045=ADVANCED_FACE('',(#5034,#5044),#5024,.T.);
#5046=CARTESIAN_POINT('',(2.7735E1,1.585E0,-3.43E0));
#5047=DIRECTION('',(0.E0,1.E0,0.E0));
#5048=DIRECTION('',(-1.E0,0.E0,0.E0));
#5049=AXIS2_PLACEMENT_3D('',#5046,#5047,#5048);
#5050=PLANE('',#5049);
#5052=ORIENTED_EDGE('',*,*,#5051,.F.);
#5054=ORIENTED_EDGE('',*,*,#5053,.F.);
#5056=ORIENTED_EDGE('',*,*,#5055,.T.);
#5058=ORIENTED_EDGE('',*,*,#5057,.T.);
#5059=EDGE_LOOP('',(#5052,#5054,#5056,#5058));
#5060=FACE_OUTER_BOUND('',#5059,.F.);
#5062=ORIENTED_EDGE('',*,*,#5061,.T.);
#5064=ORIENTED_EDGE('',*,*,#5063,.T.);
#5066=ORIENTED_EDGE('',*,*,#5065,.T.);
#5068=ORIENTED_EDGE('',*,*,#5067,.T.);
#5069=EDGE_LOOP('',(#5062,#5064,#5066,#5068));
#5070=FACE_BOUND('',#5069,.F.);
#5071=ADVANCED_FACE('',(#5060,#5070),#5050,.T.);
#5072=CARTESIAN_POINT('',(2.7735E1,1.585E0,-3.43E0));
#5073=DIRECTION('',(0.E0,1.E0,0.E0));
#5074=DIRECTION('',(-1.E0,0.E0,0.E0));
#5075=AXIS2_PLACEMENT_3D('',#5072,#5073,#5074);
#5076=PLANE('',#5075);
#5078=ORIENTED_EDGE('',*,*,#5077,.F.);
#5080=ORIENTED_EDGE('',*,*,#5079,.T.);
#5082=ORIENTED_EDGE('',*,*,#5081,.T.);
#5084=ORIENTED_EDGE('',*,*,#5083,.F.);
#5085=EDGE_LOOP('',(#5078,#5080,#5082,#5084));
#5086=FACE_OUTER_BOUND('',#5085,.F.);
#5088=ORIENTED_EDGE('',*,*,#5087,.T.);
#5090=ORIENTED_EDGE('',*,*,#5089,.T.);
#5092=ORIENTED_EDGE('',*,*,#5091,.T.);
#5094=ORIENTED_EDGE('',*,*,#5093,.T.);
#5095=EDGE_LOOP('',(#5088,#5090,#5092,#5094));
#5096=FACE_BOUND('',#5095,.F.);
#5097=ADVANCED_FACE('',(#5086,#5096),#5076,.T.);
#5098=CARTESIAN_POINT('',(2.7735E1,1.585E0,-3.43E0));
#5099=DIRECTION('',(0.E0,1.E0,0.E0));
#5100=DIRECTION('',(-1.E0,0.E0,0.E0));
#5101=AXIS2_PLACEMENT_3D('',#5098,#5099,#5100);
#5102=PLANE('',#5101);
#5104=ORIENTED_EDGE('',*,*,#5103,.F.);
#5106=ORIENTED_EDGE('',*,*,#5105,.T.);
#5108=ORIENTED_EDGE('',*,*,#5107,.T.);
#5110=ORIENTED_EDGE('',*,*,#5109,.F.);
#5111=EDGE_LOOP('',(#5104,#5106,#5108,#5110));
#5112=FACE_OUTER_BOUND('',#5111,.F.);
#5114=ORIENTED_EDGE('',*,*,#5113,.T.);
#5116=ORIENTED_EDGE('',*,*,#5115,.T.);
#5118=ORIENTED_EDGE('',*,*,#5117,.T.);
#5120=ORIENTED_EDGE('',*,*,#5119,.T.);
#5121=EDGE_LOOP('',(#5114,#5116,#5118,#5120));
#5122=FACE_BOUND('',#5121,.F.);
#5123=ADVANCED_FACE('',(#5112,#5122),#5102,.T.);
#5124=CARTESIAN_POINT('',(2.7735E1,1.585E0,-3.43E0));
#5125=DIRECTION('',(0.E0,1.E0,0.E0));
#5126=DIRECTION('',(-1.E0,0.E0,0.E0));
#5127=AXIS2_PLACEMENT_3D('',#5124,#5125,#5126);
#5128=PLANE('',#5127);
#5130=ORIENTED_EDGE('',*,*,#5129,.F.);
#5132=ORIENTED_EDGE('',*,*,#5131,.T.);
#5133=ORIENTED_EDGE('',*,*,#4708,.T.);
#5135=ORIENTED_EDGE('',*,*,#5134,.F.);
#5137=ORIENTED_EDGE('',*,*,#5136,.F.);
#5139=ORIENTED_EDGE('',*,*,#5138,.T.);
#5141=ORIENTED_EDGE('',*,*,#5140,.T.);
#5143=ORIENTED_EDGE('',*,*,#5142,.F.);
#5144=EDGE_LOOP('',(#5130,#5132,#5133,#5135,#5137,#5139,#5141,#5143));
#5145=FACE_OUTER_BOUND('',#5144,.F.);
#5147=ORIENTED_EDGE('',*,*,#5146,.T.);
#5149=ORIENTED_EDGE('',*,*,#5148,.T.);
#5151=ORIENTED_EDGE('',*,*,#5150,.T.);
#5153=ORIENTED_EDGE('',*,*,#5152,.T.);
#5154=EDGE_LOOP('',(#5147,#5149,#5151,#5153));
#5155=FACE_BOUND('',#5154,.F.);
#5156=ADVANCED_FACE('',(#5145,#5155),#5128,.T.);
#5157=CARTESIAN_POINT('',(2.7735E1,1.585E0,-3.43E0));
#5158=DIRECTION('',(0.E0,1.E0,0.E0));
#5159=DIRECTION('',(-1.E0,0.E0,0.E0));
#5160=AXIS2_PLACEMENT_3D('',#5157,#5158,#5159);
#5161=PLANE('',#5160);
#5163=ORIENTED_EDGE('',*,*,#5162,.F.);
#5165=ORIENTED_EDGE('',*,*,#5164,.T.);
#5166=ORIENTED_EDGE('',*,*,#4700,.T.);
#5168=ORIENTED_EDGE('',*,*,#5167,.F.);
#5170=ORIENTED_EDGE('',*,*,#5169,.F.);
#5172=ORIENTED_EDGE('',*,*,#5171,.T.);
#5174=ORIENTED_EDGE('',*,*,#5173,.T.);
#5176=ORIENTED_EDGE('',*,*,#5175,.F.);
#5177=EDGE_LOOP('',(#5163,#5165,#5166,#5168,#5170,#5172,#5174,#5176));
#5178=FACE_OUTER_BOUND('',#5177,.F.);
#5180=ORIENTED_EDGE('',*,*,#5179,.T.);
#5182=ORIENTED_EDGE('',*,*,#5181,.T.);
#5184=ORIENTED_EDGE('',*,*,#5183,.T.);
#5186=ORIENTED_EDGE('',*,*,#5185,.T.);
#5187=EDGE_LOOP('',(#5180,#5182,#5184,#5186));
#5188=FACE_BOUND('',#5187,.F.);
#5189=ADVANCED_FACE('',(#5178,#5188),#5161,.T.);
#5190=CARTESIAN_POINT('',(2.7735E1,1.585E0,-3.43E0));
#5191=DIRECTION('',(0.E0,1.E0,0.E0));
#5192=DIRECTION('',(-1.E0,0.E0,0.E0));
#5193=AXIS2_PLACEMENT_3D('',#5190,#5191,#5192);
#5194=PLANE('',#5193);
#5196=ORIENTED_EDGE('',*,*,#5195,.F.);
#5198=ORIENTED_EDGE('',*,*,#5197,.T.);
#5199=ORIENTED_EDGE('',*,*,#4692,.T.);
#5201=ORIENTED_EDGE('',*,*,#5200,.F.);
#5203=ORIENTED_EDGE('',*,*,#5202,.F.);
#5205=ORIENTED_EDGE('',*,*,#5204,.T.);
#5207=ORIENTED_EDGE('',*,*,#5206,.T.);
#5209=ORIENTED_EDGE('',*,*,#5208,.F.);
#5210=EDGE_LOOP('',(#5196,#5198,#5199,#5201,#5203,#5205,#5207,#5209));
#5211=FACE_OUTER_BOUND('',#5210,.F.);
#5213=ORIENTED_EDGE('',*,*,#5212,.T.);
#5215=ORIENTED_EDGE('',*,*,#5214,.T.);
#5217=ORIENTED_EDGE('',*,*,#5216,.T.);
#5219=ORIENTED_EDGE('',*,*,#5218,.T.);
#5220=EDGE_LOOP('',(#5213,#5215,#5217,#5219));
#5221=FACE_BOUND('',#5220,.F.);
#5222=ADVANCED_FACE('',(#5211,#5221),#5194,.T.);
#5223=CARTESIAN_POINT('',(2.7735E1,1.585E0,-3.43E0));
#5224=DIRECTION('',(0.E0,1.E0,0.E0));
#5225=DIRECTION('',(-1.E0,0.E0,0.E0));
#5226=AXIS2_PLACEMENT_3D('',#5223,#5224,#5225);
#5227=PLANE('',#5226);
#5229=ORIENTED_EDGE('',*,*,#5228,.F.);
#5230=ORIENTED_EDGE('',*,*,#4847,.T.);
#5231=ORIENTED_EDGE('',*,*,#4836,.T.);
#5233=ORIENTED_EDGE('',*,*,#5232,.F.);
#5235=ORIENTED_EDGE('',*,*,#5234,.F.);
#5237=ORIENTED_EDGE('',*,*,#5236,.T.);
#5239=ORIENTED_EDGE('',*,*,#5238,.T.);
#5241=ORIENTED_EDGE('',*,*,#5240,.F.);
#5242=EDGE_LOOP('',(#5229,#5230,#5231,#5233,#5235,#5237,#5239,#5241));
#5243=FACE_OUTER_BOUND('',#5242,.F.);
#5245=ORIENTED_EDGE('',*,*,#5244,.T.);
#5247=ORIENTED_EDGE('',*,*,#5246,.T.);
#5249=ORIENTED_EDGE('',*,*,#5248,.T.);
#5251=ORIENTED_EDGE('',*,*,#5250,.T.);
#5252=EDGE_LOOP('',(#5245,#5247,#5249,#5251));
#5253=FACE_BOUND('',#5252,.F.);
#5254=ADVANCED_FACE('',(#5243,#5253),#5227,.T.);
#5255=CARTESIAN_POINT('',(2.7735E1,6.876820693124E0,-2.45E0));
#5256=DIRECTION('',(0.E0,0.E0,1.E0));
#5257=DIRECTION('',(0.E0,-1.E0,0.E0));
#5258=AXIS2_PLACEMENT_3D('',#5255,#5256,#5257);
#5259=PLANE('',#5258);
#5261=ORIENTED_EDGE('',*,*,#5260,.T.);
#5262=ORIENTED_EDGE('',*,*,#5129,.T.);
#5264=ORIENTED_EDGE('',*,*,#5263,.F.);
#5266=ORIENTED_EDGE('',*,*,#5265,.F.);
#5268=ORIENTED_EDGE('',*,*,#5267,.F.);
#5269=ORIENTED_EDGE('',*,*,#5001,.T.);
#5271=ORIENTED_EDGE('',*,*,#5270,.F.);
#5273=ORIENTED_EDGE('',*,*,#5272,.F.);
#5275=ORIENTED_EDGE('',*,*,#5274,.F.);
#5276=ORIENTED_EDGE('',*,*,#4923,.T.);
#5278=ORIENTED_EDGE('',*,*,#5277,.F.);
#5280=ORIENTED_EDGE('',*,*,#5279,.F.);
#5282=ORIENTED_EDGE('',*,*,#5281,.F.);
#5283=ORIENTED_EDGE('',*,*,#4881,.T.);
#5285=ORIENTED_EDGE('',*,*,#5284,.F.);
#5287=ORIENTED_EDGE('',*,*,#5286,.T.);
#5288=EDGE_LOOP('',(#5261,#5262,#5264,#5266,#5268,#5269,#5271,#5273,#5275,#5276,
#5278,#5280,#5282,#5283,#5285,#5287));
#5289=FACE_OUTER_BOUND('',#5288,.F.);
#5290=ADVANCED_FACE('',(#5289),#5259,.T.);
#5291=CARTESIAN_POINT('',(2.7735E1,6.876820693124E0,-2.45E0));
#5292=DIRECTION('',(0.E0,0.E0,1.E0));
#5293=DIRECTION('',(0.E0,-1.E0,0.E0));
#5294=AXIS2_PLACEMENT_3D('',#5291,#5292,#5293);
#5295=PLANE('',#5294);
#5297=ORIENTED_EDGE('',*,*,#5296,.T.);
#5298=ORIENTED_EDGE('',*,*,#5162,.T.);
#5300=ORIENTED_EDGE('',*,*,#5299,.F.);
#5302=ORIENTED_EDGE('',*,*,#5301,.F.);
#5304=ORIENTED_EDGE('',*,*,#5303,.F.);
#5305=ORIENTED_EDGE('',*,*,#5053,.T.);
#5307=ORIENTED_EDGE('',*,*,#5306,.F.);
#5309=ORIENTED_EDGE('',*,*,#5308,.F.);
#5311=ORIENTED_EDGE('',*,*,#5310,.F.);
#5312=ORIENTED_EDGE('',*,*,#5027,.T.);
#5314=ORIENTED_EDGE('',*,*,#5313,.F.);
#5316=ORIENTED_EDGE('',*,*,#5315,.F.);
#5318=ORIENTED_EDGE('',*,*,#5317,.F.);
#5319=ORIENTED_EDGE('',*,*,#5136,.T.);
#5321=ORIENTED_EDGE('',*,*,#5320,.F.);
#5323=ORIENTED_EDGE('',*,*,#5322,.T.);
#5324=EDGE_LOOP('',(#5297,#5298,#5300,#5302,#5304,#5305,#5307,#5309,#5311,#5312,
#5314,#5316,#5318,#5319,#5321,#5323));
#5325=FACE_OUTER_BOUND('',#5324,.F.);
#5326=ADVANCED_FACE('',(#5325),#5295,.T.);
#5327=CARTESIAN_POINT('',(2.7735E1,6.876820693124E0,-2.45E0));
#5328=DIRECTION('',(0.E0,0.E0,1.E0));
#5329=DIRECTION('',(0.E0,-1.E0,0.E0));
#5330=AXIS2_PLACEMENT_3D('',#5327,#5328,#5329);
#5331=PLANE('',#5330);
#5333=ORIENTED_EDGE('',*,*,#5332,.T.);
#5334=ORIENTED_EDGE('',*,*,#5195,.T.);
#5336=ORIENTED_EDGE('',*,*,#5335,.F.);
#5338=ORIENTED_EDGE('',*,*,#5337,.F.);
#5340=ORIENTED_EDGE('',*,*,#5339,.F.);
#5341=ORIENTED_EDGE('',*,*,#5077,.T.);
#5343=ORIENTED_EDGE('',*,*,#5342,.F.);
#5345=ORIENTED_EDGE('',*,*,#5344,.F.);
#5347=ORIENTED_EDGE('',*,*,#5346,.F.);
#5348=ORIENTED_EDGE('',*,*,#5103,.T.);
#5350=ORIENTED_EDGE('',*,*,#5349,.F.);
#5352=ORIENTED_EDGE('',*,*,#5351,.F.);
#5354=ORIENTED_EDGE('',*,*,#5353,.F.);
#5355=ORIENTED_EDGE('',*,*,#5169,.T.);
#5357=ORIENTED_EDGE('',*,*,#5356,.F.);
#5359=ORIENTED_EDGE('',*,*,#5358,.T.);
#5360=EDGE_LOOP('',(#5333,#5334,#5336,#5338,#5340,#5341,#5343,#5345,#5347,#5348,
#5350,#5352,#5354,#5355,#5357,#5359));
#5361=FACE_OUTER_BOUND('',#5360,.F.);
#5362=ADVANCED_FACE('',(#5361),#5331,.T.);
#5363=CARTESIAN_POINT('',(2.7735E1,6.876820693124E0,-2.45E0));
#5364=DIRECTION('',(0.E0,0.E0,1.E0));
#5365=DIRECTION('',(0.E0,-1.E0,0.E0));
#5366=AXIS2_PLACEMENT_3D('',#5363,#5364,#5365);
#5367=PLANE('',#5366);
#5368=ORIENTED_EDGE('',*,*,#4849,.T.);
#5369=ORIENTED_EDGE('',*,*,#5228,.T.);
#5371=ORIENTED_EDGE('',*,*,#5370,.F.);
#5373=ORIENTED_EDGE('',*,*,#5372,.F.);
#5375=ORIENTED_EDGE('',*,*,#5374,.F.);
#5376=ORIENTED_EDGE('',*,*,#4947,.T.);
#5378=ORIENTED_EDGE('',*,*,#5377,.F.);
#5380=ORIENTED_EDGE('',*,*,#5379,.F.);
#5382=ORIENTED_EDGE('',*,*,#5381,.F.);
#5383=ORIENTED_EDGE('',*,*,#4973,.T.);
#5385=ORIENTED_EDGE('',*,*,#5384,.F.);
#5387=ORIENTED_EDGE('',*,*,#5386,.F.);
#5389=ORIENTED_EDGE('',*,*,#5388,.F.);
#5390=ORIENTED_EDGE('',*,*,#5202,.T.);
#5392=ORIENTED_EDGE('',*,*,#5391,.F.);
#5394=ORIENTED_EDGE('',*,*,#5393,.T.);
#5395=EDGE_LOOP('',(#5368,#5369,#5371,#5373,#5375,#5376,#5378,#5380,#5382,#5383,
#5385,#5387,#5389,#5390,#5392,#5394));
#5396=FACE_OUTER_BOUND('',#5395,.F.);
#5397=ADVANCED_FACE('',(#5396),#5367,.T.);
#5398=CARTESIAN_POINT('',(2.7735E1,6.876820693124E0,-2.45E0));
#5399=DIRECTION('',(0.E0,0.E0,1.E0));
#5400=DIRECTION('',(0.E0,-1.E0,0.E0));
#5401=AXIS2_PLACEMENT_3D('',#5398,#5399,#5400);
#5402=PLANE('',#5401);
#5404=ORIENTED_EDGE('',*,*,#5403,.F.);
#5406=ORIENTED_EDGE('',*,*,#5405,.T.);
#5408=ORIENTED_EDGE('',*,*,#5407,.T.);
#5409=ORIENTED_EDGE('',*,*,#4863,.T.);
#5411=ORIENTED_EDGE('',*,*,#5410,.F.);
#5413=ORIENTED_EDGE('',*,*,#5412,.F.);
#5415=ORIENTED_EDGE('',*,*,#5414,.F.);
#5416=ORIENTED_EDGE('',*,*,#4895,.T.);
#5418=ORIENTED_EDGE('',*,*,#5417,.F.);
#5420=ORIENTED_EDGE('',*,*,#5419,.F.);
#5422=ORIENTED_EDGE('',*,*,#5421,.F.);
#5423=ORIENTED_EDGE('',*,*,#5234,.T.);
#5424=EDGE_LOOP('',(#5404,#5406,#5408,#5409,#5411,#5413,#5415,#5416,#5418,#5420,
#5422,#5423));
#5425=FACE_OUTER_BOUND('',#5424,.F.);
#5426=ADVANCED_FACE('',(#5425),#5402,.T.);
#5427=CARTESIAN_POINT('',(-1.6365E1,7.535E0,-2.45E0));
#5428=DIRECTION('',(-1.E0,0.E0,0.E0));
#5429=DIRECTION('',(0.E0,-1.E0,0.E0));
#5430=AXIS2_PLACEMENT_3D('',#5427,#5428,#5429);
#5431=PLANE('',#5430);
#5432=ORIENTED_EDGE('',*,*,#4710,.T.);
#5433=ORIENTED_EDGE('',*,*,#5131,.F.);
#5434=ORIENTED_EDGE('',*,*,#5260,.F.);
#5436=ORIENTED_EDGE('',*,*,#5435,.F.);
#5438=ORIENTED_EDGE('',*,*,#5437,.F.);
#5439=EDGE_LOOP('',(#5432,#5433,#5434,#5436,#5438));
#5440=FACE_OUTER_BOUND('',#5439,.F.);
#5441=ADVANCED_FACE('',(#5440),#5431,.F.);
#5442=CARTESIAN_POINT('',(2.7735E1,7.535E0,-2.83E0));
#5443=DIRECTION('',(0.E0,5.E-1,8.660254037844E-1));
#5444=DIRECTION('',(0.E0,-8.660254037844E-1,5.E-1));
#5445=AXIS2_PLACEMENT_3D('',#5442,#5443,#5444);
#5446=PLANE('',#5445);
#5447=ORIENTED_EDGE('',*,*,#5435,.T.);
#5448=ORIENTED_EDGE('',*,*,#5286,.F.);
#5450=ORIENTED_EDGE('',*,*,#5449,.T.);
#5452=ORIENTED_EDGE('',*,*,#5451,.T.);
#5453=EDGE_LOOP('',(#5447,#5448,#5450,#5452));
#5454=FACE_OUTER_BOUND('',#5453,.F.);
#5455=ADVANCED_FACE('',(#5454),#5446,.T.);
#5456=CARTESIAN_POINT('',(2.7735E1,7.535E0,-2.83E0));
#5457=DIRECTION('',(0.E0,5.E-1,8.660254037844E-1));
#5458=DIRECTION('',(0.E0,-8.660254037844E-1,5.E-1));
#5459=AXIS2_PLACEMENT_3D('',#5456,#5457,#5458);
#5460=PLANE('',#5459);
#5462=ORIENTED_EDGE('',*,*,#5461,.T.);
#5463=ORIENTED_EDGE('',*,*,#5322,.F.);
#5465=ORIENTED_EDGE('',*,*,#5464,.F.);
#5467=ORIENTED_EDGE('',*,*,#5466,.T.);
#5468=EDGE_LOOP('',(#5462,#5463,#5465,#5467));
#5469=FACE_OUTER_BOUND('',#5468,.F.);
#5470=ADVANCED_FACE('',(#5469),#5460,.T.);
#5471=CARTESIAN_POINT('',(2.7735E1,7.535E0,-2.83E0));
#5472=DIRECTION('',(0.E0,5.E-1,8.660254037844E-1));
#5473=DIRECTION('',(0.E0,-8.660254037844E-1,5.E-1));
#5474=AXIS2_PLACEMENT_3D('',#5471,#5472,#5473);
#5475=PLANE('',#5474);
#5477=ORIENTED_EDGE('',*,*,#5476,.T.);
#5478=ORIENTED_EDGE('',*,*,#5358,.F.);
#5480=ORIENTED_EDGE('',*,*,#5479,.F.);
#5482=ORIENTED_EDGE('',*,*,#5481,.T.);
#5483=EDGE_LOOP('',(#5477,#5478,#5480,#5482));
#5484=FACE_OUTER_BOUND('',#5483,.F.);
#5485=ADVANCED_FACE('',(#5484),#5475,.T.);
#5486=CARTESIAN_POINT('',(2.7735E1,7.535E0,-2.83E0));
#5487=DIRECTION('',(0.E0,5.E-1,8.660254037844E-1));
#5488=DIRECTION('',(0.E0,-8.660254037844E-1,5.E-1));
#5489=AXIS2_PLACEMENT_3D('',#5486,#5487,#5488);
#5490=PLANE('',#5489);
#5491=ORIENTED_EDGE('',*,*,#4851,.T.);
#5492=ORIENTED_EDGE('',*,*,#5393,.F.);
#5494=ORIENTED_EDGE('',*,*,#5493,.F.);
#5496=ORIENTED_EDGE('',*,*,#5495,.T.);
#5497=EDGE_LOOP('',(#5491,#5492,#5494,#5496));
#5498=FACE_OUTER_BOUND('',#5497,.F.);
#5499=ADVANCED_FACE('',(#5498),#5490,.T.);
#5500=CARTESIAN_POINT('',(2.7735E1,7.535E0,-2.83E0));
#5501=DIRECTION('',(0.E0,5.E-1,8.660254037844E-1));
#5502=DIRECTION('',(0.E0,-8.660254037844E-1,5.E-1));
#5503=AXIS2_PLACEMENT_3D('',#5500,#5501,#5502);
#5504=PLANE('',#5503);
#5506=ORIENTED_EDGE('',*,*,#5505,.F.);
#5508=ORIENTED_EDGE('',*,*,#5507,.T.);
#5510=ORIENTED_EDGE('',*,*,#5509,.T.);
#5511=ORIENTED_EDGE('',*,*,#5405,.F.);
#5512=EDGE_LOOP('',(#5506,#5508,#5510,#5511));
#5513=FACE_OUTER_BOUND('',#5512,.F.);
#5514=ADVANCED_FACE('',(#5513),#5504,.T.);
#5515=CARTESIAN_POINT('',(-2.7735E1,1.585E0,-3.43E0));
#5516=DIRECTION('',(-1.E0,0.E0,0.E0));
#5517=DIRECTION('',(0.E0,-1.E0,0.E0));
#5518=AXIS2_PLACEMENT_3D('',#5515,#5516,#5517);
#5519=PLANE('',#5518);
#5520=ORIENTED_EDGE('',*,*,#4714,.T.);
#5522=ORIENTED_EDGE('',*,*,#5521,.F.);
#5523=ORIENTED_EDGE('',*,*,#5449,.F.);
#5524=ORIENTED_EDGE('',*,*,#5284,.T.);
#5525=ORIENTED_EDGE('',*,*,#4879,.T.);
#5527=ORIENTED_EDGE('',*,*,#5526,.T.);
#5529=ORIENTED_EDGE('',*,*,#5528,.F.);
#5530=EDGE_LOOP('',(#5520,#5522,#5523,#5524,#5525,#5527,#5529));
#5531=FACE_OUTER_BOUND('',#5530,.F.);
#5532=ADVANCED_FACE('',(#5531),#5519,.T.);
#5533=CARTESIAN_POINT('',(2.7735E1,7.535E0,-3.43E0));
#5534=DIRECTION('',(0.E0,1.E0,0.E0));
#5535=DIRECTION('',(0.E0,0.E0,1.E0));
#5536=AXIS2_PLACEMENT_3D('',#5533,#5534,#5535);
#5537=PLANE('',#5536);
#5538=ORIENTED_EDGE('',*,*,#5437,.T.);
#5539=ORIENTED_EDGE('',*,*,#5451,.F.);
#5540=ORIENTED_EDGE('',*,*,#5521,.T.);
#5541=ORIENTED_EDGE('',*,*,#4712,.T.);
#5542=EDGE_LOOP('',(#5538,#5539,#5540,#5541));
#5543=FACE_OUTER_BOUND('',#5542,.F.);
#5544=ADVANCED_FACE('',(#5543),#5537,.T.);
#5545=CARTESIAN_POINT('',(2.7735E1,7.535E0,-3.43E0));
#5546=DIRECTION('',(0.E0,1.E0,0.E0));
#5547=DIRECTION('',(0.E0,0.E0,1.E0));
#5548=AXIS2_PLACEMENT_3D('',#5545,#5546,#5547);
#5549=PLANE('',#5548);
#5551=ORIENTED_EDGE('',*,*,#5550,.T.);
#5552=ORIENTED_EDGE('',*,*,#5466,.F.);
#5554=ORIENTED_EDGE('',*,*,#5553,.F.);
#5555=ORIENTED_EDGE('',*,*,#4704,.T.);
#5556=EDGE_LOOP('',(#5551,#5552,#5554,#5555));
#5557=FACE_OUTER_BOUND('',#5556,.F.);
#5558=ADVANCED_FACE('',(#5557),#5549,.T.);
#5559=CARTESIAN_POINT('',(2.7735E1,7.535E0,-3.43E0));
#5560=DIRECTION('',(0.E0,1.E0,0.E0));
#5561=DIRECTION('',(0.E0,0.E0,1.E0));
#5562=AXIS2_PLACEMENT_3D('',#5559,#5560,#5561);
#5563=PLANE('',#5562);
#5565=ORIENTED_EDGE('',*,*,#5564,.T.);
#5566=ORIENTED_EDGE('',*,*,#5481,.F.);
#5568=ORIENTED_EDGE('',*,*,#5567,.F.);
#5569=ORIENTED_EDGE('',*,*,#4696,.T.);
#5570=EDGE_LOOP('',(#5565,#5566,#5568,#5569));
#5571=FACE_OUTER_BOUND('',#5570,.F.);
#5572=ADVANCED_FACE('',(#5571),#5563,.T.);
#5573=CARTESIAN_POINT('',(2.7735E1,7.535E0,-3.43E0));
#5574=DIRECTION('',(0.E0,1.E0,0.E0));
#5575=DIRECTION('',(0.E0,0.E0,1.E0));
#5576=AXIS2_PLACEMENT_3D('',#5573,#5574,#5575);
#5577=PLANE('',#5576);
#5578=ORIENTED_EDGE('',*,*,#4853,.T.);
#5579=ORIENTED_EDGE('',*,*,#5495,.F.);
#5581=ORIENTED_EDGE('',*,*,#5580,.F.);
#5582=ORIENTED_EDGE('',*,*,#4688,.T.);
#5583=EDGE_LOOP('',(#5578,#5579,#5581,#5582));
#5584=FACE_OUTER_BOUND('',#5583,.F.);
#5585=ADVANCED_FACE('',(#5584),#5577,.T.);
#5586=CARTESIAN_POINT('',(2.7735E1,7.535E0,-3.43E0));
#5587=DIRECTION('',(0.E0,1.E0,0.E0));
#5588=DIRECTION('',(0.E0,0.E0,1.E0));
#5589=AXIS2_PLACEMENT_3D('',#5586,#5587,#5588);
#5590=PLANE('',#5589);
#5592=ORIENTED_EDGE('',*,*,#5591,.F.);
#5593=ORIENTED_EDGE('',*,*,#4832,.T.);
#5595=ORIENTED_EDGE('',*,*,#5594,.T.);
#5596=ORIENTED_EDGE('',*,*,#5507,.F.);
#5597=EDGE_LOOP('',(#5592,#5593,#5595,#5596));
#5598=FACE_OUTER_BOUND('',#5597,.F.);
#5599=ADVANCED_FACE('',(#5598),#5590,.T.);
#5600=CARTESIAN_POINT('',(-4.485E0,7.535E0,-2.45E0));
#5601=DIRECTION('',(-1.E0,0.E0,0.E0));
#5602=DIRECTION('',(0.E0,-1.E0,0.E0));
#5603=AXIS2_PLACEMENT_3D('',#5600,#5601,#5602);
#5604=PLANE('',#5603);
#5605=ORIENTED_EDGE('',*,*,#4702,.T.);
#5606=ORIENTED_EDGE('',*,*,#5164,.F.);
#5607=ORIENTED_EDGE('',*,*,#5296,.F.);
#5608=ORIENTED_EDGE('',*,*,#5461,.F.);
#5609=ORIENTED_EDGE('',*,*,#5550,.F.);
#5610=EDGE_LOOP('',(#5605,#5606,#5607,#5608,#5609));
#5611=FACE_OUTER_BOUND('',#5610,.F.);
#5612=ADVANCED_FACE('',(#5611),#5604,.F.);
#5613=CARTESIAN_POINT('',(-1.5345E1,1.585E0,-2.45E0));
#5614=DIRECTION('',(1.E0,0.E0,0.E0));
#5615=DIRECTION('',(0.E0,1.E0,0.E0));
#5616=AXIS2_PLACEMENT_3D('',#5613,#5614,#5615);
#5617=PLANE('',#5616);
#5618=ORIENTED_EDGE('',*,*,#4706,.F.);
#5619=ORIENTED_EDGE('',*,*,#5553,.T.);
#5620=ORIENTED_EDGE('',*,*,#5464,.T.);
#5621=ORIENTED_EDGE('',*,*,#5320,.T.);
#5622=ORIENTED_EDGE('',*,*,#5134,.T.);
#5623=EDGE_LOOP('',(#5618,#5619,#5620,#5621,#5622));
#5624=FACE_OUTER_BOUND('',#5623,.F.);
#5625=ADVANCED_FACE('',(#5624),#5617,.F.);
#5626=CARTESIAN_POINT('',(7.395E0,7.535E0,-2.45E0));
#5627=DIRECTION('',(-1.E0,0.E0,0.E0));
#5628=DIRECTION('',(0.E0,-1.E0,0.E0));
#5629=AXIS2_PLACEMENT_3D('',#5626,#5627,#5628);
#5630=PLANE('',#5629);
#5631=ORIENTED_EDGE('',*,*,#4694,.T.);
#5632=ORIENTED_EDGE('',*,*,#5197,.F.);
#5633=ORIENTED_EDGE('',*,*,#5332,.F.);
#5634=ORIENTED_EDGE('',*,*,#5476,.F.);
#5635=ORIENTED_EDGE('',*,*,#5564,.F.);
#5636=EDGE_LOOP('',(#5631,#5632,#5633,#5634,#5635));
#5637=FACE_OUTER_BOUND('',#5636,.F.);
#5638=ADVANCED_FACE('',(#5637),#5630,.F.);
#5639=CARTESIAN_POINT('',(-3.465E0,1.585E0,-2.45E0));
#5640=DIRECTION('',(1.E0,0.E0,0.E0));
#5641=DIRECTION('',(0.E0,1.E0,0.E0));
#5642=AXIS2_PLACEMENT_3D('',#5639,#5640,#5641);
#5643=PLANE('',#5642);
#5644=ORIENTED_EDGE('',*,*,#4698,.F.);
#5645=ORIENTED_EDGE('',*,*,#5567,.T.);
#5646=ORIENTED_EDGE('',*,*,#5479,.T.);
#5647=ORIENTED_EDGE('',*,*,#5356,.T.);
#5648=ORIENTED_EDGE('',*,*,#5167,.T.);
#5649=EDGE_LOOP('',(#5644,#5645,#5646,#5647,#5648));
#5650=FACE_OUTER_BOUND('',#5649,.F.);
#5651=ADVANCED_FACE('',(#5650),#5643,.F.);
#5652=CARTESIAN_POINT('',(8.415E0,1.585E0,-2.45E0));
#5653=DIRECTION('',(1.E0,0.E0,0.E0));
#5654=DIRECTION('',(0.E0,1.E0,0.E0));
#5655=AXIS2_PLACEMENT_3D('',#5652,#5653,#5654);
#5656=PLANE('',#5655);
#5657=ORIENTED_EDGE('',*,*,#4690,.F.);
#5658=ORIENTED_EDGE('',*,*,#5580,.T.);
#5659=ORIENTED_EDGE('',*,*,#5493,.T.);
#5660=ORIENTED_EDGE('',*,*,#5391,.T.);
#5661=ORIENTED_EDGE('',*,*,#5200,.T.);
#5662=EDGE_LOOP('',(#5657,#5658,#5659,#5660,#5661));
#5663=FACE_OUTER_BOUND('',#5662,.F.);
#5664=ADVANCED_FACE('',(#5663),#5656,.F.);
#5665=CARTESIAN_POINT('',(2.0295E1,1.585E0,-2.45E0));
#5666=DIRECTION('',(1.E0,0.E0,0.E0));
#5667=DIRECTION('',(0.E0,1.E0,0.E0));
#5668=AXIS2_PLACEMENT_3D('',#5665,#5666,#5667);
#5669=PLANE('',#5668);
#5670=ORIENTED_EDGE('',*,*,#4834,.F.);
#5671=ORIENTED_EDGE('',*,*,#5591,.T.);
#5672=ORIENTED_EDGE('',*,*,#5505,.T.);
#5673=ORIENTED_EDGE('',*,*,#5403,.T.);
#5674=ORIENTED_EDGE('',*,*,#5232,.T.);
#5675=EDGE_LOOP('',(#5670,#5671,#5672,#5673,#5674));
#5676=FACE_OUTER_BOUND('',#5675,.F.);
#5677=ADVANCED_FACE('',(#5676),#5669,.F.);
#5678=CARTESIAN_POINT('',(2.7735E1,-1.585E0,-3.43E0));
#5679=DIRECTION('',(1.E0,0.E0,0.E0));
#5680=DIRECTION('',(0.E0,1.E0,0.E0));
#5681=AXIS2_PLACEMENT_3D('',#5678,#5679,#5680);
#5682=PLANE('',#5681);
#5683=ORIENTED_EDGE('',*,*,#4865,.F.);
#5684=ORIENTED_EDGE('',*,*,#5407,.F.);
#5685=ORIENTED_EDGE('',*,*,#5509,.F.);
#5686=ORIENTED_EDGE('',*,*,#5594,.F.);
#5687=ORIENTED_EDGE('',*,*,#4830,.F.);
#5689=ORIENTED_EDGE('',*,*,#5688,.T.);
#5691=ORIENTED_EDGE('',*,*,#5690,.T.);
#5692=EDGE_LOOP('',(#5683,#5684,#5685,#5686,#5687,#5689,#5691));
#5693=FACE_OUTER_BOUND('',#5692,.F.);
#5694=ADVANCED_FACE('',(#5693),#5682,.T.);
#5695=CARTESIAN_POINT('',(-2.7735E1,-1.585E0,-3.43E0));
#5696=DIRECTION('',(0.E0,-1.E0,0.E0));
#5697=DIRECTION('',(1.E0,0.E0,0.E0));
#5698=AXIS2_PLACEMENT_3D('',#5695,#5696,#5697);
#5699=PLANE('',#5698);
#5701=ORIENTED_EDGE('',*,*,#5700,.F.);
#5702=ORIENTED_EDGE('',*,*,#4716,.F.);
#5703=ORIENTED_EDGE('',*,*,#5528,.T.);
#5705=ORIENTED_EDGE('',*,*,#5704,.T.);
#5706=EDGE_LOOP('',(#5701,#5702,#5703,#5705));
#5707=FACE_OUTER_BOUND('',#5706,.F.);
#5708=ADVANCED_FACE('',(#5707),#5699,.T.);
#5709=CARTESIAN_POINT('',(-2.7735E1,-1.585E0,-3.43E0));
#5710=DIRECTION('',(0.E0,-1.E0,0.E0));
#5711=DIRECTION('',(1.E0,0.E0,0.E0));
#5712=AXIS2_PLACEMENT_3D('',#5709,#5710,#5711);
#5713=PLANE('',#5712);
#5715=ORIENTED_EDGE('',*,*,#5714,.F.);
#5716=ORIENTED_EDGE('',*,*,#4724,.F.);
#5718=ORIENTED_EDGE('',*,*,#5717,.T.);
#5720=ORIENTED_EDGE('',*,*,#5719,.T.);
#5721=EDGE_LOOP('',(#5715,#5716,#5718,#5720));
#5722=FACE_OUTER_BOUND('',#5721,.F.);
#5724=ORIENTED_EDGE('',*,*,#5723,.F.);
#5726=ORIENTED_EDGE('',*,*,#5725,.F.);
#5728=ORIENTED_EDGE('',*,*,#5727,.F.);
#5730=ORIENTED_EDGE('',*,*,#5729,.F.);
#5731=EDGE_LOOP('',(#5724,#5726,#5728,#5730));
#5732=FACE_BOUND('',#5731,.F.);
#5733=ADVANCED_FACE('',(#5722,#5732),#5713,.T.);
#5734=CARTESIAN_POINT('',(-2.7735E1,-1.585E0,-3.43E0));
#5735=DIRECTION('',(0.E0,-1.E0,0.E0));
#5736=DIRECTION('',(1.E0,0.E0,0.E0));
#5737=AXIS2_PLACEMENT_3D('',#5734,#5735,#5736);
#5738=PLANE('',#5737);
#5740=ORIENTED_EDGE('',*,*,#5739,.F.);
#5741=ORIENTED_EDGE('',*,*,#4732,.F.);
#5743=ORIENTED_EDGE('',*,*,#5742,.T.);
#5745=ORIENTED_EDGE('',*,*,#5744,.T.);
#5746=EDGE_LOOP('',(#5740,#5741,#5743,#5745));
#5747=FACE_OUTER_BOUND('',#5746,.F.);
#5749=ORIENTED_EDGE('',*,*,#5748,.F.);
#5751=ORIENTED_EDGE('',*,*,#5750,.F.);
#5753=ORIENTED_EDGE('',*,*,#5752,.F.);
#5755=ORIENTED_EDGE('',*,*,#5754,.F.);
#5756=EDGE_LOOP('',(#5749,#5751,#5753,#5755));
#5757=FACE_BOUND('',#5756,.F.);
#5758=ADVANCED_FACE('',(#5747,#5757),#5738,.T.);
#5759=CARTESIAN_POINT('',(-2.7735E1,-1.585E0,-3.43E0));
#5760=DIRECTION('',(0.E0,-1.E0,0.E0));
#5761=DIRECTION('',(1.E0,0.E0,0.E0));
#5762=AXIS2_PLACEMENT_3D('',#5759,#5760,#5761);
#5763=PLANE('',#5762);
#5765=ORIENTED_EDGE('',*,*,#5764,.F.);
#5766=ORIENTED_EDGE('',*,*,#4740,.F.);
#5768=ORIENTED_EDGE('',*,*,#5767,.T.);
#5770=ORIENTED_EDGE('',*,*,#5769,.T.);
#5771=EDGE_LOOP('',(#5765,#5766,#5768,#5770));
#5772=FACE_OUTER_BOUND('',#5771,.F.);
#5774=ORIENTED_EDGE('',*,*,#5773,.F.);
#5776=ORIENTED_EDGE('',*,*,#5775,.F.);
#5778=ORIENTED_EDGE('',*,*,#5777,.F.);
#5780=ORIENTED_EDGE('',*,*,#5779,.F.);
#5781=EDGE_LOOP('',(#5774,#5776,#5778,#5780));
#5782=FACE_BOUND('',#5781,.F.);
#5783=ADVANCED_FACE('',(#5772,#5782),#5763,.T.);
#5784=CARTESIAN_POINT('',(-2.7735E1,-1.585E0,-3.43E0));
#5785=DIRECTION('',(0.E0,-1.E0,0.E0));
#5786=DIRECTION('',(1.E0,0.E0,0.E0));
#5787=AXIS2_PLACEMENT_3D('',#5784,#5785,#5786);
#5788=PLANE('',#5787);
#5790=ORIENTED_EDGE('',*,*,#5789,.F.);
#5791=ORIENTED_EDGE('',*,*,#4748,.F.);
#5793=ORIENTED_EDGE('',*,*,#5792,.T.);
#5795=ORIENTED_EDGE('',*,*,#5794,.T.);
#5796=EDGE_LOOP('',(#5790,#5791,#5793,#5795));
#5797=FACE_OUTER_BOUND('',#5796,.F.);
#5799=ORIENTED_EDGE('',*,*,#5798,.F.);
#5801=ORIENTED_EDGE('',*,*,#5800,.F.);
#5803=ORIENTED_EDGE('',*,*,#5802,.F.);
#5805=ORIENTED_EDGE('',*,*,#5804,.F.);
#5806=EDGE_LOOP('',(#5799,#5801,#5803,#5805));
#5807=FACE_BOUND('',#5806,.F.);
#5808=ADVANCED_FACE('',(#5797,#5807),#5788,.T.);
#5809=CARTESIAN_POINT('',(-2.7735E1,-1.585E0,-3.43E0));
#5810=DIRECTION('',(0.E0,-1.E0,0.E0));
#5811=DIRECTION('',(1.E0,0.E0,0.E0));
#5812=AXIS2_PLACEMENT_3D('',#5809,#5810,#5811);
#5813=PLANE('',#5812);
#5815=ORIENTED_EDGE('',*,*,#5814,.F.);
#5816=ORIENTED_EDGE('',*,*,#4756,.F.);
#5818=ORIENTED_EDGE('',*,*,#5817,.T.);
#5820=ORIENTED_EDGE('',*,*,#5819,.T.);
#5821=EDGE_LOOP('',(#5815,#5816,#5818,#5820));
#5822=FACE_OUTER_BOUND('',#5821,.F.);
#5824=ORIENTED_EDGE('',*,*,#5823,.F.);
#5826=ORIENTED_EDGE('',*,*,#5825,.F.);
#5828=ORIENTED_EDGE('',*,*,#5827,.F.);
#5830=ORIENTED_EDGE('',*,*,#5829,.F.);
#5831=EDGE_LOOP('',(#5824,#5826,#5828,#5830));
#5832=FACE_BOUND('',#5831,.F.);
#5833=ADVANCED_FACE('',(#5822,#5832),#5813,.T.);
#5834=CARTESIAN_POINT('',(-2.7735E1,-1.585E0,-3.43E0));
#5835=DIRECTION('',(0.E0,-1.E0,0.E0));
#5836=DIRECTION('',(1.E0,0.E0,0.E0));
#5837=AXIS2_PLACEMENT_3D('',#5834,#5835,#5836);
#5838=PLANE('',#5837);
#5840=ORIENTED_EDGE('',*,*,#5839,.F.);
#5841=ORIENTED_EDGE('',*,*,#4764,.F.);
#5843=ORIENTED_EDGE('',*,*,#5842,.T.);
#5845=ORIENTED_EDGE('',*,*,#5844,.T.);
#5846=EDGE_LOOP('',(#5840,#5841,#5843,#5845));
#5847=FACE_OUTER_BOUND('',#5846,.F.);
#5849=ORIENTED_EDGE('',*,*,#5848,.F.);
#5851=ORIENTED_EDGE('',*,*,#5850,.F.);
#5853=ORIENTED_EDGE('',*,*,#5852,.F.);
#5855=ORIENTED_EDGE('',*,*,#5854,.F.);
#5856=EDGE_LOOP('',(#5849,#5851,#5853,#5855));
#5857=FACE_BOUND('',#5856,.F.);
#5858=ADVANCED_FACE('',(#5847,#5857),#5838,.T.);
#5859=CARTESIAN_POINT('',(-2.7735E1,-1.585E0,-3.43E0));
#5860=DIRECTION('',(0.E0,-1.E0,0.E0));
#5861=DIRECTION('',(1.E0,0.E0,0.E0));
#5862=AXIS2_PLACEMENT_3D('',#5859,#5860,#5861);
#5863=PLANE('',#5862);
#5865=ORIENTED_EDGE('',*,*,#5864,.F.);
#5866=ORIENTED_EDGE('',*,*,#4772,.F.);
#5868=ORIENTED_EDGE('',*,*,#5867,.T.);
#5870=ORIENTED_EDGE('',*,*,#5869,.T.);
#5871=EDGE_LOOP('',(#5865,#5866,#5868,#5870));
#5872=FACE_OUTER_BOUND('',#5871,.F.);
#5874=ORIENTED_EDGE('',*,*,#5873,.F.);
#5876=ORIENTED_EDGE('',*,*,#5875,.F.);
#5878=ORIENTED_EDGE('',*,*,#5877,.F.);
#5880=ORIENTED_EDGE('',*,*,#5879,.F.);
#5881=EDGE_LOOP('',(#5874,#5876,#5878,#5880));
#5882=FACE_BOUND('',#5881,.F.);
#5883=ADVANCED_FACE('',(#5872,#5882),#5863,.T.);
#5884=CARTESIAN_POINT('',(-2.7735E1,-1.585E0,-3.43E0));
#5885=DIRECTION('',(0.E0,-1.E0,0.E0));
#5886=DIRECTION('',(1.E0,0.E0,0.E0));
#5887=AXIS2_PLACEMENT_3D('',#5884,#5885,#5886);
#5888=PLANE('',#5887);
#5890=ORIENTED_EDGE('',*,*,#5889,.F.);
#5891=ORIENTED_EDGE('',*,*,#4780,.F.);
#5893=ORIENTED_EDGE('',*,*,#5892,.T.);
#5895=ORIENTED_EDGE('',*,*,#5894,.T.);
#5896=EDGE_LOOP('',(#5890,#5891,#5893,#5895));
#5897=FACE_OUTER_BOUND('',#5896,.F.);
#5899=ORIENTED_EDGE('',*,*,#5898,.F.);
#5901=ORIENTED_EDGE('',*,*,#5900,.F.);
#5903=ORIENTED_EDGE('',*,*,#5902,.F.);
#5905=ORIENTED_EDGE('',*,*,#5904,.F.);
#5906=EDGE_LOOP('',(#5899,#5901,#5903,#5905));
#5907=FACE_BOUND('',#5906,.F.);
#5908=ADVANCED_FACE('',(#5897,#5907),#5888,.T.);
#5909=CARTESIAN_POINT('',(-2.7735E1,-1.585E0,-3.43E0));
#5910=DIRECTION('',(0.E0,-1.E0,0.E0));
#5911=DIRECTION('',(1.E0,0.E0,0.E0));
#5912=AXIS2_PLACEMENT_3D('',#5909,#5910,#5911);
#5913=PLANE('',#5912);
#5915=ORIENTED_EDGE('',*,*,#5914,.F.);
#5916=ORIENTED_EDGE('',*,*,#4788,.F.);
#5918=ORIENTED_EDGE('',*,*,#5917,.T.);
#5920=ORIENTED_EDGE('',*,*,#5919,.T.);
#5921=EDGE_LOOP('',(#5915,#5916,#5918,#5920));
#5922=FACE_OUTER_BOUND('',#5921,.F.);
#5924=ORIENTED_EDGE('',*,*,#5923,.F.);
#5926=ORIENTED_EDGE('',*,*,#5925,.F.);
#5928=ORIENTED_EDGE('',*,*,#5927,.F.);
#5930=ORIENTED_EDGE('',*,*,#5929,.F.);
#5931=EDGE_LOOP('',(#5924,#5926,#5928,#5930));
#5932=FACE_BOUND('',#5931,.F.);
#5933=ADVANCED_FACE('',(#5922,#5932),#5913,.T.);
#5934=CARTESIAN_POINT('',(-2.7735E1,-1.585E0,-3.43E0));
#5935=DIRECTION('',(0.E0,-1.E0,0.E0));
#5936=DIRECTION('',(1.E0,0.E0,0.E0));
#5937=AXIS2_PLACEMENT_3D('',#5934,#5935,#5936);
#5938=PLANE('',#5937);
#5940=ORIENTED_EDGE('',*,*,#5939,.F.);
#5941=ORIENTED_EDGE('',*,*,#4796,.F.);
#5943=ORIENTED_EDGE('',*,*,#5942,.T.);
#5945=ORIENTED_EDGE('',*,*,#5944,.T.);
#5946=EDGE_LOOP('',(#5940,#5941,#5943,#5945));
#5947=FACE_OUTER_BOUND('',#5946,.F.);
#5949=ORIENTED_EDGE('',*,*,#5948,.F.);
#5951=ORIENTED_EDGE('',*,*,#5950,.F.);
#5953=ORIENTED_EDGE('',*,*,#5952,.F.);
#5955=ORIENTED_EDGE('',*,*,#5954,.F.);
#5956=EDGE_LOOP('',(#5949,#5951,#5953,#5955));
#5957=FACE_BOUND('',#5956,.F.);
#5958=ADVANCED_FACE('',(#5947,#5957),#5938,.T.);
#5959=CARTESIAN_POINT('',(-2.7735E1,-1.585E0,-3.43E0));
#5960=DIRECTION('',(0.E0,-1.E0,0.E0));
#5961=DIRECTION('',(1.E0,0.E0,0.E0));
#5962=AXIS2_PLACEMENT_3D('',#5959,#5960,#5961);
#5963=PLANE('',#5962);
#5965=ORIENTED_EDGE('',*,*,#5964,.F.);
#5966=ORIENTED_EDGE('',*,*,#4804,.F.);
#5968=ORIENTED_EDGE('',*,*,#5967,.T.);
#5970=ORIENTED_EDGE('',*,*,#5969,.T.);
#5971=EDGE_LOOP('',(#5965,#5966,#5968,#5970));
#5972=FACE_OUTER_BOUND('',#5971,.F.);
#5974=ORIENTED_EDGE('',*,*,#5973,.F.);
#5976=ORIENTED_EDGE('',*,*,#5975,.F.);
#5978=ORIENTED_EDGE('',*,*,#5977,.F.);
#5980=ORIENTED_EDGE('',*,*,#5979,.F.);
#5981=EDGE_LOOP('',(#5974,#5976,#5978,#5980));
#5982=FACE_BOUND('',#5981,.F.);
#5983=ADVANCED_FACE('',(#5972,#5982),#5963,.T.);
#5984=CARTESIAN_POINT('',(-2.7735E1,-1.585E0,-3.43E0));
#5985=DIRECTION('',(0.E0,-1.E0,0.E0));
#5986=DIRECTION('',(1.E0,0.E0,0.E0));
#5987=AXIS2_PLACEMENT_3D('',#5984,#5985,#5986);
#5988=PLANE('',#5987);
#5990=ORIENTED_EDGE('',*,*,#5989,.F.);
#5991=ORIENTED_EDGE('',*,*,#4812,.F.);
#5993=ORIENTED_EDGE('',*,*,#5992,.T.);
#5995=ORIENTED_EDGE('',*,*,#5994,.T.);
#5996=EDGE_LOOP('',(#5990,#5991,#5993,#5995));
#5997=FACE_OUTER_BOUND('',#5996,.F.);
#5999=ORIENTED_EDGE('',*,*,#5998,.F.);
#6001=ORIENTED_EDGE('',*,*,#6000,.F.);
#6003=ORIENTED_EDGE('',*,*,#6002,.F.);
#6005=ORIENTED_EDGE('',*,*,#6004,.F.);
#6006=EDGE_LOOP('',(#5999,#6001,#6003,#6005));
#6007=FACE_BOUND('',#6006,.F.);
#6008=ADVANCED_FACE('',(#5997,#6007),#5988,.T.);
#6009=CARTESIAN_POINT('',(-2.7735E1,-1.585E0,-3.43E0));
#6010=DIRECTION('',(0.E0,-1.E0,0.E0));
#6011=DIRECTION('',(1.E0,0.E0,0.E0));
#6012=AXIS2_PLACEMENT_3D('',#6009,#6010,#6011);
#6013=PLANE('',#6012);
#6015=ORIENTED_EDGE('',*,*,#6014,.T.);
#6017=ORIENTED_EDGE('',*,*,#6016,.T.);
#6018=ORIENTED_EDGE('',*,*,#5688,.F.);
#6019=ORIENTED_EDGE('',*,*,#4828,.F.);
#6020=EDGE_LOOP('',(#6015,#6017,#6018,#6019));
#6021=FACE_OUTER_BOUND('',#6020,.F.);
#6022=ADVANCED_FACE('',(#6021),#6013,.T.);
#6023=CARTESIAN_POINT('',(-2.7735E1,-1.585E0,-3.43E0));
#6024=DIRECTION('',(0.E0,-1.E0,0.E0));
#6025=DIRECTION('',(1.E0,0.E0,0.E0));
#6026=AXIS2_PLACEMENT_3D('',#6023,#6024,#6025);
#6027=PLANE('',#6026);
#6029=ORIENTED_EDGE('',*,*,#6028,.F.);
#6030=ORIENTED_EDGE('',*,*,#4820,.F.);
#6032=ORIENTED_EDGE('',*,*,#6031,.T.);
#6034=ORIENTED_EDGE('',*,*,#6033,.T.);
#6035=EDGE_LOOP('',(#6029,#6030,#6032,#6034));
#6036=FACE_OUTER_BOUND('',#6035,.F.);
#6038=ORIENTED_EDGE('',*,*,#6037,.F.);
#6040=ORIENTED_EDGE('',*,*,#6039,.F.);
#6042=ORIENTED_EDGE('',*,*,#6041,.F.);
#6044=ORIENTED_EDGE('',*,*,#6043,.F.);
#6045=EDGE_LOOP('',(#6038,#6040,#6042,#6044));
#6046=FACE_BOUND('',#6045,.F.);
#6047=ADVANCED_FACE('',(#6036,#6046),#6027,.T.);
#6048=CARTESIAN_POINT('',(-2.6845E1,-1.205E0,3.47E0));
#6049=DIRECTION('',(-1.E0,0.E0,0.E0));
#6050=DIRECTION('',(0.E0,-1.E0,0.E0));
#6051=AXIS2_PLACEMENT_3D('',#6048,#6049,#6050);
#6052=PLANE('',#6051);
#6053=ORIENTED_EDGE('',*,*,#4718,.F.);
#6054=ORIENTED_EDGE('',*,*,#5700,.T.);
#6056=ORIENTED_EDGE('',*,*,#6055,.T.);
#6058=ORIENTED_EDGE('',*,*,#6057,.T.);
#6059=EDGE_LOOP('',(#6053,#6054,#6056,#6058));
#6060=FACE_OUTER_BOUND('',#6059,.F.);
#6061=ADVANCED_FACE('',(#6060),#6052,.F.);
#6062=CARTESIAN_POINT('',(0.E0,0.E0,3.47E0));
#6063=DIRECTION('',(0.E0,0.E0,1.E0));
#6064=DIRECTION('',(1.E0,0.E0,0.E0));
#6065=AXIS2_PLACEMENT_3D('',#6062,#6063,#6064);
#6066=PLANE('',#6065);
#6068=ORIENTED_EDGE('',*,*,#6067,.T.);
#6070=ORIENTED_EDGE('',*,*,#6069,.T.);
#6072=ORIENTED_EDGE('',*,*,#6071,.F.);
#6073=ORIENTED_EDGE('',*,*,#4867,.F.);
#6074=ORIENTED_EDGE('',*,*,#5690,.F.);
#6075=ORIENTED_EDGE('',*,*,#6016,.F.);
#6077=ORIENTED_EDGE('',*,*,#6076,.T.);
#6079=ORIENTED_EDGE('',*,*,#6078,.T.);
#6081=ORIENTED_EDGE('',*,*,#6080,.F.);
#6082=ORIENTED_EDGE('',*,*,#6033,.F.);
#6084=ORIENTED_EDGE('',*,*,#6083,.T.);
#6086=ORIENTED_EDGE('',*,*,#6085,.T.);
#6088=ORIENTED_EDGE('',*,*,#6087,.F.);
#6089=ORIENTED_EDGE('',*,*,#5994,.F.);
#6091=ORIENTED_EDGE('',*,*,#6090,.T.);
#6093=ORIENTED_EDGE('',*,*,#6092,.T.);
#6095=ORIENTED_EDGE('',*,*,#6094,.F.);
#6096=ORIENTED_EDGE('',*,*,#5969,.F.);
#6098=ORIENTED_EDGE('',*,*,#6097,.T.);
#6100=ORIENTED_EDGE('',*,*,#6099,.T.);
#6102=ORIENTED_EDGE('',*,*,#6101,.F.);
#6103=ORIENTED_EDGE('',*,*,#5944,.F.);
#6105=ORIENTED_EDGE('',*,*,#6104,.T.);
#6107=ORIENTED_EDGE('',*,*,#6106,.T.);
#6109=ORIENTED_EDGE('',*,*,#6108,.F.);
#6110=ORIENTED_EDGE('',*,*,#5919,.F.);
#6112=ORIENTED_EDGE('',*,*,#6111,.T.);
#6114=ORIENTED_EDGE('',*,*,#6113,.T.);
#6116=ORIENTED_EDGE('',*,*,#6115,.F.);
#6117=ORIENTED_EDGE('',*,*,#5894,.F.);
#6119=ORIENTED_EDGE('',*,*,#6118,.T.);
#6121=ORIENTED_EDGE('',*,*,#6120,.T.);
#6123=ORIENTED_EDGE('',*,*,#6122,.F.);
#6124=ORIENTED_EDGE('',*,*,#5869,.F.);
#6126=ORIENTED_EDGE('',*,*,#6125,.T.);
#6128=ORIENTED_EDGE('',*,*,#6127,.T.);
#6130=ORIENTED_EDGE('',*,*,#6129,.F.);
#6131=ORIENTED_EDGE('',*,*,#5844,.F.);
#6133=ORIENTED_EDGE('',*,*,#6132,.T.);
#6135=ORIENTED_EDGE('',*,*,#6134,.T.);
#6137=ORIENTED_EDGE('',*,*,#6136,.F.);
#6138=ORIENTED_EDGE('',*,*,#5819,.F.);
#6140=ORIENTED_EDGE('',*,*,#6139,.T.);
#6142=ORIENTED_EDGE('',*,*,#6141,.T.);
#6144=ORIENTED_EDGE('',*,*,#6143,.F.);
#6145=ORIENTED_EDGE('',*,*,#5794,.F.);
#6147=ORIENTED_EDGE('',*,*,#6146,.T.);
#6149=ORIENTED_EDGE('',*,*,#6148,.T.);
#6151=ORIENTED_EDGE('',*,*,#6150,.F.);
#6152=ORIENTED_EDGE('',*,*,#5769,.F.);
#6154=ORIENTED_EDGE('',*,*,#6153,.T.);
#6156=ORIENTED_EDGE('',*,*,#6155,.T.);
#6158=ORIENTED_EDGE('',*,*,#6157,.F.);
#6159=ORIENTED_EDGE('',*,*,#5744,.F.);
#6161=ORIENTED_EDGE('',*,*,#6160,.T.);
#6163=ORIENTED_EDGE('',*,*,#6162,.T.);
#6165=ORIENTED_EDGE('',*,*,#6164,.F.);
#6166=ORIENTED_EDGE('',*,*,#5719,.F.);
#6168=ORIENTED_EDGE('',*,*,#6167,.T.);
#6170=ORIENTED_EDGE('',*,*,#6169,.T.);
#6171=ORIENTED_EDGE('',*,*,#6055,.F.);
#6172=ORIENTED_EDGE('',*,*,#5704,.F.);
#6173=ORIENTED_EDGE('',*,*,#5526,.F.);
#6174=ORIENTED_EDGE('',*,*,#4885,.F.);
#6176=ORIENTED_EDGE('',*,*,#6175,.T.);
#6178=ORIENTED_EDGE('',*,*,#6177,.T.);
#6180=ORIENTED_EDGE('',*,*,#6179,.F.);
#6181=ORIENTED_EDGE('',*,*,#4927,.F.);
#6183=ORIENTED_EDGE('',*,*,#6182,.T.);
#6185=ORIENTED_EDGE('',*,*,#6184,.T.);
#6187=ORIENTED_EDGE('',*,*,#6186,.F.);
#6188=ORIENTED_EDGE('',*,*,#5005,.F.);
#6190=ORIENTED_EDGE('',*,*,#6189,.T.);
#6192=ORIENTED_EDGE('',*,*,#6191,.T.);
#6194=ORIENTED_EDGE('',*,*,#6193,.F.);
#6195=ORIENTED_EDGE('',*,*,#5140,.F.);
#6197=ORIENTED_EDGE('',*,*,#6196,.T.);
#6199=ORIENTED_EDGE('',*,*,#6198,.T.);
#6201=ORIENTED_EDGE('',*,*,#6200,.F.);
#6202=ORIENTED_EDGE('',*,*,#5031,.F.);
#6204=ORIENTED_EDGE('',*,*,#6203,.T.);
#6206=ORIENTED_EDGE('',*,*,#6205,.T.);
#6208=ORIENTED_EDGE('',*,*,#6207,.F.);
#6209=ORIENTED_EDGE('',*,*,#5057,.F.);
#6211=ORIENTED_EDGE('',*,*,#6210,.T.);
#6213=ORIENTED_EDGE('',*,*,#6212,.T.);
#6215=ORIENTED_EDGE('',*,*,#6214,.F.);
#6216=ORIENTED_EDGE('',*,*,#5173,.F.);
#6218=ORIENTED_EDGE('',*,*,#6217,.T.);
#6220=ORIENTED_EDGE('',*,*,#6219,.T.);
#6222=ORIENTED_EDGE('',*,*,#6221,.F.);
#6223=ORIENTED_EDGE('',*,*,#5107,.F.);
#6225=ORIENTED_EDGE('',*,*,#6224,.T.);
#6227=ORIENTED_EDGE('',*,*,#6226,.T.);
#6229=ORIENTED_EDGE('',*,*,#6228,.F.);
#6230=ORIENTED_EDGE('',*,*,#5081,.F.);
#6232=ORIENTED_EDGE('',*,*,#6231,.T.);
#6234=ORIENTED_EDGE('',*,*,#6233,.T.);
#6236=ORIENTED_EDGE('',*,*,#6235,.F.);
#6237=ORIENTED_EDGE('',*,*,#5206,.F.);
#6239=ORIENTED_EDGE('',*,*,#6238,.T.);
#6241=ORIENTED_EDGE('',*,*,#6240,.T.);
#6243=ORIENTED_EDGE('',*,*,#6242,.F.);
#6244=ORIENTED_EDGE('',*,*,#4977,.F.);
#6246=ORIENTED_EDGE('',*,*,#6245,.T.);
#6248=ORIENTED_EDGE('',*,*,#6247,.T.);
#6250=ORIENTED_EDGE('',*,*,#6249,.F.);
#6251=ORIENTED_EDGE('',*,*,#4951,.F.);
#6253=ORIENTED_EDGE('',*,*,#6252,.T.);
#6255=ORIENTED_EDGE('',*,*,#6254,.T.);
#6257=ORIENTED_EDGE('',*,*,#6256,.F.);
#6258=ORIENTED_EDGE('',*,*,#5238,.F.);
#6260=ORIENTED_EDGE('',*,*,#6259,.T.);
#6262=ORIENTED_EDGE('',*,*,#6261,.T.);
#6264=ORIENTED_EDGE('',*,*,#6263,.F.);
#6265=ORIENTED_EDGE('',*,*,#4899,.F.);
#6266=EDGE_LOOP('',(#6068,#6070,#6072,#6073,#6074,#6075,#6077,#6079,#6081,#6082,
#6084,#6086,#6088,#6089,#6091,#6093,#6095,#6096,#6098,#6100,#6102,#6103,#6105,
#6107,#6109,#6110,#6112,#6114,#6116,#6117,#6119,#6121,#6123,#6124,#6126,#6128,
#6130,#6131,#6133,#6135,#6137,#6138,#6140,#6142,#6144,#6145,#6147,#6149,#6151,
#6152,#6154,#6156,#6158,#6159,#6161,#6163,#6165,#6166,#6168,#6170,#6171,#6172,
#6173,#6174,#6176,#6178,#6180,#6181,#6183,#6185,#6187,#6188,#6190,#6192,#6194,
#6195,#6197,#6199,#6201,#6202,#6204,#6206,#6208,#6209,#6211,#6213,#6215,#6216,
#6218,#6220,#6222,#6223,#6225,#6227,#6229,#6230,#6232,#6234,#6236,#6237,#6239,
#6241,#6243,#6244,#6246,#6248,#6250,#6251,#6253,#6255,#6257,#6258,#6260,#6262,
#6264,#6265));
#6267=FACE_OUTER_BOUND('',#6266,.F.);
#6268=ADVANCED_FACE('',(#6267),#6066,.T.);
#6269=CARTESIAN_POINT('',(2.4635E1,1.585E0,3.47E0));
#6270=DIRECTION('',(-1.E0,0.E0,0.E0));
#6271=DIRECTION('',(0.E0,-1.E0,0.E0));
#6272=AXIS2_PLACEMENT_3D('',#6269,#6270,#6271);
#6273=PLANE('',#6272);
#6274=ORIENTED_EDGE('',*,*,#5414,.T.);
#6276=ORIENTED_EDGE('',*,*,#6275,.F.);
#6277=ORIENTED_EDGE('',*,*,#6067,.F.);
#6278=ORIENTED_EDGE('',*,*,#4897,.F.);
#6279=EDGE_LOOP('',(#6274,#6276,#6277,#6278));
#6280=FACE_OUTER_BOUND('',#6279,.F.);
#6281=ADVANCED_FACE('',(#6280),#6273,.F.);
#6282=CARTESIAN_POINT('',(2.4635E1,1.205E0,3.47E0));
#6283=DIRECTION('',(0.E0,-1.E0,0.E0));
#6284=DIRECTION('',(1.E0,0.E0,0.E0));
#6285=AXIS2_PLACEMENT_3D('',#6282,#6283,#6284);
#6286=PLANE('',#6285);
#6287=ORIENTED_EDGE('',*,*,#5412,.T.);
#6289=ORIENTED_EDGE('',*,*,#6288,.F.);
#6290=ORIENTED_EDGE('',*,*,#6069,.F.);
#6291=ORIENTED_EDGE('',*,*,#6275,.T.);
#6292=EDGE_LOOP('',(#6287,#6289,#6290,#6291));
#6293=FACE_OUTER_BOUND('',#6292,.F.);
#6295=ORIENTED_EDGE('',*,*,#6294,.T.);
#6297=ORIENTED_EDGE('',*,*,#6296,.T.);
#6298=EDGE_LOOP('',(#6295,#6297));
#6299=FACE_BOUND('',#6298,.F.);
#6300=ADVANCED_FACE('',(#6293,#6299),#6286,.F.);
#6301=CARTESIAN_POINT('',(2.5725E1,-6.9875E0,0.E0));
#6302=DIRECTION('',(0.E0,1.E0,0.E0));
#6303=DIRECTION('',(1.E0,0.E0,0.E0));
#6304=AXIS2_PLACEMENT_3D('',#6301,#6302,#6303);
#6305=CYLINDRICAL_SURFACE('',#6304,5.7E-1);
#6306=ORIENTED_EDGE('',*,*,#6294,.F.);
#6308=ORIENTED_EDGE('',*,*,#6307,.T.);
#6310=ORIENTED_EDGE('',*,*,#6309,.T.);
#6312=ORIENTED_EDGE('',*,*,#6311,.F.);
#6313=EDGE_LOOP('',(#6306,#6308,#6310,#6312));
#6314=FACE_OUTER_BOUND('',#6313,.F.);
#6315=ADVANCED_FACE('',(#6314),#6305,.T.);
#6316=CARTESIAN_POINT('',(2.5725E1,-6.9875E0,0.E0));
#6317=DIRECTION('',(0.E0,1.E0,0.E0));
#6318=DIRECTION('',(1.E0,0.E0,0.E0));
#6319=AXIS2_PLACEMENT_3D('',#6316,#6317,#6318);
#6320=CYLINDRICAL_SURFACE('',#6319,5.7E-1);
#6322=ORIENTED_EDGE('',*,*,#6321,.T.);
#6324=ORIENTED_EDGE('',*,*,#6323,.F.);
#6326=ORIENTED_EDGE('',*,*,#6325,.F.);
#6328=ORIENTED_EDGE('',*,*,#6327,.T.);
#6329=EDGE_LOOP('',(#6322,#6324,#6326,#6328));
#6330=FACE_OUTER_BOUND('',#6329,.F.);
#6331=ADVANCED_FACE('',(#6330),#6320,.T.);
#6332=CARTESIAN_POINT('',(2.5725E1,-6.9875E0,0.E0));
#6333=DIRECTION('',(0.E0,1.E0,0.E0));
#6334=DIRECTION('',(1.E0,0.E0,0.E0));
#6335=AXIS2_PLACEMENT_3D('',#6332,#6333,#6334);
#6336=CYLINDRICAL_SURFACE('',#6335,5.7E-1);
#6337=ORIENTED_EDGE('',*,*,#6296,.F.);
#6338=ORIENTED_EDGE('',*,*,#6311,.T.);
#6340=ORIENTED_EDGE('',*,*,#6339,.F.);
#6341=ORIENTED_EDGE('',*,*,#6307,.F.);
#6342=EDGE_LOOP('',(#6337,#6338,#6340,#6341));
#6343=FACE_OUTER_BOUND('',#6342,.F.);
#6344=ADVANCED_FACE('',(#6343),#6336,.T.);
#6345=CARTESIAN_POINT('',(2.5725E1,-6.9875E0,0.E0));
#6346=DIRECTION('',(0.E0,1.E0,0.E0));
#6347=DIRECTION('',(1.E0,0.E0,0.E0));
#6348=AXIS2_PLACEMENT_3D('',#6345,#6346,#6347);
#6349=CYLINDRICAL_SURFACE('',#6348,5.7E-1);
#6351=ORIENTED_EDGE('',*,*,#6350,.T.);
#6352=ORIENTED_EDGE('',*,*,#6327,.F.);
#6354=ORIENTED_EDGE('',*,*,#6353,.T.);
#6355=ORIENTED_EDGE('',*,*,#6323,.T.);
#6356=EDGE_LOOP('',(#6351,#6352,#6354,#6355));
#6357=FACE_OUTER_BOUND('',#6356,.F.);
#6358=ADVANCED_FACE('',(#6357),#6349,.T.);
#6359=CARTESIAN_POINT('',(2.5725E1,1.257E1,0.E0));
#6360=DIRECTION('',(0.E0,-1.E0,0.E0));
#6361=DIRECTION('',(-1.E0,0.E0,0.E0));
#6362=AXIS2_PLACEMENT_3D('',#6359,#6360,#6361);
#6363=CONICAL_SURFACE('',#6362,4.E-1,2.090798047101E1);
#6365=ORIENTED_EDGE('',*,*,#6364,.F.);
#6366=ORIENTED_EDGE('',*,*,#6339,.T.);
#6368=ORIENTED_EDGE('',*,*,#6367,.T.);
#6370=ORIENTED_EDGE('',*,*,#6369,.F.);
#6371=EDGE_LOOP('',(#6365,#6366,#6368,#6370));
#6372=FACE_OUTER_BOUND('',#6371,.F.);
#6373=ADVANCED_FACE('',(#6372),#6363,.T.);
#6374=CARTESIAN_POINT('',(2.5725E1,1.257E1,0.E0));
#6375=DIRECTION('',(0.E0,-1.E0,0.E0));
#6376=DIRECTION('',(-1.E0,0.E0,0.E0));
#6377=AXIS2_PLACEMENT_3D('',#6374,#6375,#6376);
#6378=CONICAL_SURFACE('',#6377,4.E-1,2.090798047101E1);
#6379=ORIENTED_EDGE('',*,*,#6364,.T.);
#6381=ORIENTED_EDGE('',*,*,#6380,.T.);
#6382=ORIENTED_EDGE('',*,*,#6367,.F.);
#6383=ORIENTED_EDGE('',*,*,#6309,.F.);
#6384=EDGE_LOOP('',(#6379,#6381,#6382,#6383));
#6385=FACE_OUTER_BOUND('',#6384,.F.);
#6386=ADVANCED_FACE('',(#6385),#6378,.T.);
#6387=CARTESIAN_POINT('',(2.5725E1,1.3015E1,0.E0));
#6388=DIRECTION('',(0.E0,1.E0,0.E0));
#6389=DIRECTION('',(1.E0,0.E0,0.E0));
#6390=AXIS2_PLACEMENT_3D('',#6387,#6388,#6389);
#6391=PLANE('',#6390);
#6392=ORIENTED_EDGE('',*,*,#6369,.T.);
#6393=ORIENTED_EDGE('',*,*,#6380,.F.);
#6394=EDGE_LOOP('',(#6392,#6393));
#6395=FACE_OUTER_BOUND('',#6394,.F.);
#6396=ADVANCED_FACE('',(#6395),#6391,.T.);
#6397=CARTESIAN_POINT('',(2.6815E1,-1.205E0,3.47E0));
#6398=DIRECTION('',(0.E0,1.E0,0.E0));
#6399=DIRECTION('',(-1.E0,0.E0,0.E0));
#6400=AXIS2_PLACEMENT_3D('',#6397,#6398,#6399);
#6401=PLANE('',#6400);
#6402=ORIENTED_EDGE('',*,*,#4824,.T.);
#6404=ORIENTED_EDGE('',*,*,#6403,.F.);
#6405=ORIENTED_EDGE('',*,*,#6078,.F.);
#6407=ORIENTED_EDGE('',*,*,#6406,.T.);
#6408=EDGE_LOOP('',(#6402,#6404,#6405,#6407));
#6409=FACE_OUTER_BOUND('',#6408,.F.);
#6410=ORIENTED_EDGE('',*,*,#6321,.F.);
#6411=ORIENTED_EDGE('',*,*,#6350,.F.);
#6412=EDGE_LOOP('',(#6410,#6411));
#6413=FACE_BOUND('',#6412,.F.);
#6414=ADVANCED_FACE('',(#6409,#6413),#6401,.F.);
#6415=CARTESIAN_POINT('',(2.4635E1,-1.205E0,3.47E0));
#6416=DIRECTION('',(-1.E0,0.E0,0.E0));
#6417=DIRECTION('',(0.E0,-1.E0,0.E0));
#6418=AXIS2_PLACEMENT_3D('',#6415,#6416,#6417);
#6419=PLANE('',#6418);
#6420=ORIENTED_EDGE('',*,*,#4822,.F.);
#6421=ORIENTED_EDGE('',*,*,#6028,.T.);
#6422=ORIENTED_EDGE('',*,*,#6080,.T.);
#6423=ORIENTED_EDGE('',*,*,#6403,.T.);
#6424=EDGE_LOOP('',(#6420,#6421,#6422,#6423));
#6425=FACE_OUTER_BOUND('',#6424,.F.);
#6426=ADVANCED_FACE('',(#6425),#6419,.F.);
#6427=CARTESIAN_POINT('',(2.6815E1,-1.585E0,3.47E0));
#6428=DIRECTION('',(1.E0,0.E0,0.E0));
#6429=DIRECTION('',(0.E0,1.E0,0.E0));
#6430=AXIS2_PLACEMENT_3D('',#6427,#6428,#6429);
#6431=PLANE('',#6430);
#6432=ORIENTED_EDGE('',*,*,#4826,.T.);
#6433=ORIENTED_EDGE('',*,*,#6406,.F.);
#6434=ORIENTED_EDGE('',*,*,#6076,.F.);
#6435=ORIENTED_EDGE('',*,*,#6014,.F.);
#6436=EDGE_LOOP('',(#6432,#6433,#6434,#6435));
#6437=FACE_OUTER_BOUND('',#6436,.F.);
#6438=ADVANCED_FACE('',(#6437),#6431,.F.);
#6439=CARTESIAN_POINT('',(2.5725E1,-5.59E0,0.E0));
#6440=DIRECTION('',(0.E0,1.E0,0.E0));
#6441=DIRECTION('',(1.E0,0.E0,0.E0));
#6442=AXIS2_PLACEMENT_3D('',#6439,#6440,#6441);
#6443=CONICAL_SURFACE('',#6442,4.E-1,2.090798047101E1);
#6445=ORIENTED_EDGE('',*,*,#6444,.F.);
#6447=ORIENTED_EDGE('',*,*,#6446,.T.);
#6449=ORIENTED_EDGE('',*,*,#6448,.T.);
#6450=ORIENTED_EDGE('',*,*,#6353,.F.);
#6451=EDGE_LOOP('',(#6445,#6447,#6449,#6450));
#6452=FACE_OUTER_BOUND('',#6451,.F.);
#6453=ADVANCED_FACE('',(#6452),#6443,.T.);
#6454=CARTESIAN_POINT('',(2.5725E1,-5.59E0,0.E0));
#6455=DIRECTION('',(0.E0,1.E0,0.E0));
#6456=DIRECTION('',(1.E0,0.E0,0.E0));
#6457=AXIS2_PLACEMENT_3D('',#6454,#6455,#6456);
#6458=CONICAL_SURFACE('',#6457,4.E-1,2.090798047101E1);
#6459=ORIENTED_EDGE('',*,*,#6444,.T.);
#6460=ORIENTED_EDGE('',*,*,#6325,.T.);
#6461=ORIENTED_EDGE('',*,*,#6448,.F.);
#6463=ORIENTED_EDGE('',*,*,#6462,.F.);
#6464=EDGE_LOOP('',(#6459,#6460,#6461,#6463));
#6465=FACE_OUTER_BOUND('',#6464,.F.);
#6466=ADVANCED_FACE('',(#6465),#6458,.T.);
#6467=CARTESIAN_POINT('',(2.5725E1,-6.035E0,0.E0));
#6468=DIRECTION('',(0.E0,1.E0,0.E0));
#6469=DIRECTION('',(1.E0,0.E0,0.E0));
#6470=AXIS2_PLACEMENT_3D('',#6467,#6468,#6469);
#6471=PLANE('',#6470);
#6472=ORIENTED_EDGE('',*,*,#6446,.F.);
#6473=ORIENTED_EDGE('',*,*,#6462,.T.);
#6474=EDGE_LOOP('',(#6472,#6473));
#6475=FACE_OUTER_BOUND('',#6474,.F.);
#6476=ADVANCED_FACE('',(#6475),#6471,.F.);
#6477=CARTESIAN_POINT('',(2.6815E1,1.205E0,3.47E0));
#6478=DIRECTION('',(1.E0,0.E0,0.E0));
#6479=DIRECTION('',(0.E0,1.E0,0.E0));
#6480=AXIS2_PLACEMENT_3D('',#6477,#6478,#6479);
#6481=PLANE('',#6480);
#6482=ORIENTED_EDGE('',*,*,#5410,.T.);
#6483=ORIENTED_EDGE('',*,*,#4869,.T.);
#6484=ORIENTED_EDGE('',*,*,#6071,.T.);
#6485=ORIENTED_EDGE('',*,*,#6288,.T.);
#6486=EDGE_LOOP('',(#6482,#6483,#6484,#6485));
#6487=FACE_OUTER_BOUND('',#6486,.F.);
#6488=ADVANCED_FACE('',(#6487),#6481,.F.);
#6489=CARTESIAN_POINT('',(2.2855E1,-1.585E0,3.47E0));
#6490=DIRECTION('',(1.E0,0.E0,0.E0));
#6491=DIRECTION('',(0.E0,1.E0,0.E0));
#6492=AXIS2_PLACEMENT_3D('',#6489,#6490,#6491);
#6493=PLANE('',#6492);
#6494=ORIENTED_EDGE('',*,*,#4818,.T.);
#6496=ORIENTED_EDGE('',*,*,#6495,.F.);
#6497=ORIENTED_EDGE('',*,*,#6083,.F.);
#6498=ORIENTED_EDGE('',*,*,#6031,.F.);
#6499=EDGE_LOOP('',(#6494,#6496,#6497,#6498));
#6500=FACE_OUTER_BOUND('',#6499,.F.);
#6501=ADVANCED_FACE('',(#6500),#6493,.F.);
#6502=CARTESIAN_POINT('',(2.2855E1,-1.205E0,3.47E0));
#6503=DIRECTION('',(0.E0,1.E0,0.E0));
#6504=DIRECTION('',(-1.E0,0.E0,0.E0));
#6505=AXIS2_PLACEMENT_3D('',#6502,#6503,#6504);
#6506=PLANE('',#6505);
#6507=ORIENTED_EDGE('',*,*,#4816,.T.);
#6509=ORIENTED_EDGE('',*,*,#6508,.F.);
#6510=ORIENTED_EDGE('',*,*,#6085,.F.);
#6511=ORIENTED_EDGE('',*,*,#6495,.T.);
#6512=EDGE_LOOP('',(#6507,#6509,#6510,#6511));
#6513=FACE_OUTER_BOUND('',#6512,.F.);
#6515=ORIENTED_EDGE('',*,*,#6514,.F.);
#6517=ORIENTED_EDGE('',*,*,#6516,.F.);
#6518=EDGE_LOOP('',(#6515,#6517));
#6519=FACE_BOUND('',#6518,.F.);
#6520=ADVANCED_FACE('',(#6513,#6519),#6506,.F.);
#6521=CARTESIAN_POINT('',(2.0675E1,-1.205E0,3.47E0));
#6522=DIRECTION('',(-1.E0,0.E0,0.E0));
#6523=DIRECTION('',(0.E0,-1.E0,0.E0));
#6524=AXIS2_PLACEMENT_3D('',#6521,#6522,#6523);
#6525=PLANE('',#6524);
#6526=ORIENTED_EDGE('',*,*,#4814,.F.);
#6527=ORIENTED_EDGE('',*,*,#5989,.T.);
#6528=ORIENTED_EDGE('',*,*,#6087,.T.);
#6529=ORIENTED_EDGE('',*,*,#6508,.T.);
#6530=EDGE_LOOP('',(#6526,#6527,#6528,#6529));
#6531=FACE_OUTER_BOUND('',#6530,.F.);
#6532=ADVANCED_FACE('',(#6531),#6525,.F.);
#6533=CARTESIAN_POINT('',(2.1765E1,-6.9875E0,0.E0));
#6534=DIRECTION('',(0.E0,1.E0,0.E0));
#6535=DIRECTION('',(1.E0,0.E0,0.E0));
#6536=AXIS2_PLACEMENT_3D('',#6533,#6534,#6535);
#6537=CYLINDRICAL_SURFACE('',#6536,5.7E-1);
#6539=ORIENTED_EDGE('',*,*,#6538,.F.);
#6541=ORIENTED_EDGE('',*,*,#6540,.T.);
#6543=ORIENTED_EDGE('',*,*,#6542,.T.);
#6545=ORIENTED_EDGE('',*,*,#6544,.F.);
#6546=EDGE_LOOP('',(#6539,#6541,#6543,#6545));
#6547=FACE_OUTER_BOUND('',#6546,.F.);
#6548=ADVANCED_FACE('',(#6547),#6537,.T.);
#6549=CARTESIAN_POINT('',(2.1765E1,-6.9875E0,0.E0));
#6550=DIRECTION('',(0.E0,1.E0,0.E0));
#6551=DIRECTION('',(1.E0,0.E0,0.E0));
#6552=AXIS2_PLACEMENT_3D('',#6549,#6550,#6551);
#6553=CYLINDRICAL_SURFACE('',#6552,5.7E-1);
#6554=ORIENTED_EDGE('',*,*,#6514,.T.);
#6556=ORIENTED_EDGE('',*,*,#6555,.F.);
#6558=ORIENTED_EDGE('',*,*,#6557,.F.);
#6560=ORIENTED_EDGE('',*,*,#6559,.T.);
#6561=EDGE_LOOP('',(#6554,#6556,#6558,#6560));
#6562=FACE_OUTER_BOUND('',#6561,.F.);
#6563=ADVANCED_FACE('',(#6562),#6553,.T.);
#6564=CARTESIAN_POINT('',(2.0675E1,1.205E0,3.47E0));
#6565=DIRECTION('',(0.E0,-1.E0,0.E0));
#6566=DIRECTION('',(1.E0,0.E0,0.E0));
#6567=AXIS2_PLACEMENT_3D('',#6564,#6565,#6566);
#6568=PLANE('',#6567);
#6569=ORIENTED_EDGE('',*,*,#5419,.T.);
#6571=ORIENTED_EDGE('',*,*,#6570,.F.);
#6572=ORIENTED_EDGE('',*,*,#6261,.F.);
#6574=ORIENTED_EDGE('',*,*,#6573,.T.);
#6575=EDGE_LOOP('',(#6569,#6571,#6572,#6574));
#6576=FACE_OUTER_BOUND('',#6575,.F.);
#6577=ORIENTED_EDGE('',*,*,#6538,.T.);
#6579=ORIENTED_EDGE('',*,*,#6578,.T.);
#6580=EDGE_LOOP('',(#6577,#6579));
#6581=FACE_BOUND('',#6580,.F.);
#6582=ADVANCED_FACE('',(#6576,#6581),#6568,.F.);
#6583=CARTESIAN_POINT('',(2.1765E1,-6.9875E0,0.E0));
#6584=DIRECTION('',(0.E0,1.E0,0.E0));
#6585=DIRECTION('',(1.E0,0.E0,0.E0));
#6586=AXIS2_PLACEMENT_3D('',#6583,#6584,#6585);
#6587=CYLINDRICAL_SURFACE('',#6586,5.7E-1);
#6588=ORIENTED_EDGE('',*,*,#6578,.F.);
#6589=ORIENTED_EDGE('',*,*,#6544,.T.);
#6591=ORIENTED_EDGE('',*,*,#6590,.F.);
#6592=ORIENTED_EDGE('',*,*,#6540,.F.);
#6593=EDGE_LOOP('',(#6588,#6589,#6591,#6592));
#6594=FACE_OUTER_BOUND('',#6593,.F.);
#6595=ADVANCED_FACE('',(#6594),#6587,.T.);
#6596=CARTESIAN_POINT('',(2.1765E1,-6.9875E0,0.E0));
#6597=DIRECTION('',(0.E0,1.E0,0.E0));
#6598=DIRECTION('',(1.E0,0.E0,0.E0));
#6599=AXIS2_PLACEMENT_3D('',#6596,#6597,#6598);
#6600=CYLINDRICAL_SURFACE('',#6599,5.7E-1);
#6601=ORIENTED_EDGE('',*,*,#6516,.T.);
#6602=ORIENTED_EDGE('',*,*,#6559,.F.);
#6604=ORIENTED_EDGE('',*,*,#6603,.T.);
#6605=ORIENTED_EDGE('',*,*,#6555,.T.);
#6606=EDGE_LOOP('',(#6601,#6602,#6604,#6605));
#6607=FACE_OUTER_BOUND('',#6606,.F.);
#6608=ADVANCED_FACE('',(#6607),#6600,.T.);
#6609=CARTESIAN_POINT('',(2.1765E1,1.257E1,0.E0));
#6610=DIRECTION('',(0.E0,-1.E0,0.E0));
#6611=DIRECTION('',(-1.E0,0.E0,0.E0));
#6612=AXIS2_PLACEMENT_3D('',#6609,#6610,#6611);
#6613=CONICAL_SURFACE('',#6612,4.E-1,2.090798047101E1);
#6615=ORIENTED_EDGE('',*,*,#6614,.F.);
#6616=ORIENTED_EDGE('',*,*,#6590,.T.);
#6618=ORIENTED_EDGE('',*,*,#6617,.T.);
#6620=ORIENTED_EDGE('',*,*,#6619,.F.);
#6621=EDGE_LOOP('',(#6615,#6616,#6618,#6620));
#6622=FACE_OUTER_BOUND('',#6621,.F.);
#6623=ADVANCED_FACE('',(#6622),#6613,.T.);
#6624=CARTESIAN_POINT('',(2.1765E1,1.257E1,0.E0));
#6625=DIRECTION('',(0.E0,-1.E0,0.E0));
#6626=DIRECTION('',(-1.E0,0.E0,0.E0));
#6627=AXIS2_PLACEMENT_3D('',#6624,#6625,#6626);
#6628=CONICAL_SURFACE('',#6627,4.E-1,2.090798047101E1);
#6629=ORIENTED_EDGE('',*,*,#6614,.T.);
#6631=ORIENTED_EDGE('',*,*,#6630,.T.);
#6632=ORIENTED_EDGE('',*,*,#6617,.F.);
#6633=ORIENTED_EDGE('',*,*,#6542,.F.);
#6634=EDGE_LOOP('',(#6629,#6631,#6632,#6633));
#6635=FACE_OUTER_BOUND('',#6634,.F.);
#6636=ADVANCED_FACE('',(#6635),#6628,.T.);
#6637=CARTESIAN_POINT('',(2.1765E1,1.3015E1,0.E0));
#6638=DIRECTION('',(0.E0,1.E0,0.E0));
#6639=DIRECTION('',(1.E0,0.E0,0.E0));
#6640=AXIS2_PLACEMENT_3D('',#6637,#6638,#6639);
#6641=PLANE('',#6640);
#6642=ORIENTED_EDGE('',*,*,#6619,.T.);
#6643=ORIENTED_EDGE('',*,*,#6630,.F.);
#6644=EDGE_LOOP('',(#6642,#6643));
#6645=FACE_OUTER_BOUND('',#6644,.F.);
#6646=ADVANCED_FACE('',(#6645),#6641,.T.);
#6647=CARTESIAN_POINT('',(2.1765E1,-5.59E0,0.E0));
#6648=DIRECTION('',(0.E0,1.E0,0.E0));
#6649=DIRECTION('',(1.E0,0.E0,0.E0));
#6650=AXIS2_PLACEMENT_3D('',#6647,#6648,#6649);
#6651=CONICAL_SURFACE('',#6650,4.E-1,2.090798047101E1);
#6653=ORIENTED_EDGE('',*,*,#6652,.F.);
#6655=ORIENTED_EDGE('',*,*,#6654,.T.);
#6657=ORIENTED_EDGE('',*,*,#6656,.T.);
#6658=ORIENTED_EDGE('',*,*,#6603,.F.);
#6659=EDGE_LOOP('',(#6653,#6655,#6657,#6658));
#6660=FACE_OUTER_BOUND('',#6659,.F.);
#6661=ADVANCED_FACE('',(#6660),#6651,.T.);
#6662=CARTESIAN_POINT('',(2.1765E1,-5.59E0,0.E0));
#6663=DIRECTION('',(0.E0,1.E0,0.E0));
#6664=DIRECTION('',(1.E0,0.E0,0.E0));
#6665=AXIS2_PLACEMENT_3D('',#6662,#6663,#6664);
#6666=CONICAL_SURFACE('',#6665,4.E-1,2.090798047101E1);
#6667=ORIENTED_EDGE('',*,*,#6652,.T.);
#6668=ORIENTED_EDGE('',*,*,#6557,.T.);
#6669=ORIENTED_EDGE('',*,*,#6656,.F.);
#6671=ORIENTED_EDGE('',*,*,#6670,.F.);
#6672=EDGE_LOOP('',(#6667,#6668,#6669,#6671));
#6673=FACE_OUTER_BOUND('',#6672,.F.);
#6674=ADVANCED_FACE('',(#6673),#6666,.T.);
#6675=CARTESIAN_POINT('',(2.1765E1,-6.035E0,0.E0));
#6676=DIRECTION('',(0.E0,1.E0,0.E0));
#6677=DIRECTION('',(1.E0,0.E0,0.E0));
#6678=AXIS2_PLACEMENT_3D('',#6675,#6676,#6677);
#6679=PLANE('',#6678);
#6680=ORIENTED_EDGE('',*,*,#6654,.F.);
#6681=ORIENTED_EDGE('',*,*,#6670,.T.);
#6682=EDGE_LOOP('',(#6680,#6681));
#6683=FACE_OUTER_BOUND('',#6682,.F.);
#6684=ADVANCED_FACE('',(#6683),#6679,.F.);
#6685=CARTESIAN_POINT('',(2.2855E1,1.205E0,3.47E0));
#6686=DIRECTION('',(1.E0,0.E0,0.E0));
#6687=DIRECTION('',(0.E0,1.E0,0.E0));
#6688=AXIS2_PLACEMENT_3D('',#6685,#6686,#6687);
#6689=PLANE('',#6688);
#6690=ORIENTED_EDGE('',*,*,#5417,.T.);
#6691=ORIENTED_EDGE('',*,*,#4901,.T.);
#6692=ORIENTED_EDGE('',*,*,#6263,.T.);
#6693=ORIENTED_EDGE('',*,*,#6570,.T.);
#6694=EDGE_LOOP('',(#6690,#6691,#6692,#6693));
#6695=FACE_OUTER_BOUND('',#6694,.F.);
#6696=ADVANCED_FACE('',(#6695),#6689,.F.);
#6697=CARTESIAN_POINT('',(2.0675E1,1.585E0,3.47E0));
#6698=DIRECTION('',(-1.E0,1.869849304632E-14,0.E0));
#6699=DIRECTION('',(-1.869849304632E-14,-1.E0,0.E0));
#6700=AXIS2_PLACEMENT_3D('',#6697,#6698,#6699);
#6701=PLANE('',#6700);
#6702=ORIENTED_EDGE('',*,*,#5421,.T.);
#6703=ORIENTED_EDGE('',*,*,#6573,.F.);
#6704=ORIENTED_EDGE('',*,*,#6259,.F.);
#6705=ORIENTED_EDGE('',*,*,#5236,.F.);
#6706=EDGE_LOOP('',(#6702,#6703,#6704,#6705));
#6707=FACE_OUTER_BOUND('',#6706,.F.);
#6708=ADVANCED_FACE('',(#6707),#6701,.F.);
#6709=CARTESIAN_POINT('',(1.8895E1,-1.585E0,3.47E0));
#6710=DIRECTION('',(1.E0,0.E0,0.E0));
#6711=DIRECTION('',(0.E0,1.E0,0.E0));
#6712=AXIS2_PLACEMENT_3D('',#6709,#6710,#6711);
#6713=PLANE('',#6712);
#6714=ORIENTED_EDGE('',*,*,#4810,.T.);
#6716=ORIENTED_EDGE('',*,*,#6715,.F.);
#6717=ORIENTED_EDGE('',*,*,#6090,.F.);
#6718=ORIENTED_EDGE('',*,*,#5992,.F.);
#6719=EDGE_LOOP('',(#6714,#6716,#6717,#6718));
#6720=FACE_OUTER_BOUND('',#6719,.F.);
#6721=ADVANCED_FACE('',(#6720),#6713,.F.);
#6722=CARTESIAN_POINT('',(1.8895E1,-1.205E0,3.47E0));
#6723=DIRECTION('',(0.E0,1.E0,0.E0));
#6724=DIRECTION('',(-1.E0,0.E0,0.E0));
#6725=AXIS2_PLACEMENT_3D('',#6722,#6723,#6724);
#6726=PLANE('',#6725);
#6727=ORIENTED_EDGE('',*,*,#4808,.T.);
#6729=ORIENTED_EDGE('',*,*,#6728,.F.);
#6730=ORIENTED_EDGE('',*,*,#6092,.F.);
#6731=ORIENTED_EDGE('',*,*,#6715,.T.);
#6732=EDGE_LOOP('',(#6727,#6729,#6730,#6731));
#6733=FACE_OUTER_BOUND('',#6732,.F.);
#6735=ORIENTED_EDGE('',*,*,#6734,.F.);
#6737=ORIENTED_EDGE('',*,*,#6736,.F.);
#6738=EDGE_LOOP('',(#6735,#6737));
#6739=FACE_BOUND('',#6738,.F.);
#6740=ADVANCED_FACE('',(#6733,#6739),#6726,.F.);
#6741=CARTESIAN_POINT('',(1.6715E1,-1.205E0,3.47E0));
#6742=DIRECTION('',(-1.E0,0.E0,0.E0));
#6743=DIRECTION('',(0.E0,-1.E0,0.E0));
#6744=AXIS2_PLACEMENT_3D('',#6741,#6742,#6743);
#6745=PLANE('',#6744);
#6746=ORIENTED_EDGE('',*,*,#4806,.F.);
#6747=ORIENTED_EDGE('',*,*,#5964,.T.);
#6748=ORIENTED_EDGE('',*,*,#6094,.T.);
#6749=ORIENTED_EDGE('',*,*,#6728,.T.);
#6750=EDGE_LOOP('',(#6746,#6747,#6748,#6749));
#6751=FACE_OUTER_BOUND('',#6750,.F.);
#6752=ADVANCED_FACE('',(#6751),#6745,.F.);
#6753=CARTESIAN_POINT('',(1.7805E1,-6.9875E0,0.E0));
#6754=DIRECTION('',(0.E0,1.E0,0.E0));
#6755=DIRECTION('',(1.E0,0.E0,0.E0));
#6756=AXIS2_PLACEMENT_3D('',#6753,#6754,#6755);
#6757=CYLINDRICAL_SURFACE('',#6756,5.7E-1);
#6759=ORIENTED_EDGE('',*,*,#6758,.F.);
#6761=ORIENTED_EDGE('',*,*,#6760,.T.);
#6763=ORIENTED_EDGE('',*,*,#6762,.T.);
#6765=ORIENTED_EDGE('',*,*,#6764,.F.);
#6766=EDGE_LOOP('',(#6759,#6761,#6763,#6765));
#6767=FACE_OUTER_BOUND('',#6766,.F.);
#6768=ADVANCED_FACE('',(#6767),#6757,.T.);
#6769=CARTESIAN_POINT('',(1.7805E1,-6.9875E0,0.E0));
#6770=DIRECTION('',(0.E0,1.E0,0.E0));
#6771=DIRECTION('',(1.E0,0.E0,0.E0));
#6772=AXIS2_PLACEMENT_3D('',#6769,#6770,#6771);
#6773=CYLINDRICAL_SURFACE('',#6772,5.7E-1);
#6774=ORIENTED_EDGE('',*,*,#6734,.T.);
#6776=ORIENTED_EDGE('',*,*,#6775,.F.);
#6778=ORIENTED_EDGE('',*,*,#6777,.F.);
#6780=ORIENTED_EDGE('',*,*,#6779,.T.);
#6781=EDGE_LOOP('',(#6774,#6776,#6778,#6780));
#6782=FACE_OUTER_BOUND('',#6781,.F.);
#6783=ADVANCED_FACE('',(#6782),#6773,.T.);
#6784=CARTESIAN_POINT('',(1.6715E1,1.205E0,3.47E0));
#6785=DIRECTION('',(0.E0,-1.E0,0.E0));
#6786=DIRECTION('',(1.E0,0.E0,0.E0));
#6787=AXIS2_PLACEMENT_3D('',#6784,#6785,#6786);
#6788=PLANE('',#6787);
#6789=ORIENTED_EDGE('',*,*,#5372,.T.);
#6791=ORIENTED_EDGE('',*,*,#6790,.F.);
#6792=ORIENTED_EDGE('',*,*,#6254,.F.);
#6794=ORIENTED_EDGE('',*,*,#6793,.T.);
#6795=EDGE_LOOP('',(#6789,#6791,#6792,#6794));
#6796=FACE_OUTER_BOUND('',#6795,.F.);
#6797=ORIENTED_EDGE('',*,*,#6758,.T.);
#6799=ORIENTED_EDGE('',*,*,#6798,.T.);
#6800=EDGE_LOOP('',(#6797,#6799));
#6801=FACE_BOUND('',#6800,.F.);
#6802=ADVANCED_FACE('',(#6796,#6801),#6788,.F.);
#6803=CARTESIAN_POINT('',(1.7805E1,-6.9875E0,0.E0));
#6804=DIRECTION('',(0.E0,1.E0,0.E0));
#6805=DIRECTION('',(1.E0,0.E0,0.E0));
#6806=AXIS2_PLACEMENT_3D('',#6803,#6804,#6805);
#6807=CYLINDRICAL_SURFACE('',#6806,5.7E-1);
#6808=ORIENTED_EDGE('',*,*,#6798,.F.);
#6809=ORIENTED_EDGE('',*,*,#6764,.T.);
#6811=ORIENTED_EDGE('',*,*,#6810,.F.);
#6812=ORIENTED_EDGE('',*,*,#6760,.F.);
#6813=EDGE_LOOP('',(#6808,#6809,#6811,#6812));
#6814=FACE_OUTER_BOUND('',#6813,.F.);
#6815=ADVANCED_FACE('',(#6814),#6807,.T.);
#6816=CARTESIAN_POINT('',(1.7805E1,-6.9875E0,0.E0));
#6817=DIRECTION('',(0.E0,1.E0,0.E0));
#6818=DIRECTION('',(1.E0,0.E0,0.E0));
#6819=AXIS2_PLACEMENT_3D('',#6816,#6817,#6818);
#6820=CYLINDRICAL_SURFACE('',#6819,5.7E-1);
#6821=ORIENTED_EDGE('',*,*,#6736,.T.);
#6822=ORIENTED_EDGE('',*,*,#6779,.F.);
#6824=ORIENTED_EDGE('',*,*,#6823,.T.);
#6825=ORIENTED_EDGE('',*,*,#6775,.T.);
#6826=EDGE_LOOP('',(#6821,#6822,#6824,#6825));
#6827=FACE_OUTER_BOUND('',#6826,.F.);
#6828=ADVANCED_FACE('',(#6827),#6820,.T.);
#6829=CARTESIAN_POINT('',(1.7805E1,1.257E1,0.E0));
#6830=DIRECTION('',(0.E0,-1.E0,0.E0));
#6831=DIRECTION('',(-1.E0,0.E0,0.E0));
#6832=AXIS2_PLACEMENT_3D('',#6829,#6830,#6831);
#6833=CONICAL_SURFACE('',#6832,4.E-1,2.090798047101E1);
#6835=ORIENTED_EDGE('',*,*,#6834,.F.);
#6836=ORIENTED_EDGE('',*,*,#6810,.T.);
#6838=ORIENTED_EDGE('',*,*,#6837,.T.);
#6840=ORIENTED_EDGE('',*,*,#6839,.F.);
#6841=EDGE_LOOP('',(#6835,#6836,#6838,#6840));
#6842=FACE_OUTER_BOUND('',#6841,.F.);
#6843=ADVANCED_FACE('',(#6842),#6833,.T.);
#6844=CARTESIAN_POINT('',(1.7805E1,1.257E1,0.E0));
#6845=DIRECTION('',(0.E0,-1.E0,0.E0));
#6846=DIRECTION('',(-1.E0,0.E0,0.E0));
#6847=AXIS2_PLACEMENT_3D('',#6844,#6845,#6846);
#6848=CONICAL_SURFACE('',#6847,4.E-1,2.090798047101E1);
#6849=ORIENTED_EDGE('',*,*,#6834,.T.);
#6851=ORIENTED_EDGE('',*,*,#6850,.T.);
#6852=ORIENTED_EDGE('',*,*,#6837,.F.);
#6853=ORIENTED_EDGE('',*,*,#6762,.F.);
#6854=EDGE_LOOP('',(#6849,#6851,#6852,#6853));
#6855=FACE_OUTER_BOUND('',#6854,.F.);
#6856=ADVANCED_FACE('',(#6855),#6848,.T.);
#6857=CARTESIAN_POINT('',(1.7805E1,1.3015E1,0.E0));
#6858=DIRECTION('',(0.E0,1.E0,0.E0));
#6859=DIRECTION('',(1.E0,0.E0,0.E0));
#6860=AXIS2_PLACEMENT_3D('',#6857,#6858,#6859);
#6861=PLANE('',#6860);
#6862=ORIENTED_EDGE('',*,*,#6839,.T.);
#6863=ORIENTED_EDGE('',*,*,#6850,.F.);
#6864=EDGE_LOOP('',(#6862,#6863));
#6865=FACE_OUTER_BOUND('',#6864,.F.);
#6866=ADVANCED_FACE('',(#6865),#6861,.T.);
#6867=CARTESIAN_POINT('',(1.7805E1,-5.59E0,0.E0));
#6868=DIRECTION('',(0.E0,1.E0,0.E0));
#6869=DIRECTION('',(1.E0,0.E0,0.E0));
#6870=AXIS2_PLACEMENT_3D('',#6867,#6868,#6869);
#6871=CONICAL_SURFACE('',#6870,4.E-1,2.090798047101E1);
#6873=ORIENTED_EDGE('',*,*,#6872,.F.);
#6875=ORIENTED_EDGE('',*,*,#6874,.T.);
#6877=ORIENTED_EDGE('',*,*,#6876,.T.);
#6878=ORIENTED_EDGE('',*,*,#6823,.F.);
#6879=EDGE_LOOP('',(#6873,#6875,#6877,#6878));
#6880=FACE_OUTER_BOUND('',#6879,.F.);
#6881=ADVANCED_FACE('',(#6880),#6871,.T.);
#6882=CARTESIAN_POINT('',(1.7805E1,-5.59E0,0.E0));
#6883=DIRECTION('',(0.E0,1.E0,0.E0));
#6884=DIRECTION('',(1.E0,0.E0,0.E0));
#6885=AXIS2_PLACEMENT_3D('',#6882,#6883,#6884);
#6886=CONICAL_SURFACE('',#6885,4.E-1,2.090798047101E1);
#6887=ORIENTED_EDGE('',*,*,#6872,.T.);
#6888=ORIENTED_EDGE('',*,*,#6777,.T.);
#6889=ORIENTED_EDGE('',*,*,#6876,.F.);
#6891=ORIENTED_EDGE('',*,*,#6890,.F.);
#6892=EDGE_LOOP('',(#6887,#6888,#6889,#6891));
#6893=FACE_OUTER_BOUND('',#6892,.F.);
#6894=ADVANCED_FACE('',(#6893),#6886,.T.);
#6895=CARTESIAN_POINT('',(1.7805E1,-6.035E0,0.E0));
#6896=DIRECTION('',(0.E0,1.E0,0.E0));
#6897=DIRECTION('',(1.E0,0.E0,0.E0));
#6898=AXIS2_PLACEMENT_3D('',#6895,#6896,#6897);
#6899=PLANE('',#6898);
#6900=ORIENTED_EDGE('',*,*,#6874,.F.);
#6901=ORIENTED_EDGE('',*,*,#6890,.T.);
#6902=EDGE_LOOP('',(#6900,#6901));
#6903=FACE_OUTER_BOUND('',#6902,.F.);
#6904=ADVANCED_FACE('',(#6903),#6899,.F.);
#6905=CARTESIAN_POINT('',(1.8895E1,1.205E0,3.47E0));
#6906=DIRECTION('',(1.E0,0.E0,0.E0));
#6907=DIRECTION('',(0.E0,1.E0,0.E0));
#6908=AXIS2_PLACEMENT_3D('',#6905,#6906,#6907);
#6909=PLANE('',#6908);
#6910=ORIENTED_EDGE('',*,*,#5370,.T.);
#6911=ORIENTED_EDGE('',*,*,#5240,.T.);
#6912=ORIENTED_EDGE('',*,*,#6256,.T.);
#6913=ORIENTED_EDGE('',*,*,#6790,.T.);
#6914=EDGE_LOOP('',(#6910,#6911,#6912,#6913));
#6915=FACE_OUTER_BOUND('',#6914,.F.);
#6916=ADVANCED_FACE('',(#6915),#6909,.F.);
#6917=CARTESIAN_POINT('',(1.6715E1,1.585E0,3.47E0));
#6918=DIRECTION('',(-1.E0,0.E0,0.E0));
#6919=DIRECTION('',(0.E0,-1.E0,0.E0));
#6920=AXIS2_PLACEMENT_3D('',#6917,#6918,#6919);
#6921=PLANE('',#6920);
#6922=ORIENTED_EDGE('',*,*,#5374,.T.);
#6923=ORIENTED_EDGE('',*,*,#6793,.F.);
#6924=ORIENTED_EDGE('',*,*,#6252,.F.);
#6925=ORIENTED_EDGE('',*,*,#4949,.F.);
#6926=EDGE_LOOP('',(#6922,#6923,#6924,#6925));
#6927=FACE_OUTER_BOUND('',#6926,.F.);
#6928=ADVANCED_FACE('',(#6927),#6921,.F.);
#6929=CARTESIAN_POINT('',(1.4935E1,-1.585E0,3.47E0));
#6930=DIRECTION('',(1.E0,0.E0,0.E0));
#6931=DIRECTION('',(0.E0,1.E0,0.E0));
#6932=AXIS2_PLACEMENT_3D('',#6929,#6930,#6931);
#6933=PLANE('',#6932);
#6934=ORIENTED_EDGE('',*,*,#4802,.T.);
#6936=ORIENTED_EDGE('',*,*,#6935,.F.);
#6937=ORIENTED_EDGE('',*,*,#6097,.F.);
#6938=ORIENTED_EDGE('',*,*,#5967,.F.);
#6939=EDGE_LOOP('',(#6934,#6936,#6937,#6938));
#6940=FACE_OUTER_BOUND('',#6939,.F.);
#6941=ADVANCED_FACE('',(#6940),#6933,.F.);
#6942=CARTESIAN_POINT('',(1.4935E1,-1.205E0,3.47E0));
#6943=DIRECTION('',(0.E0,1.E0,0.E0));
#6944=DIRECTION('',(-1.E0,0.E0,0.E0));
#6945=AXIS2_PLACEMENT_3D('',#6942,#6943,#6944);
#6946=PLANE('',#6945);
#6947=ORIENTED_EDGE('',*,*,#4800,.T.);
#6949=ORIENTED_EDGE('',*,*,#6948,.F.);
#6950=ORIENTED_EDGE('',*,*,#6099,.F.);
#6951=ORIENTED_EDGE('',*,*,#6935,.T.);
#6952=EDGE_LOOP('',(#6947,#6949,#6950,#6951));
#6953=FACE_OUTER_BOUND('',#6952,.F.);
#6955=ORIENTED_EDGE('',*,*,#6954,.F.);
#6957=ORIENTED_EDGE('',*,*,#6956,.F.);
#6958=EDGE_LOOP('',(#6955,#6957));
#6959=FACE_BOUND('',#6958,.F.);
#6960=ADVANCED_FACE('',(#6953,#6959),#6946,.F.);
#6961=CARTESIAN_POINT('',(1.2755E1,-1.205E0,3.47E0));
#6962=DIRECTION('',(-1.E0,0.E0,0.E0));
#6963=DIRECTION('',(0.E0,-1.E0,0.E0));
#6964=AXIS2_PLACEMENT_3D('',#6961,#6962,#6963);
#6965=PLANE('',#6964);
#6966=ORIENTED_EDGE('',*,*,#4798,.F.);
#6967=ORIENTED_EDGE('',*,*,#5939,.T.);
#6968=ORIENTED_EDGE('',*,*,#6101,.T.);
#6969=ORIENTED_EDGE('',*,*,#6948,.T.);
#6970=EDGE_LOOP('',(#6966,#6967,#6968,#6969));
#6971=FACE_OUTER_BOUND('',#6970,.F.);
#6972=ADVANCED_FACE('',(#6971),#6965,.F.);
#6973=CARTESIAN_POINT('',(1.3845E1,-6.9875E0,0.E0));
#6974=DIRECTION('',(0.E0,1.E0,0.E0));
#6975=DIRECTION('',(1.E0,0.E0,0.E0));
#6976=AXIS2_PLACEMENT_3D('',#6973,#6974,#6975);
#6977=CYLINDRICAL_SURFACE('',#6976,5.7E-1);
#6979=ORIENTED_EDGE('',*,*,#6978,.F.);
#6981=ORIENTED_EDGE('',*,*,#6980,.T.);
#6983=ORIENTED_EDGE('',*,*,#6982,.T.);
#6985=ORIENTED_EDGE('',*,*,#6984,.F.);
#6986=EDGE_LOOP('',(#6979,#6981,#6983,#6985));
#6987=FACE_OUTER_BOUND('',#6986,.F.);
#6988=ADVANCED_FACE('',(#6987),#6977,.T.);
#6989=CARTESIAN_POINT('',(1.3845E1,-6.9875E0,0.E0));
#6990=DIRECTION('',(0.E0,1.E0,0.E0));
#6991=DIRECTION('',(1.E0,0.E0,0.E0));
#6992=AXIS2_PLACEMENT_3D('',#6989,#6990,#6991);
#6993=CYLINDRICAL_SURFACE('',#6992,5.7E-1);
#6994=ORIENTED_EDGE('',*,*,#6954,.T.);
#6996=ORIENTED_EDGE('',*,*,#6995,.F.);
#6998=ORIENTED_EDGE('',*,*,#6997,.F.);
#7000=ORIENTED_EDGE('',*,*,#6999,.T.);
#7001=EDGE_LOOP('',(#6994,#6996,#6998,#7000));
#7002=FACE_OUTER_BOUND('',#7001,.F.);
#7003=ADVANCED_FACE('',(#7002),#6993,.T.);
#7004=CARTESIAN_POINT('',(1.2755E1,1.205E0,3.47E0));
#7005=DIRECTION('',(0.E0,-1.E0,0.E0));
#7006=DIRECTION('',(1.E0,0.E0,0.E0));
#7007=AXIS2_PLACEMENT_3D('',#7004,#7005,#7006);
#7008=PLANE('',#7007);
#7009=ORIENTED_EDGE('',*,*,#5379,.T.);
#7011=ORIENTED_EDGE('',*,*,#7010,.F.);
#7012=ORIENTED_EDGE('',*,*,#6247,.F.);
#7014=ORIENTED_EDGE('',*,*,#7013,.T.);
#7015=EDGE_LOOP('',(#7009,#7011,#7012,#7014));
#7016=FACE_OUTER_BOUND('',#7015,.F.);
#7017=ORIENTED_EDGE('',*,*,#6978,.T.);
#7019=ORIENTED_EDGE('',*,*,#7018,.T.);
#7020=EDGE_LOOP('',(#7017,#7019));
#7021=FACE_BOUND('',#7020,.F.);
#7022=ADVANCED_FACE('',(#7016,#7021),#7008,.F.);
#7023=CARTESIAN_POINT('',(1.3845E1,-6.9875E0,0.E0));
#7024=DIRECTION('',(0.E0,1.E0,0.E0));
#7025=DIRECTION('',(1.E0,0.E0,0.E0));
#7026=AXIS2_PLACEMENT_3D('',#7023,#7024,#7025);
#7027=CYLINDRICAL_SURFACE('',#7026,5.7E-1);
#7028=ORIENTED_EDGE('',*,*,#7018,.F.);
#7029=ORIENTED_EDGE('',*,*,#6984,.T.);
#7031=ORIENTED_EDGE('',*,*,#7030,.F.);
#7032=ORIENTED_EDGE('',*,*,#6980,.F.);
#7033=EDGE_LOOP('',(#7028,#7029,#7031,#7032));
#7034=FACE_OUTER_BOUND('',#7033,.F.);
#7035=ADVANCED_FACE('',(#7034),#7027,.T.);
#7036=CARTESIAN_POINT('',(1.3845E1,-6.9875E0,0.E0));
#7037=DIRECTION('',(0.E0,1.E0,0.E0));
#7038=DIRECTION('',(1.E0,0.E0,0.E0));
#7039=AXIS2_PLACEMENT_3D('',#7036,#7037,#7038);
#7040=CYLINDRICAL_SURFACE('',#7039,5.7E-1);
#7041=ORIENTED_EDGE('',*,*,#6956,.T.);
#7042=ORIENTED_EDGE('',*,*,#6999,.F.);
#7044=ORIENTED_EDGE('',*,*,#7043,.T.);
#7045=ORIENTED_EDGE('',*,*,#6995,.T.);
#7046=EDGE_LOOP('',(#7041,#7042,#7044,#7045));
#7047=FACE_OUTER_BOUND('',#7046,.F.);
#7048=ADVANCED_FACE('',(#7047),#7040,.T.);
#7049=CARTESIAN_POINT('',(1.3845E1,1.257E1,0.E0));
#7050=DIRECTION('',(0.E0,-1.E0,0.E0));
#7051=DIRECTION('',(-1.E0,0.E0,0.E0));
#7052=AXIS2_PLACEMENT_3D('',#7049,#7050,#7051);
#7053=CONICAL_SURFACE('',#7052,4.E-1,2.090798047101E1);
#7055=ORIENTED_EDGE('',*,*,#7054,.F.);
#7056=ORIENTED_EDGE('',*,*,#7030,.T.);
#7058=ORIENTED_EDGE('',*,*,#7057,.T.);
#7060=ORIENTED_EDGE('',*,*,#7059,.F.);
#7061=EDGE_LOOP('',(#7055,#7056,#7058,#7060));
#7062=FACE_OUTER_BOUND('',#7061,.F.);
#7063=ADVANCED_FACE('',(#7062),#7053,.T.);
#7064=CARTESIAN_POINT('',(1.3845E1,1.257E1,0.E0));
#7065=DIRECTION('',(0.E0,-1.E0,0.E0));
#7066=DIRECTION('',(-1.E0,0.E0,0.E0));
#7067=AXIS2_PLACEMENT_3D('',#7064,#7065,#7066);
#7068=CONICAL_SURFACE('',#7067,4.E-1,2.090798047101E1);
#7069=ORIENTED_EDGE('',*,*,#7054,.T.);
#7071=ORIENTED_EDGE('',*,*,#7070,.T.);
#7072=ORIENTED_EDGE('',*,*,#7057,.F.);
#7073=ORIENTED_EDGE('',*,*,#6982,.F.);
#7074=EDGE_LOOP('',(#7069,#7071,#7072,#7073));
#7075=FACE_OUTER_BOUND('',#7074,.F.);
#7076=ADVANCED_FACE('',(#7075),#7068,.T.);
#7077=CARTESIAN_POINT('',(1.3845E1,1.3015E1,0.E0));
#7078=DIRECTION('',(0.E0,1.E0,0.E0));
#7079=DIRECTION('',(1.E0,0.E0,0.E0));
#7080=AXIS2_PLACEMENT_3D('',#7077,#7078,#7079);
#7081=PLANE('',#7080);
#7082=ORIENTED_EDGE('',*,*,#7059,.T.);
#7083=ORIENTED_EDGE('',*,*,#7070,.F.);
#7084=EDGE_LOOP('',(#7082,#7083));
#7085=FACE_OUTER_BOUND('',#7084,.F.);
#7086=ADVANCED_FACE('',(#7085),#7081,.T.);
#7087=CARTESIAN_POINT('',(1.3845E1,-5.59E0,0.E0));
#7088=DIRECTION('',(0.E0,1.E0,0.E0));
#7089=DIRECTION('',(1.E0,0.E0,0.E0));
#7090=AXIS2_PLACEMENT_3D('',#7087,#7088,#7089);
#7091=CONICAL_SURFACE('',#7090,4.E-1,2.090798047101E1);
#7093=ORIENTED_EDGE('',*,*,#7092,.F.);
#7095=ORIENTED_EDGE('',*,*,#7094,.T.);
#7097=ORIENTED_EDGE('',*,*,#7096,.T.);
#7098=ORIENTED_EDGE('',*,*,#7043,.F.);
#7099=EDGE_LOOP('',(#7093,#7095,#7097,#7098));
#7100=FACE_OUTER_BOUND('',#7099,.F.);
#7101=ADVANCED_FACE('',(#7100),#7091,.T.);
#7102=CARTESIAN_POINT('',(1.3845E1,-5.59E0,0.E0));
#7103=DIRECTION('',(0.E0,1.E0,0.E0));
#7104=DIRECTION('',(1.E0,0.E0,0.E0));
#7105=AXIS2_PLACEMENT_3D('',#7102,#7103,#7104);
#7106=CONICAL_SURFACE('',#7105,4.E-1,2.090798047101E1);
#7107=ORIENTED_EDGE('',*,*,#7092,.T.);
#7108=ORIENTED_EDGE('',*,*,#6997,.T.);
#7109=ORIENTED_EDGE('',*,*,#7096,.F.);
#7111=ORIENTED_EDGE('',*,*,#7110,.F.);
#7112=EDGE_LOOP('',(#7107,#7108,#7109,#7111));
#7113=FACE_OUTER_BOUND('',#7112,.F.);
#7114=ADVANCED_FACE('',(#7113),#7106,.T.);
#7115=CARTESIAN_POINT('',(1.3845E1,-6.035E0,0.E0));
#7116=DIRECTION('',(0.E0,1.E0,0.E0));
#7117=DIRECTION('',(1.E0,0.E0,0.E0));
#7118=AXIS2_PLACEMENT_3D('',#7115,#7116,#7117);
#7119=PLANE('',#7118);
#7120=ORIENTED_EDGE('',*,*,#7094,.F.);
#7121=ORIENTED_EDGE('',*,*,#7110,.T.);
#7122=EDGE_LOOP('',(#7120,#7121));
#7123=FACE_OUTER_BOUND('',#7122,.F.);
#7124=ADVANCED_FACE('',(#7123),#7119,.F.);
#7125=CARTESIAN_POINT('',(1.4935E1,1.205E0,3.47E0));
#7126=DIRECTION('',(1.E0,0.E0,0.E0));
#7127=DIRECTION('',(0.E0,1.E0,0.E0));
#7128=AXIS2_PLACEMENT_3D('',#7125,#7126,#7127);
#7129=PLANE('',#7128);
#7130=ORIENTED_EDGE('',*,*,#5377,.T.);
#7131=ORIENTED_EDGE('',*,*,#4953,.T.);
#7132=ORIENTED_EDGE('',*,*,#6249,.T.);
#7133=ORIENTED_EDGE('',*,*,#7010,.T.);
#7134=EDGE_LOOP('',(#7130,#7131,#7132,#7133));
#7135=FACE_OUTER_BOUND('',#7134,.F.);
#7136=ADVANCED_FACE('',(#7135),#7129,.F.);
#7137=CARTESIAN_POINT('',(1.2755E1,1.585E0,3.47E0));
#7138=DIRECTION('',(-1.E0,0.E0,0.E0));
#7139=DIRECTION('',(0.E0,-1.E0,0.E0));
#7140=AXIS2_PLACEMENT_3D('',#7137,#7138,#7139);
#7141=PLANE('',#7140);
#7142=ORIENTED_EDGE('',*,*,#5381,.T.);
#7143=ORIENTED_EDGE('',*,*,#7013,.F.);
#7144=ORIENTED_EDGE('',*,*,#6245,.F.);
#7145=ORIENTED_EDGE('',*,*,#4975,.F.);
#7146=EDGE_LOOP('',(#7142,#7143,#7144,#7145));
#7147=FACE_OUTER_BOUND('',#7146,.F.);
#7148=ADVANCED_FACE('',(#7147),#7141,.F.);
#7149=CARTESIAN_POINT('',(1.0975E1,-1.585E0,3.47E0));
#7150=DIRECTION('',(1.E0,0.E0,0.E0));
#7151=DIRECTION('',(0.E0,1.E0,0.E0));
#7152=AXIS2_PLACEMENT_3D('',#7149,#7150,#7151);
#7153=PLANE('',#7152);
#7154=ORIENTED_EDGE('',*,*,#4794,.T.);
#7156=ORIENTED_EDGE('',*,*,#7155,.F.);
#7157=ORIENTED_EDGE('',*,*,#6104,.F.);
#7158=ORIENTED_EDGE('',*,*,#5942,.F.);
#7159=EDGE_LOOP('',(#7154,#7156,#7157,#7158));
#7160=FACE_OUTER_BOUND('',#7159,.F.);
#7161=ADVANCED_FACE('',(#7160),#7153,.F.);
#7162=CARTESIAN_POINT('',(1.0975E1,-1.205E0,3.47E0));
#7163=DIRECTION('',(0.E0,1.E0,0.E0));
#7164=DIRECTION('',(-1.E0,0.E0,0.E0));
#7165=AXIS2_PLACEMENT_3D('',#7162,#7163,#7164);
#7166=PLANE('',#7165);
#7167=ORIENTED_EDGE('',*,*,#4792,.T.);
#7169=ORIENTED_EDGE('',*,*,#7168,.F.);
#7170=ORIENTED_EDGE('',*,*,#6106,.F.);
#7171=ORIENTED_EDGE('',*,*,#7155,.T.);
#7172=EDGE_LOOP('',(#7167,#7169,#7170,#7171));
#7173=FACE_OUTER_BOUND('',#7172,.F.);
#7175=ORIENTED_EDGE('',*,*,#7174,.F.);
#7177=ORIENTED_EDGE('',*,*,#7176,.F.);
#7178=EDGE_LOOP('',(#7175,#7177));
#7179=FACE_BOUND('',#7178,.F.);
#7180=ADVANCED_FACE('',(#7173,#7179),#7166,.F.);
#7181=CARTESIAN_POINT('',(8.795E0,-1.205E0,3.47E0));
#7182=DIRECTION('',(-1.E0,0.E0,0.E0));
#7183=DIRECTION('',(0.E0,-1.E0,0.E0));
#7184=AXIS2_PLACEMENT_3D('',#7181,#7182,#7183);
#7185=PLANE('',#7184);
#7186=ORIENTED_EDGE('',*,*,#4790,.F.);
#7187=ORIENTED_EDGE('',*,*,#5914,.T.);
#7188=ORIENTED_EDGE('',*,*,#6108,.T.);
#7189=ORIENTED_EDGE('',*,*,#7168,.T.);
#7190=EDGE_LOOP('',(#7186,#7187,#7188,#7189));
#7191=FACE_OUTER_BOUND('',#7190,.F.);
#7192=ADVANCED_FACE('',(#7191),#7185,.F.);
#7193=CARTESIAN_POINT('',(9.885E0,-6.9875E0,0.E0));
#7194=DIRECTION('',(0.E0,1.E0,0.E0));
#7195=DIRECTION('',(1.E0,0.E0,0.E0));
#7196=AXIS2_PLACEMENT_3D('',#7193,#7194,#7195);
#7197=CYLINDRICAL_SURFACE('',#7196,5.7E-1);
#7199=ORIENTED_EDGE('',*,*,#7198,.F.);
#7201=ORIENTED_EDGE('',*,*,#7200,.T.);
#7203=ORIENTED_EDGE('',*,*,#7202,.T.);
#7205=ORIENTED_EDGE('',*,*,#7204,.F.);
#7206=EDGE_LOOP('',(#7199,#7201,#7203,#7205));
#7207=FACE_OUTER_BOUND('',#7206,.F.);
#7208=ADVANCED_FACE('',(#7207),#7197,.T.);
#7209=CARTESIAN_POINT('',(9.885E0,-6.9875E0,0.E0));
#7210=DIRECTION('',(0.E0,1.E0,0.E0));
#7211=DIRECTION('',(1.E0,0.E0,0.E0));
#7212=AXIS2_PLACEMENT_3D('',#7209,#7210,#7211);
#7213=CYLINDRICAL_SURFACE('',#7212,5.7E-1);
#7214=ORIENTED_EDGE('',*,*,#7174,.T.);
#7216=ORIENTED_EDGE('',*,*,#7215,.F.);
#7218=ORIENTED_EDGE('',*,*,#7217,.F.);
#7220=ORIENTED_EDGE('',*,*,#7219,.T.);
#7221=EDGE_LOOP('',(#7214,#7216,#7218,#7220));
#7222=FACE_OUTER_BOUND('',#7221,.F.);
#7223=ADVANCED_FACE('',(#7222),#7213,.T.);
#7224=CARTESIAN_POINT('',(8.795E0,1.205E0,3.47E0));
#7225=DIRECTION('',(0.E0,-1.E0,0.E0));
#7226=DIRECTION('',(1.E0,0.E0,0.E0));
#7227=AXIS2_PLACEMENT_3D('',#7224,#7225,#7226);
#7228=PLANE('',#7227);
#7229=ORIENTED_EDGE('',*,*,#5386,.T.);
#7231=ORIENTED_EDGE('',*,*,#7230,.F.);
#7232=ORIENTED_EDGE('',*,*,#6240,.F.);
#7234=ORIENTED_EDGE('',*,*,#7233,.T.);
#7235=EDGE_LOOP('',(#7229,#7231,#7232,#7234));
#7236=FACE_OUTER_BOUND('',#7235,.F.);
#7237=ORIENTED_EDGE('',*,*,#7198,.T.);
#7239=ORIENTED_EDGE('',*,*,#7238,.T.);
#7240=EDGE_LOOP('',(#7237,#7239));
#7241=FACE_BOUND('',#7240,.F.);
#7242=ADVANCED_FACE('',(#7236,#7241),#7228,.F.);
#7243=CARTESIAN_POINT('',(9.885E0,-6.9875E0,0.E0));
#7244=DIRECTION('',(0.E0,1.E0,0.E0));
#7245=DIRECTION('',(1.E0,0.E0,0.E0));
#7246=AXIS2_PLACEMENT_3D('',#7243,#7244,#7245);
#7247=CYLINDRICAL_SURFACE('',#7246,5.7E-1);
#7248=ORIENTED_EDGE('',*,*,#7238,.F.);
#7249=ORIENTED_EDGE('',*,*,#7204,.T.);
#7251=ORIENTED_EDGE('',*,*,#7250,.F.);
#7252=ORIENTED_EDGE('',*,*,#7200,.F.);
#7253=EDGE_LOOP('',(#7248,#7249,#7251,#7252));
#7254=FACE_OUTER_BOUND('',#7253,.F.);
#7255=ADVANCED_FACE('',(#7254),#7247,.T.);
#7256=CARTESIAN_POINT('',(9.885E0,-6.9875E0,0.E0));
#7257=DIRECTION('',(0.E0,1.E0,0.E0));
#7258=DIRECTION('',(1.E0,0.E0,0.E0));
#7259=AXIS2_PLACEMENT_3D('',#7256,#7257,#7258);
#7260=CYLINDRICAL_SURFACE('',#7259,5.7E-1);
#7261=ORIENTED_EDGE('',*,*,#7176,.T.);
#7262=ORIENTED_EDGE('',*,*,#7219,.F.);
#7264=ORIENTED_EDGE('',*,*,#7263,.T.);
#7265=ORIENTED_EDGE('',*,*,#7215,.T.);
#7266=EDGE_LOOP('',(#7261,#7262,#7264,#7265));
#7267=FACE_OUTER_BOUND('',#7266,.F.);
#7268=ADVANCED_FACE('',(#7267),#7260,.T.);
#7269=CARTESIAN_POINT('',(9.885E0,1.257E1,0.E0));
#7270=DIRECTION('',(0.E0,-1.E0,0.E0));
#7271=DIRECTION('',(-1.E0,0.E0,0.E0));
#7272=AXIS2_PLACEMENT_3D('',#7269,#7270,#7271);
#7273=CONICAL_SURFACE('',#7272,4.E-1,2.090798047101E1);
#7275=ORIENTED_EDGE('',*,*,#7274,.F.);
#7276=ORIENTED_EDGE('',*,*,#7250,.T.);
#7278=ORIENTED_EDGE('',*,*,#7277,.T.);
#7280=ORIENTED_EDGE('',*,*,#7279,.F.);
#7281=EDGE_LOOP('',(#7275,#7276,#7278,#7280));
#7282=FACE_OUTER_BOUND('',#7281,.F.);
#7283=ADVANCED_FACE('',(#7282),#7273,.T.);
#7284=CARTESIAN_POINT('',(9.885E0,1.257E1,0.E0));
#7285=DIRECTION('',(0.E0,-1.E0,0.E0));
#7286=DIRECTION('',(-1.E0,0.E0,0.E0));
#7287=AXIS2_PLACEMENT_3D('',#7284,#7285,#7286);
#7288=CONICAL_SURFACE('',#7287,4.E-1,2.090798047101E1);
#7289=ORIENTED_EDGE('',*,*,#7274,.T.);
#7291=ORIENTED_EDGE('',*,*,#7290,.T.);
#7292=ORIENTED_EDGE('',*,*,#7277,.F.);
#7293=ORIENTED_EDGE('',*,*,#7202,.F.);
#7294=EDGE_LOOP('',(#7289,#7291,#7292,#7293));
#7295=FACE_OUTER_BOUND('',#7294,.F.);
#7296=ADVANCED_FACE('',(#7295),#7288,.T.);
#7297=CARTESIAN_POINT('',(9.885E0,1.3015E1,0.E0));
#7298=DIRECTION('',(0.E0,1.E0,0.E0));
#7299=DIRECTION('',(1.E0,0.E0,0.E0));
#7300=AXIS2_PLACEMENT_3D('',#7297,#7298,#7299);
#7301=PLANE('',#7300);
#7302=ORIENTED_EDGE('',*,*,#7279,.T.);
#7303=ORIENTED_EDGE('',*,*,#7290,.F.);
#7304=EDGE_LOOP('',(#7302,#7303));
#7305=FACE_OUTER_BOUND('',#7304,.F.);
#7306=ADVANCED_FACE('',(#7305),#7301,.T.);
#7307=CARTESIAN_POINT('',(9.885E0,-5.59E0,0.E0));
#7308=DIRECTION('',(0.E0,1.E0,0.E0));
#7309=DIRECTION('',(1.E0,0.E0,0.E0));
#7310=AXIS2_PLACEMENT_3D('',#7307,#7308,#7309);
#7311=CONICAL_SURFACE('',#7310,4.E-1,2.090798047101E1);
#7313=ORIENTED_EDGE('',*,*,#7312,.F.);
#7315=ORIENTED_EDGE('',*,*,#7314,.T.);
#7317=ORIENTED_EDGE('',*,*,#7316,.T.);
#7318=ORIENTED_EDGE('',*,*,#7263,.F.);
#7319=EDGE_LOOP('',(#7313,#7315,#7317,#7318));
#7320=FACE_OUTER_BOUND('',#7319,.F.);
#7321=ADVANCED_FACE('',(#7320),#7311,.T.);
#7322=CARTESIAN_POINT('',(9.885E0,-5.59E0,0.E0));
#7323=DIRECTION('',(0.E0,1.E0,0.E0));
#7324=DIRECTION('',(1.E0,0.E0,0.E0));
#7325=AXIS2_PLACEMENT_3D('',#7322,#7323,#7324);
#7326=CONICAL_SURFACE('',#7325,4.E-1,2.090798047101E1);
#7327=ORIENTED_EDGE('',*,*,#7312,.T.);
#7328=ORIENTED_EDGE('',*,*,#7217,.T.);
#7329=ORIENTED_EDGE('',*,*,#7316,.F.);
#7331=ORIENTED_EDGE('',*,*,#7330,.F.);
#7332=EDGE_LOOP('',(#7327,#7328,#7329,#7331));
#7333=FACE_OUTER_BOUND('',#7332,.F.);
#7334=ADVANCED_FACE('',(#7333),#7326,.T.);
#7335=CARTESIAN_POINT('',(9.885E0,-6.035E0,0.E0));
#7336=DIRECTION('',(0.E0,1.E0,0.E0));
#7337=DIRECTION('',(1.E0,0.E0,0.E0));
#7338=AXIS2_PLACEMENT_3D('',#7335,#7336,#7337);
#7339=PLANE('',#7338);
#7340=ORIENTED_EDGE('',*,*,#7314,.F.);
#7341=ORIENTED_EDGE('',*,*,#7330,.T.);
#7342=EDGE_LOOP('',(#7340,#7341));
#7343=FACE_OUTER_BOUND('',#7342,.F.);
#7344=ADVANCED_FACE('',(#7343),#7339,.F.);
#7345=CARTESIAN_POINT('',(1.0975E1,1.205E0,3.47E0));
#7346=DIRECTION('',(1.E0,0.E0,0.E0));
#7347=DIRECTION('',(0.E0,1.E0,0.E0));
#7348=AXIS2_PLACEMENT_3D('',#7345,#7346,#7347);
#7349=PLANE('',#7348);
#7350=ORIENTED_EDGE('',*,*,#5384,.T.);
#7351=ORIENTED_EDGE('',*,*,#4979,.T.);
#7352=ORIENTED_EDGE('',*,*,#6242,.T.);
#7353=ORIENTED_EDGE('',*,*,#7230,.T.);
#7354=EDGE_LOOP('',(#7350,#7351,#7352,#7353));
#7355=FACE_OUTER_BOUND('',#7354,.F.);
#7356=ADVANCED_FACE('',(#7355),#7349,.F.);
#7357=CARTESIAN_POINT('',(8.795E0,1.585E0,3.47E0));
#7358=DIRECTION('',(-1.E0,0.E0,0.E0));
#7359=DIRECTION('',(0.E0,-1.E0,0.E0));
#7360=AXIS2_PLACEMENT_3D('',#7357,#7358,#7359);
#7361=PLANE('',#7360);
#7362=ORIENTED_EDGE('',*,*,#5388,.T.);
#7363=ORIENTED_EDGE('',*,*,#7233,.F.);
#7364=ORIENTED_EDGE('',*,*,#6238,.F.);
#7365=ORIENTED_EDGE('',*,*,#5204,.F.);
#7366=EDGE_LOOP('',(#7362,#7363,#7364,#7365));
#7367=FACE_OUTER_BOUND('',#7366,.F.);
#7368=ADVANCED_FACE('',(#7367),#7361,.F.);
#7369=CARTESIAN_POINT('',(7.015E0,-1.585E0,3.47E0));
#7370=DIRECTION('',(1.E0,0.E0,0.E0));
#7371=DIRECTION('',(0.E0,1.E0,0.E0));
#7372=AXIS2_PLACEMENT_3D('',#7369,#7370,#7371);
#7373=PLANE('',#7372);
#7374=ORIENTED_EDGE('',*,*,#4786,.T.);
#7376=ORIENTED_EDGE('',*,*,#7375,.F.);
#7377=ORIENTED_EDGE('',*,*,#6111,.F.);
#7378=ORIENTED_EDGE('',*,*,#5917,.F.);
#7379=EDGE_LOOP('',(#7374,#7376,#7377,#7378));
#7380=FACE_OUTER_BOUND('',#7379,.F.);
#7381=ADVANCED_FACE('',(#7380),#7373,.F.);
#7382=CARTESIAN_POINT('',(7.015E0,-1.205E0,3.47E0));
#7383=DIRECTION('',(0.E0,1.E0,0.E0));
#7384=DIRECTION('',(-1.E0,0.E0,0.E0));
#7385=AXIS2_PLACEMENT_3D('',#7382,#7383,#7384);
#7386=PLANE('',#7385);
#7387=ORIENTED_EDGE('',*,*,#4784,.T.);
#7389=ORIENTED_EDGE('',*,*,#7388,.F.);
#7390=ORIENTED_EDGE('',*,*,#6113,.F.);
#7391=ORIENTED_EDGE('',*,*,#7375,.T.);
#7392=EDGE_LOOP('',(#7387,#7389,#7390,#7391));
#7393=FACE_OUTER_BOUND('',#7392,.F.);
#7395=ORIENTED_EDGE('',*,*,#7394,.F.);
#7397=ORIENTED_EDGE('',*,*,#7396,.F.);
#7398=EDGE_LOOP('',(#7395,#7397));
#7399=FACE_BOUND('',#7398,.F.);
#7400=ADVANCED_FACE('',(#7393,#7399),#7386,.F.);
#7401=CARTESIAN_POINT('',(4.835E0,-1.205E0,3.47E0));
#7402=DIRECTION('',(-1.E0,0.E0,0.E0));
#7403=DIRECTION('',(0.E0,-1.E0,0.E0));
#7404=AXIS2_PLACEMENT_3D('',#7401,#7402,#7403);
#7405=PLANE('',#7404);
#7406=ORIENTED_EDGE('',*,*,#4782,.F.);
#7407=ORIENTED_EDGE('',*,*,#5889,.T.);
#7408=ORIENTED_EDGE('',*,*,#6115,.T.);
#7409=ORIENTED_EDGE('',*,*,#7388,.T.);
#7410=EDGE_LOOP('',(#7406,#7407,#7408,#7409));
#7411=FACE_OUTER_BOUND('',#7410,.F.);
#7412=ADVANCED_FACE('',(#7411),#7405,.F.);
#7413=CARTESIAN_POINT('',(5.925E0,-6.9875E0,0.E0));
#7414=DIRECTION('',(0.E0,1.E0,0.E0));
#7415=DIRECTION('',(1.E0,0.E0,0.E0));
#7416=AXIS2_PLACEMENT_3D('',#7413,#7414,#7415);
#7417=CYLINDRICAL_SURFACE('',#7416,5.7E-1);
#7419=ORIENTED_EDGE('',*,*,#7418,.F.);
#7421=ORIENTED_EDGE('',*,*,#7420,.T.);
#7423=ORIENTED_EDGE('',*,*,#7422,.T.);
#7425=ORIENTED_EDGE('',*,*,#7424,.F.);
#7426=EDGE_LOOP('',(#7419,#7421,#7423,#7425));
#7427=FACE_OUTER_BOUND('',#7426,.F.);
#7428=ADVANCED_FACE('',(#7427),#7417,.T.);
#7429=CARTESIAN_POINT('',(5.925E0,-6.9875E0,0.E0));
#7430=DIRECTION('',(0.E0,1.E0,0.E0));
#7431=DIRECTION('',(1.E0,0.E0,0.E0));
#7432=AXIS2_PLACEMENT_3D('',#7429,#7430,#7431);
#7433=CYLINDRICAL_SURFACE('',#7432,5.7E-1);
#7434=ORIENTED_EDGE('',*,*,#7394,.T.);
#7436=ORIENTED_EDGE('',*,*,#7435,.F.);
#7438=ORIENTED_EDGE('',*,*,#7437,.F.);
#7440=ORIENTED_EDGE('',*,*,#7439,.T.);
#7441=EDGE_LOOP('',(#7434,#7436,#7438,#7440));
#7442=FACE_OUTER_BOUND('',#7441,.F.);
#7443=ADVANCED_FACE('',(#7442),#7433,.T.);
#7444=CARTESIAN_POINT('',(4.835E0,1.205E0,3.47E0));
#7445=DIRECTION('',(0.E0,-1.E0,0.E0));
#7446=DIRECTION('',(1.E0,0.E0,0.E0));
#7447=AXIS2_PLACEMENT_3D('',#7444,#7445,#7446);
#7448=PLANE('',#7447);
#7449=ORIENTED_EDGE('',*,*,#5337,.T.);
#7451=ORIENTED_EDGE('',*,*,#7450,.F.);
#7452=ORIENTED_EDGE('',*,*,#6233,.F.);
#7454=ORIENTED_EDGE('',*,*,#7453,.T.);
#7455=EDGE_LOOP('',(#7449,#7451,#7452,#7454));
#7456=FACE_OUTER_BOUND('',#7455,.F.);
#7457=ORIENTED_EDGE('',*,*,#7418,.T.);
#7459=ORIENTED_EDGE('',*,*,#7458,.T.);
#7460=EDGE_LOOP('',(#7457,#7459));
#7461=FACE_BOUND('',#7460,.F.);
#7462=ADVANCED_FACE('',(#7456,#7461),#7448,.F.);
#7463=CARTESIAN_POINT('',(5.925E0,-6.9875E0,0.E0));
#7464=DIRECTION('',(0.E0,1.E0,0.E0));
#7465=DIRECTION('',(1.E0,0.E0,0.E0));
#7466=AXIS2_PLACEMENT_3D('',#7463,#7464,#7465);
#7467=CYLINDRICAL_SURFACE('',#7466,5.7E-1);
#7468=ORIENTED_EDGE('',*,*,#7458,.F.);
#7469=ORIENTED_EDGE('',*,*,#7424,.T.);
#7471=ORIENTED_EDGE('',*,*,#7470,.F.);
#7472=ORIENTED_EDGE('',*,*,#7420,.F.);
#7473=EDGE_LOOP('',(#7468,#7469,#7471,#7472));
#7474=FACE_OUTER_BOUND('',#7473,.F.);
#7475=ADVANCED_FACE('',(#7474),#7467,.T.);
#7476=CARTESIAN_POINT('',(5.925E0,-6.9875E0,0.E0));
#7477=DIRECTION('',(0.E0,1.E0,0.E0));
#7478=DIRECTION('',(1.E0,0.E0,0.E0));
#7479=AXIS2_PLACEMENT_3D('',#7476,#7477,#7478);
#7480=CYLINDRICAL_SURFACE('',#7479,5.7E-1);
#7481=ORIENTED_EDGE('',*,*,#7396,.T.);
#7482=ORIENTED_EDGE('',*,*,#7439,.F.);
#7484=ORIENTED_EDGE('',*,*,#7483,.T.);
#7485=ORIENTED_EDGE('',*,*,#7435,.T.);
#7486=EDGE_LOOP('',(#7481,#7482,#7484,#7485));
#7487=FACE_OUTER_BOUND('',#7486,.F.);
#7488=ADVANCED_FACE('',(#7487),#7480,.T.);
#7489=CARTESIAN_POINT('',(5.925E0,1.257E1,0.E0));
#7490=DIRECTION('',(0.E0,-1.E0,0.E0));
#7491=DIRECTION('',(-1.E0,0.E0,0.E0));
#7492=AXIS2_PLACEMENT_3D('',#7489,#7490,#7491);
#7493=CONICAL_SURFACE('',#7492,4.E-1,2.090798047101E1);
#7495=ORIENTED_EDGE('',*,*,#7494,.F.);
#7496=ORIENTED_EDGE('',*,*,#7470,.T.);
#7498=ORIENTED_EDGE('',*,*,#7497,.T.);
#7500=ORIENTED_EDGE('',*,*,#7499,.F.);
#7501=EDGE_LOOP('',(#7495,#7496,#7498,#7500));
#7502=FACE_OUTER_BOUND('',#7501,.F.);
#7503=ADVANCED_FACE('',(#7502),#7493,.T.);
#7504=CARTESIAN_POINT('',(5.925E0,1.257E1,0.E0));
#7505=DIRECTION('',(0.E0,-1.E0,0.E0));
#7506=DIRECTION('',(-1.E0,0.E0,0.E0));
#7507=AXIS2_PLACEMENT_3D('',#7504,#7505,#7506);
#7508=CONICAL_SURFACE('',#7507,4.E-1,2.090798047101E1);
#7509=ORIENTED_EDGE('',*,*,#7494,.T.);
#7511=ORIENTED_EDGE('',*,*,#7510,.T.);
#7512=ORIENTED_EDGE('',*,*,#7497,.F.);
#7513=ORIENTED_EDGE('',*,*,#7422,.F.);
#7514=EDGE_LOOP('',(#7509,#7511,#7512,#7513));
#7515=FACE_OUTER_BOUND('',#7514,.F.);
#7516=ADVANCED_FACE('',(#7515),#7508,.T.);
#7517=CARTESIAN_POINT('',(5.925E0,1.3015E1,0.E0));
#7518=DIRECTION('',(0.E0,1.E0,0.E0));
#7519=DIRECTION('',(1.E0,0.E0,0.E0));
#7520=AXIS2_PLACEMENT_3D('',#7517,#7518,#7519);
#7521=PLANE('',#7520);
#7522=ORIENTED_EDGE('',*,*,#7499,.T.);
#7523=ORIENTED_EDGE('',*,*,#7510,.F.);
#7524=EDGE_LOOP('',(#7522,#7523));
#7525=FACE_OUTER_BOUND('',#7524,.F.);
#7526=ADVANCED_FACE('',(#7525),#7521,.T.);
#7527=CARTESIAN_POINT('',(5.925E0,-5.59E0,0.E0));
#7528=DIRECTION('',(0.E0,1.E0,0.E0));
#7529=DIRECTION('',(1.E0,0.E0,0.E0));
#7530=AXIS2_PLACEMENT_3D('',#7527,#7528,#7529);
#7531=CONICAL_SURFACE('',#7530,4.E-1,2.090798047101E1);
#7533=ORIENTED_EDGE('',*,*,#7532,.F.);
#7535=ORIENTED_EDGE('',*,*,#7534,.T.);
#7537=ORIENTED_EDGE('',*,*,#7536,.T.);
#7538=ORIENTED_EDGE('',*,*,#7483,.F.);
#7539=EDGE_LOOP('',(#7533,#7535,#7537,#7538));
#7540=FACE_OUTER_BOUND('',#7539,.F.);
#7541=ADVANCED_FACE('',(#7540),#7531,.T.);
#7542=CARTESIAN_POINT('',(5.925E0,-5.59E0,0.E0));
#7543=DIRECTION('',(0.E0,1.E0,0.E0));
#7544=DIRECTION('',(1.E0,0.E0,0.E0));
#7545=AXIS2_PLACEMENT_3D('',#7542,#7543,#7544);
#7546=CONICAL_SURFACE('',#7545,4.E-1,2.090798047101E1);
#7547=ORIENTED_EDGE('',*,*,#7532,.T.);
#7548=ORIENTED_EDGE('',*,*,#7437,.T.);
#7549=ORIENTED_EDGE('',*,*,#7536,.F.);
#7551=ORIENTED_EDGE('',*,*,#7550,.F.);
#7552=EDGE_LOOP('',(#7547,#7548,#7549,#7551));
#7553=FACE_OUTER_BOUND('',#7552,.F.);
#7554=ADVANCED_FACE('',(#7553),#7546,.T.);
#7555=CARTESIAN_POINT('',(5.925E0,-6.035E0,0.E0));
#7556=DIRECTION('',(0.E0,1.E0,0.E0));
#7557=DIRECTION('',(1.E0,0.E0,0.E0));
#7558=AXIS2_PLACEMENT_3D('',#7555,#7556,#7557);
#7559=PLANE('',#7558);
#7560=ORIENTED_EDGE('',*,*,#7534,.F.);
#7561=ORIENTED_EDGE('',*,*,#7550,.T.);
#7562=EDGE_LOOP('',(#7560,#7561));
#7563=FACE_OUTER_BOUND('',#7562,.F.);
#7564=ADVANCED_FACE('',(#7563),#7559,.F.);
#7565=CARTESIAN_POINT('',(7.015E0,1.205E0,3.47E0));
#7566=DIRECTION('',(1.E0,0.E0,0.E0));
#7567=DIRECTION('',(0.E0,1.E0,0.E0));
#7568=AXIS2_PLACEMENT_3D('',#7565,#7566,#7567);
#7569=PLANE('',#7568);
#7570=ORIENTED_EDGE('',*,*,#5335,.T.);
#7571=ORIENTED_EDGE('',*,*,#5208,.T.);
#7572=ORIENTED_EDGE('',*,*,#6235,.T.);
#7573=ORIENTED_EDGE('',*,*,#7450,.T.);
#7574=EDGE_LOOP('',(#7570,#7571,#7572,#7573));
#7575=FACE_OUTER_BOUND('',#7574,.F.);
#7576=ADVANCED_FACE('',(#7575),#7569,.F.);
#7577=CARTESIAN_POINT('',(4.835E0,1.585E0,3.47E0));
#7578=DIRECTION('',(-1.E0,0.E0,0.E0));
#7579=DIRECTION('',(0.E0,-1.E0,0.E0));
#7580=AXIS2_PLACEMENT_3D('',#7577,#7578,#7579);
#7581=PLANE('',#7580);
#7582=ORIENTED_EDGE('',*,*,#5339,.T.);
#7583=ORIENTED_EDGE('',*,*,#7453,.F.);
#7584=ORIENTED_EDGE('',*,*,#6231,.F.);
#7585=ORIENTED_EDGE('',*,*,#5079,.F.);
#7586=EDGE_LOOP('',(#7582,#7583,#7584,#7585));
#7587=FACE_OUTER_BOUND('',#7586,.F.);
#7588=ADVANCED_FACE('',(#7587),#7581,.F.);
#7589=CARTESIAN_POINT('',(3.055E0,-1.585E0,3.47E0));
#7590=DIRECTION('',(1.E0,0.E0,0.E0));
#7591=DIRECTION('',(0.E0,1.E0,0.E0));
#7592=AXIS2_PLACEMENT_3D('',#7589,#7590,#7591);
#7593=PLANE('',#7592);
#7594=ORIENTED_EDGE('',*,*,#4778,.T.);
#7596=ORIENTED_EDGE('',*,*,#7595,.F.);
#7597=ORIENTED_EDGE('',*,*,#6118,.F.);
#7598=ORIENTED_EDGE('',*,*,#5892,.F.);
#7599=EDGE_LOOP('',(#7594,#7596,#7597,#7598));
#7600=FACE_OUTER_BOUND('',#7599,.F.);
#7601=ADVANCED_FACE('',(#7600),#7593,.F.);
#7602=CARTESIAN_POINT('',(3.055E0,-1.205E0,3.47E0));
#7603=DIRECTION('',(0.E0,1.E0,0.E0));
#7604=DIRECTION('',(-1.E0,0.E0,0.E0));
#7605=AXIS2_PLACEMENT_3D('',#7602,#7603,#7604);
#7606=PLANE('',#7605);
#7607=ORIENTED_EDGE('',*,*,#4776,.T.);
#7609=ORIENTED_EDGE('',*,*,#7608,.F.);
#7610=ORIENTED_EDGE('',*,*,#6120,.F.);
#7611=ORIENTED_EDGE('',*,*,#7595,.T.);
#7612=EDGE_LOOP('',(#7607,#7609,#7610,#7611));
#7613=FACE_OUTER_BOUND('',#7612,.F.);
#7615=ORIENTED_EDGE('',*,*,#7614,.F.);
#7617=ORIENTED_EDGE('',*,*,#7616,.F.);
#7618=EDGE_LOOP('',(#7615,#7617));
#7619=FACE_BOUND('',#7618,.F.);
#7620=ADVANCED_FACE('',(#7613,#7619),#7606,.F.);
#7621=CARTESIAN_POINT('',(8.75E-1,-1.205E0,3.47E0));
#7622=DIRECTION('',(-1.E0,0.E0,0.E0));
#7623=DIRECTION('',(0.E0,-1.E0,0.E0));
#7624=AXIS2_PLACEMENT_3D('',#7621,#7622,#7623);
#7625=PLANE('',#7624);
#7626=ORIENTED_EDGE('',*,*,#4774,.F.);
#7627=ORIENTED_EDGE('',*,*,#5864,.T.);
#7628=ORIENTED_EDGE('',*,*,#6122,.T.);
#7629=ORIENTED_EDGE('',*,*,#7608,.T.);
#7630=EDGE_LOOP('',(#7626,#7627,#7628,#7629));
#7631=FACE_OUTER_BOUND('',#7630,.F.);
#7632=ADVANCED_FACE('',(#7631),#7625,.F.);
#7633=CARTESIAN_POINT('',(1.965E0,-6.9875E0,0.E0));
#7634=DIRECTION('',(0.E0,1.E0,0.E0));
#7635=DIRECTION('',(1.E0,0.E0,0.E0));
#7636=AXIS2_PLACEMENT_3D('',#7633,#7634,#7635);
#7637=CYLINDRICAL_SURFACE('',#7636,5.7E-1);
#7639=ORIENTED_EDGE('',*,*,#7638,.F.);
#7641=ORIENTED_EDGE('',*,*,#7640,.T.);
#7643=ORIENTED_EDGE('',*,*,#7642,.T.);
#7645=ORIENTED_EDGE('',*,*,#7644,.F.);
#7646=EDGE_LOOP('',(#7639,#7641,#7643,#7645));
#7647=FACE_OUTER_BOUND('',#7646,.F.);
#7648=ADVANCED_FACE('',(#7647),#7637,.T.);
#7649=CARTESIAN_POINT('',(1.965E0,-6.9875E0,0.E0));
#7650=DIRECTION('',(0.E0,1.E0,0.E0));
#7651=DIRECTION('',(1.E0,0.E0,0.E0));
#7652=AXIS2_PLACEMENT_3D('',#7649,#7650,#7651);
#7653=CYLINDRICAL_SURFACE('',#7652,5.7E-1);
#7654=ORIENTED_EDGE('',*,*,#7614,.T.);
#7656=ORIENTED_EDGE('',*,*,#7655,.F.);
#7658=ORIENTED_EDGE('',*,*,#7657,.F.);
#7660=ORIENTED_EDGE('',*,*,#7659,.T.);
#7661=EDGE_LOOP('',(#7654,#7656,#7658,#7660));
#7662=FACE_OUTER_BOUND('',#7661,.F.);
#7663=ADVANCED_FACE('',(#7662),#7653,.T.);
#7664=CARTESIAN_POINT('',(8.75E-1,1.205E0,3.47E0));
#7665=DIRECTION('',(0.E0,-1.E0,0.E0));
#7666=DIRECTION('',(1.E0,0.E0,0.E0));
#7667=AXIS2_PLACEMENT_3D('',#7664,#7665,#7666);
#7668=PLANE('',#7667);
#7669=ORIENTED_EDGE('',*,*,#5344,.T.);
#7671=ORIENTED_EDGE('',*,*,#7670,.F.);
#7672=ORIENTED_EDGE('',*,*,#6226,.F.);
#7674=ORIENTED_EDGE('',*,*,#7673,.T.);
#7675=EDGE_LOOP('',(#7669,#7671,#7672,#7674));
#7676=FACE_OUTER_BOUND('',#7675,.F.);
#7677=ORIENTED_EDGE('',*,*,#7638,.T.);
#7679=ORIENTED_EDGE('',*,*,#7678,.T.);
#7680=EDGE_LOOP('',(#7677,#7679));
#7681=FACE_BOUND('',#7680,.F.);
#7682=ADVANCED_FACE('',(#7676,#7681),#7668,.F.);
#7683=CARTESIAN_POINT('',(1.965E0,-6.9875E0,0.E0));
#7684=DIRECTION('',(0.E0,1.E0,0.E0));
#7685=DIRECTION('',(1.E0,0.E0,0.E0));
#7686=AXIS2_PLACEMENT_3D('',#7683,#7684,#7685);
#7687=CYLINDRICAL_SURFACE('',#7686,5.7E-1);
#7688=ORIENTED_EDGE('',*,*,#7678,.F.);
#7689=ORIENTED_EDGE('',*,*,#7644,.T.);
#7691=ORIENTED_EDGE('',*,*,#7690,.F.);
#7692=ORIENTED_EDGE('',*,*,#7640,.F.);
#7693=EDGE_LOOP('',(#7688,#7689,#7691,#7692));
#7694=FACE_OUTER_BOUND('',#7693,.F.);
#7695=ADVANCED_FACE('',(#7694),#7687,.T.);
#7696=CARTESIAN_POINT('',(1.965E0,-6.9875E0,0.E0));
#7697=DIRECTION('',(0.E0,1.E0,0.E0));
#7698=DIRECTION('',(1.E0,0.E0,0.E0));
#7699=AXIS2_PLACEMENT_3D('',#7696,#7697,#7698);
#7700=CYLINDRICAL_SURFACE('',#7699,5.7E-1);
#7701=ORIENTED_EDGE('',*,*,#7616,.T.);
#7702=ORIENTED_EDGE('',*,*,#7659,.F.);
#7704=ORIENTED_EDGE('',*,*,#7703,.T.);
#7705=ORIENTED_EDGE('',*,*,#7655,.T.);
#7706=EDGE_LOOP('',(#7701,#7702,#7704,#7705));
#7707=FACE_OUTER_BOUND('',#7706,.F.);
#7708=ADVANCED_FACE('',(#7707),#7700,.T.);
#7709=CARTESIAN_POINT('',(1.965E0,1.257E1,0.E0));
#7710=DIRECTION('',(0.E0,-1.E0,0.E0));
#7711=DIRECTION('',(-1.E0,0.E0,0.E0));
#7712=AXIS2_PLACEMENT_3D('',#7709,#7710,#7711);
#7713=CONICAL_SURFACE('',#7712,4.E-1,2.090798047101E1);
#7715=ORIENTED_EDGE('',*,*,#7714,.F.);
#7716=ORIENTED_EDGE('',*,*,#7690,.T.);
#7718=ORIENTED_EDGE('',*,*,#7717,.T.);
#7720=ORIENTED_EDGE('',*,*,#7719,.F.);
#7721=EDGE_LOOP('',(#7715,#7716,#7718,#7720));
#7722=FACE_OUTER_BOUND('',#7721,.F.);
#7723=ADVANCED_FACE('',(#7722),#7713,.T.);
#7724=CARTESIAN_POINT('',(1.965E0,1.257E1,0.E0));
#7725=DIRECTION('',(0.E0,-1.E0,0.E0));
#7726=DIRECTION('',(-1.E0,0.E0,0.E0));
#7727=AXIS2_PLACEMENT_3D('',#7724,#7725,#7726);
#7728=CONICAL_SURFACE('',#7727,4.E-1,2.090798047101E1);
#7729=ORIENTED_EDGE('',*,*,#7714,.T.);
#7731=ORIENTED_EDGE('',*,*,#7730,.T.);
#7732=ORIENTED_EDGE('',*,*,#7717,.F.);
#7733=ORIENTED_EDGE('',*,*,#7642,.F.);
#7734=EDGE_LOOP('',(#7729,#7731,#7732,#7733));
#7735=FACE_OUTER_BOUND('',#7734,.F.);
#7736=ADVANCED_FACE('',(#7735),#7728,.T.);
#7737=CARTESIAN_POINT('',(1.965E0,1.3015E1,0.E0));
#7738=DIRECTION('',(0.E0,1.E0,0.E0));
#7739=DIRECTION('',(1.E0,0.E0,0.E0));
#7740=AXIS2_PLACEMENT_3D('',#7737,#7738,#7739);
#7741=PLANE('',#7740);
#7742=ORIENTED_EDGE('',*,*,#7719,.T.);
#7743=ORIENTED_EDGE('',*,*,#7730,.F.);
#7744=EDGE_LOOP('',(#7742,#7743));
#7745=FACE_OUTER_BOUND('',#7744,.F.);
#7746=ADVANCED_FACE('',(#7745),#7741,.T.);
#7747=CARTESIAN_POINT('',(1.965E0,-5.59E0,0.E0));
#7748=DIRECTION('',(0.E0,1.E0,0.E0));
#7749=DIRECTION('',(1.E0,0.E0,0.E0));
#7750=AXIS2_PLACEMENT_3D('',#7747,#7748,#7749);
#7751=CONICAL_SURFACE('',#7750,4.E-1,2.090798047101E1);
#7753=ORIENTED_EDGE('',*,*,#7752,.F.);
#7755=ORIENTED_EDGE('',*,*,#7754,.T.);
#7757=ORIENTED_EDGE('',*,*,#7756,.T.);
#7758=ORIENTED_EDGE('',*,*,#7703,.F.);
#7759=EDGE_LOOP('',(#7753,#7755,#7757,#7758));
#7760=FACE_OUTER_BOUND('',#7759,.F.);
#7761=ADVANCED_FACE('',(#7760),#7751,.T.);
#7762=CARTESIAN_POINT('',(1.965E0,-5.59E0,0.E0));
#7763=DIRECTION('',(0.E0,1.E0,0.E0));
#7764=DIRECTION('',(1.E0,0.E0,0.E0));
#7765=AXIS2_PLACEMENT_3D('',#7762,#7763,#7764);
#7766=CONICAL_SURFACE('',#7765,4.E-1,2.090798047101E1);
#7767=ORIENTED_EDGE('',*,*,#7752,.T.);
#7768=ORIENTED_EDGE('',*,*,#7657,.T.);
#7769=ORIENTED_EDGE('',*,*,#7756,.F.);
#7771=ORIENTED_EDGE('',*,*,#7770,.F.);
#7772=EDGE_LOOP('',(#7767,#7768,#7769,#7771));
#7773=FACE_OUTER_BOUND('',#7772,.F.);
#7774=ADVANCED_FACE('',(#7773),#7766,.T.);
#7775=CARTESIAN_POINT('',(1.965E0,-6.035E0,0.E0));
#7776=DIRECTION('',(0.E0,1.E0,0.E0));
#7777=DIRECTION('',(1.E0,0.E0,0.E0));
#7778=AXIS2_PLACEMENT_3D('',#7775,#7776,#7777);
#7779=PLANE('',#7778);
#7780=ORIENTED_EDGE('',*,*,#7754,.F.);
#7781=ORIENTED_EDGE('',*,*,#7770,.T.);
#7782=EDGE_LOOP('',(#7780,#7781));
#7783=FACE_OUTER_BOUND('',#7782,.F.);
#7784=ADVANCED_FACE('',(#7783),#7779,.F.);
#7785=CARTESIAN_POINT('',(3.055E0,1.205E0,3.47E0));
#7786=DIRECTION('',(1.E0,0.E0,0.E0));
#7787=DIRECTION('',(0.E0,1.E0,0.E0));
#7788=AXIS2_PLACEMENT_3D('',#7785,#7786,#7787);
#7789=PLANE('',#7788);
#7790=ORIENTED_EDGE('',*,*,#5342,.T.);
#7791=ORIENTED_EDGE('',*,*,#5083,.T.);
#7792=ORIENTED_EDGE('',*,*,#6228,.T.);
#7793=ORIENTED_EDGE('',*,*,#7670,.T.);
#7794=EDGE_LOOP('',(#7790,#7791,#7792,#7793));
#7795=FACE_OUTER_BOUND('',#7794,.F.);
#7796=ADVANCED_FACE('',(#7795),#7789,.F.);
#7797=CARTESIAN_POINT('',(8.75E-1,1.585E0,3.47E0));
#7798=DIRECTION('',(-1.E0,0.E0,0.E0));
#7799=DIRECTION('',(0.E0,-1.E0,0.E0));
#7800=AXIS2_PLACEMENT_3D('',#7797,#7798,#7799);
#7801=PLANE('',#7800);
#7802=ORIENTED_EDGE('',*,*,#5346,.T.);
#7803=ORIENTED_EDGE('',*,*,#7673,.F.);
#7804=ORIENTED_EDGE('',*,*,#6224,.F.);
#7805=ORIENTED_EDGE('',*,*,#5105,.F.);
#7806=EDGE_LOOP('',(#7802,#7803,#7804,#7805));
#7807=FACE_OUTER_BOUND('',#7806,.F.);
#7808=ADVANCED_FACE('',(#7807),#7801,.F.);
#7809=CARTESIAN_POINT('',(-9.05E-1,-1.585E0,3.47E0));
#7810=DIRECTION('',(1.E0,0.E0,0.E0));
#7811=DIRECTION('',(0.E0,1.E0,0.E0));
#7812=AXIS2_PLACEMENT_3D('',#7809,#7810,#7811);
#7813=PLANE('',#7812);
#7814=ORIENTED_EDGE('',*,*,#4770,.T.);
#7816=ORIENTED_EDGE('',*,*,#7815,.F.);
#7817=ORIENTED_EDGE('',*,*,#6125,.F.);
#7818=ORIENTED_EDGE('',*,*,#5867,.F.);
#7819=EDGE_LOOP('',(#7814,#7816,#7817,#7818));
#7820=FACE_OUTER_BOUND('',#7819,.F.);
#7821=ADVANCED_FACE('',(#7820),#7813,.F.);
#7822=CARTESIAN_POINT('',(-9.05E-1,-1.205E0,3.47E0));
#7823=DIRECTION('',(0.E0,1.E0,0.E0));
#7824=DIRECTION('',(-1.E0,0.E0,0.E0));
#7825=AXIS2_PLACEMENT_3D('',#7822,#7823,#7824);
#7826=PLANE('',#7825);
#7827=ORIENTED_EDGE('',*,*,#4768,.T.);
#7829=ORIENTED_EDGE('',*,*,#7828,.F.);
#7830=ORIENTED_EDGE('',*,*,#6127,.F.);
#7831=ORIENTED_EDGE('',*,*,#7815,.T.);
#7832=EDGE_LOOP('',(#7827,#7829,#7830,#7831));
#7833=FACE_OUTER_BOUND('',#7832,.F.);
#7835=ORIENTED_EDGE('',*,*,#7834,.F.);
#7837=ORIENTED_EDGE('',*,*,#7836,.F.);
#7838=EDGE_LOOP('',(#7835,#7837));
#7839=FACE_BOUND('',#7838,.F.);
#7840=ADVANCED_FACE('',(#7833,#7839),#7826,.F.);
#7841=CARTESIAN_POINT('',(-3.085E0,-1.205E0,3.47E0));
#7842=DIRECTION('',(-1.E0,0.E0,0.E0));
#7843=DIRECTION('',(0.E0,-1.E0,0.E0));
#7844=AXIS2_PLACEMENT_3D('',#7841,#7842,#7843);
#7845=PLANE('',#7844);
#7846=ORIENTED_EDGE('',*,*,#4766,.F.);
#7847=ORIENTED_EDGE('',*,*,#5839,.T.);
#7848=ORIENTED_EDGE('',*,*,#6129,.T.);
#7849=ORIENTED_EDGE('',*,*,#7828,.T.);
#7850=EDGE_LOOP('',(#7846,#7847,#7848,#7849));
#7851=FACE_OUTER_BOUND('',#7850,.F.);
#7852=ADVANCED_FACE('',(#7851),#7845,.F.);
#7853=CARTESIAN_POINT('',(-1.995E0,-6.9875E0,0.E0));
#7854=DIRECTION('',(0.E0,1.E0,0.E0));
#7855=DIRECTION('',(1.E0,0.E0,0.E0));
#7856=AXIS2_PLACEMENT_3D('',#7853,#7854,#7855);
#7857=CYLINDRICAL_SURFACE('',#7856,5.7E-1);
#7859=ORIENTED_EDGE('',*,*,#7858,.F.);
#7861=ORIENTED_EDGE('',*,*,#7860,.T.);
#7863=ORIENTED_EDGE('',*,*,#7862,.T.);
#7865=ORIENTED_EDGE('',*,*,#7864,.F.);
#7866=EDGE_LOOP('',(#7859,#7861,#7863,#7865));
#7867=FACE_OUTER_BOUND('',#7866,.F.);
#7868=ADVANCED_FACE('',(#7867),#7857,.T.);
#7869=CARTESIAN_POINT('',(-1.995E0,-6.9875E0,0.E0));
#7870=DIRECTION('',(0.E0,1.E0,0.E0));
#7871=DIRECTION('',(1.E0,0.E0,0.E0));
#7872=AXIS2_PLACEMENT_3D('',#7869,#7870,#7871);
#7873=CYLINDRICAL_SURFACE('',#7872,5.7E-1);
#7874=ORIENTED_EDGE('',*,*,#7834,.T.);
#7876=ORIENTED_EDGE('',*,*,#7875,.F.);
#7878=ORIENTED_EDGE('',*,*,#7877,.F.);
#7880=ORIENTED_EDGE('',*,*,#7879,.T.);
#7881=EDGE_LOOP('',(#7874,#7876,#7878,#7880));
#7882=FACE_OUTER_BOUND('',#7881,.F.);
#7883=ADVANCED_FACE('',(#7882),#7873,.T.);
#7884=CARTESIAN_POINT('',(-3.085E0,1.205E0,3.47E0));
#7885=DIRECTION('',(0.E0,-1.E0,0.E0));
#7886=DIRECTION('',(1.E0,0.E0,0.E0));
#7887=AXIS2_PLACEMENT_3D('',#7884,#7885,#7886);
#7888=PLANE('',#7887);
#7889=ORIENTED_EDGE('',*,*,#5351,.T.);
#7891=ORIENTED_EDGE('',*,*,#7890,.F.);
#7892=ORIENTED_EDGE('',*,*,#6219,.F.);
#7894=ORIENTED_EDGE('',*,*,#7893,.T.);
#7895=EDGE_LOOP('',(#7889,#7891,#7892,#7894));
#7896=FACE_OUTER_BOUND('',#7895,.F.);
#7897=ORIENTED_EDGE('',*,*,#7858,.T.);
#7899=ORIENTED_EDGE('',*,*,#7898,.T.);
#7900=EDGE_LOOP('',(#7897,#7899));
#7901=FACE_BOUND('',#7900,.F.);
#7902=ADVANCED_FACE('',(#7896,#7901),#7888,.F.);
#7903=CARTESIAN_POINT('',(-1.995E0,-6.9875E0,0.E0));
#7904=DIRECTION('',(0.E0,1.E0,0.E0));
#7905=DIRECTION('',(1.E0,0.E0,0.E0));
#7906=AXIS2_PLACEMENT_3D('',#7903,#7904,#7905);
#7907=CYLINDRICAL_SURFACE('',#7906,5.7E-1);
#7908=ORIENTED_EDGE('',*,*,#7898,.F.);
#7909=ORIENTED_EDGE('',*,*,#7864,.T.);
#7911=ORIENTED_EDGE('',*,*,#7910,.F.);
#7912=ORIENTED_EDGE('',*,*,#7860,.F.);
#7913=EDGE_LOOP('',(#7908,#7909,#7911,#7912));
#7914=FACE_OUTER_BOUND('',#7913,.F.);
#7915=ADVANCED_FACE('',(#7914),#7907,.T.);
#7916=CARTESIAN_POINT('',(-1.995E0,-6.9875E0,0.E0));
#7917=DIRECTION('',(0.E0,1.E0,0.E0));
#7918=DIRECTION('',(1.E0,0.E0,0.E0));
#7919=AXIS2_PLACEMENT_3D('',#7916,#7917,#7918);
#7920=CYLINDRICAL_SURFACE('',#7919,5.7E-1);
#7921=ORIENTED_EDGE('',*,*,#7836,.T.);
#7922=ORIENTED_EDGE('',*,*,#7879,.F.);
#7924=ORIENTED_EDGE('',*,*,#7923,.T.);
#7925=ORIENTED_EDGE('',*,*,#7875,.T.);
#7926=EDGE_LOOP('',(#7921,#7922,#7924,#7925));
#7927=FACE_OUTER_BOUND('',#7926,.F.);
#7928=ADVANCED_FACE('',(#7927),#7920,.T.);
#7929=CARTESIAN_POINT('',(-1.995E0,1.257E1,0.E0));
#7930=DIRECTION('',(0.E0,-1.E0,0.E0));
#7931=DIRECTION('',(-1.E0,0.E0,0.E0));
#7932=AXIS2_PLACEMENT_3D('',#7929,#7930,#7931);
#7933=CONICAL_SURFACE('',#7932,4.E-1,2.090798047101E1);
#7935=ORIENTED_EDGE('',*,*,#7934,.F.);
#7936=ORIENTED_EDGE('',*,*,#7910,.T.);
#7938=ORIENTED_EDGE('',*,*,#7937,.T.);
#7940=ORIENTED_EDGE('',*,*,#7939,.F.);
#7941=EDGE_LOOP('',(#7935,#7936,#7938,#7940));
#7942=FACE_OUTER_BOUND('',#7941,.F.);
#7943=ADVANCED_FACE('',(#7942),#7933,.T.);
#7944=CARTESIAN_POINT('',(-1.995E0,1.257E1,0.E0));
#7945=DIRECTION('',(0.E0,-1.E0,0.E0));
#7946=DIRECTION('',(-1.E0,0.E0,0.E0));
#7947=AXIS2_PLACEMENT_3D('',#7944,#7945,#7946);
#7948=CONICAL_SURFACE('',#7947,4.E-1,2.090798047101E1);
#7949=ORIENTED_EDGE('',*,*,#7934,.T.);
#7951=ORIENTED_EDGE('',*,*,#7950,.T.);
#7952=ORIENTED_EDGE('',*,*,#7937,.F.);
#7953=ORIENTED_EDGE('',*,*,#7862,.F.);
#7954=EDGE_LOOP('',(#7949,#7951,#7952,#7953));
#7955=FACE_OUTER_BOUND('',#7954,.F.);
#7956=ADVANCED_FACE('',(#7955),#7948,.T.);
#7957=CARTESIAN_POINT('',(-1.995E0,1.3015E1,0.E0));
#7958=DIRECTION('',(0.E0,1.E0,0.E0));
#7959=DIRECTION('',(1.E0,0.E0,0.E0));
#7960=AXIS2_PLACEMENT_3D('',#7957,#7958,#7959);
#7961=PLANE('',#7960);
#7962=ORIENTED_EDGE('',*,*,#7939,.T.);
#7963=ORIENTED_EDGE('',*,*,#7950,.F.);
#7964=EDGE_LOOP('',(#7962,#7963));
#7965=FACE_OUTER_BOUND('',#7964,.F.);
#7966=ADVANCED_FACE('',(#7965),#7961,.T.);
#7967=CARTESIAN_POINT('',(-1.995E0,-5.59E0,0.E0));
#7968=DIRECTION('',(0.E0,1.E0,0.E0));
#7969=DIRECTION('',(1.E0,0.E0,0.E0));
#7970=AXIS2_PLACEMENT_3D('',#7967,#7968,#7969);
#7971=CONICAL_SURFACE('',#7970,4.E-1,2.090798047101E1);
#7973=ORIENTED_EDGE('',*,*,#7972,.F.);
#7975=ORIENTED_EDGE('',*,*,#7974,.T.);
#7977=ORIENTED_EDGE('',*,*,#7976,.T.);
#7978=ORIENTED_EDGE('',*,*,#7923,.F.);
#7979=EDGE_LOOP('',(#7973,#7975,#7977,#7978));
#7980=FACE_OUTER_BOUND('',#7979,.F.);
#7981=ADVANCED_FACE('',(#7980),#7971,.T.);
#7982=CARTESIAN_POINT('',(-1.995E0,-5.59E0,0.E0));
#7983=DIRECTION('',(0.E0,1.E0,0.E0));
#7984=DIRECTION('',(1.E0,0.E0,0.E0));
#7985=AXIS2_PLACEMENT_3D('',#7982,#7983,#7984);
#7986=CONICAL_SURFACE('',#7985,4.E-1,2.090798047101E1);
#7987=ORIENTED_EDGE('',*,*,#7972,.T.);
#7988=ORIENTED_EDGE('',*,*,#7877,.T.);
#7989=ORIENTED_EDGE('',*,*,#7976,.F.);
#7991=ORIENTED_EDGE('',*,*,#7990,.F.);
#7992=EDGE_LOOP('',(#7987,#7988,#7989,#7991));
#7993=FACE_OUTER_BOUND('',#7992,.F.);
#7994=ADVANCED_FACE('',(#7993),#7986,.T.);
#7995=CARTESIAN_POINT('',(-1.995E0,-6.035E0,0.E0));
#7996=DIRECTION('',(0.E0,1.E0,0.E0));
#7997=DIRECTION('',(1.E0,0.E0,0.E0));
#7998=AXIS2_PLACEMENT_3D('',#7995,#7996,#7997);
#7999=PLANE('',#7998);
#8000=ORIENTED_EDGE('',*,*,#7974,.F.);
#8001=ORIENTED_EDGE('',*,*,#7990,.T.);
#8002=EDGE_LOOP('',(#8000,#8001));
#8003=FACE_OUTER_BOUND('',#8002,.F.);
#8004=ADVANCED_FACE('',(#8003),#7999,.F.);
#8005=CARTESIAN_POINT('',(-9.05E-1,1.205E0,3.47E0));
#8006=DIRECTION('',(1.E0,0.E0,0.E0));
#8007=DIRECTION('',(0.E0,1.E0,0.E0));
#8008=AXIS2_PLACEMENT_3D('',#8005,#8006,#8007);
#8009=PLANE('',#8008);
#8010=ORIENTED_EDGE('',*,*,#5349,.T.);
#8011=ORIENTED_EDGE('',*,*,#5109,.T.);
#8012=ORIENTED_EDGE('',*,*,#6221,.T.);
#8013=ORIENTED_EDGE('',*,*,#7890,.T.);
#8014=EDGE_LOOP('',(#8010,#8011,#8012,#8013));
#8015=FACE_OUTER_BOUND('',#8014,.F.);
#8016=ADVANCED_FACE('',(#8015),#8009,.F.);
#8017=CARTESIAN_POINT('',(-3.085E0,1.585E0,3.47E0));
#8018=DIRECTION('',(-1.E0,0.E0,0.E0));
#8019=DIRECTION('',(0.E0,-1.E0,0.E0));
#8020=AXIS2_PLACEMENT_3D('',#8017,#8018,#8019);
#8021=PLANE('',#8020);
#8022=ORIENTED_EDGE('',*,*,#5353,.T.);
#8023=ORIENTED_EDGE('',*,*,#7893,.F.);
#8024=ORIENTED_EDGE('',*,*,#6217,.F.);
#8025=ORIENTED_EDGE('',*,*,#5171,.F.);
#8026=EDGE_LOOP('',(#8022,#8023,#8024,#8025));
#8027=FACE_OUTER_BOUND('',#8026,.F.);
#8028=ADVANCED_FACE('',(#8027),#8021,.F.);
#8029=CARTESIAN_POINT('',(-4.865E0,-1.585E0,3.47E0));
#8030=DIRECTION('',(1.E0,0.E0,0.E0));
#8031=DIRECTION('',(0.E0,1.E0,0.E0));
#8032=AXIS2_PLACEMENT_3D('',#8029,#8030,#8031);
#8033=PLANE('',#8032);
#8034=ORIENTED_EDGE('',*,*,#4762,.T.);
#8036=ORIENTED_EDGE('',*,*,#8035,.F.);
#8037=ORIENTED_EDGE('',*,*,#6132,.F.);
#8038=ORIENTED_EDGE('',*,*,#5842,.F.);
#8039=EDGE_LOOP('',(#8034,#8036,#8037,#8038));
#8040=FACE_OUTER_BOUND('',#8039,.F.);
#8041=ADVANCED_FACE('',(#8040),#8033,.F.);
#8042=CARTESIAN_POINT('',(-4.865E0,-1.205E0,3.47E0));
#8043=DIRECTION('',(0.E0,1.E0,0.E0));
#8044=DIRECTION('',(-1.E0,0.E0,0.E0));
#8045=AXIS2_PLACEMENT_3D('',#8042,#8043,#8044);
#8046=PLANE('',#8045);
#8047=ORIENTED_EDGE('',*,*,#4760,.T.);
#8049=ORIENTED_EDGE('',*,*,#8048,.F.);
#8050=ORIENTED_EDGE('',*,*,#6134,.F.);
#8051=ORIENTED_EDGE('',*,*,#8035,.T.);
#8052=EDGE_LOOP('',(#8047,#8049,#8050,#8051));
#8053=FACE_OUTER_BOUND('',#8052,.F.);
#8055=ORIENTED_EDGE('',*,*,#8054,.F.);
#8057=ORIENTED_EDGE('',*,*,#8056,.F.);
#8058=EDGE_LOOP('',(#8055,#8057));
#8059=FACE_BOUND('',#8058,.F.);
#8060=ADVANCED_FACE('',(#8053,#8059),#8046,.F.);
#8061=CARTESIAN_POINT('',(-7.045E0,-1.205E0,3.47E0));
#8062=DIRECTION('',(-1.E0,0.E0,0.E0));
#8063=DIRECTION('',(0.E0,-1.E0,0.E0));
#8064=AXIS2_PLACEMENT_3D('',#8061,#8062,#8063);
#8065=PLANE('',#8064);
#8066=ORIENTED_EDGE('',*,*,#4758,.F.);
#8067=ORIENTED_EDGE('',*,*,#5814,.T.);
#8068=ORIENTED_EDGE('',*,*,#6136,.T.);
#8069=ORIENTED_EDGE('',*,*,#8048,.T.);
#8070=EDGE_LOOP('',(#8066,#8067,#8068,#8069));
#8071=FACE_OUTER_BOUND('',#8070,.F.);
#8072=ADVANCED_FACE('',(#8071),#8065,.F.);
#8073=CARTESIAN_POINT('',(-5.955E0,-6.9875E0,0.E0));
#8074=DIRECTION('',(0.E0,1.E0,0.E0));
#8075=DIRECTION('',(1.E0,0.E0,0.E0));
#8076=AXIS2_PLACEMENT_3D('',#8073,#8074,#8075);
#8077=CYLINDRICAL_SURFACE('',#8076,5.7E-1);
#8079=ORIENTED_EDGE('',*,*,#8078,.F.);
#8081=ORIENTED_EDGE('',*,*,#8080,.T.);
#8083=ORIENTED_EDGE('',*,*,#8082,.T.);
#8085=ORIENTED_EDGE('',*,*,#8084,.F.);
#8086=EDGE_LOOP('',(#8079,#8081,#8083,#8085));
#8087=FACE_OUTER_BOUND('',#8086,.F.);
#8088=ADVANCED_FACE('',(#8087),#8077,.T.);
#8089=CARTESIAN_POINT('',(-5.955E0,-6.9875E0,0.E0));
#8090=DIRECTION('',(0.E0,1.E0,0.E0));
#8091=DIRECTION('',(1.E0,0.E0,0.E0));
#8092=AXIS2_PLACEMENT_3D('',#8089,#8090,#8091);
#8093=CYLINDRICAL_SURFACE('',#8092,5.7E-1);
#8094=ORIENTED_EDGE('',*,*,#8054,.T.);
#8096=ORIENTED_EDGE('',*,*,#8095,.F.);
#8098=ORIENTED_EDGE('',*,*,#8097,.F.);
#8100=ORIENTED_EDGE('',*,*,#8099,.T.);
#8101=EDGE_LOOP('',(#8094,#8096,#8098,#8100));
#8102=FACE_OUTER_BOUND('',#8101,.F.);
#8103=ADVANCED_FACE('',(#8102),#8093,.T.);
#8104=CARTESIAN_POINT('',(-7.045E0,1.205E0,3.47E0));
#8105=DIRECTION('',(0.E0,-1.E0,0.E0));
#8106=DIRECTION('',(1.E0,0.E0,0.E0));
#8107=AXIS2_PLACEMENT_3D('',#8104,#8105,#8106);
#8108=PLANE('',#8107);
#8109=ORIENTED_EDGE('',*,*,#5301,.T.);
#8111=ORIENTED_EDGE('',*,*,#8110,.F.);
#8112=ORIENTED_EDGE('',*,*,#6212,.F.);
#8114=ORIENTED_EDGE('',*,*,#8113,.T.);
#8115=EDGE_LOOP('',(#8109,#8111,#8112,#8114));
#8116=FACE_OUTER_BOUND('',#8115,.F.);
#8117=ORIENTED_EDGE('',*,*,#8078,.T.);
#8119=ORIENTED_EDGE('',*,*,#8118,.T.);
#8120=EDGE_LOOP('',(#8117,#8119));
#8121=FACE_BOUND('',#8120,.F.);
#8122=ADVANCED_FACE('',(#8116,#8121),#8108,.F.);
#8123=CARTESIAN_POINT('',(-5.955E0,-6.9875E0,0.E0));
#8124=DIRECTION('',(0.E0,1.E0,0.E0));
#8125=DIRECTION('',(1.E0,0.E0,0.E0));
#8126=AXIS2_PLACEMENT_3D('',#8123,#8124,#8125);
#8127=CYLINDRICAL_SURFACE('',#8126,5.7E-1);
#8128=ORIENTED_EDGE('',*,*,#8118,.F.);
#8129=ORIENTED_EDGE('',*,*,#8084,.T.);
#8131=ORIENTED_EDGE('',*,*,#8130,.F.);
#8132=ORIENTED_EDGE('',*,*,#8080,.F.);
#8133=EDGE_LOOP('',(#8128,#8129,#8131,#8132));
#8134=FACE_OUTER_BOUND('',#8133,.F.);
#8135=ADVANCED_FACE('',(#8134),#8127,.T.);
#8136=CARTESIAN_POINT('',(-5.955E0,-6.9875E0,0.E0));
#8137=DIRECTION('',(0.E0,1.E0,0.E0));
#8138=DIRECTION('',(1.E0,0.E0,0.E0));
#8139=AXIS2_PLACEMENT_3D('',#8136,#8137,#8138);
#8140=CYLINDRICAL_SURFACE('',#8139,5.7E-1);
#8141=ORIENTED_EDGE('',*,*,#8056,.T.);
#8142=ORIENTED_EDGE('',*,*,#8099,.F.);
#8144=ORIENTED_EDGE('',*,*,#8143,.T.);
#8145=ORIENTED_EDGE('',*,*,#8095,.T.);
#8146=EDGE_LOOP('',(#8141,#8142,#8144,#8145));
#8147=FACE_OUTER_BOUND('',#8146,.F.);
#8148=ADVANCED_FACE('',(#8147),#8140,.T.);
#8149=CARTESIAN_POINT('',(-5.955E0,1.257E1,0.E0));
#8150=DIRECTION('',(0.E0,-1.E0,0.E0));
#8151=DIRECTION('',(-1.E0,0.E0,0.E0));
#8152=AXIS2_PLACEMENT_3D('',#8149,#8150,#8151);
#8153=CONICAL_SURFACE('',#8152,4.E-1,2.090798047101E1);
#8155=ORIENTED_EDGE('',*,*,#8154,.F.);
#8156=ORIENTED_EDGE('',*,*,#8130,.T.);
#8158=ORIENTED_EDGE('',*,*,#8157,.T.);
#8160=ORIENTED_EDGE('',*,*,#8159,.F.);
#8161=EDGE_LOOP('',(#8155,#8156,#8158,#8160));
#8162=FACE_OUTER_BOUND('',#8161,.F.);
#8163=ADVANCED_FACE('',(#8162),#8153,.T.);
#8164=CARTESIAN_POINT('',(-5.955E0,1.257E1,0.E0));
#8165=DIRECTION('',(0.E0,-1.E0,0.E0));
#8166=DIRECTION('',(-1.E0,0.E0,0.E0));
#8167=AXIS2_PLACEMENT_3D('',#8164,#8165,#8166);
#8168=CONICAL_SURFACE('',#8167,4.E-1,2.090798047101E1);
#8169=ORIENTED_EDGE('',*,*,#8154,.T.);
#8171=ORIENTED_EDGE('',*,*,#8170,.T.);
#8172=ORIENTED_EDGE('',*,*,#8157,.F.);
#8173=ORIENTED_EDGE('',*,*,#8082,.F.);
#8174=EDGE_LOOP('',(#8169,#8171,#8172,#8173));
#8175=FACE_OUTER_BOUND('',#8174,.F.);
#8176=ADVANCED_FACE('',(#8175),#8168,.T.);
#8177=CARTESIAN_POINT('',(-5.955E0,1.3015E1,0.E0));
#8178=DIRECTION('',(0.E0,1.E0,0.E0));
#8179=DIRECTION('',(1.E0,0.E0,0.E0));
#8180=AXIS2_PLACEMENT_3D('',#8177,#8178,#8179);
#8181=PLANE('',#8180);
#8182=ORIENTED_EDGE('',*,*,#8159,.T.);
#8183=ORIENTED_EDGE('',*,*,#8170,.F.);
#8184=EDGE_LOOP('',(#8182,#8183));
#8185=FACE_OUTER_BOUND('',#8184,.F.);
#8186=ADVANCED_FACE('',(#8185),#8181,.T.);
#8187=CARTESIAN_POINT('',(-5.955E0,-5.59E0,0.E0));
#8188=DIRECTION('',(0.E0,1.E0,0.E0));
#8189=DIRECTION('',(1.E0,0.E0,0.E0));
#8190=AXIS2_PLACEMENT_3D('',#8187,#8188,#8189);
#8191=CONICAL_SURFACE('',#8190,4.E-1,2.090798047101E1);
#8193=ORIENTED_EDGE('',*,*,#8192,.F.);
#8195=ORIENTED_EDGE('',*,*,#8194,.T.);
#8197=ORIENTED_EDGE('',*,*,#8196,.T.);
#8198=ORIENTED_EDGE('',*,*,#8143,.F.);
#8199=EDGE_LOOP('',(#8193,#8195,#8197,#8198));
#8200=FACE_OUTER_BOUND('',#8199,.F.);
#8201=ADVANCED_FACE('',(#8200),#8191,.T.);
#8202=CARTESIAN_POINT('',(-5.955E0,-5.59E0,0.E0));
#8203=DIRECTION('',(0.E0,1.E0,0.E0));
#8204=DIRECTION('',(1.E0,0.E0,0.E0));
#8205=AXIS2_PLACEMENT_3D('',#8202,#8203,#8204);
#8206=CONICAL_SURFACE('',#8205,4.E-1,2.090798047101E1);
#8207=ORIENTED_EDGE('',*,*,#8192,.T.);
#8208=ORIENTED_EDGE('',*,*,#8097,.T.);
#8209=ORIENTED_EDGE('',*,*,#8196,.F.);
#8211=ORIENTED_EDGE('',*,*,#8210,.F.);
#8212=EDGE_LOOP('',(#8207,#8208,#8209,#8211));
#8213=FACE_OUTER_BOUND('',#8212,.F.);
#8214=ADVANCED_FACE('',(#8213),#8206,.T.);
#8215=CARTESIAN_POINT('',(-5.955E0,-6.035E0,0.E0));
#8216=DIRECTION('',(0.E0,1.E0,0.E0));
#8217=DIRECTION('',(1.E0,0.E0,0.E0));
#8218=AXIS2_PLACEMENT_3D('',#8215,#8216,#8217);
#8219=PLANE('',#8218);
#8220=ORIENTED_EDGE('',*,*,#8194,.F.);
#8221=ORIENTED_EDGE('',*,*,#8210,.T.);
#8222=EDGE_LOOP('',(#8220,#8221));
#8223=FACE_OUTER_BOUND('',#8222,.F.);
#8224=ADVANCED_FACE('',(#8223),#8219,.F.);
#8225=CARTESIAN_POINT('',(-4.865E0,1.205E0,3.47E0));
#8226=DIRECTION('',(1.E0,0.E0,0.E0));
#8227=DIRECTION('',(0.E0,1.E0,0.E0));
#8228=AXIS2_PLACEMENT_3D('',#8225,#8226,#8227);
#8229=PLANE('',#8228);
#8230=ORIENTED_EDGE('',*,*,#5299,.T.);
#8231=ORIENTED_EDGE('',*,*,#5175,.T.);
#8232=ORIENTED_EDGE('',*,*,#6214,.T.);
#8233=ORIENTED_EDGE('',*,*,#8110,.T.);
#8234=EDGE_LOOP('',(#8230,#8231,#8232,#8233));
#8235=FACE_OUTER_BOUND('',#8234,.F.);
#8236=ADVANCED_FACE('',(#8235),#8229,.F.);
#8237=CARTESIAN_POINT('',(-7.045E0,1.585E0,3.47E0));
#8238=DIRECTION('',(-1.E0,0.E0,0.E0));
#8239=DIRECTION('',(0.E0,-1.E0,0.E0));
#8240=AXIS2_PLACEMENT_3D('',#8237,#8238,#8239);
#8241=PLANE('',#8240);
#8242=ORIENTED_EDGE('',*,*,#5303,.T.);
#8243=ORIENTED_EDGE('',*,*,#8113,.F.);
#8244=ORIENTED_EDGE('',*,*,#6210,.F.);
#8245=ORIENTED_EDGE('',*,*,#5055,.F.);
#8246=EDGE_LOOP('',(#8242,#8243,#8244,#8245));
#8247=FACE_OUTER_BOUND('',#8246,.F.);
#8248=ADVANCED_FACE('',(#8247),#8241,.F.);
#8249=CARTESIAN_POINT('',(-8.825E0,-1.585E0,3.47E0));
#8250=DIRECTION('',(1.E0,0.E0,0.E0));
#8251=DIRECTION('',(0.E0,1.E0,0.E0));
#8252=AXIS2_PLACEMENT_3D('',#8249,#8250,#8251);
#8253=PLANE('',#8252);
#8254=ORIENTED_EDGE('',*,*,#4754,.T.);
#8256=ORIENTED_EDGE('',*,*,#8255,.F.);
#8257=ORIENTED_EDGE('',*,*,#6139,.F.);
#8258=ORIENTED_EDGE('',*,*,#5817,.F.);
#8259=EDGE_LOOP('',(#8254,#8256,#8257,#8258));
#8260=FACE_OUTER_BOUND('',#8259,.F.);
#8261=ADVANCED_FACE('',(#8260),#8253,.F.);
#8262=CARTESIAN_POINT('',(-8.825E0,-1.205E0,3.47E0));
#8263=DIRECTION('',(0.E0,1.E0,0.E0));
#8264=DIRECTION('',(-1.E0,0.E0,0.E0));
#8265=AXIS2_PLACEMENT_3D('',#8262,#8263,#8264);
#8266=PLANE('',#8265);
#8267=ORIENTED_EDGE('',*,*,#4752,.T.);
#8269=ORIENTED_EDGE('',*,*,#8268,.F.);
#8270=ORIENTED_EDGE('',*,*,#6141,.F.);
#8271=ORIENTED_EDGE('',*,*,#8255,.T.);
#8272=EDGE_LOOP('',(#8267,#8269,#8270,#8271));
#8273=FACE_OUTER_BOUND('',#8272,.F.);
#8275=ORIENTED_EDGE('',*,*,#8274,.F.);
#8277=ORIENTED_EDGE('',*,*,#8276,.F.);
#8278=EDGE_LOOP('',(#8275,#8277));
#8279=FACE_BOUND('',#8278,.F.);
#8280=ADVANCED_FACE('',(#8273,#8279),#8266,.F.);
#8281=CARTESIAN_POINT('',(-1.1005E1,-1.205E0,3.47E0));
#8282=DIRECTION('',(-1.E0,0.E0,0.E0));
#8283=DIRECTION('',(0.E0,-1.E0,0.E0));
#8284=AXIS2_PLACEMENT_3D('',#8281,#8282,#8283);
#8285=PLANE('',#8284);
#8286=ORIENTED_EDGE('',*,*,#4750,.F.);
#8287=ORIENTED_EDGE('',*,*,#5789,.T.);
#8288=ORIENTED_EDGE('',*,*,#6143,.T.);
#8289=ORIENTED_EDGE('',*,*,#8268,.T.);
#8290=EDGE_LOOP('',(#8286,#8287,#8288,#8289));
#8291=FACE_OUTER_BOUND('',#8290,.F.);
#8292=ADVANCED_FACE('',(#8291),#8285,.F.);
#8293=CARTESIAN_POINT('',(-9.915E0,-6.9875E0,0.E0));
#8294=DIRECTION('',(0.E0,1.E0,0.E0));
#8295=DIRECTION('',(1.E0,0.E0,0.E0));
#8296=AXIS2_PLACEMENT_3D('',#8293,#8294,#8295);
#8297=CYLINDRICAL_SURFACE('',#8296,5.7E-1);
#8299=ORIENTED_EDGE('',*,*,#8298,.F.);
#8301=ORIENTED_EDGE('',*,*,#8300,.T.);
#8303=ORIENTED_EDGE('',*,*,#8302,.T.);
#8305=ORIENTED_EDGE('',*,*,#8304,.F.);
#8306=EDGE_LOOP('',(#8299,#8301,#8303,#8305));
#8307=FACE_OUTER_BOUND('',#8306,.F.);
#8308=ADVANCED_FACE('',(#8307),#8297,.T.);
#8309=CARTESIAN_POINT('',(-9.915E0,-6.9875E0,0.E0));
#8310=DIRECTION('',(0.E0,1.E0,0.E0));
#8311=DIRECTION('',(1.E0,0.E0,0.E0));
#8312=AXIS2_PLACEMENT_3D('',#8309,#8310,#8311);
#8313=CYLINDRICAL_SURFACE('',#8312,5.7E-1);
#8314=ORIENTED_EDGE('',*,*,#8274,.T.);
#8316=ORIENTED_EDGE('',*,*,#8315,.F.);
#8318=ORIENTED_EDGE('',*,*,#8317,.F.);
#8320=ORIENTED_EDGE('',*,*,#8319,.T.);
#8321=EDGE_LOOP('',(#8314,#8316,#8318,#8320));
#8322=FACE_OUTER_BOUND('',#8321,.F.);
#8323=ADVANCED_FACE('',(#8322),#8313,.T.);
#8324=CARTESIAN_POINT('',(-1.1005E1,1.205E0,3.47E0));
#8325=DIRECTION('',(0.E0,-1.E0,0.E0));
#8326=DIRECTION('',(1.E0,0.E0,0.E0));
#8327=AXIS2_PLACEMENT_3D('',#8324,#8325,#8326);
#8328=PLANE('',#8327);
#8329=ORIENTED_EDGE('',*,*,#5308,.T.);
#8331=ORIENTED_EDGE('',*,*,#8330,.F.);
#8332=ORIENTED_EDGE('',*,*,#6205,.F.);
#8334=ORIENTED_EDGE('',*,*,#8333,.T.);
#8335=EDGE_LOOP('',(#8329,#8331,#8332,#8334));
#8336=FACE_OUTER_BOUND('',#8335,.F.);
#8337=ORIENTED_EDGE('',*,*,#8298,.T.);
#8339=ORIENTED_EDGE('',*,*,#8338,.T.);
#8340=EDGE_LOOP('',(#8337,#8339));
#8341=FACE_BOUND('',#8340,.F.);
#8342=ADVANCED_FACE('',(#8336,#8341),#8328,.F.);
#8343=CARTESIAN_POINT('',(-9.915E0,-6.9875E0,0.E0));
#8344=DIRECTION('',(0.E0,1.E0,0.E0));
#8345=DIRECTION('',(1.E0,0.E0,0.E0));
#8346=AXIS2_PLACEMENT_3D('',#8343,#8344,#8345);
#8347=CYLINDRICAL_SURFACE('',#8346,5.7E-1);
#8348=ORIENTED_EDGE('',*,*,#8338,.F.);
#8349=ORIENTED_EDGE('',*,*,#8304,.T.);
#8351=ORIENTED_EDGE('',*,*,#8350,.F.);
#8352=ORIENTED_EDGE('',*,*,#8300,.F.);
#8353=EDGE_LOOP('',(#8348,#8349,#8351,#8352));
#8354=FACE_OUTER_BOUND('',#8353,.F.);
#8355=ADVANCED_FACE('',(#8354),#8347,.T.);
#8356=CARTESIAN_POINT('',(-9.915E0,-6.9875E0,0.E0));
#8357=DIRECTION('',(0.E0,1.E0,0.E0));
#8358=DIRECTION('',(1.E0,0.E0,0.E0));
#8359=AXIS2_PLACEMENT_3D('',#8356,#8357,#8358);
#8360=CYLINDRICAL_SURFACE('',#8359,5.7E-1);
#8361=ORIENTED_EDGE('',*,*,#8276,.T.);
#8362=ORIENTED_EDGE('',*,*,#8319,.F.);
#8364=ORIENTED_EDGE('',*,*,#8363,.T.);
#8365=ORIENTED_EDGE('',*,*,#8315,.T.);
#8366=EDGE_LOOP('',(#8361,#8362,#8364,#8365));
#8367=FACE_OUTER_BOUND('',#8366,.F.);
#8368=ADVANCED_FACE('',(#8367),#8360,.T.);
#8369=CARTESIAN_POINT('',(-9.915E0,1.257E1,0.E0));
#8370=DIRECTION('',(0.E0,-1.E0,0.E0));
#8371=DIRECTION('',(-1.E0,0.E0,0.E0));
#8372=AXIS2_PLACEMENT_3D('',#8369,#8370,#8371);
#8373=CONICAL_SURFACE('',#8372,4.E-1,2.090798047101E1);
#8375=ORIENTED_EDGE('',*,*,#8374,.F.);
#8376=ORIENTED_EDGE('',*,*,#8350,.T.);
#8378=ORIENTED_EDGE('',*,*,#8377,.T.);
#8380=ORIENTED_EDGE('',*,*,#8379,.F.);
#8381=EDGE_LOOP('',(#8375,#8376,#8378,#8380));
#8382=FACE_OUTER_BOUND('',#8381,.F.);
#8383=ADVANCED_FACE('',(#8382),#8373,.T.);
#8384=CARTESIAN_POINT('',(-9.915E0,1.257E1,0.E0));
#8385=DIRECTION('',(0.E0,-1.E0,0.E0));
#8386=DIRECTION('',(-1.E0,0.E0,0.E0));
#8387=AXIS2_PLACEMENT_3D('',#8384,#8385,#8386);
#8388=CONICAL_SURFACE('',#8387,4.E-1,2.090798047101E1);
#8389=ORIENTED_EDGE('',*,*,#8374,.T.);
#8391=ORIENTED_EDGE('',*,*,#8390,.T.);
#8392=ORIENTED_EDGE('',*,*,#8377,.F.);
#8393=ORIENTED_EDGE('',*,*,#8302,.F.);
#8394=EDGE_LOOP('',(#8389,#8391,#8392,#8393));
#8395=FACE_OUTER_BOUND('',#8394,.F.);
#8396=ADVANCED_FACE('',(#8395),#8388,.T.);
#8397=CARTESIAN_POINT('',(-9.915E0,1.3015E1,0.E0));
#8398=DIRECTION('',(0.E0,1.E0,0.E0));
#8399=DIRECTION('',(1.E0,0.E0,0.E0));
#8400=AXIS2_PLACEMENT_3D('',#8397,#8398,#8399);
#8401=PLANE('',#8400);
#8402=ORIENTED_EDGE('',*,*,#8379,.T.);
#8403=ORIENTED_EDGE('',*,*,#8390,.F.);
#8404=EDGE_LOOP('',(#8402,#8403));
#8405=FACE_OUTER_BOUND('',#8404,.F.);
#8406=ADVANCED_FACE('',(#8405),#8401,.T.);
#8407=CARTESIAN_POINT('',(-9.915E0,-5.59E0,0.E0));
#8408=DIRECTION('',(0.E0,1.E0,0.E0));
#8409=DIRECTION('',(1.E0,0.E0,0.E0));
#8410=AXIS2_PLACEMENT_3D('',#8407,#8408,#8409);
#8411=CONICAL_SURFACE('',#8410,4.E-1,2.090798047101E1);
#8413=ORIENTED_EDGE('',*,*,#8412,.F.);
#8415=ORIENTED_EDGE('',*,*,#8414,.T.);
#8417=ORIENTED_EDGE('',*,*,#8416,.T.);
#8418=ORIENTED_EDGE('',*,*,#8363,.F.);
#8419=EDGE_LOOP('',(#8413,#8415,#8417,#8418));
#8420=FACE_OUTER_BOUND('',#8419,.F.);
#8421=ADVANCED_FACE('',(#8420),#8411,.T.);
#8422=CARTESIAN_POINT('',(-9.915E0,-5.59E0,0.E0));
#8423=DIRECTION('',(0.E0,1.E0,0.E0));
#8424=DIRECTION('',(1.E0,0.E0,0.E0));
#8425=AXIS2_PLACEMENT_3D('',#8422,#8423,#8424);
#8426=CONICAL_SURFACE('',#8425,4.E-1,2.090798047101E1);
#8427=ORIENTED_EDGE('',*,*,#8412,.T.);
#8428=ORIENTED_EDGE('',*,*,#8317,.T.);
#8429=ORIENTED_EDGE('',*,*,#8416,.F.);
#8431=ORIENTED_EDGE('',*,*,#8430,.F.);
#8432=EDGE_LOOP('',(#8427,#8428,#8429,#8431));
#8433=FACE_OUTER_BOUND('',#8432,.F.);
#8434=ADVANCED_FACE('',(#8433),#8426,.T.);
#8435=CARTESIAN_POINT('',(-9.915E0,-6.035E0,0.E0));
#8436=DIRECTION('',(0.E0,1.E0,0.E0));
#8437=DIRECTION('',(1.E0,0.E0,0.E0));
#8438=AXIS2_PLACEMENT_3D('',#8435,#8436,#8437);
#8439=PLANE('',#8438);
#8440=ORIENTED_EDGE('',*,*,#8414,.F.);
#8441=ORIENTED_EDGE('',*,*,#8430,.T.);
#8442=EDGE_LOOP('',(#8440,#8441));
#8443=FACE_OUTER_BOUND('',#8442,.F.);
#8444=ADVANCED_FACE('',(#8443),#8439,.F.);
#8445=CARTESIAN_POINT('',(-8.825E0,1.205E0,3.47E0));
#8446=DIRECTION('',(1.E0,0.E0,0.E0));
#8447=DIRECTION('',(0.E0,1.E0,0.E0));
#8448=AXIS2_PLACEMENT_3D('',#8445,#8446,#8447);
#8449=PLANE('',#8448);
#8450=ORIENTED_EDGE('',*,*,#5306,.T.);
#8451=ORIENTED_EDGE('',*,*,#5051,.T.);
#8452=ORIENTED_EDGE('',*,*,#6207,.T.);
#8453=ORIENTED_EDGE('',*,*,#8330,.T.);
#8454=EDGE_LOOP('',(#8450,#8451,#8452,#8453));
#8455=FACE_OUTER_BOUND('',#8454,.F.);
#8456=ADVANCED_FACE('',(#8455),#8449,.F.);
#8457=CARTESIAN_POINT('',(-1.1005E1,1.585E0,3.47E0));
#8458=DIRECTION('',(-1.E0,0.E0,0.E0));
#8459=DIRECTION('',(0.E0,-1.E0,0.E0));
#8460=AXIS2_PLACEMENT_3D('',#8457,#8458,#8459);
#8461=PLANE('',#8460);
#8462=ORIENTED_EDGE('',*,*,#5310,.T.);
#8463=ORIENTED_EDGE('',*,*,#8333,.F.);
#8464=ORIENTED_EDGE('',*,*,#6203,.F.);
#8465=ORIENTED_EDGE('',*,*,#5029,.F.);
#8466=EDGE_LOOP('',(#8462,#8463,#8464,#8465));
#8467=FACE_OUTER_BOUND('',#8466,.F.);
#8468=ADVANCED_FACE('',(#8467),#8461,.F.);
#8469=CARTESIAN_POINT('',(-1.2785E1,-1.585E0,3.47E0));
#8470=DIRECTION('',(1.E0,0.E0,0.E0));
#8471=DIRECTION('',(0.E0,1.E0,0.E0));
#8472=AXIS2_PLACEMENT_3D('',#8469,#8470,#8471);
#8473=PLANE('',#8472);
#8474=ORIENTED_EDGE('',*,*,#4746,.T.);
#8476=ORIENTED_EDGE('',*,*,#8475,.F.);
#8477=ORIENTED_EDGE('',*,*,#6146,.F.);
#8478=ORIENTED_EDGE('',*,*,#5792,.F.);
#8479=EDGE_LOOP('',(#8474,#8476,#8477,#8478));
#8480=FACE_OUTER_BOUND('',#8479,.F.);
#8481=ADVANCED_FACE('',(#8480),#8473,.F.);
#8482=CARTESIAN_POINT('',(-1.2785E1,-1.205E0,3.47E0));
#8483=DIRECTION('',(0.E0,1.E0,0.E0));
#8484=DIRECTION('',(-1.E0,0.E0,0.E0));
#8485=AXIS2_PLACEMENT_3D('',#8482,#8483,#8484);
#8486=PLANE('',#8485);
#8487=ORIENTED_EDGE('',*,*,#4744,.T.);
#8489=ORIENTED_EDGE('',*,*,#8488,.F.);
#8490=ORIENTED_EDGE('',*,*,#6148,.F.);
#8491=ORIENTED_EDGE('',*,*,#8475,.T.);
#8492=EDGE_LOOP('',(#8487,#8489,#8490,#8491));
#8493=FACE_OUTER_BOUND('',#8492,.F.);
#8495=ORIENTED_EDGE('',*,*,#8494,.F.);
#8497=ORIENTED_EDGE('',*,*,#8496,.F.);
#8498=EDGE_LOOP('',(#8495,#8497));
#8499=FACE_BOUND('',#8498,.F.);
#8500=ADVANCED_FACE('',(#8493,#8499),#8486,.F.);
#8501=CARTESIAN_POINT('',(-1.4965E1,-1.205E0,3.47E0));
#8502=DIRECTION('',(-1.E0,0.E0,0.E0));
#8503=DIRECTION('',(0.E0,-1.E0,0.E0));
#8504=AXIS2_PLACEMENT_3D('',#8501,#8502,#8503);
#8505=PLANE('',#8504);
#8506=ORIENTED_EDGE('',*,*,#4742,.F.);
#8507=ORIENTED_EDGE('',*,*,#5764,.T.);
#8508=ORIENTED_EDGE('',*,*,#6150,.T.);
#8509=ORIENTED_EDGE('',*,*,#8488,.T.);
#8510=EDGE_LOOP('',(#8506,#8507,#8508,#8509));
#8511=FACE_OUTER_BOUND('',#8510,.F.);
#8512=ADVANCED_FACE('',(#8511),#8505,.F.);
#8513=CARTESIAN_POINT('',(-1.3875E1,-6.9875E0,0.E0));
#8514=DIRECTION('',(0.E0,1.E0,0.E0));
#8515=DIRECTION('',(1.E0,0.E0,0.E0));
#8516=AXIS2_PLACEMENT_3D('',#8513,#8514,#8515);
#8517=CYLINDRICAL_SURFACE('',#8516,5.7E-1);
#8519=ORIENTED_EDGE('',*,*,#8518,.F.);
#8521=ORIENTED_EDGE('',*,*,#8520,.T.);
#8523=ORIENTED_EDGE('',*,*,#8522,.T.);
#8525=ORIENTED_EDGE('',*,*,#8524,.F.);
#8526=EDGE_LOOP('',(#8519,#8521,#8523,#8525));
#8527=FACE_OUTER_BOUND('',#8526,.F.);
#8528=ADVANCED_FACE('',(#8527),#8517,.T.);
#8529=CARTESIAN_POINT('',(-1.3875E1,-6.9875E0,0.E0));
#8530=DIRECTION('',(0.E0,1.E0,0.E0));
#8531=DIRECTION('',(1.E0,0.E0,0.E0));
#8532=AXIS2_PLACEMENT_3D('',#8529,#8530,#8531);
#8533=CYLINDRICAL_SURFACE('',#8532,5.7E-1);
#8534=ORIENTED_EDGE('',*,*,#8494,.T.);
#8536=ORIENTED_EDGE('',*,*,#8535,.F.);
#8538=ORIENTED_EDGE('',*,*,#8537,.F.);
#8540=ORIENTED_EDGE('',*,*,#8539,.T.);
#8541=EDGE_LOOP('',(#8534,#8536,#8538,#8540));
#8542=FACE_OUTER_BOUND('',#8541,.F.);
#8543=ADVANCED_FACE('',(#8542),#8533,.T.);
#8544=CARTESIAN_POINT('',(-1.4965E1,1.205E0,3.47E0));
#8545=DIRECTION('',(0.E0,-1.E0,0.E0));
#8546=DIRECTION('',(1.E0,0.E0,0.E0));
#8547=AXIS2_PLACEMENT_3D('',#8544,#8545,#8546);
#8548=PLANE('',#8547);
#8549=ORIENTED_EDGE('',*,*,#5315,.T.);
#8551=ORIENTED_EDGE('',*,*,#8550,.F.);
#8552=ORIENTED_EDGE('',*,*,#6198,.F.);
#8554=ORIENTED_EDGE('',*,*,#8553,.T.);
#8555=EDGE_LOOP('',(#8549,#8551,#8552,#8554));
#8556=FACE_OUTER_BOUND('',#8555,.F.);
#8557=ORIENTED_EDGE('',*,*,#8518,.T.);
#8559=ORIENTED_EDGE('',*,*,#8558,.T.);
#8560=EDGE_LOOP('',(#8557,#8559));
#8561=FACE_BOUND('',#8560,.F.);
#8562=ADVANCED_FACE('',(#8556,#8561),#8548,.F.);
#8563=CARTESIAN_POINT('',(-1.3875E1,-6.9875E0,0.E0));
#8564=DIRECTION('',(0.E0,1.E0,0.E0));
#8565=DIRECTION('',(1.E0,0.E0,0.E0));
#8566=AXIS2_PLACEMENT_3D('',#8563,#8564,#8565);
#8567=CYLINDRICAL_SURFACE('',#8566,5.7E-1);
#8568=ORIENTED_EDGE('',*,*,#8558,.F.);
#8569=ORIENTED_EDGE('',*,*,#8524,.T.);
#8571=ORIENTED_EDGE('',*,*,#8570,.F.);
#8572=ORIENTED_EDGE('',*,*,#8520,.F.);
#8573=EDGE_LOOP('',(#8568,#8569,#8571,#8572));
#8574=FACE_OUTER_BOUND('',#8573,.F.);
#8575=ADVANCED_FACE('',(#8574),#8567,.T.);
#8576=CARTESIAN_POINT('',(-1.3875E1,-6.9875E0,0.E0));
#8577=DIRECTION('',(0.E0,1.E0,0.E0));
#8578=DIRECTION('',(1.E0,0.E0,0.E0));
#8579=AXIS2_PLACEMENT_3D('',#8576,#8577,#8578);
#8580=CYLINDRICAL_SURFACE('',#8579,5.7E-1);
#8581=ORIENTED_EDGE('',*,*,#8496,.T.);
#8582=ORIENTED_EDGE('',*,*,#8539,.F.);
#8584=ORIENTED_EDGE('',*,*,#8583,.T.);
#8585=ORIENTED_EDGE('',*,*,#8535,.T.);
#8586=EDGE_LOOP('',(#8581,#8582,#8584,#8585));
#8587=FACE_OUTER_BOUND('',#8586,.F.);
#8588=ADVANCED_FACE('',(#8587),#8580,.T.);
#8589=CARTESIAN_POINT('',(-1.3875E1,1.257E1,0.E0));
#8590=DIRECTION('',(0.E0,-1.E0,0.E0));
#8591=DIRECTION('',(-1.E0,0.E0,0.E0));
#8592=AXIS2_PLACEMENT_3D('',#8589,#8590,#8591);
#8593=CONICAL_SURFACE('',#8592,4.E-1,2.090798047101E1);
#8595=ORIENTED_EDGE('',*,*,#8594,.F.);
#8596=ORIENTED_EDGE('',*,*,#8570,.T.);
#8598=ORIENTED_EDGE('',*,*,#8597,.T.);
#8600=ORIENTED_EDGE('',*,*,#8599,.F.);
#8601=EDGE_LOOP('',(#8595,#8596,#8598,#8600));
#8602=FACE_OUTER_BOUND('',#8601,.F.);
#8603=ADVANCED_FACE('',(#8602),#8593,.T.);
#8604=CARTESIAN_POINT('',(-1.3875E1,1.257E1,0.E0));
#8605=DIRECTION('',(0.E0,-1.E0,0.E0));
#8606=DIRECTION('',(-1.E0,0.E0,0.E0));
#8607=AXIS2_PLACEMENT_3D('',#8604,#8605,#8606);
#8608=CONICAL_SURFACE('',#8607,4.E-1,2.090798047101E1);
#8609=ORIENTED_EDGE('',*,*,#8594,.T.);
#8611=ORIENTED_EDGE('',*,*,#8610,.T.);
#8612=ORIENTED_EDGE('',*,*,#8597,.F.);
#8613=ORIENTED_EDGE('',*,*,#8522,.F.);
#8614=EDGE_LOOP('',(#8609,#8611,#8612,#8613));
#8615=FACE_OUTER_BOUND('',#8614,.F.);
#8616=ADVANCED_FACE('',(#8615),#8608,.T.);
#8617=CARTESIAN_POINT('',(-1.3875E1,1.3015E1,0.E0));
#8618=DIRECTION('',(0.E0,1.E0,0.E0));
#8619=DIRECTION('',(1.E0,0.E0,0.E0));
#8620=AXIS2_PLACEMENT_3D('',#8617,#8618,#8619);
#8621=PLANE('',#8620);
#8622=ORIENTED_EDGE('',*,*,#8599,.T.);
#8623=ORIENTED_EDGE('',*,*,#8610,.F.);
#8624=EDGE_LOOP('',(#8622,#8623));
#8625=FACE_OUTER_BOUND('',#8624,.F.);
#8626=ADVANCED_FACE('',(#8625),#8621,.T.);
#8627=CARTESIAN_POINT('',(-1.3875E1,-5.59E0,0.E0));
#8628=DIRECTION('',(0.E0,1.E0,0.E0));
#8629=DIRECTION('',(1.E0,0.E0,0.E0));
#8630=AXIS2_PLACEMENT_3D('',#8627,#8628,#8629);
#8631=CONICAL_SURFACE('',#8630,4.E-1,2.090798047101E1);
#8633=ORIENTED_EDGE('',*,*,#8632,.F.);
#8635=ORIENTED_EDGE('',*,*,#8634,.T.);
#8637=ORIENTED_EDGE('',*,*,#8636,.T.);
#8638=ORIENTED_EDGE('',*,*,#8583,.F.);
#8639=EDGE_LOOP('',(#8633,#8635,#8637,#8638));
#8640=FACE_OUTER_BOUND('',#8639,.F.);
#8641=ADVANCED_FACE('',(#8640),#8631,.T.);
#8642=CARTESIAN_POINT('',(-1.3875E1,-5.59E0,0.E0));
#8643=DIRECTION('',(0.E0,1.E0,0.E0));
#8644=DIRECTION('',(1.E0,0.E0,0.E0));
#8645=AXIS2_PLACEMENT_3D('',#8642,#8643,#8644);
#8646=CONICAL_SURFACE('',#8645,4.E-1,2.090798047101E1);
#8647=ORIENTED_EDGE('',*,*,#8632,.T.);
#8648=ORIENTED_EDGE('',*,*,#8537,.T.);
#8649=ORIENTED_EDGE('',*,*,#8636,.F.);
#8651=ORIENTED_EDGE('',*,*,#8650,.F.);
#8652=EDGE_LOOP('',(#8647,#8648,#8649,#8651));
#8653=FACE_OUTER_BOUND('',#8652,.F.);
#8654=ADVANCED_FACE('',(#8653),#8646,.T.);
#8655=CARTESIAN_POINT('',(-1.3875E1,-6.035E0,0.E0));
#8656=DIRECTION('',(0.E0,1.E0,0.E0));
#8657=DIRECTION('',(1.E0,0.E0,0.E0));
#8658=AXIS2_PLACEMENT_3D('',#8655,#8656,#8657);
#8659=PLANE('',#8658);
#8660=ORIENTED_EDGE('',*,*,#8634,.F.);
#8661=ORIENTED_EDGE('',*,*,#8650,.T.);
#8662=EDGE_LOOP('',(#8660,#8661));
#8663=FACE_OUTER_BOUND('',#8662,.F.);
#8664=ADVANCED_FACE('',(#8663),#8659,.F.);
#8665=CARTESIAN_POINT('',(-1.2785E1,1.205E0,3.47E0));
#8666=DIRECTION('',(1.E0,0.E0,0.E0));
#8667=DIRECTION('',(0.E0,1.E0,0.E0));
#8668=AXIS2_PLACEMENT_3D('',#8665,#8666,#8667);
#8669=PLANE('',#8668);
#8670=ORIENTED_EDGE('',*,*,#5313,.T.);
#8671=ORIENTED_EDGE('',*,*,#5025,.T.);
#8672=ORIENTED_EDGE('',*,*,#6200,.T.);
#8673=ORIENTED_EDGE('',*,*,#8550,.T.);
#8674=EDGE_LOOP('',(#8670,#8671,#8672,#8673));
#8675=FACE_OUTER_BOUND('',#8674,.F.);
#8676=ADVANCED_FACE('',(#8675),#8669,.F.);
#8677=CARTESIAN_POINT('',(-1.4965E1,1.585E0,3.47E0));
#8678=DIRECTION('',(-1.E0,0.E0,0.E0));
#8679=DIRECTION('',(0.E0,-1.E0,0.E0));
#8680=AXIS2_PLACEMENT_3D('',#8677,#8678,#8679);
#8681=PLANE('',#8680);
#8682=ORIENTED_EDGE('',*,*,#5317,.T.);
#8683=ORIENTED_EDGE('',*,*,#8553,.F.);
#8684=ORIENTED_EDGE('',*,*,#6196,.F.);
#8685=ORIENTED_EDGE('',*,*,#5138,.F.);
#8686=EDGE_LOOP('',(#8682,#8683,#8684,#8685));
#8687=FACE_OUTER_BOUND('',#8686,.F.);
#8688=ADVANCED_FACE('',(#8687),#8681,.F.);
#8689=CARTESIAN_POINT('',(-1.6745E1,-1.585E0,3.47E0));
#8690=DIRECTION('',(1.E0,0.E0,0.E0));
#8691=DIRECTION('',(0.E0,1.E0,0.E0));
#8692=AXIS2_PLACEMENT_3D('',#8689,#8690,#8691);
#8693=PLANE('',#8692);
#8694=ORIENTED_EDGE('',*,*,#4738,.T.);
#8696=ORIENTED_EDGE('',*,*,#8695,.F.);
#8697=ORIENTED_EDGE('',*,*,#6153,.F.);
#8698=ORIENTED_EDGE('',*,*,#5767,.F.);
#8699=EDGE_LOOP('',(#8694,#8696,#8697,#8698));
#8700=FACE_OUTER_BOUND('',#8699,.F.);
#8701=ADVANCED_FACE('',(#8700),#8693,.F.);
#8702=CARTESIAN_POINT('',(-1.6745E1,-1.205E0,3.47E0));
#8703=DIRECTION('',(0.E0,1.E0,0.E0));
#8704=DIRECTION('',(-1.E0,0.E0,0.E0));
#8705=AXIS2_PLACEMENT_3D('',#8702,#8703,#8704);
#8706=PLANE('',#8705);
#8707=ORIENTED_EDGE('',*,*,#4736,.T.);
#8709=ORIENTED_EDGE('',*,*,#8708,.F.);
#8710=ORIENTED_EDGE('',*,*,#6155,.F.);
#8711=ORIENTED_EDGE('',*,*,#8695,.T.);
#8712=EDGE_LOOP('',(#8707,#8709,#8710,#8711));
#8713=FACE_OUTER_BOUND('',#8712,.F.);
#8715=ORIENTED_EDGE('',*,*,#8714,.F.);
#8717=ORIENTED_EDGE('',*,*,#8716,.F.);
#8718=EDGE_LOOP('',(#8715,#8717));
#8719=FACE_BOUND('',#8718,.F.);
#8720=ADVANCED_FACE('',(#8713,#8719),#8706,.F.);
#8721=CARTESIAN_POINT('',(-1.8925E1,-1.205E0,3.47E0));
#8722=DIRECTION('',(-1.E0,0.E0,0.E0));
#8723=DIRECTION('',(0.E0,-1.E0,0.E0));
#8724=AXIS2_PLACEMENT_3D('',#8721,#8722,#8723);
#8725=PLANE('',#8724);
#8726=ORIENTED_EDGE('',*,*,#4734,.F.);
#8727=ORIENTED_EDGE('',*,*,#5739,.T.);
#8728=ORIENTED_EDGE('',*,*,#6157,.T.);
#8729=ORIENTED_EDGE('',*,*,#8708,.T.);
#8730=EDGE_LOOP('',(#8726,#8727,#8728,#8729));
#8731=FACE_OUTER_BOUND('',#8730,.F.);
#8732=ADVANCED_FACE('',(#8731),#8725,.F.);
#8733=CARTESIAN_POINT('',(-1.7835E1,-6.9875E0,0.E0));
#8734=DIRECTION('',(0.E0,1.E0,0.E0));
#8735=DIRECTION('',(1.E0,0.E0,0.E0));
#8736=AXIS2_PLACEMENT_3D('',#8733,#8734,#8735);
#8737=CYLINDRICAL_SURFACE('',#8736,5.7E-1);
#8739=ORIENTED_EDGE('',*,*,#8738,.F.);
#8741=ORIENTED_EDGE('',*,*,#8740,.T.);
#8743=ORIENTED_EDGE('',*,*,#8742,.T.);
#8745=ORIENTED_EDGE('',*,*,#8744,.F.);
#8746=EDGE_LOOP('',(#8739,#8741,#8743,#8745));
#8747=FACE_OUTER_BOUND('',#8746,.F.);
#8748=ADVANCED_FACE('',(#8747),#8737,.T.);
#8749=CARTESIAN_POINT('',(-1.7835E1,-6.9875E0,0.E0));
#8750=DIRECTION('',(0.E0,1.E0,0.E0));
#8751=DIRECTION('',(1.E0,0.E0,0.E0));
#8752=AXIS2_PLACEMENT_3D('',#8749,#8750,#8751);
#8753=CYLINDRICAL_SURFACE('',#8752,5.7E-1);
#8754=ORIENTED_EDGE('',*,*,#8714,.T.);
#8756=ORIENTED_EDGE('',*,*,#8755,.F.);
#8758=ORIENTED_EDGE('',*,*,#8757,.F.);
#8760=ORIENTED_EDGE('',*,*,#8759,.T.);
#8761=EDGE_LOOP('',(#8754,#8756,#8758,#8760));
#8762=FACE_OUTER_BOUND('',#8761,.F.);
#8763=ADVANCED_FACE('',(#8762),#8753,.T.);
#8764=CARTESIAN_POINT('',(-1.8925E1,1.205E0,3.47E0));
#8765=DIRECTION('',(0.E0,-1.E0,0.E0));
#8766=DIRECTION('',(1.E0,0.E0,0.E0));
#8767=AXIS2_PLACEMENT_3D('',#8764,#8765,#8766);
#8768=PLANE('',#8767);
#8769=ORIENTED_EDGE('',*,*,#5265,.T.);
#8771=ORIENTED_EDGE('',*,*,#8770,.F.);
#8772=ORIENTED_EDGE('',*,*,#6191,.F.);
#8774=ORIENTED_EDGE('',*,*,#8773,.T.);
#8775=EDGE_LOOP('',(#8769,#8771,#8772,#8774));
#8776=FACE_OUTER_BOUND('',#8775,.F.);
#8777=ORIENTED_EDGE('',*,*,#8738,.T.);
#8779=ORIENTED_EDGE('',*,*,#8778,.T.);
#8780=EDGE_LOOP('',(#8777,#8779));
#8781=FACE_BOUND('',#8780,.F.);
#8782=ADVANCED_FACE('',(#8776,#8781),#8768,.F.);
#8783=CARTESIAN_POINT('',(-1.7835E1,-6.9875E0,0.E0));
#8784=DIRECTION('',(0.E0,1.E0,0.E0));
#8785=DIRECTION('',(1.E0,0.E0,0.E0));
#8786=AXIS2_PLACEMENT_3D('',#8783,#8784,#8785);
#8787=CYLINDRICAL_SURFACE('',#8786,5.7E-1);
#8788=ORIENTED_EDGE('',*,*,#8778,.F.);
#8789=ORIENTED_EDGE('',*,*,#8744,.T.);
#8791=ORIENTED_EDGE('',*,*,#8790,.F.);
#8792=ORIENTED_EDGE('',*,*,#8740,.F.);
#8793=EDGE_LOOP('',(#8788,#8789,#8791,#8792));
#8794=FACE_OUTER_BOUND('',#8793,.F.);
#8795=ADVANCED_FACE('',(#8794),#8787,.T.);
#8796=CARTESIAN_POINT('',(-1.7835E1,-6.9875E0,0.E0));
#8797=DIRECTION('',(0.E0,1.E0,0.E0));
#8798=DIRECTION('',(1.E0,0.E0,0.E0));
#8799=AXIS2_PLACEMENT_3D('',#8796,#8797,#8798);
#8800=CYLINDRICAL_SURFACE('',#8799,5.7E-1);
#8801=ORIENTED_EDGE('',*,*,#8716,.T.);
#8802=ORIENTED_EDGE('',*,*,#8759,.F.);
#8804=ORIENTED_EDGE('',*,*,#8803,.T.);
#8805=ORIENTED_EDGE('',*,*,#8755,.T.);
#8806=EDGE_LOOP('',(#8801,#8802,#8804,#8805));
#8807=FACE_OUTER_BOUND('',#8806,.F.);
#8808=ADVANCED_FACE('',(#8807),#8800,.T.);
#8809=CARTESIAN_POINT('',(-1.7835E1,1.257E1,0.E0));
#8810=DIRECTION('',(0.E0,-1.E0,0.E0));
#8811=DIRECTION('',(-1.E0,0.E0,0.E0));
#8812=AXIS2_PLACEMENT_3D('',#8809,#8810,#8811);
#8813=CONICAL_SURFACE('',#8812,4.E-1,2.090798047101E1);
#8815=ORIENTED_EDGE('',*,*,#8814,.F.);
#8816=ORIENTED_EDGE('',*,*,#8790,.T.);
#8818=ORIENTED_EDGE('',*,*,#8817,.T.);
#8820=ORIENTED_EDGE('',*,*,#8819,.F.);
#8821=EDGE_LOOP('',(#8815,#8816,#8818,#8820));
#8822=FACE_OUTER_BOUND('',#8821,.F.);
#8823=ADVANCED_FACE('',(#8822),#8813,.T.);
#8824=CARTESIAN_POINT('',(-1.7835E1,1.257E1,0.E0));
#8825=DIRECTION('',(0.E0,-1.E0,0.E0));
#8826=DIRECTION('',(-1.E0,0.E0,0.E0));
#8827=AXIS2_PLACEMENT_3D('',#8824,#8825,#8826);
#8828=CONICAL_SURFACE('',#8827,4.E-1,2.090798047101E1);
#8829=ORIENTED_EDGE('',*,*,#8814,.T.);
#8831=ORIENTED_EDGE('',*,*,#8830,.T.);
#8832=ORIENTED_EDGE('',*,*,#8817,.F.);
#8833=ORIENTED_EDGE('',*,*,#8742,.F.);
#8834=EDGE_LOOP('',(#8829,#8831,#8832,#8833));
#8835=FACE_OUTER_BOUND('',#8834,.F.);
#8836=ADVANCED_FACE('',(#8835),#8828,.T.);
#8837=CARTESIAN_POINT('',(-1.7835E1,1.3015E1,0.E0));
#8838=DIRECTION('',(0.E0,1.E0,0.E0));
#8839=DIRECTION('',(1.E0,0.E0,0.E0));
#8840=AXIS2_PLACEMENT_3D('',#8837,#8838,#8839);
#8841=PLANE('',#8840);
#8842=ORIENTED_EDGE('',*,*,#8819,.T.);
#8843=ORIENTED_EDGE('',*,*,#8830,.F.);
#8844=EDGE_LOOP('',(#8842,#8843));
#8845=FACE_OUTER_BOUND('',#8844,.F.);
#8846=ADVANCED_FACE('',(#8845),#8841,.T.);
#8847=CARTESIAN_POINT('',(-1.7835E1,-5.59E0,0.E0));
#8848=DIRECTION('',(0.E0,1.E0,0.E0));
#8849=DIRECTION('',(1.E0,0.E0,0.E0));
#8850=AXIS2_PLACEMENT_3D('',#8847,#8848,#8849);
#8851=CONICAL_SURFACE('',#8850,4.E-1,2.090798047101E1);
#8853=ORIENTED_EDGE('',*,*,#8852,.F.);
#8855=ORIENTED_EDGE('',*,*,#8854,.T.);
#8857=ORIENTED_EDGE('',*,*,#8856,.T.);
#8858=ORIENTED_EDGE('',*,*,#8803,.F.);
#8859=EDGE_LOOP('',(#8853,#8855,#8857,#8858));
#8860=FACE_OUTER_BOUND('',#8859,.F.);
#8861=ADVANCED_FACE('',(#8860),#8851,.T.);
#8862=CARTESIAN_POINT('',(-1.7835E1,-5.59E0,0.E0));
#8863=DIRECTION('',(0.E0,1.E0,0.E0));
#8864=DIRECTION('',(1.E0,0.E0,0.E0));
#8865=AXIS2_PLACEMENT_3D('',#8862,#8863,#8864);
#8866=CONICAL_SURFACE('',#8865,4.E-1,2.090798047101E1);
#8867=ORIENTED_EDGE('',*,*,#8852,.T.);
#8868=ORIENTED_EDGE('',*,*,#8757,.T.);
#8869=ORIENTED_EDGE('',*,*,#8856,.F.);
#8871=ORIENTED_EDGE('',*,*,#8870,.F.);
#8872=EDGE_LOOP('',(#8867,#8868,#8869,#8871));
#8873=FACE_OUTER_BOUND('',#8872,.F.);
#8874=ADVANCED_FACE('',(#8873),#8866,.T.);
#8875=CARTESIAN_POINT('',(-1.7835E1,-6.035E0,0.E0));
#8876=DIRECTION('',(0.E0,1.E0,0.E0));
#8877=DIRECTION('',(1.E0,0.E0,0.E0));
#8878=AXIS2_PLACEMENT_3D('',#8875,#8876,#8877);
#8879=PLANE('',#8878);
#8880=ORIENTED_EDGE('',*,*,#8854,.F.);
#8881=ORIENTED_EDGE('',*,*,#8870,.T.);
#8882=EDGE_LOOP('',(#8880,#8881));
#8883=FACE_OUTER_BOUND('',#8882,.F.);
#8884=ADVANCED_FACE('',(#8883),#8879,.F.);
#8885=CARTESIAN_POINT('',(-1.6745E1,1.205E0,3.47E0));
#8886=DIRECTION('',(1.E0,0.E0,0.E0));
#8887=DIRECTION('',(0.E0,1.E0,0.E0));
#8888=AXIS2_PLACEMENT_3D('',#8885,#8886,#8887);
#8889=PLANE('',#8888);
#8890=ORIENTED_EDGE('',*,*,#5263,.T.);
#8891=ORIENTED_EDGE('',*,*,#5142,.T.);
#8892=ORIENTED_EDGE('',*,*,#6193,.T.);
#8893=ORIENTED_EDGE('',*,*,#8770,.T.);
#8894=EDGE_LOOP('',(#8890,#8891,#8892,#8893));
#8895=FACE_OUTER_BOUND('',#8894,.F.);
#8896=ADVANCED_FACE('',(#8895),#8889,.F.);
#8897=CARTESIAN_POINT('',(-1.8925E1,1.585E0,3.47E0));
#8898=DIRECTION('',(-1.E0,0.E0,0.E0));
#8899=DIRECTION('',(0.E0,-1.E0,0.E0));
#8900=AXIS2_PLACEMENT_3D('',#8897,#8898,#8899);
#8901=PLANE('',#8900);
#8902=ORIENTED_EDGE('',*,*,#5267,.T.);
#8903=ORIENTED_EDGE('',*,*,#8773,.F.);
#8904=ORIENTED_EDGE('',*,*,#6189,.F.);
#8905=ORIENTED_EDGE('',*,*,#5003,.F.);
#8906=EDGE_LOOP('',(#8902,#8903,#8904,#8905));
#8907=FACE_OUTER_BOUND('',#8906,.F.);
#8908=ADVANCED_FACE('',(#8907),#8901,.F.);
#8909=CARTESIAN_POINT('',(-2.0705E1,-1.585E0,3.47E0));
#8910=DIRECTION('',(1.E0,0.E0,0.E0));
#8911=DIRECTION('',(0.E0,1.E0,0.E0));
#8912=AXIS2_PLACEMENT_3D('',#8909,#8910,#8911);
#8913=PLANE('',#8912);
#8914=ORIENTED_EDGE('',*,*,#4730,.T.);
#8916=ORIENTED_EDGE('',*,*,#8915,.F.);
#8917=ORIENTED_EDGE('',*,*,#6160,.F.);
#8918=ORIENTED_EDGE('',*,*,#5742,.F.);
#8919=EDGE_LOOP('',(#8914,#8916,#8917,#8918));
#8920=FACE_OUTER_BOUND('',#8919,.F.);
#8921=ADVANCED_FACE('',(#8920),#8913,.F.);
#8922=CARTESIAN_POINT('',(-2.0705E1,-1.205E0,3.47E0));
#8923=DIRECTION('',(0.E0,1.E0,0.E0));
#8924=DIRECTION('',(-1.E0,0.E0,0.E0));
#8925=AXIS2_PLACEMENT_3D('',#8922,#8923,#8924);
#8926=PLANE('',#8925);
#8927=ORIENTED_EDGE('',*,*,#4728,.T.);
#8929=ORIENTED_EDGE('',*,*,#8928,.F.);
#8930=ORIENTED_EDGE('',*,*,#6162,.F.);
#8931=ORIENTED_EDGE('',*,*,#8915,.T.);
#8932=EDGE_LOOP('',(#8927,#8929,#8930,#8931));
#8933=FACE_OUTER_BOUND('',#8932,.F.);
#8935=ORIENTED_EDGE('',*,*,#8934,.F.);
#8937=ORIENTED_EDGE('',*,*,#8936,.F.);
#8938=EDGE_LOOP('',(#8935,#8937));
#8939=FACE_BOUND('',#8938,.F.);
#8940=ADVANCED_FACE('',(#8933,#8939),#8926,.F.);
#8941=CARTESIAN_POINT('',(-2.2885E1,-1.205E0,3.47E0));
#8942=DIRECTION('',(-1.E0,0.E0,0.E0));
#8943=DIRECTION('',(0.E0,-1.E0,0.E0));
#8944=AXIS2_PLACEMENT_3D('',#8941,#8942,#8943);
#8945=PLANE('',#8944);
#8946=ORIENTED_EDGE('',*,*,#4726,.F.);
#8947=ORIENTED_EDGE('',*,*,#5714,.T.);
#8948=ORIENTED_EDGE('',*,*,#6164,.T.);
#8949=ORIENTED_EDGE('',*,*,#8928,.T.);
#8950=EDGE_LOOP('',(#8946,#8947,#8948,#8949));
#8951=FACE_OUTER_BOUND('',#8950,.F.);
#8952=ADVANCED_FACE('',(#8951),#8945,.F.);
#8953=CARTESIAN_POINT('',(-2.1795E1,-6.9875E0,0.E0));
#8954=DIRECTION('',(0.E0,1.E0,0.E0));
#8955=DIRECTION('',(1.E0,0.E0,0.E0));
#8956=AXIS2_PLACEMENT_3D('',#8953,#8954,#8955);
#8957=CYLINDRICAL_SURFACE('',#8956,5.7E-1);
#8959=ORIENTED_EDGE('',*,*,#8958,.F.);
#8961=ORIENTED_EDGE('',*,*,#8960,.T.);
#8963=ORIENTED_EDGE('',*,*,#8962,.T.);
#8965=ORIENTED_EDGE('',*,*,#8964,.F.);
#8966=EDGE_LOOP('',(#8959,#8961,#8963,#8965));
#8967=FACE_OUTER_BOUND('',#8966,.F.);
#8968=ADVANCED_FACE('',(#8967),#8957,.T.);
#8969=CARTESIAN_POINT('',(-2.1795E1,-6.9875E0,0.E0));
#8970=DIRECTION('',(0.E0,1.E0,0.E0));
#8971=DIRECTION('',(1.E0,0.E0,0.E0));
#8972=AXIS2_PLACEMENT_3D('',#8969,#8970,#8971);
#8973=CYLINDRICAL_SURFACE('',#8972,5.7E-1);
#8974=ORIENTED_EDGE('',*,*,#8934,.T.);
#8976=ORIENTED_EDGE('',*,*,#8975,.F.);
#8978=ORIENTED_EDGE('',*,*,#8977,.F.);
#8980=ORIENTED_EDGE('',*,*,#8979,.T.);
#8981=EDGE_LOOP('',(#8974,#8976,#8978,#8980));
#8982=FACE_OUTER_BOUND('',#8981,.F.);
#8983=ADVANCED_FACE('',(#8982),#8973,.T.);
#8984=CARTESIAN_POINT('',(-2.2885E1,1.205E0,3.47E0));
#8985=DIRECTION('',(0.E0,-1.E0,0.E0));
#8986=DIRECTION('',(1.E0,0.E0,0.E0));
#8987=AXIS2_PLACEMENT_3D('',#8984,#8985,#8986);
#8988=PLANE('',#8987);
#8989=ORIENTED_EDGE('',*,*,#5272,.T.);
#8991=ORIENTED_EDGE('',*,*,#8990,.F.);
#8992=ORIENTED_EDGE('',*,*,#6184,.F.);
#8994=ORIENTED_EDGE('',*,*,#8993,.T.);
#8995=EDGE_LOOP('',(#8989,#8991,#8992,#8994));
#8996=FACE_OUTER_BOUND('',#8995,.F.);
#8997=ORIENTED_EDGE('',*,*,#8958,.T.);
#8999=ORIENTED_EDGE('',*,*,#8998,.T.);
#9000=EDGE_LOOP('',(#8997,#8999));
#9001=FACE_BOUND('',#9000,.F.);
#9002=ADVANCED_FACE('',(#8996,#9001),#8988,.F.);
#9003=CARTESIAN_POINT('',(-2.1795E1,-6.9875E0,0.E0));
#9004=DIRECTION('',(0.E0,1.E0,0.E0));
#9005=DIRECTION('',(1.E0,0.E0,0.E0));
#9006=AXIS2_PLACEMENT_3D('',#9003,#9004,#9005);
#9007=CYLINDRICAL_SURFACE('',#9006,5.7E-1);
#9008=ORIENTED_EDGE('',*,*,#8998,.F.);
#9009=ORIENTED_EDGE('',*,*,#8964,.T.);
#9011=ORIENTED_EDGE('',*,*,#9010,.F.);
#9012=ORIENTED_EDGE('',*,*,#8960,.F.);
#9013=EDGE_LOOP('',(#9008,#9009,#9011,#9012));
#9014=FACE_OUTER_BOUND('',#9013,.F.);
#9015=ADVANCED_FACE('',(#9014),#9007,.T.);
#9016=CARTESIAN_POINT('',(-2.1795E1,-6.9875E0,0.E0));
#9017=DIRECTION('',(0.E0,1.E0,0.E0));
#9018=DIRECTION('',(1.E0,0.E0,0.E0));
#9019=AXIS2_PLACEMENT_3D('',#9016,#9017,#9018);
#9020=CYLINDRICAL_SURFACE('',#9019,5.7E-1);
#9021=ORIENTED_EDGE('',*,*,#8936,.T.);
#9022=ORIENTED_EDGE('',*,*,#8979,.F.);
#9024=ORIENTED_EDGE('',*,*,#9023,.T.);
#9025=ORIENTED_EDGE('',*,*,#8975,.T.);
#9026=EDGE_LOOP('',(#9021,#9022,#9024,#9025));
#9027=FACE_OUTER_BOUND('',#9026,.F.);
#9028=ADVANCED_FACE('',(#9027),#9020,.T.);
#9029=CARTESIAN_POINT('',(-2.1795E1,1.257E1,0.E0));
#9030=DIRECTION('',(0.E0,-1.E0,0.E0));
#9031=DIRECTION('',(-1.E0,0.E0,0.E0));
#9032=AXIS2_PLACEMENT_3D('',#9029,#9030,#9031);
#9033=CONICAL_SURFACE('',#9032,4.E-1,2.090798047101E1);
#9035=ORIENTED_EDGE('',*,*,#9034,.F.);
#9036=ORIENTED_EDGE('',*,*,#9010,.T.);
#9038=ORIENTED_EDGE('',*,*,#9037,.T.);
#9040=ORIENTED_EDGE('',*,*,#9039,.F.);
#9041=EDGE_LOOP('',(#9035,#9036,#9038,#9040));
#9042=FACE_OUTER_BOUND('',#9041,.F.);
#9043=ADVANCED_FACE('',(#9042),#9033,.T.);
#9044=CARTESIAN_POINT('',(-2.1795E1,1.257E1,0.E0));
#9045=DIRECTION('',(0.E0,-1.E0,0.E0));
#9046=DIRECTION('',(-1.E0,0.E0,0.E0));
#9047=AXIS2_PLACEMENT_3D('',#9044,#9045,#9046);
#9048=CONICAL_SURFACE('',#9047,4.E-1,2.090798047101E1);
#9049=ORIENTED_EDGE('',*,*,#9034,.T.);
#9051=ORIENTED_EDGE('',*,*,#9050,.T.);
#9052=ORIENTED_EDGE('',*,*,#9037,.F.);
#9053=ORIENTED_EDGE('',*,*,#8962,.F.);
#9054=EDGE_LOOP('',(#9049,#9051,#9052,#9053));
#9055=FACE_OUTER_BOUND('',#9054,.F.);
#9056=ADVANCED_FACE('',(#9055),#9048,.T.);
#9057=CARTESIAN_POINT('',(-2.1795E1,1.3015E1,0.E0));
#9058=DIRECTION('',(0.E0,1.E0,0.E0));
#9059=DIRECTION('',(1.E0,0.E0,0.E0));
#9060=AXIS2_PLACEMENT_3D('',#9057,#9058,#9059);
#9061=PLANE('',#9060);
#9062=ORIENTED_EDGE('',*,*,#9039,.T.);
#9063=ORIENTED_EDGE('',*,*,#9050,.F.);
#9064=EDGE_LOOP('',(#9062,#9063));
#9065=FACE_OUTER_BOUND('',#9064,.F.);
#9066=ADVANCED_FACE('',(#9065),#9061,.T.);
#9067=CARTESIAN_POINT('',(-2.1795E1,-5.59E0,0.E0));
#9068=DIRECTION('',(0.E0,1.E0,0.E0));
#9069=DIRECTION('',(1.E0,0.E0,0.E0));
#9070=AXIS2_PLACEMENT_3D('',#9067,#9068,#9069);
#9071=CONICAL_SURFACE('',#9070,4.E-1,2.090798047101E1);
#9073=ORIENTED_EDGE('',*,*,#9072,.F.);
#9075=ORIENTED_EDGE('',*,*,#9074,.T.);
#9077=ORIENTED_EDGE('',*,*,#9076,.T.);
#9078=ORIENTED_EDGE('',*,*,#9023,.F.);
#9079=EDGE_LOOP('',(#9073,#9075,#9077,#9078));
#9080=FACE_OUTER_BOUND('',#9079,.F.);
#9081=ADVANCED_FACE('',(#9080),#9071,.T.);
#9082=CARTESIAN_POINT('',(-2.1795E1,-5.59E0,0.E0));
#9083=DIRECTION('',(0.E0,1.E0,0.E0));
#9084=DIRECTION('',(1.E0,0.E0,0.E0));
#9085=AXIS2_PLACEMENT_3D('',#9082,#9083,#9084);
#9086=CONICAL_SURFACE('',#9085,4.E-1,2.090798047101E1);
#9087=ORIENTED_EDGE('',*,*,#9072,.T.);
#9088=ORIENTED_EDGE('',*,*,#8977,.T.);
#9089=ORIENTED_EDGE('',*,*,#9076,.F.);
#9091=ORIENTED_EDGE('',*,*,#9090,.F.);
#9092=EDGE_LOOP('',(#9087,#9088,#9089,#9091));
#9093=FACE_OUTER_BOUND('',#9092,.F.);
#9094=ADVANCED_FACE('',(#9093),#9086,.T.);
#9095=CARTESIAN_POINT('',(-2.1795E1,-6.035E0,0.E0));
#9096=DIRECTION('',(0.E0,1.E0,0.E0));
#9097=DIRECTION('',(1.E0,0.E0,0.E0));
#9098=AXIS2_PLACEMENT_3D('',#9095,#9096,#9097);
#9099=PLANE('',#9098);
#9100=ORIENTED_EDGE('',*,*,#9074,.F.);
#9101=ORIENTED_EDGE('',*,*,#9090,.T.);
#9102=EDGE_LOOP('',(#9100,#9101));
#9103=FACE_OUTER_BOUND('',#9102,.F.);
#9104=ADVANCED_FACE('',(#9103),#9099,.F.);
#9105=CARTESIAN_POINT('',(-2.0705E1,1.205E0,3.47E0));
#9106=DIRECTION('',(1.E0,0.E0,0.E0));
#9107=DIRECTION('',(0.E0,1.E0,0.E0));
#9108=AXIS2_PLACEMENT_3D('',#9105,#9106,#9107);
#9109=PLANE('',#9108);
#9110=ORIENTED_EDGE('',*,*,#5270,.T.);
#9111=ORIENTED_EDGE('',*,*,#4999,.T.);
#9112=ORIENTED_EDGE('',*,*,#6186,.T.);
#9113=ORIENTED_EDGE('',*,*,#8990,.T.);
#9114=EDGE_LOOP('',(#9110,#9111,#9112,#9113));
#9115=FACE_OUTER_BOUND('',#9114,.F.);
#9116=ADVANCED_FACE('',(#9115),#9109,.F.);
#9117=CARTESIAN_POINT('',(-2.2885E1,1.585E0,3.47E0));
#9118=DIRECTION('',(-1.E0,0.E0,0.E0));
#9119=DIRECTION('',(0.E0,-1.E0,0.E0));
#9120=AXIS2_PLACEMENT_3D('',#9117,#9118,#9119);
#9121=PLANE('',#9120);
#9122=ORIENTED_EDGE('',*,*,#5274,.T.);
#9123=ORIENTED_EDGE('',*,*,#8993,.F.);
#9124=ORIENTED_EDGE('',*,*,#6182,.F.);
#9125=ORIENTED_EDGE('',*,*,#4925,.F.);
#9126=EDGE_LOOP('',(#9122,#9123,#9124,#9125));
#9127=FACE_OUTER_BOUND('',#9126,.F.);
#9128=ADVANCED_FACE('',(#9127),#9121,.F.);
#9129=CARTESIAN_POINT('',(-2.4665E1,-1.585E0,3.47E0));
#9130=DIRECTION('',(1.E0,0.E0,0.E0));
#9131=DIRECTION('',(0.E0,1.E0,0.E0));
#9132=AXIS2_PLACEMENT_3D('',#9129,#9130,#9131);
#9133=PLANE('',#9132);
#9134=ORIENTED_EDGE('',*,*,#4722,.T.);
#9136=ORIENTED_EDGE('',*,*,#9135,.F.);
#9137=ORIENTED_EDGE('',*,*,#6167,.F.);
#9138=ORIENTED_EDGE('',*,*,#5717,.F.);
#9139=EDGE_LOOP('',(#9134,#9136,#9137,#9138));
#9140=FACE_OUTER_BOUND('',#9139,.F.);
#9141=ADVANCED_FACE('',(#9140),#9133,.F.);
#9142=CARTESIAN_POINT('',(-2.4665E1,-1.205E0,3.47E0));
#9143=DIRECTION('',(0.E0,1.E0,0.E0));
#9144=DIRECTION('',(-1.E0,0.E0,0.E0));
#9145=AXIS2_PLACEMENT_3D('',#9142,#9143,#9144);
#9146=PLANE('',#9145);
#9147=ORIENTED_EDGE('',*,*,#4720,.T.);
#9148=ORIENTED_EDGE('',*,*,#6057,.F.);
#9149=ORIENTED_EDGE('',*,*,#6169,.F.);
#9150=ORIENTED_EDGE('',*,*,#9135,.T.);
#9151=EDGE_LOOP('',(#9147,#9148,#9149,#9150));
#9152=FACE_OUTER_BOUND('',#9151,.F.);
#9154=ORIENTED_EDGE('',*,*,#9153,.F.);
#9156=ORIENTED_EDGE('',*,*,#9155,.F.);
#9157=EDGE_LOOP('',(#9154,#9156));
#9158=FACE_BOUND('',#9157,.F.);
#9159=ADVANCED_FACE('',(#9152,#9158),#9146,.F.);
#9160=CARTESIAN_POINT('',(-2.5755E1,-6.9875E0,0.E0));
#9161=DIRECTION('',(0.E0,1.E0,0.E0));
#9162=DIRECTION('',(1.E0,0.E0,0.E0));
#9163=AXIS2_PLACEMENT_3D('',#9160,#9161,#9162);
#9164=CYLINDRICAL_SURFACE('',#9163,5.7E-1);
#9166=ORIENTED_EDGE('',*,*,#9165,.F.);
#9168=ORIENTED_EDGE('',*,*,#9167,.T.);
#9170=ORIENTED_EDGE('',*,*,#9169,.T.);
#9172=ORIENTED_EDGE('',*,*,#9171,.F.);
#9173=EDGE_LOOP('',(#9166,#9168,#9170,#9172));
#9174=FACE_OUTER_BOUND('',#9173,.F.);
#9175=ADVANCED_FACE('',(#9174),#9164,.T.);
#9176=CARTESIAN_POINT('',(-2.5755E1,-6.9875E0,0.E0));
#9177=DIRECTION('',(0.E0,1.E0,0.E0));
#9178=DIRECTION('',(1.E0,0.E0,0.E0));
#9179=AXIS2_PLACEMENT_3D('',#9176,#9177,#9178);
#9180=CYLINDRICAL_SURFACE('',#9179,5.7E-1);
#9181=ORIENTED_EDGE('',*,*,#9153,.T.);
#9183=ORIENTED_EDGE('',*,*,#9182,.F.);
#9185=ORIENTED_EDGE('',*,*,#9184,.F.);
#9187=ORIENTED_EDGE('',*,*,#9186,.T.);
#9188=EDGE_LOOP('',(#9181,#9183,#9185,#9187));
#9189=FACE_OUTER_BOUND('',#9188,.F.);
#9190=ADVANCED_FACE('',(#9189),#9180,.T.);
#9191=CARTESIAN_POINT('',(-2.6845E1,1.205E0,3.47E0));
#9192=DIRECTION('',(0.E0,-1.E0,0.E0));
#9193=DIRECTION('',(1.E0,0.E0,0.E0));
#9194=AXIS2_PLACEMENT_3D('',#9191,#9192,#9193);
#9195=PLANE('',#9194);
#9196=ORIENTED_EDGE('',*,*,#5279,.T.);
#9198=ORIENTED_EDGE('',*,*,#9197,.F.);
#9199=ORIENTED_EDGE('',*,*,#6177,.F.);
#9201=ORIENTED_EDGE('',*,*,#9200,.T.);
#9202=EDGE_LOOP('',(#9196,#9198,#9199,#9201));
#9203=FACE_OUTER_BOUND('',#9202,.F.);
#9204=ORIENTED_EDGE('',*,*,#9165,.T.);
#9206=ORIENTED_EDGE('',*,*,#9205,.T.);
#9207=EDGE_LOOP('',(#9204,#9206));
#9208=FACE_BOUND('',#9207,.F.);
#9209=ADVANCED_FACE('',(#9203,#9208),#9195,.F.);
#9210=CARTESIAN_POINT('',(-2.5755E1,-6.9875E0,0.E0));
#9211=DIRECTION('',(0.E0,1.E0,0.E0));
#9212=DIRECTION('',(1.E0,0.E0,0.E0));
#9213=AXIS2_PLACEMENT_3D('',#9210,#9211,#9212);
#9214=CYLINDRICAL_SURFACE('',#9213,5.7E-1);
#9215=ORIENTED_EDGE('',*,*,#9205,.F.);
#9216=ORIENTED_EDGE('',*,*,#9171,.T.);
#9218=ORIENTED_EDGE('',*,*,#9217,.F.);
#9219=ORIENTED_EDGE('',*,*,#9167,.F.);
#9220=EDGE_LOOP('',(#9215,#9216,#9218,#9219));
#9221=FACE_OUTER_BOUND('',#9220,.F.);
#9222=ADVANCED_FACE('',(#9221),#9214,.T.);
#9223=CARTESIAN_POINT('',(-2.5755E1,-6.9875E0,0.E0));
#9224=DIRECTION('',(0.E0,1.E0,0.E0));
#9225=DIRECTION('',(1.E0,0.E0,0.E0));
#9226=AXIS2_PLACEMENT_3D('',#9223,#9224,#9225);
#9227=CYLINDRICAL_SURFACE('',#9226,5.7E-1);
#9228=ORIENTED_EDGE('',*,*,#9155,.T.);
#9229=ORIENTED_EDGE('',*,*,#9186,.F.);
#9231=ORIENTED_EDGE('',*,*,#9230,.T.);
#9232=ORIENTED_EDGE('',*,*,#9182,.T.);
#9233=EDGE_LOOP('',(#9228,#9229,#9231,#9232));
#9234=FACE_OUTER_BOUND('',#9233,.F.);
#9235=ADVANCED_FACE('',(#9234),#9227,.T.);
#9236=CARTESIAN_POINT('',(-2.5755E1,1.257E1,0.E0));
#9237=DIRECTION('',(0.E0,-1.E0,0.E0));
#9238=DIRECTION('',(-1.E0,0.E0,0.E0));
#9239=AXIS2_PLACEMENT_3D('',#9236,#9237,#9238);
#9240=CONICAL_SURFACE('',#9239,4.E-1,2.090798047101E1);
#9242=ORIENTED_EDGE('',*,*,#9241,.F.);
#9243=ORIENTED_EDGE('',*,*,#9217,.T.);
#9245=ORIENTED_EDGE('',*,*,#9244,.T.);
#9247=ORIENTED_EDGE('',*,*,#9246,.F.);
#9248=EDGE_LOOP('',(#9242,#9243,#9245,#9247));
#9249=FACE_OUTER_BOUND('',#9248,.F.);
#9250=ADVANCED_FACE('',(#9249),#9240,.T.);
#9251=CARTESIAN_POINT('',(-2.5755E1,1.257E1,0.E0));
#9252=DIRECTION('',(0.E0,-1.E0,0.E0));
#9253=DIRECTION('',(-1.E0,0.E0,0.E0));
#9254=AXIS2_PLACEMENT_3D('',#9251,#9252,#9253);
#9255=CONICAL_SURFACE('',#9254,4.E-1,2.090798047101E1);
#9256=ORIENTED_EDGE('',*,*,#9241,.T.);
#9258=ORIENTED_EDGE('',*,*,#9257,.T.);
#9259=ORIENTED_EDGE('',*,*,#9244,.F.);
#9260=ORIENTED_EDGE('',*,*,#9169,.F.);
#9261=EDGE_LOOP('',(#9256,#9258,#9259,#9260));
#9262=FACE_OUTER_BOUND('',#9261,.F.);
#9263=ADVANCED_FACE('',(#9262),#9255,.T.);
#9264=CARTESIAN_POINT('',(-2.5755E1,1.3015E1,0.E0));
#9265=DIRECTION('',(0.E0,1.E0,0.E0));
#9266=DIRECTION('',(1.E0,0.E0,0.E0));
#9267=AXIS2_PLACEMENT_3D('',#9264,#9265,#9266);
#9268=PLANE('',#9267);
#9269=ORIENTED_EDGE('',*,*,#9246,.T.);
#9270=ORIENTED_EDGE('',*,*,#9257,.F.);
#9271=EDGE_LOOP('',(#9269,#9270));
#9272=FACE_OUTER_BOUND('',#9271,.F.);
#9273=ADVANCED_FACE('',(#9272),#9268,.T.);
#9274=CARTESIAN_POINT('',(-2.5755E1,-5.59E0,0.E0));
#9275=DIRECTION('',(0.E0,1.E0,0.E0));
#9276=DIRECTION('',(1.E0,0.E0,0.E0));
#9277=AXIS2_PLACEMENT_3D('',#9274,#9275,#9276);
#9278=CONICAL_SURFACE('',#9277,4.E-1,2.090798047101E1);
#9280=ORIENTED_EDGE('',*,*,#9279,.F.);
#9282=ORIENTED_EDGE('',*,*,#9281,.T.);
#9284=ORIENTED_EDGE('',*,*,#9283,.T.);
#9285=ORIENTED_EDGE('',*,*,#9230,.F.);
#9286=EDGE_LOOP('',(#9280,#9282,#9284,#9285));
#9287=FACE_OUTER_BOUND('',#9286,.F.);
#9288=ADVANCED_FACE('',(#9287),#9278,.T.);
#9289=CARTESIAN_POINT('',(-2.5755E1,-5.59E0,0.E0));
#9290=DIRECTION('',(0.E0,1.E0,0.E0));
#9291=DIRECTION('',(1.E0,0.E0,0.E0));
#9292=AXIS2_PLACEMENT_3D('',#9289,#9290,#9291);
#9293=CONICAL_SURFACE('',#9292,4.E-1,2.090798047101E1);
#9294=ORIENTED_EDGE('',*,*,#9279,.T.);
#9295=ORIENTED_EDGE('',*,*,#9184,.T.);
#9296=ORIENTED_EDGE('',*,*,#9283,.F.);
#9298=ORIENTED_EDGE('',*,*,#9297,.F.);
#9299=EDGE_LOOP('',(#9294,#9295,#9296,#9298));
#9300=FACE_OUTER_BOUND('',#9299,.F.);
#9301=ADVANCED_FACE('',(#9300),#9293,.T.);
#9302=CARTESIAN_POINT('',(-2.5755E1,-6.035E0,0.E0));
#9303=DIRECTION('',(0.E0,1.E0,0.E0));
#9304=DIRECTION('',(1.E0,0.E0,0.E0));
#9305=AXIS2_PLACEMENT_3D('',#9302,#9303,#9304);
#9306=PLANE('',#9305);
#9307=ORIENTED_EDGE('',*,*,#9281,.F.);
#9308=ORIENTED_EDGE('',*,*,#9297,.T.);
#9309=EDGE_LOOP('',(#9307,#9308));
#9310=FACE_OUTER_BOUND('',#9309,.F.);
#9311=ADVANCED_FACE('',(#9310),#9306,.F.);
#9312=CARTESIAN_POINT('',(-2.4665E1,1.205E0,3.47E0));
#9313=DIRECTION('',(1.E0,0.E0,0.E0));
#9314=DIRECTION('',(0.E0,1.E0,0.E0));
#9315=AXIS2_PLACEMENT_3D('',#9312,#9313,#9314);
#9316=PLANE('',#9315);
#9317=ORIENTED_EDGE('',*,*,#4921,.T.);
#9318=ORIENTED_EDGE('',*,*,#6179,.T.);
#9319=ORIENTED_EDGE('',*,*,#9197,.T.);
#9320=ORIENTED_EDGE('',*,*,#5277,.T.);
#9321=EDGE_LOOP('',(#9317,#9318,#9319,#9320));
#9322=FACE_OUTER_BOUND('',#9321,.F.);
#9323=ADVANCED_FACE('',(#9322),#9316,.F.);
#9324=CARTESIAN_POINT('',(-2.6845E1,1.585E0,3.47E0));
#9325=DIRECTION('',(-1.E0,0.E0,0.E0));
#9326=DIRECTION('',(0.E0,-1.E0,0.E0));
#9327=AXIS2_PLACEMENT_3D('',#9324,#9325,#9326);
#9328=PLANE('',#9327);
#9329=ORIENTED_EDGE('',*,*,#4883,.F.);
#9330=ORIENTED_EDGE('',*,*,#5281,.T.);
#9331=ORIENTED_EDGE('',*,*,#9200,.F.);
#9332=ORIENTED_EDGE('',*,*,#6175,.F.);
#9333=EDGE_LOOP('',(#9329,#9330,#9331,#9332));
#9334=FACE_OUTER_BOUND('',#9333,.F.);
#9335=ADVANCED_FACE('',(#9334),#9328,.F.);
#9336=CARTESIAN_POINT('',(-2.4285E1,1.585E0,-1.5E0));
#9337=DIRECTION('',(-1.E0,0.E0,0.E0));
#9338=DIRECTION('',(0.E0,0.E0,1.E0));
#9339=AXIS2_PLACEMENT_3D('',#9336,#9337,#9338);
#9340=PLANE('',#9339);
#9341=ORIENTED_EDGE('',*,*,#5723,.T.);
#9343=ORIENTED_EDGE('',*,*,#9342,.F.);
#9344=ORIENTED_EDGE('',*,*,#4931,.F.);
#9346=ORIENTED_EDGE('',*,*,#9345,.T.);
#9347=EDGE_LOOP('',(#9341,#9343,#9344,#9346));
#9348=FACE_OUTER_BOUND('',#9347,.F.);
#9349=ADVANCED_FACE('',(#9348),#9340,.F.);
#9350=CARTESIAN_POINT('',(-2.4285E1,1.585E0,1.5E0));
#9351=DIRECTION('',(0.E0,0.E0,1.E0));
#9352=DIRECTION('',(1.E0,0.E0,0.E0));
#9353=AXIS2_PLACEMENT_3D('',#9350,#9351,#9352);
#9354=PLANE('',#9353);
#9355=ORIENTED_EDGE('',*,*,#5729,.T.);
#9357=ORIENTED_EDGE('',*,*,#9356,.F.);
#9358=ORIENTED_EDGE('',*,*,#4933,.F.);
#9359=ORIENTED_EDGE('',*,*,#9342,.T.);
#9360=EDGE_LOOP('',(#9355,#9357,#9358,#9359));
#9361=FACE_OUTER_BOUND('',#9360,.F.);
#9362=ADVANCED_FACE('',(#9361),#9354,.F.);
#9363=CARTESIAN_POINT('',(-2.3265E1,1.585E0,1.5E0));
#9364=DIRECTION('',(1.E0,0.E0,0.E0));
#9365=DIRECTION('',(0.E0,0.E0,-1.E0));
#9366=AXIS2_PLACEMENT_3D('',#9363,#9364,#9365);
#9367=PLANE('',#9366);
#9368=ORIENTED_EDGE('',*,*,#5727,.T.);
#9370=ORIENTED_EDGE('',*,*,#9369,.F.);
#9371=ORIENTED_EDGE('',*,*,#4935,.F.);
#9372=ORIENTED_EDGE('',*,*,#9356,.T.);
#9373=EDGE_LOOP('',(#9368,#9370,#9371,#9372));
#9374=FACE_OUTER_BOUND('',#9373,.F.);
#9375=ADVANCED_FACE('',(#9374),#9367,.F.);
#9376=CARTESIAN_POINT('',(-2.3265E1,1.585E0,-1.5E0));
#9377=DIRECTION('',(0.E0,0.E0,-1.E0));
#9378=DIRECTION('',(-1.E0,0.E0,0.E0));
#9379=AXIS2_PLACEMENT_3D('',#9376,#9377,#9378);
#9380=PLANE('',#9379);
#9381=ORIENTED_EDGE('',*,*,#5725,.T.);
#9382=ORIENTED_EDGE('',*,*,#9345,.F.);
#9383=ORIENTED_EDGE('',*,*,#4937,.F.);
#9384=ORIENTED_EDGE('',*,*,#9369,.T.);
#9385=EDGE_LOOP('',(#9381,#9382,#9383,#9384));
#9386=FACE_OUTER_BOUND('',#9385,.F.);
#9387=ADVANCED_FACE('',(#9386),#9380,.F.);
#9388=CARTESIAN_POINT('',(-2.0325E1,1.585E0,-1.5E0));
#9389=DIRECTION('',(-1.E0,0.E0,0.E0));
#9390=DIRECTION('',(0.E0,0.E0,1.E0));
#9391=AXIS2_PLACEMENT_3D('',#9388,#9389,#9390);
#9392=PLANE('',#9391);
#9393=ORIENTED_EDGE('',*,*,#5748,.T.);
#9395=ORIENTED_EDGE('',*,*,#9394,.F.);
#9396=ORIENTED_EDGE('',*,*,#5009,.F.);
#9398=ORIENTED_EDGE('',*,*,#9397,.T.);
#9399=EDGE_LOOP('',(#9393,#9395,#9396,#9398));
#9400=FACE_OUTER_BOUND('',#9399,.F.);
#9401=ADVANCED_FACE('',(#9400),#9392,.F.);
#9402=CARTESIAN_POINT('',(-2.0325E1,1.585E0,1.5E0));
#9403=DIRECTION('',(0.E0,0.E0,1.E0));
#9404=DIRECTION('',(1.E0,0.E0,0.E0));
#9405=AXIS2_PLACEMENT_3D('',#9402,#9403,#9404);
#9406=PLANE('',#9405);
#9407=ORIENTED_EDGE('',*,*,#5754,.T.);
#9409=ORIENTED_EDGE('',*,*,#9408,.F.);
#9410=ORIENTED_EDGE('',*,*,#5011,.F.);
#9411=ORIENTED_EDGE('',*,*,#9394,.T.);
#9412=EDGE_LOOP('',(#9407,#9409,#9410,#9411));
#9413=FACE_OUTER_BOUND('',#9412,.F.);
#9414=ADVANCED_FACE('',(#9413),#9406,.F.);
#9415=CARTESIAN_POINT('',(-1.9305E1,1.585E0,1.5E0));
#9416=DIRECTION('',(1.E0,0.E0,0.E0));
#9417=DIRECTION('',(0.E0,0.E0,-1.E0));
#9418=AXIS2_PLACEMENT_3D('',#9415,#9416,#9417);
#9419=PLANE('',#9418);
#9420=ORIENTED_EDGE('',*,*,#5752,.T.);
#9422=ORIENTED_EDGE('',*,*,#9421,.F.);
#9423=ORIENTED_EDGE('',*,*,#5013,.F.);
#9424=ORIENTED_EDGE('',*,*,#9408,.T.);
#9425=EDGE_LOOP('',(#9420,#9422,#9423,#9424));
#9426=FACE_OUTER_BOUND('',#9425,.F.);
#9427=ADVANCED_FACE('',(#9426),#9419,.F.);
#9428=CARTESIAN_POINT('',(-1.9305E1,1.585E0,-1.5E0));
#9429=DIRECTION('',(0.E0,0.E0,-1.E0));
#9430=DIRECTION('',(-1.E0,0.E0,0.E0));
#9431=AXIS2_PLACEMENT_3D('',#9428,#9429,#9430);
#9432=PLANE('',#9431);
#9433=ORIENTED_EDGE('',*,*,#5750,.T.);
#9434=ORIENTED_EDGE('',*,*,#9397,.F.);
#9435=ORIENTED_EDGE('',*,*,#5015,.F.);
#9436=ORIENTED_EDGE('',*,*,#9421,.T.);
#9437=EDGE_LOOP('',(#9433,#9434,#9435,#9436));
#9438=FACE_OUTER_BOUND('',#9437,.F.);
#9439=ADVANCED_FACE('',(#9438),#9432,.F.);
#9440=CARTESIAN_POINT('',(-1.6365E1,1.585E0,-1.5E0));
#9441=DIRECTION('',(-1.E0,0.E0,0.E0));
#9442=DIRECTION('',(0.E0,0.E0,1.E0));
#9443=AXIS2_PLACEMENT_3D('',#9440,#9441,#9442);
#9444=PLANE('',#9443);
#9445=ORIENTED_EDGE('',*,*,#5773,.T.);
#9447=ORIENTED_EDGE('',*,*,#9446,.F.);
#9448=ORIENTED_EDGE('',*,*,#5146,.F.);
#9450=ORIENTED_EDGE('',*,*,#9449,.T.);
#9451=EDGE_LOOP('',(#9445,#9447,#9448,#9450));
#9452=FACE_OUTER_BOUND('',#9451,.F.);
#9453=ADVANCED_FACE('',(#9452),#9444,.F.);
#9454=CARTESIAN_POINT('',(-1.6365E1,1.585E0,1.5E0));
#9455=DIRECTION('',(0.E0,0.E0,1.E0));
#9456=DIRECTION('',(1.E0,0.E0,0.E0));
#9457=AXIS2_PLACEMENT_3D('',#9454,#9455,#9456);
#9458=PLANE('',#9457);
#9459=ORIENTED_EDGE('',*,*,#5779,.T.);
#9461=ORIENTED_EDGE('',*,*,#9460,.F.);
#9462=ORIENTED_EDGE('',*,*,#5148,.F.);
#9463=ORIENTED_EDGE('',*,*,#9446,.T.);
#9464=EDGE_LOOP('',(#9459,#9461,#9462,#9463));
#9465=FACE_OUTER_BOUND('',#9464,.F.);
#9466=ADVANCED_FACE('',(#9465),#9458,.F.);
#9467=CARTESIAN_POINT('',(-1.5345E1,1.585E0,1.5E0));
#9468=DIRECTION('',(1.E0,0.E0,0.E0));
#9469=DIRECTION('',(0.E0,0.E0,-1.E0));
#9470=AXIS2_PLACEMENT_3D('',#9467,#9468,#9469);
#9471=PLANE('',#9470);
#9472=ORIENTED_EDGE('',*,*,#5777,.T.);
#9474=ORIENTED_EDGE('',*,*,#9473,.F.);
#9475=ORIENTED_EDGE('',*,*,#5150,.F.);
#9476=ORIENTED_EDGE('',*,*,#9460,.T.);
#9477=EDGE_LOOP('',(#9472,#9474,#9475,#9476));
#9478=FACE_OUTER_BOUND('',#9477,.F.);
#9479=ADVANCED_FACE('',(#9478),#9471,.F.);
#9480=CARTESIAN_POINT('',(-1.5345E1,1.585E0,-1.5E0));
#9481=DIRECTION('',(0.E0,0.E0,-1.E0));
#9482=DIRECTION('',(-1.E0,0.E0,0.E0));
#9483=AXIS2_PLACEMENT_3D('',#9480,#9481,#9482);
#9484=PLANE('',#9483);
#9485=ORIENTED_EDGE('',*,*,#5775,.T.);
#9486=ORIENTED_EDGE('',*,*,#9449,.F.);
#9487=ORIENTED_EDGE('',*,*,#5152,.F.);
#9488=ORIENTED_EDGE('',*,*,#9473,.T.);
#9489=EDGE_LOOP('',(#9485,#9486,#9487,#9488));
#9490=FACE_OUTER_BOUND('',#9489,.F.);
#9491=ADVANCED_FACE('',(#9490),#9484,.F.);
#9492=CARTESIAN_POINT('',(-1.2405E1,1.585E0,-1.5E0));
#9493=DIRECTION('',(-1.E0,0.E0,0.E0));
#9494=DIRECTION('',(0.E0,0.E0,1.E0));
#9495=AXIS2_PLACEMENT_3D('',#9492,#9493,#9494);
#9496=PLANE('',#9495);
#9497=ORIENTED_EDGE('',*,*,#5798,.T.);
#9499=ORIENTED_EDGE('',*,*,#9498,.F.);
#9500=ORIENTED_EDGE('',*,*,#5035,.F.);
#9502=ORIENTED_EDGE('',*,*,#9501,.T.);
#9503=EDGE_LOOP('',(#9497,#9499,#9500,#9502));
#9504=FACE_OUTER_BOUND('',#9503,.F.);
#9505=ADVANCED_FACE('',(#9504),#9496,.F.);
#9506=CARTESIAN_POINT('',(-1.2405E1,1.585E0,1.5E0));
#9507=DIRECTION('',(0.E0,0.E0,1.E0));
#9508=DIRECTION('',(1.E0,0.E0,0.E0));
#9509=AXIS2_PLACEMENT_3D('',#9506,#9507,#9508);
#9510=PLANE('',#9509);
#9511=ORIENTED_EDGE('',*,*,#5804,.T.);
#9513=ORIENTED_EDGE('',*,*,#9512,.F.);
#9514=ORIENTED_EDGE('',*,*,#5037,.F.);
#9515=ORIENTED_EDGE('',*,*,#9498,.T.);
#9516=EDGE_LOOP('',(#9511,#9513,#9514,#9515));
#9517=FACE_OUTER_BOUND('',#9516,.F.);
#9518=ADVANCED_FACE('',(#9517),#9510,.F.);
#9519=CARTESIAN_POINT('',(-1.1385E1,1.585E0,1.5E0));
#9520=DIRECTION('',(1.E0,0.E0,0.E0));
#9521=DIRECTION('',(0.E0,0.E0,-1.E0));
#9522=AXIS2_PLACEMENT_3D('',#9519,#9520,#9521);
#9523=PLANE('',#9522);
#9524=ORIENTED_EDGE('',*,*,#5802,.T.);
#9526=ORIENTED_EDGE('',*,*,#9525,.F.);
#9527=ORIENTED_EDGE('',*,*,#5039,.F.);
#9528=ORIENTED_EDGE('',*,*,#9512,.T.);
#9529=EDGE_LOOP('',(#9524,#9526,#9527,#9528));
#9530=FACE_OUTER_BOUND('',#9529,.F.);
#9531=ADVANCED_FACE('',(#9530),#9523,.F.);
#9532=CARTESIAN_POINT('',(-1.1385E1,1.585E0,-1.5E0));
#9533=DIRECTION('',(0.E0,0.E0,-1.E0));
#9534=DIRECTION('',(-1.E0,0.E0,0.E0));
#9535=AXIS2_PLACEMENT_3D('',#9532,#9533,#9534);
#9536=PLANE('',#9535);
#9537=ORIENTED_EDGE('',*,*,#5800,.T.);
#9538=ORIENTED_EDGE('',*,*,#9501,.F.);
#9539=ORIENTED_EDGE('',*,*,#5041,.F.);
#9540=ORIENTED_EDGE('',*,*,#9525,.T.);
#9541=EDGE_LOOP('',(#9537,#9538,#9539,#9540));
#9542=FACE_OUTER_BOUND('',#9541,.F.);
#9543=ADVANCED_FACE('',(#9542),#9536,.F.);
#9544=CARTESIAN_POINT('',(-8.445E0,1.585E0,-1.5E0));
#9545=DIRECTION('',(-1.E0,0.E0,0.E0));
#9546=DIRECTION('',(0.E0,0.E0,1.E0));
#9547=AXIS2_PLACEMENT_3D('',#9544,#9545,#9546);
#9548=PLANE('',#9547);
#9549=ORIENTED_EDGE('',*,*,#5823,.T.);
#9551=ORIENTED_EDGE('',*,*,#9550,.F.);
#9552=ORIENTED_EDGE('',*,*,#5061,.F.);
#9554=ORIENTED_EDGE('',*,*,#9553,.T.);
#9555=EDGE_LOOP('',(#9549,#9551,#9552,#9554));
#9556=FACE_OUTER_BOUND('',#9555,.F.);
#9557=ADVANCED_FACE('',(#9556),#9548,.F.);
#9558=CARTESIAN_POINT('',(-8.445E0,1.585E0,1.5E0));
#9559=DIRECTION('',(0.E0,0.E0,1.E0));
#9560=DIRECTION('',(1.E0,0.E0,0.E0));
#9561=AXIS2_PLACEMENT_3D('',#9558,#9559,#9560);
#9562=PLANE('',#9561);
#9563=ORIENTED_EDGE('',*,*,#5829,.T.);
#9565=ORIENTED_EDGE('',*,*,#9564,.F.);
#9566=ORIENTED_EDGE('',*,*,#5063,.F.);
#9567=ORIENTED_EDGE('',*,*,#9550,.T.);
#9568=EDGE_LOOP('',(#9563,#9565,#9566,#9567));
#9569=FACE_OUTER_BOUND('',#9568,.F.);
#9570=ADVANCED_FACE('',(#9569),#9562,.F.);
#9571=CARTESIAN_POINT('',(-7.425E0,1.585E0,1.5E0));
#9572=DIRECTION('',(1.E0,0.E0,0.E0));
#9573=DIRECTION('',(0.E0,0.E0,-1.E0));
#9574=AXIS2_PLACEMENT_3D('',#9571,#9572,#9573);
#9575=PLANE('',#9574);
#9576=ORIENTED_EDGE('',*,*,#5827,.T.);
#9578=ORIENTED_EDGE('',*,*,#9577,.F.);
#9579=ORIENTED_EDGE('',*,*,#5065,.F.);
#9580=ORIENTED_EDGE('',*,*,#9564,.T.);
#9581=EDGE_LOOP('',(#9576,#9578,#9579,#9580));
#9582=FACE_OUTER_BOUND('',#9581,.F.);
#9583=ADVANCED_FACE('',(#9582),#9575,.F.);
#9584=CARTESIAN_POINT('',(-7.425E0,1.585E0,-1.5E0));
#9585=DIRECTION('',(0.E0,0.E0,-1.E0));
#9586=DIRECTION('',(-1.E0,0.E0,0.E0));
#9587=AXIS2_PLACEMENT_3D('',#9584,#9585,#9586);
#9588=PLANE('',#9587);
#9589=ORIENTED_EDGE('',*,*,#5825,.T.);
#9590=ORIENTED_EDGE('',*,*,#9553,.F.);
#9591=ORIENTED_EDGE('',*,*,#5067,.F.);
#9592=ORIENTED_EDGE('',*,*,#9577,.T.);
#9593=EDGE_LOOP('',(#9589,#9590,#9591,#9592));
#9594=FACE_OUTER_BOUND('',#9593,.F.);
#9595=ADVANCED_FACE('',(#9594),#9588,.F.);
#9596=CARTESIAN_POINT('',(-4.485E0,1.585E0,-1.5E0));
#9597=DIRECTION('',(-1.E0,0.E0,0.E0));
#9598=DIRECTION('',(0.E0,0.E0,1.E0));
#9599=AXIS2_PLACEMENT_3D('',#9596,#9597,#9598);
#9600=PLANE('',#9599);
#9601=ORIENTED_EDGE('',*,*,#5848,.T.);
#9603=ORIENTED_EDGE('',*,*,#9602,.F.);
#9604=ORIENTED_EDGE('',*,*,#5179,.F.);
#9606=ORIENTED_EDGE('',*,*,#9605,.T.);
#9607=EDGE_LOOP('',(#9601,#9603,#9604,#9606));
#9608=FACE_OUTER_BOUND('',#9607,.F.);
#9609=ADVANCED_FACE('',(#9608),#9600,.F.);
#9610=CARTESIAN_POINT('',(-4.485E0,1.585E0,1.5E0));
#9611=DIRECTION('',(0.E0,0.E0,1.E0));
#9612=DIRECTION('',(1.E0,0.E0,0.E0));
#9613=AXIS2_PLACEMENT_3D('',#9610,#9611,#9612);
#9614=PLANE('',#9613);
#9615=ORIENTED_EDGE('',*,*,#5854,.T.);
#9617=ORIENTED_EDGE('',*,*,#9616,.F.);
#9618=ORIENTED_EDGE('',*,*,#5181,.F.);
#9619=ORIENTED_EDGE('',*,*,#9602,.T.);
#9620=EDGE_LOOP('',(#9615,#9617,#9618,#9619));
#9621=FACE_OUTER_BOUND('',#9620,.F.);
#9622=ADVANCED_FACE('',(#9621),#9614,.F.);
#9623=CARTESIAN_POINT('',(-3.465E0,1.585E0,1.5E0));
#9624=DIRECTION('',(1.E0,0.E0,0.E0));
#9625=DIRECTION('',(0.E0,0.E0,-1.E0));
#9626=AXIS2_PLACEMENT_3D('',#9623,#9624,#9625);
#9627=PLANE('',#9626);
#9628=ORIENTED_EDGE('',*,*,#5852,.T.);
#9630=ORIENTED_EDGE('',*,*,#9629,.F.);
#9631=ORIENTED_EDGE('',*,*,#5183,.F.);
#9632=ORIENTED_EDGE('',*,*,#9616,.T.);
#9633=EDGE_LOOP('',(#9628,#9630,#9631,#9632));
#9634=FACE_OUTER_BOUND('',#9633,.F.);
#9635=ADVANCED_FACE('',(#9634),#9627,.F.);
#9636=CARTESIAN_POINT('',(-3.465E0,1.585E0,-1.5E0));
#9637=DIRECTION('',(0.E0,0.E0,-1.E0));
#9638=DIRECTION('',(-1.E0,0.E0,0.E0));
#9639=AXIS2_PLACEMENT_3D('',#9636,#9637,#9638);
#9640=PLANE('',#9639);
#9641=ORIENTED_EDGE('',*,*,#5850,.T.);
#9642=ORIENTED_EDGE('',*,*,#9605,.F.);
#9643=ORIENTED_EDGE('',*,*,#5185,.F.);
#9644=ORIENTED_EDGE('',*,*,#9629,.T.);
#9645=EDGE_LOOP('',(#9641,#9642,#9643,#9644));
#9646=FACE_OUTER_BOUND('',#9645,.F.);
#9647=ADVANCED_FACE('',(#9646),#9640,.F.);
#9648=CARTESIAN_POINT('',(-5.25E-1,1.585E0,-1.5E0));
#9649=DIRECTION('',(-1.E0,0.E0,0.E0));
#9650=DIRECTION('',(0.E0,0.E0,1.E0));
#9651=AXIS2_PLACEMENT_3D('',#9648,#9649,#9650);
#9652=PLANE('',#9651);
#9653=ORIENTED_EDGE('',*,*,#5873,.T.);
#9655=ORIENTED_EDGE('',*,*,#9654,.F.);
#9656=ORIENTED_EDGE('',*,*,#5113,.F.);
#9658=ORIENTED_EDGE('',*,*,#9657,.T.);
#9659=EDGE_LOOP('',(#9653,#9655,#9656,#9658));
#9660=FACE_OUTER_BOUND('',#9659,.F.);
#9661=ADVANCED_FACE('',(#9660),#9652,.F.);
#9662=CARTESIAN_POINT('',(-5.25E-1,1.585E0,1.5E0));
#9663=DIRECTION('',(0.E0,0.E0,1.E0));
#9664=DIRECTION('',(1.E0,0.E0,0.E0));
#9665=AXIS2_PLACEMENT_3D('',#9662,#9663,#9664);
#9666=PLANE('',#9665);
#9667=ORIENTED_EDGE('',*,*,#5879,.T.);
#9669=ORIENTED_EDGE('',*,*,#9668,.F.);
#9670=ORIENTED_EDGE('',*,*,#5115,.F.);
#9671=ORIENTED_EDGE('',*,*,#9654,.T.);
#9672=EDGE_LOOP('',(#9667,#9669,#9670,#9671));
#9673=FACE_OUTER_BOUND('',#9672,.F.);
#9674=ADVANCED_FACE('',(#9673),#9666,.F.);
#9675=CARTESIAN_POINT('',(4.95E-1,1.585E0,1.5E0));
#9676=DIRECTION('',(1.E0,0.E0,0.E0));
#9677=DIRECTION('',(0.E0,0.E0,-1.E0));
#9678=AXIS2_PLACEMENT_3D('',#9675,#9676,#9677);
#9679=PLANE('',#9678);
#9680=ORIENTED_EDGE('',*,*,#5877,.T.);
#9682=ORIENTED_EDGE('',*,*,#9681,.F.);
#9683=ORIENTED_EDGE('',*,*,#5117,.F.);
#9684=ORIENTED_EDGE('',*,*,#9668,.T.);
#9685=EDGE_LOOP('',(#9680,#9682,#9683,#9684));
#9686=FACE_OUTER_BOUND('',#9685,.F.);
#9687=ADVANCED_FACE('',(#9686),#9679,.F.);
#9688=CARTESIAN_POINT('',(4.95E-1,1.585E0,-1.5E0));
#9689=DIRECTION('',(0.E0,0.E0,-1.E0));
#9690=DIRECTION('',(-1.E0,0.E0,0.E0));
#9691=AXIS2_PLACEMENT_3D('',#9688,#9689,#9690);
#9692=PLANE('',#9691);
#9693=ORIENTED_EDGE('',*,*,#5875,.T.);
#9694=ORIENTED_EDGE('',*,*,#9657,.F.);
#9695=ORIENTED_EDGE('',*,*,#5119,.F.);
#9696=ORIENTED_EDGE('',*,*,#9681,.T.);
#9697=EDGE_LOOP('',(#9693,#9694,#9695,#9696));
#9698=FACE_OUTER_BOUND('',#9697,.F.);
#9699=ADVANCED_FACE('',(#9698),#9692,.F.);
#9700=CARTESIAN_POINT('',(3.435E0,1.585E0,-1.5E0));
#9701=DIRECTION('',(-1.E0,0.E0,0.E0));
#9702=DIRECTION('',(0.E0,0.E0,1.E0));
#9703=AXIS2_PLACEMENT_3D('',#9700,#9701,#9702);
#9704=PLANE('',#9703);
#9705=ORIENTED_EDGE('',*,*,#5898,.T.);
#9707=ORIENTED_EDGE('',*,*,#9706,.F.);
#9708=ORIENTED_EDGE('',*,*,#5087,.F.);
#9710=ORIENTED_EDGE('',*,*,#9709,.T.);
#9711=EDGE_LOOP('',(#9705,#9707,#9708,#9710));
#9712=FACE_OUTER_BOUND('',#9711,.F.);
#9713=ADVANCED_FACE('',(#9712),#9704,.F.);
#9714=CARTESIAN_POINT('',(3.435E0,1.585E0,1.5E0));
#9715=DIRECTION('',(0.E0,0.E0,1.E0));
#9716=DIRECTION('',(1.E0,0.E0,0.E0));
#9717=AXIS2_PLACEMENT_3D('',#9714,#9715,#9716);
#9718=PLANE('',#9717);
#9719=ORIENTED_EDGE('',*,*,#5904,.T.);
#9721=ORIENTED_EDGE('',*,*,#9720,.F.);
#9722=ORIENTED_EDGE('',*,*,#5089,.F.);
#9723=ORIENTED_EDGE('',*,*,#9706,.T.);
#9724=EDGE_LOOP('',(#9719,#9721,#9722,#9723));
#9725=FACE_OUTER_BOUND('',#9724,.F.);
#9726=ADVANCED_FACE('',(#9725),#9718,.F.);
#9727=CARTESIAN_POINT('',(4.455E0,1.585E0,1.5E0));
#9728=DIRECTION('',(1.E0,0.E0,0.E0));
#9729=DIRECTION('',(0.E0,0.E0,-1.E0));
#9730=AXIS2_PLACEMENT_3D('',#9727,#9728,#9729);
#9731=PLANE('',#9730);
#9732=ORIENTED_EDGE('',*,*,#5902,.T.);
#9734=ORIENTED_EDGE('',*,*,#9733,.F.);
#9735=ORIENTED_EDGE('',*,*,#5091,.F.);
#9736=ORIENTED_EDGE('',*,*,#9720,.T.);
#9737=EDGE_LOOP('',(#9732,#9734,#9735,#9736));
#9738=FACE_OUTER_BOUND('',#9737,.F.);
#9739=ADVANCED_FACE('',(#9738),#9731,.F.);
#9740=CARTESIAN_POINT('',(4.455E0,1.585E0,-1.5E0));
#9741=DIRECTION('',(0.E0,0.E0,-1.E0));
#9742=DIRECTION('',(-1.E0,0.E0,0.E0));
#9743=AXIS2_PLACEMENT_3D('',#9740,#9741,#9742);
#9744=PLANE('',#9743);
#9745=ORIENTED_EDGE('',*,*,#5900,.T.);
#9746=ORIENTED_EDGE('',*,*,#9709,.F.);
#9747=ORIENTED_EDGE('',*,*,#5093,.F.);
#9748=ORIENTED_EDGE('',*,*,#9733,.T.);
#9749=EDGE_LOOP('',(#9745,#9746,#9747,#9748));
#9750=FACE_OUTER_BOUND('',#9749,.F.);
#9751=ADVANCED_FACE('',(#9750),#9744,.F.);
#9752=CARTESIAN_POINT('',(7.395E0,1.585E0,-1.5E0));
#9753=DIRECTION('',(-1.E0,0.E0,0.E0));
#9754=DIRECTION('',(0.E0,0.E0,1.E0));
#9755=AXIS2_PLACEMENT_3D('',#9752,#9753,#9754);
#9756=PLANE('',#9755);
#9757=ORIENTED_EDGE('',*,*,#5923,.T.);
#9759=ORIENTED_EDGE('',*,*,#9758,.F.);
#9760=ORIENTED_EDGE('',*,*,#5212,.F.);
#9762=ORIENTED_EDGE('',*,*,#9761,.T.);
#9763=EDGE_LOOP('',(#9757,#9759,#9760,#9762));
#9764=FACE_OUTER_BOUND('',#9763,.F.);
#9765=ADVANCED_FACE('',(#9764),#9756,.F.);
#9766=CARTESIAN_POINT('',(7.395E0,1.585E0,1.5E0));
#9767=DIRECTION('',(0.E0,0.E0,1.E0));
#9768=DIRECTION('',(1.E0,0.E0,0.E0));
#9769=AXIS2_PLACEMENT_3D('',#9766,#9767,#9768);
#9770=PLANE('',#9769);
#9771=ORIENTED_EDGE('',*,*,#5929,.T.);
#9773=ORIENTED_EDGE('',*,*,#9772,.F.);
#9774=ORIENTED_EDGE('',*,*,#5214,.F.);
#9775=ORIENTED_EDGE('',*,*,#9758,.T.);
#9776=EDGE_LOOP('',(#9771,#9773,#9774,#9775));
#9777=FACE_OUTER_BOUND('',#9776,.F.);
#9778=ADVANCED_FACE('',(#9777),#9770,.F.);
#9779=CARTESIAN_POINT('',(8.415E0,1.585E0,1.5E0));
#9780=DIRECTION('',(1.E0,0.E0,0.E0));
#9781=DIRECTION('',(0.E0,0.E0,-1.E0));
#9782=AXIS2_PLACEMENT_3D('',#9779,#9780,#9781);
#9783=PLANE('',#9782);
#9784=ORIENTED_EDGE('',*,*,#5927,.T.);
#9786=ORIENTED_EDGE('',*,*,#9785,.F.);
#9787=ORIENTED_EDGE('',*,*,#5216,.F.);
#9788=ORIENTED_EDGE('',*,*,#9772,.T.);
#9789=EDGE_LOOP('',(#9784,#9786,#9787,#9788));
#9790=FACE_OUTER_BOUND('',#9789,.F.);
#9791=ADVANCED_FACE('',(#9790),#9783,.F.);
#9792=CARTESIAN_POINT('',(8.415E0,1.585E0,-1.5E0));
#9793=DIRECTION('',(0.E0,0.E0,-1.E0));
#9794=DIRECTION('',(-1.E0,0.E0,0.E0));
#9795=AXIS2_PLACEMENT_3D('',#9792,#9793,#9794);
#9796=PLANE('',#9795);
#9797=ORIENTED_EDGE('',*,*,#5925,.T.);
#9798=ORIENTED_EDGE('',*,*,#9761,.F.);
#9799=ORIENTED_EDGE('',*,*,#5218,.F.);
#9800=ORIENTED_EDGE('',*,*,#9785,.T.);
#9801=EDGE_LOOP('',(#9797,#9798,#9799,#9800));
#9802=FACE_OUTER_BOUND('',#9801,.F.);
#9803=ADVANCED_FACE('',(#9802),#9796,.F.);
#9804=CARTESIAN_POINT('',(1.1355E1,1.585E0,-1.5E0));
#9805=DIRECTION('',(-1.E0,0.E0,0.E0));
#9806=DIRECTION('',(0.E0,0.E0,1.E0));
#9807=AXIS2_PLACEMENT_3D('',#9804,#9805,#9806);
#9808=PLANE('',#9807);
#9809=ORIENTED_EDGE('',*,*,#5948,.T.);
#9811=ORIENTED_EDGE('',*,*,#9810,.F.);
#9812=ORIENTED_EDGE('',*,*,#4983,.F.);
#9814=ORIENTED_EDGE('',*,*,#9813,.T.);
#9815=EDGE_LOOP('',(#9809,#9811,#9812,#9814));
#9816=FACE_OUTER_BOUND('',#9815,.F.);
#9817=ADVANCED_FACE('',(#9816),#9808,.F.);
#9818=CARTESIAN_POINT('',(1.1355E1,1.585E0,1.5E0));
#9819=DIRECTION('',(0.E0,0.E0,1.E0));
#9820=DIRECTION('',(1.E0,0.E0,0.E0));
#9821=AXIS2_PLACEMENT_3D('',#9818,#9819,#9820);
#9822=PLANE('',#9821);
#9823=ORIENTED_EDGE('',*,*,#5954,.T.);
#9825=ORIENTED_EDGE('',*,*,#9824,.F.);
#9826=ORIENTED_EDGE('',*,*,#4985,.F.);
#9827=ORIENTED_EDGE('',*,*,#9810,.T.);
#9828=EDGE_LOOP('',(#9823,#9825,#9826,#9827));
#9829=FACE_OUTER_BOUND('',#9828,.F.);
#9830=ADVANCED_FACE('',(#9829),#9822,.F.);
#9831=CARTESIAN_POINT('',(1.2375E1,1.585E0,1.5E0));
#9832=DIRECTION('',(1.E0,0.E0,0.E0));
#9833=DIRECTION('',(0.E0,0.E0,-1.E0));
#9834=AXIS2_PLACEMENT_3D('',#9831,#9832,#9833);
#9835=PLANE('',#9834);
#9836=ORIENTED_EDGE('',*,*,#5952,.T.);
#9838=ORIENTED_EDGE('',*,*,#9837,.F.);
#9839=ORIENTED_EDGE('',*,*,#4987,.F.);
#9840=ORIENTED_EDGE('',*,*,#9824,.T.);
#9841=EDGE_LOOP('',(#9836,#9838,#9839,#9840));
#9842=FACE_OUTER_BOUND('',#9841,.F.);
#9843=ADVANCED_FACE('',(#9842),#9835,.F.);
#9844=CARTESIAN_POINT('',(1.2375E1,1.585E0,-1.5E0));
#9845=DIRECTION('',(0.E0,0.E0,-1.E0));
#9846=DIRECTION('',(-1.E0,0.E0,0.E0));
#9847=AXIS2_PLACEMENT_3D('',#9844,#9845,#9846);
#9848=PLANE('',#9847);
#9849=ORIENTED_EDGE('',*,*,#5950,.T.);
#9850=ORIENTED_EDGE('',*,*,#9813,.F.);
#9851=ORIENTED_EDGE('',*,*,#4989,.F.);
#9852=ORIENTED_EDGE('',*,*,#9837,.T.);
#9853=EDGE_LOOP('',(#9849,#9850,#9851,#9852));
#9854=FACE_OUTER_BOUND('',#9853,.F.);
#9855=ADVANCED_FACE('',(#9854),#9848,.F.);
#9856=CARTESIAN_POINT('',(1.5315E1,1.585E0,-1.5E0));
#9857=DIRECTION('',(-1.E0,0.E0,0.E0));
#9858=DIRECTION('',(0.E0,0.E0,1.E0));
#9859=AXIS2_PLACEMENT_3D('',#9856,#9857,#9858);
#9860=PLANE('',#9859);
#9861=ORIENTED_EDGE('',*,*,#5973,.T.);
#9863=ORIENTED_EDGE('',*,*,#9862,.F.);
#9864=ORIENTED_EDGE('',*,*,#4957,.F.);
#9866=ORIENTED_EDGE('',*,*,#9865,.T.);
#9867=EDGE_LOOP('',(#9861,#9863,#9864,#9866));
#9868=FACE_OUTER_BOUND('',#9867,.F.);
#9869=ADVANCED_FACE('',(#9868),#9860,.F.);
#9870=CARTESIAN_POINT('',(1.5315E1,1.585E0,1.5E0));
#9871=DIRECTION('',(0.E0,0.E0,1.E0));
#9872=DIRECTION('',(1.E0,0.E0,0.E0));
#9873=AXIS2_PLACEMENT_3D('',#9870,#9871,#9872);
#9874=PLANE('',#9873);
#9875=ORIENTED_EDGE('',*,*,#5979,.T.);
#9877=ORIENTED_EDGE('',*,*,#9876,.F.);
#9878=ORIENTED_EDGE('',*,*,#4959,.F.);
#9879=ORIENTED_EDGE('',*,*,#9862,.T.);
#9880=EDGE_LOOP('',(#9875,#9877,#9878,#9879));
#9881=FACE_OUTER_BOUND('',#9880,.F.);
#9882=ADVANCED_FACE('',(#9881),#9874,.F.);
#9883=CARTESIAN_POINT('',(1.6335E1,1.585E0,1.5E0));
#9884=DIRECTION('',(1.E0,0.E0,0.E0));
#9885=DIRECTION('',(0.E0,0.E0,-1.E0));
#9886=AXIS2_PLACEMENT_3D('',#9883,#9884,#9885);
#9887=PLANE('',#9886);
#9888=ORIENTED_EDGE('',*,*,#5977,.T.);
#9890=ORIENTED_EDGE('',*,*,#9889,.F.);
#9891=ORIENTED_EDGE('',*,*,#4961,.F.);
#9892=ORIENTED_EDGE('',*,*,#9876,.T.);
#9893=EDGE_LOOP('',(#9888,#9890,#9891,#9892));
#9894=FACE_OUTER_BOUND('',#9893,.F.);
#9895=ADVANCED_FACE('',(#9894),#9887,.F.);
#9896=CARTESIAN_POINT('',(1.6335E1,1.585E0,-1.5E0));
#9897=DIRECTION('',(0.E0,0.E0,-1.E0));
#9898=DIRECTION('',(-1.E0,0.E0,0.E0));
#9899=AXIS2_PLACEMENT_3D('',#9896,#9897,#9898);
#9900=PLANE('',#9899);
#9901=ORIENTED_EDGE('',*,*,#5975,.T.);
#9902=ORIENTED_EDGE('',*,*,#9865,.F.);
#9903=ORIENTED_EDGE('',*,*,#4963,.F.);
#9904=ORIENTED_EDGE('',*,*,#9889,.T.);
#9905=EDGE_LOOP('',(#9901,#9902,#9903,#9904));
#9906=FACE_OUTER_BOUND('',#9905,.F.);
#9907=ADVANCED_FACE('',(#9906),#9900,.F.);
#9908=CARTESIAN_POINT('',(1.9275E1,1.585E0,-1.5E0));
#9909=DIRECTION('',(-1.E0,0.E0,0.E0));
#9910=DIRECTION('',(0.E0,0.E0,1.E0));
#9911=AXIS2_PLACEMENT_3D('',#9908,#9909,#9910);
#9912=PLANE('',#9911);
#9913=ORIENTED_EDGE('',*,*,#5998,.T.);
#9915=ORIENTED_EDGE('',*,*,#9914,.F.);
#9916=ORIENTED_EDGE('',*,*,#5244,.F.);
#9918=ORIENTED_EDGE('',*,*,#9917,.T.);
#9919=EDGE_LOOP('',(#9913,#9915,#9916,#9918));
#9920=FACE_OUTER_BOUND('',#9919,.F.);
#9921=ADVANCED_FACE('',(#9920),#9912,.F.);
#9922=CARTESIAN_POINT('',(1.9275E1,1.585E0,1.5E0));
#9923=DIRECTION('',(0.E0,0.E0,1.E0));
#9924=DIRECTION('',(1.E0,0.E0,0.E0));
#9925=AXIS2_PLACEMENT_3D('',#9922,#9923,#9924);
#9926=PLANE('',#9925);
#9927=ORIENTED_EDGE('',*,*,#6004,.T.);
#9929=ORIENTED_EDGE('',*,*,#9928,.F.);
#9930=ORIENTED_EDGE('',*,*,#5246,.F.);
#9931=ORIENTED_EDGE('',*,*,#9914,.T.);
#9932=EDGE_LOOP('',(#9927,#9929,#9930,#9931));
#9933=FACE_OUTER_BOUND('',#9932,.F.);
#9934=ADVANCED_FACE('',(#9933),#9926,.F.);
#9935=CARTESIAN_POINT('',(2.0295E1,1.585E0,1.5E0));
#9936=DIRECTION('',(1.E0,0.E0,0.E0));
#9937=DIRECTION('',(0.E0,0.E0,-1.E0));
#9938=AXIS2_PLACEMENT_3D('',#9935,#9936,#9937);
#9939=PLANE('',#9938);
#9940=ORIENTED_EDGE('',*,*,#6002,.T.);
#9942=ORIENTED_EDGE('',*,*,#9941,.F.);
#9943=ORIENTED_EDGE('',*,*,#5248,.F.);
#9944=ORIENTED_EDGE('',*,*,#9928,.T.);
#9945=EDGE_LOOP('',(#9940,#9942,#9943,#9944));
#9946=FACE_OUTER_BOUND('',#9945,.F.);
#9947=ADVANCED_FACE('',(#9946),#9939,.F.);
#9948=CARTESIAN_POINT('',(2.0295E1,1.585E0,-1.5E0));
#9949=DIRECTION('',(0.E0,0.E0,-1.E0));
#9950=DIRECTION('',(-1.E0,0.E0,0.E0));
#9951=AXIS2_PLACEMENT_3D('',#9948,#9949,#9950);
#9952=PLANE('',#9951);
#9953=ORIENTED_EDGE('',*,*,#6000,.T.);
#9954=ORIENTED_EDGE('',*,*,#9917,.F.);
#9955=ORIENTED_EDGE('',*,*,#5250,.F.);
#9956=ORIENTED_EDGE('',*,*,#9941,.T.);
#9957=EDGE_LOOP('',(#9953,#9954,#9955,#9956));
#9958=FACE_OUTER_BOUND('',#9957,.F.);
#9959=ADVANCED_FACE('',(#9958),#9952,.F.);
#9960=CARTESIAN_POINT('',(2.3235E1,1.585E0,-1.5E0));
#9961=DIRECTION('',(-1.E0,0.E0,0.E0));
#9962=DIRECTION('',(0.E0,0.E0,1.E0));
#9963=AXIS2_PLACEMENT_3D('',#9960,#9961,#9962);
#9964=PLANE('',#9963);
#9965=ORIENTED_EDGE('',*,*,#6037,.T.);
#9967=ORIENTED_EDGE('',*,*,#9966,.F.);
#9968=ORIENTED_EDGE('',*,*,#4905,.F.);
#9970=ORIENTED_EDGE('',*,*,#9969,.T.);
#9971=EDGE_LOOP('',(#9965,#9967,#9968,#9970));
#9972=FACE_OUTER_BOUND('',#9971,.F.);
#9973=ADVANCED_FACE('',(#9972),#9964,.F.);
#9974=CARTESIAN_POINT('',(2.3235E1,1.585E0,1.5E0));
#9975=DIRECTION('',(0.E0,0.E0,1.E0));
#9976=DIRECTION('',(1.E0,0.E0,0.E0));
#9977=AXIS2_PLACEMENT_3D('',#9974,#9975,#9976);
#9978=PLANE('',#9977);
#9979=ORIENTED_EDGE('',*,*,#6043,.T.);
#9981=ORIENTED_EDGE('',*,*,#9980,.F.);
#9982=ORIENTED_EDGE('',*,*,#4907,.F.);
#9983=ORIENTED_EDGE('',*,*,#9966,.T.);
#9984=EDGE_LOOP('',(#9979,#9981,#9982,#9983));
#9985=FACE_OUTER_BOUND('',#9984,.F.);
#9986=ADVANCED_FACE('',(#9985),#9978,.F.);
#9987=CARTESIAN_POINT('',(2.4255E1,1.585E0,1.5E0));
#9988=DIRECTION('',(1.E0,0.E0,0.E0));
#9989=DIRECTION('',(0.E0,0.E0,-1.E0));
#9990=AXIS2_PLACEMENT_3D('',#9987,#9988,#9989);
#9991=PLANE('',#9990);
#9992=ORIENTED_EDGE('',*,*,#6041,.T.);
#9994=ORIENTED_EDGE('',*,*,#9993,.F.);
#9995=ORIENTED_EDGE('',*,*,#4909,.F.);
#9996=ORIENTED_EDGE('',*,*,#9980,.T.);
#9997=EDGE_LOOP('',(#9992,#9994,#9995,#9996));
#9998=FACE_OUTER_BOUND('',#9997,.F.);
#9999=ADVANCED_FACE('',(#9998),#9991,.F.);
#10000=CARTESIAN_POINT('',(2.4255E1,1.585E0,-1.5E0));
#10001=DIRECTION('',(0.E0,0.E0,-1.E0));
#10002=DIRECTION('',(-1.E0,0.E0,0.E0));
#10003=AXIS2_PLACEMENT_3D('',#10000,#10001,#10002);
#10004=PLANE('',#10003);
#10005=ORIENTED_EDGE('',*,*,#6039,.T.);
#10006=ORIENTED_EDGE('',*,*,#9969,.F.);
#10007=ORIENTED_EDGE('',*,*,#4911,.F.);
#10008=ORIENTED_EDGE('',*,*,#9993,.T.);
#10009=EDGE_LOOP('',(#10005,#10006,#10007,#10008));
#10010=FACE_OUTER_BOUND('',#10009,.F.);
#10011=ADVANCED_FACE('',(#10010),#10004,.F.);
#10012=CLOSED_SHELL('',(#4840,#4857,#4873,#4889,#4915,#4941,#4967,#4993,#5019,
#5045,#5071,#5097,#5123,#5156,#5189,#5222,#5254,#5290,#5326,#5362,#5397,#5426,
#5441,#5455,#5470,#5485,#5499,#5514,#5532,#5544,#5558,#5572,#5585,#5599,#5612,
#5625,#5638,#5651,#5664,#5677,#5694,#5708,#5733,#5758,#5783,#5808,#5833,#5858,
#5883,#5908,#5933,#5958,#5983,#6008,#6022,#6047,#6061,#6268,#6281,#6300,#6315,
#6331,#6344,#6358,#6373,#6386,#6396,#6414,#6426,#6438,#6453,#6466,#6476,#6488,
#6501,#6520,#6532,#6548,#6563,#6582,#6595,#6608,#6623,#6636,#6646,#6661,#6674,
#6684,#6696,#6708,#6721,#6740,#6752,#6768,#6783,#6802,#6815,#6828,#6843,#6856,
#6866,#6881,#6894,#6904,#6916,#6928,#6941,#6960,#6972,#6988,#7003,#7022,#7035,
#7048,#7063,#7076,#7086,#7101,#7114,#7124,#7136,#7148,#7161,#7180,#7192,#7208,
#7223,#7242,#7255,#7268,#7283,#7296,#7306,#7321,#7334,#7344,#7356,#7368,#7381,
#7400,#7412,#7428,#7443,#7462,#7475,#7488,#7503,#7516,#7526,#7541,#7554,#7564,
#7576,#7588,#7601,#7620,#7632,#7648,#7663,#7682,#7695,#7708,#7723,#7736,#7746,
#7761,#7774,#7784,#7796,#7808,#7821,#7840,#7852,#7868,#7883,#7902,#7915,#7928,
#7943,#7956,#7966,#7981,#7994,#8004,#8016,#8028,#8041,#8060,#8072,#8088,#8103,
#8122,#8135,#8148,#8163,#8176,#8186,#8201,#8214,#8224,#8236,#8248,#8261,#8280,
#8292,#8308,#8323,#8342,#8355,#8368,#8383,#8396,#8406,#8421,#8434,#8444,#8456,
#8468,#8481,#8500,#8512,#8528,#8543,#8562,#8575,#8588,#8603,#8616,#8626,#8641,
#8654,#8664,#8676,#8688,#8701,#8720,#8732,#8748,#8763,#8782,#8795,#8808,#8823,
#8836,#8846,#8861,#8874,#8884,#8896,#8908,#8921,#8940,#8952,#8968,#8983,#9002,
#9015,#9028,#9043,#9056,#9066,#9081,#9094,#9104,#9116,#9128,#9141,#9159,#9175,
#9190,#9209,#9222,#9235,#9250,#9263,#9273,#9288,#9301,#9311,#9323,#9335,#9349,
#9362,#9375,#9387,#9401,#9414,#9427,#9439,#9453,#9466,#9479,#9491,#9505,#9518,
#9531,#9543,#9557,#9570,#9583,#9595,#9609,#9622,#9635,#9647,#9661,#9674,#9687,
#9699,#9713,#9726,#9739,#9751,#9765,#9778,#9791,#9803,#9817,#9830,#9843,#9855,
#9869,#9882,#9895,#9907,#9921,#9934,#9947,#9959,#9973,#9986,#9999,#10011));
#10013=MANIFOLD_SOLID_BREP('',#10012);
#10014=CARTESIAN_POINT('',(0.E0,0.E0,0.E0));
#10015=DIRECTION('',(0.E0,0.E0,1.E0));
#10016=DIRECTION('',(1.E0,0.E0,0.E0));
#10017=AXIS2_PLACEMENT_3D('CSYS',#10014,#10015,#10016);
#10018=DIRECTION('',(0.E0,1.E0,0.E0));
#10019=VECTOR('',#10018,1.905E1);
#10020=CARTESIAN_POINT('',(-2.5755E1,-6.035E0,0.E0));
#10021=LINE('',#10020,#10019);
#10024=DIRECTION('',(0.E0,1.E0,0.E0));
#10025=VECTOR('',#10024,1.905E1);
#10026=CARTESIAN_POINT('',(-2.1795E1,-6.035E0,0.E0));
#10027=LINE('',#10026,#10025);
#10029=DIRECTION('',(0.E0,1.E0,0.E0));
#10030=VECTOR('',#10029,1.905E1);
#10031=CARTESIAN_POINT('',(-1.7835E1,-6.035E0,0.E0));
#10032=LINE('',#10031,#10030);
#10034=DIRECTION('',(0.E0,1.E0,0.E0));
#10035=VECTOR('',#10034,1.905E1);
#10036=CARTESIAN_POINT('',(-1.3875E1,-6.035E0,0.E0));
#10037=LINE('',#10036,#10035);
#10039=DIRECTION('',(0.E0,1.E0,0.E0));
#10040=VECTOR('',#10039,1.905E1);
#10041=CARTESIAN_POINT('',(-9.915E0,-6.035E0,0.E0));
#10042=LINE('',#10041,#10040);
#10044=DIRECTION('',(0.E0,1.E0,0.E0));
#10045=VECTOR('',#10044,1.905E1);
#10046=CARTESIAN_POINT('',(-5.955E0,-6.035E0,0.E0));
#10047=LINE('',#10046,#10045);
#10049=DIRECTION('',(0.E0,1.E0,0.E0));
#10050=VECTOR('',#10049,1.905E1);
#10051=CARTESIAN_POINT('',(-1.995E0,-6.035E0,0.E0));
#10052=LINE('',#10051,#10050);
#10054=DIRECTION('',(0.E0,1.E0,0.E0));
#10055=VECTOR('',#10054,1.905E1);
#10056=CARTESIAN_POINT('',(1.965E0,-6.035E0,0.E0));
#10057=LINE('',#10056,#10055);
#10059=DIRECTION('',(0.E0,1.E0,0.E0));
#10060=VECTOR('',#10059,1.905E1);
#10061=CARTESIAN_POINT('',(5.925E0,-6.035E0,0.E0));
#10062=LINE('',#10061,#10060);
#10064=DIRECTION('',(0.E0,1.E0,0.E0));
#10065=VECTOR('',#10064,1.905E1);
#10066=CARTESIAN_POINT('',(9.885E0,-6.035E0,0.E0));
#10067=LINE('',#10066,#10065);
#10069=DIRECTION('',(0.E0,1.E0,0.E0));
#10070=VECTOR('',#10069,1.905E1);
#10071=CARTESIAN_POINT('',(1.3845E1,-6.035E0,0.E0));
#10072=LINE('',#10071,#10070);
#10074=DIRECTION('',(0.E0,1.E0,0.E0));
#10075=VECTOR('',#10074,1.905E1);
#10076=CARTESIAN_POINT('',(1.7805E1,-6.035E0,0.E0));
#10077=LINE('',#10076,#10075);
#10079=DIRECTION('',(0.E0,1.E0,0.E0));
#10080=VECTOR('',#10079,1.905E1);
#10081=CARTESIAN_POINT('',(2.1765E1,-6.035E0,0.E0));
#10082=LINE('',#10081,#10080);
#10084=DIRECTION('',(0.E0,1.E0,0.E0));
#10085=VECTOR('',#10084,1.905E1);
#10086=CARTESIAN_POINT('',(2.5725E1,-6.035E0,0.E0));
#10087=LINE('',#10086,#10085);
#10089=CARTESIAN_POINT('',(-2.5755E1,-1.585E0,0.E0));
#10090=DIRECTION('',(0.E0,-1.E0,0.E0));
#10091=DIRECTION('',(1.E0,0.E0,0.E0));
#10092=AXIS2_PLACEMENT_3D('',#10089,#10090,#10091);
#10096=CARTESIAN_POINT('',(-2.5755E1,-1.585E0,0.E0));
#10097=DIRECTION('',(0.E0,-1.E0,0.E0));
#10098=DIRECTION('',(-1.E0,0.E0,0.E0));
#10099=AXIS2_PLACEMENT_3D('',#10096,#10097,#10098);
#10104=CARTESIAN_POINT('',(-2.1795E1,-1.585E0,0.E0));
#10105=DIRECTION('',(0.E0,-1.E0,0.E0));
#10106=DIRECTION('',(1.E0,0.E0,0.E0));
#10107=AXIS2_PLACEMENT_3D('',#10104,#10105,#10106);
#10111=CARTESIAN_POINT('',(-2.1795E1,-1.585E0,0.E0));
#10112=DIRECTION('',(0.E0,-1.E0,0.E0));
#10113=DIRECTION('',(-1.E0,0.E0,0.E0));
#10114=AXIS2_PLACEMENT_3D('',#10111,#10112,#10113);
#10119=CARTESIAN_POINT('',(-1.7835E1,-1.585E0,0.E0));
#10120=DIRECTION('',(0.E0,-1.E0,0.E0));
#10121=DIRECTION('',(1.E0,0.E0,0.E0));
#10122=AXIS2_PLACEMENT_3D('',#10119,#10120,#10121);
#10126=CARTESIAN_POINT('',(-1.7835E1,-1.585E0,0.E0));
#10127=DIRECTION('',(0.E0,-1.E0,0.E0));
#10128=DIRECTION('',(-1.E0,0.E0,0.E0));
#10129=AXIS2_PLACEMENT_3D('',#10126,#10127,#10128);
#10134=CARTESIAN_POINT('',(-1.3875E1,-1.585E0,0.E0));
#10135=DIRECTION('',(0.E0,-1.E0,0.E0));
#10136=DIRECTION('',(1.E0,0.E0,0.E0));
#10137=AXIS2_PLACEMENT_3D('',#10134,#10135,#10136);
#10141=CARTESIAN_POINT('',(-1.3875E1,-1.585E0,0.E0));
#10142=DIRECTION('',(0.E0,-1.E0,0.E0));
#10143=DIRECTION('',(-1.E0,0.E0,0.E0));
#10144=AXIS2_PLACEMENT_3D('',#10141,#10142,#10143);
#10149=CARTESIAN_POINT('',(-9.915E0,-1.585E0,0.E0));
#10150=DIRECTION('',(0.E0,-1.E0,0.E0));
#10151=DIRECTION('',(1.E0,0.E0,0.E0));
#10152=AXIS2_PLACEMENT_3D('',#10149,#10150,#10151);
#10156=CARTESIAN_POINT('',(-9.915E0,-1.585E0,0.E0));
#10157=DIRECTION('',(0.E0,-1.E0,0.E0));
#10158=DIRECTION('',(-1.E0,0.E0,0.E0));
#10159=AXIS2_PLACEMENT_3D('',#10156,#10157,#10158);
#10164=CARTESIAN_POINT('',(-5.955E0,-1.585E0,0.E0));
#10165=DIRECTION('',(0.E0,-1.E0,0.E0));
#10166=DIRECTION('',(1.E0,0.E0,0.E0));
#10167=AXIS2_PLACEMENT_3D('',#10164,#10165,#10166);
#10171=CARTESIAN_POINT('',(-5.955E0,-1.585E0,0.E0));
#10172=DIRECTION('',(0.E0,-1.E0,0.E0));
#10173=DIRECTION('',(-1.E0,0.E0,0.E0));
#10174=AXIS2_PLACEMENT_3D('',#10171,#10172,#10173);
#10179=CARTESIAN_POINT('',(-1.995E0,-1.585E0,0.E0));
#10180=DIRECTION('',(0.E0,-1.E0,0.E0));
#10181=DIRECTION('',(1.E0,0.E0,0.E0));
#10182=AXIS2_PLACEMENT_3D('',#10179,#10180,#10181);
#10186=CARTESIAN_POINT('',(-1.995E0,-1.585E0,0.E0));
#10187=DIRECTION('',(0.E0,-1.E0,0.E0));
#10188=DIRECTION('',(-1.E0,0.E0,0.E0));
#10189=AXIS2_PLACEMENT_3D('',#10186,#10187,#10188);
#10194=CARTESIAN_POINT('',(1.965E0,-1.585E0,0.E0));
#10195=DIRECTION('',(0.E0,-1.E0,0.E0));
#10196=DIRECTION('',(1.E0,0.E0,0.E0));
#10197=AXIS2_PLACEMENT_3D('',#10194,#10195,#10196);
#10201=CARTESIAN_POINT('',(1.965E0,-1.585E0,0.E0));
#10202=DIRECTION('',(0.E0,-1.E0,0.E0));
#10203=DIRECTION('',(-1.E0,0.E0,0.E0));
#10204=AXIS2_PLACEMENT_3D('',#10201,#10202,#10203);
#10209=CARTESIAN_POINT('',(5.925E0,-1.585E0,0.E0));
#10210=DIRECTION('',(0.E0,-1.E0,0.E0));
#10211=DIRECTION('',(1.E0,0.E0,0.E0));
#10212=AXIS2_PLACEMENT_3D('',#10209,#10210,#10211);
#10216=CARTESIAN_POINT('',(5.925E0,-1.585E0,0.E0));
#10217=DIRECTION('',(0.E0,-1.E0,0.E0));
#10218=DIRECTION('',(-1.E0,0.E0,0.E0));
#10219=AXIS2_PLACEMENT_3D('',#10216,#10217,#10218);
#10224=CARTESIAN_POINT('',(9.885E0,-1.585E0,0.E0));
#10225=DIRECTION('',(0.E0,-1.E0,0.E0));
#10226=DIRECTION('',(1.E0,0.E0,0.E0));
#10227=AXIS2_PLACEMENT_3D('',#10224,#10225,#10226);
#10231=CARTESIAN_POINT('',(9.885E0,-1.585E0,0.E0));
#10232=DIRECTION('',(0.E0,-1.E0,0.E0));
#10233=DIRECTION('',(-1.E0,0.E0,0.E0));
#10234=AXIS2_PLACEMENT_3D('',#10231,#10232,#10233);
#10239=CARTESIAN_POINT('',(1.3845E1,-1.585E0,0.E0));
#10240=DIRECTION('',(0.E0,-1.E0,0.E0));
#10241=DIRECTION('',(1.E0,0.E0,0.E0));
#10242=AXIS2_PLACEMENT_3D('',#10239,#10240,#10241);
#10246=CARTESIAN_POINT('',(1.3845E1,-1.585E0,0.E0));
#10247=DIRECTION('',(0.E0,-1.E0,0.E0));
#10248=DIRECTION('',(-1.E0,0.E0,0.E0));
#10249=AXIS2_PLACEMENT_3D('',#10246,#10247,#10248);
#10254=CARTESIAN_POINT('',(1.7805E1,-1.585E0,0.E0));
#10255=DIRECTION('',(0.E0,-1.E0,0.E0));
#10256=DIRECTION('',(1.E0,0.E0,0.E0));
#10257=AXIS2_PLACEMENT_3D('',#10254,#10255,#10256);
#10261=CARTESIAN_POINT('',(1.7805E1,-1.585E0,0.E0));
#10262=DIRECTION('',(0.E0,-1.E0,0.E0));
#10263=DIRECTION('',(-1.E0,0.E0,0.E0));
#10264=AXIS2_PLACEMENT_3D('',#10261,#10262,#10263);
#10269=CARTESIAN_POINT('',(2.1765E1,-1.585E0,0.E0));
#10270=DIRECTION('',(0.E0,-1.E0,0.E0));
#10271=DIRECTION('',(1.E0,0.E0,0.E0));
#10272=AXIS2_PLACEMENT_3D('',#10269,#10270,#10271);
#10276=CARTESIAN_POINT('',(2.1765E1,-1.585E0,0.E0));
#10277=DIRECTION('',(0.E0,-1.E0,0.E0));
#10278=DIRECTION('',(-1.E0,0.E0,0.E0));
#10279=AXIS2_PLACEMENT_3D('',#10276,#10277,#10278);
#10284=CARTESIAN_POINT('',(2.5725E1,-1.585E0,0.E0));
#10285=DIRECTION('',(0.E0,-1.E0,0.E0));
#10286=DIRECTION('',(1.E0,0.E0,0.E0));
#10287=AXIS2_PLACEMENT_3D('',#10284,#10285,#10286);
#10291=CARTESIAN_POINT('',(2.5725E1,-1.585E0,0.E0));
#10292=DIRECTION('',(0.E0,-1.E0,0.E0));
#10293=DIRECTION('',(-1.E0,0.E0,0.E0));
#10294=AXIS2_PLACEMENT_3D('',#10291,#10292,#10293);
#10300=DIMENSIONAL_EXPONENTS(0.E0,0.E0,0.E0,0.E0,0.E0,0.E0,0.E0);
#10302=PLANE_ANGLE_MEASURE_WITH_UNIT(PLANE_ANGLE_MEASURE(1.745329251994E-2),
#10301);
#10303=(CONVERSION_BASED_UNIT('DEGREE',#10302)NAMED_UNIT(*)PLANE_ANGLE_UNIT());
#10305=UNCERTAINTY_MEASURE_WITH_UNIT(LENGTH_MEASURE(6.111411167071E-3),#10299,
'closure',
'Maximum model space distance between geometric entities at asserted connectivities');
#10306=(GEOMETRIC_REPRESENTATION_CONTEXT(3)GLOBAL_UNCERTAINTY_ASSIGNED_CONTEXT((
#10305))GLOBAL_UNIT_ASSIGNED_CONTEXT((#10299,#10303,#10304))REPRESENTATION_CONTEXT('ID1','3'));
#10023=GEOMETRIC_SET('',(#10022,#10028,#10033,#10038,#10043,#10048,#10053,
#10058,#10063,#10068,#10073,#10078,#10083,#10088,#10103,#10118,#10133,#10148,
#10163,#10178,#10193,#10208,#10223,#10238,#10253,#10268,#10283,#10298));
#10310=SHAPE_REPRESENTATION_RELATIONSHIP('','',#10309,#10307);
#10311=SHAPE_REPRESENTATION_RELATIONSHIP('','',#10309,#10308);
#10312=APPLICATION_CONTEXT(
'CONFIGURATION CONTROLLED 3D DESIGNS OF MECHANICAL PARTS AND ASSEMBLIES');
#10313=APPLICATION_PROTOCOL_DEFINITION('international standard',
'config_control_design',1994,#10312);
#10314=DESIGN_CONTEXT('',#10312,'design');
#10315=MECHANICAL_CONTEXT('',#10312,'mechanical');
#10316=PRODUCT('026192141','026192141','NOT SPECIFIED',(#10315));
#10317=PRODUCT_DEFINITION_FORMATION_WITH_SPECIFIED_SOURCE('1','LAST_VERSION',
#10316,.MADE.);
#10321=PRODUCT_CATEGORY('part','');
#10322=PRODUCT_RELATED_PRODUCT_CATEGORY('detail','',(#10316));
#10323=PRODUCT_CATEGORY_RELATIONSHIP('','',#10321,#10322);
#10324=SECURITY_CLASSIFICATION_LEVEL('unclassified');
#10325=SECURITY_CLASSIFICATION('','',#10324);
#10326=CC_DESIGN_SECURITY_CLASSIFICATION(#10325,(#10317));
#10327=APPROVAL_STATUS('approved');
#10328=APPROVAL(#10327,'');
#10329=CC_DESIGN_APPROVAL(#10328,(#10325,#10317,#10318));
#10330=CALENDAR_DATE(114,8,9);
#10331=COORDINATED_UNIVERSAL_TIME_OFFSET(5,30,.AHEAD.);
#10332=LOCAL_TIME(15,56,3.E0,#10331);
#10333=DATE_AND_TIME(#10330,#10332);
#10334=APPROVAL_DATE_TIME(#10333,#10328);
#10335=DATE_TIME_ROLE('creation_date');
#10336=CC_DESIGN_DATE_AND_TIME_ASSIGNMENT(#10333,#10335,(#10318));
#10337=DATE_TIME_ROLE('classification_date');
#10338=CC_DESIGN_DATE_AND_TIME_ASSIGNMENT(#10333,#10337,(#10325));
#10339=PERSON('UNSPECIFIED','UNSPECIFIED',$,$,$,$);
#10340=ORGANIZATION('UNSPECIFIED','UNSPECIFIED','UNSPECIFIED');
#10341=PERSON_AND_ORGANIZATION(#10339,#10340);
#10342=APPROVAL_ROLE('approver');
#10343=APPROVAL_PERSON_ORGANIZATION(#10341,#10328,#10342);
#10344=PERSON_AND_ORGANIZATION_ROLE('creator');
#10345=CC_DESIGN_PERSON_AND_ORGANIZATION_ASSIGNMENT(#10341,#10344,(#10317,
#10318));
#10346=PERSON_AND_ORGANIZATION_ROLE('design_supplier');
#10347=CC_DESIGN_PERSON_AND_ORGANIZATION_ASSIGNMENT(#10341,#10346,(#10317));
#10348=PERSON_AND_ORGANIZATION_ROLE('classification_officer');
#10349=CC_DESIGN_PERSON_AND_ORGANIZATION_ASSIGNMENT(#10341,#10348,(#10325));
#10350=PERSON_AND_ORGANIZATION_ROLE('design_owner');
#10351=CC_DESIGN_PERSON_AND_ORGANIZATION_ASSIGNMENT(#10341,#10350,(#10316));
#1705=CIRCLE('',#1704,5.7E-1);
#1710=CIRCLE('',#1709,5.7E-1);
#1723=CIRCLE('',#1722,5.7E-1);
#1740=CIRCLE('',#1739,5.7E-1);
#1753=CIRCLE('',#1752,5.7E-1);
#1762=CIRCLE('',#1761,5.7E-1);
#1767=CIRCLE('',#1766,2.3E-1);
#1772=CIRCLE('',#1771,2.3E-1);
#1781=CIRCLE('',#1780,5.7E-1);
#1786=CIRCLE('',#1785,5.7E-1);
#1799=CIRCLE('',#1798,2.3E-1);
#1808=CIRCLE('',#1807,2.3E-1);
#1825=CIRCLE('',#1824,5.7E-1);
#1830=CIRCLE('',#1829,5.7E-1);
#1839=CIRCLE('',#1838,5.7E-1);
#1844=CIRCLE('',#1843,5.7E-1);
#1849=CIRCLE('',#1848,5.7E-1);
#1874=CIRCLE('',#1873,5.7E-1);
#1887=CIRCLE('',#1886,5.7E-1);
#1896=CIRCLE('',#1895,5.7E-1);
#1901=CIRCLE('',#1900,2.3E-1);
#1906=CIRCLE('',#1905,2.3E-1);
#1915=CIRCLE('',#1914,2.3E-1);
#1924=CIRCLE('',#1923,2.3E-1);
#1945=CIRCLE('',#1944,5.7E-1);
#1950=CIRCLE('',#1949,5.7E-1);
#1959=CIRCLE('',#1958,5.7E-1);
#1964=CIRCLE('',#1963,5.7E-1);
#1969=CIRCLE('',#1968,5.7E-1);
#1994=CIRCLE('',#1993,5.7E-1);
#2007=CIRCLE('',#2006,5.7E-1);
#2016=CIRCLE('',#2015,5.7E-1);
#2021=CIRCLE('',#2020,2.3E-1);
#2026=CIRCLE('',#2025,2.3E-1);
#2035=CIRCLE('',#2034,2.3E-1);
#2044=CIRCLE('',#2043,2.3E-1);
#2065=CIRCLE('',#2064,5.7E-1);
#2070=CIRCLE('',#2069,5.7E-1);
#2079=CIRCLE('',#2078,5.7E-1);
#2084=CIRCLE('',#2083,5.7E-1);
#2089=CIRCLE('',#2088,5.7E-1);
#2114=CIRCLE('',#2113,5.7E-1);
#2127=CIRCLE('',#2126,5.7E-1);
#2136=CIRCLE('',#2135,5.7E-1);
#2141=CIRCLE('',#2140,2.3E-1);
#2146=CIRCLE('',#2145,2.3E-1);
#2155=CIRCLE('',#2154,2.3E-1);
#2164=CIRCLE('',#2163,2.3E-1);
#2185=CIRCLE('',#2184,5.7E-1);
#2190=CIRCLE('',#2189,5.7E-1);
#2199=CIRCLE('',#2198,5.7E-1);
#2204=CIRCLE('',#2203,5.7E-1);
#2209=CIRCLE('',#2208,5.7E-1);
#2234=CIRCLE('',#2233,5.7E-1);
#2247=CIRCLE('',#2246,5.7E-1);
#2256=CIRCLE('',#2255,5.7E-1);
#2261=CIRCLE('',#2260,2.3E-1);
#2266=CIRCLE('',#2265,2.3E-1);
#2275=CIRCLE('',#2274,2.3E-1);
#2284=CIRCLE('',#2283,2.3E-1);
#2305=CIRCLE('',#2304,5.7E-1);
#2310=CIRCLE('',#2309,5.7E-1);
#2319=CIRCLE('',#2318,5.7E-1);
#2324=CIRCLE('',#2323,5.7E-1);
#2329=CIRCLE('',#2328,5.7E-1);
#2354=CIRCLE('',#2353,5.7E-1);
#2367=CIRCLE('',#2366,5.7E-1);
#2376=CIRCLE('',#2375,5.7E-1);
#2381=CIRCLE('',#2380,2.3E-1);
#2386=CIRCLE('',#2385,2.3E-1);
#2395=CIRCLE('',#2394,2.3E-1);
#2404=CIRCLE('',#2403,2.3E-1);
#2425=CIRCLE('',#2424,5.7E-1);
#2430=CIRCLE('',#2429,5.7E-1);
#2439=CIRCLE('',#2438,5.7E-1);
#2444=CIRCLE('',#2443,5.7E-1);
#2449=CIRCLE('',#2448,5.7E-1);
#2474=CIRCLE('',#2473,5.7E-1);
#2487=CIRCLE('',#2486,5.7E-1);
#2496=CIRCLE('',#2495,5.7E-1);
#2501=CIRCLE('',#2500,2.3E-1);
#2506=CIRCLE('',#2505,2.3E-1);
#2515=CIRCLE('',#2514,2.3E-1);
#2524=CIRCLE('',#2523,2.3E-1);
#2545=CIRCLE('',#2544,5.7E-1);
#2550=CIRCLE('',#2549,5.7E-1);
#2559=CIRCLE('',#2558,5.7E-1);
#2564=CIRCLE('',#2563,5.7E-1);
#2569=CIRCLE('',#2568,5.7E-1);
#2594=CIRCLE('',#2593,5.7E-1);
#2607=CIRCLE('',#2606,5.7E-1);
#2616=CIRCLE('',#2615,5.7E-1);
#2621=CIRCLE('',#2620,2.3E-1);
#2626=CIRCLE('',#2625,2.3E-1);
#2635=CIRCLE('',#2634,2.3E-1);
#2644=CIRCLE('',#2643,2.3E-1);
#2665=CIRCLE('',#2664,5.7E-1);
#2670=CIRCLE('',#2669,5.7E-1);
#2679=CIRCLE('',#2678,5.7E-1);
#2684=CIRCLE('',#2683,5.7E-1);
#2689=CIRCLE('',#2688,5.7E-1);
#2714=CIRCLE('',#2713,5.7E-1);
#2727=CIRCLE('',#2726,5.7E-1);
#2736=CIRCLE('',#2735,5.7E-1);
#2741=CIRCLE('',#2740,2.3E-1);
#2746=CIRCLE('',#2745,2.3E-1);
#2755=CIRCLE('',#2754,2.3E-1);
#2764=CIRCLE('',#2763,2.3E-1);
#2785=CIRCLE('',#2784,5.7E-1);
#2790=CIRCLE('',#2789,5.7E-1);
#2799=CIRCLE('',#2798,5.7E-1);
#2804=CIRCLE('',#2803,5.7E-1);
#2809=CIRCLE('',#2808,5.7E-1);
#2834=CIRCLE('',#2833,5.7E-1);
#2847=CIRCLE('',#2846,5.7E-1);
#2856=CIRCLE('',#2855,5.7E-1);
#2861=CIRCLE('',#2860,2.3E-1);
#2866=CIRCLE('',#2865,2.3E-1);
#2875=CIRCLE('',#2874,2.3E-1);
#2884=CIRCLE('',#2883,2.3E-1);
#2905=CIRCLE('',#2904,5.7E-1);
#2910=CIRCLE('',#2909,5.7E-1);
#2919=CIRCLE('',#2918,5.7E-1);
#2924=CIRCLE('',#2923,5.7E-1);
#2929=CIRCLE('',#2928,5.7E-1);
#2954=CIRCLE('',#2953,5.7E-1);
#2967=CIRCLE('',#2966,5.7E-1);
#2976=CIRCLE('',#2975,5.7E-1);
#2981=CIRCLE('',#2980,2.3E-1);
#2986=CIRCLE('',#2985,2.3E-1);
#2995=CIRCLE('',#2994,2.3E-1);
#3004=CIRCLE('',#3003,2.3E-1);
#3025=CIRCLE('',#3024,5.7E-1);
#3030=CIRCLE('',#3029,5.7E-1);
#3039=CIRCLE('',#3038,5.7E-1);
#3044=CIRCLE('',#3043,5.7E-1);
#3049=CIRCLE('',#3048,5.7E-1);
#3074=CIRCLE('',#3073,5.7E-1);
#3087=CIRCLE('',#3086,5.7E-1);
#3096=CIRCLE('',#3095,5.7E-1);
#3101=CIRCLE('',#3100,2.3E-1);
#3106=CIRCLE('',#3105,2.3E-1);
#3115=CIRCLE('',#3114,2.3E-1);
#3124=CIRCLE('',#3123,2.3E-1);
#3145=CIRCLE('',#3144,5.7E-1);
#3150=CIRCLE('',#3149,5.7E-1);
#3159=CIRCLE('',#3158,5.7E-1);
#3164=CIRCLE('',#3163,5.7E-1);
#3169=CIRCLE('',#3168,5.7E-1);
#3194=CIRCLE('',#3193,5.7E-1);
#3207=CIRCLE('',#3206,5.7E-1);
#3216=CIRCLE('',#3215,5.7E-1);
#3221=CIRCLE('',#3220,2.3E-1);
#3226=CIRCLE('',#3225,2.3E-1);
#3235=CIRCLE('',#3234,2.3E-1);
#3244=CIRCLE('',#3243,2.3E-1);
#3265=CIRCLE('',#3264,5.7E-1);
#3270=CIRCLE('',#3269,5.7E-1);
#3275=CIRCLE('',#3274,5.7E-1);
#3280=CIRCLE('',#3279,5.7E-1);
#3285=CIRCLE('',#3284,5.7E-1);
#3310=CIRCLE('',#3309,5.7E-1);
#3323=CIRCLE('',#3322,5.7E-1);
#3332=CIRCLE('',#3331,5.7E-1);
#3337=CIRCLE('',#3336,2.3E-1);
#3342=CIRCLE('',#3341,2.3E-1);
#3351=CIRCLE('',#3350,2.3E-1);
#3360=CIRCLE('',#3359,2.3E-1);
#4686=EDGE_CURVE('',#4663,#4664,#4,.T.);
#4688=EDGE_CURVE('',#4648,#4663,#864,.T.);
#4690=EDGE_CURVE('',#4648,#4646,#8,.T.);
#4692=EDGE_CURVE('',#4644,#4646,#12,.T.);
#4694=EDGE_CURVE('',#4643,#4644,#16,.T.);
#4696=EDGE_CURVE('',#4628,#4643,#852,.T.);
#4698=EDGE_CURVE('',#4628,#4626,#20,.T.);
#4700=EDGE_CURVE('',#4624,#4626,#24,.T.);
#4702=EDGE_CURVE('',#4623,#4624,#28,.T.);
#4704=EDGE_CURVE('',#3624,#4623,#840,.T.);
#4706=EDGE_CURVE('',#3624,#3622,#32,.T.);
#4708=EDGE_CURVE('',#3620,#3622,#36,.T.);
#4710=EDGE_CURVE('',#3619,#3620,#40,.T.);
#4712=EDGE_CURVE('',#3654,#3619,#828,.T.);
#4714=EDGE_CURVE('',#3590,#3654,#804,.T.);
#4716=EDGE_CURVE('',#3590,#3600,#44,.T.);
#4718=EDGE_CURVE('',#3600,#3598,#48,.T.);
#4720=EDGE_CURVE('',#3596,#3598,#52,.T.);
#4722=EDGE_CURVE('',#3595,#3596,#56,.T.);
#4724=EDGE_CURVE('',#3595,#3714,#60,.T.);
#4726=EDGE_CURVE('',#3714,#3712,#64,.T.);
#4728=EDGE_CURVE('',#3710,#3712,#68,.T.);
#4730=EDGE_CURVE('',#3709,#3710,#72,.T.);
#4732=EDGE_CURVE('',#3709,#3738,#76,.T.);
#4734=EDGE_CURVE('',#3738,#3736,#80,.T.);
#4736=EDGE_CURVE('',#3734,#3736,#84,.T.);
#4738=EDGE_CURVE('',#3733,#3734,#88,.T.);
#4740=EDGE_CURVE('',#3733,#3762,#92,.T.);
#4742=EDGE_CURVE('',#3762,#3760,#96,.T.);
#4744=EDGE_CURVE('',#3758,#3760,#100,.T.);
#4746=EDGE_CURVE('',#3757,#3758,#104,.T.);
#4748=EDGE_CURVE('',#3757,#3786,#108,.T.);
#4750=EDGE_CURVE('',#3786,#3784,#112,.T.);
#4752=EDGE_CURVE('',#3782,#3784,#116,.T.);
#4754=EDGE_CURVE('',#3781,#3782,#120,.T.);
#4756=EDGE_CURVE('',#3781,#4010,#124,.T.);
#4758=EDGE_CURVE('',#4010,#4008,#128,.T.);
#4760=EDGE_CURVE('',#4006,#4008,#132,.T.);
#4762=EDGE_CURVE('',#4005,#4006,#136,.T.);
#4764=EDGE_CURVE('',#4005,#4070,#140,.T.);
#4766=EDGE_CURVE('',#4070,#4068,#144,.T.);
#4768=EDGE_CURVE('',#4066,#4068,#148,.T.);
#4770=EDGE_CURVE('',#4065,#4066,#152,.T.);
#4772=EDGE_CURVE('',#4065,#4144,#156,.T.);
#4774=EDGE_CURVE('',#4144,#4142,#160,.T.);
#4776=EDGE_CURVE('',#4140,#4142,#164,.T.);
#4778=EDGE_CURVE('',#4139,#4140,#168,.T.);
#4780=EDGE_CURVE('',#4139,#4212,#172,.T.);
#4782=EDGE_CURVE('',#4212,#4210,#176,.T.);
#4784=EDGE_CURVE('',#4208,#4210,#180,.T.);
#4786=EDGE_CURVE('',#4207,#4208,#184,.T.);
#4788=EDGE_CURVE('',#4207,#4282,#188,.T.);
#4790=EDGE_CURVE('',#4282,#4280,#192,.T.);
#4792=EDGE_CURVE('',#4278,#4280,#196,.T.);
#4794=EDGE_CURVE('',#4277,#4278,#200,.T.);
#4796=EDGE_CURVE('',#4277,#4352,#204,.T.);
#4798=EDGE_CURVE('',#4352,#4350,#208,.T.);
#4800=EDGE_CURVE('',#4348,#4350,#212,.T.);
#4802=EDGE_CURVE('',#4347,#4348,#216,.T.);
#4804=EDGE_CURVE('',#4347,#4420,#220,.T.);
#4806=EDGE_CURVE('',#4420,#4418,#224,.T.);
#4808=EDGE_CURVE('',#4416,#4418,#228,.T.);
#4810=EDGE_CURVE('',#4415,#4416,#232,.T.);
#4812=EDGE_CURVE('',#4415,#4490,#236,.T.);
#4814=EDGE_CURVE('',#4490,#4488,#240,.T.);
#4816=EDGE_CURVE('',#4486,#4488,#244,.T.);
#4818=EDGE_CURVE('',#4485,#4486,#248,.T.);
#4820=EDGE_CURVE('',#4485,#4560,#252,.T.);
#4822=EDGE_CURVE('',#4560,#4558,#256,.T.);
#4824=EDGE_CURVE('',#4556,#4558,#260,.T.);
#4826=EDGE_CURVE('',#4555,#4556,#264,.T.);
#4828=EDGE_CURVE('',#4555,#3592,#268,.T.);
#4830=EDGE_CURVE('',#3592,#3647,#272,.T.);
#4832=EDGE_CURVE('',#4668,#3647,#872,.T.);
#4834=EDGE_CURVE('',#4668,#4666,#276,.T.);
#4836=EDGE_CURVE('',#4664,#4666,#280,.T.);
#4847=EDGE_CURVE('',#4678,#4664,#684,.T.);
#4849=EDGE_CURVE('',#4674,#4678,#732,.T.);
#4851=EDGE_CURVE('',#4670,#4674,#784,.T.);
#4853=EDGE_CURVE('',#4663,#4670,#856,.T.);
#4863=EDGE_CURVE('',#3659,#3660,#284,.T.);
#4865=EDGE_CURVE('',#3659,#3588,#288,.T.);
#4867=EDGE_CURVE('',#3588,#4568,#1248,.T.);
#4869=EDGE_CURVE('',#3660,#4568,#292,.T.);
#4879=EDGE_CURVE('',#3662,#3583,#820,.T.);
#4881=EDGE_CURVE('',#3668,#3662,#296,.T.);
#4883=EDGE_CURVE('',#3668,#3603,#300,.T.);
#4885=EDGE_CURVE('',#3603,#3583,#1488,.T.);
#4895=EDGE_CURVE('',#3665,#3666,#304,.T.);
#4897=EDGE_CURVE('',#3665,#4563,#308,.T.);
#4899=EDGE_CURVE('',#4563,#4498,#1696,.T.);
#4901=EDGE_CURVE('',#3666,#4498,#312,.T.);
#4905=EDGE_CURVE('',#4615,#4616,#604,.T.);
#4907=EDGE_CURVE('',#4616,#4618,#608,.T.);
#4909=EDGE_CURVE('',#4618,#4620,#612,.T.);
#4911=EDGE_CURVE('',#4620,#4615,#616,.T.);
#4921=EDGE_CURVE('',#3670,#3608,#316,.T.);
#4923=EDGE_CURVE('',#3813,#3670,#320,.T.);
#4925=EDGE_CURVE('',#3813,#3717,#324,.T.);
#4927=EDGE_CURVE('',#3717,#3608,#1504,.T.);
#4931=EDGE_CURVE('',#3639,#3640,#412,.T.);
#4933=EDGE_CURVE('',#3640,#3642,#416,.T.);
#4935=EDGE_CURVE('',#3642,#3644,#420,.T.);
#4937=EDGE_CURVE('',#3644,#3639,#424,.T.);
#4947=EDGE_CURVE('',#3805,#3806,#328,.T.);
#4949=EDGE_CURVE('',#3805,#4423,#332,.T.);
#4951=EDGE_CURVE('',#4423,#4360,#1664,.T.);
#4953=EDGE_CURVE('',#3806,#4360,#336,.T.);
#4957=EDGE_CURVE('',#4477,#4478,#572,.T.);
#4959=EDGE_CURVE('',#4478,#4480,#576,.T.);
#4961=EDGE_CURVE('',#4480,#4482,#580,.T.);
#4963=EDGE_CURVE('',#4482,#4477,#584,.T.);
#4973=EDGE_CURVE('',#3809,#3810,#340,.T.);
#4975=EDGE_CURVE('',#3809,#4355,#344,.T.);
#4977=EDGE_CURVE('',#4355,#4290,#1648,.T.);
#4979=EDGE_CURVE('',#3810,#4290,#348,.T.);
#4983=EDGE_CURVE('',#4407,#4408,#556,.T.);
#4985=EDGE_CURVE('',#4408,#4410,#560,.T.);
#4987=EDGE_CURVE('',#4410,#4412,#564,.T.);
#4989=EDGE_CURVE('',#4412,#4407,#568,.T.);
#4999=EDGE_CURVE('',#3818,#3722,#352,.T.);
#5001=EDGE_CURVE('',#3821,#3818,#356,.T.);
#5003=EDGE_CURVE('',#3821,#3741,#360,.T.);
#5005=EDGE_CURVE('',#3741,#3722,#1520,.T.);
#5009=EDGE_CURVE('',#3949,#3950,#428,.T.);
#5011=EDGE_CURVE('',#3950,#3952,#432,.T.);
#5013=EDGE_CURVE('',#3952,#3954,#436,.T.);
#5015=EDGE_CURVE('',#3954,#3949,#440,.T.);
#5025=EDGE_CURVE('',#3834,#3770,#364,.T.);
#5027=EDGE_CURVE('',#3837,#3834,#368,.T.);
#5029=EDGE_CURVE('',#3837,#3789,#372,.T.);
#5031=EDGE_CURVE('',#3789,#3770,#1552,.T.);
#5035=EDGE_CURVE('',#3981,#3982,#460,.T.);
#5037=EDGE_CURVE('',#3982,#3984,#464,.T.);
#5039=EDGE_CURVE('',#3984,#3986,#468,.T.);
#5041=EDGE_CURVE('',#3986,#3981,#472,.T.);
#5051=EDGE_CURVE('',#3842,#3794,#376,.T.);
#5053=EDGE_CURVE('',#4057,#3842,#380,.T.);
#5055=EDGE_CURVE('',#4057,#4013,#384,.T.);
#5057=EDGE_CURVE('',#4013,#3794,#1568,.T.);
#5061=EDGE_CURVE('',#3997,#3998,#476,.T.);
#5063=EDGE_CURVE('',#3998,#4000,#480,.T.);
#5065=EDGE_CURVE('',#4000,#4002,#484,.T.);
#5067=EDGE_CURVE('',#4002,#3997,#488,.T.);
#5077=EDGE_CURVE('',#4053,#4054,#388,.T.);
#5079=EDGE_CURVE('',#4053,#4215,#392,.T.);
#5081=EDGE_CURVE('',#4215,#4152,#1616,.T.);
#5083=EDGE_CURVE('',#4054,#4152,#396,.T.);
#5087=EDGE_CURVE('',#4269,#4270,#524,.T.);
#5089=EDGE_CURVE('',#4270,#4272,#528,.T.);
#5091=EDGE_CURVE('',#4272,#4274,#532,.T.);
#5093=EDGE_CURVE('',#4274,#4269,#536,.T.);
#5103=EDGE_CURVE('',#4113,#4114,#400,.T.);
#5105=EDGE_CURVE('',#4113,#4147,#404,.T.);
#5107=EDGE_CURVE('',#4147,#4078,#1600,.T.);
#5109=EDGE_CURVE('',#4114,#4078,#408,.T.);
#5113=EDGE_CURVE('',#4199,#4200,#508,.T.);
#5115=EDGE_CURVE('',#4200,#4202,#512,.T.);
#5117=EDGE_CURVE('',#4202,#4204,#516,.T.);
#5119=EDGE_CURVE('',#4204,#4199,#520,.T.);
#5129=EDGE_CURVE('',#3626,#3826,#620,.T.);
#5131=EDGE_CURVE('',#3626,#3620,#624,.T.);
#5134=EDGE_CURVE('',#3628,#3622,#876,.T.);
#5136=EDGE_CURVE('',#3829,#3628,#628,.T.);
#5138=EDGE_CURVE('',#3829,#3765,#632,.T.);
#5140=EDGE_CURVE('',#3765,#3746,#1536,.T.);
#5142=EDGE_CURVE('',#3826,#3746,#636,.T.);
#5146=EDGE_CURVE('',#3965,#3966,#444,.T.);
#5148=EDGE_CURVE('',#3966,#3968,#448,.T.);
#5150=EDGE_CURVE('',#3968,#3970,#452,.T.);
#5152=EDGE_CURVE('',#3970,#3965,#456,.T.);
#5162=EDGE_CURVE('',#4638,#4062,#640,.T.);
#5164=EDGE_CURVE('',#4638,#4624,#644,.T.);
#5167=EDGE_CURVE('',#4640,#4626,#880,.T.);
#5169=EDGE_CURVE('',#4117,#4640,#648,.T.);
#5171=EDGE_CURVE('',#4117,#4073,#652,.T.);
#5173=EDGE_CURVE('',#4073,#4018,#1584,.T.);
#5175=EDGE_CURVE('',#4062,#4018,#656,.T.);
#5179=EDGE_CURVE('',#4131,#4132,#492,.T.);
#5181=EDGE_CURVE('',#4132,#4134,#496,.T.);
#5183=EDGE_CURVE('',#4134,#4136,#500,.T.);
#5185=EDGE_CURVE('',#4136,#4131,#504,.T.);
#5195=EDGE_CURVE('',#4658,#4258,#660,.T.);
#5197=EDGE_CURVE('',#4658,#4644,#664,.T.);
#5200=EDGE_CURVE('',#4660,#4646,#884,.T.);
#5202=EDGE_CURVE('',#4325,#4660,#668,.T.);
#5204=EDGE_CURVE('',#4325,#4285,#672,.T.);
#5206=EDGE_CURVE('',#4285,#4220,#1632,.T.);
#5208=EDGE_CURVE('',#4258,#4220,#676,.T.);
#5212=EDGE_CURVE('',#4339,#4340,#540,.T.);
#5214=EDGE_CURVE('',#4340,#4342,#544,.T.);
#5216=EDGE_CURVE('',#4342,#4344,#548,.T.);
#5218=EDGE_CURVE('',#4344,#4339,#552,.T.);
#5228=EDGE_CURVE('',#4678,#4466,#680,.T.);
#5232=EDGE_CURVE('',#4680,#4666,#888,.T.);
#5234=EDGE_CURVE('',#4533,#4680,#688,.T.);
#5236=EDGE_CURVE('',#4533,#4493,#692,.T.);
#5238=EDGE_CURVE('',#4493,#4428,#1680,.T.);
#5240=EDGE_CURVE('',#4466,#4428,#696,.T.);
#5244=EDGE_CURVE('',#4547,#4548,#588,.T.);
#5246=EDGE_CURVE('',#4548,#4550,#592,.T.);
#5248=EDGE_CURVE('',#4550,#4552,#596,.T.);
#5250=EDGE_CURVE('',#4552,#4547,#600,.T.);
#5260=EDGE_CURVE('',#3704,#3626,#700,.T.);
#5263=EDGE_CURVE('',#3824,#3826,#3128,.T.);
#5265=EDGE_CURVE('',#3822,#3824,#3053,.T.);
#5267=EDGE_CURVE('',#3821,#3822,#3136,.T.);
#5270=EDGE_CURVE('',#3816,#3818,#3248,.T.);
#5272=EDGE_CURVE('',#3814,#3816,#3173,.T.);
#5274=EDGE_CURVE('',#3813,#3814,#3256,.T.);
#5277=EDGE_CURVE('',#3698,#3670,#3368,.T.);
#5279=EDGE_CURVE('',#3696,#3698,#3289,.T.);
#5281=EDGE_CURVE('',#3668,#3696,#3372,.T.);
#5284=EDGE_CURVE('',#3656,#3662,#816,.T.);
#5286=EDGE_CURVE('',#3656,#3704,#704,.T.);
#5296=EDGE_CURVE('',#4634,#4638,#708,.T.);
#5299=EDGE_CURVE('',#4060,#4062,#2768,.T.);
#5301=EDGE_CURVE('',#4058,#4060,#2693,.T.);
#5303=EDGE_CURVE('',#4057,#4058,#2776,.T.);
#5306=EDGE_CURVE('',#3840,#3842,#2888,.T.);
#5308=EDGE_CURVE('',#3838,#3840,#2813,.T.);
#5310=EDGE_CURVE('',#3837,#3838,#2896,.T.);
#5313=EDGE_CURVE('',#3832,#3834,#3008,.T.);
#5315=EDGE_CURVE('',#3830,#3832,#2933,.T.);
#5317=EDGE_CURVE('',#3829,#3830,#3016,.T.);
#5320=EDGE_CURVE('',#3706,#3628,#712,.T.);
#5322=EDGE_CURVE('',#3706,#4634,#716,.T.);
#5332=EDGE_CURVE('',#4654,#4658,#720,.T.);
#5335=EDGE_CURVE('',#4256,#4258,#2408,.T.);
#5337=EDGE_CURVE('',#4254,#4256,#2333,.T.);
#5339=EDGE_CURVE('',#4053,#4254,#2416,.T.);
#5342=EDGE_CURVE('',#4188,#4054,#2528,.T.);
#5344=EDGE_CURVE('',#4186,#4188,#2453,.T.);
#5346=EDGE_CURVE('',#4113,#4186,#2536,.T.);
#5349=EDGE_CURVE('',#4120,#4114,#2648,.T.);
#5351=EDGE_CURVE('',#4118,#4120,#2573,.T.);
#5353=EDGE_CURVE('',#4117,#4118,#2656,.T.);
#5356=EDGE_CURVE('',#4636,#4640,#724,.T.);
#5358=EDGE_CURVE('',#4636,#4654,#728,.T.);
#5370=EDGE_CURVE('',#4464,#4466,#2048,.T.);
#5372=EDGE_CURVE('',#4462,#4464,#1973,.T.);
#5374=EDGE_CURVE('',#3805,#4462,#2056,.T.);
#5377=EDGE_CURVE('',#4396,#3806,#2168,.T.);
#5379=EDGE_CURVE('',#4394,#4396,#2093,.T.);
#5381=EDGE_CURVE('',#3809,#4394,#2176,.T.);
#5384=EDGE_CURVE('',#4328,#3810,#2288,.T.);
#5386=EDGE_CURVE('',#4326,#4328,#2213,.T.);
#5388=EDGE_CURVE('',#4325,#4326,#2296,.T.);
#5391=EDGE_CURVE('',#4656,#4660,#736,.T.);
#5393=EDGE_CURVE('',#4656,#4674,#740,.T.);
#5403=EDGE_CURVE('',#4676,#4680,#744,.T.);
#5405=EDGE_CURVE('',#4676,#3650,#748,.T.);
#5407=EDGE_CURVE('',#3650,#3659,#892,.T.);
#5410=EDGE_CURVE('',#4604,#3660,#1812,.T.);
#5412=EDGE_CURVE('',#4602,#4604,#1714,.T.);
#5414=EDGE_CURVE('',#3665,#4602,#1700,.T.);
#5417=EDGE_CURVE('',#4536,#3666,#1928,.T.);
#5419=EDGE_CURVE('',#4534,#4536,#1853,.T.);
#5421=EDGE_CURVE('',#4533,#4534,#1936,.T.);
#5435=EDGE_CURVE('',#3700,#3704,#752,.T.);
#5437=EDGE_CURVE('',#3619,#3700,#824,.T.);
#5449=EDGE_CURVE('',#3656,#3653,#812,.T.);
#5451=EDGE_CURVE('',#3653,#3700,#756,.T.);
#5461=EDGE_CURVE('',#4630,#4634,#760,.T.);
#5464=EDGE_CURVE('',#3702,#3706,#764,.T.);
#5466=EDGE_CURVE('',#3702,#4630,#768,.T.);
#5476=EDGE_CURVE('',#4650,#4654,#772,.T.);
#5479=EDGE_CURVE('',#4632,#4636,#776,.T.);
#5481=EDGE_CURVE('',#4632,#4650,#780,.T.);
#5493=EDGE_CURVE('',#4652,#4656,#788,.T.);
#5495=EDGE_CURVE('',#4652,#4670,#792,.T.);
#5505=EDGE_CURVE('',#4672,#4676,#796,.T.);
#5507=EDGE_CURVE('',#4672,#3648,#800,.T.);
#5509=EDGE_CURVE('',#3648,#3650,#896,.T.);
#5521=EDGE_CURVE('',#3653,#3654,#808,.T.);
#5526=EDGE_CURVE('',#3583,#3584,#1484,.T.);
#5528=EDGE_CURVE('',#3590,#3584,#912,.T.);
#5550=EDGE_CURVE('',#4623,#4630,#832,.T.);
#5553=EDGE_CURVE('',#3624,#3702,#836,.T.);
#5564=EDGE_CURVE('',#4643,#4650,#844,.T.);
#5567=EDGE_CURVE('',#4628,#4632,#848,.T.);
#5580=EDGE_CURVE('',#4648,#4652,#860,.T.);
#5591=EDGE_CURVE('',#4668,#4672,#868,.T.);
#5594=EDGE_CURVE('',#3647,#3648,#900,.T.);
#5688=EDGE_CURVE('',#3592,#3587,#904,.T.);
#5690=EDGE_CURVE('',#3587,#3588,#1252,.T.);
#5700=EDGE_CURVE('',#3600,#3616,#908,.T.);
#5704=EDGE_CURVE('',#3584,#3616,#1480,.T.);
#5714=EDGE_CURVE('',#3714,#3730,#916,.T.);
#5717=EDGE_CURVE('',#3595,#3611,#920,.T.);
#5719=EDGE_CURVE('',#3611,#3730,#1464,.T.);
#5723=EDGE_CURVE('',#3631,#3632,#1024,.T.);
#5725=EDGE_CURVE('',#3636,#3631,#1028,.T.);
#5727=EDGE_CURVE('',#3634,#3636,#1032,.T.);
#5729=EDGE_CURVE('',#3632,#3634,#1036,.T.);
#5739=EDGE_CURVE('',#3738,#3754,#924,.T.);
#5742=EDGE_CURVE('',#3709,#3725,#928,.T.);
#5744=EDGE_CURVE('',#3725,#3754,#1448,.T.);
#5748=EDGE_CURVE('',#3941,#3942,#1040,.T.);
#5750=EDGE_CURVE('',#3946,#3941,#1044,.T.);
#5752=EDGE_CURVE('',#3944,#3946,#1048,.T.);
#5754=EDGE_CURVE('',#3942,#3944,#1052,.T.);
#5764=EDGE_CURVE('',#3762,#3778,#932,.T.);
#5767=EDGE_CURVE('',#3733,#3749,#936,.T.);
#5769=EDGE_CURVE('',#3749,#3778,#1432,.T.);
#5773=EDGE_CURVE('',#3957,#3958,#1056,.T.);
#5775=EDGE_CURVE('',#3962,#3957,#1060,.T.);
#5777=EDGE_CURVE('',#3960,#3962,#1064,.T.);
#5779=EDGE_CURVE('',#3958,#3960,#1068,.T.);
#5789=EDGE_CURVE('',#3786,#3802,#940,.T.);
#5792=EDGE_CURVE('',#3757,#3773,#944,.T.);
#5794=EDGE_CURVE('',#3773,#3802,#1416,.T.);
#5798=EDGE_CURVE('',#3973,#3974,#1072,.T.);
#5800=EDGE_CURVE('',#3978,#3973,#1076,.T.);
#5802=EDGE_CURVE('',#3976,#3978,#1080,.T.);
#5804=EDGE_CURVE('',#3974,#3976,#1084,.T.);
#5814=EDGE_CURVE('',#4010,#4026,#948,.T.);
#5817=EDGE_CURVE('',#3781,#3797,#952,.T.);
#5819=EDGE_CURVE('',#3797,#4026,#1400,.T.);
#5823=EDGE_CURVE('',#3989,#3990,#1088,.T.);
#5825=EDGE_CURVE('',#3994,#3989,#1092,.T.);
#5827=EDGE_CURVE('',#3992,#3994,#1096,.T.);
#5829=EDGE_CURVE('',#3990,#3992,#1100,.T.);
#5839=EDGE_CURVE('',#4070,#4086,#956,.T.);
#5842=EDGE_CURVE('',#4005,#4021,#960,.T.);
#5844=EDGE_CURVE('',#4021,#4086,#1384,.T.);
#5848=EDGE_CURVE('',#4123,#4124,#1104,.T.);
#5850=EDGE_CURVE('',#4128,#4123,#1108,.T.);
#5852=EDGE_CURVE('',#4126,#4128,#1112,.T.);
#5854=EDGE_CURVE('',#4124,#4126,#1116,.T.);
#5864=EDGE_CURVE('',#4144,#4160,#964,.T.);
#5867=EDGE_CURVE('',#4065,#4081,#968,.T.);
#5869=EDGE_CURVE('',#4081,#4160,#1368,.T.);
#5873=EDGE_CURVE('',#4191,#4192,#1120,.T.);
#5875=EDGE_CURVE('',#4196,#4191,#1124,.T.);
#5877=EDGE_CURVE('',#4194,#4196,#1128,.T.);
#5879=EDGE_CURVE('',#4192,#4194,#1132,.T.);
#5889=EDGE_CURVE('',#4212,#4228,#972,.T.);
#5892=EDGE_CURVE('',#4139,#4155,#976,.T.);
#5894=EDGE_CURVE('',#4155,#4228,#1352,.T.);
#5898=EDGE_CURVE('',#4261,#4262,#1136,.T.);
#5900=EDGE_CURVE('',#4266,#4261,#1140,.T.);
#5902=EDGE_CURVE('',#4264,#4266,#1144,.T.);
#5904=EDGE_CURVE('',#4262,#4264,#1148,.T.);
#5914=EDGE_CURVE('',#4282,#4298,#980,.T.);
#5917=EDGE_CURVE('',#4207,#4223,#984,.T.);
#5919=EDGE_CURVE('',#4223,#4298,#1336,.T.);
#5923=EDGE_CURVE('',#4331,#4332,#1152,.T.);
#5925=EDGE_CURVE('',#4336,#4331,#1156,.T.);
#5927=EDGE_CURVE('',#4334,#4336,#1160,.T.);
#5929=EDGE_CURVE('',#4332,#4334,#1164,.T.);
#5939=EDGE_CURVE('',#4352,#4368,#988,.T.);
#5942=EDGE_CURVE('',#4277,#4293,#992,.T.);
#5944=EDGE_CURVE('',#4293,#4368,#1320,.T.);
#5948=EDGE_CURVE('',#4399,#4400,#1168,.T.);
#5950=EDGE_CURVE('',#4404,#4399,#1172,.T.);
#5952=EDGE_CURVE('',#4402,#4404,#1176,.T.);
#5954=EDGE_CURVE('',#4400,#4402,#1180,.T.);
#5964=EDGE_CURVE('',#4420,#4436,#996,.T.);
#5967=EDGE_CURVE('',#4347,#4363,#1000,.T.);
#5969=EDGE_CURVE('',#4363,#4436,#1304,.T.);
#5973=EDGE_CURVE('',#4469,#4470,#1184,.T.);
#5975=EDGE_CURVE('',#4474,#4469,#1188,.T.);
#5977=EDGE_CURVE('',#4472,#4474,#1192,.T.);
#5979=EDGE_CURVE('',#4470,#4472,#1196,.T.);
#5989=EDGE_CURVE('',#4490,#4506,#1004,.T.);
#5992=EDGE_CURVE('',#4415,#4431,#1008,.T.);
#5994=EDGE_CURVE('',#4431,#4506,#1288,.T.);
#5998=EDGE_CURVE('',#4539,#4540,#1200,.T.);
#6000=EDGE_CURVE('',#4544,#4539,#1204,.T.);
#6002=EDGE_CURVE('',#4542,#4544,#1208,.T.);
#6004=EDGE_CURVE('',#4540,#4542,#1212,.T.);
#6014=EDGE_CURVE('',#4555,#4571,#1012,.T.);
#6016=EDGE_CURVE('',#4571,#3587,#1256,.T.);
#6028=EDGE_CURVE('',#4560,#4576,#1016,.T.);
#6031=EDGE_CURVE('',#4485,#4501,#1020,.T.);
#6033=EDGE_CURVE('',#4501,#4576,#1272,.T.);
#6037=EDGE_CURVE('',#4607,#4608,#1216,.T.);
#6039=EDGE_CURVE('',#4612,#4607,#1220,.T.);
#6041=EDGE_CURVE('',#4610,#4612,#1224,.T.);
#6043=EDGE_CURVE('',#4608,#4610,#1228,.T.);
#6055=EDGE_CURVE('',#3616,#3614,#1476,.T.);
#6057=EDGE_CURVE('',#3614,#3598,#1232,.T.);
#6067=EDGE_CURVE('',#4563,#4564,#1236,.T.);
#6069=EDGE_CURVE('',#4564,#4566,#1240,.T.);
#6071=EDGE_CURVE('',#4568,#4566,#1244,.T.);
#6076=EDGE_CURVE('',#4571,#4572,#1260,.T.);
#6078=EDGE_CURVE('',#4572,#4574,#1264,.T.);
#6080=EDGE_CURVE('',#4576,#4574,#1268,.T.);
#6083=EDGE_CURVE('',#4501,#4502,#1276,.T.);
#6085=EDGE_CURVE('',#4502,#4504,#1280,.T.);
#6087=EDGE_CURVE('',#4506,#4504,#1284,.T.);
#6090=EDGE_CURVE('',#4431,#4432,#1292,.T.);
#6092=EDGE_CURVE('',#4432,#4434,#1296,.T.);
#6094=EDGE_CURVE('',#4436,#4434,#1300,.T.);
#6097=EDGE_CURVE('',#4363,#4364,#1308,.T.);
#6099=EDGE_CURVE('',#4364,#4366,#1312,.T.);
#6101=EDGE_CURVE('',#4368,#4366,#1316,.T.);
#6104=EDGE_CURVE('',#4293,#4294,#1324,.T.);
#6106=EDGE_CURVE('',#4294,#4296,#1328,.T.);
#6108=EDGE_CURVE('',#4298,#4296,#1332,.T.);
#6111=EDGE_CURVE('',#4223,#4224,#1340,.T.);
#6113=EDGE_CURVE('',#4224,#4226,#1344,.T.);
#6115=EDGE_CURVE('',#4228,#4226,#1348,.T.);
#6118=EDGE_CURVE('',#4155,#4156,#1356,.T.);
#6120=EDGE_CURVE('',#4156,#4158,#1360,.T.);
#6122=EDGE_CURVE('',#4160,#4158,#1364,.T.);
#6125=EDGE_CURVE('',#4081,#4082,#1372,.T.);
#6127=EDGE_CURVE('',#4082,#4084,#1376,.T.);
#6129=EDGE_CURVE('',#4086,#4084,#1380,.T.);
#6132=EDGE_CURVE('',#4021,#4022,#1388,.T.);
#6134=EDGE_CURVE('',#4022,#4024,#1392,.T.);
#6136=EDGE_CURVE('',#4026,#4024,#1396,.T.);
#6139=EDGE_CURVE('',#3797,#3798,#1404,.T.);
#6141=EDGE_CURVE('',#3798,#3800,#1408,.T.);
#6143=EDGE_CURVE('',#3802,#3800,#1412,.T.);
#6146=EDGE_CURVE('',#3773,#3774,#1420,.T.);
#6148=EDGE_CURVE('',#3774,#3776,#1424,.T.);
#6150=EDGE_CURVE('',#3778,#3776,#1428,.T.);
#6153=EDGE_CURVE('',#3749,#3750,#1436,.T.);
#6155=EDGE_CURVE('',#3750,#3752,#1440,.T.);
#6157=EDGE_CURVE('',#3754,#3752,#1444,.T.);
#6160=EDGE_CURVE('',#3725,#3726,#1452,.T.);
#6162=EDGE_CURVE('',#3726,#3728,#1456,.T.);
#6164=EDGE_CURVE('',#3730,#3728,#1460,.T.);
#6167=EDGE_CURVE('',#3611,#3612,#1468,.T.);
#6169=EDGE_CURVE('',#3612,#3614,#1472,.T.);
#6175=EDGE_CURVE('',#3603,#3604,#1492,.T.);
#6177=EDGE_CURVE('',#3604,#3606,#1496,.T.);
#6179=EDGE_CURVE('',#3608,#3606,#1500,.T.);
#6182=EDGE_CURVE('',#3717,#3718,#1508,.T.);
#6184=EDGE_CURVE('',#3718,#3720,#1512,.T.);
#6186=EDGE_CURVE('',#3722,#3720,#1516,.T.);
#6189=EDGE_CURVE('',#3741,#3742,#1524,.T.);
#6191=EDGE_CURVE('',#3742,#3744,#1528,.T.);
#6193=EDGE_CURVE('',#3746,#3744,#1532,.T.);
#6196=EDGE_CURVE('',#3765,#3766,#1540,.T.);
#6198=EDGE_CURVE('',#3766,#3768,#1544,.T.);
#6200=EDGE_CURVE('',#3770,#3768,#1548,.T.);
#6203=EDGE_CURVE('',#3789,#3790,#1556,.T.);
#6205=EDGE_CURVE('',#3790,#3792,#1560,.T.);
#6207=EDGE_CURVE('',#3794,#3792,#1564,.T.);
#6210=EDGE_CURVE('',#4013,#4014,#1572,.T.);
#6212=EDGE_CURVE('',#4014,#4016,#1576,.T.);
#6214=EDGE_CURVE('',#4018,#4016,#1580,.T.);
#6217=EDGE_CURVE('',#4073,#4074,#1588,.T.);
#6219=EDGE_CURVE('',#4074,#4076,#1592,.T.);
#6221=EDGE_CURVE('',#4078,#4076,#1596,.T.);
#6224=EDGE_CURVE('',#4147,#4148,#1604,.T.);
#6226=EDGE_CURVE('',#4148,#4150,#1608,.T.);
#6228=EDGE_CURVE('',#4152,#4150,#1612,.T.);
#6231=EDGE_CURVE('',#4215,#4216,#1620,.T.);
#6233=EDGE_CURVE('',#4216,#4218,#1624,.T.);
#6235=EDGE_CURVE('',#4220,#4218,#1628,.T.);
#6238=EDGE_CURVE('',#4285,#4286,#1636,.T.);
#6240=EDGE_CURVE('',#4286,#4288,#1640,.T.);
#6242=EDGE_CURVE('',#4290,#4288,#1644,.T.);
#6245=EDGE_CURVE('',#4355,#4356,#1652,.T.);
#6247=EDGE_CURVE('',#4356,#4358,#1656,.T.);
#6249=EDGE_CURVE('',#4360,#4358,#1660,.T.);
#6252=EDGE_CURVE('',#4423,#4424,#1668,.T.);
#6254=EDGE_CURVE('',#4424,#4426,#1672,.T.);
#6256=EDGE_CURVE('',#4428,#4426,#1676,.T.);
#6259=EDGE_CURVE('',#4493,#4494,#1684,.T.);
#6261=EDGE_CURVE('',#4494,#4496,#1688,.T.);
#6263=EDGE_CURVE('',#4498,#4496,#1692,.T.);
#6275=EDGE_CURVE('',#4564,#4602,#1718,.T.);
#6288=EDGE_CURVE('',#4566,#4604,#1816,.T.);
#6294=EDGE_CURVE('',#4595,#4596,#1705,.T.);
#6296=EDGE_CURVE('',#4596,#4595,#1710,.T.);
#6307=EDGE_CURVE('',#4595,#4583,#1731,.T.);
#6309=EDGE_CURVE('',#4583,#4591,#1762,.T.);
#6311=EDGE_CURVE('',#4596,#4591,#1727,.T.);
#6321=EDGE_CURVE('',#4599,#4600,#1781,.T.);
#6323=EDGE_CURVE('',#4588,#4600,#1744,.T.);
#6325=EDGE_CURVE('',#4580,#4588,#1723,.T.);
#6327=EDGE_CURVE('',#4580,#4599,#1735,.T.);
#6339=EDGE_CURVE('',#4583,#4591,#1753,.T.);
#6350=EDGE_CURVE('',#4600,#4599,#1786,.T.);
#6353=EDGE_CURVE('',#4580,#4588,#1740,.T.);
#6364=EDGE_CURVE('',#4583,#4584,#1748,.T.);
#6367=EDGE_CURVE('',#4591,#4592,#1757,.T.);
#6369=EDGE_CURVE('',#4584,#4592,#1767,.T.);
#6380=EDGE_CURVE('',#4584,#4592,#1772,.T.);
#6403=EDGE_CURVE('',#4574,#4558,#1790,.T.);
#6406=EDGE_CURVE('',#4572,#4556,#1776,.T.);
#6444=EDGE_CURVE('',#4579,#4580,#1794,.T.);
#6446=EDGE_CURVE('',#4579,#4587,#1799,.T.);
#6448=EDGE_CURVE('',#4587,#4588,#1803,.T.);
#6462=EDGE_CURVE('',#4579,#4587,#1808,.T.);
#6495=EDGE_CURVE('',#4502,#4486,#1820,.T.);
#6508=EDGE_CURVE('',#4504,#4488,#1834,.T.);
#6514=EDGE_CURVE('',#4529,#4530,#1825,.T.);
#6516=EDGE_CURVE('',#4530,#4529,#1830,.T.);
#6538=EDGE_CURVE('',#4525,#4526,#1844,.T.);
#6540=EDGE_CURVE('',#4525,#4513,#1865,.T.);
#6542=EDGE_CURVE('',#4513,#4521,#1896,.T.);
#6544=EDGE_CURVE('',#4526,#4521,#1861,.T.);
#6555=EDGE_CURVE('',#4518,#4530,#1878,.T.);
#6557=EDGE_CURVE('',#4510,#4518,#1839,.T.);
#6559=EDGE_CURVE('',#4510,#4529,#1869,.T.);
#6570=EDGE_CURVE('',#4496,#4536,#1932,.T.);
#6573=EDGE_CURVE('',#4494,#4534,#1857,.T.);
#6578=EDGE_CURVE('',#4526,#4525,#1849,.T.);
#6590=EDGE_CURVE('',#4513,#4521,#1887,.T.);
#6603=EDGE_CURVE('',#4510,#4518,#1874,.T.);
#6614=EDGE_CURVE('',#4513,#4514,#1882,.T.);
#6617=EDGE_CURVE('',#4521,#4522,#1891,.T.);
#6619=EDGE_CURVE('',#4514,#4522,#1901,.T.);
#6630=EDGE_CURVE('',#4514,#4522,#1906,.T.);
#6652=EDGE_CURVE('',#4509,#4510,#1910,.T.);
#6654=EDGE_CURVE('',#4509,#4517,#1915,.T.);
#6656=EDGE_CURVE('',#4517,#4518,#1919,.T.);
#6670=EDGE_CURVE('',#4509,#4517,#1924,.T.);
#6715=EDGE_CURVE('',#4432,#4416,#1940,.T.);
#6728=EDGE_CURVE('',#4434,#4418,#1954,.T.);
#6734=EDGE_CURVE('',#4459,#4460,#1945,.T.);
#6736=EDGE_CURVE('',#4460,#4459,#1950,.T.);
#6758=EDGE_CURVE('',#4455,#4456,#1964,.T.);
#6760=EDGE_CURVE('',#4455,#4443,#1985,.T.);
#6762=EDGE_CURVE('',#4443,#4451,#2016,.T.);
#6764=EDGE_CURVE('',#4456,#4451,#1981,.T.);
#6775=EDGE_CURVE('',#4448,#4460,#1998,.T.);
#6777=EDGE_CURVE('',#4440,#4448,#1959,.T.);
#6779=EDGE_CURVE('',#4440,#4459,#1989,.T.);
#6790=EDGE_CURVE('',#4426,#4464,#2052,.T.);
#6793=EDGE_CURVE('',#4424,#4462,#1977,.T.);
#6798=EDGE_CURVE('',#4456,#4455,#1969,.T.);
#6810=EDGE_CURVE('',#4443,#4451,#2007,.T.);
#6823=EDGE_CURVE('',#4440,#4448,#1994,.T.);
#6834=EDGE_CURVE('',#4443,#4444,#2002,.T.);
#6837=EDGE_CURVE('',#4451,#4452,#2011,.T.);
#6839=EDGE_CURVE('',#4444,#4452,#2021,.T.);
#6850=EDGE_CURVE('',#4444,#4452,#2026,.T.);
#6872=EDGE_CURVE('',#4439,#4440,#2030,.T.);
#6874=EDGE_CURVE('',#4439,#4447,#2035,.T.);
#6876=EDGE_CURVE('',#4447,#4448,#2039,.T.);
#6890=EDGE_CURVE('',#4439,#4447,#2044,.T.);
#6935=EDGE_CURVE('',#4364,#4348,#2060,.T.);
#6948=EDGE_CURVE('',#4366,#4350,#2074,.T.);
#6954=EDGE_CURVE('',#4391,#4392,#2065,.T.);
#6956=EDGE_CURVE('',#4392,#4391,#2070,.T.);
#6978=EDGE_CURVE('',#4387,#4388,#2084,.T.);
#6980=EDGE_CURVE('',#4387,#4375,#2105,.T.);
#6982=EDGE_CURVE('',#4375,#4383,#2136,.T.);
#6984=EDGE_CURVE('',#4388,#4383,#2101,.T.);
#6995=EDGE_CURVE('',#4380,#4392,#2118,.T.);
#6997=EDGE_CURVE('',#4372,#4380,#2079,.T.);
#6999=EDGE_CURVE('',#4372,#4391,#2109,.T.);
#7010=EDGE_CURVE('',#4358,#4396,#2172,.T.);
#7013=EDGE_CURVE('',#4356,#4394,#2097,.T.);
#7018=EDGE_CURVE('',#4388,#4387,#2089,.T.);
#7030=EDGE_CURVE('',#4375,#4383,#2127,.T.);
#7043=EDGE_CURVE('',#4372,#4380,#2114,.T.);
#7054=EDGE_CURVE('',#4375,#4376,#2122,.T.);
#7057=EDGE_CURVE('',#4383,#4384,#2131,.T.);
#7059=EDGE_CURVE('',#4376,#4384,#2141,.T.);
#7070=EDGE_CURVE('',#4376,#4384,#2146,.T.);
#7092=EDGE_CURVE('',#4371,#4372,#2150,.T.);
#7094=EDGE_CURVE('',#4371,#4379,#2155,.T.);
#7096=EDGE_CURVE('',#4379,#4380,#2159,.T.);
#7110=EDGE_CURVE('',#4371,#4379,#2164,.T.);
#7155=EDGE_CURVE('',#4294,#4278,#2180,.T.);
#7168=EDGE_CURVE('',#4296,#4280,#2194,.T.);
#7174=EDGE_CURVE('',#4321,#4322,#2185,.T.);
#7176=EDGE_CURVE('',#4322,#4321,#2190,.T.);
#7198=EDGE_CURVE('',#4317,#4318,#2204,.T.);
#7200=EDGE_CURVE('',#4317,#4305,#2225,.T.);
#7202=EDGE_CURVE('',#4305,#4313,#2256,.T.);
#7204=EDGE_CURVE('',#4318,#4313,#2221,.T.);
#7215=EDGE_CURVE('',#4310,#4322,#2238,.T.);
#7217=EDGE_CURVE('',#4302,#4310,#2199,.T.);
#7219=EDGE_CURVE('',#4302,#4321,#2229,.T.);
#7230=EDGE_CURVE('',#4288,#4328,#2292,.T.);
#7233=EDGE_CURVE('',#4286,#4326,#2217,.T.);
#7238=EDGE_CURVE('',#4318,#4317,#2209,.T.);
#7250=EDGE_CURVE('',#4305,#4313,#2247,.T.);
#7263=EDGE_CURVE('',#4302,#4310,#2234,.T.);
#7274=EDGE_CURVE('',#4305,#4306,#2242,.T.);
#7277=EDGE_CURVE('',#4313,#4314,#2251,.T.);
#7279=EDGE_CURVE('',#4306,#4314,#2261,.T.);
#7290=EDGE_CURVE('',#4306,#4314,#2266,.T.);
#7312=EDGE_CURVE('',#4301,#4302,#2270,.T.);
#7314=EDGE_CURVE('',#4301,#4309,#2275,.T.);
#7316=EDGE_CURVE('',#4309,#4310,#2279,.T.);
#7330=EDGE_CURVE('',#4301,#4309,#2284,.T.);
#7375=EDGE_CURVE('',#4224,#4208,#2300,.T.);
#7388=EDGE_CURVE('',#4226,#4210,#2314,.T.);
#7394=EDGE_CURVE('',#4251,#4252,#2305,.T.);
#7396=EDGE_CURVE('',#4252,#4251,#2310,.T.);
#7418=EDGE_CURVE('',#4247,#4248,#2324,.T.);
#7420=EDGE_CURVE('',#4247,#4235,#2345,.T.);
#7422=EDGE_CURVE('',#4235,#4243,#2376,.T.);
#7424=EDGE_CURVE('',#4248,#4243,#2341,.T.);
#7435=EDGE_CURVE('',#4240,#4252,#2358,.T.);
#7437=EDGE_CURVE('',#4232,#4240,#2319,.T.);
#7439=EDGE_CURVE('',#4232,#4251,#2349,.T.);
#7450=EDGE_CURVE('',#4218,#4256,#2412,.T.);
#7453=EDGE_CURVE('',#4216,#4254,#2337,.T.);
#7458=EDGE_CURVE('',#4248,#4247,#2329,.T.);
#7470=EDGE_CURVE('',#4235,#4243,#2367,.T.);
#7483=EDGE_CURVE('',#4232,#4240,#2354,.T.);
#7494=EDGE_CURVE('',#4235,#4236,#2362,.T.);
#7497=EDGE_CURVE('',#4243,#4244,#2371,.T.);
#7499=EDGE_CURVE('',#4236,#4244,#2381,.T.);
#7510=EDGE_CURVE('',#4236,#4244,#2386,.T.);
#7532=EDGE_CURVE('',#4231,#4232,#2390,.T.);
#7534=EDGE_CURVE('',#4231,#4239,#2395,.T.);
#7536=EDGE_CURVE('',#4239,#4240,#2399,.T.);
#7550=EDGE_CURVE('',#4231,#4239,#2404,.T.);
#7595=EDGE_CURVE('',#4156,#4140,#2420,.T.);
#7608=EDGE_CURVE('',#4158,#4142,#2434,.T.);
#7614=EDGE_CURVE('',#4183,#4184,#2425,.T.);
#7616=EDGE_CURVE('',#4184,#4183,#2430,.T.);
#7638=EDGE_CURVE('',#4179,#4180,#2444,.T.);
#7640=EDGE_CURVE('',#4179,#4167,#2465,.T.);
#7642=EDGE_CURVE('',#4167,#4175,#2496,.T.);
#7644=EDGE_CURVE('',#4180,#4175,#2461,.T.);
#7655=EDGE_CURVE('',#4172,#4184,#2478,.T.);
#7657=EDGE_CURVE('',#4164,#4172,#2439,.T.);
#7659=EDGE_CURVE('',#4164,#4183,#2469,.T.);
#7670=EDGE_CURVE('',#4150,#4188,#2532,.T.);
#7673=EDGE_CURVE('',#4148,#4186,#2457,.T.);
#7678=EDGE_CURVE('',#4180,#4179,#2449,.T.);
#7690=EDGE_CURVE('',#4167,#4175,#2487,.T.);
#7703=EDGE_CURVE('',#4164,#4172,#2474,.T.);
#7714=EDGE_CURVE('',#4167,#4168,#2482,.T.);
#7717=EDGE_CURVE('',#4175,#4176,#2491,.T.);
#7719=EDGE_CURVE('',#4168,#4176,#2501,.T.);
#7730=EDGE_CURVE('',#4168,#4176,#2506,.T.);
#7752=EDGE_CURVE('',#4163,#4164,#2510,.T.);
#7754=EDGE_CURVE('',#4163,#4171,#2515,.T.);
#7756=EDGE_CURVE('',#4171,#4172,#2519,.T.);
#7770=EDGE_CURVE('',#4163,#4171,#2524,.T.);
#7815=EDGE_CURVE('',#4082,#4066,#2540,.T.);
#7828=EDGE_CURVE('',#4084,#4068,#2554,.T.);
#7834=EDGE_CURVE('',#4109,#4110,#2545,.T.);
#7836=EDGE_CURVE('',#4110,#4109,#2550,.T.);
#7858=EDGE_CURVE('',#4105,#4106,#2564,.T.);
#7860=EDGE_CURVE('',#4105,#4093,#2585,.T.);
#7862=EDGE_CURVE('',#4093,#4101,#2616,.T.);
#7864=EDGE_CURVE('',#4106,#4101,#2581,.T.);
#7875=EDGE_CURVE('',#4098,#4110,#2598,.T.);
#7877=EDGE_CURVE('',#4090,#4098,#2559,.T.);
#7879=EDGE_CURVE('',#4090,#4109,#2589,.T.);
#7890=EDGE_CURVE('',#4076,#4120,#2652,.T.);
#7893=EDGE_CURVE('',#4074,#4118,#2577,.T.);
#7898=EDGE_CURVE('',#4106,#4105,#2569,.T.);
#7910=EDGE_CURVE('',#4093,#4101,#2607,.T.);
#7923=EDGE_CURVE('',#4090,#4098,#2594,.T.);
#7934=EDGE_CURVE('',#4093,#4094,#2602,.T.);
#7937=EDGE_CURVE('',#4101,#4102,#2611,.T.);
#7939=EDGE_CURVE('',#4094,#4102,#2621,.T.);
#7950=EDGE_CURVE('',#4094,#4102,#2626,.T.);
#7972=EDGE_CURVE('',#4089,#4090,#2630,.T.);
#7974=EDGE_CURVE('',#4089,#4097,#2635,.T.);
#7976=EDGE_CURVE('',#4097,#4098,#2639,.T.);
#7990=EDGE_CURVE('',#4089,#4097,#2644,.T.);
#8035=EDGE_CURVE('',#4022,#4006,#2660,.T.);
#8048=EDGE_CURVE('',#4024,#4008,#2674,.T.);
#8054=EDGE_CURVE('',#4049,#4050,#2665,.T.);
#8056=EDGE_CURVE('',#4050,#4049,#2670,.T.);
#8078=EDGE_CURVE('',#4045,#4046,#2684,.T.);
#8080=EDGE_CURVE('',#4045,#4033,#2705,.T.);
#8082=EDGE_CURVE('',#4033,#4041,#2736,.T.);
#8084=EDGE_CURVE('',#4046,#4041,#2701,.T.);
#8095=EDGE_CURVE('',#4038,#4050,#2718,.T.);
#8097=EDGE_CURVE('',#4030,#4038,#2679,.T.);
#8099=EDGE_CURVE('',#4030,#4049,#2709,.T.);
#8110=EDGE_CURVE('',#4016,#4060,#2772,.T.);
#8113=EDGE_CURVE('',#4014,#4058,#2697,.T.);
#8118=EDGE_CURVE('',#4046,#4045,#2689,.T.);
#8130=EDGE_CURVE('',#4033,#4041,#2727,.T.);
#8143=EDGE_CURVE('',#4030,#4038,#2714,.T.);
#8154=EDGE_CURVE('',#4033,#4034,#2722,.T.);
#8157=EDGE_CURVE('',#4041,#4042,#2731,.T.);
#8159=EDGE_CURVE('',#4034,#4042,#2741,.T.);
#8170=EDGE_CURVE('',#4034,#4042,#2746,.T.);
#8192=EDGE_CURVE('',#4029,#4030,#2750,.T.);
#8194=EDGE_CURVE('',#4029,#4037,#2755,.T.);
#8196=EDGE_CURVE('',#4037,#4038,#2759,.T.);
#8210=EDGE_CURVE('',#4029,#4037,#2764,.T.);
#8255=EDGE_CURVE('',#3798,#3782,#2780,.T.);
#8268=EDGE_CURVE('',#3800,#3784,#2794,.T.);
#8274=EDGE_CURVE('',#3937,#3938,#2785,.T.);
#8276=EDGE_CURVE('',#3938,#3937,#2790,.T.);
#8298=EDGE_CURVE('',#3933,#3934,#2804,.T.);
#8300=EDGE_CURVE('',#3933,#3921,#2825,.T.);
#8302=EDGE_CURVE('',#3921,#3929,#2856,.T.);
#8304=EDGE_CURVE('',#3934,#3929,#2821,.T.);
#8315=EDGE_CURVE('',#3926,#3938,#2838,.T.);
#8317=EDGE_CURVE('',#3918,#3926,#2799,.T.);
#8319=EDGE_CURVE('',#3918,#3937,#2829,.T.);
#8330=EDGE_CURVE('',#3792,#3840,#2892,.T.);
#8333=EDGE_CURVE('',#3790,#3838,#2817,.T.);
#8338=EDGE_CURVE('',#3934,#3933,#2809,.T.);
#8350=EDGE_CURVE('',#3921,#3929,#2847,.T.);
#8363=EDGE_CURVE('',#3918,#3926,#2834,.T.);
#8374=EDGE_CURVE('',#3921,#3922,#2842,.T.);
#8377=EDGE_CURVE('',#3929,#3930,#2851,.T.);
#8379=EDGE_CURVE('',#3922,#3930,#2861,.T.);
#8390=EDGE_CURVE('',#3922,#3930,#2866,.T.);
#8412=EDGE_CURVE('',#3917,#3918,#2870,.T.);
#8414=EDGE_CURVE('',#3917,#3925,#2875,.T.);
#8416=EDGE_CURVE('',#3925,#3926,#2879,.T.);
#8430=EDGE_CURVE('',#3917,#3925,#2884,.T.);
#8475=EDGE_CURVE('',#3774,#3758,#2900,.T.);
#8488=EDGE_CURVE('',#3776,#3760,#2914,.T.);
#8494=EDGE_CURVE('',#3913,#3914,#2905,.T.);
#8496=EDGE_CURVE('',#3914,#3913,#2910,.T.);
#8518=EDGE_CURVE('',#3909,#3910,#2924,.T.);
#8520=EDGE_CURVE('',#3909,#3897,#2945,.T.);
#8522=EDGE_CURVE('',#3897,#3905,#2976,.T.);
#8524=EDGE_CURVE('',#3910,#3905,#2941,.T.);
#8535=EDGE_CURVE('',#3902,#3914,#2958,.T.);
#8537=EDGE_CURVE('',#3894,#3902,#2919,.T.);
#8539=EDGE_CURVE('',#3894,#3913,#2949,.T.);
#8550=EDGE_CURVE('',#3768,#3832,#3012,.T.);
#8553=EDGE_CURVE('',#3766,#3830,#2937,.T.);
#8558=EDGE_CURVE('',#3910,#3909,#2929,.T.);
#8570=EDGE_CURVE('',#3897,#3905,#2967,.T.);
#8583=EDGE_CURVE('',#3894,#3902,#2954,.T.);
#8594=EDGE_CURVE('',#3897,#3898,#2962,.T.);
#8597=EDGE_CURVE('',#3905,#3906,#2971,.T.);
#8599=EDGE_CURVE('',#3898,#3906,#2981,.T.);
#8610=EDGE_CURVE('',#3898,#3906,#2986,.T.);
#8632=EDGE_CURVE('',#3893,#3894,#2990,.T.);
#8634=EDGE_CURVE('',#3893,#3901,#2995,.T.);
#8636=EDGE_CURVE('',#3901,#3902,#2999,.T.);
#8650=EDGE_CURVE('',#3893,#3901,#3004,.T.);
#8695=EDGE_CURVE('',#3750,#3734,#3020,.T.);
#8708=EDGE_CURVE('',#3752,#3736,#3034,.T.);
#8714=EDGE_CURVE('',#3889,#3890,#3025,.T.);
#8716=EDGE_CURVE('',#3890,#3889,#3030,.T.);
#8738=EDGE_CURVE('',#3885,#3886,#3044,.T.);
#8740=EDGE_CURVE('',#3885,#3873,#3065,.T.);
#8742=EDGE_CURVE('',#3873,#3881,#3096,.T.);
#8744=EDGE_CURVE('',#3886,#3881,#3061,.T.);
#8755=EDGE_CURVE('',#3878,#3890,#3078,.T.);
#8757=EDGE_CURVE('',#3870,#3878,#3039,.T.);
#8759=EDGE_CURVE('',#3870,#3889,#3069,.T.);
#8770=EDGE_CURVE('',#3744,#3824,#3132,.T.);
#8773=EDGE_CURVE('',#3742,#3822,#3057,.T.);
#8778=EDGE_CURVE('',#3886,#3885,#3049,.T.);
#8790=EDGE_CURVE('',#3873,#3881,#3087,.T.);
#8803=EDGE_CURVE('',#3870,#3878,#3074,.T.);
#8814=EDGE_CURVE('',#3873,#3874,#3082,.T.);
#8817=EDGE_CURVE('',#3881,#3882,#3091,.T.);
#8819=EDGE_CURVE('',#3874,#3882,#3101,.T.);
#8830=EDGE_CURVE('',#3874,#3882,#3106,.T.);
#8852=EDGE_CURVE('',#3869,#3870,#3110,.T.);
#8854=EDGE_CURVE('',#3869,#3877,#3115,.T.);
#8856=EDGE_CURVE('',#3877,#3878,#3119,.T.);
#8870=EDGE_CURVE('',#3869,#3877,#3124,.T.);
#8915=EDGE_CURVE('',#3726,#3710,#3140,.T.);
#8928=EDGE_CURVE('',#3728,#3712,#3154,.T.);
#8934=EDGE_CURVE('',#3865,#3866,#3145,.T.);
#8936=EDGE_CURVE('',#3866,#3865,#3150,.T.);
#8958=EDGE_CURVE('',#3861,#3862,#3164,.T.);
#8960=EDGE_CURVE('',#3861,#3849,#3185,.T.);
#8962=EDGE_CURVE('',#3849,#3857,#3216,.T.);
#8964=EDGE_CURVE('',#3862,#3857,#3181,.T.);
#8975=EDGE_CURVE('',#3854,#3866,#3198,.T.);
#8977=EDGE_CURVE('',#3846,#3854,#3159,.T.);
#8979=EDGE_CURVE('',#3846,#3865,#3189,.T.);
#8990=EDGE_CURVE('',#3720,#3816,#3252,.T.);
#8993=EDGE_CURVE('',#3718,#3814,#3177,.T.);
#8998=EDGE_CURVE('',#3862,#3861,#3169,.T.);
#9010=EDGE_CURVE('',#3849,#3857,#3207,.T.);
#9023=EDGE_CURVE('',#3846,#3854,#3194,.T.);
#9034=EDGE_CURVE('',#3849,#3850,#3202,.T.);
#9037=EDGE_CURVE('',#3857,#3858,#3211,.T.);
#9039=EDGE_CURVE('',#3850,#3858,#3221,.T.);
#9050=EDGE_CURVE('',#3850,#3858,#3226,.T.);
#9072=EDGE_CURVE('',#3845,#3846,#3230,.T.);
#9074=EDGE_CURVE('',#3845,#3853,#3235,.T.);
#9076=EDGE_CURVE('',#3853,#3854,#3239,.T.);
#9090=EDGE_CURVE('',#3845,#3853,#3244,.T.);
#9135=EDGE_CURVE('',#3612,#3596,#3260,.T.);
#9153=EDGE_CURVE('',#3693,#3694,#3265,.T.);
#9155=EDGE_CURVE('',#3694,#3693,#3270,.T.);
#9165=EDGE_CURVE('',#3689,#3690,#3280,.T.);
#9167=EDGE_CURVE('',#3689,#3677,#3301,.T.);
#9169=EDGE_CURVE('',#3677,#3685,#3332,.T.);
#9171=EDGE_CURVE('',#3690,#3685,#3297,.T.);
#9182=EDGE_CURVE('',#3682,#3694,#3314,.T.);
#9184=EDGE_CURVE('',#3674,#3682,#3275,.T.);
#9186=EDGE_CURVE('',#3674,#3693,#3305,.T.);
#9197=EDGE_CURVE('',#3606,#3698,#3364,.T.);
#9200=EDGE_CURVE('',#3604,#3696,#3293,.T.);
#9205=EDGE_CURVE('',#3690,#3689,#3285,.T.);
#9217=EDGE_CURVE('',#3677,#3685,#3323,.T.);
#9230=EDGE_CURVE('',#3674,#3682,#3310,.T.);
#9241=EDGE_CURVE('',#3677,#3678,#3318,.T.);
#9244=EDGE_CURVE('',#3685,#3686,#3327,.T.);
#9246=EDGE_CURVE('',#3678,#3686,#3337,.T.);
#9257=EDGE_CURVE('',#3678,#3686,#3342,.T.);
#9279=EDGE_CURVE('',#3673,#3674,#3346,.T.);
#9281=EDGE_CURVE('',#3673,#3681,#3351,.T.);
#9283=EDGE_CURVE('',#3681,#3682,#3355,.T.);
#9297=EDGE_CURVE('',#3673,#3681,#3360,.T.);
#9342=EDGE_CURVE('',#3640,#3632,#3380,.T.);
#9345=EDGE_CURVE('',#3639,#3631,#3376,.T.);
#9356=EDGE_CURVE('',#3642,#3634,#3384,.T.);
#9369=EDGE_CURVE('',#3644,#3636,#3388,.T.);
#9394=EDGE_CURVE('',#3950,#3942,#3396,.T.);
#9397=EDGE_CURVE('',#3949,#3941,#3392,.T.);
#9408=EDGE_CURVE('',#3952,#3944,#3400,.T.);
#9421=EDGE_CURVE('',#3954,#3946,#3404,.T.);
#9446=EDGE_CURVE('',#3966,#3958,#3412,.T.);
#9449=EDGE_CURVE('',#3965,#3957,#3408,.T.);
#9460=EDGE_CURVE('',#3968,#3960,#3416,.T.);
#9473=EDGE_CURVE('',#3970,#3962,#3420,.T.);
#9498=EDGE_CURVE('',#3982,#3974,#3428,.T.);
#9501=EDGE_CURVE('',#3981,#3973,#3424,.T.);
#9512=EDGE_CURVE('',#3984,#3976,#3432,.T.);
#9525=EDGE_CURVE('',#3986,#3978,#3436,.T.);
#9550=EDGE_CURVE('',#3998,#3990,#3444,.T.);
#9553=EDGE_CURVE('',#3997,#3989,#3440,.T.);
#9564=EDGE_CURVE('',#4000,#3992,#3448,.T.);
#9577=EDGE_CURVE('',#4002,#3994,#3452,.T.);
#9602=EDGE_CURVE('',#4132,#4124,#3460,.T.);
#9605=EDGE_CURVE('',#4131,#4123,#3456,.T.);
#9616=EDGE_CURVE('',#4134,#4126,#3464,.T.);
#9629=EDGE_CURVE('',#4136,#4128,#3468,.T.);
#9654=EDGE_CURVE('',#4200,#4192,#3476,.T.);
#9657=EDGE_CURVE('',#4199,#4191,#3472,.T.);
#9668=EDGE_CURVE('',#4202,#4194,#3480,.T.);
#9681=EDGE_CURVE('',#4204,#4196,#3484,.T.);
#9706=EDGE_CURVE('',#4270,#4262,#3492,.T.);
#9709=EDGE_CURVE('',#4269,#4261,#3488,.T.);
#9720=EDGE_CURVE('',#4272,#4264,#3496,.T.);
#9733=EDGE_CURVE('',#4274,#4266,#3500,.T.);
#9758=EDGE_CURVE('',#4340,#4332,#3508,.T.);
#9761=EDGE_CURVE('',#4339,#4331,#3504,.T.);
#9772=EDGE_CURVE('',#4342,#4334,#3512,.T.);
#9785=EDGE_CURVE('',#4344,#4336,#3516,.T.);
#9810=EDGE_CURVE('',#4408,#4400,#3524,.T.);
#9813=EDGE_CURVE('',#4407,#4399,#3520,.T.);
#9824=EDGE_CURVE('',#4410,#4402,#3528,.T.);
#9837=EDGE_CURVE('',#4412,#4404,#3532,.T.);
#9862=EDGE_CURVE('',#4478,#4470,#3540,.T.);
#9865=EDGE_CURVE('',#4477,#4469,#3536,.T.);
#9876=EDGE_CURVE('',#4480,#4472,#3544,.T.);
#9889=EDGE_CURVE('',#4482,#4474,#3548,.T.);
#9914=EDGE_CURVE('',#4548,#4540,#3556,.T.);
#9917=EDGE_CURVE('',#4547,#4539,#3552,.T.);
#9928=EDGE_CURVE('',#4550,#4542,#3560,.T.);
#9941=EDGE_CURVE('',#4552,#4544,#3564,.T.);
#9966=EDGE_CURVE('',#4616,#4608,#3572,.T.);
#9969=EDGE_CURVE('',#4615,#4607,#3568,.T.);
#9980=EDGE_CURVE('',#4618,#4610,#3576,.T.);
#9993=EDGE_CURVE('',#4620,#4612,#3580,.T.);
#10022=TRIMMED_CURVE('A_1',#10021,(PARAMETER_VALUE(0.E0)),(PARAMETER_VALUE
(1.E0)),.T.,.UNSPECIFIED.);
#10028=TRIMMED_CURVE('A_2',#10027,(PARAMETER_VALUE(0.E0)),(PARAMETER_VALUE
(1.E0)),.T.,.UNSPECIFIED.);
#10033=TRIMMED_CURVE('A_3',#10032,(PARAMETER_VALUE(0.E0)),(PARAMETER_VALUE
(1.E0)),.T.,.UNSPECIFIED.);
#10038=TRIMMED_CURVE('A_4',#10037,(PARAMETER_VALUE(0.E0)),(PARAMETER_VALUE
(1.E0)),.T.,.UNSPECIFIED.);
#10043=TRIMMED_CURVE('A_5',#10042,(PARAMETER_VALUE(0.E0)),(PARAMETER_VALUE
(1.E0)),.T.,.UNSPECIFIED.);
#10048=TRIMMED_CURVE('A_6',#10047,(PARAMETER_VALUE(0.E0)),(PARAMETER_VALUE
(1.E0)),.T.,.UNSPECIFIED.);
#10053=TRIMMED_CURVE('A_7',#10052,(PARAMETER_VALUE(0.E0)),(PARAMETER_VALUE
(1.E0)),.T.,.UNSPECIFIED.);
#10058=TRIMMED_CURVE('A_8',#10057,(PARAMETER_VALUE(0.E0)),(PARAMETER_VALUE
(1.E0)),.T.,.UNSPECIFIED.);
#10063=TRIMMED_CURVE('A_9',#10062,(PARAMETER_VALUE(0.E0)),(PARAMETER_VALUE
(1.E0)),.T.,.UNSPECIFIED.);
#10068=TRIMMED_CURVE('A_10',#10067,(PARAMETER_VALUE(0.E0)),(PARAMETER_VALUE
(1.E0)),.T.,.UNSPECIFIED.);
#10073=TRIMMED_CURVE('A_11',#10072,(PARAMETER_VALUE(0.E0)),(PARAMETER_VALUE
(1.E0)),.T.,.UNSPECIFIED.);
#10078=TRIMMED_CURVE('A_12',#10077,(PARAMETER_VALUE(0.E0)),(PARAMETER_VALUE
(1.E0)),.T.,.UNSPECIFIED.);
#10083=TRIMMED_CURVE('A_13',#10082,(PARAMETER_VALUE(0.E0)),(PARAMETER_VALUE
(1.E0)),.T.,.UNSPECIFIED.);
#10088=TRIMMED_CURVE('A_14',#10087,(PARAMETER_VALUE(0.E0)),(PARAMETER_VALUE
(1.E0)),.T.,.UNSPECIFIED.);
#10093=CIRCLE('',#10092,7.6E-1);
#10094=TRIMMED_CURVE('',#10093,(PARAMETER_VALUE(0.E0)),(PARAMETER_VALUE(1.8E2)),
.T.,.UNSPECIFIED.);
#10095=COMPOSITE_CURVE_SEGMENT(.CONTINUOUS.,.T.,#10094);
#10100=CIRCLE('',#10099,7.6E-1);
#10101=TRIMMED_CURVE('',#10100,(PARAMETER_VALUE(0.E0)),(PARAMETER_VALUE(1.8E2)),
.T.,.UNSPECIFIED.);
#10102=COMPOSITE_CURVE_SEGMENT(.CONTINUOUS.,.T.,#10101);
#10103=COMPOSITE_CURVE('',(#10095,#10102),.F.);
#10108=CIRCLE('',#10107,7.6E-1);
#10109=TRIMMED_CURVE('',#10108,(PARAMETER_VALUE(0.E0)),(PARAMETER_VALUE(1.8E2)),
.T.,.UNSPECIFIED.);
#10110=COMPOSITE_CURVE_SEGMENT(.CONTINUOUS.,.T.,#10109);
#10115=CIRCLE('',#10114,7.6E-1);
#10116=TRIMMED_CURVE('',#10115,(PARAMETER_VALUE(0.E0)),(PARAMETER_VALUE(1.8E2)),
.T.,.UNSPECIFIED.);
#10117=COMPOSITE_CURVE_SEGMENT(.CONTINUOUS.,.T.,#10116);
#10118=COMPOSITE_CURVE('',(#10110,#10117),.F.);
#10123=CIRCLE('',#10122,7.6E-1);
#10124=TRIMMED_CURVE('',#10123,(PARAMETER_VALUE(0.E0)),(PARAMETER_VALUE(1.8E2)),
.T.,.UNSPECIFIED.);
#10125=COMPOSITE_CURVE_SEGMENT(.CONTINUOUS.,.T.,#10124);
#10130=CIRCLE('',#10129,7.6E-1);
#10131=TRIMMED_CURVE('',#10130,(PARAMETER_VALUE(0.E0)),(PARAMETER_VALUE(1.8E2)),
.T.,.UNSPECIFIED.);
#10132=COMPOSITE_CURVE_SEGMENT(.CONTINUOUS.,.T.,#10131);
#10133=COMPOSITE_CURVE('',(#10125,#10132),.F.);
#10138=CIRCLE('',#10137,7.6E-1);
#10139=TRIMMED_CURVE('',#10138,(PARAMETER_VALUE(0.E0)),(PARAMETER_VALUE(1.8E2)),
.T.,.UNSPECIFIED.);
#10140=COMPOSITE_CURVE_SEGMENT(.CONTINUOUS.,.T.,#10139);
#10145=CIRCLE('',#10144,7.6E-1);
#10146=TRIMMED_CURVE('',#10145,(PARAMETER_VALUE(0.E0)),(PARAMETER_VALUE(1.8E2)),
.T.,.UNSPECIFIED.);
#10147=COMPOSITE_CURVE_SEGMENT(.CONTINUOUS.,.T.,#10146);
#10148=COMPOSITE_CURVE('',(#10140,#10147),.F.);
#10153=CIRCLE('',#10152,7.6E-1);
#10154=TRIMMED_CURVE('',#10153,(PARAMETER_VALUE(0.E0)),(PARAMETER_VALUE(1.8E2)),
.T.,.UNSPECIFIED.);
#10155=COMPOSITE_CURVE_SEGMENT(.CONTINUOUS.,.T.,#10154);
#10160=CIRCLE('',#10159,7.6E-1);
#10161=TRIMMED_CURVE('',#10160,(PARAMETER_VALUE(0.E0)),(PARAMETER_VALUE(1.8E2)),
.T.,.UNSPECIFIED.);
#10162=COMPOSITE_CURVE_SEGMENT(.CONTINUOUS.,.T.,#10161);
#10163=COMPOSITE_CURVE('',(#10155,#10162),.F.);
#10168=CIRCLE('',#10167,7.6E-1);
#10169=TRIMMED_CURVE('',#10168,(PARAMETER_VALUE(0.E0)),(PARAMETER_VALUE(1.8E2)),
.T.,.UNSPECIFIED.);
#10170=COMPOSITE_CURVE_SEGMENT(.CONTINUOUS.,.T.,#10169);
#10175=CIRCLE('',#10174,7.6E-1);
#10176=TRIMMED_CURVE('',#10175,(PARAMETER_VALUE(0.E0)),(PARAMETER_VALUE(1.8E2)),
.T.,.UNSPECIFIED.);
#10177=COMPOSITE_CURVE_SEGMENT(.CONTINUOUS.,.T.,#10176);
#10178=COMPOSITE_CURVE('',(#10170,#10177),.F.);
#10183=CIRCLE('',#10182,7.6E-1);
#10184=TRIMMED_CURVE('',#10183,(PARAMETER_VALUE(0.E0)),(PARAMETER_VALUE(1.8E2)),
.T.,.UNSPECIFIED.);
#10185=COMPOSITE_CURVE_SEGMENT(.CONTINUOUS.,.T.,#10184);
#10190=CIRCLE('',#10189,7.6E-1);
#10191=TRIMMED_CURVE('',#10190,(PARAMETER_VALUE(0.E0)),(PARAMETER_VALUE(1.8E2)),
.T.,.UNSPECIFIED.);
#10192=COMPOSITE_CURVE_SEGMENT(.CONTINUOUS.,.T.,#10191);
#10193=COMPOSITE_CURVE('',(#10185,#10192),.F.);
#10198=CIRCLE('',#10197,7.6E-1);
#10199=TRIMMED_CURVE('',#10198,(PARAMETER_VALUE(0.E0)),(PARAMETER_VALUE(1.8E2)),
.T.,.UNSPECIFIED.);
#10200=COMPOSITE_CURVE_SEGMENT(.CONTINUOUS.,.T.,#10199);
#10205=CIRCLE('',#10204,7.6E-1);
#10206=TRIMMED_CURVE('',#10205,(PARAMETER_VALUE(0.E0)),(PARAMETER_VALUE(1.8E2)),
.T.,.UNSPECIFIED.);
#10207=COMPOSITE_CURVE_SEGMENT(.CONTINUOUS.,.T.,#10206);
#10208=COMPOSITE_CURVE('',(#10200,#10207),.F.);
#10213=CIRCLE('',#10212,7.6E-1);
#10214=TRIMMED_CURVE('',#10213,(PARAMETER_VALUE(0.E0)),(PARAMETER_VALUE(1.8E2)),
.T.,.UNSPECIFIED.);
#10215=COMPOSITE_CURVE_SEGMENT(.CONTINUOUS.,.T.,#10214);
#10220=CIRCLE('',#10219,7.6E-1);
#10221=TRIMMED_CURVE('',#10220,(PARAMETER_VALUE(0.E0)),(PARAMETER_VALUE(1.8E2)),
.T.,.UNSPECIFIED.);
#10222=COMPOSITE_CURVE_SEGMENT(.CONTINUOUS.,.T.,#10221);
#10223=COMPOSITE_CURVE('',(#10215,#10222),.F.);
#10228=CIRCLE('',#10227,7.6E-1);
#10229=TRIMMED_CURVE('',#10228,(PARAMETER_VALUE(0.E0)),(PARAMETER_VALUE(1.8E2)),
.T.,.UNSPECIFIED.);
#10230=COMPOSITE_CURVE_SEGMENT(.CONTINUOUS.,.T.,#10229);
#10235=CIRCLE('',#10234,7.6E-1);
#10236=TRIMMED_CURVE('',#10235,(PARAMETER_VALUE(0.E0)),(PARAMETER_VALUE(1.8E2)),
.T.,.UNSPECIFIED.);
#10237=COMPOSITE_CURVE_SEGMENT(.CONTINUOUS.,.T.,#10236);
#10238=COMPOSITE_CURVE('',(#10230,#10237),.F.);
#10243=CIRCLE('',#10242,7.6E-1);
#10244=TRIMMED_CURVE('',#10243,(PARAMETER_VALUE(0.E0)),(PARAMETER_VALUE(1.8E2)),
.T.,.UNSPECIFIED.);
#10245=COMPOSITE_CURVE_SEGMENT(.CONTINUOUS.,.T.,#10244);
#10250=CIRCLE('',#10249,7.6E-1);
#10251=TRIMMED_CURVE('',#10250,(PARAMETER_VALUE(0.E0)),(PARAMETER_VALUE(1.8E2)),
.T.,.UNSPECIFIED.);
#10252=COMPOSITE_CURVE_SEGMENT(.CONTINUOUS.,.T.,#10251);
#10253=COMPOSITE_CURVE('',(#10245,#10252),.F.);
#10258=CIRCLE('',#10257,7.6E-1);
#10259=TRIMMED_CURVE('',#10258,(PARAMETER_VALUE(0.E0)),(PARAMETER_VALUE(1.8E2)),
.T.,.UNSPECIFIED.);
#10260=COMPOSITE_CURVE_SEGMENT(.CONTINUOUS.,.T.,#10259);
#10265=CIRCLE('',#10264,7.6E-1);
#10266=TRIMMED_CURVE('',#10265,(PARAMETER_VALUE(0.E0)),(PARAMETER_VALUE(1.8E2)),
.T.,.UNSPECIFIED.);
#10267=COMPOSITE_CURVE_SEGMENT(.CONTINUOUS.,.T.,#10266);
#10268=COMPOSITE_CURVE('',(#10260,#10267),.F.);
#10273=CIRCLE('',#10272,7.6E-1);
#10274=TRIMMED_CURVE('',#10273,(PARAMETER_VALUE(0.E0)),(PARAMETER_VALUE(1.8E2)),
.T.,.UNSPECIFIED.);
#10275=COMPOSITE_CURVE_SEGMENT(.CONTINUOUS.,.T.,#10274);
#10280=CIRCLE('',#10279,7.6E-1);
#10281=TRIMMED_CURVE('',#10280,(PARAMETER_VALUE(0.E0)),(PARAMETER_VALUE(1.8E2)),
.T.,.UNSPECIFIED.);
#10282=COMPOSITE_CURVE_SEGMENT(.CONTINUOUS.,.T.,#10281);
#10283=COMPOSITE_CURVE('',(#10275,#10282),.F.);
#10288=CIRCLE('',#10287,7.6E-1);
#10289=TRIMMED_CURVE('',#10288,(PARAMETER_VALUE(0.E0)),(PARAMETER_VALUE(1.8E2)),
.T.,.UNSPECIFIED.);
#10290=COMPOSITE_CURVE_SEGMENT(.CONTINUOUS.,.T.,#10289);
#10295=CIRCLE('',#10294,7.6E-1);
#10296=TRIMMED_CURVE('',#10295,(PARAMETER_VALUE(0.E0)),(PARAMETER_VALUE(1.8E2)),
.T.,.UNSPECIFIED.);
#10297=COMPOSITE_CURVE_SEGMENT(.CONTINUOUS.,.T.,#10296);
#10298=COMPOSITE_CURVE('',(#10290,#10297),.F.);
#10299=(LENGTH_UNIT()NAMED_UNIT(*)SI_UNIT(.MILLI.,.METRE.));
#10301=(NAMED_UNIT(*)PLANE_ANGLE_UNIT()SI_UNIT($,.RADIAN.));
#10304=(NAMED_UNIT(*)SI_UNIT($,.STERADIAN.)SOLID_ANGLE_UNIT());
#10307=ADVANCED_BREP_SHAPE_REPRESENTATION('',(#10013),#10306);
#10308=GEOMETRICALLY_BOUNDED_SURFACE_SHAPE_REPRESENTATION('',(#10023),#10306);
#10309=SHAPE_REPRESENTATION('',(#10017),#10306);
#10318=PRODUCT_DEFINITION('design','',#10317,#10314);
#10319=PRODUCT_DEFINITION_SHAPE('','SHAPE FOR 026192141.',#10318);
#10320=SHAPE_DEFINITION_REPRESENTATION(#10319,#10309);
ENDSEC;
END-ISO-10303-21;
