ISO-10303-21;
HEADER;
FILE_DESCRIPTION((''),'2;1');
FILE_NAME('026192041','2014-09-08T',('me'),(''),
'PRO/ENGINEER BY PARAMETRIC TECHNOLOGY CORPORATION, 2011490',
'PRO/ENGINEER BY PARAMETRIC TECHNOLOGY CORPORATION, 2011490','');
FILE_SCHEMA(('CONFIG_CONTROL_DESIGN'));
ENDSEC;
DATA;
#1=DIRECTION('',(0.E0,1.E0,0.E0));
#2=VECTOR('',#1,9.12E0);
#3=CARTESIAN_POINT('',(7.925E0,-1.585E0,-3.43E0));
#4=LINE('',#3,#2);
#5=DIRECTION('',(1.E0,0.E0,0.E0));
#6=VECTOR('',#5,8.9E-1);
#7=CARTESIAN_POINT('',(-7.925E0,-1.585E0,-3.43E0));
#8=LINE('',#7,#6);
#9=DIRECTION('',(0.E0,1.E0,0.E0));
#10=VECTOR('',#9,3.8E-1);
#11=CARTESIAN_POINT('',(-7.035E0,-1.585E0,-3.43E0));
#12=LINE('',#11,#10);
#13=DIRECTION('',(-1.E0,0.E0,0.E0));
#14=VECTOR('',#13,2.18E0);
#15=CARTESIAN_POINT('',(-4.855E0,-1.205E0,-3.43E0));
#16=LINE('',#15,#14);
#17=DIRECTION('',(0.E0,1.E0,0.E0));
#18=VECTOR('',#17,3.8E-1);
#19=CARTESIAN_POINT('',(-4.855E0,-1.585E0,-3.43E0));
#20=LINE('',#19,#18);
#21=DIRECTION('',(1.E0,0.E0,0.E0));
#22=VECTOR('',#21,1.78E0);
#23=CARTESIAN_POINT('',(-4.855E0,-1.585E0,-3.43E0));
#24=LINE('',#23,#22);
#25=DIRECTION('',(0.E0,1.E0,0.E0));
#26=VECTOR('',#25,3.8E-1);
#27=CARTESIAN_POINT('',(-3.075E0,-1.585E0,-3.43E0));
#28=LINE('',#27,#26);
#29=DIRECTION('',(-1.E0,0.E0,0.E0));
#30=VECTOR('',#29,2.18E0);
#31=CARTESIAN_POINT('',(-8.95E-1,-1.205E0,-3.43E0));
#32=LINE('',#31,#30);
#33=DIRECTION('',(0.E0,1.E0,0.E0));
#34=VECTOR('',#33,3.8E-1);
#35=CARTESIAN_POINT('',(-8.95E-1,-1.585E0,-3.43E0));
#36=LINE('',#35,#34);
#37=DIRECTION('',(1.E0,0.E0,0.E0));
#38=VECTOR('',#37,1.78E0);
#39=CARTESIAN_POINT('',(-8.95E-1,-1.585E0,-3.43E0));
#40=LINE('',#39,#38);
#41=DIRECTION('',(0.E0,1.E0,0.E0));
#42=VECTOR('',#41,3.8E-1);
#43=CARTESIAN_POINT('',(8.85E-1,-1.585E0,-3.43E0));
#44=LINE('',#43,#42);
#45=DIRECTION('',(-1.E0,0.E0,0.E0));
#46=VECTOR('',#45,2.18E0);
#47=CARTESIAN_POINT('',(3.065E0,-1.205E0,-3.43E0));
#48=LINE('',#47,#46);
#49=DIRECTION('',(0.E0,1.E0,0.E0));
#50=VECTOR('',#49,3.8E-1);
#51=CARTESIAN_POINT('',(3.065E0,-1.585E0,-3.43E0));
#52=LINE('',#51,#50);
#53=DIRECTION('',(1.E0,0.E0,0.E0));
#54=VECTOR('',#53,1.78E0);
#55=CARTESIAN_POINT('',(3.065E0,-1.585E0,-3.43E0));
#56=LINE('',#55,#54);
#57=DIRECTION('',(0.E0,1.E0,0.E0));
#58=VECTOR('',#57,3.8E-1);
#59=CARTESIAN_POINT('',(4.845E0,-1.585E0,-3.43E0));
#60=LINE('',#59,#58);
#61=DIRECTION('',(-1.E0,0.E0,0.E0));
#62=VECTOR('',#61,2.18E0);
#63=CARTESIAN_POINT('',(7.025E0,-1.205E0,-3.43E0));
#64=LINE('',#63,#62);
#65=DIRECTION('',(0.E0,1.E0,0.E0));
#66=VECTOR('',#65,3.8E-1);
#67=CARTESIAN_POINT('',(7.025E0,-1.585E0,-3.43E0));
#68=LINE('',#67,#66);
#69=DIRECTION('',(1.E0,0.E0,0.E0));
#70=VECTOR('',#69,9.E-1);
#71=CARTESIAN_POINT('',(7.025E0,-1.585E0,-3.43E0));
#72=LINE('',#71,#70);
#73=DIRECTION('',(0.E0,-1.E0,0.E0));
#74=VECTOR('',#73,5.291820693124E0);
#75=CARTESIAN_POINT('',(7.925E0,6.876820693124E0,-2.45E0));
#76=LINE('',#75,#74);
#77=DIRECTION('',(0.E0,-8.660254037844E-1,5.E-1));
#78=VECTOR('',#77,7.6E-1);
#79=CARTESIAN_POINT('',(7.925E0,7.535E0,-2.83E0));
#80=LINE('',#79,#78);
#81=DIRECTION('',(0.E0,0.E0,1.E0));
#82=VECTOR('',#81,6.E-1);
#83=CARTESIAN_POINT('',(7.925E0,7.535E0,-3.43E0));
#84=LINE('',#83,#82);
#85=DIRECTION('',(0.E0,0.E0,1.E0));
#86=VECTOR('',#85,6.9E0);
#87=CARTESIAN_POINT('',(7.925E0,-1.585E0,-3.43E0));
#88=LINE('',#87,#86);
#89=DIRECTION('',(-1.E0,0.E0,0.E0));
#90=VECTOR('',#89,9.E-1);
#91=CARTESIAN_POINT('',(7.925E0,1.585E0,-2.45E0));
#92=LINE('',#91,#90);
#93=DIRECTION('',(0.E0,0.E0,1.E0));
#94=VECTOR('',#93,5.92E0);
#95=CARTESIAN_POINT('',(7.925E0,1.585E0,-2.45E0));
#96=LINE('',#95,#94);
#97=DIRECTION('',(0.E0,0.E0,1.E0));
#98=VECTOR('',#97,5.92E0);
#99=CARTESIAN_POINT('',(7.025E0,1.585E0,-2.45E0));
#100=LINE('',#99,#98);
#101=DIRECTION('',(-1.E0,0.E0,0.E0));
#102=VECTOR('',#101,8.9E-1);
#103=CARTESIAN_POINT('',(-7.035E0,1.585E0,-2.45E0));
#104=LINE('',#103,#102);
#105=DIRECTION('',(0.E0,0.E0,1.E0));
#106=VECTOR('',#105,5.92E0);
#107=CARTESIAN_POINT('',(-7.035E0,1.585E0,-2.45E0));
#108=LINE('',#107,#106);
#109=DIRECTION('',(-1.E0,0.E0,0.E0));
#110=VECTOR('',#109,1.78E0);
#111=CARTESIAN_POINT('',(4.845E0,1.585E0,-2.45E0));
#112=LINE('',#111,#110);
#113=DIRECTION('',(0.E0,0.E0,1.E0));
#114=VECTOR('',#113,5.92E0);
#115=CARTESIAN_POINT('',(4.845E0,1.585E0,-2.45E0));
#116=LINE('',#115,#114);
#117=DIRECTION('',(0.E0,0.E0,1.E0));
#118=VECTOR('',#117,5.92E0);
#119=CARTESIAN_POINT('',(3.065E0,1.585E0,-2.45E0));
#120=LINE('',#119,#118);
#121=DIRECTION('',(0.E0,0.E0,1.E0));
#122=VECTOR('',#121,5.92E0);
#123=CARTESIAN_POINT('',(-4.855E0,1.585E0,-2.45E0));
#124=LINE('',#123,#122);
#125=DIRECTION('',(-1.E0,0.E0,0.E0));
#126=VECTOR('',#125,1.78E0);
#127=CARTESIAN_POINT('',(-3.075E0,1.585E0,-2.45E0));
#128=LINE('',#127,#126);
#129=DIRECTION('',(0.E0,0.E0,1.E0));
#130=VECTOR('',#129,5.92E0);
#131=CARTESIAN_POINT('',(-3.075E0,1.585E0,-2.45E0));
#132=LINE('',#131,#130);
#133=DIRECTION('',(-1.E0,0.E0,0.E0));
#134=VECTOR('',#133,1.78E0);
#135=CARTESIAN_POINT('',(8.85E-1,1.585E0,-2.45E0));
#136=LINE('',#135,#134);
#137=DIRECTION('',(0.E0,0.E0,1.E0));
#138=VECTOR('',#137,5.92E0);
#139=CARTESIAN_POINT('',(8.85E-1,1.585E0,-2.45E0));
#140=LINE('',#139,#138);
#141=DIRECTION('',(0.E0,0.E0,1.E0));
#142=VECTOR('',#141,5.92E0);
#143=CARTESIAN_POINT('',(-8.95E-1,1.585E0,-2.45E0));
#144=LINE('',#143,#142);
#145=DIRECTION('',(0.E0,0.E0,1.E0));
#146=VECTOR('',#145,3.E0);
#147=CARTESIAN_POINT('',(-4.475E0,1.585E0,-1.5E0));
#148=LINE('',#147,#146);
#149=DIRECTION('',(1.E0,0.E0,0.E0));
#150=VECTOR('',#149,1.02E0);
#151=CARTESIAN_POINT('',(-4.475E0,1.585E0,1.5E0));
#152=LINE('',#151,#150);
#153=DIRECTION('',(0.E0,0.E0,-1.E0));
#154=VECTOR('',#153,3.E0);
#155=CARTESIAN_POINT('',(-3.455E0,1.585E0,1.5E0));
#156=LINE('',#155,#154);
#157=DIRECTION('',(-1.E0,0.E0,0.E0));
#158=VECTOR('',#157,1.02E0);
#159=CARTESIAN_POINT('',(-3.455E0,1.585E0,-1.5E0));
#160=LINE('',#159,#158);
#161=DIRECTION('',(0.E0,0.E0,1.E0));
#162=VECTOR('',#161,3.E0);
#163=CARTESIAN_POINT('',(-5.15E-1,1.585E0,-1.5E0));
#164=LINE('',#163,#162);
#165=DIRECTION('',(1.E0,0.E0,0.E0));
#166=VECTOR('',#165,1.02E0);
#167=CARTESIAN_POINT('',(-5.15E-1,1.585E0,1.5E0));
#168=LINE('',#167,#166);
#169=DIRECTION('',(0.E0,0.E0,-1.E0));
#170=VECTOR('',#169,3.E0);
#171=CARTESIAN_POINT('',(5.05E-1,1.585E0,1.5E0));
#172=LINE('',#171,#170);
#173=DIRECTION('',(-1.E0,0.E0,0.E0));
#174=VECTOR('',#173,1.02E0);
#175=CARTESIAN_POINT('',(5.05E-1,1.585E0,-1.5E0));
#176=LINE('',#175,#174);
#177=DIRECTION('',(0.E0,0.E0,1.E0));
#178=VECTOR('',#177,3.E0);
#179=CARTESIAN_POINT('',(3.445E0,1.585E0,-1.5E0));
#180=LINE('',#179,#178);
#181=DIRECTION('',(1.E0,0.E0,0.E0));
#182=VECTOR('',#181,1.02E0);
#183=CARTESIAN_POINT('',(3.445E0,1.585E0,1.5E0));
#184=LINE('',#183,#182);
#185=DIRECTION('',(0.E0,0.E0,-1.E0));
#186=VECTOR('',#185,3.E0);
#187=CARTESIAN_POINT('',(4.465E0,1.585E0,1.5E0));
#188=LINE('',#187,#186);
#189=DIRECTION('',(-1.E0,0.E0,0.E0));
#190=VECTOR('',#189,1.02E0);
#191=CARTESIAN_POINT('',(4.465E0,1.585E0,-1.5E0));
#192=LINE('',#191,#190);
#193=DIRECTION('',(1.E0,0.E0,0.E0));
#194=VECTOR('',#193,1.585E1);
#195=CARTESIAN_POINT('',(-7.925E0,6.876820693124E0,-2.45E0));
#196=LINE('',#195,#194);
#197=DIRECTION('',(0.E0,1.E0,0.E0));
#198=VECTOR('',#197,3.8E-1);
#199=CARTESIAN_POINT('',(7.025E0,1.205E0,-2.45E0));
#200=LINE('',#199,#198);
#201=DIRECTION('',(0.E0,0.E0,-1.E0));
#202=VECTOR('',#201,5.92E0);
#203=CARTESIAN_POINT('',(7.025E0,1.205E0,3.47E0));
#204=LINE('',#203,#202);
#205=DIRECTION('',(0.E0,-1.E0,0.E0));
#206=VECTOR('',#205,3.8E-1);
#207=CARTESIAN_POINT('',(4.845E0,1.585E0,3.47E0));
#208=LINE('',#207,#206);
#209=DIRECTION('',(1.E0,0.E0,0.E0));
#210=VECTOR('',#209,2.18E0);
#211=CARTESIAN_POINT('',(4.845E0,1.205E0,3.47E0));
#212=LINE('',#211,#210);
#213=DIRECTION('',(0.E0,-1.E0,0.E0));
#214=VECTOR('',#213,3.8E-1);
#215=CARTESIAN_POINT('',(7.025E0,1.585E0,3.47E0));
#216=LINE('',#215,#214);
#217=DIRECTION('',(-1.E0,0.E0,0.E0));
#218=VECTOR('',#217,9.E-1);
#219=CARTESIAN_POINT('',(7.925E0,1.585E0,3.47E0));
#220=LINE('',#219,#218);
#221=DIRECTION('',(0.E0,1.E0,0.E0));
#222=VECTOR('',#221,3.17E0);
#223=CARTESIAN_POINT('',(7.925E0,-1.585E0,3.47E0));
#224=LINE('',#223,#222);
#225=DIRECTION('',(1.E0,0.E0,0.E0));
#226=VECTOR('',#225,9.E-1);
#227=CARTESIAN_POINT('',(7.025E0,-1.585E0,3.47E0));
#228=LINE('',#227,#226);
#229=DIRECTION('',(0.E0,1.E0,0.E0));
#230=VECTOR('',#229,3.8E-1);
#231=CARTESIAN_POINT('',(7.025E0,-1.585E0,3.47E0));
#232=LINE('',#231,#230);
#233=DIRECTION('',(-1.E0,0.E0,0.E0));
#234=VECTOR('',#233,2.18E0);
#235=CARTESIAN_POINT('',(7.025E0,-1.205E0,3.47E0));
#236=LINE('',#235,#234);
#237=DIRECTION('',(0.E0,1.E0,0.E0));
#238=VECTOR('',#237,3.8E-1);
#239=CARTESIAN_POINT('',(4.845E0,-1.585E0,3.47E0));
#240=LINE('',#239,#238);
#241=DIRECTION('',(1.E0,0.E0,0.E0));
#242=VECTOR('',#241,1.78E0);
#243=CARTESIAN_POINT('',(3.065E0,-1.585E0,3.47E0));
#244=LINE('',#243,#242);
#245=DIRECTION('',(0.E0,1.E0,0.E0));
#246=VECTOR('',#245,3.8E-1);
#247=CARTESIAN_POINT('',(3.065E0,-1.585E0,3.47E0));
#248=LINE('',#247,#246);
#249=DIRECTION('',(-1.E0,0.E0,0.E0));
#250=VECTOR('',#249,2.18E0);
#251=CARTESIAN_POINT('',(3.065E0,-1.205E0,3.47E0));
#252=LINE('',#251,#250);
#253=DIRECTION('',(0.E0,1.E0,0.E0));
#254=VECTOR('',#253,3.8E-1);
#255=CARTESIAN_POINT('',(8.85E-1,-1.585E0,3.47E0));
#256=LINE('',#255,#254);
#257=DIRECTION('',(1.E0,0.E0,0.E0));
#258=VECTOR('',#257,1.78E0);
#259=CARTESIAN_POINT('',(-8.95E-1,-1.585E0,3.47E0));
#260=LINE('',#259,#258);
#261=DIRECTION('',(0.E0,1.E0,0.E0));
#262=VECTOR('',#261,3.8E-1);
#263=CARTESIAN_POINT('',(-8.95E-1,-1.585E0,3.47E0));
#264=LINE('',#263,#262);
#265=DIRECTION('',(-1.E0,0.E0,0.E0));
#266=VECTOR('',#265,2.18E0);
#267=CARTESIAN_POINT('',(-8.95E-1,-1.205E0,3.47E0));
#268=LINE('',#267,#266);
#269=DIRECTION('',(0.E0,1.E0,0.E0));
#270=VECTOR('',#269,3.8E-1);
#271=CARTESIAN_POINT('',(-3.075E0,-1.585E0,3.47E0));
#272=LINE('',#271,#270);
#273=DIRECTION('',(1.E0,0.E0,0.E0));
#274=VECTOR('',#273,1.78E0);
#275=CARTESIAN_POINT('',(-4.855E0,-1.585E0,3.47E0));
#276=LINE('',#275,#274);
#277=DIRECTION('',(0.E0,1.E0,0.E0));
#278=VECTOR('',#277,3.8E-1);
#279=CARTESIAN_POINT('',(-4.855E0,-1.585E0,3.47E0));
#280=LINE('',#279,#278);
#281=DIRECTION('',(-1.E0,0.E0,0.E0));
#282=VECTOR('',#281,2.18E0);
#283=CARTESIAN_POINT('',(-4.855E0,-1.205E0,3.47E0));
#284=LINE('',#283,#282);
#285=DIRECTION('',(0.E0,1.E0,0.E0));
#286=VECTOR('',#285,3.8E-1);
#287=CARTESIAN_POINT('',(-7.035E0,-1.585E0,3.47E0));
#288=LINE('',#287,#286);
#289=DIRECTION('',(1.E0,0.E0,0.E0));
#290=VECTOR('',#289,8.9E-1);
#291=CARTESIAN_POINT('',(-7.925E0,-1.585E0,3.47E0));
#292=LINE('',#291,#290);
#293=DIRECTION('',(0.E0,-1.E0,0.E0));
#294=VECTOR('',#293,3.17E0);
#295=CARTESIAN_POINT('',(-7.925E0,1.585E0,3.47E0));
#296=LINE('',#295,#294);
#297=DIRECTION('',(-1.E0,0.E0,0.E0));
#298=VECTOR('',#297,8.9E-1);
#299=CARTESIAN_POINT('',(-7.035E0,1.585E0,3.47E0));
#300=LINE('',#299,#298);
#301=DIRECTION('',(0.E0,-1.E0,0.E0));
#302=VECTOR('',#301,3.8E-1);
#303=CARTESIAN_POINT('',(-7.035E0,1.585E0,3.47E0));
#304=LINE('',#303,#302);
#305=DIRECTION('',(1.E0,0.E0,0.E0));
#306=VECTOR('',#305,2.18E0);
#307=CARTESIAN_POINT('',(-7.035E0,1.205E0,3.47E0));
#308=LINE('',#307,#306);
#309=DIRECTION('',(0.E0,-1.E0,0.E0));
#310=VECTOR('',#309,3.8E-1);
#311=CARTESIAN_POINT('',(-4.855E0,1.585E0,3.47E0));
#312=LINE('',#311,#310);
#313=DIRECTION('',(-1.E0,0.E0,0.E0));
#314=VECTOR('',#313,1.78E0);
#315=CARTESIAN_POINT('',(-3.075E0,1.585E0,3.47E0));
#316=LINE('',#315,#314);
#317=DIRECTION('',(0.E0,-1.E0,0.E0));
#318=VECTOR('',#317,3.8E-1);
#319=CARTESIAN_POINT('',(-3.075E0,1.585E0,3.47E0));
#320=LINE('',#319,#318);
#321=DIRECTION('',(1.E0,0.E0,0.E0));
#322=VECTOR('',#321,2.18E0);
#323=CARTESIAN_POINT('',(-3.075E0,1.205E0,3.47E0));
#324=LINE('',#323,#322);
#325=DIRECTION('',(0.E0,-1.E0,0.E0));
#326=VECTOR('',#325,3.8E-1);
#327=CARTESIAN_POINT('',(-8.95E-1,1.585E0,3.47E0));
#328=LINE('',#327,#326);
#329=DIRECTION('',(-1.E0,0.E0,0.E0));
#330=VECTOR('',#329,1.78E0);
#331=CARTESIAN_POINT('',(8.85E-1,1.585E0,3.47E0));
#332=LINE('',#331,#330);
#333=DIRECTION('',(0.E0,-1.E0,0.E0));
#334=VECTOR('',#333,3.8E-1);
#335=CARTESIAN_POINT('',(8.85E-1,1.585E0,3.47E0));
#336=LINE('',#335,#334);
#337=DIRECTION('',(1.E0,0.E0,0.E0));
#338=VECTOR('',#337,2.18E0);
#339=CARTESIAN_POINT('',(8.85E-1,1.205E0,3.47E0));
#340=LINE('',#339,#338);
#341=DIRECTION('',(0.E0,-1.E0,0.E0));
#342=VECTOR('',#341,3.8E-1);
#343=CARTESIAN_POINT('',(3.065E0,1.585E0,3.47E0));
#344=LINE('',#343,#342);
#345=DIRECTION('',(-1.E0,0.E0,0.E0));
#346=VECTOR('',#345,1.78E0);
#347=CARTESIAN_POINT('',(4.845E0,1.585E0,3.47E0));
#348=LINE('',#347,#346);
#349=DIRECTION('',(0.E0,-1.E0,0.E0));
#350=VECTOR('',#349,3.8E-1);
#351=CARTESIAN_POINT('',(4.845E0,1.585E0,-2.45E0));
#352=LINE('',#351,#350);
#353=CARTESIAN_POINT('',(5.935E0,1.205E0,0.E0));
#354=DIRECTION('',(0.E0,1.E0,0.E0));
#355=DIRECTION('',(1.E0,0.E0,0.E0));
#356=AXIS2_PLACEMENT_3D('',#353,#354,#355);
#358=CARTESIAN_POINT('',(5.935E0,1.205E0,0.E0));
#359=DIRECTION('',(0.E0,1.E0,0.E0));
#360=DIRECTION('',(-1.E0,0.E0,0.E0));
#361=AXIS2_PLACEMENT_3D('',#358,#359,#360);
#363=DIRECTION('',(1.E0,0.E0,0.E0));
#364=VECTOR('',#363,2.18E0);
#365=CARTESIAN_POINT('',(4.845E0,1.205E0,-2.45E0));
#366=LINE('',#365,#364);
#367=DIRECTION('',(0.E0,0.E0,-1.E0));
#368=VECTOR('',#367,5.92E0);
#369=CARTESIAN_POINT('',(4.845E0,1.205E0,3.47E0));
#370=LINE('',#369,#368);
#371=CARTESIAN_POINT('',(5.935E0,-5.145E0,0.E0));
#372=DIRECTION('',(0.E0,1.E0,0.E0));
#373=DIRECTION('',(1.E0,0.E0,0.E0));
#374=AXIS2_PLACEMENT_3D('',#371,#372,#373);
#376=DIRECTION('',(0.E0,1.E0,0.E0));
#377=VECTOR('',#376,1.092E1);
#378=CARTESIAN_POINT('',(5.365E0,1.205E0,0.E0));
#379=LINE('',#378,#377);
#380=DIRECTION('',(0.E0,1.E0,0.E0));
#381=VECTOR('',#380,1.092E1);
#382=CARTESIAN_POINT('',(6.505E0,1.205E0,0.E0));
#383=LINE('',#382,#381);
#384=DIRECTION('',(0.E0,1.E0,0.E0));
#385=VECTOR('',#384,3.94E0);
#386=CARTESIAN_POINT('',(6.505E0,-5.145E0,0.E0));
#387=LINE('',#386,#385);
#388=CARTESIAN_POINT('',(5.935E0,-5.145E0,0.E0));
#389=DIRECTION('',(0.E0,-1.E0,0.E0));
#390=DIRECTION('',(1.E0,0.E0,0.E0));
#391=AXIS2_PLACEMENT_3D('',#388,#389,#390);
#393=DIRECTION('',(0.E0,1.E0,0.E0));
#394=VECTOR('',#393,3.94E0);
#395=CARTESIAN_POINT('',(5.365E0,-5.145E0,0.E0));
#396=LINE('',#395,#394);
#397=DIRECTION('',(-3.568681169914E-1,9.341547768304E-1,0.E0));
#398=VECTOR('',#397,9.527329111561E-1);
#399=CARTESIAN_POINT('',(6.505E0,1.2125E1,0.E0));
#400=LINE('',#399,#398);
#401=CARTESIAN_POINT('',(5.935E0,1.2125E1,0.E0));
#402=DIRECTION('',(0.E0,-1.E0,0.E0));
#403=DIRECTION('',(1.E0,0.E0,0.E0));
#404=AXIS2_PLACEMENT_3D('',#401,#402,#403);
#406=DIRECTION('',(3.568681169914E-1,9.341547768304E-1,0.E0));
#407=VECTOR('',#406,9.527329111561E-1);
#408=CARTESIAN_POINT('',(5.365E0,1.2125E1,0.E0));
#409=LINE('',#408,#407);
#410=CARTESIAN_POINT('',(5.935E0,1.2125E1,0.E0));
#411=DIRECTION('',(0.E0,1.E0,0.E0));
#412=DIRECTION('',(1.E0,0.E0,0.E0));
#413=AXIS2_PLACEMENT_3D('',#410,#411,#412);
#415=CARTESIAN_POINT('',(5.935E0,1.3015E1,0.E0));
#416=DIRECTION('',(0.E0,-1.E0,0.E0));
#417=DIRECTION('',(1.E0,0.E0,0.E0));
#418=AXIS2_PLACEMENT_3D('',#415,#416,#417);
#420=CARTESIAN_POINT('',(5.935E0,1.3015E1,0.E0));
#421=DIRECTION('',(0.E0,1.E0,0.E0));
#422=DIRECTION('',(1.E0,0.E0,0.E0));
#423=AXIS2_PLACEMENT_3D('',#420,#421,#422);
#425=DIRECTION('',(0.E0,0.E0,-1.E0));
#426=VECTOR('',#425,6.9E0);
#427=CARTESIAN_POINT('',(7.025E0,-1.205E0,3.47E0));
#428=LINE('',#427,#426);
#429=CARTESIAN_POINT('',(5.935E0,-1.205E0,0.E0));
#430=DIRECTION('',(0.E0,1.E0,0.E0));
#431=DIRECTION('',(1.E0,0.E0,0.E0));
#432=AXIS2_PLACEMENT_3D('',#429,#430,#431);
#434=CARTESIAN_POINT('',(5.935E0,-1.205E0,0.E0));
#435=DIRECTION('',(0.E0,1.E0,0.E0));
#436=DIRECTION('',(-1.E0,0.E0,0.E0));
#437=AXIS2_PLACEMENT_3D('',#434,#435,#436);
#439=DIRECTION('',(0.E0,0.E0,-1.E0));
#440=VECTOR('',#439,6.9E0);
#441=CARTESIAN_POINT('',(4.845E0,-1.205E0,3.47E0));
#442=LINE('',#441,#440);
#443=DIRECTION('',(0.E0,0.E0,1.E0));
#444=VECTOR('',#443,6.9E0);
#445=CARTESIAN_POINT('',(-7.035E0,-1.585E0,-3.43E0));
#446=LINE('',#445,#444);
#447=DIRECTION('',(0.E0,0.E0,1.E0));
#448=VECTOR('',#447,6.9E0);
#449=CARTESIAN_POINT('',(-7.925E0,-1.585E0,-3.43E0));
#450=LINE('',#449,#448);
#451=DIRECTION('',(0.E0,0.E0,1.E0));
#452=VECTOR('',#451,6.9E0);
#453=CARTESIAN_POINT('',(-3.075E0,-1.585E0,-3.43E0));
#454=LINE('',#453,#452);
#455=DIRECTION('',(0.E0,0.E0,1.E0));
#456=VECTOR('',#455,6.9E0);
#457=CARTESIAN_POINT('',(-4.855E0,-1.585E0,-3.43E0));
#458=LINE('',#457,#456);
#459=DIRECTION('',(0.E0,0.E0,1.E0));
#460=VECTOR('',#459,6.9E0);
#461=CARTESIAN_POINT('',(8.85E-1,-1.585E0,-3.43E0));
#462=LINE('',#461,#460);
#463=DIRECTION('',(0.E0,0.E0,1.E0));
#464=VECTOR('',#463,6.9E0);
#465=CARTESIAN_POINT('',(-8.95E-1,-1.585E0,-3.43E0));
#466=LINE('',#465,#464);
#467=DIRECTION('',(0.E0,0.E0,1.E0));
#468=VECTOR('',#467,6.9E0);
#469=CARTESIAN_POINT('',(7.025E0,-1.585E0,-3.43E0));
#470=LINE('',#469,#468);
#471=DIRECTION('',(0.E0,0.E0,1.E0));
#472=VECTOR('',#471,6.9E0);
#473=CARTESIAN_POINT('',(4.845E0,-1.585E0,-3.43E0));
#474=LINE('',#473,#472);
#475=DIRECTION('',(0.E0,0.E0,1.E0));
#476=VECTOR('',#475,6.9E0);
#477=CARTESIAN_POINT('',(3.065E0,-1.585E0,-3.43E0));
#478=LINE('',#477,#476);
#479=DIRECTION('',(0.E0,0.E0,1.E0));
#480=VECTOR('',#479,3.E0);
#481=CARTESIAN_POINT('',(-4.475E0,-1.585E0,-1.5E0));
#482=LINE('',#481,#480);
#483=DIRECTION('',(-1.E0,0.E0,0.E0));
#484=VECTOR('',#483,1.02E0);
#485=CARTESIAN_POINT('',(-3.455E0,-1.585E0,-1.5E0));
#486=LINE('',#485,#484);
#487=DIRECTION('',(0.E0,0.E0,-1.E0));
#488=VECTOR('',#487,3.E0);
#489=CARTESIAN_POINT('',(-3.455E0,-1.585E0,1.5E0));
#490=LINE('',#489,#488);
#491=DIRECTION('',(1.E0,0.E0,0.E0));
#492=VECTOR('',#491,1.02E0);
#493=CARTESIAN_POINT('',(-4.475E0,-1.585E0,1.5E0));
#494=LINE('',#493,#492);
#495=DIRECTION('',(0.E0,0.E0,1.E0));
#496=VECTOR('',#495,3.E0);
#497=CARTESIAN_POINT('',(-5.15E-1,-1.585E0,-1.5E0));
#498=LINE('',#497,#496);
#499=DIRECTION('',(-1.E0,0.E0,0.E0));
#500=VECTOR('',#499,1.02E0);
#501=CARTESIAN_POINT('',(5.05E-1,-1.585E0,-1.5E0));
#502=LINE('',#501,#500);
#503=DIRECTION('',(0.E0,0.E0,-1.E0));
#504=VECTOR('',#503,3.E0);
#505=CARTESIAN_POINT('',(5.05E-1,-1.585E0,1.5E0));
#506=LINE('',#505,#504);
#507=DIRECTION('',(1.E0,0.E0,0.E0));
#508=VECTOR('',#507,1.02E0);
#509=CARTESIAN_POINT('',(-5.15E-1,-1.585E0,1.5E0));
#510=LINE('',#509,#508);
#511=DIRECTION('',(0.E0,0.E0,1.E0));
#512=VECTOR('',#511,3.E0);
#513=CARTESIAN_POINT('',(3.445E0,-1.585E0,-1.5E0));
#514=LINE('',#513,#512);
#515=DIRECTION('',(-1.E0,0.E0,0.E0));
#516=VECTOR('',#515,1.02E0);
#517=CARTESIAN_POINT('',(4.465E0,-1.585E0,-1.5E0));
#518=LINE('',#517,#516);
#519=DIRECTION('',(0.E0,0.E0,-1.E0));
#520=VECTOR('',#519,3.E0);
#521=CARTESIAN_POINT('',(4.465E0,-1.585E0,1.5E0));
#522=LINE('',#521,#520);
#523=DIRECTION('',(1.E0,0.E0,0.E0));
#524=VECTOR('',#523,1.02E0);
#525=CARTESIAN_POINT('',(3.445E0,-1.585E0,1.5E0));
#526=LINE('',#525,#524);
#527=DIRECTION('',(0.E0,0.E0,-1.E0));
#528=VECTOR('',#527,6.9E0);
#529=CARTESIAN_POINT('',(-7.035E0,-1.205E0,3.47E0));
#530=LINE('',#529,#528);
#531=DIRECTION('',(0.E0,0.E0,-1.E0));
#532=VECTOR('',#531,6.9E0);
#533=CARTESIAN_POINT('',(-4.855E0,-1.205E0,3.47E0));
#534=LINE('',#533,#532);
#535=CARTESIAN_POINT('',(-5.945E0,-1.205E0,0.E0));
#536=DIRECTION('',(0.E0,1.E0,0.E0));
#537=DIRECTION('',(1.E0,0.E0,0.E0));
#538=AXIS2_PLACEMENT_3D('',#535,#536,#537);
#540=CARTESIAN_POINT('',(-5.945E0,-1.205E0,0.E0));
#541=DIRECTION('',(0.E0,1.E0,0.E0));
#542=DIRECTION('',(-1.E0,0.E0,0.E0));
#543=AXIS2_PLACEMENT_3D('',#540,#541,#542);
#545=CARTESIAN_POINT('',(-5.945E0,-5.145E0,0.E0));
#546=DIRECTION('',(0.E0,1.E0,0.E0));
#547=DIRECTION('',(1.E0,0.E0,0.E0));
#548=AXIS2_PLACEMENT_3D('',#545,#546,#547);
#550=CARTESIAN_POINT('',(-5.945E0,1.205E0,0.E0));
#551=DIRECTION('',(0.E0,1.E0,0.E0));
#552=DIRECTION('',(1.E0,0.E0,0.E0));
#553=AXIS2_PLACEMENT_3D('',#550,#551,#552);
#555=CARTESIAN_POINT('',(-5.945E0,1.205E0,0.E0));
#556=DIRECTION('',(0.E0,1.E0,0.E0));
#557=DIRECTION('',(-1.E0,0.E0,0.E0));
#558=AXIS2_PLACEMENT_3D('',#555,#556,#557);
#560=DIRECTION('',(1.E0,0.E0,0.E0));
#561=VECTOR('',#560,2.18E0);
#562=CARTESIAN_POINT('',(-7.035E0,1.205E0,-2.45E0));
#563=LINE('',#562,#561);
#564=DIRECTION('',(0.E0,0.E0,-1.E0));
#565=VECTOR('',#564,5.92E0);
#566=CARTESIAN_POINT('',(-7.035E0,1.205E0,3.47E0));
#567=LINE('',#566,#565);
#568=DIRECTION('',(0.E0,1.E0,0.E0));
#569=VECTOR('',#568,1.092E1);
#570=CARTESIAN_POINT('',(-6.515E0,1.205E0,0.E0));
#571=LINE('',#570,#569);
#572=DIRECTION('',(0.E0,1.E0,0.E0));
#573=VECTOR('',#572,1.092E1);
#574=CARTESIAN_POINT('',(-5.375E0,1.205E0,0.E0));
#575=LINE('',#574,#573);
#576=DIRECTION('',(0.E0,1.E0,0.E0));
#577=VECTOR('',#576,3.94E0);
#578=CARTESIAN_POINT('',(-5.375E0,-5.145E0,0.E0));
#579=LINE('',#578,#577);
#580=CARTESIAN_POINT('',(-5.945E0,-5.145E0,0.E0));
#581=DIRECTION('',(0.E0,-1.E0,0.E0));
#582=DIRECTION('',(1.E0,0.E0,0.E0));
#583=AXIS2_PLACEMENT_3D('',#580,#581,#582);
#585=DIRECTION('',(0.E0,1.E0,0.E0));
#586=VECTOR('',#585,3.94E0);
#587=CARTESIAN_POINT('',(-6.515E0,-5.145E0,0.E0));
#588=LINE('',#587,#586);
#589=DIRECTION('',(-3.568681169914E-1,9.341547768304E-1,0.E0));
#590=VECTOR('',#589,9.527329111561E-1);
#591=CARTESIAN_POINT('',(-5.375E0,1.2125E1,0.E0));
#592=LINE('',#591,#590);
#593=CARTESIAN_POINT('',(-5.945E0,1.2125E1,0.E0));
#594=DIRECTION('',(0.E0,-1.E0,0.E0));
#595=DIRECTION('',(1.E0,0.E0,0.E0));
#596=AXIS2_PLACEMENT_3D('',#593,#594,#595);
#598=DIRECTION('',(3.568681169914E-1,9.341547768304E-1,0.E0));
#599=VECTOR('',#598,9.527329111561E-1);
#600=CARTESIAN_POINT('',(-6.515E0,1.2125E1,0.E0));
#601=LINE('',#600,#599);
#602=CARTESIAN_POINT('',(-5.945E0,1.2125E1,0.E0));
#603=DIRECTION('',(0.E0,1.E0,0.E0));
#604=DIRECTION('',(1.E0,0.E0,0.E0));
#605=AXIS2_PLACEMENT_3D('',#602,#603,#604);
#607=CARTESIAN_POINT('',(-5.945E0,1.3015E1,0.E0));
#608=DIRECTION('',(0.E0,-1.E0,0.E0));
#609=DIRECTION('',(1.E0,0.E0,0.E0));
#610=AXIS2_PLACEMENT_3D('',#607,#608,#609);
#612=CARTESIAN_POINT('',(-5.945E0,1.3015E1,0.E0));
#613=DIRECTION('',(0.E0,1.E0,0.E0));
#614=DIRECTION('',(1.E0,0.E0,0.E0));
#615=AXIS2_PLACEMENT_3D('',#612,#613,#614);
#617=DIRECTION('',(3.568681169914E-1,9.341547768304E-1,0.E0));
#618=VECTOR('',#617,9.527329111561E-1);
#619=CARTESIAN_POINT('',(-5.715E0,-6.035E0,0.E0));
#620=LINE('',#619,#618);
#621=CARTESIAN_POINT('',(-5.945E0,-6.035E0,0.E0));
#622=DIRECTION('',(0.E0,-1.E0,0.E0));
#623=DIRECTION('',(1.E0,0.E0,0.E0));
#624=AXIS2_PLACEMENT_3D('',#621,#622,#623);
#626=DIRECTION('',(-3.568681169914E-1,9.341547768304E-1,0.E0));
#627=VECTOR('',#626,9.527329111561E-1);
#628=CARTESIAN_POINT('',(-6.175E0,-6.035E0,0.E0));
#629=LINE('',#628,#627);
#630=CARTESIAN_POINT('',(-5.945E0,-6.035E0,0.E0));
#631=DIRECTION('',(0.E0,1.E0,0.E0));
#632=DIRECTION('',(1.E0,0.E0,0.E0));
#633=AXIS2_PLACEMENT_3D('',#630,#631,#632);
#635=DIRECTION('',(0.E0,0.E0,-1.E0));
#636=VECTOR('',#635,5.92E0);
#637=CARTESIAN_POINT('',(-4.855E0,1.205E0,3.47E0));
#638=LINE('',#637,#636);
#639=DIRECTION('',(0.E0,1.E0,0.E0));
#640=VECTOR('',#639,3.8E-1);
#641=CARTESIAN_POINT('',(-4.855E0,1.205E0,-2.45E0));
#642=LINE('',#641,#640);
#643=DIRECTION('',(0.E0,-1.E0,0.E0));
#644=VECTOR('',#643,3.8E-1);
#645=CARTESIAN_POINT('',(-7.035E0,1.585E0,-2.45E0));
#646=LINE('',#645,#644);
#647=DIRECTION('',(0.E0,1.E0,0.E0));
#648=VECTOR('',#647,9.12E0);
#649=CARTESIAN_POINT('',(-7.925E0,-1.585E0,-3.43E0));
#650=LINE('',#649,#648);
#651=DIRECTION('',(0.E0,0.E0,-1.E0));
#652=VECTOR('',#651,6.E-1);
#653=CARTESIAN_POINT('',(-7.925E0,7.535E0,-2.83E0));
#654=LINE('',#653,#652);
#655=DIRECTION('',(0.E0,8.660254037844E-1,-5.E-1));
#656=VECTOR('',#655,7.6E-1);
#657=CARTESIAN_POINT('',(-7.925E0,6.876820693124E0,-2.45E0));
#658=LINE('',#657,#656);
#659=DIRECTION('',(0.E0,-1.E0,0.E0));
#660=VECTOR('',#659,5.291820693124E0);
#661=CARTESIAN_POINT('',(-7.925E0,6.876820693124E0,-2.45E0));
#662=LINE('',#661,#660);
#663=DIRECTION('',(0.E0,0.E0,1.E0));
#664=VECTOR('',#663,5.92E0);
#665=CARTESIAN_POINT('',(-7.925E0,1.585E0,-2.45E0));
#666=LINE('',#665,#664);
#667=DIRECTION('',(1.E0,0.E0,0.E0));
#668=VECTOR('',#667,1.585E1);
#669=CARTESIAN_POINT('',(-7.925E0,7.535E0,-3.43E0));
#670=LINE('',#669,#668);
#671=DIRECTION('',(1.E0,0.E0,0.E0));
#672=VECTOR('',#671,1.585E1);
#673=CARTESIAN_POINT('',(-7.925E0,7.535E0,-2.83E0));
#674=LINE('',#673,#672);
#675=DIRECTION('',(0.E0,0.E0,-1.E0));
#676=VECTOR('',#675,6.9E0);
#677=CARTESIAN_POINT('',(-3.075E0,-1.205E0,3.47E0));
#678=LINE('',#677,#676);
#679=DIRECTION('',(0.E0,0.E0,-1.E0));
#680=VECTOR('',#679,6.9E0);
#681=CARTESIAN_POINT('',(-8.95E-1,-1.205E0,3.47E0));
#682=LINE('',#681,#680);
#683=CARTESIAN_POINT('',(-1.985E0,-1.205E0,0.E0));
#684=DIRECTION('',(0.E0,1.E0,0.E0));
#685=DIRECTION('',(1.E0,0.E0,0.E0));
#686=AXIS2_PLACEMENT_3D('',#683,#684,#685);
#688=CARTESIAN_POINT('',(-1.985E0,-1.205E0,0.E0));
#689=DIRECTION('',(0.E0,1.E0,0.E0));
#690=DIRECTION('',(-1.E0,0.E0,0.E0));
#691=AXIS2_PLACEMENT_3D('',#688,#689,#690);
#693=CARTESIAN_POINT('',(-1.985E0,-5.145E0,0.E0));
#694=DIRECTION('',(0.E0,1.E0,0.E0));
#695=DIRECTION('',(1.E0,0.E0,0.E0));
#696=AXIS2_PLACEMENT_3D('',#693,#694,#695);
#698=CARTESIAN_POINT('',(-1.985E0,1.205E0,0.E0));
#699=DIRECTION('',(0.E0,1.E0,0.E0));
#700=DIRECTION('',(1.E0,0.E0,0.E0));
#701=AXIS2_PLACEMENT_3D('',#698,#699,#700);
#703=CARTESIAN_POINT('',(-1.985E0,1.205E0,0.E0));
#704=DIRECTION('',(0.E0,1.E0,0.E0));
#705=DIRECTION('',(-1.E0,0.E0,0.E0));
#706=AXIS2_PLACEMENT_3D('',#703,#704,#705);
#708=DIRECTION('',(1.E0,0.E0,0.E0));
#709=VECTOR('',#708,2.18E0);
#710=CARTESIAN_POINT('',(-3.075E0,1.205E0,-2.45E0));
#711=LINE('',#710,#709);
#712=DIRECTION('',(0.E0,0.E0,-1.E0));
#713=VECTOR('',#712,5.92E0);
#714=CARTESIAN_POINT('',(-3.075E0,1.205E0,3.47E0));
#715=LINE('',#714,#713);
#716=DIRECTION('',(0.E0,1.E0,0.E0));
#717=VECTOR('',#716,1.092E1);
#718=CARTESIAN_POINT('',(-2.555E0,1.205E0,0.E0));
#719=LINE('',#718,#717);
#720=DIRECTION('',(0.E0,1.E0,0.E0));
#721=VECTOR('',#720,1.092E1);
#722=CARTESIAN_POINT('',(-1.415E0,1.205E0,0.E0));
#723=LINE('',#722,#721);
#724=DIRECTION('',(0.E0,1.E0,0.E0));
#725=VECTOR('',#724,3.94E0);
#726=CARTESIAN_POINT('',(-1.415E0,-5.145E0,0.E0));
#727=LINE('',#726,#725);
#728=CARTESIAN_POINT('',(-1.985E0,-5.145E0,0.E0));
#729=DIRECTION('',(0.E0,-1.E0,0.E0));
#730=DIRECTION('',(1.E0,0.E0,0.E0));
#731=AXIS2_PLACEMENT_3D('',#728,#729,#730);
#733=DIRECTION('',(0.E0,1.E0,0.E0));
#734=VECTOR('',#733,3.94E0);
#735=CARTESIAN_POINT('',(-2.555E0,-5.145E0,0.E0));
#736=LINE('',#735,#734);
#737=DIRECTION('',(-3.568681169914E-1,9.341547768304E-1,0.E0));
#738=VECTOR('',#737,9.527329111561E-1);
#739=CARTESIAN_POINT('',(-1.415E0,1.2125E1,0.E0));
#740=LINE('',#739,#738);
#741=CARTESIAN_POINT('',(-1.985E0,1.2125E1,0.E0));
#742=DIRECTION('',(0.E0,-1.E0,0.E0));
#743=DIRECTION('',(1.E0,0.E0,0.E0));
#744=AXIS2_PLACEMENT_3D('',#741,#742,#743);
#746=DIRECTION('',(3.568681169914E-1,9.341547768304E-1,0.E0));
#747=VECTOR('',#746,9.527329111561E-1);
#748=CARTESIAN_POINT('',(-2.555E0,1.2125E1,0.E0));
#749=LINE('',#748,#747);
#750=CARTESIAN_POINT('',(-1.985E0,1.2125E1,0.E0));
#751=DIRECTION('',(0.E0,1.E0,0.E0));
#752=DIRECTION('',(1.E0,0.E0,0.E0));
#753=AXIS2_PLACEMENT_3D('',#750,#751,#752);
#755=CARTESIAN_POINT('',(-1.985E0,1.3015E1,0.E0));
#756=DIRECTION('',(0.E0,-1.E0,0.E0));
#757=DIRECTION('',(1.E0,0.E0,0.E0));
#758=AXIS2_PLACEMENT_3D('',#755,#756,#757);
#760=CARTESIAN_POINT('',(-1.985E0,1.3015E1,0.E0));
#761=DIRECTION('',(0.E0,1.E0,0.E0));
#762=DIRECTION('',(1.E0,0.E0,0.E0));
#763=AXIS2_PLACEMENT_3D('',#760,#761,#762);
#765=DIRECTION('',(3.568681169914E-1,9.341547768304E-1,0.E0));
#766=VECTOR('',#765,9.527329111561E-1);
#767=CARTESIAN_POINT('',(-1.755E0,-6.035E0,0.E0));
#768=LINE('',#767,#766);
#769=CARTESIAN_POINT('',(-1.985E0,-6.035E0,0.E0));
#770=DIRECTION('',(0.E0,-1.E0,0.E0));
#771=DIRECTION('',(1.E0,0.E0,0.E0));
#772=AXIS2_PLACEMENT_3D('',#769,#770,#771);
#774=DIRECTION('',(-3.568681169914E-1,9.341547768304E-1,0.E0));
#775=VECTOR('',#774,9.527329111561E-1);
#776=CARTESIAN_POINT('',(-2.215E0,-6.035E0,0.E0));
#777=LINE('',#776,#775);
#778=CARTESIAN_POINT('',(-1.985E0,-6.035E0,0.E0));
#779=DIRECTION('',(0.E0,1.E0,0.E0));
#780=DIRECTION('',(1.E0,0.E0,0.E0));
#781=AXIS2_PLACEMENT_3D('',#778,#779,#780);
#783=DIRECTION('',(0.E0,1.E0,0.E0));
#784=VECTOR('',#783,3.8E-1);
#785=CARTESIAN_POINT('',(-8.95E-1,1.205E0,-2.45E0));
#786=LINE('',#785,#784);
#787=DIRECTION('',(0.E0,0.E0,-1.E0));
#788=VECTOR('',#787,5.92E0);
#789=CARTESIAN_POINT('',(-8.95E-1,1.205E0,3.47E0));
#790=LINE('',#789,#788);
#791=DIRECTION('',(0.E0,-1.E0,0.E0));
#792=VECTOR('',#791,3.8E-1);
#793=CARTESIAN_POINT('',(-3.075E0,1.585E0,-2.45E0));
#794=LINE('',#793,#792);
#795=DIRECTION('',(0.E0,0.E0,-1.E0));
#796=VECTOR('',#795,6.9E0);
#797=CARTESIAN_POINT('',(8.85E-1,-1.205E0,3.47E0));
#798=LINE('',#797,#796);
#799=DIRECTION('',(0.E0,0.E0,-1.E0));
#800=VECTOR('',#799,6.9E0);
#801=CARTESIAN_POINT('',(3.065E0,-1.205E0,3.47E0));
#802=LINE('',#801,#800);
#803=CARTESIAN_POINT('',(1.975E0,-1.205E0,0.E0));
#804=DIRECTION('',(0.E0,1.E0,0.E0));
#805=DIRECTION('',(1.E0,0.E0,0.E0));
#806=AXIS2_PLACEMENT_3D('',#803,#804,#805);
#808=CARTESIAN_POINT('',(1.975E0,-1.205E0,0.E0));
#809=DIRECTION('',(0.E0,1.E0,0.E0));
#810=DIRECTION('',(-1.E0,0.E0,0.E0));
#811=AXIS2_PLACEMENT_3D('',#808,#809,#810);
#813=CARTESIAN_POINT('',(1.975E0,-5.145E0,0.E0));
#814=DIRECTION('',(0.E0,1.E0,0.E0));
#815=DIRECTION('',(1.E0,0.E0,0.E0));
#816=AXIS2_PLACEMENT_3D('',#813,#814,#815);
#818=CARTESIAN_POINT('',(1.975E0,1.205E0,0.E0));
#819=DIRECTION('',(0.E0,1.E0,0.E0));
#820=DIRECTION('',(1.E0,0.E0,0.E0));
#821=AXIS2_PLACEMENT_3D('',#818,#819,#820);
#823=CARTESIAN_POINT('',(1.975E0,1.205E0,0.E0));
#824=DIRECTION('',(0.E0,1.E0,0.E0));
#825=DIRECTION('',(-1.E0,0.E0,0.E0));
#826=AXIS2_PLACEMENT_3D('',#823,#824,#825);
#828=DIRECTION('',(1.E0,0.E0,0.E0));
#829=VECTOR('',#828,2.18E0);
#830=CARTESIAN_POINT('',(8.85E-1,1.205E0,-2.45E0));
#831=LINE('',#830,#829);
#832=DIRECTION('',(0.E0,0.E0,-1.E0));
#833=VECTOR('',#832,5.92E0);
#834=CARTESIAN_POINT('',(8.85E-1,1.205E0,3.47E0));
#835=LINE('',#834,#833);
#836=DIRECTION('',(0.E0,1.E0,0.E0));
#837=VECTOR('',#836,1.092E1);
#838=CARTESIAN_POINT('',(1.405E0,1.205E0,0.E0));
#839=LINE('',#838,#837);
#840=DIRECTION('',(0.E0,1.E0,0.E0));
#841=VECTOR('',#840,1.092E1);
#842=CARTESIAN_POINT('',(2.545E0,1.205E0,0.E0));
#843=LINE('',#842,#841);
#844=DIRECTION('',(0.E0,1.E0,0.E0));
#845=VECTOR('',#844,3.94E0);
#846=CARTESIAN_POINT('',(2.545E0,-5.145E0,0.E0));
#847=LINE('',#846,#845);
#848=CARTESIAN_POINT('',(1.975E0,-5.145E0,0.E0));
#849=DIRECTION('',(0.E0,-1.E0,0.E0));
#850=DIRECTION('',(1.E0,0.E0,0.E0));
#851=AXIS2_PLACEMENT_3D('',#848,#849,#850);
#853=DIRECTION('',(0.E0,1.E0,0.E0));
#854=VECTOR('',#853,3.94E0);
#855=CARTESIAN_POINT('',(1.405E0,-5.145E0,0.E0));
#856=LINE('',#855,#854);
#857=DIRECTION('',(-3.568681169914E-1,9.341547768304E-1,0.E0));
#858=VECTOR('',#857,9.527329111561E-1);
#859=CARTESIAN_POINT('',(2.545E0,1.2125E1,0.E0));
#860=LINE('',#859,#858);
#861=CARTESIAN_POINT('',(1.975E0,1.2125E1,0.E0));
#862=DIRECTION('',(0.E0,-1.E0,0.E0));
#863=DIRECTION('',(1.E0,0.E0,0.E0));
#864=AXIS2_PLACEMENT_3D('',#861,#862,#863);
#866=DIRECTION('',(3.568681169914E-1,9.341547768304E-1,0.E0));
#867=VECTOR('',#866,9.527329111561E-1);
#868=CARTESIAN_POINT('',(1.405E0,1.2125E1,0.E0));
#869=LINE('',#868,#867);
#870=CARTESIAN_POINT('',(1.975E0,1.2125E1,0.E0));
#871=DIRECTION('',(0.E0,1.E0,0.E0));
#872=DIRECTION('',(1.E0,0.E0,0.E0));
#873=AXIS2_PLACEMENT_3D('',#870,#871,#872);
#875=CARTESIAN_POINT('',(1.975E0,1.3015E1,0.E0));
#876=DIRECTION('',(0.E0,-1.E0,0.E0));
#877=DIRECTION('',(1.E0,0.E0,0.E0));
#878=AXIS2_PLACEMENT_3D('',#875,#876,#877);
#880=CARTESIAN_POINT('',(1.975E0,1.3015E1,0.E0));
#881=DIRECTION('',(0.E0,1.E0,0.E0));
#882=DIRECTION('',(1.E0,0.E0,0.E0));
#883=AXIS2_PLACEMENT_3D('',#880,#881,#882);
#885=DIRECTION('',(3.568681169914E-1,9.341547768304E-1,0.E0));
#886=VECTOR('',#885,9.527329111561E-1);
#887=CARTESIAN_POINT('',(2.205E0,-6.035E0,0.E0));
#888=LINE('',#887,#886);
#889=CARTESIAN_POINT('',(1.975E0,-6.035E0,0.E0));
#890=DIRECTION('',(0.E0,-1.E0,0.E0));
#891=DIRECTION('',(1.E0,0.E0,0.E0));
#892=AXIS2_PLACEMENT_3D('',#889,#890,#891);
#894=DIRECTION('',(-3.568681169914E-1,9.341547768304E-1,0.E0));
#895=VECTOR('',#894,9.527329111561E-1);
#896=CARTESIAN_POINT('',(1.745E0,-6.035E0,0.E0));
#897=LINE('',#896,#895);
#898=CARTESIAN_POINT('',(1.975E0,-6.035E0,0.E0));
#899=DIRECTION('',(0.E0,1.E0,0.E0));
#900=DIRECTION('',(1.E0,0.E0,0.E0));
#901=AXIS2_PLACEMENT_3D('',#898,#899,#900);
#903=DIRECTION('',(0.E0,1.E0,0.E0));
#904=VECTOR('',#903,3.8E-1);
#905=CARTESIAN_POINT('',(3.065E0,1.205E0,-2.45E0));
#906=LINE('',#905,#904);
#907=DIRECTION('',(0.E0,0.E0,-1.E0));
#908=VECTOR('',#907,5.92E0);
#909=CARTESIAN_POINT('',(3.065E0,1.205E0,3.47E0));
#910=LINE('',#909,#908);
#911=DIRECTION('',(0.E0,-1.E0,0.E0));
#912=VECTOR('',#911,3.8E-1);
#913=CARTESIAN_POINT('',(8.85E-1,1.585E0,-2.45E0));
#914=LINE('',#913,#912);
#915=DIRECTION('',(0.E0,-1.E0,0.E0));
#916=VECTOR('',#915,3.17E0);
#917=CARTESIAN_POINT('',(-4.475E0,1.585E0,-1.5E0));
#918=LINE('',#917,#916);
#919=DIRECTION('',(0.E0,-1.E0,0.E0));
#920=VECTOR('',#919,3.17E0);
#921=CARTESIAN_POINT('',(-4.475E0,1.585E0,1.5E0));
#922=LINE('',#921,#920);
#923=DIRECTION('',(0.E0,-1.E0,0.E0));
#924=VECTOR('',#923,3.17E0);
#925=CARTESIAN_POINT('',(-3.455E0,1.585E0,1.5E0));
#926=LINE('',#925,#924);
#927=DIRECTION('',(0.E0,-1.E0,0.E0));
#928=VECTOR('',#927,3.17E0);
#929=CARTESIAN_POINT('',(-3.455E0,1.585E0,-1.5E0));
#930=LINE('',#929,#928);
#931=DIRECTION('',(0.E0,-1.E0,0.E0));
#932=VECTOR('',#931,3.17E0);
#933=CARTESIAN_POINT('',(-5.15E-1,1.585E0,-1.5E0));
#934=LINE('',#933,#932);
#935=DIRECTION('',(0.E0,-1.E0,0.E0));
#936=VECTOR('',#935,3.17E0);
#937=CARTESIAN_POINT('',(-5.15E-1,1.585E0,1.5E0));
#938=LINE('',#937,#936);
#939=DIRECTION('',(0.E0,-1.E0,0.E0));
#940=VECTOR('',#939,3.17E0);
#941=CARTESIAN_POINT('',(5.05E-1,1.585E0,1.5E0));
#942=LINE('',#941,#940);
#943=DIRECTION('',(0.E0,-1.E0,0.E0));
#944=VECTOR('',#943,3.17E0);
#945=CARTESIAN_POINT('',(5.05E-1,1.585E0,-1.5E0));
#946=LINE('',#945,#944);
#947=DIRECTION('',(0.E0,-1.E0,0.E0));
#948=VECTOR('',#947,3.17E0);
#949=CARTESIAN_POINT('',(3.445E0,1.585E0,-1.5E0));
#950=LINE('',#949,#948);
#951=DIRECTION('',(0.E0,-1.E0,0.E0));
#952=VECTOR('',#951,3.17E0);
#953=CARTESIAN_POINT('',(3.445E0,1.585E0,1.5E0));
#954=LINE('',#953,#952);
#955=DIRECTION('',(0.E0,-1.E0,0.E0));
#956=VECTOR('',#955,3.17E0);
#957=CARTESIAN_POINT('',(4.465E0,1.585E0,1.5E0));
#958=LINE('',#957,#956);
#959=DIRECTION('',(0.E0,-1.E0,0.E0));
#960=VECTOR('',#959,3.17E0);
#961=CARTESIAN_POINT('',(4.465E0,1.585E0,-1.5E0));
#962=LINE('',#961,#960);
#963=DIRECTION('',(3.568681169914E-1,9.341547768304E-1,0.E0));
#964=VECTOR('',#963,9.527329111561E-1);
#965=CARTESIAN_POINT('',(6.165E0,-6.035E0,0.E0));
#966=LINE('',#965,#964);
#967=CARTESIAN_POINT('',(5.935E0,-6.035E0,0.E0));
#968=DIRECTION('',(0.E0,-1.E0,0.E0));
#969=DIRECTION('',(1.E0,0.E0,0.E0));
#970=AXIS2_PLACEMENT_3D('',#967,#968,#969);
#972=DIRECTION('',(-3.568681169914E-1,9.341547768304E-1,0.E0));
#973=VECTOR('',#972,9.527329111561E-1);
#974=CARTESIAN_POINT('',(5.705E0,-6.035E0,0.E0));
#975=LINE('',#974,#973);
#976=CARTESIAN_POINT('',(5.935E0,-6.035E0,0.E0));
#977=DIRECTION('',(0.E0,1.E0,0.E0));
#978=DIRECTION('',(1.E0,0.E0,0.E0));
#979=AXIS2_PLACEMENT_3D('',#976,#977,#978);
#981=CARTESIAN_POINT('',(-7.925E0,1.585E0,3.47E0));
#982=CARTESIAN_POINT('',(-7.925E0,-1.585E0,3.47E0));
#983=VERTEX_POINT('',#981);
#984=VERTEX_POINT('',#982);
#985=CARTESIAN_POINT('',(7.925E0,-1.585E0,3.47E0));
#986=CARTESIAN_POINT('',(7.925E0,1.585E0,3.47E0));
#987=VERTEX_POINT('',#985);
#988=VERTEX_POINT('',#986);
#989=CARTESIAN_POINT('',(-7.925E0,-1.585E0,-3.43E0));
#990=VERTEX_POINT('',#989);
#991=CARTESIAN_POINT('',(7.925E0,-1.585E0,-3.43E0));
#992=VERTEX_POINT('',#991);
#993=CARTESIAN_POINT('',(-4.855E0,-1.585E0,-3.43E0));
#994=CARTESIAN_POINT('',(-4.855E0,-1.205E0,-3.43E0));
#995=VERTEX_POINT('',#993);
#996=VERTEX_POINT('',#994);
#997=CARTESIAN_POINT('',(-7.035E0,-1.205E0,-3.43E0));
#998=VERTEX_POINT('',#997);
#999=CARTESIAN_POINT('',(-7.035E0,-1.585E0,-3.43E0));
#1000=VERTEX_POINT('',#999);
#1001=CARTESIAN_POINT('',(-7.035E0,1.585E0,3.47E0));
#1002=CARTESIAN_POINT('',(-7.035E0,1.205E0,3.47E0));
#1003=VERTEX_POINT('',#1001);
#1004=VERTEX_POINT('',#1002);
#1005=CARTESIAN_POINT('',(-4.855E0,1.205E0,3.47E0));
#1006=VERTEX_POINT('',#1005);
#1007=CARTESIAN_POINT('',(-4.855E0,1.585E0,3.47E0));
#1008=VERTEX_POINT('',#1007);
#1009=CARTESIAN_POINT('',(-4.855E0,-1.585E0,3.47E0));
#1010=CARTESIAN_POINT('',(-4.855E0,-1.205E0,3.47E0));
#1011=VERTEX_POINT('',#1009);
#1012=VERTEX_POINT('',#1010);
#1013=CARTESIAN_POINT('',(-7.035E0,-1.205E0,3.47E0));
#1014=VERTEX_POINT('',#1013);
#1015=CARTESIAN_POINT('',(-7.035E0,-1.585E0,3.47E0));
#1016=VERTEX_POINT('',#1015);
#1017=CARTESIAN_POINT('',(-4.475E0,-1.585E0,-1.5E0));
#1018=CARTESIAN_POINT('',(-4.475E0,-1.585E0,1.5E0));
#1019=VERTEX_POINT('',#1017);
#1020=VERTEX_POINT('',#1018);
#1021=CARTESIAN_POINT('',(-3.455E0,-1.585E0,1.5E0));
#1022=VERTEX_POINT('',#1021);
#1023=CARTESIAN_POINT('',(-3.455E0,-1.585E0,-1.5E0));
#1024=VERTEX_POINT('',#1023);
#1025=CARTESIAN_POINT('',(-4.475E0,1.585E0,-1.5E0));
#1026=CARTESIAN_POINT('',(-4.475E0,1.585E0,1.5E0));
#1027=VERTEX_POINT('',#1025);
#1028=VERTEX_POINT('',#1026);
#1029=CARTESIAN_POINT('',(-3.455E0,1.585E0,1.5E0));
#1030=VERTEX_POINT('',#1029);
#1031=CARTESIAN_POINT('',(-3.455E0,1.585E0,-1.5E0));
#1032=VERTEX_POINT('',#1031);
#1033=CARTESIAN_POINT('',(7.925E0,7.535E0,-3.43E0));
#1034=CARTESIAN_POINT('',(7.925E0,7.535E0,-2.83E0));
#1035=VERTEX_POINT('',#1033);
#1036=VERTEX_POINT('',#1034);
#1037=CARTESIAN_POINT('',(7.925E0,6.876820693124E0,-2.45E0));
#1038=VERTEX_POINT('',#1037);
#1039=CARTESIAN_POINT('',(-7.925E0,7.535E0,-2.83E0));
#1040=CARTESIAN_POINT('',(-7.925E0,7.535E0,-3.43E0));
#1041=VERTEX_POINT('',#1039);
#1042=VERTEX_POINT('',#1040);
#1043=CARTESIAN_POINT('',(-7.925E0,6.876820693124E0,-2.45E0));
#1044=VERTEX_POINT('',#1043);
#1045=CARTESIAN_POINT('',(7.925E0,1.585E0,-2.45E0));
#1046=CARTESIAN_POINT('',(7.025E0,1.585E0,-2.45E0));
#1047=VERTEX_POINT('',#1045);
#1048=VERTEX_POINT('',#1046);
#1049=CARTESIAN_POINT('',(-7.925E0,1.585E0,-2.45E0));
#1050=VERTEX_POINT('',#1049);
#1051=CARTESIAN_POINT('',(4.845E0,1.585E0,-2.45E0));
#1052=CARTESIAN_POINT('',(3.065E0,1.585E0,-2.45E0));
#1053=VERTEX_POINT('',#1051);
#1054=VERTEX_POINT('',#1052);
#1055=CARTESIAN_POINT('',(-7.035E0,1.585E0,-2.45E0));
#1056=VERTEX_POINT('',#1055);
#1057=CARTESIAN_POINT('',(-4.855E0,1.585E0,-2.45E0));
#1058=VERTEX_POINT('',#1057);
#1059=CARTESIAN_POINT('',(-5.715E0,-6.035E0,0.E0));
#1060=CARTESIAN_POINT('',(-5.375E0,-5.145E0,0.E0));
#1061=VERTEX_POINT('',#1059);
#1062=VERTEX_POINT('',#1060);
#1063=CARTESIAN_POINT('',(-5.375E0,1.2125E1,0.E0));
#1064=CARTESIAN_POINT('',(-5.715E0,1.3015E1,0.E0));
#1065=VERTEX_POINT('',#1063);
#1066=VERTEX_POINT('',#1064);
#1067=CARTESIAN_POINT('',(-6.175E0,-6.035E0,0.E0));
#1068=CARTESIAN_POINT('',(-6.515E0,-5.145E0,0.E0));
#1069=VERTEX_POINT('',#1067);
#1070=VERTEX_POINT('',#1068);
#1071=CARTESIAN_POINT('',(-6.515E0,1.2125E1,0.E0));
#1072=CARTESIAN_POINT('',(-6.175E0,1.3015E1,0.E0));
#1073=VERTEX_POINT('',#1071);
#1074=VERTEX_POINT('',#1072);
#1075=CARTESIAN_POINT('',(-5.375E0,1.205E0,0.E0));
#1076=CARTESIAN_POINT('',(-6.515E0,1.205E0,0.E0));
#1077=VERTEX_POINT('',#1075);
#1078=VERTEX_POINT('',#1076);
#1079=CARTESIAN_POINT('',(-5.375E0,-1.205E0,0.E0));
#1080=CARTESIAN_POINT('',(-6.515E0,-1.205E0,0.E0));
#1081=VERTEX_POINT('',#1079);
#1082=VERTEX_POINT('',#1080);
#1083=CARTESIAN_POINT('',(-7.035E0,1.205E0,-2.45E0));
#1084=VERTEX_POINT('',#1083);
#1085=CARTESIAN_POINT('',(-4.855E0,1.205E0,-2.45E0));
#1086=VERTEX_POINT('',#1085);
#1087=CARTESIAN_POINT('',(-8.95E-1,-1.585E0,-3.43E0));
#1088=CARTESIAN_POINT('',(-8.95E-1,-1.205E0,-3.43E0));
#1089=VERTEX_POINT('',#1087);
#1090=VERTEX_POINT('',#1088);
#1091=CARTESIAN_POINT('',(-3.075E0,-1.205E0,-3.43E0));
#1092=VERTEX_POINT('',#1091);
#1093=CARTESIAN_POINT('',(-3.075E0,-1.585E0,-3.43E0));
#1094=VERTEX_POINT('',#1093);
#1095=CARTESIAN_POINT('',(-3.075E0,1.585E0,3.47E0));
#1096=CARTESIAN_POINT('',(-3.075E0,1.205E0,3.47E0));
#1097=VERTEX_POINT('',#1095);
#1098=VERTEX_POINT('',#1096);
#1099=CARTESIAN_POINT('',(-8.95E-1,1.205E0,3.47E0));
#1100=VERTEX_POINT('',#1099);
#1101=CARTESIAN_POINT('',(-8.95E-1,1.585E0,3.47E0));
#1102=VERTEX_POINT('',#1101);
#1103=CARTESIAN_POINT('',(-8.95E-1,-1.585E0,3.47E0));
#1104=CARTESIAN_POINT('',(-8.95E-1,-1.205E0,3.47E0));
#1105=VERTEX_POINT('',#1103);
#1106=VERTEX_POINT('',#1104);
#1107=CARTESIAN_POINT('',(-3.075E0,-1.205E0,3.47E0));
#1108=VERTEX_POINT('',#1107);
#1109=CARTESIAN_POINT('',(-3.075E0,-1.585E0,3.47E0));
#1110=VERTEX_POINT('',#1109);
#1111=CARTESIAN_POINT('',(3.065E0,-1.585E0,-3.43E0));
#1112=CARTESIAN_POINT('',(3.065E0,-1.205E0,-3.43E0));
#1113=VERTEX_POINT('',#1111);
#1114=VERTEX_POINT('',#1112);
#1115=CARTESIAN_POINT('',(8.85E-1,-1.205E0,-3.43E0));
#1116=VERTEX_POINT('',#1115);
#1117=CARTESIAN_POINT('',(8.85E-1,-1.585E0,-3.43E0));
#1118=VERTEX_POINT('',#1117);
#1119=CARTESIAN_POINT('',(8.85E-1,1.585E0,3.47E0));
#1120=CARTESIAN_POINT('',(8.85E-1,1.205E0,3.47E0));
#1121=VERTEX_POINT('',#1119);
#1122=VERTEX_POINT('',#1120);
#1123=CARTESIAN_POINT('',(3.065E0,1.205E0,3.47E0));
#1124=VERTEX_POINT('',#1123);
#1125=CARTESIAN_POINT('',(3.065E0,1.585E0,3.47E0));
#1126=VERTEX_POINT('',#1125);
#1127=CARTESIAN_POINT('',(3.065E0,-1.585E0,3.47E0));
#1128=CARTESIAN_POINT('',(3.065E0,-1.205E0,3.47E0));
#1129=VERTEX_POINT('',#1127);
#1130=VERTEX_POINT('',#1128);
#1131=CARTESIAN_POINT('',(8.85E-1,-1.205E0,3.47E0));
#1132=VERTEX_POINT('',#1131);
#1133=CARTESIAN_POINT('',(8.85E-1,-1.585E0,3.47E0));
#1134=VERTEX_POINT('',#1133);
#1135=CARTESIAN_POINT('',(7.025E0,-1.585E0,-3.43E0));
#1136=CARTESIAN_POINT('',(7.025E0,-1.205E0,-3.43E0));
#1137=VERTEX_POINT('',#1135);
#1138=VERTEX_POINT('',#1136);
#1139=CARTESIAN_POINT('',(4.845E0,-1.205E0,-3.43E0));
#1140=VERTEX_POINT('',#1139);
#1141=CARTESIAN_POINT('',(4.845E0,-1.585E0,-3.43E0));
#1142=VERTEX_POINT('',#1141);
#1143=CARTESIAN_POINT('',(4.845E0,1.585E0,3.47E0));
#1144=CARTESIAN_POINT('',(4.845E0,1.205E0,3.47E0));
#1145=VERTEX_POINT('',#1143);
#1146=VERTEX_POINT('',#1144);
#1147=CARTESIAN_POINT('',(7.025E0,1.205E0,3.47E0));
#1148=VERTEX_POINT('',#1147);
#1149=CARTESIAN_POINT('',(7.025E0,1.585E0,3.47E0));
#1150=VERTEX_POINT('',#1149);
#1151=CARTESIAN_POINT('',(7.025E0,-1.585E0,3.47E0));
#1152=CARTESIAN_POINT('',(7.025E0,-1.205E0,3.47E0));
#1153=VERTEX_POINT('',#1151);
#1154=VERTEX_POINT('',#1152);
#1155=CARTESIAN_POINT('',(4.845E0,-1.205E0,3.47E0));
#1156=VERTEX_POINT('',#1155);
#1157=CARTESIAN_POINT('',(4.845E0,-1.585E0,3.47E0));
#1158=VERTEX_POINT('',#1157);
#1159=CARTESIAN_POINT('',(8.85E-1,1.585E0,-2.45E0));
#1160=CARTESIAN_POINT('',(-8.95E-1,1.585E0,-2.45E0));
#1161=VERTEX_POINT('',#1159);
#1162=VERTEX_POINT('',#1160);
#1163=CARTESIAN_POINT('',(-3.075E0,1.585E0,-2.45E0));
#1164=VERTEX_POINT('',#1163);
#1165=CARTESIAN_POINT('',(-3.075E0,1.205E0,-2.45E0));
#1166=VERTEX_POINT('',#1165);
#1167=CARTESIAN_POINT('',(-8.95E-1,1.205E0,-2.45E0));
#1168=VERTEX_POINT('',#1167);
#1169=CARTESIAN_POINT('',(8.85E-1,1.205E0,-2.45E0));
#1170=VERTEX_POINT('',#1169);
#1171=CARTESIAN_POINT('',(3.065E0,1.205E0,-2.45E0));
#1172=VERTEX_POINT('',#1171);
#1173=CARTESIAN_POINT('',(4.845E0,1.205E0,-2.45E0));
#1174=VERTEX_POINT('',#1173);
#1175=CARTESIAN_POINT('',(7.025E0,1.205E0,-2.45E0));
#1176=VERTEX_POINT('',#1175);
#1177=CARTESIAN_POINT('',(-1.755E0,-6.035E0,0.E0));
#1178=CARTESIAN_POINT('',(-1.415E0,-5.145E0,0.E0));
#1179=VERTEX_POINT('',#1177);
#1180=VERTEX_POINT('',#1178);
#1181=CARTESIAN_POINT('',(-1.415E0,1.2125E1,0.E0));
#1182=CARTESIAN_POINT('',(-1.755E0,1.3015E1,0.E0));
#1183=VERTEX_POINT('',#1181);
#1184=VERTEX_POINT('',#1182);
#1185=CARTESIAN_POINT('',(-2.215E0,-6.035E0,0.E0));
#1186=CARTESIAN_POINT('',(-2.555E0,-5.145E0,0.E0));
#1187=VERTEX_POINT('',#1185);
#1188=VERTEX_POINT('',#1186);
#1189=CARTESIAN_POINT('',(-2.555E0,1.2125E1,0.E0));
#1190=CARTESIAN_POINT('',(-2.215E0,1.3015E1,0.E0));
#1191=VERTEX_POINT('',#1189);
#1192=VERTEX_POINT('',#1190);
#1193=CARTESIAN_POINT('',(-1.415E0,1.205E0,0.E0));
#1194=CARTESIAN_POINT('',(-2.555E0,1.205E0,0.E0));
#1195=VERTEX_POINT('',#1193);
#1196=VERTEX_POINT('',#1194);
#1197=CARTESIAN_POINT('',(-1.415E0,-1.205E0,0.E0));
#1198=CARTESIAN_POINT('',(-2.555E0,-1.205E0,0.E0));
#1199=VERTEX_POINT('',#1197);
#1200=VERTEX_POINT('',#1198);
#1201=CARTESIAN_POINT('',(2.205E0,-6.035E0,0.E0));
#1202=CARTESIAN_POINT('',(2.545E0,-5.145E0,0.E0));
#1203=VERTEX_POINT('',#1201);
#1204=VERTEX_POINT('',#1202);
#1205=CARTESIAN_POINT('',(2.545E0,1.2125E1,0.E0));
#1206=CARTESIAN_POINT('',(2.205E0,1.3015E1,0.E0));
#1207=VERTEX_POINT('',#1205);
#1208=VERTEX_POINT('',#1206);
#1209=CARTESIAN_POINT('',(1.745E0,-6.035E0,0.E0));
#1210=CARTESIAN_POINT('',(1.405E0,-5.145E0,0.E0));
#1211=VERTEX_POINT('',#1209);
#1212=VERTEX_POINT('',#1210);
#1213=CARTESIAN_POINT('',(1.405E0,1.2125E1,0.E0));
#1214=CARTESIAN_POINT('',(1.745E0,1.3015E1,0.E0));
#1215=VERTEX_POINT('',#1213);
#1216=VERTEX_POINT('',#1214);
#1217=CARTESIAN_POINT('',(2.545E0,1.205E0,0.E0));
#1218=CARTESIAN_POINT('',(1.405E0,1.205E0,0.E0));
#1219=VERTEX_POINT('',#1217);
#1220=VERTEX_POINT('',#1218);
#1221=CARTESIAN_POINT('',(2.545E0,-1.205E0,0.E0));
#1222=CARTESIAN_POINT('',(1.405E0,-1.205E0,0.E0));
#1223=VERTEX_POINT('',#1221);
#1224=VERTEX_POINT('',#1222);
#1225=CARTESIAN_POINT('',(6.165E0,-6.035E0,0.E0));
#1226=CARTESIAN_POINT('',(6.505E0,-5.145E0,0.E0));
#1227=VERTEX_POINT('',#1225);
#1228=VERTEX_POINT('',#1226);
#1229=CARTESIAN_POINT('',(6.505E0,1.2125E1,0.E0));
#1230=CARTESIAN_POINT('',(6.165E0,1.3015E1,0.E0));
#1231=VERTEX_POINT('',#1229);
#1232=VERTEX_POINT('',#1230);
#1233=CARTESIAN_POINT('',(5.705E0,-6.035E0,0.E0));
#1234=CARTESIAN_POINT('',(5.365E0,-5.145E0,0.E0));
#1235=VERTEX_POINT('',#1233);
#1236=VERTEX_POINT('',#1234);
#1237=CARTESIAN_POINT('',(5.365E0,1.2125E1,0.E0));
#1238=CARTESIAN_POINT('',(5.705E0,1.3015E1,0.E0));
#1239=VERTEX_POINT('',#1237);
#1240=VERTEX_POINT('',#1238);
#1241=CARTESIAN_POINT('',(6.505E0,1.205E0,0.E0));
#1242=CARTESIAN_POINT('',(5.365E0,1.205E0,0.E0));
#1243=VERTEX_POINT('',#1241);
#1244=VERTEX_POINT('',#1242);
#1245=CARTESIAN_POINT('',(6.505E0,-1.205E0,0.E0));
#1246=CARTESIAN_POINT('',(5.365E0,-1.205E0,0.E0));
#1247=VERTEX_POINT('',#1245);
#1248=VERTEX_POINT('',#1246);
#1249=CARTESIAN_POINT('',(-5.15E-1,-1.585E0,-1.5E0));
#1250=CARTESIAN_POINT('',(-5.15E-1,-1.585E0,1.5E0));
#1251=VERTEX_POINT('',#1249);
#1252=VERTEX_POINT('',#1250);
#1253=CARTESIAN_POINT('',(5.05E-1,-1.585E0,1.5E0));
#1254=VERTEX_POINT('',#1253);
#1255=CARTESIAN_POINT('',(5.05E-1,-1.585E0,-1.5E0));
#1256=VERTEX_POINT('',#1255);
#1257=CARTESIAN_POINT('',(-5.15E-1,1.585E0,-1.5E0));
#1258=CARTESIAN_POINT('',(-5.15E-1,1.585E0,1.5E0));
#1259=VERTEX_POINT('',#1257);
#1260=VERTEX_POINT('',#1258);
#1261=CARTESIAN_POINT('',(5.05E-1,1.585E0,1.5E0));
#1262=VERTEX_POINT('',#1261);
#1263=CARTESIAN_POINT('',(5.05E-1,1.585E0,-1.5E0));
#1264=VERTEX_POINT('',#1263);
#1265=CARTESIAN_POINT('',(3.445E0,-1.585E0,-1.5E0));
#1266=CARTESIAN_POINT('',(3.445E0,-1.585E0,1.5E0));
#1267=VERTEX_POINT('',#1265);
#1268=VERTEX_POINT('',#1266);
#1269=CARTESIAN_POINT('',(4.465E0,-1.585E0,1.5E0));
#1270=VERTEX_POINT('',#1269);
#1271=CARTESIAN_POINT('',(4.465E0,-1.585E0,-1.5E0));
#1272=VERTEX_POINT('',#1271);
#1273=CARTESIAN_POINT('',(3.445E0,1.585E0,-1.5E0));
#1274=CARTESIAN_POINT('',(3.445E0,1.585E0,1.5E0));
#1275=VERTEX_POINT('',#1273);
#1276=VERTEX_POINT('',#1274);
#1277=CARTESIAN_POINT('',(4.465E0,1.585E0,1.5E0));
#1278=VERTEX_POINT('',#1277);
#1279=CARTESIAN_POINT('',(4.465E0,1.585E0,-1.5E0));
#1280=VERTEX_POINT('',#1279);
#1281=CARTESIAN_POINT('',(0.E0,0.E0,-3.43E0));
#1282=DIRECTION('',(0.E0,0.E0,1.E0));
#1283=DIRECTION('',(1.E0,0.E0,0.E0));
#1284=AXIS2_PLACEMENT_3D('',#1281,#1282,#1283);
#1285=PLANE('',#1284);
#1287=ORIENTED_EDGE('',*,*,#1286,.T.);
#1289=ORIENTED_EDGE('',*,*,#1288,.F.);
#1291=ORIENTED_EDGE('',*,*,#1290,.F.);
#1293=ORIENTED_EDGE('',*,*,#1292,.T.);
#1295=ORIENTED_EDGE('',*,*,#1294,.T.);
#1297=ORIENTED_EDGE('',*,*,#1296,.F.);
#1299=ORIENTED_EDGE('',*,*,#1298,.F.);
#1301=ORIENTED_EDGE('',*,*,#1300,.T.);
#1303=ORIENTED_EDGE('',*,*,#1302,.T.);
#1305=ORIENTED_EDGE('',*,*,#1304,.F.);
#1307=ORIENTED_EDGE('',*,*,#1306,.F.);
#1309=ORIENTED_EDGE('',*,*,#1308,.T.);
#1311=ORIENTED_EDGE('',*,*,#1310,.T.);
#1313=ORIENTED_EDGE('',*,*,#1312,.F.);
#1315=ORIENTED_EDGE('',*,*,#1314,.F.);
#1317=ORIENTED_EDGE('',*,*,#1316,.T.);
#1319=ORIENTED_EDGE('',*,*,#1318,.T.);
#1321=ORIENTED_EDGE('',*,*,#1320,.F.);
#1323=ORIENTED_EDGE('',*,*,#1322,.F.);
#1325=ORIENTED_EDGE('',*,*,#1324,.T.);
#1326=EDGE_LOOP('',(#1287,#1289,#1291,#1293,#1295,#1297,#1299,#1301,#1303,#1305,
#1307,#1309,#1311,#1313,#1315,#1317,#1319,#1321,#1323,#1325));
#1327=FACE_OUTER_BOUND('',#1326,.F.);
#1328=ADVANCED_FACE('',(#1327),#1285,.F.);
#1329=CARTESIAN_POINT('',(7.925E0,-1.585E0,-3.43E0));
#1330=DIRECTION('',(1.E0,0.E0,0.E0));
#1331=DIRECTION('',(0.E0,1.E0,0.E0));
#1332=AXIS2_PLACEMENT_3D('',#1329,#1330,#1331);
#1333=PLANE('',#1332);
#1335=ORIENTED_EDGE('',*,*,#1334,.F.);
#1337=ORIENTED_EDGE('',*,*,#1336,.F.);
#1339=ORIENTED_EDGE('',*,*,#1338,.F.);
#1341=ORIENTED_EDGE('',*,*,#1340,.F.);
#1342=ORIENTED_EDGE('',*,*,#1286,.F.);
#1344=ORIENTED_EDGE('',*,*,#1343,.T.);
#1346=ORIENTED_EDGE('',*,*,#1345,.T.);
#1347=EDGE_LOOP('',(#1335,#1337,#1339,#1341,#1342,#1344,#1346));
#1348=FACE_OUTER_BOUND('',#1347,.F.);
#1349=ADVANCED_FACE('',(#1348),#1333,.T.);
#1350=CARTESIAN_POINT('',(7.925E0,1.585E0,-3.43E0));
#1351=DIRECTION('',(0.E0,1.E0,0.E0));
#1352=DIRECTION('',(-1.E0,0.E0,0.E0));
#1353=AXIS2_PLACEMENT_3D('',#1350,#1351,#1352);
#1354=PLANE('',#1353);
#1356=ORIENTED_EDGE('',*,*,#1355,.F.);
#1357=ORIENTED_EDGE('',*,*,#1334,.T.);
#1359=ORIENTED_EDGE('',*,*,#1358,.T.);
#1361=ORIENTED_EDGE('',*,*,#1360,.F.);
#1362=EDGE_LOOP('',(#1356,#1357,#1359,#1361));
#1363=FACE_OUTER_BOUND('',#1362,.F.);
#1364=ADVANCED_FACE('',(#1363),#1354,.T.);
#1365=CARTESIAN_POINT('',(7.925E0,1.585E0,-3.43E0));
#1366=DIRECTION('',(0.E0,1.E0,0.E0));
#1367=DIRECTION('',(-1.E0,0.E0,0.E0));
#1368=AXIS2_PLACEMENT_3D('',#1365,#1366,#1367);
#1369=PLANE('',#1368);
#1371=ORIENTED_EDGE('',*,*,#1370,.F.);
#1373=ORIENTED_EDGE('',*,*,#1372,.F.);
#1375=ORIENTED_EDGE('',*,*,#1374,.T.);
#1377=ORIENTED_EDGE('',*,*,#1376,.T.);
#1378=EDGE_LOOP('',(#1371,#1373,#1375,#1377));
#1379=FACE_OUTER_BOUND('',#1378,.F.);
#1380=ADVANCED_FACE('',(#1379),#1369,.T.);
#1381=CARTESIAN_POINT('',(7.925E0,1.585E0,-3.43E0));
#1382=DIRECTION('',(0.E0,1.E0,0.E0));
#1383=DIRECTION('',(-1.E0,0.E0,0.E0));
#1384=AXIS2_PLACEMENT_3D('',#1381,#1382,#1383);
#1385=PLANE('',#1384);
#1387=ORIENTED_EDGE('',*,*,#1386,.F.);
#1389=ORIENTED_EDGE('',*,*,#1388,.T.);
#1391=ORIENTED_EDGE('',*,*,#1390,.T.);
#1393=ORIENTED_EDGE('',*,*,#1392,.F.);
#1394=EDGE_LOOP('',(#1387,#1389,#1391,#1393));
#1395=FACE_OUTER_BOUND('',#1394,.F.);
#1397=ORIENTED_EDGE('',*,*,#1396,.T.);
#1399=ORIENTED_EDGE('',*,*,#1398,.T.);
#1401=ORIENTED_EDGE('',*,*,#1400,.T.);
#1403=ORIENTED_EDGE('',*,*,#1402,.T.);
#1404=EDGE_LOOP('',(#1397,#1399,#1401,#1403));
#1405=FACE_BOUND('',#1404,.F.);
#1406=ADVANCED_FACE('',(#1395,#1405),#1385,.T.);
#1407=CARTESIAN_POINT('',(7.925E0,1.585E0,-3.43E0));
#1408=DIRECTION('',(0.E0,1.E0,0.E0));
#1409=DIRECTION('',(-1.E0,0.E0,0.E0));
#1410=AXIS2_PLACEMENT_3D('',#1407,#1408,#1409);
#1411=PLANE('',#1410);
#1413=ORIENTED_EDGE('',*,*,#1412,.F.);
#1415=ORIENTED_EDGE('',*,*,#1414,.F.);
#1417=ORIENTED_EDGE('',*,*,#1416,.T.);
#1419=ORIENTED_EDGE('',*,*,#1418,.T.);
#1420=EDGE_LOOP('',(#1413,#1415,#1417,#1419));
#1421=FACE_OUTER_BOUND('',#1420,.F.);
#1423=ORIENTED_EDGE('',*,*,#1422,.T.);
#1425=ORIENTED_EDGE('',*,*,#1424,.T.);
#1427=ORIENTED_EDGE('',*,*,#1426,.T.);
#1429=ORIENTED_EDGE('',*,*,#1428,.T.);
#1430=EDGE_LOOP('',(#1423,#1425,#1427,#1429));
#1431=FACE_BOUND('',#1430,.F.);
#1432=ADVANCED_FACE('',(#1421,#1431),#1411,.T.);
#1433=CARTESIAN_POINT('',(7.925E0,1.585E0,-3.43E0));
#1434=DIRECTION('',(0.E0,1.E0,0.E0));
#1435=DIRECTION('',(-1.E0,0.E0,0.E0));
#1436=AXIS2_PLACEMENT_3D('',#1433,#1434,#1435);
#1437=PLANE('',#1436);
#1439=ORIENTED_EDGE('',*,*,#1438,.F.);
#1441=ORIENTED_EDGE('',*,*,#1440,.T.);
#1443=ORIENTED_EDGE('',*,*,#1442,.T.);
#1445=ORIENTED_EDGE('',*,*,#1444,.F.);
#1446=EDGE_LOOP('',(#1439,#1441,#1443,#1445));
#1447=FACE_OUTER_BOUND('',#1446,.F.);
#1449=ORIENTED_EDGE('',*,*,#1448,.T.);
#1451=ORIENTED_EDGE('',*,*,#1450,.T.);
#1453=ORIENTED_EDGE('',*,*,#1452,.T.);
#1455=ORIENTED_EDGE('',*,*,#1454,.T.);
#1456=EDGE_LOOP('',(#1449,#1451,#1453,#1455));
#1457=FACE_BOUND('',#1456,.F.);
#1458=ADVANCED_FACE('',(#1447,#1457),#1437,.T.);
#1459=CARTESIAN_POINT('',(7.925E0,6.876820693124E0,-2.45E0));
#1460=DIRECTION('',(0.E0,0.E0,1.E0));
#1461=DIRECTION('',(0.E0,-1.E0,0.E0));
#1462=AXIS2_PLACEMENT_3D('',#1459,#1460,#1461);
#1463=PLANE('',#1462);
#1464=ORIENTED_EDGE('',*,*,#1355,.T.);
#1466=ORIENTED_EDGE('',*,*,#1465,.F.);
#1468=ORIENTED_EDGE('',*,*,#1467,.F.);
#1470=ORIENTED_EDGE('',*,*,#1469,.F.);
#1471=ORIENTED_EDGE('',*,*,#1386,.T.);
#1473=ORIENTED_EDGE('',*,*,#1472,.F.);
#1475=ORIENTED_EDGE('',*,*,#1474,.F.);
#1477=ORIENTED_EDGE('',*,*,#1476,.F.);
#1478=ORIENTED_EDGE('',*,*,#1438,.T.);
#1480=ORIENTED_EDGE('',*,*,#1479,.F.);
#1482=ORIENTED_EDGE('',*,*,#1481,.F.);
#1484=ORIENTED_EDGE('',*,*,#1483,.F.);
#1485=ORIENTED_EDGE('',*,*,#1414,.T.);
#1487=ORIENTED_EDGE('',*,*,#1486,.F.);
#1489=ORIENTED_EDGE('',*,*,#1488,.F.);
#1491=ORIENTED_EDGE('',*,*,#1490,.F.);
#1492=ORIENTED_EDGE('',*,*,#1372,.T.);
#1494=ORIENTED_EDGE('',*,*,#1493,.F.);
#1496=ORIENTED_EDGE('',*,*,#1495,.T.);
#1497=ORIENTED_EDGE('',*,*,#1336,.T.);
#1498=EDGE_LOOP('',(#1464,#1466,#1468,#1470,#1471,#1473,#1475,#1477,#1478,#1480,
#1482,#1484,#1485,#1487,#1489,#1491,#1492,#1494,#1496,#1497));
#1499=FACE_OUTER_BOUND('',#1498,.F.);
#1500=ADVANCED_FACE('',(#1499),#1463,.T.);
#1501=CARTESIAN_POINT('',(7.025E0,1.205E0,3.47E0));
#1502=DIRECTION('',(1.E0,0.E0,0.E0));
#1503=DIRECTION('',(0.E0,1.E0,0.E0));
#1504=AXIS2_PLACEMENT_3D('',#1501,#1502,#1503);
#1505=PLANE('',#1504);
#1506=ORIENTED_EDGE('',*,*,#1465,.T.);
#1507=ORIENTED_EDGE('',*,*,#1360,.T.);
#1509=ORIENTED_EDGE('',*,*,#1508,.T.);
#1511=ORIENTED_EDGE('',*,*,#1510,.T.);
#1512=EDGE_LOOP('',(#1506,#1507,#1509,#1511));
#1513=FACE_OUTER_BOUND('',#1512,.F.);
#1514=ADVANCED_FACE('',(#1513),#1505,.F.);
#1515=CARTESIAN_POINT('',(0.E0,0.E0,3.47E0));
#1516=DIRECTION('',(0.E0,0.E0,1.E0));
#1517=DIRECTION('',(1.E0,0.E0,0.E0));
#1518=AXIS2_PLACEMENT_3D('',#1515,#1516,#1517);
#1519=PLANE('',#1518);
#1521=ORIENTED_EDGE('',*,*,#1520,.T.);
#1523=ORIENTED_EDGE('',*,*,#1522,.T.);
#1524=ORIENTED_EDGE('',*,*,#1508,.F.);
#1525=ORIENTED_EDGE('',*,*,#1358,.F.);
#1526=ORIENTED_EDGE('',*,*,#1345,.F.);
#1528=ORIENTED_EDGE('',*,*,#1527,.F.);
#1530=ORIENTED_EDGE('',*,*,#1529,.T.);
#1532=ORIENTED_EDGE('',*,*,#1531,.T.);
#1534=ORIENTED_EDGE('',*,*,#1533,.F.);
#1536=ORIENTED_EDGE('',*,*,#1535,.F.);
#1538=ORIENTED_EDGE('',*,*,#1537,.T.);
#1540=ORIENTED_EDGE('',*,*,#1539,.T.);
#1542=ORIENTED_EDGE('',*,*,#1541,.F.);
#1544=ORIENTED_EDGE('',*,*,#1543,.F.);
#1546=ORIENTED_EDGE('',*,*,#1545,.T.);
#1548=ORIENTED_EDGE('',*,*,#1547,.T.);
#1550=ORIENTED_EDGE('',*,*,#1549,.F.);
#1552=ORIENTED_EDGE('',*,*,#1551,.F.);
#1554=ORIENTED_EDGE('',*,*,#1553,.T.);
#1556=ORIENTED_EDGE('',*,*,#1555,.T.);
#1558=ORIENTED_EDGE('',*,*,#1557,.F.);
#1560=ORIENTED_EDGE('',*,*,#1559,.F.);
#1562=ORIENTED_EDGE('',*,*,#1561,.F.);
#1563=ORIENTED_EDGE('',*,*,#1376,.F.);
#1565=ORIENTED_EDGE('',*,*,#1564,.T.);
#1567=ORIENTED_EDGE('',*,*,#1566,.T.);
#1569=ORIENTED_EDGE('',*,*,#1568,.F.);
#1570=ORIENTED_EDGE('',*,*,#1418,.F.);
#1572=ORIENTED_EDGE('',*,*,#1571,.T.);
#1574=ORIENTED_EDGE('',*,*,#1573,.T.);
#1576=ORIENTED_EDGE('',*,*,#1575,.F.);
#1577=ORIENTED_EDGE('',*,*,#1442,.F.);
#1579=ORIENTED_EDGE('',*,*,#1578,.T.);
#1581=ORIENTED_EDGE('',*,*,#1580,.T.);
#1583=ORIENTED_EDGE('',*,*,#1582,.F.);
#1584=ORIENTED_EDGE('',*,*,#1390,.F.);
#1585=EDGE_LOOP('',(#1521,#1523,#1524,#1525,#1526,#1528,#1530,#1532,#1534,#1536,
#1538,#1540,#1542,#1544,#1546,#1548,#1550,#1552,#1554,#1556,#1558,#1560,#1562,
#1563,#1565,#1567,#1569,#1570,#1572,#1574,#1576,#1577,#1579,#1581,#1583,#1584));
#1586=FACE_OUTER_BOUND('',#1585,.F.);
#1587=ADVANCED_FACE('',(#1586),#1519,.T.);
#1588=CARTESIAN_POINT('',(4.845E0,1.585E0,3.47E0));
#1589=DIRECTION('',(-1.E0,0.E0,0.E0));
#1590=DIRECTION('',(0.E0,-1.E0,0.E0));
#1591=AXIS2_PLACEMENT_3D('',#1588,#1589,#1590);
#1592=PLANE('',#1591);
#1593=ORIENTED_EDGE('',*,*,#1469,.T.);
#1595=ORIENTED_EDGE('',*,*,#1594,.F.);
#1596=ORIENTED_EDGE('',*,*,#1520,.F.);
#1597=ORIENTED_EDGE('',*,*,#1388,.F.);
#1598=EDGE_LOOP('',(#1593,#1595,#1596,#1597));
#1599=FACE_OUTER_BOUND('',#1598,.F.);
#1600=ADVANCED_FACE('',(#1599),#1592,.F.);
#1601=CARTESIAN_POINT('',(4.845E0,1.205E0,3.47E0));
#1602=DIRECTION('',(0.E0,-1.E0,0.E0));
#1603=DIRECTION('',(1.E0,0.E0,0.E0));
#1604=AXIS2_PLACEMENT_3D('',#1601,#1602,#1603);
#1605=PLANE('',#1604);
#1606=ORIENTED_EDGE('',*,*,#1467,.T.);
#1607=ORIENTED_EDGE('',*,*,#1510,.F.);
#1608=ORIENTED_EDGE('',*,*,#1522,.F.);
#1609=ORIENTED_EDGE('',*,*,#1594,.T.);
#1610=EDGE_LOOP('',(#1606,#1607,#1608,#1609));
#1611=FACE_OUTER_BOUND('',#1610,.F.);
#1613=ORIENTED_EDGE('',*,*,#1612,.T.);
#1615=ORIENTED_EDGE('',*,*,#1614,.T.);
#1616=EDGE_LOOP('',(#1613,#1615));
#1617=FACE_BOUND('',#1616,.F.);
#1618=ADVANCED_FACE('',(#1611,#1617),#1605,.F.);
#1619=CARTESIAN_POINT('',(5.935E0,-6.9875E0,0.E0));
#1620=DIRECTION('',(0.E0,1.E0,0.E0));
#1621=DIRECTION('',(1.E0,0.E0,0.E0));
#1622=AXIS2_PLACEMENT_3D('',#1619,#1620,#1621);
#1623=CYLINDRICAL_SURFACE('',#1622,5.7E-1);
#1624=ORIENTED_EDGE('',*,*,#1612,.F.);
#1626=ORIENTED_EDGE('',*,*,#1625,.T.);
#1628=ORIENTED_EDGE('',*,*,#1627,.T.);
#1630=ORIENTED_EDGE('',*,*,#1629,.F.);
#1631=EDGE_LOOP('',(#1624,#1626,#1628,#1630));
#1632=FACE_OUTER_BOUND('',#1631,.F.);
#1633=ADVANCED_FACE('',(#1632),#1623,.T.);
#1634=CARTESIAN_POINT('',(5.935E0,-6.9875E0,0.E0));
#1635=DIRECTION('',(0.E0,1.E0,0.E0));
#1636=DIRECTION('',(1.E0,0.E0,0.E0));
#1637=AXIS2_PLACEMENT_3D('',#1634,#1635,#1636);
#1638=CYLINDRICAL_SURFACE('',#1637,5.7E-1);
#1640=ORIENTED_EDGE('',*,*,#1639,.T.);
#1642=ORIENTED_EDGE('',*,*,#1641,.F.);
#1644=ORIENTED_EDGE('',*,*,#1643,.F.);
#1646=ORIENTED_EDGE('',*,*,#1645,.T.);
#1647=EDGE_LOOP('',(#1640,#1642,#1644,#1646));
#1648=FACE_OUTER_BOUND('',#1647,.F.);
#1649=ADVANCED_FACE('',(#1648),#1638,.T.);
#1650=CARTESIAN_POINT('',(5.935E0,-6.9875E0,0.E0));
#1651=DIRECTION('',(0.E0,1.E0,0.E0));
#1652=DIRECTION('',(1.E0,0.E0,0.E0));
#1653=AXIS2_PLACEMENT_3D('',#1650,#1651,#1652);
#1654=CYLINDRICAL_SURFACE('',#1653,5.7E-1);
#1655=ORIENTED_EDGE('',*,*,#1614,.F.);
#1656=ORIENTED_EDGE('',*,*,#1629,.T.);
#1658=ORIENTED_EDGE('',*,*,#1657,.F.);
#1659=ORIENTED_EDGE('',*,*,#1625,.F.);
#1660=EDGE_LOOP('',(#1655,#1656,#1658,#1659));
#1661=FACE_OUTER_BOUND('',#1660,.F.);
#1662=ADVANCED_FACE('',(#1661),#1654,.T.);
#1663=CARTESIAN_POINT('',(5.935E0,-6.9875E0,0.E0));
#1664=DIRECTION('',(0.E0,1.E0,0.E0));
#1665=DIRECTION('',(1.E0,0.E0,0.E0));
#1666=AXIS2_PLACEMENT_3D('',#1663,#1664,#1665);
#1667=CYLINDRICAL_SURFACE('',#1666,5.7E-1);
#1669=ORIENTED_EDGE('',*,*,#1668,.T.);
#1670=ORIENTED_EDGE('',*,*,#1645,.F.);
#1672=ORIENTED_EDGE('',*,*,#1671,.T.);
#1673=ORIENTED_EDGE('',*,*,#1641,.T.);
#1674=EDGE_LOOP('',(#1669,#1670,#1672,#1673));
#1675=FACE_OUTER_BOUND('',#1674,.F.);
#1676=ADVANCED_FACE('',(#1675),#1667,.T.);
#1677=CARTESIAN_POINT('',(5.935E0,1.257E1,0.E0));
#1678=DIRECTION('',(0.E0,-1.E0,0.E0));
#1679=DIRECTION('',(-1.E0,0.E0,0.E0));
#1680=AXIS2_PLACEMENT_3D('',#1677,#1678,#1679);
#1681=CONICAL_SURFACE('',#1680,4.E-1,2.090798047101E1);
#1683=ORIENTED_EDGE('',*,*,#1682,.F.);
#1684=ORIENTED_EDGE('',*,*,#1657,.T.);
#1686=ORIENTED_EDGE('',*,*,#1685,.T.);
#1688=ORIENTED_EDGE('',*,*,#1687,.F.);
#1689=EDGE_LOOP('',(#1683,#1684,#1686,#1688));
#1690=FACE_OUTER_BOUND('',#1689,.F.);
#1691=ADVANCED_FACE('',(#1690),#1681,.T.);
#1692=CARTESIAN_POINT('',(5.935E0,1.257E1,0.E0));
#1693=DIRECTION('',(0.E0,-1.E0,0.E0));
#1694=DIRECTION('',(-1.E0,0.E0,0.E0));
#1695=AXIS2_PLACEMENT_3D('',#1692,#1693,#1694);
#1696=CONICAL_SURFACE('',#1695,4.E-1,2.090798047101E1);
#1697=ORIENTED_EDGE('',*,*,#1682,.T.);
#1699=ORIENTED_EDGE('',*,*,#1698,.T.);
#1700=ORIENTED_EDGE('',*,*,#1685,.F.);
#1701=ORIENTED_EDGE('',*,*,#1627,.F.);
#1702=EDGE_LOOP('',(#1697,#1699,#1700,#1701));
#1703=FACE_OUTER_BOUND('',#1702,.F.);
#1704=ADVANCED_FACE('',(#1703),#1696,.T.);
#1705=CARTESIAN_POINT('',(5.935E0,1.3015E1,0.E0));
#1706=DIRECTION('',(0.E0,1.E0,0.E0));
#1707=DIRECTION('',(1.E0,0.E0,0.E0));
#1708=AXIS2_PLACEMENT_3D('',#1705,#1706,#1707);
#1709=PLANE('',#1708);
#1710=ORIENTED_EDGE('',*,*,#1687,.T.);
#1711=ORIENTED_EDGE('',*,*,#1698,.F.);
#1712=EDGE_LOOP('',(#1710,#1711));
#1713=FACE_OUTER_BOUND('',#1712,.F.);
#1714=ADVANCED_FACE('',(#1713),#1709,.T.);
#1715=CARTESIAN_POINT('',(7.025E0,-1.205E0,3.47E0));
#1716=DIRECTION('',(0.E0,1.E0,0.E0));
#1717=DIRECTION('',(-1.E0,0.E0,0.E0));
#1718=AXIS2_PLACEMENT_3D('',#1715,#1716,#1717);
#1719=PLANE('',#1718);
#1720=ORIENTED_EDGE('',*,*,#1320,.T.);
#1722=ORIENTED_EDGE('',*,*,#1721,.F.);
#1723=ORIENTED_EDGE('',*,*,#1531,.F.);
#1725=ORIENTED_EDGE('',*,*,#1724,.T.);
#1726=EDGE_LOOP('',(#1720,#1722,#1723,#1725));
#1727=FACE_OUTER_BOUND('',#1726,.F.);
#1728=ORIENTED_EDGE('',*,*,#1639,.F.);
#1729=ORIENTED_EDGE('',*,*,#1668,.F.);
#1730=EDGE_LOOP('',(#1728,#1729));
#1731=FACE_BOUND('',#1730,.F.);
#1732=ADVANCED_FACE('',(#1727,#1731),#1719,.F.);
#1733=CARTESIAN_POINT('',(4.845E0,-1.205E0,3.47E0));
#1734=DIRECTION('',(-1.E0,0.E0,0.E0));
#1735=DIRECTION('',(0.E0,-1.E0,0.E0));
#1736=AXIS2_PLACEMENT_3D('',#1733,#1734,#1735);
#1737=PLANE('',#1736);
#1738=ORIENTED_EDGE('',*,*,#1318,.F.);
#1740=ORIENTED_EDGE('',*,*,#1739,.T.);
#1741=ORIENTED_EDGE('',*,*,#1533,.T.);
#1742=ORIENTED_EDGE('',*,*,#1721,.T.);
#1743=EDGE_LOOP('',(#1738,#1740,#1741,#1742));
#1744=FACE_OUTER_BOUND('',#1743,.F.);
#1745=ADVANCED_FACE('',(#1744),#1737,.F.);
#1746=CARTESIAN_POINT('',(-7.925E0,-1.585E0,-3.43E0));
#1747=DIRECTION('',(0.E0,-1.E0,0.E0));
#1748=DIRECTION('',(1.E0,0.E0,0.E0));
#1749=AXIS2_PLACEMENT_3D('',#1746,#1747,#1748);
#1750=PLANE('',#1749);
#1752=ORIENTED_EDGE('',*,*,#1751,.F.);
#1753=ORIENTED_EDGE('',*,*,#1292,.F.);
#1755=ORIENTED_EDGE('',*,*,#1754,.T.);
#1756=ORIENTED_EDGE('',*,*,#1559,.T.);
#1757=EDGE_LOOP('',(#1752,#1753,#1755,#1756));
#1758=FACE_OUTER_BOUND('',#1757,.F.);
#1759=ADVANCED_FACE('',(#1758),#1750,.T.);
#1760=CARTESIAN_POINT('',(-7.925E0,-1.585E0,-3.43E0));
#1761=DIRECTION('',(0.E0,-1.E0,0.E0));
#1762=DIRECTION('',(1.E0,0.E0,0.E0));
#1763=AXIS2_PLACEMENT_3D('',#1760,#1761,#1762);
#1764=PLANE('',#1763);
#1766=ORIENTED_EDGE('',*,*,#1765,.F.);
#1767=ORIENTED_EDGE('',*,*,#1300,.F.);
#1769=ORIENTED_EDGE('',*,*,#1768,.T.);
#1770=ORIENTED_EDGE('',*,*,#1551,.T.);
#1771=EDGE_LOOP('',(#1766,#1767,#1769,#1770));
#1772=FACE_OUTER_BOUND('',#1771,.F.);
#1774=ORIENTED_EDGE('',*,*,#1773,.F.);
#1776=ORIENTED_EDGE('',*,*,#1775,.F.);
#1778=ORIENTED_EDGE('',*,*,#1777,.F.);
#1780=ORIENTED_EDGE('',*,*,#1779,.F.);
#1781=EDGE_LOOP('',(#1774,#1776,#1778,#1780));
#1782=FACE_BOUND('',#1781,.F.);
#1783=ADVANCED_FACE('',(#1772,#1782),#1764,.T.);
#1784=CARTESIAN_POINT('',(-7.925E0,-1.585E0,-3.43E0));
#1785=DIRECTION('',(0.E0,-1.E0,0.E0));
#1786=DIRECTION('',(1.E0,0.E0,0.E0));
#1787=AXIS2_PLACEMENT_3D('',#1784,#1785,#1786);
#1788=PLANE('',#1787);
#1790=ORIENTED_EDGE('',*,*,#1789,.F.);
#1791=ORIENTED_EDGE('',*,*,#1308,.F.);
#1793=ORIENTED_EDGE('',*,*,#1792,.T.);
#1794=ORIENTED_EDGE('',*,*,#1543,.T.);
#1795=EDGE_LOOP('',(#1790,#1791,#1793,#1794));
#1796=FACE_OUTER_BOUND('',#1795,.F.);
#1798=ORIENTED_EDGE('',*,*,#1797,.F.);
#1800=ORIENTED_EDGE('',*,*,#1799,.F.);
#1802=ORIENTED_EDGE('',*,*,#1801,.F.);
#1804=ORIENTED_EDGE('',*,*,#1803,.F.);
#1805=EDGE_LOOP('',(#1798,#1800,#1802,#1804));
#1806=FACE_BOUND('',#1805,.F.);
#1807=ADVANCED_FACE('',(#1796,#1806),#1788,.T.);
#1808=CARTESIAN_POINT('',(-7.925E0,-1.585E0,-3.43E0));
#1809=DIRECTION('',(0.E0,-1.E0,0.E0));
#1810=DIRECTION('',(1.E0,0.E0,0.E0));
#1811=AXIS2_PLACEMENT_3D('',#1808,#1809,#1810);
#1812=PLANE('',#1811);
#1814=ORIENTED_EDGE('',*,*,#1813,.T.);
#1815=ORIENTED_EDGE('',*,*,#1527,.T.);
#1816=ORIENTED_EDGE('',*,*,#1343,.F.);
#1817=ORIENTED_EDGE('',*,*,#1324,.F.);
#1818=EDGE_LOOP('',(#1814,#1815,#1816,#1817));
#1819=FACE_OUTER_BOUND('',#1818,.F.);
#1820=ADVANCED_FACE('',(#1819),#1812,.T.);
#1821=CARTESIAN_POINT('',(-7.925E0,-1.585E0,-3.43E0));
#1822=DIRECTION('',(0.E0,-1.E0,0.E0));
#1823=DIRECTION('',(1.E0,0.E0,0.E0));
#1824=AXIS2_PLACEMENT_3D('',#1821,#1822,#1823);
#1825=PLANE('',#1824);
#1826=ORIENTED_EDGE('',*,*,#1739,.F.);
#1827=ORIENTED_EDGE('',*,*,#1316,.F.);
#1829=ORIENTED_EDGE('',*,*,#1828,.T.);
#1830=ORIENTED_EDGE('',*,*,#1535,.T.);
#1831=EDGE_LOOP('',(#1826,#1827,#1829,#1830));
#1832=FACE_OUTER_BOUND('',#1831,.F.);
#1834=ORIENTED_EDGE('',*,*,#1833,.F.);
#1836=ORIENTED_EDGE('',*,*,#1835,.F.);
#1838=ORIENTED_EDGE('',*,*,#1837,.F.);
#1840=ORIENTED_EDGE('',*,*,#1839,.F.);
#1841=EDGE_LOOP('',(#1834,#1836,#1838,#1840));
#1842=FACE_BOUND('',#1841,.F.);
#1843=ADVANCED_FACE('',(#1832,#1842),#1825,.T.);
#1844=CARTESIAN_POINT('',(-7.035E0,-1.205E0,3.47E0));
#1845=DIRECTION('',(-1.E0,0.E0,0.E0));
#1846=DIRECTION('',(0.E0,-1.E0,0.E0));
#1847=AXIS2_PLACEMENT_3D('',#1844,#1845,#1846);
#1848=PLANE('',#1847);
#1849=ORIENTED_EDGE('',*,*,#1294,.F.);
#1850=ORIENTED_EDGE('',*,*,#1751,.T.);
#1851=ORIENTED_EDGE('',*,*,#1557,.T.);
#1853=ORIENTED_EDGE('',*,*,#1852,.T.);
#1854=EDGE_LOOP('',(#1849,#1850,#1851,#1853));
#1855=FACE_OUTER_BOUND('',#1854,.F.);
#1856=ADVANCED_FACE('',(#1855),#1848,.F.);
#1857=CARTESIAN_POINT('',(-4.855E0,-1.205E0,3.47E0));
#1858=DIRECTION('',(0.E0,1.E0,0.E0));
#1859=DIRECTION('',(-1.E0,0.E0,0.E0));
#1860=AXIS2_PLACEMENT_3D('',#1857,#1858,#1859);
#1861=PLANE('',#1860);
#1862=ORIENTED_EDGE('',*,*,#1296,.T.);
#1863=ORIENTED_EDGE('',*,*,#1852,.F.);
#1864=ORIENTED_EDGE('',*,*,#1555,.F.);
#1866=ORIENTED_EDGE('',*,*,#1865,.T.);
#1867=EDGE_LOOP('',(#1862,#1863,#1864,#1866));
#1868=FACE_OUTER_BOUND('',#1867,.F.);
#1870=ORIENTED_EDGE('',*,*,#1869,.F.);
#1872=ORIENTED_EDGE('',*,*,#1871,.F.);
#1873=EDGE_LOOP('',(#1870,#1872));
#1874=FACE_BOUND('',#1873,.F.);
#1875=ADVANCED_FACE('',(#1868,#1874),#1861,.F.);
#1876=CARTESIAN_POINT('',(-4.855E0,-1.585E0,3.47E0));
#1877=DIRECTION('',(1.E0,0.E0,0.E0));
#1878=DIRECTION('',(0.E0,1.E0,0.E0));
#1879=AXIS2_PLACEMENT_3D('',#1876,#1877,#1878);
#1880=PLANE('',#1879);
#1881=ORIENTED_EDGE('',*,*,#1298,.T.);
#1882=ORIENTED_EDGE('',*,*,#1865,.F.);
#1883=ORIENTED_EDGE('',*,*,#1553,.F.);
#1884=ORIENTED_EDGE('',*,*,#1768,.F.);
#1885=EDGE_LOOP('',(#1881,#1882,#1883,#1884));
#1886=FACE_OUTER_BOUND('',#1885,.F.);
#1887=ADVANCED_FACE('',(#1886),#1880,.F.);
#1888=CARTESIAN_POINT('',(-5.945E0,-6.9875E0,0.E0));
#1889=DIRECTION('',(0.E0,1.E0,0.E0));
#1890=DIRECTION('',(1.E0,0.E0,0.E0));
#1891=AXIS2_PLACEMENT_3D('',#1888,#1889,#1890);
#1892=CYLINDRICAL_SURFACE('',#1891,5.7E-1);
#1894=ORIENTED_EDGE('',*,*,#1893,.F.);
#1896=ORIENTED_EDGE('',*,*,#1895,.T.);
#1898=ORIENTED_EDGE('',*,*,#1897,.T.);
#1900=ORIENTED_EDGE('',*,*,#1899,.F.);
#1901=EDGE_LOOP('',(#1894,#1896,#1898,#1900));
#1902=FACE_OUTER_BOUND('',#1901,.F.);
#1903=ADVANCED_FACE('',(#1902),#1892,.T.);
#1904=CARTESIAN_POINT('',(-5.945E0,-6.9875E0,0.E0));
#1905=DIRECTION('',(0.E0,1.E0,0.E0));
#1906=DIRECTION('',(1.E0,0.E0,0.E0));
#1907=AXIS2_PLACEMENT_3D('',#1904,#1905,#1906);
#1908=CYLINDRICAL_SURFACE('',#1907,5.7E-1);
#1909=ORIENTED_EDGE('',*,*,#1869,.T.);
#1911=ORIENTED_EDGE('',*,*,#1910,.F.);
#1913=ORIENTED_EDGE('',*,*,#1912,.F.);
#1915=ORIENTED_EDGE('',*,*,#1914,.T.);
#1916=EDGE_LOOP('',(#1909,#1911,#1913,#1915));
#1917=FACE_OUTER_BOUND('',#1916,.F.);
#1918=ADVANCED_FACE('',(#1917),#1908,.T.);
#1919=CARTESIAN_POINT('',(-7.035E0,1.205E0,3.47E0));
#1920=DIRECTION('',(0.E0,-1.E0,0.E0));
#1921=DIRECTION('',(1.E0,0.E0,0.E0));
#1922=AXIS2_PLACEMENT_3D('',#1919,#1920,#1921);
#1923=PLANE('',#1922);
#1924=ORIENTED_EDGE('',*,*,#1488,.T.);
#1926=ORIENTED_EDGE('',*,*,#1925,.F.);
#1927=ORIENTED_EDGE('',*,*,#1566,.F.);
#1929=ORIENTED_EDGE('',*,*,#1928,.T.);
#1930=EDGE_LOOP('',(#1924,#1926,#1927,#1929));
#1931=FACE_OUTER_BOUND('',#1930,.F.);
#1932=ORIENTED_EDGE('',*,*,#1893,.T.);
#1934=ORIENTED_EDGE('',*,*,#1933,.T.);
#1935=EDGE_LOOP('',(#1932,#1934));
#1936=FACE_BOUND('',#1935,.F.);
#1937=ADVANCED_FACE('',(#1931,#1936),#1923,.F.);
#1938=CARTESIAN_POINT('',(-5.945E0,-6.9875E0,0.E0));
#1939=DIRECTION('',(0.E0,1.E0,0.E0));
#1940=DIRECTION('',(1.E0,0.E0,0.E0));
#1941=AXIS2_PLACEMENT_3D('',#1938,#1939,#1940);
#1942=CYLINDRICAL_SURFACE('',#1941,5.7E-1);
#1943=ORIENTED_EDGE('',*,*,#1933,.F.);
#1944=ORIENTED_EDGE('',*,*,#1899,.T.);
#1946=ORIENTED_EDGE('',*,*,#1945,.F.);
#1947=ORIENTED_EDGE('',*,*,#1895,.F.);
#1948=EDGE_LOOP('',(#1943,#1944,#1946,#1947));
#1949=FACE_OUTER_BOUND('',#1948,.F.);
#1950=ADVANCED_FACE('',(#1949),#1942,.T.);
#1951=CARTESIAN_POINT('',(-5.945E0,-6.9875E0,0.E0));
#1952=DIRECTION('',(0.E0,1.E0,0.E0));
#1953=DIRECTION('',(1.E0,0.E0,0.E0));
#1954=AXIS2_PLACEMENT_3D('',#1951,#1952,#1953);
#1955=CYLINDRICAL_SURFACE('',#1954,5.7E-1);
#1956=ORIENTED_EDGE('',*,*,#1871,.T.);
#1957=ORIENTED_EDGE('',*,*,#1914,.F.);
#1959=ORIENTED_EDGE('',*,*,#1958,.T.);
#1960=ORIENTED_EDGE('',*,*,#1910,.T.);
#1961=EDGE_LOOP('',(#1956,#1957,#1959,#1960));
#1962=FACE_OUTER_BOUND('',#1961,.F.);
#1963=ADVANCED_FACE('',(#1962),#1955,.T.);
#1964=CARTESIAN_POINT('',(-5.945E0,1.257E1,0.E0));
#1965=DIRECTION('',(0.E0,-1.E0,0.E0));
#1966=DIRECTION('',(-1.E0,0.E0,0.E0));
#1967=AXIS2_PLACEMENT_3D('',#1964,#1965,#1966);
#1968=CONICAL_SURFACE('',#1967,4.E-1,2.090798047101E1);
#1970=ORIENTED_EDGE('',*,*,#1969,.F.);
#1971=ORIENTED_EDGE('',*,*,#1945,.T.);
#1973=ORIENTED_EDGE('',*,*,#1972,.T.);
#1975=ORIENTED_EDGE('',*,*,#1974,.F.);
#1976=EDGE_LOOP('',(#1970,#1971,#1973,#1975));
#1977=FACE_OUTER_BOUND('',#1976,.F.);
#1978=ADVANCED_FACE('',(#1977),#1968,.T.);
#1979=CARTESIAN_POINT('',(-5.945E0,1.257E1,0.E0));
#1980=DIRECTION('',(0.E0,-1.E0,0.E0));
#1981=DIRECTION('',(-1.E0,0.E0,0.E0));
#1982=AXIS2_PLACEMENT_3D('',#1979,#1980,#1981);
#1983=CONICAL_SURFACE('',#1982,4.E-1,2.090798047101E1);
#1984=ORIENTED_EDGE('',*,*,#1969,.T.);
#1986=ORIENTED_EDGE('',*,*,#1985,.T.);
#1987=ORIENTED_EDGE('',*,*,#1972,.F.);
#1988=ORIENTED_EDGE('',*,*,#1897,.F.);
#1989=EDGE_LOOP('',(#1984,#1986,#1987,#1988));
#1990=FACE_OUTER_BOUND('',#1989,.F.);
#1991=ADVANCED_FACE('',(#1990),#1983,.T.);
#1992=CARTESIAN_POINT('',(-5.945E0,1.3015E1,0.E0));
#1993=DIRECTION('',(0.E0,1.E0,0.E0));
#1994=DIRECTION('',(1.E0,0.E0,0.E0));
#1995=AXIS2_PLACEMENT_3D('',#1992,#1993,#1994);
#1996=PLANE('',#1995);
#1997=ORIENTED_EDGE('',*,*,#1974,.T.);
#1998=ORIENTED_EDGE('',*,*,#1985,.F.);
#1999=EDGE_LOOP('',(#1997,#1998));
#2000=FACE_OUTER_BOUND('',#1999,.F.);
#2001=ADVANCED_FACE('',(#2000),#1996,.T.);
#2002=CARTESIAN_POINT('',(-5.945E0,-5.59E0,0.E0));
#2003=DIRECTION('',(0.E0,1.E0,0.E0));
#2004=DIRECTION('',(1.E0,0.E0,0.E0));
#2005=AXIS2_PLACEMENT_3D('',#2002,#2003,#2004);
#2006=CONICAL_SURFACE('',#2005,4.E-1,2.090798047101E1);
#2008=ORIENTED_EDGE('',*,*,#2007,.F.);
#2010=ORIENTED_EDGE('',*,*,#2009,.T.);
#2012=ORIENTED_EDGE('',*,*,#2011,.T.);
#2013=ORIENTED_EDGE('',*,*,#1958,.F.);
#2014=EDGE_LOOP('',(#2008,#2010,#2012,#2013));
#2015=FACE_OUTER_BOUND('',#2014,.F.);
#2016=ADVANCED_FACE('',(#2015),#2006,.T.);
#2017=CARTESIAN_POINT('',(-5.945E0,-5.59E0,0.E0));
#2018=DIRECTION('',(0.E0,1.E0,0.E0));
#2019=DIRECTION('',(1.E0,0.E0,0.E0));
#2020=AXIS2_PLACEMENT_3D('',#2017,#2018,#2019);
#2021=CONICAL_SURFACE('',#2020,4.E-1,2.090798047101E1);
#2022=ORIENTED_EDGE('',*,*,#2007,.T.);
#2023=ORIENTED_EDGE('',*,*,#1912,.T.);
#2024=ORIENTED_EDGE('',*,*,#2011,.F.);
#2026=ORIENTED_EDGE('',*,*,#2025,.F.);
#2027=EDGE_LOOP('',(#2022,#2023,#2024,#2026));
#2028=FACE_OUTER_BOUND('',#2027,.F.);
#2029=ADVANCED_FACE('',(#2028),#2021,.T.);
#2030=CARTESIAN_POINT('',(-5.945E0,-6.035E0,0.E0));
#2031=DIRECTION('',(0.E0,1.E0,0.E0));
#2032=DIRECTION('',(1.E0,0.E0,0.E0));
#2033=AXIS2_PLACEMENT_3D('',#2030,#2031,#2032);
#2034=PLANE('',#2033);
#2035=ORIENTED_EDGE('',*,*,#2009,.F.);
#2036=ORIENTED_EDGE('',*,*,#2025,.T.);
#2037=EDGE_LOOP('',(#2035,#2036));
#2038=FACE_OUTER_BOUND('',#2037,.F.);
#2039=ADVANCED_FACE('',(#2038),#2034,.F.);
#2040=CARTESIAN_POINT('',(-4.855E0,1.205E0,3.47E0));
#2041=DIRECTION('',(1.E0,0.E0,0.E0));
#2042=DIRECTION('',(0.E0,1.E0,0.E0));
#2043=AXIS2_PLACEMENT_3D('',#2040,#2041,#2042);
#2044=PLANE('',#2043);
#2045=ORIENTED_EDGE('',*,*,#1412,.T.);
#2046=ORIENTED_EDGE('',*,*,#1568,.T.);
#2047=ORIENTED_EDGE('',*,*,#1925,.T.);
#2048=ORIENTED_EDGE('',*,*,#1486,.T.);
#2049=EDGE_LOOP('',(#2045,#2046,#2047,#2048));
#2050=FACE_OUTER_BOUND('',#2049,.F.);
#2051=ADVANCED_FACE('',(#2050),#2044,.F.);
#2052=CARTESIAN_POINT('',(-7.035E0,1.585E0,3.47E0));
#2053=DIRECTION('',(-1.E0,0.E0,0.E0));
#2054=DIRECTION('',(0.E0,-1.E0,0.E0));
#2055=AXIS2_PLACEMENT_3D('',#2052,#2053,#2054);
#2056=PLANE('',#2055);
#2057=ORIENTED_EDGE('',*,*,#1374,.F.);
#2058=ORIENTED_EDGE('',*,*,#1490,.T.);
#2059=ORIENTED_EDGE('',*,*,#1928,.F.);
#2060=ORIENTED_EDGE('',*,*,#1564,.F.);
#2061=EDGE_LOOP('',(#2057,#2058,#2059,#2060));
#2062=FACE_OUTER_BOUND('',#2061,.F.);
#2063=ADVANCED_FACE('',(#2062),#2056,.F.);
#2064=CARTESIAN_POINT('',(-7.925E0,1.585E0,-3.43E0));
#2065=DIRECTION('',(-1.E0,0.E0,0.E0));
#2066=DIRECTION('',(0.E0,-1.E0,0.E0));
#2067=AXIS2_PLACEMENT_3D('',#2064,#2065,#2066);
#2068=PLANE('',#2067);
#2069=ORIENTED_EDGE('',*,*,#1290,.T.);
#2071=ORIENTED_EDGE('',*,*,#2070,.F.);
#2073=ORIENTED_EDGE('',*,*,#2072,.F.);
#2074=ORIENTED_EDGE('',*,*,#1493,.T.);
#2075=ORIENTED_EDGE('',*,*,#1370,.T.);
#2076=ORIENTED_EDGE('',*,*,#1561,.T.);
#2077=ORIENTED_EDGE('',*,*,#1754,.F.);
#2078=EDGE_LOOP('',(#2069,#2071,#2073,#2074,#2075,#2076,#2077));
#2079=FACE_OUTER_BOUND('',#2078,.F.);
#2080=ADVANCED_FACE('',(#2079),#2068,.T.);
#2081=CARTESIAN_POINT('',(7.925E0,7.535E0,-3.43E0));
#2082=DIRECTION('',(0.E0,1.E0,0.E0));
#2083=DIRECTION('',(0.E0,0.E0,1.E0));
#2084=AXIS2_PLACEMENT_3D('',#2081,#2082,#2083);
#2085=PLANE('',#2084);
#2086=ORIENTED_EDGE('',*,*,#1340,.T.);
#2088=ORIENTED_EDGE('',*,*,#2087,.F.);
#2089=ORIENTED_EDGE('',*,*,#2070,.T.);
#2090=ORIENTED_EDGE('',*,*,#1288,.T.);
#2091=EDGE_LOOP('',(#2086,#2088,#2089,#2090));
#2092=FACE_OUTER_BOUND('',#2091,.F.);
#2093=ADVANCED_FACE('',(#2092),#2085,.T.);
#2094=CARTESIAN_POINT('',(7.925E0,7.535E0,-2.83E0));
#2095=DIRECTION('',(0.E0,5.E-1,8.660254037844E-1));
#2096=DIRECTION('',(0.E0,-8.660254037844E-1,5.E-1));
#2097=AXIS2_PLACEMENT_3D('',#2094,#2095,#2096);
#2098=PLANE('',#2097);
#2099=ORIENTED_EDGE('',*,*,#1338,.T.);
#2100=ORIENTED_EDGE('',*,*,#1495,.F.);
#2101=ORIENTED_EDGE('',*,*,#2072,.T.);
#2102=ORIENTED_EDGE('',*,*,#2087,.T.);
#2103=EDGE_LOOP('',(#2099,#2100,#2101,#2102));
#2104=FACE_OUTER_BOUND('',#2103,.F.);
#2105=ADVANCED_FACE('',(#2104),#2098,.T.);
#2106=CARTESIAN_POINT('',(-3.075E0,-1.205E0,3.47E0));
#2107=DIRECTION('',(-1.E0,0.E0,0.E0));
#2108=DIRECTION('',(0.E0,-1.E0,0.E0));
#2109=AXIS2_PLACEMENT_3D('',#2106,#2107,#2108);
#2110=PLANE('',#2109);
#2111=ORIENTED_EDGE('',*,*,#1302,.F.);
#2112=ORIENTED_EDGE('',*,*,#1765,.T.);
#2113=ORIENTED_EDGE('',*,*,#1549,.T.);
#2115=ORIENTED_EDGE('',*,*,#2114,.T.);
#2116=EDGE_LOOP('',(#2111,#2112,#2113,#2115));
#2117=FACE_OUTER_BOUND('',#2116,.F.);
#2118=ADVANCED_FACE('',(#2117),#2110,.F.);
#2119=CARTESIAN_POINT('',(-8.95E-1,-1.205E0,3.47E0));
#2120=DIRECTION('',(0.E0,1.E0,0.E0));
#2121=DIRECTION('',(-1.E0,0.E0,0.E0));
#2122=AXIS2_PLACEMENT_3D('',#2119,#2120,#2121);
#2123=PLANE('',#2122);
#2124=ORIENTED_EDGE('',*,*,#1304,.T.);
#2125=ORIENTED_EDGE('',*,*,#2114,.F.);
#2126=ORIENTED_EDGE('',*,*,#1547,.F.);
#2128=ORIENTED_EDGE('',*,*,#2127,.T.);
#2129=EDGE_LOOP('',(#2124,#2125,#2126,#2128));
#2130=FACE_OUTER_BOUND('',#2129,.F.);
#2132=ORIENTED_EDGE('',*,*,#2131,.F.);
#2134=ORIENTED_EDGE('',*,*,#2133,.F.);
#2135=EDGE_LOOP('',(#2132,#2134));
#2136=FACE_BOUND('',#2135,.F.);
#2137=ADVANCED_FACE('',(#2130,#2136),#2123,.F.);
#2138=CARTESIAN_POINT('',(-8.95E-1,-1.585E0,3.47E0));
#2139=DIRECTION('',(1.E0,0.E0,0.E0));
#2140=DIRECTION('',(0.E0,1.E0,0.E0));
#2141=AXIS2_PLACEMENT_3D('',#2138,#2139,#2140);
#2142=PLANE('',#2141);
#2143=ORIENTED_EDGE('',*,*,#1306,.T.);
#2144=ORIENTED_EDGE('',*,*,#2127,.F.);
#2145=ORIENTED_EDGE('',*,*,#1545,.F.);
#2146=ORIENTED_EDGE('',*,*,#1792,.F.);
#2147=EDGE_LOOP('',(#2143,#2144,#2145,#2146));
#2148=FACE_OUTER_BOUND('',#2147,.F.);
#2149=ADVANCED_FACE('',(#2148),#2142,.F.);
#2150=CARTESIAN_POINT('',(-1.985E0,-6.9875E0,0.E0));
#2151=DIRECTION('',(0.E0,1.E0,0.E0));
#2152=DIRECTION('',(1.E0,0.E0,0.E0));
#2153=AXIS2_PLACEMENT_3D('',#2150,#2151,#2152);
#2154=CYLINDRICAL_SURFACE('',#2153,5.7E-1);
#2156=ORIENTED_EDGE('',*,*,#2155,.F.);
#2158=ORIENTED_EDGE('',*,*,#2157,.T.);
#2160=ORIENTED_EDGE('',*,*,#2159,.T.);
#2162=ORIENTED_EDGE('',*,*,#2161,.F.);
#2163=EDGE_LOOP('',(#2156,#2158,#2160,#2162));
#2164=FACE_OUTER_BOUND('',#2163,.F.);
#2165=ADVANCED_FACE('',(#2164),#2154,.T.);
#2166=CARTESIAN_POINT('',(-1.985E0,-6.9875E0,0.E0));
#2167=DIRECTION('',(0.E0,1.E0,0.E0));
#2168=DIRECTION('',(1.E0,0.E0,0.E0));
#2169=AXIS2_PLACEMENT_3D('',#2166,#2167,#2168);
#2170=CYLINDRICAL_SURFACE('',#2169,5.7E-1);
#2171=ORIENTED_EDGE('',*,*,#2131,.T.);
#2173=ORIENTED_EDGE('',*,*,#2172,.F.);
#2175=ORIENTED_EDGE('',*,*,#2174,.F.);
#2177=ORIENTED_EDGE('',*,*,#2176,.T.);
#2178=EDGE_LOOP('',(#2171,#2173,#2175,#2177));
#2179=FACE_OUTER_BOUND('',#2178,.F.);
#2180=ADVANCED_FACE('',(#2179),#2170,.T.);
#2181=CARTESIAN_POINT('',(-3.075E0,1.205E0,3.47E0));
#2182=DIRECTION('',(0.E0,-1.E0,0.E0));
#2183=DIRECTION('',(1.E0,0.E0,0.E0));
#2184=AXIS2_PLACEMENT_3D('',#2181,#2182,#2183);
#2185=PLANE('',#2184);
#2186=ORIENTED_EDGE('',*,*,#1481,.T.);
#2188=ORIENTED_EDGE('',*,*,#2187,.F.);
#2189=ORIENTED_EDGE('',*,*,#1573,.F.);
#2191=ORIENTED_EDGE('',*,*,#2190,.T.);
#2192=EDGE_LOOP('',(#2186,#2188,#2189,#2191));
#2193=FACE_OUTER_BOUND('',#2192,.F.);
#2194=ORIENTED_EDGE('',*,*,#2155,.T.);
#2196=ORIENTED_EDGE('',*,*,#2195,.T.);
#2197=EDGE_LOOP('',(#2194,#2196));
#2198=FACE_BOUND('',#2197,.F.);
#2199=ADVANCED_FACE('',(#2193,#2198),#2185,.F.);
#2200=CARTESIAN_POINT('',(-1.985E0,-6.9875E0,0.E0));
#2201=DIRECTION('',(0.E0,1.E0,0.E0));
#2202=DIRECTION('',(1.E0,0.E0,0.E0));
#2203=AXIS2_PLACEMENT_3D('',#2200,#2201,#2202);
#2204=CYLINDRICAL_SURFACE('',#2203,5.7E-1);
#2205=ORIENTED_EDGE('',*,*,#2195,.F.);
#2206=ORIENTED_EDGE('',*,*,#2161,.T.);
#2208=ORIENTED_EDGE('',*,*,#2207,.F.);
#2209=ORIENTED_EDGE('',*,*,#2157,.F.);
#2210=EDGE_LOOP('',(#2205,#2206,#2208,#2209));
#2211=FACE_OUTER_BOUND('',#2210,.F.);
#2212=ADVANCED_FACE('',(#2211),#2204,.T.);
#2213=CARTESIAN_POINT('',(-1.985E0,-6.9875E0,0.E0));
#2214=DIRECTION('',(0.E0,1.E0,0.E0));
#2215=DIRECTION('',(1.E0,0.E0,0.E0));
#2216=AXIS2_PLACEMENT_3D('',#2213,#2214,#2215);
#2217=CYLINDRICAL_SURFACE('',#2216,5.7E-1);
#2218=ORIENTED_EDGE('',*,*,#2133,.T.);
#2219=ORIENTED_EDGE('',*,*,#2176,.F.);
#2221=ORIENTED_EDGE('',*,*,#2220,.T.);
#2222=ORIENTED_EDGE('',*,*,#2172,.T.);
#2223=EDGE_LOOP('',(#2218,#2219,#2221,#2222));
#2224=FACE_OUTER_BOUND('',#2223,.F.);
#2225=ADVANCED_FACE('',(#2224),#2217,.T.);
#2226=CARTESIAN_POINT('',(-1.985E0,1.257E1,0.E0));
#2227=DIRECTION('',(0.E0,-1.E0,0.E0));
#2228=DIRECTION('',(-1.E0,0.E0,0.E0));
#2229=AXIS2_PLACEMENT_3D('',#2226,#2227,#2228);
#2230=CONICAL_SURFACE('',#2229,4.E-1,2.090798047101E1);
#2232=ORIENTED_EDGE('',*,*,#2231,.F.);
#2233=ORIENTED_EDGE('',*,*,#2207,.T.);
#2235=ORIENTED_EDGE('',*,*,#2234,.T.);
#2237=ORIENTED_EDGE('',*,*,#2236,.F.);
#2238=EDGE_LOOP('',(#2232,#2233,#2235,#2237));
#2239=FACE_OUTER_BOUND('',#2238,.F.);
#2240=ADVANCED_FACE('',(#2239),#2230,.T.);
#2241=CARTESIAN_POINT('',(-1.985E0,1.257E1,0.E0));
#2242=DIRECTION('',(0.E0,-1.E0,0.E0));
#2243=DIRECTION('',(-1.E0,0.E0,0.E0));
#2244=AXIS2_PLACEMENT_3D('',#2241,#2242,#2243);
#2245=CONICAL_SURFACE('',#2244,4.E-1,2.090798047101E1);
#2246=ORIENTED_EDGE('',*,*,#2231,.T.);
#2248=ORIENTED_EDGE('',*,*,#2247,.T.);
#2249=ORIENTED_EDGE('',*,*,#2234,.F.);
#2250=ORIENTED_EDGE('',*,*,#2159,.F.);
#2251=EDGE_LOOP('',(#2246,#2248,#2249,#2250));
#2252=FACE_OUTER_BOUND('',#2251,.F.);
#2253=ADVANCED_FACE('',(#2252),#2245,.T.);
#2254=CARTESIAN_POINT('',(-1.985E0,1.3015E1,0.E0));
#2255=DIRECTION('',(0.E0,1.E0,0.E0));
#2256=DIRECTION('',(1.E0,0.E0,0.E0));
#2257=AXIS2_PLACEMENT_3D('',#2254,#2255,#2256);
#2258=PLANE('',#2257);
#2259=ORIENTED_EDGE('',*,*,#2236,.T.);
#2260=ORIENTED_EDGE('',*,*,#2247,.F.);
#2261=EDGE_LOOP('',(#2259,#2260));
#2262=FACE_OUTER_BOUND('',#2261,.F.);
#2263=ADVANCED_FACE('',(#2262),#2258,.T.);
#2264=CARTESIAN_POINT('',(-1.985E0,-5.59E0,0.E0));
#2265=DIRECTION('',(0.E0,1.E0,0.E0));
#2266=DIRECTION('',(1.E0,0.E0,0.E0));
#2267=AXIS2_PLACEMENT_3D('',#2264,#2265,#2266);
#2268=CONICAL_SURFACE('',#2267,4.E-1,2.090798047101E1);
#2270=ORIENTED_EDGE('',*,*,#2269,.F.);
#2272=ORIENTED_EDGE('',*,*,#2271,.T.);
#2274=ORIENTED_EDGE('',*,*,#2273,.T.);
#2275=ORIENTED_EDGE('',*,*,#2220,.F.);
#2276=EDGE_LOOP('',(#2270,#2272,#2274,#2275));
#2277=FACE_OUTER_BOUND('',#2276,.F.);
#2278=ADVANCED_FACE('',(#2277),#2268,.T.);
#2279=CARTESIAN_POINT('',(-1.985E0,-5.59E0,0.E0));
#2280=DIRECTION('',(0.E0,1.E0,0.E0));
#2281=DIRECTION('',(1.E0,0.E0,0.E0));
#2282=AXIS2_PLACEMENT_3D('',#2279,#2280,#2281);
#2283=CONICAL_SURFACE('',#2282,4.E-1,2.090798047101E1);
#2284=ORIENTED_EDGE('',*,*,#2269,.T.);
#2285=ORIENTED_EDGE('',*,*,#2174,.T.);
#2286=ORIENTED_EDGE('',*,*,#2273,.F.);
#2288=ORIENTED_EDGE('',*,*,#2287,.F.);
#2289=EDGE_LOOP('',(#2284,#2285,#2286,#2288));
#2290=FACE_OUTER_BOUND('',#2289,.F.);
#2291=ADVANCED_FACE('',(#2290),#2283,.T.);
#2292=CARTESIAN_POINT('',(-1.985E0,-6.035E0,0.E0));
#2293=DIRECTION('',(0.E0,1.E0,0.E0));
#2294=DIRECTION('',(1.E0,0.E0,0.E0));
#2295=AXIS2_PLACEMENT_3D('',#2292,#2293,#2294);
#2296=PLANE('',#2295);
#2297=ORIENTED_EDGE('',*,*,#2271,.F.);
#2298=ORIENTED_EDGE('',*,*,#2287,.T.);
#2299=EDGE_LOOP('',(#2297,#2298));
#2300=FACE_OUTER_BOUND('',#2299,.F.);
#2301=ADVANCED_FACE('',(#2300),#2296,.F.);
#2302=CARTESIAN_POINT('',(-8.95E-1,1.205E0,3.47E0));
#2303=DIRECTION('',(1.E0,0.E0,0.E0));
#2304=DIRECTION('',(0.E0,1.E0,0.E0));
#2305=AXIS2_PLACEMENT_3D('',#2302,#2303,#2304);
#2306=PLANE('',#2305);
#2307=ORIENTED_EDGE('',*,*,#1479,.T.);
#2308=ORIENTED_EDGE('',*,*,#1444,.T.);
#2309=ORIENTED_EDGE('',*,*,#1575,.T.);
#2310=ORIENTED_EDGE('',*,*,#2187,.T.);
#2311=EDGE_LOOP('',(#2307,#2308,#2309,#2310));
#2312=FACE_OUTER_BOUND('',#2311,.F.);
#2313=ADVANCED_FACE('',(#2312),#2306,.F.);
#2314=CARTESIAN_POINT('',(-3.075E0,1.585E0,3.47E0));
#2315=DIRECTION('',(-1.E0,0.E0,0.E0));
#2316=DIRECTION('',(0.E0,-1.E0,0.E0));
#2317=AXIS2_PLACEMENT_3D('',#2314,#2315,#2316);
#2318=PLANE('',#2317);
#2319=ORIENTED_EDGE('',*,*,#1483,.T.);
#2320=ORIENTED_EDGE('',*,*,#2190,.F.);
#2321=ORIENTED_EDGE('',*,*,#1571,.F.);
#2322=ORIENTED_EDGE('',*,*,#1416,.F.);
#2323=EDGE_LOOP('',(#2319,#2320,#2321,#2322));
#2324=FACE_OUTER_BOUND('',#2323,.F.);
#2325=ADVANCED_FACE('',(#2324),#2318,.F.);
#2326=CARTESIAN_POINT('',(8.85E-1,-1.205E0,3.47E0));
#2327=DIRECTION('',(-1.E0,0.E0,0.E0));
#2328=DIRECTION('',(0.E0,-1.E0,0.E0));
#2329=AXIS2_PLACEMENT_3D('',#2326,#2327,#2328);
#2330=PLANE('',#2329);
#2331=ORIENTED_EDGE('',*,*,#1310,.F.);
#2332=ORIENTED_EDGE('',*,*,#1789,.T.);
#2333=ORIENTED_EDGE('',*,*,#1541,.T.);
#2335=ORIENTED_EDGE('',*,*,#2334,.T.);
#2336=EDGE_LOOP('',(#2331,#2332,#2333,#2335));
#2337=FACE_OUTER_BOUND('',#2336,.F.);
#2338=ADVANCED_FACE('',(#2337),#2330,.F.);
#2339=CARTESIAN_POINT('',(3.065E0,-1.205E0,3.47E0));
#2340=DIRECTION('',(0.E0,1.E0,0.E0));
#2341=DIRECTION('',(-1.E0,0.E0,0.E0));
#2342=AXIS2_PLACEMENT_3D('',#2339,#2340,#2341);
#2343=PLANE('',#2342);
#2344=ORIENTED_EDGE('',*,*,#1312,.T.);
#2345=ORIENTED_EDGE('',*,*,#2334,.F.);
#2346=ORIENTED_EDGE('',*,*,#1539,.F.);
#2348=ORIENTED_EDGE('',*,*,#2347,.T.);
#2349=EDGE_LOOP('',(#2344,#2345,#2346,#2348));
#2350=FACE_OUTER_BOUND('',#2349,.F.);
#2352=ORIENTED_EDGE('',*,*,#2351,.F.);
#2354=ORIENTED_EDGE('',*,*,#2353,.F.);
#2355=EDGE_LOOP('',(#2352,#2354));
#2356=FACE_BOUND('',#2355,.F.);
#2357=ADVANCED_FACE('',(#2350,#2356),#2343,.F.);
#2358=CARTESIAN_POINT('',(3.065E0,-1.585E0,3.47E0));
#2359=DIRECTION('',(1.E0,0.E0,0.E0));
#2360=DIRECTION('',(0.E0,1.E0,0.E0));
#2361=AXIS2_PLACEMENT_3D('',#2358,#2359,#2360);
#2362=PLANE('',#2361);
#2363=ORIENTED_EDGE('',*,*,#1314,.T.);
#2364=ORIENTED_EDGE('',*,*,#2347,.F.);
#2365=ORIENTED_EDGE('',*,*,#1537,.F.);
#2366=ORIENTED_EDGE('',*,*,#1828,.F.);
#2367=EDGE_LOOP('',(#2363,#2364,#2365,#2366));
#2368=FACE_OUTER_BOUND('',#2367,.F.);
#2369=ADVANCED_FACE('',(#2368),#2362,.F.);
#2370=CARTESIAN_POINT('',(1.975E0,-6.9875E0,0.E0));
#2371=DIRECTION('',(0.E0,1.E0,0.E0));
#2372=DIRECTION('',(1.E0,0.E0,0.E0));
#2373=AXIS2_PLACEMENT_3D('',#2370,#2371,#2372);
#2374=CYLINDRICAL_SURFACE('',#2373,5.7E-1);
#2376=ORIENTED_EDGE('',*,*,#2375,.F.);
#2378=ORIENTED_EDGE('',*,*,#2377,.T.);
#2380=ORIENTED_EDGE('',*,*,#2379,.T.);
#2382=ORIENTED_EDGE('',*,*,#2381,.F.);
#2383=EDGE_LOOP('',(#2376,#2378,#2380,#2382));
#2384=FACE_OUTER_BOUND('',#2383,.F.);
#2385=ADVANCED_FACE('',(#2384),#2374,.T.);
#2386=CARTESIAN_POINT('',(1.975E0,-6.9875E0,0.E0));
#2387=DIRECTION('',(0.E0,1.E0,0.E0));
#2388=DIRECTION('',(1.E0,0.E0,0.E0));
#2389=AXIS2_PLACEMENT_3D('',#2386,#2387,#2388);
#2390=CYLINDRICAL_SURFACE('',#2389,5.7E-1);
#2391=ORIENTED_EDGE('',*,*,#2351,.T.);
#2393=ORIENTED_EDGE('',*,*,#2392,.F.);
#2395=ORIENTED_EDGE('',*,*,#2394,.F.);
#2397=ORIENTED_EDGE('',*,*,#2396,.T.);
#2398=EDGE_LOOP('',(#2391,#2393,#2395,#2397));
#2399=FACE_OUTER_BOUND('',#2398,.F.);
#2400=ADVANCED_FACE('',(#2399),#2390,.T.);
#2401=CARTESIAN_POINT('',(8.85E-1,1.205E0,3.47E0));
#2402=DIRECTION('',(0.E0,-1.E0,0.E0));
#2403=DIRECTION('',(1.E0,0.E0,0.E0));
#2404=AXIS2_PLACEMENT_3D('',#2401,#2402,#2403);
#2405=PLANE('',#2404);
#2406=ORIENTED_EDGE('',*,*,#1474,.T.);
#2408=ORIENTED_EDGE('',*,*,#2407,.F.);
#2409=ORIENTED_EDGE('',*,*,#1580,.F.);
#2411=ORIENTED_EDGE('',*,*,#2410,.T.);
#2412=EDGE_LOOP('',(#2406,#2408,#2409,#2411));
#2413=FACE_OUTER_BOUND('',#2412,.F.);
#2414=ORIENTED_EDGE('',*,*,#2375,.T.);
#2416=ORIENTED_EDGE('',*,*,#2415,.T.);
#2417=EDGE_LOOP('',(#2414,#2416));
#2418=FACE_BOUND('',#2417,.F.);
#2419=ADVANCED_FACE('',(#2413,#2418),#2405,.F.);
#2420=CARTESIAN_POINT('',(1.975E0,-6.9875E0,0.E0));
#2421=DIRECTION('',(0.E0,1.E0,0.E0));
#2422=DIRECTION('',(1.E0,0.E0,0.E0));
#2423=AXIS2_PLACEMENT_3D('',#2420,#2421,#2422);
#2424=CYLINDRICAL_SURFACE('',#2423,5.7E-1);
#2425=ORIENTED_EDGE('',*,*,#2415,.F.);
#2426=ORIENTED_EDGE('',*,*,#2381,.T.);
#2428=ORIENTED_EDGE('',*,*,#2427,.F.);
#2429=ORIENTED_EDGE('',*,*,#2377,.F.);
#2430=EDGE_LOOP('',(#2425,#2426,#2428,#2429));
#2431=FACE_OUTER_BOUND('',#2430,.F.);
#2432=ADVANCED_FACE('',(#2431),#2424,.T.);
#2433=CARTESIAN_POINT('',(1.975E0,-6.9875E0,0.E0));
#2434=DIRECTION('',(0.E0,1.E0,0.E0));
#2435=DIRECTION('',(1.E0,0.E0,0.E0));
#2436=AXIS2_PLACEMENT_3D('',#2433,#2434,#2435);
#2437=CYLINDRICAL_SURFACE('',#2436,5.7E-1);
#2438=ORIENTED_EDGE('',*,*,#2353,.T.);
#2439=ORIENTED_EDGE('',*,*,#2396,.F.);
#2441=ORIENTED_EDGE('',*,*,#2440,.T.);
#2442=ORIENTED_EDGE('',*,*,#2392,.T.);
#2443=EDGE_LOOP('',(#2438,#2439,#2441,#2442));
#2444=FACE_OUTER_BOUND('',#2443,.F.);
#2445=ADVANCED_FACE('',(#2444),#2437,.T.);
#2446=CARTESIAN_POINT('',(1.975E0,1.257E1,0.E0));
#2447=DIRECTION('',(0.E0,-1.E0,0.E0));
#2448=DIRECTION('',(-1.E0,0.E0,0.E0));
#2449=AXIS2_PLACEMENT_3D('',#2446,#2447,#2448);
#2450=CONICAL_SURFACE('',#2449,4.E-1,2.090798047101E1);
#2452=ORIENTED_EDGE('',*,*,#2451,.F.);
#2453=ORIENTED_EDGE('',*,*,#2427,.T.);
#2455=ORIENTED_EDGE('',*,*,#2454,.T.);
#2457=ORIENTED_EDGE('',*,*,#2456,.F.);
#2458=EDGE_LOOP('',(#2452,#2453,#2455,#2457));
#2459=FACE_OUTER_BOUND('',#2458,.F.);
#2460=ADVANCED_FACE('',(#2459),#2450,.T.);
#2461=CARTESIAN_POINT('',(1.975E0,1.257E1,0.E0));
#2462=DIRECTION('',(0.E0,-1.E0,0.E0));
#2463=DIRECTION('',(-1.E0,0.E0,0.E0));
#2464=AXIS2_PLACEMENT_3D('',#2461,#2462,#2463);
#2465=CONICAL_SURFACE('',#2464,4.E-1,2.090798047101E1);
#2466=ORIENTED_EDGE('',*,*,#2451,.T.);
#2468=ORIENTED_EDGE('',*,*,#2467,.T.);
#2469=ORIENTED_EDGE('',*,*,#2454,.F.);
#2470=ORIENTED_EDGE('',*,*,#2379,.F.);
#2471=EDGE_LOOP('',(#2466,#2468,#2469,#2470));
#2472=FACE_OUTER_BOUND('',#2471,.F.);
#2473=ADVANCED_FACE('',(#2472),#2465,.T.);
#2474=CARTESIAN_POINT('',(1.975E0,1.3015E1,0.E0));
#2475=DIRECTION('',(0.E0,1.E0,0.E0));
#2476=DIRECTION('',(1.E0,0.E0,0.E0));
#2477=AXIS2_PLACEMENT_3D('',#2474,#2475,#2476);
#2478=PLANE('',#2477);
#2479=ORIENTED_EDGE('',*,*,#2456,.T.);
#2480=ORIENTED_EDGE('',*,*,#2467,.F.);
#2481=EDGE_LOOP('',(#2479,#2480));
#2482=FACE_OUTER_BOUND('',#2481,.F.);
#2483=ADVANCED_FACE('',(#2482),#2478,.T.);
#2484=CARTESIAN_POINT('',(1.975E0,-5.59E0,0.E0));
#2485=DIRECTION('',(0.E0,1.E0,0.E0));
#2486=DIRECTION('',(1.E0,0.E0,0.E0));
#2487=AXIS2_PLACEMENT_3D('',#2484,#2485,#2486);
#2488=CONICAL_SURFACE('',#2487,4.E-1,2.090798047101E1);
#2490=ORIENTED_EDGE('',*,*,#2489,.F.);
#2492=ORIENTED_EDGE('',*,*,#2491,.T.);
#2494=ORIENTED_EDGE('',*,*,#2493,.T.);
#2495=ORIENTED_EDGE('',*,*,#2440,.F.);
#2496=EDGE_LOOP('',(#2490,#2492,#2494,#2495));
#2497=FACE_OUTER_BOUND('',#2496,.F.);
#2498=ADVANCED_FACE('',(#2497),#2488,.T.);
#2499=CARTESIAN_POINT('',(1.975E0,-5.59E0,0.E0));
#2500=DIRECTION('',(0.E0,1.E0,0.E0));
#2501=DIRECTION('',(1.E0,0.E0,0.E0));
#2502=AXIS2_PLACEMENT_3D('',#2499,#2500,#2501);
#2503=CONICAL_SURFACE('',#2502,4.E-1,2.090798047101E1);
#2504=ORIENTED_EDGE('',*,*,#2489,.T.);
#2505=ORIENTED_EDGE('',*,*,#2394,.T.);
#2506=ORIENTED_EDGE('',*,*,#2493,.F.);
#2508=ORIENTED_EDGE('',*,*,#2507,.F.);
#2509=EDGE_LOOP('',(#2504,#2505,#2506,#2508));
#2510=FACE_OUTER_BOUND('',#2509,.F.);
#2511=ADVANCED_FACE('',(#2510),#2503,.T.);
#2512=CARTESIAN_POINT('',(1.975E0,-6.035E0,0.E0));
#2513=DIRECTION('',(0.E0,1.E0,0.E0));
#2514=DIRECTION('',(1.E0,0.E0,0.E0));
#2515=AXIS2_PLACEMENT_3D('',#2512,#2513,#2514);
#2516=PLANE('',#2515);
#2517=ORIENTED_EDGE('',*,*,#2491,.F.);
#2518=ORIENTED_EDGE('',*,*,#2507,.T.);
#2519=EDGE_LOOP('',(#2517,#2518));
#2520=FACE_OUTER_BOUND('',#2519,.F.);
#2521=ADVANCED_FACE('',(#2520),#2516,.F.);
#2522=CARTESIAN_POINT('',(3.065E0,1.205E0,3.47E0));
#2523=DIRECTION('',(1.E0,0.E0,0.E0));
#2524=DIRECTION('',(0.E0,1.E0,0.E0));
#2525=AXIS2_PLACEMENT_3D('',#2522,#2523,#2524);
#2526=PLANE('',#2525);
#2527=ORIENTED_EDGE('',*,*,#1472,.T.);
#2528=ORIENTED_EDGE('',*,*,#1392,.T.);
#2529=ORIENTED_EDGE('',*,*,#1582,.T.);
#2530=ORIENTED_EDGE('',*,*,#2407,.T.);
#2531=EDGE_LOOP('',(#2527,#2528,#2529,#2530));
#2532=FACE_OUTER_BOUND('',#2531,.F.);
#2533=ADVANCED_FACE('',(#2532),#2526,.F.);
#2534=CARTESIAN_POINT('',(8.85E-1,1.585E0,3.47E0));
#2535=DIRECTION('',(-1.E0,0.E0,0.E0));
#2536=DIRECTION('',(0.E0,-1.E0,0.E0));
#2537=AXIS2_PLACEMENT_3D('',#2534,#2535,#2536);
#2538=PLANE('',#2537);
#2539=ORIENTED_EDGE('',*,*,#1476,.T.);
#2540=ORIENTED_EDGE('',*,*,#2410,.F.);
#2541=ORIENTED_EDGE('',*,*,#1578,.F.);
#2542=ORIENTED_EDGE('',*,*,#1440,.F.);
#2543=EDGE_LOOP('',(#2539,#2540,#2541,#2542));
#2544=FACE_OUTER_BOUND('',#2543,.F.);
#2545=ADVANCED_FACE('',(#2544),#2538,.F.);
#2546=CARTESIAN_POINT('',(7.025E0,-1.585E0,3.47E0));
#2547=DIRECTION('',(1.E0,0.E0,0.E0));
#2548=DIRECTION('',(0.E0,1.E0,0.E0));
#2549=AXIS2_PLACEMENT_3D('',#2546,#2547,#2548);
#2550=PLANE('',#2549);
#2551=ORIENTED_EDGE('',*,*,#1322,.T.);
#2552=ORIENTED_EDGE('',*,*,#1724,.F.);
#2553=ORIENTED_EDGE('',*,*,#1529,.F.);
#2554=ORIENTED_EDGE('',*,*,#1813,.F.);
#2555=EDGE_LOOP('',(#2551,#2552,#2553,#2554));
#2556=FACE_OUTER_BOUND('',#2555,.F.);
#2557=ADVANCED_FACE('',(#2556),#2550,.F.);
#2558=CARTESIAN_POINT('',(-4.475E0,1.585E0,-1.5E0));
#2559=DIRECTION('',(-1.E0,0.E0,0.E0));
#2560=DIRECTION('',(0.E0,0.E0,1.E0));
#2561=AXIS2_PLACEMENT_3D('',#2558,#2559,#2560);
#2562=PLANE('',#2561);
#2563=ORIENTED_EDGE('',*,*,#1773,.T.);
#2565=ORIENTED_EDGE('',*,*,#2564,.F.);
#2566=ORIENTED_EDGE('',*,*,#1422,.F.);
#2568=ORIENTED_EDGE('',*,*,#2567,.T.);
#2569=EDGE_LOOP('',(#2563,#2565,#2566,#2568));
#2570=FACE_OUTER_BOUND('',#2569,.F.);
#2571=ADVANCED_FACE('',(#2570),#2562,.F.);
#2572=CARTESIAN_POINT('',(-4.475E0,1.585E0,1.5E0));
#2573=DIRECTION('',(0.E0,0.E0,1.E0));
#2574=DIRECTION('',(1.E0,0.E0,0.E0));
#2575=AXIS2_PLACEMENT_3D('',#2572,#2573,#2574);
#2576=PLANE('',#2575);
#2577=ORIENTED_EDGE('',*,*,#1779,.T.);
#2579=ORIENTED_EDGE('',*,*,#2578,.F.);
#2580=ORIENTED_EDGE('',*,*,#1424,.F.);
#2581=ORIENTED_EDGE('',*,*,#2564,.T.);
#2582=EDGE_LOOP('',(#2577,#2579,#2580,#2581));
#2583=FACE_OUTER_BOUND('',#2582,.F.);
#2584=ADVANCED_FACE('',(#2583),#2576,.F.);
#2585=CARTESIAN_POINT('',(-3.455E0,1.585E0,1.5E0));
#2586=DIRECTION('',(1.E0,0.E0,0.E0));
#2587=DIRECTION('',(0.E0,0.E0,-1.E0));
#2588=AXIS2_PLACEMENT_3D('',#2585,#2586,#2587);
#2589=PLANE('',#2588);
#2590=ORIENTED_EDGE('',*,*,#1777,.T.);
#2592=ORIENTED_EDGE('',*,*,#2591,.F.);
#2593=ORIENTED_EDGE('',*,*,#1426,.F.);
#2594=ORIENTED_EDGE('',*,*,#2578,.T.);
#2595=EDGE_LOOP('',(#2590,#2592,#2593,#2594));
#2596=FACE_OUTER_BOUND('',#2595,.F.);
#2597=ADVANCED_FACE('',(#2596),#2589,.F.);
#2598=CARTESIAN_POINT('',(-3.455E0,1.585E0,-1.5E0));
#2599=DIRECTION('',(0.E0,0.E0,-1.E0));
#2600=DIRECTION('',(-1.E0,0.E0,0.E0));
#2601=AXIS2_PLACEMENT_3D('',#2598,#2599,#2600);
#2602=PLANE('',#2601);
#2603=ORIENTED_EDGE('',*,*,#1775,.T.);
#2604=ORIENTED_EDGE('',*,*,#2567,.F.);
#2605=ORIENTED_EDGE('',*,*,#1428,.F.);
#2606=ORIENTED_EDGE('',*,*,#2591,.T.);
#2607=EDGE_LOOP('',(#2603,#2604,#2605,#2606));
#2608=FACE_OUTER_BOUND('',#2607,.F.);
#2609=ADVANCED_FACE('',(#2608),#2602,.F.);
#2610=CARTESIAN_POINT('',(-5.15E-1,1.585E0,-1.5E0));
#2611=DIRECTION('',(-1.E0,0.E0,0.E0));
#2612=DIRECTION('',(0.E0,0.E0,1.E0));
#2613=AXIS2_PLACEMENT_3D('',#2610,#2611,#2612);
#2614=PLANE('',#2613);
#2615=ORIENTED_EDGE('',*,*,#1797,.T.);
#2617=ORIENTED_EDGE('',*,*,#2616,.F.);
#2618=ORIENTED_EDGE('',*,*,#1448,.F.);
#2620=ORIENTED_EDGE('',*,*,#2619,.T.);
#2621=EDGE_LOOP('',(#2615,#2617,#2618,#2620));
#2622=FACE_OUTER_BOUND('',#2621,.F.);
#2623=ADVANCED_FACE('',(#2622),#2614,.F.);
#2624=CARTESIAN_POINT('',(-5.15E-1,1.585E0,1.5E0));
#2625=DIRECTION('',(0.E0,0.E0,1.E0));
#2626=DIRECTION('',(1.E0,0.E0,0.E0));
#2627=AXIS2_PLACEMENT_3D('',#2624,#2625,#2626);
#2628=PLANE('',#2627);
#2629=ORIENTED_EDGE('',*,*,#1803,.T.);
#2631=ORIENTED_EDGE('',*,*,#2630,.F.);
#2632=ORIENTED_EDGE('',*,*,#1450,.F.);
#2633=ORIENTED_EDGE('',*,*,#2616,.T.);
#2634=EDGE_LOOP('',(#2629,#2631,#2632,#2633));
#2635=FACE_OUTER_BOUND('',#2634,.F.);
#2636=ADVANCED_FACE('',(#2635),#2628,.F.);
#2637=CARTESIAN_POINT('',(5.05E-1,1.585E0,1.5E0));
#2638=DIRECTION('',(1.E0,0.E0,0.E0));
#2639=DIRECTION('',(0.E0,0.E0,-1.E0));
#2640=AXIS2_PLACEMENT_3D('',#2637,#2638,#2639);
#2641=PLANE('',#2640);
#2642=ORIENTED_EDGE('',*,*,#1801,.T.);
#2644=ORIENTED_EDGE('',*,*,#2643,.F.);
#2645=ORIENTED_EDGE('',*,*,#1452,.F.);
#2646=ORIENTED_EDGE('',*,*,#2630,.T.);
#2647=EDGE_LOOP('',(#2642,#2644,#2645,#2646));
#2648=FACE_OUTER_BOUND('',#2647,.F.);
#2649=ADVANCED_FACE('',(#2648),#2641,.F.);
#2650=CARTESIAN_POINT('',(5.05E-1,1.585E0,-1.5E0));
#2651=DIRECTION('',(0.E0,0.E0,-1.E0));
#2652=DIRECTION('',(-1.E0,0.E0,0.E0));
#2653=AXIS2_PLACEMENT_3D('',#2650,#2651,#2652);
#2654=PLANE('',#2653);
#2655=ORIENTED_EDGE('',*,*,#1799,.T.);
#2656=ORIENTED_EDGE('',*,*,#2619,.F.);
#2657=ORIENTED_EDGE('',*,*,#1454,.F.);
#2658=ORIENTED_EDGE('',*,*,#2643,.T.);
#2659=EDGE_LOOP('',(#2655,#2656,#2657,#2658));
#2660=FACE_OUTER_BOUND('',#2659,.F.);
#2661=ADVANCED_FACE('',(#2660),#2654,.F.);
#2662=CARTESIAN_POINT('',(3.445E0,1.585E0,-1.5E0));
#2663=DIRECTION('',(-1.E0,0.E0,0.E0));
#2664=DIRECTION('',(0.E0,0.E0,1.E0));
#2665=AXIS2_PLACEMENT_3D('',#2662,#2663,#2664);
#2666=PLANE('',#2665);
#2667=ORIENTED_EDGE('',*,*,#1833,.T.);
#2669=ORIENTED_EDGE('',*,*,#2668,.F.);
#2670=ORIENTED_EDGE('',*,*,#1396,.F.);
#2672=ORIENTED_EDGE('',*,*,#2671,.T.);
#2673=EDGE_LOOP('',(#2667,#2669,#2670,#2672));
#2674=FACE_OUTER_BOUND('',#2673,.F.);
#2675=ADVANCED_FACE('',(#2674),#2666,.F.);
#2676=CARTESIAN_POINT('',(3.445E0,1.585E0,1.5E0));
#2677=DIRECTION('',(0.E0,0.E0,1.E0));
#2678=DIRECTION('',(1.E0,0.E0,0.E0));
#2679=AXIS2_PLACEMENT_3D('',#2676,#2677,#2678);
#2680=PLANE('',#2679);
#2681=ORIENTED_EDGE('',*,*,#1839,.T.);
#2683=ORIENTED_EDGE('',*,*,#2682,.F.);
#2684=ORIENTED_EDGE('',*,*,#1398,.F.);
#2685=ORIENTED_EDGE('',*,*,#2668,.T.);
#2686=EDGE_LOOP('',(#2681,#2683,#2684,#2685));
#2687=FACE_OUTER_BOUND('',#2686,.F.);
#2688=ADVANCED_FACE('',(#2687),#2680,.F.);
#2689=CARTESIAN_POINT('',(4.465E0,1.585E0,1.5E0));
#2690=DIRECTION('',(1.E0,0.E0,0.E0));
#2691=DIRECTION('',(0.E0,0.E0,-1.E0));
#2692=AXIS2_PLACEMENT_3D('',#2689,#2690,#2691);
#2693=PLANE('',#2692);
#2694=ORIENTED_EDGE('',*,*,#1837,.T.);
#2696=ORIENTED_EDGE('',*,*,#2695,.F.);
#2697=ORIENTED_EDGE('',*,*,#1400,.F.);
#2698=ORIENTED_EDGE('',*,*,#2682,.T.);
#2699=EDGE_LOOP('',(#2694,#2696,#2697,#2698));
#2700=FACE_OUTER_BOUND('',#2699,.F.);
#2701=ADVANCED_FACE('',(#2700),#2693,.F.);
#2702=CARTESIAN_POINT('',(4.465E0,1.585E0,-1.5E0));
#2703=DIRECTION('',(0.E0,0.E0,-1.E0));
#2704=DIRECTION('',(-1.E0,0.E0,0.E0));
#2705=AXIS2_PLACEMENT_3D('',#2702,#2703,#2704);
#2706=PLANE('',#2705);
#2707=ORIENTED_EDGE('',*,*,#1835,.T.);
#2708=ORIENTED_EDGE('',*,*,#2671,.F.);
#2709=ORIENTED_EDGE('',*,*,#1402,.F.);
#2710=ORIENTED_EDGE('',*,*,#2695,.T.);
#2711=EDGE_LOOP('',(#2707,#2708,#2709,#2710));
#2712=FACE_OUTER_BOUND('',#2711,.F.);
#2713=ADVANCED_FACE('',(#2712),#2706,.F.);
#2714=CARTESIAN_POINT('',(5.935E0,-5.59E0,0.E0));
#2715=DIRECTION('',(0.E0,1.E0,0.E0));
#2716=DIRECTION('',(1.E0,0.E0,0.E0));
#2717=AXIS2_PLACEMENT_3D('',#2714,#2715,#2716);
#2718=CONICAL_SURFACE('',#2717,4.E-1,2.090798047101E1);
#2720=ORIENTED_EDGE('',*,*,#2719,.F.);
#2722=ORIENTED_EDGE('',*,*,#2721,.T.);
#2724=ORIENTED_EDGE('',*,*,#2723,.T.);
#2725=ORIENTED_EDGE('',*,*,#1671,.F.);
#2726=EDGE_LOOP('',(#2720,#2722,#2724,#2725));
#2727=FACE_OUTER_BOUND('',#2726,.F.);
#2728=ADVANCED_FACE('',(#2727),#2718,.T.);
#2729=CARTESIAN_POINT('',(5.935E0,-5.59E0,0.E0));
#2730=DIRECTION('',(0.E0,1.E0,0.E0));
#2731=DIRECTION('',(1.E0,0.E0,0.E0));
#2732=AXIS2_PLACEMENT_3D('',#2729,#2730,#2731);
#2733=CONICAL_SURFACE('',#2732,4.E-1,2.090798047101E1);
#2734=ORIENTED_EDGE('',*,*,#2719,.T.);
#2735=ORIENTED_EDGE('',*,*,#1643,.T.);
#2736=ORIENTED_EDGE('',*,*,#2723,.F.);
#2738=ORIENTED_EDGE('',*,*,#2737,.F.);
#2739=EDGE_LOOP('',(#2734,#2735,#2736,#2738));
#2740=FACE_OUTER_BOUND('',#2739,.F.);
#2741=ADVANCED_FACE('',(#2740),#2733,.T.);
#2742=CARTESIAN_POINT('',(5.935E0,-6.035E0,0.E0));
#2743=DIRECTION('',(0.E0,1.E0,0.E0));
#2744=DIRECTION('',(1.E0,0.E0,0.E0));
#2745=AXIS2_PLACEMENT_3D('',#2742,#2743,#2744);
#2746=PLANE('',#2745);
#2747=ORIENTED_EDGE('',*,*,#2721,.F.);
#2748=ORIENTED_EDGE('',*,*,#2737,.T.);
#2749=EDGE_LOOP('',(#2747,#2748));
#2750=FACE_OUTER_BOUND('',#2749,.F.);
#2751=ADVANCED_FACE('',(#2750),#2746,.F.);
#2752=CLOSED_SHELL('',(#1328,#1349,#1364,#1380,#1406,#1432,#1458,#1500,#1514,
#1587,#1600,#1618,#1633,#1649,#1662,#1676,#1691,#1704,#1714,#1732,#1745,#1759,
#1783,#1807,#1820,#1843,#1856,#1875,#1887,#1903,#1918,#1937,#1950,#1963,#1978,
#1991,#2001,#2016,#2029,#2039,#2051,#2063,#2080,#2093,#2105,#2118,#2137,#2149,
#2165,#2180,#2199,#2212,#2225,#2240,#2253,#2263,#2278,#2291,#2301,#2313,#2325,
#2338,#2357,#2369,#2385,#2400,#2419,#2432,#2445,#2460,#2473,#2483,#2498,#2511,
#2521,#2533,#2545,#2557,#2571,#2584,#2597,#2609,#2623,#2636,#2649,#2661,#2675,
#2688,#2701,#2713,#2728,#2741,#2751));
#2753=MANIFOLD_SOLID_BREP('',#2752);
#2754=CARTESIAN_POINT('',(0.E0,0.E0,0.E0));
#2755=DIRECTION('',(0.E0,0.E0,1.E0));
#2756=DIRECTION('',(1.E0,0.E0,0.E0));
#2757=AXIS2_PLACEMENT_3D('CSYS',#2754,#2755,#2756);
#2758=DIRECTION('',(0.E0,1.E0,0.E0));
#2759=VECTOR('',#2758,1.905E1);
#2760=CARTESIAN_POINT('',(-5.945E0,-6.035E0,0.E0));
#2761=LINE('',#2760,#2759);
#2764=DIRECTION('',(0.E0,1.E0,0.E0));
#2765=VECTOR('',#2764,1.905E1);
#2766=CARTESIAN_POINT('',(-1.985E0,-6.035E0,0.E0));
#2767=LINE('',#2766,#2765);
#2769=DIRECTION('',(0.E0,1.E0,0.E0));
#2770=VECTOR('',#2769,1.905E1);
#2771=CARTESIAN_POINT('',(1.975E0,-6.035E0,0.E0));
#2772=LINE('',#2771,#2770);
#2774=DIRECTION('',(0.E0,1.E0,0.E0));
#2775=VECTOR('',#2774,1.905E1);
#2776=CARTESIAN_POINT('',(5.935E0,-6.035E0,0.E0));
#2777=LINE('',#2776,#2775);
#2779=CARTESIAN_POINT('',(-5.945E0,-1.585E0,0.E0));
#2780=DIRECTION('',(0.E0,-1.E0,0.E0));
#2781=DIRECTION('',(1.E0,0.E0,0.E0));
#2782=AXIS2_PLACEMENT_3D('',#2779,#2780,#2781);
#2786=CARTESIAN_POINT('',(-5.945E0,-1.585E0,0.E0));
#2787=DIRECTION('',(0.E0,-1.E0,0.E0));
#2788=DIRECTION('',(-1.E0,0.E0,0.E0));
#2789=AXIS2_PLACEMENT_3D('',#2786,#2787,#2788);
#2794=CARTESIAN_POINT('',(-1.985E0,-1.585E0,0.E0));
#2795=DIRECTION('',(0.E0,-1.E0,0.E0));
#2796=DIRECTION('',(1.E0,0.E0,0.E0));
#2797=AXIS2_PLACEMENT_3D('',#2794,#2795,#2796);
#2801=CARTESIAN_POINT('',(-1.985E0,-1.585E0,0.E0));
#2802=DIRECTION('',(0.E0,-1.E0,0.E0));
#2803=DIRECTION('',(-1.E0,0.E0,0.E0));
#2804=AXIS2_PLACEMENT_3D('',#2801,#2802,#2803);
#2809=CARTESIAN_POINT('',(1.975E0,-1.585E0,0.E0));
#2810=DIRECTION('',(0.E0,-1.E0,0.E0));
#2811=DIRECTION('',(1.E0,0.E0,0.E0));
#2812=AXIS2_PLACEMENT_3D('',#2809,#2810,#2811);
#2816=CARTESIAN_POINT('',(1.975E0,-1.585E0,0.E0));
#2817=DIRECTION('',(0.E0,-1.E0,0.E0));
#2818=DIRECTION('',(-1.E0,0.E0,0.E0));
#2819=AXIS2_PLACEMENT_3D('',#2816,#2817,#2818);
#2824=CARTESIAN_POINT('',(5.935E0,-1.585E0,0.E0));
#2825=DIRECTION('',(0.E0,-1.E0,0.E0));
#2826=DIRECTION('',(1.E0,0.E0,0.E0));
#2827=AXIS2_PLACEMENT_3D('',#2824,#2825,#2826);
#2831=CARTESIAN_POINT('',(5.935E0,-1.585E0,0.E0));
#2832=DIRECTION('',(0.E0,-1.E0,0.E0));
#2833=DIRECTION('',(-1.E0,0.E0,0.E0));
#2834=AXIS2_PLACEMENT_3D('',#2831,#2832,#2833);
#2840=DIMENSIONAL_EXPONENTS(0.E0,0.E0,0.E0,0.E0,0.E0,0.E0,0.E0);
#2842=PLANE_ANGLE_MEASURE_WITH_UNIT(PLANE_ANGLE_MEASURE(1.745329251994E-2),
#2841);
#2843=(CONVERSION_BASED_UNIT('DEGREE',#2842)NAMED_UNIT(*)PLANE_ANGLE_UNIT());
#2845=UNCERTAINTY_MEASURE_WITH_UNIT(LENGTH_MEASURE(2.572318141791E-3),#2839,
'closure',
'Maximum model space distance between geometric entities at asserted connectivities');
#2846=(GEOMETRIC_REPRESENTATION_CONTEXT(3)GLOBAL_UNCERTAINTY_ASSIGNED_CONTEXT((
#2845))GLOBAL_UNIT_ASSIGNED_CONTEXT((#2839,#2843,#2844))REPRESENTATION_CONTEXT(
'ID1','3'));
#2763=GEOMETRIC_SET('',(#2762,#2768,#2773,#2778,#2793,#2808,#2823,#2838));
#2850=SHAPE_REPRESENTATION_RELATIONSHIP('','',#2849,#2847);
#2851=SHAPE_REPRESENTATION_RELATIONSHIP('','',#2849,#2848);
#2852=APPLICATION_CONTEXT(
'CONFIGURATION CONTROLLED 3D DESIGNS OF MECHANICAL PARTS AND ASSEMBLIES');
#2853=APPLICATION_PROTOCOL_DEFINITION('international standard',
'config_control_design',1994,#2852);
#2854=DESIGN_CONTEXT('',#2852,'design');
#2855=MECHANICAL_CONTEXT('',#2852,'mechanical');
#2856=PRODUCT('026192041','026192041','NOT SPECIFIED',(#2855));
#2857=PRODUCT_DEFINITION_FORMATION_WITH_SPECIFIED_SOURCE('1','LAST_VERSION',
#2856,.MADE.);
#2861=PRODUCT_CATEGORY('part','');
#2862=PRODUCT_RELATED_PRODUCT_CATEGORY('detail','',(#2856));
#2863=PRODUCT_CATEGORY_RELATIONSHIP('','',#2861,#2862);
#2864=SECURITY_CLASSIFICATION_LEVEL('unclassified');
#2865=SECURITY_CLASSIFICATION('','',#2864);
#2866=CC_DESIGN_SECURITY_CLASSIFICATION(#2865,(#2857));
#2867=APPROVAL_STATUS('approved');
#2868=APPROVAL(#2867,'');
#2869=CC_DESIGN_APPROVAL(#2868,(#2865,#2857,#2858));
#2870=CALENDAR_DATE(114,8,9);
#2871=COORDINATED_UNIVERSAL_TIME_OFFSET(5,30,.AHEAD.);
#2872=LOCAL_TIME(15,54,3.8E1,#2871);
#2873=DATE_AND_TIME(#2870,#2872);
#2874=APPROVAL_DATE_TIME(#2873,#2868);
#2875=DATE_TIME_ROLE('creation_date');
#2876=CC_DESIGN_DATE_AND_TIME_ASSIGNMENT(#2873,#2875,(#2858));
#2877=DATE_TIME_ROLE('classification_date');
#2878=CC_DESIGN_DATE_AND_TIME_ASSIGNMENT(#2873,#2877,(#2865));
#2879=PERSON('UNSPECIFIED','UNSPECIFIED',$,$,$,$);
#2880=ORGANIZATION('UNSPECIFIED','UNSPECIFIED','UNSPECIFIED');
#2881=PERSON_AND_ORGANIZATION(#2879,#2880);
#2882=APPROVAL_ROLE('approver');
#2883=APPROVAL_PERSON_ORGANIZATION(#2881,#2868,#2882);
#2884=PERSON_AND_ORGANIZATION_ROLE('creator');
#2885=CC_DESIGN_PERSON_AND_ORGANIZATION_ASSIGNMENT(#2881,#2884,(#2857,#2858));
#2886=PERSON_AND_ORGANIZATION_ROLE('design_supplier');
#2887=CC_DESIGN_PERSON_AND_ORGANIZATION_ASSIGNMENT(#2881,#2886,(#2857));
#2888=PERSON_AND_ORGANIZATION_ROLE('classification_officer');
#2889=CC_DESIGN_PERSON_AND_ORGANIZATION_ASSIGNMENT(#2881,#2888,(#2865));
#2890=PERSON_AND_ORGANIZATION_ROLE('design_owner');
#2891=CC_DESIGN_PERSON_AND_ORGANIZATION_ASSIGNMENT(#2881,#2890,(#2856));
#357=CIRCLE('',#356,5.7E-1);
#362=CIRCLE('',#361,5.7E-1);
#375=CIRCLE('',#374,5.7E-1);
#392=CIRCLE('',#391,5.7E-1);
#405=CIRCLE('',#404,5.7E-1);
#414=CIRCLE('',#413,5.7E-1);
#419=CIRCLE('',#418,2.3E-1);
#424=CIRCLE('',#423,2.3E-1);
#433=CIRCLE('',#432,5.7E-1);
#438=CIRCLE('',#437,5.7E-1);
#539=CIRCLE('',#538,5.7E-1);
#544=CIRCLE('',#543,5.7E-1);
#549=CIRCLE('',#548,5.7E-1);
#554=CIRCLE('',#553,5.7E-1);
#559=CIRCLE('',#558,5.7E-1);
#584=CIRCLE('',#583,5.7E-1);
#597=CIRCLE('',#596,5.7E-1);
#606=CIRCLE('',#605,5.7E-1);
#611=CIRCLE('',#610,2.3E-1);
#616=CIRCLE('',#615,2.3E-1);
#625=CIRCLE('',#624,2.3E-1);
#634=CIRCLE('',#633,2.3E-1);
#687=CIRCLE('',#686,5.7E-1);
#692=CIRCLE('',#691,5.7E-1);
#697=CIRCLE('',#696,5.7E-1);
#702=CIRCLE('',#701,5.7E-1);
#707=CIRCLE('',#706,5.7E-1);
#732=CIRCLE('',#731,5.7E-1);
#745=CIRCLE('',#744,5.7E-1);
#754=CIRCLE('',#753,5.7E-1);
#759=CIRCLE('',#758,2.3E-1);
#764=CIRCLE('',#763,2.3E-1);
#773=CIRCLE('',#772,2.3E-1);
#782=CIRCLE('',#781,2.3E-1);
#807=CIRCLE('',#806,5.7E-1);
#812=CIRCLE('',#811,5.7E-1);
#817=CIRCLE('',#816,5.7E-1);
#822=CIRCLE('',#821,5.7E-1);
#827=CIRCLE('',#826,5.7E-1);
#852=CIRCLE('',#851,5.7E-1);
#865=CIRCLE('',#864,5.7E-1);
#874=CIRCLE('',#873,5.7E-1);
#879=CIRCLE('',#878,2.3E-1);
#884=CIRCLE('',#883,2.3E-1);
#893=CIRCLE('',#892,2.3E-1);
#902=CIRCLE('',#901,2.3E-1);
#971=CIRCLE('',#970,2.3E-1);
#980=CIRCLE('',#979,2.3E-1);
#1286=EDGE_CURVE('',#992,#1035,#4,.T.);
#1288=EDGE_CURVE('',#1042,#1035,#670,.T.);
#1290=EDGE_CURVE('',#990,#1042,#650,.T.);
#1292=EDGE_CURVE('',#990,#1000,#8,.T.);
#1294=EDGE_CURVE('',#1000,#998,#12,.T.);
#1296=EDGE_CURVE('',#996,#998,#16,.T.);
#1298=EDGE_CURVE('',#995,#996,#20,.T.);
#1300=EDGE_CURVE('',#995,#1094,#24,.T.);
#1302=EDGE_CURVE('',#1094,#1092,#28,.T.);
#1304=EDGE_CURVE('',#1090,#1092,#32,.T.);
#1306=EDGE_CURVE('',#1089,#1090,#36,.T.);
#1308=EDGE_CURVE('',#1089,#1118,#40,.T.);
#1310=EDGE_CURVE('',#1118,#1116,#44,.T.);
#1312=EDGE_CURVE('',#1114,#1116,#48,.T.);
#1314=EDGE_CURVE('',#1113,#1114,#52,.T.);
#1316=EDGE_CURVE('',#1113,#1142,#56,.T.);
#1318=EDGE_CURVE('',#1142,#1140,#60,.T.);
#1320=EDGE_CURVE('',#1138,#1140,#64,.T.);
#1322=EDGE_CURVE('',#1137,#1138,#68,.T.);
#1324=EDGE_CURVE('',#1137,#992,#72,.T.);
#1334=EDGE_CURVE('',#1047,#988,#96,.T.);
#1336=EDGE_CURVE('',#1038,#1047,#76,.T.);
#1338=EDGE_CURVE('',#1036,#1038,#80,.T.);
#1340=EDGE_CURVE('',#1035,#1036,#84,.T.);
#1343=EDGE_CURVE('',#992,#987,#88,.T.);
#1345=EDGE_CURVE('',#987,#988,#224,.T.);
#1355=EDGE_CURVE('',#1047,#1048,#92,.T.);
#1358=EDGE_CURVE('',#988,#1150,#220,.T.);
#1360=EDGE_CURVE('',#1048,#1150,#100,.T.);
#1370=EDGE_CURVE('',#1050,#983,#666,.T.);
#1372=EDGE_CURVE('',#1056,#1050,#104,.T.);
#1374=EDGE_CURVE('',#1056,#1003,#108,.T.);
#1376=EDGE_CURVE('',#1003,#983,#300,.T.);
#1386=EDGE_CURVE('',#1053,#1054,#112,.T.);
#1388=EDGE_CURVE('',#1053,#1145,#116,.T.);
#1390=EDGE_CURVE('',#1145,#1126,#348,.T.);
#1392=EDGE_CURVE('',#1054,#1126,#120,.T.);
#1396=EDGE_CURVE('',#1275,#1276,#180,.T.);
#1398=EDGE_CURVE('',#1276,#1278,#184,.T.);
#1400=EDGE_CURVE('',#1278,#1280,#188,.T.);
#1402=EDGE_CURVE('',#1280,#1275,#192,.T.);
#1412=EDGE_CURVE('',#1058,#1008,#124,.T.);
#1414=EDGE_CURVE('',#1164,#1058,#128,.T.);
#1416=EDGE_CURVE('',#1164,#1097,#132,.T.);
#1418=EDGE_CURVE('',#1097,#1008,#316,.T.);
#1422=EDGE_CURVE('',#1027,#1028,#148,.T.);
#1424=EDGE_CURVE('',#1028,#1030,#152,.T.);
#1426=EDGE_CURVE('',#1030,#1032,#156,.T.);
#1428=EDGE_CURVE('',#1032,#1027,#160,.T.);
#1438=EDGE_CURVE('',#1161,#1162,#136,.T.);
#1440=EDGE_CURVE('',#1161,#1121,#140,.T.);
#1442=EDGE_CURVE('',#1121,#1102,#332,.T.);
#1444=EDGE_CURVE('',#1162,#1102,#144,.T.);
#1448=EDGE_CURVE('',#1259,#1260,#164,.T.);
#1450=EDGE_CURVE('',#1260,#1262,#168,.T.);
#1452=EDGE_CURVE('',#1262,#1264,#172,.T.);
#1454=EDGE_CURVE('',#1264,#1259,#176,.T.);
#1465=EDGE_CURVE('',#1176,#1048,#200,.T.);
#1467=EDGE_CURVE('',#1174,#1176,#366,.T.);
#1469=EDGE_CURVE('',#1053,#1174,#352,.T.);
#1472=EDGE_CURVE('',#1172,#1054,#906,.T.);
#1474=EDGE_CURVE('',#1170,#1172,#831,.T.);
#1476=EDGE_CURVE('',#1161,#1170,#914,.T.);
#1479=EDGE_CURVE('',#1168,#1162,#786,.T.);
#1481=EDGE_CURVE('',#1166,#1168,#711,.T.);
#1483=EDGE_CURVE('',#1164,#1166,#794,.T.);
#1486=EDGE_CURVE('',#1086,#1058,#642,.T.);
#1488=EDGE_CURVE('',#1084,#1086,#563,.T.);
#1490=EDGE_CURVE('',#1056,#1084,#646,.T.);
#1493=EDGE_CURVE('',#1044,#1050,#662,.T.);
#1495=EDGE_CURVE('',#1044,#1038,#196,.T.);
#1508=EDGE_CURVE('',#1150,#1148,#216,.T.);
#1510=EDGE_CURVE('',#1148,#1176,#204,.T.);
#1520=EDGE_CURVE('',#1145,#1146,#208,.T.);
#1522=EDGE_CURVE('',#1146,#1148,#212,.T.);
#1527=EDGE_CURVE('',#1153,#987,#228,.T.);
#1529=EDGE_CURVE('',#1153,#1154,#232,.T.);
#1531=EDGE_CURVE('',#1154,#1156,#236,.T.);
#1533=EDGE_CURVE('',#1158,#1156,#240,.T.);
#1535=EDGE_CURVE('',#1129,#1158,#244,.T.);
#1537=EDGE_CURVE('',#1129,#1130,#248,.T.);
#1539=EDGE_CURVE('',#1130,#1132,#252,.T.);
#1541=EDGE_CURVE('',#1134,#1132,#256,.T.);
#1543=EDGE_CURVE('',#1105,#1134,#260,.T.);
#1545=EDGE_CURVE('',#1105,#1106,#264,.T.);
#1547=EDGE_CURVE('',#1106,#1108,#268,.T.);
#1549=EDGE_CURVE('',#1110,#1108,#272,.T.);
#1551=EDGE_CURVE('',#1011,#1110,#276,.T.);
#1553=EDGE_CURVE('',#1011,#1012,#280,.T.);
#1555=EDGE_CURVE('',#1012,#1014,#284,.T.);
#1557=EDGE_CURVE('',#1016,#1014,#288,.T.);
#1559=EDGE_CURVE('',#984,#1016,#292,.T.);
#1561=EDGE_CURVE('',#983,#984,#296,.T.);
#1564=EDGE_CURVE('',#1003,#1004,#304,.T.);
#1566=EDGE_CURVE('',#1004,#1006,#308,.T.);
#1568=EDGE_CURVE('',#1008,#1006,#312,.T.);
#1571=EDGE_CURVE('',#1097,#1098,#320,.T.);
#1573=EDGE_CURVE('',#1098,#1100,#324,.T.);
#1575=EDGE_CURVE('',#1102,#1100,#328,.T.);
#1578=EDGE_CURVE('',#1121,#1122,#336,.T.);
#1580=EDGE_CURVE('',#1122,#1124,#340,.T.);
#1582=EDGE_CURVE('',#1126,#1124,#344,.T.);
#1594=EDGE_CURVE('',#1146,#1174,#370,.T.);
#1612=EDGE_CURVE('',#1243,#1244,#357,.T.);
#1614=EDGE_CURVE('',#1244,#1243,#362,.T.);
#1625=EDGE_CURVE('',#1243,#1231,#383,.T.);
#1627=EDGE_CURVE('',#1231,#1239,#414,.T.);
#1629=EDGE_CURVE('',#1244,#1239,#379,.T.);
#1639=EDGE_CURVE('',#1247,#1248,#433,.T.);
#1641=EDGE_CURVE('',#1236,#1248,#396,.T.);
#1643=EDGE_CURVE('',#1228,#1236,#375,.T.);
#1645=EDGE_CURVE('',#1228,#1247,#387,.T.);
#1657=EDGE_CURVE('',#1231,#1239,#405,.T.);
#1668=EDGE_CURVE('',#1248,#1247,#438,.T.);
#1671=EDGE_CURVE('',#1228,#1236,#392,.T.);
#1682=EDGE_CURVE('',#1231,#1232,#400,.T.);
#1685=EDGE_CURVE('',#1239,#1240,#409,.T.);
#1687=EDGE_CURVE('',#1232,#1240,#419,.T.);
#1698=EDGE_CURVE('',#1232,#1240,#424,.T.);
#1721=EDGE_CURVE('',#1156,#1140,#442,.T.);
#1724=EDGE_CURVE('',#1154,#1138,#428,.T.);
#1739=EDGE_CURVE('',#1142,#1158,#474,.T.);
#1751=EDGE_CURVE('',#1000,#1016,#446,.T.);
#1754=EDGE_CURVE('',#990,#984,#450,.T.);
#1765=EDGE_CURVE('',#1094,#1110,#454,.T.);
#1768=EDGE_CURVE('',#995,#1011,#458,.T.);
#1773=EDGE_CURVE('',#1019,#1020,#482,.T.);
#1775=EDGE_CURVE('',#1024,#1019,#486,.T.);
#1777=EDGE_CURVE('',#1022,#1024,#490,.T.);
#1779=EDGE_CURVE('',#1020,#1022,#494,.T.);
#1789=EDGE_CURVE('',#1118,#1134,#462,.T.);
#1792=EDGE_CURVE('',#1089,#1105,#466,.T.);
#1797=EDGE_CURVE('',#1251,#1252,#498,.T.);
#1799=EDGE_CURVE('',#1256,#1251,#502,.T.);
#1801=EDGE_CURVE('',#1254,#1256,#506,.T.);
#1803=EDGE_CURVE('',#1252,#1254,#510,.T.);
#1813=EDGE_CURVE('',#1137,#1153,#470,.T.);
#1828=EDGE_CURVE('',#1113,#1129,#478,.T.);
#1833=EDGE_CURVE('',#1267,#1268,#514,.T.);
#1835=EDGE_CURVE('',#1272,#1267,#518,.T.);
#1837=EDGE_CURVE('',#1270,#1272,#522,.T.);
#1839=EDGE_CURVE('',#1268,#1270,#526,.T.);
#1852=EDGE_CURVE('',#1014,#998,#530,.T.);
#1865=EDGE_CURVE('',#1012,#996,#534,.T.);
#1869=EDGE_CURVE('',#1081,#1082,#539,.T.);
#1871=EDGE_CURVE('',#1082,#1081,#544,.T.);
#1893=EDGE_CURVE('',#1077,#1078,#554,.T.);
#1895=EDGE_CURVE('',#1077,#1065,#575,.T.);
#1897=EDGE_CURVE('',#1065,#1073,#606,.T.);
#1899=EDGE_CURVE('',#1078,#1073,#571,.T.);
#1910=EDGE_CURVE('',#1070,#1082,#588,.T.);
#1912=EDGE_CURVE('',#1062,#1070,#549,.T.);
#1914=EDGE_CURVE('',#1062,#1081,#579,.T.);
#1925=EDGE_CURVE('',#1006,#1086,#638,.T.);
#1928=EDGE_CURVE('',#1004,#1084,#567,.T.);
#1933=EDGE_CURVE('',#1078,#1077,#559,.T.);
#1945=EDGE_CURVE('',#1065,#1073,#597,.T.);
#1958=EDGE_CURVE('',#1062,#1070,#584,.T.);
#1969=EDGE_CURVE('',#1065,#1066,#592,.T.);
#1972=EDGE_CURVE('',#1073,#1074,#601,.T.);
#1974=EDGE_CURVE('',#1066,#1074,#611,.T.);
#1985=EDGE_CURVE('',#1066,#1074,#616,.T.);
#2007=EDGE_CURVE('',#1061,#1062,#620,.T.);
#2009=EDGE_CURVE('',#1061,#1069,#625,.T.);
#2011=EDGE_CURVE('',#1069,#1070,#629,.T.);
#2025=EDGE_CURVE('',#1061,#1069,#634,.T.);
#2070=EDGE_CURVE('',#1041,#1042,#654,.T.);
#2072=EDGE_CURVE('',#1044,#1041,#658,.T.);
#2087=EDGE_CURVE('',#1041,#1036,#674,.T.);
#2114=EDGE_CURVE('',#1108,#1092,#678,.T.);
#2127=EDGE_CURVE('',#1106,#1090,#682,.T.);
#2131=EDGE_CURVE('',#1199,#1200,#687,.T.);
#2133=EDGE_CURVE('',#1200,#1199,#692,.T.);
#2155=EDGE_CURVE('',#1195,#1196,#702,.T.);
#2157=EDGE_CURVE('',#1195,#1183,#723,.T.);
#2159=EDGE_CURVE('',#1183,#1191,#754,.T.);
#2161=EDGE_CURVE('',#1196,#1191,#719,.T.);
#2172=EDGE_CURVE('',#1188,#1200,#736,.T.);
#2174=EDGE_CURVE('',#1180,#1188,#697,.T.);
#2176=EDGE_CURVE('',#1180,#1199,#727,.T.);
#2187=EDGE_CURVE('',#1100,#1168,#790,.T.);
#2190=EDGE_CURVE('',#1098,#1166,#715,.T.);
#2195=EDGE_CURVE('',#1196,#1195,#707,.T.);
#2207=EDGE_CURVE('',#1183,#1191,#745,.T.);
#2220=EDGE_CURVE('',#1180,#1188,#732,.T.);
#2231=EDGE_CURVE('',#1183,#1184,#740,.T.);
#2234=EDGE_CURVE('',#1191,#1192,#749,.T.);
#2236=EDGE_CURVE('',#1184,#1192,#759,.T.);
#2247=EDGE_CURVE('',#1184,#1192,#764,.T.);
#2269=EDGE_CURVE('',#1179,#1180,#768,.T.);
#2271=EDGE_CURVE('',#1179,#1187,#773,.T.);
#2273=EDGE_CURVE('',#1187,#1188,#777,.T.);
#2287=EDGE_CURVE('',#1179,#1187,#782,.T.);
#2334=EDGE_CURVE('',#1132,#1116,#798,.T.);
#2347=EDGE_CURVE('',#1130,#1114,#802,.T.);
#2351=EDGE_CURVE('',#1223,#1224,#807,.T.);
#2353=EDGE_CURVE('',#1224,#1223,#812,.T.);
#2375=EDGE_CURVE('',#1219,#1220,#822,.T.);
#2377=EDGE_CURVE('',#1219,#1207,#843,.T.);
#2379=EDGE_CURVE('',#1207,#1215,#874,.T.);
#2381=EDGE_CURVE('',#1220,#1215,#839,.T.);
#2392=EDGE_CURVE('',#1212,#1224,#856,.T.);
#2394=EDGE_CURVE('',#1204,#1212,#817,.T.);
#2396=EDGE_CURVE('',#1204,#1223,#847,.T.);
#2407=EDGE_CURVE('',#1124,#1172,#910,.T.);
#2410=EDGE_CURVE('',#1122,#1170,#835,.T.);
#2415=EDGE_CURVE('',#1220,#1219,#827,.T.);
#2427=EDGE_CURVE('',#1207,#1215,#865,.T.);
#2440=EDGE_CURVE('',#1204,#1212,#852,.T.);
#2451=EDGE_CURVE('',#1207,#1208,#860,.T.);
#2454=EDGE_CURVE('',#1215,#1216,#869,.T.);
#2456=EDGE_CURVE('',#1208,#1216,#879,.T.);
#2467=EDGE_CURVE('',#1208,#1216,#884,.T.);
#2489=EDGE_CURVE('',#1203,#1204,#888,.T.);
#2491=EDGE_CURVE('',#1203,#1211,#893,.T.);
#2493=EDGE_CURVE('',#1211,#1212,#897,.T.);
#2507=EDGE_CURVE('',#1203,#1211,#902,.T.);
#2564=EDGE_CURVE('',#1028,#1020,#922,.T.);
#2567=EDGE_CURVE('',#1027,#1019,#918,.T.);
#2578=EDGE_CURVE('',#1030,#1022,#926,.T.);
#2591=EDGE_CURVE('',#1032,#1024,#930,.T.);
#2616=EDGE_CURVE('',#1260,#1252,#938,.T.);
#2619=EDGE_CURVE('',#1259,#1251,#934,.T.);
#2630=EDGE_CURVE('',#1262,#1254,#942,.T.);
#2643=EDGE_CURVE('',#1264,#1256,#946,.T.);
#2668=EDGE_CURVE('',#1276,#1268,#954,.T.);
#2671=EDGE_CURVE('',#1275,#1267,#950,.T.);
#2682=EDGE_CURVE('',#1278,#1270,#958,.T.);
#2695=EDGE_CURVE('',#1280,#1272,#962,.T.);
#2719=EDGE_CURVE('',#1227,#1228,#966,.T.);
#2721=EDGE_CURVE('',#1227,#1235,#971,.T.);
#2723=EDGE_CURVE('',#1235,#1236,#975,.T.);
#2737=EDGE_CURVE('',#1227,#1235,#980,.T.);
#2762=TRIMMED_CURVE('A_1',#2761,(PARAMETER_VALUE(0.E0)),(PARAMETER_VALUE(1.E0)),
.T.,.UNSPECIFIED.);
#2768=TRIMMED_CURVE('A_2',#2767,(PARAMETER_VALUE(0.E0)),(PARAMETER_VALUE(1.E0)),
.T.,.UNSPECIFIED.);
#2773=TRIMMED_CURVE('A_3',#2772,(PARAMETER_VALUE(0.E0)),(PARAMETER_VALUE(1.E0)),
.T.,.UNSPECIFIED.);
#2778=TRIMMED_CURVE('A_4',#2777,(PARAMETER_VALUE(0.E0)),(PARAMETER_VALUE(1.E0)),
.T.,.UNSPECIFIED.);
#2783=CIRCLE('',#2782,7.6E-1);
#2784=TRIMMED_CURVE('',#2783,(PARAMETER_VALUE(0.E0)),(PARAMETER_VALUE(1.8E2)),
.T.,.UNSPECIFIED.);
#2785=COMPOSITE_CURVE_SEGMENT(.CONTINUOUS.,.T.,#2784);
#2790=CIRCLE('',#2789,7.6E-1);
#2791=TRIMMED_CURVE('',#2790,(PARAMETER_VALUE(0.E0)),(PARAMETER_VALUE(1.8E2)),
.T.,.UNSPECIFIED.);
#2792=COMPOSITE_CURVE_SEGMENT(.CONTINUOUS.,.T.,#2791);
#2793=COMPOSITE_CURVE('',(#2785,#2792),.F.);
#2798=CIRCLE('',#2797,7.6E-1);
#2799=TRIMMED_CURVE('',#2798,(PARAMETER_VALUE(0.E0)),(PARAMETER_VALUE(1.8E2)),
.T.,.UNSPECIFIED.);
#2800=COMPOSITE_CURVE_SEGMENT(.CONTINUOUS.,.T.,#2799);
#2805=CIRCLE('',#2804,7.6E-1);
#2806=TRIMMED_CURVE('',#2805,(PARAMETER_VALUE(0.E0)),(PARAMETER_VALUE(1.8E2)),
.T.,.UNSPECIFIED.);
#2807=COMPOSITE_CURVE_SEGMENT(.CONTINUOUS.,.T.,#2806);
#2808=COMPOSITE_CURVE('',(#2800,#2807),.F.);
#2813=CIRCLE('',#2812,7.6E-1);
#2814=TRIMMED_CURVE('',#2813,(PARAMETER_VALUE(0.E0)),(PARAMETER_VALUE(1.8E2)),
.T.,.UNSPECIFIED.);
#2815=COMPOSITE_CURVE_SEGMENT(.CONTINUOUS.,.T.,#2814);
#2820=CIRCLE('',#2819,7.6E-1);
#2821=TRIMMED_CURVE('',#2820,(PARAMETER_VALUE(0.E0)),(PARAMETER_VALUE(1.8E2)),
.T.,.UNSPECIFIED.);
#2822=COMPOSITE_CURVE_SEGMENT(.CONTINUOUS.,.T.,#2821);
#2823=COMPOSITE_CURVE('',(#2815,#2822),.F.);
#2828=CIRCLE('',#2827,7.6E-1);
#2829=TRIMMED_CURVE('',#2828,(PARAMETER_VALUE(0.E0)),(PARAMETER_VALUE(1.8E2)),
.T.,.UNSPECIFIED.);
#2830=COMPOSITE_CURVE_SEGMENT(.CONTINUOUS.,.T.,#2829);
#2835=CIRCLE('',#2834,7.6E-1);
#2836=TRIMMED_CURVE('',#2835,(PARAMETER_VALUE(0.E0)),(PARAMETER_VALUE(1.8E2)),
.T.,.UNSPECIFIED.);
#2837=COMPOSITE_CURVE_SEGMENT(.CONTINUOUS.,.T.,#2836);
#2838=COMPOSITE_CURVE('',(#2830,#2837),.F.);
#2839=(LENGTH_UNIT()NAMED_UNIT(*)SI_UNIT(.MILLI.,.METRE.));
#2841=(NAMED_UNIT(*)PLANE_ANGLE_UNIT()SI_UNIT($,.RADIAN.));
#2844=(NAMED_UNIT(*)SI_UNIT($,.STERADIAN.)SOLID_ANGLE_UNIT());
#2847=ADVANCED_BREP_SHAPE_REPRESENTATION('',(#2753),#2846);
#2848=GEOMETRICALLY_BOUNDED_SURFACE_SHAPE_REPRESENTATION('',(#2763),#2846);
#2849=SHAPE_REPRESENTATION('',(#2757),#2846);
#2858=PRODUCT_DEFINITION('design','',#2857,#2854);
#2859=PRODUCT_DEFINITION_SHAPE('','SHAPE FOR 026192041.',#2858);
#2860=SHAPE_DEFINITION_REPRESENTATION(#2859,#2849);
ENDSEC;
END-ISO-10303-21;
