ISO-10303-21;
HEADER;
FILE_DESCRIPTION((''),'2;1');
FILE_NAME('026192111','2014-09-08T',('me'),(''),
'PRO/ENGINEER BY PARAMETRIC TECHNOLOGY CORPORATION, 2011490',
'PRO/ENGINEER BY PARAMETRIC TECHNOLOGY CORPORATION, 2011490','');
FILE_SCHEMA(('CONFIG_CONTROL_DESIGN'));
ENDSEC;
DATA;
#1=DIRECTION('',(0.E0,-1.E0,0.E0));
#2=VECTOR('',#1,5.95E0);
#3=CARTESIAN_POINT('',(1.3335E1,7.535E0,-3.43E0));
#4=LINE('',#3,#2);
#5=DIRECTION('',(0.E0,-1.E0,0.E0));
#6=VECTOR('',#5,5.95E0);
#7=CARTESIAN_POINT('',(2.475E0,7.535E0,-3.43E0));
#8=LINE('',#7,#6);
#9=DIRECTION('',(1.E0,0.E0,0.E0));
#10=VECTOR('',#9,1.02E0);
#11=CARTESIAN_POINT('',(1.455E0,1.585E0,-3.43E0));
#12=LINE('',#11,#10);
#13=DIRECTION('',(0.E0,-1.E0,0.E0));
#14=VECTOR('',#13,5.95E0);
#15=CARTESIAN_POINT('',(1.455E0,7.535E0,-3.43E0));
#16=LINE('',#15,#14);
#17=DIRECTION('',(0.E0,-1.E0,0.E0));
#18=VECTOR('',#17,5.95E0);
#19=CARTESIAN_POINT('',(-9.405E0,7.535E0,-3.43E0));
#20=LINE('',#19,#18);
#21=DIRECTION('',(1.E0,0.E0,0.E0));
#22=VECTOR('',#21,1.02E0);
#23=CARTESIAN_POINT('',(-1.0425E1,1.585E0,-3.43E0));
#24=LINE('',#23,#22);
#25=DIRECTION('',(0.E0,-1.E0,0.E0));
#26=VECTOR('',#25,5.95E0);
#27=CARTESIAN_POINT('',(-1.0425E1,7.535E0,-3.43E0));
#28=LINE('',#27,#26);
#29=DIRECTION('',(1.E0,0.E0,0.E0));
#30=VECTOR('',#29,8.9E-1);
#31=CARTESIAN_POINT('',(-2.1795E1,-1.585E0,-3.43E0));
#32=LINE('',#31,#30);
#33=DIRECTION('',(0.E0,1.E0,0.E0));
#34=VECTOR('',#33,3.8E-1);
#35=CARTESIAN_POINT('',(-2.0905E1,-1.585E0,-3.43E0));
#36=LINE('',#35,#34);
#37=DIRECTION('',(-1.E0,0.E0,0.E0));
#38=VECTOR('',#37,2.18E0);
#39=CARTESIAN_POINT('',(-1.8725E1,-1.205E0,-3.43E0));
#40=LINE('',#39,#38);
#41=DIRECTION('',(0.E0,1.E0,0.E0));
#42=VECTOR('',#41,3.8E-1);
#43=CARTESIAN_POINT('',(-1.8725E1,-1.585E0,-3.43E0));
#44=LINE('',#43,#42);
#45=DIRECTION('',(1.E0,0.E0,0.E0));
#46=VECTOR('',#45,1.78E0);
#47=CARTESIAN_POINT('',(-1.8725E1,-1.585E0,-3.43E0));
#48=LINE('',#47,#46);
#49=DIRECTION('',(0.E0,1.E0,0.E0));
#50=VECTOR('',#49,3.8E-1);
#51=CARTESIAN_POINT('',(-1.6945E1,-1.585E0,-3.43E0));
#52=LINE('',#51,#50);
#53=DIRECTION('',(-1.E0,0.E0,0.E0));
#54=VECTOR('',#53,2.18E0);
#55=CARTESIAN_POINT('',(-1.4765E1,-1.205E0,-3.43E0));
#56=LINE('',#55,#54);
#57=DIRECTION('',(0.E0,1.E0,0.E0));
#58=VECTOR('',#57,3.8E-1);
#59=CARTESIAN_POINT('',(-1.4765E1,-1.585E0,-3.43E0));
#60=LINE('',#59,#58);
#61=DIRECTION('',(1.E0,0.E0,0.E0));
#62=VECTOR('',#61,1.78E0);
#63=CARTESIAN_POINT('',(-1.4765E1,-1.585E0,-3.43E0));
#64=LINE('',#63,#62);
#65=DIRECTION('',(0.E0,1.E0,0.E0));
#66=VECTOR('',#65,3.8E-1);
#67=CARTESIAN_POINT('',(-1.2985E1,-1.585E0,-3.43E0));
#68=LINE('',#67,#66);
#69=DIRECTION('',(-1.E0,0.E0,0.E0));
#70=VECTOR('',#69,2.18E0);
#71=CARTESIAN_POINT('',(-1.0805E1,-1.205E0,-3.43E0));
#72=LINE('',#71,#70);
#73=DIRECTION('',(0.E0,1.E0,0.E0));
#74=VECTOR('',#73,3.8E-1);
#75=CARTESIAN_POINT('',(-1.0805E1,-1.585E0,-3.43E0));
#76=LINE('',#75,#74);
#77=DIRECTION('',(1.E0,0.E0,0.E0));
#78=VECTOR('',#77,1.78E0);
#79=CARTESIAN_POINT('',(-1.0805E1,-1.585E0,-3.43E0));
#80=LINE('',#79,#78);
#81=DIRECTION('',(0.E0,1.E0,0.E0));
#82=VECTOR('',#81,3.8E-1);
#83=CARTESIAN_POINT('',(-9.025E0,-1.585E0,-3.43E0));
#84=LINE('',#83,#82);
#85=DIRECTION('',(-1.E0,0.E0,0.E0));
#86=VECTOR('',#85,2.18E0);
#87=CARTESIAN_POINT('',(-6.845E0,-1.205E0,-3.43E0));
#88=LINE('',#87,#86);
#89=DIRECTION('',(0.E0,1.E0,0.E0));
#90=VECTOR('',#89,3.8E-1);
#91=CARTESIAN_POINT('',(-6.845E0,-1.585E0,-3.43E0));
#92=LINE('',#91,#90);
#93=DIRECTION('',(1.E0,0.E0,0.E0));
#94=VECTOR('',#93,1.78E0);
#95=CARTESIAN_POINT('',(-6.845E0,-1.585E0,-3.43E0));
#96=LINE('',#95,#94);
#97=DIRECTION('',(0.E0,1.E0,0.E0));
#98=VECTOR('',#97,3.8E-1);
#99=CARTESIAN_POINT('',(-5.065E0,-1.585E0,-3.43E0));
#100=LINE('',#99,#98);
#101=DIRECTION('',(-1.E0,0.E0,0.E0));
#102=VECTOR('',#101,2.18E0);
#103=CARTESIAN_POINT('',(-2.885E0,-1.205E0,-3.43E0));
#104=LINE('',#103,#102);
#105=DIRECTION('',(0.E0,1.E0,0.E0));
#106=VECTOR('',#105,3.8E-1);
#107=CARTESIAN_POINT('',(-2.885E0,-1.585E0,-3.43E0));
#108=LINE('',#107,#106);
#109=DIRECTION('',(1.E0,0.E0,0.E0));
#110=VECTOR('',#109,1.78E0);
#111=CARTESIAN_POINT('',(-2.885E0,-1.585E0,-3.43E0));
#112=LINE('',#111,#110);
#113=DIRECTION('',(0.E0,1.E0,0.E0));
#114=VECTOR('',#113,3.8E-1);
#115=CARTESIAN_POINT('',(-1.105E0,-1.585E0,-3.43E0));
#116=LINE('',#115,#114);
#117=DIRECTION('',(-1.E0,0.E0,0.E0));
#118=VECTOR('',#117,2.18E0);
#119=CARTESIAN_POINT('',(1.075E0,-1.205E0,-3.43E0));
#120=LINE('',#119,#118);
#121=DIRECTION('',(0.E0,1.E0,0.E0));
#122=VECTOR('',#121,3.8E-1);
#123=CARTESIAN_POINT('',(1.075E0,-1.585E0,-3.43E0));
#124=LINE('',#123,#122);
#125=DIRECTION('',(1.E0,0.E0,0.E0));
#126=VECTOR('',#125,1.78E0);
#127=CARTESIAN_POINT('',(1.075E0,-1.585E0,-3.43E0));
#128=LINE('',#127,#126);
#129=DIRECTION('',(0.E0,1.E0,0.E0));
#130=VECTOR('',#129,3.8E-1);
#131=CARTESIAN_POINT('',(2.855E0,-1.585E0,-3.43E0));
#132=LINE('',#131,#130);
#133=DIRECTION('',(-1.E0,0.E0,0.E0));
#134=VECTOR('',#133,2.18E0);
#135=CARTESIAN_POINT('',(5.035E0,-1.205E0,-3.43E0));
#136=LINE('',#135,#134);
#137=DIRECTION('',(0.E0,1.E0,0.E0));
#138=VECTOR('',#137,3.8E-1);
#139=CARTESIAN_POINT('',(5.035E0,-1.585E0,-3.43E0));
#140=LINE('',#139,#138);
#141=DIRECTION('',(1.E0,0.E0,0.E0));
#142=VECTOR('',#141,1.78E0);
#143=CARTESIAN_POINT('',(5.035E0,-1.585E0,-3.43E0));
#144=LINE('',#143,#142);
#145=DIRECTION('',(0.E0,1.E0,0.E0));
#146=VECTOR('',#145,3.8E-1);
#147=CARTESIAN_POINT('',(6.815E0,-1.585E0,-3.43E0));
#148=LINE('',#147,#146);
#149=DIRECTION('',(-1.E0,0.E0,0.E0));
#150=VECTOR('',#149,2.18E0);
#151=CARTESIAN_POINT('',(8.995E0,-1.205E0,-3.43E0));
#152=LINE('',#151,#150);
#153=DIRECTION('',(0.E0,1.E0,0.E0));
#154=VECTOR('',#153,3.8E-1);
#155=CARTESIAN_POINT('',(8.995E0,-1.585E0,-3.43E0));
#156=LINE('',#155,#154);
#157=DIRECTION('',(1.E0,0.E0,0.E0));
#158=VECTOR('',#157,1.78E0);
#159=CARTESIAN_POINT('',(8.995E0,-1.585E0,-3.43E0));
#160=LINE('',#159,#158);
#161=DIRECTION('',(0.E0,1.E0,0.E0));
#162=VECTOR('',#161,3.8E-1);
#163=CARTESIAN_POINT('',(1.0775E1,-1.585E0,-3.43E0));
#164=LINE('',#163,#162);
#165=DIRECTION('',(-1.E0,0.E0,0.E0));
#166=VECTOR('',#165,2.18E0);
#167=CARTESIAN_POINT('',(1.2955E1,-1.205E0,-3.43E0));
#168=LINE('',#167,#166);
#169=DIRECTION('',(0.E0,1.E0,0.E0));
#170=VECTOR('',#169,3.8E-1);
#171=CARTESIAN_POINT('',(1.2955E1,-1.585E0,-3.43E0));
#172=LINE('',#171,#170);
#173=DIRECTION('',(1.E0,0.E0,0.E0));
#174=VECTOR('',#173,1.78E0);
#175=CARTESIAN_POINT('',(1.2955E1,-1.585E0,-3.43E0));
#176=LINE('',#175,#174);
#177=DIRECTION('',(0.E0,1.E0,0.E0));
#178=VECTOR('',#177,3.8E-1);
#179=CARTESIAN_POINT('',(1.4735E1,-1.585E0,-3.43E0));
#180=LINE('',#179,#178);
#181=DIRECTION('',(-1.E0,0.E0,0.E0));
#182=VECTOR('',#181,2.18E0);
#183=CARTESIAN_POINT('',(1.6915E1,-1.205E0,-3.43E0));
#184=LINE('',#183,#182);
#185=DIRECTION('',(0.E0,1.E0,0.E0));
#186=VECTOR('',#185,3.8E-1);
#187=CARTESIAN_POINT('',(1.6915E1,-1.585E0,-3.43E0));
#188=LINE('',#187,#186);
#189=DIRECTION('',(1.E0,0.E0,0.E0));
#190=VECTOR('',#189,1.78E0);
#191=CARTESIAN_POINT('',(1.6915E1,-1.585E0,-3.43E0));
#192=LINE('',#191,#190);
#193=DIRECTION('',(0.E0,1.E0,0.E0));
#194=VECTOR('',#193,3.8E-1);
#195=CARTESIAN_POINT('',(1.8695E1,-1.585E0,-3.43E0));
#196=LINE('',#195,#194);
#197=DIRECTION('',(-1.E0,0.E0,0.E0));
#198=VECTOR('',#197,2.18E0);
#199=CARTESIAN_POINT('',(2.0875E1,-1.205E0,-3.43E0));
#200=LINE('',#199,#198);
#201=DIRECTION('',(0.E0,1.E0,0.E0));
#202=VECTOR('',#201,3.8E-1);
#203=CARTESIAN_POINT('',(2.0875E1,-1.585E0,-3.43E0));
#204=LINE('',#203,#202);
#205=DIRECTION('',(1.E0,0.E0,0.E0));
#206=VECTOR('',#205,9.2E-1);
#207=CARTESIAN_POINT('',(2.0875E1,-1.585E0,-3.43E0));
#208=LINE('',#207,#206);
#209=DIRECTION('',(0.E0,1.E0,0.E0));
#210=VECTOR('',#209,9.12E0);
#211=CARTESIAN_POINT('',(2.1795E1,-1.585E0,-3.43E0));
#212=LINE('',#211,#210);
#213=DIRECTION('',(0.E0,-1.E0,0.E0));
#214=VECTOR('',#213,5.95E0);
#215=CARTESIAN_POINT('',(1.4355E1,7.535E0,-3.43E0));
#216=LINE('',#215,#214);
#217=DIRECTION('',(1.E0,0.E0,0.E0));
#218=VECTOR('',#217,1.02E0);
#219=CARTESIAN_POINT('',(1.3335E1,1.585E0,-3.43E0));
#220=LINE('',#219,#218);
#221=DIRECTION('',(-1.E0,0.E0,0.E0));
#222=VECTOR('',#221,9.2E-1);
#223=CARTESIAN_POINT('',(2.1795E1,1.585E0,-2.45E0));
#224=LINE('',#223,#222);
#225=DIRECTION('',(0.E0,0.E0,1.E0));
#226=VECTOR('',#225,5.92E0);
#227=CARTESIAN_POINT('',(2.1795E1,1.585E0,-2.45E0));
#228=LINE('',#227,#226);
#229=DIRECTION('',(0.E0,0.E0,1.E0));
#230=VECTOR('',#229,5.92E0);
#231=CARTESIAN_POINT('',(2.0875E1,1.585E0,-2.45E0));
#232=LINE('',#231,#230);
#233=DIRECTION('',(-1.E0,0.E0,0.E0));
#234=VECTOR('',#233,8.9E-1);
#235=CARTESIAN_POINT('',(-2.0905E1,1.585E0,-2.45E0));
#236=LINE('',#235,#234);
#237=DIRECTION('',(0.E0,0.E0,1.E0));
#238=VECTOR('',#237,5.92E0);
#239=CARTESIAN_POINT('',(-2.0905E1,1.585E0,-2.45E0));
#240=LINE('',#239,#238);
#241=DIRECTION('',(-1.E0,0.E0,0.E0));
#242=VECTOR('',#241,1.78E0);
#243=CARTESIAN_POINT('',(1.8695E1,1.585E0,-2.45E0));
#244=LINE('',#243,#242);
#245=DIRECTION('',(0.E0,0.E0,1.E0));
#246=VECTOR('',#245,5.92E0);
#247=CARTESIAN_POINT('',(1.8695E1,1.585E0,-2.45E0));
#248=LINE('',#247,#246);
#249=DIRECTION('',(0.E0,0.E0,1.E0));
#250=VECTOR('',#249,5.92E0);
#251=CARTESIAN_POINT('',(1.6915E1,1.585E0,-2.45E0));
#252=LINE('',#251,#250);
#253=DIRECTION('',(0.E0,0.E0,1.E0));
#254=VECTOR('',#253,5.92E0);
#255=CARTESIAN_POINT('',(-1.8725E1,1.585E0,-2.45E0));
#256=LINE('',#255,#254);
#257=DIRECTION('',(-1.E0,0.E0,0.E0));
#258=VECTOR('',#257,1.78E0);
#259=CARTESIAN_POINT('',(-1.6945E1,1.585E0,-2.45E0));
#260=LINE('',#259,#258);
#261=DIRECTION('',(0.E0,0.E0,1.E0));
#262=VECTOR('',#261,5.92E0);
#263=CARTESIAN_POINT('',(-1.6945E1,1.585E0,-2.45E0));
#264=LINE('',#263,#262);
#265=DIRECTION('',(-1.E0,0.E0,0.E0));
#266=VECTOR('',#265,1.78E0);
#267=CARTESIAN_POINT('',(1.0775E1,1.585E0,-2.45E0));
#268=LINE('',#267,#266);
#269=DIRECTION('',(0.E0,0.E0,1.E0));
#270=VECTOR('',#269,5.92E0);
#271=CARTESIAN_POINT('',(1.0775E1,1.585E0,-2.45E0));
#272=LINE('',#271,#270);
#273=DIRECTION('',(0.E0,0.E0,1.E0));
#274=VECTOR('',#273,5.92E0);
#275=CARTESIAN_POINT('',(8.995E0,1.585E0,-2.45E0));
#276=LINE('',#275,#274);
#277=DIRECTION('',(-1.E0,0.E0,0.E0));
#278=VECTOR('',#277,1.78E0);
#279=CARTESIAN_POINT('',(6.815E0,1.585E0,-2.45E0));
#280=LINE('',#279,#278);
#281=DIRECTION('',(0.E0,0.E0,1.E0));
#282=VECTOR('',#281,5.92E0);
#283=CARTESIAN_POINT('',(6.815E0,1.585E0,-2.45E0));
#284=LINE('',#283,#282);
#285=DIRECTION('',(0.E0,0.E0,1.E0));
#286=VECTOR('',#285,5.92E0);
#287=CARTESIAN_POINT('',(5.035E0,1.585E0,-2.45E0));
#288=LINE('',#287,#286);
#289=DIRECTION('',(0.E0,0.E0,1.E0));
#290=VECTOR('',#289,5.92E0);
#291=CARTESIAN_POINT('',(-1.4765E1,1.585E0,-2.45E0));
#292=LINE('',#291,#290);
#293=DIRECTION('',(-1.E0,0.E0,0.E0));
#294=VECTOR('',#293,1.78E0);
#295=CARTESIAN_POINT('',(-1.2985E1,1.585E0,-2.45E0));
#296=LINE('',#295,#294);
#297=DIRECTION('',(0.E0,0.E0,1.E0));
#298=VECTOR('',#297,5.92E0);
#299=CARTESIAN_POINT('',(-1.2985E1,1.585E0,-2.45E0));
#300=LINE('',#299,#298);
#301=DIRECTION('',(0.E0,0.E0,1.E0));
#302=VECTOR('',#301,5.92E0);
#303=CARTESIAN_POINT('',(-6.845E0,1.585E0,-2.45E0));
#304=LINE('',#303,#302);
#305=DIRECTION('',(-1.E0,0.E0,0.E0));
#306=VECTOR('',#305,1.78E0);
#307=CARTESIAN_POINT('',(-5.065E0,1.585E0,-2.45E0));
#308=LINE('',#307,#306);
#309=DIRECTION('',(0.E0,0.E0,1.E0));
#310=VECTOR('',#309,5.92E0);
#311=CARTESIAN_POINT('',(-5.065E0,1.585E0,-2.45E0));
#312=LINE('',#311,#310);
#313=DIRECTION('',(0.E0,0.E0,1.E0));
#314=VECTOR('',#313,5.92E0);
#315=CARTESIAN_POINT('',(-2.885E0,1.585E0,-2.45E0));
#316=LINE('',#315,#314);
#317=DIRECTION('',(-1.E0,0.E0,0.E0));
#318=VECTOR('',#317,1.78E0);
#319=CARTESIAN_POINT('',(-1.105E0,1.585E0,-2.45E0));
#320=LINE('',#319,#318);
#321=DIRECTION('',(0.E0,0.E0,1.E0));
#322=VECTOR('',#321,5.92E0);
#323=CARTESIAN_POINT('',(-1.105E0,1.585E0,-2.45E0));
#324=LINE('',#323,#322);
#325=DIRECTION('',(0.E0,0.E0,1.E0));
#326=VECTOR('',#325,3.E0);
#327=CARTESIAN_POINT('',(-1.8345E1,1.585E0,-1.5E0));
#328=LINE('',#327,#326);
#329=DIRECTION('',(1.E0,0.E0,0.E0));
#330=VECTOR('',#329,1.02E0);
#331=CARTESIAN_POINT('',(-1.8345E1,1.585E0,1.5E0));
#332=LINE('',#331,#330);
#333=DIRECTION('',(0.E0,0.E0,-1.E0));
#334=VECTOR('',#333,3.E0);
#335=CARTESIAN_POINT('',(-1.7325E1,1.585E0,1.5E0));
#336=LINE('',#335,#334);
#337=DIRECTION('',(-1.E0,0.E0,0.E0));
#338=VECTOR('',#337,1.02E0);
#339=CARTESIAN_POINT('',(-1.7325E1,1.585E0,-1.5E0));
#340=LINE('',#339,#338);
#341=DIRECTION('',(0.E0,0.E0,1.E0));
#342=VECTOR('',#341,3.E0);
#343=CARTESIAN_POINT('',(-1.4385E1,1.585E0,-1.5E0));
#344=LINE('',#343,#342);
#345=DIRECTION('',(1.E0,0.E0,0.E0));
#346=VECTOR('',#345,1.02E0);
#347=CARTESIAN_POINT('',(-1.4385E1,1.585E0,1.5E0));
#348=LINE('',#347,#346);
#349=DIRECTION('',(0.E0,0.E0,-1.E0));
#350=VECTOR('',#349,3.E0);
#351=CARTESIAN_POINT('',(-1.3365E1,1.585E0,1.5E0));
#352=LINE('',#351,#350);
#353=DIRECTION('',(-1.E0,0.E0,0.E0));
#354=VECTOR('',#353,1.02E0);
#355=CARTESIAN_POINT('',(-1.3365E1,1.585E0,-1.5E0));
#356=LINE('',#355,#354);
#357=DIRECTION('',(0.E0,0.E0,1.E0));
#358=VECTOR('',#357,3.E0);
#359=CARTESIAN_POINT('',(-1.0425E1,1.585E0,-1.5E0));
#360=LINE('',#359,#358);
#361=DIRECTION('',(1.E0,0.E0,0.E0));
#362=VECTOR('',#361,1.02E0);
#363=CARTESIAN_POINT('',(-1.0425E1,1.585E0,1.5E0));
#364=LINE('',#363,#362);
#365=DIRECTION('',(0.E0,0.E0,-1.E0));
#366=VECTOR('',#365,3.E0);
#367=CARTESIAN_POINT('',(-9.405E0,1.585E0,1.5E0));
#368=LINE('',#367,#366);
#369=DIRECTION('',(-1.E0,0.E0,0.E0));
#370=VECTOR('',#369,1.02E0);
#371=CARTESIAN_POINT('',(-9.405E0,1.585E0,-1.5E0));
#372=LINE('',#371,#370);
#373=DIRECTION('',(0.E0,0.E0,1.E0));
#374=VECTOR('',#373,3.E0);
#375=CARTESIAN_POINT('',(-6.465E0,1.585E0,-1.5E0));
#376=LINE('',#375,#374);
#377=DIRECTION('',(1.E0,0.E0,0.E0));
#378=VECTOR('',#377,1.02E0);
#379=CARTESIAN_POINT('',(-6.465E0,1.585E0,1.5E0));
#380=LINE('',#379,#378);
#381=DIRECTION('',(0.E0,0.E0,-1.E0));
#382=VECTOR('',#381,3.E0);
#383=CARTESIAN_POINT('',(-5.445E0,1.585E0,1.5E0));
#384=LINE('',#383,#382);
#385=DIRECTION('',(-1.E0,0.E0,0.E0));
#386=VECTOR('',#385,1.02E0);
#387=CARTESIAN_POINT('',(-5.445E0,1.585E0,-1.5E0));
#388=LINE('',#387,#386);
#389=DIRECTION('',(0.E0,0.E0,1.E0));
#390=VECTOR('',#389,3.E0);
#391=CARTESIAN_POINT('',(-2.505E0,1.585E0,-1.5E0));
#392=LINE('',#391,#390);
#393=DIRECTION('',(1.E0,0.E0,0.E0));
#394=VECTOR('',#393,1.02E0);
#395=CARTESIAN_POINT('',(-2.505E0,1.585E0,1.5E0));
#396=LINE('',#395,#394);
#397=DIRECTION('',(0.E0,0.E0,-1.E0));
#398=VECTOR('',#397,3.E0);
#399=CARTESIAN_POINT('',(-1.485E0,1.585E0,1.5E0));
#400=LINE('',#399,#398);
#401=DIRECTION('',(-1.E0,0.E0,0.E0));
#402=VECTOR('',#401,1.02E0);
#403=CARTESIAN_POINT('',(-1.485E0,1.585E0,-1.5E0));
#404=LINE('',#403,#402);
#405=DIRECTION('',(0.E0,0.E0,1.E0));
#406=VECTOR('',#405,3.E0);
#407=CARTESIAN_POINT('',(1.455E0,1.585E0,-1.5E0));
#408=LINE('',#407,#406);
#409=DIRECTION('',(1.E0,0.E0,0.E0));
#410=VECTOR('',#409,1.02E0);
#411=CARTESIAN_POINT('',(1.455E0,1.585E0,1.5E0));
#412=LINE('',#411,#410);
#413=DIRECTION('',(0.E0,0.E0,-1.E0));
#414=VECTOR('',#413,3.E0);
#415=CARTESIAN_POINT('',(2.475E0,1.585E0,1.5E0));
#416=LINE('',#415,#414);
#417=DIRECTION('',(-1.E0,0.E0,0.E0));
#418=VECTOR('',#417,1.02E0);
#419=CARTESIAN_POINT('',(2.475E0,1.585E0,-1.5E0));
#420=LINE('',#419,#418);
#421=DIRECTION('',(0.E0,0.E0,1.E0));
#422=VECTOR('',#421,3.E0);
#423=CARTESIAN_POINT('',(5.415E0,1.585E0,-1.5E0));
#424=LINE('',#423,#422);
#425=DIRECTION('',(1.E0,0.E0,0.E0));
#426=VECTOR('',#425,1.02E0);
#427=CARTESIAN_POINT('',(5.415E0,1.585E0,1.5E0));
#428=LINE('',#427,#426);
#429=DIRECTION('',(0.E0,0.E0,-1.E0));
#430=VECTOR('',#429,3.E0);
#431=CARTESIAN_POINT('',(6.435E0,1.585E0,1.5E0));
#432=LINE('',#431,#430);
#433=DIRECTION('',(-1.E0,0.E0,0.E0));
#434=VECTOR('',#433,1.02E0);
#435=CARTESIAN_POINT('',(6.435E0,1.585E0,-1.5E0));
#436=LINE('',#435,#434);
#437=DIRECTION('',(0.E0,0.E0,1.E0));
#438=VECTOR('',#437,3.E0);
#439=CARTESIAN_POINT('',(9.375E0,1.585E0,-1.5E0));
#440=LINE('',#439,#438);
#441=DIRECTION('',(1.E0,0.E0,0.E0));
#442=VECTOR('',#441,1.02E0);
#443=CARTESIAN_POINT('',(9.375E0,1.585E0,1.5E0));
#444=LINE('',#443,#442);
#445=DIRECTION('',(0.E0,0.E0,-1.E0));
#446=VECTOR('',#445,3.E0);
#447=CARTESIAN_POINT('',(1.0395E1,1.585E0,1.5E0));
#448=LINE('',#447,#446);
#449=DIRECTION('',(-1.E0,0.E0,0.E0));
#450=VECTOR('',#449,1.02E0);
#451=CARTESIAN_POINT('',(1.0395E1,1.585E0,-1.5E0));
#452=LINE('',#451,#450);
#453=DIRECTION('',(0.E0,0.E0,1.E0));
#454=VECTOR('',#453,3.E0);
#455=CARTESIAN_POINT('',(1.3335E1,1.585E0,-1.5E0));
#456=LINE('',#455,#454);
#457=DIRECTION('',(1.E0,0.E0,0.E0));
#458=VECTOR('',#457,1.02E0);
#459=CARTESIAN_POINT('',(1.3335E1,1.585E0,1.5E0));
#460=LINE('',#459,#458);
#461=DIRECTION('',(0.E0,0.E0,-1.E0));
#462=VECTOR('',#461,3.E0);
#463=CARTESIAN_POINT('',(1.4355E1,1.585E0,1.5E0));
#464=LINE('',#463,#462);
#465=DIRECTION('',(-1.E0,0.E0,0.E0));
#466=VECTOR('',#465,1.02E0);
#467=CARTESIAN_POINT('',(1.4355E1,1.585E0,-1.5E0));
#468=LINE('',#467,#466);
#469=DIRECTION('',(0.E0,0.E0,1.E0));
#470=VECTOR('',#469,3.E0);
#471=CARTESIAN_POINT('',(1.7295E1,1.585E0,-1.5E0));
#472=LINE('',#471,#470);
#473=DIRECTION('',(1.E0,0.E0,0.E0));
#474=VECTOR('',#473,1.02E0);
#475=CARTESIAN_POINT('',(1.7295E1,1.585E0,1.5E0));
#476=LINE('',#475,#474);
#477=DIRECTION('',(0.E0,0.E0,-1.E0));
#478=VECTOR('',#477,3.E0);
#479=CARTESIAN_POINT('',(1.8315E1,1.585E0,1.5E0));
#480=LINE('',#479,#478);
#481=DIRECTION('',(-1.E0,0.E0,0.E0));
#482=VECTOR('',#481,1.02E0);
#483=CARTESIAN_POINT('',(1.8315E1,1.585E0,-1.5E0));
#484=LINE('',#483,#482);
#485=DIRECTION('',(-1.E0,0.E0,0.E0));
#486=VECTOR('',#485,3.8E-1);
#487=CARTESIAN_POINT('',(-1.0425E1,1.585E0,-2.45E0));
#488=LINE('',#487,#486);
#489=DIRECTION('',(0.E0,0.E0,-1.E0));
#490=VECTOR('',#489,9.8E-1);
#491=CARTESIAN_POINT('',(-1.0425E1,1.585E0,-2.45E0));
#492=LINE('',#491,#490);
#493=DIRECTION('',(-1.E0,0.E0,0.E0));
#494=VECTOR('',#493,3.8E-1);
#495=CARTESIAN_POINT('',(-9.025E0,1.585E0,-2.45E0));
#496=LINE('',#495,#494);
#497=DIRECTION('',(0.E0,0.E0,1.E0));
#498=VECTOR('',#497,5.92E0);
#499=CARTESIAN_POINT('',(-9.025E0,1.585E0,-2.45E0));
#500=LINE('',#499,#498);
#501=DIRECTION('',(0.E0,0.E0,1.E0));
#502=VECTOR('',#501,5.92E0);
#503=CARTESIAN_POINT('',(-1.0805E1,1.585E0,-2.45E0));
#504=LINE('',#503,#502);
#505=DIRECTION('',(-1.E0,0.E0,0.E0));
#506=VECTOR('',#505,3.8E-1);
#507=CARTESIAN_POINT('',(1.455E0,1.585E0,-2.45E0));
#508=LINE('',#507,#506);
#509=DIRECTION('',(0.E0,0.E0,-1.E0));
#510=VECTOR('',#509,9.8E-1);
#511=CARTESIAN_POINT('',(1.455E0,1.585E0,-2.45E0));
#512=LINE('',#511,#510);
#513=DIRECTION('',(-1.E0,0.E0,0.E0));
#514=VECTOR('',#513,3.8E-1);
#515=CARTESIAN_POINT('',(2.855E0,1.585E0,-2.45E0));
#516=LINE('',#515,#514);
#517=DIRECTION('',(0.E0,0.E0,1.E0));
#518=VECTOR('',#517,5.92E0);
#519=CARTESIAN_POINT('',(2.855E0,1.585E0,-2.45E0));
#520=LINE('',#519,#518);
#521=DIRECTION('',(0.E0,0.E0,1.E0));
#522=VECTOR('',#521,5.92E0);
#523=CARTESIAN_POINT('',(1.075E0,1.585E0,-2.45E0));
#524=LINE('',#523,#522);
#525=DIRECTION('',(-1.E0,0.E0,0.E0));
#526=VECTOR('',#525,3.8E-1);
#527=CARTESIAN_POINT('',(1.3335E1,1.585E0,-2.45E0));
#528=LINE('',#527,#526);
#529=DIRECTION('',(0.E0,0.E0,-1.E0));
#530=VECTOR('',#529,9.8E-1);
#531=CARTESIAN_POINT('',(1.3335E1,1.585E0,-2.45E0));
#532=LINE('',#531,#530);
#533=DIRECTION('',(-1.E0,0.E0,0.E0));
#534=VECTOR('',#533,3.8E-1);
#535=CARTESIAN_POINT('',(1.4735E1,1.585E0,-2.45E0));
#536=LINE('',#535,#534);
#537=DIRECTION('',(0.E0,0.E0,1.E0));
#538=VECTOR('',#537,5.92E0);
#539=CARTESIAN_POINT('',(1.4735E1,1.585E0,-2.45E0));
#540=LINE('',#539,#538);
#541=DIRECTION('',(0.E0,0.E0,1.E0));
#542=VECTOR('',#541,5.92E0);
#543=CARTESIAN_POINT('',(1.2955E1,1.585E0,-2.45E0));
#544=LINE('',#543,#542);
#545=DIRECTION('',(0.E0,-1.E0,0.E0));
#546=VECTOR('',#545,5.291820693124E0);
#547=CARTESIAN_POINT('',(-1.0425E1,6.876820693124E0,-2.45E0));
#548=LINE('',#547,#546);
#549=DIRECTION('',(1.E0,0.E0,0.E0));
#550=VECTOR('',#549,1.137E1);
#551=CARTESIAN_POINT('',(-2.1795E1,6.876820693124E0,-2.45E0));
#552=LINE('',#551,#550);
#553=DIRECTION('',(0.E0,-1.E0,0.E0));
#554=VECTOR('',#553,5.291820693124E0);
#555=CARTESIAN_POINT('',(1.455E0,6.876820693124E0,-2.45E0));
#556=LINE('',#555,#554);
#557=DIRECTION('',(0.E0,-1.E0,0.E0));
#558=VECTOR('',#557,5.291820693124E0);
#559=CARTESIAN_POINT('',(-9.405E0,6.876820693124E0,-2.45E0));
#560=LINE('',#559,#558);
#561=DIRECTION('',(1.E0,0.E0,0.E0));
#562=VECTOR('',#561,1.086E1);
#563=CARTESIAN_POINT('',(-9.405E0,6.876820693124E0,-2.45E0));
#564=LINE('',#563,#562);
#565=DIRECTION('',(0.E0,-1.E0,0.E0));
#566=VECTOR('',#565,5.291820693124E0);
#567=CARTESIAN_POINT('',(1.3335E1,6.876820693124E0,-2.45E0));
#568=LINE('',#567,#566);
#569=DIRECTION('',(0.E0,-1.E0,0.E0));
#570=VECTOR('',#569,5.291820693124E0);
#571=CARTESIAN_POINT('',(2.475E0,6.876820693124E0,-2.45E0));
#572=LINE('',#571,#570);
#573=DIRECTION('',(1.E0,0.E0,0.E0));
#574=VECTOR('',#573,1.086E1);
#575=CARTESIAN_POINT('',(2.475E0,6.876820693124E0,-2.45E0));
#576=LINE('',#575,#574);
#577=DIRECTION('',(0.E0,-1.E0,0.E0));
#578=VECTOR('',#577,5.291820693124E0);
#579=CARTESIAN_POINT('',(1.4355E1,6.876820693124E0,-2.45E0));
#580=LINE('',#579,#578);
#581=DIRECTION('',(1.E0,0.E0,0.E0));
#582=VECTOR('',#581,7.44E0);
#583=CARTESIAN_POINT('',(1.4355E1,6.876820693124E0,-2.45E0));
#584=LINE('',#583,#582);
#585=DIRECTION('',(0.E0,-8.660254037844E-1,5.E-1));
#586=VECTOR('',#585,7.6E-1);
#587=CARTESIAN_POINT('',(-1.0425E1,7.535E0,-2.83E0));
#588=LINE('',#587,#586);
#589=DIRECTION('',(1.E0,0.E0,0.E0));
#590=VECTOR('',#589,1.137E1);
#591=CARTESIAN_POINT('',(-2.1795E1,7.535E0,-2.83E0));
#592=LINE('',#591,#590);
#593=DIRECTION('',(0.E0,-8.660254037844E-1,5.E-1));
#594=VECTOR('',#593,7.6E-1);
#595=CARTESIAN_POINT('',(1.455E0,7.535E0,-2.83E0));
#596=LINE('',#595,#594);
#597=DIRECTION('',(0.E0,-8.660254037844E-1,5.E-1));
#598=VECTOR('',#597,7.6E-1);
#599=CARTESIAN_POINT('',(-9.405E0,7.535E0,-2.83E0));
#600=LINE('',#599,#598);
#601=DIRECTION('',(1.E0,0.E0,0.E0));
#602=VECTOR('',#601,1.086E1);
#603=CARTESIAN_POINT('',(-9.405E0,7.535E0,-2.83E0));
#604=LINE('',#603,#602);
#605=DIRECTION('',(0.E0,-8.660254037844E-1,5.E-1));
#606=VECTOR('',#605,7.6E-1);
#607=CARTESIAN_POINT('',(1.3335E1,7.535E0,-2.83E0));
#608=LINE('',#607,#606);
#609=DIRECTION('',(0.E0,-8.660254037844E-1,5.E-1));
#610=VECTOR('',#609,7.6E-1);
#611=CARTESIAN_POINT('',(2.475E0,7.535E0,-2.83E0));
#612=LINE('',#611,#610);
#613=DIRECTION('',(1.E0,0.E0,0.E0));
#614=VECTOR('',#613,1.086E1);
#615=CARTESIAN_POINT('',(2.475E0,7.535E0,-2.83E0));
#616=LINE('',#615,#614);
#617=DIRECTION('',(0.E0,-8.660254037844E-1,5.E-1));
#618=VECTOR('',#617,7.6E-1);
#619=CARTESIAN_POINT('',(1.4355E1,7.535E0,-2.83E0));
#620=LINE('',#619,#618);
#621=DIRECTION('',(1.E0,0.E0,0.E0));
#622=VECTOR('',#621,7.44E0);
#623=CARTESIAN_POINT('',(1.4355E1,7.535E0,-2.83E0));
#624=LINE('',#623,#622);
#625=DIRECTION('',(0.E0,1.E0,0.E0));
#626=VECTOR('',#625,9.12E0);
#627=CARTESIAN_POINT('',(-2.1795E1,-1.585E0,-3.43E0));
#628=LINE('',#627,#626);
#629=DIRECTION('',(0.E0,0.E0,-1.E0));
#630=VECTOR('',#629,6.E-1);
#631=CARTESIAN_POINT('',(-2.1795E1,7.535E0,-2.83E0));
#632=LINE('',#631,#630);
#633=DIRECTION('',(0.E0,8.660254037844E-1,-5.E-1));
#634=VECTOR('',#633,7.6E-1);
#635=CARTESIAN_POINT('',(-2.1795E1,6.876820693124E0,-2.45E0));
#636=LINE('',#635,#634);
#637=DIRECTION('',(0.E0,-1.E0,0.E0));
#638=VECTOR('',#637,5.291820693124E0);
#639=CARTESIAN_POINT('',(-2.1795E1,6.876820693124E0,-2.45E0));
#640=LINE('',#639,#638);
#641=DIRECTION('',(0.E0,0.E0,1.E0));
#642=VECTOR('',#641,5.92E0);
#643=CARTESIAN_POINT('',(-2.1795E1,1.585E0,-2.45E0));
#644=LINE('',#643,#642);
#645=DIRECTION('',(0.E0,0.E0,1.E0));
#646=VECTOR('',#645,6.E-1);
#647=CARTESIAN_POINT('',(-1.0425E1,7.535E0,-3.43E0));
#648=LINE('',#647,#646);
#649=DIRECTION('',(1.E0,0.E0,0.E0));
#650=VECTOR('',#649,1.137E1);
#651=CARTESIAN_POINT('',(-2.1795E1,7.535E0,-3.43E0));
#652=LINE('',#651,#650);
#653=DIRECTION('',(0.E0,0.E0,1.E0));
#654=VECTOR('',#653,6.E-1);
#655=CARTESIAN_POINT('',(1.455E0,7.535E0,-3.43E0));
#656=LINE('',#655,#654);
#657=DIRECTION('',(0.E0,0.E0,1.E0));
#658=VECTOR('',#657,6.E-1);
#659=CARTESIAN_POINT('',(-9.405E0,7.535E0,-3.43E0));
#660=LINE('',#659,#658);
#661=DIRECTION('',(1.E0,0.E0,0.E0));
#662=VECTOR('',#661,1.086E1);
#663=CARTESIAN_POINT('',(-9.405E0,7.535E0,-3.43E0));
#664=LINE('',#663,#662);
#665=DIRECTION('',(0.E0,0.E0,1.E0));
#666=VECTOR('',#665,6.E-1);
#667=CARTESIAN_POINT('',(1.3335E1,7.535E0,-3.43E0));
#668=LINE('',#667,#666);
#669=DIRECTION('',(0.E0,0.E0,1.E0));
#670=VECTOR('',#669,6.E-1);
#671=CARTESIAN_POINT('',(2.475E0,7.535E0,-3.43E0));
#672=LINE('',#671,#670);
#673=DIRECTION('',(1.E0,0.E0,0.E0));
#674=VECTOR('',#673,1.086E1);
#675=CARTESIAN_POINT('',(2.475E0,7.535E0,-3.43E0));
#676=LINE('',#675,#674);
#677=DIRECTION('',(0.E0,0.E0,1.E0));
#678=VECTOR('',#677,6.E-1);
#679=CARTESIAN_POINT('',(1.4355E1,7.535E0,-3.43E0));
#680=LINE('',#679,#678);
#681=DIRECTION('',(1.E0,0.E0,0.E0));
#682=VECTOR('',#681,7.44E0);
#683=CARTESIAN_POINT('',(1.4355E1,7.535E0,-3.43E0));
#684=LINE('',#683,#682);
#685=DIRECTION('',(0.E0,0.E0,-1.E0));
#686=VECTOR('',#685,9.8E-1);
#687=CARTESIAN_POINT('',(-9.405E0,1.585E0,-2.45E0));
#688=LINE('',#687,#686);
#689=DIRECTION('',(0.E0,0.E0,-1.E0));
#690=VECTOR('',#689,9.8E-1);
#691=CARTESIAN_POINT('',(2.475E0,1.585E0,-2.45E0));
#692=LINE('',#691,#690);
#693=DIRECTION('',(0.E0,0.E0,-1.E0));
#694=VECTOR('',#693,9.8E-1);
#695=CARTESIAN_POINT('',(1.4355E1,1.585E0,-2.45E0));
#696=LINE('',#695,#694);
#697=DIRECTION('',(0.E0,-1.E0,0.E0));
#698=VECTOR('',#697,5.291820693124E0);
#699=CARTESIAN_POINT('',(2.1795E1,6.876820693124E0,-2.45E0));
#700=LINE('',#699,#698);
#701=DIRECTION('',(0.E0,-8.660254037844E-1,5.E-1));
#702=VECTOR('',#701,7.6E-1);
#703=CARTESIAN_POINT('',(2.1795E1,7.535E0,-2.83E0));
#704=LINE('',#703,#702);
#705=DIRECTION('',(0.E0,0.E0,1.E0));
#706=VECTOR('',#705,6.E-1);
#707=CARTESIAN_POINT('',(2.1795E1,7.535E0,-3.43E0));
#708=LINE('',#707,#706);
#709=DIRECTION('',(0.E0,0.E0,1.E0));
#710=VECTOR('',#709,6.9E0);
#711=CARTESIAN_POINT('',(2.1795E1,-1.585E0,-3.43E0));
#712=LINE('',#711,#710);
#713=DIRECTION('',(0.E0,0.E0,1.E0));
#714=VECTOR('',#713,6.9E0);
#715=CARTESIAN_POINT('',(-2.0905E1,-1.585E0,-3.43E0));
#716=LINE('',#715,#714);
#717=DIRECTION('',(0.E0,0.E0,1.E0));
#718=VECTOR('',#717,6.9E0);
#719=CARTESIAN_POINT('',(-2.1795E1,-1.585E0,-3.43E0));
#720=LINE('',#719,#718);
#721=DIRECTION('',(0.E0,0.E0,1.E0));
#722=VECTOR('',#721,6.9E0);
#723=CARTESIAN_POINT('',(-1.6945E1,-1.585E0,-3.43E0));
#724=LINE('',#723,#722);
#725=DIRECTION('',(0.E0,0.E0,1.E0));
#726=VECTOR('',#725,6.9E0);
#727=CARTESIAN_POINT('',(-1.8725E1,-1.585E0,-3.43E0));
#728=LINE('',#727,#726);
#729=DIRECTION('',(0.E0,0.E0,1.E0));
#730=VECTOR('',#729,6.9E0);
#731=CARTESIAN_POINT('',(-1.2985E1,-1.585E0,-3.43E0));
#732=LINE('',#731,#730);
#733=DIRECTION('',(0.E0,0.E0,1.E0));
#734=VECTOR('',#733,6.9E0);
#735=CARTESIAN_POINT('',(-1.4765E1,-1.585E0,-3.43E0));
#736=LINE('',#735,#734);
#737=DIRECTION('',(0.E0,0.E0,1.E0));
#738=VECTOR('',#737,6.9E0);
#739=CARTESIAN_POINT('',(-9.025E0,-1.585E0,-3.43E0));
#740=LINE('',#739,#738);
#741=DIRECTION('',(0.E0,0.E0,1.E0));
#742=VECTOR('',#741,6.9E0);
#743=CARTESIAN_POINT('',(-1.0805E1,-1.585E0,-3.43E0));
#744=LINE('',#743,#742);
#745=DIRECTION('',(0.E0,0.E0,1.E0));
#746=VECTOR('',#745,6.9E0);
#747=CARTESIAN_POINT('',(-5.065E0,-1.585E0,-3.43E0));
#748=LINE('',#747,#746);
#749=DIRECTION('',(0.E0,0.E0,1.E0));
#750=VECTOR('',#749,6.9E0);
#751=CARTESIAN_POINT('',(-6.845E0,-1.585E0,-3.43E0));
#752=LINE('',#751,#750);
#753=DIRECTION('',(0.E0,0.E0,1.E0));
#754=VECTOR('',#753,6.9E0);
#755=CARTESIAN_POINT('',(-1.105E0,-1.585E0,-3.43E0));
#756=LINE('',#755,#754);
#757=DIRECTION('',(0.E0,0.E0,1.E0));
#758=VECTOR('',#757,6.9E0);
#759=CARTESIAN_POINT('',(-2.885E0,-1.585E0,-3.43E0));
#760=LINE('',#759,#758);
#761=DIRECTION('',(0.E0,0.E0,1.E0));
#762=VECTOR('',#761,6.9E0);
#763=CARTESIAN_POINT('',(2.855E0,-1.585E0,-3.43E0));
#764=LINE('',#763,#762);
#765=DIRECTION('',(0.E0,0.E0,1.E0));
#766=VECTOR('',#765,6.9E0);
#767=CARTESIAN_POINT('',(1.075E0,-1.585E0,-3.43E0));
#768=LINE('',#767,#766);
#769=DIRECTION('',(0.E0,0.E0,1.E0));
#770=VECTOR('',#769,6.9E0);
#771=CARTESIAN_POINT('',(6.815E0,-1.585E0,-3.43E0));
#772=LINE('',#771,#770);
#773=DIRECTION('',(0.E0,0.E0,1.E0));
#774=VECTOR('',#773,6.9E0);
#775=CARTESIAN_POINT('',(5.035E0,-1.585E0,-3.43E0));
#776=LINE('',#775,#774);
#777=DIRECTION('',(0.E0,0.E0,1.E0));
#778=VECTOR('',#777,6.9E0);
#779=CARTESIAN_POINT('',(1.0775E1,-1.585E0,-3.43E0));
#780=LINE('',#779,#778);
#781=DIRECTION('',(0.E0,0.E0,1.E0));
#782=VECTOR('',#781,6.9E0);
#783=CARTESIAN_POINT('',(8.995E0,-1.585E0,-3.43E0));
#784=LINE('',#783,#782);
#785=DIRECTION('',(0.E0,0.E0,1.E0));
#786=VECTOR('',#785,6.9E0);
#787=CARTESIAN_POINT('',(1.4735E1,-1.585E0,-3.43E0));
#788=LINE('',#787,#786);
#789=DIRECTION('',(0.E0,0.E0,1.E0));
#790=VECTOR('',#789,6.9E0);
#791=CARTESIAN_POINT('',(1.2955E1,-1.585E0,-3.43E0));
#792=LINE('',#791,#790);
#793=DIRECTION('',(0.E0,0.E0,1.E0));
#794=VECTOR('',#793,6.9E0);
#795=CARTESIAN_POINT('',(2.0875E1,-1.585E0,-3.43E0));
#796=LINE('',#795,#794);
#797=DIRECTION('',(0.E0,0.E0,1.E0));
#798=VECTOR('',#797,6.9E0);
#799=CARTESIAN_POINT('',(1.8695E1,-1.585E0,-3.43E0));
#800=LINE('',#799,#798);
#801=DIRECTION('',(0.E0,0.E0,1.E0));
#802=VECTOR('',#801,6.9E0);
#803=CARTESIAN_POINT('',(1.6915E1,-1.585E0,-3.43E0));
#804=LINE('',#803,#802);
#805=DIRECTION('',(0.E0,0.E0,1.E0));
#806=VECTOR('',#805,3.E0);
#807=CARTESIAN_POINT('',(-1.8345E1,-1.585E0,-1.5E0));
#808=LINE('',#807,#806);
#809=DIRECTION('',(-1.E0,0.E0,0.E0));
#810=VECTOR('',#809,1.02E0);
#811=CARTESIAN_POINT('',(-1.7325E1,-1.585E0,-1.5E0));
#812=LINE('',#811,#810);
#813=DIRECTION('',(0.E0,0.E0,-1.E0));
#814=VECTOR('',#813,3.E0);
#815=CARTESIAN_POINT('',(-1.7325E1,-1.585E0,1.5E0));
#816=LINE('',#815,#814);
#817=DIRECTION('',(1.E0,0.E0,0.E0));
#818=VECTOR('',#817,1.02E0);
#819=CARTESIAN_POINT('',(-1.8345E1,-1.585E0,1.5E0));
#820=LINE('',#819,#818);
#821=DIRECTION('',(0.E0,0.E0,1.E0));
#822=VECTOR('',#821,3.E0);
#823=CARTESIAN_POINT('',(-1.4385E1,-1.585E0,-1.5E0));
#824=LINE('',#823,#822);
#825=DIRECTION('',(-1.E0,0.E0,0.E0));
#826=VECTOR('',#825,1.02E0);
#827=CARTESIAN_POINT('',(-1.3365E1,-1.585E0,-1.5E0));
#828=LINE('',#827,#826);
#829=DIRECTION('',(0.E0,0.E0,-1.E0));
#830=VECTOR('',#829,3.E0);
#831=CARTESIAN_POINT('',(-1.3365E1,-1.585E0,1.5E0));
#832=LINE('',#831,#830);
#833=DIRECTION('',(1.E0,0.E0,0.E0));
#834=VECTOR('',#833,1.02E0);
#835=CARTESIAN_POINT('',(-1.4385E1,-1.585E0,1.5E0));
#836=LINE('',#835,#834);
#837=DIRECTION('',(0.E0,0.E0,1.E0));
#838=VECTOR('',#837,3.E0);
#839=CARTESIAN_POINT('',(-1.0425E1,-1.585E0,-1.5E0));
#840=LINE('',#839,#838);
#841=DIRECTION('',(-1.E0,0.E0,0.E0));
#842=VECTOR('',#841,1.02E0);
#843=CARTESIAN_POINT('',(-9.405E0,-1.585E0,-1.5E0));
#844=LINE('',#843,#842);
#845=DIRECTION('',(0.E0,0.E0,-1.E0));
#846=VECTOR('',#845,3.E0);
#847=CARTESIAN_POINT('',(-9.405E0,-1.585E0,1.5E0));
#848=LINE('',#847,#846);
#849=DIRECTION('',(1.E0,0.E0,0.E0));
#850=VECTOR('',#849,1.02E0);
#851=CARTESIAN_POINT('',(-1.0425E1,-1.585E0,1.5E0));
#852=LINE('',#851,#850);
#853=DIRECTION('',(0.E0,0.E0,1.E0));
#854=VECTOR('',#853,3.E0);
#855=CARTESIAN_POINT('',(-6.465E0,-1.585E0,-1.5E0));
#856=LINE('',#855,#854);
#857=DIRECTION('',(-1.E0,0.E0,0.E0));
#858=VECTOR('',#857,1.02E0);
#859=CARTESIAN_POINT('',(-5.445E0,-1.585E0,-1.5E0));
#860=LINE('',#859,#858);
#861=DIRECTION('',(0.E0,0.E0,-1.E0));
#862=VECTOR('',#861,3.E0);
#863=CARTESIAN_POINT('',(-5.445E0,-1.585E0,1.5E0));
#864=LINE('',#863,#862);
#865=DIRECTION('',(1.E0,0.E0,0.E0));
#866=VECTOR('',#865,1.02E0);
#867=CARTESIAN_POINT('',(-6.465E0,-1.585E0,1.5E0));
#868=LINE('',#867,#866);
#869=DIRECTION('',(0.E0,0.E0,1.E0));
#870=VECTOR('',#869,3.E0);
#871=CARTESIAN_POINT('',(-2.505E0,-1.585E0,-1.5E0));
#872=LINE('',#871,#870);
#873=DIRECTION('',(-1.E0,0.E0,0.E0));
#874=VECTOR('',#873,1.02E0);
#875=CARTESIAN_POINT('',(-1.485E0,-1.585E0,-1.5E0));
#876=LINE('',#875,#874);
#877=DIRECTION('',(0.E0,0.E0,-1.E0));
#878=VECTOR('',#877,3.E0);
#879=CARTESIAN_POINT('',(-1.485E0,-1.585E0,1.5E0));
#880=LINE('',#879,#878);
#881=DIRECTION('',(1.E0,0.E0,0.E0));
#882=VECTOR('',#881,1.02E0);
#883=CARTESIAN_POINT('',(-2.505E0,-1.585E0,1.5E0));
#884=LINE('',#883,#882);
#885=DIRECTION('',(0.E0,0.E0,1.E0));
#886=VECTOR('',#885,3.E0);
#887=CARTESIAN_POINT('',(1.455E0,-1.585E0,-1.5E0));
#888=LINE('',#887,#886);
#889=DIRECTION('',(-1.E0,0.E0,0.E0));
#890=VECTOR('',#889,1.02E0);
#891=CARTESIAN_POINT('',(2.475E0,-1.585E0,-1.5E0));
#892=LINE('',#891,#890);
#893=DIRECTION('',(0.E0,0.E0,-1.E0));
#894=VECTOR('',#893,3.E0);
#895=CARTESIAN_POINT('',(2.475E0,-1.585E0,1.5E0));
#896=LINE('',#895,#894);
#897=DIRECTION('',(1.E0,0.E0,0.E0));
#898=VECTOR('',#897,1.02E0);
#899=CARTESIAN_POINT('',(1.455E0,-1.585E0,1.5E0));
#900=LINE('',#899,#898);
#901=DIRECTION('',(0.E0,0.E0,1.E0));
#902=VECTOR('',#901,3.E0);
#903=CARTESIAN_POINT('',(5.415E0,-1.585E0,-1.5E0));
#904=LINE('',#903,#902);
#905=DIRECTION('',(-1.E0,0.E0,0.E0));
#906=VECTOR('',#905,1.02E0);
#907=CARTESIAN_POINT('',(6.435E0,-1.585E0,-1.5E0));
#908=LINE('',#907,#906);
#909=DIRECTION('',(0.E0,0.E0,-1.E0));
#910=VECTOR('',#909,3.E0);
#911=CARTESIAN_POINT('',(6.435E0,-1.585E0,1.5E0));
#912=LINE('',#911,#910);
#913=DIRECTION('',(1.E0,0.E0,0.E0));
#914=VECTOR('',#913,1.02E0);
#915=CARTESIAN_POINT('',(5.415E0,-1.585E0,1.5E0));
#916=LINE('',#915,#914);
#917=DIRECTION('',(0.E0,0.E0,1.E0));
#918=VECTOR('',#917,3.E0);
#919=CARTESIAN_POINT('',(9.375E0,-1.585E0,-1.5E0));
#920=LINE('',#919,#918);
#921=DIRECTION('',(-1.E0,0.E0,0.E0));
#922=VECTOR('',#921,1.02E0);
#923=CARTESIAN_POINT('',(1.0395E1,-1.585E0,-1.5E0));
#924=LINE('',#923,#922);
#925=DIRECTION('',(0.E0,0.E0,-1.E0));
#926=VECTOR('',#925,3.E0);
#927=CARTESIAN_POINT('',(1.0395E1,-1.585E0,1.5E0));
#928=LINE('',#927,#926);
#929=DIRECTION('',(1.E0,0.E0,0.E0));
#930=VECTOR('',#929,1.02E0);
#931=CARTESIAN_POINT('',(9.375E0,-1.585E0,1.5E0));
#932=LINE('',#931,#930);
#933=DIRECTION('',(0.E0,0.E0,1.E0));
#934=VECTOR('',#933,3.E0);
#935=CARTESIAN_POINT('',(1.3335E1,-1.585E0,-1.5E0));
#936=LINE('',#935,#934);
#937=DIRECTION('',(-1.E0,0.E0,0.E0));
#938=VECTOR('',#937,1.02E0);
#939=CARTESIAN_POINT('',(1.4355E1,-1.585E0,-1.5E0));
#940=LINE('',#939,#938);
#941=DIRECTION('',(0.E0,0.E0,-1.E0));
#942=VECTOR('',#941,3.E0);
#943=CARTESIAN_POINT('',(1.4355E1,-1.585E0,1.5E0));
#944=LINE('',#943,#942);
#945=DIRECTION('',(1.E0,0.E0,0.E0));
#946=VECTOR('',#945,1.02E0);
#947=CARTESIAN_POINT('',(1.3335E1,-1.585E0,1.5E0));
#948=LINE('',#947,#946);
#949=DIRECTION('',(0.E0,0.E0,1.E0));
#950=VECTOR('',#949,3.E0);
#951=CARTESIAN_POINT('',(1.7295E1,-1.585E0,-1.5E0));
#952=LINE('',#951,#950);
#953=DIRECTION('',(-1.E0,0.E0,0.E0));
#954=VECTOR('',#953,1.02E0);
#955=CARTESIAN_POINT('',(1.8315E1,-1.585E0,-1.5E0));
#956=LINE('',#955,#954);
#957=DIRECTION('',(0.E0,0.E0,-1.E0));
#958=VECTOR('',#957,3.E0);
#959=CARTESIAN_POINT('',(1.8315E1,-1.585E0,1.5E0));
#960=LINE('',#959,#958);
#961=DIRECTION('',(1.E0,0.E0,0.E0));
#962=VECTOR('',#961,1.02E0);
#963=CARTESIAN_POINT('',(1.7295E1,-1.585E0,1.5E0));
#964=LINE('',#963,#962);
#965=DIRECTION('',(0.E0,0.E0,-1.E0));
#966=VECTOR('',#965,6.9E0);
#967=CARTESIAN_POINT('',(-2.0905E1,-1.205E0,3.47E0));
#968=LINE('',#967,#966);
#969=DIRECTION('',(0.E0,-1.E0,0.E0));
#970=VECTOR('',#969,3.8E-1);
#971=CARTESIAN_POINT('',(1.8695E1,1.585E0,3.47E0));
#972=LINE('',#971,#970);
#973=DIRECTION('',(1.E0,0.E0,0.E0));
#974=VECTOR('',#973,2.18E0);
#975=CARTESIAN_POINT('',(1.8695E1,1.205E0,3.47E0));
#976=LINE('',#975,#974);
#977=DIRECTION('',(0.E0,-1.E0,0.E0));
#978=VECTOR('',#977,3.8E-1);
#979=CARTESIAN_POINT('',(2.0875E1,1.585E0,3.47E0));
#980=LINE('',#979,#978);
#981=DIRECTION('',(-1.E0,0.E0,0.E0));
#982=VECTOR('',#981,9.2E-1);
#983=CARTESIAN_POINT('',(2.1795E1,1.585E0,3.47E0));
#984=LINE('',#983,#982);
#985=DIRECTION('',(0.E0,1.E0,0.E0));
#986=VECTOR('',#985,3.17E0);
#987=CARTESIAN_POINT('',(2.1795E1,-1.585E0,3.47E0));
#988=LINE('',#987,#986);
#989=DIRECTION('',(1.E0,0.E0,0.E0));
#990=VECTOR('',#989,9.2E-1);
#991=CARTESIAN_POINT('',(2.0875E1,-1.585E0,3.47E0));
#992=LINE('',#991,#990);
#993=DIRECTION('',(0.E0,1.E0,0.E0));
#994=VECTOR('',#993,3.8E-1);
#995=CARTESIAN_POINT('',(2.0875E1,-1.585E0,3.47E0));
#996=LINE('',#995,#994);
#997=DIRECTION('',(-1.E0,0.E0,0.E0));
#998=VECTOR('',#997,2.18E0);
#999=CARTESIAN_POINT('',(2.0875E1,-1.205E0,3.47E0));
#1000=LINE('',#999,#998);
#1001=DIRECTION('',(0.E0,1.E0,0.E0));
#1002=VECTOR('',#1001,3.8E-1);
#1003=CARTESIAN_POINT('',(1.8695E1,-1.585E0,3.47E0));
#1004=LINE('',#1003,#1002);
#1005=DIRECTION('',(1.E0,0.E0,0.E0));
#1006=VECTOR('',#1005,1.78E0);
#1007=CARTESIAN_POINT('',(1.6915E1,-1.585E0,3.47E0));
#1008=LINE('',#1007,#1006);
#1009=DIRECTION('',(0.E0,1.E0,0.E0));
#1010=VECTOR('',#1009,3.8E-1);
#1011=CARTESIAN_POINT('',(1.6915E1,-1.585E0,3.47E0));
#1012=LINE('',#1011,#1010);
#1013=DIRECTION('',(-1.E0,0.E0,0.E0));
#1014=VECTOR('',#1013,2.18E0);
#1015=CARTESIAN_POINT('',(1.6915E1,-1.205E0,3.47E0));
#1016=LINE('',#1015,#1014);
#1017=DIRECTION('',(0.E0,1.E0,0.E0));
#1018=VECTOR('',#1017,3.8E-1);
#1019=CARTESIAN_POINT('',(1.4735E1,-1.585E0,3.47E0));
#1020=LINE('',#1019,#1018);
#1021=DIRECTION('',(1.E0,0.E0,0.E0));
#1022=VECTOR('',#1021,1.78E0);
#1023=CARTESIAN_POINT('',(1.2955E1,-1.585E0,3.47E0));
#1024=LINE('',#1023,#1022);
#1025=DIRECTION('',(0.E0,1.E0,0.E0));
#1026=VECTOR('',#1025,3.8E-1);
#1027=CARTESIAN_POINT('',(1.2955E1,-1.585E0,3.47E0));
#1028=LINE('',#1027,#1026);
#1029=DIRECTION('',(-1.E0,0.E0,0.E0));
#1030=VECTOR('',#1029,2.18E0);
#1031=CARTESIAN_POINT('',(1.2955E1,-1.205E0,3.47E0));
#1032=LINE('',#1031,#1030);
#1033=DIRECTION('',(0.E0,1.E0,0.E0));
#1034=VECTOR('',#1033,3.8E-1);
#1035=CARTESIAN_POINT('',(1.0775E1,-1.585E0,3.47E0));
#1036=LINE('',#1035,#1034);
#1037=DIRECTION('',(1.E0,0.E0,0.E0));
#1038=VECTOR('',#1037,1.78E0);
#1039=CARTESIAN_POINT('',(8.995E0,-1.585E0,3.47E0));
#1040=LINE('',#1039,#1038);
#1041=DIRECTION('',(0.E0,1.E0,0.E0));
#1042=VECTOR('',#1041,3.8E-1);
#1043=CARTESIAN_POINT('',(8.995E0,-1.585E0,3.47E0));
#1044=LINE('',#1043,#1042);
#1045=DIRECTION('',(-1.E0,0.E0,0.E0));
#1046=VECTOR('',#1045,2.18E0);
#1047=CARTESIAN_POINT('',(8.995E0,-1.205E0,3.47E0));
#1048=LINE('',#1047,#1046);
#1049=DIRECTION('',(0.E0,1.E0,0.E0));
#1050=VECTOR('',#1049,3.8E-1);
#1051=CARTESIAN_POINT('',(6.815E0,-1.585E0,3.47E0));
#1052=LINE('',#1051,#1050);
#1053=DIRECTION('',(1.E0,0.E0,0.E0));
#1054=VECTOR('',#1053,1.78E0);
#1055=CARTESIAN_POINT('',(5.035E0,-1.585E0,3.47E0));
#1056=LINE('',#1055,#1054);
#1057=DIRECTION('',(0.E0,1.E0,0.E0));
#1058=VECTOR('',#1057,3.8E-1);
#1059=CARTESIAN_POINT('',(5.035E0,-1.585E0,3.47E0));
#1060=LINE('',#1059,#1058);
#1061=DIRECTION('',(-1.E0,0.E0,0.E0));
#1062=VECTOR('',#1061,2.18E0);
#1063=CARTESIAN_POINT('',(5.035E0,-1.205E0,3.47E0));
#1064=LINE('',#1063,#1062);
#1065=DIRECTION('',(0.E0,1.E0,0.E0));
#1066=VECTOR('',#1065,3.8E-1);
#1067=CARTESIAN_POINT('',(2.855E0,-1.585E0,3.47E0));
#1068=LINE('',#1067,#1066);
#1069=DIRECTION('',(1.E0,0.E0,0.E0));
#1070=VECTOR('',#1069,1.78E0);
#1071=CARTESIAN_POINT('',(1.075E0,-1.585E0,3.47E0));
#1072=LINE('',#1071,#1070);
#1073=DIRECTION('',(0.E0,1.E0,0.E0));
#1074=VECTOR('',#1073,3.8E-1);
#1075=CARTESIAN_POINT('',(1.075E0,-1.585E0,3.47E0));
#1076=LINE('',#1075,#1074);
#1077=DIRECTION('',(-1.E0,0.E0,0.E0));
#1078=VECTOR('',#1077,2.18E0);
#1079=CARTESIAN_POINT('',(1.075E0,-1.205E0,3.47E0));
#1080=LINE('',#1079,#1078);
#1081=DIRECTION('',(0.E0,1.E0,0.E0));
#1082=VECTOR('',#1081,3.8E-1);
#1083=CARTESIAN_POINT('',(-1.105E0,-1.585E0,3.47E0));
#1084=LINE('',#1083,#1082);
#1085=DIRECTION('',(1.E0,0.E0,0.E0));
#1086=VECTOR('',#1085,1.78E0);
#1087=CARTESIAN_POINT('',(-2.885E0,-1.585E0,3.47E0));
#1088=LINE('',#1087,#1086);
#1089=DIRECTION('',(0.E0,1.E0,0.E0));
#1090=VECTOR('',#1089,3.8E-1);
#1091=CARTESIAN_POINT('',(-2.885E0,-1.585E0,3.47E0));
#1092=LINE('',#1091,#1090);
#1093=DIRECTION('',(-1.E0,0.E0,0.E0));
#1094=VECTOR('',#1093,2.18E0);
#1095=CARTESIAN_POINT('',(-2.885E0,-1.205E0,3.47E0));
#1096=LINE('',#1095,#1094);
#1097=DIRECTION('',(0.E0,1.E0,0.E0));
#1098=VECTOR('',#1097,3.8E-1);
#1099=CARTESIAN_POINT('',(-5.065E0,-1.585E0,3.47E0));
#1100=LINE('',#1099,#1098);
#1101=DIRECTION('',(1.E0,0.E0,0.E0));
#1102=VECTOR('',#1101,1.78E0);
#1103=CARTESIAN_POINT('',(-6.845E0,-1.585E0,3.47E0));
#1104=LINE('',#1103,#1102);
#1105=DIRECTION('',(0.E0,1.E0,0.E0));
#1106=VECTOR('',#1105,3.8E-1);
#1107=CARTESIAN_POINT('',(-6.845E0,-1.585E0,3.47E0));
#1108=LINE('',#1107,#1106);
#1109=DIRECTION('',(-1.E0,0.E0,0.E0));
#1110=VECTOR('',#1109,2.18E0);
#1111=CARTESIAN_POINT('',(-6.845E0,-1.205E0,3.47E0));
#1112=LINE('',#1111,#1110);
#1113=DIRECTION('',(0.E0,1.E0,0.E0));
#1114=VECTOR('',#1113,3.8E-1);
#1115=CARTESIAN_POINT('',(-9.025E0,-1.585E0,3.47E0));
#1116=LINE('',#1115,#1114);
#1117=DIRECTION('',(1.E0,0.E0,0.E0));
#1118=VECTOR('',#1117,1.78E0);
#1119=CARTESIAN_POINT('',(-1.0805E1,-1.585E0,3.47E0));
#1120=LINE('',#1119,#1118);
#1121=DIRECTION('',(0.E0,1.E0,0.E0));
#1122=VECTOR('',#1121,3.8E-1);
#1123=CARTESIAN_POINT('',(-1.0805E1,-1.585E0,3.47E0));
#1124=LINE('',#1123,#1122);
#1125=DIRECTION('',(-1.E0,0.E0,0.E0));
#1126=VECTOR('',#1125,2.18E0);
#1127=CARTESIAN_POINT('',(-1.0805E1,-1.205E0,3.47E0));
#1128=LINE('',#1127,#1126);
#1129=DIRECTION('',(0.E0,1.E0,0.E0));
#1130=VECTOR('',#1129,3.8E-1);
#1131=CARTESIAN_POINT('',(-1.2985E1,-1.585E0,3.47E0));
#1132=LINE('',#1131,#1130);
#1133=DIRECTION('',(1.E0,0.E0,0.E0));
#1134=VECTOR('',#1133,1.78E0);
#1135=CARTESIAN_POINT('',(-1.4765E1,-1.585E0,3.47E0));
#1136=LINE('',#1135,#1134);
#1137=DIRECTION('',(0.E0,1.E0,0.E0));
#1138=VECTOR('',#1137,3.8E-1);
#1139=CARTESIAN_POINT('',(-1.4765E1,-1.585E0,3.47E0));
#1140=LINE('',#1139,#1138);
#1141=DIRECTION('',(-1.E0,0.E0,0.E0));
#1142=VECTOR('',#1141,2.18E0);
#1143=CARTESIAN_POINT('',(-1.4765E1,-1.205E0,3.47E0));
#1144=LINE('',#1143,#1142);
#1145=DIRECTION('',(0.E0,1.E0,0.E0));
#1146=VECTOR('',#1145,3.8E-1);
#1147=CARTESIAN_POINT('',(-1.6945E1,-1.585E0,3.47E0));
#1148=LINE('',#1147,#1146);
#1149=DIRECTION('',(1.E0,0.E0,0.E0));
#1150=VECTOR('',#1149,1.78E0);
#1151=CARTESIAN_POINT('',(-1.8725E1,-1.585E0,3.47E0));
#1152=LINE('',#1151,#1150);
#1153=DIRECTION('',(0.E0,1.E0,0.E0));
#1154=VECTOR('',#1153,3.8E-1);
#1155=CARTESIAN_POINT('',(-1.8725E1,-1.585E0,3.47E0));
#1156=LINE('',#1155,#1154);
#1157=DIRECTION('',(-1.E0,0.E0,0.E0));
#1158=VECTOR('',#1157,2.18E0);
#1159=CARTESIAN_POINT('',(-1.8725E1,-1.205E0,3.47E0));
#1160=LINE('',#1159,#1158);
#1161=DIRECTION('',(0.E0,1.E0,0.E0));
#1162=VECTOR('',#1161,3.8E-1);
#1163=CARTESIAN_POINT('',(-2.0905E1,-1.585E0,3.47E0));
#1164=LINE('',#1163,#1162);
#1165=DIRECTION('',(1.E0,0.E0,0.E0));
#1166=VECTOR('',#1165,8.9E-1);
#1167=CARTESIAN_POINT('',(-2.1795E1,-1.585E0,3.47E0));
#1168=LINE('',#1167,#1166);
#1169=DIRECTION('',(0.E0,-1.E0,0.E0));
#1170=VECTOR('',#1169,3.17E0);
#1171=CARTESIAN_POINT('',(-2.1795E1,1.585E0,3.47E0));
#1172=LINE('',#1171,#1170);
#1173=DIRECTION('',(-1.E0,0.E0,0.E0));
#1174=VECTOR('',#1173,8.9E-1);
#1175=CARTESIAN_POINT('',(-2.0905E1,1.585E0,3.47E0));
#1176=LINE('',#1175,#1174);
#1177=DIRECTION('',(0.E0,-1.E0,0.E0));
#1178=VECTOR('',#1177,3.8E-1);
#1179=CARTESIAN_POINT('',(-2.0905E1,1.585E0,3.47E0));
#1180=LINE('',#1179,#1178);
#1181=DIRECTION('',(1.E0,0.E0,0.E0));
#1182=VECTOR('',#1181,2.18E0);
#1183=CARTESIAN_POINT('',(-2.0905E1,1.205E0,3.47E0));
#1184=LINE('',#1183,#1182);
#1185=DIRECTION('',(0.E0,-1.E0,0.E0));
#1186=VECTOR('',#1185,3.8E-1);
#1187=CARTESIAN_POINT('',(-1.8725E1,1.585E0,3.47E0));
#1188=LINE('',#1187,#1186);
#1189=DIRECTION('',(-1.E0,0.E0,0.E0));
#1190=VECTOR('',#1189,1.78E0);
#1191=CARTESIAN_POINT('',(-1.6945E1,1.585E0,3.47E0));
#1192=LINE('',#1191,#1190);
#1193=DIRECTION('',(0.E0,-1.E0,0.E0));
#1194=VECTOR('',#1193,3.8E-1);
#1195=CARTESIAN_POINT('',(-1.6945E1,1.585E0,3.47E0));
#1196=LINE('',#1195,#1194);
#1197=DIRECTION('',(1.E0,0.E0,0.E0));
#1198=VECTOR('',#1197,2.18E0);
#1199=CARTESIAN_POINT('',(-1.6945E1,1.205E0,3.47E0));
#1200=LINE('',#1199,#1198);
#1201=DIRECTION('',(0.E0,-1.E0,0.E0));
#1202=VECTOR('',#1201,3.8E-1);
#1203=CARTESIAN_POINT('',(-1.4765E1,1.585E0,3.47E0));
#1204=LINE('',#1203,#1202);
#1205=DIRECTION('',(-1.E0,0.E0,0.E0));
#1206=VECTOR('',#1205,1.78E0);
#1207=CARTESIAN_POINT('',(-1.2985E1,1.585E0,3.47E0));
#1208=LINE('',#1207,#1206);
#1209=DIRECTION('',(0.E0,-1.E0,0.E0));
#1210=VECTOR('',#1209,3.8E-1);
#1211=CARTESIAN_POINT('',(-1.2985E1,1.585E0,3.47E0));
#1212=LINE('',#1211,#1210);
#1213=DIRECTION('',(1.E0,0.E0,0.E0));
#1214=VECTOR('',#1213,2.18E0);
#1215=CARTESIAN_POINT('',(-1.2985E1,1.205E0,3.47E0));
#1216=LINE('',#1215,#1214);
#1217=DIRECTION('',(0.E0,-1.E0,0.E0));
#1218=VECTOR('',#1217,3.8E-1);
#1219=CARTESIAN_POINT('',(-1.0805E1,1.585E0,3.47E0));
#1220=LINE('',#1219,#1218);
#1221=DIRECTION('',(-1.E0,0.E0,0.E0));
#1222=VECTOR('',#1221,1.78E0);
#1223=CARTESIAN_POINT('',(-9.025E0,1.585E0,3.47E0));
#1224=LINE('',#1223,#1222);
#1225=DIRECTION('',(0.E0,-1.E0,0.E0));
#1226=VECTOR('',#1225,3.8E-1);
#1227=CARTESIAN_POINT('',(-9.025E0,1.585E0,3.47E0));
#1228=LINE('',#1227,#1226);
#1229=DIRECTION('',(1.E0,0.E0,0.E0));
#1230=VECTOR('',#1229,2.18E0);
#1231=CARTESIAN_POINT('',(-9.025E0,1.205E0,3.47E0));
#1232=LINE('',#1231,#1230);
#1233=DIRECTION('',(0.E0,-1.E0,0.E0));
#1234=VECTOR('',#1233,3.8E-1);
#1235=CARTESIAN_POINT('',(-6.845E0,1.585E0,3.47E0));
#1236=LINE('',#1235,#1234);
#1237=DIRECTION('',(-1.E0,0.E0,0.E0));
#1238=VECTOR('',#1237,1.78E0);
#1239=CARTESIAN_POINT('',(-5.065E0,1.585E0,3.47E0));
#1240=LINE('',#1239,#1238);
#1241=DIRECTION('',(0.E0,-1.E0,0.E0));
#1242=VECTOR('',#1241,3.8E-1);
#1243=CARTESIAN_POINT('',(-5.065E0,1.585E0,3.47E0));
#1244=LINE('',#1243,#1242);
#1245=DIRECTION('',(1.E0,0.E0,0.E0));
#1246=VECTOR('',#1245,2.18E0);
#1247=CARTESIAN_POINT('',(-5.065E0,1.205E0,3.47E0));
#1248=LINE('',#1247,#1246);
#1249=DIRECTION('',(0.E0,-1.E0,0.E0));
#1250=VECTOR('',#1249,3.8E-1);
#1251=CARTESIAN_POINT('',(-2.885E0,1.585E0,3.47E0));
#1252=LINE('',#1251,#1250);
#1253=DIRECTION('',(-1.E0,0.E0,0.E0));
#1254=VECTOR('',#1253,1.78E0);
#1255=CARTESIAN_POINT('',(-1.105E0,1.585E0,3.47E0));
#1256=LINE('',#1255,#1254);
#1257=DIRECTION('',(0.E0,-1.E0,0.E0));
#1258=VECTOR('',#1257,3.8E-1);
#1259=CARTESIAN_POINT('',(-1.105E0,1.585E0,3.47E0));
#1260=LINE('',#1259,#1258);
#1261=DIRECTION('',(1.E0,0.E0,0.E0));
#1262=VECTOR('',#1261,2.18E0);
#1263=CARTESIAN_POINT('',(-1.105E0,1.205E0,3.47E0));
#1264=LINE('',#1263,#1262);
#1265=DIRECTION('',(0.E0,-1.E0,0.E0));
#1266=VECTOR('',#1265,3.8E-1);
#1267=CARTESIAN_POINT('',(1.075E0,1.585E0,3.47E0));
#1268=LINE('',#1267,#1266);
#1269=DIRECTION('',(-1.E0,0.E0,0.E0));
#1270=VECTOR('',#1269,1.78E0);
#1271=CARTESIAN_POINT('',(2.855E0,1.585E0,3.47E0));
#1272=LINE('',#1271,#1270);
#1273=DIRECTION('',(0.E0,-1.E0,0.E0));
#1274=VECTOR('',#1273,3.8E-1);
#1275=CARTESIAN_POINT('',(2.855E0,1.585E0,3.47E0));
#1276=LINE('',#1275,#1274);
#1277=DIRECTION('',(1.E0,0.E0,0.E0));
#1278=VECTOR('',#1277,2.18E0);
#1279=CARTESIAN_POINT('',(2.855E0,1.205E0,3.47E0));
#1280=LINE('',#1279,#1278);
#1281=DIRECTION('',(0.E0,-1.E0,0.E0));
#1282=VECTOR('',#1281,3.8E-1);
#1283=CARTESIAN_POINT('',(5.035E0,1.585E0,3.47E0));
#1284=LINE('',#1283,#1282);
#1285=DIRECTION('',(-1.E0,0.E0,0.E0));
#1286=VECTOR('',#1285,1.78E0);
#1287=CARTESIAN_POINT('',(6.815E0,1.585E0,3.47E0));
#1288=LINE('',#1287,#1286);
#1289=DIRECTION('',(0.E0,-1.E0,0.E0));
#1290=VECTOR('',#1289,3.8E-1);
#1291=CARTESIAN_POINT('',(6.815E0,1.585E0,3.47E0));
#1292=LINE('',#1291,#1290);
#1293=DIRECTION('',(1.E0,0.E0,0.E0));
#1294=VECTOR('',#1293,2.18E0);
#1295=CARTESIAN_POINT('',(6.815E0,1.205E0,3.47E0));
#1296=LINE('',#1295,#1294);
#1297=DIRECTION('',(0.E0,-1.E0,0.E0));
#1298=VECTOR('',#1297,3.8E-1);
#1299=CARTESIAN_POINT('',(8.995E0,1.585E0,3.47E0));
#1300=LINE('',#1299,#1298);
#1301=DIRECTION('',(-1.E0,0.E0,0.E0));
#1302=VECTOR('',#1301,1.78E0);
#1303=CARTESIAN_POINT('',(1.0775E1,1.585E0,3.47E0));
#1304=LINE('',#1303,#1302);
#1305=DIRECTION('',(0.E0,-1.E0,0.E0));
#1306=VECTOR('',#1305,3.8E-1);
#1307=CARTESIAN_POINT('',(1.0775E1,1.585E0,3.47E0));
#1308=LINE('',#1307,#1306);
#1309=DIRECTION('',(1.E0,0.E0,0.E0));
#1310=VECTOR('',#1309,2.18E0);
#1311=CARTESIAN_POINT('',(1.0775E1,1.205E0,3.47E0));
#1312=LINE('',#1311,#1310);
#1313=DIRECTION('',(0.E0,-1.E0,0.E0));
#1314=VECTOR('',#1313,3.8E-1);
#1315=CARTESIAN_POINT('',(1.2955E1,1.585E0,3.47E0));
#1316=LINE('',#1315,#1314);
#1317=DIRECTION('',(-1.E0,0.E0,0.E0));
#1318=VECTOR('',#1317,1.78E0);
#1319=CARTESIAN_POINT('',(1.4735E1,1.585E0,3.47E0));
#1320=LINE('',#1319,#1318);
#1321=DIRECTION('',(0.E0,-1.E0,0.E0));
#1322=VECTOR('',#1321,3.8E-1);
#1323=CARTESIAN_POINT('',(1.4735E1,1.585E0,3.47E0));
#1324=LINE('',#1323,#1322);
#1325=DIRECTION('',(1.E0,0.E0,0.E0));
#1326=VECTOR('',#1325,2.18E0);
#1327=CARTESIAN_POINT('',(1.4735E1,1.205E0,3.47E0));
#1328=LINE('',#1327,#1326);
#1329=DIRECTION('',(0.E0,-1.E0,0.E0));
#1330=VECTOR('',#1329,3.8E-1);
#1331=CARTESIAN_POINT('',(1.6915E1,1.585E0,3.47E0));
#1332=LINE('',#1331,#1330);
#1333=DIRECTION('',(-1.E0,0.E0,0.E0));
#1334=VECTOR('',#1333,1.78E0);
#1335=CARTESIAN_POINT('',(1.8695E1,1.585E0,3.47E0));
#1336=LINE('',#1335,#1334);
#1337=DIRECTION('',(0.E0,-1.E0,0.E0));
#1338=VECTOR('',#1337,3.8E-1);
#1339=CARTESIAN_POINT('',(1.8695E1,1.585E0,-2.45E0));
#1340=LINE('',#1339,#1338);
#1341=CARTESIAN_POINT('',(1.9785E1,1.205E0,0.E0));
#1342=DIRECTION('',(0.E0,1.E0,0.E0));
#1343=DIRECTION('',(1.E0,0.E0,0.E0));
#1344=AXIS2_PLACEMENT_3D('',#1341,#1342,#1343);
#1346=CARTESIAN_POINT('',(1.9785E1,1.205E0,0.E0));
#1347=DIRECTION('',(0.E0,1.E0,0.E0));
#1348=DIRECTION('',(-1.E0,0.E0,0.E0));
#1349=AXIS2_PLACEMENT_3D('',#1346,#1347,#1348);
#1351=DIRECTION('',(1.E0,0.E0,0.E0));
#1352=VECTOR('',#1351,2.18E0);
#1353=CARTESIAN_POINT('',(1.8695E1,1.205E0,-2.45E0));
#1354=LINE('',#1353,#1352);
#1355=DIRECTION('',(0.E0,0.E0,-1.E0));
#1356=VECTOR('',#1355,5.92E0);
#1357=CARTESIAN_POINT('',(1.8695E1,1.205E0,3.47E0));
#1358=LINE('',#1357,#1356);
#1359=CARTESIAN_POINT('',(1.9785E1,-5.145E0,0.E0));
#1360=DIRECTION('',(0.E0,1.E0,0.E0));
#1361=DIRECTION('',(1.E0,0.E0,0.E0));
#1362=AXIS2_PLACEMENT_3D('',#1359,#1360,#1361);
#1364=DIRECTION('',(0.E0,1.E0,0.E0));
#1365=VECTOR('',#1364,1.092E1);
#1366=CARTESIAN_POINT('',(1.9215E1,1.205E0,0.E0));
#1367=LINE('',#1366,#1365);
#1368=DIRECTION('',(0.E0,1.E0,0.E0));
#1369=VECTOR('',#1368,1.092E1);
#1370=CARTESIAN_POINT('',(2.0355E1,1.205E0,0.E0));
#1371=LINE('',#1370,#1369);
#1372=DIRECTION('',(0.E0,1.E0,0.E0));
#1373=VECTOR('',#1372,3.94E0);
#1374=CARTESIAN_POINT('',(2.0355E1,-5.145E0,0.E0));
#1375=LINE('',#1374,#1373);
#1376=CARTESIAN_POINT('',(1.9785E1,-5.145E0,0.E0));
#1377=DIRECTION('',(0.E0,-1.E0,0.E0));
#1378=DIRECTION('',(1.E0,0.E0,0.E0));
#1379=AXIS2_PLACEMENT_3D('',#1376,#1377,#1378);
#1381=DIRECTION('',(0.E0,1.E0,0.E0));
#1382=VECTOR('',#1381,3.94E0);
#1383=CARTESIAN_POINT('',(1.9215E1,-5.145E0,0.E0));
#1384=LINE('',#1383,#1382);
#1385=DIRECTION('',(-3.568681169914E-1,9.341547768304E-1,0.E0));
#1386=VECTOR('',#1385,9.527329111561E-1);
#1387=CARTESIAN_POINT('',(2.0355E1,1.2125E1,0.E0));
#1388=LINE('',#1387,#1386);
#1389=CARTESIAN_POINT('',(1.9785E1,1.2125E1,0.E0));
#1390=DIRECTION('',(0.E0,-1.E0,0.E0));
#1391=DIRECTION('',(1.E0,0.E0,0.E0));
#1392=AXIS2_PLACEMENT_3D('',#1389,#1390,#1391);
#1394=DIRECTION('',(3.568681169914E-1,9.341547768304E-1,0.E0));
#1395=VECTOR('',#1394,9.527329111561E-1);
#1396=CARTESIAN_POINT('',(1.9215E1,1.2125E1,0.E0));
#1397=LINE('',#1396,#1395);
#1398=CARTESIAN_POINT('',(1.9785E1,1.2125E1,0.E0));
#1399=DIRECTION('',(0.E0,1.E0,0.E0));
#1400=DIRECTION('',(1.E0,0.E0,0.E0));
#1401=AXIS2_PLACEMENT_3D('',#1398,#1399,#1400);
#1403=CARTESIAN_POINT('',(1.9785E1,1.3015E1,0.E0));
#1404=DIRECTION('',(0.E0,-1.E0,0.E0));
#1405=DIRECTION('',(1.E0,0.E0,0.E0));
#1406=AXIS2_PLACEMENT_3D('',#1403,#1404,#1405);
#1408=CARTESIAN_POINT('',(1.9785E1,1.3015E1,0.E0));
#1409=DIRECTION('',(0.E0,1.E0,0.E0));
#1410=DIRECTION('',(1.E0,0.E0,0.E0));
#1411=AXIS2_PLACEMENT_3D('',#1408,#1409,#1410);
#1413=DIRECTION('',(0.E0,0.E0,-1.E0));
#1414=VECTOR('',#1413,6.9E0);
#1415=CARTESIAN_POINT('',(2.0875E1,-1.205E0,3.47E0));
#1416=LINE('',#1415,#1414);
#1417=CARTESIAN_POINT('',(1.9785E1,-1.205E0,0.E0));
#1418=DIRECTION('',(0.E0,1.E0,0.E0));
#1419=DIRECTION('',(1.E0,0.E0,0.E0));
#1420=AXIS2_PLACEMENT_3D('',#1417,#1418,#1419);
#1422=CARTESIAN_POINT('',(1.9785E1,-1.205E0,0.E0));
#1423=DIRECTION('',(0.E0,1.E0,0.E0));
#1424=DIRECTION('',(-1.E0,0.E0,0.E0));
#1425=AXIS2_PLACEMENT_3D('',#1422,#1423,#1424);
#1427=DIRECTION('',(0.E0,0.E0,-1.E0));
#1428=VECTOR('',#1427,6.9E0);
#1429=CARTESIAN_POINT('',(1.8695E1,-1.205E0,3.47E0));
#1430=LINE('',#1429,#1428);
#1431=DIRECTION('',(3.568681169914E-1,9.341547768304E-1,0.E0));
#1432=VECTOR('',#1431,9.527329111561E-1);
#1433=CARTESIAN_POINT('',(2.0015E1,-6.035E0,0.E0));
#1434=LINE('',#1433,#1432);
#1435=CARTESIAN_POINT('',(1.9785E1,-6.035E0,0.E0));
#1436=DIRECTION('',(0.E0,-1.E0,0.E0));
#1437=DIRECTION('',(1.E0,0.E0,0.E0));
#1438=AXIS2_PLACEMENT_3D('',#1435,#1436,#1437);
#1440=DIRECTION('',(-3.568681169914E-1,9.341547768304E-1,0.E0));
#1441=VECTOR('',#1440,9.527329111561E-1);
#1442=CARTESIAN_POINT('',(1.9555E1,-6.035E0,0.E0));
#1443=LINE('',#1442,#1441);
#1444=CARTESIAN_POINT('',(1.9785E1,-6.035E0,0.E0));
#1445=DIRECTION('',(0.E0,1.E0,0.E0));
#1446=DIRECTION('',(1.E0,0.E0,0.E0));
#1447=AXIS2_PLACEMENT_3D('',#1444,#1445,#1446);
#1449=DIRECTION('',(0.E0,1.E0,0.E0));
#1450=VECTOR('',#1449,3.8E-1);
#1451=CARTESIAN_POINT('',(2.0875E1,1.205E0,-2.45E0));
#1452=LINE('',#1451,#1450);
#1453=DIRECTION('',(0.E0,0.E0,-1.E0));
#1454=VECTOR('',#1453,5.92E0);
#1455=CARTESIAN_POINT('',(2.0875E1,1.205E0,3.47E0));
#1456=LINE('',#1455,#1454);
#1457=DIRECTION('',(0.E0,0.E0,-1.E0));
#1458=VECTOR('',#1457,6.9E0);
#1459=CARTESIAN_POINT('',(1.6915E1,-1.205E0,3.47E0));
#1460=LINE('',#1459,#1458);
#1461=CARTESIAN_POINT('',(1.5825E1,-1.205E0,0.E0));
#1462=DIRECTION('',(0.E0,1.E0,0.E0));
#1463=DIRECTION('',(1.E0,0.E0,0.E0));
#1464=AXIS2_PLACEMENT_3D('',#1461,#1462,#1463);
#1466=CARTESIAN_POINT('',(1.5825E1,-1.205E0,0.E0));
#1467=DIRECTION('',(0.E0,1.E0,0.E0));
#1468=DIRECTION('',(-1.E0,0.E0,0.E0));
#1469=AXIS2_PLACEMENT_3D('',#1466,#1467,#1468);
#1471=DIRECTION('',(0.E0,0.E0,-1.E0));
#1472=VECTOR('',#1471,6.9E0);
#1473=CARTESIAN_POINT('',(1.4735E1,-1.205E0,3.47E0));
#1474=LINE('',#1473,#1472);
#1475=CARTESIAN_POINT('',(1.5825E1,-5.145E0,0.E0));
#1476=DIRECTION('',(0.E0,1.E0,0.E0));
#1477=DIRECTION('',(1.E0,0.E0,0.E0));
#1478=AXIS2_PLACEMENT_3D('',#1475,#1476,#1477);
#1480=CARTESIAN_POINT('',(1.5825E1,1.205E0,0.E0));
#1481=DIRECTION('',(0.E0,1.E0,0.E0));
#1482=DIRECTION('',(1.E0,0.E0,0.E0));
#1483=AXIS2_PLACEMENT_3D('',#1480,#1481,#1482);
#1485=CARTESIAN_POINT('',(1.5825E1,1.205E0,0.E0));
#1486=DIRECTION('',(0.E0,1.E0,0.E0));
#1487=DIRECTION('',(-1.E0,0.E0,0.E0));
#1488=AXIS2_PLACEMENT_3D('',#1485,#1486,#1487);
#1490=DIRECTION('',(1.E0,0.E0,0.E0));
#1491=VECTOR('',#1490,2.18E0);
#1492=CARTESIAN_POINT('',(1.4735E1,1.205E0,-2.45E0));
#1493=LINE('',#1492,#1491);
#1494=DIRECTION('',(0.E0,0.E0,-1.E0));
#1495=VECTOR('',#1494,5.92E0);
#1496=CARTESIAN_POINT('',(1.4735E1,1.205E0,3.47E0));
#1497=LINE('',#1496,#1495);
#1498=DIRECTION('',(0.E0,1.E0,0.E0));
#1499=VECTOR('',#1498,1.092E1);
#1500=CARTESIAN_POINT('',(1.5255E1,1.205E0,0.E0));
#1501=LINE('',#1500,#1499);
#1502=DIRECTION('',(0.E0,1.E0,0.E0));
#1503=VECTOR('',#1502,1.092E1);
#1504=CARTESIAN_POINT('',(1.6395E1,1.205E0,0.E0));
#1505=LINE('',#1504,#1503);
#1506=DIRECTION('',(0.E0,1.E0,0.E0));
#1507=VECTOR('',#1506,3.94E0);
#1508=CARTESIAN_POINT('',(1.6395E1,-5.145E0,0.E0));
#1509=LINE('',#1508,#1507);
#1510=CARTESIAN_POINT('',(1.5825E1,-5.145E0,0.E0));
#1511=DIRECTION('',(0.E0,-1.E0,0.E0));
#1512=DIRECTION('',(1.E0,0.E0,0.E0));
#1513=AXIS2_PLACEMENT_3D('',#1510,#1511,#1512);
#1515=DIRECTION('',(0.E0,1.E0,0.E0));
#1516=VECTOR('',#1515,3.94E0);
#1517=CARTESIAN_POINT('',(1.5255E1,-5.145E0,0.E0));
#1518=LINE('',#1517,#1516);
#1519=DIRECTION('',(-3.568681169914E-1,9.341547768304E-1,0.E0));
#1520=VECTOR('',#1519,9.527329111561E-1);
#1521=CARTESIAN_POINT('',(1.6395E1,1.2125E1,0.E0));
#1522=LINE('',#1521,#1520);
#1523=CARTESIAN_POINT('',(1.5825E1,1.2125E1,0.E0));
#1524=DIRECTION('',(0.E0,-1.E0,0.E0));
#1525=DIRECTION('',(1.E0,0.E0,0.E0));
#1526=AXIS2_PLACEMENT_3D('',#1523,#1524,#1525);
#1528=DIRECTION('',(3.568681169914E-1,9.341547768304E-1,0.E0));
#1529=VECTOR('',#1528,9.527329111561E-1);
#1530=CARTESIAN_POINT('',(1.5255E1,1.2125E1,0.E0));
#1531=LINE('',#1530,#1529);
#1532=CARTESIAN_POINT('',(1.5825E1,1.2125E1,0.E0));
#1533=DIRECTION('',(0.E0,1.E0,0.E0));
#1534=DIRECTION('',(1.E0,0.E0,0.E0));
#1535=AXIS2_PLACEMENT_3D('',#1532,#1533,#1534);
#1537=CARTESIAN_POINT('',(1.5825E1,1.3015E1,0.E0));
#1538=DIRECTION('',(0.E0,-1.E0,0.E0));
#1539=DIRECTION('',(1.E0,0.E0,0.E0));
#1540=AXIS2_PLACEMENT_3D('',#1537,#1538,#1539);
#1542=CARTESIAN_POINT('',(1.5825E1,1.3015E1,0.E0));
#1543=DIRECTION('',(0.E0,1.E0,0.E0));
#1544=DIRECTION('',(1.E0,0.E0,0.E0));
#1545=AXIS2_PLACEMENT_3D('',#1542,#1543,#1544);
#1547=DIRECTION('',(3.568681169914E-1,9.341547768304E-1,0.E0));
#1548=VECTOR('',#1547,9.527329111561E-1);
#1549=CARTESIAN_POINT('',(1.6055E1,-6.035E0,0.E0));
#1550=LINE('',#1549,#1548);
#1551=CARTESIAN_POINT('',(1.5825E1,-6.035E0,0.E0));
#1552=DIRECTION('',(0.E0,-1.E0,0.E0));
#1553=DIRECTION('',(1.E0,0.E0,0.E0));
#1554=AXIS2_PLACEMENT_3D('',#1551,#1552,#1553);
#1556=DIRECTION('',(-3.568681169914E-1,9.341547768304E-1,0.E0));
#1557=VECTOR('',#1556,9.527329111561E-1);
#1558=CARTESIAN_POINT('',(1.5595E1,-6.035E0,0.E0));
#1559=LINE('',#1558,#1557);
#1560=CARTESIAN_POINT('',(1.5825E1,-6.035E0,0.E0));
#1561=DIRECTION('',(0.E0,1.E0,0.E0));
#1562=DIRECTION('',(1.E0,0.E0,0.E0));
#1563=AXIS2_PLACEMENT_3D('',#1560,#1561,#1562);
#1565=DIRECTION('',(0.E0,1.E0,0.E0));
#1566=VECTOR('',#1565,3.8E-1);
#1567=CARTESIAN_POINT('',(1.6915E1,1.205E0,-2.45E0));
#1568=LINE('',#1567,#1566);
#1569=DIRECTION('',(0.E0,0.E0,-1.E0));
#1570=VECTOR('',#1569,5.92E0);
#1571=CARTESIAN_POINT('',(1.6915E1,1.205E0,3.47E0));
#1572=LINE('',#1571,#1570);
#1573=DIRECTION('',(0.E0,-1.E0,0.E0));
#1574=VECTOR('',#1573,3.8E-1);
#1575=CARTESIAN_POINT('',(1.4735E1,1.585E0,-2.45E0));
#1576=LINE('',#1575,#1574);
#1577=DIRECTION('',(0.E0,0.E0,-1.E0));
#1578=VECTOR('',#1577,6.9E0);
#1579=CARTESIAN_POINT('',(1.2955E1,-1.205E0,3.47E0));
#1580=LINE('',#1579,#1578);
#1581=CARTESIAN_POINT('',(1.1865E1,-1.205E0,0.E0));
#1582=DIRECTION('',(0.E0,1.E0,0.E0));
#1583=DIRECTION('',(1.E0,0.E0,0.E0));
#1584=AXIS2_PLACEMENT_3D('',#1581,#1582,#1583);
#1586=CARTESIAN_POINT('',(1.1865E1,-1.205E0,0.E0));
#1587=DIRECTION('',(0.E0,1.E0,0.E0));
#1588=DIRECTION('',(-1.E0,0.E0,0.E0));
#1589=AXIS2_PLACEMENT_3D('',#1586,#1587,#1588);
#1591=DIRECTION('',(0.E0,0.E0,-1.E0));
#1592=VECTOR('',#1591,6.9E0);
#1593=CARTESIAN_POINT('',(1.0775E1,-1.205E0,3.47E0));
#1594=LINE('',#1593,#1592);
#1595=CARTESIAN_POINT('',(1.1865E1,-5.145E0,0.E0));
#1596=DIRECTION('',(0.E0,1.E0,0.E0));
#1597=DIRECTION('',(1.E0,0.E0,0.E0));
#1598=AXIS2_PLACEMENT_3D('',#1595,#1596,#1597);
#1600=CARTESIAN_POINT('',(1.1865E1,1.205E0,0.E0));
#1601=DIRECTION('',(0.E0,1.E0,0.E0));
#1602=DIRECTION('',(1.E0,0.E0,0.E0));
#1603=AXIS2_PLACEMENT_3D('',#1600,#1601,#1602);
#1605=CARTESIAN_POINT('',(1.1865E1,1.205E0,0.E0));
#1606=DIRECTION('',(0.E0,1.E0,0.E0));
#1607=DIRECTION('',(-1.E0,0.E0,0.E0));
#1608=AXIS2_PLACEMENT_3D('',#1605,#1606,#1607);
#1610=DIRECTION('',(1.E0,0.E0,0.E0));
#1611=VECTOR('',#1610,2.18E0);
#1612=CARTESIAN_POINT('',(1.0775E1,1.205E0,-2.45E0));
#1613=LINE('',#1612,#1611);
#1614=DIRECTION('',(0.E0,0.E0,-1.E0));
#1615=VECTOR('',#1614,5.92E0);
#1616=CARTESIAN_POINT('',(1.0775E1,1.205E0,3.47E0));
#1617=LINE('',#1616,#1615);
#1618=DIRECTION('',(0.E0,1.E0,0.E0));
#1619=VECTOR('',#1618,1.092E1);
#1620=CARTESIAN_POINT('',(1.1295E1,1.205E0,0.E0));
#1621=LINE('',#1620,#1619);
#1622=DIRECTION('',(0.E0,1.E0,0.E0));
#1623=VECTOR('',#1622,1.092E1);
#1624=CARTESIAN_POINT('',(1.2435E1,1.205E0,0.E0));
#1625=LINE('',#1624,#1623);
#1626=DIRECTION('',(0.E0,1.E0,0.E0));
#1627=VECTOR('',#1626,3.94E0);
#1628=CARTESIAN_POINT('',(1.2435E1,-5.145E0,0.E0));
#1629=LINE('',#1628,#1627);
#1630=CARTESIAN_POINT('',(1.1865E1,-5.145E0,0.E0));
#1631=DIRECTION('',(0.E0,-1.E0,0.E0));
#1632=DIRECTION('',(1.E0,0.E0,0.E0));
#1633=AXIS2_PLACEMENT_3D('',#1630,#1631,#1632);
#1635=DIRECTION('',(0.E0,1.E0,0.E0));
#1636=VECTOR('',#1635,3.94E0);
#1637=CARTESIAN_POINT('',(1.1295E1,-5.145E0,0.E0));
#1638=LINE('',#1637,#1636);
#1639=DIRECTION('',(-3.568681169914E-1,9.341547768304E-1,0.E0));
#1640=VECTOR('',#1639,9.527329111561E-1);
#1641=CARTESIAN_POINT('',(1.2435E1,1.2125E1,0.E0));
#1642=LINE('',#1641,#1640);
#1643=CARTESIAN_POINT('',(1.1865E1,1.2125E1,0.E0));
#1644=DIRECTION('',(0.E0,-1.E0,0.E0));
#1645=DIRECTION('',(1.E0,0.E0,0.E0));
#1646=AXIS2_PLACEMENT_3D('',#1643,#1644,#1645);
#1648=DIRECTION('',(3.568681169914E-1,9.341547768304E-1,0.E0));
#1649=VECTOR('',#1648,9.527329111561E-1);
#1650=CARTESIAN_POINT('',(1.1295E1,1.2125E1,0.E0));
#1651=LINE('',#1650,#1649);
#1652=CARTESIAN_POINT('',(1.1865E1,1.2125E1,0.E0));
#1653=DIRECTION('',(0.E0,1.E0,0.E0));
#1654=DIRECTION('',(1.E0,0.E0,0.E0));
#1655=AXIS2_PLACEMENT_3D('',#1652,#1653,#1654);
#1657=CARTESIAN_POINT('',(1.1865E1,1.3015E1,0.E0));
#1658=DIRECTION('',(0.E0,-1.E0,0.E0));
#1659=DIRECTION('',(1.E0,0.E0,0.E0));
#1660=AXIS2_PLACEMENT_3D('',#1657,#1658,#1659);
#1662=CARTESIAN_POINT('',(1.1865E1,1.3015E1,0.E0));
#1663=DIRECTION('',(0.E0,1.E0,0.E0));
#1664=DIRECTION('',(1.E0,0.E0,0.E0));
#1665=AXIS2_PLACEMENT_3D('',#1662,#1663,#1664);
#1667=DIRECTION('',(3.568681169914E-1,9.341547768304E-1,0.E0));
#1668=VECTOR('',#1667,9.527329111561E-1);
#1669=CARTESIAN_POINT('',(1.2095E1,-6.035E0,0.E0));
#1670=LINE('',#1669,#1668);
#1671=CARTESIAN_POINT('',(1.1865E1,-6.035E0,0.E0));
#1672=DIRECTION('',(0.E0,-1.E0,0.E0));
#1673=DIRECTION('',(1.E0,0.E0,0.E0));
#1674=AXIS2_PLACEMENT_3D('',#1671,#1672,#1673);
#1676=DIRECTION('',(-3.568681169914E-1,9.341547768304E-1,0.E0));
#1677=VECTOR('',#1676,9.527329111561E-1);
#1678=CARTESIAN_POINT('',(1.1635E1,-6.035E0,0.E0));
#1679=LINE('',#1678,#1677);
#1680=CARTESIAN_POINT('',(1.1865E1,-6.035E0,0.E0));
#1681=DIRECTION('',(0.E0,1.E0,0.E0));
#1682=DIRECTION('',(1.E0,0.E0,0.E0));
#1683=AXIS2_PLACEMENT_3D('',#1680,#1681,#1682);
#1685=DIRECTION('',(0.E0,1.E0,0.E0));
#1686=VECTOR('',#1685,3.8E-1);
#1687=CARTESIAN_POINT('',(1.2955E1,1.205E0,-2.45E0));
#1688=LINE('',#1687,#1686);
#1689=DIRECTION('',(0.E0,0.E0,-1.E0));
#1690=VECTOR('',#1689,5.92E0);
#1691=CARTESIAN_POINT('',(1.2955E1,1.205E0,3.47E0));
#1692=LINE('',#1691,#1690);
#1693=DIRECTION('',(0.E0,-1.E0,0.E0));
#1694=VECTOR('',#1693,3.8E-1);
#1695=CARTESIAN_POINT('',(1.0775E1,1.585E0,-2.45E0));
#1696=LINE('',#1695,#1694);
#1697=DIRECTION('',(0.E0,0.E0,-1.E0));
#1698=VECTOR('',#1697,6.9E0);
#1699=CARTESIAN_POINT('',(8.995E0,-1.205E0,3.47E0));
#1700=LINE('',#1699,#1698);
#1701=CARTESIAN_POINT('',(7.905E0,-1.205E0,0.E0));
#1702=DIRECTION('',(0.E0,1.E0,0.E0));
#1703=DIRECTION('',(1.E0,0.E0,0.E0));
#1704=AXIS2_PLACEMENT_3D('',#1701,#1702,#1703);
#1706=CARTESIAN_POINT('',(7.905E0,-1.205E0,0.E0));
#1707=DIRECTION('',(0.E0,1.E0,0.E0));
#1708=DIRECTION('',(-1.E0,0.E0,0.E0));
#1709=AXIS2_PLACEMENT_3D('',#1706,#1707,#1708);
#1711=DIRECTION('',(0.E0,0.E0,-1.E0));
#1712=VECTOR('',#1711,6.9E0);
#1713=CARTESIAN_POINT('',(6.815E0,-1.205E0,3.47E0));
#1714=LINE('',#1713,#1712);
#1715=CARTESIAN_POINT('',(7.905E0,-5.145E0,0.E0));
#1716=DIRECTION('',(0.E0,1.E0,0.E0));
#1717=DIRECTION('',(1.E0,0.E0,0.E0));
#1718=AXIS2_PLACEMENT_3D('',#1715,#1716,#1717);
#1720=CARTESIAN_POINT('',(7.905E0,1.205E0,0.E0));
#1721=DIRECTION('',(0.E0,1.E0,0.E0));
#1722=DIRECTION('',(1.E0,0.E0,0.E0));
#1723=AXIS2_PLACEMENT_3D('',#1720,#1721,#1722);
#1725=CARTESIAN_POINT('',(7.905E0,1.205E0,0.E0));
#1726=DIRECTION('',(0.E0,1.E0,0.E0));
#1727=DIRECTION('',(-1.E0,0.E0,0.E0));
#1728=AXIS2_PLACEMENT_3D('',#1725,#1726,#1727);
#1730=DIRECTION('',(1.E0,0.E0,0.E0));
#1731=VECTOR('',#1730,2.18E0);
#1732=CARTESIAN_POINT('',(6.815E0,1.205E0,-2.45E0));
#1733=LINE('',#1732,#1731);
#1734=DIRECTION('',(0.E0,0.E0,-1.E0));
#1735=VECTOR('',#1734,5.92E0);
#1736=CARTESIAN_POINT('',(6.815E0,1.205E0,3.47E0));
#1737=LINE('',#1736,#1735);
#1738=DIRECTION('',(0.E0,1.E0,0.E0));
#1739=VECTOR('',#1738,1.092E1);
#1740=CARTESIAN_POINT('',(7.335E0,1.205E0,0.E0));
#1741=LINE('',#1740,#1739);
#1742=DIRECTION('',(0.E0,1.E0,0.E0));
#1743=VECTOR('',#1742,1.092E1);
#1744=CARTESIAN_POINT('',(8.475E0,1.205E0,0.E0));
#1745=LINE('',#1744,#1743);
#1746=DIRECTION('',(0.E0,1.E0,0.E0));
#1747=VECTOR('',#1746,3.94E0);
#1748=CARTESIAN_POINT('',(8.475E0,-5.145E0,0.E0));
#1749=LINE('',#1748,#1747);
#1750=CARTESIAN_POINT('',(7.905E0,-5.145E0,0.E0));
#1751=DIRECTION('',(0.E0,-1.E0,0.E0));
#1752=DIRECTION('',(1.E0,0.E0,0.E0));
#1753=AXIS2_PLACEMENT_3D('',#1750,#1751,#1752);
#1755=DIRECTION('',(0.E0,1.E0,0.E0));
#1756=VECTOR('',#1755,3.94E0);
#1757=CARTESIAN_POINT('',(7.335E0,-5.145E0,0.E0));
#1758=LINE('',#1757,#1756);
#1759=DIRECTION('',(-3.568681169914E-1,9.341547768304E-1,0.E0));
#1760=VECTOR('',#1759,9.527329111561E-1);
#1761=CARTESIAN_POINT('',(8.475E0,1.2125E1,0.E0));
#1762=LINE('',#1761,#1760);
#1763=CARTESIAN_POINT('',(7.905E0,1.2125E1,0.E0));
#1764=DIRECTION('',(0.E0,-1.E0,0.E0));
#1765=DIRECTION('',(1.E0,0.E0,0.E0));
#1766=AXIS2_PLACEMENT_3D('',#1763,#1764,#1765);
#1768=DIRECTION('',(3.568681169914E-1,9.341547768304E-1,0.E0));
#1769=VECTOR('',#1768,9.527329111561E-1);
#1770=CARTESIAN_POINT('',(7.335E0,1.2125E1,0.E0));
#1771=LINE('',#1770,#1769);
#1772=CARTESIAN_POINT('',(7.905E0,1.2125E1,0.E0));
#1773=DIRECTION('',(0.E0,1.E0,0.E0));
#1774=DIRECTION('',(1.E0,0.E0,0.E0));
#1775=AXIS2_PLACEMENT_3D('',#1772,#1773,#1774);
#1777=CARTESIAN_POINT('',(7.905E0,1.3015E1,0.E0));
#1778=DIRECTION('',(0.E0,-1.E0,0.E0));
#1779=DIRECTION('',(1.E0,0.E0,0.E0));
#1780=AXIS2_PLACEMENT_3D('',#1777,#1778,#1779);
#1782=CARTESIAN_POINT('',(7.905E0,1.3015E1,0.E0));
#1783=DIRECTION('',(0.E0,1.E0,0.E0));
#1784=DIRECTION('',(1.E0,0.E0,0.E0));
#1785=AXIS2_PLACEMENT_3D('',#1782,#1783,#1784);
#1787=DIRECTION('',(3.568681169914E-1,9.341547768304E-1,0.E0));
#1788=VECTOR('',#1787,9.527329111561E-1);
#1789=CARTESIAN_POINT('',(8.135E0,-6.035E0,0.E0));
#1790=LINE('',#1789,#1788);
#1791=CARTESIAN_POINT('',(7.905E0,-6.035E0,0.E0));
#1792=DIRECTION('',(0.E0,-1.E0,0.E0));
#1793=DIRECTION('',(1.E0,0.E0,0.E0));
#1794=AXIS2_PLACEMENT_3D('',#1791,#1792,#1793);
#1796=DIRECTION('',(-3.568681169914E-1,9.341547768304E-1,0.E0));
#1797=VECTOR('',#1796,9.527329111561E-1);
#1798=CARTESIAN_POINT('',(7.675E0,-6.035E0,0.E0));
#1799=LINE('',#1798,#1797);
#1800=CARTESIAN_POINT('',(7.905E0,-6.035E0,0.E0));
#1801=DIRECTION('',(0.E0,1.E0,0.E0));
#1802=DIRECTION('',(1.E0,0.E0,0.E0));
#1803=AXIS2_PLACEMENT_3D('',#1800,#1801,#1802);
#1805=DIRECTION('',(0.E0,1.E0,0.E0));
#1806=VECTOR('',#1805,3.8E-1);
#1807=CARTESIAN_POINT('',(8.995E0,1.205E0,-2.45E0));
#1808=LINE('',#1807,#1806);
#1809=DIRECTION('',(0.E0,0.E0,-1.E0));
#1810=VECTOR('',#1809,5.92E0);
#1811=CARTESIAN_POINT('',(8.995E0,1.205E0,3.47E0));
#1812=LINE('',#1811,#1810);
#1813=DIRECTION('',(0.E0,-1.E0,0.E0));
#1814=VECTOR('',#1813,3.8E-1);
#1815=CARTESIAN_POINT('',(6.815E0,1.585E0,-2.45E0));
#1816=LINE('',#1815,#1814);
#1817=DIRECTION('',(0.E0,0.E0,-1.E0));
#1818=VECTOR('',#1817,6.9E0);
#1819=CARTESIAN_POINT('',(5.035E0,-1.205E0,3.47E0));
#1820=LINE('',#1819,#1818);
#1821=CARTESIAN_POINT('',(3.945E0,-1.205E0,0.E0));
#1822=DIRECTION('',(0.E0,1.E0,0.E0));
#1823=DIRECTION('',(1.E0,0.E0,0.E0));
#1824=AXIS2_PLACEMENT_3D('',#1821,#1822,#1823);
#1826=CARTESIAN_POINT('',(3.945E0,-1.205E0,0.E0));
#1827=DIRECTION('',(0.E0,1.E0,0.E0));
#1828=DIRECTION('',(-1.E0,0.E0,0.E0));
#1829=AXIS2_PLACEMENT_3D('',#1826,#1827,#1828);
#1831=DIRECTION('',(0.E0,0.E0,-1.E0));
#1832=VECTOR('',#1831,6.9E0);
#1833=CARTESIAN_POINT('',(2.855E0,-1.205E0,3.47E0));
#1834=LINE('',#1833,#1832);
#1835=CARTESIAN_POINT('',(3.945E0,-5.145E0,0.E0));
#1836=DIRECTION('',(0.E0,1.E0,0.E0));
#1837=DIRECTION('',(1.E0,0.E0,0.E0));
#1838=AXIS2_PLACEMENT_3D('',#1835,#1836,#1837);
#1840=CARTESIAN_POINT('',(3.945E0,1.205E0,0.E0));
#1841=DIRECTION('',(0.E0,1.E0,0.E0));
#1842=DIRECTION('',(1.E0,0.E0,0.E0));
#1843=AXIS2_PLACEMENT_3D('',#1840,#1841,#1842);
#1845=CARTESIAN_POINT('',(3.945E0,1.205E0,0.E0));
#1846=DIRECTION('',(0.E0,1.E0,0.E0));
#1847=DIRECTION('',(-1.E0,0.E0,0.E0));
#1848=AXIS2_PLACEMENT_3D('',#1845,#1846,#1847);
#1850=DIRECTION('',(1.E0,0.E0,0.E0));
#1851=VECTOR('',#1850,2.18E0);
#1852=CARTESIAN_POINT('',(2.855E0,1.205E0,-2.45E0));
#1853=LINE('',#1852,#1851);
#1854=DIRECTION('',(0.E0,0.E0,-1.E0));
#1855=VECTOR('',#1854,5.92E0);
#1856=CARTESIAN_POINT('',(2.855E0,1.205E0,3.47E0));
#1857=LINE('',#1856,#1855);
#1858=DIRECTION('',(0.E0,1.E0,0.E0));
#1859=VECTOR('',#1858,1.092E1);
#1860=CARTESIAN_POINT('',(3.375E0,1.205E0,0.E0));
#1861=LINE('',#1860,#1859);
#1862=DIRECTION('',(0.E0,1.E0,0.E0));
#1863=VECTOR('',#1862,1.092E1);
#1864=CARTESIAN_POINT('',(4.515E0,1.205E0,0.E0));
#1865=LINE('',#1864,#1863);
#1866=DIRECTION('',(0.E0,1.E0,0.E0));
#1867=VECTOR('',#1866,3.94E0);
#1868=CARTESIAN_POINT('',(4.515E0,-5.145E0,0.E0));
#1869=LINE('',#1868,#1867);
#1870=CARTESIAN_POINT('',(3.945E0,-5.145E0,0.E0));
#1871=DIRECTION('',(0.E0,-1.E0,0.E0));
#1872=DIRECTION('',(1.E0,0.E0,0.E0));
#1873=AXIS2_PLACEMENT_3D('',#1870,#1871,#1872);
#1875=DIRECTION('',(0.E0,1.E0,0.E0));
#1876=VECTOR('',#1875,3.94E0);
#1877=CARTESIAN_POINT('',(3.375E0,-5.145E0,0.E0));
#1878=LINE('',#1877,#1876);
#1879=DIRECTION('',(-3.568681169914E-1,9.341547768304E-1,0.E0));
#1880=VECTOR('',#1879,9.527329111561E-1);
#1881=CARTESIAN_POINT('',(4.515E0,1.2125E1,0.E0));
#1882=LINE('',#1881,#1880);
#1883=CARTESIAN_POINT('',(3.945E0,1.2125E1,0.E0));
#1884=DIRECTION('',(0.E0,-1.E0,0.E0));
#1885=DIRECTION('',(1.E0,0.E0,0.E0));
#1886=AXIS2_PLACEMENT_3D('',#1883,#1884,#1885);
#1888=DIRECTION('',(3.568681169914E-1,9.341547768304E-1,0.E0));
#1889=VECTOR('',#1888,9.527329111561E-1);
#1890=CARTESIAN_POINT('',(3.375E0,1.2125E1,0.E0));
#1891=LINE('',#1890,#1889);
#1892=CARTESIAN_POINT('',(3.945E0,1.2125E1,0.E0));
#1893=DIRECTION('',(0.E0,1.E0,0.E0));
#1894=DIRECTION('',(1.E0,0.E0,0.E0));
#1895=AXIS2_PLACEMENT_3D('',#1892,#1893,#1894);
#1897=CARTESIAN_POINT('',(3.945E0,1.3015E1,0.E0));
#1898=DIRECTION('',(0.E0,-1.E0,0.E0));
#1899=DIRECTION('',(1.E0,0.E0,0.E0));
#1900=AXIS2_PLACEMENT_3D('',#1897,#1898,#1899);
#1902=CARTESIAN_POINT('',(3.945E0,1.3015E1,0.E0));
#1903=DIRECTION('',(0.E0,1.E0,0.E0));
#1904=DIRECTION('',(1.E0,0.E0,0.E0));
#1905=AXIS2_PLACEMENT_3D('',#1902,#1903,#1904);
#1907=DIRECTION('',(3.568681169914E-1,9.341547768304E-1,0.E0));
#1908=VECTOR('',#1907,9.527329111561E-1);
#1909=CARTESIAN_POINT('',(4.175E0,-6.035E0,0.E0));
#1910=LINE('',#1909,#1908);
#1911=CARTESIAN_POINT('',(3.945E0,-6.035E0,0.E0));
#1912=DIRECTION('',(0.E0,-1.E0,0.E0));
#1913=DIRECTION('',(1.E0,0.E0,0.E0));
#1914=AXIS2_PLACEMENT_3D('',#1911,#1912,#1913);
#1916=DIRECTION('',(-3.568681169914E-1,9.341547768304E-1,0.E0));
#1917=VECTOR('',#1916,9.527329111561E-1);
#1918=CARTESIAN_POINT('',(3.715E0,-6.035E0,0.E0));
#1919=LINE('',#1918,#1917);
#1920=CARTESIAN_POINT('',(3.945E0,-6.035E0,0.E0));
#1921=DIRECTION('',(0.E0,1.E0,0.E0));
#1922=DIRECTION('',(1.E0,0.E0,0.E0));
#1923=AXIS2_PLACEMENT_3D('',#1920,#1921,#1922);
#1925=DIRECTION('',(0.E0,1.E0,0.E0));
#1926=VECTOR('',#1925,3.8E-1);
#1927=CARTESIAN_POINT('',(5.035E0,1.205E0,-2.45E0));
#1928=LINE('',#1927,#1926);
#1929=DIRECTION('',(0.E0,0.E0,-1.E0));
#1930=VECTOR('',#1929,5.92E0);
#1931=CARTESIAN_POINT('',(5.035E0,1.205E0,3.47E0));
#1932=LINE('',#1931,#1930);
#1933=DIRECTION('',(0.E0,-1.E0,0.E0));
#1934=VECTOR('',#1933,3.8E-1);
#1935=CARTESIAN_POINT('',(2.855E0,1.585E0,-2.45E0));
#1936=LINE('',#1935,#1934);
#1937=DIRECTION('',(0.E0,0.E0,-1.E0));
#1938=VECTOR('',#1937,6.9E0);
#1939=CARTESIAN_POINT('',(1.075E0,-1.205E0,3.47E0));
#1940=LINE('',#1939,#1938);
#1941=CARTESIAN_POINT('',(-1.5E-2,-1.205E0,0.E0));
#1942=DIRECTION('',(0.E0,1.E0,0.E0));
#1943=DIRECTION('',(1.E0,0.E0,0.E0));
#1944=AXIS2_PLACEMENT_3D('',#1941,#1942,#1943);
#1946=CARTESIAN_POINT('',(-1.5E-2,-1.205E0,0.E0));
#1947=DIRECTION('',(0.E0,1.E0,0.E0));
#1948=DIRECTION('',(-1.E0,0.E0,0.E0));
#1949=AXIS2_PLACEMENT_3D('',#1946,#1947,#1948);
#1951=DIRECTION('',(0.E0,0.E0,-1.E0));
#1952=VECTOR('',#1951,6.9E0);
#1953=CARTESIAN_POINT('',(-1.105E0,-1.205E0,3.47E0));
#1954=LINE('',#1953,#1952);
#1955=CARTESIAN_POINT('',(-1.5E-2,-5.145E0,0.E0));
#1956=DIRECTION('',(0.E0,1.E0,0.E0));
#1957=DIRECTION('',(1.E0,0.E0,0.E0));
#1958=AXIS2_PLACEMENT_3D('',#1955,#1956,#1957);
#1960=CARTESIAN_POINT('',(-1.5E-2,1.205E0,0.E0));
#1961=DIRECTION('',(0.E0,1.E0,0.E0));
#1962=DIRECTION('',(1.E0,0.E0,0.E0));
#1963=AXIS2_PLACEMENT_3D('',#1960,#1961,#1962);
#1965=CARTESIAN_POINT('',(-1.5E-2,1.205E0,0.E0));
#1966=DIRECTION('',(0.E0,1.E0,0.E0));
#1967=DIRECTION('',(-1.E0,0.E0,0.E0));
#1968=AXIS2_PLACEMENT_3D('',#1965,#1966,#1967);
#1970=DIRECTION('',(1.E0,0.E0,0.E0));
#1971=VECTOR('',#1970,2.18E0);
#1972=CARTESIAN_POINT('',(-1.105E0,1.205E0,-2.45E0));
#1973=LINE('',#1972,#1971);
#1974=DIRECTION('',(0.E0,0.E0,-1.E0));
#1975=VECTOR('',#1974,5.92E0);
#1976=CARTESIAN_POINT('',(-1.105E0,1.205E0,3.47E0));
#1977=LINE('',#1976,#1975);
#1978=DIRECTION('',(0.E0,1.E0,0.E0));
#1979=VECTOR('',#1978,1.092E1);
#1980=CARTESIAN_POINT('',(-5.85E-1,1.205E0,0.E0));
#1981=LINE('',#1980,#1979);
#1982=DIRECTION('',(0.E0,1.E0,0.E0));
#1983=VECTOR('',#1982,1.092E1);
#1984=CARTESIAN_POINT('',(5.55E-1,1.205E0,0.E0));
#1985=LINE('',#1984,#1983);
#1986=DIRECTION('',(0.E0,1.E0,0.E0));
#1987=VECTOR('',#1986,3.94E0);
#1988=CARTESIAN_POINT('',(5.55E-1,-5.145E0,0.E0));
#1989=LINE('',#1988,#1987);
#1990=CARTESIAN_POINT('',(-1.5E-2,-5.145E0,0.E0));
#1991=DIRECTION('',(0.E0,-1.E0,0.E0));
#1992=DIRECTION('',(1.E0,0.E0,0.E0));
#1993=AXIS2_PLACEMENT_3D('',#1990,#1991,#1992);
#1995=DIRECTION('',(0.E0,1.E0,0.E0));
#1996=VECTOR('',#1995,3.94E0);
#1997=CARTESIAN_POINT('',(-5.85E-1,-5.145E0,0.E0));
#1998=LINE('',#1997,#1996);
#1999=DIRECTION('',(-3.568681169914E-1,9.341547768304E-1,0.E0));
#2000=VECTOR('',#1999,9.527329111561E-1);
#2001=CARTESIAN_POINT('',(5.55E-1,1.2125E1,0.E0));
#2002=LINE('',#2001,#2000);
#2003=CARTESIAN_POINT('',(-1.5E-2,1.2125E1,0.E0));
#2004=DIRECTION('',(0.E0,-1.E0,0.E0));
#2005=DIRECTION('',(1.E0,0.E0,0.E0));
#2006=AXIS2_PLACEMENT_3D('',#2003,#2004,#2005);
#2008=DIRECTION('',(3.568681169914E-1,9.341547768304E-1,0.E0));
#2009=VECTOR('',#2008,9.527329111561E-1);
#2010=CARTESIAN_POINT('',(-5.85E-1,1.2125E1,0.E0));
#2011=LINE('',#2010,#2009);
#2012=CARTESIAN_POINT('',(-1.5E-2,1.2125E1,0.E0));
#2013=DIRECTION('',(0.E0,1.E0,0.E0));
#2014=DIRECTION('',(1.E0,0.E0,0.E0));
#2015=AXIS2_PLACEMENT_3D('',#2012,#2013,#2014);
#2017=CARTESIAN_POINT('',(-1.5E-2,1.3015E1,0.E0));
#2018=DIRECTION('',(0.E0,-1.E0,0.E0));
#2019=DIRECTION('',(1.E0,0.E0,0.E0));
#2020=AXIS2_PLACEMENT_3D('',#2017,#2018,#2019);
#2022=CARTESIAN_POINT('',(-1.5E-2,1.3015E1,0.E0));
#2023=DIRECTION('',(0.E0,1.E0,0.E0));
#2024=DIRECTION('',(1.E0,0.E0,0.E0));
#2025=AXIS2_PLACEMENT_3D('',#2022,#2023,#2024);
#2027=DIRECTION('',(3.568681169914E-1,9.341547768304E-1,0.E0));
#2028=VECTOR('',#2027,9.527329111561E-1);
#2029=CARTESIAN_POINT('',(2.15E-1,-6.035E0,0.E0));
#2030=LINE('',#2029,#2028);
#2031=CARTESIAN_POINT('',(-1.5E-2,-6.035E0,0.E0));
#2032=DIRECTION('',(0.E0,-1.E0,0.E0));
#2033=DIRECTION('',(1.E0,0.E0,0.E0));
#2034=AXIS2_PLACEMENT_3D('',#2031,#2032,#2033);
#2036=DIRECTION('',(-3.568681169914E-1,9.341547768304E-1,0.E0));
#2037=VECTOR('',#2036,9.527329111561E-1);
#2038=CARTESIAN_POINT('',(-2.45E-1,-6.035E0,0.E0));
#2039=LINE('',#2038,#2037);
#2040=CARTESIAN_POINT('',(-1.5E-2,-6.035E0,0.E0));
#2041=DIRECTION('',(0.E0,1.E0,0.E0));
#2042=DIRECTION('',(1.E0,0.E0,0.E0));
#2043=AXIS2_PLACEMENT_3D('',#2040,#2041,#2042);
#2045=DIRECTION('',(0.E0,1.E0,0.E0));
#2046=VECTOR('',#2045,3.8E-1);
#2047=CARTESIAN_POINT('',(1.075E0,1.205E0,-2.45E0));
#2048=LINE('',#2047,#2046);
#2049=DIRECTION('',(0.E0,0.E0,-1.E0));
#2050=VECTOR('',#2049,5.92E0);
#2051=CARTESIAN_POINT('',(1.075E0,1.205E0,3.47E0));
#2052=LINE('',#2051,#2050);
#2053=DIRECTION('',(0.E0,-1.E0,0.E0));
#2054=VECTOR('',#2053,3.8E-1);
#2055=CARTESIAN_POINT('',(-1.105E0,1.585E0,-2.45E0));
#2056=LINE('',#2055,#2054);
#2057=DIRECTION('',(0.E0,0.E0,-1.E0));
#2058=VECTOR('',#2057,6.9E0);
#2059=CARTESIAN_POINT('',(-2.885E0,-1.205E0,3.47E0));
#2060=LINE('',#2059,#2058);
#2061=CARTESIAN_POINT('',(-3.975E0,-1.205E0,0.E0));
#2062=DIRECTION('',(0.E0,1.E0,0.E0));
#2063=DIRECTION('',(1.E0,0.E0,0.E0));
#2064=AXIS2_PLACEMENT_3D('',#2061,#2062,#2063);
#2066=CARTESIAN_POINT('',(-3.975E0,-1.205E0,0.E0));
#2067=DIRECTION('',(0.E0,1.E0,0.E0));
#2068=DIRECTION('',(-1.E0,0.E0,0.E0));
#2069=AXIS2_PLACEMENT_3D('',#2066,#2067,#2068);
#2071=DIRECTION('',(0.E0,0.E0,-1.E0));
#2072=VECTOR('',#2071,6.9E0);
#2073=CARTESIAN_POINT('',(-5.065E0,-1.205E0,3.47E0));
#2074=LINE('',#2073,#2072);
#2075=CARTESIAN_POINT('',(-3.975E0,-5.145E0,0.E0));
#2076=DIRECTION('',(0.E0,1.E0,0.E0));
#2077=DIRECTION('',(1.E0,0.E0,0.E0));
#2078=AXIS2_PLACEMENT_3D('',#2075,#2076,#2077);
#2080=CARTESIAN_POINT('',(-3.975E0,1.205E0,0.E0));
#2081=DIRECTION('',(0.E0,1.E0,0.E0));
#2082=DIRECTION('',(1.E0,0.E0,0.E0));
#2083=AXIS2_PLACEMENT_3D('',#2080,#2081,#2082);
#2085=CARTESIAN_POINT('',(-3.975E0,1.205E0,0.E0));
#2086=DIRECTION('',(0.E0,1.E0,0.E0));
#2087=DIRECTION('',(-1.E0,0.E0,0.E0));
#2088=AXIS2_PLACEMENT_3D('',#2085,#2086,#2087);
#2090=DIRECTION('',(1.E0,0.E0,0.E0));
#2091=VECTOR('',#2090,2.18E0);
#2092=CARTESIAN_POINT('',(-5.065E0,1.205E0,-2.45E0));
#2093=LINE('',#2092,#2091);
#2094=DIRECTION('',(0.E0,0.E0,-1.E0));
#2095=VECTOR('',#2094,5.92E0);
#2096=CARTESIAN_POINT('',(-5.065E0,1.205E0,3.47E0));
#2097=LINE('',#2096,#2095);
#2098=DIRECTION('',(0.E0,1.E0,0.E0));
#2099=VECTOR('',#2098,1.092E1);
#2100=CARTESIAN_POINT('',(-4.545E0,1.205E0,0.E0));
#2101=LINE('',#2100,#2099);
#2102=DIRECTION('',(0.E0,1.E0,0.E0));
#2103=VECTOR('',#2102,1.092E1);
#2104=CARTESIAN_POINT('',(-3.405E0,1.205E0,0.E0));
#2105=LINE('',#2104,#2103);
#2106=DIRECTION('',(0.E0,1.E0,0.E0));
#2107=VECTOR('',#2106,3.94E0);
#2108=CARTESIAN_POINT('',(-3.405E0,-5.145E0,0.E0));
#2109=LINE('',#2108,#2107);
#2110=CARTESIAN_POINT('',(-3.975E0,-5.145E0,0.E0));
#2111=DIRECTION('',(0.E0,-1.E0,0.E0));
#2112=DIRECTION('',(1.E0,0.E0,0.E0));
#2113=AXIS2_PLACEMENT_3D('',#2110,#2111,#2112);
#2115=DIRECTION('',(0.E0,1.E0,0.E0));
#2116=VECTOR('',#2115,3.94E0);
#2117=CARTESIAN_POINT('',(-4.545E0,-5.145E0,0.E0));
#2118=LINE('',#2117,#2116);
#2119=DIRECTION('',(-3.568681169914E-1,9.341547768304E-1,0.E0));
#2120=VECTOR('',#2119,9.527329111561E-1);
#2121=CARTESIAN_POINT('',(-3.405E0,1.2125E1,0.E0));
#2122=LINE('',#2121,#2120);
#2123=CARTESIAN_POINT('',(-3.975E0,1.2125E1,0.E0));
#2124=DIRECTION('',(0.E0,-1.E0,0.E0));
#2125=DIRECTION('',(1.E0,0.E0,0.E0));
#2126=AXIS2_PLACEMENT_3D('',#2123,#2124,#2125);
#2128=DIRECTION('',(3.568681169914E-1,9.341547768304E-1,0.E0));
#2129=VECTOR('',#2128,9.527329111561E-1);
#2130=CARTESIAN_POINT('',(-4.545E0,1.2125E1,0.E0));
#2131=LINE('',#2130,#2129);
#2132=CARTESIAN_POINT('',(-3.975E0,1.2125E1,0.E0));
#2133=DIRECTION('',(0.E0,1.E0,0.E0));
#2134=DIRECTION('',(1.E0,0.E0,0.E0));
#2135=AXIS2_PLACEMENT_3D('',#2132,#2133,#2134);
#2137=CARTESIAN_POINT('',(-3.975E0,1.3015E1,0.E0));
#2138=DIRECTION('',(0.E0,-1.E0,0.E0));
#2139=DIRECTION('',(1.E0,0.E0,0.E0));
#2140=AXIS2_PLACEMENT_3D('',#2137,#2138,#2139);
#2142=CARTESIAN_POINT('',(-3.975E0,1.3015E1,0.E0));
#2143=DIRECTION('',(0.E0,1.E0,0.E0));
#2144=DIRECTION('',(1.E0,0.E0,0.E0));
#2145=AXIS2_PLACEMENT_3D('',#2142,#2143,#2144);
#2147=DIRECTION('',(3.568681169914E-1,9.341547768304E-1,0.E0));
#2148=VECTOR('',#2147,9.527329111561E-1);
#2149=CARTESIAN_POINT('',(-3.745E0,-6.035E0,0.E0));
#2150=LINE('',#2149,#2148);
#2151=CARTESIAN_POINT('',(-3.975E0,-6.035E0,0.E0));
#2152=DIRECTION('',(0.E0,-1.E0,0.E0));
#2153=DIRECTION('',(1.E0,0.E0,0.E0));
#2154=AXIS2_PLACEMENT_3D('',#2151,#2152,#2153);
#2156=DIRECTION('',(-3.568681169914E-1,9.341547768304E-1,0.E0));
#2157=VECTOR('',#2156,9.527329111561E-1);
#2158=CARTESIAN_POINT('',(-4.205E0,-6.035E0,0.E0));
#2159=LINE('',#2158,#2157);
#2160=CARTESIAN_POINT('',(-3.975E0,-6.035E0,0.E0));
#2161=DIRECTION('',(0.E0,1.E0,0.E0));
#2162=DIRECTION('',(1.E0,0.E0,0.E0));
#2163=AXIS2_PLACEMENT_3D('',#2160,#2161,#2162);
#2165=DIRECTION('',(0.E0,1.E0,0.E0));
#2166=VECTOR('',#2165,3.8E-1);
#2167=CARTESIAN_POINT('',(-2.885E0,1.205E0,-2.45E0));
#2168=LINE('',#2167,#2166);
#2169=DIRECTION('',(0.E0,0.E0,-1.E0));
#2170=VECTOR('',#2169,5.92E0);
#2171=CARTESIAN_POINT('',(-2.885E0,1.205E0,3.47E0));
#2172=LINE('',#2171,#2170);
#2173=DIRECTION('',(0.E0,-1.E0,0.E0));
#2174=VECTOR('',#2173,3.8E-1);
#2175=CARTESIAN_POINT('',(-5.065E0,1.585E0,-2.45E0));
#2176=LINE('',#2175,#2174);
#2177=DIRECTION('',(0.E0,0.E0,-1.E0));
#2178=VECTOR('',#2177,6.9E0);
#2179=CARTESIAN_POINT('',(-6.845E0,-1.205E0,3.47E0));
#2180=LINE('',#2179,#2178);
#2181=CARTESIAN_POINT('',(-7.935E0,-1.205E0,0.E0));
#2182=DIRECTION('',(0.E0,1.E0,0.E0));
#2183=DIRECTION('',(1.E0,0.E0,0.E0));
#2184=AXIS2_PLACEMENT_3D('',#2181,#2182,#2183);
#2186=CARTESIAN_POINT('',(-7.935E0,-1.205E0,0.E0));
#2187=DIRECTION('',(0.E0,1.E0,0.E0));
#2188=DIRECTION('',(-1.E0,0.E0,0.E0));
#2189=AXIS2_PLACEMENT_3D('',#2186,#2187,#2188);
#2191=DIRECTION('',(0.E0,0.E0,-1.E0));
#2192=VECTOR('',#2191,6.9E0);
#2193=CARTESIAN_POINT('',(-9.025E0,-1.205E0,3.47E0));
#2194=LINE('',#2193,#2192);
#2195=CARTESIAN_POINT('',(-7.935E0,-5.145E0,0.E0));
#2196=DIRECTION('',(0.E0,1.E0,0.E0));
#2197=DIRECTION('',(1.E0,0.E0,0.E0));
#2198=AXIS2_PLACEMENT_3D('',#2195,#2196,#2197);
#2200=CARTESIAN_POINT('',(-7.935E0,1.205E0,0.E0));
#2201=DIRECTION('',(0.E0,1.E0,0.E0));
#2202=DIRECTION('',(1.E0,0.E0,0.E0));
#2203=AXIS2_PLACEMENT_3D('',#2200,#2201,#2202);
#2205=CARTESIAN_POINT('',(-7.935E0,1.205E0,0.E0));
#2206=DIRECTION('',(0.E0,1.E0,0.E0));
#2207=DIRECTION('',(-1.E0,0.E0,0.E0));
#2208=AXIS2_PLACEMENT_3D('',#2205,#2206,#2207);
#2210=DIRECTION('',(1.E0,0.E0,0.E0));
#2211=VECTOR('',#2210,2.18E0);
#2212=CARTESIAN_POINT('',(-9.025E0,1.205E0,-2.45E0));
#2213=LINE('',#2212,#2211);
#2214=DIRECTION('',(0.E0,0.E0,-1.E0));
#2215=VECTOR('',#2214,5.92E0);
#2216=CARTESIAN_POINT('',(-9.025E0,1.205E0,3.47E0));
#2217=LINE('',#2216,#2215);
#2218=DIRECTION('',(0.E0,1.E0,0.E0));
#2219=VECTOR('',#2218,1.092E1);
#2220=CARTESIAN_POINT('',(-8.505E0,1.205E0,0.E0));
#2221=LINE('',#2220,#2219);
#2222=DIRECTION('',(0.E0,1.E0,0.E0));
#2223=VECTOR('',#2222,1.092E1);
#2224=CARTESIAN_POINT('',(-7.365E0,1.205E0,0.E0));
#2225=LINE('',#2224,#2223);
#2226=DIRECTION('',(0.E0,1.E0,0.E0));
#2227=VECTOR('',#2226,3.94E0);
#2228=CARTESIAN_POINT('',(-7.365E0,-5.145E0,0.E0));
#2229=LINE('',#2228,#2227);
#2230=CARTESIAN_POINT('',(-7.935E0,-5.145E0,0.E0));
#2231=DIRECTION('',(0.E0,-1.E0,0.E0));
#2232=DIRECTION('',(1.E0,0.E0,0.E0));
#2233=AXIS2_PLACEMENT_3D('',#2230,#2231,#2232);
#2235=DIRECTION('',(0.E0,1.E0,0.E0));
#2236=VECTOR('',#2235,3.94E0);
#2237=CARTESIAN_POINT('',(-8.505E0,-5.145E0,0.E0));
#2238=LINE('',#2237,#2236);
#2239=DIRECTION('',(-3.568681169914E-1,9.341547768304E-1,0.E0));
#2240=VECTOR('',#2239,9.527329111561E-1);
#2241=CARTESIAN_POINT('',(-7.365E0,1.2125E1,0.E0));
#2242=LINE('',#2241,#2240);
#2243=CARTESIAN_POINT('',(-7.935E0,1.2125E1,0.E0));
#2244=DIRECTION('',(0.E0,-1.E0,0.E0));
#2245=DIRECTION('',(1.E0,0.E0,0.E0));
#2246=AXIS2_PLACEMENT_3D('',#2243,#2244,#2245);
#2248=DIRECTION('',(3.568681169914E-1,9.341547768304E-1,0.E0));
#2249=VECTOR('',#2248,9.527329111561E-1);
#2250=CARTESIAN_POINT('',(-8.505E0,1.2125E1,0.E0));
#2251=LINE('',#2250,#2249);
#2252=CARTESIAN_POINT('',(-7.935E0,1.2125E1,0.E0));
#2253=DIRECTION('',(0.E0,1.E0,0.E0));
#2254=DIRECTION('',(1.E0,0.E0,0.E0));
#2255=AXIS2_PLACEMENT_3D('',#2252,#2253,#2254);
#2257=CARTESIAN_POINT('',(-7.935E0,1.3015E1,0.E0));
#2258=DIRECTION('',(0.E0,-1.E0,0.E0));
#2259=DIRECTION('',(1.E0,0.E0,0.E0));
#2260=AXIS2_PLACEMENT_3D('',#2257,#2258,#2259);
#2262=CARTESIAN_POINT('',(-7.935E0,1.3015E1,0.E0));
#2263=DIRECTION('',(0.E0,1.E0,0.E0));
#2264=DIRECTION('',(1.E0,0.E0,0.E0));
#2265=AXIS2_PLACEMENT_3D('',#2262,#2263,#2264);
#2267=DIRECTION('',(3.568681169914E-1,9.341547768304E-1,0.E0));
#2268=VECTOR('',#2267,9.527329111561E-1);
#2269=CARTESIAN_POINT('',(-7.705E0,-6.035E0,0.E0));
#2270=LINE('',#2269,#2268);
#2271=CARTESIAN_POINT('',(-7.935E0,-6.035E0,0.E0));
#2272=DIRECTION('',(0.E0,-1.E0,0.E0));
#2273=DIRECTION('',(1.E0,0.E0,0.E0));
#2274=AXIS2_PLACEMENT_3D('',#2271,#2272,#2273);
#2276=DIRECTION('',(-3.568681169914E-1,9.341547768304E-1,0.E0));
#2277=VECTOR('',#2276,9.527329111561E-1);
#2278=CARTESIAN_POINT('',(-8.165E0,-6.035E0,0.E0));
#2279=LINE('',#2278,#2277);
#2280=CARTESIAN_POINT('',(-7.935E0,-6.035E0,0.E0));
#2281=DIRECTION('',(0.E0,1.E0,0.E0));
#2282=DIRECTION('',(1.E0,0.E0,0.E0));
#2283=AXIS2_PLACEMENT_3D('',#2280,#2281,#2282);
#2285=DIRECTION('',(0.E0,1.E0,0.E0));
#2286=VECTOR('',#2285,3.8E-1);
#2287=CARTESIAN_POINT('',(-6.845E0,1.205E0,-2.45E0));
#2288=LINE('',#2287,#2286);
#2289=DIRECTION('',(0.E0,0.E0,-1.E0));
#2290=VECTOR('',#2289,5.92E0);
#2291=CARTESIAN_POINT('',(-6.845E0,1.205E0,3.47E0));
#2292=LINE('',#2291,#2290);
#2293=DIRECTION('',(0.E0,-1.E0,0.E0));
#2294=VECTOR('',#2293,3.8E-1);
#2295=CARTESIAN_POINT('',(-9.025E0,1.585E0,-2.45E0));
#2296=LINE('',#2295,#2294);
#2297=DIRECTION('',(0.E0,0.E0,-1.E0));
#2298=VECTOR('',#2297,6.9E0);
#2299=CARTESIAN_POINT('',(-1.0805E1,-1.205E0,3.47E0));
#2300=LINE('',#2299,#2298);
#2301=CARTESIAN_POINT('',(-1.1895E1,-1.205E0,0.E0));
#2302=DIRECTION('',(0.E0,1.E0,0.E0));
#2303=DIRECTION('',(1.E0,0.E0,0.E0));
#2304=AXIS2_PLACEMENT_3D('',#2301,#2302,#2303);
#2306=CARTESIAN_POINT('',(-1.1895E1,-1.205E0,0.E0));
#2307=DIRECTION('',(0.E0,1.E0,0.E0));
#2308=DIRECTION('',(-1.E0,0.E0,0.E0));
#2309=AXIS2_PLACEMENT_3D('',#2306,#2307,#2308);
#2311=DIRECTION('',(0.E0,0.E0,-1.E0));
#2312=VECTOR('',#2311,6.9E0);
#2313=CARTESIAN_POINT('',(-1.2985E1,-1.205E0,3.47E0));
#2314=LINE('',#2313,#2312);
#2315=CARTESIAN_POINT('',(-1.1895E1,-5.145E0,0.E0));
#2316=DIRECTION('',(0.E0,1.E0,0.E0));
#2317=DIRECTION('',(1.E0,0.E0,0.E0));
#2318=AXIS2_PLACEMENT_3D('',#2315,#2316,#2317);
#2320=CARTESIAN_POINT('',(-1.1895E1,1.205E0,0.E0));
#2321=DIRECTION('',(0.E0,1.E0,0.E0));
#2322=DIRECTION('',(1.E0,0.E0,0.E0));
#2323=AXIS2_PLACEMENT_3D('',#2320,#2321,#2322);
#2325=CARTESIAN_POINT('',(-1.1895E1,1.205E0,0.E0));
#2326=DIRECTION('',(0.E0,1.E0,0.E0));
#2327=DIRECTION('',(-1.E0,0.E0,0.E0));
#2328=AXIS2_PLACEMENT_3D('',#2325,#2326,#2327);
#2330=DIRECTION('',(1.E0,0.E0,0.E0));
#2331=VECTOR('',#2330,2.18E0);
#2332=CARTESIAN_POINT('',(-1.2985E1,1.205E0,-2.45E0));
#2333=LINE('',#2332,#2331);
#2334=DIRECTION('',(0.E0,0.E0,-1.E0));
#2335=VECTOR('',#2334,5.92E0);
#2336=CARTESIAN_POINT('',(-1.2985E1,1.205E0,3.47E0));
#2337=LINE('',#2336,#2335);
#2338=DIRECTION('',(0.E0,1.E0,0.E0));
#2339=VECTOR('',#2338,1.092E1);
#2340=CARTESIAN_POINT('',(-1.2465E1,1.205E0,0.E0));
#2341=LINE('',#2340,#2339);
#2342=DIRECTION('',(0.E0,1.E0,0.E0));
#2343=VECTOR('',#2342,1.092E1);
#2344=CARTESIAN_POINT('',(-1.1325E1,1.205E0,0.E0));
#2345=LINE('',#2344,#2343);
#2346=DIRECTION('',(0.E0,1.E0,0.E0));
#2347=VECTOR('',#2346,3.94E0);
#2348=CARTESIAN_POINT('',(-1.1325E1,-5.145E0,0.E0));
#2349=LINE('',#2348,#2347);
#2350=CARTESIAN_POINT('',(-1.1895E1,-5.145E0,0.E0));
#2351=DIRECTION('',(0.E0,-1.E0,0.E0));
#2352=DIRECTION('',(1.E0,0.E0,0.E0));
#2353=AXIS2_PLACEMENT_3D('',#2350,#2351,#2352);
#2355=DIRECTION('',(0.E0,1.E0,0.E0));
#2356=VECTOR('',#2355,3.94E0);
#2357=CARTESIAN_POINT('',(-1.2465E1,-5.145E0,0.E0));
#2358=LINE('',#2357,#2356);
#2359=DIRECTION('',(-3.568681169914E-1,9.341547768304E-1,0.E0));
#2360=VECTOR('',#2359,9.527329111561E-1);
#2361=CARTESIAN_POINT('',(-1.1325E1,1.2125E1,0.E0));
#2362=LINE('',#2361,#2360);
#2363=CARTESIAN_POINT('',(-1.1895E1,1.2125E1,0.E0));
#2364=DIRECTION('',(0.E0,-1.E0,0.E0));
#2365=DIRECTION('',(1.E0,0.E0,0.E0));
#2366=AXIS2_PLACEMENT_3D('',#2363,#2364,#2365);
#2368=DIRECTION('',(3.568681169914E-1,9.341547768304E-1,0.E0));
#2369=VECTOR('',#2368,9.527329111561E-1);
#2370=CARTESIAN_POINT('',(-1.2465E1,1.2125E1,0.E0));
#2371=LINE('',#2370,#2369);
#2372=CARTESIAN_POINT('',(-1.1895E1,1.2125E1,0.E0));
#2373=DIRECTION('',(0.E0,1.E0,0.E0));
#2374=DIRECTION('',(1.E0,0.E0,0.E0));
#2375=AXIS2_PLACEMENT_3D('',#2372,#2373,#2374);
#2377=CARTESIAN_POINT('',(-1.1895E1,1.3015E1,0.E0));
#2378=DIRECTION('',(0.E0,-1.E0,0.E0));
#2379=DIRECTION('',(1.E0,0.E0,0.E0));
#2380=AXIS2_PLACEMENT_3D('',#2377,#2378,#2379);
#2382=CARTESIAN_POINT('',(-1.1895E1,1.3015E1,0.E0));
#2383=DIRECTION('',(0.E0,1.E0,0.E0));
#2384=DIRECTION('',(1.E0,0.E0,0.E0));
#2385=AXIS2_PLACEMENT_3D('',#2382,#2383,#2384);
#2387=DIRECTION('',(3.568681169914E-1,9.341547768304E-1,0.E0));
#2388=VECTOR('',#2387,9.527329111561E-1);
#2389=CARTESIAN_POINT('',(-1.1665E1,-6.035E0,0.E0));
#2390=LINE('',#2389,#2388);
#2391=CARTESIAN_POINT('',(-1.1895E1,-6.035E0,0.E0));
#2392=DIRECTION('',(0.E0,-1.E0,0.E0));
#2393=DIRECTION('',(1.E0,0.E0,0.E0));
#2394=AXIS2_PLACEMENT_3D('',#2391,#2392,#2393);
#2396=DIRECTION('',(-3.568681169914E-1,9.341547768304E-1,0.E0));
#2397=VECTOR('',#2396,9.527329111561E-1);
#2398=CARTESIAN_POINT('',(-1.2125E1,-6.035E0,0.E0));
#2399=LINE('',#2398,#2397);
#2400=CARTESIAN_POINT('',(-1.1895E1,-6.035E0,0.E0));
#2401=DIRECTION('',(0.E0,1.E0,0.E0));
#2402=DIRECTION('',(1.E0,0.E0,0.E0));
#2403=AXIS2_PLACEMENT_3D('',#2400,#2401,#2402);
#2405=DIRECTION('',(0.E0,1.E0,0.E0));
#2406=VECTOR('',#2405,3.8E-1);
#2407=CARTESIAN_POINT('',(-1.0805E1,1.205E0,-2.45E0));
#2408=LINE('',#2407,#2406);
#2409=DIRECTION('',(0.E0,0.E0,-1.E0));
#2410=VECTOR('',#2409,5.92E0);
#2411=CARTESIAN_POINT('',(-1.0805E1,1.205E0,3.47E0));
#2412=LINE('',#2411,#2410);
#2413=DIRECTION('',(0.E0,-1.E0,0.E0));
#2414=VECTOR('',#2413,3.8E-1);
#2415=CARTESIAN_POINT('',(-1.2985E1,1.585E0,-2.45E0));
#2416=LINE('',#2415,#2414);
#2417=DIRECTION('',(0.E0,0.E0,-1.E0));
#2418=VECTOR('',#2417,6.9E0);
#2419=CARTESIAN_POINT('',(-1.4765E1,-1.205E0,3.47E0));
#2420=LINE('',#2419,#2418);
#2421=CARTESIAN_POINT('',(-1.5855E1,-1.205E0,0.E0));
#2422=DIRECTION('',(0.E0,1.E0,0.E0));
#2423=DIRECTION('',(1.E0,0.E0,0.E0));
#2424=AXIS2_PLACEMENT_3D('',#2421,#2422,#2423);
#2426=CARTESIAN_POINT('',(-1.5855E1,-1.205E0,0.E0));
#2427=DIRECTION('',(0.E0,1.E0,0.E0));
#2428=DIRECTION('',(-1.E0,0.E0,0.E0));
#2429=AXIS2_PLACEMENT_3D('',#2426,#2427,#2428);
#2431=DIRECTION('',(0.E0,0.E0,-1.E0));
#2432=VECTOR('',#2431,6.9E0);
#2433=CARTESIAN_POINT('',(-1.6945E1,-1.205E0,3.47E0));
#2434=LINE('',#2433,#2432);
#2435=CARTESIAN_POINT('',(-1.5855E1,-5.145E0,0.E0));
#2436=DIRECTION('',(0.E0,1.E0,0.E0));
#2437=DIRECTION('',(1.E0,0.E0,0.E0));
#2438=AXIS2_PLACEMENT_3D('',#2435,#2436,#2437);
#2440=CARTESIAN_POINT('',(-1.5855E1,1.205E0,0.E0));
#2441=DIRECTION('',(0.E0,1.E0,0.E0));
#2442=DIRECTION('',(1.E0,0.E0,0.E0));
#2443=AXIS2_PLACEMENT_3D('',#2440,#2441,#2442);
#2445=CARTESIAN_POINT('',(-1.5855E1,1.205E0,0.E0));
#2446=DIRECTION('',(0.E0,1.E0,0.E0));
#2447=DIRECTION('',(-1.E0,0.E0,0.E0));
#2448=AXIS2_PLACEMENT_3D('',#2445,#2446,#2447);
#2450=DIRECTION('',(1.E0,0.E0,0.E0));
#2451=VECTOR('',#2450,2.18E0);
#2452=CARTESIAN_POINT('',(-1.6945E1,1.205E0,-2.45E0));
#2453=LINE('',#2452,#2451);
#2454=DIRECTION('',(0.E0,0.E0,-1.E0));
#2455=VECTOR('',#2454,5.92E0);
#2456=CARTESIAN_POINT('',(-1.6945E1,1.205E0,3.47E0));
#2457=LINE('',#2456,#2455);
#2458=DIRECTION('',(0.E0,1.E0,0.E0));
#2459=VECTOR('',#2458,1.092E1);
#2460=CARTESIAN_POINT('',(-1.6425E1,1.205E0,0.E0));
#2461=LINE('',#2460,#2459);
#2462=DIRECTION('',(0.E0,1.E0,0.E0));
#2463=VECTOR('',#2462,1.092E1);
#2464=CARTESIAN_POINT('',(-1.5285E1,1.205E0,0.E0));
#2465=LINE('',#2464,#2463);
#2466=DIRECTION('',(0.E0,1.E0,0.E0));
#2467=VECTOR('',#2466,3.94E0);
#2468=CARTESIAN_POINT('',(-1.5285E1,-5.145E0,0.E0));
#2469=LINE('',#2468,#2467);
#2470=CARTESIAN_POINT('',(-1.5855E1,-5.145E0,0.E0));
#2471=DIRECTION('',(0.E0,-1.E0,0.E0));
#2472=DIRECTION('',(1.E0,0.E0,0.E0));
#2473=AXIS2_PLACEMENT_3D('',#2470,#2471,#2472);
#2475=DIRECTION('',(0.E0,1.E0,0.E0));
#2476=VECTOR('',#2475,3.94E0);
#2477=CARTESIAN_POINT('',(-1.6425E1,-5.145E0,0.E0));
#2478=LINE('',#2477,#2476);
#2479=DIRECTION('',(-3.568681169914E-1,9.341547768304E-1,0.E0));
#2480=VECTOR('',#2479,9.527329111561E-1);
#2481=CARTESIAN_POINT('',(-1.5285E1,1.2125E1,0.E0));
#2482=LINE('',#2481,#2480);
#2483=CARTESIAN_POINT('',(-1.5855E1,1.2125E1,0.E0));
#2484=DIRECTION('',(0.E0,-1.E0,0.E0));
#2485=DIRECTION('',(1.E0,0.E0,0.E0));
#2486=AXIS2_PLACEMENT_3D('',#2483,#2484,#2485);
#2488=DIRECTION('',(3.568681169914E-1,9.341547768304E-1,0.E0));
#2489=VECTOR('',#2488,9.527329111561E-1);
#2490=CARTESIAN_POINT('',(-1.6425E1,1.2125E1,0.E0));
#2491=LINE('',#2490,#2489);
#2492=CARTESIAN_POINT('',(-1.5855E1,1.2125E1,0.E0));
#2493=DIRECTION('',(0.E0,1.E0,0.E0));
#2494=DIRECTION('',(1.E0,0.E0,0.E0));
#2495=AXIS2_PLACEMENT_3D('',#2492,#2493,#2494);
#2497=CARTESIAN_POINT('',(-1.5855E1,1.3015E1,0.E0));
#2498=DIRECTION('',(0.E0,-1.E0,0.E0));
#2499=DIRECTION('',(1.E0,0.E0,0.E0));
#2500=AXIS2_PLACEMENT_3D('',#2497,#2498,#2499);
#2502=CARTESIAN_POINT('',(-1.5855E1,1.3015E1,0.E0));
#2503=DIRECTION('',(0.E0,1.E0,0.E0));
#2504=DIRECTION('',(1.E0,0.E0,0.E0));
#2505=AXIS2_PLACEMENT_3D('',#2502,#2503,#2504);
#2507=DIRECTION('',(3.568681169914E-1,9.341547768304E-1,0.E0));
#2508=VECTOR('',#2507,9.527329111561E-1);
#2509=CARTESIAN_POINT('',(-1.5625E1,-6.035E0,0.E0));
#2510=LINE('',#2509,#2508);
#2511=CARTESIAN_POINT('',(-1.5855E1,-6.035E0,0.E0));
#2512=DIRECTION('',(0.E0,-1.E0,0.E0));
#2513=DIRECTION('',(1.E0,0.E0,0.E0));
#2514=AXIS2_PLACEMENT_3D('',#2511,#2512,#2513);
#2516=DIRECTION('',(-3.568681169914E-1,9.341547768304E-1,0.E0));
#2517=VECTOR('',#2516,9.527329111561E-1);
#2518=CARTESIAN_POINT('',(-1.6085E1,-6.035E0,0.E0));
#2519=LINE('',#2518,#2517);
#2520=CARTESIAN_POINT('',(-1.5855E1,-6.035E0,0.E0));
#2521=DIRECTION('',(0.E0,1.E0,0.E0));
#2522=DIRECTION('',(1.E0,0.E0,0.E0));
#2523=AXIS2_PLACEMENT_3D('',#2520,#2521,#2522);
#2525=DIRECTION('',(0.E0,1.E0,0.E0));
#2526=VECTOR('',#2525,3.8E-1);
#2527=CARTESIAN_POINT('',(-1.4765E1,1.205E0,-2.45E0));
#2528=LINE('',#2527,#2526);
#2529=DIRECTION('',(0.E0,0.E0,-1.E0));
#2530=VECTOR('',#2529,5.92E0);
#2531=CARTESIAN_POINT('',(-1.4765E1,1.205E0,3.47E0));
#2532=LINE('',#2531,#2530);
#2533=DIRECTION('',(0.E0,-1.E0,0.E0));
#2534=VECTOR('',#2533,3.8E-1);
#2535=CARTESIAN_POINT('',(-1.6945E1,1.585E0,-2.45E0));
#2536=LINE('',#2535,#2534);
#2537=DIRECTION('',(0.E0,0.E0,-1.E0));
#2538=VECTOR('',#2537,6.9E0);
#2539=CARTESIAN_POINT('',(-1.8725E1,-1.205E0,3.47E0));
#2540=LINE('',#2539,#2538);
#2541=CARTESIAN_POINT('',(-1.9815E1,-1.205E0,0.E0));
#2542=DIRECTION('',(0.E0,1.E0,0.E0));
#2543=DIRECTION('',(1.E0,0.E0,0.E0));
#2544=AXIS2_PLACEMENT_3D('',#2541,#2542,#2543);
#2546=CARTESIAN_POINT('',(-1.9815E1,-1.205E0,0.E0));
#2547=DIRECTION('',(0.E0,1.E0,0.E0));
#2548=DIRECTION('',(-1.E0,0.E0,0.E0));
#2549=AXIS2_PLACEMENT_3D('',#2546,#2547,#2548);
#2551=CARTESIAN_POINT('',(-1.9815E1,-5.145E0,0.E0));
#2552=DIRECTION('',(0.E0,1.E0,0.E0));
#2553=DIRECTION('',(1.E0,0.E0,0.E0));
#2554=AXIS2_PLACEMENT_3D('',#2551,#2552,#2553);
#2556=CARTESIAN_POINT('',(-1.9815E1,1.205E0,0.E0));
#2557=DIRECTION('',(0.E0,1.E0,0.E0));
#2558=DIRECTION('',(1.E0,0.E0,0.E0));
#2559=AXIS2_PLACEMENT_3D('',#2556,#2557,#2558);
#2561=CARTESIAN_POINT('',(-1.9815E1,1.205E0,0.E0));
#2562=DIRECTION('',(0.E0,1.E0,0.E0));
#2563=DIRECTION('',(-1.E0,0.E0,0.E0));
#2564=AXIS2_PLACEMENT_3D('',#2561,#2562,#2563);
#2566=DIRECTION('',(1.E0,0.E0,0.E0));
#2567=VECTOR('',#2566,2.18E0);
#2568=CARTESIAN_POINT('',(-2.0905E1,1.205E0,-2.45E0));
#2569=LINE('',#2568,#2567);
#2570=DIRECTION('',(0.E0,0.E0,-1.E0));
#2571=VECTOR('',#2570,5.92E0);
#2572=CARTESIAN_POINT('',(-2.0905E1,1.205E0,3.47E0));
#2573=LINE('',#2572,#2571);
#2574=DIRECTION('',(0.E0,1.E0,0.E0));
#2575=VECTOR('',#2574,1.092E1);
#2576=CARTESIAN_POINT('',(-2.0385E1,1.205E0,0.E0));
#2577=LINE('',#2576,#2575);
#2578=DIRECTION('',(0.E0,1.E0,0.E0));
#2579=VECTOR('',#2578,1.092E1);
#2580=CARTESIAN_POINT('',(-1.9245E1,1.205E0,0.E0));
#2581=LINE('',#2580,#2579);
#2582=DIRECTION('',(0.E0,1.E0,0.E0));
#2583=VECTOR('',#2582,3.94E0);
#2584=CARTESIAN_POINT('',(-1.9245E1,-5.145E0,0.E0));
#2585=LINE('',#2584,#2583);
#2586=CARTESIAN_POINT('',(-1.9815E1,-5.145E0,0.E0));
#2587=DIRECTION('',(0.E0,-1.E0,0.E0));
#2588=DIRECTION('',(1.E0,0.E0,0.E0));
#2589=AXIS2_PLACEMENT_3D('',#2586,#2587,#2588);
#2591=DIRECTION('',(0.E0,1.E0,0.E0));
#2592=VECTOR('',#2591,3.94E0);
#2593=CARTESIAN_POINT('',(-2.0385E1,-5.145E0,0.E0));
#2594=LINE('',#2593,#2592);
#2595=DIRECTION('',(-3.568681169914E-1,9.341547768304E-1,0.E0));
#2596=VECTOR('',#2595,9.527329111561E-1);
#2597=CARTESIAN_POINT('',(-1.9245E1,1.2125E1,0.E0));
#2598=LINE('',#2597,#2596);
#2599=CARTESIAN_POINT('',(-1.9815E1,1.2125E1,0.E0));
#2600=DIRECTION('',(0.E0,-1.E0,0.E0));
#2601=DIRECTION('',(1.E0,0.E0,0.E0));
#2602=AXIS2_PLACEMENT_3D('',#2599,#2600,#2601);
#2604=DIRECTION('',(3.568681169914E-1,9.341547768304E-1,0.E0));
#2605=VECTOR('',#2604,9.527329111561E-1);
#2606=CARTESIAN_POINT('',(-2.0385E1,1.2125E1,0.E0));
#2607=LINE('',#2606,#2605);
#2608=CARTESIAN_POINT('',(-1.9815E1,1.2125E1,0.E0));
#2609=DIRECTION('',(0.E0,1.E0,0.E0));
#2610=DIRECTION('',(1.E0,0.E0,0.E0));
#2611=AXIS2_PLACEMENT_3D('',#2608,#2609,#2610);
#2613=CARTESIAN_POINT('',(-1.9815E1,1.3015E1,0.E0));
#2614=DIRECTION('',(0.E0,-1.E0,0.E0));
#2615=DIRECTION('',(1.E0,0.E0,0.E0));
#2616=AXIS2_PLACEMENT_3D('',#2613,#2614,#2615);
#2618=CARTESIAN_POINT('',(-1.9815E1,1.3015E1,0.E0));
#2619=DIRECTION('',(0.E0,1.E0,0.E0));
#2620=DIRECTION('',(1.E0,0.E0,0.E0));
#2621=AXIS2_PLACEMENT_3D('',#2618,#2619,#2620);
#2623=DIRECTION('',(3.568681169914E-1,9.341547768304E-1,0.E0));
#2624=VECTOR('',#2623,9.527329111561E-1);
#2625=CARTESIAN_POINT('',(-1.9585E1,-6.035E0,0.E0));
#2626=LINE('',#2625,#2624);
#2627=CARTESIAN_POINT('',(-1.9815E1,-6.035E0,0.E0));
#2628=DIRECTION('',(0.E0,-1.E0,0.E0));
#2629=DIRECTION('',(1.E0,0.E0,0.E0));
#2630=AXIS2_PLACEMENT_3D('',#2627,#2628,#2629);
#2632=DIRECTION('',(-3.568681169914E-1,9.341547768304E-1,0.E0));
#2633=VECTOR('',#2632,9.527329111561E-1);
#2634=CARTESIAN_POINT('',(-2.0045E1,-6.035E0,0.E0));
#2635=LINE('',#2634,#2633);
#2636=CARTESIAN_POINT('',(-1.9815E1,-6.035E0,0.E0));
#2637=DIRECTION('',(0.E0,1.E0,0.E0));
#2638=DIRECTION('',(1.E0,0.E0,0.E0));
#2639=AXIS2_PLACEMENT_3D('',#2636,#2637,#2638);
#2641=DIRECTION('',(0.E0,0.E0,-1.E0));
#2642=VECTOR('',#2641,5.92E0);
#2643=CARTESIAN_POINT('',(-1.8725E1,1.205E0,3.47E0));
#2644=LINE('',#2643,#2642);
#2645=DIRECTION('',(0.E0,1.E0,0.E0));
#2646=VECTOR('',#2645,3.8E-1);
#2647=CARTESIAN_POINT('',(-1.8725E1,1.205E0,-2.45E0));
#2648=LINE('',#2647,#2646);
#2649=DIRECTION('',(0.E0,-1.E0,0.E0));
#2650=VECTOR('',#2649,3.8E-1);
#2651=CARTESIAN_POINT('',(-2.0905E1,1.585E0,-2.45E0));
#2652=LINE('',#2651,#2650);
#2653=DIRECTION('',(0.E0,-1.E0,0.E0));
#2654=VECTOR('',#2653,3.17E0);
#2655=CARTESIAN_POINT('',(-1.8345E1,1.585E0,-1.5E0));
#2656=LINE('',#2655,#2654);
#2657=DIRECTION('',(0.E0,-1.E0,0.E0));
#2658=VECTOR('',#2657,3.17E0);
#2659=CARTESIAN_POINT('',(-1.8345E1,1.585E0,1.5E0));
#2660=LINE('',#2659,#2658);
#2661=DIRECTION('',(0.E0,-1.E0,0.E0));
#2662=VECTOR('',#2661,3.17E0);
#2663=CARTESIAN_POINT('',(-1.7325E1,1.585E0,1.5E0));
#2664=LINE('',#2663,#2662);
#2665=DIRECTION('',(0.E0,-1.E0,0.E0));
#2666=VECTOR('',#2665,3.17E0);
#2667=CARTESIAN_POINT('',(-1.7325E1,1.585E0,-1.5E0));
#2668=LINE('',#2667,#2666);
#2669=DIRECTION('',(0.E0,-1.E0,0.E0));
#2670=VECTOR('',#2669,3.17E0);
#2671=CARTESIAN_POINT('',(-1.4385E1,1.585E0,-1.5E0));
#2672=LINE('',#2671,#2670);
#2673=DIRECTION('',(0.E0,-1.E0,0.E0));
#2674=VECTOR('',#2673,3.17E0);
#2675=CARTESIAN_POINT('',(-1.4385E1,1.585E0,1.5E0));
#2676=LINE('',#2675,#2674);
#2677=DIRECTION('',(0.E0,-1.E0,0.E0));
#2678=VECTOR('',#2677,3.17E0);
#2679=CARTESIAN_POINT('',(-1.3365E1,1.585E0,1.5E0));
#2680=LINE('',#2679,#2678);
#2681=DIRECTION('',(0.E0,-1.E0,0.E0));
#2682=VECTOR('',#2681,3.17E0);
#2683=CARTESIAN_POINT('',(-1.3365E1,1.585E0,-1.5E0));
#2684=LINE('',#2683,#2682);
#2685=DIRECTION('',(0.E0,-1.E0,0.E0));
#2686=VECTOR('',#2685,3.17E0);
#2687=CARTESIAN_POINT('',(-1.0425E1,1.585E0,-1.5E0));
#2688=LINE('',#2687,#2686);
#2689=DIRECTION('',(0.E0,-1.E0,0.E0));
#2690=VECTOR('',#2689,3.17E0);
#2691=CARTESIAN_POINT('',(-1.0425E1,1.585E0,1.5E0));
#2692=LINE('',#2691,#2690);
#2693=DIRECTION('',(0.E0,-1.E0,0.E0));
#2694=VECTOR('',#2693,3.17E0);
#2695=CARTESIAN_POINT('',(-9.405E0,1.585E0,1.5E0));
#2696=LINE('',#2695,#2694);
#2697=DIRECTION('',(0.E0,-1.E0,0.E0));
#2698=VECTOR('',#2697,3.17E0);
#2699=CARTESIAN_POINT('',(-9.405E0,1.585E0,-1.5E0));
#2700=LINE('',#2699,#2698);
#2701=DIRECTION('',(0.E0,-1.E0,0.E0));
#2702=VECTOR('',#2701,3.17E0);
#2703=CARTESIAN_POINT('',(-6.465E0,1.585E0,-1.5E0));
#2704=LINE('',#2703,#2702);
#2705=DIRECTION('',(0.E0,-1.E0,0.E0));
#2706=VECTOR('',#2705,3.17E0);
#2707=CARTESIAN_POINT('',(-6.465E0,1.585E0,1.5E0));
#2708=LINE('',#2707,#2706);
#2709=DIRECTION('',(0.E0,-1.E0,0.E0));
#2710=VECTOR('',#2709,3.17E0);
#2711=CARTESIAN_POINT('',(-5.445E0,1.585E0,1.5E0));
#2712=LINE('',#2711,#2710);
#2713=DIRECTION('',(0.E0,-1.E0,0.E0));
#2714=VECTOR('',#2713,3.17E0);
#2715=CARTESIAN_POINT('',(-5.445E0,1.585E0,-1.5E0));
#2716=LINE('',#2715,#2714);
#2717=DIRECTION('',(0.E0,-1.E0,0.E0));
#2718=VECTOR('',#2717,3.17E0);
#2719=CARTESIAN_POINT('',(-2.505E0,1.585E0,-1.5E0));
#2720=LINE('',#2719,#2718);
#2721=DIRECTION('',(0.E0,-1.E0,0.E0));
#2722=VECTOR('',#2721,3.17E0);
#2723=CARTESIAN_POINT('',(-2.505E0,1.585E0,1.5E0));
#2724=LINE('',#2723,#2722);
#2725=DIRECTION('',(0.E0,-1.E0,0.E0));
#2726=VECTOR('',#2725,3.17E0);
#2727=CARTESIAN_POINT('',(-1.485E0,1.585E0,1.5E0));
#2728=LINE('',#2727,#2726);
#2729=DIRECTION('',(0.E0,-1.E0,0.E0));
#2730=VECTOR('',#2729,3.17E0);
#2731=CARTESIAN_POINT('',(-1.485E0,1.585E0,-1.5E0));
#2732=LINE('',#2731,#2730);
#2733=DIRECTION('',(0.E0,-1.E0,0.E0));
#2734=VECTOR('',#2733,3.17E0);
#2735=CARTESIAN_POINT('',(1.455E0,1.585E0,-1.5E0));
#2736=LINE('',#2735,#2734);
#2737=DIRECTION('',(0.E0,-1.E0,0.E0));
#2738=VECTOR('',#2737,3.17E0);
#2739=CARTESIAN_POINT('',(1.455E0,1.585E0,1.5E0));
#2740=LINE('',#2739,#2738);
#2741=DIRECTION('',(0.E0,-1.E0,0.E0));
#2742=VECTOR('',#2741,3.17E0);
#2743=CARTESIAN_POINT('',(2.475E0,1.585E0,1.5E0));
#2744=LINE('',#2743,#2742);
#2745=DIRECTION('',(0.E0,-1.E0,0.E0));
#2746=VECTOR('',#2745,3.17E0);
#2747=CARTESIAN_POINT('',(2.475E0,1.585E0,-1.5E0));
#2748=LINE('',#2747,#2746);
#2749=DIRECTION('',(0.E0,-1.E0,0.E0));
#2750=VECTOR('',#2749,3.17E0);
#2751=CARTESIAN_POINT('',(5.415E0,1.585E0,-1.5E0));
#2752=LINE('',#2751,#2750);
#2753=DIRECTION('',(0.E0,-1.E0,0.E0));
#2754=VECTOR('',#2753,3.17E0);
#2755=CARTESIAN_POINT('',(5.415E0,1.585E0,1.5E0));
#2756=LINE('',#2755,#2754);
#2757=DIRECTION('',(0.E0,-1.E0,0.E0));
#2758=VECTOR('',#2757,3.17E0);
#2759=CARTESIAN_POINT('',(6.435E0,1.585E0,1.5E0));
#2760=LINE('',#2759,#2758);
#2761=DIRECTION('',(0.E0,-1.E0,0.E0));
#2762=VECTOR('',#2761,3.17E0);
#2763=CARTESIAN_POINT('',(6.435E0,1.585E0,-1.5E0));
#2764=LINE('',#2763,#2762);
#2765=DIRECTION('',(0.E0,-1.E0,0.E0));
#2766=VECTOR('',#2765,3.17E0);
#2767=CARTESIAN_POINT('',(9.375E0,1.585E0,-1.5E0));
#2768=LINE('',#2767,#2766);
#2769=DIRECTION('',(0.E0,-1.E0,0.E0));
#2770=VECTOR('',#2769,3.17E0);
#2771=CARTESIAN_POINT('',(9.375E0,1.585E0,1.5E0));
#2772=LINE('',#2771,#2770);
#2773=DIRECTION('',(0.E0,-1.E0,0.E0));
#2774=VECTOR('',#2773,3.17E0);
#2775=CARTESIAN_POINT('',(1.0395E1,1.585E0,1.5E0));
#2776=LINE('',#2775,#2774);
#2777=DIRECTION('',(0.E0,-1.E0,0.E0));
#2778=VECTOR('',#2777,3.17E0);
#2779=CARTESIAN_POINT('',(1.0395E1,1.585E0,-1.5E0));
#2780=LINE('',#2779,#2778);
#2781=DIRECTION('',(0.E0,-1.E0,0.E0));
#2782=VECTOR('',#2781,3.17E0);
#2783=CARTESIAN_POINT('',(1.3335E1,1.585E0,-1.5E0));
#2784=LINE('',#2783,#2782);
#2785=DIRECTION('',(0.E0,-1.E0,0.E0));
#2786=VECTOR('',#2785,3.17E0);
#2787=CARTESIAN_POINT('',(1.3335E1,1.585E0,1.5E0));
#2788=LINE('',#2787,#2786);
#2789=DIRECTION('',(0.E0,-1.E0,0.E0));
#2790=VECTOR('',#2789,3.17E0);
#2791=CARTESIAN_POINT('',(1.4355E1,1.585E0,1.5E0));
#2792=LINE('',#2791,#2790);
#2793=DIRECTION('',(0.E0,-1.E0,0.E0));
#2794=VECTOR('',#2793,3.17E0);
#2795=CARTESIAN_POINT('',(1.4355E1,1.585E0,-1.5E0));
#2796=LINE('',#2795,#2794);
#2797=DIRECTION('',(0.E0,-1.E0,0.E0));
#2798=VECTOR('',#2797,3.17E0);
#2799=CARTESIAN_POINT('',(1.7295E1,1.585E0,-1.5E0));
#2800=LINE('',#2799,#2798);
#2801=DIRECTION('',(0.E0,-1.E0,0.E0));
#2802=VECTOR('',#2801,3.17E0);
#2803=CARTESIAN_POINT('',(1.7295E1,1.585E0,1.5E0));
#2804=LINE('',#2803,#2802);
#2805=DIRECTION('',(0.E0,-1.E0,0.E0));
#2806=VECTOR('',#2805,3.17E0);
#2807=CARTESIAN_POINT('',(1.8315E1,1.585E0,1.5E0));
#2808=LINE('',#2807,#2806);
#2809=DIRECTION('',(0.E0,-1.E0,0.E0));
#2810=VECTOR('',#2809,3.17E0);
#2811=CARTESIAN_POINT('',(1.8315E1,1.585E0,-1.5E0));
#2812=LINE('',#2811,#2810);
#2813=CARTESIAN_POINT('',(-2.1795E1,1.585E0,3.47E0));
#2814=CARTESIAN_POINT('',(-2.1795E1,-1.585E0,3.47E0));
#2815=VERTEX_POINT('',#2813);
#2816=VERTEX_POINT('',#2814);
#2817=CARTESIAN_POINT('',(2.1795E1,-1.585E0,3.47E0));
#2818=CARTESIAN_POINT('',(2.1795E1,1.585E0,3.47E0));
#2819=VERTEX_POINT('',#2817);
#2820=VERTEX_POINT('',#2818);
#2821=CARTESIAN_POINT('',(-2.1795E1,-1.585E0,-3.43E0));
#2822=VERTEX_POINT('',#2821);
#2823=CARTESIAN_POINT('',(2.1795E1,-1.585E0,-3.43E0));
#2824=VERTEX_POINT('',#2823);
#2825=CARTESIAN_POINT('',(-1.8725E1,-1.585E0,-3.43E0));
#2826=CARTESIAN_POINT('',(-1.8725E1,-1.205E0,-3.43E0));
#2827=VERTEX_POINT('',#2825);
#2828=VERTEX_POINT('',#2826);
#2829=CARTESIAN_POINT('',(-2.0905E1,-1.205E0,-3.43E0));
#2830=VERTEX_POINT('',#2829);
#2831=CARTESIAN_POINT('',(-2.0905E1,-1.585E0,-3.43E0));
#2832=VERTEX_POINT('',#2831);
#2833=CARTESIAN_POINT('',(-2.0905E1,1.585E0,3.47E0));
#2834=CARTESIAN_POINT('',(-2.0905E1,1.205E0,3.47E0));
#2835=VERTEX_POINT('',#2833);
#2836=VERTEX_POINT('',#2834);
#2837=CARTESIAN_POINT('',(-1.8725E1,1.205E0,3.47E0));
#2838=VERTEX_POINT('',#2837);
#2839=CARTESIAN_POINT('',(-1.8725E1,1.585E0,3.47E0));
#2840=VERTEX_POINT('',#2839);
#2841=CARTESIAN_POINT('',(-1.8725E1,-1.585E0,3.47E0));
#2842=CARTESIAN_POINT('',(-1.8725E1,-1.205E0,3.47E0));
#2843=VERTEX_POINT('',#2841);
#2844=VERTEX_POINT('',#2842);
#2845=CARTESIAN_POINT('',(-2.0905E1,-1.205E0,3.47E0));
#2846=VERTEX_POINT('',#2845);
#2847=CARTESIAN_POINT('',(-2.0905E1,-1.585E0,3.47E0));
#2848=VERTEX_POINT('',#2847);
#2849=CARTESIAN_POINT('',(-1.0425E1,7.535E0,-3.43E0));
#2850=CARTESIAN_POINT('',(-1.0425E1,1.585E0,-3.43E0));
#2851=VERTEX_POINT('',#2849);
#2852=VERTEX_POINT('',#2850);
#2853=CARTESIAN_POINT('',(-9.405E0,1.585E0,-3.43E0));
#2854=VERTEX_POINT('',#2853);
#2855=CARTESIAN_POINT('',(-9.405E0,7.535E0,-3.43E0));
#2856=VERTEX_POINT('',#2855);
#2857=CARTESIAN_POINT('',(-1.0425E1,1.585E0,-2.45E0));
#2858=VERTEX_POINT('',#2857);
#2859=CARTESIAN_POINT('',(-9.405E0,1.585E0,-2.45E0));
#2860=VERTEX_POINT('',#2859);
#2861=CARTESIAN_POINT('',(-1.8345E1,-1.585E0,-1.5E0));
#2862=CARTESIAN_POINT('',(-1.8345E1,-1.585E0,1.5E0));
#2863=VERTEX_POINT('',#2861);
#2864=VERTEX_POINT('',#2862);
#2865=CARTESIAN_POINT('',(-1.7325E1,-1.585E0,1.5E0));
#2866=VERTEX_POINT('',#2865);
#2867=CARTESIAN_POINT('',(-1.7325E1,-1.585E0,-1.5E0));
#2868=VERTEX_POINT('',#2867);
#2869=CARTESIAN_POINT('',(-1.8345E1,1.585E0,-1.5E0));
#2870=CARTESIAN_POINT('',(-1.8345E1,1.585E0,1.5E0));
#2871=VERTEX_POINT('',#2869);
#2872=VERTEX_POINT('',#2870);
#2873=CARTESIAN_POINT('',(-1.7325E1,1.585E0,1.5E0));
#2874=VERTEX_POINT('',#2873);
#2875=CARTESIAN_POINT('',(-1.7325E1,1.585E0,-1.5E0));
#2876=VERTEX_POINT('',#2875);
#2877=CARTESIAN_POINT('',(2.1795E1,7.535E0,-3.43E0));
#2878=CARTESIAN_POINT('',(2.1795E1,7.535E0,-2.83E0));
#2879=VERTEX_POINT('',#2877);
#2880=VERTEX_POINT('',#2878);
#2881=CARTESIAN_POINT('',(2.1795E1,6.876820693124E0,-2.45E0));
#2882=VERTEX_POINT('',#2881);
#2883=CARTESIAN_POINT('',(-2.1795E1,7.535E0,-2.83E0));
#2884=CARTESIAN_POINT('',(-2.1795E1,7.535E0,-3.43E0));
#2885=VERTEX_POINT('',#2883);
#2886=VERTEX_POINT('',#2884);
#2887=CARTESIAN_POINT('',(-2.1795E1,6.876820693124E0,-2.45E0));
#2888=VERTEX_POINT('',#2887);
#2889=CARTESIAN_POINT('',(2.1795E1,1.585E0,-2.45E0));
#2890=CARTESIAN_POINT('',(2.0875E1,1.585E0,-2.45E0));
#2891=VERTEX_POINT('',#2889);
#2892=VERTEX_POINT('',#2890);
#2893=CARTESIAN_POINT('',(-2.1795E1,1.585E0,-2.45E0));
#2894=VERTEX_POINT('',#2893);
#2895=CARTESIAN_POINT('',(1.8695E1,1.585E0,-2.45E0));
#2896=CARTESIAN_POINT('',(1.6915E1,1.585E0,-2.45E0));
#2897=VERTEX_POINT('',#2895);
#2898=VERTEX_POINT('',#2896);
#2899=CARTESIAN_POINT('',(-2.0905E1,1.585E0,-2.45E0));
#2900=VERTEX_POINT('',#2899);
#2901=CARTESIAN_POINT('',(-1.8725E1,1.585E0,-2.45E0));
#2902=VERTEX_POINT('',#2901);
#2903=CARTESIAN_POINT('',(-1.9585E1,-6.035E0,0.E0));
#2904=CARTESIAN_POINT('',(-1.9245E1,-5.145E0,0.E0));
#2905=VERTEX_POINT('',#2903);
#2906=VERTEX_POINT('',#2904);
#2907=CARTESIAN_POINT('',(-1.9245E1,1.2125E1,0.E0));
#2908=CARTESIAN_POINT('',(-1.9585E1,1.3015E1,0.E0));
#2909=VERTEX_POINT('',#2907);
#2910=VERTEX_POINT('',#2908);
#2911=CARTESIAN_POINT('',(-2.0045E1,-6.035E0,0.E0));
#2912=CARTESIAN_POINT('',(-2.0385E1,-5.145E0,0.E0));
#2913=VERTEX_POINT('',#2911);
#2914=VERTEX_POINT('',#2912);
#2915=CARTESIAN_POINT('',(-2.0385E1,1.2125E1,0.E0));
#2916=CARTESIAN_POINT('',(-2.0045E1,1.3015E1,0.E0));
#2917=VERTEX_POINT('',#2915);
#2918=VERTEX_POINT('',#2916);
#2919=CARTESIAN_POINT('',(-1.9245E1,1.205E0,0.E0));
#2920=CARTESIAN_POINT('',(-2.0385E1,1.205E0,0.E0));
#2921=VERTEX_POINT('',#2919);
#2922=VERTEX_POINT('',#2920);
#2923=CARTESIAN_POINT('',(-1.9245E1,-1.205E0,0.E0));
#2924=CARTESIAN_POINT('',(-2.0385E1,-1.205E0,0.E0));
#2925=VERTEX_POINT('',#2923);
#2926=VERTEX_POINT('',#2924);
#2927=CARTESIAN_POINT('',(-2.0905E1,1.205E0,-2.45E0));
#2928=VERTEX_POINT('',#2927);
#2929=CARTESIAN_POINT('',(-1.8725E1,1.205E0,-2.45E0));
#2930=VERTEX_POINT('',#2929);
#2931=CARTESIAN_POINT('',(-1.0425E1,7.535E0,-2.83E0));
#2932=VERTEX_POINT('',#2931);
#2933=CARTESIAN_POINT('',(-9.405E0,7.535E0,-2.83E0));
#2934=VERTEX_POINT('',#2933);
#2935=CARTESIAN_POINT('',(-1.0425E1,6.876820693124E0,-2.45E0));
#2936=VERTEX_POINT('',#2935);
#2937=CARTESIAN_POINT('',(-9.405E0,6.876820693124E0,-2.45E0));
#2938=VERTEX_POINT('',#2937);
#2939=CARTESIAN_POINT('',(-1.4765E1,-1.585E0,-3.43E0));
#2940=CARTESIAN_POINT('',(-1.4765E1,-1.205E0,-3.43E0));
#2941=VERTEX_POINT('',#2939);
#2942=VERTEX_POINT('',#2940);
#2943=CARTESIAN_POINT('',(-1.6945E1,-1.205E0,-3.43E0));
#2944=VERTEX_POINT('',#2943);
#2945=CARTESIAN_POINT('',(-1.6945E1,-1.585E0,-3.43E0));
#2946=VERTEX_POINT('',#2945);
#2947=CARTESIAN_POINT('',(-1.6945E1,1.585E0,3.47E0));
#2948=CARTESIAN_POINT('',(-1.6945E1,1.205E0,3.47E0));
#2949=VERTEX_POINT('',#2947);
#2950=VERTEX_POINT('',#2948);
#2951=CARTESIAN_POINT('',(-1.4765E1,1.205E0,3.47E0));
#2952=VERTEX_POINT('',#2951);
#2953=CARTESIAN_POINT('',(-1.4765E1,1.585E0,3.47E0));
#2954=VERTEX_POINT('',#2953);
#2955=CARTESIAN_POINT('',(-1.4765E1,-1.585E0,3.47E0));
#2956=CARTESIAN_POINT('',(-1.4765E1,-1.205E0,3.47E0));
#2957=VERTEX_POINT('',#2955);
#2958=VERTEX_POINT('',#2956);
#2959=CARTESIAN_POINT('',(-1.6945E1,-1.205E0,3.47E0));
#2960=VERTEX_POINT('',#2959);
#2961=CARTESIAN_POINT('',(-1.6945E1,-1.585E0,3.47E0));
#2962=VERTEX_POINT('',#2961);
#2963=CARTESIAN_POINT('',(-1.0805E1,-1.585E0,-3.43E0));
#2964=CARTESIAN_POINT('',(-1.0805E1,-1.205E0,-3.43E0));
#2965=VERTEX_POINT('',#2963);
#2966=VERTEX_POINT('',#2964);
#2967=CARTESIAN_POINT('',(-1.2985E1,-1.205E0,-3.43E0));
#2968=VERTEX_POINT('',#2967);
#2969=CARTESIAN_POINT('',(-1.2985E1,-1.585E0,-3.43E0));
#2970=VERTEX_POINT('',#2969);
#2971=CARTESIAN_POINT('',(-1.2985E1,1.585E0,3.47E0));
#2972=CARTESIAN_POINT('',(-1.2985E1,1.205E0,3.47E0));
#2973=VERTEX_POINT('',#2971);
#2974=VERTEX_POINT('',#2972);
#2975=CARTESIAN_POINT('',(-1.0805E1,1.205E0,3.47E0));
#2976=VERTEX_POINT('',#2975);
#2977=CARTESIAN_POINT('',(-1.0805E1,1.585E0,3.47E0));
#2978=VERTEX_POINT('',#2977);
#2979=CARTESIAN_POINT('',(-1.0805E1,-1.585E0,3.47E0));
#2980=CARTESIAN_POINT('',(-1.0805E1,-1.205E0,3.47E0));
#2981=VERTEX_POINT('',#2979);
#2982=VERTEX_POINT('',#2980);
#2983=CARTESIAN_POINT('',(-1.2985E1,-1.205E0,3.47E0));
#2984=VERTEX_POINT('',#2983);
#2985=CARTESIAN_POINT('',(-1.2985E1,-1.585E0,3.47E0));
#2986=VERTEX_POINT('',#2985);
#2987=CARTESIAN_POINT('',(-6.845E0,-1.585E0,-3.43E0));
#2988=CARTESIAN_POINT('',(-6.845E0,-1.205E0,-3.43E0));
#2989=VERTEX_POINT('',#2987);
#2990=VERTEX_POINT('',#2988);
#2991=CARTESIAN_POINT('',(-9.025E0,-1.205E0,-3.43E0));
#2992=VERTEX_POINT('',#2991);
#2993=CARTESIAN_POINT('',(-9.025E0,-1.585E0,-3.43E0));
#2994=VERTEX_POINT('',#2993);
#2995=CARTESIAN_POINT('',(-9.025E0,1.585E0,3.47E0));
#2996=CARTESIAN_POINT('',(-9.025E0,1.205E0,3.47E0));
#2997=VERTEX_POINT('',#2995);
#2998=VERTEX_POINT('',#2996);
#2999=CARTESIAN_POINT('',(-6.845E0,1.205E0,3.47E0));
#3000=VERTEX_POINT('',#2999);
#3001=CARTESIAN_POINT('',(-6.845E0,1.585E0,3.47E0));
#3002=VERTEX_POINT('',#3001);
#3003=CARTESIAN_POINT('',(-6.845E0,-1.585E0,3.47E0));
#3004=CARTESIAN_POINT('',(-6.845E0,-1.205E0,3.47E0));
#3005=VERTEX_POINT('',#3003);
#3006=VERTEX_POINT('',#3004);
#3007=CARTESIAN_POINT('',(-9.025E0,-1.205E0,3.47E0));
#3008=VERTEX_POINT('',#3007);
#3009=CARTESIAN_POINT('',(-9.025E0,-1.585E0,3.47E0));
#3010=VERTEX_POINT('',#3009);
#3011=CARTESIAN_POINT('',(-2.885E0,-1.585E0,-3.43E0));
#3012=CARTESIAN_POINT('',(-2.885E0,-1.205E0,-3.43E0));
#3013=VERTEX_POINT('',#3011);
#3014=VERTEX_POINT('',#3012);
#3015=CARTESIAN_POINT('',(-5.065E0,-1.205E0,-3.43E0));
#3016=VERTEX_POINT('',#3015);
#3017=CARTESIAN_POINT('',(-5.065E0,-1.585E0,-3.43E0));
#3018=VERTEX_POINT('',#3017);
#3019=CARTESIAN_POINT('',(-5.065E0,1.585E0,3.47E0));
#3020=CARTESIAN_POINT('',(-5.065E0,1.205E0,3.47E0));
#3021=VERTEX_POINT('',#3019);
#3022=VERTEX_POINT('',#3020);
#3023=CARTESIAN_POINT('',(-2.885E0,1.205E0,3.47E0));
#3024=VERTEX_POINT('',#3023);
#3025=CARTESIAN_POINT('',(-2.885E0,1.585E0,3.47E0));
#3026=VERTEX_POINT('',#3025);
#3027=CARTESIAN_POINT('',(-2.885E0,-1.585E0,3.47E0));
#3028=CARTESIAN_POINT('',(-2.885E0,-1.205E0,3.47E0));
#3029=VERTEX_POINT('',#3027);
#3030=VERTEX_POINT('',#3028);
#3031=CARTESIAN_POINT('',(-5.065E0,-1.205E0,3.47E0));
#3032=VERTEX_POINT('',#3031);
#3033=CARTESIAN_POINT('',(-5.065E0,-1.585E0,3.47E0));
#3034=VERTEX_POINT('',#3033);
#3035=CARTESIAN_POINT('',(1.0775E1,1.585E0,-2.45E0));
#3036=CARTESIAN_POINT('',(8.995E0,1.585E0,-2.45E0));
#3037=VERTEX_POINT('',#3035);
#3038=VERTEX_POINT('',#3036);
#3039=CARTESIAN_POINT('',(6.815E0,1.585E0,-2.45E0));
#3040=CARTESIAN_POINT('',(5.035E0,1.585E0,-2.45E0));
#3041=VERTEX_POINT('',#3039);
#3042=VERTEX_POINT('',#3040);
#3043=CARTESIAN_POINT('',(-1.6945E1,1.585E0,-2.45E0));
#3044=CARTESIAN_POINT('',(-1.6945E1,1.205E0,-2.45E0));
#3045=VERTEX_POINT('',#3043);
#3046=VERTEX_POINT('',#3044);
#3047=CARTESIAN_POINT('',(-1.4765E1,1.205E0,-2.45E0));
#3048=VERTEX_POINT('',#3047);
#3049=CARTESIAN_POINT('',(-1.4765E1,1.585E0,-2.45E0));
#3050=VERTEX_POINT('',#3049);
#3051=CARTESIAN_POINT('',(-1.2985E1,1.585E0,-2.45E0));
#3052=CARTESIAN_POINT('',(-1.2985E1,1.205E0,-2.45E0));
#3053=VERTEX_POINT('',#3051);
#3054=VERTEX_POINT('',#3052);
#3055=CARTESIAN_POINT('',(-1.0805E1,1.205E0,-2.45E0));
#3056=VERTEX_POINT('',#3055);
#3057=CARTESIAN_POINT('',(-1.0805E1,1.585E0,-2.45E0));
#3058=VERTEX_POINT('',#3057);
#3059=CARTESIAN_POINT('',(-9.025E0,1.585E0,-2.45E0));
#3060=CARTESIAN_POINT('',(-9.025E0,1.205E0,-2.45E0));
#3061=VERTEX_POINT('',#3059);
#3062=VERTEX_POINT('',#3060);
#3063=CARTESIAN_POINT('',(-6.845E0,1.205E0,-2.45E0));
#3064=VERTEX_POINT('',#3063);
#3065=CARTESIAN_POINT('',(-6.845E0,1.585E0,-2.45E0));
#3066=VERTEX_POINT('',#3065);
#3067=CARTESIAN_POINT('',(-5.065E0,1.585E0,-2.45E0));
#3068=CARTESIAN_POINT('',(-5.065E0,1.205E0,-2.45E0));
#3069=VERTEX_POINT('',#3067);
#3070=VERTEX_POINT('',#3068);
#3071=CARTESIAN_POINT('',(-2.885E0,1.205E0,-2.45E0));
#3072=VERTEX_POINT('',#3071);
#3073=CARTESIAN_POINT('',(-2.885E0,1.585E0,-2.45E0));
#3074=VERTEX_POINT('',#3073);
#3075=CARTESIAN_POINT('',(-1.5625E1,-6.035E0,0.E0));
#3076=CARTESIAN_POINT('',(-1.5285E1,-5.145E0,0.E0));
#3077=VERTEX_POINT('',#3075);
#3078=VERTEX_POINT('',#3076);
#3079=CARTESIAN_POINT('',(-1.5285E1,1.2125E1,0.E0));
#3080=CARTESIAN_POINT('',(-1.5625E1,1.3015E1,0.E0));
#3081=VERTEX_POINT('',#3079);
#3082=VERTEX_POINT('',#3080);
#3083=CARTESIAN_POINT('',(-1.6085E1,-6.035E0,0.E0));
#3084=CARTESIAN_POINT('',(-1.6425E1,-5.145E0,0.E0));
#3085=VERTEX_POINT('',#3083);
#3086=VERTEX_POINT('',#3084);
#3087=CARTESIAN_POINT('',(-1.6425E1,1.2125E1,0.E0));
#3088=CARTESIAN_POINT('',(-1.6085E1,1.3015E1,0.E0));
#3089=VERTEX_POINT('',#3087);
#3090=VERTEX_POINT('',#3088);
#3091=CARTESIAN_POINT('',(-1.5285E1,1.205E0,0.E0));
#3092=CARTESIAN_POINT('',(-1.6425E1,1.205E0,0.E0));
#3093=VERTEX_POINT('',#3091);
#3094=VERTEX_POINT('',#3092);
#3095=CARTESIAN_POINT('',(-1.5285E1,-1.205E0,0.E0));
#3096=CARTESIAN_POINT('',(-1.6425E1,-1.205E0,0.E0));
#3097=VERTEX_POINT('',#3095);
#3098=VERTEX_POINT('',#3096);
#3099=CARTESIAN_POINT('',(-1.1665E1,-6.035E0,0.E0));
#3100=CARTESIAN_POINT('',(-1.1325E1,-5.145E0,0.E0));
#3101=VERTEX_POINT('',#3099);
#3102=VERTEX_POINT('',#3100);
#3103=CARTESIAN_POINT('',(-1.1325E1,1.2125E1,0.E0));
#3104=CARTESIAN_POINT('',(-1.1665E1,1.3015E1,0.E0));
#3105=VERTEX_POINT('',#3103);
#3106=VERTEX_POINT('',#3104);
#3107=CARTESIAN_POINT('',(-1.2125E1,-6.035E0,0.E0));
#3108=CARTESIAN_POINT('',(-1.2465E1,-5.145E0,0.E0));
#3109=VERTEX_POINT('',#3107);
#3110=VERTEX_POINT('',#3108);
#3111=CARTESIAN_POINT('',(-1.2465E1,1.2125E1,0.E0));
#3112=CARTESIAN_POINT('',(-1.2125E1,1.3015E1,0.E0));
#3113=VERTEX_POINT('',#3111);
#3114=VERTEX_POINT('',#3112);
#3115=CARTESIAN_POINT('',(-1.1325E1,1.205E0,0.E0));
#3116=CARTESIAN_POINT('',(-1.2465E1,1.205E0,0.E0));
#3117=VERTEX_POINT('',#3115);
#3118=VERTEX_POINT('',#3116);
#3119=CARTESIAN_POINT('',(-1.1325E1,-1.205E0,0.E0));
#3120=CARTESIAN_POINT('',(-1.2465E1,-1.205E0,0.E0));
#3121=VERTEX_POINT('',#3119);
#3122=VERTEX_POINT('',#3120);
#3123=CARTESIAN_POINT('',(-7.705E0,-6.035E0,0.E0));
#3124=CARTESIAN_POINT('',(-7.365E0,-5.145E0,0.E0));
#3125=VERTEX_POINT('',#3123);
#3126=VERTEX_POINT('',#3124);
#3127=CARTESIAN_POINT('',(-7.365E0,1.2125E1,0.E0));
#3128=CARTESIAN_POINT('',(-7.705E0,1.3015E1,0.E0));
#3129=VERTEX_POINT('',#3127);
#3130=VERTEX_POINT('',#3128);
#3131=CARTESIAN_POINT('',(-8.165E0,-6.035E0,0.E0));
#3132=CARTESIAN_POINT('',(-8.505E0,-5.145E0,0.E0));
#3133=VERTEX_POINT('',#3131);
#3134=VERTEX_POINT('',#3132);
#3135=CARTESIAN_POINT('',(-8.505E0,1.2125E1,0.E0));
#3136=CARTESIAN_POINT('',(-8.165E0,1.3015E1,0.E0));
#3137=VERTEX_POINT('',#3135);
#3138=VERTEX_POINT('',#3136);
#3139=CARTESIAN_POINT('',(-7.365E0,1.205E0,0.E0));
#3140=CARTESIAN_POINT('',(-8.505E0,1.205E0,0.E0));
#3141=VERTEX_POINT('',#3139);
#3142=VERTEX_POINT('',#3140);
#3143=CARTESIAN_POINT('',(-7.365E0,-1.205E0,0.E0));
#3144=CARTESIAN_POINT('',(-8.505E0,-1.205E0,0.E0));
#3145=VERTEX_POINT('',#3143);
#3146=VERTEX_POINT('',#3144);
#3147=CARTESIAN_POINT('',(-3.745E0,-6.035E0,0.E0));
#3148=CARTESIAN_POINT('',(-3.405E0,-5.145E0,0.E0));
#3149=VERTEX_POINT('',#3147);
#3150=VERTEX_POINT('',#3148);
#3151=CARTESIAN_POINT('',(-3.405E0,1.2125E1,0.E0));
#3152=CARTESIAN_POINT('',(-3.745E0,1.3015E1,0.E0));
#3153=VERTEX_POINT('',#3151);
#3154=VERTEX_POINT('',#3152);
#3155=CARTESIAN_POINT('',(-4.205E0,-6.035E0,0.E0));
#3156=CARTESIAN_POINT('',(-4.545E0,-5.145E0,0.E0));
#3157=VERTEX_POINT('',#3155);
#3158=VERTEX_POINT('',#3156);
#3159=CARTESIAN_POINT('',(-4.545E0,1.2125E1,0.E0));
#3160=CARTESIAN_POINT('',(-4.205E0,1.3015E1,0.E0));
#3161=VERTEX_POINT('',#3159);
#3162=VERTEX_POINT('',#3160);
#3163=CARTESIAN_POINT('',(-3.405E0,1.205E0,0.E0));
#3164=CARTESIAN_POINT('',(-4.545E0,1.205E0,0.E0));
#3165=VERTEX_POINT('',#3163);
#3166=VERTEX_POINT('',#3164);
#3167=CARTESIAN_POINT('',(-3.405E0,-1.205E0,0.E0));
#3168=CARTESIAN_POINT('',(-4.545E0,-1.205E0,0.E0));
#3169=VERTEX_POINT('',#3167);
#3170=VERTEX_POINT('',#3168);
#3171=CARTESIAN_POINT('',(-1.4385E1,-1.585E0,-1.5E0));
#3172=CARTESIAN_POINT('',(-1.4385E1,-1.585E0,1.5E0));
#3173=VERTEX_POINT('',#3171);
#3174=VERTEX_POINT('',#3172);
#3175=CARTESIAN_POINT('',(-1.3365E1,-1.585E0,1.5E0));
#3176=VERTEX_POINT('',#3175);
#3177=CARTESIAN_POINT('',(-1.3365E1,-1.585E0,-1.5E0));
#3178=VERTEX_POINT('',#3177);
#3179=CARTESIAN_POINT('',(-1.4385E1,1.585E0,-1.5E0));
#3180=CARTESIAN_POINT('',(-1.4385E1,1.585E0,1.5E0));
#3181=VERTEX_POINT('',#3179);
#3182=VERTEX_POINT('',#3180);
#3183=CARTESIAN_POINT('',(-1.3365E1,1.585E0,1.5E0));
#3184=VERTEX_POINT('',#3183);
#3185=CARTESIAN_POINT('',(-1.3365E1,1.585E0,-1.5E0));
#3186=VERTEX_POINT('',#3185);
#3187=CARTESIAN_POINT('',(-1.0425E1,-1.585E0,-1.5E0));
#3188=CARTESIAN_POINT('',(-1.0425E1,-1.585E0,1.5E0));
#3189=VERTEX_POINT('',#3187);
#3190=VERTEX_POINT('',#3188);
#3191=CARTESIAN_POINT('',(-9.405E0,-1.585E0,1.5E0));
#3192=VERTEX_POINT('',#3191);
#3193=CARTESIAN_POINT('',(-9.405E0,-1.585E0,-1.5E0));
#3194=VERTEX_POINT('',#3193);
#3195=CARTESIAN_POINT('',(-1.0425E1,1.585E0,-1.5E0));
#3196=CARTESIAN_POINT('',(-1.0425E1,1.585E0,1.5E0));
#3197=VERTEX_POINT('',#3195);
#3198=VERTEX_POINT('',#3196);
#3199=CARTESIAN_POINT('',(-9.405E0,1.585E0,1.5E0));
#3200=VERTEX_POINT('',#3199);
#3201=CARTESIAN_POINT('',(-9.405E0,1.585E0,-1.5E0));
#3202=VERTEX_POINT('',#3201);
#3203=CARTESIAN_POINT('',(-6.465E0,-1.585E0,-1.5E0));
#3204=CARTESIAN_POINT('',(-6.465E0,-1.585E0,1.5E0));
#3205=VERTEX_POINT('',#3203);
#3206=VERTEX_POINT('',#3204);
#3207=CARTESIAN_POINT('',(-5.445E0,-1.585E0,1.5E0));
#3208=VERTEX_POINT('',#3207);
#3209=CARTESIAN_POINT('',(-5.445E0,-1.585E0,-1.5E0));
#3210=VERTEX_POINT('',#3209);
#3211=CARTESIAN_POINT('',(-6.465E0,1.585E0,-1.5E0));
#3212=CARTESIAN_POINT('',(-6.465E0,1.585E0,1.5E0));
#3213=VERTEX_POINT('',#3211);
#3214=VERTEX_POINT('',#3212);
#3215=CARTESIAN_POINT('',(-5.445E0,1.585E0,1.5E0));
#3216=VERTEX_POINT('',#3215);
#3217=CARTESIAN_POINT('',(-5.445E0,1.585E0,-1.5E0));
#3218=VERTEX_POINT('',#3217);
#3219=CARTESIAN_POINT('',(-2.505E0,-1.585E0,-1.5E0));
#3220=CARTESIAN_POINT('',(-2.505E0,-1.585E0,1.5E0));
#3221=VERTEX_POINT('',#3219);
#3222=VERTEX_POINT('',#3220);
#3223=CARTESIAN_POINT('',(-1.485E0,-1.585E0,1.5E0));
#3224=VERTEX_POINT('',#3223);
#3225=CARTESIAN_POINT('',(-1.485E0,-1.585E0,-1.5E0));
#3226=VERTEX_POINT('',#3225);
#3227=CARTESIAN_POINT('',(-2.505E0,1.585E0,-1.5E0));
#3228=CARTESIAN_POINT('',(-2.505E0,1.585E0,1.5E0));
#3229=VERTEX_POINT('',#3227);
#3230=VERTEX_POINT('',#3228);
#3231=CARTESIAN_POINT('',(-1.485E0,1.585E0,1.5E0));
#3232=VERTEX_POINT('',#3231);
#3233=CARTESIAN_POINT('',(-1.485E0,1.585E0,-1.5E0));
#3234=VERTEX_POINT('',#3233);
#3235=CARTESIAN_POINT('',(1.075E0,-1.585E0,-3.43E0));
#3236=CARTESIAN_POINT('',(1.075E0,-1.205E0,-3.43E0));
#3237=VERTEX_POINT('',#3235);
#3238=VERTEX_POINT('',#3236);
#3239=CARTESIAN_POINT('',(-1.105E0,-1.205E0,-3.43E0));
#3240=VERTEX_POINT('',#3239);
#3241=CARTESIAN_POINT('',(-1.105E0,-1.585E0,-3.43E0));
#3242=VERTEX_POINT('',#3241);
#3243=CARTESIAN_POINT('',(-1.105E0,1.585E0,3.47E0));
#3244=CARTESIAN_POINT('',(-1.105E0,1.205E0,3.47E0));
#3245=VERTEX_POINT('',#3243);
#3246=VERTEX_POINT('',#3244);
#3247=CARTESIAN_POINT('',(1.075E0,1.205E0,3.47E0));
#3248=VERTEX_POINT('',#3247);
#3249=CARTESIAN_POINT('',(1.075E0,1.585E0,3.47E0));
#3250=VERTEX_POINT('',#3249);
#3251=CARTESIAN_POINT('',(1.075E0,-1.585E0,3.47E0));
#3252=CARTESIAN_POINT('',(1.075E0,-1.205E0,3.47E0));
#3253=VERTEX_POINT('',#3251);
#3254=VERTEX_POINT('',#3252);
#3255=CARTESIAN_POINT('',(-1.105E0,-1.205E0,3.47E0));
#3256=VERTEX_POINT('',#3255);
#3257=CARTESIAN_POINT('',(-1.105E0,-1.585E0,3.47E0));
#3258=VERTEX_POINT('',#3257);
#3259=CARTESIAN_POINT('',(2.15E-1,-6.035E0,0.E0));
#3260=CARTESIAN_POINT('',(5.55E-1,-5.145E0,0.E0));
#3261=VERTEX_POINT('',#3259);
#3262=VERTEX_POINT('',#3260);
#3263=CARTESIAN_POINT('',(5.55E-1,1.2125E1,0.E0));
#3264=CARTESIAN_POINT('',(2.15E-1,1.3015E1,0.E0));
#3265=VERTEX_POINT('',#3263);
#3266=VERTEX_POINT('',#3264);
#3267=CARTESIAN_POINT('',(-2.45E-1,-6.035E0,0.E0));
#3268=CARTESIAN_POINT('',(-5.85E-1,-5.145E0,0.E0));
#3269=VERTEX_POINT('',#3267);
#3270=VERTEX_POINT('',#3268);
#3271=CARTESIAN_POINT('',(-5.85E-1,1.2125E1,0.E0));
#3272=CARTESIAN_POINT('',(-2.45E-1,1.3015E1,0.E0));
#3273=VERTEX_POINT('',#3271);
#3274=VERTEX_POINT('',#3272);
#3275=CARTESIAN_POINT('',(5.55E-1,1.205E0,0.E0));
#3276=CARTESIAN_POINT('',(-5.85E-1,1.205E0,0.E0));
#3277=VERTEX_POINT('',#3275);
#3278=VERTEX_POINT('',#3276);
#3279=CARTESIAN_POINT('',(5.55E-1,-1.205E0,0.E0));
#3280=CARTESIAN_POINT('',(-5.85E-1,-1.205E0,0.E0));
#3281=VERTEX_POINT('',#3279);
#3282=VERTEX_POINT('',#3280);
#3283=CARTESIAN_POINT('',(-1.105E0,1.585E0,-2.45E0));
#3284=VERTEX_POINT('',#3283);
#3285=CARTESIAN_POINT('',(-1.105E0,1.205E0,-2.45E0));
#3286=VERTEX_POINT('',#3285);
#3287=CARTESIAN_POINT('',(1.075E0,1.205E0,-2.45E0));
#3288=VERTEX_POINT('',#3287);
#3289=CARTESIAN_POINT('',(1.075E0,1.585E0,-2.45E0));
#3290=VERTEX_POINT('',#3289);
#3291=CARTESIAN_POINT('',(5.035E0,-1.585E0,-3.43E0));
#3292=CARTESIAN_POINT('',(5.035E0,-1.205E0,-3.43E0));
#3293=VERTEX_POINT('',#3291);
#3294=VERTEX_POINT('',#3292);
#3295=CARTESIAN_POINT('',(2.855E0,-1.205E0,-3.43E0));
#3296=VERTEX_POINT('',#3295);
#3297=CARTESIAN_POINT('',(2.855E0,-1.585E0,-3.43E0));
#3298=VERTEX_POINT('',#3297);
#3299=CARTESIAN_POINT('',(2.855E0,1.585E0,3.47E0));
#3300=CARTESIAN_POINT('',(2.855E0,1.205E0,3.47E0));
#3301=VERTEX_POINT('',#3299);
#3302=VERTEX_POINT('',#3300);
#3303=CARTESIAN_POINT('',(5.035E0,1.205E0,3.47E0));
#3304=VERTEX_POINT('',#3303);
#3305=CARTESIAN_POINT('',(5.035E0,1.585E0,3.47E0));
#3306=VERTEX_POINT('',#3305);
#3307=CARTESIAN_POINT('',(5.035E0,-1.585E0,3.47E0));
#3308=CARTESIAN_POINT('',(5.035E0,-1.205E0,3.47E0));
#3309=VERTEX_POINT('',#3307);
#3310=VERTEX_POINT('',#3308);
#3311=CARTESIAN_POINT('',(2.855E0,-1.205E0,3.47E0));
#3312=VERTEX_POINT('',#3311);
#3313=CARTESIAN_POINT('',(2.855E0,-1.585E0,3.47E0));
#3314=VERTEX_POINT('',#3313);
#3315=CARTESIAN_POINT('',(4.175E0,-6.035E0,0.E0));
#3316=CARTESIAN_POINT('',(4.515E0,-5.145E0,0.E0));
#3317=VERTEX_POINT('',#3315);
#3318=VERTEX_POINT('',#3316);
#3319=CARTESIAN_POINT('',(4.515E0,1.2125E1,0.E0));
#3320=CARTESIAN_POINT('',(4.175E0,1.3015E1,0.E0));
#3321=VERTEX_POINT('',#3319);
#3322=VERTEX_POINT('',#3320);
#3323=CARTESIAN_POINT('',(3.715E0,-6.035E0,0.E0));
#3324=CARTESIAN_POINT('',(3.375E0,-5.145E0,0.E0));
#3325=VERTEX_POINT('',#3323);
#3326=VERTEX_POINT('',#3324);
#3327=CARTESIAN_POINT('',(3.375E0,1.2125E1,0.E0));
#3328=CARTESIAN_POINT('',(3.715E0,1.3015E1,0.E0));
#3329=VERTEX_POINT('',#3327);
#3330=VERTEX_POINT('',#3328);
#3331=CARTESIAN_POINT('',(4.515E0,1.205E0,0.E0));
#3332=CARTESIAN_POINT('',(3.375E0,1.205E0,0.E0));
#3333=VERTEX_POINT('',#3331);
#3334=VERTEX_POINT('',#3332);
#3335=CARTESIAN_POINT('',(4.515E0,-1.205E0,0.E0));
#3336=CARTESIAN_POINT('',(3.375E0,-1.205E0,0.E0));
#3337=VERTEX_POINT('',#3335);
#3338=VERTEX_POINT('',#3336);
#3339=CARTESIAN_POINT('',(2.855E0,1.585E0,-2.45E0));
#3340=CARTESIAN_POINT('',(2.855E0,1.205E0,-2.45E0));
#3341=VERTEX_POINT('',#3339);
#3342=VERTEX_POINT('',#3340);
#3343=CARTESIAN_POINT('',(5.035E0,1.205E0,-2.45E0));
#3344=VERTEX_POINT('',#3343);
#3345=CARTESIAN_POINT('',(1.455E0,-1.585E0,-1.5E0));
#3346=CARTESIAN_POINT('',(1.455E0,-1.585E0,1.5E0));
#3347=VERTEX_POINT('',#3345);
#3348=VERTEX_POINT('',#3346);
#3349=CARTESIAN_POINT('',(2.475E0,-1.585E0,1.5E0));
#3350=VERTEX_POINT('',#3349);
#3351=CARTESIAN_POINT('',(2.475E0,-1.585E0,-1.5E0));
#3352=VERTEX_POINT('',#3351);
#3353=CARTESIAN_POINT('',(1.455E0,1.585E0,-1.5E0));
#3354=CARTESIAN_POINT('',(1.455E0,1.585E0,1.5E0));
#3355=VERTEX_POINT('',#3353);
#3356=VERTEX_POINT('',#3354);
#3357=CARTESIAN_POINT('',(2.475E0,1.585E0,1.5E0));
#3358=VERTEX_POINT('',#3357);
#3359=CARTESIAN_POINT('',(2.475E0,1.585E0,-1.5E0));
#3360=VERTEX_POINT('',#3359);
#3361=CARTESIAN_POINT('',(8.995E0,-1.585E0,-3.43E0));
#3362=CARTESIAN_POINT('',(8.995E0,-1.205E0,-3.43E0));
#3363=VERTEX_POINT('',#3361);
#3364=VERTEX_POINT('',#3362);
#3365=CARTESIAN_POINT('',(6.815E0,-1.205E0,-3.43E0));
#3366=VERTEX_POINT('',#3365);
#3367=CARTESIAN_POINT('',(6.815E0,-1.585E0,-3.43E0));
#3368=VERTEX_POINT('',#3367);
#3369=CARTESIAN_POINT('',(6.815E0,1.585E0,3.47E0));
#3370=CARTESIAN_POINT('',(6.815E0,1.205E0,3.47E0));
#3371=VERTEX_POINT('',#3369);
#3372=VERTEX_POINT('',#3370);
#3373=CARTESIAN_POINT('',(8.995E0,1.205E0,3.47E0));
#3374=VERTEX_POINT('',#3373);
#3375=CARTESIAN_POINT('',(8.995E0,1.585E0,3.47E0));
#3376=VERTEX_POINT('',#3375);
#3377=CARTESIAN_POINT('',(8.995E0,-1.585E0,3.47E0));
#3378=CARTESIAN_POINT('',(8.995E0,-1.205E0,3.47E0));
#3379=VERTEX_POINT('',#3377);
#3380=VERTEX_POINT('',#3378);
#3381=CARTESIAN_POINT('',(6.815E0,-1.205E0,3.47E0));
#3382=VERTEX_POINT('',#3381);
#3383=CARTESIAN_POINT('',(6.815E0,-1.585E0,3.47E0));
#3384=VERTEX_POINT('',#3383);
#3385=CARTESIAN_POINT('',(8.135E0,-6.035E0,0.E0));
#3386=CARTESIAN_POINT('',(8.475E0,-5.145E0,0.E0));
#3387=VERTEX_POINT('',#3385);
#3388=VERTEX_POINT('',#3386);
#3389=CARTESIAN_POINT('',(8.475E0,1.2125E1,0.E0));
#3390=CARTESIAN_POINT('',(8.135E0,1.3015E1,0.E0));
#3391=VERTEX_POINT('',#3389);
#3392=VERTEX_POINT('',#3390);
#3393=CARTESIAN_POINT('',(7.675E0,-6.035E0,0.E0));
#3394=CARTESIAN_POINT('',(7.335E0,-5.145E0,0.E0));
#3395=VERTEX_POINT('',#3393);
#3396=VERTEX_POINT('',#3394);
#3397=CARTESIAN_POINT('',(7.335E0,1.2125E1,0.E0));
#3398=CARTESIAN_POINT('',(7.675E0,1.3015E1,0.E0));
#3399=VERTEX_POINT('',#3397);
#3400=VERTEX_POINT('',#3398);
#3401=CARTESIAN_POINT('',(8.475E0,1.205E0,0.E0));
#3402=CARTESIAN_POINT('',(7.335E0,1.205E0,0.E0));
#3403=VERTEX_POINT('',#3401);
#3404=VERTEX_POINT('',#3402);
#3405=CARTESIAN_POINT('',(8.475E0,-1.205E0,0.E0));
#3406=CARTESIAN_POINT('',(7.335E0,-1.205E0,0.E0));
#3407=VERTEX_POINT('',#3405);
#3408=VERTEX_POINT('',#3406);
#3409=CARTESIAN_POINT('',(6.815E0,1.205E0,-2.45E0));
#3410=VERTEX_POINT('',#3409);
#3411=CARTESIAN_POINT('',(8.995E0,1.205E0,-2.45E0));
#3412=VERTEX_POINT('',#3411);
#3413=CARTESIAN_POINT('',(5.415E0,-1.585E0,-1.5E0));
#3414=CARTESIAN_POINT('',(5.415E0,-1.585E0,1.5E0));
#3415=VERTEX_POINT('',#3413);
#3416=VERTEX_POINT('',#3414);
#3417=CARTESIAN_POINT('',(6.435E0,-1.585E0,1.5E0));
#3418=VERTEX_POINT('',#3417);
#3419=CARTESIAN_POINT('',(6.435E0,-1.585E0,-1.5E0));
#3420=VERTEX_POINT('',#3419);
#3421=CARTESIAN_POINT('',(5.415E0,1.585E0,-1.5E0));
#3422=CARTESIAN_POINT('',(5.415E0,1.585E0,1.5E0));
#3423=VERTEX_POINT('',#3421);
#3424=VERTEX_POINT('',#3422);
#3425=CARTESIAN_POINT('',(6.435E0,1.585E0,1.5E0));
#3426=VERTEX_POINT('',#3425);
#3427=CARTESIAN_POINT('',(6.435E0,1.585E0,-1.5E0));
#3428=VERTEX_POINT('',#3427);
#3429=CARTESIAN_POINT('',(1.2955E1,-1.585E0,-3.43E0));
#3430=CARTESIAN_POINT('',(1.2955E1,-1.205E0,-3.43E0));
#3431=VERTEX_POINT('',#3429);
#3432=VERTEX_POINT('',#3430);
#3433=CARTESIAN_POINT('',(1.0775E1,-1.205E0,-3.43E0));
#3434=VERTEX_POINT('',#3433);
#3435=CARTESIAN_POINT('',(1.0775E1,-1.585E0,-3.43E0));
#3436=VERTEX_POINT('',#3435);
#3437=CARTESIAN_POINT('',(1.0775E1,1.585E0,3.47E0));
#3438=CARTESIAN_POINT('',(1.0775E1,1.205E0,3.47E0));
#3439=VERTEX_POINT('',#3437);
#3440=VERTEX_POINT('',#3438);
#3441=CARTESIAN_POINT('',(1.2955E1,1.205E0,3.47E0));
#3442=VERTEX_POINT('',#3441);
#3443=CARTESIAN_POINT('',(1.2955E1,1.585E0,3.47E0));
#3444=VERTEX_POINT('',#3443);
#3445=CARTESIAN_POINT('',(1.2955E1,-1.585E0,3.47E0));
#3446=CARTESIAN_POINT('',(1.2955E1,-1.205E0,3.47E0));
#3447=VERTEX_POINT('',#3445);
#3448=VERTEX_POINT('',#3446);
#3449=CARTESIAN_POINT('',(1.0775E1,-1.205E0,3.47E0));
#3450=VERTEX_POINT('',#3449);
#3451=CARTESIAN_POINT('',(1.0775E1,-1.585E0,3.47E0));
#3452=VERTEX_POINT('',#3451);
#3453=CARTESIAN_POINT('',(1.2095E1,-6.035E0,0.E0));
#3454=CARTESIAN_POINT('',(1.2435E1,-5.145E0,0.E0));
#3455=VERTEX_POINT('',#3453);
#3456=VERTEX_POINT('',#3454);
#3457=CARTESIAN_POINT('',(1.2435E1,1.2125E1,0.E0));
#3458=CARTESIAN_POINT('',(1.2095E1,1.3015E1,0.E0));
#3459=VERTEX_POINT('',#3457);
#3460=VERTEX_POINT('',#3458);
#3461=CARTESIAN_POINT('',(1.1635E1,-6.035E0,0.E0));
#3462=CARTESIAN_POINT('',(1.1295E1,-5.145E0,0.E0));
#3463=VERTEX_POINT('',#3461);
#3464=VERTEX_POINT('',#3462);
#3465=CARTESIAN_POINT('',(1.1295E1,1.2125E1,0.E0));
#3466=CARTESIAN_POINT('',(1.1635E1,1.3015E1,0.E0));
#3467=VERTEX_POINT('',#3465);
#3468=VERTEX_POINT('',#3466);
#3469=CARTESIAN_POINT('',(1.2435E1,1.205E0,0.E0));
#3470=CARTESIAN_POINT('',(1.1295E1,1.205E0,0.E0));
#3471=VERTEX_POINT('',#3469);
#3472=VERTEX_POINT('',#3470);
#3473=CARTESIAN_POINT('',(1.2435E1,-1.205E0,0.E0));
#3474=CARTESIAN_POINT('',(1.1295E1,-1.205E0,0.E0));
#3475=VERTEX_POINT('',#3473);
#3476=VERTEX_POINT('',#3474);
#3477=CARTESIAN_POINT('',(1.0775E1,1.205E0,-2.45E0));
#3478=VERTEX_POINT('',#3477);
#3479=CARTESIAN_POINT('',(1.2955E1,1.205E0,-2.45E0));
#3480=VERTEX_POINT('',#3479);
#3481=CARTESIAN_POINT('',(1.2955E1,1.585E0,-2.45E0));
#3482=VERTEX_POINT('',#3481);
#3483=CARTESIAN_POINT('',(9.375E0,-1.585E0,-1.5E0));
#3484=CARTESIAN_POINT('',(9.375E0,-1.585E0,1.5E0));
#3485=VERTEX_POINT('',#3483);
#3486=VERTEX_POINT('',#3484);
#3487=CARTESIAN_POINT('',(1.0395E1,-1.585E0,1.5E0));
#3488=VERTEX_POINT('',#3487);
#3489=CARTESIAN_POINT('',(1.0395E1,-1.585E0,-1.5E0));
#3490=VERTEX_POINT('',#3489);
#3491=CARTESIAN_POINT('',(9.375E0,1.585E0,-1.5E0));
#3492=CARTESIAN_POINT('',(9.375E0,1.585E0,1.5E0));
#3493=VERTEX_POINT('',#3491);
#3494=VERTEX_POINT('',#3492);
#3495=CARTESIAN_POINT('',(1.0395E1,1.585E0,1.5E0));
#3496=VERTEX_POINT('',#3495);
#3497=CARTESIAN_POINT('',(1.0395E1,1.585E0,-1.5E0));
#3498=VERTEX_POINT('',#3497);
#3499=CARTESIAN_POINT('',(1.6915E1,-1.585E0,-3.43E0));
#3500=CARTESIAN_POINT('',(1.6915E1,-1.205E0,-3.43E0));
#3501=VERTEX_POINT('',#3499);
#3502=VERTEX_POINT('',#3500);
#3503=CARTESIAN_POINT('',(1.4735E1,-1.205E0,-3.43E0));
#3504=VERTEX_POINT('',#3503);
#3505=CARTESIAN_POINT('',(1.4735E1,-1.585E0,-3.43E0));
#3506=VERTEX_POINT('',#3505);
#3507=CARTESIAN_POINT('',(1.4735E1,1.585E0,3.47E0));
#3508=CARTESIAN_POINT('',(1.4735E1,1.205E0,3.47E0));
#3509=VERTEX_POINT('',#3507);
#3510=VERTEX_POINT('',#3508);
#3511=CARTESIAN_POINT('',(1.6915E1,1.205E0,3.47E0));
#3512=VERTEX_POINT('',#3511);
#3513=CARTESIAN_POINT('',(1.6915E1,1.585E0,3.47E0));
#3514=VERTEX_POINT('',#3513);
#3515=CARTESIAN_POINT('',(1.6915E1,-1.585E0,3.47E0));
#3516=CARTESIAN_POINT('',(1.6915E1,-1.205E0,3.47E0));
#3517=VERTEX_POINT('',#3515);
#3518=VERTEX_POINT('',#3516);
#3519=CARTESIAN_POINT('',(1.4735E1,-1.205E0,3.47E0));
#3520=VERTEX_POINT('',#3519);
#3521=CARTESIAN_POINT('',(1.4735E1,-1.585E0,3.47E0));
#3522=VERTEX_POINT('',#3521);
#3523=CARTESIAN_POINT('',(1.6055E1,-6.035E0,0.E0));
#3524=CARTESIAN_POINT('',(1.6395E1,-5.145E0,0.E0));
#3525=VERTEX_POINT('',#3523);
#3526=VERTEX_POINT('',#3524);
#3527=CARTESIAN_POINT('',(1.6395E1,1.2125E1,0.E0));
#3528=CARTESIAN_POINT('',(1.6055E1,1.3015E1,0.E0));
#3529=VERTEX_POINT('',#3527);
#3530=VERTEX_POINT('',#3528);
#3531=CARTESIAN_POINT('',(1.5595E1,-6.035E0,0.E0));
#3532=CARTESIAN_POINT('',(1.5255E1,-5.145E0,0.E0));
#3533=VERTEX_POINT('',#3531);
#3534=VERTEX_POINT('',#3532);
#3535=CARTESIAN_POINT('',(1.5255E1,1.2125E1,0.E0));
#3536=CARTESIAN_POINT('',(1.5595E1,1.3015E1,0.E0));
#3537=VERTEX_POINT('',#3535);
#3538=VERTEX_POINT('',#3536);
#3539=CARTESIAN_POINT('',(1.6395E1,1.205E0,0.E0));
#3540=CARTESIAN_POINT('',(1.5255E1,1.205E0,0.E0));
#3541=VERTEX_POINT('',#3539);
#3542=VERTEX_POINT('',#3540);
#3543=CARTESIAN_POINT('',(1.6395E1,-1.205E0,0.E0));
#3544=CARTESIAN_POINT('',(1.5255E1,-1.205E0,0.E0));
#3545=VERTEX_POINT('',#3543);
#3546=VERTEX_POINT('',#3544);
#3547=CARTESIAN_POINT('',(1.4735E1,1.585E0,-2.45E0));
#3548=CARTESIAN_POINT('',(1.4735E1,1.205E0,-2.45E0));
#3549=VERTEX_POINT('',#3547);
#3550=VERTEX_POINT('',#3548);
#3551=CARTESIAN_POINT('',(1.6915E1,1.205E0,-2.45E0));
#3552=VERTEX_POINT('',#3551);
#3553=CARTESIAN_POINT('',(1.3335E1,-1.585E0,-1.5E0));
#3554=CARTESIAN_POINT('',(1.3335E1,-1.585E0,1.5E0));
#3555=VERTEX_POINT('',#3553);
#3556=VERTEX_POINT('',#3554);
#3557=CARTESIAN_POINT('',(1.4355E1,-1.585E0,1.5E0));
#3558=VERTEX_POINT('',#3557);
#3559=CARTESIAN_POINT('',(1.4355E1,-1.585E0,-1.5E0));
#3560=VERTEX_POINT('',#3559);
#3561=CARTESIAN_POINT('',(1.3335E1,1.585E0,-1.5E0));
#3562=CARTESIAN_POINT('',(1.3335E1,1.585E0,1.5E0));
#3563=VERTEX_POINT('',#3561);
#3564=VERTEX_POINT('',#3562);
#3565=CARTESIAN_POINT('',(1.4355E1,1.585E0,1.5E0));
#3566=VERTEX_POINT('',#3565);
#3567=CARTESIAN_POINT('',(1.4355E1,1.585E0,-1.5E0));
#3568=VERTEX_POINT('',#3567);
#3569=CARTESIAN_POINT('',(2.0875E1,-1.585E0,-3.43E0));
#3570=CARTESIAN_POINT('',(2.0875E1,-1.205E0,-3.43E0));
#3571=VERTEX_POINT('',#3569);
#3572=VERTEX_POINT('',#3570);
#3573=CARTESIAN_POINT('',(1.8695E1,-1.205E0,-3.43E0));
#3574=VERTEX_POINT('',#3573);
#3575=CARTESIAN_POINT('',(1.8695E1,-1.585E0,-3.43E0));
#3576=VERTEX_POINT('',#3575);
#3577=CARTESIAN_POINT('',(1.8695E1,1.585E0,3.47E0));
#3578=CARTESIAN_POINT('',(1.8695E1,1.205E0,3.47E0));
#3579=VERTEX_POINT('',#3577);
#3580=VERTEX_POINT('',#3578);
#3581=CARTESIAN_POINT('',(2.0875E1,1.205E0,3.47E0));
#3582=VERTEX_POINT('',#3581);
#3583=CARTESIAN_POINT('',(2.0875E1,1.585E0,3.47E0));
#3584=VERTEX_POINT('',#3583);
#3585=CARTESIAN_POINT('',(2.0875E1,-1.585E0,3.47E0));
#3586=CARTESIAN_POINT('',(2.0875E1,-1.205E0,3.47E0));
#3587=VERTEX_POINT('',#3585);
#3588=VERTEX_POINT('',#3586);
#3589=CARTESIAN_POINT('',(1.8695E1,-1.205E0,3.47E0));
#3590=VERTEX_POINT('',#3589);
#3591=CARTESIAN_POINT('',(1.8695E1,-1.585E0,3.47E0));
#3592=VERTEX_POINT('',#3591);
#3593=CARTESIAN_POINT('',(2.0015E1,-6.035E0,0.E0));
#3594=CARTESIAN_POINT('',(2.0355E1,-5.145E0,0.E0));
#3595=VERTEX_POINT('',#3593);
#3596=VERTEX_POINT('',#3594);
#3597=CARTESIAN_POINT('',(2.0355E1,1.2125E1,0.E0));
#3598=CARTESIAN_POINT('',(2.0015E1,1.3015E1,0.E0));
#3599=VERTEX_POINT('',#3597);
#3600=VERTEX_POINT('',#3598);
#3601=CARTESIAN_POINT('',(1.9555E1,-6.035E0,0.E0));
#3602=CARTESIAN_POINT('',(1.9215E1,-5.145E0,0.E0));
#3603=VERTEX_POINT('',#3601);
#3604=VERTEX_POINT('',#3602);
#3605=CARTESIAN_POINT('',(1.9215E1,1.2125E1,0.E0));
#3606=CARTESIAN_POINT('',(1.9555E1,1.3015E1,0.E0));
#3607=VERTEX_POINT('',#3605);
#3608=VERTEX_POINT('',#3606);
#3609=CARTESIAN_POINT('',(2.0355E1,1.205E0,0.E0));
#3610=CARTESIAN_POINT('',(1.9215E1,1.205E0,0.E0));
#3611=VERTEX_POINT('',#3609);
#3612=VERTEX_POINT('',#3610);
#3613=CARTESIAN_POINT('',(2.0355E1,-1.205E0,0.E0));
#3614=CARTESIAN_POINT('',(1.9215E1,-1.205E0,0.E0));
#3615=VERTEX_POINT('',#3613);
#3616=VERTEX_POINT('',#3614);
#3617=CARTESIAN_POINT('',(1.8695E1,1.205E0,-2.45E0));
#3618=VERTEX_POINT('',#3617);
#3619=CARTESIAN_POINT('',(2.0875E1,1.205E0,-2.45E0));
#3620=VERTEX_POINT('',#3619);
#3621=CARTESIAN_POINT('',(1.7295E1,-1.585E0,-1.5E0));
#3622=CARTESIAN_POINT('',(1.7295E1,-1.585E0,1.5E0));
#3623=VERTEX_POINT('',#3621);
#3624=VERTEX_POINT('',#3622);
#3625=CARTESIAN_POINT('',(1.8315E1,-1.585E0,1.5E0));
#3626=VERTEX_POINT('',#3625);
#3627=CARTESIAN_POINT('',(1.8315E1,-1.585E0,-1.5E0));
#3628=VERTEX_POINT('',#3627);
#3629=CARTESIAN_POINT('',(1.7295E1,1.585E0,-1.5E0));
#3630=CARTESIAN_POINT('',(1.7295E1,1.585E0,1.5E0));
#3631=VERTEX_POINT('',#3629);
#3632=VERTEX_POINT('',#3630);
#3633=CARTESIAN_POINT('',(1.8315E1,1.585E0,1.5E0));
#3634=VERTEX_POINT('',#3633);
#3635=CARTESIAN_POINT('',(1.8315E1,1.585E0,-1.5E0));
#3636=VERTEX_POINT('',#3635);
#3637=CARTESIAN_POINT('',(1.455E0,7.535E0,-3.43E0));
#3638=CARTESIAN_POINT('',(1.455E0,1.585E0,-3.43E0));
#3639=VERTEX_POINT('',#3637);
#3640=VERTEX_POINT('',#3638);
#3641=CARTESIAN_POINT('',(2.475E0,1.585E0,-3.43E0));
#3642=VERTEX_POINT('',#3641);
#3643=CARTESIAN_POINT('',(2.475E0,7.535E0,-3.43E0));
#3644=VERTEX_POINT('',#3643);
#3645=CARTESIAN_POINT('',(1.455E0,7.535E0,-2.83E0));
#3646=VERTEX_POINT('',#3645);
#3647=CARTESIAN_POINT('',(2.475E0,7.535E0,-2.83E0));
#3648=VERTEX_POINT('',#3647);
#3649=CARTESIAN_POINT('',(1.455E0,6.876820693124E0,-2.45E0));
#3650=VERTEX_POINT('',#3649);
#3651=CARTESIAN_POINT('',(2.475E0,6.876820693124E0,-2.45E0));
#3652=VERTEX_POINT('',#3651);
#3653=CARTESIAN_POINT('',(1.455E0,1.585E0,-2.45E0));
#3654=VERTEX_POINT('',#3653);
#3655=CARTESIAN_POINT('',(2.475E0,1.585E0,-2.45E0));
#3656=VERTEX_POINT('',#3655);
#3657=CARTESIAN_POINT('',(1.3335E1,7.535E0,-3.43E0));
#3658=CARTESIAN_POINT('',(1.3335E1,1.585E0,-3.43E0));
#3659=VERTEX_POINT('',#3657);
#3660=VERTEX_POINT('',#3658);
#3661=CARTESIAN_POINT('',(1.4355E1,1.585E0,-3.43E0));
#3662=VERTEX_POINT('',#3661);
#3663=CARTESIAN_POINT('',(1.4355E1,7.535E0,-3.43E0));
#3664=VERTEX_POINT('',#3663);
#3665=CARTESIAN_POINT('',(1.3335E1,7.535E0,-2.83E0));
#3666=VERTEX_POINT('',#3665);
#3667=CARTESIAN_POINT('',(1.4355E1,7.535E0,-2.83E0));
#3668=VERTEX_POINT('',#3667);
#3669=CARTESIAN_POINT('',(1.3335E1,6.876820693124E0,-2.45E0));
#3670=VERTEX_POINT('',#3669);
#3671=CARTESIAN_POINT('',(1.4355E1,6.876820693124E0,-2.45E0));
#3672=VERTEX_POINT('',#3671);
#3673=CARTESIAN_POINT('',(1.3335E1,1.585E0,-2.45E0));
#3674=VERTEX_POINT('',#3673);
#3675=CARTESIAN_POINT('',(1.4355E1,1.585E0,-2.45E0));
#3676=VERTEX_POINT('',#3675);
#3677=CARTESIAN_POINT('',(0.E0,0.E0,-3.43E0));
#3678=DIRECTION('',(0.E0,0.E0,1.E0));
#3679=DIRECTION('',(1.E0,0.E0,0.E0));
#3680=AXIS2_PLACEMENT_3D('',#3677,#3678,#3679);
#3681=PLANE('',#3680);
#3683=ORIENTED_EDGE('',*,*,#3682,.F.);
#3685=ORIENTED_EDGE('',*,*,#3684,.F.);
#3687=ORIENTED_EDGE('',*,*,#3686,.T.);
#3689=ORIENTED_EDGE('',*,*,#3688,.F.);
#3691=ORIENTED_EDGE('',*,*,#3690,.F.);
#3693=ORIENTED_EDGE('',*,*,#3692,.F.);
#3695=ORIENTED_EDGE('',*,*,#3694,.T.);
#3697=ORIENTED_EDGE('',*,*,#3696,.F.);
#3699=ORIENTED_EDGE('',*,*,#3698,.F.);
#3701=ORIENTED_EDGE('',*,*,#3700,.F.);
#3703=ORIENTED_EDGE('',*,*,#3702,.F.);
#3705=ORIENTED_EDGE('',*,*,#3704,.T.);
#3707=ORIENTED_EDGE('',*,*,#3706,.T.);
#3709=ORIENTED_EDGE('',*,*,#3708,.F.);
#3711=ORIENTED_EDGE('',*,*,#3710,.F.);
#3713=ORIENTED_EDGE('',*,*,#3712,.T.);
#3715=ORIENTED_EDGE('',*,*,#3714,.T.);
#3717=ORIENTED_EDGE('',*,*,#3716,.F.);
#3719=ORIENTED_EDGE('',*,*,#3718,.F.);
#3721=ORIENTED_EDGE('',*,*,#3720,.T.);
#3723=ORIENTED_EDGE('',*,*,#3722,.T.);
#3725=ORIENTED_EDGE('',*,*,#3724,.F.);
#3727=ORIENTED_EDGE('',*,*,#3726,.F.);
#3729=ORIENTED_EDGE('',*,*,#3728,.T.);
#3731=ORIENTED_EDGE('',*,*,#3730,.T.);
#3733=ORIENTED_EDGE('',*,*,#3732,.F.);
#3735=ORIENTED_EDGE('',*,*,#3734,.F.);
#3737=ORIENTED_EDGE('',*,*,#3736,.T.);
#3739=ORIENTED_EDGE('',*,*,#3738,.T.);
#3741=ORIENTED_EDGE('',*,*,#3740,.F.);
#3743=ORIENTED_EDGE('',*,*,#3742,.F.);
#3745=ORIENTED_EDGE('',*,*,#3744,.T.);
#3747=ORIENTED_EDGE('',*,*,#3746,.T.);
#3749=ORIENTED_EDGE('',*,*,#3748,.F.);
#3751=ORIENTED_EDGE('',*,*,#3750,.F.);
#3753=ORIENTED_EDGE('',*,*,#3752,.T.);
#3755=ORIENTED_EDGE('',*,*,#3754,.T.);
#3757=ORIENTED_EDGE('',*,*,#3756,.F.);
#3759=ORIENTED_EDGE('',*,*,#3758,.F.);
#3761=ORIENTED_EDGE('',*,*,#3760,.T.);
#3763=ORIENTED_EDGE('',*,*,#3762,.T.);
#3765=ORIENTED_EDGE('',*,*,#3764,.F.);
#3767=ORIENTED_EDGE('',*,*,#3766,.F.);
#3769=ORIENTED_EDGE('',*,*,#3768,.T.);
#3771=ORIENTED_EDGE('',*,*,#3770,.T.);
#3773=ORIENTED_EDGE('',*,*,#3772,.F.);
#3775=ORIENTED_EDGE('',*,*,#3774,.F.);
#3777=ORIENTED_EDGE('',*,*,#3776,.T.);
#3779=ORIENTED_EDGE('',*,*,#3778,.T.);
#3781=ORIENTED_EDGE('',*,*,#3780,.F.);
#3783=ORIENTED_EDGE('',*,*,#3782,.F.);
#3785=ORIENTED_EDGE('',*,*,#3784,.T.);
#3787=ORIENTED_EDGE('',*,*,#3786,.T.);
#3789=ORIENTED_EDGE('',*,*,#3788,.F.);
#3791=ORIENTED_EDGE('',*,*,#3790,.F.);
#3793=ORIENTED_EDGE('',*,*,#3792,.T.);
#3795=ORIENTED_EDGE('',*,*,#3794,.T.);
#3797=ORIENTED_EDGE('',*,*,#3796,.F.);
#3799=ORIENTED_EDGE('',*,*,#3798,.T.);
#3801=ORIENTED_EDGE('',*,*,#3800,.F.);
#3802=EDGE_LOOP('',(#3683,#3685,#3687,#3689,#3691,#3693,#3695,#3697,#3699,#3701,
#3703,#3705,#3707,#3709,#3711,#3713,#3715,#3717,#3719,#3721,#3723,#3725,#3727,
#3729,#3731,#3733,#3735,#3737,#3739,#3741,#3743,#3745,#3747,#3749,#3751,#3753,
#3755,#3757,#3759,#3761,#3763,#3765,#3767,#3769,#3771,#3773,#3775,#3777,#3779,
#3781,#3783,#3785,#3787,#3789,#3791,#3793,#3795,#3797,#3799,#3801));
#3803=FACE_OUTER_BOUND('',#3802,.F.);
#3804=ADVANCED_FACE('',(#3803),#3681,.F.);
#3805=CARTESIAN_POINT('',(1.3335E1,7.535E0,-2.45E0));
#3806=DIRECTION('',(-1.E0,0.E0,0.E0));
#3807=DIRECTION('',(0.E0,-1.E0,0.E0));
#3808=AXIS2_PLACEMENT_3D('',#3805,#3806,#3807);
#3809=PLANE('',#3808);
#3810=ORIENTED_EDGE('',*,*,#3682,.T.);
#3812=ORIENTED_EDGE('',*,*,#3811,.F.);
#3814=ORIENTED_EDGE('',*,*,#3813,.F.);
#3816=ORIENTED_EDGE('',*,*,#3815,.F.);
#3818=ORIENTED_EDGE('',*,*,#3817,.F.);
#3819=EDGE_LOOP('',(#3810,#3812,#3814,#3816,#3818));
#3820=FACE_OUTER_BOUND('',#3819,.F.);
#3821=ADVANCED_FACE('',(#3820),#3809,.F.);
#3822=CARTESIAN_POINT('',(2.1795E1,1.585E0,-3.43E0));
#3823=DIRECTION('',(0.E0,1.E0,0.E0));
#3824=DIRECTION('',(-1.E0,0.E0,0.E0));
#3825=AXIS2_PLACEMENT_3D('',#3822,#3823,#3824);
#3826=PLANE('',#3825);
#3828=ORIENTED_EDGE('',*,*,#3827,.F.);
#3830=ORIENTED_EDGE('',*,*,#3829,.T.);
#3832=ORIENTED_EDGE('',*,*,#3831,.T.);
#3834=ORIENTED_EDGE('',*,*,#3833,.F.);
#3835=EDGE_LOOP('',(#3828,#3830,#3832,#3834));
#3836=FACE_OUTER_BOUND('',#3835,.F.);
#3837=ADVANCED_FACE('',(#3836),#3826,.T.);
#3838=CARTESIAN_POINT('',(2.1795E1,1.585E0,-3.43E0));
#3839=DIRECTION('',(0.E0,1.E0,0.E0));
#3840=DIRECTION('',(-1.E0,0.E0,0.E0));
#3841=AXIS2_PLACEMENT_3D('',#3838,#3839,#3840);
#3842=PLANE('',#3841);
#3844=ORIENTED_EDGE('',*,*,#3843,.F.);
#3846=ORIENTED_EDGE('',*,*,#3845,.F.);
#3848=ORIENTED_EDGE('',*,*,#3847,.T.);
#3850=ORIENTED_EDGE('',*,*,#3849,.T.);
#3851=EDGE_LOOP('',(#3844,#3846,#3848,#3850));
#3852=FACE_OUTER_BOUND('',#3851,.F.);
#3853=ADVANCED_FACE('',(#3852),#3842,.T.);
#3854=CARTESIAN_POINT('',(2.1795E1,1.585E0,-3.43E0));
#3855=DIRECTION('',(0.E0,1.E0,0.E0));
#3856=DIRECTION('',(-1.E0,0.E0,0.E0));
#3857=AXIS2_PLACEMENT_3D('',#3854,#3855,#3856);
#3858=PLANE('',#3857);
#3860=ORIENTED_EDGE('',*,*,#3859,.F.);
#3862=ORIENTED_EDGE('',*,*,#3861,.T.);
#3864=ORIENTED_EDGE('',*,*,#3863,.T.);
#3866=ORIENTED_EDGE('',*,*,#3865,.F.);
#3867=EDGE_LOOP('',(#3860,#3862,#3864,#3866));
#3868=FACE_OUTER_BOUND('',#3867,.F.);
#3870=ORIENTED_EDGE('',*,*,#3869,.T.);
#3872=ORIENTED_EDGE('',*,*,#3871,.T.);
#3874=ORIENTED_EDGE('',*,*,#3873,.T.);
#3876=ORIENTED_EDGE('',*,*,#3875,.T.);
#3877=EDGE_LOOP('',(#3870,#3872,#3874,#3876));
#3878=FACE_BOUND('',#3877,.F.);
#3879=ADVANCED_FACE('',(#3868,#3878),#3858,.T.);
#3880=CARTESIAN_POINT('',(2.1795E1,1.585E0,-3.43E0));
#3881=DIRECTION('',(0.E0,1.E0,0.E0));
#3882=DIRECTION('',(-1.E0,0.E0,0.E0));
#3883=AXIS2_PLACEMENT_3D('',#3880,#3881,#3882);
#3884=PLANE('',#3883);
#3886=ORIENTED_EDGE('',*,*,#3885,.F.);
#3888=ORIENTED_EDGE('',*,*,#3887,.F.);
#3890=ORIENTED_EDGE('',*,*,#3889,.T.);
#3892=ORIENTED_EDGE('',*,*,#3891,.T.);
#3893=EDGE_LOOP('',(#3886,#3888,#3890,#3892));
#3894=FACE_OUTER_BOUND('',#3893,.F.);
#3896=ORIENTED_EDGE('',*,*,#3895,.T.);
#3898=ORIENTED_EDGE('',*,*,#3897,.T.);
#3900=ORIENTED_EDGE('',*,*,#3899,.T.);
#3902=ORIENTED_EDGE('',*,*,#3901,.T.);
#3903=EDGE_LOOP('',(#3896,#3898,#3900,#3902));
#3904=FACE_BOUND('',#3903,.F.);
#3905=ADVANCED_FACE('',(#3894,#3904),#3884,.T.);
#3906=CARTESIAN_POINT('',(2.1795E1,1.585E0,-3.43E0));
#3907=DIRECTION('',(0.E0,1.E0,0.E0));
#3908=DIRECTION('',(-1.E0,0.E0,0.E0));
#3909=AXIS2_PLACEMENT_3D('',#3906,#3907,#3908);
#3910=PLANE('',#3909);
#3912=ORIENTED_EDGE('',*,*,#3911,.F.);
#3914=ORIENTED_EDGE('',*,*,#3913,.T.);
#3916=ORIENTED_EDGE('',*,*,#3915,.T.);
#3918=ORIENTED_EDGE('',*,*,#3917,.F.);
#3919=EDGE_LOOP('',(#3912,#3914,#3916,#3918));
#3920=FACE_OUTER_BOUND('',#3919,.F.);
#3922=ORIENTED_EDGE('',*,*,#3921,.T.);
#3924=ORIENTED_EDGE('',*,*,#3923,.T.);
#3926=ORIENTED_EDGE('',*,*,#3925,.T.);
#3928=ORIENTED_EDGE('',*,*,#3927,.T.);
#3929=EDGE_LOOP('',(#3922,#3924,#3926,#3928));
#3930=FACE_BOUND('',#3929,.F.);
#3931=ADVANCED_FACE('',(#3920,#3930),#3910,.T.);
#3932=CARTESIAN_POINT('',(2.1795E1,1.585E0,-3.43E0));
#3933=DIRECTION('',(0.E0,1.E0,0.E0));
#3934=DIRECTION('',(-1.E0,0.E0,0.E0));
#3935=AXIS2_PLACEMENT_3D('',#3932,#3933,#3934);
#3936=PLANE('',#3935);
#3938=ORIENTED_EDGE('',*,*,#3937,.F.);
#3940=ORIENTED_EDGE('',*,*,#3939,.T.);
#3942=ORIENTED_EDGE('',*,*,#3941,.T.);
#3944=ORIENTED_EDGE('',*,*,#3943,.F.);
#3945=EDGE_LOOP('',(#3938,#3940,#3942,#3944));
#3946=FACE_OUTER_BOUND('',#3945,.F.);
#3948=ORIENTED_EDGE('',*,*,#3947,.T.);
#3950=ORIENTED_EDGE('',*,*,#3949,.T.);
#3952=ORIENTED_EDGE('',*,*,#3951,.T.);
#3954=ORIENTED_EDGE('',*,*,#3953,.T.);
#3955=EDGE_LOOP('',(#3948,#3950,#3952,#3954));
#3956=FACE_BOUND('',#3955,.F.);
#3957=ADVANCED_FACE('',(#3946,#3956),#3936,.T.);
#3958=CARTESIAN_POINT('',(2.1795E1,1.585E0,-3.43E0));
#3959=DIRECTION('',(0.E0,1.E0,0.E0));
#3960=DIRECTION('',(-1.E0,0.E0,0.E0));
#3961=AXIS2_PLACEMENT_3D('',#3958,#3959,#3960);
#3962=PLANE('',#3961);
#3964=ORIENTED_EDGE('',*,*,#3963,.F.);
#3966=ORIENTED_EDGE('',*,*,#3965,.F.);
#3968=ORIENTED_EDGE('',*,*,#3967,.T.);
#3970=ORIENTED_EDGE('',*,*,#3969,.T.);
#3971=EDGE_LOOP('',(#3964,#3966,#3968,#3970));
#3972=FACE_OUTER_BOUND('',#3971,.F.);
#3974=ORIENTED_EDGE('',*,*,#3973,.T.);
#3976=ORIENTED_EDGE('',*,*,#3975,.T.);
#3978=ORIENTED_EDGE('',*,*,#3977,.T.);
#3980=ORIENTED_EDGE('',*,*,#3979,.T.);
#3981=EDGE_LOOP('',(#3974,#3976,#3978,#3980));
#3982=FACE_BOUND('',#3981,.F.);
#3983=ADVANCED_FACE('',(#3972,#3982),#3962,.T.);
#3984=CARTESIAN_POINT('',(2.1795E1,1.585E0,-3.43E0));
#3985=DIRECTION('',(0.E0,1.E0,0.E0));
#3986=DIRECTION('',(-1.E0,0.E0,0.E0));
#3987=AXIS2_PLACEMENT_3D('',#3984,#3985,#3986);
#3988=PLANE('',#3987);
#3990=ORIENTED_EDGE('',*,*,#3989,.F.);
#3992=ORIENTED_EDGE('',*,*,#3991,.F.);
#3994=ORIENTED_EDGE('',*,*,#3993,.T.);
#3996=ORIENTED_EDGE('',*,*,#3995,.T.);
#3997=EDGE_LOOP('',(#3990,#3992,#3994,#3996));
#3998=FACE_OUTER_BOUND('',#3997,.F.);
#4000=ORIENTED_EDGE('',*,*,#3999,.T.);
#4002=ORIENTED_EDGE('',*,*,#4001,.T.);
#4004=ORIENTED_EDGE('',*,*,#4003,.T.);
#4006=ORIENTED_EDGE('',*,*,#4005,.T.);
#4007=EDGE_LOOP('',(#4000,#4002,#4004,#4006));
#4008=FACE_BOUND('',#4007,.F.);
#4009=ADVANCED_FACE('',(#3998,#4008),#3988,.T.);
#4010=CARTESIAN_POINT('',(2.1795E1,1.585E0,-3.43E0));
#4011=DIRECTION('',(0.E0,1.E0,0.E0));
#4012=DIRECTION('',(-1.E0,0.E0,0.E0));
#4013=AXIS2_PLACEMENT_3D('',#4010,#4011,#4012);
#4014=PLANE('',#4013);
#4016=ORIENTED_EDGE('',*,*,#4015,.F.);
#4018=ORIENTED_EDGE('',*,*,#4017,.F.);
#4020=ORIENTED_EDGE('',*,*,#4019,.T.);
#4022=ORIENTED_EDGE('',*,*,#4021,.T.);
#4023=EDGE_LOOP('',(#4016,#4018,#4020,#4022));
#4024=FACE_OUTER_BOUND('',#4023,.F.);
#4026=ORIENTED_EDGE('',*,*,#4025,.T.);
#4028=ORIENTED_EDGE('',*,*,#4027,.T.);
#4030=ORIENTED_EDGE('',*,*,#4029,.T.);
#4032=ORIENTED_EDGE('',*,*,#4031,.T.);
#4033=EDGE_LOOP('',(#4026,#4028,#4030,#4032));
#4034=FACE_BOUND('',#4033,.F.);
#4035=ADVANCED_FACE('',(#4024,#4034),#4014,.T.);
#4036=CARTESIAN_POINT('',(2.1795E1,1.585E0,-3.43E0));
#4037=DIRECTION('',(0.E0,1.E0,0.E0));
#4038=DIRECTION('',(-1.E0,0.E0,0.E0));
#4039=AXIS2_PLACEMENT_3D('',#4036,#4037,#4038);
#4040=PLANE('',#4039);
#4042=ORIENTED_EDGE('',*,*,#4041,.F.);
#4044=ORIENTED_EDGE('',*,*,#4043,.T.);
#4045=ORIENTED_EDGE('',*,*,#3696,.T.);
#4047=ORIENTED_EDGE('',*,*,#4046,.F.);
#4049=ORIENTED_EDGE('',*,*,#4048,.F.);
#4051=ORIENTED_EDGE('',*,*,#4050,.T.);
#4053=ORIENTED_EDGE('',*,*,#4052,.T.);
#4055=ORIENTED_EDGE('',*,*,#4054,.F.);
#4056=EDGE_LOOP('',(#4042,#4044,#4045,#4047,#4049,#4051,#4053,#4055));
#4057=FACE_OUTER_BOUND('',#4056,.F.);
#4059=ORIENTED_EDGE('',*,*,#4058,.T.);
#4061=ORIENTED_EDGE('',*,*,#4060,.T.);
#4063=ORIENTED_EDGE('',*,*,#4062,.T.);
#4065=ORIENTED_EDGE('',*,*,#4064,.T.);
#4066=EDGE_LOOP('',(#4059,#4061,#4063,#4065));
#4067=FACE_BOUND('',#4066,.F.);
#4068=ADVANCED_FACE('',(#4057,#4067),#4040,.T.);
#4069=CARTESIAN_POINT('',(2.1795E1,1.585E0,-3.43E0));
#4070=DIRECTION('',(0.E0,1.E0,0.E0));
#4071=DIRECTION('',(-1.E0,0.E0,0.E0));
#4072=AXIS2_PLACEMENT_3D('',#4069,#4070,#4071);
#4073=PLANE('',#4072);
#4075=ORIENTED_EDGE('',*,*,#4074,.F.);
#4077=ORIENTED_EDGE('',*,*,#4076,.T.);
#4078=ORIENTED_EDGE('',*,*,#3688,.T.);
#4080=ORIENTED_EDGE('',*,*,#4079,.F.);
#4082=ORIENTED_EDGE('',*,*,#4081,.F.);
#4084=ORIENTED_EDGE('',*,*,#4083,.T.);
#4086=ORIENTED_EDGE('',*,*,#4085,.T.);
#4088=ORIENTED_EDGE('',*,*,#4087,.F.);
#4089=EDGE_LOOP('',(#4075,#4077,#4078,#4080,#4082,#4084,#4086,#4088));
#4090=FACE_OUTER_BOUND('',#4089,.F.);
#4092=ORIENTED_EDGE('',*,*,#4091,.T.);
#4094=ORIENTED_EDGE('',*,*,#4093,.T.);
#4096=ORIENTED_EDGE('',*,*,#4095,.T.);
#4098=ORIENTED_EDGE('',*,*,#4097,.T.);
#4099=EDGE_LOOP('',(#4092,#4094,#4096,#4098));
#4100=FACE_BOUND('',#4099,.F.);
#4101=ADVANCED_FACE('',(#4090,#4100),#4073,.T.);
#4102=CARTESIAN_POINT('',(2.1795E1,1.585E0,-3.43E0));
#4103=DIRECTION('',(0.E0,1.E0,0.E0));
#4104=DIRECTION('',(-1.E0,0.E0,0.E0));
#4105=AXIS2_PLACEMENT_3D('',#4102,#4103,#4104);
#4106=PLANE('',#4105);
#4108=ORIENTED_EDGE('',*,*,#4107,.F.);
#4109=ORIENTED_EDGE('',*,*,#3811,.T.);
#4110=ORIENTED_EDGE('',*,*,#3800,.T.);
#4112=ORIENTED_EDGE('',*,*,#4111,.F.);
#4114=ORIENTED_EDGE('',*,*,#4113,.F.);
#4116=ORIENTED_EDGE('',*,*,#4115,.T.);
#4118=ORIENTED_EDGE('',*,*,#4117,.T.);
#4120=ORIENTED_EDGE('',*,*,#4119,.F.);
#4121=EDGE_LOOP('',(#4108,#4109,#4110,#4112,#4114,#4116,#4118,#4120));
#4122=FACE_OUTER_BOUND('',#4121,.F.);
#4124=ORIENTED_EDGE('',*,*,#4123,.T.);
#4126=ORIENTED_EDGE('',*,*,#4125,.T.);
#4128=ORIENTED_EDGE('',*,*,#4127,.T.);
#4130=ORIENTED_EDGE('',*,*,#4129,.T.);
#4131=EDGE_LOOP('',(#4124,#4126,#4128,#4130));
#4132=FACE_BOUND('',#4131,.F.);
#4133=ADVANCED_FACE('',(#4122,#4132),#4106,.T.);
#4134=CARTESIAN_POINT('',(2.1795E1,6.876820693124E0,-2.45E0));
#4135=DIRECTION('',(0.E0,0.E0,1.E0));
#4136=DIRECTION('',(0.E0,-1.E0,0.E0));
#4137=AXIS2_PLACEMENT_3D('',#4134,#4135,#4136);
#4138=PLANE('',#4137);
#4140=ORIENTED_EDGE('',*,*,#4139,.T.);
#4141=ORIENTED_EDGE('',*,*,#4041,.T.);
#4143=ORIENTED_EDGE('',*,*,#4142,.F.);
#4145=ORIENTED_EDGE('',*,*,#4144,.F.);
#4147=ORIENTED_EDGE('',*,*,#4146,.F.);
#4148=ORIENTED_EDGE('',*,*,#3965,.T.);
#4150=ORIENTED_EDGE('',*,*,#4149,.F.);
#4152=ORIENTED_EDGE('',*,*,#4151,.F.);
#4154=ORIENTED_EDGE('',*,*,#4153,.F.);
#4155=ORIENTED_EDGE('',*,*,#3887,.T.);
#4157=ORIENTED_EDGE('',*,*,#4156,.F.);
#4159=ORIENTED_EDGE('',*,*,#4158,.F.);
#4161=ORIENTED_EDGE('',*,*,#4160,.F.);
#4162=ORIENTED_EDGE('',*,*,#3845,.T.);
#4164=ORIENTED_EDGE('',*,*,#4163,.F.);
#4166=ORIENTED_EDGE('',*,*,#4165,.T.);
#4167=EDGE_LOOP('',(#4140,#4141,#4143,#4145,#4147,#4148,#4150,#4152,#4154,#4155,
#4157,#4159,#4161,#4162,#4164,#4166));
#4168=FACE_OUTER_BOUND('',#4167,.F.);
#4169=ADVANCED_FACE('',(#4168),#4138,.T.);
#4170=CARTESIAN_POINT('',(2.1795E1,6.876820693124E0,-2.45E0));
#4171=DIRECTION('',(0.E0,0.E0,1.E0));
#4172=DIRECTION('',(0.E0,-1.E0,0.E0));
#4173=AXIS2_PLACEMENT_3D('',#4170,#4171,#4172);
#4174=PLANE('',#4173);
#4176=ORIENTED_EDGE('',*,*,#4175,.T.);
#4177=ORIENTED_EDGE('',*,*,#4074,.T.);
#4179=ORIENTED_EDGE('',*,*,#4178,.F.);
#4181=ORIENTED_EDGE('',*,*,#4180,.F.);
#4183=ORIENTED_EDGE('',*,*,#4182,.F.);
#4184=ORIENTED_EDGE('',*,*,#4017,.T.);
#4186=ORIENTED_EDGE('',*,*,#4185,.F.);
#4188=ORIENTED_EDGE('',*,*,#4187,.F.);
#4190=ORIENTED_EDGE('',*,*,#4189,.F.);
#4191=ORIENTED_EDGE('',*,*,#3991,.T.);
#4193=ORIENTED_EDGE('',*,*,#4192,.F.);
#4195=ORIENTED_EDGE('',*,*,#4194,.F.);
#4197=ORIENTED_EDGE('',*,*,#4196,.F.);
#4198=ORIENTED_EDGE('',*,*,#4048,.T.);
#4200=ORIENTED_EDGE('',*,*,#4199,.F.);
#4202=ORIENTED_EDGE('',*,*,#4201,.T.);
#4203=EDGE_LOOP('',(#4176,#4177,#4179,#4181,#4183,#4184,#4186,#4188,#4190,#4191,
#4193,#4195,#4197,#4198,#4200,#4202));
#4204=FACE_OUTER_BOUND('',#4203,.F.);
#4205=ADVANCED_FACE('',(#4204),#4174,.T.);
#4206=CARTESIAN_POINT('',(2.1795E1,6.876820693124E0,-2.45E0));
#4207=DIRECTION('',(0.E0,0.E0,1.E0));
#4208=DIRECTION('',(0.E0,-1.E0,0.E0));
#4209=AXIS2_PLACEMENT_3D('',#4206,#4207,#4208);
#4210=PLANE('',#4209);
#4211=ORIENTED_EDGE('',*,*,#3813,.T.);
#4212=ORIENTED_EDGE('',*,*,#4107,.T.);
#4214=ORIENTED_EDGE('',*,*,#4213,.F.);
#4216=ORIENTED_EDGE('',*,*,#4215,.F.);
#4218=ORIENTED_EDGE('',*,*,#4217,.F.);
#4219=ORIENTED_EDGE('',*,*,#3911,.T.);
#4221=ORIENTED_EDGE('',*,*,#4220,.F.);
#4223=ORIENTED_EDGE('',*,*,#4222,.F.);
#4225=ORIENTED_EDGE('',*,*,#4224,.F.);
#4226=ORIENTED_EDGE('',*,*,#3937,.T.);
#4228=ORIENTED_EDGE('',*,*,#4227,.F.);
#4230=ORIENTED_EDGE('',*,*,#4229,.F.);
#4232=ORIENTED_EDGE('',*,*,#4231,.F.);
#4233=ORIENTED_EDGE('',*,*,#4081,.T.);
#4235=ORIENTED_EDGE('',*,*,#4234,.F.);
#4237=ORIENTED_EDGE('',*,*,#4236,.T.);
#4238=EDGE_LOOP('',(#4211,#4212,#4214,#4216,#4218,#4219,#4221,#4223,#4225,#4226,
#4228,#4230,#4232,#4233,#4235,#4237));
#4239=FACE_OUTER_BOUND('',#4238,.F.);
#4240=ADVANCED_FACE('',(#4239),#4210,.T.);
#4241=CARTESIAN_POINT('',(2.1795E1,6.876820693124E0,-2.45E0));
#4242=DIRECTION('',(0.E0,0.E0,1.E0));
#4243=DIRECTION('',(0.E0,-1.E0,0.E0));
#4244=AXIS2_PLACEMENT_3D('',#4241,#4242,#4243);
#4245=PLANE('',#4244);
#4247=ORIENTED_EDGE('',*,*,#4246,.F.);
#4249=ORIENTED_EDGE('',*,*,#4248,.T.);
#4251=ORIENTED_EDGE('',*,*,#4250,.T.);
#4252=ORIENTED_EDGE('',*,*,#3827,.T.);
#4254=ORIENTED_EDGE('',*,*,#4253,.F.);
#4256=ORIENTED_EDGE('',*,*,#4255,.F.);
#4258=ORIENTED_EDGE('',*,*,#4257,.F.);
#4259=ORIENTED_EDGE('',*,*,#3859,.T.);
#4261=ORIENTED_EDGE('',*,*,#4260,.F.);
#4263=ORIENTED_EDGE('',*,*,#4262,.F.);
#4265=ORIENTED_EDGE('',*,*,#4264,.F.);
#4266=ORIENTED_EDGE('',*,*,#4113,.T.);
#4267=EDGE_LOOP('',(#4247,#4249,#4251,#4252,#4254,#4256,#4258,#4259,#4261,#4263,
#4265,#4266));
#4268=FACE_OUTER_BOUND('',#4267,.F.);
#4269=ADVANCED_FACE('',(#4268),#4245,.T.);
#4270=CARTESIAN_POINT('',(-1.0425E1,7.535E0,-2.45E0));
#4271=DIRECTION('',(-1.E0,0.E0,0.E0));
#4272=DIRECTION('',(0.E0,-1.E0,0.E0));
#4273=AXIS2_PLACEMENT_3D('',#4270,#4271,#4272);
#4274=PLANE('',#4273);
#4275=ORIENTED_EDGE('',*,*,#3698,.T.);
#4276=ORIENTED_EDGE('',*,*,#4043,.F.);
#4277=ORIENTED_EDGE('',*,*,#4139,.F.);
#4279=ORIENTED_EDGE('',*,*,#4278,.F.);
#4281=ORIENTED_EDGE('',*,*,#4280,.F.);
#4282=EDGE_LOOP('',(#4275,#4276,#4277,#4279,#4281));
#4283=FACE_OUTER_BOUND('',#4282,.F.);
#4284=ADVANCED_FACE('',(#4283),#4274,.F.);
#4285=CARTESIAN_POINT('',(2.1795E1,7.535E0,-2.83E0));
#4286=DIRECTION('',(0.E0,5.E-1,8.660254037844E-1));
#4287=DIRECTION('',(0.E0,-8.660254037844E-1,5.E-1));
#4288=AXIS2_PLACEMENT_3D('',#4285,#4286,#4287);
#4289=PLANE('',#4288);
#4290=ORIENTED_EDGE('',*,*,#4278,.T.);
#4291=ORIENTED_EDGE('',*,*,#4165,.F.);
#4293=ORIENTED_EDGE('',*,*,#4292,.T.);
#4295=ORIENTED_EDGE('',*,*,#4294,.T.);
#4296=EDGE_LOOP('',(#4290,#4291,#4293,#4295));
#4297=FACE_OUTER_BOUND('',#4296,.F.);
#4298=ADVANCED_FACE('',(#4297),#4289,.T.);
#4299=CARTESIAN_POINT('',(2.1795E1,7.535E0,-2.83E0));
#4300=DIRECTION('',(0.E0,5.E-1,8.660254037844E-1));
#4301=DIRECTION('',(0.E0,-8.660254037844E-1,5.E-1));
#4302=AXIS2_PLACEMENT_3D('',#4299,#4300,#4301);
#4303=PLANE('',#4302);
#4305=ORIENTED_EDGE('',*,*,#4304,.T.);
#4306=ORIENTED_EDGE('',*,*,#4201,.F.);
#4308=ORIENTED_EDGE('',*,*,#4307,.F.);
#4310=ORIENTED_EDGE('',*,*,#4309,.T.);
#4311=EDGE_LOOP('',(#4305,#4306,#4308,#4310));
#4312=FACE_OUTER_BOUND('',#4311,.F.);
#4313=ADVANCED_FACE('',(#4312),#4303,.T.);
#4314=CARTESIAN_POINT('',(2.1795E1,7.535E0,-2.83E0));
#4315=DIRECTION('',(0.E0,5.E-1,8.660254037844E-1));
#4316=DIRECTION('',(0.E0,-8.660254037844E-1,5.E-1));
#4317=AXIS2_PLACEMENT_3D('',#4314,#4315,#4316);
#4318=PLANE('',#4317);
#4319=ORIENTED_EDGE('',*,*,#3815,.T.);
#4320=ORIENTED_EDGE('',*,*,#4236,.F.);
#4322=ORIENTED_EDGE('',*,*,#4321,.F.);
#4324=ORIENTED_EDGE('',*,*,#4323,.T.);
#4325=EDGE_LOOP('',(#4319,#4320,#4322,#4324));
#4326=FACE_OUTER_BOUND('',#4325,.F.);
#4327=ADVANCED_FACE('',(#4326),#4318,.T.);
#4328=CARTESIAN_POINT('',(2.1795E1,7.535E0,-2.83E0));
#4329=DIRECTION('',(0.E0,5.E-1,8.660254037844E-1));
#4330=DIRECTION('',(0.E0,-8.660254037844E-1,5.E-1));
#4331=AXIS2_PLACEMENT_3D('',#4328,#4329,#4330);
#4332=PLANE('',#4331);
#4334=ORIENTED_EDGE('',*,*,#4333,.F.);
#4336=ORIENTED_EDGE('',*,*,#4335,.T.);
#4338=ORIENTED_EDGE('',*,*,#4337,.T.);
#4339=ORIENTED_EDGE('',*,*,#4248,.F.);
#4340=EDGE_LOOP('',(#4334,#4336,#4338,#4339));
#4341=FACE_OUTER_BOUND('',#4340,.F.);
#4342=ADVANCED_FACE('',(#4341),#4332,.T.);
#4343=CARTESIAN_POINT('',(-2.1795E1,1.585E0,-3.43E0));
#4344=DIRECTION('',(-1.E0,0.E0,0.E0));
#4345=DIRECTION('',(0.E0,-1.E0,0.E0));
#4346=AXIS2_PLACEMENT_3D('',#4343,#4344,#4345);
#4347=PLANE('',#4346);
#4348=ORIENTED_EDGE('',*,*,#3702,.T.);
#4350=ORIENTED_EDGE('',*,*,#4349,.F.);
#4351=ORIENTED_EDGE('',*,*,#4292,.F.);
#4352=ORIENTED_EDGE('',*,*,#4163,.T.);
#4353=ORIENTED_EDGE('',*,*,#3843,.T.);
#4355=ORIENTED_EDGE('',*,*,#4354,.T.);
#4357=ORIENTED_EDGE('',*,*,#4356,.F.);
#4358=EDGE_LOOP('',(#4348,#4350,#4351,#4352,#4353,#4355,#4357));
#4359=FACE_OUTER_BOUND('',#4358,.F.);
#4360=ADVANCED_FACE('',(#4359),#4347,.T.);
#4361=CARTESIAN_POINT('',(2.1795E1,7.535E0,-3.43E0));
#4362=DIRECTION('',(0.E0,1.E0,0.E0));
#4363=DIRECTION('',(0.E0,0.E0,1.E0));
#4364=AXIS2_PLACEMENT_3D('',#4361,#4362,#4363);
#4365=PLANE('',#4364);
#4366=ORIENTED_EDGE('',*,*,#4280,.T.);
#4367=ORIENTED_EDGE('',*,*,#4294,.F.);
#4368=ORIENTED_EDGE('',*,*,#4349,.T.);
#4369=ORIENTED_EDGE('',*,*,#3700,.T.);
#4370=EDGE_LOOP('',(#4366,#4367,#4368,#4369));
#4371=FACE_OUTER_BOUND('',#4370,.F.);
#4372=ADVANCED_FACE('',(#4371),#4365,.T.);
#4373=CARTESIAN_POINT('',(2.1795E1,7.535E0,-3.43E0));
#4374=DIRECTION('',(0.E0,1.E0,0.E0));
#4375=DIRECTION('',(0.E0,0.E0,1.E0));
#4376=AXIS2_PLACEMENT_3D('',#4373,#4374,#4375);
#4377=PLANE('',#4376);
#4379=ORIENTED_EDGE('',*,*,#4378,.T.);
#4380=ORIENTED_EDGE('',*,*,#4309,.F.);
#4382=ORIENTED_EDGE('',*,*,#4381,.F.);
#4383=ORIENTED_EDGE('',*,*,#3692,.T.);
#4384=EDGE_LOOP('',(#4379,#4380,#4382,#4383));
#4385=FACE_OUTER_BOUND('',#4384,.F.);
#4386=ADVANCED_FACE('',(#4385),#4377,.T.);
#4387=CARTESIAN_POINT('',(2.1795E1,7.535E0,-3.43E0));
#4388=DIRECTION('',(0.E0,1.E0,0.E0));
#4389=DIRECTION('',(0.E0,0.E0,1.E0));
#4390=AXIS2_PLACEMENT_3D('',#4387,#4388,#4389);
#4391=PLANE('',#4390);
#4392=ORIENTED_EDGE('',*,*,#3817,.T.);
#4393=ORIENTED_EDGE('',*,*,#4323,.F.);
#4395=ORIENTED_EDGE('',*,*,#4394,.F.);
#4396=ORIENTED_EDGE('',*,*,#3684,.T.);
#4397=EDGE_LOOP('',(#4392,#4393,#4395,#4396));
#4398=FACE_OUTER_BOUND('',#4397,.F.);
#4399=ADVANCED_FACE('',(#4398),#4391,.T.);
#4400=CARTESIAN_POINT('',(2.1795E1,7.535E0,-3.43E0));
#4401=DIRECTION('',(0.E0,1.E0,0.E0));
#4402=DIRECTION('',(0.E0,0.E0,1.E0));
#4403=AXIS2_PLACEMENT_3D('',#4400,#4401,#4402);
#4404=PLANE('',#4403);
#4406=ORIENTED_EDGE('',*,*,#4405,.F.);
#4407=ORIENTED_EDGE('',*,*,#3796,.T.);
#4409=ORIENTED_EDGE('',*,*,#4408,.T.);
#4410=ORIENTED_EDGE('',*,*,#4335,.F.);
#4411=EDGE_LOOP('',(#4406,#4407,#4409,#4410));
#4412=FACE_OUTER_BOUND('',#4411,.F.);
#4413=ADVANCED_FACE('',(#4412),#4404,.T.);
#4414=CARTESIAN_POINT('',(1.455E0,7.535E0,-2.45E0));
#4415=DIRECTION('',(-1.E0,0.E0,0.E0));
#4416=DIRECTION('',(0.E0,-1.E0,0.E0));
#4417=AXIS2_PLACEMENT_3D('',#4414,#4415,#4416);
#4418=PLANE('',#4417);
#4419=ORIENTED_EDGE('',*,*,#3690,.T.);
#4420=ORIENTED_EDGE('',*,*,#4076,.F.);
#4421=ORIENTED_EDGE('',*,*,#4175,.F.);
#4422=ORIENTED_EDGE('',*,*,#4304,.F.);
#4423=ORIENTED_EDGE('',*,*,#4378,.F.);
#4424=EDGE_LOOP('',(#4419,#4420,#4421,#4422,#4423));
#4425=FACE_OUTER_BOUND('',#4424,.F.);
#4426=ADVANCED_FACE('',(#4425),#4418,.F.);
#4427=CARTESIAN_POINT('',(-9.405E0,1.585E0,-2.45E0));
#4428=DIRECTION('',(1.E0,0.E0,0.E0));
#4429=DIRECTION('',(0.E0,1.E0,0.E0));
#4430=AXIS2_PLACEMENT_3D('',#4427,#4428,#4429);
#4431=PLANE('',#4430);
#4432=ORIENTED_EDGE('',*,*,#3694,.F.);
#4433=ORIENTED_EDGE('',*,*,#4381,.T.);
#4434=ORIENTED_EDGE('',*,*,#4307,.T.);
#4435=ORIENTED_EDGE('',*,*,#4199,.T.);
#4436=ORIENTED_EDGE('',*,*,#4046,.T.);
#4437=EDGE_LOOP('',(#4432,#4433,#4434,#4435,#4436));
#4438=FACE_OUTER_BOUND('',#4437,.F.);
#4439=ADVANCED_FACE('',(#4438),#4431,.F.);
#4440=CARTESIAN_POINT('',(2.475E0,1.585E0,-2.45E0));
#4441=DIRECTION('',(1.E0,0.E0,0.E0));
#4442=DIRECTION('',(0.E0,1.E0,0.E0));
#4443=AXIS2_PLACEMENT_3D('',#4440,#4441,#4442);
#4444=PLANE('',#4443);
#4445=ORIENTED_EDGE('',*,*,#3686,.F.);
#4446=ORIENTED_EDGE('',*,*,#4394,.T.);
#4447=ORIENTED_EDGE('',*,*,#4321,.T.);
#4448=ORIENTED_EDGE('',*,*,#4234,.T.);
#4449=ORIENTED_EDGE('',*,*,#4079,.T.);
#4450=EDGE_LOOP('',(#4445,#4446,#4447,#4448,#4449));
#4451=FACE_OUTER_BOUND('',#4450,.F.);
#4452=ADVANCED_FACE('',(#4451),#4444,.F.);
#4453=CARTESIAN_POINT('',(1.4355E1,1.585E0,-2.45E0));
#4454=DIRECTION('',(1.E0,0.E0,0.E0));
#4455=DIRECTION('',(0.E0,1.E0,0.E0));
#4456=AXIS2_PLACEMENT_3D('',#4453,#4454,#4455);
#4457=PLANE('',#4456);
#4458=ORIENTED_EDGE('',*,*,#3798,.F.);
#4459=ORIENTED_EDGE('',*,*,#4405,.T.);
#4460=ORIENTED_EDGE('',*,*,#4333,.T.);
#4461=ORIENTED_EDGE('',*,*,#4246,.T.);
#4462=ORIENTED_EDGE('',*,*,#4111,.T.);
#4463=EDGE_LOOP('',(#4458,#4459,#4460,#4461,#4462));
#4464=FACE_OUTER_BOUND('',#4463,.F.);
#4465=ADVANCED_FACE('',(#4464),#4457,.F.);
#4466=CARTESIAN_POINT('',(2.1795E1,-1.585E0,-3.43E0));
#4467=DIRECTION('',(1.E0,0.E0,0.E0));
#4468=DIRECTION('',(0.E0,1.E0,0.E0));
#4469=AXIS2_PLACEMENT_3D('',#4466,#4467,#4468);
#4470=PLANE('',#4469);
#4471=ORIENTED_EDGE('',*,*,#3829,.F.);
#4472=ORIENTED_EDGE('',*,*,#4250,.F.);
#4473=ORIENTED_EDGE('',*,*,#4337,.F.);
#4474=ORIENTED_EDGE('',*,*,#4408,.F.);
#4475=ORIENTED_EDGE('',*,*,#3794,.F.);
#4477=ORIENTED_EDGE('',*,*,#4476,.T.);
#4479=ORIENTED_EDGE('',*,*,#4478,.T.);
#4480=EDGE_LOOP('',(#4471,#4472,#4473,#4474,#4475,#4477,#4479));
#4481=FACE_OUTER_BOUND('',#4480,.F.);
#4482=ADVANCED_FACE('',(#4481),#4470,.T.);
#4483=CARTESIAN_POINT('',(-2.1795E1,-1.585E0,-3.43E0));
#4484=DIRECTION('',(0.E0,-1.E0,0.E0));
#4485=DIRECTION('',(1.E0,0.E0,0.E0));
#4486=AXIS2_PLACEMENT_3D('',#4483,#4484,#4485);
#4487=PLANE('',#4486);
#4489=ORIENTED_EDGE('',*,*,#4488,.F.);
#4490=ORIENTED_EDGE('',*,*,#3704,.F.);
#4491=ORIENTED_EDGE('',*,*,#4356,.T.);
#4493=ORIENTED_EDGE('',*,*,#4492,.T.);
#4494=EDGE_LOOP('',(#4489,#4490,#4491,#4493));
#4495=FACE_OUTER_BOUND('',#4494,.F.);
#4496=ADVANCED_FACE('',(#4495),#4487,.T.);
#4497=CARTESIAN_POINT('',(-2.1795E1,-1.585E0,-3.43E0));
#4498=DIRECTION('',(0.E0,-1.E0,0.E0));
#4499=DIRECTION('',(1.E0,0.E0,0.E0));
#4500=AXIS2_PLACEMENT_3D('',#4497,#4498,#4499);
#4501=PLANE('',#4500);
#4503=ORIENTED_EDGE('',*,*,#4502,.F.);
#4504=ORIENTED_EDGE('',*,*,#3712,.F.);
#4506=ORIENTED_EDGE('',*,*,#4505,.T.);
#4508=ORIENTED_EDGE('',*,*,#4507,.T.);
#4509=EDGE_LOOP('',(#4503,#4504,#4506,#4508));
#4510=FACE_OUTER_BOUND('',#4509,.F.);
#4512=ORIENTED_EDGE('',*,*,#4511,.F.);
#4514=ORIENTED_EDGE('',*,*,#4513,.F.);
#4516=ORIENTED_EDGE('',*,*,#4515,.F.);
#4518=ORIENTED_EDGE('',*,*,#4517,.F.);
#4519=EDGE_LOOP('',(#4512,#4514,#4516,#4518));
#4520=FACE_BOUND('',#4519,.F.);
#4521=ADVANCED_FACE('',(#4510,#4520),#4501,.T.);
#4522=CARTESIAN_POINT('',(-2.1795E1,-1.585E0,-3.43E0));
#4523=DIRECTION('',(0.E0,-1.E0,0.E0));
#4524=DIRECTION('',(1.E0,0.E0,0.E0));
#4525=AXIS2_PLACEMENT_3D('',#4522,#4523,#4524);
#4526=PLANE('',#4525);
#4528=ORIENTED_EDGE('',*,*,#4527,.F.);
#4529=ORIENTED_EDGE('',*,*,#3720,.F.);
#4531=ORIENTED_EDGE('',*,*,#4530,.T.);
#4533=ORIENTED_EDGE('',*,*,#4532,.T.);
#4534=EDGE_LOOP('',(#4528,#4529,#4531,#4533));
#4535=FACE_OUTER_BOUND('',#4534,.F.);
#4537=ORIENTED_EDGE('',*,*,#4536,.F.);
#4539=ORIENTED_EDGE('',*,*,#4538,.F.);
#4541=ORIENTED_EDGE('',*,*,#4540,.F.);
#4543=ORIENTED_EDGE('',*,*,#4542,.F.);
#4544=EDGE_LOOP('',(#4537,#4539,#4541,#4543));
#4545=FACE_BOUND('',#4544,.F.);
#4546=ADVANCED_FACE('',(#4535,#4545),#4526,.T.);
#4547=CARTESIAN_POINT('',(-2.1795E1,-1.585E0,-3.43E0));
#4548=DIRECTION('',(0.E0,-1.E0,0.E0));
#4549=DIRECTION('',(1.E0,0.E0,0.E0));
#4550=AXIS2_PLACEMENT_3D('',#4547,#4548,#4549);
#4551=PLANE('',#4550);
#4553=ORIENTED_EDGE('',*,*,#4552,.F.);
#4554=ORIENTED_EDGE('',*,*,#3728,.F.);
#4556=ORIENTED_EDGE('',*,*,#4555,.T.);
#4558=ORIENTED_EDGE('',*,*,#4557,.T.);
#4559=EDGE_LOOP('',(#4553,#4554,#4556,#4558));
#4560=FACE_OUTER_BOUND('',#4559,.F.);
#4562=ORIENTED_EDGE('',*,*,#4561,.F.);
#4564=ORIENTED_EDGE('',*,*,#4563,.F.);
#4566=ORIENTED_EDGE('',*,*,#4565,.F.);
#4568=ORIENTED_EDGE('',*,*,#4567,.F.);
#4569=EDGE_LOOP('',(#4562,#4564,#4566,#4568));
#4570=FACE_BOUND('',#4569,.F.);
#4571=ADVANCED_FACE('',(#4560,#4570),#4551,.T.);
#4572=CARTESIAN_POINT('',(-2.1795E1,-1.585E0,-3.43E0));
#4573=DIRECTION('',(0.E0,-1.E0,0.E0));
#4574=DIRECTION('',(1.E0,0.E0,0.E0));
#4575=AXIS2_PLACEMENT_3D('',#4572,#4573,#4574);
#4576=PLANE('',#4575);
#4578=ORIENTED_EDGE('',*,*,#4577,.F.);
#4579=ORIENTED_EDGE('',*,*,#3736,.F.);
#4581=ORIENTED_EDGE('',*,*,#4580,.T.);
#4583=ORIENTED_EDGE('',*,*,#4582,.T.);
#4584=EDGE_LOOP('',(#4578,#4579,#4581,#4583));
#4585=FACE_OUTER_BOUND('',#4584,.F.);
#4587=ORIENTED_EDGE('',*,*,#4586,.F.);
#4589=ORIENTED_EDGE('',*,*,#4588,.F.);
#4591=ORIENTED_EDGE('',*,*,#4590,.F.);
#4593=ORIENTED_EDGE('',*,*,#4592,.F.);
#4594=EDGE_LOOP('',(#4587,#4589,#4591,#4593));
#4595=FACE_BOUND('',#4594,.F.);
#4596=ADVANCED_FACE('',(#4585,#4595),#4576,.T.);
#4597=CARTESIAN_POINT('',(-2.1795E1,-1.585E0,-3.43E0));
#4598=DIRECTION('',(0.E0,-1.E0,0.E0));
#4599=DIRECTION('',(1.E0,0.E0,0.E0));
#4600=AXIS2_PLACEMENT_3D('',#4597,#4598,#4599);
#4601=PLANE('',#4600);
#4603=ORIENTED_EDGE('',*,*,#4602,.F.);
#4604=ORIENTED_EDGE('',*,*,#3744,.F.);
#4606=ORIENTED_EDGE('',*,*,#4605,.T.);
#4608=ORIENTED_EDGE('',*,*,#4607,.T.);
#4609=EDGE_LOOP('',(#4603,#4604,#4606,#4608));
#4610=FACE_OUTER_BOUND('',#4609,.F.);
#4612=ORIENTED_EDGE('',*,*,#4611,.F.);
#4614=ORIENTED_EDGE('',*,*,#4613,.F.);
#4616=ORIENTED_EDGE('',*,*,#4615,.F.);
#4618=ORIENTED_EDGE('',*,*,#4617,.F.);
#4619=EDGE_LOOP('',(#4612,#4614,#4616,#4618));
#4620=FACE_BOUND('',#4619,.F.);
#4621=ADVANCED_FACE('',(#4610,#4620),#4601,.T.);
#4622=CARTESIAN_POINT('',(-2.1795E1,-1.585E0,-3.43E0));
#4623=DIRECTION('',(0.E0,-1.E0,0.E0));
#4624=DIRECTION('',(1.E0,0.E0,0.E0));
#4625=AXIS2_PLACEMENT_3D('',#4622,#4623,#4624);
#4626=PLANE('',#4625);
#4628=ORIENTED_EDGE('',*,*,#4627,.F.);
#4629=ORIENTED_EDGE('',*,*,#3752,.F.);
#4631=ORIENTED_EDGE('',*,*,#4630,.T.);
#4633=ORIENTED_EDGE('',*,*,#4632,.T.);
#4634=EDGE_LOOP('',(#4628,#4629,#4631,#4633));
#4635=FACE_OUTER_BOUND('',#4634,.F.);
#4637=ORIENTED_EDGE('',*,*,#4636,.F.);
#4639=ORIENTED_EDGE('',*,*,#4638,.F.);
#4641=ORIENTED_EDGE('',*,*,#4640,.F.);
#4643=ORIENTED_EDGE('',*,*,#4642,.F.);
#4644=EDGE_LOOP('',(#4637,#4639,#4641,#4643));
#4645=FACE_BOUND('',#4644,.F.);
#4646=ADVANCED_FACE('',(#4635,#4645),#4626,.T.);
#4647=CARTESIAN_POINT('',(-2.1795E1,-1.585E0,-3.43E0));
#4648=DIRECTION('',(0.E0,-1.E0,0.E0));
#4649=DIRECTION('',(1.E0,0.E0,0.E0));
#4650=AXIS2_PLACEMENT_3D('',#4647,#4648,#4649);
#4651=PLANE('',#4650);
#4653=ORIENTED_EDGE('',*,*,#4652,.F.);
#4654=ORIENTED_EDGE('',*,*,#3760,.F.);
#4656=ORIENTED_EDGE('',*,*,#4655,.T.);
#4658=ORIENTED_EDGE('',*,*,#4657,.T.);
#4659=EDGE_LOOP('',(#4653,#4654,#4656,#4658));
#4660=FACE_OUTER_BOUND('',#4659,.F.);
#4662=ORIENTED_EDGE('',*,*,#4661,.F.);
#4664=ORIENTED_EDGE('',*,*,#4663,.F.);
#4666=ORIENTED_EDGE('',*,*,#4665,.F.);
#4668=ORIENTED_EDGE('',*,*,#4667,.F.);
#4669=EDGE_LOOP('',(#4662,#4664,#4666,#4668));
#4670=FACE_BOUND('',#4669,.F.);
#4671=ADVANCED_FACE('',(#4660,#4670),#4651,.T.);
#4672=CARTESIAN_POINT('',(-2.1795E1,-1.585E0,-3.43E0));
#4673=DIRECTION('',(0.E0,-1.E0,0.E0));
#4674=DIRECTION('',(1.E0,0.E0,0.E0));
#4675=AXIS2_PLACEMENT_3D('',#4672,#4673,#4674);
#4676=PLANE('',#4675);
#4678=ORIENTED_EDGE('',*,*,#4677,.F.);
#4679=ORIENTED_EDGE('',*,*,#3768,.F.);
#4681=ORIENTED_EDGE('',*,*,#4680,.T.);
#4683=ORIENTED_EDGE('',*,*,#4682,.T.);
#4684=EDGE_LOOP('',(#4678,#4679,#4681,#4683));
#4685=FACE_OUTER_BOUND('',#4684,.F.);
#4687=ORIENTED_EDGE('',*,*,#4686,.F.);
#4689=ORIENTED_EDGE('',*,*,#4688,.F.);
#4691=ORIENTED_EDGE('',*,*,#4690,.F.);
#4693=ORIENTED_EDGE('',*,*,#4692,.F.);
#4694=EDGE_LOOP('',(#4687,#4689,#4691,#4693));
#4695=FACE_BOUND('',#4694,.F.);
#4696=ADVANCED_FACE('',(#4685,#4695),#4676,.T.);
#4697=CARTESIAN_POINT('',(-2.1795E1,-1.585E0,-3.43E0));
#4698=DIRECTION('',(0.E0,-1.E0,0.E0));
#4699=DIRECTION('',(1.E0,0.E0,0.E0));
#4700=AXIS2_PLACEMENT_3D('',#4697,#4698,#4699);
#4701=PLANE('',#4700);
#4703=ORIENTED_EDGE('',*,*,#4702,.F.);
#4704=ORIENTED_EDGE('',*,*,#3776,.F.);
#4706=ORIENTED_EDGE('',*,*,#4705,.T.);
#4708=ORIENTED_EDGE('',*,*,#4707,.T.);
#4709=EDGE_LOOP('',(#4703,#4704,#4706,#4708));
#4710=FACE_OUTER_BOUND('',#4709,.F.);
#4712=ORIENTED_EDGE('',*,*,#4711,.F.);
#4714=ORIENTED_EDGE('',*,*,#4713,.F.);
#4716=ORIENTED_EDGE('',*,*,#4715,.F.);
#4718=ORIENTED_EDGE('',*,*,#4717,.F.);
#4719=EDGE_LOOP('',(#4712,#4714,#4716,#4718));
#4720=FACE_BOUND('',#4719,.F.);
#4721=ADVANCED_FACE('',(#4710,#4720),#4701,.T.);
#4722=CARTESIAN_POINT('',(-2.1795E1,-1.585E0,-3.43E0));
#4723=DIRECTION('',(0.E0,-1.E0,0.E0));
#4724=DIRECTION('',(1.E0,0.E0,0.E0));
#4725=AXIS2_PLACEMENT_3D('',#4722,#4723,#4724);
#4726=PLANE('',#4725);
#4728=ORIENTED_EDGE('',*,*,#4727,.T.);
#4730=ORIENTED_EDGE('',*,*,#4729,.T.);
#4731=ORIENTED_EDGE('',*,*,#4476,.F.);
#4732=ORIENTED_EDGE('',*,*,#3792,.F.);
#4733=EDGE_LOOP('',(#4728,#4730,#4731,#4732));
#4734=FACE_OUTER_BOUND('',#4733,.F.);
#4735=ADVANCED_FACE('',(#4734),#4726,.T.);
#4736=CARTESIAN_POINT('',(-2.1795E1,-1.585E0,-3.43E0));
#4737=DIRECTION('',(0.E0,-1.E0,0.E0));
#4738=DIRECTION('',(1.E0,0.E0,0.E0));
#4739=AXIS2_PLACEMENT_3D('',#4736,#4737,#4738);
#4740=PLANE('',#4739);
#4742=ORIENTED_EDGE('',*,*,#4741,.F.);
#4743=ORIENTED_EDGE('',*,*,#3784,.F.);
#4745=ORIENTED_EDGE('',*,*,#4744,.T.);
#4747=ORIENTED_EDGE('',*,*,#4746,.T.);
#4748=EDGE_LOOP('',(#4742,#4743,#4745,#4747));
#4749=FACE_OUTER_BOUND('',#4748,.F.);
#4751=ORIENTED_EDGE('',*,*,#4750,.F.);
#4753=ORIENTED_EDGE('',*,*,#4752,.F.);
#4755=ORIENTED_EDGE('',*,*,#4754,.F.);
#4757=ORIENTED_EDGE('',*,*,#4756,.F.);
#4758=EDGE_LOOP('',(#4751,#4753,#4755,#4757));
#4759=FACE_BOUND('',#4758,.F.);
#4760=ADVANCED_FACE('',(#4749,#4759),#4740,.T.);
#4761=CARTESIAN_POINT('',(-2.0905E1,-1.205E0,3.47E0));
#4762=DIRECTION('',(-1.E0,0.E0,0.E0));
#4763=DIRECTION('',(0.E0,-1.E0,0.E0));
#4764=AXIS2_PLACEMENT_3D('',#4761,#4762,#4763);
#4765=PLANE('',#4764);
#4766=ORIENTED_EDGE('',*,*,#3706,.F.);
#4767=ORIENTED_EDGE('',*,*,#4488,.T.);
#4769=ORIENTED_EDGE('',*,*,#4768,.T.);
#4771=ORIENTED_EDGE('',*,*,#4770,.T.);
#4772=EDGE_LOOP('',(#4766,#4767,#4769,#4771));
#4773=FACE_OUTER_BOUND('',#4772,.F.);
#4774=ADVANCED_FACE('',(#4773),#4765,.F.);
#4775=CARTESIAN_POINT('',(0.E0,0.E0,3.47E0));
#4776=DIRECTION('',(0.E0,0.E0,1.E0));
#4777=DIRECTION('',(1.E0,0.E0,0.E0));
#4778=AXIS2_PLACEMENT_3D('',#4775,#4776,#4777);
#4779=PLANE('',#4778);
#4781=ORIENTED_EDGE('',*,*,#4780,.T.);
#4783=ORIENTED_EDGE('',*,*,#4782,.T.);
#4785=ORIENTED_EDGE('',*,*,#4784,.F.);
#4786=ORIENTED_EDGE('',*,*,#3831,.F.);
#4787=ORIENTED_EDGE('',*,*,#4478,.F.);
#4788=ORIENTED_EDGE('',*,*,#4729,.F.);
#4790=ORIENTED_EDGE('',*,*,#4789,.T.);
#4792=ORIENTED_EDGE('',*,*,#4791,.T.);
#4794=ORIENTED_EDGE('',*,*,#4793,.F.);
#4795=ORIENTED_EDGE('',*,*,#4746,.F.);
#4797=ORIENTED_EDGE('',*,*,#4796,.T.);
#4799=ORIENTED_EDGE('',*,*,#4798,.T.);
#4801=ORIENTED_EDGE('',*,*,#4800,.F.);
#4802=ORIENTED_EDGE('',*,*,#4707,.F.);
#4804=ORIENTED_EDGE('',*,*,#4803,.T.);
#4806=ORIENTED_EDGE('',*,*,#4805,.T.);
#4808=ORIENTED_EDGE('',*,*,#4807,.F.);
#4809=ORIENTED_EDGE('',*,*,#4682,.F.);
#4811=ORIENTED_EDGE('',*,*,#4810,.T.);
#4813=ORIENTED_EDGE('',*,*,#4812,.T.);
#4815=ORIENTED_EDGE('',*,*,#4814,.F.);
#4816=ORIENTED_EDGE('',*,*,#4657,.F.);
#4818=ORIENTED_EDGE('',*,*,#4817,.T.);
#4820=ORIENTED_EDGE('',*,*,#4819,.T.);
#4822=ORIENTED_EDGE('',*,*,#4821,.F.);
#4823=ORIENTED_EDGE('',*,*,#4632,.F.);
#4825=ORIENTED_EDGE('',*,*,#4824,.T.);
#4827=ORIENTED_EDGE('',*,*,#4826,.T.);
#4829=ORIENTED_EDGE('',*,*,#4828,.F.);
#4830=ORIENTED_EDGE('',*,*,#4607,.F.);
#4832=ORIENTED_EDGE('',*,*,#4831,.T.);
#4834=ORIENTED_EDGE('',*,*,#4833,.T.);
#4836=ORIENTED_EDGE('',*,*,#4835,.F.);
#4837=ORIENTED_EDGE('',*,*,#4582,.F.);
#4839=ORIENTED_EDGE('',*,*,#4838,.T.);
#4841=ORIENTED_EDGE('',*,*,#4840,.T.);
#4843=ORIENTED_EDGE('',*,*,#4842,.F.);
#4844=ORIENTED_EDGE('',*,*,#4557,.F.);
#4846=ORIENTED_EDGE('',*,*,#4845,.T.);
#4848=ORIENTED_EDGE('',*,*,#4847,.T.);
#4850=ORIENTED_EDGE('',*,*,#4849,.F.);
#4851=ORIENTED_EDGE('',*,*,#4532,.F.);
#4853=ORIENTED_EDGE('',*,*,#4852,.T.);
#4855=ORIENTED_EDGE('',*,*,#4854,.T.);
#4857=ORIENTED_EDGE('',*,*,#4856,.F.);
#4858=ORIENTED_EDGE('',*,*,#4507,.F.);
#4860=ORIENTED_EDGE('',*,*,#4859,.T.);
#4862=ORIENTED_EDGE('',*,*,#4861,.T.);
#4863=ORIENTED_EDGE('',*,*,#4768,.F.);
#4864=ORIENTED_EDGE('',*,*,#4492,.F.);
#4865=ORIENTED_EDGE('',*,*,#4354,.F.);
#4866=ORIENTED_EDGE('',*,*,#3849,.F.);
#4868=ORIENTED_EDGE('',*,*,#4867,.T.);
#4870=ORIENTED_EDGE('',*,*,#4869,.T.);
#4872=ORIENTED_EDGE('',*,*,#4871,.F.);
#4873=ORIENTED_EDGE('',*,*,#3891,.F.);
#4875=ORIENTED_EDGE('',*,*,#4874,.T.);
#4877=ORIENTED_EDGE('',*,*,#4876,.T.);
#4879=ORIENTED_EDGE('',*,*,#4878,.F.);
#4880=ORIENTED_EDGE('',*,*,#3969,.F.);
#4882=ORIENTED_EDGE('',*,*,#4881,.T.);
#4884=ORIENTED_EDGE('',*,*,#4883,.T.);
#4886=ORIENTED_EDGE('',*,*,#4885,.F.);
#4887=ORIENTED_EDGE('',*,*,#4052,.F.);
#4889=ORIENTED_EDGE('',*,*,#4888,.T.);
#4891=ORIENTED_EDGE('',*,*,#4890,.T.);
#4893=ORIENTED_EDGE('',*,*,#4892,.F.);
#4894=ORIENTED_EDGE('',*,*,#3995,.F.);
#4896=ORIENTED_EDGE('',*,*,#4895,.T.);
#4898=ORIENTED_EDGE('',*,*,#4897,.T.);
#4900=ORIENTED_EDGE('',*,*,#4899,.F.);
#4901=ORIENTED_EDGE('',*,*,#4021,.F.);
#4903=ORIENTED_EDGE('',*,*,#4902,.T.);
#4905=ORIENTED_EDGE('',*,*,#4904,.T.);
#4907=ORIENTED_EDGE('',*,*,#4906,.F.);
#4908=ORIENTED_EDGE('',*,*,#4085,.F.);
#4910=ORIENTED_EDGE('',*,*,#4909,.T.);
#4912=ORIENTED_EDGE('',*,*,#4911,.T.);
#4914=ORIENTED_EDGE('',*,*,#4913,.F.);
#4915=ORIENTED_EDGE('',*,*,#3941,.F.);
#4917=ORIENTED_EDGE('',*,*,#4916,.T.);
#4919=ORIENTED_EDGE('',*,*,#4918,.T.);
#4921=ORIENTED_EDGE('',*,*,#4920,.F.);
#4922=ORIENTED_EDGE('',*,*,#3915,.F.);
#4924=ORIENTED_EDGE('',*,*,#4923,.T.);
#4926=ORIENTED_EDGE('',*,*,#4925,.T.);
#4928=ORIENTED_EDGE('',*,*,#4927,.F.);
#4929=ORIENTED_EDGE('',*,*,#4117,.F.);
#4931=ORIENTED_EDGE('',*,*,#4930,.T.);
#4933=ORIENTED_EDGE('',*,*,#4932,.T.);
#4935=ORIENTED_EDGE('',*,*,#4934,.F.);
#4936=ORIENTED_EDGE('',*,*,#3863,.F.);
#4937=EDGE_LOOP('',(#4781,#4783,#4785,#4786,#4787,#4788,#4790,#4792,#4794,#4795,
#4797,#4799,#4801,#4802,#4804,#4806,#4808,#4809,#4811,#4813,#4815,#4816,#4818,
#4820,#4822,#4823,#4825,#4827,#4829,#4830,#4832,#4834,#4836,#4837,#4839,#4841,
#4843,#4844,#4846,#4848,#4850,#4851,#4853,#4855,#4857,#4858,#4860,#4862,#4863,
#4864,#4865,#4866,#4868,#4870,#4872,#4873,#4875,#4877,#4879,#4880,#4882,#4884,
#4886,#4887,#4889,#4891,#4893,#4894,#4896,#4898,#4900,#4901,#4903,#4905,#4907,
#4908,#4910,#4912,#4914,#4915,#4917,#4919,#4921,#4922,#4924,#4926,#4928,#4929,
#4931,#4933,#4935,#4936));
#4938=FACE_OUTER_BOUND('',#4937,.F.);
#4939=ADVANCED_FACE('',(#4938),#4779,.T.);
#4940=CARTESIAN_POINT('',(1.8695E1,1.585E0,3.47E0));
#4941=DIRECTION('',(-1.E0,0.E0,0.E0));
#4942=DIRECTION('',(0.E0,-1.E0,0.E0));
#4943=AXIS2_PLACEMENT_3D('',#4940,#4941,#4942);
#4944=PLANE('',#4943);
#4945=ORIENTED_EDGE('',*,*,#4257,.T.);
#4947=ORIENTED_EDGE('',*,*,#4946,.F.);
#4948=ORIENTED_EDGE('',*,*,#4780,.F.);
#4949=ORIENTED_EDGE('',*,*,#3861,.F.);
#4950=EDGE_LOOP('',(#4945,#4947,#4948,#4949));
#4951=FACE_OUTER_BOUND('',#4950,.F.);
#4952=ADVANCED_FACE('',(#4951),#4944,.F.);
#4953=CARTESIAN_POINT('',(1.8695E1,1.205E0,3.47E0));
#4954=DIRECTION('',(0.E0,-1.E0,0.E0));
#4955=DIRECTION('',(1.E0,0.E0,0.E0));
#4956=AXIS2_PLACEMENT_3D('',#4953,#4954,#4955);
#4957=PLANE('',#4956);
#4958=ORIENTED_EDGE('',*,*,#4255,.T.);
#4960=ORIENTED_EDGE('',*,*,#4959,.F.);
#4961=ORIENTED_EDGE('',*,*,#4782,.F.);
#4962=ORIENTED_EDGE('',*,*,#4946,.T.);
#4963=EDGE_LOOP('',(#4958,#4960,#4961,#4962));
#4964=FACE_OUTER_BOUND('',#4963,.F.);
#4966=ORIENTED_EDGE('',*,*,#4965,.T.);
#4968=ORIENTED_EDGE('',*,*,#4967,.T.);
#4969=EDGE_LOOP('',(#4966,#4968));
#4970=FACE_BOUND('',#4969,.F.);
#4971=ADVANCED_FACE('',(#4964,#4970),#4957,.F.);
#4972=CARTESIAN_POINT('',(1.9785E1,-6.9875E0,0.E0));
#4973=DIRECTION('',(0.E0,1.E0,0.E0));
#4974=DIRECTION('',(1.E0,0.E0,0.E0));
#4975=AXIS2_PLACEMENT_3D('',#4972,#4973,#4974);
#4976=CYLINDRICAL_SURFACE('',#4975,5.7E-1);
#4977=ORIENTED_EDGE('',*,*,#4965,.F.);
#4979=ORIENTED_EDGE('',*,*,#4978,.T.);
#4981=ORIENTED_EDGE('',*,*,#4980,.T.);
#4983=ORIENTED_EDGE('',*,*,#4982,.F.);
#4984=EDGE_LOOP('',(#4977,#4979,#4981,#4983));
#4985=FACE_OUTER_BOUND('',#4984,.F.);
#4986=ADVANCED_FACE('',(#4985),#4976,.T.);
#4987=CARTESIAN_POINT('',(1.9785E1,-6.9875E0,0.E0));
#4988=DIRECTION('',(0.E0,1.E0,0.E0));
#4989=DIRECTION('',(1.E0,0.E0,0.E0));
#4990=AXIS2_PLACEMENT_3D('',#4987,#4988,#4989);
#4991=CYLINDRICAL_SURFACE('',#4990,5.7E-1);
#4993=ORIENTED_EDGE('',*,*,#4992,.T.);
#4995=ORIENTED_EDGE('',*,*,#4994,.F.);
#4997=ORIENTED_EDGE('',*,*,#4996,.F.);
#4999=ORIENTED_EDGE('',*,*,#4998,.T.);
#5000=EDGE_LOOP('',(#4993,#4995,#4997,#4999));
#5001=FACE_OUTER_BOUND('',#5000,.F.);
#5002=ADVANCED_FACE('',(#5001),#4991,.T.);
#5003=CARTESIAN_POINT('',(1.9785E1,-6.9875E0,0.E0));
#5004=DIRECTION('',(0.E0,1.E0,0.E0));
#5005=DIRECTION('',(1.E0,0.E0,0.E0));
#5006=AXIS2_PLACEMENT_3D('',#5003,#5004,#5005);
#5007=CYLINDRICAL_SURFACE('',#5006,5.7E-1);
#5008=ORIENTED_EDGE('',*,*,#4967,.F.);
#5009=ORIENTED_EDGE('',*,*,#4982,.T.);
#5011=ORIENTED_EDGE('',*,*,#5010,.F.);
#5012=ORIENTED_EDGE('',*,*,#4978,.F.);
#5013=EDGE_LOOP('',(#5008,#5009,#5011,#5012));
#5014=FACE_OUTER_BOUND('',#5013,.F.);
#5015=ADVANCED_FACE('',(#5014),#5007,.T.);
#5016=CARTESIAN_POINT('',(1.9785E1,-6.9875E0,0.E0));
#5017=DIRECTION('',(0.E0,1.E0,0.E0));
#5018=DIRECTION('',(1.E0,0.E0,0.E0));
#5019=AXIS2_PLACEMENT_3D('',#5016,#5017,#5018);
#5020=CYLINDRICAL_SURFACE('',#5019,5.7E-1);
#5022=ORIENTED_EDGE('',*,*,#5021,.T.);
#5023=ORIENTED_EDGE('',*,*,#4998,.F.);
#5025=ORIENTED_EDGE('',*,*,#5024,.T.);
#5026=ORIENTED_EDGE('',*,*,#4994,.T.);
#5027=EDGE_LOOP('',(#5022,#5023,#5025,#5026));
#5028=FACE_OUTER_BOUND('',#5027,.F.);
#5029=ADVANCED_FACE('',(#5028),#5020,.T.);
#5030=CARTESIAN_POINT('',(1.9785E1,1.257E1,0.E0));
#5031=DIRECTION('',(0.E0,-1.E0,0.E0));
#5032=DIRECTION('',(-1.E0,0.E0,0.E0));
#5033=AXIS2_PLACEMENT_3D('',#5030,#5031,#5032);
#5034=CONICAL_SURFACE('',#5033,4.E-1,2.090798047101E1);
#5036=ORIENTED_EDGE('',*,*,#5035,.F.);
#5037=ORIENTED_EDGE('',*,*,#5010,.T.);
#5039=ORIENTED_EDGE('',*,*,#5038,.T.);
#5041=ORIENTED_EDGE('',*,*,#5040,.F.);
#5042=EDGE_LOOP('',(#5036,#5037,#5039,#5041));
#5043=FACE_OUTER_BOUND('',#5042,.F.);
#5044=ADVANCED_FACE('',(#5043),#5034,.T.);
#5045=CARTESIAN_POINT('',(1.9785E1,1.257E1,0.E0));
#5046=DIRECTION('',(0.E0,-1.E0,0.E0));
#5047=DIRECTION('',(-1.E0,0.E0,0.E0));
#5048=AXIS2_PLACEMENT_3D('',#5045,#5046,#5047);
#5049=CONICAL_SURFACE('',#5048,4.E-1,2.090798047101E1);
#5050=ORIENTED_EDGE('',*,*,#5035,.T.);
#5052=ORIENTED_EDGE('',*,*,#5051,.T.);
#5053=ORIENTED_EDGE('',*,*,#5038,.F.);
#5054=ORIENTED_EDGE('',*,*,#4980,.F.);
#5055=EDGE_LOOP('',(#5050,#5052,#5053,#5054));
#5056=FACE_OUTER_BOUND('',#5055,.F.);
#5057=ADVANCED_FACE('',(#5056),#5049,.T.);
#5058=CARTESIAN_POINT('',(1.9785E1,1.3015E1,0.E0));
#5059=DIRECTION('',(0.E0,1.E0,0.E0));
#5060=DIRECTION('',(1.E0,0.E0,0.E0));
#5061=AXIS2_PLACEMENT_3D('',#5058,#5059,#5060);
#5062=PLANE('',#5061);
#5063=ORIENTED_EDGE('',*,*,#5040,.T.);
#5064=ORIENTED_EDGE('',*,*,#5051,.F.);
#5065=EDGE_LOOP('',(#5063,#5064));
#5066=FACE_OUTER_BOUND('',#5065,.F.);
#5067=ADVANCED_FACE('',(#5066),#5062,.T.);
#5068=CARTESIAN_POINT('',(2.0875E1,-1.205E0,3.47E0));
#5069=DIRECTION('',(0.E0,1.E0,0.E0));
#5070=DIRECTION('',(-1.E0,0.E0,0.E0));
#5071=AXIS2_PLACEMENT_3D('',#5068,#5069,#5070);
#5072=PLANE('',#5071);
#5073=ORIENTED_EDGE('',*,*,#3788,.T.);
#5075=ORIENTED_EDGE('',*,*,#5074,.F.);
#5076=ORIENTED_EDGE('',*,*,#4791,.F.);
#5078=ORIENTED_EDGE('',*,*,#5077,.T.);
#5079=EDGE_LOOP('',(#5073,#5075,#5076,#5078));
#5080=FACE_OUTER_BOUND('',#5079,.F.);
#5081=ORIENTED_EDGE('',*,*,#4992,.F.);
#5082=ORIENTED_EDGE('',*,*,#5021,.F.);
#5083=EDGE_LOOP('',(#5081,#5082));
#5084=FACE_BOUND('',#5083,.F.);
#5085=ADVANCED_FACE('',(#5080,#5084),#5072,.F.);
#5086=CARTESIAN_POINT('',(1.8695E1,-1.205E0,3.47E0));
#5087=DIRECTION('',(-1.E0,0.E0,0.E0));
#5088=DIRECTION('',(0.E0,-1.E0,0.E0));
#5089=AXIS2_PLACEMENT_3D('',#5086,#5087,#5088);
#5090=PLANE('',#5089);
#5091=ORIENTED_EDGE('',*,*,#3786,.F.);
#5092=ORIENTED_EDGE('',*,*,#4741,.T.);
#5093=ORIENTED_EDGE('',*,*,#4793,.T.);
#5094=ORIENTED_EDGE('',*,*,#5074,.T.);
#5095=EDGE_LOOP('',(#5091,#5092,#5093,#5094));
#5096=FACE_OUTER_BOUND('',#5095,.F.);
#5097=ADVANCED_FACE('',(#5096),#5090,.F.);
#5098=CARTESIAN_POINT('',(2.0875E1,-1.585E0,3.47E0));
#5099=DIRECTION('',(1.E0,0.E0,0.E0));
#5100=DIRECTION('',(0.E0,1.E0,0.E0));
#5101=AXIS2_PLACEMENT_3D('',#5098,#5099,#5100);
#5102=PLANE('',#5101);
#5103=ORIENTED_EDGE('',*,*,#3790,.T.);
#5104=ORIENTED_EDGE('',*,*,#5077,.F.);
#5105=ORIENTED_EDGE('',*,*,#4789,.F.);
#5106=ORIENTED_EDGE('',*,*,#4727,.F.);
#5107=EDGE_LOOP('',(#5103,#5104,#5105,#5106));
#5108=FACE_OUTER_BOUND('',#5107,.F.);
#5109=ADVANCED_FACE('',(#5108),#5102,.F.);
#5110=CARTESIAN_POINT('',(1.9785E1,-5.59E0,0.E0));
#5111=DIRECTION('',(0.E0,1.E0,0.E0));
#5112=DIRECTION('',(1.E0,0.E0,0.E0));
#5113=AXIS2_PLACEMENT_3D('',#5110,#5111,#5112);
#5114=CONICAL_SURFACE('',#5113,4.E-1,2.090798047101E1);
#5116=ORIENTED_EDGE('',*,*,#5115,.F.);
#5118=ORIENTED_EDGE('',*,*,#5117,.T.);
#5120=ORIENTED_EDGE('',*,*,#5119,.T.);
#5121=ORIENTED_EDGE('',*,*,#5024,.F.);
#5122=EDGE_LOOP('',(#5116,#5118,#5120,#5121));
#5123=FACE_OUTER_BOUND('',#5122,.F.);
#5124=ADVANCED_FACE('',(#5123),#5114,.T.);
#5125=CARTESIAN_POINT('',(1.9785E1,-5.59E0,0.E0));
#5126=DIRECTION('',(0.E0,1.E0,0.E0));
#5127=DIRECTION('',(1.E0,0.E0,0.E0));
#5128=AXIS2_PLACEMENT_3D('',#5125,#5126,#5127);
#5129=CONICAL_SURFACE('',#5128,4.E-1,2.090798047101E1);
#5130=ORIENTED_EDGE('',*,*,#5115,.T.);
#5131=ORIENTED_EDGE('',*,*,#4996,.T.);
#5132=ORIENTED_EDGE('',*,*,#5119,.F.);
#5134=ORIENTED_EDGE('',*,*,#5133,.F.);
#5135=EDGE_LOOP('',(#5130,#5131,#5132,#5134));
#5136=FACE_OUTER_BOUND('',#5135,.F.);
#5137=ADVANCED_FACE('',(#5136),#5129,.T.);
#5138=CARTESIAN_POINT('',(1.9785E1,-6.035E0,0.E0));
#5139=DIRECTION('',(0.E0,1.E0,0.E0));
#5140=DIRECTION('',(1.E0,0.E0,0.E0));
#5141=AXIS2_PLACEMENT_3D('',#5138,#5139,#5140);
#5142=PLANE('',#5141);
#5143=ORIENTED_EDGE('',*,*,#5117,.F.);
#5144=ORIENTED_EDGE('',*,*,#5133,.T.);
#5145=EDGE_LOOP('',(#5143,#5144));
#5146=FACE_OUTER_BOUND('',#5145,.F.);
#5147=ADVANCED_FACE('',(#5146),#5142,.F.);
#5148=CARTESIAN_POINT('',(2.0875E1,1.205E0,3.47E0));
#5149=DIRECTION('',(1.E0,0.E0,0.E0));
#5150=DIRECTION('',(0.E0,1.E0,0.E0));
#5151=AXIS2_PLACEMENT_3D('',#5148,#5149,#5150);
#5152=PLANE('',#5151);
#5153=ORIENTED_EDGE('',*,*,#4253,.T.);
#5154=ORIENTED_EDGE('',*,*,#3833,.T.);
#5155=ORIENTED_EDGE('',*,*,#4784,.T.);
#5156=ORIENTED_EDGE('',*,*,#4959,.T.);
#5157=EDGE_LOOP('',(#5153,#5154,#5155,#5156));
#5158=FACE_OUTER_BOUND('',#5157,.F.);
#5159=ADVANCED_FACE('',(#5158),#5152,.F.);
#5160=CARTESIAN_POINT('',(1.6915E1,-1.585E0,3.47E0));
#5161=DIRECTION('',(1.E0,0.E0,0.E0));
#5162=DIRECTION('',(0.E0,1.E0,0.E0));
#5163=AXIS2_PLACEMENT_3D('',#5160,#5161,#5162);
#5164=PLANE('',#5163);
#5165=ORIENTED_EDGE('',*,*,#3782,.T.);
#5167=ORIENTED_EDGE('',*,*,#5166,.F.);
#5168=ORIENTED_EDGE('',*,*,#4796,.F.);
#5169=ORIENTED_EDGE('',*,*,#4744,.F.);
#5170=EDGE_LOOP('',(#5165,#5167,#5168,#5169));
#5171=FACE_OUTER_BOUND('',#5170,.F.);
#5172=ADVANCED_FACE('',(#5171),#5164,.F.);
#5173=CARTESIAN_POINT('',(1.6915E1,-1.205E0,3.47E0));
#5174=DIRECTION('',(0.E0,1.E0,0.E0));
#5175=DIRECTION('',(-1.E0,0.E0,0.E0));
#5176=AXIS2_PLACEMENT_3D('',#5173,#5174,#5175);
#5177=PLANE('',#5176);
#5178=ORIENTED_EDGE('',*,*,#3780,.T.);
#5180=ORIENTED_EDGE('',*,*,#5179,.F.);
#5181=ORIENTED_EDGE('',*,*,#4798,.F.);
#5182=ORIENTED_EDGE('',*,*,#5166,.T.);
#5183=EDGE_LOOP('',(#5178,#5180,#5181,#5182));
#5184=FACE_OUTER_BOUND('',#5183,.F.);
#5186=ORIENTED_EDGE('',*,*,#5185,.F.);
#5188=ORIENTED_EDGE('',*,*,#5187,.F.);
#5189=EDGE_LOOP('',(#5186,#5188));
#5190=FACE_BOUND('',#5189,.F.);
#5191=ADVANCED_FACE('',(#5184,#5190),#5177,.F.);
#5192=CARTESIAN_POINT('',(1.4735E1,-1.205E0,3.47E0));
#5193=DIRECTION('',(-1.E0,0.E0,0.E0));
#5194=DIRECTION('',(0.E0,-1.E0,0.E0));
#5195=AXIS2_PLACEMENT_3D('',#5192,#5193,#5194);
#5196=PLANE('',#5195);
#5197=ORIENTED_EDGE('',*,*,#3778,.F.);
#5198=ORIENTED_EDGE('',*,*,#4702,.T.);
#5199=ORIENTED_EDGE('',*,*,#4800,.T.);
#5200=ORIENTED_EDGE('',*,*,#5179,.T.);
#5201=EDGE_LOOP('',(#5197,#5198,#5199,#5200));
#5202=FACE_OUTER_BOUND('',#5201,.F.);
#5203=ADVANCED_FACE('',(#5202),#5196,.F.);
#5204=CARTESIAN_POINT('',(1.5825E1,-6.9875E0,0.E0));
#5205=DIRECTION('',(0.E0,1.E0,0.E0));
#5206=DIRECTION('',(1.E0,0.E0,0.E0));
#5207=AXIS2_PLACEMENT_3D('',#5204,#5205,#5206);
#5208=CYLINDRICAL_SURFACE('',#5207,5.7E-1);
#5210=ORIENTED_EDGE('',*,*,#5209,.F.);
#5212=ORIENTED_EDGE('',*,*,#5211,.T.);
#5214=ORIENTED_EDGE('',*,*,#5213,.T.);
#5216=ORIENTED_EDGE('',*,*,#5215,.F.);
#5217=EDGE_LOOP('',(#5210,#5212,#5214,#5216));
#5218=FACE_OUTER_BOUND('',#5217,.F.);
#5219=ADVANCED_FACE('',(#5218),#5208,.T.);
#5220=CARTESIAN_POINT('',(1.5825E1,-6.9875E0,0.E0));
#5221=DIRECTION('',(0.E0,1.E0,0.E0));
#5222=DIRECTION('',(1.E0,0.E0,0.E0));
#5223=AXIS2_PLACEMENT_3D('',#5220,#5221,#5222);
#5224=CYLINDRICAL_SURFACE('',#5223,5.7E-1);
#5225=ORIENTED_EDGE('',*,*,#5185,.T.);
#5227=ORIENTED_EDGE('',*,*,#5226,.F.);
#5229=ORIENTED_EDGE('',*,*,#5228,.F.);
#5231=ORIENTED_EDGE('',*,*,#5230,.T.);
#5232=EDGE_LOOP('',(#5225,#5227,#5229,#5231));
#5233=FACE_OUTER_BOUND('',#5232,.F.);
#5234=ADVANCED_FACE('',(#5233),#5224,.T.);
#5235=CARTESIAN_POINT('',(1.4735E1,1.205E0,3.47E0));
#5236=DIRECTION('',(0.E0,-1.E0,0.E0));
#5237=DIRECTION('',(1.E0,0.E0,0.E0));
#5238=AXIS2_PLACEMENT_3D('',#5235,#5236,#5237);
#5239=PLANE('',#5238);
#5240=ORIENTED_EDGE('',*,*,#4262,.T.);
#5242=ORIENTED_EDGE('',*,*,#5241,.F.);
#5243=ORIENTED_EDGE('',*,*,#4932,.F.);
#5245=ORIENTED_EDGE('',*,*,#5244,.T.);
#5246=EDGE_LOOP('',(#5240,#5242,#5243,#5245));
#5247=FACE_OUTER_BOUND('',#5246,.F.);
#5248=ORIENTED_EDGE('',*,*,#5209,.T.);
#5250=ORIENTED_EDGE('',*,*,#5249,.T.);
#5251=EDGE_LOOP('',(#5248,#5250));
#5252=FACE_BOUND('',#5251,.F.);
#5253=ADVANCED_FACE('',(#5247,#5252),#5239,.F.);
#5254=CARTESIAN_POINT('',(1.5825E1,-6.9875E0,0.E0));
#5255=DIRECTION('',(0.E0,1.E0,0.E0));
#5256=DIRECTION('',(1.E0,0.E0,0.E0));
#5257=AXIS2_PLACEMENT_3D('',#5254,#5255,#5256);
#5258=CYLINDRICAL_SURFACE('',#5257,5.7E-1);
#5259=ORIENTED_EDGE('',*,*,#5249,.F.);
#5260=ORIENTED_EDGE('',*,*,#5215,.T.);
#5262=ORIENTED_EDGE('',*,*,#5261,.F.);
#5263=ORIENTED_EDGE('',*,*,#5211,.F.);
#5264=EDGE_LOOP('',(#5259,#5260,#5262,#5263));
#5265=FACE_OUTER_BOUND('',#5264,.F.);
#5266=ADVANCED_FACE('',(#5265),#5258,.T.);
#5267=CARTESIAN_POINT('',(1.5825E1,-6.9875E0,0.E0));
#5268=DIRECTION('',(0.E0,1.E0,0.E0));
#5269=DIRECTION('',(1.E0,0.E0,0.E0));
#5270=AXIS2_PLACEMENT_3D('',#5267,#5268,#5269);
#5271=CYLINDRICAL_SURFACE('',#5270,5.7E-1);
#5272=ORIENTED_EDGE('',*,*,#5187,.T.);
#5273=ORIENTED_EDGE('',*,*,#5230,.F.);
#5275=ORIENTED_EDGE('',*,*,#5274,.T.);
#5276=ORIENTED_EDGE('',*,*,#5226,.T.);
#5277=EDGE_LOOP('',(#5272,#5273,#5275,#5276));
#5278=FACE_OUTER_BOUND('',#5277,.F.);
#5279=ADVANCED_FACE('',(#5278),#5271,.T.);
#5280=CARTESIAN_POINT('',(1.5825E1,1.257E1,0.E0));
#5281=DIRECTION('',(0.E0,-1.E0,0.E0));
#5282=DIRECTION('',(-1.E0,0.E0,0.E0));
#5283=AXIS2_PLACEMENT_3D('',#5280,#5281,#5282);
#5284=CONICAL_SURFACE('',#5283,4.E-1,2.090798047101E1);
#5286=ORIENTED_EDGE('',*,*,#5285,.F.);
#5287=ORIENTED_EDGE('',*,*,#5261,.T.);
#5289=ORIENTED_EDGE('',*,*,#5288,.T.);
#5291=ORIENTED_EDGE('',*,*,#5290,.F.);
#5292=EDGE_LOOP('',(#5286,#5287,#5289,#5291));
#5293=FACE_OUTER_BOUND('',#5292,.F.);
#5294=ADVANCED_FACE('',(#5293),#5284,.T.);
#5295=CARTESIAN_POINT('',(1.5825E1,1.257E1,0.E0));
#5296=DIRECTION('',(0.E0,-1.E0,0.E0));
#5297=DIRECTION('',(-1.E0,0.E0,0.E0));
#5298=AXIS2_PLACEMENT_3D('',#5295,#5296,#5297);
#5299=CONICAL_SURFACE('',#5298,4.E-1,2.090798047101E1);
#5300=ORIENTED_EDGE('',*,*,#5285,.T.);
#5302=ORIENTED_EDGE('',*,*,#5301,.T.);
#5303=ORIENTED_EDGE('',*,*,#5288,.F.);
#5304=ORIENTED_EDGE('',*,*,#5213,.F.);
#5305=EDGE_LOOP('',(#5300,#5302,#5303,#5304));
#5306=FACE_OUTER_BOUND('',#5305,.F.);
#5307=ADVANCED_FACE('',(#5306),#5299,.T.);
#5308=CARTESIAN_POINT('',(1.5825E1,1.3015E1,0.E0));
#5309=DIRECTION('',(0.E0,1.E0,0.E0));
#5310=DIRECTION('',(1.E0,0.E0,0.E0));
#5311=AXIS2_PLACEMENT_3D('',#5308,#5309,#5310);
#5312=PLANE('',#5311);
#5313=ORIENTED_EDGE('',*,*,#5290,.T.);
#5314=ORIENTED_EDGE('',*,*,#5301,.F.);
#5315=EDGE_LOOP('',(#5313,#5314));
#5316=FACE_OUTER_BOUND('',#5315,.F.);
#5317=ADVANCED_FACE('',(#5316),#5312,.T.);
#5318=CARTESIAN_POINT('',(1.5825E1,-5.59E0,0.E0));
#5319=DIRECTION('',(0.E0,1.E0,0.E0));
#5320=DIRECTION('',(1.E0,0.E0,0.E0));
#5321=AXIS2_PLACEMENT_3D('',#5318,#5319,#5320);
#5322=CONICAL_SURFACE('',#5321,4.E-1,2.090798047101E1);
#5324=ORIENTED_EDGE('',*,*,#5323,.F.);
#5326=ORIENTED_EDGE('',*,*,#5325,.T.);
#5328=ORIENTED_EDGE('',*,*,#5327,.T.);
#5329=ORIENTED_EDGE('',*,*,#5274,.F.);
#5330=EDGE_LOOP('',(#5324,#5326,#5328,#5329));
#5331=FACE_OUTER_BOUND('',#5330,.F.);
#5332=ADVANCED_FACE('',(#5331),#5322,.T.);
#5333=CARTESIAN_POINT('',(1.5825E1,-5.59E0,0.E0));
#5334=DIRECTION('',(0.E0,1.E0,0.E0));
#5335=DIRECTION('',(1.E0,0.E0,0.E0));
#5336=AXIS2_PLACEMENT_3D('',#5333,#5334,#5335);
#5337=CONICAL_SURFACE('',#5336,4.E-1,2.090798047101E1);
#5338=ORIENTED_EDGE('',*,*,#5323,.T.);
#5339=ORIENTED_EDGE('',*,*,#5228,.T.);
#5340=ORIENTED_EDGE('',*,*,#5327,.F.);
#5342=ORIENTED_EDGE('',*,*,#5341,.F.);
#5343=EDGE_LOOP('',(#5338,#5339,#5340,#5342));
#5344=FACE_OUTER_BOUND('',#5343,.F.);
#5345=ADVANCED_FACE('',(#5344),#5337,.T.);
#5346=CARTESIAN_POINT('',(1.5825E1,-6.035E0,0.E0));
#5347=DIRECTION('',(0.E0,1.E0,0.E0));
#5348=DIRECTION('',(1.E0,0.E0,0.E0));
#5349=AXIS2_PLACEMENT_3D('',#5346,#5347,#5348);
#5350=PLANE('',#5349);
#5351=ORIENTED_EDGE('',*,*,#5325,.F.);
#5352=ORIENTED_EDGE('',*,*,#5341,.T.);
#5353=EDGE_LOOP('',(#5351,#5352));
#5354=FACE_OUTER_BOUND('',#5353,.F.);
#5355=ADVANCED_FACE('',(#5354),#5350,.F.);
#5356=CARTESIAN_POINT('',(1.6915E1,1.205E0,3.47E0));
#5357=DIRECTION('',(1.E0,0.E0,0.E0));
#5358=DIRECTION('',(0.E0,1.E0,0.E0));
#5359=AXIS2_PLACEMENT_3D('',#5356,#5357,#5358);
#5360=PLANE('',#5359);
#5361=ORIENTED_EDGE('',*,*,#4260,.T.);
#5362=ORIENTED_EDGE('',*,*,#3865,.T.);
#5363=ORIENTED_EDGE('',*,*,#4934,.T.);
#5364=ORIENTED_EDGE('',*,*,#5241,.T.);
#5365=EDGE_LOOP('',(#5361,#5362,#5363,#5364));
#5366=FACE_OUTER_BOUND('',#5365,.F.);
#5367=ADVANCED_FACE('',(#5366),#5360,.F.);
#5368=CARTESIAN_POINT('',(1.4735E1,1.585E0,3.47E0));
#5369=DIRECTION('',(-1.E0,0.E0,0.E0));
#5370=DIRECTION('',(0.E0,-1.E0,0.E0));
#5371=AXIS2_PLACEMENT_3D('',#5368,#5369,#5370);
#5372=PLANE('',#5371);
#5373=ORIENTED_EDGE('',*,*,#4264,.T.);
#5374=ORIENTED_EDGE('',*,*,#5244,.F.);
#5375=ORIENTED_EDGE('',*,*,#4930,.F.);
#5376=ORIENTED_EDGE('',*,*,#4115,.F.);
#5377=EDGE_LOOP('',(#5373,#5374,#5375,#5376));
#5378=FACE_OUTER_BOUND('',#5377,.F.);
#5379=ADVANCED_FACE('',(#5378),#5372,.F.);
#5380=CARTESIAN_POINT('',(1.2955E1,-1.585E0,3.47E0));
#5381=DIRECTION('',(1.E0,0.E0,0.E0));
#5382=DIRECTION('',(0.E0,1.E0,0.E0));
#5383=AXIS2_PLACEMENT_3D('',#5380,#5381,#5382);
#5384=PLANE('',#5383);
#5385=ORIENTED_EDGE('',*,*,#3774,.T.);
#5387=ORIENTED_EDGE('',*,*,#5386,.F.);
#5388=ORIENTED_EDGE('',*,*,#4803,.F.);
#5389=ORIENTED_EDGE('',*,*,#4705,.F.);
#5390=EDGE_LOOP('',(#5385,#5387,#5388,#5389));
#5391=FACE_OUTER_BOUND('',#5390,.F.);
#5392=ADVANCED_FACE('',(#5391),#5384,.F.);
#5393=CARTESIAN_POINT('',(1.2955E1,-1.205E0,3.47E0));
#5394=DIRECTION('',(0.E0,1.E0,0.E0));
#5395=DIRECTION('',(-1.E0,0.E0,0.E0));
#5396=AXIS2_PLACEMENT_3D('',#5393,#5394,#5395);
#5397=PLANE('',#5396);
#5398=ORIENTED_EDGE('',*,*,#3772,.T.);
#5400=ORIENTED_EDGE('',*,*,#5399,.F.);
#5401=ORIENTED_EDGE('',*,*,#4805,.F.);
#5402=ORIENTED_EDGE('',*,*,#5386,.T.);
#5403=EDGE_LOOP('',(#5398,#5400,#5401,#5402));
#5404=FACE_OUTER_BOUND('',#5403,.F.);
#5406=ORIENTED_EDGE('',*,*,#5405,.F.);
#5408=ORIENTED_EDGE('',*,*,#5407,.F.);
#5409=EDGE_LOOP('',(#5406,#5408));
#5410=FACE_BOUND('',#5409,.F.);
#5411=ADVANCED_FACE('',(#5404,#5410),#5397,.F.);
#5412=CARTESIAN_POINT('',(1.0775E1,-1.205E0,3.47E0));
#5413=DIRECTION('',(-1.E0,0.E0,0.E0));
#5414=DIRECTION('',(0.E0,-1.E0,0.E0));
#5415=AXIS2_PLACEMENT_3D('',#5412,#5413,#5414);
#5416=PLANE('',#5415);
#5417=ORIENTED_EDGE('',*,*,#3770,.F.);
#5418=ORIENTED_EDGE('',*,*,#4677,.T.);
#5419=ORIENTED_EDGE('',*,*,#4807,.T.);
#5420=ORIENTED_EDGE('',*,*,#5399,.T.);
#5421=EDGE_LOOP('',(#5417,#5418,#5419,#5420));
#5422=FACE_OUTER_BOUND('',#5421,.F.);
#5423=ADVANCED_FACE('',(#5422),#5416,.F.);
#5424=CARTESIAN_POINT('',(1.1865E1,-6.9875E0,0.E0));
#5425=DIRECTION('',(0.E0,1.E0,0.E0));
#5426=DIRECTION('',(1.E0,0.E0,0.E0));
#5427=AXIS2_PLACEMENT_3D('',#5424,#5425,#5426);
#5428=CYLINDRICAL_SURFACE('',#5427,5.7E-1);
#5430=ORIENTED_EDGE('',*,*,#5429,.F.);
#5432=ORIENTED_EDGE('',*,*,#5431,.T.);
#5434=ORIENTED_EDGE('',*,*,#5433,.T.);
#5436=ORIENTED_EDGE('',*,*,#5435,.F.);
#5437=EDGE_LOOP('',(#5430,#5432,#5434,#5436));
#5438=FACE_OUTER_BOUND('',#5437,.F.);
#5439=ADVANCED_FACE('',(#5438),#5428,.T.);
#5440=CARTESIAN_POINT('',(1.1865E1,-6.9875E0,0.E0));
#5441=DIRECTION('',(0.E0,1.E0,0.E0));
#5442=DIRECTION('',(1.E0,0.E0,0.E0));
#5443=AXIS2_PLACEMENT_3D('',#5440,#5441,#5442);
#5444=CYLINDRICAL_SURFACE('',#5443,5.7E-1);
#5445=ORIENTED_EDGE('',*,*,#5405,.T.);
#5447=ORIENTED_EDGE('',*,*,#5446,.F.);
#5449=ORIENTED_EDGE('',*,*,#5448,.F.);
#5451=ORIENTED_EDGE('',*,*,#5450,.T.);
#5452=EDGE_LOOP('',(#5445,#5447,#5449,#5451));
#5453=FACE_OUTER_BOUND('',#5452,.F.);
#5454=ADVANCED_FACE('',(#5453),#5444,.T.);
#5455=CARTESIAN_POINT('',(1.0775E1,1.205E0,3.47E0));
#5456=DIRECTION('',(0.E0,-1.E0,0.E0));
#5457=DIRECTION('',(1.E0,0.E0,0.E0));
#5458=AXIS2_PLACEMENT_3D('',#5455,#5456,#5457);
#5459=PLANE('',#5458);
#5460=ORIENTED_EDGE('',*,*,#4215,.T.);
#5462=ORIENTED_EDGE('',*,*,#5461,.F.);
#5463=ORIENTED_EDGE('',*,*,#4925,.F.);
#5465=ORIENTED_EDGE('',*,*,#5464,.T.);
#5466=EDGE_LOOP('',(#5460,#5462,#5463,#5465));
#5467=FACE_OUTER_BOUND('',#5466,.F.);
#5468=ORIENTED_EDGE('',*,*,#5429,.T.);
#5470=ORIENTED_EDGE('',*,*,#5469,.T.);
#5471=EDGE_LOOP('',(#5468,#5470));
#5472=FACE_BOUND('',#5471,.F.);
#5473=ADVANCED_FACE('',(#5467,#5472),#5459,.F.);
#5474=CARTESIAN_POINT('',(1.1865E1,-6.9875E0,0.E0));
#5475=DIRECTION('',(0.E0,1.E0,0.E0));
#5476=DIRECTION('',(1.E0,0.E0,0.E0));
#5477=AXIS2_PLACEMENT_3D('',#5474,#5475,#5476);
#5478=CYLINDRICAL_SURFACE('',#5477,5.7E-1);
#5479=ORIENTED_EDGE('',*,*,#5469,.F.);
#5480=ORIENTED_EDGE('',*,*,#5435,.T.);
#5482=ORIENTED_EDGE('',*,*,#5481,.F.);
#5483=ORIENTED_EDGE('',*,*,#5431,.F.);
#5484=EDGE_LOOP('',(#5479,#5480,#5482,#5483));
#5485=FACE_OUTER_BOUND('',#5484,.F.);
#5486=ADVANCED_FACE('',(#5485),#5478,.T.);
#5487=CARTESIAN_POINT('',(1.1865E1,-6.9875E0,0.E0));
#5488=DIRECTION('',(0.E0,1.E0,0.E0));
#5489=DIRECTION('',(1.E0,0.E0,0.E0));
#5490=AXIS2_PLACEMENT_3D('',#5487,#5488,#5489);
#5491=CYLINDRICAL_SURFACE('',#5490,5.7E-1);
#5492=ORIENTED_EDGE('',*,*,#5407,.T.);
#5493=ORIENTED_EDGE('',*,*,#5450,.F.);
#5495=ORIENTED_EDGE('',*,*,#5494,.T.);
#5496=ORIENTED_EDGE('',*,*,#5446,.T.);
#5497=EDGE_LOOP('',(#5492,#5493,#5495,#5496));
#5498=FACE_OUTER_BOUND('',#5497,.F.);
#5499=ADVANCED_FACE('',(#5498),#5491,.T.);
#5500=CARTESIAN_POINT('',(1.1865E1,1.257E1,0.E0));
#5501=DIRECTION('',(0.E0,-1.E0,0.E0));
#5502=DIRECTION('',(-1.E0,0.E0,0.E0));
#5503=AXIS2_PLACEMENT_3D('',#5500,#5501,#5502);
#5504=CONICAL_SURFACE('',#5503,4.E-1,2.090798047101E1);
#5506=ORIENTED_EDGE('',*,*,#5505,.F.);
#5507=ORIENTED_EDGE('',*,*,#5481,.T.);
#5509=ORIENTED_EDGE('',*,*,#5508,.T.);
#5511=ORIENTED_EDGE('',*,*,#5510,.F.);
#5512=EDGE_LOOP('',(#5506,#5507,#5509,#5511));
#5513=FACE_OUTER_BOUND('',#5512,.F.);
#5514=ADVANCED_FACE('',(#5513),#5504,.T.);
#5515=CARTESIAN_POINT('',(1.1865E1,1.257E1,0.E0));
#5516=DIRECTION('',(0.E0,-1.E0,0.E0));
#5517=DIRECTION('',(-1.E0,0.E0,0.E0));
#5518=AXIS2_PLACEMENT_3D('',#5515,#5516,#5517);
#5519=CONICAL_SURFACE('',#5518,4.E-1,2.090798047101E1);
#5520=ORIENTED_EDGE('',*,*,#5505,.T.);
#5522=ORIENTED_EDGE('',*,*,#5521,.T.);
#5523=ORIENTED_EDGE('',*,*,#5508,.F.);
#5524=ORIENTED_EDGE('',*,*,#5433,.F.);
#5525=EDGE_LOOP('',(#5520,#5522,#5523,#5524));
#5526=FACE_OUTER_BOUND('',#5525,.F.);
#5527=ADVANCED_FACE('',(#5526),#5519,.T.);
#5528=CARTESIAN_POINT('',(1.1865E1,1.3015E1,0.E0));
#5529=DIRECTION('',(0.E0,1.E0,0.E0));
#5530=DIRECTION('',(1.E0,0.E0,0.E0));
#5531=AXIS2_PLACEMENT_3D('',#5528,#5529,#5530);
#5532=PLANE('',#5531);
#5533=ORIENTED_EDGE('',*,*,#5510,.T.);
#5534=ORIENTED_EDGE('',*,*,#5521,.F.);
#5535=EDGE_LOOP('',(#5533,#5534));
#5536=FACE_OUTER_BOUND('',#5535,.F.);
#5537=ADVANCED_FACE('',(#5536),#5532,.T.);
#5538=CARTESIAN_POINT('',(1.1865E1,-5.59E0,0.E0));
#5539=DIRECTION('',(0.E0,1.E0,0.E0));
#5540=DIRECTION('',(1.E0,0.E0,0.E0));
#5541=AXIS2_PLACEMENT_3D('',#5538,#5539,#5540);
#5542=CONICAL_SURFACE('',#5541,4.E-1,2.090798047101E1);
#5544=ORIENTED_EDGE('',*,*,#5543,.F.);
#5546=ORIENTED_EDGE('',*,*,#5545,.T.);
#5548=ORIENTED_EDGE('',*,*,#5547,.T.);
#5549=ORIENTED_EDGE('',*,*,#5494,.F.);
#5550=EDGE_LOOP('',(#5544,#5546,#5548,#5549));
#5551=FACE_OUTER_BOUND('',#5550,.F.);
#5552=ADVANCED_FACE('',(#5551),#5542,.T.);
#5553=CARTESIAN_POINT('',(1.1865E1,-5.59E0,0.E0));
#5554=DIRECTION('',(0.E0,1.E0,0.E0));
#5555=DIRECTION('',(1.E0,0.E0,0.E0));
#5556=AXIS2_PLACEMENT_3D('',#5553,#5554,#5555);
#5557=CONICAL_SURFACE('',#5556,4.E-1,2.090798047101E1);
#5558=ORIENTED_EDGE('',*,*,#5543,.T.);
#5559=ORIENTED_EDGE('',*,*,#5448,.T.);
#5560=ORIENTED_EDGE('',*,*,#5547,.F.);
#5562=ORIENTED_EDGE('',*,*,#5561,.F.);
#5563=EDGE_LOOP('',(#5558,#5559,#5560,#5562));
#5564=FACE_OUTER_BOUND('',#5563,.F.);
#5565=ADVANCED_FACE('',(#5564),#5557,.T.);
#5566=CARTESIAN_POINT('',(1.1865E1,-6.035E0,0.E0));
#5567=DIRECTION('',(0.E0,1.E0,0.E0));
#5568=DIRECTION('',(1.E0,0.E0,0.E0));
#5569=AXIS2_PLACEMENT_3D('',#5566,#5567,#5568);
#5570=PLANE('',#5569);
#5571=ORIENTED_EDGE('',*,*,#5545,.F.);
#5572=ORIENTED_EDGE('',*,*,#5561,.T.);
#5573=EDGE_LOOP('',(#5571,#5572));
#5574=FACE_OUTER_BOUND('',#5573,.F.);
#5575=ADVANCED_FACE('',(#5574),#5570,.F.);
#5576=CARTESIAN_POINT('',(1.2955E1,1.205E0,3.47E0));
#5577=DIRECTION('',(1.E0,0.E0,0.E0));
#5578=DIRECTION('',(0.E0,1.E0,0.E0));
#5579=AXIS2_PLACEMENT_3D('',#5576,#5577,#5578);
#5580=PLANE('',#5579);
#5581=ORIENTED_EDGE('',*,*,#4213,.T.);
#5582=ORIENTED_EDGE('',*,*,#4119,.T.);
#5583=ORIENTED_EDGE('',*,*,#4927,.T.);
#5584=ORIENTED_EDGE('',*,*,#5461,.T.);
#5585=EDGE_LOOP('',(#5581,#5582,#5583,#5584));
#5586=FACE_OUTER_BOUND('',#5585,.F.);
#5587=ADVANCED_FACE('',(#5586),#5580,.F.);
#5588=CARTESIAN_POINT('',(1.0775E1,1.585E0,3.47E0));
#5589=DIRECTION('',(-1.E0,0.E0,0.E0));
#5590=DIRECTION('',(0.E0,-1.E0,0.E0));
#5591=AXIS2_PLACEMENT_3D('',#5588,#5589,#5590);
#5592=PLANE('',#5591);
#5593=ORIENTED_EDGE('',*,*,#4217,.T.);
#5594=ORIENTED_EDGE('',*,*,#5464,.F.);
#5595=ORIENTED_EDGE('',*,*,#4923,.F.);
#5596=ORIENTED_EDGE('',*,*,#3913,.F.);
#5597=EDGE_LOOP('',(#5593,#5594,#5595,#5596));
#5598=FACE_OUTER_BOUND('',#5597,.F.);
#5599=ADVANCED_FACE('',(#5598),#5592,.F.);
#5600=CARTESIAN_POINT('',(8.995E0,-1.585E0,3.47E0));
#5601=DIRECTION('',(1.E0,0.E0,0.E0));
#5602=DIRECTION('',(0.E0,1.E0,0.E0));
#5603=AXIS2_PLACEMENT_3D('',#5600,#5601,#5602);
#5604=PLANE('',#5603);
#5605=ORIENTED_EDGE('',*,*,#3766,.T.);
#5607=ORIENTED_EDGE('',*,*,#5606,.F.);
#5608=ORIENTED_EDGE('',*,*,#4810,.F.);
#5609=ORIENTED_EDGE('',*,*,#4680,.F.);
#5610=EDGE_LOOP('',(#5605,#5607,#5608,#5609));
#5611=FACE_OUTER_BOUND('',#5610,.F.);
#5612=ADVANCED_FACE('',(#5611),#5604,.F.);
#5613=CARTESIAN_POINT('',(8.995E0,-1.205E0,3.47E0));
#5614=DIRECTION('',(0.E0,1.E0,0.E0));
#5615=DIRECTION('',(-1.E0,0.E0,0.E0));
#5616=AXIS2_PLACEMENT_3D('',#5613,#5614,#5615);
#5617=PLANE('',#5616);
#5618=ORIENTED_EDGE('',*,*,#3764,.T.);
#5620=ORIENTED_EDGE('',*,*,#5619,.F.);
#5621=ORIENTED_EDGE('',*,*,#4812,.F.);
#5622=ORIENTED_EDGE('',*,*,#5606,.T.);
#5623=EDGE_LOOP('',(#5618,#5620,#5621,#5622));
#5624=FACE_OUTER_BOUND('',#5623,.F.);
#5626=ORIENTED_EDGE('',*,*,#5625,.F.);
#5628=ORIENTED_EDGE('',*,*,#5627,.F.);
#5629=EDGE_LOOP('',(#5626,#5628));
#5630=FACE_BOUND('',#5629,.F.);
#5631=ADVANCED_FACE('',(#5624,#5630),#5617,.F.);
#5632=CARTESIAN_POINT('',(6.815E0,-1.205E0,3.47E0));
#5633=DIRECTION('',(-1.E0,0.E0,0.E0));
#5634=DIRECTION('',(0.E0,-1.E0,0.E0));
#5635=AXIS2_PLACEMENT_3D('',#5632,#5633,#5634);
#5636=PLANE('',#5635);
#5637=ORIENTED_EDGE('',*,*,#3762,.F.);
#5638=ORIENTED_EDGE('',*,*,#4652,.T.);
#5639=ORIENTED_EDGE('',*,*,#4814,.T.);
#5640=ORIENTED_EDGE('',*,*,#5619,.T.);
#5641=EDGE_LOOP('',(#5637,#5638,#5639,#5640));
#5642=FACE_OUTER_BOUND('',#5641,.F.);
#5643=ADVANCED_FACE('',(#5642),#5636,.F.);
#5644=CARTESIAN_POINT('',(7.905E0,-6.9875E0,0.E0));
#5645=DIRECTION('',(0.E0,1.E0,0.E0));
#5646=DIRECTION('',(1.E0,0.E0,0.E0));
#5647=AXIS2_PLACEMENT_3D('',#5644,#5645,#5646);
#5648=CYLINDRICAL_SURFACE('',#5647,5.7E-1);
#5650=ORIENTED_EDGE('',*,*,#5649,.F.);
#5652=ORIENTED_EDGE('',*,*,#5651,.T.);
#5654=ORIENTED_EDGE('',*,*,#5653,.T.);
#5656=ORIENTED_EDGE('',*,*,#5655,.F.);
#5657=EDGE_LOOP('',(#5650,#5652,#5654,#5656));
#5658=FACE_OUTER_BOUND('',#5657,.F.);
#5659=ADVANCED_FACE('',(#5658),#5648,.T.);
#5660=CARTESIAN_POINT('',(7.905E0,-6.9875E0,0.E0));
#5661=DIRECTION('',(0.E0,1.E0,0.E0));
#5662=DIRECTION('',(1.E0,0.E0,0.E0));
#5663=AXIS2_PLACEMENT_3D('',#5660,#5661,#5662);
#5664=CYLINDRICAL_SURFACE('',#5663,5.7E-1);
#5665=ORIENTED_EDGE('',*,*,#5625,.T.);
#5667=ORIENTED_EDGE('',*,*,#5666,.F.);
#5669=ORIENTED_EDGE('',*,*,#5668,.F.);
#5671=ORIENTED_EDGE('',*,*,#5670,.T.);
#5672=EDGE_LOOP('',(#5665,#5667,#5669,#5671));
#5673=FACE_OUTER_BOUND('',#5672,.F.);
#5674=ADVANCED_FACE('',(#5673),#5664,.T.);
#5675=CARTESIAN_POINT('',(6.815E0,1.205E0,3.47E0));
#5676=DIRECTION('',(0.E0,-1.E0,0.E0));
#5677=DIRECTION('',(1.E0,0.E0,0.E0));
#5678=AXIS2_PLACEMENT_3D('',#5675,#5676,#5677);
#5679=PLANE('',#5678);
#5680=ORIENTED_EDGE('',*,*,#4222,.T.);
#5682=ORIENTED_EDGE('',*,*,#5681,.F.);
#5683=ORIENTED_EDGE('',*,*,#4918,.F.);
#5685=ORIENTED_EDGE('',*,*,#5684,.T.);
#5686=EDGE_LOOP('',(#5680,#5682,#5683,#5685));
#5687=FACE_OUTER_BOUND('',#5686,.F.);
#5688=ORIENTED_EDGE('',*,*,#5649,.T.);
#5690=ORIENTED_EDGE('',*,*,#5689,.T.);
#5691=EDGE_LOOP('',(#5688,#5690));
#5692=FACE_BOUND('',#5691,.F.);
#5693=ADVANCED_FACE('',(#5687,#5692),#5679,.F.);
#5694=CARTESIAN_POINT('',(7.905E0,-6.9875E0,0.E0));
#5695=DIRECTION('',(0.E0,1.E0,0.E0));
#5696=DIRECTION('',(1.E0,0.E0,0.E0));
#5697=AXIS2_PLACEMENT_3D('',#5694,#5695,#5696);
#5698=CYLINDRICAL_SURFACE('',#5697,5.7E-1);
#5699=ORIENTED_EDGE('',*,*,#5689,.F.);
#5700=ORIENTED_EDGE('',*,*,#5655,.T.);
#5702=ORIENTED_EDGE('',*,*,#5701,.F.);
#5703=ORIENTED_EDGE('',*,*,#5651,.F.);
#5704=EDGE_LOOP('',(#5699,#5700,#5702,#5703));
#5705=FACE_OUTER_BOUND('',#5704,.F.);
#5706=ADVANCED_FACE('',(#5705),#5698,.T.);
#5707=CARTESIAN_POINT('',(7.905E0,-6.9875E0,0.E0));
#5708=DIRECTION('',(0.E0,1.E0,0.E0));
#5709=DIRECTION('',(1.E0,0.E0,0.E0));
#5710=AXIS2_PLACEMENT_3D('',#5707,#5708,#5709);
#5711=CYLINDRICAL_SURFACE('',#5710,5.7E-1);
#5712=ORIENTED_EDGE('',*,*,#5627,.T.);
#5713=ORIENTED_EDGE('',*,*,#5670,.F.);
#5715=ORIENTED_EDGE('',*,*,#5714,.T.);
#5716=ORIENTED_EDGE('',*,*,#5666,.T.);
#5717=EDGE_LOOP('',(#5712,#5713,#5715,#5716));
#5718=FACE_OUTER_BOUND('',#5717,.F.);
#5719=ADVANCED_FACE('',(#5718),#5711,.T.);
#5720=CARTESIAN_POINT('',(7.905E0,1.257E1,0.E0));
#5721=DIRECTION('',(0.E0,-1.E0,0.E0));
#5722=DIRECTION('',(-1.E0,0.E0,0.E0));
#5723=AXIS2_PLACEMENT_3D('',#5720,#5721,#5722);
#5724=CONICAL_SURFACE('',#5723,4.E-1,2.090798047101E1);
#5726=ORIENTED_EDGE('',*,*,#5725,.F.);
#5727=ORIENTED_EDGE('',*,*,#5701,.T.);
#5729=ORIENTED_EDGE('',*,*,#5728,.T.);
#5731=ORIENTED_EDGE('',*,*,#5730,.F.);
#5732=EDGE_LOOP('',(#5726,#5727,#5729,#5731));
#5733=FACE_OUTER_BOUND('',#5732,.F.);
#5734=ADVANCED_FACE('',(#5733),#5724,.T.);
#5735=CARTESIAN_POINT('',(7.905E0,1.257E1,0.E0));
#5736=DIRECTION('',(0.E0,-1.E0,0.E0));
#5737=DIRECTION('',(-1.E0,0.E0,0.E0));
#5738=AXIS2_PLACEMENT_3D('',#5735,#5736,#5737);
#5739=CONICAL_SURFACE('',#5738,4.E-1,2.090798047101E1);
#5740=ORIENTED_EDGE('',*,*,#5725,.T.);
#5742=ORIENTED_EDGE('',*,*,#5741,.T.);
#5743=ORIENTED_EDGE('',*,*,#5728,.F.);
#5744=ORIENTED_EDGE('',*,*,#5653,.F.);
#5745=EDGE_LOOP('',(#5740,#5742,#5743,#5744));
#5746=FACE_OUTER_BOUND('',#5745,.F.);
#5747=ADVANCED_FACE('',(#5746),#5739,.T.);
#5748=CARTESIAN_POINT('',(7.905E0,1.3015E1,0.E0));
#5749=DIRECTION('',(0.E0,1.E0,0.E0));
#5750=DIRECTION('',(1.E0,0.E0,0.E0));
#5751=AXIS2_PLACEMENT_3D('',#5748,#5749,#5750);
#5752=PLANE('',#5751);
#5753=ORIENTED_EDGE('',*,*,#5730,.T.);
#5754=ORIENTED_EDGE('',*,*,#5741,.F.);
#5755=EDGE_LOOP('',(#5753,#5754));
#5756=FACE_OUTER_BOUND('',#5755,.F.);
#5757=ADVANCED_FACE('',(#5756),#5752,.T.);
#5758=CARTESIAN_POINT('',(7.905E0,-5.59E0,0.E0));
#5759=DIRECTION('',(0.E0,1.E0,0.E0));
#5760=DIRECTION('',(1.E0,0.E0,0.E0));
#5761=AXIS2_PLACEMENT_3D('',#5758,#5759,#5760);
#5762=CONICAL_SURFACE('',#5761,4.E-1,2.090798047101E1);
#5764=ORIENTED_EDGE('',*,*,#5763,.F.);
#5766=ORIENTED_EDGE('',*,*,#5765,.T.);
#5768=ORIENTED_EDGE('',*,*,#5767,.T.);
#5769=ORIENTED_EDGE('',*,*,#5714,.F.);
#5770=EDGE_LOOP('',(#5764,#5766,#5768,#5769));
#5771=FACE_OUTER_BOUND('',#5770,.F.);
#5772=ADVANCED_FACE('',(#5771),#5762,.T.);
#5773=CARTESIAN_POINT('',(7.905E0,-5.59E0,0.E0));
#5774=DIRECTION('',(0.E0,1.E0,0.E0));
#5775=DIRECTION('',(1.E0,0.E0,0.E0));
#5776=AXIS2_PLACEMENT_3D('',#5773,#5774,#5775);
#5777=CONICAL_SURFACE('',#5776,4.E-1,2.090798047101E1);
#5778=ORIENTED_EDGE('',*,*,#5763,.T.);
#5779=ORIENTED_EDGE('',*,*,#5668,.T.);
#5780=ORIENTED_EDGE('',*,*,#5767,.F.);
#5782=ORIENTED_EDGE('',*,*,#5781,.F.);
#5783=EDGE_LOOP('',(#5778,#5779,#5780,#5782));
#5784=FACE_OUTER_BOUND('',#5783,.F.);
#5785=ADVANCED_FACE('',(#5784),#5777,.T.);
#5786=CARTESIAN_POINT('',(7.905E0,-6.035E0,0.E0));
#5787=DIRECTION('',(0.E0,1.E0,0.E0));
#5788=DIRECTION('',(1.E0,0.E0,0.E0));
#5789=AXIS2_PLACEMENT_3D('',#5786,#5787,#5788);
#5790=PLANE('',#5789);
#5791=ORIENTED_EDGE('',*,*,#5765,.F.);
#5792=ORIENTED_EDGE('',*,*,#5781,.T.);
#5793=EDGE_LOOP('',(#5791,#5792));
#5794=FACE_OUTER_BOUND('',#5793,.F.);
#5795=ADVANCED_FACE('',(#5794),#5790,.F.);
#5796=CARTESIAN_POINT('',(8.995E0,1.205E0,3.47E0));
#5797=DIRECTION('',(1.E0,0.E0,0.E0));
#5798=DIRECTION('',(0.E0,1.E0,0.E0));
#5799=AXIS2_PLACEMENT_3D('',#5796,#5797,#5798);
#5800=PLANE('',#5799);
#5801=ORIENTED_EDGE('',*,*,#4220,.T.);
#5802=ORIENTED_EDGE('',*,*,#3917,.T.);
#5803=ORIENTED_EDGE('',*,*,#4920,.T.);
#5804=ORIENTED_EDGE('',*,*,#5681,.T.);
#5805=EDGE_LOOP('',(#5801,#5802,#5803,#5804));
#5806=FACE_OUTER_BOUND('',#5805,.F.);
#5807=ADVANCED_FACE('',(#5806),#5800,.F.);
#5808=CARTESIAN_POINT('',(6.815E0,1.585E0,3.47E0));
#5809=DIRECTION('',(-1.E0,0.E0,0.E0));
#5810=DIRECTION('',(0.E0,-1.E0,0.E0));
#5811=AXIS2_PLACEMENT_3D('',#5808,#5809,#5810);
#5812=PLANE('',#5811);
#5813=ORIENTED_EDGE('',*,*,#4224,.T.);
#5814=ORIENTED_EDGE('',*,*,#5684,.F.);
#5815=ORIENTED_EDGE('',*,*,#4916,.F.);
#5816=ORIENTED_EDGE('',*,*,#3939,.F.);
#5817=EDGE_LOOP('',(#5813,#5814,#5815,#5816));
#5818=FACE_OUTER_BOUND('',#5817,.F.);
#5819=ADVANCED_FACE('',(#5818),#5812,.F.);
#5820=CARTESIAN_POINT('',(5.035E0,-1.585E0,3.47E0));
#5821=DIRECTION('',(1.E0,0.E0,0.E0));
#5822=DIRECTION('',(0.E0,1.E0,0.E0));
#5823=AXIS2_PLACEMENT_3D('',#5820,#5821,#5822);
#5824=PLANE('',#5823);
#5825=ORIENTED_EDGE('',*,*,#3758,.T.);
#5827=ORIENTED_EDGE('',*,*,#5826,.F.);
#5828=ORIENTED_EDGE('',*,*,#4817,.F.);
#5829=ORIENTED_EDGE('',*,*,#4655,.F.);
#5830=EDGE_LOOP('',(#5825,#5827,#5828,#5829));
#5831=FACE_OUTER_BOUND('',#5830,.F.);
#5832=ADVANCED_FACE('',(#5831),#5824,.F.);
#5833=CARTESIAN_POINT('',(5.035E0,-1.205E0,3.47E0));
#5834=DIRECTION('',(0.E0,1.E0,0.E0));
#5835=DIRECTION('',(-1.E0,0.E0,0.E0));
#5836=AXIS2_PLACEMENT_3D('',#5833,#5834,#5835);
#5837=PLANE('',#5836);
#5838=ORIENTED_EDGE('',*,*,#3756,.T.);
#5840=ORIENTED_EDGE('',*,*,#5839,.F.);
#5841=ORIENTED_EDGE('',*,*,#4819,.F.);
#5842=ORIENTED_EDGE('',*,*,#5826,.T.);
#5843=EDGE_LOOP('',(#5838,#5840,#5841,#5842));
#5844=FACE_OUTER_BOUND('',#5843,.F.);
#5846=ORIENTED_EDGE('',*,*,#5845,.F.);
#5848=ORIENTED_EDGE('',*,*,#5847,.F.);
#5849=EDGE_LOOP('',(#5846,#5848));
#5850=FACE_BOUND('',#5849,.F.);
#5851=ADVANCED_FACE('',(#5844,#5850),#5837,.F.);
#5852=CARTESIAN_POINT('',(2.855E0,-1.205E0,3.47E0));
#5853=DIRECTION('',(-1.E0,0.E0,0.E0));
#5854=DIRECTION('',(0.E0,-1.E0,0.E0));
#5855=AXIS2_PLACEMENT_3D('',#5852,#5853,#5854);
#5856=PLANE('',#5855);
#5857=ORIENTED_EDGE('',*,*,#3754,.F.);
#5858=ORIENTED_EDGE('',*,*,#4627,.T.);
#5859=ORIENTED_EDGE('',*,*,#4821,.T.);
#5860=ORIENTED_EDGE('',*,*,#5839,.T.);
#5861=EDGE_LOOP('',(#5857,#5858,#5859,#5860));
#5862=FACE_OUTER_BOUND('',#5861,.F.);
#5863=ADVANCED_FACE('',(#5862),#5856,.F.);
#5864=CARTESIAN_POINT('',(3.945E0,-6.9875E0,0.E0));
#5865=DIRECTION('',(0.E0,1.E0,0.E0));
#5866=DIRECTION('',(1.E0,0.E0,0.E0));
#5867=AXIS2_PLACEMENT_3D('',#5864,#5865,#5866);
#5868=CYLINDRICAL_SURFACE('',#5867,5.7E-1);
#5870=ORIENTED_EDGE('',*,*,#5869,.F.);
#5872=ORIENTED_EDGE('',*,*,#5871,.T.);
#5874=ORIENTED_EDGE('',*,*,#5873,.T.);
#5876=ORIENTED_EDGE('',*,*,#5875,.F.);
#5877=EDGE_LOOP('',(#5870,#5872,#5874,#5876));
#5878=FACE_OUTER_BOUND('',#5877,.F.);
#5879=ADVANCED_FACE('',(#5878),#5868,.T.);
#5880=CARTESIAN_POINT('',(3.945E0,-6.9875E0,0.E0));
#5881=DIRECTION('',(0.E0,1.E0,0.E0));
#5882=DIRECTION('',(1.E0,0.E0,0.E0));
#5883=AXIS2_PLACEMENT_3D('',#5880,#5881,#5882);
#5884=CYLINDRICAL_SURFACE('',#5883,5.7E-1);
#5885=ORIENTED_EDGE('',*,*,#5845,.T.);
#5887=ORIENTED_EDGE('',*,*,#5886,.F.);
#5889=ORIENTED_EDGE('',*,*,#5888,.F.);
#5891=ORIENTED_EDGE('',*,*,#5890,.T.);
#5892=EDGE_LOOP('',(#5885,#5887,#5889,#5891));
#5893=FACE_OUTER_BOUND('',#5892,.F.);
#5894=ADVANCED_FACE('',(#5893),#5884,.T.);
#5895=CARTESIAN_POINT('',(2.855E0,1.205E0,3.47E0));
#5896=DIRECTION('',(0.E0,-1.E0,0.E0));
#5897=DIRECTION('',(1.E0,0.E0,0.E0));
#5898=AXIS2_PLACEMENT_3D('',#5895,#5896,#5897);
#5899=PLANE('',#5898);
#5900=ORIENTED_EDGE('',*,*,#4229,.T.);
#5902=ORIENTED_EDGE('',*,*,#5901,.F.);
#5903=ORIENTED_EDGE('',*,*,#4911,.F.);
#5905=ORIENTED_EDGE('',*,*,#5904,.T.);
#5906=EDGE_LOOP('',(#5900,#5902,#5903,#5905));
#5907=FACE_OUTER_BOUND('',#5906,.F.);
#5908=ORIENTED_EDGE('',*,*,#5869,.T.);
#5910=ORIENTED_EDGE('',*,*,#5909,.T.);
#5911=EDGE_LOOP('',(#5908,#5910));
#5912=FACE_BOUND('',#5911,.F.);
#5913=ADVANCED_FACE('',(#5907,#5912),#5899,.F.);
#5914=CARTESIAN_POINT('',(3.945E0,-6.9875E0,0.E0));
#5915=DIRECTION('',(0.E0,1.E0,0.E0));
#5916=DIRECTION('',(1.E0,0.E0,0.E0));
#5917=AXIS2_PLACEMENT_3D('',#5914,#5915,#5916);
#5918=CYLINDRICAL_SURFACE('',#5917,5.7E-1);
#5919=ORIENTED_EDGE('',*,*,#5909,.F.);
#5920=ORIENTED_EDGE('',*,*,#5875,.T.);
#5922=ORIENTED_EDGE('',*,*,#5921,.F.);
#5923=ORIENTED_EDGE('',*,*,#5871,.F.);
#5924=EDGE_LOOP('',(#5919,#5920,#5922,#5923));
#5925=FACE_OUTER_BOUND('',#5924,.F.);
#5926=ADVANCED_FACE('',(#5925),#5918,.T.);
#5927=CARTESIAN_POINT('',(3.945E0,-6.9875E0,0.E0));
#5928=DIRECTION('',(0.E0,1.E0,0.E0));
#5929=DIRECTION('',(1.E0,0.E0,0.E0));
#5930=AXIS2_PLACEMENT_3D('',#5927,#5928,#5929);
#5931=CYLINDRICAL_SURFACE('',#5930,5.7E-1);
#5932=ORIENTED_EDGE('',*,*,#5847,.T.);
#5933=ORIENTED_EDGE('',*,*,#5890,.F.);
#5935=ORIENTED_EDGE('',*,*,#5934,.T.);
#5936=ORIENTED_EDGE('',*,*,#5886,.T.);
#5937=EDGE_LOOP('',(#5932,#5933,#5935,#5936));
#5938=FACE_OUTER_BOUND('',#5937,.F.);
#5939=ADVANCED_FACE('',(#5938),#5931,.T.);
#5940=CARTESIAN_POINT('',(3.945E0,1.257E1,0.E0));
#5941=DIRECTION('',(0.E0,-1.E0,0.E0));
#5942=DIRECTION('',(-1.E0,0.E0,0.E0));
#5943=AXIS2_PLACEMENT_3D('',#5940,#5941,#5942);
#5944=CONICAL_SURFACE('',#5943,4.E-1,2.090798047101E1);
#5946=ORIENTED_EDGE('',*,*,#5945,.F.);
#5947=ORIENTED_EDGE('',*,*,#5921,.T.);
#5949=ORIENTED_EDGE('',*,*,#5948,.T.);
#5951=ORIENTED_EDGE('',*,*,#5950,.F.);
#5952=EDGE_LOOP('',(#5946,#5947,#5949,#5951));
#5953=FACE_OUTER_BOUND('',#5952,.F.);
#5954=ADVANCED_FACE('',(#5953),#5944,.T.);
#5955=CARTESIAN_POINT('',(3.945E0,1.257E1,0.E0));
#5956=DIRECTION('',(0.E0,-1.E0,0.E0));
#5957=DIRECTION('',(-1.E0,0.E0,0.E0));
#5958=AXIS2_PLACEMENT_3D('',#5955,#5956,#5957);
#5959=CONICAL_SURFACE('',#5958,4.E-1,2.090798047101E1);
#5960=ORIENTED_EDGE('',*,*,#5945,.T.);
#5962=ORIENTED_EDGE('',*,*,#5961,.T.);
#5963=ORIENTED_EDGE('',*,*,#5948,.F.);
#5964=ORIENTED_EDGE('',*,*,#5873,.F.);
#5965=EDGE_LOOP('',(#5960,#5962,#5963,#5964));
#5966=FACE_OUTER_BOUND('',#5965,.F.);
#5967=ADVANCED_FACE('',(#5966),#5959,.T.);
#5968=CARTESIAN_POINT('',(3.945E0,1.3015E1,0.E0));
#5969=DIRECTION('',(0.E0,1.E0,0.E0));
#5970=DIRECTION('',(1.E0,0.E0,0.E0));
#5971=AXIS2_PLACEMENT_3D('',#5968,#5969,#5970);
#5972=PLANE('',#5971);
#5973=ORIENTED_EDGE('',*,*,#5950,.T.);
#5974=ORIENTED_EDGE('',*,*,#5961,.F.);
#5975=EDGE_LOOP('',(#5973,#5974));
#5976=FACE_OUTER_BOUND('',#5975,.F.);
#5977=ADVANCED_FACE('',(#5976),#5972,.T.);
#5978=CARTESIAN_POINT('',(3.945E0,-5.59E0,0.E0));
#5979=DIRECTION('',(0.E0,1.E0,0.E0));
#5980=DIRECTION('',(1.E0,0.E0,0.E0));
#5981=AXIS2_PLACEMENT_3D('',#5978,#5979,#5980);
#5982=CONICAL_SURFACE('',#5981,4.E-1,2.090798047101E1);
#5984=ORIENTED_EDGE('',*,*,#5983,.F.);
#5986=ORIENTED_EDGE('',*,*,#5985,.T.);
#5988=ORIENTED_EDGE('',*,*,#5987,.T.);
#5989=ORIENTED_EDGE('',*,*,#5934,.F.);
#5990=EDGE_LOOP('',(#5984,#5986,#5988,#5989));
#5991=FACE_OUTER_BOUND('',#5990,.F.);
#5992=ADVANCED_FACE('',(#5991),#5982,.T.);
#5993=CARTESIAN_POINT('',(3.945E0,-5.59E0,0.E0));
#5994=DIRECTION('',(0.E0,1.E0,0.E0));
#5995=DIRECTION('',(1.E0,0.E0,0.E0));
#5996=AXIS2_PLACEMENT_3D('',#5993,#5994,#5995);
#5997=CONICAL_SURFACE('',#5996,4.E-1,2.090798047101E1);
#5998=ORIENTED_EDGE('',*,*,#5983,.T.);
#5999=ORIENTED_EDGE('',*,*,#5888,.T.);
#6000=ORIENTED_EDGE('',*,*,#5987,.F.);
#6002=ORIENTED_EDGE('',*,*,#6001,.F.);
#6003=EDGE_LOOP('',(#5998,#5999,#6000,#6002));
#6004=FACE_OUTER_BOUND('',#6003,.F.);
#6005=ADVANCED_FACE('',(#6004),#5997,.T.);
#6006=CARTESIAN_POINT('',(3.945E0,-6.035E0,0.E0));
#6007=DIRECTION('',(0.E0,1.E0,0.E0));
#6008=DIRECTION('',(1.E0,0.E0,0.E0));
#6009=AXIS2_PLACEMENT_3D('',#6006,#6007,#6008);
#6010=PLANE('',#6009);
#6011=ORIENTED_EDGE('',*,*,#5985,.F.);
#6012=ORIENTED_EDGE('',*,*,#6001,.T.);
#6013=EDGE_LOOP('',(#6011,#6012));
#6014=FACE_OUTER_BOUND('',#6013,.F.);
#6015=ADVANCED_FACE('',(#6014),#6010,.F.);
#6016=CARTESIAN_POINT('',(5.035E0,1.205E0,3.47E0));
#6017=DIRECTION('',(1.E0,0.E0,0.E0));
#6018=DIRECTION('',(0.E0,1.E0,0.E0));
#6019=AXIS2_PLACEMENT_3D('',#6016,#6017,#6018);
#6020=PLANE('',#6019);
#6021=ORIENTED_EDGE('',*,*,#4227,.T.);
#6022=ORIENTED_EDGE('',*,*,#3943,.T.);
#6023=ORIENTED_EDGE('',*,*,#4913,.T.);
#6024=ORIENTED_EDGE('',*,*,#5901,.T.);
#6025=EDGE_LOOP('',(#6021,#6022,#6023,#6024));
#6026=FACE_OUTER_BOUND('',#6025,.F.);
#6027=ADVANCED_FACE('',(#6026),#6020,.F.);
#6028=CARTESIAN_POINT('',(2.855E0,1.585E0,3.47E0));
#6029=DIRECTION('',(-1.E0,0.E0,0.E0));
#6030=DIRECTION('',(0.E0,-1.E0,0.E0));
#6031=AXIS2_PLACEMENT_3D('',#6028,#6029,#6030);
#6032=PLANE('',#6031);
#6033=ORIENTED_EDGE('',*,*,#4231,.T.);
#6034=ORIENTED_EDGE('',*,*,#5904,.F.);
#6035=ORIENTED_EDGE('',*,*,#4909,.F.);
#6036=ORIENTED_EDGE('',*,*,#4083,.F.);
#6037=EDGE_LOOP('',(#6033,#6034,#6035,#6036));
#6038=FACE_OUTER_BOUND('',#6037,.F.);
#6039=ADVANCED_FACE('',(#6038),#6032,.F.);
#6040=CARTESIAN_POINT('',(1.075E0,-1.585E0,3.47E0));
#6041=DIRECTION('',(1.E0,0.E0,0.E0));
#6042=DIRECTION('',(0.E0,1.E0,0.E0));
#6043=AXIS2_PLACEMENT_3D('',#6040,#6041,#6042);
#6044=PLANE('',#6043);
#6045=ORIENTED_EDGE('',*,*,#3750,.T.);
#6047=ORIENTED_EDGE('',*,*,#6046,.F.);
#6048=ORIENTED_EDGE('',*,*,#4824,.F.);
#6049=ORIENTED_EDGE('',*,*,#4630,.F.);
#6050=EDGE_LOOP('',(#6045,#6047,#6048,#6049));
#6051=FACE_OUTER_BOUND('',#6050,.F.);
#6052=ADVANCED_FACE('',(#6051),#6044,.F.);
#6053=CARTESIAN_POINT('',(1.075E0,-1.205E0,3.47E0));
#6054=DIRECTION('',(0.E0,1.E0,0.E0));
#6055=DIRECTION('',(-1.E0,0.E0,0.E0));
#6056=AXIS2_PLACEMENT_3D('',#6053,#6054,#6055);
#6057=PLANE('',#6056);
#6058=ORIENTED_EDGE('',*,*,#3748,.T.);
#6060=ORIENTED_EDGE('',*,*,#6059,.F.);
#6061=ORIENTED_EDGE('',*,*,#4826,.F.);
#6062=ORIENTED_EDGE('',*,*,#6046,.T.);
#6063=EDGE_LOOP('',(#6058,#6060,#6061,#6062));
#6064=FACE_OUTER_BOUND('',#6063,.F.);
#6066=ORIENTED_EDGE('',*,*,#6065,.F.);
#6068=ORIENTED_EDGE('',*,*,#6067,.F.);
#6069=EDGE_LOOP('',(#6066,#6068));
#6070=FACE_BOUND('',#6069,.F.);
#6071=ADVANCED_FACE('',(#6064,#6070),#6057,.F.);
#6072=CARTESIAN_POINT('',(-1.105E0,-1.205E0,3.47E0));
#6073=DIRECTION('',(-1.E0,0.E0,0.E0));
#6074=DIRECTION('',(0.E0,-1.E0,0.E0));
#6075=AXIS2_PLACEMENT_3D('',#6072,#6073,#6074);
#6076=PLANE('',#6075);
#6077=ORIENTED_EDGE('',*,*,#3746,.F.);
#6078=ORIENTED_EDGE('',*,*,#4602,.T.);
#6079=ORIENTED_EDGE('',*,*,#4828,.T.);
#6080=ORIENTED_EDGE('',*,*,#6059,.T.);
#6081=EDGE_LOOP('',(#6077,#6078,#6079,#6080));
#6082=FACE_OUTER_BOUND('',#6081,.F.);
#6083=ADVANCED_FACE('',(#6082),#6076,.F.);
#6084=CARTESIAN_POINT('',(-1.5E-2,-6.9875E0,0.E0));
#6085=DIRECTION('',(0.E0,1.E0,0.E0));
#6086=DIRECTION('',(1.E0,0.E0,0.E0));
#6087=AXIS2_PLACEMENT_3D('',#6084,#6085,#6086);
#6088=CYLINDRICAL_SURFACE('',#6087,5.7E-1);
#6090=ORIENTED_EDGE('',*,*,#6089,.F.);
#6092=ORIENTED_EDGE('',*,*,#6091,.T.);
#6094=ORIENTED_EDGE('',*,*,#6093,.T.);
#6096=ORIENTED_EDGE('',*,*,#6095,.F.);
#6097=EDGE_LOOP('',(#6090,#6092,#6094,#6096));
#6098=FACE_OUTER_BOUND('',#6097,.F.);
#6099=ADVANCED_FACE('',(#6098),#6088,.T.);
#6100=CARTESIAN_POINT('',(-1.5E-2,-6.9875E0,0.E0));
#6101=DIRECTION('',(0.E0,1.E0,0.E0));
#6102=DIRECTION('',(1.E0,0.E0,0.E0));
#6103=AXIS2_PLACEMENT_3D('',#6100,#6101,#6102);
#6104=CYLINDRICAL_SURFACE('',#6103,5.7E-1);
#6105=ORIENTED_EDGE('',*,*,#6065,.T.);
#6107=ORIENTED_EDGE('',*,*,#6106,.F.);
#6109=ORIENTED_EDGE('',*,*,#6108,.F.);
#6111=ORIENTED_EDGE('',*,*,#6110,.T.);
#6112=EDGE_LOOP('',(#6105,#6107,#6109,#6111));
#6113=FACE_OUTER_BOUND('',#6112,.F.);
#6114=ADVANCED_FACE('',(#6113),#6104,.T.);
#6115=CARTESIAN_POINT('',(-1.105E0,1.205E0,3.47E0));
#6116=DIRECTION('',(0.E0,-1.E0,0.E0));
#6117=DIRECTION('',(1.E0,0.E0,0.E0));
#6118=AXIS2_PLACEMENT_3D('',#6115,#6116,#6117);
#6119=PLANE('',#6118);
#6120=ORIENTED_EDGE('',*,*,#4180,.T.);
#6122=ORIENTED_EDGE('',*,*,#6121,.F.);
#6123=ORIENTED_EDGE('',*,*,#4904,.F.);
#6125=ORIENTED_EDGE('',*,*,#6124,.T.);
#6126=EDGE_LOOP('',(#6120,#6122,#6123,#6125));
#6127=FACE_OUTER_BOUND('',#6126,.F.);
#6128=ORIENTED_EDGE('',*,*,#6089,.T.);
#6130=ORIENTED_EDGE('',*,*,#6129,.T.);
#6131=EDGE_LOOP('',(#6128,#6130));
#6132=FACE_BOUND('',#6131,.F.);
#6133=ADVANCED_FACE('',(#6127,#6132),#6119,.F.);
#6134=CARTESIAN_POINT('',(-1.5E-2,-6.9875E0,0.E0));
#6135=DIRECTION('',(0.E0,1.E0,0.E0));
#6136=DIRECTION('',(1.E0,0.E0,0.E0));
#6137=AXIS2_PLACEMENT_3D('',#6134,#6135,#6136);
#6138=CYLINDRICAL_SURFACE('',#6137,5.7E-1);
#6139=ORIENTED_EDGE('',*,*,#6129,.F.);
#6140=ORIENTED_EDGE('',*,*,#6095,.T.);
#6142=ORIENTED_EDGE('',*,*,#6141,.F.);
#6143=ORIENTED_EDGE('',*,*,#6091,.F.);
#6144=EDGE_LOOP('',(#6139,#6140,#6142,#6143));
#6145=FACE_OUTER_BOUND('',#6144,.F.);
#6146=ADVANCED_FACE('',(#6145),#6138,.T.);
#6147=CARTESIAN_POINT('',(-1.5E-2,-6.9875E0,0.E0));
#6148=DIRECTION('',(0.E0,1.E0,0.E0));
#6149=DIRECTION('',(1.E0,0.E0,0.E0));
#6150=AXIS2_PLACEMENT_3D('',#6147,#6148,#6149);
#6151=CYLINDRICAL_SURFACE('',#6150,5.7E-1);
#6152=ORIENTED_EDGE('',*,*,#6067,.T.);
#6153=ORIENTED_EDGE('',*,*,#6110,.F.);
#6155=ORIENTED_EDGE('',*,*,#6154,.T.);
#6156=ORIENTED_EDGE('',*,*,#6106,.T.);
#6157=EDGE_LOOP('',(#6152,#6153,#6155,#6156));
#6158=FACE_OUTER_BOUND('',#6157,.F.);
#6159=ADVANCED_FACE('',(#6158),#6151,.T.);
#6160=CARTESIAN_POINT('',(-1.5E-2,1.257E1,0.E0));
#6161=DIRECTION('',(0.E0,-1.E0,0.E0));
#6162=DIRECTION('',(-1.E0,0.E0,0.E0));
#6163=AXIS2_PLACEMENT_3D('',#6160,#6161,#6162);
#6164=CONICAL_SURFACE('',#6163,4.E-1,2.090798047101E1);
#6166=ORIENTED_EDGE('',*,*,#6165,.F.);
#6167=ORIENTED_EDGE('',*,*,#6141,.T.);
#6169=ORIENTED_EDGE('',*,*,#6168,.T.);
#6171=ORIENTED_EDGE('',*,*,#6170,.F.);
#6172=EDGE_LOOP('',(#6166,#6167,#6169,#6171));
#6173=FACE_OUTER_BOUND('',#6172,.F.);
#6174=ADVANCED_FACE('',(#6173),#6164,.T.);
#6175=CARTESIAN_POINT('',(-1.5E-2,1.257E1,0.E0));
#6176=DIRECTION('',(0.E0,-1.E0,0.E0));
#6177=DIRECTION('',(-1.E0,0.E0,0.E0));
#6178=AXIS2_PLACEMENT_3D('',#6175,#6176,#6177);
#6179=CONICAL_SURFACE('',#6178,4.E-1,2.090798047101E1);
#6180=ORIENTED_EDGE('',*,*,#6165,.T.);
#6182=ORIENTED_EDGE('',*,*,#6181,.T.);
#6183=ORIENTED_EDGE('',*,*,#6168,.F.);
#6184=ORIENTED_EDGE('',*,*,#6093,.F.);
#6185=EDGE_LOOP('',(#6180,#6182,#6183,#6184));
#6186=FACE_OUTER_BOUND('',#6185,.F.);
#6187=ADVANCED_FACE('',(#6186),#6179,.T.);
#6188=CARTESIAN_POINT('',(-1.5E-2,1.3015E1,0.E0));
#6189=DIRECTION('',(0.E0,1.E0,0.E0));
#6190=DIRECTION('',(1.E0,0.E0,0.E0));
#6191=AXIS2_PLACEMENT_3D('',#6188,#6189,#6190);
#6192=PLANE('',#6191);
#6193=ORIENTED_EDGE('',*,*,#6170,.T.);
#6194=ORIENTED_EDGE('',*,*,#6181,.F.);
#6195=EDGE_LOOP('',(#6193,#6194));
#6196=FACE_OUTER_BOUND('',#6195,.F.);
#6197=ADVANCED_FACE('',(#6196),#6192,.T.);
#6198=CARTESIAN_POINT('',(-1.5E-2,-5.59E0,0.E0));
#6199=DIRECTION('',(0.E0,1.E0,0.E0));
#6200=DIRECTION('',(1.E0,0.E0,0.E0));
#6201=AXIS2_PLACEMENT_3D('',#6198,#6199,#6200);
#6202=CONICAL_SURFACE('',#6201,4.E-1,2.090798047101E1);
#6204=ORIENTED_EDGE('',*,*,#6203,.F.);
#6206=ORIENTED_EDGE('',*,*,#6205,.T.);
#6208=ORIENTED_EDGE('',*,*,#6207,.T.);
#6209=ORIENTED_EDGE('',*,*,#6154,.F.);
#6210=EDGE_LOOP('',(#6204,#6206,#6208,#6209));
#6211=FACE_OUTER_BOUND('',#6210,.F.);
#6212=ADVANCED_FACE('',(#6211),#6202,.T.);
#6213=CARTESIAN_POINT('',(-1.5E-2,-5.59E0,0.E0));
#6214=DIRECTION('',(0.E0,1.E0,0.E0));
#6215=DIRECTION('',(1.E0,0.E0,0.E0));
#6216=AXIS2_PLACEMENT_3D('',#6213,#6214,#6215);
#6217=CONICAL_SURFACE('',#6216,4.E-1,2.090798047101E1);
#6218=ORIENTED_EDGE('',*,*,#6203,.T.);
#6219=ORIENTED_EDGE('',*,*,#6108,.T.);
#6220=ORIENTED_EDGE('',*,*,#6207,.F.);
#6222=ORIENTED_EDGE('',*,*,#6221,.F.);
#6223=EDGE_LOOP('',(#6218,#6219,#6220,#6222));
#6224=FACE_OUTER_BOUND('',#6223,.F.);
#6225=ADVANCED_FACE('',(#6224),#6217,.T.);
#6226=CARTESIAN_POINT('',(-1.5E-2,-6.035E0,0.E0));
#6227=DIRECTION('',(0.E0,1.E0,0.E0));
#6228=DIRECTION('',(1.E0,0.E0,0.E0));
#6229=AXIS2_PLACEMENT_3D('',#6226,#6227,#6228);
#6230=PLANE('',#6229);
#6231=ORIENTED_EDGE('',*,*,#6205,.F.);
#6232=ORIENTED_EDGE('',*,*,#6221,.T.);
#6233=EDGE_LOOP('',(#6231,#6232));
#6234=FACE_OUTER_BOUND('',#6233,.F.);
#6235=ADVANCED_FACE('',(#6234),#6230,.F.);
#6236=CARTESIAN_POINT('',(1.075E0,1.205E0,3.47E0));
#6237=DIRECTION('',(1.E0,0.E0,0.E0));
#6238=DIRECTION('',(0.E0,1.E0,0.E0));
#6239=AXIS2_PLACEMENT_3D('',#6236,#6237,#6238);
#6240=PLANE('',#6239);
#6241=ORIENTED_EDGE('',*,*,#4178,.T.);
#6242=ORIENTED_EDGE('',*,*,#4087,.T.);
#6243=ORIENTED_EDGE('',*,*,#4906,.T.);
#6244=ORIENTED_EDGE('',*,*,#6121,.T.);
#6245=EDGE_LOOP('',(#6241,#6242,#6243,#6244));
#6246=FACE_OUTER_BOUND('',#6245,.F.);
#6247=ADVANCED_FACE('',(#6246),#6240,.F.);
#6248=CARTESIAN_POINT('',(-1.105E0,1.585E0,3.47E0));
#6249=DIRECTION('',(-1.E0,0.E0,0.E0));
#6250=DIRECTION('',(0.E0,-1.E0,0.E0));
#6251=AXIS2_PLACEMENT_3D('',#6248,#6249,#6250);
#6252=PLANE('',#6251);
#6253=ORIENTED_EDGE('',*,*,#4182,.T.);
#6254=ORIENTED_EDGE('',*,*,#6124,.F.);
#6255=ORIENTED_EDGE('',*,*,#4902,.F.);
#6256=ORIENTED_EDGE('',*,*,#4019,.F.);
#6257=EDGE_LOOP('',(#6253,#6254,#6255,#6256));
#6258=FACE_OUTER_BOUND('',#6257,.F.);
#6259=ADVANCED_FACE('',(#6258),#6252,.F.);
#6260=CARTESIAN_POINT('',(-2.885E0,-1.585E0,3.47E0));
#6261=DIRECTION('',(1.E0,0.E0,0.E0));
#6262=DIRECTION('',(0.E0,1.E0,0.E0));
#6263=AXIS2_PLACEMENT_3D('',#6260,#6261,#6262);
#6264=PLANE('',#6263);
#6265=ORIENTED_EDGE('',*,*,#3742,.T.);
#6267=ORIENTED_EDGE('',*,*,#6266,.F.);
#6268=ORIENTED_EDGE('',*,*,#4831,.F.);
#6269=ORIENTED_EDGE('',*,*,#4605,.F.);
#6270=EDGE_LOOP('',(#6265,#6267,#6268,#6269));
#6271=FACE_OUTER_BOUND('',#6270,.F.);
#6272=ADVANCED_FACE('',(#6271),#6264,.F.);
#6273=CARTESIAN_POINT('',(-2.885E0,-1.205E0,3.47E0));
#6274=DIRECTION('',(0.E0,1.E0,0.E0));
#6275=DIRECTION('',(-1.E0,0.E0,0.E0));
#6276=AXIS2_PLACEMENT_3D('',#6273,#6274,#6275);
#6277=PLANE('',#6276);
#6278=ORIENTED_EDGE('',*,*,#3740,.T.);
#6280=ORIENTED_EDGE('',*,*,#6279,.F.);
#6281=ORIENTED_EDGE('',*,*,#4833,.F.);
#6282=ORIENTED_EDGE('',*,*,#6266,.T.);
#6283=EDGE_LOOP('',(#6278,#6280,#6281,#6282));
#6284=FACE_OUTER_BOUND('',#6283,.F.);
#6286=ORIENTED_EDGE('',*,*,#6285,.F.);
#6288=ORIENTED_EDGE('',*,*,#6287,.F.);
#6289=EDGE_LOOP('',(#6286,#6288));
#6290=FACE_BOUND('',#6289,.F.);
#6291=ADVANCED_FACE('',(#6284,#6290),#6277,.F.);
#6292=CARTESIAN_POINT('',(-5.065E0,-1.205E0,3.47E0));
#6293=DIRECTION('',(-1.E0,0.E0,0.E0));
#6294=DIRECTION('',(0.E0,-1.E0,0.E0));
#6295=AXIS2_PLACEMENT_3D('',#6292,#6293,#6294);
#6296=PLANE('',#6295);
#6297=ORIENTED_EDGE('',*,*,#3738,.F.);
#6298=ORIENTED_EDGE('',*,*,#4577,.T.);
#6299=ORIENTED_EDGE('',*,*,#4835,.T.);
#6300=ORIENTED_EDGE('',*,*,#6279,.T.);
#6301=EDGE_LOOP('',(#6297,#6298,#6299,#6300));
#6302=FACE_OUTER_BOUND('',#6301,.F.);
#6303=ADVANCED_FACE('',(#6302),#6296,.F.);
#6304=CARTESIAN_POINT('',(-3.975E0,-6.9875E0,0.E0));
#6305=DIRECTION('',(0.E0,1.E0,0.E0));
#6306=DIRECTION('',(1.E0,0.E0,0.E0));
#6307=AXIS2_PLACEMENT_3D('',#6304,#6305,#6306);
#6308=CYLINDRICAL_SURFACE('',#6307,5.7E-1);
#6310=ORIENTED_EDGE('',*,*,#6309,.F.);
#6312=ORIENTED_EDGE('',*,*,#6311,.T.);
#6314=ORIENTED_EDGE('',*,*,#6313,.T.);
#6316=ORIENTED_EDGE('',*,*,#6315,.F.);
#6317=EDGE_LOOP('',(#6310,#6312,#6314,#6316));
#6318=FACE_OUTER_BOUND('',#6317,.F.);
#6319=ADVANCED_FACE('',(#6318),#6308,.T.);
#6320=CARTESIAN_POINT('',(-3.975E0,-6.9875E0,0.E0));
#6321=DIRECTION('',(0.E0,1.E0,0.E0));
#6322=DIRECTION('',(1.E0,0.E0,0.E0));
#6323=AXIS2_PLACEMENT_3D('',#6320,#6321,#6322);
#6324=CYLINDRICAL_SURFACE('',#6323,5.7E-1);
#6325=ORIENTED_EDGE('',*,*,#6285,.T.);
#6327=ORIENTED_EDGE('',*,*,#6326,.F.);
#6329=ORIENTED_EDGE('',*,*,#6328,.F.);
#6331=ORIENTED_EDGE('',*,*,#6330,.T.);
#6332=EDGE_LOOP('',(#6325,#6327,#6329,#6331));
#6333=FACE_OUTER_BOUND('',#6332,.F.);
#6334=ADVANCED_FACE('',(#6333),#6324,.T.);
#6335=CARTESIAN_POINT('',(-5.065E0,1.205E0,3.47E0));
#6336=DIRECTION('',(0.E0,-1.E0,0.E0));
#6337=DIRECTION('',(1.E0,0.E0,0.E0));
#6338=AXIS2_PLACEMENT_3D('',#6335,#6336,#6337);
#6339=PLANE('',#6338);
#6340=ORIENTED_EDGE('',*,*,#4187,.T.);
#6342=ORIENTED_EDGE('',*,*,#6341,.F.);
#6343=ORIENTED_EDGE('',*,*,#4897,.F.);
#6345=ORIENTED_EDGE('',*,*,#6344,.T.);
#6346=EDGE_LOOP('',(#6340,#6342,#6343,#6345));
#6347=FACE_OUTER_BOUND('',#6346,.F.);
#6348=ORIENTED_EDGE('',*,*,#6309,.T.);
#6350=ORIENTED_EDGE('',*,*,#6349,.T.);
#6351=EDGE_LOOP('',(#6348,#6350));
#6352=FACE_BOUND('',#6351,.F.);
#6353=ADVANCED_FACE('',(#6347,#6352),#6339,.F.);
#6354=CARTESIAN_POINT('',(-3.975E0,-6.9875E0,0.E0));
#6355=DIRECTION('',(0.E0,1.E0,0.E0));
#6356=DIRECTION('',(1.E0,0.E0,0.E0));
#6357=AXIS2_PLACEMENT_3D('',#6354,#6355,#6356);
#6358=CYLINDRICAL_SURFACE('',#6357,5.7E-1);
#6359=ORIENTED_EDGE('',*,*,#6349,.F.);
#6360=ORIENTED_EDGE('',*,*,#6315,.T.);
#6362=ORIENTED_EDGE('',*,*,#6361,.F.);
#6363=ORIENTED_EDGE('',*,*,#6311,.F.);
#6364=EDGE_LOOP('',(#6359,#6360,#6362,#6363));
#6365=FACE_OUTER_BOUND('',#6364,.F.);
#6366=ADVANCED_FACE('',(#6365),#6358,.T.);
#6367=CARTESIAN_POINT('',(-3.975E0,-6.9875E0,0.E0));
#6368=DIRECTION('',(0.E0,1.E0,0.E0));
#6369=DIRECTION('',(1.E0,0.E0,0.E0));
#6370=AXIS2_PLACEMENT_3D('',#6367,#6368,#6369);
#6371=CYLINDRICAL_SURFACE('',#6370,5.7E-1);
#6372=ORIENTED_EDGE('',*,*,#6287,.T.);
#6373=ORIENTED_EDGE('',*,*,#6330,.F.);
#6375=ORIENTED_EDGE('',*,*,#6374,.T.);
#6376=ORIENTED_EDGE('',*,*,#6326,.T.);
#6377=EDGE_LOOP('',(#6372,#6373,#6375,#6376));
#6378=FACE_OUTER_BOUND('',#6377,.F.);
#6379=ADVANCED_FACE('',(#6378),#6371,.T.);
#6380=CARTESIAN_POINT('',(-3.975E0,1.257E1,0.E0));
#6381=DIRECTION('',(0.E0,-1.E0,0.E0));
#6382=DIRECTION('',(-1.E0,0.E0,0.E0));
#6383=AXIS2_PLACEMENT_3D('',#6380,#6381,#6382);
#6384=CONICAL_SURFACE('',#6383,4.E-1,2.090798047101E1);
#6386=ORIENTED_EDGE('',*,*,#6385,.F.);
#6387=ORIENTED_EDGE('',*,*,#6361,.T.);
#6389=ORIENTED_EDGE('',*,*,#6388,.T.);
#6391=ORIENTED_EDGE('',*,*,#6390,.F.);
#6392=EDGE_LOOP('',(#6386,#6387,#6389,#6391));
#6393=FACE_OUTER_BOUND('',#6392,.F.);
#6394=ADVANCED_FACE('',(#6393),#6384,.T.);
#6395=CARTESIAN_POINT('',(-3.975E0,1.257E1,0.E0));
#6396=DIRECTION('',(0.E0,-1.E0,0.E0));
#6397=DIRECTION('',(-1.E0,0.E0,0.E0));
#6398=AXIS2_PLACEMENT_3D('',#6395,#6396,#6397);
#6399=CONICAL_SURFACE('',#6398,4.E-1,2.090798047101E1);
#6400=ORIENTED_EDGE('',*,*,#6385,.T.);
#6402=ORIENTED_EDGE('',*,*,#6401,.T.);
#6403=ORIENTED_EDGE('',*,*,#6388,.F.);
#6404=ORIENTED_EDGE('',*,*,#6313,.F.);
#6405=EDGE_LOOP('',(#6400,#6402,#6403,#6404));
#6406=FACE_OUTER_BOUND('',#6405,.F.);
#6407=ADVANCED_FACE('',(#6406),#6399,.T.);
#6408=CARTESIAN_POINT('',(-3.975E0,1.3015E1,0.E0));
#6409=DIRECTION('',(0.E0,1.E0,0.E0));
#6410=DIRECTION('',(1.E0,0.E0,0.E0));
#6411=AXIS2_PLACEMENT_3D('',#6408,#6409,#6410);
#6412=PLANE('',#6411);
#6413=ORIENTED_EDGE('',*,*,#6390,.T.);
#6414=ORIENTED_EDGE('',*,*,#6401,.F.);
#6415=EDGE_LOOP('',(#6413,#6414));
#6416=FACE_OUTER_BOUND('',#6415,.F.);
#6417=ADVANCED_FACE('',(#6416),#6412,.T.);
#6418=CARTESIAN_POINT('',(-3.975E0,-5.59E0,0.E0));
#6419=DIRECTION('',(0.E0,1.E0,0.E0));
#6420=DIRECTION('',(1.E0,0.E0,0.E0));
#6421=AXIS2_PLACEMENT_3D('',#6418,#6419,#6420);
#6422=CONICAL_SURFACE('',#6421,4.E-1,2.090798047101E1);
#6424=ORIENTED_EDGE('',*,*,#6423,.F.);
#6426=ORIENTED_EDGE('',*,*,#6425,.T.);
#6428=ORIENTED_EDGE('',*,*,#6427,.T.);
#6429=ORIENTED_EDGE('',*,*,#6374,.F.);
#6430=EDGE_LOOP('',(#6424,#6426,#6428,#6429));
#6431=FACE_OUTER_BOUND('',#6430,.F.);
#6432=ADVANCED_FACE('',(#6431),#6422,.T.);
#6433=CARTESIAN_POINT('',(-3.975E0,-5.59E0,0.E0));
#6434=DIRECTION('',(0.E0,1.E0,0.E0));
#6435=DIRECTION('',(1.E0,0.E0,0.E0));
#6436=AXIS2_PLACEMENT_3D('',#6433,#6434,#6435);
#6437=CONICAL_SURFACE('',#6436,4.E-1,2.090798047101E1);
#6438=ORIENTED_EDGE('',*,*,#6423,.T.);
#6439=ORIENTED_EDGE('',*,*,#6328,.T.);
#6440=ORIENTED_EDGE('',*,*,#6427,.F.);
#6442=ORIENTED_EDGE('',*,*,#6441,.F.);
#6443=EDGE_LOOP('',(#6438,#6439,#6440,#6442));
#6444=FACE_OUTER_BOUND('',#6443,.F.);
#6445=ADVANCED_FACE('',(#6444),#6437,.T.);
#6446=CARTESIAN_POINT('',(-3.975E0,-6.035E0,0.E0));
#6447=DIRECTION('',(0.E0,1.E0,0.E0));
#6448=DIRECTION('',(1.E0,0.E0,0.E0));
#6449=AXIS2_PLACEMENT_3D('',#6446,#6447,#6448);
#6450=PLANE('',#6449);
#6451=ORIENTED_EDGE('',*,*,#6425,.F.);
#6452=ORIENTED_EDGE('',*,*,#6441,.T.);
#6453=EDGE_LOOP('',(#6451,#6452));
#6454=FACE_OUTER_BOUND('',#6453,.F.);
#6455=ADVANCED_FACE('',(#6454),#6450,.F.);
#6456=CARTESIAN_POINT('',(-2.885E0,1.205E0,3.47E0));
#6457=DIRECTION('',(1.E0,0.E0,0.E0));
#6458=DIRECTION('',(0.E0,1.E0,0.E0));
#6459=AXIS2_PLACEMENT_3D('',#6456,#6457,#6458);
#6460=PLANE('',#6459);
#6461=ORIENTED_EDGE('',*,*,#4185,.T.);
#6462=ORIENTED_EDGE('',*,*,#4015,.T.);
#6463=ORIENTED_EDGE('',*,*,#4899,.T.);
#6464=ORIENTED_EDGE('',*,*,#6341,.T.);
#6465=EDGE_LOOP('',(#6461,#6462,#6463,#6464));
#6466=FACE_OUTER_BOUND('',#6465,.F.);
#6467=ADVANCED_FACE('',(#6466),#6460,.F.);
#6468=CARTESIAN_POINT('',(-5.065E0,1.585E0,3.47E0));
#6469=DIRECTION('',(-1.E0,0.E0,0.E0));
#6470=DIRECTION('',(0.E0,-1.E0,0.E0));
#6471=AXIS2_PLACEMENT_3D('',#6468,#6469,#6470);
#6472=PLANE('',#6471);
#6473=ORIENTED_EDGE('',*,*,#4189,.T.);
#6474=ORIENTED_EDGE('',*,*,#6344,.F.);
#6475=ORIENTED_EDGE('',*,*,#4895,.F.);
#6476=ORIENTED_EDGE('',*,*,#3993,.F.);
#6477=EDGE_LOOP('',(#6473,#6474,#6475,#6476));
#6478=FACE_OUTER_BOUND('',#6477,.F.);
#6479=ADVANCED_FACE('',(#6478),#6472,.F.);
#6480=CARTESIAN_POINT('',(-6.845E0,-1.585E0,3.47E0));
#6481=DIRECTION('',(1.E0,0.E0,0.E0));
#6482=DIRECTION('',(0.E0,1.E0,0.E0));
#6483=AXIS2_PLACEMENT_3D('',#6480,#6481,#6482);
#6484=PLANE('',#6483);
#6485=ORIENTED_EDGE('',*,*,#3734,.T.);
#6487=ORIENTED_EDGE('',*,*,#6486,.F.);
#6488=ORIENTED_EDGE('',*,*,#4838,.F.);
#6489=ORIENTED_EDGE('',*,*,#4580,.F.);
#6490=EDGE_LOOP('',(#6485,#6487,#6488,#6489));
#6491=FACE_OUTER_BOUND('',#6490,.F.);
#6492=ADVANCED_FACE('',(#6491),#6484,.F.);
#6493=CARTESIAN_POINT('',(-6.845E0,-1.205E0,3.47E0));
#6494=DIRECTION('',(0.E0,1.E0,0.E0));
#6495=DIRECTION('',(-1.E0,0.E0,0.E0));
#6496=AXIS2_PLACEMENT_3D('',#6493,#6494,#6495);
#6497=PLANE('',#6496);
#6498=ORIENTED_EDGE('',*,*,#3732,.T.);
#6500=ORIENTED_EDGE('',*,*,#6499,.F.);
#6501=ORIENTED_EDGE('',*,*,#4840,.F.);
#6502=ORIENTED_EDGE('',*,*,#6486,.T.);
#6503=EDGE_LOOP('',(#6498,#6500,#6501,#6502));
#6504=FACE_OUTER_BOUND('',#6503,.F.);
#6506=ORIENTED_EDGE('',*,*,#6505,.F.);
#6508=ORIENTED_EDGE('',*,*,#6507,.F.);
#6509=EDGE_LOOP('',(#6506,#6508));
#6510=FACE_BOUND('',#6509,.F.);
#6511=ADVANCED_FACE('',(#6504,#6510),#6497,.F.);
#6512=CARTESIAN_POINT('',(-9.025E0,-1.205E0,3.47E0));
#6513=DIRECTION('',(-1.E0,0.E0,0.E0));
#6514=DIRECTION('',(0.E0,-1.E0,0.E0));
#6515=AXIS2_PLACEMENT_3D('',#6512,#6513,#6514);
#6516=PLANE('',#6515);
#6517=ORIENTED_EDGE('',*,*,#3730,.F.);
#6518=ORIENTED_EDGE('',*,*,#4552,.T.);
#6519=ORIENTED_EDGE('',*,*,#4842,.T.);
#6520=ORIENTED_EDGE('',*,*,#6499,.T.);
#6521=EDGE_LOOP('',(#6517,#6518,#6519,#6520));
#6522=FACE_OUTER_BOUND('',#6521,.F.);
#6523=ADVANCED_FACE('',(#6522),#6516,.F.);
#6524=CARTESIAN_POINT('',(-7.935E0,-6.9875E0,0.E0));
#6525=DIRECTION('',(0.E0,1.E0,0.E0));
#6526=DIRECTION('',(1.E0,0.E0,0.E0));
#6527=AXIS2_PLACEMENT_3D('',#6524,#6525,#6526);
#6528=CYLINDRICAL_SURFACE('',#6527,5.7E-1);
#6530=ORIENTED_EDGE('',*,*,#6529,.F.);
#6532=ORIENTED_EDGE('',*,*,#6531,.T.);
#6534=ORIENTED_EDGE('',*,*,#6533,.T.);
#6536=ORIENTED_EDGE('',*,*,#6535,.F.);
#6537=EDGE_LOOP('',(#6530,#6532,#6534,#6536));
#6538=FACE_OUTER_BOUND('',#6537,.F.);
#6539=ADVANCED_FACE('',(#6538),#6528,.T.);
#6540=CARTESIAN_POINT('',(-7.935E0,-6.9875E0,0.E0));
#6541=DIRECTION('',(0.E0,1.E0,0.E0));
#6542=DIRECTION('',(1.E0,0.E0,0.E0));
#6543=AXIS2_PLACEMENT_3D('',#6540,#6541,#6542);
#6544=CYLINDRICAL_SURFACE('',#6543,5.7E-1);
#6545=ORIENTED_EDGE('',*,*,#6505,.T.);
#6547=ORIENTED_EDGE('',*,*,#6546,.F.);
#6549=ORIENTED_EDGE('',*,*,#6548,.F.);
#6551=ORIENTED_EDGE('',*,*,#6550,.T.);
#6552=EDGE_LOOP('',(#6545,#6547,#6549,#6551));
#6553=FACE_OUTER_BOUND('',#6552,.F.);
#6554=ADVANCED_FACE('',(#6553),#6544,.T.);
#6555=CARTESIAN_POINT('',(-9.025E0,1.205E0,3.47E0));
#6556=DIRECTION('',(0.E0,-1.E0,0.E0));
#6557=DIRECTION('',(1.E0,0.E0,0.E0));
#6558=AXIS2_PLACEMENT_3D('',#6555,#6556,#6557);
#6559=PLANE('',#6558);
#6560=ORIENTED_EDGE('',*,*,#4194,.T.);
#6562=ORIENTED_EDGE('',*,*,#6561,.F.);
#6563=ORIENTED_EDGE('',*,*,#4890,.F.);
#6565=ORIENTED_EDGE('',*,*,#6564,.T.);
#6566=EDGE_LOOP('',(#6560,#6562,#6563,#6565));
#6567=FACE_OUTER_BOUND('',#6566,.F.);
#6568=ORIENTED_EDGE('',*,*,#6529,.T.);
#6570=ORIENTED_EDGE('',*,*,#6569,.T.);
#6571=EDGE_LOOP('',(#6568,#6570));
#6572=FACE_BOUND('',#6571,.F.);
#6573=ADVANCED_FACE('',(#6567,#6572),#6559,.F.);
#6574=CARTESIAN_POINT('',(-7.935E0,-6.9875E0,0.E0));
#6575=DIRECTION('',(0.E0,1.E0,0.E0));
#6576=DIRECTION('',(1.E0,0.E0,0.E0));
#6577=AXIS2_PLACEMENT_3D('',#6574,#6575,#6576);
#6578=CYLINDRICAL_SURFACE('',#6577,5.7E-1);
#6579=ORIENTED_EDGE('',*,*,#6569,.F.);
#6580=ORIENTED_EDGE('',*,*,#6535,.T.);
#6582=ORIENTED_EDGE('',*,*,#6581,.F.);
#6583=ORIENTED_EDGE('',*,*,#6531,.F.);
#6584=EDGE_LOOP('',(#6579,#6580,#6582,#6583));
#6585=FACE_OUTER_BOUND('',#6584,.F.);
#6586=ADVANCED_FACE('',(#6585),#6578,.T.);
#6587=CARTESIAN_POINT('',(-7.935E0,-6.9875E0,0.E0));
#6588=DIRECTION('',(0.E0,1.E0,0.E0));
#6589=DIRECTION('',(1.E0,0.E0,0.E0));
#6590=AXIS2_PLACEMENT_3D('',#6587,#6588,#6589);
#6591=CYLINDRICAL_SURFACE('',#6590,5.7E-1);
#6592=ORIENTED_EDGE('',*,*,#6507,.T.);
#6593=ORIENTED_EDGE('',*,*,#6550,.F.);
#6595=ORIENTED_EDGE('',*,*,#6594,.T.);
#6596=ORIENTED_EDGE('',*,*,#6546,.T.);
#6597=EDGE_LOOP('',(#6592,#6593,#6595,#6596));
#6598=FACE_OUTER_BOUND('',#6597,.F.);
#6599=ADVANCED_FACE('',(#6598),#6591,.T.);
#6600=CARTESIAN_POINT('',(-7.935E0,1.257E1,0.E0));
#6601=DIRECTION('',(0.E0,-1.E0,0.E0));
#6602=DIRECTION('',(-1.E0,0.E0,0.E0));
#6603=AXIS2_PLACEMENT_3D('',#6600,#6601,#6602);
#6604=CONICAL_SURFACE('',#6603,4.E-1,2.090798047101E1);
#6606=ORIENTED_EDGE('',*,*,#6605,.F.);
#6607=ORIENTED_EDGE('',*,*,#6581,.T.);
#6609=ORIENTED_EDGE('',*,*,#6608,.T.);
#6611=ORIENTED_EDGE('',*,*,#6610,.F.);
#6612=EDGE_LOOP('',(#6606,#6607,#6609,#6611));
#6613=FACE_OUTER_BOUND('',#6612,.F.);
#6614=ADVANCED_FACE('',(#6613),#6604,.T.);
#6615=CARTESIAN_POINT('',(-7.935E0,1.257E1,0.E0));
#6616=DIRECTION('',(0.E0,-1.E0,0.E0));
#6617=DIRECTION('',(-1.E0,0.E0,0.E0));
#6618=AXIS2_PLACEMENT_3D('',#6615,#6616,#6617);
#6619=CONICAL_SURFACE('',#6618,4.E-1,2.090798047101E1);
#6620=ORIENTED_EDGE('',*,*,#6605,.T.);
#6622=ORIENTED_EDGE('',*,*,#6621,.T.);
#6623=ORIENTED_EDGE('',*,*,#6608,.F.);
#6624=ORIENTED_EDGE('',*,*,#6533,.F.);
#6625=EDGE_LOOP('',(#6620,#6622,#6623,#6624));
#6626=FACE_OUTER_BOUND('',#6625,.F.);
#6627=ADVANCED_FACE('',(#6626),#6619,.T.);
#6628=CARTESIAN_POINT('',(-7.935E0,1.3015E1,0.E0));
#6629=DIRECTION('',(0.E0,1.E0,0.E0));
#6630=DIRECTION('',(1.E0,0.E0,0.E0));
#6631=AXIS2_PLACEMENT_3D('',#6628,#6629,#6630);
#6632=PLANE('',#6631);
#6633=ORIENTED_EDGE('',*,*,#6610,.T.);
#6634=ORIENTED_EDGE('',*,*,#6621,.F.);
#6635=EDGE_LOOP('',(#6633,#6634));
#6636=FACE_OUTER_BOUND('',#6635,.F.);
#6637=ADVANCED_FACE('',(#6636),#6632,.T.);
#6638=CARTESIAN_POINT('',(-7.935E0,-5.59E0,0.E0));
#6639=DIRECTION('',(0.E0,1.E0,0.E0));
#6640=DIRECTION('',(1.E0,0.E0,0.E0));
#6641=AXIS2_PLACEMENT_3D('',#6638,#6639,#6640);
#6642=CONICAL_SURFACE('',#6641,4.E-1,2.090798047101E1);
#6644=ORIENTED_EDGE('',*,*,#6643,.F.);
#6646=ORIENTED_EDGE('',*,*,#6645,.T.);
#6648=ORIENTED_EDGE('',*,*,#6647,.T.);
#6649=ORIENTED_EDGE('',*,*,#6594,.F.);
#6650=EDGE_LOOP('',(#6644,#6646,#6648,#6649));
#6651=FACE_OUTER_BOUND('',#6650,.F.);
#6652=ADVANCED_FACE('',(#6651),#6642,.T.);
#6653=CARTESIAN_POINT('',(-7.935E0,-5.59E0,0.E0));
#6654=DIRECTION('',(0.E0,1.E0,0.E0));
#6655=DIRECTION('',(1.E0,0.E0,0.E0));
#6656=AXIS2_PLACEMENT_3D('',#6653,#6654,#6655);
#6657=CONICAL_SURFACE('',#6656,4.E-1,2.090798047101E1);
#6658=ORIENTED_EDGE('',*,*,#6643,.T.);
#6659=ORIENTED_EDGE('',*,*,#6548,.T.);
#6660=ORIENTED_EDGE('',*,*,#6647,.F.);
#6662=ORIENTED_EDGE('',*,*,#6661,.F.);
#6663=EDGE_LOOP('',(#6658,#6659,#6660,#6662));
#6664=FACE_OUTER_BOUND('',#6663,.F.);
#6665=ADVANCED_FACE('',(#6664),#6657,.T.);
#6666=CARTESIAN_POINT('',(-7.935E0,-6.035E0,0.E0));
#6667=DIRECTION('',(0.E0,1.E0,0.E0));
#6668=DIRECTION('',(1.E0,0.E0,0.E0));
#6669=AXIS2_PLACEMENT_3D('',#6666,#6667,#6668);
#6670=PLANE('',#6669);
#6671=ORIENTED_EDGE('',*,*,#6645,.F.);
#6672=ORIENTED_EDGE('',*,*,#6661,.T.);
#6673=EDGE_LOOP('',(#6671,#6672));
#6674=FACE_OUTER_BOUND('',#6673,.F.);
#6675=ADVANCED_FACE('',(#6674),#6670,.F.);
#6676=CARTESIAN_POINT('',(-6.845E0,1.205E0,3.47E0));
#6677=DIRECTION('',(1.E0,0.E0,0.E0));
#6678=DIRECTION('',(0.E0,1.E0,0.E0));
#6679=AXIS2_PLACEMENT_3D('',#6676,#6677,#6678);
#6680=PLANE('',#6679);
#6681=ORIENTED_EDGE('',*,*,#4192,.T.);
#6682=ORIENTED_EDGE('',*,*,#3989,.T.);
#6683=ORIENTED_EDGE('',*,*,#4892,.T.);
#6684=ORIENTED_EDGE('',*,*,#6561,.T.);
#6685=EDGE_LOOP('',(#6681,#6682,#6683,#6684));
#6686=FACE_OUTER_BOUND('',#6685,.F.);
#6687=ADVANCED_FACE('',(#6686),#6680,.F.);
#6688=CARTESIAN_POINT('',(-9.025E0,1.585E0,3.47E0));
#6689=DIRECTION('',(-1.E0,0.E0,0.E0));
#6690=DIRECTION('',(0.E0,-1.E0,0.E0));
#6691=AXIS2_PLACEMENT_3D('',#6688,#6689,#6690);
#6692=PLANE('',#6691);
#6693=ORIENTED_EDGE('',*,*,#4196,.T.);
#6694=ORIENTED_EDGE('',*,*,#6564,.F.);
#6695=ORIENTED_EDGE('',*,*,#4888,.F.);
#6696=ORIENTED_EDGE('',*,*,#4050,.F.);
#6697=EDGE_LOOP('',(#6693,#6694,#6695,#6696));
#6698=FACE_OUTER_BOUND('',#6697,.F.);
#6699=ADVANCED_FACE('',(#6698),#6692,.F.);
#6700=CARTESIAN_POINT('',(-1.0805E1,-1.585E0,3.47E0));
#6701=DIRECTION('',(1.E0,0.E0,0.E0));
#6702=DIRECTION('',(0.E0,1.E0,0.E0));
#6703=AXIS2_PLACEMENT_3D('',#6700,#6701,#6702);
#6704=PLANE('',#6703);
#6705=ORIENTED_EDGE('',*,*,#3726,.T.);
#6707=ORIENTED_EDGE('',*,*,#6706,.F.);
#6708=ORIENTED_EDGE('',*,*,#4845,.F.);
#6709=ORIENTED_EDGE('',*,*,#4555,.F.);
#6710=EDGE_LOOP('',(#6705,#6707,#6708,#6709));
#6711=FACE_OUTER_BOUND('',#6710,.F.);
#6712=ADVANCED_FACE('',(#6711),#6704,.F.);
#6713=CARTESIAN_POINT('',(-1.0805E1,-1.205E0,3.47E0));
#6714=DIRECTION('',(0.E0,1.E0,0.E0));
#6715=DIRECTION('',(-1.E0,0.E0,0.E0));
#6716=AXIS2_PLACEMENT_3D('',#6713,#6714,#6715);
#6717=PLANE('',#6716);
#6718=ORIENTED_EDGE('',*,*,#3724,.T.);
#6720=ORIENTED_EDGE('',*,*,#6719,.F.);
#6721=ORIENTED_EDGE('',*,*,#4847,.F.);
#6722=ORIENTED_EDGE('',*,*,#6706,.T.);
#6723=EDGE_LOOP('',(#6718,#6720,#6721,#6722));
#6724=FACE_OUTER_BOUND('',#6723,.F.);
#6726=ORIENTED_EDGE('',*,*,#6725,.F.);
#6728=ORIENTED_EDGE('',*,*,#6727,.F.);
#6729=EDGE_LOOP('',(#6726,#6728));
#6730=FACE_BOUND('',#6729,.F.);
#6731=ADVANCED_FACE('',(#6724,#6730),#6717,.F.);
#6732=CARTESIAN_POINT('',(-1.2985E1,-1.205E0,3.47E0));
#6733=DIRECTION('',(-1.E0,0.E0,0.E0));
#6734=DIRECTION('',(0.E0,-1.E0,0.E0));
#6735=AXIS2_PLACEMENT_3D('',#6732,#6733,#6734);
#6736=PLANE('',#6735);
#6737=ORIENTED_EDGE('',*,*,#3722,.F.);
#6738=ORIENTED_EDGE('',*,*,#4527,.T.);
#6739=ORIENTED_EDGE('',*,*,#4849,.T.);
#6740=ORIENTED_EDGE('',*,*,#6719,.T.);
#6741=EDGE_LOOP('',(#6737,#6738,#6739,#6740));
#6742=FACE_OUTER_BOUND('',#6741,.F.);
#6743=ADVANCED_FACE('',(#6742),#6736,.F.);
#6744=CARTESIAN_POINT('',(-1.1895E1,-6.9875E0,0.E0));
#6745=DIRECTION('',(0.E0,1.E0,0.E0));
#6746=DIRECTION('',(1.E0,0.E0,0.E0));
#6747=AXIS2_PLACEMENT_3D('',#6744,#6745,#6746);
#6748=CYLINDRICAL_SURFACE('',#6747,5.7E-1);
#6750=ORIENTED_EDGE('',*,*,#6749,.F.);
#6752=ORIENTED_EDGE('',*,*,#6751,.T.);
#6754=ORIENTED_EDGE('',*,*,#6753,.T.);
#6756=ORIENTED_EDGE('',*,*,#6755,.F.);
#6757=EDGE_LOOP('',(#6750,#6752,#6754,#6756));
#6758=FACE_OUTER_BOUND('',#6757,.F.);
#6759=ADVANCED_FACE('',(#6758),#6748,.T.);
#6760=CARTESIAN_POINT('',(-1.1895E1,-6.9875E0,0.E0));
#6761=DIRECTION('',(0.E0,1.E0,0.E0));
#6762=DIRECTION('',(1.E0,0.E0,0.E0));
#6763=AXIS2_PLACEMENT_3D('',#6760,#6761,#6762);
#6764=CYLINDRICAL_SURFACE('',#6763,5.7E-1);
#6765=ORIENTED_EDGE('',*,*,#6725,.T.);
#6767=ORIENTED_EDGE('',*,*,#6766,.F.);
#6769=ORIENTED_EDGE('',*,*,#6768,.F.);
#6771=ORIENTED_EDGE('',*,*,#6770,.T.);
#6772=EDGE_LOOP('',(#6765,#6767,#6769,#6771));
#6773=FACE_OUTER_BOUND('',#6772,.F.);
#6774=ADVANCED_FACE('',(#6773),#6764,.T.);
#6775=CARTESIAN_POINT('',(-1.2985E1,1.205E0,3.47E0));
#6776=DIRECTION('',(0.E0,-1.E0,0.E0));
#6777=DIRECTION('',(1.E0,0.E0,0.E0));
#6778=AXIS2_PLACEMENT_3D('',#6775,#6776,#6777);
#6779=PLANE('',#6778);
#6780=ORIENTED_EDGE('',*,*,#4144,.T.);
#6782=ORIENTED_EDGE('',*,*,#6781,.F.);
#6783=ORIENTED_EDGE('',*,*,#4883,.F.);
#6785=ORIENTED_EDGE('',*,*,#6784,.T.);
#6786=EDGE_LOOP('',(#6780,#6782,#6783,#6785));
#6787=FACE_OUTER_BOUND('',#6786,.F.);
#6788=ORIENTED_EDGE('',*,*,#6749,.T.);
#6790=ORIENTED_EDGE('',*,*,#6789,.T.);
#6791=EDGE_LOOP('',(#6788,#6790));
#6792=FACE_BOUND('',#6791,.F.);
#6793=ADVANCED_FACE('',(#6787,#6792),#6779,.F.);
#6794=CARTESIAN_POINT('',(-1.1895E1,-6.9875E0,0.E0));
#6795=DIRECTION('',(0.E0,1.E0,0.E0));
#6796=DIRECTION('',(1.E0,0.E0,0.E0));
#6797=AXIS2_PLACEMENT_3D('',#6794,#6795,#6796);
#6798=CYLINDRICAL_SURFACE('',#6797,5.7E-1);
#6799=ORIENTED_EDGE('',*,*,#6789,.F.);
#6800=ORIENTED_EDGE('',*,*,#6755,.T.);
#6802=ORIENTED_EDGE('',*,*,#6801,.F.);
#6803=ORIENTED_EDGE('',*,*,#6751,.F.);
#6804=EDGE_LOOP('',(#6799,#6800,#6802,#6803));
#6805=FACE_OUTER_BOUND('',#6804,.F.);
#6806=ADVANCED_FACE('',(#6805),#6798,.T.);
#6807=CARTESIAN_POINT('',(-1.1895E1,-6.9875E0,0.E0));
#6808=DIRECTION('',(0.E0,1.E0,0.E0));
#6809=DIRECTION('',(1.E0,0.E0,0.E0));
#6810=AXIS2_PLACEMENT_3D('',#6807,#6808,#6809);
#6811=CYLINDRICAL_SURFACE('',#6810,5.7E-1);
#6812=ORIENTED_EDGE('',*,*,#6727,.T.);
#6813=ORIENTED_EDGE('',*,*,#6770,.F.);
#6815=ORIENTED_EDGE('',*,*,#6814,.T.);
#6816=ORIENTED_EDGE('',*,*,#6766,.T.);
#6817=EDGE_LOOP('',(#6812,#6813,#6815,#6816));
#6818=FACE_OUTER_BOUND('',#6817,.F.);
#6819=ADVANCED_FACE('',(#6818),#6811,.T.);
#6820=CARTESIAN_POINT('',(-1.1895E1,1.257E1,0.E0));
#6821=DIRECTION('',(0.E0,-1.E0,0.E0));
#6822=DIRECTION('',(-1.E0,0.E0,0.E0));
#6823=AXIS2_PLACEMENT_3D('',#6820,#6821,#6822);
#6824=CONICAL_SURFACE('',#6823,4.E-1,2.090798047101E1);
#6826=ORIENTED_EDGE('',*,*,#6825,.F.);
#6827=ORIENTED_EDGE('',*,*,#6801,.T.);
#6829=ORIENTED_EDGE('',*,*,#6828,.T.);
#6831=ORIENTED_EDGE('',*,*,#6830,.F.);
#6832=EDGE_LOOP('',(#6826,#6827,#6829,#6831));
#6833=FACE_OUTER_BOUND('',#6832,.F.);
#6834=ADVANCED_FACE('',(#6833),#6824,.T.);
#6835=CARTESIAN_POINT('',(-1.1895E1,1.257E1,0.E0));
#6836=DIRECTION('',(0.E0,-1.E0,0.E0));
#6837=DIRECTION('',(-1.E0,0.E0,0.E0));
#6838=AXIS2_PLACEMENT_3D('',#6835,#6836,#6837);
#6839=CONICAL_SURFACE('',#6838,4.E-1,2.090798047101E1);
#6840=ORIENTED_EDGE('',*,*,#6825,.T.);
#6842=ORIENTED_EDGE('',*,*,#6841,.T.);
#6843=ORIENTED_EDGE('',*,*,#6828,.F.);
#6844=ORIENTED_EDGE('',*,*,#6753,.F.);
#6845=EDGE_LOOP('',(#6840,#6842,#6843,#6844));
#6846=FACE_OUTER_BOUND('',#6845,.F.);
#6847=ADVANCED_FACE('',(#6846),#6839,.T.);
#6848=CARTESIAN_POINT('',(-1.1895E1,1.3015E1,0.E0));
#6849=DIRECTION('',(0.E0,1.E0,0.E0));
#6850=DIRECTION('',(1.E0,0.E0,0.E0));
#6851=AXIS2_PLACEMENT_3D('',#6848,#6849,#6850);
#6852=PLANE('',#6851);
#6853=ORIENTED_EDGE('',*,*,#6830,.T.);
#6854=ORIENTED_EDGE('',*,*,#6841,.F.);
#6855=EDGE_LOOP('',(#6853,#6854));
#6856=FACE_OUTER_BOUND('',#6855,.F.);
#6857=ADVANCED_FACE('',(#6856),#6852,.T.);
#6858=CARTESIAN_POINT('',(-1.1895E1,-5.59E0,0.E0));
#6859=DIRECTION('',(0.E0,1.E0,0.E0));
#6860=DIRECTION('',(1.E0,0.E0,0.E0));
#6861=AXIS2_PLACEMENT_3D('',#6858,#6859,#6860);
#6862=CONICAL_SURFACE('',#6861,4.E-1,2.090798047101E1);
#6864=ORIENTED_EDGE('',*,*,#6863,.F.);
#6866=ORIENTED_EDGE('',*,*,#6865,.T.);
#6868=ORIENTED_EDGE('',*,*,#6867,.T.);
#6869=ORIENTED_EDGE('',*,*,#6814,.F.);
#6870=EDGE_LOOP('',(#6864,#6866,#6868,#6869));
#6871=FACE_OUTER_BOUND('',#6870,.F.);
#6872=ADVANCED_FACE('',(#6871),#6862,.T.);
#6873=CARTESIAN_POINT('',(-1.1895E1,-5.59E0,0.E0));
#6874=DIRECTION('',(0.E0,1.E0,0.E0));
#6875=DIRECTION('',(1.E0,0.E0,0.E0));
#6876=AXIS2_PLACEMENT_3D('',#6873,#6874,#6875);
#6877=CONICAL_SURFACE('',#6876,4.E-1,2.090798047101E1);
#6878=ORIENTED_EDGE('',*,*,#6863,.T.);
#6879=ORIENTED_EDGE('',*,*,#6768,.T.);
#6880=ORIENTED_EDGE('',*,*,#6867,.F.);
#6882=ORIENTED_EDGE('',*,*,#6881,.F.);
#6883=EDGE_LOOP('',(#6878,#6879,#6880,#6882));
#6884=FACE_OUTER_BOUND('',#6883,.F.);
#6885=ADVANCED_FACE('',(#6884),#6877,.T.);
#6886=CARTESIAN_POINT('',(-1.1895E1,-6.035E0,0.E0));
#6887=DIRECTION('',(0.E0,1.E0,0.E0));
#6888=DIRECTION('',(1.E0,0.E0,0.E0));
#6889=AXIS2_PLACEMENT_3D('',#6886,#6887,#6888);
#6890=PLANE('',#6889);
#6891=ORIENTED_EDGE('',*,*,#6865,.F.);
#6892=ORIENTED_EDGE('',*,*,#6881,.T.);
#6893=EDGE_LOOP('',(#6891,#6892));
#6894=FACE_OUTER_BOUND('',#6893,.F.);
#6895=ADVANCED_FACE('',(#6894),#6890,.F.);
#6896=CARTESIAN_POINT('',(-1.0805E1,1.205E0,3.47E0));
#6897=DIRECTION('',(1.E0,0.E0,0.E0));
#6898=DIRECTION('',(0.E0,1.E0,0.E0));
#6899=AXIS2_PLACEMENT_3D('',#6896,#6897,#6898);
#6900=PLANE('',#6899);
#6901=ORIENTED_EDGE('',*,*,#4142,.T.);
#6902=ORIENTED_EDGE('',*,*,#4054,.T.);
#6903=ORIENTED_EDGE('',*,*,#4885,.T.);
#6904=ORIENTED_EDGE('',*,*,#6781,.T.);
#6905=EDGE_LOOP('',(#6901,#6902,#6903,#6904));
#6906=FACE_OUTER_BOUND('',#6905,.F.);
#6907=ADVANCED_FACE('',(#6906),#6900,.F.);
#6908=CARTESIAN_POINT('',(-1.2985E1,1.585E0,3.47E0));
#6909=DIRECTION('',(-1.E0,0.E0,0.E0));
#6910=DIRECTION('',(0.E0,-1.E0,0.E0));
#6911=AXIS2_PLACEMENT_3D('',#6908,#6909,#6910);
#6912=PLANE('',#6911);
#6913=ORIENTED_EDGE('',*,*,#4146,.T.);
#6914=ORIENTED_EDGE('',*,*,#6784,.F.);
#6915=ORIENTED_EDGE('',*,*,#4881,.F.);
#6916=ORIENTED_EDGE('',*,*,#3967,.F.);
#6917=EDGE_LOOP('',(#6913,#6914,#6915,#6916));
#6918=FACE_OUTER_BOUND('',#6917,.F.);
#6919=ADVANCED_FACE('',(#6918),#6912,.F.);
#6920=CARTESIAN_POINT('',(-1.4765E1,-1.585E0,3.47E0));
#6921=DIRECTION('',(1.E0,0.E0,0.E0));
#6922=DIRECTION('',(0.E0,1.E0,0.E0));
#6923=AXIS2_PLACEMENT_3D('',#6920,#6921,#6922);
#6924=PLANE('',#6923);
#6925=ORIENTED_EDGE('',*,*,#3718,.T.);
#6927=ORIENTED_EDGE('',*,*,#6926,.F.);
#6928=ORIENTED_EDGE('',*,*,#4852,.F.);
#6929=ORIENTED_EDGE('',*,*,#4530,.F.);
#6930=EDGE_LOOP('',(#6925,#6927,#6928,#6929));
#6931=FACE_OUTER_BOUND('',#6930,.F.);
#6932=ADVANCED_FACE('',(#6931),#6924,.F.);
#6933=CARTESIAN_POINT('',(-1.4765E1,-1.205E0,3.47E0));
#6934=DIRECTION('',(0.E0,1.E0,0.E0));
#6935=DIRECTION('',(-1.E0,0.E0,0.E0));
#6936=AXIS2_PLACEMENT_3D('',#6933,#6934,#6935);
#6937=PLANE('',#6936);
#6938=ORIENTED_EDGE('',*,*,#3716,.T.);
#6940=ORIENTED_EDGE('',*,*,#6939,.F.);
#6941=ORIENTED_EDGE('',*,*,#4854,.F.);
#6942=ORIENTED_EDGE('',*,*,#6926,.T.);
#6943=EDGE_LOOP('',(#6938,#6940,#6941,#6942));
#6944=FACE_OUTER_BOUND('',#6943,.F.);
#6946=ORIENTED_EDGE('',*,*,#6945,.F.);
#6948=ORIENTED_EDGE('',*,*,#6947,.F.);
#6949=EDGE_LOOP('',(#6946,#6948));
#6950=FACE_BOUND('',#6949,.F.);
#6951=ADVANCED_FACE('',(#6944,#6950),#6937,.F.);
#6952=CARTESIAN_POINT('',(-1.6945E1,-1.205E0,3.47E0));
#6953=DIRECTION('',(-1.E0,0.E0,0.E0));
#6954=DIRECTION('',(0.E0,-1.E0,0.E0));
#6955=AXIS2_PLACEMENT_3D('',#6952,#6953,#6954);
#6956=PLANE('',#6955);
#6957=ORIENTED_EDGE('',*,*,#3714,.F.);
#6958=ORIENTED_EDGE('',*,*,#4502,.T.);
#6959=ORIENTED_EDGE('',*,*,#4856,.T.);
#6960=ORIENTED_EDGE('',*,*,#6939,.T.);
#6961=EDGE_LOOP('',(#6957,#6958,#6959,#6960));
#6962=FACE_OUTER_BOUND('',#6961,.F.);
#6963=ADVANCED_FACE('',(#6962),#6956,.F.);
#6964=CARTESIAN_POINT('',(-1.5855E1,-6.9875E0,0.E0));
#6965=DIRECTION('',(0.E0,1.E0,0.E0));
#6966=DIRECTION('',(1.E0,0.E0,0.E0));
#6967=AXIS2_PLACEMENT_3D('',#6964,#6965,#6966);
#6968=CYLINDRICAL_SURFACE('',#6967,5.7E-1);
#6970=ORIENTED_EDGE('',*,*,#6969,.F.);
#6972=ORIENTED_EDGE('',*,*,#6971,.T.);
#6974=ORIENTED_EDGE('',*,*,#6973,.T.);
#6976=ORIENTED_EDGE('',*,*,#6975,.F.);
#6977=EDGE_LOOP('',(#6970,#6972,#6974,#6976));
#6978=FACE_OUTER_BOUND('',#6977,.F.);
#6979=ADVANCED_FACE('',(#6978),#6968,.T.);
#6980=CARTESIAN_POINT('',(-1.5855E1,-6.9875E0,0.E0));
#6981=DIRECTION('',(0.E0,1.E0,0.E0));
#6982=DIRECTION('',(1.E0,0.E0,0.E0));
#6983=AXIS2_PLACEMENT_3D('',#6980,#6981,#6982);
#6984=CYLINDRICAL_SURFACE('',#6983,5.7E-1);
#6985=ORIENTED_EDGE('',*,*,#6945,.T.);
#6987=ORIENTED_EDGE('',*,*,#6986,.F.);
#6989=ORIENTED_EDGE('',*,*,#6988,.F.);
#6991=ORIENTED_EDGE('',*,*,#6990,.T.);
#6992=EDGE_LOOP('',(#6985,#6987,#6989,#6991));
#6993=FACE_OUTER_BOUND('',#6992,.F.);
#6994=ADVANCED_FACE('',(#6993),#6984,.T.);
#6995=CARTESIAN_POINT('',(-1.6945E1,1.205E0,3.47E0));
#6996=DIRECTION('',(0.E0,-1.E0,0.E0));
#6997=DIRECTION('',(1.E0,0.E0,0.E0));
#6998=AXIS2_PLACEMENT_3D('',#6995,#6996,#6997);
#6999=PLANE('',#6998);
#7000=ORIENTED_EDGE('',*,*,#4151,.T.);
#7002=ORIENTED_EDGE('',*,*,#7001,.F.);
#7003=ORIENTED_EDGE('',*,*,#4876,.F.);
#7005=ORIENTED_EDGE('',*,*,#7004,.T.);
#7006=EDGE_LOOP('',(#7000,#7002,#7003,#7005));
#7007=FACE_OUTER_BOUND('',#7006,.F.);
#7008=ORIENTED_EDGE('',*,*,#6969,.T.);
#7010=ORIENTED_EDGE('',*,*,#7009,.T.);
#7011=EDGE_LOOP('',(#7008,#7010));
#7012=FACE_BOUND('',#7011,.F.);
#7013=ADVANCED_FACE('',(#7007,#7012),#6999,.F.);
#7014=CARTESIAN_POINT('',(-1.5855E1,-6.9875E0,0.E0));
#7015=DIRECTION('',(0.E0,1.E0,0.E0));
#7016=DIRECTION('',(1.E0,0.E0,0.E0));
#7017=AXIS2_PLACEMENT_3D('',#7014,#7015,#7016);
#7018=CYLINDRICAL_SURFACE('',#7017,5.7E-1);
#7019=ORIENTED_EDGE('',*,*,#7009,.F.);
#7020=ORIENTED_EDGE('',*,*,#6975,.T.);
#7022=ORIENTED_EDGE('',*,*,#7021,.F.);
#7023=ORIENTED_EDGE('',*,*,#6971,.F.);
#7024=EDGE_LOOP('',(#7019,#7020,#7022,#7023));
#7025=FACE_OUTER_BOUND('',#7024,.F.);
#7026=ADVANCED_FACE('',(#7025),#7018,.T.);
#7027=CARTESIAN_POINT('',(-1.5855E1,-6.9875E0,0.E0));
#7028=DIRECTION('',(0.E0,1.E0,0.E0));
#7029=DIRECTION('',(1.E0,0.E0,0.E0));
#7030=AXIS2_PLACEMENT_3D('',#7027,#7028,#7029);
#7031=CYLINDRICAL_SURFACE('',#7030,5.7E-1);
#7032=ORIENTED_EDGE('',*,*,#6947,.T.);
#7033=ORIENTED_EDGE('',*,*,#6990,.F.);
#7035=ORIENTED_EDGE('',*,*,#7034,.T.);
#7036=ORIENTED_EDGE('',*,*,#6986,.T.);
#7037=EDGE_LOOP('',(#7032,#7033,#7035,#7036));
#7038=FACE_OUTER_BOUND('',#7037,.F.);
#7039=ADVANCED_FACE('',(#7038),#7031,.T.);
#7040=CARTESIAN_POINT('',(-1.5855E1,1.257E1,0.E0));
#7041=DIRECTION('',(0.E0,-1.E0,0.E0));
#7042=DIRECTION('',(-1.E0,0.E0,0.E0));
#7043=AXIS2_PLACEMENT_3D('',#7040,#7041,#7042);
#7044=CONICAL_SURFACE('',#7043,4.E-1,2.090798047101E1);
#7046=ORIENTED_EDGE('',*,*,#7045,.F.);
#7047=ORIENTED_EDGE('',*,*,#7021,.T.);
#7049=ORIENTED_EDGE('',*,*,#7048,.T.);
#7051=ORIENTED_EDGE('',*,*,#7050,.F.);
#7052=EDGE_LOOP('',(#7046,#7047,#7049,#7051));
#7053=FACE_OUTER_BOUND('',#7052,.F.);
#7054=ADVANCED_FACE('',(#7053),#7044,.T.);
#7055=CARTESIAN_POINT('',(-1.5855E1,1.257E1,0.E0));
#7056=DIRECTION('',(0.E0,-1.E0,0.E0));
#7057=DIRECTION('',(-1.E0,0.E0,0.E0));
#7058=AXIS2_PLACEMENT_3D('',#7055,#7056,#7057);
#7059=CONICAL_SURFACE('',#7058,4.E-1,2.090798047101E1);
#7060=ORIENTED_EDGE('',*,*,#7045,.T.);
#7062=ORIENTED_EDGE('',*,*,#7061,.T.);
#7063=ORIENTED_EDGE('',*,*,#7048,.F.);
#7064=ORIENTED_EDGE('',*,*,#6973,.F.);
#7065=EDGE_LOOP('',(#7060,#7062,#7063,#7064));
#7066=FACE_OUTER_BOUND('',#7065,.F.);
#7067=ADVANCED_FACE('',(#7066),#7059,.T.);
#7068=CARTESIAN_POINT('',(-1.5855E1,1.3015E1,0.E0));
#7069=DIRECTION('',(0.E0,1.E0,0.E0));
#7070=DIRECTION('',(1.E0,0.E0,0.E0));
#7071=AXIS2_PLACEMENT_3D('',#7068,#7069,#7070);
#7072=PLANE('',#7071);
#7073=ORIENTED_EDGE('',*,*,#7050,.T.);
#7074=ORIENTED_EDGE('',*,*,#7061,.F.);
#7075=EDGE_LOOP('',(#7073,#7074));
#7076=FACE_OUTER_BOUND('',#7075,.F.);
#7077=ADVANCED_FACE('',(#7076),#7072,.T.);
#7078=CARTESIAN_POINT('',(-1.5855E1,-5.59E0,0.E0));
#7079=DIRECTION('',(0.E0,1.E0,0.E0));
#7080=DIRECTION('',(1.E0,0.E0,0.E0));
#7081=AXIS2_PLACEMENT_3D('',#7078,#7079,#7080);
#7082=CONICAL_SURFACE('',#7081,4.E-1,2.090798047101E1);
#7084=ORIENTED_EDGE('',*,*,#7083,.F.);
#7086=ORIENTED_EDGE('',*,*,#7085,.T.);
#7088=ORIENTED_EDGE('',*,*,#7087,.T.);
#7089=ORIENTED_EDGE('',*,*,#7034,.F.);
#7090=EDGE_LOOP('',(#7084,#7086,#7088,#7089));
#7091=FACE_OUTER_BOUND('',#7090,.F.);
#7092=ADVANCED_FACE('',(#7091),#7082,.T.);
#7093=CARTESIAN_POINT('',(-1.5855E1,-5.59E0,0.E0));
#7094=DIRECTION('',(0.E0,1.E0,0.E0));
#7095=DIRECTION('',(1.E0,0.E0,0.E0));
#7096=AXIS2_PLACEMENT_3D('',#7093,#7094,#7095);
#7097=CONICAL_SURFACE('',#7096,4.E-1,2.090798047101E1);
#7098=ORIENTED_EDGE('',*,*,#7083,.T.);
#7099=ORIENTED_EDGE('',*,*,#6988,.T.);
#7100=ORIENTED_EDGE('',*,*,#7087,.F.);
#7102=ORIENTED_EDGE('',*,*,#7101,.F.);
#7103=EDGE_LOOP('',(#7098,#7099,#7100,#7102));
#7104=FACE_OUTER_BOUND('',#7103,.F.);
#7105=ADVANCED_FACE('',(#7104),#7097,.T.);
#7106=CARTESIAN_POINT('',(-1.5855E1,-6.035E0,0.E0));
#7107=DIRECTION('',(0.E0,1.E0,0.E0));
#7108=DIRECTION('',(1.E0,0.E0,0.E0));
#7109=AXIS2_PLACEMENT_3D('',#7106,#7107,#7108);
#7110=PLANE('',#7109);
#7111=ORIENTED_EDGE('',*,*,#7085,.F.);
#7112=ORIENTED_EDGE('',*,*,#7101,.T.);
#7113=EDGE_LOOP('',(#7111,#7112));
#7114=FACE_OUTER_BOUND('',#7113,.F.);
#7115=ADVANCED_FACE('',(#7114),#7110,.F.);
#7116=CARTESIAN_POINT('',(-1.4765E1,1.205E0,3.47E0));
#7117=DIRECTION('',(1.E0,0.E0,0.E0));
#7118=DIRECTION('',(0.E0,1.E0,0.E0));
#7119=AXIS2_PLACEMENT_3D('',#7116,#7117,#7118);
#7120=PLANE('',#7119);
#7121=ORIENTED_EDGE('',*,*,#4149,.T.);
#7122=ORIENTED_EDGE('',*,*,#3963,.T.);
#7123=ORIENTED_EDGE('',*,*,#4878,.T.);
#7124=ORIENTED_EDGE('',*,*,#7001,.T.);
#7125=EDGE_LOOP('',(#7121,#7122,#7123,#7124));
#7126=FACE_OUTER_BOUND('',#7125,.F.);
#7127=ADVANCED_FACE('',(#7126),#7120,.F.);
#7128=CARTESIAN_POINT('',(-1.6945E1,1.585E0,3.47E0));
#7129=DIRECTION('',(-1.E0,0.E0,0.E0));
#7130=DIRECTION('',(0.E0,-1.E0,0.E0));
#7131=AXIS2_PLACEMENT_3D('',#7128,#7129,#7130);
#7132=PLANE('',#7131);
#7133=ORIENTED_EDGE('',*,*,#4153,.T.);
#7134=ORIENTED_EDGE('',*,*,#7004,.F.);
#7135=ORIENTED_EDGE('',*,*,#4874,.F.);
#7136=ORIENTED_EDGE('',*,*,#3889,.F.);
#7137=EDGE_LOOP('',(#7133,#7134,#7135,#7136));
#7138=FACE_OUTER_BOUND('',#7137,.F.);
#7139=ADVANCED_FACE('',(#7138),#7132,.F.);
#7140=CARTESIAN_POINT('',(-1.8725E1,-1.585E0,3.47E0));
#7141=DIRECTION('',(1.E0,0.E0,0.E0));
#7142=DIRECTION('',(0.E0,1.E0,0.E0));
#7143=AXIS2_PLACEMENT_3D('',#7140,#7141,#7142);
#7144=PLANE('',#7143);
#7145=ORIENTED_EDGE('',*,*,#3710,.T.);
#7147=ORIENTED_EDGE('',*,*,#7146,.F.);
#7148=ORIENTED_EDGE('',*,*,#4859,.F.);
#7149=ORIENTED_EDGE('',*,*,#4505,.F.);
#7150=EDGE_LOOP('',(#7145,#7147,#7148,#7149));
#7151=FACE_OUTER_BOUND('',#7150,.F.);
#7152=ADVANCED_FACE('',(#7151),#7144,.F.);
#7153=CARTESIAN_POINT('',(-1.8725E1,-1.205E0,3.47E0));
#7154=DIRECTION('',(0.E0,1.E0,0.E0));
#7155=DIRECTION('',(-1.E0,0.E0,0.E0));
#7156=AXIS2_PLACEMENT_3D('',#7153,#7154,#7155);
#7157=PLANE('',#7156);
#7158=ORIENTED_EDGE('',*,*,#3708,.T.);
#7159=ORIENTED_EDGE('',*,*,#4770,.F.);
#7160=ORIENTED_EDGE('',*,*,#4861,.F.);
#7161=ORIENTED_EDGE('',*,*,#7146,.T.);
#7162=EDGE_LOOP('',(#7158,#7159,#7160,#7161));
#7163=FACE_OUTER_BOUND('',#7162,.F.);
#7165=ORIENTED_EDGE('',*,*,#7164,.F.);
#7167=ORIENTED_EDGE('',*,*,#7166,.F.);
#7168=EDGE_LOOP('',(#7165,#7167));
#7169=FACE_BOUND('',#7168,.F.);
#7170=ADVANCED_FACE('',(#7163,#7169),#7157,.F.);
#7171=CARTESIAN_POINT('',(-1.9815E1,-6.9875E0,0.E0));
#7172=DIRECTION('',(0.E0,1.E0,0.E0));
#7173=DIRECTION('',(1.E0,0.E0,0.E0));
#7174=AXIS2_PLACEMENT_3D('',#7171,#7172,#7173);
#7175=CYLINDRICAL_SURFACE('',#7174,5.7E-1);
#7177=ORIENTED_EDGE('',*,*,#7176,.F.);
#7179=ORIENTED_EDGE('',*,*,#7178,.T.);
#7181=ORIENTED_EDGE('',*,*,#7180,.T.);
#7183=ORIENTED_EDGE('',*,*,#7182,.F.);
#7184=EDGE_LOOP('',(#7177,#7179,#7181,#7183));
#7185=FACE_OUTER_BOUND('',#7184,.F.);
#7186=ADVANCED_FACE('',(#7185),#7175,.T.);
#7187=CARTESIAN_POINT('',(-1.9815E1,-6.9875E0,0.E0));
#7188=DIRECTION('',(0.E0,1.E0,0.E0));
#7189=DIRECTION('',(1.E0,0.E0,0.E0));
#7190=AXIS2_PLACEMENT_3D('',#7187,#7188,#7189);
#7191=CYLINDRICAL_SURFACE('',#7190,5.7E-1);
#7192=ORIENTED_EDGE('',*,*,#7164,.T.);
#7194=ORIENTED_EDGE('',*,*,#7193,.F.);
#7196=ORIENTED_EDGE('',*,*,#7195,.F.);
#7198=ORIENTED_EDGE('',*,*,#7197,.T.);
#7199=EDGE_LOOP('',(#7192,#7194,#7196,#7198));
#7200=FACE_OUTER_BOUND('',#7199,.F.);
#7201=ADVANCED_FACE('',(#7200),#7191,.T.);
#7202=CARTESIAN_POINT('',(-2.0905E1,1.205E0,3.47E0));
#7203=DIRECTION('',(0.E0,-1.E0,0.E0));
#7204=DIRECTION('',(1.E0,0.E0,0.E0));
#7205=AXIS2_PLACEMENT_3D('',#7202,#7203,#7204);
#7206=PLANE('',#7205);
#7207=ORIENTED_EDGE('',*,*,#4158,.T.);
#7209=ORIENTED_EDGE('',*,*,#7208,.F.);
#7210=ORIENTED_EDGE('',*,*,#4869,.F.);
#7212=ORIENTED_EDGE('',*,*,#7211,.T.);
#7213=EDGE_LOOP('',(#7207,#7209,#7210,#7212));
#7214=FACE_OUTER_BOUND('',#7213,.F.);
#7215=ORIENTED_EDGE('',*,*,#7176,.T.);
#7217=ORIENTED_EDGE('',*,*,#7216,.T.);
#7218=EDGE_LOOP('',(#7215,#7217));
#7219=FACE_BOUND('',#7218,.F.);
#7220=ADVANCED_FACE('',(#7214,#7219),#7206,.F.);
#7221=CARTESIAN_POINT('',(-1.9815E1,-6.9875E0,0.E0));
#7222=DIRECTION('',(0.E0,1.E0,0.E0));
#7223=DIRECTION('',(1.E0,0.E0,0.E0));
#7224=AXIS2_PLACEMENT_3D('',#7221,#7222,#7223);
#7225=CYLINDRICAL_SURFACE('',#7224,5.7E-1);
#7226=ORIENTED_EDGE('',*,*,#7216,.F.);
#7227=ORIENTED_EDGE('',*,*,#7182,.T.);
#7229=ORIENTED_EDGE('',*,*,#7228,.F.);
#7230=ORIENTED_EDGE('',*,*,#7178,.F.);
#7231=EDGE_LOOP('',(#7226,#7227,#7229,#7230));
#7232=FACE_OUTER_BOUND('',#7231,.F.);
#7233=ADVANCED_FACE('',(#7232),#7225,.T.);
#7234=CARTESIAN_POINT('',(-1.9815E1,-6.9875E0,0.E0));
#7235=DIRECTION('',(0.E0,1.E0,0.E0));
#7236=DIRECTION('',(1.E0,0.E0,0.E0));
#7237=AXIS2_PLACEMENT_3D('',#7234,#7235,#7236);
#7238=CYLINDRICAL_SURFACE('',#7237,5.7E-1);
#7239=ORIENTED_EDGE('',*,*,#7166,.T.);
#7240=ORIENTED_EDGE('',*,*,#7197,.F.);
#7242=ORIENTED_EDGE('',*,*,#7241,.T.);
#7243=ORIENTED_EDGE('',*,*,#7193,.T.);
#7244=EDGE_LOOP('',(#7239,#7240,#7242,#7243));
#7245=FACE_OUTER_BOUND('',#7244,.F.);
#7246=ADVANCED_FACE('',(#7245),#7238,.T.);
#7247=CARTESIAN_POINT('',(-1.9815E1,1.257E1,0.E0));
#7248=DIRECTION('',(0.E0,-1.E0,0.E0));
#7249=DIRECTION('',(-1.E0,0.E0,0.E0));
#7250=AXIS2_PLACEMENT_3D('',#7247,#7248,#7249);
#7251=CONICAL_SURFACE('',#7250,4.E-1,2.090798047101E1);
#7253=ORIENTED_EDGE('',*,*,#7252,.F.);
#7254=ORIENTED_EDGE('',*,*,#7228,.T.);
#7256=ORIENTED_EDGE('',*,*,#7255,.T.);
#7258=ORIENTED_EDGE('',*,*,#7257,.F.);
#7259=EDGE_LOOP('',(#7253,#7254,#7256,#7258));
#7260=FACE_OUTER_BOUND('',#7259,.F.);
#7261=ADVANCED_FACE('',(#7260),#7251,.T.);
#7262=CARTESIAN_POINT('',(-1.9815E1,1.257E1,0.E0));
#7263=DIRECTION('',(0.E0,-1.E0,0.E0));
#7264=DIRECTION('',(-1.E0,0.E0,0.E0));
#7265=AXIS2_PLACEMENT_3D('',#7262,#7263,#7264);
#7266=CONICAL_SURFACE('',#7265,4.E-1,2.090798047101E1);
#7267=ORIENTED_EDGE('',*,*,#7252,.T.);
#7269=ORIENTED_EDGE('',*,*,#7268,.T.);
#7270=ORIENTED_EDGE('',*,*,#7255,.F.);
#7271=ORIENTED_EDGE('',*,*,#7180,.F.);
#7272=EDGE_LOOP('',(#7267,#7269,#7270,#7271));
#7273=FACE_OUTER_BOUND('',#7272,.F.);
#7274=ADVANCED_FACE('',(#7273),#7266,.T.);
#7275=CARTESIAN_POINT('',(-1.9815E1,1.3015E1,0.E0));
#7276=DIRECTION('',(0.E0,1.E0,0.E0));
#7277=DIRECTION('',(1.E0,0.E0,0.E0));
#7278=AXIS2_PLACEMENT_3D('',#7275,#7276,#7277);
#7279=PLANE('',#7278);
#7280=ORIENTED_EDGE('',*,*,#7257,.T.);
#7281=ORIENTED_EDGE('',*,*,#7268,.F.);
#7282=EDGE_LOOP('',(#7280,#7281));
#7283=FACE_OUTER_BOUND('',#7282,.F.);
#7284=ADVANCED_FACE('',(#7283),#7279,.T.);
#7285=CARTESIAN_POINT('',(-1.9815E1,-5.59E0,0.E0));
#7286=DIRECTION('',(0.E0,1.E0,0.E0));
#7287=DIRECTION('',(1.E0,0.E0,0.E0));
#7288=AXIS2_PLACEMENT_3D('',#7285,#7286,#7287);
#7289=CONICAL_SURFACE('',#7288,4.E-1,2.090798047101E1);
#7291=ORIENTED_EDGE('',*,*,#7290,.F.);
#7293=ORIENTED_EDGE('',*,*,#7292,.T.);
#7295=ORIENTED_EDGE('',*,*,#7294,.T.);
#7296=ORIENTED_EDGE('',*,*,#7241,.F.);
#7297=EDGE_LOOP('',(#7291,#7293,#7295,#7296));
#7298=FACE_OUTER_BOUND('',#7297,.F.);
#7299=ADVANCED_FACE('',(#7298),#7289,.T.);
#7300=CARTESIAN_POINT('',(-1.9815E1,-5.59E0,0.E0));
#7301=DIRECTION('',(0.E0,1.E0,0.E0));
#7302=DIRECTION('',(1.E0,0.E0,0.E0));
#7303=AXIS2_PLACEMENT_3D('',#7300,#7301,#7302);
#7304=CONICAL_SURFACE('',#7303,4.E-1,2.090798047101E1);
#7305=ORIENTED_EDGE('',*,*,#7290,.T.);
#7306=ORIENTED_EDGE('',*,*,#7195,.T.);
#7307=ORIENTED_EDGE('',*,*,#7294,.F.);
#7309=ORIENTED_EDGE('',*,*,#7308,.F.);
#7310=EDGE_LOOP('',(#7305,#7306,#7307,#7309));
#7311=FACE_OUTER_BOUND('',#7310,.F.);
#7312=ADVANCED_FACE('',(#7311),#7304,.T.);
#7313=CARTESIAN_POINT('',(-1.9815E1,-6.035E0,0.E0));
#7314=DIRECTION('',(0.E0,1.E0,0.E0));
#7315=DIRECTION('',(1.E0,0.E0,0.E0));
#7316=AXIS2_PLACEMENT_3D('',#7313,#7314,#7315);
#7317=PLANE('',#7316);
#7318=ORIENTED_EDGE('',*,*,#7292,.F.);
#7319=ORIENTED_EDGE('',*,*,#7308,.T.);
#7320=EDGE_LOOP('',(#7318,#7319));
#7321=FACE_OUTER_BOUND('',#7320,.F.);
#7322=ADVANCED_FACE('',(#7321),#7317,.F.);
#7323=CARTESIAN_POINT('',(-1.8725E1,1.205E0,3.47E0));
#7324=DIRECTION('',(1.E0,0.E0,0.E0));
#7325=DIRECTION('',(0.E0,1.E0,0.E0));
#7326=AXIS2_PLACEMENT_3D('',#7323,#7324,#7325);
#7327=PLANE('',#7326);
#7328=ORIENTED_EDGE('',*,*,#3885,.T.);
#7329=ORIENTED_EDGE('',*,*,#4871,.T.);
#7330=ORIENTED_EDGE('',*,*,#7208,.T.);
#7331=ORIENTED_EDGE('',*,*,#4156,.T.);
#7332=EDGE_LOOP('',(#7328,#7329,#7330,#7331));
#7333=FACE_OUTER_BOUND('',#7332,.F.);
#7334=ADVANCED_FACE('',(#7333),#7327,.F.);
#7335=CARTESIAN_POINT('',(-2.0905E1,1.585E0,3.47E0));
#7336=DIRECTION('',(-1.E0,0.E0,0.E0));
#7337=DIRECTION('',(0.E0,-1.E0,0.E0));
#7338=AXIS2_PLACEMENT_3D('',#7335,#7336,#7337);
#7339=PLANE('',#7338);
#7340=ORIENTED_EDGE('',*,*,#3847,.F.);
#7341=ORIENTED_EDGE('',*,*,#4160,.T.);
#7342=ORIENTED_EDGE('',*,*,#7211,.F.);
#7343=ORIENTED_EDGE('',*,*,#4867,.F.);
#7344=EDGE_LOOP('',(#7340,#7341,#7342,#7343));
#7345=FACE_OUTER_BOUND('',#7344,.F.);
#7346=ADVANCED_FACE('',(#7345),#7339,.F.);
#7347=CARTESIAN_POINT('',(-1.8345E1,1.585E0,-1.5E0));
#7348=DIRECTION('',(-1.E0,0.E0,0.E0));
#7349=DIRECTION('',(0.E0,0.E0,1.E0));
#7350=AXIS2_PLACEMENT_3D('',#7347,#7348,#7349);
#7351=PLANE('',#7350);
#7352=ORIENTED_EDGE('',*,*,#4511,.T.);
#7354=ORIENTED_EDGE('',*,*,#7353,.F.);
#7355=ORIENTED_EDGE('',*,*,#3895,.F.);
#7357=ORIENTED_EDGE('',*,*,#7356,.T.);
#7358=EDGE_LOOP('',(#7352,#7354,#7355,#7357));
#7359=FACE_OUTER_BOUND('',#7358,.F.);
#7360=ADVANCED_FACE('',(#7359),#7351,.F.);
#7361=CARTESIAN_POINT('',(-1.8345E1,1.585E0,1.5E0));
#7362=DIRECTION('',(0.E0,0.E0,1.E0));
#7363=DIRECTION('',(1.E0,0.E0,0.E0));
#7364=AXIS2_PLACEMENT_3D('',#7361,#7362,#7363);
#7365=PLANE('',#7364);
#7366=ORIENTED_EDGE('',*,*,#4517,.T.);
#7368=ORIENTED_EDGE('',*,*,#7367,.F.);
#7369=ORIENTED_EDGE('',*,*,#3897,.F.);
#7370=ORIENTED_EDGE('',*,*,#7353,.T.);
#7371=EDGE_LOOP('',(#7366,#7368,#7369,#7370));
#7372=FACE_OUTER_BOUND('',#7371,.F.);
#7373=ADVANCED_FACE('',(#7372),#7365,.F.);
#7374=CARTESIAN_POINT('',(-1.7325E1,1.585E0,1.5E0));
#7375=DIRECTION('',(1.E0,0.E0,0.E0));
#7376=DIRECTION('',(0.E0,0.E0,-1.E0));
#7377=AXIS2_PLACEMENT_3D('',#7374,#7375,#7376);
#7378=PLANE('',#7377);
#7379=ORIENTED_EDGE('',*,*,#4515,.T.);
#7381=ORIENTED_EDGE('',*,*,#7380,.F.);
#7382=ORIENTED_EDGE('',*,*,#3899,.F.);
#7383=ORIENTED_EDGE('',*,*,#7367,.T.);
#7384=EDGE_LOOP('',(#7379,#7381,#7382,#7383));
#7385=FACE_OUTER_BOUND('',#7384,.F.);
#7386=ADVANCED_FACE('',(#7385),#7378,.F.);
#7387=CARTESIAN_POINT('',(-1.7325E1,1.585E0,-1.5E0));
#7388=DIRECTION('',(0.E0,0.E0,-1.E0));
#7389=DIRECTION('',(-1.E0,0.E0,0.E0));
#7390=AXIS2_PLACEMENT_3D('',#7387,#7388,#7389);
#7391=PLANE('',#7390);
#7392=ORIENTED_EDGE('',*,*,#4513,.T.);
#7393=ORIENTED_EDGE('',*,*,#7356,.F.);
#7394=ORIENTED_EDGE('',*,*,#3901,.F.);
#7395=ORIENTED_EDGE('',*,*,#7380,.T.);
#7396=EDGE_LOOP('',(#7392,#7393,#7394,#7395));
#7397=FACE_OUTER_BOUND('',#7396,.F.);
#7398=ADVANCED_FACE('',(#7397),#7391,.F.);
#7399=CARTESIAN_POINT('',(-1.4385E1,1.585E0,-1.5E0));
#7400=DIRECTION('',(-1.E0,0.E0,0.E0));
#7401=DIRECTION('',(0.E0,0.E0,1.E0));
#7402=AXIS2_PLACEMENT_3D('',#7399,#7400,#7401);
#7403=PLANE('',#7402);
#7404=ORIENTED_EDGE('',*,*,#4536,.T.);
#7406=ORIENTED_EDGE('',*,*,#7405,.F.);
#7407=ORIENTED_EDGE('',*,*,#3973,.F.);
#7409=ORIENTED_EDGE('',*,*,#7408,.T.);
#7410=EDGE_LOOP('',(#7404,#7406,#7407,#7409));
#7411=FACE_OUTER_BOUND('',#7410,.F.);
#7412=ADVANCED_FACE('',(#7411),#7403,.F.);
#7413=CARTESIAN_POINT('',(-1.4385E1,1.585E0,1.5E0));
#7414=DIRECTION('',(0.E0,0.E0,1.E0));
#7415=DIRECTION('',(1.E0,0.E0,0.E0));
#7416=AXIS2_PLACEMENT_3D('',#7413,#7414,#7415);
#7417=PLANE('',#7416);
#7418=ORIENTED_EDGE('',*,*,#4542,.T.);
#7420=ORIENTED_EDGE('',*,*,#7419,.F.);
#7421=ORIENTED_EDGE('',*,*,#3975,.F.);
#7422=ORIENTED_EDGE('',*,*,#7405,.T.);
#7423=EDGE_LOOP('',(#7418,#7420,#7421,#7422));
#7424=FACE_OUTER_BOUND('',#7423,.F.);
#7425=ADVANCED_FACE('',(#7424),#7417,.F.);
#7426=CARTESIAN_POINT('',(-1.3365E1,1.585E0,1.5E0));
#7427=DIRECTION('',(1.E0,0.E0,0.E0));
#7428=DIRECTION('',(0.E0,0.E0,-1.E0));
#7429=AXIS2_PLACEMENT_3D('',#7426,#7427,#7428);
#7430=PLANE('',#7429);
#7431=ORIENTED_EDGE('',*,*,#4540,.T.);
#7433=ORIENTED_EDGE('',*,*,#7432,.F.);
#7434=ORIENTED_EDGE('',*,*,#3977,.F.);
#7435=ORIENTED_EDGE('',*,*,#7419,.T.);
#7436=EDGE_LOOP('',(#7431,#7433,#7434,#7435));
#7437=FACE_OUTER_BOUND('',#7436,.F.);
#7438=ADVANCED_FACE('',(#7437),#7430,.F.);
#7439=CARTESIAN_POINT('',(-1.3365E1,1.585E0,-1.5E0));
#7440=DIRECTION('',(0.E0,0.E0,-1.E0));
#7441=DIRECTION('',(-1.E0,0.E0,0.E0));
#7442=AXIS2_PLACEMENT_3D('',#7439,#7440,#7441);
#7443=PLANE('',#7442);
#7444=ORIENTED_EDGE('',*,*,#4538,.T.);
#7445=ORIENTED_EDGE('',*,*,#7408,.F.);
#7446=ORIENTED_EDGE('',*,*,#3979,.F.);
#7447=ORIENTED_EDGE('',*,*,#7432,.T.);
#7448=EDGE_LOOP('',(#7444,#7445,#7446,#7447));
#7449=FACE_OUTER_BOUND('',#7448,.F.);
#7450=ADVANCED_FACE('',(#7449),#7443,.F.);
#7451=CARTESIAN_POINT('',(-1.0425E1,1.585E0,-1.5E0));
#7452=DIRECTION('',(-1.E0,0.E0,0.E0));
#7453=DIRECTION('',(0.E0,0.E0,1.E0));
#7454=AXIS2_PLACEMENT_3D('',#7451,#7452,#7453);
#7455=PLANE('',#7454);
#7456=ORIENTED_EDGE('',*,*,#4561,.T.);
#7458=ORIENTED_EDGE('',*,*,#7457,.F.);
#7459=ORIENTED_EDGE('',*,*,#4058,.F.);
#7461=ORIENTED_EDGE('',*,*,#7460,.T.);
#7462=EDGE_LOOP('',(#7456,#7458,#7459,#7461));
#7463=FACE_OUTER_BOUND('',#7462,.F.);
#7464=ADVANCED_FACE('',(#7463),#7455,.F.);
#7465=CARTESIAN_POINT('',(-1.0425E1,1.585E0,1.5E0));
#7466=DIRECTION('',(0.E0,0.E0,1.E0));
#7467=DIRECTION('',(1.E0,0.E0,0.E0));
#7468=AXIS2_PLACEMENT_3D('',#7465,#7466,#7467);
#7469=PLANE('',#7468);
#7470=ORIENTED_EDGE('',*,*,#4567,.T.);
#7472=ORIENTED_EDGE('',*,*,#7471,.F.);
#7473=ORIENTED_EDGE('',*,*,#4060,.F.);
#7474=ORIENTED_EDGE('',*,*,#7457,.T.);
#7475=EDGE_LOOP('',(#7470,#7472,#7473,#7474));
#7476=FACE_OUTER_BOUND('',#7475,.F.);
#7477=ADVANCED_FACE('',(#7476),#7469,.F.);
#7478=CARTESIAN_POINT('',(-9.405E0,1.585E0,1.5E0));
#7479=DIRECTION('',(1.E0,0.E0,0.E0));
#7480=DIRECTION('',(0.E0,0.E0,-1.E0));
#7481=AXIS2_PLACEMENT_3D('',#7478,#7479,#7480);
#7482=PLANE('',#7481);
#7483=ORIENTED_EDGE('',*,*,#4565,.T.);
#7485=ORIENTED_EDGE('',*,*,#7484,.F.);
#7486=ORIENTED_EDGE('',*,*,#4062,.F.);
#7487=ORIENTED_EDGE('',*,*,#7471,.T.);
#7488=EDGE_LOOP('',(#7483,#7485,#7486,#7487));
#7489=FACE_OUTER_BOUND('',#7488,.F.);
#7490=ADVANCED_FACE('',(#7489),#7482,.F.);
#7491=CARTESIAN_POINT('',(-9.405E0,1.585E0,-1.5E0));
#7492=DIRECTION('',(0.E0,0.E0,-1.E0));
#7493=DIRECTION('',(-1.E0,0.E0,0.E0));
#7494=AXIS2_PLACEMENT_3D('',#7491,#7492,#7493);
#7495=PLANE('',#7494);
#7496=ORIENTED_EDGE('',*,*,#4563,.T.);
#7497=ORIENTED_EDGE('',*,*,#7460,.F.);
#7498=ORIENTED_EDGE('',*,*,#4064,.F.);
#7499=ORIENTED_EDGE('',*,*,#7484,.T.);
#7500=EDGE_LOOP('',(#7496,#7497,#7498,#7499));
#7501=FACE_OUTER_BOUND('',#7500,.F.);
#7502=ADVANCED_FACE('',(#7501),#7495,.F.);
#7503=CARTESIAN_POINT('',(-6.465E0,1.585E0,-1.5E0));
#7504=DIRECTION('',(-1.E0,0.E0,0.E0));
#7505=DIRECTION('',(0.E0,0.E0,1.E0));
#7506=AXIS2_PLACEMENT_3D('',#7503,#7504,#7505);
#7507=PLANE('',#7506);
#7508=ORIENTED_EDGE('',*,*,#4586,.T.);
#7510=ORIENTED_EDGE('',*,*,#7509,.F.);
#7511=ORIENTED_EDGE('',*,*,#3999,.F.);
#7513=ORIENTED_EDGE('',*,*,#7512,.T.);
#7514=EDGE_LOOP('',(#7508,#7510,#7511,#7513));
#7515=FACE_OUTER_BOUND('',#7514,.F.);
#7516=ADVANCED_FACE('',(#7515),#7507,.F.);
#7517=CARTESIAN_POINT('',(-6.465E0,1.585E0,1.5E0));
#7518=DIRECTION('',(0.E0,0.E0,1.E0));
#7519=DIRECTION('',(1.E0,0.E0,0.E0));
#7520=AXIS2_PLACEMENT_3D('',#7517,#7518,#7519);
#7521=PLANE('',#7520);
#7522=ORIENTED_EDGE('',*,*,#4592,.T.);
#7524=ORIENTED_EDGE('',*,*,#7523,.F.);
#7525=ORIENTED_EDGE('',*,*,#4001,.F.);
#7526=ORIENTED_EDGE('',*,*,#7509,.T.);
#7527=EDGE_LOOP('',(#7522,#7524,#7525,#7526));
#7528=FACE_OUTER_BOUND('',#7527,.F.);
#7529=ADVANCED_FACE('',(#7528),#7521,.F.);
#7530=CARTESIAN_POINT('',(-5.445E0,1.585E0,1.5E0));
#7531=DIRECTION('',(1.E0,0.E0,0.E0));
#7532=DIRECTION('',(0.E0,0.E0,-1.E0));
#7533=AXIS2_PLACEMENT_3D('',#7530,#7531,#7532);
#7534=PLANE('',#7533);
#7535=ORIENTED_EDGE('',*,*,#4590,.T.);
#7537=ORIENTED_EDGE('',*,*,#7536,.F.);
#7538=ORIENTED_EDGE('',*,*,#4003,.F.);
#7539=ORIENTED_EDGE('',*,*,#7523,.T.);
#7540=EDGE_LOOP('',(#7535,#7537,#7538,#7539));
#7541=FACE_OUTER_BOUND('',#7540,.F.);
#7542=ADVANCED_FACE('',(#7541),#7534,.F.);
#7543=CARTESIAN_POINT('',(-5.445E0,1.585E0,-1.5E0));
#7544=DIRECTION('',(0.E0,0.E0,-1.E0));
#7545=DIRECTION('',(-1.E0,0.E0,0.E0));
#7546=AXIS2_PLACEMENT_3D('',#7543,#7544,#7545);
#7547=PLANE('',#7546);
#7548=ORIENTED_EDGE('',*,*,#4588,.T.);
#7549=ORIENTED_EDGE('',*,*,#7512,.F.);
#7550=ORIENTED_EDGE('',*,*,#4005,.F.);
#7551=ORIENTED_EDGE('',*,*,#7536,.T.);
#7552=EDGE_LOOP('',(#7548,#7549,#7550,#7551));
#7553=FACE_OUTER_BOUND('',#7552,.F.);
#7554=ADVANCED_FACE('',(#7553),#7547,.F.);
#7555=CARTESIAN_POINT('',(-2.505E0,1.585E0,-1.5E0));
#7556=DIRECTION('',(-1.E0,0.E0,0.E0));
#7557=DIRECTION('',(0.E0,0.E0,1.E0));
#7558=AXIS2_PLACEMENT_3D('',#7555,#7556,#7557);
#7559=PLANE('',#7558);
#7560=ORIENTED_EDGE('',*,*,#4611,.T.);
#7562=ORIENTED_EDGE('',*,*,#7561,.F.);
#7563=ORIENTED_EDGE('',*,*,#4025,.F.);
#7565=ORIENTED_EDGE('',*,*,#7564,.T.);
#7566=EDGE_LOOP('',(#7560,#7562,#7563,#7565));
#7567=FACE_OUTER_BOUND('',#7566,.F.);
#7568=ADVANCED_FACE('',(#7567),#7559,.F.);
#7569=CARTESIAN_POINT('',(-2.505E0,1.585E0,1.5E0));
#7570=DIRECTION('',(0.E0,0.E0,1.E0));
#7571=DIRECTION('',(1.E0,0.E0,0.E0));
#7572=AXIS2_PLACEMENT_3D('',#7569,#7570,#7571);
#7573=PLANE('',#7572);
#7574=ORIENTED_EDGE('',*,*,#4617,.T.);
#7576=ORIENTED_EDGE('',*,*,#7575,.F.);
#7577=ORIENTED_EDGE('',*,*,#4027,.F.);
#7578=ORIENTED_EDGE('',*,*,#7561,.T.);
#7579=EDGE_LOOP('',(#7574,#7576,#7577,#7578));
#7580=FACE_OUTER_BOUND('',#7579,.F.);
#7581=ADVANCED_FACE('',(#7580),#7573,.F.);
#7582=CARTESIAN_POINT('',(-1.485E0,1.585E0,1.5E0));
#7583=DIRECTION('',(1.E0,0.E0,0.E0));
#7584=DIRECTION('',(0.E0,0.E0,-1.E0));
#7585=AXIS2_PLACEMENT_3D('',#7582,#7583,#7584);
#7586=PLANE('',#7585);
#7587=ORIENTED_EDGE('',*,*,#4615,.T.);
#7589=ORIENTED_EDGE('',*,*,#7588,.F.);
#7590=ORIENTED_EDGE('',*,*,#4029,.F.);
#7591=ORIENTED_EDGE('',*,*,#7575,.T.);
#7592=EDGE_LOOP('',(#7587,#7589,#7590,#7591));
#7593=FACE_OUTER_BOUND('',#7592,.F.);
#7594=ADVANCED_FACE('',(#7593),#7586,.F.);
#7595=CARTESIAN_POINT('',(-1.485E0,1.585E0,-1.5E0));
#7596=DIRECTION('',(0.E0,0.E0,-1.E0));
#7597=DIRECTION('',(-1.E0,0.E0,0.E0));
#7598=AXIS2_PLACEMENT_3D('',#7595,#7596,#7597);
#7599=PLANE('',#7598);
#7600=ORIENTED_EDGE('',*,*,#4613,.T.);
#7601=ORIENTED_EDGE('',*,*,#7564,.F.);
#7602=ORIENTED_EDGE('',*,*,#4031,.F.);
#7603=ORIENTED_EDGE('',*,*,#7588,.T.);
#7604=EDGE_LOOP('',(#7600,#7601,#7602,#7603));
#7605=FACE_OUTER_BOUND('',#7604,.F.);
#7606=ADVANCED_FACE('',(#7605),#7599,.F.);
#7607=CARTESIAN_POINT('',(1.455E0,1.585E0,-1.5E0));
#7608=DIRECTION('',(-1.E0,0.E0,0.E0));
#7609=DIRECTION('',(0.E0,0.E0,1.E0));
#7610=AXIS2_PLACEMENT_3D('',#7607,#7608,#7609);
#7611=PLANE('',#7610);
#7612=ORIENTED_EDGE('',*,*,#4636,.T.);
#7614=ORIENTED_EDGE('',*,*,#7613,.F.);
#7615=ORIENTED_EDGE('',*,*,#4091,.F.);
#7617=ORIENTED_EDGE('',*,*,#7616,.T.);
#7618=EDGE_LOOP('',(#7612,#7614,#7615,#7617));
#7619=FACE_OUTER_BOUND('',#7618,.F.);
#7620=ADVANCED_FACE('',(#7619),#7611,.F.);
#7621=CARTESIAN_POINT('',(1.455E0,1.585E0,1.5E0));
#7622=DIRECTION('',(0.E0,0.E0,1.E0));
#7623=DIRECTION('',(1.E0,0.E0,0.E0));
#7624=AXIS2_PLACEMENT_3D('',#7621,#7622,#7623);
#7625=PLANE('',#7624);
#7626=ORIENTED_EDGE('',*,*,#4642,.T.);
#7628=ORIENTED_EDGE('',*,*,#7627,.F.);
#7629=ORIENTED_EDGE('',*,*,#4093,.F.);
#7630=ORIENTED_EDGE('',*,*,#7613,.T.);
#7631=EDGE_LOOP('',(#7626,#7628,#7629,#7630));
#7632=FACE_OUTER_BOUND('',#7631,.F.);
#7633=ADVANCED_FACE('',(#7632),#7625,.F.);
#7634=CARTESIAN_POINT('',(2.475E0,1.585E0,1.5E0));
#7635=DIRECTION('',(1.E0,0.E0,0.E0));
#7636=DIRECTION('',(0.E0,0.E0,-1.E0));
#7637=AXIS2_PLACEMENT_3D('',#7634,#7635,#7636);
#7638=PLANE('',#7637);
#7639=ORIENTED_EDGE('',*,*,#4640,.T.);
#7641=ORIENTED_EDGE('',*,*,#7640,.F.);
#7642=ORIENTED_EDGE('',*,*,#4095,.F.);
#7643=ORIENTED_EDGE('',*,*,#7627,.T.);
#7644=EDGE_LOOP('',(#7639,#7641,#7642,#7643));
#7645=FACE_OUTER_BOUND('',#7644,.F.);
#7646=ADVANCED_FACE('',(#7645),#7638,.F.);
#7647=CARTESIAN_POINT('',(2.475E0,1.585E0,-1.5E0));
#7648=DIRECTION('',(0.E0,0.E0,-1.E0));
#7649=DIRECTION('',(-1.E0,0.E0,0.E0));
#7650=AXIS2_PLACEMENT_3D('',#7647,#7648,#7649);
#7651=PLANE('',#7650);
#7652=ORIENTED_EDGE('',*,*,#4638,.T.);
#7653=ORIENTED_EDGE('',*,*,#7616,.F.);
#7654=ORIENTED_EDGE('',*,*,#4097,.F.);
#7655=ORIENTED_EDGE('',*,*,#7640,.T.);
#7656=EDGE_LOOP('',(#7652,#7653,#7654,#7655));
#7657=FACE_OUTER_BOUND('',#7656,.F.);
#7658=ADVANCED_FACE('',(#7657),#7651,.F.);
#7659=CARTESIAN_POINT('',(5.415E0,1.585E0,-1.5E0));
#7660=DIRECTION('',(-1.E0,0.E0,0.E0));
#7661=DIRECTION('',(0.E0,0.E0,1.E0));
#7662=AXIS2_PLACEMENT_3D('',#7659,#7660,#7661);
#7663=PLANE('',#7662);
#7664=ORIENTED_EDGE('',*,*,#4661,.T.);
#7666=ORIENTED_EDGE('',*,*,#7665,.F.);
#7667=ORIENTED_EDGE('',*,*,#3947,.F.);
#7669=ORIENTED_EDGE('',*,*,#7668,.T.);
#7670=EDGE_LOOP('',(#7664,#7666,#7667,#7669));
#7671=FACE_OUTER_BOUND('',#7670,.F.);
#7672=ADVANCED_FACE('',(#7671),#7663,.F.);
#7673=CARTESIAN_POINT('',(5.415E0,1.585E0,1.5E0));
#7674=DIRECTION('',(0.E0,0.E0,1.E0));
#7675=DIRECTION('',(1.E0,0.E0,0.E0));
#7676=AXIS2_PLACEMENT_3D('',#7673,#7674,#7675);
#7677=PLANE('',#7676);
#7678=ORIENTED_EDGE('',*,*,#4667,.T.);
#7680=ORIENTED_EDGE('',*,*,#7679,.F.);
#7681=ORIENTED_EDGE('',*,*,#3949,.F.);
#7682=ORIENTED_EDGE('',*,*,#7665,.T.);
#7683=EDGE_LOOP('',(#7678,#7680,#7681,#7682));
#7684=FACE_OUTER_BOUND('',#7683,.F.);
#7685=ADVANCED_FACE('',(#7684),#7677,.F.);
#7686=CARTESIAN_POINT('',(6.435E0,1.585E0,1.5E0));
#7687=DIRECTION('',(1.E0,0.E0,0.E0));
#7688=DIRECTION('',(0.E0,0.E0,-1.E0));
#7689=AXIS2_PLACEMENT_3D('',#7686,#7687,#7688);
#7690=PLANE('',#7689);
#7691=ORIENTED_EDGE('',*,*,#4665,.T.);
#7693=ORIENTED_EDGE('',*,*,#7692,.F.);
#7694=ORIENTED_EDGE('',*,*,#3951,.F.);
#7695=ORIENTED_EDGE('',*,*,#7679,.T.);
#7696=EDGE_LOOP('',(#7691,#7693,#7694,#7695));
#7697=FACE_OUTER_BOUND('',#7696,.F.);
#7698=ADVANCED_FACE('',(#7697),#7690,.F.);
#7699=CARTESIAN_POINT('',(6.435E0,1.585E0,-1.5E0));
#7700=DIRECTION('',(0.E0,0.E0,-1.E0));
#7701=DIRECTION('',(-1.E0,0.E0,0.E0));
#7702=AXIS2_PLACEMENT_3D('',#7699,#7700,#7701);
#7703=PLANE('',#7702);
#7704=ORIENTED_EDGE('',*,*,#4663,.T.);
#7705=ORIENTED_EDGE('',*,*,#7668,.F.);
#7706=ORIENTED_EDGE('',*,*,#3953,.F.);
#7707=ORIENTED_EDGE('',*,*,#7692,.T.);
#7708=EDGE_LOOP('',(#7704,#7705,#7706,#7707));
#7709=FACE_OUTER_BOUND('',#7708,.F.);
#7710=ADVANCED_FACE('',(#7709),#7703,.F.);
#7711=CARTESIAN_POINT('',(9.375E0,1.585E0,-1.5E0));
#7712=DIRECTION('',(-1.E0,0.E0,0.E0));
#7713=DIRECTION('',(0.E0,0.E0,1.E0));
#7714=AXIS2_PLACEMENT_3D('',#7711,#7712,#7713);
#7715=PLANE('',#7714);
#7716=ORIENTED_EDGE('',*,*,#4686,.T.);
#7718=ORIENTED_EDGE('',*,*,#7717,.F.);
#7719=ORIENTED_EDGE('',*,*,#3921,.F.);
#7721=ORIENTED_EDGE('',*,*,#7720,.T.);
#7722=EDGE_LOOP('',(#7716,#7718,#7719,#7721));
#7723=FACE_OUTER_BOUND('',#7722,.F.);
#7724=ADVANCED_FACE('',(#7723),#7715,.F.);
#7725=CARTESIAN_POINT('',(9.375E0,1.585E0,1.5E0));
#7726=DIRECTION('',(0.E0,0.E0,1.E0));
#7727=DIRECTION('',(1.E0,0.E0,0.E0));
#7728=AXIS2_PLACEMENT_3D('',#7725,#7726,#7727);
#7729=PLANE('',#7728);
#7730=ORIENTED_EDGE('',*,*,#4692,.T.);
#7732=ORIENTED_EDGE('',*,*,#7731,.F.);
#7733=ORIENTED_EDGE('',*,*,#3923,.F.);
#7734=ORIENTED_EDGE('',*,*,#7717,.T.);
#7735=EDGE_LOOP('',(#7730,#7732,#7733,#7734));
#7736=FACE_OUTER_BOUND('',#7735,.F.);
#7737=ADVANCED_FACE('',(#7736),#7729,.F.);
#7738=CARTESIAN_POINT('',(1.0395E1,1.585E0,1.5E0));
#7739=DIRECTION('',(1.E0,0.E0,0.E0));
#7740=DIRECTION('',(0.E0,0.E0,-1.E0));
#7741=AXIS2_PLACEMENT_3D('',#7738,#7739,#7740);
#7742=PLANE('',#7741);
#7743=ORIENTED_EDGE('',*,*,#4690,.T.);
#7745=ORIENTED_EDGE('',*,*,#7744,.F.);
#7746=ORIENTED_EDGE('',*,*,#3925,.F.);
#7747=ORIENTED_EDGE('',*,*,#7731,.T.);
#7748=EDGE_LOOP('',(#7743,#7745,#7746,#7747));
#7749=FACE_OUTER_BOUND('',#7748,.F.);
#7750=ADVANCED_FACE('',(#7749),#7742,.F.);
#7751=CARTESIAN_POINT('',(1.0395E1,1.585E0,-1.5E0));
#7752=DIRECTION('',(0.E0,0.E0,-1.E0));
#7753=DIRECTION('',(-1.E0,0.E0,0.E0));
#7754=AXIS2_PLACEMENT_3D('',#7751,#7752,#7753);
#7755=PLANE('',#7754);
#7756=ORIENTED_EDGE('',*,*,#4688,.T.);
#7757=ORIENTED_EDGE('',*,*,#7720,.F.);
#7758=ORIENTED_EDGE('',*,*,#3927,.F.);
#7759=ORIENTED_EDGE('',*,*,#7744,.T.);
#7760=EDGE_LOOP('',(#7756,#7757,#7758,#7759));
#7761=FACE_OUTER_BOUND('',#7760,.F.);
#7762=ADVANCED_FACE('',(#7761),#7755,.F.);
#7763=CARTESIAN_POINT('',(1.3335E1,1.585E0,-1.5E0));
#7764=DIRECTION('',(-1.E0,0.E0,0.E0));
#7765=DIRECTION('',(0.E0,0.E0,1.E0));
#7766=AXIS2_PLACEMENT_3D('',#7763,#7764,#7765);
#7767=PLANE('',#7766);
#7768=ORIENTED_EDGE('',*,*,#4711,.T.);
#7770=ORIENTED_EDGE('',*,*,#7769,.F.);
#7771=ORIENTED_EDGE('',*,*,#4123,.F.);
#7773=ORIENTED_EDGE('',*,*,#7772,.T.);
#7774=EDGE_LOOP('',(#7768,#7770,#7771,#7773));
#7775=FACE_OUTER_BOUND('',#7774,.F.);
#7776=ADVANCED_FACE('',(#7775),#7767,.F.);
#7777=CARTESIAN_POINT('',(1.3335E1,1.585E0,1.5E0));
#7778=DIRECTION('',(0.E0,0.E0,1.E0));
#7779=DIRECTION('',(1.E0,0.E0,0.E0));
#7780=AXIS2_PLACEMENT_3D('',#7777,#7778,#7779);
#7781=PLANE('',#7780);
#7782=ORIENTED_EDGE('',*,*,#4717,.T.);
#7784=ORIENTED_EDGE('',*,*,#7783,.F.);
#7785=ORIENTED_EDGE('',*,*,#4125,.F.);
#7786=ORIENTED_EDGE('',*,*,#7769,.T.);
#7787=EDGE_LOOP('',(#7782,#7784,#7785,#7786));
#7788=FACE_OUTER_BOUND('',#7787,.F.);
#7789=ADVANCED_FACE('',(#7788),#7781,.F.);
#7790=CARTESIAN_POINT('',(1.4355E1,1.585E0,1.5E0));
#7791=DIRECTION('',(1.E0,0.E0,0.E0));
#7792=DIRECTION('',(0.E0,0.E0,-1.E0));
#7793=AXIS2_PLACEMENT_3D('',#7790,#7791,#7792);
#7794=PLANE('',#7793);
#7795=ORIENTED_EDGE('',*,*,#4715,.T.);
#7797=ORIENTED_EDGE('',*,*,#7796,.F.);
#7798=ORIENTED_EDGE('',*,*,#4127,.F.);
#7799=ORIENTED_EDGE('',*,*,#7783,.T.);
#7800=EDGE_LOOP('',(#7795,#7797,#7798,#7799));
#7801=FACE_OUTER_BOUND('',#7800,.F.);
#7802=ADVANCED_FACE('',(#7801),#7794,.F.);
#7803=CARTESIAN_POINT('',(1.4355E1,1.585E0,-1.5E0));
#7804=DIRECTION('',(0.E0,0.E0,-1.E0));
#7805=DIRECTION('',(-1.E0,0.E0,0.E0));
#7806=AXIS2_PLACEMENT_3D('',#7803,#7804,#7805);
#7807=PLANE('',#7806);
#7808=ORIENTED_EDGE('',*,*,#4713,.T.);
#7809=ORIENTED_EDGE('',*,*,#7772,.F.);
#7810=ORIENTED_EDGE('',*,*,#4129,.F.);
#7811=ORIENTED_EDGE('',*,*,#7796,.T.);
#7812=EDGE_LOOP('',(#7808,#7809,#7810,#7811));
#7813=FACE_OUTER_BOUND('',#7812,.F.);
#7814=ADVANCED_FACE('',(#7813),#7807,.F.);
#7815=CARTESIAN_POINT('',(1.7295E1,1.585E0,-1.5E0));
#7816=DIRECTION('',(-1.E0,0.E0,0.E0));
#7817=DIRECTION('',(0.E0,0.E0,1.E0));
#7818=AXIS2_PLACEMENT_3D('',#7815,#7816,#7817);
#7819=PLANE('',#7818);
#7820=ORIENTED_EDGE('',*,*,#4750,.T.);
#7822=ORIENTED_EDGE('',*,*,#7821,.F.);
#7823=ORIENTED_EDGE('',*,*,#3869,.F.);
#7825=ORIENTED_EDGE('',*,*,#7824,.T.);
#7826=EDGE_LOOP('',(#7820,#7822,#7823,#7825));
#7827=FACE_OUTER_BOUND('',#7826,.F.);
#7828=ADVANCED_FACE('',(#7827),#7819,.F.);
#7829=CARTESIAN_POINT('',(1.7295E1,1.585E0,1.5E0));
#7830=DIRECTION('',(0.E0,0.E0,1.E0));
#7831=DIRECTION('',(1.E0,0.E0,0.E0));
#7832=AXIS2_PLACEMENT_3D('',#7829,#7830,#7831);
#7833=PLANE('',#7832);
#7834=ORIENTED_EDGE('',*,*,#4756,.T.);
#7836=ORIENTED_EDGE('',*,*,#7835,.F.);
#7837=ORIENTED_EDGE('',*,*,#3871,.F.);
#7838=ORIENTED_EDGE('',*,*,#7821,.T.);
#7839=EDGE_LOOP('',(#7834,#7836,#7837,#7838));
#7840=FACE_OUTER_BOUND('',#7839,.F.);
#7841=ADVANCED_FACE('',(#7840),#7833,.F.);
#7842=CARTESIAN_POINT('',(1.8315E1,1.585E0,1.5E0));
#7843=DIRECTION('',(1.E0,0.E0,0.E0));
#7844=DIRECTION('',(0.E0,0.E0,-1.E0));
#7845=AXIS2_PLACEMENT_3D('',#7842,#7843,#7844);
#7846=PLANE('',#7845);
#7847=ORIENTED_EDGE('',*,*,#4754,.T.);
#7849=ORIENTED_EDGE('',*,*,#7848,.F.);
#7850=ORIENTED_EDGE('',*,*,#3873,.F.);
#7851=ORIENTED_EDGE('',*,*,#7835,.T.);
#7852=EDGE_LOOP('',(#7847,#7849,#7850,#7851));
#7853=FACE_OUTER_BOUND('',#7852,.F.);
#7854=ADVANCED_FACE('',(#7853),#7846,.F.);
#7855=CARTESIAN_POINT('',(1.8315E1,1.585E0,-1.5E0));
#7856=DIRECTION('',(0.E0,0.E0,-1.E0));
#7857=DIRECTION('',(-1.E0,0.E0,0.E0));
#7858=AXIS2_PLACEMENT_3D('',#7855,#7856,#7857);
#7859=PLANE('',#7858);
#7860=ORIENTED_EDGE('',*,*,#4752,.T.);
#7861=ORIENTED_EDGE('',*,*,#7824,.F.);
#7862=ORIENTED_EDGE('',*,*,#3875,.F.);
#7863=ORIENTED_EDGE('',*,*,#7848,.T.);
#7864=EDGE_LOOP('',(#7860,#7861,#7862,#7863));
#7865=FACE_OUTER_BOUND('',#7864,.F.);
#7866=ADVANCED_FACE('',(#7865),#7859,.F.);
#7867=CLOSED_SHELL('',(#3804,#3821,#3837,#3853,#3879,#3905,#3931,#3957,#3983,
#4009,#4035,#4068,#4101,#4133,#4169,#4205,#4240,#4269,#4284,#4298,#4313,#4327,
#4342,#4360,#4372,#4386,#4399,#4413,#4426,#4439,#4452,#4465,#4482,#4496,#4521,
#4546,#4571,#4596,#4621,#4646,#4671,#4696,#4721,#4735,#4760,#4774,#4939,#4952,
#4971,#4986,#5002,#5015,#5029,#5044,#5057,#5067,#5085,#5097,#5109,#5124,#5137,
#5147,#5159,#5172,#5191,#5203,#5219,#5234,#5253,#5266,#5279,#5294,#5307,#5317,
#5332,#5345,#5355,#5367,#5379,#5392,#5411,#5423,#5439,#5454,#5473,#5486,#5499,
#5514,#5527,#5537,#5552,#5565,#5575,#5587,#5599,#5612,#5631,#5643,#5659,#5674,
#5693,#5706,#5719,#5734,#5747,#5757,#5772,#5785,#5795,#5807,#5819,#5832,#5851,
#5863,#5879,#5894,#5913,#5926,#5939,#5954,#5967,#5977,#5992,#6005,#6015,#6027,
#6039,#6052,#6071,#6083,#6099,#6114,#6133,#6146,#6159,#6174,#6187,#6197,#6212,
#6225,#6235,#6247,#6259,#6272,#6291,#6303,#6319,#6334,#6353,#6366,#6379,#6394,
#6407,#6417,#6432,#6445,#6455,#6467,#6479,#6492,#6511,#6523,#6539,#6554,#6573,
#6586,#6599,#6614,#6627,#6637,#6652,#6665,#6675,#6687,#6699,#6712,#6731,#6743,
#6759,#6774,#6793,#6806,#6819,#6834,#6847,#6857,#6872,#6885,#6895,#6907,#6919,
#6932,#6951,#6963,#6979,#6994,#7013,#7026,#7039,#7054,#7067,#7077,#7092,#7105,
#7115,#7127,#7139,#7152,#7170,#7186,#7201,#7220,#7233,#7246,#7261,#7274,#7284,
#7299,#7312,#7322,#7334,#7346,#7360,#7373,#7386,#7398,#7412,#7425,#7438,#7450,
#7464,#7477,#7490,#7502,#7516,#7529,#7542,#7554,#7568,#7581,#7594,#7606,#7620,
#7633,#7646,#7658,#7672,#7685,#7698,#7710,#7724,#7737,#7750,#7762,#7776,#7789,
#7802,#7814,#7828,#7841,#7854,#7866));
#7868=MANIFOLD_SOLID_BREP('',#7867);
#7869=CARTESIAN_POINT('',(0.E0,0.E0,0.E0));
#7870=DIRECTION('',(0.E0,0.E0,1.E0));
#7871=DIRECTION('',(1.E0,0.E0,0.E0));
#7872=AXIS2_PLACEMENT_3D('CSYS',#7869,#7870,#7871);
#7873=DIRECTION('',(0.E0,1.E0,0.E0));
#7874=VECTOR('',#7873,1.905E1);
#7875=CARTESIAN_POINT('',(-1.9815E1,-6.035E0,0.E0));
#7876=LINE('',#7875,#7874);
#7879=DIRECTION('',(0.E0,1.E0,0.E0));
#7880=VECTOR('',#7879,1.905E1);
#7881=CARTESIAN_POINT('',(-1.5855E1,-6.035E0,0.E0));
#7882=LINE('',#7881,#7880);
#7884=DIRECTION('',(0.E0,1.E0,0.E0));
#7885=VECTOR('',#7884,1.905E1);
#7886=CARTESIAN_POINT('',(-1.1895E1,-6.035E0,0.E0));
#7887=LINE('',#7886,#7885);
#7889=DIRECTION('',(0.E0,1.E0,0.E0));
#7890=VECTOR('',#7889,1.905E1);
#7891=CARTESIAN_POINT('',(-7.935E0,-6.035E0,0.E0));
#7892=LINE('',#7891,#7890);
#7894=DIRECTION('',(0.E0,1.E0,0.E0));
#7895=VECTOR('',#7894,1.905E1);
#7896=CARTESIAN_POINT('',(-3.975E0,-6.035E0,0.E0));
#7897=LINE('',#7896,#7895);
#7899=DIRECTION('',(0.E0,1.E0,0.E0));
#7900=VECTOR('',#7899,1.905E1);
#7901=CARTESIAN_POINT('',(-1.5E-2,-6.035E0,0.E0));
#7902=LINE('',#7901,#7900);
#7904=DIRECTION('',(0.E0,1.E0,0.E0));
#7905=VECTOR('',#7904,1.905E1);
#7906=CARTESIAN_POINT('',(3.945E0,-6.035E0,0.E0));
#7907=LINE('',#7906,#7905);
#7909=DIRECTION('',(0.E0,1.E0,0.E0));
#7910=VECTOR('',#7909,1.905E1);
#7911=CARTESIAN_POINT('',(7.905E0,-6.035E0,0.E0));
#7912=LINE('',#7911,#7910);
#7914=DIRECTION('',(0.E0,1.E0,0.E0));
#7915=VECTOR('',#7914,1.905E1);
#7916=CARTESIAN_POINT('',(1.1865E1,-6.035E0,0.E0));
#7917=LINE('',#7916,#7915);
#7919=DIRECTION('',(0.E0,1.E0,0.E0));
#7920=VECTOR('',#7919,1.905E1);
#7921=CARTESIAN_POINT('',(1.5825E1,-6.035E0,0.E0));
#7922=LINE('',#7921,#7920);
#7924=DIRECTION('',(0.E0,1.E0,0.E0));
#7925=VECTOR('',#7924,1.905E1);
#7926=CARTESIAN_POINT('',(1.9785E1,-6.035E0,0.E0));
#7927=LINE('',#7926,#7925);
#7929=CARTESIAN_POINT('',(-1.9815E1,-1.585E0,0.E0));
#7930=DIRECTION('',(0.E0,-1.E0,0.E0));
#7931=DIRECTION('',(1.E0,0.E0,0.E0));
#7932=AXIS2_PLACEMENT_3D('',#7929,#7930,#7931);
#7936=CARTESIAN_POINT('',(-1.9815E1,-1.585E0,0.E0));
#7937=DIRECTION('',(0.E0,-1.E0,0.E0));
#7938=DIRECTION('',(-1.E0,0.E0,0.E0));
#7939=AXIS2_PLACEMENT_3D('',#7936,#7937,#7938);
#7944=CARTESIAN_POINT('',(-1.5855E1,-1.585E0,0.E0));
#7945=DIRECTION('',(0.E0,-1.E0,0.E0));
#7946=DIRECTION('',(1.E0,0.E0,0.E0));
#7947=AXIS2_PLACEMENT_3D('',#7944,#7945,#7946);
#7951=CARTESIAN_POINT('',(-1.5855E1,-1.585E0,0.E0));
#7952=DIRECTION('',(0.E0,-1.E0,0.E0));
#7953=DIRECTION('',(-1.E0,0.E0,0.E0));
#7954=AXIS2_PLACEMENT_3D('',#7951,#7952,#7953);
#7959=CARTESIAN_POINT('',(-1.1895E1,-1.585E0,0.E0));
#7960=DIRECTION('',(0.E0,-1.E0,0.E0));
#7961=DIRECTION('',(1.E0,0.E0,0.E0));
#7962=AXIS2_PLACEMENT_3D('',#7959,#7960,#7961);
#7966=CARTESIAN_POINT('',(-1.1895E1,-1.585E0,0.E0));
#7967=DIRECTION('',(0.E0,-1.E0,0.E0));
#7968=DIRECTION('',(-1.E0,0.E0,0.E0));
#7969=AXIS2_PLACEMENT_3D('',#7966,#7967,#7968);
#7974=CARTESIAN_POINT('',(-7.935E0,-1.585E0,0.E0));
#7975=DIRECTION('',(0.E0,-1.E0,0.E0));
#7976=DIRECTION('',(1.E0,0.E0,0.E0));
#7977=AXIS2_PLACEMENT_3D('',#7974,#7975,#7976);
#7981=CARTESIAN_POINT('',(-7.935E0,-1.585E0,0.E0));
#7982=DIRECTION('',(0.E0,-1.E0,0.E0));
#7983=DIRECTION('',(-1.E0,0.E0,0.E0));
#7984=AXIS2_PLACEMENT_3D('',#7981,#7982,#7983);
#7989=CARTESIAN_POINT('',(-3.975E0,-1.585E0,0.E0));
#7990=DIRECTION('',(0.E0,-1.E0,0.E0));
#7991=DIRECTION('',(1.E0,0.E0,0.E0));
#7992=AXIS2_PLACEMENT_3D('',#7989,#7990,#7991);
#7996=CARTESIAN_POINT('',(-3.975E0,-1.585E0,0.E0));
#7997=DIRECTION('',(0.E0,-1.E0,0.E0));
#7998=DIRECTION('',(-1.E0,0.E0,0.E0));
#7999=AXIS2_PLACEMENT_3D('',#7996,#7997,#7998);
#8004=CARTESIAN_POINT('',(-1.5E-2,-1.585E0,0.E0));
#8005=DIRECTION('',(0.E0,-1.E0,0.E0));
#8006=DIRECTION('',(1.E0,0.E0,0.E0));
#8007=AXIS2_PLACEMENT_3D('',#8004,#8005,#8006);
#8011=CARTESIAN_POINT('',(-1.5E-2,-1.585E0,0.E0));
#8012=DIRECTION('',(0.E0,-1.E0,0.E0));
#8013=DIRECTION('',(-1.E0,0.E0,0.E0));
#8014=AXIS2_PLACEMENT_3D('',#8011,#8012,#8013);
#8019=CARTESIAN_POINT('',(3.945E0,-1.585E0,0.E0));
#8020=DIRECTION('',(0.E0,-1.E0,0.E0));
#8021=DIRECTION('',(1.E0,0.E0,0.E0));
#8022=AXIS2_PLACEMENT_3D('',#8019,#8020,#8021);
#8026=CARTESIAN_POINT('',(3.945E0,-1.585E0,0.E0));
#8027=DIRECTION('',(0.E0,-1.E0,0.E0));
#8028=DIRECTION('',(-1.E0,0.E0,0.E0));
#8029=AXIS2_PLACEMENT_3D('',#8026,#8027,#8028);
#8034=CARTESIAN_POINT('',(7.905E0,-1.585E0,0.E0));
#8035=DIRECTION('',(0.E0,-1.E0,0.E0));
#8036=DIRECTION('',(1.E0,0.E0,0.E0));
#8037=AXIS2_PLACEMENT_3D('',#8034,#8035,#8036);
#8041=CARTESIAN_POINT('',(7.905E0,-1.585E0,0.E0));
#8042=DIRECTION('',(0.E0,-1.E0,0.E0));
#8043=DIRECTION('',(-1.E0,0.E0,0.E0));
#8044=AXIS2_PLACEMENT_3D('',#8041,#8042,#8043);
#8049=CARTESIAN_POINT('',(1.1865E1,-1.585E0,0.E0));
#8050=DIRECTION('',(0.E0,-1.E0,0.E0));
#8051=DIRECTION('',(1.E0,0.E0,0.E0));
#8052=AXIS2_PLACEMENT_3D('',#8049,#8050,#8051);
#8056=CARTESIAN_POINT('',(1.1865E1,-1.585E0,0.E0));
#8057=DIRECTION('',(0.E0,-1.E0,0.E0));
#8058=DIRECTION('',(-1.E0,0.E0,0.E0));
#8059=AXIS2_PLACEMENT_3D('',#8056,#8057,#8058);
#8064=CARTESIAN_POINT('',(1.5825E1,-1.585E0,0.E0));
#8065=DIRECTION('',(0.E0,-1.E0,0.E0));
#8066=DIRECTION('',(1.E0,0.E0,0.E0));
#8067=AXIS2_PLACEMENT_3D('',#8064,#8065,#8066);
#8071=CARTESIAN_POINT('',(1.5825E1,-1.585E0,0.E0));
#8072=DIRECTION('',(0.E0,-1.E0,0.E0));
#8073=DIRECTION('',(-1.E0,0.E0,0.E0));
#8074=AXIS2_PLACEMENT_3D('',#8071,#8072,#8073);
#8079=CARTESIAN_POINT('',(1.9785E1,-1.585E0,0.E0));
#8080=DIRECTION('',(0.E0,-1.E0,0.E0));
#8081=DIRECTION('',(1.E0,0.E0,0.E0));
#8082=AXIS2_PLACEMENT_3D('',#8079,#8080,#8081);
#8086=CARTESIAN_POINT('',(1.9785E1,-1.585E0,0.E0));
#8087=DIRECTION('',(0.E0,-1.E0,0.E0));
#8088=DIRECTION('',(-1.E0,0.E0,0.E0));
#8089=AXIS2_PLACEMENT_3D('',#8086,#8087,#8088);
#8095=DIMENSIONAL_EXPONENTS(0.E0,0.E0,0.E0,0.E0,0.E0,0.E0,0.E0);
#8097=PLANE_ANGLE_MEASURE_WITH_UNIT(PLANE_ANGLE_MEASURE(1.745329251994E-2),
#8096);
#8098=(CONVERSION_BASED_UNIT('DEGREE',#8097)NAMED_UNIT(*)PLANE_ANGLE_UNIT());
#8100=UNCERTAINTY_MEASURE_WITH_UNIT(LENGTH_MEASURE(4.807370250393E-3),#8094,
'closure',
'Maximum model space distance between geometric entities at asserted connectivities');
#8101=(GEOMETRIC_REPRESENTATION_CONTEXT(3)GLOBAL_UNCERTAINTY_ASSIGNED_CONTEXT((
#8100))GLOBAL_UNIT_ASSIGNED_CONTEXT((#8094,#8098,#8099))REPRESENTATION_CONTEXT(
'ID1','3'));
#7878=GEOMETRIC_SET('',(#7877,#7883,#7888,#7893,#7898,#7903,#7908,#7913,#7918,
#7923,#7928,#7943,#7958,#7973,#7988,#8003,#8018,#8033,#8048,#8063,#8078,#8093));
#8105=SHAPE_REPRESENTATION_RELATIONSHIP('','',#8104,#8102);
#8106=SHAPE_REPRESENTATION_RELATIONSHIP('','',#8104,#8103);
#8107=APPLICATION_CONTEXT(
'CONFIGURATION CONTROLLED 3D DESIGNS OF MECHANICAL PARTS AND ASSEMBLIES');
#8108=APPLICATION_PROTOCOL_DEFINITION('international standard',
'config_control_design',1994,#8107);
#8109=DESIGN_CONTEXT('',#8107,'design');
#8110=MECHANICAL_CONTEXT('',#8107,'mechanical');
#8111=PRODUCT('026192111','026192111','NOT SPECIFIED',(#8110));
#8112=PRODUCT_DEFINITION_FORMATION_WITH_SPECIFIED_SOURCE('1','LAST_VERSION',
#8111,.MADE.);
#8116=PRODUCT_CATEGORY('part','');
#8117=PRODUCT_RELATED_PRODUCT_CATEGORY('detail','',(#8111));
#8118=PRODUCT_CATEGORY_RELATIONSHIP('','',#8116,#8117);
#8119=SECURITY_CLASSIFICATION_LEVEL('unclassified');
#8120=SECURITY_CLASSIFICATION('','',#8119);
#8121=CC_DESIGN_SECURITY_CLASSIFICATION(#8120,(#8112));
#8122=APPROVAL_STATUS('approved');
#8123=APPROVAL(#8122,'');
#8124=CC_DESIGN_APPROVAL(#8123,(#8120,#8112,#8113));
#8125=CALENDAR_DATE(114,8,9);
#8126=COORDINATED_UNIVERSAL_TIME_OFFSET(5,30,.AHEAD.);
#8127=LOCAL_TIME(15,55,3.7E1,#8126);
#8128=DATE_AND_TIME(#8125,#8127);
#8129=APPROVAL_DATE_TIME(#8128,#8123);
#8130=DATE_TIME_ROLE('creation_date');
#8131=CC_DESIGN_DATE_AND_TIME_ASSIGNMENT(#8128,#8130,(#8113));
#8132=DATE_TIME_ROLE('classification_date');
#8133=CC_DESIGN_DATE_AND_TIME_ASSIGNMENT(#8128,#8132,(#8120));
#8134=PERSON('UNSPECIFIED','UNSPECIFIED',$,$,$,$);
#8135=ORGANIZATION('UNSPECIFIED','UNSPECIFIED','UNSPECIFIED');
#8136=PERSON_AND_ORGANIZATION(#8134,#8135);
#8137=APPROVAL_ROLE('approver');
#8138=APPROVAL_PERSON_ORGANIZATION(#8136,#8123,#8137);
#8139=PERSON_AND_ORGANIZATION_ROLE('creator');
#8140=CC_DESIGN_PERSON_AND_ORGANIZATION_ASSIGNMENT(#8136,#8139,(#8112,#8113));
#8141=PERSON_AND_ORGANIZATION_ROLE('design_supplier');
#8142=CC_DESIGN_PERSON_AND_ORGANIZATION_ASSIGNMENT(#8136,#8141,(#8112));
#8143=PERSON_AND_ORGANIZATION_ROLE('classification_officer');
#8144=CC_DESIGN_PERSON_AND_ORGANIZATION_ASSIGNMENT(#8136,#8143,(#8120));
#8145=PERSON_AND_ORGANIZATION_ROLE('design_owner');
#8146=CC_DESIGN_PERSON_AND_ORGANIZATION_ASSIGNMENT(#8136,#8145,(#8111));
#1345=CIRCLE('',#1344,5.7E-1);
#1350=CIRCLE('',#1349,5.7E-1);
#1363=CIRCLE('',#1362,5.7E-1);
#1380=CIRCLE('',#1379,5.7E-1);
#1393=CIRCLE('',#1392,5.7E-1);
#1402=CIRCLE('',#1401,5.7E-1);
#1407=CIRCLE('',#1406,2.3E-1);
#1412=CIRCLE('',#1411,2.3E-1);
#1421=CIRCLE('',#1420,5.7E-1);
#1426=CIRCLE('',#1425,5.7E-1);
#1439=CIRCLE('',#1438,2.3E-1);
#1448=CIRCLE('',#1447,2.3E-1);
#1465=CIRCLE('',#1464,5.7E-1);
#1470=CIRCLE('',#1469,5.7E-1);
#1479=CIRCLE('',#1478,5.7E-1);
#1484=CIRCLE('',#1483,5.7E-1);
#1489=CIRCLE('',#1488,5.7E-1);
#1514=CIRCLE('',#1513,5.7E-1);
#1527=CIRCLE('',#1526,5.7E-1);
#1536=CIRCLE('',#1535,5.7E-1);
#1541=CIRCLE('',#1540,2.3E-1);
#1546=CIRCLE('',#1545,2.3E-1);
#1555=CIRCLE('',#1554,2.3E-1);
#1564=CIRCLE('',#1563,2.3E-1);
#1585=CIRCLE('',#1584,5.7E-1);
#1590=CIRCLE('',#1589,5.7E-1);
#1599=CIRCLE('',#1598,5.7E-1);
#1604=CIRCLE('',#1603,5.7E-1);
#1609=CIRCLE('',#1608,5.7E-1);
#1634=CIRCLE('',#1633,5.7E-1);
#1647=CIRCLE('',#1646,5.7E-1);
#1656=CIRCLE('',#1655,5.7E-1);
#1661=CIRCLE('',#1660,2.3E-1);
#1666=CIRCLE('',#1665,2.3E-1);
#1675=CIRCLE('',#1674,2.3E-1);
#1684=CIRCLE('',#1683,2.3E-1);
#1705=CIRCLE('',#1704,5.7E-1);
#1710=CIRCLE('',#1709,5.7E-1);
#1719=CIRCLE('',#1718,5.7E-1);
#1724=CIRCLE('',#1723,5.7E-1);
#1729=CIRCLE('',#1728,5.7E-1);
#1754=CIRCLE('',#1753,5.7E-1);
#1767=CIRCLE('',#1766,5.7E-1);
#1776=CIRCLE('',#1775,5.7E-1);
#1781=CIRCLE('',#1780,2.3E-1);
#1786=CIRCLE('',#1785,2.3E-1);
#1795=CIRCLE('',#1794,2.3E-1);
#1804=CIRCLE('',#1803,2.3E-1);
#1825=CIRCLE('',#1824,5.7E-1);
#1830=CIRCLE('',#1829,5.7E-1);
#1839=CIRCLE('',#1838,5.7E-1);
#1844=CIRCLE('',#1843,5.7E-1);
#1849=CIRCLE('',#1848,5.7E-1);
#1874=CIRCLE('',#1873,5.7E-1);
#1887=CIRCLE('',#1886,5.7E-1);
#1896=CIRCLE('',#1895,5.7E-1);
#1901=CIRCLE('',#1900,2.3E-1);
#1906=CIRCLE('',#1905,2.3E-1);
#1915=CIRCLE('',#1914,2.3E-1);
#1924=CIRCLE('',#1923,2.3E-1);
#1945=CIRCLE('',#1944,5.7E-1);
#1950=CIRCLE('',#1949,5.7E-1);
#1959=CIRCLE('',#1958,5.7E-1);
#1964=CIRCLE('',#1963,5.7E-1);
#1969=CIRCLE('',#1968,5.7E-1);
#1994=CIRCLE('',#1993,5.7E-1);
#2007=CIRCLE('',#2006,5.7E-1);
#2016=CIRCLE('',#2015,5.7E-1);
#2021=CIRCLE('',#2020,2.3E-1);
#2026=CIRCLE('',#2025,2.3E-1);
#2035=CIRCLE('',#2034,2.3E-1);
#2044=CIRCLE('',#2043,2.3E-1);
#2065=CIRCLE('',#2064,5.7E-1);
#2070=CIRCLE('',#2069,5.7E-1);
#2079=CIRCLE('',#2078,5.7E-1);
#2084=CIRCLE('',#2083,5.7E-1);
#2089=CIRCLE('',#2088,5.7E-1);
#2114=CIRCLE('',#2113,5.7E-1);
#2127=CIRCLE('',#2126,5.7E-1);
#2136=CIRCLE('',#2135,5.7E-1);
#2141=CIRCLE('',#2140,2.3E-1);
#2146=CIRCLE('',#2145,2.3E-1);
#2155=CIRCLE('',#2154,2.3E-1);
#2164=CIRCLE('',#2163,2.3E-1);
#2185=CIRCLE('',#2184,5.7E-1);
#2190=CIRCLE('',#2189,5.7E-1);
#2199=CIRCLE('',#2198,5.7E-1);
#2204=CIRCLE('',#2203,5.7E-1);
#2209=CIRCLE('',#2208,5.7E-1);
#2234=CIRCLE('',#2233,5.7E-1);
#2247=CIRCLE('',#2246,5.7E-1);
#2256=CIRCLE('',#2255,5.7E-1);
#2261=CIRCLE('',#2260,2.3E-1);
#2266=CIRCLE('',#2265,2.3E-1);
#2275=CIRCLE('',#2274,2.3E-1);
#2284=CIRCLE('',#2283,2.3E-1);
#2305=CIRCLE('',#2304,5.7E-1);
#2310=CIRCLE('',#2309,5.7E-1);
#2319=CIRCLE('',#2318,5.7E-1);
#2324=CIRCLE('',#2323,5.7E-1);
#2329=CIRCLE('',#2328,5.7E-1);
#2354=CIRCLE('',#2353,5.7E-1);
#2367=CIRCLE('',#2366,5.7E-1);
#2376=CIRCLE('',#2375,5.7E-1);
#2381=CIRCLE('',#2380,2.3E-1);
#2386=CIRCLE('',#2385,2.3E-1);
#2395=CIRCLE('',#2394,2.3E-1);
#2404=CIRCLE('',#2403,2.3E-1);
#2425=CIRCLE('',#2424,5.7E-1);
#2430=CIRCLE('',#2429,5.7E-1);
#2439=CIRCLE('',#2438,5.7E-1);
#2444=CIRCLE('',#2443,5.7E-1);
#2449=CIRCLE('',#2448,5.7E-1);
#2474=CIRCLE('',#2473,5.7E-1);
#2487=CIRCLE('',#2486,5.7E-1);
#2496=CIRCLE('',#2495,5.7E-1);
#2501=CIRCLE('',#2500,2.3E-1);
#2506=CIRCLE('',#2505,2.3E-1);
#2515=CIRCLE('',#2514,2.3E-1);
#2524=CIRCLE('',#2523,2.3E-1);
#2545=CIRCLE('',#2544,5.7E-1);
#2550=CIRCLE('',#2549,5.7E-1);
#2555=CIRCLE('',#2554,5.7E-1);
#2560=CIRCLE('',#2559,5.7E-1);
#2565=CIRCLE('',#2564,5.7E-1);
#2590=CIRCLE('',#2589,5.7E-1);
#2603=CIRCLE('',#2602,5.7E-1);
#2612=CIRCLE('',#2611,5.7E-1);
#2617=CIRCLE('',#2616,2.3E-1);
#2622=CIRCLE('',#2621,2.3E-1);
#2631=CIRCLE('',#2630,2.3E-1);
#2640=CIRCLE('',#2639,2.3E-1);
#3682=EDGE_CURVE('',#3659,#3660,#4,.T.);
#3684=EDGE_CURVE('',#3644,#3659,#676,.T.);
#3686=EDGE_CURVE('',#3644,#3642,#8,.T.);
#3688=EDGE_CURVE('',#3640,#3642,#12,.T.);
#3690=EDGE_CURVE('',#3639,#3640,#16,.T.);
#3692=EDGE_CURVE('',#2856,#3639,#664,.T.);
#3694=EDGE_CURVE('',#2856,#2854,#20,.T.);
#3696=EDGE_CURVE('',#2852,#2854,#24,.T.);
#3698=EDGE_CURVE('',#2851,#2852,#28,.T.);
#3700=EDGE_CURVE('',#2886,#2851,#652,.T.);
#3702=EDGE_CURVE('',#2822,#2886,#628,.T.);
#3704=EDGE_CURVE('',#2822,#2832,#32,.T.);
#3706=EDGE_CURVE('',#2832,#2830,#36,.T.);
#3708=EDGE_CURVE('',#2828,#2830,#40,.T.);
#3710=EDGE_CURVE('',#2827,#2828,#44,.T.);
#3712=EDGE_CURVE('',#2827,#2946,#48,.T.);
#3714=EDGE_CURVE('',#2946,#2944,#52,.T.);
#3716=EDGE_CURVE('',#2942,#2944,#56,.T.);
#3718=EDGE_CURVE('',#2941,#2942,#60,.T.);
#3720=EDGE_CURVE('',#2941,#2970,#64,.T.);
#3722=EDGE_CURVE('',#2970,#2968,#68,.T.);
#3724=EDGE_CURVE('',#2966,#2968,#72,.T.);
#3726=EDGE_CURVE('',#2965,#2966,#76,.T.);
#3728=EDGE_CURVE('',#2965,#2994,#80,.T.);
#3730=EDGE_CURVE('',#2994,#2992,#84,.T.);
#3732=EDGE_CURVE('',#2990,#2992,#88,.T.);
#3734=EDGE_CURVE('',#2989,#2990,#92,.T.);
#3736=EDGE_CURVE('',#2989,#3018,#96,.T.);
#3738=EDGE_CURVE('',#3018,#3016,#100,.T.);
#3740=EDGE_CURVE('',#3014,#3016,#104,.T.);
#3742=EDGE_CURVE('',#3013,#3014,#108,.T.);
#3744=EDGE_CURVE('',#3013,#3242,#112,.T.);
#3746=EDGE_CURVE('',#3242,#3240,#116,.T.);
#3748=EDGE_CURVE('',#3238,#3240,#120,.T.);
#3750=EDGE_CURVE('',#3237,#3238,#124,.T.);
#3752=EDGE_CURVE('',#3237,#3298,#128,.T.);
#3754=EDGE_CURVE('',#3298,#3296,#132,.T.);
#3756=EDGE_CURVE('',#3294,#3296,#136,.T.);
#3758=EDGE_CURVE('',#3293,#3294,#140,.T.);
#3760=EDGE_CURVE('',#3293,#3368,#144,.T.);
#3762=EDGE_CURVE('',#3368,#3366,#148,.T.);
#3764=EDGE_CURVE('',#3364,#3366,#152,.T.);
#3766=EDGE_CURVE('',#3363,#3364,#156,.T.);
#3768=EDGE_CURVE('',#3363,#3436,#160,.T.);
#3770=EDGE_CURVE('',#3436,#3434,#164,.T.);
#3772=EDGE_CURVE('',#3432,#3434,#168,.T.);
#3774=EDGE_CURVE('',#3431,#3432,#172,.T.);
#3776=EDGE_CURVE('',#3431,#3506,#176,.T.);
#3778=EDGE_CURVE('',#3506,#3504,#180,.T.);
#3780=EDGE_CURVE('',#3502,#3504,#184,.T.);
#3782=EDGE_CURVE('',#3501,#3502,#188,.T.);
#3784=EDGE_CURVE('',#3501,#3576,#192,.T.);
#3786=EDGE_CURVE('',#3576,#3574,#196,.T.);
#3788=EDGE_CURVE('',#3572,#3574,#200,.T.);
#3790=EDGE_CURVE('',#3571,#3572,#204,.T.);
#3792=EDGE_CURVE('',#3571,#2824,#208,.T.);
#3794=EDGE_CURVE('',#2824,#2879,#212,.T.);
#3796=EDGE_CURVE('',#3664,#2879,#684,.T.);
#3798=EDGE_CURVE('',#3664,#3662,#216,.T.);
#3800=EDGE_CURVE('',#3660,#3662,#220,.T.);
#3811=EDGE_CURVE('',#3674,#3660,#532,.T.);
#3813=EDGE_CURVE('',#3670,#3674,#568,.T.);
#3815=EDGE_CURVE('',#3666,#3670,#608,.T.);
#3817=EDGE_CURVE('',#3659,#3666,#668,.T.);
#3827=EDGE_CURVE('',#2891,#2892,#224,.T.);
#3829=EDGE_CURVE('',#2891,#2820,#228,.T.);
#3831=EDGE_CURVE('',#2820,#3584,#984,.T.);
#3833=EDGE_CURVE('',#2892,#3584,#232,.T.);
#3843=EDGE_CURVE('',#2894,#2815,#644,.T.);
#3845=EDGE_CURVE('',#2900,#2894,#236,.T.);
#3847=EDGE_CURVE('',#2900,#2835,#240,.T.);
#3849=EDGE_CURVE('',#2835,#2815,#1176,.T.);
#3859=EDGE_CURVE('',#2897,#2898,#244,.T.);
#3861=EDGE_CURVE('',#2897,#3579,#248,.T.);
#3863=EDGE_CURVE('',#3579,#3514,#1336,.T.);
#3865=EDGE_CURVE('',#2898,#3514,#252,.T.);
#3869=EDGE_CURVE('',#3631,#3632,#472,.T.);
#3871=EDGE_CURVE('',#3632,#3634,#476,.T.);
#3873=EDGE_CURVE('',#3634,#3636,#480,.T.);
#3875=EDGE_CURVE('',#3636,#3631,#484,.T.);
#3885=EDGE_CURVE('',#2902,#2840,#256,.T.);
#3887=EDGE_CURVE('',#3045,#2902,#260,.T.);
#3889=EDGE_CURVE('',#3045,#2949,#264,.T.);
#3891=EDGE_CURVE('',#2949,#2840,#1192,.T.);
#3895=EDGE_CURVE('',#2871,#2872,#328,.T.);
#3897=EDGE_CURVE('',#2872,#2874,#332,.T.);
#3899=EDGE_CURVE('',#2874,#2876,#336,.T.);
#3901=EDGE_CURVE('',#2876,#2871,#340,.T.);
#3911=EDGE_CURVE('',#3037,#3038,#268,.T.);
#3913=EDGE_CURVE('',#3037,#3439,#272,.T.);
#3915=EDGE_CURVE('',#3439,#3376,#1304,.T.);
#3917=EDGE_CURVE('',#3038,#3376,#276,.T.);
#3921=EDGE_CURVE('',#3493,#3494,#440,.T.);
#3923=EDGE_CURVE('',#3494,#3496,#444,.T.);
#3925=EDGE_CURVE('',#3496,#3498,#448,.T.);
#3927=EDGE_CURVE('',#3498,#3493,#452,.T.);
#3937=EDGE_CURVE('',#3041,#3042,#280,.T.);
#3939=EDGE_CURVE('',#3041,#3371,#284,.T.);
#3941=EDGE_CURVE('',#3371,#3306,#1288,.T.);
#3943=EDGE_CURVE('',#3042,#3306,#288,.T.);
#3947=EDGE_CURVE('',#3423,#3424,#424,.T.);
#3949=EDGE_CURVE('',#3424,#3426,#428,.T.);
#3951=EDGE_CURVE('',#3426,#3428,#432,.T.);
#3953=EDGE_CURVE('',#3428,#3423,#436,.T.);
#3963=EDGE_CURVE('',#3050,#2954,#292,.T.);
#3965=EDGE_CURVE('',#3053,#3050,#296,.T.);
#3967=EDGE_CURVE('',#3053,#2973,#300,.T.);
#3969=EDGE_CURVE('',#2973,#2954,#1208,.T.);
#3973=EDGE_CURVE('',#3181,#3182,#344,.T.);
#3975=EDGE_CURVE('',#3182,#3184,#348,.T.);
#3977=EDGE_CURVE('',#3184,#3186,#352,.T.);
#3979=EDGE_CURVE('',#3186,#3181,#356,.T.);
#3989=EDGE_CURVE('',#3066,#3002,#304,.T.);
#3991=EDGE_CURVE('',#3069,#3066,#308,.T.);
#3993=EDGE_CURVE('',#3069,#3021,#312,.T.);
#3995=EDGE_CURVE('',#3021,#3002,#1240,.T.);
#3999=EDGE_CURVE('',#3213,#3214,#376,.T.);
#4001=EDGE_CURVE('',#3214,#3216,#380,.T.);
#4003=EDGE_CURVE('',#3216,#3218,#384,.T.);
#4005=EDGE_CURVE('',#3218,#3213,#388,.T.);
#4015=EDGE_CURVE('',#3074,#3026,#316,.T.);
#4017=EDGE_CURVE('',#3284,#3074,#320,.T.);
#4019=EDGE_CURVE('',#3284,#3245,#324,.T.);
#4021=EDGE_CURVE('',#3245,#3026,#1256,.T.);
#4025=EDGE_CURVE('',#3229,#3230,#392,.T.);
#4027=EDGE_CURVE('',#3230,#3232,#396,.T.);
#4029=EDGE_CURVE('',#3232,#3234,#400,.T.);
#4031=EDGE_CURVE('',#3234,#3229,#404,.T.);
#4041=EDGE_CURVE('',#2858,#3058,#488,.T.);
#4043=EDGE_CURVE('',#2858,#2852,#492,.T.);
#4046=EDGE_CURVE('',#2860,#2854,#688,.T.);
#4048=EDGE_CURVE('',#3061,#2860,#496,.T.);
#4050=EDGE_CURVE('',#3061,#2997,#500,.T.);
#4052=EDGE_CURVE('',#2997,#2978,#1224,.T.);
#4054=EDGE_CURVE('',#3058,#2978,#504,.T.);
#4058=EDGE_CURVE('',#3197,#3198,#360,.T.);
#4060=EDGE_CURVE('',#3198,#3200,#364,.T.);
#4062=EDGE_CURVE('',#3200,#3202,#368,.T.);
#4064=EDGE_CURVE('',#3202,#3197,#372,.T.);
#4074=EDGE_CURVE('',#3654,#3290,#508,.T.);
#4076=EDGE_CURVE('',#3654,#3640,#512,.T.);
#4079=EDGE_CURVE('',#3656,#3642,#692,.T.);
#4081=EDGE_CURVE('',#3341,#3656,#516,.T.);
#4083=EDGE_CURVE('',#3341,#3301,#520,.T.);
#4085=EDGE_CURVE('',#3301,#3250,#1272,.T.);
#4087=EDGE_CURVE('',#3290,#3250,#524,.T.);
#4091=EDGE_CURVE('',#3355,#3356,#408,.T.);
#4093=EDGE_CURVE('',#3356,#3358,#412,.T.);
#4095=EDGE_CURVE('',#3358,#3360,#416,.T.);
#4097=EDGE_CURVE('',#3360,#3355,#420,.T.);
#4107=EDGE_CURVE('',#3674,#3482,#528,.T.);
#4111=EDGE_CURVE('',#3676,#3662,#696,.T.);
#4113=EDGE_CURVE('',#3549,#3676,#536,.T.);
#4115=EDGE_CURVE('',#3549,#3509,#540,.T.);
#4117=EDGE_CURVE('',#3509,#3444,#1320,.T.);
#4119=EDGE_CURVE('',#3482,#3444,#544,.T.);
#4123=EDGE_CURVE('',#3563,#3564,#456,.T.);
#4125=EDGE_CURVE('',#3564,#3566,#460,.T.);
#4127=EDGE_CURVE('',#3566,#3568,#464,.T.);
#4129=EDGE_CURVE('',#3568,#3563,#468,.T.);
#4139=EDGE_CURVE('',#2936,#2858,#548,.T.);
#4142=EDGE_CURVE('',#3056,#3058,#2408,.T.);
#4144=EDGE_CURVE('',#3054,#3056,#2333,.T.);
#4146=EDGE_CURVE('',#3053,#3054,#2416,.T.);
#4149=EDGE_CURVE('',#3048,#3050,#2528,.T.);
#4151=EDGE_CURVE('',#3046,#3048,#2453,.T.);
#4153=EDGE_CURVE('',#3045,#3046,#2536,.T.);
#4156=EDGE_CURVE('',#2930,#2902,#2648,.T.);
#4158=EDGE_CURVE('',#2928,#2930,#2569,.T.);
#4160=EDGE_CURVE('',#2900,#2928,#2652,.T.);
#4163=EDGE_CURVE('',#2888,#2894,#640,.T.);
#4165=EDGE_CURVE('',#2888,#2936,#552,.T.);
#4175=EDGE_CURVE('',#3650,#3654,#556,.T.);
#4178=EDGE_CURVE('',#3288,#3290,#2048,.T.);
#4180=EDGE_CURVE('',#3286,#3288,#1973,.T.);
#4182=EDGE_CURVE('',#3284,#3286,#2056,.T.);
#4185=EDGE_CURVE('',#3072,#3074,#2168,.T.);
#4187=EDGE_CURVE('',#3070,#3072,#2093,.T.);
#4189=EDGE_CURVE('',#3069,#3070,#2176,.T.);
#4192=EDGE_CURVE('',#3064,#3066,#2288,.T.);
#4194=EDGE_CURVE('',#3062,#3064,#2213,.T.);
#4196=EDGE_CURVE('',#3061,#3062,#2296,.T.);
#4199=EDGE_CURVE('',#2938,#2860,#560,.T.);
#4201=EDGE_CURVE('',#2938,#3650,#564,.T.);
#4213=EDGE_CURVE('',#3480,#3482,#1688,.T.);
#4215=EDGE_CURVE('',#3478,#3480,#1613,.T.);
#4217=EDGE_CURVE('',#3037,#3478,#1696,.T.);
#4220=EDGE_CURVE('',#3412,#3038,#1808,.T.);
#4222=EDGE_CURVE('',#3410,#3412,#1733,.T.);
#4224=EDGE_CURVE('',#3041,#3410,#1816,.T.);
#4227=EDGE_CURVE('',#3344,#3042,#1928,.T.);
#4229=EDGE_CURVE('',#3342,#3344,#1853,.T.);
#4231=EDGE_CURVE('',#3341,#3342,#1936,.T.);
#4234=EDGE_CURVE('',#3652,#3656,#572,.T.);
#4236=EDGE_CURVE('',#3652,#3670,#576,.T.);
#4246=EDGE_CURVE('',#3672,#3676,#580,.T.);
#4248=EDGE_CURVE('',#3672,#2882,#584,.T.);
#4250=EDGE_CURVE('',#2882,#2891,#700,.T.);
#4253=EDGE_CURVE('',#3620,#2892,#1452,.T.);
#4255=EDGE_CURVE('',#3618,#3620,#1354,.T.);
#4257=EDGE_CURVE('',#2897,#3618,#1340,.T.);
#4260=EDGE_CURVE('',#3552,#2898,#1568,.T.);
#4262=EDGE_CURVE('',#3550,#3552,#1493,.T.);
#4264=EDGE_CURVE('',#3549,#3550,#1576,.T.);
#4278=EDGE_CURVE('',#2932,#2936,#588,.T.);
#4280=EDGE_CURVE('',#2851,#2932,#648,.T.);
#4292=EDGE_CURVE('',#2888,#2885,#636,.T.);
#4294=EDGE_CURVE('',#2885,#2932,#592,.T.);
#4304=EDGE_CURVE('',#3646,#3650,#596,.T.);
#4307=EDGE_CURVE('',#2934,#2938,#600,.T.);
#4309=EDGE_CURVE('',#2934,#3646,#604,.T.);
#4321=EDGE_CURVE('',#3648,#3652,#612,.T.);
#4323=EDGE_CURVE('',#3648,#3666,#616,.T.);
#4333=EDGE_CURVE('',#3668,#3672,#620,.T.);
#4335=EDGE_CURVE('',#3668,#2880,#624,.T.);
#4337=EDGE_CURVE('',#2880,#2882,#704,.T.);
#4349=EDGE_CURVE('',#2885,#2886,#632,.T.);
#4354=EDGE_CURVE('',#2815,#2816,#1172,.T.);
#4356=EDGE_CURVE('',#2822,#2816,#720,.T.);
#4378=EDGE_CURVE('',#3639,#3646,#656,.T.);
#4381=EDGE_CURVE('',#2856,#2934,#660,.T.);
#4394=EDGE_CURVE('',#3644,#3648,#672,.T.);
#4405=EDGE_CURVE('',#3664,#3668,#680,.T.);
#4408=EDGE_CURVE('',#2879,#2880,#708,.T.);
#4476=EDGE_CURVE('',#2824,#2819,#712,.T.);
#4478=EDGE_CURVE('',#2819,#2820,#988,.T.);
#4488=EDGE_CURVE('',#2832,#2848,#716,.T.);
#4492=EDGE_CURVE('',#2816,#2848,#1168,.T.);
#4502=EDGE_CURVE('',#2946,#2962,#724,.T.);
#4505=EDGE_CURVE('',#2827,#2843,#728,.T.);
#4507=EDGE_CURVE('',#2843,#2962,#1152,.T.);
#4511=EDGE_CURVE('',#2863,#2864,#808,.T.);
#4513=EDGE_CURVE('',#2868,#2863,#812,.T.);
#4515=EDGE_CURVE('',#2866,#2868,#816,.T.);
#4517=EDGE_CURVE('',#2864,#2866,#820,.T.);
#4527=EDGE_CURVE('',#2970,#2986,#732,.T.);
#4530=EDGE_CURVE('',#2941,#2957,#736,.T.);
#4532=EDGE_CURVE('',#2957,#2986,#1136,.T.);
#4536=EDGE_CURVE('',#3173,#3174,#824,.T.);
#4538=EDGE_CURVE('',#3178,#3173,#828,.T.);
#4540=EDGE_CURVE('',#3176,#3178,#832,.T.);
#4542=EDGE_CURVE('',#3174,#3176,#836,.T.);
#4552=EDGE_CURVE('',#2994,#3010,#740,.T.);
#4555=EDGE_CURVE('',#2965,#2981,#744,.T.);
#4557=EDGE_CURVE('',#2981,#3010,#1120,.T.);
#4561=EDGE_CURVE('',#3189,#3190,#840,.T.);
#4563=EDGE_CURVE('',#3194,#3189,#844,.T.);
#4565=EDGE_CURVE('',#3192,#3194,#848,.T.);
#4567=EDGE_CURVE('',#3190,#3192,#852,.T.);
#4577=EDGE_CURVE('',#3018,#3034,#748,.T.);
#4580=EDGE_CURVE('',#2989,#3005,#752,.T.);
#4582=EDGE_CURVE('',#3005,#3034,#1104,.T.);
#4586=EDGE_CURVE('',#3205,#3206,#856,.T.);
#4588=EDGE_CURVE('',#3210,#3205,#860,.T.);
#4590=EDGE_CURVE('',#3208,#3210,#864,.T.);
#4592=EDGE_CURVE('',#3206,#3208,#868,.T.);
#4602=EDGE_CURVE('',#3242,#3258,#756,.T.);
#4605=EDGE_CURVE('',#3013,#3029,#760,.T.);
#4607=EDGE_CURVE('',#3029,#3258,#1088,.T.);
#4611=EDGE_CURVE('',#3221,#3222,#872,.T.);
#4613=EDGE_CURVE('',#3226,#3221,#876,.T.);
#4615=EDGE_CURVE('',#3224,#3226,#880,.T.);
#4617=EDGE_CURVE('',#3222,#3224,#884,.T.);
#4627=EDGE_CURVE('',#3298,#3314,#764,.T.);
#4630=EDGE_CURVE('',#3237,#3253,#768,.T.);
#4632=EDGE_CURVE('',#3253,#3314,#1072,.T.);
#4636=EDGE_CURVE('',#3347,#3348,#888,.T.);
#4638=EDGE_CURVE('',#3352,#3347,#892,.T.);
#4640=EDGE_CURVE('',#3350,#3352,#896,.T.);
#4642=EDGE_CURVE('',#3348,#3350,#900,.T.);
#4652=EDGE_CURVE('',#3368,#3384,#772,.T.);
#4655=EDGE_CURVE('',#3293,#3309,#776,.T.);
#4657=EDGE_CURVE('',#3309,#3384,#1056,.T.);
#4661=EDGE_CURVE('',#3415,#3416,#904,.T.);
#4663=EDGE_CURVE('',#3420,#3415,#908,.T.);
#4665=EDGE_CURVE('',#3418,#3420,#912,.T.);
#4667=EDGE_CURVE('',#3416,#3418,#916,.T.);
#4677=EDGE_CURVE('',#3436,#3452,#780,.T.);
#4680=EDGE_CURVE('',#3363,#3379,#784,.T.);
#4682=EDGE_CURVE('',#3379,#3452,#1040,.T.);
#4686=EDGE_CURVE('',#3485,#3486,#920,.T.);
#4688=EDGE_CURVE('',#3490,#3485,#924,.T.);
#4690=EDGE_CURVE('',#3488,#3490,#928,.T.);
#4692=EDGE_CURVE('',#3486,#3488,#932,.T.);
#4702=EDGE_CURVE('',#3506,#3522,#788,.T.);
#4705=EDGE_CURVE('',#3431,#3447,#792,.T.);
#4707=EDGE_CURVE('',#3447,#3522,#1024,.T.);
#4711=EDGE_CURVE('',#3555,#3556,#936,.T.);
#4713=EDGE_CURVE('',#3560,#3555,#940,.T.);
#4715=EDGE_CURVE('',#3558,#3560,#944,.T.);
#4717=EDGE_CURVE('',#3556,#3558,#948,.T.);
#4727=EDGE_CURVE('',#3571,#3587,#796,.T.);
#4729=EDGE_CURVE('',#3587,#2819,#992,.T.);
#4741=EDGE_CURVE('',#3576,#3592,#800,.T.);
#4744=EDGE_CURVE('',#3501,#3517,#804,.T.);
#4746=EDGE_CURVE('',#3517,#3592,#1008,.T.);
#4750=EDGE_CURVE('',#3623,#3624,#952,.T.);
#4752=EDGE_CURVE('',#3628,#3623,#956,.T.);
#4754=EDGE_CURVE('',#3626,#3628,#960,.T.);
#4756=EDGE_CURVE('',#3624,#3626,#964,.T.);
#4768=EDGE_CURVE('',#2848,#2846,#1164,.T.);
#4770=EDGE_CURVE('',#2846,#2830,#968,.T.);
#4780=EDGE_CURVE('',#3579,#3580,#972,.T.);
#4782=EDGE_CURVE('',#3580,#3582,#976,.T.);
#4784=EDGE_CURVE('',#3584,#3582,#980,.T.);
#4789=EDGE_CURVE('',#3587,#3588,#996,.T.);
#4791=EDGE_CURVE('',#3588,#3590,#1000,.T.);
#4793=EDGE_CURVE('',#3592,#3590,#1004,.T.);
#4796=EDGE_CURVE('',#3517,#3518,#1012,.T.);
#4798=EDGE_CURVE('',#3518,#3520,#1016,.T.);
#4800=EDGE_CURVE('',#3522,#3520,#1020,.T.);
#4803=EDGE_CURVE('',#3447,#3448,#1028,.T.);
#4805=EDGE_CURVE('',#3448,#3450,#1032,.T.);
#4807=EDGE_CURVE('',#3452,#3450,#1036,.T.);
#4810=EDGE_CURVE('',#3379,#3380,#1044,.T.);
#4812=EDGE_CURVE('',#3380,#3382,#1048,.T.);
#4814=EDGE_CURVE('',#3384,#3382,#1052,.T.);
#4817=EDGE_CURVE('',#3309,#3310,#1060,.T.);
#4819=EDGE_CURVE('',#3310,#3312,#1064,.T.);
#4821=EDGE_CURVE('',#3314,#3312,#1068,.T.);
#4824=EDGE_CURVE('',#3253,#3254,#1076,.T.);
#4826=EDGE_CURVE('',#3254,#3256,#1080,.T.);
#4828=EDGE_CURVE('',#3258,#3256,#1084,.T.);
#4831=EDGE_CURVE('',#3029,#3030,#1092,.T.);
#4833=EDGE_CURVE('',#3030,#3032,#1096,.T.);
#4835=EDGE_CURVE('',#3034,#3032,#1100,.T.);
#4838=EDGE_CURVE('',#3005,#3006,#1108,.T.);
#4840=EDGE_CURVE('',#3006,#3008,#1112,.T.);
#4842=EDGE_CURVE('',#3010,#3008,#1116,.T.);
#4845=EDGE_CURVE('',#2981,#2982,#1124,.T.);
#4847=EDGE_CURVE('',#2982,#2984,#1128,.T.);
#4849=EDGE_CURVE('',#2986,#2984,#1132,.T.);
#4852=EDGE_CURVE('',#2957,#2958,#1140,.T.);
#4854=EDGE_CURVE('',#2958,#2960,#1144,.T.);
#4856=EDGE_CURVE('',#2962,#2960,#1148,.T.);
#4859=EDGE_CURVE('',#2843,#2844,#1156,.T.);
#4861=EDGE_CURVE('',#2844,#2846,#1160,.T.);
#4867=EDGE_CURVE('',#2835,#2836,#1180,.T.);
#4869=EDGE_CURVE('',#2836,#2838,#1184,.T.);
#4871=EDGE_CURVE('',#2840,#2838,#1188,.T.);
#4874=EDGE_CURVE('',#2949,#2950,#1196,.T.);
#4876=EDGE_CURVE('',#2950,#2952,#1200,.T.);
#4878=EDGE_CURVE('',#2954,#2952,#1204,.T.);
#4881=EDGE_CURVE('',#2973,#2974,#1212,.T.);
#4883=EDGE_CURVE('',#2974,#2976,#1216,.T.);
#4885=EDGE_CURVE('',#2978,#2976,#1220,.T.);
#4888=EDGE_CURVE('',#2997,#2998,#1228,.T.);
#4890=EDGE_CURVE('',#2998,#3000,#1232,.T.);
#4892=EDGE_CURVE('',#3002,#3000,#1236,.T.);
#4895=EDGE_CURVE('',#3021,#3022,#1244,.T.);
#4897=EDGE_CURVE('',#3022,#3024,#1248,.T.);
#4899=EDGE_CURVE('',#3026,#3024,#1252,.T.);
#4902=EDGE_CURVE('',#3245,#3246,#1260,.T.);
#4904=EDGE_CURVE('',#3246,#3248,#1264,.T.);
#4906=EDGE_CURVE('',#3250,#3248,#1268,.T.);
#4909=EDGE_CURVE('',#3301,#3302,#1276,.T.);
#4911=EDGE_CURVE('',#3302,#3304,#1280,.T.);
#4913=EDGE_CURVE('',#3306,#3304,#1284,.T.);
#4916=EDGE_CURVE('',#3371,#3372,#1292,.T.);
#4918=EDGE_CURVE('',#3372,#3374,#1296,.T.);
#4920=EDGE_CURVE('',#3376,#3374,#1300,.T.);
#4923=EDGE_CURVE('',#3439,#3440,#1308,.T.);
#4925=EDGE_CURVE('',#3440,#3442,#1312,.T.);
#4927=EDGE_CURVE('',#3444,#3442,#1316,.T.);
#4930=EDGE_CURVE('',#3509,#3510,#1324,.T.);
#4932=EDGE_CURVE('',#3510,#3512,#1328,.T.);
#4934=EDGE_CURVE('',#3514,#3512,#1332,.T.);
#4946=EDGE_CURVE('',#3580,#3618,#1358,.T.);
#4959=EDGE_CURVE('',#3582,#3620,#1456,.T.);
#4965=EDGE_CURVE('',#3611,#3612,#1345,.T.);
#4967=EDGE_CURVE('',#3612,#3611,#1350,.T.);
#4978=EDGE_CURVE('',#3611,#3599,#1371,.T.);
#4980=EDGE_CURVE('',#3599,#3607,#1402,.T.);
#4982=EDGE_CURVE('',#3612,#3607,#1367,.T.);
#4992=EDGE_CURVE('',#3615,#3616,#1421,.T.);
#4994=EDGE_CURVE('',#3604,#3616,#1384,.T.);
#4996=EDGE_CURVE('',#3596,#3604,#1363,.T.);
#4998=EDGE_CURVE('',#3596,#3615,#1375,.T.);
#5010=EDGE_CURVE('',#3599,#3607,#1393,.T.);
#5021=EDGE_CURVE('',#3616,#3615,#1426,.T.);
#5024=EDGE_CURVE('',#3596,#3604,#1380,.T.);
#5035=EDGE_CURVE('',#3599,#3600,#1388,.T.);
#5038=EDGE_CURVE('',#3607,#3608,#1397,.T.);
#5040=EDGE_CURVE('',#3600,#3608,#1407,.T.);
#5051=EDGE_CURVE('',#3600,#3608,#1412,.T.);
#5074=EDGE_CURVE('',#3590,#3574,#1430,.T.);
#5077=EDGE_CURVE('',#3588,#3572,#1416,.T.);
#5115=EDGE_CURVE('',#3595,#3596,#1434,.T.);
#5117=EDGE_CURVE('',#3595,#3603,#1439,.T.);
#5119=EDGE_CURVE('',#3603,#3604,#1443,.T.);
#5133=EDGE_CURVE('',#3595,#3603,#1448,.T.);
#5166=EDGE_CURVE('',#3518,#3502,#1460,.T.);
#5179=EDGE_CURVE('',#3520,#3504,#1474,.T.);
#5185=EDGE_CURVE('',#3545,#3546,#1465,.T.);
#5187=EDGE_CURVE('',#3546,#3545,#1470,.T.);
#5209=EDGE_CURVE('',#3541,#3542,#1484,.T.);
#5211=EDGE_CURVE('',#3541,#3529,#1505,.T.);
#5213=EDGE_CURVE('',#3529,#3537,#1536,.T.);
#5215=EDGE_CURVE('',#3542,#3537,#1501,.T.);
#5226=EDGE_CURVE('',#3534,#3546,#1518,.T.);
#5228=EDGE_CURVE('',#3526,#3534,#1479,.T.);
#5230=EDGE_CURVE('',#3526,#3545,#1509,.T.);
#5241=EDGE_CURVE('',#3512,#3552,#1572,.T.);
#5244=EDGE_CURVE('',#3510,#3550,#1497,.T.);
#5249=EDGE_CURVE('',#3542,#3541,#1489,.T.);
#5261=EDGE_CURVE('',#3529,#3537,#1527,.T.);
#5274=EDGE_CURVE('',#3526,#3534,#1514,.T.);
#5285=EDGE_CURVE('',#3529,#3530,#1522,.T.);
#5288=EDGE_CURVE('',#3537,#3538,#1531,.T.);
#5290=EDGE_CURVE('',#3530,#3538,#1541,.T.);
#5301=EDGE_CURVE('',#3530,#3538,#1546,.T.);
#5323=EDGE_CURVE('',#3525,#3526,#1550,.T.);
#5325=EDGE_CURVE('',#3525,#3533,#1555,.T.);
#5327=EDGE_CURVE('',#3533,#3534,#1559,.T.);
#5341=EDGE_CURVE('',#3525,#3533,#1564,.T.);
#5386=EDGE_CURVE('',#3448,#3432,#1580,.T.);
#5399=EDGE_CURVE('',#3450,#3434,#1594,.T.);
#5405=EDGE_CURVE('',#3475,#3476,#1585,.T.);
#5407=EDGE_CURVE('',#3476,#3475,#1590,.T.);
#5429=EDGE_CURVE('',#3471,#3472,#1604,.T.);
#5431=EDGE_CURVE('',#3471,#3459,#1625,.T.);
#5433=EDGE_CURVE('',#3459,#3467,#1656,.T.);
#5435=EDGE_CURVE('',#3472,#3467,#1621,.T.);
#5446=EDGE_CURVE('',#3464,#3476,#1638,.T.);
#5448=EDGE_CURVE('',#3456,#3464,#1599,.T.);
#5450=EDGE_CURVE('',#3456,#3475,#1629,.T.);
#5461=EDGE_CURVE('',#3442,#3480,#1692,.T.);
#5464=EDGE_CURVE('',#3440,#3478,#1617,.T.);
#5469=EDGE_CURVE('',#3472,#3471,#1609,.T.);
#5481=EDGE_CURVE('',#3459,#3467,#1647,.T.);
#5494=EDGE_CURVE('',#3456,#3464,#1634,.T.);
#5505=EDGE_CURVE('',#3459,#3460,#1642,.T.);
#5508=EDGE_CURVE('',#3467,#3468,#1651,.T.);
#5510=EDGE_CURVE('',#3460,#3468,#1661,.T.);
#5521=EDGE_CURVE('',#3460,#3468,#1666,.T.);
#5543=EDGE_CURVE('',#3455,#3456,#1670,.T.);
#5545=EDGE_CURVE('',#3455,#3463,#1675,.T.);
#5547=EDGE_CURVE('',#3463,#3464,#1679,.T.);
#5561=EDGE_CURVE('',#3455,#3463,#1684,.T.);
#5606=EDGE_CURVE('',#3380,#3364,#1700,.T.);
#5619=EDGE_CURVE('',#3382,#3366,#1714,.T.);
#5625=EDGE_CURVE('',#3407,#3408,#1705,.T.);
#5627=EDGE_CURVE('',#3408,#3407,#1710,.T.);
#5649=EDGE_CURVE('',#3403,#3404,#1724,.T.);
#5651=EDGE_CURVE('',#3403,#3391,#1745,.T.);
#5653=EDGE_CURVE('',#3391,#3399,#1776,.T.);
#5655=EDGE_CURVE('',#3404,#3399,#1741,.T.);
#5666=EDGE_CURVE('',#3396,#3408,#1758,.T.);
#5668=EDGE_CURVE('',#3388,#3396,#1719,.T.);
#5670=EDGE_CURVE('',#3388,#3407,#1749,.T.);
#5681=EDGE_CURVE('',#3374,#3412,#1812,.T.);
#5684=EDGE_CURVE('',#3372,#3410,#1737,.T.);
#5689=EDGE_CURVE('',#3404,#3403,#1729,.T.);
#5701=EDGE_CURVE('',#3391,#3399,#1767,.T.);
#5714=EDGE_CURVE('',#3388,#3396,#1754,.T.);
#5725=EDGE_CURVE('',#3391,#3392,#1762,.T.);
#5728=EDGE_CURVE('',#3399,#3400,#1771,.T.);
#5730=EDGE_CURVE('',#3392,#3400,#1781,.T.);
#5741=EDGE_CURVE('',#3392,#3400,#1786,.T.);
#5763=EDGE_CURVE('',#3387,#3388,#1790,.T.);
#5765=EDGE_CURVE('',#3387,#3395,#1795,.T.);
#5767=EDGE_CURVE('',#3395,#3396,#1799,.T.);
#5781=EDGE_CURVE('',#3387,#3395,#1804,.T.);
#5826=EDGE_CURVE('',#3310,#3294,#1820,.T.);
#5839=EDGE_CURVE('',#3312,#3296,#1834,.T.);
#5845=EDGE_CURVE('',#3337,#3338,#1825,.T.);
#5847=EDGE_CURVE('',#3338,#3337,#1830,.T.);
#5869=EDGE_CURVE('',#3333,#3334,#1844,.T.);
#5871=EDGE_CURVE('',#3333,#3321,#1865,.T.);
#5873=EDGE_CURVE('',#3321,#3329,#1896,.T.);
#5875=EDGE_CURVE('',#3334,#3329,#1861,.T.);
#5886=EDGE_CURVE('',#3326,#3338,#1878,.T.);
#5888=EDGE_CURVE('',#3318,#3326,#1839,.T.);
#5890=EDGE_CURVE('',#3318,#3337,#1869,.T.);
#5901=EDGE_CURVE('',#3304,#3344,#1932,.T.);
#5904=EDGE_CURVE('',#3302,#3342,#1857,.T.);
#5909=EDGE_CURVE('',#3334,#3333,#1849,.T.);
#5921=EDGE_CURVE('',#3321,#3329,#1887,.T.);
#5934=EDGE_CURVE('',#3318,#3326,#1874,.T.);
#5945=EDGE_CURVE('',#3321,#3322,#1882,.T.);
#5948=EDGE_CURVE('',#3329,#3330,#1891,.T.);
#5950=EDGE_CURVE('',#3322,#3330,#1901,.T.);
#5961=EDGE_CURVE('',#3322,#3330,#1906,.T.);
#5983=EDGE_CURVE('',#3317,#3318,#1910,.T.);
#5985=EDGE_CURVE('',#3317,#3325,#1915,.T.);
#5987=EDGE_CURVE('',#3325,#3326,#1919,.T.);
#6001=EDGE_CURVE('',#3317,#3325,#1924,.T.);
#6046=EDGE_CURVE('',#3254,#3238,#1940,.T.);
#6059=EDGE_CURVE('',#3256,#3240,#1954,.T.);
#6065=EDGE_CURVE('',#3281,#3282,#1945,.T.);
#6067=EDGE_CURVE('',#3282,#3281,#1950,.T.);
#6089=EDGE_CURVE('',#3277,#3278,#1964,.T.);
#6091=EDGE_CURVE('',#3277,#3265,#1985,.T.);
#6093=EDGE_CURVE('',#3265,#3273,#2016,.T.);
#6095=EDGE_CURVE('',#3278,#3273,#1981,.T.);
#6106=EDGE_CURVE('',#3270,#3282,#1998,.T.);
#6108=EDGE_CURVE('',#3262,#3270,#1959,.T.);
#6110=EDGE_CURVE('',#3262,#3281,#1989,.T.);
#6121=EDGE_CURVE('',#3248,#3288,#2052,.T.);
#6124=EDGE_CURVE('',#3246,#3286,#1977,.T.);
#6129=EDGE_CURVE('',#3278,#3277,#1969,.T.);
#6141=EDGE_CURVE('',#3265,#3273,#2007,.T.);
#6154=EDGE_CURVE('',#3262,#3270,#1994,.T.);
#6165=EDGE_CURVE('',#3265,#3266,#2002,.T.);
#6168=EDGE_CURVE('',#3273,#3274,#2011,.T.);
#6170=EDGE_CURVE('',#3266,#3274,#2021,.T.);
#6181=EDGE_CURVE('',#3266,#3274,#2026,.T.);
#6203=EDGE_CURVE('',#3261,#3262,#2030,.T.);
#6205=EDGE_CURVE('',#3261,#3269,#2035,.T.);
#6207=EDGE_CURVE('',#3269,#3270,#2039,.T.);
#6221=EDGE_CURVE('',#3261,#3269,#2044,.T.);
#6266=EDGE_CURVE('',#3030,#3014,#2060,.T.);
#6279=EDGE_CURVE('',#3032,#3016,#2074,.T.);
#6285=EDGE_CURVE('',#3169,#3170,#2065,.T.);
#6287=EDGE_CURVE('',#3170,#3169,#2070,.T.);
#6309=EDGE_CURVE('',#3165,#3166,#2084,.T.);
#6311=EDGE_CURVE('',#3165,#3153,#2105,.T.);
#6313=EDGE_CURVE('',#3153,#3161,#2136,.T.);
#6315=EDGE_CURVE('',#3166,#3161,#2101,.T.);
#6326=EDGE_CURVE('',#3158,#3170,#2118,.T.);
#6328=EDGE_CURVE('',#3150,#3158,#2079,.T.);
#6330=EDGE_CURVE('',#3150,#3169,#2109,.T.);
#6341=EDGE_CURVE('',#3024,#3072,#2172,.T.);
#6344=EDGE_CURVE('',#3022,#3070,#2097,.T.);
#6349=EDGE_CURVE('',#3166,#3165,#2089,.T.);
#6361=EDGE_CURVE('',#3153,#3161,#2127,.T.);
#6374=EDGE_CURVE('',#3150,#3158,#2114,.T.);
#6385=EDGE_CURVE('',#3153,#3154,#2122,.T.);
#6388=EDGE_CURVE('',#3161,#3162,#2131,.T.);
#6390=EDGE_CURVE('',#3154,#3162,#2141,.T.);
#6401=EDGE_CURVE('',#3154,#3162,#2146,.T.);
#6423=EDGE_CURVE('',#3149,#3150,#2150,.T.);
#6425=EDGE_CURVE('',#3149,#3157,#2155,.T.);
#6427=EDGE_CURVE('',#3157,#3158,#2159,.T.);
#6441=EDGE_CURVE('',#3149,#3157,#2164,.T.);
#6486=EDGE_CURVE('',#3006,#2990,#2180,.T.);
#6499=EDGE_CURVE('',#3008,#2992,#2194,.T.);
#6505=EDGE_CURVE('',#3145,#3146,#2185,.T.);
#6507=EDGE_CURVE('',#3146,#3145,#2190,.T.);
#6529=EDGE_CURVE('',#3141,#3142,#2204,.T.);
#6531=EDGE_CURVE('',#3141,#3129,#2225,.T.);
#6533=EDGE_CURVE('',#3129,#3137,#2256,.T.);
#6535=EDGE_CURVE('',#3142,#3137,#2221,.T.);
#6546=EDGE_CURVE('',#3134,#3146,#2238,.T.);
#6548=EDGE_CURVE('',#3126,#3134,#2199,.T.);
#6550=EDGE_CURVE('',#3126,#3145,#2229,.T.);
#6561=EDGE_CURVE('',#3000,#3064,#2292,.T.);
#6564=EDGE_CURVE('',#2998,#3062,#2217,.T.);
#6569=EDGE_CURVE('',#3142,#3141,#2209,.T.);
#6581=EDGE_CURVE('',#3129,#3137,#2247,.T.);
#6594=EDGE_CURVE('',#3126,#3134,#2234,.T.);
#6605=EDGE_CURVE('',#3129,#3130,#2242,.T.);
#6608=EDGE_CURVE('',#3137,#3138,#2251,.T.);
#6610=EDGE_CURVE('',#3130,#3138,#2261,.T.);
#6621=EDGE_CURVE('',#3130,#3138,#2266,.T.);
#6643=EDGE_CURVE('',#3125,#3126,#2270,.T.);
#6645=EDGE_CURVE('',#3125,#3133,#2275,.T.);
#6647=EDGE_CURVE('',#3133,#3134,#2279,.T.);
#6661=EDGE_CURVE('',#3125,#3133,#2284,.T.);
#6706=EDGE_CURVE('',#2982,#2966,#2300,.T.);
#6719=EDGE_CURVE('',#2984,#2968,#2314,.T.);
#6725=EDGE_CURVE('',#3121,#3122,#2305,.T.);
#6727=EDGE_CURVE('',#3122,#3121,#2310,.T.);
#6749=EDGE_CURVE('',#3117,#3118,#2324,.T.);
#6751=EDGE_CURVE('',#3117,#3105,#2345,.T.);
#6753=EDGE_CURVE('',#3105,#3113,#2376,.T.);
#6755=EDGE_CURVE('',#3118,#3113,#2341,.T.);
#6766=EDGE_CURVE('',#3110,#3122,#2358,.T.);
#6768=EDGE_CURVE('',#3102,#3110,#2319,.T.);
#6770=EDGE_CURVE('',#3102,#3121,#2349,.T.);
#6781=EDGE_CURVE('',#2976,#3056,#2412,.T.);
#6784=EDGE_CURVE('',#2974,#3054,#2337,.T.);
#6789=EDGE_CURVE('',#3118,#3117,#2329,.T.);
#6801=EDGE_CURVE('',#3105,#3113,#2367,.T.);
#6814=EDGE_CURVE('',#3102,#3110,#2354,.T.);
#6825=EDGE_CURVE('',#3105,#3106,#2362,.T.);
#6828=EDGE_CURVE('',#3113,#3114,#2371,.T.);
#6830=EDGE_CURVE('',#3106,#3114,#2381,.T.);
#6841=EDGE_CURVE('',#3106,#3114,#2386,.T.);
#6863=EDGE_CURVE('',#3101,#3102,#2390,.T.);
#6865=EDGE_CURVE('',#3101,#3109,#2395,.T.);
#6867=EDGE_CURVE('',#3109,#3110,#2399,.T.);
#6881=EDGE_CURVE('',#3101,#3109,#2404,.T.);
#6926=EDGE_CURVE('',#2958,#2942,#2420,.T.);
#6939=EDGE_CURVE('',#2960,#2944,#2434,.T.);
#6945=EDGE_CURVE('',#3097,#3098,#2425,.T.);
#6947=EDGE_CURVE('',#3098,#3097,#2430,.T.);
#6969=EDGE_CURVE('',#3093,#3094,#2444,.T.);
#6971=EDGE_CURVE('',#3093,#3081,#2465,.T.);
#6973=EDGE_CURVE('',#3081,#3089,#2496,.T.);
#6975=EDGE_CURVE('',#3094,#3089,#2461,.T.);
#6986=EDGE_CURVE('',#3086,#3098,#2478,.T.);
#6988=EDGE_CURVE('',#3078,#3086,#2439,.T.);
#6990=EDGE_CURVE('',#3078,#3097,#2469,.T.);
#7001=EDGE_CURVE('',#2952,#3048,#2532,.T.);
#7004=EDGE_CURVE('',#2950,#3046,#2457,.T.);
#7009=EDGE_CURVE('',#3094,#3093,#2449,.T.);
#7021=EDGE_CURVE('',#3081,#3089,#2487,.T.);
#7034=EDGE_CURVE('',#3078,#3086,#2474,.T.);
#7045=EDGE_CURVE('',#3081,#3082,#2482,.T.);
#7048=EDGE_CURVE('',#3089,#3090,#2491,.T.);
#7050=EDGE_CURVE('',#3082,#3090,#2501,.T.);
#7061=EDGE_CURVE('',#3082,#3090,#2506,.T.);
#7083=EDGE_CURVE('',#3077,#3078,#2510,.T.);
#7085=EDGE_CURVE('',#3077,#3085,#2515,.T.);
#7087=EDGE_CURVE('',#3085,#3086,#2519,.T.);
#7101=EDGE_CURVE('',#3077,#3085,#2524,.T.);
#7146=EDGE_CURVE('',#2844,#2828,#2540,.T.);
#7164=EDGE_CURVE('',#2925,#2926,#2545,.T.);
#7166=EDGE_CURVE('',#2926,#2925,#2550,.T.);
#7176=EDGE_CURVE('',#2921,#2922,#2560,.T.);
#7178=EDGE_CURVE('',#2921,#2909,#2581,.T.);
#7180=EDGE_CURVE('',#2909,#2917,#2612,.T.);
#7182=EDGE_CURVE('',#2922,#2917,#2577,.T.);
#7193=EDGE_CURVE('',#2914,#2926,#2594,.T.);
#7195=EDGE_CURVE('',#2906,#2914,#2555,.T.);
#7197=EDGE_CURVE('',#2906,#2925,#2585,.T.);
#7208=EDGE_CURVE('',#2838,#2930,#2644,.T.);
#7211=EDGE_CURVE('',#2836,#2928,#2573,.T.);
#7216=EDGE_CURVE('',#2922,#2921,#2565,.T.);
#7228=EDGE_CURVE('',#2909,#2917,#2603,.T.);
#7241=EDGE_CURVE('',#2906,#2914,#2590,.T.);
#7252=EDGE_CURVE('',#2909,#2910,#2598,.T.);
#7255=EDGE_CURVE('',#2917,#2918,#2607,.T.);
#7257=EDGE_CURVE('',#2910,#2918,#2617,.T.);
#7268=EDGE_CURVE('',#2910,#2918,#2622,.T.);
#7290=EDGE_CURVE('',#2905,#2906,#2626,.T.);
#7292=EDGE_CURVE('',#2905,#2913,#2631,.T.);
#7294=EDGE_CURVE('',#2913,#2914,#2635,.T.);
#7308=EDGE_CURVE('',#2905,#2913,#2640,.T.);
#7353=EDGE_CURVE('',#2872,#2864,#2660,.T.);
#7356=EDGE_CURVE('',#2871,#2863,#2656,.T.);
#7367=EDGE_CURVE('',#2874,#2866,#2664,.T.);
#7380=EDGE_CURVE('',#2876,#2868,#2668,.T.);
#7405=EDGE_CURVE('',#3182,#3174,#2676,.T.);
#7408=EDGE_CURVE('',#3181,#3173,#2672,.T.);
#7419=EDGE_CURVE('',#3184,#3176,#2680,.T.);
#7432=EDGE_CURVE('',#3186,#3178,#2684,.T.);
#7457=EDGE_CURVE('',#3198,#3190,#2692,.T.);
#7460=EDGE_CURVE('',#3197,#3189,#2688,.T.);
#7471=EDGE_CURVE('',#3200,#3192,#2696,.T.);
#7484=EDGE_CURVE('',#3202,#3194,#2700,.T.);
#7509=EDGE_CURVE('',#3214,#3206,#2708,.T.);
#7512=EDGE_CURVE('',#3213,#3205,#2704,.T.);
#7523=EDGE_CURVE('',#3216,#3208,#2712,.T.);
#7536=EDGE_CURVE('',#3218,#3210,#2716,.T.);
#7561=EDGE_CURVE('',#3230,#3222,#2724,.T.);
#7564=EDGE_CURVE('',#3229,#3221,#2720,.T.);
#7575=EDGE_CURVE('',#3232,#3224,#2728,.T.);
#7588=EDGE_CURVE('',#3234,#3226,#2732,.T.);
#7613=EDGE_CURVE('',#3356,#3348,#2740,.T.);
#7616=EDGE_CURVE('',#3355,#3347,#2736,.T.);
#7627=EDGE_CURVE('',#3358,#3350,#2744,.T.);
#7640=EDGE_CURVE('',#3360,#3352,#2748,.T.);
#7665=EDGE_CURVE('',#3424,#3416,#2756,.T.);
#7668=EDGE_CURVE('',#3423,#3415,#2752,.T.);
#7679=EDGE_CURVE('',#3426,#3418,#2760,.T.);
#7692=EDGE_CURVE('',#3428,#3420,#2764,.T.);
#7717=EDGE_CURVE('',#3494,#3486,#2772,.T.);
#7720=EDGE_CURVE('',#3493,#3485,#2768,.T.);
#7731=EDGE_CURVE('',#3496,#3488,#2776,.T.);
#7744=EDGE_CURVE('',#3498,#3490,#2780,.T.);
#7769=EDGE_CURVE('',#3564,#3556,#2788,.T.);
#7772=EDGE_CURVE('',#3563,#3555,#2784,.T.);
#7783=EDGE_CURVE('',#3566,#3558,#2792,.T.);
#7796=EDGE_CURVE('',#3568,#3560,#2796,.T.);
#7821=EDGE_CURVE('',#3632,#3624,#2804,.T.);
#7824=EDGE_CURVE('',#3631,#3623,#2800,.T.);
#7835=EDGE_CURVE('',#3634,#3626,#2808,.T.);
#7848=EDGE_CURVE('',#3636,#3628,#2812,.T.);
#7877=TRIMMED_CURVE('A_1',#7876,(PARAMETER_VALUE(0.E0)),(PARAMETER_VALUE(1.E0)),
.T.,.UNSPECIFIED.);
#7883=TRIMMED_CURVE('A_2',#7882,(PARAMETER_VALUE(0.E0)),(PARAMETER_VALUE(1.E0)),
.T.,.UNSPECIFIED.);
#7888=TRIMMED_CURVE('A_3',#7887,(PARAMETER_VALUE(0.E0)),(PARAMETER_VALUE(1.E0)),
.T.,.UNSPECIFIED.);
#7893=TRIMMED_CURVE('A_4',#7892,(PARAMETER_VALUE(0.E0)),(PARAMETER_VALUE(1.E0)),
.T.,.UNSPECIFIED.);
#7898=TRIMMED_CURVE('A_5',#7897,(PARAMETER_VALUE(0.E0)),(PARAMETER_VALUE(1.E0)),
.T.,.UNSPECIFIED.);
#7903=TRIMMED_CURVE('A_6',#7902,(PARAMETER_VALUE(0.E0)),(PARAMETER_VALUE(1.E0)),
.T.,.UNSPECIFIED.);
#7908=TRIMMED_CURVE('A_7',#7907,(PARAMETER_VALUE(0.E0)),(PARAMETER_VALUE(1.E0)),
.T.,.UNSPECIFIED.);
#7913=TRIMMED_CURVE('A_8',#7912,(PARAMETER_VALUE(0.E0)),(PARAMETER_VALUE(1.E0)),
.T.,.UNSPECIFIED.);
#7918=TRIMMED_CURVE('A_9',#7917,(PARAMETER_VALUE(0.E0)),(PARAMETER_VALUE(1.E0)),
.T.,.UNSPECIFIED.);
#7923=TRIMMED_CURVE('A_10',#7922,(PARAMETER_VALUE(0.E0)),(PARAMETER_VALUE
(1.E0)),.T.,.UNSPECIFIED.);
#7928=TRIMMED_CURVE('A_11',#7927,(PARAMETER_VALUE(0.E0)),(PARAMETER_VALUE
(1.E0)),.T.,.UNSPECIFIED.);
#7933=CIRCLE('',#7932,7.6E-1);
#7934=TRIMMED_CURVE('',#7933,(PARAMETER_VALUE(0.E0)),(PARAMETER_VALUE(1.8E2)),
.T.,.UNSPECIFIED.);
#7935=COMPOSITE_CURVE_SEGMENT(.CONTINUOUS.,.T.,#7934);
#7940=CIRCLE('',#7939,7.6E-1);
#7941=TRIMMED_CURVE('',#7940,(PARAMETER_VALUE(0.E0)),(PARAMETER_VALUE(1.8E2)),
.T.,.UNSPECIFIED.);
#7942=COMPOSITE_CURVE_SEGMENT(.CONTINUOUS.,.T.,#7941);
#7943=COMPOSITE_CURVE('',(#7935,#7942),.F.);
#7948=CIRCLE('',#7947,7.6E-1);
#7949=TRIMMED_CURVE('',#7948,(PARAMETER_VALUE(0.E0)),(PARAMETER_VALUE(1.8E2)),
.T.,.UNSPECIFIED.);
#7950=COMPOSITE_CURVE_SEGMENT(.CONTINUOUS.,.T.,#7949);
#7955=CIRCLE('',#7954,7.6E-1);
#7956=TRIMMED_CURVE('',#7955,(PARAMETER_VALUE(0.E0)),(PARAMETER_VALUE(1.8E2)),
.T.,.UNSPECIFIED.);
#7957=COMPOSITE_CURVE_SEGMENT(.CONTINUOUS.,.T.,#7956);
#7958=COMPOSITE_CURVE('',(#7950,#7957),.F.);
#7963=CIRCLE('',#7962,7.6E-1);
#7964=TRIMMED_CURVE('',#7963,(PARAMETER_VALUE(0.E0)),(PARAMETER_VALUE(1.8E2)),
.T.,.UNSPECIFIED.);
#7965=COMPOSITE_CURVE_SEGMENT(.CONTINUOUS.,.T.,#7964);
#7970=CIRCLE('',#7969,7.6E-1);
#7971=TRIMMED_CURVE('',#7970,(PARAMETER_VALUE(0.E0)),(PARAMETER_VALUE(1.8E2)),
.T.,.UNSPECIFIED.);
#7972=COMPOSITE_CURVE_SEGMENT(.CONTINUOUS.,.T.,#7971);
#7973=COMPOSITE_CURVE('',(#7965,#7972),.F.);
#7978=CIRCLE('',#7977,7.6E-1);
#7979=TRIMMED_CURVE('',#7978,(PARAMETER_VALUE(0.E0)),(PARAMETER_VALUE(1.8E2)),
.T.,.UNSPECIFIED.);
#7980=COMPOSITE_CURVE_SEGMENT(.CONTINUOUS.,.T.,#7979);
#7985=CIRCLE('',#7984,7.6E-1);
#7986=TRIMMED_CURVE('',#7985,(PARAMETER_VALUE(0.E0)),(PARAMETER_VALUE(1.8E2)),
.T.,.UNSPECIFIED.);
#7987=COMPOSITE_CURVE_SEGMENT(.CONTINUOUS.,.T.,#7986);
#7988=COMPOSITE_CURVE('',(#7980,#7987),.F.);
#7993=CIRCLE('',#7992,7.6E-1);
#7994=TRIMMED_CURVE('',#7993,(PARAMETER_VALUE(0.E0)),(PARAMETER_VALUE(1.8E2)),
.T.,.UNSPECIFIED.);
#7995=COMPOSITE_CURVE_SEGMENT(.CONTINUOUS.,.T.,#7994);
#8000=CIRCLE('',#7999,7.6E-1);
#8001=TRIMMED_CURVE('',#8000,(PARAMETER_VALUE(0.E0)),(PARAMETER_VALUE(1.8E2)),
.T.,.UNSPECIFIED.);
#8002=COMPOSITE_CURVE_SEGMENT(.CONTINUOUS.,.T.,#8001);
#8003=COMPOSITE_CURVE('',(#7995,#8002),.F.);
#8008=CIRCLE('',#8007,7.6E-1);
#8009=TRIMMED_CURVE('',#8008,(PARAMETER_VALUE(0.E0)),(PARAMETER_VALUE(1.8E2)),
.T.,.UNSPECIFIED.);
#8010=COMPOSITE_CURVE_SEGMENT(.CONTINUOUS.,.T.,#8009);
#8015=CIRCLE('',#8014,7.6E-1);
#8016=TRIMMED_CURVE('',#8015,(PARAMETER_VALUE(0.E0)),(PARAMETER_VALUE(1.8E2)),
.T.,.UNSPECIFIED.);
#8017=COMPOSITE_CURVE_SEGMENT(.CONTINUOUS.,.T.,#8016);
#8018=COMPOSITE_CURVE('',(#8010,#8017),.F.);
#8023=CIRCLE('',#8022,7.6E-1);
#8024=TRIMMED_CURVE('',#8023,(PARAMETER_VALUE(0.E0)),(PARAMETER_VALUE(1.8E2)),
.T.,.UNSPECIFIED.);
#8025=COMPOSITE_CURVE_SEGMENT(.CONTINUOUS.,.T.,#8024);
#8030=CIRCLE('',#8029,7.6E-1);
#8031=TRIMMED_CURVE('',#8030,(PARAMETER_VALUE(0.E0)),(PARAMETER_VALUE(1.8E2)),
.T.,.UNSPECIFIED.);
#8032=COMPOSITE_CURVE_SEGMENT(.CONTINUOUS.,.T.,#8031);
#8033=COMPOSITE_CURVE('',(#8025,#8032),.F.);
#8038=CIRCLE('',#8037,7.6E-1);
#8039=TRIMMED_CURVE('',#8038,(PARAMETER_VALUE(0.E0)),(PARAMETER_VALUE(1.8E2)),
.T.,.UNSPECIFIED.);
#8040=COMPOSITE_CURVE_SEGMENT(.CONTINUOUS.,.T.,#8039);
#8045=CIRCLE('',#8044,7.6E-1);
#8046=TRIMMED_CURVE('',#8045,(PARAMETER_VALUE(0.E0)),(PARAMETER_VALUE(1.8E2)),
.T.,.UNSPECIFIED.);
#8047=COMPOSITE_CURVE_SEGMENT(.CONTINUOUS.,.T.,#8046);
#8048=COMPOSITE_CURVE('',(#8040,#8047),.F.);
#8053=CIRCLE('',#8052,7.6E-1);
#8054=TRIMMED_CURVE('',#8053,(PARAMETER_VALUE(0.E0)),(PARAMETER_VALUE(1.8E2)),
.T.,.UNSPECIFIED.);
#8055=COMPOSITE_CURVE_SEGMENT(.CONTINUOUS.,.T.,#8054);
#8060=CIRCLE('',#8059,7.6E-1);
#8061=TRIMMED_CURVE('',#8060,(PARAMETER_VALUE(0.E0)),(PARAMETER_VALUE(1.8E2)),
.T.,.UNSPECIFIED.);
#8062=COMPOSITE_CURVE_SEGMENT(.CONTINUOUS.,.T.,#8061);
#8063=COMPOSITE_CURVE('',(#8055,#8062),.F.);
#8068=CIRCLE('',#8067,7.6E-1);
#8069=TRIMMED_CURVE('',#8068,(PARAMETER_VALUE(0.E0)),(PARAMETER_VALUE(1.8E2)),
.T.,.UNSPECIFIED.);
#8070=COMPOSITE_CURVE_SEGMENT(.CONTINUOUS.,.T.,#8069);
#8075=CIRCLE('',#8074,7.6E-1);
#8076=TRIMMED_CURVE('',#8075,(PARAMETER_VALUE(0.E0)),(PARAMETER_VALUE(1.8E2)),
.T.,.UNSPECIFIED.);
#8077=COMPOSITE_CURVE_SEGMENT(.CONTINUOUS.,.T.,#8076);
#8078=COMPOSITE_CURVE('',(#8070,#8077),.F.);
#8083=CIRCLE('',#8082,7.6E-1);
#8084=TRIMMED_CURVE('',#8083,(PARAMETER_VALUE(0.E0)),(PARAMETER_VALUE(1.8E2)),
.T.,.UNSPECIFIED.);
#8085=COMPOSITE_CURVE_SEGMENT(.CONTINUOUS.,.T.,#8084);
#8090=CIRCLE('',#8089,7.6E-1);
#8091=TRIMMED_CURVE('',#8090,(PARAMETER_VALUE(0.E0)),(PARAMETER_VALUE(1.8E2)),
.T.,.UNSPECIFIED.);
#8092=COMPOSITE_CURVE_SEGMENT(.CONTINUOUS.,.T.,#8091);
#8093=COMPOSITE_CURVE('',(#8085,#8092),.F.);
#8094=(LENGTH_UNIT()NAMED_UNIT(*)SI_UNIT(.MILLI.,.METRE.));
#8096=(NAMED_UNIT(*)PLANE_ANGLE_UNIT()SI_UNIT($,.RADIAN.));
#8099=(NAMED_UNIT(*)SI_UNIT($,.STERADIAN.)SOLID_ANGLE_UNIT());
#8102=ADVANCED_BREP_SHAPE_REPRESENTATION('',(#7868),#8101);
#8103=GEOMETRICALLY_BOUNDED_SURFACE_SHAPE_REPRESENTATION('',(#7878),#8101);
#8104=SHAPE_REPRESENTATION('',(#7872),#8101);
#8113=PRODUCT_DEFINITION('design','',#8112,#8109);
#8114=PRODUCT_DEFINITION_SHAPE('','SHAPE FOR 026192111.',#8113);
#8115=SHAPE_DEFINITION_REPRESENTATION(#8114,#8104);
ENDSEC;
END-ISO-10303-21;
