ISO-10303-21;
HEADER;
FILE_DESCRIPTION((''),'2;1');
FILE_NAME('026192121','2014-09-08T',('me'),(''),
'PRO/ENGINEER BY PARAMETRIC TECHNOLOGY CORPORATION, 2011490',
'PRO/ENGINEER BY PARAMETRIC TECHNOLOGY CORPORATION, 2011490','');
FILE_SCHEMA(('CONFIG_CONTROL_DESIGN'));
ENDSEC;
DATA;
#1=DIRECTION('',(0.E0,-1.E0,0.E0));
#2=VECTOR('',#1,5.95E0);
#3=CARTESIAN_POINT('',(1.1355E1,7.535E0,-3.43E0));
#4=LINE('',#3,#2);
#5=DIRECTION('',(0.E0,-1.E0,0.E0));
#6=VECTOR('',#5,5.95E0);
#7=CARTESIAN_POINT('',(4.95E-1,7.535E0,-3.43E0));
#8=LINE('',#7,#6);
#9=DIRECTION('',(1.E0,0.E0,0.E0));
#10=VECTOR('',#9,1.02E0);
#11=CARTESIAN_POINT('',(-5.25E-1,1.585E0,-3.43E0));
#12=LINE('',#11,#10);
#13=DIRECTION('',(0.E0,-1.E0,0.E0));
#14=VECTOR('',#13,5.95E0);
#15=CARTESIAN_POINT('',(-5.25E-1,7.535E0,-3.43E0));
#16=LINE('',#15,#14);
#17=DIRECTION('',(0.E0,-1.E0,0.E0));
#18=VECTOR('',#17,5.95E0);
#19=CARTESIAN_POINT('',(-1.1385E1,7.535E0,-3.43E0));
#20=LINE('',#19,#18);
#21=DIRECTION('',(1.E0,0.E0,0.E0));
#22=VECTOR('',#21,1.02E0);
#23=CARTESIAN_POINT('',(-1.2405E1,1.585E0,-3.43E0));
#24=LINE('',#23,#22);
#25=DIRECTION('',(0.E0,-1.E0,0.E0));
#26=VECTOR('',#25,5.95E0);
#27=CARTESIAN_POINT('',(-1.2405E1,7.535E0,-3.43E0));
#28=LINE('',#27,#26);
#29=DIRECTION('',(1.E0,0.E0,0.E0));
#30=VECTOR('',#29,8.9E-1);
#31=CARTESIAN_POINT('',(-2.3775E1,-1.585E0,-3.43E0));
#32=LINE('',#31,#30);
#33=DIRECTION('',(0.E0,1.E0,0.E0));
#34=VECTOR('',#33,3.8E-1);
#35=CARTESIAN_POINT('',(-2.2885E1,-1.585E0,-3.43E0));
#36=LINE('',#35,#34);
#37=DIRECTION('',(-1.E0,0.E0,0.E0));
#38=VECTOR('',#37,2.18E0);
#39=CARTESIAN_POINT('',(-2.0705E1,-1.205E0,-3.43E0));
#40=LINE('',#39,#38);
#41=DIRECTION('',(0.E0,1.E0,0.E0));
#42=VECTOR('',#41,3.8E-1);
#43=CARTESIAN_POINT('',(-2.0705E1,-1.585E0,-3.43E0));
#44=LINE('',#43,#42);
#45=DIRECTION('',(1.E0,0.E0,0.E0));
#46=VECTOR('',#45,1.78E0);
#47=CARTESIAN_POINT('',(-2.0705E1,-1.585E0,-3.43E0));
#48=LINE('',#47,#46);
#49=DIRECTION('',(0.E0,1.E0,0.E0));
#50=VECTOR('',#49,3.8E-1);
#51=CARTESIAN_POINT('',(-1.8925E1,-1.585E0,-3.43E0));
#52=LINE('',#51,#50);
#53=DIRECTION('',(-1.E0,0.E0,0.E0));
#54=VECTOR('',#53,2.18E0);
#55=CARTESIAN_POINT('',(-1.6745E1,-1.205E0,-3.43E0));
#56=LINE('',#55,#54);
#57=DIRECTION('',(0.E0,1.E0,0.E0));
#58=VECTOR('',#57,3.8E-1);
#59=CARTESIAN_POINT('',(-1.6745E1,-1.585E0,-3.43E0));
#60=LINE('',#59,#58);
#61=DIRECTION('',(1.E0,0.E0,0.E0));
#62=VECTOR('',#61,1.78E0);
#63=CARTESIAN_POINT('',(-1.6745E1,-1.585E0,-3.43E0));
#64=LINE('',#63,#62);
#65=DIRECTION('',(0.E0,1.E0,0.E0));
#66=VECTOR('',#65,3.8E-1);
#67=CARTESIAN_POINT('',(-1.4965E1,-1.585E0,-3.43E0));
#68=LINE('',#67,#66);
#69=DIRECTION('',(-1.E0,0.E0,0.E0));
#70=VECTOR('',#69,2.18E0);
#71=CARTESIAN_POINT('',(-1.2785E1,-1.205E0,-3.43E0));
#72=LINE('',#71,#70);
#73=DIRECTION('',(0.E0,1.E0,0.E0));
#74=VECTOR('',#73,3.8E-1);
#75=CARTESIAN_POINT('',(-1.2785E1,-1.585E0,-3.43E0));
#76=LINE('',#75,#74);
#77=DIRECTION('',(1.E0,0.E0,0.E0));
#78=VECTOR('',#77,1.78E0);
#79=CARTESIAN_POINT('',(-1.2785E1,-1.585E0,-3.43E0));
#80=LINE('',#79,#78);
#81=DIRECTION('',(0.E0,1.E0,0.E0));
#82=VECTOR('',#81,3.8E-1);
#83=CARTESIAN_POINT('',(-1.1005E1,-1.585E0,-3.43E0));
#84=LINE('',#83,#82);
#85=DIRECTION('',(-1.E0,0.E0,0.E0));
#86=VECTOR('',#85,2.18E0);
#87=CARTESIAN_POINT('',(-8.825E0,-1.205E0,-3.43E0));
#88=LINE('',#87,#86);
#89=DIRECTION('',(0.E0,1.E0,0.E0));
#90=VECTOR('',#89,3.8E-1);
#91=CARTESIAN_POINT('',(-8.825E0,-1.585E0,-3.43E0));
#92=LINE('',#91,#90);
#93=DIRECTION('',(1.E0,0.E0,0.E0));
#94=VECTOR('',#93,1.78E0);
#95=CARTESIAN_POINT('',(-8.825E0,-1.585E0,-3.43E0));
#96=LINE('',#95,#94);
#97=DIRECTION('',(0.E0,1.E0,0.E0));
#98=VECTOR('',#97,3.8E-1);
#99=CARTESIAN_POINT('',(-7.045E0,-1.585E0,-3.43E0));
#100=LINE('',#99,#98);
#101=DIRECTION('',(-1.E0,0.E0,0.E0));
#102=VECTOR('',#101,2.18E0);
#103=CARTESIAN_POINT('',(-4.865E0,-1.205E0,-3.43E0));
#104=LINE('',#103,#102);
#105=DIRECTION('',(0.E0,1.E0,0.E0));
#106=VECTOR('',#105,3.8E-1);
#107=CARTESIAN_POINT('',(-4.865E0,-1.585E0,-3.43E0));
#108=LINE('',#107,#106);
#109=DIRECTION('',(1.E0,0.E0,0.E0));
#110=VECTOR('',#109,1.78E0);
#111=CARTESIAN_POINT('',(-4.865E0,-1.585E0,-3.43E0));
#112=LINE('',#111,#110);
#113=DIRECTION('',(0.E0,1.E0,0.E0));
#114=VECTOR('',#113,3.8E-1);
#115=CARTESIAN_POINT('',(-3.085E0,-1.585E0,-3.43E0));
#116=LINE('',#115,#114);
#117=DIRECTION('',(-1.E0,0.E0,0.E0));
#118=VECTOR('',#117,2.18E0);
#119=CARTESIAN_POINT('',(-9.05E-1,-1.205E0,-3.43E0));
#120=LINE('',#119,#118);
#121=DIRECTION('',(0.E0,1.E0,0.E0));
#122=VECTOR('',#121,3.8E-1);
#123=CARTESIAN_POINT('',(-9.05E-1,-1.585E0,-3.43E0));
#124=LINE('',#123,#122);
#125=DIRECTION('',(1.E0,0.E0,0.E0));
#126=VECTOR('',#125,1.78E0);
#127=CARTESIAN_POINT('',(-9.05E-1,-1.585E0,-3.43E0));
#128=LINE('',#127,#126);
#129=DIRECTION('',(0.E0,1.E0,0.E0));
#130=VECTOR('',#129,3.8E-1);
#131=CARTESIAN_POINT('',(8.75E-1,-1.585E0,-3.43E0));
#132=LINE('',#131,#130);
#133=DIRECTION('',(-1.E0,0.E0,0.E0));
#134=VECTOR('',#133,2.18E0);
#135=CARTESIAN_POINT('',(3.055E0,-1.205E0,-3.43E0));
#136=LINE('',#135,#134);
#137=DIRECTION('',(0.E0,1.E0,0.E0));
#138=VECTOR('',#137,3.8E-1);
#139=CARTESIAN_POINT('',(3.055E0,-1.585E0,-3.43E0));
#140=LINE('',#139,#138);
#141=DIRECTION('',(1.E0,0.E0,0.E0));
#142=VECTOR('',#141,1.78E0);
#143=CARTESIAN_POINT('',(3.055E0,-1.585E0,-3.43E0));
#144=LINE('',#143,#142);
#145=DIRECTION('',(0.E0,1.E0,0.E0));
#146=VECTOR('',#145,3.8E-1);
#147=CARTESIAN_POINT('',(4.835E0,-1.585E0,-3.43E0));
#148=LINE('',#147,#146);
#149=DIRECTION('',(-1.E0,0.E0,0.E0));
#150=VECTOR('',#149,2.18E0);
#151=CARTESIAN_POINT('',(7.015E0,-1.205E0,-3.43E0));
#152=LINE('',#151,#150);
#153=DIRECTION('',(0.E0,1.E0,0.E0));
#154=VECTOR('',#153,3.8E-1);
#155=CARTESIAN_POINT('',(7.015E0,-1.585E0,-3.43E0));
#156=LINE('',#155,#154);
#157=DIRECTION('',(1.E0,0.E0,0.E0));
#158=VECTOR('',#157,1.78E0);
#159=CARTESIAN_POINT('',(7.015E0,-1.585E0,-3.43E0));
#160=LINE('',#159,#158);
#161=DIRECTION('',(0.E0,1.E0,0.E0));
#162=VECTOR('',#161,3.8E-1);
#163=CARTESIAN_POINT('',(8.795E0,-1.585E0,-3.43E0));
#164=LINE('',#163,#162);
#165=DIRECTION('',(-1.E0,0.E0,0.E0));
#166=VECTOR('',#165,2.18E0);
#167=CARTESIAN_POINT('',(1.0975E1,-1.205E0,-3.43E0));
#168=LINE('',#167,#166);
#169=DIRECTION('',(0.E0,1.E0,0.E0));
#170=VECTOR('',#169,3.8E-1);
#171=CARTESIAN_POINT('',(1.0975E1,-1.585E0,-3.43E0));
#172=LINE('',#171,#170);
#173=DIRECTION('',(1.E0,0.E0,0.E0));
#174=VECTOR('',#173,1.78E0);
#175=CARTESIAN_POINT('',(1.0975E1,-1.585E0,-3.43E0));
#176=LINE('',#175,#174);
#177=DIRECTION('',(0.E0,1.E0,0.E0));
#178=VECTOR('',#177,3.8E-1);
#179=CARTESIAN_POINT('',(1.2755E1,-1.585E0,-3.43E0));
#180=LINE('',#179,#178);
#181=DIRECTION('',(-1.E0,0.E0,0.E0));
#182=VECTOR('',#181,2.18E0);
#183=CARTESIAN_POINT('',(1.4935E1,-1.205E0,-3.43E0));
#184=LINE('',#183,#182);
#185=DIRECTION('',(0.E0,1.E0,0.E0));
#186=VECTOR('',#185,3.8E-1);
#187=CARTESIAN_POINT('',(1.4935E1,-1.585E0,-3.43E0));
#188=LINE('',#187,#186);
#189=DIRECTION('',(1.E0,0.E0,0.E0));
#190=VECTOR('',#189,1.78E0);
#191=CARTESIAN_POINT('',(1.4935E1,-1.585E0,-3.43E0));
#192=LINE('',#191,#190);
#193=DIRECTION('',(0.E0,1.E0,0.E0));
#194=VECTOR('',#193,3.8E-1);
#195=CARTESIAN_POINT('',(1.6715E1,-1.585E0,-3.43E0));
#196=LINE('',#195,#194);
#197=DIRECTION('',(-1.E0,0.E0,0.E0));
#198=VECTOR('',#197,2.18E0);
#199=CARTESIAN_POINT('',(1.8895E1,-1.205E0,-3.43E0));
#200=LINE('',#199,#198);
#201=DIRECTION('',(0.E0,1.E0,0.E0));
#202=VECTOR('',#201,3.8E-1);
#203=CARTESIAN_POINT('',(1.8895E1,-1.585E0,-3.43E0));
#204=LINE('',#203,#202);
#205=DIRECTION('',(1.E0,0.E0,0.E0));
#206=VECTOR('',#205,1.78E0);
#207=CARTESIAN_POINT('',(1.8895E1,-1.585E0,-3.43E0));
#208=LINE('',#207,#206);
#209=DIRECTION('',(0.E0,1.E0,0.E0));
#210=VECTOR('',#209,3.8E-1);
#211=CARTESIAN_POINT('',(2.0675E1,-1.585E0,-3.43E0));
#212=LINE('',#211,#210);
#213=DIRECTION('',(-1.E0,0.E0,0.E0));
#214=VECTOR('',#213,2.18E0);
#215=CARTESIAN_POINT('',(2.2855E1,-1.205E0,-3.43E0));
#216=LINE('',#215,#214);
#217=DIRECTION('',(0.E0,1.E0,0.E0));
#218=VECTOR('',#217,3.8E-1);
#219=CARTESIAN_POINT('',(2.2855E1,-1.585E0,-3.43E0));
#220=LINE('',#219,#218);
#221=DIRECTION('',(1.E0,0.E0,0.E0));
#222=VECTOR('',#221,9.2E-1);
#223=CARTESIAN_POINT('',(2.2855E1,-1.585E0,-3.43E0));
#224=LINE('',#223,#222);
#225=DIRECTION('',(0.E0,1.E0,0.E0));
#226=VECTOR('',#225,9.12E0);
#227=CARTESIAN_POINT('',(2.3775E1,-1.585E0,-3.43E0));
#228=LINE('',#227,#226);
#229=DIRECTION('',(0.E0,-1.E0,0.E0));
#230=VECTOR('',#229,5.95E0);
#231=CARTESIAN_POINT('',(1.2375E1,7.535E0,-3.43E0));
#232=LINE('',#231,#230);
#233=DIRECTION('',(1.E0,0.E0,0.E0));
#234=VECTOR('',#233,1.02E0);
#235=CARTESIAN_POINT('',(1.1355E1,1.585E0,-3.43E0));
#236=LINE('',#235,#234);
#237=DIRECTION('',(-1.E0,0.E0,0.E0));
#238=VECTOR('',#237,9.2E-1);
#239=CARTESIAN_POINT('',(2.3775E1,1.585E0,-2.45E0));
#240=LINE('',#239,#238);
#241=DIRECTION('',(0.E0,0.E0,1.E0));
#242=VECTOR('',#241,5.92E0);
#243=CARTESIAN_POINT('',(2.3775E1,1.585E0,-2.45E0));
#244=LINE('',#243,#242);
#245=DIRECTION('',(0.E0,0.E0,1.E0));
#246=VECTOR('',#245,5.92E0);
#247=CARTESIAN_POINT('',(2.2855E1,1.585E0,-2.45E0));
#248=LINE('',#247,#246);
#249=DIRECTION('',(-1.E0,0.E0,0.E0));
#250=VECTOR('',#249,8.9E-1);
#251=CARTESIAN_POINT('',(-2.2885E1,1.585E0,-2.45E0));
#252=LINE('',#251,#250);
#253=DIRECTION('',(0.E0,0.E0,1.E0));
#254=VECTOR('',#253,5.92E0);
#255=CARTESIAN_POINT('',(-2.2885E1,1.585E0,-2.45E0));
#256=LINE('',#255,#254);
#257=DIRECTION('',(-1.E0,0.E0,0.E0));
#258=VECTOR('',#257,1.78E0);
#259=CARTESIAN_POINT('',(2.0675E1,1.585E0,-2.45E0));
#260=LINE('',#259,#258);
#261=DIRECTION('',(0.E0,0.E0,1.E0));
#262=VECTOR('',#261,5.92E0);
#263=CARTESIAN_POINT('',(2.0675E1,1.585E0,-2.45E0));
#264=LINE('',#263,#262);
#265=DIRECTION('',(0.E0,0.E0,1.E0));
#266=VECTOR('',#265,5.92E0);
#267=CARTESIAN_POINT('',(1.8895E1,1.585E0,-2.45E0));
#268=LINE('',#267,#266);
#269=DIRECTION('',(0.E0,0.E0,1.E0));
#270=VECTOR('',#269,5.92E0);
#271=CARTESIAN_POINT('',(-2.0705E1,1.585E0,-2.45E0));
#272=LINE('',#271,#270);
#273=DIRECTION('',(-1.E0,0.E0,0.E0));
#274=VECTOR('',#273,1.78E0);
#275=CARTESIAN_POINT('',(-1.8925E1,1.585E0,-2.45E0));
#276=LINE('',#275,#274);
#277=DIRECTION('',(0.E0,0.E0,1.E0));
#278=VECTOR('',#277,5.92E0);
#279=CARTESIAN_POINT('',(-1.8925E1,1.585E0,-2.45E0));
#280=LINE('',#279,#278);
#281=DIRECTION('',(-1.E0,0.E0,0.E0));
#282=VECTOR('',#281,1.78E0);
#283=CARTESIAN_POINT('',(1.6715E1,1.585E0,-2.45E0));
#284=LINE('',#283,#282);
#285=DIRECTION('',(0.E0,0.E0,1.E0));
#286=VECTOR('',#285,5.92E0);
#287=CARTESIAN_POINT('',(1.6715E1,1.585E0,-2.45E0));
#288=LINE('',#287,#286);
#289=DIRECTION('',(0.E0,0.E0,1.E0));
#290=VECTOR('',#289,5.92E0);
#291=CARTESIAN_POINT('',(1.4935E1,1.585E0,-2.45E0));
#292=LINE('',#291,#290);
#293=DIRECTION('',(-1.E0,0.E0,0.E0));
#294=VECTOR('',#293,1.78E0);
#295=CARTESIAN_POINT('',(8.795E0,1.585E0,-2.45E0));
#296=LINE('',#295,#294);
#297=DIRECTION('',(0.E0,0.E0,1.E0));
#298=VECTOR('',#297,5.92E0);
#299=CARTESIAN_POINT('',(8.795E0,1.585E0,-2.45E0));
#300=LINE('',#299,#298);
#301=DIRECTION('',(0.E0,0.E0,1.E0));
#302=VECTOR('',#301,5.92E0);
#303=CARTESIAN_POINT('',(7.015E0,1.585E0,-2.45E0));
#304=LINE('',#303,#302);
#305=DIRECTION('',(-1.E0,0.E0,0.E0));
#306=VECTOR('',#305,1.78E0);
#307=CARTESIAN_POINT('',(4.835E0,1.585E0,-2.45E0));
#308=LINE('',#307,#306);
#309=DIRECTION('',(0.E0,0.E0,1.E0));
#310=VECTOR('',#309,5.92E0);
#311=CARTESIAN_POINT('',(4.835E0,1.585E0,-2.45E0));
#312=LINE('',#311,#310);
#313=DIRECTION('',(0.E0,0.E0,1.E0));
#314=VECTOR('',#313,5.92E0);
#315=CARTESIAN_POINT('',(3.055E0,1.585E0,-2.45E0));
#316=LINE('',#315,#314);
#317=DIRECTION('',(0.E0,0.E0,1.E0));
#318=VECTOR('',#317,5.92E0);
#319=CARTESIAN_POINT('',(-1.6745E1,1.585E0,-2.45E0));
#320=LINE('',#319,#318);
#321=DIRECTION('',(-1.E0,0.E0,0.E0));
#322=VECTOR('',#321,1.78E0);
#323=CARTESIAN_POINT('',(-1.4965E1,1.585E0,-2.45E0));
#324=LINE('',#323,#322);
#325=DIRECTION('',(0.E0,0.E0,1.E0));
#326=VECTOR('',#325,5.92E0);
#327=CARTESIAN_POINT('',(-1.4965E1,1.585E0,-2.45E0));
#328=LINE('',#327,#326);
#329=DIRECTION('',(0.E0,0.E0,1.E0));
#330=VECTOR('',#329,5.92E0);
#331=CARTESIAN_POINT('',(-8.825E0,1.585E0,-2.45E0));
#332=LINE('',#331,#330);
#333=DIRECTION('',(-1.E0,0.E0,0.E0));
#334=VECTOR('',#333,1.78E0);
#335=CARTESIAN_POINT('',(-7.045E0,1.585E0,-2.45E0));
#336=LINE('',#335,#334);
#337=DIRECTION('',(0.E0,0.E0,1.E0));
#338=VECTOR('',#337,5.92E0);
#339=CARTESIAN_POINT('',(-7.045E0,1.585E0,-2.45E0));
#340=LINE('',#339,#338);
#341=DIRECTION('',(0.E0,0.E0,1.E0));
#342=VECTOR('',#341,5.92E0);
#343=CARTESIAN_POINT('',(-4.865E0,1.585E0,-2.45E0));
#344=LINE('',#343,#342);
#345=DIRECTION('',(-1.E0,0.E0,0.E0));
#346=VECTOR('',#345,1.78E0);
#347=CARTESIAN_POINT('',(-3.085E0,1.585E0,-2.45E0));
#348=LINE('',#347,#346);
#349=DIRECTION('',(0.E0,0.E0,1.E0));
#350=VECTOR('',#349,5.92E0);
#351=CARTESIAN_POINT('',(-3.085E0,1.585E0,-2.45E0));
#352=LINE('',#351,#350);
#353=DIRECTION('',(0.E0,0.E0,1.E0));
#354=VECTOR('',#353,3.E0);
#355=CARTESIAN_POINT('',(-2.0325E1,1.585E0,-1.5E0));
#356=LINE('',#355,#354);
#357=DIRECTION('',(1.E0,0.E0,0.E0));
#358=VECTOR('',#357,1.02E0);
#359=CARTESIAN_POINT('',(-2.0325E1,1.585E0,1.5E0));
#360=LINE('',#359,#358);
#361=DIRECTION('',(0.E0,0.E0,-1.E0));
#362=VECTOR('',#361,3.E0);
#363=CARTESIAN_POINT('',(-1.9305E1,1.585E0,1.5E0));
#364=LINE('',#363,#362);
#365=DIRECTION('',(-1.E0,0.E0,0.E0));
#366=VECTOR('',#365,1.02E0);
#367=CARTESIAN_POINT('',(-1.9305E1,1.585E0,-1.5E0));
#368=LINE('',#367,#366);
#369=DIRECTION('',(0.E0,0.E0,1.E0));
#370=VECTOR('',#369,3.E0);
#371=CARTESIAN_POINT('',(-1.6365E1,1.585E0,-1.5E0));
#372=LINE('',#371,#370);
#373=DIRECTION('',(1.E0,0.E0,0.E0));
#374=VECTOR('',#373,1.02E0);
#375=CARTESIAN_POINT('',(-1.6365E1,1.585E0,1.5E0));
#376=LINE('',#375,#374);
#377=DIRECTION('',(0.E0,0.E0,-1.E0));
#378=VECTOR('',#377,3.E0);
#379=CARTESIAN_POINT('',(-1.5345E1,1.585E0,1.5E0));
#380=LINE('',#379,#378);
#381=DIRECTION('',(-1.E0,0.E0,0.E0));
#382=VECTOR('',#381,1.02E0);
#383=CARTESIAN_POINT('',(-1.5345E1,1.585E0,-1.5E0));
#384=LINE('',#383,#382);
#385=DIRECTION('',(0.E0,0.E0,1.E0));
#386=VECTOR('',#385,3.E0);
#387=CARTESIAN_POINT('',(-1.2405E1,1.585E0,-1.5E0));
#388=LINE('',#387,#386);
#389=DIRECTION('',(1.E0,0.E0,0.E0));
#390=VECTOR('',#389,1.02E0);
#391=CARTESIAN_POINT('',(-1.2405E1,1.585E0,1.5E0));
#392=LINE('',#391,#390);
#393=DIRECTION('',(0.E0,0.E0,-1.E0));
#394=VECTOR('',#393,3.E0);
#395=CARTESIAN_POINT('',(-1.1385E1,1.585E0,1.5E0));
#396=LINE('',#395,#394);
#397=DIRECTION('',(-1.E0,0.E0,0.E0));
#398=VECTOR('',#397,1.02E0);
#399=CARTESIAN_POINT('',(-1.1385E1,1.585E0,-1.5E0));
#400=LINE('',#399,#398);
#401=DIRECTION('',(0.E0,0.E0,1.E0));
#402=VECTOR('',#401,3.E0);
#403=CARTESIAN_POINT('',(-8.445E0,1.585E0,-1.5E0));
#404=LINE('',#403,#402);
#405=DIRECTION('',(1.E0,0.E0,0.E0));
#406=VECTOR('',#405,1.02E0);
#407=CARTESIAN_POINT('',(-8.445E0,1.585E0,1.5E0));
#408=LINE('',#407,#406);
#409=DIRECTION('',(0.E0,0.E0,-1.E0));
#410=VECTOR('',#409,3.E0);
#411=CARTESIAN_POINT('',(-7.425E0,1.585E0,1.5E0));
#412=LINE('',#411,#410);
#413=DIRECTION('',(-1.E0,0.E0,0.E0));
#414=VECTOR('',#413,1.02E0);
#415=CARTESIAN_POINT('',(-7.425E0,1.585E0,-1.5E0));
#416=LINE('',#415,#414);
#417=DIRECTION('',(0.E0,0.E0,1.E0));
#418=VECTOR('',#417,3.E0);
#419=CARTESIAN_POINT('',(-4.485E0,1.585E0,-1.5E0));
#420=LINE('',#419,#418);
#421=DIRECTION('',(1.E0,0.E0,0.E0));
#422=VECTOR('',#421,1.02E0);
#423=CARTESIAN_POINT('',(-4.485E0,1.585E0,1.5E0));
#424=LINE('',#423,#422);
#425=DIRECTION('',(0.E0,0.E0,-1.E0));
#426=VECTOR('',#425,3.E0);
#427=CARTESIAN_POINT('',(-3.465E0,1.585E0,1.5E0));
#428=LINE('',#427,#426);
#429=DIRECTION('',(-1.E0,0.E0,0.E0));
#430=VECTOR('',#429,1.02E0);
#431=CARTESIAN_POINT('',(-3.465E0,1.585E0,-1.5E0));
#432=LINE('',#431,#430);
#433=DIRECTION('',(0.E0,0.E0,1.E0));
#434=VECTOR('',#433,3.E0);
#435=CARTESIAN_POINT('',(-5.25E-1,1.585E0,-1.5E0));
#436=LINE('',#435,#434);
#437=DIRECTION('',(1.E0,0.E0,0.E0));
#438=VECTOR('',#437,1.02E0);
#439=CARTESIAN_POINT('',(-5.25E-1,1.585E0,1.5E0));
#440=LINE('',#439,#438);
#441=DIRECTION('',(0.E0,0.E0,-1.E0));
#442=VECTOR('',#441,3.E0);
#443=CARTESIAN_POINT('',(4.95E-1,1.585E0,1.5E0));
#444=LINE('',#443,#442);
#445=DIRECTION('',(-1.E0,0.E0,0.E0));
#446=VECTOR('',#445,1.02E0);
#447=CARTESIAN_POINT('',(4.95E-1,1.585E0,-1.5E0));
#448=LINE('',#447,#446);
#449=DIRECTION('',(0.E0,0.E0,1.E0));
#450=VECTOR('',#449,3.E0);
#451=CARTESIAN_POINT('',(3.435E0,1.585E0,-1.5E0));
#452=LINE('',#451,#450);
#453=DIRECTION('',(1.E0,0.E0,0.E0));
#454=VECTOR('',#453,1.02E0);
#455=CARTESIAN_POINT('',(3.435E0,1.585E0,1.5E0));
#456=LINE('',#455,#454);
#457=DIRECTION('',(0.E0,0.E0,-1.E0));
#458=VECTOR('',#457,3.E0);
#459=CARTESIAN_POINT('',(4.455E0,1.585E0,1.5E0));
#460=LINE('',#459,#458);
#461=DIRECTION('',(-1.E0,0.E0,0.E0));
#462=VECTOR('',#461,1.02E0);
#463=CARTESIAN_POINT('',(4.455E0,1.585E0,-1.5E0));
#464=LINE('',#463,#462);
#465=DIRECTION('',(0.E0,0.E0,1.E0));
#466=VECTOR('',#465,3.E0);
#467=CARTESIAN_POINT('',(7.395E0,1.585E0,-1.5E0));
#468=LINE('',#467,#466);
#469=DIRECTION('',(1.E0,0.E0,0.E0));
#470=VECTOR('',#469,1.02E0);
#471=CARTESIAN_POINT('',(7.395E0,1.585E0,1.5E0));
#472=LINE('',#471,#470);
#473=DIRECTION('',(0.E0,0.E0,-1.E0));
#474=VECTOR('',#473,3.E0);
#475=CARTESIAN_POINT('',(8.415E0,1.585E0,1.5E0));
#476=LINE('',#475,#474);
#477=DIRECTION('',(-1.E0,0.E0,0.E0));
#478=VECTOR('',#477,1.02E0);
#479=CARTESIAN_POINT('',(8.415E0,1.585E0,-1.5E0));
#480=LINE('',#479,#478);
#481=DIRECTION('',(0.E0,0.E0,1.E0));
#482=VECTOR('',#481,3.E0);
#483=CARTESIAN_POINT('',(1.1355E1,1.585E0,-1.5E0));
#484=LINE('',#483,#482);
#485=DIRECTION('',(1.E0,0.E0,0.E0));
#486=VECTOR('',#485,1.02E0);
#487=CARTESIAN_POINT('',(1.1355E1,1.585E0,1.5E0));
#488=LINE('',#487,#486);
#489=DIRECTION('',(0.E0,0.E0,-1.E0));
#490=VECTOR('',#489,3.E0);
#491=CARTESIAN_POINT('',(1.2375E1,1.585E0,1.5E0));
#492=LINE('',#491,#490);
#493=DIRECTION('',(-1.E0,0.E0,0.E0));
#494=VECTOR('',#493,1.02E0);
#495=CARTESIAN_POINT('',(1.2375E1,1.585E0,-1.5E0));
#496=LINE('',#495,#494);
#497=DIRECTION('',(0.E0,0.E0,1.E0));
#498=VECTOR('',#497,3.E0);
#499=CARTESIAN_POINT('',(1.5315E1,1.585E0,-1.5E0));
#500=LINE('',#499,#498);
#501=DIRECTION('',(1.E0,0.E0,0.E0));
#502=VECTOR('',#501,1.02E0);
#503=CARTESIAN_POINT('',(1.5315E1,1.585E0,1.5E0));
#504=LINE('',#503,#502);
#505=DIRECTION('',(0.E0,0.E0,-1.E0));
#506=VECTOR('',#505,3.E0);
#507=CARTESIAN_POINT('',(1.6335E1,1.585E0,1.5E0));
#508=LINE('',#507,#506);
#509=DIRECTION('',(-1.E0,0.E0,0.E0));
#510=VECTOR('',#509,1.02E0);
#511=CARTESIAN_POINT('',(1.6335E1,1.585E0,-1.5E0));
#512=LINE('',#511,#510);
#513=DIRECTION('',(0.E0,0.E0,1.E0));
#514=VECTOR('',#513,3.E0);
#515=CARTESIAN_POINT('',(1.9275E1,1.585E0,-1.5E0));
#516=LINE('',#515,#514);
#517=DIRECTION('',(1.E0,0.E0,0.E0));
#518=VECTOR('',#517,1.02E0);
#519=CARTESIAN_POINT('',(1.9275E1,1.585E0,1.5E0));
#520=LINE('',#519,#518);
#521=DIRECTION('',(0.E0,0.E0,-1.E0));
#522=VECTOR('',#521,3.E0);
#523=CARTESIAN_POINT('',(2.0295E1,1.585E0,1.5E0));
#524=LINE('',#523,#522);
#525=DIRECTION('',(-1.E0,0.E0,0.E0));
#526=VECTOR('',#525,1.02E0);
#527=CARTESIAN_POINT('',(2.0295E1,1.585E0,-1.5E0));
#528=LINE('',#527,#526);
#529=DIRECTION('',(-1.E0,0.E0,0.E0));
#530=VECTOR('',#529,3.8E-1);
#531=CARTESIAN_POINT('',(-1.2405E1,1.585E0,-2.45E0));
#532=LINE('',#531,#530);
#533=DIRECTION('',(0.E0,0.E0,-1.E0));
#534=VECTOR('',#533,9.8E-1);
#535=CARTESIAN_POINT('',(-1.2405E1,1.585E0,-2.45E0));
#536=LINE('',#535,#534);
#537=DIRECTION('',(-1.E0,0.E0,0.E0));
#538=VECTOR('',#537,3.8E-1);
#539=CARTESIAN_POINT('',(-1.1005E1,1.585E0,-2.45E0));
#540=LINE('',#539,#538);
#541=DIRECTION('',(0.E0,0.E0,1.E0));
#542=VECTOR('',#541,5.92E0);
#543=CARTESIAN_POINT('',(-1.1005E1,1.585E0,-2.45E0));
#544=LINE('',#543,#542);
#545=DIRECTION('',(0.E0,0.E0,1.E0));
#546=VECTOR('',#545,5.92E0);
#547=CARTESIAN_POINT('',(-1.2785E1,1.585E0,-2.45E0));
#548=LINE('',#547,#546);
#549=DIRECTION('',(-1.E0,0.E0,0.E0));
#550=VECTOR('',#549,3.8E-1);
#551=CARTESIAN_POINT('',(-5.25E-1,1.585E0,-2.45E0));
#552=LINE('',#551,#550);
#553=DIRECTION('',(0.E0,0.E0,-1.E0));
#554=VECTOR('',#553,9.8E-1);
#555=CARTESIAN_POINT('',(-5.25E-1,1.585E0,-2.45E0));
#556=LINE('',#555,#554);
#557=DIRECTION('',(-1.E0,0.E0,0.E0));
#558=VECTOR('',#557,3.8E-1);
#559=CARTESIAN_POINT('',(8.75E-1,1.585E0,-2.45E0));
#560=LINE('',#559,#558);
#561=DIRECTION('',(0.E0,0.E0,1.E0));
#562=VECTOR('',#561,5.92E0);
#563=CARTESIAN_POINT('',(8.75E-1,1.585E0,-2.45E0));
#564=LINE('',#563,#562);
#565=DIRECTION('',(0.E0,0.E0,1.E0));
#566=VECTOR('',#565,5.92E0);
#567=CARTESIAN_POINT('',(-9.05E-1,1.585E0,-2.45E0));
#568=LINE('',#567,#566);
#569=DIRECTION('',(-1.E0,0.E0,0.E0));
#570=VECTOR('',#569,3.8E-1);
#571=CARTESIAN_POINT('',(1.1355E1,1.585E0,-2.45E0));
#572=LINE('',#571,#570);
#573=DIRECTION('',(0.E0,0.E0,-1.E0));
#574=VECTOR('',#573,9.8E-1);
#575=CARTESIAN_POINT('',(1.1355E1,1.585E0,-2.45E0));
#576=LINE('',#575,#574);
#577=DIRECTION('',(-1.E0,0.E0,0.E0));
#578=VECTOR('',#577,3.8E-1);
#579=CARTESIAN_POINT('',(1.2755E1,1.585E0,-2.45E0));
#580=LINE('',#579,#578);
#581=DIRECTION('',(0.E0,0.E0,1.E0));
#582=VECTOR('',#581,5.92E0);
#583=CARTESIAN_POINT('',(1.2755E1,1.585E0,-2.45E0));
#584=LINE('',#583,#582);
#585=DIRECTION('',(0.E0,0.E0,1.E0));
#586=VECTOR('',#585,5.92E0);
#587=CARTESIAN_POINT('',(1.0975E1,1.585E0,-2.45E0));
#588=LINE('',#587,#586);
#589=DIRECTION('',(0.E0,-1.E0,0.E0));
#590=VECTOR('',#589,5.291820693124E0);
#591=CARTESIAN_POINT('',(-1.2405E1,6.876820693124E0,-2.45E0));
#592=LINE('',#591,#590);
#593=DIRECTION('',(1.E0,0.E0,0.E0));
#594=VECTOR('',#593,1.137E1);
#595=CARTESIAN_POINT('',(-2.3775E1,6.876820693124E0,-2.45E0));
#596=LINE('',#595,#594);
#597=DIRECTION('',(0.E0,-1.E0,0.E0));
#598=VECTOR('',#597,5.291820693124E0);
#599=CARTESIAN_POINT('',(-5.25E-1,6.876820693124E0,-2.45E0));
#600=LINE('',#599,#598);
#601=DIRECTION('',(0.E0,-1.E0,0.E0));
#602=VECTOR('',#601,5.291820693124E0);
#603=CARTESIAN_POINT('',(-1.1385E1,6.876820693124E0,-2.45E0));
#604=LINE('',#603,#602);
#605=DIRECTION('',(1.E0,0.E0,0.E0));
#606=VECTOR('',#605,1.086E1);
#607=CARTESIAN_POINT('',(-1.1385E1,6.876820693124E0,-2.45E0));
#608=LINE('',#607,#606);
#609=DIRECTION('',(0.E0,-1.E0,0.E0));
#610=VECTOR('',#609,5.291820693124E0);
#611=CARTESIAN_POINT('',(1.1355E1,6.876820693124E0,-2.45E0));
#612=LINE('',#611,#610);
#613=DIRECTION('',(0.E0,-1.E0,0.E0));
#614=VECTOR('',#613,5.291820693124E0);
#615=CARTESIAN_POINT('',(4.95E-1,6.876820693124E0,-2.45E0));
#616=LINE('',#615,#614);
#617=DIRECTION('',(1.E0,0.E0,0.E0));
#618=VECTOR('',#617,1.086E1);
#619=CARTESIAN_POINT('',(4.95E-1,6.876820693124E0,-2.45E0));
#620=LINE('',#619,#618);
#621=DIRECTION('',(0.E0,-1.E0,0.E0));
#622=VECTOR('',#621,5.291820693124E0);
#623=CARTESIAN_POINT('',(1.2375E1,6.876820693124E0,-2.45E0));
#624=LINE('',#623,#622);
#625=DIRECTION('',(1.E0,0.E0,0.E0));
#626=VECTOR('',#625,1.14E1);
#627=CARTESIAN_POINT('',(1.2375E1,6.876820693124E0,-2.45E0));
#628=LINE('',#627,#626);
#629=DIRECTION('',(0.E0,-8.660254037844E-1,5.E-1));
#630=VECTOR('',#629,7.6E-1);
#631=CARTESIAN_POINT('',(-1.2405E1,7.535E0,-2.83E0));
#632=LINE('',#631,#630);
#633=DIRECTION('',(1.E0,0.E0,0.E0));
#634=VECTOR('',#633,1.137E1);
#635=CARTESIAN_POINT('',(-2.3775E1,7.535E0,-2.83E0));
#636=LINE('',#635,#634);
#637=DIRECTION('',(0.E0,-8.660254037844E-1,5.E-1));
#638=VECTOR('',#637,7.6E-1);
#639=CARTESIAN_POINT('',(-5.25E-1,7.535E0,-2.83E0));
#640=LINE('',#639,#638);
#641=DIRECTION('',(0.E0,-8.660254037844E-1,5.E-1));
#642=VECTOR('',#641,7.6E-1);
#643=CARTESIAN_POINT('',(-1.1385E1,7.535E0,-2.83E0));
#644=LINE('',#643,#642);
#645=DIRECTION('',(1.E0,0.E0,0.E0));
#646=VECTOR('',#645,1.086E1);
#647=CARTESIAN_POINT('',(-1.1385E1,7.535E0,-2.83E0));
#648=LINE('',#647,#646);
#649=DIRECTION('',(0.E0,-8.660254037844E-1,5.E-1));
#650=VECTOR('',#649,7.6E-1);
#651=CARTESIAN_POINT('',(1.1355E1,7.535E0,-2.83E0));
#652=LINE('',#651,#650);
#653=DIRECTION('',(0.E0,-8.660254037844E-1,5.E-1));
#654=VECTOR('',#653,7.6E-1);
#655=CARTESIAN_POINT('',(4.95E-1,7.535E0,-2.83E0));
#656=LINE('',#655,#654);
#657=DIRECTION('',(1.E0,0.E0,0.E0));
#658=VECTOR('',#657,1.086E1);
#659=CARTESIAN_POINT('',(4.95E-1,7.535E0,-2.83E0));
#660=LINE('',#659,#658);
#661=DIRECTION('',(0.E0,-8.660254037844E-1,5.E-1));
#662=VECTOR('',#661,7.6E-1);
#663=CARTESIAN_POINT('',(1.2375E1,7.535E0,-2.83E0));
#664=LINE('',#663,#662);
#665=DIRECTION('',(1.E0,0.E0,0.E0));
#666=VECTOR('',#665,1.14E1);
#667=CARTESIAN_POINT('',(1.2375E1,7.535E0,-2.83E0));
#668=LINE('',#667,#666);
#669=DIRECTION('',(0.E0,1.E0,0.E0));
#670=VECTOR('',#669,9.12E0);
#671=CARTESIAN_POINT('',(-2.3775E1,-1.585E0,-3.43E0));
#672=LINE('',#671,#670);
#673=DIRECTION('',(0.E0,0.E0,-1.E0));
#674=VECTOR('',#673,6.E-1);
#675=CARTESIAN_POINT('',(-2.3775E1,7.535E0,-2.83E0));
#676=LINE('',#675,#674);
#677=DIRECTION('',(0.E0,8.660254037844E-1,-5.E-1));
#678=VECTOR('',#677,7.6E-1);
#679=CARTESIAN_POINT('',(-2.3775E1,6.876820693124E0,-2.45E0));
#680=LINE('',#679,#678);
#681=DIRECTION('',(0.E0,-1.E0,0.E0));
#682=VECTOR('',#681,5.291820693124E0);
#683=CARTESIAN_POINT('',(-2.3775E1,6.876820693124E0,-2.45E0));
#684=LINE('',#683,#682);
#685=DIRECTION('',(0.E0,0.E0,1.E0));
#686=VECTOR('',#685,5.92E0);
#687=CARTESIAN_POINT('',(-2.3775E1,1.585E0,-2.45E0));
#688=LINE('',#687,#686);
#689=DIRECTION('',(0.E0,0.E0,1.E0));
#690=VECTOR('',#689,6.E-1);
#691=CARTESIAN_POINT('',(-1.2405E1,7.535E0,-3.43E0));
#692=LINE('',#691,#690);
#693=DIRECTION('',(1.E0,0.E0,0.E0));
#694=VECTOR('',#693,1.137E1);
#695=CARTESIAN_POINT('',(-2.3775E1,7.535E0,-3.43E0));
#696=LINE('',#695,#694);
#697=DIRECTION('',(0.E0,0.E0,1.E0));
#698=VECTOR('',#697,6.E-1);
#699=CARTESIAN_POINT('',(-5.25E-1,7.535E0,-3.43E0));
#700=LINE('',#699,#698);
#701=DIRECTION('',(0.E0,0.E0,1.E0));
#702=VECTOR('',#701,6.E-1);
#703=CARTESIAN_POINT('',(-1.1385E1,7.535E0,-3.43E0));
#704=LINE('',#703,#702);
#705=DIRECTION('',(1.E0,0.E0,0.E0));
#706=VECTOR('',#705,1.086E1);
#707=CARTESIAN_POINT('',(-1.1385E1,7.535E0,-3.43E0));
#708=LINE('',#707,#706);
#709=DIRECTION('',(0.E0,0.E0,1.E0));
#710=VECTOR('',#709,6.E-1);
#711=CARTESIAN_POINT('',(1.1355E1,7.535E0,-3.43E0));
#712=LINE('',#711,#710);
#713=DIRECTION('',(0.E0,0.E0,1.E0));
#714=VECTOR('',#713,6.E-1);
#715=CARTESIAN_POINT('',(4.95E-1,7.535E0,-3.43E0));
#716=LINE('',#715,#714);
#717=DIRECTION('',(1.E0,0.E0,0.E0));
#718=VECTOR('',#717,1.086E1);
#719=CARTESIAN_POINT('',(4.95E-1,7.535E0,-3.43E0));
#720=LINE('',#719,#718);
#721=DIRECTION('',(0.E0,0.E0,1.E0));
#722=VECTOR('',#721,6.E-1);
#723=CARTESIAN_POINT('',(1.2375E1,7.535E0,-3.43E0));
#724=LINE('',#723,#722);
#725=DIRECTION('',(1.E0,0.E0,0.E0));
#726=VECTOR('',#725,1.14E1);
#727=CARTESIAN_POINT('',(1.2375E1,7.535E0,-3.43E0));
#728=LINE('',#727,#726);
#729=DIRECTION('',(0.E0,0.E0,-1.E0));
#730=VECTOR('',#729,9.8E-1);
#731=CARTESIAN_POINT('',(-1.1385E1,1.585E0,-2.45E0));
#732=LINE('',#731,#730);
#733=DIRECTION('',(0.E0,0.E0,-1.E0));
#734=VECTOR('',#733,9.8E-1);
#735=CARTESIAN_POINT('',(4.95E-1,1.585E0,-2.45E0));
#736=LINE('',#735,#734);
#737=DIRECTION('',(0.E0,0.E0,-1.E0));
#738=VECTOR('',#737,9.8E-1);
#739=CARTESIAN_POINT('',(1.2375E1,1.585E0,-2.45E0));
#740=LINE('',#739,#738);
#741=DIRECTION('',(0.E0,-1.E0,0.E0));
#742=VECTOR('',#741,5.291820693124E0);
#743=CARTESIAN_POINT('',(2.3775E1,6.876820693124E0,-2.45E0));
#744=LINE('',#743,#742);
#745=DIRECTION('',(0.E0,-8.660254037844E-1,5.E-1));
#746=VECTOR('',#745,7.6E-1);
#747=CARTESIAN_POINT('',(2.3775E1,7.535E0,-2.83E0));
#748=LINE('',#747,#746);
#749=DIRECTION('',(0.E0,0.E0,1.E0));
#750=VECTOR('',#749,6.E-1);
#751=CARTESIAN_POINT('',(2.3775E1,7.535E0,-3.43E0));
#752=LINE('',#751,#750);
#753=DIRECTION('',(0.E0,0.E0,1.E0));
#754=VECTOR('',#753,6.9E0);
#755=CARTESIAN_POINT('',(2.3775E1,-1.585E0,-3.43E0));
#756=LINE('',#755,#754);
#757=DIRECTION('',(0.E0,0.E0,1.E0));
#758=VECTOR('',#757,6.9E0);
#759=CARTESIAN_POINT('',(-2.2885E1,-1.585E0,-3.43E0));
#760=LINE('',#759,#758);
#761=DIRECTION('',(0.E0,0.E0,1.E0));
#762=VECTOR('',#761,6.9E0);
#763=CARTESIAN_POINT('',(-2.3775E1,-1.585E0,-3.43E0));
#764=LINE('',#763,#762);
#765=DIRECTION('',(0.E0,0.E0,1.E0));
#766=VECTOR('',#765,6.9E0);
#767=CARTESIAN_POINT('',(-1.8925E1,-1.585E0,-3.43E0));
#768=LINE('',#767,#766);
#769=DIRECTION('',(0.E0,0.E0,1.E0));
#770=VECTOR('',#769,6.9E0);
#771=CARTESIAN_POINT('',(-2.0705E1,-1.585E0,-3.43E0));
#772=LINE('',#771,#770);
#773=DIRECTION('',(0.E0,0.E0,1.E0));
#774=VECTOR('',#773,6.9E0);
#775=CARTESIAN_POINT('',(-1.4965E1,-1.585E0,-3.43E0));
#776=LINE('',#775,#774);
#777=DIRECTION('',(0.E0,0.E0,1.E0));
#778=VECTOR('',#777,6.9E0);
#779=CARTESIAN_POINT('',(-1.6745E1,-1.585E0,-3.43E0));
#780=LINE('',#779,#778);
#781=DIRECTION('',(0.E0,0.E0,1.E0));
#782=VECTOR('',#781,6.9E0);
#783=CARTESIAN_POINT('',(-1.1005E1,-1.585E0,-3.43E0));
#784=LINE('',#783,#782);
#785=DIRECTION('',(0.E0,0.E0,1.E0));
#786=VECTOR('',#785,6.9E0);
#787=CARTESIAN_POINT('',(-1.2785E1,-1.585E0,-3.43E0));
#788=LINE('',#787,#786);
#789=DIRECTION('',(0.E0,0.E0,1.E0));
#790=VECTOR('',#789,6.9E0);
#791=CARTESIAN_POINT('',(-7.045E0,-1.585E0,-3.43E0));
#792=LINE('',#791,#790);
#793=DIRECTION('',(0.E0,0.E0,1.E0));
#794=VECTOR('',#793,6.9E0);
#795=CARTESIAN_POINT('',(-8.825E0,-1.585E0,-3.43E0));
#796=LINE('',#795,#794);
#797=DIRECTION('',(0.E0,0.E0,1.E0));
#798=VECTOR('',#797,6.9E0);
#799=CARTESIAN_POINT('',(-3.085E0,-1.585E0,-3.43E0));
#800=LINE('',#799,#798);
#801=DIRECTION('',(0.E0,0.E0,1.E0));
#802=VECTOR('',#801,6.9E0);
#803=CARTESIAN_POINT('',(-4.865E0,-1.585E0,-3.43E0));
#804=LINE('',#803,#802);
#805=DIRECTION('',(0.E0,0.E0,1.E0));
#806=VECTOR('',#805,6.9E0);
#807=CARTESIAN_POINT('',(8.75E-1,-1.585E0,-3.43E0));
#808=LINE('',#807,#806);
#809=DIRECTION('',(0.E0,0.E0,1.E0));
#810=VECTOR('',#809,6.9E0);
#811=CARTESIAN_POINT('',(-9.05E-1,-1.585E0,-3.43E0));
#812=LINE('',#811,#810);
#813=DIRECTION('',(0.E0,0.E0,1.E0));
#814=VECTOR('',#813,6.9E0);
#815=CARTESIAN_POINT('',(4.835E0,-1.585E0,-3.43E0));
#816=LINE('',#815,#814);
#817=DIRECTION('',(0.E0,0.E0,1.E0));
#818=VECTOR('',#817,6.9E0);
#819=CARTESIAN_POINT('',(3.055E0,-1.585E0,-3.43E0));
#820=LINE('',#819,#818);
#821=DIRECTION('',(0.E0,0.E0,1.E0));
#822=VECTOR('',#821,6.9E0);
#823=CARTESIAN_POINT('',(8.795E0,-1.585E0,-3.43E0));
#824=LINE('',#823,#822);
#825=DIRECTION('',(0.E0,0.E0,1.E0));
#826=VECTOR('',#825,6.9E0);
#827=CARTESIAN_POINT('',(7.015E0,-1.585E0,-3.43E0));
#828=LINE('',#827,#826);
#829=DIRECTION('',(0.E0,0.E0,1.E0));
#830=VECTOR('',#829,6.9E0);
#831=CARTESIAN_POINT('',(1.2755E1,-1.585E0,-3.43E0));
#832=LINE('',#831,#830);
#833=DIRECTION('',(0.E0,0.E0,1.E0));
#834=VECTOR('',#833,6.9E0);
#835=CARTESIAN_POINT('',(1.0975E1,-1.585E0,-3.43E0));
#836=LINE('',#835,#834);
#837=DIRECTION('',(0.E0,0.E0,1.E0));
#838=VECTOR('',#837,6.9E0);
#839=CARTESIAN_POINT('',(1.6715E1,-1.585E0,-3.43E0));
#840=LINE('',#839,#838);
#841=DIRECTION('',(0.E0,0.E0,1.E0));
#842=VECTOR('',#841,6.9E0);
#843=CARTESIAN_POINT('',(1.4935E1,-1.585E0,-3.43E0));
#844=LINE('',#843,#842);
#845=DIRECTION('',(0.E0,0.E0,1.E0));
#846=VECTOR('',#845,6.9E0);
#847=CARTESIAN_POINT('',(2.2855E1,-1.585E0,-3.43E0));
#848=LINE('',#847,#846);
#849=DIRECTION('',(0.E0,0.E0,1.E0));
#850=VECTOR('',#849,6.9E0);
#851=CARTESIAN_POINT('',(2.0675E1,-1.585E0,-3.43E0));
#852=LINE('',#851,#850);
#853=DIRECTION('',(0.E0,0.E0,1.E0));
#854=VECTOR('',#853,6.9E0);
#855=CARTESIAN_POINT('',(1.8895E1,-1.585E0,-3.43E0));
#856=LINE('',#855,#854);
#857=DIRECTION('',(0.E0,0.E0,1.E0));
#858=VECTOR('',#857,3.E0);
#859=CARTESIAN_POINT('',(-2.0325E1,-1.585E0,-1.5E0));
#860=LINE('',#859,#858);
#861=DIRECTION('',(-1.E0,0.E0,0.E0));
#862=VECTOR('',#861,1.02E0);
#863=CARTESIAN_POINT('',(-1.9305E1,-1.585E0,-1.5E0));
#864=LINE('',#863,#862);
#865=DIRECTION('',(0.E0,0.E0,-1.E0));
#866=VECTOR('',#865,3.E0);
#867=CARTESIAN_POINT('',(-1.9305E1,-1.585E0,1.5E0));
#868=LINE('',#867,#866);
#869=DIRECTION('',(1.E0,0.E0,0.E0));
#870=VECTOR('',#869,1.02E0);
#871=CARTESIAN_POINT('',(-2.0325E1,-1.585E0,1.5E0));
#872=LINE('',#871,#870);
#873=DIRECTION('',(0.E0,0.E0,1.E0));
#874=VECTOR('',#873,3.E0);
#875=CARTESIAN_POINT('',(-1.6365E1,-1.585E0,-1.5E0));
#876=LINE('',#875,#874);
#877=DIRECTION('',(-1.E0,0.E0,0.E0));
#878=VECTOR('',#877,1.02E0);
#879=CARTESIAN_POINT('',(-1.5345E1,-1.585E0,-1.5E0));
#880=LINE('',#879,#878);
#881=DIRECTION('',(0.E0,0.E0,-1.E0));
#882=VECTOR('',#881,3.E0);
#883=CARTESIAN_POINT('',(-1.5345E1,-1.585E0,1.5E0));
#884=LINE('',#883,#882);
#885=DIRECTION('',(1.E0,0.E0,0.E0));
#886=VECTOR('',#885,1.02E0);
#887=CARTESIAN_POINT('',(-1.6365E1,-1.585E0,1.5E0));
#888=LINE('',#887,#886);
#889=DIRECTION('',(0.E0,0.E0,1.E0));
#890=VECTOR('',#889,3.E0);
#891=CARTESIAN_POINT('',(-1.2405E1,-1.585E0,-1.5E0));
#892=LINE('',#891,#890);
#893=DIRECTION('',(-1.E0,0.E0,0.E0));
#894=VECTOR('',#893,1.02E0);
#895=CARTESIAN_POINT('',(-1.1385E1,-1.585E0,-1.5E0));
#896=LINE('',#895,#894);
#897=DIRECTION('',(0.E0,0.E0,-1.E0));
#898=VECTOR('',#897,3.E0);
#899=CARTESIAN_POINT('',(-1.1385E1,-1.585E0,1.5E0));
#900=LINE('',#899,#898);
#901=DIRECTION('',(1.E0,0.E0,0.E0));
#902=VECTOR('',#901,1.02E0);
#903=CARTESIAN_POINT('',(-1.2405E1,-1.585E0,1.5E0));
#904=LINE('',#903,#902);
#905=DIRECTION('',(0.E0,0.E0,1.E0));
#906=VECTOR('',#905,3.E0);
#907=CARTESIAN_POINT('',(-8.445E0,-1.585E0,-1.5E0));
#908=LINE('',#907,#906);
#909=DIRECTION('',(-1.E0,0.E0,0.E0));
#910=VECTOR('',#909,1.02E0);
#911=CARTESIAN_POINT('',(-7.425E0,-1.585E0,-1.5E0));
#912=LINE('',#911,#910);
#913=DIRECTION('',(0.E0,0.E0,-1.E0));
#914=VECTOR('',#913,3.E0);
#915=CARTESIAN_POINT('',(-7.425E0,-1.585E0,1.5E0));
#916=LINE('',#915,#914);
#917=DIRECTION('',(1.E0,0.E0,0.E0));
#918=VECTOR('',#917,1.02E0);
#919=CARTESIAN_POINT('',(-8.445E0,-1.585E0,1.5E0));
#920=LINE('',#919,#918);
#921=DIRECTION('',(0.E0,0.E0,1.E0));
#922=VECTOR('',#921,3.E0);
#923=CARTESIAN_POINT('',(-4.485E0,-1.585E0,-1.5E0));
#924=LINE('',#923,#922);
#925=DIRECTION('',(-1.E0,0.E0,0.E0));
#926=VECTOR('',#925,1.02E0);
#927=CARTESIAN_POINT('',(-3.465E0,-1.585E0,-1.5E0));
#928=LINE('',#927,#926);
#929=DIRECTION('',(0.E0,0.E0,-1.E0));
#930=VECTOR('',#929,3.E0);
#931=CARTESIAN_POINT('',(-3.465E0,-1.585E0,1.5E0));
#932=LINE('',#931,#930);
#933=DIRECTION('',(1.E0,0.E0,0.E0));
#934=VECTOR('',#933,1.02E0);
#935=CARTESIAN_POINT('',(-4.485E0,-1.585E0,1.5E0));
#936=LINE('',#935,#934);
#937=DIRECTION('',(0.E0,0.E0,1.E0));
#938=VECTOR('',#937,3.E0);
#939=CARTESIAN_POINT('',(-5.25E-1,-1.585E0,-1.5E0));
#940=LINE('',#939,#938);
#941=DIRECTION('',(-1.E0,0.E0,0.E0));
#942=VECTOR('',#941,1.02E0);
#943=CARTESIAN_POINT('',(4.95E-1,-1.585E0,-1.5E0));
#944=LINE('',#943,#942);
#945=DIRECTION('',(0.E0,0.E0,-1.E0));
#946=VECTOR('',#945,3.E0);
#947=CARTESIAN_POINT('',(4.95E-1,-1.585E0,1.5E0));
#948=LINE('',#947,#946);
#949=DIRECTION('',(1.E0,0.E0,0.E0));
#950=VECTOR('',#949,1.02E0);
#951=CARTESIAN_POINT('',(-5.25E-1,-1.585E0,1.5E0));
#952=LINE('',#951,#950);
#953=DIRECTION('',(0.E0,0.E0,1.E0));
#954=VECTOR('',#953,3.E0);
#955=CARTESIAN_POINT('',(3.435E0,-1.585E0,-1.5E0));
#956=LINE('',#955,#954);
#957=DIRECTION('',(-1.E0,0.E0,0.E0));
#958=VECTOR('',#957,1.02E0);
#959=CARTESIAN_POINT('',(4.455E0,-1.585E0,-1.5E0));
#960=LINE('',#959,#958);
#961=DIRECTION('',(0.E0,0.E0,-1.E0));
#962=VECTOR('',#961,3.E0);
#963=CARTESIAN_POINT('',(4.455E0,-1.585E0,1.5E0));
#964=LINE('',#963,#962);
#965=DIRECTION('',(1.E0,0.E0,0.E0));
#966=VECTOR('',#965,1.02E0);
#967=CARTESIAN_POINT('',(3.435E0,-1.585E0,1.5E0));
#968=LINE('',#967,#966);
#969=DIRECTION('',(0.E0,0.E0,1.E0));
#970=VECTOR('',#969,3.E0);
#971=CARTESIAN_POINT('',(7.395E0,-1.585E0,-1.5E0));
#972=LINE('',#971,#970);
#973=DIRECTION('',(-1.E0,0.E0,0.E0));
#974=VECTOR('',#973,1.02E0);
#975=CARTESIAN_POINT('',(8.415E0,-1.585E0,-1.5E0));
#976=LINE('',#975,#974);
#977=DIRECTION('',(0.E0,0.E0,-1.E0));
#978=VECTOR('',#977,3.E0);
#979=CARTESIAN_POINT('',(8.415E0,-1.585E0,1.5E0));
#980=LINE('',#979,#978);
#981=DIRECTION('',(1.E0,0.E0,0.E0));
#982=VECTOR('',#981,1.02E0);
#983=CARTESIAN_POINT('',(7.395E0,-1.585E0,1.5E0));
#984=LINE('',#983,#982);
#985=DIRECTION('',(0.E0,0.E0,1.E0));
#986=VECTOR('',#985,3.E0);
#987=CARTESIAN_POINT('',(1.1355E1,-1.585E0,-1.5E0));
#988=LINE('',#987,#986);
#989=DIRECTION('',(-1.E0,0.E0,0.E0));
#990=VECTOR('',#989,1.02E0);
#991=CARTESIAN_POINT('',(1.2375E1,-1.585E0,-1.5E0));
#992=LINE('',#991,#990);
#993=DIRECTION('',(0.E0,0.E0,-1.E0));
#994=VECTOR('',#993,3.E0);
#995=CARTESIAN_POINT('',(1.2375E1,-1.585E0,1.5E0));
#996=LINE('',#995,#994);
#997=DIRECTION('',(1.E0,0.E0,0.E0));
#998=VECTOR('',#997,1.02E0);
#999=CARTESIAN_POINT('',(1.1355E1,-1.585E0,1.5E0));
#1000=LINE('',#999,#998);
#1001=DIRECTION('',(0.E0,0.E0,1.E0));
#1002=VECTOR('',#1001,3.E0);
#1003=CARTESIAN_POINT('',(1.5315E1,-1.585E0,-1.5E0));
#1004=LINE('',#1003,#1002);
#1005=DIRECTION('',(-1.E0,0.E0,0.E0));
#1006=VECTOR('',#1005,1.02E0);
#1007=CARTESIAN_POINT('',(1.6335E1,-1.585E0,-1.5E0));
#1008=LINE('',#1007,#1006);
#1009=DIRECTION('',(0.E0,0.E0,-1.E0));
#1010=VECTOR('',#1009,3.E0);
#1011=CARTESIAN_POINT('',(1.6335E1,-1.585E0,1.5E0));
#1012=LINE('',#1011,#1010);
#1013=DIRECTION('',(1.E0,0.E0,0.E0));
#1014=VECTOR('',#1013,1.02E0);
#1015=CARTESIAN_POINT('',(1.5315E1,-1.585E0,1.5E0));
#1016=LINE('',#1015,#1014);
#1017=DIRECTION('',(0.E0,0.E0,1.E0));
#1018=VECTOR('',#1017,3.E0);
#1019=CARTESIAN_POINT('',(1.9275E1,-1.585E0,-1.5E0));
#1020=LINE('',#1019,#1018);
#1021=DIRECTION('',(-1.E0,0.E0,0.E0));
#1022=VECTOR('',#1021,1.02E0);
#1023=CARTESIAN_POINT('',(2.0295E1,-1.585E0,-1.5E0));
#1024=LINE('',#1023,#1022);
#1025=DIRECTION('',(0.E0,0.E0,-1.E0));
#1026=VECTOR('',#1025,3.E0);
#1027=CARTESIAN_POINT('',(2.0295E1,-1.585E0,1.5E0));
#1028=LINE('',#1027,#1026);
#1029=DIRECTION('',(1.E0,0.E0,0.E0));
#1030=VECTOR('',#1029,1.02E0);
#1031=CARTESIAN_POINT('',(1.9275E1,-1.585E0,1.5E0));
#1032=LINE('',#1031,#1030);
#1033=DIRECTION('',(0.E0,0.E0,-1.E0));
#1034=VECTOR('',#1033,6.9E0);
#1035=CARTESIAN_POINT('',(-2.2885E1,-1.205E0,3.47E0));
#1036=LINE('',#1035,#1034);
#1037=DIRECTION('',(0.E0,-1.E0,0.E0));
#1038=VECTOR('',#1037,3.8E-1);
#1039=CARTESIAN_POINT('',(2.0675E1,1.585E0,3.47E0));
#1040=LINE('',#1039,#1038);
#1041=DIRECTION('',(1.E0,0.E0,0.E0));
#1042=VECTOR('',#1041,2.18E0);
#1043=CARTESIAN_POINT('',(2.0675E1,1.205E0,3.47E0));
#1044=LINE('',#1043,#1042);
#1045=DIRECTION('',(0.E0,-1.E0,0.E0));
#1046=VECTOR('',#1045,3.8E-1);
#1047=CARTESIAN_POINT('',(2.2855E1,1.585E0,3.47E0));
#1048=LINE('',#1047,#1046);
#1049=DIRECTION('',(-1.E0,0.E0,0.E0));
#1050=VECTOR('',#1049,9.2E-1);
#1051=CARTESIAN_POINT('',(2.3775E1,1.585E0,3.47E0));
#1052=LINE('',#1051,#1050);
#1053=DIRECTION('',(0.E0,1.E0,0.E0));
#1054=VECTOR('',#1053,3.17E0);
#1055=CARTESIAN_POINT('',(2.3775E1,-1.585E0,3.47E0));
#1056=LINE('',#1055,#1054);
#1057=DIRECTION('',(1.E0,0.E0,0.E0));
#1058=VECTOR('',#1057,9.2E-1);
#1059=CARTESIAN_POINT('',(2.2855E1,-1.585E0,3.47E0));
#1060=LINE('',#1059,#1058);
#1061=DIRECTION('',(0.E0,1.E0,0.E0));
#1062=VECTOR('',#1061,3.8E-1);
#1063=CARTESIAN_POINT('',(2.2855E1,-1.585E0,3.47E0));
#1064=LINE('',#1063,#1062);
#1065=DIRECTION('',(-1.E0,0.E0,0.E0));
#1066=VECTOR('',#1065,2.18E0);
#1067=CARTESIAN_POINT('',(2.2855E1,-1.205E0,3.47E0));
#1068=LINE('',#1067,#1066);
#1069=DIRECTION('',(0.E0,1.E0,0.E0));
#1070=VECTOR('',#1069,3.8E-1);
#1071=CARTESIAN_POINT('',(2.0675E1,-1.585E0,3.47E0));
#1072=LINE('',#1071,#1070);
#1073=DIRECTION('',(1.E0,0.E0,0.E0));
#1074=VECTOR('',#1073,1.78E0);
#1075=CARTESIAN_POINT('',(1.8895E1,-1.585E0,3.47E0));
#1076=LINE('',#1075,#1074);
#1077=DIRECTION('',(0.E0,1.E0,0.E0));
#1078=VECTOR('',#1077,3.8E-1);
#1079=CARTESIAN_POINT('',(1.8895E1,-1.585E0,3.47E0));
#1080=LINE('',#1079,#1078);
#1081=DIRECTION('',(-1.E0,0.E0,0.E0));
#1082=VECTOR('',#1081,2.18E0);
#1083=CARTESIAN_POINT('',(1.8895E1,-1.205E0,3.47E0));
#1084=LINE('',#1083,#1082);
#1085=DIRECTION('',(0.E0,1.E0,0.E0));
#1086=VECTOR('',#1085,3.8E-1);
#1087=CARTESIAN_POINT('',(1.6715E1,-1.585E0,3.47E0));
#1088=LINE('',#1087,#1086);
#1089=DIRECTION('',(1.E0,0.E0,0.E0));
#1090=VECTOR('',#1089,1.78E0);
#1091=CARTESIAN_POINT('',(1.4935E1,-1.585E0,3.47E0));
#1092=LINE('',#1091,#1090);
#1093=DIRECTION('',(0.E0,1.E0,0.E0));
#1094=VECTOR('',#1093,3.8E-1);
#1095=CARTESIAN_POINT('',(1.4935E1,-1.585E0,3.47E0));
#1096=LINE('',#1095,#1094);
#1097=DIRECTION('',(-1.E0,0.E0,0.E0));
#1098=VECTOR('',#1097,2.18E0);
#1099=CARTESIAN_POINT('',(1.4935E1,-1.205E0,3.47E0));
#1100=LINE('',#1099,#1098);
#1101=DIRECTION('',(0.E0,1.E0,0.E0));
#1102=VECTOR('',#1101,3.8E-1);
#1103=CARTESIAN_POINT('',(1.2755E1,-1.585E0,3.47E0));
#1104=LINE('',#1103,#1102);
#1105=DIRECTION('',(1.E0,0.E0,0.E0));
#1106=VECTOR('',#1105,1.78E0);
#1107=CARTESIAN_POINT('',(1.0975E1,-1.585E0,3.47E0));
#1108=LINE('',#1107,#1106);
#1109=DIRECTION('',(0.E0,1.E0,0.E0));
#1110=VECTOR('',#1109,3.8E-1);
#1111=CARTESIAN_POINT('',(1.0975E1,-1.585E0,3.47E0));
#1112=LINE('',#1111,#1110);
#1113=DIRECTION('',(-1.E0,0.E0,0.E0));
#1114=VECTOR('',#1113,2.18E0);
#1115=CARTESIAN_POINT('',(1.0975E1,-1.205E0,3.47E0));
#1116=LINE('',#1115,#1114);
#1117=DIRECTION('',(0.E0,1.E0,0.E0));
#1118=VECTOR('',#1117,3.8E-1);
#1119=CARTESIAN_POINT('',(8.795E0,-1.585E0,3.47E0));
#1120=LINE('',#1119,#1118);
#1121=DIRECTION('',(1.E0,0.E0,0.E0));
#1122=VECTOR('',#1121,1.78E0);
#1123=CARTESIAN_POINT('',(7.015E0,-1.585E0,3.47E0));
#1124=LINE('',#1123,#1122);
#1125=DIRECTION('',(0.E0,1.E0,0.E0));
#1126=VECTOR('',#1125,3.8E-1);
#1127=CARTESIAN_POINT('',(7.015E0,-1.585E0,3.47E0));
#1128=LINE('',#1127,#1126);
#1129=DIRECTION('',(-1.E0,0.E0,0.E0));
#1130=VECTOR('',#1129,2.18E0);
#1131=CARTESIAN_POINT('',(7.015E0,-1.205E0,3.47E0));
#1132=LINE('',#1131,#1130);
#1133=DIRECTION('',(0.E0,1.E0,0.E0));
#1134=VECTOR('',#1133,3.8E-1);
#1135=CARTESIAN_POINT('',(4.835E0,-1.585E0,3.47E0));
#1136=LINE('',#1135,#1134);
#1137=DIRECTION('',(1.E0,0.E0,0.E0));
#1138=VECTOR('',#1137,1.78E0);
#1139=CARTESIAN_POINT('',(3.055E0,-1.585E0,3.47E0));
#1140=LINE('',#1139,#1138);
#1141=DIRECTION('',(0.E0,1.E0,0.E0));
#1142=VECTOR('',#1141,3.8E-1);
#1143=CARTESIAN_POINT('',(3.055E0,-1.585E0,3.47E0));
#1144=LINE('',#1143,#1142);
#1145=DIRECTION('',(-1.E0,0.E0,0.E0));
#1146=VECTOR('',#1145,2.18E0);
#1147=CARTESIAN_POINT('',(3.055E0,-1.205E0,3.47E0));
#1148=LINE('',#1147,#1146);
#1149=DIRECTION('',(0.E0,1.E0,0.E0));
#1150=VECTOR('',#1149,3.8E-1);
#1151=CARTESIAN_POINT('',(8.75E-1,-1.585E0,3.47E0));
#1152=LINE('',#1151,#1150);
#1153=DIRECTION('',(1.E0,0.E0,0.E0));
#1154=VECTOR('',#1153,1.78E0);
#1155=CARTESIAN_POINT('',(-9.05E-1,-1.585E0,3.47E0));
#1156=LINE('',#1155,#1154);
#1157=DIRECTION('',(0.E0,1.E0,0.E0));
#1158=VECTOR('',#1157,3.8E-1);
#1159=CARTESIAN_POINT('',(-9.05E-1,-1.585E0,3.47E0));
#1160=LINE('',#1159,#1158);
#1161=DIRECTION('',(-1.E0,0.E0,0.E0));
#1162=VECTOR('',#1161,2.18E0);
#1163=CARTESIAN_POINT('',(-9.05E-1,-1.205E0,3.47E0));
#1164=LINE('',#1163,#1162);
#1165=DIRECTION('',(0.E0,1.E0,0.E0));
#1166=VECTOR('',#1165,3.8E-1);
#1167=CARTESIAN_POINT('',(-3.085E0,-1.585E0,3.47E0));
#1168=LINE('',#1167,#1166);
#1169=DIRECTION('',(1.E0,0.E0,0.E0));
#1170=VECTOR('',#1169,1.78E0);
#1171=CARTESIAN_POINT('',(-4.865E0,-1.585E0,3.47E0));
#1172=LINE('',#1171,#1170);
#1173=DIRECTION('',(0.E0,1.E0,0.E0));
#1174=VECTOR('',#1173,3.8E-1);
#1175=CARTESIAN_POINT('',(-4.865E0,-1.585E0,3.47E0));
#1176=LINE('',#1175,#1174);
#1177=DIRECTION('',(-1.E0,0.E0,0.E0));
#1178=VECTOR('',#1177,2.18E0);
#1179=CARTESIAN_POINT('',(-4.865E0,-1.205E0,3.47E0));
#1180=LINE('',#1179,#1178);
#1181=DIRECTION('',(0.E0,1.E0,0.E0));
#1182=VECTOR('',#1181,3.8E-1);
#1183=CARTESIAN_POINT('',(-7.045E0,-1.585E0,3.47E0));
#1184=LINE('',#1183,#1182);
#1185=DIRECTION('',(1.E0,0.E0,0.E0));
#1186=VECTOR('',#1185,1.78E0);
#1187=CARTESIAN_POINT('',(-8.825E0,-1.585E0,3.47E0));
#1188=LINE('',#1187,#1186);
#1189=DIRECTION('',(0.E0,1.E0,0.E0));
#1190=VECTOR('',#1189,3.8E-1);
#1191=CARTESIAN_POINT('',(-8.825E0,-1.585E0,3.47E0));
#1192=LINE('',#1191,#1190);
#1193=DIRECTION('',(-1.E0,0.E0,0.E0));
#1194=VECTOR('',#1193,2.18E0);
#1195=CARTESIAN_POINT('',(-8.825E0,-1.205E0,3.47E0));
#1196=LINE('',#1195,#1194);
#1197=DIRECTION('',(0.E0,1.E0,0.E0));
#1198=VECTOR('',#1197,3.8E-1);
#1199=CARTESIAN_POINT('',(-1.1005E1,-1.585E0,3.47E0));
#1200=LINE('',#1199,#1198);
#1201=DIRECTION('',(1.E0,0.E0,0.E0));
#1202=VECTOR('',#1201,1.78E0);
#1203=CARTESIAN_POINT('',(-1.2785E1,-1.585E0,3.47E0));
#1204=LINE('',#1203,#1202);
#1205=DIRECTION('',(0.E0,1.E0,0.E0));
#1206=VECTOR('',#1205,3.8E-1);
#1207=CARTESIAN_POINT('',(-1.2785E1,-1.585E0,3.47E0));
#1208=LINE('',#1207,#1206);
#1209=DIRECTION('',(-1.E0,0.E0,0.E0));
#1210=VECTOR('',#1209,2.18E0);
#1211=CARTESIAN_POINT('',(-1.2785E1,-1.205E0,3.47E0));
#1212=LINE('',#1211,#1210);
#1213=DIRECTION('',(0.E0,1.E0,0.E0));
#1214=VECTOR('',#1213,3.8E-1);
#1215=CARTESIAN_POINT('',(-1.4965E1,-1.585E0,3.47E0));
#1216=LINE('',#1215,#1214);
#1217=DIRECTION('',(1.E0,0.E0,0.E0));
#1218=VECTOR('',#1217,1.78E0);
#1219=CARTESIAN_POINT('',(-1.6745E1,-1.585E0,3.47E0));
#1220=LINE('',#1219,#1218);
#1221=DIRECTION('',(0.E0,1.E0,0.E0));
#1222=VECTOR('',#1221,3.8E-1);
#1223=CARTESIAN_POINT('',(-1.6745E1,-1.585E0,3.47E0));
#1224=LINE('',#1223,#1222);
#1225=DIRECTION('',(-1.E0,0.E0,0.E0));
#1226=VECTOR('',#1225,2.18E0);
#1227=CARTESIAN_POINT('',(-1.6745E1,-1.205E0,3.47E0));
#1228=LINE('',#1227,#1226);
#1229=DIRECTION('',(0.E0,1.E0,0.E0));
#1230=VECTOR('',#1229,3.8E-1);
#1231=CARTESIAN_POINT('',(-1.8925E1,-1.585E0,3.47E0));
#1232=LINE('',#1231,#1230);
#1233=DIRECTION('',(1.E0,0.E0,0.E0));
#1234=VECTOR('',#1233,1.78E0);
#1235=CARTESIAN_POINT('',(-2.0705E1,-1.585E0,3.47E0));
#1236=LINE('',#1235,#1234);
#1237=DIRECTION('',(0.E0,1.E0,0.E0));
#1238=VECTOR('',#1237,3.8E-1);
#1239=CARTESIAN_POINT('',(-2.0705E1,-1.585E0,3.47E0));
#1240=LINE('',#1239,#1238);
#1241=DIRECTION('',(-1.E0,0.E0,0.E0));
#1242=VECTOR('',#1241,2.18E0);
#1243=CARTESIAN_POINT('',(-2.0705E1,-1.205E0,3.47E0));
#1244=LINE('',#1243,#1242);
#1245=DIRECTION('',(0.E0,1.E0,0.E0));
#1246=VECTOR('',#1245,3.8E-1);
#1247=CARTESIAN_POINT('',(-2.2885E1,-1.585E0,3.47E0));
#1248=LINE('',#1247,#1246);
#1249=DIRECTION('',(1.E0,0.E0,0.E0));
#1250=VECTOR('',#1249,8.9E-1);
#1251=CARTESIAN_POINT('',(-2.3775E1,-1.585E0,3.47E0));
#1252=LINE('',#1251,#1250);
#1253=DIRECTION('',(0.E0,-1.E0,0.E0));
#1254=VECTOR('',#1253,3.17E0);
#1255=CARTESIAN_POINT('',(-2.3775E1,1.585E0,3.47E0));
#1256=LINE('',#1255,#1254);
#1257=DIRECTION('',(-1.E0,0.E0,0.E0));
#1258=VECTOR('',#1257,8.9E-1);
#1259=CARTESIAN_POINT('',(-2.2885E1,1.585E0,3.47E0));
#1260=LINE('',#1259,#1258);
#1261=DIRECTION('',(0.E0,-1.E0,0.E0));
#1262=VECTOR('',#1261,3.8E-1);
#1263=CARTESIAN_POINT('',(-2.2885E1,1.585E0,3.47E0));
#1264=LINE('',#1263,#1262);
#1265=DIRECTION('',(1.E0,0.E0,0.E0));
#1266=VECTOR('',#1265,2.18E0);
#1267=CARTESIAN_POINT('',(-2.2885E1,1.205E0,3.47E0));
#1268=LINE('',#1267,#1266);
#1269=DIRECTION('',(0.E0,-1.E0,0.E0));
#1270=VECTOR('',#1269,3.8E-1);
#1271=CARTESIAN_POINT('',(-2.0705E1,1.585E0,3.47E0));
#1272=LINE('',#1271,#1270);
#1273=DIRECTION('',(-1.E0,0.E0,0.E0));
#1274=VECTOR('',#1273,1.78E0);
#1275=CARTESIAN_POINT('',(-1.8925E1,1.585E0,3.47E0));
#1276=LINE('',#1275,#1274);
#1277=DIRECTION('',(0.E0,-1.E0,0.E0));
#1278=VECTOR('',#1277,3.8E-1);
#1279=CARTESIAN_POINT('',(-1.8925E1,1.585E0,3.47E0));
#1280=LINE('',#1279,#1278);
#1281=DIRECTION('',(1.E0,0.E0,0.E0));
#1282=VECTOR('',#1281,2.18E0);
#1283=CARTESIAN_POINT('',(-1.8925E1,1.205E0,3.47E0));
#1284=LINE('',#1283,#1282);
#1285=DIRECTION('',(1.869849304632E-14,-1.E0,0.E0));
#1286=VECTOR('',#1285,3.8E-1);
#1287=CARTESIAN_POINT('',(-1.6745E1,1.585E0,3.47E0));
#1288=LINE('',#1287,#1286);
#1289=DIRECTION('',(-1.E0,0.E0,0.E0));
#1290=VECTOR('',#1289,1.78E0);
#1291=CARTESIAN_POINT('',(-1.4965E1,1.585E0,3.47E0));
#1292=LINE('',#1291,#1290);
#1293=DIRECTION('',(0.E0,-1.E0,0.E0));
#1294=VECTOR('',#1293,3.8E-1);
#1295=CARTESIAN_POINT('',(-1.4965E1,1.585E0,3.47E0));
#1296=LINE('',#1295,#1294);
#1297=DIRECTION('',(1.E0,0.E0,0.E0));
#1298=VECTOR('',#1297,2.18E0);
#1299=CARTESIAN_POINT('',(-1.4965E1,1.205E0,3.47E0));
#1300=LINE('',#1299,#1298);
#1301=DIRECTION('',(0.E0,-1.E0,0.E0));
#1302=VECTOR('',#1301,3.8E-1);
#1303=CARTESIAN_POINT('',(-1.2785E1,1.585E0,3.47E0));
#1304=LINE('',#1303,#1302);
#1305=DIRECTION('',(-1.E0,0.E0,0.E0));
#1306=VECTOR('',#1305,1.78E0);
#1307=CARTESIAN_POINT('',(-1.1005E1,1.585E0,3.47E0));
#1308=LINE('',#1307,#1306);
#1309=DIRECTION('',(0.E0,-1.E0,0.E0));
#1310=VECTOR('',#1309,3.8E-1);
#1311=CARTESIAN_POINT('',(-1.1005E1,1.585E0,3.47E0));
#1312=LINE('',#1311,#1310);
#1313=DIRECTION('',(1.E0,0.E0,0.E0));
#1314=VECTOR('',#1313,2.18E0);
#1315=CARTESIAN_POINT('',(-1.1005E1,1.205E0,3.47E0));
#1316=LINE('',#1315,#1314);
#1317=DIRECTION('',(0.E0,-1.E0,0.E0));
#1318=VECTOR('',#1317,3.8E-1);
#1319=CARTESIAN_POINT('',(-8.825E0,1.585E0,3.47E0));
#1320=LINE('',#1319,#1318);
#1321=DIRECTION('',(-1.E0,0.E0,0.E0));
#1322=VECTOR('',#1321,1.78E0);
#1323=CARTESIAN_POINT('',(-7.045E0,1.585E0,3.47E0));
#1324=LINE('',#1323,#1322);
#1325=DIRECTION('',(0.E0,-1.E0,0.E0));
#1326=VECTOR('',#1325,3.8E-1);
#1327=CARTESIAN_POINT('',(-7.045E0,1.585E0,3.47E0));
#1328=LINE('',#1327,#1326);
#1329=DIRECTION('',(1.E0,0.E0,0.E0));
#1330=VECTOR('',#1329,2.18E0);
#1331=CARTESIAN_POINT('',(-7.045E0,1.205E0,3.47E0));
#1332=LINE('',#1331,#1330);
#1333=DIRECTION('',(0.E0,-1.E0,0.E0));
#1334=VECTOR('',#1333,3.8E-1);
#1335=CARTESIAN_POINT('',(-4.865E0,1.585E0,3.47E0));
#1336=LINE('',#1335,#1334);
#1337=DIRECTION('',(-1.E0,0.E0,0.E0));
#1338=VECTOR('',#1337,1.78E0);
#1339=CARTESIAN_POINT('',(-3.085E0,1.585E0,3.47E0));
#1340=LINE('',#1339,#1338);
#1341=DIRECTION('',(0.E0,-1.E0,0.E0));
#1342=VECTOR('',#1341,3.8E-1);
#1343=CARTESIAN_POINT('',(-3.085E0,1.585E0,3.47E0));
#1344=LINE('',#1343,#1342);
#1345=DIRECTION('',(1.E0,0.E0,0.E0));
#1346=VECTOR('',#1345,2.18E0);
#1347=CARTESIAN_POINT('',(-3.085E0,1.205E0,3.47E0));
#1348=LINE('',#1347,#1346);
#1349=DIRECTION('',(0.E0,-1.E0,0.E0));
#1350=VECTOR('',#1349,3.8E-1);
#1351=CARTESIAN_POINT('',(-9.05E-1,1.585E0,3.47E0));
#1352=LINE('',#1351,#1350);
#1353=DIRECTION('',(-1.E0,0.E0,0.E0));
#1354=VECTOR('',#1353,1.78E0);
#1355=CARTESIAN_POINT('',(8.75E-1,1.585E0,3.47E0));
#1356=LINE('',#1355,#1354);
#1357=DIRECTION('',(0.E0,-1.E0,0.E0));
#1358=VECTOR('',#1357,3.8E-1);
#1359=CARTESIAN_POINT('',(8.75E-1,1.585E0,3.47E0));
#1360=LINE('',#1359,#1358);
#1361=DIRECTION('',(1.E0,0.E0,0.E0));
#1362=VECTOR('',#1361,2.18E0);
#1363=CARTESIAN_POINT('',(8.75E-1,1.205E0,3.47E0));
#1364=LINE('',#1363,#1362);
#1365=DIRECTION('',(0.E0,-1.E0,0.E0));
#1366=VECTOR('',#1365,3.8E-1);
#1367=CARTESIAN_POINT('',(3.055E0,1.585E0,3.47E0));
#1368=LINE('',#1367,#1366);
#1369=DIRECTION('',(-1.E0,0.E0,0.E0));
#1370=VECTOR('',#1369,1.78E0);
#1371=CARTESIAN_POINT('',(4.835E0,1.585E0,3.47E0));
#1372=LINE('',#1371,#1370);
#1373=DIRECTION('',(0.E0,-1.E0,0.E0));
#1374=VECTOR('',#1373,3.8E-1);
#1375=CARTESIAN_POINT('',(4.835E0,1.585E0,3.47E0));
#1376=LINE('',#1375,#1374);
#1377=DIRECTION('',(1.E0,0.E0,0.E0));
#1378=VECTOR('',#1377,2.18E0);
#1379=CARTESIAN_POINT('',(4.835E0,1.205E0,3.47E0));
#1380=LINE('',#1379,#1378);
#1381=DIRECTION('',(0.E0,-1.E0,0.E0));
#1382=VECTOR('',#1381,3.8E-1);
#1383=CARTESIAN_POINT('',(7.015E0,1.585E0,3.47E0));
#1384=LINE('',#1383,#1382);
#1385=DIRECTION('',(-1.E0,0.E0,0.E0));
#1386=VECTOR('',#1385,1.78E0);
#1387=CARTESIAN_POINT('',(8.795E0,1.585E0,3.47E0));
#1388=LINE('',#1387,#1386);
#1389=DIRECTION('',(0.E0,-1.E0,0.E0));
#1390=VECTOR('',#1389,3.8E-1);
#1391=CARTESIAN_POINT('',(8.795E0,1.585E0,3.47E0));
#1392=LINE('',#1391,#1390);
#1393=DIRECTION('',(1.E0,0.E0,0.E0));
#1394=VECTOR('',#1393,2.18E0);
#1395=CARTESIAN_POINT('',(8.795E0,1.205E0,3.47E0));
#1396=LINE('',#1395,#1394);
#1397=DIRECTION('',(0.E0,-1.E0,0.E0));
#1398=VECTOR('',#1397,3.8E-1);
#1399=CARTESIAN_POINT('',(1.0975E1,1.585E0,3.47E0));
#1400=LINE('',#1399,#1398);
#1401=DIRECTION('',(-1.E0,0.E0,0.E0));
#1402=VECTOR('',#1401,1.78E0);
#1403=CARTESIAN_POINT('',(1.2755E1,1.585E0,3.47E0));
#1404=LINE('',#1403,#1402);
#1405=DIRECTION('',(0.E0,-1.E0,0.E0));
#1406=VECTOR('',#1405,3.8E-1);
#1407=CARTESIAN_POINT('',(1.2755E1,1.585E0,3.47E0));
#1408=LINE('',#1407,#1406);
#1409=DIRECTION('',(1.E0,0.E0,0.E0));
#1410=VECTOR('',#1409,2.18E0);
#1411=CARTESIAN_POINT('',(1.2755E1,1.205E0,3.47E0));
#1412=LINE('',#1411,#1410);
#1413=DIRECTION('',(0.E0,-1.E0,0.E0));
#1414=VECTOR('',#1413,3.8E-1);
#1415=CARTESIAN_POINT('',(1.4935E1,1.585E0,3.47E0));
#1416=LINE('',#1415,#1414);
#1417=DIRECTION('',(-1.E0,0.E0,0.E0));
#1418=VECTOR('',#1417,1.78E0);
#1419=CARTESIAN_POINT('',(1.6715E1,1.585E0,3.47E0));
#1420=LINE('',#1419,#1418);
#1421=DIRECTION('',(0.E0,-1.E0,0.E0));
#1422=VECTOR('',#1421,3.8E-1);
#1423=CARTESIAN_POINT('',(1.6715E1,1.585E0,3.47E0));
#1424=LINE('',#1423,#1422);
#1425=DIRECTION('',(1.E0,0.E0,0.E0));
#1426=VECTOR('',#1425,2.18E0);
#1427=CARTESIAN_POINT('',(1.6715E1,1.205E0,3.47E0));
#1428=LINE('',#1427,#1426);
#1429=DIRECTION('',(0.E0,-1.E0,0.E0));
#1430=VECTOR('',#1429,3.8E-1);
#1431=CARTESIAN_POINT('',(1.8895E1,1.585E0,3.47E0));
#1432=LINE('',#1431,#1430);
#1433=DIRECTION('',(-1.E0,0.E0,0.E0));
#1434=VECTOR('',#1433,1.78E0);
#1435=CARTESIAN_POINT('',(2.0675E1,1.585E0,3.47E0));
#1436=LINE('',#1435,#1434);
#1437=DIRECTION('',(0.E0,-1.E0,0.E0));
#1438=VECTOR('',#1437,3.8E-1);
#1439=CARTESIAN_POINT('',(2.0675E1,1.585E0,-2.45E0));
#1440=LINE('',#1439,#1438);
#1441=CARTESIAN_POINT('',(2.1765E1,1.205E0,0.E0));
#1442=DIRECTION('',(0.E0,1.E0,0.E0));
#1443=DIRECTION('',(1.E0,0.E0,0.E0));
#1444=AXIS2_PLACEMENT_3D('',#1441,#1442,#1443);
#1446=CARTESIAN_POINT('',(2.1765E1,1.205E0,0.E0));
#1447=DIRECTION('',(0.E0,1.E0,0.E0));
#1448=DIRECTION('',(-1.E0,0.E0,0.E0));
#1449=AXIS2_PLACEMENT_3D('',#1446,#1447,#1448);
#1451=DIRECTION('',(1.E0,0.E0,0.E0));
#1452=VECTOR('',#1451,2.18E0);
#1453=CARTESIAN_POINT('',(2.0675E1,1.205E0,-2.45E0));
#1454=LINE('',#1453,#1452);
#1455=DIRECTION('',(0.E0,0.E0,-1.E0));
#1456=VECTOR('',#1455,5.92E0);
#1457=CARTESIAN_POINT('',(2.0675E1,1.205E0,3.47E0));
#1458=LINE('',#1457,#1456);
#1459=CARTESIAN_POINT('',(2.1765E1,-5.145E0,0.E0));
#1460=DIRECTION('',(0.E0,1.E0,0.E0));
#1461=DIRECTION('',(1.E0,0.E0,0.E0));
#1462=AXIS2_PLACEMENT_3D('',#1459,#1460,#1461);
#1464=DIRECTION('',(0.E0,1.E0,0.E0));
#1465=VECTOR('',#1464,1.092E1);
#1466=CARTESIAN_POINT('',(2.1195E1,1.205E0,0.E0));
#1467=LINE('',#1466,#1465);
#1468=DIRECTION('',(0.E0,1.E0,0.E0));
#1469=VECTOR('',#1468,1.092E1);
#1470=CARTESIAN_POINT('',(2.2335E1,1.205E0,0.E0));
#1471=LINE('',#1470,#1469);
#1472=DIRECTION('',(0.E0,1.E0,0.E0));
#1473=VECTOR('',#1472,3.94E0);
#1474=CARTESIAN_POINT('',(2.2335E1,-5.145E0,0.E0));
#1475=LINE('',#1474,#1473);
#1476=CARTESIAN_POINT('',(2.1765E1,-5.145E0,0.E0));
#1477=DIRECTION('',(0.E0,-1.E0,0.E0));
#1478=DIRECTION('',(1.E0,0.E0,0.E0));
#1479=AXIS2_PLACEMENT_3D('',#1476,#1477,#1478);
#1481=DIRECTION('',(0.E0,1.E0,0.E0));
#1482=VECTOR('',#1481,3.94E0);
#1483=CARTESIAN_POINT('',(2.1195E1,-5.145E0,0.E0));
#1484=LINE('',#1483,#1482);
#1485=DIRECTION('',(-3.568681169914E-1,9.341547768304E-1,0.E0));
#1486=VECTOR('',#1485,9.527329111561E-1);
#1487=CARTESIAN_POINT('',(2.2335E1,1.2125E1,0.E0));
#1488=LINE('',#1487,#1486);
#1489=CARTESIAN_POINT('',(2.1765E1,1.2125E1,0.E0));
#1490=DIRECTION('',(0.E0,-1.E0,0.E0));
#1491=DIRECTION('',(1.E0,0.E0,0.E0));
#1492=AXIS2_PLACEMENT_3D('',#1489,#1490,#1491);
#1494=DIRECTION('',(3.568681169914E-1,9.341547768304E-1,0.E0));
#1495=VECTOR('',#1494,9.527329111561E-1);
#1496=CARTESIAN_POINT('',(2.1195E1,1.2125E1,0.E0));
#1497=LINE('',#1496,#1495);
#1498=CARTESIAN_POINT('',(2.1765E1,1.2125E1,0.E0));
#1499=DIRECTION('',(0.E0,1.E0,0.E0));
#1500=DIRECTION('',(1.E0,0.E0,0.E0));
#1501=AXIS2_PLACEMENT_3D('',#1498,#1499,#1500);
#1503=CARTESIAN_POINT('',(2.1765E1,1.3015E1,0.E0));
#1504=DIRECTION('',(0.E0,-1.E0,0.E0));
#1505=DIRECTION('',(1.E0,0.E0,0.E0));
#1506=AXIS2_PLACEMENT_3D('',#1503,#1504,#1505);
#1508=CARTESIAN_POINT('',(2.1765E1,1.3015E1,0.E0));
#1509=DIRECTION('',(0.E0,1.E0,0.E0));
#1510=DIRECTION('',(1.E0,0.E0,0.E0));
#1511=AXIS2_PLACEMENT_3D('',#1508,#1509,#1510);
#1513=DIRECTION('',(0.E0,0.E0,-1.E0));
#1514=VECTOR('',#1513,6.9E0);
#1515=CARTESIAN_POINT('',(2.2855E1,-1.205E0,3.47E0));
#1516=LINE('',#1515,#1514);
#1517=CARTESIAN_POINT('',(2.1765E1,-1.205E0,0.E0));
#1518=DIRECTION('',(0.E0,1.E0,0.E0));
#1519=DIRECTION('',(1.E0,0.E0,0.E0));
#1520=AXIS2_PLACEMENT_3D('',#1517,#1518,#1519);
#1522=CARTESIAN_POINT('',(2.1765E1,-1.205E0,0.E0));
#1523=DIRECTION('',(0.E0,1.E0,0.E0));
#1524=DIRECTION('',(-1.E0,0.E0,0.E0));
#1525=AXIS2_PLACEMENT_3D('',#1522,#1523,#1524);
#1527=DIRECTION('',(0.E0,0.E0,-1.E0));
#1528=VECTOR('',#1527,6.9E0);
#1529=CARTESIAN_POINT('',(2.0675E1,-1.205E0,3.47E0));
#1530=LINE('',#1529,#1528);
#1531=DIRECTION('',(3.568681169914E-1,9.341547768304E-1,0.E0));
#1532=VECTOR('',#1531,9.527329111561E-1);
#1533=CARTESIAN_POINT('',(2.1995E1,-6.035E0,0.E0));
#1534=LINE('',#1533,#1532);
#1535=CARTESIAN_POINT('',(2.1765E1,-6.035E0,0.E0));
#1536=DIRECTION('',(0.E0,-1.E0,0.E0));
#1537=DIRECTION('',(1.E0,0.E0,0.E0));
#1538=AXIS2_PLACEMENT_3D('',#1535,#1536,#1537);
#1540=DIRECTION('',(-3.568681169914E-1,9.341547768304E-1,0.E0));
#1541=VECTOR('',#1540,9.527329111561E-1);
#1542=CARTESIAN_POINT('',(2.1535E1,-6.035E0,0.E0));
#1543=LINE('',#1542,#1541);
#1544=CARTESIAN_POINT('',(2.1765E1,-6.035E0,0.E0));
#1545=DIRECTION('',(0.E0,1.E0,0.E0));
#1546=DIRECTION('',(1.E0,0.E0,0.E0));
#1547=AXIS2_PLACEMENT_3D('',#1544,#1545,#1546);
#1549=DIRECTION('',(0.E0,1.E0,0.E0));
#1550=VECTOR('',#1549,3.8E-1);
#1551=CARTESIAN_POINT('',(2.2855E1,1.205E0,-2.45E0));
#1552=LINE('',#1551,#1550);
#1553=DIRECTION('',(0.E0,0.E0,-1.E0));
#1554=VECTOR('',#1553,5.92E0);
#1555=CARTESIAN_POINT('',(2.2855E1,1.205E0,3.47E0));
#1556=LINE('',#1555,#1554);
#1557=DIRECTION('',(0.E0,0.E0,-1.E0));
#1558=VECTOR('',#1557,6.9E0);
#1559=CARTESIAN_POINT('',(1.8895E1,-1.205E0,3.47E0));
#1560=LINE('',#1559,#1558);
#1561=CARTESIAN_POINT('',(1.7805E1,-1.205E0,0.E0));
#1562=DIRECTION('',(0.E0,1.E0,0.E0));
#1563=DIRECTION('',(1.E0,0.E0,0.E0));
#1564=AXIS2_PLACEMENT_3D('',#1561,#1562,#1563);
#1566=CARTESIAN_POINT('',(1.7805E1,-1.205E0,0.E0));
#1567=DIRECTION('',(0.E0,1.E0,0.E0));
#1568=DIRECTION('',(-1.E0,0.E0,0.E0));
#1569=AXIS2_PLACEMENT_3D('',#1566,#1567,#1568);
#1571=DIRECTION('',(0.E0,0.E0,-1.E0));
#1572=VECTOR('',#1571,6.9E0);
#1573=CARTESIAN_POINT('',(1.6715E1,-1.205E0,3.47E0));
#1574=LINE('',#1573,#1572);
#1575=CARTESIAN_POINT('',(1.7805E1,-5.145E0,0.E0));
#1576=DIRECTION('',(0.E0,1.E0,0.E0));
#1577=DIRECTION('',(1.E0,0.E0,0.E0));
#1578=AXIS2_PLACEMENT_3D('',#1575,#1576,#1577);
#1580=CARTESIAN_POINT('',(1.7805E1,1.205E0,0.E0));
#1581=DIRECTION('',(0.E0,1.E0,0.E0));
#1582=DIRECTION('',(1.E0,0.E0,0.E0));
#1583=AXIS2_PLACEMENT_3D('',#1580,#1581,#1582);
#1585=CARTESIAN_POINT('',(1.7805E1,1.205E0,0.E0));
#1586=DIRECTION('',(0.E0,1.E0,0.E0));
#1587=DIRECTION('',(-1.E0,0.E0,0.E0));
#1588=AXIS2_PLACEMENT_3D('',#1585,#1586,#1587);
#1590=DIRECTION('',(1.E0,0.E0,0.E0));
#1591=VECTOR('',#1590,2.18E0);
#1592=CARTESIAN_POINT('',(1.6715E1,1.205E0,-2.45E0));
#1593=LINE('',#1592,#1591);
#1594=DIRECTION('',(0.E0,0.E0,-1.E0));
#1595=VECTOR('',#1594,5.92E0);
#1596=CARTESIAN_POINT('',(1.6715E1,1.205E0,3.47E0));
#1597=LINE('',#1596,#1595);
#1598=DIRECTION('',(0.E0,1.E0,0.E0));
#1599=VECTOR('',#1598,1.092E1);
#1600=CARTESIAN_POINT('',(1.7235E1,1.205E0,0.E0));
#1601=LINE('',#1600,#1599);
#1602=DIRECTION('',(0.E0,1.E0,0.E0));
#1603=VECTOR('',#1602,1.092E1);
#1604=CARTESIAN_POINT('',(1.8375E1,1.205E0,0.E0));
#1605=LINE('',#1604,#1603);
#1606=DIRECTION('',(0.E0,1.E0,0.E0));
#1607=VECTOR('',#1606,3.94E0);
#1608=CARTESIAN_POINT('',(1.8375E1,-5.145E0,0.E0));
#1609=LINE('',#1608,#1607);
#1610=CARTESIAN_POINT('',(1.7805E1,-5.145E0,0.E0));
#1611=DIRECTION('',(0.E0,-1.E0,0.E0));
#1612=DIRECTION('',(1.E0,0.E0,0.E0));
#1613=AXIS2_PLACEMENT_3D('',#1610,#1611,#1612);
#1615=DIRECTION('',(0.E0,1.E0,0.E0));
#1616=VECTOR('',#1615,3.94E0);
#1617=CARTESIAN_POINT('',(1.7235E1,-5.145E0,0.E0));
#1618=LINE('',#1617,#1616);
#1619=DIRECTION('',(-3.568681169914E-1,9.341547768304E-1,0.E0));
#1620=VECTOR('',#1619,9.527329111561E-1);
#1621=CARTESIAN_POINT('',(1.8375E1,1.2125E1,0.E0));
#1622=LINE('',#1621,#1620);
#1623=CARTESIAN_POINT('',(1.7805E1,1.2125E1,0.E0));
#1624=DIRECTION('',(0.E0,-1.E0,0.E0));
#1625=DIRECTION('',(1.E0,0.E0,0.E0));
#1626=AXIS2_PLACEMENT_3D('',#1623,#1624,#1625);
#1628=DIRECTION('',(3.568681169914E-1,9.341547768304E-1,0.E0));
#1629=VECTOR('',#1628,9.527329111561E-1);
#1630=CARTESIAN_POINT('',(1.7235E1,1.2125E1,0.E0));
#1631=LINE('',#1630,#1629);
#1632=CARTESIAN_POINT('',(1.7805E1,1.2125E1,0.E0));
#1633=DIRECTION('',(0.E0,1.E0,0.E0));
#1634=DIRECTION('',(1.E0,0.E0,0.E0));
#1635=AXIS2_PLACEMENT_3D('',#1632,#1633,#1634);
#1637=CARTESIAN_POINT('',(1.7805E1,1.3015E1,0.E0));
#1638=DIRECTION('',(0.E0,-1.E0,0.E0));
#1639=DIRECTION('',(1.E0,0.E0,0.E0));
#1640=AXIS2_PLACEMENT_3D('',#1637,#1638,#1639);
#1642=CARTESIAN_POINT('',(1.7805E1,1.3015E1,0.E0));
#1643=DIRECTION('',(0.E0,1.E0,0.E0));
#1644=DIRECTION('',(1.E0,0.E0,0.E0));
#1645=AXIS2_PLACEMENT_3D('',#1642,#1643,#1644);
#1647=DIRECTION('',(3.568681169914E-1,9.341547768304E-1,0.E0));
#1648=VECTOR('',#1647,9.527329111561E-1);
#1649=CARTESIAN_POINT('',(1.8035E1,-6.035E0,0.E0));
#1650=LINE('',#1649,#1648);
#1651=CARTESIAN_POINT('',(1.7805E1,-6.035E0,0.E0));
#1652=DIRECTION('',(0.E0,-1.E0,0.E0));
#1653=DIRECTION('',(1.E0,0.E0,0.E0));
#1654=AXIS2_PLACEMENT_3D('',#1651,#1652,#1653);
#1656=DIRECTION('',(-3.568681169914E-1,9.341547768304E-1,0.E0));
#1657=VECTOR('',#1656,9.527329111561E-1);
#1658=CARTESIAN_POINT('',(1.7575E1,-6.035E0,0.E0));
#1659=LINE('',#1658,#1657);
#1660=CARTESIAN_POINT('',(1.7805E1,-6.035E0,0.E0));
#1661=DIRECTION('',(0.E0,1.E0,0.E0));
#1662=DIRECTION('',(1.E0,0.E0,0.E0));
#1663=AXIS2_PLACEMENT_3D('',#1660,#1661,#1662);
#1665=DIRECTION('',(0.E0,1.E0,0.E0));
#1666=VECTOR('',#1665,3.8E-1);
#1667=CARTESIAN_POINT('',(1.8895E1,1.205E0,-2.45E0));
#1668=LINE('',#1667,#1666);
#1669=DIRECTION('',(0.E0,0.E0,-1.E0));
#1670=VECTOR('',#1669,5.92E0);
#1671=CARTESIAN_POINT('',(1.8895E1,1.205E0,3.47E0));
#1672=LINE('',#1671,#1670);
#1673=DIRECTION('',(0.E0,-1.E0,0.E0));
#1674=VECTOR('',#1673,3.8E-1);
#1675=CARTESIAN_POINT('',(1.6715E1,1.585E0,-2.45E0));
#1676=LINE('',#1675,#1674);
#1677=DIRECTION('',(0.E0,0.E0,-1.E0));
#1678=VECTOR('',#1677,6.9E0);
#1679=CARTESIAN_POINT('',(1.4935E1,-1.205E0,3.47E0));
#1680=LINE('',#1679,#1678);
#1681=CARTESIAN_POINT('',(1.3845E1,-1.205E0,0.E0));
#1682=DIRECTION('',(0.E0,1.E0,0.E0));
#1683=DIRECTION('',(1.E0,0.E0,0.E0));
#1684=AXIS2_PLACEMENT_3D('',#1681,#1682,#1683);
#1686=CARTESIAN_POINT('',(1.3845E1,-1.205E0,0.E0));
#1687=DIRECTION('',(0.E0,1.E0,0.E0));
#1688=DIRECTION('',(-1.E0,0.E0,0.E0));
#1689=AXIS2_PLACEMENT_3D('',#1686,#1687,#1688);
#1691=DIRECTION('',(0.E0,0.E0,-1.E0));
#1692=VECTOR('',#1691,6.9E0);
#1693=CARTESIAN_POINT('',(1.2755E1,-1.205E0,3.47E0));
#1694=LINE('',#1693,#1692);
#1695=CARTESIAN_POINT('',(1.3845E1,-5.145E0,0.E0));
#1696=DIRECTION('',(0.E0,1.E0,0.E0));
#1697=DIRECTION('',(1.E0,0.E0,0.E0));
#1698=AXIS2_PLACEMENT_3D('',#1695,#1696,#1697);
#1700=CARTESIAN_POINT('',(1.3845E1,1.205E0,0.E0));
#1701=DIRECTION('',(0.E0,1.E0,0.E0));
#1702=DIRECTION('',(1.E0,0.E0,0.E0));
#1703=AXIS2_PLACEMENT_3D('',#1700,#1701,#1702);
#1705=CARTESIAN_POINT('',(1.3845E1,1.205E0,0.E0));
#1706=DIRECTION('',(0.E0,1.E0,0.E0));
#1707=DIRECTION('',(-1.E0,0.E0,0.E0));
#1708=AXIS2_PLACEMENT_3D('',#1705,#1706,#1707);
#1710=DIRECTION('',(1.E0,0.E0,0.E0));
#1711=VECTOR('',#1710,2.18E0);
#1712=CARTESIAN_POINT('',(1.2755E1,1.205E0,-2.45E0));
#1713=LINE('',#1712,#1711);
#1714=DIRECTION('',(0.E0,0.E0,-1.E0));
#1715=VECTOR('',#1714,5.92E0);
#1716=CARTESIAN_POINT('',(1.2755E1,1.205E0,3.47E0));
#1717=LINE('',#1716,#1715);
#1718=DIRECTION('',(0.E0,1.E0,0.E0));
#1719=VECTOR('',#1718,1.092E1);
#1720=CARTESIAN_POINT('',(1.3275E1,1.205E0,0.E0));
#1721=LINE('',#1720,#1719);
#1722=DIRECTION('',(0.E0,1.E0,0.E0));
#1723=VECTOR('',#1722,1.092E1);
#1724=CARTESIAN_POINT('',(1.4415E1,1.205E0,0.E0));
#1725=LINE('',#1724,#1723);
#1726=DIRECTION('',(0.E0,1.E0,0.E0));
#1727=VECTOR('',#1726,3.94E0);
#1728=CARTESIAN_POINT('',(1.4415E1,-5.145E0,0.E0));
#1729=LINE('',#1728,#1727);
#1730=CARTESIAN_POINT('',(1.3845E1,-5.145E0,0.E0));
#1731=DIRECTION('',(0.E0,-1.E0,0.E0));
#1732=DIRECTION('',(1.E0,0.E0,0.E0));
#1733=AXIS2_PLACEMENT_3D('',#1730,#1731,#1732);
#1735=DIRECTION('',(0.E0,1.E0,0.E0));
#1736=VECTOR('',#1735,3.94E0);
#1737=CARTESIAN_POINT('',(1.3275E1,-5.145E0,0.E0));
#1738=LINE('',#1737,#1736);
#1739=DIRECTION('',(-3.568681169914E-1,9.341547768304E-1,0.E0));
#1740=VECTOR('',#1739,9.527329111561E-1);
#1741=CARTESIAN_POINT('',(1.4415E1,1.2125E1,0.E0));
#1742=LINE('',#1741,#1740);
#1743=CARTESIAN_POINT('',(1.3845E1,1.2125E1,0.E0));
#1744=DIRECTION('',(0.E0,-1.E0,0.E0));
#1745=DIRECTION('',(1.E0,0.E0,0.E0));
#1746=AXIS2_PLACEMENT_3D('',#1743,#1744,#1745);
#1748=DIRECTION('',(3.568681169914E-1,9.341547768304E-1,0.E0));
#1749=VECTOR('',#1748,9.527329111561E-1);
#1750=CARTESIAN_POINT('',(1.3275E1,1.2125E1,0.E0));
#1751=LINE('',#1750,#1749);
#1752=CARTESIAN_POINT('',(1.3845E1,1.2125E1,0.E0));
#1753=DIRECTION('',(0.E0,1.E0,0.E0));
#1754=DIRECTION('',(1.E0,0.E0,0.E0));
#1755=AXIS2_PLACEMENT_3D('',#1752,#1753,#1754);
#1757=CARTESIAN_POINT('',(1.3845E1,1.3015E1,0.E0));
#1758=DIRECTION('',(0.E0,-1.E0,0.E0));
#1759=DIRECTION('',(1.E0,0.E0,0.E0));
#1760=AXIS2_PLACEMENT_3D('',#1757,#1758,#1759);
#1762=CARTESIAN_POINT('',(1.3845E1,1.3015E1,0.E0));
#1763=DIRECTION('',(0.E0,1.E0,0.E0));
#1764=DIRECTION('',(1.E0,0.E0,0.E0));
#1765=AXIS2_PLACEMENT_3D('',#1762,#1763,#1764);
#1767=DIRECTION('',(3.568681169914E-1,9.341547768304E-1,0.E0));
#1768=VECTOR('',#1767,9.527329111561E-1);
#1769=CARTESIAN_POINT('',(1.4075E1,-6.035E0,0.E0));
#1770=LINE('',#1769,#1768);
#1771=CARTESIAN_POINT('',(1.3845E1,-6.035E0,0.E0));
#1772=DIRECTION('',(0.E0,-1.E0,0.E0));
#1773=DIRECTION('',(1.E0,0.E0,0.E0));
#1774=AXIS2_PLACEMENT_3D('',#1771,#1772,#1773);
#1776=DIRECTION('',(-3.568681169914E-1,9.341547768304E-1,0.E0));
#1777=VECTOR('',#1776,9.527329111561E-1);
#1778=CARTESIAN_POINT('',(1.3615E1,-6.035E0,0.E0));
#1779=LINE('',#1778,#1777);
#1780=CARTESIAN_POINT('',(1.3845E1,-6.035E0,0.E0));
#1781=DIRECTION('',(0.E0,1.E0,0.E0));
#1782=DIRECTION('',(1.E0,0.E0,0.E0));
#1783=AXIS2_PLACEMENT_3D('',#1780,#1781,#1782);
#1785=DIRECTION('',(0.E0,1.E0,0.E0));
#1786=VECTOR('',#1785,3.8E-1);
#1787=CARTESIAN_POINT('',(1.4935E1,1.205E0,-2.45E0));
#1788=LINE('',#1787,#1786);
#1789=DIRECTION('',(0.E0,0.E0,-1.E0));
#1790=VECTOR('',#1789,5.92E0);
#1791=CARTESIAN_POINT('',(1.4935E1,1.205E0,3.47E0));
#1792=LINE('',#1791,#1790);
#1793=DIRECTION('',(0.E0,-1.E0,0.E0));
#1794=VECTOR('',#1793,3.8E-1);
#1795=CARTESIAN_POINT('',(1.2755E1,1.585E0,-2.45E0));
#1796=LINE('',#1795,#1794);
#1797=DIRECTION('',(0.E0,0.E0,-1.E0));
#1798=VECTOR('',#1797,6.9E0);
#1799=CARTESIAN_POINT('',(1.0975E1,-1.205E0,3.47E0));
#1800=LINE('',#1799,#1798);
#1801=CARTESIAN_POINT('',(9.885E0,-1.205E0,0.E0));
#1802=DIRECTION('',(0.E0,1.E0,0.E0));
#1803=DIRECTION('',(1.E0,0.E0,0.E0));
#1804=AXIS2_PLACEMENT_3D('',#1801,#1802,#1803);
#1806=CARTESIAN_POINT('',(9.885E0,-1.205E0,0.E0));
#1807=DIRECTION('',(0.E0,1.E0,0.E0));
#1808=DIRECTION('',(-1.E0,0.E0,0.E0));
#1809=AXIS2_PLACEMENT_3D('',#1806,#1807,#1808);
#1811=DIRECTION('',(0.E0,0.E0,-1.E0));
#1812=VECTOR('',#1811,6.9E0);
#1813=CARTESIAN_POINT('',(8.795E0,-1.205E0,3.47E0));
#1814=LINE('',#1813,#1812);
#1815=CARTESIAN_POINT('',(9.885E0,-5.145E0,0.E0));
#1816=DIRECTION('',(0.E0,1.E0,0.E0));
#1817=DIRECTION('',(1.E0,0.E0,0.E0));
#1818=AXIS2_PLACEMENT_3D('',#1815,#1816,#1817);
#1820=CARTESIAN_POINT('',(9.885E0,1.205E0,0.E0));
#1821=DIRECTION('',(0.E0,1.E0,0.E0));
#1822=DIRECTION('',(1.E0,0.E0,0.E0));
#1823=AXIS2_PLACEMENT_3D('',#1820,#1821,#1822);
#1825=CARTESIAN_POINT('',(9.885E0,1.205E0,0.E0));
#1826=DIRECTION('',(0.E0,1.E0,0.E0));
#1827=DIRECTION('',(-1.E0,0.E0,0.E0));
#1828=AXIS2_PLACEMENT_3D('',#1825,#1826,#1827);
#1830=DIRECTION('',(1.E0,0.E0,0.E0));
#1831=VECTOR('',#1830,2.18E0);
#1832=CARTESIAN_POINT('',(8.795E0,1.205E0,-2.45E0));
#1833=LINE('',#1832,#1831);
#1834=DIRECTION('',(0.E0,0.E0,-1.E0));
#1835=VECTOR('',#1834,5.92E0);
#1836=CARTESIAN_POINT('',(8.795E0,1.205E0,3.47E0));
#1837=LINE('',#1836,#1835);
#1838=DIRECTION('',(0.E0,1.E0,0.E0));
#1839=VECTOR('',#1838,1.092E1);
#1840=CARTESIAN_POINT('',(9.315E0,1.205E0,0.E0));
#1841=LINE('',#1840,#1839);
#1842=DIRECTION('',(0.E0,1.E0,0.E0));
#1843=VECTOR('',#1842,1.092E1);
#1844=CARTESIAN_POINT('',(1.0455E1,1.205E0,0.E0));
#1845=LINE('',#1844,#1843);
#1846=DIRECTION('',(0.E0,1.E0,0.E0));
#1847=VECTOR('',#1846,3.94E0);
#1848=CARTESIAN_POINT('',(1.0455E1,-5.145E0,0.E0));
#1849=LINE('',#1848,#1847);
#1850=CARTESIAN_POINT('',(9.885E0,-5.145E0,0.E0));
#1851=DIRECTION('',(0.E0,-1.E0,0.E0));
#1852=DIRECTION('',(1.E0,0.E0,0.E0));
#1853=AXIS2_PLACEMENT_3D('',#1850,#1851,#1852);
#1855=DIRECTION('',(0.E0,1.E0,0.E0));
#1856=VECTOR('',#1855,3.94E0);
#1857=CARTESIAN_POINT('',(9.315E0,-5.145E0,0.E0));
#1858=LINE('',#1857,#1856);
#1859=DIRECTION('',(-3.568681169914E-1,9.341547768304E-1,0.E0));
#1860=VECTOR('',#1859,9.527329111561E-1);
#1861=CARTESIAN_POINT('',(1.0455E1,1.2125E1,0.E0));
#1862=LINE('',#1861,#1860);
#1863=CARTESIAN_POINT('',(9.885E0,1.2125E1,0.E0));
#1864=DIRECTION('',(0.E0,-1.E0,0.E0));
#1865=DIRECTION('',(1.E0,0.E0,0.E0));
#1866=AXIS2_PLACEMENT_3D('',#1863,#1864,#1865);
#1868=DIRECTION('',(3.568681169914E-1,9.341547768304E-1,0.E0));
#1869=VECTOR('',#1868,9.527329111561E-1);
#1870=CARTESIAN_POINT('',(9.315E0,1.2125E1,0.E0));
#1871=LINE('',#1870,#1869);
#1872=CARTESIAN_POINT('',(9.885E0,1.2125E1,0.E0));
#1873=DIRECTION('',(0.E0,1.E0,0.E0));
#1874=DIRECTION('',(1.E0,0.E0,0.E0));
#1875=AXIS2_PLACEMENT_3D('',#1872,#1873,#1874);
#1877=CARTESIAN_POINT('',(9.885E0,1.3015E1,0.E0));
#1878=DIRECTION('',(0.E0,-1.E0,0.E0));
#1879=DIRECTION('',(1.E0,0.E0,0.E0));
#1880=AXIS2_PLACEMENT_3D('',#1877,#1878,#1879);
#1882=CARTESIAN_POINT('',(9.885E0,1.3015E1,0.E0));
#1883=DIRECTION('',(0.E0,1.E0,0.E0));
#1884=DIRECTION('',(1.E0,0.E0,0.E0));
#1885=AXIS2_PLACEMENT_3D('',#1882,#1883,#1884);
#1887=DIRECTION('',(3.568681169914E-1,9.341547768304E-1,0.E0));
#1888=VECTOR('',#1887,9.527329111561E-1);
#1889=CARTESIAN_POINT('',(1.0115E1,-6.035E0,0.E0));
#1890=LINE('',#1889,#1888);
#1891=CARTESIAN_POINT('',(9.885E0,-6.035E0,0.E0));
#1892=DIRECTION('',(0.E0,-1.E0,0.E0));
#1893=DIRECTION('',(1.E0,0.E0,0.E0));
#1894=AXIS2_PLACEMENT_3D('',#1891,#1892,#1893);
#1896=DIRECTION('',(-3.568681169914E-1,9.341547768304E-1,0.E0));
#1897=VECTOR('',#1896,9.527329111561E-1);
#1898=CARTESIAN_POINT('',(9.655E0,-6.035E0,0.E0));
#1899=LINE('',#1898,#1897);
#1900=CARTESIAN_POINT('',(9.885E0,-6.035E0,0.E0));
#1901=DIRECTION('',(0.E0,1.E0,0.E0));
#1902=DIRECTION('',(1.E0,0.E0,0.E0));
#1903=AXIS2_PLACEMENT_3D('',#1900,#1901,#1902);
#1905=DIRECTION('',(0.E0,1.E0,0.E0));
#1906=VECTOR('',#1905,3.8E-1);
#1907=CARTESIAN_POINT('',(1.0975E1,1.205E0,-2.45E0));
#1908=LINE('',#1907,#1906);
#1909=DIRECTION('',(0.E0,0.E0,-1.E0));
#1910=VECTOR('',#1909,5.92E0);
#1911=CARTESIAN_POINT('',(1.0975E1,1.205E0,3.47E0));
#1912=LINE('',#1911,#1910);
#1913=DIRECTION('',(0.E0,-1.E0,0.E0));
#1914=VECTOR('',#1913,3.8E-1);
#1915=CARTESIAN_POINT('',(8.795E0,1.585E0,-2.45E0));
#1916=LINE('',#1915,#1914);
#1917=DIRECTION('',(0.E0,0.E0,-1.E0));
#1918=VECTOR('',#1917,6.9E0);
#1919=CARTESIAN_POINT('',(7.015E0,-1.205E0,3.47E0));
#1920=LINE('',#1919,#1918);
#1921=CARTESIAN_POINT('',(5.925E0,-1.205E0,0.E0));
#1922=DIRECTION('',(0.E0,1.E0,0.E0));
#1923=DIRECTION('',(1.E0,0.E0,0.E0));
#1924=AXIS2_PLACEMENT_3D('',#1921,#1922,#1923);
#1926=CARTESIAN_POINT('',(5.925E0,-1.205E0,0.E0));
#1927=DIRECTION('',(0.E0,1.E0,0.E0));
#1928=DIRECTION('',(-1.E0,0.E0,0.E0));
#1929=AXIS2_PLACEMENT_3D('',#1926,#1927,#1928);
#1931=DIRECTION('',(0.E0,0.E0,-1.E0));
#1932=VECTOR('',#1931,6.9E0);
#1933=CARTESIAN_POINT('',(4.835E0,-1.205E0,3.47E0));
#1934=LINE('',#1933,#1932);
#1935=CARTESIAN_POINT('',(5.925E0,-5.145E0,0.E0));
#1936=DIRECTION('',(0.E0,1.E0,0.E0));
#1937=DIRECTION('',(1.E0,0.E0,0.E0));
#1938=AXIS2_PLACEMENT_3D('',#1935,#1936,#1937);
#1940=CARTESIAN_POINT('',(5.925E0,1.205E0,0.E0));
#1941=DIRECTION('',(0.E0,1.E0,0.E0));
#1942=DIRECTION('',(1.E0,0.E0,0.E0));
#1943=AXIS2_PLACEMENT_3D('',#1940,#1941,#1942);
#1945=CARTESIAN_POINT('',(5.925E0,1.205E0,0.E0));
#1946=DIRECTION('',(0.E0,1.E0,0.E0));
#1947=DIRECTION('',(-1.E0,0.E0,0.E0));
#1948=AXIS2_PLACEMENT_3D('',#1945,#1946,#1947);
#1950=DIRECTION('',(1.E0,0.E0,0.E0));
#1951=VECTOR('',#1950,2.18E0);
#1952=CARTESIAN_POINT('',(4.835E0,1.205E0,-2.45E0));
#1953=LINE('',#1952,#1951);
#1954=DIRECTION('',(0.E0,0.E0,-1.E0));
#1955=VECTOR('',#1954,5.92E0);
#1956=CARTESIAN_POINT('',(4.835E0,1.205E0,3.47E0));
#1957=LINE('',#1956,#1955);
#1958=DIRECTION('',(0.E0,1.E0,0.E0));
#1959=VECTOR('',#1958,1.092E1);
#1960=CARTESIAN_POINT('',(5.355E0,1.205E0,0.E0));
#1961=LINE('',#1960,#1959);
#1962=DIRECTION('',(0.E0,1.E0,0.E0));
#1963=VECTOR('',#1962,1.092E1);
#1964=CARTESIAN_POINT('',(6.495E0,1.205E0,0.E0));
#1965=LINE('',#1964,#1963);
#1966=DIRECTION('',(0.E0,1.E0,0.E0));
#1967=VECTOR('',#1966,3.94E0);
#1968=CARTESIAN_POINT('',(6.495E0,-5.145E0,0.E0));
#1969=LINE('',#1968,#1967);
#1970=CARTESIAN_POINT('',(5.925E0,-5.145E0,0.E0));
#1971=DIRECTION('',(0.E0,-1.E0,0.E0));
#1972=DIRECTION('',(1.E0,0.E0,0.E0));
#1973=AXIS2_PLACEMENT_3D('',#1970,#1971,#1972);
#1975=DIRECTION('',(0.E0,1.E0,0.E0));
#1976=VECTOR('',#1975,3.94E0);
#1977=CARTESIAN_POINT('',(5.355E0,-5.145E0,0.E0));
#1978=LINE('',#1977,#1976);
#1979=DIRECTION('',(-3.568681169914E-1,9.341547768304E-1,0.E0));
#1980=VECTOR('',#1979,9.527329111561E-1);
#1981=CARTESIAN_POINT('',(6.495E0,1.2125E1,0.E0));
#1982=LINE('',#1981,#1980);
#1983=CARTESIAN_POINT('',(5.925E0,1.2125E1,0.E0));
#1984=DIRECTION('',(0.E0,-1.E0,0.E0));
#1985=DIRECTION('',(1.E0,0.E0,0.E0));
#1986=AXIS2_PLACEMENT_3D('',#1983,#1984,#1985);
#1988=DIRECTION('',(3.568681169914E-1,9.341547768304E-1,0.E0));
#1989=VECTOR('',#1988,9.527329111561E-1);
#1990=CARTESIAN_POINT('',(5.355E0,1.2125E1,0.E0));
#1991=LINE('',#1990,#1989);
#1992=CARTESIAN_POINT('',(5.925E0,1.2125E1,0.E0));
#1993=DIRECTION('',(0.E0,1.E0,0.E0));
#1994=DIRECTION('',(1.E0,0.E0,0.E0));
#1995=AXIS2_PLACEMENT_3D('',#1992,#1993,#1994);
#1997=CARTESIAN_POINT('',(5.925E0,1.3015E1,0.E0));
#1998=DIRECTION('',(0.E0,-1.E0,0.E0));
#1999=DIRECTION('',(1.E0,0.E0,0.E0));
#2000=AXIS2_PLACEMENT_3D('',#1997,#1998,#1999);
#2002=CARTESIAN_POINT('',(5.925E0,1.3015E1,0.E0));
#2003=DIRECTION('',(0.E0,1.E0,0.E0));
#2004=DIRECTION('',(1.E0,0.E0,0.E0));
#2005=AXIS2_PLACEMENT_3D('',#2002,#2003,#2004);
#2007=DIRECTION('',(3.568681169914E-1,9.341547768304E-1,0.E0));
#2008=VECTOR('',#2007,9.527329111561E-1);
#2009=CARTESIAN_POINT('',(6.155E0,-6.035E0,0.E0));
#2010=LINE('',#2009,#2008);
#2011=CARTESIAN_POINT('',(5.925E0,-6.035E0,0.E0));
#2012=DIRECTION('',(0.E0,-1.E0,0.E0));
#2013=DIRECTION('',(1.E0,0.E0,0.E0));
#2014=AXIS2_PLACEMENT_3D('',#2011,#2012,#2013);
#2016=DIRECTION('',(-3.568681169914E-1,9.341547768304E-1,0.E0));
#2017=VECTOR('',#2016,9.527329111561E-1);
#2018=CARTESIAN_POINT('',(5.695E0,-6.035E0,0.E0));
#2019=LINE('',#2018,#2017);
#2020=CARTESIAN_POINT('',(5.925E0,-6.035E0,0.E0));
#2021=DIRECTION('',(0.E0,1.E0,0.E0));
#2022=DIRECTION('',(1.E0,0.E0,0.E0));
#2023=AXIS2_PLACEMENT_3D('',#2020,#2021,#2022);
#2025=DIRECTION('',(0.E0,1.E0,0.E0));
#2026=VECTOR('',#2025,3.8E-1);
#2027=CARTESIAN_POINT('',(7.015E0,1.205E0,-2.45E0));
#2028=LINE('',#2027,#2026);
#2029=DIRECTION('',(0.E0,0.E0,-1.E0));
#2030=VECTOR('',#2029,5.92E0);
#2031=CARTESIAN_POINT('',(7.015E0,1.205E0,3.47E0));
#2032=LINE('',#2031,#2030);
#2033=DIRECTION('',(0.E0,-1.E0,0.E0));
#2034=VECTOR('',#2033,3.8E-1);
#2035=CARTESIAN_POINT('',(4.835E0,1.585E0,-2.45E0));
#2036=LINE('',#2035,#2034);
#2037=DIRECTION('',(0.E0,0.E0,-1.E0));
#2038=VECTOR('',#2037,6.9E0);
#2039=CARTESIAN_POINT('',(3.055E0,-1.205E0,3.47E0));
#2040=LINE('',#2039,#2038);
#2041=CARTESIAN_POINT('',(1.965E0,-1.205E0,0.E0));
#2042=DIRECTION('',(0.E0,1.E0,0.E0));
#2043=DIRECTION('',(1.E0,0.E0,0.E0));
#2044=AXIS2_PLACEMENT_3D('',#2041,#2042,#2043);
#2046=CARTESIAN_POINT('',(1.965E0,-1.205E0,0.E0));
#2047=DIRECTION('',(0.E0,1.E0,0.E0));
#2048=DIRECTION('',(-1.E0,0.E0,0.E0));
#2049=AXIS2_PLACEMENT_3D('',#2046,#2047,#2048);
#2051=DIRECTION('',(0.E0,0.E0,-1.E0));
#2052=VECTOR('',#2051,6.9E0);
#2053=CARTESIAN_POINT('',(8.75E-1,-1.205E0,3.47E0));
#2054=LINE('',#2053,#2052);
#2055=CARTESIAN_POINT('',(1.965E0,-5.145E0,0.E0));
#2056=DIRECTION('',(0.E0,1.E0,0.E0));
#2057=DIRECTION('',(1.E0,0.E0,0.E0));
#2058=AXIS2_PLACEMENT_3D('',#2055,#2056,#2057);
#2060=CARTESIAN_POINT('',(1.965E0,1.205E0,0.E0));
#2061=DIRECTION('',(0.E0,1.E0,0.E0));
#2062=DIRECTION('',(1.E0,0.E0,0.E0));
#2063=AXIS2_PLACEMENT_3D('',#2060,#2061,#2062);
#2065=CARTESIAN_POINT('',(1.965E0,1.205E0,0.E0));
#2066=DIRECTION('',(0.E0,1.E0,0.E0));
#2067=DIRECTION('',(-1.E0,0.E0,0.E0));
#2068=AXIS2_PLACEMENT_3D('',#2065,#2066,#2067);
#2070=DIRECTION('',(1.E0,0.E0,0.E0));
#2071=VECTOR('',#2070,2.18E0);
#2072=CARTESIAN_POINT('',(8.75E-1,1.205E0,-2.45E0));
#2073=LINE('',#2072,#2071);
#2074=DIRECTION('',(0.E0,0.E0,-1.E0));
#2075=VECTOR('',#2074,5.92E0);
#2076=CARTESIAN_POINT('',(8.75E-1,1.205E0,3.47E0));
#2077=LINE('',#2076,#2075);
#2078=DIRECTION('',(0.E0,1.E0,0.E0));
#2079=VECTOR('',#2078,1.092E1);
#2080=CARTESIAN_POINT('',(1.395E0,1.205E0,0.E0));
#2081=LINE('',#2080,#2079);
#2082=DIRECTION('',(0.E0,1.E0,0.E0));
#2083=VECTOR('',#2082,1.092E1);
#2084=CARTESIAN_POINT('',(2.535E0,1.205E0,0.E0));
#2085=LINE('',#2084,#2083);
#2086=DIRECTION('',(0.E0,1.E0,0.E0));
#2087=VECTOR('',#2086,3.94E0);
#2088=CARTESIAN_POINT('',(2.535E0,-5.145E0,0.E0));
#2089=LINE('',#2088,#2087);
#2090=CARTESIAN_POINT('',(1.965E0,-5.145E0,0.E0));
#2091=DIRECTION('',(0.E0,-1.E0,0.E0));
#2092=DIRECTION('',(1.E0,0.E0,0.E0));
#2093=AXIS2_PLACEMENT_3D('',#2090,#2091,#2092);
#2095=DIRECTION('',(0.E0,1.E0,0.E0));
#2096=VECTOR('',#2095,3.94E0);
#2097=CARTESIAN_POINT('',(1.395E0,-5.145E0,0.E0));
#2098=LINE('',#2097,#2096);
#2099=DIRECTION('',(-3.568681169914E-1,9.341547768304E-1,0.E0));
#2100=VECTOR('',#2099,9.527329111561E-1);
#2101=CARTESIAN_POINT('',(2.535E0,1.2125E1,0.E0));
#2102=LINE('',#2101,#2100);
#2103=CARTESIAN_POINT('',(1.965E0,1.2125E1,0.E0));
#2104=DIRECTION('',(0.E0,-1.E0,0.E0));
#2105=DIRECTION('',(1.E0,0.E0,0.E0));
#2106=AXIS2_PLACEMENT_3D('',#2103,#2104,#2105);
#2108=DIRECTION('',(3.568681169914E-1,9.341547768304E-1,0.E0));
#2109=VECTOR('',#2108,9.527329111561E-1);
#2110=CARTESIAN_POINT('',(1.395E0,1.2125E1,0.E0));
#2111=LINE('',#2110,#2109);
#2112=CARTESIAN_POINT('',(1.965E0,1.2125E1,0.E0));
#2113=DIRECTION('',(0.E0,1.E0,0.E0));
#2114=DIRECTION('',(1.E0,0.E0,0.E0));
#2115=AXIS2_PLACEMENT_3D('',#2112,#2113,#2114);
#2117=CARTESIAN_POINT('',(1.965E0,1.3015E1,0.E0));
#2118=DIRECTION('',(0.E0,-1.E0,0.E0));
#2119=DIRECTION('',(1.E0,0.E0,0.E0));
#2120=AXIS2_PLACEMENT_3D('',#2117,#2118,#2119);
#2122=CARTESIAN_POINT('',(1.965E0,1.3015E1,0.E0));
#2123=DIRECTION('',(0.E0,1.E0,0.E0));
#2124=DIRECTION('',(1.E0,0.E0,0.E0));
#2125=AXIS2_PLACEMENT_3D('',#2122,#2123,#2124);
#2127=DIRECTION('',(3.568681169914E-1,9.341547768304E-1,0.E0));
#2128=VECTOR('',#2127,9.527329111561E-1);
#2129=CARTESIAN_POINT('',(2.195E0,-6.035E0,0.E0));
#2130=LINE('',#2129,#2128);
#2131=CARTESIAN_POINT('',(1.965E0,-6.035E0,0.E0));
#2132=DIRECTION('',(0.E0,-1.E0,0.E0));
#2133=DIRECTION('',(1.E0,0.E0,0.E0));
#2134=AXIS2_PLACEMENT_3D('',#2131,#2132,#2133);
#2136=DIRECTION('',(-3.568681169914E-1,9.341547768304E-1,0.E0));
#2137=VECTOR('',#2136,9.527329111561E-1);
#2138=CARTESIAN_POINT('',(1.735E0,-6.035E0,0.E0));
#2139=LINE('',#2138,#2137);
#2140=CARTESIAN_POINT('',(1.965E0,-6.035E0,0.E0));
#2141=DIRECTION('',(0.E0,1.E0,0.E0));
#2142=DIRECTION('',(1.E0,0.E0,0.E0));
#2143=AXIS2_PLACEMENT_3D('',#2140,#2141,#2142);
#2145=DIRECTION('',(0.E0,1.E0,0.E0));
#2146=VECTOR('',#2145,3.8E-1);
#2147=CARTESIAN_POINT('',(3.055E0,1.205E0,-2.45E0));
#2148=LINE('',#2147,#2146);
#2149=DIRECTION('',(0.E0,0.E0,-1.E0));
#2150=VECTOR('',#2149,5.92E0);
#2151=CARTESIAN_POINT('',(3.055E0,1.205E0,3.47E0));
#2152=LINE('',#2151,#2150);
#2153=DIRECTION('',(0.E0,-1.E0,0.E0));
#2154=VECTOR('',#2153,3.8E-1);
#2155=CARTESIAN_POINT('',(8.75E-1,1.585E0,-2.45E0));
#2156=LINE('',#2155,#2154);
#2157=DIRECTION('',(0.E0,0.E0,-1.E0));
#2158=VECTOR('',#2157,6.9E0);
#2159=CARTESIAN_POINT('',(-9.05E-1,-1.205E0,3.47E0));
#2160=LINE('',#2159,#2158);
#2161=CARTESIAN_POINT('',(-1.995E0,-1.205E0,0.E0));
#2162=DIRECTION('',(0.E0,1.E0,0.E0));
#2163=DIRECTION('',(1.E0,0.E0,0.E0));
#2164=AXIS2_PLACEMENT_3D('',#2161,#2162,#2163);
#2166=CARTESIAN_POINT('',(-1.995E0,-1.205E0,0.E0));
#2167=DIRECTION('',(0.E0,1.E0,0.E0));
#2168=DIRECTION('',(-1.E0,0.E0,0.E0));
#2169=AXIS2_PLACEMENT_3D('',#2166,#2167,#2168);
#2171=DIRECTION('',(0.E0,0.E0,-1.E0));
#2172=VECTOR('',#2171,6.9E0);
#2173=CARTESIAN_POINT('',(-3.085E0,-1.205E0,3.47E0));
#2174=LINE('',#2173,#2172);
#2175=CARTESIAN_POINT('',(-1.995E0,-5.145E0,0.E0));
#2176=DIRECTION('',(0.E0,1.E0,0.E0));
#2177=DIRECTION('',(1.E0,0.E0,0.E0));
#2178=AXIS2_PLACEMENT_3D('',#2175,#2176,#2177);
#2180=CARTESIAN_POINT('',(-1.995E0,1.205E0,0.E0));
#2181=DIRECTION('',(0.E0,1.E0,0.E0));
#2182=DIRECTION('',(1.E0,0.E0,0.E0));
#2183=AXIS2_PLACEMENT_3D('',#2180,#2181,#2182);
#2185=CARTESIAN_POINT('',(-1.995E0,1.205E0,0.E0));
#2186=DIRECTION('',(0.E0,1.E0,0.E0));
#2187=DIRECTION('',(-1.E0,0.E0,0.E0));
#2188=AXIS2_PLACEMENT_3D('',#2185,#2186,#2187);
#2190=DIRECTION('',(1.E0,0.E0,0.E0));
#2191=VECTOR('',#2190,2.18E0);
#2192=CARTESIAN_POINT('',(-3.085E0,1.205E0,-2.45E0));
#2193=LINE('',#2192,#2191);
#2194=DIRECTION('',(0.E0,0.E0,-1.E0));
#2195=VECTOR('',#2194,5.92E0);
#2196=CARTESIAN_POINT('',(-3.085E0,1.205E0,3.47E0));
#2197=LINE('',#2196,#2195);
#2198=DIRECTION('',(0.E0,1.E0,0.E0));
#2199=VECTOR('',#2198,1.092E1);
#2200=CARTESIAN_POINT('',(-2.565E0,1.205E0,0.E0));
#2201=LINE('',#2200,#2199);
#2202=DIRECTION('',(0.E0,1.E0,0.E0));
#2203=VECTOR('',#2202,1.092E1);
#2204=CARTESIAN_POINT('',(-1.425E0,1.205E0,0.E0));
#2205=LINE('',#2204,#2203);
#2206=DIRECTION('',(0.E0,1.E0,0.E0));
#2207=VECTOR('',#2206,3.94E0);
#2208=CARTESIAN_POINT('',(-1.425E0,-5.145E0,0.E0));
#2209=LINE('',#2208,#2207);
#2210=CARTESIAN_POINT('',(-1.995E0,-5.145E0,0.E0));
#2211=DIRECTION('',(0.E0,-1.E0,0.E0));
#2212=DIRECTION('',(1.E0,0.E0,0.E0));
#2213=AXIS2_PLACEMENT_3D('',#2210,#2211,#2212);
#2215=DIRECTION('',(0.E0,1.E0,0.E0));
#2216=VECTOR('',#2215,3.94E0);
#2217=CARTESIAN_POINT('',(-2.565E0,-5.145E0,0.E0));
#2218=LINE('',#2217,#2216);
#2219=DIRECTION('',(-3.568681169914E-1,9.341547768304E-1,0.E0));
#2220=VECTOR('',#2219,9.527329111561E-1);
#2221=CARTESIAN_POINT('',(-1.425E0,1.2125E1,0.E0));
#2222=LINE('',#2221,#2220);
#2223=CARTESIAN_POINT('',(-1.995E0,1.2125E1,0.E0));
#2224=DIRECTION('',(0.E0,-1.E0,0.E0));
#2225=DIRECTION('',(1.E0,0.E0,0.E0));
#2226=AXIS2_PLACEMENT_3D('',#2223,#2224,#2225);
#2228=DIRECTION('',(3.568681169914E-1,9.341547768304E-1,0.E0));
#2229=VECTOR('',#2228,9.527329111561E-1);
#2230=CARTESIAN_POINT('',(-2.565E0,1.2125E1,0.E0));
#2231=LINE('',#2230,#2229);
#2232=CARTESIAN_POINT('',(-1.995E0,1.2125E1,0.E0));
#2233=DIRECTION('',(0.E0,1.E0,0.E0));
#2234=DIRECTION('',(1.E0,0.E0,0.E0));
#2235=AXIS2_PLACEMENT_3D('',#2232,#2233,#2234);
#2237=CARTESIAN_POINT('',(-1.995E0,1.3015E1,0.E0));
#2238=DIRECTION('',(0.E0,-1.E0,0.E0));
#2239=DIRECTION('',(1.E0,0.E0,0.E0));
#2240=AXIS2_PLACEMENT_3D('',#2237,#2238,#2239);
#2242=CARTESIAN_POINT('',(-1.995E0,1.3015E1,0.E0));
#2243=DIRECTION('',(0.E0,1.E0,0.E0));
#2244=DIRECTION('',(1.E0,0.E0,0.E0));
#2245=AXIS2_PLACEMENT_3D('',#2242,#2243,#2244);
#2247=DIRECTION('',(3.568681169914E-1,9.341547768304E-1,0.E0));
#2248=VECTOR('',#2247,9.527329111561E-1);
#2249=CARTESIAN_POINT('',(-1.765E0,-6.035E0,0.E0));
#2250=LINE('',#2249,#2248);
#2251=CARTESIAN_POINT('',(-1.995E0,-6.035E0,0.E0));
#2252=DIRECTION('',(0.E0,-1.E0,0.E0));
#2253=DIRECTION('',(1.E0,0.E0,0.E0));
#2254=AXIS2_PLACEMENT_3D('',#2251,#2252,#2253);
#2256=DIRECTION('',(-3.568681169914E-1,9.341547768304E-1,0.E0));
#2257=VECTOR('',#2256,9.527329111561E-1);
#2258=CARTESIAN_POINT('',(-2.225E0,-6.035E0,0.E0));
#2259=LINE('',#2258,#2257);
#2260=CARTESIAN_POINT('',(-1.995E0,-6.035E0,0.E0));
#2261=DIRECTION('',(0.E0,1.E0,0.E0));
#2262=DIRECTION('',(1.E0,0.E0,0.E0));
#2263=AXIS2_PLACEMENT_3D('',#2260,#2261,#2262);
#2265=DIRECTION('',(0.E0,1.E0,0.E0));
#2266=VECTOR('',#2265,3.8E-1);
#2267=CARTESIAN_POINT('',(-9.05E-1,1.205E0,-2.45E0));
#2268=LINE('',#2267,#2266);
#2269=DIRECTION('',(0.E0,0.E0,-1.E0));
#2270=VECTOR('',#2269,5.92E0);
#2271=CARTESIAN_POINT('',(-9.05E-1,1.205E0,3.47E0));
#2272=LINE('',#2271,#2270);
#2273=DIRECTION('',(0.E0,-1.E0,0.E0));
#2274=VECTOR('',#2273,3.8E-1);
#2275=CARTESIAN_POINT('',(-3.085E0,1.585E0,-2.45E0));
#2276=LINE('',#2275,#2274);
#2277=DIRECTION('',(0.E0,0.E0,-1.E0));
#2278=VECTOR('',#2277,6.9E0);
#2279=CARTESIAN_POINT('',(-4.865E0,-1.205E0,3.47E0));
#2280=LINE('',#2279,#2278);
#2281=CARTESIAN_POINT('',(-5.955E0,-1.205E0,0.E0));
#2282=DIRECTION('',(0.E0,1.E0,0.E0));
#2283=DIRECTION('',(1.E0,0.E0,0.E0));
#2284=AXIS2_PLACEMENT_3D('',#2281,#2282,#2283);
#2286=CARTESIAN_POINT('',(-5.955E0,-1.205E0,0.E0));
#2287=DIRECTION('',(0.E0,1.E0,0.E0));
#2288=DIRECTION('',(-1.E0,0.E0,0.E0));
#2289=AXIS2_PLACEMENT_3D('',#2286,#2287,#2288);
#2291=DIRECTION('',(0.E0,0.E0,-1.E0));
#2292=VECTOR('',#2291,6.9E0);
#2293=CARTESIAN_POINT('',(-7.045E0,-1.205E0,3.47E0));
#2294=LINE('',#2293,#2292);
#2295=CARTESIAN_POINT('',(-5.955E0,-5.145E0,0.E0));
#2296=DIRECTION('',(0.E0,1.E0,0.E0));
#2297=DIRECTION('',(1.E0,0.E0,0.E0));
#2298=AXIS2_PLACEMENT_3D('',#2295,#2296,#2297);
#2300=CARTESIAN_POINT('',(-5.955E0,1.205E0,0.E0));
#2301=DIRECTION('',(0.E0,1.E0,0.E0));
#2302=DIRECTION('',(1.E0,0.E0,0.E0));
#2303=AXIS2_PLACEMENT_3D('',#2300,#2301,#2302);
#2305=CARTESIAN_POINT('',(-5.955E0,1.205E0,0.E0));
#2306=DIRECTION('',(0.E0,1.E0,0.E0));
#2307=DIRECTION('',(-1.E0,0.E0,0.E0));
#2308=AXIS2_PLACEMENT_3D('',#2305,#2306,#2307);
#2310=DIRECTION('',(1.E0,0.E0,0.E0));
#2311=VECTOR('',#2310,2.18E0);
#2312=CARTESIAN_POINT('',(-7.045E0,1.205E0,-2.45E0));
#2313=LINE('',#2312,#2311);
#2314=DIRECTION('',(0.E0,0.E0,-1.E0));
#2315=VECTOR('',#2314,5.92E0);
#2316=CARTESIAN_POINT('',(-7.045E0,1.205E0,3.47E0));
#2317=LINE('',#2316,#2315);
#2318=DIRECTION('',(0.E0,1.E0,0.E0));
#2319=VECTOR('',#2318,1.092E1);
#2320=CARTESIAN_POINT('',(-6.525E0,1.205E0,0.E0));
#2321=LINE('',#2320,#2319);
#2322=DIRECTION('',(0.E0,1.E0,0.E0));
#2323=VECTOR('',#2322,1.092E1);
#2324=CARTESIAN_POINT('',(-5.385E0,1.205E0,0.E0));
#2325=LINE('',#2324,#2323);
#2326=DIRECTION('',(0.E0,1.E0,0.E0));
#2327=VECTOR('',#2326,3.94E0);
#2328=CARTESIAN_POINT('',(-5.385E0,-5.145E0,0.E0));
#2329=LINE('',#2328,#2327);
#2330=CARTESIAN_POINT('',(-5.955E0,-5.145E0,0.E0));
#2331=DIRECTION('',(0.E0,-1.E0,0.E0));
#2332=DIRECTION('',(1.E0,0.E0,0.E0));
#2333=AXIS2_PLACEMENT_3D('',#2330,#2331,#2332);
#2335=DIRECTION('',(0.E0,1.E0,0.E0));
#2336=VECTOR('',#2335,3.94E0);
#2337=CARTESIAN_POINT('',(-6.525E0,-5.145E0,0.E0));
#2338=LINE('',#2337,#2336);
#2339=DIRECTION('',(-3.568681169914E-1,9.341547768304E-1,0.E0));
#2340=VECTOR('',#2339,9.527329111561E-1);
#2341=CARTESIAN_POINT('',(-5.385E0,1.2125E1,0.E0));
#2342=LINE('',#2341,#2340);
#2343=CARTESIAN_POINT('',(-5.955E0,1.2125E1,0.E0));
#2344=DIRECTION('',(0.E0,-1.E0,0.E0));
#2345=DIRECTION('',(1.E0,0.E0,0.E0));
#2346=AXIS2_PLACEMENT_3D('',#2343,#2344,#2345);
#2348=DIRECTION('',(3.568681169914E-1,9.341547768304E-1,0.E0));
#2349=VECTOR('',#2348,9.527329111561E-1);
#2350=CARTESIAN_POINT('',(-6.525E0,1.2125E1,0.E0));
#2351=LINE('',#2350,#2349);
#2352=CARTESIAN_POINT('',(-5.955E0,1.2125E1,0.E0));
#2353=DIRECTION('',(0.E0,1.E0,0.E0));
#2354=DIRECTION('',(1.E0,0.E0,0.E0));
#2355=AXIS2_PLACEMENT_3D('',#2352,#2353,#2354);
#2357=CARTESIAN_POINT('',(-5.955E0,1.3015E1,0.E0));
#2358=DIRECTION('',(0.E0,-1.E0,0.E0));
#2359=DIRECTION('',(1.E0,0.E0,0.E0));
#2360=AXIS2_PLACEMENT_3D('',#2357,#2358,#2359);
#2362=CARTESIAN_POINT('',(-5.955E0,1.3015E1,0.E0));
#2363=DIRECTION('',(0.E0,1.E0,0.E0));
#2364=DIRECTION('',(1.E0,0.E0,0.E0));
#2365=AXIS2_PLACEMENT_3D('',#2362,#2363,#2364);
#2367=DIRECTION('',(3.568681169914E-1,9.341547768304E-1,0.E0));
#2368=VECTOR('',#2367,9.527329111561E-1);
#2369=CARTESIAN_POINT('',(-5.725E0,-6.035E0,0.E0));
#2370=LINE('',#2369,#2368);
#2371=CARTESIAN_POINT('',(-5.955E0,-6.035E0,0.E0));
#2372=DIRECTION('',(0.E0,-1.E0,0.E0));
#2373=DIRECTION('',(1.E0,0.E0,0.E0));
#2374=AXIS2_PLACEMENT_3D('',#2371,#2372,#2373);
#2376=DIRECTION('',(-3.568681169914E-1,9.341547768304E-1,0.E0));
#2377=VECTOR('',#2376,9.527329111561E-1);
#2378=CARTESIAN_POINT('',(-6.185E0,-6.035E0,0.E0));
#2379=LINE('',#2378,#2377);
#2380=CARTESIAN_POINT('',(-5.955E0,-6.035E0,0.E0));
#2381=DIRECTION('',(0.E0,1.E0,0.E0));
#2382=DIRECTION('',(1.E0,0.E0,0.E0));
#2383=AXIS2_PLACEMENT_3D('',#2380,#2381,#2382);
#2385=DIRECTION('',(0.E0,1.E0,0.E0));
#2386=VECTOR('',#2385,3.8E-1);
#2387=CARTESIAN_POINT('',(-4.865E0,1.205E0,-2.45E0));
#2388=LINE('',#2387,#2386);
#2389=DIRECTION('',(0.E0,0.E0,-1.E0));
#2390=VECTOR('',#2389,5.92E0);
#2391=CARTESIAN_POINT('',(-4.865E0,1.205E0,3.47E0));
#2392=LINE('',#2391,#2390);
#2393=DIRECTION('',(0.E0,-1.E0,0.E0));
#2394=VECTOR('',#2393,3.8E-1);
#2395=CARTESIAN_POINT('',(-7.045E0,1.585E0,-2.45E0));
#2396=LINE('',#2395,#2394);
#2397=DIRECTION('',(0.E0,0.E0,-1.E0));
#2398=VECTOR('',#2397,6.9E0);
#2399=CARTESIAN_POINT('',(-8.825E0,-1.205E0,3.47E0));
#2400=LINE('',#2399,#2398);
#2401=CARTESIAN_POINT('',(-9.915E0,-1.205E0,0.E0));
#2402=DIRECTION('',(0.E0,1.E0,0.E0));
#2403=DIRECTION('',(1.E0,0.E0,0.E0));
#2404=AXIS2_PLACEMENT_3D('',#2401,#2402,#2403);
#2406=CARTESIAN_POINT('',(-9.915E0,-1.205E0,0.E0));
#2407=DIRECTION('',(0.E0,1.E0,0.E0));
#2408=DIRECTION('',(-1.E0,0.E0,0.E0));
#2409=AXIS2_PLACEMENT_3D('',#2406,#2407,#2408);
#2411=DIRECTION('',(0.E0,0.E0,-1.E0));
#2412=VECTOR('',#2411,6.9E0);
#2413=CARTESIAN_POINT('',(-1.1005E1,-1.205E0,3.47E0));
#2414=LINE('',#2413,#2412);
#2415=CARTESIAN_POINT('',(-9.915E0,-5.145E0,0.E0));
#2416=DIRECTION('',(0.E0,1.E0,0.E0));
#2417=DIRECTION('',(1.E0,0.E0,0.E0));
#2418=AXIS2_PLACEMENT_3D('',#2415,#2416,#2417);
#2420=CARTESIAN_POINT('',(-9.915E0,1.205E0,0.E0));
#2421=DIRECTION('',(0.E0,1.E0,0.E0));
#2422=DIRECTION('',(1.E0,0.E0,0.E0));
#2423=AXIS2_PLACEMENT_3D('',#2420,#2421,#2422);
#2425=CARTESIAN_POINT('',(-9.915E0,1.205E0,0.E0));
#2426=DIRECTION('',(0.E0,1.E0,0.E0));
#2427=DIRECTION('',(-1.E0,0.E0,0.E0));
#2428=AXIS2_PLACEMENT_3D('',#2425,#2426,#2427);
#2430=DIRECTION('',(1.E0,0.E0,0.E0));
#2431=VECTOR('',#2430,2.18E0);
#2432=CARTESIAN_POINT('',(-1.1005E1,1.205E0,-2.45E0));
#2433=LINE('',#2432,#2431);
#2434=DIRECTION('',(0.E0,0.E0,-1.E0));
#2435=VECTOR('',#2434,5.92E0);
#2436=CARTESIAN_POINT('',(-1.1005E1,1.205E0,3.47E0));
#2437=LINE('',#2436,#2435);
#2438=DIRECTION('',(0.E0,1.E0,0.E0));
#2439=VECTOR('',#2438,1.092E1);
#2440=CARTESIAN_POINT('',(-1.0485E1,1.205E0,0.E0));
#2441=LINE('',#2440,#2439);
#2442=DIRECTION('',(0.E0,1.E0,0.E0));
#2443=VECTOR('',#2442,1.092E1);
#2444=CARTESIAN_POINT('',(-9.345E0,1.205E0,0.E0));
#2445=LINE('',#2444,#2443);
#2446=DIRECTION('',(0.E0,1.E0,0.E0));
#2447=VECTOR('',#2446,3.94E0);
#2448=CARTESIAN_POINT('',(-9.345E0,-5.145E0,0.E0));
#2449=LINE('',#2448,#2447);
#2450=CARTESIAN_POINT('',(-9.915E0,-5.145E0,0.E0));
#2451=DIRECTION('',(0.E0,-1.E0,0.E0));
#2452=DIRECTION('',(1.E0,0.E0,0.E0));
#2453=AXIS2_PLACEMENT_3D('',#2450,#2451,#2452);
#2455=DIRECTION('',(0.E0,1.E0,0.E0));
#2456=VECTOR('',#2455,3.94E0);
#2457=CARTESIAN_POINT('',(-1.0485E1,-5.145E0,0.E0));
#2458=LINE('',#2457,#2456);
#2459=DIRECTION('',(-3.568681169914E-1,9.341547768304E-1,0.E0));
#2460=VECTOR('',#2459,9.527329111561E-1);
#2461=CARTESIAN_POINT('',(-9.345E0,1.2125E1,0.E0));
#2462=LINE('',#2461,#2460);
#2463=CARTESIAN_POINT('',(-9.915E0,1.2125E1,0.E0));
#2464=DIRECTION('',(0.E0,-1.E0,0.E0));
#2465=DIRECTION('',(1.E0,0.E0,0.E0));
#2466=AXIS2_PLACEMENT_3D('',#2463,#2464,#2465);
#2468=DIRECTION('',(3.568681169914E-1,9.341547768304E-1,0.E0));
#2469=VECTOR('',#2468,9.527329111561E-1);
#2470=CARTESIAN_POINT('',(-1.0485E1,1.2125E1,0.E0));
#2471=LINE('',#2470,#2469);
#2472=CARTESIAN_POINT('',(-9.915E0,1.2125E1,0.E0));
#2473=DIRECTION('',(0.E0,1.E0,0.E0));
#2474=DIRECTION('',(1.E0,0.E0,0.E0));
#2475=AXIS2_PLACEMENT_3D('',#2472,#2473,#2474);
#2477=CARTESIAN_POINT('',(-9.915E0,1.3015E1,0.E0));
#2478=DIRECTION('',(0.E0,-1.E0,0.E0));
#2479=DIRECTION('',(1.E0,0.E0,0.E0));
#2480=AXIS2_PLACEMENT_3D('',#2477,#2478,#2479);
#2482=CARTESIAN_POINT('',(-9.915E0,1.3015E1,0.E0));
#2483=DIRECTION('',(0.E0,1.E0,0.E0));
#2484=DIRECTION('',(1.E0,0.E0,0.E0));
#2485=AXIS2_PLACEMENT_3D('',#2482,#2483,#2484);
#2487=DIRECTION('',(3.568681169914E-1,9.341547768304E-1,0.E0));
#2488=VECTOR('',#2487,9.527329111561E-1);
#2489=CARTESIAN_POINT('',(-9.685E0,-6.035E0,0.E0));
#2490=LINE('',#2489,#2488);
#2491=CARTESIAN_POINT('',(-9.915E0,-6.035E0,0.E0));
#2492=DIRECTION('',(0.E0,-1.E0,0.E0));
#2493=DIRECTION('',(1.E0,0.E0,0.E0));
#2494=AXIS2_PLACEMENT_3D('',#2491,#2492,#2493);
#2496=DIRECTION('',(-3.568681169914E-1,9.341547768304E-1,0.E0));
#2497=VECTOR('',#2496,9.527329111561E-1);
#2498=CARTESIAN_POINT('',(-1.0145E1,-6.035E0,0.E0));
#2499=LINE('',#2498,#2497);
#2500=CARTESIAN_POINT('',(-9.915E0,-6.035E0,0.E0));
#2501=DIRECTION('',(0.E0,1.E0,0.E0));
#2502=DIRECTION('',(1.E0,0.E0,0.E0));
#2503=AXIS2_PLACEMENT_3D('',#2500,#2501,#2502);
#2505=DIRECTION('',(0.E0,1.E0,0.E0));
#2506=VECTOR('',#2505,3.8E-1);
#2507=CARTESIAN_POINT('',(-8.825E0,1.205E0,-2.45E0));
#2508=LINE('',#2507,#2506);
#2509=DIRECTION('',(0.E0,0.E0,-1.E0));
#2510=VECTOR('',#2509,5.92E0);
#2511=CARTESIAN_POINT('',(-8.825E0,1.205E0,3.47E0));
#2512=LINE('',#2511,#2510);
#2513=DIRECTION('',(0.E0,-1.E0,0.E0));
#2514=VECTOR('',#2513,3.8E-1);
#2515=CARTESIAN_POINT('',(-1.1005E1,1.585E0,-2.45E0));
#2516=LINE('',#2515,#2514);
#2517=DIRECTION('',(0.E0,0.E0,-1.E0));
#2518=VECTOR('',#2517,6.9E0);
#2519=CARTESIAN_POINT('',(-1.2785E1,-1.205E0,3.47E0));
#2520=LINE('',#2519,#2518);
#2521=CARTESIAN_POINT('',(-1.3875E1,-1.205E0,0.E0));
#2522=DIRECTION('',(0.E0,1.E0,0.E0));
#2523=DIRECTION('',(1.E0,0.E0,0.E0));
#2524=AXIS2_PLACEMENT_3D('',#2521,#2522,#2523);
#2526=CARTESIAN_POINT('',(-1.3875E1,-1.205E0,0.E0));
#2527=DIRECTION('',(0.E0,1.E0,0.E0));
#2528=DIRECTION('',(-1.E0,0.E0,0.E0));
#2529=AXIS2_PLACEMENT_3D('',#2526,#2527,#2528);
#2531=DIRECTION('',(0.E0,0.E0,-1.E0));
#2532=VECTOR('',#2531,6.9E0);
#2533=CARTESIAN_POINT('',(-1.4965E1,-1.205E0,3.47E0));
#2534=LINE('',#2533,#2532);
#2535=CARTESIAN_POINT('',(-1.3875E1,-5.145E0,0.E0));
#2536=DIRECTION('',(0.E0,1.E0,0.E0));
#2537=DIRECTION('',(1.E0,0.E0,0.E0));
#2538=AXIS2_PLACEMENT_3D('',#2535,#2536,#2537);
#2540=CARTESIAN_POINT('',(-1.3875E1,1.205E0,0.E0));
#2541=DIRECTION('',(0.E0,1.E0,0.E0));
#2542=DIRECTION('',(1.E0,0.E0,0.E0));
#2543=AXIS2_PLACEMENT_3D('',#2540,#2541,#2542);
#2545=CARTESIAN_POINT('',(-1.3875E1,1.205E0,0.E0));
#2546=DIRECTION('',(0.E0,1.E0,0.E0));
#2547=DIRECTION('',(-1.E0,0.E0,0.E0));
#2548=AXIS2_PLACEMENT_3D('',#2545,#2546,#2547);
#2550=DIRECTION('',(1.E0,0.E0,0.E0));
#2551=VECTOR('',#2550,2.18E0);
#2552=CARTESIAN_POINT('',(-1.4965E1,1.205E0,-2.45E0));
#2553=LINE('',#2552,#2551);
#2554=DIRECTION('',(0.E0,0.E0,-1.E0));
#2555=VECTOR('',#2554,5.92E0);
#2556=CARTESIAN_POINT('',(-1.4965E1,1.205E0,3.47E0));
#2557=LINE('',#2556,#2555);
#2558=DIRECTION('',(0.E0,1.E0,0.E0));
#2559=VECTOR('',#2558,1.092E1);
#2560=CARTESIAN_POINT('',(-1.4445E1,1.205E0,0.E0));
#2561=LINE('',#2560,#2559);
#2562=DIRECTION('',(0.E0,1.E0,0.E0));
#2563=VECTOR('',#2562,1.092E1);
#2564=CARTESIAN_POINT('',(-1.3305E1,1.205E0,0.E0));
#2565=LINE('',#2564,#2563);
#2566=DIRECTION('',(0.E0,1.E0,0.E0));
#2567=VECTOR('',#2566,3.94E0);
#2568=CARTESIAN_POINT('',(-1.3305E1,-5.145E0,0.E0));
#2569=LINE('',#2568,#2567);
#2570=CARTESIAN_POINT('',(-1.3875E1,-5.145E0,0.E0));
#2571=DIRECTION('',(0.E0,-1.E0,0.E0));
#2572=DIRECTION('',(1.E0,0.E0,0.E0));
#2573=AXIS2_PLACEMENT_3D('',#2570,#2571,#2572);
#2575=DIRECTION('',(0.E0,1.E0,0.E0));
#2576=VECTOR('',#2575,3.94E0);
#2577=CARTESIAN_POINT('',(-1.4445E1,-5.145E0,0.E0));
#2578=LINE('',#2577,#2576);
#2579=DIRECTION('',(-3.568681169914E-1,9.341547768304E-1,0.E0));
#2580=VECTOR('',#2579,9.527329111561E-1);
#2581=CARTESIAN_POINT('',(-1.3305E1,1.2125E1,0.E0));
#2582=LINE('',#2581,#2580);
#2583=CARTESIAN_POINT('',(-1.3875E1,1.2125E1,0.E0));
#2584=DIRECTION('',(0.E0,-1.E0,0.E0));
#2585=DIRECTION('',(1.E0,0.E0,0.E0));
#2586=AXIS2_PLACEMENT_3D('',#2583,#2584,#2585);
#2588=DIRECTION('',(3.568681169914E-1,9.341547768304E-1,0.E0));
#2589=VECTOR('',#2588,9.527329111561E-1);
#2590=CARTESIAN_POINT('',(-1.4445E1,1.2125E1,0.E0));
#2591=LINE('',#2590,#2589);
#2592=CARTESIAN_POINT('',(-1.3875E1,1.2125E1,0.E0));
#2593=DIRECTION('',(0.E0,1.E0,0.E0));
#2594=DIRECTION('',(1.E0,0.E0,0.E0));
#2595=AXIS2_PLACEMENT_3D('',#2592,#2593,#2594);
#2597=CARTESIAN_POINT('',(-1.3875E1,1.3015E1,0.E0));
#2598=DIRECTION('',(0.E0,-1.E0,0.E0));
#2599=DIRECTION('',(1.E0,0.E0,0.E0));
#2600=AXIS2_PLACEMENT_3D('',#2597,#2598,#2599);
#2602=CARTESIAN_POINT('',(-1.3875E1,1.3015E1,0.E0));
#2603=DIRECTION('',(0.E0,1.E0,0.E0));
#2604=DIRECTION('',(1.E0,0.E0,0.E0));
#2605=AXIS2_PLACEMENT_3D('',#2602,#2603,#2604);
#2607=DIRECTION('',(3.568681169914E-1,9.341547768304E-1,0.E0));
#2608=VECTOR('',#2607,9.527329111561E-1);
#2609=CARTESIAN_POINT('',(-1.3645E1,-6.035E0,0.E0));
#2610=LINE('',#2609,#2608);
#2611=CARTESIAN_POINT('',(-1.3875E1,-6.035E0,0.E0));
#2612=DIRECTION('',(0.E0,-1.E0,0.E0));
#2613=DIRECTION('',(1.E0,0.E0,0.E0));
#2614=AXIS2_PLACEMENT_3D('',#2611,#2612,#2613);
#2616=DIRECTION('',(-3.568681169914E-1,9.341547768304E-1,0.E0));
#2617=VECTOR('',#2616,9.527329111561E-1);
#2618=CARTESIAN_POINT('',(-1.4105E1,-6.035E0,0.E0));
#2619=LINE('',#2618,#2617);
#2620=CARTESIAN_POINT('',(-1.3875E1,-6.035E0,0.E0));
#2621=DIRECTION('',(0.E0,1.E0,0.E0));
#2622=DIRECTION('',(1.E0,0.E0,0.E0));
#2623=AXIS2_PLACEMENT_3D('',#2620,#2621,#2622);
#2625=DIRECTION('',(0.E0,1.E0,0.E0));
#2626=VECTOR('',#2625,3.8E-1);
#2627=CARTESIAN_POINT('',(-1.2785E1,1.205E0,-2.45E0));
#2628=LINE('',#2627,#2626);
#2629=DIRECTION('',(0.E0,0.E0,-1.E0));
#2630=VECTOR('',#2629,5.92E0);
#2631=CARTESIAN_POINT('',(-1.2785E1,1.205E0,3.47E0));
#2632=LINE('',#2631,#2630);
#2633=DIRECTION('',(0.E0,-1.E0,0.E0));
#2634=VECTOR('',#2633,3.8E-1);
#2635=CARTESIAN_POINT('',(-1.4965E1,1.585E0,-2.45E0));
#2636=LINE('',#2635,#2634);
#2637=DIRECTION('',(0.E0,0.E0,-1.E0));
#2638=VECTOR('',#2637,6.9E0);
#2639=CARTESIAN_POINT('',(-1.6745E1,-1.205E0,3.47E0));
#2640=LINE('',#2639,#2638);
#2641=CARTESIAN_POINT('',(-1.7835E1,-1.205E0,0.E0));
#2642=DIRECTION('',(0.E0,1.E0,0.E0));
#2643=DIRECTION('',(1.E0,0.E0,0.E0));
#2644=AXIS2_PLACEMENT_3D('',#2641,#2642,#2643);
#2646=CARTESIAN_POINT('',(-1.7835E1,-1.205E0,0.E0));
#2647=DIRECTION('',(0.E0,1.E0,0.E0));
#2648=DIRECTION('',(-1.E0,0.E0,0.E0));
#2649=AXIS2_PLACEMENT_3D('',#2646,#2647,#2648);
#2651=DIRECTION('',(0.E0,0.E0,-1.E0));
#2652=VECTOR('',#2651,6.9E0);
#2653=CARTESIAN_POINT('',(-1.8925E1,-1.205E0,3.47E0));
#2654=LINE('',#2653,#2652);
#2655=CARTESIAN_POINT('',(-1.7835E1,-5.145E0,0.E0));
#2656=DIRECTION('',(0.E0,1.E0,0.E0));
#2657=DIRECTION('',(1.E0,0.E0,0.E0));
#2658=AXIS2_PLACEMENT_3D('',#2655,#2656,#2657);
#2660=CARTESIAN_POINT('',(-1.7835E1,1.205E0,0.E0));
#2661=DIRECTION('',(0.E0,1.E0,0.E0));
#2662=DIRECTION('',(1.E0,0.E0,0.E0));
#2663=AXIS2_PLACEMENT_3D('',#2660,#2661,#2662);
#2665=CARTESIAN_POINT('',(-1.7835E1,1.205E0,0.E0));
#2666=DIRECTION('',(0.E0,1.E0,0.E0));
#2667=DIRECTION('',(-1.E0,0.E0,0.E0));
#2668=AXIS2_PLACEMENT_3D('',#2665,#2666,#2667);
#2670=DIRECTION('',(1.E0,0.E0,0.E0));
#2671=VECTOR('',#2670,2.18E0);
#2672=CARTESIAN_POINT('',(-1.8925E1,1.205E0,-2.45E0));
#2673=LINE('',#2672,#2671);
#2674=DIRECTION('',(0.E0,0.E0,-1.E0));
#2675=VECTOR('',#2674,5.92E0);
#2676=CARTESIAN_POINT('',(-1.8925E1,1.205E0,3.47E0));
#2677=LINE('',#2676,#2675);
#2678=DIRECTION('',(0.E0,1.E0,0.E0));
#2679=VECTOR('',#2678,1.092E1);
#2680=CARTESIAN_POINT('',(-1.8405E1,1.205E0,0.E0));
#2681=LINE('',#2680,#2679);
#2682=DIRECTION('',(0.E0,1.E0,0.E0));
#2683=VECTOR('',#2682,1.092E1);
#2684=CARTESIAN_POINT('',(-1.7265E1,1.205E0,0.E0));
#2685=LINE('',#2684,#2683);
#2686=DIRECTION('',(0.E0,1.E0,0.E0));
#2687=VECTOR('',#2686,3.94E0);
#2688=CARTESIAN_POINT('',(-1.7265E1,-5.145E0,0.E0));
#2689=LINE('',#2688,#2687);
#2690=CARTESIAN_POINT('',(-1.7835E1,-5.145E0,0.E0));
#2691=DIRECTION('',(0.E0,-1.E0,0.E0));
#2692=DIRECTION('',(1.E0,0.E0,0.E0));
#2693=AXIS2_PLACEMENT_3D('',#2690,#2691,#2692);
#2695=DIRECTION('',(0.E0,1.E0,0.E0));
#2696=VECTOR('',#2695,3.94E0);
#2697=CARTESIAN_POINT('',(-1.8405E1,-5.145E0,0.E0));
#2698=LINE('',#2697,#2696);
#2699=DIRECTION('',(-3.568681169914E-1,9.341547768304E-1,0.E0));
#2700=VECTOR('',#2699,9.527329111561E-1);
#2701=CARTESIAN_POINT('',(-1.7265E1,1.2125E1,0.E0));
#2702=LINE('',#2701,#2700);
#2703=CARTESIAN_POINT('',(-1.7835E1,1.2125E1,0.E0));
#2704=DIRECTION('',(0.E0,-1.E0,0.E0));
#2705=DIRECTION('',(1.E0,0.E0,0.E0));
#2706=AXIS2_PLACEMENT_3D('',#2703,#2704,#2705);
#2708=DIRECTION('',(3.568681169914E-1,9.341547768304E-1,0.E0));
#2709=VECTOR('',#2708,9.527329111561E-1);
#2710=CARTESIAN_POINT('',(-1.8405E1,1.2125E1,0.E0));
#2711=LINE('',#2710,#2709);
#2712=CARTESIAN_POINT('',(-1.7835E1,1.2125E1,0.E0));
#2713=DIRECTION('',(0.E0,1.E0,0.E0));
#2714=DIRECTION('',(1.E0,0.E0,0.E0));
#2715=AXIS2_PLACEMENT_3D('',#2712,#2713,#2714);
#2717=CARTESIAN_POINT('',(-1.7835E1,1.3015E1,0.E0));
#2718=DIRECTION('',(0.E0,-1.E0,0.E0));
#2719=DIRECTION('',(1.E0,0.E0,0.E0));
#2720=AXIS2_PLACEMENT_3D('',#2717,#2718,#2719);
#2722=CARTESIAN_POINT('',(-1.7835E1,1.3015E1,0.E0));
#2723=DIRECTION('',(0.E0,1.E0,0.E0));
#2724=DIRECTION('',(1.E0,0.E0,0.E0));
#2725=AXIS2_PLACEMENT_3D('',#2722,#2723,#2724);
#2727=DIRECTION('',(3.568681169914E-1,9.341547768304E-1,0.E0));
#2728=VECTOR('',#2727,9.527329111561E-1);
#2729=CARTESIAN_POINT('',(-1.7605E1,-6.035E0,0.E0));
#2730=LINE('',#2729,#2728);
#2731=CARTESIAN_POINT('',(-1.7835E1,-6.035E0,0.E0));
#2732=DIRECTION('',(0.E0,-1.E0,0.E0));
#2733=DIRECTION('',(1.E0,0.E0,0.E0));
#2734=AXIS2_PLACEMENT_3D('',#2731,#2732,#2733);
#2736=DIRECTION('',(-3.568681169914E-1,9.341547768304E-1,0.E0));
#2737=VECTOR('',#2736,9.527329111561E-1);
#2738=CARTESIAN_POINT('',(-1.8065E1,-6.035E0,0.E0));
#2739=LINE('',#2738,#2737);
#2740=CARTESIAN_POINT('',(-1.7835E1,-6.035E0,0.E0));
#2741=DIRECTION('',(0.E0,1.E0,0.E0));
#2742=DIRECTION('',(1.E0,0.E0,0.E0));
#2743=AXIS2_PLACEMENT_3D('',#2740,#2741,#2742);
#2745=DIRECTION('',(0.E0,1.E0,0.E0));
#2746=VECTOR('',#2745,3.8E-1);
#2747=CARTESIAN_POINT('',(-1.6745E1,1.205E0,-2.45E0));
#2748=LINE('',#2747,#2746);
#2749=DIRECTION('',(0.E0,0.E0,-1.E0));
#2750=VECTOR('',#2749,5.92E0);
#2751=CARTESIAN_POINT('',(-1.6745E1,1.205E0,3.47E0));
#2752=LINE('',#2751,#2750);
#2753=DIRECTION('',(0.E0,-1.E0,0.E0));
#2754=VECTOR('',#2753,3.8E-1);
#2755=CARTESIAN_POINT('',(-1.8925E1,1.585E0,-2.45E0));
#2756=LINE('',#2755,#2754);
#2757=DIRECTION('',(0.E0,0.E0,-1.E0));
#2758=VECTOR('',#2757,6.9E0);
#2759=CARTESIAN_POINT('',(-2.0705E1,-1.205E0,3.47E0));
#2760=LINE('',#2759,#2758);
#2761=CARTESIAN_POINT('',(-2.1795E1,-1.205E0,0.E0));
#2762=DIRECTION('',(0.E0,1.E0,0.E0));
#2763=DIRECTION('',(1.E0,0.E0,0.E0));
#2764=AXIS2_PLACEMENT_3D('',#2761,#2762,#2763);
#2766=CARTESIAN_POINT('',(-2.1795E1,-1.205E0,0.E0));
#2767=DIRECTION('',(0.E0,1.E0,0.E0));
#2768=DIRECTION('',(-1.E0,0.E0,0.E0));
#2769=AXIS2_PLACEMENT_3D('',#2766,#2767,#2768);
#2771=CARTESIAN_POINT('',(-2.1795E1,-5.145E0,0.E0));
#2772=DIRECTION('',(0.E0,1.E0,0.E0));
#2773=DIRECTION('',(1.E0,0.E0,0.E0));
#2774=AXIS2_PLACEMENT_3D('',#2771,#2772,#2773);
#2776=CARTESIAN_POINT('',(-2.1795E1,1.205E0,0.E0));
#2777=DIRECTION('',(0.E0,1.E0,0.E0));
#2778=DIRECTION('',(1.E0,0.E0,0.E0));
#2779=AXIS2_PLACEMENT_3D('',#2776,#2777,#2778);
#2781=CARTESIAN_POINT('',(-2.1795E1,1.205E0,0.E0));
#2782=DIRECTION('',(0.E0,1.E0,0.E0));
#2783=DIRECTION('',(-1.E0,0.E0,0.E0));
#2784=AXIS2_PLACEMENT_3D('',#2781,#2782,#2783);
#2786=DIRECTION('',(1.E0,0.E0,0.E0));
#2787=VECTOR('',#2786,2.18E0);
#2788=CARTESIAN_POINT('',(-2.2885E1,1.205E0,-2.45E0));
#2789=LINE('',#2788,#2787);
#2790=DIRECTION('',(0.E0,0.E0,-1.E0));
#2791=VECTOR('',#2790,5.92E0);
#2792=CARTESIAN_POINT('',(-2.2885E1,1.205E0,3.47E0));
#2793=LINE('',#2792,#2791);
#2794=DIRECTION('',(0.E0,1.E0,0.E0));
#2795=VECTOR('',#2794,1.092E1);
#2796=CARTESIAN_POINT('',(-2.2365E1,1.205E0,0.E0));
#2797=LINE('',#2796,#2795);
#2798=DIRECTION('',(0.E0,1.E0,0.E0));
#2799=VECTOR('',#2798,1.092E1);
#2800=CARTESIAN_POINT('',(-2.1225E1,1.205E0,0.E0));
#2801=LINE('',#2800,#2799);
#2802=DIRECTION('',(0.E0,1.E0,0.E0));
#2803=VECTOR('',#2802,3.94E0);
#2804=CARTESIAN_POINT('',(-2.1225E1,-5.145E0,0.E0));
#2805=LINE('',#2804,#2803);
#2806=CARTESIAN_POINT('',(-2.1795E1,-5.145E0,0.E0));
#2807=DIRECTION('',(0.E0,-1.E0,0.E0));
#2808=DIRECTION('',(1.E0,0.E0,0.E0));
#2809=AXIS2_PLACEMENT_3D('',#2806,#2807,#2808);
#2811=DIRECTION('',(0.E0,1.E0,0.E0));
#2812=VECTOR('',#2811,3.94E0);
#2813=CARTESIAN_POINT('',(-2.2365E1,-5.145E0,0.E0));
#2814=LINE('',#2813,#2812);
#2815=DIRECTION('',(-3.568681169914E-1,9.341547768304E-1,0.E0));
#2816=VECTOR('',#2815,9.527329111561E-1);
#2817=CARTESIAN_POINT('',(-2.1225E1,1.2125E1,0.E0));
#2818=LINE('',#2817,#2816);
#2819=CARTESIAN_POINT('',(-2.1795E1,1.2125E1,0.E0));
#2820=DIRECTION('',(0.E0,-1.E0,0.E0));
#2821=DIRECTION('',(1.E0,0.E0,0.E0));
#2822=AXIS2_PLACEMENT_3D('',#2819,#2820,#2821);
#2824=DIRECTION('',(3.568681169914E-1,9.341547768304E-1,0.E0));
#2825=VECTOR('',#2824,9.527329111561E-1);
#2826=CARTESIAN_POINT('',(-2.2365E1,1.2125E1,0.E0));
#2827=LINE('',#2826,#2825);
#2828=CARTESIAN_POINT('',(-2.1795E1,1.2125E1,0.E0));
#2829=DIRECTION('',(0.E0,1.E0,0.E0));
#2830=DIRECTION('',(1.E0,0.E0,0.E0));
#2831=AXIS2_PLACEMENT_3D('',#2828,#2829,#2830);
#2833=CARTESIAN_POINT('',(-2.1795E1,1.3015E1,0.E0));
#2834=DIRECTION('',(0.E0,-1.E0,0.E0));
#2835=DIRECTION('',(1.E0,0.E0,0.E0));
#2836=AXIS2_PLACEMENT_3D('',#2833,#2834,#2835);
#2838=CARTESIAN_POINT('',(-2.1795E1,1.3015E1,0.E0));
#2839=DIRECTION('',(0.E0,1.E0,0.E0));
#2840=DIRECTION('',(1.E0,0.E0,0.E0));
#2841=AXIS2_PLACEMENT_3D('',#2838,#2839,#2840);
#2843=DIRECTION('',(3.568681169914E-1,9.341547768304E-1,0.E0));
#2844=VECTOR('',#2843,9.527329111561E-1);
#2845=CARTESIAN_POINT('',(-2.1565E1,-6.035E0,0.E0));
#2846=LINE('',#2845,#2844);
#2847=CARTESIAN_POINT('',(-2.1795E1,-6.035E0,0.E0));
#2848=DIRECTION('',(0.E0,-1.E0,0.E0));
#2849=DIRECTION('',(1.E0,0.E0,0.E0));
#2850=AXIS2_PLACEMENT_3D('',#2847,#2848,#2849);
#2852=DIRECTION('',(-3.568681169914E-1,9.341547768304E-1,0.E0));
#2853=VECTOR('',#2852,9.527329111561E-1);
#2854=CARTESIAN_POINT('',(-2.2025E1,-6.035E0,0.E0));
#2855=LINE('',#2854,#2853);
#2856=CARTESIAN_POINT('',(-2.1795E1,-6.035E0,0.E0));
#2857=DIRECTION('',(0.E0,1.E0,0.E0));
#2858=DIRECTION('',(1.E0,0.E0,0.E0));
#2859=AXIS2_PLACEMENT_3D('',#2856,#2857,#2858);
#2861=DIRECTION('',(0.E0,0.E0,-1.E0));
#2862=VECTOR('',#2861,5.92E0);
#2863=CARTESIAN_POINT('',(-2.0705E1,1.205E0,3.47E0));
#2864=LINE('',#2863,#2862);
#2865=DIRECTION('',(0.E0,1.E0,0.E0));
#2866=VECTOR('',#2865,3.8E-1);
#2867=CARTESIAN_POINT('',(-2.0705E1,1.205E0,-2.45E0));
#2868=LINE('',#2867,#2866);
#2869=DIRECTION('',(0.E0,-1.E0,0.E0));
#2870=VECTOR('',#2869,3.8E-1);
#2871=CARTESIAN_POINT('',(-2.2885E1,1.585E0,-2.45E0));
#2872=LINE('',#2871,#2870);
#2873=DIRECTION('',(0.E0,-1.E0,0.E0));
#2874=VECTOR('',#2873,3.17E0);
#2875=CARTESIAN_POINT('',(-2.0325E1,1.585E0,-1.5E0));
#2876=LINE('',#2875,#2874);
#2877=DIRECTION('',(0.E0,-1.E0,0.E0));
#2878=VECTOR('',#2877,3.17E0);
#2879=CARTESIAN_POINT('',(-2.0325E1,1.585E0,1.5E0));
#2880=LINE('',#2879,#2878);
#2881=DIRECTION('',(0.E0,-1.E0,0.E0));
#2882=VECTOR('',#2881,3.17E0);
#2883=CARTESIAN_POINT('',(-1.9305E1,1.585E0,1.5E0));
#2884=LINE('',#2883,#2882);
#2885=DIRECTION('',(0.E0,-1.E0,0.E0));
#2886=VECTOR('',#2885,3.17E0);
#2887=CARTESIAN_POINT('',(-1.9305E1,1.585E0,-1.5E0));
#2888=LINE('',#2887,#2886);
#2889=DIRECTION('',(0.E0,-1.E0,0.E0));
#2890=VECTOR('',#2889,3.17E0);
#2891=CARTESIAN_POINT('',(-1.6365E1,1.585E0,-1.5E0));
#2892=LINE('',#2891,#2890);
#2893=DIRECTION('',(0.E0,-1.E0,0.E0));
#2894=VECTOR('',#2893,3.17E0);
#2895=CARTESIAN_POINT('',(-1.6365E1,1.585E0,1.5E0));
#2896=LINE('',#2895,#2894);
#2897=DIRECTION('',(0.E0,-1.E0,0.E0));
#2898=VECTOR('',#2897,3.17E0);
#2899=CARTESIAN_POINT('',(-1.5345E1,1.585E0,1.5E0));
#2900=LINE('',#2899,#2898);
#2901=DIRECTION('',(0.E0,-1.E0,0.E0));
#2902=VECTOR('',#2901,3.17E0);
#2903=CARTESIAN_POINT('',(-1.5345E1,1.585E0,-1.5E0));
#2904=LINE('',#2903,#2902);
#2905=DIRECTION('',(0.E0,-1.E0,0.E0));
#2906=VECTOR('',#2905,3.17E0);
#2907=CARTESIAN_POINT('',(-1.2405E1,1.585E0,-1.5E0));
#2908=LINE('',#2907,#2906);
#2909=DIRECTION('',(0.E0,-1.E0,0.E0));
#2910=VECTOR('',#2909,3.17E0);
#2911=CARTESIAN_POINT('',(-1.2405E1,1.585E0,1.5E0));
#2912=LINE('',#2911,#2910);
#2913=DIRECTION('',(0.E0,-1.E0,0.E0));
#2914=VECTOR('',#2913,3.17E0);
#2915=CARTESIAN_POINT('',(-1.1385E1,1.585E0,1.5E0));
#2916=LINE('',#2915,#2914);
#2917=DIRECTION('',(0.E0,-1.E0,0.E0));
#2918=VECTOR('',#2917,3.17E0);
#2919=CARTESIAN_POINT('',(-1.1385E1,1.585E0,-1.5E0));
#2920=LINE('',#2919,#2918);
#2921=DIRECTION('',(0.E0,-1.E0,0.E0));
#2922=VECTOR('',#2921,3.17E0);
#2923=CARTESIAN_POINT('',(-8.445E0,1.585E0,-1.5E0));
#2924=LINE('',#2923,#2922);
#2925=DIRECTION('',(0.E0,-1.E0,0.E0));
#2926=VECTOR('',#2925,3.17E0);
#2927=CARTESIAN_POINT('',(-8.445E0,1.585E0,1.5E0));
#2928=LINE('',#2927,#2926);
#2929=DIRECTION('',(0.E0,-1.E0,0.E0));
#2930=VECTOR('',#2929,3.17E0);
#2931=CARTESIAN_POINT('',(-7.425E0,1.585E0,1.5E0));
#2932=LINE('',#2931,#2930);
#2933=DIRECTION('',(0.E0,-1.E0,0.E0));
#2934=VECTOR('',#2933,3.17E0);
#2935=CARTESIAN_POINT('',(-7.425E0,1.585E0,-1.5E0));
#2936=LINE('',#2935,#2934);
#2937=DIRECTION('',(0.E0,-1.E0,0.E0));
#2938=VECTOR('',#2937,3.17E0);
#2939=CARTESIAN_POINT('',(-4.485E0,1.585E0,-1.5E0));
#2940=LINE('',#2939,#2938);
#2941=DIRECTION('',(0.E0,-1.E0,0.E0));
#2942=VECTOR('',#2941,3.17E0);
#2943=CARTESIAN_POINT('',(-4.485E0,1.585E0,1.5E0));
#2944=LINE('',#2943,#2942);
#2945=DIRECTION('',(0.E0,-1.E0,0.E0));
#2946=VECTOR('',#2945,3.17E0);
#2947=CARTESIAN_POINT('',(-3.465E0,1.585E0,1.5E0));
#2948=LINE('',#2947,#2946);
#2949=DIRECTION('',(0.E0,-1.E0,0.E0));
#2950=VECTOR('',#2949,3.17E0);
#2951=CARTESIAN_POINT('',(-3.465E0,1.585E0,-1.5E0));
#2952=LINE('',#2951,#2950);
#2953=DIRECTION('',(0.E0,-1.E0,0.E0));
#2954=VECTOR('',#2953,3.17E0);
#2955=CARTESIAN_POINT('',(-5.25E-1,1.585E0,-1.5E0));
#2956=LINE('',#2955,#2954);
#2957=DIRECTION('',(0.E0,-1.E0,0.E0));
#2958=VECTOR('',#2957,3.17E0);
#2959=CARTESIAN_POINT('',(-5.25E-1,1.585E0,1.5E0));
#2960=LINE('',#2959,#2958);
#2961=DIRECTION('',(0.E0,-1.E0,0.E0));
#2962=VECTOR('',#2961,3.17E0);
#2963=CARTESIAN_POINT('',(4.95E-1,1.585E0,1.5E0));
#2964=LINE('',#2963,#2962);
#2965=DIRECTION('',(0.E0,-1.E0,0.E0));
#2966=VECTOR('',#2965,3.17E0);
#2967=CARTESIAN_POINT('',(4.95E-1,1.585E0,-1.5E0));
#2968=LINE('',#2967,#2966);
#2969=DIRECTION('',(0.E0,-1.E0,0.E0));
#2970=VECTOR('',#2969,3.17E0);
#2971=CARTESIAN_POINT('',(3.435E0,1.585E0,-1.5E0));
#2972=LINE('',#2971,#2970);
#2973=DIRECTION('',(0.E0,-1.E0,0.E0));
#2974=VECTOR('',#2973,3.17E0);
#2975=CARTESIAN_POINT('',(3.435E0,1.585E0,1.5E0));
#2976=LINE('',#2975,#2974);
#2977=DIRECTION('',(0.E0,-1.E0,0.E0));
#2978=VECTOR('',#2977,3.17E0);
#2979=CARTESIAN_POINT('',(4.455E0,1.585E0,1.5E0));
#2980=LINE('',#2979,#2978);
#2981=DIRECTION('',(0.E0,-1.E0,0.E0));
#2982=VECTOR('',#2981,3.17E0);
#2983=CARTESIAN_POINT('',(4.455E0,1.585E0,-1.5E0));
#2984=LINE('',#2983,#2982);
#2985=DIRECTION('',(0.E0,-1.E0,0.E0));
#2986=VECTOR('',#2985,3.17E0);
#2987=CARTESIAN_POINT('',(7.395E0,1.585E0,-1.5E0));
#2988=LINE('',#2987,#2986);
#2989=DIRECTION('',(0.E0,-1.E0,0.E0));
#2990=VECTOR('',#2989,3.17E0);
#2991=CARTESIAN_POINT('',(7.395E0,1.585E0,1.5E0));
#2992=LINE('',#2991,#2990);
#2993=DIRECTION('',(0.E0,-1.E0,0.E0));
#2994=VECTOR('',#2993,3.17E0);
#2995=CARTESIAN_POINT('',(8.415E0,1.585E0,1.5E0));
#2996=LINE('',#2995,#2994);
#2997=DIRECTION('',(0.E0,-1.E0,0.E0));
#2998=VECTOR('',#2997,3.17E0);
#2999=CARTESIAN_POINT('',(8.415E0,1.585E0,-1.5E0));
#3000=LINE('',#2999,#2998);
#3001=DIRECTION('',(0.E0,-1.E0,0.E0));
#3002=VECTOR('',#3001,3.17E0);
#3003=CARTESIAN_POINT('',(1.1355E1,1.585E0,-1.5E0));
#3004=LINE('',#3003,#3002);
#3005=DIRECTION('',(0.E0,-1.E0,0.E0));
#3006=VECTOR('',#3005,3.17E0);
#3007=CARTESIAN_POINT('',(1.1355E1,1.585E0,1.5E0));
#3008=LINE('',#3007,#3006);
#3009=DIRECTION('',(0.E0,-1.E0,0.E0));
#3010=VECTOR('',#3009,3.17E0);
#3011=CARTESIAN_POINT('',(1.2375E1,1.585E0,1.5E0));
#3012=LINE('',#3011,#3010);
#3013=DIRECTION('',(0.E0,-1.E0,0.E0));
#3014=VECTOR('',#3013,3.17E0);
#3015=CARTESIAN_POINT('',(1.2375E1,1.585E0,-1.5E0));
#3016=LINE('',#3015,#3014);
#3017=DIRECTION('',(0.E0,-1.E0,0.E0));
#3018=VECTOR('',#3017,3.17E0);
#3019=CARTESIAN_POINT('',(1.5315E1,1.585E0,-1.5E0));
#3020=LINE('',#3019,#3018);
#3021=DIRECTION('',(0.E0,-1.E0,0.E0));
#3022=VECTOR('',#3021,3.17E0);
#3023=CARTESIAN_POINT('',(1.5315E1,1.585E0,1.5E0));
#3024=LINE('',#3023,#3022);
#3025=DIRECTION('',(0.E0,-1.E0,0.E0));
#3026=VECTOR('',#3025,3.17E0);
#3027=CARTESIAN_POINT('',(1.6335E1,1.585E0,1.5E0));
#3028=LINE('',#3027,#3026);
#3029=DIRECTION('',(0.E0,-1.E0,0.E0));
#3030=VECTOR('',#3029,3.17E0);
#3031=CARTESIAN_POINT('',(1.6335E1,1.585E0,-1.5E0));
#3032=LINE('',#3031,#3030);
#3033=DIRECTION('',(0.E0,-1.E0,0.E0));
#3034=VECTOR('',#3033,3.17E0);
#3035=CARTESIAN_POINT('',(1.9275E1,1.585E0,-1.5E0));
#3036=LINE('',#3035,#3034);
#3037=DIRECTION('',(0.E0,-1.E0,0.E0));
#3038=VECTOR('',#3037,3.17E0);
#3039=CARTESIAN_POINT('',(1.9275E1,1.585E0,1.5E0));
#3040=LINE('',#3039,#3038);
#3041=DIRECTION('',(0.E0,-1.E0,0.E0));
#3042=VECTOR('',#3041,3.17E0);
#3043=CARTESIAN_POINT('',(2.0295E1,1.585E0,1.5E0));
#3044=LINE('',#3043,#3042);
#3045=DIRECTION('',(0.E0,-1.E0,0.E0));
#3046=VECTOR('',#3045,3.17E0);
#3047=CARTESIAN_POINT('',(2.0295E1,1.585E0,-1.5E0));
#3048=LINE('',#3047,#3046);
#3049=CARTESIAN_POINT('',(-2.3775E1,1.585E0,3.47E0));
#3050=CARTESIAN_POINT('',(-2.3775E1,-1.585E0,3.47E0));
#3051=VERTEX_POINT('',#3049);
#3052=VERTEX_POINT('',#3050);
#3053=CARTESIAN_POINT('',(2.3775E1,-1.585E0,3.47E0));
#3054=CARTESIAN_POINT('',(2.3775E1,1.585E0,3.47E0));
#3055=VERTEX_POINT('',#3053);
#3056=VERTEX_POINT('',#3054);
#3057=CARTESIAN_POINT('',(-2.3775E1,-1.585E0,-3.43E0));
#3058=VERTEX_POINT('',#3057);
#3059=CARTESIAN_POINT('',(2.3775E1,-1.585E0,-3.43E0));
#3060=VERTEX_POINT('',#3059);
#3061=CARTESIAN_POINT('',(-2.0705E1,-1.585E0,-3.43E0));
#3062=CARTESIAN_POINT('',(-2.0705E1,-1.205E0,-3.43E0));
#3063=VERTEX_POINT('',#3061);
#3064=VERTEX_POINT('',#3062);
#3065=CARTESIAN_POINT('',(-2.2885E1,-1.205E0,-3.43E0));
#3066=VERTEX_POINT('',#3065);
#3067=CARTESIAN_POINT('',(-2.2885E1,-1.585E0,-3.43E0));
#3068=VERTEX_POINT('',#3067);
#3069=CARTESIAN_POINT('',(-2.2885E1,1.585E0,3.47E0));
#3070=CARTESIAN_POINT('',(-2.2885E1,1.205E0,3.47E0));
#3071=VERTEX_POINT('',#3069);
#3072=VERTEX_POINT('',#3070);
#3073=CARTESIAN_POINT('',(-2.0705E1,1.205E0,3.47E0));
#3074=VERTEX_POINT('',#3073);
#3075=CARTESIAN_POINT('',(-2.0705E1,1.585E0,3.47E0));
#3076=VERTEX_POINT('',#3075);
#3077=CARTESIAN_POINT('',(-2.0705E1,-1.585E0,3.47E0));
#3078=CARTESIAN_POINT('',(-2.0705E1,-1.205E0,3.47E0));
#3079=VERTEX_POINT('',#3077);
#3080=VERTEX_POINT('',#3078);
#3081=CARTESIAN_POINT('',(-2.2885E1,-1.205E0,3.47E0));
#3082=VERTEX_POINT('',#3081);
#3083=CARTESIAN_POINT('',(-2.2885E1,-1.585E0,3.47E0));
#3084=VERTEX_POINT('',#3083);
#3085=CARTESIAN_POINT('',(-1.2405E1,7.535E0,-3.43E0));
#3086=CARTESIAN_POINT('',(-1.2405E1,1.585E0,-3.43E0));
#3087=VERTEX_POINT('',#3085);
#3088=VERTEX_POINT('',#3086);
#3089=CARTESIAN_POINT('',(-1.1385E1,1.585E0,-3.43E0));
#3090=VERTEX_POINT('',#3089);
#3091=CARTESIAN_POINT('',(-1.1385E1,7.535E0,-3.43E0));
#3092=VERTEX_POINT('',#3091);
#3093=CARTESIAN_POINT('',(-1.2405E1,1.585E0,-2.45E0));
#3094=VERTEX_POINT('',#3093);
#3095=CARTESIAN_POINT('',(-1.1385E1,1.585E0,-2.45E0));
#3096=VERTEX_POINT('',#3095);
#3097=CARTESIAN_POINT('',(-2.0325E1,-1.585E0,-1.5E0));
#3098=CARTESIAN_POINT('',(-2.0325E1,-1.585E0,1.5E0));
#3099=VERTEX_POINT('',#3097);
#3100=VERTEX_POINT('',#3098);
#3101=CARTESIAN_POINT('',(-1.9305E1,-1.585E0,1.5E0));
#3102=VERTEX_POINT('',#3101);
#3103=CARTESIAN_POINT('',(-1.9305E1,-1.585E0,-1.5E0));
#3104=VERTEX_POINT('',#3103);
#3105=CARTESIAN_POINT('',(-2.0325E1,1.585E0,-1.5E0));
#3106=CARTESIAN_POINT('',(-2.0325E1,1.585E0,1.5E0));
#3107=VERTEX_POINT('',#3105);
#3108=VERTEX_POINT('',#3106);
#3109=CARTESIAN_POINT('',(-1.9305E1,1.585E0,1.5E0));
#3110=VERTEX_POINT('',#3109);
#3111=CARTESIAN_POINT('',(-1.9305E1,1.585E0,-1.5E0));
#3112=VERTEX_POINT('',#3111);
#3113=CARTESIAN_POINT('',(2.3775E1,7.535E0,-3.43E0));
#3114=CARTESIAN_POINT('',(2.3775E1,7.535E0,-2.83E0));
#3115=VERTEX_POINT('',#3113);
#3116=VERTEX_POINT('',#3114);
#3117=CARTESIAN_POINT('',(2.3775E1,6.876820693124E0,-2.45E0));
#3118=VERTEX_POINT('',#3117);
#3119=CARTESIAN_POINT('',(-2.3775E1,7.535E0,-2.83E0));
#3120=CARTESIAN_POINT('',(-2.3775E1,7.535E0,-3.43E0));
#3121=VERTEX_POINT('',#3119);
#3122=VERTEX_POINT('',#3120);
#3123=CARTESIAN_POINT('',(-2.3775E1,6.876820693124E0,-2.45E0));
#3124=VERTEX_POINT('',#3123);
#3125=CARTESIAN_POINT('',(2.3775E1,1.585E0,-2.45E0));
#3126=CARTESIAN_POINT('',(2.2855E1,1.585E0,-2.45E0));
#3127=VERTEX_POINT('',#3125);
#3128=VERTEX_POINT('',#3126);
#3129=CARTESIAN_POINT('',(-2.3775E1,1.585E0,-2.45E0));
#3130=VERTEX_POINT('',#3129);
#3131=CARTESIAN_POINT('',(2.0675E1,1.585E0,-2.45E0));
#3132=CARTESIAN_POINT('',(1.8895E1,1.585E0,-2.45E0));
#3133=VERTEX_POINT('',#3131);
#3134=VERTEX_POINT('',#3132);
#3135=CARTESIAN_POINT('',(-2.2885E1,1.585E0,-2.45E0));
#3136=VERTEX_POINT('',#3135);
#3137=CARTESIAN_POINT('',(-2.0705E1,1.585E0,-2.45E0));
#3138=VERTEX_POINT('',#3137);
#3139=CARTESIAN_POINT('',(-2.1565E1,-6.035E0,0.E0));
#3140=CARTESIAN_POINT('',(-2.1225E1,-5.145E0,0.E0));
#3141=VERTEX_POINT('',#3139);
#3142=VERTEX_POINT('',#3140);
#3143=CARTESIAN_POINT('',(-2.1225E1,1.2125E1,0.E0));
#3144=CARTESIAN_POINT('',(-2.1565E1,1.3015E1,0.E0));
#3145=VERTEX_POINT('',#3143);
#3146=VERTEX_POINT('',#3144);
#3147=CARTESIAN_POINT('',(-2.2025E1,-6.035E0,0.E0));
#3148=CARTESIAN_POINT('',(-2.2365E1,-5.145E0,0.E0));
#3149=VERTEX_POINT('',#3147);
#3150=VERTEX_POINT('',#3148);
#3151=CARTESIAN_POINT('',(-2.2365E1,1.2125E1,0.E0));
#3152=CARTESIAN_POINT('',(-2.2025E1,1.3015E1,0.E0));
#3153=VERTEX_POINT('',#3151);
#3154=VERTEX_POINT('',#3152);
#3155=CARTESIAN_POINT('',(-2.1225E1,1.205E0,0.E0));
#3156=CARTESIAN_POINT('',(-2.2365E1,1.205E0,0.E0));
#3157=VERTEX_POINT('',#3155);
#3158=VERTEX_POINT('',#3156);
#3159=CARTESIAN_POINT('',(-2.1225E1,-1.205E0,0.E0));
#3160=CARTESIAN_POINT('',(-2.2365E1,-1.205E0,0.E0));
#3161=VERTEX_POINT('',#3159);
#3162=VERTEX_POINT('',#3160);
#3163=CARTESIAN_POINT('',(-2.2885E1,1.205E0,-2.45E0));
#3164=VERTEX_POINT('',#3163);
#3165=CARTESIAN_POINT('',(-2.0705E1,1.205E0,-2.45E0));
#3166=VERTEX_POINT('',#3165);
#3167=CARTESIAN_POINT('',(-1.2405E1,7.535E0,-2.83E0));
#3168=VERTEX_POINT('',#3167);
#3169=CARTESIAN_POINT('',(-1.1385E1,7.535E0,-2.83E0));
#3170=VERTEX_POINT('',#3169);
#3171=CARTESIAN_POINT('',(-1.2405E1,6.876820693124E0,-2.45E0));
#3172=VERTEX_POINT('',#3171);
#3173=CARTESIAN_POINT('',(-1.1385E1,6.876820693124E0,-2.45E0));
#3174=VERTEX_POINT('',#3173);
#3175=CARTESIAN_POINT('',(-1.6745E1,-1.585E0,-3.43E0));
#3176=CARTESIAN_POINT('',(-1.6745E1,-1.205E0,-3.43E0));
#3177=VERTEX_POINT('',#3175);
#3178=VERTEX_POINT('',#3176);
#3179=CARTESIAN_POINT('',(-1.8925E1,-1.205E0,-3.43E0));
#3180=VERTEX_POINT('',#3179);
#3181=CARTESIAN_POINT('',(-1.8925E1,-1.585E0,-3.43E0));
#3182=VERTEX_POINT('',#3181);
#3183=CARTESIAN_POINT('',(-1.8925E1,1.585E0,3.47E0));
#3184=CARTESIAN_POINT('',(-1.8925E1,1.205E0,3.47E0));
#3185=VERTEX_POINT('',#3183);
#3186=VERTEX_POINT('',#3184);
#3187=CARTESIAN_POINT('',(-1.6745E1,1.205E0,3.47E0));
#3188=VERTEX_POINT('',#3187);
#3189=CARTESIAN_POINT('',(-1.6745E1,1.585E0,3.47E0));
#3190=VERTEX_POINT('',#3189);
#3191=CARTESIAN_POINT('',(-1.6745E1,-1.585E0,3.47E0));
#3192=CARTESIAN_POINT('',(-1.6745E1,-1.205E0,3.47E0));
#3193=VERTEX_POINT('',#3191);
#3194=VERTEX_POINT('',#3192);
#3195=CARTESIAN_POINT('',(-1.8925E1,-1.205E0,3.47E0));
#3196=VERTEX_POINT('',#3195);
#3197=CARTESIAN_POINT('',(-1.8925E1,-1.585E0,3.47E0));
#3198=VERTEX_POINT('',#3197);
#3199=CARTESIAN_POINT('',(-1.2785E1,-1.585E0,-3.43E0));
#3200=CARTESIAN_POINT('',(-1.2785E1,-1.205E0,-3.43E0));
#3201=VERTEX_POINT('',#3199);
#3202=VERTEX_POINT('',#3200);
#3203=CARTESIAN_POINT('',(-1.4965E1,-1.205E0,-3.43E0));
#3204=VERTEX_POINT('',#3203);
#3205=CARTESIAN_POINT('',(-1.4965E1,-1.585E0,-3.43E0));
#3206=VERTEX_POINT('',#3205);
#3207=CARTESIAN_POINT('',(-1.4965E1,1.585E0,3.47E0));
#3208=CARTESIAN_POINT('',(-1.4965E1,1.205E0,3.47E0));
#3209=VERTEX_POINT('',#3207);
#3210=VERTEX_POINT('',#3208);
#3211=CARTESIAN_POINT('',(-1.2785E1,1.205E0,3.47E0));
#3212=VERTEX_POINT('',#3211);
#3213=CARTESIAN_POINT('',(-1.2785E1,1.585E0,3.47E0));
#3214=VERTEX_POINT('',#3213);
#3215=CARTESIAN_POINT('',(-1.2785E1,-1.585E0,3.47E0));
#3216=CARTESIAN_POINT('',(-1.2785E1,-1.205E0,3.47E0));
#3217=VERTEX_POINT('',#3215);
#3218=VERTEX_POINT('',#3216);
#3219=CARTESIAN_POINT('',(-1.4965E1,-1.205E0,3.47E0));
#3220=VERTEX_POINT('',#3219);
#3221=CARTESIAN_POINT('',(-1.4965E1,-1.585E0,3.47E0));
#3222=VERTEX_POINT('',#3221);
#3223=CARTESIAN_POINT('',(-8.825E0,-1.585E0,-3.43E0));
#3224=CARTESIAN_POINT('',(-8.825E0,-1.205E0,-3.43E0));
#3225=VERTEX_POINT('',#3223);
#3226=VERTEX_POINT('',#3224);
#3227=CARTESIAN_POINT('',(-1.1005E1,-1.205E0,-3.43E0));
#3228=VERTEX_POINT('',#3227);
#3229=CARTESIAN_POINT('',(-1.1005E1,-1.585E0,-3.43E0));
#3230=VERTEX_POINT('',#3229);
#3231=CARTESIAN_POINT('',(-1.1005E1,1.585E0,3.47E0));
#3232=CARTESIAN_POINT('',(-1.1005E1,1.205E0,3.47E0));
#3233=VERTEX_POINT('',#3231);
#3234=VERTEX_POINT('',#3232);
#3235=CARTESIAN_POINT('',(-8.825E0,1.205E0,3.47E0));
#3236=VERTEX_POINT('',#3235);
#3237=CARTESIAN_POINT('',(-8.825E0,1.585E0,3.47E0));
#3238=VERTEX_POINT('',#3237);
#3239=CARTESIAN_POINT('',(-8.825E0,-1.585E0,3.47E0));
#3240=CARTESIAN_POINT('',(-8.825E0,-1.205E0,3.47E0));
#3241=VERTEX_POINT('',#3239);
#3242=VERTEX_POINT('',#3240);
#3243=CARTESIAN_POINT('',(-1.1005E1,-1.205E0,3.47E0));
#3244=VERTEX_POINT('',#3243);
#3245=CARTESIAN_POINT('',(-1.1005E1,-1.585E0,3.47E0));
#3246=VERTEX_POINT('',#3245);
#3247=CARTESIAN_POINT('',(-4.865E0,-1.585E0,-3.43E0));
#3248=CARTESIAN_POINT('',(-4.865E0,-1.205E0,-3.43E0));
#3249=VERTEX_POINT('',#3247);
#3250=VERTEX_POINT('',#3248);
#3251=CARTESIAN_POINT('',(-7.045E0,-1.205E0,-3.43E0));
#3252=VERTEX_POINT('',#3251);
#3253=CARTESIAN_POINT('',(-7.045E0,-1.585E0,-3.43E0));
#3254=VERTEX_POINT('',#3253);
#3255=CARTESIAN_POINT('',(-7.045E0,1.585E0,3.47E0));
#3256=CARTESIAN_POINT('',(-7.045E0,1.205E0,3.47E0));
#3257=VERTEX_POINT('',#3255);
#3258=VERTEX_POINT('',#3256);
#3259=CARTESIAN_POINT('',(-4.865E0,1.205E0,3.47E0));
#3260=VERTEX_POINT('',#3259);
#3261=CARTESIAN_POINT('',(-4.865E0,1.585E0,3.47E0));
#3262=VERTEX_POINT('',#3261);
#3263=CARTESIAN_POINT('',(-4.865E0,-1.585E0,3.47E0));
#3264=CARTESIAN_POINT('',(-4.865E0,-1.205E0,3.47E0));
#3265=VERTEX_POINT('',#3263);
#3266=VERTEX_POINT('',#3264);
#3267=CARTESIAN_POINT('',(-7.045E0,-1.205E0,3.47E0));
#3268=VERTEX_POINT('',#3267);
#3269=CARTESIAN_POINT('',(-7.045E0,-1.585E0,3.47E0));
#3270=VERTEX_POINT('',#3269);
#3271=CARTESIAN_POINT('',(1.6715E1,1.585E0,-2.45E0));
#3272=CARTESIAN_POINT('',(1.4935E1,1.585E0,-2.45E0));
#3273=VERTEX_POINT('',#3271);
#3274=VERTEX_POINT('',#3272);
#3275=CARTESIAN_POINT('',(8.795E0,1.585E0,-2.45E0));
#3276=CARTESIAN_POINT('',(7.015E0,1.585E0,-2.45E0));
#3277=VERTEX_POINT('',#3275);
#3278=VERTEX_POINT('',#3276);
#3279=CARTESIAN_POINT('',(4.835E0,1.585E0,-2.45E0));
#3280=CARTESIAN_POINT('',(3.055E0,1.585E0,-2.45E0));
#3281=VERTEX_POINT('',#3279);
#3282=VERTEX_POINT('',#3280);
#3283=CARTESIAN_POINT('',(-1.8925E1,1.585E0,-2.45E0));
#3284=CARTESIAN_POINT('',(-1.8925E1,1.205E0,-2.45E0));
#3285=VERTEX_POINT('',#3283);
#3286=VERTEX_POINT('',#3284);
#3287=CARTESIAN_POINT('',(-1.6745E1,1.205E0,-2.45E0));
#3288=VERTEX_POINT('',#3287);
#3289=CARTESIAN_POINT('',(-1.6745E1,1.585E0,-2.45E0));
#3290=VERTEX_POINT('',#3289);
#3291=CARTESIAN_POINT('',(-1.4965E1,1.585E0,-2.45E0));
#3292=CARTESIAN_POINT('',(-1.4965E1,1.205E0,-2.45E0));
#3293=VERTEX_POINT('',#3291);
#3294=VERTEX_POINT('',#3292);
#3295=CARTESIAN_POINT('',(-1.2785E1,1.205E0,-2.45E0));
#3296=VERTEX_POINT('',#3295);
#3297=CARTESIAN_POINT('',(-1.2785E1,1.585E0,-2.45E0));
#3298=VERTEX_POINT('',#3297);
#3299=CARTESIAN_POINT('',(-1.1005E1,1.585E0,-2.45E0));
#3300=CARTESIAN_POINT('',(-1.1005E1,1.205E0,-2.45E0));
#3301=VERTEX_POINT('',#3299);
#3302=VERTEX_POINT('',#3300);
#3303=CARTESIAN_POINT('',(-8.825E0,1.205E0,-2.45E0));
#3304=VERTEX_POINT('',#3303);
#3305=CARTESIAN_POINT('',(-8.825E0,1.585E0,-2.45E0));
#3306=VERTEX_POINT('',#3305);
#3307=CARTESIAN_POINT('',(-7.045E0,1.585E0,-2.45E0));
#3308=CARTESIAN_POINT('',(-7.045E0,1.205E0,-2.45E0));
#3309=VERTEX_POINT('',#3307);
#3310=VERTEX_POINT('',#3308);
#3311=CARTESIAN_POINT('',(-4.865E0,1.205E0,-2.45E0));
#3312=VERTEX_POINT('',#3311);
#3313=CARTESIAN_POINT('',(-4.865E0,1.585E0,-2.45E0));
#3314=VERTEX_POINT('',#3313);
#3315=CARTESIAN_POINT('',(-1.7605E1,-6.035E0,0.E0));
#3316=CARTESIAN_POINT('',(-1.7265E1,-5.145E0,0.E0));
#3317=VERTEX_POINT('',#3315);
#3318=VERTEX_POINT('',#3316);
#3319=CARTESIAN_POINT('',(-1.7265E1,1.2125E1,0.E0));
#3320=CARTESIAN_POINT('',(-1.7605E1,1.3015E1,0.E0));
#3321=VERTEX_POINT('',#3319);
#3322=VERTEX_POINT('',#3320);
#3323=CARTESIAN_POINT('',(-1.8065E1,-6.035E0,0.E0));
#3324=CARTESIAN_POINT('',(-1.8405E1,-5.145E0,0.E0));
#3325=VERTEX_POINT('',#3323);
#3326=VERTEX_POINT('',#3324);
#3327=CARTESIAN_POINT('',(-1.8405E1,1.2125E1,0.E0));
#3328=CARTESIAN_POINT('',(-1.8065E1,1.3015E1,0.E0));
#3329=VERTEX_POINT('',#3327);
#3330=VERTEX_POINT('',#3328);
#3331=CARTESIAN_POINT('',(-1.7265E1,1.205E0,0.E0));
#3332=CARTESIAN_POINT('',(-1.8405E1,1.205E0,0.E0));
#3333=VERTEX_POINT('',#3331);
#3334=VERTEX_POINT('',#3332);
#3335=CARTESIAN_POINT('',(-1.7265E1,-1.205E0,0.E0));
#3336=CARTESIAN_POINT('',(-1.8405E1,-1.205E0,0.E0));
#3337=VERTEX_POINT('',#3335);
#3338=VERTEX_POINT('',#3336);
#3339=CARTESIAN_POINT('',(-1.3645E1,-6.035E0,0.E0));
#3340=CARTESIAN_POINT('',(-1.3305E1,-5.145E0,0.E0));
#3341=VERTEX_POINT('',#3339);
#3342=VERTEX_POINT('',#3340);
#3343=CARTESIAN_POINT('',(-1.3305E1,1.2125E1,0.E0));
#3344=CARTESIAN_POINT('',(-1.3645E1,1.3015E1,0.E0));
#3345=VERTEX_POINT('',#3343);
#3346=VERTEX_POINT('',#3344);
#3347=CARTESIAN_POINT('',(-1.4105E1,-6.035E0,0.E0));
#3348=CARTESIAN_POINT('',(-1.4445E1,-5.145E0,0.E0));
#3349=VERTEX_POINT('',#3347);
#3350=VERTEX_POINT('',#3348);
#3351=CARTESIAN_POINT('',(-1.4445E1,1.2125E1,0.E0));
#3352=CARTESIAN_POINT('',(-1.4105E1,1.3015E1,0.E0));
#3353=VERTEX_POINT('',#3351);
#3354=VERTEX_POINT('',#3352);
#3355=CARTESIAN_POINT('',(-1.3305E1,1.205E0,0.E0));
#3356=CARTESIAN_POINT('',(-1.4445E1,1.205E0,0.E0));
#3357=VERTEX_POINT('',#3355);
#3358=VERTEX_POINT('',#3356);
#3359=CARTESIAN_POINT('',(-1.3305E1,-1.205E0,0.E0));
#3360=CARTESIAN_POINT('',(-1.4445E1,-1.205E0,0.E0));
#3361=VERTEX_POINT('',#3359);
#3362=VERTEX_POINT('',#3360);
#3363=CARTESIAN_POINT('',(-9.685E0,-6.035E0,0.E0));
#3364=CARTESIAN_POINT('',(-9.345E0,-5.145E0,0.E0));
#3365=VERTEX_POINT('',#3363);
#3366=VERTEX_POINT('',#3364);
#3367=CARTESIAN_POINT('',(-9.345E0,1.2125E1,0.E0));
#3368=CARTESIAN_POINT('',(-9.685E0,1.3015E1,0.E0));
#3369=VERTEX_POINT('',#3367);
#3370=VERTEX_POINT('',#3368);
#3371=CARTESIAN_POINT('',(-1.0145E1,-6.035E0,0.E0));
#3372=CARTESIAN_POINT('',(-1.0485E1,-5.145E0,0.E0));
#3373=VERTEX_POINT('',#3371);
#3374=VERTEX_POINT('',#3372);
#3375=CARTESIAN_POINT('',(-1.0485E1,1.2125E1,0.E0));
#3376=CARTESIAN_POINT('',(-1.0145E1,1.3015E1,0.E0));
#3377=VERTEX_POINT('',#3375);
#3378=VERTEX_POINT('',#3376);
#3379=CARTESIAN_POINT('',(-9.345E0,1.205E0,0.E0));
#3380=CARTESIAN_POINT('',(-1.0485E1,1.205E0,0.E0));
#3381=VERTEX_POINT('',#3379);
#3382=VERTEX_POINT('',#3380);
#3383=CARTESIAN_POINT('',(-9.345E0,-1.205E0,0.E0));
#3384=CARTESIAN_POINT('',(-1.0485E1,-1.205E0,0.E0));
#3385=VERTEX_POINT('',#3383);
#3386=VERTEX_POINT('',#3384);
#3387=CARTESIAN_POINT('',(-5.725E0,-6.035E0,0.E0));
#3388=CARTESIAN_POINT('',(-5.385E0,-5.145E0,0.E0));
#3389=VERTEX_POINT('',#3387);
#3390=VERTEX_POINT('',#3388);
#3391=CARTESIAN_POINT('',(-5.385E0,1.2125E1,0.E0));
#3392=CARTESIAN_POINT('',(-5.725E0,1.3015E1,0.E0));
#3393=VERTEX_POINT('',#3391);
#3394=VERTEX_POINT('',#3392);
#3395=CARTESIAN_POINT('',(-6.185E0,-6.035E0,0.E0));
#3396=CARTESIAN_POINT('',(-6.525E0,-5.145E0,0.E0));
#3397=VERTEX_POINT('',#3395);
#3398=VERTEX_POINT('',#3396);
#3399=CARTESIAN_POINT('',(-6.525E0,1.2125E1,0.E0));
#3400=CARTESIAN_POINT('',(-6.185E0,1.3015E1,0.E0));
#3401=VERTEX_POINT('',#3399);
#3402=VERTEX_POINT('',#3400);
#3403=CARTESIAN_POINT('',(-5.385E0,1.205E0,0.E0));
#3404=CARTESIAN_POINT('',(-6.525E0,1.205E0,0.E0));
#3405=VERTEX_POINT('',#3403);
#3406=VERTEX_POINT('',#3404);
#3407=CARTESIAN_POINT('',(-5.385E0,-1.205E0,0.E0));
#3408=CARTESIAN_POINT('',(-6.525E0,-1.205E0,0.E0));
#3409=VERTEX_POINT('',#3407);
#3410=VERTEX_POINT('',#3408);
#3411=CARTESIAN_POINT('',(-1.6365E1,-1.585E0,-1.5E0));
#3412=CARTESIAN_POINT('',(-1.6365E1,-1.585E0,1.5E0));
#3413=VERTEX_POINT('',#3411);
#3414=VERTEX_POINT('',#3412);
#3415=CARTESIAN_POINT('',(-1.5345E1,-1.585E0,1.5E0));
#3416=VERTEX_POINT('',#3415);
#3417=CARTESIAN_POINT('',(-1.5345E1,-1.585E0,-1.5E0));
#3418=VERTEX_POINT('',#3417);
#3419=CARTESIAN_POINT('',(-1.6365E1,1.585E0,-1.5E0));
#3420=CARTESIAN_POINT('',(-1.6365E1,1.585E0,1.5E0));
#3421=VERTEX_POINT('',#3419);
#3422=VERTEX_POINT('',#3420);
#3423=CARTESIAN_POINT('',(-1.5345E1,1.585E0,1.5E0));
#3424=VERTEX_POINT('',#3423);
#3425=CARTESIAN_POINT('',(-1.5345E1,1.585E0,-1.5E0));
#3426=VERTEX_POINT('',#3425);
#3427=CARTESIAN_POINT('',(-1.2405E1,-1.585E0,-1.5E0));
#3428=CARTESIAN_POINT('',(-1.2405E1,-1.585E0,1.5E0));
#3429=VERTEX_POINT('',#3427);
#3430=VERTEX_POINT('',#3428);
#3431=CARTESIAN_POINT('',(-1.1385E1,-1.585E0,1.5E0));
#3432=VERTEX_POINT('',#3431);
#3433=CARTESIAN_POINT('',(-1.1385E1,-1.585E0,-1.5E0));
#3434=VERTEX_POINT('',#3433);
#3435=CARTESIAN_POINT('',(-1.2405E1,1.585E0,-1.5E0));
#3436=CARTESIAN_POINT('',(-1.2405E1,1.585E0,1.5E0));
#3437=VERTEX_POINT('',#3435);
#3438=VERTEX_POINT('',#3436);
#3439=CARTESIAN_POINT('',(-1.1385E1,1.585E0,1.5E0));
#3440=VERTEX_POINT('',#3439);
#3441=CARTESIAN_POINT('',(-1.1385E1,1.585E0,-1.5E0));
#3442=VERTEX_POINT('',#3441);
#3443=CARTESIAN_POINT('',(-8.445E0,-1.585E0,-1.5E0));
#3444=CARTESIAN_POINT('',(-8.445E0,-1.585E0,1.5E0));
#3445=VERTEX_POINT('',#3443);
#3446=VERTEX_POINT('',#3444);
#3447=CARTESIAN_POINT('',(-7.425E0,-1.585E0,1.5E0));
#3448=VERTEX_POINT('',#3447);
#3449=CARTESIAN_POINT('',(-7.425E0,-1.585E0,-1.5E0));
#3450=VERTEX_POINT('',#3449);
#3451=CARTESIAN_POINT('',(-8.445E0,1.585E0,-1.5E0));
#3452=CARTESIAN_POINT('',(-8.445E0,1.585E0,1.5E0));
#3453=VERTEX_POINT('',#3451);
#3454=VERTEX_POINT('',#3452);
#3455=CARTESIAN_POINT('',(-7.425E0,1.585E0,1.5E0));
#3456=VERTEX_POINT('',#3455);
#3457=CARTESIAN_POINT('',(-7.425E0,1.585E0,-1.5E0));
#3458=VERTEX_POINT('',#3457);
#3459=CARTESIAN_POINT('',(-4.485E0,-1.585E0,-1.5E0));
#3460=CARTESIAN_POINT('',(-4.485E0,-1.585E0,1.5E0));
#3461=VERTEX_POINT('',#3459);
#3462=VERTEX_POINT('',#3460);
#3463=CARTESIAN_POINT('',(-3.465E0,-1.585E0,1.5E0));
#3464=VERTEX_POINT('',#3463);
#3465=CARTESIAN_POINT('',(-3.465E0,-1.585E0,-1.5E0));
#3466=VERTEX_POINT('',#3465);
#3467=CARTESIAN_POINT('',(-4.485E0,1.585E0,-1.5E0));
#3468=CARTESIAN_POINT('',(-4.485E0,1.585E0,1.5E0));
#3469=VERTEX_POINT('',#3467);
#3470=VERTEX_POINT('',#3468);
#3471=CARTESIAN_POINT('',(-3.465E0,1.585E0,1.5E0));
#3472=VERTEX_POINT('',#3471);
#3473=CARTESIAN_POINT('',(-3.465E0,1.585E0,-1.5E0));
#3474=VERTEX_POINT('',#3473);
#3475=CARTESIAN_POINT('',(-9.05E-1,-1.585E0,-3.43E0));
#3476=CARTESIAN_POINT('',(-9.05E-1,-1.205E0,-3.43E0));
#3477=VERTEX_POINT('',#3475);
#3478=VERTEX_POINT('',#3476);
#3479=CARTESIAN_POINT('',(-3.085E0,-1.205E0,-3.43E0));
#3480=VERTEX_POINT('',#3479);
#3481=CARTESIAN_POINT('',(-3.085E0,-1.585E0,-3.43E0));
#3482=VERTEX_POINT('',#3481);
#3483=CARTESIAN_POINT('',(-3.085E0,1.585E0,3.47E0));
#3484=CARTESIAN_POINT('',(-3.085E0,1.205E0,3.47E0));
#3485=VERTEX_POINT('',#3483);
#3486=VERTEX_POINT('',#3484);
#3487=CARTESIAN_POINT('',(-9.05E-1,1.205E0,3.47E0));
#3488=VERTEX_POINT('',#3487);
#3489=CARTESIAN_POINT('',(-9.05E-1,1.585E0,3.47E0));
#3490=VERTEX_POINT('',#3489);
#3491=CARTESIAN_POINT('',(-9.05E-1,-1.585E0,3.47E0));
#3492=CARTESIAN_POINT('',(-9.05E-1,-1.205E0,3.47E0));
#3493=VERTEX_POINT('',#3491);
#3494=VERTEX_POINT('',#3492);
#3495=CARTESIAN_POINT('',(-3.085E0,-1.205E0,3.47E0));
#3496=VERTEX_POINT('',#3495);
#3497=CARTESIAN_POINT('',(-3.085E0,-1.585E0,3.47E0));
#3498=VERTEX_POINT('',#3497);
#3499=CARTESIAN_POINT('',(-1.765E0,-6.035E0,0.E0));
#3500=CARTESIAN_POINT('',(-1.425E0,-5.145E0,0.E0));
#3501=VERTEX_POINT('',#3499);
#3502=VERTEX_POINT('',#3500);
#3503=CARTESIAN_POINT('',(-1.425E0,1.2125E1,0.E0));
#3504=CARTESIAN_POINT('',(-1.765E0,1.3015E1,0.E0));
#3505=VERTEX_POINT('',#3503);
#3506=VERTEX_POINT('',#3504);
#3507=CARTESIAN_POINT('',(-2.225E0,-6.035E0,0.E0));
#3508=CARTESIAN_POINT('',(-2.565E0,-5.145E0,0.E0));
#3509=VERTEX_POINT('',#3507);
#3510=VERTEX_POINT('',#3508);
#3511=CARTESIAN_POINT('',(-2.565E0,1.2125E1,0.E0));
#3512=CARTESIAN_POINT('',(-2.225E0,1.3015E1,0.E0));
#3513=VERTEX_POINT('',#3511);
#3514=VERTEX_POINT('',#3512);
#3515=CARTESIAN_POINT('',(-1.425E0,1.205E0,0.E0));
#3516=CARTESIAN_POINT('',(-2.565E0,1.205E0,0.E0));
#3517=VERTEX_POINT('',#3515);
#3518=VERTEX_POINT('',#3516);
#3519=CARTESIAN_POINT('',(-1.425E0,-1.205E0,0.E0));
#3520=CARTESIAN_POINT('',(-2.565E0,-1.205E0,0.E0));
#3521=VERTEX_POINT('',#3519);
#3522=VERTEX_POINT('',#3520);
#3523=CARTESIAN_POINT('',(-3.085E0,1.585E0,-2.45E0));
#3524=CARTESIAN_POINT('',(-3.085E0,1.205E0,-2.45E0));
#3525=VERTEX_POINT('',#3523);
#3526=VERTEX_POINT('',#3524);
#3527=CARTESIAN_POINT('',(-9.05E-1,1.205E0,-2.45E0));
#3528=VERTEX_POINT('',#3527);
#3529=CARTESIAN_POINT('',(-9.05E-1,1.585E0,-2.45E0));
#3530=VERTEX_POINT('',#3529);
#3531=CARTESIAN_POINT('',(3.055E0,-1.585E0,-3.43E0));
#3532=CARTESIAN_POINT('',(3.055E0,-1.205E0,-3.43E0));
#3533=VERTEX_POINT('',#3531);
#3534=VERTEX_POINT('',#3532);
#3535=CARTESIAN_POINT('',(8.75E-1,-1.205E0,-3.43E0));
#3536=VERTEX_POINT('',#3535);
#3537=CARTESIAN_POINT('',(8.75E-1,-1.585E0,-3.43E0));
#3538=VERTEX_POINT('',#3537);
#3539=CARTESIAN_POINT('',(8.75E-1,1.585E0,3.47E0));
#3540=CARTESIAN_POINT('',(8.75E-1,1.205E0,3.47E0));
#3541=VERTEX_POINT('',#3539);
#3542=VERTEX_POINT('',#3540);
#3543=CARTESIAN_POINT('',(3.055E0,1.205E0,3.47E0));
#3544=VERTEX_POINT('',#3543);
#3545=CARTESIAN_POINT('',(3.055E0,1.585E0,3.47E0));
#3546=VERTEX_POINT('',#3545);
#3547=CARTESIAN_POINT('',(3.055E0,-1.585E0,3.47E0));
#3548=CARTESIAN_POINT('',(3.055E0,-1.205E0,3.47E0));
#3549=VERTEX_POINT('',#3547);
#3550=VERTEX_POINT('',#3548);
#3551=CARTESIAN_POINT('',(8.75E-1,-1.205E0,3.47E0));
#3552=VERTEX_POINT('',#3551);
#3553=CARTESIAN_POINT('',(8.75E-1,-1.585E0,3.47E0));
#3554=VERTEX_POINT('',#3553);
#3555=CARTESIAN_POINT('',(2.195E0,-6.035E0,0.E0));
#3556=CARTESIAN_POINT('',(2.535E0,-5.145E0,0.E0));
#3557=VERTEX_POINT('',#3555);
#3558=VERTEX_POINT('',#3556);
#3559=CARTESIAN_POINT('',(2.535E0,1.2125E1,0.E0));
#3560=CARTESIAN_POINT('',(2.195E0,1.3015E1,0.E0));
#3561=VERTEX_POINT('',#3559);
#3562=VERTEX_POINT('',#3560);
#3563=CARTESIAN_POINT('',(1.735E0,-6.035E0,0.E0));
#3564=CARTESIAN_POINT('',(1.395E0,-5.145E0,0.E0));
#3565=VERTEX_POINT('',#3563);
#3566=VERTEX_POINT('',#3564);
#3567=CARTESIAN_POINT('',(1.395E0,1.2125E1,0.E0));
#3568=CARTESIAN_POINT('',(1.735E0,1.3015E1,0.E0));
#3569=VERTEX_POINT('',#3567);
#3570=VERTEX_POINT('',#3568);
#3571=CARTESIAN_POINT('',(2.535E0,1.205E0,0.E0));
#3572=CARTESIAN_POINT('',(1.395E0,1.205E0,0.E0));
#3573=VERTEX_POINT('',#3571);
#3574=VERTEX_POINT('',#3572);
#3575=CARTESIAN_POINT('',(2.535E0,-1.205E0,0.E0));
#3576=CARTESIAN_POINT('',(1.395E0,-1.205E0,0.E0));
#3577=VERTEX_POINT('',#3575);
#3578=VERTEX_POINT('',#3576);
#3579=CARTESIAN_POINT('',(8.75E-1,1.585E0,-2.45E0));
#3580=CARTESIAN_POINT('',(8.75E-1,1.205E0,-2.45E0));
#3581=VERTEX_POINT('',#3579);
#3582=VERTEX_POINT('',#3580);
#3583=CARTESIAN_POINT('',(3.055E0,1.205E0,-2.45E0));
#3584=VERTEX_POINT('',#3583);
#3585=CARTESIAN_POINT('',(-5.25E-1,-1.585E0,-1.5E0));
#3586=CARTESIAN_POINT('',(-5.25E-1,-1.585E0,1.5E0));
#3587=VERTEX_POINT('',#3585);
#3588=VERTEX_POINT('',#3586);
#3589=CARTESIAN_POINT('',(4.95E-1,-1.585E0,1.5E0));
#3590=VERTEX_POINT('',#3589);
#3591=CARTESIAN_POINT('',(4.95E-1,-1.585E0,-1.5E0));
#3592=VERTEX_POINT('',#3591);
#3593=CARTESIAN_POINT('',(-5.25E-1,1.585E0,-1.5E0));
#3594=CARTESIAN_POINT('',(-5.25E-1,1.585E0,1.5E0));
#3595=VERTEX_POINT('',#3593);
#3596=VERTEX_POINT('',#3594);
#3597=CARTESIAN_POINT('',(4.95E-1,1.585E0,1.5E0));
#3598=VERTEX_POINT('',#3597);
#3599=CARTESIAN_POINT('',(4.95E-1,1.585E0,-1.5E0));
#3600=VERTEX_POINT('',#3599);
#3601=CARTESIAN_POINT('',(7.015E0,-1.585E0,-3.43E0));
#3602=CARTESIAN_POINT('',(7.015E0,-1.205E0,-3.43E0));
#3603=VERTEX_POINT('',#3601);
#3604=VERTEX_POINT('',#3602);
#3605=CARTESIAN_POINT('',(4.835E0,-1.205E0,-3.43E0));
#3606=VERTEX_POINT('',#3605);
#3607=CARTESIAN_POINT('',(4.835E0,-1.585E0,-3.43E0));
#3608=VERTEX_POINT('',#3607);
#3609=CARTESIAN_POINT('',(4.835E0,1.585E0,3.47E0));
#3610=CARTESIAN_POINT('',(4.835E0,1.205E0,3.47E0));
#3611=VERTEX_POINT('',#3609);
#3612=VERTEX_POINT('',#3610);
#3613=CARTESIAN_POINT('',(7.015E0,1.205E0,3.47E0));
#3614=VERTEX_POINT('',#3613);
#3615=CARTESIAN_POINT('',(7.015E0,1.585E0,3.47E0));
#3616=VERTEX_POINT('',#3615);
#3617=CARTESIAN_POINT('',(7.015E0,-1.585E0,3.47E0));
#3618=CARTESIAN_POINT('',(7.015E0,-1.205E0,3.47E0));
#3619=VERTEX_POINT('',#3617);
#3620=VERTEX_POINT('',#3618);
#3621=CARTESIAN_POINT('',(4.835E0,-1.205E0,3.47E0));
#3622=VERTEX_POINT('',#3621);
#3623=CARTESIAN_POINT('',(4.835E0,-1.585E0,3.47E0));
#3624=VERTEX_POINT('',#3623);
#3625=CARTESIAN_POINT('',(6.155E0,-6.035E0,0.E0));
#3626=CARTESIAN_POINT('',(6.495E0,-5.145E0,0.E0));
#3627=VERTEX_POINT('',#3625);
#3628=VERTEX_POINT('',#3626);
#3629=CARTESIAN_POINT('',(6.495E0,1.2125E1,0.E0));
#3630=CARTESIAN_POINT('',(6.155E0,1.3015E1,0.E0));
#3631=VERTEX_POINT('',#3629);
#3632=VERTEX_POINT('',#3630);
#3633=CARTESIAN_POINT('',(5.695E0,-6.035E0,0.E0));
#3634=CARTESIAN_POINT('',(5.355E0,-5.145E0,0.E0));
#3635=VERTEX_POINT('',#3633);
#3636=VERTEX_POINT('',#3634);
#3637=CARTESIAN_POINT('',(5.355E0,1.2125E1,0.E0));
#3638=CARTESIAN_POINT('',(5.695E0,1.3015E1,0.E0));
#3639=VERTEX_POINT('',#3637);
#3640=VERTEX_POINT('',#3638);
#3641=CARTESIAN_POINT('',(6.495E0,1.205E0,0.E0));
#3642=CARTESIAN_POINT('',(5.355E0,1.205E0,0.E0));
#3643=VERTEX_POINT('',#3641);
#3644=VERTEX_POINT('',#3642);
#3645=CARTESIAN_POINT('',(6.495E0,-1.205E0,0.E0));
#3646=CARTESIAN_POINT('',(5.355E0,-1.205E0,0.E0));
#3647=VERTEX_POINT('',#3645);
#3648=VERTEX_POINT('',#3646);
#3649=CARTESIAN_POINT('',(4.835E0,1.205E0,-2.45E0));
#3650=VERTEX_POINT('',#3649);
#3651=CARTESIAN_POINT('',(7.015E0,1.205E0,-2.45E0));
#3652=VERTEX_POINT('',#3651);
#3653=CARTESIAN_POINT('',(3.435E0,-1.585E0,-1.5E0));
#3654=CARTESIAN_POINT('',(3.435E0,-1.585E0,1.5E0));
#3655=VERTEX_POINT('',#3653);
#3656=VERTEX_POINT('',#3654);
#3657=CARTESIAN_POINT('',(4.455E0,-1.585E0,1.5E0));
#3658=VERTEX_POINT('',#3657);
#3659=CARTESIAN_POINT('',(4.455E0,-1.585E0,-1.5E0));
#3660=VERTEX_POINT('',#3659);
#3661=CARTESIAN_POINT('',(3.435E0,1.585E0,-1.5E0));
#3662=CARTESIAN_POINT('',(3.435E0,1.585E0,1.5E0));
#3663=VERTEX_POINT('',#3661);
#3664=VERTEX_POINT('',#3662);
#3665=CARTESIAN_POINT('',(4.455E0,1.585E0,1.5E0));
#3666=VERTEX_POINT('',#3665);
#3667=CARTESIAN_POINT('',(4.455E0,1.585E0,-1.5E0));
#3668=VERTEX_POINT('',#3667);
#3669=CARTESIAN_POINT('',(1.0975E1,-1.585E0,-3.43E0));
#3670=CARTESIAN_POINT('',(1.0975E1,-1.205E0,-3.43E0));
#3671=VERTEX_POINT('',#3669);
#3672=VERTEX_POINT('',#3670);
#3673=CARTESIAN_POINT('',(8.795E0,-1.205E0,-3.43E0));
#3674=VERTEX_POINT('',#3673);
#3675=CARTESIAN_POINT('',(8.795E0,-1.585E0,-3.43E0));
#3676=VERTEX_POINT('',#3675);
#3677=CARTESIAN_POINT('',(8.795E0,1.585E0,3.47E0));
#3678=CARTESIAN_POINT('',(8.795E0,1.205E0,3.47E0));
#3679=VERTEX_POINT('',#3677);
#3680=VERTEX_POINT('',#3678);
#3681=CARTESIAN_POINT('',(1.0975E1,1.205E0,3.47E0));
#3682=VERTEX_POINT('',#3681);
#3683=CARTESIAN_POINT('',(1.0975E1,1.585E0,3.47E0));
#3684=VERTEX_POINT('',#3683);
#3685=CARTESIAN_POINT('',(1.0975E1,-1.585E0,3.47E0));
#3686=CARTESIAN_POINT('',(1.0975E1,-1.205E0,3.47E0));
#3687=VERTEX_POINT('',#3685);
#3688=VERTEX_POINT('',#3686);
#3689=CARTESIAN_POINT('',(8.795E0,-1.205E0,3.47E0));
#3690=VERTEX_POINT('',#3689);
#3691=CARTESIAN_POINT('',(8.795E0,-1.585E0,3.47E0));
#3692=VERTEX_POINT('',#3691);
#3693=CARTESIAN_POINT('',(1.0115E1,-6.035E0,0.E0));
#3694=CARTESIAN_POINT('',(1.0455E1,-5.145E0,0.E0));
#3695=VERTEX_POINT('',#3693);
#3696=VERTEX_POINT('',#3694);
#3697=CARTESIAN_POINT('',(1.0455E1,1.2125E1,0.E0));
#3698=CARTESIAN_POINT('',(1.0115E1,1.3015E1,0.E0));
#3699=VERTEX_POINT('',#3697);
#3700=VERTEX_POINT('',#3698);
#3701=CARTESIAN_POINT('',(9.655E0,-6.035E0,0.E0));
#3702=CARTESIAN_POINT('',(9.315E0,-5.145E0,0.E0));
#3703=VERTEX_POINT('',#3701);
#3704=VERTEX_POINT('',#3702);
#3705=CARTESIAN_POINT('',(9.315E0,1.2125E1,0.E0));
#3706=CARTESIAN_POINT('',(9.655E0,1.3015E1,0.E0));
#3707=VERTEX_POINT('',#3705);
#3708=VERTEX_POINT('',#3706);
#3709=CARTESIAN_POINT('',(1.0455E1,1.205E0,0.E0));
#3710=CARTESIAN_POINT('',(9.315E0,1.205E0,0.E0));
#3711=VERTEX_POINT('',#3709);
#3712=VERTEX_POINT('',#3710);
#3713=CARTESIAN_POINT('',(1.0455E1,-1.205E0,0.E0));
#3714=CARTESIAN_POINT('',(9.315E0,-1.205E0,0.E0));
#3715=VERTEX_POINT('',#3713);
#3716=VERTEX_POINT('',#3714);
#3717=CARTESIAN_POINT('',(8.795E0,1.205E0,-2.45E0));
#3718=VERTEX_POINT('',#3717);
#3719=CARTESIAN_POINT('',(1.0975E1,1.205E0,-2.45E0));
#3720=VERTEX_POINT('',#3719);
#3721=CARTESIAN_POINT('',(1.0975E1,1.585E0,-2.45E0));
#3722=VERTEX_POINT('',#3721);
#3723=CARTESIAN_POINT('',(7.395E0,-1.585E0,-1.5E0));
#3724=CARTESIAN_POINT('',(7.395E0,-1.585E0,1.5E0));
#3725=VERTEX_POINT('',#3723);
#3726=VERTEX_POINT('',#3724);
#3727=CARTESIAN_POINT('',(8.415E0,-1.585E0,1.5E0));
#3728=VERTEX_POINT('',#3727);
#3729=CARTESIAN_POINT('',(8.415E0,-1.585E0,-1.5E0));
#3730=VERTEX_POINT('',#3729);
#3731=CARTESIAN_POINT('',(7.395E0,1.585E0,-1.5E0));
#3732=CARTESIAN_POINT('',(7.395E0,1.585E0,1.5E0));
#3733=VERTEX_POINT('',#3731);
#3734=VERTEX_POINT('',#3732);
#3735=CARTESIAN_POINT('',(8.415E0,1.585E0,1.5E0));
#3736=VERTEX_POINT('',#3735);
#3737=CARTESIAN_POINT('',(8.415E0,1.585E0,-1.5E0));
#3738=VERTEX_POINT('',#3737);
#3739=CARTESIAN_POINT('',(1.4935E1,-1.585E0,-3.43E0));
#3740=CARTESIAN_POINT('',(1.4935E1,-1.205E0,-3.43E0));
#3741=VERTEX_POINT('',#3739);
#3742=VERTEX_POINT('',#3740);
#3743=CARTESIAN_POINT('',(1.2755E1,-1.205E0,-3.43E0));
#3744=VERTEX_POINT('',#3743);
#3745=CARTESIAN_POINT('',(1.2755E1,-1.585E0,-3.43E0));
#3746=VERTEX_POINT('',#3745);
#3747=CARTESIAN_POINT('',(1.2755E1,1.585E0,3.47E0));
#3748=CARTESIAN_POINT('',(1.2755E1,1.205E0,3.47E0));
#3749=VERTEX_POINT('',#3747);
#3750=VERTEX_POINT('',#3748);
#3751=CARTESIAN_POINT('',(1.4935E1,1.205E0,3.47E0));
#3752=VERTEX_POINT('',#3751);
#3753=CARTESIAN_POINT('',(1.4935E1,1.585E0,3.47E0));
#3754=VERTEX_POINT('',#3753);
#3755=CARTESIAN_POINT('',(1.4935E1,-1.585E0,3.47E0));
#3756=CARTESIAN_POINT('',(1.4935E1,-1.205E0,3.47E0));
#3757=VERTEX_POINT('',#3755);
#3758=VERTEX_POINT('',#3756);
#3759=CARTESIAN_POINT('',(1.2755E1,-1.205E0,3.47E0));
#3760=VERTEX_POINT('',#3759);
#3761=CARTESIAN_POINT('',(1.2755E1,-1.585E0,3.47E0));
#3762=VERTEX_POINT('',#3761);
#3763=CARTESIAN_POINT('',(1.4075E1,-6.035E0,0.E0));
#3764=CARTESIAN_POINT('',(1.4415E1,-5.145E0,0.E0));
#3765=VERTEX_POINT('',#3763);
#3766=VERTEX_POINT('',#3764);
#3767=CARTESIAN_POINT('',(1.4415E1,1.2125E1,0.E0));
#3768=CARTESIAN_POINT('',(1.4075E1,1.3015E1,0.E0));
#3769=VERTEX_POINT('',#3767);
#3770=VERTEX_POINT('',#3768);
#3771=CARTESIAN_POINT('',(1.3615E1,-6.035E0,0.E0));
#3772=CARTESIAN_POINT('',(1.3275E1,-5.145E0,0.E0));
#3773=VERTEX_POINT('',#3771);
#3774=VERTEX_POINT('',#3772);
#3775=CARTESIAN_POINT('',(1.3275E1,1.2125E1,0.E0));
#3776=CARTESIAN_POINT('',(1.3615E1,1.3015E1,0.E0));
#3777=VERTEX_POINT('',#3775);
#3778=VERTEX_POINT('',#3776);
#3779=CARTESIAN_POINT('',(1.4415E1,1.205E0,0.E0));
#3780=CARTESIAN_POINT('',(1.3275E1,1.205E0,0.E0));
#3781=VERTEX_POINT('',#3779);
#3782=VERTEX_POINT('',#3780);
#3783=CARTESIAN_POINT('',(1.4415E1,-1.205E0,0.E0));
#3784=CARTESIAN_POINT('',(1.3275E1,-1.205E0,0.E0));
#3785=VERTEX_POINT('',#3783);
#3786=VERTEX_POINT('',#3784);
#3787=CARTESIAN_POINT('',(1.2755E1,1.585E0,-2.45E0));
#3788=CARTESIAN_POINT('',(1.2755E1,1.205E0,-2.45E0));
#3789=VERTEX_POINT('',#3787);
#3790=VERTEX_POINT('',#3788);
#3791=CARTESIAN_POINT('',(1.4935E1,1.205E0,-2.45E0));
#3792=VERTEX_POINT('',#3791);
#3793=CARTESIAN_POINT('',(1.1355E1,-1.585E0,-1.5E0));
#3794=CARTESIAN_POINT('',(1.1355E1,-1.585E0,1.5E0));
#3795=VERTEX_POINT('',#3793);
#3796=VERTEX_POINT('',#3794);
#3797=CARTESIAN_POINT('',(1.2375E1,-1.585E0,1.5E0));
#3798=VERTEX_POINT('',#3797);
#3799=CARTESIAN_POINT('',(1.2375E1,-1.585E0,-1.5E0));
#3800=VERTEX_POINT('',#3799);
#3801=CARTESIAN_POINT('',(1.1355E1,1.585E0,-1.5E0));
#3802=CARTESIAN_POINT('',(1.1355E1,1.585E0,1.5E0));
#3803=VERTEX_POINT('',#3801);
#3804=VERTEX_POINT('',#3802);
#3805=CARTESIAN_POINT('',(1.2375E1,1.585E0,1.5E0));
#3806=VERTEX_POINT('',#3805);
#3807=CARTESIAN_POINT('',(1.2375E1,1.585E0,-1.5E0));
#3808=VERTEX_POINT('',#3807);
#3809=CARTESIAN_POINT('',(1.8895E1,-1.585E0,-3.43E0));
#3810=CARTESIAN_POINT('',(1.8895E1,-1.205E0,-3.43E0));
#3811=VERTEX_POINT('',#3809);
#3812=VERTEX_POINT('',#3810);
#3813=CARTESIAN_POINT('',(1.6715E1,-1.205E0,-3.43E0));
#3814=VERTEX_POINT('',#3813);
#3815=CARTESIAN_POINT('',(1.6715E1,-1.585E0,-3.43E0));
#3816=VERTEX_POINT('',#3815);
#3817=CARTESIAN_POINT('',(1.6715E1,1.585E0,3.47E0));
#3818=CARTESIAN_POINT('',(1.6715E1,1.205E0,3.47E0));
#3819=VERTEX_POINT('',#3817);
#3820=VERTEX_POINT('',#3818);
#3821=CARTESIAN_POINT('',(1.8895E1,1.205E0,3.47E0));
#3822=VERTEX_POINT('',#3821);
#3823=CARTESIAN_POINT('',(1.8895E1,1.585E0,3.47E0));
#3824=VERTEX_POINT('',#3823);
#3825=CARTESIAN_POINT('',(1.8895E1,-1.585E0,3.47E0));
#3826=CARTESIAN_POINT('',(1.8895E1,-1.205E0,3.47E0));
#3827=VERTEX_POINT('',#3825);
#3828=VERTEX_POINT('',#3826);
#3829=CARTESIAN_POINT('',(1.6715E1,-1.205E0,3.47E0));
#3830=VERTEX_POINT('',#3829);
#3831=CARTESIAN_POINT('',(1.6715E1,-1.585E0,3.47E0));
#3832=VERTEX_POINT('',#3831);
#3833=CARTESIAN_POINT('',(1.8035E1,-6.035E0,0.E0));
#3834=CARTESIAN_POINT('',(1.8375E1,-5.145E0,0.E0));
#3835=VERTEX_POINT('',#3833);
#3836=VERTEX_POINT('',#3834);
#3837=CARTESIAN_POINT('',(1.8375E1,1.2125E1,0.E0));
#3838=CARTESIAN_POINT('',(1.8035E1,1.3015E1,0.E0));
#3839=VERTEX_POINT('',#3837);
#3840=VERTEX_POINT('',#3838);
#3841=CARTESIAN_POINT('',(1.7575E1,-6.035E0,0.E0));
#3842=CARTESIAN_POINT('',(1.7235E1,-5.145E0,0.E0));
#3843=VERTEX_POINT('',#3841);
#3844=VERTEX_POINT('',#3842);
#3845=CARTESIAN_POINT('',(1.7235E1,1.2125E1,0.E0));
#3846=CARTESIAN_POINT('',(1.7575E1,1.3015E1,0.E0));
#3847=VERTEX_POINT('',#3845);
#3848=VERTEX_POINT('',#3846);
#3849=CARTESIAN_POINT('',(1.8375E1,1.205E0,0.E0));
#3850=CARTESIAN_POINT('',(1.7235E1,1.205E0,0.E0));
#3851=VERTEX_POINT('',#3849);
#3852=VERTEX_POINT('',#3850);
#3853=CARTESIAN_POINT('',(1.8375E1,-1.205E0,0.E0));
#3854=CARTESIAN_POINT('',(1.7235E1,-1.205E0,0.E0));
#3855=VERTEX_POINT('',#3853);
#3856=VERTEX_POINT('',#3854);
#3857=CARTESIAN_POINT('',(1.6715E1,1.205E0,-2.45E0));
#3858=VERTEX_POINT('',#3857);
#3859=CARTESIAN_POINT('',(1.8895E1,1.205E0,-2.45E0));
#3860=VERTEX_POINT('',#3859);
#3861=CARTESIAN_POINT('',(1.5315E1,-1.585E0,-1.5E0));
#3862=CARTESIAN_POINT('',(1.5315E1,-1.585E0,1.5E0));
#3863=VERTEX_POINT('',#3861);
#3864=VERTEX_POINT('',#3862);
#3865=CARTESIAN_POINT('',(1.6335E1,-1.585E0,1.5E0));
#3866=VERTEX_POINT('',#3865);
#3867=CARTESIAN_POINT('',(1.6335E1,-1.585E0,-1.5E0));
#3868=VERTEX_POINT('',#3867);
#3869=CARTESIAN_POINT('',(1.5315E1,1.585E0,-1.5E0));
#3870=CARTESIAN_POINT('',(1.5315E1,1.585E0,1.5E0));
#3871=VERTEX_POINT('',#3869);
#3872=VERTEX_POINT('',#3870);
#3873=CARTESIAN_POINT('',(1.6335E1,1.585E0,1.5E0));
#3874=VERTEX_POINT('',#3873);
#3875=CARTESIAN_POINT('',(1.6335E1,1.585E0,-1.5E0));
#3876=VERTEX_POINT('',#3875);
#3877=CARTESIAN_POINT('',(2.2855E1,-1.585E0,-3.43E0));
#3878=CARTESIAN_POINT('',(2.2855E1,-1.205E0,-3.43E0));
#3879=VERTEX_POINT('',#3877);
#3880=VERTEX_POINT('',#3878);
#3881=CARTESIAN_POINT('',(2.0675E1,-1.205E0,-3.43E0));
#3882=VERTEX_POINT('',#3881);
#3883=CARTESIAN_POINT('',(2.0675E1,-1.585E0,-3.43E0));
#3884=VERTEX_POINT('',#3883);
#3885=CARTESIAN_POINT('',(2.0675E1,1.585E0,3.47E0));
#3886=CARTESIAN_POINT('',(2.0675E1,1.205E0,3.47E0));
#3887=VERTEX_POINT('',#3885);
#3888=VERTEX_POINT('',#3886);
#3889=CARTESIAN_POINT('',(2.2855E1,1.205E0,3.47E0));
#3890=VERTEX_POINT('',#3889);
#3891=CARTESIAN_POINT('',(2.2855E1,1.585E0,3.47E0));
#3892=VERTEX_POINT('',#3891);
#3893=CARTESIAN_POINT('',(2.2855E1,-1.585E0,3.47E0));
#3894=CARTESIAN_POINT('',(2.2855E1,-1.205E0,3.47E0));
#3895=VERTEX_POINT('',#3893);
#3896=VERTEX_POINT('',#3894);
#3897=CARTESIAN_POINT('',(2.0675E1,-1.205E0,3.47E0));
#3898=VERTEX_POINT('',#3897);
#3899=CARTESIAN_POINT('',(2.0675E1,-1.585E0,3.47E0));
#3900=VERTEX_POINT('',#3899);
#3901=CARTESIAN_POINT('',(2.1995E1,-6.035E0,0.E0));
#3902=CARTESIAN_POINT('',(2.2335E1,-5.145E0,0.E0));
#3903=VERTEX_POINT('',#3901);
#3904=VERTEX_POINT('',#3902);
#3905=CARTESIAN_POINT('',(2.2335E1,1.2125E1,0.E0));
#3906=CARTESIAN_POINT('',(2.1995E1,1.3015E1,0.E0));
#3907=VERTEX_POINT('',#3905);
#3908=VERTEX_POINT('',#3906);
#3909=CARTESIAN_POINT('',(2.1535E1,-6.035E0,0.E0));
#3910=CARTESIAN_POINT('',(2.1195E1,-5.145E0,0.E0));
#3911=VERTEX_POINT('',#3909);
#3912=VERTEX_POINT('',#3910);
#3913=CARTESIAN_POINT('',(2.1195E1,1.2125E1,0.E0));
#3914=CARTESIAN_POINT('',(2.1535E1,1.3015E1,0.E0));
#3915=VERTEX_POINT('',#3913);
#3916=VERTEX_POINT('',#3914);
#3917=CARTESIAN_POINT('',(2.2335E1,1.205E0,0.E0));
#3918=CARTESIAN_POINT('',(2.1195E1,1.205E0,0.E0));
#3919=VERTEX_POINT('',#3917);
#3920=VERTEX_POINT('',#3918);
#3921=CARTESIAN_POINT('',(2.2335E1,-1.205E0,0.E0));
#3922=CARTESIAN_POINT('',(2.1195E1,-1.205E0,0.E0));
#3923=VERTEX_POINT('',#3921);
#3924=VERTEX_POINT('',#3922);
#3925=CARTESIAN_POINT('',(2.0675E1,1.205E0,-2.45E0));
#3926=VERTEX_POINT('',#3925);
#3927=CARTESIAN_POINT('',(2.2855E1,1.205E0,-2.45E0));
#3928=VERTEX_POINT('',#3927);
#3929=CARTESIAN_POINT('',(1.9275E1,-1.585E0,-1.5E0));
#3930=CARTESIAN_POINT('',(1.9275E1,-1.585E0,1.5E0));
#3931=VERTEX_POINT('',#3929);
#3932=VERTEX_POINT('',#3930);
#3933=CARTESIAN_POINT('',(2.0295E1,-1.585E0,1.5E0));
#3934=VERTEX_POINT('',#3933);
#3935=CARTESIAN_POINT('',(2.0295E1,-1.585E0,-1.5E0));
#3936=VERTEX_POINT('',#3935);
#3937=CARTESIAN_POINT('',(1.9275E1,1.585E0,-1.5E0));
#3938=CARTESIAN_POINT('',(1.9275E1,1.585E0,1.5E0));
#3939=VERTEX_POINT('',#3937);
#3940=VERTEX_POINT('',#3938);
#3941=CARTESIAN_POINT('',(2.0295E1,1.585E0,1.5E0));
#3942=VERTEX_POINT('',#3941);
#3943=CARTESIAN_POINT('',(2.0295E1,1.585E0,-1.5E0));
#3944=VERTEX_POINT('',#3943);
#3945=CARTESIAN_POINT('',(-5.25E-1,7.535E0,-3.43E0));
#3946=CARTESIAN_POINT('',(-5.25E-1,1.585E0,-3.43E0));
#3947=VERTEX_POINT('',#3945);
#3948=VERTEX_POINT('',#3946);
#3949=CARTESIAN_POINT('',(4.95E-1,1.585E0,-3.43E0));
#3950=VERTEX_POINT('',#3949);
#3951=CARTESIAN_POINT('',(4.95E-1,7.535E0,-3.43E0));
#3952=VERTEX_POINT('',#3951);
#3953=CARTESIAN_POINT('',(-5.25E-1,7.535E0,-2.83E0));
#3954=VERTEX_POINT('',#3953);
#3955=CARTESIAN_POINT('',(4.95E-1,7.535E0,-2.83E0));
#3956=VERTEX_POINT('',#3955);
#3957=CARTESIAN_POINT('',(-5.25E-1,6.876820693124E0,-2.45E0));
#3958=VERTEX_POINT('',#3957);
#3959=CARTESIAN_POINT('',(4.95E-1,6.876820693124E0,-2.45E0));
#3960=VERTEX_POINT('',#3959);
#3961=CARTESIAN_POINT('',(-5.25E-1,1.585E0,-2.45E0));
#3962=VERTEX_POINT('',#3961);
#3963=CARTESIAN_POINT('',(4.95E-1,1.585E0,-2.45E0));
#3964=VERTEX_POINT('',#3963);
#3965=CARTESIAN_POINT('',(1.1355E1,7.535E0,-3.43E0));
#3966=CARTESIAN_POINT('',(1.1355E1,1.585E0,-3.43E0));
#3967=VERTEX_POINT('',#3965);
#3968=VERTEX_POINT('',#3966);
#3969=CARTESIAN_POINT('',(1.2375E1,1.585E0,-3.43E0));
#3970=VERTEX_POINT('',#3969);
#3971=CARTESIAN_POINT('',(1.2375E1,7.535E0,-3.43E0));
#3972=VERTEX_POINT('',#3971);
#3973=CARTESIAN_POINT('',(1.1355E1,7.535E0,-2.83E0));
#3974=VERTEX_POINT('',#3973);
#3975=CARTESIAN_POINT('',(1.2375E1,7.535E0,-2.83E0));
#3976=VERTEX_POINT('',#3975);
#3977=CARTESIAN_POINT('',(1.1355E1,6.876820693124E0,-2.45E0));
#3978=VERTEX_POINT('',#3977);
#3979=CARTESIAN_POINT('',(1.2375E1,6.876820693124E0,-2.45E0));
#3980=VERTEX_POINT('',#3979);
#3981=CARTESIAN_POINT('',(1.1355E1,1.585E0,-2.45E0));
#3982=VERTEX_POINT('',#3981);
#3983=CARTESIAN_POINT('',(1.2375E1,1.585E0,-2.45E0));
#3984=VERTEX_POINT('',#3983);
#3985=CARTESIAN_POINT('',(0.E0,0.E0,-3.43E0));
#3986=DIRECTION('',(0.E0,0.E0,1.E0));
#3987=DIRECTION('',(1.E0,0.E0,0.E0));
#3988=AXIS2_PLACEMENT_3D('',#3985,#3986,#3987);
#3989=PLANE('',#3988);
#3991=ORIENTED_EDGE('',*,*,#3990,.F.);
#3993=ORIENTED_EDGE('',*,*,#3992,.F.);
#3995=ORIENTED_EDGE('',*,*,#3994,.T.);
#3997=ORIENTED_EDGE('',*,*,#3996,.F.);
#3999=ORIENTED_EDGE('',*,*,#3998,.F.);
#4001=ORIENTED_EDGE('',*,*,#4000,.F.);
#4003=ORIENTED_EDGE('',*,*,#4002,.T.);
#4005=ORIENTED_EDGE('',*,*,#4004,.F.);
#4007=ORIENTED_EDGE('',*,*,#4006,.F.);
#4009=ORIENTED_EDGE('',*,*,#4008,.F.);
#4011=ORIENTED_EDGE('',*,*,#4010,.F.);
#4013=ORIENTED_EDGE('',*,*,#4012,.T.);
#4015=ORIENTED_EDGE('',*,*,#4014,.T.);
#4017=ORIENTED_EDGE('',*,*,#4016,.F.);
#4019=ORIENTED_EDGE('',*,*,#4018,.F.);
#4021=ORIENTED_EDGE('',*,*,#4020,.T.);
#4023=ORIENTED_EDGE('',*,*,#4022,.T.);
#4025=ORIENTED_EDGE('',*,*,#4024,.F.);
#4027=ORIENTED_EDGE('',*,*,#4026,.F.);
#4029=ORIENTED_EDGE('',*,*,#4028,.T.);
#4031=ORIENTED_EDGE('',*,*,#4030,.T.);
#4033=ORIENTED_EDGE('',*,*,#4032,.F.);
#4035=ORIENTED_EDGE('',*,*,#4034,.F.);
#4037=ORIENTED_EDGE('',*,*,#4036,.T.);
#4039=ORIENTED_EDGE('',*,*,#4038,.T.);
#4041=ORIENTED_EDGE('',*,*,#4040,.F.);
#4043=ORIENTED_EDGE('',*,*,#4042,.F.);
#4045=ORIENTED_EDGE('',*,*,#4044,.T.);
#4047=ORIENTED_EDGE('',*,*,#4046,.T.);
#4049=ORIENTED_EDGE('',*,*,#4048,.F.);
#4051=ORIENTED_EDGE('',*,*,#4050,.F.);
#4053=ORIENTED_EDGE('',*,*,#4052,.T.);
#4055=ORIENTED_EDGE('',*,*,#4054,.T.);
#4057=ORIENTED_EDGE('',*,*,#4056,.F.);
#4059=ORIENTED_EDGE('',*,*,#4058,.F.);
#4061=ORIENTED_EDGE('',*,*,#4060,.T.);
#4063=ORIENTED_EDGE('',*,*,#4062,.T.);
#4065=ORIENTED_EDGE('',*,*,#4064,.F.);
#4067=ORIENTED_EDGE('',*,*,#4066,.F.);
#4069=ORIENTED_EDGE('',*,*,#4068,.T.);
#4071=ORIENTED_EDGE('',*,*,#4070,.T.);
#4073=ORIENTED_EDGE('',*,*,#4072,.F.);
#4075=ORIENTED_EDGE('',*,*,#4074,.F.);
#4077=ORIENTED_EDGE('',*,*,#4076,.T.);
#4079=ORIENTED_EDGE('',*,*,#4078,.T.);
#4081=ORIENTED_EDGE('',*,*,#4080,.F.);
#4083=ORIENTED_EDGE('',*,*,#4082,.F.);
#4085=ORIENTED_EDGE('',*,*,#4084,.T.);
#4087=ORIENTED_EDGE('',*,*,#4086,.T.);
#4089=ORIENTED_EDGE('',*,*,#4088,.F.);
#4091=ORIENTED_EDGE('',*,*,#4090,.F.);
#4093=ORIENTED_EDGE('',*,*,#4092,.T.);
#4095=ORIENTED_EDGE('',*,*,#4094,.T.);
#4097=ORIENTED_EDGE('',*,*,#4096,.F.);
#4099=ORIENTED_EDGE('',*,*,#4098,.F.);
#4101=ORIENTED_EDGE('',*,*,#4100,.T.);
#4103=ORIENTED_EDGE('',*,*,#4102,.T.);
#4105=ORIENTED_EDGE('',*,*,#4104,.F.);
#4107=ORIENTED_EDGE('',*,*,#4106,.F.);
#4109=ORIENTED_EDGE('',*,*,#4108,.T.);
#4111=ORIENTED_EDGE('',*,*,#4110,.T.);
#4113=ORIENTED_EDGE('',*,*,#4112,.F.);
#4115=ORIENTED_EDGE('',*,*,#4114,.T.);
#4117=ORIENTED_EDGE('',*,*,#4116,.F.);
#4118=EDGE_LOOP('',(#3991,#3993,#3995,#3997,#3999,#4001,#4003,#4005,#4007,#4009,
#4011,#4013,#4015,#4017,#4019,#4021,#4023,#4025,#4027,#4029,#4031,#4033,#4035,
#4037,#4039,#4041,#4043,#4045,#4047,#4049,#4051,#4053,#4055,#4057,#4059,#4061,
#4063,#4065,#4067,#4069,#4071,#4073,#4075,#4077,#4079,#4081,#4083,#4085,#4087,
#4089,#4091,#4093,#4095,#4097,#4099,#4101,#4103,#4105,#4107,#4109,#4111,#4113,
#4115,#4117));
#4119=FACE_OUTER_BOUND('',#4118,.F.);
#4120=ADVANCED_FACE('',(#4119),#3989,.F.);
#4121=CARTESIAN_POINT('',(1.1355E1,7.535E0,-2.45E0));
#4122=DIRECTION('',(-1.E0,0.E0,0.E0));
#4123=DIRECTION('',(0.E0,-1.E0,0.E0));
#4124=AXIS2_PLACEMENT_3D('',#4121,#4122,#4123);
#4125=PLANE('',#4124);
#4126=ORIENTED_EDGE('',*,*,#3990,.T.);
#4128=ORIENTED_EDGE('',*,*,#4127,.F.);
#4130=ORIENTED_EDGE('',*,*,#4129,.F.);
#4132=ORIENTED_EDGE('',*,*,#4131,.F.);
#4134=ORIENTED_EDGE('',*,*,#4133,.F.);
#4135=EDGE_LOOP('',(#4126,#4128,#4130,#4132,#4134));
#4136=FACE_OUTER_BOUND('',#4135,.F.);
#4137=ADVANCED_FACE('',(#4136),#4125,.F.);
#4138=CARTESIAN_POINT('',(2.3775E1,1.585E0,-3.43E0));
#4139=DIRECTION('',(0.E0,1.E0,0.E0));
#4140=DIRECTION('',(-1.E0,0.E0,0.E0));
#4141=AXIS2_PLACEMENT_3D('',#4138,#4139,#4140);
#4142=PLANE('',#4141);
#4144=ORIENTED_EDGE('',*,*,#4143,.F.);
#4146=ORIENTED_EDGE('',*,*,#4145,.T.);
#4148=ORIENTED_EDGE('',*,*,#4147,.T.);
#4150=ORIENTED_EDGE('',*,*,#4149,.F.);
#4151=EDGE_LOOP('',(#4144,#4146,#4148,#4150));
#4152=FACE_OUTER_BOUND('',#4151,.F.);
#4153=ADVANCED_FACE('',(#4152),#4142,.T.);
#4154=CARTESIAN_POINT('',(2.3775E1,1.585E0,-3.43E0));
#4155=DIRECTION('',(0.E0,1.E0,0.E0));
#4156=DIRECTION('',(-1.E0,0.E0,0.E0));
#4157=AXIS2_PLACEMENT_3D('',#4154,#4155,#4156);
#4158=PLANE('',#4157);
#4160=ORIENTED_EDGE('',*,*,#4159,.F.);
#4162=ORIENTED_EDGE('',*,*,#4161,.F.);
#4164=ORIENTED_EDGE('',*,*,#4163,.T.);
#4166=ORIENTED_EDGE('',*,*,#4165,.T.);
#4167=EDGE_LOOP('',(#4160,#4162,#4164,#4166));
#4168=FACE_OUTER_BOUND('',#4167,.F.);
#4169=ADVANCED_FACE('',(#4168),#4158,.T.);
#4170=CARTESIAN_POINT('',(2.3775E1,1.585E0,-3.43E0));
#4171=DIRECTION('',(0.E0,1.E0,0.E0));
#4172=DIRECTION('',(-1.E0,0.E0,0.E0));
#4173=AXIS2_PLACEMENT_3D('',#4170,#4171,#4172);
#4174=PLANE('',#4173);
#4176=ORIENTED_EDGE('',*,*,#4175,.F.);
#4178=ORIENTED_EDGE('',*,*,#4177,.T.);
#4180=ORIENTED_EDGE('',*,*,#4179,.T.);
#4182=ORIENTED_EDGE('',*,*,#4181,.F.);
#4183=EDGE_LOOP('',(#4176,#4178,#4180,#4182));
#4184=FACE_OUTER_BOUND('',#4183,.F.);
#4186=ORIENTED_EDGE('',*,*,#4185,.T.);
#4188=ORIENTED_EDGE('',*,*,#4187,.T.);
#4190=ORIENTED_EDGE('',*,*,#4189,.T.);
#4192=ORIENTED_EDGE('',*,*,#4191,.T.);
#4193=EDGE_LOOP('',(#4186,#4188,#4190,#4192));
#4194=FACE_BOUND('',#4193,.F.);
#4195=ADVANCED_FACE('',(#4184,#4194),#4174,.T.);
#4196=CARTESIAN_POINT('',(2.3775E1,1.585E0,-3.43E0));
#4197=DIRECTION('',(0.E0,1.E0,0.E0));
#4198=DIRECTION('',(-1.E0,0.E0,0.E0));
#4199=AXIS2_PLACEMENT_3D('',#4196,#4197,#4198);
#4200=PLANE('',#4199);
#4202=ORIENTED_EDGE('',*,*,#4201,.F.);
#4204=ORIENTED_EDGE('',*,*,#4203,.F.);
#4206=ORIENTED_EDGE('',*,*,#4205,.T.);
#4208=ORIENTED_EDGE('',*,*,#4207,.T.);
#4209=EDGE_LOOP('',(#4202,#4204,#4206,#4208));
#4210=FACE_OUTER_BOUND('',#4209,.F.);
#4212=ORIENTED_EDGE('',*,*,#4211,.T.);
#4214=ORIENTED_EDGE('',*,*,#4213,.T.);
#4216=ORIENTED_EDGE('',*,*,#4215,.T.);
#4218=ORIENTED_EDGE('',*,*,#4217,.T.);
#4219=EDGE_LOOP('',(#4212,#4214,#4216,#4218));
#4220=FACE_BOUND('',#4219,.F.);
#4221=ADVANCED_FACE('',(#4210,#4220),#4200,.T.);
#4222=CARTESIAN_POINT('',(2.3775E1,1.585E0,-3.43E0));
#4223=DIRECTION('',(0.E0,1.E0,0.E0));
#4224=DIRECTION('',(-1.E0,0.E0,0.E0));
#4225=AXIS2_PLACEMENT_3D('',#4222,#4223,#4224);
#4226=PLANE('',#4225);
#4228=ORIENTED_EDGE('',*,*,#4227,.F.);
#4230=ORIENTED_EDGE('',*,*,#4229,.T.);
#4232=ORIENTED_EDGE('',*,*,#4231,.T.);
#4234=ORIENTED_EDGE('',*,*,#4233,.F.);
#4235=EDGE_LOOP('',(#4228,#4230,#4232,#4234));
#4236=FACE_OUTER_BOUND('',#4235,.F.);
#4238=ORIENTED_EDGE('',*,*,#4237,.T.);
#4240=ORIENTED_EDGE('',*,*,#4239,.T.);
#4242=ORIENTED_EDGE('',*,*,#4241,.T.);
#4244=ORIENTED_EDGE('',*,*,#4243,.T.);
#4245=EDGE_LOOP('',(#4238,#4240,#4242,#4244));
#4246=FACE_BOUND('',#4245,.F.);
#4247=ADVANCED_FACE('',(#4236,#4246),#4226,.T.);
#4248=CARTESIAN_POINT('',(2.3775E1,1.585E0,-3.43E0));
#4249=DIRECTION('',(0.E0,1.E0,0.E0));
#4250=DIRECTION('',(-1.E0,0.E0,0.E0));
#4251=AXIS2_PLACEMENT_3D('',#4248,#4249,#4250);
#4252=PLANE('',#4251);
#4254=ORIENTED_EDGE('',*,*,#4253,.F.);
#4256=ORIENTED_EDGE('',*,*,#4255,.T.);
#4258=ORIENTED_EDGE('',*,*,#4257,.T.);
#4260=ORIENTED_EDGE('',*,*,#4259,.F.);
#4261=EDGE_LOOP('',(#4254,#4256,#4258,#4260));
#4262=FACE_OUTER_BOUND('',#4261,.F.);
#4264=ORIENTED_EDGE('',*,*,#4263,.T.);
#4266=ORIENTED_EDGE('',*,*,#4265,.T.);
#4268=ORIENTED_EDGE('',*,*,#4267,.T.);
#4270=ORIENTED_EDGE('',*,*,#4269,.T.);
#4271=EDGE_LOOP('',(#4264,#4266,#4268,#4270));
#4272=FACE_BOUND('',#4271,.F.);
#4273=ADVANCED_FACE('',(#4262,#4272),#4252,.T.);
#4274=CARTESIAN_POINT('',(2.3775E1,1.585E0,-3.43E0));
#4275=DIRECTION('',(0.E0,1.E0,0.E0));
#4276=DIRECTION('',(-1.E0,0.E0,0.E0));
#4277=AXIS2_PLACEMENT_3D('',#4274,#4275,#4276);
#4278=PLANE('',#4277);
#4280=ORIENTED_EDGE('',*,*,#4279,.F.);
#4282=ORIENTED_EDGE('',*,*,#4281,.T.);
#4284=ORIENTED_EDGE('',*,*,#4283,.T.);
#4286=ORIENTED_EDGE('',*,*,#4285,.F.);
#4287=EDGE_LOOP('',(#4280,#4282,#4284,#4286));
#4288=FACE_OUTER_BOUND('',#4287,.F.);
#4290=ORIENTED_EDGE('',*,*,#4289,.T.);
#4292=ORIENTED_EDGE('',*,*,#4291,.T.);
#4294=ORIENTED_EDGE('',*,*,#4293,.T.);
#4296=ORIENTED_EDGE('',*,*,#4295,.T.);
#4297=EDGE_LOOP('',(#4290,#4292,#4294,#4296));
#4298=FACE_BOUND('',#4297,.F.);
#4299=ADVANCED_FACE('',(#4288,#4298),#4278,.T.);
#4300=CARTESIAN_POINT('',(2.3775E1,1.585E0,-3.43E0));
#4301=DIRECTION('',(0.E0,1.E0,0.E0));
#4302=DIRECTION('',(-1.E0,0.E0,0.E0));
#4303=AXIS2_PLACEMENT_3D('',#4300,#4301,#4302);
#4304=PLANE('',#4303);
#4306=ORIENTED_EDGE('',*,*,#4305,.F.);
#4308=ORIENTED_EDGE('',*,*,#4307,.F.);
#4310=ORIENTED_EDGE('',*,*,#4309,.T.);
#4312=ORIENTED_EDGE('',*,*,#4311,.T.);
#4313=EDGE_LOOP('',(#4306,#4308,#4310,#4312));
#4314=FACE_OUTER_BOUND('',#4313,.F.);
#4316=ORIENTED_EDGE('',*,*,#4315,.T.);
#4318=ORIENTED_EDGE('',*,*,#4317,.T.);
#4320=ORIENTED_EDGE('',*,*,#4319,.T.);
#4322=ORIENTED_EDGE('',*,*,#4321,.T.);
#4323=EDGE_LOOP('',(#4316,#4318,#4320,#4322));
#4324=FACE_BOUND('',#4323,.F.);
#4325=ADVANCED_FACE('',(#4314,#4324),#4304,.T.);
#4326=CARTESIAN_POINT('',(2.3775E1,1.585E0,-3.43E0));
#4327=DIRECTION('',(0.E0,1.E0,0.E0));
#4328=DIRECTION('',(-1.E0,0.E0,0.E0));
#4329=AXIS2_PLACEMENT_3D('',#4326,#4327,#4328);
#4330=PLANE('',#4329);
#4332=ORIENTED_EDGE('',*,*,#4331,.F.);
#4334=ORIENTED_EDGE('',*,*,#4333,.F.);
#4336=ORIENTED_EDGE('',*,*,#4335,.T.);
#4338=ORIENTED_EDGE('',*,*,#4337,.T.);
#4339=EDGE_LOOP('',(#4332,#4334,#4336,#4338));
#4340=FACE_OUTER_BOUND('',#4339,.F.);
#4342=ORIENTED_EDGE('',*,*,#4341,.T.);
#4344=ORIENTED_EDGE('',*,*,#4343,.T.);
#4346=ORIENTED_EDGE('',*,*,#4345,.T.);
#4348=ORIENTED_EDGE('',*,*,#4347,.T.);
#4349=EDGE_LOOP('',(#4342,#4344,#4346,#4348));
#4350=FACE_BOUND('',#4349,.F.);
#4351=ADVANCED_FACE('',(#4340,#4350),#4330,.T.);
#4352=CARTESIAN_POINT('',(2.3775E1,1.585E0,-3.43E0));
#4353=DIRECTION('',(0.E0,1.E0,0.E0));
#4354=DIRECTION('',(-1.E0,0.E0,0.E0));
#4355=AXIS2_PLACEMENT_3D('',#4352,#4353,#4354);
#4356=PLANE('',#4355);
#4358=ORIENTED_EDGE('',*,*,#4357,.F.);
#4360=ORIENTED_EDGE('',*,*,#4359,.F.);
#4362=ORIENTED_EDGE('',*,*,#4361,.T.);
#4364=ORIENTED_EDGE('',*,*,#4363,.T.);
#4365=EDGE_LOOP('',(#4358,#4360,#4362,#4364));
#4366=FACE_OUTER_BOUND('',#4365,.F.);
#4368=ORIENTED_EDGE('',*,*,#4367,.T.);
#4370=ORIENTED_EDGE('',*,*,#4369,.T.);
#4372=ORIENTED_EDGE('',*,*,#4371,.T.);
#4374=ORIENTED_EDGE('',*,*,#4373,.T.);
#4375=EDGE_LOOP('',(#4368,#4370,#4372,#4374));
#4376=FACE_BOUND('',#4375,.F.);
#4377=ADVANCED_FACE('',(#4366,#4376),#4356,.T.);
#4378=CARTESIAN_POINT('',(2.3775E1,1.585E0,-3.43E0));
#4379=DIRECTION('',(0.E0,1.E0,0.E0));
#4380=DIRECTION('',(-1.E0,0.E0,0.E0));
#4381=AXIS2_PLACEMENT_3D('',#4378,#4379,#4380);
#4382=PLANE('',#4381);
#4384=ORIENTED_EDGE('',*,*,#4383,.F.);
#4386=ORIENTED_EDGE('',*,*,#4385,.T.);
#4387=ORIENTED_EDGE('',*,*,#4004,.T.);
#4389=ORIENTED_EDGE('',*,*,#4388,.F.);
#4391=ORIENTED_EDGE('',*,*,#4390,.F.);
#4393=ORIENTED_EDGE('',*,*,#4392,.T.);
#4395=ORIENTED_EDGE('',*,*,#4394,.T.);
#4397=ORIENTED_EDGE('',*,*,#4396,.F.);
#4398=EDGE_LOOP('',(#4384,#4386,#4387,#4389,#4391,#4393,#4395,#4397));
#4399=FACE_OUTER_BOUND('',#4398,.F.);
#4401=ORIENTED_EDGE('',*,*,#4400,.T.);
#4403=ORIENTED_EDGE('',*,*,#4402,.T.);
#4405=ORIENTED_EDGE('',*,*,#4404,.T.);
#4407=ORIENTED_EDGE('',*,*,#4406,.T.);
#4408=EDGE_LOOP('',(#4401,#4403,#4405,#4407));
#4409=FACE_BOUND('',#4408,.F.);
#4410=ADVANCED_FACE('',(#4399,#4409),#4382,.T.);
#4411=CARTESIAN_POINT('',(2.3775E1,1.585E0,-3.43E0));
#4412=DIRECTION('',(0.E0,1.E0,0.E0));
#4413=DIRECTION('',(-1.E0,0.E0,0.E0));
#4414=AXIS2_PLACEMENT_3D('',#4411,#4412,#4413);
#4415=PLANE('',#4414);
#4417=ORIENTED_EDGE('',*,*,#4416,.F.);
#4419=ORIENTED_EDGE('',*,*,#4418,.T.);
#4420=ORIENTED_EDGE('',*,*,#3996,.T.);
#4422=ORIENTED_EDGE('',*,*,#4421,.F.);
#4424=ORIENTED_EDGE('',*,*,#4423,.F.);
#4426=ORIENTED_EDGE('',*,*,#4425,.T.);
#4428=ORIENTED_EDGE('',*,*,#4427,.T.);
#4430=ORIENTED_EDGE('',*,*,#4429,.F.);
#4431=EDGE_LOOP('',(#4417,#4419,#4420,#4422,#4424,#4426,#4428,#4430));
#4432=FACE_OUTER_BOUND('',#4431,.F.);
#4434=ORIENTED_EDGE('',*,*,#4433,.T.);
#4436=ORIENTED_EDGE('',*,*,#4435,.T.);
#4438=ORIENTED_EDGE('',*,*,#4437,.T.);
#4440=ORIENTED_EDGE('',*,*,#4439,.T.);
#4441=EDGE_LOOP('',(#4434,#4436,#4438,#4440));
#4442=FACE_BOUND('',#4441,.F.);
#4443=ADVANCED_FACE('',(#4432,#4442),#4415,.T.);
#4444=CARTESIAN_POINT('',(2.3775E1,1.585E0,-3.43E0));
#4445=DIRECTION('',(0.E0,1.E0,0.E0));
#4446=DIRECTION('',(-1.E0,0.E0,0.E0));
#4447=AXIS2_PLACEMENT_3D('',#4444,#4445,#4446);
#4448=PLANE('',#4447);
#4450=ORIENTED_EDGE('',*,*,#4449,.F.);
#4451=ORIENTED_EDGE('',*,*,#4127,.T.);
#4452=ORIENTED_EDGE('',*,*,#4116,.T.);
#4454=ORIENTED_EDGE('',*,*,#4453,.F.);
#4456=ORIENTED_EDGE('',*,*,#4455,.F.);
#4458=ORIENTED_EDGE('',*,*,#4457,.T.);
#4460=ORIENTED_EDGE('',*,*,#4459,.T.);
#4462=ORIENTED_EDGE('',*,*,#4461,.F.);
#4463=EDGE_LOOP('',(#4450,#4451,#4452,#4454,#4456,#4458,#4460,#4462));
#4464=FACE_OUTER_BOUND('',#4463,.F.);
#4466=ORIENTED_EDGE('',*,*,#4465,.T.);
#4468=ORIENTED_EDGE('',*,*,#4467,.T.);
#4470=ORIENTED_EDGE('',*,*,#4469,.T.);
#4472=ORIENTED_EDGE('',*,*,#4471,.T.);
#4473=EDGE_LOOP('',(#4466,#4468,#4470,#4472));
#4474=FACE_BOUND('',#4473,.F.);
#4475=ADVANCED_FACE('',(#4464,#4474),#4448,.T.);
#4476=CARTESIAN_POINT('',(2.3775E1,6.876820693124E0,-2.45E0));
#4477=DIRECTION('',(0.E0,0.E0,1.E0));
#4478=DIRECTION('',(0.E0,-1.E0,0.E0));
#4479=AXIS2_PLACEMENT_3D('',#4476,#4477,#4478);
#4480=PLANE('',#4479);
#4482=ORIENTED_EDGE('',*,*,#4481,.T.);
#4483=ORIENTED_EDGE('',*,*,#4383,.T.);
#4485=ORIENTED_EDGE('',*,*,#4484,.F.);
#4487=ORIENTED_EDGE('',*,*,#4486,.F.);
#4489=ORIENTED_EDGE('',*,*,#4488,.F.);
#4490=ORIENTED_EDGE('',*,*,#4307,.T.);
#4492=ORIENTED_EDGE('',*,*,#4491,.F.);
#4494=ORIENTED_EDGE('',*,*,#4493,.F.);
#4496=ORIENTED_EDGE('',*,*,#4495,.F.);
#4497=ORIENTED_EDGE('',*,*,#4203,.T.);
#4499=ORIENTED_EDGE('',*,*,#4498,.F.);
#4501=ORIENTED_EDGE('',*,*,#4500,.F.);
#4503=ORIENTED_EDGE('',*,*,#4502,.F.);
#4504=ORIENTED_EDGE('',*,*,#4161,.T.);
#4506=ORIENTED_EDGE('',*,*,#4505,.F.);
#4508=ORIENTED_EDGE('',*,*,#4507,.T.);
#4509=EDGE_LOOP('',(#4482,#4483,#4485,#4487,#4489,#4490,#4492,#4494,#4496,#4497,
#4499,#4501,#4503,#4504,#4506,#4508));
#4510=FACE_OUTER_BOUND('',#4509,.F.);
#4511=ADVANCED_FACE('',(#4510),#4480,.T.);
#4512=CARTESIAN_POINT('',(2.3775E1,6.876820693124E0,-2.45E0));
#4513=DIRECTION('',(0.E0,0.E0,1.E0));
#4514=DIRECTION('',(0.E0,-1.E0,0.E0));
#4515=AXIS2_PLACEMENT_3D('',#4512,#4513,#4514);
#4516=PLANE('',#4515);
#4518=ORIENTED_EDGE('',*,*,#4517,.T.);
#4519=ORIENTED_EDGE('',*,*,#4416,.T.);
#4521=ORIENTED_EDGE('',*,*,#4520,.F.);
#4523=ORIENTED_EDGE('',*,*,#4522,.F.);
#4525=ORIENTED_EDGE('',*,*,#4524,.F.);
#4526=ORIENTED_EDGE('',*,*,#4359,.T.);
#4528=ORIENTED_EDGE('',*,*,#4527,.F.);
#4530=ORIENTED_EDGE('',*,*,#4529,.F.);
#4532=ORIENTED_EDGE('',*,*,#4531,.F.);
#4533=ORIENTED_EDGE('',*,*,#4333,.T.);
#4535=ORIENTED_EDGE('',*,*,#4534,.F.);
#4537=ORIENTED_EDGE('',*,*,#4536,.F.);
#4539=ORIENTED_EDGE('',*,*,#4538,.F.);
#4540=ORIENTED_EDGE('',*,*,#4390,.T.);
#4542=ORIENTED_EDGE('',*,*,#4541,.F.);
#4544=ORIENTED_EDGE('',*,*,#4543,.T.);
#4545=EDGE_LOOP('',(#4518,#4519,#4521,#4523,#4525,#4526,#4528,#4530,#4532,#4533,
#4535,#4537,#4539,#4540,#4542,#4544));
#4546=FACE_OUTER_BOUND('',#4545,.F.);
#4547=ADVANCED_FACE('',(#4546),#4516,.T.);
#4548=CARTESIAN_POINT('',(2.3775E1,6.876820693124E0,-2.45E0));
#4549=DIRECTION('',(0.E0,0.E0,1.E0));
#4550=DIRECTION('',(0.E0,-1.E0,0.E0));
#4551=AXIS2_PLACEMENT_3D('',#4548,#4549,#4550);
#4552=PLANE('',#4551);
#4553=ORIENTED_EDGE('',*,*,#4129,.T.);
#4554=ORIENTED_EDGE('',*,*,#4449,.T.);
#4556=ORIENTED_EDGE('',*,*,#4555,.F.);
#4558=ORIENTED_EDGE('',*,*,#4557,.F.);
#4560=ORIENTED_EDGE('',*,*,#4559,.F.);
#4561=ORIENTED_EDGE('',*,*,#4253,.T.);
#4563=ORIENTED_EDGE('',*,*,#4562,.F.);
#4565=ORIENTED_EDGE('',*,*,#4564,.F.);
#4567=ORIENTED_EDGE('',*,*,#4566,.F.);
#4568=ORIENTED_EDGE('',*,*,#4279,.T.);
#4570=ORIENTED_EDGE('',*,*,#4569,.F.);
#4572=ORIENTED_EDGE('',*,*,#4571,.F.);
#4574=ORIENTED_EDGE('',*,*,#4573,.F.);
#4575=ORIENTED_EDGE('',*,*,#4423,.T.);
#4577=ORIENTED_EDGE('',*,*,#4576,.F.);
#4579=ORIENTED_EDGE('',*,*,#4578,.T.);
#4580=EDGE_LOOP('',(#4553,#4554,#4556,#4558,#4560,#4561,#4563,#4565,#4567,#4568,
#4570,#4572,#4574,#4575,#4577,#4579));
#4581=FACE_OUTER_BOUND('',#4580,.F.);
#4582=ADVANCED_FACE('',(#4581),#4552,.T.);
#4583=CARTESIAN_POINT('',(2.3775E1,6.876820693124E0,-2.45E0));
#4584=DIRECTION('',(0.E0,0.E0,1.E0));
#4585=DIRECTION('',(0.E0,-1.E0,0.E0));
#4586=AXIS2_PLACEMENT_3D('',#4583,#4584,#4585);
#4587=PLANE('',#4586);
#4589=ORIENTED_EDGE('',*,*,#4588,.F.);
#4591=ORIENTED_EDGE('',*,*,#4590,.T.);
#4593=ORIENTED_EDGE('',*,*,#4592,.T.);
#4594=ORIENTED_EDGE('',*,*,#4143,.T.);
#4596=ORIENTED_EDGE('',*,*,#4595,.F.);
#4598=ORIENTED_EDGE('',*,*,#4597,.F.);
#4600=ORIENTED_EDGE('',*,*,#4599,.F.);
#4601=ORIENTED_EDGE('',*,*,#4175,.T.);
#4603=ORIENTED_EDGE('',*,*,#4602,.F.);
#4605=ORIENTED_EDGE('',*,*,#4604,.F.);
#4607=ORIENTED_EDGE('',*,*,#4606,.F.);
#4608=ORIENTED_EDGE('',*,*,#4227,.T.);
#4610=ORIENTED_EDGE('',*,*,#4609,.F.);
#4612=ORIENTED_EDGE('',*,*,#4611,.F.);
#4614=ORIENTED_EDGE('',*,*,#4613,.F.);
#4615=ORIENTED_EDGE('',*,*,#4455,.T.);
#4616=EDGE_LOOP('',(#4589,#4591,#4593,#4594,#4596,#4598,#4600,#4601,#4603,#4605,
#4607,#4608,#4610,#4612,#4614,#4615));
#4617=FACE_OUTER_BOUND('',#4616,.F.);
#4618=ADVANCED_FACE('',(#4617),#4587,.T.);
#4619=CARTESIAN_POINT('',(-1.2405E1,7.535E0,-2.45E0));
#4620=DIRECTION('',(-1.E0,0.E0,0.E0));
#4621=DIRECTION('',(0.E0,-1.E0,0.E0));
#4622=AXIS2_PLACEMENT_3D('',#4619,#4620,#4621);
#4623=PLANE('',#4622);
#4624=ORIENTED_EDGE('',*,*,#4006,.T.);
#4625=ORIENTED_EDGE('',*,*,#4385,.F.);
#4626=ORIENTED_EDGE('',*,*,#4481,.F.);
#4628=ORIENTED_EDGE('',*,*,#4627,.F.);
#4630=ORIENTED_EDGE('',*,*,#4629,.F.);
#4631=EDGE_LOOP('',(#4624,#4625,#4626,#4628,#4630));
#4632=FACE_OUTER_BOUND('',#4631,.F.);
#4633=ADVANCED_FACE('',(#4632),#4623,.F.);
#4634=CARTESIAN_POINT('',(2.3775E1,7.535E0,-2.83E0));
#4635=DIRECTION('',(0.E0,5.E-1,8.660254037844E-1));
#4636=DIRECTION('',(0.E0,-8.660254037844E-1,5.E-1));
#4637=AXIS2_PLACEMENT_3D('',#4634,#4635,#4636);
#4638=PLANE('',#4637);
#4639=ORIENTED_EDGE('',*,*,#4627,.T.);
#4640=ORIENTED_EDGE('',*,*,#4507,.F.);
#4642=ORIENTED_EDGE('',*,*,#4641,.T.);
#4644=ORIENTED_EDGE('',*,*,#4643,.T.);
#4645=EDGE_LOOP('',(#4639,#4640,#4642,#4644));
#4646=FACE_OUTER_BOUND('',#4645,.F.);
#4647=ADVANCED_FACE('',(#4646),#4638,.T.);
#4648=CARTESIAN_POINT('',(2.3775E1,7.535E0,-2.83E0));
#4649=DIRECTION('',(0.E0,5.E-1,8.660254037844E-1));
#4650=DIRECTION('',(0.E0,-8.660254037844E-1,5.E-1));
#4651=AXIS2_PLACEMENT_3D('',#4648,#4649,#4650);
#4652=PLANE('',#4651);
#4654=ORIENTED_EDGE('',*,*,#4653,.T.);
#4655=ORIENTED_EDGE('',*,*,#4543,.F.);
#4657=ORIENTED_EDGE('',*,*,#4656,.F.);
#4659=ORIENTED_EDGE('',*,*,#4658,.T.);
#4660=EDGE_LOOP('',(#4654,#4655,#4657,#4659));
#4661=FACE_OUTER_BOUND('',#4660,.F.);
#4662=ADVANCED_FACE('',(#4661),#4652,.T.);
#4663=CARTESIAN_POINT('',(2.3775E1,7.535E0,-2.83E0));
#4664=DIRECTION('',(0.E0,5.E-1,8.660254037844E-1));
#4665=DIRECTION('',(0.E0,-8.660254037844E-1,5.E-1));
#4666=AXIS2_PLACEMENT_3D('',#4663,#4664,#4665);
#4667=PLANE('',#4666);
#4668=ORIENTED_EDGE('',*,*,#4131,.T.);
#4669=ORIENTED_EDGE('',*,*,#4578,.F.);
#4671=ORIENTED_EDGE('',*,*,#4670,.F.);
#4673=ORIENTED_EDGE('',*,*,#4672,.T.);
#4674=EDGE_LOOP('',(#4668,#4669,#4671,#4673));
#4675=FACE_OUTER_BOUND('',#4674,.F.);
#4676=ADVANCED_FACE('',(#4675),#4667,.T.);
#4677=CARTESIAN_POINT('',(2.3775E1,7.535E0,-2.83E0));
#4678=DIRECTION('',(0.E0,5.E-1,8.660254037844E-1));
#4679=DIRECTION('',(0.E0,-8.660254037844E-1,5.E-1));
#4680=AXIS2_PLACEMENT_3D('',#4677,#4678,#4679);
#4681=PLANE('',#4680);
#4683=ORIENTED_EDGE('',*,*,#4682,.F.);
#4685=ORIENTED_EDGE('',*,*,#4684,.T.);
#4687=ORIENTED_EDGE('',*,*,#4686,.T.);
#4688=ORIENTED_EDGE('',*,*,#4590,.F.);
#4689=EDGE_LOOP('',(#4683,#4685,#4687,#4688));
#4690=FACE_OUTER_BOUND('',#4689,.F.);
#4691=ADVANCED_FACE('',(#4690),#4681,.T.);
#4692=CARTESIAN_POINT('',(-2.3775E1,1.585E0,-3.43E0));
#4693=DIRECTION('',(-1.E0,0.E0,0.E0));
#4694=DIRECTION('',(0.E0,-1.E0,0.E0));
#4695=AXIS2_PLACEMENT_3D('',#4692,#4693,#4694);
#4696=PLANE('',#4695);
#4697=ORIENTED_EDGE('',*,*,#4010,.T.);
#4699=ORIENTED_EDGE('',*,*,#4698,.F.);
#4700=ORIENTED_EDGE('',*,*,#4641,.F.);
#4701=ORIENTED_EDGE('',*,*,#4505,.T.);
#4702=ORIENTED_EDGE('',*,*,#4159,.T.);
#4704=ORIENTED_EDGE('',*,*,#4703,.T.);
#4706=ORIENTED_EDGE('',*,*,#4705,.F.);
#4707=EDGE_LOOP('',(#4697,#4699,#4700,#4701,#4702,#4704,#4706));
#4708=FACE_OUTER_BOUND('',#4707,.F.);
#4709=ADVANCED_FACE('',(#4708),#4696,.T.);
#4710=CARTESIAN_POINT('',(2.3775E1,7.535E0,-3.43E0));
#4711=DIRECTION('',(0.E0,1.E0,0.E0));
#4712=DIRECTION('',(0.E0,0.E0,1.E0));
#4713=AXIS2_PLACEMENT_3D('',#4710,#4711,#4712);
#4714=PLANE('',#4713);
#4715=ORIENTED_EDGE('',*,*,#4629,.T.);
#4716=ORIENTED_EDGE('',*,*,#4643,.F.);
#4717=ORIENTED_EDGE('',*,*,#4698,.T.);
#4718=ORIENTED_EDGE('',*,*,#4008,.T.);
#4719=EDGE_LOOP('',(#4715,#4716,#4717,#4718));
#4720=FACE_OUTER_BOUND('',#4719,.F.);
#4721=ADVANCED_FACE('',(#4720),#4714,.T.);
#4722=CARTESIAN_POINT('',(2.3775E1,7.535E0,-3.43E0));
#4723=DIRECTION('',(0.E0,1.E0,0.E0));
#4724=DIRECTION('',(0.E0,0.E0,1.E0));
#4725=AXIS2_PLACEMENT_3D('',#4722,#4723,#4724);
#4726=PLANE('',#4725);
#4728=ORIENTED_EDGE('',*,*,#4727,.T.);
#4729=ORIENTED_EDGE('',*,*,#4658,.F.);
#4731=ORIENTED_EDGE('',*,*,#4730,.F.);
#4732=ORIENTED_EDGE('',*,*,#4000,.T.);
#4733=EDGE_LOOP('',(#4728,#4729,#4731,#4732));
#4734=FACE_OUTER_BOUND('',#4733,.F.);
#4735=ADVANCED_FACE('',(#4734),#4726,.T.);
#4736=CARTESIAN_POINT('',(2.3775E1,7.535E0,-3.43E0));
#4737=DIRECTION('',(0.E0,1.E0,0.E0));
#4738=DIRECTION('',(0.E0,0.E0,1.E0));
#4739=AXIS2_PLACEMENT_3D('',#4736,#4737,#4738);
#4740=PLANE('',#4739);
#4741=ORIENTED_EDGE('',*,*,#4133,.T.);
#4742=ORIENTED_EDGE('',*,*,#4672,.F.);
#4744=ORIENTED_EDGE('',*,*,#4743,.F.);
#4745=ORIENTED_EDGE('',*,*,#3992,.T.);
#4746=EDGE_LOOP('',(#4741,#4742,#4744,#4745));
#4747=FACE_OUTER_BOUND('',#4746,.F.);
#4748=ADVANCED_FACE('',(#4747),#4740,.T.);
#4749=CARTESIAN_POINT('',(2.3775E1,7.535E0,-3.43E0));
#4750=DIRECTION('',(0.E0,1.E0,0.E0));
#4751=DIRECTION('',(0.E0,0.E0,1.E0));
#4752=AXIS2_PLACEMENT_3D('',#4749,#4750,#4751);
#4753=PLANE('',#4752);
#4755=ORIENTED_EDGE('',*,*,#4754,.F.);
#4756=ORIENTED_EDGE('',*,*,#4112,.T.);
#4758=ORIENTED_EDGE('',*,*,#4757,.T.);
#4759=ORIENTED_EDGE('',*,*,#4684,.F.);
#4760=EDGE_LOOP('',(#4755,#4756,#4758,#4759));
#4761=FACE_OUTER_BOUND('',#4760,.F.);
#4762=ADVANCED_FACE('',(#4761),#4753,.T.);
#4763=CARTESIAN_POINT('',(-5.25E-1,7.535E0,-2.45E0));
#4764=DIRECTION('',(-1.E0,0.E0,0.E0));
#4765=DIRECTION('',(0.E0,-1.E0,0.E0));
#4766=AXIS2_PLACEMENT_3D('',#4763,#4764,#4765);
#4767=PLANE('',#4766);
#4768=ORIENTED_EDGE('',*,*,#3998,.T.);
#4769=ORIENTED_EDGE('',*,*,#4418,.F.);
#4770=ORIENTED_EDGE('',*,*,#4517,.F.);
#4771=ORIENTED_EDGE('',*,*,#4653,.F.);
#4772=ORIENTED_EDGE('',*,*,#4727,.F.);
#4773=EDGE_LOOP('',(#4768,#4769,#4770,#4771,#4772));
#4774=FACE_OUTER_BOUND('',#4773,.F.);
#4775=ADVANCED_FACE('',(#4774),#4767,.F.);
#4776=CARTESIAN_POINT('',(-1.1385E1,1.585E0,-2.45E0));
#4777=DIRECTION('',(1.E0,0.E0,0.E0));
#4778=DIRECTION('',(0.E0,1.E0,0.E0));
#4779=AXIS2_PLACEMENT_3D('',#4776,#4777,#4778);
#4780=PLANE('',#4779);
#4781=ORIENTED_EDGE('',*,*,#4002,.F.);
#4782=ORIENTED_EDGE('',*,*,#4730,.T.);
#4783=ORIENTED_EDGE('',*,*,#4656,.T.);
#4784=ORIENTED_EDGE('',*,*,#4541,.T.);
#4785=ORIENTED_EDGE('',*,*,#4388,.T.);
#4786=EDGE_LOOP('',(#4781,#4782,#4783,#4784,#4785));
#4787=FACE_OUTER_BOUND('',#4786,.F.);
#4788=ADVANCED_FACE('',(#4787),#4780,.F.);
#4789=CARTESIAN_POINT('',(4.95E-1,1.585E0,-2.45E0));
#4790=DIRECTION('',(1.E0,0.E0,0.E0));
#4791=DIRECTION('',(0.E0,1.E0,0.E0));
#4792=AXIS2_PLACEMENT_3D('',#4789,#4790,#4791);
#4793=PLANE('',#4792);
#4794=ORIENTED_EDGE('',*,*,#3994,.F.);
#4795=ORIENTED_EDGE('',*,*,#4743,.T.);
#4796=ORIENTED_EDGE('',*,*,#4670,.T.);
#4797=ORIENTED_EDGE('',*,*,#4576,.T.);
#4798=ORIENTED_EDGE('',*,*,#4421,.T.);
#4799=EDGE_LOOP('',(#4794,#4795,#4796,#4797,#4798));
#4800=FACE_OUTER_BOUND('',#4799,.F.);
#4801=ADVANCED_FACE('',(#4800),#4793,.F.);
#4802=CARTESIAN_POINT('',(1.2375E1,1.585E0,-2.45E0));
#4803=DIRECTION('',(1.E0,0.E0,0.E0));
#4804=DIRECTION('',(0.E0,1.E0,0.E0));
#4805=AXIS2_PLACEMENT_3D('',#4802,#4803,#4804);
#4806=PLANE('',#4805);
#4807=ORIENTED_EDGE('',*,*,#4114,.F.);
#4808=ORIENTED_EDGE('',*,*,#4754,.T.);
#4809=ORIENTED_EDGE('',*,*,#4682,.T.);
#4810=ORIENTED_EDGE('',*,*,#4588,.T.);
#4811=ORIENTED_EDGE('',*,*,#4453,.T.);
#4812=EDGE_LOOP('',(#4807,#4808,#4809,#4810,#4811));
#4813=FACE_OUTER_BOUND('',#4812,.F.);
#4814=ADVANCED_FACE('',(#4813),#4806,.F.);
#4815=CARTESIAN_POINT('',(2.3775E1,-1.585E0,-3.43E0));
#4816=DIRECTION('',(1.E0,0.E0,0.E0));
#4817=DIRECTION('',(0.E0,1.E0,0.E0));
#4818=AXIS2_PLACEMENT_3D('',#4815,#4816,#4817);
#4819=PLANE('',#4818);
#4820=ORIENTED_EDGE('',*,*,#4145,.F.);
#4821=ORIENTED_EDGE('',*,*,#4592,.F.);
#4822=ORIENTED_EDGE('',*,*,#4686,.F.);
#4823=ORIENTED_EDGE('',*,*,#4757,.F.);
#4824=ORIENTED_EDGE('',*,*,#4110,.F.);
#4826=ORIENTED_EDGE('',*,*,#4825,.T.);
#4828=ORIENTED_EDGE('',*,*,#4827,.T.);
#4829=EDGE_LOOP('',(#4820,#4821,#4822,#4823,#4824,#4826,#4828));
#4830=FACE_OUTER_BOUND('',#4829,.F.);
#4831=ADVANCED_FACE('',(#4830),#4819,.T.);
#4832=CARTESIAN_POINT('',(-2.3775E1,-1.585E0,-3.43E0));
#4833=DIRECTION('',(0.E0,-1.E0,0.E0));
#4834=DIRECTION('',(1.E0,0.E0,0.E0));
#4835=AXIS2_PLACEMENT_3D('',#4832,#4833,#4834);
#4836=PLANE('',#4835);
#4838=ORIENTED_EDGE('',*,*,#4837,.F.);
#4839=ORIENTED_EDGE('',*,*,#4012,.F.);
#4840=ORIENTED_EDGE('',*,*,#4705,.T.);
#4842=ORIENTED_EDGE('',*,*,#4841,.T.);
#4843=EDGE_LOOP('',(#4838,#4839,#4840,#4842));
#4844=FACE_OUTER_BOUND('',#4843,.F.);
#4845=ADVANCED_FACE('',(#4844),#4836,.T.);
#4846=CARTESIAN_POINT('',(-2.3775E1,-1.585E0,-3.43E0));
#4847=DIRECTION('',(0.E0,-1.E0,0.E0));
#4848=DIRECTION('',(1.E0,0.E0,0.E0));
#4849=AXIS2_PLACEMENT_3D('',#4846,#4847,#4848);
#4850=PLANE('',#4849);
#4852=ORIENTED_EDGE('',*,*,#4851,.F.);
#4853=ORIENTED_EDGE('',*,*,#4020,.F.);
#4855=ORIENTED_EDGE('',*,*,#4854,.T.);
#4857=ORIENTED_EDGE('',*,*,#4856,.T.);
#4858=EDGE_LOOP('',(#4852,#4853,#4855,#4857));
#4859=FACE_OUTER_BOUND('',#4858,.F.);
#4861=ORIENTED_EDGE('',*,*,#4860,.F.);
#4863=ORIENTED_EDGE('',*,*,#4862,.F.);
#4865=ORIENTED_EDGE('',*,*,#4864,.F.);
#4867=ORIENTED_EDGE('',*,*,#4866,.F.);
#4868=EDGE_LOOP('',(#4861,#4863,#4865,#4867));
#4869=FACE_BOUND('',#4868,.F.);
#4870=ADVANCED_FACE('',(#4859,#4869),#4850,.T.);
#4871=CARTESIAN_POINT('',(-2.3775E1,-1.585E0,-3.43E0));
#4872=DIRECTION('',(0.E0,-1.E0,0.E0));
#4873=DIRECTION('',(1.E0,0.E0,0.E0));
#4874=AXIS2_PLACEMENT_3D('',#4871,#4872,#4873);
#4875=PLANE('',#4874);
#4877=ORIENTED_EDGE('',*,*,#4876,.F.);
#4878=ORIENTED_EDGE('',*,*,#4028,.F.);
#4880=ORIENTED_EDGE('',*,*,#4879,.T.);
#4882=ORIENTED_EDGE('',*,*,#4881,.T.);
#4883=EDGE_LOOP('',(#4877,#4878,#4880,#4882));
#4884=FACE_OUTER_BOUND('',#4883,.F.);
#4886=ORIENTED_EDGE('',*,*,#4885,.F.);
#4888=ORIENTED_EDGE('',*,*,#4887,.F.);
#4890=ORIENTED_EDGE('',*,*,#4889,.F.);
#4892=ORIENTED_EDGE('',*,*,#4891,.F.);
#4893=EDGE_LOOP('',(#4886,#4888,#4890,#4892));
#4894=FACE_BOUND('',#4893,.F.);
#4895=ADVANCED_FACE('',(#4884,#4894),#4875,.T.);
#4896=CARTESIAN_POINT('',(-2.3775E1,-1.585E0,-3.43E0));
#4897=DIRECTION('',(0.E0,-1.E0,0.E0));
#4898=DIRECTION('',(1.E0,0.E0,0.E0));
#4899=AXIS2_PLACEMENT_3D('',#4896,#4897,#4898);
#4900=PLANE('',#4899);
#4902=ORIENTED_EDGE('',*,*,#4901,.F.);
#4903=ORIENTED_EDGE('',*,*,#4036,.F.);
#4905=ORIENTED_EDGE('',*,*,#4904,.T.);
#4907=ORIENTED_EDGE('',*,*,#4906,.T.);
#4908=EDGE_LOOP('',(#4902,#4903,#4905,#4907));
#4909=FACE_OUTER_BOUND('',#4908,.F.);
#4911=ORIENTED_EDGE('',*,*,#4910,.F.);
#4913=ORIENTED_EDGE('',*,*,#4912,.F.);
#4915=ORIENTED_EDGE('',*,*,#4914,.F.);
#4917=ORIENTED_EDGE('',*,*,#4916,.F.);
#4918=EDGE_LOOP('',(#4911,#4913,#4915,#4917));
#4919=FACE_BOUND('',#4918,.F.);
#4920=ADVANCED_FACE('',(#4909,#4919),#4900,.T.);
#4921=CARTESIAN_POINT('',(-2.3775E1,-1.585E0,-3.43E0));
#4922=DIRECTION('',(0.E0,-1.E0,0.E0));
#4923=DIRECTION('',(1.E0,0.E0,0.E0));
#4924=AXIS2_PLACEMENT_3D('',#4921,#4922,#4923);
#4925=PLANE('',#4924);
#4927=ORIENTED_EDGE('',*,*,#4926,.F.);
#4928=ORIENTED_EDGE('',*,*,#4044,.F.);
#4930=ORIENTED_EDGE('',*,*,#4929,.T.);
#4932=ORIENTED_EDGE('',*,*,#4931,.T.);
#4933=EDGE_LOOP('',(#4927,#4928,#4930,#4932));
#4934=FACE_OUTER_BOUND('',#4933,.F.);
#4936=ORIENTED_EDGE('',*,*,#4935,.F.);
#4938=ORIENTED_EDGE('',*,*,#4937,.F.);
#4940=ORIENTED_EDGE('',*,*,#4939,.F.);
#4942=ORIENTED_EDGE('',*,*,#4941,.F.);
#4943=EDGE_LOOP('',(#4936,#4938,#4940,#4942));
#4944=FACE_BOUND('',#4943,.F.);
#4945=ADVANCED_FACE('',(#4934,#4944),#4925,.T.);
#4946=CARTESIAN_POINT('',(-2.3775E1,-1.585E0,-3.43E0));
#4947=DIRECTION('',(0.E0,-1.E0,0.E0));
#4948=DIRECTION('',(1.E0,0.E0,0.E0));
#4949=AXIS2_PLACEMENT_3D('',#4946,#4947,#4948);
#4950=PLANE('',#4949);
#4952=ORIENTED_EDGE('',*,*,#4951,.F.);
#4953=ORIENTED_EDGE('',*,*,#4052,.F.);
#4955=ORIENTED_EDGE('',*,*,#4954,.T.);
#4957=ORIENTED_EDGE('',*,*,#4956,.T.);
#4958=EDGE_LOOP('',(#4952,#4953,#4955,#4957));
#4959=FACE_OUTER_BOUND('',#4958,.F.);
#4961=ORIENTED_EDGE('',*,*,#4960,.F.);
#4963=ORIENTED_EDGE('',*,*,#4962,.F.);
#4965=ORIENTED_EDGE('',*,*,#4964,.F.);
#4967=ORIENTED_EDGE('',*,*,#4966,.F.);
#4968=EDGE_LOOP('',(#4961,#4963,#4965,#4967));
#4969=FACE_BOUND('',#4968,.F.);
#4970=ADVANCED_FACE('',(#4959,#4969),#4950,.T.);
#4971=CARTESIAN_POINT('',(-2.3775E1,-1.585E0,-3.43E0));
#4972=DIRECTION('',(0.E0,-1.E0,0.E0));
#4973=DIRECTION('',(1.E0,0.E0,0.E0));
#4974=AXIS2_PLACEMENT_3D('',#4971,#4972,#4973);
#4975=PLANE('',#4974);
#4977=ORIENTED_EDGE('',*,*,#4976,.F.);
#4978=ORIENTED_EDGE('',*,*,#4060,.F.);
#4980=ORIENTED_EDGE('',*,*,#4979,.T.);
#4982=ORIENTED_EDGE('',*,*,#4981,.T.);
#4983=EDGE_LOOP('',(#4977,#4978,#4980,#4982));
#4984=FACE_OUTER_BOUND('',#4983,.F.);
#4986=ORIENTED_EDGE('',*,*,#4985,.F.);
#4988=ORIENTED_EDGE('',*,*,#4987,.F.);
#4990=ORIENTED_EDGE('',*,*,#4989,.F.);
#4992=ORIENTED_EDGE('',*,*,#4991,.F.);
#4993=EDGE_LOOP('',(#4986,#4988,#4990,#4992));
#4994=FACE_BOUND('',#4993,.F.);
#4995=ADVANCED_FACE('',(#4984,#4994),#4975,.T.);
#4996=CARTESIAN_POINT('',(-2.3775E1,-1.585E0,-3.43E0));
#4997=DIRECTION('',(0.E0,-1.E0,0.E0));
#4998=DIRECTION('',(1.E0,0.E0,0.E0));
#4999=AXIS2_PLACEMENT_3D('',#4996,#4997,#4998);
#5000=PLANE('',#4999);
#5002=ORIENTED_EDGE('',*,*,#5001,.F.);
#5003=ORIENTED_EDGE('',*,*,#4068,.F.);
#5005=ORIENTED_EDGE('',*,*,#5004,.T.);
#5007=ORIENTED_EDGE('',*,*,#5006,.T.);
#5008=EDGE_LOOP('',(#5002,#5003,#5005,#5007));
#5009=FACE_OUTER_BOUND('',#5008,.F.);
#5011=ORIENTED_EDGE('',*,*,#5010,.F.);
#5013=ORIENTED_EDGE('',*,*,#5012,.F.);
#5015=ORIENTED_EDGE('',*,*,#5014,.F.);
#5017=ORIENTED_EDGE('',*,*,#5016,.F.);
#5018=EDGE_LOOP('',(#5011,#5013,#5015,#5017));
#5019=FACE_BOUND('',#5018,.F.);
#5020=ADVANCED_FACE('',(#5009,#5019),#5000,.T.);
#5021=CARTESIAN_POINT('',(-2.3775E1,-1.585E0,-3.43E0));
#5022=DIRECTION('',(0.E0,-1.E0,0.E0));
#5023=DIRECTION('',(1.E0,0.E0,0.E0));
#5024=AXIS2_PLACEMENT_3D('',#5021,#5022,#5023);
#5025=PLANE('',#5024);
#5027=ORIENTED_EDGE('',*,*,#5026,.F.);
#5028=ORIENTED_EDGE('',*,*,#4076,.F.);
#5030=ORIENTED_EDGE('',*,*,#5029,.T.);
#5032=ORIENTED_EDGE('',*,*,#5031,.T.);
#5033=EDGE_LOOP('',(#5027,#5028,#5030,#5032));
#5034=FACE_OUTER_BOUND('',#5033,.F.);
#5036=ORIENTED_EDGE('',*,*,#5035,.F.);
#5038=ORIENTED_EDGE('',*,*,#5037,.F.);
#5040=ORIENTED_EDGE('',*,*,#5039,.F.);
#5042=ORIENTED_EDGE('',*,*,#5041,.F.);
#5043=EDGE_LOOP('',(#5036,#5038,#5040,#5042));
#5044=FACE_BOUND('',#5043,.F.);
#5045=ADVANCED_FACE('',(#5034,#5044),#5025,.T.);
#5046=CARTESIAN_POINT('',(-2.3775E1,-1.585E0,-3.43E0));
#5047=DIRECTION('',(0.E0,-1.E0,0.E0));
#5048=DIRECTION('',(1.E0,0.E0,0.E0));
#5049=AXIS2_PLACEMENT_3D('',#5046,#5047,#5048);
#5050=PLANE('',#5049);
#5052=ORIENTED_EDGE('',*,*,#5051,.F.);
#5053=ORIENTED_EDGE('',*,*,#4084,.F.);
#5055=ORIENTED_EDGE('',*,*,#5054,.T.);
#5057=ORIENTED_EDGE('',*,*,#5056,.T.);
#5058=EDGE_LOOP('',(#5052,#5053,#5055,#5057));
#5059=FACE_OUTER_BOUND('',#5058,.F.);
#5061=ORIENTED_EDGE('',*,*,#5060,.F.);
#5063=ORIENTED_EDGE('',*,*,#5062,.F.);
#5065=ORIENTED_EDGE('',*,*,#5064,.F.);
#5067=ORIENTED_EDGE('',*,*,#5066,.F.);
#5068=EDGE_LOOP('',(#5061,#5063,#5065,#5067));
#5069=FACE_BOUND('',#5068,.F.);
#5070=ADVANCED_FACE('',(#5059,#5069),#5050,.T.);
#5071=CARTESIAN_POINT('',(-2.3775E1,-1.585E0,-3.43E0));
#5072=DIRECTION('',(0.E0,-1.E0,0.E0));
#5073=DIRECTION('',(1.E0,0.E0,0.E0));
#5074=AXIS2_PLACEMENT_3D('',#5071,#5072,#5073);
#5075=PLANE('',#5074);
#5077=ORIENTED_EDGE('',*,*,#5076,.F.);
#5078=ORIENTED_EDGE('',*,*,#4092,.F.);
#5080=ORIENTED_EDGE('',*,*,#5079,.T.);
#5082=ORIENTED_EDGE('',*,*,#5081,.T.);
#5083=EDGE_LOOP('',(#5077,#5078,#5080,#5082));
#5084=FACE_OUTER_BOUND('',#5083,.F.);
#5086=ORIENTED_EDGE('',*,*,#5085,.F.);
#5088=ORIENTED_EDGE('',*,*,#5087,.F.);
#5090=ORIENTED_EDGE('',*,*,#5089,.F.);
#5092=ORIENTED_EDGE('',*,*,#5091,.F.);
#5093=EDGE_LOOP('',(#5086,#5088,#5090,#5092));
#5094=FACE_BOUND('',#5093,.F.);
#5095=ADVANCED_FACE('',(#5084,#5094),#5075,.T.);
#5096=CARTESIAN_POINT('',(-2.3775E1,-1.585E0,-3.43E0));
#5097=DIRECTION('',(0.E0,-1.E0,0.E0));
#5098=DIRECTION('',(1.E0,0.E0,0.E0));
#5099=AXIS2_PLACEMENT_3D('',#5096,#5097,#5098);
#5100=PLANE('',#5099);
#5102=ORIENTED_EDGE('',*,*,#5101,.T.);
#5104=ORIENTED_EDGE('',*,*,#5103,.T.);
#5105=ORIENTED_EDGE('',*,*,#4825,.F.);
#5106=ORIENTED_EDGE('',*,*,#4108,.F.);
#5107=EDGE_LOOP('',(#5102,#5104,#5105,#5106));
#5108=FACE_OUTER_BOUND('',#5107,.F.);
#5109=ADVANCED_FACE('',(#5108),#5100,.T.);
#5110=CARTESIAN_POINT('',(-2.3775E1,-1.585E0,-3.43E0));
#5111=DIRECTION('',(0.E0,-1.E0,0.E0));
#5112=DIRECTION('',(1.E0,0.E0,0.E0));
#5113=AXIS2_PLACEMENT_3D('',#5110,#5111,#5112);
#5114=PLANE('',#5113);
#5116=ORIENTED_EDGE('',*,*,#5115,.F.);
#5117=ORIENTED_EDGE('',*,*,#4100,.F.);
#5119=ORIENTED_EDGE('',*,*,#5118,.T.);
#5121=ORIENTED_EDGE('',*,*,#5120,.T.);
#5122=EDGE_LOOP('',(#5116,#5117,#5119,#5121));
#5123=FACE_OUTER_BOUND('',#5122,.F.);
#5125=ORIENTED_EDGE('',*,*,#5124,.F.);
#5127=ORIENTED_EDGE('',*,*,#5126,.F.);
#5129=ORIENTED_EDGE('',*,*,#5128,.F.);
#5131=ORIENTED_EDGE('',*,*,#5130,.F.);
#5132=EDGE_LOOP('',(#5125,#5127,#5129,#5131));
#5133=FACE_BOUND('',#5132,.F.);
#5134=ADVANCED_FACE('',(#5123,#5133),#5114,.T.);
#5135=CARTESIAN_POINT('',(-2.2885E1,-1.205E0,3.47E0));
#5136=DIRECTION('',(-1.E0,0.E0,0.E0));
#5137=DIRECTION('',(0.E0,-1.E0,0.E0));
#5138=AXIS2_PLACEMENT_3D('',#5135,#5136,#5137);
#5139=PLANE('',#5138);
#5140=ORIENTED_EDGE('',*,*,#4014,.F.);
#5141=ORIENTED_EDGE('',*,*,#4837,.T.);
#5143=ORIENTED_EDGE('',*,*,#5142,.T.);
#5145=ORIENTED_EDGE('',*,*,#5144,.T.);
#5146=EDGE_LOOP('',(#5140,#5141,#5143,#5145));
#5147=FACE_OUTER_BOUND('',#5146,.F.);
#5148=ADVANCED_FACE('',(#5147),#5139,.F.);
#5149=CARTESIAN_POINT('',(0.E0,0.E0,3.47E0));
#5150=DIRECTION('',(0.E0,0.E0,1.E0));
#5151=DIRECTION('',(1.E0,0.E0,0.E0));
#5152=AXIS2_PLACEMENT_3D('',#5149,#5150,#5151);
#5153=PLANE('',#5152);
#5155=ORIENTED_EDGE('',*,*,#5154,.T.);
#5157=ORIENTED_EDGE('',*,*,#5156,.T.);
#5159=ORIENTED_EDGE('',*,*,#5158,.F.);
#5160=ORIENTED_EDGE('',*,*,#4147,.F.);
#5161=ORIENTED_EDGE('',*,*,#4827,.F.);
#5162=ORIENTED_EDGE('',*,*,#5103,.F.);
#5164=ORIENTED_EDGE('',*,*,#5163,.T.);
#5166=ORIENTED_EDGE('',*,*,#5165,.T.);
#5168=ORIENTED_EDGE('',*,*,#5167,.F.);
#5169=ORIENTED_EDGE('',*,*,#5120,.F.);
#5171=ORIENTED_EDGE('',*,*,#5170,.T.);
#5173=ORIENTED_EDGE('',*,*,#5172,.T.);
#5175=ORIENTED_EDGE('',*,*,#5174,.F.);
#5176=ORIENTED_EDGE('',*,*,#5081,.F.);
#5178=ORIENTED_EDGE('',*,*,#5177,.T.);
#5180=ORIENTED_EDGE('',*,*,#5179,.T.);
#5182=ORIENTED_EDGE('',*,*,#5181,.F.);
#5183=ORIENTED_EDGE('',*,*,#5056,.F.);
#5185=ORIENTED_EDGE('',*,*,#5184,.T.);
#5187=ORIENTED_EDGE('',*,*,#5186,.T.);
#5189=ORIENTED_EDGE('',*,*,#5188,.F.);
#5190=ORIENTED_EDGE('',*,*,#5031,.F.);
#5192=ORIENTED_EDGE('',*,*,#5191,.T.);
#5194=ORIENTED_EDGE('',*,*,#5193,.T.);
#5196=ORIENTED_EDGE('',*,*,#5195,.F.);
#5197=ORIENTED_EDGE('',*,*,#5006,.F.);
#5199=ORIENTED_EDGE('',*,*,#5198,.T.);
#5201=ORIENTED_EDGE('',*,*,#5200,.T.);
#5203=ORIENTED_EDGE('',*,*,#5202,.F.);
#5204=ORIENTED_EDGE('',*,*,#4981,.F.);
#5206=ORIENTED_EDGE('',*,*,#5205,.T.);
#5208=ORIENTED_EDGE('',*,*,#5207,.T.);
#5210=ORIENTED_EDGE('',*,*,#5209,.F.);
#5211=ORIENTED_EDGE('',*,*,#4956,.F.);
#5213=ORIENTED_EDGE('',*,*,#5212,.T.);
#5215=ORIENTED_EDGE('',*,*,#5214,.T.);
#5217=ORIENTED_EDGE('',*,*,#5216,.F.);
#5218=ORIENTED_EDGE('',*,*,#4931,.F.);
#5220=ORIENTED_EDGE('',*,*,#5219,.T.);
#5222=ORIENTED_EDGE('',*,*,#5221,.T.);
#5224=ORIENTED_EDGE('',*,*,#5223,.F.);
#5225=ORIENTED_EDGE('',*,*,#4906,.F.);
#5227=ORIENTED_EDGE('',*,*,#5226,.T.);
#5229=ORIENTED_EDGE('',*,*,#5228,.T.);
#5231=ORIENTED_EDGE('',*,*,#5230,.F.);
#5232=ORIENTED_EDGE('',*,*,#4881,.F.);
#5234=ORIENTED_EDGE('',*,*,#5233,.T.);
#5236=ORIENTED_EDGE('',*,*,#5235,.T.);
#5238=ORIENTED_EDGE('',*,*,#5237,.F.);
#5239=ORIENTED_EDGE('',*,*,#4856,.F.);
#5241=ORIENTED_EDGE('',*,*,#5240,.T.);
#5243=ORIENTED_EDGE('',*,*,#5242,.T.);
#5244=ORIENTED_EDGE('',*,*,#5142,.F.);
#5245=ORIENTED_EDGE('',*,*,#4841,.F.);
#5246=ORIENTED_EDGE('',*,*,#4703,.F.);
#5247=ORIENTED_EDGE('',*,*,#4165,.F.);
#5249=ORIENTED_EDGE('',*,*,#5248,.T.);
#5251=ORIENTED_EDGE('',*,*,#5250,.T.);
#5253=ORIENTED_EDGE('',*,*,#5252,.F.);
#5254=ORIENTED_EDGE('',*,*,#4207,.F.);
#5256=ORIENTED_EDGE('',*,*,#5255,.T.);
#5258=ORIENTED_EDGE('',*,*,#5257,.T.);
#5260=ORIENTED_EDGE('',*,*,#5259,.F.);
#5261=ORIENTED_EDGE('',*,*,#4311,.F.);
#5263=ORIENTED_EDGE('',*,*,#5262,.T.);
#5265=ORIENTED_EDGE('',*,*,#5264,.T.);
#5267=ORIENTED_EDGE('',*,*,#5266,.F.);
#5268=ORIENTED_EDGE('',*,*,#4394,.F.);
#5270=ORIENTED_EDGE('',*,*,#5269,.T.);
#5272=ORIENTED_EDGE('',*,*,#5271,.T.);
#5274=ORIENTED_EDGE('',*,*,#5273,.F.);
#5275=ORIENTED_EDGE('',*,*,#4337,.F.);
#5277=ORIENTED_EDGE('',*,*,#5276,.T.);
#5279=ORIENTED_EDGE('',*,*,#5278,.T.);
#5281=ORIENTED_EDGE('',*,*,#5280,.F.);
#5282=ORIENTED_EDGE('',*,*,#4363,.F.);
#5284=ORIENTED_EDGE('',*,*,#5283,.T.);
#5286=ORIENTED_EDGE('',*,*,#5285,.T.);
#5288=ORIENTED_EDGE('',*,*,#5287,.F.);
#5289=ORIENTED_EDGE('',*,*,#4427,.F.);
#5291=ORIENTED_EDGE('',*,*,#5290,.T.);
#5293=ORIENTED_EDGE('',*,*,#5292,.T.);
#5295=ORIENTED_EDGE('',*,*,#5294,.F.);
#5296=ORIENTED_EDGE('',*,*,#4283,.F.);
#5298=ORIENTED_EDGE('',*,*,#5297,.T.);
#5300=ORIENTED_EDGE('',*,*,#5299,.T.);
#5302=ORIENTED_EDGE('',*,*,#5301,.F.);
#5303=ORIENTED_EDGE('',*,*,#4257,.F.);
#5305=ORIENTED_EDGE('',*,*,#5304,.T.);
#5307=ORIENTED_EDGE('',*,*,#5306,.T.);
#5309=ORIENTED_EDGE('',*,*,#5308,.F.);
#5310=ORIENTED_EDGE('',*,*,#4459,.F.);
#5312=ORIENTED_EDGE('',*,*,#5311,.T.);
#5314=ORIENTED_EDGE('',*,*,#5313,.T.);
#5316=ORIENTED_EDGE('',*,*,#5315,.F.);
#5317=ORIENTED_EDGE('',*,*,#4231,.F.);
#5319=ORIENTED_EDGE('',*,*,#5318,.T.);
#5321=ORIENTED_EDGE('',*,*,#5320,.T.);
#5323=ORIENTED_EDGE('',*,*,#5322,.F.);
#5324=ORIENTED_EDGE('',*,*,#4179,.F.);
#5325=EDGE_LOOP('',(#5155,#5157,#5159,#5160,#5161,#5162,#5164,#5166,#5168,#5169,
#5171,#5173,#5175,#5176,#5178,#5180,#5182,#5183,#5185,#5187,#5189,#5190,#5192,
#5194,#5196,#5197,#5199,#5201,#5203,#5204,#5206,#5208,#5210,#5211,#5213,#5215,
#5217,#5218,#5220,#5222,#5224,#5225,#5227,#5229,#5231,#5232,#5234,#5236,#5238,
#5239,#5241,#5243,#5244,#5245,#5246,#5247,#5249,#5251,#5253,#5254,#5256,#5258,
#5260,#5261,#5263,#5265,#5267,#5268,#5270,#5272,#5274,#5275,#5277,#5279,#5281,
#5282,#5284,#5286,#5288,#5289,#5291,#5293,#5295,#5296,#5298,#5300,#5302,#5303,
#5305,#5307,#5309,#5310,#5312,#5314,#5316,#5317,#5319,#5321,#5323,#5324));
#5326=FACE_OUTER_BOUND('',#5325,.F.);
#5327=ADVANCED_FACE('',(#5326),#5153,.T.);
#5328=CARTESIAN_POINT('',(2.0675E1,1.585E0,3.47E0));
#5329=DIRECTION('',(-1.E0,0.E0,0.E0));
#5330=DIRECTION('',(0.E0,-1.E0,0.E0));
#5331=AXIS2_PLACEMENT_3D('',#5328,#5329,#5330);
#5332=PLANE('',#5331);
#5333=ORIENTED_EDGE('',*,*,#4599,.T.);
#5335=ORIENTED_EDGE('',*,*,#5334,.F.);
#5336=ORIENTED_EDGE('',*,*,#5154,.F.);
#5337=ORIENTED_EDGE('',*,*,#4177,.F.);
#5338=EDGE_LOOP('',(#5333,#5335,#5336,#5337));
#5339=FACE_OUTER_BOUND('',#5338,.F.);
#5340=ADVANCED_FACE('',(#5339),#5332,.F.);
#5341=CARTESIAN_POINT('',(2.0675E1,1.205E0,3.47E0));
#5342=DIRECTION('',(0.E0,-1.E0,0.E0));
#5343=DIRECTION('',(1.E0,0.E0,0.E0));
#5344=AXIS2_PLACEMENT_3D('',#5341,#5342,#5343);
#5345=PLANE('',#5344);
#5346=ORIENTED_EDGE('',*,*,#4597,.T.);
#5348=ORIENTED_EDGE('',*,*,#5347,.F.);
#5349=ORIENTED_EDGE('',*,*,#5156,.F.);
#5350=ORIENTED_EDGE('',*,*,#5334,.T.);
#5351=EDGE_LOOP('',(#5346,#5348,#5349,#5350));
#5352=FACE_OUTER_BOUND('',#5351,.F.);
#5354=ORIENTED_EDGE('',*,*,#5353,.T.);
#5356=ORIENTED_EDGE('',*,*,#5355,.T.);
#5357=EDGE_LOOP('',(#5354,#5356));
#5358=FACE_BOUND('',#5357,.F.);
#5359=ADVANCED_FACE('',(#5352,#5358),#5345,.F.);
#5360=CARTESIAN_POINT('',(2.1765E1,-6.9875E0,0.E0));
#5361=DIRECTION('',(0.E0,1.E0,0.E0));
#5362=DIRECTION('',(1.E0,0.E0,0.E0));
#5363=AXIS2_PLACEMENT_3D('',#5360,#5361,#5362);
#5364=CYLINDRICAL_SURFACE('',#5363,5.7E-1);
#5365=ORIENTED_EDGE('',*,*,#5353,.F.);
#5367=ORIENTED_EDGE('',*,*,#5366,.T.);
#5369=ORIENTED_EDGE('',*,*,#5368,.T.);
#5371=ORIENTED_EDGE('',*,*,#5370,.F.);
#5372=EDGE_LOOP('',(#5365,#5367,#5369,#5371));
#5373=FACE_OUTER_BOUND('',#5372,.F.);
#5374=ADVANCED_FACE('',(#5373),#5364,.T.);
#5375=CARTESIAN_POINT('',(2.1765E1,-6.9875E0,0.E0));
#5376=DIRECTION('',(0.E0,1.E0,0.E0));
#5377=DIRECTION('',(1.E0,0.E0,0.E0));
#5378=AXIS2_PLACEMENT_3D('',#5375,#5376,#5377);
#5379=CYLINDRICAL_SURFACE('',#5378,5.7E-1);
#5381=ORIENTED_EDGE('',*,*,#5380,.T.);
#5383=ORIENTED_EDGE('',*,*,#5382,.F.);
#5385=ORIENTED_EDGE('',*,*,#5384,.F.);
#5387=ORIENTED_EDGE('',*,*,#5386,.T.);
#5388=EDGE_LOOP('',(#5381,#5383,#5385,#5387));
#5389=FACE_OUTER_BOUND('',#5388,.F.);
#5390=ADVANCED_FACE('',(#5389),#5379,.T.);
#5391=CARTESIAN_POINT('',(2.1765E1,-6.9875E0,0.E0));
#5392=DIRECTION('',(0.E0,1.E0,0.E0));
#5393=DIRECTION('',(1.E0,0.E0,0.E0));
#5394=AXIS2_PLACEMENT_3D('',#5391,#5392,#5393);
#5395=CYLINDRICAL_SURFACE('',#5394,5.7E-1);
#5396=ORIENTED_EDGE('',*,*,#5355,.F.);
#5397=ORIENTED_EDGE('',*,*,#5370,.T.);
#5399=ORIENTED_EDGE('',*,*,#5398,.F.);
#5400=ORIENTED_EDGE('',*,*,#5366,.F.);
#5401=EDGE_LOOP('',(#5396,#5397,#5399,#5400));
#5402=FACE_OUTER_BOUND('',#5401,.F.);
#5403=ADVANCED_FACE('',(#5402),#5395,.T.);
#5404=CARTESIAN_POINT('',(2.1765E1,-6.9875E0,0.E0));
#5405=DIRECTION('',(0.E0,1.E0,0.E0));
#5406=DIRECTION('',(1.E0,0.E0,0.E0));
#5407=AXIS2_PLACEMENT_3D('',#5404,#5405,#5406);
#5408=CYLINDRICAL_SURFACE('',#5407,5.7E-1);
#5410=ORIENTED_EDGE('',*,*,#5409,.T.);
#5411=ORIENTED_EDGE('',*,*,#5386,.F.);
#5413=ORIENTED_EDGE('',*,*,#5412,.T.);
#5414=ORIENTED_EDGE('',*,*,#5382,.T.);
#5415=EDGE_LOOP('',(#5410,#5411,#5413,#5414));
#5416=FACE_OUTER_BOUND('',#5415,.F.);
#5417=ADVANCED_FACE('',(#5416),#5408,.T.);
#5418=CARTESIAN_POINT('',(2.1765E1,1.257E1,0.E0));
#5419=DIRECTION('',(0.E0,-1.E0,0.E0));
#5420=DIRECTION('',(-1.E0,0.E0,0.E0));
#5421=AXIS2_PLACEMENT_3D('',#5418,#5419,#5420);
#5422=CONICAL_SURFACE('',#5421,4.E-1,2.090798047101E1);
#5424=ORIENTED_EDGE('',*,*,#5423,.F.);
#5425=ORIENTED_EDGE('',*,*,#5398,.T.);
#5427=ORIENTED_EDGE('',*,*,#5426,.T.);
#5429=ORIENTED_EDGE('',*,*,#5428,.F.);
#5430=EDGE_LOOP('',(#5424,#5425,#5427,#5429));
#5431=FACE_OUTER_BOUND('',#5430,.F.);
#5432=ADVANCED_FACE('',(#5431),#5422,.T.);
#5433=CARTESIAN_POINT('',(2.1765E1,1.257E1,0.E0));
#5434=DIRECTION('',(0.E0,-1.E0,0.E0));
#5435=DIRECTION('',(-1.E0,0.E0,0.E0));
#5436=AXIS2_PLACEMENT_3D('',#5433,#5434,#5435);
#5437=CONICAL_SURFACE('',#5436,4.E-1,2.090798047101E1);
#5438=ORIENTED_EDGE('',*,*,#5423,.T.);
#5440=ORIENTED_EDGE('',*,*,#5439,.T.);
#5441=ORIENTED_EDGE('',*,*,#5426,.F.);
#5442=ORIENTED_EDGE('',*,*,#5368,.F.);
#5443=EDGE_LOOP('',(#5438,#5440,#5441,#5442));
#5444=FACE_OUTER_BOUND('',#5443,.F.);
#5445=ADVANCED_FACE('',(#5444),#5437,.T.);
#5446=CARTESIAN_POINT('',(2.1765E1,1.3015E1,0.E0));
#5447=DIRECTION('',(0.E0,1.E0,0.E0));
#5448=DIRECTION('',(1.E0,0.E0,0.E0));
#5449=AXIS2_PLACEMENT_3D('',#5446,#5447,#5448);
#5450=PLANE('',#5449);
#5451=ORIENTED_EDGE('',*,*,#5428,.T.);
#5452=ORIENTED_EDGE('',*,*,#5439,.F.);
#5453=EDGE_LOOP('',(#5451,#5452));
#5454=FACE_OUTER_BOUND('',#5453,.F.);
#5455=ADVANCED_FACE('',(#5454),#5450,.T.);
#5456=CARTESIAN_POINT('',(2.2855E1,-1.205E0,3.47E0));
#5457=DIRECTION('',(0.E0,1.E0,0.E0));
#5458=DIRECTION('',(-1.E0,0.E0,0.E0));
#5459=AXIS2_PLACEMENT_3D('',#5456,#5457,#5458);
#5460=PLANE('',#5459);
#5461=ORIENTED_EDGE('',*,*,#4104,.T.);
#5463=ORIENTED_EDGE('',*,*,#5462,.F.);
#5464=ORIENTED_EDGE('',*,*,#5165,.F.);
#5466=ORIENTED_EDGE('',*,*,#5465,.T.);
#5467=EDGE_LOOP('',(#5461,#5463,#5464,#5466));
#5468=FACE_OUTER_BOUND('',#5467,.F.);
#5469=ORIENTED_EDGE('',*,*,#5380,.F.);
#5470=ORIENTED_EDGE('',*,*,#5409,.F.);
#5471=EDGE_LOOP('',(#5469,#5470));
#5472=FACE_BOUND('',#5471,.F.);
#5473=ADVANCED_FACE('',(#5468,#5472),#5460,.F.);
#5474=CARTESIAN_POINT('',(2.0675E1,-1.205E0,3.47E0));
#5475=DIRECTION('',(-1.E0,0.E0,0.E0));
#5476=DIRECTION('',(0.E0,-1.E0,0.E0));
#5477=AXIS2_PLACEMENT_3D('',#5474,#5475,#5476);
#5478=PLANE('',#5477);
#5479=ORIENTED_EDGE('',*,*,#4102,.F.);
#5480=ORIENTED_EDGE('',*,*,#5115,.T.);
#5481=ORIENTED_EDGE('',*,*,#5167,.T.);
#5482=ORIENTED_EDGE('',*,*,#5462,.T.);
#5483=EDGE_LOOP('',(#5479,#5480,#5481,#5482));
#5484=FACE_OUTER_BOUND('',#5483,.F.);
#5485=ADVANCED_FACE('',(#5484),#5478,.F.);
#5486=CARTESIAN_POINT('',(2.2855E1,-1.585E0,3.47E0));
#5487=DIRECTION('',(1.E0,0.E0,0.E0));
#5488=DIRECTION('',(0.E0,1.E0,0.E0));
#5489=AXIS2_PLACEMENT_3D('',#5486,#5487,#5488);
#5490=PLANE('',#5489);
#5491=ORIENTED_EDGE('',*,*,#4106,.T.);
#5492=ORIENTED_EDGE('',*,*,#5465,.F.);
#5493=ORIENTED_EDGE('',*,*,#5163,.F.);
#5494=ORIENTED_EDGE('',*,*,#5101,.F.);
#5495=EDGE_LOOP('',(#5491,#5492,#5493,#5494));
#5496=FACE_OUTER_BOUND('',#5495,.F.);
#5497=ADVANCED_FACE('',(#5496),#5490,.F.);
#5498=CARTESIAN_POINT('',(2.1765E1,-5.59E0,0.E0));
#5499=DIRECTION('',(0.E0,1.E0,0.E0));
#5500=DIRECTION('',(1.E0,0.E0,0.E0));
#5501=AXIS2_PLACEMENT_3D('',#5498,#5499,#5500);
#5502=CONICAL_SURFACE('',#5501,4.E-1,2.090798047101E1);
#5504=ORIENTED_EDGE('',*,*,#5503,.F.);
#5506=ORIENTED_EDGE('',*,*,#5505,.T.);
#5508=ORIENTED_EDGE('',*,*,#5507,.T.);
#5509=ORIENTED_EDGE('',*,*,#5412,.F.);
#5510=EDGE_LOOP('',(#5504,#5506,#5508,#5509));
#5511=FACE_OUTER_BOUND('',#5510,.F.);
#5512=ADVANCED_FACE('',(#5511),#5502,.T.);
#5513=CARTESIAN_POINT('',(2.1765E1,-5.59E0,0.E0));
#5514=DIRECTION('',(0.E0,1.E0,0.E0));
#5515=DIRECTION('',(1.E0,0.E0,0.E0));
#5516=AXIS2_PLACEMENT_3D('',#5513,#5514,#5515);
#5517=CONICAL_SURFACE('',#5516,4.E-1,2.090798047101E1);
#5518=ORIENTED_EDGE('',*,*,#5503,.T.);
#5519=ORIENTED_EDGE('',*,*,#5384,.T.);
#5520=ORIENTED_EDGE('',*,*,#5507,.F.);
#5522=ORIENTED_EDGE('',*,*,#5521,.F.);
#5523=EDGE_LOOP('',(#5518,#5519,#5520,#5522));
#5524=FACE_OUTER_BOUND('',#5523,.F.);
#5525=ADVANCED_FACE('',(#5524),#5517,.T.);
#5526=CARTESIAN_POINT('',(2.1765E1,-6.035E0,0.E0));
#5527=DIRECTION('',(0.E0,1.E0,0.E0));
#5528=DIRECTION('',(1.E0,0.E0,0.E0));
#5529=AXIS2_PLACEMENT_3D('',#5526,#5527,#5528);
#5530=PLANE('',#5529);
#5531=ORIENTED_EDGE('',*,*,#5505,.F.);
#5532=ORIENTED_EDGE('',*,*,#5521,.T.);
#5533=EDGE_LOOP('',(#5531,#5532));
#5534=FACE_OUTER_BOUND('',#5533,.F.);
#5535=ADVANCED_FACE('',(#5534),#5530,.F.);
#5536=CARTESIAN_POINT('',(2.2855E1,1.205E0,3.47E0));
#5537=DIRECTION('',(1.E0,0.E0,0.E0));
#5538=DIRECTION('',(0.E0,1.E0,0.E0));
#5539=AXIS2_PLACEMENT_3D('',#5536,#5537,#5538);
#5540=PLANE('',#5539);
#5541=ORIENTED_EDGE('',*,*,#4595,.T.);
#5542=ORIENTED_EDGE('',*,*,#4149,.T.);
#5543=ORIENTED_EDGE('',*,*,#5158,.T.);
#5544=ORIENTED_EDGE('',*,*,#5347,.T.);
#5545=EDGE_LOOP('',(#5541,#5542,#5543,#5544));
#5546=FACE_OUTER_BOUND('',#5545,.F.);
#5547=ADVANCED_FACE('',(#5546),#5540,.F.);
#5548=CARTESIAN_POINT('',(1.8895E1,-1.585E0,3.47E0));
#5549=DIRECTION('',(1.E0,0.E0,0.E0));
#5550=DIRECTION('',(0.E0,1.E0,0.E0));
#5551=AXIS2_PLACEMENT_3D('',#5548,#5549,#5550);
#5552=PLANE('',#5551);
#5553=ORIENTED_EDGE('',*,*,#4098,.T.);
#5555=ORIENTED_EDGE('',*,*,#5554,.F.);
#5556=ORIENTED_EDGE('',*,*,#5170,.F.);
#5557=ORIENTED_EDGE('',*,*,#5118,.F.);
#5558=EDGE_LOOP('',(#5553,#5555,#5556,#5557));
#5559=FACE_OUTER_BOUND('',#5558,.F.);
#5560=ADVANCED_FACE('',(#5559),#5552,.F.);
#5561=CARTESIAN_POINT('',(1.8895E1,-1.205E0,3.47E0));
#5562=DIRECTION('',(0.E0,1.E0,0.E0));
#5563=DIRECTION('',(-1.E0,0.E0,0.E0));
#5564=AXIS2_PLACEMENT_3D('',#5561,#5562,#5563);
#5565=PLANE('',#5564);
#5566=ORIENTED_EDGE('',*,*,#4096,.T.);
#5568=ORIENTED_EDGE('',*,*,#5567,.F.);
#5569=ORIENTED_EDGE('',*,*,#5172,.F.);
#5570=ORIENTED_EDGE('',*,*,#5554,.T.);
#5571=EDGE_LOOP('',(#5566,#5568,#5569,#5570));
#5572=FACE_OUTER_BOUND('',#5571,.F.);
#5574=ORIENTED_EDGE('',*,*,#5573,.F.);
#5576=ORIENTED_EDGE('',*,*,#5575,.F.);
#5577=EDGE_LOOP('',(#5574,#5576));
#5578=FACE_BOUND('',#5577,.F.);
#5579=ADVANCED_FACE('',(#5572,#5578),#5565,.F.);
#5580=CARTESIAN_POINT('',(1.6715E1,-1.205E0,3.47E0));
#5581=DIRECTION('',(-1.E0,0.E0,0.E0));
#5582=DIRECTION('',(0.E0,-1.E0,0.E0));
#5583=AXIS2_PLACEMENT_3D('',#5580,#5581,#5582);
#5584=PLANE('',#5583);
#5585=ORIENTED_EDGE('',*,*,#4094,.F.);
#5586=ORIENTED_EDGE('',*,*,#5076,.T.);
#5587=ORIENTED_EDGE('',*,*,#5174,.T.);
#5588=ORIENTED_EDGE('',*,*,#5567,.T.);
#5589=EDGE_LOOP('',(#5585,#5586,#5587,#5588));
#5590=FACE_OUTER_BOUND('',#5589,.F.);
#5591=ADVANCED_FACE('',(#5590),#5584,.F.);
#5592=CARTESIAN_POINT('',(1.7805E1,-6.9875E0,0.E0));
#5593=DIRECTION('',(0.E0,1.E0,0.E0));
#5594=DIRECTION('',(1.E0,0.E0,0.E0));
#5595=AXIS2_PLACEMENT_3D('',#5592,#5593,#5594);
#5596=CYLINDRICAL_SURFACE('',#5595,5.7E-1);
#5598=ORIENTED_EDGE('',*,*,#5597,.F.);
#5600=ORIENTED_EDGE('',*,*,#5599,.T.);
#5602=ORIENTED_EDGE('',*,*,#5601,.T.);
#5604=ORIENTED_EDGE('',*,*,#5603,.F.);
#5605=EDGE_LOOP('',(#5598,#5600,#5602,#5604));
#5606=FACE_OUTER_BOUND('',#5605,.F.);
#5607=ADVANCED_FACE('',(#5606),#5596,.T.);
#5608=CARTESIAN_POINT('',(1.7805E1,-6.9875E0,0.E0));
#5609=DIRECTION('',(0.E0,1.E0,0.E0));
#5610=DIRECTION('',(1.E0,0.E0,0.E0));
#5611=AXIS2_PLACEMENT_3D('',#5608,#5609,#5610);
#5612=CYLINDRICAL_SURFACE('',#5611,5.7E-1);
#5613=ORIENTED_EDGE('',*,*,#5573,.T.);
#5615=ORIENTED_EDGE('',*,*,#5614,.F.);
#5617=ORIENTED_EDGE('',*,*,#5616,.F.);
#5619=ORIENTED_EDGE('',*,*,#5618,.T.);
#5620=EDGE_LOOP('',(#5613,#5615,#5617,#5619));
#5621=FACE_OUTER_BOUND('',#5620,.F.);
#5622=ADVANCED_FACE('',(#5621),#5612,.T.);
#5623=CARTESIAN_POINT('',(1.6715E1,1.205E0,3.47E0));
#5624=DIRECTION('',(0.E0,-1.E0,0.E0));
#5625=DIRECTION('',(1.E0,0.E0,0.E0));
#5626=AXIS2_PLACEMENT_3D('',#5623,#5624,#5625);
#5627=PLANE('',#5626);
#5628=ORIENTED_EDGE('',*,*,#4604,.T.);
#5630=ORIENTED_EDGE('',*,*,#5629,.F.);
#5631=ORIENTED_EDGE('',*,*,#5320,.F.);
#5633=ORIENTED_EDGE('',*,*,#5632,.T.);
#5634=EDGE_LOOP('',(#5628,#5630,#5631,#5633));
#5635=FACE_OUTER_BOUND('',#5634,.F.);
#5636=ORIENTED_EDGE('',*,*,#5597,.T.);
#5638=ORIENTED_EDGE('',*,*,#5637,.T.);
#5639=EDGE_LOOP('',(#5636,#5638));
#5640=FACE_BOUND('',#5639,.F.);
#5641=ADVANCED_FACE('',(#5635,#5640),#5627,.F.);
#5642=CARTESIAN_POINT('',(1.7805E1,-6.9875E0,0.E0));
#5643=DIRECTION('',(0.E0,1.E0,0.E0));
#5644=DIRECTION('',(1.E0,0.E0,0.E0));
#5645=AXIS2_PLACEMENT_3D('',#5642,#5643,#5644);
#5646=CYLINDRICAL_SURFACE('',#5645,5.7E-1);
#5647=ORIENTED_EDGE('',*,*,#5637,.F.);
#5648=ORIENTED_EDGE('',*,*,#5603,.T.);
#5650=ORIENTED_EDGE('',*,*,#5649,.F.);
#5651=ORIENTED_EDGE('',*,*,#5599,.F.);
#5652=EDGE_LOOP('',(#5647,#5648,#5650,#5651));
#5653=FACE_OUTER_BOUND('',#5652,.F.);
#5654=ADVANCED_FACE('',(#5653),#5646,.T.);
#5655=CARTESIAN_POINT('',(1.7805E1,-6.9875E0,0.E0));
#5656=DIRECTION('',(0.E0,1.E0,0.E0));
#5657=DIRECTION('',(1.E0,0.E0,0.E0));
#5658=AXIS2_PLACEMENT_3D('',#5655,#5656,#5657);
#5659=CYLINDRICAL_SURFACE('',#5658,5.7E-1);
#5660=ORIENTED_EDGE('',*,*,#5575,.T.);
#5661=ORIENTED_EDGE('',*,*,#5618,.F.);
#5663=ORIENTED_EDGE('',*,*,#5662,.T.);
#5664=ORIENTED_EDGE('',*,*,#5614,.T.);
#5665=EDGE_LOOP('',(#5660,#5661,#5663,#5664));
#5666=FACE_OUTER_BOUND('',#5665,.F.);
#5667=ADVANCED_FACE('',(#5666),#5659,.T.);
#5668=CARTESIAN_POINT('',(1.7805E1,1.257E1,0.E0));
#5669=DIRECTION('',(0.E0,-1.E0,0.E0));
#5670=DIRECTION('',(-1.E0,0.E0,0.E0));
#5671=AXIS2_PLACEMENT_3D('',#5668,#5669,#5670);
#5672=CONICAL_SURFACE('',#5671,4.E-1,2.090798047101E1);
#5674=ORIENTED_EDGE('',*,*,#5673,.F.);
#5675=ORIENTED_EDGE('',*,*,#5649,.T.);
#5677=ORIENTED_EDGE('',*,*,#5676,.T.);
#5679=ORIENTED_EDGE('',*,*,#5678,.F.);
#5680=EDGE_LOOP('',(#5674,#5675,#5677,#5679));
#5681=FACE_OUTER_BOUND('',#5680,.F.);
#5682=ADVANCED_FACE('',(#5681),#5672,.T.);
#5683=CARTESIAN_POINT('',(1.7805E1,1.257E1,0.E0));
#5684=DIRECTION('',(0.E0,-1.E0,0.E0));
#5685=DIRECTION('',(-1.E0,0.E0,0.E0));
#5686=AXIS2_PLACEMENT_3D('',#5683,#5684,#5685);
#5687=CONICAL_SURFACE('',#5686,4.E-1,2.090798047101E1);
#5688=ORIENTED_EDGE('',*,*,#5673,.T.);
#5690=ORIENTED_EDGE('',*,*,#5689,.T.);
#5691=ORIENTED_EDGE('',*,*,#5676,.F.);
#5692=ORIENTED_EDGE('',*,*,#5601,.F.);
#5693=EDGE_LOOP('',(#5688,#5690,#5691,#5692));
#5694=FACE_OUTER_BOUND('',#5693,.F.);
#5695=ADVANCED_FACE('',(#5694),#5687,.T.);
#5696=CARTESIAN_POINT('',(1.7805E1,1.3015E1,0.E0));
#5697=DIRECTION('',(0.E0,1.E0,0.E0));
#5698=DIRECTION('',(1.E0,0.E0,0.E0));
#5699=AXIS2_PLACEMENT_3D('',#5696,#5697,#5698);
#5700=PLANE('',#5699);
#5701=ORIENTED_EDGE('',*,*,#5678,.T.);
#5702=ORIENTED_EDGE('',*,*,#5689,.F.);
#5703=EDGE_LOOP('',(#5701,#5702));
#5704=FACE_OUTER_BOUND('',#5703,.F.);
#5705=ADVANCED_FACE('',(#5704),#5700,.T.);
#5706=CARTESIAN_POINT('',(1.7805E1,-5.59E0,0.E0));
#5707=DIRECTION('',(0.E0,1.E0,0.E0));
#5708=DIRECTION('',(1.E0,0.E0,0.E0));
#5709=AXIS2_PLACEMENT_3D('',#5706,#5707,#5708);
#5710=CONICAL_SURFACE('',#5709,4.E-1,2.090798047101E1);
#5712=ORIENTED_EDGE('',*,*,#5711,.F.);
#5714=ORIENTED_EDGE('',*,*,#5713,.T.);
#5716=ORIENTED_EDGE('',*,*,#5715,.T.);
#5717=ORIENTED_EDGE('',*,*,#5662,.F.);
#5718=EDGE_LOOP('',(#5712,#5714,#5716,#5717));
#5719=FACE_OUTER_BOUND('',#5718,.F.);
#5720=ADVANCED_FACE('',(#5719),#5710,.T.);
#5721=CARTESIAN_POINT('',(1.7805E1,-5.59E0,0.E0));
#5722=DIRECTION('',(0.E0,1.E0,0.E0));
#5723=DIRECTION('',(1.E0,0.E0,0.E0));
#5724=AXIS2_PLACEMENT_3D('',#5721,#5722,#5723);
#5725=CONICAL_SURFACE('',#5724,4.E-1,2.090798047101E1);
#5726=ORIENTED_EDGE('',*,*,#5711,.T.);
#5727=ORIENTED_EDGE('',*,*,#5616,.T.);
#5728=ORIENTED_EDGE('',*,*,#5715,.F.);
#5730=ORIENTED_EDGE('',*,*,#5729,.F.);
#5731=EDGE_LOOP('',(#5726,#5727,#5728,#5730));
#5732=FACE_OUTER_BOUND('',#5731,.F.);
#5733=ADVANCED_FACE('',(#5732),#5725,.T.);
#5734=CARTESIAN_POINT('',(1.7805E1,-6.035E0,0.E0));
#5735=DIRECTION('',(0.E0,1.E0,0.E0));
#5736=DIRECTION('',(1.E0,0.E0,0.E0));
#5737=AXIS2_PLACEMENT_3D('',#5734,#5735,#5736);
#5738=PLANE('',#5737);
#5739=ORIENTED_EDGE('',*,*,#5713,.F.);
#5740=ORIENTED_EDGE('',*,*,#5729,.T.);
#5741=EDGE_LOOP('',(#5739,#5740));
#5742=FACE_OUTER_BOUND('',#5741,.F.);
#5743=ADVANCED_FACE('',(#5742),#5738,.F.);
#5744=CARTESIAN_POINT('',(1.8895E1,1.205E0,3.47E0));
#5745=DIRECTION('',(1.E0,0.E0,0.E0));
#5746=DIRECTION('',(0.E0,1.E0,0.E0));
#5747=AXIS2_PLACEMENT_3D('',#5744,#5745,#5746);
#5748=PLANE('',#5747);
#5749=ORIENTED_EDGE('',*,*,#4602,.T.);
#5750=ORIENTED_EDGE('',*,*,#4181,.T.);
#5751=ORIENTED_EDGE('',*,*,#5322,.T.);
#5752=ORIENTED_EDGE('',*,*,#5629,.T.);
#5753=EDGE_LOOP('',(#5749,#5750,#5751,#5752));
#5754=FACE_OUTER_BOUND('',#5753,.F.);
#5755=ADVANCED_FACE('',(#5754),#5748,.F.);
#5756=CARTESIAN_POINT('',(1.6715E1,1.585E0,3.47E0));
#5757=DIRECTION('',(-1.E0,0.E0,0.E0));
#5758=DIRECTION('',(0.E0,-1.E0,0.E0));
#5759=AXIS2_PLACEMENT_3D('',#5756,#5757,#5758);
#5760=PLANE('',#5759);
#5761=ORIENTED_EDGE('',*,*,#4606,.T.);
#5762=ORIENTED_EDGE('',*,*,#5632,.F.);
#5763=ORIENTED_EDGE('',*,*,#5318,.F.);
#5764=ORIENTED_EDGE('',*,*,#4229,.F.);
#5765=EDGE_LOOP('',(#5761,#5762,#5763,#5764));
#5766=FACE_OUTER_BOUND('',#5765,.F.);
#5767=ADVANCED_FACE('',(#5766),#5760,.F.);
#5768=CARTESIAN_POINT('',(1.4935E1,-1.585E0,3.47E0));
#5769=DIRECTION('',(1.E0,0.E0,0.E0));
#5770=DIRECTION('',(0.E0,1.E0,0.E0));
#5771=AXIS2_PLACEMENT_3D('',#5768,#5769,#5770);
#5772=PLANE('',#5771);
#5773=ORIENTED_EDGE('',*,*,#4090,.T.);
#5775=ORIENTED_EDGE('',*,*,#5774,.F.);
#5776=ORIENTED_EDGE('',*,*,#5177,.F.);
#5777=ORIENTED_EDGE('',*,*,#5079,.F.);
#5778=EDGE_LOOP('',(#5773,#5775,#5776,#5777));
#5779=FACE_OUTER_BOUND('',#5778,.F.);
#5780=ADVANCED_FACE('',(#5779),#5772,.F.);
#5781=CARTESIAN_POINT('',(1.4935E1,-1.205E0,3.47E0));
#5782=DIRECTION('',(0.E0,1.E0,0.E0));
#5783=DIRECTION('',(-1.E0,0.E0,0.E0));
#5784=AXIS2_PLACEMENT_3D('',#5781,#5782,#5783);
#5785=PLANE('',#5784);
#5786=ORIENTED_EDGE('',*,*,#4088,.T.);
#5788=ORIENTED_EDGE('',*,*,#5787,.F.);
#5789=ORIENTED_EDGE('',*,*,#5179,.F.);
#5790=ORIENTED_EDGE('',*,*,#5774,.T.);
#5791=EDGE_LOOP('',(#5786,#5788,#5789,#5790));
#5792=FACE_OUTER_BOUND('',#5791,.F.);
#5794=ORIENTED_EDGE('',*,*,#5793,.F.);
#5796=ORIENTED_EDGE('',*,*,#5795,.F.);
#5797=EDGE_LOOP('',(#5794,#5796));
#5798=FACE_BOUND('',#5797,.F.);
#5799=ADVANCED_FACE('',(#5792,#5798),#5785,.F.);
#5800=CARTESIAN_POINT('',(1.2755E1,-1.205E0,3.47E0));
#5801=DIRECTION('',(-1.E0,0.E0,0.E0));
#5802=DIRECTION('',(0.E0,-1.E0,0.E0));
#5803=AXIS2_PLACEMENT_3D('',#5800,#5801,#5802);
#5804=PLANE('',#5803);
#5805=ORIENTED_EDGE('',*,*,#4086,.F.);
#5806=ORIENTED_EDGE('',*,*,#5051,.T.);
#5807=ORIENTED_EDGE('',*,*,#5181,.T.);
#5808=ORIENTED_EDGE('',*,*,#5787,.T.);
#5809=EDGE_LOOP('',(#5805,#5806,#5807,#5808));
#5810=FACE_OUTER_BOUND('',#5809,.F.);
#5811=ADVANCED_FACE('',(#5810),#5804,.F.);
#5812=CARTESIAN_POINT('',(1.3845E1,-6.9875E0,0.E0));
#5813=DIRECTION('',(0.E0,1.E0,0.E0));
#5814=DIRECTION('',(1.E0,0.E0,0.E0));
#5815=AXIS2_PLACEMENT_3D('',#5812,#5813,#5814);
#5816=CYLINDRICAL_SURFACE('',#5815,5.7E-1);
#5818=ORIENTED_EDGE('',*,*,#5817,.F.);
#5820=ORIENTED_EDGE('',*,*,#5819,.T.);
#5822=ORIENTED_EDGE('',*,*,#5821,.T.);
#5824=ORIENTED_EDGE('',*,*,#5823,.F.);
#5825=EDGE_LOOP('',(#5818,#5820,#5822,#5824));
#5826=FACE_OUTER_BOUND('',#5825,.F.);
#5827=ADVANCED_FACE('',(#5826),#5816,.T.);
#5828=CARTESIAN_POINT('',(1.3845E1,-6.9875E0,0.E0));
#5829=DIRECTION('',(0.E0,1.E0,0.E0));
#5830=DIRECTION('',(1.E0,0.E0,0.E0));
#5831=AXIS2_PLACEMENT_3D('',#5828,#5829,#5830);
#5832=CYLINDRICAL_SURFACE('',#5831,5.7E-1);
#5833=ORIENTED_EDGE('',*,*,#5793,.T.);
#5835=ORIENTED_EDGE('',*,*,#5834,.F.);
#5837=ORIENTED_EDGE('',*,*,#5836,.F.);
#5839=ORIENTED_EDGE('',*,*,#5838,.T.);
#5840=EDGE_LOOP('',(#5833,#5835,#5837,#5839));
#5841=FACE_OUTER_BOUND('',#5840,.F.);
#5842=ADVANCED_FACE('',(#5841),#5832,.T.);
#5843=CARTESIAN_POINT('',(1.2755E1,1.205E0,3.47E0));
#5844=DIRECTION('',(0.E0,-1.E0,0.E0));
#5845=DIRECTION('',(1.E0,0.E0,0.E0));
#5846=AXIS2_PLACEMENT_3D('',#5843,#5844,#5845);
#5847=PLANE('',#5846);
#5848=ORIENTED_EDGE('',*,*,#4611,.T.);
#5850=ORIENTED_EDGE('',*,*,#5849,.F.);
#5851=ORIENTED_EDGE('',*,*,#5313,.F.);
#5853=ORIENTED_EDGE('',*,*,#5852,.T.);
#5854=EDGE_LOOP('',(#5848,#5850,#5851,#5853));
#5855=FACE_OUTER_BOUND('',#5854,.F.);
#5856=ORIENTED_EDGE('',*,*,#5817,.T.);
#5858=ORIENTED_EDGE('',*,*,#5857,.T.);
#5859=EDGE_LOOP('',(#5856,#5858));
#5860=FACE_BOUND('',#5859,.F.);
#5861=ADVANCED_FACE('',(#5855,#5860),#5847,.F.);
#5862=CARTESIAN_POINT('',(1.3845E1,-6.9875E0,0.E0));
#5863=DIRECTION('',(0.E0,1.E0,0.E0));
#5864=DIRECTION('',(1.E0,0.E0,0.E0));
#5865=AXIS2_PLACEMENT_3D('',#5862,#5863,#5864);
#5866=CYLINDRICAL_SURFACE('',#5865,5.7E-1);
#5867=ORIENTED_EDGE('',*,*,#5857,.F.);
#5868=ORIENTED_EDGE('',*,*,#5823,.T.);
#5870=ORIENTED_EDGE('',*,*,#5869,.F.);
#5871=ORIENTED_EDGE('',*,*,#5819,.F.);
#5872=EDGE_LOOP('',(#5867,#5868,#5870,#5871));
#5873=FACE_OUTER_BOUND('',#5872,.F.);
#5874=ADVANCED_FACE('',(#5873),#5866,.T.);
#5875=CARTESIAN_POINT('',(1.3845E1,-6.9875E0,0.E0));
#5876=DIRECTION('',(0.E0,1.E0,0.E0));
#5877=DIRECTION('',(1.E0,0.E0,0.E0));
#5878=AXIS2_PLACEMENT_3D('',#5875,#5876,#5877);
#5879=CYLINDRICAL_SURFACE('',#5878,5.7E-1);
#5880=ORIENTED_EDGE('',*,*,#5795,.T.);
#5881=ORIENTED_EDGE('',*,*,#5838,.F.);
#5883=ORIENTED_EDGE('',*,*,#5882,.T.);
#5884=ORIENTED_EDGE('',*,*,#5834,.T.);
#5885=EDGE_LOOP('',(#5880,#5881,#5883,#5884));
#5886=FACE_OUTER_BOUND('',#5885,.F.);
#5887=ADVANCED_FACE('',(#5886),#5879,.T.);
#5888=CARTESIAN_POINT('',(1.3845E1,1.257E1,0.E0));
#5889=DIRECTION('',(0.E0,-1.E0,0.E0));
#5890=DIRECTION('',(-1.E0,0.E0,0.E0));
#5891=AXIS2_PLACEMENT_3D('',#5888,#5889,#5890);
#5892=CONICAL_SURFACE('',#5891,4.E-1,2.090798047101E1);
#5894=ORIENTED_EDGE('',*,*,#5893,.F.);
#5895=ORIENTED_EDGE('',*,*,#5869,.T.);
#5897=ORIENTED_EDGE('',*,*,#5896,.T.);
#5899=ORIENTED_EDGE('',*,*,#5898,.F.);
#5900=EDGE_LOOP('',(#5894,#5895,#5897,#5899));
#5901=FACE_OUTER_BOUND('',#5900,.F.);
#5902=ADVANCED_FACE('',(#5901),#5892,.T.);
#5903=CARTESIAN_POINT('',(1.3845E1,1.257E1,0.E0));
#5904=DIRECTION('',(0.E0,-1.E0,0.E0));
#5905=DIRECTION('',(-1.E0,0.E0,0.E0));
#5906=AXIS2_PLACEMENT_3D('',#5903,#5904,#5905);
#5907=CONICAL_SURFACE('',#5906,4.E-1,2.090798047101E1);
#5908=ORIENTED_EDGE('',*,*,#5893,.T.);
#5910=ORIENTED_EDGE('',*,*,#5909,.T.);
#5911=ORIENTED_EDGE('',*,*,#5896,.F.);
#5912=ORIENTED_EDGE('',*,*,#5821,.F.);
#5913=EDGE_LOOP('',(#5908,#5910,#5911,#5912));
#5914=FACE_OUTER_BOUND('',#5913,.F.);
#5915=ADVANCED_FACE('',(#5914),#5907,.T.);
#5916=CARTESIAN_POINT('',(1.3845E1,1.3015E1,0.E0));
#5917=DIRECTION('',(0.E0,1.E0,0.E0));
#5918=DIRECTION('',(1.E0,0.E0,0.E0));
#5919=AXIS2_PLACEMENT_3D('',#5916,#5917,#5918);
#5920=PLANE('',#5919);
#5921=ORIENTED_EDGE('',*,*,#5898,.T.);
#5922=ORIENTED_EDGE('',*,*,#5909,.F.);
#5923=EDGE_LOOP('',(#5921,#5922));
#5924=FACE_OUTER_BOUND('',#5923,.F.);
#5925=ADVANCED_FACE('',(#5924),#5920,.T.);
#5926=CARTESIAN_POINT('',(1.3845E1,-5.59E0,0.E0));
#5927=DIRECTION('',(0.E0,1.E0,0.E0));
#5928=DIRECTION('',(1.E0,0.E0,0.E0));
#5929=AXIS2_PLACEMENT_3D('',#5926,#5927,#5928);
#5930=CONICAL_SURFACE('',#5929,4.E-1,2.090798047101E1);
#5932=ORIENTED_EDGE('',*,*,#5931,.F.);
#5934=ORIENTED_EDGE('',*,*,#5933,.T.);
#5936=ORIENTED_EDGE('',*,*,#5935,.T.);
#5937=ORIENTED_EDGE('',*,*,#5882,.F.);
#5938=EDGE_LOOP('',(#5932,#5934,#5936,#5937));
#5939=FACE_OUTER_BOUND('',#5938,.F.);
#5940=ADVANCED_FACE('',(#5939),#5930,.T.);
#5941=CARTESIAN_POINT('',(1.3845E1,-5.59E0,0.E0));
#5942=DIRECTION('',(0.E0,1.E0,0.E0));
#5943=DIRECTION('',(1.E0,0.E0,0.E0));
#5944=AXIS2_PLACEMENT_3D('',#5941,#5942,#5943);
#5945=CONICAL_SURFACE('',#5944,4.E-1,2.090798047101E1);
#5946=ORIENTED_EDGE('',*,*,#5931,.T.);
#5947=ORIENTED_EDGE('',*,*,#5836,.T.);
#5948=ORIENTED_EDGE('',*,*,#5935,.F.);
#5950=ORIENTED_EDGE('',*,*,#5949,.F.);
#5951=EDGE_LOOP('',(#5946,#5947,#5948,#5950));
#5952=FACE_OUTER_BOUND('',#5951,.F.);
#5953=ADVANCED_FACE('',(#5952),#5945,.T.);
#5954=CARTESIAN_POINT('',(1.3845E1,-6.035E0,0.E0));
#5955=DIRECTION('',(0.E0,1.E0,0.E0));
#5956=DIRECTION('',(1.E0,0.E0,0.E0));
#5957=AXIS2_PLACEMENT_3D('',#5954,#5955,#5956);
#5958=PLANE('',#5957);
#5959=ORIENTED_EDGE('',*,*,#5933,.F.);
#5960=ORIENTED_EDGE('',*,*,#5949,.T.);
#5961=EDGE_LOOP('',(#5959,#5960));
#5962=FACE_OUTER_BOUND('',#5961,.F.);
#5963=ADVANCED_FACE('',(#5962),#5958,.F.);
#5964=CARTESIAN_POINT('',(1.4935E1,1.205E0,3.47E0));
#5965=DIRECTION('',(1.E0,0.E0,0.E0));
#5966=DIRECTION('',(0.E0,1.E0,0.E0));
#5967=AXIS2_PLACEMENT_3D('',#5964,#5965,#5966);
#5968=PLANE('',#5967);
#5969=ORIENTED_EDGE('',*,*,#4609,.T.);
#5970=ORIENTED_EDGE('',*,*,#4233,.T.);
#5971=ORIENTED_EDGE('',*,*,#5315,.T.);
#5972=ORIENTED_EDGE('',*,*,#5849,.T.);
#5973=EDGE_LOOP('',(#5969,#5970,#5971,#5972));
#5974=FACE_OUTER_BOUND('',#5973,.F.);
#5975=ADVANCED_FACE('',(#5974),#5968,.F.);
#5976=CARTESIAN_POINT('',(1.2755E1,1.585E0,3.47E0));
#5977=DIRECTION('',(-1.E0,0.E0,0.E0));
#5978=DIRECTION('',(0.E0,-1.E0,0.E0));
#5979=AXIS2_PLACEMENT_3D('',#5976,#5977,#5978);
#5980=PLANE('',#5979);
#5981=ORIENTED_EDGE('',*,*,#4613,.T.);
#5982=ORIENTED_EDGE('',*,*,#5852,.F.);
#5983=ORIENTED_EDGE('',*,*,#5311,.F.);
#5984=ORIENTED_EDGE('',*,*,#4457,.F.);
#5985=EDGE_LOOP('',(#5981,#5982,#5983,#5984));
#5986=FACE_OUTER_BOUND('',#5985,.F.);
#5987=ADVANCED_FACE('',(#5986),#5980,.F.);
#5988=CARTESIAN_POINT('',(1.0975E1,-1.585E0,3.47E0));
#5989=DIRECTION('',(1.E0,0.E0,0.E0));
#5990=DIRECTION('',(0.E0,1.E0,0.E0));
#5991=AXIS2_PLACEMENT_3D('',#5988,#5989,#5990);
#5992=PLANE('',#5991);
#5993=ORIENTED_EDGE('',*,*,#4082,.T.);
#5995=ORIENTED_EDGE('',*,*,#5994,.F.);
#5996=ORIENTED_EDGE('',*,*,#5184,.F.);
#5997=ORIENTED_EDGE('',*,*,#5054,.F.);
#5998=EDGE_LOOP('',(#5993,#5995,#5996,#5997));
#5999=FACE_OUTER_BOUND('',#5998,.F.);
#6000=ADVANCED_FACE('',(#5999),#5992,.F.);
#6001=CARTESIAN_POINT('',(1.0975E1,-1.205E0,3.47E0));
#6002=DIRECTION('',(0.E0,1.E0,0.E0));
#6003=DIRECTION('',(-1.E0,0.E0,0.E0));
#6004=AXIS2_PLACEMENT_3D('',#6001,#6002,#6003);
#6005=PLANE('',#6004);
#6006=ORIENTED_EDGE('',*,*,#4080,.T.);
#6008=ORIENTED_EDGE('',*,*,#6007,.F.);
#6009=ORIENTED_EDGE('',*,*,#5186,.F.);
#6010=ORIENTED_EDGE('',*,*,#5994,.T.);
#6011=EDGE_LOOP('',(#6006,#6008,#6009,#6010));
#6012=FACE_OUTER_BOUND('',#6011,.F.);
#6014=ORIENTED_EDGE('',*,*,#6013,.F.);
#6016=ORIENTED_EDGE('',*,*,#6015,.F.);
#6017=EDGE_LOOP('',(#6014,#6016));
#6018=FACE_BOUND('',#6017,.F.);
#6019=ADVANCED_FACE('',(#6012,#6018),#6005,.F.);
#6020=CARTESIAN_POINT('',(8.795E0,-1.205E0,3.47E0));
#6021=DIRECTION('',(-1.E0,0.E0,0.E0));
#6022=DIRECTION('',(0.E0,-1.E0,0.E0));
#6023=AXIS2_PLACEMENT_3D('',#6020,#6021,#6022);
#6024=PLANE('',#6023);
#6025=ORIENTED_EDGE('',*,*,#4078,.F.);
#6026=ORIENTED_EDGE('',*,*,#5026,.T.);
#6027=ORIENTED_EDGE('',*,*,#5188,.T.);
#6028=ORIENTED_EDGE('',*,*,#6007,.T.);
#6029=EDGE_LOOP('',(#6025,#6026,#6027,#6028));
#6030=FACE_OUTER_BOUND('',#6029,.F.);
#6031=ADVANCED_FACE('',(#6030),#6024,.F.);
#6032=CARTESIAN_POINT('',(9.885E0,-6.9875E0,0.E0));
#6033=DIRECTION('',(0.E0,1.E0,0.E0));
#6034=DIRECTION('',(1.E0,0.E0,0.E0));
#6035=AXIS2_PLACEMENT_3D('',#6032,#6033,#6034);
#6036=CYLINDRICAL_SURFACE('',#6035,5.7E-1);
#6038=ORIENTED_EDGE('',*,*,#6037,.F.);
#6040=ORIENTED_EDGE('',*,*,#6039,.T.);
#6042=ORIENTED_EDGE('',*,*,#6041,.T.);
#6044=ORIENTED_EDGE('',*,*,#6043,.F.);
#6045=EDGE_LOOP('',(#6038,#6040,#6042,#6044));
#6046=FACE_OUTER_BOUND('',#6045,.F.);
#6047=ADVANCED_FACE('',(#6046),#6036,.T.);
#6048=CARTESIAN_POINT('',(9.885E0,-6.9875E0,0.E0));
#6049=DIRECTION('',(0.E0,1.E0,0.E0));
#6050=DIRECTION('',(1.E0,0.E0,0.E0));
#6051=AXIS2_PLACEMENT_3D('',#6048,#6049,#6050);
#6052=CYLINDRICAL_SURFACE('',#6051,5.7E-1);
#6053=ORIENTED_EDGE('',*,*,#6013,.T.);
#6055=ORIENTED_EDGE('',*,*,#6054,.F.);
#6057=ORIENTED_EDGE('',*,*,#6056,.F.);
#6059=ORIENTED_EDGE('',*,*,#6058,.T.);
#6060=EDGE_LOOP('',(#6053,#6055,#6057,#6059));
#6061=FACE_OUTER_BOUND('',#6060,.F.);
#6062=ADVANCED_FACE('',(#6061),#6052,.T.);
#6063=CARTESIAN_POINT('',(8.795E0,1.205E0,3.47E0));
#6064=DIRECTION('',(0.E0,-1.E0,0.E0));
#6065=DIRECTION('',(1.E0,0.E0,0.E0));
#6066=AXIS2_PLACEMENT_3D('',#6063,#6064,#6065);
#6067=PLANE('',#6066);
#6068=ORIENTED_EDGE('',*,*,#4557,.T.);
#6070=ORIENTED_EDGE('',*,*,#6069,.F.);
#6071=ORIENTED_EDGE('',*,*,#5306,.F.);
#6073=ORIENTED_EDGE('',*,*,#6072,.T.);
#6074=EDGE_LOOP('',(#6068,#6070,#6071,#6073));
#6075=FACE_OUTER_BOUND('',#6074,.F.);
#6076=ORIENTED_EDGE('',*,*,#6037,.T.);
#6078=ORIENTED_EDGE('',*,*,#6077,.T.);
#6079=EDGE_LOOP('',(#6076,#6078));
#6080=FACE_BOUND('',#6079,.F.);
#6081=ADVANCED_FACE('',(#6075,#6080),#6067,.F.);
#6082=CARTESIAN_POINT('',(9.885E0,-6.9875E0,0.E0));
#6083=DIRECTION('',(0.E0,1.E0,0.E0));
#6084=DIRECTION('',(1.E0,0.E0,0.E0));
#6085=AXIS2_PLACEMENT_3D('',#6082,#6083,#6084);
#6086=CYLINDRICAL_SURFACE('',#6085,5.7E-1);
#6087=ORIENTED_EDGE('',*,*,#6077,.F.);
#6088=ORIENTED_EDGE('',*,*,#6043,.T.);
#6090=ORIENTED_EDGE('',*,*,#6089,.F.);
#6091=ORIENTED_EDGE('',*,*,#6039,.F.);
#6092=EDGE_LOOP('',(#6087,#6088,#6090,#6091));
#6093=FACE_OUTER_BOUND('',#6092,.F.);
#6094=ADVANCED_FACE('',(#6093),#6086,.T.);
#6095=CARTESIAN_POINT('',(9.885E0,-6.9875E0,0.E0));
#6096=DIRECTION('',(0.E0,1.E0,0.E0));
#6097=DIRECTION('',(1.E0,0.E0,0.E0));
#6098=AXIS2_PLACEMENT_3D('',#6095,#6096,#6097);
#6099=CYLINDRICAL_SURFACE('',#6098,5.7E-1);
#6100=ORIENTED_EDGE('',*,*,#6015,.T.);
#6101=ORIENTED_EDGE('',*,*,#6058,.F.);
#6103=ORIENTED_EDGE('',*,*,#6102,.T.);
#6104=ORIENTED_EDGE('',*,*,#6054,.T.);
#6105=EDGE_LOOP('',(#6100,#6101,#6103,#6104));
#6106=FACE_OUTER_BOUND('',#6105,.F.);
#6107=ADVANCED_FACE('',(#6106),#6099,.T.);
#6108=CARTESIAN_POINT('',(9.885E0,1.257E1,0.E0));
#6109=DIRECTION('',(0.E0,-1.E0,0.E0));
#6110=DIRECTION('',(-1.E0,0.E0,0.E0));
#6111=AXIS2_PLACEMENT_3D('',#6108,#6109,#6110);
#6112=CONICAL_SURFACE('',#6111,4.E-1,2.090798047101E1);
#6114=ORIENTED_EDGE('',*,*,#6113,.F.);
#6115=ORIENTED_EDGE('',*,*,#6089,.T.);
#6117=ORIENTED_EDGE('',*,*,#6116,.T.);
#6119=ORIENTED_EDGE('',*,*,#6118,.F.);
#6120=EDGE_LOOP('',(#6114,#6115,#6117,#6119));
#6121=FACE_OUTER_BOUND('',#6120,.F.);
#6122=ADVANCED_FACE('',(#6121),#6112,.T.);
#6123=CARTESIAN_POINT('',(9.885E0,1.257E1,0.E0));
#6124=DIRECTION('',(0.E0,-1.E0,0.E0));
#6125=DIRECTION('',(-1.E0,0.E0,0.E0));
#6126=AXIS2_PLACEMENT_3D('',#6123,#6124,#6125);
#6127=CONICAL_SURFACE('',#6126,4.E-1,2.090798047101E1);
#6128=ORIENTED_EDGE('',*,*,#6113,.T.);
#6130=ORIENTED_EDGE('',*,*,#6129,.T.);
#6131=ORIENTED_EDGE('',*,*,#6116,.F.);
#6132=ORIENTED_EDGE('',*,*,#6041,.F.);
#6133=EDGE_LOOP('',(#6128,#6130,#6131,#6132));
#6134=FACE_OUTER_BOUND('',#6133,.F.);
#6135=ADVANCED_FACE('',(#6134),#6127,.T.);
#6136=CARTESIAN_POINT('',(9.885E0,1.3015E1,0.E0));
#6137=DIRECTION('',(0.E0,1.E0,0.E0));
#6138=DIRECTION('',(1.E0,0.E0,0.E0));
#6139=AXIS2_PLACEMENT_3D('',#6136,#6137,#6138);
#6140=PLANE('',#6139);
#6141=ORIENTED_EDGE('',*,*,#6118,.T.);
#6142=ORIENTED_EDGE('',*,*,#6129,.F.);
#6143=EDGE_LOOP('',(#6141,#6142));
#6144=FACE_OUTER_BOUND('',#6143,.F.);
#6145=ADVANCED_FACE('',(#6144),#6140,.T.);
#6146=CARTESIAN_POINT('',(9.885E0,-5.59E0,0.E0));
#6147=DIRECTION('',(0.E0,1.E0,0.E0));
#6148=DIRECTION('',(1.E0,0.E0,0.E0));
#6149=AXIS2_PLACEMENT_3D('',#6146,#6147,#6148);
#6150=CONICAL_SURFACE('',#6149,4.E-1,2.090798047101E1);
#6152=ORIENTED_EDGE('',*,*,#6151,.F.);
#6154=ORIENTED_EDGE('',*,*,#6153,.T.);
#6156=ORIENTED_EDGE('',*,*,#6155,.T.);
#6157=ORIENTED_EDGE('',*,*,#6102,.F.);
#6158=EDGE_LOOP('',(#6152,#6154,#6156,#6157));
#6159=FACE_OUTER_BOUND('',#6158,.F.);
#6160=ADVANCED_FACE('',(#6159),#6150,.T.);
#6161=CARTESIAN_POINT('',(9.885E0,-5.59E0,0.E0));
#6162=DIRECTION('',(0.E0,1.E0,0.E0));
#6163=DIRECTION('',(1.E0,0.E0,0.E0));
#6164=AXIS2_PLACEMENT_3D('',#6161,#6162,#6163);
#6165=CONICAL_SURFACE('',#6164,4.E-1,2.090798047101E1);
#6166=ORIENTED_EDGE('',*,*,#6151,.T.);
#6167=ORIENTED_EDGE('',*,*,#6056,.T.);
#6168=ORIENTED_EDGE('',*,*,#6155,.F.);
#6170=ORIENTED_EDGE('',*,*,#6169,.F.);
#6171=EDGE_LOOP('',(#6166,#6167,#6168,#6170));
#6172=FACE_OUTER_BOUND('',#6171,.F.);
#6173=ADVANCED_FACE('',(#6172),#6165,.T.);
#6174=CARTESIAN_POINT('',(9.885E0,-6.035E0,0.E0));
#6175=DIRECTION('',(0.E0,1.E0,0.E0));
#6176=DIRECTION('',(1.E0,0.E0,0.E0));
#6177=AXIS2_PLACEMENT_3D('',#6174,#6175,#6176);
#6178=PLANE('',#6177);
#6179=ORIENTED_EDGE('',*,*,#6153,.F.);
#6180=ORIENTED_EDGE('',*,*,#6169,.T.);
#6181=EDGE_LOOP('',(#6179,#6180));
#6182=FACE_OUTER_BOUND('',#6181,.F.);
#6183=ADVANCED_FACE('',(#6182),#6178,.F.);
#6184=CARTESIAN_POINT('',(1.0975E1,1.205E0,3.47E0));
#6185=DIRECTION('',(1.E0,0.E0,0.E0));
#6186=DIRECTION('',(0.E0,1.E0,0.E0));
#6187=AXIS2_PLACEMENT_3D('',#6184,#6185,#6186);
#6188=PLANE('',#6187);
#6189=ORIENTED_EDGE('',*,*,#4555,.T.);
#6190=ORIENTED_EDGE('',*,*,#4461,.T.);
#6191=ORIENTED_EDGE('',*,*,#5308,.T.);
#6192=ORIENTED_EDGE('',*,*,#6069,.T.);
#6193=EDGE_LOOP('',(#6189,#6190,#6191,#6192));
#6194=FACE_OUTER_BOUND('',#6193,.F.);
#6195=ADVANCED_FACE('',(#6194),#6188,.F.);
#6196=CARTESIAN_POINT('',(8.795E0,1.585E0,3.47E0));
#6197=DIRECTION('',(-1.E0,0.E0,0.E0));
#6198=DIRECTION('',(0.E0,-1.E0,0.E0));
#6199=AXIS2_PLACEMENT_3D('',#6196,#6197,#6198);
#6200=PLANE('',#6199);
#6201=ORIENTED_EDGE('',*,*,#4559,.T.);
#6202=ORIENTED_EDGE('',*,*,#6072,.F.);
#6203=ORIENTED_EDGE('',*,*,#5304,.F.);
#6204=ORIENTED_EDGE('',*,*,#4255,.F.);
#6205=EDGE_LOOP('',(#6201,#6202,#6203,#6204));
#6206=FACE_OUTER_BOUND('',#6205,.F.);
#6207=ADVANCED_FACE('',(#6206),#6200,.F.);
#6208=CARTESIAN_POINT('',(7.015E0,-1.585E0,3.47E0));
#6209=DIRECTION('',(1.E0,0.E0,0.E0));
#6210=DIRECTION('',(0.E0,1.E0,0.E0));
#6211=AXIS2_PLACEMENT_3D('',#6208,#6209,#6210);
#6212=PLANE('',#6211);
#6213=ORIENTED_EDGE('',*,*,#4074,.T.);
#6215=ORIENTED_EDGE('',*,*,#6214,.F.);
#6216=ORIENTED_EDGE('',*,*,#5191,.F.);
#6217=ORIENTED_EDGE('',*,*,#5029,.F.);
#6218=EDGE_LOOP('',(#6213,#6215,#6216,#6217));
#6219=FACE_OUTER_BOUND('',#6218,.F.);
#6220=ADVANCED_FACE('',(#6219),#6212,.F.);
#6221=CARTESIAN_POINT('',(7.015E0,-1.205E0,3.47E0));
#6222=DIRECTION('',(0.E0,1.E0,0.E0));
#6223=DIRECTION('',(-1.E0,0.E0,0.E0));
#6224=AXIS2_PLACEMENT_3D('',#6221,#6222,#6223);
#6225=PLANE('',#6224);
#6226=ORIENTED_EDGE('',*,*,#4072,.T.);
#6228=ORIENTED_EDGE('',*,*,#6227,.F.);
#6229=ORIENTED_EDGE('',*,*,#5193,.F.);
#6230=ORIENTED_EDGE('',*,*,#6214,.T.);
#6231=EDGE_LOOP('',(#6226,#6228,#6229,#6230));
#6232=FACE_OUTER_BOUND('',#6231,.F.);
#6234=ORIENTED_EDGE('',*,*,#6233,.F.);
#6236=ORIENTED_EDGE('',*,*,#6235,.F.);
#6237=EDGE_LOOP('',(#6234,#6236));
#6238=FACE_BOUND('',#6237,.F.);
#6239=ADVANCED_FACE('',(#6232,#6238),#6225,.F.);
#6240=CARTESIAN_POINT('',(4.835E0,-1.205E0,3.47E0));
#6241=DIRECTION('',(-1.E0,0.E0,0.E0));
#6242=DIRECTION('',(0.E0,-1.E0,0.E0));
#6243=AXIS2_PLACEMENT_3D('',#6240,#6241,#6242);
#6244=PLANE('',#6243);
#6245=ORIENTED_EDGE('',*,*,#4070,.F.);
#6246=ORIENTED_EDGE('',*,*,#5001,.T.);
#6247=ORIENTED_EDGE('',*,*,#5195,.T.);
#6248=ORIENTED_EDGE('',*,*,#6227,.T.);
#6249=EDGE_LOOP('',(#6245,#6246,#6247,#6248));
#6250=FACE_OUTER_BOUND('',#6249,.F.);
#6251=ADVANCED_FACE('',(#6250),#6244,.F.);
#6252=CARTESIAN_POINT('',(5.925E0,-6.9875E0,0.E0));
#6253=DIRECTION('',(0.E0,1.E0,0.E0));
#6254=DIRECTION('',(1.E0,0.E0,0.E0));
#6255=AXIS2_PLACEMENT_3D('',#6252,#6253,#6254);
#6256=CYLINDRICAL_SURFACE('',#6255,5.7E-1);
#6258=ORIENTED_EDGE('',*,*,#6257,.F.);
#6260=ORIENTED_EDGE('',*,*,#6259,.T.);
#6262=ORIENTED_EDGE('',*,*,#6261,.T.);
#6264=ORIENTED_EDGE('',*,*,#6263,.F.);
#6265=EDGE_LOOP('',(#6258,#6260,#6262,#6264));
#6266=FACE_OUTER_BOUND('',#6265,.F.);
#6267=ADVANCED_FACE('',(#6266),#6256,.T.);
#6268=CARTESIAN_POINT('',(5.925E0,-6.9875E0,0.E0));
#6269=DIRECTION('',(0.E0,1.E0,0.E0));
#6270=DIRECTION('',(1.E0,0.E0,0.E0));
#6271=AXIS2_PLACEMENT_3D('',#6268,#6269,#6270);
#6272=CYLINDRICAL_SURFACE('',#6271,5.7E-1);
#6273=ORIENTED_EDGE('',*,*,#6233,.T.);
#6275=ORIENTED_EDGE('',*,*,#6274,.F.);
#6277=ORIENTED_EDGE('',*,*,#6276,.F.);
#6279=ORIENTED_EDGE('',*,*,#6278,.T.);
#6280=EDGE_LOOP('',(#6273,#6275,#6277,#6279));
#6281=FACE_OUTER_BOUND('',#6280,.F.);
#6282=ADVANCED_FACE('',(#6281),#6272,.T.);
#6283=CARTESIAN_POINT('',(4.835E0,1.205E0,3.47E0));
#6284=DIRECTION('',(0.E0,-1.E0,0.E0));
#6285=DIRECTION('',(1.E0,0.E0,0.E0));
#6286=AXIS2_PLACEMENT_3D('',#6283,#6284,#6285);
#6287=PLANE('',#6286);
#6288=ORIENTED_EDGE('',*,*,#4564,.T.);
#6290=ORIENTED_EDGE('',*,*,#6289,.F.);
#6291=ORIENTED_EDGE('',*,*,#5299,.F.);
#6293=ORIENTED_EDGE('',*,*,#6292,.T.);
#6294=EDGE_LOOP('',(#6288,#6290,#6291,#6293));
#6295=FACE_OUTER_BOUND('',#6294,.F.);
#6296=ORIENTED_EDGE('',*,*,#6257,.T.);
#6298=ORIENTED_EDGE('',*,*,#6297,.T.);
#6299=EDGE_LOOP('',(#6296,#6298));
#6300=FACE_BOUND('',#6299,.F.);
#6301=ADVANCED_FACE('',(#6295,#6300),#6287,.F.);
#6302=CARTESIAN_POINT('',(5.925E0,-6.9875E0,0.E0));
#6303=DIRECTION('',(0.E0,1.E0,0.E0));
#6304=DIRECTION('',(1.E0,0.E0,0.E0));
#6305=AXIS2_PLACEMENT_3D('',#6302,#6303,#6304);
#6306=CYLINDRICAL_SURFACE('',#6305,5.7E-1);
#6307=ORIENTED_EDGE('',*,*,#6297,.F.);
#6308=ORIENTED_EDGE('',*,*,#6263,.T.);
#6310=ORIENTED_EDGE('',*,*,#6309,.F.);
#6311=ORIENTED_EDGE('',*,*,#6259,.F.);
#6312=EDGE_LOOP('',(#6307,#6308,#6310,#6311));
#6313=FACE_OUTER_BOUND('',#6312,.F.);
#6314=ADVANCED_FACE('',(#6313),#6306,.T.);
#6315=CARTESIAN_POINT('',(5.925E0,-6.9875E0,0.E0));
#6316=DIRECTION('',(0.E0,1.E0,0.E0));
#6317=DIRECTION('',(1.E0,0.E0,0.E0));
#6318=AXIS2_PLACEMENT_3D('',#6315,#6316,#6317);
#6319=CYLINDRICAL_SURFACE('',#6318,5.7E-1);
#6320=ORIENTED_EDGE('',*,*,#6235,.T.);
#6321=ORIENTED_EDGE('',*,*,#6278,.F.);
#6323=ORIENTED_EDGE('',*,*,#6322,.T.);
#6324=ORIENTED_EDGE('',*,*,#6274,.T.);
#6325=EDGE_LOOP('',(#6320,#6321,#6323,#6324));
#6326=FACE_OUTER_BOUND('',#6325,.F.);
#6327=ADVANCED_FACE('',(#6326),#6319,.T.);
#6328=CARTESIAN_POINT('',(5.925E0,1.257E1,0.E0));
#6329=DIRECTION('',(0.E0,-1.E0,0.E0));
#6330=DIRECTION('',(-1.E0,0.E0,0.E0));
#6331=AXIS2_PLACEMENT_3D('',#6328,#6329,#6330);
#6332=CONICAL_SURFACE('',#6331,4.E-1,2.090798047101E1);
#6334=ORIENTED_EDGE('',*,*,#6333,.F.);
#6335=ORIENTED_EDGE('',*,*,#6309,.T.);
#6337=ORIENTED_EDGE('',*,*,#6336,.T.);
#6339=ORIENTED_EDGE('',*,*,#6338,.F.);
#6340=EDGE_LOOP('',(#6334,#6335,#6337,#6339));
#6341=FACE_OUTER_BOUND('',#6340,.F.);
#6342=ADVANCED_FACE('',(#6341),#6332,.T.);
#6343=CARTESIAN_POINT('',(5.925E0,1.257E1,0.E0));
#6344=DIRECTION('',(0.E0,-1.E0,0.E0));
#6345=DIRECTION('',(-1.E0,0.E0,0.E0));
#6346=AXIS2_PLACEMENT_3D('',#6343,#6344,#6345);
#6347=CONICAL_SURFACE('',#6346,4.E-1,2.090798047101E1);
#6348=ORIENTED_EDGE('',*,*,#6333,.T.);
#6350=ORIENTED_EDGE('',*,*,#6349,.T.);
#6351=ORIENTED_EDGE('',*,*,#6336,.F.);
#6352=ORIENTED_EDGE('',*,*,#6261,.F.);
#6353=EDGE_LOOP('',(#6348,#6350,#6351,#6352));
#6354=FACE_OUTER_BOUND('',#6353,.F.);
#6355=ADVANCED_FACE('',(#6354),#6347,.T.);
#6356=CARTESIAN_POINT('',(5.925E0,1.3015E1,0.E0));
#6357=DIRECTION('',(0.E0,1.E0,0.E0));
#6358=DIRECTION('',(1.E0,0.E0,0.E0));
#6359=AXIS2_PLACEMENT_3D('',#6356,#6357,#6358);
#6360=PLANE('',#6359);
#6361=ORIENTED_EDGE('',*,*,#6338,.T.);
#6362=ORIENTED_EDGE('',*,*,#6349,.F.);
#6363=EDGE_LOOP('',(#6361,#6362));
#6364=FACE_OUTER_BOUND('',#6363,.F.);
#6365=ADVANCED_FACE('',(#6364),#6360,.T.);
#6366=CARTESIAN_POINT('',(5.925E0,-5.59E0,0.E0));
#6367=DIRECTION('',(0.E0,1.E0,0.E0));
#6368=DIRECTION('',(1.E0,0.E0,0.E0));
#6369=AXIS2_PLACEMENT_3D('',#6366,#6367,#6368);
#6370=CONICAL_SURFACE('',#6369,4.E-1,2.090798047101E1);
#6372=ORIENTED_EDGE('',*,*,#6371,.F.);
#6374=ORIENTED_EDGE('',*,*,#6373,.T.);
#6376=ORIENTED_EDGE('',*,*,#6375,.T.);
#6377=ORIENTED_EDGE('',*,*,#6322,.F.);
#6378=EDGE_LOOP('',(#6372,#6374,#6376,#6377));
#6379=FACE_OUTER_BOUND('',#6378,.F.);
#6380=ADVANCED_FACE('',(#6379),#6370,.T.);
#6381=CARTESIAN_POINT('',(5.925E0,-5.59E0,0.E0));
#6382=DIRECTION('',(0.E0,1.E0,0.E0));
#6383=DIRECTION('',(1.E0,0.E0,0.E0));
#6384=AXIS2_PLACEMENT_3D('',#6381,#6382,#6383);
#6385=CONICAL_SURFACE('',#6384,4.E-1,2.090798047101E1);
#6386=ORIENTED_EDGE('',*,*,#6371,.T.);
#6387=ORIENTED_EDGE('',*,*,#6276,.T.);
#6388=ORIENTED_EDGE('',*,*,#6375,.F.);
#6390=ORIENTED_EDGE('',*,*,#6389,.F.);
#6391=EDGE_LOOP('',(#6386,#6387,#6388,#6390));
#6392=FACE_OUTER_BOUND('',#6391,.F.);
#6393=ADVANCED_FACE('',(#6392),#6385,.T.);
#6394=CARTESIAN_POINT('',(5.925E0,-6.035E0,0.E0));
#6395=DIRECTION('',(0.E0,1.E0,0.E0));
#6396=DIRECTION('',(1.E0,0.E0,0.E0));
#6397=AXIS2_PLACEMENT_3D('',#6394,#6395,#6396);
#6398=PLANE('',#6397);
#6399=ORIENTED_EDGE('',*,*,#6373,.F.);
#6400=ORIENTED_EDGE('',*,*,#6389,.T.);
#6401=EDGE_LOOP('',(#6399,#6400));
#6402=FACE_OUTER_BOUND('',#6401,.F.);
#6403=ADVANCED_FACE('',(#6402),#6398,.F.);
#6404=CARTESIAN_POINT('',(7.015E0,1.205E0,3.47E0));
#6405=DIRECTION('',(1.E0,0.E0,0.E0));
#6406=DIRECTION('',(0.E0,1.E0,0.E0));
#6407=AXIS2_PLACEMENT_3D('',#6404,#6405,#6406);
#6408=PLANE('',#6407);
#6409=ORIENTED_EDGE('',*,*,#4562,.T.);
#6410=ORIENTED_EDGE('',*,*,#4259,.T.);
#6411=ORIENTED_EDGE('',*,*,#5301,.T.);
#6412=ORIENTED_EDGE('',*,*,#6289,.T.);
#6413=EDGE_LOOP('',(#6409,#6410,#6411,#6412));
#6414=FACE_OUTER_BOUND('',#6413,.F.);
#6415=ADVANCED_FACE('',(#6414),#6408,.F.);
#6416=CARTESIAN_POINT('',(4.835E0,1.585E0,3.47E0));
#6417=DIRECTION('',(-1.E0,0.E0,0.E0));
#6418=DIRECTION('',(0.E0,-1.E0,0.E0));
#6419=AXIS2_PLACEMENT_3D('',#6416,#6417,#6418);
#6420=PLANE('',#6419);
#6421=ORIENTED_EDGE('',*,*,#4566,.T.);
#6422=ORIENTED_EDGE('',*,*,#6292,.F.);
#6423=ORIENTED_EDGE('',*,*,#5297,.F.);
#6424=ORIENTED_EDGE('',*,*,#4281,.F.);
#6425=EDGE_LOOP('',(#6421,#6422,#6423,#6424));
#6426=FACE_OUTER_BOUND('',#6425,.F.);
#6427=ADVANCED_FACE('',(#6426),#6420,.F.);
#6428=CARTESIAN_POINT('',(3.055E0,-1.585E0,3.47E0));
#6429=DIRECTION('',(1.E0,0.E0,0.E0));
#6430=DIRECTION('',(0.E0,1.E0,0.E0));
#6431=AXIS2_PLACEMENT_3D('',#6428,#6429,#6430);
#6432=PLANE('',#6431);
#6433=ORIENTED_EDGE('',*,*,#4066,.T.);
#6435=ORIENTED_EDGE('',*,*,#6434,.F.);
#6436=ORIENTED_EDGE('',*,*,#5198,.F.);
#6437=ORIENTED_EDGE('',*,*,#5004,.F.);
#6438=EDGE_LOOP('',(#6433,#6435,#6436,#6437));
#6439=FACE_OUTER_BOUND('',#6438,.F.);
#6440=ADVANCED_FACE('',(#6439),#6432,.F.);
#6441=CARTESIAN_POINT('',(3.055E0,-1.205E0,3.47E0));
#6442=DIRECTION('',(0.E0,1.E0,0.E0));
#6443=DIRECTION('',(-1.E0,0.E0,0.E0));
#6444=AXIS2_PLACEMENT_3D('',#6441,#6442,#6443);
#6445=PLANE('',#6444);
#6446=ORIENTED_EDGE('',*,*,#4064,.T.);
#6448=ORIENTED_EDGE('',*,*,#6447,.F.);
#6449=ORIENTED_EDGE('',*,*,#5200,.F.);
#6450=ORIENTED_EDGE('',*,*,#6434,.T.);
#6451=EDGE_LOOP('',(#6446,#6448,#6449,#6450));
#6452=FACE_OUTER_BOUND('',#6451,.F.);
#6454=ORIENTED_EDGE('',*,*,#6453,.F.);
#6456=ORIENTED_EDGE('',*,*,#6455,.F.);
#6457=EDGE_LOOP('',(#6454,#6456));
#6458=FACE_BOUND('',#6457,.F.);
#6459=ADVANCED_FACE('',(#6452,#6458),#6445,.F.);
#6460=CARTESIAN_POINT('',(8.75E-1,-1.205E0,3.47E0));
#6461=DIRECTION('',(-1.E0,0.E0,0.E0));
#6462=DIRECTION('',(0.E0,-1.E0,0.E0));
#6463=AXIS2_PLACEMENT_3D('',#6460,#6461,#6462);
#6464=PLANE('',#6463);
#6465=ORIENTED_EDGE('',*,*,#4062,.F.);
#6466=ORIENTED_EDGE('',*,*,#4976,.T.);
#6467=ORIENTED_EDGE('',*,*,#5202,.T.);
#6468=ORIENTED_EDGE('',*,*,#6447,.T.);
#6469=EDGE_LOOP('',(#6465,#6466,#6467,#6468));
#6470=FACE_OUTER_BOUND('',#6469,.F.);
#6471=ADVANCED_FACE('',(#6470),#6464,.F.);
#6472=CARTESIAN_POINT('',(1.965E0,-6.9875E0,0.E0));
#6473=DIRECTION('',(0.E0,1.E0,0.E0));
#6474=DIRECTION('',(1.E0,0.E0,0.E0));
#6475=AXIS2_PLACEMENT_3D('',#6472,#6473,#6474);
#6476=CYLINDRICAL_SURFACE('',#6475,5.7E-1);
#6478=ORIENTED_EDGE('',*,*,#6477,.F.);
#6480=ORIENTED_EDGE('',*,*,#6479,.T.);
#6482=ORIENTED_EDGE('',*,*,#6481,.T.);
#6484=ORIENTED_EDGE('',*,*,#6483,.F.);
#6485=EDGE_LOOP('',(#6478,#6480,#6482,#6484));
#6486=FACE_OUTER_BOUND('',#6485,.F.);
#6487=ADVANCED_FACE('',(#6486),#6476,.T.);
#6488=CARTESIAN_POINT('',(1.965E0,-6.9875E0,0.E0));
#6489=DIRECTION('',(0.E0,1.E0,0.E0));
#6490=DIRECTION('',(1.E0,0.E0,0.E0));
#6491=AXIS2_PLACEMENT_3D('',#6488,#6489,#6490);
#6492=CYLINDRICAL_SURFACE('',#6491,5.7E-1);
#6493=ORIENTED_EDGE('',*,*,#6453,.T.);
#6495=ORIENTED_EDGE('',*,*,#6494,.F.);
#6497=ORIENTED_EDGE('',*,*,#6496,.F.);
#6499=ORIENTED_EDGE('',*,*,#6498,.T.);
#6500=EDGE_LOOP('',(#6493,#6495,#6497,#6499));
#6501=FACE_OUTER_BOUND('',#6500,.F.);
#6502=ADVANCED_FACE('',(#6501),#6492,.T.);
#6503=CARTESIAN_POINT('',(8.75E-1,1.205E0,3.47E0));
#6504=DIRECTION('',(0.E0,-1.E0,0.E0));
#6505=DIRECTION('',(1.E0,0.E0,0.E0));
#6506=AXIS2_PLACEMENT_3D('',#6503,#6504,#6505);
#6507=PLANE('',#6506);
#6508=ORIENTED_EDGE('',*,*,#4571,.T.);
#6510=ORIENTED_EDGE('',*,*,#6509,.F.);
#6511=ORIENTED_EDGE('',*,*,#5292,.F.);
#6513=ORIENTED_EDGE('',*,*,#6512,.T.);
#6514=EDGE_LOOP('',(#6508,#6510,#6511,#6513));
#6515=FACE_OUTER_BOUND('',#6514,.F.);
#6516=ORIENTED_EDGE('',*,*,#6477,.T.);
#6518=ORIENTED_EDGE('',*,*,#6517,.T.);
#6519=EDGE_LOOP('',(#6516,#6518));
#6520=FACE_BOUND('',#6519,.F.);
#6521=ADVANCED_FACE('',(#6515,#6520),#6507,.F.);
#6522=CARTESIAN_POINT('',(1.965E0,-6.9875E0,0.E0));
#6523=DIRECTION('',(0.E0,1.E0,0.E0));
#6524=DIRECTION('',(1.E0,0.E0,0.E0));
#6525=AXIS2_PLACEMENT_3D('',#6522,#6523,#6524);
#6526=CYLINDRICAL_SURFACE('',#6525,5.7E-1);
#6527=ORIENTED_EDGE('',*,*,#6517,.F.);
#6528=ORIENTED_EDGE('',*,*,#6483,.T.);
#6530=ORIENTED_EDGE('',*,*,#6529,.F.);
#6531=ORIENTED_EDGE('',*,*,#6479,.F.);
#6532=EDGE_LOOP('',(#6527,#6528,#6530,#6531));
#6533=FACE_OUTER_BOUND('',#6532,.F.);
#6534=ADVANCED_FACE('',(#6533),#6526,.T.);
#6535=CARTESIAN_POINT('',(1.965E0,-6.9875E0,0.E0));
#6536=DIRECTION('',(0.E0,1.E0,0.E0));
#6537=DIRECTION('',(1.E0,0.E0,0.E0));
#6538=AXIS2_PLACEMENT_3D('',#6535,#6536,#6537);
#6539=CYLINDRICAL_SURFACE('',#6538,5.7E-1);
#6540=ORIENTED_EDGE('',*,*,#6455,.T.);
#6541=ORIENTED_EDGE('',*,*,#6498,.F.);
#6543=ORIENTED_EDGE('',*,*,#6542,.T.);
#6544=ORIENTED_EDGE('',*,*,#6494,.T.);
#6545=EDGE_LOOP('',(#6540,#6541,#6543,#6544));
#6546=FACE_OUTER_BOUND('',#6545,.F.);
#6547=ADVANCED_FACE('',(#6546),#6539,.T.);
#6548=CARTESIAN_POINT('',(1.965E0,1.257E1,0.E0));
#6549=DIRECTION('',(0.E0,-1.E0,0.E0));
#6550=DIRECTION('',(-1.E0,0.E0,0.E0));
#6551=AXIS2_PLACEMENT_3D('',#6548,#6549,#6550);
#6552=CONICAL_SURFACE('',#6551,4.E-1,2.090798047101E1);
#6554=ORIENTED_EDGE('',*,*,#6553,.F.);
#6555=ORIENTED_EDGE('',*,*,#6529,.T.);
#6557=ORIENTED_EDGE('',*,*,#6556,.T.);
#6559=ORIENTED_EDGE('',*,*,#6558,.F.);
#6560=EDGE_LOOP('',(#6554,#6555,#6557,#6559));
#6561=FACE_OUTER_BOUND('',#6560,.F.);
#6562=ADVANCED_FACE('',(#6561),#6552,.T.);
#6563=CARTESIAN_POINT('',(1.965E0,1.257E1,0.E0));
#6564=DIRECTION('',(0.E0,-1.E0,0.E0));
#6565=DIRECTION('',(-1.E0,0.E0,0.E0));
#6566=AXIS2_PLACEMENT_3D('',#6563,#6564,#6565);
#6567=CONICAL_SURFACE('',#6566,4.E-1,2.090798047101E1);
#6568=ORIENTED_EDGE('',*,*,#6553,.T.);
#6570=ORIENTED_EDGE('',*,*,#6569,.T.);
#6571=ORIENTED_EDGE('',*,*,#6556,.F.);
#6572=ORIENTED_EDGE('',*,*,#6481,.F.);
#6573=EDGE_LOOP('',(#6568,#6570,#6571,#6572));
#6574=FACE_OUTER_BOUND('',#6573,.F.);
#6575=ADVANCED_FACE('',(#6574),#6567,.T.);
#6576=CARTESIAN_POINT('',(1.965E0,1.3015E1,0.E0));
#6577=DIRECTION('',(0.E0,1.E0,0.E0));
#6578=DIRECTION('',(1.E0,0.E0,0.E0));
#6579=AXIS2_PLACEMENT_3D('',#6576,#6577,#6578);
#6580=PLANE('',#6579);
#6581=ORIENTED_EDGE('',*,*,#6558,.T.);
#6582=ORIENTED_EDGE('',*,*,#6569,.F.);
#6583=EDGE_LOOP('',(#6581,#6582));
#6584=FACE_OUTER_BOUND('',#6583,.F.);
#6585=ADVANCED_FACE('',(#6584),#6580,.T.);
#6586=CARTESIAN_POINT('',(1.965E0,-5.59E0,0.E0));
#6587=DIRECTION('',(0.E0,1.E0,0.E0));
#6588=DIRECTION('',(1.E0,0.E0,0.E0));
#6589=AXIS2_PLACEMENT_3D('',#6586,#6587,#6588);
#6590=CONICAL_SURFACE('',#6589,4.E-1,2.090798047101E1);
#6592=ORIENTED_EDGE('',*,*,#6591,.F.);
#6594=ORIENTED_EDGE('',*,*,#6593,.T.);
#6596=ORIENTED_EDGE('',*,*,#6595,.T.);
#6597=ORIENTED_EDGE('',*,*,#6542,.F.);
#6598=EDGE_LOOP('',(#6592,#6594,#6596,#6597));
#6599=FACE_OUTER_BOUND('',#6598,.F.);
#6600=ADVANCED_FACE('',(#6599),#6590,.T.);
#6601=CARTESIAN_POINT('',(1.965E0,-5.59E0,0.E0));
#6602=DIRECTION('',(0.E0,1.E0,0.E0));
#6603=DIRECTION('',(1.E0,0.E0,0.E0));
#6604=AXIS2_PLACEMENT_3D('',#6601,#6602,#6603);
#6605=CONICAL_SURFACE('',#6604,4.E-1,2.090798047101E1);
#6606=ORIENTED_EDGE('',*,*,#6591,.T.);
#6607=ORIENTED_EDGE('',*,*,#6496,.T.);
#6608=ORIENTED_EDGE('',*,*,#6595,.F.);
#6610=ORIENTED_EDGE('',*,*,#6609,.F.);
#6611=EDGE_LOOP('',(#6606,#6607,#6608,#6610));
#6612=FACE_OUTER_BOUND('',#6611,.F.);
#6613=ADVANCED_FACE('',(#6612),#6605,.T.);
#6614=CARTESIAN_POINT('',(1.965E0,-6.035E0,0.E0));
#6615=DIRECTION('',(0.E0,1.E0,0.E0));
#6616=DIRECTION('',(1.E0,0.E0,0.E0));
#6617=AXIS2_PLACEMENT_3D('',#6614,#6615,#6616);
#6618=PLANE('',#6617);
#6619=ORIENTED_EDGE('',*,*,#6593,.F.);
#6620=ORIENTED_EDGE('',*,*,#6609,.T.);
#6621=EDGE_LOOP('',(#6619,#6620));
#6622=FACE_OUTER_BOUND('',#6621,.F.);
#6623=ADVANCED_FACE('',(#6622),#6618,.F.);
#6624=CARTESIAN_POINT('',(3.055E0,1.205E0,3.47E0));
#6625=DIRECTION('',(1.E0,0.E0,0.E0));
#6626=DIRECTION('',(0.E0,1.E0,0.E0));
#6627=AXIS2_PLACEMENT_3D('',#6624,#6625,#6626);
#6628=PLANE('',#6627);
#6629=ORIENTED_EDGE('',*,*,#4569,.T.);
#6630=ORIENTED_EDGE('',*,*,#4285,.T.);
#6631=ORIENTED_EDGE('',*,*,#5294,.T.);
#6632=ORIENTED_EDGE('',*,*,#6509,.T.);
#6633=EDGE_LOOP('',(#6629,#6630,#6631,#6632));
#6634=FACE_OUTER_BOUND('',#6633,.F.);
#6635=ADVANCED_FACE('',(#6634),#6628,.F.);
#6636=CARTESIAN_POINT('',(8.75E-1,1.585E0,3.47E0));
#6637=DIRECTION('',(-1.E0,0.E0,0.E0));
#6638=DIRECTION('',(0.E0,-1.E0,0.E0));
#6639=AXIS2_PLACEMENT_3D('',#6636,#6637,#6638);
#6640=PLANE('',#6639);
#6641=ORIENTED_EDGE('',*,*,#4573,.T.);
#6642=ORIENTED_EDGE('',*,*,#6512,.F.);
#6643=ORIENTED_EDGE('',*,*,#5290,.F.);
#6644=ORIENTED_EDGE('',*,*,#4425,.F.);
#6645=EDGE_LOOP('',(#6641,#6642,#6643,#6644));
#6646=FACE_OUTER_BOUND('',#6645,.F.);
#6647=ADVANCED_FACE('',(#6646),#6640,.F.);
#6648=CARTESIAN_POINT('',(-9.05E-1,-1.585E0,3.47E0));
#6649=DIRECTION('',(1.E0,0.E0,0.E0));
#6650=DIRECTION('',(0.E0,1.E0,0.E0));
#6651=AXIS2_PLACEMENT_3D('',#6648,#6649,#6650);
#6652=PLANE('',#6651);
#6653=ORIENTED_EDGE('',*,*,#4058,.T.);
#6655=ORIENTED_EDGE('',*,*,#6654,.F.);
#6656=ORIENTED_EDGE('',*,*,#5205,.F.);
#6657=ORIENTED_EDGE('',*,*,#4979,.F.);
#6658=EDGE_LOOP('',(#6653,#6655,#6656,#6657));
#6659=FACE_OUTER_BOUND('',#6658,.F.);
#6660=ADVANCED_FACE('',(#6659),#6652,.F.);
#6661=CARTESIAN_POINT('',(-9.05E-1,-1.205E0,3.47E0));
#6662=DIRECTION('',(0.E0,1.E0,0.E0));
#6663=DIRECTION('',(-1.E0,0.E0,0.E0));
#6664=AXIS2_PLACEMENT_3D('',#6661,#6662,#6663);
#6665=PLANE('',#6664);
#6666=ORIENTED_EDGE('',*,*,#4056,.T.);
#6668=ORIENTED_EDGE('',*,*,#6667,.F.);
#6669=ORIENTED_EDGE('',*,*,#5207,.F.);
#6670=ORIENTED_EDGE('',*,*,#6654,.T.);
#6671=EDGE_LOOP('',(#6666,#6668,#6669,#6670));
#6672=FACE_OUTER_BOUND('',#6671,.F.);
#6674=ORIENTED_EDGE('',*,*,#6673,.F.);
#6676=ORIENTED_EDGE('',*,*,#6675,.F.);
#6677=EDGE_LOOP('',(#6674,#6676));
#6678=FACE_BOUND('',#6677,.F.);
#6679=ADVANCED_FACE('',(#6672,#6678),#6665,.F.);
#6680=CARTESIAN_POINT('',(-3.085E0,-1.205E0,3.47E0));
#6681=DIRECTION('',(-1.E0,0.E0,0.E0));
#6682=DIRECTION('',(0.E0,-1.E0,0.E0));
#6683=AXIS2_PLACEMENT_3D('',#6680,#6681,#6682);
#6684=PLANE('',#6683);
#6685=ORIENTED_EDGE('',*,*,#4054,.F.);
#6686=ORIENTED_EDGE('',*,*,#4951,.T.);
#6687=ORIENTED_EDGE('',*,*,#5209,.T.);
#6688=ORIENTED_EDGE('',*,*,#6667,.T.);
#6689=EDGE_LOOP('',(#6685,#6686,#6687,#6688));
#6690=FACE_OUTER_BOUND('',#6689,.F.);
#6691=ADVANCED_FACE('',(#6690),#6684,.F.);
#6692=CARTESIAN_POINT('',(-1.995E0,-6.9875E0,0.E0));
#6693=DIRECTION('',(0.E0,1.E0,0.E0));
#6694=DIRECTION('',(1.E0,0.E0,0.E0));
#6695=AXIS2_PLACEMENT_3D('',#6692,#6693,#6694);
#6696=CYLINDRICAL_SURFACE('',#6695,5.7E-1);
#6698=ORIENTED_EDGE('',*,*,#6697,.F.);
#6700=ORIENTED_EDGE('',*,*,#6699,.T.);
#6702=ORIENTED_EDGE('',*,*,#6701,.T.);
#6704=ORIENTED_EDGE('',*,*,#6703,.F.);
#6705=EDGE_LOOP('',(#6698,#6700,#6702,#6704));
#6706=FACE_OUTER_BOUND('',#6705,.F.);
#6707=ADVANCED_FACE('',(#6706),#6696,.T.);
#6708=CARTESIAN_POINT('',(-1.995E0,-6.9875E0,0.E0));
#6709=DIRECTION('',(0.E0,1.E0,0.E0));
#6710=DIRECTION('',(1.E0,0.E0,0.E0));
#6711=AXIS2_PLACEMENT_3D('',#6708,#6709,#6710);
#6712=CYLINDRICAL_SURFACE('',#6711,5.7E-1);
#6713=ORIENTED_EDGE('',*,*,#6673,.T.);
#6715=ORIENTED_EDGE('',*,*,#6714,.F.);
#6717=ORIENTED_EDGE('',*,*,#6716,.F.);
#6719=ORIENTED_EDGE('',*,*,#6718,.T.);
#6720=EDGE_LOOP('',(#6713,#6715,#6717,#6719));
#6721=FACE_OUTER_BOUND('',#6720,.F.);
#6722=ADVANCED_FACE('',(#6721),#6712,.T.);
#6723=CARTESIAN_POINT('',(-3.085E0,1.205E0,3.47E0));
#6724=DIRECTION('',(0.E0,-1.E0,0.E0));
#6725=DIRECTION('',(1.E0,0.E0,0.E0));
#6726=AXIS2_PLACEMENT_3D('',#6723,#6724,#6725);
#6727=PLANE('',#6726);
#6728=ORIENTED_EDGE('',*,*,#4522,.T.);
#6730=ORIENTED_EDGE('',*,*,#6729,.F.);
#6731=ORIENTED_EDGE('',*,*,#5285,.F.);
#6733=ORIENTED_EDGE('',*,*,#6732,.T.);
#6734=EDGE_LOOP('',(#6728,#6730,#6731,#6733));
#6735=FACE_OUTER_BOUND('',#6734,.F.);
#6736=ORIENTED_EDGE('',*,*,#6697,.T.);
#6738=ORIENTED_EDGE('',*,*,#6737,.T.);
#6739=EDGE_LOOP('',(#6736,#6738));
#6740=FACE_BOUND('',#6739,.F.);
#6741=ADVANCED_FACE('',(#6735,#6740),#6727,.F.);
#6742=CARTESIAN_POINT('',(-1.995E0,-6.9875E0,0.E0));
#6743=DIRECTION('',(0.E0,1.E0,0.E0));
#6744=DIRECTION('',(1.E0,0.E0,0.E0));
#6745=AXIS2_PLACEMENT_3D('',#6742,#6743,#6744);
#6746=CYLINDRICAL_SURFACE('',#6745,5.7E-1);
#6747=ORIENTED_EDGE('',*,*,#6737,.F.);
#6748=ORIENTED_EDGE('',*,*,#6703,.T.);
#6750=ORIENTED_EDGE('',*,*,#6749,.F.);
#6751=ORIENTED_EDGE('',*,*,#6699,.F.);
#6752=EDGE_LOOP('',(#6747,#6748,#6750,#6751));
#6753=FACE_OUTER_BOUND('',#6752,.F.);
#6754=ADVANCED_FACE('',(#6753),#6746,.T.);
#6755=CARTESIAN_POINT('',(-1.995E0,-6.9875E0,0.E0));
#6756=DIRECTION('',(0.E0,1.E0,0.E0));
#6757=DIRECTION('',(1.E0,0.E0,0.E0));
#6758=AXIS2_PLACEMENT_3D('',#6755,#6756,#6757);
#6759=CYLINDRICAL_SURFACE('',#6758,5.7E-1);
#6760=ORIENTED_EDGE('',*,*,#6675,.T.);
#6761=ORIENTED_EDGE('',*,*,#6718,.F.);
#6763=ORIENTED_EDGE('',*,*,#6762,.T.);
#6764=ORIENTED_EDGE('',*,*,#6714,.T.);
#6765=EDGE_LOOP('',(#6760,#6761,#6763,#6764));
#6766=FACE_OUTER_BOUND('',#6765,.F.);
#6767=ADVANCED_FACE('',(#6766),#6759,.T.);
#6768=CARTESIAN_POINT('',(-1.995E0,1.257E1,0.E0));
#6769=DIRECTION('',(0.E0,-1.E0,0.E0));
#6770=DIRECTION('',(-1.E0,0.E0,0.E0));
#6771=AXIS2_PLACEMENT_3D('',#6768,#6769,#6770);
#6772=CONICAL_SURFACE('',#6771,4.E-1,2.090798047101E1);
#6774=ORIENTED_EDGE('',*,*,#6773,.F.);
#6775=ORIENTED_EDGE('',*,*,#6749,.T.);
#6777=ORIENTED_EDGE('',*,*,#6776,.T.);
#6779=ORIENTED_EDGE('',*,*,#6778,.F.);
#6780=EDGE_LOOP('',(#6774,#6775,#6777,#6779));
#6781=FACE_OUTER_BOUND('',#6780,.F.);
#6782=ADVANCED_FACE('',(#6781),#6772,.T.);
#6783=CARTESIAN_POINT('',(-1.995E0,1.257E1,0.E0));
#6784=DIRECTION('',(0.E0,-1.E0,0.E0));
#6785=DIRECTION('',(-1.E0,0.E0,0.E0));
#6786=AXIS2_PLACEMENT_3D('',#6783,#6784,#6785);
#6787=CONICAL_SURFACE('',#6786,4.E-1,2.090798047101E1);
#6788=ORIENTED_EDGE('',*,*,#6773,.T.);
#6790=ORIENTED_EDGE('',*,*,#6789,.T.);
#6791=ORIENTED_EDGE('',*,*,#6776,.F.);
#6792=ORIENTED_EDGE('',*,*,#6701,.F.);
#6793=EDGE_LOOP('',(#6788,#6790,#6791,#6792));
#6794=FACE_OUTER_BOUND('',#6793,.F.);
#6795=ADVANCED_FACE('',(#6794),#6787,.T.);
#6796=CARTESIAN_POINT('',(-1.995E0,1.3015E1,0.E0));
#6797=DIRECTION('',(0.E0,1.E0,0.E0));
#6798=DIRECTION('',(1.E0,0.E0,0.E0));
#6799=AXIS2_PLACEMENT_3D('',#6796,#6797,#6798);
#6800=PLANE('',#6799);
#6801=ORIENTED_EDGE('',*,*,#6778,.T.);
#6802=ORIENTED_EDGE('',*,*,#6789,.F.);
#6803=EDGE_LOOP('',(#6801,#6802));
#6804=FACE_OUTER_BOUND('',#6803,.F.);
#6805=ADVANCED_FACE('',(#6804),#6800,.T.);
#6806=CARTESIAN_POINT('',(-1.995E0,-5.59E0,0.E0));
#6807=DIRECTION('',(0.E0,1.E0,0.E0));
#6808=DIRECTION('',(1.E0,0.E0,0.E0));
#6809=AXIS2_PLACEMENT_3D('',#6806,#6807,#6808);
#6810=CONICAL_SURFACE('',#6809,4.E-1,2.090798047101E1);
#6812=ORIENTED_EDGE('',*,*,#6811,.F.);
#6814=ORIENTED_EDGE('',*,*,#6813,.T.);
#6816=ORIENTED_EDGE('',*,*,#6815,.T.);
#6817=ORIENTED_EDGE('',*,*,#6762,.F.);
#6818=EDGE_LOOP('',(#6812,#6814,#6816,#6817));
#6819=FACE_OUTER_BOUND('',#6818,.F.);
#6820=ADVANCED_FACE('',(#6819),#6810,.T.);
#6821=CARTESIAN_POINT('',(-1.995E0,-5.59E0,0.E0));
#6822=DIRECTION('',(0.E0,1.E0,0.E0));
#6823=DIRECTION('',(1.E0,0.E0,0.E0));
#6824=AXIS2_PLACEMENT_3D('',#6821,#6822,#6823);
#6825=CONICAL_SURFACE('',#6824,4.E-1,2.090798047101E1);
#6826=ORIENTED_EDGE('',*,*,#6811,.T.);
#6827=ORIENTED_EDGE('',*,*,#6716,.T.);
#6828=ORIENTED_EDGE('',*,*,#6815,.F.);
#6830=ORIENTED_EDGE('',*,*,#6829,.F.);
#6831=EDGE_LOOP('',(#6826,#6827,#6828,#6830));
#6832=FACE_OUTER_BOUND('',#6831,.F.);
#6833=ADVANCED_FACE('',(#6832),#6825,.T.);
#6834=CARTESIAN_POINT('',(-1.995E0,-6.035E0,0.E0));
#6835=DIRECTION('',(0.E0,1.E0,0.E0));
#6836=DIRECTION('',(1.E0,0.E0,0.E0));
#6837=AXIS2_PLACEMENT_3D('',#6834,#6835,#6836);
#6838=PLANE('',#6837);
#6839=ORIENTED_EDGE('',*,*,#6813,.F.);
#6840=ORIENTED_EDGE('',*,*,#6829,.T.);
#6841=EDGE_LOOP('',(#6839,#6840));
#6842=FACE_OUTER_BOUND('',#6841,.F.);
#6843=ADVANCED_FACE('',(#6842),#6838,.F.);
#6844=CARTESIAN_POINT('',(-9.05E-1,1.205E0,3.47E0));
#6845=DIRECTION('',(1.E0,0.E0,0.E0));
#6846=DIRECTION('',(0.E0,1.E0,0.E0));
#6847=AXIS2_PLACEMENT_3D('',#6844,#6845,#6846);
#6848=PLANE('',#6847);
#6849=ORIENTED_EDGE('',*,*,#4520,.T.);
#6850=ORIENTED_EDGE('',*,*,#4429,.T.);
#6851=ORIENTED_EDGE('',*,*,#5287,.T.);
#6852=ORIENTED_EDGE('',*,*,#6729,.T.);
#6853=EDGE_LOOP('',(#6849,#6850,#6851,#6852));
#6854=FACE_OUTER_BOUND('',#6853,.F.);
#6855=ADVANCED_FACE('',(#6854),#6848,.F.);
#6856=CARTESIAN_POINT('',(-3.085E0,1.585E0,3.47E0));
#6857=DIRECTION('',(-1.E0,0.E0,0.E0));
#6858=DIRECTION('',(0.E0,-1.E0,0.E0));
#6859=AXIS2_PLACEMENT_3D('',#6856,#6857,#6858);
#6860=PLANE('',#6859);
#6861=ORIENTED_EDGE('',*,*,#4524,.T.);
#6862=ORIENTED_EDGE('',*,*,#6732,.F.);
#6863=ORIENTED_EDGE('',*,*,#5283,.F.);
#6864=ORIENTED_EDGE('',*,*,#4361,.F.);
#6865=EDGE_LOOP('',(#6861,#6862,#6863,#6864));
#6866=FACE_OUTER_BOUND('',#6865,.F.);
#6867=ADVANCED_FACE('',(#6866),#6860,.F.);
#6868=CARTESIAN_POINT('',(-4.865E0,-1.585E0,3.47E0));
#6869=DIRECTION('',(1.E0,0.E0,0.E0));
#6870=DIRECTION('',(0.E0,1.E0,0.E0));
#6871=AXIS2_PLACEMENT_3D('',#6868,#6869,#6870);
#6872=PLANE('',#6871);
#6873=ORIENTED_EDGE('',*,*,#4050,.T.);
#6875=ORIENTED_EDGE('',*,*,#6874,.F.);
#6876=ORIENTED_EDGE('',*,*,#5212,.F.);
#6877=ORIENTED_EDGE('',*,*,#4954,.F.);
#6878=EDGE_LOOP('',(#6873,#6875,#6876,#6877));
#6879=FACE_OUTER_BOUND('',#6878,.F.);
#6880=ADVANCED_FACE('',(#6879),#6872,.F.);
#6881=CARTESIAN_POINT('',(-4.865E0,-1.205E0,3.47E0));
#6882=DIRECTION('',(0.E0,1.E0,0.E0));
#6883=DIRECTION('',(-1.E0,0.E0,0.E0));
#6884=AXIS2_PLACEMENT_3D('',#6881,#6882,#6883);
#6885=PLANE('',#6884);
#6886=ORIENTED_EDGE('',*,*,#4048,.T.);
#6888=ORIENTED_EDGE('',*,*,#6887,.F.);
#6889=ORIENTED_EDGE('',*,*,#5214,.F.);
#6890=ORIENTED_EDGE('',*,*,#6874,.T.);
#6891=EDGE_LOOP('',(#6886,#6888,#6889,#6890));
#6892=FACE_OUTER_BOUND('',#6891,.F.);
#6894=ORIENTED_EDGE('',*,*,#6893,.F.);
#6896=ORIENTED_EDGE('',*,*,#6895,.F.);
#6897=EDGE_LOOP('',(#6894,#6896));
#6898=FACE_BOUND('',#6897,.F.);
#6899=ADVANCED_FACE('',(#6892,#6898),#6885,.F.);
#6900=CARTESIAN_POINT('',(-7.045E0,-1.205E0,3.47E0));
#6901=DIRECTION('',(-1.E0,0.E0,0.E0));
#6902=DIRECTION('',(0.E0,-1.E0,0.E0));
#6903=AXIS2_PLACEMENT_3D('',#6900,#6901,#6902);
#6904=PLANE('',#6903);
#6905=ORIENTED_EDGE('',*,*,#4046,.F.);
#6906=ORIENTED_EDGE('',*,*,#4926,.T.);
#6907=ORIENTED_EDGE('',*,*,#5216,.T.);
#6908=ORIENTED_EDGE('',*,*,#6887,.T.);
#6909=EDGE_LOOP('',(#6905,#6906,#6907,#6908));
#6910=FACE_OUTER_BOUND('',#6909,.F.);
#6911=ADVANCED_FACE('',(#6910),#6904,.F.);
#6912=CARTESIAN_POINT('',(-5.955E0,-6.9875E0,0.E0));
#6913=DIRECTION('',(0.E0,1.E0,0.E0));
#6914=DIRECTION('',(1.E0,0.E0,0.E0));
#6915=AXIS2_PLACEMENT_3D('',#6912,#6913,#6914);
#6916=CYLINDRICAL_SURFACE('',#6915,5.7E-1);
#6918=ORIENTED_EDGE('',*,*,#6917,.F.);
#6920=ORIENTED_EDGE('',*,*,#6919,.T.);
#6922=ORIENTED_EDGE('',*,*,#6921,.T.);
#6924=ORIENTED_EDGE('',*,*,#6923,.F.);
#6925=EDGE_LOOP('',(#6918,#6920,#6922,#6924));
#6926=FACE_OUTER_BOUND('',#6925,.F.);
#6927=ADVANCED_FACE('',(#6926),#6916,.T.);
#6928=CARTESIAN_POINT('',(-5.955E0,-6.9875E0,0.E0));
#6929=DIRECTION('',(0.E0,1.E0,0.E0));
#6930=DIRECTION('',(1.E0,0.E0,0.E0));
#6931=AXIS2_PLACEMENT_3D('',#6928,#6929,#6930);
#6932=CYLINDRICAL_SURFACE('',#6931,5.7E-1);
#6933=ORIENTED_EDGE('',*,*,#6893,.T.);
#6935=ORIENTED_EDGE('',*,*,#6934,.F.);
#6937=ORIENTED_EDGE('',*,*,#6936,.F.);
#6939=ORIENTED_EDGE('',*,*,#6938,.T.);
#6940=EDGE_LOOP('',(#6933,#6935,#6937,#6939));
#6941=FACE_OUTER_BOUND('',#6940,.F.);
#6942=ADVANCED_FACE('',(#6941),#6932,.T.);
#6943=CARTESIAN_POINT('',(-7.045E0,1.205E0,3.47E0));
#6944=DIRECTION('',(0.E0,-1.E0,0.E0));
#6945=DIRECTION('',(1.E0,0.E0,0.E0));
#6946=AXIS2_PLACEMENT_3D('',#6943,#6944,#6945);
#6947=PLANE('',#6946);
#6948=ORIENTED_EDGE('',*,*,#4529,.T.);
#6950=ORIENTED_EDGE('',*,*,#6949,.F.);
#6951=ORIENTED_EDGE('',*,*,#5278,.F.);
#6953=ORIENTED_EDGE('',*,*,#6952,.T.);
#6954=EDGE_LOOP('',(#6948,#6950,#6951,#6953));
#6955=FACE_OUTER_BOUND('',#6954,.F.);
#6956=ORIENTED_EDGE('',*,*,#6917,.T.);
#6958=ORIENTED_EDGE('',*,*,#6957,.T.);
#6959=EDGE_LOOP('',(#6956,#6958));
#6960=FACE_BOUND('',#6959,.F.);
#6961=ADVANCED_FACE('',(#6955,#6960),#6947,.F.);
#6962=CARTESIAN_POINT('',(-5.955E0,-6.9875E0,0.E0));
#6963=DIRECTION('',(0.E0,1.E0,0.E0));
#6964=DIRECTION('',(1.E0,0.E0,0.E0));
#6965=AXIS2_PLACEMENT_3D('',#6962,#6963,#6964);
#6966=CYLINDRICAL_SURFACE('',#6965,5.7E-1);
#6967=ORIENTED_EDGE('',*,*,#6957,.F.);
#6968=ORIENTED_EDGE('',*,*,#6923,.T.);
#6970=ORIENTED_EDGE('',*,*,#6969,.F.);
#6971=ORIENTED_EDGE('',*,*,#6919,.F.);
#6972=EDGE_LOOP('',(#6967,#6968,#6970,#6971));
#6973=FACE_OUTER_BOUND('',#6972,.F.);
#6974=ADVANCED_FACE('',(#6973),#6966,.T.);
#6975=CARTESIAN_POINT('',(-5.955E0,-6.9875E0,0.E0));
#6976=DIRECTION('',(0.E0,1.E0,0.E0));
#6977=DIRECTION('',(1.E0,0.E0,0.E0));
#6978=AXIS2_PLACEMENT_3D('',#6975,#6976,#6977);
#6979=CYLINDRICAL_SURFACE('',#6978,5.7E-1);
#6980=ORIENTED_EDGE('',*,*,#6895,.T.);
#6981=ORIENTED_EDGE('',*,*,#6938,.F.);
#6983=ORIENTED_EDGE('',*,*,#6982,.T.);
#6984=ORIENTED_EDGE('',*,*,#6934,.T.);
#6985=EDGE_LOOP('',(#6980,#6981,#6983,#6984));
#6986=FACE_OUTER_BOUND('',#6985,.F.);
#6987=ADVANCED_FACE('',(#6986),#6979,.T.);
#6988=CARTESIAN_POINT('',(-5.955E0,1.257E1,0.E0));
#6989=DIRECTION('',(0.E0,-1.E0,0.E0));
#6990=DIRECTION('',(-1.E0,0.E0,0.E0));
#6991=AXIS2_PLACEMENT_3D('',#6988,#6989,#6990);
#6992=CONICAL_SURFACE('',#6991,4.E-1,2.090798047101E1);
#6994=ORIENTED_EDGE('',*,*,#6993,.F.);
#6995=ORIENTED_EDGE('',*,*,#6969,.T.);
#6997=ORIENTED_EDGE('',*,*,#6996,.T.);
#6999=ORIENTED_EDGE('',*,*,#6998,.F.);
#7000=EDGE_LOOP('',(#6994,#6995,#6997,#6999));
#7001=FACE_OUTER_BOUND('',#7000,.F.);
#7002=ADVANCED_FACE('',(#7001),#6992,.T.);
#7003=CARTESIAN_POINT('',(-5.955E0,1.257E1,0.E0));
#7004=DIRECTION('',(0.E0,-1.E0,0.E0));
#7005=DIRECTION('',(-1.E0,0.E0,0.E0));
#7006=AXIS2_PLACEMENT_3D('',#7003,#7004,#7005);
#7007=CONICAL_SURFACE('',#7006,4.E-1,2.090798047101E1);
#7008=ORIENTED_EDGE('',*,*,#6993,.T.);
#7010=ORIENTED_EDGE('',*,*,#7009,.T.);
#7011=ORIENTED_EDGE('',*,*,#6996,.F.);
#7012=ORIENTED_EDGE('',*,*,#6921,.F.);
#7013=EDGE_LOOP('',(#7008,#7010,#7011,#7012));
#7014=FACE_OUTER_BOUND('',#7013,.F.);
#7015=ADVANCED_FACE('',(#7014),#7007,.T.);
#7016=CARTESIAN_POINT('',(-5.955E0,1.3015E1,0.E0));
#7017=DIRECTION('',(0.E0,1.E0,0.E0));
#7018=DIRECTION('',(1.E0,0.E0,0.E0));
#7019=AXIS2_PLACEMENT_3D('',#7016,#7017,#7018);
#7020=PLANE('',#7019);
#7021=ORIENTED_EDGE('',*,*,#6998,.T.);
#7022=ORIENTED_EDGE('',*,*,#7009,.F.);
#7023=EDGE_LOOP('',(#7021,#7022));
#7024=FACE_OUTER_BOUND('',#7023,.F.);
#7025=ADVANCED_FACE('',(#7024),#7020,.T.);
#7026=CARTESIAN_POINT('',(-5.955E0,-5.59E0,0.E0));
#7027=DIRECTION('',(0.E0,1.E0,0.E0));
#7028=DIRECTION('',(1.E0,0.E0,0.E0));
#7029=AXIS2_PLACEMENT_3D('',#7026,#7027,#7028);
#7030=CONICAL_SURFACE('',#7029,4.E-1,2.090798047101E1);
#7032=ORIENTED_EDGE('',*,*,#7031,.F.);
#7034=ORIENTED_EDGE('',*,*,#7033,.T.);
#7036=ORIENTED_EDGE('',*,*,#7035,.T.);
#7037=ORIENTED_EDGE('',*,*,#6982,.F.);
#7038=EDGE_LOOP('',(#7032,#7034,#7036,#7037));
#7039=FACE_OUTER_BOUND('',#7038,.F.);
#7040=ADVANCED_FACE('',(#7039),#7030,.T.);
#7041=CARTESIAN_POINT('',(-5.955E0,-5.59E0,0.E0));
#7042=DIRECTION('',(0.E0,1.E0,0.E0));
#7043=DIRECTION('',(1.E0,0.E0,0.E0));
#7044=AXIS2_PLACEMENT_3D('',#7041,#7042,#7043);
#7045=CONICAL_SURFACE('',#7044,4.E-1,2.090798047101E1);
#7046=ORIENTED_EDGE('',*,*,#7031,.T.);
#7047=ORIENTED_EDGE('',*,*,#6936,.T.);
#7048=ORIENTED_EDGE('',*,*,#7035,.F.);
#7050=ORIENTED_EDGE('',*,*,#7049,.F.);
#7051=EDGE_LOOP('',(#7046,#7047,#7048,#7050));
#7052=FACE_OUTER_BOUND('',#7051,.F.);
#7053=ADVANCED_FACE('',(#7052),#7045,.T.);
#7054=CARTESIAN_POINT('',(-5.955E0,-6.035E0,0.E0));
#7055=DIRECTION('',(0.E0,1.E0,0.E0));
#7056=DIRECTION('',(1.E0,0.E0,0.E0));
#7057=AXIS2_PLACEMENT_3D('',#7054,#7055,#7056);
#7058=PLANE('',#7057);
#7059=ORIENTED_EDGE('',*,*,#7033,.F.);
#7060=ORIENTED_EDGE('',*,*,#7049,.T.);
#7061=EDGE_LOOP('',(#7059,#7060));
#7062=FACE_OUTER_BOUND('',#7061,.F.);
#7063=ADVANCED_FACE('',(#7062),#7058,.F.);
#7064=CARTESIAN_POINT('',(-4.865E0,1.205E0,3.47E0));
#7065=DIRECTION('',(1.E0,0.E0,0.E0));
#7066=DIRECTION('',(0.E0,1.E0,0.E0));
#7067=AXIS2_PLACEMENT_3D('',#7064,#7065,#7066);
#7068=PLANE('',#7067);
#7069=ORIENTED_EDGE('',*,*,#4527,.T.);
#7070=ORIENTED_EDGE('',*,*,#4357,.T.);
#7071=ORIENTED_EDGE('',*,*,#5280,.T.);
#7072=ORIENTED_EDGE('',*,*,#6949,.T.);
#7073=EDGE_LOOP('',(#7069,#7070,#7071,#7072));
#7074=FACE_OUTER_BOUND('',#7073,.F.);
#7075=ADVANCED_FACE('',(#7074),#7068,.F.);
#7076=CARTESIAN_POINT('',(-7.045E0,1.585E0,3.47E0));
#7077=DIRECTION('',(-1.E0,0.E0,0.E0));
#7078=DIRECTION('',(0.E0,-1.E0,0.E0));
#7079=AXIS2_PLACEMENT_3D('',#7076,#7077,#7078);
#7080=PLANE('',#7079);
#7081=ORIENTED_EDGE('',*,*,#4531,.T.);
#7082=ORIENTED_EDGE('',*,*,#6952,.F.);
#7083=ORIENTED_EDGE('',*,*,#5276,.F.);
#7084=ORIENTED_EDGE('',*,*,#4335,.F.);
#7085=EDGE_LOOP('',(#7081,#7082,#7083,#7084));
#7086=FACE_OUTER_BOUND('',#7085,.F.);
#7087=ADVANCED_FACE('',(#7086),#7080,.F.);
#7088=CARTESIAN_POINT('',(-8.825E0,-1.585E0,3.47E0));
#7089=DIRECTION('',(1.E0,0.E0,0.E0));
#7090=DIRECTION('',(0.E0,1.E0,0.E0));
#7091=AXIS2_PLACEMENT_3D('',#7088,#7089,#7090);
#7092=PLANE('',#7091);
#7093=ORIENTED_EDGE('',*,*,#4042,.T.);
#7095=ORIENTED_EDGE('',*,*,#7094,.F.);
#7096=ORIENTED_EDGE('',*,*,#5219,.F.);
#7097=ORIENTED_EDGE('',*,*,#4929,.F.);
#7098=EDGE_LOOP('',(#7093,#7095,#7096,#7097));
#7099=FACE_OUTER_BOUND('',#7098,.F.);
#7100=ADVANCED_FACE('',(#7099),#7092,.F.);
#7101=CARTESIAN_POINT('',(-8.825E0,-1.205E0,3.47E0));
#7102=DIRECTION('',(0.E0,1.E0,0.E0));
#7103=DIRECTION('',(-1.E0,0.E0,0.E0));
#7104=AXIS2_PLACEMENT_3D('',#7101,#7102,#7103);
#7105=PLANE('',#7104);
#7106=ORIENTED_EDGE('',*,*,#4040,.T.);
#7108=ORIENTED_EDGE('',*,*,#7107,.F.);
#7109=ORIENTED_EDGE('',*,*,#5221,.F.);
#7110=ORIENTED_EDGE('',*,*,#7094,.T.);
#7111=EDGE_LOOP('',(#7106,#7108,#7109,#7110));
#7112=FACE_OUTER_BOUND('',#7111,.F.);
#7114=ORIENTED_EDGE('',*,*,#7113,.F.);
#7116=ORIENTED_EDGE('',*,*,#7115,.F.);
#7117=EDGE_LOOP('',(#7114,#7116));
#7118=FACE_BOUND('',#7117,.F.);
#7119=ADVANCED_FACE('',(#7112,#7118),#7105,.F.);
#7120=CARTESIAN_POINT('',(-1.1005E1,-1.205E0,3.47E0));
#7121=DIRECTION('',(-1.E0,0.E0,0.E0));
#7122=DIRECTION('',(0.E0,-1.E0,0.E0));
#7123=AXIS2_PLACEMENT_3D('',#7120,#7121,#7122);
#7124=PLANE('',#7123);
#7125=ORIENTED_EDGE('',*,*,#4038,.F.);
#7126=ORIENTED_EDGE('',*,*,#4901,.T.);
#7127=ORIENTED_EDGE('',*,*,#5223,.T.);
#7128=ORIENTED_EDGE('',*,*,#7107,.T.);
#7129=EDGE_LOOP('',(#7125,#7126,#7127,#7128));
#7130=FACE_OUTER_BOUND('',#7129,.F.);
#7131=ADVANCED_FACE('',(#7130),#7124,.F.);
#7132=CARTESIAN_POINT('',(-9.915E0,-6.9875E0,0.E0));
#7133=DIRECTION('',(0.E0,1.E0,0.E0));
#7134=DIRECTION('',(1.E0,0.E0,0.E0));
#7135=AXIS2_PLACEMENT_3D('',#7132,#7133,#7134);
#7136=CYLINDRICAL_SURFACE('',#7135,5.7E-1);
#7138=ORIENTED_EDGE('',*,*,#7137,.F.);
#7140=ORIENTED_EDGE('',*,*,#7139,.T.);
#7142=ORIENTED_EDGE('',*,*,#7141,.T.);
#7144=ORIENTED_EDGE('',*,*,#7143,.F.);
#7145=EDGE_LOOP('',(#7138,#7140,#7142,#7144));
#7146=FACE_OUTER_BOUND('',#7145,.F.);
#7147=ADVANCED_FACE('',(#7146),#7136,.T.);
#7148=CARTESIAN_POINT('',(-9.915E0,-6.9875E0,0.E0));
#7149=DIRECTION('',(0.E0,1.E0,0.E0));
#7150=DIRECTION('',(1.E0,0.E0,0.E0));
#7151=AXIS2_PLACEMENT_3D('',#7148,#7149,#7150);
#7152=CYLINDRICAL_SURFACE('',#7151,5.7E-1);
#7153=ORIENTED_EDGE('',*,*,#7113,.T.);
#7155=ORIENTED_EDGE('',*,*,#7154,.F.);
#7157=ORIENTED_EDGE('',*,*,#7156,.F.);
#7159=ORIENTED_EDGE('',*,*,#7158,.T.);
#7160=EDGE_LOOP('',(#7153,#7155,#7157,#7159));
#7161=FACE_OUTER_BOUND('',#7160,.F.);
#7162=ADVANCED_FACE('',(#7161),#7152,.T.);
#7163=CARTESIAN_POINT('',(-1.1005E1,1.205E0,3.47E0));
#7164=DIRECTION('',(0.E0,-1.E0,0.E0));
#7165=DIRECTION('',(1.E0,0.E0,0.E0));
#7166=AXIS2_PLACEMENT_3D('',#7163,#7164,#7165);
#7167=PLANE('',#7166);
#7168=ORIENTED_EDGE('',*,*,#4536,.T.);
#7170=ORIENTED_EDGE('',*,*,#7169,.F.);
#7171=ORIENTED_EDGE('',*,*,#5271,.F.);
#7173=ORIENTED_EDGE('',*,*,#7172,.T.);
#7174=EDGE_LOOP('',(#7168,#7170,#7171,#7173));
#7175=FACE_OUTER_BOUND('',#7174,.F.);
#7176=ORIENTED_EDGE('',*,*,#7137,.T.);
#7178=ORIENTED_EDGE('',*,*,#7177,.T.);
#7179=EDGE_LOOP('',(#7176,#7178));
#7180=FACE_BOUND('',#7179,.F.);
#7181=ADVANCED_FACE('',(#7175,#7180),#7167,.F.);
#7182=CARTESIAN_POINT('',(-9.915E0,-6.9875E0,0.E0));
#7183=DIRECTION('',(0.E0,1.E0,0.E0));
#7184=DIRECTION('',(1.E0,0.E0,0.E0));
#7185=AXIS2_PLACEMENT_3D('',#7182,#7183,#7184);
#7186=CYLINDRICAL_SURFACE('',#7185,5.7E-1);
#7187=ORIENTED_EDGE('',*,*,#7177,.F.);
#7188=ORIENTED_EDGE('',*,*,#7143,.T.);
#7190=ORIENTED_EDGE('',*,*,#7189,.F.);
#7191=ORIENTED_EDGE('',*,*,#7139,.F.);
#7192=EDGE_LOOP('',(#7187,#7188,#7190,#7191));
#7193=FACE_OUTER_BOUND('',#7192,.F.);
#7194=ADVANCED_FACE('',(#7193),#7186,.T.);
#7195=CARTESIAN_POINT('',(-9.915E0,-6.9875E0,0.E0));
#7196=DIRECTION('',(0.E0,1.E0,0.E0));
#7197=DIRECTION('',(1.E0,0.E0,0.E0));
#7198=AXIS2_PLACEMENT_3D('',#7195,#7196,#7197);
#7199=CYLINDRICAL_SURFACE('',#7198,5.7E-1);
#7200=ORIENTED_EDGE('',*,*,#7115,.T.);
#7201=ORIENTED_EDGE('',*,*,#7158,.F.);
#7203=ORIENTED_EDGE('',*,*,#7202,.T.);
#7204=ORIENTED_EDGE('',*,*,#7154,.T.);
#7205=EDGE_LOOP('',(#7200,#7201,#7203,#7204));
#7206=FACE_OUTER_BOUND('',#7205,.F.);
#7207=ADVANCED_FACE('',(#7206),#7199,.T.);
#7208=CARTESIAN_POINT('',(-9.915E0,1.257E1,0.E0));
#7209=DIRECTION('',(0.E0,-1.E0,0.E0));
#7210=DIRECTION('',(-1.E0,0.E0,0.E0));
#7211=AXIS2_PLACEMENT_3D('',#7208,#7209,#7210);
#7212=CONICAL_SURFACE('',#7211,4.E-1,2.090798047101E1);
#7214=ORIENTED_EDGE('',*,*,#7213,.F.);
#7215=ORIENTED_EDGE('',*,*,#7189,.T.);
#7217=ORIENTED_EDGE('',*,*,#7216,.T.);
#7219=ORIENTED_EDGE('',*,*,#7218,.F.);
#7220=EDGE_LOOP('',(#7214,#7215,#7217,#7219));
#7221=FACE_OUTER_BOUND('',#7220,.F.);
#7222=ADVANCED_FACE('',(#7221),#7212,.T.);
#7223=CARTESIAN_POINT('',(-9.915E0,1.257E1,0.E0));
#7224=DIRECTION('',(0.E0,-1.E0,0.E0));
#7225=DIRECTION('',(-1.E0,0.E0,0.E0));
#7226=AXIS2_PLACEMENT_3D('',#7223,#7224,#7225);
#7227=CONICAL_SURFACE('',#7226,4.E-1,2.090798047101E1);
#7228=ORIENTED_EDGE('',*,*,#7213,.T.);
#7230=ORIENTED_EDGE('',*,*,#7229,.T.);
#7231=ORIENTED_EDGE('',*,*,#7216,.F.);
#7232=ORIENTED_EDGE('',*,*,#7141,.F.);
#7233=EDGE_LOOP('',(#7228,#7230,#7231,#7232));
#7234=FACE_OUTER_BOUND('',#7233,.F.);
#7235=ADVANCED_FACE('',(#7234),#7227,.T.);
#7236=CARTESIAN_POINT('',(-9.915E0,1.3015E1,0.E0));
#7237=DIRECTION('',(0.E0,1.E0,0.E0));
#7238=DIRECTION('',(1.E0,0.E0,0.E0));
#7239=AXIS2_PLACEMENT_3D('',#7236,#7237,#7238);
#7240=PLANE('',#7239);
#7241=ORIENTED_EDGE('',*,*,#7218,.T.);
#7242=ORIENTED_EDGE('',*,*,#7229,.F.);
#7243=EDGE_LOOP('',(#7241,#7242));
#7244=FACE_OUTER_BOUND('',#7243,.F.);
#7245=ADVANCED_FACE('',(#7244),#7240,.T.);
#7246=CARTESIAN_POINT('',(-9.915E0,-5.59E0,0.E0));
#7247=DIRECTION('',(0.E0,1.E0,0.E0));
#7248=DIRECTION('',(1.E0,0.E0,0.E0));
#7249=AXIS2_PLACEMENT_3D('',#7246,#7247,#7248);
#7250=CONICAL_SURFACE('',#7249,4.E-1,2.090798047101E1);
#7252=ORIENTED_EDGE('',*,*,#7251,.F.);
#7254=ORIENTED_EDGE('',*,*,#7253,.T.);
#7256=ORIENTED_EDGE('',*,*,#7255,.T.);
#7257=ORIENTED_EDGE('',*,*,#7202,.F.);
#7258=EDGE_LOOP('',(#7252,#7254,#7256,#7257));
#7259=FACE_OUTER_BOUND('',#7258,.F.);
#7260=ADVANCED_FACE('',(#7259),#7250,.T.);
#7261=CARTESIAN_POINT('',(-9.915E0,-5.59E0,0.E0));
#7262=DIRECTION('',(0.E0,1.E0,0.E0));
#7263=DIRECTION('',(1.E0,0.E0,0.E0));
#7264=AXIS2_PLACEMENT_3D('',#7261,#7262,#7263);
#7265=CONICAL_SURFACE('',#7264,4.E-1,2.090798047101E1);
#7266=ORIENTED_EDGE('',*,*,#7251,.T.);
#7267=ORIENTED_EDGE('',*,*,#7156,.T.);
#7268=ORIENTED_EDGE('',*,*,#7255,.F.);
#7270=ORIENTED_EDGE('',*,*,#7269,.F.);
#7271=EDGE_LOOP('',(#7266,#7267,#7268,#7270));
#7272=FACE_OUTER_BOUND('',#7271,.F.);
#7273=ADVANCED_FACE('',(#7272),#7265,.T.);
#7274=CARTESIAN_POINT('',(-9.915E0,-6.035E0,0.E0));
#7275=DIRECTION('',(0.E0,1.E0,0.E0));
#7276=DIRECTION('',(1.E0,0.E0,0.E0));
#7277=AXIS2_PLACEMENT_3D('',#7274,#7275,#7276);
#7278=PLANE('',#7277);
#7279=ORIENTED_EDGE('',*,*,#7253,.F.);
#7280=ORIENTED_EDGE('',*,*,#7269,.T.);
#7281=EDGE_LOOP('',(#7279,#7280));
#7282=FACE_OUTER_BOUND('',#7281,.F.);
#7283=ADVANCED_FACE('',(#7282),#7278,.F.);
#7284=CARTESIAN_POINT('',(-8.825E0,1.205E0,3.47E0));
#7285=DIRECTION('',(1.E0,0.E0,0.E0));
#7286=DIRECTION('',(0.E0,1.E0,0.E0));
#7287=AXIS2_PLACEMENT_3D('',#7284,#7285,#7286);
#7288=PLANE('',#7287);
#7289=ORIENTED_EDGE('',*,*,#4534,.T.);
#7290=ORIENTED_EDGE('',*,*,#4331,.T.);
#7291=ORIENTED_EDGE('',*,*,#5273,.T.);
#7292=ORIENTED_EDGE('',*,*,#7169,.T.);
#7293=EDGE_LOOP('',(#7289,#7290,#7291,#7292));
#7294=FACE_OUTER_BOUND('',#7293,.F.);
#7295=ADVANCED_FACE('',(#7294),#7288,.F.);
#7296=CARTESIAN_POINT('',(-1.1005E1,1.585E0,3.47E0));
#7297=DIRECTION('',(-1.E0,0.E0,0.E0));
#7298=DIRECTION('',(0.E0,-1.E0,0.E0));
#7299=AXIS2_PLACEMENT_3D('',#7296,#7297,#7298);
#7300=PLANE('',#7299);
#7301=ORIENTED_EDGE('',*,*,#4538,.T.);
#7302=ORIENTED_EDGE('',*,*,#7172,.F.);
#7303=ORIENTED_EDGE('',*,*,#5269,.F.);
#7304=ORIENTED_EDGE('',*,*,#4392,.F.);
#7305=EDGE_LOOP('',(#7301,#7302,#7303,#7304));
#7306=FACE_OUTER_BOUND('',#7305,.F.);
#7307=ADVANCED_FACE('',(#7306),#7300,.F.);
#7308=CARTESIAN_POINT('',(-1.2785E1,-1.585E0,3.47E0));
#7309=DIRECTION('',(1.E0,0.E0,0.E0));
#7310=DIRECTION('',(0.E0,1.E0,0.E0));
#7311=AXIS2_PLACEMENT_3D('',#7308,#7309,#7310);
#7312=PLANE('',#7311);
#7313=ORIENTED_EDGE('',*,*,#4034,.T.);
#7315=ORIENTED_EDGE('',*,*,#7314,.F.);
#7316=ORIENTED_EDGE('',*,*,#5226,.F.);
#7317=ORIENTED_EDGE('',*,*,#4904,.F.);
#7318=EDGE_LOOP('',(#7313,#7315,#7316,#7317));
#7319=FACE_OUTER_BOUND('',#7318,.F.);
#7320=ADVANCED_FACE('',(#7319),#7312,.F.);
#7321=CARTESIAN_POINT('',(-1.2785E1,-1.205E0,3.47E0));
#7322=DIRECTION('',(0.E0,1.E0,0.E0));
#7323=DIRECTION('',(-1.E0,0.E0,0.E0));
#7324=AXIS2_PLACEMENT_3D('',#7321,#7322,#7323);
#7325=PLANE('',#7324);
#7326=ORIENTED_EDGE('',*,*,#4032,.T.);
#7328=ORIENTED_EDGE('',*,*,#7327,.F.);
#7329=ORIENTED_EDGE('',*,*,#5228,.F.);
#7330=ORIENTED_EDGE('',*,*,#7314,.T.);
#7331=EDGE_LOOP('',(#7326,#7328,#7329,#7330));
#7332=FACE_OUTER_BOUND('',#7331,.F.);
#7334=ORIENTED_EDGE('',*,*,#7333,.F.);
#7336=ORIENTED_EDGE('',*,*,#7335,.F.);
#7337=EDGE_LOOP('',(#7334,#7336));
#7338=FACE_BOUND('',#7337,.F.);
#7339=ADVANCED_FACE('',(#7332,#7338),#7325,.F.);
#7340=CARTESIAN_POINT('',(-1.4965E1,-1.205E0,3.47E0));
#7341=DIRECTION('',(-1.E0,0.E0,0.E0));
#7342=DIRECTION('',(0.E0,-1.E0,0.E0));
#7343=AXIS2_PLACEMENT_3D('',#7340,#7341,#7342);
#7344=PLANE('',#7343);
#7345=ORIENTED_EDGE('',*,*,#4030,.F.);
#7346=ORIENTED_EDGE('',*,*,#4876,.T.);
#7347=ORIENTED_EDGE('',*,*,#5230,.T.);
#7348=ORIENTED_EDGE('',*,*,#7327,.T.);
#7349=EDGE_LOOP('',(#7345,#7346,#7347,#7348));
#7350=FACE_OUTER_BOUND('',#7349,.F.);
#7351=ADVANCED_FACE('',(#7350),#7344,.F.);
#7352=CARTESIAN_POINT('',(-1.3875E1,-6.9875E0,0.E0));
#7353=DIRECTION('',(0.E0,1.E0,0.E0));
#7354=DIRECTION('',(1.E0,0.E0,0.E0));
#7355=AXIS2_PLACEMENT_3D('',#7352,#7353,#7354);
#7356=CYLINDRICAL_SURFACE('',#7355,5.7E-1);
#7358=ORIENTED_EDGE('',*,*,#7357,.F.);
#7360=ORIENTED_EDGE('',*,*,#7359,.T.);
#7362=ORIENTED_EDGE('',*,*,#7361,.T.);
#7364=ORIENTED_EDGE('',*,*,#7363,.F.);
#7365=EDGE_LOOP('',(#7358,#7360,#7362,#7364));
#7366=FACE_OUTER_BOUND('',#7365,.F.);
#7367=ADVANCED_FACE('',(#7366),#7356,.T.);
#7368=CARTESIAN_POINT('',(-1.3875E1,-6.9875E0,0.E0));
#7369=DIRECTION('',(0.E0,1.E0,0.E0));
#7370=DIRECTION('',(1.E0,0.E0,0.E0));
#7371=AXIS2_PLACEMENT_3D('',#7368,#7369,#7370);
#7372=CYLINDRICAL_SURFACE('',#7371,5.7E-1);
#7373=ORIENTED_EDGE('',*,*,#7333,.T.);
#7375=ORIENTED_EDGE('',*,*,#7374,.F.);
#7377=ORIENTED_EDGE('',*,*,#7376,.F.);
#7379=ORIENTED_EDGE('',*,*,#7378,.T.);
#7380=EDGE_LOOP('',(#7373,#7375,#7377,#7379));
#7381=FACE_OUTER_BOUND('',#7380,.F.);
#7382=ADVANCED_FACE('',(#7381),#7372,.T.);
#7383=CARTESIAN_POINT('',(-1.4965E1,1.205E0,3.47E0));
#7384=DIRECTION('',(0.E0,-1.E0,0.E0));
#7385=DIRECTION('',(1.E0,0.E0,0.E0));
#7386=AXIS2_PLACEMENT_3D('',#7383,#7384,#7385);
#7387=PLANE('',#7386);
#7388=ORIENTED_EDGE('',*,*,#4486,.T.);
#7390=ORIENTED_EDGE('',*,*,#7389,.F.);
#7391=ORIENTED_EDGE('',*,*,#5264,.F.);
#7393=ORIENTED_EDGE('',*,*,#7392,.T.);
#7394=EDGE_LOOP('',(#7388,#7390,#7391,#7393));
#7395=FACE_OUTER_BOUND('',#7394,.F.);
#7396=ORIENTED_EDGE('',*,*,#7357,.T.);
#7398=ORIENTED_EDGE('',*,*,#7397,.T.);
#7399=EDGE_LOOP('',(#7396,#7398));
#7400=FACE_BOUND('',#7399,.F.);
#7401=ADVANCED_FACE('',(#7395,#7400),#7387,.F.);
#7402=CARTESIAN_POINT('',(-1.3875E1,-6.9875E0,0.E0));
#7403=DIRECTION('',(0.E0,1.E0,0.E0));
#7404=DIRECTION('',(1.E0,0.E0,0.E0));
#7405=AXIS2_PLACEMENT_3D('',#7402,#7403,#7404);
#7406=CYLINDRICAL_SURFACE('',#7405,5.7E-1);
#7407=ORIENTED_EDGE('',*,*,#7397,.F.);
#7408=ORIENTED_EDGE('',*,*,#7363,.T.);
#7410=ORIENTED_EDGE('',*,*,#7409,.F.);
#7411=ORIENTED_EDGE('',*,*,#7359,.F.);
#7412=EDGE_LOOP('',(#7407,#7408,#7410,#7411));
#7413=FACE_OUTER_BOUND('',#7412,.F.);
#7414=ADVANCED_FACE('',(#7413),#7406,.T.);
#7415=CARTESIAN_POINT('',(-1.3875E1,-6.9875E0,0.E0));
#7416=DIRECTION('',(0.E0,1.E0,0.E0));
#7417=DIRECTION('',(1.E0,0.E0,0.E0));
#7418=AXIS2_PLACEMENT_3D('',#7415,#7416,#7417);
#7419=CYLINDRICAL_SURFACE('',#7418,5.7E-1);
#7420=ORIENTED_EDGE('',*,*,#7335,.T.);
#7421=ORIENTED_EDGE('',*,*,#7378,.F.);
#7423=ORIENTED_EDGE('',*,*,#7422,.T.);
#7424=ORIENTED_EDGE('',*,*,#7374,.T.);
#7425=EDGE_LOOP('',(#7420,#7421,#7423,#7424));
#7426=FACE_OUTER_BOUND('',#7425,.F.);
#7427=ADVANCED_FACE('',(#7426),#7419,.T.);
#7428=CARTESIAN_POINT('',(-1.3875E1,1.257E1,0.E0));
#7429=DIRECTION('',(0.E0,-1.E0,0.E0));
#7430=DIRECTION('',(-1.E0,0.E0,0.E0));
#7431=AXIS2_PLACEMENT_3D('',#7428,#7429,#7430);
#7432=CONICAL_SURFACE('',#7431,4.E-1,2.090798047101E1);
#7434=ORIENTED_EDGE('',*,*,#7433,.F.);
#7435=ORIENTED_EDGE('',*,*,#7409,.T.);
#7437=ORIENTED_EDGE('',*,*,#7436,.T.);
#7439=ORIENTED_EDGE('',*,*,#7438,.F.);
#7440=EDGE_LOOP('',(#7434,#7435,#7437,#7439));
#7441=FACE_OUTER_BOUND('',#7440,.F.);
#7442=ADVANCED_FACE('',(#7441),#7432,.T.);
#7443=CARTESIAN_POINT('',(-1.3875E1,1.257E1,0.E0));
#7444=DIRECTION('',(0.E0,-1.E0,0.E0));
#7445=DIRECTION('',(-1.E0,0.E0,0.E0));
#7446=AXIS2_PLACEMENT_3D('',#7443,#7444,#7445);
#7447=CONICAL_SURFACE('',#7446,4.E-1,2.090798047101E1);
#7448=ORIENTED_EDGE('',*,*,#7433,.T.);
#7450=ORIENTED_EDGE('',*,*,#7449,.T.);
#7451=ORIENTED_EDGE('',*,*,#7436,.F.);
#7452=ORIENTED_EDGE('',*,*,#7361,.F.);
#7453=EDGE_LOOP('',(#7448,#7450,#7451,#7452));
#7454=FACE_OUTER_BOUND('',#7453,.F.);
#7455=ADVANCED_FACE('',(#7454),#7447,.T.);
#7456=CARTESIAN_POINT('',(-1.3875E1,1.3015E1,0.E0));
#7457=DIRECTION('',(0.E0,1.E0,0.E0));
#7458=DIRECTION('',(1.E0,0.E0,0.E0));
#7459=AXIS2_PLACEMENT_3D('',#7456,#7457,#7458);
#7460=PLANE('',#7459);
#7461=ORIENTED_EDGE('',*,*,#7438,.T.);
#7462=ORIENTED_EDGE('',*,*,#7449,.F.);
#7463=EDGE_LOOP('',(#7461,#7462));
#7464=FACE_OUTER_BOUND('',#7463,.F.);
#7465=ADVANCED_FACE('',(#7464),#7460,.T.);
#7466=CARTESIAN_POINT('',(-1.3875E1,-5.59E0,0.E0));
#7467=DIRECTION('',(0.E0,1.E0,0.E0));
#7468=DIRECTION('',(1.E0,0.E0,0.E0));
#7469=AXIS2_PLACEMENT_3D('',#7466,#7467,#7468);
#7470=CONICAL_SURFACE('',#7469,4.E-1,2.090798047101E1);
#7472=ORIENTED_EDGE('',*,*,#7471,.F.);
#7474=ORIENTED_EDGE('',*,*,#7473,.T.);
#7476=ORIENTED_EDGE('',*,*,#7475,.T.);
#7477=ORIENTED_EDGE('',*,*,#7422,.F.);
#7478=EDGE_LOOP('',(#7472,#7474,#7476,#7477));
#7479=FACE_OUTER_BOUND('',#7478,.F.);
#7480=ADVANCED_FACE('',(#7479),#7470,.T.);
#7481=CARTESIAN_POINT('',(-1.3875E1,-5.59E0,0.E0));
#7482=DIRECTION('',(0.E0,1.E0,0.E0));
#7483=DIRECTION('',(1.E0,0.E0,0.E0));
#7484=AXIS2_PLACEMENT_3D('',#7481,#7482,#7483);
#7485=CONICAL_SURFACE('',#7484,4.E-1,2.090798047101E1);
#7486=ORIENTED_EDGE('',*,*,#7471,.T.);
#7487=ORIENTED_EDGE('',*,*,#7376,.T.);
#7488=ORIENTED_EDGE('',*,*,#7475,.F.);
#7490=ORIENTED_EDGE('',*,*,#7489,.F.);
#7491=EDGE_LOOP('',(#7486,#7487,#7488,#7490));
#7492=FACE_OUTER_BOUND('',#7491,.F.);
#7493=ADVANCED_FACE('',(#7492),#7485,.T.);
#7494=CARTESIAN_POINT('',(-1.3875E1,-6.035E0,0.E0));
#7495=DIRECTION('',(0.E0,1.E0,0.E0));
#7496=DIRECTION('',(1.E0,0.E0,0.E0));
#7497=AXIS2_PLACEMENT_3D('',#7494,#7495,#7496);
#7498=PLANE('',#7497);
#7499=ORIENTED_EDGE('',*,*,#7473,.F.);
#7500=ORIENTED_EDGE('',*,*,#7489,.T.);
#7501=EDGE_LOOP('',(#7499,#7500));
#7502=FACE_OUTER_BOUND('',#7501,.F.);
#7503=ADVANCED_FACE('',(#7502),#7498,.F.);
#7504=CARTESIAN_POINT('',(-1.2785E1,1.205E0,3.47E0));
#7505=DIRECTION('',(1.E0,0.E0,0.E0));
#7506=DIRECTION('',(0.E0,1.E0,0.E0));
#7507=AXIS2_PLACEMENT_3D('',#7504,#7505,#7506);
#7508=PLANE('',#7507);
#7509=ORIENTED_EDGE('',*,*,#4484,.T.);
#7510=ORIENTED_EDGE('',*,*,#4396,.T.);
#7511=ORIENTED_EDGE('',*,*,#5266,.T.);
#7512=ORIENTED_EDGE('',*,*,#7389,.T.);
#7513=EDGE_LOOP('',(#7509,#7510,#7511,#7512));
#7514=FACE_OUTER_BOUND('',#7513,.F.);
#7515=ADVANCED_FACE('',(#7514),#7508,.F.);
#7516=CARTESIAN_POINT('',(-1.4965E1,1.585E0,3.47E0));
#7517=DIRECTION('',(-1.E0,0.E0,0.E0));
#7518=DIRECTION('',(0.E0,-1.E0,0.E0));
#7519=AXIS2_PLACEMENT_3D('',#7516,#7517,#7518);
#7520=PLANE('',#7519);
#7521=ORIENTED_EDGE('',*,*,#4488,.T.);
#7522=ORIENTED_EDGE('',*,*,#7392,.F.);
#7523=ORIENTED_EDGE('',*,*,#5262,.F.);
#7524=ORIENTED_EDGE('',*,*,#4309,.F.);
#7525=EDGE_LOOP('',(#7521,#7522,#7523,#7524));
#7526=FACE_OUTER_BOUND('',#7525,.F.);
#7527=ADVANCED_FACE('',(#7526),#7520,.F.);
#7528=CARTESIAN_POINT('',(-1.6745E1,-1.585E0,3.47E0));
#7529=DIRECTION('',(1.E0,0.E0,0.E0));
#7530=DIRECTION('',(0.E0,1.E0,0.E0));
#7531=AXIS2_PLACEMENT_3D('',#7528,#7529,#7530);
#7532=PLANE('',#7531);
#7533=ORIENTED_EDGE('',*,*,#4026,.T.);
#7535=ORIENTED_EDGE('',*,*,#7534,.F.);
#7536=ORIENTED_EDGE('',*,*,#5233,.F.);
#7537=ORIENTED_EDGE('',*,*,#4879,.F.);
#7538=EDGE_LOOP('',(#7533,#7535,#7536,#7537));
#7539=FACE_OUTER_BOUND('',#7538,.F.);
#7540=ADVANCED_FACE('',(#7539),#7532,.F.);
#7541=CARTESIAN_POINT('',(-1.6745E1,-1.205E0,3.47E0));
#7542=DIRECTION('',(0.E0,1.E0,0.E0));
#7543=DIRECTION('',(-1.E0,0.E0,0.E0));
#7544=AXIS2_PLACEMENT_3D('',#7541,#7542,#7543);
#7545=PLANE('',#7544);
#7546=ORIENTED_EDGE('',*,*,#4024,.T.);
#7548=ORIENTED_EDGE('',*,*,#7547,.F.);
#7549=ORIENTED_EDGE('',*,*,#5235,.F.);
#7550=ORIENTED_EDGE('',*,*,#7534,.T.);
#7551=EDGE_LOOP('',(#7546,#7548,#7549,#7550));
#7552=FACE_OUTER_BOUND('',#7551,.F.);
#7554=ORIENTED_EDGE('',*,*,#7553,.F.);
#7556=ORIENTED_EDGE('',*,*,#7555,.F.);
#7557=EDGE_LOOP('',(#7554,#7556));
#7558=FACE_BOUND('',#7557,.F.);
#7559=ADVANCED_FACE('',(#7552,#7558),#7545,.F.);
#7560=CARTESIAN_POINT('',(-1.8925E1,-1.205E0,3.47E0));
#7561=DIRECTION('',(-1.E0,0.E0,0.E0));
#7562=DIRECTION('',(0.E0,-1.E0,0.E0));
#7563=AXIS2_PLACEMENT_3D('',#7560,#7561,#7562);
#7564=PLANE('',#7563);
#7565=ORIENTED_EDGE('',*,*,#4022,.F.);
#7566=ORIENTED_EDGE('',*,*,#4851,.T.);
#7567=ORIENTED_EDGE('',*,*,#5237,.T.);
#7568=ORIENTED_EDGE('',*,*,#7547,.T.);
#7569=EDGE_LOOP('',(#7565,#7566,#7567,#7568));
#7570=FACE_OUTER_BOUND('',#7569,.F.);
#7571=ADVANCED_FACE('',(#7570),#7564,.F.);
#7572=CARTESIAN_POINT('',(-1.7835E1,-6.9875E0,0.E0));
#7573=DIRECTION('',(0.E0,1.E0,0.E0));
#7574=DIRECTION('',(1.E0,0.E0,0.E0));
#7575=AXIS2_PLACEMENT_3D('',#7572,#7573,#7574);
#7576=CYLINDRICAL_SURFACE('',#7575,5.7E-1);
#7578=ORIENTED_EDGE('',*,*,#7577,.F.);
#7580=ORIENTED_EDGE('',*,*,#7579,.T.);
#7582=ORIENTED_EDGE('',*,*,#7581,.T.);
#7584=ORIENTED_EDGE('',*,*,#7583,.F.);
#7585=EDGE_LOOP('',(#7578,#7580,#7582,#7584));
#7586=FACE_OUTER_BOUND('',#7585,.F.);
#7587=ADVANCED_FACE('',(#7586),#7576,.T.);
#7588=CARTESIAN_POINT('',(-1.7835E1,-6.9875E0,0.E0));
#7589=DIRECTION('',(0.E0,1.E0,0.E0));
#7590=DIRECTION('',(1.E0,0.E0,0.E0));
#7591=AXIS2_PLACEMENT_3D('',#7588,#7589,#7590);
#7592=CYLINDRICAL_SURFACE('',#7591,5.7E-1);
#7593=ORIENTED_EDGE('',*,*,#7553,.T.);
#7595=ORIENTED_EDGE('',*,*,#7594,.F.);
#7597=ORIENTED_EDGE('',*,*,#7596,.F.);
#7599=ORIENTED_EDGE('',*,*,#7598,.T.);
#7600=EDGE_LOOP('',(#7593,#7595,#7597,#7599));
#7601=FACE_OUTER_BOUND('',#7600,.F.);
#7602=ADVANCED_FACE('',(#7601),#7592,.T.);
#7603=CARTESIAN_POINT('',(-1.8925E1,1.205E0,3.47E0));
#7604=DIRECTION('',(0.E0,-1.E0,0.E0));
#7605=DIRECTION('',(1.E0,0.E0,0.E0));
#7606=AXIS2_PLACEMENT_3D('',#7603,#7604,#7605);
#7607=PLANE('',#7606);
#7608=ORIENTED_EDGE('',*,*,#4493,.T.);
#7610=ORIENTED_EDGE('',*,*,#7609,.F.);
#7611=ORIENTED_EDGE('',*,*,#5257,.F.);
#7613=ORIENTED_EDGE('',*,*,#7612,.T.);
#7614=EDGE_LOOP('',(#7608,#7610,#7611,#7613));
#7615=FACE_OUTER_BOUND('',#7614,.F.);
#7616=ORIENTED_EDGE('',*,*,#7577,.T.);
#7618=ORIENTED_EDGE('',*,*,#7617,.T.);
#7619=EDGE_LOOP('',(#7616,#7618));
#7620=FACE_BOUND('',#7619,.F.);
#7621=ADVANCED_FACE('',(#7615,#7620),#7607,.F.);
#7622=CARTESIAN_POINT('',(-1.7835E1,-6.9875E0,0.E0));
#7623=DIRECTION('',(0.E0,1.E0,0.E0));
#7624=DIRECTION('',(1.E0,0.E0,0.E0));
#7625=AXIS2_PLACEMENT_3D('',#7622,#7623,#7624);
#7626=CYLINDRICAL_SURFACE('',#7625,5.7E-1);
#7627=ORIENTED_EDGE('',*,*,#7617,.F.);
#7628=ORIENTED_EDGE('',*,*,#7583,.T.);
#7630=ORIENTED_EDGE('',*,*,#7629,.F.);
#7631=ORIENTED_EDGE('',*,*,#7579,.F.);
#7632=EDGE_LOOP('',(#7627,#7628,#7630,#7631));
#7633=FACE_OUTER_BOUND('',#7632,.F.);
#7634=ADVANCED_FACE('',(#7633),#7626,.T.);
#7635=CARTESIAN_POINT('',(-1.7835E1,-6.9875E0,0.E0));
#7636=DIRECTION('',(0.E0,1.E0,0.E0));
#7637=DIRECTION('',(1.E0,0.E0,0.E0));
#7638=AXIS2_PLACEMENT_3D('',#7635,#7636,#7637);
#7639=CYLINDRICAL_SURFACE('',#7638,5.7E-1);
#7640=ORIENTED_EDGE('',*,*,#7555,.T.);
#7641=ORIENTED_EDGE('',*,*,#7598,.F.);
#7643=ORIENTED_EDGE('',*,*,#7642,.T.);
#7644=ORIENTED_EDGE('',*,*,#7594,.T.);
#7645=EDGE_LOOP('',(#7640,#7641,#7643,#7644));
#7646=FACE_OUTER_BOUND('',#7645,.F.);
#7647=ADVANCED_FACE('',(#7646),#7639,.T.);
#7648=CARTESIAN_POINT('',(-1.7835E1,1.257E1,0.E0));
#7649=DIRECTION('',(0.E0,-1.E0,0.E0));
#7650=DIRECTION('',(-1.E0,0.E0,0.E0));
#7651=AXIS2_PLACEMENT_3D('',#7648,#7649,#7650);
#7652=CONICAL_SURFACE('',#7651,4.E-1,2.090798047101E1);
#7654=ORIENTED_EDGE('',*,*,#7653,.F.);
#7655=ORIENTED_EDGE('',*,*,#7629,.T.);
#7657=ORIENTED_EDGE('',*,*,#7656,.T.);
#7659=ORIENTED_EDGE('',*,*,#7658,.F.);
#7660=EDGE_LOOP('',(#7654,#7655,#7657,#7659));
#7661=FACE_OUTER_BOUND('',#7660,.F.);
#7662=ADVANCED_FACE('',(#7661),#7652,.T.);
#7663=CARTESIAN_POINT('',(-1.7835E1,1.257E1,0.E0));
#7664=DIRECTION('',(0.E0,-1.E0,0.E0));
#7665=DIRECTION('',(-1.E0,0.E0,0.E0));
#7666=AXIS2_PLACEMENT_3D('',#7663,#7664,#7665);
#7667=CONICAL_SURFACE('',#7666,4.E-1,2.090798047101E1);
#7668=ORIENTED_EDGE('',*,*,#7653,.T.);
#7670=ORIENTED_EDGE('',*,*,#7669,.T.);
#7671=ORIENTED_EDGE('',*,*,#7656,.F.);
#7672=ORIENTED_EDGE('',*,*,#7581,.F.);
#7673=EDGE_LOOP('',(#7668,#7670,#7671,#7672));
#7674=FACE_OUTER_BOUND('',#7673,.F.);
#7675=ADVANCED_FACE('',(#7674),#7667,.T.);
#7676=CARTESIAN_POINT('',(-1.7835E1,1.3015E1,0.E0));
#7677=DIRECTION('',(0.E0,1.E0,0.E0));
#7678=DIRECTION('',(1.E0,0.E0,0.E0));
#7679=AXIS2_PLACEMENT_3D('',#7676,#7677,#7678);
#7680=PLANE('',#7679);
#7681=ORIENTED_EDGE('',*,*,#7658,.T.);
#7682=ORIENTED_EDGE('',*,*,#7669,.F.);
#7683=EDGE_LOOP('',(#7681,#7682));
#7684=FACE_OUTER_BOUND('',#7683,.F.);
#7685=ADVANCED_FACE('',(#7684),#7680,.T.);
#7686=CARTESIAN_POINT('',(-1.7835E1,-5.59E0,0.E0));
#7687=DIRECTION('',(0.E0,1.E0,0.E0));
#7688=DIRECTION('',(1.E0,0.E0,0.E0));
#7689=AXIS2_PLACEMENT_3D('',#7686,#7687,#7688);
#7690=CONICAL_SURFACE('',#7689,4.E-1,2.090798047101E1);
#7692=ORIENTED_EDGE('',*,*,#7691,.F.);
#7694=ORIENTED_EDGE('',*,*,#7693,.T.);
#7696=ORIENTED_EDGE('',*,*,#7695,.T.);
#7697=ORIENTED_EDGE('',*,*,#7642,.F.);
#7698=EDGE_LOOP('',(#7692,#7694,#7696,#7697));
#7699=FACE_OUTER_BOUND('',#7698,.F.);
#7700=ADVANCED_FACE('',(#7699),#7690,.T.);
#7701=CARTESIAN_POINT('',(-1.7835E1,-5.59E0,0.E0));
#7702=DIRECTION('',(0.E0,1.E0,0.E0));
#7703=DIRECTION('',(1.E0,0.E0,0.E0));
#7704=AXIS2_PLACEMENT_3D('',#7701,#7702,#7703);
#7705=CONICAL_SURFACE('',#7704,4.E-1,2.090798047101E1);
#7706=ORIENTED_EDGE('',*,*,#7691,.T.);
#7707=ORIENTED_EDGE('',*,*,#7596,.T.);
#7708=ORIENTED_EDGE('',*,*,#7695,.F.);
#7710=ORIENTED_EDGE('',*,*,#7709,.F.);
#7711=EDGE_LOOP('',(#7706,#7707,#7708,#7710));
#7712=FACE_OUTER_BOUND('',#7711,.F.);
#7713=ADVANCED_FACE('',(#7712),#7705,.T.);
#7714=CARTESIAN_POINT('',(-1.7835E1,-6.035E0,0.E0));
#7715=DIRECTION('',(0.E0,1.E0,0.E0));
#7716=DIRECTION('',(1.E0,0.E0,0.E0));
#7717=AXIS2_PLACEMENT_3D('',#7714,#7715,#7716);
#7718=PLANE('',#7717);
#7719=ORIENTED_EDGE('',*,*,#7693,.F.);
#7720=ORIENTED_EDGE('',*,*,#7709,.T.);
#7721=EDGE_LOOP('',(#7719,#7720));
#7722=FACE_OUTER_BOUND('',#7721,.F.);
#7723=ADVANCED_FACE('',(#7722),#7718,.F.);
#7724=CARTESIAN_POINT('',(-1.6745E1,1.205E0,3.47E0));
#7725=DIRECTION('',(1.E0,0.E0,0.E0));
#7726=DIRECTION('',(0.E0,1.E0,0.E0));
#7727=AXIS2_PLACEMENT_3D('',#7724,#7725,#7726);
#7728=PLANE('',#7727);
#7729=ORIENTED_EDGE('',*,*,#4491,.T.);
#7730=ORIENTED_EDGE('',*,*,#4305,.T.);
#7731=ORIENTED_EDGE('',*,*,#5259,.T.);
#7732=ORIENTED_EDGE('',*,*,#7609,.T.);
#7733=EDGE_LOOP('',(#7729,#7730,#7731,#7732));
#7734=FACE_OUTER_BOUND('',#7733,.F.);
#7735=ADVANCED_FACE('',(#7734),#7728,.F.);
#7736=CARTESIAN_POINT('',(-1.8925E1,1.585E0,3.47E0));
#7737=DIRECTION('',(-1.E0,0.E0,0.E0));
#7738=DIRECTION('',(0.E0,-1.E0,0.E0));
#7739=AXIS2_PLACEMENT_3D('',#7736,#7737,#7738);
#7740=PLANE('',#7739);
#7741=ORIENTED_EDGE('',*,*,#4495,.T.);
#7742=ORIENTED_EDGE('',*,*,#7612,.F.);
#7743=ORIENTED_EDGE('',*,*,#5255,.F.);
#7744=ORIENTED_EDGE('',*,*,#4205,.F.);
#7745=EDGE_LOOP('',(#7741,#7742,#7743,#7744));
#7746=FACE_OUTER_BOUND('',#7745,.F.);
#7747=ADVANCED_FACE('',(#7746),#7740,.F.);
#7748=CARTESIAN_POINT('',(-2.0705E1,-1.585E0,3.47E0));
#7749=DIRECTION('',(1.E0,0.E0,0.E0));
#7750=DIRECTION('',(0.E0,1.E0,0.E0));
#7751=AXIS2_PLACEMENT_3D('',#7748,#7749,#7750);
#7752=PLANE('',#7751);
#7753=ORIENTED_EDGE('',*,*,#4018,.T.);
#7755=ORIENTED_EDGE('',*,*,#7754,.F.);
#7756=ORIENTED_EDGE('',*,*,#5240,.F.);
#7757=ORIENTED_EDGE('',*,*,#4854,.F.);
#7758=EDGE_LOOP('',(#7753,#7755,#7756,#7757));
#7759=FACE_OUTER_BOUND('',#7758,.F.);
#7760=ADVANCED_FACE('',(#7759),#7752,.F.);
#7761=CARTESIAN_POINT('',(-2.0705E1,-1.205E0,3.47E0));
#7762=DIRECTION('',(0.E0,1.E0,0.E0));
#7763=DIRECTION('',(-1.E0,0.E0,0.E0));
#7764=AXIS2_PLACEMENT_3D('',#7761,#7762,#7763);
#7765=PLANE('',#7764);
#7766=ORIENTED_EDGE('',*,*,#4016,.T.);
#7767=ORIENTED_EDGE('',*,*,#5144,.F.);
#7768=ORIENTED_EDGE('',*,*,#5242,.F.);
#7769=ORIENTED_EDGE('',*,*,#7754,.T.);
#7770=EDGE_LOOP('',(#7766,#7767,#7768,#7769));
#7771=FACE_OUTER_BOUND('',#7770,.F.);
#7773=ORIENTED_EDGE('',*,*,#7772,.F.);
#7775=ORIENTED_EDGE('',*,*,#7774,.F.);
#7776=EDGE_LOOP('',(#7773,#7775));
#7777=FACE_BOUND('',#7776,.F.);
#7778=ADVANCED_FACE('',(#7771,#7777),#7765,.F.);
#7779=CARTESIAN_POINT('',(-2.1795E1,-6.9875E0,0.E0));
#7780=DIRECTION('',(0.E0,1.E0,0.E0));
#7781=DIRECTION('',(1.E0,0.E0,0.E0));
#7782=AXIS2_PLACEMENT_3D('',#7779,#7780,#7781);
#7783=CYLINDRICAL_SURFACE('',#7782,5.7E-1);
#7785=ORIENTED_EDGE('',*,*,#7784,.F.);
#7787=ORIENTED_EDGE('',*,*,#7786,.T.);
#7789=ORIENTED_EDGE('',*,*,#7788,.T.);
#7791=ORIENTED_EDGE('',*,*,#7790,.F.);
#7792=EDGE_LOOP('',(#7785,#7787,#7789,#7791));
#7793=FACE_OUTER_BOUND('',#7792,.F.);
#7794=ADVANCED_FACE('',(#7793),#7783,.T.);
#7795=CARTESIAN_POINT('',(-2.1795E1,-6.9875E0,0.E0));
#7796=DIRECTION('',(0.E0,1.E0,0.E0));
#7797=DIRECTION('',(1.E0,0.E0,0.E0));
#7798=AXIS2_PLACEMENT_3D('',#7795,#7796,#7797);
#7799=CYLINDRICAL_SURFACE('',#7798,5.7E-1);
#7800=ORIENTED_EDGE('',*,*,#7772,.T.);
#7802=ORIENTED_EDGE('',*,*,#7801,.F.);
#7804=ORIENTED_EDGE('',*,*,#7803,.F.);
#7806=ORIENTED_EDGE('',*,*,#7805,.T.);
#7807=EDGE_LOOP('',(#7800,#7802,#7804,#7806));
#7808=FACE_OUTER_BOUND('',#7807,.F.);
#7809=ADVANCED_FACE('',(#7808),#7799,.T.);
#7810=CARTESIAN_POINT('',(-2.2885E1,1.205E0,3.47E0));
#7811=DIRECTION('',(0.E0,-1.E0,0.E0));
#7812=DIRECTION('',(1.E0,0.E0,0.E0));
#7813=AXIS2_PLACEMENT_3D('',#7810,#7811,#7812);
#7814=PLANE('',#7813);
#7815=ORIENTED_EDGE('',*,*,#4500,.T.);
#7817=ORIENTED_EDGE('',*,*,#7816,.F.);
#7818=ORIENTED_EDGE('',*,*,#5250,.F.);
#7820=ORIENTED_EDGE('',*,*,#7819,.T.);
#7821=EDGE_LOOP('',(#7815,#7817,#7818,#7820));
#7822=FACE_OUTER_BOUND('',#7821,.F.);
#7823=ORIENTED_EDGE('',*,*,#7784,.T.);
#7825=ORIENTED_EDGE('',*,*,#7824,.T.);
#7826=EDGE_LOOP('',(#7823,#7825));
#7827=FACE_BOUND('',#7826,.F.);
#7828=ADVANCED_FACE('',(#7822,#7827),#7814,.F.);
#7829=CARTESIAN_POINT('',(-2.1795E1,-6.9875E0,0.E0));
#7830=DIRECTION('',(0.E0,1.E0,0.E0));
#7831=DIRECTION('',(1.E0,0.E0,0.E0));
#7832=AXIS2_PLACEMENT_3D('',#7829,#7830,#7831);
#7833=CYLINDRICAL_SURFACE('',#7832,5.7E-1);
#7834=ORIENTED_EDGE('',*,*,#7824,.F.);
#7835=ORIENTED_EDGE('',*,*,#7790,.T.);
#7837=ORIENTED_EDGE('',*,*,#7836,.F.);
#7838=ORIENTED_EDGE('',*,*,#7786,.F.);
#7839=EDGE_LOOP('',(#7834,#7835,#7837,#7838));
#7840=FACE_OUTER_BOUND('',#7839,.F.);
#7841=ADVANCED_FACE('',(#7840),#7833,.T.);
#7842=CARTESIAN_POINT('',(-2.1795E1,-6.9875E0,0.E0));
#7843=DIRECTION('',(0.E0,1.E0,0.E0));
#7844=DIRECTION('',(1.E0,0.E0,0.E0));
#7845=AXIS2_PLACEMENT_3D('',#7842,#7843,#7844);
#7846=CYLINDRICAL_SURFACE('',#7845,5.7E-1);
#7847=ORIENTED_EDGE('',*,*,#7774,.T.);
#7848=ORIENTED_EDGE('',*,*,#7805,.F.);
#7850=ORIENTED_EDGE('',*,*,#7849,.T.);
#7851=ORIENTED_EDGE('',*,*,#7801,.T.);
#7852=EDGE_LOOP('',(#7847,#7848,#7850,#7851));
#7853=FACE_OUTER_BOUND('',#7852,.F.);
#7854=ADVANCED_FACE('',(#7853),#7846,.T.);
#7855=CARTESIAN_POINT('',(-2.1795E1,1.257E1,0.E0));
#7856=DIRECTION('',(0.E0,-1.E0,0.E0));
#7857=DIRECTION('',(-1.E0,0.E0,0.E0));
#7858=AXIS2_PLACEMENT_3D('',#7855,#7856,#7857);
#7859=CONICAL_SURFACE('',#7858,4.E-1,2.090798047101E1);
#7861=ORIENTED_EDGE('',*,*,#7860,.F.);
#7862=ORIENTED_EDGE('',*,*,#7836,.T.);
#7864=ORIENTED_EDGE('',*,*,#7863,.T.);
#7866=ORIENTED_EDGE('',*,*,#7865,.F.);
#7867=EDGE_LOOP('',(#7861,#7862,#7864,#7866));
#7868=FACE_OUTER_BOUND('',#7867,.F.);
#7869=ADVANCED_FACE('',(#7868),#7859,.T.);
#7870=CARTESIAN_POINT('',(-2.1795E1,1.257E1,0.E0));
#7871=DIRECTION('',(0.E0,-1.E0,0.E0));
#7872=DIRECTION('',(-1.E0,0.E0,0.E0));
#7873=AXIS2_PLACEMENT_3D('',#7870,#7871,#7872);
#7874=CONICAL_SURFACE('',#7873,4.E-1,2.090798047101E1);
#7875=ORIENTED_EDGE('',*,*,#7860,.T.);
#7877=ORIENTED_EDGE('',*,*,#7876,.T.);
#7878=ORIENTED_EDGE('',*,*,#7863,.F.);
#7879=ORIENTED_EDGE('',*,*,#7788,.F.);
#7880=EDGE_LOOP('',(#7875,#7877,#7878,#7879));
#7881=FACE_OUTER_BOUND('',#7880,.F.);
#7882=ADVANCED_FACE('',(#7881),#7874,.T.);
#7883=CARTESIAN_POINT('',(-2.1795E1,1.3015E1,0.E0));
#7884=DIRECTION('',(0.E0,1.E0,0.E0));
#7885=DIRECTION('',(1.E0,0.E0,0.E0));
#7886=AXIS2_PLACEMENT_3D('',#7883,#7884,#7885);
#7887=PLANE('',#7886);
#7888=ORIENTED_EDGE('',*,*,#7865,.T.);
#7889=ORIENTED_EDGE('',*,*,#7876,.F.);
#7890=EDGE_LOOP('',(#7888,#7889));
#7891=FACE_OUTER_BOUND('',#7890,.F.);
#7892=ADVANCED_FACE('',(#7891),#7887,.T.);
#7893=CARTESIAN_POINT('',(-2.1795E1,-5.59E0,0.E0));
#7894=DIRECTION('',(0.E0,1.E0,0.E0));
#7895=DIRECTION('',(1.E0,0.E0,0.E0));
#7896=AXIS2_PLACEMENT_3D('',#7893,#7894,#7895);
#7897=CONICAL_SURFACE('',#7896,4.E-1,2.090798047101E1);
#7899=ORIENTED_EDGE('',*,*,#7898,.F.);
#7901=ORIENTED_EDGE('',*,*,#7900,.T.);
#7903=ORIENTED_EDGE('',*,*,#7902,.T.);
#7904=ORIENTED_EDGE('',*,*,#7849,.F.);
#7905=EDGE_LOOP('',(#7899,#7901,#7903,#7904));
#7906=FACE_OUTER_BOUND('',#7905,.F.);
#7907=ADVANCED_FACE('',(#7906),#7897,.T.);
#7908=CARTESIAN_POINT('',(-2.1795E1,-5.59E0,0.E0));
#7909=DIRECTION('',(0.E0,1.E0,0.E0));
#7910=DIRECTION('',(1.E0,0.E0,0.E0));
#7911=AXIS2_PLACEMENT_3D('',#7908,#7909,#7910);
#7912=CONICAL_SURFACE('',#7911,4.E-1,2.090798047101E1);
#7913=ORIENTED_EDGE('',*,*,#7898,.T.);
#7914=ORIENTED_EDGE('',*,*,#7803,.T.);
#7915=ORIENTED_EDGE('',*,*,#7902,.F.);
#7917=ORIENTED_EDGE('',*,*,#7916,.F.);
#7918=EDGE_LOOP('',(#7913,#7914,#7915,#7917));
#7919=FACE_OUTER_BOUND('',#7918,.F.);
#7920=ADVANCED_FACE('',(#7919),#7912,.T.);
#7921=CARTESIAN_POINT('',(-2.1795E1,-6.035E0,0.E0));
#7922=DIRECTION('',(0.E0,1.E0,0.E0));
#7923=DIRECTION('',(1.E0,0.E0,0.E0));
#7924=AXIS2_PLACEMENT_3D('',#7921,#7922,#7923);
#7925=PLANE('',#7924);
#7926=ORIENTED_EDGE('',*,*,#7900,.F.);
#7927=ORIENTED_EDGE('',*,*,#7916,.T.);
#7928=EDGE_LOOP('',(#7926,#7927));
#7929=FACE_OUTER_BOUND('',#7928,.F.);
#7930=ADVANCED_FACE('',(#7929),#7925,.F.);
#7931=CARTESIAN_POINT('',(-2.0705E1,1.205E0,3.47E0));
#7932=DIRECTION('',(1.E0,0.E0,0.E0));
#7933=DIRECTION('',(0.E0,1.E0,0.E0));
#7934=AXIS2_PLACEMENT_3D('',#7931,#7932,#7933);
#7935=PLANE('',#7934);
#7936=ORIENTED_EDGE('',*,*,#4201,.T.);
#7937=ORIENTED_EDGE('',*,*,#5252,.T.);
#7938=ORIENTED_EDGE('',*,*,#7816,.T.);
#7939=ORIENTED_EDGE('',*,*,#4498,.T.);
#7940=EDGE_LOOP('',(#7936,#7937,#7938,#7939));
#7941=FACE_OUTER_BOUND('',#7940,.F.);
#7942=ADVANCED_FACE('',(#7941),#7935,.F.);
#7943=CARTESIAN_POINT('',(-2.2885E1,1.585E0,3.47E0));
#7944=DIRECTION('',(-1.E0,0.E0,0.E0));
#7945=DIRECTION('',(0.E0,-1.E0,0.E0));
#7946=AXIS2_PLACEMENT_3D('',#7943,#7944,#7945);
#7947=PLANE('',#7946);
#7948=ORIENTED_EDGE('',*,*,#4163,.F.);
#7949=ORIENTED_EDGE('',*,*,#4502,.T.);
#7950=ORIENTED_EDGE('',*,*,#7819,.F.);
#7951=ORIENTED_EDGE('',*,*,#5248,.F.);
#7952=EDGE_LOOP('',(#7948,#7949,#7950,#7951));
#7953=FACE_OUTER_BOUND('',#7952,.F.);
#7954=ADVANCED_FACE('',(#7953),#7947,.F.);
#7955=CARTESIAN_POINT('',(-2.0325E1,1.585E0,-1.5E0));
#7956=DIRECTION('',(-1.E0,0.E0,0.E0));
#7957=DIRECTION('',(0.E0,0.E0,1.E0));
#7958=AXIS2_PLACEMENT_3D('',#7955,#7956,#7957);
#7959=PLANE('',#7958);
#7960=ORIENTED_EDGE('',*,*,#4860,.T.);
#7962=ORIENTED_EDGE('',*,*,#7961,.F.);
#7963=ORIENTED_EDGE('',*,*,#4211,.F.);
#7965=ORIENTED_EDGE('',*,*,#7964,.T.);
#7966=EDGE_LOOP('',(#7960,#7962,#7963,#7965));
#7967=FACE_OUTER_BOUND('',#7966,.F.);
#7968=ADVANCED_FACE('',(#7967),#7959,.F.);
#7969=CARTESIAN_POINT('',(-2.0325E1,1.585E0,1.5E0));
#7970=DIRECTION('',(0.E0,0.E0,1.E0));
#7971=DIRECTION('',(1.E0,0.E0,0.E0));
#7972=AXIS2_PLACEMENT_3D('',#7969,#7970,#7971);
#7973=PLANE('',#7972);
#7974=ORIENTED_EDGE('',*,*,#4866,.T.);
#7976=ORIENTED_EDGE('',*,*,#7975,.F.);
#7977=ORIENTED_EDGE('',*,*,#4213,.F.);
#7978=ORIENTED_EDGE('',*,*,#7961,.T.);
#7979=EDGE_LOOP('',(#7974,#7976,#7977,#7978));
#7980=FACE_OUTER_BOUND('',#7979,.F.);
#7981=ADVANCED_FACE('',(#7980),#7973,.F.);
#7982=CARTESIAN_POINT('',(-1.9305E1,1.585E0,1.5E0));
#7983=DIRECTION('',(1.E0,0.E0,0.E0));
#7984=DIRECTION('',(0.E0,0.E0,-1.E0));
#7985=AXIS2_PLACEMENT_3D('',#7982,#7983,#7984);
#7986=PLANE('',#7985);
#7987=ORIENTED_EDGE('',*,*,#4864,.T.);
#7989=ORIENTED_EDGE('',*,*,#7988,.F.);
#7990=ORIENTED_EDGE('',*,*,#4215,.F.);
#7991=ORIENTED_EDGE('',*,*,#7975,.T.);
#7992=EDGE_LOOP('',(#7987,#7989,#7990,#7991));
#7993=FACE_OUTER_BOUND('',#7992,.F.);
#7994=ADVANCED_FACE('',(#7993),#7986,.F.);
#7995=CARTESIAN_POINT('',(-1.9305E1,1.585E0,-1.5E0));
#7996=DIRECTION('',(0.E0,0.E0,-1.E0));
#7997=DIRECTION('',(-1.E0,0.E0,0.E0));
#7998=AXIS2_PLACEMENT_3D('',#7995,#7996,#7997);
#7999=PLANE('',#7998);
#8000=ORIENTED_EDGE('',*,*,#4862,.T.);
#8001=ORIENTED_EDGE('',*,*,#7964,.F.);
#8002=ORIENTED_EDGE('',*,*,#4217,.F.);
#8003=ORIENTED_EDGE('',*,*,#7988,.T.);
#8004=EDGE_LOOP('',(#8000,#8001,#8002,#8003));
#8005=FACE_OUTER_BOUND('',#8004,.F.);
#8006=ADVANCED_FACE('',(#8005),#7999,.F.);
#8007=CARTESIAN_POINT('',(-1.6365E1,1.585E0,-1.5E0));
#8008=DIRECTION('',(-1.E0,0.E0,0.E0));
#8009=DIRECTION('',(0.E0,0.E0,1.E0));
#8010=AXIS2_PLACEMENT_3D('',#8007,#8008,#8009);
#8011=PLANE('',#8010);
#8012=ORIENTED_EDGE('',*,*,#4885,.T.);
#8014=ORIENTED_EDGE('',*,*,#8013,.F.);
#8015=ORIENTED_EDGE('',*,*,#4315,.F.);
#8017=ORIENTED_EDGE('',*,*,#8016,.T.);
#8018=EDGE_LOOP('',(#8012,#8014,#8015,#8017));
#8019=FACE_OUTER_BOUND('',#8018,.F.);
#8020=ADVANCED_FACE('',(#8019),#8011,.F.);
#8021=CARTESIAN_POINT('',(-1.6365E1,1.585E0,1.5E0));
#8022=DIRECTION('',(0.E0,0.E0,1.E0));
#8023=DIRECTION('',(1.E0,0.E0,0.E0));
#8024=AXIS2_PLACEMENT_3D('',#8021,#8022,#8023);
#8025=PLANE('',#8024);
#8026=ORIENTED_EDGE('',*,*,#4891,.T.);
#8028=ORIENTED_EDGE('',*,*,#8027,.F.);
#8029=ORIENTED_EDGE('',*,*,#4317,.F.);
#8030=ORIENTED_EDGE('',*,*,#8013,.T.);
#8031=EDGE_LOOP('',(#8026,#8028,#8029,#8030));
#8032=FACE_OUTER_BOUND('',#8031,.F.);
#8033=ADVANCED_FACE('',(#8032),#8025,.F.);
#8034=CARTESIAN_POINT('',(-1.5345E1,1.585E0,1.5E0));
#8035=DIRECTION('',(1.E0,0.E0,0.E0));
#8036=DIRECTION('',(0.E0,0.E0,-1.E0));
#8037=AXIS2_PLACEMENT_3D('',#8034,#8035,#8036);
#8038=PLANE('',#8037);
#8039=ORIENTED_EDGE('',*,*,#4889,.T.);
#8041=ORIENTED_EDGE('',*,*,#8040,.F.);
#8042=ORIENTED_EDGE('',*,*,#4319,.F.);
#8043=ORIENTED_EDGE('',*,*,#8027,.T.);
#8044=EDGE_LOOP('',(#8039,#8041,#8042,#8043));
#8045=FACE_OUTER_BOUND('',#8044,.F.);
#8046=ADVANCED_FACE('',(#8045),#8038,.F.);
#8047=CARTESIAN_POINT('',(-1.5345E1,1.585E0,-1.5E0));
#8048=DIRECTION('',(0.E0,0.E0,-1.E0));
#8049=DIRECTION('',(-1.E0,0.E0,0.E0));
#8050=AXIS2_PLACEMENT_3D('',#8047,#8048,#8049);
#8051=PLANE('',#8050);
#8052=ORIENTED_EDGE('',*,*,#4887,.T.);
#8053=ORIENTED_EDGE('',*,*,#8016,.F.);
#8054=ORIENTED_EDGE('',*,*,#4321,.F.);
#8055=ORIENTED_EDGE('',*,*,#8040,.T.);
#8056=EDGE_LOOP('',(#8052,#8053,#8054,#8055));
#8057=FACE_OUTER_BOUND('',#8056,.F.);
#8058=ADVANCED_FACE('',(#8057),#8051,.F.);
#8059=CARTESIAN_POINT('',(-1.2405E1,1.585E0,-1.5E0));
#8060=DIRECTION('',(-1.E0,0.E0,0.E0));
#8061=DIRECTION('',(0.E0,0.E0,1.E0));
#8062=AXIS2_PLACEMENT_3D('',#8059,#8060,#8061);
#8063=PLANE('',#8062);
#8064=ORIENTED_EDGE('',*,*,#4910,.T.);
#8066=ORIENTED_EDGE('',*,*,#8065,.F.);
#8067=ORIENTED_EDGE('',*,*,#4400,.F.);
#8069=ORIENTED_EDGE('',*,*,#8068,.T.);
#8070=EDGE_LOOP('',(#8064,#8066,#8067,#8069));
#8071=FACE_OUTER_BOUND('',#8070,.F.);
#8072=ADVANCED_FACE('',(#8071),#8063,.F.);
#8073=CARTESIAN_POINT('',(-1.2405E1,1.585E0,1.5E0));
#8074=DIRECTION('',(0.E0,0.E0,1.E0));
#8075=DIRECTION('',(1.E0,0.E0,0.E0));
#8076=AXIS2_PLACEMENT_3D('',#8073,#8074,#8075);
#8077=PLANE('',#8076);
#8078=ORIENTED_EDGE('',*,*,#4916,.T.);
#8080=ORIENTED_EDGE('',*,*,#8079,.F.);
#8081=ORIENTED_EDGE('',*,*,#4402,.F.);
#8082=ORIENTED_EDGE('',*,*,#8065,.T.);
#8083=EDGE_LOOP('',(#8078,#8080,#8081,#8082));
#8084=FACE_OUTER_BOUND('',#8083,.F.);
#8085=ADVANCED_FACE('',(#8084),#8077,.F.);
#8086=CARTESIAN_POINT('',(-1.1385E1,1.585E0,1.5E0));
#8087=DIRECTION('',(1.E0,0.E0,0.E0));
#8088=DIRECTION('',(0.E0,0.E0,-1.E0));
#8089=AXIS2_PLACEMENT_3D('',#8086,#8087,#8088);
#8090=PLANE('',#8089);
#8091=ORIENTED_EDGE('',*,*,#4914,.T.);
#8093=ORIENTED_EDGE('',*,*,#8092,.F.);
#8094=ORIENTED_EDGE('',*,*,#4404,.F.);
#8095=ORIENTED_EDGE('',*,*,#8079,.T.);
#8096=EDGE_LOOP('',(#8091,#8093,#8094,#8095));
#8097=FACE_OUTER_BOUND('',#8096,.F.);
#8098=ADVANCED_FACE('',(#8097),#8090,.F.);
#8099=CARTESIAN_POINT('',(-1.1385E1,1.585E0,-1.5E0));
#8100=DIRECTION('',(0.E0,0.E0,-1.E0));
#8101=DIRECTION('',(-1.E0,0.E0,0.E0));
#8102=AXIS2_PLACEMENT_3D('',#8099,#8100,#8101);
#8103=PLANE('',#8102);
#8104=ORIENTED_EDGE('',*,*,#4912,.T.);
#8105=ORIENTED_EDGE('',*,*,#8068,.F.);
#8106=ORIENTED_EDGE('',*,*,#4406,.F.);
#8107=ORIENTED_EDGE('',*,*,#8092,.T.);
#8108=EDGE_LOOP('',(#8104,#8105,#8106,#8107));
#8109=FACE_OUTER_BOUND('',#8108,.F.);
#8110=ADVANCED_FACE('',(#8109),#8103,.F.);
#8111=CARTESIAN_POINT('',(-8.445E0,1.585E0,-1.5E0));
#8112=DIRECTION('',(-1.E0,0.E0,0.E0));
#8113=DIRECTION('',(0.E0,0.E0,1.E0));
#8114=AXIS2_PLACEMENT_3D('',#8111,#8112,#8113);
#8115=PLANE('',#8114);
#8116=ORIENTED_EDGE('',*,*,#4935,.T.);
#8118=ORIENTED_EDGE('',*,*,#8117,.F.);
#8119=ORIENTED_EDGE('',*,*,#4341,.F.);
#8121=ORIENTED_EDGE('',*,*,#8120,.T.);
#8122=EDGE_LOOP('',(#8116,#8118,#8119,#8121));
#8123=FACE_OUTER_BOUND('',#8122,.F.);
#8124=ADVANCED_FACE('',(#8123),#8115,.F.);
#8125=CARTESIAN_POINT('',(-8.445E0,1.585E0,1.5E0));
#8126=DIRECTION('',(0.E0,0.E0,1.E0));
#8127=DIRECTION('',(1.E0,0.E0,0.E0));
#8128=AXIS2_PLACEMENT_3D('',#8125,#8126,#8127);
#8129=PLANE('',#8128);
#8130=ORIENTED_EDGE('',*,*,#4941,.T.);
#8132=ORIENTED_EDGE('',*,*,#8131,.F.);
#8133=ORIENTED_EDGE('',*,*,#4343,.F.);
#8134=ORIENTED_EDGE('',*,*,#8117,.T.);
#8135=EDGE_LOOP('',(#8130,#8132,#8133,#8134));
#8136=FACE_OUTER_BOUND('',#8135,.F.);
#8137=ADVANCED_FACE('',(#8136),#8129,.F.);
#8138=CARTESIAN_POINT('',(-7.425E0,1.585E0,1.5E0));
#8139=DIRECTION('',(1.E0,0.E0,0.E0));
#8140=DIRECTION('',(0.E0,0.E0,-1.E0));
#8141=AXIS2_PLACEMENT_3D('',#8138,#8139,#8140);
#8142=PLANE('',#8141);
#8143=ORIENTED_EDGE('',*,*,#4939,.T.);
#8145=ORIENTED_EDGE('',*,*,#8144,.F.);
#8146=ORIENTED_EDGE('',*,*,#4345,.F.);
#8147=ORIENTED_EDGE('',*,*,#8131,.T.);
#8148=EDGE_LOOP('',(#8143,#8145,#8146,#8147));
#8149=FACE_OUTER_BOUND('',#8148,.F.);
#8150=ADVANCED_FACE('',(#8149),#8142,.F.);
#8151=CARTESIAN_POINT('',(-7.425E0,1.585E0,-1.5E0));
#8152=DIRECTION('',(0.E0,0.E0,-1.E0));
#8153=DIRECTION('',(-1.E0,0.E0,0.E0));
#8154=AXIS2_PLACEMENT_3D('',#8151,#8152,#8153);
#8155=PLANE('',#8154);
#8156=ORIENTED_EDGE('',*,*,#4937,.T.);
#8157=ORIENTED_EDGE('',*,*,#8120,.F.);
#8158=ORIENTED_EDGE('',*,*,#4347,.F.);
#8159=ORIENTED_EDGE('',*,*,#8144,.T.);
#8160=EDGE_LOOP('',(#8156,#8157,#8158,#8159));
#8161=FACE_OUTER_BOUND('',#8160,.F.);
#8162=ADVANCED_FACE('',(#8161),#8155,.F.);
#8163=CARTESIAN_POINT('',(-4.485E0,1.585E0,-1.5E0));
#8164=DIRECTION('',(-1.E0,0.E0,0.E0));
#8165=DIRECTION('',(0.E0,0.E0,1.E0));
#8166=AXIS2_PLACEMENT_3D('',#8163,#8164,#8165);
#8167=PLANE('',#8166);
#8168=ORIENTED_EDGE('',*,*,#4960,.T.);
#8170=ORIENTED_EDGE('',*,*,#8169,.F.);
#8171=ORIENTED_EDGE('',*,*,#4367,.F.);
#8173=ORIENTED_EDGE('',*,*,#8172,.T.);
#8174=EDGE_LOOP('',(#8168,#8170,#8171,#8173));
#8175=FACE_OUTER_BOUND('',#8174,.F.);
#8176=ADVANCED_FACE('',(#8175),#8167,.F.);
#8177=CARTESIAN_POINT('',(-4.485E0,1.585E0,1.5E0));
#8178=DIRECTION('',(0.E0,0.E0,1.E0));
#8179=DIRECTION('',(1.E0,0.E0,0.E0));
#8180=AXIS2_PLACEMENT_3D('',#8177,#8178,#8179);
#8181=PLANE('',#8180);
#8182=ORIENTED_EDGE('',*,*,#4966,.T.);
#8184=ORIENTED_EDGE('',*,*,#8183,.F.);
#8185=ORIENTED_EDGE('',*,*,#4369,.F.);
#8186=ORIENTED_EDGE('',*,*,#8169,.T.);
#8187=EDGE_LOOP('',(#8182,#8184,#8185,#8186));
#8188=FACE_OUTER_BOUND('',#8187,.F.);
#8189=ADVANCED_FACE('',(#8188),#8181,.F.);
#8190=CARTESIAN_POINT('',(-3.465E0,1.585E0,1.5E0));
#8191=DIRECTION('',(1.E0,0.E0,0.E0));
#8192=DIRECTION('',(0.E0,0.E0,-1.E0));
#8193=AXIS2_PLACEMENT_3D('',#8190,#8191,#8192);
#8194=PLANE('',#8193);
#8195=ORIENTED_EDGE('',*,*,#4964,.T.);
#8197=ORIENTED_EDGE('',*,*,#8196,.F.);
#8198=ORIENTED_EDGE('',*,*,#4371,.F.);
#8199=ORIENTED_EDGE('',*,*,#8183,.T.);
#8200=EDGE_LOOP('',(#8195,#8197,#8198,#8199));
#8201=FACE_OUTER_BOUND('',#8200,.F.);
#8202=ADVANCED_FACE('',(#8201),#8194,.F.);
#8203=CARTESIAN_POINT('',(-3.465E0,1.585E0,-1.5E0));
#8204=DIRECTION('',(0.E0,0.E0,-1.E0));
#8205=DIRECTION('',(-1.E0,0.E0,0.E0));
#8206=AXIS2_PLACEMENT_3D('',#8203,#8204,#8205);
#8207=PLANE('',#8206);
#8208=ORIENTED_EDGE('',*,*,#4962,.T.);
#8209=ORIENTED_EDGE('',*,*,#8172,.F.);
#8210=ORIENTED_EDGE('',*,*,#4373,.F.);
#8211=ORIENTED_EDGE('',*,*,#8196,.T.);
#8212=EDGE_LOOP('',(#8208,#8209,#8210,#8211));
#8213=FACE_OUTER_BOUND('',#8212,.F.);
#8214=ADVANCED_FACE('',(#8213),#8207,.F.);
#8215=CARTESIAN_POINT('',(-5.25E-1,1.585E0,-1.5E0));
#8216=DIRECTION('',(-1.E0,0.E0,0.E0));
#8217=DIRECTION('',(0.E0,0.E0,1.E0));
#8218=AXIS2_PLACEMENT_3D('',#8215,#8216,#8217);
#8219=PLANE('',#8218);
#8220=ORIENTED_EDGE('',*,*,#4985,.T.);
#8222=ORIENTED_EDGE('',*,*,#8221,.F.);
#8223=ORIENTED_EDGE('',*,*,#4433,.F.);
#8225=ORIENTED_EDGE('',*,*,#8224,.T.);
#8226=EDGE_LOOP('',(#8220,#8222,#8223,#8225));
#8227=FACE_OUTER_BOUND('',#8226,.F.);
#8228=ADVANCED_FACE('',(#8227),#8219,.F.);
#8229=CARTESIAN_POINT('',(-5.25E-1,1.585E0,1.5E0));
#8230=DIRECTION('',(0.E0,0.E0,1.E0));
#8231=DIRECTION('',(1.E0,0.E0,0.E0));
#8232=AXIS2_PLACEMENT_3D('',#8229,#8230,#8231);
#8233=PLANE('',#8232);
#8234=ORIENTED_EDGE('',*,*,#4991,.T.);
#8236=ORIENTED_EDGE('',*,*,#8235,.F.);
#8237=ORIENTED_EDGE('',*,*,#4435,.F.);
#8238=ORIENTED_EDGE('',*,*,#8221,.T.);
#8239=EDGE_LOOP('',(#8234,#8236,#8237,#8238));
#8240=FACE_OUTER_BOUND('',#8239,.F.);
#8241=ADVANCED_FACE('',(#8240),#8233,.F.);
#8242=CARTESIAN_POINT('',(4.95E-1,1.585E0,1.5E0));
#8243=DIRECTION('',(1.E0,0.E0,0.E0));
#8244=DIRECTION('',(0.E0,0.E0,-1.E0));
#8245=AXIS2_PLACEMENT_3D('',#8242,#8243,#8244);
#8246=PLANE('',#8245);
#8247=ORIENTED_EDGE('',*,*,#4989,.T.);
#8249=ORIENTED_EDGE('',*,*,#8248,.F.);
#8250=ORIENTED_EDGE('',*,*,#4437,.F.);
#8251=ORIENTED_EDGE('',*,*,#8235,.T.);
#8252=EDGE_LOOP('',(#8247,#8249,#8250,#8251));
#8253=FACE_OUTER_BOUND('',#8252,.F.);
#8254=ADVANCED_FACE('',(#8253),#8246,.F.);
#8255=CARTESIAN_POINT('',(4.95E-1,1.585E0,-1.5E0));
#8256=DIRECTION('',(0.E0,0.E0,-1.E0));
#8257=DIRECTION('',(-1.E0,0.E0,0.E0));
#8258=AXIS2_PLACEMENT_3D('',#8255,#8256,#8257);
#8259=PLANE('',#8258);
#8260=ORIENTED_EDGE('',*,*,#4987,.T.);
#8261=ORIENTED_EDGE('',*,*,#8224,.F.);
#8262=ORIENTED_EDGE('',*,*,#4439,.F.);
#8263=ORIENTED_EDGE('',*,*,#8248,.T.);
#8264=EDGE_LOOP('',(#8260,#8261,#8262,#8263));
#8265=FACE_OUTER_BOUND('',#8264,.F.);
#8266=ADVANCED_FACE('',(#8265),#8259,.F.);
#8267=CARTESIAN_POINT('',(3.435E0,1.585E0,-1.5E0));
#8268=DIRECTION('',(-1.E0,0.E0,0.E0));
#8269=DIRECTION('',(0.E0,0.E0,1.E0));
#8270=AXIS2_PLACEMENT_3D('',#8267,#8268,#8269);
#8271=PLANE('',#8270);
#8272=ORIENTED_EDGE('',*,*,#5010,.T.);
#8274=ORIENTED_EDGE('',*,*,#8273,.F.);
#8275=ORIENTED_EDGE('',*,*,#4289,.F.);
#8277=ORIENTED_EDGE('',*,*,#8276,.T.);
#8278=EDGE_LOOP('',(#8272,#8274,#8275,#8277));
#8279=FACE_OUTER_BOUND('',#8278,.F.);
#8280=ADVANCED_FACE('',(#8279),#8271,.F.);
#8281=CARTESIAN_POINT('',(3.435E0,1.585E0,1.5E0));
#8282=DIRECTION('',(0.E0,0.E0,1.E0));
#8283=DIRECTION('',(1.E0,0.E0,0.E0));
#8284=AXIS2_PLACEMENT_3D('',#8281,#8282,#8283);
#8285=PLANE('',#8284);
#8286=ORIENTED_EDGE('',*,*,#5016,.T.);
#8288=ORIENTED_EDGE('',*,*,#8287,.F.);
#8289=ORIENTED_EDGE('',*,*,#4291,.F.);
#8290=ORIENTED_EDGE('',*,*,#8273,.T.);
#8291=EDGE_LOOP('',(#8286,#8288,#8289,#8290));
#8292=FACE_OUTER_BOUND('',#8291,.F.);
#8293=ADVANCED_FACE('',(#8292),#8285,.F.);
#8294=CARTESIAN_POINT('',(4.455E0,1.585E0,1.5E0));
#8295=DIRECTION('',(1.E0,0.E0,0.E0));
#8296=DIRECTION('',(0.E0,0.E0,-1.E0));
#8297=AXIS2_PLACEMENT_3D('',#8294,#8295,#8296);
#8298=PLANE('',#8297);
#8299=ORIENTED_EDGE('',*,*,#5014,.T.);
#8301=ORIENTED_EDGE('',*,*,#8300,.F.);
#8302=ORIENTED_EDGE('',*,*,#4293,.F.);
#8303=ORIENTED_EDGE('',*,*,#8287,.T.);
#8304=EDGE_LOOP('',(#8299,#8301,#8302,#8303));
#8305=FACE_OUTER_BOUND('',#8304,.F.);
#8306=ADVANCED_FACE('',(#8305),#8298,.F.);
#8307=CARTESIAN_POINT('',(4.455E0,1.585E0,-1.5E0));
#8308=DIRECTION('',(0.E0,0.E0,-1.E0));
#8309=DIRECTION('',(-1.E0,0.E0,0.E0));
#8310=AXIS2_PLACEMENT_3D('',#8307,#8308,#8309);
#8311=PLANE('',#8310);
#8312=ORIENTED_EDGE('',*,*,#5012,.T.);
#8313=ORIENTED_EDGE('',*,*,#8276,.F.);
#8314=ORIENTED_EDGE('',*,*,#4295,.F.);
#8315=ORIENTED_EDGE('',*,*,#8300,.T.);
#8316=EDGE_LOOP('',(#8312,#8313,#8314,#8315));
#8317=FACE_OUTER_BOUND('',#8316,.F.);
#8318=ADVANCED_FACE('',(#8317),#8311,.F.);
#8319=CARTESIAN_POINT('',(7.395E0,1.585E0,-1.5E0));
#8320=DIRECTION('',(-1.E0,0.E0,0.E0));
#8321=DIRECTION('',(0.E0,0.E0,1.E0));
#8322=AXIS2_PLACEMENT_3D('',#8319,#8320,#8321);
#8323=PLANE('',#8322);
#8324=ORIENTED_EDGE('',*,*,#5035,.T.);
#8326=ORIENTED_EDGE('',*,*,#8325,.F.);
#8327=ORIENTED_EDGE('',*,*,#4263,.F.);
#8329=ORIENTED_EDGE('',*,*,#8328,.T.);
#8330=EDGE_LOOP('',(#8324,#8326,#8327,#8329));
#8331=FACE_OUTER_BOUND('',#8330,.F.);
#8332=ADVANCED_FACE('',(#8331),#8323,.F.);
#8333=CARTESIAN_POINT('',(7.395E0,1.585E0,1.5E0));
#8334=DIRECTION('',(0.E0,0.E0,1.E0));
#8335=DIRECTION('',(1.E0,0.E0,0.E0));
#8336=AXIS2_PLACEMENT_3D('',#8333,#8334,#8335);
#8337=PLANE('',#8336);
#8338=ORIENTED_EDGE('',*,*,#5041,.T.);
#8340=ORIENTED_EDGE('',*,*,#8339,.F.);
#8341=ORIENTED_EDGE('',*,*,#4265,.F.);
#8342=ORIENTED_EDGE('',*,*,#8325,.T.);
#8343=EDGE_LOOP('',(#8338,#8340,#8341,#8342));
#8344=FACE_OUTER_BOUND('',#8343,.F.);
#8345=ADVANCED_FACE('',(#8344),#8337,.F.);
#8346=CARTESIAN_POINT('',(8.415E0,1.585E0,1.5E0));
#8347=DIRECTION('',(1.E0,0.E0,0.E0));
#8348=DIRECTION('',(0.E0,0.E0,-1.E0));
#8349=AXIS2_PLACEMENT_3D('',#8346,#8347,#8348);
#8350=PLANE('',#8349);
#8351=ORIENTED_EDGE('',*,*,#5039,.T.);
#8353=ORIENTED_EDGE('',*,*,#8352,.F.);
#8354=ORIENTED_EDGE('',*,*,#4267,.F.);
#8355=ORIENTED_EDGE('',*,*,#8339,.T.);
#8356=EDGE_LOOP('',(#8351,#8353,#8354,#8355));
#8357=FACE_OUTER_BOUND('',#8356,.F.);
#8358=ADVANCED_FACE('',(#8357),#8350,.F.);
#8359=CARTESIAN_POINT('',(8.415E0,1.585E0,-1.5E0));
#8360=DIRECTION('',(0.E0,0.E0,-1.E0));
#8361=DIRECTION('',(-1.E0,0.E0,0.E0));
#8362=AXIS2_PLACEMENT_3D('',#8359,#8360,#8361);
#8363=PLANE('',#8362);
#8364=ORIENTED_EDGE('',*,*,#5037,.T.);
#8365=ORIENTED_EDGE('',*,*,#8328,.F.);
#8366=ORIENTED_EDGE('',*,*,#4269,.F.);
#8367=ORIENTED_EDGE('',*,*,#8352,.T.);
#8368=EDGE_LOOP('',(#8364,#8365,#8366,#8367));
#8369=FACE_OUTER_BOUND('',#8368,.F.);
#8370=ADVANCED_FACE('',(#8369),#8363,.F.);
#8371=CARTESIAN_POINT('',(1.1355E1,1.585E0,-1.5E0));
#8372=DIRECTION('',(-1.E0,0.E0,0.E0));
#8373=DIRECTION('',(0.E0,0.E0,1.E0));
#8374=AXIS2_PLACEMENT_3D('',#8371,#8372,#8373);
#8375=PLANE('',#8374);
#8376=ORIENTED_EDGE('',*,*,#5060,.T.);
#8378=ORIENTED_EDGE('',*,*,#8377,.F.);
#8379=ORIENTED_EDGE('',*,*,#4465,.F.);
#8381=ORIENTED_EDGE('',*,*,#8380,.T.);
#8382=EDGE_LOOP('',(#8376,#8378,#8379,#8381));
#8383=FACE_OUTER_BOUND('',#8382,.F.);
#8384=ADVANCED_FACE('',(#8383),#8375,.F.);
#8385=CARTESIAN_POINT('',(1.1355E1,1.585E0,1.5E0));
#8386=DIRECTION('',(0.E0,0.E0,1.E0));
#8387=DIRECTION('',(1.E0,0.E0,0.E0));
#8388=AXIS2_PLACEMENT_3D('',#8385,#8386,#8387);
#8389=PLANE('',#8388);
#8390=ORIENTED_EDGE('',*,*,#5066,.T.);
#8392=ORIENTED_EDGE('',*,*,#8391,.F.);
#8393=ORIENTED_EDGE('',*,*,#4467,.F.);
#8394=ORIENTED_EDGE('',*,*,#8377,.T.);
#8395=EDGE_LOOP('',(#8390,#8392,#8393,#8394));
#8396=FACE_OUTER_BOUND('',#8395,.F.);
#8397=ADVANCED_FACE('',(#8396),#8389,.F.);
#8398=CARTESIAN_POINT('',(1.2375E1,1.585E0,1.5E0));
#8399=DIRECTION('',(1.E0,0.E0,0.E0));
#8400=DIRECTION('',(0.E0,0.E0,-1.E0));
#8401=AXIS2_PLACEMENT_3D('',#8398,#8399,#8400);
#8402=PLANE('',#8401);
#8403=ORIENTED_EDGE('',*,*,#5064,.T.);
#8405=ORIENTED_EDGE('',*,*,#8404,.F.);
#8406=ORIENTED_EDGE('',*,*,#4469,.F.);
#8407=ORIENTED_EDGE('',*,*,#8391,.T.);
#8408=EDGE_LOOP('',(#8403,#8405,#8406,#8407));
#8409=FACE_OUTER_BOUND('',#8408,.F.);
#8410=ADVANCED_FACE('',(#8409),#8402,.F.);
#8411=CARTESIAN_POINT('',(1.2375E1,1.585E0,-1.5E0));
#8412=DIRECTION('',(0.E0,0.E0,-1.E0));
#8413=DIRECTION('',(-1.E0,0.E0,0.E0));
#8414=AXIS2_PLACEMENT_3D('',#8411,#8412,#8413);
#8415=PLANE('',#8414);
#8416=ORIENTED_EDGE('',*,*,#5062,.T.);
#8417=ORIENTED_EDGE('',*,*,#8380,.F.);
#8418=ORIENTED_EDGE('',*,*,#4471,.F.);
#8419=ORIENTED_EDGE('',*,*,#8404,.T.);
#8420=EDGE_LOOP('',(#8416,#8417,#8418,#8419));
#8421=FACE_OUTER_BOUND('',#8420,.F.);
#8422=ADVANCED_FACE('',(#8421),#8415,.F.);
#8423=CARTESIAN_POINT('',(1.5315E1,1.585E0,-1.5E0));
#8424=DIRECTION('',(-1.E0,0.E0,0.E0));
#8425=DIRECTION('',(0.E0,0.E0,1.E0));
#8426=AXIS2_PLACEMENT_3D('',#8423,#8424,#8425);
#8427=PLANE('',#8426);
#8428=ORIENTED_EDGE('',*,*,#5085,.T.);
#8430=ORIENTED_EDGE('',*,*,#8429,.F.);
#8431=ORIENTED_EDGE('',*,*,#4237,.F.);
#8433=ORIENTED_EDGE('',*,*,#8432,.T.);
#8434=EDGE_LOOP('',(#8428,#8430,#8431,#8433));
#8435=FACE_OUTER_BOUND('',#8434,.F.);
#8436=ADVANCED_FACE('',(#8435),#8427,.F.);
#8437=CARTESIAN_POINT('',(1.5315E1,1.585E0,1.5E0));
#8438=DIRECTION('',(0.E0,0.E0,1.E0));
#8439=DIRECTION('',(1.E0,0.E0,0.E0));
#8440=AXIS2_PLACEMENT_3D('',#8437,#8438,#8439);
#8441=PLANE('',#8440);
#8442=ORIENTED_EDGE('',*,*,#5091,.T.);
#8444=ORIENTED_EDGE('',*,*,#8443,.F.);
#8445=ORIENTED_EDGE('',*,*,#4239,.F.);
#8446=ORIENTED_EDGE('',*,*,#8429,.T.);
#8447=EDGE_LOOP('',(#8442,#8444,#8445,#8446));
#8448=FACE_OUTER_BOUND('',#8447,.F.);
#8449=ADVANCED_FACE('',(#8448),#8441,.F.);
#8450=CARTESIAN_POINT('',(1.6335E1,1.585E0,1.5E0));
#8451=DIRECTION('',(1.E0,0.E0,0.E0));
#8452=DIRECTION('',(0.E0,0.E0,-1.E0));
#8453=AXIS2_PLACEMENT_3D('',#8450,#8451,#8452);
#8454=PLANE('',#8453);
#8455=ORIENTED_EDGE('',*,*,#5089,.T.);
#8457=ORIENTED_EDGE('',*,*,#8456,.F.);
#8458=ORIENTED_EDGE('',*,*,#4241,.F.);
#8459=ORIENTED_EDGE('',*,*,#8443,.T.);
#8460=EDGE_LOOP('',(#8455,#8457,#8458,#8459));
#8461=FACE_OUTER_BOUND('',#8460,.F.);
#8462=ADVANCED_FACE('',(#8461),#8454,.F.);
#8463=CARTESIAN_POINT('',(1.6335E1,1.585E0,-1.5E0));
#8464=DIRECTION('',(0.E0,0.E0,-1.E0));
#8465=DIRECTION('',(-1.E0,0.E0,0.E0));
#8466=AXIS2_PLACEMENT_3D('',#8463,#8464,#8465);
#8467=PLANE('',#8466);
#8468=ORIENTED_EDGE('',*,*,#5087,.T.);
#8469=ORIENTED_EDGE('',*,*,#8432,.F.);
#8470=ORIENTED_EDGE('',*,*,#4243,.F.);
#8471=ORIENTED_EDGE('',*,*,#8456,.T.);
#8472=EDGE_LOOP('',(#8468,#8469,#8470,#8471));
#8473=FACE_OUTER_BOUND('',#8472,.F.);
#8474=ADVANCED_FACE('',(#8473),#8467,.F.);
#8475=CARTESIAN_POINT('',(1.9275E1,1.585E0,-1.5E0));
#8476=DIRECTION('',(-1.E0,0.E0,0.E0));
#8477=DIRECTION('',(0.E0,0.E0,1.E0));
#8478=AXIS2_PLACEMENT_3D('',#8475,#8476,#8477);
#8479=PLANE('',#8478);
#8480=ORIENTED_EDGE('',*,*,#5124,.T.);
#8482=ORIENTED_EDGE('',*,*,#8481,.F.);
#8483=ORIENTED_EDGE('',*,*,#4185,.F.);
#8485=ORIENTED_EDGE('',*,*,#8484,.T.);
#8486=EDGE_LOOP('',(#8480,#8482,#8483,#8485));
#8487=FACE_OUTER_BOUND('',#8486,.F.);
#8488=ADVANCED_FACE('',(#8487),#8479,.F.);
#8489=CARTESIAN_POINT('',(1.9275E1,1.585E0,1.5E0));
#8490=DIRECTION('',(0.E0,0.E0,1.E0));
#8491=DIRECTION('',(1.E0,0.E0,0.E0));
#8492=AXIS2_PLACEMENT_3D('',#8489,#8490,#8491);
#8493=PLANE('',#8492);
#8494=ORIENTED_EDGE('',*,*,#5130,.T.);
#8496=ORIENTED_EDGE('',*,*,#8495,.F.);
#8497=ORIENTED_EDGE('',*,*,#4187,.F.);
#8498=ORIENTED_EDGE('',*,*,#8481,.T.);
#8499=EDGE_LOOP('',(#8494,#8496,#8497,#8498));
#8500=FACE_OUTER_BOUND('',#8499,.F.);
#8501=ADVANCED_FACE('',(#8500),#8493,.F.);
#8502=CARTESIAN_POINT('',(2.0295E1,1.585E0,1.5E0));
#8503=DIRECTION('',(1.E0,0.E0,0.E0));
#8504=DIRECTION('',(0.E0,0.E0,-1.E0));
#8505=AXIS2_PLACEMENT_3D('',#8502,#8503,#8504);
#8506=PLANE('',#8505);
#8507=ORIENTED_EDGE('',*,*,#5128,.T.);
#8509=ORIENTED_EDGE('',*,*,#8508,.F.);
#8510=ORIENTED_EDGE('',*,*,#4189,.F.);
#8511=ORIENTED_EDGE('',*,*,#8495,.T.);
#8512=EDGE_LOOP('',(#8507,#8509,#8510,#8511));
#8513=FACE_OUTER_BOUND('',#8512,.F.);
#8514=ADVANCED_FACE('',(#8513),#8506,.F.);
#8515=CARTESIAN_POINT('',(2.0295E1,1.585E0,-1.5E0));
#8516=DIRECTION('',(0.E0,0.E0,-1.E0));
#8517=DIRECTION('',(-1.E0,0.E0,0.E0));
#8518=AXIS2_PLACEMENT_3D('',#8515,#8516,#8517);
#8519=PLANE('',#8518);
#8520=ORIENTED_EDGE('',*,*,#5126,.T.);
#8521=ORIENTED_EDGE('',*,*,#8484,.F.);
#8522=ORIENTED_EDGE('',*,*,#4191,.F.);
#8523=ORIENTED_EDGE('',*,*,#8508,.T.);
#8524=EDGE_LOOP('',(#8520,#8521,#8522,#8523));
#8525=FACE_OUTER_BOUND('',#8524,.F.);
#8526=ADVANCED_FACE('',(#8525),#8519,.F.);
#8527=CLOSED_SHELL('',(#4120,#4137,#4153,#4169,#4195,#4221,#4247,#4273,#4299,
#4325,#4351,#4377,#4410,#4443,#4475,#4511,#4547,#4582,#4618,#4633,#4647,#4662,
#4676,#4691,#4709,#4721,#4735,#4748,#4762,#4775,#4788,#4801,#4814,#4831,#4845,
#4870,#4895,#4920,#4945,#4970,#4995,#5020,#5045,#5070,#5095,#5109,#5134,#5148,
#5327,#5340,#5359,#5374,#5390,#5403,#5417,#5432,#5445,#5455,#5473,#5485,#5497,
#5512,#5525,#5535,#5547,#5560,#5579,#5591,#5607,#5622,#5641,#5654,#5667,#5682,
#5695,#5705,#5720,#5733,#5743,#5755,#5767,#5780,#5799,#5811,#5827,#5842,#5861,
#5874,#5887,#5902,#5915,#5925,#5940,#5953,#5963,#5975,#5987,#6000,#6019,#6031,
#6047,#6062,#6081,#6094,#6107,#6122,#6135,#6145,#6160,#6173,#6183,#6195,#6207,
#6220,#6239,#6251,#6267,#6282,#6301,#6314,#6327,#6342,#6355,#6365,#6380,#6393,
#6403,#6415,#6427,#6440,#6459,#6471,#6487,#6502,#6521,#6534,#6547,#6562,#6575,
#6585,#6600,#6613,#6623,#6635,#6647,#6660,#6679,#6691,#6707,#6722,#6741,#6754,
#6767,#6782,#6795,#6805,#6820,#6833,#6843,#6855,#6867,#6880,#6899,#6911,#6927,
#6942,#6961,#6974,#6987,#7002,#7015,#7025,#7040,#7053,#7063,#7075,#7087,#7100,
#7119,#7131,#7147,#7162,#7181,#7194,#7207,#7222,#7235,#7245,#7260,#7273,#7283,
#7295,#7307,#7320,#7339,#7351,#7367,#7382,#7401,#7414,#7427,#7442,#7455,#7465,
#7480,#7493,#7503,#7515,#7527,#7540,#7559,#7571,#7587,#7602,#7621,#7634,#7647,
#7662,#7675,#7685,#7700,#7713,#7723,#7735,#7747,#7760,#7778,#7794,#7809,#7828,
#7841,#7854,#7869,#7882,#7892,#7907,#7920,#7930,#7942,#7954,#7968,#7981,#7994,
#8006,#8020,#8033,#8046,#8058,#8072,#8085,#8098,#8110,#8124,#8137,#8150,#8162,
#8176,#8189,#8202,#8214,#8228,#8241,#8254,#8266,#8280,#8293,#8306,#8318,#8332,
#8345,#8358,#8370,#8384,#8397,#8410,#8422,#8436,#8449,#8462,#8474,#8488,#8501,
#8514,#8526));
#8528=MANIFOLD_SOLID_BREP('',#8527);
#8529=CARTESIAN_POINT('',(0.E0,0.E0,0.E0));
#8530=DIRECTION('',(0.E0,0.E0,1.E0));
#8531=DIRECTION('',(1.E0,0.E0,0.E0));
#8532=AXIS2_PLACEMENT_3D('CSYS',#8529,#8530,#8531);
#8533=DIRECTION('',(0.E0,1.E0,0.E0));
#8534=VECTOR('',#8533,1.905E1);
#8535=CARTESIAN_POINT('',(-2.1795E1,-6.035E0,0.E0));
#8536=LINE('',#8535,#8534);
#8539=DIRECTION('',(0.E0,1.E0,0.E0));
#8540=VECTOR('',#8539,1.905E1);
#8541=CARTESIAN_POINT('',(-1.7835E1,-6.035E0,0.E0));
#8542=LINE('',#8541,#8540);
#8544=DIRECTION('',(0.E0,1.E0,0.E0));
#8545=VECTOR('',#8544,1.905E1);
#8546=CARTESIAN_POINT('',(-1.3875E1,-6.035E0,0.E0));
#8547=LINE('',#8546,#8545);
#8549=DIRECTION('',(0.E0,1.E0,0.E0));
#8550=VECTOR('',#8549,1.905E1);
#8551=CARTESIAN_POINT('',(-9.915E0,-6.035E0,0.E0));
#8552=LINE('',#8551,#8550);
#8554=DIRECTION('',(0.E0,1.E0,0.E0));
#8555=VECTOR('',#8554,1.905E1);
#8556=CARTESIAN_POINT('',(-5.955E0,-6.035E0,0.E0));
#8557=LINE('',#8556,#8555);
#8559=DIRECTION('',(0.E0,1.E0,0.E0));
#8560=VECTOR('',#8559,1.905E1);
#8561=CARTESIAN_POINT('',(-1.995E0,-6.035E0,0.E0));
#8562=LINE('',#8561,#8560);
#8564=DIRECTION('',(0.E0,1.E0,0.E0));
#8565=VECTOR('',#8564,1.905E1);
#8566=CARTESIAN_POINT('',(1.965E0,-6.035E0,0.E0));
#8567=LINE('',#8566,#8565);
#8569=DIRECTION('',(0.E0,1.E0,0.E0));
#8570=VECTOR('',#8569,1.905E1);
#8571=CARTESIAN_POINT('',(5.925E0,-6.035E0,0.E0));
#8572=LINE('',#8571,#8570);
#8574=DIRECTION('',(0.E0,1.E0,0.E0));
#8575=VECTOR('',#8574,1.905E1);
#8576=CARTESIAN_POINT('',(9.885E0,-6.035E0,0.E0));
#8577=LINE('',#8576,#8575);
#8579=DIRECTION('',(0.E0,1.E0,0.E0));
#8580=VECTOR('',#8579,1.905E1);
#8581=CARTESIAN_POINT('',(1.3845E1,-6.035E0,0.E0));
#8582=LINE('',#8581,#8580);
#8584=DIRECTION('',(0.E0,1.E0,0.E0));
#8585=VECTOR('',#8584,1.905E1);
#8586=CARTESIAN_POINT('',(1.7805E1,-6.035E0,0.E0));
#8587=LINE('',#8586,#8585);
#8589=DIRECTION('',(0.E0,1.E0,0.E0));
#8590=VECTOR('',#8589,1.905E1);
#8591=CARTESIAN_POINT('',(2.1765E1,-6.035E0,0.E0));
#8592=LINE('',#8591,#8590);
#8594=CARTESIAN_POINT('',(-2.1795E1,-1.585E0,0.E0));
#8595=DIRECTION('',(0.E0,-1.E0,0.E0));
#8596=DIRECTION('',(1.E0,0.E0,0.E0));
#8597=AXIS2_PLACEMENT_3D('',#8594,#8595,#8596);
#8601=CARTESIAN_POINT('',(-2.1795E1,-1.585E0,0.E0));
#8602=DIRECTION('',(0.E0,-1.E0,0.E0));
#8603=DIRECTION('',(-1.E0,0.E0,0.E0));
#8604=AXIS2_PLACEMENT_3D('',#8601,#8602,#8603);
#8609=CARTESIAN_POINT('',(-1.7835E1,-1.585E0,0.E0));
#8610=DIRECTION('',(0.E0,-1.E0,0.E0));
#8611=DIRECTION('',(1.E0,0.E0,0.E0));
#8612=AXIS2_PLACEMENT_3D('',#8609,#8610,#8611);
#8616=CARTESIAN_POINT('',(-1.7835E1,-1.585E0,0.E0));
#8617=DIRECTION('',(0.E0,-1.E0,0.E0));
#8618=DIRECTION('',(-1.E0,0.E0,0.E0));
#8619=AXIS2_PLACEMENT_3D('',#8616,#8617,#8618);
#8624=CARTESIAN_POINT('',(-1.3875E1,-1.585E0,0.E0));
#8625=DIRECTION('',(0.E0,-1.E0,0.E0));
#8626=DIRECTION('',(1.E0,0.E0,0.E0));
#8627=AXIS2_PLACEMENT_3D('',#8624,#8625,#8626);
#8631=CARTESIAN_POINT('',(-1.3875E1,-1.585E0,0.E0));
#8632=DIRECTION('',(0.E0,-1.E0,0.E0));
#8633=DIRECTION('',(-1.E0,0.E0,0.E0));
#8634=AXIS2_PLACEMENT_3D('',#8631,#8632,#8633);
#8639=CARTESIAN_POINT('',(-9.915E0,-1.585E0,0.E0));
#8640=DIRECTION('',(0.E0,-1.E0,0.E0));
#8641=DIRECTION('',(1.E0,0.E0,0.E0));
#8642=AXIS2_PLACEMENT_3D('',#8639,#8640,#8641);
#8646=CARTESIAN_POINT('',(-9.915E0,-1.585E0,0.E0));
#8647=DIRECTION('',(0.E0,-1.E0,0.E0));
#8648=DIRECTION('',(-1.E0,0.E0,0.E0));
#8649=AXIS2_PLACEMENT_3D('',#8646,#8647,#8648);
#8654=CARTESIAN_POINT('',(-5.955E0,-1.585E0,0.E0));
#8655=DIRECTION('',(0.E0,-1.E0,0.E0));
#8656=DIRECTION('',(1.E0,0.E0,0.E0));
#8657=AXIS2_PLACEMENT_3D('',#8654,#8655,#8656);
#8661=CARTESIAN_POINT('',(-5.955E0,-1.585E0,0.E0));
#8662=DIRECTION('',(0.E0,-1.E0,0.E0));
#8663=DIRECTION('',(-1.E0,0.E0,0.E0));
#8664=AXIS2_PLACEMENT_3D('',#8661,#8662,#8663);
#8669=CARTESIAN_POINT('',(-1.995E0,-1.585E0,0.E0));
#8670=DIRECTION('',(0.E0,-1.E0,0.E0));
#8671=DIRECTION('',(1.E0,0.E0,0.E0));
#8672=AXIS2_PLACEMENT_3D('',#8669,#8670,#8671);
#8676=CARTESIAN_POINT('',(-1.995E0,-1.585E0,0.E0));
#8677=DIRECTION('',(0.E0,-1.E0,0.E0));
#8678=DIRECTION('',(-1.E0,0.E0,0.E0));
#8679=AXIS2_PLACEMENT_3D('',#8676,#8677,#8678);
#8684=CARTESIAN_POINT('',(1.965E0,-1.585E0,0.E0));
#8685=DIRECTION('',(0.E0,-1.E0,0.E0));
#8686=DIRECTION('',(1.E0,0.E0,0.E0));
#8687=AXIS2_PLACEMENT_3D('',#8684,#8685,#8686);
#8691=CARTESIAN_POINT('',(1.965E0,-1.585E0,0.E0));
#8692=DIRECTION('',(0.E0,-1.E0,0.E0));
#8693=DIRECTION('',(-1.E0,0.E0,0.E0));
#8694=AXIS2_PLACEMENT_3D('',#8691,#8692,#8693);
#8699=CARTESIAN_POINT('',(5.925E0,-1.585E0,0.E0));
#8700=DIRECTION('',(0.E0,-1.E0,0.E0));
#8701=DIRECTION('',(1.E0,0.E0,0.E0));
#8702=AXIS2_PLACEMENT_3D('',#8699,#8700,#8701);
#8706=CARTESIAN_POINT('',(5.925E0,-1.585E0,0.E0));
#8707=DIRECTION('',(0.E0,-1.E0,0.E0));
#8708=DIRECTION('',(-1.E0,0.E0,0.E0));
#8709=AXIS2_PLACEMENT_3D('',#8706,#8707,#8708);
#8714=CARTESIAN_POINT('',(9.885E0,-1.585E0,0.E0));
#8715=DIRECTION('',(0.E0,-1.E0,0.E0));
#8716=DIRECTION('',(1.E0,0.E0,0.E0));
#8717=AXIS2_PLACEMENT_3D('',#8714,#8715,#8716);
#8721=CARTESIAN_POINT('',(9.885E0,-1.585E0,0.E0));
#8722=DIRECTION('',(0.E0,-1.E0,0.E0));
#8723=DIRECTION('',(-1.E0,0.E0,0.E0));
#8724=AXIS2_PLACEMENT_3D('',#8721,#8722,#8723);
#8729=CARTESIAN_POINT('',(1.3845E1,-1.585E0,0.E0));
#8730=DIRECTION('',(0.E0,-1.E0,0.E0));
#8731=DIRECTION('',(1.E0,0.E0,0.E0));
#8732=AXIS2_PLACEMENT_3D('',#8729,#8730,#8731);
#8736=CARTESIAN_POINT('',(1.3845E1,-1.585E0,0.E0));
#8737=DIRECTION('',(0.E0,-1.E0,0.E0));
#8738=DIRECTION('',(-1.E0,0.E0,0.E0));
#8739=AXIS2_PLACEMENT_3D('',#8736,#8737,#8738);
#8744=CARTESIAN_POINT('',(1.7805E1,-1.585E0,0.E0));
#8745=DIRECTION('',(0.E0,-1.E0,0.E0));
#8746=DIRECTION('',(1.E0,0.E0,0.E0));
#8747=AXIS2_PLACEMENT_3D('',#8744,#8745,#8746);
#8751=CARTESIAN_POINT('',(1.7805E1,-1.585E0,0.E0));
#8752=DIRECTION('',(0.E0,-1.E0,0.E0));
#8753=DIRECTION('',(-1.E0,0.E0,0.E0));
#8754=AXIS2_PLACEMENT_3D('',#8751,#8752,#8753);
#8759=CARTESIAN_POINT('',(2.1765E1,-1.585E0,0.E0));
#8760=DIRECTION('',(0.E0,-1.E0,0.E0));
#8761=DIRECTION('',(1.E0,0.E0,0.E0));
#8762=AXIS2_PLACEMENT_3D('',#8759,#8760,#8761);
#8766=CARTESIAN_POINT('',(2.1765E1,-1.585E0,0.E0));
#8767=DIRECTION('',(0.E0,-1.E0,0.E0));
#8768=DIRECTION('',(-1.E0,0.E0,0.E0));
#8769=AXIS2_PLACEMENT_3D('',#8766,#8767,#8768);
#8775=DIMENSIONAL_EXPONENTS(0.E0,0.E0,0.E0,0.E0,0.E0,0.E0,0.E0);
#8777=PLANE_ANGLE_MEASURE_WITH_UNIT(PLANE_ANGLE_MEASURE(1.745329251994E-2),
#8776);
#8778=(CONVERSION_BASED_UNIT('DEGREE',#8777)NAMED_UNIT(*)PLANE_ANGLE_UNIT());
#8780=UNCERTAINTY_MEASURE_WITH_UNIT(LENGTH_MEASURE(5.241900762721E-3),#8774,
'closure',
'Maximum model space distance between geometric entities at asserted connectivities');
#8781=(GEOMETRIC_REPRESENTATION_CONTEXT(3)GLOBAL_UNCERTAINTY_ASSIGNED_CONTEXT((
#8780))GLOBAL_UNIT_ASSIGNED_CONTEXT((#8774,#8778,#8779))REPRESENTATION_CONTEXT(
'ID1','3'));
#8538=GEOMETRIC_SET('',(#8537,#8543,#8548,#8553,#8558,#8563,#8568,#8573,#8578,
#8583,#8588,#8593,#8608,#8623,#8638,#8653,#8668,#8683,#8698,#8713,#8728,#8743,
#8758,#8773));
#8785=SHAPE_REPRESENTATION_RELATIONSHIP('','',#8784,#8782);
#8786=SHAPE_REPRESENTATION_RELATIONSHIP('','',#8784,#8783);
#8787=APPLICATION_CONTEXT(
'CONFIGURATION CONTROLLED 3D DESIGNS OF MECHANICAL PARTS AND ASSEMBLIES');
#8788=APPLICATION_PROTOCOL_DEFINITION('international standard',
'config_control_design',1994,#8787);
#8789=DESIGN_CONTEXT('',#8787,'design');
#8790=MECHANICAL_CONTEXT('',#8787,'mechanical');
#8791=PRODUCT('026192121','026192121','NOT SPECIFIED',(#8790));
#8792=PRODUCT_DEFINITION_FORMATION_WITH_SPECIFIED_SOURCE('1','LAST_VERSION',
#8791,.MADE.);
#8796=PRODUCT_CATEGORY('part','');
#8797=PRODUCT_RELATED_PRODUCT_CATEGORY('detail','',(#8791));
#8798=PRODUCT_CATEGORY_RELATIONSHIP('','',#8796,#8797);
#8799=SECURITY_CLASSIFICATION_LEVEL('unclassified');
#8800=SECURITY_CLASSIFICATION('','',#8799);
#8801=CC_DESIGN_SECURITY_CLASSIFICATION(#8800,(#8792));
#8802=APPROVAL_STATUS('approved');
#8803=APPROVAL(#8802,'');
#8804=CC_DESIGN_APPROVAL(#8803,(#8800,#8792,#8793));
#8805=CALENDAR_DATE(114,8,9);
#8806=COORDINATED_UNIVERSAL_TIME_OFFSET(5,30,.AHEAD.);
#8807=LOCAL_TIME(15,55,4.5E1,#8806);
#8808=DATE_AND_TIME(#8805,#8807);
#8809=APPROVAL_DATE_TIME(#8808,#8803);
#8810=DATE_TIME_ROLE('creation_date');
#8811=CC_DESIGN_DATE_AND_TIME_ASSIGNMENT(#8808,#8810,(#8793));
#8812=DATE_TIME_ROLE('classification_date');
#8813=CC_DESIGN_DATE_AND_TIME_ASSIGNMENT(#8808,#8812,(#8800));
#8814=PERSON('UNSPECIFIED','UNSPECIFIED',$,$,$,$);
#8815=ORGANIZATION('UNSPECIFIED','UNSPECIFIED','UNSPECIFIED');
#8816=PERSON_AND_ORGANIZATION(#8814,#8815);
#8817=APPROVAL_ROLE('approver');
#8818=APPROVAL_PERSON_ORGANIZATION(#8816,#8803,#8817);
#8819=PERSON_AND_ORGANIZATION_ROLE('creator');
#8820=CC_DESIGN_PERSON_AND_ORGANIZATION_ASSIGNMENT(#8816,#8819,(#8792,#8793));
#8821=PERSON_AND_ORGANIZATION_ROLE('design_supplier');
#8822=CC_DESIGN_PERSON_AND_ORGANIZATION_ASSIGNMENT(#8816,#8821,(#8792));
#8823=PERSON_AND_ORGANIZATION_ROLE('classification_officer');
#8824=CC_DESIGN_PERSON_AND_ORGANIZATION_ASSIGNMENT(#8816,#8823,(#8800));
#8825=PERSON_AND_ORGANIZATION_ROLE('design_owner');
#8826=CC_DESIGN_PERSON_AND_ORGANIZATION_ASSIGNMENT(#8816,#8825,(#8791));
#1445=CIRCLE('',#1444,5.7E-1);
#1450=CIRCLE('',#1449,5.7E-1);
#1463=CIRCLE('',#1462,5.7E-1);
#1480=CIRCLE('',#1479,5.7E-1);
#1493=CIRCLE('',#1492,5.7E-1);
#1502=CIRCLE('',#1501,5.7E-1);
#1507=CIRCLE('',#1506,2.3E-1);
#1512=CIRCLE('',#1511,2.3E-1);
#1521=CIRCLE('',#1520,5.7E-1);
#1526=CIRCLE('',#1525,5.7E-1);
#1539=CIRCLE('',#1538,2.3E-1);
#1548=CIRCLE('',#1547,2.3E-1);
#1565=CIRCLE('',#1564,5.7E-1);
#1570=CIRCLE('',#1569,5.7E-1);
#1579=CIRCLE('',#1578,5.7E-1);
#1584=CIRCLE('',#1583,5.7E-1);
#1589=CIRCLE('',#1588,5.7E-1);
#1614=CIRCLE('',#1613,5.7E-1);
#1627=CIRCLE('',#1626,5.7E-1);
#1636=CIRCLE('',#1635,5.7E-1);
#1641=CIRCLE('',#1640,2.3E-1);
#1646=CIRCLE('',#1645,2.3E-1);
#1655=CIRCLE('',#1654,2.3E-1);
#1664=CIRCLE('',#1663,2.3E-1);
#1685=CIRCLE('',#1684,5.7E-1);
#1690=CIRCLE('',#1689,5.7E-1);
#1699=CIRCLE('',#1698,5.7E-1);
#1704=CIRCLE('',#1703,5.7E-1);
#1709=CIRCLE('',#1708,5.7E-1);
#1734=CIRCLE('',#1733,5.7E-1);
#1747=CIRCLE('',#1746,5.7E-1);
#1756=CIRCLE('',#1755,5.7E-1);
#1761=CIRCLE('',#1760,2.3E-1);
#1766=CIRCLE('',#1765,2.3E-1);
#1775=CIRCLE('',#1774,2.3E-1);
#1784=CIRCLE('',#1783,2.3E-1);
#1805=CIRCLE('',#1804,5.7E-1);
#1810=CIRCLE('',#1809,5.7E-1);
#1819=CIRCLE('',#1818,5.7E-1);
#1824=CIRCLE('',#1823,5.7E-1);
#1829=CIRCLE('',#1828,5.7E-1);
#1854=CIRCLE('',#1853,5.7E-1);
#1867=CIRCLE('',#1866,5.7E-1);
#1876=CIRCLE('',#1875,5.7E-1);
#1881=CIRCLE('',#1880,2.3E-1);
#1886=CIRCLE('',#1885,2.3E-1);
#1895=CIRCLE('',#1894,2.3E-1);
#1904=CIRCLE('',#1903,2.3E-1);
#1925=CIRCLE('',#1924,5.7E-1);
#1930=CIRCLE('',#1929,5.7E-1);
#1939=CIRCLE('',#1938,5.7E-1);
#1944=CIRCLE('',#1943,5.7E-1);
#1949=CIRCLE('',#1948,5.7E-1);
#1974=CIRCLE('',#1973,5.7E-1);
#1987=CIRCLE('',#1986,5.7E-1);
#1996=CIRCLE('',#1995,5.7E-1);
#2001=CIRCLE('',#2000,2.3E-1);
#2006=CIRCLE('',#2005,2.3E-1);
#2015=CIRCLE('',#2014,2.3E-1);
#2024=CIRCLE('',#2023,2.3E-1);
#2045=CIRCLE('',#2044,5.7E-1);
#2050=CIRCLE('',#2049,5.7E-1);
#2059=CIRCLE('',#2058,5.7E-1);
#2064=CIRCLE('',#2063,5.7E-1);
#2069=CIRCLE('',#2068,5.7E-1);
#2094=CIRCLE('',#2093,5.7E-1);
#2107=CIRCLE('',#2106,5.7E-1);
#2116=CIRCLE('',#2115,5.7E-1);
#2121=CIRCLE('',#2120,2.3E-1);
#2126=CIRCLE('',#2125,2.3E-1);
#2135=CIRCLE('',#2134,2.3E-1);
#2144=CIRCLE('',#2143,2.3E-1);
#2165=CIRCLE('',#2164,5.7E-1);
#2170=CIRCLE('',#2169,5.7E-1);
#2179=CIRCLE('',#2178,5.7E-1);
#2184=CIRCLE('',#2183,5.7E-1);
#2189=CIRCLE('',#2188,5.7E-1);
#2214=CIRCLE('',#2213,5.7E-1);
#2227=CIRCLE('',#2226,5.7E-1);
#2236=CIRCLE('',#2235,5.7E-1);
#2241=CIRCLE('',#2240,2.3E-1);
#2246=CIRCLE('',#2245,2.3E-1);
#2255=CIRCLE('',#2254,2.3E-1);
#2264=CIRCLE('',#2263,2.3E-1);
#2285=CIRCLE('',#2284,5.7E-1);
#2290=CIRCLE('',#2289,5.7E-1);
#2299=CIRCLE('',#2298,5.7E-1);
#2304=CIRCLE('',#2303,5.7E-1);
#2309=CIRCLE('',#2308,5.7E-1);
#2334=CIRCLE('',#2333,5.7E-1);
#2347=CIRCLE('',#2346,5.7E-1);
#2356=CIRCLE('',#2355,5.7E-1);
#2361=CIRCLE('',#2360,2.3E-1);
#2366=CIRCLE('',#2365,2.3E-1);
#2375=CIRCLE('',#2374,2.3E-1);
#2384=CIRCLE('',#2383,2.3E-1);
#2405=CIRCLE('',#2404,5.7E-1);
#2410=CIRCLE('',#2409,5.7E-1);
#2419=CIRCLE('',#2418,5.7E-1);
#2424=CIRCLE('',#2423,5.7E-1);
#2429=CIRCLE('',#2428,5.7E-1);
#2454=CIRCLE('',#2453,5.7E-1);
#2467=CIRCLE('',#2466,5.7E-1);
#2476=CIRCLE('',#2475,5.7E-1);
#2481=CIRCLE('',#2480,2.3E-1);
#2486=CIRCLE('',#2485,2.3E-1);
#2495=CIRCLE('',#2494,2.3E-1);
#2504=CIRCLE('',#2503,2.3E-1);
#2525=CIRCLE('',#2524,5.7E-1);
#2530=CIRCLE('',#2529,5.7E-1);
#2539=CIRCLE('',#2538,5.7E-1);
#2544=CIRCLE('',#2543,5.7E-1);
#2549=CIRCLE('',#2548,5.7E-1);
#2574=CIRCLE('',#2573,5.7E-1);
#2587=CIRCLE('',#2586,5.7E-1);
#2596=CIRCLE('',#2595,5.7E-1);
#2601=CIRCLE('',#2600,2.3E-1);
#2606=CIRCLE('',#2605,2.3E-1);
#2615=CIRCLE('',#2614,2.3E-1);
#2624=CIRCLE('',#2623,2.3E-1);
#2645=CIRCLE('',#2644,5.7E-1);
#2650=CIRCLE('',#2649,5.7E-1);
#2659=CIRCLE('',#2658,5.7E-1);
#2664=CIRCLE('',#2663,5.7E-1);
#2669=CIRCLE('',#2668,5.7E-1);
#2694=CIRCLE('',#2693,5.7E-1);
#2707=CIRCLE('',#2706,5.7E-1);
#2716=CIRCLE('',#2715,5.7E-1);
#2721=CIRCLE('',#2720,2.3E-1);
#2726=CIRCLE('',#2725,2.3E-1);
#2735=CIRCLE('',#2734,2.3E-1);
#2744=CIRCLE('',#2743,2.3E-1);
#2765=CIRCLE('',#2764,5.7E-1);
#2770=CIRCLE('',#2769,5.7E-1);
#2775=CIRCLE('',#2774,5.7E-1);
#2780=CIRCLE('',#2779,5.7E-1);
#2785=CIRCLE('',#2784,5.7E-1);
#2810=CIRCLE('',#2809,5.7E-1);
#2823=CIRCLE('',#2822,5.7E-1);
#2832=CIRCLE('',#2831,5.7E-1);
#2837=CIRCLE('',#2836,2.3E-1);
#2842=CIRCLE('',#2841,2.3E-1);
#2851=CIRCLE('',#2850,2.3E-1);
#2860=CIRCLE('',#2859,2.3E-1);
#3990=EDGE_CURVE('',#3967,#3968,#4,.T.);
#3992=EDGE_CURVE('',#3952,#3967,#720,.T.);
#3994=EDGE_CURVE('',#3952,#3950,#8,.T.);
#3996=EDGE_CURVE('',#3948,#3950,#12,.T.);
#3998=EDGE_CURVE('',#3947,#3948,#16,.T.);
#4000=EDGE_CURVE('',#3092,#3947,#708,.T.);
#4002=EDGE_CURVE('',#3092,#3090,#20,.T.);
#4004=EDGE_CURVE('',#3088,#3090,#24,.T.);
#4006=EDGE_CURVE('',#3087,#3088,#28,.T.);
#4008=EDGE_CURVE('',#3122,#3087,#696,.T.);
#4010=EDGE_CURVE('',#3058,#3122,#672,.T.);
#4012=EDGE_CURVE('',#3058,#3068,#32,.T.);
#4014=EDGE_CURVE('',#3068,#3066,#36,.T.);
#4016=EDGE_CURVE('',#3064,#3066,#40,.T.);
#4018=EDGE_CURVE('',#3063,#3064,#44,.T.);
#4020=EDGE_CURVE('',#3063,#3182,#48,.T.);
#4022=EDGE_CURVE('',#3182,#3180,#52,.T.);
#4024=EDGE_CURVE('',#3178,#3180,#56,.T.);
#4026=EDGE_CURVE('',#3177,#3178,#60,.T.);
#4028=EDGE_CURVE('',#3177,#3206,#64,.T.);
#4030=EDGE_CURVE('',#3206,#3204,#68,.T.);
#4032=EDGE_CURVE('',#3202,#3204,#72,.T.);
#4034=EDGE_CURVE('',#3201,#3202,#76,.T.);
#4036=EDGE_CURVE('',#3201,#3230,#80,.T.);
#4038=EDGE_CURVE('',#3230,#3228,#84,.T.);
#4040=EDGE_CURVE('',#3226,#3228,#88,.T.);
#4042=EDGE_CURVE('',#3225,#3226,#92,.T.);
#4044=EDGE_CURVE('',#3225,#3254,#96,.T.);
#4046=EDGE_CURVE('',#3254,#3252,#100,.T.);
#4048=EDGE_CURVE('',#3250,#3252,#104,.T.);
#4050=EDGE_CURVE('',#3249,#3250,#108,.T.);
#4052=EDGE_CURVE('',#3249,#3482,#112,.T.);
#4054=EDGE_CURVE('',#3482,#3480,#116,.T.);
#4056=EDGE_CURVE('',#3478,#3480,#120,.T.);
#4058=EDGE_CURVE('',#3477,#3478,#124,.T.);
#4060=EDGE_CURVE('',#3477,#3538,#128,.T.);
#4062=EDGE_CURVE('',#3538,#3536,#132,.T.);
#4064=EDGE_CURVE('',#3534,#3536,#136,.T.);
#4066=EDGE_CURVE('',#3533,#3534,#140,.T.);
#4068=EDGE_CURVE('',#3533,#3608,#144,.T.);
#4070=EDGE_CURVE('',#3608,#3606,#148,.T.);
#4072=EDGE_CURVE('',#3604,#3606,#152,.T.);
#4074=EDGE_CURVE('',#3603,#3604,#156,.T.);
#4076=EDGE_CURVE('',#3603,#3676,#160,.T.);
#4078=EDGE_CURVE('',#3676,#3674,#164,.T.);
#4080=EDGE_CURVE('',#3672,#3674,#168,.T.);
#4082=EDGE_CURVE('',#3671,#3672,#172,.T.);
#4084=EDGE_CURVE('',#3671,#3746,#176,.T.);
#4086=EDGE_CURVE('',#3746,#3744,#180,.T.);
#4088=EDGE_CURVE('',#3742,#3744,#184,.T.);
#4090=EDGE_CURVE('',#3741,#3742,#188,.T.);
#4092=EDGE_CURVE('',#3741,#3816,#192,.T.);
#4094=EDGE_CURVE('',#3816,#3814,#196,.T.);
#4096=EDGE_CURVE('',#3812,#3814,#200,.T.);
#4098=EDGE_CURVE('',#3811,#3812,#204,.T.);
#4100=EDGE_CURVE('',#3811,#3884,#208,.T.);
#4102=EDGE_CURVE('',#3884,#3882,#212,.T.);
#4104=EDGE_CURVE('',#3880,#3882,#216,.T.);
#4106=EDGE_CURVE('',#3879,#3880,#220,.T.);
#4108=EDGE_CURVE('',#3879,#3060,#224,.T.);
#4110=EDGE_CURVE('',#3060,#3115,#228,.T.);
#4112=EDGE_CURVE('',#3972,#3115,#728,.T.);
#4114=EDGE_CURVE('',#3972,#3970,#232,.T.);
#4116=EDGE_CURVE('',#3968,#3970,#236,.T.);
#4127=EDGE_CURVE('',#3982,#3968,#576,.T.);
#4129=EDGE_CURVE('',#3978,#3982,#612,.T.);
#4131=EDGE_CURVE('',#3974,#3978,#652,.T.);
#4133=EDGE_CURVE('',#3967,#3974,#712,.T.);
#4143=EDGE_CURVE('',#3127,#3128,#240,.T.);
#4145=EDGE_CURVE('',#3127,#3056,#244,.T.);
#4147=EDGE_CURVE('',#3056,#3892,#1052,.T.);
#4149=EDGE_CURVE('',#3128,#3892,#248,.T.);
#4159=EDGE_CURVE('',#3130,#3051,#688,.T.);
#4161=EDGE_CURVE('',#3136,#3130,#252,.T.);
#4163=EDGE_CURVE('',#3136,#3071,#256,.T.);
#4165=EDGE_CURVE('',#3071,#3051,#1260,.T.);
#4175=EDGE_CURVE('',#3133,#3134,#260,.T.);
#4177=EDGE_CURVE('',#3133,#3887,#264,.T.);
#4179=EDGE_CURVE('',#3887,#3824,#1436,.T.);
#4181=EDGE_CURVE('',#3134,#3824,#268,.T.);
#4185=EDGE_CURVE('',#3939,#3940,#516,.T.);
#4187=EDGE_CURVE('',#3940,#3942,#520,.T.);
#4189=EDGE_CURVE('',#3942,#3944,#524,.T.);
#4191=EDGE_CURVE('',#3944,#3939,#528,.T.);
#4201=EDGE_CURVE('',#3138,#3076,#272,.T.);
#4203=EDGE_CURVE('',#3285,#3138,#276,.T.);
#4205=EDGE_CURVE('',#3285,#3185,#280,.T.);
#4207=EDGE_CURVE('',#3185,#3076,#1276,.T.);
#4211=EDGE_CURVE('',#3107,#3108,#356,.T.);
#4213=EDGE_CURVE('',#3108,#3110,#360,.T.);
#4215=EDGE_CURVE('',#3110,#3112,#364,.T.);
#4217=EDGE_CURVE('',#3112,#3107,#368,.T.);
#4227=EDGE_CURVE('',#3273,#3274,#284,.T.);
#4229=EDGE_CURVE('',#3273,#3819,#288,.T.);
#4231=EDGE_CURVE('',#3819,#3754,#1420,.T.);
#4233=EDGE_CURVE('',#3274,#3754,#292,.T.);
#4237=EDGE_CURVE('',#3871,#3872,#500,.T.);
#4239=EDGE_CURVE('',#3872,#3874,#504,.T.);
#4241=EDGE_CURVE('',#3874,#3876,#508,.T.);
#4243=EDGE_CURVE('',#3876,#3871,#512,.T.);
#4253=EDGE_CURVE('',#3277,#3278,#296,.T.);
#4255=EDGE_CURVE('',#3277,#3679,#300,.T.);
#4257=EDGE_CURVE('',#3679,#3616,#1388,.T.);
#4259=EDGE_CURVE('',#3278,#3616,#304,.T.);
#4263=EDGE_CURVE('',#3733,#3734,#468,.T.);
#4265=EDGE_CURVE('',#3734,#3736,#472,.T.);
#4267=EDGE_CURVE('',#3736,#3738,#476,.T.);
#4269=EDGE_CURVE('',#3738,#3733,#480,.T.);
#4279=EDGE_CURVE('',#3281,#3282,#308,.T.);
#4281=EDGE_CURVE('',#3281,#3611,#312,.T.);
#4283=EDGE_CURVE('',#3611,#3546,#1372,.T.);
#4285=EDGE_CURVE('',#3282,#3546,#316,.T.);
#4289=EDGE_CURVE('',#3663,#3664,#452,.T.);
#4291=EDGE_CURVE('',#3664,#3666,#456,.T.);
#4293=EDGE_CURVE('',#3666,#3668,#460,.T.);
#4295=EDGE_CURVE('',#3668,#3663,#464,.T.);
#4305=EDGE_CURVE('',#3290,#3190,#320,.T.);
#4307=EDGE_CURVE('',#3293,#3290,#324,.T.);
#4309=EDGE_CURVE('',#3293,#3209,#328,.T.);
#4311=EDGE_CURVE('',#3209,#3190,#1292,.T.);
#4315=EDGE_CURVE('',#3421,#3422,#372,.T.);
#4317=EDGE_CURVE('',#3422,#3424,#376,.T.);
#4319=EDGE_CURVE('',#3424,#3426,#380,.T.);
#4321=EDGE_CURVE('',#3426,#3421,#384,.T.);
#4331=EDGE_CURVE('',#3306,#3238,#332,.T.);
#4333=EDGE_CURVE('',#3309,#3306,#336,.T.);
#4335=EDGE_CURVE('',#3309,#3257,#340,.T.);
#4337=EDGE_CURVE('',#3257,#3238,#1324,.T.);
#4341=EDGE_CURVE('',#3453,#3454,#404,.T.);
#4343=EDGE_CURVE('',#3454,#3456,#408,.T.);
#4345=EDGE_CURVE('',#3456,#3458,#412,.T.);
#4347=EDGE_CURVE('',#3458,#3453,#416,.T.);
#4357=EDGE_CURVE('',#3314,#3262,#344,.T.);
#4359=EDGE_CURVE('',#3525,#3314,#348,.T.);
#4361=EDGE_CURVE('',#3525,#3485,#352,.T.);
#4363=EDGE_CURVE('',#3485,#3262,#1340,.T.);
#4367=EDGE_CURVE('',#3469,#3470,#420,.T.);
#4369=EDGE_CURVE('',#3470,#3472,#424,.T.);
#4371=EDGE_CURVE('',#3472,#3474,#428,.T.);
#4373=EDGE_CURVE('',#3474,#3469,#432,.T.);
#4383=EDGE_CURVE('',#3094,#3298,#532,.T.);
#4385=EDGE_CURVE('',#3094,#3088,#536,.T.);
#4388=EDGE_CURVE('',#3096,#3090,#732,.T.);
#4390=EDGE_CURVE('',#3301,#3096,#540,.T.);
#4392=EDGE_CURVE('',#3301,#3233,#544,.T.);
#4394=EDGE_CURVE('',#3233,#3214,#1308,.T.);
#4396=EDGE_CURVE('',#3298,#3214,#548,.T.);
#4400=EDGE_CURVE('',#3437,#3438,#388,.T.);
#4402=EDGE_CURVE('',#3438,#3440,#392,.T.);
#4404=EDGE_CURVE('',#3440,#3442,#396,.T.);
#4406=EDGE_CURVE('',#3442,#3437,#400,.T.);
#4416=EDGE_CURVE('',#3962,#3530,#552,.T.);
#4418=EDGE_CURVE('',#3962,#3948,#556,.T.);
#4421=EDGE_CURVE('',#3964,#3950,#736,.T.);
#4423=EDGE_CURVE('',#3581,#3964,#560,.T.);
#4425=EDGE_CURVE('',#3581,#3541,#564,.T.);
#4427=EDGE_CURVE('',#3541,#3490,#1356,.T.);
#4429=EDGE_CURVE('',#3530,#3490,#568,.T.);
#4433=EDGE_CURVE('',#3595,#3596,#436,.T.);
#4435=EDGE_CURVE('',#3596,#3598,#440,.T.);
#4437=EDGE_CURVE('',#3598,#3600,#444,.T.);
#4439=EDGE_CURVE('',#3600,#3595,#448,.T.);
#4449=EDGE_CURVE('',#3982,#3722,#572,.T.);
#4453=EDGE_CURVE('',#3984,#3970,#740,.T.);
#4455=EDGE_CURVE('',#3789,#3984,#580,.T.);
#4457=EDGE_CURVE('',#3789,#3749,#584,.T.);
#4459=EDGE_CURVE('',#3749,#3684,#1404,.T.);
#4461=EDGE_CURVE('',#3722,#3684,#588,.T.);
#4465=EDGE_CURVE('',#3803,#3804,#484,.T.);
#4467=EDGE_CURVE('',#3804,#3806,#488,.T.);
#4469=EDGE_CURVE('',#3806,#3808,#492,.T.);
#4471=EDGE_CURVE('',#3808,#3803,#496,.T.);
#4481=EDGE_CURVE('',#3172,#3094,#592,.T.);
#4484=EDGE_CURVE('',#3296,#3298,#2628,.T.);
#4486=EDGE_CURVE('',#3294,#3296,#2553,.T.);
#4488=EDGE_CURVE('',#3293,#3294,#2636,.T.);
#4491=EDGE_CURVE('',#3288,#3290,#2748,.T.);
#4493=EDGE_CURVE('',#3286,#3288,#2673,.T.);
#4495=EDGE_CURVE('',#3285,#3286,#2756,.T.);
#4498=EDGE_CURVE('',#3166,#3138,#2868,.T.);
#4500=EDGE_CURVE('',#3164,#3166,#2789,.T.);
#4502=EDGE_CURVE('',#3136,#3164,#2872,.T.);
#4505=EDGE_CURVE('',#3124,#3130,#684,.T.);
#4507=EDGE_CURVE('',#3124,#3172,#596,.T.);
#4517=EDGE_CURVE('',#3958,#3962,#600,.T.);
#4520=EDGE_CURVE('',#3528,#3530,#2268,.T.);
#4522=EDGE_CURVE('',#3526,#3528,#2193,.T.);
#4524=EDGE_CURVE('',#3525,#3526,#2276,.T.);
#4527=EDGE_CURVE('',#3312,#3314,#2388,.T.);
#4529=EDGE_CURVE('',#3310,#3312,#2313,.T.);
#4531=EDGE_CURVE('',#3309,#3310,#2396,.T.);
#4534=EDGE_CURVE('',#3304,#3306,#2508,.T.);
#4536=EDGE_CURVE('',#3302,#3304,#2433,.T.);
#4538=EDGE_CURVE('',#3301,#3302,#2516,.T.);
#4541=EDGE_CURVE('',#3174,#3096,#604,.T.);
#4543=EDGE_CURVE('',#3174,#3958,#608,.T.);
#4555=EDGE_CURVE('',#3720,#3722,#1908,.T.);
#4557=EDGE_CURVE('',#3718,#3720,#1833,.T.);
#4559=EDGE_CURVE('',#3277,#3718,#1916,.T.);
#4562=EDGE_CURVE('',#3652,#3278,#2028,.T.);
#4564=EDGE_CURVE('',#3650,#3652,#1953,.T.);
#4566=EDGE_CURVE('',#3281,#3650,#2036,.T.);
#4569=EDGE_CURVE('',#3584,#3282,#2148,.T.);
#4571=EDGE_CURVE('',#3582,#3584,#2073,.T.);
#4573=EDGE_CURVE('',#3581,#3582,#2156,.T.);
#4576=EDGE_CURVE('',#3960,#3964,#616,.T.);
#4578=EDGE_CURVE('',#3960,#3978,#620,.T.);
#4588=EDGE_CURVE('',#3980,#3984,#624,.T.);
#4590=EDGE_CURVE('',#3980,#3118,#628,.T.);
#4592=EDGE_CURVE('',#3118,#3127,#744,.T.);
#4595=EDGE_CURVE('',#3928,#3128,#1552,.T.);
#4597=EDGE_CURVE('',#3926,#3928,#1454,.T.);
#4599=EDGE_CURVE('',#3133,#3926,#1440,.T.);
#4602=EDGE_CURVE('',#3860,#3134,#1668,.T.);
#4604=EDGE_CURVE('',#3858,#3860,#1593,.T.);
#4606=EDGE_CURVE('',#3273,#3858,#1676,.T.);
#4609=EDGE_CURVE('',#3792,#3274,#1788,.T.);
#4611=EDGE_CURVE('',#3790,#3792,#1713,.T.);
#4613=EDGE_CURVE('',#3789,#3790,#1796,.T.);
#4627=EDGE_CURVE('',#3168,#3172,#632,.T.);
#4629=EDGE_CURVE('',#3087,#3168,#692,.T.);
#4641=EDGE_CURVE('',#3124,#3121,#680,.T.);
#4643=EDGE_CURVE('',#3121,#3168,#636,.T.);
#4653=EDGE_CURVE('',#3954,#3958,#640,.T.);
#4656=EDGE_CURVE('',#3170,#3174,#644,.T.);
#4658=EDGE_CURVE('',#3170,#3954,#648,.T.);
#4670=EDGE_CURVE('',#3956,#3960,#656,.T.);
#4672=EDGE_CURVE('',#3956,#3974,#660,.T.);
#4682=EDGE_CURVE('',#3976,#3980,#664,.T.);
#4684=EDGE_CURVE('',#3976,#3116,#668,.T.);
#4686=EDGE_CURVE('',#3116,#3118,#748,.T.);
#4698=EDGE_CURVE('',#3121,#3122,#676,.T.);
#4703=EDGE_CURVE('',#3051,#3052,#1256,.T.);
#4705=EDGE_CURVE('',#3058,#3052,#764,.T.);
#4727=EDGE_CURVE('',#3947,#3954,#700,.T.);
#4730=EDGE_CURVE('',#3092,#3170,#704,.T.);
#4743=EDGE_CURVE('',#3952,#3956,#716,.T.);
#4754=EDGE_CURVE('',#3972,#3976,#724,.T.);
#4757=EDGE_CURVE('',#3115,#3116,#752,.T.);
#4825=EDGE_CURVE('',#3060,#3055,#756,.T.);
#4827=EDGE_CURVE('',#3055,#3056,#1056,.T.);
#4837=EDGE_CURVE('',#3068,#3084,#760,.T.);
#4841=EDGE_CURVE('',#3052,#3084,#1252,.T.);
#4851=EDGE_CURVE('',#3182,#3198,#768,.T.);
#4854=EDGE_CURVE('',#3063,#3079,#772,.T.);
#4856=EDGE_CURVE('',#3079,#3198,#1236,.T.);
#4860=EDGE_CURVE('',#3099,#3100,#860,.T.);
#4862=EDGE_CURVE('',#3104,#3099,#864,.T.);
#4864=EDGE_CURVE('',#3102,#3104,#868,.T.);
#4866=EDGE_CURVE('',#3100,#3102,#872,.T.);
#4876=EDGE_CURVE('',#3206,#3222,#776,.T.);
#4879=EDGE_CURVE('',#3177,#3193,#780,.T.);
#4881=EDGE_CURVE('',#3193,#3222,#1220,.T.);
#4885=EDGE_CURVE('',#3413,#3414,#876,.T.);
#4887=EDGE_CURVE('',#3418,#3413,#880,.T.);
#4889=EDGE_CURVE('',#3416,#3418,#884,.T.);
#4891=EDGE_CURVE('',#3414,#3416,#888,.T.);
#4901=EDGE_CURVE('',#3230,#3246,#784,.T.);
#4904=EDGE_CURVE('',#3201,#3217,#788,.T.);
#4906=EDGE_CURVE('',#3217,#3246,#1204,.T.);
#4910=EDGE_CURVE('',#3429,#3430,#892,.T.);
#4912=EDGE_CURVE('',#3434,#3429,#896,.T.);
#4914=EDGE_CURVE('',#3432,#3434,#900,.T.);
#4916=EDGE_CURVE('',#3430,#3432,#904,.T.);
#4926=EDGE_CURVE('',#3254,#3270,#792,.T.);
#4929=EDGE_CURVE('',#3225,#3241,#796,.T.);
#4931=EDGE_CURVE('',#3241,#3270,#1188,.T.);
#4935=EDGE_CURVE('',#3445,#3446,#908,.T.);
#4937=EDGE_CURVE('',#3450,#3445,#912,.T.);
#4939=EDGE_CURVE('',#3448,#3450,#916,.T.);
#4941=EDGE_CURVE('',#3446,#3448,#920,.T.);
#4951=EDGE_CURVE('',#3482,#3498,#800,.T.);
#4954=EDGE_CURVE('',#3249,#3265,#804,.T.);
#4956=EDGE_CURVE('',#3265,#3498,#1172,.T.);
#4960=EDGE_CURVE('',#3461,#3462,#924,.T.);
#4962=EDGE_CURVE('',#3466,#3461,#928,.T.);
#4964=EDGE_CURVE('',#3464,#3466,#932,.T.);
#4966=EDGE_CURVE('',#3462,#3464,#936,.T.);
#4976=EDGE_CURVE('',#3538,#3554,#808,.T.);
#4979=EDGE_CURVE('',#3477,#3493,#812,.T.);
#4981=EDGE_CURVE('',#3493,#3554,#1156,.T.);
#4985=EDGE_CURVE('',#3587,#3588,#940,.T.);
#4987=EDGE_CURVE('',#3592,#3587,#944,.T.);
#4989=EDGE_CURVE('',#3590,#3592,#948,.T.);
#4991=EDGE_CURVE('',#3588,#3590,#952,.T.);
#5001=EDGE_CURVE('',#3608,#3624,#816,.T.);
#5004=EDGE_CURVE('',#3533,#3549,#820,.T.);
#5006=EDGE_CURVE('',#3549,#3624,#1140,.T.);
#5010=EDGE_CURVE('',#3655,#3656,#956,.T.);
#5012=EDGE_CURVE('',#3660,#3655,#960,.T.);
#5014=EDGE_CURVE('',#3658,#3660,#964,.T.);
#5016=EDGE_CURVE('',#3656,#3658,#968,.T.);
#5026=EDGE_CURVE('',#3676,#3692,#824,.T.);
#5029=EDGE_CURVE('',#3603,#3619,#828,.T.);
#5031=EDGE_CURVE('',#3619,#3692,#1124,.T.);
#5035=EDGE_CURVE('',#3725,#3726,#972,.T.);
#5037=EDGE_CURVE('',#3730,#3725,#976,.T.);
#5039=EDGE_CURVE('',#3728,#3730,#980,.T.);
#5041=EDGE_CURVE('',#3726,#3728,#984,.T.);
#5051=EDGE_CURVE('',#3746,#3762,#832,.T.);
#5054=EDGE_CURVE('',#3671,#3687,#836,.T.);
#5056=EDGE_CURVE('',#3687,#3762,#1108,.T.);
#5060=EDGE_CURVE('',#3795,#3796,#988,.T.);
#5062=EDGE_CURVE('',#3800,#3795,#992,.T.);
#5064=EDGE_CURVE('',#3798,#3800,#996,.T.);
#5066=EDGE_CURVE('',#3796,#3798,#1000,.T.);
#5076=EDGE_CURVE('',#3816,#3832,#840,.T.);
#5079=EDGE_CURVE('',#3741,#3757,#844,.T.);
#5081=EDGE_CURVE('',#3757,#3832,#1092,.T.);
#5085=EDGE_CURVE('',#3863,#3864,#1004,.T.);
#5087=EDGE_CURVE('',#3868,#3863,#1008,.T.);
#5089=EDGE_CURVE('',#3866,#3868,#1012,.T.);
#5091=EDGE_CURVE('',#3864,#3866,#1016,.T.);
#5101=EDGE_CURVE('',#3879,#3895,#848,.T.);
#5103=EDGE_CURVE('',#3895,#3055,#1060,.T.);
#5115=EDGE_CURVE('',#3884,#3900,#852,.T.);
#5118=EDGE_CURVE('',#3811,#3827,#856,.T.);
#5120=EDGE_CURVE('',#3827,#3900,#1076,.T.);
#5124=EDGE_CURVE('',#3931,#3932,#1020,.T.);
#5126=EDGE_CURVE('',#3936,#3931,#1024,.T.);
#5128=EDGE_CURVE('',#3934,#3936,#1028,.T.);
#5130=EDGE_CURVE('',#3932,#3934,#1032,.T.);
#5142=EDGE_CURVE('',#3084,#3082,#1248,.T.);
#5144=EDGE_CURVE('',#3082,#3066,#1036,.T.);
#5154=EDGE_CURVE('',#3887,#3888,#1040,.T.);
#5156=EDGE_CURVE('',#3888,#3890,#1044,.T.);
#5158=EDGE_CURVE('',#3892,#3890,#1048,.T.);
#5163=EDGE_CURVE('',#3895,#3896,#1064,.T.);
#5165=EDGE_CURVE('',#3896,#3898,#1068,.T.);
#5167=EDGE_CURVE('',#3900,#3898,#1072,.T.);
#5170=EDGE_CURVE('',#3827,#3828,#1080,.T.);
#5172=EDGE_CURVE('',#3828,#3830,#1084,.T.);
#5174=EDGE_CURVE('',#3832,#3830,#1088,.T.);
#5177=EDGE_CURVE('',#3757,#3758,#1096,.T.);
#5179=EDGE_CURVE('',#3758,#3760,#1100,.T.);
#5181=EDGE_CURVE('',#3762,#3760,#1104,.T.);
#5184=EDGE_CURVE('',#3687,#3688,#1112,.T.);
#5186=EDGE_CURVE('',#3688,#3690,#1116,.T.);
#5188=EDGE_CURVE('',#3692,#3690,#1120,.T.);
#5191=EDGE_CURVE('',#3619,#3620,#1128,.T.);
#5193=EDGE_CURVE('',#3620,#3622,#1132,.T.);
#5195=EDGE_CURVE('',#3624,#3622,#1136,.T.);
#5198=EDGE_CURVE('',#3549,#3550,#1144,.T.);
#5200=EDGE_CURVE('',#3550,#3552,#1148,.T.);
#5202=EDGE_CURVE('',#3554,#3552,#1152,.T.);
#5205=EDGE_CURVE('',#3493,#3494,#1160,.T.);
#5207=EDGE_CURVE('',#3494,#3496,#1164,.T.);
#5209=EDGE_CURVE('',#3498,#3496,#1168,.T.);
#5212=EDGE_CURVE('',#3265,#3266,#1176,.T.);
#5214=EDGE_CURVE('',#3266,#3268,#1180,.T.);
#5216=EDGE_CURVE('',#3270,#3268,#1184,.T.);
#5219=EDGE_CURVE('',#3241,#3242,#1192,.T.);
#5221=EDGE_CURVE('',#3242,#3244,#1196,.T.);
#5223=EDGE_CURVE('',#3246,#3244,#1200,.T.);
#5226=EDGE_CURVE('',#3217,#3218,#1208,.T.);
#5228=EDGE_CURVE('',#3218,#3220,#1212,.T.);
#5230=EDGE_CURVE('',#3222,#3220,#1216,.T.);
#5233=EDGE_CURVE('',#3193,#3194,#1224,.T.);
#5235=EDGE_CURVE('',#3194,#3196,#1228,.T.);
#5237=EDGE_CURVE('',#3198,#3196,#1232,.T.);
#5240=EDGE_CURVE('',#3079,#3080,#1240,.T.);
#5242=EDGE_CURVE('',#3080,#3082,#1244,.T.);
#5248=EDGE_CURVE('',#3071,#3072,#1264,.T.);
#5250=EDGE_CURVE('',#3072,#3074,#1268,.T.);
#5252=EDGE_CURVE('',#3076,#3074,#1272,.T.);
#5255=EDGE_CURVE('',#3185,#3186,#1280,.T.);
#5257=EDGE_CURVE('',#3186,#3188,#1284,.T.);
#5259=EDGE_CURVE('',#3190,#3188,#1288,.T.);
#5262=EDGE_CURVE('',#3209,#3210,#1296,.T.);
#5264=EDGE_CURVE('',#3210,#3212,#1300,.T.);
#5266=EDGE_CURVE('',#3214,#3212,#1304,.T.);
#5269=EDGE_CURVE('',#3233,#3234,#1312,.T.);
#5271=EDGE_CURVE('',#3234,#3236,#1316,.T.);
#5273=EDGE_CURVE('',#3238,#3236,#1320,.T.);
#5276=EDGE_CURVE('',#3257,#3258,#1328,.T.);
#5278=EDGE_CURVE('',#3258,#3260,#1332,.T.);
#5280=EDGE_CURVE('',#3262,#3260,#1336,.T.);
#5283=EDGE_CURVE('',#3485,#3486,#1344,.T.);
#5285=EDGE_CURVE('',#3486,#3488,#1348,.T.);
#5287=EDGE_CURVE('',#3490,#3488,#1352,.T.);
#5290=EDGE_CURVE('',#3541,#3542,#1360,.T.);
#5292=EDGE_CURVE('',#3542,#3544,#1364,.T.);
#5294=EDGE_CURVE('',#3546,#3544,#1368,.T.);
#5297=EDGE_CURVE('',#3611,#3612,#1376,.T.);
#5299=EDGE_CURVE('',#3612,#3614,#1380,.T.);
#5301=EDGE_CURVE('',#3616,#3614,#1384,.T.);
#5304=EDGE_CURVE('',#3679,#3680,#1392,.T.);
#5306=EDGE_CURVE('',#3680,#3682,#1396,.T.);
#5308=EDGE_CURVE('',#3684,#3682,#1400,.T.);
#5311=EDGE_CURVE('',#3749,#3750,#1408,.T.);
#5313=EDGE_CURVE('',#3750,#3752,#1412,.T.);
#5315=EDGE_CURVE('',#3754,#3752,#1416,.T.);
#5318=EDGE_CURVE('',#3819,#3820,#1424,.T.);
#5320=EDGE_CURVE('',#3820,#3822,#1428,.T.);
#5322=EDGE_CURVE('',#3824,#3822,#1432,.T.);
#5334=EDGE_CURVE('',#3888,#3926,#1458,.T.);
#5347=EDGE_CURVE('',#3890,#3928,#1556,.T.);
#5353=EDGE_CURVE('',#3919,#3920,#1445,.T.);
#5355=EDGE_CURVE('',#3920,#3919,#1450,.T.);
#5366=EDGE_CURVE('',#3919,#3907,#1471,.T.);
#5368=EDGE_CURVE('',#3907,#3915,#1502,.T.);
#5370=EDGE_CURVE('',#3920,#3915,#1467,.T.);
#5380=EDGE_CURVE('',#3923,#3924,#1521,.T.);
#5382=EDGE_CURVE('',#3912,#3924,#1484,.T.);
#5384=EDGE_CURVE('',#3904,#3912,#1463,.T.);
#5386=EDGE_CURVE('',#3904,#3923,#1475,.T.);
#5398=EDGE_CURVE('',#3907,#3915,#1493,.T.);
#5409=EDGE_CURVE('',#3924,#3923,#1526,.T.);
#5412=EDGE_CURVE('',#3904,#3912,#1480,.T.);
#5423=EDGE_CURVE('',#3907,#3908,#1488,.T.);
#5426=EDGE_CURVE('',#3915,#3916,#1497,.T.);
#5428=EDGE_CURVE('',#3908,#3916,#1507,.T.);
#5439=EDGE_CURVE('',#3908,#3916,#1512,.T.);
#5462=EDGE_CURVE('',#3898,#3882,#1530,.T.);
#5465=EDGE_CURVE('',#3896,#3880,#1516,.T.);
#5503=EDGE_CURVE('',#3903,#3904,#1534,.T.);
#5505=EDGE_CURVE('',#3903,#3911,#1539,.T.);
#5507=EDGE_CURVE('',#3911,#3912,#1543,.T.);
#5521=EDGE_CURVE('',#3903,#3911,#1548,.T.);
#5554=EDGE_CURVE('',#3828,#3812,#1560,.T.);
#5567=EDGE_CURVE('',#3830,#3814,#1574,.T.);
#5573=EDGE_CURVE('',#3855,#3856,#1565,.T.);
#5575=EDGE_CURVE('',#3856,#3855,#1570,.T.);
#5597=EDGE_CURVE('',#3851,#3852,#1584,.T.);
#5599=EDGE_CURVE('',#3851,#3839,#1605,.T.);
#5601=EDGE_CURVE('',#3839,#3847,#1636,.T.);
#5603=EDGE_CURVE('',#3852,#3847,#1601,.T.);
#5614=EDGE_CURVE('',#3844,#3856,#1618,.T.);
#5616=EDGE_CURVE('',#3836,#3844,#1579,.T.);
#5618=EDGE_CURVE('',#3836,#3855,#1609,.T.);
#5629=EDGE_CURVE('',#3822,#3860,#1672,.T.);
#5632=EDGE_CURVE('',#3820,#3858,#1597,.T.);
#5637=EDGE_CURVE('',#3852,#3851,#1589,.T.);
#5649=EDGE_CURVE('',#3839,#3847,#1627,.T.);
#5662=EDGE_CURVE('',#3836,#3844,#1614,.T.);
#5673=EDGE_CURVE('',#3839,#3840,#1622,.T.);
#5676=EDGE_CURVE('',#3847,#3848,#1631,.T.);
#5678=EDGE_CURVE('',#3840,#3848,#1641,.T.);
#5689=EDGE_CURVE('',#3840,#3848,#1646,.T.);
#5711=EDGE_CURVE('',#3835,#3836,#1650,.T.);
#5713=EDGE_CURVE('',#3835,#3843,#1655,.T.);
#5715=EDGE_CURVE('',#3843,#3844,#1659,.T.);
#5729=EDGE_CURVE('',#3835,#3843,#1664,.T.);
#5774=EDGE_CURVE('',#3758,#3742,#1680,.T.);
#5787=EDGE_CURVE('',#3760,#3744,#1694,.T.);
#5793=EDGE_CURVE('',#3785,#3786,#1685,.T.);
#5795=EDGE_CURVE('',#3786,#3785,#1690,.T.);
#5817=EDGE_CURVE('',#3781,#3782,#1704,.T.);
#5819=EDGE_CURVE('',#3781,#3769,#1725,.T.);
#5821=EDGE_CURVE('',#3769,#3777,#1756,.T.);
#5823=EDGE_CURVE('',#3782,#3777,#1721,.T.);
#5834=EDGE_CURVE('',#3774,#3786,#1738,.T.);
#5836=EDGE_CURVE('',#3766,#3774,#1699,.T.);
#5838=EDGE_CURVE('',#3766,#3785,#1729,.T.);
#5849=EDGE_CURVE('',#3752,#3792,#1792,.T.);
#5852=EDGE_CURVE('',#3750,#3790,#1717,.T.);
#5857=EDGE_CURVE('',#3782,#3781,#1709,.T.);
#5869=EDGE_CURVE('',#3769,#3777,#1747,.T.);
#5882=EDGE_CURVE('',#3766,#3774,#1734,.T.);
#5893=EDGE_CURVE('',#3769,#3770,#1742,.T.);
#5896=EDGE_CURVE('',#3777,#3778,#1751,.T.);
#5898=EDGE_CURVE('',#3770,#3778,#1761,.T.);
#5909=EDGE_CURVE('',#3770,#3778,#1766,.T.);
#5931=EDGE_CURVE('',#3765,#3766,#1770,.T.);
#5933=EDGE_CURVE('',#3765,#3773,#1775,.T.);
#5935=EDGE_CURVE('',#3773,#3774,#1779,.T.);
#5949=EDGE_CURVE('',#3765,#3773,#1784,.T.);
#5994=EDGE_CURVE('',#3688,#3672,#1800,.T.);
#6007=EDGE_CURVE('',#3690,#3674,#1814,.T.);
#6013=EDGE_CURVE('',#3715,#3716,#1805,.T.);
#6015=EDGE_CURVE('',#3716,#3715,#1810,.T.);
#6037=EDGE_CURVE('',#3711,#3712,#1824,.T.);
#6039=EDGE_CURVE('',#3711,#3699,#1845,.T.);
#6041=EDGE_CURVE('',#3699,#3707,#1876,.T.);
#6043=EDGE_CURVE('',#3712,#3707,#1841,.T.);
#6054=EDGE_CURVE('',#3704,#3716,#1858,.T.);
#6056=EDGE_CURVE('',#3696,#3704,#1819,.T.);
#6058=EDGE_CURVE('',#3696,#3715,#1849,.T.);
#6069=EDGE_CURVE('',#3682,#3720,#1912,.T.);
#6072=EDGE_CURVE('',#3680,#3718,#1837,.T.);
#6077=EDGE_CURVE('',#3712,#3711,#1829,.T.);
#6089=EDGE_CURVE('',#3699,#3707,#1867,.T.);
#6102=EDGE_CURVE('',#3696,#3704,#1854,.T.);
#6113=EDGE_CURVE('',#3699,#3700,#1862,.T.);
#6116=EDGE_CURVE('',#3707,#3708,#1871,.T.);
#6118=EDGE_CURVE('',#3700,#3708,#1881,.T.);
#6129=EDGE_CURVE('',#3700,#3708,#1886,.T.);
#6151=EDGE_CURVE('',#3695,#3696,#1890,.T.);
#6153=EDGE_CURVE('',#3695,#3703,#1895,.T.);
#6155=EDGE_CURVE('',#3703,#3704,#1899,.T.);
#6169=EDGE_CURVE('',#3695,#3703,#1904,.T.);
#6214=EDGE_CURVE('',#3620,#3604,#1920,.T.);
#6227=EDGE_CURVE('',#3622,#3606,#1934,.T.);
#6233=EDGE_CURVE('',#3647,#3648,#1925,.T.);
#6235=EDGE_CURVE('',#3648,#3647,#1930,.T.);
#6257=EDGE_CURVE('',#3643,#3644,#1944,.T.);
#6259=EDGE_CURVE('',#3643,#3631,#1965,.T.);
#6261=EDGE_CURVE('',#3631,#3639,#1996,.T.);
#6263=EDGE_CURVE('',#3644,#3639,#1961,.T.);
#6274=EDGE_CURVE('',#3636,#3648,#1978,.T.);
#6276=EDGE_CURVE('',#3628,#3636,#1939,.T.);
#6278=EDGE_CURVE('',#3628,#3647,#1969,.T.);
#6289=EDGE_CURVE('',#3614,#3652,#2032,.T.);
#6292=EDGE_CURVE('',#3612,#3650,#1957,.T.);
#6297=EDGE_CURVE('',#3644,#3643,#1949,.T.);
#6309=EDGE_CURVE('',#3631,#3639,#1987,.T.);
#6322=EDGE_CURVE('',#3628,#3636,#1974,.T.);
#6333=EDGE_CURVE('',#3631,#3632,#1982,.T.);
#6336=EDGE_CURVE('',#3639,#3640,#1991,.T.);
#6338=EDGE_CURVE('',#3632,#3640,#2001,.T.);
#6349=EDGE_CURVE('',#3632,#3640,#2006,.T.);
#6371=EDGE_CURVE('',#3627,#3628,#2010,.T.);
#6373=EDGE_CURVE('',#3627,#3635,#2015,.T.);
#6375=EDGE_CURVE('',#3635,#3636,#2019,.T.);
#6389=EDGE_CURVE('',#3627,#3635,#2024,.T.);
#6434=EDGE_CURVE('',#3550,#3534,#2040,.T.);
#6447=EDGE_CURVE('',#3552,#3536,#2054,.T.);
#6453=EDGE_CURVE('',#3577,#3578,#2045,.T.);
#6455=EDGE_CURVE('',#3578,#3577,#2050,.T.);
#6477=EDGE_CURVE('',#3573,#3574,#2064,.T.);
#6479=EDGE_CURVE('',#3573,#3561,#2085,.T.);
#6481=EDGE_CURVE('',#3561,#3569,#2116,.T.);
#6483=EDGE_CURVE('',#3574,#3569,#2081,.T.);
#6494=EDGE_CURVE('',#3566,#3578,#2098,.T.);
#6496=EDGE_CURVE('',#3558,#3566,#2059,.T.);
#6498=EDGE_CURVE('',#3558,#3577,#2089,.T.);
#6509=EDGE_CURVE('',#3544,#3584,#2152,.T.);
#6512=EDGE_CURVE('',#3542,#3582,#2077,.T.);
#6517=EDGE_CURVE('',#3574,#3573,#2069,.T.);
#6529=EDGE_CURVE('',#3561,#3569,#2107,.T.);
#6542=EDGE_CURVE('',#3558,#3566,#2094,.T.);
#6553=EDGE_CURVE('',#3561,#3562,#2102,.T.);
#6556=EDGE_CURVE('',#3569,#3570,#2111,.T.);
#6558=EDGE_CURVE('',#3562,#3570,#2121,.T.);
#6569=EDGE_CURVE('',#3562,#3570,#2126,.T.);
#6591=EDGE_CURVE('',#3557,#3558,#2130,.T.);
#6593=EDGE_CURVE('',#3557,#3565,#2135,.T.);
#6595=EDGE_CURVE('',#3565,#3566,#2139,.T.);
#6609=EDGE_CURVE('',#3557,#3565,#2144,.T.);
#6654=EDGE_CURVE('',#3494,#3478,#2160,.T.);
#6667=EDGE_CURVE('',#3496,#3480,#2174,.T.);
#6673=EDGE_CURVE('',#3521,#3522,#2165,.T.);
#6675=EDGE_CURVE('',#3522,#3521,#2170,.T.);
#6697=EDGE_CURVE('',#3517,#3518,#2184,.T.);
#6699=EDGE_CURVE('',#3517,#3505,#2205,.T.);
#6701=EDGE_CURVE('',#3505,#3513,#2236,.T.);
#6703=EDGE_CURVE('',#3518,#3513,#2201,.T.);
#6714=EDGE_CURVE('',#3510,#3522,#2218,.T.);
#6716=EDGE_CURVE('',#3502,#3510,#2179,.T.);
#6718=EDGE_CURVE('',#3502,#3521,#2209,.T.);
#6729=EDGE_CURVE('',#3488,#3528,#2272,.T.);
#6732=EDGE_CURVE('',#3486,#3526,#2197,.T.);
#6737=EDGE_CURVE('',#3518,#3517,#2189,.T.);
#6749=EDGE_CURVE('',#3505,#3513,#2227,.T.);
#6762=EDGE_CURVE('',#3502,#3510,#2214,.T.);
#6773=EDGE_CURVE('',#3505,#3506,#2222,.T.);
#6776=EDGE_CURVE('',#3513,#3514,#2231,.T.);
#6778=EDGE_CURVE('',#3506,#3514,#2241,.T.);
#6789=EDGE_CURVE('',#3506,#3514,#2246,.T.);
#6811=EDGE_CURVE('',#3501,#3502,#2250,.T.);
#6813=EDGE_CURVE('',#3501,#3509,#2255,.T.);
#6815=EDGE_CURVE('',#3509,#3510,#2259,.T.);
#6829=EDGE_CURVE('',#3501,#3509,#2264,.T.);
#6874=EDGE_CURVE('',#3266,#3250,#2280,.T.);
#6887=EDGE_CURVE('',#3268,#3252,#2294,.T.);
#6893=EDGE_CURVE('',#3409,#3410,#2285,.T.);
#6895=EDGE_CURVE('',#3410,#3409,#2290,.T.);
#6917=EDGE_CURVE('',#3405,#3406,#2304,.T.);
#6919=EDGE_CURVE('',#3405,#3393,#2325,.T.);
#6921=EDGE_CURVE('',#3393,#3401,#2356,.T.);
#6923=EDGE_CURVE('',#3406,#3401,#2321,.T.);
#6934=EDGE_CURVE('',#3398,#3410,#2338,.T.);
#6936=EDGE_CURVE('',#3390,#3398,#2299,.T.);
#6938=EDGE_CURVE('',#3390,#3409,#2329,.T.);
#6949=EDGE_CURVE('',#3260,#3312,#2392,.T.);
#6952=EDGE_CURVE('',#3258,#3310,#2317,.T.);
#6957=EDGE_CURVE('',#3406,#3405,#2309,.T.);
#6969=EDGE_CURVE('',#3393,#3401,#2347,.T.);
#6982=EDGE_CURVE('',#3390,#3398,#2334,.T.);
#6993=EDGE_CURVE('',#3393,#3394,#2342,.T.);
#6996=EDGE_CURVE('',#3401,#3402,#2351,.T.);
#6998=EDGE_CURVE('',#3394,#3402,#2361,.T.);
#7009=EDGE_CURVE('',#3394,#3402,#2366,.T.);
#7031=EDGE_CURVE('',#3389,#3390,#2370,.T.);
#7033=EDGE_CURVE('',#3389,#3397,#2375,.T.);
#7035=EDGE_CURVE('',#3397,#3398,#2379,.T.);
#7049=EDGE_CURVE('',#3389,#3397,#2384,.T.);
#7094=EDGE_CURVE('',#3242,#3226,#2400,.T.);
#7107=EDGE_CURVE('',#3244,#3228,#2414,.T.);
#7113=EDGE_CURVE('',#3385,#3386,#2405,.T.);
#7115=EDGE_CURVE('',#3386,#3385,#2410,.T.);
#7137=EDGE_CURVE('',#3381,#3382,#2424,.T.);
#7139=EDGE_CURVE('',#3381,#3369,#2445,.T.);
#7141=EDGE_CURVE('',#3369,#3377,#2476,.T.);
#7143=EDGE_CURVE('',#3382,#3377,#2441,.T.);
#7154=EDGE_CURVE('',#3374,#3386,#2458,.T.);
#7156=EDGE_CURVE('',#3366,#3374,#2419,.T.);
#7158=EDGE_CURVE('',#3366,#3385,#2449,.T.);
#7169=EDGE_CURVE('',#3236,#3304,#2512,.T.);
#7172=EDGE_CURVE('',#3234,#3302,#2437,.T.);
#7177=EDGE_CURVE('',#3382,#3381,#2429,.T.);
#7189=EDGE_CURVE('',#3369,#3377,#2467,.T.);
#7202=EDGE_CURVE('',#3366,#3374,#2454,.T.);
#7213=EDGE_CURVE('',#3369,#3370,#2462,.T.);
#7216=EDGE_CURVE('',#3377,#3378,#2471,.T.);
#7218=EDGE_CURVE('',#3370,#3378,#2481,.T.);
#7229=EDGE_CURVE('',#3370,#3378,#2486,.T.);
#7251=EDGE_CURVE('',#3365,#3366,#2490,.T.);
#7253=EDGE_CURVE('',#3365,#3373,#2495,.T.);
#7255=EDGE_CURVE('',#3373,#3374,#2499,.T.);
#7269=EDGE_CURVE('',#3365,#3373,#2504,.T.);
#7314=EDGE_CURVE('',#3218,#3202,#2520,.T.);
#7327=EDGE_CURVE('',#3220,#3204,#2534,.T.);
#7333=EDGE_CURVE('',#3361,#3362,#2525,.T.);
#7335=EDGE_CURVE('',#3362,#3361,#2530,.T.);
#7357=EDGE_CURVE('',#3357,#3358,#2544,.T.);
#7359=EDGE_CURVE('',#3357,#3345,#2565,.T.);
#7361=EDGE_CURVE('',#3345,#3353,#2596,.T.);
#7363=EDGE_CURVE('',#3358,#3353,#2561,.T.);
#7374=EDGE_CURVE('',#3350,#3362,#2578,.T.);
#7376=EDGE_CURVE('',#3342,#3350,#2539,.T.);
#7378=EDGE_CURVE('',#3342,#3361,#2569,.T.);
#7389=EDGE_CURVE('',#3212,#3296,#2632,.T.);
#7392=EDGE_CURVE('',#3210,#3294,#2557,.T.);
#7397=EDGE_CURVE('',#3358,#3357,#2549,.T.);
#7409=EDGE_CURVE('',#3345,#3353,#2587,.T.);
#7422=EDGE_CURVE('',#3342,#3350,#2574,.T.);
#7433=EDGE_CURVE('',#3345,#3346,#2582,.T.);
#7436=EDGE_CURVE('',#3353,#3354,#2591,.T.);
#7438=EDGE_CURVE('',#3346,#3354,#2601,.T.);
#7449=EDGE_CURVE('',#3346,#3354,#2606,.T.);
#7471=EDGE_CURVE('',#3341,#3342,#2610,.T.);
#7473=EDGE_CURVE('',#3341,#3349,#2615,.T.);
#7475=EDGE_CURVE('',#3349,#3350,#2619,.T.);
#7489=EDGE_CURVE('',#3341,#3349,#2624,.T.);
#7534=EDGE_CURVE('',#3194,#3178,#2640,.T.);
#7547=EDGE_CURVE('',#3196,#3180,#2654,.T.);
#7553=EDGE_CURVE('',#3337,#3338,#2645,.T.);
#7555=EDGE_CURVE('',#3338,#3337,#2650,.T.);
#7577=EDGE_CURVE('',#3333,#3334,#2664,.T.);
#7579=EDGE_CURVE('',#3333,#3321,#2685,.T.);
#7581=EDGE_CURVE('',#3321,#3329,#2716,.T.);
#7583=EDGE_CURVE('',#3334,#3329,#2681,.T.);
#7594=EDGE_CURVE('',#3326,#3338,#2698,.T.);
#7596=EDGE_CURVE('',#3318,#3326,#2659,.T.);
#7598=EDGE_CURVE('',#3318,#3337,#2689,.T.);
#7609=EDGE_CURVE('',#3188,#3288,#2752,.T.);
#7612=EDGE_CURVE('',#3186,#3286,#2677,.T.);
#7617=EDGE_CURVE('',#3334,#3333,#2669,.T.);
#7629=EDGE_CURVE('',#3321,#3329,#2707,.T.);
#7642=EDGE_CURVE('',#3318,#3326,#2694,.T.);
#7653=EDGE_CURVE('',#3321,#3322,#2702,.T.);
#7656=EDGE_CURVE('',#3329,#3330,#2711,.T.);
#7658=EDGE_CURVE('',#3322,#3330,#2721,.T.);
#7669=EDGE_CURVE('',#3322,#3330,#2726,.T.);
#7691=EDGE_CURVE('',#3317,#3318,#2730,.T.);
#7693=EDGE_CURVE('',#3317,#3325,#2735,.T.);
#7695=EDGE_CURVE('',#3325,#3326,#2739,.T.);
#7709=EDGE_CURVE('',#3317,#3325,#2744,.T.);
#7754=EDGE_CURVE('',#3080,#3064,#2760,.T.);
#7772=EDGE_CURVE('',#3161,#3162,#2765,.T.);
#7774=EDGE_CURVE('',#3162,#3161,#2770,.T.);
#7784=EDGE_CURVE('',#3157,#3158,#2780,.T.);
#7786=EDGE_CURVE('',#3157,#3145,#2801,.T.);
#7788=EDGE_CURVE('',#3145,#3153,#2832,.T.);
#7790=EDGE_CURVE('',#3158,#3153,#2797,.T.);
#7801=EDGE_CURVE('',#3150,#3162,#2814,.T.);
#7803=EDGE_CURVE('',#3142,#3150,#2775,.T.);
#7805=EDGE_CURVE('',#3142,#3161,#2805,.T.);
#7816=EDGE_CURVE('',#3074,#3166,#2864,.T.);
#7819=EDGE_CURVE('',#3072,#3164,#2793,.T.);
#7824=EDGE_CURVE('',#3158,#3157,#2785,.T.);
#7836=EDGE_CURVE('',#3145,#3153,#2823,.T.);
#7849=EDGE_CURVE('',#3142,#3150,#2810,.T.);
#7860=EDGE_CURVE('',#3145,#3146,#2818,.T.);
#7863=EDGE_CURVE('',#3153,#3154,#2827,.T.);
#7865=EDGE_CURVE('',#3146,#3154,#2837,.T.);
#7876=EDGE_CURVE('',#3146,#3154,#2842,.T.);
#7898=EDGE_CURVE('',#3141,#3142,#2846,.T.);
#7900=EDGE_CURVE('',#3141,#3149,#2851,.T.);
#7902=EDGE_CURVE('',#3149,#3150,#2855,.T.);
#7916=EDGE_CURVE('',#3141,#3149,#2860,.T.);
#7961=EDGE_CURVE('',#3108,#3100,#2880,.T.);
#7964=EDGE_CURVE('',#3107,#3099,#2876,.T.);
#7975=EDGE_CURVE('',#3110,#3102,#2884,.T.);
#7988=EDGE_CURVE('',#3112,#3104,#2888,.T.);
#8013=EDGE_CURVE('',#3422,#3414,#2896,.T.);
#8016=EDGE_CURVE('',#3421,#3413,#2892,.T.);
#8027=EDGE_CURVE('',#3424,#3416,#2900,.T.);
#8040=EDGE_CURVE('',#3426,#3418,#2904,.T.);
#8065=EDGE_CURVE('',#3438,#3430,#2912,.T.);
#8068=EDGE_CURVE('',#3437,#3429,#2908,.T.);
#8079=EDGE_CURVE('',#3440,#3432,#2916,.T.);
#8092=EDGE_CURVE('',#3442,#3434,#2920,.T.);
#8117=EDGE_CURVE('',#3454,#3446,#2928,.T.);
#8120=EDGE_CURVE('',#3453,#3445,#2924,.T.);
#8131=EDGE_CURVE('',#3456,#3448,#2932,.T.);
#8144=EDGE_CURVE('',#3458,#3450,#2936,.T.);
#8169=EDGE_CURVE('',#3470,#3462,#2944,.T.);
#8172=EDGE_CURVE('',#3469,#3461,#2940,.T.);
#8183=EDGE_CURVE('',#3472,#3464,#2948,.T.);
#8196=EDGE_CURVE('',#3474,#3466,#2952,.T.);
#8221=EDGE_CURVE('',#3596,#3588,#2960,.T.);
#8224=EDGE_CURVE('',#3595,#3587,#2956,.T.);
#8235=EDGE_CURVE('',#3598,#3590,#2964,.T.);
#8248=EDGE_CURVE('',#3600,#3592,#2968,.T.);
#8273=EDGE_CURVE('',#3664,#3656,#2976,.T.);
#8276=EDGE_CURVE('',#3663,#3655,#2972,.T.);
#8287=EDGE_CURVE('',#3666,#3658,#2980,.T.);
#8300=EDGE_CURVE('',#3668,#3660,#2984,.T.);
#8325=EDGE_CURVE('',#3734,#3726,#2992,.T.);
#8328=EDGE_CURVE('',#3733,#3725,#2988,.T.);
#8339=EDGE_CURVE('',#3736,#3728,#2996,.T.);
#8352=EDGE_CURVE('',#3738,#3730,#3000,.T.);
#8377=EDGE_CURVE('',#3804,#3796,#3008,.T.);
#8380=EDGE_CURVE('',#3803,#3795,#3004,.T.);
#8391=EDGE_CURVE('',#3806,#3798,#3012,.T.);
#8404=EDGE_CURVE('',#3808,#3800,#3016,.T.);
#8429=EDGE_CURVE('',#3872,#3864,#3024,.T.);
#8432=EDGE_CURVE('',#3871,#3863,#3020,.T.);
#8443=EDGE_CURVE('',#3874,#3866,#3028,.T.);
#8456=EDGE_CURVE('',#3876,#3868,#3032,.T.);
#8481=EDGE_CURVE('',#3940,#3932,#3040,.T.);
#8484=EDGE_CURVE('',#3939,#3931,#3036,.T.);
#8495=EDGE_CURVE('',#3942,#3934,#3044,.T.);
#8508=EDGE_CURVE('',#3944,#3936,#3048,.T.);
#8537=TRIMMED_CURVE('A_1',#8536,(PARAMETER_VALUE(0.E0)),(PARAMETER_VALUE(1.E0)),
.T.,.UNSPECIFIED.);
#8543=TRIMMED_CURVE('A_2',#8542,(PARAMETER_VALUE(0.E0)),(PARAMETER_VALUE(1.E0)),
.T.,.UNSPECIFIED.);
#8548=TRIMMED_CURVE('A_3',#8547,(PARAMETER_VALUE(0.E0)),(PARAMETER_VALUE(1.E0)),
.T.,.UNSPECIFIED.);
#8553=TRIMMED_CURVE('A_4',#8552,(PARAMETER_VALUE(0.E0)),(PARAMETER_VALUE(1.E0)),
.T.,.UNSPECIFIED.);
#8558=TRIMMED_CURVE('A_5',#8557,(PARAMETER_VALUE(0.E0)),(PARAMETER_VALUE(1.E0)),
.T.,.UNSPECIFIED.);
#8563=TRIMMED_CURVE('A_6',#8562,(PARAMETER_VALUE(0.E0)),(PARAMETER_VALUE(1.E0)),
.T.,.UNSPECIFIED.);
#8568=TRIMMED_CURVE('A_7',#8567,(PARAMETER_VALUE(0.E0)),(PARAMETER_VALUE(1.E0)),
.T.,.UNSPECIFIED.);
#8573=TRIMMED_CURVE('A_8',#8572,(PARAMETER_VALUE(0.E0)),(PARAMETER_VALUE(1.E0)),
.T.,.UNSPECIFIED.);
#8578=TRIMMED_CURVE('A_9',#8577,(PARAMETER_VALUE(0.E0)),(PARAMETER_VALUE(1.E0)),
.T.,.UNSPECIFIED.);
#8583=TRIMMED_CURVE('A_10',#8582,(PARAMETER_VALUE(0.E0)),(PARAMETER_VALUE
(1.E0)),.T.,.UNSPECIFIED.);
#8588=TRIMMED_CURVE('A_11',#8587,(PARAMETER_VALUE(0.E0)),(PARAMETER_VALUE
(1.E0)),.T.,.UNSPECIFIED.);
#8593=TRIMMED_CURVE('A_12',#8592,(PARAMETER_VALUE(0.E0)),(PARAMETER_VALUE
(1.E0)),.T.,.UNSPECIFIED.);
#8598=CIRCLE('',#8597,7.6E-1);
#8599=TRIMMED_CURVE('',#8598,(PARAMETER_VALUE(0.E0)),(PARAMETER_VALUE(1.8E2)),
.T.,.UNSPECIFIED.);
#8600=COMPOSITE_CURVE_SEGMENT(.CONTINUOUS.,.T.,#8599);
#8605=CIRCLE('',#8604,7.6E-1);
#8606=TRIMMED_CURVE('',#8605,(PARAMETER_VALUE(0.E0)),(PARAMETER_VALUE(1.8E2)),
.T.,.UNSPECIFIED.);
#8607=COMPOSITE_CURVE_SEGMENT(.CONTINUOUS.,.T.,#8606);
#8608=COMPOSITE_CURVE('',(#8600,#8607),.F.);
#8613=CIRCLE('',#8612,7.6E-1);
#8614=TRIMMED_CURVE('',#8613,(PARAMETER_VALUE(0.E0)),(PARAMETER_VALUE(1.8E2)),
.T.,.UNSPECIFIED.);
#8615=COMPOSITE_CURVE_SEGMENT(.CONTINUOUS.,.T.,#8614);
#8620=CIRCLE('',#8619,7.6E-1);
#8621=TRIMMED_CURVE('',#8620,(PARAMETER_VALUE(0.E0)),(PARAMETER_VALUE(1.8E2)),
.T.,.UNSPECIFIED.);
#8622=COMPOSITE_CURVE_SEGMENT(.CONTINUOUS.,.T.,#8621);
#8623=COMPOSITE_CURVE('',(#8615,#8622),.F.);
#8628=CIRCLE('',#8627,7.6E-1);
#8629=TRIMMED_CURVE('',#8628,(PARAMETER_VALUE(0.E0)),(PARAMETER_VALUE(1.8E2)),
.T.,.UNSPECIFIED.);
#8630=COMPOSITE_CURVE_SEGMENT(.CONTINUOUS.,.T.,#8629);
#8635=CIRCLE('',#8634,7.6E-1);
#8636=TRIMMED_CURVE('',#8635,(PARAMETER_VALUE(0.E0)),(PARAMETER_VALUE(1.8E2)),
.T.,.UNSPECIFIED.);
#8637=COMPOSITE_CURVE_SEGMENT(.CONTINUOUS.,.T.,#8636);
#8638=COMPOSITE_CURVE('',(#8630,#8637),.F.);
#8643=CIRCLE('',#8642,7.6E-1);
#8644=TRIMMED_CURVE('',#8643,(PARAMETER_VALUE(0.E0)),(PARAMETER_VALUE(1.8E2)),
.T.,.UNSPECIFIED.);
#8645=COMPOSITE_CURVE_SEGMENT(.CONTINUOUS.,.T.,#8644);
#8650=CIRCLE('',#8649,7.6E-1);
#8651=TRIMMED_CURVE('',#8650,(PARAMETER_VALUE(0.E0)),(PARAMETER_VALUE(1.8E2)),
.T.,.UNSPECIFIED.);
#8652=COMPOSITE_CURVE_SEGMENT(.CONTINUOUS.,.T.,#8651);
#8653=COMPOSITE_CURVE('',(#8645,#8652),.F.);
#8658=CIRCLE('',#8657,7.6E-1);
#8659=TRIMMED_CURVE('',#8658,(PARAMETER_VALUE(0.E0)),(PARAMETER_VALUE(1.8E2)),
.T.,.UNSPECIFIED.);
#8660=COMPOSITE_CURVE_SEGMENT(.CONTINUOUS.,.T.,#8659);
#8665=CIRCLE('',#8664,7.6E-1);
#8666=TRIMMED_CURVE('',#8665,(PARAMETER_VALUE(0.E0)),(PARAMETER_VALUE(1.8E2)),
.T.,.UNSPECIFIED.);
#8667=COMPOSITE_CURVE_SEGMENT(.CONTINUOUS.,.T.,#8666);
#8668=COMPOSITE_CURVE('',(#8660,#8667),.F.);
#8673=CIRCLE('',#8672,7.6E-1);
#8674=TRIMMED_CURVE('',#8673,(PARAMETER_VALUE(0.E0)),(PARAMETER_VALUE(1.8E2)),
.T.,.UNSPECIFIED.);
#8675=COMPOSITE_CURVE_SEGMENT(.CONTINUOUS.,.T.,#8674);
#8680=CIRCLE('',#8679,7.6E-1);
#8681=TRIMMED_CURVE('',#8680,(PARAMETER_VALUE(0.E0)),(PARAMETER_VALUE(1.8E2)),
.T.,.UNSPECIFIED.);
#8682=COMPOSITE_CURVE_SEGMENT(.CONTINUOUS.,.T.,#8681);
#8683=COMPOSITE_CURVE('',(#8675,#8682),.F.);
#8688=CIRCLE('',#8687,7.6E-1);
#8689=TRIMMED_CURVE('',#8688,(PARAMETER_VALUE(0.E0)),(PARAMETER_VALUE(1.8E2)),
.T.,.UNSPECIFIED.);
#8690=COMPOSITE_CURVE_SEGMENT(.CONTINUOUS.,.T.,#8689);
#8695=CIRCLE('',#8694,7.6E-1);
#8696=TRIMMED_CURVE('',#8695,(PARAMETER_VALUE(0.E0)),(PARAMETER_VALUE(1.8E2)),
.T.,.UNSPECIFIED.);
#8697=COMPOSITE_CURVE_SEGMENT(.CONTINUOUS.,.T.,#8696);
#8698=COMPOSITE_CURVE('',(#8690,#8697),.F.);
#8703=CIRCLE('',#8702,7.6E-1);
#8704=TRIMMED_CURVE('',#8703,(PARAMETER_VALUE(0.E0)),(PARAMETER_VALUE(1.8E2)),
.T.,.UNSPECIFIED.);
#8705=COMPOSITE_CURVE_SEGMENT(.CONTINUOUS.,.T.,#8704);
#8710=CIRCLE('',#8709,7.6E-1);
#8711=TRIMMED_CURVE('',#8710,(PARAMETER_VALUE(0.E0)),(PARAMETER_VALUE(1.8E2)),
.T.,.UNSPECIFIED.);
#8712=COMPOSITE_CURVE_SEGMENT(.CONTINUOUS.,.T.,#8711);
#8713=COMPOSITE_CURVE('',(#8705,#8712),.F.);
#8718=CIRCLE('',#8717,7.6E-1);
#8719=TRIMMED_CURVE('',#8718,(PARAMETER_VALUE(0.E0)),(PARAMETER_VALUE(1.8E2)),
.T.,.UNSPECIFIED.);
#8720=COMPOSITE_CURVE_SEGMENT(.CONTINUOUS.,.T.,#8719);
#8725=CIRCLE('',#8724,7.6E-1);
#8726=TRIMMED_CURVE('',#8725,(PARAMETER_VALUE(0.E0)),(PARAMETER_VALUE(1.8E2)),
.T.,.UNSPECIFIED.);
#8727=COMPOSITE_CURVE_SEGMENT(.CONTINUOUS.,.T.,#8726);
#8728=COMPOSITE_CURVE('',(#8720,#8727),.F.);
#8733=CIRCLE('',#8732,7.6E-1);
#8734=TRIMMED_CURVE('',#8733,(PARAMETER_VALUE(0.E0)),(PARAMETER_VALUE(1.8E2)),
.T.,.UNSPECIFIED.);
#8735=COMPOSITE_CURVE_SEGMENT(.CONTINUOUS.,.T.,#8734);
#8740=CIRCLE('',#8739,7.6E-1);
#8741=TRIMMED_CURVE('',#8740,(PARAMETER_VALUE(0.E0)),(PARAMETER_VALUE(1.8E2)),
.T.,.UNSPECIFIED.);
#8742=COMPOSITE_CURVE_SEGMENT(.CONTINUOUS.,.T.,#8741);
#8743=COMPOSITE_CURVE('',(#8735,#8742),.F.);
#8748=CIRCLE('',#8747,7.6E-1);
#8749=TRIMMED_CURVE('',#8748,(PARAMETER_VALUE(0.E0)),(PARAMETER_VALUE(1.8E2)),
.T.,.UNSPECIFIED.);
#8750=COMPOSITE_CURVE_SEGMENT(.CONTINUOUS.,.T.,#8749);
#8755=CIRCLE('',#8754,7.6E-1);
#8756=TRIMMED_CURVE('',#8755,(PARAMETER_VALUE(0.E0)),(PARAMETER_VALUE(1.8E2)),
.T.,.UNSPECIFIED.);
#8757=COMPOSITE_CURVE_SEGMENT(.CONTINUOUS.,.T.,#8756);
#8758=COMPOSITE_CURVE('',(#8750,#8757),.F.);
#8763=CIRCLE('',#8762,7.6E-1);
#8764=TRIMMED_CURVE('',#8763,(PARAMETER_VALUE(0.E0)),(PARAMETER_VALUE(1.8E2)),
.T.,.UNSPECIFIED.);
#8765=COMPOSITE_CURVE_SEGMENT(.CONTINUOUS.,.T.,#8764);
#8770=CIRCLE('',#8769,7.6E-1);
#8771=TRIMMED_CURVE('',#8770,(PARAMETER_VALUE(0.E0)),(PARAMETER_VALUE(1.8E2)),
.T.,.UNSPECIFIED.);
#8772=COMPOSITE_CURVE_SEGMENT(.CONTINUOUS.,.T.,#8771);
#8773=COMPOSITE_CURVE('',(#8765,#8772),.F.);
#8774=(LENGTH_UNIT()NAMED_UNIT(*)SI_UNIT(.MILLI.,.METRE.));
#8776=(NAMED_UNIT(*)PLANE_ANGLE_UNIT()SI_UNIT($,.RADIAN.));
#8779=(NAMED_UNIT(*)SI_UNIT($,.STERADIAN.)SOLID_ANGLE_UNIT());
#8782=ADVANCED_BREP_SHAPE_REPRESENTATION('',(#8528),#8781);
#8783=GEOMETRICALLY_BOUNDED_SURFACE_SHAPE_REPRESENTATION('',(#8538),#8781);
#8784=SHAPE_REPRESENTATION('',(#8532),#8781);
#8793=PRODUCT_DEFINITION('design','',#8792,#8789);
#8794=PRODUCT_DEFINITION_SHAPE('','SHAPE FOR 026192121.',#8793);
#8795=SHAPE_DEFINITION_REPRESENTATION(#8794,#8784);
ENDSEC;
END-ISO-10303-21;
