ISO-10303-21;
HEADER;
FILE_DESCRIPTION((''),'2;1');
FILE_NAME('026192061','2014-09-08T',('me'),(''),
'PRO/ENGINEER BY PARAMETRIC TECHNOLOGY CORPORATION, 2011490',
'PRO/ENGINEER BY PARAMETRIC TECHNOLOGY CORPORATION, 2011490','');
FILE_SCHEMA(('CONFIG_CONTROL_DESIGN'));
ENDSEC;
DATA;
#1=DIRECTION('',(0.E0,-1.E0,0.E0));
#2=VECTOR('',#1,5.95E0);
#3=CARTESIAN_POINT('',(-5.15E-1,7.535E0,-3.43E0));
#4=LINE('',#3,#2);
#5=DIRECTION('',(1.E0,0.E0,0.E0));
#6=VECTOR('',#5,8.9E-1);
#7=CARTESIAN_POINT('',(-1.1885E1,-1.585E0,-3.43E0));
#8=LINE('',#7,#6);
#9=DIRECTION('',(0.E0,1.E0,0.E0));
#10=VECTOR('',#9,3.8E-1);
#11=CARTESIAN_POINT('',(-1.0995E1,-1.585E0,-3.43E0));
#12=LINE('',#11,#10);
#13=DIRECTION('',(-1.E0,0.E0,0.E0));
#14=VECTOR('',#13,2.18E0);
#15=CARTESIAN_POINT('',(-8.815E0,-1.205E0,-3.43E0));
#16=LINE('',#15,#14);
#17=DIRECTION('',(0.E0,1.E0,0.E0));
#18=VECTOR('',#17,3.8E-1);
#19=CARTESIAN_POINT('',(-8.815E0,-1.585E0,-3.43E0));
#20=LINE('',#19,#18);
#21=DIRECTION('',(1.E0,0.E0,0.E0));
#22=VECTOR('',#21,1.78E0);
#23=CARTESIAN_POINT('',(-8.815E0,-1.585E0,-3.43E0));
#24=LINE('',#23,#22);
#25=DIRECTION('',(0.E0,1.E0,0.E0));
#26=VECTOR('',#25,3.8E-1);
#27=CARTESIAN_POINT('',(-7.035E0,-1.585E0,-3.43E0));
#28=LINE('',#27,#26);
#29=DIRECTION('',(-1.E0,0.E0,0.E0));
#30=VECTOR('',#29,2.18E0);
#31=CARTESIAN_POINT('',(-4.855E0,-1.205E0,-3.43E0));
#32=LINE('',#31,#30);
#33=DIRECTION('',(0.E0,1.E0,0.E0));
#34=VECTOR('',#33,3.8E-1);
#35=CARTESIAN_POINT('',(-4.855E0,-1.585E0,-3.43E0));
#36=LINE('',#35,#34);
#37=DIRECTION('',(1.E0,0.E0,0.E0));
#38=VECTOR('',#37,1.78E0);
#39=CARTESIAN_POINT('',(-4.855E0,-1.585E0,-3.43E0));
#40=LINE('',#39,#38);
#41=DIRECTION('',(0.E0,1.E0,0.E0));
#42=VECTOR('',#41,3.8E-1);
#43=CARTESIAN_POINT('',(-3.075E0,-1.585E0,-3.43E0));
#44=LINE('',#43,#42);
#45=DIRECTION('',(-1.E0,0.E0,0.E0));
#46=VECTOR('',#45,2.18E0);
#47=CARTESIAN_POINT('',(-8.95E-1,-1.205E0,-3.43E0));
#48=LINE('',#47,#46);
#49=DIRECTION('',(0.E0,1.E0,0.E0));
#50=VECTOR('',#49,3.8E-1);
#51=CARTESIAN_POINT('',(-8.95E-1,-1.585E0,-3.43E0));
#52=LINE('',#51,#50);
#53=DIRECTION('',(1.E0,0.E0,0.E0));
#54=VECTOR('',#53,1.78E0);
#55=CARTESIAN_POINT('',(-8.95E-1,-1.585E0,-3.43E0));
#56=LINE('',#55,#54);
#57=DIRECTION('',(0.E0,1.E0,0.E0));
#58=VECTOR('',#57,3.8E-1);
#59=CARTESIAN_POINT('',(8.85E-1,-1.585E0,-3.43E0));
#60=LINE('',#59,#58);
#61=DIRECTION('',(-1.E0,0.E0,0.E0));
#62=VECTOR('',#61,2.18E0);
#63=CARTESIAN_POINT('',(3.065E0,-1.205E0,-3.43E0));
#64=LINE('',#63,#62);
#65=DIRECTION('',(0.E0,1.E0,0.E0));
#66=VECTOR('',#65,3.8E-1);
#67=CARTESIAN_POINT('',(3.065E0,-1.585E0,-3.43E0));
#68=LINE('',#67,#66);
#69=DIRECTION('',(1.E0,0.E0,0.E0));
#70=VECTOR('',#69,1.78E0);
#71=CARTESIAN_POINT('',(3.065E0,-1.585E0,-3.43E0));
#72=LINE('',#71,#70);
#73=DIRECTION('',(0.E0,1.E0,0.E0));
#74=VECTOR('',#73,3.8E-1);
#75=CARTESIAN_POINT('',(4.845E0,-1.585E0,-3.43E0));
#76=LINE('',#75,#74);
#77=DIRECTION('',(-1.E0,0.E0,0.E0));
#78=VECTOR('',#77,2.18E0);
#79=CARTESIAN_POINT('',(7.025E0,-1.205E0,-3.43E0));
#80=LINE('',#79,#78);
#81=DIRECTION('',(0.E0,1.E0,0.E0));
#82=VECTOR('',#81,3.8E-1);
#83=CARTESIAN_POINT('',(7.025E0,-1.585E0,-3.43E0));
#84=LINE('',#83,#82);
#85=DIRECTION('',(1.E0,0.E0,0.E0));
#86=VECTOR('',#85,1.78E0);
#87=CARTESIAN_POINT('',(7.025E0,-1.585E0,-3.43E0));
#88=LINE('',#87,#86);
#89=DIRECTION('',(0.E0,1.E0,0.E0));
#90=VECTOR('',#89,3.8E-1);
#91=CARTESIAN_POINT('',(8.805E0,-1.585E0,-3.43E0));
#92=LINE('',#91,#90);
#93=DIRECTION('',(-1.E0,0.E0,0.E0));
#94=VECTOR('',#93,2.18E0);
#95=CARTESIAN_POINT('',(1.0985E1,-1.205E0,-3.43E0));
#96=LINE('',#95,#94);
#97=DIRECTION('',(0.E0,1.E0,0.E0));
#98=VECTOR('',#97,3.8E-1);
#99=CARTESIAN_POINT('',(1.0985E1,-1.585E0,-3.43E0));
#100=LINE('',#99,#98);
#101=DIRECTION('',(1.E0,0.E0,0.E0));
#102=VECTOR('',#101,9.E-1);
#103=CARTESIAN_POINT('',(1.0985E1,-1.585E0,-3.43E0));
#104=LINE('',#103,#102);
#105=DIRECTION('',(0.E0,1.E0,0.E0));
#106=VECTOR('',#105,9.12E0);
#107=CARTESIAN_POINT('',(1.1885E1,-1.585E0,-3.43E0));
#108=LINE('',#107,#106);
#109=DIRECTION('',(0.E0,-1.E0,0.E0));
#110=VECTOR('',#109,5.95E0);
#111=CARTESIAN_POINT('',(5.05E-1,7.535E0,-3.43E0));
#112=LINE('',#111,#110);
#113=DIRECTION('',(1.E0,0.E0,0.E0));
#114=VECTOR('',#113,1.02E0);
#115=CARTESIAN_POINT('',(-5.15E-1,1.585E0,-3.43E0));
#116=LINE('',#115,#114);
#117=DIRECTION('',(-1.E0,0.E0,0.E0));
#118=VECTOR('',#117,9.E-1);
#119=CARTESIAN_POINT('',(1.1885E1,1.585E0,-2.45E0));
#120=LINE('',#119,#118);
#121=DIRECTION('',(0.E0,0.E0,1.E0));
#122=VECTOR('',#121,5.92E0);
#123=CARTESIAN_POINT('',(1.1885E1,1.585E0,-2.45E0));
#124=LINE('',#123,#122);
#125=DIRECTION('',(0.E0,0.E0,1.E0));
#126=VECTOR('',#125,5.92E0);
#127=CARTESIAN_POINT('',(1.0985E1,1.585E0,-2.45E0));
#128=LINE('',#127,#126);
#129=DIRECTION('',(-1.E0,0.E0,0.E0));
#130=VECTOR('',#129,8.9E-1);
#131=CARTESIAN_POINT('',(-1.0995E1,1.585E0,-2.45E0));
#132=LINE('',#131,#130);
#133=DIRECTION('',(0.E0,0.E0,1.E0));
#134=VECTOR('',#133,5.92E0);
#135=CARTESIAN_POINT('',(-1.0995E1,1.585E0,-2.45E0));
#136=LINE('',#135,#134);
#137=DIRECTION('',(-1.E0,0.E0,0.E0));
#138=VECTOR('',#137,1.78E0);
#139=CARTESIAN_POINT('',(8.805E0,1.585E0,-2.45E0));
#140=LINE('',#139,#138);
#141=DIRECTION('',(0.E0,0.E0,1.E0));
#142=VECTOR('',#141,5.92E0);
#143=CARTESIAN_POINT('',(8.805E0,1.585E0,-2.45E0));
#144=LINE('',#143,#142);
#145=DIRECTION('',(0.E0,0.E0,1.E0));
#146=VECTOR('',#145,5.92E0);
#147=CARTESIAN_POINT('',(7.025E0,1.585E0,-2.45E0));
#148=LINE('',#147,#146);
#149=DIRECTION('',(0.E0,0.E0,1.E0));
#150=VECTOR('',#149,5.92E0);
#151=CARTESIAN_POINT('',(-8.815E0,1.585E0,-2.45E0));
#152=LINE('',#151,#150);
#153=DIRECTION('',(-1.E0,0.E0,0.E0));
#154=VECTOR('',#153,1.78E0);
#155=CARTESIAN_POINT('',(-7.035E0,1.585E0,-2.45E0));
#156=LINE('',#155,#154);
#157=DIRECTION('',(0.E0,0.E0,1.E0));
#158=VECTOR('',#157,5.92E0);
#159=CARTESIAN_POINT('',(-7.035E0,1.585E0,-2.45E0));
#160=LINE('',#159,#158);
#161=DIRECTION('',(-1.E0,0.E0,0.E0));
#162=VECTOR('',#161,1.78E0);
#163=CARTESIAN_POINT('',(4.845E0,1.585E0,-2.45E0));
#164=LINE('',#163,#162);
#165=DIRECTION('',(0.E0,0.E0,1.E0));
#166=VECTOR('',#165,5.92E0);
#167=CARTESIAN_POINT('',(4.845E0,1.585E0,-2.45E0));
#168=LINE('',#167,#166);
#169=DIRECTION('',(0.E0,0.E0,1.E0));
#170=VECTOR('',#169,5.92E0);
#171=CARTESIAN_POINT('',(3.065E0,1.585E0,-2.45E0));
#172=LINE('',#171,#170);
#173=DIRECTION('',(-1.E0,0.E0,0.E0));
#174=VECTOR('',#173,1.78E0);
#175=CARTESIAN_POINT('',(-3.075E0,1.585E0,-2.45E0));
#176=LINE('',#175,#174);
#177=DIRECTION('',(0.E0,0.E0,1.E0));
#178=VECTOR('',#177,5.92E0);
#179=CARTESIAN_POINT('',(-3.075E0,1.585E0,-2.45E0));
#180=LINE('',#179,#178);
#181=DIRECTION('',(0.E0,0.E0,1.E0));
#182=VECTOR('',#181,5.92E0);
#183=CARTESIAN_POINT('',(-4.855E0,1.585E0,-2.45E0));
#184=LINE('',#183,#182);
#185=DIRECTION('',(0.E0,0.E0,1.E0));
#186=VECTOR('',#185,3.E0);
#187=CARTESIAN_POINT('',(-8.435E0,1.585E0,-1.5E0));
#188=LINE('',#187,#186);
#189=DIRECTION('',(1.E0,0.E0,0.E0));
#190=VECTOR('',#189,1.02E0);
#191=CARTESIAN_POINT('',(-8.435E0,1.585E0,1.5E0));
#192=LINE('',#191,#190);
#193=DIRECTION('',(0.E0,0.E0,-1.E0));
#194=VECTOR('',#193,3.E0);
#195=CARTESIAN_POINT('',(-7.415E0,1.585E0,1.5E0));
#196=LINE('',#195,#194);
#197=DIRECTION('',(-1.E0,0.E0,0.E0));
#198=VECTOR('',#197,1.02E0);
#199=CARTESIAN_POINT('',(-7.415E0,1.585E0,-1.5E0));
#200=LINE('',#199,#198);
#201=DIRECTION('',(0.E0,0.E0,1.E0));
#202=VECTOR('',#201,3.E0);
#203=CARTESIAN_POINT('',(-4.475E0,1.585E0,-1.5E0));
#204=LINE('',#203,#202);
#205=DIRECTION('',(1.E0,0.E0,0.E0));
#206=VECTOR('',#205,1.02E0);
#207=CARTESIAN_POINT('',(-4.475E0,1.585E0,1.5E0));
#208=LINE('',#207,#206);
#209=DIRECTION('',(0.E0,0.E0,-1.E0));
#210=VECTOR('',#209,3.E0);
#211=CARTESIAN_POINT('',(-3.455E0,1.585E0,1.5E0));
#212=LINE('',#211,#210);
#213=DIRECTION('',(-1.E0,0.E0,0.E0));
#214=VECTOR('',#213,1.02E0);
#215=CARTESIAN_POINT('',(-3.455E0,1.585E0,-1.5E0));
#216=LINE('',#215,#214);
#217=DIRECTION('',(0.E0,0.E0,1.E0));
#218=VECTOR('',#217,3.E0);
#219=CARTESIAN_POINT('',(-5.15E-1,1.585E0,-1.5E0));
#220=LINE('',#219,#218);
#221=DIRECTION('',(1.E0,0.E0,0.E0));
#222=VECTOR('',#221,1.02E0);
#223=CARTESIAN_POINT('',(-5.15E-1,1.585E0,1.5E0));
#224=LINE('',#223,#222);
#225=DIRECTION('',(0.E0,0.E0,-1.E0));
#226=VECTOR('',#225,3.E0);
#227=CARTESIAN_POINT('',(5.05E-1,1.585E0,1.5E0));
#228=LINE('',#227,#226);
#229=DIRECTION('',(-1.E0,0.E0,0.E0));
#230=VECTOR('',#229,1.02E0);
#231=CARTESIAN_POINT('',(5.05E-1,1.585E0,-1.5E0));
#232=LINE('',#231,#230);
#233=DIRECTION('',(0.E0,0.E0,1.E0));
#234=VECTOR('',#233,3.E0);
#235=CARTESIAN_POINT('',(3.445E0,1.585E0,-1.5E0));
#236=LINE('',#235,#234);
#237=DIRECTION('',(1.E0,0.E0,0.E0));
#238=VECTOR('',#237,1.02E0);
#239=CARTESIAN_POINT('',(3.445E0,1.585E0,1.5E0));
#240=LINE('',#239,#238);
#241=DIRECTION('',(0.E0,0.E0,-1.E0));
#242=VECTOR('',#241,3.E0);
#243=CARTESIAN_POINT('',(4.465E0,1.585E0,1.5E0));
#244=LINE('',#243,#242);
#245=DIRECTION('',(-1.E0,0.E0,0.E0));
#246=VECTOR('',#245,1.02E0);
#247=CARTESIAN_POINT('',(4.465E0,1.585E0,-1.5E0));
#248=LINE('',#247,#246);
#249=DIRECTION('',(0.E0,0.E0,1.E0));
#250=VECTOR('',#249,3.E0);
#251=CARTESIAN_POINT('',(7.405E0,1.585E0,-1.5E0));
#252=LINE('',#251,#250);
#253=DIRECTION('',(1.E0,0.E0,0.E0));
#254=VECTOR('',#253,1.02E0);
#255=CARTESIAN_POINT('',(7.405E0,1.585E0,1.5E0));
#256=LINE('',#255,#254);
#257=DIRECTION('',(0.E0,0.E0,-1.E0));
#258=VECTOR('',#257,3.E0);
#259=CARTESIAN_POINT('',(8.425E0,1.585E0,1.5E0));
#260=LINE('',#259,#258);
#261=DIRECTION('',(-1.E0,0.E0,0.E0));
#262=VECTOR('',#261,1.02E0);
#263=CARTESIAN_POINT('',(8.425E0,1.585E0,-1.5E0));
#264=LINE('',#263,#262);
#265=DIRECTION('',(-1.E0,0.E0,0.E0));
#266=VECTOR('',#265,3.8E-1);
#267=CARTESIAN_POINT('',(-5.15E-1,1.585E0,-2.45E0));
#268=LINE('',#267,#266);
#269=DIRECTION('',(0.E0,0.E0,-1.E0));
#270=VECTOR('',#269,9.8E-1);
#271=CARTESIAN_POINT('',(-5.15E-1,1.585E0,-2.45E0));
#272=LINE('',#271,#270);
#273=DIRECTION('',(-1.E0,0.E0,0.E0));
#274=VECTOR('',#273,3.8E-1);
#275=CARTESIAN_POINT('',(8.85E-1,1.585E0,-2.45E0));
#276=LINE('',#275,#274);
#277=DIRECTION('',(0.E0,0.E0,1.E0));
#278=VECTOR('',#277,5.92E0);
#279=CARTESIAN_POINT('',(8.85E-1,1.585E0,-2.45E0));
#280=LINE('',#279,#278);
#281=DIRECTION('',(0.E0,0.E0,1.E0));
#282=VECTOR('',#281,5.92E0);
#283=CARTESIAN_POINT('',(-8.95E-1,1.585E0,-2.45E0));
#284=LINE('',#283,#282);
#285=DIRECTION('',(0.E0,-1.E0,0.E0));
#286=VECTOR('',#285,5.291820693124E0);
#287=CARTESIAN_POINT('',(-5.15E-1,6.876820693124E0,-2.45E0));
#288=LINE('',#287,#286);
#289=DIRECTION('',(1.E0,0.E0,0.E0));
#290=VECTOR('',#289,1.137E1);
#291=CARTESIAN_POINT('',(-1.1885E1,6.876820693124E0,-2.45E0));
#292=LINE('',#291,#290);
#293=DIRECTION('',(0.E0,-1.E0,0.E0));
#294=VECTOR('',#293,5.291820693124E0);
#295=CARTESIAN_POINT('',(5.05E-1,6.876820693124E0,-2.45E0));
#296=LINE('',#295,#294);
#297=DIRECTION('',(1.E0,0.E0,0.E0));
#298=VECTOR('',#297,1.138E1);
#299=CARTESIAN_POINT('',(5.05E-1,6.876820693124E0,-2.45E0));
#300=LINE('',#299,#298);
#301=DIRECTION('',(0.E0,1.E0,0.E0));
#302=VECTOR('',#301,3.8E-1);
#303=CARTESIAN_POINT('',(-8.95E-1,1.205E0,-2.45E0));
#304=LINE('',#303,#302);
#305=DIRECTION('',(0.E0,0.E0,-1.E0));
#306=VECTOR('',#305,5.92E0);
#307=CARTESIAN_POINT('',(-8.95E-1,1.205E0,3.47E0));
#308=LINE('',#307,#306);
#309=DIRECTION('',(0.E0,-1.E0,0.E0));
#310=VECTOR('',#309,3.8E-1);
#311=CARTESIAN_POINT('',(8.805E0,1.585E0,3.47E0));
#312=LINE('',#311,#310);
#313=DIRECTION('',(1.E0,0.E0,0.E0));
#314=VECTOR('',#313,2.18E0);
#315=CARTESIAN_POINT('',(8.805E0,1.205E0,3.47E0));
#316=LINE('',#315,#314);
#317=DIRECTION('',(0.E0,-1.E0,0.E0));
#318=VECTOR('',#317,3.8E-1);
#319=CARTESIAN_POINT('',(1.0985E1,1.585E0,3.47E0));
#320=LINE('',#319,#318);
#321=DIRECTION('',(-1.E0,0.E0,0.E0));
#322=VECTOR('',#321,9.E-1);
#323=CARTESIAN_POINT('',(1.1885E1,1.585E0,3.47E0));
#324=LINE('',#323,#322);
#325=DIRECTION('',(0.E0,1.E0,0.E0));
#326=VECTOR('',#325,3.17E0);
#327=CARTESIAN_POINT('',(1.1885E1,-1.585E0,3.47E0));
#328=LINE('',#327,#326);
#329=DIRECTION('',(1.E0,0.E0,0.E0));
#330=VECTOR('',#329,9.E-1);
#331=CARTESIAN_POINT('',(1.0985E1,-1.585E0,3.47E0));
#332=LINE('',#331,#330);
#333=DIRECTION('',(0.E0,1.E0,0.E0));
#334=VECTOR('',#333,3.8E-1);
#335=CARTESIAN_POINT('',(1.0985E1,-1.585E0,3.47E0));
#336=LINE('',#335,#334);
#337=DIRECTION('',(-1.E0,0.E0,0.E0));
#338=VECTOR('',#337,2.18E0);
#339=CARTESIAN_POINT('',(1.0985E1,-1.205E0,3.47E0));
#340=LINE('',#339,#338);
#341=DIRECTION('',(0.E0,1.E0,0.E0));
#342=VECTOR('',#341,3.8E-1);
#343=CARTESIAN_POINT('',(8.805E0,-1.585E0,3.47E0));
#344=LINE('',#343,#342);
#345=DIRECTION('',(1.E0,0.E0,0.E0));
#346=VECTOR('',#345,1.78E0);
#347=CARTESIAN_POINT('',(7.025E0,-1.585E0,3.47E0));
#348=LINE('',#347,#346);
#349=DIRECTION('',(0.E0,1.E0,0.E0));
#350=VECTOR('',#349,3.8E-1);
#351=CARTESIAN_POINT('',(7.025E0,-1.585E0,3.47E0));
#352=LINE('',#351,#350);
#353=DIRECTION('',(-1.E0,0.E0,0.E0));
#354=VECTOR('',#353,2.18E0);
#355=CARTESIAN_POINT('',(7.025E0,-1.205E0,3.47E0));
#356=LINE('',#355,#354);
#357=DIRECTION('',(0.E0,1.E0,0.E0));
#358=VECTOR('',#357,3.8E-1);
#359=CARTESIAN_POINT('',(4.845E0,-1.585E0,3.47E0));
#360=LINE('',#359,#358);
#361=DIRECTION('',(1.E0,0.E0,0.E0));
#362=VECTOR('',#361,1.78E0);
#363=CARTESIAN_POINT('',(3.065E0,-1.585E0,3.47E0));
#364=LINE('',#363,#362);
#365=DIRECTION('',(0.E0,1.E0,0.E0));
#366=VECTOR('',#365,3.8E-1);
#367=CARTESIAN_POINT('',(3.065E0,-1.585E0,3.47E0));
#368=LINE('',#367,#366);
#369=DIRECTION('',(-1.E0,0.E0,0.E0));
#370=VECTOR('',#369,2.18E0);
#371=CARTESIAN_POINT('',(3.065E0,-1.205E0,3.47E0));
#372=LINE('',#371,#370);
#373=DIRECTION('',(0.E0,1.E0,0.E0));
#374=VECTOR('',#373,3.8E-1);
#375=CARTESIAN_POINT('',(8.85E-1,-1.585E0,3.47E0));
#376=LINE('',#375,#374);
#377=DIRECTION('',(1.E0,0.E0,0.E0));
#378=VECTOR('',#377,1.78E0);
#379=CARTESIAN_POINT('',(-8.95E-1,-1.585E0,3.47E0));
#380=LINE('',#379,#378);
#381=DIRECTION('',(0.E0,1.E0,0.E0));
#382=VECTOR('',#381,3.8E-1);
#383=CARTESIAN_POINT('',(-8.95E-1,-1.585E0,3.47E0));
#384=LINE('',#383,#382);
#385=DIRECTION('',(-1.E0,0.E0,0.E0));
#386=VECTOR('',#385,2.18E0);
#387=CARTESIAN_POINT('',(-8.95E-1,-1.205E0,3.47E0));
#388=LINE('',#387,#386);
#389=DIRECTION('',(0.E0,1.E0,0.E0));
#390=VECTOR('',#389,3.8E-1);
#391=CARTESIAN_POINT('',(-3.075E0,-1.585E0,3.47E0));
#392=LINE('',#391,#390);
#393=DIRECTION('',(1.E0,0.E0,0.E0));
#394=VECTOR('',#393,1.78E0);
#395=CARTESIAN_POINT('',(-4.855E0,-1.585E0,3.47E0));
#396=LINE('',#395,#394);
#397=DIRECTION('',(0.E0,1.E0,0.E0));
#398=VECTOR('',#397,3.8E-1);
#399=CARTESIAN_POINT('',(-4.855E0,-1.585E0,3.47E0));
#400=LINE('',#399,#398);
#401=DIRECTION('',(-1.E0,0.E0,0.E0));
#402=VECTOR('',#401,2.18E0);
#403=CARTESIAN_POINT('',(-4.855E0,-1.205E0,3.47E0));
#404=LINE('',#403,#402);
#405=DIRECTION('',(0.E0,1.E0,0.E0));
#406=VECTOR('',#405,3.8E-1);
#407=CARTESIAN_POINT('',(-7.035E0,-1.585E0,3.47E0));
#408=LINE('',#407,#406);
#409=DIRECTION('',(1.E0,0.E0,0.E0));
#410=VECTOR('',#409,1.78E0);
#411=CARTESIAN_POINT('',(-8.815E0,-1.585E0,3.47E0));
#412=LINE('',#411,#410);
#413=DIRECTION('',(0.E0,1.E0,0.E0));
#414=VECTOR('',#413,3.8E-1);
#415=CARTESIAN_POINT('',(-8.815E0,-1.585E0,3.47E0));
#416=LINE('',#415,#414);
#417=DIRECTION('',(-1.E0,0.E0,0.E0));
#418=VECTOR('',#417,2.18E0);
#419=CARTESIAN_POINT('',(-8.815E0,-1.205E0,3.47E0));
#420=LINE('',#419,#418);
#421=DIRECTION('',(0.E0,1.E0,0.E0));
#422=VECTOR('',#421,3.8E-1);
#423=CARTESIAN_POINT('',(-1.0995E1,-1.585E0,3.47E0));
#424=LINE('',#423,#422);
#425=DIRECTION('',(1.E0,0.E0,0.E0));
#426=VECTOR('',#425,8.9E-1);
#427=CARTESIAN_POINT('',(-1.1885E1,-1.585E0,3.47E0));
#428=LINE('',#427,#426);
#429=DIRECTION('',(0.E0,-1.E0,0.E0));
#430=VECTOR('',#429,3.17E0);
#431=CARTESIAN_POINT('',(-1.1885E1,1.585E0,3.47E0));
#432=LINE('',#431,#430);
#433=DIRECTION('',(-1.E0,0.E0,0.E0));
#434=VECTOR('',#433,8.9E-1);
#435=CARTESIAN_POINT('',(-1.0995E1,1.585E0,3.47E0));
#436=LINE('',#435,#434);
#437=DIRECTION('',(0.E0,-1.E0,0.E0));
#438=VECTOR('',#437,3.8E-1);
#439=CARTESIAN_POINT('',(-1.0995E1,1.585E0,3.47E0));
#440=LINE('',#439,#438);
#441=DIRECTION('',(1.E0,0.E0,0.E0));
#442=VECTOR('',#441,2.18E0);
#443=CARTESIAN_POINT('',(-1.0995E1,1.205E0,3.47E0));
#444=LINE('',#443,#442);
#445=DIRECTION('',(0.E0,-1.E0,0.E0));
#446=VECTOR('',#445,3.8E-1);
#447=CARTESIAN_POINT('',(-8.815E0,1.585E0,3.47E0));
#448=LINE('',#447,#446);
#449=DIRECTION('',(-1.E0,0.E0,0.E0));
#450=VECTOR('',#449,1.78E0);
#451=CARTESIAN_POINT('',(-7.035E0,1.585E0,3.47E0));
#452=LINE('',#451,#450);
#453=DIRECTION('',(0.E0,-1.E0,0.E0));
#454=VECTOR('',#453,3.8E-1);
#455=CARTESIAN_POINT('',(-7.035E0,1.585E0,3.47E0));
#456=LINE('',#455,#454);
#457=DIRECTION('',(1.E0,0.E0,0.E0));
#458=VECTOR('',#457,2.18E0);
#459=CARTESIAN_POINT('',(-7.035E0,1.205E0,3.47E0));
#460=LINE('',#459,#458);
#461=DIRECTION('',(0.E0,-1.E0,0.E0));
#462=VECTOR('',#461,3.8E-1);
#463=CARTESIAN_POINT('',(-4.855E0,1.585E0,3.47E0));
#464=LINE('',#463,#462);
#465=DIRECTION('',(-1.E0,0.E0,0.E0));
#466=VECTOR('',#465,1.78E0);
#467=CARTESIAN_POINT('',(-3.075E0,1.585E0,3.47E0));
#468=LINE('',#467,#466);
#469=DIRECTION('',(0.E0,-1.E0,0.E0));
#470=VECTOR('',#469,3.8E-1);
#471=CARTESIAN_POINT('',(-3.075E0,1.585E0,3.47E0));
#472=LINE('',#471,#470);
#473=DIRECTION('',(1.E0,0.E0,0.E0));
#474=VECTOR('',#473,2.18E0);
#475=CARTESIAN_POINT('',(-3.075E0,1.205E0,3.47E0));
#476=LINE('',#475,#474);
#477=DIRECTION('',(0.E0,-1.E0,0.E0));
#478=VECTOR('',#477,3.8E-1);
#479=CARTESIAN_POINT('',(-8.95E-1,1.585E0,3.47E0));
#480=LINE('',#479,#478);
#481=DIRECTION('',(-1.E0,0.E0,0.E0));
#482=VECTOR('',#481,1.78E0);
#483=CARTESIAN_POINT('',(8.85E-1,1.585E0,3.47E0));
#484=LINE('',#483,#482);
#485=DIRECTION('',(0.E0,-1.E0,0.E0));
#486=VECTOR('',#485,3.8E-1);
#487=CARTESIAN_POINT('',(8.85E-1,1.585E0,3.47E0));
#488=LINE('',#487,#486);
#489=DIRECTION('',(1.E0,0.E0,0.E0));
#490=VECTOR('',#489,2.18E0);
#491=CARTESIAN_POINT('',(8.85E-1,1.205E0,3.47E0));
#492=LINE('',#491,#490);
#493=DIRECTION('',(0.E0,-1.E0,0.E0));
#494=VECTOR('',#493,3.8E-1);
#495=CARTESIAN_POINT('',(3.065E0,1.585E0,3.47E0));
#496=LINE('',#495,#494);
#497=DIRECTION('',(-1.E0,0.E0,0.E0));
#498=VECTOR('',#497,1.78E0);
#499=CARTESIAN_POINT('',(4.845E0,1.585E0,3.47E0));
#500=LINE('',#499,#498);
#501=DIRECTION('',(0.E0,-1.E0,0.E0));
#502=VECTOR('',#501,3.8E-1);
#503=CARTESIAN_POINT('',(4.845E0,1.585E0,3.47E0));
#504=LINE('',#503,#502);
#505=DIRECTION('',(1.E0,0.E0,0.E0));
#506=VECTOR('',#505,2.18E0);
#507=CARTESIAN_POINT('',(4.845E0,1.205E0,3.47E0));
#508=LINE('',#507,#506);
#509=DIRECTION('',(0.E0,-1.E0,0.E0));
#510=VECTOR('',#509,3.8E-1);
#511=CARTESIAN_POINT('',(7.025E0,1.585E0,3.47E0));
#512=LINE('',#511,#510);
#513=DIRECTION('',(-1.E0,0.E0,0.E0));
#514=VECTOR('',#513,1.78E0);
#515=CARTESIAN_POINT('',(8.805E0,1.585E0,3.47E0));
#516=LINE('',#515,#514);
#517=DIRECTION('',(0.E0,-1.E0,0.E0));
#518=VECTOR('',#517,3.8E-1);
#519=CARTESIAN_POINT('',(8.805E0,1.585E0,-2.45E0));
#520=LINE('',#519,#518);
#521=CARTESIAN_POINT('',(9.895E0,1.205E0,0.E0));
#522=DIRECTION('',(0.E0,1.E0,0.E0));
#523=DIRECTION('',(1.E0,0.E0,0.E0));
#524=AXIS2_PLACEMENT_3D('',#521,#522,#523);
#526=CARTESIAN_POINT('',(9.895E0,1.205E0,0.E0));
#527=DIRECTION('',(0.E0,1.E0,0.E0));
#528=DIRECTION('',(-1.E0,0.E0,0.E0));
#529=AXIS2_PLACEMENT_3D('',#526,#527,#528);
#531=DIRECTION('',(1.E0,0.E0,0.E0));
#532=VECTOR('',#531,2.18E0);
#533=CARTESIAN_POINT('',(8.805E0,1.205E0,-2.45E0));
#534=LINE('',#533,#532);
#535=DIRECTION('',(0.E0,0.E0,-1.E0));
#536=VECTOR('',#535,5.92E0);
#537=CARTESIAN_POINT('',(8.805E0,1.205E0,3.47E0));
#538=LINE('',#537,#536);
#539=CARTESIAN_POINT('',(9.895E0,-5.145E0,0.E0));
#540=DIRECTION('',(0.E0,1.E0,0.E0));
#541=DIRECTION('',(1.E0,0.E0,0.E0));
#542=AXIS2_PLACEMENT_3D('',#539,#540,#541);
#544=DIRECTION('',(0.E0,1.E0,0.E0));
#545=VECTOR('',#544,1.092E1);
#546=CARTESIAN_POINT('',(9.325E0,1.205E0,0.E0));
#547=LINE('',#546,#545);
#548=DIRECTION('',(0.E0,1.E0,0.E0));
#549=VECTOR('',#548,1.092E1);
#550=CARTESIAN_POINT('',(1.0465E1,1.205E0,0.E0));
#551=LINE('',#550,#549);
#552=DIRECTION('',(0.E0,1.E0,0.E0));
#553=VECTOR('',#552,3.94E0);
#554=CARTESIAN_POINT('',(1.0465E1,-5.145E0,0.E0));
#555=LINE('',#554,#553);
#556=CARTESIAN_POINT('',(9.895E0,-5.145E0,0.E0));
#557=DIRECTION('',(0.E0,-1.E0,0.E0));
#558=DIRECTION('',(1.E0,0.E0,0.E0));
#559=AXIS2_PLACEMENT_3D('',#556,#557,#558);
#561=DIRECTION('',(0.E0,1.E0,0.E0));
#562=VECTOR('',#561,3.94E0);
#563=CARTESIAN_POINT('',(9.325E0,-5.145E0,0.E0));
#564=LINE('',#563,#562);
#565=DIRECTION('',(-3.568681169914E-1,9.341547768304E-1,0.E0));
#566=VECTOR('',#565,9.527329111561E-1);
#567=CARTESIAN_POINT('',(1.0465E1,1.2125E1,0.E0));
#568=LINE('',#567,#566);
#569=CARTESIAN_POINT('',(9.895E0,1.2125E1,0.E0));
#570=DIRECTION('',(0.E0,-1.E0,0.E0));
#571=DIRECTION('',(1.E0,0.E0,0.E0));
#572=AXIS2_PLACEMENT_3D('',#569,#570,#571);
#574=DIRECTION('',(3.568681169914E-1,9.341547768304E-1,0.E0));
#575=VECTOR('',#574,9.527329111561E-1);
#576=CARTESIAN_POINT('',(9.325E0,1.2125E1,0.E0));
#577=LINE('',#576,#575);
#578=CARTESIAN_POINT('',(9.895E0,1.2125E1,0.E0));
#579=DIRECTION('',(0.E0,1.E0,0.E0));
#580=DIRECTION('',(1.E0,0.E0,0.E0));
#581=AXIS2_PLACEMENT_3D('',#578,#579,#580);
#583=CARTESIAN_POINT('',(9.895E0,1.3015E1,0.E0));
#584=DIRECTION('',(0.E0,-1.E0,0.E0));
#585=DIRECTION('',(1.E0,0.E0,0.E0));
#586=AXIS2_PLACEMENT_3D('',#583,#584,#585);
#588=CARTESIAN_POINT('',(9.895E0,1.3015E1,0.E0));
#589=DIRECTION('',(0.E0,1.E0,0.E0));
#590=DIRECTION('',(1.E0,0.E0,0.E0));
#591=AXIS2_PLACEMENT_3D('',#588,#589,#590);
#593=DIRECTION('',(0.E0,0.E0,-1.E0));
#594=VECTOR('',#593,6.9E0);
#595=CARTESIAN_POINT('',(1.0985E1,-1.205E0,3.47E0));
#596=LINE('',#595,#594);
#597=CARTESIAN_POINT('',(9.895E0,-1.205E0,0.E0));
#598=DIRECTION('',(0.E0,1.E0,0.E0));
#599=DIRECTION('',(1.E0,0.E0,0.E0));
#600=AXIS2_PLACEMENT_3D('',#597,#598,#599);
#602=CARTESIAN_POINT('',(9.895E0,-1.205E0,0.E0));
#603=DIRECTION('',(0.E0,1.E0,0.E0));
#604=DIRECTION('',(-1.E0,0.E0,0.E0));
#605=AXIS2_PLACEMENT_3D('',#602,#603,#604);
#607=DIRECTION('',(0.E0,0.E0,-1.E0));
#608=VECTOR('',#607,6.9E0);
#609=CARTESIAN_POINT('',(8.805E0,-1.205E0,3.47E0));
#610=LINE('',#609,#608);
#611=DIRECTION('',(0.E0,0.E0,1.E0));
#612=VECTOR('',#611,6.9E0);
#613=CARTESIAN_POINT('',(-1.0995E1,-1.585E0,-3.43E0));
#614=LINE('',#613,#612);
#615=DIRECTION('',(0.E0,0.E0,1.E0));
#616=VECTOR('',#615,6.9E0);
#617=CARTESIAN_POINT('',(-1.1885E1,-1.585E0,-3.43E0));
#618=LINE('',#617,#616);
#619=DIRECTION('',(0.E0,0.E0,1.E0));
#620=VECTOR('',#619,6.9E0);
#621=CARTESIAN_POINT('',(-7.035E0,-1.585E0,-3.43E0));
#622=LINE('',#621,#620);
#623=DIRECTION('',(0.E0,0.E0,1.E0));
#624=VECTOR('',#623,6.9E0);
#625=CARTESIAN_POINT('',(-8.815E0,-1.585E0,-3.43E0));
#626=LINE('',#625,#624);
#627=DIRECTION('',(0.E0,0.E0,1.E0));
#628=VECTOR('',#627,6.9E0);
#629=CARTESIAN_POINT('',(-3.075E0,-1.585E0,-3.43E0));
#630=LINE('',#629,#628);
#631=DIRECTION('',(0.E0,0.E0,1.E0));
#632=VECTOR('',#631,6.9E0);
#633=CARTESIAN_POINT('',(-4.855E0,-1.585E0,-3.43E0));
#634=LINE('',#633,#632);
#635=DIRECTION('',(0.E0,0.E0,1.E0));
#636=VECTOR('',#635,6.9E0);
#637=CARTESIAN_POINT('',(8.85E-1,-1.585E0,-3.43E0));
#638=LINE('',#637,#636);
#639=DIRECTION('',(0.E0,0.E0,1.E0));
#640=VECTOR('',#639,6.9E0);
#641=CARTESIAN_POINT('',(-8.95E-1,-1.585E0,-3.43E0));
#642=LINE('',#641,#640);
#643=DIRECTION('',(0.E0,0.E0,1.E0));
#644=VECTOR('',#643,6.9E0);
#645=CARTESIAN_POINT('',(4.845E0,-1.585E0,-3.43E0));
#646=LINE('',#645,#644);
#647=DIRECTION('',(0.E0,0.E0,1.E0));
#648=VECTOR('',#647,6.9E0);
#649=CARTESIAN_POINT('',(3.065E0,-1.585E0,-3.43E0));
#650=LINE('',#649,#648);
#651=DIRECTION('',(0.E0,0.E0,1.E0));
#652=VECTOR('',#651,6.9E0);
#653=CARTESIAN_POINT('',(1.0985E1,-1.585E0,-3.43E0));
#654=LINE('',#653,#652);
#655=DIRECTION('',(0.E0,0.E0,1.E0));
#656=VECTOR('',#655,6.9E0);
#657=CARTESIAN_POINT('',(8.805E0,-1.585E0,-3.43E0));
#658=LINE('',#657,#656);
#659=DIRECTION('',(0.E0,0.E0,1.E0));
#660=VECTOR('',#659,6.9E0);
#661=CARTESIAN_POINT('',(7.025E0,-1.585E0,-3.43E0));
#662=LINE('',#661,#660);
#663=DIRECTION('',(0.E0,0.E0,1.E0));
#664=VECTOR('',#663,3.E0);
#665=CARTESIAN_POINT('',(-8.435E0,-1.585E0,-1.5E0));
#666=LINE('',#665,#664);
#667=DIRECTION('',(-1.E0,0.E0,0.E0));
#668=VECTOR('',#667,1.02E0);
#669=CARTESIAN_POINT('',(-7.415E0,-1.585E0,-1.5E0));
#670=LINE('',#669,#668);
#671=DIRECTION('',(0.E0,0.E0,-1.E0));
#672=VECTOR('',#671,3.E0);
#673=CARTESIAN_POINT('',(-7.415E0,-1.585E0,1.5E0));
#674=LINE('',#673,#672);
#675=DIRECTION('',(1.E0,0.E0,0.E0));
#676=VECTOR('',#675,1.02E0);
#677=CARTESIAN_POINT('',(-8.435E0,-1.585E0,1.5E0));
#678=LINE('',#677,#676);
#679=DIRECTION('',(0.E0,0.E0,1.E0));
#680=VECTOR('',#679,3.E0);
#681=CARTESIAN_POINT('',(-4.475E0,-1.585E0,-1.5E0));
#682=LINE('',#681,#680);
#683=DIRECTION('',(-1.E0,0.E0,0.E0));
#684=VECTOR('',#683,1.02E0);
#685=CARTESIAN_POINT('',(-3.455E0,-1.585E0,-1.5E0));
#686=LINE('',#685,#684);
#687=DIRECTION('',(0.E0,0.E0,-1.E0));
#688=VECTOR('',#687,3.E0);
#689=CARTESIAN_POINT('',(-3.455E0,-1.585E0,1.5E0));
#690=LINE('',#689,#688);
#691=DIRECTION('',(1.E0,0.E0,0.E0));
#692=VECTOR('',#691,1.02E0);
#693=CARTESIAN_POINT('',(-4.475E0,-1.585E0,1.5E0));
#694=LINE('',#693,#692);
#695=DIRECTION('',(0.E0,0.E0,1.E0));
#696=VECTOR('',#695,3.E0);
#697=CARTESIAN_POINT('',(-5.15E-1,-1.585E0,-1.5E0));
#698=LINE('',#697,#696);
#699=DIRECTION('',(-1.E0,0.E0,0.E0));
#700=VECTOR('',#699,1.02E0);
#701=CARTESIAN_POINT('',(5.05E-1,-1.585E0,-1.5E0));
#702=LINE('',#701,#700);
#703=DIRECTION('',(0.E0,0.E0,-1.E0));
#704=VECTOR('',#703,3.E0);
#705=CARTESIAN_POINT('',(5.05E-1,-1.585E0,1.5E0));
#706=LINE('',#705,#704);
#707=DIRECTION('',(1.E0,0.E0,0.E0));
#708=VECTOR('',#707,1.02E0);
#709=CARTESIAN_POINT('',(-5.15E-1,-1.585E0,1.5E0));
#710=LINE('',#709,#708);
#711=DIRECTION('',(0.E0,0.E0,1.E0));
#712=VECTOR('',#711,3.E0);
#713=CARTESIAN_POINT('',(3.445E0,-1.585E0,-1.5E0));
#714=LINE('',#713,#712);
#715=DIRECTION('',(-1.E0,0.E0,0.E0));
#716=VECTOR('',#715,1.02E0);
#717=CARTESIAN_POINT('',(4.465E0,-1.585E0,-1.5E0));
#718=LINE('',#717,#716);
#719=DIRECTION('',(0.E0,0.E0,-1.E0));
#720=VECTOR('',#719,3.E0);
#721=CARTESIAN_POINT('',(4.465E0,-1.585E0,1.5E0));
#722=LINE('',#721,#720);
#723=DIRECTION('',(1.E0,0.E0,0.E0));
#724=VECTOR('',#723,1.02E0);
#725=CARTESIAN_POINT('',(3.445E0,-1.585E0,1.5E0));
#726=LINE('',#725,#724);
#727=DIRECTION('',(0.E0,0.E0,1.E0));
#728=VECTOR('',#727,3.E0);
#729=CARTESIAN_POINT('',(7.405E0,-1.585E0,-1.5E0));
#730=LINE('',#729,#728);
#731=DIRECTION('',(-1.E0,0.E0,0.E0));
#732=VECTOR('',#731,1.02E0);
#733=CARTESIAN_POINT('',(8.425E0,-1.585E0,-1.5E0));
#734=LINE('',#733,#732);
#735=DIRECTION('',(0.E0,0.E0,-1.E0));
#736=VECTOR('',#735,3.E0);
#737=CARTESIAN_POINT('',(8.425E0,-1.585E0,1.5E0));
#738=LINE('',#737,#736);
#739=DIRECTION('',(1.E0,0.E0,0.E0));
#740=VECTOR('',#739,1.02E0);
#741=CARTESIAN_POINT('',(7.405E0,-1.585E0,1.5E0));
#742=LINE('',#741,#740);
#743=DIRECTION('',(0.E0,0.E0,-1.E0));
#744=VECTOR('',#743,6.9E0);
#745=CARTESIAN_POINT('',(-1.0995E1,-1.205E0,3.47E0));
#746=LINE('',#745,#744);
#747=DIRECTION('',(0.E0,0.E0,-1.E0));
#748=VECTOR('',#747,6.9E0);
#749=CARTESIAN_POINT('',(-8.815E0,-1.205E0,3.47E0));
#750=LINE('',#749,#748);
#751=CARTESIAN_POINT('',(-9.905E0,-1.205E0,0.E0));
#752=DIRECTION('',(0.E0,1.E0,0.E0));
#753=DIRECTION('',(1.E0,0.E0,0.E0));
#754=AXIS2_PLACEMENT_3D('',#751,#752,#753);
#756=CARTESIAN_POINT('',(-9.905E0,-1.205E0,0.E0));
#757=DIRECTION('',(0.E0,1.E0,0.E0));
#758=DIRECTION('',(-1.E0,0.E0,0.E0));
#759=AXIS2_PLACEMENT_3D('',#756,#757,#758);
#761=CARTESIAN_POINT('',(-9.905E0,-5.145E0,0.E0));
#762=DIRECTION('',(0.E0,1.E0,0.E0));
#763=DIRECTION('',(1.E0,0.E0,0.E0));
#764=AXIS2_PLACEMENT_3D('',#761,#762,#763);
#766=CARTESIAN_POINT('',(-9.905E0,1.205E0,0.E0));
#767=DIRECTION('',(0.E0,1.E0,0.E0));
#768=DIRECTION('',(1.E0,0.E0,0.E0));
#769=AXIS2_PLACEMENT_3D('',#766,#767,#768);
#771=CARTESIAN_POINT('',(-9.905E0,1.205E0,0.E0));
#772=DIRECTION('',(0.E0,1.E0,0.E0));
#773=DIRECTION('',(-1.E0,0.E0,0.E0));
#774=AXIS2_PLACEMENT_3D('',#771,#772,#773);
#776=DIRECTION('',(1.E0,0.E0,0.E0));
#777=VECTOR('',#776,2.18E0);
#778=CARTESIAN_POINT('',(-1.0995E1,1.205E0,-2.45E0));
#779=LINE('',#778,#777);
#780=DIRECTION('',(0.E0,0.E0,-1.E0));
#781=VECTOR('',#780,5.92E0);
#782=CARTESIAN_POINT('',(-1.0995E1,1.205E0,3.47E0));
#783=LINE('',#782,#781);
#784=DIRECTION('',(0.E0,1.E0,0.E0));
#785=VECTOR('',#784,1.092E1);
#786=CARTESIAN_POINT('',(-1.0475E1,1.205E0,0.E0));
#787=LINE('',#786,#785);
#788=DIRECTION('',(0.E0,1.E0,0.E0));
#789=VECTOR('',#788,1.092E1);
#790=CARTESIAN_POINT('',(-9.335E0,1.205E0,0.E0));
#791=LINE('',#790,#789);
#792=DIRECTION('',(0.E0,1.E0,0.E0));
#793=VECTOR('',#792,3.94E0);
#794=CARTESIAN_POINT('',(-9.335E0,-5.145E0,0.E0));
#795=LINE('',#794,#793);
#796=CARTESIAN_POINT('',(-9.905E0,-5.145E0,0.E0));
#797=DIRECTION('',(0.E0,-1.E0,0.E0));
#798=DIRECTION('',(1.E0,0.E0,0.E0));
#799=AXIS2_PLACEMENT_3D('',#796,#797,#798);
#801=DIRECTION('',(0.E0,1.E0,0.E0));
#802=VECTOR('',#801,3.94E0);
#803=CARTESIAN_POINT('',(-1.0475E1,-5.145E0,0.E0));
#804=LINE('',#803,#802);
#805=DIRECTION('',(-3.568681169914E-1,9.341547768304E-1,0.E0));
#806=VECTOR('',#805,9.527329111561E-1);
#807=CARTESIAN_POINT('',(-9.335E0,1.2125E1,0.E0));
#808=LINE('',#807,#806);
#809=CARTESIAN_POINT('',(-9.905E0,1.2125E1,0.E0));
#810=DIRECTION('',(0.E0,-1.E0,0.E0));
#811=DIRECTION('',(1.E0,0.E0,0.E0));
#812=AXIS2_PLACEMENT_3D('',#809,#810,#811);
#814=DIRECTION('',(3.568681169914E-1,9.341547768304E-1,0.E0));
#815=VECTOR('',#814,9.527329111561E-1);
#816=CARTESIAN_POINT('',(-1.0475E1,1.2125E1,0.E0));
#817=LINE('',#816,#815);
#818=CARTESIAN_POINT('',(-9.905E0,1.2125E1,0.E0));
#819=DIRECTION('',(0.E0,1.E0,0.E0));
#820=DIRECTION('',(1.E0,0.E0,0.E0));
#821=AXIS2_PLACEMENT_3D('',#818,#819,#820);
#823=CARTESIAN_POINT('',(-9.905E0,1.3015E1,0.E0));
#824=DIRECTION('',(0.E0,-1.E0,0.E0));
#825=DIRECTION('',(1.E0,0.E0,0.E0));
#826=AXIS2_PLACEMENT_3D('',#823,#824,#825);
#828=CARTESIAN_POINT('',(-9.905E0,1.3015E1,0.E0));
#829=DIRECTION('',(0.E0,1.E0,0.E0));
#830=DIRECTION('',(1.E0,0.E0,0.E0));
#831=AXIS2_PLACEMENT_3D('',#828,#829,#830);
#833=DIRECTION('',(3.568681169914E-1,9.341547768304E-1,0.E0));
#834=VECTOR('',#833,9.527329111561E-1);
#835=CARTESIAN_POINT('',(-9.675E0,-6.035E0,0.E0));
#836=LINE('',#835,#834);
#837=CARTESIAN_POINT('',(-9.905E0,-6.035E0,0.E0));
#838=DIRECTION('',(0.E0,-1.E0,0.E0));
#839=DIRECTION('',(1.E0,0.E0,0.E0));
#840=AXIS2_PLACEMENT_3D('',#837,#838,#839);
#842=DIRECTION('',(-3.568681169914E-1,9.341547768304E-1,0.E0));
#843=VECTOR('',#842,9.527329111561E-1);
#844=CARTESIAN_POINT('',(-1.0135E1,-6.035E0,0.E0));
#845=LINE('',#844,#843);
#846=CARTESIAN_POINT('',(-9.905E0,-6.035E0,0.E0));
#847=DIRECTION('',(0.E0,1.E0,0.E0));
#848=DIRECTION('',(1.E0,0.E0,0.E0));
#849=AXIS2_PLACEMENT_3D('',#846,#847,#848);
#851=DIRECTION('',(0.E0,0.E0,-1.E0));
#852=VECTOR('',#851,5.92E0);
#853=CARTESIAN_POINT('',(-8.815E0,1.205E0,3.47E0));
#854=LINE('',#853,#852);
#855=DIRECTION('',(0.E0,1.E0,0.E0));
#856=VECTOR('',#855,3.8E-1);
#857=CARTESIAN_POINT('',(-8.815E0,1.205E0,-2.45E0));
#858=LINE('',#857,#856);
#859=DIRECTION('',(0.E0,-1.E0,0.E0));
#860=VECTOR('',#859,3.8E-1);
#861=CARTESIAN_POINT('',(-1.0995E1,1.585E0,-2.45E0));
#862=LINE('',#861,#860);
#863=DIRECTION('',(0.E0,1.E0,0.E0));
#864=VECTOR('',#863,9.12E0);
#865=CARTESIAN_POINT('',(-1.1885E1,-1.585E0,-3.43E0));
#866=LINE('',#865,#864);
#867=DIRECTION('',(0.E0,0.E0,-1.E0));
#868=VECTOR('',#867,6.E-1);
#869=CARTESIAN_POINT('',(-1.1885E1,7.535E0,-2.83E0));
#870=LINE('',#869,#868);
#871=DIRECTION('',(0.E0,8.660254037844E-1,-5.E-1));
#872=VECTOR('',#871,7.6E-1);
#873=CARTESIAN_POINT('',(-1.1885E1,6.876820693124E0,-2.45E0));
#874=LINE('',#873,#872);
#875=DIRECTION('',(0.E0,-1.E0,0.E0));
#876=VECTOR('',#875,5.291820693124E0);
#877=CARTESIAN_POINT('',(-1.1885E1,6.876820693124E0,-2.45E0));
#878=LINE('',#877,#876);
#879=DIRECTION('',(0.E0,0.E0,1.E0));
#880=VECTOR('',#879,5.92E0);
#881=CARTESIAN_POINT('',(-1.1885E1,1.585E0,-2.45E0));
#882=LINE('',#881,#880);
#883=DIRECTION('',(0.E0,0.E0,1.E0));
#884=VECTOR('',#883,6.E-1);
#885=CARTESIAN_POINT('',(-5.15E-1,7.535E0,-3.43E0));
#886=LINE('',#885,#884);
#887=DIRECTION('',(1.E0,0.E0,0.E0));
#888=VECTOR('',#887,1.137E1);
#889=CARTESIAN_POINT('',(-1.1885E1,7.535E0,-3.43E0));
#890=LINE('',#889,#888);
#891=DIRECTION('',(0.E0,0.E0,1.E0));
#892=VECTOR('',#891,6.E-1);
#893=CARTESIAN_POINT('',(5.05E-1,7.535E0,-3.43E0));
#894=LINE('',#893,#892);
#895=DIRECTION('',(1.E0,0.E0,0.E0));
#896=VECTOR('',#895,1.138E1);
#897=CARTESIAN_POINT('',(5.05E-1,7.535E0,-3.43E0));
#898=LINE('',#897,#896);
#899=DIRECTION('',(0.E0,-8.660254037844E-1,5.E-1));
#900=VECTOR('',#899,7.6E-1);
#901=CARTESIAN_POINT('',(-5.15E-1,7.535E0,-2.83E0));
#902=LINE('',#901,#900);
#903=DIRECTION('',(1.E0,0.E0,0.E0));
#904=VECTOR('',#903,1.137E1);
#905=CARTESIAN_POINT('',(-1.1885E1,7.535E0,-2.83E0));
#906=LINE('',#905,#904);
#907=DIRECTION('',(0.E0,-8.660254037844E-1,5.E-1));
#908=VECTOR('',#907,7.6E-1);
#909=CARTESIAN_POINT('',(5.05E-1,7.535E0,-2.83E0));
#910=LINE('',#909,#908);
#911=DIRECTION('',(1.E0,0.E0,0.E0));
#912=VECTOR('',#911,1.138E1);
#913=CARTESIAN_POINT('',(5.05E-1,7.535E0,-2.83E0));
#914=LINE('',#913,#912);
#915=DIRECTION('',(0.E0,0.E0,-1.E0));
#916=VECTOR('',#915,9.8E-1);
#917=CARTESIAN_POINT('',(5.05E-1,1.585E0,-2.45E0));
#918=LINE('',#917,#916);
#919=DIRECTION('',(0.E0,-1.E0,0.E0));
#920=VECTOR('',#919,5.291820693124E0);
#921=CARTESIAN_POINT('',(1.1885E1,6.876820693124E0,-2.45E0));
#922=LINE('',#921,#920);
#923=DIRECTION('',(0.E0,-8.660254037844E-1,5.E-1));
#924=VECTOR('',#923,7.6E-1);
#925=CARTESIAN_POINT('',(1.1885E1,7.535E0,-2.83E0));
#926=LINE('',#925,#924);
#927=DIRECTION('',(0.E0,0.E0,1.E0));
#928=VECTOR('',#927,6.E-1);
#929=CARTESIAN_POINT('',(1.1885E1,7.535E0,-3.43E0));
#930=LINE('',#929,#928);
#931=DIRECTION('',(0.E0,0.E0,1.E0));
#932=VECTOR('',#931,6.9E0);
#933=CARTESIAN_POINT('',(1.1885E1,-1.585E0,-3.43E0));
#934=LINE('',#933,#932);
#935=DIRECTION('',(0.E0,0.E0,-1.E0));
#936=VECTOR('',#935,6.9E0);
#937=CARTESIAN_POINT('',(-7.035E0,-1.205E0,3.47E0));
#938=LINE('',#937,#936);
#939=DIRECTION('',(0.E0,0.E0,-1.E0));
#940=VECTOR('',#939,6.9E0);
#941=CARTESIAN_POINT('',(-4.855E0,-1.205E0,3.47E0));
#942=LINE('',#941,#940);
#943=CARTESIAN_POINT('',(-5.945E0,-1.205E0,0.E0));
#944=DIRECTION('',(0.E0,1.E0,0.E0));
#945=DIRECTION('',(1.E0,0.E0,0.E0));
#946=AXIS2_PLACEMENT_3D('',#943,#944,#945);
#948=CARTESIAN_POINT('',(-5.945E0,-1.205E0,0.E0));
#949=DIRECTION('',(0.E0,1.E0,0.E0));
#950=DIRECTION('',(-1.E0,0.E0,0.E0));
#951=AXIS2_PLACEMENT_3D('',#948,#949,#950);
#953=CARTESIAN_POINT('',(-5.945E0,-5.145E0,0.E0));
#954=DIRECTION('',(0.E0,1.E0,0.E0));
#955=DIRECTION('',(1.E0,0.E0,0.E0));
#956=AXIS2_PLACEMENT_3D('',#953,#954,#955);
#958=CARTESIAN_POINT('',(-5.945E0,1.205E0,0.E0));
#959=DIRECTION('',(0.E0,1.E0,0.E0));
#960=DIRECTION('',(1.E0,0.E0,0.E0));
#961=AXIS2_PLACEMENT_3D('',#958,#959,#960);
#963=CARTESIAN_POINT('',(-5.945E0,1.205E0,0.E0));
#964=DIRECTION('',(0.E0,1.E0,0.E0));
#965=DIRECTION('',(-1.E0,0.E0,0.E0));
#966=AXIS2_PLACEMENT_3D('',#963,#964,#965);
#968=DIRECTION('',(1.E0,0.E0,0.E0));
#969=VECTOR('',#968,2.18E0);
#970=CARTESIAN_POINT('',(-7.035E0,1.205E0,-2.45E0));
#971=LINE('',#970,#969);
#972=DIRECTION('',(0.E0,0.E0,-1.E0));
#973=VECTOR('',#972,5.92E0);
#974=CARTESIAN_POINT('',(-7.035E0,1.205E0,3.47E0));
#975=LINE('',#974,#973);
#976=DIRECTION('',(0.E0,1.E0,0.E0));
#977=VECTOR('',#976,1.092E1);
#978=CARTESIAN_POINT('',(-6.515E0,1.205E0,0.E0));
#979=LINE('',#978,#977);
#980=DIRECTION('',(0.E0,1.E0,0.E0));
#981=VECTOR('',#980,1.092E1);
#982=CARTESIAN_POINT('',(-5.375E0,1.205E0,0.E0));
#983=LINE('',#982,#981);
#984=DIRECTION('',(0.E0,1.E0,0.E0));
#985=VECTOR('',#984,3.94E0);
#986=CARTESIAN_POINT('',(-5.375E0,-5.145E0,0.E0));
#987=LINE('',#986,#985);
#988=CARTESIAN_POINT('',(-5.945E0,-5.145E0,0.E0));
#989=DIRECTION('',(0.E0,-1.E0,0.E0));
#990=DIRECTION('',(1.E0,0.E0,0.E0));
#991=AXIS2_PLACEMENT_3D('',#988,#989,#990);
#993=DIRECTION('',(0.E0,1.E0,0.E0));
#994=VECTOR('',#993,3.94E0);
#995=CARTESIAN_POINT('',(-6.515E0,-5.145E0,0.E0));
#996=LINE('',#995,#994);
#997=DIRECTION('',(-3.568681169914E-1,9.341547768304E-1,0.E0));
#998=VECTOR('',#997,9.527329111561E-1);
#999=CARTESIAN_POINT('',(-5.375E0,1.2125E1,0.E0));
#1000=LINE('',#999,#998);
#1001=CARTESIAN_POINT('',(-5.945E0,1.2125E1,0.E0));
#1002=DIRECTION('',(0.E0,-1.E0,0.E0));
#1003=DIRECTION('',(1.E0,0.E0,0.E0));
#1004=AXIS2_PLACEMENT_3D('',#1001,#1002,#1003);
#1006=DIRECTION('',(3.568681169914E-1,9.341547768304E-1,0.E0));
#1007=VECTOR('',#1006,9.527329111561E-1);
#1008=CARTESIAN_POINT('',(-6.515E0,1.2125E1,0.E0));
#1009=LINE('',#1008,#1007);
#1010=CARTESIAN_POINT('',(-5.945E0,1.2125E1,0.E0));
#1011=DIRECTION('',(0.E0,1.E0,0.E0));
#1012=DIRECTION('',(1.E0,0.E0,0.E0));
#1013=AXIS2_PLACEMENT_3D('',#1010,#1011,#1012);
#1015=CARTESIAN_POINT('',(-5.945E0,1.3015E1,0.E0));
#1016=DIRECTION('',(0.E0,-1.E0,0.E0));
#1017=DIRECTION('',(1.E0,0.E0,0.E0));
#1018=AXIS2_PLACEMENT_3D('',#1015,#1016,#1017);
#1020=CARTESIAN_POINT('',(-5.945E0,1.3015E1,0.E0));
#1021=DIRECTION('',(0.E0,1.E0,0.E0));
#1022=DIRECTION('',(1.E0,0.E0,0.E0));
#1023=AXIS2_PLACEMENT_3D('',#1020,#1021,#1022);
#1025=DIRECTION('',(3.568681169914E-1,9.341547768304E-1,0.E0));
#1026=VECTOR('',#1025,9.527329111561E-1);
#1027=CARTESIAN_POINT('',(-5.715E0,-6.035E0,0.E0));
#1028=LINE('',#1027,#1026);
#1029=CARTESIAN_POINT('',(-5.945E0,-6.035E0,0.E0));
#1030=DIRECTION('',(0.E0,-1.E0,0.E0));
#1031=DIRECTION('',(1.E0,0.E0,0.E0));
#1032=AXIS2_PLACEMENT_3D('',#1029,#1030,#1031);
#1034=DIRECTION('',(-3.568681169914E-1,9.341547768304E-1,0.E0));
#1035=VECTOR('',#1034,9.527329111561E-1);
#1036=CARTESIAN_POINT('',(-6.175E0,-6.035E0,0.E0));
#1037=LINE('',#1036,#1035);
#1038=CARTESIAN_POINT('',(-5.945E0,-6.035E0,0.E0));
#1039=DIRECTION('',(0.E0,1.E0,0.E0));
#1040=DIRECTION('',(1.E0,0.E0,0.E0));
#1041=AXIS2_PLACEMENT_3D('',#1038,#1039,#1040);
#1043=DIRECTION('',(0.E0,1.E0,0.E0));
#1044=VECTOR('',#1043,3.8E-1);
#1045=CARTESIAN_POINT('',(-4.855E0,1.205E0,-2.45E0));
#1046=LINE('',#1045,#1044);
#1047=DIRECTION('',(0.E0,0.E0,-1.E0));
#1048=VECTOR('',#1047,5.92E0);
#1049=CARTESIAN_POINT('',(-4.855E0,1.205E0,3.47E0));
#1050=LINE('',#1049,#1048);
#1051=DIRECTION('',(0.E0,-1.E0,0.E0));
#1052=VECTOR('',#1051,3.8E-1);
#1053=CARTESIAN_POINT('',(-7.035E0,1.585E0,-2.45E0));
#1054=LINE('',#1053,#1052);
#1055=DIRECTION('',(0.E0,0.E0,-1.E0));
#1056=VECTOR('',#1055,6.9E0);
#1057=CARTESIAN_POINT('',(-3.075E0,-1.205E0,3.47E0));
#1058=LINE('',#1057,#1056);
#1059=DIRECTION('',(0.E0,0.E0,-1.E0));
#1060=VECTOR('',#1059,6.9E0);
#1061=CARTESIAN_POINT('',(-8.95E-1,-1.205E0,3.47E0));
#1062=LINE('',#1061,#1060);
#1063=CARTESIAN_POINT('',(-1.985E0,-1.205E0,0.E0));
#1064=DIRECTION('',(0.E0,1.E0,0.E0));
#1065=DIRECTION('',(1.E0,0.E0,0.E0));
#1066=AXIS2_PLACEMENT_3D('',#1063,#1064,#1065);
#1068=CARTESIAN_POINT('',(-1.985E0,-1.205E0,0.E0));
#1069=DIRECTION('',(0.E0,1.E0,0.E0));
#1070=DIRECTION('',(-1.E0,0.E0,0.E0));
#1071=AXIS2_PLACEMENT_3D('',#1068,#1069,#1070);
#1073=CARTESIAN_POINT('',(-1.985E0,-5.145E0,0.E0));
#1074=DIRECTION('',(0.E0,1.E0,0.E0));
#1075=DIRECTION('',(1.E0,0.E0,0.E0));
#1076=AXIS2_PLACEMENT_3D('',#1073,#1074,#1075);
#1078=CARTESIAN_POINT('',(-1.985E0,1.205E0,0.E0));
#1079=DIRECTION('',(0.E0,1.E0,0.E0));
#1080=DIRECTION('',(1.E0,0.E0,0.E0));
#1081=AXIS2_PLACEMENT_3D('',#1078,#1079,#1080);
#1083=CARTESIAN_POINT('',(-1.985E0,1.205E0,0.E0));
#1084=DIRECTION('',(0.E0,1.E0,0.E0));
#1085=DIRECTION('',(-1.E0,0.E0,0.E0));
#1086=AXIS2_PLACEMENT_3D('',#1083,#1084,#1085);
#1088=DIRECTION('',(1.E0,0.E0,0.E0));
#1089=VECTOR('',#1088,2.18E0);
#1090=CARTESIAN_POINT('',(-3.075E0,1.205E0,-2.45E0));
#1091=LINE('',#1090,#1089);
#1092=DIRECTION('',(0.E0,0.E0,-1.E0));
#1093=VECTOR('',#1092,5.92E0);
#1094=CARTESIAN_POINT('',(-3.075E0,1.205E0,3.47E0));
#1095=LINE('',#1094,#1093);
#1096=DIRECTION('',(0.E0,1.E0,0.E0));
#1097=VECTOR('',#1096,1.092E1);
#1098=CARTESIAN_POINT('',(-2.555E0,1.205E0,0.E0));
#1099=LINE('',#1098,#1097);
#1100=DIRECTION('',(0.E0,1.E0,0.E0));
#1101=VECTOR('',#1100,1.092E1);
#1102=CARTESIAN_POINT('',(-1.415E0,1.205E0,0.E0));
#1103=LINE('',#1102,#1101);
#1104=DIRECTION('',(0.E0,1.E0,0.E0));
#1105=VECTOR('',#1104,3.94E0);
#1106=CARTESIAN_POINT('',(-1.415E0,-5.145E0,0.E0));
#1107=LINE('',#1106,#1105);
#1108=CARTESIAN_POINT('',(-1.985E0,-5.145E0,0.E0));
#1109=DIRECTION('',(0.E0,-1.E0,0.E0));
#1110=DIRECTION('',(1.E0,0.E0,0.E0));
#1111=AXIS2_PLACEMENT_3D('',#1108,#1109,#1110);
#1113=DIRECTION('',(0.E0,1.E0,0.E0));
#1114=VECTOR('',#1113,3.94E0);
#1115=CARTESIAN_POINT('',(-2.555E0,-5.145E0,0.E0));
#1116=LINE('',#1115,#1114);
#1117=DIRECTION('',(-3.568681169914E-1,9.341547768304E-1,0.E0));
#1118=VECTOR('',#1117,9.527329111561E-1);
#1119=CARTESIAN_POINT('',(-1.415E0,1.2125E1,0.E0));
#1120=LINE('',#1119,#1118);
#1121=CARTESIAN_POINT('',(-1.985E0,1.2125E1,0.E0));
#1122=DIRECTION('',(0.E0,-1.E0,0.E0));
#1123=DIRECTION('',(1.E0,0.E0,0.E0));
#1124=AXIS2_PLACEMENT_3D('',#1121,#1122,#1123);
#1126=DIRECTION('',(3.568681169914E-1,9.341547768304E-1,0.E0));
#1127=VECTOR('',#1126,9.527329111561E-1);
#1128=CARTESIAN_POINT('',(-2.555E0,1.2125E1,0.E0));
#1129=LINE('',#1128,#1127);
#1130=CARTESIAN_POINT('',(-1.985E0,1.2125E1,0.E0));
#1131=DIRECTION('',(0.E0,1.E0,0.E0));
#1132=DIRECTION('',(1.E0,0.E0,0.E0));
#1133=AXIS2_PLACEMENT_3D('',#1130,#1131,#1132);
#1135=CARTESIAN_POINT('',(-1.985E0,1.3015E1,0.E0));
#1136=DIRECTION('',(0.E0,-1.E0,0.E0));
#1137=DIRECTION('',(1.E0,0.E0,0.E0));
#1138=AXIS2_PLACEMENT_3D('',#1135,#1136,#1137);
#1140=CARTESIAN_POINT('',(-1.985E0,1.3015E1,0.E0));
#1141=DIRECTION('',(0.E0,1.E0,0.E0));
#1142=DIRECTION('',(1.E0,0.E0,0.E0));
#1143=AXIS2_PLACEMENT_3D('',#1140,#1141,#1142);
#1145=DIRECTION('',(3.568681169914E-1,9.341547768304E-1,0.E0));
#1146=VECTOR('',#1145,9.527329111561E-1);
#1147=CARTESIAN_POINT('',(-1.755E0,-6.035E0,0.E0));
#1148=LINE('',#1147,#1146);
#1149=CARTESIAN_POINT('',(-1.985E0,-6.035E0,0.E0));
#1150=DIRECTION('',(0.E0,-1.E0,0.E0));
#1151=DIRECTION('',(1.E0,0.E0,0.E0));
#1152=AXIS2_PLACEMENT_3D('',#1149,#1150,#1151);
#1154=DIRECTION('',(-3.568681169914E-1,9.341547768304E-1,0.E0));
#1155=VECTOR('',#1154,9.527329111561E-1);
#1156=CARTESIAN_POINT('',(-2.215E0,-6.035E0,0.E0));
#1157=LINE('',#1156,#1155);
#1158=CARTESIAN_POINT('',(-1.985E0,-6.035E0,0.E0));
#1159=DIRECTION('',(0.E0,1.E0,0.E0));
#1160=DIRECTION('',(1.E0,0.E0,0.E0));
#1161=AXIS2_PLACEMENT_3D('',#1158,#1159,#1160);
#1163=DIRECTION('',(0.E0,-1.E0,0.E0));
#1164=VECTOR('',#1163,3.8E-1);
#1165=CARTESIAN_POINT('',(-3.075E0,1.585E0,-2.45E0));
#1166=LINE('',#1165,#1164);
#1167=DIRECTION('',(0.E0,0.E0,-1.E0));
#1168=VECTOR('',#1167,6.9E0);
#1169=CARTESIAN_POINT('',(8.85E-1,-1.205E0,3.47E0));
#1170=LINE('',#1169,#1168);
#1171=DIRECTION('',(0.E0,0.E0,-1.E0));
#1172=VECTOR('',#1171,6.9E0);
#1173=CARTESIAN_POINT('',(3.065E0,-1.205E0,3.47E0));
#1174=LINE('',#1173,#1172);
#1175=CARTESIAN_POINT('',(1.975E0,-1.205E0,0.E0));
#1176=DIRECTION('',(0.E0,1.E0,0.E0));
#1177=DIRECTION('',(1.E0,0.E0,0.E0));
#1178=AXIS2_PLACEMENT_3D('',#1175,#1176,#1177);
#1180=CARTESIAN_POINT('',(1.975E0,-1.205E0,0.E0));
#1181=DIRECTION('',(0.E0,1.E0,0.E0));
#1182=DIRECTION('',(-1.E0,0.E0,0.E0));
#1183=AXIS2_PLACEMENT_3D('',#1180,#1181,#1182);
#1185=CARTESIAN_POINT('',(1.975E0,-5.145E0,0.E0));
#1186=DIRECTION('',(0.E0,1.E0,0.E0));
#1187=DIRECTION('',(1.E0,0.E0,0.E0));
#1188=AXIS2_PLACEMENT_3D('',#1185,#1186,#1187);
#1190=CARTESIAN_POINT('',(1.975E0,1.205E0,0.E0));
#1191=DIRECTION('',(0.E0,1.E0,0.E0));
#1192=DIRECTION('',(1.E0,0.E0,0.E0));
#1193=AXIS2_PLACEMENT_3D('',#1190,#1191,#1192);
#1195=CARTESIAN_POINT('',(1.975E0,1.205E0,0.E0));
#1196=DIRECTION('',(0.E0,1.E0,0.E0));
#1197=DIRECTION('',(-1.E0,0.E0,0.E0));
#1198=AXIS2_PLACEMENT_3D('',#1195,#1196,#1197);
#1200=DIRECTION('',(1.E0,0.E0,0.E0));
#1201=VECTOR('',#1200,2.18E0);
#1202=CARTESIAN_POINT('',(8.85E-1,1.205E0,-2.45E0));
#1203=LINE('',#1202,#1201);
#1204=DIRECTION('',(0.E0,0.E0,-1.E0));
#1205=VECTOR('',#1204,5.92E0);
#1206=CARTESIAN_POINT('',(8.85E-1,1.205E0,3.47E0));
#1207=LINE('',#1206,#1205);
#1208=DIRECTION('',(0.E0,1.E0,0.E0));
#1209=VECTOR('',#1208,1.092E1);
#1210=CARTESIAN_POINT('',(1.405E0,1.205E0,0.E0));
#1211=LINE('',#1210,#1209);
#1212=DIRECTION('',(0.E0,1.E0,0.E0));
#1213=VECTOR('',#1212,1.092E1);
#1214=CARTESIAN_POINT('',(2.545E0,1.205E0,0.E0));
#1215=LINE('',#1214,#1213);
#1216=DIRECTION('',(0.E0,1.E0,0.E0));
#1217=VECTOR('',#1216,3.94E0);
#1218=CARTESIAN_POINT('',(2.545E0,-5.145E0,0.E0));
#1219=LINE('',#1218,#1217);
#1220=CARTESIAN_POINT('',(1.975E0,-5.145E0,0.E0));
#1221=DIRECTION('',(0.E0,-1.E0,0.E0));
#1222=DIRECTION('',(1.E0,0.E0,0.E0));
#1223=AXIS2_PLACEMENT_3D('',#1220,#1221,#1222);
#1225=DIRECTION('',(0.E0,1.E0,0.E0));
#1226=VECTOR('',#1225,3.94E0);
#1227=CARTESIAN_POINT('',(1.405E0,-5.145E0,0.E0));
#1228=LINE('',#1227,#1226);
#1229=DIRECTION('',(-3.568681169914E-1,9.341547768304E-1,0.E0));
#1230=VECTOR('',#1229,9.527329111561E-1);
#1231=CARTESIAN_POINT('',(2.545E0,1.2125E1,0.E0));
#1232=LINE('',#1231,#1230);
#1233=CARTESIAN_POINT('',(1.975E0,1.2125E1,0.E0));
#1234=DIRECTION('',(0.E0,-1.E0,0.E0));
#1235=DIRECTION('',(1.E0,0.E0,0.E0));
#1236=AXIS2_PLACEMENT_3D('',#1233,#1234,#1235);
#1238=DIRECTION('',(3.568681169914E-1,9.341547768304E-1,0.E0));
#1239=VECTOR('',#1238,9.527329111561E-1);
#1240=CARTESIAN_POINT('',(1.405E0,1.2125E1,0.E0));
#1241=LINE('',#1240,#1239);
#1242=CARTESIAN_POINT('',(1.975E0,1.2125E1,0.E0));
#1243=DIRECTION('',(0.E0,1.E0,0.E0));
#1244=DIRECTION('',(1.E0,0.E0,0.E0));
#1245=AXIS2_PLACEMENT_3D('',#1242,#1243,#1244);
#1247=CARTESIAN_POINT('',(1.975E0,1.3015E1,0.E0));
#1248=DIRECTION('',(0.E0,-1.E0,0.E0));
#1249=DIRECTION('',(1.E0,0.E0,0.E0));
#1250=AXIS2_PLACEMENT_3D('',#1247,#1248,#1249);
#1252=CARTESIAN_POINT('',(1.975E0,1.3015E1,0.E0));
#1253=DIRECTION('',(0.E0,1.E0,0.E0));
#1254=DIRECTION('',(1.E0,0.E0,0.E0));
#1255=AXIS2_PLACEMENT_3D('',#1252,#1253,#1254);
#1257=DIRECTION('',(3.568681169914E-1,9.341547768304E-1,0.E0));
#1258=VECTOR('',#1257,9.527329111561E-1);
#1259=CARTESIAN_POINT('',(2.205E0,-6.035E0,0.E0));
#1260=LINE('',#1259,#1258);
#1261=CARTESIAN_POINT('',(1.975E0,-6.035E0,0.E0));
#1262=DIRECTION('',(0.E0,-1.E0,0.E0));
#1263=DIRECTION('',(1.E0,0.E0,0.E0));
#1264=AXIS2_PLACEMENT_3D('',#1261,#1262,#1263);
#1266=DIRECTION('',(-3.568681169914E-1,9.341547768304E-1,0.E0));
#1267=VECTOR('',#1266,9.527329111561E-1);
#1268=CARTESIAN_POINT('',(1.745E0,-6.035E0,0.E0));
#1269=LINE('',#1268,#1267);
#1270=CARTESIAN_POINT('',(1.975E0,-6.035E0,0.E0));
#1271=DIRECTION('',(0.E0,1.E0,0.E0));
#1272=DIRECTION('',(1.E0,0.E0,0.E0));
#1273=AXIS2_PLACEMENT_3D('',#1270,#1271,#1272);
#1275=DIRECTION('',(0.E0,1.E0,0.E0));
#1276=VECTOR('',#1275,3.8E-1);
#1277=CARTESIAN_POINT('',(3.065E0,1.205E0,-2.45E0));
#1278=LINE('',#1277,#1276);
#1279=DIRECTION('',(0.E0,0.E0,-1.E0));
#1280=VECTOR('',#1279,5.92E0);
#1281=CARTESIAN_POINT('',(3.065E0,1.205E0,3.47E0));
#1282=LINE('',#1281,#1280);
#1283=DIRECTION('',(0.E0,-1.E0,0.E0));
#1284=VECTOR('',#1283,3.8E-1);
#1285=CARTESIAN_POINT('',(8.85E-1,1.585E0,-2.45E0));
#1286=LINE('',#1285,#1284);
#1287=DIRECTION('',(0.E0,0.E0,-1.E0));
#1288=VECTOR('',#1287,6.9E0);
#1289=CARTESIAN_POINT('',(4.845E0,-1.205E0,3.47E0));
#1290=LINE('',#1289,#1288);
#1291=DIRECTION('',(0.E0,0.E0,-1.E0));
#1292=VECTOR('',#1291,6.9E0);
#1293=CARTESIAN_POINT('',(7.025E0,-1.205E0,3.47E0));
#1294=LINE('',#1293,#1292);
#1295=CARTESIAN_POINT('',(5.935E0,-1.205E0,0.E0));
#1296=DIRECTION('',(0.E0,1.E0,0.E0));
#1297=DIRECTION('',(1.E0,0.E0,0.E0));
#1298=AXIS2_PLACEMENT_3D('',#1295,#1296,#1297);
#1300=CARTESIAN_POINT('',(5.935E0,-1.205E0,0.E0));
#1301=DIRECTION('',(0.E0,1.E0,0.E0));
#1302=DIRECTION('',(-1.E0,0.E0,0.E0));
#1303=AXIS2_PLACEMENT_3D('',#1300,#1301,#1302);
#1305=CARTESIAN_POINT('',(5.935E0,-5.145E0,0.E0));
#1306=DIRECTION('',(0.E0,1.E0,0.E0));
#1307=DIRECTION('',(1.E0,0.E0,0.E0));
#1308=AXIS2_PLACEMENT_3D('',#1305,#1306,#1307);
#1310=CARTESIAN_POINT('',(5.935E0,1.205E0,0.E0));
#1311=DIRECTION('',(0.E0,1.E0,0.E0));
#1312=DIRECTION('',(1.E0,0.E0,0.E0));
#1313=AXIS2_PLACEMENT_3D('',#1310,#1311,#1312);
#1315=CARTESIAN_POINT('',(5.935E0,1.205E0,0.E0));
#1316=DIRECTION('',(0.E0,1.E0,0.E0));
#1317=DIRECTION('',(-1.E0,0.E0,0.E0));
#1318=AXIS2_PLACEMENT_3D('',#1315,#1316,#1317);
#1320=DIRECTION('',(1.E0,0.E0,0.E0));
#1321=VECTOR('',#1320,2.18E0);
#1322=CARTESIAN_POINT('',(4.845E0,1.205E0,-2.45E0));
#1323=LINE('',#1322,#1321);
#1324=DIRECTION('',(0.E0,0.E0,-1.E0));
#1325=VECTOR('',#1324,5.92E0);
#1326=CARTESIAN_POINT('',(4.845E0,1.205E0,3.47E0));
#1327=LINE('',#1326,#1325);
#1328=DIRECTION('',(0.E0,1.E0,0.E0));
#1329=VECTOR('',#1328,1.092E1);
#1330=CARTESIAN_POINT('',(5.365E0,1.205E0,0.E0));
#1331=LINE('',#1330,#1329);
#1332=DIRECTION('',(0.E0,1.E0,0.E0));
#1333=VECTOR('',#1332,1.092E1);
#1334=CARTESIAN_POINT('',(6.505E0,1.205E0,0.E0));
#1335=LINE('',#1334,#1333);
#1336=DIRECTION('',(0.E0,1.E0,0.E0));
#1337=VECTOR('',#1336,3.94E0);
#1338=CARTESIAN_POINT('',(6.505E0,-5.145E0,0.E0));
#1339=LINE('',#1338,#1337);
#1340=CARTESIAN_POINT('',(5.935E0,-5.145E0,0.E0));
#1341=DIRECTION('',(0.E0,-1.E0,0.E0));
#1342=DIRECTION('',(1.E0,0.E0,0.E0));
#1343=AXIS2_PLACEMENT_3D('',#1340,#1341,#1342);
#1345=DIRECTION('',(0.E0,1.E0,0.E0));
#1346=VECTOR('',#1345,3.94E0);
#1347=CARTESIAN_POINT('',(5.365E0,-5.145E0,0.E0));
#1348=LINE('',#1347,#1346);
#1349=DIRECTION('',(-3.568681169914E-1,9.341547768304E-1,0.E0));
#1350=VECTOR('',#1349,9.527329111561E-1);
#1351=CARTESIAN_POINT('',(6.505E0,1.2125E1,0.E0));
#1352=LINE('',#1351,#1350);
#1353=CARTESIAN_POINT('',(5.935E0,1.2125E1,0.E0));
#1354=DIRECTION('',(0.E0,-1.E0,0.E0));
#1355=DIRECTION('',(1.E0,0.E0,0.E0));
#1356=AXIS2_PLACEMENT_3D('',#1353,#1354,#1355);
#1358=DIRECTION('',(3.568681169914E-1,9.341547768304E-1,0.E0));
#1359=VECTOR('',#1358,9.527329111561E-1);
#1360=CARTESIAN_POINT('',(5.365E0,1.2125E1,0.E0));
#1361=LINE('',#1360,#1359);
#1362=CARTESIAN_POINT('',(5.935E0,1.2125E1,0.E0));
#1363=DIRECTION('',(0.E0,1.E0,0.E0));
#1364=DIRECTION('',(1.E0,0.E0,0.E0));
#1365=AXIS2_PLACEMENT_3D('',#1362,#1363,#1364);
#1367=CARTESIAN_POINT('',(5.935E0,1.3015E1,0.E0));
#1368=DIRECTION('',(0.E0,-1.E0,0.E0));
#1369=DIRECTION('',(1.E0,0.E0,0.E0));
#1370=AXIS2_PLACEMENT_3D('',#1367,#1368,#1369);
#1372=CARTESIAN_POINT('',(5.935E0,1.3015E1,0.E0));
#1373=DIRECTION('',(0.E0,1.E0,0.E0));
#1374=DIRECTION('',(1.E0,0.E0,0.E0));
#1375=AXIS2_PLACEMENT_3D('',#1372,#1373,#1374);
#1377=DIRECTION('',(3.568681169914E-1,9.341547768304E-1,0.E0));
#1378=VECTOR('',#1377,9.527329111561E-1);
#1379=CARTESIAN_POINT('',(6.165E0,-6.035E0,0.E0));
#1380=LINE('',#1379,#1378);
#1381=CARTESIAN_POINT('',(5.935E0,-6.035E0,0.E0));
#1382=DIRECTION('',(0.E0,-1.E0,0.E0));
#1383=DIRECTION('',(1.E0,0.E0,0.E0));
#1384=AXIS2_PLACEMENT_3D('',#1381,#1382,#1383);
#1386=DIRECTION('',(-3.568681169914E-1,9.341547768304E-1,0.E0));
#1387=VECTOR('',#1386,9.527329111561E-1);
#1388=CARTESIAN_POINT('',(5.705E0,-6.035E0,0.E0));
#1389=LINE('',#1388,#1387);
#1390=CARTESIAN_POINT('',(5.935E0,-6.035E0,0.E0));
#1391=DIRECTION('',(0.E0,1.E0,0.E0));
#1392=DIRECTION('',(1.E0,0.E0,0.E0));
#1393=AXIS2_PLACEMENT_3D('',#1390,#1391,#1392);
#1395=DIRECTION('',(0.E0,1.E0,0.E0));
#1396=VECTOR('',#1395,3.8E-1);
#1397=CARTESIAN_POINT('',(7.025E0,1.205E0,-2.45E0));
#1398=LINE('',#1397,#1396);
#1399=DIRECTION('',(0.E0,0.E0,-1.E0));
#1400=VECTOR('',#1399,5.92E0);
#1401=CARTESIAN_POINT('',(7.025E0,1.205E0,3.47E0));
#1402=LINE('',#1401,#1400);
#1403=DIRECTION('',(0.E0,-1.E0,0.E0));
#1404=VECTOR('',#1403,3.8E-1);
#1405=CARTESIAN_POINT('',(4.845E0,1.585E0,-2.45E0));
#1406=LINE('',#1405,#1404);
#1407=DIRECTION('',(0.E0,-1.E0,0.E0));
#1408=VECTOR('',#1407,3.17E0);
#1409=CARTESIAN_POINT('',(-8.435E0,1.585E0,-1.5E0));
#1410=LINE('',#1409,#1408);
#1411=DIRECTION('',(0.E0,-1.E0,0.E0));
#1412=VECTOR('',#1411,3.17E0);
#1413=CARTESIAN_POINT('',(-8.435E0,1.585E0,1.5E0));
#1414=LINE('',#1413,#1412);
#1415=DIRECTION('',(0.E0,-1.E0,0.E0));
#1416=VECTOR('',#1415,3.17E0);
#1417=CARTESIAN_POINT('',(-7.415E0,1.585E0,1.5E0));
#1418=LINE('',#1417,#1416);
#1419=DIRECTION('',(0.E0,-1.E0,0.E0));
#1420=VECTOR('',#1419,3.17E0);
#1421=CARTESIAN_POINT('',(-7.415E0,1.585E0,-1.5E0));
#1422=LINE('',#1421,#1420);
#1423=DIRECTION('',(0.E0,-1.E0,0.E0));
#1424=VECTOR('',#1423,3.17E0);
#1425=CARTESIAN_POINT('',(-4.475E0,1.585E0,-1.5E0));
#1426=LINE('',#1425,#1424);
#1427=DIRECTION('',(0.E0,-1.E0,0.E0));
#1428=VECTOR('',#1427,3.17E0);
#1429=CARTESIAN_POINT('',(-4.475E0,1.585E0,1.5E0));
#1430=LINE('',#1429,#1428);
#1431=DIRECTION('',(0.E0,-1.E0,0.E0));
#1432=VECTOR('',#1431,3.17E0);
#1433=CARTESIAN_POINT('',(-3.455E0,1.585E0,1.5E0));
#1434=LINE('',#1433,#1432);
#1435=DIRECTION('',(0.E0,-1.E0,0.E0));
#1436=VECTOR('',#1435,3.17E0);
#1437=CARTESIAN_POINT('',(-3.455E0,1.585E0,-1.5E0));
#1438=LINE('',#1437,#1436);
#1439=DIRECTION('',(0.E0,-1.E0,0.E0));
#1440=VECTOR('',#1439,3.17E0);
#1441=CARTESIAN_POINT('',(-5.15E-1,1.585E0,-1.5E0));
#1442=LINE('',#1441,#1440);
#1443=DIRECTION('',(0.E0,-1.E0,0.E0));
#1444=VECTOR('',#1443,3.17E0);
#1445=CARTESIAN_POINT('',(-5.15E-1,1.585E0,1.5E0));
#1446=LINE('',#1445,#1444);
#1447=DIRECTION('',(0.E0,-1.E0,0.E0));
#1448=VECTOR('',#1447,3.17E0);
#1449=CARTESIAN_POINT('',(5.05E-1,1.585E0,1.5E0));
#1450=LINE('',#1449,#1448);
#1451=DIRECTION('',(0.E0,-1.E0,0.E0));
#1452=VECTOR('',#1451,3.17E0);
#1453=CARTESIAN_POINT('',(5.05E-1,1.585E0,-1.5E0));
#1454=LINE('',#1453,#1452);
#1455=DIRECTION('',(0.E0,-1.E0,0.E0));
#1456=VECTOR('',#1455,3.17E0);
#1457=CARTESIAN_POINT('',(3.445E0,1.585E0,-1.5E0));
#1458=LINE('',#1457,#1456);
#1459=DIRECTION('',(0.E0,-1.E0,0.E0));
#1460=VECTOR('',#1459,3.17E0);
#1461=CARTESIAN_POINT('',(3.445E0,1.585E0,1.5E0));
#1462=LINE('',#1461,#1460);
#1463=DIRECTION('',(0.E0,-1.E0,0.E0));
#1464=VECTOR('',#1463,3.17E0);
#1465=CARTESIAN_POINT('',(4.465E0,1.585E0,1.5E0));
#1466=LINE('',#1465,#1464);
#1467=DIRECTION('',(0.E0,-1.E0,0.E0));
#1468=VECTOR('',#1467,3.17E0);
#1469=CARTESIAN_POINT('',(4.465E0,1.585E0,-1.5E0));
#1470=LINE('',#1469,#1468);
#1471=DIRECTION('',(0.E0,-1.E0,0.E0));
#1472=VECTOR('',#1471,3.17E0);
#1473=CARTESIAN_POINT('',(7.405E0,1.585E0,-1.5E0));
#1474=LINE('',#1473,#1472);
#1475=DIRECTION('',(0.E0,-1.E0,0.E0));
#1476=VECTOR('',#1475,3.17E0);
#1477=CARTESIAN_POINT('',(7.405E0,1.585E0,1.5E0));
#1478=LINE('',#1477,#1476);
#1479=DIRECTION('',(0.E0,-1.E0,0.E0));
#1480=VECTOR('',#1479,3.17E0);
#1481=CARTESIAN_POINT('',(8.425E0,1.585E0,1.5E0));
#1482=LINE('',#1481,#1480);
#1483=DIRECTION('',(0.E0,-1.E0,0.E0));
#1484=VECTOR('',#1483,3.17E0);
#1485=CARTESIAN_POINT('',(8.425E0,1.585E0,-1.5E0));
#1486=LINE('',#1485,#1484);
#1487=DIRECTION('',(3.568681169914E-1,9.341547768304E-1,0.E0));
#1488=VECTOR('',#1487,9.527329111561E-1);
#1489=CARTESIAN_POINT('',(1.0125E1,-6.035E0,0.E0));
#1490=LINE('',#1489,#1488);
#1491=CARTESIAN_POINT('',(9.895E0,-6.035E0,0.E0));
#1492=DIRECTION('',(0.E0,-1.E0,0.E0));
#1493=DIRECTION('',(1.E0,0.E0,0.E0));
#1494=AXIS2_PLACEMENT_3D('',#1491,#1492,#1493);
#1496=DIRECTION('',(-3.568681169914E-1,9.341547768304E-1,0.E0));
#1497=VECTOR('',#1496,9.527329111561E-1);
#1498=CARTESIAN_POINT('',(9.665E0,-6.035E0,0.E0));
#1499=LINE('',#1498,#1497);
#1500=CARTESIAN_POINT('',(9.895E0,-6.035E0,0.E0));
#1501=DIRECTION('',(0.E0,1.E0,0.E0));
#1502=DIRECTION('',(1.E0,0.E0,0.E0));
#1503=AXIS2_PLACEMENT_3D('',#1500,#1501,#1502);
#1505=DIRECTION('',(0.E0,1.E0,0.E0));
#1506=VECTOR('',#1505,3.8E-1);
#1507=CARTESIAN_POINT('',(1.0985E1,1.205E0,-2.45E0));
#1508=LINE('',#1507,#1506);
#1509=DIRECTION('',(0.E0,0.E0,-1.E0));
#1510=VECTOR('',#1509,5.92E0);
#1511=CARTESIAN_POINT('',(1.0985E1,1.205E0,3.47E0));
#1512=LINE('',#1511,#1510);
#1513=CARTESIAN_POINT('',(-1.1885E1,1.585E0,3.47E0));
#1514=CARTESIAN_POINT('',(-1.1885E1,-1.585E0,3.47E0));
#1515=VERTEX_POINT('',#1513);
#1516=VERTEX_POINT('',#1514);
#1517=CARTESIAN_POINT('',(1.1885E1,-1.585E0,3.47E0));
#1518=CARTESIAN_POINT('',(1.1885E1,1.585E0,3.47E0));
#1519=VERTEX_POINT('',#1517);
#1520=VERTEX_POINT('',#1518);
#1521=CARTESIAN_POINT('',(-1.1885E1,-1.585E0,-3.43E0));
#1522=VERTEX_POINT('',#1521);
#1523=CARTESIAN_POINT('',(1.1885E1,-1.585E0,-3.43E0));
#1524=VERTEX_POINT('',#1523);
#1525=CARTESIAN_POINT('',(-8.815E0,-1.585E0,-3.43E0));
#1526=CARTESIAN_POINT('',(-8.815E0,-1.205E0,-3.43E0));
#1527=VERTEX_POINT('',#1525);
#1528=VERTEX_POINT('',#1526);
#1529=CARTESIAN_POINT('',(-1.0995E1,-1.205E0,-3.43E0));
#1530=VERTEX_POINT('',#1529);
#1531=CARTESIAN_POINT('',(-1.0995E1,-1.585E0,-3.43E0));
#1532=VERTEX_POINT('',#1531);
#1533=CARTESIAN_POINT('',(-1.0995E1,1.585E0,3.47E0));
#1534=CARTESIAN_POINT('',(-1.0995E1,1.205E0,3.47E0));
#1535=VERTEX_POINT('',#1533);
#1536=VERTEX_POINT('',#1534);
#1537=CARTESIAN_POINT('',(-8.815E0,1.205E0,3.47E0));
#1538=VERTEX_POINT('',#1537);
#1539=CARTESIAN_POINT('',(-8.815E0,1.585E0,3.47E0));
#1540=VERTEX_POINT('',#1539);
#1541=CARTESIAN_POINT('',(-8.815E0,-1.585E0,3.47E0));
#1542=CARTESIAN_POINT('',(-8.815E0,-1.205E0,3.47E0));
#1543=VERTEX_POINT('',#1541);
#1544=VERTEX_POINT('',#1542);
#1545=CARTESIAN_POINT('',(-1.0995E1,-1.205E0,3.47E0));
#1546=VERTEX_POINT('',#1545);
#1547=CARTESIAN_POINT('',(-1.0995E1,-1.585E0,3.47E0));
#1548=VERTEX_POINT('',#1547);
#1549=CARTESIAN_POINT('',(-5.15E-1,7.535E0,-3.43E0));
#1550=CARTESIAN_POINT('',(-5.15E-1,1.585E0,-3.43E0));
#1551=VERTEX_POINT('',#1549);
#1552=VERTEX_POINT('',#1550);
#1553=CARTESIAN_POINT('',(5.05E-1,1.585E0,-3.43E0));
#1554=VERTEX_POINT('',#1553);
#1555=CARTESIAN_POINT('',(5.05E-1,7.535E0,-3.43E0));
#1556=VERTEX_POINT('',#1555);
#1557=CARTESIAN_POINT('',(-5.15E-1,1.585E0,-2.45E0));
#1558=VERTEX_POINT('',#1557);
#1559=CARTESIAN_POINT('',(5.05E-1,1.585E0,-2.45E0));
#1560=VERTEX_POINT('',#1559);
#1561=CARTESIAN_POINT('',(-8.435E0,-1.585E0,-1.5E0));
#1562=CARTESIAN_POINT('',(-8.435E0,-1.585E0,1.5E0));
#1563=VERTEX_POINT('',#1561);
#1564=VERTEX_POINT('',#1562);
#1565=CARTESIAN_POINT('',(-7.415E0,-1.585E0,1.5E0));
#1566=VERTEX_POINT('',#1565);
#1567=CARTESIAN_POINT('',(-7.415E0,-1.585E0,-1.5E0));
#1568=VERTEX_POINT('',#1567);
#1569=CARTESIAN_POINT('',(-8.435E0,1.585E0,-1.5E0));
#1570=CARTESIAN_POINT('',(-8.435E0,1.585E0,1.5E0));
#1571=VERTEX_POINT('',#1569);
#1572=VERTEX_POINT('',#1570);
#1573=CARTESIAN_POINT('',(-7.415E0,1.585E0,1.5E0));
#1574=VERTEX_POINT('',#1573);
#1575=CARTESIAN_POINT('',(-7.415E0,1.585E0,-1.5E0));
#1576=VERTEX_POINT('',#1575);
#1577=CARTESIAN_POINT('',(1.1885E1,7.535E0,-3.43E0));
#1578=CARTESIAN_POINT('',(1.1885E1,7.535E0,-2.83E0));
#1579=VERTEX_POINT('',#1577);
#1580=VERTEX_POINT('',#1578);
#1581=CARTESIAN_POINT('',(1.1885E1,6.876820693124E0,-2.45E0));
#1582=VERTEX_POINT('',#1581);
#1583=CARTESIAN_POINT('',(-1.1885E1,7.535E0,-2.83E0));
#1584=CARTESIAN_POINT('',(-1.1885E1,7.535E0,-3.43E0));
#1585=VERTEX_POINT('',#1583);
#1586=VERTEX_POINT('',#1584);
#1587=CARTESIAN_POINT('',(-1.1885E1,6.876820693124E0,-2.45E0));
#1588=VERTEX_POINT('',#1587);
#1589=CARTESIAN_POINT('',(1.1885E1,1.585E0,-2.45E0));
#1590=CARTESIAN_POINT('',(1.0985E1,1.585E0,-2.45E0));
#1591=VERTEX_POINT('',#1589);
#1592=VERTEX_POINT('',#1590);
#1593=CARTESIAN_POINT('',(-1.1885E1,1.585E0,-2.45E0));
#1594=VERTEX_POINT('',#1593);
#1595=CARTESIAN_POINT('',(8.805E0,1.585E0,-2.45E0));
#1596=CARTESIAN_POINT('',(7.025E0,1.585E0,-2.45E0));
#1597=VERTEX_POINT('',#1595);
#1598=VERTEX_POINT('',#1596);
#1599=CARTESIAN_POINT('',(-1.0995E1,1.585E0,-2.45E0));
#1600=VERTEX_POINT('',#1599);
#1601=CARTESIAN_POINT('',(-8.815E0,1.585E0,-2.45E0));
#1602=VERTEX_POINT('',#1601);
#1603=CARTESIAN_POINT('',(-9.675E0,-6.035E0,0.E0));
#1604=CARTESIAN_POINT('',(-9.335E0,-5.145E0,0.E0));
#1605=VERTEX_POINT('',#1603);
#1606=VERTEX_POINT('',#1604);
#1607=CARTESIAN_POINT('',(-9.335E0,1.2125E1,0.E0));
#1608=CARTESIAN_POINT('',(-9.675E0,1.3015E1,0.E0));
#1609=VERTEX_POINT('',#1607);
#1610=VERTEX_POINT('',#1608);
#1611=CARTESIAN_POINT('',(-1.0135E1,-6.035E0,0.E0));
#1612=CARTESIAN_POINT('',(-1.0475E1,-5.145E0,0.E0));
#1613=VERTEX_POINT('',#1611);
#1614=VERTEX_POINT('',#1612);
#1615=CARTESIAN_POINT('',(-1.0475E1,1.2125E1,0.E0));
#1616=CARTESIAN_POINT('',(-1.0135E1,1.3015E1,0.E0));
#1617=VERTEX_POINT('',#1615);
#1618=VERTEX_POINT('',#1616);
#1619=CARTESIAN_POINT('',(-9.335E0,1.205E0,0.E0));
#1620=CARTESIAN_POINT('',(-1.0475E1,1.205E0,0.E0));
#1621=VERTEX_POINT('',#1619);
#1622=VERTEX_POINT('',#1620);
#1623=CARTESIAN_POINT('',(-9.335E0,-1.205E0,0.E0));
#1624=CARTESIAN_POINT('',(-1.0475E1,-1.205E0,0.E0));
#1625=VERTEX_POINT('',#1623);
#1626=VERTEX_POINT('',#1624);
#1627=CARTESIAN_POINT('',(-1.0995E1,1.205E0,-2.45E0));
#1628=VERTEX_POINT('',#1627);
#1629=CARTESIAN_POINT('',(-8.815E0,1.205E0,-2.45E0));
#1630=VERTEX_POINT('',#1629);
#1631=CARTESIAN_POINT('',(-5.15E-1,7.535E0,-2.83E0));
#1632=VERTEX_POINT('',#1631);
#1633=CARTESIAN_POINT('',(5.05E-1,7.535E0,-2.83E0));
#1634=VERTEX_POINT('',#1633);
#1635=CARTESIAN_POINT('',(-5.15E-1,6.876820693124E0,-2.45E0));
#1636=VERTEX_POINT('',#1635);
#1637=CARTESIAN_POINT('',(5.05E-1,6.876820693124E0,-2.45E0));
#1638=VERTEX_POINT('',#1637);
#1639=CARTESIAN_POINT('',(-4.855E0,-1.585E0,-3.43E0));
#1640=CARTESIAN_POINT('',(-4.855E0,-1.205E0,-3.43E0));
#1641=VERTEX_POINT('',#1639);
#1642=VERTEX_POINT('',#1640);
#1643=CARTESIAN_POINT('',(-7.035E0,-1.205E0,-3.43E0));
#1644=VERTEX_POINT('',#1643);
#1645=CARTESIAN_POINT('',(-7.035E0,-1.585E0,-3.43E0));
#1646=VERTEX_POINT('',#1645);
#1647=CARTESIAN_POINT('',(-7.035E0,1.585E0,3.47E0));
#1648=CARTESIAN_POINT('',(-7.035E0,1.205E0,3.47E0));
#1649=VERTEX_POINT('',#1647);
#1650=VERTEX_POINT('',#1648);
#1651=CARTESIAN_POINT('',(-4.855E0,1.205E0,3.47E0));
#1652=VERTEX_POINT('',#1651);
#1653=CARTESIAN_POINT('',(-4.855E0,1.585E0,3.47E0));
#1654=VERTEX_POINT('',#1653);
#1655=CARTESIAN_POINT('',(-4.855E0,-1.585E0,3.47E0));
#1656=CARTESIAN_POINT('',(-4.855E0,-1.205E0,3.47E0));
#1657=VERTEX_POINT('',#1655);
#1658=VERTEX_POINT('',#1656);
#1659=CARTESIAN_POINT('',(-7.035E0,-1.205E0,3.47E0));
#1660=VERTEX_POINT('',#1659);
#1661=CARTESIAN_POINT('',(-7.035E0,-1.585E0,3.47E0));
#1662=VERTEX_POINT('',#1661);
#1663=CARTESIAN_POINT('',(-8.95E-1,-1.585E0,-3.43E0));
#1664=CARTESIAN_POINT('',(-8.95E-1,-1.205E0,-3.43E0));
#1665=VERTEX_POINT('',#1663);
#1666=VERTEX_POINT('',#1664);
#1667=CARTESIAN_POINT('',(-3.075E0,-1.205E0,-3.43E0));
#1668=VERTEX_POINT('',#1667);
#1669=CARTESIAN_POINT('',(-3.075E0,-1.585E0,-3.43E0));
#1670=VERTEX_POINT('',#1669);
#1671=CARTESIAN_POINT('',(-3.075E0,1.585E0,3.47E0));
#1672=CARTESIAN_POINT('',(-3.075E0,1.205E0,3.47E0));
#1673=VERTEX_POINT('',#1671);
#1674=VERTEX_POINT('',#1672);
#1675=CARTESIAN_POINT('',(-8.95E-1,1.205E0,3.47E0));
#1676=VERTEX_POINT('',#1675);
#1677=CARTESIAN_POINT('',(-8.95E-1,1.585E0,3.47E0));
#1678=VERTEX_POINT('',#1677);
#1679=CARTESIAN_POINT('',(-8.95E-1,-1.585E0,3.47E0));
#1680=CARTESIAN_POINT('',(-8.95E-1,-1.205E0,3.47E0));
#1681=VERTEX_POINT('',#1679);
#1682=VERTEX_POINT('',#1680);
#1683=CARTESIAN_POINT('',(-3.075E0,-1.205E0,3.47E0));
#1684=VERTEX_POINT('',#1683);
#1685=CARTESIAN_POINT('',(-3.075E0,-1.585E0,3.47E0));
#1686=VERTEX_POINT('',#1685);
#1687=CARTESIAN_POINT('',(3.065E0,-1.585E0,-3.43E0));
#1688=CARTESIAN_POINT('',(3.065E0,-1.205E0,-3.43E0));
#1689=VERTEX_POINT('',#1687);
#1690=VERTEX_POINT('',#1688);
#1691=CARTESIAN_POINT('',(8.85E-1,-1.205E0,-3.43E0));
#1692=VERTEX_POINT('',#1691);
#1693=CARTESIAN_POINT('',(8.85E-1,-1.585E0,-3.43E0));
#1694=VERTEX_POINT('',#1693);
#1695=CARTESIAN_POINT('',(8.85E-1,1.585E0,3.47E0));
#1696=CARTESIAN_POINT('',(8.85E-1,1.205E0,3.47E0));
#1697=VERTEX_POINT('',#1695);
#1698=VERTEX_POINT('',#1696);
#1699=CARTESIAN_POINT('',(3.065E0,1.205E0,3.47E0));
#1700=VERTEX_POINT('',#1699);
#1701=CARTESIAN_POINT('',(3.065E0,1.585E0,3.47E0));
#1702=VERTEX_POINT('',#1701);
#1703=CARTESIAN_POINT('',(3.065E0,-1.585E0,3.47E0));
#1704=CARTESIAN_POINT('',(3.065E0,-1.205E0,3.47E0));
#1705=VERTEX_POINT('',#1703);
#1706=VERTEX_POINT('',#1704);
#1707=CARTESIAN_POINT('',(8.85E-1,-1.205E0,3.47E0));
#1708=VERTEX_POINT('',#1707);
#1709=CARTESIAN_POINT('',(8.85E-1,-1.585E0,3.47E0));
#1710=VERTEX_POINT('',#1709);
#1711=CARTESIAN_POINT('',(7.025E0,-1.585E0,-3.43E0));
#1712=CARTESIAN_POINT('',(7.025E0,-1.205E0,-3.43E0));
#1713=VERTEX_POINT('',#1711);
#1714=VERTEX_POINT('',#1712);
#1715=CARTESIAN_POINT('',(4.845E0,-1.205E0,-3.43E0));
#1716=VERTEX_POINT('',#1715);
#1717=CARTESIAN_POINT('',(4.845E0,-1.585E0,-3.43E0));
#1718=VERTEX_POINT('',#1717);
#1719=CARTESIAN_POINT('',(4.845E0,1.585E0,3.47E0));
#1720=CARTESIAN_POINT('',(4.845E0,1.205E0,3.47E0));
#1721=VERTEX_POINT('',#1719);
#1722=VERTEX_POINT('',#1720);
#1723=CARTESIAN_POINT('',(7.025E0,1.205E0,3.47E0));
#1724=VERTEX_POINT('',#1723);
#1725=CARTESIAN_POINT('',(7.025E0,1.585E0,3.47E0));
#1726=VERTEX_POINT('',#1725);
#1727=CARTESIAN_POINT('',(7.025E0,-1.585E0,3.47E0));
#1728=CARTESIAN_POINT('',(7.025E0,-1.205E0,3.47E0));
#1729=VERTEX_POINT('',#1727);
#1730=VERTEX_POINT('',#1728);
#1731=CARTESIAN_POINT('',(4.845E0,-1.205E0,3.47E0));
#1732=VERTEX_POINT('',#1731);
#1733=CARTESIAN_POINT('',(4.845E0,-1.585E0,3.47E0));
#1734=VERTEX_POINT('',#1733);
#1735=CARTESIAN_POINT('',(4.845E0,1.585E0,-2.45E0));
#1736=CARTESIAN_POINT('',(3.065E0,1.585E0,-2.45E0));
#1737=VERTEX_POINT('',#1735);
#1738=VERTEX_POINT('',#1736);
#1739=CARTESIAN_POINT('',(-3.075E0,1.585E0,-2.45E0));
#1740=CARTESIAN_POINT('',(-4.855E0,1.585E0,-2.45E0));
#1741=VERTEX_POINT('',#1739);
#1742=VERTEX_POINT('',#1740);
#1743=CARTESIAN_POINT('',(-7.035E0,1.585E0,-2.45E0));
#1744=VERTEX_POINT('',#1743);
#1745=CARTESIAN_POINT('',(-7.035E0,1.205E0,-2.45E0));
#1746=VERTEX_POINT('',#1745);
#1747=CARTESIAN_POINT('',(-4.855E0,1.205E0,-2.45E0));
#1748=VERTEX_POINT('',#1747);
#1749=CARTESIAN_POINT('',(-3.075E0,1.205E0,-2.45E0));
#1750=VERTEX_POINT('',#1749);
#1751=CARTESIAN_POINT('',(-8.95E-1,1.205E0,-2.45E0));
#1752=VERTEX_POINT('',#1751);
#1753=CARTESIAN_POINT('',(-8.95E-1,1.585E0,-2.45E0));
#1754=VERTEX_POINT('',#1753);
#1755=CARTESIAN_POINT('',(8.85E-1,1.585E0,-2.45E0));
#1756=CARTESIAN_POINT('',(8.85E-1,1.205E0,-2.45E0));
#1757=VERTEX_POINT('',#1755);
#1758=VERTEX_POINT('',#1756);
#1759=CARTESIAN_POINT('',(3.065E0,1.205E0,-2.45E0));
#1760=VERTEX_POINT('',#1759);
#1761=CARTESIAN_POINT('',(4.845E0,1.205E0,-2.45E0));
#1762=VERTEX_POINT('',#1761);
#1763=CARTESIAN_POINT('',(7.025E0,1.205E0,-2.45E0));
#1764=VERTEX_POINT('',#1763);
#1765=CARTESIAN_POINT('',(-5.715E0,-6.035E0,0.E0));
#1766=CARTESIAN_POINT('',(-5.375E0,-5.145E0,0.E0));
#1767=VERTEX_POINT('',#1765);
#1768=VERTEX_POINT('',#1766);
#1769=CARTESIAN_POINT('',(-5.375E0,1.2125E1,0.E0));
#1770=CARTESIAN_POINT('',(-5.715E0,1.3015E1,0.E0));
#1771=VERTEX_POINT('',#1769);
#1772=VERTEX_POINT('',#1770);
#1773=CARTESIAN_POINT('',(-6.175E0,-6.035E0,0.E0));
#1774=CARTESIAN_POINT('',(-6.515E0,-5.145E0,0.E0));
#1775=VERTEX_POINT('',#1773);
#1776=VERTEX_POINT('',#1774);
#1777=CARTESIAN_POINT('',(-6.515E0,1.2125E1,0.E0));
#1778=CARTESIAN_POINT('',(-6.175E0,1.3015E1,0.E0));
#1779=VERTEX_POINT('',#1777);
#1780=VERTEX_POINT('',#1778);
#1781=CARTESIAN_POINT('',(-5.375E0,1.205E0,0.E0));
#1782=CARTESIAN_POINT('',(-6.515E0,1.205E0,0.E0));
#1783=VERTEX_POINT('',#1781);
#1784=VERTEX_POINT('',#1782);
#1785=CARTESIAN_POINT('',(-5.375E0,-1.205E0,0.E0));
#1786=CARTESIAN_POINT('',(-6.515E0,-1.205E0,0.E0));
#1787=VERTEX_POINT('',#1785);
#1788=VERTEX_POINT('',#1786);
#1789=CARTESIAN_POINT('',(-1.755E0,-6.035E0,0.E0));
#1790=CARTESIAN_POINT('',(-1.415E0,-5.145E0,0.E0));
#1791=VERTEX_POINT('',#1789);
#1792=VERTEX_POINT('',#1790);
#1793=CARTESIAN_POINT('',(-1.415E0,1.2125E1,0.E0));
#1794=CARTESIAN_POINT('',(-1.755E0,1.3015E1,0.E0));
#1795=VERTEX_POINT('',#1793);
#1796=VERTEX_POINT('',#1794);
#1797=CARTESIAN_POINT('',(-2.215E0,-6.035E0,0.E0));
#1798=CARTESIAN_POINT('',(-2.555E0,-5.145E0,0.E0));
#1799=VERTEX_POINT('',#1797);
#1800=VERTEX_POINT('',#1798);
#1801=CARTESIAN_POINT('',(-2.555E0,1.2125E1,0.E0));
#1802=CARTESIAN_POINT('',(-2.215E0,1.3015E1,0.E0));
#1803=VERTEX_POINT('',#1801);
#1804=VERTEX_POINT('',#1802);
#1805=CARTESIAN_POINT('',(-1.415E0,1.205E0,0.E0));
#1806=CARTESIAN_POINT('',(-2.555E0,1.205E0,0.E0));
#1807=VERTEX_POINT('',#1805);
#1808=VERTEX_POINT('',#1806);
#1809=CARTESIAN_POINT('',(-1.415E0,-1.205E0,0.E0));
#1810=CARTESIAN_POINT('',(-2.555E0,-1.205E0,0.E0));
#1811=VERTEX_POINT('',#1809);
#1812=VERTEX_POINT('',#1810);
#1813=CARTESIAN_POINT('',(2.205E0,-6.035E0,0.E0));
#1814=CARTESIAN_POINT('',(2.545E0,-5.145E0,0.E0));
#1815=VERTEX_POINT('',#1813);
#1816=VERTEX_POINT('',#1814);
#1817=CARTESIAN_POINT('',(2.545E0,1.2125E1,0.E0));
#1818=CARTESIAN_POINT('',(2.205E0,1.3015E1,0.E0));
#1819=VERTEX_POINT('',#1817);
#1820=VERTEX_POINT('',#1818);
#1821=CARTESIAN_POINT('',(1.745E0,-6.035E0,0.E0));
#1822=CARTESIAN_POINT('',(1.405E0,-5.145E0,0.E0));
#1823=VERTEX_POINT('',#1821);
#1824=VERTEX_POINT('',#1822);
#1825=CARTESIAN_POINT('',(1.405E0,1.2125E1,0.E0));
#1826=CARTESIAN_POINT('',(1.745E0,1.3015E1,0.E0));
#1827=VERTEX_POINT('',#1825);
#1828=VERTEX_POINT('',#1826);
#1829=CARTESIAN_POINT('',(2.545E0,1.205E0,0.E0));
#1830=CARTESIAN_POINT('',(1.405E0,1.205E0,0.E0));
#1831=VERTEX_POINT('',#1829);
#1832=VERTEX_POINT('',#1830);
#1833=CARTESIAN_POINT('',(2.545E0,-1.205E0,0.E0));
#1834=CARTESIAN_POINT('',(1.405E0,-1.205E0,0.E0));
#1835=VERTEX_POINT('',#1833);
#1836=VERTEX_POINT('',#1834);
#1837=CARTESIAN_POINT('',(6.165E0,-6.035E0,0.E0));
#1838=CARTESIAN_POINT('',(6.505E0,-5.145E0,0.E0));
#1839=VERTEX_POINT('',#1837);
#1840=VERTEX_POINT('',#1838);
#1841=CARTESIAN_POINT('',(6.505E0,1.2125E1,0.E0));
#1842=CARTESIAN_POINT('',(6.165E0,1.3015E1,0.E0));
#1843=VERTEX_POINT('',#1841);
#1844=VERTEX_POINT('',#1842);
#1845=CARTESIAN_POINT('',(5.705E0,-6.035E0,0.E0));
#1846=CARTESIAN_POINT('',(5.365E0,-5.145E0,0.E0));
#1847=VERTEX_POINT('',#1845);
#1848=VERTEX_POINT('',#1846);
#1849=CARTESIAN_POINT('',(5.365E0,1.2125E1,0.E0));
#1850=CARTESIAN_POINT('',(5.705E0,1.3015E1,0.E0));
#1851=VERTEX_POINT('',#1849);
#1852=VERTEX_POINT('',#1850);
#1853=CARTESIAN_POINT('',(6.505E0,1.205E0,0.E0));
#1854=CARTESIAN_POINT('',(5.365E0,1.205E0,0.E0));
#1855=VERTEX_POINT('',#1853);
#1856=VERTEX_POINT('',#1854);
#1857=CARTESIAN_POINT('',(6.505E0,-1.205E0,0.E0));
#1858=CARTESIAN_POINT('',(5.365E0,-1.205E0,0.E0));
#1859=VERTEX_POINT('',#1857);
#1860=VERTEX_POINT('',#1858);
#1861=CARTESIAN_POINT('',(-4.475E0,-1.585E0,-1.5E0));
#1862=CARTESIAN_POINT('',(-4.475E0,-1.585E0,1.5E0));
#1863=VERTEX_POINT('',#1861);
#1864=VERTEX_POINT('',#1862);
#1865=CARTESIAN_POINT('',(-3.455E0,-1.585E0,1.5E0));
#1866=VERTEX_POINT('',#1865);
#1867=CARTESIAN_POINT('',(-3.455E0,-1.585E0,-1.5E0));
#1868=VERTEX_POINT('',#1867);
#1869=CARTESIAN_POINT('',(-4.475E0,1.585E0,-1.5E0));
#1870=CARTESIAN_POINT('',(-4.475E0,1.585E0,1.5E0));
#1871=VERTEX_POINT('',#1869);
#1872=VERTEX_POINT('',#1870);
#1873=CARTESIAN_POINT('',(-3.455E0,1.585E0,1.5E0));
#1874=VERTEX_POINT('',#1873);
#1875=CARTESIAN_POINT('',(-3.455E0,1.585E0,-1.5E0));
#1876=VERTEX_POINT('',#1875);
#1877=CARTESIAN_POINT('',(-5.15E-1,-1.585E0,-1.5E0));
#1878=CARTESIAN_POINT('',(-5.15E-1,-1.585E0,1.5E0));
#1879=VERTEX_POINT('',#1877);
#1880=VERTEX_POINT('',#1878);
#1881=CARTESIAN_POINT('',(5.05E-1,-1.585E0,1.5E0));
#1882=VERTEX_POINT('',#1881);
#1883=CARTESIAN_POINT('',(5.05E-1,-1.585E0,-1.5E0));
#1884=VERTEX_POINT('',#1883);
#1885=CARTESIAN_POINT('',(-5.15E-1,1.585E0,-1.5E0));
#1886=CARTESIAN_POINT('',(-5.15E-1,1.585E0,1.5E0));
#1887=VERTEX_POINT('',#1885);
#1888=VERTEX_POINT('',#1886);
#1889=CARTESIAN_POINT('',(5.05E-1,1.585E0,1.5E0));
#1890=VERTEX_POINT('',#1889);
#1891=CARTESIAN_POINT('',(5.05E-1,1.585E0,-1.5E0));
#1892=VERTEX_POINT('',#1891);
#1893=CARTESIAN_POINT('',(3.445E0,-1.585E0,-1.5E0));
#1894=CARTESIAN_POINT('',(3.445E0,-1.585E0,1.5E0));
#1895=VERTEX_POINT('',#1893);
#1896=VERTEX_POINT('',#1894);
#1897=CARTESIAN_POINT('',(4.465E0,-1.585E0,1.5E0));
#1898=VERTEX_POINT('',#1897);
#1899=CARTESIAN_POINT('',(4.465E0,-1.585E0,-1.5E0));
#1900=VERTEX_POINT('',#1899);
#1901=CARTESIAN_POINT('',(3.445E0,1.585E0,-1.5E0));
#1902=CARTESIAN_POINT('',(3.445E0,1.585E0,1.5E0));
#1903=VERTEX_POINT('',#1901);
#1904=VERTEX_POINT('',#1902);
#1905=CARTESIAN_POINT('',(4.465E0,1.585E0,1.5E0));
#1906=VERTEX_POINT('',#1905);
#1907=CARTESIAN_POINT('',(4.465E0,1.585E0,-1.5E0));
#1908=VERTEX_POINT('',#1907);
#1909=CARTESIAN_POINT('',(7.405E0,-1.585E0,-1.5E0));
#1910=CARTESIAN_POINT('',(7.405E0,-1.585E0,1.5E0));
#1911=VERTEX_POINT('',#1909);
#1912=VERTEX_POINT('',#1910);
#1913=CARTESIAN_POINT('',(8.425E0,-1.585E0,1.5E0));
#1914=VERTEX_POINT('',#1913);
#1915=CARTESIAN_POINT('',(8.425E0,-1.585E0,-1.5E0));
#1916=VERTEX_POINT('',#1915);
#1917=CARTESIAN_POINT('',(7.405E0,1.585E0,-1.5E0));
#1918=CARTESIAN_POINT('',(7.405E0,1.585E0,1.5E0));
#1919=VERTEX_POINT('',#1917);
#1920=VERTEX_POINT('',#1918);
#1921=CARTESIAN_POINT('',(8.425E0,1.585E0,1.5E0));
#1922=VERTEX_POINT('',#1921);
#1923=CARTESIAN_POINT('',(8.425E0,1.585E0,-1.5E0));
#1924=VERTEX_POINT('',#1923);
#1925=CARTESIAN_POINT('',(1.0985E1,-1.585E0,-3.43E0));
#1926=CARTESIAN_POINT('',(1.0985E1,-1.205E0,-3.43E0));
#1927=VERTEX_POINT('',#1925);
#1928=VERTEX_POINT('',#1926);
#1929=CARTESIAN_POINT('',(8.805E0,-1.205E0,-3.43E0));
#1930=VERTEX_POINT('',#1929);
#1931=CARTESIAN_POINT('',(8.805E0,-1.585E0,-3.43E0));
#1932=VERTEX_POINT('',#1931);
#1933=CARTESIAN_POINT('',(8.805E0,1.585E0,3.47E0));
#1934=CARTESIAN_POINT('',(8.805E0,1.205E0,3.47E0));
#1935=VERTEX_POINT('',#1933);
#1936=VERTEX_POINT('',#1934);
#1937=CARTESIAN_POINT('',(1.0985E1,1.205E0,3.47E0));
#1938=VERTEX_POINT('',#1937);
#1939=CARTESIAN_POINT('',(1.0985E1,1.585E0,3.47E0));
#1940=VERTEX_POINT('',#1939);
#1941=CARTESIAN_POINT('',(1.0985E1,-1.585E0,3.47E0));
#1942=CARTESIAN_POINT('',(1.0985E1,-1.205E0,3.47E0));
#1943=VERTEX_POINT('',#1941);
#1944=VERTEX_POINT('',#1942);
#1945=CARTESIAN_POINT('',(8.805E0,-1.205E0,3.47E0));
#1946=VERTEX_POINT('',#1945);
#1947=CARTESIAN_POINT('',(8.805E0,-1.585E0,3.47E0));
#1948=VERTEX_POINT('',#1947);
#1949=CARTESIAN_POINT('',(1.0125E1,-6.035E0,0.E0));
#1950=CARTESIAN_POINT('',(1.0465E1,-5.145E0,0.E0));
#1951=VERTEX_POINT('',#1949);
#1952=VERTEX_POINT('',#1950);
#1953=CARTESIAN_POINT('',(1.0465E1,1.2125E1,0.E0));
#1954=CARTESIAN_POINT('',(1.0125E1,1.3015E1,0.E0));
#1955=VERTEX_POINT('',#1953);
#1956=VERTEX_POINT('',#1954);
#1957=CARTESIAN_POINT('',(9.665E0,-6.035E0,0.E0));
#1958=CARTESIAN_POINT('',(9.325E0,-5.145E0,0.E0));
#1959=VERTEX_POINT('',#1957);
#1960=VERTEX_POINT('',#1958);
#1961=CARTESIAN_POINT('',(9.325E0,1.2125E1,0.E0));
#1962=CARTESIAN_POINT('',(9.665E0,1.3015E1,0.E0));
#1963=VERTEX_POINT('',#1961);
#1964=VERTEX_POINT('',#1962);
#1965=CARTESIAN_POINT('',(1.0465E1,1.205E0,0.E0));
#1966=CARTESIAN_POINT('',(9.325E0,1.205E0,0.E0));
#1967=VERTEX_POINT('',#1965);
#1968=VERTEX_POINT('',#1966);
#1969=CARTESIAN_POINT('',(1.0465E1,-1.205E0,0.E0));
#1970=CARTESIAN_POINT('',(9.325E0,-1.205E0,0.E0));
#1971=VERTEX_POINT('',#1969);
#1972=VERTEX_POINT('',#1970);
#1973=CARTESIAN_POINT('',(8.805E0,1.205E0,-2.45E0));
#1974=VERTEX_POINT('',#1973);
#1975=CARTESIAN_POINT('',(1.0985E1,1.205E0,-2.45E0));
#1976=VERTEX_POINT('',#1975);
#1977=CARTESIAN_POINT('',(0.E0,0.E0,-3.43E0));
#1978=DIRECTION('',(0.E0,0.E0,1.E0));
#1979=DIRECTION('',(1.E0,0.E0,0.E0));
#1980=AXIS2_PLACEMENT_3D('',#1977,#1978,#1979);
#1981=PLANE('',#1980);
#1983=ORIENTED_EDGE('',*,*,#1982,.F.);
#1985=ORIENTED_EDGE('',*,*,#1984,.F.);
#1987=ORIENTED_EDGE('',*,*,#1986,.F.);
#1989=ORIENTED_EDGE('',*,*,#1988,.T.);
#1991=ORIENTED_EDGE('',*,*,#1990,.T.);
#1993=ORIENTED_EDGE('',*,*,#1992,.F.);
#1995=ORIENTED_EDGE('',*,*,#1994,.F.);
#1997=ORIENTED_EDGE('',*,*,#1996,.T.);
#1999=ORIENTED_EDGE('',*,*,#1998,.T.);
#2001=ORIENTED_EDGE('',*,*,#2000,.F.);
#2003=ORIENTED_EDGE('',*,*,#2002,.F.);
#2005=ORIENTED_EDGE('',*,*,#2004,.T.);
#2007=ORIENTED_EDGE('',*,*,#2006,.T.);
#2009=ORIENTED_EDGE('',*,*,#2008,.F.);
#2011=ORIENTED_EDGE('',*,*,#2010,.F.);
#2013=ORIENTED_EDGE('',*,*,#2012,.T.);
#2015=ORIENTED_EDGE('',*,*,#2014,.T.);
#2017=ORIENTED_EDGE('',*,*,#2016,.F.);
#2019=ORIENTED_EDGE('',*,*,#2018,.F.);
#2021=ORIENTED_EDGE('',*,*,#2020,.T.);
#2023=ORIENTED_EDGE('',*,*,#2022,.T.);
#2025=ORIENTED_EDGE('',*,*,#2024,.F.);
#2027=ORIENTED_EDGE('',*,*,#2026,.F.);
#2029=ORIENTED_EDGE('',*,*,#2028,.T.);
#2031=ORIENTED_EDGE('',*,*,#2030,.T.);
#2033=ORIENTED_EDGE('',*,*,#2032,.F.);
#2035=ORIENTED_EDGE('',*,*,#2034,.F.);
#2037=ORIENTED_EDGE('',*,*,#2036,.T.);
#2039=ORIENTED_EDGE('',*,*,#2038,.T.);
#2041=ORIENTED_EDGE('',*,*,#2040,.F.);
#2043=ORIENTED_EDGE('',*,*,#2042,.T.);
#2045=ORIENTED_EDGE('',*,*,#2044,.F.);
#2046=EDGE_LOOP('',(#1983,#1985,#1987,#1989,#1991,#1993,#1995,#1997,#1999,#2001,
#2003,#2005,#2007,#2009,#2011,#2013,#2015,#2017,#2019,#2021,#2023,#2025,#2027,
#2029,#2031,#2033,#2035,#2037,#2039,#2041,#2043,#2045));
#2047=FACE_OUTER_BOUND('',#2046,.F.);
#2048=ADVANCED_FACE('',(#2047),#1981,.F.);
#2049=CARTESIAN_POINT('',(-5.15E-1,7.535E0,-2.45E0));
#2050=DIRECTION('',(-1.E0,0.E0,0.E0));
#2051=DIRECTION('',(0.E0,-1.E0,0.E0));
#2052=AXIS2_PLACEMENT_3D('',#2049,#2050,#2051);
#2053=PLANE('',#2052);
#2054=ORIENTED_EDGE('',*,*,#1982,.T.);
#2056=ORIENTED_EDGE('',*,*,#2055,.F.);
#2058=ORIENTED_EDGE('',*,*,#2057,.F.);
#2060=ORIENTED_EDGE('',*,*,#2059,.F.);
#2062=ORIENTED_EDGE('',*,*,#2061,.F.);
#2063=EDGE_LOOP('',(#2054,#2056,#2058,#2060,#2062));
#2064=FACE_OUTER_BOUND('',#2063,.F.);
#2065=ADVANCED_FACE('',(#2064),#2053,.F.);
#2066=CARTESIAN_POINT('',(1.1885E1,1.585E0,-3.43E0));
#2067=DIRECTION('',(0.E0,1.E0,0.E0));
#2068=DIRECTION('',(-1.E0,0.E0,0.E0));
#2069=AXIS2_PLACEMENT_3D('',#2066,#2067,#2068);
#2070=PLANE('',#2069);
#2072=ORIENTED_EDGE('',*,*,#2071,.F.);
#2074=ORIENTED_EDGE('',*,*,#2073,.T.);
#2076=ORIENTED_EDGE('',*,*,#2075,.T.);
#2078=ORIENTED_EDGE('',*,*,#2077,.F.);
#2079=EDGE_LOOP('',(#2072,#2074,#2076,#2078));
#2080=FACE_OUTER_BOUND('',#2079,.F.);
#2081=ADVANCED_FACE('',(#2080),#2070,.T.);
#2082=CARTESIAN_POINT('',(1.1885E1,1.585E0,-3.43E0));
#2083=DIRECTION('',(0.E0,1.E0,0.E0));
#2084=DIRECTION('',(-1.E0,0.E0,0.E0));
#2085=AXIS2_PLACEMENT_3D('',#2082,#2083,#2084);
#2086=PLANE('',#2085);
#2088=ORIENTED_EDGE('',*,*,#2087,.F.);
#2090=ORIENTED_EDGE('',*,*,#2089,.F.);
#2092=ORIENTED_EDGE('',*,*,#2091,.T.);
#2094=ORIENTED_EDGE('',*,*,#2093,.T.);
#2095=EDGE_LOOP('',(#2088,#2090,#2092,#2094));
#2096=FACE_OUTER_BOUND('',#2095,.F.);
#2097=ADVANCED_FACE('',(#2096),#2086,.T.);
#2098=CARTESIAN_POINT('',(1.1885E1,1.585E0,-3.43E0));
#2099=DIRECTION('',(0.E0,1.E0,0.E0));
#2100=DIRECTION('',(-1.E0,0.E0,0.E0));
#2101=AXIS2_PLACEMENT_3D('',#2098,#2099,#2100);
#2102=PLANE('',#2101);
#2104=ORIENTED_EDGE('',*,*,#2103,.F.);
#2106=ORIENTED_EDGE('',*,*,#2105,.T.);
#2108=ORIENTED_EDGE('',*,*,#2107,.T.);
#2110=ORIENTED_EDGE('',*,*,#2109,.F.);
#2111=EDGE_LOOP('',(#2104,#2106,#2108,#2110));
#2112=FACE_OUTER_BOUND('',#2111,.F.);
#2114=ORIENTED_EDGE('',*,*,#2113,.T.);
#2116=ORIENTED_EDGE('',*,*,#2115,.T.);
#2118=ORIENTED_EDGE('',*,*,#2117,.T.);
#2120=ORIENTED_EDGE('',*,*,#2119,.T.);
#2121=EDGE_LOOP('',(#2114,#2116,#2118,#2120));
#2122=FACE_BOUND('',#2121,.F.);
#2123=ADVANCED_FACE('',(#2112,#2122),#2102,.T.);
#2124=CARTESIAN_POINT('',(1.1885E1,1.585E0,-3.43E0));
#2125=DIRECTION('',(0.E0,1.E0,0.E0));
#2126=DIRECTION('',(-1.E0,0.E0,0.E0));
#2127=AXIS2_PLACEMENT_3D('',#2124,#2125,#2126);
#2128=PLANE('',#2127);
#2130=ORIENTED_EDGE('',*,*,#2129,.F.);
#2132=ORIENTED_EDGE('',*,*,#2131,.F.);
#2134=ORIENTED_EDGE('',*,*,#2133,.T.);
#2136=ORIENTED_EDGE('',*,*,#2135,.T.);
#2137=EDGE_LOOP('',(#2130,#2132,#2134,#2136));
#2138=FACE_OUTER_BOUND('',#2137,.F.);
#2140=ORIENTED_EDGE('',*,*,#2139,.T.);
#2142=ORIENTED_EDGE('',*,*,#2141,.T.);
#2144=ORIENTED_EDGE('',*,*,#2143,.T.);
#2146=ORIENTED_EDGE('',*,*,#2145,.T.);
#2147=EDGE_LOOP('',(#2140,#2142,#2144,#2146));
#2148=FACE_BOUND('',#2147,.F.);
#2149=ADVANCED_FACE('',(#2138,#2148),#2128,.T.);
#2150=CARTESIAN_POINT('',(1.1885E1,1.585E0,-3.43E0));
#2151=DIRECTION('',(0.E0,1.E0,0.E0));
#2152=DIRECTION('',(-1.E0,0.E0,0.E0));
#2153=AXIS2_PLACEMENT_3D('',#2150,#2151,#2152);
#2154=PLANE('',#2153);
#2156=ORIENTED_EDGE('',*,*,#2155,.F.);
#2158=ORIENTED_EDGE('',*,*,#2157,.T.);
#2160=ORIENTED_EDGE('',*,*,#2159,.T.);
#2162=ORIENTED_EDGE('',*,*,#2161,.F.);
#2163=EDGE_LOOP('',(#2156,#2158,#2160,#2162));
#2164=FACE_OUTER_BOUND('',#2163,.F.);
#2166=ORIENTED_EDGE('',*,*,#2165,.T.);
#2168=ORIENTED_EDGE('',*,*,#2167,.T.);
#2170=ORIENTED_EDGE('',*,*,#2169,.T.);
#2172=ORIENTED_EDGE('',*,*,#2171,.T.);
#2173=EDGE_LOOP('',(#2166,#2168,#2170,#2172));
#2174=FACE_BOUND('',#2173,.F.);
#2175=ADVANCED_FACE('',(#2164,#2174),#2154,.T.);
#2176=CARTESIAN_POINT('',(1.1885E1,1.585E0,-3.43E0));
#2177=DIRECTION('',(0.E0,1.E0,0.E0));
#2178=DIRECTION('',(-1.E0,0.E0,0.E0));
#2179=AXIS2_PLACEMENT_3D('',#2176,#2177,#2178);
#2180=PLANE('',#2179);
#2182=ORIENTED_EDGE('',*,*,#2181,.F.);
#2184=ORIENTED_EDGE('',*,*,#2183,.T.);
#2186=ORIENTED_EDGE('',*,*,#2185,.T.);
#2188=ORIENTED_EDGE('',*,*,#2187,.F.);
#2189=EDGE_LOOP('',(#2182,#2184,#2186,#2188));
#2190=FACE_OUTER_BOUND('',#2189,.F.);
#2192=ORIENTED_EDGE('',*,*,#2191,.T.);
#2194=ORIENTED_EDGE('',*,*,#2193,.T.);
#2196=ORIENTED_EDGE('',*,*,#2195,.T.);
#2198=ORIENTED_EDGE('',*,*,#2197,.T.);
#2199=EDGE_LOOP('',(#2192,#2194,#2196,#2198));
#2200=FACE_BOUND('',#2199,.F.);
#2201=ADVANCED_FACE('',(#2190,#2200),#2180,.T.);
#2202=CARTESIAN_POINT('',(1.1885E1,1.585E0,-3.43E0));
#2203=DIRECTION('',(0.E0,1.E0,0.E0));
#2204=DIRECTION('',(-1.E0,0.E0,0.E0));
#2205=AXIS2_PLACEMENT_3D('',#2202,#2203,#2204);
#2206=PLANE('',#2205);
#2208=ORIENTED_EDGE('',*,*,#2207,.F.);
#2209=ORIENTED_EDGE('',*,*,#2055,.T.);
#2210=ORIENTED_EDGE('',*,*,#2044,.T.);
#2212=ORIENTED_EDGE('',*,*,#2211,.F.);
#2214=ORIENTED_EDGE('',*,*,#2213,.F.);
#2216=ORIENTED_EDGE('',*,*,#2215,.T.);
#2218=ORIENTED_EDGE('',*,*,#2217,.T.);
#2220=ORIENTED_EDGE('',*,*,#2219,.F.);
#2221=EDGE_LOOP('',(#2208,#2209,#2210,#2212,#2214,#2216,#2218,#2220));
#2222=FACE_OUTER_BOUND('',#2221,.F.);
#2224=ORIENTED_EDGE('',*,*,#2223,.T.);
#2226=ORIENTED_EDGE('',*,*,#2225,.T.);
#2228=ORIENTED_EDGE('',*,*,#2227,.T.);
#2230=ORIENTED_EDGE('',*,*,#2229,.T.);
#2231=EDGE_LOOP('',(#2224,#2226,#2228,#2230));
#2232=FACE_BOUND('',#2231,.F.);
#2233=ADVANCED_FACE('',(#2222,#2232),#2206,.T.);
#2234=CARTESIAN_POINT('',(1.1885E1,6.876820693124E0,-2.45E0));
#2235=DIRECTION('',(0.E0,0.E0,1.E0));
#2236=DIRECTION('',(0.E0,-1.E0,0.E0));
#2237=AXIS2_PLACEMENT_3D('',#2234,#2235,#2236);
#2238=PLANE('',#2237);
#2239=ORIENTED_EDGE('',*,*,#2057,.T.);
#2240=ORIENTED_EDGE('',*,*,#2207,.T.);
#2242=ORIENTED_EDGE('',*,*,#2241,.F.);
#2244=ORIENTED_EDGE('',*,*,#2243,.F.);
#2246=ORIENTED_EDGE('',*,*,#2245,.F.);
#2247=ORIENTED_EDGE('',*,*,#2181,.T.);
#2249=ORIENTED_EDGE('',*,*,#2248,.F.);
#2251=ORIENTED_EDGE('',*,*,#2250,.F.);
#2253=ORIENTED_EDGE('',*,*,#2252,.F.);
#2254=ORIENTED_EDGE('',*,*,#2131,.T.);
#2256=ORIENTED_EDGE('',*,*,#2255,.F.);
#2258=ORIENTED_EDGE('',*,*,#2257,.F.);
#2260=ORIENTED_EDGE('',*,*,#2259,.F.);
#2261=ORIENTED_EDGE('',*,*,#2089,.T.);
#2263=ORIENTED_EDGE('',*,*,#2262,.F.);
#2265=ORIENTED_EDGE('',*,*,#2264,.T.);
#2266=EDGE_LOOP('',(#2239,#2240,#2242,#2244,#2246,#2247,#2249,#2251,#2253,#2254,
#2256,#2258,#2260,#2261,#2263,#2265));
#2267=FACE_OUTER_BOUND('',#2266,.F.);
#2268=ADVANCED_FACE('',(#2267),#2238,.T.);
#2269=CARTESIAN_POINT('',(1.1885E1,6.876820693124E0,-2.45E0));
#2270=DIRECTION('',(0.E0,0.E0,1.E0));
#2271=DIRECTION('',(0.E0,-1.E0,0.E0));
#2272=AXIS2_PLACEMENT_3D('',#2269,#2270,#2271);
#2273=PLANE('',#2272);
#2275=ORIENTED_EDGE('',*,*,#2274,.F.);
#2277=ORIENTED_EDGE('',*,*,#2276,.T.);
#2279=ORIENTED_EDGE('',*,*,#2278,.T.);
#2280=ORIENTED_EDGE('',*,*,#2071,.T.);
#2282=ORIENTED_EDGE('',*,*,#2281,.F.);
#2284=ORIENTED_EDGE('',*,*,#2283,.F.);
#2286=ORIENTED_EDGE('',*,*,#2285,.F.);
#2287=ORIENTED_EDGE('',*,*,#2103,.T.);
#2289=ORIENTED_EDGE('',*,*,#2288,.F.);
#2291=ORIENTED_EDGE('',*,*,#2290,.F.);
#2293=ORIENTED_EDGE('',*,*,#2292,.F.);
#2294=ORIENTED_EDGE('',*,*,#2155,.T.);
#2296=ORIENTED_EDGE('',*,*,#2295,.F.);
#2298=ORIENTED_EDGE('',*,*,#2297,.F.);
#2300=ORIENTED_EDGE('',*,*,#2299,.F.);
#2301=ORIENTED_EDGE('',*,*,#2213,.T.);
#2302=EDGE_LOOP('',(#2275,#2277,#2279,#2280,#2282,#2284,#2286,#2287,#2289,#2291,
#2293,#2294,#2296,#2298,#2300,#2301));
#2303=FACE_OUTER_BOUND('',#2302,.F.);
#2304=ADVANCED_FACE('',(#2303),#2273,.T.);
#2305=CARTESIAN_POINT('',(-8.95E-1,1.205E0,3.47E0));
#2306=DIRECTION('',(1.E0,0.E0,0.E0));
#2307=DIRECTION('',(0.E0,1.E0,0.E0));
#2308=AXIS2_PLACEMENT_3D('',#2305,#2306,#2307);
#2309=PLANE('',#2308);
#2310=ORIENTED_EDGE('',*,*,#2241,.T.);
#2311=ORIENTED_EDGE('',*,*,#2219,.T.);
#2313=ORIENTED_EDGE('',*,*,#2312,.T.);
#2315=ORIENTED_EDGE('',*,*,#2314,.T.);
#2316=EDGE_LOOP('',(#2310,#2311,#2313,#2315));
#2317=FACE_OUTER_BOUND('',#2316,.F.);
#2318=ADVANCED_FACE('',(#2317),#2309,.F.);
#2319=CARTESIAN_POINT('',(0.E0,0.E0,3.47E0));
#2320=DIRECTION('',(0.E0,0.E0,1.E0));
#2321=DIRECTION('',(1.E0,0.E0,0.E0));
#2322=AXIS2_PLACEMENT_3D('',#2319,#2320,#2321);
#2323=PLANE('',#2322);
#2325=ORIENTED_EDGE('',*,*,#2324,.T.);
#2327=ORIENTED_EDGE('',*,*,#2326,.T.);
#2329=ORIENTED_EDGE('',*,*,#2328,.F.);
#2330=ORIENTED_EDGE('',*,*,#2075,.F.);
#2332=ORIENTED_EDGE('',*,*,#2331,.F.);
#2334=ORIENTED_EDGE('',*,*,#2333,.F.);
#2336=ORIENTED_EDGE('',*,*,#2335,.T.);
#2338=ORIENTED_EDGE('',*,*,#2337,.T.);
#2340=ORIENTED_EDGE('',*,*,#2339,.F.);
#2342=ORIENTED_EDGE('',*,*,#2341,.F.);
#2344=ORIENTED_EDGE('',*,*,#2343,.T.);
#2346=ORIENTED_EDGE('',*,*,#2345,.T.);
#2348=ORIENTED_EDGE('',*,*,#2347,.F.);
#2350=ORIENTED_EDGE('',*,*,#2349,.F.);
#2352=ORIENTED_EDGE('',*,*,#2351,.T.);
#2354=ORIENTED_EDGE('',*,*,#2353,.T.);
#2356=ORIENTED_EDGE('',*,*,#2355,.F.);
#2358=ORIENTED_EDGE('',*,*,#2357,.F.);
#2360=ORIENTED_EDGE('',*,*,#2359,.T.);
#2362=ORIENTED_EDGE('',*,*,#2361,.T.);
#2364=ORIENTED_EDGE('',*,*,#2363,.F.);
#2366=ORIENTED_EDGE('',*,*,#2365,.F.);
#2368=ORIENTED_EDGE('',*,*,#2367,.T.);
#2370=ORIENTED_EDGE('',*,*,#2369,.T.);
#2372=ORIENTED_EDGE('',*,*,#2371,.F.);
#2374=ORIENTED_EDGE('',*,*,#2373,.F.);
#2376=ORIENTED_EDGE('',*,*,#2375,.T.);
#2378=ORIENTED_EDGE('',*,*,#2377,.T.);
#2380=ORIENTED_EDGE('',*,*,#2379,.F.);
#2382=ORIENTED_EDGE('',*,*,#2381,.F.);
#2384=ORIENTED_EDGE('',*,*,#2383,.F.);
#2385=ORIENTED_EDGE('',*,*,#2093,.F.);
#2387=ORIENTED_EDGE('',*,*,#2386,.T.);
#2389=ORIENTED_EDGE('',*,*,#2388,.T.);
#2391=ORIENTED_EDGE('',*,*,#2390,.F.);
#2392=ORIENTED_EDGE('',*,*,#2135,.F.);
#2394=ORIENTED_EDGE('',*,*,#2393,.T.);
#2396=ORIENTED_EDGE('',*,*,#2395,.T.);
#2398=ORIENTED_EDGE('',*,*,#2397,.F.);
#2399=ORIENTED_EDGE('',*,*,#2185,.F.);
#2401=ORIENTED_EDGE('',*,*,#2400,.T.);
#2403=ORIENTED_EDGE('',*,*,#2402,.T.);
#2404=ORIENTED_EDGE('',*,*,#2312,.F.);
#2405=ORIENTED_EDGE('',*,*,#2217,.F.);
#2407=ORIENTED_EDGE('',*,*,#2406,.T.);
#2409=ORIENTED_EDGE('',*,*,#2408,.T.);
#2411=ORIENTED_EDGE('',*,*,#2410,.F.);
#2412=ORIENTED_EDGE('',*,*,#2159,.F.);
#2414=ORIENTED_EDGE('',*,*,#2413,.T.);
#2416=ORIENTED_EDGE('',*,*,#2415,.T.);
#2418=ORIENTED_EDGE('',*,*,#2417,.F.);
#2419=ORIENTED_EDGE('',*,*,#2107,.F.);
#2420=EDGE_LOOP('',(#2325,#2327,#2329,#2330,#2332,#2334,#2336,#2338,#2340,#2342,
#2344,#2346,#2348,#2350,#2352,#2354,#2356,#2358,#2360,#2362,#2364,#2366,#2368,
#2370,#2372,#2374,#2376,#2378,#2380,#2382,#2384,#2385,#2387,#2389,#2391,#2392,
#2394,#2396,#2398,#2399,#2401,#2403,#2404,#2405,#2407,#2409,#2411,#2412,#2414,
#2416,#2418,#2419));
#2421=FACE_OUTER_BOUND('',#2420,.F.);
#2422=ADVANCED_FACE('',(#2421),#2323,.T.);
#2423=CARTESIAN_POINT('',(8.805E0,1.585E0,3.47E0));
#2424=DIRECTION('',(-1.E0,0.E0,0.E0));
#2425=DIRECTION('',(0.E0,-1.E0,0.E0));
#2426=AXIS2_PLACEMENT_3D('',#2423,#2424,#2425);
#2427=PLANE('',#2426);
#2428=ORIENTED_EDGE('',*,*,#2285,.T.);
#2430=ORIENTED_EDGE('',*,*,#2429,.F.);
#2431=ORIENTED_EDGE('',*,*,#2324,.F.);
#2432=ORIENTED_EDGE('',*,*,#2105,.F.);
#2433=EDGE_LOOP('',(#2428,#2430,#2431,#2432));
#2434=FACE_OUTER_BOUND('',#2433,.F.);
#2435=ADVANCED_FACE('',(#2434),#2427,.F.);
#2436=CARTESIAN_POINT('',(8.805E0,1.205E0,3.47E0));
#2437=DIRECTION('',(0.E0,-1.E0,0.E0));
#2438=DIRECTION('',(1.E0,0.E0,0.E0));
#2439=AXIS2_PLACEMENT_3D('',#2436,#2437,#2438);
#2440=PLANE('',#2439);
#2441=ORIENTED_EDGE('',*,*,#2283,.T.);
#2443=ORIENTED_EDGE('',*,*,#2442,.F.);
#2444=ORIENTED_EDGE('',*,*,#2326,.F.);
#2445=ORIENTED_EDGE('',*,*,#2429,.T.);
#2446=EDGE_LOOP('',(#2441,#2443,#2444,#2445));
#2447=FACE_OUTER_BOUND('',#2446,.F.);
#2449=ORIENTED_EDGE('',*,*,#2448,.T.);
#2451=ORIENTED_EDGE('',*,*,#2450,.T.);
#2452=EDGE_LOOP('',(#2449,#2451));
#2453=FACE_BOUND('',#2452,.F.);
#2454=ADVANCED_FACE('',(#2447,#2453),#2440,.F.);
#2455=CARTESIAN_POINT('',(9.895E0,-6.9875E0,0.E0));
#2456=DIRECTION('',(0.E0,1.E0,0.E0));
#2457=DIRECTION('',(1.E0,0.E0,0.E0));
#2458=AXIS2_PLACEMENT_3D('',#2455,#2456,#2457);
#2459=CYLINDRICAL_SURFACE('',#2458,5.7E-1);
#2460=ORIENTED_EDGE('',*,*,#2448,.F.);
#2462=ORIENTED_EDGE('',*,*,#2461,.T.);
#2464=ORIENTED_EDGE('',*,*,#2463,.T.);
#2466=ORIENTED_EDGE('',*,*,#2465,.F.);
#2467=EDGE_LOOP('',(#2460,#2462,#2464,#2466));
#2468=FACE_OUTER_BOUND('',#2467,.F.);
#2469=ADVANCED_FACE('',(#2468),#2459,.T.);
#2470=CARTESIAN_POINT('',(9.895E0,-6.9875E0,0.E0));
#2471=DIRECTION('',(0.E0,1.E0,0.E0));
#2472=DIRECTION('',(1.E0,0.E0,0.E0));
#2473=AXIS2_PLACEMENT_3D('',#2470,#2471,#2472);
#2474=CYLINDRICAL_SURFACE('',#2473,5.7E-1);
#2476=ORIENTED_EDGE('',*,*,#2475,.T.);
#2478=ORIENTED_EDGE('',*,*,#2477,.F.);
#2480=ORIENTED_EDGE('',*,*,#2479,.F.);
#2482=ORIENTED_EDGE('',*,*,#2481,.T.);
#2483=EDGE_LOOP('',(#2476,#2478,#2480,#2482));
#2484=FACE_OUTER_BOUND('',#2483,.F.);
#2485=ADVANCED_FACE('',(#2484),#2474,.T.);
#2486=CARTESIAN_POINT('',(9.895E0,-6.9875E0,0.E0));
#2487=DIRECTION('',(0.E0,1.E0,0.E0));
#2488=DIRECTION('',(1.E0,0.E0,0.E0));
#2489=AXIS2_PLACEMENT_3D('',#2486,#2487,#2488);
#2490=CYLINDRICAL_SURFACE('',#2489,5.7E-1);
#2491=ORIENTED_EDGE('',*,*,#2450,.F.);
#2492=ORIENTED_EDGE('',*,*,#2465,.T.);
#2494=ORIENTED_EDGE('',*,*,#2493,.F.);
#2495=ORIENTED_EDGE('',*,*,#2461,.F.);
#2496=EDGE_LOOP('',(#2491,#2492,#2494,#2495));
#2497=FACE_OUTER_BOUND('',#2496,.F.);
#2498=ADVANCED_FACE('',(#2497),#2490,.T.);
#2499=CARTESIAN_POINT('',(9.895E0,-6.9875E0,0.E0));
#2500=DIRECTION('',(0.E0,1.E0,0.E0));
#2501=DIRECTION('',(1.E0,0.E0,0.E0));
#2502=AXIS2_PLACEMENT_3D('',#2499,#2500,#2501);
#2503=CYLINDRICAL_SURFACE('',#2502,5.7E-1);
#2505=ORIENTED_EDGE('',*,*,#2504,.T.);
#2506=ORIENTED_EDGE('',*,*,#2481,.F.);
#2508=ORIENTED_EDGE('',*,*,#2507,.T.);
#2509=ORIENTED_EDGE('',*,*,#2477,.T.);
#2510=EDGE_LOOP('',(#2505,#2506,#2508,#2509));
#2511=FACE_OUTER_BOUND('',#2510,.F.);
#2512=ADVANCED_FACE('',(#2511),#2503,.T.);
#2513=CARTESIAN_POINT('',(9.895E0,1.257E1,0.E0));
#2514=DIRECTION('',(0.E0,-1.E0,0.E0));
#2515=DIRECTION('',(-1.E0,0.E0,0.E0));
#2516=AXIS2_PLACEMENT_3D('',#2513,#2514,#2515);
#2517=CONICAL_SURFACE('',#2516,4.E-1,2.090798047101E1);
#2519=ORIENTED_EDGE('',*,*,#2518,.F.);
#2520=ORIENTED_EDGE('',*,*,#2493,.T.);
#2522=ORIENTED_EDGE('',*,*,#2521,.T.);
#2524=ORIENTED_EDGE('',*,*,#2523,.F.);
#2525=EDGE_LOOP('',(#2519,#2520,#2522,#2524));
#2526=FACE_OUTER_BOUND('',#2525,.F.);
#2527=ADVANCED_FACE('',(#2526),#2517,.T.);
#2528=CARTESIAN_POINT('',(9.895E0,1.257E1,0.E0));
#2529=DIRECTION('',(0.E0,-1.E0,0.E0));
#2530=DIRECTION('',(-1.E0,0.E0,0.E0));
#2531=AXIS2_PLACEMENT_3D('',#2528,#2529,#2530);
#2532=CONICAL_SURFACE('',#2531,4.E-1,2.090798047101E1);
#2533=ORIENTED_EDGE('',*,*,#2518,.T.);
#2535=ORIENTED_EDGE('',*,*,#2534,.T.);
#2536=ORIENTED_EDGE('',*,*,#2521,.F.);
#2537=ORIENTED_EDGE('',*,*,#2463,.F.);
#2538=EDGE_LOOP('',(#2533,#2535,#2536,#2537));
#2539=FACE_OUTER_BOUND('',#2538,.F.);
#2540=ADVANCED_FACE('',(#2539),#2532,.T.);
#2541=CARTESIAN_POINT('',(9.895E0,1.3015E1,0.E0));
#2542=DIRECTION('',(0.E0,1.E0,0.E0));
#2543=DIRECTION('',(1.E0,0.E0,0.E0));
#2544=AXIS2_PLACEMENT_3D('',#2541,#2542,#2543);
#2545=PLANE('',#2544);
#2546=ORIENTED_EDGE('',*,*,#2523,.T.);
#2547=ORIENTED_EDGE('',*,*,#2534,.F.);
#2548=EDGE_LOOP('',(#2546,#2547));
#2549=FACE_OUTER_BOUND('',#2548,.F.);
#2550=ADVANCED_FACE('',(#2549),#2545,.T.);
#2551=CARTESIAN_POINT('',(1.0985E1,-1.205E0,3.47E0));
#2552=DIRECTION('',(0.E0,1.E0,0.E0));
#2553=DIRECTION('',(-1.E0,0.E0,0.E0));
#2554=AXIS2_PLACEMENT_3D('',#2551,#2552,#2553);
#2555=PLANE('',#2554);
#2556=ORIENTED_EDGE('',*,*,#2032,.T.);
#2558=ORIENTED_EDGE('',*,*,#2557,.F.);
#2559=ORIENTED_EDGE('',*,*,#2337,.F.);
#2561=ORIENTED_EDGE('',*,*,#2560,.T.);
#2562=EDGE_LOOP('',(#2556,#2558,#2559,#2561));
#2563=FACE_OUTER_BOUND('',#2562,.F.);
#2564=ORIENTED_EDGE('',*,*,#2475,.F.);
#2565=ORIENTED_EDGE('',*,*,#2504,.F.);
#2566=EDGE_LOOP('',(#2564,#2565));
#2567=FACE_BOUND('',#2566,.F.);
#2568=ADVANCED_FACE('',(#2563,#2567),#2555,.F.);
#2569=CARTESIAN_POINT('',(8.805E0,-1.205E0,3.47E0));
#2570=DIRECTION('',(-1.E0,0.E0,0.E0));
#2571=DIRECTION('',(0.E0,-1.E0,0.E0));
#2572=AXIS2_PLACEMENT_3D('',#2569,#2570,#2571);
#2573=PLANE('',#2572);
#2574=ORIENTED_EDGE('',*,*,#2030,.F.);
#2576=ORIENTED_EDGE('',*,*,#2575,.T.);
#2577=ORIENTED_EDGE('',*,*,#2339,.T.);
#2578=ORIENTED_EDGE('',*,*,#2557,.T.);
#2579=EDGE_LOOP('',(#2574,#2576,#2577,#2578));
#2580=FACE_OUTER_BOUND('',#2579,.F.);
#2581=ADVANCED_FACE('',(#2580),#2573,.F.);
#2582=CARTESIAN_POINT('',(-1.1885E1,-1.585E0,-3.43E0));
#2583=DIRECTION('',(0.E0,-1.E0,0.E0));
#2584=DIRECTION('',(1.E0,0.E0,0.E0));
#2585=AXIS2_PLACEMENT_3D('',#2582,#2583,#2584);
#2586=PLANE('',#2585);
#2588=ORIENTED_EDGE('',*,*,#2587,.F.);
#2589=ORIENTED_EDGE('',*,*,#1988,.F.);
#2591=ORIENTED_EDGE('',*,*,#2590,.T.);
#2592=ORIENTED_EDGE('',*,*,#2381,.T.);
#2593=EDGE_LOOP('',(#2588,#2589,#2591,#2592));
#2594=FACE_OUTER_BOUND('',#2593,.F.);
#2595=ADVANCED_FACE('',(#2594),#2586,.T.);
#2596=CARTESIAN_POINT('',(-1.1885E1,-1.585E0,-3.43E0));
#2597=DIRECTION('',(0.E0,-1.E0,0.E0));
#2598=DIRECTION('',(1.E0,0.E0,0.E0));
#2599=AXIS2_PLACEMENT_3D('',#2596,#2597,#2598);
#2600=PLANE('',#2599);
#2602=ORIENTED_EDGE('',*,*,#2601,.F.);
#2603=ORIENTED_EDGE('',*,*,#1996,.F.);
#2605=ORIENTED_EDGE('',*,*,#2604,.T.);
#2606=ORIENTED_EDGE('',*,*,#2373,.T.);
#2607=EDGE_LOOP('',(#2602,#2603,#2605,#2606));
#2608=FACE_OUTER_BOUND('',#2607,.F.);
#2610=ORIENTED_EDGE('',*,*,#2609,.F.);
#2612=ORIENTED_EDGE('',*,*,#2611,.F.);
#2614=ORIENTED_EDGE('',*,*,#2613,.F.);
#2616=ORIENTED_EDGE('',*,*,#2615,.F.);
#2617=EDGE_LOOP('',(#2610,#2612,#2614,#2616));
#2618=FACE_BOUND('',#2617,.F.);
#2619=ADVANCED_FACE('',(#2608,#2618),#2600,.T.);
#2620=CARTESIAN_POINT('',(-1.1885E1,-1.585E0,-3.43E0));
#2621=DIRECTION('',(0.E0,-1.E0,0.E0));
#2622=DIRECTION('',(1.E0,0.E0,0.E0));
#2623=AXIS2_PLACEMENT_3D('',#2620,#2621,#2622);
#2624=PLANE('',#2623);
#2626=ORIENTED_EDGE('',*,*,#2625,.F.);
#2627=ORIENTED_EDGE('',*,*,#2004,.F.);
#2629=ORIENTED_EDGE('',*,*,#2628,.T.);
#2630=ORIENTED_EDGE('',*,*,#2365,.T.);
#2631=EDGE_LOOP('',(#2626,#2627,#2629,#2630));
#2632=FACE_OUTER_BOUND('',#2631,.F.);
#2634=ORIENTED_EDGE('',*,*,#2633,.F.);
#2636=ORIENTED_EDGE('',*,*,#2635,.F.);
#2638=ORIENTED_EDGE('',*,*,#2637,.F.);
#2640=ORIENTED_EDGE('',*,*,#2639,.F.);
#2641=EDGE_LOOP('',(#2634,#2636,#2638,#2640));
#2642=FACE_BOUND('',#2641,.F.);
#2643=ADVANCED_FACE('',(#2632,#2642),#2624,.T.);
#2644=CARTESIAN_POINT('',(-1.1885E1,-1.585E0,-3.43E0));
#2645=DIRECTION('',(0.E0,-1.E0,0.E0));
#2646=DIRECTION('',(1.E0,0.E0,0.E0));
#2647=AXIS2_PLACEMENT_3D('',#2644,#2645,#2646);
#2648=PLANE('',#2647);
#2650=ORIENTED_EDGE('',*,*,#2649,.F.);
#2651=ORIENTED_EDGE('',*,*,#2012,.F.);
#2653=ORIENTED_EDGE('',*,*,#2652,.T.);
#2654=ORIENTED_EDGE('',*,*,#2357,.T.);
#2655=EDGE_LOOP('',(#2650,#2651,#2653,#2654));
#2656=FACE_OUTER_BOUND('',#2655,.F.);
#2658=ORIENTED_EDGE('',*,*,#2657,.F.);
#2660=ORIENTED_EDGE('',*,*,#2659,.F.);
#2662=ORIENTED_EDGE('',*,*,#2661,.F.);
#2664=ORIENTED_EDGE('',*,*,#2663,.F.);
#2665=EDGE_LOOP('',(#2658,#2660,#2662,#2664));
#2666=FACE_BOUND('',#2665,.F.);
#2667=ADVANCED_FACE('',(#2656,#2666),#2648,.T.);
#2668=CARTESIAN_POINT('',(-1.1885E1,-1.585E0,-3.43E0));
#2669=DIRECTION('',(0.E0,-1.E0,0.E0));
#2670=DIRECTION('',(1.E0,0.E0,0.E0));
#2671=AXIS2_PLACEMENT_3D('',#2668,#2669,#2670);
#2672=PLANE('',#2671);
#2674=ORIENTED_EDGE('',*,*,#2673,.F.);
#2675=ORIENTED_EDGE('',*,*,#2020,.F.);
#2677=ORIENTED_EDGE('',*,*,#2676,.T.);
#2678=ORIENTED_EDGE('',*,*,#2349,.T.);
#2679=EDGE_LOOP('',(#2674,#2675,#2677,#2678));
#2680=FACE_OUTER_BOUND('',#2679,.F.);
#2682=ORIENTED_EDGE('',*,*,#2681,.F.);
#2684=ORIENTED_EDGE('',*,*,#2683,.F.);
#2686=ORIENTED_EDGE('',*,*,#2685,.F.);
#2688=ORIENTED_EDGE('',*,*,#2687,.F.);
#2689=EDGE_LOOP('',(#2682,#2684,#2686,#2688));
#2690=FACE_BOUND('',#2689,.F.);
#2691=ADVANCED_FACE('',(#2680,#2690),#2672,.T.);
#2692=CARTESIAN_POINT('',(-1.1885E1,-1.585E0,-3.43E0));
#2693=DIRECTION('',(0.E0,-1.E0,0.E0));
#2694=DIRECTION('',(1.E0,0.E0,0.E0));
#2695=AXIS2_PLACEMENT_3D('',#2692,#2693,#2694);
#2696=PLANE('',#2695);
#2698=ORIENTED_EDGE('',*,*,#2697,.T.);
#2699=ORIENTED_EDGE('',*,*,#2333,.T.);
#2701=ORIENTED_EDGE('',*,*,#2700,.F.);
#2702=ORIENTED_EDGE('',*,*,#2036,.F.);
#2703=EDGE_LOOP('',(#2698,#2699,#2701,#2702));
#2704=FACE_OUTER_BOUND('',#2703,.F.);
#2705=ADVANCED_FACE('',(#2704),#2696,.T.);
#2706=CARTESIAN_POINT('',(-1.1885E1,-1.585E0,-3.43E0));
#2707=DIRECTION('',(0.E0,-1.E0,0.E0));
#2708=DIRECTION('',(1.E0,0.E0,0.E0));
#2709=AXIS2_PLACEMENT_3D('',#2706,#2707,#2708);
#2710=PLANE('',#2709);
#2711=ORIENTED_EDGE('',*,*,#2575,.F.);
#2712=ORIENTED_EDGE('',*,*,#2028,.F.);
#2714=ORIENTED_EDGE('',*,*,#2713,.T.);
#2715=ORIENTED_EDGE('',*,*,#2341,.T.);
#2716=EDGE_LOOP('',(#2711,#2712,#2714,#2715));
#2717=FACE_OUTER_BOUND('',#2716,.F.);
#2719=ORIENTED_EDGE('',*,*,#2718,.F.);
#2721=ORIENTED_EDGE('',*,*,#2720,.F.);
#2723=ORIENTED_EDGE('',*,*,#2722,.F.);
#2725=ORIENTED_EDGE('',*,*,#2724,.F.);
#2726=EDGE_LOOP('',(#2719,#2721,#2723,#2725));
#2727=FACE_BOUND('',#2726,.F.);
#2728=ADVANCED_FACE('',(#2717,#2727),#2710,.T.);
#2729=CARTESIAN_POINT('',(-1.0995E1,-1.205E0,3.47E0));
#2730=DIRECTION('',(-1.E0,0.E0,0.E0));
#2731=DIRECTION('',(0.E0,-1.E0,0.E0));
#2732=AXIS2_PLACEMENT_3D('',#2729,#2730,#2731);
#2733=PLANE('',#2732);
#2734=ORIENTED_EDGE('',*,*,#1990,.F.);
#2735=ORIENTED_EDGE('',*,*,#2587,.T.);
#2736=ORIENTED_EDGE('',*,*,#2379,.T.);
#2738=ORIENTED_EDGE('',*,*,#2737,.T.);
#2739=EDGE_LOOP('',(#2734,#2735,#2736,#2738));
#2740=FACE_OUTER_BOUND('',#2739,.F.);
#2741=ADVANCED_FACE('',(#2740),#2733,.F.);
#2742=CARTESIAN_POINT('',(-8.815E0,-1.205E0,3.47E0));
#2743=DIRECTION('',(0.E0,1.E0,0.E0));
#2744=DIRECTION('',(-1.E0,0.E0,0.E0));
#2745=AXIS2_PLACEMENT_3D('',#2742,#2743,#2744);
#2746=PLANE('',#2745);
#2747=ORIENTED_EDGE('',*,*,#1992,.T.);
#2748=ORIENTED_EDGE('',*,*,#2737,.F.);
#2749=ORIENTED_EDGE('',*,*,#2377,.F.);
#2751=ORIENTED_EDGE('',*,*,#2750,.T.);
#2752=EDGE_LOOP('',(#2747,#2748,#2749,#2751));
#2753=FACE_OUTER_BOUND('',#2752,.F.);
#2755=ORIENTED_EDGE('',*,*,#2754,.F.);
#2757=ORIENTED_EDGE('',*,*,#2756,.F.);
#2758=EDGE_LOOP('',(#2755,#2757));
#2759=FACE_BOUND('',#2758,.F.);
#2760=ADVANCED_FACE('',(#2753,#2759),#2746,.F.);
#2761=CARTESIAN_POINT('',(-8.815E0,-1.585E0,3.47E0));
#2762=DIRECTION('',(1.E0,0.E0,0.E0));
#2763=DIRECTION('',(0.E0,1.E0,0.E0));
#2764=AXIS2_PLACEMENT_3D('',#2761,#2762,#2763);
#2765=PLANE('',#2764);
#2766=ORIENTED_EDGE('',*,*,#1994,.T.);
#2767=ORIENTED_EDGE('',*,*,#2750,.F.);
#2768=ORIENTED_EDGE('',*,*,#2375,.F.);
#2769=ORIENTED_EDGE('',*,*,#2604,.F.);
#2770=EDGE_LOOP('',(#2766,#2767,#2768,#2769));
#2771=FACE_OUTER_BOUND('',#2770,.F.);
#2772=ADVANCED_FACE('',(#2771),#2765,.F.);
#2773=CARTESIAN_POINT('',(-9.905E0,-6.9875E0,0.E0));
#2774=DIRECTION('',(0.E0,1.E0,0.E0));
#2775=DIRECTION('',(1.E0,0.E0,0.E0));
#2776=AXIS2_PLACEMENT_3D('',#2773,#2774,#2775);
#2777=CYLINDRICAL_SURFACE('',#2776,5.7E-1);
#2779=ORIENTED_EDGE('',*,*,#2778,.F.);
#2781=ORIENTED_EDGE('',*,*,#2780,.T.);
#2783=ORIENTED_EDGE('',*,*,#2782,.T.);
#2785=ORIENTED_EDGE('',*,*,#2784,.F.);
#2786=EDGE_LOOP('',(#2779,#2781,#2783,#2785));
#2787=FACE_OUTER_BOUND('',#2786,.F.);
#2788=ADVANCED_FACE('',(#2787),#2777,.T.);
#2789=CARTESIAN_POINT('',(-9.905E0,-6.9875E0,0.E0));
#2790=DIRECTION('',(0.E0,1.E0,0.E0));
#2791=DIRECTION('',(1.E0,0.E0,0.E0));
#2792=AXIS2_PLACEMENT_3D('',#2789,#2790,#2791);
#2793=CYLINDRICAL_SURFACE('',#2792,5.7E-1);
#2794=ORIENTED_EDGE('',*,*,#2754,.T.);
#2796=ORIENTED_EDGE('',*,*,#2795,.F.);
#2798=ORIENTED_EDGE('',*,*,#2797,.F.);
#2800=ORIENTED_EDGE('',*,*,#2799,.T.);
#2801=EDGE_LOOP('',(#2794,#2796,#2798,#2800));
#2802=FACE_OUTER_BOUND('',#2801,.F.);
#2803=ADVANCED_FACE('',(#2802),#2793,.T.);
#2804=CARTESIAN_POINT('',(-1.0995E1,1.205E0,3.47E0));
#2805=DIRECTION('',(0.E0,-1.E0,0.E0));
#2806=DIRECTION('',(1.E0,0.E0,0.E0));
#2807=AXIS2_PLACEMENT_3D('',#2804,#2805,#2806);
#2808=PLANE('',#2807);
#2809=ORIENTED_EDGE('',*,*,#2257,.T.);
#2811=ORIENTED_EDGE('',*,*,#2810,.F.);
#2812=ORIENTED_EDGE('',*,*,#2388,.F.);
#2814=ORIENTED_EDGE('',*,*,#2813,.T.);
#2815=EDGE_LOOP('',(#2809,#2811,#2812,#2814));
#2816=FACE_OUTER_BOUND('',#2815,.F.);
#2817=ORIENTED_EDGE('',*,*,#2778,.T.);
#2819=ORIENTED_EDGE('',*,*,#2818,.T.);
#2820=EDGE_LOOP('',(#2817,#2819));
#2821=FACE_BOUND('',#2820,.F.);
#2822=ADVANCED_FACE('',(#2816,#2821),#2808,.F.);
#2823=CARTESIAN_POINT('',(-9.905E0,-6.9875E0,0.E0));
#2824=DIRECTION('',(0.E0,1.E0,0.E0));
#2825=DIRECTION('',(1.E0,0.E0,0.E0));
#2826=AXIS2_PLACEMENT_3D('',#2823,#2824,#2825);
#2827=CYLINDRICAL_SURFACE('',#2826,5.7E-1);
#2828=ORIENTED_EDGE('',*,*,#2818,.F.);
#2829=ORIENTED_EDGE('',*,*,#2784,.T.);
#2831=ORIENTED_EDGE('',*,*,#2830,.F.);
#2832=ORIENTED_EDGE('',*,*,#2780,.F.);
#2833=EDGE_LOOP('',(#2828,#2829,#2831,#2832));
#2834=FACE_OUTER_BOUND('',#2833,.F.);
#2835=ADVANCED_FACE('',(#2834),#2827,.T.);
#2836=CARTESIAN_POINT('',(-9.905E0,-6.9875E0,0.E0));
#2837=DIRECTION('',(0.E0,1.E0,0.E0));
#2838=DIRECTION('',(1.E0,0.E0,0.E0));
#2839=AXIS2_PLACEMENT_3D('',#2836,#2837,#2838);
#2840=CYLINDRICAL_SURFACE('',#2839,5.7E-1);
#2841=ORIENTED_EDGE('',*,*,#2756,.T.);
#2842=ORIENTED_EDGE('',*,*,#2799,.F.);
#2844=ORIENTED_EDGE('',*,*,#2843,.T.);
#2845=ORIENTED_EDGE('',*,*,#2795,.T.);
#2846=EDGE_LOOP('',(#2841,#2842,#2844,#2845));
#2847=FACE_OUTER_BOUND('',#2846,.F.);
#2848=ADVANCED_FACE('',(#2847),#2840,.T.);
#2849=CARTESIAN_POINT('',(-9.905E0,1.257E1,0.E0));
#2850=DIRECTION('',(0.E0,-1.E0,0.E0));
#2851=DIRECTION('',(-1.E0,0.E0,0.E0));
#2852=AXIS2_PLACEMENT_3D('',#2849,#2850,#2851);
#2853=CONICAL_SURFACE('',#2852,4.E-1,2.090798047101E1);
#2855=ORIENTED_EDGE('',*,*,#2854,.F.);
#2856=ORIENTED_EDGE('',*,*,#2830,.T.);
#2858=ORIENTED_EDGE('',*,*,#2857,.T.);
#2860=ORIENTED_EDGE('',*,*,#2859,.F.);
#2861=EDGE_LOOP('',(#2855,#2856,#2858,#2860));
#2862=FACE_OUTER_BOUND('',#2861,.F.);
#2863=ADVANCED_FACE('',(#2862),#2853,.T.);
#2864=CARTESIAN_POINT('',(-9.905E0,1.257E1,0.E0));
#2865=DIRECTION('',(0.E0,-1.E0,0.E0));
#2866=DIRECTION('',(-1.E0,0.E0,0.E0));
#2867=AXIS2_PLACEMENT_3D('',#2864,#2865,#2866);
#2868=CONICAL_SURFACE('',#2867,4.E-1,2.090798047101E1);
#2869=ORIENTED_EDGE('',*,*,#2854,.T.);
#2871=ORIENTED_EDGE('',*,*,#2870,.T.);
#2872=ORIENTED_EDGE('',*,*,#2857,.F.);
#2873=ORIENTED_EDGE('',*,*,#2782,.F.);
#2874=EDGE_LOOP('',(#2869,#2871,#2872,#2873));
#2875=FACE_OUTER_BOUND('',#2874,.F.);
#2876=ADVANCED_FACE('',(#2875),#2868,.T.);
#2877=CARTESIAN_POINT('',(-9.905E0,1.3015E1,0.E0));
#2878=DIRECTION('',(0.E0,1.E0,0.E0));
#2879=DIRECTION('',(1.E0,0.E0,0.E0));
#2880=AXIS2_PLACEMENT_3D('',#2877,#2878,#2879);
#2881=PLANE('',#2880);
#2882=ORIENTED_EDGE('',*,*,#2859,.T.);
#2883=ORIENTED_EDGE('',*,*,#2870,.F.);
#2884=EDGE_LOOP('',(#2882,#2883));
#2885=FACE_OUTER_BOUND('',#2884,.F.);
#2886=ADVANCED_FACE('',(#2885),#2881,.T.);
#2887=CARTESIAN_POINT('',(-9.905E0,-5.59E0,0.E0));
#2888=DIRECTION('',(0.E0,1.E0,0.E0));
#2889=DIRECTION('',(1.E0,0.E0,0.E0));
#2890=AXIS2_PLACEMENT_3D('',#2887,#2888,#2889);
#2891=CONICAL_SURFACE('',#2890,4.E-1,2.090798047101E1);
#2893=ORIENTED_EDGE('',*,*,#2892,.F.);
#2895=ORIENTED_EDGE('',*,*,#2894,.T.);
#2897=ORIENTED_EDGE('',*,*,#2896,.T.);
#2898=ORIENTED_EDGE('',*,*,#2843,.F.);
#2899=EDGE_LOOP('',(#2893,#2895,#2897,#2898));
#2900=FACE_OUTER_BOUND('',#2899,.F.);
#2901=ADVANCED_FACE('',(#2900),#2891,.T.);
#2902=CARTESIAN_POINT('',(-9.905E0,-5.59E0,0.E0));
#2903=DIRECTION('',(0.E0,1.E0,0.E0));
#2904=DIRECTION('',(1.E0,0.E0,0.E0));
#2905=AXIS2_PLACEMENT_3D('',#2902,#2903,#2904);
#2906=CONICAL_SURFACE('',#2905,4.E-1,2.090798047101E1);
#2907=ORIENTED_EDGE('',*,*,#2892,.T.);
#2908=ORIENTED_EDGE('',*,*,#2797,.T.);
#2909=ORIENTED_EDGE('',*,*,#2896,.F.);
#2911=ORIENTED_EDGE('',*,*,#2910,.F.);
#2912=EDGE_LOOP('',(#2907,#2908,#2909,#2911));
#2913=FACE_OUTER_BOUND('',#2912,.F.);
#2914=ADVANCED_FACE('',(#2913),#2906,.T.);
#2915=CARTESIAN_POINT('',(-9.905E0,-6.035E0,0.E0));
#2916=DIRECTION('',(0.E0,1.E0,0.E0));
#2917=DIRECTION('',(1.E0,0.E0,0.E0));
#2918=AXIS2_PLACEMENT_3D('',#2915,#2916,#2917);
#2919=PLANE('',#2918);
#2920=ORIENTED_EDGE('',*,*,#2894,.F.);
#2921=ORIENTED_EDGE('',*,*,#2910,.T.);
#2922=EDGE_LOOP('',(#2920,#2921));
#2923=FACE_OUTER_BOUND('',#2922,.F.);
#2924=ADVANCED_FACE('',(#2923),#2919,.F.);
#2925=CARTESIAN_POINT('',(-8.815E0,1.205E0,3.47E0));
#2926=DIRECTION('',(1.E0,0.E0,0.E0));
#2927=DIRECTION('',(0.E0,1.E0,0.E0));
#2928=AXIS2_PLACEMENT_3D('',#2925,#2926,#2927);
#2929=PLANE('',#2928);
#2930=ORIENTED_EDGE('',*,*,#2129,.T.);
#2931=ORIENTED_EDGE('',*,*,#2390,.T.);
#2932=ORIENTED_EDGE('',*,*,#2810,.T.);
#2933=ORIENTED_EDGE('',*,*,#2255,.T.);
#2934=EDGE_LOOP('',(#2930,#2931,#2932,#2933));
#2935=FACE_OUTER_BOUND('',#2934,.F.);
#2936=ADVANCED_FACE('',(#2935),#2929,.F.);
#2937=CARTESIAN_POINT('',(-1.0995E1,1.585E0,3.47E0));
#2938=DIRECTION('',(-1.E0,0.E0,0.E0));
#2939=DIRECTION('',(0.E0,-1.E0,0.E0));
#2940=AXIS2_PLACEMENT_3D('',#2937,#2938,#2939);
#2941=PLANE('',#2940);
#2942=ORIENTED_EDGE('',*,*,#2091,.F.);
#2943=ORIENTED_EDGE('',*,*,#2259,.T.);
#2944=ORIENTED_EDGE('',*,*,#2813,.F.);
#2945=ORIENTED_EDGE('',*,*,#2386,.F.);
#2946=EDGE_LOOP('',(#2942,#2943,#2944,#2945));
#2947=FACE_OUTER_BOUND('',#2946,.F.);
#2948=ADVANCED_FACE('',(#2947),#2941,.F.);
#2949=CARTESIAN_POINT('',(-1.1885E1,1.585E0,-3.43E0));
#2950=DIRECTION('',(-1.E0,0.E0,0.E0));
#2951=DIRECTION('',(0.E0,-1.E0,0.E0));
#2952=AXIS2_PLACEMENT_3D('',#2949,#2950,#2951);
#2953=PLANE('',#2952);
#2954=ORIENTED_EDGE('',*,*,#1986,.T.);
#2956=ORIENTED_EDGE('',*,*,#2955,.F.);
#2958=ORIENTED_EDGE('',*,*,#2957,.F.);
#2959=ORIENTED_EDGE('',*,*,#2262,.T.);
#2960=ORIENTED_EDGE('',*,*,#2087,.T.);
#2961=ORIENTED_EDGE('',*,*,#2383,.T.);
#2962=ORIENTED_EDGE('',*,*,#2590,.F.);
#2963=EDGE_LOOP('',(#2954,#2956,#2958,#2959,#2960,#2961,#2962));
#2964=FACE_OUTER_BOUND('',#2963,.F.);
#2965=ADVANCED_FACE('',(#2964),#2953,.T.);
#2966=CARTESIAN_POINT('',(1.1885E1,7.535E0,-3.43E0));
#2967=DIRECTION('',(0.E0,1.E0,0.E0));
#2968=DIRECTION('',(0.E0,0.E0,1.E0));
#2969=AXIS2_PLACEMENT_3D('',#2966,#2967,#2968);
#2970=PLANE('',#2969);
#2971=ORIENTED_EDGE('',*,*,#2061,.T.);
#2973=ORIENTED_EDGE('',*,*,#2972,.F.);
#2974=ORIENTED_EDGE('',*,*,#2955,.T.);
#2975=ORIENTED_EDGE('',*,*,#1984,.T.);
#2976=EDGE_LOOP('',(#2971,#2973,#2974,#2975));
#2977=FACE_OUTER_BOUND('',#2976,.F.);
#2978=ADVANCED_FACE('',(#2977),#2970,.T.);
#2979=CARTESIAN_POINT('',(1.1885E1,7.535E0,-3.43E0));
#2980=DIRECTION('',(0.E0,1.E0,0.E0));
#2981=DIRECTION('',(0.E0,0.E0,1.E0));
#2982=AXIS2_PLACEMENT_3D('',#2979,#2980,#2981);
#2983=PLANE('',#2982);
#2985=ORIENTED_EDGE('',*,*,#2984,.F.);
#2986=ORIENTED_EDGE('',*,*,#2040,.T.);
#2988=ORIENTED_EDGE('',*,*,#2987,.T.);
#2990=ORIENTED_EDGE('',*,*,#2989,.F.);
#2991=EDGE_LOOP('',(#2985,#2986,#2988,#2990));
#2992=FACE_OUTER_BOUND('',#2991,.F.);
#2993=ADVANCED_FACE('',(#2992),#2983,.T.);
#2994=CARTESIAN_POINT('',(1.1885E1,7.535E0,-2.83E0));
#2995=DIRECTION('',(0.E0,5.E-1,8.660254037844E-1));
#2996=DIRECTION('',(0.E0,-8.660254037844E-1,5.E-1));
#2997=AXIS2_PLACEMENT_3D('',#2994,#2995,#2996);
#2998=PLANE('',#2997);
#2999=ORIENTED_EDGE('',*,*,#2059,.T.);
#3000=ORIENTED_EDGE('',*,*,#2264,.F.);
#3001=ORIENTED_EDGE('',*,*,#2957,.T.);
#3002=ORIENTED_EDGE('',*,*,#2972,.T.);
#3003=EDGE_LOOP('',(#2999,#3000,#3001,#3002));
#3004=FACE_OUTER_BOUND('',#3003,.F.);
#3005=ADVANCED_FACE('',(#3004),#2998,.T.);
#3006=CARTESIAN_POINT('',(1.1885E1,7.535E0,-2.83E0));
#3007=DIRECTION('',(0.E0,5.E-1,8.660254037844E-1));
#3008=DIRECTION('',(0.E0,-8.660254037844E-1,5.E-1));
#3009=AXIS2_PLACEMENT_3D('',#3006,#3007,#3008);
#3010=PLANE('',#3009);
#3012=ORIENTED_EDGE('',*,*,#3011,.F.);
#3013=ORIENTED_EDGE('',*,*,#2989,.T.);
#3015=ORIENTED_EDGE('',*,*,#3014,.T.);
#3016=ORIENTED_EDGE('',*,*,#2276,.F.);
#3017=EDGE_LOOP('',(#3012,#3013,#3015,#3016));
#3018=FACE_OUTER_BOUND('',#3017,.F.);
#3019=ADVANCED_FACE('',(#3018),#3010,.T.);
#3020=CARTESIAN_POINT('',(5.05E-1,1.585E0,-2.45E0));
#3021=DIRECTION('',(1.E0,0.E0,0.E0));
#3022=DIRECTION('',(0.E0,1.E0,0.E0));
#3023=AXIS2_PLACEMENT_3D('',#3020,#3021,#3022);
#3024=PLANE('',#3023);
#3025=ORIENTED_EDGE('',*,*,#2042,.F.);
#3026=ORIENTED_EDGE('',*,*,#2984,.T.);
#3027=ORIENTED_EDGE('',*,*,#3011,.T.);
#3028=ORIENTED_EDGE('',*,*,#2274,.T.);
#3029=ORIENTED_EDGE('',*,*,#2211,.T.);
#3030=EDGE_LOOP('',(#3025,#3026,#3027,#3028,#3029));
#3031=FACE_OUTER_BOUND('',#3030,.F.);
#3032=ADVANCED_FACE('',(#3031),#3024,.F.);
#3033=CARTESIAN_POINT('',(1.1885E1,-1.585E0,-3.43E0));
#3034=DIRECTION('',(1.E0,0.E0,0.E0));
#3035=DIRECTION('',(0.E0,1.E0,0.E0));
#3036=AXIS2_PLACEMENT_3D('',#3033,#3034,#3035);
#3037=PLANE('',#3036);
#3038=ORIENTED_EDGE('',*,*,#2073,.F.);
#3039=ORIENTED_EDGE('',*,*,#2278,.F.);
#3040=ORIENTED_EDGE('',*,*,#3014,.F.);
#3041=ORIENTED_EDGE('',*,*,#2987,.F.);
#3042=ORIENTED_EDGE('',*,*,#2038,.F.);
#3043=ORIENTED_EDGE('',*,*,#2700,.T.);
#3044=ORIENTED_EDGE('',*,*,#2331,.T.);
#3045=EDGE_LOOP('',(#3038,#3039,#3040,#3041,#3042,#3043,#3044));
#3046=FACE_OUTER_BOUND('',#3045,.F.);
#3047=ADVANCED_FACE('',(#3046),#3037,.T.);
#3048=CARTESIAN_POINT('',(-7.035E0,-1.205E0,3.47E0));
#3049=DIRECTION('',(-1.E0,0.E0,0.E0));
#3050=DIRECTION('',(0.E0,-1.E0,0.E0));
#3051=AXIS2_PLACEMENT_3D('',#3048,#3049,#3050);
#3052=PLANE('',#3051);
#3053=ORIENTED_EDGE('',*,*,#1998,.F.);
#3054=ORIENTED_EDGE('',*,*,#2601,.T.);
#3055=ORIENTED_EDGE('',*,*,#2371,.T.);
#3057=ORIENTED_EDGE('',*,*,#3056,.T.);
#3058=EDGE_LOOP('',(#3053,#3054,#3055,#3057));
#3059=FACE_OUTER_BOUND('',#3058,.F.);
#3060=ADVANCED_FACE('',(#3059),#3052,.F.);
#3061=CARTESIAN_POINT('',(-4.855E0,-1.205E0,3.47E0));
#3062=DIRECTION('',(0.E0,1.E0,0.E0));
#3063=DIRECTION('',(-1.E0,0.E0,0.E0));
#3064=AXIS2_PLACEMENT_3D('',#3061,#3062,#3063);
#3065=PLANE('',#3064);
#3066=ORIENTED_EDGE('',*,*,#2000,.T.);
#3067=ORIENTED_EDGE('',*,*,#3056,.F.);
#3068=ORIENTED_EDGE('',*,*,#2369,.F.);
#3070=ORIENTED_EDGE('',*,*,#3069,.T.);
#3071=EDGE_LOOP('',(#3066,#3067,#3068,#3070));
#3072=FACE_OUTER_BOUND('',#3071,.F.);
#3074=ORIENTED_EDGE('',*,*,#3073,.F.);
#3076=ORIENTED_EDGE('',*,*,#3075,.F.);
#3077=EDGE_LOOP('',(#3074,#3076));
#3078=FACE_BOUND('',#3077,.F.);
#3079=ADVANCED_FACE('',(#3072,#3078),#3065,.F.);
#3080=CARTESIAN_POINT('',(-4.855E0,-1.585E0,3.47E0));
#3081=DIRECTION('',(1.E0,0.E0,0.E0));
#3082=DIRECTION('',(0.E0,1.E0,0.E0));
#3083=AXIS2_PLACEMENT_3D('',#3080,#3081,#3082);
#3084=PLANE('',#3083);
#3085=ORIENTED_EDGE('',*,*,#2002,.T.);
#3086=ORIENTED_EDGE('',*,*,#3069,.F.);
#3087=ORIENTED_EDGE('',*,*,#2367,.F.);
#3088=ORIENTED_EDGE('',*,*,#2628,.F.);
#3089=EDGE_LOOP('',(#3085,#3086,#3087,#3088));
#3090=FACE_OUTER_BOUND('',#3089,.F.);
#3091=ADVANCED_FACE('',(#3090),#3084,.F.);
#3092=CARTESIAN_POINT('',(-5.945E0,-6.9875E0,0.E0));
#3093=DIRECTION('',(0.E0,1.E0,0.E0));
#3094=DIRECTION('',(1.E0,0.E0,0.E0));
#3095=AXIS2_PLACEMENT_3D('',#3092,#3093,#3094);
#3096=CYLINDRICAL_SURFACE('',#3095,5.7E-1);
#3098=ORIENTED_EDGE('',*,*,#3097,.F.);
#3100=ORIENTED_EDGE('',*,*,#3099,.T.);
#3102=ORIENTED_EDGE('',*,*,#3101,.T.);
#3104=ORIENTED_EDGE('',*,*,#3103,.F.);
#3105=EDGE_LOOP('',(#3098,#3100,#3102,#3104));
#3106=FACE_OUTER_BOUND('',#3105,.F.);
#3107=ADVANCED_FACE('',(#3106),#3096,.T.);
#3108=CARTESIAN_POINT('',(-5.945E0,-6.9875E0,0.E0));
#3109=DIRECTION('',(0.E0,1.E0,0.E0));
#3110=DIRECTION('',(1.E0,0.E0,0.E0));
#3111=AXIS2_PLACEMENT_3D('',#3108,#3109,#3110);
#3112=CYLINDRICAL_SURFACE('',#3111,5.7E-1);
#3113=ORIENTED_EDGE('',*,*,#3073,.T.);
#3115=ORIENTED_EDGE('',*,*,#3114,.F.);
#3117=ORIENTED_EDGE('',*,*,#3116,.F.);
#3119=ORIENTED_EDGE('',*,*,#3118,.T.);
#3120=EDGE_LOOP('',(#3113,#3115,#3117,#3119));
#3121=FACE_OUTER_BOUND('',#3120,.F.);
#3122=ADVANCED_FACE('',(#3121),#3112,.T.);
#3123=CARTESIAN_POINT('',(-7.035E0,1.205E0,3.47E0));
#3124=DIRECTION('',(0.E0,-1.E0,0.E0));
#3125=DIRECTION('',(1.E0,0.E0,0.E0));
#3126=AXIS2_PLACEMENT_3D('',#3123,#3124,#3125);
#3127=PLANE('',#3126);
#3128=ORIENTED_EDGE('',*,*,#2250,.T.);
#3130=ORIENTED_EDGE('',*,*,#3129,.F.);
#3131=ORIENTED_EDGE('',*,*,#2395,.F.);
#3133=ORIENTED_EDGE('',*,*,#3132,.T.);
#3134=EDGE_LOOP('',(#3128,#3130,#3131,#3133));
#3135=FACE_OUTER_BOUND('',#3134,.F.);
#3136=ORIENTED_EDGE('',*,*,#3097,.T.);
#3138=ORIENTED_EDGE('',*,*,#3137,.T.);
#3139=EDGE_LOOP('',(#3136,#3138));
#3140=FACE_BOUND('',#3139,.F.);
#3141=ADVANCED_FACE('',(#3135,#3140),#3127,.F.);
#3142=CARTESIAN_POINT('',(-5.945E0,-6.9875E0,0.E0));
#3143=DIRECTION('',(0.E0,1.E0,0.E0));
#3144=DIRECTION('',(1.E0,0.E0,0.E0));
#3145=AXIS2_PLACEMENT_3D('',#3142,#3143,#3144);
#3146=CYLINDRICAL_SURFACE('',#3145,5.7E-1);
#3147=ORIENTED_EDGE('',*,*,#3137,.F.);
#3148=ORIENTED_EDGE('',*,*,#3103,.T.);
#3150=ORIENTED_EDGE('',*,*,#3149,.F.);
#3151=ORIENTED_EDGE('',*,*,#3099,.F.);
#3152=EDGE_LOOP('',(#3147,#3148,#3150,#3151));
#3153=FACE_OUTER_BOUND('',#3152,.F.);
#3154=ADVANCED_FACE('',(#3153),#3146,.T.);
#3155=CARTESIAN_POINT('',(-5.945E0,-6.9875E0,0.E0));
#3156=DIRECTION('',(0.E0,1.E0,0.E0));
#3157=DIRECTION('',(1.E0,0.E0,0.E0));
#3158=AXIS2_PLACEMENT_3D('',#3155,#3156,#3157);
#3159=CYLINDRICAL_SURFACE('',#3158,5.7E-1);
#3160=ORIENTED_EDGE('',*,*,#3075,.T.);
#3161=ORIENTED_EDGE('',*,*,#3118,.F.);
#3163=ORIENTED_EDGE('',*,*,#3162,.T.);
#3164=ORIENTED_EDGE('',*,*,#3114,.T.);
#3165=EDGE_LOOP('',(#3160,#3161,#3163,#3164));
#3166=FACE_OUTER_BOUND('',#3165,.F.);
#3167=ADVANCED_FACE('',(#3166),#3159,.T.);
#3168=CARTESIAN_POINT('',(-5.945E0,1.257E1,0.E0));
#3169=DIRECTION('',(0.E0,-1.E0,0.E0));
#3170=DIRECTION('',(-1.E0,0.E0,0.E0));
#3171=AXIS2_PLACEMENT_3D('',#3168,#3169,#3170);
#3172=CONICAL_SURFACE('',#3171,4.E-1,2.090798047101E1);
#3174=ORIENTED_EDGE('',*,*,#3173,.F.);
#3175=ORIENTED_EDGE('',*,*,#3149,.T.);
#3177=ORIENTED_EDGE('',*,*,#3176,.T.);
#3179=ORIENTED_EDGE('',*,*,#3178,.F.);
#3180=EDGE_LOOP('',(#3174,#3175,#3177,#3179));
#3181=FACE_OUTER_BOUND('',#3180,.F.);
#3182=ADVANCED_FACE('',(#3181),#3172,.T.);
#3183=CARTESIAN_POINT('',(-5.945E0,1.257E1,0.E0));
#3184=DIRECTION('',(0.E0,-1.E0,0.E0));
#3185=DIRECTION('',(-1.E0,0.E0,0.E0));
#3186=AXIS2_PLACEMENT_3D('',#3183,#3184,#3185);
#3187=CONICAL_SURFACE('',#3186,4.E-1,2.090798047101E1);
#3188=ORIENTED_EDGE('',*,*,#3173,.T.);
#3190=ORIENTED_EDGE('',*,*,#3189,.T.);
#3191=ORIENTED_EDGE('',*,*,#3176,.F.);
#3192=ORIENTED_EDGE('',*,*,#3101,.F.);
#3193=EDGE_LOOP('',(#3188,#3190,#3191,#3192));
#3194=FACE_OUTER_BOUND('',#3193,.F.);
#3195=ADVANCED_FACE('',(#3194),#3187,.T.);
#3196=CARTESIAN_POINT('',(-5.945E0,1.3015E1,0.E0));
#3197=DIRECTION('',(0.E0,1.E0,0.E0));
#3198=DIRECTION('',(1.E0,0.E0,0.E0));
#3199=AXIS2_PLACEMENT_3D('',#3196,#3197,#3198);
#3200=PLANE('',#3199);
#3201=ORIENTED_EDGE('',*,*,#3178,.T.);
#3202=ORIENTED_EDGE('',*,*,#3189,.F.);
#3203=EDGE_LOOP('',(#3201,#3202));
#3204=FACE_OUTER_BOUND('',#3203,.F.);
#3205=ADVANCED_FACE('',(#3204),#3200,.T.);
#3206=CARTESIAN_POINT('',(-5.945E0,-5.59E0,0.E0));
#3207=DIRECTION('',(0.E0,1.E0,0.E0));
#3208=DIRECTION('',(1.E0,0.E0,0.E0));
#3209=AXIS2_PLACEMENT_3D('',#3206,#3207,#3208);
#3210=CONICAL_SURFACE('',#3209,4.E-1,2.090798047101E1);
#3212=ORIENTED_EDGE('',*,*,#3211,.F.);
#3214=ORIENTED_EDGE('',*,*,#3213,.T.);
#3216=ORIENTED_EDGE('',*,*,#3215,.T.);
#3217=ORIENTED_EDGE('',*,*,#3162,.F.);
#3218=EDGE_LOOP('',(#3212,#3214,#3216,#3217));
#3219=FACE_OUTER_BOUND('',#3218,.F.);
#3220=ADVANCED_FACE('',(#3219),#3210,.T.);
#3221=CARTESIAN_POINT('',(-5.945E0,-5.59E0,0.E0));
#3222=DIRECTION('',(0.E0,1.E0,0.E0));
#3223=DIRECTION('',(1.E0,0.E0,0.E0));
#3224=AXIS2_PLACEMENT_3D('',#3221,#3222,#3223);
#3225=CONICAL_SURFACE('',#3224,4.E-1,2.090798047101E1);
#3226=ORIENTED_EDGE('',*,*,#3211,.T.);
#3227=ORIENTED_EDGE('',*,*,#3116,.T.);
#3228=ORIENTED_EDGE('',*,*,#3215,.F.);
#3230=ORIENTED_EDGE('',*,*,#3229,.F.);
#3231=EDGE_LOOP('',(#3226,#3227,#3228,#3230));
#3232=FACE_OUTER_BOUND('',#3231,.F.);
#3233=ADVANCED_FACE('',(#3232),#3225,.T.);
#3234=CARTESIAN_POINT('',(-5.945E0,-6.035E0,0.E0));
#3235=DIRECTION('',(0.E0,1.E0,0.E0));
#3236=DIRECTION('',(1.E0,0.E0,0.E0));
#3237=AXIS2_PLACEMENT_3D('',#3234,#3235,#3236);
#3238=PLANE('',#3237);
#3239=ORIENTED_EDGE('',*,*,#3213,.F.);
#3240=ORIENTED_EDGE('',*,*,#3229,.T.);
#3241=EDGE_LOOP('',(#3239,#3240));
#3242=FACE_OUTER_BOUND('',#3241,.F.);
#3243=ADVANCED_FACE('',(#3242),#3238,.F.);
#3244=CARTESIAN_POINT('',(-4.855E0,1.205E0,3.47E0));
#3245=DIRECTION('',(1.E0,0.E0,0.E0));
#3246=DIRECTION('',(0.E0,1.E0,0.E0));
#3247=AXIS2_PLACEMENT_3D('',#3244,#3245,#3246);
#3248=PLANE('',#3247);
#3249=ORIENTED_EDGE('',*,*,#2248,.T.);
#3250=ORIENTED_EDGE('',*,*,#2187,.T.);
#3251=ORIENTED_EDGE('',*,*,#2397,.T.);
#3252=ORIENTED_EDGE('',*,*,#3129,.T.);
#3253=EDGE_LOOP('',(#3249,#3250,#3251,#3252));
#3254=FACE_OUTER_BOUND('',#3253,.F.);
#3255=ADVANCED_FACE('',(#3254),#3248,.F.);
#3256=CARTESIAN_POINT('',(-7.035E0,1.585E0,3.47E0));
#3257=DIRECTION('',(-1.E0,0.E0,0.E0));
#3258=DIRECTION('',(0.E0,-1.E0,0.E0));
#3259=AXIS2_PLACEMENT_3D('',#3256,#3257,#3258);
#3260=PLANE('',#3259);
#3261=ORIENTED_EDGE('',*,*,#2252,.T.);
#3262=ORIENTED_EDGE('',*,*,#3132,.F.);
#3263=ORIENTED_EDGE('',*,*,#2393,.F.);
#3264=ORIENTED_EDGE('',*,*,#2133,.F.);
#3265=EDGE_LOOP('',(#3261,#3262,#3263,#3264));
#3266=FACE_OUTER_BOUND('',#3265,.F.);
#3267=ADVANCED_FACE('',(#3266),#3260,.F.);
#3268=CARTESIAN_POINT('',(-3.075E0,-1.205E0,3.47E0));
#3269=DIRECTION('',(-1.E0,0.E0,0.E0));
#3270=DIRECTION('',(0.E0,-1.E0,0.E0));
#3271=AXIS2_PLACEMENT_3D('',#3268,#3269,#3270);
#3272=PLANE('',#3271);
#3273=ORIENTED_EDGE('',*,*,#2006,.F.);
#3274=ORIENTED_EDGE('',*,*,#2625,.T.);
#3275=ORIENTED_EDGE('',*,*,#2363,.T.);
#3277=ORIENTED_EDGE('',*,*,#3276,.T.);
#3278=EDGE_LOOP('',(#3273,#3274,#3275,#3277));
#3279=FACE_OUTER_BOUND('',#3278,.F.);
#3280=ADVANCED_FACE('',(#3279),#3272,.F.);
#3281=CARTESIAN_POINT('',(-8.95E-1,-1.205E0,3.47E0));
#3282=DIRECTION('',(0.E0,1.E0,0.E0));
#3283=DIRECTION('',(-1.E0,0.E0,0.E0));
#3284=AXIS2_PLACEMENT_3D('',#3281,#3282,#3283);
#3285=PLANE('',#3284);
#3286=ORIENTED_EDGE('',*,*,#2008,.T.);
#3287=ORIENTED_EDGE('',*,*,#3276,.F.);
#3288=ORIENTED_EDGE('',*,*,#2361,.F.);
#3290=ORIENTED_EDGE('',*,*,#3289,.T.);
#3291=EDGE_LOOP('',(#3286,#3287,#3288,#3290));
#3292=FACE_OUTER_BOUND('',#3291,.F.);
#3294=ORIENTED_EDGE('',*,*,#3293,.F.);
#3296=ORIENTED_EDGE('',*,*,#3295,.F.);
#3297=EDGE_LOOP('',(#3294,#3296));
#3298=FACE_BOUND('',#3297,.F.);
#3299=ADVANCED_FACE('',(#3292,#3298),#3285,.F.);
#3300=CARTESIAN_POINT('',(-8.95E-1,-1.585E0,3.47E0));
#3301=DIRECTION('',(1.E0,0.E0,0.E0));
#3302=DIRECTION('',(0.E0,1.E0,0.E0));
#3303=AXIS2_PLACEMENT_3D('',#3300,#3301,#3302);
#3304=PLANE('',#3303);
#3305=ORIENTED_EDGE('',*,*,#2010,.T.);
#3306=ORIENTED_EDGE('',*,*,#3289,.F.);
#3307=ORIENTED_EDGE('',*,*,#2359,.F.);
#3308=ORIENTED_EDGE('',*,*,#2652,.F.);
#3309=EDGE_LOOP('',(#3305,#3306,#3307,#3308));
#3310=FACE_OUTER_BOUND('',#3309,.F.);
#3311=ADVANCED_FACE('',(#3310),#3304,.F.);
#3312=CARTESIAN_POINT('',(-1.985E0,-6.9875E0,0.E0));
#3313=DIRECTION('',(0.E0,1.E0,0.E0));
#3314=DIRECTION('',(1.E0,0.E0,0.E0));
#3315=AXIS2_PLACEMENT_3D('',#3312,#3313,#3314);
#3316=CYLINDRICAL_SURFACE('',#3315,5.7E-1);
#3318=ORIENTED_EDGE('',*,*,#3317,.F.);
#3320=ORIENTED_EDGE('',*,*,#3319,.T.);
#3322=ORIENTED_EDGE('',*,*,#3321,.T.);
#3324=ORIENTED_EDGE('',*,*,#3323,.F.);
#3325=EDGE_LOOP('',(#3318,#3320,#3322,#3324));
#3326=FACE_OUTER_BOUND('',#3325,.F.);
#3327=ADVANCED_FACE('',(#3326),#3316,.T.);
#3328=CARTESIAN_POINT('',(-1.985E0,-6.9875E0,0.E0));
#3329=DIRECTION('',(0.E0,1.E0,0.E0));
#3330=DIRECTION('',(1.E0,0.E0,0.E0));
#3331=AXIS2_PLACEMENT_3D('',#3328,#3329,#3330);
#3332=CYLINDRICAL_SURFACE('',#3331,5.7E-1);
#3333=ORIENTED_EDGE('',*,*,#3293,.T.);
#3335=ORIENTED_EDGE('',*,*,#3334,.F.);
#3337=ORIENTED_EDGE('',*,*,#3336,.F.);
#3339=ORIENTED_EDGE('',*,*,#3338,.T.);
#3340=EDGE_LOOP('',(#3333,#3335,#3337,#3339));
#3341=FACE_OUTER_BOUND('',#3340,.F.);
#3342=ADVANCED_FACE('',(#3341),#3332,.T.);
#3343=CARTESIAN_POINT('',(-3.075E0,1.205E0,3.47E0));
#3344=DIRECTION('',(0.E0,-1.E0,0.E0));
#3345=DIRECTION('',(1.E0,0.E0,0.E0));
#3346=AXIS2_PLACEMENT_3D('',#3343,#3344,#3345);
#3347=PLANE('',#3346);
#3348=ORIENTED_EDGE('',*,*,#2243,.T.);
#3349=ORIENTED_EDGE('',*,*,#2314,.F.);
#3350=ORIENTED_EDGE('',*,*,#2402,.F.);
#3352=ORIENTED_EDGE('',*,*,#3351,.T.);
#3353=EDGE_LOOP('',(#3348,#3349,#3350,#3352));
#3354=FACE_OUTER_BOUND('',#3353,.F.);
#3355=ORIENTED_EDGE('',*,*,#3317,.T.);
#3357=ORIENTED_EDGE('',*,*,#3356,.T.);
#3358=EDGE_LOOP('',(#3355,#3357));
#3359=FACE_BOUND('',#3358,.F.);
#3360=ADVANCED_FACE('',(#3354,#3359),#3347,.F.);
#3361=CARTESIAN_POINT('',(-1.985E0,-6.9875E0,0.E0));
#3362=DIRECTION('',(0.E0,1.E0,0.E0));
#3363=DIRECTION('',(1.E0,0.E0,0.E0));
#3364=AXIS2_PLACEMENT_3D('',#3361,#3362,#3363);
#3365=CYLINDRICAL_SURFACE('',#3364,5.7E-1);
#3366=ORIENTED_EDGE('',*,*,#3356,.F.);
#3367=ORIENTED_EDGE('',*,*,#3323,.T.);
#3369=ORIENTED_EDGE('',*,*,#3368,.F.);
#3370=ORIENTED_EDGE('',*,*,#3319,.F.);
#3371=EDGE_LOOP('',(#3366,#3367,#3369,#3370));
#3372=FACE_OUTER_BOUND('',#3371,.F.);
#3373=ADVANCED_FACE('',(#3372),#3365,.T.);
#3374=CARTESIAN_POINT('',(-1.985E0,-6.9875E0,0.E0));
#3375=DIRECTION('',(0.E0,1.E0,0.E0));
#3376=DIRECTION('',(1.E0,0.E0,0.E0));
#3377=AXIS2_PLACEMENT_3D('',#3374,#3375,#3376);
#3378=CYLINDRICAL_SURFACE('',#3377,5.7E-1);
#3379=ORIENTED_EDGE('',*,*,#3295,.T.);
#3380=ORIENTED_EDGE('',*,*,#3338,.F.);
#3382=ORIENTED_EDGE('',*,*,#3381,.T.);
#3383=ORIENTED_EDGE('',*,*,#3334,.T.);
#3384=EDGE_LOOP('',(#3379,#3380,#3382,#3383));
#3385=FACE_OUTER_BOUND('',#3384,.F.);
#3386=ADVANCED_FACE('',(#3385),#3378,.T.);
#3387=CARTESIAN_POINT('',(-1.985E0,1.257E1,0.E0));
#3388=DIRECTION('',(0.E0,-1.E0,0.E0));
#3389=DIRECTION('',(-1.E0,0.E0,0.E0));
#3390=AXIS2_PLACEMENT_3D('',#3387,#3388,#3389);
#3391=CONICAL_SURFACE('',#3390,4.E-1,2.090798047101E1);
#3393=ORIENTED_EDGE('',*,*,#3392,.F.);
#3394=ORIENTED_EDGE('',*,*,#3368,.T.);
#3396=ORIENTED_EDGE('',*,*,#3395,.T.);
#3398=ORIENTED_EDGE('',*,*,#3397,.F.);
#3399=EDGE_LOOP('',(#3393,#3394,#3396,#3398));
#3400=FACE_OUTER_BOUND('',#3399,.F.);
#3401=ADVANCED_FACE('',(#3400),#3391,.T.);
#3402=CARTESIAN_POINT('',(-1.985E0,1.257E1,0.E0));
#3403=DIRECTION('',(0.E0,-1.E0,0.E0));
#3404=DIRECTION('',(-1.E0,0.E0,0.E0));
#3405=AXIS2_PLACEMENT_3D('',#3402,#3403,#3404);
#3406=CONICAL_SURFACE('',#3405,4.E-1,2.090798047101E1);
#3407=ORIENTED_EDGE('',*,*,#3392,.T.);
#3409=ORIENTED_EDGE('',*,*,#3408,.T.);
#3410=ORIENTED_EDGE('',*,*,#3395,.F.);
#3411=ORIENTED_EDGE('',*,*,#3321,.F.);
#3412=EDGE_LOOP('',(#3407,#3409,#3410,#3411));
#3413=FACE_OUTER_BOUND('',#3412,.F.);
#3414=ADVANCED_FACE('',(#3413),#3406,.T.);
#3415=CARTESIAN_POINT('',(-1.985E0,1.3015E1,0.E0));
#3416=DIRECTION('',(0.E0,1.E0,0.E0));
#3417=DIRECTION('',(1.E0,0.E0,0.E0));
#3418=AXIS2_PLACEMENT_3D('',#3415,#3416,#3417);
#3419=PLANE('',#3418);
#3420=ORIENTED_EDGE('',*,*,#3397,.T.);
#3421=ORIENTED_EDGE('',*,*,#3408,.F.);
#3422=EDGE_LOOP('',(#3420,#3421));
#3423=FACE_OUTER_BOUND('',#3422,.F.);
#3424=ADVANCED_FACE('',(#3423),#3419,.T.);
#3425=CARTESIAN_POINT('',(-1.985E0,-5.59E0,0.E0));
#3426=DIRECTION('',(0.E0,1.E0,0.E0));
#3427=DIRECTION('',(1.E0,0.E0,0.E0));
#3428=AXIS2_PLACEMENT_3D('',#3425,#3426,#3427);
#3429=CONICAL_SURFACE('',#3428,4.E-1,2.090798047101E1);
#3431=ORIENTED_EDGE('',*,*,#3430,.F.);
#3433=ORIENTED_EDGE('',*,*,#3432,.T.);
#3435=ORIENTED_EDGE('',*,*,#3434,.T.);
#3436=ORIENTED_EDGE('',*,*,#3381,.F.);
#3437=EDGE_LOOP('',(#3431,#3433,#3435,#3436));
#3438=FACE_OUTER_BOUND('',#3437,.F.);
#3439=ADVANCED_FACE('',(#3438),#3429,.T.);
#3440=CARTESIAN_POINT('',(-1.985E0,-5.59E0,0.E0));
#3441=DIRECTION('',(0.E0,1.E0,0.E0));
#3442=DIRECTION('',(1.E0,0.E0,0.E0));
#3443=AXIS2_PLACEMENT_3D('',#3440,#3441,#3442);
#3444=CONICAL_SURFACE('',#3443,4.E-1,2.090798047101E1);
#3445=ORIENTED_EDGE('',*,*,#3430,.T.);
#3446=ORIENTED_EDGE('',*,*,#3336,.T.);
#3447=ORIENTED_EDGE('',*,*,#3434,.F.);
#3449=ORIENTED_EDGE('',*,*,#3448,.F.);
#3450=EDGE_LOOP('',(#3445,#3446,#3447,#3449));
#3451=FACE_OUTER_BOUND('',#3450,.F.);
#3452=ADVANCED_FACE('',(#3451),#3444,.T.);
#3453=CARTESIAN_POINT('',(-1.985E0,-6.035E0,0.E0));
#3454=DIRECTION('',(0.E0,1.E0,0.E0));
#3455=DIRECTION('',(1.E0,0.E0,0.E0));
#3456=AXIS2_PLACEMENT_3D('',#3453,#3454,#3455);
#3457=PLANE('',#3456);
#3458=ORIENTED_EDGE('',*,*,#3432,.F.);
#3459=ORIENTED_EDGE('',*,*,#3448,.T.);
#3460=EDGE_LOOP('',(#3458,#3459));
#3461=FACE_OUTER_BOUND('',#3460,.F.);
#3462=ADVANCED_FACE('',(#3461),#3457,.F.);
#3463=CARTESIAN_POINT('',(-3.075E0,1.585E0,3.47E0));
#3464=DIRECTION('',(-1.E0,0.E0,0.E0));
#3465=DIRECTION('',(0.E0,-1.E0,0.E0));
#3466=AXIS2_PLACEMENT_3D('',#3463,#3464,#3465);
#3467=PLANE('',#3466);
#3468=ORIENTED_EDGE('',*,*,#2245,.T.);
#3469=ORIENTED_EDGE('',*,*,#3351,.F.);
#3470=ORIENTED_EDGE('',*,*,#2400,.F.);
#3471=ORIENTED_EDGE('',*,*,#2183,.F.);
#3472=EDGE_LOOP('',(#3468,#3469,#3470,#3471));
#3473=FACE_OUTER_BOUND('',#3472,.F.);
#3474=ADVANCED_FACE('',(#3473),#3467,.F.);
#3475=CARTESIAN_POINT('',(8.85E-1,-1.205E0,3.47E0));
#3476=DIRECTION('',(-1.E0,0.E0,0.E0));
#3477=DIRECTION('',(0.E0,-1.E0,0.E0));
#3478=AXIS2_PLACEMENT_3D('',#3475,#3476,#3477);
#3479=PLANE('',#3478);
#3480=ORIENTED_EDGE('',*,*,#2014,.F.);
#3481=ORIENTED_EDGE('',*,*,#2649,.T.);
#3482=ORIENTED_EDGE('',*,*,#2355,.T.);
#3484=ORIENTED_EDGE('',*,*,#3483,.T.);
#3485=EDGE_LOOP('',(#3480,#3481,#3482,#3484));
#3486=FACE_OUTER_BOUND('',#3485,.F.);
#3487=ADVANCED_FACE('',(#3486),#3479,.F.);
#3488=CARTESIAN_POINT('',(3.065E0,-1.205E0,3.47E0));
#3489=DIRECTION('',(0.E0,1.E0,0.E0));
#3490=DIRECTION('',(-1.E0,0.E0,0.E0));
#3491=AXIS2_PLACEMENT_3D('',#3488,#3489,#3490);
#3492=PLANE('',#3491);
#3493=ORIENTED_EDGE('',*,*,#2016,.T.);
#3494=ORIENTED_EDGE('',*,*,#3483,.F.);
#3495=ORIENTED_EDGE('',*,*,#2353,.F.);
#3497=ORIENTED_EDGE('',*,*,#3496,.T.);
#3498=EDGE_LOOP('',(#3493,#3494,#3495,#3497));
#3499=FACE_OUTER_BOUND('',#3498,.F.);
#3501=ORIENTED_EDGE('',*,*,#3500,.F.);
#3503=ORIENTED_EDGE('',*,*,#3502,.F.);
#3504=EDGE_LOOP('',(#3501,#3503));
#3505=FACE_BOUND('',#3504,.F.);
#3506=ADVANCED_FACE('',(#3499,#3505),#3492,.F.);
#3507=CARTESIAN_POINT('',(3.065E0,-1.585E0,3.47E0));
#3508=DIRECTION('',(1.E0,0.E0,0.E0));
#3509=DIRECTION('',(0.E0,1.E0,0.E0));
#3510=AXIS2_PLACEMENT_3D('',#3507,#3508,#3509);
#3511=PLANE('',#3510);
#3512=ORIENTED_EDGE('',*,*,#2018,.T.);
#3513=ORIENTED_EDGE('',*,*,#3496,.F.);
#3514=ORIENTED_EDGE('',*,*,#2351,.F.);
#3515=ORIENTED_EDGE('',*,*,#2676,.F.);
#3516=EDGE_LOOP('',(#3512,#3513,#3514,#3515));
#3517=FACE_OUTER_BOUND('',#3516,.F.);
#3518=ADVANCED_FACE('',(#3517),#3511,.F.);
#3519=CARTESIAN_POINT('',(1.975E0,-6.9875E0,0.E0));
#3520=DIRECTION('',(0.E0,1.E0,0.E0));
#3521=DIRECTION('',(1.E0,0.E0,0.E0));
#3522=AXIS2_PLACEMENT_3D('',#3519,#3520,#3521);
#3523=CYLINDRICAL_SURFACE('',#3522,5.7E-1);
#3525=ORIENTED_EDGE('',*,*,#3524,.F.);
#3527=ORIENTED_EDGE('',*,*,#3526,.T.);
#3529=ORIENTED_EDGE('',*,*,#3528,.T.);
#3531=ORIENTED_EDGE('',*,*,#3530,.F.);
#3532=EDGE_LOOP('',(#3525,#3527,#3529,#3531));
#3533=FACE_OUTER_BOUND('',#3532,.F.);
#3534=ADVANCED_FACE('',(#3533),#3523,.T.);
#3535=CARTESIAN_POINT('',(1.975E0,-6.9875E0,0.E0));
#3536=DIRECTION('',(0.E0,1.E0,0.E0));
#3537=DIRECTION('',(1.E0,0.E0,0.E0));
#3538=AXIS2_PLACEMENT_3D('',#3535,#3536,#3537);
#3539=CYLINDRICAL_SURFACE('',#3538,5.7E-1);
#3540=ORIENTED_EDGE('',*,*,#3500,.T.);
#3542=ORIENTED_EDGE('',*,*,#3541,.F.);
#3544=ORIENTED_EDGE('',*,*,#3543,.F.);
#3546=ORIENTED_EDGE('',*,*,#3545,.T.);
#3547=EDGE_LOOP('',(#3540,#3542,#3544,#3546));
#3548=FACE_OUTER_BOUND('',#3547,.F.);
#3549=ADVANCED_FACE('',(#3548),#3539,.T.);
#3550=CARTESIAN_POINT('',(8.85E-1,1.205E0,3.47E0));
#3551=DIRECTION('',(0.E0,-1.E0,0.E0));
#3552=DIRECTION('',(1.E0,0.E0,0.E0));
#3553=AXIS2_PLACEMENT_3D('',#3550,#3551,#3552);
#3554=PLANE('',#3553);
#3555=ORIENTED_EDGE('',*,*,#2297,.T.);
#3557=ORIENTED_EDGE('',*,*,#3556,.F.);
#3558=ORIENTED_EDGE('',*,*,#2408,.F.);
#3560=ORIENTED_EDGE('',*,*,#3559,.T.);
#3561=EDGE_LOOP('',(#3555,#3557,#3558,#3560));
#3562=FACE_OUTER_BOUND('',#3561,.F.);
#3563=ORIENTED_EDGE('',*,*,#3524,.T.);
#3565=ORIENTED_EDGE('',*,*,#3564,.T.);
#3566=EDGE_LOOP('',(#3563,#3565));
#3567=FACE_BOUND('',#3566,.F.);
#3568=ADVANCED_FACE('',(#3562,#3567),#3554,.F.);
#3569=CARTESIAN_POINT('',(1.975E0,-6.9875E0,0.E0));
#3570=DIRECTION('',(0.E0,1.E0,0.E0));
#3571=DIRECTION('',(1.E0,0.E0,0.E0));
#3572=AXIS2_PLACEMENT_3D('',#3569,#3570,#3571);
#3573=CYLINDRICAL_SURFACE('',#3572,5.7E-1);
#3574=ORIENTED_EDGE('',*,*,#3564,.F.);
#3575=ORIENTED_EDGE('',*,*,#3530,.T.);
#3577=ORIENTED_EDGE('',*,*,#3576,.F.);
#3578=ORIENTED_EDGE('',*,*,#3526,.F.);
#3579=EDGE_LOOP('',(#3574,#3575,#3577,#3578));
#3580=FACE_OUTER_BOUND('',#3579,.F.);
#3581=ADVANCED_FACE('',(#3580),#3573,.T.);
#3582=CARTESIAN_POINT('',(1.975E0,-6.9875E0,0.E0));
#3583=DIRECTION('',(0.E0,1.E0,0.E0));
#3584=DIRECTION('',(1.E0,0.E0,0.E0));
#3585=AXIS2_PLACEMENT_3D('',#3582,#3583,#3584);
#3586=CYLINDRICAL_SURFACE('',#3585,5.7E-1);
#3587=ORIENTED_EDGE('',*,*,#3502,.T.);
#3588=ORIENTED_EDGE('',*,*,#3545,.F.);
#3590=ORIENTED_EDGE('',*,*,#3589,.T.);
#3591=ORIENTED_EDGE('',*,*,#3541,.T.);
#3592=EDGE_LOOP('',(#3587,#3588,#3590,#3591));
#3593=FACE_OUTER_BOUND('',#3592,.F.);
#3594=ADVANCED_FACE('',(#3593),#3586,.T.);
#3595=CARTESIAN_POINT('',(1.975E0,1.257E1,0.E0));
#3596=DIRECTION('',(0.E0,-1.E0,0.E0));
#3597=DIRECTION('',(-1.E0,0.E0,0.E0));
#3598=AXIS2_PLACEMENT_3D('',#3595,#3596,#3597);
#3599=CONICAL_SURFACE('',#3598,4.E-1,2.090798047101E1);
#3601=ORIENTED_EDGE('',*,*,#3600,.F.);
#3602=ORIENTED_EDGE('',*,*,#3576,.T.);
#3604=ORIENTED_EDGE('',*,*,#3603,.T.);
#3606=ORIENTED_EDGE('',*,*,#3605,.F.);
#3607=EDGE_LOOP('',(#3601,#3602,#3604,#3606));
#3608=FACE_OUTER_BOUND('',#3607,.F.);
#3609=ADVANCED_FACE('',(#3608),#3599,.T.);
#3610=CARTESIAN_POINT('',(1.975E0,1.257E1,0.E0));
#3611=DIRECTION('',(0.E0,-1.E0,0.E0));
#3612=DIRECTION('',(-1.E0,0.E0,0.E0));
#3613=AXIS2_PLACEMENT_3D('',#3610,#3611,#3612);
#3614=CONICAL_SURFACE('',#3613,4.E-1,2.090798047101E1);
#3615=ORIENTED_EDGE('',*,*,#3600,.T.);
#3617=ORIENTED_EDGE('',*,*,#3616,.T.);
#3618=ORIENTED_EDGE('',*,*,#3603,.F.);
#3619=ORIENTED_EDGE('',*,*,#3528,.F.);
#3620=EDGE_LOOP('',(#3615,#3617,#3618,#3619));
#3621=FACE_OUTER_BOUND('',#3620,.F.);
#3622=ADVANCED_FACE('',(#3621),#3614,.T.);
#3623=CARTESIAN_POINT('',(1.975E0,1.3015E1,0.E0));
#3624=DIRECTION('',(0.E0,1.E0,0.E0));
#3625=DIRECTION('',(1.E0,0.E0,0.E0));
#3626=AXIS2_PLACEMENT_3D('',#3623,#3624,#3625);
#3627=PLANE('',#3626);
#3628=ORIENTED_EDGE('',*,*,#3605,.T.);
#3629=ORIENTED_EDGE('',*,*,#3616,.F.);
#3630=EDGE_LOOP('',(#3628,#3629));
#3631=FACE_OUTER_BOUND('',#3630,.F.);
#3632=ADVANCED_FACE('',(#3631),#3627,.T.);
#3633=CARTESIAN_POINT('',(1.975E0,-5.59E0,0.E0));
#3634=DIRECTION('',(0.E0,1.E0,0.E0));
#3635=DIRECTION('',(1.E0,0.E0,0.E0));
#3636=AXIS2_PLACEMENT_3D('',#3633,#3634,#3635);
#3637=CONICAL_SURFACE('',#3636,4.E-1,2.090798047101E1);
#3639=ORIENTED_EDGE('',*,*,#3638,.F.);
#3641=ORIENTED_EDGE('',*,*,#3640,.T.);
#3643=ORIENTED_EDGE('',*,*,#3642,.T.);
#3644=ORIENTED_EDGE('',*,*,#3589,.F.);
#3645=EDGE_LOOP('',(#3639,#3641,#3643,#3644));
#3646=FACE_OUTER_BOUND('',#3645,.F.);
#3647=ADVANCED_FACE('',(#3646),#3637,.T.);
#3648=CARTESIAN_POINT('',(1.975E0,-5.59E0,0.E0));
#3649=DIRECTION('',(0.E0,1.E0,0.E0));
#3650=DIRECTION('',(1.E0,0.E0,0.E0));
#3651=AXIS2_PLACEMENT_3D('',#3648,#3649,#3650);
#3652=CONICAL_SURFACE('',#3651,4.E-1,2.090798047101E1);
#3653=ORIENTED_EDGE('',*,*,#3638,.T.);
#3654=ORIENTED_EDGE('',*,*,#3543,.T.);
#3655=ORIENTED_EDGE('',*,*,#3642,.F.);
#3657=ORIENTED_EDGE('',*,*,#3656,.F.);
#3658=EDGE_LOOP('',(#3653,#3654,#3655,#3657));
#3659=FACE_OUTER_BOUND('',#3658,.F.);
#3660=ADVANCED_FACE('',(#3659),#3652,.T.);
#3661=CARTESIAN_POINT('',(1.975E0,-6.035E0,0.E0));
#3662=DIRECTION('',(0.E0,1.E0,0.E0));
#3663=DIRECTION('',(1.E0,0.E0,0.E0));
#3664=AXIS2_PLACEMENT_3D('',#3661,#3662,#3663);
#3665=PLANE('',#3664);
#3666=ORIENTED_EDGE('',*,*,#3640,.F.);
#3667=ORIENTED_EDGE('',*,*,#3656,.T.);
#3668=EDGE_LOOP('',(#3666,#3667));
#3669=FACE_OUTER_BOUND('',#3668,.F.);
#3670=ADVANCED_FACE('',(#3669),#3665,.F.);
#3671=CARTESIAN_POINT('',(3.065E0,1.205E0,3.47E0));
#3672=DIRECTION('',(1.E0,0.E0,0.E0));
#3673=DIRECTION('',(0.E0,1.E0,0.E0));
#3674=AXIS2_PLACEMENT_3D('',#3671,#3672,#3673);
#3675=PLANE('',#3674);
#3676=ORIENTED_EDGE('',*,*,#2295,.T.);
#3677=ORIENTED_EDGE('',*,*,#2161,.T.);
#3678=ORIENTED_EDGE('',*,*,#2410,.T.);
#3679=ORIENTED_EDGE('',*,*,#3556,.T.);
#3680=EDGE_LOOP('',(#3676,#3677,#3678,#3679));
#3681=FACE_OUTER_BOUND('',#3680,.F.);
#3682=ADVANCED_FACE('',(#3681),#3675,.F.);
#3683=CARTESIAN_POINT('',(8.85E-1,1.585E0,3.47E0));
#3684=DIRECTION('',(-1.E0,0.E0,0.E0));
#3685=DIRECTION('',(0.E0,-1.E0,0.E0));
#3686=AXIS2_PLACEMENT_3D('',#3683,#3684,#3685);
#3687=PLANE('',#3686);
#3688=ORIENTED_EDGE('',*,*,#2299,.T.);
#3689=ORIENTED_EDGE('',*,*,#3559,.F.);
#3690=ORIENTED_EDGE('',*,*,#2406,.F.);
#3691=ORIENTED_EDGE('',*,*,#2215,.F.);
#3692=EDGE_LOOP('',(#3688,#3689,#3690,#3691));
#3693=FACE_OUTER_BOUND('',#3692,.F.);
#3694=ADVANCED_FACE('',(#3693),#3687,.F.);
#3695=CARTESIAN_POINT('',(4.845E0,-1.205E0,3.47E0));
#3696=DIRECTION('',(-1.E0,0.E0,0.E0));
#3697=DIRECTION('',(0.E0,-1.E0,0.E0));
#3698=AXIS2_PLACEMENT_3D('',#3695,#3696,#3697);
#3699=PLANE('',#3698);
#3700=ORIENTED_EDGE('',*,*,#2022,.F.);
#3701=ORIENTED_EDGE('',*,*,#2673,.T.);
#3702=ORIENTED_EDGE('',*,*,#2347,.T.);
#3704=ORIENTED_EDGE('',*,*,#3703,.T.);
#3705=EDGE_LOOP('',(#3700,#3701,#3702,#3704));
#3706=FACE_OUTER_BOUND('',#3705,.F.);
#3707=ADVANCED_FACE('',(#3706),#3699,.F.);
#3708=CARTESIAN_POINT('',(7.025E0,-1.205E0,3.47E0));
#3709=DIRECTION('',(0.E0,1.E0,0.E0));
#3710=DIRECTION('',(-1.E0,0.E0,0.E0));
#3711=AXIS2_PLACEMENT_3D('',#3708,#3709,#3710);
#3712=PLANE('',#3711);
#3713=ORIENTED_EDGE('',*,*,#2024,.T.);
#3714=ORIENTED_EDGE('',*,*,#3703,.F.);
#3715=ORIENTED_EDGE('',*,*,#2345,.F.);
#3717=ORIENTED_EDGE('',*,*,#3716,.T.);
#3718=EDGE_LOOP('',(#3713,#3714,#3715,#3717));
#3719=FACE_OUTER_BOUND('',#3718,.F.);
#3721=ORIENTED_EDGE('',*,*,#3720,.F.);
#3723=ORIENTED_EDGE('',*,*,#3722,.F.);
#3724=EDGE_LOOP('',(#3721,#3723));
#3725=FACE_BOUND('',#3724,.F.);
#3726=ADVANCED_FACE('',(#3719,#3725),#3712,.F.);
#3727=CARTESIAN_POINT('',(7.025E0,-1.585E0,3.47E0));
#3728=DIRECTION('',(1.E0,0.E0,0.E0));
#3729=DIRECTION('',(0.E0,1.E0,0.E0));
#3730=AXIS2_PLACEMENT_3D('',#3727,#3728,#3729);
#3731=PLANE('',#3730);
#3732=ORIENTED_EDGE('',*,*,#2026,.T.);
#3733=ORIENTED_EDGE('',*,*,#3716,.F.);
#3734=ORIENTED_EDGE('',*,*,#2343,.F.);
#3735=ORIENTED_EDGE('',*,*,#2713,.F.);
#3736=EDGE_LOOP('',(#3732,#3733,#3734,#3735));
#3737=FACE_OUTER_BOUND('',#3736,.F.);
#3738=ADVANCED_FACE('',(#3737),#3731,.F.);
#3739=CARTESIAN_POINT('',(5.935E0,-6.9875E0,0.E0));
#3740=DIRECTION('',(0.E0,1.E0,0.E0));
#3741=DIRECTION('',(1.E0,0.E0,0.E0));
#3742=AXIS2_PLACEMENT_3D('',#3739,#3740,#3741);
#3743=CYLINDRICAL_SURFACE('',#3742,5.7E-1);
#3745=ORIENTED_EDGE('',*,*,#3744,.F.);
#3747=ORIENTED_EDGE('',*,*,#3746,.T.);
#3749=ORIENTED_EDGE('',*,*,#3748,.T.);
#3751=ORIENTED_EDGE('',*,*,#3750,.F.);
#3752=EDGE_LOOP('',(#3745,#3747,#3749,#3751));
#3753=FACE_OUTER_BOUND('',#3752,.F.);
#3754=ADVANCED_FACE('',(#3753),#3743,.T.);
#3755=CARTESIAN_POINT('',(5.935E0,-6.9875E0,0.E0));
#3756=DIRECTION('',(0.E0,1.E0,0.E0));
#3757=DIRECTION('',(1.E0,0.E0,0.E0));
#3758=AXIS2_PLACEMENT_3D('',#3755,#3756,#3757);
#3759=CYLINDRICAL_SURFACE('',#3758,5.7E-1);
#3760=ORIENTED_EDGE('',*,*,#3720,.T.);
#3762=ORIENTED_EDGE('',*,*,#3761,.F.);
#3764=ORIENTED_EDGE('',*,*,#3763,.F.);
#3766=ORIENTED_EDGE('',*,*,#3765,.T.);
#3767=EDGE_LOOP('',(#3760,#3762,#3764,#3766));
#3768=FACE_OUTER_BOUND('',#3767,.F.);
#3769=ADVANCED_FACE('',(#3768),#3759,.T.);
#3770=CARTESIAN_POINT('',(4.845E0,1.205E0,3.47E0));
#3771=DIRECTION('',(0.E0,-1.E0,0.E0));
#3772=DIRECTION('',(1.E0,0.E0,0.E0));
#3773=AXIS2_PLACEMENT_3D('',#3770,#3771,#3772);
#3774=PLANE('',#3773);
#3775=ORIENTED_EDGE('',*,*,#2290,.T.);
#3777=ORIENTED_EDGE('',*,*,#3776,.F.);
#3778=ORIENTED_EDGE('',*,*,#2415,.F.);
#3780=ORIENTED_EDGE('',*,*,#3779,.T.);
#3781=EDGE_LOOP('',(#3775,#3777,#3778,#3780));
#3782=FACE_OUTER_BOUND('',#3781,.F.);
#3783=ORIENTED_EDGE('',*,*,#3744,.T.);
#3785=ORIENTED_EDGE('',*,*,#3784,.T.);
#3786=EDGE_LOOP('',(#3783,#3785));
#3787=FACE_BOUND('',#3786,.F.);
#3788=ADVANCED_FACE('',(#3782,#3787),#3774,.F.);
#3789=CARTESIAN_POINT('',(5.935E0,-6.9875E0,0.E0));
#3790=DIRECTION('',(0.E0,1.E0,0.E0));
#3791=DIRECTION('',(1.E0,0.E0,0.E0));
#3792=AXIS2_PLACEMENT_3D('',#3789,#3790,#3791);
#3793=CYLINDRICAL_SURFACE('',#3792,5.7E-1);
#3794=ORIENTED_EDGE('',*,*,#3784,.F.);
#3795=ORIENTED_EDGE('',*,*,#3750,.T.);
#3797=ORIENTED_EDGE('',*,*,#3796,.F.);
#3798=ORIENTED_EDGE('',*,*,#3746,.F.);
#3799=EDGE_LOOP('',(#3794,#3795,#3797,#3798));
#3800=FACE_OUTER_BOUND('',#3799,.F.);
#3801=ADVANCED_FACE('',(#3800),#3793,.T.);
#3802=CARTESIAN_POINT('',(5.935E0,-6.9875E0,0.E0));
#3803=DIRECTION('',(0.E0,1.E0,0.E0));
#3804=DIRECTION('',(1.E0,0.E0,0.E0));
#3805=AXIS2_PLACEMENT_3D('',#3802,#3803,#3804);
#3806=CYLINDRICAL_SURFACE('',#3805,5.7E-1);
#3807=ORIENTED_EDGE('',*,*,#3722,.T.);
#3808=ORIENTED_EDGE('',*,*,#3765,.F.);
#3810=ORIENTED_EDGE('',*,*,#3809,.T.);
#3811=ORIENTED_EDGE('',*,*,#3761,.T.);
#3812=EDGE_LOOP('',(#3807,#3808,#3810,#3811));
#3813=FACE_OUTER_BOUND('',#3812,.F.);
#3814=ADVANCED_FACE('',(#3813),#3806,.T.);
#3815=CARTESIAN_POINT('',(5.935E0,1.257E1,0.E0));
#3816=DIRECTION('',(0.E0,-1.E0,0.E0));
#3817=DIRECTION('',(-1.E0,0.E0,0.E0));
#3818=AXIS2_PLACEMENT_3D('',#3815,#3816,#3817);
#3819=CONICAL_SURFACE('',#3818,4.E-1,2.090798047101E1);
#3821=ORIENTED_EDGE('',*,*,#3820,.F.);
#3822=ORIENTED_EDGE('',*,*,#3796,.T.);
#3824=ORIENTED_EDGE('',*,*,#3823,.T.);
#3826=ORIENTED_EDGE('',*,*,#3825,.F.);
#3827=EDGE_LOOP('',(#3821,#3822,#3824,#3826));
#3828=FACE_OUTER_BOUND('',#3827,.F.);
#3829=ADVANCED_FACE('',(#3828),#3819,.T.);
#3830=CARTESIAN_POINT('',(5.935E0,1.257E1,0.E0));
#3831=DIRECTION('',(0.E0,-1.E0,0.E0));
#3832=DIRECTION('',(-1.E0,0.E0,0.E0));
#3833=AXIS2_PLACEMENT_3D('',#3830,#3831,#3832);
#3834=CONICAL_SURFACE('',#3833,4.E-1,2.090798047101E1);
#3835=ORIENTED_EDGE('',*,*,#3820,.T.);
#3837=ORIENTED_EDGE('',*,*,#3836,.T.);
#3838=ORIENTED_EDGE('',*,*,#3823,.F.);
#3839=ORIENTED_EDGE('',*,*,#3748,.F.);
#3840=EDGE_LOOP('',(#3835,#3837,#3838,#3839));
#3841=FACE_OUTER_BOUND('',#3840,.F.);
#3842=ADVANCED_FACE('',(#3841),#3834,.T.);
#3843=CARTESIAN_POINT('',(5.935E0,1.3015E1,0.E0));
#3844=DIRECTION('',(0.E0,1.E0,0.E0));
#3845=DIRECTION('',(1.E0,0.E0,0.E0));
#3846=AXIS2_PLACEMENT_3D('',#3843,#3844,#3845);
#3847=PLANE('',#3846);
#3848=ORIENTED_EDGE('',*,*,#3825,.T.);
#3849=ORIENTED_EDGE('',*,*,#3836,.F.);
#3850=EDGE_LOOP('',(#3848,#3849));
#3851=FACE_OUTER_BOUND('',#3850,.F.);
#3852=ADVANCED_FACE('',(#3851),#3847,.T.);
#3853=CARTESIAN_POINT('',(5.935E0,-5.59E0,0.E0));
#3854=DIRECTION('',(0.E0,1.E0,0.E0));
#3855=DIRECTION('',(1.E0,0.E0,0.E0));
#3856=AXIS2_PLACEMENT_3D('',#3853,#3854,#3855);
#3857=CONICAL_SURFACE('',#3856,4.E-1,2.090798047101E1);
#3859=ORIENTED_EDGE('',*,*,#3858,.F.);
#3861=ORIENTED_EDGE('',*,*,#3860,.T.);
#3863=ORIENTED_EDGE('',*,*,#3862,.T.);
#3864=ORIENTED_EDGE('',*,*,#3809,.F.);
#3865=EDGE_LOOP('',(#3859,#3861,#3863,#3864));
#3866=FACE_OUTER_BOUND('',#3865,.F.);
#3867=ADVANCED_FACE('',(#3866),#3857,.T.);
#3868=CARTESIAN_POINT('',(5.935E0,-5.59E0,0.E0));
#3869=DIRECTION('',(0.E0,1.E0,0.E0));
#3870=DIRECTION('',(1.E0,0.E0,0.E0));
#3871=AXIS2_PLACEMENT_3D('',#3868,#3869,#3870);
#3872=CONICAL_SURFACE('',#3871,4.E-1,2.090798047101E1);
#3873=ORIENTED_EDGE('',*,*,#3858,.T.);
#3874=ORIENTED_EDGE('',*,*,#3763,.T.);
#3875=ORIENTED_EDGE('',*,*,#3862,.F.);
#3877=ORIENTED_EDGE('',*,*,#3876,.F.);
#3878=EDGE_LOOP('',(#3873,#3874,#3875,#3877));
#3879=FACE_OUTER_BOUND('',#3878,.F.);
#3880=ADVANCED_FACE('',(#3879),#3872,.T.);
#3881=CARTESIAN_POINT('',(5.935E0,-6.035E0,0.E0));
#3882=DIRECTION('',(0.E0,1.E0,0.E0));
#3883=DIRECTION('',(1.E0,0.E0,0.E0));
#3884=AXIS2_PLACEMENT_3D('',#3881,#3882,#3883);
#3885=PLANE('',#3884);
#3886=ORIENTED_EDGE('',*,*,#3860,.F.);
#3887=ORIENTED_EDGE('',*,*,#3876,.T.);
#3888=EDGE_LOOP('',(#3886,#3887));
#3889=FACE_OUTER_BOUND('',#3888,.F.);
#3890=ADVANCED_FACE('',(#3889),#3885,.F.);
#3891=CARTESIAN_POINT('',(7.025E0,1.205E0,3.47E0));
#3892=DIRECTION('',(1.E0,0.E0,0.E0));
#3893=DIRECTION('',(0.E0,1.E0,0.E0));
#3894=AXIS2_PLACEMENT_3D('',#3891,#3892,#3893);
#3895=PLANE('',#3894);
#3896=ORIENTED_EDGE('',*,*,#2288,.T.);
#3897=ORIENTED_EDGE('',*,*,#2109,.T.);
#3898=ORIENTED_EDGE('',*,*,#2417,.T.);
#3899=ORIENTED_EDGE('',*,*,#3776,.T.);
#3900=EDGE_LOOP('',(#3896,#3897,#3898,#3899));
#3901=FACE_OUTER_BOUND('',#3900,.F.);
#3902=ADVANCED_FACE('',(#3901),#3895,.F.);
#3903=CARTESIAN_POINT('',(4.845E0,1.585E0,3.47E0));
#3904=DIRECTION('',(-1.E0,0.E0,0.E0));
#3905=DIRECTION('',(0.E0,-1.E0,0.E0));
#3906=AXIS2_PLACEMENT_3D('',#3903,#3904,#3905);
#3907=PLANE('',#3906);
#3908=ORIENTED_EDGE('',*,*,#2292,.T.);
#3909=ORIENTED_EDGE('',*,*,#3779,.F.);
#3910=ORIENTED_EDGE('',*,*,#2413,.F.);
#3911=ORIENTED_EDGE('',*,*,#2157,.F.);
#3912=EDGE_LOOP('',(#3908,#3909,#3910,#3911));
#3913=FACE_OUTER_BOUND('',#3912,.F.);
#3914=ADVANCED_FACE('',(#3913),#3907,.F.);
#3915=CARTESIAN_POINT('',(1.0985E1,-1.585E0,3.47E0));
#3916=DIRECTION('',(1.E0,0.E0,0.E0));
#3917=DIRECTION('',(0.E0,1.E0,0.E0));
#3918=AXIS2_PLACEMENT_3D('',#3915,#3916,#3917);
#3919=PLANE('',#3918);
#3920=ORIENTED_EDGE('',*,*,#2034,.T.);
#3921=ORIENTED_EDGE('',*,*,#2560,.F.);
#3922=ORIENTED_EDGE('',*,*,#2335,.F.);
#3923=ORIENTED_EDGE('',*,*,#2697,.F.);
#3924=EDGE_LOOP('',(#3920,#3921,#3922,#3923));
#3925=FACE_OUTER_BOUND('',#3924,.F.);
#3926=ADVANCED_FACE('',(#3925),#3919,.F.);
#3927=CARTESIAN_POINT('',(-8.435E0,1.585E0,-1.5E0));
#3928=DIRECTION('',(-1.E0,0.E0,0.E0));
#3929=DIRECTION('',(0.E0,0.E0,1.E0));
#3930=AXIS2_PLACEMENT_3D('',#3927,#3928,#3929);
#3931=PLANE('',#3930);
#3932=ORIENTED_EDGE('',*,*,#2609,.T.);
#3934=ORIENTED_EDGE('',*,*,#3933,.F.);
#3935=ORIENTED_EDGE('',*,*,#2139,.F.);
#3937=ORIENTED_EDGE('',*,*,#3936,.T.);
#3938=EDGE_LOOP('',(#3932,#3934,#3935,#3937));
#3939=FACE_OUTER_BOUND('',#3938,.F.);
#3940=ADVANCED_FACE('',(#3939),#3931,.F.);
#3941=CARTESIAN_POINT('',(-8.435E0,1.585E0,1.5E0));
#3942=DIRECTION('',(0.E0,0.E0,1.E0));
#3943=DIRECTION('',(1.E0,0.E0,0.E0));
#3944=AXIS2_PLACEMENT_3D('',#3941,#3942,#3943);
#3945=PLANE('',#3944);
#3946=ORIENTED_EDGE('',*,*,#2615,.T.);
#3948=ORIENTED_EDGE('',*,*,#3947,.F.);
#3949=ORIENTED_EDGE('',*,*,#2141,.F.);
#3950=ORIENTED_EDGE('',*,*,#3933,.T.);
#3951=EDGE_LOOP('',(#3946,#3948,#3949,#3950));
#3952=FACE_OUTER_BOUND('',#3951,.F.);
#3953=ADVANCED_FACE('',(#3952),#3945,.F.);
#3954=CARTESIAN_POINT('',(-7.415E0,1.585E0,1.5E0));
#3955=DIRECTION('',(1.E0,0.E0,0.E0));
#3956=DIRECTION('',(0.E0,0.E0,-1.E0));
#3957=AXIS2_PLACEMENT_3D('',#3954,#3955,#3956);
#3958=PLANE('',#3957);
#3959=ORIENTED_EDGE('',*,*,#2613,.T.);
#3961=ORIENTED_EDGE('',*,*,#3960,.F.);
#3962=ORIENTED_EDGE('',*,*,#2143,.F.);
#3963=ORIENTED_EDGE('',*,*,#3947,.T.);
#3964=EDGE_LOOP('',(#3959,#3961,#3962,#3963));
#3965=FACE_OUTER_BOUND('',#3964,.F.);
#3966=ADVANCED_FACE('',(#3965),#3958,.F.);
#3967=CARTESIAN_POINT('',(-7.415E0,1.585E0,-1.5E0));
#3968=DIRECTION('',(0.E0,0.E0,-1.E0));
#3969=DIRECTION('',(-1.E0,0.E0,0.E0));
#3970=AXIS2_PLACEMENT_3D('',#3967,#3968,#3969);
#3971=PLANE('',#3970);
#3972=ORIENTED_EDGE('',*,*,#2611,.T.);
#3973=ORIENTED_EDGE('',*,*,#3936,.F.);
#3974=ORIENTED_EDGE('',*,*,#2145,.F.);
#3975=ORIENTED_EDGE('',*,*,#3960,.T.);
#3976=EDGE_LOOP('',(#3972,#3973,#3974,#3975));
#3977=FACE_OUTER_BOUND('',#3976,.F.);
#3978=ADVANCED_FACE('',(#3977),#3971,.F.);
#3979=CARTESIAN_POINT('',(-4.475E0,1.585E0,-1.5E0));
#3980=DIRECTION('',(-1.E0,0.E0,0.E0));
#3981=DIRECTION('',(0.E0,0.E0,1.E0));
#3982=AXIS2_PLACEMENT_3D('',#3979,#3980,#3981);
#3983=PLANE('',#3982);
#3984=ORIENTED_EDGE('',*,*,#2633,.T.);
#3986=ORIENTED_EDGE('',*,*,#3985,.F.);
#3987=ORIENTED_EDGE('',*,*,#2191,.F.);
#3989=ORIENTED_EDGE('',*,*,#3988,.T.);
#3990=EDGE_LOOP('',(#3984,#3986,#3987,#3989));
#3991=FACE_OUTER_BOUND('',#3990,.F.);
#3992=ADVANCED_FACE('',(#3991),#3983,.F.);
#3993=CARTESIAN_POINT('',(-4.475E0,1.585E0,1.5E0));
#3994=DIRECTION('',(0.E0,0.E0,1.E0));
#3995=DIRECTION('',(1.E0,0.E0,0.E0));
#3996=AXIS2_PLACEMENT_3D('',#3993,#3994,#3995);
#3997=PLANE('',#3996);
#3998=ORIENTED_EDGE('',*,*,#2639,.T.);
#4000=ORIENTED_EDGE('',*,*,#3999,.F.);
#4001=ORIENTED_EDGE('',*,*,#2193,.F.);
#4002=ORIENTED_EDGE('',*,*,#3985,.T.);
#4003=EDGE_LOOP('',(#3998,#4000,#4001,#4002));
#4004=FACE_OUTER_BOUND('',#4003,.F.);
#4005=ADVANCED_FACE('',(#4004),#3997,.F.);
#4006=CARTESIAN_POINT('',(-3.455E0,1.585E0,1.5E0));
#4007=DIRECTION('',(1.E0,0.E0,0.E0));
#4008=DIRECTION('',(0.E0,0.E0,-1.E0));
#4009=AXIS2_PLACEMENT_3D('',#4006,#4007,#4008);
#4010=PLANE('',#4009);
#4011=ORIENTED_EDGE('',*,*,#2637,.T.);
#4013=ORIENTED_EDGE('',*,*,#4012,.F.);
#4014=ORIENTED_EDGE('',*,*,#2195,.F.);
#4015=ORIENTED_EDGE('',*,*,#3999,.T.);
#4016=EDGE_LOOP('',(#4011,#4013,#4014,#4015));
#4017=FACE_OUTER_BOUND('',#4016,.F.);
#4018=ADVANCED_FACE('',(#4017),#4010,.F.);
#4019=CARTESIAN_POINT('',(-3.455E0,1.585E0,-1.5E0));
#4020=DIRECTION('',(0.E0,0.E0,-1.E0));
#4021=DIRECTION('',(-1.E0,0.E0,0.E0));
#4022=AXIS2_PLACEMENT_3D('',#4019,#4020,#4021);
#4023=PLANE('',#4022);
#4024=ORIENTED_EDGE('',*,*,#2635,.T.);
#4025=ORIENTED_EDGE('',*,*,#3988,.F.);
#4026=ORIENTED_EDGE('',*,*,#2197,.F.);
#4027=ORIENTED_EDGE('',*,*,#4012,.T.);
#4028=EDGE_LOOP('',(#4024,#4025,#4026,#4027));
#4029=FACE_OUTER_BOUND('',#4028,.F.);
#4030=ADVANCED_FACE('',(#4029),#4023,.F.);
#4031=CARTESIAN_POINT('',(-5.15E-1,1.585E0,-1.5E0));
#4032=DIRECTION('',(-1.E0,0.E0,0.E0));
#4033=DIRECTION('',(0.E0,0.E0,1.E0));
#4034=AXIS2_PLACEMENT_3D('',#4031,#4032,#4033);
#4035=PLANE('',#4034);
#4036=ORIENTED_EDGE('',*,*,#2657,.T.);
#4038=ORIENTED_EDGE('',*,*,#4037,.F.);
#4039=ORIENTED_EDGE('',*,*,#2223,.F.);
#4041=ORIENTED_EDGE('',*,*,#4040,.T.);
#4042=EDGE_LOOP('',(#4036,#4038,#4039,#4041));
#4043=FACE_OUTER_BOUND('',#4042,.F.);
#4044=ADVANCED_FACE('',(#4043),#4035,.F.);
#4045=CARTESIAN_POINT('',(-5.15E-1,1.585E0,1.5E0));
#4046=DIRECTION('',(0.E0,0.E0,1.E0));
#4047=DIRECTION('',(1.E0,0.E0,0.E0));
#4048=AXIS2_PLACEMENT_3D('',#4045,#4046,#4047);
#4049=PLANE('',#4048);
#4050=ORIENTED_EDGE('',*,*,#2663,.T.);
#4052=ORIENTED_EDGE('',*,*,#4051,.F.);
#4053=ORIENTED_EDGE('',*,*,#2225,.F.);
#4054=ORIENTED_EDGE('',*,*,#4037,.T.);
#4055=EDGE_LOOP('',(#4050,#4052,#4053,#4054));
#4056=FACE_OUTER_BOUND('',#4055,.F.);
#4057=ADVANCED_FACE('',(#4056),#4049,.F.);
#4058=CARTESIAN_POINT('',(5.05E-1,1.585E0,1.5E0));
#4059=DIRECTION('',(1.E0,0.E0,0.E0));
#4060=DIRECTION('',(0.E0,0.E0,-1.E0));
#4061=AXIS2_PLACEMENT_3D('',#4058,#4059,#4060);
#4062=PLANE('',#4061);
#4063=ORIENTED_EDGE('',*,*,#2661,.T.);
#4065=ORIENTED_EDGE('',*,*,#4064,.F.);
#4066=ORIENTED_EDGE('',*,*,#2227,.F.);
#4067=ORIENTED_EDGE('',*,*,#4051,.T.);
#4068=EDGE_LOOP('',(#4063,#4065,#4066,#4067));
#4069=FACE_OUTER_BOUND('',#4068,.F.);
#4070=ADVANCED_FACE('',(#4069),#4062,.F.);
#4071=CARTESIAN_POINT('',(5.05E-1,1.585E0,-1.5E0));
#4072=DIRECTION('',(0.E0,0.E0,-1.E0));
#4073=DIRECTION('',(-1.E0,0.E0,0.E0));
#4074=AXIS2_PLACEMENT_3D('',#4071,#4072,#4073);
#4075=PLANE('',#4074);
#4076=ORIENTED_EDGE('',*,*,#2659,.T.);
#4077=ORIENTED_EDGE('',*,*,#4040,.F.);
#4078=ORIENTED_EDGE('',*,*,#2229,.F.);
#4079=ORIENTED_EDGE('',*,*,#4064,.T.);
#4080=EDGE_LOOP('',(#4076,#4077,#4078,#4079));
#4081=FACE_OUTER_BOUND('',#4080,.F.);
#4082=ADVANCED_FACE('',(#4081),#4075,.F.);
#4083=CARTESIAN_POINT('',(3.445E0,1.585E0,-1.5E0));
#4084=DIRECTION('',(-1.E0,0.E0,0.E0));
#4085=DIRECTION('',(0.E0,0.E0,1.E0));
#4086=AXIS2_PLACEMENT_3D('',#4083,#4084,#4085);
#4087=PLANE('',#4086);
#4088=ORIENTED_EDGE('',*,*,#2681,.T.);
#4090=ORIENTED_EDGE('',*,*,#4089,.F.);
#4091=ORIENTED_EDGE('',*,*,#2165,.F.);
#4093=ORIENTED_EDGE('',*,*,#4092,.T.);
#4094=EDGE_LOOP('',(#4088,#4090,#4091,#4093));
#4095=FACE_OUTER_BOUND('',#4094,.F.);
#4096=ADVANCED_FACE('',(#4095),#4087,.F.);
#4097=CARTESIAN_POINT('',(3.445E0,1.585E0,1.5E0));
#4098=DIRECTION('',(0.E0,0.E0,1.E0));
#4099=DIRECTION('',(1.E0,0.E0,0.E0));
#4100=AXIS2_PLACEMENT_3D('',#4097,#4098,#4099);
#4101=PLANE('',#4100);
#4102=ORIENTED_EDGE('',*,*,#2687,.T.);
#4104=ORIENTED_EDGE('',*,*,#4103,.F.);
#4105=ORIENTED_EDGE('',*,*,#2167,.F.);
#4106=ORIENTED_EDGE('',*,*,#4089,.T.);
#4107=EDGE_LOOP('',(#4102,#4104,#4105,#4106));
#4108=FACE_OUTER_BOUND('',#4107,.F.);
#4109=ADVANCED_FACE('',(#4108),#4101,.F.);
#4110=CARTESIAN_POINT('',(4.465E0,1.585E0,1.5E0));
#4111=DIRECTION('',(1.E0,0.E0,0.E0));
#4112=DIRECTION('',(0.E0,0.E0,-1.E0));
#4113=AXIS2_PLACEMENT_3D('',#4110,#4111,#4112);
#4114=PLANE('',#4113);
#4115=ORIENTED_EDGE('',*,*,#2685,.T.);
#4117=ORIENTED_EDGE('',*,*,#4116,.F.);
#4118=ORIENTED_EDGE('',*,*,#2169,.F.);
#4119=ORIENTED_EDGE('',*,*,#4103,.T.);
#4120=EDGE_LOOP('',(#4115,#4117,#4118,#4119));
#4121=FACE_OUTER_BOUND('',#4120,.F.);
#4122=ADVANCED_FACE('',(#4121),#4114,.F.);
#4123=CARTESIAN_POINT('',(4.465E0,1.585E0,-1.5E0));
#4124=DIRECTION('',(0.E0,0.E0,-1.E0));
#4125=DIRECTION('',(-1.E0,0.E0,0.E0));
#4126=AXIS2_PLACEMENT_3D('',#4123,#4124,#4125);
#4127=PLANE('',#4126);
#4128=ORIENTED_EDGE('',*,*,#2683,.T.);
#4129=ORIENTED_EDGE('',*,*,#4092,.F.);
#4130=ORIENTED_EDGE('',*,*,#2171,.F.);
#4131=ORIENTED_EDGE('',*,*,#4116,.T.);
#4132=EDGE_LOOP('',(#4128,#4129,#4130,#4131));
#4133=FACE_OUTER_BOUND('',#4132,.F.);
#4134=ADVANCED_FACE('',(#4133),#4127,.F.);
#4135=CARTESIAN_POINT('',(7.405E0,1.585E0,-1.5E0));
#4136=DIRECTION('',(-1.E0,0.E0,0.E0));
#4137=DIRECTION('',(0.E0,0.E0,1.E0));
#4138=AXIS2_PLACEMENT_3D('',#4135,#4136,#4137);
#4139=PLANE('',#4138);
#4140=ORIENTED_EDGE('',*,*,#2718,.T.);
#4142=ORIENTED_EDGE('',*,*,#4141,.F.);
#4143=ORIENTED_EDGE('',*,*,#2113,.F.);
#4145=ORIENTED_EDGE('',*,*,#4144,.T.);
#4146=EDGE_LOOP('',(#4140,#4142,#4143,#4145));
#4147=FACE_OUTER_BOUND('',#4146,.F.);
#4148=ADVANCED_FACE('',(#4147),#4139,.F.);
#4149=CARTESIAN_POINT('',(7.405E0,1.585E0,1.5E0));
#4150=DIRECTION('',(0.E0,0.E0,1.E0));
#4151=DIRECTION('',(1.E0,0.E0,0.E0));
#4152=AXIS2_PLACEMENT_3D('',#4149,#4150,#4151);
#4153=PLANE('',#4152);
#4154=ORIENTED_EDGE('',*,*,#2724,.T.);
#4156=ORIENTED_EDGE('',*,*,#4155,.F.);
#4157=ORIENTED_EDGE('',*,*,#2115,.F.);
#4158=ORIENTED_EDGE('',*,*,#4141,.T.);
#4159=EDGE_LOOP('',(#4154,#4156,#4157,#4158));
#4160=FACE_OUTER_BOUND('',#4159,.F.);
#4161=ADVANCED_FACE('',(#4160),#4153,.F.);
#4162=CARTESIAN_POINT('',(8.425E0,1.585E0,1.5E0));
#4163=DIRECTION('',(1.E0,0.E0,0.E0));
#4164=DIRECTION('',(0.E0,0.E0,-1.E0));
#4165=AXIS2_PLACEMENT_3D('',#4162,#4163,#4164);
#4166=PLANE('',#4165);
#4167=ORIENTED_EDGE('',*,*,#2722,.T.);
#4169=ORIENTED_EDGE('',*,*,#4168,.F.);
#4170=ORIENTED_EDGE('',*,*,#2117,.F.);
#4171=ORIENTED_EDGE('',*,*,#4155,.T.);
#4172=EDGE_LOOP('',(#4167,#4169,#4170,#4171));
#4173=FACE_OUTER_BOUND('',#4172,.F.);
#4174=ADVANCED_FACE('',(#4173),#4166,.F.);
#4175=CARTESIAN_POINT('',(8.425E0,1.585E0,-1.5E0));
#4176=DIRECTION('',(0.E0,0.E0,-1.E0));
#4177=DIRECTION('',(-1.E0,0.E0,0.E0));
#4178=AXIS2_PLACEMENT_3D('',#4175,#4176,#4177);
#4179=PLANE('',#4178);
#4180=ORIENTED_EDGE('',*,*,#2720,.T.);
#4181=ORIENTED_EDGE('',*,*,#4144,.F.);
#4182=ORIENTED_EDGE('',*,*,#2119,.F.);
#4183=ORIENTED_EDGE('',*,*,#4168,.T.);
#4184=EDGE_LOOP('',(#4180,#4181,#4182,#4183));
#4185=FACE_OUTER_BOUND('',#4184,.F.);
#4186=ADVANCED_FACE('',(#4185),#4179,.F.);
#4187=CARTESIAN_POINT('',(9.895E0,-5.59E0,0.E0));
#4188=DIRECTION('',(0.E0,1.E0,0.E0));
#4189=DIRECTION('',(1.E0,0.E0,0.E0));
#4190=AXIS2_PLACEMENT_3D('',#4187,#4188,#4189);
#4191=CONICAL_SURFACE('',#4190,4.E-1,2.090798047101E1);
#4193=ORIENTED_EDGE('',*,*,#4192,.F.);
#4195=ORIENTED_EDGE('',*,*,#4194,.T.);
#4197=ORIENTED_EDGE('',*,*,#4196,.T.);
#4198=ORIENTED_EDGE('',*,*,#2507,.F.);
#4199=EDGE_LOOP('',(#4193,#4195,#4197,#4198));
#4200=FACE_OUTER_BOUND('',#4199,.F.);
#4201=ADVANCED_FACE('',(#4200),#4191,.T.);
#4202=CARTESIAN_POINT('',(9.895E0,-5.59E0,0.E0));
#4203=DIRECTION('',(0.E0,1.E0,0.E0));
#4204=DIRECTION('',(1.E0,0.E0,0.E0));
#4205=AXIS2_PLACEMENT_3D('',#4202,#4203,#4204);
#4206=CONICAL_SURFACE('',#4205,4.E-1,2.090798047101E1);
#4207=ORIENTED_EDGE('',*,*,#4192,.T.);
#4208=ORIENTED_EDGE('',*,*,#2479,.T.);
#4209=ORIENTED_EDGE('',*,*,#4196,.F.);
#4211=ORIENTED_EDGE('',*,*,#4210,.F.);
#4212=EDGE_LOOP('',(#4207,#4208,#4209,#4211));
#4213=FACE_OUTER_BOUND('',#4212,.F.);
#4214=ADVANCED_FACE('',(#4213),#4206,.T.);
#4215=CARTESIAN_POINT('',(9.895E0,-6.035E0,0.E0));
#4216=DIRECTION('',(0.E0,1.E0,0.E0));
#4217=DIRECTION('',(1.E0,0.E0,0.E0));
#4218=AXIS2_PLACEMENT_3D('',#4215,#4216,#4217);
#4219=PLANE('',#4218);
#4220=ORIENTED_EDGE('',*,*,#4194,.F.);
#4221=ORIENTED_EDGE('',*,*,#4210,.T.);
#4222=EDGE_LOOP('',(#4220,#4221));
#4223=FACE_OUTER_BOUND('',#4222,.F.);
#4224=ADVANCED_FACE('',(#4223),#4219,.F.);
#4225=CARTESIAN_POINT('',(1.0985E1,1.205E0,3.47E0));
#4226=DIRECTION('',(1.E0,0.E0,0.E0));
#4227=DIRECTION('',(0.E0,1.E0,0.E0));
#4228=AXIS2_PLACEMENT_3D('',#4225,#4226,#4227);
#4229=PLANE('',#4228);
#4230=ORIENTED_EDGE('',*,*,#2281,.T.);
#4231=ORIENTED_EDGE('',*,*,#2077,.T.);
#4232=ORIENTED_EDGE('',*,*,#2328,.T.);
#4233=ORIENTED_EDGE('',*,*,#2442,.T.);
#4234=EDGE_LOOP('',(#4230,#4231,#4232,#4233));
#4235=FACE_OUTER_BOUND('',#4234,.F.);
#4236=ADVANCED_FACE('',(#4235),#4229,.F.);
#4237=CLOSED_SHELL('',(#2048,#2065,#2081,#2097,#2123,#2149,#2175,#2201,#2233,
#2268,#2304,#2318,#2422,#2435,#2454,#2469,#2485,#2498,#2512,#2527,#2540,#2550,
#2568,#2581,#2595,#2619,#2643,#2667,#2691,#2705,#2728,#2741,#2760,#2772,#2788,
#2803,#2822,#2835,#2848,#2863,#2876,#2886,#2901,#2914,#2924,#2936,#2948,#2965,
#2978,#2993,#3005,#3019,#3032,#3047,#3060,#3079,#3091,#3107,#3122,#3141,#3154,
#3167,#3182,#3195,#3205,#3220,#3233,#3243,#3255,#3267,#3280,#3299,#3311,#3327,
#3342,#3360,#3373,#3386,#3401,#3414,#3424,#3439,#3452,#3462,#3474,#3487,#3506,
#3518,#3534,#3549,#3568,#3581,#3594,#3609,#3622,#3632,#3647,#3660,#3670,#3682,
#3694,#3707,#3726,#3738,#3754,#3769,#3788,#3801,#3814,#3829,#3842,#3852,#3867,
#3880,#3890,#3902,#3914,#3926,#3940,#3953,#3966,#3978,#3992,#4005,#4018,#4030,
#4044,#4057,#4070,#4082,#4096,#4109,#4122,#4134,#4148,#4161,#4174,#4186,#4201,
#4214,#4224,#4236));
#4238=MANIFOLD_SOLID_BREP('',#4237);
#4239=CARTESIAN_POINT('',(0.E0,0.E0,0.E0));
#4240=DIRECTION('',(0.E0,0.E0,1.E0));
#4241=DIRECTION('',(1.E0,0.E0,0.E0));
#4242=AXIS2_PLACEMENT_3D('CSYS',#4239,#4240,#4241);
#4243=DIRECTION('',(0.E0,1.E0,0.E0));
#4244=VECTOR('',#4243,1.905E1);
#4245=CARTESIAN_POINT('',(-9.905E0,-6.035E0,0.E0));
#4246=LINE('',#4245,#4244);
#4249=DIRECTION('',(0.E0,1.E0,0.E0));
#4250=VECTOR('',#4249,1.905E1);
#4251=CARTESIAN_POINT('',(-5.945E0,-6.035E0,0.E0));
#4252=LINE('',#4251,#4250);
#4254=DIRECTION('',(0.E0,1.E0,0.E0));
#4255=VECTOR('',#4254,1.905E1);
#4256=CARTESIAN_POINT('',(-1.985E0,-6.035E0,0.E0));
#4257=LINE('',#4256,#4255);
#4259=DIRECTION('',(0.E0,1.E0,0.E0));
#4260=VECTOR('',#4259,1.905E1);
#4261=CARTESIAN_POINT('',(1.975E0,-6.035E0,0.E0));
#4262=LINE('',#4261,#4260);
#4264=DIRECTION('',(0.E0,1.E0,0.E0));
#4265=VECTOR('',#4264,1.905E1);
#4266=CARTESIAN_POINT('',(5.935E0,-6.035E0,0.E0));
#4267=LINE('',#4266,#4265);
#4269=DIRECTION('',(0.E0,1.E0,0.E0));
#4270=VECTOR('',#4269,1.905E1);
#4271=CARTESIAN_POINT('',(9.895E0,-6.035E0,0.E0));
#4272=LINE('',#4271,#4270);
#4274=CARTESIAN_POINT('',(-9.905E0,-1.585E0,0.E0));
#4275=DIRECTION('',(0.E0,-1.E0,0.E0));
#4276=DIRECTION('',(1.E0,0.E0,0.E0));
#4277=AXIS2_PLACEMENT_3D('',#4274,#4275,#4276);
#4281=CARTESIAN_POINT('',(-9.905E0,-1.585E0,0.E0));
#4282=DIRECTION('',(0.E0,-1.E0,0.E0));
#4283=DIRECTION('',(-1.E0,0.E0,0.E0));
#4284=AXIS2_PLACEMENT_3D('',#4281,#4282,#4283);
#4289=CARTESIAN_POINT('',(-5.945E0,-1.585E0,0.E0));
#4290=DIRECTION('',(0.E0,-1.E0,0.E0));
#4291=DIRECTION('',(1.E0,0.E0,0.E0));
#4292=AXIS2_PLACEMENT_3D('',#4289,#4290,#4291);
#4296=CARTESIAN_POINT('',(-5.945E0,-1.585E0,0.E0));
#4297=DIRECTION('',(0.E0,-1.E0,0.E0));
#4298=DIRECTION('',(-1.E0,0.E0,0.E0));
#4299=AXIS2_PLACEMENT_3D('',#4296,#4297,#4298);
#4304=CARTESIAN_POINT('',(-1.985E0,-1.585E0,0.E0));
#4305=DIRECTION('',(0.E0,-1.E0,0.E0));
#4306=DIRECTION('',(1.E0,0.E0,0.E0));
#4307=AXIS2_PLACEMENT_3D('',#4304,#4305,#4306);
#4311=CARTESIAN_POINT('',(-1.985E0,-1.585E0,0.E0));
#4312=DIRECTION('',(0.E0,-1.E0,0.E0));
#4313=DIRECTION('',(-1.E0,0.E0,0.E0));
#4314=AXIS2_PLACEMENT_3D('',#4311,#4312,#4313);
#4319=CARTESIAN_POINT('',(1.975E0,-1.585E0,0.E0));
#4320=DIRECTION('',(0.E0,-1.E0,0.E0));
#4321=DIRECTION('',(1.E0,0.E0,0.E0));
#4322=AXIS2_PLACEMENT_3D('',#4319,#4320,#4321);
#4326=CARTESIAN_POINT('',(1.975E0,-1.585E0,0.E0));
#4327=DIRECTION('',(0.E0,-1.E0,0.E0));
#4328=DIRECTION('',(-1.E0,0.E0,0.E0));
#4329=AXIS2_PLACEMENT_3D('',#4326,#4327,#4328);
#4334=CARTESIAN_POINT('',(5.935E0,-1.585E0,0.E0));
#4335=DIRECTION('',(0.E0,-1.E0,0.E0));
#4336=DIRECTION('',(1.E0,0.E0,0.E0));
#4337=AXIS2_PLACEMENT_3D('',#4334,#4335,#4336);
#4341=CARTESIAN_POINT('',(5.935E0,-1.585E0,0.E0));
#4342=DIRECTION('',(0.E0,-1.E0,0.E0));
#4343=DIRECTION('',(-1.E0,0.E0,0.E0));
#4344=AXIS2_PLACEMENT_3D('',#4341,#4342,#4343);
#4349=CARTESIAN_POINT('',(9.895E0,-1.585E0,0.E0));
#4350=DIRECTION('',(0.E0,-1.E0,0.E0));
#4351=DIRECTION('',(1.E0,0.E0,0.E0));
#4352=AXIS2_PLACEMENT_3D('',#4349,#4350,#4351);
#4356=CARTESIAN_POINT('',(9.895E0,-1.585E0,0.E0));
#4357=DIRECTION('',(0.E0,-1.E0,0.E0));
#4358=DIRECTION('',(-1.E0,0.E0,0.E0));
#4359=AXIS2_PLACEMENT_3D('',#4356,#4357,#4358);
#4365=DIMENSIONAL_EXPONENTS(0.E0,0.E0,0.E0,0.E0,0.E0,0.E0,0.E0);
#4367=PLANE_ANGLE_MEASURE_WITH_UNIT(PLANE_ANGLE_MEASURE(1.745329251994E-2),
#4366);
#4368=(CONVERSION_BASED_UNIT('DEGREE',#4367)NAMED_UNIT(*)PLANE_ANGLE_UNIT());
#4370=UNCERTAINTY_MEASURE_WITH_UNIT(LENGTH_MEASURE(3.123215265602E-3),#4364,
'closure',
'Maximum model space distance between geometric entities at asserted connectivities');
#4371=(GEOMETRIC_REPRESENTATION_CONTEXT(3)GLOBAL_UNCERTAINTY_ASSIGNED_CONTEXT((
#4370))GLOBAL_UNIT_ASSIGNED_CONTEXT((#4364,#4368,#4369))REPRESENTATION_CONTEXT(
'ID1','3'));
#4248=GEOMETRIC_SET('',(#4247,#4253,#4258,#4263,#4268,#4273,#4288,#4303,#4318,
#4333,#4348,#4363));
#4375=SHAPE_REPRESENTATION_RELATIONSHIP('','',#4374,#4372);
#4376=SHAPE_REPRESENTATION_RELATIONSHIP('','',#4374,#4373);
#4377=APPLICATION_CONTEXT(
'CONFIGURATION CONTROLLED 3D DESIGNS OF MECHANICAL PARTS AND ASSEMBLIES');
#4378=APPLICATION_PROTOCOL_DEFINITION('international standard',
'config_control_design',1994,#4377);
#4379=DESIGN_CONTEXT('',#4377,'design');
#4380=MECHANICAL_CONTEXT('',#4377,'mechanical');
#4381=PRODUCT('026192061','026192061','NOT SPECIFIED',(#4380));
#4382=PRODUCT_DEFINITION_FORMATION_WITH_SPECIFIED_SOURCE('1','LAST_VERSION',
#4381,.MADE.);
#4386=PRODUCT_CATEGORY('part','');
#4387=PRODUCT_RELATED_PRODUCT_CATEGORY('detail','',(#4381));
#4388=PRODUCT_CATEGORY_RELATIONSHIP('','',#4386,#4387);
#4389=SECURITY_CLASSIFICATION_LEVEL('unclassified');
#4390=SECURITY_CLASSIFICATION('','',#4389);
#4391=CC_DESIGN_SECURITY_CLASSIFICATION(#4390,(#4382));
#4392=APPROVAL_STATUS('approved');
#4393=APPROVAL(#4392,'');
#4394=CC_DESIGN_APPROVAL(#4393,(#4390,#4382,#4383));
#4395=CALENDAR_DATE(114,8,9);
#4396=COORDINATED_UNIVERSAL_TIME_OFFSET(5,30,.AHEAD.);
#4397=LOCAL_TIME(15,54,5.5E1,#4396);
#4398=DATE_AND_TIME(#4395,#4397);
#4399=APPROVAL_DATE_TIME(#4398,#4393);
#4400=DATE_TIME_ROLE('creation_date');
#4401=CC_DESIGN_DATE_AND_TIME_ASSIGNMENT(#4398,#4400,(#4383));
#4402=DATE_TIME_ROLE('classification_date');
#4403=CC_DESIGN_DATE_AND_TIME_ASSIGNMENT(#4398,#4402,(#4390));
#4404=PERSON('UNSPECIFIED','UNSPECIFIED',$,$,$,$);
#4405=ORGANIZATION('UNSPECIFIED','UNSPECIFIED','UNSPECIFIED');
#4406=PERSON_AND_ORGANIZATION(#4404,#4405);
#4407=APPROVAL_ROLE('approver');
#4408=APPROVAL_PERSON_ORGANIZATION(#4406,#4393,#4407);
#4409=PERSON_AND_ORGANIZATION_ROLE('creator');
#4410=CC_DESIGN_PERSON_AND_ORGANIZATION_ASSIGNMENT(#4406,#4409,(#4382,#4383));
#4411=PERSON_AND_ORGANIZATION_ROLE('design_supplier');
#4412=CC_DESIGN_PERSON_AND_ORGANIZATION_ASSIGNMENT(#4406,#4411,(#4382));
#4413=PERSON_AND_ORGANIZATION_ROLE('classification_officer');
#4414=CC_DESIGN_PERSON_AND_ORGANIZATION_ASSIGNMENT(#4406,#4413,(#4390));
#4415=PERSON_AND_ORGANIZATION_ROLE('design_owner');
#4416=CC_DESIGN_PERSON_AND_ORGANIZATION_ASSIGNMENT(#4406,#4415,(#4381));
#525=CIRCLE('',#524,5.7E-1);
#530=CIRCLE('',#529,5.7E-1);
#543=CIRCLE('',#542,5.7E-1);
#560=CIRCLE('',#559,5.7E-1);
#573=CIRCLE('',#572,5.7E-1);
#582=CIRCLE('',#581,5.7E-1);
#587=CIRCLE('',#586,2.3E-1);
#592=CIRCLE('',#591,2.3E-1);
#601=CIRCLE('',#600,5.7E-1);
#606=CIRCLE('',#605,5.7E-1);
#755=CIRCLE('',#754,5.7E-1);
#760=CIRCLE('',#759,5.7E-1);
#765=CIRCLE('',#764,5.7E-1);
#770=CIRCLE('',#769,5.7E-1);
#775=CIRCLE('',#774,5.7E-1);
#800=CIRCLE('',#799,5.7E-1);
#813=CIRCLE('',#812,5.7E-1);
#822=CIRCLE('',#821,5.7E-1);
#827=CIRCLE('',#826,2.3E-1);
#832=CIRCLE('',#831,2.3E-1);
#841=CIRCLE('',#840,2.3E-1);
#850=CIRCLE('',#849,2.3E-1);
#947=CIRCLE('',#946,5.7E-1);
#952=CIRCLE('',#951,5.7E-1);
#957=CIRCLE('',#956,5.7E-1);
#962=CIRCLE('',#961,5.7E-1);
#967=CIRCLE('',#966,5.7E-1);
#992=CIRCLE('',#991,5.7E-1);
#1005=CIRCLE('',#1004,5.7E-1);
#1014=CIRCLE('',#1013,5.7E-1);
#1019=CIRCLE('',#1018,2.3E-1);
#1024=CIRCLE('',#1023,2.3E-1);
#1033=CIRCLE('',#1032,2.3E-1);
#1042=CIRCLE('',#1041,2.3E-1);
#1067=CIRCLE('',#1066,5.7E-1);
#1072=CIRCLE('',#1071,5.7E-1);
#1077=CIRCLE('',#1076,5.7E-1);
#1082=CIRCLE('',#1081,5.7E-1);
#1087=CIRCLE('',#1086,5.7E-1);
#1112=CIRCLE('',#1111,5.7E-1);
#1125=CIRCLE('',#1124,5.7E-1);
#1134=CIRCLE('',#1133,5.7E-1);
#1139=CIRCLE('',#1138,2.3E-1);
#1144=CIRCLE('',#1143,2.3E-1);
#1153=CIRCLE('',#1152,2.3E-1);
#1162=CIRCLE('',#1161,2.3E-1);
#1179=CIRCLE('',#1178,5.7E-1);
#1184=CIRCLE('',#1183,5.7E-1);
#1189=CIRCLE('',#1188,5.7E-1);
#1194=CIRCLE('',#1193,5.7E-1);
#1199=CIRCLE('',#1198,5.7E-1);
#1224=CIRCLE('',#1223,5.7E-1);
#1237=CIRCLE('',#1236,5.7E-1);
#1246=CIRCLE('',#1245,5.7E-1);
#1251=CIRCLE('',#1250,2.3E-1);
#1256=CIRCLE('',#1255,2.3E-1);
#1265=CIRCLE('',#1264,2.3E-1);
#1274=CIRCLE('',#1273,2.3E-1);
#1299=CIRCLE('',#1298,5.7E-1);
#1304=CIRCLE('',#1303,5.7E-1);
#1309=CIRCLE('',#1308,5.7E-1);
#1314=CIRCLE('',#1313,5.7E-1);
#1319=CIRCLE('',#1318,5.7E-1);
#1344=CIRCLE('',#1343,5.7E-1);
#1357=CIRCLE('',#1356,5.7E-1);
#1366=CIRCLE('',#1365,5.7E-1);
#1371=CIRCLE('',#1370,2.3E-1);
#1376=CIRCLE('',#1375,2.3E-1);
#1385=CIRCLE('',#1384,2.3E-1);
#1394=CIRCLE('',#1393,2.3E-1);
#1495=CIRCLE('',#1494,2.3E-1);
#1504=CIRCLE('',#1503,2.3E-1);
#1982=EDGE_CURVE('',#1551,#1552,#4,.T.);
#1984=EDGE_CURVE('',#1586,#1551,#890,.T.);
#1986=EDGE_CURVE('',#1522,#1586,#866,.T.);
#1988=EDGE_CURVE('',#1522,#1532,#8,.T.);
#1990=EDGE_CURVE('',#1532,#1530,#12,.T.);
#1992=EDGE_CURVE('',#1528,#1530,#16,.T.);
#1994=EDGE_CURVE('',#1527,#1528,#20,.T.);
#1996=EDGE_CURVE('',#1527,#1646,#24,.T.);
#1998=EDGE_CURVE('',#1646,#1644,#28,.T.);
#2000=EDGE_CURVE('',#1642,#1644,#32,.T.);
#2002=EDGE_CURVE('',#1641,#1642,#36,.T.);
#2004=EDGE_CURVE('',#1641,#1670,#40,.T.);
#2006=EDGE_CURVE('',#1670,#1668,#44,.T.);
#2008=EDGE_CURVE('',#1666,#1668,#48,.T.);
#2010=EDGE_CURVE('',#1665,#1666,#52,.T.);
#2012=EDGE_CURVE('',#1665,#1694,#56,.T.);
#2014=EDGE_CURVE('',#1694,#1692,#60,.T.);
#2016=EDGE_CURVE('',#1690,#1692,#64,.T.);
#2018=EDGE_CURVE('',#1689,#1690,#68,.T.);
#2020=EDGE_CURVE('',#1689,#1718,#72,.T.);
#2022=EDGE_CURVE('',#1718,#1716,#76,.T.);
#2024=EDGE_CURVE('',#1714,#1716,#80,.T.);
#2026=EDGE_CURVE('',#1713,#1714,#84,.T.);
#2028=EDGE_CURVE('',#1713,#1932,#88,.T.);
#2030=EDGE_CURVE('',#1932,#1930,#92,.T.);
#2032=EDGE_CURVE('',#1928,#1930,#96,.T.);
#2034=EDGE_CURVE('',#1927,#1928,#100,.T.);
#2036=EDGE_CURVE('',#1927,#1524,#104,.T.);
#2038=EDGE_CURVE('',#1524,#1579,#108,.T.);
#2040=EDGE_CURVE('',#1556,#1579,#898,.T.);
#2042=EDGE_CURVE('',#1556,#1554,#112,.T.);
#2044=EDGE_CURVE('',#1552,#1554,#116,.T.);
#2055=EDGE_CURVE('',#1558,#1552,#272,.T.);
#2057=EDGE_CURVE('',#1636,#1558,#288,.T.);
#2059=EDGE_CURVE('',#1632,#1636,#902,.T.);
#2061=EDGE_CURVE('',#1551,#1632,#886,.T.);
#2071=EDGE_CURVE('',#1591,#1592,#120,.T.);
#2073=EDGE_CURVE('',#1591,#1520,#124,.T.);
#2075=EDGE_CURVE('',#1520,#1940,#324,.T.);
#2077=EDGE_CURVE('',#1592,#1940,#128,.T.);
#2087=EDGE_CURVE('',#1594,#1515,#882,.T.);
#2089=EDGE_CURVE('',#1600,#1594,#132,.T.);
#2091=EDGE_CURVE('',#1600,#1535,#136,.T.);
#2093=EDGE_CURVE('',#1535,#1515,#436,.T.);
#2103=EDGE_CURVE('',#1597,#1598,#140,.T.);
#2105=EDGE_CURVE('',#1597,#1935,#144,.T.);
#2107=EDGE_CURVE('',#1935,#1726,#516,.T.);
#2109=EDGE_CURVE('',#1598,#1726,#148,.T.);
#2113=EDGE_CURVE('',#1919,#1920,#252,.T.);
#2115=EDGE_CURVE('',#1920,#1922,#256,.T.);
#2117=EDGE_CURVE('',#1922,#1924,#260,.T.);
#2119=EDGE_CURVE('',#1924,#1919,#264,.T.);
#2129=EDGE_CURVE('',#1602,#1540,#152,.T.);
#2131=EDGE_CURVE('',#1744,#1602,#156,.T.);
#2133=EDGE_CURVE('',#1744,#1649,#160,.T.);
#2135=EDGE_CURVE('',#1649,#1540,#452,.T.);
#2139=EDGE_CURVE('',#1571,#1572,#188,.T.);
#2141=EDGE_CURVE('',#1572,#1574,#192,.T.);
#2143=EDGE_CURVE('',#1574,#1576,#196,.T.);
#2145=EDGE_CURVE('',#1576,#1571,#200,.T.);
#2155=EDGE_CURVE('',#1737,#1738,#164,.T.);
#2157=EDGE_CURVE('',#1737,#1721,#168,.T.);
#2159=EDGE_CURVE('',#1721,#1702,#500,.T.);
#2161=EDGE_CURVE('',#1738,#1702,#172,.T.);
#2165=EDGE_CURVE('',#1903,#1904,#236,.T.);
#2167=EDGE_CURVE('',#1904,#1906,#240,.T.);
#2169=EDGE_CURVE('',#1906,#1908,#244,.T.);
#2171=EDGE_CURVE('',#1908,#1903,#248,.T.);
#2181=EDGE_CURVE('',#1741,#1742,#176,.T.);
#2183=EDGE_CURVE('',#1741,#1673,#180,.T.);
#2185=EDGE_CURVE('',#1673,#1654,#468,.T.);
#2187=EDGE_CURVE('',#1742,#1654,#184,.T.);
#2191=EDGE_CURVE('',#1871,#1872,#204,.T.);
#2193=EDGE_CURVE('',#1872,#1874,#208,.T.);
#2195=EDGE_CURVE('',#1874,#1876,#212,.T.);
#2197=EDGE_CURVE('',#1876,#1871,#216,.T.);
#2207=EDGE_CURVE('',#1558,#1754,#268,.T.);
#2211=EDGE_CURVE('',#1560,#1554,#918,.T.);
#2213=EDGE_CURVE('',#1757,#1560,#276,.T.);
#2215=EDGE_CURVE('',#1757,#1697,#280,.T.);
#2217=EDGE_CURVE('',#1697,#1678,#484,.T.);
#2219=EDGE_CURVE('',#1754,#1678,#284,.T.);
#2223=EDGE_CURVE('',#1887,#1888,#220,.T.);
#2225=EDGE_CURVE('',#1888,#1890,#224,.T.);
#2227=EDGE_CURVE('',#1890,#1892,#228,.T.);
#2229=EDGE_CURVE('',#1892,#1887,#232,.T.);
#2241=EDGE_CURVE('',#1752,#1754,#304,.T.);
#2243=EDGE_CURVE('',#1750,#1752,#1091,.T.);
#2245=EDGE_CURVE('',#1741,#1750,#1166,.T.);
#2248=EDGE_CURVE('',#1748,#1742,#1046,.T.);
#2250=EDGE_CURVE('',#1746,#1748,#971,.T.);
#2252=EDGE_CURVE('',#1744,#1746,#1054,.T.);
#2255=EDGE_CURVE('',#1630,#1602,#858,.T.);
#2257=EDGE_CURVE('',#1628,#1630,#779,.T.);
#2259=EDGE_CURVE('',#1600,#1628,#862,.T.);
#2262=EDGE_CURVE('',#1588,#1594,#878,.T.);
#2264=EDGE_CURVE('',#1588,#1636,#292,.T.);
#2274=EDGE_CURVE('',#1638,#1560,#296,.T.);
#2276=EDGE_CURVE('',#1638,#1582,#300,.T.);
#2278=EDGE_CURVE('',#1582,#1591,#922,.T.);
#2281=EDGE_CURVE('',#1976,#1592,#1508,.T.);
#2283=EDGE_CURVE('',#1974,#1976,#534,.T.);
#2285=EDGE_CURVE('',#1597,#1974,#520,.T.);
#2288=EDGE_CURVE('',#1764,#1598,#1398,.T.);
#2290=EDGE_CURVE('',#1762,#1764,#1323,.T.);
#2292=EDGE_CURVE('',#1737,#1762,#1406,.T.);
#2295=EDGE_CURVE('',#1760,#1738,#1278,.T.);
#2297=EDGE_CURVE('',#1758,#1760,#1203,.T.);
#2299=EDGE_CURVE('',#1757,#1758,#1286,.T.);
#2312=EDGE_CURVE('',#1678,#1676,#480,.T.);
#2314=EDGE_CURVE('',#1676,#1752,#308,.T.);
#2324=EDGE_CURVE('',#1935,#1936,#312,.T.);
#2326=EDGE_CURVE('',#1936,#1938,#316,.T.);
#2328=EDGE_CURVE('',#1940,#1938,#320,.T.);
#2331=EDGE_CURVE('',#1519,#1520,#328,.T.);
#2333=EDGE_CURVE('',#1943,#1519,#332,.T.);
#2335=EDGE_CURVE('',#1943,#1944,#336,.T.);
#2337=EDGE_CURVE('',#1944,#1946,#340,.T.);
#2339=EDGE_CURVE('',#1948,#1946,#344,.T.);
#2341=EDGE_CURVE('',#1729,#1948,#348,.T.);
#2343=EDGE_CURVE('',#1729,#1730,#352,.T.);
#2345=EDGE_CURVE('',#1730,#1732,#356,.T.);
#2347=EDGE_CURVE('',#1734,#1732,#360,.T.);
#2349=EDGE_CURVE('',#1705,#1734,#364,.T.);
#2351=EDGE_CURVE('',#1705,#1706,#368,.T.);
#2353=EDGE_CURVE('',#1706,#1708,#372,.T.);
#2355=EDGE_CURVE('',#1710,#1708,#376,.T.);
#2357=EDGE_CURVE('',#1681,#1710,#380,.T.);
#2359=EDGE_CURVE('',#1681,#1682,#384,.T.);
#2361=EDGE_CURVE('',#1682,#1684,#388,.T.);
#2363=EDGE_CURVE('',#1686,#1684,#392,.T.);
#2365=EDGE_CURVE('',#1657,#1686,#396,.T.);
#2367=EDGE_CURVE('',#1657,#1658,#400,.T.);
#2369=EDGE_CURVE('',#1658,#1660,#404,.T.);
#2371=EDGE_CURVE('',#1662,#1660,#408,.T.);
#2373=EDGE_CURVE('',#1543,#1662,#412,.T.);
#2375=EDGE_CURVE('',#1543,#1544,#416,.T.);
#2377=EDGE_CURVE('',#1544,#1546,#420,.T.);
#2379=EDGE_CURVE('',#1548,#1546,#424,.T.);
#2381=EDGE_CURVE('',#1516,#1548,#428,.T.);
#2383=EDGE_CURVE('',#1515,#1516,#432,.T.);
#2386=EDGE_CURVE('',#1535,#1536,#440,.T.);
#2388=EDGE_CURVE('',#1536,#1538,#444,.T.);
#2390=EDGE_CURVE('',#1540,#1538,#448,.T.);
#2393=EDGE_CURVE('',#1649,#1650,#456,.T.);
#2395=EDGE_CURVE('',#1650,#1652,#460,.T.);
#2397=EDGE_CURVE('',#1654,#1652,#464,.T.);
#2400=EDGE_CURVE('',#1673,#1674,#472,.T.);
#2402=EDGE_CURVE('',#1674,#1676,#476,.T.);
#2406=EDGE_CURVE('',#1697,#1698,#488,.T.);
#2408=EDGE_CURVE('',#1698,#1700,#492,.T.);
#2410=EDGE_CURVE('',#1702,#1700,#496,.T.);
#2413=EDGE_CURVE('',#1721,#1722,#504,.T.);
#2415=EDGE_CURVE('',#1722,#1724,#508,.T.);
#2417=EDGE_CURVE('',#1726,#1724,#512,.T.);
#2429=EDGE_CURVE('',#1936,#1974,#538,.T.);
#2442=EDGE_CURVE('',#1938,#1976,#1512,.T.);
#2448=EDGE_CURVE('',#1967,#1968,#525,.T.);
#2450=EDGE_CURVE('',#1968,#1967,#530,.T.);
#2461=EDGE_CURVE('',#1967,#1955,#551,.T.);
#2463=EDGE_CURVE('',#1955,#1963,#582,.T.);
#2465=EDGE_CURVE('',#1968,#1963,#547,.T.);
#2475=EDGE_CURVE('',#1971,#1972,#601,.T.);
#2477=EDGE_CURVE('',#1960,#1972,#564,.T.);
#2479=EDGE_CURVE('',#1952,#1960,#543,.T.);
#2481=EDGE_CURVE('',#1952,#1971,#555,.T.);
#2493=EDGE_CURVE('',#1955,#1963,#573,.T.);
#2504=EDGE_CURVE('',#1972,#1971,#606,.T.);
#2507=EDGE_CURVE('',#1952,#1960,#560,.T.);
#2518=EDGE_CURVE('',#1955,#1956,#568,.T.);
#2521=EDGE_CURVE('',#1963,#1964,#577,.T.);
#2523=EDGE_CURVE('',#1956,#1964,#587,.T.);
#2534=EDGE_CURVE('',#1956,#1964,#592,.T.);
#2557=EDGE_CURVE('',#1946,#1930,#610,.T.);
#2560=EDGE_CURVE('',#1944,#1928,#596,.T.);
#2575=EDGE_CURVE('',#1932,#1948,#658,.T.);
#2587=EDGE_CURVE('',#1532,#1548,#614,.T.);
#2590=EDGE_CURVE('',#1522,#1516,#618,.T.);
#2601=EDGE_CURVE('',#1646,#1662,#622,.T.);
#2604=EDGE_CURVE('',#1527,#1543,#626,.T.);
#2609=EDGE_CURVE('',#1563,#1564,#666,.T.);
#2611=EDGE_CURVE('',#1568,#1563,#670,.T.);
#2613=EDGE_CURVE('',#1566,#1568,#674,.T.);
#2615=EDGE_CURVE('',#1564,#1566,#678,.T.);
#2625=EDGE_CURVE('',#1670,#1686,#630,.T.);
#2628=EDGE_CURVE('',#1641,#1657,#634,.T.);
#2633=EDGE_CURVE('',#1863,#1864,#682,.T.);
#2635=EDGE_CURVE('',#1868,#1863,#686,.T.);
#2637=EDGE_CURVE('',#1866,#1868,#690,.T.);
#2639=EDGE_CURVE('',#1864,#1866,#694,.T.);
#2649=EDGE_CURVE('',#1694,#1710,#638,.T.);
#2652=EDGE_CURVE('',#1665,#1681,#642,.T.);
#2657=EDGE_CURVE('',#1879,#1880,#698,.T.);
#2659=EDGE_CURVE('',#1884,#1879,#702,.T.);
#2661=EDGE_CURVE('',#1882,#1884,#706,.T.);
#2663=EDGE_CURVE('',#1880,#1882,#710,.T.);
#2673=EDGE_CURVE('',#1718,#1734,#646,.T.);
#2676=EDGE_CURVE('',#1689,#1705,#650,.T.);
#2681=EDGE_CURVE('',#1895,#1896,#714,.T.);
#2683=EDGE_CURVE('',#1900,#1895,#718,.T.);
#2685=EDGE_CURVE('',#1898,#1900,#722,.T.);
#2687=EDGE_CURVE('',#1896,#1898,#726,.T.);
#2697=EDGE_CURVE('',#1927,#1943,#654,.T.);
#2700=EDGE_CURVE('',#1524,#1519,#934,.T.);
#2713=EDGE_CURVE('',#1713,#1729,#662,.T.);
#2718=EDGE_CURVE('',#1911,#1912,#730,.T.);
#2720=EDGE_CURVE('',#1916,#1911,#734,.T.);
#2722=EDGE_CURVE('',#1914,#1916,#738,.T.);
#2724=EDGE_CURVE('',#1912,#1914,#742,.T.);
#2737=EDGE_CURVE('',#1546,#1530,#746,.T.);
#2750=EDGE_CURVE('',#1544,#1528,#750,.T.);
#2754=EDGE_CURVE('',#1625,#1626,#755,.T.);
#2756=EDGE_CURVE('',#1626,#1625,#760,.T.);
#2778=EDGE_CURVE('',#1621,#1622,#770,.T.);
#2780=EDGE_CURVE('',#1621,#1609,#791,.T.);
#2782=EDGE_CURVE('',#1609,#1617,#822,.T.);
#2784=EDGE_CURVE('',#1622,#1617,#787,.T.);
#2795=EDGE_CURVE('',#1614,#1626,#804,.T.);
#2797=EDGE_CURVE('',#1606,#1614,#765,.T.);
#2799=EDGE_CURVE('',#1606,#1625,#795,.T.);
#2810=EDGE_CURVE('',#1538,#1630,#854,.T.);
#2813=EDGE_CURVE('',#1536,#1628,#783,.T.);
#2818=EDGE_CURVE('',#1622,#1621,#775,.T.);
#2830=EDGE_CURVE('',#1609,#1617,#813,.T.);
#2843=EDGE_CURVE('',#1606,#1614,#800,.T.);
#2854=EDGE_CURVE('',#1609,#1610,#808,.T.);
#2857=EDGE_CURVE('',#1617,#1618,#817,.T.);
#2859=EDGE_CURVE('',#1610,#1618,#827,.T.);
#2870=EDGE_CURVE('',#1610,#1618,#832,.T.);
#2892=EDGE_CURVE('',#1605,#1606,#836,.T.);
#2894=EDGE_CURVE('',#1605,#1613,#841,.T.);
#2896=EDGE_CURVE('',#1613,#1614,#845,.T.);
#2910=EDGE_CURVE('',#1605,#1613,#850,.T.);
#2955=EDGE_CURVE('',#1585,#1586,#870,.T.);
#2957=EDGE_CURVE('',#1588,#1585,#874,.T.);
#2972=EDGE_CURVE('',#1585,#1632,#906,.T.);
#2984=EDGE_CURVE('',#1556,#1634,#894,.T.);
#2987=EDGE_CURVE('',#1579,#1580,#930,.T.);
#2989=EDGE_CURVE('',#1634,#1580,#914,.T.);
#3011=EDGE_CURVE('',#1634,#1638,#910,.T.);
#3014=EDGE_CURVE('',#1580,#1582,#926,.T.);
#3056=EDGE_CURVE('',#1660,#1644,#938,.T.);
#3069=EDGE_CURVE('',#1658,#1642,#942,.T.);
#3073=EDGE_CURVE('',#1787,#1788,#947,.T.);
#3075=EDGE_CURVE('',#1788,#1787,#952,.T.);
#3097=EDGE_CURVE('',#1783,#1784,#962,.T.);
#3099=EDGE_CURVE('',#1783,#1771,#983,.T.);
#3101=EDGE_CURVE('',#1771,#1779,#1014,.T.);
#3103=EDGE_CURVE('',#1784,#1779,#979,.T.);
#3114=EDGE_CURVE('',#1776,#1788,#996,.T.);
#3116=EDGE_CURVE('',#1768,#1776,#957,.T.);
#3118=EDGE_CURVE('',#1768,#1787,#987,.T.);
#3129=EDGE_CURVE('',#1652,#1748,#1050,.T.);
#3132=EDGE_CURVE('',#1650,#1746,#975,.T.);
#3137=EDGE_CURVE('',#1784,#1783,#967,.T.);
#3149=EDGE_CURVE('',#1771,#1779,#1005,.T.);
#3162=EDGE_CURVE('',#1768,#1776,#992,.T.);
#3173=EDGE_CURVE('',#1771,#1772,#1000,.T.);
#3176=EDGE_CURVE('',#1779,#1780,#1009,.T.);
#3178=EDGE_CURVE('',#1772,#1780,#1019,.T.);
#3189=EDGE_CURVE('',#1772,#1780,#1024,.T.);
#3211=EDGE_CURVE('',#1767,#1768,#1028,.T.);
#3213=EDGE_CURVE('',#1767,#1775,#1033,.T.);
#3215=EDGE_CURVE('',#1775,#1776,#1037,.T.);
#3229=EDGE_CURVE('',#1767,#1775,#1042,.T.);
#3276=EDGE_CURVE('',#1684,#1668,#1058,.T.);
#3289=EDGE_CURVE('',#1682,#1666,#1062,.T.);
#3293=EDGE_CURVE('',#1811,#1812,#1067,.T.);
#3295=EDGE_CURVE('',#1812,#1811,#1072,.T.);
#3317=EDGE_CURVE('',#1807,#1808,#1082,.T.);
#3319=EDGE_CURVE('',#1807,#1795,#1103,.T.);
#3321=EDGE_CURVE('',#1795,#1803,#1134,.T.);
#3323=EDGE_CURVE('',#1808,#1803,#1099,.T.);
#3334=EDGE_CURVE('',#1800,#1812,#1116,.T.);
#3336=EDGE_CURVE('',#1792,#1800,#1077,.T.);
#3338=EDGE_CURVE('',#1792,#1811,#1107,.T.);
#3351=EDGE_CURVE('',#1674,#1750,#1095,.T.);
#3356=EDGE_CURVE('',#1808,#1807,#1087,.T.);
#3368=EDGE_CURVE('',#1795,#1803,#1125,.T.);
#3381=EDGE_CURVE('',#1792,#1800,#1112,.T.);
#3392=EDGE_CURVE('',#1795,#1796,#1120,.T.);
#3395=EDGE_CURVE('',#1803,#1804,#1129,.T.);
#3397=EDGE_CURVE('',#1796,#1804,#1139,.T.);
#3408=EDGE_CURVE('',#1796,#1804,#1144,.T.);
#3430=EDGE_CURVE('',#1791,#1792,#1148,.T.);
#3432=EDGE_CURVE('',#1791,#1799,#1153,.T.);
#3434=EDGE_CURVE('',#1799,#1800,#1157,.T.);
#3448=EDGE_CURVE('',#1791,#1799,#1162,.T.);
#3483=EDGE_CURVE('',#1708,#1692,#1170,.T.);
#3496=EDGE_CURVE('',#1706,#1690,#1174,.T.);
#3500=EDGE_CURVE('',#1835,#1836,#1179,.T.);
#3502=EDGE_CURVE('',#1836,#1835,#1184,.T.);
#3524=EDGE_CURVE('',#1831,#1832,#1194,.T.);
#3526=EDGE_CURVE('',#1831,#1819,#1215,.T.);
#3528=EDGE_CURVE('',#1819,#1827,#1246,.T.);
#3530=EDGE_CURVE('',#1832,#1827,#1211,.T.);
#3541=EDGE_CURVE('',#1824,#1836,#1228,.T.);
#3543=EDGE_CURVE('',#1816,#1824,#1189,.T.);
#3545=EDGE_CURVE('',#1816,#1835,#1219,.T.);
#3556=EDGE_CURVE('',#1700,#1760,#1282,.T.);
#3559=EDGE_CURVE('',#1698,#1758,#1207,.T.);
#3564=EDGE_CURVE('',#1832,#1831,#1199,.T.);
#3576=EDGE_CURVE('',#1819,#1827,#1237,.T.);
#3589=EDGE_CURVE('',#1816,#1824,#1224,.T.);
#3600=EDGE_CURVE('',#1819,#1820,#1232,.T.);
#3603=EDGE_CURVE('',#1827,#1828,#1241,.T.);
#3605=EDGE_CURVE('',#1820,#1828,#1251,.T.);
#3616=EDGE_CURVE('',#1820,#1828,#1256,.T.);
#3638=EDGE_CURVE('',#1815,#1816,#1260,.T.);
#3640=EDGE_CURVE('',#1815,#1823,#1265,.T.);
#3642=EDGE_CURVE('',#1823,#1824,#1269,.T.);
#3656=EDGE_CURVE('',#1815,#1823,#1274,.T.);
#3703=EDGE_CURVE('',#1732,#1716,#1290,.T.);
#3716=EDGE_CURVE('',#1730,#1714,#1294,.T.);
#3720=EDGE_CURVE('',#1859,#1860,#1299,.T.);
#3722=EDGE_CURVE('',#1860,#1859,#1304,.T.);
#3744=EDGE_CURVE('',#1855,#1856,#1314,.T.);
#3746=EDGE_CURVE('',#1855,#1843,#1335,.T.);
#3748=EDGE_CURVE('',#1843,#1851,#1366,.T.);
#3750=EDGE_CURVE('',#1856,#1851,#1331,.T.);
#3761=EDGE_CURVE('',#1848,#1860,#1348,.T.);
#3763=EDGE_CURVE('',#1840,#1848,#1309,.T.);
#3765=EDGE_CURVE('',#1840,#1859,#1339,.T.);
#3776=EDGE_CURVE('',#1724,#1764,#1402,.T.);
#3779=EDGE_CURVE('',#1722,#1762,#1327,.T.);
#3784=EDGE_CURVE('',#1856,#1855,#1319,.T.);
#3796=EDGE_CURVE('',#1843,#1851,#1357,.T.);
#3809=EDGE_CURVE('',#1840,#1848,#1344,.T.);
#3820=EDGE_CURVE('',#1843,#1844,#1352,.T.);
#3823=EDGE_CURVE('',#1851,#1852,#1361,.T.);
#3825=EDGE_CURVE('',#1844,#1852,#1371,.T.);
#3836=EDGE_CURVE('',#1844,#1852,#1376,.T.);
#3858=EDGE_CURVE('',#1839,#1840,#1380,.T.);
#3860=EDGE_CURVE('',#1839,#1847,#1385,.T.);
#3862=EDGE_CURVE('',#1847,#1848,#1389,.T.);
#3876=EDGE_CURVE('',#1839,#1847,#1394,.T.);
#3933=EDGE_CURVE('',#1572,#1564,#1414,.T.);
#3936=EDGE_CURVE('',#1571,#1563,#1410,.T.);
#3947=EDGE_CURVE('',#1574,#1566,#1418,.T.);
#3960=EDGE_CURVE('',#1576,#1568,#1422,.T.);
#3985=EDGE_CURVE('',#1872,#1864,#1430,.T.);
#3988=EDGE_CURVE('',#1871,#1863,#1426,.T.);
#3999=EDGE_CURVE('',#1874,#1866,#1434,.T.);
#4012=EDGE_CURVE('',#1876,#1868,#1438,.T.);
#4037=EDGE_CURVE('',#1888,#1880,#1446,.T.);
#4040=EDGE_CURVE('',#1887,#1879,#1442,.T.);
#4051=EDGE_CURVE('',#1890,#1882,#1450,.T.);
#4064=EDGE_CURVE('',#1892,#1884,#1454,.T.);
#4089=EDGE_CURVE('',#1904,#1896,#1462,.T.);
#4092=EDGE_CURVE('',#1903,#1895,#1458,.T.);
#4103=EDGE_CURVE('',#1906,#1898,#1466,.T.);
#4116=EDGE_CURVE('',#1908,#1900,#1470,.T.);
#4141=EDGE_CURVE('',#1920,#1912,#1478,.T.);
#4144=EDGE_CURVE('',#1919,#1911,#1474,.T.);
#4155=EDGE_CURVE('',#1922,#1914,#1482,.T.);
#4168=EDGE_CURVE('',#1924,#1916,#1486,.T.);
#4192=EDGE_CURVE('',#1951,#1952,#1490,.T.);
#4194=EDGE_CURVE('',#1951,#1959,#1495,.T.);
#4196=EDGE_CURVE('',#1959,#1960,#1499,.T.);
#4210=EDGE_CURVE('',#1951,#1959,#1504,.T.);
#4247=TRIMMED_CURVE('A_1',#4246,(PARAMETER_VALUE(0.E0)),(PARAMETER_VALUE(1.E0)),
.T.,.UNSPECIFIED.);
#4253=TRIMMED_CURVE('A_2',#4252,(PARAMETER_VALUE(0.E0)),(PARAMETER_VALUE(1.E0)),
.T.,.UNSPECIFIED.);
#4258=TRIMMED_CURVE('A_3',#4257,(PARAMETER_VALUE(0.E0)),(PARAMETER_VALUE(1.E0)),
.T.,.UNSPECIFIED.);
#4263=TRIMMED_CURVE('A_4',#4262,(PARAMETER_VALUE(0.E0)),(PARAMETER_VALUE(1.E0)),
.T.,.UNSPECIFIED.);
#4268=TRIMMED_CURVE('A_5',#4267,(PARAMETER_VALUE(0.E0)),(PARAMETER_VALUE(1.E0)),
.T.,.UNSPECIFIED.);
#4273=TRIMMED_CURVE('A_6',#4272,(PARAMETER_VALUE(0.E0)),(PARAMETER_VALUE(1.E0)),
.T.,.UNSPECIFIED.);
#4278=CIRCLE('',#4277,7.6E-1);
#4279=TRIMMED_CURVE('',#4278,(PARAMETER_VALUE(0.E0)),(PARAMETER_VALUE(1.8E2)),
.T.,.UNSPECIFIED.);
#4280=COMPOSITE_CURVE_SEGMENT(.CONTINUOUS.,.T.,#4279);
#4285=CIRCLE('',#4284,7.6E-1);
#4286=TRIMMED_CURVE('',#4285,(PARAMETER_VALUE(0.E0)),(PARAMETER_VALUE(1.8E2)),
.T.,.UNSPECIFIED.);
#4287=COMPOSITE_CURVE_SEGMENT(.CONTINUOUS.,.T.,#4286);
#4288=COMPOSITE_CURVE('',(#4280,#4287),.F.);
#4293=CIRCLE('',#4292,7.6E-1);
#4294=TRIMMED_CURVE('',#4293,(PARAMETER_VALUE(0.E0)),(PARAMETER_VALUE(1.8E2)),
.T.,.UNSPECIFIED.);
#4295=COMPOSITE_CURVE_SEGMENT(.CONTINUOUS.,.T.,#4294);
#4300=CIRCLE('',#4299,7.6E-1);
#4301=TRIMMED_CURVE('',#4300,(PARAMETER_VALUE(0.E0)),(PARAMETER_VALUE(1.8E2)),
.T.,.UNSPECIFIED.);
#4302=COMPOSITE_CURVE_SEGMENT(.CONTINUOUS.,.T.,#4301);
#4303=COMPOSITE_CURVE('',(#4295,#4302),.F.);
#4308=CIRCLE('',#4307,7.6E-1);
#4309=TRIMMED_CURVE('',#4308,(PARAMETER_VALUE(0.E0)),(PARAMETER_VALUE(1.8E2)),
.T.,.UNSPECIFIED.);
#4310=COMPOSITE_CURVE_SEGMENT(.CONTINUOUS.,.T.,#4309);
#4315=CIRCLE('',#4314,7.6E-1);
#4316=TRIMMED_CURVE('',#4315,(PARAMETER_VALUE(0.E0)),(PARAMETER_VALUE(1.8E2)),
.T.,.UNSPECIFIED.);
#4317=COMPOSITE_CURVE_SEGMENT(.CONTINUOUS.,.T.,#4316);
#4318=COMPOSITE_CURVE('',(#4310,#4317),.F.);
#4323=CIRCLE('',#4322,7.6E-1);
#4324=TRIMMED_CURVE('',#4323,(PARAMETER_VALUE(0.E0)),(PARAMETER_VALUE(1.8E2)),
.T.,.UNSPECIFIED.);
#4325=COMPOSITE_CURVE_SEGMENT(.CONTINUOUS.,.T.,#4324);
#4330=CIRCLE('',#4329,7.6E-1);
#4331=TRIMMED_CURVE('',#4330,(PARAMETER_VALUE(0.E0)),(PARAMETER_VALUE(1.8E2)),
.T.,.UNSPECIFIED.);
#4332=COMPOSITE_CURVE_SEGMENT(.CONTINUOUS.,.T.,#4331);
#4333=COMPOSITE_CURVE('',(#4325,#4332),.F.);
#4338=CIRCLE('',#4337,7.6E-1);
#4339=TRIMMED_CURVE('',#4338,(PARAMETER_VALUE(0.E0)),(PARAMETER_VALUE(1.8E2)),
.T.,.UNSPECIFIED.);
#4340=COMPOSITE_CURVE_SEGMENT(.CONTINUOUS.,.T.,#4339);
#4345=CIRCLE('',#4344,7.6E-1);
#4346=TRIMMED_CURVE('',#4345,(PARAMETER_VALUE(0.E0)),(PARAMETER_VALUE(1.8E2)),
.T.,.UNSPECIFIED.);
#4347=COMPOSITE_CURVE_SEGMENT(.CONTINUOUS.,.T.,#4346);
#4348=COMPOSITE_CURVE('',(#4340,#4347),.F.);
#4353=CIRCLE('',#4352,7.6E-1);
#4354=TRIMMED_CURVE('',#4353,(PARAMETER_VALUE(0.E0)),(PARAMETER_VALUE(1.8E2)),
.T.,.UNSPECIFIED.);
#4355=COMPOSITE_CURVE_SEGMENT(.CONTINUOUS.,.T.,#4354);
#4360=CIRCLE('',#4359,7.6E-1);
#4361=TRIMMED_CURVE('',#4360,(PARAMETER_VALUE(0.E0)),(PARAMETER_VALUE(1.8E2)),
.T.,.UNSPECIFIED.);
#4362=COMPOSITE_CURVE_SEGMENT(.CONTINUOUS.,.T.,#4361);
#4363=COMPOSITE_CURVE('',(#4355,#4362),.F.);
#4364=(LENGTH_UNIT()NAMED_UNIT(*)SI_UNIT(.MILLI.,.METRE.));
#4366=(NAMED_UNIT(*)PLANE_ANGLE_UNIT()SI_UNIT($,.RADIAN.));
#4369=(NAMED_UNIT(*)SI_UNIT($,.STERADIAN.)SOLID_ANGLE_UNIT());
#4372=ADVANCED_BREP_SHAPE_REPRESENTATION('',(#4238),#4371);
#4373=GEOMETRICALLY_BOUNDED_SURFACE_SHAPE_REPRESENTATION('',(#4248),#4371);
#4374=SHAPE_REPRESENTATION('',(#4242),#4371);
#4383=PRODUCT_DEFINITION('design','',#4382,#4379);
#4384=PRODUCT_DEFINITION_SHAPE('','SHAPE FOR 026192061.',#4383);
#4385=SHAPE_DEFINITION_REPRESENTATION(#4384,#4374);
ENDSEC;
END-ISO-10303-21;
