ISO-10303-21;
HEADER;
FILE_DESCRIPTION((''),'2;1');
FILE_NAME('026192101','2014-09-08T',('me'),(''),
'PRO/ENGINEER BY PARAMETRIC TECHNOLOGY CORPORATION, 2011490',
'PRO/ENGINEER BY PARAMETRIC TECHNOLOGY CORPORATION, 2011490','');
FILE_SCHEMA(('CONFIG_CONTROL_DESIGN'));
ENDSEC;
DATA;
#1=DIRECTION('',(0.E0,-1.E0,0.E0));
#2=VECTOR('',#1,5.95E0);
#3=CARTESIAN_POINT('',(3.44E0,7.535E0,-3.43E0));
#4=LINE('',#3,#2);
#5=DIRECTION('',(0.E0,-1.E0,0.E0));
#6=VECTOR('',#5,5.95E0);
#7=CARTESIAN_POINT('',(-7.42E0,7.535E0,-3.43E0));
#8=LINE('',#7,#6);
#9=DIRECTION('',(1.E0,0.E0,0.E0));
#10=VECTOR('',#9,1.02E0);
#11=CARTESIAN_POINT('',(-8.44E0,1.585E0,-3.43E0));
#12=LINE('',#11,#10);
#13=DIRECTION('',(0.E0,-1.E0,0.E0));
#14=VECTOR('',#13,5.95E0);
#15=CARTESIAN_POINT('',(-8.44E0,7.535E0,-3.43E0));
#16=LINE('',#15,#14);
#17=DIRECTION('',(1.E0,0.E0,0.E0));
#18=VECTOR('',#17,8.9E-1);
#19=CARTESIAN_POINT('',(-1.981E1,-1.585E0,-3.43E0));
#20=LINE('',#19,#18);
#21=DIRECTION('',(0.E0,1.E0,0.E0));
#22=VECTOR('',#21,3.8E-1);
#23=CARTESIAN_POINT('',(-1.892E1,-1.585E0,-3.43E0));
#24=LINE('',#23,#22);
#25=DIRECTION('',(-1.E0,0.E0,0.E0));
#26=VECTOR('',#25,2.18E0);
#27=CARTESIAN_POINT('',(-1.674E1,-1.205E0,-3.43E0));
#28=LINE('',#27,#26);
#29=DIRECTION('',(0.E0,1.E0,0.E0));
#30=VECTOR('',#29,3.8E-1);
#31=CARTESIAN_POINT('',(-1.674E1,-1.585E0,-3.43E0));
#32=LINE('',#31,#30);
#33=DIRECTION('',(1.E0,0.E0,0.E0));
#34=VECTOR('',#33,1.78E0);
#35=CARTESIAN_POINT('',(-1.674E1,-1.585E0,-3.43E0));
#36=LINE('',#35,#34);
#37=DIRECTION('',(0.E0,1.E0,0.E0));
#38=VECTOR('',#37,3.8E-1);
#39=CARTESIAN_POINT('',(-1.496E1,-1.585E0,-3.43E0));
#40=LINE('',#39,#38);
#41=DIRECTION('',(-1.E0,0.E0,0.E0));
#42=VECTOR('',#41,2.18E0);
#43=CARTESIAN_POINT('',(-1.278E1,-1.205E0,-3.43E0));
#44=LINE('',#43,#42);
#45=DIRECTION('',(0.E0,1.E0,0.E0));
#46=VECTOR('',#45,3.8E-1);
#47=CARTESIAN_POINT('',(-1.278E1,-1.585E0,-3.43E0));
#48=LINE('',#47,#46);
#49=DIRECTION('',(1.E0,0.E0,0.E0));
#50=VECTOR('',#49,1.78E0);
#51=CARTESIAN_POINT('',(-1.278E1,-1.585E0,-3.43E0));
#52=LINE('',#51,#50);
#53=DIRECTION('',(0.E0,1.E0,0.E0));
#54=VECTOR('',#53,3.8E-1);
#55=CARTESIAN_POINT('',(-1.1E1,-1.585E0,-3.43E0));
#56=LINE('',#55,#54);
#57=DIRECTION('',(-1.E0,0.E0,0.E0));
#58=VECTOR('',#57,2.18E0);
#59=CARTESIAN_POINT('',(-8.82E0,-1.205E0,-3.43E0));
#60=LINE('',#59,#58);
#61=DIRECTION('',(0.E0,1.E0,0.E0));
#62=VECTOR('',#61,3.8E-1);
#63=CARTESIAN_POINT('',(-8.82E0,-1.585E0,-3.43E0));
#64=LINE('',#63,#62);
#65=DIRECTION('',(1.E0,0.E0,0.E0));
#66=VECTOR('',#65,1.78E0);
#67=CARTESIAN_POINT('',(-8.82E0,-1.585E0,-3.43E0));
#68=LINE('',#67,#66);
#69=DIRECTION('',(0.E0,1.E0,0.E0));
#70=VECTOR('',#69,3.8E-1);
#71=CARTESIAN_POINT('',(-7.04E0,-1.585E0,-3.43E0));
#72=LINE('',#71,#70);
#73=DIRECTION('',(-1.E0,0.E0,0.E0));
#74=VECTOR('',#73,2.18E0);
#75=CARTESIAN_POINT('',(-4.86E0,-1.205E0,-3.43E0));
#76=LINE('',#75,#74);
#77=DIRECTION('',(0.E0,1.E0,0.E0));
#78=VECTOR('',#77,3.8E-1);
#79=CARTESIAN_POINT('',(-4.86E0,-1.585E0,-3.43E0));
#80=LINE('',#79,#78);
#81=DIRECTION('',(1.E0,0.E0,0.E0));
#82=VECTOR('',#81,1.78E0);
#83=CARTESIAN_POINT('',(-4.86E0,-1.585E0,-3.43E0));
#84=LINE('',#83,#82);
#85=DIRECTION('',(0.E0,1.E0,0.E0));
#86=VECTOR('',#85,3.8E-1);
#87=CARTESIAN_POINT('',(-3.08E0,-1.585E0,-3.43E0));
#88=LINE('',#87,#86);
#89=DIRECTION('',(-1.E0,0.E0,0.E0));
#90=VECTOR('',#89,2.18E0);
#91=CARTESIAN_POINT('',(-9.E-1,-1.205E0,-3.43E0));
#92=LINE('',#91,#90);
#93=DIRECTION('',(0.E0,1.E0,0.E0));
#94=VECTOR('',#93,3.8E-1);
#95=CARTESIAN_POINT('',(-9.E-1,-1.585E0,-3.43E0));
#96=LINE('',#95,#94);
#97=DIRECTION('',(1.E0,0.E0,0.E0));
#98=VECTOR('',#97,1.78E0);
#99=CARTESIAN_POINT('',(-9.E-1,-1.585E0,-3.43E0));
#100=LINE('',#99,#98);
#101=DIRECTION('',(0.E0,1.E0,0.E0));
#102=VECTOR('',#101,3.8E-1);
#103=CARTESIAN_POINT('',(8.8E-1,-1.585E0,-3.43E0));
#104=LINE('',#103,#102);
#105=DIRECTION('',(-1.E0,0.E0,0.E0));
#106=VECTOR('',#105,2.18E0);
#107=CARTESIAN_POINT('',(3.06E0,-1.205E0,-3.43E0));
#108=LINE('',#107,#106);
#109=DIRECTION('',(0.E0,1.E0,0.E0));
#110=VECTOR('',#109,3.8E-1);
#111=CARTESIAN_POINT('',(3.06E0,-1.585E0,-3.43E0));
#112=LINE('',#111,#110);
#113=DIRECTION('',(1.E0,0.E0,0.E0));
#114=VECTOR('',#113,1.78E0);
#115=CARTESIAN_POINT('',(3.06E0,-1.585E0,-3.43E0));
#116=LINE('',#115,#114);
#117=DIRECTION('',(0.E0,1.E0,0.E0));
#118=VECTOR('',#117,3.8E-1);
#119=CARTESIAN_POINT('',(4.84E0,-1.585E0,-3.43E0));
#120=LINE('',#119,#118);
#121=DIRECTION('',(-1.E0,0.E0,0.E0));
#122=VECTOR('',#121,2.18E0);
#123=CARTESIAN_POINT('',(7.02E0,-1.205E0,-3.43E0));
#124=LINE('',#123,#122);
#125=DIRECTION('',(0.E0,1.E0,0.E0));
#126=VECTOR('',#125,3.8E-1);
#127=CARTESIAN_POINT('',(7.02E0,-1.585E0,-3.43E0));
#128=LINE('',#127,#126);
#129=DIRECTION('',(1.E0,0.E0,0.E0));
#130=VECTOR('',#129,1.78E0);
#131=CARTESIAN_POINT('',(7.02E0,-1.585E0,-3.43E0));
#132=LINE('',#131,#130);
#133=DIRECTION('',(0.E0,1.E0,0.E0));
#134=VECTOR('',#133,3.8E-1);
#135=CARTESIAN_POINT('',(8.8E0,-1.585E0,-3.43E0));
#136=LINE('',#135,#134);
#137=DIRECTION('',(-1.E0,0.E0,0.E0));
#138=VECTOR('',#137,2.18E0);
#139=CARTESIAN_POINT('',(1.098E1,-1.205E0,-3.43E0));
#140=LINE('',#139,#138);
#141=DIRECTION('',(0.E0,1.E0,0.E0));
#142=VECTOR('',#141,3.8E-1);
#143=CARTESIAN_POINT('',(1.098E1,-1.585E0,-3.43E0));
#144=LINE('',#143,#142);
#145=DIRECTION('',(1.E0,0.E0,0.E0));
#146=VECTOR('',#145,1.78E0);
#147=CARTESIAN_POINT('',(1.098E1,-1.585E0,-3.43E0));
#148=LINE('',#147,#146);
#149=DIRECTION('',(0.E0,1.E0,0.E0));
#150=VECTOR('',#149,3.8E-1);
#151=CARTESIAN_POINT('',(1.276E1,-1.585E0,-3.43E0));
#152=LINE('',#151,#150);
#153=DIRECTION('',(-1.E0,0.E0,0.E0));
#154=VECTOR('',#153,2.18E0);
#155=CARTESIAN_POINT('',(1.494E1,-1.205E0,-3.43E0));
#156=LINE('',#155,#154);
#157=DIRECTION('',(0.E0,1.E0,0.E0));
#158=VECTOR('',#157,3.8E-1);
#159=CARTESIAN_POINT('',(1.494E1,-1.585E0,-3.43E0));
#160=LINE('',#159,#158);
#161=DIRECTION('',(1.E0,0.E0,0.E0));
#162=VECTOR('',#161,1.78E0);
#163=CARTESIAN_POINT('',(1.494E1,-1.585E0,-3.43E0));
#164=LINE('',#163,#162);
#165=DIRECTION('',(0.E0,1.E0,0.E0));
#166=VECTOR('',#165,3.8E-1);
#167=CARTESIAN_POINT('',(1.672E1,-1.585E0,-3.43E0));
#168=LINE('',#167,#166);
#169=DIRECTION('',(-1.E0,0.E0,0.E0));
#170=VECTOR('',#169,2.18E0);
#171=CARTESIAN_POINT('',(1.89E1,-1.205E0,-3.43E0));
#172=LINE('',#171,#170);
#173=DIRECTION('',(0.E0,1.E0,0.E0));
#174=VECTOR('',#173,3.8E-1);
#175=CARTESIAN_POINT('',(1.89E1,-1.585E0,-3.43E0));
#176=LINE('',#175,#174);
#177=DIRECTION('',(1.E0,0.E0,0.E0));
#178=VECTOR('',#177,9.1E-1);
#179=CARTESIAN_POINT('',(1.89E1,-1.585E0,-3.43E0));
#180=LINE('',#179,#178);
#181=DIRECTION('',(0.E0,1.E0,0.E0));
#182=VECTOR('',#181,9.12E0);
#183=CARTESIAN_POINT('',(1.981E1,-1.585E0,-3.43E0));
#184=LINE('',#183,#182);
#185=DIRECTION('',(0.E0,-1.E0,0.E0));
#186=VECTOR('',#185,5.95E0);
#187=CARTESIAN_POINT('',(4.46E0,7.535E0,-3.43E0));
#188=LINE('',#187,#186);
#189=DIRECTION('',(1.E0,0.E0,0.E0));
#190=VECTOR('',#189,1.02E0);
#191=CARTESIAN_POINT('',(3.44E0,1.585E0,-3.43E0));
#192=LINE('',#191,#190);
#193=DIRECTION('',(-1.E0,0.E0,0.E0));
#194=VECTOR('',#193,9.1E-1);
#195=CARTESIAN_POINT('',(1.981E1,1.585E0,-2.45E0));
#196=LINE('',#195,#194);
#197=DIRECTION('',(0.E0,0.E0,1.E0));
#198=VECTOR('',#197,5.92E0);
#199=CARTESIAN_POINT('',(1.981E1,1.585E0,-2.45E0));
#200=LINE('',#199,#198);
#201=DIRECTION('',(0.E0,0.E0,1.E0));
#202=VECTOR('',#201,5.92E0);
#203=CARTESIAN_POINT('',(1.89E1,1.585E0,-2.45E0));
#204=LINE('',#203,#202);
#205=DIRECTION('',(-1.E0,0.E0,0.E0));
#206=VECTOR('',#205,8.9E-1);
#207=CARTESIAN_POINT('',(-1.892E1,1.585E0,-2.45E0));
#208=LINE('',#207,#206);
#209=DIRECTION('',(0.E0,0.E0,1.E0));
#210=VECTOR('',#209,5.92E0);
#211=CARTESIAN_POINT('',(-1.892E1,1.585E0,-2.45E0));
#212=LINE('',#211,#210);
#213=DIRECTION('',(-1.E0,0.E0,0.E0));
#214=VECTOR('',#213,1.78E0);
#215=CARTESIAN_POINT('',(1.672E1,1.585E0,-2.45E0));
#216=LINE('',#215,#214);
#217=DIRECTION('',(0.E0,0.E0,1.E0));
#218=VECTOR('',#217,5.92E0);
#219=CARTESIAN_POINT('',(1.672E1,1.585E0,-2.45E0));
#220=LINE('',#219,#218);
#221=DIRECTION('',(0.E0,0.E0,1.E0));
#222=VECTOR('',#221,5.92E0);
#223=CARTESIAN_POINT('',(1.494E1,1.585E0,-2.45E0));
#224=LINE('',#223,#222);
#225=DIRECTION('',(0.E0,0.E0,1.E0));
#226=VECTOR('',#225,5.92E0);
#227=CARTESIAN_POINT('',(-1.674E1,1.585E0,-2.45E0));
#228=LINE('',#227,#226);
#229=DIRECTION('',(-1.E0,0.E0,0.E0));
#230=VECTOR('',#229,1.78E0);
#231=CARTESIAN_POINT('',(-1.496E1,1.585E0,-2.45E0));
#232=LINE('',#231,#230);
#233=DIRECTION('',(0.E0,0.E0,1.E0));
#234=VECTOR('',#233,5.92E0);
#235=CARTESIAN_POINT('',(-1.496E1,1.585E0,-2.45E0));
#236=LINE('',#235,#234);
#237=DIRECTION('',(-1.E0,0.E0,0.E0));
#238=VECTOR('',#237,1.78E0);
#239=CARTESIAN_POINT('',(1.276E1,1.585E0,-2.45E0));
#240=LINE('',#239,#238);
#241=DIRECTION('',(0.E0,0.E0,1.E0));
#242=VECTOR('',#241,5.92E0);
#243=CARTESIAN_POINT('',(1.276E1,1.585E0,-2.45E0));
#244=LINE('',#243,#242);
#245=DIRECTION('',(0.E0,0.E0,1.E0));
#246=VECTOR('',#245,5.92E0);
#247=CARTESIAN_POINT('',(1.098E1,1.585E0,-2.45E0));
#248=LINE('',#247,#246);
#249=DIRECTION('',(-1.E0,0.E0,0.E0));
#250=VECTOR('',#249,1.78E0);
#251=CARTESIAN_POINT('',(8.8E0,1.585E0,-2.45E0));
#252=LINE('',#251,#250);
#253=DIRECTION('',(0.E0,0.E0,1.E0));
#254=VECTOR('',#253,5.92E0);
#255=CARTESIAN_POINT('',(8.8E0,1.585E0,-2.45E0));
#256=LINE('',#255,#254);
#257=DIRECTION('',(0.E0,0.E0,1.E0));
#258=VECTOR('',#257,5.92E0);
#259=CARTESIAN_POINT('',(7.02E0,1.585E0,-2.45E0));
#260=LINE('',#259,#258);
#261=DIRECTION('',(-1.E0,0.E0,0.E0));
#262=VECTOR('',#261,1.78E0);
#263=CARTESIAN_POINT('',(8.8E-1,1.585E0,-2.45E0));
#264=LINE('',#263,#262);
#265=DIRECTION('',(0.E0,0.E0,1.E0));
#266=VECTOR('',#265,5.92E0);
#267=CARTESIAN_POINT('',(8.8E-1,1.585E0,-2.45E0));
#268=LINE('',#267,#266);
#269=DIRECTION('',(0.E0,0.E0,1.E0));
#270=VECTOR('',#269,5.92E0);
#271=CARTESIAN_POINT('',(-9.E-1,1.585E0,-2.45E0));
#272=LINE('',#271,#270);
#273=DIRECTION('',(0.E0,0.E0,1.E0));
#274=VECTOR('',#273,5.92E0);
#275=CARTESIAN_POINT('',(-1.278E1,1.585E0,-2.45E0));
#276=LINE('',#275,#274);
#277=DIRECTION('',(-1.E0,0.E0,0.E0));
#278=VECTOR('',#277,1.78E0);
#279=CARTESIAN_POINT('',(-1.1E1,1.585E0,-2.45E0));
#280=LINE('',#279,#278);
#281=DIRECTION('',(0.E0,0.E0,1.E0));
#282=VECTOR('',#281,5.92E0);
#283=CARTESIAN_POINT('',(-1.1E1,1.585E0,-2.45E0));
#284=LINE('',#283,#282);
#285=DIRECTION('',(0.E0,0.E0,1.E0));
#286=VECTOR('',#285,5.92E0);
#287=CARTESIAN_POINT('',(-4.86E0,1.585E0,-2.45E0));
#288=LINE('',#287,#286);
#289=DIRECTION('',(-1.E0,0.E0,0.E0));
#290=VECTOR('',#289,1.78E0);
#291=CARTESIAN_POINT('',(-3.08E0,1.585E0,-2.45E0));
#292=LINE('',#291,#290);
#293=DIRECTION('',(0.E0,0.E0,1.E0));
#294=VECTOR('',#293,5.92E0);
#295=CARTESIAN_POINT('',(-3.08E0,1.585E0,-2.45E0));
#296=LINE('',#295,#294);
#297=DIRECTION('',(0.E0,0.E0,1.E0));
#298=VECTOR('',#297,3.E0);
#299=CARTESIAN_POINT('',(-1.636E1,1.585E0,-1.5E0));
#300=LINE('',#299,#298);
#301=DIRECTION('',(1.E0,0.E0,0.E0));
#302=VECTOR('',#301,1.02E0);
#303=CARTESIAN_POINT('',(-1.636E1,1.585E0,1.5E0));
#304=LINE('',#303,#302);
#305=DIRECTION('',(0.E0,0.E0,-1.E0));
#306=VECTOR('',#305,3.E0);
#307=CARTESIAN_POINT('',(-1.534E1,1.585E0,1.5E0));
#308=LINE('',#307,#306);
#309=DIRECTION('',(-1.E0,0.E0,0.E0));
#310=VECTOR('',#309,1.02E0);
#311=CARTESIAN_POINT('',(-1.534E1,1.585E0,-1.5E0));
#312=LINE('',#311,#310);
#313=DIRECTION('',(0.E0,0.E0,1.E0));
#314=VECTOR('',#313,3.E0);
#315=CARTESIAN_POINT('',(-1.24E1,1.585E0,-1.5E0));
#316=LINE('',#315,#314);
#317=DIRECTION('',(1.E0,0.E0,0.E0));
#318=VECTOR('',#317,1.02E0);
#319=CARTESIAN_POINT('',(-1.24E1,1.585E0,1.5E0));
#320=LINE('',#319,#318);
#321=DIRECTION('',(0.E0,0.E0,-1.E0));
#322=VECTOR('',#321,3.E0);
#323=CARTESIAN_POINT('',(-1.138E1,1.585E0,1.5E0));
#324=LINE('',#323,#322);
#325=DIRECTION('',(-1.E0,0.E0,0.E0));
#326=VECTOR('',#325,1.02E0);
#327=CARTESIAN_POINT('',(-1.138E1,1.585E0,-1.5E0));
#328=LINE('',#327,#326);
#329=DIRECTION('',(0.E0,0.E0,1.E0));
#330=VECTOR('',#329,3.E0);
#331=CARTESIAN_POINT('',(-8.44E0,1.585E0,-1.5E0));
#332=LINE('',#331,#330);
#333=DIRECTION('',(1.E0,0.E0,0.E0));
#334=VECTOR('',#333,1.02E0);
#335=CARTESIAN_POINT('',(-8.44E0,1.585E0,1.5E0));
#336=LINE('',#335,#334);
#337=DIRECTION('',(0.E0,0.E0,-1.E0));
#338=VECTOR('',#337,3.E0);
#339=CARTESIAN_POINT('',(-7.42E0,1.585E0,1.5E0));
#340=LINE('',#339,#338);
#341=DIRECTION('',(-1.E0,0.E0,0.E0));
#342=VECTOR('',#341,1.02E0);
#343=CARTESIAN_POINT('',(-7.42E0,1.585E0,-1.5E0));
#344=LINE('',#343,#342);
#345=DIRECTION('',(0.E0,0.E0,1.E0));
#346=VECTOR('',#345,3.E0);
#347=CARTESIAN_POINT('',(-4.48E0,1.585E0,-1.5E0));
#348=LINE('',#347,#346);
#349=DIRECTION('',(1.E0,0.E0,0.E0));
#350=VECTOR('',#349,1.02E0);
#351=CARTESIAN_POINT('',(-4.48E0,1.585E0,1.5E0));
#352=LINE('',#351,#350);
#353=DIRECTION('',(0.E0,0.E0,-1.E0));
#354=VECTOR('',#353,3.E0);
#355=CARTESIAN_POINT('',(-3.46E0,1.585E0,1.5E0));
#356=LINE('',#355,#354);
#357=DIRECTION('',(-1.E0,0.E0,0.E0));
#358=VECTOR('',#357,1.02E0);
#359=CARTESIAN_POINT('',(-3.46E0,1.585E0,-1.5E0));
#360=LINE('',#359,#358);
#361=DIRECTION('',(0.E0,0.E0,1.E0));
#362=VECTOR('',#361,3.E0);
#363=CARTESIAN_POINT('',(-5.2E-1,1.585E0,-1.5E0));
#364=LINE('',#363,#362);
#365=DIRECTION('',(1.E0,0.E0,0.E0));
#366=VECTOR('',#365,1.02E0);
#367=CARTESIAN_POINT('',(-5.2E-1,1.585E0,1.5E0));
#368=LINE('',#367,#366);
#369=DIRECTION('',(0.E0,0.E0,-1.E0));
#370=VECTOR('',#369,3.E0);
#371=CARTESIAN_POINT('',(5.E-1,1.585E0,1.5E0));
#372=LINE('',#371,#370);
#373=DIRECTION('',(-1.E0,0.E0,0.E0));
#374=VECTOR('',#373,1.02E0);
#375=CARTESIAN_POINT('',(5.E-1,1.585E0,-1.5E0));
#376=LINE('',#375,#374);
#377=DIRECTION('',(0.E0,0.E0,1.E0));
#378=VECTOR('',#377,3.E0);
#379=CARTESIAN_POINT('',(3.44E0,1.585E0,-1.5E0));
#380=LINE('',#379,#378);
#381=DIRECTION('',(1.E0,0.E0,0.E0));
#382=VECTOR('',#381,1.02E0);
#383=CARTESIAN_POINT('',(3.44E0,1.585E0,1.5E0));
#384=LINE('',#383,#382);
#385=DIRECTION('',(0.E0,0.E0,-1.E0));
#386=VECTOR('',#385,3.E0);
#387=CARTESIAN_POINT('',(4.46E0,1.585E0,1.5E0));
#388=LINE('',#387,#386);
#389=DIRECTION('',(-1.E0,0.E0,0.E0));
#390=VECTOR('',#389,1.02E0);
#391=CARTESIAN_POINT('',(4.46E0,1.585E0,-1.5E0));
#392=LINE('',#391,#390);
#393=DIRECTION('',(0.E0,0.E0,1.E0));
#394=VECTOR('',#393,3.E0);
#395=CARTESIAN_POINT('',(7.4E0,1.585E0,-1.5E0));
#396=LINE('',#395,#394);
#397=DIRECTION('',(1.E0,0.E0,0.E0));
#398=VECTOR('',#397,1.02E0);
#399=CARTESIAN_POINT('',(7.4E0,1.585E0,1.5E0));
#400=LINE('',#399,#398);
#401=DIRECTION('',(0.E0,0.E0,-1.E0));
#402=VECTOR('',#401,3.E0);
#403=CARTESIAN_POINT('',(8.42E0,1.585E0,1.5E0));
#404=LINE('',#403,#402);
#405=DIRECTION('',(-1.E0,0.E0,0.E0));
#406=VECTOR('',#405,1.02E0);
#407=CARTESIAN_POINT('',(8.42E0,1.585E0,-1.5E0));
#408=LINE('',#407,#406);
#409=DIRECTION('',(0.E0,0.E0,1.E0));
#410=VECTOR('',#409,3.E0);
#411=CARTESIAN_POINT('',(1.136E1,1.585E0,-1.5E0));
#412=LINE('',#411,#410);
#413=DIRECTION('',(1.E0,0.E0,0.E0));
#414=VECTOR('',#413,1.02E0);
#415=CARTESIAN_POINT('',(1.136E1,1.585E0,1.5E0));
#416=LINE('',#415,#414);
#417=DIRECTION('',(0.E0,0.E0,-1.E0));
#418=VECTOR('',#417,3.E0);
#419=CARTESIAN_POINT('',(1.238E1,1.585E0,1.5E0));
#420=LINE('',#419,#418);
#421=DIRECTION('',(-1.E0,0.E0,0.E0));
#422=VECTOR('',#421,1.02E0);
#423=CARTESIAN_POINT('',(1.238E1,1.585E0,-1.5E0));
#424=LINE('',#423,#422);
#425=DIRECTION('',(0.E0,0.E0,1.E0));
#426=VECTOR('',#425,3.E0);
#427=CARTESIAN_POINT('',(1.532E1,1.585E0,-1.5E0));
#428=LINE('',#427,#426);
#429=DIRECTION('',(1.E0,0.E0,0.E0));
#430=VECTOR('',#429,1.02E0);
#431=CARTESIAN_POINT('',(1.532E1,1.585E0,1.5E0));
#432=LINE('',#431,#430);
#433=DIRECTION('',(0.E0,0.E0,-1.E0));
#434=VECTOR('',#433,3.E0);
#435=CARTESIAN_POINT('',(1.634E1,1.585E0,1.5E0));
#436=LINE('',#435,#434);
#437=DIRECTION('',(-1.E0,0.E0,0.E0));
#438=VECTOR('',#437,1.02E0);
#439=CARTESIAN_POINT('',(1.634E1,1.585E0,-1.5E0));
#440=LINE('',#439,#438);
#441=DIRECTION('',(-1.E0,0.E0,0.E0));
#442=VECTOR('',#441,3.8E-1);
#443=CARTESIAN_POINT('',(-8.44E0,1.585E0,-2.45E0));
#444=LINE('',#443,#442);
#445=DIRECTION('',(0.E0,0.E0,-1.E0));
#446=VECTOR('',#445,9.8E-1);
#447=CARTESIAN_POINT('',(-8.44E0,1.585E0,-2.45E0));
#448=LINE('',#447,#446);
#449=DIRECTION('',(-1.E0,0.E0,0.E0));
#450=VECTOR('',#449,3.8E-1);
#451=CARTESIAN_POINT('',(-7.04E0,1.585E0,-2.45E0));
#452=LINE('',#451,#450);
#453=DIRECTION('',(0.E0,0.E0,1.E0));
#454=VECTOR('',#453,5.92E0);
#455=CARTESIAN_POINT('',(-7.04E0,1.585E0,-2.45E0));
#456=LINE('',#455,#454);
#457=DIRECTION('',(0.E0,0.E0,1.E0));
#458=VECTOR('',#457,5.92E0);
#459=CARTESIAN_POINT('',(-8.82E0,1.585E0,-2.45E0));
#460=LINE('',#459,#458);
#461=DIRECTION('',(-1.E0,0.E0,0.E0));
#462=VECTOR('',#461,3.8E-1);
#463=CARTESIAN_POINT('',(3.44E0,1.585E0,-2.45E0));
#464=LINE('',#463,#462);
#465=DIRECTION('',(0.E0,0.E0,-1.E0));
#466=VECTOR('',#465,9.8E-1);
#467=CARTESIAN_POINT('',(3.44E0,1.585E0,-2.45E0));
#468=LINE('',#467,#466);
#469=DIRECTION('',(-1.E0,0.E0,0.E0));
#470=VECTOR('',#469,3.8E-1);
#471=CARTESIAN_POINT('',(4.84E0,1.585E0,-2.45E0));
#472=LINE('',#471,#470);
#473=DIRECTION('',(0.E0,0.E0,1.E0));
#474=VECTOR('',#473,5.92E0);
#475=CARTESIAN_POINT('',(4.84E0,1.585E0,-2.45E0));
#476=LINE('',#475,#474);
#477=DIRECTION('',(0.E0,0.E0,1.E0));
#478=VECTOR('',#477,5.92E0);
#479=CARTESIAN_POINT('',(3.06E0,1.585E0,-2.45E0));
#480=LINE('',#479,#478);
#481=DIRECTION('',(0.E0,-1.E0,0.E0));
#482=VECTOR('',#481,5.291820693124E0);
#483=CARTESIAN_POINT('',(-8.44E0,6.876820693124E0,-2.45E0));
#484=LINE('',#483,#482);
#485=DIRECTION('',(1.E0,0.E0,0.E0));
#486=VECTOR('',#485,1.137E1);
#487=CARTESIAN_POINT('',(-1.981E1,6.876820693124E0,-2.45E0));
#488=LINE('',#487,#486);
#489=DIRECTION('',(0.E0,-1.E0,0.E0));
#490=VECTOR('',#489,5.291820693124E0);
#491=CARTESIAN_POINT('',(3.44E0,6.876820693124E0,-2.45E0));
#492=LINE('',#491,#490);
#493=DIRECTION('',(0.E0,-1.E0,0.E0));
#494=VECTOR('',#493,5.291820693124E0);
#495=CARTESIAN_POINT('',(-7.42E0,6.876820693124E0,-2.45E0));
#496=LINE('',#495,#494);
#497=DIRECTION('',(1.E0,0.E0,0.E0));
#498=VECTOR('',#497,1.086E1);
#499=CARTESIAN_POINT('',(-7.42E0,6.876820693124E0,-2.45E0));
#500=LINE('',#499,#498);
#501=DIRECTION('',(0.E0,-1.E0,0.E0));
#502=VECTOR('',#501,5.291820693124E0);
#503=CARTESIAN_POINT('',(4.46E0,6.876820693124E0,-2.45E0));
#504=LINE('',#503,#502);
#505=DIRECTION('',(1.E0,0.E0,0.E0));
#506=VECTOR('',#505,1.535E1);
#507=CARTESIAN_POINT('',(4.46E0,6.876820693124E0,-2.45E0));
#508=LINE('',#507,#506);
#509=DIRECTION('',(0.E0,-8.660254037844E-1,5.E-1));
#510=VECTOR('',#509,7.6E-1);
#511=CARTESIAN_POINT('',(-8.44E0,7.535E0,-2.83E0));
#512=LINE('',#511,#510);
#513=DIRECTION('',(1.E0,0.E0,0.E0));
#514=VECTOR('',#513,1.137E1);
#515=CARTESIAN_POINT('',(-1.981E1,7.535E0,-2.83E0));
#516=LINE('',#515,#514);
#517=DIRECTION('',(0.E0,-8.660254037844E-1,5.E-1));
#518=VECTOR('',#517,7.6E-1);
#519=CARTESIAN_POINT('',(3.44E0,7.535E0,-2.83E0));
#520=LINE('',#519,#518);
#521=DIRECTION('',(0.E0,-8.660254037844E-1,5.E-1));
#522=VECTOR('',#521,7.6E-1);
#523=CARTESIAN_POINT('',(-7.42E0,7.535E0,-2.83E0));
#524=LINE('',#523,#522);
#525=DIRECTION('',(1.E0,0.E0,0.E0));
#526=VECTOR('',#525,1.086E1);
#527=CARTESIAN_POINT('',(-7.42E0,7.535E0,-2.83E0));
#528=LINE('',#527,#526);
#529=DIRECTION('',(0.E0,-8.660254037844E-1,5.E-1));
#530=VECTOR('',#529,7.6E-1);
#531=CARTESIAN_POINT('',(4.46E0,7.535E0,-2.83E0));
#532=LINE('',#531,#530);
#533=DIRECTION('',(1.E0,0.E0,0.E0));
#534=VECTOR('',#533,1.535E1);
#535=CARTESIAN_POINT('',(4.46E0,7.535E0,-2.83E0));
#536=LINE('',#535,#534);
#537=DIRECTION('',(0.E0,1.E0,0.E0));
#538=VECTOR('',#537,9.12E0);
#539=CARTESIAN_POINT('',(-1.981E1,-1.585E0,-3.43E0));
#540=LINE('',#539,#538);
#541=DIRECTION('',(0.E0,0.E0,-1.E0));
#542=VECTOR('',#541,6.E-1);
#543=CARTESIAN_POINT('',(-1.981E1,7.535E0,-2.83E0));
#544=LINE('',#543,#542);
#545=DIRECTION('',(0.E0,8.660254037844E-1,-5.E-1));
#546=VECTOR('',#545,7.6E-1);
#547=CARTESIAN_POINT('',(-1.981E1,6.876820693124E0,-2.45E0));
#548=LINE('',#547,#546);
#549=DIRECTION('',(0.E0,-1.E0,0.E0));
#550=VECTOR('',#549,5.291820693124E0);
#551=CARTESIAN_POINT('',(-1.981E1,6.876820693124E0,-2.45E0));
#552=LINE('',#551,#550);
#553=DIRECTION('',(0.E0,0.E0,1.E0));
#554=VECTOR('',#553,5.92E0);
#555=CARTESIAN_POINT('',(-1.981E1,1.585E0,-2.45E0));
#556=LINE('',#555,#554);
#557=DIRECTION('',(0.E0,0.E0,1.E0));
#558=VECTOR('',#557,6.E-1);
#559=CARTESIAN_POINT('',(-8.44E0,7.535E0,-3.43E0));
#560=LINE('',#559,#558);
#561=DIRECTION('',(1.E0,0.E0,0.E0));
#562=VECTOR('',#561,1.137E1);
#563=CARTESIAN_POINT('',(-1.981E1,7.535E0,-3.43E0));
#564=LINE('',#563,#562);
#565=DIRECTION('',(0.E0,0.E0,1.E0));
#566=VECTOR('',#565,6.E-1);
#567=CARTESIAN_POINT('',(3.44E0,7.535E0,-3.43E0));
#568=LINE('',#567,#566);
#569=DIRECTION('',(0.E0,0.E0,1.E0));
#570=VECTOR('',#569,6.E-1);
#571=CARTESIAN_POINT('',(-7.42E0,7.535E0,-3.43E0));
#572=LINE('',#571,#570);
#573=DIRECTION('',(1.E0,0.E0,0.E0));
#574=VECTOR('',#573,1.086E1);
#575=CARTESIAN_POINT('',(-7.42E0,7.535E0,-3.43E0));
#576=LINE('',#575,#574);
#577=DIRECTION('',(0.E0,0.E0,1.E0));
#578=VECTOR('',#577,6.E-1);
#579=CARTESIAN_POINT('',(4.46E0,7.535E0,-3.43E0));
#580=LINE('',#579,#578);
#581=DIRECTION('',(1.E0,0.E0,0.E0));
#582=VECTOR('',#581,1.535E1);
#583=CARTESIAN_POINT('',(4.46E0,7.535E0,-3.43E0));
#584=LINE('',#583,#582);
#585=DIRECTION('',(0.E0,0.E0,-1.E0));
#586=VECTOR('',#585,9.8E-1);
#587=CARTESIAN_POINT('',(-7.42E0,1.585E0,-2.45E0));
#588=LINE('',#587,#586);
#589=DIRECTION('',(0.E0,0.E0,-1.E0));
#590=VECTOR('',#589,9.8E-1);
#591=CARTESIAN_POINT('',(4.46E0,1.585E0,-2.45E0));
#592=LINE('',#591,#590);
#593=DIRECTION('',(0.E0,-1.E0,0.E0));
#594=VECTOR('',#593,5.291820693124E0);
#595=CARTESIAN_POINT('',(1.981E1,6.876820693124E0,-2.45E0));
#596=LINE('',#595,#594);
#597=DIRECTION('',(0.E0,-8.660254037844E-1,5.E-1));
#598=VECTOR('',#597,7.6E-1);
#599=CARTESIAN_POINT('',(1.981E1,7.535E0,-2.83E0));
#600=LINE('',#599,#598);
#601=DIRECTION('',(0.E0,0.E0,1.E0));
#602=VECTOR('',#601,6.E-1);
#603=CARTESIAN_POINT('',(1.981E1,7.535E0,-3.43E0));
#604=LINE('',#603,#602);
#605=DIRECTION('',(0.E0,0.E0,1.E0));
#606=VECTOR('',#605,6.9E0);
#607=CARTESIAN_POINT('',(1.981E1,-1.585E0,-3.43E0));
#608=LINE('',#607,#606);
#609=DIRECTION('',(0.E0,0.E0,1.E0));
#610=VECTOR('',#609,6.9E0);
#611=CARTESIAN_POINT('',(-1.892E1,-1.585E0,-3.43E0));
#612=LINE('',#611,#610);
#613=DIRECTION('',(0.E0,0.E0,1.E0));
#614=VECTOR('',#613,6.9E0);
#615=CARTESIAN_POINT('',(-1.981E1,-1.585E0,-3.43E0));
#616=LINE('',#615,#614);
#617=DIRECTION('',(0.E0,0.E0,1.E0));
#618=VECTOR('',#617,6.9E0);
#619=CARTESIAN_POINT('',(-1.496E1,-1.585E0,-3.43E0));
#620=LINE('',#619,#618);
#621=DIRECTION('',(0.E0,0.E0,1.E0));
#622=VECTOR('',#621,6.9E0);
#623=CARTESIAN_POINT('',(-1.674E1,-1.585E0,-3.43E0));
#624=LINE('',#623,#622);
#625=DIRECTION('',(0.E0,0.E0,1.E0));
#626=VECTOR('',#625,6.9E0);
#627=CARTESIAN_POINT('',(-1.1E1,-1.585E0,-3.43E0));
#628=LINE('',#627,#626);
#629=DIRECTION('',(0.E0,0.E0,1.E0));
#630=VECTOR('',#629,6.9E0);
#631=CARTESIAN_POINT('',(-1.278E1,-1.585E0,-3.43E0));
#632=LINE('',#631,#630);
#633=DIRECTION('',(0.E0,0.E0,1.E0));
#634=VECTOR('',#633,6.9E0);
#635=CARTESIAN_POINT('',(-7.04E0,-1.585E0,-3.43E0));
#636=LINE('',#635,#634);
#637=DIRECTION('',(0.E0,0.E0,1.E0));
#638=VECTOR('',#637,6.9E0);
#639=CARTESIAN_POINT('',(-8.82E0,-1.585E0,-3.43E0));
#640=LINE('',#639,#638);
#641=DIRECTION('',(0.E0,0.E0,1.E0));
#642=VECTOR('',#641,6.9E0);
#643=CARTESIAN_POINT('',(-3.08E0,-1.585E0,-3.43E0));
#644=LINE('',#643,#642);
#645=DIRECTION('',(0.E0,0.E0,1.E0));
#646=VECTOR('',#645,6.9E0);
#647=CARTESIAN_POINT('',(-4.86E0,-1.585E0,-3.43E0));
#648=LINE('',#647,#646);
#649=DIRECTION('',(0.E0,0.E0,1.E0));
#650=VECTOR('',#649,6.9E0);
#651=CARTESIAN_POINT('',(8.8E-1,-1.585E0,-3.43E0));
#652=LINE('',#651,#650);
#653=DIRECTION('',(0.E0,0.E0,1.E0));
#654=VECTOR('',#653,6.9E0);
#655=CARTESIAN_POINT('',(-9.E-1,-1.585E0,-3.43E0));
#656=LINE('',#655,#654);
#657=DIRECTION('',(0.E0,0.E0,1.E0));
#658=VECTOR('',#657,6.9E0);
#659=CARTESIAN_POINT('',(4.84E0,-1.585E0,-3.43E0));
#660=LINE('',#659,#658);
#661=DIRECTION('',(0.E0,0.E0,1.E0));
#662=VECTOR('',#661,6.9E0);
#663=CARTESIAN_POINT('',(3.06E0,-1.585E0,-3.43E0));
#664=LINE('',#663,#662);
#665=DIRECTION('',(0.E0,0.E0,1.E0));
#666=VECTOR('',#665,6.9E0);
#667=CARTESIAN_POINT('',(8.8E0,-1.585E0,-3.43E0));
#668=LINE('',#667,#666);
#669=DIRECTION('',(0.E0,0.E0,1.E0));
#670=VECTOR('',#669,6.9E0);
#671=CARTESIAN_POINT('',(7.02E0,-1.585E0,-3.43E0));
#672=LINE('',#671,#670);
#673=DIRECTION('',(0.E0,0.E0,1.E0));
#674=VECTOR('',#673,6.9E0);
#675=CARTESIAN_POINT('',(1.276E1,-1.585E0,-3.43E0));
#676=LINE('',#675,#674);
#677=DIRECTION('',(0.E0,0.E0,1.E0));
#678=VECTOR('',#677,6.9E0);
#679=CARTESIAN_POINT('',(1.098E1,-1.585E0,-3.43E0));
#680=LINE('',#679,#678);
#681=DIRECTION('',(0.E0,0.E0,1.E0));
#682=VECTOR('',#681,6.9E0);
#683=CARTESIAN_POINT('',(1.89E1,-1.585E0,-3.43E0));
#684=LINE('',#683,#682);
#685=DIRECTION('',(0.E0,0.E0,1.E0));
#686=VECTOR('',#685,6.9E0);
#687=CARTESIAN_POINT('',(1.672E1,-1.585E0,-3.43E0));
#688=LINE('',#687,#686);
#689=DIRECTION('',(0.E0,0.E0,1.E0));
#690=VECTOR('',#689,6.9E0);
#691=CARTESIAN_POINT('',(1.494E1,-1.585E0,-3.43E0));
#692=LINE('',#691,#690);
#693=DIRECTION('',(0.E0,0.E0,1.E0));
#694=VECTOR('',#693,3.E0);
#695=CARTESIAN_POINT('',(-1.636E1,-1.585E0,-1.5E0));
#696=LINE('',#695,#694);
#697=DIRECTION('',(-1.E0,0.E0,0.E0));
#698=VECTOR('',#697,1.02E0);
#699=CARTESIAN_POINT('',(-1.534E1,-1.585E0,-1.5E0));
#700=LINE('',#699,#698);
#701=DIRECTION('',(0.E0,0.E0,-1.E0));
#702=VECTOR('',#701,3.E0);
#703=CARTESIAN_POINT('',(-1.534E1,-1.585E0,1.5E0));
#704=LINE('',#703,#702);
#705=DIRECTION('',(1.E0,0.E0,0.E0));
#706=VECTOR('',#705,1.02E0);
#707=CARTESIAN_POINT('',(-1.636E1,-1.585E0,1.5E0));
#708=LINE('',#707,#706);
#709=DIRECTION('',(0.E0,0.E0,1.E0));
#710=VECTOR('',#709,3.E0);
#711=CARTESIAN_POINT('',(-1.24E1,-1.585E0,-1.5E0));
#712=LINE('',#711,#710);
#713=DIRECTION('',(-1.E0,0.E0,0.E0));
#714=VECTOR('',#713,1.02E0);
#715=CARTESIAN_POINT('',(-1.138E1,-1.585E0,-1.5E0));
#716=LINE('',#715,#714);
#717=DIRECTION('',(0.E0,0.E0,-1.E0));
#718=VECTOR('',#717,3.E0);
#719=CARTESIAN_POINT('',(-1.138E1,-1.585E0,1.5E0));
#720=LINE('',#719,#718);
#721=DIRECTION('',(1.E0,0.E0,0.E0));
#722=VECTOR('',#721,1.02E0);
#723=CARTESIAN_POINT('',(-1.24E1,-1.585E0,1.5E0));
#724=LINE('',#723,#722);
#725=DIRECTION('',(0.E0,0.E0,1.E0));
#726=VECTOR('',#725,3.E0);
#727=CARTESIAN_POINT('',(-8.44E0,-1.585E0,-1.5E0));
#728=LINE('',#727,#726);
#729=DIRECTION('',(-1.E0,0.E0,0.E0));
#730=VECTOR('',#729,1.02E0);
#731=CARTESIAN_POINT('',(-7.42E0,-1.585E0,-1.5E0));
#732=LINE('',#731,#730);
#733=DIRECTION('',(0.E0,0.E0,-1.E0));
#734=VECTOR('',#733,3.E0);
#735=CARTESIAN_POINT('',(-7.42E0,-1.585E0,1.5E0));
#736=LINE('',#735,#734);
#737=DIRECTION('',(1.E0,0.E0,0.E0));
#738=VECTOR('',#737,1.02E0);
#739=CARTESIAN_POINT('',(-8.44E0,-1.585E0,1.5E0));
#740=LINE('',#739,#738);
#741=DIRECTION('',(0.E0,0.E0,1.E0));
#742=VECTOR('',#741,3.E0);
#743=CARTESIAN_POINT('',(-4.48E0,-1.585E0,-1.5E0));
#744=LINE('',#743,#742);
#745=DIRECTION('',(-1.E0,0.E0,0.E0));
#746=VECTOR('',#745,1.02E0);
#747=CARTESIAN_POINT('',(-3.46E0,-1.585E0,-1.5E0));
#748=LINE('',#747,#746);
#749=DIRECTION('',(0.E0,0.E0,-1.E0));
#750=VECTOR('',#749,3.E0);
#751=CARTESIAN_POINT('',(-3.46E0,-1.585E0,1.5E0));
#752=LINE('',#751,#750);
#753=DIRECTION('',(1.E0,0.E0,0.E0));
#754=VECTOR('',#753,1.02E0);
#755=CARTESIAN_POINT('',(-4.48E0,-1.585E0,1.5E0));
#756=LINE('',#755,#754);
#757=DIRECTION('',(0.E0,0.E0,1.E0));
#758=VECTOR('',#757,3.E0);
#759=CARTESIAN_POINT('',(-5.2E-1,-1.585E0,-1.5E0));
#760=LINE('',#759,#758);
#761=DIRECTION('',(-1.E0,0.E0,0.E0));
#762=VECTOR('',#761,1.02E0);
#763=CARTESIAN_POINT('',(5.E-1,-1.585E0,-1.5E0));
#764=LINE('',#763,#762);
#765=DIRECTION('',(0.E0,0.E0,-1.E0));
#766=VECTOR('',#765,3.E0);
#767=CARTESIAN_POINT('',(5.E-1,-1.585E0,1.5E0));
#768=LINE('',#767,#766);
#769=DIRECTION('',(1.E0,0.E0,0.E0));
#770=VECTOR('',#769,1.02E0);
#771=CARTESIAN_POINT('',(-5.2E-1,-1.585E0,1.5E0));
#772=LINE('',#771,#770);
#773=DIRECTION('',(0.E0,0.E0,1.E0));
#774=VECTOR('',#773,3.E0);
#775=CARTESIAN_POINT('',(3.44E0,-1.585E0,-1.5E0));
#776=LINE('',#775,#774);
#777=DIRECTION('',(-1.E0,0.E0,0.E0));
#778=VECTOR('',#777,1.02E0);
#779=CARTESIAN_POINT('',(4.46E0,-1.585E0,-1.5E0));
#780=LINE('',#779,#778);
#781=DIRECTION('',(0.E0,0.E0,-1.E0));
#782=VECTOR('',#781,3.E0);
#783=CARTESIAN_POINT('',(4.46E0,-1.585E0,1.5E0));
#784=LINE('',#783,#782);
#785=DIRECTION('',(1.E0,0.E0,0.E0));
#786=VECTOR('',#785,1.02E0);
#787=CARTESIAN_POINT('',(3.44E0,-1.585E0,1.5E0));
#788=LINE('',#787,#786);
#789=DIRECTION('',(0.E0,0.E0,1.E0));
#790=VECTOR('',#789,3.E0);
#791=CARTESIAN_POINT('',(7.4E0,-1.585E0,-1.5E0));
#792=LINE('',#791,#790);
#793=DIRECTION('',(-1.E0,0.E0,0.E0));
#794=VECTOR('',#793,1.02E0);
#795=CARTESIAN_POINT('',(8.42E0,-1.585E0,-1.5E0));
#796=LINE('',#795,#794);
#797=DIRECTION('',(0.E0,0.E0,-1.E0));
#798=VECTOR('',#797,3.E0);
#799=CARTESIAN_POINT('',(8.42E0,-1.585E0,1.5E0));
#800=LINE('',#799,#798);
#801=DIRECTION('',(1.E0,0.E0,0.E0));
#802=VECTOR('',#801,1.02E0);
#803=CARTESIAN_POINT('',(7.4E0,-1.585E0,1.5E0));
#804=LINE('',#803,#802);
#805=DIRECTION('',(0.E0,0.E0,1.E0));
#806=VECTOR('',#805,3.E0);
#807=CARTESIAN_POINT('',(1.136E1,-1.585E0,-1.5E0));
#808=LINE('',#807,#806);
#809=DIRECTION('',(-1.E0,0.E0,0.E0));
#810=VECTOR('',#809,1.02E0);
#811=CARTESIAN_POINT('',(1.238E1,-1.585E0,-1.5E0));
#812=LINE('',#811,#810);
#813=DIRECTION('',(0.E0,0.E0,-1.E0));
#814=VECTOR('',#813,3.E0);
#815=CARTESIAN_POINT('',(1.238E1,-1.585E0,1.5E0));
#816=LINE('',#815,#814);
#817=DIRECTION('',(1.E0,0.E0,0.E0));
#818=VECTOR('',#817,1.02E0);
#819=CARTESIAN_POINT('',(1.136E1,-1.585E0,1.5E0));
#820=LINE('',#819,#818);
#821=DIRECTION('',(0.E0,0.E0,1.E0));
#822=VECTOR('',#821,3.E0);
#823=CARTESIAN_POINT('',(1.532E1,-1.585E0,-1.5E0));
#824=LINE('',#823,#822);
#825=DIRECTION('',(-1.E0,0.E0,0.E0));
#826=VECTOR('',#825,1.02E0);
#827=CARTESIAN_POINT('',(1.634E1,-1.585E0,-1.5E0));
#828=LINE('',#827,#826);
#829=DIRECTION('',(0.E0,0.E0,-1.E0));
#830=VECTOR('',#829,3.E0);
#831=CARTESIAN_POINT('',(1.634E1,-1.585E0,1.5E0));
#832=LINE('',#831,#830);
#833=DIRECTION('',(1.E0,0.E0,0.E0));
#834=VECTOR('',#833,1.02E0);
#835=CARTESIAN_POINT('',(1.532E1,-1.585E0,1.5E0));
#836=LINE('',#835,#834);
#837=DIRECTION('',(0.E0,0.E0,-1.E0));
#838=VECTOR('',#837,6.9E0);
#839=CARTESIAN_POINT('',(-1.892E1,-1.205E0,3.47E0));
#840=LINE('',#839,#838);
#841=DIRECTION('',(0.E0,-1.E0,0.E0));
#842=VECTOR('',#841,3.8E-1);
#843=CARTESIAN_POINT('',(1.672E1,1.585E0,3.47E0));
#844=LINE('',#843,#842);
#845=DIRECTION('',(1.E0,0.E0,0.E0));
#846=VECTOR('',#845,2.18E0);
#847=CARTESIAN_POINT('',(1.672E1,1.205E0,3.47E0));
#848=LINE('',#847,#846);
#849=DIRECTION('',(0.E0,-1.E0,0.E0));
#850=VECTOR('',#849,3.8E-1);
#851=CARTESIAN_POINT('',(1.89E1,1.585E0,3.47E0));
#852=LINE('',#851,#850);
#853=DIRECTION('',(-1.E0,0.E0,0.E0));
#854=VECTOR('',#853,9.1E-1);
#855=CARTESIAN_POINT('',(1.981E1,1.585E0,3.47E0));
#856=LINE('',#855,#854);
#857=DIRECTION('',(0.E0,1.E0,0.E0));
#858=VECTOR('',#857,3.17E0);
#859=CARTESIAN_POINT('',(1.981E1,-1.585E0,3.47E0));
#860=LINE('',#859,#858);
#861=DIRECTION('',(1.E0,0.E0,0.E0));
#862=VECTOR('',#861,9.1E-1);
#863=CARTESIAN_POINT('',(1.89E1,-1.585E0,3.47E0));
#864=LINE('',#863,#862);
#865=DIRECTION('',(0.E0,1.E0,0.E0));
#866=VECTOR('',#865,3.8E-1);
#867=CARTESIAN_POINT('',(1.89E1,-1.585E0,3.47E0));
#868=LINE('',#867,#866);
#869=DIRECTION('',(-1.E0,0.E0,0.E0));
#870=VECTOR('',#869,2.18E0);
#871=CARTESIAN_POINT('',(1.89E1,-1.205E0,3.47E0));
#872=LINE('',#871,#870);
#873=DIRECTION('',(0.E0,1.E0,0.E0));
#874=VECTOR('',#873,3.8E-1);
#875=CARTESIAN_POINT('',(1.672E1,-1.585E0,3.47E0));
#876=LINE('',#875,#874);
#877=DIRECTION('',(1.E0,0.E0,0.E0));
#878=VECTOR('',#877,1.78E0);
#879=CARTESIAN_POINT('',(1.494E1,-1.585E0,3.47E0));
#880=LINE('',#879,#878);
#881=DIRECTION('',(0.E0,1.E0,0.E0));
#882=VECTOR('',#881,3.8E-1);
#883=CARTESIAN_POINT('',(1.494E1,-1.585E0,3.47E0));
#884=LINE('',#883,#882);
#885=DIRECTION('',(-1.E0,0.E0,0.E0));
#886=VECTOR('',#885,2.18E0);
#887=CARTESIAN_POINT('',(1.494E1,-1.205E0,3.47E0));
#888=LINE('',#887,#886);
#889=DIRECTION('',(0.E0,1.E0,0.E0));
#890=VECTOR('',#889,3.8E-1);
#891=CARTESIAN_POINT('',(1.276E1,-1.585E0,3.47E0));
#892=LINE('',#891,#890);
#893=DIRECTION('',(1.E0,0.E0,0.E0));
#894=VECTOR('',#893,1.78E0);
#895=CARTESIAN_POINT('',(1.098E1,-1.585E0,3.47E0));
#896=LINE('',#895,#894);
#897=DIRECTION('',(0.E0,1.E0,0.E0));
#898=VECTOR('',#897,3.8E-1);
#899=CARTESIAN_POINT('',(1.098E1,-1.585E0,3.47E0));
#900=LINE('',#899,#898);
#901=DIRECTION('',(-1.E0,0.E0,0.E0));
#902=VECTOR('',#901,2.18E0);
#903=CARTESIAN_POINT('',(1.098E1,-1.205E0,3.47E0));
#904=LINE('',#903,#902);
#905=DIRECTION('',(0.E0,1.E0,0.E0));
#906=VECTOR('',#905,3.8E-1);
#907=CARTESIAN_POINT('',(8.8E0,-1.585E0,3.47E0));
#908=LINE('',#907,#906);
#909=DIRECTION('',(1.E0,0.E0,0.E0));
#910=VECTOR('',#909,1.78E0);
#911=CARTESIAN_POINT('',(7.02E0,-1.585E0,3.47E0));
#912=LINE('',#911,#910);
#913=DIRECTION('',(0.E0,1.E0,0.E0));
#914=VECTOR('',#913,3.8E-1);
#915=CARTESIAN_POINT('',(7.02E0,-1.585E0,3.47E0));
#916=LINE('',#915,#914);
#917=DIRECTION('',(-1.E0,0.E0,0.E0));
#918=VECTOR('',#917,2.18E0);
#919=CARTESIAN_POINT('',(7.02E0,-1.205E0,3.47E0));
#920=LINE('',#919,#918);
#921=DIRECTION('',(0.E0,1.E0,0.E0));
#922=VECTOR('',#921,3.8E-1);
#923=CARTESIAN_POINT('',(4.84E0,-1.585E0,3.47E0));
#924=LINE('',#923,#922);
#925=DIRECTION('',(1.E0,0.E0,0.E0));
#926=VECTOR('',#925,1.78E0);
#927=CARTESIAN_POINT('',(3.06E0,-1.585E0,3.47E0));
#928=LINE('',#927,#926);
#929=DIRECTION('',(0.E0,1.E0,0.E0));
#930=VECTOR('',#929,3.8E-1);
#931=CARTESIAN_POINT('',(3.06E0,-1.585E0,3.47E0));
#932=LINE('',#931,#930);
#933=DIRECTION('',(-1.E0,0.E0,0.E0));
#934=VECTOR('',#933,2.18E0);
#935=CARTESIAN_POINT('',(3.06E0,-1.205E0,3.47E0));
#936=LINE('',#935,#934);
#937=DIRECTION('',(0.E0,1.E0,0.E0));
#938=VECTOR('',#937,3.8E-1);
#939=CARTESIAN_POINT('',(8.8E-1,-1.585E0,3.47E0));
#940=LINE('',#939,#938);
#941=DIRECTION('',(1.E0,0.E0,0.E0));
#942=VECTOR('',#941,1.78E0);
#943=CARTESIAN_POINT('',(-9.E-1,-1.585E0,3.47E0));
#944=LINE('',#943,#942);
#945=DIRECTION('',(0.E0,1.E0,0.E0));
#946=VECTOR('',#945,3.8E-1);
#947=CARTESIAN_POINT('',(-9.E-1,-1.585E0,3.47E0));
#948=LINE('',#947,#946);
#949=DIRECTION('',(-1.E0,0.E0,0.E0));
#950=VECTOR('',#949,2.18E0);
#951=CARTESIAN_POINT('',(-9.E-1,-1.205E0,3.47E0));
#952=LINE('',#951,#950);
#953=DIRECTION('',(0.E0,1.E0,0.E0));
#954=VECTOR('',#953,3.8E-1);
#955=CARTESIAN_POINT('',(-3.08E0,-1.585E0,3.47E0));
#956=LINE('',#955,#954);
#957=DIRECTION('',(1.E0,0.E0,0.E0));
#958=VECTOR('',#957,1.78E0);
#959=CARTESIAN_POINT('',(-4.86E0,-1.585E0,3.47E0));
#960=LINE('',#959,#958);
#961=DIRECTION('',(0.E0,1.E0,0.E0));
#962=VECTOR('',#961,3.8E-1);
#963=CARTESIAN_POINT('',(-4.86E0,-1.585E0,3.47E0));
#964=LINE('',#963,#962);
#965=DIRECTION('',(-1.E0,0.E0,0.E0));
#966=VECTOR('',#965,2.18E0);
#967=CARTESIAN_POINT('',(-4.86E0,-1.205E0,3.47E0));
#968=LINE('',#967,#966);
#969=DIRECTION('',(0.E0,1.E0,0.E0));
#970=VECTOR('',#969,3.8E-1);
#971=CARTESIAN_POINT('',(-7.04E0,-1.585E0,3.47E0));
#972=LINE('',#971,#970);
#973=DIRECTION('',(1.E0,0.E0,0.E0));
#974=VECTOR('',#973,1.78E0);
#975=CARTESIAN_POINT('',(-8.82E0,-1.585E0,3.47E0));
#976=LINE('',#975,#974);
#977=DIRECTION('',(0.E0,1.E0,0.E0));
#978=VECTOR('',#977,3.8E-1);
#979=CARTESIAN_POINT('',(-8.82E0,-1.585E0,3.47E0));
#980=LINE('',#979,#978);
#981=DIRECTION('',(-1.E0,0.E0,0.E0));
#982=VECTOR('',#981,2.18E0);
#983=CARTESIAN_POINT('',(-8.82E0,-1.205E0,3.47E0));
#984=LINE('',#983,#982);
#985=DIRECTION('',(0.E0,1.E0,0.E0));
#986=VECTOR('',#985,3.8E-1);
#987=CARTESIAN_POINT('',(-1.1E1,-1.585E0,3.47E0));
#988=LINE('',#987,#986);
#989=DIRECTION('',(1.E0,0.E0,0.E0));
#990=VECTOR('',#989,1.78E0);
#991=CARTESIAN_POINT('',(-1.278E1,-1.585E0,3.47E0));
#992=LINE('',#991,#990);
#993=DIRECTION('',(0.E0,1.E0,0.E0));
#994=VECTOR('',#993,3.8E-1);
#995=CARTESIAN_POINT('',(-1.278E1,-1.585E0,3.47E0));
#996=LINE('',#995,#994);
#997=DIRECTION('',(-1.E0,0.E0,0.E0));
#998=VECTOR('',#997,2.18E0);
#999=CARTESIAN_POINT('',(-1.278E1,-1.205E0,3.47E0));
#1000=LINE('',#999,#998);
#1001=DIRECTION('',(0.E0,1.E0,0.E0));
#1002=VECTOR('',#1001,3.8E-1);
#1003=CARTESIAN_POINT('',(-1.496E1,-1.585E0,3.47E0));
#1004=LINE('',#1003,#1002);
#1005=DIRECTION('',(1.E0,0.E0,0.E0));
#1006=VECTOR('',#1005,1.78E0);
#1007=CARTESIAN_POINT('',(-1.674E1,-1.585E0,3.47E0));
#1008=LINE('',#1007,#1006);
#1009=DIRECTION('',(0.E0,1.E0,0.E0));
#1010=VECTOR('',#1009,3.8E-1);
#1011=CARTESIAN_POINT('',(-1.674E1,-1.585E0,3.47E0));
#1012=LINE('',#1011,#1010);
#1013=DIRECTION('',(-1.E0,0.E0,0.E0));
#1014=VECTOR('',#1013,2.18E0);
#1015=CARTESIAN_POINT('',(-1.674E1,-1.205E0,3.47E0));
#1016=LINE('',#1015,#1014);
#1017=DIRECTION('',(0.E0,1.E0,0.E0));
#1018=VECTOR('',#1017,3.8E-1);
#1019=CARTESIAN_POINT('',(-1.892E1,-1.585E0,3.47E0));
#1020=LINE('',#1019,#1018);
#1021=DIRECTION('',(1.E0,0.E0,0.E0));
#1022=VECTOR('',#1021,8.9E-1);
#1023=CARTESIAN_POINT('',(-1.981E1,-1.585E0,3.47E0));
#1024=LINE('',#1023,#1022);
#1025=DIRECTION('',(0.E0,-1.E0,0.E0));
#1026=VECTOR('',#1025,3.17E0);
#1027=CARTESIAN_POINT('',(-1.981E1,1.585E0,3.47E0));
#1028=LINE('',#1027,#1026);
#1029=DIRECTION('',(-1.E0,0.E0,0.E0));
#1030=VECTOR('',#1029,8.9E-1);
#1031=CARTESIAN_POINT('',(-1.892E1,1.585E0,3.47E0));
#1032=LINE('',#1031,#1030);
#1033=DIRECTION('',(0.E0,-1.E0,0.E0));
#1034=VECTOR('',#1033,3.8E-1);
#1035=CARTESIAN_POINT('',(-1.892E1,1.585E0,3.47E0));
#1036=LINE('',#1035,#1034);
#1037=DIRECTION('',(1.E0,0.E0,0.E0));
#1038=VECTOR('',#1037,2.18E0);
#1039=CARTESIAN_POINT('',(-1.892E1,1.205E0,3.47E0));
#1040=LINE('',#1039,#1038);
#1041=DIRECTION('',(0.E0,-1.E0,0.E0));
#1042=VECTOR('',#1041,3.8E-1);
#1043=CARTESIAN_POINT('',(-1.674E1,1.585E0,3.47E0));
#1044=LINE('',#1043,#1042);
#1045=DIRECTION('',(-1.E0,0.E0,0.E0));
#1046=VECTOR('',#1045,1.78E0);
#1047=CARTESIAN_POINT('',(-1.496E1,1.585E0,3.47E0));
#1048=LINE('',#1047,#1046);
#1049=DIRECTION('',(0.E0,-1.E0,0.E0));
#1050=VECTOR('',#1049,3.8E-1);
#1051=CARTESIAN_POINT('',(-1.496E1,1.585E0,3.47E0));
#1052=LINE('',#1051,#1050);
#1053=DIRECTION('',(1.E0,0.E0,0.E0));
#1054=VECTOR('',#1053,2.18E0);
#1055=CARTESIAN_POINT('',(-1.496E1,1.205E0,3.47E0));
#1056=LINE('',#1055,#1054);
#1057=DIRECTION('',(0.E0,-1.E0,0.E0));
#1058=VECTOR('',#1057,3.8E-1);
#1059=CARTESIAN_POINT('',(-1.278E1,1.585E0,3.47E0));
#1060=LINE('',#1059,#1058);
#1061=DIRECTION('',(-1.E0,0.E0,0.E0));
#1062=VECTOR('',#1061,1.78E0);
#1063=CARTESIAN_POINT('',(-1.1E1,1.585E0,3.47E0));
#1064=LINE('',#1063,#1062);
#1065=DIRECTION('',(0.E0,-1.E0,0.E0));
#1066=VECTOR('',#1065,3.8E-1);
#1067=CARTESIAN_POINT('',(-1.1E1,1.585E0,3.47E0));
#1068=LINE('',#1067,#1066);
#1069=DIRECTION('',(1.E0,0.E0,0.E0));
#1070=VECTOR('',#1069,2.18E0);
#1071=CARTESIAN_POINT('',(-1.1E1,1.205E0,3.47E0));
#1072=LINE('',#1071,#1070);
#1073=DIRECTION('',(0.E0,-1.E0,0.E0));
#1074=VECTOR('',#1073,3.8E-1);
#1075=CARTESIAN_POINT('',(-8.82E0,1.585E0,3.47E0));
#1076=LINE('',#1075,#1074);
#1077=DIRECTION('',(-1.E0,0.E0,0.E0));
#1078=VECTOR('',#1077,1.78E0);
#1079=CARTESIAN_POINT('',(-7.04E0,1.585E0,3.47E0));
#1080=LINE('',#1079,#1078);
#1081=DIRECTION('',(0.E0,-1.E0,0.E0));
#1082=VECTOR('',#1081,3.8E-1);
#1083=CARTESIAN_POINT('',(-7.04E0,1.585E0,3.47E0));
#1084=LINE('',#1083,#1082);
#1085=DIRECTION('',(1.E0,0.E0,0.E0));
#1086=VECTOR('',#1085,2.18E0);
#1087=CARTESIAN_POINT('',(-7.04E0,1.205E0,3.47E0));
#1088=LINE('',#1087,#1086);
#1089=DIRECTION('',(0.E0,-1.E0,0.E0));
#1090=VECTOR('',#1089,3.8E-1);
#1091=CARTESIAN_POINT('',(-4.86E0,1.585E0,3.47E0));
#1092=LINE('',#1091,#1090);
#1093=DIRECTION('',(-1.E0,0.E0,0.E0));
#1094=VECTOR('',#1093,1.78E0);
#1095=CARTESIAN_POINT('',(-3.08E0,1.585E0,3.47E0));
#1096=LINE('',#1095,#1094);
#1097=DIRECTION('',(0.E0,-1.E0,0.E0));
#1098=VECTOR('',#1097,3.8E-1);
#1099=CARTESIAN_POINT('',(-3.08E0,1.585E0,3.47E0));
#1100=LINE('',#1099,#1098);
#1101=DIRECTION('',(1.E0,0.E0,0.E0));
#1102=VECTOR('',#1101,2.18E0);
#1103=CARTESIAN_POINT('',(-3.08E0,1.205E0,3.47E0));
#1104=LINE('',#1103,#1102);
#1105=DIRECTION('',(0.E0,-1.E0,0.E0));
#1106=VECTOR('',#1105,3.8E-1);
#1107=CARTESIAN_POINT('',(-9.E-1,1.585E0,3.47E0));
#1108=LINE('',#1107,#1106);
#1109=DIRECTION('',(-1.E0,0.E0,0.E0));
#1110=VECTOR('',#1109,1.78E0);
#1111=CARTESIAN_POINT('',(8.8E-1,1.585E0,3.47E0));
#1112=LINE('',#1111,#1110);
#1113=DIRECTION('',(0.E0,-1.E0,0.E0));
#1114=VECTOR('',#1113,3.8E-1);
#1115=CARTESIAN_POINT('',(8.8E-1,1.585E0,3.47E0));
#1116=LINE('',#1115,#1114);
#1117=DIRECTION('',(1.E0,0.E0,0.E0));
#1118=VECTOR('',#1117,2.18E0);
#1119=CARTESIAN_POINT('',(8.8E-1,1.205E0,3.47E0));
#1120=LINE('',#1119,#1118);
#1121=DIRECTION('',(0.E0,-1.E0,0.E0));
#1122=VECTOR('',#1121,3.8E-1);
#1123=CARTESIAN_POINT('',(3.06E0,1.585E0,3.47E0));
#1124=LINE('',#1123,#1122);
#1125=DIRECTION('',(-1.E0,0.E0,0.E0));
#1126=VECTOR('',#1125,1.78E0);
#1127=CARTESIAN_POINT('',(4.84E0,1.585E0,3.47E0));
#1128=LINE('',#1127,#1126);
#1129=DIRECTION('',(0.E0,-1.E0,0.E0));
#1130=VECTOR('',#1129,3.8E-1);
#1131=CARTESIAN_POINT('',(4.84E0,1.585E0,3.47E0));
#1132=LINE('',#1131,#1130);
#1133=DIRECTION('',(1.E0,0.E0,0.E0));
#1134=VECTOR('',#1133,2.18E0);
#1135=CARTESIAN_POINT('',(4.84E0,1.205E0,3.47E0));
#1136=LINE('',#1135,#1134);
#1137=DIRECTION('',(0.E0,-1.E0,0.E0));
#1138=VECTOR('',#1137,3.8E-1);
#1139=CARTESIAN_POINT('',(7.02E0,1.585E0,3.47E0));
#1140=LINE('',#1139,#1138);
#1141=DIRECTION('',(-1.E0,0.E0,0.E0));
#1142=VECTOR('',#1141,1.78E0);
#1143=CARTESIAN_POINT('',(8.8E0,1.585E0,3.47E0));
#1144=LINE('',#1143,#1142);
#1145=DIRECTION('',(0.E0,-1.E0,0.E0));
#1146=VECTOR('',#1145,3.8E-1);
#1147=CARTESIAN_POINT('',(8.8E0,1.585E0,3.47E0));
#1148=LINE('',#1147,#1146);
#1149=DIRECTION('',(1.E0,0.E0,0.E0));
#1150=VECTOR('',#1149,2.18E0);
#1151=CARTESIAN_POINT('',(8.8E0,1.205E0,3.47E0));
#1152=LINE('',#1151,#1150);
#1153=DIRECTION('',(0.E0,-1.E0,0.E0));
#1154=VECTOR('',#1153,3.8E-1);
#1155=CARTESIAN_POINT('',(1.098E1,1.585E0,3.47E0));
#1156=LINE('',#1155,#1154);
#1157=DIRECTION('',(-1.E0,0.E0,0.E0));
#1158=VECTOR('',#1157,1.78E0);
#1159=CARTESIAN_POINT('',(1.276E1,1.585E0,3.47E0));
#1160=LINE('',#1159,#1158);
#1161=DIRECTION('',(0.E0,-1.E0,0.E0));
#1162=VECTOR('',#1161,3.8E-1);
#1163=CARTESIAN_POINT('',(1.276E1,1.585E0,3.47E0));
#1164=LINE('',#1163,#1162);
#1165=DIRECTION('',(1.E0,0.E0,0.E0));
#1166=VECTOR('',#1165,2.18E0);
#1167=CARTESIAN_POINT('',(1.276E1,1.205E0,3.47E0));
#1168=LINE('',#1167,#1166);
#1169=DIRECTION('',(0.E0,-1.E0,0.E0));
#1170=VECTOR('',#1169,3.8E-1);
#1171=CARTESIAN_POINT('',(1.494E1,1.585E0,3.47E0));
#1172=LINE('',#1171,#1170);
#1173=DIRECTION('',(-1.E0,0.E0,0.E0));
#1174=VECTOR('',#1173,1.78E0);
#1175=CARTESIAN_POINT('',(1.672E1,1.585E0,3.47E0));
#1176=LINE('',#1175,#1174);
#1177=DIRECTION('',(0.E0,-1.E0,0.E0));
#1178=VECTOR('',#1177,3.8E-1);
#1179=CARTESIAN_POINT('',(1.672E1,1.585E0,-2.45E0));
#1180=LINE('',#1179,#1178);
#1181=CARTESIAN_POINT('',(1.781E1,1.205E0,0.E0));
#1182=DIRECTION('',(0.E0,1.E0,0.E0));
#1183=DIRECTION('',(1.E0,0.E0,0.E0));
#1184=AXIS2_PLACEMENT_3D('',#1181,#1182,#1183);
#1186=CARTESIAN_POINT('',(1.781E1,1.205E0,0.E0));
#1187=DIRECTION('',(0.E0,1.E0,0.E0));
#1188=DIRECTION('',(-1.E0,0.E0,0.E0));
#1189=AXIS2_PLACEMENT_3D('',#1186,#1187,#1188);
#1191=DIRECTION('',(1.E0,0.E0,0.E0));
#1192=VECTOR('',#1191,2.18E0);
#1193=CARTESIAN_POINT('',(1.672E1,1.205E0,-2.45E0));
#1194=LINE('',#1193,#1192);
#1195=DIRECTION('',(0.E0,0.E0,-1.E0));
#1196=VECTOR('',#1195,5.92E0);
#1197=CARTESIAN_POINT('',(1.672E1,1.205E0,3.47E0));
#1198=LINE('',#1197,#1196);
#1199=CARTESIAN_POINT('',(1.781E1,-5.145E0,0.E0));
#1200=DIRECTION('',(0.E0,1.E0,0.E0));
#1201=DIRECTION('',(1.E0,0.E0,0.E0));
#1202=AXIS2_PLACEMENT_3D('',#1199,#1200,#1201);
#1204=DIRECTION('',(0.E0,1.E0,0.E0));
#1205=VECTOR('',#1204,1.092E1);
#1206=CARTESIAN_POINT('',(1.724E1,1.205E0,0.E0));
#1207=LINE('',#1206,#1205);
#1208=DIRECTION('',(0.E0,1.E0,0.E0));
#1209=VECTOR('',#1208,1.092E1);
#1210=CARTESIAN_POINT('',(1.838E1,1.205E0,0.E0));
#1211=LINE('',#1210,#1209);
#1212=DIRECTION('',(0.E0,1.E0,0.E0));
#1213=VECTOR('',#1212,3.94E0);
#1214=CARTESIAN_POINT('',(1.838E1,-5.145E0,0.E0));
#1215=LINE('',#1214,#1213);
#1216=CARTESIAN_POINT('',(1.781E1,-5.145E0,0.E0));
#1217=DIRECTION('',(0.E0,-1.E0,0.E0));
#1218=DIRECTION('',(1.E0,0.E0,0.E0));
#1219=AXIS2_PLACEMENT_3D('',#1216,#1217,#1218);
#1221=DIRECTION('',(0.E0,1.E0,0.E0));
#1222=VECTOR('',#1221,3.94E0);
#1223=CARTESIAN_POINT('',(1.724E1,-5.145E0,0.E0));
#1224=LINE('',#1223,#1222);
#1225=DIRECTION('',(-3.568681169914E-1,9.341547768304E-1,0.E0));
#1226=VECTOR('',#1225,9.527329111561E-1);
#1227=CARTESIAN_POINT('',(1.838E1,1.2125E1,0.E0));
#1228=LINE('',#1227,#1226);
#1229=CARTESIAN_POINT('',(1.781E1,1.2125E1,0.E0));
#1230=DIRECTION('',(0.E0,-1.E0,0.E0));
#1231=DIRECTION('',(1.E0,0.E0,0.E0));
#1232=AXIS2_PLACEMENT_3D('',#1229,#1230,#1231);
#1234=DIRECTION('',(3.568681169914E-1,9.341547768304E-1,0.E0));
#1235=VECTOR('',#1234,9.527329111561E-1);
#1236=CARTESIAN_POINT('',(1.724E1,1.2125E1,0.E0));
#1237=LINE('',#1236,#1235);
#1238=CARTESIAN_POINT('',(1.781E1,1.2125E1,0.E0));
#1239=DIRECTION('',(0.E0,1.E0,0.E0));
#1240=DIRECTION('',(1.E0,0.E0,0.E0));
#1241=AXIS2_PLACEMENT_3D('',#1238,#1239,#1240);
#1243=CARTESIAN_POINT('',(1.781E1,1.3015E1,0.E0));
#1244=DIRECTION('',(0.E0,-1.E0,0.E0));
#1245=DIRECTION('',(1.E0,0.E0,0.E0));
#1246=AXIS2_PLACEMENT_3D('',#1243,#1244,#1245);
#1248=CARTESIAN_POINT('',(1.781E1,1.3015E1,0.E0));
#1249=DIRECTION('',(0.E0,1.E0,0.E0));
#1250=DIRECTION('',(1.E0,0.E0,0.E0));
#1251=AXIS2_PLACEMENT_3D('',#1248,#1249,#1250);
#1253=DIRECTION('',(0.E0,0.E0,-1.E0));
#1254=VECTOR('',#1253,6.9E0);
#1255=CARTESIAN_POINT('',(1.89E1,-1.205E0,3.47E0));
#1256=LINE('',#1255,#1254);
#1257=CARTESIAN_POINT('',(1.781E1,-1.205E0,0.E0));
#1258=DIRECTION('',(0.E0,1.E0,0.E0));
#1259=DIRECTION('',(1.E0,0.E0,0.E0));
#1260=AXIS2_PLACEMENT_3D('',#1257,#1258,#1259);
#1262=CARTESIAN_POINT('',(1.781E1,-1.205E0,0.E0));
#1263=DIRECTION('',(0.E0,1.E0,0.E0));
#1264=DIRECTION('',(-1.E0,0.E0,0.E0));
#1265=AXIS2_PLACEMENT_3D('',#1262,#1263,#1264);
#1267=DIRECTION('',(0.E0,0.E0,-1.E0));
#1268=VECTOR('',#1267,6.9E0);
#1269=CARTESIAN_POINT('',(1.672E1,-1.205E0,3.47E0));
#1270=LINE('',#1269,#1268);
#1271=DIRECTION('',(3.568681169914E-1,9.341547768304E-1,0.E0));
#1272=VECTOR('',#1271,9.527329111561E-1);
#1273=CARTESIAN_POINT('',(1.804E1,-6.035E0,0.E0));
#1274=LINE('',#1273,#1272);
#1275=CARTESIAN_POINT('',(1.781E1,-6.035E0,0.E0));
#1276=DIRECTION('',(0.E0,-1.E0,0.E0));
#1277=DIRECTION('',(1.E0,0.E0,0.E0));
#1278=AXIS2_PLACEMENT_3D('',#1275,#1276,#1277);
#1280=DIRECTION('',(-3.568681169914E-1,9.341547768304E-1,0.E0));
#1281=VECTOR('',#1280,9.527329111561E-1);
#1282=CARTESIAN_POINT('',(1.758E1,-6.035E0,0.E0));
#1283=LINE('',#1282,#1281);
#1284=CARTESIAN_POINT('',(1.781E1,-6.035E0,0.E0));
#1285=DIRECTION('',(0.E0,1.E0,0.E0));
#1286=DIRECTION('',(1.E0,0.E0,0.E0));
#1287=AXIS2_PLACEMENT_3D('',#1284,#1285,#1286);
#1289=DIRECTION('',(0.E0,1.E0,0.E0));
#1290=VECTOR('',#1289,3.8E-1);
#1291=CARTESIAN_POINT('',(1.89E1,1.205E0,-2.45E0));
#1292=LINE('',#1291,#1290);
#1293=DIRECTION('',(0.E0,0.E0,-1.E0));
#1294=VECTOR('',#1293,5.92E0);
#1295=CARTESIAN_POINT('',(1.89E1,1.205E0,3.47E0));
#1296=LINE('',#1295,#1294);
#1297=DIRECTION('',(0.E0,0.E0,-1.E0));
#1298=VECTOR('',#1297,6.9E0);
#1299=CARTESIAN_POINT('',(1.494E1,-1.205E0,3.47E0));
#1300=LINE('',#1299,#1298);
#1301=CARTESIAN_POINT('',(1.385E1,-1.205E0,0.E0));
#1302=DIRECTION('',(0.E0,1.E0,0.E0));
#1303=DIRECTION('',(1.E0,0.E0,0.E0));
#1304=AXIS2_PLACEMENT_3D('',#1301,#1302,#1303);
#1306=CARTESIAN_POINT('',(1.385E1,-1.205E0,0.E0));
#1307=DIRECTION('',(0.E0,1.E0,0.E0));
#1308=DIRECTION('',(-1.E0,0.E0,0.E0));
#1309=AXIS2_PLACEMENT_3D('',#1306,#1307,#1308);
#1311=DIRECTION('',(0.E0,0.E0,-1.E0));
#1312=VECTOR('',#1311,6.9E0);
#1313=CARTESIAN_POINT('',(1.276E1,-1.205E0,3.47E0));
#1314=LINE('',#1313,#1312);
#1315=CARTESIAN_POINT('',(1.385E1,-5.145E0,0.E0));
#1316=DIRECTION('',(0.E0,1.E0,0.E0));
#1317=DIRECTION('',(1.E0,0.E0,0.E0));
#1318=AXIS2_PLACEMENT_3D('',#1315,#1316,#1317);
#1320=CARTESIAN_POINT('',(1.385E1,1.205E0,0.E0));
#1321=DIRECTION('',(0.E0,1.E0,0.E0));
#1322=DIRECTION('',(1.E0,0.E0,0.E0));
#1323=AXIS2_PLACEMENT_3D('',#1320,#1321,#1322);
#1325=CARTESIAN_POINT('',(1.385E1,1.205E0,0.E0));
#1326=DIRECTION('',(0.E0,1.E0,0.E0));
#1327=DIRECTION('',(-1.E0,0.E0,0.E0));
#1328=AXIS2_PLACEMENT_3D('',#1325,#1326,#1327);
#1330=DIRECTION('',(1.E0,0.E0,0.E0));
#1331=VECTOR('',#1330,2.18E0);
#1332=CARTESIAN_POINT('',(1.276E1,1.205E0,-2.45E0));
#1333=LINE('',#1332,#1331);
#1334=DIRECTION('',(0.E0,0.E0,-1.E0));
#1335=VECTOR('',#1334,5.92E0);
#1336=CARTESIAN_POINT('',(1.276E1,1.205E0,3.47E0));
#1337=LINE('',#1336,#1335);
#1338=DIRECTION('',(0.E0,1.E0,0.E0));
#1339=VECTOR('',#1338,1.092E1);
#1340=CARTESIAN_POINT('',(1.328E1,1.205E0,0.E0));
#1341=LINE('',#1340,#1339);
#1342=DIRECTION('',(0.E0,1.E0,0.E0));
#1343=VECTOR('',#1342,1.092E1);
#1344=CARTESIAN_POINT('',(1.442E1,1.205E0,0.E0));
#1345=LINE('',#1344,#1343);
#1346=DIRECTION('',(0.E0,1.E0,0.E0));
#1347=VECTOR('',#1346,3.94E0);
#1348=CARTESIAN_POINT('',(1.442E1,-5.145E0,0.E0));
#1349=LINE('',#1348,#1347);
#1350=CARTESIAN_POINT('',(1.385E1,-5.145E0,0.E0));
#1351=DIRECTION('',(0.E0,-1.E0,0.E0));
#1352=DIRECTION('',(1.E0,0.E0,0.E0));
#1353=AXIS2_PLACEMENT_3D('',#1350,#1351,#1352);
#1355=DIRECTION('',(0.E0,1.E0,0.E0));
#1356=VECTOR('',#1355,3.94E0);
#1357=CARTESIAN_POINT('',(1.328E1,-5.145E0,0.E0));
#1358=LINE('',#1357,#1356);
#1359=DIRECTION('',(-3.568681169914E-1,9.341547768304E-1,0.E0));
#1360=VECTOR('',#1359,9.527329111561E-1);
#1361=CARTESIAN_POINT('',(1.442E1,1.2125E1,0.E0));
#1362=LINE('',#1361,#1360);
#1363=CARTESIAN_POINT('',(1.385E1,1.2125E1,0.E0));
#1364=DIRECTION('',(0.E0,-1.E0,0.E0));
#1365=DIRECTION('',(1.E0,0.E0,0.E0));
#1366=AXIS2_PLACEMENT_3D('',#1363,#1364,#1365);
#1368=DIRECTION('',(3.568681169914E-1,9.341547768304E-1,0.E0));
#1369=VECTOR('',#1368,9.527329111561E-1);
#1370=CARTESIAN_POINT('',(1.328E1,1.2125E1,0.E0));
#1371=LINE('',#1370,#1369);
#1372=CARTESIAN_POINT('',(1.385E1,1.2125E1,0.E0));
#1373=DIRECTION('',(0.E0,1.E0,0.E0));
#1374=DIRECTION('',(1.E0,0.E0,0.E0));
#1375=AXIS2_PLACEMENT_3D('',#1372,#1373,#1374);
#1377=CARTESIAN_POINT('',(1.385E1,1.3015E1,0.E0));
#1378=DIRECTION('',(0.E0,-1.E0,0.E0));
#1379=DIRECTION('',(1.E0,0.E0,0.E0));
#1380=AXIS2_PLACEMENT_3D('',#1377,#1378,#1379);
#1382=CARTESIAN_POINT('',(1.385E1,1.3015E1,0.E0));
#1383=DIRECTION('',(0.E0,1.E0,0.E0));
#1384=DIRECTION('',(1.E0,0.E0,0.E0));
#1385=AXIS2_PLACEMENT_3D('',#1382,#1383,#1384);
#1387=DIRECTION('',(3.568681169914E-1,9.341547768304E-1,0.E0));
#1388=VECTOR('',#1387,9.527329111561E-1);
#1389=CARTESIAN_POINT('',(1.408E1,-6.035E0,0.E0));
#1390=LINE('',#1389,#1388);
#1391=CARTESIAN_POINT('',(1.385E1,-6.035E0,0.E0));
#1392=DIRECTION('',(0.E0,-1.E0,0.E0));
#1393=DIRECTION('',(1.E0,0.E0,0.E0));
#1394=AXIS2_PLACEMENT_3D('',#1391,#1392,#1393);
#1396=DIRECTION('',(-3.568681169914E-1,9.341547768304E-1,0.E0));
#1397=VECTOR('',#1396,9.527329111561E-1);
#1398=CARTESIAN_POINT('',(1.362E1,-6.035E0,0.E0));
#1399=LINE('',#1398,#1397);
#1400=CARTESIAN_POINT('',(1.385E1,-6.035E0,0.E0));
#1401=DIRECTION('',(0.E0,1.E0,0.E0));
#1402=DIRECTION('',(1.E0,0.E0,0.E0));
#1403=AXIS2_PLACEMENT_3D('',#1400,#1401,#1402);
#1405=DIRECTION('',(0.E0,1.E0,0.E0));
#1406=VECTOR('',#1405,3.8E-1);
#1407=CARTESIAN_POINT('',(1.494E1,1.205E0,-2.45E0));
#1408=LINE('',#1407,#1406);
#1409=DIRECTION('',(0.E0,0.E0,-1.E0));
#1410=VECTOR('',#1409,5.92E0);
#1411=CARTESIAN_POINT('',(1.494E1,1.205E0,3.47E0));
#1412=LINE('',#1411,#1410);
#1413=DIRECTION('',(0.E0,-1.E0,0.E0));
#1414=VECTOR('',#1413,3.8E-1);
#1415=CARTESIAN_POINT('',(1.276E1,1.585E0,-2.45E0));
#1416=LINE('',#1415,#1414);
#1417=DIRECTION('',(0.E0,0.E0,-1.E0));
#1418=VECTOR('',#1417,6.9E0);
#1419=CARTESIAN_POINT('',(1.098E1,-1.205E0,3.47E0));
#1420=LINE('',#1419,#1418);
#1421=CARTESIAN_POINT('',(9.89E0,-1.205E0,0.E0));
#1422=DIRECTION('',(0.E0,1.E0,0.E0));
#1423=DIRECTION('',(1.E0,0.E0,0.E0));
#1424=AXIS2_PLACEMENT_3D('',#1421,#1422,#1423);
#1426=CARTESIAN_POINT('',(9.89E0,-1.205E0,0.E0));
#1427=DIRECTION('',(0.E0,1.E0,0.E0));
#1428=DIRECTION('',(-1.E0,0.E0,0.E0));
#1429=AXIS2_PLACEMENT_3D('',#1426,#1427,#1428);
#1431=DIRECTION('',(0.E0,0.E0,-1.E0));
#1432=VECTOR('',#1431,6.9E0);
#1433=CARTESIAN_POINT('',(8.8E0,-1.205E0,3.47E0));
#1434=LINE('',#1433,#1432);
#1435=CARTESIAN_POINT('',(9.89E0,-5.145E0,0.E0));
#1436=DIRECTION('',(0.E0,1.E0,0.E0));
#1437=DIRECTION('',(1.E0,0.E0,0.E0));
#1438=AXIS2_PLACEMENT_3D('',#1435,#1436,#1437);
#1440=CARTESIAN_POINT('',(9.89E0,1.205E0,0.E0));
#1441=DIRECTION('',(0.E0,1.E0,0.E0));
#1442=DIRECTION('',(1.E0,0.E0,0.E0));
#1443=AXIS2_PLACEMENT_3D('',#1440,#1441,#1442);
#1445=CARTESIAN_POINT('',(9.89E0,1.205E0,0.E0));
#1446=DIRECTION('',(0.E0,1.E0,0.E0));
#1447=DIRECTION('',(-1.E0,0.E0,0.E0));
#1448=AXIS2_PLACEMENT_3D('',#1445,#1446,#1447);
#1450=DIRECTION('',(1.E0,0.E0,0.E0));
#1451=VECTOR('',#1450,2.18E0);
#1452=CARTESIAN_POINT('',(8.8E0,1.205E0,-2.45E0));
#1453=LINE('',#1452,#1451);
#1454=DIRECTION('',(0.E0,0.E0,-1.E0));
#1455=VECTOR('',#1454,5.92E0);
#1456=CARTESIAN_POINT('',(8.8E0,1.205E0,3.47E0));
#1457=LINE('',#1456,#1455);
#1458=DIRECTION('',(0.E0,1.E0,0.E0));
#1459=VECTOR('',#1458,1.092E1);
#1460=CARTESIAN_POINT('',(9.32E0,1.205E0,0.E0));
#1461=LINE('',#1460,#1459);
#1462=DIRECTION('',(0.E0,1.E0,0.E0));
#1463=VECTOR('',#1462,1.092E1);
#1464=CARTESIAN_POINT('',(1.046E1,1.205E0,0.E0));
#1465=LINE('',#1464,#1463);
#1466=DIRECTION('',(0.E0,1.E0,0.E0));
#1467=VECTOR('',#1466,3.94E0);
#1468=CARTESIAN_POINT('',(1.046E1,-5.145E0,0.E0));
#1469=LINE('',#1468,#1467);
#1470=CARTESIAN_POINT('',(9.89E0,-5.145E0,0.E0));
#1471=DIRECTION('',(0.E0,-1.E0,0.E0));
#1472=DIRECTION('',(1.E0,0.E0,0.E0));
#1473=AXIS2_PLACEMENT_3D('',#1470,#1471,#1472);
#1475=DIRECTION('',(0.E0,1.E0,0.E0));
#1476=VECTOR('',#1475,3.94E0);
#1477=CARTESIAN_POINT('',(9.32E0,-5.145E0,0.E0));
#1478=LINE('',#1477,#1476);
#1479=DIRECTION('',(-3.568681169914E-1,9.341547768304E-1,0.E0));
#1480=VECTOR('',#1479,9.527329111561E-1);
#1481=CARTESIAN_POINT('',(1.046E1,1.2125E1,0.E0));
#1482=LINE('',#1481,#1480);
#1483=CARTESIAN_POINT('',(9.89E0,1.2125E1,0.E0));
#1484=DIRECTION('',(0.E0,-1.E0,0.E0));
#1485=DIRECTION('',(1.E0,0.E0,0.E0));
#1486=AXIS2_PLACEMENT_3D('',#1483,#1484,#1485);
#1488=DIRECTION('',(3.568681169914E-1,9.341547768304E-1,0.E0));
#1489=VECTOR('',#1488,9.527329111561E-1);
#1490=CARTESIAN_POINT('',(9.32E0,1.2125E1,0.E0));
#1491=LINE('',#1490,#1489);
#1492=CARTESIAN_POINT('',(9.89E0,1.2125E1,0.E0));
#1493=DIRECTION('',(0.E0,1.E0,0.E0));
#1494=DIRECTION('',(1.E0,0.E0,0.E0));
#1495=AXIS2_PLACEMENT_3D('',#1492,#1493,#1494);
#1497=CARTESIAN_POINT('',(9.89E0,1.3015E1,0.E0));
#1498=DIRECTION('',(0.E0,-1.E0,0.E0));
#1499=DIRECTION('',(1.E0,0.E0,0.E0));
#1500=AXIS2_PLACEMENT_3D('',#1497,#1498,#1499);
#1502=CARTESIAN_POINT('',(9.89E0,1.3015E1,0.E0));
#1503=DIRECTION('',(0.E0,1.E0,0.E0));
#1504=DIRECTION('',(1.E0,0.E0,0.E0));
#1505=AXIS2_PLACEMENT_3D('',#1502,#1503,#1504);
#1507=DIRECTION('',(3.568681169914E-1,9.341547768304E-1,0.E0));
#1508=VECTOR('',#1507,9.527329111561E-1);
#1509=CARTESIAN_POINT('',(1.012E1,-6.035E0,0.E0));
#1510=LINE('',#1509,#1508);
#1511=CARTESIAN_POINT('',(9.89E0,-6.035E0,0.E0));
#1512=DIRECTION('',(0.E0,-1.E0,0.E0));
#1513=DIRECTION('',(1.E0,0.E0,0.E0));
#1514=AXIS2_PLACEMENT_3D('',#1511,#1512,#1513);
#1516=DIRECTION('',(-3.568681169914E-1,9.341547768304E-1,0.E0));
#1517=VECTOR('',#1516,9.527329111561E-1);
#1518=CARTESIAN_POINT('',(9.66E0,-6.035E0,0.E0));
#1519=LINE('',#1518,#1517);
#1520=CARTESIAN_POINT('',(9.89E0,-6.035E0,0.E0));
#1521=DIRECTION('',(0.E0,1.E0,0.E0));
#1522=DIRECTION('',(1.E0,0.E0,0.E0));
#1523=AXIS2_PLACEMENT_3D('',#1520,#1521,#1522);
#1525=DIRECTION('',(0.E0,1.E0,0.E0));
#1526=VECTOR('',#1525,3.8E-1);
#1527=CARTESIAN_POINT('',(1.098E1,1.205E0,-2.45E0));
#1528=LINE('',#1527,#1526);
#1529=DIRECTION('',(0.E0,0.E0,-1.E0));
#1530=VECTOR('',#1529,5.92E0);
#1531=CARTESIAN_POINT('',(1.098E1,1.205E0,3.47E0));
#1532=LINE('',#1531,#1530);
#1533=DIRECTION('',(0.E0,-1.E0,0.E0));
#1534=VECTOR('',#1533,3.8E-1);
#1535=CARTESIAN_POINT('',(8.8E0,1.585E0,-2.45E0));
#1536=LINE('',#1535,#1534);
#1537=DIRECTION('',(0.E0,0.E0,-1.E0));
#1538=VECTOR('',#1537,6.9E0);
#1539=CARTESIAN_POINT('',(7.02E0,-1.205E0,3.47E0));
#1540=LINE('',#1539,#1538);
#1541=CARTESIAN_POINT('',(5.93E0,-1.205E0,0.E0));
#1542=DIRECTION('',(0.E0,1.E0,0.E0));
#1543=DIRECTION('',(1.E0,0.E0,0.E0));
#1544=AXIS2_PLACEMENT_3D('',#1541,#1542,#1543);
#1546=CARTESIAN_POINT('',(5.93E0,-1.205E0,0.E0));
#1547=DIRECTION('',(0.E0,1.E0,0.E0));
#1548=DIRECTION('',(-1.E0,0.E0,0.E0));
#1549=AXIS2_PLACEMENT_3D('',#1546,#1547,#1548);
#1551=DIRECTION('',(0.E0,0.E0,-1.E0));
#1552=VECTOR('',#1551,6.9E0);
#1553=CARTESIAN_POINT('',(4.84E0,-1.205E0,3.47E0));
#1554=LINE('',#1553,#1552);
#1555=CARTESIAN_POINT('',(5.93E0,-5.145E0,0.E0));
#1556=DIRECTION('',(0.E0,1.E0,0.E0));
#1557=DIRECTION('',(1.E0,0.E0,0.E0));
#1558=AXIS2_PLACEMENT_3D('',#1555,#1556,#1557);
#1560=CARTESIAN_POINT('',(5.93E0,1.205E0,0.E0));
#1561=DIRECTION('',(0.E0,1.E0,0.E0));
#1562=DIRECTION('',(1.E0,0.E0,0.E0));
#1563=AXIS2_PLACEMENT_3D('',#1560,#1561,#1562);
#1565=CARTESIAN_POINT('',(5.93E0,1.205E0,0.E0));
#1566=DIRECTION('',(0.E0,1.E0,0.E0));
#1567=DIRECTION('',(-1.E0,0.E0,0.E0));
#1568=AXIS2_PLACEMENT_3D('',#1565,#1566,#1567);
#1570=DIRECTION('',(1.E0,0.E0,0.E0));
#1571=VECTOR('',#1570,2.18E0);
#1572=CARTESIAN_POINT('',(4.84E0,1.205E0,-2.45E0));
#1573=LINE('',#1572,#1571);
#1574=DIRECTION('',(0.E0,0.E0,-1.E0));
#1575=VECTOR('',#1574,5.92E0);
#1576=CARTESIAN_POINT('',(4.84E0,1.205E0,3.47E0));
#1577=LINE('',#1576,#1575);
#1578=DIRECTION('',(0.E0,1.E0,0.E0));
#1579=VECTOR('',#1578,1.092E1);
#1580=CARTESIAN_POINT('',(5.36E0,1.205E0,0.E0));
#1581=LINE('',#1580,#1579);
#1582=DIRECTION('',(0.E0,1.E0,0.E0));
#1583=VECTOR('',#1582,1.092E1);
#1584=CARTESIAN_POINT('',(6.5E0,1.205E0,0.E0));
#1585=LINE('',#1584,#1583);
#1586=DIRECTION('',(0.E0,1.E0,0.E0));
#1587=VECTOR('',#1586,3.94E0);
#1588=CARTESIAN_POINT('',(6.5E0,-5.145E0,0.E0));
#1589=LINE('',#1588,#1587);
#1590=CARTESIAN_POINT('',(5.93E0,-5.145E0,0.E0));
#1591=DIRECTION('',(0.E0,-1.E0,0.E0));
#1592=DIRECTION('',(1.E0,0.E0,0.E0));
#1593=AXIS2_PLACEMENT_3D('',#1590,#1591,#1592);
#1595=DIRECTION('',(0.E0,1.E0,0.E0));
#1596=VECTOR('',#1595,3.94E0);
#1597=CARTESIAN_POINT('',(5.36E0,-5.145E0,0.E0));
#1598=LINE('',#1597,#1596);
#1599=DIRECTION('',(-3.568681169914E-1,9.341547768304E-1,0.E0));
#1600=VECTOR('',#1599,9.527329111561E-1);
#1601=CARTESIAN_POINT('',(6.5E0,1.2125E1,0.E0));
#1602=LINE('',#1601,#1600);
#1603=CARTESIAN_POINT('',(5.93E0,1.2125E1,0.E0));
#1604=DIRECTION('',(0.E0,-1.E0,0.E0));
#1605=DIRECTION('',(1.E0,0.E0,0.E0));
#1606=AXIS2_PLACEMENT_3D('',#1603,#1604,#1605);
#1608=DIRECTION('',(3.568681169914E-1,9.341547768304E-1,0.E0));
#1609=VECTOR('',#1608,9.527329111561E-1);
#1610=CARTESIAN_POINT('',(5.36E0,1.2125E1,0.E0));
#1611=LINE('',#1610,#1609);
#1612=CARTESIAN_POINT('',(5.93E0,1.2125E1,0.E0));
#1613=DIRECTION('',(0.E0,1.E0,0.E0));
#1614=DIRECTION('',(1.E0,0.E0,0.E0));
#1615=AXIS2_PLACEMENT_3D('',#1612,#1613,#1614);
#1617=CARTESIAN_POINT('',(5.93E0,1.3015E1,0.E0));
#1618=DIRECTION('',(0.E0,-1.E0,0.E0));
#1619=DIRECTION('',(1.E0,0.E0,0.E0));
#1620=AXIS2_PLACEMENT_3D('',#1617,#1618,#1619);
#1622=CARTESIAN_POINT('',(5.93E0,1.3015E1,0.E0));
#1623=DIRECTION('',(0.E0,1.E0,0.E0));
#1624=DIRECTION('',(1.E0,0.E0,0.E0));
#1625=AXIS2_PLACEMENT_3D('',#1622,#1623,#1624);
#1627=DIRECTION('',(3.568681169914E-1,9.341547768304E-1,0.E0));
#1628=VECTOR('',#1627,9.527329111561E-1);
#1629=CARTESIAN_POINT('',(6.16E0,-6.035E0,0.E0));
#1630=LINE('',#1629,#1628);
#1631=CARTESIAN_POINT('',(5.93E0,-6.035E0,0.E0));
#1632=DIRECTION('',(0.E0,-1.E0,0.E0));
#1633=DIRECTION('',(1.E0,0.E0,0.E0));
#1634=AXIS2_PLACEMENT_3D('',#1631,#1632,#1633);
#1636=DIRECTION('',(-3.568681169914E-1,9.341547768304E-1,0.E0));
#1637=VECTOR('',#1636,9.527329111561E-1);
#1638=CARTESIAN_POINT('',(5.7E0,-6.035E0,0.E0));
#1639=LINE('',#1638,#1637);
#1640=CARTESIAN_POINT('',(5.93E0,-6.035E0,0.E0));
#1641=DIRECTION('',(0.E0,1.E0,0.E0));
#1642=DIRECTION('',(1.E0,0.E0,0.E0));
#1643=AXIS2_PLACEMENT_3D('',#1640,#1641,#1642);
#1645=DIRECTION('',(0.E0,1.E0,0.E0));
#1646=VECTOR('',#1645,3.8E-1);
#1647=CARTESIAN_POINT('',(7.02E0,1.205E0,-2.45E0));
#1648=LINE('',#1647,#1646);
#1649=DIRECTION('',(0.E0,0.E0,-1.E0));
#1650=VECTOR('',#1649,5.92E0);
#1651=CARTESIAN_POINT('',(7.02E0,1.205E0,3.47E0));
#1652=LINE('',#1651,#1650);
#1653=DIRECTION('',(0.E0,-1.E0,0.E0));
#1654=VECTOR('',#1653,3.8E-1);
#1655=CARTESIAN_POINT('',(4.84E0,1.585E0,-2.45E0));
#1656=LINE('',#1655,#1654);
#1657=DIRECTION('',(0.E0,0.E0,-1.E0));
#1658=VECTOR('',#1657,6.9E0);
#1659=CARTESIAN_POINT('',(3.06E0,-1.205E0,3.47E0));
#1660=LINE('',#1659,#1658);
#1661=CARTESIAN_POINT('',(1.97E0,-1.205E0,0.E0));
#1662=DIRECTION('',(0.E0,1.E0,0.E0));
#1663=DIRECTION('',(1.E0,0.E0,0.E0));
#1664=AXIS2_PLACEMENT_3D('',#1661,#1662,#1663);
#1666=CARTESIAN_POINT('',(1.97E0,-1.205E0,0.E0));
#1667=DIRECTION('',(0.E0,1.E0,0.E0));
#1668=DIRECTION('',(-1.E0,0.E0,0.E0));
#1669=AXIS2_PLACEMENT_3D('',#1666,#1667,#1668);
#1671=DIRECTION('',(0.E0,0.E0,-1.E0));
#1672=VECTOR('',#1671,6.9E0);
#1673=CARTESIAN_POINT('',(8.8E-1,-1.205E0,3.47E0));
#1674=LINE('',#1673,#1672);
#1675=CARTESIAN_POINT('',(1.97E0,-5.145E0,0.E0));
#1676=DIRECTION('',(0.E0,1.E0,0.E0));
#1677=DIRECTION('',(1.E0,0.E0,0.E0));
#1678=AXIS2_PLACEMENT_3D('',#1675,#1676,#1677);
#1680=CARTESIAN_POINT('',(1.97E0,1.205E0,0.E0));
#1681=DIRECTION('',(0.E0,1.E0,0.E0));
#1682=DIRECTION('',(1.E0,0.E0,0.E0));
#1683=AXIS2_PLACEMENT_3D('',#1680,#1681,#1682);
#1685=CARTESIAN_POINT('',(1.97E0,1.205E0,0.E0));
#1686=DIRECTION('',(0.E0,1.E0,0.E0));
#1687=DIRECTION('',(-1.E0,0.E0,0.E0));
#1688=AXIS2_PLACEMENT_3D('',#1685,#1686,#1687);
#1690=DIRECTION('',(1.E0,0.E0,0.E0));
#1691=VECTOR('',#1690,2.18E0);
#1692=CARTESIAN_POINT('',(8.8E-1,1.205E0,-2.45E0));
#1693=LINE('',#1692,#1691);
#1694=DIRECTION('',(0.E0,0.E0,-1.E0));
#1695=VECTOR('',#1694,5.92E0);
#1696=CARTESIAN_POINT('',(8.8E-1,1.205E0,3.47E0));
#1697=LINE('',#1696,#1695);
#1698=DIRECTION('',(0.E0,1.E0,0.E0));
#1699=VECTOR('',#1698,1.092E1);
#1700=CARTESIAN_POINT('',(1.4E0,1.205E0,0.E0));
#1701=LINE('',#1700,#1699);
#1702=DIRECTION('',(0.E0,1.E0,0.E0));
#1703=VECTOR('',#1702,1.092E1);
#1704=CARTESIAN_POINT('',(2.54E0,1.205E0,0.E0));
#1705=LINE('',#1704,#1703);
#1706=DIRECTION('',(0.E0,1.E0,0.E0));
#1707=VECTOR('',#1706,3.94E0);
#1708=CARTESIAN_POINT('',(2.54E0,-5.145E0,0.E0));
#1709=LINE('',#1708,#1707);
#1710=CARTESIAN_POINT('',(1.97E0,-5.145E0,0.E0));
#1711=DIRECTION('',(0.E0,-1.E0,0.E0));
#1712=DIRECTION('',(1.E0,0.E0,0.E0));
#1713=AXIS2_PLACEMENT_3D('',#1710,#1711,#1712);
#1715=DIRECTION('',(0.E0,1.E0,0.E0));
#1716=VECTOR('',#1715,3.94E0);
#1717=CARTESIAN_POINT('',(1.4E0,-5.145E0,0.E0));
#1718=LINE('',#1717,#1716);
#1719=DIRECTION('',(-3.568681169914E-1,9.341547768304E-1,0.E0));
#1720=VECTOR('',#1719,9.527329111561E-1);
#1721=CARTESIAN_POINT('',(2.54E0,1.2125E1,0.E0));
#1722=LINE('',#1721,#1720);
#1723=CARTESIAN_POINT('',(1.97E0,1.2125E1,0.E0));
#1724=DIRECTION('',(0.E0,-1.E0,0.E0));
#1725=DIRECTION('',(1.E0,0.E0,0.E0));
#1726=AXIS2_PLACEMENT_3D('',#1723,#1724,#1725);
#1728=DIRECTION('',(3.568681169914E-1,9.341547768304E-1,0.E0));
#1729=VECTOR('',#1728,9.527329111561E-1);
#1730=CARTESIAN_POINT('',(1.4E0,1.2125E1,0.E0));
#1731=LINE('',#1730,#1729);
#1732=CARTESIAN_POINT('',(1.97E0,1.2125E1,0.E0));
#1733=DIRECTION('',(0.E0,1.E0,0.E0));
#1734=DIRECTION('',(1.E0,0.E0,0.E0));
#1735=AXIS2_PLACEMENT_3D('',#1732,#1733,#1734);
#1737=CARTESIAN_POINT('',(1.97E0,1.3015E1,0.E0));
#1738=DIRECTION('',(0.E0,-1.E0,0.E0));
#1739=DIRECTION('',(1.E0,0.E0,0.E0));
#1740=AXIS2_PLACEMENT_3D('',#1737,#1738,#1739);
#1742=CARTESIAN_POINT('',(1.97E0,1.3015E1,0.E0));
#1743=DIRECTION('',(0.E0,1.E0,0.E0));
#1744=DIRECTION('',(1.E0,0.E0,0.E0));
#1745=AXIS2_PLACEMENT_3D('',#1742,#1743,#1744);
#1747=DIRECTION('',(3.568681169914E-1,9.341547768304E-1,0.E0));
#1748=VECTOR('',#1747,9.527329111561E-1);
#1749=CARTESIAN_POINT('',(2.2E0,-6.035E0,0.E0));
#1750=LINE('',#1749,#1748);
#1751=CARTESIAN_POINT('',(1.97E0,-6.035E0,0.E0));
#1752=DIRECTION('',(0.E0,-1.E0,0.E0));
#1753=DIRECTION('',(1.E0,0.E0,0.E0));
#1754=AXIS2_PLACEMENT_3D('',#1751,#1752,#1753);
#1756=DIRECTION('',(-3.568681169914E-1,9.341547768304E-1,0.E0));
#1757=VECTOR('',#1756,9.527329111561E-1);
#1758=CARTESIAN_POINT('',(1.74E0,-6.035E0,0.E0));
#1759=LINE('',#1758,#1757);
#1760=CARTESIAN_POINT('',(1.97E0,-6.035E0,0.E0));
#1761=DIRECTION('',(0.E0,1.E0,0.E0));
#1762=DIRECTION('',(1.E0,0.E0,0.E0));
#1763=AXIS2_PLACEMENT_3D('',#1760,#1761,#1762);
#1765=DIRECTION('',(0.E0,1.E0,0.E0));
#1766=VECTOR('',#1765,3.8E-1);
#1767=CARTESIAN_POINT('',(3.06E0,1.205E0,-2.45E0));
#1768=LINE('',#1767,#1766);
#1769=DIRECTION('',(0.E0,0.E0,-1.E0));
#1770=VECTOR('',#1769,5.92E0);
#1771=CARTESIAN_POINT('',(3.06E0,1.205E0,3.47E0));
#1772=LINE('',#1771,#1770);
#1773=DIRECTION('',(0.E0,-1.E0,0.E0));
#1774=VECTOR('',#1773,3.8E-1);
#1775=CARTESIAN_POINT('',(8.8E-1,1.585E0,-2.45E0));
#1776=LINE('',#1775,#1774);
#1777=DIRECTION('',(0.E0,0.E0,-1.E0));
#1778=VECTOR('',#1777,6.9E0);
#1779=CARTESIAN_POINT('',(-9.E-1,-1.205E0,3.47E0));
#1780=LINE('',#1779,#1778);
#1781=CARTESIAN_POINT('',(-1.99E0,-1.205E0,0.E0));
#1782=DIRECTION('',(0.E0,1.E0,0.E0));
#1783=DIRECTION('',(1.E0,0.E0,0.E0));
#1784=AXIS2_PLACEMENT_3D('',#1781,#1782,#1783);
#1786=CARTESIAN_POINT('',(-1.99E0,-1.205E0,0.E0));
#1787=DIRECTION('',(0.E0,1.E0,0.E0));
#1788=DIRECTION('',(-1.E0,0.E0,0.E0));
#1789=AXIS2_PLACEMENT_3D('',#1786,#1787,#1788);
#1791=DIRECTION('',(0.E0,0.E0,-1.E0));
#1792=VECTOR('',#1791,6.9E0);
#1793=CARTESIAN_POINT('',(-3.08E0,-1.205E0,3.47E0));
#1794=LINE('',#1793,#1792);
#1795=CARTESIAN_POINT('',(-1.99E0,-5.145E0,0.E0));
#1796=DIRECTION('',(0.E0,1.E0,0.E0));
#1797=DIRECTION('',(1.E0,0.E0,0.E0));
#1798=AXIS2_PLACEMENT_3D('',#1795,#1796,#1797);
#1800=CARTESIAN_POINT('',(-1.99E0,1.205E0,0.E0));
#1801=DIRECTION('',(0.E0,1.E0,0.E0));
#1802=DIRECTION('',(1.E0,0.E0,0.E0));
#1803=AXIS2_PLACEMENT_3D('',#1800,#1801,#1802);
#1805=CARTESIAN_POINT('',(-1.99E0,1.205E0,0.E0));
#1806=DIRECTION('',(0.E0,1.E0,0.E0));
#1807=DIRECTION('',(-1.E0,0.E0,0.E0));
#1808=AXIS2_PLACEMENT_3D('',#1805,#1806,#1807);
#1810=DIRECTION('',(1.E0,0.E0,0.E0));
#1811=VECTOR('',#1810,2.18E0);
#1812=CARTESIAN_POINT('',(-3.08E0,1.205E0,-2.45E0));
#1813=LINE('',#1812,#1811);
#1814=DIRECTION('',(0.E0,0.E0,-1.E0));
#1815=VECTOR('',#1814,5.92E0);
#1816=CARTESIAN_POINT('',(-3.08E0,1.205E0,3.47E0));
#1817=LINE('',#1816,#1815);
#1818=DIRECTION('',(0.E0,1.E0,0.E0));
#1819=VECTOR('',#1818,1.092E1);
#1820=CARTESIAN_POINT('',(-2.56E0,1.205E0,0.E0));
#1821=LINE('',#1820,#1819);
#1822=DIRECTION('',(0.E0,1.E0,0.E0));
#1823=VECTOR('',#1822,1.092E1);
#1824=CARTESIAN_POINT('',(-1.42E0,1.205E0,0.E0));
#1825=LINE('',#1824,#1823);
#1826=DIRECTION('',(0.E0,1.E0,0.E0));
#1827=VECTOR('',#1826,3.94E0);
#1828=CARTESIAN_POINT('',(-1.42E0,-5.145E0,0.E0));
#1829=LINE('',#1828,#1827);
#1830=CARTESIAN_POINT('',(-1.99E0,-5.145E0,0.E0));
#1831=DIRECTION('',(0.E0,-1.E0,0.E0));
#1832=DIRECTION('',(1.E0,0.E0,0.E0));
#1833=AXIS2_PLACEMENT_3D('',#1830,#1831,#1832);
#1835=DIRECTION('',(0.E0,1.E0,0.E0));
#1836=VECTOR('',#1835,3.94E0);
#1837=CARTESIAN_POINT('',(-2.56E0,-5.145E0,0.E0));
#1838=LINE('',#1837,#1836);
#1839=DIRECTION('',(-3.568681169914E-1,9.341547768304E-1,0.E0));
#1840=VECTOR('',#1839,9.527329111561E-1);
#1841=CARTESIAN_POINT('',(-1.42E0,1.2125E1,0.E0));
#1842=LINE('',#1841,#1840);
#1843=CARTESIAN_POINT('',(-1.99E0,1.2125E1,0.E0));
#1844=DIRECTION('',(0.E0,-1.E0,0.E0));
#1845=DIRECTION('',(1.E0,0.E0,0.E0));
#1846=AXIS2_PLACEMENT_3D('',#1843,#1844,#1845);
#1848=DIRECTION('',(3.568681169914E-1,9.341547768304E-1,0.E0));
#1849=VECTOR('',#1848,9.527329111561E-1);
#1850=CARTESIAN_POINT('',(-2.56E0,1.2125E1,0.E0));
#1851=LINE('',#1850,#1849);
#1852=CARTESIAN_POINT('',(-1.99E0,1.2125E1,0.E0));
#1853=DIRECTION('',(0.E0,1.E0,0.E0));
#1854=DIRECTION('',(1.E0,0.E0,0.E0));
#1855=AXIS2_PLACEMENT_3D('',#1852,#1853,#1854);
#1857=CARTESIAN_POINT('',(-1.99E0,1.3015E1,0.E0));
#1858=DIRECTION('',(0.E0,-1.E0,0.E0));
#1859=DIRECTION('',(1.E0,0.E0,0.E0));
#1860=AXIS2_PLACEMENT_3D('',#1857,#1858,#1859);
#1862=CARTESIAN_POINT('',(-1.99E0,1.3015E1,0.E0));
#1863=DIRECTION('',(0.E0,1.E0,0.E0));
#1864=DIRECTION('',(1.E0,0.E0,0.E0));
#1865=AXIS2_PLACEMENT_3D('',#1862,#1863,#1864);
#1867=DIRECTION('',(3.568681169914E-1,9.341547768304E-1,0.E0));
#1868=VECTOR('',#1867,9.527329111561E-1);
#1869=CARTESIAN_POINT('',(-1.76E0,-6.035E0,0.E0));
#1870=LINE('',#1869,#1868);
#1871=CARTESIAN_POINT('',(-1.99E0,-6.035E0,0.E0));
#1872=DIRECTION('',(0.E0,-1.E0,0.E0));
#1873=DIRECTION('',(1.E0,0.E0,0.E0));
#1874=AXIS2_PLACEMENT_3D('',#1871,#1872,#1873);
#1876=DIRECTION('',(-3.568681169914E-1,9.341547768304E-1,0.E0));
#1877=VECTOR('',#1876,9.527329111561E-1);
#1878=CARTESIAN_POINT('',(-2.22E0,-6.035E0,0.E0));
#1879=LINE('',#1878,#1877);
#1880=CARTESIAN_POINT('',(-1.99E0,-6.035E0,0.E0));
#1881=DIRECTION('',(0.E0,1.E0,0.E0));
#1882=DIRECTION('',(1.E0,0.E0,0.E0));
#1883=AXIS2_PLACEMENT_3D('',#1880,#1881,#1882);
#1885=DIRECTION('',(0.E0,1.E0,0.E0));
#1886=VECTOR('',#1885,3.8E-1);
#1887=CARTESIAN_POINT('',(-9.E-1,1.205E0,-2.45E0));
#1888=LINE('',#1887,#1886);
#1889=DIRECTION('',(0.E0,0.E0,-1.E0));
#1890=VECTOR('',#1889,5.92E0);
#1891=CARTESIAN_POINT('',(-9.E-1,1.205E0,3.47E0));
#1892=LINE('',#1891,#1890);
#1893=DIRECTION('',(0.E0,-1.E0,0.E0));
#1894=VECTOR('',#1893,3.8E-1);
#1895=CARTESIAN_POINT('',(-3.08E0,1.585E0,-2.45E0));
#1896=LINE('',#1895,#1894);
#1897=DIRECTION('',(0.E0,0.E0,-1.E0));
#1898=VECTOR('',#1897,6.9E0);
#1899=CARTESIAN_POINT('',(-4.86E0,-1.205E0,3.47E0));
#1900=LINE('',#1899,#1898);
#1901=CARTESIAN_POINT('',(-5.95E0,-1.205E0,0.E0));
#1902=DIRECTION('',(0.E0,1.E0,0.E0));
#1903=DIRECTION('',(1.E0,0.E0,0.E0));
#1904=AXIS2_PLACEMENT_3D('',#1901,#1902,#1903);
#1906=CARTESIAN_POINT('',(-5.95E0,-1.205E0,0.E0));
#1907=DIRECTION('',(0.E0,1.E0,0.E0));
#1908=DIRECTION('',(-1.E0,0.E0,0.E0));
#1909=AXIS2_PLACEMENT_3D('',#1906,#1907,#1908);
#1911=DIRECTION('',(0.E0,0.E0,-1.E0));
#1912=VECTOR('',#1911,6.9E0);
#1913=CARTESIAN_POINT('',(-7.04E0,-1.205E0,3.47E0));
#1914=LINE('',#1913,#1912);
#1915=CARTESIAN_POINT('',(-5.95E0,-5.145E0,0.E0));
#1916=DIRECTION('',(0.E0,1.E0,0.E0));
#1917=DIRECTION('',(1.E0,0.E0,0.E0));
#1918=AXIS2_PLACEMENT_3D('',#1915,#1916,#1917);
#1920=CARTESIAN_POINT('',(-5.95E0,1.205E0,0.E0));
#1921=DIRECTION('',(0.E0,1.E0,0.E0));
#1922=DIRECTION('',(1.E0,0.E0,0.E0));
#1923=AXIS2_PLACEMENT_3D('',#1920,#1921,#1922);
#1925=CARTESIAN_POINT('',(-5.95E0,1.205E0,0.E0));
#1926=DIRECTION('',(0.E0,1.E0,0.E0));
#1927=DIRECTION('',(-1.E0,0.E0,0.E0));
#1928=AXIS2_PLACEMENT_3D('',#1925,#1926,#1927);
#1930=DIRECTION('',(1.E0,0.E0,0.E0));
#1931=VECTOR('',#1930,2.18E0);
#1932=CARTESIAN_POINT('',(-7.04E0,1.205E0,-2.45E0));
#1933=LINE('',#1932,#1931);
#1934=DIRECTION('',(0.E0,0.E0,-1.E0));
#1935=VECTOR('',#1934,5.92E0);
#1936=CARTESIAN_POINT('',(-7.04E0,1.205E0,3.47E0));
#1937=LINE('',#1936,#1935);
#1938=DIRECTION('',(0.E0,1.E0,0.E0));
#1939=VECTOR('',#1938,1.092E1);
#1940=CARTESIAN_POINT('',(-6.52E0,1.205E0,0.E0));
#1941=LINE('',#1940,#1939);
#1942=DIRECTION('',(0.E0,1.E0,0.E0));
#1943=VECTOR('',#1942,1.092E1);
#1944=CARTESIAN_POINT('',(-5.38E0,1.205E0,0.E0));
#1945=LINE('',#1944,#1943);
#1946=DIRECTION('',(0.E0,1.E0,0.E0));
#1947=VECTOR('',#1946,3.94E0);
#1948=CARTESIAN_POINT('',(-5.38E0,-5.145E0,0.E0));
#1949=LINE('',#1948,#1947);
#1950=CARTESIAN_POINT('',(-5.95E0,-5.145E0,0.E0));
#1951=DIRECTION('',(0.E0,-1.E0,0.E0));
#1952=DIRECTION('',(1.E0,0.E0,0.E0));
#1953=AXIS2_PLACEMENT_3D('',#1950,#1951,#1952);
#1955=DIRECTION('',(0.E0,1.E0,0.E0));
#1956=VECTOR('',#1955,3.94E0);
#1957=CARTESIAN_POINT('',(-6.52E0,-5.145E0,0.E0));
#1958=LINE('',#1957,#1956);
#1959=DIRECTION('',(-3.568681169914E-1,9.341547768304E-1,0.E0));
#1960=VECTOR('',#1959,9.527329111561E-1);
#1961=CARTESIAN_POINT('',(-5.38E0,1.2125E1,0.E0));
#1962=LINE('',#1961,#1960);
#1963=CARTESIAN_POINT('',(-5.95E0,1.2125E1,0.E0));
#1964=DIRECTION('',(0.E0,-1.E0,0.E0));
#1965=DIRECTION('',(1.E0,0.E0,0.E0));
#1966=AXIS2_PLACEMENT_3D('',#1963,#1964,#1965);
#1968=DIRECTION('',(3.568681169914E-1,9.341547768304E-1,0.E0));
#1969=VECTOR('',#1968,9.527329111561E-1);
#1970=CARTESIAN_POINT('',(-6.52E0,1.2125E1,0.E0));
#1971=LINE('',#1970,#1969);
#1972=CARTESIAN_POINT('',(-5.95E0,1.2125E1,0.E0));
#1973=DIRECTION('',(0.E0,1.E0,0.E0));
#1974=DIRECTION('',(1.E0,0.E0,0.E0));
#1975=AXIS2_PLACEMENT_3D('',#1972,#1973,#1974);
#1977=CARTESIAN_POINT('',(-5.95E0,1.3015E1,0.E0));
#1978=DIRECTION('',(0.E0,-1.E0,0.E0));
#1979=DIRECTION('',(1.E0,0.E0,0.E0));
#1980=AXIS2_PLACEMENT_3D('',#1977,#1978,#1979);
#1982=CARTESIAN_POINT('',(-5.95E0,1.3015E1,0.E0));
#1983=DIRECTION('',(0.E0,1.E0,0.E0));
#1984=DIRECTION('',(1.E0,0.E0,0.E0));
#1985=AXIS2_PLACEMENT_3D('',#1982,#1983,#1984);
#1987=DIRECTION('',(3.568681169914E-1,9.341547768304E-1,0.E0));
#1988=VECTOR('',#1987,9.527329111561E-1);
#1989=CARTESIAN_POINT('',(-5.72E0,-6.035E0,0.E0));
#1990=LINE('',#1989,#1988);
#1991=CARTESIAN_POINT('',(-5.95E0,-6.035E0,0.E0));
#1992=DIRECTION('',(0.E0,-1.E0,0.E0));
#1993=DIRECTION('',(1.E0,0.E0,0.E0));
#1994=AXIS2_PLACEMENT_3D('',#1991,#1992,#1993);
#1996=DIRECTION('',(-3.568681169914E-1,9.341547768304E-1,0.E0));
#1997=VECTOR('',#1996,9.527329111561E-1);
#1998=CARTESIAN_POINT('',(-6.18E0,-6.035E0,0.E0));
#1999=LINE('',#1998,#1997);
#2000=CARTESIAN_POINT('',(-5.95E0,-6.035E0,0.E0));
#2001=DIRECTION('',(0.E0,1.E0,0.E0));
#2002=DIRECTION('',(1.E0,0.E0,0.E0));
#2003=AXIS2_PLACEMENT_3D('',#2000,#2001,#2002);
#2005=DIRECTION('',(0.E0,1.E0,0.E0));
#2006=VECTOR('',#2005,3.8E-1);
#2007=CARTESIAN_POINT('',(-4.86E0,1.205E0,-2.45E0));
#2008=LINE('',#2007,#2006);
#2009=DIRECTION('',(0.E0,0.E0,-1.E0));
#2010=VECTOR('',#2009,5.92E0);
#2011=CARTESIAN_POINT('',(-4.86E0,1.205E0,3.47E0));
#2012=LINE('',#2011,#2010);
#2013=DIRECTION('',(0.E0,-1.E0,0.E0));
#2014=VECTOR('',#2013,3.8E-1);
#2015=CARTESIAN_POINT('',(-7.04E0,1.585E0,-2.45E0));
#2016=LINE('',#2015,#2014);
#2017=DIRECTION('',(0.E0,0.E0,-1.E0));
#2018=VECTOR('',#2017,6.9E0);
#2019=CARTESIAN_POINT('',(-8.82E0,-1.205E0,3.47E0));
#2020=LINE('',#2019,#2018);
#2021=CARTESIAN_POINT('',(-9.91E0,-1.205E0,0.E0));
#2022=DIRECTION('',(0.E0,1.E0,0.E0));
#2023=DIRECTION('',(1.E0,0.E0,0.E0));
#2024=AXIS2_PLACEMENT_3D('',#2021,#2022,#2023);
#2026=CARTESIAN_POINT('',(-9.91E0,-1.205E0,0.E0));
#2027=DIRECTION('',(0.E0,1.E0,0.E0));
#2028=DIRECTION('',(-1.E0,0.E0,0.E0));
#2029=AXIS2_PLACEMENT_3D('',#2026,#2027,#2028);
#2031=DIRECTION('',(0.E0,0.E0,-1.E0));
#2032=VECTOR('',#2031,6.9E0);
#2033=CARTESIAN_POINT('',(-1.1E1,-1.205E0,3.47E0));
#2034=LINE('',#2033,#2032);
#2035=CARTESIAN_POINT('',(-9.91E0,-5.145E0,0.E0));
#2036=DIRECTION('',(0.E0,1.E0,0.E0));
#2037=DIRECTION('',(1.E0,0.E0,0.E0));
#2038=AXIS2_PLACEMENT_3D('',#2035,#2036,#2037);
#2040=CARTESIAN_POINT('',(-9.91E0,1.205E0,0.E0));
#2041=DIRECTION('',(0.E0,1.E0,0.E0));
#2042=DIRECTION('',(1.E0,0.E0,0.E0));
#2043=AXIS2_PLACEMENT_3D('',#2040,#2041,#2042);
#2045=CARTESIAN_POINT('',(-9.91E0,1.205E0,0.E0));
#2046=DIRECTION('',(0.E0,1.E0,0.E0));
#2047=DIRECTION('',(-1.E0,0.E0,0.E0));
#2048=AXIS2_PLACEMENT_3D('',#2045,#2046,#2047);
#2050=DIRECTION('',(1.E0,0.E0,0.E0));
#2051=VECTOR('',#2050,2.18E0);
#2052=CARTESIAN_POINT('',(-1.1E1,1.205E0,-2.45E0));
#2053=LINE('',#2052,#2051);
#2054=DIRECTION('',(0.E0,0.E0,-1.E0));
#2055=VECTOR('',#2054,5.92E0);
#2056=CARTESIAN_POINT('',(-1.1E1,1.205E0,3.47E0));
#2057=LINE('',#2056,#2055);
#2058=DIRECTION('',(0.E0,1.E0,0.E0));
#2059=VECTOR('',#2058,1.092E1);
#2060=CARTESIAN_POINT('',(-1.048E1,1.205E0,0.E0));
#2061=LINE('',#2060,#2059);
#2062=DIRECTION('',(0.E0,1.E0,0.E0));
#2063=VECTOR('',#2062,1.092E1);
#2064=CARTESIAN_POINT('',(-9.34E0,1.205E0,0.E0));
#2065=LINE('',#2064,#2063);
#2066=DIRECTION('',(0.E0,1.E0,0.E0));
#2067=VECTOR('',#2066,3.94E0);
#2068=CARTESIAN_POINT('',(-9.34E0,-5.145E0,0.E0));
#2069=LINE('',#2068,#2067);
#2070=CARTESIAN_POINT('',(-9.91E0,-5.145E0,0.E0));
#2071=DIRECTION('',(0.E0,-1.E0,0.E0));
#2072=DIRECTION('',(1.E0,0.E0,0.E0));
#2073=AXIS2_PLACEMENT_3D('',#2070,#2071,#2072);
#2075=DIRECTION('',(0.E0,1.E0,0.E0));
#2076=VECTOR('',#2075,3.94E0);
#2077=CARTESIAN_POINT('',(-1.048E1,-5.145E0,0.E0));
#2078=LINE('',#2077,#2076);
#2079=DIRECTION('',(-3.568681169914E-1,9.341547768304E-1,0.E0));
#2080=VECTOR('',#2079,9.527329111561E-1);
#2081=CARTESIAN_POINT('',(-9.34E0,1.2125E1,0.E0));
#2082=LINE('',#2081,#2080);
#2083=CARTESIAN_POINT('',(-9.91E0,1.2125E1,0.E0));
#2084=DIRECTION('',(0.E0,-1.E0,0.E0));
#2085=DIRECTION('',(1.E0,0.E0,0.E0));
#2086=AXIS2_PLACEMENT_3D('',#2083,#2084,#2085);
#2088=DIRECTION('',(3.568681169914E-1,9.341547768304E-1,0.E0));
#2089=VECTOR('',#2088,9.527329111561E-1);
#2090=CARTESIAN_POINT('',(-1.048E1,1.2125E1,0.E0));
#2091=LINE('',#2090,#2089);
#2092=CARTESIAN_POINT('',(-9.91E0,1.2125E1,0.E0));
#2093=DIRECTION('',(0.E0,1.E0,0.E0));
#2094=DIRECTION('',(1.E0,0.E0,0.E0));
#2095=AXIS2_PLACEMENT_3D('',#2092,#2093,#2094);
#2097=CARTESIAN_POINT('',(-9.91E0,1.3015E1,0.E0));
#2098=DIRECTION('',(0.E0,-1.E0,0.E0));
#2099=DIRECTION('',(1.E0,0.E0,0.E0));
#2100=AXIS2_PLACEMENT_3D('',#2097,#2098,#2099);
#2102=CARTESIAN_POINT('',(-9.91E0,1.3015E1,0.E0));
#2103=DIRECTION('',(0.E0,1.E0,0.E0));
#2104=DIRECTION('',(1.E0,0.E0,0.E0));
#2105=AXIS2_PLACEMENT_3D('',#2102,#2103,#2104);
#2107=DIRECTION('',(3.568681169914E-1,9.341547768304E-1,0.E0));
#2108=VECTOR('',#2107,9.527329111561E-1);
#2109=CARTESIAN_POINT('',(-9.68E0,-6.035E0,0.E0));
#2110=LINE('',#2109,#2108);
#2111=CARTESIAN_POINT('',(-9.91E0,-6.035E0,0.E0));
#2112=DIRECTION('',(0.E0,-1.E0,0.E0));
#2113=DIRECTION('',(1.E0,0.E0,0.E0));
#2114=AXIS2_PLACEMENT_3D('',#2111,#2112,#2113);
#2116=DIRECTION('',(-3.568681169914E-1,9.341547768304E-1,0.E0));
#2117=VECTOR('',#2116,9.527329111561E-1);
#2118=CARTESIAN_POINT('',(-1.014E1,-6.035E0,0.E0));
#2119=LINE('',#2118,#2117);
#2120=CARTESIAN_POINT('',(-9.91E0,-6.035E0,0.E0));
#2121=DIRECTION('',(0.E0,1.E0,0.E0));
#2122=DIRECTION('',(1.E0,0.E0,0.E0));
#2123=AXIS2_PLACEMENT_3D('',#2120,#2121,#2122);
#2125=DIRECTION('',(0.E0,1.E0,0.E0));
#2126=VECTOR('',#2125,3.8E-1);
#2127=CARTESIAN_POINT('',(-8.82E0,1.205E0,-2.45E0));
#2128=LINE('',#2127,#2126);
#2129=DIRECTION('',(0.E0,0.E0,-1.E0));
#2130=VECTOR('',#2129,5.92E0);
#2131=CARTESIAN_POINT('',(-8.82E0,1.205E0,3.47E0));
#2132=LINE('',#2131,#2130);
#2133=DIRECTION('',(0.E0,-1.E0,0.E0));
#2134=VECTOR('',#2133,3.8E-1);
#2135=CARTESIAN_POINT('',(-1.1E1,1.585E0,-2.45E0));
#2136=LINE('',#2135,#2134);
#2137=DIRECTION('',(0.E0,0.E0,-1.E0));
#2138=VECTOR('',#2137,6.9E0);
#2139=CARTESIAN_POINT('',(-1.278E1,-1.205E0,3.47E0));
#2140=LINE('',#2139,#2138);
#2141=CARTESIAN_POINT('',(-1.387E1,-1.205E0,0.E0));
#2142=DIRECTION('',(0.E0,1.E0,0.E0));
#2143=DIRECTION('',(1.E0,0.E0,0.E0));
#2144=AXIS2_PLACEMENT_3D('',#2141,#2142,#2143);
#2146=CARTESIAN_POINT('',(-1.387E1,-1.205E0,0.E0));
#2147=DIRECTION('',(0.E0,1.E0,0.E0));
#2148=DIRECTION('',(-1.E0,0.E0,0.E0));
#2149=AXIS2_PLACEMENT_3D('',#2146,#2147,#2148);
#2151=DIRECTION('',(0.E0,0.E0,-1.E0));
#2152=VECTOR('',#2151,6.9E0);
#2153=CARTESIAN_POINT('',(-1.496E1,-1.205E0,3.47E0));
#2154=LINE('',#2153,#2152);
#2155=CARTESIAN_POINT('',(-1.387E1,-5.145E0,0.E0));
#2156=DIRECTION('',(0.E0,1.E0,0.E0));
#2157=DIRECTION('',(1.E0,0.E0,0.E0));
#2158=AXIS2_PLACEMENT_3D('',#2155,#2156,#2157);
#2160=CARTESIAN_POINT('',(-1.387E1,1.205E0,0.E0));
#2161=DIRECTION('',(0.E0,1.E0,0.E0));
#2162=DIRECTION('',(1.E0,0.E0,0.E0));
#2163=AXIS2_PLACEMENT_3D('',#2160,#2161,#2162);
#2165=CARTESIAN_POINT('',(-1.387E1,1.205E0,0.E0));
#2166=DIRECTION('',(0.E0,1.E0,0.E0));
#2167=DIRECTION('',(-1.E0,0.E0,0.E0));
#2168=AXIS2_PLACEMENT_3D('',#2165,#2166,#2167);
#2170=DIRECTION('',(1.E0,0.E0,0.E0));
#2171=VECTOR('',#2170,2.18E0);
#2172=CARTESIAN_POINT('',(-1.496E1,1.205E0,-2.45E0));
#2173=LINE('',#2172,#2171);
#2174=DIRECTION('',(0.E0,0.E0,-1.E0));
#2175=VECTOR('',#2174,5.92E0);
#2176=CARTESIAN_POINT('',(-1.496E1,1.205E0,3.47E0));
#2177=LINE('',#2176,#2175);
#2178=DIRECTION('',(0.E0,1.E0,0.E0));
#2179=VECTOR('',#2178,1.092E1);
#2180=CARTESIAN_POINT('',(-1.444E1,1.205E0,0.E0));
#2181=LINE('',#2180,#2179);
#2182=DIRECTION('',(0.E0,1.E0,0.E0));
#2183=VECTOR('',#2182,1.092E1);
#2184=CARTESIAN_POINT('',(-1.33E1,1.205E0,0.E0));
#2185=LINE('',#2184,#2183);
#2186=DIRECTION('',(0.E0,1.E0,0.E0));
#2187=VECTOR('',#2186,3.94E0);
#2188=CARTESIAN_POINT('',(-1.33E1,-5.145E0,0.E0));
#2189=LINE('',#2188,#2187);
#2190=CARTESIAN_POINT('',(-1.387E1,-5.145E0,0.E0));
#2191=DIRECTION('',(0.E0,-1.E0,0.E0));
#2192=DIRECTION('',(1.E0,0.E0,0.E0));
#2193=AXIS2_PLACEMENT_3D('',#2190,#2191,#2192);
#2195=DIRECTION('',(0.E0,1.E0,0.E0));
#2196=VECTOR('',#2195,3.94E0);
#2197=CARTESIAN_POINT('',(-1.444E1,-5.145E0,0.E0));
#2198=LINE('',#2197,#2196);
#2199=DIRECTION('',(-3.568681169914E-1,9.341547768304E-1,0.E0));
#2200=VECTOR('',#2199,9.527329111561E-1);
#2201=CARTESIAN_POINT('',(-1.33E1,1.2125E1,0.E0));
#2202=LINE('',#2201,#2200);
#2203=CARTESIAN_POINT('',(-1.387E1,1.2125E1,0.E0));
#2204=DIRECTION('',(0.E0,-1.E0,0.E0));
#2205=DIRECTION('',(1.E0,0.E0,0.E0));
#2206=AXIS2_PLACEMENT_3D('',#2203,#2204,#2205);
#2208=DIRECTION('',(3.568681169914E-1,9.341547768304E-1,0.E0));
#2209=VECTOR('',#2208,9.527329111561E-1);
#2210=CARTESIAN_POINT('',(-1.444E1,1.2125E1,0.E0));
#2211=LINE('',#2210,#2209);
#2212=CARTESIAN_POINT('',(-1.387E1,1.2125E1,0.E0));
#2213=DIRECTION('',(0.E0,1.E0,0.E0));
#2214=DIRECTION('',(1.E0,0.E0,0.E0));
#2215=AXIS2_PLACEMENT_3D('',#2212,#2213,#2214);
#2217=CARTESIAN_POINT('',(-1.387E1,1.3015E1,0.E0));
#2218=DIRECTION('',(0.E0,-1.E0,0.E0));
#2219=DIRECTION('',(1.E0,0.E0,0.E0));
#2220=AXIS2_PLACEMENT_3D('',#2217,#2218,#2219);
#2222=CARTESIAN_POINT('',(-1.387E1,1.3015E1,0.E0));
#2223=DIRECTION('',(0.E0,1.E0,0.E0));
#2224=DIRECTION('',(1.E0,0.E0,0.E0));
#2225=AXIS2_PLACEMENT_3D('',#2222,#2223,#2224);
#2227=DIRECTION('',(3.568681169914E-1,9.341547768304E-1,0.E0));
#2228=VECTOR('',#2227,9.527329111561E-1);
#2229=CARTESIAN_POINT('',(-1.364E1,-6.035E0,0.E0));
#2230=LINE('',#2229,#2228);
#2231=CARTESIAN_POINT('',(-1.387E1,-6.035E0,0.E0));
#2232=DIRECTION('',(0.E0,-1.E0,0.E0));
#2233=DIRECTION('',(1.E0,0.E0,0.E0));
#2234=AXIS2_PLACEMENT_3D('',#2231,#2232,#2233);
#2236=DIRECTION('',(-3.568681169914E-1,9.341547768304E-1,0.E0));
#2237=VECTOR('',#2236,9.527329111561E-1);
#2238=CARTESIAN_POINT('',(-1.41E1,-6.035E0,0.E0));
#2239=LINE('',#2238,#2237);
#2240=CARTESIAN_POINT('',(-1.387E1,-6.035E0,0.E0));
#2241=DIRECTION('',(0.E0,1.E0,0.E0));
#2242=DIRECTION('',(1.E0,0.E0,0.E0));
#2243=AXIS2_PLACEMENT_3D('',#2240,#2241,#2242);
#2245=DIRECTION('',(0.E0,1.E0,0.E0));
#2246=VECTOR('',#2245,3.8E-1);
#2247=CARTESIAN_POINT('',(-1.278E1,1.205E0,-2.45E0));
#2248=LINE('',#2247,#2246);
#2249=DIRECTION('',(0.E0,0.E0,-1.E0));
#2250=VECTOR('',#2249,5.92E0);
#2251=CARTESIAN_POINT('',(-1.278E1,1.205E0,3.47E0));
#2252=LINE('',#2251,#2250);
#2253=DIRECTION('',(0.E0,-1.E0,0.E0));
#2254=VECTOR('',#2253,3.8E-1);
#2255=CARTESIAN_POINT('',(-1.496E1,1.585E0,-2.45E0));
#2256=LINE('',#2255,#2254);
#2257=DIRECTION('',(0.E0,0.E0,-1.E0));
#2258=VECTOR('',#2257,6.9E0);
#2259=CARTESIAN_POINT('',(-1.674E1,-1.205E0,3.47E0));
#2260=LINE('',#2259,#2258);
#2261=CARTESIAN_POINT('',(-1.783E1,-1.205E0,0.E0));
#2262=DIRECTION('',(0.E0,1.E0,0.E0));
#2263=DIRECTION('',(1.E0,0.E0,0.E0));
#2264=AXIS2_PLACEMENT_3D('',#2261,#2262,#2263);
#2266=CARTESIAN_POINT('',(-1.783E1,-1.205E0,0.E0));
#2267=DIRECTION('',(0.E0,1.E0,0.E0));
#2268=DIRECTION('',(-1.E0,0.E0,0.E0));
#2269=AXIS2_PLACEMENT_3D('',#2266,#2267,#2268);
#2271=CARTESIAN_POINT('',(-1.783E1,-5.145E0,0.E0));
#2272=DIRECTION('',(0.E0,1.E0,0.E0));
#2273=DIRECTION('',(1.E0,0.E0,0.E0));
#2274=AXIS2_PLACEMENT_3D('',#2271,#2272,#2273);
#2276=CARTESIAN_POINT('',(-1.783E1,1.205E0,0.E0));
#2277=DIRECTION('',(0.E0,1.E0,0.E0));
#2278=DIRECTION('',(1.E0,0.E0,0.E0));
#2279=AXIS2_PLACEMENT_3D('',#2276,#2277,#2278);
#2281=CARTESIAN_POINT('',(-1.783E1,1.205E0,0.E0));
#2282=DIRECTION('',(0.E0,1.E0,0.E0));
#2283=DIRECTION('',(-1.E0,0.E0,0.E0));
#2284=AXIS2_PLACEMENT_3D('',#2281,#2282,#2283);
#2286=DIRECTION('',(1.E0,0.E0,0.E0));
#2287=VECTOR('',#2286,2.18E0);
#2288=CARTESIAN_POINT('',(-1.892E1,1.205E0,-2.45E0));
#2289=LINE('',#2288,#2287);
#2290=DIRECTION('',(0.E0,0.E0,-1.E0));
#2291=VECTOR('',#2290,5.92E0);
#2292=CARTESIAN_POINT('',(-1.892E1,1.205E0,3.47E0));
#2293=LINE('',#2292,#2291);
#2294=DIRECTION('',(0.E0,1.E0,0.E0));
#2295=VECTOR('',#2294,1.092E1);
#2296=CARTESIAN_POINT('',(-1.84E1,1.205E0,0.E0));
#2297=LINE('',#2296,#2295);
#2298=DIRECTION('',(0.E0,1.E0,0.E0));
#2299=VECTOR('',#2298,1.092E1);
#2300=CARTESIAN_POINT('',(-1.726E1,1.205E0,0.E0));
#2301=LINE('',#2300,#2299);
#2302=DIRECTION('',(0.E0,1.E0,0.E0));
#2303=VECTOR('',#2302,3.94E0);
#2304=CARTESIAN_POINT('',(-1.726E1,-5.145E0,0.E0));
#2305=LINE('',#2304,#2303);
#2306=CARTESIAN_POINT('',(-1.783E1,-5.145E0,0.E0));
#2307=DIRECTION('',(0.E0,-1.E0,0.E0));
#2308=DIRECTION('',(1.E0,0.E0,0.E0));
#2309=AXIS2_PLACEMENT_3D('',#2306,#2307,#2308);
#2311=DIRECTION('',(0.E0,1.E0,0.E0));
#2312=VECTOR('',#2311,3.94E0);
#2313=CARTESIAN_POINT('',(-1.84E1,-5.145E0,0.E0));
#2314=LINE('',#2313,#2312);
#2315=DIRECTION('',(-3.568681169914E-1,9.341547768304E-1,0.E0));
#2316=VECTOR('',#2315,9.527329111561E-1);
#2317=CARTESIAN_POINT('',(-1.726E1,1.2125E1,0.E0));
#2318=LINE('',#2317,#2316);
#2319=CARTESIAN_POINT('',(-1.783E1,1.2125E1,0.E0));
#2320=DIRECTION('',(0.E0,-1.E0,0.E0));
#2321=DIRECTION('',(1.E0,0.E0,0.E0));
#2322=AXIS2_PLACEMENT_3D('',#2319,#2320,#2321);
#2324=DIRECTION('',(3.568681169914E-1,9.341547768304E-1,0.E0));
#2325=VECTOR('',#2324,9.527329111561E-1);
#2326=CARTESIAN_POINT('',(-1.84E1,1.2125E1,0.E0));
#2327=LINE('',#2326,#2325);
#2328=CARTESIAN_POINT('',(-1.783E1,1.2125E1,0.E0));
#2329=DIRECTION('',(0.E0,1.E0,0.E0));
#2330=DIRECTION('',(1.E0,0.E0,0.E0));
#2331=AXIS2_PLACEMENT_3D('',#2328,#2329,#2330);
#2333=CARTESIAN_POINT('',(-1.783E1,1.3015E1,0.E0));
#2334=DIRECTION('',(0.E0,-1.E0,0.E0));
#2335=DIRECTION('',(1.E0,0.E0,0.E0));
#2336=AXIS2_PLACEMENT_3D('',#2333,#2334,#2335);
#2338=CARTESIAN_POINT('',(-1.783E1,1.3015E1,0.E0));
#2339=DIRECTION('',(0.E0,1.E0,0.E0));
#2340=DIRECTION('',(1.E0,0.E0,0.E0));
#2341=AXIS2_PLACEMENT_3D('',#2338,#2339,#2340);
#2343=DIRECTION('',(3.568681169914E-1,9.341547768304E-1,0.E0));
#2344=VECTOR('',#2343,9.527329111561E-1);
#2345=CARTESIAN_POINT('',(-1.76E1,-6.035E0,0.E0));
#2346=LINE('',#2345,#2344);
#2347=CARTESIAN_POINT('',(-1.783E1,-6.035E0,0.E0));
#2348=DIRECTION('',(0.E0,-1.E0,0.E0));
#2349=DIRECTION('',(1.E0,0.E0,0.E0));
#2350=AXIS2_PLACEMENT_3D('',#2347,#2348,#2349);
#2352=DIRECTION('',(-3.568681169914E-1,9.341547768304E-1,0.E0));
#2353=VECTOR('',#2352,9.527329111561E-1);
#2354=CARTESIAN_POINT('',(-1.806E1,-6.035E0,0.E0));
#2355=LINE('',#2354,#2353);
#2356=CARTESIAN_POINT('',(-1.783E1,-6.035E0,0.E0));
#2357=DIRECTION('',(0.E0,1.E0,0.E0));
#2358=DIRECTION('',(1.E0,0.E0,0.E0));
#2359=AXIS2_PLACEMENT_3D('',#2356,#2357,#2358);
#2361=DIRECTION('',(0.E0,0.E0,-1.E0));
#2362=VECTOR('',#2361,5.92E0);
#2363=CARTESIAN_POINT('',(-1.674E1,1.205E0,3.47E0));
#2364=LINE('',#2363,#2362);
#2365=DIRECTION('',(0.E0,1.E0,0.E0));
#2366=VECTOR('',#2365,3.8E-1);
#2367=CARTESIAN_POINT('',(-1.674E1,1.205E0,-2.45E0));
#2368=LINE('',#2367,#2366);
#2369=DIRECTION('',(0.E0,-1.E0,0.E0));
#2370=VECTOR('',#2369,3.8E-1);
#2371=CARTESIAN_POINT('',(-1.892E1,1.585E0,-2.45E0));
#2372=LINE('',#2371,#2370);
#2373=DIRECTION('',(0.E0,-1.E0,0.E0));
#2374=VECTOR('',#2373,3.17E0);
#2375=CARTESIAN_POINT('',(-1.636E1,1.585E0,-1.5E0));
#2376=LINE('',#2375,#2374);
#2377=DIRECTION('',(0.E0,-1.E0,0.E0));
#2378=VECTOR('',#2377,3.17E0);
#2379=CARTESIAN_POINT('',(-1.636E1,1.585E0,1.5E0));
#2380=LINE('',#2379,#2378);
#2381=DIRECTION('',(0.E0,-1.E0,0.E0));
#2382=VECTOR('',#2381,3.17E0);
#2383=CARTESIAN_POINT('',(-1.534E1,1.585E0,1.5E0));
#2384=LINE('',#2383,#2382);
#2385=DIRECTION('',(0.E0,-1.E0,0.E0));
#2386=VECTOR('',#2385,3.17E0);
#2387=CARTESIAN_POINT('',(-1.534E1,1.585E0,-1.5E0));
#2388=LINE('',#2387,#2386);
#2389=DIRECTION('',(0.E0,-1.E0,0.E0));
#2390=VECTOR('',#2389,3.17E0);
#2391=CARTESIAN_POINT('',(-1.24E1,1.585E0,-1.5E0));
#2392=LINE('',#2391,#2390);
#2393=DIRECTION('',(0.E0,-1.E0,0.E0));
#2394=VECTOR('',#2393,3.17E0);
#2395=CARTESIAN_POINT('',(-1.24E1,1.585E0,1.5E0));
#2396=LINE('',#2395,#2394);
#2397=DIRECTION('',(0.E0,-1.E0,0.E0));
#2398=VECTOR('',#2397,3.17E0);
#2399=CARTESIAN_POINT('',(-1.138E1,1.585E0,1.5E0));
#2400=LINE('',#2399,#2398);
#2401=DIRECTION('',(0.E0,-1.E0,0.E0));
#2402=VECTOR('',#2401,3.17E0);
#2403=CARTESIAN_POINT('',(-1.138E1,1.585E0,-1.5E0));
#2404=LINE('',#2403,#2402);
#2405=DIRECTION('',(0.E0,-1.E0,0.E0));
#2406=VECTOR('',#2405,3.17E0);
#2407=CARTESIAN_POINT('',(-8.44E0,1.585E0,-1.5E0));
#2408=LINE('',#2407,#2406);
#2409=DIRECTION('',(0.E0,-1.E0,0.E0));
#2410=VECTOR('',#2409,3.17E0);
#2411=CARTESIAN_POINT('',(-8.44E0,1.585E0,1.5E0));
#2412=LINE('',#2411,#2410);
#2413=DIRECTION('',(0.E0,-1.E0,0.E0));
#2414=VECTOR('',#2413,3.17E0);
#2415=CARTESIAN_POINT('',(-7.42E0,1.585E0,1.5E0));
#2416=LINE('',#2415,#2414);
#2417=DIRECTION('',(0.E0,-1.E0,0.E0));
#2418=VECTOR('',#2417,3.17E0);
#2419=CARTESIAN_POINT('',(-7.42E0,1.585E0,-1.5E0));
#2420=LINE('',#2419,#2418);
#2421=DIRECTION('',(0.E0,-1.E0,0.E0));
#2422=VECTOR('',#2421,3.17E0);
#2423=CARTESIAN_POINT('',(-4.48E0,1.585E0,-1.5E0));
#2424=LINE('',#2423,#2422);
#2425=DIRECTION('',(0.E0,-1.E0,0.E0));
#2426=VECTOR('',#2425,3.17E0);
#2427=CARTESIAN_POINT('',(-4.48E0,1.585E0,1.5E0));
#2428=LINE('',#2427,#2426);
#2429=DIRECTION('',(0.E0,-1.E0,0.E0));
#2430=VECTOR('',#2429,3.17E0);
#2431=CARTESIAN_POINT('',(-3.46E0,1.585E0,1.5E0));
#2432=LINE('',#2431,#2430);
#2433=DIRECTION('',(0.E0,-1.E0,0.E0));
#2434=VECTOR('',#2433,3.17E0);
#2435=CARTESIAN_POINT('',(-3.46E0,1.585E0,-1.5E0));
#2436=LINE('',#2435,#2434);
#2437=DIRECTION('',(0.E0,-1.E0,0.E0));
#2438=VECTOR('',#2437,3.17E0);
#2439=CARTESIAN_POINT('',(-5.2E-1,1.585E0,-1.5E0));
#2440=LINE('',#2439,#2438);
#2441=DIRECTION('',(0.E0,-1.E0,0.E0));
#2442=VECTOR('',#2441,3.17E0);
#2443=CARTESIAN_POINT('',(-5.2E-1,1.585E0,1.5E0));
#2444=LINE('',#2443,#2442);
#2445=DIRECTION('',(0.E0,-1.E0,0.E0));
#2446=VECTOR('',#2445,3.17E0);
#2447=CARTESIAN_POINT('',(5.E-1,1.585E0,1.5E0));
#2448=LINE('',#2447,#2446);
#2449=DIRECTION('',(0.E0,-1.E0,0.E0));
#2450=VECTOR('',#2449,3.17E0);
#2451=CARTESIAN_POINT('',(5.E-1,1.585E0,-1.5E0));
#2452=LINE('',#2451,#2450);
#2453=DIRECTION('',(0.E0,-1.E0,0.E0));
#2454=VECTOR('',#2453,3.17E0);
#2455=CARTESIAN_POINT('',(3.44E0,1.585E0,-1.5E0));
#2456=LINE('',#2455,#2454);
#2457=DIRECTION('',(0.E0,-1.E0,0.E0));
#2458=VECTOR('',#2457,3.17E0);
#2459=CARTESIAN_POINT('',(3.44E0,1.585E0,1.5E0));
#2460=LINE('',#2459,#2458);
#2461=DIRECTION('',(0.E0,-1.E0,0.E0));
#2462=VECTOR('',#2461,3.17E0);
#2463=CARTESIAN_POINT('',(4.46E0,1.585E0,1.5E0));
#2464=LINE('',#2463,#2462);
#2465=DIRECTION('',(0.E0,-1.E0,0.E0));
#2466=VECTOR('',#2465,3.17E0);
#2467=CARTESIAN_POINT('',(4.46E0,1.585E0,-1.5E0));
#2468=LINE('',#2467,#2466);
#2469=DIRECTION('',(0.E0,-1.E0,0.E0));
#2470=VECTOR('',#2469,3.17E0);
#2471=CARTESIAN_POINT('',(7.4E0,1.585E0,-1.5E0));
#2472=LINE('',#2471,#2470);
#2473=DIRECTION('',(0.E0,-1.E0,0.E0));
#2474=VECTOR('',#2473,3.17E0);
#2475=CARTESIAN_POINT('',(7.4E0,1.585E0,1.5E0));
#2476=LINE('',#2475,#2474);
#2477=DIRECTION('',(0.E0,-1.E0,0.E0));
#2478=VECTOR('',#2477,3.17E0);
#2479=CARTESIAN_POINT('',(8.42E0,1.585E0,1.5E0));
#2480=LINE('',#2479,#2478);
#2481=DIRECTION('',(0.E0,-1.E0,0.E0));
#2482=VECTOR('',#2481,3.17E0);
#2483=CARTESIAN_POINT('',(8.42E0,1.585E0,-1.5E0));
#2484=LINE('',#2483,#2482);
#2485=DIRECTION('',(0.E0,-1.E0,0.E0));
#2486=VECTOR('',#2485,3.17E0);
#2487=CARTESIAN_POINT('',(1.136E1,1.585E0,-1.5E0));
#2488=LINE('',#2487,#2486);
#2489=DIRECTION('',(0.E0,-1.E0,0.E0));
#2490=VECTOR('',#2489,3.17E0);
#2491=CARTESIAN_POINT('',(1.136E1,1.585E0,1.5E0));
#2492=LINE('',#2491,#2490);
#2493=DIRECTION('',(0.E0,-1.E0,0.E0));
#2494=VECTOR('',#2493,3.17E0);
#2495=CARTESIAN_POINT('',(1.238E1,1.585E0,1.5E0));
#2496=LINE('',#2495,#2494);
#2497=DIRECTION('',(0.E0,-1.E0,0.E0));
#2498=VECTOR('',#2497,3.17E0);
#2499=CARTESIAN_POINT('',(1.238E1,1.585E0,-1.5E0));
#2500=LINE('',#2499,#2498);
#2501=DIRECTION('',(0.E0,-1.E0,0.E0));
#2502=VECTOR('',#2501,3.17E0);
#2503=CARTESIAN_POINT('',(1.532E1,1.585E0,-1.5E0));
#2504=LINE('',#2503,#2502);
#2505=DIRECTION('',(0.E0,-1.E0,0.E0));
#2506=VECTOR('',#2505,3.17E0);
#2507=CARTESIAN_POINT('',(1.532E1,1.585E0,1.5E0));
#2508=LINE('',#2507,#2506);
#2509=DIRECTION('',(0.E0,-1.E0,0.E0));
#2510=VECTOR('',#2509,3.17E0);
#2511=CARTESIAN_POINT('',(1.634E1,1.585E0,1.5E0));
#2512=LINE('',#2511,#2510);
#2513=DIRECTION('',(0.E0,-1.E0,0.E0));
#2514=VECTOR('',#2513,3.17E0);
#2515=CARTESIAN_POINT('',(1.634E1,1.585E0,-1.5E0));
#2516=LINE('',#2515,#2514);
#2517=CARTESIAN_POINT('',(-1.981E1,1.585E0,3.47E0));
#2518=CARTESIAN_POINT('',(-1.981E1,-1.585E0,3.47E0));
#2519=VERTEX_POINT('',#2517);
#2520=VERTEX_POINT('',#2518);
#2521=CARTESIAN_POINT('',(1.981E1,-1.585E0,3.47E0));
#2522=CARTESIAN_POINT('',(1.981E1,1.585E0,3.47E0));
#2523=VERTEX_POINT('',#2521);
#2524=VERTEX_POINT('',#2522);
#2525=CARTESIAN_POINT('',(-1.981E1,-1.585E0,-3.43E0));
#2526=VERTEX_POINT('',#2525);
#2527=CARTESIAN_POINT('',(1.981E1,-1.585E0,-3.43E0));
#2528=VERTEX_POINT('',#2527);
#2529=CARTESIAN_POINT('',(-1.674E1,-1.585E0,-3.43E0));
#2530=CARTESIAN_POINT('',(-1.674E1,-1.205E0,-3.43E0));
#2531=VERTEX_POINT('',#2529);
#2532=VERTEX_POINT('',#2530);
#2533=CARTESIAN_POINT('',(-1.892E1,-1.205E0,-3.43E0));
#2534=VERTEX_POINT('',#2533);
#2535=CARTESIAN_POINT('',(-1.892E1,-1.585E0,-3.43E0));
#2536=VERTEX_POINT('',#2535);
#2537=CARTESIAN_POINT('',(-1.892E1,1.585E0,3.47E0));
#2538=CARTESIAN_POINT('',(-1.892E1,1.205E0,3.47E0));
#2539=VERTEX_POINT('',#2537);
#2540=VERTEX_POINT('',#2538);
#2541=CARTESIAN_POINT('',(-1.674E1,1.205E0,3.47E0));
#2542=VERTEX_POINT('',#2541);
#2543=CARTESIAN_POINT('',(-1.674E1,1.585E0,3.47E0));
#2544=VERTEX_POINT('',#2543);
#2545=CARTESIAN_POINT('',(-1.674E1,-1.585E0,3.47E0));
#2546=CARTESIAN_POINT('',(-1.674E1,-1.205E0,3.47E0));
#2547=VERTEX_POINT('',#2545);
#2548=VERTEX_POINT('',#2546);
#2549=CARTESIAN_POINT('',(-1.892E1,-1.205E0,3.47E0));
#2550=VERTEX_POINT('',#2549);
#2551=CARTESIAN_POINT('',(-1.892E1,-1.585E0,3.47E0));
#2552=VERTEX_POINT('',#2551);
#2553=CARTESIAN_POINT('',(-8.44E0,7.535E0,-3.43E0));
#2554=CARTESIAN_POINT('',(-8.44E0,1.585E0,-3.43E0));
#2555=VERTEX_POINT('',#2553);
#2556=VERTEX_POINT('',#2554);
#2557=CARTESIAN_POINT('',(-7.42E0,1.585E0,-3.43E0));
#2558=VERTEX_POINT('',#2557);
#2559=CARTESIAN_POINT('',(-7.42E0,7.535E0,-3.43E0));
#2560=VERTEX_POINT('',#2559);
#2561=CARTESIAN_POINT('',(-8.44E0,1.585E0,-2.45E0));
#2562=VERTEX_POINT('',#2561);
#2563=CARTESIAN_POINT('',(-7.42E0,1.585E0,-2.45E0));
#2564=VERTEX_POINT('',#2563);
#2565=CARTESIAN_POINT('',(-1.636E1,-1.585E0,-1.5E0));
#2566=CARTESIAN_POINT('',(-1.636E1,-1.585E0,1.5E0));
#2567=VERTEX_POINT('',#2565);
#2568=VERTEX_POINT('',#2566);
#2569=CARTESIAN_POINT('',(-1.534E1,-1.585E0,1.5E0));
#2570=VERTEX_POINT('',#2569);
#2571=CARTESIAN_POINT('',(-1.534E1,-1.585E0,-1.5E0));
#2572=VERTEX_POINT('',#2571);
#2573=CARTESIAN_POINT('',(-1.636E1,1.585E0,-1.5E0));
#2574=CARTESIAN_POINT('',(-1.636E1,1.585E0,1.5E0));
#2575=VERTEX_POINT('',#2573);
#2576=VERTEX_POINT('',#2574);
#2577=CARTESIAN_POINT('',(-1.534E1,1.585E0,1.5E0));
#2578=VERTEX_POINT('',#2577);
#2579=CARTESIAN_POINT('',(-1.534E1,1.585E0,-1.5E0));
#2580=VERTEX_POINT('',#2579);
#2581=CARTESIAN_POINT('',(1.981E1,7.535E0,-3.43E0));
#2582=CARTESIAN_POINT('',(1.981E1,7.535E0,-2.83E0));
#2583=VERTEX_POINT('',#2581);
#2584=VERTEX_POINT('',#2582);
#2585=CARTESIAN_POINT('',(1.981E1,6.876820693124E0,-2.45E0));
#2586=VERTEX_POINT('',#2585);
#2587=CARTESIAN_POINT('',(-1.981E1,7.535E0,-2.83E0));
#2588=CARTESIAN_POINT('',(-1.981E1,7.535E0,-3.43E0));
#2589=VERTEX_POINT('',#2587);
#2590=VERTEX_POINT('',#2588);
#2591=CARTESIAN_POINT('',(-1.981E1,6.876820693124E0,-2.45E0));
#2592=VERTEX_POINT('',#2591);
#2593=CARTESIAN_POINT('',(1.981E1,1.585E0,-2.45E0));
#2594=CARTESIAN_POINT('',(1.89E1,1.585E0,-2.45E0));
#2595=VERTEX_POINT('',#2593);
#2596=VERTEX_POINT('',#2594);
#2597=CARTESIAN_POINT('',(-1.981E1,1.585E0,-2.45E0));
#2598=VERTEX_POINT('',#2597);
#2599=CARTESIAN_POINT('',(1.672E1,1.585E0,-2.45E0));
#2600=CARTESIAN_POINT('',(1.494E1,1.585E0,-2.45E0));
#2601=VERTEX_POINT('',#2599);
#2602=VERTEX_POINT('',#2600);
#2603=CARTESIAN_POINT('',(-1.892E1,1.585E0,-2.45E0));
#2604=VERTEX_POINT('',#2603);
#2605=CARTESIAN_POINT('',(-1.674E1,1.585E0,-2.45E0));
#2606=VERTEX_POINT('',#2605);
#2607=CARTESIAN_POINT('',(-1.76E1,-6.035E0,0.E0));
#2608=CARTESIAN_POINT('',(-1.726E1,-5.145E0,0.E0));
#2609=VERTEX_POINT('',#2607);
#2610=VERTEX_POINT('',#2608);
#2611=CARTESIAN_POINT('',(-1.726E1,1.2125E1,0.E0));
#2612=CARTESIAN_POINT('',(-1.76E1,1.3015E1,0.E0));
#2613=VERTEX_POINT('',#2611);
#2614=VERTEX_POINT('',#2612);
#2615=CARTESIAN_POINT('',(-1.806E1,-6.035E0,0.E0));
#2616=CARTESIAN_POINT('',(-1.84E1,-5.145E0,0.E0));
#2617=VERTEX_POINT('',#2615);
#2618=VERTEX_POINT('',#2616);
#2619=CARTESIAN_POINT('',(-1.84E1,1.2125E1,0.E0));
#2620=CARTESIAN_POINT('',(-1.806E1,1.3015E1,0.E0));
#2621=VERTEX_POINT('',#2619);
#2622=VERTEX_POINT('',#2620);
#2623=CARTESIAN_POINT('',(-1.726E1,1.205E0,0.E0));
#2624=CARTESIAN_POINT('',(-1.84E1,1.205E0,0.E0));
#2625=VERTEX_POINT('',#2623);
#2626=VERTEX_POINT('',#2624);
#2627=CARTESIAN_POINT('',(-1.726E1,-1.205E0,0.E0));
#2628=CARTESIAN_POINT('',(-1.84E1,-1.205E0,0.E0));
#2629=VERTEX_POINT('',#2627);
#2630=VERTEX_POINT('',#2628);
#2631=CARTESIAN_POINT('',(-1.892E1,1.205E0,-2.45E0));
#2632=VERTEX_POINT('',#2631);
#2633=CARTESIAN_POINT('',(-1.674E1,1.205E0,-2.45E0));
#2634=VERTEX_POINT('',#2633);
#2635=CARTESIAN_POINT('',(-8.44E0,7.535E0,-2.83E0));
#2636=VERTEX_POINT('',#2635);
#2637=CARTESIAN_POINT('',(-7.42E0,7.535E0,-2.83E0));
#2638=VERTEX_POINT('',#2637);
#2639=CARTESIAN_POINT('',(-8.44E0,6.876820693124E0,-2.45E0));
#2640=VERTEX_POINT('',#2639);
#2641=CARTESIAN_POINT('',(-7.42E0,6.876820693124E0,-2.45E0));
#2642=VERTEX_POINT('',#2641);
#2643=CARTESIAN_POINT('',(-1.278E1,-1.585E0,-3.43E0));
#2644=CARTESIAN_POINT('',(-1.278E1,-1.205E0,-3.43E0));
#2645=VERTEX_POINT('',#2643);
#2646=VERTEX_POINT('',#2644);
#2647=CARTESIAN_POINT('',(-1.496E1,-1.205E0,-3.43E0));
#2648=VERTEX_POINT('',#2647);
#2649=CARTESIAN_POINT('',(-1.496E1,-1.585E0,-3.43E0));
#2650=VERTEX_POINT('',#2649);
#2651=CARTESIAN_POINT('',(-1.496E1,1.585E0,3.47E0));
#2652=CARTESIAN_POINT('',(-1.496E1,1.205E0,3.47E0));
#2653=VERTEX_POINT('',#2651);
#2654=VERTEX_POINT('',#2652);
#2655=CARTESIAN_POINT('',(-1.278E1,1.205E0,3.47E0));
#2656=VERTEX_POINT('',#2655);
#2657=CARTESIAN_POINT('',(-1.278E1,1.585E0,3.47E0));
#2658=VERTEX_POINT('',#2657);
#2659=CARTESIAN_POINT('',(-1.278E1,-1.585E0,3.47E0));
#2660=CARTESIAN_POINT('',(-1.278E1,-1.205E0,3.47E0));
#2661=VERTEX_POINT('',#2659);
#2662=VERTEX_POINT('',#2660);
#2663=CARTESIAN_POINT('',(-1.496E1,-1.205E0,3.47E0));
#2664=VERTEX_POINT('',#2663);
#2665=CARTESIAN_POINT('',(-1.496E1,-1.585E0,3.47E0));
#2666=VERTEX_POINT('',#2665);
#2667=CARTESIAN_POINT('',(-8.82E0,-1.585E0,-3.43E0));
#2668=CARTESIAN_POINT('',(-8.82E0,-1.205E0,-3.43E0));
#2669=VERTEX_POINT('',#2667);
#2670=VERTEX_POINT('',#2668);
#2671=CARTESIAN_POINT('',(-1.1E1,-1.205E0,-3.43E0));
#2672=VERTEX_POINT('',#2671);
#2673=CARTESIAN_POINT('',(-1.1E1,-1.585E0,-3.43E0));
#2674=VERTEX_POINT('',#2673);
#2675=CARTESIAN_POINT('',(-1.1E1,1.585E0,3.47E0));
#2676=CARTESIAN_POINT('',(-1.1E1,1.205E0,3.47E0));
#2677=VERTEX_POINT('',#2675);
#2678=VERTEX_POINT('',#2676);
#2679=CARTESIAN_POINT('',(-8.82E0,1.205E0,3.47E0));
#2680=VERTEX_POINT('',#2679);
#2681=CARTESIAN_POINT('',(-8.82E0,1.585E0,3.47E0));
#2682=VERTEX_POINT('',#2681);
#2683=CARTESIAN_POINT('',(-8.82E0,-1.585E0,3.47E0));
#2684=CARTESIAN_POINT('',(-8.82E0,-1.205E0,3.47E0));
#2685=VERTEX_POINT('',#2683);
#2686=VERTEX_POINT('',#2684);
#2687=CARTESIAN_POINT('',(-1.1E1,-1.205E0,3.47E0));
#2688=VERTEX_POINT('',#2687);
#2689=CARTESIAN_POINT('',(-1.1E1,-1.585E0,3.47E0));
#2690=VERTEX_POINT('',#2689);
#2691=CARTESIAN_POINT('',(-4.86E0,-1.585E0,-3.43E0));
#2692=CARTESIAN_POINT('',(-4.86E0,-1.205E0,-3.43E0));
#2693=VERTEX_POINT('',#2691);
#2694=VERTEX_POINT('',#2692);
#2695=CARTESIAN_POINT('',(-7.04E0,-1.205E0,-3.43E0));
#2696=VERTEX_POINT('',#2695);
#2697=CARTESIAN_POINT('',(-7.04E0,-1.585E0,-3.43E0));
#2698=VERTEX_POINT('',#2697);
#2699=CARTESIAN_POINT('',(-7.04E0,1.585E0,3.47E0));
#2700=CARTESIAN_POINT('',(-7.04E0,1.205E0,3.47E0));
#2701=VERTEX_POINT('',#2699);
#2702=VERTEX_POINT('',#2700);
#2703=CARTESIAN_POINT('',(-4.86E0,1.205E0,3.47E0));
#2704=VERTEX_POINT('',#2703);
#2705=CARTESIAN_POINT('',(-4.86E0,1.585E0,3.47E0));
#2706=VERTEX_POINT('',#2705);
#2707=CARTESIAN_POINT('',(-4.86E0,-1.585E0,3.47E0));
#2708=CARTESIAN_POINT('',(-4.86E0,-1.205E0,3.47E0));
#2709=VERTEX_POINT('',#2707);
#2710=VERTEX_POINT('',#2708);
#2711=CARTESIAN_POINT('',(-7.04E0,-1.205E0,3.47E0));
#2712=VERTEX_POINT('',#2711);
#2713=CARTESIAN_POINT('',(-7.04E0,-1.585E0,3.47E0));
#2714=VERTEX_POINT('',#2713);
#2715=CARTESIAN_POINT('',(-9.E-1,-1.585E0,-3.43E0));
#2716=CARTESIAN_POINT('',(-9.E-1,-1.205E0,-3.43E0));
#2717=VERTEX_POINT('',#2715);
#2718=VERTEX_POINT('',#2716);
#2719=CARTESIAN_POINT('',(-3.08E0,-1.205E0,-3.43E0));
#2720=VERTEX_POINT('',#2719);
#2721=CARTESIAN_POINT('',(-3.08E0,-1.585E0,-3.43E0));
#2722=VERTEX_POINT('',#2721);
#2723=CARTESIAN_POINT('',(-3.08E0,1.585E0,3.47E0));
#2724=CARTESIAN_POINT('',(-3.08E0,1.205E0,3.47E0));
#2725=VERTEX_POINT('',#2723);
#2726=VERTEX_POINT('',#2724);
#2727=CARTESIAN_POINT('',(-9.E-1,1.205E0,3.47E0));
#2728=VERTEX_POINT('',#2727);
#2729=CARTESIAN_POINT('',(-9.E-1,1.585E0,3.47E0));
#2730=VERTEX_POINT('',#2729);
#2731=CARTESIAN_POINT('',(-9.E-1,-1.585E0,3.47E0));
#2732=CARTESIAN_POINT('',(-9.E-1,-1.205E0,3.47E0));
#2733=VERTEX_POINT('',#2731);
#2734=VERTEX_POINT('',#2732);
#2735=CARTESIAN_POINT('',(-3.08E0,-1.205E0,3.47E0));
#2736=VERTEX_POINT('',#2735);
#2737=CARTESIAN_POINT('',(-3.08E0,-1.585E0,3.47E0));
#2738=VERTEX_POINT('',#2737);
#2739=CARTESIAN_POINT('',(1.276E1,1.585E0,-2.45E0));
#2740=CARTESIAN_POINT('',(1.098E1,1.585E0,-2.45E0));
#2741=VERTEX_POINT('',#2739);
#2742=VERTEX_POINT('',#2740);
#2743=CARTESIAN_POINT('',(8.8E0,1.585E0,-2.45E0));
#2744=CARTESIAN_POINT('',(7.02E0,1.585E0,-2.45E0));
#2745=VERTEX_POINT('',#2743);
#2746=VERTEX_POINT('',#2744);
#2747=CARTESIAN_POINT('',(8.8E-1,1.585E0,-2.45E0));
#2748=CARTESIAN_POINT('',(-9.E-1,1.585E0,-2.45E0));
#2749=VERTEX_POINT('',#2747);
#2750=VERTEX_POINT('',#2748);
#2751=CARTESIAN_POINT('',(-1.496E1,1.585E0,-2.45E0));
#2752=CARTESIAN_POINT('',(-1.496E1,1.205E0,-2.45E0));
#2753=VERTEX_POINT('',#2751);
#2754=VERTEX_POINT('',#2752);
#2755=CARTESIAN_POINT('',(-1.278E1,1.205E0,-2.45E0));
#2756=VERTEX_POINT('',#2755);
#2757=CARTESIAN_POINT('',(-1.278E1,1.585E0,-2.45E0));
#2758=VERTEX_POINT('',#2757);
#2759=CARTESIAN_POINT('',(-1.1E1,1.585E0,-2.45E0));
#2760=CARTESIAN_POINT('',(-1.1E1,1.205E0,-2.45E0));
#2761=VERTEX_POINT('',#2759);
#2762=VERTEX_POINT('',#2760);
#2763=CARTESIAN_POINT('',(-8.82E0,1.205E0,-2.45E0));
#2764=VERTEX_POINT('',#2763);
#2765=CARTESIAN_POINT('',(-8.82E0,1.585E0,-2.45E0));
#2766=VERTEX_POINT('',#2765);
#2767=CARTESIAN_POINT('',(-7.04E0,1.585E0,-2.45E0));
#2768=CARTESIAN_POINT('',(-7.04E0,1.205E0,-2.45E0));
#2769=VERTEX_POINT('',#2767);
#2770=VERTEX_POINT('',#2768);
#2771=CARTESIAN_POINT('',(-4.86E0,1.205E0,-2.45E0));
#2772=VERTEX_POINT('',#2771);
#2773=CARTESIAN_POINT('',(-4.86E0,1.585E0,-2.45E0));
#2774=VERTEX_POINT('',#2773);
#2775=CARTESIAN_POINT('',(-3.08E0,1.585E0,-2.45E0));
#2776=CARTESIAN_POINT('',(-3.08E0,1.205E0,-2.45E0));
#2777=VERTEX_POINT('',#2775);
#2778=VERTEX_POINT('',#2776);
#2779=CARTESIAN_POINT('',(-9.E-1,1.205E0,-2.45E0));
#2780=VERTEX_POINT('',#2779);
#2781=CARTESIAN_POINT('',(-1.364E1,-6.035E0,0.E0));
#2782=CARTESIAN_POINT('',(-1.33E1,-5.145E0,0.E0));
#2783=VERTEX_POINT('',#2781);
#2784=VERTEX_POINT('',#2782);
#2785=CARTESIAN_POINT('',(-1.33E1,1.2125E1,0.E0));
#2786=CARTESIAN_POINT('',(-1.364E1,1.3015E1,0.E0));
#2787=VERTEX_POINT('',#2785);
#2788=VERTEX_POINT('',#2786);
#2789=CARTESIAN_POINT('',(-1.41E1,-6.035E0,0.E0));
#2790=CARTESIAN_POINT('',(-1.444E1,-5.145E0,0.E0));
#2791=VERTEX_POINT('',#2789);
#2792=VERTEX_POINT('',#2790);
#2793=CARTESIAN_POINT('',(-1.444E1,1.2125E1,0.E0));
#2794=CARTESIAN_POINT('',(-1.41E1,1.3015E1,0.E0));
#2795=VERTEX_POINT('',#2793);
#2796=VERTEX_POINT('',#2794);
#2797=CARTESIAN_POINT('',(-1.33E1,1.205E0,0.E0));
#2798=CARTESIAN_POINT('',(-1.444E1,1.205E0,0.E0));
#2799=VERTEX_POINT('',#2797);
#2800=VERTEX_POINT('',#2798);
#2801=CARTESIAN_POINT('',(-1.33E1,-1.205E0,0.E0));
#2802=CARTESIAN_POINT('',(-1.444E1,-1.205E0,0.E0));
#2803=VERTEX_POINT('',#2801);
#2804=VERTEX_POINT('',#2802);
#2805=CARTESIAN_POINT('',(-9.68E0,-6.035E0,0.E0));
#2806=CARTESIAN_POINT('',(-9.34E0,-5.145E0,0.E0));
#2807=VERTEX_POINT('',#2805);
#2808=VERTEX_POINT('',#2806);
#2809=CARTESIAN_POINT('',(-9.34E0,1.2125E1,0.E0));
#2810=CARTESIAN_POINT('',(-9.68E0,1.3015E1,0.E0));
#2811=VERTEX_POINT('',#2809);
#2812=VERTEX_POINT('',#2810);
#2813=CARTESIAN_POINT('',(-1.014E1,-6.035E0,0.E0));
#2814=CARTESIAN_POINT('',(-1.048E1,-5.145E0,0.E0));
#2815=VERTEX_POINT('',#2813);
#2816=VERTEX_POINT('',#2814);
#2817=CARTESIAN_POINT('',(-1.048E1,1.2125E1,0.E0));
#2818=CARTESIAN_POINT('',(-1.014E1,1.3015E1,0.E0));
#2819=VERTEX_POINT('',#2817);
#2820=VERTEX_POINT('',#2818);
#2821=CARTESIAN_POINT('',(-9.34E0,1.205E0,0.E0));
#2822=CARTESIAN_POINT('',(-1.048E1,1.205E0,0.E0));
#2823=VERTEX_POINT('',#2821);
#2824=VERTEX_POINT('',#2822);
#2825=CARTESIAN_POINT('',(-9.34E0,-1.205E0,0.E0));
#2826=CARTESIAN_POINT('',(-1.048E1,-1.205E0,0.E0));
#2827=VERTEX_POINT('',#2825);
#2828=VERTEX_POINT('',#2826);
#2829=CARTESIAN_POINT('',(-5.72E0,-6.035E0,0.E0));
#2830=CARTESIAN_POINT('',(-5.38E0,-5.145E0,0.E0));
#2831=VERTEX_POINT('',#2829);
#2832=VERTEX_POINT('',#2830);
#2833=CARTESIAN_POINT('',(-5.38E0,1.2125E1,0.E0));
#2834=CARTESIAN_POINT('',(-5.72E0,1.3015E1,0.E0));
#2835=VERTEX_POINT('',#2833);
#2836=VERTEX_POINT('',#2834);
#2837=CARTESIAN_POINT('',(-6.18E0,-6.035E0,0.E0));
#2838=CARTESIAN_POINT('',(-6.52E0,-5.145E0,0.E0));
#2839=VERTEX_POINT('',#2837);
#2840=VERTEX_POINT('',#2838);
#2841=CARTESIAN_POINT('',(-6.52E0,1.2125E1,0.E0));
#2842=CARTESIAN_POINT('',(-6.18E0,1.3015E1,0.E0));
#2843=VERTEX_POINT('',#2841);
#2844=VERTEX_POINT('',#2842);
#2845=CARTESIAN_POINT('',(-5.38E0,1.205E0,0.E0));
#2846=CARTESIAN_POINT('',(-6.52E0,1.205E0,0.E0));
#2847=VERTEX_POINT('',#2845);
#2848=VERTEX_POINT('',#2846);
#2849=CARTESIAN_POINT('',(-5.38E0,-1.205E0,0.E0));
#2850=CARTESIAN_POINT('',(-6.52E0,-1.205E0,0.E0));
#2851=VERTEX_POINT('',#2849);
#2852=VERTEX_POINT('',#2850);
#2853=CARTESIAN_POINT('',(-1.76E0,-6.035E0,0.E0));
#2854=CARTESIAN_POINT('',(-1.42E0,-5.145E0,0.E0));
#2855=VERTEX_POINT('',#2853);
#2856=VERTEX_POINT('',#2854);
#2857=CARTESIAN_POINT('',(-1.42E0,1.2125E1,0.E0));
#2858=CARTESIAN_POINT('',(-1.76E0,1.3015E1,0.E0));
#2859=VERTEX_POINT('',#2857);
#2860=VERTEX_POINT('',#2858);
#2861=CARTESIAN_POINT('',(-2.22E0,-6.035E0,0.E0));
#2862=CARTESIAN_POINT('',(-2.56E0,-5.145E0,0.E0));
#2863=VERTEX_POINT('',#2861);
#2864=VERTEX_POINT('',#2862);
#2865=CARTESIAN_POINT('',(-2.56E0,1.2125E1,0.E0));
#2866=CARTESIAN_POINT('',(-2.22E0,1.3015E1,0.E0));
#2867=VERTEX_POINT('',#2865);
#2868=VERTEX_POINT('',#2866);
#2869=CARTESIAN_POINT('',(-1.42E0,1.205E0,0.E0));
#2870=CARTESIAN_POINT('',(-2.56E0,1.205E0,0.E0));
#2871=VERTEX_POINT('',#2869);
#2872=VERTEX_POINT('',#2870);
#2873=CARTESIAN_POINT('',(-1.42E0,-1.205E0,0.E0));
#2874=CARTESIAN_POINT('',(-2.56E0,-1.205E0,0.E0));
#2875=VERTEX_POINT('',#2873);
#2876=VERTEX_POINT('',#2874);
#2877=CARTESIAN_POINT('',(-1.24E1,-1.585E0,-1.5E0));
#2878=CARTESIAN_POINT('',(-1.24E1,-1.585E0,1.5E0));
#2879=VERTEX_POINT('',#2877);
#2880=VERTEX_POINT('',#2878);
#2881=CARTESIAN_POINT('',(-1.138E1,-1.585E0,1.5E0));
#2882=VERTEX_POINT('',#2881);
#2883=CARTESIAN_POINT('',(-1.138E1,-1.585E0,-1.5E0));
#2884=VERTEX_POINT('',#2883);
#2885=CARTESIAN_POINT('',(-1.24E1,1.585E0,-1.5E0));
#2886=CARTESIAN_POINT('',(-1.24E1,1.585E0,1.5E0));
#2887=VERTEX_POINT('',#2885);
#2888=VERTEX_POINT('',#2886);
#2889=CARTESIAN_POINT('',(-1.138E1,1.585E0,1.5E0));
#2890=VERTEX_POINT('',#2889);
#2891=CARTESIAN_POINT('',(-1.138E1,1.585E0,-1.5E0));
#2892=VERTEX_POINT('',#2891);
#2893=CARTESIAN_POINT('',(-8.44E0,-1.585E0,-1.5E0));
#2894=CARTESIAN_POINT('',(-8.44E0,-1.585E0,1.5E0));
#2895=VERTEX_POINT('',#2893);
#2896=VERTEX_POINT('',#2894);
#2897=CARTESIAN_POINT('',(-7.42E0,-1.585E0,1.5E0));
#2898=VERTEX_POINT('',#2897);
#2899=CARTESIAN_POINT('',(-7.42E0,-1.585E0,-1.5E0));
#2900=VERTEX_POINT('',#2899);
#2901=CARTESIAN_POINT('',(-8.44E0,1.585E0,-1.5E0));
#2902=CARTESIAN_POINT('',(-8.44E0,1.585E0,1.5E0));
#2903=VERTEX_POINT('',#2901);
#2904=VERTEX_POINT('',#2902);
#2905=CARTESIAN_POINT('',(-7.42E0,1.585E0,1.5E0));
#2906=VERTEX_POINT('',#2905);
#2907=CARTESIAN_POINT('',(-7.42E0,1.585E0,-1.5E0));
#2908=VERTEX_POINT('',#2907);
#2909=CARTESIAN_POINT('',(-4.48E0,-1.585E0,-1.5E0));
#2910=CARTESIAN_POINT('',(-4.48E0,-1.585E0,1.5E0));
#2911=VERTEX_POINT('',#2909);
#2912=VERTEX_POINT('',#2910);
#2913=CARTESIAN_POINT('',(-3.46E0,-1.585E0,1.5E0));
#2914=VERTEX_POINT('',#2913);
#2915=CARTESIAN_POINT('',(-3.46E0,-1.585E0,-1.5E0));
#2916=VERTEX_POINT('',#2915);
#2917=CARTESIAN_POINT('',(-4.48E0,1.585E0,-1.5E0));
#2918=CARTESIAN_POINT('',(-4.48E0,1.585E0,1.5E0));
#2919=VERTEX_POINT('',#2917);
#2920=VERTEX_POINT('',#2918);
#2921=CARTESIAN_POINT('',(-3.46E0,1.585E0,1.5E0));
#2922=VERTEX_POINT('',#2921);
#2923=CARTESIAN_POINT('',(-3.46E0,1.585E0,-1.5E0));
#2924=VERTEX_POINT('',#2923);
#2925=CARTESIAN_POINT('',(-5.2E-1,-1.585E0,-1.5E0));
#2926=CARTESIAN_POINT('',(-5.2E-1,-1.585E0,1.5E0));
#2927=VERTEX_POINT('',#2925);
#2928=VERTEX_POINT('',#2926);
#2929=CARTESIAN_POINT('',(5.E-1,-1.585E0,1.5E0));
#2930=VERTEX_POINT('',#2929);
#2931=CARTESIAN_POINT('',(5.E-1,-1.585E0,-1.5E0));
#2932=VERTEX_POINT('',#2931);
#2933=CARTESIAN_POINT('',(-5.2E-1,1.585E0,-1.5E0));
#2934=CARTESIAN_POINT('',(-5.2E-1,1.585E0,1.5E0));
#2935=VERTEX_POINT('',#2933);
#2936=VERTEX_POINT('',#2934);
#2937=CARTESIAN_POINT('',(5.E-1,1.585E0,1.5E0));
#2938=VERTEX_POINT('',#2937);
#2939=CARTESIAN_POINT('',(5.E-1,1.585E0,-1.5E0));
#2940=VERTEX_POINT('',#2939);
#2941=CARTESIAN_POINT('',(3.06E0,-1.585E0,-3.43E0));
#2942=CARTESIAN_POINT('',(3.06E0,-1.205E0,-3.43E0));
#2943=VERTEX_POINT('',#2941);
#2944=VERTEX_POINT('',#2942);
#2945=CARTESIAN_POINT('',(8.8E-1,-1.205E0,-3.43E0));
#2946=VERTEX_POINT('',#2945);
#2947=CARTESIAN_POINT('',(8.8E-1,-1.585E0,-3.43E0));
#2948=VERTEX_POINT('',#2947);
#2949=CARTESIAN_POINT('',(8.8E-1,1.585E0,3.47E0));
#2950=CARTESIAN_POINT('',(8.8E-1,1.205E0,3.47E0));
#2951=VERTEX_POINT('',#2949);
#2952=VERTEX_POINT('',#2950);
#2953=CARTESIAN_POINT('',(3.06E0,1.205E0,3.47E0));
#2954=VERTEX_POINT('',#2953);
#2955=CARTESIAN_POINT('',(3.06E0,1.585E0,3.47E0));
#2956=VERTEX_POINT('',#2955);
#2957=CARTESIAN_POINT('',(3.06E0,-1.585E0,3.47E0));
#2958=CARTESIAN_POINT('',(3.06E0,-1.205E0,3.47E0));
#2959=VERTEX_POINT('',#2957);
#2960=VERTEX_POINT('',#2958);
#2961=CARTESIAN_POINT('',(8.8E-1,-1.205E0,3.47E0));
#2962=VERTEX_POINT('',#2961);
#2963=CARTESIAN_POINT('',(8.8E-1,-1.585E0,3.47E0));
#2964=VERTEX_POINT('',#2963);
#2965=CARTESIAN_POINT('',(2.2E0,-6.035E0,0.E0));
#2966=CARTESIAN_POINT('',(2.54E0,-5.145E0,0.E0));
#2967=VERTEX_POINT('',#2965);
#2968=VERTEX_POINT('',#2966);
#2969=CARTESIAN_POINT('',(2.54E0,1.2125E1,0.E0));
#2970=CARTESIAN_POINT('',(2.2E0,1.3015E1,0.E0));
#2971=VERTEX_POINT('',#2969);
#2972=VERTEX_POINT('',#2970);
#2973=CARTESIAN_POINT('',(1.74E0,-6.035E0,0.E0));
#2974=CARTESIAN_POINT('',(1.4E0,-5.145E0,0.E0));
#2975=VERTEX_POINT('',#2973);
#2976=VERTEX_POINT('',#2974);
#2977=CARTESIAN_POINT('',(1.4E0,1.2125E1,0.E0));
#2978=CARTESIAN_POINT('',(1.74E0,1.3015E1,0.E0));
#2979=VERTEX_POINT('',#2977);
#2980=VERTEX_POINT('',#2978);
#2981=CARTESIAN_POINT('',(2.54E0,1.205E0,0.E0));
#2982=CARTESIAN_POINT('',(1.4E0,1.205E0,0.E0));
#2983=VERTEX_POINT('',#2981);
#2984=VERTEX_POINT('',#2982);
#2985=CARTESIAN_POINT('',(2.54E0,-1.205E0,0.E0));
#2986=CARTESIAN_POINT('',(1.4E0,-1.205E0,0.E0));
#2987=VERTEX_POINT('',#2985);
#2988=VERTEX_POINT('',#2986);
#2989=CARTESIAN_POINT('',(8.8E-1,1.205E0,-2.45E0));
#2990=VERTEX_POINT('',#2989);
#2991=CARTESIAN_POINT('',(3.06E0,1.205E0,-2.45E0));
#2992=VERTEX_POINT('',#2991);
#2993=CARTESIAN_POINT('',(3.06E0,1.585E0,-2.45E0));
#2994=VERTEX_POINT('',#2993);
#2995=CARTESIAN_POINT('',(7.02E0,-1.585E0,-3.43E0));
#2996=CARTESIAN_POINT('',(7.02E0,-1.205E0,-3.43E0));
#2997=VERTEX_POINT('',#2995);
#2998=VERTEX_POINT('',#2996);
#2999=CARTESIAN_POINT('',(4.84E0,-1.205E0,-3.43E0));
#3000=VERTEX_POINT('',#2999);
#3001=CARTESIAN_POINT('',(4.84E0,-1.585E0,-3.43E0));
#3002=VERTEX_POINT('',#3001);
#3003=CARTESIAN_POINT('',(4.84E0,1.585E0,3.47E0));
#3004=CARTESIAN_POINT('',(4.84E0,1.205E0,3.47E0));
#3005=VERTEX_POINT('',#3003);
#3006=VERTEX_POINT('',#3004);
#3007=CARTESIAN_POINT('',(7.02E0,1.205E0,3.47E0));
#3008=VERTEX_POINT('',#3007);
#3009=CARTESIAN_POINT('',(7.02E0,1.585E0,3.47E0));
#3010=VERTEX_POINT('',#3009);
#3011=CARTESIAN_POINT('',(7.02E0,-1.585E0,3.47E0));
#3012=CARTESIAN_POINT('',(7.02E0,-1.205E0,3.47E0));
#3013=VERTEX_POINT('',#3011);
#3014=VERTEX_POINT('',#3012);
#3015=CARTESIAN_POINT('',(4.84E0,-1.205E0,3.47E0));
#3016=VERTEX_POINT('',#3015);
#3017=CARTESIAN_POINT('',(4.84E0,-1.585E0,3.47E0));
#3018=VERTEX_POINT('',#3017);
#3019=CARTESIAN_POINT('',(6.16E0,-6.035E0,0.E0));
#3020=CARTESIAN_POINT('',(6.5E0,-5.145E0,0.E0));
#3021=VERTEX_POINT('',#3019);
#3022=VERTEX_POINT('',#3020);
#3023=CARTESIAN_POINT('',(6.5E0,1.2125E1,0.E0));
#3024=CARTESIAN_POINT('',(6.16E0,1.3015E1,0.E0));
#3025=VERTEX_POINT('',#3023);
#3026=VERTEX_POINT('',#3024);
#3027=CARTESIAN_POINT('',(5.7E0,-6.035E0,0.E0));
#3028=CARTESIAN_POINT('',(5.36E0,-5.145E0,0.E0));
#3029=VERTEX_POINT('',#3027);
#3030=VERTEX_POINT('',#3028);
#3031=CARTESIAN_POINT('',(5.36E0,1.2125E1,0.E0));
#3032=CARTESIAN_POINT('',(5.7E0,1.3015E1,0.E0));
#3033=VERTEX_POINT('',#3031);
#3034=VERTEX_POINT('',#3032);
#3035=CARTESIAN_POINT('',(6.5E0,1.205E0,0.E0));
#3036=CARTESIAN_POINT('',(5.36E0,1.205E0,0.E0));
#3037=VERTEX_POINT('',#3035);
#3038=VERTEX_POINT('',#3036);
#3039=CARTESIAN_POINT('',(6.5E0,-1.205E0,0.E0));
#3040=CARTESIAN_POINT('',(5.36E0,-1.205E0,0.E0));
#3041=VERTEX_POINT('',#3039);
#3042=VERTEX_POINT('',#3040);
#3043=CARTESIAN_POINT('',(4.84E0,1.585E0,-2.45E0));
#3044=CARTESIAN_POINT('',(4.84E0,1.205E0,-2.45E0));
#3045=VERTEX_POINT('',#3043);
#3046=VERTEX_POINT('',#3044);
#3047=CARTESIAN_POINT('',(7.02E0,1.205E0,-2.45E0));
#3048=VERTEX_POINT('',#3047);
#3049=CARTESIAN_POINT('',(3.44E0,-1.585E0,-1.5E0));
#3050=CARTESIAN_POINT('',(3.44E0,-1.585E0,1.5E0));
#3051=VERTEX_POINT('',#3049);
#3052=VERTEX_POINT('',#3050);
#3053=CARTESIAN_POINT('',(4.46E0,-1.585E0,1.5E0));
#3054=VERTEX_POINT('',#3053);
#3055=CARTESIAN_POINT('',(4.46E0,-1.585E0,-1.5E0));
#3056=VERTEX_POINT('',#3055);
#3057=CARTESIAN_POINT('',(3.44E0,1.585E0,-1.5E0));
#3058=CARTESIAN_POINT('',(3.44E0,1.585E0,1.5E0));
#3059=VERTEX_POINT('',#3057);
#3060=VERTEX_POINT('',#3058);
#3061=CARTESIAN_POINT('',(4.46E0,1.585E0,1.5E0));
#3062=VERTEX_POINT('',#3061);
#3063=CARTESIAN_POINT('',(4.46E0,1.585E0,-1.5E0));
#3064=VERTEX_POINT('',#3063);
#3065=CARTESIAN_POINT('',(1.098E1,-1.585E0,-3.43E0));
#3066=CARTESIAN_POINT('',(1.098E1,-1.205E0,-3.43E0));
#3067=VERTEX_POINT('',#3065);
#3068=VERTEX_POINT('',#3066);
#3069=CARTESIAN_POINT('',(8.8E0,-1.205E0,-3.43E0));
#3070=VERTEX_POINT('',#3069);
#3071=CARTESIAN_POINT('',(8.8E0,-1.585E0,-3.43E0));
#3072=VERTEX_POINT('',#3071);
#3073=CARTESIAN_POINT('',(8.8E0,1.585E0,3.47E0));
#3074=CARTESIAN_POINT('',(8.8E0,1.205E0,3.47E0));
#3075=VERTEX_POINT('',#3073);
#3076=VERTEX_POINT('',#3074);
#3077=CARTESIAN_POINT('',(1.098E1,1.205E0,3.47E0));
#3078=VERTEX_POINT('',#3077);
#3079=CARTESIAN_POINT('',(1.098E1,1.585E0,3.47E0));
#3080=VERTEX_POINT('',#3079);
#3081=CARTESIAN_POINT('',(1.098E1,-1.585E0,3.47E0));
#3082=CARTESIAN_POINT('',(1.098E1,-1.205E0,3.47E0));
#3083=VERTEX_POINT('',#3081);
#3084=VERTEX_POINT('',#3082);
#3085=CARTESIAN_POINT('',(8.8E0,-1.205E0,3.47E0));
#3086=VERTEX_POINT('',#3085);
#3087=CARTESIAN_POINT('',(8.8E0,-1.585E0,3.47E0));
#3088=VERTEX_POINT('',#3087);
#3089=CARTESIAN_POINT('',(1.012E1,-6.035E0,0.E0));
#3090=CARTESIAN_POINT('',(1.046E1,-5.145E0,0.E0));
#3091=VERTEX_POINT('',#3089);
#3092=VERTEX_POINT('',#3090);
#3093=CARTESIAN_POINT('',(1.046E1,1.2125E1,0.E0));
#3094=CARTESIAN_POINT('',(1.012E1,1.3015E1,0.E0));
#3095=VERTEX_POINT('',#3093);
#3096=VERTEX_POINT('',#3094);
#3097=CARTESIAN_POINT('',(9.66E0,-6.035E0,0.E0));
#3098=CARTESIAN_POINT('',(9.32E0,-5.145E0,0.E0));
#3099=VERTEX_POINT('',#3097);
#3100=VERTEX_POINT('',#3098);
#3101=CARTESIAN_POINT('',(9.32E0,1.2125E1,0.E0));
#3102=CARTESIAN_POINT('',(9.66E0,1.3015E1,0.E0));
#3103=VERTEX_POINT('',#3101);
#3104=VERTEX_POINT('',#3102);
#3105=CARTESIAN_POINT('',(1.046E1,1.205E0,0.E0));
#3106=CARTESIAN_POINT('',(9.32E0,1.205E0,0.E0));
#3107=VERTEX_POINT('',#3105);
#3108=VERTEX_POINT('',#3106);
#3109=CARTESIAN_POINT('',(1.046E1,-1.205E0,0.E0));
#3110=CARTESIAN_POINT('',(9.32E0,-1.205E0,0.E0));
#3111=VERTEX_POINT('',#3109);
#3112=VERTEX_POINT('',#3110);
#3113=CARTESIAN_POINT('',(8.8E0,1.205E0,-2.45E0));
#3114=VERTEX_POINT('',#3113);
#3115=CARTESIAN_POINT('',(1.098E1,1.205E0,-2.45E0));
#3116=VERTEX_POINT('',#3115);
#3117=CARTESIAN_POINT('',(7.4E0,-1.585E0,-1.5E0));
#3118=CARTESIAN_POINT('',(7.4E0,-1.585E0,1.5E0));
#3119=VERTEX_POINT('',#3117);
#3120=VERTEX_POINT('',#3118);
#3121=CARTESIAN_POINT('',(8.42E0,-1.585E0,1.5E0));
#3122=VERTEX_POINT('',#3121);
#3123=CARTESIAN_POINT('',(8.42E0,-1.585E0,-1.5E0));
#3124=VERTEX_POINT('',#3123);
#3125=CARTESIAN_POINT('',(7.4E0,1.585E0,-1.5E0));
#3126=CARTESIAN_POINT('',(7.4E0,1.585E0,1.5E0));
#3127=VERTEX_POINT('',#3125);
#3128=VERTEX_POINT('',#3126);
#3129=CARTESIAN_POINT('',(8.42E0,1.585E0,1.5E0));
#3130=VERTEX_POINT('',#3129);
#3131=CARTESIAN_POINT('',(8.42E0,1.585E0,-1.5E0));
#3132=VERTEX_POINT('',#3131);
#3133=CARTESIAN_POINT('',(1.494E1,-1.585E0,-3.43E0));
#3134=CARTESIAN_POINT('',(1.494E1,-1.205E0,-3.43E0));
#3135=VERTEX_POINT('',#3133);
#3136=VERTEX_POINT('',#3134);
#3137=CARTESIAN_POINT('',(1.276E1,-1.205E0,-3.43E0));
#3138=VERTEX_POINT('',#3137);
#3139=CARTESIAN_POINT('',(1.276E1,-1.585E0,-3.43E0));
#3140=VERTEX_POINT('',#3139);
#3141=CARTESIAN_POINT('',(1.276E1,1.585E0,3.47E0));
#3142=CARTESIAN_POINT('',(1.276E1,1.205E0,3.47E0));
#3143=VERTEX_POINT('',#3141);
#3144=VERTEX_POINT('',#3142);
#3145=CARTESIAN_POINT('',(1.494E1,1.205E0,3.47E0));
#3146=VERTEX_POINT('',#3145);
#3147=CARTESIAN_POINT('',(1.494E1,1.585E0,3.47E0));
#3148=VERTEX_POINT('',#3147);
#3149=CARTESIAN_POINT('',(1.494E1,-1.585E0,3.47E0));
#3150=CARTESIAN_POINT('',(1.494E1,-1.205E0,3.47E0));
#3151=VERTEX_POINT('',#3149);
#3152=VERTEX_POINT('',#3150);
#3153=CARTESIAN_POINT('',(1.276E1,-1.205E0,3.47E0));
#3154=VERTEX_POINT('',#3153);
#3155=CARTESIAN_POINT('',(1.276E1,-1.585E0,3.47E0));
#3156=VERTEX_POINT('',#3155);
#3157=CARTESIAN_POINT('',(1.408E1,-6.035E0,0.E0));
#3158=CARTESIAN_POINT('',(1.442E1,-5.145E0,0.E0));
#3159=VERTEX_POINT('',#3157);
#3160=VERTEX_POINT('',#3158);
#3161=CARTESIAN_POINT('',(1.442E1,1.2125E1,0.E0));
#3162=CARTESIAN_POINT('',(1.408E1,1.3015E1,0.E0));
#3163=VERTEX_POINT('',#3161);
#3164=VERTEX_POINT('',#3162);
#3165=CARTESIAN_POINT('',(1.362E1,-6.035E0,0.E0));
#3166=CARTESIAN_POINT('',(1.328E1,-5.145E0,0.E0));
#3167=VERTEX_POINT('',#3165);
#3168=VERTEX_POINT('',#3166);
#3169=CARTESIAN_POINT('',(1.328E1,1.2125E1,0.E0));
#3170=CARTESIAN_POINT('',(1.362E1,1.3015E1,0.E0));
#3171=VERTEX_POINT('',#3169);
#3172=VERTEX_POINT('',#3170);
#3173=CARTESIAN_POINT('',(1.442E1,1.205E0,0.E0));
#3174=CARTESIAN_POINT('',(1.328E1,1.205E0,0.E0));
#3175=VERTEX_POINT('',#3173);
#3176=VERTEX_POINT('',#3174);
#3177=CARTESIAN_POINT('',(1.442E1,-1.205E0,0.E0));
#3178=CARTESIAN_POINT('',(1.328E1,-1.205E0,0.E0));
#3179=VERTEX_POINT('',#3177);
#3180=VERTEX_POINT('',#3178);
#3181=CARTESIAN_POINT('',(1.276E1,1.205E0,-2.45E0));
#3182=VERTEX_POINT('',#3181);
#3183=CARTESIAN_POINT('',(1.494E1,1.205E0,-2.45E0));
#3184=VERTEX_POINT('',#3183);
#3185=CARTESIAN_POINT('',(1.136E1,-1.585E0,-1.5E0));
#3186=CARTESIAN_POINT('',(1.136E1,-1.585E0,1.5E0));
#3187=VERTEX_POINT('',#3185);
#3188=VERTEX_POINT('',#3186);
#3189=CARTESIAN_POINT('',(1.238E1,-1.585E0,1.5E0));
#3190=VERTEX_POINT('',#3189);
#3191=CARTESIAN_POINT('',(1.238E1,-1.585E0,-1.5E0));
#3192=VERTEX_POINT('',#3191);
#3193=CARTESIAN_POINT('',(1.136E1,1.585E0,-1.5E0));
#3194=CARTESIAN_POINT('',(1.136E1,1.585E0,1.5E0));
#3195=VERTEX_POINT('',#3193);
#3196=VERTEX_POINT('',#3194);
#3197=CARTESIAN_POINT('',(1.238E1,1.585E0,1.5E0));
#3198=VERTEX_POINT('',#3197);
#3199=CARTESIAN_POINT('',(1.238E1,1.585E0,-1.5E0));
#3200=VERTEX_POINT('',#3199);
#3201=CARTESIAN_POINT('',(1.89E1,-1.585E0,-3.43E0));
#3202=CARTESIAN_POINT('',(1.89E1,-1.205E0,-3.43E0));
#3203=VERTEX_POINT('',#3201);
#3204=VERTEX_POINT('',#3202);
#3205=CARTESIAN_POINT('',(1.672E1,-1.205E0,-3.43E0));
#3206=VERTEX_POINT('',#3205);
#3207=CARTESIAN_POINT('',(1.672E1,-1.585E0,-3.43E0));
#3208=VERTEX_POINT('',#3207);
#3209=CARTESIAN_POINT('',(1.672E1,1.585E0,3.47E0));
#3210=CARTESIAN_POINT('',(1.672E1,1.205E0,3.47E0));
#3211=VERTEX_POINT('',#3209);
#3212=VERTEX_POINT('',#3210);
#3213=CARTESIAN_POINT('',(1.89E1,1.205E0,3.47E0));
#3214=VERTEX_POINT('',#3213);
#3215=CARTESIAN_POINT('',(1.89E1,1.585E0,3.47E0));
#3216=VERTEX_POINT('',#3215);
#3217=CARTESIAN_POINT('',(1.89E1,-1.585E0,3.47E0));
#3218=CARTESIAN_POINT('',(1.89E1,-1.205E0,3.47E0));
#3219=VERTEX_POINT('',#3217);
#3220=VERTEX_POINT('',#3218);
#3221=CARTESIAN_POINT('',(1.672E1,-1.205E0,3.47E0));
#3222=VERTEX_POINT('',#3221);
#3223=CARTESIAN_POINT('',(1.672E1,-1.585E0,3.47E0));
#3224=VERTEX_POINT('',#3223);
#3225=CARTESIAN_POINT('',(1.804E1,-6.035E0,0.E0));
#3226=CARTESIAN_POINT('',(1.838E1,-5.145E0,0.E0));
#3227=VERTEX_POINT('',#3225);
#3228=VERTEX_POINT('',#3226);
#3229=CARTESIAN_POINT('',(1.838E1,1.2125E1,0.E0));
#3230=CARTESIAN_POINT('',(1.804E1,1.3015E1,0.E0));
#3231=VERTEX_POINT('',#3229);
#3232=VERTEX_POINT('',#3230);
#3233=CARTESIAN_POINT('',(1.758E1,-6.035E0,0.E0));
#3234=CARTESIAN_POINT('',(1.724E1,-5.145E0,0.E0));
#3235=VERTEX_POINT('',#3233);
#3236=VERTEX_POINT('',#3234);
#3237=CARTESIAN_POINT('',(1.724E1,1.2125E1,0.E0));
#3238=CARTESIAN_POINT('',(1.758E1,1.3015E1,0.E0));
#3239=VERTEX_POINT('',#3237);
#3240=VERTEX_POINT('',#3238);
#3241=CARTESIAN_POINT('',(1.838E1,1.205E0,0.E0));
#3242=CARTESIAN_POINT('',(1.724E1,1.205E0,0.E0));
#3243=VERTEX_POINT('',#3241);
#3244=VERTEX_POINT('',#3242);
#3245=CARTESIAN_POINT('',(1.838E1,-1.205E0,0.E0));
#3246=CARTESIAN_POINT('',(1.724E1,-1.205E0,0.E0));
#3247=VERTEX_POINT('',#3245);
#3248=VERTEX_POINT('',#3246);
#3249=CARTESIAN_POINT('',(1.672E1,1.205E0,-2.45E0));
#3250=VERTEX_POINT('',#3249);
#3251=CARTESIAN_POINT('',(1.89E1,1.205E0,-2.45E0));
#3252=VERTEX_POINT('',#3251);
#3253=CARTESIAN_POINT('',(1.532E1,-1.585E0,-1.5E0));
#3254=CARTESIAN_POINT('',(1.532E1,-1.585E0,1.5E0));
#3255=VERTEX_POINT('',#3253);
#3256=VERTEX_POINT('',#3254);
#3257=CARTESIAN_POINT('',(1.634E1,-1.585E0,1.5E0));
#3258=VERTEX_POINT('',#3257);
#3259=CARTESIAN_POINT('',(1.634E1,-1.585E0,-1.5E0));
#3260=VERTEX_POINT('',#3259);
#3261=CARTESIAN_POINT('',(1.532E1,1.585E0,-1.5E0));
#3262=CARTESIAN_POINT('',(1.532E1,1.585E0,1.5E0));
#3263=VERTEX_POINT('',#3261);
#3264=VERTEX_POINT('',#3262);
#3265=CARTESIAN_POINT('',(1.634E1,1.585E0,1.5E0));
#3266=VERTEX_POINT('',#3265);
#3267=CARTESIAN_POINT('',(1.634E1,1.585E0,-1.5E0));
#3268=VERTEX_POINT('',#3267);
#3269=CARTESIAN_POINT('',(3.44E0,7.535E0,-3.43E0));
#3270=CARTESIAN_POINT('',(3.44E0,1.585E0,-3.43E0));
#3271=VERTEX_POINT('',#3269);
#3272=VERTEX_POINT('',#3270);
#3273=CARTESIAN_POINT('',(4.46E0,1.585E0,-3.43E0));
#3274=VERTEX_POINT('',#3273);
#3275=CARTESIAN_POINT('',(4.46E0,7.535E0,-3.43E0));
#3276=VERTEX_POINT('',#3275);
#3277=CARTESIAN_POINT('',(3.44E0,7.535E0,-2.83E0));
#3278=VERTEX_POINT('',#3277);
#3279=CARTESIAN_POINT('',(4.46E0,7.535E0,-2.83E0));
#3280=VERTEX_POINT('',#3279);
#3281=CARTESIAN_POINT('',(3.44E0,6.876820693124E0,-2.45E0));
#3282=VERTEX_POINT('',#3281);
#3283=CARTESIAN_POINT('',(4.46E0,6.876820693124E0,-2.45E0));
#3284=VERTEX_POINT('',#3283);
#3285=CARTESIAN_POINT('',(3.44E0,1.585E0,-2.45E0));
#3286=VERTEX_POINT('',#3285);
#3287=CARTESIAN_POINT('',(4.46E0,1.585E0,-2.45E0));
#3288=VERTEX_POINT('',#3287);
#3289=CARTESIAN_POINT('',(0.E0,0.E0,-3.43E0));
#3290=DIRECTION('',(0.E0,0.E0,1.E0));
#3291=DIRECTION('',(1.E0,0.E0,0.E0));
#3292=AXIS2_PLACEMENT_3D('',#3289,#3290,#3291);
#3293=PLANE('',#3292);
#3295=ORIENTED_EDGE('',*,*,#3294,.F.);
#3297=ORIENTED_EDGE('',*,*,#3296,.F.);
#3299=ORIENTED_EDGE('',*,*,#3298,.T.);
#3301=ORIENTED_EDGE('',*,*,#3300,.F.);
#3303=ORIENTED_EDGE('',*,*,#3302,.F.);
#3305=ORIENTED_EDGE('',*,*,#3304,.F.);
#3307=ORIENTED_EDGE('',*,*,#3306,.F.);
#3309=ORIENTED_EDGE('',*,*,#3308,.T.);
#3311=ORIENTED_EDGE('',*,*,#3310,.T.);
#3313=ORIENTED_EDGE('',*,*,#3312,.F.);
#3315=ORIENTED_EDGE('',*,*,#3314,.F.);
#3317=ORIENTED_EDGE('',*,*,#3316,.T.);
#3319=ORIENTED_EDGE('',*,*,#3318,.T.);
#3321=ORIENTED_EDGE('',*,*,#3320,.F.);
#3323=ORIENTED_EDGE('',*,*,#3322,.F.);
#3325=ORIENTED_EDGE('',*,*,#3324,.T.);
#3327=ORIENTED_EDGE('',*,*,#3326,.T.);
#3329=ORIENTED_EDGE('',*,*,#3328,.F.);
#3331=ORIENTED_EDGE('',*,*,#3330,.F.);
#3333=ORIENTED_EDGE('',*,*,#3332,.T.);
#3335=ORIENTED_EDGE('',*,*,#3334,.T.);
#3337=ORIENTED_EDGE('',*,*,#3336,.F.);
#3339=ORIENTED_EDGE('',*,*,#3338,.F.);
#3341=ORIENTED_EDGE('',*,*,#3340,.T.);
#3343=ORIENTED_EDGE('',*,*,#3342,.T.);
#3345=ORIENTED_EDGE('',*,*,#3344,.F.);
#3347=ORIENTED_EDGE('',*,*,#3346,.F.);
#3349=ORIENTED_EDGE('',*,*,#3348,.T.);
#3351=ORIENTED_EDGE('',*,*,#3350,.T.);
#3353=ORIENTED_EDGE('',*,*,#3352,.F.);
#3355=ORIENTED_EDGE('',*,*,#3354,.F.);
#3357=ORIENTED_EDGE('',*,*,#3356,.T.);
#3359=ORIENTED_EDGE('',*,*,#3358,.T.);
#3361=ORIENTED_EDGE('',*,*,#3360,.F.);
#3363=ORIENTED_EDGE('',*,*,#3362,.F.);
#3365=ORIENTED_EDGE('',*,*,#3364,.T.);
#3367=ORIENTED_EDGE('',*,*,#3366,.T.);
#3369=ORIENTED_EDGE('',*,*,#3368,.F.);
#3371=ORIENTED_EDGE('',*,*,#3370,.F.);
#3373=ORIENTED_EDGE('',*,*,#3372,.T.);
#3375=ORIENTED_EDGE('',*,*,#3374,.T.);
#3377=ORIENTED_EDGE('',*,*,#3376,.F.);
#3379=ORIENTED_EDGE('',*,*,#3378,.F.);
#3381=ORIENTED_EDGE('',*,*,#3380,.T.);
#3383=ORIENTED_EDGE('',*,*,#3382,.T.);
#3385=ORIENTED_EDGE('',*,*,#3384,.F.);
#3387=ORIENTED_EDGE('',*,*,#3386,.F.);
#3389=ORIENTED_EDGE('',*,*,#3388,.T.);
#3391=ORIENTED_EDGE('',*,*,#3390,.T.);
#3393=ORIENTED_EDGE('',*,*,#3392,.F.);
#3395=ORIENTED_EDGE('',*,*,#3394,.T.);
#3397=ORIENTED_EDGE('',*,*,#3396,.F.);
#3398=EDGE_LOOP('',(#3295,#3297,#3299,#3301,#3303,#3305,#3307,#3309,#3311,#3313,
#3315,#3317,#3319,#3321,#3323,#3325,#3327,#3329,#3331,#3333,#3335,#3337,#3339,
#3341,#3343,#3345,#3347,#3349,#3351,#3353,#3355,#3357,#3359,#3361,#3363,#3365,
#3367,#3369,#3371,#3373,#3375,#3377,#3379,#3381,#3383,#3385,#3387,#3389,#3391,
#3393,#3395,#3397));
#3399=FACE_OUTER_BOUND('',#3398,.F.);
#3400=ADVANCED_FACE('',(#3399),#3293,.F.);
#3401=CARTESIAN_POINT('',(3.44E0,7.535E0,-2.45E0));
#3402=DIRECTION('',(-1.E0,0.E0,0.E0));
#3403=DIRECTION('',(0.E0,-1.E0,0.E0));
#3404=AXIS2_PLACEMENT_3D('',#3401,#3402,#3403);
#3405=PLANE('',#3404);
#3406=ORIENTED_EDGE('',*,*,#3294,.T.);
#3408=ORIENTED_EDGE('',*,*,#3407,.F.);
#3410=ORIENTED_EDGE('',*,*,#3409,.F.);
#3412=ORIENTED_EDGE('',*,*,#3411,.F.);
#3414=ORIENTED_EDGE('',*,*,#3413,.F.);
#3415=EDGE_LOOP('',(#3406,#3408,#3410,#3412,#3414));
#3416=FACE_OUTER_BOUND('',#3415,.F.);
#3417=ADVANCED_FACE('',(#3416),#3405,.F.);
#3418=CARTESIAN_POINT('',(1.981E1,1.585E0,-3.43E0));
#3419=DIRECTION('',(0.E0,1.E0,0.E0));
#3420=DIRECTION('',(-1.E0,0.E0,0.E0));
#3421=AXIS2_PLACEMENT_3D('',#3418,#3419,#3420);
#3422=PLANE('',#3421);
#3424=ORIENTED_EDGE('',*,*,#3423,.F.);
#3426=ORIENTED_EDGE('',*,*,#3425,.T.);
#3428=ORIENTED_EDGE('',*,*,#3427,.T.);
#3430=ORIENTED_EDGE('',*,*,#3429,.F.);
#3431=EDGE_LOOP('',(#3424,#3426,#3428,#3430));
#3432=FACE_OUTER_BOUND('',#3431,.F.);
#3433=ADVANCED_FACE('',(#3432),#3422,.T.);
#3434=CARTESIAN_POINT('',(1.981E1,1.585E0,-3.43E0));
#3435=DIRECTION('',(0.E0,1.E0,0.E0));
#3436=DIRECTION('',(-1.E0,0.E0,0.E0));
#3437=AXIS2_PLACEMENT_3D('',#3434,#3435,#3436);
#3438=PLANE('',#3437);
#3440=ORIENTED_EDGE('',*,*,#3439,.F.);
#3442=ORIENTED_EDGE('',*,*,#3441,.F.);
#3444=ORIENTED_EDGE('',*,*,#3443,.T.);
#3446=ORIENTED_EDGE('',*,*,#3445,.T.);
#3447=EDGE_LOOP('',(#3440,#3442,#3444,#3446));
#3448=FACE_OUTER_BOUND('',#3447,.F.);
#3449=ADVANCED_FACE('',(#3448),#3438,.T.);
#3450=CARTESIAN_POINT('',(1.981E1,1.585E0,-3.43E0));
#3451=DIRECTION('',(0.E0,1.E0,0.E0));
#3452=DIRECTION('',(-1.E0,0.E0,0.E0));
#3453=AXIS2_PLACEMENT_3D('',#3450,#3451,#3452);
#3454=PLANE('',#3453);
#3456=ORIENTED_EDGE('',*,*,#3455,.F.);
#3458=ORIENTED_EDGE('',*,*,#3457,.T.);
#3460=ORIENTED_EDGE('',*,*,#3459,.T.);
#3462=ORIENTED_EDGE('',*,*,#3461,.F.);
#3463=EDGE_LOOP('',(#3456,#3458,#3460,#3462));
#3464=FACE_OUTER_BOUND('',#3463,.F.);
#3466=ORIENTED_EDGE('',*,*,#3465,.T.);
#3468=ORIENTED_EDGE('',*,*,#3467,.T.);
#3470=ORIENTED_EDGE('',*,*,#3469,.T.);
#3472=ORIENTED_EDGE('',*,*,#3471,.T.);
#3473=EDGE_LOOP('',(#3466,#3468,#3470,#3472));
#3474=FACE_BOUND('',#3473,.F.);
#3475=ADVANCED_FACE('',(#3464,#3474),#3454,.T.);
#3476=CARTESIAN_POINT('',(1.981E1,1.585E0,-3.43E0));
#3477=DIRECTION('',(0.E0,1.E0,0.E0));
#3478=DIRECTION('',(-1.E0,0.E0,0.E0));
#3479=AXIS2_PLACEMENT_3D('',#3476,#3477,#3478);
#3480=PLANE('',#3479);
#3482=ORIENTED_EDGE('',*,*,#3481,.F.);
#3484=ORIENTED_EDGE('',*,*,#3483,.F.);
#3486=ORIENTED_EDGE('',*,*,#3485,.T.);
#3488=ORIENTED_EDGE('',*,*,#3487,.T.);
#3489=EDGE_LOOP('',(#3482,#3484,#3486,#3488));
#3490=FACE_OUTER_BOUND('',#3489,.F.);
#3492=ORIENTED_EDGE('',*,*,#3491,.T.);
#3494=ORIENTED_EDGE('',*,*,#3493,.T.);
#3496=ORIENTED_EDGE('',*,*,#3495,.T.);
#3498=ORIENTED_EDGE('',*,*,#3497,.T.);
#3499=EDGE_LOOP('',(#3492,#3494,#3496,#3498));
#3500=FACE_BOUND('',#3499,.F.);
#3501=ADVANCED_FACE('',(#3490,#3500),#3480,.T.);
#3502=CARTESIAN_POINT('',(1.981E1,1.585E0,-3.43E0));
#3503=DIRECTION('',(0.E0,1.E0,0.E0));
#3504=DIRECTION('',(-1.E0,0.E0,0.E0));
#3505=AXIS2_PLACEMENT_3D('',#3502,#3503,#3504);
#3506=PLANE('',#3505);
#3508=ORIENTED_EDGE('',*,*,#3507,.F.);
#3510=ORIENTED_EDGE('',*,*,#3509,.T.);
#3512=ORIENTED_EDGE('',*,*,#3511,.T.);
#3514=ORIENTED_EDGE('',*,*,#3513,.F.);
#3515=EDGE_LOOP('',(#3508,#3510,#3512,#3514));
#3516=FACE_OUTER_BOUND('',#3515,.F.);
#3518=ORIENTED_EDGE('',*,*,#3517,.T.);
#3520=ORIENTED_EDGE('',*,*,#3519,.T.);
#3522=ORIENTED_EDGE('',*,*,#3521,.T.);
#3524=ORIENTED_EDGE('',*,*,#3523,.T.);
#3525=EDGE_LOOP('',(#3518,#3520,#3522,#3524));
#3526=FACE_BOUND('',#3525,.F.);
#3527=ADVANCED_FACE('',(#3516,#3526),#3506,.T.);
#3528=CARTESIAN_POINT('',(1.981E1,1.585E0,-3.43E0));
#3529=DIRECTION('',(0.E0,1.E0,0.E0));
#3530=DIRECTION('',(-1.E0,0.E0,0.E0));
#3531=AXIS2_PLACEMENT_3D('',#3528,#3529,#3530);
#3532=PLANE('',#3531);
#3534=ORIENTED_EDGE('',*,*,#3533,.F.);
#3536=ORIENTED_EDGE('',*,*,#3535,.T.);
#3538=ORIENTED_EDGE('',*,*,#3537,.T.);
#3540=ORIENTED_EDGE('',*,*,#3539,.F.);
#3541=EDGE_LOOP('',(#3534,#3536,#3538,#3540));
#3542=FACE_OUTER_BOUND('',#3541,.F.);
#3544=ORIENTED_EDGE('',*,*,#3543,.T.);
#3546=ORIENTED_EDGE('',*,*,#3545,.T.);
#3548=ORIENTED_EDGE('',*,*,#3547,.T.);
#3550=ORIENTED_EDGE('',*,*,#3549,.T.);
#3551=EDGE_LOOP('',(#3544,#3546,#3548,#3550));
#3552=FACE_BOUND('',#3551,.F.);
#3553=ADVANCED_FACE('',(#3542,#3552),#3532,.T.);
#3554=CARTESIAN_POINT('',(1.981E1,1.585E0,-3.43E0));
#3555=DIRECTION('',(0.E0,1.E0,0.E0));
#3556=DIRECTION('',(-1.E0,0.E0,0.E0));
#3557=AXIS2_PLACEMENT_3D('',#3554,#3555,#3556);
#3558=PLANE('',#3557);
#3560=ORIENTED_EDGE('',*,*,#3559,.F.);
#3562=ORIENTED_EDGE('',*,*,#3561,.T.);
#3564=ORIENTED_EDGE('',*,*,#3563,.T.);
#3566=ORIENTED_EDGE('',*,*,#3565,.F.);
#3567=EDGE_LOOP('',(#3560,#3562,#3564,#3566));
#3568=FACE_OUTER_BOUND('',#3567,.F.);
#3570=ORIENTED_EDGE('',*,*,#3569,.T.);
#3572=ORIENTED_EDGE('',*,*,#3571,.T.);
#3574=ORIENTED_EDGE('',*,*,#3573,.T.);
#3576=ORIENTED_EDGE('',*,*,#3575,.T.);
#3577=EDGE_LOOP('',(#3570,#3572,#3574,#3576));
#3578=FACE_BOUND('',#3577,.F.);
#3579=ADVANCED_FACE('',(#3568,#3578),#3558,.T.);
#3580=CARTESIAN_POINT('',(1.981E1,1.585E0,-3.43E0));
#3581=DIRECTION('',(0.E0,1.E0,0.E0));
#3582=DIRECTION('',(-1.E0,0.E0,0.E0));
#3583=AXIS2_PLACEMENT_3D('',#3580,#3581,#3582);
#3584=PLANE('',#3583);
#3586=ORIENTED_EDGE('',*,*,#3585,.F.);
#3588=ORIENTED_EDGE('',*,*,#3587,.F.);
#3590=ORIENTED_EDGE('',*,*,#3589,.T.);
#3592=ORIENTED_EDGE('',*,*,#3591,.T.);
#3593=EDGE_LOOP('',(#3586,#3588,#3590,#3592));
#3594=FACE_OUTER_BOUND('',#3593,.F.);
#3596=ORIENTED_EDGE('',*,*,#3595,.T.);
#3598=ORIENTED_EDGE('',*,*,#3597,.T.);
#3600=ORIENTED_EDGE('',*,*,#3599,.T.);
#3602=ORIENTED_EDGE('',*,*,#3601,.T.);
#3603=EDGE_LOOP('',(#3596,#3598,#3600,#3602));
#3604=FACE_BOUND('',#3603,.F.);
#3605=ADVANCED_FACE('',(#3594,#3604),#3584,.T.);
#3606=CARTESIAN_POINT('',(1.981E1,1.585E0,-3.43E0));
#3607=DIRECTION('',(0.E0,1.E0,0.E0));
#3608=DIRECTION('',(-1.E0,0.E0,0.E0));
#3609=AXIS2_PLACEMENT_3D('',#3606,#3607,#3608);
#3610=PLANE('',#3609);
#3612=ORIENTED_EDGE('',*,*,#3611,.F.);
#3614=ORIENTED_EDGE('',*,*,#3613,.F.);
#3616=ORIENTED_EDGE('',*,*,#3615,.T.);
#3618=ORIENTED_EDGE('',*,*,#3617,.T.);
#3619=EDGE_LOOP('',(#3612,#3614,#3616,#3618));
#3620=FACE_OUTER_BOUND('',#3619,.F.);
#3622=ORIENTED_EDGE('',*,*,#3621,.T.);
#3624=ORIENTED_EDGE('',*,*,#3623,.T.);
#3626=ORIENTED_EDGE('',*,*,#3625,.T.);
#3628=ORIENTED_EDGE('',*,*,#3627,.T.);
#3629=EDGE_LOOP('',(#3622,#3624,#3626,#3628));
#3630=FACE_BOUND('',#3629,.F.);
#3631=ADVANCED_FACE('',(#3620,#3630),#3610,.T.);
#3632=CARTESIAN_POINT('',(1.981E1,1.585E0,-3.43E0));
#3633=DIRECTION('',(0.E0,1.E0,0.E0));
#3634=DIRECTION('',(-1.E0,0.E0,0.E0));
#3635=AXIS2_PLACEMENT_3D('',#3632,#3633,#3634);
#3636=PLANE('',#3635);
#3638=ORIENTED_EDGE('',*,*,#3637,.F.);
#3640=ORIENTED_EDGE('',*,*,#3639,.T.);
#3641=ORIENTED_EDGE('',*,*,#3300,.T.);
#3643=ORIENTED_EDGE('',*,*,#3642,.F.);
#3645=ORIENTED_EDGE('',*,*,#3644,.F.);
#3647=ORIENTED_EDGE('',*,*,#3646,.T.);
#3649=ORIENTED_EDGE('',*,*,#3648,.T.);
#3651=ORIENTED_EDGE('',*,*,#3650,.F.);
#3652=EDGE_LOOP('',(#3638,#3640,#3641,#3643,#3645,#3647,#3649,#3651));
#3653=FACE_OUTER_BOUND('',#3652,.F.);
#3655=ORIENTED_EDGE('',*,*,#3654,.T.);
#3657=ORIENTED_EDGE('',*,*,#3656,.T.);
#3659=ORIENTED_EDGE('',*,*,#3658,.T.);
#3661=ORIENTED_EDGE('',*,*,#3660,.T.);
#3662=EDGE_LOOP('',(#3655,#3657,#3659,#3661));
#3663=FACE_BOUND('',#3662,.F.);
#3664=ADVANCED_FACE('',(#3653,#3663),#3636,.T.);
#3665=CARTESIAN_POINT('',(1.981E1,1.585E0,-3.43E0));
#3666=DIRECTION('',(0.E0,1.E0,0.E0));
#3667=DIRECTION('',(-1.E0,0.E0,0.E0));
#3668=AXIS2_PLACEMENT_3D('',#3665,#3666,#3667);
#3669=PLANE('',#3668);
#3671=ORIENTED_EDGE('',*,*,#3670,.F.);
#3672=ORIENTED_EDGE('',*,*,#3407,.T.);
#3673=ORIENTED_EDGE('',*,*,#3396,.T.);
#3675=ORIENTED_EDGE('',*,*,#3674,.F.);
#3677=ORIENTED_EDGE('',*,*,#3676,.F.);
#3679=ORIENTED_EDGE('',*,*,#3678,.T.);
#3681=ORIENTED_EDGE('',*,*,#3680,.T.);
#3683=ORIENTED_EDGE('',*,*,#3682,.F.);
#3684=EDGE_LOOP('',(#3671,#3672,#3673,#3675,#3677,#3679,#3681,#3683));
#3685=FACE_OUTER_BOUND('',#3684,.F.);
#3687=ORIENTED_EDGE('',*,*,#3686,.T.);
#3689=ORIENTED_EDGE('',*,*,#3688,.T.);
#3691=ORIENTED_EDGE('',*,*,#3690,.T.);
#3693=ORIENTED_EDGE('',*,*,#3692,.T.);
#3694=EDGE_LOOP('',(#3687,#3689,#3691,#3693));
#3695=FACE_BOUND('',#3694,.F.);
#3696=ADVANCED_FACE('',(#3685,#3695),#3669,.T.);
#3697=CARTESIAN_POINT('',(1.981E1,6.876820693124E0,-2.45E0));
#3698=DIRECTION('',(0.E0,0.E0,1.E0));
#3699=DIRECTION('',(0.E0,-1.E0,0.E0));
#3700=AXIS2_PLACEMENT_3D('',#3697,#3698,#3699);
#3701=PLANE('',#3700);
#3703=ORIENTED_EDGE('',*,*,#3702,.T.);
#3704=ORIENTED_EDGE('',*,*,#3637,.T.);
#3706=ORIENTED_EDGE('',*,*,#3705,.F.);
#3708=ORIENTED_EDGE('',*,*,#3707,.F.);
#3710=ORIENTED_EDGE('',*,*,#3709,.F.);
#3711=ORIENTED_EDGE('',*,*,#3587,.T.);
#3713=ORIENTED_EDGE('',*,*,#3712,.F.);
#3715=ORIENTED_EDGE('',*,*,#3714,.F.);
#3717=ORIENTED_EDGE('',*,*,#3716,.F.);
#3718=ORIENTED_EDGE('',*,*,#3483,.T.);
#3720=ORIENTED_EDGE('',*,*,#3719,.F.);
#3722=ORIENTED_EDGE('',*,*,#3721,.F.);
#3724=ORIENTED_EDGE('',*,*,#3723,.F.);
#3725=ORIENTED_EDGE('',*,*,#3441,.T.);
#3727=ORIENTED_EDGE('',*,*,#3726,.F.);
#3729=ORIENTED_EDGE('',*,*,#3728,.T.);
#3730=EDGE_LOOP('',(#3703,#3704,#3706,#3708,#3710,#3711,#3713,#3715,#3717,#3718,
#3720,#3722,#3724,#3725,#3727,#3729));
#3731=FACE_OUTER_BOUND('',#3730,.F.);
#3732=ADVANCED_FACE('',(#3731),#3701,.T.);
#3733=CARTESIAN_POINT('',(1.981E1,6.876820693124E0,-2.45E0));
#3734=DIRECTION('',(0.E0,0.E0,1.E0));
#3735=DIRECTION('',(0.E0,-1.E0,0.E0));
#3736=AXIS2_PLACEMENT_3D('',#3733,#3734,#3735);
#3737=PLANE('',#3736);
#3738=ORIENTED_EDGE('',*,*,#3409,.T.);
#3739=ORIENTED_EDGE('',*,*,#3670,.T.);
#3741=ORIENTED_EDGE('',*,*,#3740,.F.);
#3743=ORIENTED_EDGE('',*,*,#3742,.F.);
#3745=ORIENTED_EDGE('',*,*,#3744,.F.);
#3746=ORIENTED_EDGE('',*,*,#3559,.T.);
#3748=ORIENTED_EDGE('',*,*,#3747,.F.);
#3750=ORIENTED_EDGE('',*,*,#3749,.F.);
#3752=ORIENTED_EDGE('',*,*,#3751,.F.);
#3753=ORIENTED_EDGE('',*,*,#3613,.T.);
#3755=ORIENTED_EDGE('',*,*,#3754,.F.);
#3757=ORIENTED_EDGE('',*,*,#3756,.F.);
#3759=ORIENTED_EDGE('',*,*,#3758,.F.);
#3760=ORIENTED_EDGE('',*,*,#3644,.T.);
#3762=ORIENTED_EDGE('',*,*,#3761,.F.);
#3764=ORIENTED_EDGE('',*,*,#3763,.T.);
#3765=EDGE_LOOP('',(#3738,#3739,#3741,#3743,#3745,#3746,#3748,#3750,#3752,#3753,
#3755,#3757,#3759,#3760,#3762,#3764));
#3766=FACE_OUTER_BOUND('',#3765,.F.);
#3767=ADVANCED_FACE('',(#3766),#3737,.T.);
#3768=CARTESIAN_POINT('',(1.981E1,6.876820693124E0,-2.45E0));
#3769=DIRECTION('',(0.E0,0.E0,1.E0));
#3770=DIRECTION('',(0.E0,-1.E0,0.E0));
#3771=AXIS2_PLACEMENT_3D('',#3768,#3769,#3770);
#3772=PLANE('',#3771);
#3774=ORIENTED_EDGE('',*,*,#3773,.F.);
#3776=ORIENTED_EDGE('',*,*,#3775,.T.);
#3778=ORIENTED_EDGE('',*,*,#3777,.T.);
#3779=ORIENTED_EDGE('',*,*,#3423,.T.);
#3781=ORIENTED_EDGE('',*,*,#3780,.F.);
#3783=ORIENTED_EDGE('',*,*,#3782,.F.);
#3785=ORIENTED_EDGE('',*,*,#3784,.F.);
#3786=ORIENTED_EDGE('',*,*,#3455,.T.);
#3788=ORIENTED_EDGE('',*,*,#3787,.F.);
#3790=ORIENTED_EDGE('',*,*,#3789,.F.);
#3792=ORIENTED_EDGE('',*,*,#3791,.F.);
#3793=ORIENTED_EDGE('',*,*,#3507,.T.);
#3795=ORIENTED_EDGE('',*,*,#3794,.F.);
#3797=ORIENTED_EDGE('',*,*,#3796,.F.);
#3799=ORIENTED_EDGE('',*,*,#3798,.F.);
#3800=ORIENTED_EDGE('',*,*,#3533,.T.);
#3802=ORIENTED_EDGE('',*,*,#3801,.F.);
#3804=ORIENTED_EDGE('',*,*,#3803,.F.);
#3806=ORIENTED_EDGE('',*,*,#3805,.F.);
#3807=ORIENTED_EDGE('',*,*,#3676,.T.);
#3808=EDGE_LOOP('',(#3774,#3776,#3778,#3779,#3781,#3783,#3785,#3786,#3788,#3790,
#3792,#3793,#3795,#3797,#3799,#3800,#3802,#3804,#3806,#3807));
#3809=FACE_OUTER_BOUND('',#3808,.F.);
#3810=ADVANCED_FACE('',(#3809),#3772,.T.);
#3811=CARTESIAN_POINT('',(-8.44E0,7.535E0,-2.45E0));
#3812=DIRECTION('',(-1.E0,0.E0,0.E0));
#3813=DIRECTION('',(0.E0,-1.E0,0.E0));
#3814=AXIS2_PLACEMENT_3D('',#3811,#3812,#3813);
#3815=PLANE('',#3814);
#3816=ORIENTED_EDGE('',*,*,#3302,.T.);
#3817=ORIENTED_EDGE('',*,*,#3639,.F.);
#3818=ORIENTED_EDGE('',*,*,#3702,.F.);
#3820=ORIENTED_EDGE('',*,*,#3819,.F.);
#3822=ORIENTED_EDGE('',*,*,#3821,.F.);
#3823=EDGE_LOOP('',(#3816,#3817,#3818,#3820,#3822));
#3824=FACE_OUTER_BOUND('',#3823,.F.);
#3825=ADVANCED_FACE('',(#3824),#3815,.F.);
#3826=CARTESIAN_POINT('',(1.981E1,7.535E0,-2.83E0));
#3827=DIRECTION('',(0.E0,5.E-1,8.660254037844E-1));
#3828=DIRECTION('',(0.E0,-8.660254037844E-1,5.E-1));
#3829=AXIS2_PLACEMENT_3D('',#3826,#3827,#3828);
#3830=PLANE('',#3829);
#3831=ORIENTED_EDGE('',*,*,#3819,.T.);
#3832=ORIENTED_EDGE('',*,*,#3728,.F.);
#3834=ORIENTED_EDGE('',*,*,#3833,.T.);
#3836=ORIENTED_EDGE('',*,*,#3835,.T.);
#3837=EDGE_LOOP('',(#3831,#3832,#3834,#3836));
#3838=FACE_OUTER_BOUND('',#3837,.F.);
#3839=ADVANCED_FACE('',(#3838),#3830,.T.);
#3840=CARTESIAN_POINT('',(1.981E1,7.535E0,-2.83E0));
#3841=DIRECTION('',(0.E0,5.E-1,8.660254037844E-1));
#3842=DIRECTION('',(0.E0,-8.660254037844E-1,5.E-1));
#3843=AXIS2_PLACEMENT_3D('',#3840,#3841,#3842);
#3844=PLANE('',#3843);
#3845=ORIENTED_EDGE('',*,*,#3411,.T.);
#3846=ORIENTED_EDGE('',*,*,#3763,.F.);
#3848=ORIENTED_EDGE('',*,*,#3847,.F.);
#3850=ORIENTED_EDGE('',*,*,#3849,.T.);
#3851=EDGE_LOOP('',(#3845,#3846,#3848,#3850));
#3852=FACE_OUTER_BOUND('',#3851,.F.);
#3853=ADVANCED_FACE('',(#3852),#3844,.T.);
#3854=CARTESIAN_POINT('',(1.981E1,7.535E0,-2.83E0));
#3855=DIRECTION('',(0.E0,5.E-1,8.660254037844E-1));
#3856=DIRECTION('',(0.E0,-8.660254037844E-1,5.E-1));
#3857=AXIS2_PLACEMENT_3D('',#3854,#3855,#3856);
#3858=PLANE('',#3857);
#3860=ORIENTED_EDGE('',*,*,#3859,.F.);
#3862=ORIENTED_EDGE('',*,*,#3861,.T.);
#3864=ORIENTED_EDGE('',*,*,#3863,.T.);
#3865=ORIENTED_EDGE('',*,*,#3775,.F.);
#3866=EDGE_LOOP('',(#3860,#3862,#3864,#3865));
#3867=FACE_OUTER_BOUND('',#3866,.F.);
#3868=ADVANCED_FACE('',(#3867),#3858,.T.);
#3869=CARTESIAN_POINT('',(-1.981E1,1.585E0,-3.43E0));
#3870=DIRECTION('',(-1.E0,0.E0,0.E0));
#3871=DIRECTION('',(0.E0,-1.E0,0.E0));
#3872=AXIS2_PLACEMENT_3D('',#3869,#3870,#3871);
#3873=PLANE('',#3872);
#3874=ORIENTED_EDGE('',*,*,#3306,.T.);
#3876=ORIENTED_EDGE('',*,*,#3875,.F.);
#3877=ORIENTED_EDGE('',*,*,#3833,.F.);
#3878=ORIENTED_EDGE('',*,*,#3726,.T.);
#3879=ORIENTED_EDGE('',*,*,#3439,.T.);
#3881=ORIENTED_EDGE('',*,*,#3880,.T.);
#3883=ORIENTED_EDGE('',*,*,#3882,.F.);
#3884=EDGE_LOOP('',(#3874,#3876,#3877,#3878,#3879,#3881,#3883));
#3885=FACE_OUTER_BOUND('',#3884,.F.);
#3886=ADVANCED_FACE('',(#3885),#3873,.T.);
#3887=CARTESIAN_POINT('',(1.981E1,7.535E0,-3.43E0));
#3888=DIRECTION('',(0.E0,1.E0,0.E0));
#3889=DIRECTION('',(0.E0,0.E0,1.E0));
#3890=AXIS2_PLACEMENT_3D('',#3887,#3888,#3889);
#3891=PLANE('',#3890);
#3892=ORIENTED_EDGE('',*,*,#3821,.T.);
#3893=ORIENTED_EDGE('',*,*,#3835,.F.);
#3894=ORIENTED_EDGE('',*,*,#3875,.T.);
#3895=ORIENTED_EDGE('',*,*,#3304,.T.);
#3896=EDGE_LOOP('',(#3892,#3893,#3894,#3895));
#3897=FACE_OUTER_BOUND('',#3896,.F.);
#3898=ADVANCED_FACE('',(#3897),#3891,.T.);
#3899=CARTESIAN_POINT('',(1.981E1,7.535E0,-3.43E0));
#3900=DIRECTION('',(0.E0,1.E0,0.E0));
#3901=DIRECTION('',(0.E0,0.E0,1.E0));
#3902=AXIS2_PLACEMENT_3D('',#3899,#3900,#3901);
#3903=PLANE('',#3902);
#3904=ORIENTED_EDGE('',*,*,#3413,.T.);
#3905=ORIENTED_EDGE('',*,*,#3849,.F.);
#3907=ORIENTED_EDGE('',*,*,#3906,.F.);
#3908=ORIENTED_EDGE('',*,*,#3296,.T.);
#3909=EDGE_LOOP('',(#3904,#3905,#3907,#3908));
#3910=FACE_OUTER_BOUND('',#3909,.F.);
#3911=ADVANCED_FACE('',(#3910),#3903,.T.);
#3912=CARTESIAN_POINT('',(1.981E1,7.535E0,-3.43E0));
#3913=DIRECTION('',(0.E0,1.E0,0.E0));
#3914=DIRECTION('',(0.E0,0.E0,1.E0));
#3915=AXIS2_PLACEMENT_3D('',#3912,#3913,#3914);
#3916=PLANE('',#3915);
#3918=ORIENTED_EDGE('',*,*,#3917,.F.);
#3919=ORIENTED_EDGE('',*,*,#3392,.T.);
#3921=ORIENTED_EDGE('',*,*,#3920,.T.);
#3922=ORIENTED_EDGE('',*,*,#3861,.F.);
#3923=EDGE_LOOP('',(#3918,#3919,#3921,#3922));
#3924=FACE_OUTER_BOUND('',#3923,.F.);
#3925=ADVANCED_FACE('',(#3924),#3916,.T.);
#3926=CARTESIAN_POINT('',(-7.42E0,1.585E0,-2.45E0));
#3927=DIRECTION('',(1.E0,0.E0,0.E0));
#3928=DIRECTION('',(0.E0,1.E0,0.E0));
#3929=AXIS2_PLACEMENT_3D('',#3926,#3927,#3928);
#3930=PLANE('',#3929);
#3931=ORIENTED_EDGE('',*,*,#3298,.F.);
#3932=ORIENTED_EDGE('',*,*,#3906,.T.);
#3933=ORIENTED_EDGE('',*,*,#3847,.T.);
#3934=ORIENTED_EDGE('',*,*,#3761,.T.);
#3935=ORIENTED_EDGE('',*,*,#3642,.T.);
#3936=EDGE_LOOP('',(#3931,#3932,#3933,#3934,#3935));
#3937=FACE_OUTER_BOUND('',#3936,.F.);
#3938=ADVANCED_FACE('',(#3937),#3930,.F.);
#3939=CARTESIAN_POINT('',(4.46E0,1.585E0,-2.45E0));
#3940=DIRECTION('',(1.E0,0.E0,0.E0));
#3941=DIRECTION('',(0.E0,1.E0,0.E0));
#3942=AXIS2_PLACEMENT_3D('',#3939,#3940,#3941);
#3943=PLANE('',#3942);
#3944=ORIENTED_EDGE('',*,*,#3394,.F.);
#3945=ORIENTED_EDGE('',*,*,#3917,.T.);
#3946=ORIENTED_EDGE('',*,*,#3859,.T.);
#3947=ORIENTED_EDGE('',*,*,#3773,.T.);
#3948=ORIENTED_EDGE('',*,*,#3674,.T.);
#3949=EDGE_LOOP('',(#3944,#3945,#3946,#3947,#3948));
#3950=FACE_OUTER_BOUND('',#3949,.F.);
#3951=ADVANCED_FACE('',(#3950),#3943,.F.);
#3952=CARTESIAN_POINT('',(1.981E1,-1.585E0,-3.43E0));
#3953=DIRECTION('',(1.E0,0.E0,0.E0));
#3954=DIRECTION('',(0.E0,1.E0,0.E0));
#3955=AXIS2_PLACEMENT_3D('',#3952,#3953,#3954);
#3956=PLANE('',#3955);
#3957=ORIENTED_EDGE('',*,*,#3425,.F.);
#3958=ORIENTED_EDGE('',*,*,#3777,.F.);
#3959=ORIENTED_EDGE('',*,*,#3863,.F.);
#3960=ORIENTED_EDGE('',*,*,#3920,.F.);
#3961=ORIENTED_EDGE('',*,*,#3390,.F.);
#3963=ORIENTED_EDGE('',*,*,#3962,.T.);
#3965=ORIENTED_EDGE('',*,*,#3964,.T.);
#3966=EDGE_LOOP('',(#3957,#3958,#3959,#3960,#3961,#3963,#3965));
#3967=FACE_OUTER_BOUND('',#3966,.F.);
#3968=ADVANCED_FACE('',(#3967),#3956,.T.);
#3969=CARTESIAN_POINT('',(-1.981E1,-1.585E0,-3.43E0));
#3970=DIRECTION('',(0.E0,-1.E0,0.E0));
#3971=DIRECTION('',(1.E0,0.E0,0.E0));
#3972=AXIS2_PLACEMENT_3D('',#3969,#3970,#3971);
#3973=PLANE('',#3972);
#3975=ORIENTED_EDGE('',*,*,#3974,.F.);
#3976=ORIENTED_EDGE('',*,*,#3308,.F.);
#3977=ORIENTED_EDGE('',*,*,#3882,.T.);
#3979=ORIENTED_EDGE('',*,*,#3978,.T.);
#3980=EDGE_LOOP('',(#3975,#3976,#3977,#3979));
#3981=FACE_OUTER_BOUND('',#3980,.F.);
#3982=ADVANCED_FACE('',(#3981),#3973,.T.);
#3983=CARTESIAN_POINT('',(-1.981E1,-1.585E0,-3.43E0));
#3984=DIRECTION('',(0.E0,-1.E0,0.E0));
#3985=DIRECTION('',(1.E0,0.E0,0.E0));
#3986=AXIS2_PLACEMENT_3D('',#3983,#3984,#3985);
#3987=PLANE('',#3986);
#3989=ORIENTED_EDGE('',*,*,#3988,.F.);
#3990=ORIENTED_EDGE('',*,*,#3316,.F.);
#3992=ORIENTED_EDGE('',*,*,#3991,.T.);
#3994=ORIENTED_EDGE('',*,*,#3993,.T.);
#3995=EDGE_LOOP('',(#3989,#3990,#3992,#3994));
#3996=FACE_OUTER_BOUND('',#3995,.F.);
#3998=ORIENTED_EDGE('',*,*,#3997,.F.);
#4000=ORIENTED_EDGE('',*,*,#3999,.F.);
#4002=ORIENTED_EDGE('',*,*,#4001,.F.);
#4004=ORIENTED_EDGE('',*,*,#4003,.F.);
#4005=EDGE_LOOP('',(#3998,#4000,#4002,#4004));
#4006=FACE_BOUND('',#4005,.F.);
#4007=ADVANCED_FACE('',(#3996,#4006),#3987,.T.);
#4008=CARTESIAN_POINT('',(-1.981E1,-1.585E0,-3.43E0));
#4009=DIRECTION('',(0.E0,-1.E0,0.E0));
#4010=DIRECTION('',(1.E0,0.E0,0.E0));
#4011=AXIS2_PLACEMENT_3D('',#4008,#4009,#4010);
#4012=PLANE('',#4011);
#4014=ORIENTED_EDGE('',*,*,#4013,.F.);
#4015=ORIENTED_EDGE('',*,*,#3324,.F.);
#4017=ORIENTED_EDGE('',*,*,#4016,.T.);
#4019=ORIENTED_EDGE('',*,*,#4018,.T.);
#4020=EDGE_LOOP('',(#4014,#4015,#4017,#4019));
#4021=FACE_OUTER_BOUND('',#4020,.F.);
#4023=ORIENTED_EDGE('',*,*,#4022,.F.);
#4025=ORIENTED_EDGE('',*,*,#4024,.F.);
#4027=ORIENTED_EDGE('',*,*,#4026,.F.);
#4029=ORIENTED_EDGE('',*,*,#4028,.F.);
#4030=EDGE_LOOP('',(#4023,#4025,#4027,#4029));
#4031=FACE_BOUND('',#4030,.F.);
#4032=ADVANCED_FACE('',(#4021,#4031),#4012,.T.);
#4033=CARTESIAN_POINT('',(-1.981E1,-1.585E0,-3.43E0));
#4034=DIRECTION('',(0.E0,-1.E0,0.E0));
#4035=DIRECTION('',(1.E0,0.E0,0.E0));
#4036=AXIS2_PLACEMENT_3D('',#4033,#4034,#4035);
#4037=PLANE('',#4036);
#4039=ORIENTED_EDGE('',*,*,#4038,.F.);
#4040=ORIENTED_EDGE('',*,*,#3332,.F.);
#4042=ORIENTED_EDGE('',*,*,#4041,.T.);
#4044=ORIENTED_EDGE('',*,*,#4043,.T.);
#4045=EDGE_LOOP('',(#4039,#4040,#4042,#4044));
#4046=FACE_OUTER_BOUND('',#4045,.F.);
#4048=ORIENTED_EDGE('',*,*,#4047,.F.);
#4050=ORIENTED_EDGE('',*,*,#4049,.F.);
#4052=ORIENTED_EDGE('',*,*,#4051,.F.);
#4054=ORIENTED_EDGE('',*,*,#4053,.F.);
#4055=EDGE_LOOP('',(#4048,#4050,#4052,#4054));
#4056=FACE_BOUND('',#4055,.F.);
#4057=ADVANCED_FACE('',(#4046,#4056),#4037,.T.);
#4058=CARTESIAN_POINT('',(-1.981E1,-1.585E0,-3.43E0));
#4059=DIRECTION('',(0.E0,-1.E0,0.E0));
#4060=DIRECTION('',(1.E0,0.E0,0.E0));
#4061=AXIS2_PLACEMENT_3D('',#4058,#4059,#4060);
#4062=PLANE('',#4061);
#4064=ORIENTED_EDGE('',*,*,#4063,.F.);
#4065=ORIENTED_EDGE('',*,*,#3340,.F.);
#4067=ORIENTED_EDGE('',*,*,#4066,.T.);
#4069=ORIENTED_EDGE('',*,*,#4068,.T.);
#4070=EDGE_LOOP('',(#4064,#4065,#4067,#4069));
#4071=FACE_OUTER_BOUND('',#4070,.F.);
#4073=ORIENTED_EDGE('',*,*,#4072,.F.);
#4075=ORIENTED_EDGE('',*,*,#4074,.F.);
#4077=ORIENTED_EDGE('',*,*,#4076,.F.);
#4079=ORIENTED_EDGE('',*,*,#4078,.F.);
#4080=EDGE_LOOP('',(#4073,#4075,#4077,#4079));
#4081=FACE_BOUND('',#4080,.F.);
#4082=ADVANCED_FACE('',(#4071,#4081),#4062,.T.);
#4083=CARTESIAN_POINT('',(-1.981E1,-1.585E0,-3.43E0));
#4084=DIRECTION('',(0.E0,-1.E0,0.E0));
#4085=DIRECTION('',(1.E0,0.E0,0.E0));
#4086=AXIS2_PLACEMENT_3D('',#4083,#4084,#4085);
#4087=PLANE('',#4086);
#4089=ORIENTED_EDGE('',*,*,#4088,.F.);
#4090=ORIENTED_EDGE('',*,*,#3348,.F.);
#4092=ORIENTED_EDGE('',*,*,#4091,.T.);
#4094=ORIENTED_EDGE('',*,*,#4093,.T.);
#4095=EDGE_LOOP('',(#4089,#4090,#4092,#4094));
#4096=FACE_OUTER_BOUND('',#4095,.F.);
#4098=ORIENTED_EDGE('',*,*,#4097,.F.);
#4100=ORIENTED_EDGE('',*,*,#4099,.F.);
#4102=ORIENTED_EDGE('',*,*,#4101,.F.);
#4104=ORIENTED_EDGE('',*,*,#4103,.F.);
#4105=EDGE_LOOP('',(#4098,#4100,#4102,#4104));
#4106=FACE_BOUND('',#4105,.F.);
#4107=ADVANCED_FACE('',(#4096,#4106),#4087,.T.);
#4108=CARTESIAN_POINT('',(-1.981E1,-1.585E0,-3.43E0));
#4109=DIRECTION('',(0.E0,-1.E0,0.E0));
#4110=DIRECTION('',(1.E0,0.E0,0.E0));
#4111=AXIS2_PLACEMENT_3D('',#4108,#4109,#4110);
#4112=PLANE('',#4111);
#4114=ORIENTED_EDGE('',*,*,#4113,.F.);
#4115=ORIENTED_EDGE('',*,*,#3356,.F.);
#4117=ORIENTED_EDGE('',*,*,#4116,.T.);
#4119=ORIENTED_EDGE('',*,*,#4118,.T.);
#4120=EDGE_LOOP('',(#4114,#4115,#4117,#4119));
#4121=FACE_OUTER_BOUND('',#4120,.F.);
#4123=ORIENTED_EDGE('',*,*,#4122,.F.);
#4125=ORIENTED_EDGE('',*,*,#4124,.F.);
#4127=ORIENTED_EDGE('',*,*,#4126,.F.);
#4129=ORIENTED_EDGE('',*,*,#4128,.F.);
#4130=EDGE_LOOP('',(#4123,#4125,#4127,#4129));
#4131=FACE_BOUND('',#4130,.F.);
#4132=ADVANCED_FACE('',(#4121,#4131),#4112,.T.);
#4133=CARTESIAN_POINT('',(-1.981E1,-1.585E0,-3.43E0));
#4134=DIRECTION('',(0.E0,-1.E0,0.E0));
#4135=DIRECTION('',(1.E0,0.E0,0.E0));
#4136=AXIS2_PLACEMENT_3D('',#4133,#4134,#4135);
#4137=PLANE('',#4136);
#4139=ORIENTED_EDGE('',*,*,#4138,.F.);
#4140=ORIENTED_EDGE('',*,*,#3364,.F.);
#4142=ORIENTED_EDGE('',*,*,#4141,.T.);
#4144=ORIENTED_EDGE('',*,*,#4143,.T.);
#4145=EDGE_LOOP('',(#4139,#4140,#4142,#4144));
#4146=FACE_OUTER_BOUND('',#4145,.F.);
#4148=ORIENTED_EDGE('',*,*,#4147,.F.);
#4150=ORIENTED_EDGE('',*,*,#4149,.F.);
#4152=ORIENTED_EDGE('',*,*,#4151,.F.);
#4154=ORIENTED_EDGE('',*,*,#4153,.F.);
#4155=EDGE_LOOP('',(#4148,#4150,#4152,#4154));
#4156=FACE_BOUND('',#4155,.F.);
#4157=ADVANCED_FACE('',(#4146,#4156),#4137,.T.);
#4158=CARTESIAN_POINT('',(-1.981E1,-1.585E0,-3.43E0));
#4159=DIRECTION('',(0.E0,-1.E0,0.E0));
#4160=DIRECTION('',(1.E0,0.E0,0.E0));
#4161=AXIS2_PLACEMENT_3D('',#4158,#4159,#4160);
#4162=PLANE('',#4161);
#4164=ORIENTED_EDGE('',*,*,#4163,.F.);
#4165=ORIENTED_EDGE('',*,*,#3372,.F.);
#4167=ORIENTED_EDGE('',*,*,#4166,.T.);
#4169=ORIENTED_EDGE('',*,*,#4168,.T.);
#4170=EDGE_LOOP('',(#4164,#4165,#4167,#4169));
#4171=FACE_OUTER_BOUND('',#4170,.F.);
#4173=ORIENTED_EDGE('',*,*,#4172,.F.);
#4175=ORIENTED_EDGE('',*,*,#4174,.F.);
#4177=ORIENTED_EDGE('',*,*,#4176,.F.);
#4179=ORIENTED_EDGE('',*,*,#4178,.F.);
#4180=EDGE_LOOP('',(#4173,#4175,#4177,#4179));
#4181=FACE_BOUND('',#4180,.F.);
#4182=ADVANCED_FACE('',(#4171,#4181),#4162,.T.);
#4183=CARTESIAN_POINT('',(-1.981E1,-1.585E0,-3.43E0));
#4184=DIRECTION('',(0.E0,-1.E0,0.E0));
#4185=DIRECTION('',(1.E0,0.E0,0.E0));
#4186=AXIS2_PLACEMENT_3D('',#4183,#4184,#4185);
#4187=PLANE('',#4186);
#4189=ORIENTED_EDGE('',*,*,#4188,.T.);
#4191=ORIENTED_EDGE('',*,*,#4190,.T.);
#4192=ORIENTED_EDGE('',*,*,#3962,.F.);
#4193=ORIENTED_EDGE('',*,*,#3388,.F.);
#4194=EDGE_LOOP('',(#4189,#4191,#4192,#4193));
#4195=FACE_OUTER_BOUND('',#4194,.F.);
#4196=ADVANCED_FACE('',(#4195),#4187,.T.);
#4197=CARTESIAN_POINT('',(-1.981E1,-1.585E0,-3.43E0));
#4198=DIRECTION('',(0.E0,-1.E0,0.E0));
#4199=DIRECTION('',(1.E0,0.E0,0.E0));
#4200=AXIS2_PLACEMENT_3D('',#4197,#4198,#4199);
#4201=PLANE('',#4200);
#4203=ORIENTED_EDGE('',*,*,#4202,.F.);
#4204=ORIENTED_EDGE('',*,*,#3380,.F.);
#4206=ORIENTED_EDGE('',*,*,#4205,.T.);
#4208=ORIENTED_EDGE('',*,*,#4207,.T.);
#4209=EDGE_LOOP('',(#4203,#4204,#4206,#4208));
#4210=FACE_OUTER_BOUND('',#4209,.F.);
#4212=ORIENTED_EDGE('',*,*,#4211,.F.);
#4214=ORIENTED_EDGE('',*,*,#4213,.F.);
#4216=ORIENTED_EDGE('',*,*,#4215,.F.);
#4218=ORIENTED_EDGE('',*,*,#4217,.F.);
#4219=EDGE_LOOP('',(#4212,#4214,#4216,#4218));
#4220=FACE_BOUND('',#4219,.F.);
#4221=ADVANCED_FACE('',(#4210,#4220),#4201,.T.);
#4222=CARTESIAN_POINT('',(-1.892E1,-1.205E0,3.47E0));
#4223=DIRECTION('',(-1.E0,0.E0,0.E0));
#4224=DIRECTION('',(0.E0,-1.E0,0.E0));
#4225=AXIS2_PLACEMENT_3D('',#4222,#4223,#4224);
#4226=PLANE('',#4225);
#4227=ORIENTED_EDGE('',*,*,#3310,.F.);
#4228=ORIENTED_EDGE('',*,*,#3974,.T.);
#4230=ORIENTED_EDGE('',*,*,#4229,.T.);
#4232=ORIENTED_EDGE('',*,*,#4231,.T.);
#4233=EDGE_LOOP('',(#4227,#4228,#4230,#4232));
#4234=FACE_OUTER_BOUND('',#4233,.F.);
#4235=ADVANCED_FACE('',(#4234),#4226,.F.);
#4236=CARTESIAN_POINT('',(0.E0,0.E0,3.47E0));
#4237=DIRECTION('',(0.E0,0.E0,1.E0));
#4238=DIRECTION('',(1.E0,0.E0,0.E0));
#4239=AXIS2_PLACEMENT_3D('',#4236,#4237,#4238);
#4240=PLANE('',#4239);
#4242=ORIENTED_EDGE('',*,*,#4241,.T.);
#4244=ORIENTED_EDGE('',*,*,#4243,.T.);
#4246=ORIENTED_EDGE('',*,*,#4245,.F.);
#4247=ORIENTED_EDGE('',*,*,#3427,.F.);
#4248=ORIENTED_EDGE('',*,*,#3964,.F.);
#4249=ORIENTED_EDGE('',*,*,#4190,.F.);
#4251=ORIENTED_EDGE('',*,*,#4250,.T.);
#4253=ORIENTED_EDGE('',*,*,#4252,.T.);
#4255=ORIENTED_EDGE('',*,*,#4254,.F.);
#4256=ORIENTED_EDGE('',*,*,#4207,.F.);
#4258=ORIENTED_EDGE('',*,*,#4257,.T.);
#4260=ORIENTED_EDGE('',*,*,#4259,.T.);
#4262=ORIENTED_EDGE('',*,*,#4261,.F.);
#4263=ORIENTED_EDGE('',*,*,#4168,.F.);
#4265=ORIENTED_EDGE('',*,*,#4264,.T.);
#4267=ORIENTED_EDGE('',*,*,#4266,.T.);
#4269=ORIENTED_EDGE('',*,*,#4268,.F.);
#4270=ORIENTED_EDGE('',*,*,#4143,.F.);
#4272=ORIENTED_EDGE('',*,*,#4271,.T.);
#4274=ORIENTED_EDGE('',*,*,#4273,.T.);
#4276=ORIENTED_EDGE('',*,*,#4275,.F.);
#4277=ORIENTED_EDGE('',*,*,#4118,.F.);
#4279=ORIENTED_EDGE('',*,*,#4278,.T.);
#4281=ORIENTED_EDGE('',*,*,#4280,.T.);
#4283=ORIENTED_EDGE('',*,*,#4282,.F.);
#4284=ORIENTED_EDGE('',*,*,#4093,.F.);
#4286=ORIENTED_EDGE('',*,*,#4285,.T.);
#4288=ORIENTED_EDGE('',*,*,#4287,.T.);
#4290=ORIENTED_EDGE('',*,*,#4289,.F.);
#4291=ORIENTED_EDGE('',*,*,#4068,.F.);
#4293=ORIENTED_EDGE('',*,*,#4292,.T.);
#4295=ORIENTED_EDGE('',*,*,#4294,.T.);
#4297=ORIENTED_EDGE('',*,*,#4296,.F.);
#4298=ORIENTED_EDGE('',*,*,#4043,.F.);
#4300=ORIENTED_EDGE('',*,*,#4299,.T.);
#4302=ORIENTED_EDGE('',*,*,#4301,.T.);
#4304=ORIENTED_EDGE('',*,*,#4303,.F.);
#4305=ORIENTED_EDGE('',*,*,#4018,.F.);
#4307=ORIENTED_EDGE('',*,*,#4306,.T.);
#4309=ORIENTED_EDGE('',*,*,#4308,.T.);
#4311=ORIENTED_EDGE('',*,*,#4310,.F.);
#4312=ORIENTED_EDGE('',*,*,#3993,.F.);
#4314=ORIENTED_EDGE('',*,*,#4313,.T.);
#4316=ORIENTED_EDGE('',*,*,#4315,.T.);
#4317=ORIENTED_EDGE('',*,*,#4229,.F.);
#4318=ORIENTED_EDGE('',*,*,#3978,.F.);
#4319=ORIENTED_EDGE('',*,*,#3880,.F.);
#4320=ORIENTED_EDGE('',*,*,#3445,.F.);
#4322=ORIENTED_EDGE('',*,*,#4321,.T.);
#4324=ORIENTED_EDGE('',*,*,#4323,.T.);
#4326=ORIENTED_EDGE('',*,*,#4325,.F.);
#4327=ORIENTED_EDGE('',*,*,#3487,.F.);
#4329=ORIENTED_EDGE('',*,*,#4328,.T.);
#4331=ORIENTED_EDGE('',*,*,#4330,.T.);
#4333=ORIENTED_EDGE('',*,*,#4332,.F.);
#4334=ORIENTED_EDGE('',*,*,#3591,.F.);
#4336=ORIENTED_EDGE('',*,*,#4335,.T.);
#4338=ORIENTED_EDGE('',*,*,#4337,.T.);
#4340=ORIENTED_EDGE('',*,*,#4339,.F.);
#4341=ORIENTED_EDGE('',*,*,#3648,.F.);
#4343=ORIENTED_EDGE('',*,*,#4342,.T.);
#4345=ORIENTED_EDGE('',*,*,#4344,.T.);
#4347=ORIENTED_EDGE('',*,*,#4346,.F.);
#4348=ORIENTED_EDGE('',*,*,#3617,.F.);
#4350=ORIENTED_EDGE('',*,*,#4349,.T.);
#4352=ORIENTED_EDGE('',*,*,#4351,.T.);
#4354=ORIENTED_EDGE('',*,*,#4353,.F.);
#4355=ORIENTED_EDGE('',*,*,#3563,.F.);
#4357=ORIENTED_EDGE('',*,*,#4356,.T.);
#4359=ORIENTED_EDGE('',*,*,#4358,.T.);
#4361=ORIENTED_EDGE('',*,*,#4360,.F.);
#4362=ORIENTED_EDGE('',*,*,#3680,.F.);
#4364=ORIENTED_EDGE('',*,*,#4363,.T.);
#4366=ORIENTED_EDGE('',*,*,#4365,.T.);
#4368=ORIENTED_EDGE('',*,*,#4367,.F.);
#4369=ORIENTED_EDGE('',*,*,#3537,.F.);
#4371=ORIENTED_EDGE('',*,*,#4370,.T.);
#4373=ORIENTED_EDGE('',*,*,#4372,.T.);
#4375=ORIENTED_EDGE('',*,*,#4374,.F.);
#4376=ORIENTED_EDGE('',*,*,#3511,.F.);
#4378=ORIENTED_EDGE('',*,*,#4377,.T.);
#4380=ORIENTED_EDGE('',*,*,#4379,.T.);
#4382=ORIENTED_EDGE('',*,*,#4381,.F.);
#4383=ORIENTED_EDGE('',*,*,#3459,.F.);
#4384=EDGE_LOOP('',(#4242,#4244,#4246,#4247,#4248,#4249,#4251,#4253,#4255,#4256,
#4258,#4260,#4262,#4263,#4265,#4267,#4269,#4270,#4272,#4274,#4276,#4277,#4279,
#4281,#4283,#4284,#4286,#4288,#4290,#4291,#4293,#4295,#4297,#4298,#4300,#4302,
#4304,#4305,#4307,#4309,#4311,#4312,#4314,#4316,#4317,#4318,#4319,#4320,#4322,
#4324,#4326,#4327,#4329,#4331,#4333,#4334,#4336,#4338,#4340,#4341,#4343,#4345,
#4347,#4348,#4350,#4352,#4354,#4355,#4357,#4359,#4361,#4362,#4364,#4366,#4368,
#4369,#4371,#4373,#4375,#4376,#4378,#4380,#4382,#4383));
#4385=FACE_OUTER_BOUND('',#4384,.F.);
#4386=ADVANCED_FACE('',(#4385),#4240,.T.);
#4387=CARTESIAN_POINT('',(1.672E1,1.585E0,3.47E0));
#4388=DIRECTION('',(-1.E0,0.E0,0.E0));
#4389=DIRECTION('',(0.E0,-1.E0,0.E0));
#4390=AXIS2_PLACEMENT_3D('',#4387,#4388,#4389);
#4391=PLANE('',#4390);
#4392=ORIENTED_EDGE('',*,*,#3784,.T.);
#4394=ORIENTED_EDGE('',*,*,#4393,.F.);
#4395=ORIENTED_EDGE('',*,*,#4241,.F.);
#4396=ORIENTED_EDGE('',*,*,#3457,.F.);
#4397=EDGE_LOOP('',(#4392,#4394,#4395,#4396));
#4398=FACE_OUTER_BOUND('',#4397,.F.);
#4399=ADVANCED_FACE('',(#4398),#4391,.F.);
#4400=CARTESIAN_POINT('',(1.672E1,1.205E0,3.47E0));
#4401=DIRECTION('',(0.E0,-1.E0,0.E0));
#4402=DIRECTION('',(1.E0,0.E0,0.E0));
#4403=AXIS2_PLACEMENT_3D('',#4400,#4401,#4402);
#4404=PLANE('',#4403);
#4405=ORIENTED_EDGE('',*,*,#3782,.T.);
#4407=ORIENTED_EDGE('',*,*,#4406,.F.);
#4408=ORIENTED_EDGE('',*,*,#4243,.F.);
#4409=ORIENTED_EDGE('',*,*,#4393,.T.);
#4410=EDGE_LOOP('',(#4405,#4407,#4408,#4409));
#4411=FACE_OUTER_BOUND('',#4410,.F.);
#4413=ORIENTED_EDGE('',*,*,#4412,.T.);
#4415=ORIENTED_EDGE('',*,*,#4414,.T.);
#4416=EDGE_LOOP('',(#4413,#4415));
#4417=FACE_BOUND('',#4416,.F.);
#4418=ADVANCED_FACE('',(#4411,#4417),#4404,.F.);
#4419=CARTESIAN_POINT('',(1.781E1,-6.9875E0,0.E0));
#4420=DIRECTION('',(0.E0,1.E0,0.E0));
#4421=DIRECTION('',(1.E0,0.E0,0.E0));
#4422=AXIS2_PLACEMENT_3D('',#4419,#4420,#4421);
#4423=CYLINDRICAL_SURFACE('',#4422,5.7E-1);
#4424=ORIENTED_EDGE('',*,*,#4412,.F.);
#4426=ORIENTED_EDGE('',*,*,#4425,.T.);
#4428=ORIENTED_EDGE('',*,*,#4427,.T.);
#4430=ORIENTED_EDGE('',*,*,#4429,.F.);
#4431=EDGE_LOOP('',(#4424,#4426,#4428,#4430));
#4432=FACE_OUTER_BOUND('',#4431,.F.);
#4433=ADVANCED_FACE('',(#4432),#4423,.T.);
#4434=CARTESIAN_POINT('',(1.781E1,-6.9875E0,0.E0));
#4435=DIRECTION('',(0.E0,1.E0,0.E0));
#4436=DIRECTION('',(1.E0,0.E0,0.E0));
#4437=AXIS2_PLACEMENT_3D('',#4434,#4435,#4436);
#4438=CYLINDRICAL_SURFACE('',#4437,5.7E-1);
#4440=ORIENTED_EDGE('',*,*,#4439,.T.);
#4442=ORIENTED_EDGE('',*,*,#4441,.F.);
#4444=ORIENTED_EDGE('',*,*,#4443,.F.);
#4446=ORIENTED_EDGE('',*,*,#4445,.T.);
#4447=EDGE_LOOP('',(#4440,#4442,#4444,#4446));
#4448=FACE_OUTER_BOUND('',#4447,.F.);
#4449=ADVANCED_FACE('',(#4448),#4438,.T.);
#4450=CARTESIAN_POINT('',(1.781E1,-6.9875E0,0.E0));
#4451=DIRECTION('',(0.E0,1.E0,0.E0));
#4452=DIRECTION('',(1.E0,0.E0,0.E0));
#4453=AXIS2_PLACEMENT_3D('',#4450,#4451,#4452);
#4454=CYLINDRICAL_SURFACE('',#4453,5.7E-1);
#4455=ORIENTED_EDGE('',*,*,#4414,.F.);
#4456=ORIENTED_EDGE('',*,*,#4429,.T.);
#4458=ORIENTED_EDGE('',*,*,#4457,.F.);
#4459=ORIENTED_EDGE('',*,*,#4425,.F.);
#4460=EDGE_LOOP('',(#4455,#4456,#4458,#4459));
#4461=FACE_OUTER_BOUND('',#4460,.F.);
#4462=ADVANCED_FACE('',(#4461),#4454,.T.);
#4463=CARTESIAN_POINT('',(1.781E1,-6.9875E0,0.E0));
#4464=DIRECTION('',(0.E0,1.E0,0.E0));
#4465=DIRECTION('',(1.E0,0.E0,0.E0));
#4466=AXIS2_PLACEMENT_3D('',#4463,#4464,#4465);
#4467=CYLINDRICAL_SURFACE('',#4466,5.7E-1);
#4469=ORIENTED_EDGE('',*,*,#4468,.T.);
#4470=ORIENTED_EDGE('',*,*,#4445,.F.);
#4472=ORIENTED_EDGE('',*,*,#4471,.T.);
#4473=ORIENTED_EDGE('',*,*,#4441,.T.);
#4474=EDGE_LOOP('',(#4469,#4470,#4472,#4473));
#4475=FACE_OUTER_BOUND('',#4474,.F.);
#4476=ADVANCED_FACE('',(#4475),#4467,.T.);
#4477=CARTESIAN_POINT('',(1.781E1,1.257E1,0.E0));
#4478=DIRECTION('',(0.E0,-1.E0,0.E0));
#4479=DIRECTION('',(-1.E0,0.E0,0.E0));
#4480=AXIS2_PLACEMENT_3D('',#4477,#4478,#4479);
#4481=CONICAL_SURFACE('',#4480,4.E-1,2.090798047101E1);
#4483=ORIENTED_EDGE('',*,*,#4482,.F.);
#4484=ORIENTED_EDGE('',*,*,#4457,.T.);
#4486=ORIENTED_EDGE('',*,*,#4485,.T.);
#4488=ORIENTED_EDGE('',*,*,#4487,.F.);
#4489=EDGE_LOOP('',(#4483,#4484,#4486,#4488));
#4490=FACE_OUTER_BOUND('',#4489,.F.);
#4491=ADVANCED_FACE('',(#4490),#4481,.T.);
#4492=CARTESIAN_POINT('',(1.781E1,1.257E1,0.E0));
#4493=DIRECTION('',(0.E0,-1.E0,0.E0));
#4494=DIRECTION('',(-1.E0,0.E0,0.E0));
#4495=AXIS2_PLACEMENT_3D('',#4492,#4493,#4494);
#4496=CONICAL_SURFACE('',#4495,4.E-1,2.090798047101E1);
#4497=ORIENTED_EDGE('',*,*,#4482,.T.);
#4499=ORIENTED_EDGE('',*,*,#4498,.T.);
#4500=ORIENTED_EDGE('',*,*,#4485,.F.);
#4501=ORIENTED_EDGE('',*,*,#4427,.F.);
#4502=EDGE_LOOP('',(#4497,#4499,#4500,#4501));
#4503=FACE_OUTER_BOUND('',#4502,.F.);
#4504=ADVANCED_FACE('',(#4503),#4496,.T.);
#4505=CARTESIAN_POINT('',(1.781E1,1.3015E1,0.E0));
#4506=DIRECTION('',(0.E0,1.E0,0.E0));
#4507=DIRECTION('',(1.E0,0.E0,0.E0));
#4508=AXIS2_PLACEMENT_3D('',#4505,#4506,#4507);
#4509=PLANE('',#4508);
#4510=ORIENTED_EDGE('',*,*,#4487,.T.);
#4511=ORIENTED_EDGE('',*,*,#4498,.F.);
#4512=EDGE_LOOP('',(#4510,#4511));
#4513=FACE_OUTER_BOUND('',#4512,.F.);
#4514=ADVANCED_FACE('',(#4513),#4509,.T.);
#4515=CARTESIAN_POINT('',(1.89E1,-1.205E0,3.47E0));
#4516=DIRECTION('',(0.E0,1.E0,0.E0));
#4517=DIRECTION('',(-1.E0,0.E0,0.E0));
#4518=AXIS2_PLACEMENT_3D('',#4515,#4516,#4517);
#4519=PLANE('',#4518);
#4520=ORIENTED_EDGE('',*,*,#3384,.T.);
#4522=ORIENTED_EDGE('',*,*,#4521,.F.);
#4523=ORIENTED_EDGE('',*,*,#4252,.F.);
#4525=ORIENTED_EDGE('',*,*,#4524,.T.);
#4526=EDGE_LOOP('',(#4520,#4522,#4523,#4525));
#4527=FACE_OUTER_BOUND('',#4526,.F.);
#4528=ORIENTED_EDGE('',*,*,#4439,.F.);
#4529=ORIENTED_EDGE('',*,*,#4468,.F.);
#4530=EDGE_LOOP('',(#4528,#4529));
#4531=FACE_BOUND('',#4530,.F.);
#4532=ADVANCED_FACE('',(#4527,#4531),#4519,.F.);
#4533=CARTESIAN_POINT('',(1.672E1,-1.205E0,3.47E0));
#4534=DIRECTION('',(-1.E0,0.E0,0.E0));
#4535=DIRECTION('',(0.E0,-1.E0,0.E0));
#4536=AXIS2_PLACEMENT_3D('',#4533,#4534,#4535);
#4537=PLANE('',#4536);
#4538=ORIENTED_EDGE('',*,*,#3382,.F.);
#4539=ORIENTED_EDGE('',*,*,#4202,.T.);
#4540=ORIENTED_EDGE('',*,*,#4254,.T.);
#4541=ORIENTED_EDGE('',*,*,#4521,.T.);
#4542=EDGE_LOOP('',(#4538,#4539,#4540,#4541));
#4543=FACE_OUTER_BOUND('',#4542,.F.);
#4544=ADVANCED_FACE('',(#4543),#4537,.F.);
#4545=CARTESIAN_POINT('',(1.89E1,-1.585E0,3.47E0));
#4546=DIRECTION('',(1.E0,0.E0,0.E0));
#4547=DIRECTION('',(0.E0,1.E0,0.E0));
#4548=AXIS2_PLACEMENT_3D('',#4545,#4546,#4547);
#4549=PLANE('',#4548);
#4550=ORIENTED_EDGE('',*,*,#3386,.T.);
#4551=ORIENTED_EDGE('',*,*,#4524,.F.);
#4552=ORIENTED_EDGE('',*,*,#4250,.F.);
#4553=ORIENTED_EDGE('',*,*,#4188,.F.);
#4554=EDGE_LOOP('',(#4550,#4551,#4552,#4553));
#4555=FACE_OUTER_BOUND('',#4554,.F.);
#4556=ADVANCED_FACE('',(#4555),#4549,.F.);
#4557=CARTESIAN_POINT('',(1.781E1,-5.59E0,0.E0));
#4558=DIRECTION('',(0.E0,1.E0,0.E0));
#4559=DIRECTION('',(1.E0,0.E0,0.E0));
#4560=AXIS2_PLACEMENT_3D('',#4557,#4558,#4559);
#4561=CONICAL_SURFACE('',#4560,4.E-1,2.090798047101E1);
#4563=ORIENTED_EDGE('',*,*,#4562,.F.);
#4565=ORIENTED_EDGE('',*,*,#4564,.T.);
#4567=ORIENTED_EDGE('',*,*,#4566,.T.);
#4568=ORIENTED_EDGE('',*,*,#4471,.F.);
#4569=EDGE_LOOP('',(#4563,#4565,#4567,#4568));
#4570=FACE_OUTER_BOUND('',#4569,.F.);
#4571=ADVANCED_FACE('',(#4570),#4561,.T.);
#4572=CARTESIAN_POINT('',(1.781E1,-5.59E0,0.E0));
#4573=DIRECTION('',(0.E0,1.E0,0.E0));
#4574=DIRECTION('',(1.E0,0.E0,0.E0));
#4575=AXIS2_PLACEMENT_3D('',#4572,#4573,#4574);
#4576=CONICAL_SURFACE('',#4575,4.E-1,2.090798047101E1);
#4577=ORIENTED_EDGE('',*,*,#4562,.T.);
#4578=ORIENTED_EDGE('',*,*,#4443,.T.);
#4579=ORIENTED_EDGE('',*,*,#4566,.F.);
#4581=ORIENTED_EDGE('',*,*,#4580,.F.);
#4582=EDGE_LOOP('',(#4577,#4578,#4579,#4581));
#4583=FACE_OUTER_BOUND('',#4582,.F.);
#4584=ADVANCED_FACE('',(#4583),#4576,.T.);
#4585=CARTESIAN_POINT('',(1.781E1,-6.035E0,0.E0));
#4586=DIRECTION('',(0.E0,1.E0,0.E0));
#4587=DIRECTION('',(1.E0,0.E0,0.E0));
#4588=AXIS2_PLACEMENT_3D('',#4585,#4586,#4587);
#4589=PLANE('',#4588);
#4590=ORIENTED_EDGE('',*,*,#4564,.F.);
#4591=ORIENTED_EDGE('',*,*,#4580,.T.);
#4592=EDGE_LOOP('',(#4590,#4591));
#4593=FACE_OUTER_BOUND('',#4592,.F.);
#4594=ADVANCED_FACE('',(#4593),#4589,.F.);
#4595=CARTESIAN_POINT('',(1.89E1,1.205E0,3.47E0));
#4596=DIRECTION('',(1.E0,0.E0,0.E0));
#4597=DIRECTION('',(0.E0,1.E0,0.E0));
#4598=AXIS2_PLACEMENT_3D('',#4595,#4596,#4597);
#4599=PLANE('',#4598);
#4600=ORIENTED_EDGE('',*,*,#3780,.T.);
#4601=ORIENTED_EDGE('',*,*,#3429,.T.);
#4602=ORIENTED_EDGE('',*,*,#4245,.T.);
#4603=ORIENTED_EDGE('',*,*,#4406,.T.);
#4604=EDGE_LOOP('',(#4600,#4601,#4602,#4603));
#4605=FACE_OUTER_BOUND('',#4604,.F.);
#4606=ADVANCED_FACE('',(#4605),#4599,.F.);
#4607=CARTESIAN_POINT('',(1.494E1,-1.585E0,3.47E0));
#4608=DIRECTION('',(1.E0,0.E0,0.E0));
#4609=DIRECTION('',(0.E0,1.E0,0.E0));
#4610=AXIS2_PLACEMENT_3D('',#4607,#4608,#4609);
#4611=PLANE('',#4610);
#4612=ORIENTED_EDGE('',*,*,#3378,.T.);
#4614=ORIENTED_EDGE('',*,*,#4613,.F.);
#4615=ORIENTED_EDGE('',*,*,#4257,.F.);
#4616=ORIENTED_EDGE('',*,*,#4205,.F.);
#4617=EDGE_LOOP('',(#4612,#4614,#4615,#4616));
#4618=FACE_OUTER_BOUND('',#4617,.F.);
#4619=ADVANCED_FACE('',(#4618),#4611,.F.);
#4620=CARTESIAN_POINT('',(1.494E1,-1.205E0,3.47E0));
#4621=DIRECTION('',(0.E0,1.E0,0.E0));
#4622=DIRECTION('',(-1.E0,0.E0,0.E0));
#4623=AXIS2_PLACEMENT_3D('',#4620,#4621,#4622);
#4624=PLANE('',#4623);
#4625=ORIENTED_EDGE('',*,*,#3376,.T.);
#4627=ORIENTED_EDGE('',*,*,#4626,.F.);
#4628=ORIENTED_EDGE('',*,*,#4259,.F.);
#4629=ORIENTED_EDGE('',*,*,#4613,.T.);
#4630=EDGE_LOOP('',(#4625,#4627,#4628,#4629));
#4631=FACE_OUTER_BOUND('',#4630,.F.);
#4633=ORIENTED_EDGE('',*,*,#4632,.F.);
#4635=ORIENTED_EDGE('',*,*,#4634,.F.);
#4636=EDGE_LOOP('',(#4633,#4635));
#4637=FACE_BOUND('',#4636,.F.);
#4638=ADVANCED_FACE('',(#4631,#4637),#4624,.F.);
#4639=CARTESIAN_POINT('',(1.276E1,-1.205E0,3.47E0));
#4640=DIRECTION('',(-1.E0,0.E0,0.E0));
#4641=DIRECTION('',(0.E0,-1.E0,0.E0));
#4642=AXIS2_PLACEMENT_3D('',#4639,#4640,#4641);
#4643=PLANE('',#4642);
#4644=ORIENTED_EDGE('',*,*,#3374,.F.);
#4645=ORIENTED_EDGE('',*,*,#4163,.T.);
#4646=ORIENTED_EDGE('',*,*,#4261,.T.);
#4647=ORIENTED_EDGE('',*,*,#4626,.T.);
#4648=EDGE_LOOP('',(#4644,#4645,#4646,#4647));
#4649=FACE_OUTER_BOUND('',#4648,.F.);
#4650=ADVANCED_FACE('',(#4649),#4643,.F.);
#4651=CARTESIAN_POINT('',(1.385E1,-6.9875E0,0.E0));
#4652=DIRECTION('',(0.E0,1.E0,0.E0));
#4653=DIRECTION('',(1.E0,0.E0,0.E0));
#4654=AXIS2_PLACEMENT_3D('',#4651,#4652,#4653);
#4655=CYLINDRICAL_SURFACE('',#4654,5.7E-1);
#4657=ORIENTED_EDGE('',*,*,#4656,.F.);
#4659=ORIENTED_EDGE('',*,*,#4658,.T.);
#4661=ORIENTED_EDGE('',*,*,#4660,.T.);
#4663=ORIENTED_EDGE('',*,*,#4662,.F.);
#4664=EDGE_LOOP('',(#4657,#4659,#4661,#4663));
#4665=FACE_OUTER_BOUND('',#4664,.F.);
#4666=ADVANCED_FACE('',(#4665),#4655,.T.);
#4667=CARTESIAN_POINT('',(1.385E1,-6.9875E0,0.E0));
#4668=DIRECTION('',(0.E0,1.E0,0.E0));
#4669=DIRECTION('',(1.E0,0.E0,0.E0));
#4670=AXIS2_PLACEMENT_3D('',#4667,#4668,#4669);
#4671=CYLINDRICAL_SURFACE('',#4670,5.7E-1);
#4672=ORIENTED_EDGE('',*,*,#4632,.T.);
#4674=ORIENTED_EDGE('',*,*,#4673,.F.);
#4676=ORIENTED_EDGE('',*,*,#4675,.F.);
#4678=ORIENTED_EDGE('',*,*,#4677,.T.);
#4679=EDGE_LOOP('',(#4672,#4674,#4676,#4678));
#4680=FACE_OUTER_BOUND('',#4679,.F.);
#4681=ADVANCED_FACE('',(#4680),#4671,.T.);
#4682=CARTESIAN_POINT('',(1.276E1,1.205E0,3.47E0));
#4683=DIRECTION('',(0.E0,-1.E0,0.E0));
#4684=DIRECTION('',(1.E0,0.E0,0.E0));
#4685=AXIS2_PLACEMENT_3D('',#4682,#4683,#4684);
#4686=PLANE('',#4685);
#4687=ORIENTED_EDGE('',*,*,#3789,.T.);
#4689=ORIENTED_EDGE('',*,*,#4688,.F.);
#4690=ORIENTED_EDGE('',*,*,#4379,.F.);
#4692=ORIENTED_EDGE('',*,*,#4691,.T.);
#4693=EDGE_LOOP('',(#4687,#4689,#4690,#4692));
#4694=FACE_OUTER_BOUND('',#4693,.F.);
#4695=ORIENTED_EDGE('',*,*,#4656,.T.);
#4697=ORIENTED_EDGE('',*,*,#4696,.T.);
#4698=EDGE_LOOP('',(#4695,#4697));
#4699=FACE_BOUND('',#4698,.F.);
#4700=ADVANCED_FACE('',(#4694,#4699),#4686,.F.);
#4701=CARTESIAN_POINT('',(1.385E1,-6.9875E0,0.E0));
#4702=DIRECTION('',(0.E0,1.E0,0.E0));
#4703=DIRECTION('',(1.E0,0.E0,0.E0));
#4704=AXIS2_PLACEMENT_3D('',#4701,#4702,#4703);
#4705=CYLINDRICAL_SURFACE('',#4704,5.7E-1);
#4706=ORIENTED_EDGE('',*,*,#4696,.F.);
#4707=ORIENTED_EDGE('',*,*,#4662,.T.);
#4709=ORIENTED_EDGE('',*,*,#4708,.F.);
#4710=ORIENTED_EDGE('',*,*,#4658,.F.);
#4711=EDGE_LOOP('',(#4706,#4707,#4709,#4710));
#4712=FACE_OUTER_BOUND('',#4711,.F.);
#4713=ADVANCED_FACE('',(#4712),#4705,.T.);
#4714=CARTESIAN_POINT('',(1.385E1,-6.9875E0,0.E0));
#4715=DIRECTION('',(0.E0,1.E0,0.E0));
#4716=DIRECTION('',(1.E0,0.E0,0.E0));
#4717=AXIS2_PLACEMENT_3D('',#4714,#4715,#4716);
#4718=CYLINDRICAL_SURFACE('',#4717,5.7E-1);
#4719=ORIENTED_EDGE('',*,*,#4634,.T.);
#4720=ORIENTED_EDGE('',*,*,#4677,.F.);
#4722=ORIENTED_EDGE('',*,*,#4721,.T.);
#4723=ORIENTED_EDGE('',*,*,#4673,.T.);
#4724=EDGE_LOOP('',(#4719,#4720,#4722,#4723));
#4725=FACE_OUTER_BOUND('',#4724,.F.);
#4726=ADVANCED_FACE('',(#4725),#4718,.T.);
#4727=CARTESIAN_POINT('',(1.385E1,1.257E1,0.E0));
#4728=DIRECTION('',(0.E0,-1.E0,0.E0));
#4729=DIRECTION('',(-1.E0,0.E0,0.E0));
#4730=AXIS2_PLACEMENT_3D('',#4727,#4728,#4729);
#4731=CONICAL_SURFACE('',#4730,4.E-1,2.090798047101E1);
#4733=ORIENTED_EDGE('',*,*,#4732,.F.);
#4734=ORIENTED_EDGE('',*,*,#4708,.T.);
#4736=ORIENTED_EDGE('',*,*,#4735,.T.);
#4738=ORIENTED_EDGE('',*,*,#4737,.F.);
#4739=EDGE_LOOP('',(#4733,#4734,#4736,#4738));
#4740=FACE_OUTER_BOUND('',#4739,.F.);
#4741=ADVANCED_FACE('',(#4740),#4731,.T.);
#4742=CARTESIAN_POINT('',(1.385E1,1.257E1,0.E0));
#4743=DIRECTION('',(0.E0,-1.E0,0.E0));
#4744=DIRECTION('',(-1.E0,0.E0,0.E0));
#4745=AXIS2_PLACEMENT_3D('',#4742,#4743,#4744);
#4746=CONICAL_SURFACE('',#4745,4.E-1,2.090798047101E1);
#4747=ORIENTED_EDGE('',*,*,#4732,.T.);
#4749=ORIENTED_EDGE('',*,*,#4748,.T.);
#4750=ORIENTED_EDGE('',*,*,#4735,.F.);
#4751=ORIENTED_EDGE('',*,*,#4660,.F.);
#4752=EDGE_LOOP('',(#4747,#4749,#4750,#4751));
#4753=FACE_OUTER_BOUND('',#4752,.F.);
#4754=ADVANCED_FACE('',(#4753),#4746,.T.);
#4755=CARTESIAN_POINT('',(1.385E1,1.3015E1,0.E0));
#4756=DIRECTION('',(0.E0,1.E0,0.E0));
#4757=DIRECTION('',(1.E0,0.E0,0.E0));
#4758=AXIS2_PLACEMENT_3D('',#4755,#4756,#4757);
#4759=PLANE('',#4758);
#4760=ORIENTED_EDGE('',*,*,#4737,.T.);
#4761=ORIENTED_EDGE('',*,*,#4748,.F.);
#4762=EDGE_LOOP('',(#4760,#4761));
#4763=FACE_OUTER_BOUND('',#4762,.F.);
#4764=ADVANCED_FACE('',(#4763),#4759,.T.);
#4765=CARTESIAN_POINT('',(1.385E1,-5.59E0,0.E0));
#4766=DIRECTION('',(0.E0,1.E0,0.E0));
#4767=DIRECTION('',(1.E0,0.E0,0.E0));
#4768=AXIS2_PLACEMENT_3D('',#4765,#4766,#4767);
#4769=CONICAL_SURFACE('',#4768,4.E-1,2.090798047101E1);
#4771=ORIENTED_EDGE('',*,*,#4770,.F.);
#4773=ORIENTED_EDGE('',*,*,#4772,.T.);
#4775=ORIENTED_EDGE('',*,*,#4774,.T.);
#4776=ORIENTED_EDGE('',*,*,#4721,.F.);
#4777=EDGE_LOOP('',(#4771,#4773,#4775,#4776));
#4778=FACE_OUTER_BOUND('',#4777,.F.);
#4779=ADVANCED_FACE('',(#4778),#4769,.T.);
#4780=CARTESIAN_POINT('',(1.385E1,-5.59E0,0.E0));
#4781=DIRECTION('',(0.E0,1.E0,0.E0));
#4782=DIRECTION('',(1.E0,0.E0,0.E0));
#4783=AXIS2_PLACEMENT_3D('',#4780,#4781,#4782);
#4784=CONICAL_SURFACE('',#4783,4.E-1,2.090798047101E1);
#4785=ORIENTED_EDGE('',*,*,#4770,.T.);
#4786=ORIENTED_EDGE('',*,*,#4675,.T.);
#4787=ORIENTED_EDGE('',*,*,#4774,.F.);
#4789=ORIENTED_EDGE('',*,*,#4788,.F.);
#4790=EDGE_LOOP('',(#4785,#4786,#4787,#4789));
#4791=FACE_OUTER_BOUND('',#4790,.F.);
#4792=ADVANCED_FACE('',(#4791),#4784,.T.);
#4793=CARTESIAN_POINT('',(1.385E1,-6.035E0,0.E0));
#4794=DIRECTION('',(0.E0,1.E0,0.E0));
#4795=DIRECTION('',(1.E0,0.E0,0.E0));
#4796=AXIS2_PLACEMENT_3D('',#4793,#4794,#4795);
#4797=PLANE('',#4796);
#4798=ORIENTED_EDGE('',*,*,#4772,.F.);
#4799=ORIENTED_EDGE('',*,*,#4788,.T.);
#4800=EDGE_LOOP('',(#4798,#4799));
#4801=FACE_OUTER_BOUND('',#4800,.F.);
#4802=ADVANCED_FACE('',(#4801),#4797,.F.);
#4803=CARTESIAN_POINT('',(1.494E1,1.205E0,3.47E0));
#4804=DIRECTION('',(1.E0,0.E0,0.E0));
#4805=DIRECTION('',(0.E0,1.E0,0.E0));
#4806=AXIS2_PLACEMENT_3D('',#4803,#4804,#4805);
#4807=PLANE('',#4806);
#4808=ORIENTED_EDGE('',*,*,#3787,.T.);
#4809=ORIENTED_EDGE('',*,*,#3461,.T.);
#4810=ORIENTED_EDGE('',*,*,#4381,.T.);
#4811=ORIENTED_EDGE('',*,*,#4688,.T.);
#4812=EDGE_LOOP('',(#4808,#4809,#4810,#4811));
#4813=FACE_OUTER_BOUND('',#4812,.F.);
#4814=ADVANCED_FACE('',(#4813),#4807,.F.);
#4815=CARTESIAN_POINT('',(1.276E1,1.585E0,3.47E0));
#4816=DIRECTION('',(-1.E0,0.E0,0.E0));
#4817=DIRECTION('',(0.E0,-1.E0,0.E0));
#4818=AXIS2_PLACEMENT_3D('',#4815,#4816,#4817);
#4819=PLANE('',#4818);
#4820=ORIENTED_EDGE('',*,*,#3791,.T.);
#4821=ORIENTED_EDGE('',*,*,#4691,.F.);
#4822=ORIENTED_EDGE('',*,*,#4377,.F.);
#4823=ORIENTED_EDGE('',*,*,#3509,.F.);
#4824=EDGE_LOOP('',(#4820,#4821,#4822,#4823));
#4825=FACE_OUTER_BOUND('',#4824,.F.);
#4826=ADVANCED_FACE('',(#4825),#4819,.F.);
#4827=CARTESIAN_POINT('',(1.098E1,-1.585E0,3.47E0));
#4828=DIRECTION('',(1.E0,0.E0,0.E0));
#4829=DIRECTION('',(0.E0,1.E0,0.E0));
#4830=AXIS2_PLACEMENT_3D('',#4827,#4828,#4829);
#4831=PLANE('',#4830);
#4832=ORIENTED_EDGE('',*,*,#3370,.T.);
#4834=ORIENTED_EDGE('',*,*,#4833,.F.);
#4835=ORIENTED_EDGE('',*,*,#4264,.F.);
#4836=ORIENTED_EDGE('',*,*,#4166,.F.);
#4837=EDGE_LOOP('',(#4832,#4834,#4835,#4836));
#4838=FACE_OUTER_BOUND('',#4837,.F.);
#4839=ADVANCED_FACE('',(#4838),#4831,.F.);
#4840=CARTESIAN_POINT('',(1.098E1,-1.205E0,3.47E0));
#4841=DIRECTION('',(0.E0,1.E0,0.E0));
#4842=DIRECTION('',(-1.E0,0.E0,0.E0));
#4843=AXIS2_PLACEMENT_3D('',#4840,#4841,#4842);
#4844=PLANE('',#4843);
#4845=ORIENTED_EDGE('',*,*,#3368,.T.);
#4847=ORIENTED_EDGE('',*,*,#4846,.F.);
#4848=ORIENTED_EDGE('',*,*,#4266,.F.);
#4849=ORIENTED_EDGE('',*,*,#4833,.T.);
#4850=EDGE_LOOP('',(#4845,#4847,#4848,#4849));
#4851=FACE_OUTER_BOUND('',#4850,.F.);
#4853=ORIENTED_EDGE('',*,*,#4852,.F.);
#4855=ORIENTED_EDGE('',*,*,#4854,.F.);
#4856=EDGE_LOOP('',(#4853,#4855));
#4857=FACE_BOUND('',#4856,.F.);
#4858=ADVANCED_FACE('',(#4851,#4857),#4844,.F.);
#4859=CARTESIAN_POINT('',(8.8E0,-1.205E0,3.47E0));
#4860=DIRECTION('',(-1.E0,0.E0,0.E0));
#4861=DIRECTION('',(0.E0,-1.E0,0.E0));
#4862=AXIS2_PLACEMENT_3D('',#4859,#4860,#4861);
#4863=PLANE('',#4862);
#4864=ORIENTED_EDGE('',*,*,#3366,.F.);
#4865=ORIENTED_EDGE('',*,*,#4138,.T.);
#4866=ORIENTED_EDGE('',*,*,#4268,.T.);
#4867=ORIENTED_EDGE('',*,*,#4846,.T.);
#4868=EDGE_LOOP('',(#4864,#4865,#4866,#4867));
#4869=FACE_OUTER_BOUND('',#4868,.F.);
#4870=ADVANCED_FACE('',(#4869),#4863,.F.);
#4871=CARTESIAN_POINT('',(9.89E0,-6.9875E0,0.E0));
#4872=DIRECTION('',(0.E0,1.E0,0.E0));
#4873=DIRECTION('',(1.E0,0.E0,0.E0));
#4874=AXIS2_PLACEMENT_3D('',#4871,#4872,#4873);
#4875=CYLINDRICAL_SURFACE('',#4874,5.7E-1);
#4877=ORIENTED_EDGE('',*,*,#4876,.F.);
#4879=ORIENTED_EDGE('',*,*,#4878,.T.);
#4881=ORIENTED_EDGE('',*,*,#4880,.T.);
#4883=ORIENTED_EDGE('',*,*,#4882,.F.);
#4884=EDGE_LOOP('',(#4877,#4879,#4881,#4883));
#4885=FACE_OUTER_BOUND('',#4884,.F.);
#4886=ADVANCED_FACE('',(#4885),#4875,.T.);
#4887=CARTESIAN_POINT('',(9.89E0,-6.9875E0,0.E0));
#4888=DIRECTION('',(0.E0,1.E0,0.E0));
#4889=DIRECTION('',(1.E0,0.E0,0.E0));
#4890=AXIS2_PLACEMENT_3D('',#4887,#4888,#4889);
#4891=CYLINDRICAL_SURFACE('',#4890,5.7E-1);
#4892=ORIENTED_EDGE('',*,*,#4852,.T.);
#4894=ORIENTED_EDGE('',*,*,#4893,.F.);
#4896=ORIENTED_EDGE('',*,*,#4895,.F.);
#4898=ORIENTED_EDGE('',*,*,#4897,.T.);
#4899=EDGE_LOOP('',(#4892,#4894,#4896,#4898));
#4900=FACE_OUTER_BOUND('',#4899,.F.);
#4901=ADVANCED_FACE('',(#4900),#4891,.T.);
#4902=CARTESIAN_POINT('',(8.8E0,1.205E0,3.47E0));
#4903=DIRECTION('',(0.E0,-1.E0,0.E0));
#4904=DIRECTION('',(1.E0,0.E0,0.E0));
#4905=AXIS2_PLACEMENT_3D('',#4902,#4903,#4904);
#4906=PLANE('',#4905);
#4907=ORIENTED_EDGE('',*,*,#3796,.T.);
#4909=ORIENTED_EDGE('',*,*,#4908,.F.);
#4910=ORIENTED_EDGE('',*,*,#4372,.F.);
#4912=ORIENTED_EDGE('',*,*,#4911,.T.);
#4913=EDGE_LOOP('',(#4907,#4909,#4910,#4912));
#4914=FACE_OUTER_BOUND('',#4913,.F.);
#4915=ORIENTED_EDGE('',*,*,#4876,.T.);
#4917=ORIENTED_EDGE('',*,*,#4916,.T.);
#4918=EDGE_LOOP('',(#4915,#4917));
#4919=FACE_BOUND('',#4918,.F.);
#4920=ADVANCED_FACE('',(#4914,#4919),#4906,.F.);
#4921=CARTESIAN_POINT('',(9.89E0,-6.9875E0,0.E0));
#4922=DIRECTION('',(0.E0,1.E0,0.E0));
#4923=DIRECTION('',(1.E0,0.E0,0.E0));
#4924=AXIS2_PLACEMENT_3D('',#4921,#4922,#4923);
#4925=CYLINDRICAL_SURFACE('',#4924,5.7E-1);
#4926=ORIENTED_EDGE('',*,*,#4916,.F.);
#4927=ORIENTED_EDGE('',*,*,#4882,.T.);
#4929=ORIENTED_EDGE('',*,*,#4928,.F.);
#4930=ORIENTED_EDGE('',*,*,#4878,.F.);
#4931=EDGE_LOOP('',(#4926,#4927,#4929,#4930));
#4932=FACE_OUTER_BOUND('',#4931,.F.);
#4933=ADVANCED_FACE('',(#4932),#4925,.T.);
#4934=CARTESIAN_POINT('',(9.89E0,-6.9875E0,0.E0));
#4935=DIRECTION('',(0.E0,1.E0,0.E0));
#4936=DIRECTION('',(1.E0,0.E0,0.E0));
#4937=AXIS2_PLACEMENT_3D('',#4934,#4935,#4936);
#4938=CYLINDRICAL_SURFACE('',#4937,5.7E-1);
#4939=ORIENTED_EDGE('',*,*,#4854,.T.);
#4940=ORIENTED_EDGE('',*,*,#4897,.F.);
#4942=ORIENTED_EDGE('',*,*,#4941,.T.);
#4943=ORIENTED_EDGE('',*,*,#4893,.T.);
#4944=EDGE_LOOP('',(#4939,#4940,#4942,#4943));
#4945=FACE_OUTER_BOUND('',#4944,.F.);
#4946=ADVANCED_FACE('',(#4945),#4938,.T.);
#4947=CARTESIAN_POINT('',(9.89E0,1.257E1,0.E0));
#4948=DIRECTION('',(0.E0,-1.E0,0.E0));
#4949=DIRECTION('',(-1.E0,0.E0,0.E0));
#4950=AXIS2_PLACEMENT_3D('',#4947,#4948,#4949);
#4951=CONICAL_SURFACE('',#4950,4.E-1,2.090798047101E1);
#4953=ORIENTED_EDGE('',*,*,#4952,.F.);
#4954=ORIENTED_EDGE('',*,*,#4928,.T.);
#4956=ORIENTED_EDGE('',*,*,#4955,.T.);
#4958=ORIENTED_EDGE('',*,*,#4957,.F.);
#4959=EDGE_LOOP('',(#4953,#4954,#4956,#4958));
#4960=FACE_OUTER_BOUND('',#4959,.F.);
#4961=ADVANCED_FACE('',(#4960),#4951,.T.);
#4962=CARTESIAN_POINT('',(9.89E0,1.257E1,0.E0));
#4963=DIRECTION('',(0.E0,-1.E0,0.E0));
#4964=DIRECTION('',(-1.E0,0.E0,0.E0));
#4965=AXIS2_PLACEMENT_3D('',#4962,#4963,#4964);
#4966=CONICAL_SURFACE('',#4965,4.E-1,2.090798047101E1);
#4967=ORIENTED_EDGE('',*,*,#4952,.T.);
#4969=ORIENTED_EDGE('',*,*,#4968,.T.);
#4970=ORIENTED_EDGE('',*,*,#4955,.F.);
#4971=ORIENTED_EDGE('',*,*,#4880,.F.);
#4972=EDGE_LOOP('',(#4967,#4969,#4970,#4971));
#4973=FACE_OUTER_BOUND('',#4972,.F.);
#4974=ADVANCED_FACE('',(#4973),#4966,.T.);
#4975=CARTESIAN_POINT('',(9.89E0,1.3015E1,0.E0));
#4976=DIRECTION('',(0.E0,1.E0,0.E0));
#4977=DIRECTION('',(1.E0,0.E0,0.E0));
#4978=AXIS2_PLACEMENT_3D('',#4975,#4976,#4977);
#4979=PLANE('',#4978);
#4980=ORIENTED_EDGE('',*,*,#4957,.T.);
#4981=ORIENTED_EDGE('',*,*,#4968,.F.);
#4982=EDGE_LOOP('',(#4980,#4981));
#4983=FACE_OUTER_BOUND('',#4982,.F.);
#4984=ADVANCED_FACE('',(#4983),#4979,.T.);
#4985=CARTESIAN_POINT('',(9.89E0,-5.59E0,0.E0));
#4986=DIRECTION('',(0.E0,1.E0,0.E0));
#4987=DIRECTION('',(1.E0,0.E0,0.E0));
#4988=AXIS2_PLACEMENT_3D('',#4985,#4986,#4987);
#4989=CONICAL_SURFACE('',#4988,4.E-1,2.090798047101E1);
#4991=ORIENTED_EDGE('',*,*,#4990,.F.);
#4993=ORIENTED_EDGE('',*,*,#4992,.T.);
#4995=ORIENTED_EDGE('',*,*,#4994,.T.);
#4996=ORIENTED_EDGE('',*,*,#4941,.F.);
#4997=EDGE_LOOP('',(#4991,#4993,#4995,#4996));
#4998=FACE_OUTER_BOUND('',#4997,.F.);
#4999=ADVANCED_FACE('',(#4998),#4989,.T.);
#5000=CARTESIAN_POINT('',(9.89E0,-5.59E0,0.E0));
#5001=DIRECTION('',(0.E0,1.E0,0.E0));
#5002=DIRECTION('',(1.E0,0.E0,0.E0));
#5003=AXIS2_PLACEMENT_3D('',#5000,#5001,#5002);
#5004=CONICAL_SURFACE('',#5003,4.E-1,2.090798047101E1);
#5005=ORIENTED_EDGE('',*,*,#4990,.T.);
#5006=ORIENTED_EDGE('',*,*,#4895,.T.);
#5007=ORIENTED_EDGE('',*,*,#4994,.F.);
#5009=ORIENTED_EDGE('',*,*,#5008,.F.);
#5010=EDGE_LOOP('',(#5005,#5006,#5007,#5009));
#5011=FACE_OUTER_BOUND('',#5010,.F.);
#5012=ADVANCED_FACE('',(#5011),#5004,.T.);
#5013=CARTESIAN_POINT('',(9.89E0,-6.035E0,0.E0));
#5014=DIRECTION('',(0.E0,1.E0,0.E0));
#5015=DIRECTION('',(1.E0,0.E0,0.E0));
#5016=AXIS2_PLACEMENT_3D('',#5013,#5014,#5015);
#5017=PLANE('',#5016);
#5018=ORIENTED_EDGE('',*,*,#4992,.F.);
#5019=ORIENTED_EDGE('',*,*,#5008,.T.);
#5020=EDGE_LOOP('',(#5018,#5019));
#5021=FACE_OUTER_BOUND('',#5020,.F.);
#5022=ADVANCED_FACE('',(#5021),#5017,.F.);
#5023=CARTESIAN_POINT('',(1.098E1,1.205E0,3.47E0));
#5024=DIRECTION('',(1.E0,0.E0,0.E0));
#5025=DIRECTION('',(0.E0,1.E0,0.E0));
#5026=AXIS2_PLACEMENT_3D('',#5023,#5024,#5025);
#5027=PLANE('',#5026);
#5028=ORIENTED_EDGE('',*,*,#3794,.T.);
#5029=ORIENTED_EDGE('',*,*,#3513,.T.);
#5030=ORIENTED_EDGE('',*,*,#4374,.T.);
#5031=ORIENTED_EDGE('',*,*,#4908,.T.);
#5032=EDGE_LOOP('',(#5028,#5029,#5030,#5031));
#5033=FACE_OUTER_BOUND('',#5032,.F.);
#5034=ADVANCED_FACE('',(#5033),#5027,.F.);
#5035=CARTESIAN_POINT('',(8.8E0,1.585E0,3.47E0));
#5036=DIRECTION('',(-1.E0,0.E0,0.E0));
#5037=DIRECTION('',(0.E0,-1.E0,0.E0));
#5038=AXIS2_PLACEMENT_3D('',#5035,#5036,#5037);
#5039=PLANE('',#5038);
#5040=ORIENTED_EDGE('',*,*,#3798,.T.);
#5041=ORIENTED_EDGE('',*,*,#4911,.F.);
#5042=ORIENTED_EDGE('',*,*,#4370,.F.);
#5043=ORIENTED_EDGE('',*,*,#3535,.F.);
#5044=EDGE_LOOP('',(#5040,#5041,#5042,#5043));
#5045=FACE_OUTER_BOUND('',#5044,.F.);
#5046=ADVANCED_FACE('',(#5045),#5039,.F.);
#5047=CARTESIAN_POINT('',(7.02E0,-1.585E0,3.47E0));
#5048=DIRECTION('',(1.E0,0.E0,0.E0));
#5049=DIRECTION('',(0.E0,1.E0,0.E0));
#5050=AXIS2_PLACEMENT_3D('',#5047,#5048,#5049);
#5051=PLANE('',#5050);
#5052=ORIENTED_EDGE('',*,*,#3362,.T.);
#5054=ORIENTED_EDGE('',*,*,#5053,.F.);
#5055=ORIENTED_EDGE('',*,*,#4271,.F.);
#5056=ORIENTED_EDGE('',*,*,#4141,.F.);
#5057=EDGE_LOOP('',(#5052,#5054,#5055,#5056));
#5058=FACE_OUTER_BOUND('',#5057,.F.);
#5059=ADVANCED_FACE('',(#5058),#5051,.F.);
#5060=CARTESIAN_POINT('',(7.02E0,-1.205E0,3.47E0));
#5061=DIRECTION('',(0.E0,1.E0,0.E0));
#5062=DIRECTION('',(-1.E0,0.E0,0.E0));
#5063=AXIS2_PLACEMENT_3D('',#5060,#5061,#5062);
#5064=PLANE('',#5063);
#5065=ORIENTED_EDGE('',*,*,#3360,.T.);
#5067=ORIENTED_EDGE('',*,*,#5066,.F.);
#5068=ORIENTED_EDGE('',*,*,#4273,.F.);
#5069=ORIENTED_EDGE('',*,*,#5053,.T.);
#5070=EDGE_LOOP('',(#5065,#5067,#5068,#5069));
#5071=FACE_OUTER_BOUND('',#5070,.F.);
#5073=ORIENTED_EDGE('',*,*,#5072,.F.);
#5075=ORIENTED_EDGE('',*,*,#5074,.F.);
#5076=EDGE_LOOP('',(#5073,#5075));
#5077=FACE_BOUND('',#5076,.F.);
#5078=ADVANCED_FACE('',(#5071,#5077),#5064,.F.);
#5079=CARTESIAN_POINT('',(4.84E0,-1.205E0,3.47E0));
#5080=DIRECTION('',(-1.E0,0.E0,0.E0));
#5081=DIRECTION('',(0.E0,-1.E0,0.E0));
#5082=AXIS2_PLACEMENT_3D('',#5079,#5080,#5081);
#5083=PLANE('',#5082);
#5084=ORIENTED_EDGE('',*,*,#3358,.F.);
#5085=ORIENTED_EDGE('',*,*,#4113,.T.);
#5086=ORIENTED_EDGE('',*,*,#4275,.T.);
#5087=ORIENTED_EDGE('',*,*,#5066,.T.);
#5088=EDGE_LOOP('',(#5084,#5085,#5086,#5087));
#5089=FACE_OUTER_BOUND('',#5088,.F.);
#5090=ADVANCED_FACE('',(#5089),#5083,.F.);
#5091=CARTESIAN_POINT('',(5.93E0,-6.9875E0,0.E0));
#5092=DIRECTION('',(0.E0,1.E0,0.E0));
#5093=DIRECTION('',(1.E0,0.E0,0.E0));
#5094=AXIS2_PLACEMENT_3D('',#5091,#5092,#5093);
#5095=CYLINDRICAL_SURFACE('',#5094,5.7E-1);
#5097=ORIENTED_EDGE('',*,*,#5096,.F.);
#5099=ORIENTED_EDGE('',*,*,#5098,.T.);
#5101=ORIENTED_EDGE('',*,*,#5100,.T.);
#5103=ORIENTED_EDGE('',*,*,#5102,.F.);
#5104=EDGE_LOOP('',(#5097,#5099,#5101,#5103));
#5105=FACE_OUTER_BOUND('',#5104,.F.);
#5106=ADVANCED_FACE('',(#5105),#5095,.T.);
#5107=CARTESIAN_POINT('',(5.93E0,-6.9875E0,0.E0));
#5108=DIRECTION('',(0.E0,1.E0,0.E0));
#5109=DIRECTION('',(1.E0,0.E0,0.E0));
#5110=AXIS2_PLACEMENT_3D('',#5107,#5108,#5109);
#5111=CYLINDRICAL_SURFACE('',#5110,5.7E-1);
#5112=ORIENTED_EDGE('',*,*,#5072,.T.);
#5114=ORIENTED_EDGE('',*,*,#5113,.F.);
#5116=ORIENTED_EDGE('',*,*,#5115,.F.);
#5118=ORIENTED_EDGE('',*,*,#5117,.T.);
#5119=EDGE_LOOP('',(#5112,#5114,#5116,#5118));
#5120=FACE_OUTER_BOUND('',#5119,.F.);
#5121=ADVANCED_FACE('',(#5120),#5111,.T.);
#5122=CARTESIAN_POINT('',(4.84E0,1.205E0,3.47E0));
#5123=DIRECTION('',(0.E0,-1.E0,0.E0));
#5124=DIRECTION('',(1.E0,0.E0,0.E0));
#5125=AXIS2_PLACEMENT_3D('',#5122,#5123,#5124);
#5126=PLANE('',#5125);
#5127=ORIENTED_EDGE('',*,*,#3803,.T.);
#5129=ORIENTED_EDGE('',*,*,#5128,.F.);
#5130=ORIENTED_EDGE('',*,*,#4365,.F.);
#5132=ORIENTED_EDGE('',*,*,#5131,.T.);
#5133=EDGE_LOOP('',(#5127,#5129,#5130,#5132));
#5134=FACE_OUTER_BOUND('',#5133,.F.);
#5135=ORIENTED_EDGE('',*,*,#5096,.T.);
#5137=ORIENTED_EDGE('',*,*,#5136,.T.);
#5138=EDGE_LOOP('',(#5135,#5137));
#5139=FACE_BOUND('',#5138,.F.);
#5140=ADVANCED_FACE('',(#5134,#5139),#5126,.F.);
#5141=CARTESIAN_POINT('',(5.93E0,-6.9875E0,0.E0));
#5142=DIRECTION('',(0.E0,1.E0,0.E0));
#5143=DIRECTION('',(1.E0,0.E0,0.E0));
#5144=AXIS2_PLACEMENT_3D('',#5141,#5142,#5143);
#5145=CYLINDRICAL_SURFACE('',#5144,5.7E-1);
#5146=ORIENTED_EDGE('',*,*,#5136,.F.);
#5147=ORIENTED_EDGE('',*,*,#5102,.T.);
#5149=ORIENTED_EDGE('',*,*,#5148,.F.);
#5150=ORIENTED_EDGE('',*,*,#5098,.F.);
#5151=EDGE_LOOP('',(#5146,#5147,#5149,#5150));
#5152=FACE_OUTER_BOUND('',#5151,.F.);
#5153=ADVANCED_FACE('',(#5152),#5145,.T.);
#5154=CARTESIAN_POINT('',(5.93E0,-6.9875E0,0.E0));
#5155=DIRECTION('',(0.E0,1.E0,0.E0));
#5156=DIRECTION('',(1.E0,0.E0,0.E0));
#5157=AXIS2_PLACEMENT_3D('',#5154,#5155,#5156);
#5158=CYLINDRICAL_SURFACE('',#5157,5.7E-1);
#5159=ORIENTED_EDGE('',*,*,#5074,.T.);
#5160=ORIENTED_EDGE('',*,*,#5117,.F.);
#5162=ORIENTED_EDGE('',*,*,#5161,.T.);
#5163=ORIENTED_EDGE('',*,*,#5113,.T.);
#5164=EDGE_LOOP('',(#5159,#5160,#5162,#5163));
#5165=FACE_OUTER_BOUND('',#5164,.F.);
#5166=ADVANCED_FACE('',(#5165),#5158,.T.);
#5167=CARTESIAN_POINT('',(5.93E0,1.257E1,0.E0));
#5168=DIRECTION('',(0.E0,-1.E0,0.E0));
#5169=DIRECTION('',(-1.E0,0.E0,0.E0));
#5170=AXIS2_PLACEMENT_3D('',#5167,#5168,#5169);
#5171=CONICAL_SURFACE('',#5170,4.E-1,2.090798047101E1);
#5173=ORIENTED_EDGE('',*,*,#5172,.F.);
#5174=ORIENTED_EDGE('',*,*,#5148,.T.);
#5176=ORIENTED_EDGE('',*,*,#5175,.T.);
#5178=ORIENTED_EDGE('',*,*,#5177,.F.);
#5179=EDGE_LOOP('',(#5173,#5174,#5176,#5178));
#5180=FACE_OUTER_BOUND('',#5179,.F.);
#5181=ADVANCED_FACE('',(#5180),#5171,.T.);
#5182=CARTESIAN_POINT('',(5.93E0,1.257E1,0.E0));
#5183=DIRECTION('',(0.E0,-1.E0,0.E0));
#5184=DIRECTION('',(-1.E0,0.E0,0.E0));
#5185=AXIS2_PLACEMENT_3D('',#5182,#5183,#5184);
#5186=CONICAL_SURFACE('',#5185,4.E-1,2.090798047101E1);
#5187=ORIENTED_EDGE('',*,*,#5172,.T.);
#5189=ORIENTED_EDGE('',*,*,#5188,.T.);
#5190=ORIENTED_EDGE('',*,*,#5175,.F.);
#5191=ORIENTED_EDGE('',*,*,#5100,.F.);
#5192=EDGE_LOOP('',(#5187,#5189,#5190,#5191));
#5193=FACE_OUTER_BOUND('',#5192,.F.);
#5194=ADVANCED_FACE('',(#5193),#5186,.T.);
#5195=CARTESIAN_POINT('',(5.93E0,1.3015E1,0.E0));
#5196=DIRECTION('',(0.E0,1.E0,0.E0));
#5197=DIRECTION('',(1.E0,0.E0,0.E0));
#5198=AXIS2_PLACEMENT_3D('',#5195,#5196,#5197);
#5199=PLANE('',#5198);
#5200=ORIENTED_EDGE('',*,*,#5177,.T.);
#5201=ORIENTED_EDGE('',*,*,#5188,.F.);
#5202=EDGE_LOOP('',(#5200,#5201));
#5203=FACE_OUTER_BOUND('',#5202,.F.);
#5204=ADVANCED_FACE('',(#5203),#5199,.T.);
#5205=CARTESIAN_POINT('',(5.93E0,-5.59E0,0.E0));
#5206=DIRECTION('',(0.E0,1.E0,0.E0));
#5207=DIRECTION('',(1.E0,0.E0,0.E0));
#5208=AXIS2_PLACEMENT_3D('',#5205,#5206,#5207);
#5209=CONICAL_SURFACE('',#5208,4.E-1,2.090798047101E1);
#5211=ORIENTED_EDGE('',*,*,#5210,.F.);
#5213=ORIENTED_EDGE('',*,*,#5212,.T.);
#5215=ORIENTED_EDGE('',*,*,#5214,.T.);
#5216=ORIENTED_EDGE('',*,*,#5161,.F.);
#5217=EDGE_LOOP('',(#5211,#5213,#5215,#5216));
#5218=FACE_OUTER_BOUND('',#5217,.F.);
#5219=ADVANCED_FACE('',(#5218),#5209,.T.);
#5220=CARTESIAN_POINT('',(5.93E0,-5.59E0,0.E0));
#5221=DIRECTION('',(0.E0,1.E0,0.E0));
#5222=DIRECTION('',(1.E0,0.E0,0.E0));
#5223=AXIS2_PLACEMENT_3D('',#5220,#5221,#5222);
#5224=CONICAL_SURFACE('',#5223,4.E-1,2.090798047101E1);
#5225=ORIENTED_EDGE('',*,*,#5210,.T.);
#5226=ORIENTED_EDGE('',*,*,#5115,.T.);
#5227=ORIENTED_EDGE('',*,*,#5214,.F.);
#5229=ORIENTED_EDGE('',*,*,#5228,.F.);
#5230=EDGE_LOOP('',(#5225,#5226,#5227,#5229));
#5231=FACE_OUTER_BOUND('',#5230,.F.);
#5232=ADVANCED_FACE('',(#5231),#5224,.T.);
#5233=CARTESIAN_POINT('',(5.93E0,-6.035E0,0.E0));
#5234=DIRECTION('',(0.E0,1.E0,0.E0));
#5235=DIRECTION('',(1.E0,0.E0,0.E0));
#5236=AXIS2_PLACEMENT_3D('',#5233,#5234,#5235);
#5237=PLANE('',#5236);
#5238=ORIENTED_EDGE('',*,*,#5212,.F.);
#5239=ORIENTED_EDGE('',*,*,#5228,.T.);
#5240=EDGE_LOOP('',(#5238,#5239));
#5241=FACE_OUTER_BOUND('',#5240,.F.);
#5242=ADVANCED_FACE('',(#5241),#5237,.F.);
#5243=CARTESIAN_POINT('',(7.02E0,1.205E0,3.47E0));
#5244=DIRECTION('',(1.E0,0.E0,0.E0));
#5245=DIRECTION('',(0.E0,1.E0,0.E0));
#5246=AXIS2_PLACEMENT_3D('',#5243,#5244,#5245);
#5247=PLANE('',#5246);
#5248=ORIENTED_EDGE('',*,*,#3801,.T.);
#5249=ORIENTED_EDGE('',*,*,#3539,.T.);
#5250=ORIENTED_EDGE('',*,*,#4367,.T.);
#5251=ORIENTED_EDGE('',*,*,#5128,.T.);
#5252=EDGE_LOOP('',(#5248,#5249,#5250,#5251));
#5253=FACE_OUTER_BOUND('',#5252,.F.);
#5254=ADVANCED_FACE('',(#5253),#5247,.F.);
#5255=CARTESIAN_POINT('',(4.84E0,1.585E0,3.47E0));
#5256=DIRECTION('',(-1.E0,0.E0,0.E0));
#5257=DIRECTION('',(0.E0,-1.E0,0.E0));
#5258=AXIS2_PLACEMENT_3D('',#5255,#5256,#5257);
#5259=PLANE('',#5258);
#5260=ORIENTED_EDGE('',*,*,#3805,.T.);
#5261=ORIENTED_EDGE('',*,*,#5131,.F.);
#5262=ORIENTED_EDGE('',*,*,#4363,.F.);
#5263=ORIENTED_EDGE('',*,*,#3678,.F.);
#5264=EDGE_LOOP('',(#5260,#5261,#5262,#5263));
#5265=FACE_OUTER_BOUND('',#5264,.F.);
#5266=ADVANCED_FACE('',(#5265),#5259,.F.);
#5267=CARTESIAN_POINT('',(3.06E0,-1.585E0,3.47E0));
#5268=DIRECTION('',(1.E0,0.E0,0.E0));
#5269=DIRECTION('',(0.E0,1.E0,0.E0));
#5270=AXIS2_PLACEMENT_3D('',#5267,#5268,#5269);
#5271=PLANE('',#5270);
#5272=ORIENTED_EDGE('',*,*,#3354,.T.);
#5274=ORIENTED_EDGE('',*,*,#5273,.F.);
#5275=ORIENTED_EDGE('',*,*,#4278,.F.);
#5276=ORIENTED_EDGE('',*,*,#4116,.F.);
#5277=EDGE_LOOP('',(#5272,#5274,#5275,#5276));
#5278=FACE_OUTER_BOUND('',#5277,.F.);
#5279=ADVANCED_FACE('',(#5278),#5271,.F.);
#5280=CARTESIAN_POINT('',(3.06E0,-1.205E0,3.47E0));
#5281=DIRECTION('',(0.E0,1.E0,0.E0));
#5282=DIRECTION('',(-1.E0,0.E0,0.E0));
#5283=AXIS2_PLACEMENT_3D('',#5280,#5281,#5282);
#5284=PLANE('',#5283);
#5285=ORIENTED_EDGE('',*,*,#3352,.T.);
#5287=ORIENTED_EDGE('',*,*,#5286,.F.);
#5288=ORIENTED_EDGE('',*,*,#4280,.F.);
#5289=ORIENTED_EDGE('',*,*,#5273,.T.);
#5290=EDGE_LOOP('',(#5285,#5287,#5288,#5289));
#5291=FACE_OUTER_BOUND('',#5290,.F.);
#5293=ORIENTED_EDGE('',*,*,#5292,.F.);
#5295=ORIENTED_EDGE('',*,*,#5294,.F.);
#5296=EDGE_LOOP('',(#5293,#5295));
#5297=FACE_BOUND('',#5296,.F.);
#5298=ADVANCED_FACE('',(#5291,#5297),#5284,.F.);
#5299=CARTESIAN_POINT('',(8.8E-1,-1.205E0,3.47E0));
#5300=DIRECTION('',(-1.E0,0.E0,0.E0));
#5301=DIRECTION('',(0.E0,-1.E0,0.E0));
#5302=AXIS2_PLACEMENT_3D('',#5299,#5300,#5301);
#5303=PLANE('',#5302);
#5304=ORIENTED_EDGE('',*,*,#3350,.F.);
#5305=ORIENTED_EDGE('',*,*,#4088,.T.);
#5306=ORIENTED_EDGE('',*,*,#4282,.T.);
#5307=ORIENTED_EDGE('',*,*,#5286,.T.);
#5308=EDGE_LOOP('',(#5304,#5305,#5306,#5307));
#5309=FACE_OUTER_BOUND('',#5308,.F.);
#5310=ADVANCED_FACE('',(#5309),#5303,.F.);
#5311=CARTESIAN_POINT('',(1.97E0,-6.9875E0,0.E0));
#5312=DIRECTION('',(0.E0,1.E0,0.E0));
#5313=DIRECTION('',(1.E0,0.E0,0.E0));
#5314=AXIS2_PLACEMENT_3D('',#5311,#5312,#5313);
#5315=CYLINDRICAL_SURFACE('',#5314,5.7E-1);
#5317=ORIENTED_EDGE('',*,*,#5316,.F.);
#5319=ORIENTED_EDGE('',*,*,#5318,.T.);
#5321=ORIENTED_EDGE('',*,*,#5320,.T.);
#5323=ORIENTED_EDGE('',*,*,#5322,.F.);
#5324=EDGE_LOOP('',(#5317,#5319,#5321,#5323));
#5325=FACE_OUTER_BOUND('',#5324,.F.);
#5326=ADVANCED_FACE('',(#5325),#5315,.T.);
#5327=CARTESIAN_POINT('',(1.97E0,-6.9875E0,0.E0));
#5328=DIRECTION('',(0.E0,1.E0,0.E0));
#5329=DIRECTION('',(1.E0,0.E0,0.E0));
#5330=AXIS2_PLACEMENT_3D('',#5327,#5328,#5329);
#5331=CYLINDRICAL_SURFACE('',#5330,5.7E-1);
#5332=ORIENTED_EDGE('',*,*,#5292,.T.);
#5334=ORIENTED_EDGE('',*,*,#5333,.F.);
#5336=ORIENTED_EDGE('',*,*,#5335,.F.);
#5338=ORIENTED_EDGE('',*,*,#5337,.T.);
#5339=EDGE_LOOP('',(#5332,#5334,#5336,#5338));
#5340=FACE_OUTER_BOUND('',#5339,.F.);
#5341=ADVANCED_FACE('',(#5340),#5331,.T.);
#5342=CARTESIAN_POINT('',(8.8E-1,1.205E0,3.47E0));
#5343=DIRECTION('',(0.E0,-1.E0,0.E0));
#5344=DIRECTION('',(1.E0,0.E0,0.E0));
#5345=AXIS2_PLACEMENT_3D('',#5342,#5343,#5344);
#5346=PLANE('',#5345);
#5347=ORIENTED_EDGE('',*,*,#3742,.T.);
#5349=ORIENTED_EDGE('',*,*,#5348,.F.);
#5350=ORIENTED_EDGE('',*,*,#4358,.F.);
#5352=ORIENTED_EDGE('',*,*,#5351,.T.);
#5353=EDGE_LOOP('',(#5347,#5349,#5350,#5352));
#5354=FACE_OUTER_BOUND('',#5353,.F.);
#5355=ORIENTED_EDGE('',*,*,#5316,.T.);
#5357=ORIENTED_EDGE('',*,*,#5356,.T.);
#5358=EDGE_LOOP('',(#5355,#5357));
#5359=FACE_BOUND('',#5358,.F.);
#5360=ADVANCED_FACE('',(#5354,#5359),#5346,.F.);
#5361=CARTESIAN_POINT('',(1.97E0,-6.9875E0,0.E0));
#5362=DIRECTION('',(0.E0,1.E0,0.E0));
#5363=DIRECTION('',(1.E0,0.E0,0.E0));
#5364=AXIS2_PLACEMENT_3D('',#5361,#5362,#5363);
#5365=CYLINDRICAL_SURFACE('',#5364,5.7E-1);
#5366=ORIENTED_EDGE('',*,*,#5356,.F.);
#5367=ORIENTED_EDGE('',*,*,#5322,.T.);
#5369=ORIENTED_EDGE('',*,*,#5368,.F.);
#5370=ORIENTED_EDGE('',*,*,#5318,.F.);
#5371=EDGE_LOOP('',(#5366,#5367,#5369,#5370));
#5372=FACE_OUTER_BOUND('',#5371,.F.);
#5373=ADVANCED_FACE('',(#5372),#5365,.T.);
#5374=CARTESIAN_POINT('',(1.97E0,-6.9875E0,0.E0));
#5375=DIRECTION('',(0.E0,1.E0,0.E0));
#5376=DIRECTION('',(1.E0,0.E0,0.E0));
#5377=AXIS2_PLACEMENT_3D('',#5374,#5375,#5376);
#5378=CYLINDRICAL_SURFACE('',#5377,5.7E-1);
#5379=ORIENTED_EDGE('',*,*,#5294,.T.);
#5380=ORIENTED_EDGE('',*,*,#5337,.F.);
#5382=ORIENTED_EDGE('',*,*,#5381,.T.);
#5383=ORIENTED_EDGE('',*,*,#5333,.T.);
#5384=EDGE_LOOP('',(#5379,#5380,#5382,#5383));
#5385=FACE_OUTER_BOUND('',#5384,.F.);
#5386=ADVANCED_FACE('',(#5385),#5378,.T.);
#5387=CARTESIAN_POINT('',(1.97E0,1.257E1,0.E0));
#5388=DIRECTION('',(0.E0,-1.E0,0.E0));
#5389=DIRECTION('',(-1.E0,0.E0,0.E0));
#5390=AXIS2_PLACEMENT_3D('',#5387,#5388,#5389);
#5391=CONICAL_SURFACE('',#5390,4.E-1,2.090798047101E1);
#5393=ORIENTED_EDGE('',*,*,#5392,.F.);
#5394=ORIENTED_EDGE('',*,*,#5368,.T.);
#5396=ORIENTED_EDGE('',*,*,#5395,.T.);
#5398=ORIENTED_EDGE('',*,*,#5397,.F.);
#5399=EDGE_LOOP('',(#5393,#5394,#5396,#5398));
#5400=FACE_OUTER_BOUND('',#5399,.F.);
#5401=ADVANCED_FACE('',(#5400),#5391,.T.);
#5402=CARTESIAN_POINT('',(1.97E0,1.257E1,0.E0));
#5403=DIRECTION('',(0.E0,-1.E0,0.E0));
#5404=DIRECTION('',(-1.E0,0.E0,0.E0));
#5405=AXIS2_PLACEMENT_3D('',#5402,#5403,#5404);
#5406=CONICAL_SURFACE('',#5405,4.E-1,2.090798047101E1);
#5407=ORIENTED_EDGE('',*,*,#5392,.T.);
#5409=ORIENTED_EDGE('',*,*,#5408,.T.);
#5410=ORIENTED_EDGE('',*,*,#5395,.F.);
#5411=ORIENTED_EDGE('',*,*,#5320,.F.);
#5412=EDGE_LOOP('',(#5407,#5409,#5410,#5411));
#5413=FACE_OUTER_BOUND('',#5412,.F.);
#5414=ADVANCED_FACE('',(#5413),#5406,.T.);
#5415=CARTESIAN_POINT('',(1.97E0,1.3015E1,0.E0));
#5416=DIRECTION('',(0.E0,1.E0,0.E0));
#5417=DIRECTION('',(1.E0,0.E0,0.E0));
#5418=AXIS2_PLACEMENT_3D('',#5415,#5416,#5417);
#5419=PLANE('',#5418);
#5420=ORIENTED_EDGE('',*,*,#5397,.T.);
#5421=ORIENTED_EDGE('',*,*,#5408,.F.);
#5422=EDGE_LOOP('',(#5420,#5421));
#5423=FACE_OUTER_BOUND('',#5422,.F.);
#5424=ADVANCED_FACE('',(#5423),#5419,.T.);
#5425=CARTESIAN_POINT('',(1.97E0,-5.59E0,0.E0));
#5426=DIRECTION('',(0.E0,1.E0,0.E0));
#5427=DIRECTION('',(1.E0,0.E0,0.E0));
#5428=AXIS2_PLACEMENT_3D('',#5425,#5426,#5427);
#5429=CONICAL_SURFACE('',#5428,4.E-1,2.090798047101E1);
#5431=ORIENTED_EDGE('',*,*,#5430,.F.);
#5433=ORIENTED_EDGE('',*,*,#5432,.T.);
#5435=ORIENTED_EDGE('',*,*,#5434,.T.);
#5436=ORIENTED_EDGE('',*,*,#5381,.F.);
#5437=EDGE_LOOP('',(#5431,#5433,#5435,#5436));
#5438=FACE_OUTER_BOUND('',#5437,.F.);
#5439=ADVANCED_FACE('',(#5438),#5429,.T.);
#5440=CARTESIAN_POINT('',(1.97E0,-5.59E0,0.E0));
#5441=DIRECTION('',(0.E0,1.E0,0.E0));
#5442=DIRECTION('',(1.E0,0.E0,0.E0));
#5443=AXIS2_PLACEMENT_3D('',#5440,#5441,#5442);
#5444=CONICAL_SURFACE('',#5443,4.E-1,2.090798047101E1);
#5445=ORIENTED_EDGE('',*,*,#5430,.T.);
#5446=ORIENTED_EDGE('',*,*,#5335,.T.);
#5447=ORIENTED_EDGE('',*,*,#5434,.F.);
#5449=ORIENTED_EDGE('',*,*,#5448,.F.);
#5450=EDGE_LOOP('',(#5445,#5446,#5447,#5449));
#5451=FACE_OUTER_BOUND('',#5450,.F.);
#5452=ADVANCED_FACE('',(#5451),#5444,.T.);
#5453=CARTESIAN_POINT('',(1.97E0,-6.035E0,0.E0));
#5454=DIRECTION('',(0.E0,1.E0,0.E0));
#5455=DIRECTION('',(1.E0,0.E0,0.E0));
#5456=AXIS2_PLACEMENT_3D('',#5453,#5454,#5455);
#5457=PLANE('',#5456);
#5458=ORIENTED_EDGE('',*,*,#5432,.F.);
#5459=ORIENTED_EDGE('',*,*,#5448,.T.);
#5460=EDGE_LOOP('',(#5458,#5459));
#5461=FACE_OUTER_BOUND('',#5460,.F.);
#5462=ADVANCED_FACE('',(#5461),#5457,.F.);
#5463=CARTESIAN_POINT('',(3.06E0,1.205E0,3.47E0));
#5464=DIRECTION('',(1.E0,0.E0,0.E0));
#5465=DIRECTION('',(0.E0,1.E0,0.E0));
#5466=AXIS2_PLACEMENT_3D('',#5463,#5464,#5465);
#5467=PLANE('',#5466);
#5468=ORIENTED_EDGE('',*,*,#3740,.T.);
#5469=ORIENTED_EDGE('',*,*,#3682,.T.);
#5470=ORIENTED_EDGE('',*,*,#4360,.T.);
#5471=ORIENTED_EDGE('',*,*,#5348,.T.);
#5472=EDGE_LOOP('',(#5468,#5469,#5470,#5471));
#5473=FACE_OUTER_BOUND('',#5472,.F.);
#5474=ADVANCED_FACE('',(#5473),#5467,.F.);
#5475=CARTESIAN_POINT('',(8.8E-1,1.585E0,3.47E0));
#5476=DIRECTION('',(-1.E0,0.E0,0.E0));
#5477=DIRECTION('',(0.E0,-1.E0,0.E0));
#5478=AXIS2_PLACEMENT_3D('',#5475,#5476,#5477);
#5479=PLANE('',#5478);
#5480=ORIENTED_EDGE('',*,*,#3744,.T.);
#5481=ORIENTED_EDGE('',*,*,#5351,.F.);
#5482=ORIENTED_EDGE('',*,*,#4356,.F.);
#5483=ORIENTED_EDGE('',*,*,#3561,.F.);
#5484=EDGE_LOOP('',(#5480,#5481,#5482,#5483));
#5485=FACE_OUTER_BOUND('',#5484,.F.);
#5486=ADVANCED_FACE('',(#5485),#5479,.F.);
#5487=CARTESIAN_POINT('',(-9.E-1,-1.585E0,3.47E0));
#5488=DIRECTION('',(1.E0,0.E0,0.E0));
#5489=DIRECTION('',(0.E0,1.E0,0.E0));
#5490=AXIS2_PLACEMENT_3D('',#5487,#5488,#5489);
#5491=PLANE('',#5490);
#5492=ORIENTED_EDGE('',*,*,#3346,.T.);
#5494=ORIENTED_EDGE('',*,*,#5493,.F.);
#5495=ORIENTED_EDGE('',*,*,#4285,.F.);
#5496=ORIENTED_EDGE('',*,*,#4091,.F.);
#5497=EDGE_LOOP('',(#5492,#5494,#5495,#5496));
#5498=FACE_OUTER_BOUND('',#5497,.F.);
#5499=ADVANCED_FACE('',(#5498),#5491,.F.);
#5500=CARTESIAN_POINT('',(-9.E-1,-1.205E0,3.47E0));
#5501=DIRECTION('',(0.E0,1.E0,0.E0));
#5502=DIRECTION('',(-1.E0,0.E0,0.E0));
#5503=AXIS2_PLACEMENT_3D('',#5500,#5501,#5502);
#5504=PLANE('',#5503);
#5505=ORIENTED_EDGE('',*,*,#3344,.T.);
#5507=ORIENTED_EDGE('',*,*,#5506,.F.);
#5508=ORIENTED_EDGE('',*,*,#4287,.F.);
#5509=ORIENTED_EDGE('',*,*,#5493,.T.);
#5510=EDGE_LOOP('',(#5505,#5507,#5508,#5509));
#5511=FACE_OUTER_BOUND('',#5510,.F.);
#5513=ORIENTED_EDGE('',*,*,#5512,.F.);
#5515=ORIENTED_EDGE('',*,*,#5514,.F.);
#5516=EDGE_LOOP('',(#5513,#5515));
#5517=FACE_BOUND('',#5516,.F.);
#5518=ADVANCED_FACE('',(#5511,#5517),#5504,.F.);
#5519=CARTESIAN_POINT('',(-3.08E0,-1.205E0,3.47E0));
#5520=DIRECTION('',(-1.E0,0.E0,0.E0));
#5521=DIRECTION('',(0.E0,-1.E0,0.E0));
#5522=AXIS2_PLACEMENT_3D('',#5519,#5520,#5521);
#5523=PLANE('',#5522);
#5524=ORIENTED_EDGE('',*,*,#3342,.F.);
#5525=ORIENTED_EDGE('',*,*,#4063,.T.);
#5526=ORIENTED_EDGE('',*,*,#4289,.T.);
#5527=ORIENTED_EDGE('',*,*,#5506,.T.);
#5528=EDGE_LOOP('',(#5524,#5525,#5526,#5527));
#5529=FACE_OUTER_BOUND('',#5528,.F.);
#5530=ADVANCED_FACE('',(#5529),#5523,.F.);
#5531=CARTESIAN_POINT('',(-1.99E0,-6.9875E0,0.E0));
#5532=DIRECTION('',(0.E0,1.E0,0.E0));
#5533=DIRECTION('',(1.E0,0.E0,0.E0));
#5534=AXIS2_PLACEMENT_3D('',#5531,#5532,#5533);
#5535=CYLINDRICAL_SURFACE('',#5534,5.7E-1);
#5537=ORIENTED_EDGE('',*,*,#5536,.F.);
#5539=ORIENTED_EDGE('',*,*,#5538,.T.);
#5541=ORIENTED_EDGE('',*,*,#5540,.T.);
#5543=ORIENTED_EDGE('',*,*,#5542,.F.);
#5544=EDGE_LOOP('',(#5537,#5539,#5541,#5543));
#5545=FACE_OUTER_BOUND('',#5544,.F.);
#5546=ADVANCED_FACE('',(#5545),#5535,.T.);
#5547=CARTESIAN_POINT('',(-1.99E0,-6.9875E0,0.E0));
#5548=DIRECTION('',(0.E0,1.E0,0.E0));
#5549=DIRECTION('',(1.E0,0.E0,0.E0));
#5550=AXIS2_PLACEMENT_3D('',#5547,#5548,#5549);
#5551=CYLINDRICAL_SURFACE('',#5550,5.7E-1);
#5552=ORIENTED_EDGE('',*,*,#5512,.T.);
#5554=ORIENTED_EDGE('',*,*,#5553,.F.);
#5556=ORIENTED_EDGE('',*,*,#5555,.F.);
#5558=ORIENTED_EDGE('',*,*,#5557,.T.);
#5559=EDGE_LOOP('',(#5552,#5554,#5556,#5558));
#5560=FACE_OUTER_BOUND('',#5559,.F.);
#5561=ADVANCED_FACE('',(#5560),#5551,.T.);
#5562=CARTESIAN_POINT('',(-3.08E0,1.205E0,3.47E0));
#5563=DIRECTION('',(0.E0,-1.E0,0.E0));
#5564=DIRECTION('',(1.E0,0.E0,0.E0));
#5565=AXIS2_PLACEMENT_3D('',#5562,#5563,#5564);
#5566=PLANE('',#5565);
#5567=ORIENTED_EDGE('',*,*,#3749,.T.);
#5569=ORIENTED_EDGE('',*,*,#5568,.F.);
#5570=ORIENTED_EDGE('',*,*,#4351,.F.);
#5572=ORIENTED_EDGE('',*,*,#5571,.T.);
#5573=EDGE_LOOP('',(#5567,#5569,#5570,#5572));
#5574=FACE_OUTER_BOUND('',#5573,.F.);
#5575=ORIENTED_EDGE('',*,*,#5536,.T.);
#5577=ORIENTED_EDGE('',*,*,#5576,.T.);
#5578=EDGE_LOOP('',(#5575,#5577));
#5579=FACE_BOUND('',#5578,.F.);
#5580=ADVANCED_FACE('',(#5574,#5579),#5566,.F.);
#5581=CARTESIAN_POINT('',(-1.99E0,-6.9875E0,0.E0));
#5582=DIRECTION('',(0.E0,1.E0,0.E0));
#5583=DIRECTION('',(1.E0,0.E0,0.E0));
#5584=AXIS2_PLACEMENT_3D('',#5581,#5582,#5583);
#5585=CYLINDRICAL_SURFACE('',#5584,5.7E-1);
#5586=ORIENTED_EDGE('',*,*,#5576,.F.);
#5587=ORIENTED_EDGE('',*,*,#5542,.T.);
#5589=ORIENTED_EDGE('',*,*,#5588,.F.);
#5590=ORIENTED_EDGE('',*,*,#5538,.F.);
#5591=EDGE_LOOP('',(#5586,#5587,#5589,#5590));
#5592=FACE_OUTER_BOUND('',#5591,.F.);
#5593=ADVANCED_FACE('',(#5592),#5585,.T.);
#5594=CARTESIAN_POINT('',(-1.99E0,-6.9875E0,0.E0));
#5595=DIRECTION('',(0.E0,1.E0,0.E0));
#5596=DIRECTION('',(1.E0,0.E0,0.E0));
#5597=AXIS2_PLACEMENT_3D('',#5594,#5595,#5596);
#5598=CYLINDRICAL_SURFACE('',#5597,5.7E-1);
#5599=ORIENTED_EDGE('',*,*,#5514,.T.);
#5600=ORIENTED_EDGE('',*,*,#5557,.F.);
#5602=ORIENTED_EDGE('',*,*,#5601,.T.);
#5603=ORIENTED_EDGE('',*,*,#5553,.T.);
#5604=EDGE_LOOP('',(#5599,#5600,#5602,#5603));
#5605=FACE_OUTER_BOUND('',#5604,.F.);
#5606=ADVANCED_FACE('',(#5605),#5598,.T.);
#5607=CARTESIAN_POINT('',(-1.99E0,1.257E1,0.E0));
#5608=DIRECTION('',(0.E0,-1.E0,0.E0));
#5609=DIRECTION('',(-1.E0,0.E0,0.E0));
#5610=AXIS2_PLACEMENT_3D('',#5607,#5608,#5609);
#5611=CONICAL_SURFACE('',#5610,4.E-1,2.090798047101E1);
#5613=ORIENTED_EDGE('',*,*,#5612,.F.);
#5614=ORIENTED_EDGE('',*,*,#5588,.T.);
#5616=ORIENTED_EDGE('',*,*,#5615,.T.);
#5618=ORIENTED_EDGE('',*,*,#5617,.F.);
#5619=EDGE_LOOP('',(#5613,#5614,#5616,#5618));
#5620=FACE_OUTER_BOUND('',#5619,.F.);
#5621=ADVANCED_FACE('',(#5620),#5611,.T.);
#5622=CARTESIAN_POINT('',(-1.99E0,1.257E1,0.E0));
#5623=DIRECTION('',(0.E0,-1.E0,0.E0));
#5624=DIRECTION('',(-1.E0,0.E0,0.E0));
#5625=AXIS2_PLACEMENT_3D('',#5622,#5623,#5624);
#5626=CONICAL_SURFACE('',#5625,4.E-1,2.090798047101E1);
#5627=ORIENTED_EDGE('',*,*,#5612,.T.);
#5629=ORIENTED_EDGE('',*,*,#5628,.T.);
#5630=ORIENTED_EDGE('',*,*,#5615,.F.);
#5631=ORIENTED_EDGE('',*,*,#5540,.F.);
#5632=EDGE_LOOP('',(#5627,#5629,#5630,#5631));
#5633=FACE_OUTER_BOUND('',#5632,.F.);
#5634=ADVANCED_FACE('',(#5633),#5626,.T.);
#5635=CARTESIAN_POINT('',(-1.99E0,1.3015E1,0.E0));
#5636=DIRECTION('',(0.E0,1.E0,0.E0));
#5637=DIRECTION('',(1.E0,0.E0,0.E0));
#5638=AXIS2_PLACEMENT_3D('',#5635,#5636,#5637);
#5639=PLANE('',#5638);
#5640=ORIENTED_EDGE('',*,*,#5617,.T.);
#5641=ORIENTED_EDGE('',*,*,#5628,.F.);
#5642=EDGE_LOOP('',(#5640,#5641));
#5643=FACE_OUTER_BOUND('',#5642,.F.);
#5644=ADVANCED_FACE('',(#5643),#5639,.T.);
#5645=CARTESIAN_POINT('',(-1.99E0,-5.59E0,0.E0));
#5646=DIRECTION('',(0.E0,1.E0,0.E0));
#5647=DIRECTION('',(1.E0,0.E0,0.E0));
#5648=AXIS2_PLACEMENT_3D('',#5645,#5646,#5647);
#5649=CONICAL_SURFACE('',#5648,4.E-1,2.090798047101E1);
#5651=ORIENTED_EDGE('',*,*,#5650,.F.);
#5653=ORIENTED_EDGE('',*,*,#5652,.T.);
#5655=ORIENTED_EDGE('',*,*,#5654,.T.);
#5656=ORIENTED_EDGE('',*,*,#5601,.F.);
#5657=EDGE_LOOP('',(#5651,#5653,#5655,#5656));
#5658=FACE_OUTER_BOUND('',#5657,.F.);
#5659=ADVANCED_FACE('',(#5658),#5649,.T.);
#5660=CARTESIAN_POINT('',(-1.99E0,-5.59E0,0.E0));
#5661=DIRECTION('',(0.E0,1.E0,0.E0));
#5662=DIRECTION('',(1.E0,0.E0,0.E0));
#5663=AXIS2_PLACEMENT_3D('',#5660,#5661,#5662);
#5664=CONICAL_SURFACE('',#5663,4.E-1,2.090798047101E1);
#5665=ORIENTED_EDGE('',*,*,#5650,.T.);
#5666=ORIENTED_EDGE('',*,*,#5555,.T.);
#5667=ORIENTED_EDGE('',*,*,#5654,.F.);
#5669=ORIENTED_EDGE('',*,*,#5668,.F.);
#5670=EDGE_LOOP('',(#5665,#5666,#5667,#5669));
#5671=FACE_OUTER_BOUND('',#5670,.F.);
#5672=ADVANCED_FACE('',(#5671),#5664,.T.);
#5673=CARTESIAN_POINT('',(-1.99E0,-6.035E0,0.E0));
#5674=DIRECTION('',(0.E0,1.E0,0.E0));
#5675=DIRECTION('',(1.E0,0.E0,0.E0));
#5676=AXIS2_PLACEMENT_3D('',#5673,#5674,#5675);
#5677=PLANE('',#5676);
#5678=ORIENTED_EDGE('',*,*,#5652,.F.);
#5679=ORIENTED_EDGE('',*,*,#5668,.T.);
#5680=EDGE_LOOP('',(#5678,#5679));
#5681=FACE_OUTER_BOUND('',#5680,.F.);
#5682=ADVANCED_FACE('',(#5681),#5677,.F.);
#5683=CARTESIAN_POINT('',(-9.E-1,1.205E0,3.47E0));
#5684=DIRECTION('',(1.E0,0.E0,0.E0));
#5685=DIRECTION('',(0.E0,1.E0,0.E0));
#5686=AXIS2_PLACEMENT_3D('',#5683,#5684,#5685);
#5687=PLANE('',#5686);
#5688=ORIENTED_EDGE('',*,*,#3747,.T.);
#5689=ORIENTED_EDGE('',*,*,#3565,.T.);
#5690=ORIENTED_EDGE('',*,*,#4353,.T.);
#5691=ORIENTED_EDGE('',*,*,#5568,.T.);
#5692=EDGE_LOOP('',(#5688,#5689,#5690,#5691));
#5693=FACE_OUTER_BOUND('',#5692,.F.);
#5694=ADVANCED_FACE('',(#5693),#5687,.F.);
#5695=CARTESIAN_POINT('',(-3.08E0,1.585E0,3.47E0));
#5696=DIRECTION('',(-1.E0,0.E0,0.E0));
#5697=DIRECTION('',(0.E0,-1.E0,0.E0));
#5698=AXIS2_PLACEMENT_3D('',#5695,#5696,#5697);
#5699=PLANE('',#5698);
#5700=ORIENTED_EDGE('',*,*,#3751,.T.);
#5701=ORIENTED_EDGE('',*,*,#5571,.F.);
#5702=ORIENTED_EDGE('',*,*,#4349,.F.);
#5703=ORIENTED_EDGE('',*,*,#3615,.F.);
#5704=EDGE_LOOP('',(#5700,#5701,#5702,#5703));
#5705=FACE_OUTER_BOUND('',#5704,.F.);
#5706=ADVANCED_FACE('',(#5705),#5699,.F.);
#5707=CARTESIAN_POINT('',(-4.86E0,-1.585E0,3.47E0));
#5708=DIRECTION('',(1.E0,0.E0,0.E0));
#5709=DIRECTION('',(0.E0,1.E0,0.E0));
#5710=AXIS2_PLACEMENT_3D('',#5707,#5708,#5709);
#5711=PLANE('',#5710);
#5712=ORIENTED_EDGE('',*,*,#3338,.T.);
#5714=ORIENTED_EDGE('',*,*,#5713,.F.);
#5715=ORIENTED_EDGE('',*,*,#4292,.F.);
#5716=ORIENTED_EDGE('',*,*,#4066,.F.);
#5717=EDGE_LOOP('',(#5712,#5714,#5715,#5716));
#5718=FACE_OUTER_BOUND('',#5717,.F.);
#5719=ADVANCED_FACE('',(#5718),#5711,.F.);
#5720=CARTESIAN_POINT('',(-4.86E0,-1.205E0,3.47E0));
#5721=DIRECTION('',(0.E0,1.E0,0.E0));
#5722=DIRECTION('',(-1.E0,0.E0,0.E0));
#5723=AXIS2_PLACEMENT_3D('',#5720,#5721,#5722);
#5724=PLANE('',#5723);
#5725=ORIENTED_EDGE('',*,*,#3336,.T.);
#5727=ORIENTED_EDGE('',*,*,#5726,.F.);
#5728=ORIENTED_EDGE('',*,*,#4294,.F.);
#5729=ORIENTED_EDGE('',*,*,#5713,.T.);
#5730=EDGE_LOOP('',(#5725,#5727,#5728,#5729));
#5731=FACE_OUTER_BOUND('',#5730,.F.);
#5733=ORIENTED_EDGE('',*,*,#5732,.F.);
#5735=ORIENTED_EDGE('',*,*,#5734,.F.);
#5736=EDGE_LOOP('',(#5733,#5735));
#5737=FACE_BOUND('',#5736,.F.);
#5738=ADVANCED_FACE('',(#5731,#5737),#5724,.F.);
#5739=CARTESIAN_POINT('',(-7.04E0,-1.205E0,3.47E0));
#5740=DIRECTION('',(-1.E0,0.E0,0.E0));
#5741=DIRECTION('',(0.E0,-1.E0,0.E0));
#5742=AXIS2_PLACEMENT_3D('',#5739,#5740,#5741);
#5743=PLANE('',#5742);
#5744=ORIENTED_EDGE('',*,*,#3334,.F.);
#5745=ORIENTED_EDGE('',*,*,#4038,.T.);
#5746=ORIENTED_EDGE('',*,*,#4296,.T.);
#5747=ORIENTED_EDGE('',*,*,#5726,.T.);
#5748=EDGE_LOOP('',(#5744,#5745,#5746,#5747));
#5749=FACE_OUTER_BOUND('',#5748,.F.);
#5750=ADVANCED_FACE('',(#5749),#5743,.F.);
#5751=CARTESIAN_POINT('',(-5.95E0,-6.9875E0,0.E0));
#5752=DIRECTION('',(0.E0,1.E0,0.E0));
#5753=DIRECTION('',(1.E0,0.E0,0.E0));
#5754=AXIS2_PLACEMENT_3D('',#5751,#5752,#5753);
#5755=CYLINDRICAL_SURFACE('',#5754,5.7E-1);
#5757=ORIENTED_EDGE('',*,*,#5756,.F.);
#5759=ORIENTED_EDGE('',*,*,#5758,.T.);
#5761=ORIENTED_EDGE('',*,*,#5760,.T.);
#5763=ORIENTED_EDGE('',*,*,#5762,.F.);
#5764=EDGE_LOOP('',(#5757,#5759,#5761,#5763));
#5765=FACE_OUTER_BOUND('',#5764,.F.);
#5766=ADVANCED_FACE('',(#5765),#5755,.T.);
#5767=CARTESIAN_POINT('',(-5.95E0,-6.9875E0,0.E0));
#5768=DIRECTION('',(0.E0,1.E0,0.E0));
#5769=DIRECTION('',(1.E0,0.E0,0.E0));
#5770=AXIS2_PLACEMENT_3D('',#5767,#5768,#5769);
#5771=CYLINDRICAL_SURFACE('',#5770,5.7E-1);
#5772=ORIENTED_EDGE('',*,*,#5732,.T.);
#5774=ORIENTED_EDGE('',*,*,#5773,.F.);
#5776=ORIENTED_EDGE('',*,*,#5775,.F.);
#5778=ORIENTED_EDGE('',*,*,#5777,.T.);
#5779=EDGE_LOOP('',(#5772,#5774,#5776,#5778));
#5780=FACE_OUTER_BOUND('',#5779,.F.);
#5781=ADVANCED_FACE('',(#5780),#5771,.T.);
#5782=CARTESIAN_POINT('',(-7.04E0,1.205E0,3.47E0));
#5783=DIRECTION('',(0.E0,-1.E0,0.E0));
#5784=DIRECTION('',(1.E0,0.E0,0.E0));
#5785=AXIS2_PLACEMENT_3D('',#5782,#5783,#5784);
#5786=PLANE('',#5785);
#5787=ORIENTED_EDGE('',*,*,#3756,.T.);
#5789=ORIENTED_EDGE('',*,*,#5788,.F.);
#5790=ORIENTED_EDGE('',*,*,#4344,.F.);
#5792=ORIENTED_EDGE('',*,*,#5791,.T.);
#5793=EDGE_LOOP('',(#5787,#5789,#5790,#5792));
#5794=FACE_OUTER_BOUND('',#5793,.F.);
#5795=ORIENTED_EDGE('',*,*,#5756,.T.);
#5797=ORIENTED_EDGE('',*,*,#5796,.T.);
#5798=EDGE_LOOP('',(#5795,#5797));
#5799=FACE_BOUND('',#5798,.F.);
#5800=ADVANCED_FACE('',(#5794,#5799),#5786,.F.);
#5801=CARTESIAN_POINT('',(-5.95E0,-6.9875E0,0.E0));
#5802=DIRECTION('',(0.E0,1.E0,0.E0));
#5803=DIRECTION('',(1.E0,0.E0,0.E0));
#5804=AXIS2_PLACEMENT_3D('',#5801,#5802,#5803);
#5805=CYLINDRICAL_SURFACE('',#5804,5.7E-1);
#5806=ORIENTED_EDGE('',*,*,#5796,.F.);
#5807=ORIENTED_EDGE('',*,*,#5762,.T.);
#5809=ORIENTED_EDGE('',*,*,#5808,.F.);
#5810=ORIENTED_EDGE('',*,*,#5758,.F.);
#5811=EDGE_LOOP('',(#5806,#5807,#5809,#5810));
#5812=FACE_OUTER_BOUND('',#5811,.F.);
#5813=ADVANCED_FACE('',(#5812),#5805,.T.);
#5814=CARTESIAN_POINT('',(-5.95E0,-6.9875E0,0.E0));
#5815=DIRECTION('',(0.E0,1.E0,0.E0));
#5816=DIRECTION('',(1.E0,0.E0,0.E0));
#5817=AXIS2_PLACEMENT_3D('',#5814,#5815,#5816);
#5818=CYLINDRICAL_SURFACE('',#5817,5.7E-1);
#5819=ORIENTED_EDGE('',*,*,#5734,.T.);
#5820=ORIENTED_EDGE('',*,*,#5777,.F.);
#5822=ORIENTED_EDGE('',*,*,#5821,.T.);
#5823=ORIENTED_EDGE('',*,*,#5773,.T.);
#5824=EDGE_LOOP('',(#5819,#5820,#5822,#5823));
#5825=FACE_OUTER_BOUND('',#5824,.F.);
#5826=ADVANCED_FACE('',(#5825),#5818,.T.);
#5827=CARTESIAN_POINT('',(-5.95E0,1.257E1,0.E0));
#5828=DIRECTION('',(0.E0,-1.E0,0.E0));
#5829=DIRECTION('',(-1.E0,0.E0,0.E0));
#5830=AXIS2_PLACEMENT_3D('',#5827,#5828,#5829);
#5831=CONICAL_SURFACE('',#5830,4.E-1,2.090798047101E1);
#5833=ORIENTED_EDGE('',*,*,#5832,.F.);
#5834=ORIENTED_EDGE('',*,*,#5808,.T.);
#5836=ORIENTED_EDGE('',*,*,#5835,.T.);
#5838=ORIENTED_EDGE('',*,*,#5837,.F.);
#5839=EDGE_LOOP('',(#5833,#5834,#5836,#5838));
#5840=FACE_OUTER_BOUND('',#5839,.F.);
#5841=ADVANCED_FACE('',(#5840),#5831,.T.);
#5842=CARTESIAN_POINT('',(-5.95E0,1.257E1,0.E0));
#5843=DIRECTION('',(0.E0,-1.E0,0.E0));
#5844=DIRECTION('',(-1.E0,0.E0,0.E0));
#5845=AXIS2_PLACEMENT_3D('',#5842,#5843,#5844);
#5846=CONICAL_SURFACE('',#5845,4.E-1,2.090798047101E1);
#5847=ORIENTED_EDGE('',*,*,#5832,.T.);
#5849=ORIENTED_EDGE('',*,*,#5848,.T.);
#5850=ORIENTED_EDGE('',*,*,#5835,.F.);
#5851=ORIENTED_EDGE('',*,*,#5760,.F.);
#5852=EDGE_LOOP('',(#5847,#5849,#5850,#5851));
#5853=FACE_OUTER_BOUND('',#5852,.F.);
#5854=ADVANCED_FACE('',(#5853),#5846,.T.);
#5855=CARTESIAN_POINT('',(-5.95E0,1.3015E1,0.E0));
#5856=DIRECTION('',(0.E0,1.E0,0.E0));
#5857=DIRECTION('',(1.E0,0.E0,0.E0));
#5858=AXIS2_PLACEMENT_3D('',#5855,#5856,#5857);
#5859=PLANE('',#5858);
#5860=ORIENTED_EDGE('',*,*,#5837,.T.);
#5861=ORIENTED_EDGE('',*,*,#5848,.F.);
#5862=EDGE_LOOP('',(#5860,#5861));
#5863=FACE_OUTER_BOUND('',#5862,.F.);
#5864=ADVANCED_FACE('',(#5863),#5859,.T.);
#5865=CARTESIAN_POINT('',(-5.95E0,-5.59E0,0.E0));
#5866=DIRECTION('',(0.E0,1.E0,0.E0));
#5867=DIRECTION('',(1.E0,0.E0,0.E0));
#5868=AXIS2_PLACEMENT_3D('',#5865,#5866,#5867);
#5869=CONICAL_SURFACE('',#5868,4.E-1,2.090798047101E1);
#5871=ORIENTED_EDGE('',*,*,#5870,.F.);
#5873=ORIENTED_EDGE('',*,*,#5872,.T.);
#5875=ORIENTED_EDGE('',*,*,#5874,.T.);
#5876=ORIENTED_EDGE('',*,*,#5821,.F.);
#5877=EDGE_LOOP('',(#5871,#5873,#5875,#5876));
#5878=FACE_OUTER_BOUND('',#5877,.F.);
#5879=ADVANCED_FACE('',(#5878),#5869,.T.);
#5880=CARTESIAN_POINT('',(-5.95E0,-5.59E0,0.E0));
#5881=DIRECTION('',(0.E0,1.E0,0.E0));
#5882=DIRECTION('',(1.E0,0.E0,0.E0));
#5883=AXIS2_PLACEMENT_3D('',#5880,#5881,#5882);
#5884=CONICAL_SURFACE('',#5883,4.E-1,2.090798047101E1);
#5885=ORIENTED_EDGE('',*,*,#5870,.T.);
#5886=ORIENTED_EDGE('',*,*,#5775,.T.);
#5887=ORIENTED_EDGE('',*,*,#5874,.F.);
#5889=ORIENTED_EDGE('',*,*,#5888,.F.);
#5890=EDGE_LOOP('',(#5885,#5886,#5887,#5889));
#5891=FACE_OUTER_BOUND('',#5890,.F.);
#5892=ADVANCED_FACE('',(#5891),#5884,.T.);
#5893=CARTESIAN_POINT('',(-5.95E0,-6.035E0,0.E0));
#5894=DIRECTION('',(0.E0,1.E0,0.E0));
#5895=DIRECTION('',(1.E0,0.E0,0.E0));
#5896=AXIS2_PLACEMENT_3D('',#5893,#5894,#5895);
#5897=PLANE('',#5896);
#5898=ORIENTED_EDGE('',*,*,#5872,.F.);
#5899=ORIENTED_EDGE('',*,*,#5888,.T.);
#5900=EDGE_LOOP('',(#5898,#5899));
#5901=FACE_OUTER_BOUND('',#5900,.F.);
#5902=ADVANCED_FACE('',(#5901),#5897,.F.);
#5903=CARTESIAN_POINT('',(-4.86E0,1.205E0,3.47E0));
#5904=DIRECTION('',(1.E0,0.E0,0.E0));
#5905=DIRECTION('',(0.E0,1.E0,0.E0));
#5906=AXIS2_PLACEMENT_3D('',#5903,#5904,#5905);
#5907=PLANE('',#5906);
#5908=ORIENTED_EDGE('',*,*,#3754,.T.);
#5909=ORIENTED_EDGE('',*,*,#3611,.T.);
#5910=ORIENTED_EDGE('',*,*,#4346,.T.);
#5911=ORIENTED_EDGE('',*,*,#5788,.T.);
#5912=EDGE_LOOP('',(#5908,#5909,#5910,#5911));
#5913=FACE_OUTER_BOUND('',#5912,.F.);
#5914=ADVANCED_FACE('',(#5913),#5907,.F.);
#5915=CARTESIAN_POINT('',(-7.04E0,1.585E0,3.47E0));
#5916=DIRECTION('',(-1.E0,0.E0,0.E0));
#5917=DIRECTION('',(0.E0,-1.E0,0.E0));
#5918=AXIS2_PLACEMENT_3D('',#5915,#5916,#5917);
#5919=PLANE('',#5918);
#5920=ORIENTED_EDGE('',*,*,#3758,.T.);
#5921=ORIENTED_EDGE('',*,*,#5791,.F.);
#5922=ORIENTED_EDGE('',*,*,#4342,.F.);
#5923=ORIENTED_EDGE('',*,*,#3646,.F.);
#5924=EDGE_LOOP('',(#5920,#5921,#5922,#5923));
#5925=FACE_OUTER_BOUND('',#5924,.F.);
#5926=ADVANCED_FACE('',(#5925),#5919,.F.);
#5927=CARTESIAN_POINT('',(-8.82E0,-1.585E0,3.47E0));
#5928=DIRECTION('',(1.E0,0.E0,0.E0));
#5929=DIRECTION('',(0.E0,1.E0,0.E0));
#5930=AXIS2_PLACEMENT_3D('',#5927,#5928,#5929);
#5931=PLANE('',#5930);
#5932=ORIENTED_EDGE('',*,*,#3330,.T.);
#5934=ORIENTED_EDGE('',*,*,#5933,.F.);
#5935=ORIENTED_EDGE('',*,*,#4299,.F.);
#5936=ORIENTED_EDGE('',*,*,#4041,.F.);
#5937=EDGE_LOOP('',(#5932,#5934,#5935,#5936));
#5938=FACE_OUTER_BOUND('',#5937,.F.);
#5939=ADVANCED_FACE('',(#5938),#5931,.F.);
#5940=CARTESIAN_POINT('',(-8.82E0,-1.205E0,3.47E0));
#5941=DIRECTION('',(0.E0,1.E0,0.E0));
#5942=DIRECTION('',(-1.E0,0.E0,0.E0));
#5943=AXIS2_PLACEMENT_3D('',#5940,#5941,#5942);
#5944=PLANE('',#5943);
#5945=ORIENTED_EDGE('',*,*,#3328,.T.);
#5947=ORIENTED_EDGE('',*,*,#5946,.F.);
#5948=ORIENTED_EDGE('',*,*,#4301,.F.);
#5949=ORIENTED_EDGE('',*,*,#5933,.T.);
#5950=EDGE_LOOP('',(#5945,#5947,#5948,#5949));
#5951=FACE_OUTER_BOUND('',#5950,.F.);
#5953=ORIENTED_EDGE('',*,*,#5952,.F.);
#5955=ORIENTED_EDGE('',*,*,#5954,.F.);
#5956=EDGE_LOOP('',(#5953,#5955));
#5957=FACE_BOUND('',#5956,.F.);
#5958=ADVANCED_FACE('',(#5951,#5957),#5944,.F.);
#5959=CARTESIAN_POINT('',(-1.1E1,-1.205E0,3.47E0));
#5960=DIRECTION('',(-1.E0,0.E0,0.E0));
#5961=DIRECTION('',(0.E0,-1.E0,0.E0));
#5962=AXIS2_PLACEMENT_3D('',#5959,#5960,#5961);
#5963=PLANE('',#5962);
#5964=ORIENTED_EDGE('',*,*,#3326,.F.);
#5965=ORIENTED_EDGE('',*,*,#4013,.T.);
#5966=ORIENTED_EDGE('',*,*,#4303,.T.);
#5967=ORIENTED_EDGE('',*,*,#5946,.T.);
#5968=EDGE_LOOP('',(#5964,#5965,#5966,#5967));
#5969=FACE_OUTER_BOUND('',#5968,.F.);
#5970=ADVANCED_FACE('',(#5969),#5963,.F.);
#5971=CARTESIAN_POINT('',(-9.91E0,-6.9875E0,0.E0));
#5972=DIRECTION('',(0.E0,1.E0,0.E0));
#5973=DIRECTION('',(1.E0,0.E0,0.E0));
#5974=AXIS2_PLACEMENT_3D('',#5971,#5972,#5973);
#5975=CYLINDRICAL_SURFACE('',#5974,5.7E-1);
#5977=ORIENTED_EDGE('',*,*,#5976,.F.);
#5979=ORIENTED_EDGE('',*,*,#5978,.T.);
#5981=ORIENTED_EDGE('',*,*,#5980,.T.);
#5983=ORIENTED_EDGE('',*,*,#5982,.F.);
#5984=EDGE_LOOP('',(#5977,#5979,#5981,#5983));
#5985=FACE_OUTER_BOUND('',#5984,.F.);
#5986=ADVANCED_FACE('',(#5985),#5975,.T.);
#5987=CARTESIAN_POINT('',(-9.91E0,-6.9875E0,0.E0));
#5988=DIRECTION('',(0.E0,1.E0,0.E0));
#5989=DIRECTION('',(1.E0,0.E0,0.E0));
#5990=AXIS2_PLACEMENT_3D('',#5987,#5988,#5989);
#5991=CYLINDRICAL_SURFACE('',#5990,5.7E-1);
#5992=ORIENTED_EDGE('',*,*,#5952,.T.);
#5994=ORIENTED_EDGE('',*,*,#5993,.F.);
#5996=ORIENTED_EDGE('',*,*,#5995,.F.);
#5998=ORIENTED_EDGE('',*,*,#5997,.T.);
#5999=EDGE_LOOP('',(#5992,#5994,#5996,#5998));
#6000=FACE_OUTER_BOUND('',#5999,.F.);
#6001=ADVANCED_FACE('',(#6000),#5991,.T.);
#6002=CARTESIAN_POINT('',(-1.1E1,1.205E0,3.47E0));
#6003=DIRECTION('',(0.E0,-1.E0,0.E0));
#6004=DIRECTION('',(1.E0,0.E0,0.E0));
#6005=AXIS2_PLACEMENT_3D('',#6002,#6003,#6004);
#6006=PLANE('',#6005);
#6007=ORIENTED_EDGE('',*,*,#3707,.T.);
#6009=ORIENTED_EDGE('',*,*,#6008,.F.);
#6010=ORIENTED_EDGE('',*,*,#4337,.F.);
#6012=ORIENTED_EDGE('',*,*,#6011,.T.);
#6013=EDGE_LOOP('',(#6007,#6009,#6010,#6012));
#6014=FACE_OUTER_BOUND('',#6013,.F.);
#6015=ORIENTED_EDGE('',*,*,#5976,.T.);
#6017=ORIENTED_EDGE('',*,*,#6016,.T.);
#6018=EDGE_LOOP('',(#6015,#6017));
#6019=FACE_BOUND('',#6018,.F.);
#6020=ADVANCED_FACE('',(#6014,#6019),#6006,.F.);
#6021=CARTESIAN_POINT('',(-9.91E0,-6.9875E0,0.E0));
#6022=DIRECTION('',(0.E0,1.E0,0.E0));
#6023=DIRECTION('',(1.E0,0.E0,0.E0));
#6024=AXIS2_PLACEMENT_3D('',#6021,#6022,#6023);
#6025=CYLINDRICAL_SURFACE('',#6024,5.7E-1);
#6026=ORIENTED_EDGE('',*,*,#6016,.F.);
#6027=ORIENTED_EDGE('',*,*,#5982,.T.);
#6029=ORIENTED_EDGE('',*,*,#6028,.F.);
#6030=ORIENTED_EDGE('',*,*,#5978,.F.);
#6031=EDGE_LOOP('',(#6026,#6027,#6029,#6030));
#6032=FACE_OUTER_BOUND('',#6031,.F.);
#6033=ADVANCED_FACE('',(#6032),#6025,.T.);
#6034=CARTESIAN_POINT('',(-9.91E0,-6.9875E0,0.E0));
#6035=DIRECTION('',(0.E0,1.E0,0.E0));
#6036=DIRECTION('',(1.E0,0.E0,0.E0));
#6037=AXIS2_PLACEMENT_3D('',#6034,#6035,#6036);
#6038=CYLINDRICAL_SURFACE('',#6037,5.7E-1);
#6039=ORIENTED_EDGE('',*,*,#5954,.T.);
#6040=ORIENTED_EDGE('',*,*,#5997,.F.);
#6042=ORIENTED_EDGE('',*,*,#6041,.T.);
#6043=ORIENTED_EDGE('',*,*,#5993,.T.);
#6044=EDGE_LOOP('',(#6039,#6040,#6042,#6043));
#6045=FACE_OUTER_BOUND('',#6044,.F.);
#6046=ADVANCED_FACE('',(#6045),#6038,.T.);
#6047=CARTESIAN_POINT('',(-9.91E0,1.257E1,0.E0));
#6048=DIRECTION('',(0.E0,-1.E0,0.E0));
#6049=DIRECTION('',(-1.E0,0.E0,0.E0));
#6050=AXIS2_PLACEMENT_3D('',#6047,#6048,#6049);
#6051=CONICAL_SURFACE('',#6050,4.E-1,2.090798047101E1);
#6053=ORIENTED_EDGE('',*,*,#6052,.F.);
#6054=ORIENTED_EDGE('',*,*,#6028,.T.);
#6056=ORIENTED_EDGE('',*,*,#6055,.T.);
#6058=ORIENTED_EDGE('',*,*,#6057,.F.);
#6059=EDGE_LOOP('',(#6053,#6054,#6056,#6058));
#6060=FACE_OUTER_BOUND('',#6059,.F.);
#6061=ADVANCED_FACE('',(#6060),#6051,.T.);
#6062=CARTESIAN_POINT('',(-9.91E0,1.257E1,0.E0));
#6063=DIRECTION('',(0.E0,-1.E0,0.E0));
#6064=DIRECTION('',(-1.E0,0.E0,0.E0));
#6065=AXIS2_PLACEMENT_3D('',#6062,#6063,#6064);
#6066=CONICAL_SURFACE('',#6065,4.E-1,2.090798047101E1);
#6067=ORIENTED_EDGE('',*,*,#6052,.T.);
#6069=ORIENTED_EDGE('',*,*,#6068,.T.);
#6070=ORIENTED_EDGE('',*,*,#6055,.F.);
#6071=ORIENTED_EDGE('',*,*,#5980,.F.);
#6072=EDGE_LOOP('',(#6067,#6069,#6070,#6071));
#6073=FACE_OUTER_BOUND('',#6072,.F.);
#6074=ADVANCED_FACE('',(#6073),#6066,.T.);
#6075=CARTESIAN_POINT('',(-9.91E0,1.3015E1,0.E0));
#6076=DIRECTION('',(0.E0,1.E0,0.E0));
#6077=DIRECTION('',(1.E0,0.E0,0.E0));
#6078=AXIS2_PLACEMENT_3D('',#6075,#6076,#6077);
#6079=PLANE('',#6078);
#6080=ORIENTED_EDGE('',*,*,#6057,.T.);
#6081=ORIENTED_EDGE('',*,*,#6068,.F.);
#6082=EDGE_LOOP('',(#6080,#6081));
#6083=FACE_OUTER_BOUND('',#6082,.F.);
#6084=ADVANCED_FACE('',(#6083),#6079,.T.);
#6085=CARTESIAN_POINT('',(-9.91E0,-5.59E0,0.E0));
#6086=DIRECTION('',(0.E0,1.E0,0.E0));
#6087=DIRECTION('',(1.E0,0.E0,0.E0));
#6088=AXIS2_PLACEMENT_3D('',#6085,#6086,#6087);
#6089=CONICAL_SURFACE('',#6088,4.E-1,2.090798047101E1);
#6091=ORIENTED_EDGE('',*,*,#6090,.F.);
#6093=ORIENTED_EDGE('',*,*,#6092,.T.);
#6095=ORIENTED_EDGE('',*,*,#6094,.T.);
#6096=ORIENTED_EDGE('',*,*,#6041,.F.);
#6097=EDGE_LOOP('',(#6091,#6093,#6095,#6096));
#6098=FACE_OUTER_BOUND('',#6097,.F.);
#6099=ADVANCED_FACE('',(#6098),#6089,.T.);
#6100=CARTESIAN_POINT('',(-9.91E0,-5.59E0,0.E0));
#6101=DIRECTION('',(0.E0,1.E0,0.E0));
#6102=DIRECTION('',(1.E0,0.E0,0.E0));
#6103=AXIS2_PLACEMENT_3D('',#6100,#6101,#6102);
#6104=CONICAL_SURFACE('',#6103,4.E-1,2.090798047101E1);
#6105=ORIENTED_EDGE('',*,*,#6090,.T.);
#6106=ORIENTED_EDGE('',*,*,#5995,.T.);
#6107=ORIENTED_EDGE('',*,*,#6094,.F.);
#6109=ORIENTED_EDGE('',*,*,#6108,.F.);
#6110=EDGE_LOOP('',(#6105,#6106,#6107,#6109));
#6111=FACE_OUTER_BOUND('',#6110,.F.);
#6112=ADVANCED_FACE('',(#6111),#6104,.T.);
#6113=CARTESIAN_POINT('',(-9.91E0,-6.035E0,0.E0));
#6114=DIRECTION('',(0.E0,1.E0,0.E0));
#6115=DIRECTION('',(1.E0,0.E0,0.E0));
#6116=AXIS2_PLACEMENT_3D('',#6113,#6114,#6115);
#6117=PLANE('',#6116);
#6118=ORIENTED_EDGE('',*,*,#6092,.F.);
#6119=ORIENTED_EDGE('',*,*,#6108,.T.);
#6120=EDGE_LOOP('',(#6118,#6119));
#6121=FACE_OUTER_BOUND('',#6120,.F.);
#6122=ADVANCED_FACE('',(#6121),#6117,.F.);
#6123=CARTESIAN_POINT('',(-8.82E0,1.205E0,3.47E0));
#6124=DIRECTION('',(1.E0,0.E0,0.E0));
#6125=DIRECTION('',(0.E0,1.E0,0.E0));
#6126=AXIS2_PLACEMENT_3D('',#6123,#6124,#6125);
#6127=PLANE('',#6126);
#6128=ORIENTED_EDGE('',*,*,#3705,.T.);
#6129=ORIENTED_EDGE('',*,*,#3650,.T.);
#6130=ORIENTED_EDGE('',*,*,#4339,.T.);
#6131=ORIENTED_EDGE('',*,*,#6008,.T.);
#6132=EDGE_LOOP('',(#6128,#6129,#6130,#6131));
#6133=FACE_OUTER_BOUND('',#6132,.F.);
#6134=ADVANCED_FACE('',(#6133),#6127,.F.);
#6135=CARTESIAN_POINT('',(-1.1E1,1.585E0,3.47E0));
#6136=DIRECTION('',(-1.E0,0.E0,0.E0));
#6137=DIRECTION('',(0.E0,-1.E0,0.E0));
#6138=AXIS2_PLACEMENT_3D('',#6135,#6136,#6137);
#6139=PLANE('',#6138);
#6140=ORIENTED_EDGE('',*,*,#3709,.T.);
#6141=ORIENTED_EDGE('',*,*,#6011,.F.);
#6142=ORIENTED_EDGE('',*,*,#4335,.F.);
#6143=ORIENTED_EDGE('',*,*,#3589,.F.);
#6144=EDGE_LOOP('',(#6140,#6141,#6142,#6143));
#6145=FACE_OUTER_BOUND('',#6144,.F.);
#6146=ADVANCED_FACE('',(#6145),#6139,.F.);
#6147=CARTESIAN_POINT('',(-1.278E1,-1.585E0,3.47E0));
#6148=DIRECTION('',(1.E0,0.E0,0.E0));
#6149=DIRECTION('',(0.E0,1.E0,0.E0));
#6150=AXIS2_PLACEMENT_3D('',#6147,#6148,#6149);
#6151=PLANE('',#6150);
#6152=ORIENTED_EDGE('',*,*,#3322,.T.);
#6154=ORIENTED_EDGE('',*,*,#6153,.F.);
#6155=ORIENTED_EDGE('',*,*,#4306,.F.);
#6156=ORIENTED_EDGE('',*,*,#4016,.F.);
#6157=EDGE_LOOP('',(#6152,#6154,#6155,#6156));
#6158=FACE_OUTER_BOUND('',#6157,.F.);
#6159=ADVANCED_FACE('',(#6158),#6151,.F.);
#6160=CARTESIAN_POINT('',(-1.278E1,-1.205E0,3.47E0));
#6161=DIRECTION('',(0.E0,1.E0,0.E0));
#6162=DIRECTION('',(-1.E0,0.E0,0.E0));
#6163=AXIS2_PLACEMENT_3D('',#6160,#6161,#6162);
#6164=PLANE('',#6163);
#6165=ORIENTED_EDGE('',*,*,#3320,.T.);
#6167=ORIENTED_EDGE('',*,*,#6166,.F.);
#6168=ORIENTED_EDGE('',*,*,#4308,.F.);
#6169=ORIENTED_EDGE('',*,*,#6153,.T.);
#6170=EDGE_LOOP('',(#6165,#6167,#6168,#6169));
#6171=FACE_OUTER_BOUND('',#6170,.F.);
#6173=ORIENTED_EDGE('',*,*,#6172,.F.);
#6175=ORIENTED_EDGE('',*,*,#6174,.F.);
#6176=EDGE_LOOP('',(#6173,#6175));
#6177=FACE_BOUND('',#6176,.F.);
#6178=ADVANCED_FACE('',(#6171,#6177),#6164,.F.);
#6179=CARTESIAN_POINT('',(-1.496E1,-1.205E0,3.47E0));
#6180=DIRECTION('',(-1.E0,0.E0,0.E0));
#6181=DIRECTION('',(0.E0,-1.E0,0.E0));
#6182=AXIS2_PLACEMENT_3D('',#6179,#6180,#6181);
#6183=PLANE('',#6182);
#6184=ORIENTED_EDGE('',*,*,#3318,.F.);
#6185=ORIENTED_EDGE('',*,*,#3988,.T.);
#6186=ORIENTED_EDGE('',*,*,#4310,.T.);
#6187=ORIENTED_EDGE('',*,*,#6166,.T.);
#6188=EDGE_LOOP('',(#6184,#6185,#6186,#6187));
#6189=FACE_OUTER_BOUND('',#6188,.F.);
#6190=ADVANCED_FACE('',(#6189),#6183,.F.);
#6191=CARTESIAN_POINT('',(-1.387E1,-6.9875E0,0.E0));
#6192=DIRECTION('',(0.E0,1.E0,0.E0));
#6193=DIRECTION('',(1.E0,0.E0,0.E0));
#6194=AXIS2_PLACEMENT_3D('',#6191,#6192,#6193);
#6195=CYLINDRICAL_SURFACE('',#6194,5.7E-1);
#6197=ORIENTED_EDGE('',*,*,#6196,.F.);
#6199=ORIENTED_EDGE('',*,*,#6198,.T.);
#6201=ORIENTED_EDGE('',*,*,#6200,.T.);
#6203=ORIENTED_EDGE('',*,*,#6202,.F.);
#6204=EDGE_LOOP('',(#6197,#6199,#6201,#6203));
#6205=FACE_OUTER_BOUND('',#6204,.F.);
#6206=ADVANCED_FACE('',(#6205),#6195,.T.);
#6207=CARTESIAN_POINT('',(-1.387E1,-6.9875E0,0.E0));
#6208=DIRECTION('',(0.E0,1.E0,0.E0));
#6209=DIRECTION('',(1.E0,0.E0,0.E0));
#6210=AXIS2_PLACEMENT_3D('',#6207,#6208,#6209);
#6211=CYLINDRICAL_SURFACE('',#6210,5.7E-1);
#6212=ORIENTED_EDGE('',*,*,#6172,.T.);
#6214=ORIENTED_EDGE('',*,*,#6213,.F.);
#6216=ORIENTED_EDGE('',*,*,#6215,.F.);
#6218=ORIENTED_EDGE('',*,*,#6217,.T.);
#6219=EDGE_LOOP('',(#6212,#6214,#6216,#6218));
#6220=FACE_OUTER_BOUND('',#6219,.F.);
#6221=ADVANCED_FACE('',(#6220),#6211,.T.);
#6222=CARTESIAN_POINT('',(-1.496E1,1.205E0,3.47E0));
#6223=DIRECTION('',(0.E0,-1.E0,0.E0));
#6224=DIRECTION('',(1.E0,0.E0,0.E0));
#6225=AXIS2_PLACEMENT_3D('',#6222,#6223,#6224);
#6226=PLANE('',#6225);
#6227=ORIENTED_EDGE('',*,*,#3714,.T.);
#6229=ORIENTED_EDGE('',*,*,#6228,.F.);
#6230=ORIENTED_EDGE('',*,*,#4330,.F.);
#6232=ORIENTED_EDGE('',*,*,#6231,.T.);
#6233=EDGE_LOOP('',(#6227,#6229,#6230,#6232));
#6234=FACE_OUTER_BOUND('',#6233,.F.);
#6235=ORIENTED_EDGE('',*,*,#6196,.T.);
#6237=ORIENTED_EDGE('',*,*,#6236,.T.);
#6238=EDGE_LOOP('',(#6235,#6237));
#6239=FACE_BOUND('',#6238,.F.);
#6240=ADVANCED_FACE('',(#6234,#6239),#6226,.F.);
#6241=CARTESIAN_POINT('',(-1.387E1,-6.9875E0,0.E0));
#6242=DIRECTION('',(0.E0,1.E0,0.E0));
#6243=DIRECTION('',(1.E0,0.E0,0.E0));
#6244=AXIS2_PLACEMENT_3D('',#6241,#6242,#6243);
#6245=CYLINDRICAL_SURFACE('',#6244,5.7E-1);
#6246=ORIENTED_EDGE('',*,*,#6236,.F.);
#6247=ORIENTED_EDGE('',*,*,#6202,.T.);
#6249=ORIENTED_EDGE('',*,*,#6248,.F.);
#6250=ORIENTED_EDGE('',*,*,#6198,.F.);
#6251=EDGE_LOOP('',(#6246,#6247,#6249,#6250));
#6252=FACE_OUTER_BOUND('',#6251,.F.);
#6253=ADVANCED_FACE('',(#6252),#6245,.T.);
#6254=CARTESIAN_POINT('',(-1.387E1,-6.9875E0,0.E0));
#6255=DIRECTION('',(0.E0,1.E0,0.E0));
#6256=DIRECTION('',(1.E0,0.E0,0.E0));
#6257=AXIS2_PLACEMENT_3D('',#6254,#6255,#6256);
#6258=CYLINDRICAL_SURFACE('',#6257,5.7E-1);
#6259=ORIENTED_EDGE('',*,*,#6174,.T.);
#6260=ORIENTED_EDGE('',*,*,#6217,.F.);
#6262=ORIENTED_EDGE('',*,*,#6261,.T.);
#6263=ORIENTED_EDGE('',*,*,#6213,.T.);
#6264=EDGE_LOOP('',(#6259,#6260,#6262,#6263));
#6265=FACE_OUTER_BOUND('',#6264,.F.);
#6266=ADVANCED_FACE('',(#6265),#6258,.T.);
#6267=CARTESIAN_POINT('',(-1.387E1,1.257E1,0.E0));
#6268=DIRECTION('',(0.E0,-1.E0,0.E0));
#6269=DIRECTION('',(-1.E0,0.E0,0.E0));
#6270=AXIS2_PLACEMENT_3D('',#6267,#6268,#6269);
#6271=CONICAL_SURFACE('',#6270,4.E-1,2.090798047101E1);
#6273=ORIENTED_EDGE('',*,*,#6272,.F.);
#6274=ORIENTED_EDGE('',*,*,#6248,.T.);
#6276=ORIENTED_EDGE('',*,*,#6275,.T.);
#6278=ORIENTED_EDGE('',*,*,#6277,.F.);
#6279=EDGE_LOOP('',(#6273,#6274,#6276,#6278));
#6280=FACE_OUTER_BOUND('',#6279,.F.);
#6281=ADVANCED_FACE('',(#6280),#6271,.T.);
#6282=CARTESIAN_POINT('',(-1.387E1,1.257E1,0.E0));
#6283=DIRECTION('',(0.E0,-1.E0,0.E0));
#6284=DIRECTION('',(-1.E0,0.E0,0.E0));
#6285=AXIS2_PLACEMENT_3D('',#6282,#6283,#6284);
#6286=CONICAL_SURFACE('',#6285,4.E-1,2.090798047101E1);
#6287=ORIENTED_EDGE('',*,*,#6272,.T.);
#6289=ORIENTED_EDGE('',*,*,#6288,.T.);
#6290=ORIENTED_EDGE('',*,*,#6275,.F.);
#6291=ORIENTED_EDGE('',*,*,#6200,.F.);
#6292=EDGE_LOOP('',(#6287,#6289,#6290,#6291));
#6293=FACE_OUTER_BOUND('',#6292,.F.);
#6294=ADVANCED_FACE('',(#6293),#6286,.T.);
#6295=CARTESIAN_POINT('',(-1.387E1,1.3015E1,0.E0));
#6296=DIRECTION('',(0.E0,1.E0,0.E0));
#6297=DIRECTION('',(1.E0,0.E0,0.E0));
#6298=AXIS2_PLACEMENT_3D('',#6295,#6296,#6297);
#6299=PLANE('',#6298);
#6300=ORIENTED_EDGE('',*,*,#6277,.T.);
#6301=ORIENTED_EDGE('',*,*,#6288,.F.);
#6302=EDGE_LOOP('',(#6300,#6301));
#6303=FACE_OUTER_BOUND('',#6302,.F.);
#6304=ADVANCED_FACE('',(#6303),#6299,.T.);
#6305=CARTESIAN_POINT('',(-1.387E1,-5.59E0,0.E0));
#6306=DIRECTION('',(0.E0,1.E0,0.E0));
#6307=DIRECTION('',(1.E0,0.E0,0.E0));
#6308=AXIS2_PLACEMENT_3D('',#6305,#6306,#6307);
#6309=CONICAL_SURFACE('',#6308,4.E-1,2.090798047101E1);
#6311=ORIENTED_EDGE('',*,*,#6310,.F.);
#6313=ORIENTED_EDGE('',*,*,#6312,.T.);
#6315=ORIENTED_EDGE('',*,*,#6314,.T.);
#6316=ORIENTED_EDGE('',*,*,#6261,.F.);
#6317=EDGE_LOOP('',(#6311,#6313,#6315,#6316));
#6318=FACE_OUTER_BOUND('',#6317,.F.);
#6319=ADVANCED_FACE('',(#6318),#6309,.T.);
#6320=CARTESIAN_POINT('',(-1.387E1,-5.59E0,0.E0));
#6321=DIRECTION('',(0.E0,1.E0,0.E0));
#6322=DIRECTION('',(1.E0,0.E0,0.E0));
#6323=AXIS2_PLACEMENT_3D('',#6320,#6321,#6322);
#6324=CONICAL_SURFACE('',#6323,4.E-1,2.090798047101E1);
#6325=ORIENTED_EDGE('',*,*,#6310,.T.);
#6326=ORIENTED_EDGE('',*,*,#6215,.T.);
#6327=ORIENTED_EDGE('',*,*,#6314,.F.);
#6329=ORIENTED_EDGE('',*,*,#6328,.F.);
#6330=EDGE_LOOP('',(#6325,#6326,#6327,#6329));
#6331=FACE_OUTER_BOUND('',#6330,.F.);
#6332=ADVANCED_FACE('',(#6331),#6324,.T.);
#6333=CARTESIAN_POINT('',(-1.387E1,-6.035E0,0.E0));
#6334=DIRECTION('',(0.E0,1.E0,0.E0));
#6335=DIRECTION('',(1.E0,0.E0,0.E0));
#6336=AXIS2_PLACEMENT_3D('',#6333,#6334,#6335);
#6337=PLANE('',#6336);
#6338=ORIENTED_EDGE('',*,*,#6312,.F.);
#6339=ORIENTED_EDGE('',*,*,#6328,.T.);
#6340=EDGE_LOOP('',(#6338,#6339));
#6341=FACE_OUTER_BOUND('',#6340,.F.);
#6342=ADVANCED_FACE('',(#6341),#6337,.F.);
#6343=CARTESIAN_POINT('',(-1.278E1,1.205E0,3.47E0));
#6344=DIRECTION('',(1.E0,0.E0,0.E0));
#6345=DIRECTION('',(0.E0,1.E0,0.E0));
#6346=AXIS2_PLACEMENT_3D('',#6343,#6344,#6345);
#6347=PLANE('',#6346);
#6348=ORIENTED_EDGE('',*,*,#3712,.T.);
#6349=ORIENTED_EDGE('',*,*,#3585,.T.);
#6350=ORIENTED_EDGE('',*,*,#4332,.T.);
#6351=ORIENTED_EDGE('',*,*,#6228,.T.);
#6352=EDGE_LOOP('',(#6348,#6349,#6350,#6351));
#6353=FACE_OUTER_BOUND('',#6352,.F.);
#6354=ADVANCED_FACE('',(#6353),#6347,.F.);
#6355=CARTESIAN_POINT('',(-1.496E1,1.585E0,3.47E0));
#6356=DIRECTION('',(-1.E0,0.E0,0.E0));
#6357=DIRECTION('',(0.E0,-1.E0,0.E0));
#6358=AXIS2_PLACEMENT_3D('',#6355,#6356,#6357);
#6359=PLANE('',#6358);
#6360=ORIENTED_EDGE('',*,*,#3716,.T.);
#6361=ORIENTED_EDGE('',*,*,#6231,.F.);
#6362=ORIENTED_EDGE('',*,*,#4328,.F.);
#6363=ORIENTED_EDGE('',*,*,#3485,.F.);
#6364=EDGE_LOOP('',(#6360,#6361,#6362,#6363));
#6365=FACE_OUTER_BOUND('',#6364,.F.);
#6366=ADVANCED_FACE('',(#6365),#6359,.F.);
#6367=CARTESIAN_POINT('',(-1.674E1,-1.585E0,3.47E0));
#6368=DIRECTION('',(1.E0,0.E0,0.E0));
#6369=DIRECTION('',(0.E0,1.E0,0.E0));
#6370=AXIS2_PLACEMENT_3D('',#6367,#6368,#6369);
#6371=PLANE('',#6370);
#6372=ORIENTED_EDGE('',*,*,#3314,.T.);
#6374=ORIENTED_EDGE('',*,*,#6373,.F.);
#6375=ORIENTED_EDGE('',*,*,#4313,.F.);
#6376=ORIENTED_EDGE('',*,*,#3991,.F.);
#6377=EDGE_LOOP('',(#6372,#6374,#6375,#6376));
#6378=FACE_OUTER_BOUND('',#6377,.F.);
#6379=ADVANCED_FACE('',(#6378),#6371,.F.);
#6380=CARTESIAN_POINT('',(-1.674E1,-1.205E0,3.47E0));
#6381=DIRECTION('',(0.E0,1.E0,0.E0));
#6382=DIRECTION('',(-1.E0,0.E0,0.E0));
#6383=AXIS2_PLACEMENT_3D('',#6380,#6381,#6382);
#6384=PLANE('',#6383);
#6385=ORIENTED_EDGE('',*,*,#3312,.T.);
#6386=ORIENTED_EDGE('',*,*,#4231,.F.);
#6387=ORIENTED_EDGE('',*,*,#4315,.F.);
#6388=ORIENTED_EDGE('',*,*,#6373,.T.);
#6389=EDGE_LOOP('',(#6385,#6386,#6387,#6388));
#6390=FACE_OUTER_BOUND('',#6389,.F.);
#6392=ORIENTED_EDGE('',*,*,#6391,.F.);
#6394=ORIENTED_EDGE('',*,*,#6393,.F.);
#6395=EDGE_LOOP('',(#6392,#6394));
#6396=FACE_BOUND('',#6395,.F.);
#6397=ADVANCED_FACE('',(#6390,#6396),#6384,.F.);
#6398=CARTESIAN_POINT('',(-1.783E1,-6.9875E0,0.E0));
#6399=DIRECTION('',(0.E0,1.E0,0.E0));
#6400=DIRECTION('',(1.E0,0.E0,0.E0));
#6401=AXIS2_PLACEMENT_3D('',#6398,#6399,#6400);
#6402=CYLINDRICAL_SURFACE('',#6401,5.7E-1);
#6404=ORIENTED_EDGE('',*,*,#6403,.F.);
#6406=ORIENTED_EDGE('',*,*,#6405,.T.);
#6408=ORIENTED_EDGE('',*,*,#6407,.T.);
#6410=ORIENTED_EDGE('',*,*,#6409,.F.);
#6411=EDGE_LOOP('',(#6404,#6406,#6408,#6410));
#6412=FACE_OUTER_BOUND('',#6411,.F.);
#6413=ADVANCED_FACE('',(#6412),#6402,.T.);
#6414=CARTESIAN_POINT('',(-1.783E1,-6.9875E0,0.E0));
#6415=DIRECTION('',(0.E0,1.E0,0.E0));
#6416=DIRECTION('',(1.E0,0.E0,0.E0));
#6417=AXIS2_PLACEMENT_3D('',#6414,#6415,#6416);
#6418=CYLINDRICAL_SURFACE('',#6417,5.7E-1);
#6419=ORIENTED_EDGE('',*,*,#6391,.T.);
#6421=ORIENTED_EDGE('',*,*,#6420,.F.);
#6423=ORIENTED_EDGE('',*,*,#6422,.F.);
#6425=ORIENTED_EDGE('',*,*,#6424,.T.);
#6426=EDGE_LOOP('',(#6419,#6421,#6423,#6425));
#6427=FACE_OUTER_BOUND('',#6426,.F.);
#6428=ADVANCED_FACE('',(#6427),#6418,.T.);
#6429=CARTESIAN_POINT('',(-1.892E1,1.205E0,3.47E0));
#6430=DIRECTION('',(0.E0,-1.E0,0.E0));
#6431=DIRECTION('',(1.E0,0.E0,0.E0));
#6432=AXIS2_PLACEMENT_3D('',#6429,#6430,#6431);
#6433=PLANE('',#6432);
#6434=ORIENTED_EDGE('',*,*,#3721,.T.);
#6436=ORIENTED_EDGE('',*,*,#6435,.F.);
#6437=ORIENTED_EDGE('',*,*,#4323,.F.);
#6439=ORIENTED_EDGE('',*,*,#6438,.T.);
#6440=EDGE_LOOP('',(#6434,#6436,#6437,#6439));
#6441=FACE_OUTER_BOUND('',#6440,.F.);
#6442=ORIENTED_EDGE('',*,*,#6403,.T.);
#6444=ORIENTED_EDGE('',*,*,#6443,.T.);
#6445=EDGE_LOOP('',(#6442,#6444));
#6446=FACE_BOUND('',#6445,.F.);
#6447=ADVANCED_FACE('',(#6441,#6446),#6433,.F.);
#6448=CARTESIAN_POINT('',(-1.783E1,-6.9875E0,0.E0));
#6449=DIRECTION('',(0.E0,1.E0,0.E0));
#6450=DIRECTION('',(1.E0,0.E0,0.E0));
#6451=AXIS2_PLACEMENT_3D('',#6448,#6449,#6450);
#6452=CYLINDRICAL_SURFACE('',#6451,5.7E-1);
#6453=ORIENTED_EDGE('',*,*,#6443,.F.);
#6454=ORIENTED_EDGE('',*,*,#6409,.T.);
#6456=ORIENTED_EDGE('',*,*,#6455,.F.);
#6457=ORIENTED_EDGE('',*,*,#6405,.F.);
#6458=EDGE_LOOP('',(#6453,#6454,#6456,#6457));
#6459=FACE_OUTER_BOUND('',#6458,.F.);
#6460=ADVANCED_FACE('',(#6459),#6452,.T.);
#6461=CARTESIAN_POINT('',(-1.783E1,-6.9875E0,0.E0));
#6462=DIRECTION('',(0.E0,1.E0,0.E0));
#6463=DIRECTION('',(1.E0,0.E0,0.E0));
#6464=AXIS2_PLACEMENT_3D('',#6461,#6462,#6463);
#6465=CYLINDRICAL_SURFACE('',#6464,5.7E-1);
#6466=ORIENTED_EDGE('',*,*,#6393,.T.);
#6467=ORIENTED_EDGE('',*,*,#6424,.F.);
#6469=ORIENTED_EDGE('',*,*,#6468,.T.);
#6470=ORIENTED_EDGE('',*,*,#6420,.T.);
#6471=EDGE_LOOP('',(#6466,#6467,#6469,#6470));
#6472=FACE_OUTER_BOUND('',#6471,.F.);
#6473=ADVANCED_FACE('',(#6472),#6465,.T.);
#6474=CARTESIAN_POINT('',(-1.783E1,1.257E1,0.E0));
#6475=DIRECTION('',(0.E0,-1.E0,0.E0));
#6476=DIRECTION('',(-1.E0,0.E0,0.E0));
#6477=AXIS2_PLACEMENT_3D('',#6474,#6475,#6476);
#6478=CONICAL_SURFACE('',#6477,4.E-1,2.090798047101E1);
#6480=ORIENTED_EDGE('',*,*,#6479,.F.);
#6481=ORIENTED_EDGE('',*,*,#6455,.T.);
#6483=ORIENTED_EDGE('',*,*,#6482,.T.);
#6485=ORIENTED_EDGE('',*,*,#6484,.F.);
#6486=EDGE_LOOP('',(#6480,#6481,#6483,#6485));
#6487=FACE_OUTER_BOUND('',#6486,.F.);
#6488=ADVANCED_FACE('',(#6487),#6478,.T.);
#6489=CARTESIAN_POINT('',(-1.783E1,1.257E1,0.E0));
#6490=DIRECTION('',(0.E0,-1.E0,0.E0));
#6491=DIRECTION('',(-1.E0,0.E0,0.E0));
#6492=AXIS2_PLACEMENT_3D('',#6489,#6490,#6491);
#6493=CONICAL_SURFACE('',#6492,4.E-1,2.090798047101E1);
#6494=ORIENTED_EDGE('',*,*,#6479,.T.);
#6496=ORIENTED_EDGE('',*,*,#6495,.T.);
#6497=ORIENTED_EDGE('',*,*,#6482,.F.);
#6498=ORIENTED_EDGE('',*,*,#6407,.F.);
#6499=EDGE_LOOP('',(#6494,#6496,#6497,#6498));
#6500=FACE_OUTER_BOUND('',#6499,.F.);
#6501=ADVANCED_FACE('',(#6500),#6493,.T.);
#6502=CARTESIAN_POINT('',(-1.783E1,1.3015E1,0.E0));
#6503=DIRECTION('',(0.E0,1.E0,0.E0));
#6504=DIRECTION('',(1.E0,0.E0,0.E0));
#6505=AXIS2_PLACEMENT_3D('',#6502,#6503,#6504);
#6506=PLANE('',#6505);
#6507=ORIENTED_EDGE('',*,*,#6484,.T.);
#6508=ORIENTED_EDGE('',*,*,#6495,.F.);
#6509=EDGE_LOOP('',(#6507,#6508));
#6510=FACE_OUTER_BOUND('',#6509,.F.);
#6511=ADVANCED_FACE('',(#6510),#6506,.T.);
#6512=CARTESIAN_POINT('',(-1.783E1,-5.59E0,0.E0));
#6513=DIRECTION('',(0.E0,1.E0,0.E0));
#6514=DIRECTION('',(1.E0,0.E0,0.E0));
#6515=AXIS2_PLACEMENT_3D('',#6512,#6513,#6514);
#6516=CONICAL_SURFACE('',#6515,4.E-1,2.090798047101E1);
#6518=ORIENTED_EDGE('',*,*,#6517,.F.);
#6520=ORIENTED_EDGE('',*,*,#6519,.T.);
#6522=ORIENTED_EDGE('',*,*,#6521,.T.);
#6523=ORIENTED_EDGE('',*,*,#6468,.F.);
#6524=EDGE_LOOP('',(#6518,#6520,#6522,#6523));
#6525=FACE_OUTER_BOUND('',#6524,.F.);
#6526=ADVANCED_FACE('',(#6525),#6516,.T.);
#6527=CARTESIAN_POINT('',(-1.783E1,-5.59E0,0.E0));
#6528=DIRECTION('',(0.E0,1.E0,0.E0));
#6529=DIRECTION('',(1.E0,0.E0,0.E0));
#6530=AXIS2_PLACEMENT_3D('',#6527,#6528,#6529);
#6531=CONICAL_SURFACE('',#6530,4.E-1,2.090798047101E1);
#6532=ORIENTED_EDGE('',*,*,#6517,.T.);
#6533=ORIENTED_EDGE('',*,*,#6422,.T.);
#6534=ORIENTED_EDGE('',*,*,#6521,.F.);
#6536=ORIENTED_EDGE('',*,*,#6535,.F.);
#6537=EDGE_LOOP('',(#6532,#6533,#6534,#6536));
#6538=FACE_OUTER_BOUND('',#6537,.F.);
#6539=ADVANCED_FACE('',(#6538),#6531,.T.);
#6540=CARTESIAN_POINT('',(-1.783E1,-6.035E0,0.E0));
#6541=DIRECTION('',(0.E0,1.E0,0.E0));
#6542=DIRECTION('',(1.E0,0.E0,0.E0));
#6543=AXIS2_PLACEMENT_3D('',#6540,#6541,#6542);
#6544=PLANE('',#6543);
#6545=ORIENTED_EDGE('',*,*,#6519,.F.);
#6546=ORIENTED_EDGE('',*,*,#6535,.T.);
#6547=EDGE_LOOP('',(#6545,#6546));
#6548=FACE_OUTER_BOUND('',#6547,.F.);
#6549=ADVANCED_FACE('',(#6548),#6544,.F.);
#6550=CARTESIAN_POINT('',(-1.674E1,1.205E0,3.47E0));
#6551=DIRECTION('',(1.E0,0.E0,0.E0));
#6552=DIRECTION('',(0.E0,1.E0,0.E0));
#6553=AXIS2_PLACEMENT_3D('',#6550,#6551,#6552);
#6554=PLANE('',#6553);
#6555=ORIENTED_EDGE('',*,*,#3481,.T.);
#6556=ORIENTED_EDGE('',*,*,#4325,.T.);
#6557=ORIENTED_EDGE('',*,*,#6435,.T.);
#6558=ORIENTED_EDGE('',*,*,#3719,.T.);
#6559=EDGE_LOOP('',(#6555,#6556,#6557,#6558));
#6560=FACE_OUTER_BOUND('',#6559,.F.);
#6561=ADVANCED_FACE('',(#6560),#6554,.F.);
#6562=CARTESIAN_POINT('',(-1.892E1,1.585E0,3.47E0));
#6563=DIRECTION('',(-1.E0,0.E0,0.E0));
#6564=DIRECTION('',(0.E0,-1.E0,0.E0));
#6565=AXIS2_PLACEMENT_3D('',#6562,#6563,#6564);
#6566=PLANE('',#6565);
#6567=ORIENTED_EDGE('',*,*,#3443,.F.);
#6568=ORIENTED_EDGE('',*,*,#3723,.T.);
#6569=ORIENTED_EDGE('',*,*,#6438,.F.);
#6570=ORIENTED_EDGE('',*,*,#4321,.F.);
#6571=EDGE_LOOP('',(#6567,#6568,#6569,#6570));
#6572=FACE_OUTER_BOUND('',#6571,.F.);
#6573=ADVANCED_FACE('',(#6572),#6566,.F.);
#6574=CARTESIAN_POINT('',(-1.636E1,1.585E0,-1.5E0));
#6575=DIRECTION('',(-1.E0,0.E0,0.E0));
#6576=DIRECTION('',(0.E0,0.E0,1.E0));
#6577=AXIS2_PLACEMENT_3D('',#6574,#6575,#6576);
#6578=PLANE('',#6577);
#6579=ORIENTED_EDGE('',*,*,#3997,.T.);
#6581=ORIENTED_EDGE('',*,*,#6580,.F.);
#6582=ORIENTED_EDGE('',*,*,#3491,.F.);
#6584=ORIENTED_EDGE('',*,*,#6583,.T.);
#6585=EDGE_LOOP('',(#6579,#6581,#6582,#6584));
#6586=FACE_OUTER_BOUND('',#6585,.F.);
#6587=ADVANCED_FACE('',(#6586),#6578,.F.);
#6588=CARTESIAN_POINT('',(-1.636E1,1.585E0,1.5E0));
#6589=DIRECTION('',(0.E0,0.E0,1.E0));
#6590=DIRECTION('',(1.E0,0.E0,0.E0));
#6591=AXIS2_PLACEMENT_3D('',#6588,#6589,#6590);
#6592=PLANE('',#6591);
#6593=ORIENTED_EDGE('',*,*,#4003,.T.);
#6595=ORIENTED_EDGE('',*,*,#6594,.F.);
#6596=ORIENTED_EDGE('',*,*,#3493,.F.);
#6597=ORIENTED_EDGE('',*,*,#6580,.T.);
#6598=EDGE_LOOP('',(#6593,#6595,#6596,#6597));
#6599=FACE_OUTER_BOUND('',#6598,.F.);
#6600=ADVANCED_FACE('',(#6599),#6592,.F.);
#6601=CARTESIAN_POINT('',(-1.534E1,1.585E0,1.5E0));
#6602=DIRECTION('',(1.E0,0.E0,0.E0));
#6603=DIRECTION('',(0.E0,0.E0,-1.E0));
#6604=AXIS2_PLACEMENT_3D('',#6601,#6602,#6603);
#6605=PLANE('',#6604);
#6606=ORIENTED_EDGE('',*,*,#4001,.T.);
#6608=ORIENTED_EDGE('',*,*,#6607,.F.);
#6609=ORIENTED_EDGE('',*,*,#3495,.F.);
#6610=ORIENTED_EDGE('',*,*,#6594,.T.);
#6611=EDGE_LOOP('',(#6606,#6608,#6609,#6610));
#6612=FACE_OUTER_BOUND('',#6611,.F.);
#6613=ADVANCED_FACE('',(#6612),#6605,.F.);
#6614=CARTESIAN_POINT('',(-1.534E1,1.585E0,-1.5E0));
#6615=DIRECTION('',(0.E0,0.E0,-1.E0));
#6616=DIRECTION('',(-1.E0,0.E0,0.E0));
#6617=AXIS2_PLACEMENT_3D('',#6614,#6615,#6616);
#6618=PLANE('',#6617);
#6619=ORIENTED_EDGE('',*,*,#3999,.T.);
#6620=ORIENTED_EDGE('',*,*,#6583,.F.);
#6621=ORIENTED_EDGE('',*,*,#3497,.F.);
#6622=ORIENTED_EDGE('',*,*,#6607,.T.);
#6623=EDGE_LOOP('',(#6619,#6620,#6621,#6622));
#6624=FACE_OUTER_BOUND('',#6623,.F.);
#6625=ADVANCED_FACE('',(#6624),#6618,.F.);
#6626=CARTESIAN_POINT('',(-1.24E1,1.585E0,-1.5E0));
#6627=DIRECTION('',(-1.E0,0.E0,0.E0));
#6628=DIRECTION('',(0.E0,0.E0,1.E0));
#6629=AXIS2_PLACEMENT_3D('',#6626,#6627,#6628);
#6630=PLANE('',#6629);
#6631=ORIENTED_EDGE('',*,*,#4022,.T.);
#6633=ORIENTED_EDGE('',*,*,#6632,.F.);
#6634=ORIENTED_EDGE('',*,*,#3595,.F.);
#6636=ORIENTED_EDGE('',*,*,#6635,.T.);
#6637=EDGE_LOOP('',(#6631,#6633,#6634,#6636));
#6638=FACE_OUTER_BOUND('',#6637,.F.);
#6639=ADVANCED_FACE('',(#6638),#6630,.F.);
#6640=CARTESIAN_POINT('',(-1.24E1,1.585E0,1.5E0));
#6641=DIRECTION('',(0.E0,0.E0,1.E0));
#6642=DIRECTION('',(1.E0,0.E0,0.E0));
#6643=AXIS2_PLACEMENT_3D('',#6640,#6641,#6642);
#6644=PLANE('',#6643);
#6645=ORIENTED_EDGE('',*,*,#4028,.T.);
#6647=ORIENTED_EDGE('',*,*,#6646,.F.);
#6648=ORIENTED_EDGE('',*,*,#3597,.F.);
#6649=ORIENTED_EDGE('',*,*,#6632,.T.);
#6650=EDGE_LOOP('',(#6645,#6647,#6648,#6649));
#6651=FACE_OUTER_BOUND('',#6650,.F.);
#6652=ADVANCED_FACE('',(#6651),#6644,.F.);
#6653=CARTESIAN_POINT('',(-1.138E1,1.585E0,1.5E0));
#6654=DIRECTION('',(1.E0,0.E0,0.E0));
#6655=DIRECTION('',(0.E0,0.E0,-1.E0));
#6656=AXIS2_PLACEMENT_3D('',#6653,#6654,#6655);
#6657=PLANE('',#6656);
#6658=ORIENTED_EDGE('',*,*,#4026,.T.);
#6660=ORIENTED_EDGE('',*,*,#6659,.F.);
#6661=ORIENTED_EDGE('',*,*,#3599,.F.);
#6662=ORIENTED_EDGE('',*,*,#6646,.T.);
#6663=EDGE_LOOP('',(#6658,#6660,#6661,#6662));
#6664=FACE_OUTER_BOUND('',#6663,.F.);
#6665=ADVANCED_FACE('',(#6664),#6657,.F.);
#6666=CARTESIAN_POINT('',(-1.138E1,1.585E0,-1.5E0));
#6667=DIRECTION('',(0.E0,0.E0,-1.E0));
#6668=DIRECTION('',(-1.E0,0.E0,0.E0));
#6669=AXIS2_PLACEMENT_3D('',#6666,#6667,#6668);
#6670=PLANE('',#6669);
#6671=ORIENTED_EDGE('',*,*,#4024,.T.);
#6672=ORIENTED_EDGE('',*,*,#6635,.F.);
#6673=ORIENTED_EDGE('',*,*,#3601,.F.);
#6674=ORIENTED_EDGE('',*,*,#6659,.T.);
#6675=EDGE_LOOP('',(#6671,#6672,#6673,#6674));
#6676=FACE_OUTER_BOUND('',#6675,.F.);
#6677=ADVANCED_FACE('',(#6676),#6670,.F.);
#6678=CARTESIAN_POINT('',(-8.44E0,1.585E0,-1.5E0));
#6679=DIRECTION('',(-1.E0,0.E0,0.E0));
#6680=DIRECTION('',(0.E0,0.E0,1.E0));
#6681=AXIS2_PLACEMENT_3D('',#6678,#6679,#6680);
#6682=PLANE('',#6681);
#6683=ORIENTED_EDGE('',*,*,#4047,.T.);
#6685=ORIENTED_EDGE('',*,*,#6684,.F.);
#6686=ORIENTED_EDGE('',*,*,#3654,.F.);
#6688=ORIENTED_EDGE('',*,*,#6687,.T.);
#6689=EDGE_LOOP('',(#6683,#6685,#6686,#6688));
#6690=FACE_OUTER_BOUND('',#6689,.F.);
#6691=ADVANCED_FACE('',(#6690),#6682,.F.);
#6692=CARTESIAN_POINT('',(-8.44E0,1.585E0,1.5E0));
#6693=DIRECTION('',(0.E0,0.E0,1.E0));
#6694=DIRECTION('',(1.E0,0.E0,0.E0));
#6695=AXIS2_PLACEMENT_3D('',#6692,#6693,#6694);
#6696=PLANE('',#6695);
#6697=ORIENTED_EDGE('',*,*,#4053,.T.);
#6699=ORIENTED_EDGE('',*,*,#6698,.F.);
#6700=ORIENTED_EDGE('',*,*,#3656,.F.);
#6701=ORIENTED_EDGE('',*,*,#6684,.T.);
#6702=EDGE_LOOP('',(#6697,#6699,#6700,#6701));
#6703=FACE_OUTER_BOUND('',#6702,.F.);
#6704=ADVANCED_FACE('',(#6703),#6696,.F.);
#6705=CARTESIAN_POINT('',(-7.42E0,1.585E0,1.5E0));
#6706=DIRECTION('',(1.E0,0.E0,0.E0));
#6707=DIRECTION('',(0.E0,0.E0,-1.E0));
#6708=AXIS2_PLACEMENT_3D('',#6705,#6706,#6707);
#6709=PLANE('',#6708);
#6710=ORIENTED_EDGE('',*,*,#4051,.T.);
#6712=ORIENTED_EDGE('',*,*,#6711,.F.);
#6713=ORIENTED_EDGE('',*,*,#3658,.F.);
#6714=ORIENTED_EDGE('',*,*,#6698,.T.);
#6715=EDGE_LOOP('',(#6710,#6712,#6713,#6714));
#6716=FACE_OUTER_BOUND('',#6715,.F.);
#6717=ADVANCED_FACE('',(#6716),#6709,.F.);
#6718=CARTESIAN_POINT('',(-7.42E0,1.585E0,-1.5E0));
#6719=DIRECTION('',(0.E0,0.E0,-1.E0));
#6720=DIRECTION('',(-1.E0,0.E0,0.E0));
#6721=AXIS2_PLACEMENT_3D('',#6718,#6719,#6720);
#6722=PLANE('',#6721);
#6723=ORIENTED_EDGE('',*,*,#4049,.T.);
#6724=ORIENTED_EDGE('',*,*,#6687,.F.);
#6725=ORIENTED_EDGE('',*,*,#3660,.F.);
#6726=ORIENTED_EDGE('',*,*,#6711,.T.);
#6727=EDGE_LOOP('',(#6723,#6724,#6725,#6726));
#6728=FACE_OUTER_BOUND('',#6727,.F.);
#6729=ADVANCED_FACE('',(#6728),#6722,.F.);
#6730=CARTESIAN_POINT('',(-4.48E0,1.585E0,-1.5E0));
#6731=DIRECTION('',(-1.E0,0.E0,0.E0));
#6732=DIRECTION('',(0.E0,0.E0,1.E0));
#6733=AXIS2_PLACEMENT_3D('',#6730,#6731,#6732);
#6734=PLANE('',#6733);
#6735=ORIENTED_EDGE('',*,*,#4072,.T.);
#6737=ORIENTED_EDGE('',*,*,#6736,.F.);
#6738=ORIENTED_EDGE('',*,*,#3621,.F.);
#6740=ORIENTED_EDGE('',*,*,#6739,.T.);
#6741=EDGE_LOOP('',(#6735,#6737,#6738,#6740));
#6742=FACE_OUTER_BOUND('',#6741,.F.);
#6743=ADVANCED_FACE('',(#6742),#6734,.F.);
#6744=CARTESIAN_POINT('',(-4.48E0,1.585E0,1.5E0));
#6745=DIRECTION('',(0.E0,0.E0,1.E0));
#6746=DIRECTION('',(1.E0,0.E0,0.E0));
#6747=AXIS2_PLACEMENT_3D('',#6744,#6745,#6746);
#6748=PLANE('',#6747);
#6749=ORIENTED_EDGE('',*,*,#4078,.T.);
#6751=ORIENTED_EDGE('',*,*,#6750,.F.);
#6752=ORIENTED_EDGE('',*,*,#3623,.F.);
#6753=ORIENTED_EDGE('',*,*,#6736,.T.);
#6754=EDGE_LOOP('',(#6749,#6751,#6752,#6753));
#6755=FACE_OUTER_BOUND('',#6754,.F.);
#6756=ADVANCED_FACE('',(#6755),#6748,.F.);
#6757=CARTESIAN_POINT('',(-3.46E0,1.585E0,1.5E0));
#6758=DIRECTION('',(1.E0,0.E0,0.E0));
#6759=DIRECTION('',(0.E0,0.E0,-1.E0));
#6760=AXIS2_PLACEMENT_3D('',#6757,#6758,#6759);
#6761=PLANE('',#6760);
#6762=ORIENTED_EDGE('',*,*,#4076,.T.);
#6764=ORIENTED_EDGE('',*,*,#6763,.F.);
#6765=ORIENTED_EDGE('',*,*,#3625,.F.);
#6766=ORIENTED_EDGE('',*,*,#6750,.T.);
#6767=EDGE_LOOP('',(#6762,#6764,#6765,#6766));
#6768=FACE_OUTER_BOUND('',#6767,.F.);
#6769=ADVANCED_FACE('',(#6768),#6761,.F.);
#6770=CARTESIAN_POINT('',(-3.46E0,1.585E0,-1.5E0));
#6771=DIRECTION('',(0.E0,0.E0,-1.E0));
#6772=DIRECTION('',(-1.E0,0.E0,0.E0));
#6773=AXIS2_PLACEMENT_3D('',#6770,#6771,#6772);
#6774=PLANE('',#6773);
#6775=ORIENTED_EDGE('',*,*,#4074,.T.);
#6776=ORIENTED_EDGE('',*,*,#6739,.F.);
#6777=ORIENTED_EDGE('',*,*,#3627,.F.);
#6778=ORIENTED_EDGE('',*,*,#6763,.T.);
#6779=EDGE_LOOP('',(#6775,#6776,#6777,#6778));
#6780=FACE_OUTER_BOUND('',#6779,.F.);
#6781=ADVANCED_FACE('',(#6780),#6774,.F.);
#6782=CARTESIAN_POINT('',(-5.2E-1,1.585E0,-1.5E0));
#6783=DIRECTION('',(-1.E0,0.E0,0.E0));
#6784=DIRECTION('',(0.E0,0.E0,1.E0));
#6785=AXIS2_PLACEMENT_3D('',#6782,#6783,#6784);
#6786=PLANE('',#6785);
#6787=ORIENTED_EDGE('',*,*,#4097,.T.);
#6789=ORIENTED_EDGE('',*,*,#6788,.F.);
#6790=ORIENTED_EDGE('',*,*,#3569,.F.);
#6792=ORIENTED_EDGE('',*,*,#6791,.T.);
#6793=EDGE_LOOP('',(#6787,#6789,#6790,#6792));
#6794=FACE_OUTER_BOUND('',#6793,.F.);
#6795=ADVANCED_FACE('',(#6794),#6786,.F.);
#6796=CARTESIAN_POINT('',(-5.2E-1,1.585E0,1.5E0));
#6797=DIRECTION('',(0.E0,0.E0,1.E0));
#6798=DIRECTION('',(1.E0,0.E0,0.E0));
#6799=AXIS2_PLACEMENT_3D('',#6796,#6797,#6798);
#6800=PLANE('',#6799);
#6801=ORIENTED_EDGE('',*,*,#4103,.T.);
#6803=ORIENTED_EDGE('',*,*,#6802,.F.);
#6804=ORIENTED_EDGE('',*,*,#3571,.F.);
#6805=ORIENTED_EDGE('',*,*,#6788,.T.);
#6806=EDGE_LOOP('',(#6801,#6803,#6804,#6805));
#6807=FACE_OUTER_BOUND('',#6806,.F.);
#6808=ADVANCED_FACE('',(#6807),#6800,.F.);
#6809=CARTESIAN_POINT('',(5.E-1,1.585E0,1.5E0));
#6810=DIRECTION('',(1.E0,0.E0,0.E0));
#6811=DIRECTION('',(0.E0,0.E0,-1.E0));
#6812=AXIS2_PLACEMENT_3D('',#6809,#6810,#6811);
#6813=PLANE('',#6812);
#6814=ORIENTED_EDGE('',*,*,#4101,.T.);
#6816=ORIENTED_EDGE('',*,*,#6815,.F.);
#6817=ORIENTED_EDGE('',*,*,#3573,.F.);
#6818=ORIENTED_EDGE('',*,*,#6802,.T.);
#6819=EDGE_LOOP('',(#6814,#6816,#6817,#6818));
#6820=FACE_OUTER_BOUND('',#6819,.F.);
#6821=ADVANCED_FACE('',(#6820),#6813,.F.);
#6822=CARTESIAN_POINT('',(5.E-1,1.585E0,-1.5E0));
#6823=DIRECTION('',(0.E0,0.E0,-1.E0));
#6824=DIRECTION('',(-1.E0,0.E0,0.E0));
#6825=AXIS2_PLACEMENT_3D('',#6822,#6823,#6824);
#6826=PLANE('',#6825);
#6827=ORIENTED_EDGE('',*,*,#4099,.T.);
#6828=ORIENTED_EDGE('',*,*,#6791,.F.);
#6829=ORIENTED_EDGE('',*,*,#3575,.F.);
#6830=ORIENTED_EDGE('',*,*,#6815,.T.);
#6831=EDGE_LOOP('',(#6827,#6828,#6829,#6830));
#6832=FACE_OUTER_BOUND('',#6831,.F.);
#6833=ADVANCED_FACE('',(#6832),#6826,.F.);
#6834=CARTESIAN_POINT('',(3.44E0,1.585E0,-1.5E0));
#6835=DIRECTION('',(-1.E0,0.E0,0.E0));
#6836=DIRECTION('',(0.E0,0.E0,1.E0));
#6837=AXIS2_PLACEMENT_3D('',#6834,#6835,#6836);
#6838=PLANE('',#6837);
#6839=ORIENTED_EDGE('',*,*,#4122,.T.);
#6841=ORIENTED_EDGE('',*,*,#6840,.F.);
#6842=ORIENTED_EDGE('',*,*,#3686,.F.);
#6844=ORIENTED_EDGE('',*,*,#6843,.T.);
#6845=EDGE_LOOP('',(#6839,#6841,#6842,#6844));
#6846=FACE_OUTER_BOUND('',#6845,.F.);
#6847=ADVANCED_FACE('',(#6846),#6838,.F.);
#6848=CARTESIAN_POINT('',(3.44E0,1.585E0,1.5E0));
#6849=DIRECTION('',(0.E0,0.E0,1.E0));
#6850=DIRECTION('',(1.E0,0.E0,0.E0));
#6851=AXIS2_PLACEMENT_3D('',#6848,#6849,#6850);
#6852=PLANE('',#6851);
#6853=ORIENTED_EDGE('',*,*,#4128,.T.);
#6855=ORIENTED_EDGE('',*,*,#6854,.F.);
#6856=ORIENTED_EDGE('',*,*,#3688,.F.);
#6857=ORIENTED_EDGE('',*,*,#6840,.T.);
#6858=EDGE_LOOP('',(#6853,#6855,#6856,#6857));
#6859=FACE_OUTER_BOUND('',#6858,.F.);
#6860=ADVANCED_FACE('',(#6859),#6852,.F.);
#6861=CARTESIAN_POINT('',(4.46E0,1.585E0,1.5E0));
#6862=DIRECTION('',(1.E0,0.E0,0.E0));
#6863=DIRECTION('',(0.E0,0.E0,-1.E0));
#6864=AXIS2_PLACEMENT_3D('',#6861,#6862,#6863);
#6865=PLANE('',#6864);
#6866=ORIENTED_EDGE('',*,*,#4126,.T.);
#6868=ORIENTED_EDGE('',*,*,#6867,.F.);
#6869=ORIENTED_EDGE('',*,*,#3690,.F.);
#6870=ORIENTED_EDGE('',*,*,#6854,.T.);
#6871=EDGE_LOOP('',(#6866,#6868,#6869,#6870));
#6872=FACE_OUTER_BOUND('',#6871,.F.);
#6873=ADVANCED_FACE('',(#6872),#6865,.F.);
#6874=CARTESIAN_POINT('',(4.46E0,1.585E0,-1.5E0));
#6875=DIRECTION('',(0.E0,0.E0,-1.E0));
#6876=DIRECTION('',(-1.E0,0.E0,0.E0));
#6877=AXIS2_PLACEMENT_3D('',#6874,#6875,#6876);
#6878=PLANE('',#6877);
#6879=ORIENTED_EDGE('',*,*,#4124,.T.);
#6880=ORIENTED_EDGE('',*,*,#6843,.F.);
#6881=ORIENTED_EDGE('',*,*,#3692,.F.);
#6882=ORIENTED_EDGE('',*,*,#6867,.T.);
#6883=EDGE_LOOP('',(#6879,#6880,#6881,#6882));
#6884=FACE_OUTER_BOUND('',#6883,.F.);
#6885=ADVANCED_FACE('',(#6884),#6878,.F.);
#6886=CARTESIAN_POINT('',(7.4E0,1.585E0,-1.5E0));
#6887=DIRECTION('',(-1.E0,0.E0,0.E0));
#6888=DIRECTION('',(0.E0,0.E0,1.E0));
#6889=AXIS2_PLACEMENT_3D('',#6886,#6887,#6888);
#6890=PLANE('',#6889);
#6891=ORIENTED_EDGE('',*,*,#4147,.T.);
#6893=ORIENTED_EDGE('',*,*,#6892,.F.);
#6894=ORIENTED_EDGE('',*,*,#3543,.F.);
#6896=ORIENTED_EDGE('',*,*,#6895,.T.);
#6897=EDGE_LOOP('',(#6891,#6893,#6894,#6896));
#6898=FACE_OUTER_BOUND('',#6897,.F.);
#6899=ADVANCED_FACE('',(#6898),#6890,.F.);
#6900=CARTESIAN_POINT('',(7.4E0,1.585E0,1.5E0));
#6901=DIRECTION('',(0.E0,0.E0,1.E0));
#6902=DIRECTION('',(1.E0,0.E0,0.E0));
#6903=AXIS2_PLACEMENT_3D('',#6900,#6901,#6902);
#6904=PLANE('',#6903);
#6905=ORIENTED_EDGE('',*,*,#4153,.T.);
#6907=ORIENTED_EDGE('',*,*,#6906,.F.);
#6908=ORIENTED_EDGE('',*,*,#3545,.F.);
#6909=ORIENTED_EDGE('',*,*,#6892,.T.);
#6910=EDGE_LOOP('',(#6905,#6907,#6908,#6909));
#6911=FACE_OUTER_BOUND('',#6910,.F.);
#6912=ADVANCED_FACE('',(#6911),#6904,.F.);
#6913=CARTESIAN_POINT('',(8.42E0,1.585E0,1.5E0));
#6914=DIRECTION('',(1.E0,0.E0,0.E0));
#6915=DIRECTION('',(0.E0,0.E0,-1.E0));
#6916=AXIS2_PLACEMENT_3D('',#6913,#6914,#6915);
#6917=PLANE('',#6916);
#6918=ORIENTED_EDGE('',*,*,#4151,.T.);
#6920=ORIENTED_EDGE('',*,*,#6919,.F.);
#6921=ORIENTED_EDGE('',*,*,#3547,.F.);
#6922=ORIENTED_EDGE('',*,*,#6906,.T.);
#6923=EDGE_LOOP('',(#6918,#6920,#6921,#6922));
#6924=FACE_OUTER_BOUND('',#6923,.F.);
#6925=ADVANCED_FACE('',(#6924),#6917,.F.);
#6926=CARTESIAN_POINT('',(8.42E0,1.585E0,-1.5E0));
#6927=DIRECTION('',(0.E0,0.E0,-1.E0));
#6928=DIRECTION('',(-1.E0,0.E0,0.E0));
#6929=AXIS2_PLACEMENT_3D('',#6926,#6927,#6928);
#6930=PLANE('',#6929);
#6931=ORIENTED_EDGE('',*,*,#4149,.T.);
#6932=ORIENTED_EDGE('',*,*,#6895,.F.);
#6933=ORIENTED_EDGE('',*,*,#3549,.F.);
#6934=ORIENTED_EDGE('',*,*,#6919,.T.);
#6935=EDGE_LOOP('',(#6931,#6932,#6933,#6934));
#6936=FACE_OUTER_BOUND('',#6935,.F.);
#6937=ADVANCED_FACE('',(#6936),#6930,.F.);
#6938=CARTESIAN_POINT('',(1.136E1,1.585E0,-1.5E0));
#6939=DIRECTION('',(-1.E0,0.E0,0.E0));
#6940=DIRECTION('',(0.E0,0.E0,1.E0));
#6941=AXIS2_PLACEMENT_3D('',#6938,#6939,#6940);
#6942=PLANE('',#6941);
#6943=ORIENTED_EDGE('',*,*,#4172,.T.);
#6945=ORIENTED_EDGE('',*,*,#6944,.F.);
#6946=ORIENTED_EDGE('',*,*,#3517,.F.);
#6948=ORIENTED_EDGE('',*,*,#6947,.T.);
#6949=EDGE_LOOP('',(#6943,#6945,#6946,#6948));
#6950=FACE_OUTER_BOUND('',#6949,.F.);
#6951=ADVANCED_FACE('',(#6950),#6942,.F.);
#6952=CARTESIAN_POINT('',(1.136E1,1.585E0,1.5E0));
#6953=DIRECTION('',(0.E0,0.E0,1.E0));
#6954=DIRECTION('',(1.E0,0.E0,0.E0));
#6955=AXIS2_PLACEMENT_3D('',#6952,#6953,#6954);
#6956=PLANE('',#6955);
#6957=ORIENTED_EDGE('',*,*,#4178,.T.);
#6959=ORIENTED_EDGE('',*,*,#6958,.F.);
#6960=ORIENTED_EDGE('',*,*,#3519,.F.);
#6961=ORIENTED_EDGE('',*,*,#6944,.T.);
#6962=EDGE_LOOP('',(#6957,#6959,#6960,#6961));
#6963=FACE_OUTER_BOUND('',#6962,.F.);
#6964=ADVANCED_FACE('',(#6963),#6956,.F.);
#6965=CARTESIAN_POINT('',(1.238E1,1.585E0,1.5E0));
#6966=DIRECTION('',(1.E0,0.E0,0.E0));
#6967=DIRECTION('',(0.E0,0.E0,-1.E0));
#6968=AXIS2_PLACEMENT_3D('',#6965,#6966,#6967);
#6969=PLANE('',#6968);
#6970=ORIENTED_EDGE('',*,*,#4176,.T.);
#6972=ORIENTED_EDGE('',*,*,#6971,.F.);
#6973=ORIENTED_EDGE('',*,*,#3521,.F.);
#6974=ORIENTED_EDGE('',*,*,#6958,.T.);
#6975=EDGE_LOOP('',(#6970,#6972,#6973,#6974));
#6976=FACE_OUTER_BOUND('',#6975,.F.);
#6977=ADVANCED_FACE('',(#6976),#6969,.F.);
#6978=CARTESIAN_POINT('',(1.238E1,1.585E0,-1.5E0));
#6979=DIRECTION('',(0.E0,0.E0,-1.E0));
#6980=DIRECTION('',(-1.E0,0.E0,0.E0));
#6981=AXIS2_PLACEMENT_3D('',#6978,#6979,#6980);
#6982=PLANE('',#6981);
#6983=ORIENTED_EDGE('',*,*,#4174,.T.);
#6984=ORIENTED_EDGE('',*,*,#6947,.F.);
#6985=ORIENTED_EDGE('',*,*,#3523,.F.);
#6986=ORIENTED_EDGE('',*,*,#6971,.T.);
#6987=EDGE_LOOP('',(#6983,#6984,#6985,#6986));
#6988=FACE_OUTER_BOUND('',#6987,.F.);
#6989=ADVANCED_FACE('',(#6988),#6982,.F.);
#6990=CARTESIAN_POINT('',(1.532E1,1.585E0,-1.5E0));
#6991=DIRECTION('',(-1.E0,0.E0,0.E0));
#6992=DIRECTION('',(0.E0,0.E0,1.E0));
#6993=AXIS2_PLACEMENT_3D('',#6990,#6991,#6992);
#6994=PLANE('',#6993);
#6995=ORIENTED_EDGE('',*,*,#4211,.T.);
#6997=ORIENTED_EDGE('',*,*,#6996,.F.);
#6998=ORIENTED_EDGE('',*,*,#3465,.F.);
#7000=ORIENTED_EDGE('',*,*,#6999,.T.);
#7001=EDGE_LOOP('',(#6995,#6997,#6998,#7000));
#7002=FACE_OUTER_BOUND('',#7001,.F.);
#7003=ADVANCED_FACE('',(#7002),#6994,.F.);
#7004=CARTESIAN_POINT('',(1.532E1,1.585E0,1.5E0));
#7005=DIRECTION('',(0.E0,0.E0,1.E0));
#7006=DIRECTION('',(1.E0,0.E0,0.E0));
#7007=AXIS2_PLACEMENT_3D('',#7004,#7005,#7006);
#7008=PLANE('',#7007);
#7009=ORIENTED_EDGE('',*,*,#4217,.T.);
#7011=ORIENTED_EDGE('',*,*,#7010,.F.);
#7012=ORIENTED_EDGE('',*,*,#3467,.F.);
#7013=ORIENTED_EDGE('',*,*,#6996,.T.);
#7014=EDGE_LOOP('',(#7009,#7011,#7012,#7013));
#7015=FACE_OUTER_BOUND('',#7014,.F.);
#7016=ADVANCED_FACE('',(#7015),#7008,.F.);
#7017=CARTESIAN_POINT('',(1.634E1,1.585E0,1.5E0));
#7018=DIRECTION('',(1.E0,0.E0,0.E0));
#7019=DIRECTION('',(0.E0,0.E0,-1.E0));
#7020=AXIS2_PLACEMENT_3D('',#7017,#7018,#7019);
#7021=PLANE('',#7020);
#7022=ORIENTED_EDGE('',*,*,#4215,.T.);
#7024=ORIENTED_EDGE('',*,*,#7023,.F.);
#7025=ORIENTED_EDGE('',*,*,#3469,.F.);
#7026=ORIENTED_EDGE('',*,*,#7010,.T.);
#7027=EDGE_LOOP('',(#7022,#7024,#7025,#7026));
#7028=FACE_OUTER_BOUND('',#7027,.F.);
#7029=ADVANCED_FACE('',(#7028),#7021,.F.);
#7030=CARTESIAN_POINT('',(1.634E1,1.585E0,-1.5E0));
#7031=DIRECTION('',(0.E0,0.E0,-1.E0));
#7032=DIRECTION('',(-1.E0,0.E0,0.E0));
#7033=AXIS2_PLACEMENT_3D('',#7030,#7031,#7032);
#7034=PLANE('',#7033);
#7035=ORIENTED_EDGE('',*,*,#4213,.T.);
#7036=ORIENTED_EDGE('',*,*,#6999,.F.);
#7037=ORIENTED_EDGE('',*,*,#3471,.F.);
#7038=ORIENTED_EDGE('',*,*,#7023,.T.);
#7039=EDGE_LOOP('',(#7035,#7036,#7037,#7038));
#7040=FACE_OUTER_BOUND('',#7039,.F.);
#7041=ADVANCED_FACE('',(#7040),#7034,.F.);
#7042=CLOSED_SHELL('',(#3400,#3417,#3433,#3449,#3475,#3501,#3527,#3553,#3579,
#3605,#3631,#3664,#3696,#3732,#3767,#3810,#3825,#3839,#3853,#3868,#3886,#3898,
#3911,#3925,#3938,#3951,#3968,#3982,#4007,#4032,#4057,#4082,#4107,#4132,#4157,
#4182,#4196,#4221,#4235,#4386,#4399,#4418,#4433,#4449,#4462,#4476,#4491,#4504,
#4514,#4532,#4544,#4556,#4571,#4584,#4594,#4606,#4619,#4638,#4650,#4666,#4681,
#4700,#4713,#4726,#4741,#4754,#4764,#4779,#4792,#4802,#4814,#4826,#4839,#4858,
#4870,#4886,#4901,#4920,#4933,#4946,#4961,#4974,#4984,#4999,#5012,#5022,#5034,
#5046,#5059,#5078,#5090,#5106,#5121,#5140,#5153,#5166,#5181,#5194,#5204,#5219,
#5232,#5242,#5254,#5266,#5279,#5298,#5310,#5326,#5341,#5360,#5373,#5386,#5401,
#5414,#5424,#5439,#5452,#5462,#5474,#5486,#5499,#5518,#5530,#5546,#5561,#5580,
#5593,#5606,#5621,#5634,#5644,#5659,#5672,#5682,#5694,#5706,#5719,#5738,#5750,
#5766,#5781,#5800,#5813,#5826,#5841,#5854,#5864,#5879,#5892,#5902,#5914,#5926,
#5939,#5958,#5970,#5986,#6001,#6020,#6033,#6046,#6061,#6074,#6084,#6099,#6112,
#6122,#6134,#6146,#6159,#6178,#6190,#6206,#6221,#6240,#6253,#6266,#6281,#6294,
#6304,#6319,#6332,#6342,#6354,#6366,#6379,#6397,#6413,#6428,#6447,#6460,#6473,
#6488,#6501,#6511,#6526,#6539,#6549,#6561,#6573,#6587,#6600,#6613,#6625,#6639,
#6652,#6665,#6677,#6691,#6704,#6717,#6729,#6743,#6756,#6769,#6781,#6795,#6808,
#6821,#6833,#6847,#6860,#6873,#6885,#6899,#6912,#6925,#6937,#6951,#6964,#6977,
#6989,#7003,#7016,#7029,#7041));
#7043=MANIFOLD_SOLID_BREP('',#7042);
#7044=CARTESIAN_POINT('',(0.E0,0.E0,0.E0));
#7045=DIRECTION('',(0.E0,0.E0,1.E0));
#7046=DIRECTION('',(1.E0,0.E0,0.E0));
#7047=AXIS2_PLACEMENT_3D('CSYS',#7044,#7045,#7046);
#7048=DIRECTION('',(0.E0,1.E0,0.E0));
#7049=VECTOR('',#7048,1.905E1);
#7050=CARTESIAN_POINT('',(-1.783E1,-6.035E0,0.E0));
#7051=LINE('',#7050,#7049);
#7054=DIRECTION('',(0.E0,1.E0,0.E0));
#7055=VECTOR('',#7054,1.905E1);
#7056=CARTESIAN_POINT('',(-1.387E1,-6.035E0,0.E0));
#7057=LINE('',#7056,#7055);
#7059=DIRECTION('',(0.E0,1.E0,0.E0));
#7060=VECTOR('',#7059,1.905E1);
#7061=CARTESIAN_POINT('',(-9.91E0,-6.035E0,0.E0));
#7062=LINE('',#7061,#7060);
#7064=DIRECTION('',(0.E0,1.E0,0.E0));
#7065=VECTOR('',#7064,1.905E1);
#7066=CARTESIAN_POINT('',(-5.95E0,-6.035E0,0.E0));
#7067=LINE('',#7066,#7065);
#7069=DIRECTION('',(0.E0,1.E0,0.E0));
#7070=VECTOR('',#7069,1.905E1);
#7071=CARTESIAN_POINT('',(-1.99E0,-6.035E0,0.E0));
#7072=LINE('',#7071,#7070);
#7074=DIRECTION('',(0.E0,1.E0,0.E0));
#7075=VECTOR('',#7074,1.905E1);
#7076=CARTESIAN_POINT('',(1.97E0,-6.035E0,0.E0));
#7077=LINE('',#7076,#7075);
#7079=DIRECTION('',(0.E0,1.E0,0.E0));
#7080=VECTOR('',#7079,1.905E1);
#7081=CARTESIAN_POINT('',(5.93E0,-6.035E0,0.E0));
#7082=LINE('',#7081,#7080);
#7084=DIRECTION('',(0.E0,1.E0,0.E0));
#7085=VECTOR('',#7084,1.905E1);
#7086=CARTESIAN_POINT('',(9.89E0,-6.035E0,0.E0));
#7087=LINE('',#7086,#7085);
#7089=DIRECTION('',(0.E0,1.E0,0.E0));
#7090=VECTOR('',#7089,1.905E1);
#7091=CARTESIAN_POINT('',(1.385E1,-6.035E0,0.E0));
#7092=LINE('',#7091,#7090);
#7094=DIRECTION('',(0.E0,1.E0,0.E0));
#7095=VECTOR('',#7094,1.905E1);
#7096=CARTESIAN_POINT('',(1.781E1,-6.035E0,0.E0));
#7097=LINE('',#7096,#7095);
#7099=CARTESIAN_POINT('',(-1.783E1,-1.585E0,0.E0));
#7100=DIRECTION('',(0.E0,-1.E0,0.E0));
#7101=DIRECTION('',(1.E0,0.E0,0.E0));
#7102=AXIS2_PLACEMENT_3D('',#7099,#7100,#7101);
#7106=CARTESIAN_POINT('',(-1.783E1,-1.585E0,0.E0));
#7107=DIRECTION('',(0.E0,-1.E0,0.E0));
#7108=DIRECTION('',(-1.E0,0.E0,0.E0));
#7109=AXIS2_PLACEMENT_3D('',#7106,#7107,#7108);
#7114=CARTESIAN_POINT('',(-1.387E1,-1.585E0,0.E0));
#7115=DIRECTION('',(0.E0,-1.E0,0.E0));
#7116=DIRECTION('',(1.E0,0.E0,0.E0));
#7117=AXIS2_PLACEMENT_3D('',#7114,#7115,#7116);
#7121=CARTESIAN_POINT('',(-1.387E1,-1.585E0,0.E0));
#7122=DIRECTION('',(0.E0,-1.E0,0.E0));
#7123=DIRECTION('',(-1.E0,0.E0,0.E0));
#7124=AXIS2_PLACEMENT_3D('',#7121,#7122,#7123);
#7129=CARTESIAN_POINT('',(-9.91E0,-1.585E0,0.E0));
#7130=DIRECTION('',(0.E0,-1.E0,0.E0));
#7131=DIRECTION('',(1.E0,0.E0,0.E0));
#7132=AXIS2_PLACEMENT_3D('',#7129,#7130,#7131);
#7136=CARTESIAN_POINT('',(-9.91E0,-1.585E0,0.E0));
#7137=DIRECTION('',(0.E0,-1.E0,0.E0));
#7138=DIRECTION('',(-1.E0,0.E0,0.E0));
#7139=AXIS2_PLACEMENT_3D('',#7136,#7137,#7138);
#7144=CARTESIAN_POINT('',(-5.95E0,-1.585E0,0.E0));
#7145=DIRECTION('',(0.E0,-1.E0,0.E0));
#7146=DIRECTION('',(1.E0,0.E0,0.E0));
#7147=AXIS2_PLACEMENT_3D('',#7144,#7145,#7146);
#7151=CARTESIAN_POINT('',(-5.95E0,-1.585E0,0.E0));
#7152=DIRECTION('',(0.E0,-1.E0,0.E0));
#7153=DIRECTION('',(-1.E0,0.E0,0.E0));
#7154=AXIS2_PLACEMENT_3D('',#7151,#7152,#7153);
#7159=CARTESIAN_POINT('',(-1.99E0,-1.585E0,0.E0));
#7160=DIRECTION('',(0.E0,-1.E0,0.E0));
#7161=DIRECTION('',(1.E0,0.E0,0.E0));
#7162=AXIS2_PLACEMENT_3D('',#7159,#7160,#7161);
#7166=CARTESIAN_POINT('',(-1.99E0,-1.585E0,0.E0));
#7167=DIRECTION('',(0.E0,-1.E0,0.E0));
#7168=DIRECTION('',(-1.E0,0.E0,0.E0));
#7169=AXIS2_PLACEMENT_3D('',#7166,#7167,#7168);
#7174=CARTESIAN_POINT('',(1.97E0,-1.585E0,0.E0));
#7175=DIRECTION('',(0.E0,-1.E0,0.E0));
#7176=DIRECTION('',(1.E0,0.E0,0.E0));
#7177=AXIS2_PLACEMENT_3D('',#7174,#7175,#7176);
#7181=CARTESIAN_POINT('',(1.97E0,-1.585E0,0.E0));
#7182=DIRECTION('',(0.E0,-1.E0,0.E0));
#7183=DIRECTION('',(-1.E0,0.E0,0.E0));
#7184=AXIS2_PLACEMENT_3D('',#7181,#7182,#7183);
#7189=CARTESIAN_POINT('',(5.93E0,-1.585E0,0.E0));
#7190=DIRECTION('',(0.E0,-1.E0,0.E0));
#7191=DIRECTION('',(1.E0,0.E0,0.E0));
#7192=AXIS2_PLACEMENT_3D('',#7189,#7190,#7191);
#7196=CARTESIAN_POINT('',(5.93E0,-1.585E0,0.E0));
#7197=DIRECTION('',(0.E0,-1.E0,0.E0));
#7198=DIRECTION('',(-1.E0,0.E0,0.E0));
#7199=AXIS2_PLACEMENT_3D('',#7196,#7197,#7198);
#7204=CARTESIAN_POINT('',(9.89E0,-1.585E0,0.E0));
#7205=DIRECTION('',(0.E0,-1.E0,0.E0));
#7206=DIRECTION('',(1.E0,0.E0,0.E0));
#7207=AXIS2_PLACEMENT_3D('',#7204,#7205,#7206);
#7211=CARTESIAN_POINT('',(9.89E0,-1.585E0,0.E0));
#7212=DIRECTION('',(0.E0,-1.E0,0.E0));
#7213=DIRECTION('',(-1.E0,0.E0,0.E0));
#7214=AXIS2_PLACEMENT_3D('',#7211,#7212,#7213);
#7219=CARTESIAN_POINT('',(1.385E1,-1.585E0,0.E0));
#7220=DIRECTION('',(0.E0,-1.E0,0.E0));
#7221=DIRECTION('',(1.E0,0.E0,0.E0));
#7222=AXIS2_PLACEMENT_3D('',#7219,#7220,#7221);
#7226=CARTESIAN_POINT('',(1.385E1,-1.585E0,0.E0));
#7227=DIRECTION('',(0.E0,-1.E0,0.E0));
#7228=DIRECTION('',(-1.E0,0.E0,0.E0));
#7229=AXIS2_PLACEMENT_3D('',#7226,#7227,#7228);
#7234=CARTESIAN_POINT('',(1.781E1,-1.585E0,0.E0));
#7235=DIRECTION('',(0.E0,-1.E0,0.E0));
#7236=DIRECTION('',(1.E0,0.E0,0.E0));
#7237=AXIS2_PLACEMENT_3D('',#7234,#7235,#7236);
#7241=CARTESIAN_POINT('',(1.781E1,-1.585E0,0.E0));
#7242=DIRECTION('',(0.E0,-1.E0,0.E0));
#7243=DIRECTION('',(-1.E0,0.E0,0.E0));
#7244=AXIS2_PLACEMENT_3D('',#7241,#7242,#7243);
#7250=DIMENSIONAL_EXPONENTS(0.E0,0.E0,0.E0,0.E0,0.E0,0.E0,0.E0);
#7252=PLANE_ANGLE_MEASURE_WITH_UNIT(PLANE_ANGLE_MEASURE(1.745329251994E-2),
#7251);
#7253=(CONVERSION_BASED_UNIT('DEGREE',#7252)NAMED_UNIT(*)PLANE_ANGLE_UNIT());
#7255=UNCERTAINTY_MEASURE_WITH_UNIT(LENGTH_MEASURE(4.449829752492E-3),#7249,
'closure',
'Maximum model space distance between geometric entities at asserted connectivities');
#7256=(GEOMETRIC_REPRESENTATION_CONTEXT(3)GLOBAL_UNCERTAINTY_ASSIGNED_CONTEXT((
#7255))GLOBAL_UNIT_ASSIGNED_CONTEXT((#7249,#7253,#7254))REPRESENTATION_CONTEXT(
'ID1','3'));
#7053=GEOMETRIC_SET('',(#7052,#7058,#7063,#7068,#7073,#7078,#7083,#7088,#7093,
#7098,#7113,#7128,#7143,#7158,#7173,#7188,#7203,#7218,#7233,#7248));
#7260=SHAPE_REPRESENTATION_RELATIONSHIP('','',#7259,#7257);
#7261=SHAPE_REPRESENTATION_RELATIONSHIP('','',#7259,#7258);
#7262=APPLICATION_CONTEXT(
'CONFIGURATION CONTROLLED 3D DESIGNS OF MECHANICAL PARTS AND ASSEMBLIES');
#7263=APPLICATION_PROTOCOL_DEFINITION('international standard',
'config_control_design',1994,#7262);
#7264=DESIGN_CONTEXT('',#7262,'design');
#7265=MECHANICAL_CONTEXT('',#7262,'mechanical');
#7266=PRODUCT('026192101','026192101','NOT SPECIFIED',(#7265));
#7267=PRODUCT_DEFINITION_FORMATION_WITH_SPECIFIED_SOURCE('1','LAST_VERSION',
#7266,.MADE.);
#7271=PRODUCT_CATEGORY('part','');
#7272=PRODUCT_RELATED_PRODUCT_CATEGORY('detail','',(#7266));
#7273=PRODUCT_CATEGORY_RELATIONSHIP('','',#7271,#7272);
#7274=SECURITY_CLASSIFICATION_LEVEL('unclassified');
#7275=SECURITY_CLASSIFICATION('','',#7274);
#7276=CC_DESIGN_SECURITY_CLASSIFICATION(#7275,(#7267));
#7277=APPROVAL_STATUS('approved');
#7278=APPROVAL(#7277,'');
#7279=CC_DESIGN_APPROVAL(#7278,(#7275,#7267,#7268));
#7280=CALENDAR_DATE(114,8,9);
#7281=COORDINATED_UNIVERSAL_TIME_OFFSET(5,30,.AHEAD.);
#7282=LOCAL_TIME(15,55,2.8E1,#7281);
#7283=DATE_AND_TIME(#7280,#7282);
#7284=APPROVAL_DATE_TIME(#7283,#7278);
#7285=DATE_TIME_ROLE('creation_date');
#7286=CC_DESIGN_DATE_AND_TIME_ASSIGNMENT(#7283,#7285,(#7268));
#7287=DATE_TIME_ROLE('classification_date');
#7288=CC_DESIGN_DATE_AND_TIME_ASSIGNMENT(#7283,#7287,(#7275));
#7289=PERSON('UNSPECIFIED','UNSPECIFIED',$,$,$,$);
#7290=ORGANIZATION('UNSPECIFIED','UNSPECIFIED','UNSPECIFIED');
#7291=PERSON_AND_ORGANIZATION(#7289,#7290);
#7292=APPROVAL_ROLE('approver');
#7293=APPROVAL_PERSON_ORGANIZATION(#7291,#7278,#7292);
#7294=PERSON_AND_ORGANIZATION_ROLE('creator');
#7295=CC_DESIGN_PERSON_AND_ORGANIZATION_ASSIGNMENT(#7291,#7294,(#7267,#7268));
#7296=PERSON_AND_ORGANIZATION_ROLE('design_supplier');
#7297=CC_DESIGN_PERSON_AND_ORGANIZATION_ASSIGNMENT(#7291,#7296,(#7267));
#7298=PERSON_AND_ORGANIZATION_ROLE('classification_officer');
#7299=CC_DESIGN_PERSON_AND_ORGANIZATION_ASSIGNMENT(#7291,#7298,(#7275));
#7300=PERSON_AND_ORGANIZATION_ROLE('design_owner');
#7301=CC_DESIGN_PERSON_AND_ORGANIZATION_ASSIGNMENT(#7291,#7300,(#7266));
#1185=CIRCLE('',#1184,5.7E-1);
#1190=CIRCLE('',#1189,5.7E-1);
#1203=CIRCLE('',#1202,5.7E-1);
#1220=CIRCLE('',#1219,5.7E-1);
#1233=CIRCLE('',#1232,5.7E-1);
#1242=CIRCLE('',#1241,5.7E-1);
#1247=CIRCLE('',#1246,2.3E-1);
#1252=CIRCLE('',#1251,2.3E-1);
#1261=CIRCLE('',#1260,5.7E-1);
#1266=CIRCLE('',#1265,5.7E-1);
#1279=CIRCLE('',#1278,2.3E-1);
#1288=CIRCLE('',#1287,2.3E-1);
#1305=CIRCLE('',#1304,5.7E-1);
#1310=CIRCLE('',#1309,5.7E-1);
#1319=CIRCLE('',#1318,5.7E-1);
#1324=CIRCLE('',#1323,5.7E-1);
#1329=CIRCLE('',#1328,5.7E-1);
#1354=CIRCLE('',#1353,5.7E-1);
#1367=CIRCLE('',#1366,5.7E-1);
#1376=CIRCLE('',#1375,5.7E-1);
#1381=CIRCLE('',#1380,2.3E-1);
#1386=CIRCLE('',#1385,2.3E-1);
#1395=CIRCLE('',#1394,2.3E-1);
#1404=CIRCLE('',#1403,2.3E-1);
#1425=CIRCLE('',#1424,5.7E-1);
#1430=CIRCLE('',#1429,5.7E-1);
#1439=CIRCLE('',#1438,5.7E-1);
#1444=CIRCLE('',#1443,5.7E-1);
#1449=CIRCLE('',#1448,5.7E-1);
#1474=CIRCLE('',#1473,5.7E-1);
#1487=CIRCLE('',#1486,5.7E-1);
#1496=CIRCLE('',#1495,5.7E-1);
#1501=CIRCLE('',#1500,2.3E-1);
#1506=CIRCLE('',#1505,2.3E-1);
#1515=CIRCLE('',#1514,2.3E-1);
#1524=CIRCLE('',#1523,2.3E-1);
#1545=CIRCLE('',#1544,5.7E-1);
#1550=CIRCLE('',#1549,5.7E-1);
#1559=CIRCLE('',#1558,5.7E-1);
#1564=CIRCLE('',#1563,5.7E-1);
#1569=CIRCLE('',#1568,5.7E-1);
#1594=CIRCLE('',#1593,5.7E-1);
#1607=CIRCLE('',#1606,5.7E-1);
#1616=CIRCLE('',#1615,5.7E-1);
#1621=CIRCLE('',#1620,2.3E-1);
#1626=CIRCLE('',#1625,2.3E-1);
#1635=CIRCLE('',#1634,2.3E-1);
#1644=CIRCLE('',#1643,2.3E-1);
#1665=CIRCLE('',#1664,5.7E-1);
#1670=CIRCLE('',#1669,5.7E-1);
#1679=CIRCLE('',#1678,5.7E-1);
#1684=CIRCLE('',#1683,5.7E-1);
#1689=CIRCLE('',#1688,5.7E-1);
#1714=CIRCLE('',#1713,5.7E-1);
#1727=CIRCLE('',#1726,5.7E-1);
#1736=CIRCLE('',#1735,5.7E-1);
#1741=CIRCLE('',#1740,2.3E-1);
#1746=CIRCLE('',#1745,2.3E-1);
#1755=CIRCLE('',#1754,2.3E-1);
#1764=CIRCLE('',#1763,2.3E-1);
#1785=CIRCLE('',#1784,5.7E-1);
#1790=CIRCLE('',#1789,5.7E-1);
#1799=CIRCLE('',#1798,5.7E-1);
#1804=CIRCLE('',#1803,5.7E-1);
#1809=CIRCLE('',#1808,5.7E-1);
#1834=CIRCLE('',#1833,5.7E-1);
#1847=CIRCLE('',#1846,5.7E-1);
#1856=CIRCLE('',#1855,5.7E-1);
#1861=CIRCLE('',#1860,2.3E-1);
#1866=CIRCLE('',#1865,2.3E-1);
#1875=CIRCLE('',#1874,2.3E-1);
#1884=CIRCLE('',#1883,2.3E-1);
#1905=CIRCLE('',#1904,5.7E-1);
#1910=CIRCLE('',#1909,5.7E-1);
#1919=CIRCLE('',#1918,5.7E-1);
#1924=CIRCLE('',#1923,5.7E-1);
#1929=CIRCLE('',#1928,5.7E-1);
#1954=CIRCLE('',#1953,5.7E-1);
#1967=CIRCLE('',#1966,5.7E-1);
#1976=CIRCLE('',#1975,5.7E-1);
#1981=CIRCLE('',#1980,2.3E-1);
#1986=CIRCLE('',#1985,2.3E-1);
#1995=CIRCLE('',#1994,2.3E-1);
#2004=CIRCLE('',#2003,2.3E-1);
#2025=CIRCLE('',#2024,5.7E-1);
#2030=CIRCLE('',#2029,5.7E-1);
#2039=CIRCLE('',#2038,5.7E-1);
#2044=CIRCLE('',#2043,5.7E-1);
#2049=CIRCLE('',#2048,5.7E-1);
#2074=CIRCLE('',#2073,5.7E-1);
#2087=CIRCLE('',#2086,5.7E-1);
#2096=CIRCLE('',#2095,5.7E-1);
#2101=CIRCLE('',#2100,2.3E-1);
#2106=CIRCLE('',#2105,2.3E-1);
#2115=CIRCLE('',#2114,2.3E-1);
#2124=CIRCLE('',#2123,2.3E-1);
#2145=CIRCLE('',#2144,5.7E-1);
#2150=CIRCLE('',#2149,5.7E-1);
#2159=CIRCLE('',#2158,5.7E-1);
#2164=CIRCLE('',#2163,5.7E-1);
#2169=CIRCLE('',#2168,5.7E-1);
#2194=CIRCLE('',#2193,5.7E-1);
#2207=CIRCLE('',#2206,5.7E-1);
#2216=CIRCLE('',#2215,5.7E-1);
#2221=CIRCLE('',#2220,2.3E-1);
#2226=CIRCLE('',#2225,2.3E-1);
#2235=CIRCLE('',#2234,2.3E-1);
#2244=CIRCLE('',#2243,2.3E-1);
#2265=CIRCLE('',#2264,5.7E-1);
#2270=CIRCLE('',#2269,5.7E-1);
#2275=CIRCLE('',#2274,5.7E-1);
#2280=CIRCLE('',#2279,5.7E-1);
#2285=CIRCLE('',#2284,5.7E-1);
#2310=CIRCLE('',#2309,5.7E-1);
#2323=CIRCLE('',#2322,5.7E-1);
#2332=CIRCLE('',#2331,5.7E-1);
#2337=CIRCLE('',#2336,2.3E-1);
#2342=CIRCLE('',#2341,2.3E-1);
#2351=CIRCLE('',#2350,2.3E-1);
#2360=CIRCLE('',#2359,2.3E-1);
#3294=EDGE_CURVE('',#3271,#3272,#4,.T.);
#3296=EDGE_CURVE('',#2560,#3271,#576,.T.);
#3298=EDGE_CURVE('',#2560,#2558,#8,.T.);
#3300=EDGE_CURVE('',#2556,#2558,#12,.T.);
#3302=EDGE_CURVE('',#2555,#2556,#16,.T.);
#3304=EDGE_CURVE('',#2590,#2555,#564,.T.);
#3306=EDGE_CURVE('',#2526,#2590,#540,.T.);
#3308=EDGE_CURVE('',#2526,#2536,#20,.T.);
#3310=EDGE_CURVE('',#2536,#2534,#24,.T.);
#3312=EDGE_CURVE('',#2532,#2534,#28,.T.);
#3314=EDGE_CURVE('',#2531,#2532,#32,.T.);
#3316=EDGE_CURVE('',#2531,#2650,#36,.T.);
#3318=EDGE_CURVE('',#2650,#2648,#40,.T.);
#3320=EDGE_CURVE('',#2646,#2648,#44,.T.);
#3322=EDGE_CURVE('',#2645,#2646,#48,.T.);
#3324=EDGE_CURVE('',#2645,#2674,#52,.T.);
#3326=EDGE_CURVE('',#2674,#2672,#56,.T.);
#3328=EDGE_CURVE('',#2670,#2672,#60,.T.);
#3330=EDGE_CURVE('',#2669,#2670,#64,.T.);
#3332=EDGE_CURVE('',#2669,#2698,#68,.T.);
#3334=EDGE_CURVE('',#2698,#2696,#72,.T.);
#3336=EDGE_CURVE('',#2694,#2696,#76,.T.);
#3338=EDGE_CURVE('',#2693,#2694,#80,.T.);
#3340=EDGE_CURVE('',#2693,#2722,#84,.T.);
#3342=EDGE_CURVE('',#2722,#2720,#88,.T.);
#3344=EDGE_CURVE('',#2718,#2720,#92,.T.);
#3346=EDGE_CURVE('',#2717,#2718,#96,.T.);
#3348=EDGE_CURVE('',#2717,#2948,#100,.T.);
#3350=EDGE_CURVE('',#2948,#2946,#104,.T.);
#3352=EDGE_CURVE('',#2944,#2946,#108,.T.);
#3354=EDGE_CURVE('',#2943,#2944,#112,.T.);
#3356=EDGE_CURVE('',#2943,#3002,#116,.T.);
#3358=EDGE_CURVE('',#3002,#3000,#120,.T.);
#3360=EDGE_CURVE('',#2998,#3000,#124,.T.);
#3362=EDGE_CURVE('',#2997,#2998,#128,.T.);
#3364=EDGE_CURVE('',#2997,#3072,#132,.T.);
#3366=EDGE_CURVE('',#3072,#3070,#136,.T.);
#3368=EDGE_CURVE('',#3068,#3070,#140,.T.);
#3370=EDGE_CURVE('',#3067,#3068,#144,.T.);
#3372=EDGE_CURVE('',#3067,#3140,#148,.T.);
#3374=EDGE_CURVE('',#3140,#3138,#152,.T.);
#3376=EDGE_CURVE('',#3136,#3138,#156,.T.);
#3378=EDGE_CURVE('',#3135,#3136,#160,.T.);
#3380=EDGE_CURVE('',#3135,#3208,#164,.T.);
#3382=EDGE_CURVE('',#3208,#3206,#168,.T.);
#3384=EDGE_CURVE('',#3204,#3206,#172,.T.);
#3386=EDGE_CURVE('',#3203,#3204,#176,.T.);
#3388=EDGE_CURVE('',#3203,#2528,#180,.T.);
#3390=EDGE_CURVE('',#2528,#2583,#184,.T.);
#3392=EDGE_CURVE('',#3276,#2583,#584,.T.);
#3394=EDGE_CURVE('',#3276,#3274,#188,.T.);
#3396=EDGE_CURVE('',#3272,#3274,#192,.T.);
#3407=EDGE_CURVE('',#3286,#3272,#468,.T.);
#3409=EDGE_CURVE('',#3282,#3286,#492,.T.);
#3411=EDGE_CURVE('',#3278,#3282,#520,.T.);
#3413=EDGE_CURVE('',#3271,#3278,#568,.T.);
#3423=EDGE_CURVE('',#2595,#2596,#196,.T.);
#3425=EDGE_CURVE('',#2595,#2524,#200,.T.);
#3427=EDGE_CURVE('',#2524,#3216,#856,.T.);
#3429=EDGE_CURVE('',#2596,#3216,#204,.T.);
#3439=EDGE_CURVE('',#2598,#2519,#556,.T.);
#3441=EDGE_CURVE('',#2604,#2598,#208,.T.);
#3443=EDGE_CURVE('',#2604,#2539,#212,.T.);
#3445=EDGE_CURVE('',#2539,#2519,#1032,.T.);
#3455=EDGE_CURVE('',#2601,#2602,#216,.T.);
#3457=EDGE_CURVE('',#2601,#3211,#220,.T.);
#3459=EDGE_CURVE('',#3211,#3148,#1176,.T.);
#3461=EDGE_CURVE('',#2602,#3148,#224,.T.);
#3465=EDGE_CURVE('',#3263,#3264,#428,.T.);
#3467=EDGE_CURVE('',#3264,#3266,#432,.T.);
#3469=EDGE_CURVE('',#3266,#3268,#436,.T.);
#3471=EDGE_CURVE('',#3268,#3263,#440,.T.);
#3481=EDGE_CURVE('',#2606,#2544,#228,.T.);
#3483=EDGE_CURVE('',#2753,#2606,#232,.T.);
#3485=EDGE_CURVE('',#2753,#2653,#236,.T.);
#3487=EDGE_CURVE('',#2653,#2544,#1048,.T.);
#3491=EDGE_CURVE('',#2575,#2576,#300,.T.);
#3493=EDGE_CURVE('',#2576,#2578,#304,.T.);
#3495=EDGE_CURVE('',#2578,#2580,#308,.T.);
#3497=EDGE_CURVE('',#2580,#2575,#312,.T.);
#3507=EDGE_CURVE('',#2741,#2742,#240,.T.);
#3509=EDGE_CURVE('',#2741,#3143,#244,.T.);
#3511=EDGE_CURVE('',#3143,#3080,#1160,.T.);
#3513=EDGE_CURVE('',#2742,#3080,#248,.T.);
#3517=EDGE_CURVE('',#3195,#3196,#412,.T.);
#3519=EDGE_CURVE('',#3196,#3198,#416,.T.);
#3521=EDGE_CURVE('',#3198,#3200,#420,.T.);
#3523=EDGE_CURVE('',#3200,#3195,#424,.T.);
#3533=EDGE_CURVE('',#2745,#2746,#252,.T.);
#3535=EDGE_CURVE('',#2745,#3075,#256,.T.);
#3537=EDGE_CURVE('',#3075,#3010,#1144,.T.);
#3539=EDGE_CURVE('',#2746,#3010,#260,.T.);
#3543=EDGE_CURVE('',#3127,#3128,#396,.T.);
#3545=EDGE_CURVE('',#3128,#3130,#400,.T.);
#3547=EDGE_CURVE('',#3130,#3132,#404,.T.);
#3549=EDGE_CURVE('',#3132,#3127,#408,.T.);
#3559=EDGE_CURVE('',#2749,#2750,#264,.T.);
#3561=EDGE_CURVE('',#2749,#2951,#268,.T.);
#3563=EDGE_CURVE('',#2951,#2730,#1112,.T.);
#3565=EDGE_CURVE('',#2750,#2730,#272,.T.);
#3569=EDGE_CURVE('',#2935,#2936,#364,.T.);
#3571=EDGE_CURVE('',#2936,#2938,#368,.T.);
#3573=EDGE_CURVE('',#2938,#2940,#372,.T.);
#3575=EDGE_CURVE('',#2940,#2935,#376,.T.);
#3585=EDGE_CURVE('',#2758,#2658,#276,.T.);
#3587=EDGE_CURVE('',#2761,#2758,#280,.T.);
#3589=EDGE_CURVE('',#2761,#2677,#284,.T.);
#3591=EDGE_CURVE('',#2677,#2658,#1064,.T.);
#3595=EDGE_CURVE('',#2887,#2888,#316,.T.);
#3597=EDGE_CURVE('',#2888,#2890,#320,.T.);
#3599=EDGE_CURVE('',#2890,#2892,#324,.T.);
#3601=EDGE_CURVE('',#2892,#2887,#328,.T.);
#3611=EDGE_CURVE('',#2774,#2706,#288,.T.);
#3613=EDGE_CURVE('',#2777,#2774,#292,.T.);
#3615=EDGE_CURVE('',#2777,#2725,#296,.T.);
#3617=EDGE_CURVE('',#2725,#2706,#1096,.T.);
#3621=EDGE_CURVE('',#2919,#2920,#348,.T.);
#3623=EDGE_CURVE('',#2920,#2922,#352,.T.);
#3625=EDGE_CURVE('',#2922,#2924,#356,.T.);
#3627=EDGE_CURVE('',#2924,#2919,#360,.T.);
#3637=EDGE_CURVE('',#2562,#2766,#444,.T.);
#3639=EDGE_CURVE('',#2562,#2556,#448,.T.);
#3642=EDGE_CURVE('',#2564,#2558,#588,.T.);
#3644=EDGE_CURVE('',#2769,#2564,#452,.T.);
#3646=EDGE_CURVE('',#2769,#2701,#456,.T.);
#3648=EDGE_CURVE('',#2701,#2682,#1080,.T.);
#3650=EDGE_CURVE('',#2766,#2682,#460,.T.);
#3654=EDGE_CURVE('',#2903,#2904,#332,.T.);
#3656=EDGE_CURVE('',#2904,#2906,#336,.T.);
#3658=EDGE_CURVE('',#2906,#2908,#340,.T.);
#3660=EDGE_CURVE('',#2908,#2903,#344,.T.);
#3670=EDGE_CURVE('',#3286,#2994,#464,.T.);
#3674=EDGE_CURVE('',#3288,#3274,#592,.T.);
#3676=EDGE_CURVE('',#3045,#3288,#472,.T.);
#3678=EDGE_CURVE('',#3045,#3005,#476,.T.);
#3680=EDGE_CURVE('',#3005,#2956,#1128,.T.);
#3682=EDGE_CURVE('',#2994,#2956,#480,.T.);
#3686=EDGE_CURVE('',#3059,#3060,#380,.T.);
#3688=EDGE_CURVE('',#3060,#3062,#384,.T.);
#3690=EDGE_CURVE('',#3062,#3064,#388,.T.);
#3692=EDGE_CURVE('',#3064,#3059,#392,.T.);
#3702=EDGE_CURVE('',#2640,#2562,#484,.T.);
#3705=EDGE_CURVE('',#2764,#2766,#2128,.T.);
#3707=EDGE_CURVE('',#2762,#2764,#2053,.T.);
#3709=EDGE_CURVE('',#2761,#2762,#2136,.T.);
#3712=EDGE_CURVE('',#2756,#2758,#2248,.T.);
#3714=EDGE_CURVE('',#2754,#2756,#2173,.T.);
#3716=EDGE_CURVE('',#2753,#2754,#2256,.T.);
#3719=EDGE_CURVE('',#2634,#2606,#2368,.T.);
#3721=EDGE_CURVE('',#2632,#2634,#2289,.T.);
#3723=EDGE_CURVE('',#2604,#2632,#2372,.T.);
#3726=EDGE_CURVE('',#2592,#2598,#552,.T.);
#3728=EDGE_CURVE('',#2592,#2640,#488,.T.);
#3740=EDGE_CURVE('',#2992,#2994,#1768,.T.);
#3742=EDGE_CURVE('',#2990,#2992,#1693,.T.);
#3744=EDGE_CURVE('',#2749,#2990,#1776,.T.);
#3747=EDGE_CURVE('',#2780,#2750,#1888,.T.);
#3749=EDGE_CURVE('',#2778,#2780,#1813,.T.);
#3751=EDGE_CURVE('',#2777,#2778,#1896,.T.);
#3754=EDGE_CURVE('',#2772,#2774,#2008,.T.);
#3756=EDGE_CURVE('',#2770,#2772,#1933,.T.);
#3758=EDGE_CURVE('',#2769,#2770,#2016,.T.);
#3761=EDGE_CURVE('',#2642,#2564,#496,.T.);
#3763=EDGE_CURVE('',#2642,#3282,#500,.T.);
#3773=EDGE_CURVE('',#3284,#3288,#504,.T.);
#3775=EDGE_CURVE('',#3284,#2586,#508,.T.);
#3777=EDGE_CURVE('',#2586,#2595,#596,.T.);
#3780=EDGE_CURVE('',#3252,#2596,#1292,.T.);
#3782=EDGE_CURVE('',#3250,#3252,#1194,.T.);
#3784=EDGE_CURVE('',#2601,#3250,#1180,.T.);
#3787=EDGE_CURVE('',#3184,#2602,#1408,.T.);
#3789=EDGE_CURVE('',#3182,#3184,#1333,.T.);
#3791=EDGE_CURVE('',#2741,#3182,#1416,.T.);
#3794=EDGE_CURVE('',#3116,#2742,#1528,.T.);
#3796=EDGE_CURVE('',#3114,#3116,#1453,.T.);
#3798=EDGE_CURVE('',#2745,#3114,#1536,.T.);
#3801=EDGE_CURVE('',#3048,#2746,#1648,.T.);
#3803=EDGE_CURVE('',#3046,#3048,#1573,.T.);
#3805=EDGE_CURVE('',#3045,#3046,#1656,.T.);
#3819=EDGE_CURVE('',#2636,#2640,#512,.T.);
#3821=EDGE_CURVE('',#2555,#2636,#560,.T.);
#3833=EDGE_CURVE('',#2592,#2589,#548,.T.);
#3835=EDGE_CURVE('',#2589,#2636,#516,.T.);
#3847=EDGE_CURVE('',#2638,#2642,#524,.T.);
#3849=EDGE_CURVE('',#2638,#3278,#528,.T.);
#3859=EDGE_CURVE('',#3280,#3284,#532,.T.);
#3861=EDGE_CURVE('',#3280,#2584,#536,.T.);
#3863=EDGE_CURVE('',#2584,#2586,#600,.T.);
#3875=EDGE_CURVE('',#2589,#2590,#544,.T.);
#3880=EDGE_CURVE('',#2519,#2520,#1028,.T.);
#3882=EDGE_CURVE('',#2526,#2520,#616,.T.);
#3906=EDGE_CURVE('',#2560,#2638,#572,.T.);
#3917=EDGE_CURVE('',#3276,#3280,#580,.T.);
#3920=EDGE_CURVE('',#2583,#2584,#604,.T.);
#3962=EDGE_CURVE('',#2528,#2523,#608,.T.);
#3964=EDGE_CURVE('',#2523,#2524,#860,.T.);
#3974=EDGE_CURVE('',#2536,#2552,#612,.T.);
#3978=EDGE_CURVE('',#2520,#2552,#1024,.T.);
#3988=EDGE_CURVE('',#2650,#2666,#620,.T.);
#3991=EDGE_CURVE('',#2531,#2547,#624,.T.);
#3993=EDGE_CURVE('',#2547,#2666,#1008,.T.);
#3997=EDGE_CURVE('',#2567,#2568,#696,.T.);
#3999=EDGE_CURVE('',#2572,#2567,#700,.T.);
#4001=EDGE_CURVE('',#2570,#2572,#704,.T.);
#4003=EDGE_CURVE('',#2568,#2570,#708,.T.);
#4013=EDGE_CURVE('',#2674,#2690,#628,.T.);
#4016=EDGE_CURVE('',#2645,#2661,#632,.T.);
#4018=EDGE_CURVE('',#2661,#2690,#992,.T.);
#4022=EDGE_CURVE('',#2879,#2880,#712,.T.);
#4024=EDGE_CURVE('',#2884,#2879,#716,.T.);
#4026=EDGE_CURVE('',#2882,#2884,#720,.T.);
#4028=EDGE_CURVE('',#2880,#2882,#724,.T.);
#4038=EDGE_CURVE('',#2698,#2714,#636,.T.);
#4041=EDGE_CURVE('',#2669,#2685,#640,.T.);
#4043=EDGE_CURVE('',#2685,#2714,#976,.T.);
#4047=EDGE_CURVE('',#2895,#2896,#728,.T.);
#4049=EDGE_CURVE('',#2900,#2895,#732,.T.);
#4051=EDGE_CURVE('',#2898,#2900,#736,.T.);
#4053=EDGE_CURVE('',#2896,#2898,#740,.T.);
#4063=EDGE_CURVE('',#2722,#2738,#644,.T.);
#4066=EDGE_CURVE('',#2693,#2709,#648,.T.);
#4068=EDGE_CURVE('',#2709,#2738,#960,.T.);
#4072=EDGE_CURVE('',#2911,#2912,#744,.T.);
#4074=EDGE_CURVE('',#2916,#2911,#748,.T.);
#4076=EDGE_CURVE('',#2914,#2916,#752,.T.);
#4078=EDGE_CURVE('',#2912,#2914,#756,.T.);
#4088=EDGE_CURVE('',#2948,#2964,#652,.T.);
#4091=EDGE_CURVE('',#2717,#2733,#656,.T.);
#4093=EDGE_CURVE('',#2733,#2964,#944,.T.);
#4097=EDGE_CURVE('',#2927,#2928,#760,.T.);
#4099=EDGE_CURVE('',#2932,#2927,#764,.T.);
#4101=EDGE_CURVE('',#2930,#2932,#768,.T.);
#4103=EDGE_CURVE('',#2928,#2930,#772,.T.);
#4113=EDGE_CURVE('',#3002,#3018,#660,.T.);
#4116=EDGE_CURVE('',#2943,#2959,#664,.T.);
#4118=EDGE_CURVE('',#2959,#3018,#928,.T.);
#4122=EDGE_CURVE('',#3051,#3052,#776,.T.);
#4124=EDGE_CURVE('',#3056,#3051,#780,.T.);
#4126=EDGE_CURVE('',#3054,#3056,#784,.T.);
#4128=EDGE_CURVE('',#3052,#3054,#788,.T.);
#4138=EDGE_CURVE('',#3072,#3088,#668,.T.);
#4141=EDGE_CURVE('',#2997,#3013,#672,.T.);
#4143=EDGE_CURVE('',#3013,#3088,#912,.T.);
#4147=EDGE_CURVE('',#3119,#3120,#792,.T.);
#4149=EDGE_CURVE('',#3124,#3119,#796,.T.);
#4151=EDGE_CURVE('',#3122,#3124,#800,.T.);
#4153=EDGE_CURVE('',#3120,#3122,#804,.T.);
#4163=EDGE_CURVE('',#3140,#3156,#676,.T.);
#4166=EDGE_CURVE('',#3067,#3083,#680,.T.);
#4168=EDGE_CURVE('',#3083,#3156,#896,.T.);
#4172=EDGE_CURVE('',#3187,#3188,#808,.T.);
#4174=EDGE_CURVE('',#3192,#3187,#812,.T.);
#4176=EDGE_CURVE('',#3190,#3192,#816,.T.);
#4178=EDGE_CURVE('',#3188,#3190,#820,.T.);
#4188=EDGE_CURVE('',#3203,#3219,#684,.T.);
#4190=EDGE_CURVE('',#3219,#2523,#864,.T.);
#4202=EDGE_CURVE('',#3208,#3224,#688,.T.);
#4205=EDGE_CURVE('',#3135,#3151,#692,.T.);
#4207=EDGE_CURVE('',#3151,#3224,#880,.T.);
#4211=EDGE_CURVE('',#3255,#3256,#824,.T.);
#4213=EDGE_CURVE('',#3260,#3255,#828,.T.);
#4215=EDGE_CURVE('',#3258,#3260,#832,.T.);
#4217=EDGE_CURVE('',#3256,#3258,#836,.T.);
#4229=EDGE_CURVE('',#2552,#2550,#1020,.T.);
#4231=EDGE_CURVE('',#2550,#2534,#840,.T.);
#4241=EDGE_CURVE('',#3211,#3212,#844,.T.);
#4243=EDGE_CURVE('',#3212,#3214,#848,.T.);
#4245=EDGE_CURVE('',#3216,#3214,#852,.T.);
#4250=EDGE_CURVE('',#3219,#3220,#868,.T.);
#4252=EDGE_CURVE('',#3220,#3222,#872,.T.);
#4254=EDGE_CURVE('',#3224,#3222,#876,.T.);
#4257=EDGE_CURVE('',#3151,#3152,#884,.T.);
#4259=EDGE_CURVE('',#3152,#3154,#888,.T.);
#4261=EDGE_CURVE('',#3156,#3154,#892,.T.);
#4264=EDGE_CURVE('',#3083,#3084,#900,.T.);
#4266=EDGE_CURVE('',#3084,#3086,#904,.T.);
#4268=EDGE_CURVE('',#3088,#3086,#908,.T.);
#4271=EDGE_CURVE('',#3013,#3014,#916,.T.);
#4273=EDGE_CURVE('',#3014,#3016,#920,.T.);
#4275=EDGE_CURVE('',#3018,#3016,#924,.T.);
#4278=EDGE_CURVE('',#2959,#2960,#932,.T.);
#4280=EDGE_CURVE('',#2960,#2962,#936,.T.);
#4282=EDGE_CURVE('',#2964,#2962,#940,.T.);
#4285=EDGE_CURVE('',#2733,#2734,#948,.T.);
#4287=EDGE_CURVE('',#2734,#2736,#952,.T.);
#4289=EDGE_CURVE('',#2738,#2736,#956,.T.);
#4292=EDGE_CURVE('',#2709,#2710,#964,.T.);
#4294=EDGE_CURVE('',#2710,#2712,#968,.T.);
#4296=EDGE_CURVE('',#2714,#2712,#972,.T.);
#4299=EDGE_CURVE('',#2685,#2686,#980,.T.);
#4301=EDGE_CURVE('',#2686,#2688,#984,.T.);
#4303=EDGE_CURVE('',#2690,#2688,#988,.T.);
#4306=EDGE_CURVE('',#2661,#2662,#996,.T.);
#4308=EDGE_CURVE('',#2662,#2664,#1000,.T.);
#4310=EDGE_CURVE('',#2666,#2664,#1004,.T.);
#4313=EDGE_CURVE('',#2547,#2548,#1012,.T.);
#4315=EDGE_CURVE('',#2548,#2550,#1016,.T.);
#4321=EDGE_CURVE('',#2539,#2540,#1036,.T.);
#4323=EDGE_CURVE('',#2540,#2542,#1040,.T.);
#4325=EDGE_CURVE('',#2544,#2542,#1044,.T.);
#4328=EDGE_CURVE('',#2653,#2654,#1052,.T.);
#4330=EDGE_CURVE('',#2654,#2656,#1056,.T.);
#4332=EDGE_CURVE('',#2658,#2656,#1060,.T.);
#4335=EDGE_CURVE('',#2677,#2678,#1068,.T.);
#4337=EDGE_CURVE('',#2678,#2680,#1072,.T.);
#4339=EDGE_CURVE('',#2682,#2680,#1076,.T.);
#4342=EDGE_CURVE('',#2701,#2702,#1084,.T.);
#4344=EDGE_CURVE('',#2702,#2704,#1088,.T.);
#4346=EDGE_CURVE('',#2706,#2704,#1092,.T.);
#4349=EDGE_CURVE('',#2725,#2726,#1100,.T.);
#4351=EDGE_CURVE('',#2726,#2728,#1104,.T.);
#4353=EDGE_CURVE('',#2730,#2728,#1108,.T.);
#4356=EDGE_CURVE('',#2951,#2952,#1116,.T.);
#4358=EDGE_CURVE('',#2952,#2954,#1120,.T.);
#4360=EDGE_CURVE('',#2956,#2954,#1124,.T.);
#4363=EDGE_CURVE('',#3005,#3006,#1132,.T.);
#4365=EDGE_CURVE('',#3006,#3008,#1136,.T.);
#4367=EDGE_CURVE('',#3010,#3008,#1140,.T.);
#4370=EDGE_CURVE('',#3075,#3076,#1148,.T.);
#4372=EDGE_CURVE('',#3076,#3078,#1152,.T.);
#4374=EDGE_CURVE('',#3080,#3078,#1156,.T.);
#4377=EDGE_CURVE('',#3143,#3144,#1164,.T.);
#4379=EDGE_CURVE('',#3144,#3146,#1168,.T.);
#4381=EDGE_CURVE('',#3148,#3146,#1172,.T.);
#4393=EDGE_CURVE('',#3212,#3250,#1198,.T.);
#4406=EDGE_CURVE('',#3214,#3252,#1296,.T.);
#4412=EDGE_CURVE('',#3243,#3244,#1185,.T.);
#4414=EDGE_CURVE('',#3244,#3243,#1190,.T.);
#4425=EDGE_CURVE('',#3243,#3231,#1211,.T.);
#4427=EDGE_CURVE('',#3231,#3239,#1242,.T.);
#4429=EDGE_CURVE('',#3244,#3239,#1207,.T.);
#4439=EDGE_CURVE('',#3247,#3248,#1261,.T.);
#4441=EDGE_CURVE('',#3236,#3248,#1224,.T.);
#4443=EDGE_CURVE('',#3228,#3236,#1203,.T.);
#4445=EDGE_CURVE('',#3228,#3247,#1215,.T.);
#4457=EDGE_CURVE('',#3231,#3239,#1233,.T.);
#4468=EDGE_CURVE('',#3248,#3247,#1266,.T.);
#4471=EDGE_CURVE('',#3228,#3236,#1220,.T.);
#4482=EDGE_CURVE('',#3231,#3232,#1228,.T.);
#4485=EDGE_CURVE('',#3239,#3240,#1237,.T.);
#4487=EDGE_CURVE('',#3232,#3240,#1247,.T.);
#4498=EDGE_CURVE('',#3232,#3240,#1252,.T.);
#4521=EDGE_CURVE('',#3222,#3206,#1270,.T.);
#4524=EDGE_CURVE('',#3220,#3204,#1256,.T.);
#4562=EDGE_CURVE('',#3227,#3228,#1274,.T.);
#4564=EDGE_CURVE('',#3227,#3235,#1279,.T.);
#4566=EDGE_CURVE('',#3235,#3236,#1283,.T.);
#4580=EDGE_CURVE('',#3227,#3235,#1288,.T.);
#4613=EDGE_CURVE('',#3152,#3136,#1300,.T.);
#4626=EDGE_CURVE('',#3154,#3138,#1314,.T.);
#4632=EDGE_CURVE('',#3179,#3180,#1305,.T.);
#4634=EDGE_CURVE('',#3180,#3179,#1310,.T.);
#4656=EDGE_CURVE('',#3175,#3176,#1324,.T.);
#4658=EDGE_CURVE('',#3175,#3163,#1345,.T.);
#4660=EDGE_CURVE('',#3163,#3171,#1376,.T.);
#4662=EDGE_CURVE('',#3176,#3171,#1341,.T.);
#4673=EDGE_CURVE('',#3168,#3180,#1358,.T.);
#4675=EDGE_CURVE('',#3160,#3168,#1319,.T.);
#4677=EDGE_CURVE('',#3160,#3179,#1349,.T.);
#4688=EDGE_CURVE('',#3146,#3184,#1412,.T.);
#4691=EDGE_CURVE('',#3144,#3182,#1337,.T.);
#4696=EDGE_CURVE('',#3176,#3175,#1329,.T.);
#4708=EDGE_CURVE('',#3163,#3171,#1367,.T.);
#4721=EDGE_CURVE('',#3160,#3168,#1354,.T.);
#4732=EDGE_CURVE('',#3163,#3164,#1362,.T.);
#4735=EDGE_CURVE('',#3171,#3172,#1371,.T.);
#4737=EDGE_CURVE('',#3164,#3172,#1381,.T.);
#4748=EDGE_CURVE('',#3164,#3172,#1386,.T.);
#4770=EDGE_CURVE('',#3159,#3160,#1390,.T.);
#4772=EDGE_CURVE('',#3159,#3167,#1395,.T.);
#4774=EDGE_CURVE('',#3167,#3168,#1399,.T.);
#4788=EDGE_CURVE('',#3159,#3167,#1404,.T.);
#4833=EDGE_CURVE('',#3084,#3068,#1420,.T.);
#4846=EDGE_CURVE('',#3086,#3070,#1434,.T.);
#4852=EDGE_CURVE('',#3111,#3112,#1425,.T.);
#4854=EDGE_CURVE('',#3112,#3111,#1430,.T.);
#4876=EDGE_CURVE('',#3107,#3108,#1444,.T.);
#4878=EDGE_CURVE('',#3107,#3095,#1465,.T.);
#4880=EDGE_CURVE('',#3095,#3103,#1496,.T.);
#4882=EDGE_CURVE('',#3108,#3103,#1461,.T.);
#4893=EDGE_CURVE('',#3100,#3112,#1478,.T.);
#4895=EDGE_CURVE('',#3092,#3100,#1439,.T.);
#4897=EDGE_CURVE('',#3092,#3111,#1469,.T.);
#4908=EDGE_CURVE('',#3078,#3116,#1532,.T.);
#4911=EDGE_CURVE('',#3076,#3114,#1457,.T.);
#4916=EDGE_CURVE('',#3108,#3107,#1449,.T.);
#4928=EDGE_CURVE('',#3095,#3103,#1487,.T.);
#4941=EDGE_CURVE('',#3092,#3100,#1474,.T.);
#4952=EDGE_CURVE('',#3095,#3096,#1482,.T.);
#4955=EDGE_CURVE('',#3103,#3104,#1491,.T.);
#4957=EDGE_CURVE('',#3096,#3104,#1501,.T.);
#4968=EDGE_CURVE('',#3096,#3104,#1506,.T.);
#4990=EDGE_CURVE('',#3091,#3092,#1510,.T.);
#4992=EDGE_CURVE('',#3091,#3099,#1515,.T.);
#4994=EDGE_CURVE('',#3099,#3100,#1519,.T.);
#5008=EDGE_CURVE('',#3091,#3099,#1524,.T.);
#5053=EDGE_CURVE('',#3014,#2998,#1540,.T.);
#5066=EDGE_CURVE('',#3016,#3000,#1554,.T.);
#5072=EDGE_CURVE('',#3041,#3042,#1545,.T.);
#5074=EDGE_CURVE('',#3042,#3041,#1550,.T.);
#5096=EDGE_CURVE('',#3037,#3038,#1564,.T.);
#5098=EDGE_CURVE('',#3037,#3025,#1585,.T.);
#5100=EDGE_CURVE('',#3025,#3033,#1616,.T.);
#5102=EDGE_CURVE('',#3038,#3033,#1581,.T.);
#5113=EDGE_CURVE('',#3030,#3042,#1598,.T.);
#5115=EDGE_CURVE('',#3022,#3030,#1559,.T.);
#5117=EDGE_CURVE('',#3022,#3041,#1589,.T.);
#5128=EDGE_CURVE('',#3008,#3048,#1652,.T.);
#5131=EDGE_CURVE('',#3006,#3046,#1577,.T.);
#5136=EDGE_CURVE('',#3038,#3037,#1569,.T.);
#5148=EDGE_CURVE('',#3025,#3033,#1607,.T.);
#5161=EDGE_CURVE('',#3022,#3030,#1594,.T.);
#5172=EDGE_CURVE('',#3025,#3026,#1602,.T.);
#5175=EDGE_CURVE('',#3033,#3034,#1611,.T.);
#5177=EDGE_CURVE('',#3026,#3034,#1621,.T.);
#5188=EDGE_CURVE('',#3026,#3034,#1626,.T.);
#5210=EDGE_CURVE('',#3021,#3022,#1630,.T.);
#5212=EDGE_CURVE('',#3021,#3029,#1635,.T.);
#5214=EDGE_CURVE('',#3029,#3030,#1639,.T.);
#5228=EDGE_CURVE('',#3021,#3029,#1644,.T.);
#5273=EDGE_CURVE('',#2960,#2944,#1660,.T.);
#5286=EDGE_CURVE('',#2962,#2946,#1674,.T.);
#5292=EDGE_CURVE('',#2987,#2988,#1665,.T.);
#5294=EDGE_CURVE('',#2988,#2987,#1670,.T.);
#5316=EDGE_CURVE('',#2983,#2984,#1684,.T.);
#5318=EDGE_CURVE('',#2983,#2971,#1705,.T.);
#5320=EDGE_CURVE('',#2971,#2979,#1736,.T.);
#5322=EDGE_CURVE('',#2984,#2979,#1701,.T.);
#5333=EDGE_CURVE('',#2976,#2988,#1718,.T.);
#5335=EDGE_CURVE('',#2968,#2976,#1679,.T.);
#5337=EDGE_CURVE('',#2968,#2987,#1709,.T.);
#5348=EDGE_CURVE('',#2954,#2992,#1772,.T.);
#5351=EDGE_CURVE('',#2952,#2990,#1697,.T.);
#5356=EDGE_CURVE('',#2984,#2983,#1689,.T.);
#5368=EDGE_CURVE('',#2971,#2979,#1727,.T.);
#5381=EDGE_CURVE('',#2968,#2976,#1714,.T.);
#5392=EDGE_CURVE('',#2971,#2972,#1722,.T.);
#5395=EDGE_CURVE('',#2979,#2980,#1731,.T.);
#5397=EDGE_CURVE('',#2972,#2980,#1741,.T.);
#5408=EDGE_CURVE('',#2972,#2980,#1746,.T.);
#5430=EDGE_CURVE('',#2967,#2968,#1750,.T.);
#5432=EDGE_CURVE('',#2967,#2975,#1755,.T.);
#5434=EDGE_CURVE('',#2975,#2976,#1759,.T.);
#5448=EDGE_CURVE('',#2967,#2975,#1764,.T.);
#5493=EDGE_CURVE('',#2734,#2718,#1780,.T.);
#5506=EDGE_CURVE('',#2736,#2720,#1794,.T.);
#5512=EDGE_CURVE('',#2875,#2876,#1785,.T.);
#5514=EDGE_CURVE('',#2876,#2875,#1790,.T.);
#5536=EDGE_CURVE('',#2871,#2872,#1804,.T.);
#5538=EDGE_CURVE('',#2871,#2859,#1825,.T.);
#5540=EDGE_CURVE('',#2859,#2867,#1856,.T.);
#5542=EDGE_CURVE('',#2872,#2867,#1821,.T.);
#5553=EDGE_CURVE('',#2864,#2876,#1838,.T.);
#5555=EDGE_CURVE('',#2856,#2864,#1799,.T.);
#5557=EDGE_CURVE('',#2856,#2875,#1829,.T.);
#5568=EDGE_CURVE('',#2728,#2780,#1892,.T.);
#5571=EDGE_CURVE('',#2726,#2778,#1817,.T.);
#5576=EDGE_CURVE('',#2872,#2871,#1809,.T.);
#5588=EDGE_CURVE('',#2859,#2867,#1847,.T.);
#5601=EDGE_CURVE('',#2856,#2864,#1834,.T.);
#5612=EDGE_CURVE('',#2859,#2860,#1842,.T.);
#5615=EDGE_CURVE('',#2867,#2868,#1851,.T.);
#5617=EDGE_CURVE('',#2860,#2868,#1861,.T.);
#5628=EDGE_CURVE('',#2860,#2868,#1866,.T.);
#5650=EDGE_CURVE('',#2855,#2856,#1870,.T.);
#5652=EDGE_CURVE('',#2855,#2863,#1875,.T.);
#5654=EDGE_CURVE('',#2863,#2864,#1879,.T.);
#5668=EDGE_CURVE('',#2855,#2863,#1884,.T.);
#5713=EDGE_CURVE('',#2710,#2694,#1900,.T.);
#5726=EDGE_CURVE('',#2712,#2696,#1914,.T.);
#5732=EDGE_CURVE('',#2851,#2852,#1905,.T.);
#5734=EDGE_CURVE('',#2852,#2851,#1910,.T.);
#5756=EDGE_CURVE('',#2847,#2848,#1924,.T.);
#5758=EDGE_CURVE('',#2847,#2835,#1945,.T.);
#5760=EDGE_CURVE('',#2835,#2843,#1976,.T.);
#5762=EDGE_CURVE('',#2848,#2843,#1941,.T.);
#5773=EDGE_CURVE('',#2840,#2852,#1958,.T.);
#5775=EDGE_CURVE('',#2832,#2840,#1919,.T.);
#5777=EDGE_CURVE('',#2832,#2851,#1949,.T.);
#5788=EDGE_CURVE('',#2704,#2772,#2012,.T.);
#5791=EDGE_CURVE('',#2702,#2770,#1937,.T.);
#5796=EDGE_CURVE('',#2848,#2847,#1929,.T.);
#5808=EDGE_CURVE('',#2835,#2843,#1967,.T.);
#5821=EDGE_CURVE('',#2832,#2840,#1954,.T.);
#5832=EDGE_CURVE('',#2835,#2836,#1962,.T.);
#5835=EDGE_CURVE('',#2843,#2844,#1971,.T.);
#5837=EDGE_CURVE('',#2836,#2844,#1981,.T.);
#5848=EDGE_CURVE('',#2836,#2844,#1986,.T.);
#5870=EDGE_CURVE('',#2831,#2832,#1990,.T.);
#5872=EDGE_CURVE('',#2831,#2839,#1995,.T.);
#5874=EDGE_CURVE('',#2839,#2840,#1999,.T.);
#5888=EDGE_CURVE('',#2831,#2839,#2004,.T.);
#5933=EDGE_CURVE('',#2686,#2670,#2020,.T.);
#5946=EDGE_CURVE('',#2688,#2672,#2034,.T.);
#5952=EDGE_CURVE('',#2827,#2828,#2025,.T.);
#5954=EDGE_CURVE('',#2828,#2827,#2030,.T.);
#5976=EDGE_CURVE('',#2823,#2824,#2044,.T.);
#5978=EDGE_CURVE('',#2823,#2811,#2065,.T.);
#5980=EDGE_CURVE('',#2811,#2819,#2096,.T.);
#5982=EDGE_CURVE('',#2824,#2819,#2061,.T.);
#5993=EDGE_CURVE('',#2816,#2828,#2078,.T.);
#5995=EDGE_CURVE('',#2808,#2816,#2039,.T.);
#5997=EDGE_CURVE('',#2808,#2827,#2069,.T.);
#6008=EDGE_CURVE('',#2680,#2764,#2132,.T.);
#6011=EDGE_CURVE('',#2678,#2762,#2057,.T.);
#6016=EDGE_CURVE('',#2824,#2823,#2049,.T.);
#6028=EDGE_CURVE('',#2811,#2819,#2087,.T.);
#6041=EDGE_CURVE('',#2808,#2816,#2074,.T.);
#6052=EDGE_CURVE('',#2811,#2812,#2082,.T.);
#6055=EDGE_CURVE('',#2819,#2820,#2091,.T.);
#6057=EDGE_CURVE('',#2812,#2820,#2101,.T.);
#6068=EDGE_CURVE('',#2812,#2820,#2106,.T.);
#6090=EDGE_CURVE('',#2807,#2808,#2110,.T.);
#6092=EDGE_CURVE('',#2807,#2815,#2115,.T.);
#6094=EDGE_CURVE('',#2815,#2816,#2119,.T.);
#6108=EDGE_CURVE('',#2807,#2815,#2124,.T.);
#6153=EDGE_CURVE('',#2662,#2646,#2140,.T.);
#6166=EDGE_CURVE('',#2664,#2648,#2154,.T.);
#6172=EDGE_CURVE('',#2803,#2804,#2145,.T.);
#6174=EDGE_CURVE('',#2804,#2803,#2150,.T.);
#6196=EDGE_CURVE('',#2799,#2800,#2164,.T.);
#6198=EDGE_CURVE('',#2799,#2787,#2185,.T.);
#6200=EDGE_CURVE('',#2787,#2795,#2216,.T.);
#6202=EDGE_CURVE('',#2800,#2795,#2181,.T.);
#6213=EDGE_CURVE('',#2792,#2804,#2198,.T.);
#6215=EDGE_CURVE('',#2784,#2792,#2159,.T.);
#6217=EDGE_CURVE('',#2784,#2803,#2189,.T.);
#6228=EDGE_CURVE('',#2656,#2756,#2252,.T.);
#6231=EDGE_CURVE('',#2654,#2754,#2177,.T.);
#6236=EDGE_CURVE('',#2800,#2799,#2169,.T.);
#6248=EDGE_CURVE('',#2787,#2795,#2207,.T.);
#6261=EDGE_CURVE('',#2784,#2792,#2194,.T.);
#6272=EDGE_CURVE('',#2787,#2788,#2202,.T.);
#6275=EDGE_CURVE('',#2795,#2796,#2211,.T.);
#6277=EDGE_CURVE('',#2788,#2796,#2221,.T.);
#6288=EDGE_CURVE('',#2788,#2796,#2226,.T.);
#6310=EDGE_CURVE('',#2783,#2784,#2230,.T.);
#6312=EDGE_CURVE('',#2783,#2791,#2235,.T.);
#6314=EDGE_CURVE('',#2791,#2792,#2239,.T.);
#6328=EDGE_CURVE('',#2783,#2791,#2244,.T.);
#6373=EDGE_CURVE('',#2548,#2532,#2260,.T.);
#6391=EDGE_CURVE('',#2629,#2630,#2265,.T.);
#6393=EDGE_CURVE('',#2630,#2629,#2270,.T.);
#6403=EDGE_CURVE('',#2625,#2626,#2280,.T.);
#6405=EDGE_CURVE('',#2625,#2613,#2301,.T.);
#6407=EDGE_CURVE('',#2613,#2621,#2332,.T.);
#6409=EDGE_CURVE('',#2626,#2621,#2297,.T.);
#6420=EDGE_CURVE('',#2618,#2630,#2314,.T.);
#6422=EDGE_CURVE('',#2610,#2618,#2275,.T.);
#6424=EDGE_CURVE('',#2610,#2629,#2305,.T.);
#6435=EDGE_CURVE('',#2542,#2634,#2364,.T.);
#6438=EDGE_CURVE('',#2540,#2632,#2293,.T.);
#6443=EDGE_CURVE('',#2626,#2625,#2285,.T.);
#6455=EDGE_CURVE('',#2613,#2621,#2323,.T.);
#6468=EDGE_CURVE('',#2610,#2618,#2310,.T.);
#6479=EDGE_CURVE('',#2613,#2614,#2318,.T.);
#6482=EDGE_CURVE('',#2621,#2622,#2327,.T.);
#6484=EDGE_CURVE('',#2614,#2622,#2337,.T.);
#6495=EDGE_CURVE('',#2614,#2622,#2342,.T.);
#6517=EDGE_CURVE('',#2609,#2610,#2346,.T.);
#6519=EDGE_CURVE('',#2609,#2617,#2351,.T.);
#6521=EDGE_CURVE('',#2617,#2618,#2355,.T.);
#6535=EDGE_CURVE('',#2609,#2617,#2360,.T.);
#6580=EDGE_CURVE('',#2576,#2568,#2380,.T.);
#6583=EDGE_CURVE('',#2575,#2567,#2376,.T.);
#6594=EDGE_CURVE('',#2578,#2570,#2384,.T.);
#6607=EDGE_CURVE('',#2580,#2572,#2388,.T.);
#6632=EDGE_CURVE('',#2888,#2880,#2396,.T.);
#6635=EDGE_CURVE('',#2887,#2879,#2392,.T.);
#6646=EDGE_CURVE('',#2890,#2882,#2400,.T.);
#6659=EDGE_CURVE('',#2892,#2884,#2404,.T.);
#6684=EDGE_CURVE('',#2904,#2896,#2412,.T.);
#6687=EDGE_CURVE('',#2903,#2895,#2408,.T.);
#6698=EDGE_CURVE('',#2906,#2898,#2416,.T.);
#6711=EDGE_CURVE('',#2908,#2900,#2420,.T.);
#6736=EDGE_CURVE('',#2920,#2912,#2428,.T.);
#6739=EDGE_CURVE('',#2919,#2911,#2424,.T.);
#6750=EDGE_CURVE('',#2922,#2914,#2432,.T.);
#6763=EDGE_CURVE('',#2924,#2916,#2436,.T.);
#6788=EDGE_CURVE('',#2936,#2928,#2444,.T.);
#6791=EDGE_CURVE('',#2935,#2927,#2440,.T.);
#6802=EDGE_CURVE('',#2938,#2930,#2448,.T.);
#6815=EDGE_CURVE('',#2940,#2932,#2452,.T.);
#6840=EDGE_CURVE('',#3060,#3052,#2460,.T.);
#6843=EDGE_CURVE('',#3059,#3051,#2456,.T.);
#6854=EDGE_CURVE('',#3062,#3054,#2464,.T.);
#6867=EDGE_CURVE('',#3064,#3056,#2468,.T.);
#6892=EDGE_CURVE('',#3128,#3120,#2476,.T.);
#6895=EDGE_CURVE('',#3127,#3119,#2472,.T.);
#6906=EDGE_CURVE('',#3130,#3122,#2480,.T.);
#6919=EDGE_CURVE('',#3132,#3124,#2484,.T.);
#6944=EDGE_CURVE('',#3196,#3188,#2492,.T.);
#6947=EDGE_CURVE('',#3195,#3187,#2488,.T.);
#6958=EDGE_CURVE('',#3198,#3190,#2496,.T.);
#6971=EDGE_CURVE('',#3200,#3192,#2500,.T.);
#6996=EDGE_CURVE('',#3264,#3256,#2508,.T.);
#6999=EDGE_CURVE('',#3263,#3255,#2504,.T.);
#7010=EDGE_CURVE('',#3266,#3258,#2512,.T.);
#7023=EDGE_CURVE('',#3268,#3260,#2516,.T.);
#7052=TRIMMED_CURVE('A_1',#7051,(PARAMETER_VALUE(0.E0)),(PARAMETER_VALUE(1.E0)),
.T.,.UNSPECIFIED.);
#7058=TRIMMED_CURVE('A_2',#7057,(PARAMETER_VALUE(0.E0)),(PARAMETER_VALUE(1.E0)),
.T.,.UNSPECIFIED.);
#7063=TRIMMED_CURVE('A_3',#7062,(PARAMETER_VALUE(0.E0)),(PARAMETER_VALUE(1.E0)),
.T.,.UNSPECIFIED.);
#7068=TRIMMED_CURVE('A_4',#7067,(PARAMETER_VALUE(0.E0)),(PARAMETER_VALUE(1.E0)),
.T.,.UNSPECIFIED.);
#7073=TRIMMED_CURVE('A_5',#7072,(PARAMETER_VALUE(0.E0)),(PARAMETER_VALUE(1.E0)),
.T.,.UNSPECIFIED.);
#7078=TRIMMED_CURVE('A_6',#7077,(PARAMETER_VALUE(0.E0)),(PARAMETER_VALUE(1.E0)),
.T.,.UNSPECIFIED.);
#7083=TRIMMED_CURVE('A_7',#7082,(PARAMETER_VALUE(0.E0)),(PARAMETER_VALUE(1.E0)),
.T.,.UNSPECIFIED.);
#7088=TRIMMED_CURVE('A_8',#7087,(PARAMETER_VALUE(0.E0)),(PARAMETER_VALUE(1.E0)),
.T.,.UNSPECIFIED.);
#7093=TRIMMED_CURVE('A_9',#7092,(PARAMETER_VALUE(0.E0)),(PARAMETER_VALUE(1.E0)),
.T.,.UNSPECIFIED.);
#7098=TRIMMED_CURVE('A_10',#7097,(PARAMETER_VALUE(0.E0)),(PARAMETER_VALUE
(1.E0)),.T.,.UNSPECIFIED.);
#7103=CIRCLE('',#7102,7.6E-1);
#7104=TRIMMED_CURVE('',#7103,(PARAMETER_VALUE(0.E0)),(PARAMETER_VALUE(1.8E2)),
.T.,.UNSPECIFIED.);
#7105=COMPOSITE_CURVE_SEGMENT(.CONTINUOUS.,.T.,#7104);
#7110=CIRCLE('',#7109,7.6E-1);
#7111=TRIMMED_CURVE('',#7110,(PARAMETER_VALUE(0.E0)),(PARAMETER_VALUE(1.8E2)),
.T.,.UNSPECIFIED.);
#7112=COMPOSITE_CURVE_SEGMENT(.CONTINUOUS.,.T.,#7111);
#7113=COMPOSITE_CURVE('',(#7105,#7112),.F.);
#7118=CIRCLE('',#7117,7.6E-1);
#7119=TRIMMED_CURVE('',#7118,(PARAMETER_VALUE(0.E0)),(PARAMETER_VALUE(1.8E2)),
.T.,.UNSPECIFIED.);
#7120=COMPOSITE_CURVE_SEGMENT(.CONTINUOUS.,.T.,#7119);
#7125=CIRCLE('',#7124,7.6E-1);
#7126=TRIMMED_CURVE('',#7125,(PARAMETER_VALUE(0.E0)),(PARAMETER_VALUE(1.8E2)),
.T.,.UNSPECIFIED.);
#7127=COMPOSITE_CURVE_SEGMENT(.CONTINUOUS.,.T.,#7126);
#7128=COMPOSITE_CURVE('',(#7120,#7127),.F.);
#7133=CIRCLE('',#7132,7.6E-1);
#7134=TRIMMED_CURVE('',#7133,(PARAMETER_VALUE(0.E0)),(PARAMETER_VALUE(1.8E2)),
.T.,.UNSPECIFIED.);
#7135=COMPOSITE_CURVE_SEGMENT(.CONTINUOUS.,.T.,#7134);
#7140=CIRCLE('',#7139,7.6E-1);
#7141=TRIMMED_CURVE('',#7140,(PARAMETER_VALUE(0.E0)),(PARAMETER_VALUE(1.8E2)),
.T.,.UNSPECIFIED.);
#7142=COMPOSITE_CURVE_SEGMENT(.CONTINUOUS.,.T.,#7141);
#7143=COMPOSITE_CURVE('',(#7135,#7142),.F.);
#7148=CIRCLE('',#7147,7.6E-1);
#7149=TRIMMED_CURVE('',#7148,(PARAMETER_VALUE(0.E0)),(PARAMETER_VALUE(1.8E2)),
.T.,.UNSPECIFIED.);
#7150=COMPOSITE_CURVE_SEGMENT(.CONTINUOUS.,.T.,#7149);
#7155=CIRCLE('',#7154,7.6E-1);
#7156=TRIMMED_CURVE('',#7155,(PARAMETER_VALUE(0.E0)),(PARAMETER_VALUE(1.8E2)),
.T.,.UNSPECIFIED.);
#7157=COMPOSITE_CURVE_SEGMENT(.CONTINUOUS.,.T.,#7156);
#7158=COMPOSITE_CURVE('',(#7150,#7157),.F.);
#7163=CIRCLE('',#7162,7.6E-1);
#7164=TRIMMED_CURVE('',#7163,(PARAMETER_VALUE(0.E0)),(PARAMETER_VALUE(1.8E2)),
.T.,.UNSPECIFIED.);
#7165=COMPOSITE_CURVE_SEGMENT(.CONTINUOUS.,.T.,#7164);
#7170=CIRCLE('',#7169,7.6E-1);
#7171=TRIMMED_CURVE('',#7170,(PARAMETER_VALUE(0.E0)),(PARAMETER_VALUE(1.8E2)),
.T.,.UNSPECIFIED.);
#7172=COMPOSITE_CURVE_SEGMENT(.CONTINUOUS.,.T.,#7171);
#7173=COMPOSITE_CURVE('',(#7165,#7172),.F.);
#7178=CIRCLE('',#7177,7.6E-1);
#7179=TRIMMED_CURVE('',#7178,(PARAMETER_VALUE(0.E0)),(PARAMETER_VALUE(1.8E2)),
.T.,.UNSPECIFIED.);
#7180=COMPOSITE_CURVE_SEGMENT(.CONTINUOUS.,.T.,#7179);
#7185=CIRCLE('',#7184,7.6E-1);
#7186=TRIMMED_CURVE('',#7185,(PARAMETER_VALUE(0.E0)),(PARAMETER_VALUE(1.8E2)),
.T.,.UNSPECIFIED.);
#7187=COMPOSITE_CURVE_SEGMENT(.CONTINUOUS.,.T.,#7186);
#7188=COMPOSITE_CURVE('',(#7180,#7187),.F.);
#7193=CIRCLE('',#7192,7.6E-1);
#7194=TRIMMED_CURVE('',#7193,(PARAMETER_VALUE(0.E0)),(PARAMETER_VALUE(1.8E2)),
.T.,.UNSPECIFIED.);
#7195=COMPOSITE_CURVE_SEGMENT(.CONTINUOUS.,.T.,#7194);
#7200=CIRCLE('',#7199,7.6E-1);
#7201=TRIMMED_CURVE('',#7200,(PARAMETER_VALUE(0.E0)),(PARAMETER_VALUE(1.8E2)),
.T.,.UNSPECIFIED.);
#7202=COMPOSITE_CURVE_SEGMENT(.CONTINUOUS.,.T.,#7201);
#7203=COMPOSITE_CURVE('',(#7195,#7202),.F.);
#7208=CIRCLE('',#7207,7.6E-1);
#7209=TRIMMED_CURVE('',#7208,(PARAMETER_VALUE(0.E0)),(PARAMETER_VALUE(1.8E2)),
.T.,.UNSPECIFIED.);
#7210=COMPOSITE_CURVE_SEGMENT(.CONTINUOUS.,.T.,#7209);
#7215=CIRCLE('',#7214,7.6E-1);
#7216=TRIMMED_CURVE('',#7215,(PARAMETER_VALUE(0.E0)),(PARAMETER_VALUE(1.8E2)),
.T.,.UNSPECIFIED.);
#7217=COMPOSITE_CURVE_SEGMENT(.CONTINUOUS.,.T.,#7216);
#7218=COMPOSITE_CURVE('',(#7210,#7217),.F.);
#7223=CIRCLE('',#7222,7.6E-1);
#7224=TRIMMED_CURVE('',#7223,(PARAMETER_VALUE(0.E0)),(PARAMETER_VALUE(1.8E2)),
.T.,.UNSPECIFIED.);
#7225=COMPOSITE_CURVE_SEGMENT(.CONTINUOUS.,.T.,#7224);
#7230=CIRCLE('',#7229,7.6E-1);
#7231=TRIMMED_CURVE('',#7230,(PARAMETER_VALUE(0.E0)),(PARAMETER_VALUE(1.8E2)),
.T.,.UNSPECIFIED.);
#7232=COMPOSITE_CURVE_SEGMENT(.CONTINUOUS.,.T.,#7231);
#7233=COMPOSITE_CURVE('',(#7225,#7232),.F.);
#7238=CIRCLE('',#7237,7.6E-1);
#7239=TRIMMED_CURVE('',#7238,(PARAMETER_VALUE(0.E0)),(PARAMETER_VALUE(1.8E2)),
.T.,.UNSPECIFIED.);
#7240=COMPOSITE_CURVE_SEGMENT(.CONTINUOUS.,.T.,#7239);
#7245=CIRCLE('',#7244,7.6E-1);
#7246=TRIMMED_CURVE('',#7245,(PARAMETER_VALUE(0.E0)),(PARAMETER_VALUE(1.8E2)),
.T.,.UNSPECIFIED.);
#7247=COMPOSITE_CURVE_SEGMENT(.CONTINUOUS.,.T.,#7246);
#7248=COMPOSITE_CURVE('',(#7240,#7247),.F.);
#7249=(LENGTH_UNIT()NAMED_UNIT(*)SI_UNIT(.MILLI.,.METRE.));
#7251=(NAMED_UNIT(*)PLANE_ANGLE_UNIT()SI_UNIT($,.RADIAN.));
#7254=(NAMED_UNIT(*)SI_UNIT($,.STERADIAN.)SOLID_ANGLE_UNIT());
#7257=ADVANCED_BREP_SHAPE_REPRESENTATION('',(#7043),#7256);
#7258=GEOMETRICALLY_BOUNDED_SURFACE_SHAPE_REPRESENTATION('',(#7053),#7256);
#7259=SHAPE_REPRESENTATION('',(#7047),#7256);
#7268=PRODUCT_DEFINITION('design','',#7267,#7264);
#7269=PRODUCT_DEFINITION_SHAPE('','SHAPE FOR 026192101.',#7268);
#7270=SHAPE_DEFINITION_REPRESENTATION(#7269,#7259);
ENDSEC;
END-ISO-10303-21;
