ISO-10303-21;
HEADER;
FILE_DESCRIPTION((''),'2;1');
FILE_NAME('026192081','2014-09-08T',('me'),(''),
'PRO/ENGINEER BY PARAMETRIC TECHNOLOGY CORPORATION, 2011490',
'PRO/ENGINEER BY PARAMETRIC TECHNOLOGY CORPORATION, 2011490','');
FILE_SCHEMA(('CONFIG_CONTROL_DESIGN'));
ENDSEC;
DATA;
#1=DIRECTION('',(0.E0,-1.E0,0.E0));
#2=VECTOR('',#1,5.95E0);
#3=CARTESIAN_POINT('',(7.4E0,7.535E0,-3.43E0));
#4=LINE('',#3,#2);
#5=DIRECTION('',(0.E0,-1.E0,0.E0));
#6=VECTOR('',#5,5.95E0);
#7=CARTESIAN_POINT('',(-3.46E0,7.535E0,-3.43E0));
#8=LINE('',#7,#6);
#9=DIRECTION('',(1.E0,0.E0,0.E0));
#10=VECTOR('',#9,1.02E0);
#11=CARTESIAN_POINT('',(-4.48E0,1.585E0,-3.43E0));
#12=LINE('',#11,#10);
#13=DIRECTION('',(0.E0,-1.E0,0.E0));
#14=VECTOR('',#13,5.95E0);
#15=CARTESIAN_POINT('',(-4.48E0,7.535E0,-3.43E0));
#16=LINE('',#15,#14);
#17=DIRECTION('',(1.E0,0.E0,0.E0));
#18=VECTOR('',#17,8.9E-1);
#19=CARTESIAN_POINT('',(-1.585E1,-1.585E0,-3.43E0));
#20=LINE('',#19,#18);
#21=DIRECTION('',(0.E0,1.E0,0.E0));
#22=VECTOR('',#21,3.8E-1);
#23=CARTESIAN_POINT('',(-1.496E1,-1.585E0,-3.43E0));
#24=LINE('',#23,#22);
#25=DIRECTION('',(-1.E0,0.E0,0.E0));
#26=VECTOR('',#25,2.18E0);
#27=CARTESIAN_POINT('',(-1.278E1,-1.205E0,-3.43E0));
#28=LINE('',#27,#26);
#29=DIRECTION('',(0.E0,1.E0,0.E0));
#30=VECTOR('',#29,3.8E-1);
#31=CARTESIAN_POINT('',(-1.278E1,-1.585E0,-3.43E0));
#32=LINE('',#31,#30);
#33=DIRECTION('',(1.E0,0.E0,0.E0));
#34=VECTOR('',#33,1.78E0);
#35=CARTESIAN_POINT('',(-1.278E1,-1.585E0,-3.43E0));
#36=LINE('',#35,#34);
#37=DIRECTION('',(0.E0,1.E0,0.E0));
#38=VECTOR('',#37,3.8E-1);
#39=CARTESIAN_POINT('',(-1.1E1,-1.585E0,-3.43E0));
#40=LINE('',#39,#38);
#41=DIRECTION('',(-1.E0,0.E0,0.E0));
#42=VECTOR('',#41,2.18E0);
#43=CARTESIAN_POINT('',(-8.82E0,-1.205E0,-3.43E0));
#44=LINE('',#43,#42);
#45=DIRECTION('',(0.E0,1.E0,0.E0));
#46=VECTOR('',#45,3.8E-1);
#47=CARTESIAN_POINT('',(-8.82E0,-1.585E0,-3.43E0));
#48=LINE('',#47,#46);
#49=DIRECTION('',(1.E0,0.E0,0.E0));
#50=VECTOR('',#49,1.78E0);
#51=CARTESIAN_POINT('',(-8.82E0,-1.585E0,-3.43E0));
#52=LINE('',#51,#50);
#53=DIRECTION('',(0.E0,1.E0,0.E0));
#54=VECTOR('',#53,3.8E-1);
#55=CARTESIAN_POINT('',(-7.04E0,-1.585E0,-3.43E0));
#56=LINE('',#55,#54);
#57=DIRECTION('',(-1.E0,0.E0,0.E0));
#58=VECTOR('',#57,2.18E0);
#59=CARTESIAN_POINT('',(-4.86E0,-1.205E0,-3.43E0));
#60=LINE('',#59,#58);
#61=DIRECTION('',(0.E0,1.E0,0.E0));
#62=VECTOR('',#61,3.8E-1);
#63=CARTESIAN_POINT('',(-4.86E0,-1.585E0,-3.43E0));
#64=LINE('',#63,#62);
#65=DIRECTION('',(1.E0,0.E0,0.E0));
#66=VECTOR('',#65,1.78E0);
#67=CARTESIAN_POINT('',(-4.86E0,-1.585E0,-3.43E0));
#68=LINE('',#67,#66);
#69=DIRECTION('',(0.E0,1.E0,0.E0));
#70=VECTOR('',#69,3.8E-1);
#71=CARTESIAN_POINT('',(-3.08E0,-1.585E0,-3.43E0));
#72=LINE('',#71,#70);
#73=DIRECTION('',(-1.E0,0.E0,0.E0));
#74=VECTOR('',#73,2.18E0);
#75=CARTESIAN_POINT('',(-9.E-1,-1.205E0,-3.43E0));
#76=LINE('',#75,#74);
#77=DIRECTION('',(0.E0,1.E0,0.E0));
#78=VECTOR('',#77,3.8E-1);
#79=CARTESIAN_POINT('',(-9.E-1,-1.585E0,-3.43E0));
#80=LINE('',#79,#78);
#81=DIRECTION('',(1.E0,0.E0,0.E0));
#82=VECTOR('',#81,1.78E0);
#83=CARTESIAN_POINT('',(-9.E-1,-1.585E0,-3.43E0));
#84=LINE('',#83,#82);
#85=DIRECTION('',(0.E0,1.E0,0.E0));
#86=VECTOR('',#85,3.8E-1);
#87=CARTESIAN_POINT('',(8.8E-1,-1.585E0,-3.43E0));
#88=LINE('',#87,#86);
#89=DIRECTION('',(-1.E0,0.E0,0.E0));
#90=VECTOR('',#89,2.18E0);
#91=CARTESIAN_POINT('',(3.06E0,-1.205E0,-3.43E0));
#92=LINE('',#91,#90);
#93=DIRECTION('',(0.E0,1.E0,0.E0));
#94=VECTOR('',#93,3.8E-1);
#95=CARTESIAN_POINT('',(3.06E0,-1.585E0,-3.43E0));
#96=LINE('',#95,#94);
#97=DIRECTION('',(1.E0,0.E0,0.E0));
#98=VECTOR('',#97,1.78E0);
#99=CARTESIAN_POINT('',(3.06E0,-1.585E0,-3.43E0));
#100=LINE('',#99,#98);
#101=DIRECTION('',(0.E0,1.E0,0.E0));
#102=VECTOR('',#101,3.8E-1);
#103=CARTESIAN_POINT('',(4.84E0,-1.585E0,-3.43E0));
#104=LINE('',#103,#102);
#105=DIRECTION('',(-1.E0,0.E0,0.E0));
#106=VECTOR('',#105,2.18E0);
#107=CARTESIAN_POINT('',(7.02E0,-1.205E0,-3.43E0));
#108=LINE('',#107,#106);
#109=DIRECTION('',(0.E0,1.E0,0.E0));
#110=VECTOR('',#109,3.8E-1);
#111=CARTESIAN_POINT('',(7.02E0,-1.585E0,-3.43E0));
#112=LINE('',#111,#110);
#113=DIRECTION('',(1.E0,0.E0,0.E0));
#114=VECTOR('',#113,1.78E0);
#115=CARTESIAN_POINT('',(7.02E0,-1.585E0,-3.43E0));
#116=LINE('',#115,#114);
#117=DIRECTION('',(0.E0,1.E0,0.E0));
#118=VECTOR('',#117,3.8E-1);
#119=CARTESIAN_POINT('',(8.8E0,-1.585E0,-3.43E0));
#120=LINE('',#119,#118);
#121=DIRECTION('',(-1.E0,0.E0,0.E0));
#122=VECTOR('',#121,2.18E0);
#123=CARTESIAN_POINT('',(1.098E1,-1.205E0,-3.43E0));
#124=LINE('',#123,#122);
#125=DIRECTION('',(0.E0,1.E0,0.E0));
#126=VECTOR('',#125,3.8E-1);
#127=CARTESIAN_POINT('',(1.098E1,-1.585E0,-3.43E0));
#128=LINE('',#127,#126);
#129=DIRECTION('',(1.E0,0.E0,0.E0));
#130=VECTOR('',#129,1.78E0);
#131=CARTESIAN_POINT('',(1.098E1,-1.585E0,-3.43E0));
#132=LINE('',#131,#130);
#133=DIRECTION('',(0.E0,1.E0,0.E0));
#134=VECTOR('',#133,3.8E-1);
#135=CARTESIAN_POINT('',(1.276E1,-1.585E0,-3.43E0));
#136=LINE('',#135,#134);
#137=DIRECTION('',(-1.E0,0.E0,0.E0));
#138=VECTOR('',#137,2.18E0);
#139=CARTESIAN_POINT('',(1.494E1,-1.205E0,-3.43E0));
#140=LINE('',#139,#138);
#141=DIRECTION('',(0.E0,1.E0,0.E0));
#142=VECTOR('',#141,3.8E-1);
#143=CARTESIAN_POINT('',(1.494E1,-1.585E0,-3.43E0));
#144=LINE('',#143,#142);
#145=DIRECTION('',(1.E0,0.E0,0.E0));
#146=VECTOR('',#145,9.1E-1);
#147=CARTESIAN_POINT('',(1.494E1,-1.585E0,-3.43E0));
#148=LINE('',#147,#146);
#149=DIRECTION('',(0.E0,1.E0,0.E0));
#150=VECTOR('',#149,9.12E0);
#151=CARTESIAN_POINT('',(1.585E1,-1.585E0,-3.43E0));
#152=LINE('',#151,#150);
#153=DIRECTION('',(0.E0,-1.E0,0.E0));
#154=VECTOR('',#153,5.95E0);
#155=CARTESIAN_POINT('',(8.42E0,7.535E0,-3.43E0));
#156=LINE('',#155,#154);
#157=DIRECTION('',(1.E0,0.E0,0.E0));
#158=VECTOR('',#157,1.02E0);
#159=CARTESIAN_POINT('',(7.4E0,1.585E0,-3.43E0));
#160=LINE('',#159,#158);
#161=DIRECTION('',(-1.E0,0.E0,0.E0));
#162=VECTOR('',#161,9.1E-1);
#163=CARTESIAN_POINT('',(1.585E1,1.585E0,-2.45E0));
#164=LINE('',#163,#162);
#165=DIRECTION('',(0.E0,0.E0,1.E0));
#166=VECTOR('',#165,5.92E0);
#167=CARTESIAN_POINT('',(1.585E1,1.585E0,-2.45E0));
#168=LINE('',#167,#166);
#169=DIRECTION('',(0.E0,0.E0,1.E0));
#170=VECTOR('',#169,5.92E0);
#171=CARTESIAN_POINT('',(1.494E1,1.585E0,-2.45E0));
#172=LINE('',#171,#170);
#173=DIRECTION('',(-1.E0,0.E0,0.E0));
#174=VECTOR('',#173,8.9E-1);
#175=CARTESIAN_POINT('',(-1.496E1,1.585E0,-2.45E0));
#176=LINE('',#175,#174);
#177=DIRECTION('',(0.E0,0.E0,1.E0));
#178=VECTOR('',#177,5.92E0);
#179=CARTESIAN_POINT('',(-1.496E1,1.585E0,-2.45E0));
#180=LINE('',#179,#178);
#181=DIRECTION('',(-1.E0,0.E0,0.E0));
#182=VECTOR('',#181,1.78E0);
#183=CARTESIAN_POINT('',(1.276E1,1.585E0,-2.45E0));
#184=LINE('',#183,#182);
#185=DIRECTION('',(0.E0,0.E0,1.E0));
#186=VECTOR('',#185,5.92E0);
#187=CARTESIAN_POINT('',(1.276E1,1.585E0,-2.45E0));
#188=LINE('',#187,#186);
#189=DIRECTION('',(0.E0,0.E0,1.E0));
#190=VECTOR('',#189,5.92E0);
#191=CARTESIAN_POINT('',(1.098E1,1.585E0,-2.45E0));
#192=LINE('',#191,#190);
#193=DIRECTION('',(0.E0,0.E0,1.E0));
#194=VECTOR('',#193,5.92E0);
#195=CARTESIAN_POINT('',(-1.278E1,1.585E0,-2.45E0));
#196=LINE('',#195,#194);
#197=DIRECTION('',(-1.E0,0.E0,0.E0));
#198=VECTOR('',#197,1.78E0);
#199=CARTESIAN_POINT('',(-1.1E1,1.585E0,-2.45E0));
#200=LINE('',#199,#198);
#201=DIRECTION('',(0.E0,0.E0,1.E0));
#202=VECTOR('',#201,5.92E0);
#203=CARTESIAN_POINT('',(-1.1E1,1.585E0,-2.45E0));
#204=LINE('',#203,#202);
#205=DIRECTION('',(-1.E0,0.E0,0.E0));
#206=VECTOR('',#205,1.78E0);
#207=CARTESIAN_POINT('',(4.84E0,1.585E0,-2.45E0));
#208=LINE('',#207,#206);
#209=DIRECTION('',(0.E0,0.E0,1.E0));
#210=VECTOR('',#209,5.92E0);
#211=CARTESIAN_POINT('',(4.84E0,1.585E0,-2.45E0));
#212=LINE('',#211,#210);
#213=DIRECTION('',(0.E0,0.E0,1.E0));
#214=VECTOR('',#213,5.92E0);
#215=CARTESIAN_POINT('',(3.06E0,1.585E0,-2.45E0));
#216=LINE('',#215,#214);
#217=DIRECTION('',(-1.E0,0.E0,0.E0));
#218=VECTOR('',#217,1.78E0);
#219=CARTESIAN_POINT('',(8.8E-1,1.585E0,-2.45E0));
#220=LINE('',#219,#218);
#221=DIRECTION('',(0.E0,0.E0,1.E0));
#222=VECTOR('',#221,5.92E0);
#223=CARTESIAN_POINT('',(8.8E-1,1.585E0,-2.45E0));
#224=LINE('',#223,#222);
#225=DIRECTION('',(0.E0,0.E0,1.E0));
#226=VECTOR('',#225,5.92E0);
#227=CARTESIAN_POINT('',(-9.E-1,1.585E0,-2.45E0));
#228=LINE('',#227,#226);
#229=DIRECTION('',(0.E0,0.E0,1.E0));
#230=VECTOR('',#229,5.92E0);
#231=CARTESIAN_POINT('',(-8.82E0,1.585E0,-2.45E0));
#232=LINE('',#231,#230);
#233=DIRECTION('',(-1.E0,0.E0,0.E0));
#234=VECTOR('',#233,1.78E0);
#235=CARTESIAN_POINT('',(-7.04E0,1.585E0,-2.45E0));
#236=LINE('',#235,#234);
#237=DIRECTION('',(0.E0,0.E0,1.E0));
#238=VECTOR('',#237,5.92E0);
#239=CARTESIAN_POINT('',(-7.04E0,1.585E0,-2.45E0));
#240=LINE('',#239,#238);
#241=DIRECTION('',(0.E0,0.E0,1.E0));
#242=VECTOR('',#241,3.E0);
#243=CARTESIAN_POINT('',(-1.24E1,1.585E0,-1.5E0));
#244=LINE('',#243,#242);
#245=DIRECTION('',(1.E0,0.E0,0.E0));
#246=VECTOR('',#245,1.02E0);
#247=CARTESIAN_POINT('',(-1.24E1,1.585E0,1.5E0));
#248=LINE('',#247,#246);
#249=DIRECTION('',(0.E0,0.E0,-1.E0));
#250=VECTOR('',#249,3.E0);
#251=CARTESIAN_POINT('',(-1.138E1,1.585E0,1.5E0));
#252=LINE('',#251,#250);
#253=DIRECTION('',(-1.E0,0.E0,0.E0));
#254=VECTOR('',#253,1.02E0);
#255=CARTESIAN_POINT('',(-1.138E1,1.585E0,-1.5E0));
#256=LINE('',#255,#254);
#257=DIRECTION('',(0.E0,0.E0,1.E0));
#258=VECTOR('',#257,3.E0);
#259=CARTESIAN_POINT('',(-8.44E0,1.585E0,-1.5E0));
#260=LINE('',#259,#258);
#261=DIRECTION('',(1.E0,0.E0,0.E0));
#262=VECTOR('',#261,1.02E0);
#263=CARTESIAN_POINT('',(-8.44E0,1.585E0,1.5E0));
#264=LINE('',#263,#262);
#265=DIRECTION('',(0.E0,0.E0,-1.E0));
#266=VECTOR('',#265,3.E0);
#267=CARTESIAN_POINT('',(-7.42E0,1.585E0,1.5E0));
#268=LINE('',#267,#266);
#269=DIRECTION('',(-1.E0,0.E0,0.E0));
#270=VECTOR('',#269,1.02E0);
#271=CARTESIAN_POINT('',(-7.42E0,1.585E0,-1.5E0));
#272=LINE('',#271,#270);
#273=DIRECTION('',(0.E0,0.E0,1.E0));
#274=VECTOR('',#273,3.E0);
#275=CARTESIAN_POINT('',(-4.48E0,1.585E0,-1.5E0));
#276=LINE('',#275,#274);
#277=DIRECTION('',(1.E0,0.E0,0.E0));
#278=VECTOR('',#277,1.02E0);
#279=CARTESIAN_POINT('',(-4.48E0,1.585E0,1.5E0));
#280=LINE('',#279,#278);
#281=DIRECTION('',(0.E0,0.E0,-1.E0));
#282=VECTOR('',#281,3.E0);
#283=CARTESIAN_POINT('',(-3.46E0,1.585E0,1.5E0));
#284=LINE('',#283,#282);
#285=DIRECTION('',(-1.E0,0.E0,0.E0));
#286=VECTOR('',#285,1.02E0);
#287=CARTESIAN_POINT('',(-3.46E0,1.585E0,-1.5E0));
#288=LINE('',#287,#286);
#289=DIRECTION('',(0.E0,0.E0,1.E0));
#290=VECTOR('',#289,3.E0);
#291=CARTESIAN_POINT('',(-5.2E-1,1.585E0,-1.5E0));
#292=LINE('',#291,#290);
#293=DIRECTION('',(1.E0,0.E0,0.E0));
#294=VECTOR('',#293,1.02E0);
#295=CARTESIAN_POINT('',(-5.2E-1,1.585E0,1.5E0));
#296=LINE('',#295,#294);
#297=DIRECTION('',(0.E0,0.E0,-1.E0));
#298=VECTOR('',#297,3.E0);
#299=CARTESIAN_POINT('',(5.E-1,1.585E0,1.5E0));
#300=LINE('',#299,#298);
#301=DIRECTION('',(-1.E0,0.E0,0.E0));
#302=VECTOR('',#301,1.02E0);
#303=CARTESIAN_POINT('',(5.E-1,1.585E0,-1.5E0));
#304=LINE('',#303,#302);
#305=DIRECTION('',(0.E0,0.E0,1.E0));
#306=VECTOR('',#305,3.E0);
#307=CARTESIAN_POINT('',(3.44E0,1.585E0,-1.5E0));
#308=LINE('',#307,#306);
#309=DIRECTION('',(1.E0,0.E0,0.E0));
#310=VECTOR('',#309,1.02E0);
#311=CARTESIAN_POINT('',(3.44E0,1.585E0,1.5E0));
#312=LINE('',#311,#310);
#313=DIRECTION('',(0.E0,0.E0,-1.E0));
#314=VECTOR('',#313,3.E0);
#315=CARTESIAN_POINT('',(4.46E0,1.585E0,1.5E0));
#316=LINE('',#315,#314);
#317=DIRECTION('',(-1.E0,0.E0,0.E0));
#318=VECTOR('',#317,1.02E0);
#319=CARTESIAN_POINT('',(4.46E0,1.585E0,-1.5E0));
#320=LINE('',#319,#318);
#321=DIRECTION('',(0.E0,0.E0,1.E0));
#322=VECTOR('',#321,3.E0);
#323=CARTESIAN_POINT('',(7.4E0,1.585E0,-1.5E0));
#324=LINE('',#323,#322);
#325=DIRECTION('',(1.E0,0.E0,0.E0));
#326=VECTOR('',#325,1.02E0);
#327=CARTESIAN_POINT('',(7.4E0,1.585E0,1.5E0));
#328=LINE('',#327,#326);
#329=DIRECTION('',(0.E0,0.E0,-1.E0));
#330=VECTOR('',#329,3.E0);
#331=CARTESIAN_POINT('',(8.42E0,1.585E0,1.5E0));
#332=LINE('',#331,#330);
#333=DIRECTION('',(-1.E0,0.E0,0.E0));
#334=VECTOR('',#333,1.02E0);
#335=CARTESIAN_POINT('',(8.42E0,1.585E0,-1.5E0));
#336=LINE('',#335,#334);
#337=DIRECTION('',(0.E0,0.E0,1.E0));
#338=VECTOR('',#337,3.E0);
#339=CARTESIAN_POINT('',(1.136E1,1.585E0,-1.5E0));
#340=LINE('',#339,#338);
#341=DIRECTION('',(1.E0,0.E0,0.E0));
#342=VECTOR('',#341,1.02E0);
#343=CARTESIAN_POINT('',(1.136E1,1.585E0,1.5E0));
#344=LINE('',#343,#342);
#345=DIRECTION('',(0.E0,0.E0,-1.E0));
#346=VECTOR('',#345,3.E0);
#347=CARTESIAN_POINT('',(1.238E1,1.585E0,1.5E0));
#348=LINE('',#347,#346);
#349=DIRECTION('',(-1.E0,0.E0,0.E0));
#350=VECTOR('',#349,1.02E0);
#351=CARTESIAN_POINT('',(1.238E1,1.585E0,-1.5E0));
#352=LINE('',#351,#350);
#353=DIRECTION('',(-1.E0,0.E0,0.E0));
#354=VECTOR('',#353,3.8E-1);
#355=CARTESIAN_POINT('',(-4.48E0,1.585E0,-2.45E0));
#356=LINE('',#355,#354);
#357=DIRECTION('',(0.E0,0.E0,-1.E0));
#358=VECTOR('',#357,9.8E-1);
#359=CARTESIAN_POINT('',(-4.48E0,1.585E0,-2.45E0));
#360=LINE('',#359,#358);
#361=DIRECTION('',(-1.E0,0.E0,0.E0));
#362=VECTOR('',#361,3.8E-1);
#363=CARTESIAN_POINT('',(-3.08E0,1.585E0,-2.45E0));
#364=LINE('',#363,#362);
#365=DIRECTION('',(0.E0,0.E0,1.E0));
#366=VECTOR('',#365,5.92E0);
#367=CARTESIAN_POINT('',(-3.08E0,1.585E0,-2.45E0));
#368=LINE('',#367,#366);
#369=DIRECTION('',(0.E0,0.E0,1.E0));
#370=VECTOR('',#369,5.92E0);
#371=CARTESIAN_POINT('',(-4.86E0,1.585E0,-2.45E0));
#372=LINE('',#371,#370);
#373=DIRECTION('',(-1.E0,0.E0,0.E0));
#374=VECTOR('',#373,3.8E-1);
#375=CARTESIAN_POINT('',(7.4E0,1.585E0,-2.45E0));
#376=LINE('',#375,#374);
#377=DIRECTION('',(0.E0,0.E0,-1.E0));
#378=VECTOR('',#377,9.8E-1);
#379=CARTESIAN_POINT('',(7.4E0,1.585E0,-2.45E0));
#380=LINE('',#379,#378);
#381=DIRECTION('',(-1.E0,0.E0,0.E0));
#382=VECTOR('',#381,3.8E-1);
#383=CARTESIAN_POINT('',(8.8E0,1.585E0,-2.45E0));
#384=LINE('',#383,#382);
#385=DIRECTION('',(0.E0,0.E0,1.E0));
#386=VECTOR('',#385,5.92E0);
#387=CARTESIAN_POINT('',(8.8E0,1.585E0,-2.45E0));
#388=LINE('',#387,#386);
#389=DIRECTION('',(0.E0,0.E0,1.E0));
#390=VECTOR('',#389,5.92E0);
#391=CARTESIAN_POINT('',(7.02E0,1.585E0,-2.45E0));
#392=LINE('',#391,#390);
#393=DIRECTION('',(0.E0,-1.E0,0.E0));
#394=VECTOR('',#393,5.291820693124E0);
#395=CARTESIAN_POINT('',(-4.48E0,6.876820693124E0,-2.45E0));
#396=LINE('',#395,#394);
#397=DIRECTION('',(1.E0,0.E0,0.E0));
#398=VECTOR('',#397,1.137E1);
#399=CARTESIAN_POINT('',(-1.585E1,6.876820693124E0,-2.45E0));
#400=LINE('',#399,#398);
#401=DIRECTION('',(0.E0,-1.E0,0.E0));
#402=VECTOR('',#401,5.291820693124E0);
#403=CARTESIAN_POINT('',(7.4E0,6.876820693124E0,-2.45E0));
#404=LINE('',#403,#402);
#405=DIRECTION('',(0.E0,-1.E0,0.E0));
#406=VECTOR('',#405,5.291820693124E0);
#407=CARTESIAN_POINT('',(-3.46E0,6.876820693124E0,-2.45E0));
#408=LINE('',#407,#406);
#409=DIRECTION('',(1.E0,0.E0,0.E0));
#410=VECTOR('',#409,1.086E1);
#411=CARTESIAN_POINT('',(-3.46E0,6.876820693124E0,-2.45E0));
#412=LINE('',#411,#410);
#413=DIRECTION('',(0.E0,-1.E0,0.E0));
#414=VECTOR('',#413,5.291820693124E0);
#415=CARTESIAN_POINT('',(8.42E0,6.876820693124E0,-2.45E0));
#416=LINE('',#415,#414);
#417=DIRECTION('',(1.E0,0.E0,0.E0));
#418=VECTOR('',#417,7.43E0);
#419=CARTESIAN_POINT('',(8.42E0,6.876820693124E0,-2.45E0));
#420=LINE('',#419,#418);
#421=DIRECTION('',(0.E0,-8.660254037844E-1,5.E-1));
#422=VECTOR('',#421,7.6E-1);
#423=CARTESIAN_POINT('',(-4.48E0,7.535E0,-2.83E0));
#424=LINE('',#423,#422);
#425=DIRECTION('',(1.E0,0.E0,0.E0));
#426=VECTOR('',#425,1.137E1);
#427=CARTESIAN_POINT('',(-1.585E1,7.535E0,-2.83E0));
#428=LINE('',#427,#426);
#429=DIRECTION('',(0.E0,-8.660254037844E-1,5.E-1));
#430=VECTOR('',#429,7.6E-1);
#431=CARTESIAN_POINT('',(7.4E0,7.535E0,-2.83E0));
#432=LINE('',#431,#430);
#433=DIRECTION('',(0.E0,-8.660254037844E-1,5.E-1));
#434=VECTOR('',#433,7.6E-1);
#435=CARTESIAN_POINT('',(-3.46E0,7.535E0,-2.83E0));
#436=LINE('',#435,#434);
#437=DIRECTION('',(1.E0,0.E0,0.E0));
#438=VECTOR('',#437,1.086E1);
#439=CARTESIAN_POINT('',(-3.46E0,7.535E0,-2.83E0));
#440=LINE('',#439,#438);
#441=DIRECTION('',(0.E0,-8.660254037844E-1,5.E-1));
#442=VECTOR('',#441,7.6E-1);
#443=CARTESIAN_POINT('',(8.42E0,7.535E0,-2.83E0));
#444=LINE('',#443,#442);
#445=DIRECTION('',(1.E0,0.E0,0.E0));
#446=VECTOR('',#445,7.43E0);
#447=CARTESIAN_POINT('',(8.42E0,7.535E0,-2.83E0));
#448=LINE('',#447,#446);
#449=DIRECTION('',(0.E0,1.E0,0.E0));
#450=VECTOR('',#449,9.12E0);
#451=CARTESIAN_POINT('',(-1.585E1,-1.585E0,-3.43E0));
#452=LINE('',#451,#450);
#453=DIRECTION('',(0.E0,0.E0,-1.E0));
#454=VECTOR('',#453,6.E-1);
#455=CARTESIAN_POINT('',(-1.585E1,7.535E0,-2.83E0));
#456=LINE('',#455,#454);
#457=DIRECTION('',(0.E0,8.660254037844E-1,-5.E-1));
#458=VECTOR('',#457,7.6E-1);
#459=CARTESIAN_POINT('',(-1.585E1,6.876820693124E0,-2.45E0));
#460=LINE('',#459,#458);
#461=DIRECTION('',(0.E0,-1.E0,0.E0));
#462=VECTOR('',#461,5.291820693124E0);
#463=CARTESIAN_POINT('',(-1.585E1,6.876820693124E0,-2.45E0));
#464=LINE('',#463,#462);
#465=DIRECTION('',(0.E0,0.E0,1.E0));
#466=VECTOR('',#465,5.92E0);
#467=CARTESIAN_POINT('',(-1.585E1,1.585E0,-2.45E0));
#468=LINE('',#467,#466);
#469=DIRECTION('',(0.E0,0.E0,1.E0));
#470=VECTOR('',#469,6.E-1);
#471=CARTESIAN_POINT('',(-4.48E0,7.535E0,-3.43E0));
#472=LINE('',#471,#470);
#473=DIRECTION('',(1.E0,0.E0,0.E0));
#474=VECTOR('',#473,1.137E1);
#475=CARTESIAN_POINT('',(-1.585E1,7.535E0,-3.43E0));
#476=LINE('',#475,#474);
#477=DIRECTION('',(0.E0,0.E0,1.E0));
#478=VECTOR('',#477,6.E-1);
#479=CARTESIAN_POINT('',(7.4E0,7.535E0,-3.43E0));
#480=LINE('',#479,#478);
#481=DIRECTION('',(0.E0,0.E0,1.E0));
#482=VECTOR('',#481,6.E-1);
#483=CARTESIAN_POINT('',(-3.46E0,7.535E0,-3.43E0));
#484=LINE('',#483,#482);
#485=DIRECTION('',(1.E0,0.E0,0.E0));
#486=VECTOR('',#485,1.086E1);
#487=CARTESIAN_POINT('',(-3.46E0,7.535E0,-3.43E0));
#488=LINE('',#487,#486);
#489=DIRECTION('',(0.E0,0.E0,1.E0));
#490=VECTOR('',#489,6.E-1);
#491=CARTESIAN_POINT('',(8.42E0,7.535E0,-3.43E0));
#492=LINE('',#491,#490);
#493=DIRECTION('',(1.E0,0.E0,0.E0));
#494=VECTOR('',#493,7.43E0);
#495=CARTESIAN_POINT('',(8.42E0,7.535E0,-3.43E0));
#496=LINE('',#495,#494);
#497=DIRECTION('',(0.E0,0.E0,-1.E0));
#498=VECTOR('',#497,9.8E-1);
#499=CARTESIAN_POINT('',(-3.46E0,1.585E0,-2.45E0));
#500=LINE('',#499,#498);
#501=DIRECTION('',(0.E0,0.E0,-1.E0));
#502=VECTOR('',#501,9.8E-1);
#503=CARTESIAN_POINT('',(8.42E0,1.585E0,-2.45E0));
#504=LINE('',#503,#502);
#505=DIRECTION('',(0.E0,-1.E0,0.E0));
#506=VECTOR('',#505,5.291820693124E0);
#507=CARTESIAN_POINT('',(1.585E1,6.876820693124E0,-2.45E0));
#508=LINE('',#507,#506);
#509=DIRECTION('',(0.E0,-8.660254037844E-1,5.E-1));
#510=VECTOR('',#509,7.6E-1);
#511=CARTESIAN_POINT('',(1.585E1,7.535E0,-2.83E0));
#512=LINE('',#511,#510);
#513=DIRECTION('',(0.E0,0.E0,1.E0));
#514=VECTOR('',#513,6.E-1);
#515=CARTESIAN_POINT('',(1.585E1,7.535E0,-3.43E0));
#516=LINE('',#515,#514);
#517=DIRECTION('',(0.E0,0.E0,1.E0));
#518=VECTOR('',#517,6.9E0);
#519=CARTESIAN_POINT('',(1.585E1,-1.585E0,-3.43E0));
#520=LINE('',#519,#518);
#521=DIRECTION('',(0.E0,0.E0,1.E0));
#522=VECTOR('',#521,6.9E0);
#523=CARTESIAN_POINT('',(-1.496E1,-1.585E0,-3.43E0));
#524=LINE('',#523,#522);
#525=DIRECTION('',(0.E0,0.E0,1.E0));
#526=VECTOR('',#525,6.9E0);
#527=CARTESIAN_POINT('',(-1.585E1,-1.585E0,-3.43E0));
#528=LINE('',#527,#526);
#529=DIRECTION('',(0.E0,0.E0,1.E0));
#530=VECTOR('',#529,6.9E0);
#531=CARTESIAN_POINT('',(-1.1E1,-1.585E0,-3.43E0));
#532=LINE('',#531,#530);
#533=DIRECTION('',(0.E0,0.E0,1.E0));
#534=VECTOR('',#533,6.9E0);
#535=CARTESIAN_POINT('',(-1.278E1,-1.585E0,-3.43E0));
#536=LINE('',#535,#534);
#537=DIRECTION('',(0.E0,0.E0,1.E0));
#538=VECTOR('',#537,6.9E0);
#539=CARTESIAN_POINT('',(-7.04E0,-1.585E0,-3.43E0));
#540=LINE('',#539,#538);
#541=DIRECTION('',(0.E0,0.E0,1.E0));
#542=VECTOR('',#541,6.9E0);
#543=CARTESIAN_POINT('',(-8.82E0,-1.585E0,-3.43E0));
#544=LINE('',#543,#542);
#545=DIRECTION('',(0.E0,0.E0,1.E0));
#546=VECTOR('',#545,6.9E0);
#547=CARTESIAN_POINT('',(-3.08E0,-1.585E0,-3.43E0));
#548=LINE('',#547,#546);
#549=DIRECTION('',(0.E0,0.E0,1.E0));
#550=VECTOR('',#549,6.9E0);
#551=CARTESIAN_POINT('',(-4.86E0,-1.585E0,-3.43E0));
#552=LINE('',#551,#550);
#553=DIRECTION('',(0.E0,0.E0,1.E0));
#554=VECTOR('',#553,6.9E0);
#555=CARTESIAN_POINT('',(8.8E-1,-1.585E0,-3.43E0));
#556=LINE('',#555,#554);
#557=DIRECTION('',(0.E0,0.E0,1.E0));
#558=VECTOR('',#557,6.9E0);
#559=CARTESIAN_POINT('',(-9.E-1,-1.585E0,-3.43E0));
#560=LINE('',#559,#558);
#561=DIRECTION('',(0.E0,0.E0,1.E0));
#562=VECTOR('',#561,6.9E0);
#563=CARTESIAN_POINT('',(4.84E0,-1.585E0,-3.43E0));
#564=LINE('',#563,#562);
#565=DIRECTION('',(0.E0,0.E0,1.E0));
#566=VECTOR('',#565,6.9E0);
#567=CARTESIAN_POINT('',(3.06E0,-1.585E0,-3.43E0));
#568=LINE('',#567,#566);
#569=DIRECTION('',(0.E0,0.E0,1.E0));
#570=VECTOR('',#569,6.9E0);
#571=CARTESIAN_POINT('',(8.8E0,-1.585E0,-3.43E0));
#572=LINE('',#571,#570);
#573=DIRECTION('',(0.E0,0.E0,1.E0));
#574=VECTOR('',#573,6.9E0);
#575=CARTESIAN_POINT('',(7.02E0,-1.585E0,-3.43E0));
#576=LINE('',#575,#574);
#577=DIRECTION('',(0.E0,0.E0,1.E0));
#578=VECTOR('',#577,6.9E0);
#579=CARTESIAN_POINT('',(1.494E1,-1.585E0,-3.43E0));
#580=LINE('',#579,#578);
#581=DIRECTION('',(0.E0,0.E0,1.E0));
#582=VECTOR('',#581,6.9E0);
#583=CARTESIAN_POINT('',(1.276E1,-1.585E0,-3.43E0));
#584=LINE('',#583,#582);
#585=DIRECTION('',(0.E0,0.E0,1.E0));
#586=VECTOR('',#585,6.9E0);
#587=CARTESIAN_POINT('',(1.098E1,-1.585E0,-3.43E0));
#588=LINE('',#587,#586);
#589=DIRECTION('',(0.E0,0.E0,1.E0));
#590=VECTOR('',#589,3.E0);
#591=CARTESIAN_POINT('',(-1.24E1,-1.585E0,-1.5E0));
#592=LINE('',#591,#590);
#593=DIRECTION('',(-1.E0,0.E0,0.E0));
#594=VECTOR('',#593,1.02E0);
#595=CARTESIAN_POINT('',(-1.138E1,-1.585E0,-1.5E0));
#596=LINE('',#595,#594);
#597=DIRECTION('',(0.E0,0.E0,-1.E0));
#598=VECTOR('',#597,3.E0);
#599=CARTESIAN_POINT('',(-1.138E1,-1.585E0,1.5E0));
#600=LINE('',#599,#598);
#601=DIRECTION('',(1.E0,0.E0,0.E0));
#602=VECTOR('',#601,1.02E0);
#603=CARTESIAN_POINT('',(-1.24E1,-1.585E0,1.5E0));
#604=LINE('',#603,#602);
#605=DIRECTION('',(0.E0,0.E0,1.E0));
#606=VECTOR('',#605,3.E0);
#607=CARTESIAN_POINT('',(-8.44E0,-1.585E0,-1.5E0));
#608=LINE('',#607,#606);
#609=DIRECTION('',(-1.E0,0.E0,0.E0));
#610=VECTOR('',#609,1.02E0);
#611=CARTESIAN_POINT('',(-7.42E0,-1.585E0,-1.5E0));
#612=LINE('',#611,#610);
#613=DIRECTION('',(0.E0,0.E0,-1.E0));
#614=VECTOR('',#613,3.E0);
#615=CARTESIAN_POINT('',(-7.42E0,-1.585E0,1.5E0));
#616=LINE('',#615,#614);
#617=DIRECTION('',(1.E0,0.E0,0.E0));
#618=VECTOR('',#617,1.02E0);
#619=CARTESIAN_POINT('',(-8.44E0,-1.585E0,1.5E0));
#620=LINE('',#619,#618);
#621=DIRECTION('',(0.E0,0.E0,1.E0));
#622=VECTOR('',#621,3.E0);
#623=CARTESIAN_POINT('',(-4.48E0,-1.585E0,-1.5E0));
#624=LINE('',#623,#622);
#625=DIRECTION('',(-1.E0,0.E0,0.E0));
#626=VECTOR('',#625,1.02E0);
#627=CARTESIAN_POINT('',(-3.46E0,-1.585E0,-1.5E0));
#628=LINE('',#627,#626);
#629=DIRECTION('',(0.E0,0.E0,-1.E0));
#630=VECTOR('',#629,3.E0);
#631=CARTESIAN_POINT('',(-3.46E0,-1.585E0,1.5E0));
#632=LINE('',#631,#630);
#633=DIRECTION('',(1.E0,0.E0,0.E0));
#634=VECTOR('',#633,1.02E0);
#635=CARTESIAN_POINT('',(-4.48E0,-1.585E0,1.5E0));
#636=LINE('',#635,#634);
#637=DIRECTION('',(0.E0,0.E0,1.E0));
#638=VECTOR('',#637,3.E0);
#639=CARTESIAN_POINT('',(-5.2E-1,-1.585E0,-1.5E0));
#640=LINE('',#639,#638);
#641=DIRECTION('',(-1.E0,0.E0,0.E0));
#642=VECTOR('',#641,1.02E0);
#643=CARTESIAN_POINT('',(5.E-1,-1.585E0,-1.5E0));
#644=LINE('',#643,#642);
#645=DIRECTION('',(0.E0,0.E0,-1.E0));
#646=VECTOR('',#645,3.E0);
#647=CARTESIAN_POINT('',(5.E-1,-1.585E0,1.5E0));
#648=LINE('',#647,#646);
#649=DIRECTION('',(1.E0,0.E0,0.E0));
#650=VECTOR('',#649,1.02E0);
#651=CARTESIAN_POINT('',(-5.2E-1,-1.585E0,1.5E0));
#652=LINE('',#651,#650);
#653=DIRECTION('',(0.E0,0.E0,1.E0));
#654=VECTOR('',#653,3.E0);
#655=CARTESIAN_POINT('',(3.44E0,-1.585E0,-1.5E0));
#656=LINE('',#655,#654);
#657=DIRECTION('',(-1.E0,0.E0,0.E0));
#658=VECTOR('',#657,1.02E0);
#659=CARTESIAN_POINT('',(4.46E0,-1.585E0,-1.5E0));
#660=LINE('',#659,#658);
#661=DIRECTION('',(0.E0,0.E0,-1.E0));
#662=VECTOR('',#661,3.E0);
#663=CARTESIAN_POINT('',(4.46E0,-1.585E0,1.5E0));
#664=LINE('',#663,#662);
#665=DIRECTION('',(1.E0,0.E0,0.E0));
#666=VECTOR('',#665,1.02E0);
#667=CARTESIAN_POINT('',(3.44E0,-1.585E0,1.5E0));
#668=LINE('',#667,#666);
#669=DIRECTION('',(0.E0,0.E0,1.E0));
#670=VECTOR('',#669,3.E0);
#671=CARTESIAN_POINT('',(7.4E0,-1.585E0,-1.5E0));
#672=LINE('',#671,#670);
#673=DIRECTION('',(-1.E0,0.E0,0.E0));
#674=VECTOR('',#673,1.02E0);
#675=CARTESIAN_POINT('',(8.42E0,-1.585E0,-1.5E0));
#676=LINE('',#675,#674);
#677=DIRECTION('',(0.E0,0.E0,-1.E0));
#678=VECTOR('',#677,3.E0);
#679=CARTESIAN_POINT('',(8.42E0,-1.585E0,1.5E0));
#680=LINE('',#679,#678);
#681=DIRECTION('',(1.E0,0.E0,0.E0));
#682=VECTOR('',#681,1.02E0);
#683=CARTESIAN_POINT('',(7.4E0,-1.585E0,1.5E0));
#684=LINE('',#683,#682);
#685=DIRECTION('',(0.E0,0.E0,1.E0));
#686=VECTOR('',#685,3.E0);
#687=CARTESIAN_POINT('',(1.136E1,-1.585E0,-1.5E0));
#688=LINE('',#687,#686);
#689=DIRECTION('',(-1.E0,0.E0,0.E0));
#690=VECTOR('',#689,1.02E0);
#691=CARTESIAN_POINT('',(1.238E1,-1.585E0,-1.5E0));
#692=LINE('',#691,#690);
#693=DIRECTION('',(0.E0,0.E0,-1.E0));
#694=VECTOR('',#693,3.E0);
#695=CARTESIAN_POINT('',(1.238E1,-1.585E0,1.5E0));
#696=LINE('',#695,#694);
#697=DIRECTION('',(1.E0,0.E0,0.E0));
#698=VECTOR('',#697,1.02E0);
#699=CARTESIAN_POINT('',(1.136E1,-1.585E0,1.5E0));
#700=LINE('',#699,#698);
#701=DIRECTION('',(0.E0,0.E0,-1.E0));
#702=VECTOR('',#701,6.9E0);
#703=CARTESIAN_POINT('',(-1.496E1,-1.205E0,3.47E0));
#704=LINE('',#703,#702);
#705=DIRECTION('',(0.E0,-1.E0,0.E0));
#706=VECTOR('',#705,3.8E-1);
#707=CARTESIAN_POINT('',(1.276E1,1.585E0,3.47E0));
#708=LINE('',#707,#706);
#709=DIRECTION('',(1.E0,0.E0,0.E0));
#710=VECTOR('',#709,2.18E0);
#711=CARTESIAN_POINT('',(1.276E1,1.205E0,3.47E0));
#712=LINE('',#711,#710);
#713=DIRECTION('',(0.E0,-1.E0,0.E0));
#714=VECTOR('',#713,3.8E-1);
#715=CARTESIAN_POINT('',(1.494E1,1.585E0,3.47E0));
#716=LINE('',#715,#714);
#717=DIRECTION('',(-1.E0,0.E0,0.E0));
#718=VECTOR('',#717,9.1E-1);
#719=CARTESIAN_POINT('',(1.585E1,1.585E0,3.47E0));
#720=LINE('',#719,#718);
#721=DIRECTION('',(0.E0,1.E0,0.E0));
#722=VECTOR('',#721,3.17E0);
#723=CARTESIAN_POINT('',(1.585E1,-1.585E0,3.47E0));
#724=LINE('',#723,#722);
#725=DIRECTION('',(1.E0,0.E0,0.E0));
#726=VECTOR('',#725,9.1E-1);
#727=CARTESIAN_POINT('',(1.494E1,-1.585E0,3.47E0));
#728=LINE('',#727,#726);
#729=DIRECTION('',(0.E0,1.E0,0.E0));
#730=VECTOR('',#729,3.8E-1);
#731=CARTESIAN_POINT('',(1.494E1,-1.585E0,3.47E0));
#732=LINE('',#731,#730);
#733=DIRECTION('',(-1.E0,0.E0,0.E0));
#734=VECTOR('',#733,2.18E0);
#735=CARTESIAN_POINT('',(1.494E1,-1.205E0,3.47E0));
#736=LINE('',#735,#734);
#737=DIRECTION('',(0.E0,1.E0,0.E0));
#738=VECTOR('',#737,3.8E-1);
#739=CARTESIAN_POINT('',(1.276E1,-1.585E0,3.47E0));
#740=LINE('',#739,#738);
#741=DIRECTION('',(1.E0,0.E0,0.E0));
#742=VECTOR('',#741,1.78E0);
#743=CARTESIAN_POINT('',(1.098E1,-1.585E0,3.47E0));
#744=LINE('',#743,#742);
#745=DIRECTION('',(0.E0,1.E0,0.E0));
#746=VECTOR('',#745,3.8E-1);
#747=CARTESIAN_POINT('',(1.098E1,-1.585E0,3.47E0));
#748=LINE('',#747,#746);
#749=DIRECTION('',(-1.E0,0.E0,0.E0));
#750=VECTOR('',#749,2.18E0);
#751=CARTESIAN_POINT('',(1.098E1,-1.205E0,3.47E0));
#752=LINE('',#751,#750);
#753=DIRECTION('',(0.E0,1.E0,0.E0));
#754=VECTOR('',#753,3.8E-1);
#755=CARTESIAN_POINT('',(8.8E0,-1.585E0,3.47E0));
#756=LINE('',#755,#754);
#757=DIRECTION('',(1.E0,0.E0,0.E0));
#758=VECTOR('',#757,1.78E0);
#759=CARTESIAN_POINT('',(7.02E0,-1.585E0,3.47E0));
#760=LINE('',#759,#758);
#761=DIRECTION('',(0.E0,1.E0,0.E0));
#762=VECTOR('',#761,3.8E-1);
#763=CARTESIAN_POINT('',(7.02E0,-1.585E0,3.47E0));
#764=LINE('',#763,#762);
#765=DIRECTION('',(-1.E0,0.E0,0.E0));
#766=VECTOR('',#765,2.18E0);
#767=CARTESIAN_POINT('',(7.02E0,-1.205E0,3.47E0));
#768=LINE('',#767,#766);
#769=DIRECTION('',(0.E0,1.E0,0.E0));
#770=VECTOR('',#769,3.8E-1);
#771=CARTESIAN_POINT('',(4.84E0,-1.585E0,3.47E0));
#772=LINE('',#771,#770);
#773=DIRECTION('',(1.E0,0.E0,0.E0));
#774=VECTOR('',#773,1.78E0);
#775=CARTESIAN_POINT('',(3.06E0,-1.585E0,3.47E0));
#776=LINE('',#775,#774);
#777=DIRECTION('',(0.E0,1.E0,0.E0));
#778=VECTOR('',#777,3.8E-1);
#779=CARTESIAN_POINT('',(3.06E0,-1.585E0,3.47E0));
#780=LINE('',#779,#778);
#781=DIRECTION('',(-1.E0,0.E0,0.E0));
#782=VECTOR('',#781,2.18E0);
#783=CARTESIAN_POINT('',(3.06E0,-1.205E0,3.47E0));
#784=LINE('',#783,#782);
#785=DIRECTION('',(0.E0,1.E0,0.E0));
#786=VECTOR('',#785,3.8E-1);
#787=CARTESIAN_POINT('',(8.8E-1,-1.585E0,3.47E0));
#788=LINE('',#787,#786);
#789=DIRECTION('',(1.E0,0.E0,0.E0));
#790=VECTOR('',#789,1.78E0);
#791=CARTESIAN_POINT('',(-9.E-1,-1.585E0,3.47E0));
#792=LINE('',#791,#790);
#793=DIRECTION('',(0.E0,1.E0,0.E0));
#794=VECTOR('',#793,3.8E-1);
#795=CARTESIAN_POINT('',(-9.E-1,-1.585E0,3.47E0));
#796=LINE('',#795,#794);
#797=DIRECTION('',(-1.E0,0.E0,0.E0));
#798=VECTOR('',#797,2.18E0);
#799=CARTESIAN_POINT('',(-9.E-1,-1.205E0,3.47E0));
#800=LINE('',#799,#798);
#801=DIRECTION('',(0.E0,1.E0,0.E0));
#802=VECTOR('',#801,3.8E-1);
#803=CARTESIAN_POINT('',(-3.08E0,-1.585E0,3.47E0));
#804=LINE('',#803,#802);
#805=DIRECTION('',(1.E0,0.E0,0.E0));
#806=VECTOR('',#805,1.78E0);
#807=CARTESIAN_POINT('',(-4.86E0,-1.585E0,3.47E0));
#808=LINE('',#807,#806);
#809=DIRECTION('',(0.E0,1.E0,0.E0));
#810=VECTOR('',#809,3.8E-1);
#811=CARTESIAN_POINT('',(-4.86E0,-1.585E0,3.47E0));
#812=LINE('',#811,#810);
#813=DIRECTION('',(-1.E0,0.E0,0.E0));
#814=VECTOR('',#813,2.18E0);
#815=CARTESIAN_POINT('',(-4.86E0,-1.205E0,3.47E0));
#816=LINE('',#815,#814);
#817=DIRECTION('',(0.E0,1.E0,0.E0));
#818=VECTOR('',#817,3.8E-1);
#819=CARTESIAN_POINT('',(-7.04E0,-1.585E0,3.47E0));
#820=LINE('',#819,#818);
#821=DIRECTION('',(1.E0,0.E0,0.E0));
#822=VECTOR('',#821,1.78E0);
#823=CARTESIAN_POINT('',(-8.82E0,-1.585E0,3.47E0));
#824=LINE('',#823,#822);
#825=DIRECTION('',(0.E0,1.E0,0.E0));
#826=VECTOR('',#825,3.8E-1);
#827=CARTESIAN_POINT('',(-8.82E0,-1.585E0,3.47E0));
#828=LINE('',#827,#826);
#829=DIRECTION('',(-1.E0,0.E0,0.E0));
#830=VECTOR('',#829,2.18E0);
#831=CARTESIAN_POINT('',(-8.82E0,-1.205E0,3.47E0));
#832=LINE('',#831,#830);
#833=DIRECTION('',(0.E0,1.E0,0.E0));
#834=VECTOR('',#833,3.8E-1);
#835=CARTESIAN_POINT('',(-1.1E1,-1.585E0,3.47E0));
#836=LINE('',#835,#834);
#837=DIRECTION('',(1.E0,0.E0,0.E0));
#838=VECTOR('',#837,1.78E0);
#839=CARTESIAN_POINT('',(-1.278E1,-1.585E0,3.47E0));
#840=LINE('',#839,#838);
#841=DIRECTION('',(0.E0,1.E0,0.E0));
#842=VECTOR('',#841,3.8E-1);
#843=CARTESIAN_POINT('',(-1.278E1,-1.585E0,3.47E0));
#844=LINE('',#843,#842);
#845=DIRECTION('',(-1.E0,0.E0,0.E0));
#846=VECTOR('',#845,2.18E0);
#847=CARTESIAN_POINT('',(-1.278E1,-1.205E0,3.47E0));
#848=LINE('',#847,#846);
#849=DIRECTION('',(0.E0,1.E0,0.E0));
#850=VECTOR('',#849,3.8E-1);
#851=CARTESIAN_POINT('',(-1.496E1,-1.585E0,3.47E0));
#852=LINE('',#851,#850);
#853=DIRECTION('',(1.E0,0.E0,0.E0));
#854=VECTOR('',#853,8.9E-1);
#855=CARTESIAN_POINT('',(-1.585E1,-1.585E0,3.47E0));
#856=LINE('',#855,#854);
#857=DIRECTION('',(0.E0,-1.E0,0.E0));
#858=VECTOR('',#857,3.17E0);
#859=CARTESIAN_POINT('',(-1.585E1,1.585E0,3.47E0));
#860=LINE('',#859,#858);
#861=DIRECTION('',(-1.E0,0.E0,0.E0));
#862=VECTOR('',#861,8.9E-1);
#863=CARTESIAN_POINT('',(-1.496E1,1.585E0,3.47E0));
#864=LINE('',#863,#862);
#865=DIRECTION('',(0.E0,-1.E0,0.E0));
#866=VECTOR('',#865,3.8E-1);
#867=CARTESIAN_POINT('',(-1.496E1,1.585E0,3.47E0));
#868=LINE('',#867,#866);
#869=DIRECTION('',(1.E0,0.E0,0.E0));
#870=VECTOR('',#869,2.18E0);
#871=CARTESIAN_POINT('',(-1.496E1,1.205E0,3.47E0));
#872=LINE('',#871,#870);
#873=DIRECTION('',(0.E0,-1.E0,0.E0));
#874=VECTOR('',#873,3.8E-1);
#875=CARTESIAN_POINT('',(-1.278E1,1.585E0,3.47E0));
#876=LINE('',#875,#874);
#877=DIRECTION('',(-1.E0,0.E0,0.E0));
#878=VECTOR('',#877,1.78E0);
#879=CARTESIAN_POINT('',(-1.1E1,1.585E0,3.47E0));
#880=LINE('',#879,#878);
#881=DIRECTION('',(0.E0,-1.E0,0.E0));
#882=VECTOR('',#881,3.8E-1);
#883=CARTESIAN_POINT('',(-1.1E1,1.585E0,3.47E0));
#884=LINE('',#883,#882);
#885=DIRECTION('',(1.E0,0.E0,0.E0));
#886=VECTOR('',#885,2.18E0);
#887=CARTESIAN_POINT('',(-1.1E1,1.205E0,3.47E0));
#888=LINE('',#887,#886);
#889=DIRECTION('',(0.E0,-1.E0,0.E0));
#890=VECTOR('',#889,3.8E-1);
#891=CARTESIAN_POINT('',(-8.82E0,1.585E0,3.47E0));
#892=LINE('',#891,#890);
#893=DIRECTION('',(-1.E0,0.E0,0.E0));
#894=VECTOR('',#893,1.78E0);
#895=CARTESIAN_POINT('',(-7.04E0,1.585E0,3.47E0));
#896=LINE('',#895,#894);
#897=DIRECTION('',(0.E0,-1.E0,0.E0));
#898=VECTOR('',#897,3.8E-1);
#899=CARTESIAN_POINT('',(-7.04E0,1.585E0,3.47E0));
#900=LINE('',#899,#898);
#901=DIRECTION('',(1.E0,0.E0,0.E0));
#902=VECTOR('',#901,2.18E0);
#903=CARTESIAN_POINT('',(-7.04E0,1.205E0,3.47E0));
#904=LINE('',#903,#902);
#905=DIRECTION('',(0.E0,-1.E0,0.E0));
#906=VECTOR('',#905,3.8E-1);
#907=CARTESIAN_POINT('',(-4.86E0,1.585E0,3.47E0));
#908=LINE('',#907,#906);
#909=DIRECTION('',(-1.E0,0.E0,0.E0));
#910=VECTOR('',#909,1.78E0);
#911=CARTESIAN_POINT('',(-3.08E0,1.585E0,3.47E0));
#912=LINE('',#911,#910);
#913=DIRECTION('',(0.E0,-1.E0,0.E0));
#914=VECTOR('',#913,3.8E-1);
#915=CARTESIAN_POINT('',(-3.08E0,1.585E0,3.47E0));
#916=LINE('',#915,#914);
#917=DIRECTION('',(1.E0,0.E0,0.E0));
#918=VECTOR('',#917,2.18E0);
#919=CARTESIAN_POINT('',(-3.08E0,1.205E0,3.47E0));
#920=LINE('',#919,#918);
#921=DIRECTION('',(0.E0,-1.E0,0.E0));
#922=VECTOR('',#921,3.8E-1);
#923=CARTESIAN_POINT('',(-9.E-1,1.585E0,3.47E0));
#924=LINE('',#923,#922);
#925=DIRECTION('',(-1.E0,0.E0,0.E0));
#926=VECTOR('',#925,1.78E0);
#927=CARTESIAN_POINT('',(8.8E-1,1.585E0,3.47E0));
#928=LINE('',#927,#926);
#929=DIRECTION('',(0.E0,-1.E0,0.E0));
#930=VECTOR('',#929,3.8E-1);
#931=CARTESIAN_POINT('',(8.8E-1,1.585E0,3.47E0));
#932=LINE('',#931,#930);
#933=DIRECTION('',(1.E0,0.E0,0.E0));
#934=VECTOR('',#933,2.18E0);
#935=CARTESIAN_POINT('',(8.8E-1,1.205E0,3.47E0));
#936=LINE('',#935,#934);
#937=DIRECTION('',(0.E0,-1.E0,0.E0));
#938=VECTOR('',#937,3.8E-1);
#939=CARTESIAN_POINT('',(3.06E0,1.585E0,3.47E0));
#940=LINE('',#939,#938);
#941=DIRECTION('',(-1.E0,0.E0,0.E0));
#942=VECTOR('',#941,1.78E0);
#943=CARTESIAN_POINT('',(4.84E0,1.585E0,3.47E0));
#944=LINE('',#943,#942);
#945=DIRECTION('',(0.E0,-1.E0,0.E0));
#946=VECTOR('',#945,3.8E-1);
#947=CARTESIAN_POINT('',(4.84E0,1.585E0,3.47E0));
#948=LINE('',#947,#946);
#949=DIRECTION('',(1.E0,0.E0,0.E0));
#950=VECTOR('',#949,2.18E0);
#951=CARTESIAN_POINT('',(4.84E0,1.205E0,3.47E0));
#952=LINE('',#951,#950);
#953=DIRECTION('',(0.E0,-1.E0,0.E0));
#954=VECTOR('',#953,3.8E-1);
#955=CARTESIAN_POINT('',(7.02E0,1.585E0,3.47E0));
#956=LINE('',#955,#954);
#957=DIRECTION('',(-1.E0,0.E0,0.E0));
#958=VECTOR('',#957,1.78E0);
#959=CARTESIAN_POINT('',(8.8E0,1.585E0,3.47E0));
#960=LINE('',#959,#958);
#961=DIRECTION('',(0.E0,-1.E0,0.E0));
#962=VECTOR('',#961,3.8E-1);
#963=CARTESIAN_POINT('',(8.8E0,1.585E0,3.47E0));
#964=LINE('',#963,#962);
#965=DIRECTION('',(1.E0,0.E0,0.E0));
#966=VECTOR('',#965,2.18E0);
#967=CARTESIAN_POINT('',(8.8E0,1.205E0,3.47E0));
#968=LINE('',#967,#966);
#969=DIRECTION('',(0.E0,-1.E0,0.E0));
#970=VECTOR('',#969,3.8E-1);
#971=CARTESIAN_POINT('',(1.098E1,1.585E0,3.47E0));
#972=LINE('',#971,#970);
#973=DIRECTION('',(-1.E0,0.E0,0.E0));
#974=VECTOR('',#973,1.78E0);
#975=CARTESIAN_POINT('',(1.276E1,1.585E0,3.47E0));
#976=LINE('',#975,#974);
#977=DIRECTION('',(0.E0,-1.E0,0.E0));
#978=VECTOR('',#977,3.8E-1);
#979=CARTESIAN_POINT('',(1.276E1,1.585E0,-2.45E0));
#980=LINE('',#979,#978);
#981=CARTESIAN_POINT('',(1.385E1,1.205E0,0.E0));
#982=DIRECTION('',(0.E0,1.E0,0.E0));
#983=DIRECTION('',(1.E0,0.E0,0.E0));
#984=AXIS2_PLACEMENT_3D('',#981,#982,#983);
#986=CARTESIAN_POINT('',(1.385E1,1.205E0,0.E0));
#987=DIRECTION('',(0.E0,1.E0,0.E0));
#988=DIRECTION('',(-1.E0,0.E0,0.E0));
#989=AXIS2_PLACEMENT_3D('',#986,#987,#988);
#991=DIRECTION('',(1.E0,0.E0,0.E0));
#992=VECTOR('',#991,2.18E0);
#993=CARTESIAN_POINT('',(1.276E1,1.205E0,-2.45E0));
#994=LINE('',#993,#992);
#995=DIRECTION('',(0.E0,0.E0,-1.E0));
#996=VECTOR('',#995,5.92E0);
#997=CARTESIAN_POINT('',(1.276E1,1.205E0,3.47E0));
#998=LINE('',#997,#996);
#999=CARTESIAN_POINT('',(1.385E1,-5.145E0,0.E0));
#1000=DIRECTION('',(0.E0,1.E0,0.E0));
#1001=DIRECTION('',(1.E0,0.E0,0.E0));
#1002=AXIS2_PLACEMENT_3D('',#999,#1000,#1001);
#1004=DIRECTION('',(0.E0,1.E0,0.E0));
#1005=VECTOR('',#1004,1.092E1);
#1006=CARTESIAN_POINT('',(1.328E1,1.205E0,0.E0));
#1007=LINE('',#1006,#1005);
#1008=DIRECTION('',(0.E0,1.E0,0.E0));
#1009=VECTOR('',#1008,1.092E1);
#1010=CARTESIAN_POINT('',(1.442E1,1.205E0,0.E0));
#1011=LINE('',#1010,#1009);
#1012=DIRECTION('',(0.E0,1.E0,0.E0));
#1013=VECTOR('',#1012,3.94E0);
#1014=CARTESIAN_POINT('',(1.442E1,-5.145E0,0.E0));
#1015=LINE('',#1014,#1013);
#1016=CARTESIAN_POINT('',(1.385E1,-5.145E0,0.E0));
#1017=DIRECTION('',(0.E0,-1.E0,0.E0));
#1018=DIRECTION('',(1.E0,0.E0,0.E0));
#1019=AXIS2_PLACEMENT_3D('',#1016,#1017,#1018);
#1021=DIRECTION('',(0.E0,1.E0,0.E0));
#1022=VECTOR('',#1021,3.94E0);
#1023=CARTESIAN_POINT('',(1.328E1,-5.145E0,0.E0));
#1024=LINE('',#1023,#1022);
#1025=DIRECTION('',(-3.568681169914E-1,9.341547768304E-1,0.E0));
#1026=VECTOR('',#1025,9.527329111561E-1);
#1027=CARTESIAN_POINT('',(1.442E1,1.2125E1,0.E0));
#1028=LINE('',#1027,#1026);
#1029=CARTESIAN_POINT('',(1.385E1,1.2125E1,0.E0));
#1030=DIRECTION('',(0.E0,-1.E0,0.E0));
#1031=DIRECTION('',(1.E0,0.E0,0.E0));
#1032=AXIS2_PLACEMENT_3D('',#1029,#1030,#1031);
#1034=DIRECTION('',(3.568681169914E-1,9.341547768304E-1,0.E0));
#1035=VECTOR('',#1034,9.527329111561E-1);
#1036=CARTESIAN_POINT('',(1.328E1,1.2125E1,0.E0));
#1037=LINE('',#1036,#1035);
#1038=CARTESIAN_POINT('',(1.385E1,1.2125E1,0.E0));
#1039=DIRECTION('',(0.E0,1.E0,0.E0));
#1040=DIRECTION('',(1.E0,0.E0,0.E0));
#1041=AXIS2_PLACEMENT_3D('',#1038,#1039,#1040);
#1043=CARTESIAN_POINT('',(1.385E1,1.3015E1,0.E0));
#1044=DIRECTION('',(0.E0,-1.E0,0.E0));
#1045=DIRECTION('',(1.E0,0.E0,0.E0));
#1046=AXIS2_PLACEMENT_3D('',#1043,#1044,#1045);
#1048=CARTESIAN_POINT('',(1.385E1,1.3015E1,0.E0));
#1049=DIRECTION('',(0.E0,1.E0,0.E0));
#1050=DIRECTION('',(1.E0,0.E0,0.E0));
#1051=AXIS2_PLACEMENT_3D('',#1048,#1049,#1050);
#1053=DIRECTION('',(0.E0,0.E0,-1.E0));
#1054=VECTOR('',#1053,6.9E0);
#1055=CARTESIAN_POINT('',(1.494E1,-1.205E0,3.47E0));
#1056=LINE('',#1055,#1054);
#1057=CARTESIAN_POINT('',(1.385E1,-1.205E0,0.E0));
#1058=DIRECTION('',(0.E0,1.E0,0.E0));
#1059=DIRECTION('',(1.E0,0.E0,0.E0));
#1060=AXIS2_PLACEMENT_3D('',#1057,#1058,#1059);
#1062=CARTESIAN_POINT('',(1.385E1,-1.205E0,0.E0));
#1063=DIRECTION('',(0.E0,1.E0,0.E0));
#1064=DIRECTION('',(-1.E0,0.E0,0.E0));
#1065=AXIS2_PLACEMENT_3D('',#1062,#1063,#1064);
#1067=DIRECTION('',(0.E0,0.E0,-1.E0));
#1068=VECTOR('',#1067,6.9E0);
#1069=CARTESIAN_POINT('',(1.276E1,-1.205E0,3.47E0));
#1070=LINE('',#1069,#1068);
#1071=DIRECTION('',(3.568681169914E-1,9.341547768304E-1,0.E0));
#1072=VECTOR('',#1071,9.527329111561E-1);
#1073=CARTESIAN_POINT('',(1.408E1,-6.035E0,0.E0));
#1074=LINE('',#1073,#1072);
#1075=CARTESIAN_POINT('',(1.385E1,-6.035E0,0.E0));
#1076=DIRECTION('',(0.E0,-1.E0,0.E0));
#1077=DIRECTION('',(1.E0,0.E0,0.E0));
#1078=AXIS2_PLACEMENT_3D('',#1075,#1076,#1077);
#1080=DIRECTION('',(-3.568681169914E-1,9.341547768304E-1,0.E0));
#1081=VECTOR('',#1080,9.527329111561E-1);
#1082=CARTESIAN_POINT('',(1.362E1,-6.035E0,0.E0));
#1083=LINE('',#1082,#1081);
#1084=CARTESIAN_POINT('',(1.385E1,-6.035E0,0.E0));
#1085=DIRECTION('',(0.E0,1.E0,0.E0));
#1086=DIRECTION('',(1.E0,0.E0,0.E0));
#1087=AXIS2_PLACEMENT_3D('',#1084,#1085,#1086);
#1089=DIRECTION('',(0.E0,1.E0,0.E0));
#1090=VECTOR('',#1089,3.8E-1);
#1091=CARTESIAN_POINT('',(1.494E1,1.205E0,-2.45E0));
#1092=LINE('',#1091,#1090);
#1093=DIRECTION('',(0.E0,0.E0,-1.E0));
#1094=VECTOR('',#1093,5.92E0);
#1095=CARTESIAN_POINT('',(1.494E1,1.205E0,3.47E0));
#1096=LINE('',#1095,#1094);
#1097=DIRECTION('',(0.E0,0.E0,-1.E0));
#1098=VECTOR('',#1097,6.9E0);
#1099=CARTESIAN_POINT('',(1.098E1,-1.205E0,3.47E0));
#1100=LINE('',#1099,#1098);
#1101=CARTESIAN_POINT('',(9.89E0,-1.205E0,0.E0));
#1102=DIRECTION('',(0.E0,1.E0,0.E0));
#1103=DIRECTION('',(1.E0,0.E0,0.E0));
#1104=AXIS2_PLACEMENT_3D('',#1101,#1102,#1103);
#1106=CARTESIAN_POINT('',(9.89E0,-1.205E0,0.E0));
#1107=DIRECTION('',(0.E0,1.E0,0.E0));
#1108=DIRECTION('',(-1.E0,0.E0,0.E0));
#1109=AXIS2_PLACEMENT_3D('',#1106,#1107,#1108);
#1111=DIRECTION('',(0.E0,0.E0,-1.E0));
#1112=VECTOR('',#1111,6.9E0);
#1113=CARTESIAN_POINT('',(8.8E0,-1.205E0,3.47E0));
#1114=LINE('',#1113,#1112);
#1115=CARTESIAN_POINT('',(9.89E0,-5.145E0,0.E0));
#1116=DIRECTION('',(0.E0,1.E0,0.E0));
#1117=DIRECTION('',(1.E0,0.E0,0.E0));
#1118=AXIS2_PLACEMENT_3D('',#1115,#1116,#1117);
#1120=CARTESIAN_POINT('',(9.89E0,1.205E0,0.E0));
#1121=DIRECTION('',(0.E0,1.E0,0.E0));
#1122=DIRECTION('',(1.E0,0.E0,0.E0));
#1123=AXIS2_PLACEMENT_3D('',#1120,#1121,#1122);
#1125=CARTESIAN_POINT('',(9.89E0,1.205E0,0.E0));
#1126=DIRECTION('',(0.E0,1.E0,0.E0));
#1127=DIRECTION('',(-1.E0,0.E0,0.E0));
#1128=AXIS2_PLACEMENT_3D('',#1125,#1126,#1127);
#1130=DIRECTION('',(1.E0,0.E0,0.E0));
#1131=VECTOR('',#1130,2.18E0);
#1132=CARTESIAN_POINT('',(8.8E0,1.205E0,-2.45E0));
#1133=LINE('',#1132,#1131);
#1134=DIRECTION('',(0.E0,0.E0,-1.E0));
#1135=VECTOR('',#1134,5.92E0);
#1136=CARTESIAN_POINT('',(8.8E0,1.205E0,3.47E0));
#1137=LINE('',#1136,#1135);
#1138=DIRECTION('',(0.E0,1.E0,0.E0));
#1139=VECTOR('',#1138,1.092E1);
#1140=CARTESIAN_POINT('',(9.32E0,1.205E0,0.E0));
#1141=LINE('',#1140,#1139);
#1142=DIRECTION('',(0.E0,1.E0,0.E0));
#1143=VECTOR('',#1142,1.092E1);
#1144=CARTESIAN_POINT('',(1.046E1,1.205E0,0.E0));
#1145=LINE('',#1144,#1143);
#1146=DIRECTION('',(0.E0,1.E0,0.E0));
#1147=VECTOR('',#1146,3.94E0);
#1148=CARTESIAN_POINT('',(1.046E1,-5.145E0,0.E0));
#1149=LINE('',#1148,#1147);
#1150=CARTESIAN_POINT('',(9.89E0,-5.145E0,0.E0));
#1151=DIRECTION('',(0.E0,-1.E0,0.E0));
#1152=DIRECTION('',(1.E0,0.E0,0.E0));
#1153=AXIS2_PLACEMENT_3D('',#1150,#1151,#1152);
#1155=DIRECTION('',(0.E0,1.E0,0.E0));
#1156=VECTOR('',#1155,3.94E0);
#1157=CARTESIAN_POINT('',(9.32E0,-5.145E0,0.E0));
#1158=LINE('',#1157,#1156);
#1159=DIRECTION('',(-3.568681169914E-1,9.341547768304E-1,0.E0));
#1160=VECTOR('',#1159,9.527329111561E-1);
#1161=CARTESIAN_POINT('',(1.046E1,1.2125E1,0.E0));
#1162=LINE('',#1161,#1160);
#1163=CARTESIAN_POINT('',(9.89E0,1.2125E1,0.E0));
#1164=DIRECTION('',(0.E0,-1.E0,0.E0));
#1165=DIRECTION('',(1.E0,0.E0,0.E0));
#1166=AXIS2_PLACEMENT_3D('',#1163,#1164,#1165);
#1168=DIRECTION('',(3.568681169914E-1,9.341547768304E-1,0.E0));
#1169=VECTOR('',#1168,9.527329111561E-1);
#1170=CARTESIAN_POINT('',(9.32E0,1.2125E1,0.E0));
#1171=LINE('',#1170,#1169);
#1172=CARTESIAN_POINT('',(9.89E0,1.2125E1,0.E0));
#1173=DIRECTION('',(0.E0,1.E0,0.E0));
#1174=DIRECTION('',(1.E0,0.E0,0.E0));
#1175=AXIS2_PLACEMENT_3D('',#1172,#1173,#1174);
#1177=CARTESIAN_POINT('',(9.89E0,1.3015E1,0.E0));
#1178=DIRECTION('',(0.E0,-1.E0,0.E0));
#1179=DIRECTION('',(1.E0,0.E0,0.E0));
#1180=AXIS2_PLACEMENT_3D('',#1177,#1178,#1179);
#1182=CARTESIAN_POINT('',(9.89E0,1.3015E1,0.E0));
#1183=DIRECTION('',(0.E0,1.E0,0.E0));
#1184=DIRECTION('',(1.E0,0.E0,0.E0));
#1185=AXIS2_PLACEMENT_3D('',#1182,#1183,#1184);
#1187=DIRECTION('',(3.568681169914E-1,9.341547768304E-1,0.E0));
#1188=VECTOR('',#1187,9.527329111561E-1);
#1189=CARTESIAN_POINT('',(1.012E1,-6.035E0,0.E0));
#1190=LINE('',#1189,#1188);
#1191=CARTESIAN_POINT('',(9.89E0,-6.035E0,0.E0));
#1192=DIRECTION('',(0.E0,-1.E0,0.E0));
#1193=DIRECTION('',(1.E0,0.E0,0.E0));
#1194=AXIS2_PLACEMENT_3D('',#1191,#1192,#1193);
#1196=DIRECTION('',(-3.568681169914E-1,9.341547768304E-1,0.E0));
#1197=VECTOR('',#1196,9.527329111561E-1);
#1198=CARTESIAN_POINT('',(9.66E0,-6.035E0,0.E0));
#1199=LINE('',#1198,#1197);
#1200=CARTESIAN_POINT('',(9.89E0,-6.035E0,0.E0));
#1201=DIRECTION('',(0.E0,1.E0,0.E0));
#1202=DIRECTION('',(1.E0,0.E0,0.E0));
#1203=AXIS2_PLACEMENT_3D('',#1200,#1201,#1202);
#1205=DIRECTION('',(0.E0,1.E0,0.E0));
#1206=VECTOR('',#1205,3.8E-1);
#1207=CARTESIAN_POINT('',(1.098E1,1.205E0,-2.45E0));
#1208=LINE('',#1207,#1206);
#1209=DIRECTION('',(0.E0,0.E0,-1.E0));
#1210=VECTOR('',#1209,5.92E0);
#1211=CARTESIAN_POINT('',(1.098E1,1.205E0,3.47E0));
#1212=LINE('',#1211,#1210);
#1213=DIRECTION('',(0.E0,-1.E0,0.E0));
#1214=VECTOR('',#1213,3.8E-1);
#1215=CARTESIAN_POINT('',(8.8E0,1.585E0,-2.45E0));
#1216=LINE('',#1215,#1214);
#1217=DIRECTION('',(0.E0,0.E0,-1.E0));
#1218=VECTOR('',#1217,6.9E0);
#1219=CARTESIAN_POINT('',(7.02E0,-1.205E0,3.47E0));
#1220=LINE('',#1219,#1218);
#1221=CARTESIAN_POINT('',(5.93E0,-1.205E0,0.E0));
#1222=DIRECTION('',(0.E0,1.E0,0.E0));
#1223=DIRECTION('',(1.E0,0.E0,0.E0));
#1224=AXIS2_PLACEMENT_3D('',#1221,#1222,#1223);
#1226=CARTESIAN_POINT('',(5.93E0,-1.205E0,0.E0));
#1227=DIRECTION('',(0.E0,1.E0,0.E0));
#1228=DIRECTION('',(-1.E0,0.E0,0.E0));
#1229=AXIS2_PLACEMENT_3D('',#1226,#1227,#1228);
#1231=DIRECTION('',(0.E0,0.E0,-1.E0));
#1232=VECTOR('',#1231,6.9E0);
#1233=CARTESIAN_POINT('',(4.84E0,-1.205E0,3.47E0));
#1234=LINE('',#1233,#1232);
#1235=CARTESIAN_POINT('',(5.93E0,-5.145E0,0.E0));
#1236=DIRECTION('',(0.E0,1.E0,0.E0));
#1237=DIRECTION('',(1.E0,0.E0,0.E0));
#1238=AXIS2_PLACEMENT_3D('',#1235,#1236,#1237);
#1240=CARTESIAN_POINT('',(5.93E0,1.205E0,0.E0));
#1241=DIRECTION('',(0.E0,1.E0,0.E0));
#1242=DIRECTION('',(1.E0,0.E0,0.E0));
#1243=AXIS2_PLACEMENT_3D('',#1240,#1241,#1242);
#1245=CARTESIAN_POINT('',(5.93E0,1.205E0,0.E0));
#1246=DIRECTION('',(0.E0,1.E0,0.E0));
#1247=DIRECTION('',(-1.E0,0.E0,0.E0));
#1248=AXIS2_PLACEMENT_3D('',#1245,#1246,#1247);
#1250=DIRECTION('',(1.E0,0.E0,0.E0));
#1251=VECTOR('',#1250,2.18E0);
#1252=CARTESIAN_POINT('',(4.84E0,1.205E0,-2.45E0));
#1253=LINE('',#1252,#1251);
#1254=DIRECTION('',(0.E0,0.E0,-1.E0));
#1255=VECTOR('',#1254,5.92E0);
#1256=CARTESIAN_POINT('',(4.84E0,1.205E0,3.47E0));
#1257=LINE('',#1256,#1255);
#1258=DIRECTION('',(0.E0,1.E0,0.E0));
#1259=VECTOR('',#1258,1.092E1);
#1260=CARTESIAN_POINT('',(5.36E0,1.205E0,0.E0));
#1261=LINE('',#1260,#1259);
#1262=DIRECTION('',(0.E0,1.E0,0.E0));
#1263=VECTOR('',#1262,1.092E1);
#1264=CARTESIAN_POINT('',(6.5E0,1.205E0,0.E0));
#1265=LINE('',#1264,#1263);
#1266=DIRECTION('',(0.E0,1.E0,0.E0));
#1267=VECTOR('',#1266,3.94E0);
#1268=CARTESIAN_POINT('',(6.5E0,-5.145E0,0.E0));
#1269=LINE('',#1268,#1267);
#1270=CARTESIAN_POINT('',(5.93E0,-5.145E0,0.E0));
#1271=DIRECTION('',(0.E0,-1.E0,0.E0));
#1272=DIRECTION('',(1.E0,0.E0,0.E0));
#1273=AXIS2_PLACEMENT_3D('',#1270,#1271,#1272);
#1275=DIRECTION('',(0.E0,1.E0,0.E0));
#1276=VECTOR('',#1275,3.94E0);
#1277=CARTESIAN_POINT('',(5.36E0,-5.145E0,0.E0));
#1278=LINE('',#1277,#1276);
#1279=DIRECTION('',(-3.568681169914E-1,9.341547768304E-1,0.E0));
#1280=VECTOR('',#1279,9.527329111561E-1);
#1281=CARTESIAN_POINT('',(6.5E0,1.2125E1,0.E0));
#1282=LINE('',#1281,#1280);
#1283=CARTESIAN_POINT('',(5.93E0,1.2125E1,0.E0));
#1284=DIRECTION('',(0.E0,-1.E0,0.E0));
#1285=DIRECTION('',(1.E0,0.E0,0.E0));
#1286=AXIS2_PLACEMENT_3D('',#1283,#1284,#1285);
#1288=DIRECTION('',(3.568681169914E-1,9.341547768304E-1,0.E0));
#1289=VECTOR('',#1288,9.527329111561E-1);
#1290=CARTESIAN_POINT('',(5.36E0,1.2125E1,0.E0));
#1291=LINE('',#1290,#1289);
#1292=CARTESIAN_POINT('',(5.93E0,1.2125E1,0.E0));
#1293=DIRECTION('',(0.E0,1.E0,0.E0));
#1294=DIRECTION('',(1.E0,0.E0,0.E0));
#1295=AXIS2_PLACEMENT_3D('',#1292,#1293,#1294);
#1297=CARTESIAN_POINT('',(5.93E0,1.3015E1,0.E0));
#1298=DIRECTION('',(0.E0,-1.E0,0.E0));
#1299=DIRECTION('',(1.E0,0.E0,0.E0));
#1300=AXIS2_PLACEMENT_3D('',#1297,#1298,#1299);
#1302=CARTESIAN_POINT('',(5.93E0,1.3015E1,0.E0));
#1303=DIRECTION('',(0.E0,1.E0,0.E0));
#1304=DIRECTION('',(1.E0,0.E0,0.E0));
#1305=AXIS2_PLACEMENT_3D('',#1302,#1303,#1304);
#1307=DIRECTION('',(3.568681169914E-1,9.341547768304E-1,0.E0));
#1308=VECTOR('',#1307,9.527329111561E-1);
#1309=CARTESIAN_POINT('',(6.16E0,-6.035E0,0.E0));
#1310=LINE('',#1309,#1308);
#1311=CARTESIAN_POINT('',(5.93E0,-6.035E0,0.E0));
#1312=DIRECTION('',(0.E0,-1.E0,0.E0));
#1313=DIRECTION('',(1.E0,0.E0,0.E0));
#1314=AXIS2_PLACEMENT_3D('',#1311,#1312,#1313);
#1316=DIRECTION('',(-3.568681169914E-1,9.341547768304E-1,0.E0));
#1317=VECTOR('',#1316,9.527329111561E-1);
#1318=CARTESIAN_POINT('',(5.7E0,-6.035E0,0.E0));
#1319=LINE('',#1318,#1317);
#1320=CARTESIAN_POINT('',(5.93E0,-6.035E0,0.E0));
#1321=DIRECTION('',(0.E0,1.E0,0.E0));
#1322=DIRECTION('',(1.E0,0.E0,0.E0));
#1323=AXIS2_PLACEMENT_3D('',#1320,#1321,#1322);
#1325=DIRECTION('',(0.E0,1.E0,0.E0));
#1326=VECTOR('',#1325,3.8E-1);
#1327=CARTESIAN_POINT('',(7.02E0,1.205E0,-2.45E0));
#1328=LINE('',#1327,#1326);
#1329=DIRECTION('',(0.E0,0.E0,-1.E0));
#1330=VECTOR('',#1329,5.92E0);
#1331=CARTESIAN_POINT('',(7.02E0,1.205E0,3.47E0));
#1332=LINE('',#1331,#1330);
#1333=DIRECTION('',(0.E0,-1.E0,0.E0));
#1334=VECTOR('',#1333,3.8E-1);
#1335=CARTESIAN_POINT('',(4.84E0,1.585E0,-2.45E0));
#1336=LINE('',#1335,#1334);
#1337=DIRECTION('',(0.E0,0.E0,-1.E0));
#1338=VECTOR('',#1337,6.9E0);
#1339=CARTESIAN_POINT('',(3.06E0,-1.205E0,3.47E0));
#1340=LINE('',#1339,#1338);
#1341=CARTESIAN_POINT('',(1.97E0,-1.205E0,0.E0));
#1342=DIRECTION('',(0.E0,1.E0,0.E0));
#1343=DIRECTION('',(1.E0,0.E0,0.E0));
#1344=AXIS2_PLACEMENT_3D('',#1341,#1342,#1343);
#1346=CARTESIAN_POINT('',(1.97E0,-1.205E0,0.E0));
#1347=DIRECTION('',(0.E0,1.E0,0.E0));
#1348=DIRECTION('',(-1.E0,0.E0,0.E0));
#1349=AXIS2_PLACEMENT_3D('',#1346,#1347,#1348);
#1351=DIRECTION('',(0.E0,0.E0,-1.E0));
#1352=VECTOR('',#1351,6.9E0);
#1353=CARTESIAN_POINT('',(8.8E-1,-1.205E0,3.47E0));
#1354=LINE('',#1353,#1352);
#1355=CARTESIAN_POINT('',(1.97E0,-5.145E0,0.E0));
#1356=DIRECTION('',(0.E0,1.E0,0.E0));
#1357=DIRECTION('',(1.E0,0.E0,0.E0));
#1358=AXIS2_PLACEMENT_3D('',#1355,#1356,#1357);
#1360=CARTESIAN_POINT('',(1.97E0,1.205E0,0.E0));
#1361=DIRECTION('',(0.E0,1.E0,0.E0));
#1362=DIRECTION('',(1.E0,0.E0,0.E0));
#1363=AXIS2_PLACEMENT_3D('',#1360,#1361,#1362);
#1365=CARTESIAN_POINT('',(1.97E0,1.205E0,0.E0));
#1366=DIRECTION('',(0.E0,1.E0,0.E0));
#1367=DIRECTION('',(-1.E0,0.E0,0.E0));
#1368=AXIS2_PLACEMENT_3D('',#1365,#1366,#1367);
#1370=DIRECTION('',(1.E0,0.E0,0.E0));
#1371=VECTOR('',#1370,2.18E0);
#1372=CARTESIAN_POINT('',(8.8E-1,1.205E0,-2.45E0));
#1373=LINE('',#1372,#1371);
#1374=DIRECTION('',(0.E0,0.E0,-1.E0));
#1375=VECTOR('',#1374,5.92E0);
#1376=CARTESIAN_POINT('',(8.8E-1,1.205E0,3.47E0));
#1377=LINE('',#1376,#1375);
#1378=DIRECTION('',(0.E0,1.E0,0.E0));
#1379=VECTOR('',#1378,1.092E1);
#1380=CARTESIAN_POINT('',(1.4E0,1.205E0,0.E0));
#1381=LINE('',#1380,#1379);
#1382=DIRECTION('',(0.E0,1.E0,0.E0));
#1383=VECTOR('',#1382,1.092E1);
#1384=CARTESIAN_POINT('',(2.54E0,1.205E0,0.E0));
#1385=LINE('',#1384,#1383);
#1386=DIRECTION('',(0.E0,1.E0,0.E0));
#1387=VECTOR('',#1386,3.94E0);
#1388=CARTESIAN_POINT('',(2.54E0,-5.145E0,0.E0));
#1389=LINE('',#1388,#1387);
#1390=CARTESIAN_POINT('',(1.97E0,-5.145E0,0.E0));
#1391=DIRECTION('',(0.E0,-1.E0,0.E0));
#1392=DIRECTION('',(1.E0,0.E0,0.E0));
#1393=AXIS2_PLACEMENT_3D('',#1390,#1391,#1392);
#1395=DIRECTION('',(0.E0,1.E0,0.E0));
#1396=VECTOR('',#1395,3.94E0);
#1397=CARTESIAN_POINT('',(1.4E0,-5.145E0,0.E0));
#1398=LINE('',#1397,#1396);
#1399=DIRECTION('',(-3.568681169914E-1,9.341547768304E-1,0.E0));
#1400=VECTOR('',#1399,9.527329111561E-1);
#1401=CARTESIAN_POINT('',(2.54E0,1.2125E1,0.E0));
#1402=LINE('',#1401,#1400);
#1403=CARTESIAN_POINT('',(1.97E0,1.2125E1,0.E0));
#1404=DIRECTION('',(0.E0,-1.E0,0.E0));
#1405=DIRECTION('',(1.E0,0.E0,0.E0));
#1406=AXIS2_PLACEMENT_3D('',#1403,#1404,#1405);
#1408=DIRECTION('',(3.568681169914E-1,9.341547768304E-1,0.E0));
#1409=VECTOR('',#1408,9.527329111561E-1);
#1410=CARTESIAN_POINT('',(1.4E0,1.2125E1,0.E0));
#1411=LINE('',#1410,#1409);
#1412=CARTESIAN_POINT('',(1.97E0,1.2125E1,0.E0));
#1413=DIRECTION('',(0.E0,1.E0,0.E0));
#1414=DIRECTION('',(1.E0,0.E0,0.E0));
#1415=AXIS2_PLACEMENT_3D('',#1412,#1413,#1414);
#1417=CARTESIAN_POINT('',(1.97E0,1.3015E1,0.E0));
#1418=DIRECTION('',(0.E0,-1.E0,0.E0));
#1419=DIRECTION('',(1.E0,0.E0,0.E0));
#1420=AXIS2_PLACEMENT_3D('',#1417,#1418,#1419);
#1422=CARTESIAN_POINT('',(1.97E0,1.3015E1,0.E0));
#1423=DIRECTION('',(0.E0,1.E0,0.E0));
#1424=DIRECTION('',(1.E0,0.E0,0.E0));
#1425=AXIS2_PLACEMENT_3D('',#1422,#1423,#1424);
#1427=DIRECTION('',(3.568681169914E-1,9.341547768304E-1,0.E0));
#1428=VECTOR('',#1427,9.527329111561E-1);
#1429=CARTESIAN_POINT('',(2.2E0,-6.035E0,0.E0));
#1430=LINE('',#1429,#1428);
#1431=CARTESIAN_POINT('',(1.97E0,-6.035E0,0.E0));
#1432=DIRECTION('',(0.E0,-1.E0,0.E0));
#1433=DIRECTION('',(1.E0,0.E0,0.E0));
#1434=AXIS2_PLACEMENT_3D('',#1431,#1432,#1433);
#1436=DIRECTION('',(-3.568681169914E-1,9.341547768304E-1,0.E0));
#1437=VECTOR('',#1436,9.527329111561E-1);
#1438=CARTESIAN_POINT('',(1.74E0,-6.035E0,0.E0));
#1439=LINE('',#1438,#1437);
#1440=CARTESIAN_POINT('',(1.97E0,-6.035E0,0.E0));
#1441=DIRECTION('',(0.E0,1.E0,0.E0));
#1442=DIRECTION('',(1.E0,0.E0,0.E0));
#1443=AXIS2_PLACEMENT_3D('',#1440,#1441,#1442);
#1445=DIRECTION('',(0.E0,1.E0,0.E0));
#1446=VECTOR('',#1445,3.8E-1);
#1447=CARTESIAN_POINT('',(3.06E0,1.205E0,-2.45E0));
#1448=LINE('',#1447,#1446);
#1449=DIRECTION('',(0.E0,0.E0,-1.E0));
#1450=VECTOR('',#1449,5.92E0);
#1451=CARTESIAN_POINT('',(3.06E0,1.205E0,3.47E0));
#1452=LINE('',#1451,#1450);
#1453=DIRECTION('',(0.E0,-1.E0,0.E0));
#1454=VECTOR('',#1453,3.8E-1);
#1455=CARTESIAN_POINT('',(8.8E-1,1.585E0,-2.45E0));
#1456=LINE('',#1455,#1454);
#1457=DIRECTION('',(0.E0,0.E0,-1.E0));
#1458=VECTOR('',#1457,6.9E0);
#1459=CARTESIAN_POINT('',(-9.E-1,-1.205E0,3.47E0));
#1460=LINE('',#1459,#1458);
#1461=CARTESIAN_POINT('',(-1.99E0,-1.205E0,0.E0));
#1462=DIRECTION('',(0.E0,1.E0,0.E0));
#1463=DIRECTION('',(1.E0,0.E0,0.E0));
#1464=AXIS2_PLACEMENT_3D('',#1461,#1462,#1463);
#1466=CARTESIAN_POINT('',(-1.99E0,-1.205E0,0.E0));
#1467=DIRECTION('',(0.E0,1.E0,0.E0));
#1468=DIRECTION('',(-1.E0,0.E0,0.E0));
#1469=AXIS2_PLACEMENT_3D('',#1466,#1467,#1468);
#1471=DIRECTION('',(0.E0,0.E0,-1.E0));
#1472=VECTOR('',#1471,6.9E0);
#1473=CARTESIAN_POINT('',(-3.08E0,-1.205E0,3.47E0));
#1474=LINE('',#1473,#1472);
#1475=CARTESIAN_POINT('',(-1.99E0,-5.145E0,0.E0));
#1476=DIRECTION('',(0.E0,1.E0,0.E0));
#1477=DIRECTION('',(1.E0,0.E0,0.E0));
#1478=AXIS2_PLACEMENT_3D('',#1475,#1476,#1477);
#1480=CARTESIAN_POINT('',(-1.99E0,1.205E0,0.E0));
#1481=DIRECTION('',(0.E0,1.E0,0.E0));
#1482=DIRECTION('',(1.E0,0.E0,0.E0));
#1483=AXIS2_PLACEMENT_3D('',#1480,#1481,#1482);
#1485=CARTESIAN_POINT('',(-1.99E0,1.205E0,0.E0));
#1486=DIRECTION('',(0.E0,1.E0,0.E0));
#1487=DIRECTION('',(-1.E0,0.E0,0.E0));
#1488=AXIS2_PLACEMENT_3D('',#1485,#1486,#1487);
#1490=DIRECTION('',(1.E0,0.E0,0.E0));
#1491=VECTOR('',#1490,2.18E0);
#1492=CARTESIAN_POINT('',(-3.08E0,1.205E0,-2.45E0));
#1493=LINE('',#1492,#1491);
#1494=DIRECTION('',(0.E0,0.E0,-1.E0));
#1495=VECTOR('',#1494,5.92E0);
#1496=CARTESIAN_POINT('',(-3.08E0,1.205E0,3.47E0));
#1497=LINE('',#1496,#1495);
#1498=DIRECTION('',(0.E0,1.E0,0.E0));
#1499=VECTOR('',#1498,1.092E1);
#1500=CARTESIAN_POINT('',(-2.56E0,1.205E0,0.E0));
#1501=LINE('',#1500,#1499);
#1502=DIRECTION('',(0.E0,1.E0,0.E0));
#1503=VECTOR('',#1502,1.092E1);
#1504=CARTESIAN_POINT('',(-1.42E0,1.205E0,0.E0));
#1505=LINE('',#1504,#1503);
#1506=DIRECTION('',(0.E0,1.E0,0.E0));
#1507=VECTOR('',#1506,3.94E0);
#1508=CARTESIAN_POINT('',(-1.42E0,-5.145E0,0.E0));
#1509=LINE('',#1508,#1507);
#1510=CARTESIAN_POINT('',(-1.99E0,-5.145E0,0.E0));
#1511=DIRECTION('',(0.E0,-1.E0,0.E0));
#1512=DIRECTION('',(1.E0,0.E0,0.E0));
#1513=AXIS2_PLACEMENT_3D('',#1510,#1511,#1512);
#1515=DIRECTION('',(0.E0,1.E0,0.E0));
#1516=VECTOR('',#1515,3.94E0);
#1517=CARTESIAN_POINT('',(-2.56E0,-5.145E0,0.E0));
#1518=LINE('',#1517,#1516);
#1519=DIRECTION('',(-3.568681169914E-1,9.341547768304E-1,0.E0));
#1520=VECTOR('',#1519,9.527329111561E-1);
#1521=CARTESIAN_POINT('',(-1.42E0,1.2125E1,0.E0));
#1522=LINE('',#1521,#1520);
#1523=CARTESIAN_POINT('',(-1.99E0,1.2125E1,0.E0));
#1524=DIRECTION('',(0.E0,-1.E0,0.E0));
#1525=DIRECTION('',(1.E0,0.E0,0.E0));
#1526=AXIS2_PLACEMENT_3D('',#1523,#1524,#1525);
#1528=DIRECTION('',(3.568681169914E-1,9.341547768304E-1,0.E0));
#1529=VECTOR('',#1528,9.527329111561E-1);
#1530=CARTESIAN_POINT('',(-2.56E0,1.2125E1,0.E0));
#1531=LINE('',#1530,#1529);
#1532=CARTESIAN_POINT('',(-1.99E0,1.2125E1,0.E0));
#1533=DIRECTION('',(0.E0,1.E0,0.E0));
#1534=DIRECTION('',(1.E0,0.E0,0.E0));
#1535=AXIS2_PLACEMENT_3D('',#1532,#1533,#1534);
#1537=CARTESIAN_POINT('',(-1.99E0,1.3015E1,0.E0));
#1538=DIRECTION('',(0.E0,-1.E0,0.E0));
#1539=DIRECTION('',(1.E0,0.E0,0.E0));
#1540=AXIS2_PLACEMENT_3D('',#1537,#1538,#1539);
#1542=CARTESIAN_POINT('',(-1.99E0,1.3015E1,0.E0));
#1543=DIRECTION('',(0.E0,1.E0,0.E0));
#1544=DIRECTION('',(1.E0,0.E0,0.E0));
#1545=AXIS2_PLACEMENT_3D('',#1542,#1543,#1544);
#1547=DIRECTION('',(3.568681169914E-1,9.341547768304E-1,0.E0));
#1548=VECTOR('',#1547,9.527329111561E-1);
#1549=CARTESIAN_POINT('',(-1.76E0,-6.035E0,0.E0));
#1550=LINE('',#1549,#1548);
#1551=CARTESIAN_POINT('',(-1.99E0,-6.035E0,0.E0));
#1552=DIRECTION('',(0.E0,-1.E0,0.E0));
#1553=DIRECTION('',(1.E0,0.E0,0.E0));
#1554=AXIS2_PLACEMENT_3D('',#1551,#1552,#1553);
#1556=DIRECTION('',(-3.568681169914E-1,9.341547768304E-1,0.E0));
#1557=VECTOR('',#1556,9.527329111561E-1);
#1558=CARTESIAN_POINT('',(-2.22E0,-6.035E0,0.E0));
#1559=LINE('',#1558,#1557);
#1560=CARTESIAN_POINT('',(-1.99E0,-6.035E0,0.E0));
#1561=DIRECTION('',(0.E0,1.E0,0.E0));
#1562=DIRECTION('',(1.E0,0.E0,0.E0));
#1563=AXIS2_PLACEMENT_3D('',#1560,#1561,#1562);
#1565=DIRECTION('',(0.E0,1.E0,0.E0));
#1566=VECTOR('',#1565,3.8E-1);
#1567=CARTESIAN_POINT('',(-9.E-1,1.205E0,-2.45E0));
#1568=LINE('',#1567,#1566);
#1569=DIRECTION('',(0.E0,0.E0,-1.E0));
#1570=VECTOR('',#1569,5.92E0);
#1571=CARTESIAN_POINT('',(-9.E-1,1.205E0,3.47E0));
#1572=LINE('',#1571,#1570);
#1573=DIRECTION('',(0.E0,-1.E0,0.E0));
#1574=VECTOR('',#1573,3.8E-1);
#1575=CARTESIAN_POINT('',(-3.08E0,1.585E0,-2.45E0));
#1576=LINE('',#1575,#1574);
#1577=DIRECTION('',(0.E0,0.E0,-1.E0));
#1578=VECTOR('',#1577,6.9E0);
#1579=CARTESIAN_POINT('',(-4.86E0,-1.205E0,3.47E0));
#1580=LINE('',#1579,#1578);
#1581=CARTESIAN_POINT('',(-5.95E0,-1.205E0,0.E0));
#1582=DIRECTION('',(0.E0,1.E0,0.E0));
#1583=DIRECTION('',(1.E0,0.E0,0.E0));
#1584=AXIS2_PLACEMENT_3D('',#1581,#1582,#1583);
#1586=CARTESIAN_POINT('',(-5.95E0,-1.205E0,0.E0));
#1587=DIRECTION('',(0.E0,1.E0,0.E0));
#1588=DIRECTION('',(-1.E0,0.E0,0.E0));
#1589=AXIS2_PLACEMENT_3D('',#1586,#1587,#1588);
#1591=DIRECTION('',(0.E0,0.E0,-1.E0));
#1592=VECTOR('',#1591,6.9E0);
#1593=CARTESIAN_POINT('',(-7.04E0,-1.205E0,3.47E0));
#1594=LINE('',#1593,#1592);
#1595=CARTESIAN_POINT('',(-5.95E0,-5.145E0,0.E0));
#1596=DIRECTION('',(0.E0,1.E0,0.E0));
#1597=DIRECTION('',(1.E0,0.E0,0.E0));
#1598=AXIS2_PLACEMENT_3D('',#1595,#1596,#1597);
#1600=CARTESIAN_POINT('',(-5.95E0,1.205E0,0.E0));
#1601=DIRECTION('',(0.E0,1.E0,0.E0));
#1602=DIRECTION('',(1.E0,0.E0,0.E0));
#1603=AXIS2_PLACEMENT_3D('',#1600,#1601,#1602);
#1605=CARTESIAN_POINT('',(-5.95E0,1.205E0,0.E0));
#1606=DIRECTION('',(0.E0,1.E0,0.E0));
#1607=DIRECTION('',(-1.E0,0.E0,0.E0));
#1608=AXIS2_PLACEMENT_3D('',#1605,#1606,#1607);
#1610=DIRECTION('',(1.E0,0.E0,0.E0));
#1611=VECTOR('',#1610,2.18E0);
#1612=CARTESIAN_POINT('',(-7.04E0,1.205E0,-2.45E0));
#1613=LINE('',#1612,#1611);
#1614=DIRECTION('',(0.E0,0.E0,-1.E0));
#1615=VECTOR('',#1614,5.92E0);
#1616=CARTESIAN_POINT('',(-7.04E0,1.205E0,3.47E0));
#1617=LINE('',#1616,#1615);
#1618=DIRECTION('',(0.E0,1.E0,0.E0));
#1619=VECTOR('',#1618,1.092E1);
#1620=CARTESIAN_POINT('',(-6.52E0,1.205E0,0.E0));
#1621=LINE('',#1620,#1619);
#1622=DIRECTION('',(0.E0,1.E0,0.E0));
#1623=VECTOR('',#1622,1.092E1);
#1624=CARTESIAN_POINT('',(-5.38E0,1.205E0,0.E0));
#1625=LINE('',#1624,#1623);
#1626=DIRECTION('',(0.E0,1.E0,0.E0));
#1627=VECTOR('',#1626,3.94E0);
#1628=CARTESIAN_POINT('',(-5.38E0,-5.145E0,0.E0));
#1629=LINE('',#1628,#1627);
#1630=CARTESIAN_POINT('',(-5.95E0,-5.145E0,0.E0));
#1631=DIRECTION('',(0.E0,-1.E0,0.E0));
#1632=DIRECTION('',(1.E0,0.E0,0.E0));
#1633=AXIS2_PLACEMENT_3D('',#1630,#1631,#1632);
#1635=DIRECTION('',(0.E0,1.E0,0.E0));
#1636=VECTOR('',#1635,3.94E0);
#1637=CARTESIAN_POINT('',(-6.52E0,-5.145E0,0.E0));
#1638=LINE('',#1637,#1636);
#1639=DIRECTION('',(-3.568681169914E-1,9.341547768304E-1,0.E0));
#1640=VECTOR('',#1639,9.527329111561E-1);
#1641=CARTESIAN_POINT('',(-5.38E0,1.2125E1,0.E0));
#1642=LINE('',#1641,#1640);
#1643=CARTESIAN_POINT('',(-5.95E0,1.2125E1,0.E0));
#1644=DIRECTION('',(0.E0,-1.E0,0.E0));
#1645=DIRECTION('',(1.E0,0.E0,0.E0));
#1646=AXIS2_PLACEMENT_3D('',#1643,#1644,#1645);
#1648=DIRECTION('',(3.568681169914E-1,9.341547768304E-1,0.E0));
#1649=VECTOR('',#1648,9.527329111561E-1);
#1650=CARTESIAN_POINT('',(-6.52E0,1.2125E1,0.E0));
#1651=LINE('',#1650,#1649);
#1652=CARTESIAN_POINT('',(-5.95E0,1.2125E1,0.E0));
#1653=DIRECTION('',(0.E0,1.E0,0.E0));
#1654=DIRECTION('',(1.E0,0.E0,0.E0));
#1655=AXIS2_PLACEMENT_3D('',#1652,#1653,#1654);
#1657=CARTESIAN_POINT('',(-5.95E0,1.3015E1,0.E0));
#1658=DIRECTION('',(0.E0,-1.E0,0.E0));
#1659=DIRECTION('',(1.E0,0.E0,0.E0));
#1660=AXIS2_PLACEMENT_3D('',#1657,#1658,#1659);
#1662=CARTESIAN_POINT('',(-5.95E0,1.3015E1,0.E0));
#1663=DIRECTION('',(0.E0,1.E0,0.E0));
#1664=DIRECTION('',(1.E0,0.E0,0.E0));
#1665=AXIS2_PLACEMENT_3D('',#1662,#1663,#1664);
#1667=DIRECTION('',(3.568681169914E-1,9.341547768304E-1,0.E0));
#1668=VECTOR('',#1667,9.527329111561E-1);
#1669=CARTESIAN_POINT('',(-5.72E0,-6.035E0,0.E0));
#1670=LINE('',#1669,#1668);
#1671=CARTESIAN_POINT('',(-5.95E0,-6.035E0,0.E0));
#1672=DIRECTION('',(0.E0,-1.E0,0.E0));
#1673=DIRECTION('',(1.E0,0.E0,0.E0));
#1674=AXIS2_PLACEMENT_3D('',#1671,#1672,#1673);
#1676=DIRECTION('',(-3.568681169914E-1,9.341547768304E-1,0.E0));
#1677=VECTOR('',#1676,9.527329111561E-1);
#1678=CARTESIAN_POINT('',(-6.18E0,-6.035E0,0.E0));
#1679=LINE('',#1678,#1677);
#1680=CARTESIAN_POINT('',(-5.95E0,-6.035E0,0.E0));
#1681=DIRECTION('',(0.E0,1.E0,0.E0));
#1682=DIRECTION('',(1.E0,0.E0,0.E0));
#1683=AXIS2_PLACEMENT_3D('',#1680,#1681,#1682);
#1685=DIRECTION('',(0.E0,1.E0,0.E0));
#1686=VECTOR('',#1685,3.8E-1);
#1687=CARTESIAN_POINT('',(-4.86E0,1.205E0,-2.45E0));
#1688=LINE('',#1687,#1686);
#1689=DIRECTION('',(0.E0,0.E0,-1.E0));
#1690=VECTOR('',#1689,5.92E0);
#1691=CARTESIAN_POINT('',(-4.86E0,1.205E0,3.47E0));
#1692=LINE('',#1691,#1690);
#1693=DIRECTION('',(0.E0,-1.E0,0.E0));
#1694=VECTOR('',#1693,3.8E-1);
#1695=CARTESIAN_POINT('',(-7.04E0,1.585E0,-2.45E0));
#1696=LINE('',#1695,#1694);
#1697=DIRECTION('',(0.E0,0.E0,-1.E0));
#1698=VECTOR('',#1697,6.9E0);
#1699=CARTESIAN_POINT('',(-8.82E0,-1.205E0,3.47E0));
#1700=LINE('',#1699,#1698);
#1701=CARTESIAN_POINT('',(-9.91E0,-1.205E0,0.E0));
#1702=DIRECTION('',(0.E0,1.E0,0.E0));
#1703=DIRECTION('',(1.E0,0.E0,0.E0));
#1704=AXIS2_PLACEMENT_3D('',#1701,#1702,#1703);
#1706=CARTESIAN_POINT('',(-9.91E0,-1.205E0,0.E0));
#1707=DIRECTION('',(0.E0,1.E0,0.E0));
#1708=DIRECTION('',(-1.E0,0.E0,0.E0));
#1709=AXIS2_PLACEMENT_3D('',#1706,#1707,#1708);
#1711=DIRECTION('',(0.E0,0.E0,-1.E0));
#1712=VECTOR('',#1711,6.9E0);
#1713=CARTESIAN_POINT('',(-1.1E1,-1.205E0,3.47E0));
#1714=LINE('',#1713,#1712);
#1715=CARTESIAN_POINT('',(-9.91E0,-5.145E0,0.E0));
#1716=DIRECTION('',(0.E0,1.E0,0.E0));
#1717=DIRECTION('',(1.E0,0.E0,0.E0));
#1718=AXIS2_PLACEMENT_3D('',#1715,#1716,#1717);
#1720=CARTESIAN_POINT('',(-9.91E0,1.205E0,0.E0));
#1721=DIRECTION('',(0.E0,1.E0,0.E0));
#1722=DIRECTION('',(1.E0,0.E0,0.E0));
#1723=AXIS2_PLACEMENT_3D('',#1720,#1721,#1722);
#1725=CARTESIAN_POINT('',(-9.91E0,1.205E0,0.E0));
#1726=DIRECTION('',(0.E0,1.E0,0.E0));
#1727=DIRECTION('',(-1.E0,0.E0,0.E0));
#1728=AXIS2_PLACEMENT_3D('',#1725,#1726,#1727);
#1730=DIRECTION('',(1.E0,0.E0,0.E0));
#1731=VECTOR('',#1730,2.18E0);
#1732=CARTESIAN_POINT('',(-1.1E1,1.205E0,-2.45E0));
#1733=LINE('',#1732,#1731);
#1734=DIRECTION('',(0.E0,0.E0,-1.E0));
#1735=VECTOR('',#1734,5.92E0);
#1736=CARTESIAN_POINT('',(-1.1E1,1.205E0,3.47E0));
#1737=LINE('',#1736,#1735);
#1738=DIRECTION('',(0.E0,1.E0,0.E0));
#1739=VECTOR('',#1738,1.092E1);
#1740=CARTESIAN_POINT('',(-1.048E1,1.205E0,0.E0));
#1741=LINE('',#1740,#1739);
#1742=DIRECTION('',(0.E0,1.E0,0.E0));
#1743=VECTOR('',#1742,1.092E1);
#1744=CARTESIAN_POINT('',(-9.34E0,1.205E0,0.E0));
#1745=LINE('',#1744,#1743);
#1746=DIRECTION('',(0.E0,1.E0,0.E0));
#1747=VECTOR('',#1746,3.94E0);
#1748=CARTESIAN_POINT('',(-9.34E0,-5.145E0,0.E0));
#1749=LINE('',#1748,#1747);
#1750=CARTESIAN_POINT('',(-9.91E0,-5.145E0,0.E0));
#1751=DIRECTION('',(0.E0,-1.E0,0.E0));
#1752=DIRECTION('',(1.E0,0.E0,0.E0));
#1753=AXIS2_PLACEMENT_3D('',#1750,#1751,#1752);
#1755=DIRECTION('',(0.E0,1.E0,0.E0));
#1756=VECTOR('',#1755,3.94E0);
#1757=CARTESIAN_POINT('',(-1.048E1,-5.145E0,0.E0));
#1758=LINE('',#1757,#1756);
#1759=DIRECTION('',(-3.568681169914E-1,9.341547768304E-1,0.E0));
#1760=VECTOR('',#1759,9.527329111561E-1);
#1761=CARTESIAN_POINT('',(-9.34E0,1.2125E1,0.E0));
#1762=LINE('',#1761,#1760);
#1763=CARTESIAN_POINT('',(-9.91E0,1.2125E1,0.E0));
#1764=DIRECTION('',(0.E0,-1.E0,0.E0));
#1765=DIRECTION('',(1.E0,0.E0,0.E0));
#1766=AXIS2_PLACEMENT_3D('',#1763,#1764,#1765);
#1768=DIRECTION('',(3.568681169914E-1,9.341547768304E-1,0.E0));
#1769=VECTOR('',#1768,9.527329111561E-1);
#1770=CARTESIAN_POINT('',(-1.048E1,1.2125E1,0.E0));
#1771=LINE('',#1770,#1769);
#1772=CARTESIAN_POINT('',(-9.91E0,1.2125E1,0.E0));
#1773=DIRECTION('',(0.E0,1.E0,0.E0));
#1774=DIRECTION('',(1.E0,0.E0,0.E0));
#1775=AXIS2_PLACEMENT_3D('',#1772,#1773,#1774);
#1777=CARTESIAN_POINT('',(-9.91E0,1.3015E1,0.E0));
#1778=DIRECTION('',(0.E0,-1.E0,0.E0));
#1779=DIRECTION('',(1.E0,0.E0,0.E0));
#1780=AXIS2_PLACEMENT_3D('',#1777,#1778,#1779);
#1782=CARTESIAN_POINT('',(-9.91E0,1.3015E1,0.E0));
#1783=DIRECTION('',(0.E0,1.E0,0.E0));
#1784=DIRECTION('',(1.E0,0.E0,0.E0));
#1785=AXIS2_PLACEMENT_3D('',#1782,#1783,#1784);
#1787=DIRECTION('',(3.568681169914E-1,9.341547768304E-1,0.E0));
#1788=VECTOR('',#1787,9.527329111561E-1);
#1789=CARTESIAN_POINT('',(-9.68E0,-6.035E0,0.E0));
#1790=LINE('',#1789,#1788);
#1791=CARTESIAN_POINT('',(-9.91E0,-6.035E0,0.E0));
#1792=DIRECTION('',(0.E0,-1.E0,0.E0));
#1793=DIRECTION('',(1.E0,0.E0,0.E0));
#1794=AXIS2_PLACEMENT_3D('',#1791,#1792,#1793);
#1796=DIRECTION('',(-3.568681169914E-1,9.341547768304E-1,0.E0));
#1797=VECTOR('',#1796,9.527329111561E-1);
#1798=CARTESIAN_POINT('',(-1.014E1,-6.035E0,0.E0));
#1799=LINE('',#1798,#1797);
#1800=CARTESIAN_POINT('',(-9.91E0,-6.035E0,0.E0));
#1801=DIRECTION('',(0.E0,1.E0,0.E0));
#1802=DIRECTION('',(1.E0,0.E0,0.E0));
#1803=AXIS2_PLACEMENT_3D('',#1800,#1801,#1802);
#1805=DIRECTION('',(0.E0,1.E0,0.E0));
#1806=VECTOR('',#1805,3.8E-1);
#1807=CARTESIAN_POINT('',(-8.82E0,1.205E0,-2.45E0));
#1808=LINE('',#1807,#1806);
#1809=DIRECTION('',(0.E0,0.E0,-1.E0));
#1810=VECTOR('',#1809,5.92E0);
#1811=CARTESIAN_POINT('',(-8.82E0,1.205E0,3.47E0));
#1812=LINE('',#1811,#1810);
#1813=DIRECTION('',(0.E0,-1.E0,0.E0));
#1814=VECTOR('',#1813,3.8E-1);
#1815=CARTESIAN_POINT('',(-1.1E1,1.585E0,-2.45E0));
#1816=LINE('',#1815,#1814);
#1817=DIRECTION('',(0.E0,0.E0,-1.E0));
#1818=VECTOR('',#1817,6.9E0);
#1819=CARTESIAN_POINT('',(-1.278E1,-1.205E0,3.47E0));
#1820=LINE('',#1819,#1818);
#1821=CARTESIAN_POINT('',(-1.387E1,-1.205E0,0.E0));
#1822=DIRECTION('',(0.E0,1.E0,0.E0));
#1823=DIRECTION('',(1.E0,0.E0,0.E0));
#1824=AXIS2_PLACEMENT_3D('',#1821,#1822,#1823);
#1826=CARTESIAN_POINT('',(-1.387E1,-1.205E0,0.E0));
#1827=DIRECTION('',(0.E0,1.E0,0.E0));
#1828=DIRECTION('',(-1.E0,0.E0,0.E0));
#1829=AXIS2_PLACEMENT_3D('',#1826,#1827,#1828);
#1831=CARTESIAN_POINT('',(-1.387E1,-5.145E0,0.E0));
#1832=DIRECTION('',(0.E0,1.E0,0.E0));
#1833=DIRECTION('',(1.E0,0.E0,0.E0));
#1834=AXIS2_PLACEMENT_3D('',#1831,#1832,#1833);
#1836=CARTESIAN_POINT('',(-1.387E1,1.205E0,0.E0));
#1837=DIRECTION('',(0.E0,1.E0,0.E0));
#1838=DIRECTION('',(1.E0,0.E0,0.E0));
#1839=AXIS2_PLACEMENT_3D('',#1836,#1837,#1838);
#1841=CARTESIAN_POINT('',(-1.387E1,1.205E0,0.E0));
#1842=DIRECTION('',(0.E0,1.E0,0.E0));
#1843=DIRECTION('',(-1.E0,0.E0,0.E0));
#1844=AXIS2_PLACEMENT_3D('',#1841,#1842,#1843);
#1846=DIRECTION('',(1.E0,0.E0,0.E0));
#1847=VECTOR('',#1846,2.18E0);
#1848=CARTESIAN_POINT('',(-1.496E1,1.205E0,-2.45E0));
#1849=LINE('',#1848,#1847);
#1850=DIRECTION('',(0.E0,0.E0,-1.E0));
#1851=VECTOR('',#1850,5.92E0);
#1852=CARTESIAN_POINT('',(-1.496E1,1.205E0,3.47E0));
#1853=LINE('',#1852,#1851);
#1854=DIRECTION('',(0.E0,1.E0,0.E0));
#1855=VECTOR('',#1854,1.092E1);
#1856=CARTESIAN_POINT('',(-1.444E1,1.205E0,0.E0));
#1857=LINE('',#1856,#1855);
#1858=DIRECTION('',(0.E0,1.E0,0.E0));
#1859=VECTOR('',#1858,1.092E1);
#1860=CARTESIAN_POINT('',(-1.33E1,1.205E0,0.E0));
#1861=LINE('',#1860,#1859);
#1862=DIRECTION('',(0.E0,1.E0,0.E0));
#1863=VECTOR('',#1862,3.94E0);
#1864=CARTESIAN_POINT('',(-1.33E1,-5.145E0,0.E0));
#1865=LINE('',#1864,#1863);
#1866=CARTESIAN_POINT('',(-1.387E1,-5.145E0,0.E0));
#1867=DIRECTION('',(0.E0,-1.E0,0.E0));
#1868=DIRECTION('',(1.E0,0.E0,0.E0));
#1869=AXIS2_PLACEMENT_3D('',#1866,#1867,#1868);
#1871=DIRECTION('',(0.E0,1.E0,0.E0));
#1872=VECTOR('',#1871,3.94E0);
#1873=CARTESIAN_POINT('',(-1.444E1,-5.145E0,0.E0));
#1874=LINE('',#1873,#1872);
#1875=DIRECTION('',(-3.568681169914E-1,9.341547768304E-1,0.E0));
#1876=VECTOR('',#1875,9.527329111561E-1);
#1877=CARTESIAN_POINT('',(-1.33E1,1.2125E1,0.E0));
#1878=LINE('',#1877,#1876);
#1879=CARTESIAN_POINT('',(-1.387E1,1.2125E1,0.E0));
#1880=DIRECTION('',(0.E0,-1.E0,0.E0));
#1881=DIRECTION('',(1.E0,0.E0,0.E0));
#1882=AXIS2_PLACEMENT_3D('',#1879,#1880,#1881);
#1884=DIRECTION('',(3.568681169914E-1,9.341547768304E-1,0.E0));
#1885=VECTOR('',#1884,9.527329111561E-1);
#1886=CARTESIAN_POINT('',(-1.444E1,1.2125E1,0.E0));
#1887=LINE('',#1886,#1885);
#1888=CARTESIAN_POINT('',(-1.387E1,1.2125E1,0.E0));
#1889=DIRECTION('',(0.E0,1.E0,0.E0));
#1890=DIRECTION('',(1.E0,0.E0,0.E0));
#1891=AXIS2_PLACEMENT_3D('',#1888,#1889,#1890);
#1893=CARTESIAN_POINT('',(-1.387E1,1.3015E1,0.E0));
#1894=DIRECTION('',(0.E0,-1.E0,0.E0));
#1895=DIRECTION('',(1.E0,0.E0,0.E0));
#1896=AXIS2_PLACEMENT_3D('',#1893,#1894,#1895);
#1898=CARTESIAN_POINT('',(-1.387E1,1.3015E1,0.E0));
#1899=DIRECTION('',(0.E0,1.E0,0.E0));
#1900=DIRECTION('',(1.E0,0.E0,0.E0));
#1901=AXIS2_PLACEMENT_3D('',#1898,#1899,#1900);
#1903=DIRECTION('',(3.568681169914E-1,9.341547768304E-1,0.E0));
#1904=VECTOR('',#1903,9.527329111561E-1);
#1905=CARTESIAN_POINT('',(-1.364E1,-6.035E0,0.E0));
#1906=LINE('',#1905,#1904);
#1907=CARTESIAN_POINT('',(-1.387E1,-6.035E0,0.E0));
#1908=DIRECTION('',(0.E0,-1.E0,0.E0));
#1909=DIRECTION('',(1.E0,0.E0,0.E0));
#1910=AXIS2_PLACEMENT_3D('',#1907,#1908,#1909);
#1912=DIRECTION('',(-3.568681169914E-1,9.341547768304E-1,0.E0));
#1913=VECTOR('',#1912,9.527329111561E-1);
#1914=CARTESIAN_POINT('',(-1.41E1,-6.035E0,0.E0));
#1915=LINE('',#1914,#1913);
#1916=CARTESIAN_POINT('',(-1.387E1,-6.035E0,0.E0));
#1917=DIRECTION('',(0.E0,1.E0,0.E0));
#1918=DIRECTION('',(1.E0,0.E0,0.E0));
#1919=AXIS2_PLACEMENT_3D('',#1916,#1917,#1918);
#1921=DIRECTION('',(0.E0,0.E0,-1.E0));
#1922=VECTOR('',#1921,5.92E0);
#1923=CARTESIAN_POINT('',(-1.278E1,1.205E0,3.47E0));
#1924=LINE('',#1923,#1922);
#1925=DIRECTION('',(0.E0,1.E0,0.E0));
#1926=VECTOR('',#1925,3.8E-1);
#1927=CARTESIAN_POINT('',(-1.278E1,1.205E0,-2.45E0));
#1928=LINE('',#1927,#1926);
#1929=DIRECTION('',(0.E0,-1.E0,0.E0));
#1930=VECTOR('',#1929,3.8E-1);
#1931=CARTESIAN_POINT('',(-1.496E1,1.585E0,-2.45E0));
#1932=LINE('',#1931,#1930);
#1933=DIRECTION('',(0.E0,-1.E0,0.E0));
#1934=VECTOR('',#1933,3.17E0);
#1935=CARTESIAN_POINT('',(-1.24E1,1.585E0,-1.5E0));
#1936=LINE('',#1935,#1934);
#1937=DIRECTION('',(0.E0,-1.E0,0.E0));
#1938=VECTOR('',#1937,3.17E0);
#1939=CARTESIAN_POINT('',(-1.24E1,1.585E0,1.5E0));
#1940=LINE('',#1939,#1938);
#1941=DIRECTION('',(0.E0,-1.E0,0.E0));
#1942=VECTOR('',#1941,3.17E0);
#1943=CARTESIAN_POINT('',(-1.138E1,1.585E0,1.5E0));
#1944=LINE('',#1943,#1942);
#1945=DIRECTION('',(0.E0,-1.E0,0.E0));
#1946=VECTOR('',#1945,3.17E0);
#1947=CARTESIAN_POINT('',(-1.138E1,1.585E0,-1.5E0));
#1948=LINE('',#1947,#1946);
#1949=DIRECTION('',(0.E0,-1.E0,0.E0));
#1950=VECTOR('',#1949,3.17E0);
#1951=CARTESIAN_POINT('',(-8.44E0,1.585E0,-1.5E0));
#1952=LINE('',#1951,#1950);
#1953=DIRECTION('',(0.E0,-1.E0,0.E0));
#1954=VECTOR('',#1953,3.17E0);
#1955=CARTESIAN_POINT('',(-8.44E0,1.585E0,1.5E0));
#1956=LINE('',#1955,#1954);
#1957=DIRECTION('',(0.E0,-1.E0,0.E0));
#1958=VECTOR('',#1957,3.17E0);
#1959=CARTESIAN_POINT('',(-7.42E0,1.585E0,1.5E0));
#1960=LINE('',#1959,#1958);
#1961=DIRECTION('',(0.E0,-1.E0,0.E0));
#1962=VECTOR('',#1961,3.17E0);
#1963=CARTESIAN_POINT('',(-7.42E0,1.585E0,-1.5E0));
#1964=LINE('',#1963,#1962);
#1965=DIRECTION('',(0.E0,-1.E0,0.E0));
#1966=VECTOR('',#1965,3.17E0);
#1967=CARTESIAN_POINT('',(-4.48E0,1.585E0,-1.5E0));
#1968=LINE('',#1967,#1966);
#1969=DIRECTION('',(0.E0,-1.E0,0.E0));
#1970=VECTOR('',#1969,3.17E0);
#1971=CARTESIAN_POINT('',(-4.48E0,1.585E0,1.5E0));
#1972=LINE('',#1971,#1970);
#1973=DIRECTION('',(0.E0,-1.E0,0.E0));
#1974=VECTOR('',#1973,3.17E0);
#1975=CARTESIAN_POINT('',(-3.46E0,1.585E0,1.5E0));
#1976=LINE('',#1975,#1974);
#1977=DIRECTION('',(0.E0,-1.E0,0.E0));
#1978=VECTOR('',#1977,3.17E0);
#1979=CARTESIAN_POINT('',(-3.46E0,1.585E0,-1.5E0));
#1980=LINE('',#1979,#1978);
#1981=DIRECTION('',(0.E0,-1.E0,0.E0));
#1982=VECTOR('',#1981,3.17E0);
#1983=CARTESIAN_POINT('',(-5.2E-1,1.585E0,-1.5E0));
#1984=LINE('',#1983,#1982);
#1985=DIRECTION('',(0.E0,-1.E0,0.E0));
#1986=VECTOR('',#1985,3.17E0);
#1987=CARTESIAN_POINT('',(-5.2E-1,1.585E0,1.5E0));
#1988=LINE('',#1987,#1986);
#1989=DIRECTION('',(0.E0,-1.E0,0.E0));
#1990=VECTOR('',#1989,3.17E0);
#1991=CARTESIAN_POINT('',(5.E-1,1.585E0,1.5E0));
#1992=LINE('',#1991,#1990);
#1993=DIRECTION('',(0.E0,-1.E0,0.E0));
#1994=VECTOR('',#1993,3.17E0);
#1995=CARTESIAN_POINT('',(5.E-1,1.585E0,-1.5E0));
#1996=LINE('',#1995,#1994);
#1997=DIRECTION('',(0.E0,-1.E0,0.E0));
#1998=VECTOR('',#1997,3.17E0);
#1999=CARTESIAN_POINT('',(3.44E0,1.585E0,-1.5E0));
#2000=LINE('',#1999,#1998);
#2001=DIRECTION('',(0.E0,-1.E0,0.E0));
#2002=VECTOR('',#2001,3.17E0);
#2003=CARTESIAN_POINT('',(3.44E0,1.585E0,1.5E0));
#2004=LINE('',#2003,#2002);
#2005=DIRECTION('',(0.E0,-1.E0,0.E0));
#2006=VECTOR('',#2005,3.17E0);
#2007=CARTESIAN_POINT('',(4.46E0,1.585E0,1.5E0));
#2008=LINE('',#2007,#2006);
#2009=DIRECTION('',(0.E0,-1.E0,0.E0));
#2010=VECTOR('',#2009,3.17E0);
#2011=CARTESIAN_POINT('',(4.46E0,1.585E0,-1.5E0));
#2012=LINE('',#2011,#2010);
#2013=DIRECTION('',(0.E0,-1.E0,0.E0));
#2014=VECTOR('',#2013,3.17E0);
#2015=CARTESIAN_POINT('',(7.4E0,1.585E0,-1.5E0));
#2016=LINE('',#2015,#2014);
#2017=DIRECTION('',(0.E0,-1.E0,0.E0));
#2018=VECTOR('',#2017,3.17E0);
#2019=CARTESIAN_POINT('',(7.4E0,1.585E0,1.5E0));
#2020=LINE('',#2019,#2018);
#2021=DIRECTION('',(0.E0,-1.E0,0.E0));
#2022=VECTOR('',#2021,3.17E0);
#2023=CARTESIAN_POINT('',(8.42E0,1.585E0,1.5E0));
#2024=LINE('',#2023,#2022);
#2025=DIRECTION('',(0.E0,-1.E0,0.E0));
#2026=VECTOR('',#2025,3.17E0);
#2027=CARTESIAN_POINT('',(8.42E0,1.585E0,-1.5E0));
#2028=LINE('',#2027,#2026);
#2029=DIRECTION('',(0.E0,-1.E0,0.E0));
#2030=VECTOR('',#2029,3.17E0);
#2031=CARTESIAN_POINT('',(1.136E1,1.585E0,-1.5E0));
#2032=LINE('',#2031,#2030);
#2033=DIRECTION('',(0.E0,-1.E0,0.E0));
#2034=VECTOR('',#2033,3.17E0);
#2035=CARTESIAN_POINT('',(1.136E1,1.585E0,1.5E0));
#2036=LINE('',#2035,#2034);
#2037=DIRECTION('',(0.E0,-1.E0,0.E0));
#2038=VECTOR('',#2037,3.17E0);
#2039=CARTESIAN_POINT('',(1.238E1,1.585E0,1.5E0));
#2040=LINE('',#2039,#2038);
#2041=DIRECTION('',(0.E0,-1.E0,0.E0));
#2042=VECTOR('',#2041,3.17E0);
#2043=CARTESIAN_POINT('',(1.238E1,1.585E0,-1.5E0));
#2044=LINE('',#2043,#2042);
#2045=CARTESIAN_POINT('',(-1.585E1,1.585E0,3.47E0));
#2046=CARTESIAN_POINT('',(-1.585E1,-1.585E0,3.47E0));
#2047=VERTEX_POINT('',#2045);
#2048=VERTEX_POINT('',#2046);
#2049=CARTESIAN_POINT('',(1.585E1,-1.585E0,3.47E0));
#2050=CARTESIAN_POINT('',(1.585E1,1.585E0,3.47E0));
#2051=VERTEX_POINT('',#2049);
#2052=VERTEX_POINT('',#2050);
#2053=CARTESIAN_POINT('',(-1.585E1,-1.585E0,-3.43E0));
#2054=VERTEX_POINT('',#2053);
#2055=CARTESIAN_POINT('',(1.585E1,-1.585E0,-3.43E0));
#2056=VERTEX_POINT('',#2055);
#2057=CARTESIAN_POINT('',(-1.278E1,-1.585E0,-3.43E0));
#2058=CARTESIAN_POINT('',(-1.278E1,-1.205E0,-3.43E0));
#2059=VERTEX_POINT('',#2057);
#2060=VERTEX_POINT('',#2058);
#2061=CARTESIAN_POINT('',(-1.496E1,-1.205E0,-3.43E0));
#2062=VERTEX_POINT('',#2061);
#2063=CARTESIAN_POINT('',(-1.496E1,-1.585E0,-3.43E0));
#2064=VERTEX_POINT('',#2063);
#2065=CARTESIAN_POINT('',(-1.496E1,1.585E0,3.47E0));
#2066=CARTESIAN_POINT('',(-1.496E1,1.205E0,3.47E0));
#2067=VERTEX_POINT('',#2065);
#2068=VERTEX_POINT('',#2066);
#2069=CARTESIAN_POINT('',(-1.278E1,1.205E0,3.47E0));
#2070=VERTEX_POINT('',#2069);
#2071=CARTESIAN_POINT('',(-1.278E1,1.585E0,3.47E0));
#2072=VERTEX_POINT('',#2071);
#2073=CARTESIAN_POINT('',(-1.278E1,-1.585E0,3.47E0));
#2074=CARTESIAN_POINT('',(-1.278E1,-1.205E0,3.47E0));
#2075=VERTEX_POINT('',#2073);
#2076=VERTEX_POINT('',#2074);
#2077=CARTESIAN_POINT('',(-1.496E1,-1.205E0,3.47E0));
#2078=VERTEX_POINT('',#2077);
#2079=CARTESIAN_POINT('',(-1.496E1,-1.585E0,3.47E0));
#2080=VERTEX_POINT('',#2079);
#2081=CARTESIAN_POINT('',(-4.48E0,7.535E0,-3.43E0));
#2082=CARTESIAN_POINT('',(-4.48E0,1.585E0,-3.43E0));
#2083=VERTEX_POINT('',#2081);
#2084=VERTEX_POINT('',#2082);
#2085=CARTESIAN_POINT('',(-3.46E0,1.585E0,-3.43E0));
#2086=VERTEX_POINT('',#2085);
#2087=CARTESIAN_POINT('',(-3.46E0,7.535E0,-3.43E0));
#2088=VERTEX_POINT('',#2087);
#2089=CARTESIAN_POINT('',(-4.48E0,1.585E0,-2.45E0));
#2090=VERTEX_POINT('',#2089);
#2091=CARTESIAN_POINT('',(-3.46E0,1.585E0,-2.45E0));
#2092=VERTEX_POINT('',#2091);
#2093=CARTESIAN_POINT('',(-1.24E1,-1.585E0,-1.5E0));
#2094=CARTESIAN_POINT('',(-1.24E1,-1.585E0,1.5E0));
#2095=VERTEX_POINT('',#2093);
#2096=VERTEX_POINT('',#2094);
#2097=CARTESIAN_POINT('',(-1.138E1,-1.585E0,1.5E0));
#2098=VERTEX_POINT('',#2097);
#2099=CARTESIAN_POINT('',(-1.138E1,-1.585E0,-1.5E0));
#2100=VERTEX_POINT('',#2099);
#2101=CARTESIAN_POINT('',(-1.24E1,1.585E0,-1.5E0));
#2102=CARTESIAN_POINT('',(-1.24E1,1.585E0,1.5E0));
#2103=VERTEX_POINT('',#2101);
#2104=VERTEX_POINT('',#2102);
#2105=CARTESIAN_POINT('',(-1.138E1,1.585E0,1.5E0));
#2106=VERTEX_POINT('',#2105);
#2107=CARTESIAN_POINT('',(-1.138E1,1.585E0,-1.5E0));
#2108=VERTEX_POINT('',#2107);
#2109=CARTESIAN_POINT('',(1.585E1,7.535E0,-3.43E0));
#2110=CARTESIAN_POINT('',(1.585E1,7.535E0,-2.83E0));
#2111=VERTEX_POINT('',#2109);
#2112=VERTEX_POINT('',#2110);
#2113=CARTESIAN_POINT('',(1.585E1,6.876820693124E0,-2.45E0));
#2114=VERTEX_POINT('',#2113);
#2115=CARTESIAN_POINT('',(-1.585E1,7.535E0,-2.83E0));
#2116=CARTESIAN_POINT('',(-1.585E1,7.535E0,-3.43E0));
#2117=VERTEX_POINT('',#2115);
#2118=VERTEX_POINT('',#2116);
#2119=CARTESIAN_POINT('',(-1.585E1,6.876820693124E0,-2.45E0));
#2120=VERTEX_POINT('',#2119);
#2121=CARTESIAN_POINT('',(1.585E1,1.585E0,-2.45E0));
#2122=CARTESIAN_POINT('',(1.494E1,1.585E0,-2.45E0));
#2123=VERTEX_POINT('',#2121);
#2124=VERTEX_POINT('',#2122);
#2125=CARTESIAN_POINT('',(-1.585E1,1.585E0,-2.45E0));
#2126=VERTEX_POINT('',#2125);
#2127=CARTESIAN_POINT('',(1.276E1,1.585E0,-2.45E0));
#2128=CARTESIAN_POINT('',(1.098E1,1.585E0,-2.45E0));
#2129=VERTEX_POINT('',#2127);
#2130=VERTEX_POINT('',#2128);
#2131=CARTESIAN_POINT('',(-1.496E1,1.585E0,-2.45E0));
#2132=VERTEX_POINT('',#2131);
#2133=CARTESIAN_POINT('',(-1.278E1,1.585E0,-2.45E0));
#2134=VERTEX_POINT('',#2133);
#2135=CARTESIAN_POINT('',(-1.364E1,-6.035E0,0.E0));
#2136=CARTESIAN_POINT('',(-1.33E1,-5.145E0,0.E0));
#2137=VERTEX_POINT('',#2135);
#2138=VERTEX_POINT('',#2136);
#2139=CARTESIAN_POINT('',(-1.33E1,1.2125E1,0.E0));
#2140=CARTESIAN_POINT('',(-1.364E1,1.3015E1,0.E0));
#2141=VERTEX_POINT('',#2139);
#2142=VERTEX_POINT('',#2140);
#2143=CARTESIAN_POINT('',(-1.41E1,-6.035E0,0.E0));
#2144=CARTESIAN_POINT('',(-1.444E1,-5.145E0,0.E0));
#2145=VERTEX_POINT('',#2143);
#2146=VERTEX_POINT('',#2144);
#2147=CARTESIAN_POINT('',(-1.444E1,1.2125E1,0.E0));
#2148=CARTESIAN_POINT('',(-1.41E1,1.3015E1,0.E0));
#2149=VERTEX_POINT('',#2147);
#2150=VERTEX_POINT('',#2148);
#2151=CARTESIAN_POINT('',(-1.33E1,1.205E0,0.E0));
#2152=CARTESIAN_POINT('',(-1.444E1,1.205E0,0.E0));
#2153=VERTEX_POINT('',#2151);
#2154=VERTEX_POINT('',#2152);
#2155=CARTESIAN_POINT('',(-1.33E1,-1.205E0,0.E0));
#2156=CARTESIAN_POINT('',(-1.444E1,-1.205E0,0.E0));
#2157=VERTEX_POINT('',#2155);
#2158=VERTEX_POINT('',#2156);
#2159=CARTESIAN_POINT('',(-1.496E1,1.205E0,-2.45E0));
#2160=VERTEX_POINT('',#2159);
#2161=CARTESIAN_POINT('',(-1.278E1,1.205E0,-2.45E0));
#2162=VERTEX_POINT('',#2161);
#2163=CARTESIAN_POINT('',(-4.48E0,7.535E0,-2.83E0));
#2164=VERTEX_POINT('',#2163);
#2165=CARTESIAN_POINT('',(-3.46E0,7.535E0,-2.83E0));
#2166=VERTEX_POINT('',#2165);
#2167=CARTESIAN_POINT('',(-4.48E0,6.876820693124E0,-2.45E0));
#2168=VERTEX_POINT('',#2167);
#2169=CARTESIAN_POINT('',(-3.46E0,6.876820693124E0,-2.45E0));
#2170=VERTEX_POINT('',#2169);
#2171=CARTESIAN_POINT('',(-8.82E0,-1.585E0,-3.43E0));
#2172=CARTESIAN_POINT('',(-8.82E0,-1.205E0,-3.43E0));
#2173=VERTEX_POINT('',#2171);
#2174=VERTEX_POINT('',#2172);
#2175=CARTESIAN_POINT('',(-1.1E1,-1.205E0,-3.43E0));
#2176=VERTEX_POINT('',#2175);
#2177=CARTESIAN_POINT('',(-1.1E1,-1.585E0,-3.43E0));
#2178=VERTEX_POINT('',#2177);
#2179=CARTESIAN_POINT('',(-1.1E1,1.585E0,3.47E0));
#2180=CARTESIAN_POINT('',(-1.1E1,1.205E0,3.47E0));
#2181=VERTEX_POINT('',#2179);
#2182=VERTEX_POINT('',#2180);
#2183=CARTESIAN_POINT('',(-8.82E0,1.205E0,3.47E0));
#2184=VERTEX_POINT('',#2183);
#2185=CARTESIAN_POINT('',(-8.82E0,1.585E0,3.47E0));
#2186=VERTEX_POINT('',#2185);
#2187=CARTESIAN_POINT('',(-8.82E0,-1.585E0,3.47E0));
#2188=CARTESIAN_POINT('',(-8.82E0,-1.205E0,3.47E0));
#2189=VERTEX_POINT('',#2187);
#2190=VERTEX_POINT('',#2188);
#2191=CARTESIAN_POINT('',(-1.1E1,-1.205E0,3.47E0));
#2192=VERTEX_POINT('',#2191);
#2193=CARTESIAN_POINT('',(-1.1E1,-1.585E0,3.47E0));
#2194=VERTEX_POINT('',#2193);
#2195=CARTESIAN_POINT('',(-4.86E0,-1.585E0,-3.43E0));
#2196=CARTESIAN_POINT('',(-4.86E0,-1.205E0,-3.43E0));
#2197=VERTEX_POINT('',#2195);
#2198=VERTEX_POINT('',#2196);
#2199=CARTESIAN_POINT('',(-7.04E0,-1.205E0,-3.43E0));
#2200=VERTEX_POINT('',#2199);
#2201=CARTESIAN_POINT('',(-7.04E0,-1.585E0,-3.43E0));
#2202=VERTEX_POINT('',#2201);
#2203=CARTESIAN_POINT('',(-7.04E0,1.585E0,3.47E0));
#2204=CARTESIAN_POINT('',(-7.04E0,1.205E0,3.47E0));
#2205=VERTEX_POINT('',#2203);
#2206=VERTEX_POINT('',#2204);
#2207=CARTESIAN_POINT('',(-4.86E0,1.205E0,3.47E0));
#2208=VERTEX_POINT('',#2207);
#2209=CARTESIAN_POINT('',(-4.86E0,1.585E0,3.47E0));
#2210=VERTEX_POINT('',#2209);
#2211=CARTESIAN_POINT('',(-4.86E0,-1.585E0,3.47E0));
#2212=CARTESIAN_POINT('',(-4.86E0,-1.205E0,3.47E0));
#2213=VERTEX_POINT('',#2211);
#2214=VERTEX_POINT('',#2212);
#2215=CARTESIAN_POINT('',(-7.04E0,-1.205E0,3.47E0));
#2216=VERTEX_POINT('',#2215);
#2217=CARTESIAN_POINT('',(-7.04E0,-1.585E0,3.47E0));
#2218=VERTEX_POINT('',#2217);
#2219=CARTESIAN_POINT('',(-9.E-1,-1.585E0,-3.43E0));
#2220=CARTESIAN_POINT('',(-9.E-1,-1.205E0,-3.43E0));
#2221=VERTEX_POINT('',#2219);
#2222=VERTEX_POINT('',#2220);
#2223=CARTESIAN_POINT('',(-3.08E0,-1.205E0,-3.43E0));
#2224=VERTEX_POINT('',#2223);
#2225=CARTESIAN_POINT('',(-3.08E0,-1.585E0,-3.43E0));
#2226=VERTEX_POINT('',#2225);
#2227=CARTESIAN_POINT('',(-3.08E0,1.585E0,3.47E0));
#2228=CARTESIAN_POINT('',(-3.08E0,1.205E0,3.47E0));
#2229=VERTEX_POINT('',#2227);
#2230=VERTEX_POINT('',#2228);
#2231=CARTESIAN_POINT('',(-9.E-1,1.205E0,3.47E0));
#2232=VERTEX_POINT('',#2231);
#2233=CARTESIAN_POINT('',(-9.E-1,1.585E0,3.47E0));
#2234=VERTEX_POINT('',#2233);
#2235=CARTESIAN_POINT('',(-9.E-1,-1.585E0,3.47E0));
#2236=CARTESIAN_POINT('',(-9.E-1,-1.205E0,3.47E0));
#2237=VERTEX_POINT('',#2235);
#2238=VERTEX_POINT('',#2236);
#2239=CARTESIAN_POINT('',(-3.08E0,-1.205E0,3.47E0));
#2240=VERTEX_POINT('',#2239);
#2241=CARTESIAN_POINT('',(-3.08E0,-1.585E0,3.47E0));
#2242=VERTEX_POINT('',#2241);
#2243=CARTESIAN_POINT('',(3.06E0,-1.585E0,-3.43E0));
#2244=CARTESIAN_POINT('',(3.06E0,-1.205E0,-3.43E0));
#2245=VERTEX_POINT('',#2243);
#2246=VERTEX_POINT('',#2244);
#2247=CARTESIAN_POINT('',(8.8E-1,-1.205E0,-3.43E0));
#2248=VERTEX_POINT('',#2247);
#2249=CARTESIAN_POINT('',(8.8E-1,-1.585E0,-3.43E0));
#2250=VERTEX_POINT('',#2249);
#2251=CARTESIAN_POINT('',(8.8E-1,1.585E0,3.47E0));
#2252=CARTESIAN_POINT('',(8.8E-1,1.205E0,3.47E0));
#2253=VERTEX_POINT('',#2251);
#2254=VERTEX_POINT('',#2252);
#2255=CARTESIAN_POINT('',(3.06E0,1.205E0,3.47E0));
#2256=VERTEX_POINT('',#2255);
#2257=CARTESIAN_POINT('',(3.06E0,1.585E0,3.47E0));
#2258=VERTEX_POINT('',#2257);
#2259=CARTESIAN_POINT('',(3.06E0,-1.585E0,3.47E0));
#2260=CARTESIAN_POINT('',(3.06E0,-1.205E0,3.47E0));
#2261=VERTEX_POINT('',#2259);
#2262=VERTEX_POINT('',#2260);
#2263=CARTESIAN_POINT('',(8.8E-1,-1.205E0,3.47E0));
#2264=VERTEX_POINT('',#2263);
#2265=CARTESIAN_POINT('',(8.8E-1,-1.585E0,3.47E0));
#2266=VERTEX_POINT('',#2265);
#2267=CARTESIAN_POINT('',(4.84E0,1.585E0,-2.45E0));
#2268=CARTESIAN_POINT('',(3.06E0,1.585E0,-2.45E0));
#2269=VERTEX_POINT('',#2267);
#2270=VERTEX_POINT('',#2268);
#2271=CARTESIAN_POINT('',(8.8E-1,1.585E0,-2.45E0));
#2272=CARTESIAN_POINT('',(-9.E-1,1.585E0,-2.45E0));
#2273=VERTEX_POINT('',#2271);
#2274=VERTEX_POINT('',#2272);
#2275=CARTESIAN_POINT('',(-1.1E1,1.585E0,-2.45E0));
#2276=CARTESIAN_POINT('',(-1.1E1,1.205E0,-2.45E0));
#2277=VERTEX_POINT('',#2275);
#2278=VERTEX_POINT('',#2276);
#2279=CARTESIAN_POINT('',(-8.82E0,1.205E0,-2.45E0));
#2280=VERTEX_POINT('',#2279);
#2281=CARTESIAN_POINT('',(-8.82E0,1.585E0,-2.45E0));
#2282=VERTEX_POINT('',#2281);
#2283=CARTESIAN_POINT('',(-7.04E0,1.585E0,-2.45E0));
#2284=CARTESIAN_POINT('',(-7.04E0,1.205E0,-2.45E0));
#2285=VERTEX_POINT('',#2283);
#2286=VERTEX_POINT('',#2284);
#2287=CARTESIAN_POINT('',(-4.86E0,1.205E0,-2.45E0));
#2288=VERTEX_POINT('',#2287);
#2289=CARTESIAN_POINT('',(-4.86E0,1.585E0,-2.45E0));
#2290=VERTEX_POINT('',#2289);
#2291=CARTESIAN_POINT('',(-3.08E0,1.585E0,-2.45E0));
#2292=CARTESIAN_POINT('',(-3.08E0,1.205E0,-2.45E0));
#2293=VERTEX_POINT('',#2291);
#2294=VERTEX_POINT('',#2292);
#2295=CARTESIAN_POINT('',(-9.E-1,1.205E0,-2.45E0));
#2296=VERTEX_POINT('',#2295);
#2297=CARTESIAN_POINT('',(8.8E-1,1.205E0,-2.45E0));
#2298=VERTEX_POINT('',#2297);
#2299=CARTESIAN_POINT('',(3.06E0,1.205E0,-2.45E0));
#2300=VERTEX_POINT('',#2299);
#2301=CARTESIAN_POINT('',(-9.68E0,-6.035E0,0.E0));
#2302=CARTESIAN_POINT('',(-9.34E0,-5.145E0,0.E0));
#2303=VERTEX_POINT('',#2301);
#2304=VERTEX_POINT('',#2302);
#2305=CARTESIAN_POINT('',(-9.34E0,1.2125E1,0.E0));
#2306=CARTESIAN_POINT('',(-9.68E0,1.3015E1,0.E0));
#2307=VERTEX_POINT('',#2305);
#2308=VERTEX_POINT('',#2306);
#2309=CARTESIAN_POINT('',(-1.014E1,-6.035E0,0.E0));
#2310=CARTESIAN_POINT('',(-1.048E1,-5.145E0,0.E0));
#2311=VERTEX_POINT('',#2309);
#2312=VERTEX_POINT('',#2310);
#2313=CARTESIAN_POINT('',(-1.048E1,1.2125E1,0.E0));
#2314=CARTESIAN_POINT('',(-1.014E1,1.3015E1,0.E0));
#2315=VERTEX_POINT('',#2313);
#2316=VERTEX_POINT('',#2314);
#2317=CARTESIAN_POINT('',(-9.34E0,1.205E0,0.E0));
#2318=CARTESIAN_POINT('',(-1.048E1,1.205E0,0.E0));
#2319=VERTEX_POINT('',#2317);
#2320=VERTEX_POINT('',#2318);
#2321=CARTESIAN_POINT('',(-9.34E0,-1.205E0,0.E0));
#2322=CARTESIAN_POINT('',(-1.048E1,-1.205E0,0.E0));
#2323=VERTEX_POINT('',#2321);
#2324=VERTEX_POINT('',#2322);
#2325=CARTESIAN_POINT('',(-5.72E0,-6.035E0,0.E0));
#2326=CARTESIAN_POINT('',(-5.38E0,-5.145E0,0.E0));
#2327=VERTEX_POINT('',#2325);
#2328=VERTEX_POINT('',#2326);
#2329=CARTESIAN_POINT('',(-5.38E0,1.2125E1,0.E0));
#2330=CARTESIAN_POINT('',(-5.72E0,1.3015E1,0.E0));
#2331=VERTEX_POINT('',#2329);
#2332=VERTEX_POINT('',#2330);
#2333=CARTESIAN_POINT('',(-6.18E0,-6.035E0,0.E0));
#2334=CARTESIAN_POINT('',(-6.52E0,-5.145E0,0.E0));
#2335=VERTEX_POINT('',#2333);
#2336=VERTEX_POINT('',#2334);
#2337=CARTESIAN_POINT('',(-6.52E0,1.2125E1,0.E0));
#2338=CARTESIAN_POINT('',(-6.18E0,1.3015E1,0.E0));
#2339=VERTEX_POINT('',#2337);
#2340=VERTEX_POINT('',#2338);
#2341=CARTESIAN_POINT('',(-5.38E0,1.205E0,0.E0));
#2342=CARTESIAN_POINT('',(-6.52E0,1.205E0,0.E0));
#2343=VERTEX_POINT('',#2341);
#2344=VERTEX_POINT('',#2342);
#2345=CARTESIAN_POINT('',(-5.38E0,-1.205E0,0.E0));
#2346=CARTESIAN_POINT('',(-6.52E0,-1.205E0,0.E0));
#2347=VERTEX_POINT('',#2345);
#2348=VERTEX_POINT('',#2346);
#2349=CARTESIAN_POINT('',(-1.76E0,-6.035E0,0.E0));
#2350=CARTESIAN_POINT('',(-1.42E0,-5.145E0,0.E0));
#2351=VERTEX_POINT('',#2349);
#2352=VERTEX_POINT('',#2350);
#2353=CARTESIAN_POINT('',(-1.42E0,1.2125E1,0.E0));
#2354=CARTESIAN_POINT('',(-1.76E0,1.3015E1,0.E0));
#2355=VERTEX_POINT('',#2353);
#2356=VERTEX_POINT('',#2354);
#2357=CARTESIAN_POINT('',(-2.22E0,-6.035E0,0.E0));
#2358=CARTESIAN_POINT('',(-2.56E0,-5.145E0,0.E0));
#2359=VERTEX_POINT('',#2357);
#2360=VERTEX_POINT('',#2358);
#2361=CARTESIAN_POINT('',(-2.56E0,1.2125E1,0.E0));
#2362=CARTESIAN_POINT('',(-2.22E0,1.3015E1,0.E0));
#2363=VERTEX_POINT('',#2361);
#2364=VERTEX_POINT('',#2362);
#2365=CARTESIAN_POINT('',(-1.42E0,1.205E0,0.E0));
#2366=CARTESIAN_POINT('',(-2.56E0,1.205E0,0.E0));
#2367=VERTEX_POINT('',#2365);
#2368=VERTEX_POINT('',#2366);
#2369=CARTESIAN_POINT('',(-1.42E0,-1.205E0,0.E0));
#2370=CARTESIAN_POINT('',(-2.56E0,-1.205E0,0.E0));
#2371=VERTEX_POINT('',#2369);
#2372=VERTEX_POINT('',#2370);
#2373=CARTESIAN_POINT('',(2.2E0,-6.035E0,0.E0));
#2374=CARTESIAN_POINT('',(2.54E0,-5.145E0,0.E0));
#2375=VERTEX_POINT('',#2373);
#2376=VERTEX_POINT('',#2374);
#2377=CARTESIAN_POINT('',(2.54E0,1.2125E1,0.E0));
#2378=CARTESIAN_POINT('',(2.2E0,1.3015E1,0.E0));
#2379=VERTEX_POINT('',#2377);
#2380=VERTEX_POINT('',#2378);
#2381=CARTESIAN_POINT('',(1.74E0,-6.035E0,0.E0));
#2382=CARTESIAN_POINT('',(1.4E0,-5.145E0,0.E0));
#2383=VERTEX_POINT('',#2381);
#2384=VERTEX_POINT('',#2382);
#2385=CARTESIAN_POINT('',(1.4E0,1.2125E1,0.E0));
#2386=CARTESIAN_POINT('',(1.74E0,1.3015E1,0.E0));
#2387=VERTEX_POINT('',#2385);
#2388=VERTEX_POINT('',#2386);
#2389=CARTESIAN_POINT('',(2.54E0,1.205E0,0.E0));
#2390=CARTESIAN_POINT('',(1.4E0,1.205E0,0.E0));
#2391=VERTEX_POINT('',#2389);
#2392=VERTEX_POINT('',#2390);
#2393=CARTESIAN_POINT('',(2.54E0,-1.205E0,0.E0));
#2394=CARTESIAN_POINT('',(1.4E0,-1.205E0,0.E0));
#2395=VERTEX_POINT('',#2393);
#2396=VERTEX_POINT('',#2394);
#2397=CARTESIAN_POINT('',(-8.44E0,-1.585E0,-1.5E0));
#2398=CARTESIAN_POINT('',(-8.44E0,-1.585E0,1.5E0));
#2399=VERTEX_POINT('',#2397);
#2400=VERTEX_POINT('',#2398);
#2401=CARTESIAN_POINT('',(-7.42E0,-1.585E0,1.5E0));
#2402=VERTEX_POINT('',#2401);
#2403=CARTESIAN_POINT('',(-7.42E0,-1.585E0,-1.5E0));
#2404=VERTEX_POINT('',#2403);
#2405=CARTESIAN_POINT('',(-8.44E0,1.585E0,-1.5E0));
#2406=CARTESIAN_POINT('',(-8.44E0,1.585E0,1.5E0));
#2407=VERTEX_POINT('',#2405);
#2408=VERTEX_POINT('',#2406);
#2409=CARTESIAN_POINT('',(-7.42E0,1.585E0,1.5E0));
#2410=VERTEX_POINT('',#2409);
#2411=CARTESIAN_POINT('',(-7.42E0,1.585E0,-1.5E0));
#2412=VERTEX_POINT('',#2411);
#2413=CARTESIAN_POINT('',(-4.48E0,-1.585E0,-1.5E0));
#2414=CARTESIAN_POINT('',(-4.48E0,-1.585E0,1.5E0));
#2415=VERTEX_POINT('',#2413);
#2416=VERTEX_POINT('',#2414);
#2417=CARTESIAN_POINT('',(-3.46E0,-1.585E0,1.5E0));
#2418=VERTEX_POINT('',#2417);
#2419=CARTESIAN_POINT('',(-3.46E0,-1.585E0,-1.5E0));
#2420=VERTEX_POINT('',#2419);
#2421=CARTESIAN_POINT('',(-4.48E0,1.585E0,-1.5E0));
#2422=CARTESIAN_POINT('',(-4.48E0,1.585E0,1.5E0));
#2423=VERTEX_POINT('',#2421);
#2424=VERTEX_POINT('',#2422);
#2425=CARTESIAN_POINT('',(-3.46E0,1.585E0,1.5E0));
#2426=VERTEX_POINT('',#2425);
#2427=CARTESIAN_POINT('',(-3.46E0,1.585E0,-1.5E0));
#2428=VERTEX_POINT('',#2427);
#2429=CARTESIAN_POINT('',(-5.2E-1,-1.585E0,-1.5E0));
#2430=CARTESIAN_POINT('',(-5.2E-1,-1.585E0,1.5E0));
#2431=VERTEX_POINT('',#2429);
#2432=VERTEX_POINT('',#2430);
#2433=CARTESIAN_POINT('',(5.E-1,-1.585E0,1.5E0));
#2434=VERTEX_POINT('',#2433);
#2435=CARTESIAN_POINT('',(5.E-1,-1.585E0,-1.5E0));
#2436=VERTEX_POINT('',#2435);
#2437=CARTESIAN_POINT('',(-5.2E-1,1.585E0,-1.5E0));
#2438=CARTESIAN_POINT('',(-5.2E-1,1.585E0,1.5E0));
#2439=VERTEX_POINT('',#2437);
#2440=VERTEX_POINT('',#2438);
#2441=CARTESIAN_POINT('',(5.E-1,1.585E0,1.5E0));
#2442=VERTEX_POINT('',#2441);
#2443=CARTESIAN_POINT('',(5.E-1,1.585E0,-1.5E0));
#2444=VERTEX_POINT('',#2443);
#2445=CARTESIAN_POINT('',(3.44E0,-1.585E0,-1.5E0));
#2446=CARTESIAN_POINT('',(3.44E0,-1.585E0,1.5E0));
#2447=VERTEX_POINT('',#2445);
#2448=VERTEX_POINT('',#2446);
#2449=CARTESIAN_POINT('',(4.46E0,-1.585E0,1.5E0));
#2450=VERTEX_POINT('',#2449);
#2451=CARTESIAN_POINT('',(4.46E0,-1.585E0,-1.5E0));
#2452=VERTEX_POINT('',#2451);
#2453=CARTESIAN_POINT('',(3.44E0,1.585E0,-1.5E0));
#2454=CARTESIAN_POINT('',(3.44E0,1.585E0,1.5E0));
#2455=VERTEX_POINT('',#2453);
#2456=VERTEX_POINT('',#2454);
#2457=CARTESIAN_POINT('',(4.46E0,1.585E0,1.5E0));
#2458=VERTEX_POINT('',#2457);
#2459=CARTESIAN_POINT('',(4.46E0,1.585E0,-1.5E0));
#2460=VERTEX_POINT('',#2459);
#2461=CARTESIAN_POINT('',(7.02E0,-1.585E0,-3.43E0));
#2462=CARTESIAN_POINT('',(7.02E0,-1.205E0,-3.43E0));
#2463=VERTEX_POINT('',#2461);
#2464=VERTEX_POINT('',#2462);
#2465=CARTESIAN_POINT('',(4.84E0,-1.205E0,-3.43E0));
#2466=VERTEX_POINT('',#2465);
#2467=CARTESIAN_POINT('',(4.84E0,-1.585E0,-3.43E0));
#2468=VERTEX_POINT('',#2467);
#2469=CARTESIAN_POINT('',(4.84E0,1.585E0,3.47E0));
#2470=CARTESIAN_POINT('',(4.84E0,1.205E0,3.47E0));
#2471=VERTEX_POINT('',#2469);
#2472=VERTEX_POINT('',#2470);
#2473=CARTESIAN_POINT('',(7.02E0,1.205E0,3.47E0));
#2474=VERTEX_POINT('',#2473);
#2475=CARTESIAN_POINT('',(7.02E0,1.585E0,3.47E0));
#2476=VERTEX_POINT('',#2475);
#2477=CARTESIAN_POINT('',(7.02E0,-1.585E0,3.47E0));
#2478=CARTESIAN_POINT('',(7.02E0,-1.205E0,3.47E0));
#2479=VERTEX_POINT('',#2477);
#2480=VERTEX_POINT('',#2478);
#2481=CARTESIAN_POINT('',(4.84E0,-1.205E0,3.47E0));
#2482=VERTEX_POINT('',#2481);
#2483=CARTESIAN_POINT('',(4.84E0,-1.585E0,3.47E0));
#2484=VERTEX_POINT('',#2483);
#2485=CARTESIAN_POINT('',(6.16E0,-6.035E0,0.E0));
#2486=CARTESIAN_POINT('',(6.5E0,-5.145E0,0.E0));
#2487=VERTEX_POINT('',#2485);
#2488=VERTEX_POINT('',#2486);
#2489=CARTESIAN_POINT('',(6.5E0,1.2125E1,0.E0));
#2490=CARTESIAN_POINT('',(6.16E0,1.3015E1,0.E0));
#2491=VERTEX_POINT('',#2489);
#2492=VERTEX_POINT('',#2490);
#2493=CARTESIAN_POINT('',(5.7E0,-6.035E0,0.E0));
#2494=CARTESIAN_POINT('',(5.36E0,-5.145E0,0.E0));
#2495=VERTEX_POINT('',#2493);
#2496=VERTEX_POINT('',#2494);
#2497=CARTESIAN_POINT('',(5.36E0,1.2125E1,0.E0));
#2498=CARTESIAN_POINT('',(5.7E0,1.3015E1,0.E0));
#2499=VERTEX_POINT('',#2497);
#2500=VERTEX_POINT('',#2498);
#2501=CARTESIAN_POINT('',(6.5E0,1.205E0,0.E0));
#2502=CARTESIAN_POINT('',(5.36E0,1.205E0,0.E0));
#2503=VERTEX_POINT('',#2501);
#2504=VERTEX_POINT('',#2502);
#2505=CARTESIAN_POINT('',(6.5E0,-1.205E0,0.E0));
#2506=CARTESIAN_POINT('',(5.36E0,-1.205E0,0.E0));
#2507=VERTEX_POINT('',#2505);
#2508=VERTEX_POINT('',#2506);
#2509=CARTESIAN_POINT('',(4.84E0,1.205E0,-2.45E0));
#2510=VERTEX_POINT('',#2509);
#2511=CARTESIAN_POINT('',(7.02E0,1.205E0,-2.45E0));
#2512=VERTEX_POINT('',#2511);
#2513=CARTESIAN_POINT('',(7.02E0,1.585E0,-2.45E0));
#2514=VERTEX_POINT('',#2513);
#2515=CARTESIAN_POINT('',(1.098E1,-1.585E0,-3.43E0));
#2516=CARTESIAN_POINT('',(1.098E1,-1.205E0,-3.43E0));
#2517=VERTEX_POINT('',#2515);
#2518=VERTEX_POINT('',#2516);
#2519=CARTESIAN_POINT('',(8.8E0,-1.205E0,-3.43E0));
#2520=VERTEX_POINT('',#2519);
#2521=CARTESIAN_POINT('',(8.8E0,-1.585E0,-3.43E0));
#2522=VERTEX_POINT('',#2521);
#2523=CARTESIAN_POINT('',(8.8E0,1.585E0,3.47E0));
#2524=CARTESIAN_POINT('',(8.8E0,1.205E0,3.47E0));
#2525=VERTEX_POINT('',#2523);
#2526=VERTEX_POINT('',#2524);
#2527=CARTESIAN_POINT('',(1.098E1,1.205E0,3.47E0));
#2528=VERTEX_POINT('',#2527);
#2529=CARTESIAN_POINT('',(1.098E1,1.585E0,3.47E0));
#2530=VERTEX_POINT('',#2529);
#2531=CARTESIAN_POINT('',(1.098E1,-1.585E0,3.47E0));
#2532=CARTESIAN_POINT('',(1.098E1,-1.205E0,3.47E0));
#2533=VERTEX_POINT('',#2531);
#2534=VERTEX_POINT('',#2532);
#2535=CARTESIAN_POINT('',(8.8E0,-1.205E0,3.47E0));
#2536=VERTEX_POINT('',#2535);
#2537=CARTESIAN_POINT('',(8.8E0,-1.585E0,3.47E0));
#2538=VERTEX_POINT('',#2537);
#2539=CARTESIAN_POINT('',(1.012E1,-6.035E0,0.E0));
#2540=CARTESIAN_POINT('',(1.046E1,-5.145E0,0.E0));
#2541=VERTEX_POINT('',#2539);
#2542=VERTEX_POINT('',#2540);
#2543=CARTESIAN_POINT('',(1.046E1,1.2125E1,0.E0));
#2544=CARTESIAN_POINT('',(1.012E1,1.3015E1,0.E0));
#2545=VERTEX_POINT('',#2543);
#2546=VERTEX_POINT('',#2544);
#2547=CARTESIAN_POINT('',(9.66E0,-6.035E0,0.E0));
#2548=CARTESIAN_POINT('',(9.32E0,-5.145E0,0.E0));
#2549=VERTEX_POINT('',#2547);
#2550=VERTEX_POINT('',#2548);
#2551=CARTESIAN_POINT('',(9.32E0,1.2125E1,0.E0));
#2552=CARTESIAN_POINT('',(9.66E0,1.3015E1,0.E0));
#2553=VERTEX_POINT('',#2551);
#2554=VERTEX_POINT('',#2552);
#2555=CARTESIAN_POINT('',(1.046E1,1.205E0,0.E0));
#2556=CARTESIAN_POINT('',(9.32E0,1.205E0,0.E0));
#2557=VERTEX_POINT('',#2555);
#2558=VERTEX_POINT('',#2556);
#2559=CARTESIAN_POINT('',(1.046E1,-1.205E0,0.E0));
#2560=CARTESIAN_POINT('',(9.32E0,-1.205E0,0.E0));
#2561=VERTEX_POINT('',#2559);
#2562=VERTEX_POINT('',#2560);
#2563=CARTESIAN_POINT('',(8.8E0,1.585E0,-2.45E0));
#2564=CARTESIAN_POINT('',(8.8E0,1.205E0,-2.45E0));
#2565=VERTEX_POINT('',#2563);
#2566=VERTEX_POINT('',#2564);
#2567=CARTESIAN_POINT('',(1.098E1,1.205E0,-2.45E0));
#2568=VERTEX_POINT('',#2567);
#2569=CARTESIAN_POINT('',(7.4E0,-1.585E0,-1.5E0));
#2570=CARTESIAN_POINT('',(7.4E0,-1.585E0,1.5E0));
#2571=VERTEX_POINT('',#2569);
#2572=VERTEX_POINT('',#2570);
#2573=CARTESIAN_POINT('',(8.42E0,-1.585E0,1.5E0));
#2574=VERTEX_POINT('',#2573);
#2575=CARTESIAN_POINT('',(8.42E0,-1.585E0,-1.5E0));
#2576=VERTEX_POINT('',#2575);
#2577=CARTESIAN_POINT('',(7.4E0,1.585E0,-1.5E0));
#2578=CARTESIAN_POINT('',(7.4E0,1.585E0,1.5E0));
#2579=VERTEX_POINT('',#2577);
#2580=VERTEX_POINT('',#2578);
#2581=CARTESIAN_POINT('',(8.42E0,1.585E0,1.5E0));
#2582=VERTEX_POINT('',#2581);
#2583=CARTESIAN_POINT('',(8.42E0,1.585E0,-1.5E0));
#2584=VERTEX_POINT('',#2583);
#2585=CARTESIAN_POINT('',(1.494E1,-1.585E0,-3.43E0));
#2586=CARTESIAN_POINT('',(1.494E1,-1.205E0,-3.43E0));
#2587=VERTEX_POINT('',#2585);
#2588=VERTEX_POINT('',#2586);
#2589=CARTESIAN_POINT('',(1.276E1,-1.205E0,-3.43E0));
#2590=VERTEX_POINT('',#2589);
#2591=CARTESIAN_POINT('',(1.276E1,-1.585E0,-3.43E0));
#2592=VERTEX_POINT('',#2591);
#2593=CARTESIAN_POINT('',(1.276E1,1.585E0,3.47E0));
#2594=CARTESIAN_POINT('',(1.276E1,1.205E0,3.47E0));
#2595=VERTEX_POINT('',#2593);
#2596=VERTEX_POINT('',#2594);
#2597=CARTESIAN_POINT('',(1.494E1,1.205E0,3.47E0));
#2598=VERTEX_POINT('',#2597);
#2599=CARTESIAN_POINT('',(1.494E1,1.585E0,3.47E0));
#2600=VERTEX_POINT('',#2599);
#2601=CARTESIAN_POINT('',(1.494E1,-1.585E0,3.47E0));
#2602=CARTESIAN_POINT('',(1.494E1,-1.205E0,3.47E0));
#2603=VERTEX_POINT('',#2601);
#2604=VERTEX_POINT('',#2602);
#2605=CARTESIAN_POINT('',(1.276E1,-1.205E0,3.47E0));
#2606=VERTEX_POINT('',#2605);
#2607=CARTESIAN_POINT('',(1.276E1,-1.585E0,3.47E0));
#2608=VERTEX_POINT('',#2607);
#2609=CARTESIAN_POINT('',(1.408E1,-6.035E0,0.E0));
#2610=CARTESIAN_POINT('',(1.442E1,-5.145E0,0.E0));
#2611=VERTEX_POINT('',#2609);
#2612=VERTEX_POINT('',#2610);
#2613=CARTESIAN_POINT('',(1.442E1,1.2125E1,0.E0));
#2614=CARTESIAN_POINT('',(1.408E1,1.3015E1,0.E0));
#2615=VERTEX_POINT('',#2613);
#2616=VERTEX_POINT('',#2614);
#2617=CARTESIAN_POINT('',(1.362E1,-6.035E0,0.E0));
#2618=CARTESIAN_POINT('',(1.328E1,-5.145E0,0.E0));
#2619=VERTEX_POINT('',#2617);
#2620=VERTEX_POINT('',#2618);
#2621=CARTESIAN_POINT('',(1.328E1,1.2125E1,0.E0));
#2622=CARTESIAN_POINT('',(1.362E1,1.3015E1,0.E0));
#2623=VERTEX_POINT('',#2621);
#2624=VERTEX_POINT('',#2622);
#2625=CARTESIAN_POINT('',(1.442E1,1.205E0,0.E0));
#2626=CARTESIAN_POINT('',(1.328E1,1.205E0,0.E0));
#2627=VERTEX_POINT('',#2625);
#2628=VERTEX_POINT('',#2626);
#2629=CARTESIAN_POINT('',(1.442E1,-1.205E0,0.E0));
#2630=CARTESIAN_POINT('',(1.328E1,-1.205E0,0.E0));
#2631=VERTEX_POINT('',#2629);
#2632=VERTEX_POINT('',#2630);
#2633=CARTESIAN_POINT('',(1.276E1,1.205E0,-2.45E0));
#2634=VERTEX_POINT('',#2633);
#2635=CARTESIAN_POINT('',(1.494E1,1.205E0,-2.45E0));
#2636=VERTEX_POINT('',#2635);
#2637=CARTESIAN_POINT('',(1.136E1,-1.585E0,-1.5E0));
#2638=CARTESIAN_POINT('',(1.136E1,-1.585E0,1.5E0));
#2639=VERTEX_POINT('',#2637);
#2640=VERTEX_POINT('',#2638);
#2641=CARTESIAN_POINT('',(1.238E1,-1.585E0,1.5E0));
#2642=VERTEX_POINT('',#2641);
#2643=CARTESIAN_POINT('',(1.238E1,-1.585E0,-1.5E0));
#2644=VERTEX_POINT('',#2643);
#2645=CARTESIAN_POINT('',(1.136E1,1.585E0,-1.5E0));
#2646=CARTESIAN_POINT('',(1.136E1,1.585E0,1.5E0));
#2647=VERTEX_POINT('',#2645);
#2648=VERTEX_POINT('',#2646);
#2649=CARTESIAN_POINT('',(1.238E1,1.585E0,1.5E0));
#2650=VERTEX_POINT('',#2649);
#2651=CARTESIAN_POINT('',(1.238E1,1.585E0,-1.5E0));
#2652=VERTEX_POINT('',#2651);
#2653=CARTESIAN_POINT('',(7.4E0,7.535E0,-3.43E0));
#2654=CARTESIAN_POINT('',(7.4E0,1.585E0,-3.43E0));
#2655=VERTEX_POINT('',#2653);
#2656=VERTEX_POINT('',#2654);
#2657=CARTESIAN_POINT('',(8.42E0,1.585E0,-3.43E0));
#2658=VERTEX_POINT('',#2657);
#2659=CARTESIAN_POINT('',(8.42E0,7.535E0,-3.43E0));
#2660=VERTEX_POINT('',#2659);
#2661=CARTESIAN_POINT('',(7.4E0,7.535E0,-2.83E0));
#2662=VERTEX_POINT('',#2661);
#2663=CARTESIAN_POINT('',(8.42E0,7.535E0,-2.83E0));
#2664=VERTEX_POINT('',#2663);
#2665=CARTESIAN_POINT('',(7.4E0,6.876820693124E0,-2.45E0));
#2666=VERTEX_POINT('',#2665);
#2667=CARTESIAN_POINT('',(8.42E0,6.876820693124E0,-2.45E0));
#2668=VERTEX_POINT('',#2667);
#2669=CARTESIAN_POINT('',(7.4E0,1.585E0,-2.45E0));
#2670=VERTEX_POINT('',#2669);
#2671=CARTESIAN_POINT('',(8.42E0,1.585E0,-2.45E0));
#2672=VERTEX_POINT('',#2671);
#2673=CARTESIAN_POINT('',(0.E0,0.E0,-3.43E0));
#2674=DIRECTION('',(0.E0,0.E0,1.E0));
#2675=DIRECTION('',(1.E0,0.E0,0.E0));
#2676=AXIS2_PLACEMENT_3D('',#2673,#2674,#2675);
#2677=PLANE('',#2676);
#2679=ORIENTED_EDGE('',*,*,#2678,.F.);
#2681=ORIENTED_EDGE('',*,*,#2680,.F.);
#2683=ORIENTED_EDGE('',*,*,#2682,.T.);
#2685=ORIENTED_EDGE('',*,*,#2684,.F.);
#2687=ORIENTED_EDGE('',*,*,#2686,.F.);
#2689=ORIENTED_EDGE('',*,*,#2688,.F.);
#2691=ORIENTED_EDGE('',*,*,#2690,.F.);
#2693=ORIENTED_EDGE('',*,*,#2692,.T.);
#2695=ORIENTED_EDGE('',*,*,#2694,.T.);
#2697=ORIENTED_EDGE('',*,*,#2696,.F.);
#2699=ORIENTED_EDGE('',*,*,#2698,.F.);
#2701=ORIENTED_EDGE('',*,*,#2700,.T.);
#2703=ORIENTED_EDGE('',*,*,#2702,.T.);
#2705=ORIENTED_EDGE('',*,*,#2704,.F.);
#2707=ORIENTED_EDGE('',*,*,#2706,.F.);
#2709=ORIENTED_EDGE('',*,*,#2708,.T.);
#2711=ORIENTED_EDGE('',*,*,#2710,.T.);
#2713=ORIENTED_EDGE('',*,*,#2712,.F.);
#2715=ORIENTED_EDGE('',*,*,#2714,.F.);
#2717=ORIENTED_EDGE('',*,*,#2716,.T.);
#2719=ORIENTED_EDGE('',*,*,#2718,.T.);
#2721=ORIENTED_EDGE('',*,*,#2720,.F.);
#2723=ORIENTED_EDGE('',*,*,#2722,.F.);
#2725=ORIENTED_EDGE('',*,*,#2724,.T.);
#2727=ORIENTED_EDGE('',*,*,#2726,.T.);
#2729=ORIENTED_EDGE('',*,*,#2728,.F.);
#2731=ORIENTED_EDGE('',*,*,#2730,.F.);
#2733=ORIENTED_EDGE('',*,*,#2732,.T.);
#2735=ORIENTED_EDGE('',*,*,#2734,.T.);
#2737=ORIENTED_EDGE('',*,*,#2736,.F.);
#2739=ORIENTED_EDGE('',*,*,#2738,.F.);
#2741=ORIENTED_EDGE('',*,*,#2740,.T.);
#2743=ORIENTED_EDGE('',*,*,#2742,.T.);
#2745=ORIENTED_EDGE('',*,*,#2744,.F.);
#2747=ORIENTED_EDGE('',*,*,#2746,.F.);
#2749=ORIENTED_EDGE('',*,*,#2748,.T.);
#2751=ORIENTED_EDGE('',*,*,#2750,.T.);
#2753=ORIENTED_EDGE('',*,*,#2752,.F.);
#2755=ORIENTED_EDGE('',*,*,#2754,.F.);
#2757=ORIENTED_EDGE('',*,*,#2756,.T.);
#2759=ORIENTED_EDGE('',*,*,#2758,.T.);
#2761=ORIENTED_EDGE('',*,*,#2760,.F.);
#2763=ORIENTED_EDGE('',*,*,#2762,.T.);
#2765=ORIENTED_EDGE('',*,*,#2764,.F.);
#2766=EDGE_LOOP('',(#2679,#2681,#2683,#2685,#2687,#2689,#2691,#2693,#2695,#2697,
#2699,#2701,#2703,#2705,#2707,#2709,#2711,#2713,#2715,#2717,#2719,#2721,#2723,
#2725,#2727,#2729,#2731,#2733,#2735,#2737,#2739,#2741,#2743,#2745,#2747,#2749,
#2751,#2753,#2755,#2757,#2759,#2761,#2763,#2765));
#2767=FACE_OUTER_BOUND('',#2766,.F.);
#2768=ADVANCED_FACE('',(#2767),#2677,.F.);
#2769=CARTESIAN_POINT('',(7.4E0,7.535E0,-2.45E0));
#2770=DIRECTION('',(-1.E0,0.E0,0.E0));
#2771=DIRECTION('',(0.E0,-1.E0,0.E0));
#2772=AXIS2_PLACEMENT_3D('',#2769,#2770,#2771);
#2773=PLANE('',#2772);
#2774=ORIENTED_EDGE('',*,*,#2678,.T.);
#2776=ORIENTED_EDGE('',*,*,#2775,.F.);
#2778=ORIENTED_EDGE('',*,*,#2777,.F.);
#2780=ORIENTED_EDGE('',*,*,#2779,.F.);
#2782=ORIENTED_EDGE('',*,*,#2781,.F.);
#2783=EDGE_LOOP('',(#2774,#2776,#2778,#2780,#2782));
#2784=FACE_OUTER_BOUND('',#2783,.F.);
#2785=ADVANCED_FACE('',(#2784),#2773,.F.);
#2786=CARTESIAN_POINT('',(1.585E1,1.585E0,-3.43E0));
#2787=DIRECTION('',(0.E0,1.E0,0.E0));
#2788=DIRECTION('',(-1.E0,0.E0,0.E0));
#2789=AXIS2_PLACEMENT_3D('',#2786,#2787,#2788);
#2790=PLANE('',#2789);
#2792=ORIENTED_EDGE('',*,*,#2791,.F.);
#2794=ORIENTED_EDGE('',*,*,#2793,.T.);
#2796=ORIENTED_EDGE('',*,*,#2795,.T.);
#2798=ORIENTED_EDGE('',*,*,#2797,.F.);
#2799=EDGE_LOOP('',(#2792,#2794,#2796,#2798));
#2800=FACE_OUTER_BOUND('',#2799,.F.);
#2801=ADVANCED_FACE('',(#2800),#2790,.T.);
#2802=CARTESIAN_POINT('',(1.585E1,1.585E0,-3.43E0));
#2803=DIRECTION('',(0.E0,1.E0,0.E0));
#2804=DIRECTION('',(-1.E0,0.E0,0.E0));
#2805=AXIS2_PLACEMENT_3D('',#2802,#2803,#2804);
#2806=PLANE('',#2805);
#2808=ORIENTED_EDGE('',*,*,#2807,.F.);
#2810=ORIENTED_EDGE('',*,*,#2809,.F.);
#2812=ORIENTED_EDGE('',*,*,#2811,.T.);
#2814=ORIENTED_EDGE('',*,*,#2813,.T.);
#2815=EDGE_LOOP('',(#2808,#2810,#2812,#2814));
#2816=FACE_OUTER_BOUND('',#2815,.F.);
#2817=ADVANCED_FACE('',(#2816),#2806,.T.);
#2818=CARTESIAN_POINT('',(1.585E1,1.585E0,-3.43E0));
#2819=DIRECTION('',(0.E0,1.E0,0.E0));
#2820=DIRECTION('',(-1.E0,0.E0,0.E0));
#2821=AXIS2_PLACEMENT_3D('',#2818,#2819,#2820);
#2822=PLANE('',#2821);
#2824=ORIENTED_EDGE('',*,*,#2823,.F.);
#2826=ORIENTED_EDGE('',*,*,#2825,.T.);
#2828=ORIENTED_EDGE('',*,*,#2827,.T.);
#2830=ORIENTED_EDGE('',*,*,#2829,.F.);
#2831=EDGE_LOOP('',(#2824,#2826,#2828,#2830));
#2832=FACE_OUTER_BOUND('',#2831,.F.);
#2834=ORIENTED_EDGE('',*,*,#2833,.T.);
#2836=ORIENTED_EDGE('',*,*,#2835,.T.);
#2838=ORIENTED_EDGE('',*,*,#2837,.T.);
#2840=ORIENTED_EDGE('',*,*,#2839,.T.);
#2841=EDGE_LOOP('',(#2834,#2836,#2838,#2840));
#2842=FACE_BOUND('',#2841,.F.);
#2843=ADVANCED_FACE('',(#2832,#2842),#2822,.T.);
#2844=CARTESIAN_POINT('',(1.585E1,1.585E0,-3.43E0));
#2845=DIRECTION('',(0.E0,1.E0,0.E0));
#2846=DIRECTION('',(-1.E0,0.E0,0.E0));
#2847=AXIS2_PLACEMENT_3D('',#2844,#2845,#2846);
#2848=PLANE('',#2847);
#2850=ORIENTED_EDGE('',*,*,#2849,.F.);
#2852=ORIENTED_EDGE('',*,*,#2851,.F.);
#2854=ORIENTED_EDGE('',*,*,#2853,.T.);
#2856=ORIENTED_EDGE('',*,*,#2855,.T.);
#2857=EDGE_LOOP('',(#2850,#2852,#2854,#2856));
#2858=FACE_OUTER_BOUND('',#2857,.F.);
#2860=ORIENTED_EDGE('',*,*,#2859,.T.);
#2862=ORIENTED_EDGE('',*,*,#2861,.T.);
#2864=ORIENTED_EDGE('',*,*,#2863,.T.);
#2866=ORIENTED_EDGE('',*,*,#2865,.T.);
#2867=EDGE_LOOP('',(#2860,#2862,#2864,#2866));
#2868=FACE_BOUND('',#2867,.F.);
#2869=ADVANCED_FACE('',(#2858,#2868),#2848,.T.);
#2870=CARTESIAN_POINT('',(1.585E1,1.585E0,-3.43E0));
#2871=DIRECTION('',(0.E0,1.E0,0.E0));
#2872=DIRECTION('',(-1.E0,0.E0,0.E0));
#2873=AXIS2_PLACEMENT_3D('',#2870,#2871,#2872);
#2874=PLANE('',#2873);
#2876=ORIENTED_EDGE('',*,*,#2875,.F.);
#2878=ORIENTED_EDGE('',*,*,#2877,.T.);
#2880=ORIENTED_EDGE('',*,*,#2879,.T.);
#2882=ORIENTED_EDGE('',*,*,#2881,.F.);
#2883=EDGE_LOOP('',(#2876,#2878,#2880,#2882));
#2884=FACE_OUTER_BOUND('',#2883,.F.);
#2886=ORIENTED_EDGE('',*,*,#2885,.T.);
#2888=ORIENTED_EDGE('',*,*,#2887,.T.);
#2890=ORIENTED_EDGE('',*,*,#2889,.T.);
#2892=ORIENTED_EDGE('',*,*,#2891,.T.);
#2893=EDGE_LOOP('',(#2886,#2888,#2890,#2892));
#2894=FACE_BOUND('',#2893,.F.);
#2895=ADVANCED_FACE('',(#2884,#2894),#2874,.T.);
#2896=CARTESIAN_POINT('',(1.585E1,1.585E0,-3.43E0));
#2897=DIRECTION('',(0.E0,1.E0,0.E0));
#2898=DIRECTION('',(-1.E0,0.E0,0.E0));
#2899=AXIS2_PLACEMENT_3D('',#2896,#2897,#2898);
#2900=PLANE('',#2899);
#2902=ORIENTED_EDGE('',*,*,#2901,.F.);
#2904=ORIENTED_EDGE('',*,*,#2903,.T.);
#2906=ORIENTED_EDGE('',*,*,#2905,.T.);
#2908=ORIENTED_EDGE('',*,*,#2907,.F.);
#2909=EDGE_LOOP('',(#2902,#2904,#2906,#2908));
#2910=FACE_OUTER_BOUND('',#2909,.F.);
#2912=ORIENTED_EDGE('',*,*,#2911,.T.);
#2914=ORIENTED_EDGE('',*,*,#2913,.T.);
#2916=ORIENTED_EDGE('',*,*,#2915,.T.);
#2918=ORIENTED_EDGE('',*,*,#2917,.T.);
#2919=EDGE_LOOP('',(#2912,#2914,#2916,#2918));
#2920=FACE_BOUND('',#2919,.F.);
#2921=ADVANCED_FACE('',(#2910,#2920),#2900,.T.);
#2922=CARTESIAN_POINT('',(1.585E1,1.585E0,-3.43E0));
#2923=DIRECTION('',(0.E0,1.E0,0.E0));
#2924=DIRECTION('',(-1.E0,0.E0,0.E0));
#2925=AXIS2_PLACEMENT_3D('',#2922,#2923,#2924);
#2926=PLANE('',#2925);
#2928=ORIENTED_EDGE('',*,*,#2927,.F.);
#2930=ORIENTED_EDGE('',*,*,#2929,.F.);
#2932=ORIENTED_EDGE('',*,*,#2931,.T.);
#2934=ORIENTED_EDGE('',*,*,#2933,.T.);
#2935=EDGE_LOOP('',(#2928,#2930,#2932,#2934));
#2936=FACE_OUTER_BOUND('',#2935,.F.);
#2938=ORIENTED_EDGE('',*,*,#2937,.T.);
#2940=ORIENTED_EDGE('',*,*,#2939,.T.);
#2942=ORIENTED_EDGE('',*,*,#2941,.T.);
#2944=ORIENTED_EDGE('',*,*,#2943,.T.);
#2945=EDGE_LOOP('',(#2938,#2940,#2942,#2944));
#2946=FACE_BOUND('',#2945,.F.);
#2947=ADVANCED_FACE('',(#2936,#2946),#2926,.T.);
#2948=CARTESIAN_POINT('',(1.585E1,1.585E0,-3.43E0));
#2949=DIRECTION('',(0.E0,1.E0,0.E0));
#2950=DIRECTION('',(-1.E0,0.E0,0.E0));
#2951=AXIS2_PLACEMENT_3D('',#2948,#2949,#2950);
#2952=PLANE('',#2951);
#2954=ORIENTED_EDGE('',*,*,#2953,.F.);
#2956=ORIENTED_EDGE('',*,*,#2955,.T.);
#2957=ORIENTED_EDGE('',*,*,#2684,.T.);
#2959=ORIENTED_EDGE('',*,*,#2958,.F.);
#2961=ORIENTED_EDGE('',*,*,#2960,.F.);
#2963=ORIENTED_EDGE('',*,*,#2962,.T.);
#2965=ORIENTED_EDGE('',*,*,#2964,.T.);
#2967=ORIENTED_EDGE('',*,*,#2966,.F.);
#2968=EDGE_LOOP('',(#2954,#2956,#2957,#2959,#2961,#2963,#2965,#2967));
#2969=FACE_OUTER_BOUND('',#2968,.F.);
#2971=ORIENTED_EDGE('',*,*,#2970,.T.);
#2973=ORIENTED_EDGE('',*,*,#2972,.T.);
#2975=ORIENTED_EDGE('',*,*,#2974,.T.);
#2977=ORIENTED_EDGE('',*,*,#2976,.T.);
#2978=EDGE_LOOP('',(#2971,#2973,#2975,#2977));
#2979=FACE_BOUND('',#2978,.F.);
#2980=ADVANCED_FACE('',(#2969,#2979),#2952,.T.);
#2981=CARTESIAN_POINT('',(1.585E1,1.585E0,-3.43E0));
#2982=DIRECTION('',(0.E0,1.E0,0.E0));
#2983=DIRECTION('',(-1.E0,0.E0,0.E0));
#2984=AXIS2_PLACEMENT_3D('',#2981,#2982,#2983);
#2985=PLANE('',#2984);
#2987=ORIENTED_EDGE('',*,*,#2986,.F.);
#2988=ORIENTED_EDGE('',*,*,#2775,.T.);
#2989=ORIENTED_EDGE('',*,*,#2764,.T.);
#2991=ORIENTED_EDGE('',*,*,#2990,.F.);
#2993=ORIENTED_EDGE('',*,*,#2992,.F.);
#2995=ORIENTED_EDGE('',*,*,#2994,.T.);
#2997=ORIENTED_EDGE('',*,*,#2996,.T.);
#2999=ORIENTED_EDGE('',*,*,#2998,.F.);
#3000=EDGE_LOOP('',(#2987,#2988,#2989,#2991,#2993,#2995,#2997,#2999));
#3001=FACE_OUTER_BOUND('',#3000,.F.);
#3003=ORIENTED_EDGE('',*,*,#3002,.T.);
#3005=ORIENTED_EDGE('',*,*,#3004,.T.);
#3007=ORIENTED_EDGE('',*,*,#3006,.T.);
#3009=ORIENTED_EDGE('',*,*,#3008,.T.);
#3010=EDGE_LOOP('',(#3003,#3005,#3007,#3009));
#3011=FACE_BOUND('',#3010,.F.);
#3012=ADVANCED_FACE('',(#3001,#3011),#2985,.T.);
#3013=CARTESIAN_POINT('',(1.585E1,6.876820693124E0,-2.45E0));
#3014=DIRECTION('',(0.E0,0.E0,1.E0));
#3015=DIRECTION('',(0.E0,-1.E0,0.E0));
#3016=AXIS2_PLACEMENT_3D('',#3013,#3014,#3015);
#3017=PLANE('',#3016);
#3019=ORIENTED_EDGE('',*,*,#3018,.T.);
#3020=ORIENTED_EDGE('',*,*,#2953,.T.);
#3022=ORIENTED_EDGE('',*,*,#3021,.F.);
#3024=ORIENTED_EDGE('',*,*,#3023,.F.);
#3026=ORIENTED_EDGE('',*,*,#3025,.F.);
#3027=ORIENTED_EDGE('',*,*,#2929,.T.);
#3029=ORIENTED_EDGE('',*,*,#3028,.F.);
#3031=ORIENTED_EDGE('',*,*,#3030,.F.);
#3033=ORIENTED_EDGE('',*,*,#3032,.F.);
#3034=ORIENTED_EDGE('',*,*,#2851,.T.);
#3036=ORIENTED_EDGE('',*,*,#3035,.F.);
#3038=ORIENTED_EDGE('',*,*,#3037,.F.);
#3040=ORIENTED_EDGE('',*,*,#3039,.F.);
#3041=ORIENTED_EDGE('',*,*,#2809,.T.);
#3043=ORIENTED_EDGE('',*,*,#3042,.F.);
#3045=ORIENTED_EDGE('',*,*,#3044,.T.);
#3046=EDGE_LOOP('',(#3019,#3020,#3022,#3024,#3026,#3027,#3029,#3031,#3033,#3034,
#3036,#3038,#3040,#3041,#3043,#3045));
#3047=FACE_OUTER_BOUND('',#3046,.F.);
#3048=ADVANCED_FACE('',(#3047),#3017,.T.);
#3049=CARTESIAN_POINT('',(1.585E1,6.876820693124E0,-2.45E0));
#3050=DIRECTION('',(0.E0,0.E0,1.E0));
#3051=DIRECTION('',(0.E0,-1.E0,0.E0));
#3052=AXIS2_PLACEMENT_3D('',#3049,#3050,#3051);
#3053=PLANE('',#3052);
#3054=ORIENTED_EDGE('',*,*,#2777,.T.);
#3055=ORIENTED_EDGE('',*,*,#2986,.T.);
#3057=ORIENTED_EDGE('',*,*,#3056,.F.);
#3059=ORIENTED_EDGE('',*,*,#3058,.F.);
#3061=ORIENTED_EDGE('',*,*,#3060,.F.);
#3062=ORIENTED_EDGE('',*,*,#2875,.T.);
#3064=ORIENTED_EDGE('',*,*,#3063,.F.);
#3066=ORIENTED_EDGE('',*,*,#3065,.F.);
#3068=ORIENTED_EDGE('',*,*,#3067,.F.);
#3069=ORIENTED_EDGE('',*,*,#2901,.T.);
#3071=ORIENTED_EDGE('',*,*,#3070,.F.);
#3073=ORIENTED_EDGE('',*,*,#3072,.F.);
#3075=ORIENTED_EDGE('',*,*,#3074,.F.);
#3076=ORIENTED_EDGE('',*,*,#2960,.T.);
#3078=ORIENTED_EDGE('',*,*,#3077,.F.);
#3080=ORIENTED_EDGE('',*,*,#3079,.T.);
#3081=EDGE_LOOP('',(#3054,#3055,#3057,#3059,#3061,#3062,#3064,#3066,#3068,#3069,
#3071,#3073,#3075,#3076,#3078,#3080));
#3082=FACE_OUTER_BOUND('',#3081,.F.);
#3083=ADVANCED_FACE('',(#3082),#3053,.T.);
#3084=CARTESIAN_POINT('',(1.585E1,6.876820693124E0,-2.45E0));
#3085=DIRECTION('',(0.E0,0.E0,1.E0));
#3086=DIRECTION('',(0.E0,-1.E0,0.E0));
#3087=AXIS2_PLACEMENT_3D('',#3084,#3085,#3086);
#3088=PLANE('',#3087);
#3090=ORIENTED_EDGE('',*,*,#3089,.F.);
#3092=ORIENTED_EDGE('',*,*,#3091,.T.);
#3094=ORIENTED_EDGE('',*,*,#3093,.T.);
#3095=ORIENTED_EDGE('',*,*,#2791,.T.);
#3097=ORIENTED_EDGE('',*,*,#3096,.F.);
#3099=ORIENTED_EDGE('',*,*,#3098,.F.);
#3101=ORIENTED_EDGE('',*,*,#3100,.F.);
#3102=ORIENTED_EDGE('',*,*,#2823,.T.);
#3104=ORIENTED_EDGE('',*,*,#3103,.F.);
#3106=ORIENTED_EDGE('',*,*,#3105,.F.);
#3108=ORIENTED_EDGE('',*,*,#3107,.F.);
#3109=ORIENTED_EDGE('',*,*,#2992,.T.);
#3110=EDGE_LOOP('',(#3090,#3092,#3094,#3095,#3097,#3099,#3101,#3102,#3104,#3106,
#3108,#3109));
#3111=FACE_OUTER_BOUND('',#3110,.F.);
#3112=ADVANCED_FACE('',(#3111),#3088,.T.);
#3113=CARTESIAN_POINT('',(-4.48E0,7.535E0,-2.45E0));
#3114=DIRECTION('',(-1.E0,0.E0,0.E0));
#3115=DIRECTION('',(0.E0,-1.E0,0.E0));
#3116=AXIS2_PLACEMENT_3D('',#3113,#3114,#3115);
#3117=PLANE('',#3116);
#3118=ORIENTED_EDGE('',*,*,#2686,.T.);
#3119=ORIENTED_EDGE('',*,*,#2955,.F.);
#3120=ORIENTED_EDGE('',*,*,#3018,.F.);
#3122=ORIENTED_EDGE('',*,*,#3121,.F.);
#3124=ORIENTED_EDGE('',*,*,#3123,.F.);
#3125=EDGE_LOOP('',(#3118,#3119,#3120,#3122,#3124));
#3126=FACE_OUTER_BOUND('',#3125,.F.);
#3127=ADVANCED_FACE('',(#3126),#3117,.F.);
#3128=CARTESIAN_POINT('',(1.585E1,7.535E0,-2.83E0));
#3129=DIRECTION('',(0.E0,5.E-1,8.660254037844E-1));
#3130=DIRECTION('',(0.E0,-8.660254037844E-1,5.E-1));
#3131=AXIS2_PLACEMENT_3D('',#3128,#3129,#3130);
#3132=PLANE('',#3131);
#3133=ORIENTED_EDGE('',*,*,#3121,.T.);
#3134=ORIENTED_EDGE('',*,*,#3044,.F.);
#3136=ORIENTED_EDGE('',*,*,#3135,.T.);
#3138=ORIENTED_EDGE('',*,*,#3137,.T.);
#3139=EDGE_LOOP('',(#3133,#3134,#3136,#3138));
#3140=FACE_OUTER_BOUND('',#3139,.F.);
#3141=ADVANCED_FACE('',(#3140),#3132,.T.);
#3142=CARTESIAN_POINT('',(1.585E1,7.535E0,-2.83E0));
#3143=DIRECTION('',(0.E0,5.E-1,8.660254037844E-1));
#3144=DIRECTION('',(0.E0,-8.660254037844E-1,5.E-1));
#3145=AXIS2_PLACEMENT_3D('',#3142,#3143,#3144);
#3146=PLANE('',#3145);
#3147=ORIENTED_EDGE('',*,*,#2779,.T.);
#3148=ORIENTED_EDGE('',*,*,#3079,.F.);
#3150=ORIENTED_EDGE('',*,*,#3149,.F.);
#3152=ORIENTED_EDGE('',*,*,#3151,.T.);
#3153=EDGE_LOOP('',(#3147,#3148,#3150,#3152));
#3154=FACE_OUTER_BOUND('',#3153,.F.);
#3155=ADVANCED_FACE('',(#3154),#3146,.T.);
#3156=CARTESIAN_POINT('',(1.585E1,7.535E0,-2.83E0));
#3157=DIRECTION('',(0.E0,5.E-1,8.660254037844E-1));
#3158=DIRECTION('',(0.E0,-8.660254037844E-1,5.E-1));
#3159=AXIS2_PLACEMENT_3D('',#3156,#3157,#3158);
#3160=PLANE('',#3159);
#3162=ORIENTED_EDGE('',*,*,#3161,.F.);
#3164=ORIENTED_EDGE('',*,*,#3163,.T.);
#3166=ORIENTED_EDGE('',*,*,#3165,.T.);
#3167=ORIENTED_EDGE('',*,*,#3091,.F.);
#3168=EDGE_LOOP('',(#3162,#3164,#3166,#3167));
#3169=FACE_OUTER_BOUND('',#3168,.F.);
#3170=ADVANCED_FACE('',(#3169),#3160,.T.);
#3171=CARTESIAN_POINT('',(-1.585E1,1.585E0,-3.43E0));
#3172=DIRECTION('',(-1.E0,0.E0,0.E0));
#3173=DIRECTION('',(0.E0,-1.E0,0.E0));
#3174=AXIS2_PLACEMENT_3D('',#3171,#3172,#3173);
#3175=PLANE('',#3174);
#3176=ORIENTED_EDGE('',*,*,#2690,.T.);
#3178=ORIENTED_EDGE('',*,*,#3177,.F.);
#3179=ORIENTED_EDGE('',*,*,#3135,.F.);
#3180=ORIENTED_EDGE('',*,*,#3042,.T.);
#3181=ORIENTED_EDGE('',*,*,#2807,.T.);
#3183=ORIENTED_EDGE('',*,*,#3182,.T.);
#3185=ORIENTED_EDGE('',*,*,#3184,.F.);
#3186=EDGE_LOOP('',(#3176,#3178,#3179,#3180,#3181,#3183,#3185));
#3187=FACE_OUTER_BOUND('',#3186,.F.);
#3188=ADVANCED_FACE('',(#3187),#3175,.T.);
#3189=CARTESIAN_POINT('',(1.585E1,7.535E0,-3.43E0));
#3190=DIRECTION('',(0.E0,1.E0,0.E0));
#3191=DIRECTION('',(0.E0,0.E0,1.E0));
#3192=AXIS2_PLACEMENT_3D('',#3189,#3190,#3191);
#3193=PLANE('',#3192);
#3194=ORIENTED_EDGE('',*,*,#3123,.T.);
#3195=ORIENTED_EDGE('',*,*,#3137,.F.);
#3196=ORIENTED_EDGE('',*,*,#3177,.T.);
#3197=ORIENTED_EDGE('',*,*,#2688,.T.);
#3198=EDGE_LOOP('',(#3194,#3195,#3196,#3197));
#3199=FACE_OUTER_BOUND('',#3198,.F.);
#3200=ADVANCED_FACE('',(#3199),#3193,.T.);
#3201=CARTESIAN_POINT('',(1.585E1,7.535E0,-3.43E0));
#3202=DIRECTION('',(0.E0,1.E0,0.E0));
#3203=DIRECTION('',(0.E0,0.E0,1.E0));
#3204=AXIS2_PLACEMENT_3D('',#3201,#3202,#3203);
#3205=PLANE('',#3204);
#3206=ORIENTED_EDGE('',*,*,#2781,.T.);
#3207=ORIENTED_EDGE('',*,*,#3151,.F.);
#3209=ORIENTED_EDGE('',*,*,#3208,.F.);
#3210=ORIENTED_EDGE('',*,*,#2680,.T.);
#3211=EDGE_LOOP('',(#3206,#3207,#3209,#3210));
#3212=FACE_OUTER_BOUND('',#3211,.F.);
#3213=ADVANCED_FACE('',(#3212),#3205,.T.);
#3214=CARTESIAN_POINT('',(1.585E1,7.535E0,-3.43E0));
#3215=DIRECTION('',(0.E0,1.E0,0.E0));
#3216=DIRECTION('',(0.E0,0.E0,1.E0));
#3217=AXIS2_PLACEMENT_3D('',#3214,#3215,#3216);
#3218=PLANE('',#3217);
#3220=ORIENTED_EDGE('',*,*,#3219,.F.);
#3221=ORIENTED_EDGE('',*,*,#2760,.T.);
#3223=ORIENTED_EDGE('',*,*,#3222,.T.);
#3224=ORIENTED_EDGE('',*,*,#3163,.F.);
#3225=EDGE_LOOP('',(#3220,#3221,#3223,#3224));
#3226=FACE_OUTER_BOUND('',#3225,.F.);
#3227=ADVANCED_FACE('',(#3226),#3218,.T.);
#3228=CARTESIAN_POINT('',(-3.46E0,1.585E0,-2.45E0));
#3229=DIRECTION('',(1.E0,0.E0,0.E0));
#3230=DIRECTION('',(0.E0,1.E0,0.E0));
#3231=AXIS2_PLACEMENT_3D('',#3228,#3229,#3230);
#3232=PLANE('',#3231);
#3233=ORIENTED_EDGE('',*,*,#2682,.F.);
#3234=ORIENTED_EDGE('',*,*,#3208,.T.);
#3235=ORIENTED_EDGE('',*,*,#3149,.T.);
#3236=ORIENTED_EDGE('',*,*,#3077,.T.);
#3237=ORIENTED_EDGE('',*,*,#2958,.T.);
#3238=EDGE_LOOP('',(#3233,#3234,#3235,#3236,#3237));
#3239=FACE_OUTER_BOUND('',#3238,.F.);
#3240=ADVANCED_FACE('',(#3239),#3232,.F.);
#3241=CARTESIAN_POINT('',(8.42E0,1.585E0,-2.45E0));
#3242=DIRECTION('',(1.E0,0.E0,0.E0));
#3243=DIRECTION('',(0.E0,1.E0,0.E0));
#3244=AXIS2_PLACEMENT_3D('',#3241,#3242,#3243);
#3245=PLANE('',#3244);
#3246=ORIENTED_EDGE('',*,*,#2762,.F.);
#3247=ORIENTED_EDGE('',*,*,#3219,.T.);
#3248=ORIENTED_EDGE('',*,*,#3161,.T.);
#3249=ORIENTED_EDGE('',*,*,#3089,.T.);
#3250=ORIENTED_EDGE('',*,*,#2990,.T.);
#3251=EDGE_LOOP('',(#3246,#3247,#3248,#3249,#3250));
#3252=FACE_OUTER_BOUND('',#3251,.F.);
#3253=ADVANCED_FACE('',(#3252),#3245,.F.);
#3254=CARTESIAN_POINT('',(1.585E1,-1.585E0,-3.43E0));
#3255=DIRECTION('',(1.E0,0.E0,0.E0));
#3256=DIRECTION('',(0.E0,1.E0,0.E0));
#3257=AXIS2_PLACEMENT_3D('',#3254,#3255,#3256);
#3258=PLANE('',#3257);
#3259=ORIENTED_EDGE('',*,*,#2793,.F.);
#3260=ORIENTED_EDGE('',*,*,#3093,.F.);
#3261=ORIENTED_EDGE('',*,*,#3165,.F.);
#3262=ORIENTED_EDGE('',*,*,#3222,.F.);
#3263=ORIENTED_EDGE('',*,*,#2758,.F.);
#3265=ORIENTED_EDGE('',*,*,#3264,.T.);
#3267=ORIENTED_EDGE('',*,*,#3266,.T.);
#3268=EDGE_LOOP('',(#3259,#3260,#3261,#3262,#3263,#3265,#3267));
#3269=FACE_OUTER_BOUND('',#3268,.F.);
#3270=ADVANCED_FACE('',(#3269),#3258,.T.);
#3271=CARTESIAN_POINT('',(-1.585E1,-1.585E0,-3.43E0));
#3272=DIRECTION('',(0.E0,-1.E0,0.E0));
#3273=DIRECTION('',(1.E0,0.E0,0.E0));
#3274=AXIS2_PLACEMENT_3D('',#3271,#3272,#3273);
#3275=PLANE('',#3274);
#3277=ORIENTED_EDGE('',*,*,#3276,.F.);
#3278=ORIENTED_EDGE('',*,*,#2692,.F.);
#3279=ORIENTED_EDGE('',*,*,#3184,.T.);
#3281=ORIENTED_EDGE('',*,*,#3280,.T.);
#3282=EDGE_LOOP('',(#3277,#3278,#3279,#3281));
#3283=FACE_OUTER_BOUND('',#3282,.F.);
#3284=ADVANCED_FACE('',(#3283),#3275,.T.);
#3285=CARTESIAN_POINT('',(-1.585E1,-1.585E0,-3.43E0));
#3286=DIRECTION('',(0.E0,-1.E0,0.E0));
#3287=DIRECTION('',(1.E0,0.E0,0.E0));
#3288=AXIS2_PLACEMENT_3D('',#3285,#3286,#3287);
#3289=PLANE('',#3288);
#3291=ORIENTED_EDGE('',*,*,#3290,.F.);
#3292=ORIENTED_EDGE('',*,*,#2700,.F.);
#3294=ORIENTED_EDGE('',*,*,#3293,.T.);
#3296=ORIENTED_EDGE('',*,*,#3295,.T.);
#3297=EDGE_LOOP('',(#3291,#3292,#3294,#3296));
#3298=FACE_OUTER_BOUND('',#3297,.F.);
#3300=ORIENTED_EDGE('',*,*,#3299,.F.);
#3302=ORIENTED_EDGE('',*,*,#3301,.F.);
#3304=ORIENTED_EDGE('',*,*,#3303,.F.);
#3306=ORIENTED_EDGE('',*,*,#3305,.F.);
#3307=EDGE_LOOP('',(#3300,#3302,#3304,#3306));
#3308=FACE_BOUND('',#3307,.F.);
#3309=ADVANCED_FACE('',(#3298,#3308),#3289,.T.);
#3310=CARTESIAN_POINT('',(-1.585E1,-1.585E0,-3.43E0));
#3311=DIRECTION('',(0.E0,-1.E0,0.E0));
#3312=DIRECTION('',(1.E0,0.E0,0.E0));
#3313=AXIS2_PLACEMENT_3D('',#3310,#3311,#3312);
#3314=PLANE('',#3313);
#3316=ORIENTED_EDGE('',*,*,#3315,.F.);
#3317=ORIENTED_EDGE('',*,*,#2708,.F.);
#3319=ORIENTED_EDGE('',*,*,#3318,.T.);
#3321=ORIENTED_EDGE('',*,*,#3320,.T.);
#3322=EDGE_LOOP('',(#3316,#3317,#3319,#3321));
#3323=FACE_OUTER_BOUND('',#3322,.F.);
#3325=ORIENTED_EDGE('',*,*,#3324,.F.);
#3327=ORIENTED_EDGE('',*,*,#3326,.F.);
#3329=ORIENTED_EDGE('',*,*,#3328,.F.);
#3331=ORIENTED_EDGE('',*,*,#3330,.F.);
#3332=EDGE_LOOP('',(#3325,#3327,#3329,#3331));
#3333=FACE_BOUND('',#3332,.F.);
#3334=ADVANCED_FACE('',(#3323,#3333),#3314,.T.);
#3335=CARTESIAN_POINT('',(-1.585E1,-1.585E0,-3.43E0));
#3336=DIRECTION('',(0.E0,-1.E0,0.E0));
#3337=DIRECTION('',(1.E0,0.E0,0.E0));
#3338=AXIS2_PLACEMENT_3D('',#3335,#3336,#3337);
#3339=PLANE('',#3338);
#3341=ORIENTED_EDGE('',*,*,#3340,.F.);
#3342=ORIENTED_EDGE('',*,*,#2716,.F.);
#3344=ORIENTED_EDGE('',*,*,#3343,.T.);
#3346=ORIENTED_EDGE('',*,*,#3345,.T.);
#3347=EDGE_LOOP('',(#3341,#3342,#3344,#3346));
#3348=FACE_OUTER_BOUND('',#3347,.F.);
#3350=ORIENTED_EDGE('',*,*,#3349,.F.);
#3352=ORIENTED_EDGE('',*,*,#3351,.F.);
#3354=ORIENTED_EDGE('',*,*,#3353,.F.);
#3356=ORIENTED_EDGE('',*,*,#3355,.F.);
#3357=EDGE_LOOP('',(#3350,#3352,#3354,#3356));
#3358=FACE_BOUND('',#3357,.F.);
#3359=ADVANCED_FACE('',(#3348,#3358),#3339,.T.);
#3360=CARTESIAN_POINT('',(-1.585E1,-1.585E0,-3.43E0));
#3361=DIRECTION('',(0.E0,-1.E0,0.E0));
#3362=DIRECTION('',(1.E0,0.E0,0.E0));
#3363=AXIS2_PLACEMENT_3D('',#3360,#3361,#3362);
#3364=PLANE('',#3363);
#3366=ORIENTED_EDGE('',*,*,#3365,.F.);
#3367=ORIENTED_EDGE('',*,*,#2724,.F.);
#3369=ORIENTED_EDGE('',*,*,#3368,.T.);
#3371=ORIENTED_EDGE('',*,*,#3370,.T.);
#3372=EDGE_LOOP('',(#3366,#3367,#3369,#3371));
#3373=FACE_OUTER_BOUND('',#3372,.F.);
#3375=ORIENTED_EDGE('',*,*,#3374,.F.);
#3377=ORIENTED_EDGE('',*,*,#3376,.F.);
#3379=ORIENTED_EDGE('',*,*,#3378,.F.);
#3381=ORIENTED_EDGE('',*,*,#3380,.F.);
#3382=EDGE_LOOP('',(#3375,#3377,#3379,#3381));
#3383=FACE_BOUND('',#3382,.F.);
#3384=ADVANCED_FACE('',(#3373,#3383),#3364,.T.);
#3385=CARTESIAN_POINT('',(-1.585E1,-1.585E0,-3.43E0));
#3386=DIRECTION('',(0.E0,-1.E0,0.E0));
#3387=DIRECTION('',(1.E0,0.E0,0.E0));
#3388=AXIS2_PLACEMENT_3D('',#3385,#3386,#3387);
#3389=PLANE('',#3388);
#3391=ORIENTED_EDGE('',*,*,#3390,.F.);
#3392=ORIENTED_EDGE('',*,*,#2732,.F.);
#3394=ORIENTED_EDGE('',*,*,#3393,.T.);
#3396=ORIENTED_EDGE('',*,*,#3395,.T.);
#3397=EDGE_LOOP('',(#3391,#3392,#3394,#3396));
#3398=FACE_OUTER_BOUND('',#3397,.F.);
#3400=ORIENTED_EDGE('',*,*,#3399,.F.);
#3402=ORIENTED_EDGE('',*,*,#3401,.F.);
#3404=ORIENTED_EDGE('',*,*,#3403,.F.);
#3406=ORIENTED_EDGE('',*,*,#3405,.F.);
#3407=EDGE_LOOP('',(#3400,#3402,#3404,#3406));
#3408=FACE_BOUND('',#3407,.F.);
#3409=ADVANCED_FACE('',(#3398,#3408),#3389,.T.);
#3410=CARTESIAN_POINT('',(-1.585E1,-1.585E0,-3.43E0));
#3411=DIRECTION('',(0.E0,-1.E0,0.E0));
#3412=DIRECTION('',(1.E0,0.E0,0.E0));
#3413=AXIS2_PLACEMENT_3D('',#3410,#3411,#3412);
#3414=PLANE('',#3413);
#3416=ORIENTED_EDGE('',*,*,#3415,.F.);
#3417=ORIENTED_EDGE('',*,*,#2740,.F.);
#3419=ORIENTED_EDGE('',*,*,#3418,.T.);
#3421=ORIENTED_EDGE('',*,*,#3420,.T.);
#3422=EDGE_LOOP('',(#3416,#3417,#3419,#3421));
#3423=FACE_OUTER_BOUND('',#3422,.F.);
#3425=ORIENTED_EDGE('',*,*,#3424,.F.);
#3427=ORIENTED_EDGE('',*,*,#3426,.F.);
#3429=ORIENTED_EDGE('',*,*,#3428,.F.);
#3431=ORIENTED_EDGE('',*,*,#3430,.F.);
#3432=EDGE_LOOP('',(#3425,#3427,#3429,#3431));
#3433=FACE_BOUND('',#3432,.F.);
#3434=ADVANCED_FACE('',(#3423,#3433),#3414,.T.);
#3435=CARTESIAN_POINT('',(-1.585E1,-1.585E0,-3.43E0));
#3436=DIRECTION('',(0.E0,-1.E0,0.E0));
#3437=DIRECTION('',(1.E0,0.E0,0.E0));
#3438=AXIS2_PLACEMENT_3D('',#3435,#3436,#3437);
#3439=PLANE('',#3438);
#3441=ORIENTED_EDGE('',*,*,#3440,.T.);
#3443=ORIENTED_EDGE('',*,*,#3442,.T.);
#3444=ORIENTED_EDGE('',*,*,#3264,.F.);
#3445=ORIENTED_EDGE('',*,*,#2756,.F.);
#3446=EDGE_LOOP('',(#3441,#3443,#3444,#3445));
#3447=FACE_OUTER_BOUND('',#3446,.F.);
#3448=ADVANCED_FACE('',(#3447),#3439,.T.);
#3449=CARTESIAN_POINT('',(-1.585E1,-1.585E0,-3.43E0));
#3450=DIRECTION('',(0.E0,-1.E0,0.E0));
#3451=DIRECTION('',(1.E0,0.E0,0.E0));
#3452=AXIS2_PLACEMENT_3D('',#3449,#3450,#3451);
#3453=PLANE('',#3452);
#3455=ORIENTED_EDGE('',*,*,#3454,.F.);
#3456=ORIENTED_EDGE('',*,*,#2748,.F.);
#3458=ORIENTED_EDGE('',*,*,#3457,.T.);
#3460=ORIENTED_EDGE('',*,*,#3459,.T.);
#3461=EDGE_LOOP('',(#3455,#3456,#3458,#3460));
#3462=FACE_OUTER_BOUND('',#3461,.F.);
#3464=ORIENTED_EDGE('',*,*,#3463,.F.);
#3466=ORIENTED_EDGE('',*,*,#3465,.F.);
#3468=ORIENTED_EDGE('',*,*,#3467,.F.);
#3470=ORIENTED_EDGE('',*,*,#3469,.F.);
#3471=EDGE_LOOP('',(#3464,#3466,#3468,#3470));
#3472=FACE_BOUND('',#3471,.F.);
#3473=ADVANCED_FACE('',(#3462,#3472),#3453,.T.);
#3474=CARTESIAN_POINT('',(-1.496E1,-1.205E0,3.47E0));
#3475=DIRECTION('',(-1.E0,0.E0,0.E0));
#3476=DIRECTION('',(0.E0,-1.E0,0.E0));
#3477=AXIS2_PLACEMENT_3D('',#3474,#3475,#3476);
#3478=PLANE('',#3477);
#3479=ORIENTED_EDGE('',*,*,#2694,.F.);
#3480=ORIENTED_EDGE('',*,*,#3276,.T.);
#3482=ORIENTED_EDGE('',*,*,#3481,.T.);
#3484=ORIENTED_EDGE('',*,*,#3483,.T.);
#3485=EDGE_LOOP('',(#3479,#3480,#3482,#3484));
#3486=FACE_OUTER_BOUND('',#3485,.F.);
#3487=ADVANCED_FACE('',(#3486),#3478,.F.);
#3488=CARTESIAN_POINT('',(0.E0,0.E0,3.47E0));
#3489=DIRECTION('',(0.E0,0.E0,1.E0));
#3490=DIRECTION('',(1.E0,0.E0,0.E0));
#3491=AXIS2_PLACEMENT_3D('',#3488,#3489,#3490);
#3492=PLANE('',#3491);
#3494=ORIENTED_EDGE('',*,*,#3493,.T.);
#3496=ORIENTED_EDGE('',*,*,#3495,.T.);
#3498=ORIENTED_EDGE('',*,*,#3497,.F.);
#3499=ORIENTED_EDGE('',*,*,#2795,.F.);
#3500=ORIENTED_EDGE('',*,*,#3266,.F.);
#3501=ORIENTED_EDGE('',*,*,#3442,.F.);
#3503=ORIENTED_EDGE('',*,*,#3502,.T.);
#3505=ORIENTED_EDGE('',*,*,#3504,.T.);
#3507=ORIENTED_EDGE('',*,*,#3506,.F.);
#3508=ORIENTED_EDGE('',*,*,#3459,.F.);
#3510=ORIENTED_EDGE('',*,*,#3509,.T.);
#3512=ORIENTED_EDGE('',*,*,#3511,.T.);
#3514=ORIENTED_EDGE('',*,*,#3513,.F.);
#3515=ORIENTED_EDGE('',*,*,#3420,.F.);
#3517=ORIENTED_EDGE('',*,*,#3516,.T.);
#3519=ORIENTED_EDGE('',*,*,#3518,.T.);
#3521=ORIENTED_EDGE('',*,*,#3520,.F.);
#3522=ORIENTED_EDGE('',*,*,#3395,.F.);
#3524=ORIENTED_EDGE('',*,*,#3523,.T.);
#3526=ORIENTED_EDGE('',*,*,#3525,.T.);
#3528=ORIENTED_EDGE('',*,*,#3527,.F.);
#3529=ORIENTED_EDGE('',*,*,#3370,.F.);
#3531=ORIENTED_EDGE('',*,*,#3530,.T.);
#3533=ORIENTED_EDGE('',*,*,#3532,.T.);
#3535=ORIENTED_EDGE('',*,*,#3534,.F.);
#3536=ORIENTED_EDGE('',*,*,#3345,.F.);
#3538=ORIENTED_EDGE('',*,*,#3537,.T.);
#3540=ORIENTED_EDGE('',*,*,#3539,.T.);
#3542=ORIENTED_EDGE('',*,*,#3541,.F.);
#3543=ORIENTED_EDGE('',*,*,#3320,.F.);
#3545=ORIENTED_EDGE('',*,*,#3544,.T.);
#3547=ORIENTED_EDGE('',*,*,#3546,.T.);
#3549=ORIENTED_EDGE('',*,*,#3548,.F.);
#3550=ORIENTED_EDGE('',*,*,#3295,.F.);
#3552=ORIENTED_EDGE('',*,*,#3551,.T.);
#3554=ORIENTED_EDGE('',*,*,#3553,.T.);
#3555=ORIENTED_EDGE('',*,*,#3481,.F.);
#3556=ORIENTED_EDGE('',*,*,#3280,.F.);
#3557=ORIENTED_EDGE('',*,*,#3182,.F.);
#3558=ORIENTED_EDGE('',*,*,#2813,.F.);
#3560=ORIENTED_EDGE('',*,*,#3559,.T.);
#3562=ORIENTED_EDGE('',*,*,#3561,.T.);
#3564=ORIENTED_EDGE('',*,*,#3563,.F.);
#3565=ORIENTED_EDGE('',*,*,#2855,.F.);
#3567=ORIENTED_EDGE('',*,*,#3566,.T.);
#3569=ORIENTED_EDGE('',*,*,#3568,.T.);
#3571=ORIENTED_EDGE('',*,*,#3570,.F.);
#3572=ORIENTED_EDGE('',*,*,#2933,.F.);
#3574=ORIENTED_EDGE('',*,*,#3573,.T.);
#3576=ORIENTED_EDGE('',*,*,#3575,.T.);
#3578=ORIENTED_EDGE('',*,*,#3577,.F.);
#3579=ORIENTED_EDGE('',*,*,#2964,.F.);
#3581=ORIENTED_EDGE('',*,*,#3580,.T.);
#3583=ORIENTED_EDGE('',*,*,#3582,.T.);
#3585=ORIENTED_EDGE('',*,*,#3584,.F.);
#3586=ORIENTED_EDGE('',*,*,#2905,.F.);
#3588=ORIENTED_EDGE('',*,*,#3587,.T.);
#3590=ORIENTED_EDGE('',*,*,#3589,.T.);
#3592=ORIENTED_EDGE('',*,*,#3591,.F.);
#3593=ORIENTED_EDGE('',*,*,#2879,.F.);
#3595=ORIENTED_EDGE('',*,*,#3594,.T.);
#3597=ORIENTED_EDGE('',*,*,#3596,.T.);
#3599=ORIENTED_EDGE('',*,*,#3598,.F.);
#3600=ORIENTED_EDGE('',*,*,#2996,.F.);
#3602=ORIENTED_EDGE('',*,*,#3601,.T.);
#3604=ORIENTED_EDGE('',*,*,#3603,.T.);
#3606=ORIENTED_EDGE('',*,*,#3605,.F.);
#3607=ORIENTED_EDGE('',*,*,#2827,.F.);
#3608=EDGE_LOOP('',(#3494,#3496,#3498,#3499,#3500,#3501,#3503,#3505,#3507,#3508,
#3510,#3512,#3514,#3515,#3517,#3519,#3521,#3522,#3524,#3526,#3528,#3529,#3531,
#3533,#3535,#3536,#3538,#3540,#3542,#3543,#3545,#3547,#3549,#3550,#3552,#3554,
#3555,#3556,#3557,#3558,#3560,#3562,#3564,#3565,#3567,#3569,#3571,#3572,#3574,
#3576,#3578,#3579,#3581,#3583,#3585,#3586,#3588,#3590,#3592,#3593,#3595,#3597,
#3599,#3600,#3602,#3604,#3606,#3607));
#3609=FACE_OUTER_BOUND('',#3608,.F.);
#3610=ADVANCED_FACE('',(#3609),#3492,.T.);
#3611=CARTESIAN_POINT('',(1.276E1,1.585E0,3.47E0));
#3612=DIRECTION('',(-1.E0,0.E0,0.E0));
#3613=DIRECTION('',(0.E0,-1.E0,0.E0));
#3614=AXIS2_PLACEMENT_3D('',#3611,#3612,#3613);
#3615=PLANE('',#3614);
#3616=ORIENTED_EDGE('',*,*,#3100,.T.);
#3618=ORIENTED_EDGE('',*,*,#3617,.F.);
#3619=ORIENTED_EDGE('',*,*,#3493,.F.);
#3620=ORIENTED_EDGE('',*,*,#2825,.F.);
#3621=EDGE_LOOP('',(#3616,#3618,#3619,#3620));
#3622=FACE_OUTER_BOUND('',#3621,.F.);
#3623=ADVANCED_FACE('',(#3622),#3615,.F.);
#3624=CARTESIAN_POINT('',(1.276E1,1.205E0,3.47E0));
#3625=DIRECTION('',(0.E0,-1.E0,0.E0));
#3626=DIRECTION('',(1.E0,0.E0,0.E0));
#3627=AXIS2_PLACEMENT_3D('',#3624,#3625,#3626);
#3628=PLANE('',#3627);
#3629=ORIENTED_EDGE('',*,*,#3098,.T.);
#3631=ORIENTED_EDGE('',*,*,#3630,.F.);
#3632=ORIENTED_EDGE('',*,*,#3495,.F.);
#3633=ORIENTED_EDGE('',*,*,#3617,.T.);
#3634=EDGE_LOOP('',(#3629,#3631,#3632,#3633));
#3635=FACE_OUTER_BOUND('',#3634,.F.);
#3637=ORIENTED_EDGE('',*,*,#3636,.T.);
#3639=ORIENTED_EDGE('',*,*,#3638,.T.);
#3640=EDGE_LOOP('',(#3637,#3639));
#3641=FACE_BOUND('',#3640,.F.);
#3642=ADVANCED_FACE('',(#3635,#3641),#3628,.F.);
#3643=CARTESIAN_POINT('',(1.385E1,-6.9875E0,0.E0));
#3644=DIRECTION('',(0.E0,1.E0,0.E0));
#3645=DIRECTION('',(1.E0,0.E0,0.E0));
#3646=AXIS2_PLACEMENT_3D('',#3643,#3644,#3645);
#3647=CYLINDRICAL_SURFACE('',#3646,5.7E-1);
#3648=ORIENTED_EDGE('',*,*,#3636,.F.);
#3650=ORIENTED_EDGE('',*,*,#3649,.T.);
#3652=ORIENTED_EDGE('',*,*,#3651,.T.);
#3654=ORIENTED_EDGE('',*,*,#3653,.F.);
#3655=EDGE_LOOP('',(#3648,#3650,#3652,#3654));
#3656=FACE_OUTER_BOUND('',#3655,.F.);
#3657=ADVANCED_FACE('',(#3656),#3647,.T.);
#3658=CARTESIAN_POINT('',(1.385E1,-6.9875E0,0.E0));
#3659=DIRECTION('',(0.E0,1.E0,0.E0));
#3660=DIRECTION('',(1.E0,0.E0,0.E0));
#3661=AXIS2_PLACEMENT_3D('',#3658,#3659,#3660);
#3662=CYLINDRICAL_SURFACE('',#3661,5.7E-1);
#3664=ORIENTED_EDGE('',*,*,#3663,.T.);
#3666=ORIENTED_EDGE('',*,*,#3665,.F.);
#3668=ORIENTED_EDGE('',*,*,#3667,.F.);
#3670=ORIENTED_EDGE('',*,*,#3669,.T.);
#3671=EDGE_LOOP('',(#3664,#3666,#3668,#3670));
#3672=FACE_OUTER_BOUND('',#3671,.F.);
#3673=ADVANCED_FACE('',(#3672),#3662,.T.);
#3674=CARTESIAN_POINT('',(1.385E1,-6.9875E0,0.E0));
#3675=DIRECTION('',(0.E0,1.E0,0.E0));
#3676=DIRECTION('',(1.E0,0.E0,0.E0));
#3677=AXIS2_PLACEMENT_3D('',#3674,#3675,#3676);
#3678=CYLINDRICAL_SURFACE('',#3677,5.7E-1);
#3679=ORIENTED_EDGE('',*,*,#3638,.F.);
#3680=ORIENTED_EDGE('',*,*,#3653,.T.);
#3682=ORIENTED_EDGE('',*,*,#3681,.F.);
#3683=ORIENTED_EDGE('',*,*,#3649,.F.);
#3684=EDGE_LOOP('',(#3679,#3680,#3682,#3683));
#3685=FACE_OUTER_BOUND('',#3684,.F.);
#3686=ADVANCED_FACE('',(#3685),#3678,.T.);
#3687=CARTESIAN_POINT('',(1.385E1,-6.9875E0,0.E0));
#3688=DIRECTION('',(0.E0,1.E0,0.E0));
#3689=DIRECTION('',(1.E0,0.E0,0.E0));
#3690=AXIS2_PLACEMENT_3D('',#3687,#3688,#3689);
#3691=CYLINDRICAL_SURFACE('',#3690,5.7E-1);
#3693=ORIENTED_EDGE('',*,*,#3692,.T.);
#3694=ORIENTED_EDGE('',*,*,#3669,.F.);
#3696=ORIENTED_EDGE('',*,*,#3695,.T.);
#3697=ORIENTED_EDGE('',*,*,#3665,.T.);
#3698=EDGE_LOOP('',(#3693,#3694,#3696,#3697));
#3699=FACE_OUTER_BOUND('',#3698,.F.);
#3700=ADVANCED_FACE('',(#3699),#3691,.T.);
#3701=CARTESIAN_POINT('',(1.385E1,1.257E1,0.E0));
#3702=DIRECTION('',(0.E0,-1.E0,0.E0));
#3703=DIRECTION('',(-1.E0,0.E0,0.E0));
#3704=AXIS2_PLACEMENT_3D('',#3701,#3702,#3703);
#3705=CONICAL_SURFACE('',#3704,4.E-1,2.090798047101E1);
#3707=ORIENTED_EDGE('',*,*,#3706,.F.);
#3708=ORIENTED_EDGE('',*,*,#3681,.T.);
#3710=ORIENTED_EDGE('',*,*,#3709,.T.);
#3712=ORIENTED_EDGE('',*,*,#3711,.F.);
#3713=EDGE_LOOP('',(#3707,#3708,#3710,#3712));
#3714=FACE_OUTER_BOUND('',#3713,.F.);
#3715=ADVANCED_FACE('',(#3714),#3705,.T.);
#3716=CARTESIAN_POINT('',(1.385E1,1.257E1,0.E0));
#3717=DIRECTION('',(0.E0,-1.E0,0.E0));
#3718=DIRECTION('',(-1.E0,0.E0,0.E0));
#3719=AXIS2_PLACEMENT_3D('',#3716,#3717,#3718);
#3720=CONICAL_SURFACE('',#3719,4.E-1,2.090798047101E1);
#3721=ORIENTED_EDGE('',*,*,#3706,.T.);
#3723=ORIENTED_EDGE('',*,*,#3722,.T.);
#3724=ORIENTED_EDGE('',*,*,#3709,.F.);
#3725=ORIENTED_EDGE('',*,*,#3651,.F.);
#3726=EDGE_LOOP('',(#3721,#3723,#3724,#3725));
#3727=FACE_OUTER_BOUND('',#3726,.F.);
#3728=ADVANCED_FACE('',(#3727),#3720,.T.);
#3729=CARTESIAN_POINT('',(1.385E1,1.3015E1,0.E0));
#3730=DIRECTION('',(0.E0,1.E0,0.E0));
#3731=DIRECTION('',(1.E0,0.E0,0.E0));
#3732=AXIS2_PLACEMENT_3D('',#3729,#3730,#3731);
#3733=PLANE('',#3732);
#3734=ORIENTED_EDGE('',*,*,#3711,.T.);
#3735=ORIENTED_EDGE('',*,*,#3722,.F.);
#3736=EDGE_LOOP('',(#3734,#3735));
#3737=FACE_OUTER_BOUND('',#3736,.F.);
#3738=ADVANCED_FACE('',(#3737),#3733,.T.);
#3739=CARTESIAN_POINT('',(1.494E1,-1.205E0,3.47E0));
#3740=DIRECTION('',(0.E0,1.E0,0.E0));
#3741=DIRECTION('',(-1.E0,0.E0,0.E0));
#3742=AXIS2_PLACEMENT_3D('',#3739,#3740,#3741);
#3743=PLANE('',#3742);
#3744=ORIENTED_EDGE('',*,*,#2752,.T.);
#3746=ORIENTED_EDGE('',*,*,#3745,.F.);
#3747=ORIENTED_EDGE('',*,*,#3504,.F.);
#3749=ORIENTED_EDGE('',*,*,#3748,.T.);
#3750=EDGE_LOOP('',(#3744,#3746,#3747,#3749));
#3751=FACE_OUTER_BOUND('',#3750,.F.);
#3752=ORIENTED_EDGE('',*,*,#3663,.F.);
#3753=ORIENTED_EDGE('',*,*,#3692,.F.);
#3754=EDGE_LOOP('',(#3752,#3753));
#3755=FACE_BOUND('',#3754,.F.);
#3756=ADVANCED_FACE('',(#3751,#3755),#3743,.F.);
#3757=CARTESIAN_POINT('',(1.276E1,-1.205E0,3.47E0));
#3758=DIRECTION('',(-1.E0,0.E0,0.E0));
#3759=DIRECTION('',(0.E0,-1.E0,0.E0));
#3760=AXIS2_PLACEMENT_3D('',#3757,#3758,#3759);
#3761=PLANE('',#3760);
#3762=ORIENTED_EDGE('',*,*,#2750,.F.);
#3763=ORIENTED_EDGE('',*,*,#3454,.T.);
#3764=ORIENTED_EDGE('',*,*,#3506,.T.);
#3765=ORIENTED_EDGE('',*,*,#3745,.T.);
#3766=EDGE_LOOP('',(#3762,#3763,#3764,#3765));
#3767=FACE_OUTER_BOUND('',#3766,.F.);
#3768=ADVANCED_FACE('',(#3767),#3761,.F.);
#3769=CARTESIAN_POINT('',(1.494E1,-1.585E0,3.47E0));
#3770=DIRECTION('',(1.E0,0.E0,0.E0));
#3771=DIRECTION('',(0.E0,1.E0,0.E0));
#3772=AXIS2_PLACEMENT_3D('',#3769,#3770,#3771);
#3773=PLANE('',#3772);
#3774=ORIENTED_EDGE('',*,*,#2754,.T.);
#3775=ORIENTED_EDGE('',*,*,#3748,.F.);
#3776=ORIENTED_EDGE('',*,*,#3502,.F.);
#3777=ORIENTED_EDGE('',*,*,#3440,.F.);
#3778=EDGE_LOOP('',(#3774,#3775,#3776,#3777));
#3779=FACE_OUTER_BOUND('',#3778,.F.);
#3780=ADVANCED_FACE('',(#3779),#3773,.F.);
#3781=CARTESIAN_POINT('',(1.385E1,-5.59E0,0.E0));
#3782=DIRECTION('',(0.E0,1.E0,0.E0));
#3783=DIRECTION('',(1.E0,0.E0,0.E0));
#3784=AXIS2_PLACEMENT_3D('',#3781,#3782,#3783);
#3785=CONICAL_SURFACE('',#3784,4.E-1,2.090798047101E1);
#3787=ORIENTED_EDGE('',*,*,#3786,.F.);
#3789=ORIENTED_EDGE('',*,*,#3788,.T.);
#3791=ORIENTED_EDGE('',*,*,#3790,.T.);
#3792=ORIENTED_EDGE('',*,*,#3695,.F.);
#3793=EDGE_LOOP('',(#3787,#3789,#3791,#3792));
#3794=FACE_OUTER_BOUND('',#3793,.F.);
#3795=ADVANCED_FACE('',(#3794),#3785,.T.);
#3796=CARTESIAN_POINT('',(1.385E1,-5.59E0,0.E0));
#3797=DIRECTION('',(0.E0,1.E0,0.E0));
#3798=DIRECTION('',(1.E0,0.E0,0.E0));
#3799=AXIS2_PLACEMENT_3D('',#3796,#3797,#3798);
#3800=CONICAL_SURFACE('',#3799,4.E-1,2.090798047101E1);
#3801=ORIENTED_EDGE('',*,*,#3786,.T.);
#3802=ORIENTED_EDGE('',*,*,#3667,.T.);
#3803=ORIENTED_EDGE('',*,*,#3790,.F.);
#3805=ORIENTED_EDGE('',*,*,#3804,.F.);
#3806=EDGE_LOOP('',(#3801,#3802,#3803,#3805));
#3807=FACE_OUTER_BOUND('',#3806,.F.);
#3808=ADVANCED_FACE('',(#3807),#3800,.T.);
#3809=CARTESIAN_POINT('',(1.385E1,-6.035E0,0.E0));
#3810=DIRECTION('',(0.E0,1.E0,0.E0));
#3811=DIRECTION('',(1.E0,0.E0,0.E0));
#3812=AXIS2_PLACEMENT_3D('',#3809,#3810,#3811);
#3813=PLANE('',#3812);
#3814=ORIENTED_EDGE('',*,*,#3788,.F.);
#3815=ORIENTED_EDGE('',*,*,#3804,.T.);
#3816=EDGE_LOOP('',(#3814,#3815));
#3817=FACE_OUTER_BOUND('',#3816,.F.);
#3818=ADVANCED_FACE('',(#3817),#3813,.F.);
#3819=CARTESIAN_POINT('',(1.494E1,1.205E0,3.47E0));
#3820=DIRECTION('',(1.E0,0.E0,0.E0));
#3821=DIRECTION('',(0.E0,1.E0,0.E0));
#3822=AXIS2_PLACEMENT_3D('',#3819,#3820,#3821);
#3823=PLANE('',#3822);
#3824=ORIENTED_EDGE('',*,*,#3096,.T.);
#3825=ORIENTED_EDGE('',*,*,#2797,.T.);
#3826=ORIENTED_EDGE('',*,*,#3497,.T.);
#3827=ORIENTED_EDGE('',*,*,#3630,.T.);
#3828=EDGE_LOOP('',(#3824,#3825,#3826,#3827));
#3829=FACE_OUTER_BOUND('',#3828,.F.);
#3830=ADVANCED_FACE('',(#3829),#3823,.F.);
#3831=CARTESIAN_POINT('',(1.098E1,-1.585E0,3.47E0));
#3832=DIRECTION('',(1.E0,0.E0,0.E0));
#3833=DIRECTION('',(0.E0,1.E0,0.E0));
#3834=AXIS2_PLACEMENT_3D('',#3831,#3832,#3833);
#3835=PLANE('',#3834);
#3836=ORIENTED_EDGE('',*,*,#2746,.T.);
#3838=ORIENTED_EDGE('',*,*,#3837,.F.);
#3839=ORIENTED_EDGE('',*,*,#3509,.F.);
#3840=ORIENTED_EDGE('',*,*,#3457,.F.);
#3841=EDGE_LOOP('',(#3836,#3838,#3839,#3840));
#3842=FACE_OUTER_BOUND('',#3841,.F.);
#3843=ADVANCED_FACE('',(#3842),#3835,.F.);
#3844=CARTESIAN_POINT('',(1.098E1,-1.205E0,3.47E0));
#3845=DIRECTION('',(0.E0,1.E0,0.E0));
#3846=DIRECTION('',(-1.E0,0.E0,0.E0));
#3847=AXIS2_PLACEMENT_3D('',#3844,#3845,#3846);
#3848=PLANE('',#3847);
#3849=ORIENTED_EDGE('',*,*,#2744,.T.);
#3851=ORIENTED_EDGE('',*,*,#3850,.F.);
#3852=ORIENTED_EDGE('',*,*,#3511,.F.);
#3853=ORIENTED_EDGE('',*,*,#3837,.T.);
#3854=EDGE_LOOP('',(#3849,#3851,#3852,#3853));
#3855=FACE_OUTER_BOUND('',#3854,.F.);
#3857=ORIENTED_EDGE('',*,*,#3856,.F.);
#3859=ORIENTED_EDGE('',*,*,#3858,.F.);
#3860=EDGE_LOOP('',(#3857,#3859));
#3861=FACE_BOUND('',#3860,.F.);
#3862=ADVANCED_FACE('',(#3855,#3861),#3848,.F.);
#3863=CARTESIAN_POINT('',(8.8E0,-1.205E0,3.47E0));
#3864=DIRECTION('',(-1.E0,0.E0,0.E0));
#3865=DIRECTION('',(0.E0,-1.E0,0.E0));
#3866=AXIS2_PLACEMENT_3D('',#3863,#3864,#3865);
#3867=PLANE('',#3866);
#3868=ORIENTED_EDGE('',*,*,#2742,.F.);
#3869=ORIENTED_EDGE('',*,*,#3415,.T.);
#3870=ORIENTED_EDGE('',*,*,#3513,.T.);
#3871=ORIENTED_EDGE('',*,*,#3850,.T.);
#3872=EDGE_LOOP('',(#3868,#3869,#3870,#3871));
#3873=FACE_OUTER_BOUND('',#3872,.F.);
#3874=ADVANCED_FACE('',(#3873),#3867,.F.);
#3875=CARTESIAN_POINT('',(9.89E0,-6.9875E0,0.E0));
#3876=DIRECTION('',(0.E0,1.E0,0.E0));
#3877=DIRECTION('',(1.E0,0.E0,0.E0));
#3878=AXIS2_PLACEMENT_3D('',#3875,#3876,#3877);
#3879=CYLINDRICAL_SURFACE('',#3878,5.7E-1);
#3881=ORIENTED_EDGE('',*,*,#3880,.F.);
#3883=ORIENTED_EDGE('',*,*,#3882,.T.);
#3885=ORIENTED_EDGE('',*,*,#3884,.T.);
#3887=ORIENTED_EDGE('',*,*,#3886,.F.);
#3888=EDGE_LOOP('',(#3881,#3883,#3885,#3887));
#3889=FACE_OUTER_BOUND('',#3888,.F.);
#3890=ADVANCED_FACE('',(#3889),#3879,.T.);
#3891=CARTESIAN_POINT('',(9.89E0,-6.9875E0,0.E0));
#3892=DIRECTION('',(0.E0,1.E0,0.E0));
#3893=DIRECTION('',(1.E0,0.E0,0.E0));
#3894=AXIS2_PLACEMENT_3D('',#3891,#3892,#3893);
#3895=CYLINDRICAL_SURFACE('',#3894,5.7E-1);
#3896=ORIENTED_EDGE('',*,*,#3856,.T.);
#3898=ORIENTED_EDGE('',*,*,#3897,.F.);
#3900=ORIENTED_EDGE('',*,*,#3899,.F.);
#3902=ORIENTED_EDGE('',*,*,#3901,.T.);
#3903=EDGE_LOOP('',(#3896,#3898,#3900,#3902));
#3904=FACE_OUTER_BOUND('',#3903,.F.);
#3905=ADVANCED_FACE('',(#3904),#3895,.T.);
#3906=CARTESIAN_POINT('',(8.8E0,1.205E0,3.47E0));
#3907=DIRECTION('',(0.E0,-1.E0,0.E0));
#3908=DIRECTION('',(1.E0,0.E0,0.E0));
#3909=AXIS2_PLACEMENT_3D('',#3906,#3907,#3908);
#3910=PLANE('',#3909);
#3911=ORIENTED_EDGE('',*,*,#3105,.T.);
#3913=ORIENTED_EDGE('',*,*,#3912,.F.);
#3914=ORIENTED_EDGE('',*,*,#3603,.F.);
#3916=ORIENTED_EDGE('',*,*,#3915,.T.);
#3917=EDGE_LOOP('',(#3911,#3913,#3914,#3916));
#3918=FACE_OUTER_BOUND('',#3917,.F.);
#3919=ORIENTED_EDGE('',*,*,#3880,.T.);
#3921=ORIENTED_EDGE('',*,*,#3920,.T.);
#3922=EDGE_LOOP('',(#3919,#3921));
#3923=FACE_BOUND('',#3922,.F.);
#3924=ADVANCED_FACE('',(#3918,#3923),#3910,.F.);
#3925=CARTESIAN_POINT('',(9.89E0,-6.9875E0,0.E0));
#3926=DIRECTION('',(0.E0,1.E0,0.E0));
#3927=DIRECTION('',(1.E0,0.E0,0.E0));
#3928=AXIS2_PLACEMENT_3D('',#3925,#3926,#3927);
#3929=CYLINDRICAL_SURFACE('',#3928,5.7E-1);
#3930=ORIENTED_EDGE('',*,*,#3920,.F.);
#3931=ORIENTED_EDGE('',*,*,#3886,.T.);
#3933=ORIENTED_EDGE('',*,*,#3932,.F.);
#3934=ORIENTED_EDGE('',*,*,#3882,.F.);
#3935=EDGE_LOOP('',(#3930,#3931,#3933,#3934));
#3936=FACE_OUTER_BOUND('',#3935,.F.);
#3937=ADVANCED_FACE('',(#3936),#3929,.T.);
#3938=CARTESIAN_POINT('',(9.89E0,-6.9875E0,0.E0));
#3939=DIRECTION('',(0.E0,1.E0,0.E0));
#3940=DIRECTION('',(1.E0,0.E0,0.E0));
#3941=AXIS2_PLACEMENT_3D('',#3938,#3939,#3940);
#3942=CYLINDRICAL_SURFACE('',#3941,5.7E-1);
#3943=ORIENTED_EDGE('',*,*,#3858,.T.);
#3944=ORIENTED_EDGE('',*,*,#3901,.F.);
#3946=ORIENTED_EDGE('',*,*,#3945,.T.);
#3947=ORIENTED_EDGE('',*,*,#3897,.T.);
#3948=EDGE_LOOP('',(#3943,#3944,#3946,#3947));
#3949=FACE_OUTER_BOUND('',#3948,.F.);
#3950=ADVANCED_FACE('',(#3949),#3942,.T.);
#3951=CARTESIAN_POINT('',(9.89E0,1.257E1,0.E0));
#3952=DIRECTION('',(0.E0,-1.E0,0.E0));
#3953=DIRECTION('',(-1.E0,0.E0,0.E0));
#3954=AXIS2_PLACEMENT_3D('',#3951,#3952,#3953);
#3955=CONICAL_SURFACE('',#3954,4.E-1,2.090798047101E1);
#3957=ORIENTED_EDGE('',*,*,#3956,.F.);
#3958=ORIENTED_EDGE('',*,*,#3932,.T.);
#3960=ORIENTED_EDGE('',*,*,#3959,.T.);
#3962=ORIENTED_EDGE('',*,*,#3961,.F.);
#3963=EDGE_LOOP('',(#3957,#3958,#3960,#3962));
#3964=FACE_OUTER_BOUND('',#3963,.F.);
#3965=ADVANCED_FACE('',(#3964),#3955,.T.);
#3966=CARTESIAN_POINT('',(9.89E0,1.257E1,0.E0));
#3967=DIRECTION('',(0.E0,-1.E0,0.E0));
#3968=DIRECTION('',(-1.E0,0.E0,0.E0));
#3969=AXIS2_PLACEMENT_3D('',#3966,#3967,#3968);
#3970=CONICAL_SURFACE('',#3969,4.E-1,2.090798047101E1);
#3971=ORIENTED_EDGE('',*,*,#3956,.T.);
#3973=ORIENTED_EDGE('',*,*,#3972,.T.);
#3974=ORIENTED_EDGE('',*,*,#3959,.F.);
#3975=ORIENTED_EDGE('',*,*,#3884,.F.);
#3976=EDGE_LOOP('',(#3971,#3973,#3974,#3975));
#3977=FACE_OUTER_BOUND('',#3976,.F.);
#3978=ADVANCED_FACE('',(#3977),#3970,.T.);
#3979=CARTESIAN_POINT('',(9.89E0,1.3015E1,0.E0));
#3980=DIRECTION('',(0.E0,1.E0,0.E0));
#3981=DIRECTION('',(1.E0,0.E0,0.E0));
#3982=AXIS2_PLACEMENT_3D('',#3979,#3980,#3981);
#3983=PLANE('',#3982);
#3984=ORIENTED_EDGE('',*,*,#3961,.T.);
#3985=ORIENTED_EDGE('',*,*,#3972,.F.);
#3986=EDGE_LOOP('',(#3984,#3985));
#3987=FACE_OUTER_BOUND('',#3986,.F.);
#3988=ADVANCED_FACE('',(#3987),#3983,.T.);
#3989=CARTESIAN_POINT('',(9.89E0,-5.59E0,0.E0));
#3990=DIRECTION('',(0.E0,1.E0,0.E0));
#3991=DIRECTION('',(1.E0,0.E0,0.E0));
#3992=AXIS2_PLACEMENT_3D('',#3989,#3990,#3991);
#3993=CONICAL_SURFACE('',#3992,4.E-1,2.090798047101E1);
#3995=ORIENTED_EDGE('',*,*,#3994,.F.);
#3997=ORIENTED_EDGE('',*,*,#3996,.T.);
#3999=ORIENTED_EDGE('',*,*,#3998,.T.);
#4000=ORIENTED_EDGE('',*,*,#3945,.F.);
#4001=EDGE_LOOP('',(#3995,#3997,#3999,#4000));
#4002=FACE_OUTER_BOUND('',#4001,.F.);
#4003=ADVANCED_FACE('',(#4002),#3993,.T.);
#4004=CARTESIAN_POINT('',(9.89E0,-5.59E0,0.E0));
#4005=DIRECTION('',(0.E0,1.E0,0.E0));
#4006=DIRECTION('',(1.E0,0.E0,0.E0));
#4007=AXIS2_PLACEMENT_3D('',#4004,#4005,#4006);
#4008=CONICAL_SURFACE('',#4007,4.E-1,2.090798047101E1);
#4009=ORIENTED_EDGE('',*,*,#3994,.T.);
#4010=ORIENTED_EDGE('',*,*,#3899,.T.);
#4011=ORIENTED_EDGE('',*,*,#3998,.F.);
#4013=ORIENTED_EDGE('',*,*,#4012,.F.);
#4014=EDGE_LOOP('',(#4009,#4010,#4011,#4013));
#4015=FACE_OUTER_BOUND('',#4014,.F.);
#4016=ADVANCED_FACE('',(#4015),#4008,.T.);
#4017=CARTESIAN_POINT('',(9.89E0,-6.035E0,0.E0));
#4018=DIRECTION('',(0.E0,1.E0,0.E0));
#4019=DIRECTION('',(1.E0,0.E0,0.E0));
#4020=AXIS2_PLACEMENT_3D('',#4017,#4018,#4019);
#4021=PLANE('',#4020);
#4022=ORIENTED_EDGE('',*,*,#3996,.F.);
#4023=ORIENTED_EDGE('',*,*,#4012,.T.);
#4024=EDGE_LOOP('',(#4022,#4023));
#4025=FACE_OUTER_BOUND('',#4024,.F.);
#4026=ADVANCED_FACE('',(#4025),#4021,.F.);
#4027=CARTESIAN_POINT('',(1.098E1,1.205E0,3.47E0));
#4028=DIRECTION('',(1.E0,0.E0,0.E0));
#4029=DIRECTION('',(0.E0,1.E0,0.E0));
#4030=AXIS2_PLACEMENT_3D('',#4027,#4028,#4029);
#4031=PLANE('',#4030);
#4032=ORIENTED_EDGE('',*,*,#3103,.T.);
#4033=ORIENTED_EDGE('',*,*,#2829,.T.);
#4034=ORIENTED_EDGE('',*,*,#3605,.T.);
#4035=ORIENTED_EDGE('',*,*,#3912,.T.);
#4036=EDGE_LOOP('',(#4032,#4033,#4034,#4035));
#4037=FACE_OUTER_BOUND('',#4036,.F.);
#4038=ADVANCED_FACE('',(#4037),#4031,.F.);
#4039=CARTESIAN_POINT('',(8.8E0,1.585E0,3.47E0));
#4040=DIRECTION('',(-1.E0,0.E0,0.E0));
#4041=DIRECTION('',(0.E0,-1.E0,0.E0));
#4042=AXIS2_PLACEMENT_3D('',#4039,#4040,#4041);
#4043=PLANE('',#4042);
#4044=ORIENTED_EDGE('',*,*,#3107,.T.);
#4045=ORIENTED_EDGE('',*,*,#3915,.F.);
#4046=ORIENTED_EDGE('',*,*,#3601,.F.);
#4047=ORIENTED_EDGE('',*,*,#2994,.F.);
#4048=EDGE_LOOP('',(#4044,#4045,#4046,#4047));
#4049=FACE_OUTER_BOUND('',#4048,.F.);
#4050=ADVANCED_FACE('',(#4049),#4043,.F.);
#4051=CARTESIAN_POINT('',(7.02E0,-1.585E0,3.47E0));
#4052=DIRECTION('',(1.E0,0.E0,0.E0));
#4053=DIRECTION('',(0.E0,1.E0,0.E0));
#4054=AXIS2_PLACEMENT_3D('',#4051,#4052,#4053);
#4055=PLANE('',#4054);
#4056=ORIENTED_EDGE('',*,*,#2738,.T.);
#4058=ORIENTED_EDGE('',*,*,#4057,.F.);
#4059=ORIENTED_EDGE('',*,*,#3516,.F.);
#4060=ORIENTED_EDGE('',*,*,#3418,.F.);
#4061=EDGE_LOOP('',(#4056,#4058,#4059,#4060));
#4062=FACE_OUTER_BOUND('',#4061,.F.);
#4063=ADVANCED_FACE('',(#4062),#4055,.F.);
#4064=CARTESIAN_POINT('',(7.02E0,-1.205E0,3.47E0));
#4065=DIRECTION('',(0.E0,1.E0,0.E0));
#4066=DIRECTION('',(-1.E0,0.E0,0.E0));
#4067=AXIS2_PLACEMENT_3D('',#4064,#4065,#4066);
#4068=PLANE('',#4067);
#4069=ORIENTED_EDGE('',*,*,#2736,.T.);
#4071=ORIENTED_EDGE('',*,*,#4070,.F.);
#4072=ORIENTED_EDGE('',*,*,#3518,.F.);
#4073=ORIENTED_EDGE('',*,*,#4057,.T.);
#4074=EDGE_LOOP('',(#4069,#4071,#4072,#4073));
#4075=FACE_OUTER_BOUND('',#4074,.F.);
#4077=ORIENTED_EDGE('',*,*,#4076,.F.);
#4079=ORIENTED_EDGE('',*,*,#4078,.F.);
#4080=EDGE_LOOP('',(#4077,#4079));
#4081=FACE_BOUND('',#4080,.F.);
#4082=ADVANCED_FACE('',(#4075,#4081),#4068,.F.);
#4083=CARTESIAN_POINT('',(4.84E0,-1.205E0,3.47E0));
#4084=DIRECTION('',(-1.E0,0.E0,0.E0));
#4085=DIRECTION('',(0.E0,-1.E0,0.E0));
#4086=AXIS2_PLACEMENT_3D('',#4083,#4084,#4085);
#4087=PLANE('',#4086);
#4088=ORIENTED_EDGE('',*,*,#2734,.F.);
#4089=ORIENTED_EDGE('',*,*,#3390,.T.);
#4090=ORIENTED_EDGE('',*,*,#3520,.T.);
#4091=ORIENTED_EDGE('',*,*,#4070,.T.);
#4092=EDGE_LOOP('',(#4088,#4089,#4090,#4091));
#4093=FACE_OUTER_BOUND('',#4092,.F.);
#4094=ADVANCED_FACE('',(#4093),#4087,.F.);
#4095=CARTESIAN_POINT('',(5.93E0,-6.9875E0,0.E0));
#4096=DIRECTION('',(0.E0,1.E0,0.E0));
#4097=DIRECTION('',(1.E0,0.E0,0.E0));
#4098=AXIS2_PLACEMENT_3D('',#4095,#4096,#4097);
#4099=CYLINDRICAL_SURFACE('',#4098,5.7E-1);
#4101=ORIENTED_EDGE('',*,*,#4100,.F.);
#4103=ORIENTED_EDGE('',*,*,#4102,.T.);
#4105=ORIENTED_EDGE('',*,*,#4104,.T.);
#4107=ORIENTED_EDGE('',*,*,#4106,.F.);
#4108=EDGE_LOOP('',(#4101,#4103,#4105,#4107));
#4109=FACE_OUTER_BOUND('',#4108,.F.);
#4110=ADVANCED_FACE('',(#4109),#4099,.T.);
#4111=CARTESIAN_POINT('',(5.93E0,-6.9875E0,0.E0));
#4112=DIRECTION('',(0.E0,1.E0,0.E0));
#4113=DIRECTION('',(1.E0,0.E0,0.E0));
#4114=AXIS2_PLACEMENT_3D('',#4111,#4112,#4113);
#4115=CYLINDRICAL_SURFACE('',#4114,5.7E-1);
#4116=ORIENTED_EDGE('',*,*,#4076,.T.);
#4118=ORIENTED_EDGE('',*,*,#4117,.F.);
#4120=ORIENTED_EDGE('',*,*,#4119,.F.);
#4122=ORIENTED_EDGE('',*,*,#4121,.T.);
#4123=EDGE_LOOP('',(#4116,#4118,#4120,#4122));
#4124=FACE_OUTER_BOUND('',#4123,.F.);
#4125=ADVANCED_FACE('',(#4124),#4115,.T.);
#4126=CARTESIAN_POINT('',(4.84E0,1.205E0,3.47E0));
#4127=DIRECTION('',(0.E0,-1.E0,0.E0));
#4128=DIRECTION('',(1.E0,0.E0,0.E0));
#4129=AXIS2_PLACEMENT_3D('',#4126,#4127,#4128);
#4130=PLANE('',#4129);
#4131=ORIENTED_EDGE('',*,*,#3058,.T.);
#4133=ORIENTED_EDGE('',*,*,#4132,.F.);
#4134=ORIENTED_EDGE('',*,*,#3596,.F.);
#4136=ORIENTED_EDGE('',*,*,#4135,.T.);
#4137=EDGE_LOOP('',(#4131,#4133,#4134,#4136));
#4138=FACE_OUTER_BOUND('',#4137,.F.);
#4139=ORIENTED_EDGE('',*,*,#4100,.T.);
#4141=ORIENTED_EDGE('',*,*,#4140,.T.);
#4142=EDGE_LOOP('',(#4139,#4141));
#4143=FACE_BOUND('',#4142,.F.);
#4144=ADVANCED_FACE('',(#4138,#4143),#4130,.F.);
#4145=CARTESIAN_POINT('',(5.93E0,-6.9875E0,0.E0));
#4146=DIRECTION('',(0.E0,1.E0,0.E0));
#4147=DIRECTION('',(1.E0,0.E0,0.E0));
#4148=AXIS2_PLACEMENT_3D('',#4145,#4146,#4147);
#4149=CYLINDRICAL_SURFACE('',#4148,5.7E-1);
#4150=ORIENTED_EDGE('',*,*,#4140,.F.);
#4151=ORIENTED_EDGE('',*,*,#4106,.T.);
#4153=ORIENTED_EDGE('',*,*,#4152,.F.);
#4154=ORIENTED_EDGE('',*,*,#4102,.F.);
#4155=EDGE_LOOP('',(#4150,#4151,#4153,#4154));
#4156=FACE_OUTER_BOUND('',#4155,.F.);
#4157=ADVANCED_FACE('',(#4156),#4149,.T.);
#4158=CARTESIAN_POINT('',(5.93E0,-6.9875E0,0.E0));
#4159=DIRECTION('',(0.E0,1.E0,0.E0));
#4160=DIRECTION('',(1.E0,0.E0,0.E0));
#4161=AXIS2_PLACEMENT_3D('',#4158,#4159,#4160);
#4162=CYLINDRICAL_SURFACE('',#4161,5.7E-1);
#4163=ORIENTED_EDGE('',*,*,#4078,.T.);
#4164=ORIENTED_EDGE('',*,*,#4121,.F.);
#4166=ORIENTED_EDGE('',*,*,#4165,.T.);
#4167=ORIENTED_EDGE('',*,*,#4117,.T.);
#4168=EDGE_LOOP('',(#4163,#4164,#4166,#4167));
#4169=FACE_OUTER_BOUND('',#4168,.F.);
#4170=ADVANCED_FACE('',(#4169),#4162,.T.);
#4171=CARTESIAN_POINT('',(5.93E0,1.257E1,0.E0));
#4172=DIRECTION('',(0.E0,-1.E0,0.E0));
#4173=DIRECTION('',(-1.E0,0.E0,0.E0));
#4174=AXIS2_PLACEMENT_3D('',#4171,#4172,#4173);
#4175=CONICAL_SURFACE('',#4174,4.E-1,2.090798047101E1);
#4177=ORIENTED_EDGE('',*,*,#4176,.F.);
#4178=ORIENTED_EDGE('',*,*,#4152,.T.);
#4180=ORIENTED_EDGE('',*,*,#4179,.T.);
#4182=ORIENTED_EDGE('',*,*,#4181,.F.);
#4183=EDGE_LOOP('',(#4177,#4178,#4180,#4182));
#4184=FACE_OUTER_BOUND('',#4183,.F.);
#4185=ADVANCED_FACE('',(#4184),#4175,.T.);
#4186=CARTESIAN_POINT('',(5.93E0,1.257E1,0.E0));
#4187=DIRECTION('',(0.E0,-1.E0,0.E0));
#4188=DIRECTION('',(-1.E0,0.E0,0.E0));
#4189=AXIS2_PLACEMENT_3D('',#4186,#4187,#4188);
#4190=CONICAL_SURFACE('',#4189,4.E-1,2.090798047101E1);
#4191=ORIENTED_EDGE('',*,*,#4176,.T.);
#4193=ORIENTED_EDGE('',*,*,#4192,.T.);
#4194=ORIENTED_EDGE('',*,*,#4179,.F.);
#4195=ORIENTED_EDGE('',*,*,#4104,.F.);
#4196=EDGE_LOOP('',(#4191,#4193,#4194,#4195));
#4197=FACE_OUTER_BOUND('',#4196,.F.);
#4198=ADVANCED_FACE('',(#4197),#4190,.T.);
#4199=CARTESIAN_POINT('',(5.93E0,1.3015E1,0.E0));
#4200=DIRECTION('',(0.E0,1.E0,0.E0));
#4201=DIRECTION('',(1.E0,0.E0,0.E0));
#4202=AXIS2_PLACEMENT_3D('',#4199,#4200,#4201);
#4203=PLANE('',#4202);
#4204=ORIENTED_EDGE('',*,*,#4181,.T.);
#4205=ORIENTED_EDGE('',*,*,#4192,.F.);
#4206=EDGE_LOOP('',(#4204,#4205));
#4207=FACE_OUTER_BOUND('',#4206,.F.);
#4208=ADVANCED_FACE('',(#4207),#4203,.T.);
#4209=CARTESIAN_POINT('',(5.93E0,-5.59E0,0.E0));
#4210=DIRECTION('',(0.E0,1.E0,0.E0));
#4211=DIRECTION('',(1.E0,0.E0,0.E0));
#4212=AXIS2_PLACEMENT_3D('',#4209,#4210,#4211);
#4213=CONICAL_SURFACE('',#4212,4.E-1,2.090798047101E1);
#4215=ORIENTED_EDGE('',*,*,#4214,.F.);
#4217=ORIENTED_EDGE('',*,*,#4216,.T.);
#4219=ORIENTED_EDGE('',*,*,#4218,.T.);
#4220=ORIENTED_EDGE('',*,*,#4165,.F.);
#4221=EDGE_LOOP('',(#4215,#4217,#4219,#4220));
#4222=FACE_OUTER_BOUND('',#4221,.F.);
#4223=ADVANCED_FACE('',(#4222),#4213,.T.);
#4224=CARTESIAN_POINT('',(5.93E0,-5.59E0,0.E0));
#4225=DIRECTION('',(0.E0,1.E0,0.E0));
#4226=DIRECTION('',(1.E0,0.E0,0.E0));
#4227=AXIS2_PLACEMENT_3D('',#4224,#4225,#4226);
#4228=CONICAL_SURFACE('',#4227,4.E-1,2.090798047101E1);
#4229=ORIENTED_EDGE('',*,*,#4214,.T.);
#4230=ORIENTED_EDGE('',*,*,#4119,.T.);
#4231=ORIENTED_EDGE('',*,*,#4218,.F.);
#4233=ORIENTED_EDGE('',*,*,#4232,.F.);
#4234=EDGE_LOOP('',(#4229,#4230,#4231,#4233));
#4235=FACE_OUTER_BOUND('',#4234,.F.);
#4236=ADVANCED_FACE('',(#4235),#4228,.T.);
#4237=CARTESIAN_POINT('',(5.93E0,-6.035E0,0.E0));
#4238=DIRECTION('',(0.E0,1.E0,0.E0));
#4239=DIRECTION('',(1.E0,0.E0,0.E0));
#4240=AXIS2_PLACEMENT_3D('',#4237,#4238,#4239);
#4241=PLANE('',#4240);
#4242=ORIENTED_EDGE('',*,*,#4216,.F.);
#4243=ORIENTED_EDGE('',*,*,#4232,.T.);
#4244=EDGE_LOOP('',(#4242,#4243));
#4245=FACE_OUTER_BOUND('',#4244,.F.);
#4246=ADVANCED_FACE('',(#4245),#4241,.F.);
#4247=CARTESIAN_POINT('',(7.02E0,1.205E0,3.47E0));
#4248=DIRECTION('',(1.E0,0.E0,0.E0));
#4249=DIRECTION('',(0.E0,1.E0,0.E0));
#4250=AXIS2_PLACEMENT_3D('',#4247,#4248,#4249);
#4251=PLANE('',#4250);
#4252=ORIENTED_EDGE('',*,*,#3056,.T.);
#4253=ORIENTED_EDGE('',*,*,#2998,.T.);
#4254=ORIENTED_EDGE('',*,*,#3598,.T.);
#4255=ORIENTED_EDGE('',*,*,#4132,.T.);
#4256=EDGE_LOOP('',(#4252,#4253,#4254,#4255));
#4257=FACE_OUTER_BOUND('',#4256,.F.);
#4258=ADVANCED_FACE('',(#4257),#4251,.F.);
#4259=CARTESIAN_POINT('',(4.84E0,1.585E0,3.47E0));
#4260=DIRECTION('',(-1.E0,0.E0,0.E0));
#4261=DIRECTION('',(0.E0,-1.E0,0.E0));
#4262=AXIS2_PLACEMENT_3D('',#4259,#4260,#4261);
#4263=PLANE('',#4262);
#4264=ORIENTED_EDGE('',*,*,#3060,.T.);
#4265=ORIENTED_EDGE('',*,*,#4135,.F.);
#4266=ORIENTED_EDGE('',*,*,#3594,.F.);
#4267=ORIENTED_EDGE('',*,*,#2877,.F.);
#4268=EDGE_LOOP('',(#4264,#4265,#4266,#4267));
#4269=FACE_OUTER_BOUND('',#4268,.F.);
#4270=ADVANCED_FACE('',(#4269),#4263,.F.);
#4271=CARTESIAN_POINT('',(3.06E0,-1.585E0,3.47E0));
#4272=DIRECTION('',(1.E0,0.E0,0.E0));
#4273=DIRECTION('',(0.E0,1.E0,0.E0));
#4274=AXIS2_PLACEMENT_3D('',#4271,#4272,#4273);
#4275=PLANE('',#4274);
#4276=ORIENTED_EDGE('',*,*,#2730,.T.);
#4278=ORIENTED_EDGE('',*,*,#4277,.F.);
#4279=ORIENTED_EDGE('',*,*,#3523,.F.);
#4280=ORIENTED_EDGE('',*,*,#3393,.F.);
#4281=EDGE_LOOP('',(#4276,#4278,#4279,#4280));
#4282=FACE_OUTER_BOUND('',#4281,.F.);
#4283=ADVANCED_FACE('',(#4282),#4275,.F.);
#4284=CARTESIAN_POINT('',(3.06E0,-1.205E0,3.47E0));
#4285=DIRECTION('',(0.E0,1.E0,0.E0));
#4286=DIRECTION('',(-1.E0,0.E0,0.E0));
#4287=AXIS2_PLACEMENT_3D('',#4284,#4285,#4286);
#4288=PLANE('',#4287);
#4289=ORIENTED_EDGE('',*,*,#2728,.T.);
#4291=ORIENTED_EDGE('',*,*,#4290,.F.);
#4292=ORIENTED_EDGE('',*,*,#3525,.F.);
#4293=ORIENTED_EDGE('',*,*,#4277,.T.);
#4294=EDGE_LOOP('',(#4289,#4291,#4292,#4293));
#4295=FACE_OUTER_BOUND('',#4294,.F.);
#4297=ORIENTED_EDGE('',*,*,#4296,.F.);
#4299=ORIENTED_EDGE('',*,*,#4298,.F.);
#4300=EDGE_LOOP('',(#4297,#4299));
#4301=FACE_BOUND('',#4300,.F.);
#4302=ADVANCED_FACE('',(#4295,#4301),#4288,.F.);
#4303=CARTESIAN_POINT('',(8.8E-1,-1.205E0,3.47E0));
#4304=DIRECTION('',(-1.E0,0.E0,0.E0));
#4305=DIRECTION('',(0.E0,-1.E0,0.E0));
#4306=AXIS2_PLACEMENT_3D('',#4303,#4304,#4305);
#4307=PLANE('',#4306);
#4308=ORIENTED_EDGE('',*,*,#2726,.F.);
#4309=ORIENTED_EDGE('',*,*,#3365,.T.);
#4310=ORIENTED_EDGE('',*,*,#3527,.T.);
#4311=ORIENTED_EDGE('',*,*,#4290,.T.);
#4312=EDGE_LOOP('',(#4308,#4309,#4310,#4311));
#4313=FACE_OUTER_BOUND('',#4312,.F.);
#4314=ADVANCED_FACE('',(#4313),#4307,.F.);
#4315=CARTESIAN_POINT('',(1.97E0,-6.9875E0,0.E0));
#4316=DIRECTION('',(0.E0,1.E0,0.E0));
#4317=DIRECTION('',(1.E0,0.E0,0.E0));
#4318=AXIS2_PLACEMENT_3D('',#4315,#4316,#4317);
#4319=CYLINDRICAL_SURFACE('',#4318,5.7E-1);
#4321=ORIENTED_EDGE('',*,*,#4320,.F.);
#4323=ORIENTED_EDGE('',*,*,#4322,.T.);
#4325=ORIENTED_EDGE('',*,*,#4324,.T.);
#4327=ORIENTED_EDGE('',*,*,#4326,.F.);
#4328=EDGE_LOOP('',(#4321,#4323,#4325,#4327));
#4329=FACE_OUTER_BOUND('',#4328,.F.);
#4330=ADVANCED_FACE('',(#4329),#4319,.T.);
#4331=CARTESIAN_POINT('',(1.97E0,-6.9875E0,0.E0));
#4332=DIRECTION('',(0.E0,1.E0,0.E0));
#4333=DIRECTION('',(1.E0,0.E0,0.E0));
#4334=AXIS2_PLACEMENT_3D('',#4331,#4332,#4333);
#4335=CYLINDRICAL_SURFACE('',#4334,5.7E-1);
#4336=ORIENTED_EDGE('',*,*,#4296,.T.);
#4338=ORIENTED_EDGE('',*,*,#4337,.F.);
#4340=ORIENTED_EDGE('',*,*,#4339,.F.);
#4342=ORIENTED_EDGE('',*,*,#4341,.T.);
#4343=EDGE_LOOP('',(#4336,#4338,#4340,#4342));
#4344=FACE_OUTER_BOUND('',#4343,.F.);
#4345=ADVANCED_FACE('',(#4344),#4335,.T.);
#4346=CARTESIAN_POINT('',(8.8E-1,1.205E0,3.47E0));
#4347=DIRECTION('',(0.E0,-1.E0,0.E0));
#4348=DIRECTION('',(1.E0,0.E0,0.E0));
#4349=AXIS2_PLACEMENT_3D('',#4346,#4347,#4348);
#4350=PLANE('',#4349);
#4351=ORIENTED_EDGE('',*,*,#3065,.T.);
#4353=ORIENTED_EDGE('',*,*,#4352,.F.);
#4354=ORIENTED_EDGE('',*,*,#3589,.F.);
#4356=ORIENTED_EDGE('',*,*,#4355,.T.);
#4357=EDGE_LOOP('',(#4351,#4353,#4354,#4356));
#4358=FACE_OUTER_BOUND('',#4357,.F.);
#4359=ORIENTED_EDGE('',*,*,#4320,.T.);
#4361=ORIENTED_EDGE('',*,*,#4360,.T.);
#4362=EDGE_LOOP('',(#4359,#4361));
#4363=FACE_BOUND('',#4362,.F.);
#4364=ADVANCED_FACE('',(#4358,#4363),#4350,.F.);
#4365=CARTESIAN_POINT('',(1.97E0,-6.9875E0,0.E0));
#4366=DIRECTION('',(0.E0,1.E0,0.E0));
#4367=DIRECTION('',(1.E0,0.E0,0.E0));
#4368=AXIS2_PLACEMENT_3D('',#4365,#4366,#4367);
#4369=CYLINDRICAL_SURFACE('',#4368,5.7E-1);
#4370=ORIENTED_EDGE('',*,*,#4360,.F.);
#4371=ORIENTED_EDGE('',*,*,#4326,.T.);
#4373=ORIENTED_EDGE('',*,*,#4372,.F.);
#4374=ORIENTED_EDGE('',*,*,#4322,.F.);
#4375=EDGE_LOOP('',(#4370,#4371,#4373,#4374));
#4376=FACE_OUTER_BOUND('',#4375,.F.);
#4377=ADVANCED_FACE('',(#4376),#4369,.T.);
#4378=CARTESIAN_POINT('',(1.97E0,-6.9875E0,0.E0));
#4379=DIRECTION('',(0.E0,1.E0,0.E0));
#4380=DIRECTION('',(1.E0,0.E0,0.E0));
#4381=AXIS2_PLACEMENT_3D('',#4378,#4379,#4380);
#4382=CYLINDRICAL_SURFACE('',#4381,5.7E-1);
#4383=ORIENTED_EDGE('',*,*,#4298,.T.);
#4384=ORIENTED_EDGE('',*,*,#4341,.F.);
#4386=ORIENTED_EDGE('',*,*,#4385,.T.);
#4387=ORIENTED_EDGE('',*,*,#4337,.T.);
#4388=EDGE_LOOP('',(#4383,#4384,#4386,#4387));
#4389=FACE_OUTER_BOUND('',#4388,.F.);
#4390=ADVANCED_FACE('',(#4389),#4382,.T.);
#4391=CARTESIAN_POINT('',(1.97E0,1.257E1,0.E0));
#4392=DIRECTION('',(0.E0,-1.E0,0.E0));
#4393=DIRECTION('',(-1.E0,0.E0,0.E0));
#4394=AXIS2_PLACEMENT_3D('',#4391,#4392,#4393);
#4395=CONICAL_SURFACE('',#4394,4.E-1,2.090798047101E1);
#4397=ORIENTED_EDGE('',*,*,#4396,.F.);
#4398=ORIENTED_EDGE('',*,*,#4372,.T.);
#4400=ORIENTED_EDGE('',*,*,#4399,.T.);
#4402=ORIENTED_EDGE('',*,*,#4401,.F.);
#4403=EDGE_LOOP('',(#4397,#4398,#4400,#4402));
#4404=FACE_OUTER_BOUND('',#4403,.F.);
#4405=ADVANCED_FACE('',(#4404),#4395,.T.);
#4406=CARTESIAN_POINT('',(1.97E0,1.257E1,0.E0));
#4407=DIRECTION('',(0.E0,-1.E0,0.E0));
#4408=DIRECTION('',(-1.E0,0.E0,0.E0));
#4409=AXIS2_PLACEMENT_3D('',#4406,#4407,#4408);
#4410=CONICAL_SURFACE('',#4409,4.E-1,2.090798047101E1);
#4411=ORIENTED_EDGE('',*,*,#4396,.T.);
#4413=ORIENTED_EDGE('',*,*,#4412,.T.);
#4414=ORIENTED_EDGE('',*,*,#4399,.F.);
#4415=ORIENTED_EDGE('',*,*,#4324,.F.);
#4416=EDGE_LOOP('',(#4411,#4413,#4414,#4415));
#4417=FACE_OUTER_BOUND('',#4416,.F.);
#4418=ADVANCED_FACE('',(#4417),#4410,.T.);
#4419=CARTESIAN_POINT('',(1.97E0,1.3015E1,0.E0));
#4420=DIRECTION('',(0.E0,1.E0,0.E0));
#4421=DIRECTION('',(1.E0,0.E0,0.E0));
#4422=AXIS2_PLACEMENT_3D('',#4419,#4420,#4421);
#4423=PLANE('',#4422);
#4424=ORIENTED_EDGE('',*,*,#4401,.T.);
#4425=ORIENTED_EDGE('',*,*,#4412,.F.);
#4426=EDGE_LOOP('',(#4424,#4425));
#4427=FACE_OUTER_BOUND('',#4426,.F.);
#4428=ADVANCED_FACE('',(#4427),#4423,.T.);
#4429=CARTESIAN_POINT('',(1.97E0,-5.59E0,0.E0));
#4430=DIRECTION('',(0.E0,1.E0,0.E0));
#4431=DIRECTION('',(1.E0,0.E0,0.E0));
#4432=AXIS2_PLACEMENT_3D('',#4429,#4430,#4431);
#4433=CONICAL_SURFACE('',#4432,4.E-1,2.090798047101E1);
#4435=ORIENTED_EDGE('',*,*,#4434,.F.);
#4437=ORIENTED_EDGE('',*,*,#4436,.T.);
#4439=ORIENTED_EDGE('',*,*,#4438,.T.);
#4440=ORIENTED_EDGE('',*,*,#4385,.F.);
#4441=EDGE_LOOP('',(#4435,#4437,#4439,#4440));
#4442=FACE_OUTER_BOUND('',#4441,.F.);
#4443=ADVANCED_FACE('',(#4442),#4433,.T.);
#4444=CARTESIAN_POINT('',(1.97E0,-5.59E0,0.E0));
#4445=DIRECTION('',(0.E0,1.E0,0.E0));
#4446=DIRECTION('',(1.E0,0.E0,0.E0));
#4447=AXIS2_PLACEMENT_3D('',#4444,#4445,#4446);
#4448=CONICAL_SURFACE('',#4447,4.E-1,2.090798047101E1);
#4449=ORIENTED_EDGE('',*,*,#4434,.T.);
#4450=ORIENTED_EDGE('',*,*,#4339,.T.);
#4451=ORIENTED_EDGE('',*,*,#4438,.F.);
#4453=ORIENTED_EDGE('',*,*,#4452,.F.);
#4454=EDGE_LOOP('',(#4449,#4450,#4451,#4453));
#4455=FACE_OUTER_BOUND('',#4454,.F.);
#4456=ADVANCED_FACE('',(#4455),#4448,.T.);
#4457=CARTESIAN_POINT('',(1.97E0,-6.035E0,0.E0));
#4458=DIRECTION('',(0.E0,1.E0,0.E0));
#4459=DIRECTION('',(1.E0,0.E0,0.E0));
#4460=AXIS2_PLACEMENT_3D('',#4457,#4458,#4459);
#4461=PLANE('',#4460);
#4462=ORIENTED_EDGE('',*,*,#4436,.F.);
#4463=ORIENTED_EDGE('',*,*,#4452,.T.);
#4464=EDGE_LOOP('',(#4462,#4463));
#4465=FACE_OUTER_BOUND('',#4464,.F.);
#4466=ADVANCED_FACE('',(#4465),#4461,.F.);
#4467=CARTESIAN_POINT('',(3.06E0,1.205E0,3.47E0));
#4468=DIRECTION('',(1.E0,0.E0,0.E0));
#4469=DIRECTION('',(0.E0,1.E0,0.E0));
#4470=AXIS2_PLACEMENT_3D('',#4467,#4468,#4469);
#4471=PLANE('',#4470);
#4472=ORIENTED_EDGE('',*,*,#3063,.T.);
#4473=ORIENTED_EDGE('',*,*,#2881,.T.);
#4474=ORIENTED_EDGE('',*,*,#3591,.T.);
#4475=ORIENTED_EDGE('',*,*,#4352,.T.);
#4476=EDGE_LOOP('',(#4472,#4473,#4474,#4475));
#4477=FACE_OUTER_BOUND('',#4476,.F.);
#4478=ADVANCED_FACE('',(#4477),#4471,.F.);
#4479=CARTESIAN_POINT('',(8.8E-1,1.585E0,3.47E0));
#4480=DIRECTION('',(-1.E0,0.E0,0.E0));
#4481=DIRECTION('',(0.E0,-1.E0,0.E0));
#4482=AXIS2_PLACEMENT_3D('',#4479,#4480,#4481);
#4483=PLANE('',#4482);
#4484=ORIENTED_EDGE('',*,*,#3067,.T.);
#4485=ORIENTED_EDGE('',*,*,#4355,.F.);
#4486=ORIENTED_EDGE('',*,*,#3587,.F.);
#4487=ORIENTED_EDGE('',*,*,#2903,.F.);
#4488=EDGE_LOOP('',(#4484,#4485,#4486,#4487));
#4489=FACE_OUTER_BOUND('',#4488,.F.);
#4490=ADVANCED_FACE('',(#4489),#4483,.F.);
#4491=CARTESIAN_POINT('',(-9.E-1,-1.585E0,3.47E0));
#4492=DIRECTION('',(1.E0,0.E0,0.E0));
#4493=DIRECTION('',(0.E0,1.E0,0.E0));
#4494=AXIS2_PLACEMENT_3D('',#4491,#4492,#4493);
#4495=PLANE('',#4494);
#4496=ORIENTED_EDGE('',*,*,#2722,.T.);
#4498=ORIENTED_EDGE('',*,*,#4497,.F.);
#4499=ORIENTED_EDGE('',*,*,#3530,.F.);
#4500=ORIENTED_EDGE('',*,*,#3368,.F.);
#4501=EDGE_LOOP('',(#4496,#4498,#4499,#4500));
#4502=FACE_OUTER_BOUND('',#4501,.F.);
#4503=ADVANCED_FACE('',(#4502),#4495,.F.);
#4504=CARTESIAN_POINT('',(-9.E-1,-1.205E0,3.47E0));
#4505=DIRECTION('',(0.E0,1.E0,0.E0));
#4506=DIRECTION('',(-1.E0,0.E0,0.E0));
#4507=AXIS2_PLACEMENT_3D('',#4504,#4505,#4506);
#4508=PLANE('',#4507);
#4509=ORIENTED_EDGE('',*,*,#2720,.T.);
#4511=ORIENTED_EDGE('',*,*,#4510,.F.);
#4512=ORIENTED_EDGE('',*,*,#3532,.F.);
#4513=ORIENTED_EDGE('',*,*,#4497,.T.);
#4514=EDGE_LOOP('',(#4509,#4511,#4512,#4513));
#4515=FACE_OUTER_BOUND('',#4514,.F.);
#4517=ORIENTED_EDGE('',*,*,#4516,.F.);
#4519=ORIENTED_EDGE('',*,*,#4518,.F.);
#4520=EDGE_LOOP('',(#4517,#4519));
#4521=FACE_BOUND('',#4520,.F.);
#4522=ADVANCED_FACE('',(#4515,#4521),#4508,.F.);
#4523=CARTESIAN_POINT('',(-3.08E0,-1.205E0,3.47E0));
#4524=DIRECTION('',(-1.E0,0.E0,0.E0));
#4525=DIRECTION('',(0.E0,-1.E0,0.E0));
#4526=AXIS2_PLACEMENT_3D('',#4523,#4524,#4525);
#4527=PLANE('',#4526);
#4528=ORIENTED_EDGE('',*,*,#2718,.F.);
#4529=ORIENTED_EDGE('',*,*,#3340,.T.);
#4530=ORIENTED_EDGE('',*,*,#3534,.T.);
#4531=ORIENTED_EDGE('',*,*,#4510,.T.);
#4532=EDGE_LOOP('',(#4528,#4529,#4530,#4531));
#4533=FACE_OUTER_BOUND('',#4532,.F.);
#4534=ADVANCED_FACE('',(#4533),#4527,.F.);
#4535=CARTESIAN_POINT('',(-1.99E0,-6.9875E0,0.E0));
#4536=DIRECTION('',(0.E0,1.E0,0.E0));
#4537=DIRECTION('',(1.E0,0.E0,0.E0));
#4538=AXIS2_PLACEMENT_3D('',#4535,#4536,#4537);
#4539=CYLINDRICAL_SURFACE('',#4538,5.7E-1);
#4541=ORIENTED_EDGE('',*,*,#4540,.F.);
#4543=ORIENTED_EDGE('',*,*,#4542,.T.);
#4545=ORIENTED_EDGE('',*,*,#4544,.T.);
#4547=ORIENTED_EDGE('',*,*,#4546,.F.);
#4548=EDGE_LOOP('',(#4541,#4543,#4545,#4547));
#4549=FACE_OUTER_BOUND('',#4548,.F.);
#4550=ADVANCED_FACE('',(#4549),#4539,.T.);
#4551=CARTESIAN_POINT('',(-1.99E0,-6.9875E0,0.E0));
#4552=DIRECTION('',(0.E0,1.E0,0.E0));
#4553=DIRECTION('',(1.E0,0.E0,0.E0));
#4554=AXIS2_PLACEMENT_3D('',#4551,#4552,#4553);
#4555=CYLINDRICAL_SURFACE('',#4554,5.7E-1);
#4556=ORIENTED_EDGE('',*,*,#4516,.T.);
#4558=ORIENTED_EDGE('',*,*,#4557,.F.);
#4560=ORIENTED_EDGE('',*,*,#4559,.F.);
#4562=ORIENTED_EDGE('',*,*,#4561,.T.);
#4563=EDGE_LOOP('',(#4556,#4558,#4560,#4562));
#4564=FACE_OUTER_BOUND('',#4563,.F.);
#4565=ADVANCED_FACE('',(#4564),#4555,.T.);
#4566=CARTESIAN_POINT('',(-3.08E0,1.205E0,3.47E0));
#4567=DIRECTION('',(0.E0,-1.E0,0.E0));
#4568=DIRECTION('',(1.E0,0.E0,0.E0));
#4569=AXIS2_PLACEMENT_3D('',#4566,#4567,#4568);
#4570=PLANE('',#4569);
#4571=ORIENTED_EDGE('',*,*,#3072,.T.);
#4573=ORIENTED_EDGE('',*,*,#4572,.F.);
#4574=ORIENTED_EDGE('',*,*,#3582,.F.);
#4576=ORIENTED_EDGE('',*,*,#4575,.T.);
#4577=EDGE_LOOP('',(#4571,#4573,#4574,#4576));
#4578=FACE_OUTER_BOUND('',#4577,.F.);
#4579=ORIENTED_EDGE('',*,*,#4540,.T.);
#4581=ORIENTED_EDGE('',*,*,#4580,.T.);
#4582=EDGE_LOOP('',(#4579,#4581));
#4583=FACE_BOUND('',#4582,.F.);
#4584=ADVANCED_FACE('',(#4578,#4583),#4570,.F.);
#4585=CARTESIAN_POINT('',(-1.99E0,-6.9875E0,0.E0));
#4586=DIRECTION('',(0.E0,1.E0,0.E0));
#4587=DIRECTION('',(1.E0,0.E0,0.E0));
#4588=AXIS2_PLACEMENT_3D('',#4585,#4586,#4587);
#4589=CYLINDRICAL_SURFACE('',#4588,5.7E-1);
#4590=ORIENTED_EDGE('',*,*,#4580,.F.);
#4591=ORIENTED_EDGE('',*,*,#4546,.T.);
#4593=ORIENTED_EDGE('',*,*,#4592,.F.);
#4594=ORIENTED_EDGE('',*,*,#4542,.F.);
#4595=EDGE_LOOP('',(#4590,#4591,#4593,#4594));
#4596=FACE_OUTER_BOUND('',#4595,.F.);
#4597=ADVANCED_FACE('',(#4596),#4589,.T.);
#4598=CARTESIAN_POINT('',(-1.99E0,-6.9875E0,0.E0));
#4599=DIRECTION('',(0.E0,1.E0,0.E0));
#4600=DIRECTION('',(1.E0,0.E0,0.E0));
#4601=AXIS2_PLACEMENT_3D('',#4598,#4599,#4600);
#4602=CYLINDRICAL_SURFACE('',#4601,5.7E-1);
#4603=ORIENTED_EDGE('',*,*,#4518,.T.);
#4604=ORIENTED_EDGE('',*,*,#4561,.F.);
#4606=ORIENTED_EDGE('',*,*,#4605,.T.);
#4607=ORIENTED_EDGE('',*,*,#4557,.T.);
#4608=EDGE_LOOP('',(#4603,#4604,#4606,#4607));
#4609=FACE_OUTER_BOUND('',#4608,.F.);
#4610=ADVANCED_FACE('',(#4609),#4602,.T.);
#4611=CARTESIAN_POINT('',(-1.99E0,1.257E1,0.E0));
#4612=DIRECTION('',(0.E0,-1.E0,0.E0));
#4613=DIRECTION('',(-1.E0,0.E0,0.E0));
#4614=AXIS2_PLACEMENT_3D('',#4611,#4612,#4613);
#4615=CONICAL_SURFACE('',#4614,4.E-1,2.090798047101E1);
#4617=ORIENTED_EDGE('',*,*,#4616,.F.);
#4618=ORIENTED_EDGE('',*,*,#4592,.T.);
#4620=ORIENTED_EDGE('',*,*,#4619,.T.);
#4622=ORIENTED_EDGE('',*,*,#4621,.F.);
#4623=EDGE_LOOP('',(#4617,#4618,#4620,#4622));
#4624=FACE_OUTER_BOUND('',#4623,.F.);
#4625=ADVANCED_FACE('',(#4624),#4615,.T.);
#4626=CARTESIAN_POINT('',(-1.99E0,1.257E1,0.E0));
#4627=DIRECTION('',(0.E0,-1.E0,0.E0));
#4628=DIRECTION('',(-1.E0,0.E0,0.E0));
#4629=AXIS2_PLACEMENT_3D('',#4626,#4627,#4628);
#4630=CONICAL_SURFACE('',#4629,4.E-1,2.090798047101E1);
#4631=ORIENTED_EDGE('',*,*,#4616,.T.);
#4633=ORIENTED_EDGE('',*,*,#4632,.T.);
#4634=ORIENTED_EDGE('',*,*,#4619,.F.);
#4635=ORIENTED_EDGE('',*,*,#4544,.F.);
#4636=EDGE_LOOP('',(#4631,#4633,#4634,#4635));
#4637=FACE_OUTER_BOUND('',#4636,.F.);
#4638=ADVANCED_FACE('',(#4637),#4630,.T.);
#4639=CARTESIAN_POINT('',(-1.99E0,1.3015E1,0.E0));
#4640=DIRECTION('',(0.E0,1.E0,0.E0));
#4641=DIRECTION('',(1.E0,0.E0,0.E0));
#4642=AXIS2_PLACEMENT_3D('',#4639,#4640,#4641);
#4643=PLANE('',#4642);
#4644=ORIENTED_EDGE('',*,*,#4621,.T.);
#4645=ORIENTED_EDGE('',*,*,#4632,.F.);
#4646=EDGE_LOOP('',(#4644,#4645));
#4647=FACE_OUTER_BOUND('',#4646,.F.);
#4648=ADVANCED_FACE('',(#4647),#4643,.T.);
#4649=CARTESIAN_POINT('',(-1.99E0,-5.59E0,0.E0));
#4650=DIRECTION('',(0.E0,1.E0,0.E0));
#4651=DIRECTION('',(1.E0,0.E0,0.E0));
#4652=AXIS2_PLACEMENT_3D('',#4649,#4650,#4651);
#4653=CONICAL_SURFACE('',#4652,4.E-1,2.090798047101E1);
#4655=ORIENTED_EDGE('',*,*,#4654,.F.);
#4657=ORIENTED_EDGE('',*,*,#4656,.T.);
#4659=ORIENTED_EDGE('',*,*,#4658,.T.);
#4660=ORIENTED_EDGE('',*,*,#4605,.F.);
#4661=EDGE_LOOP('',(#4655,#4657,#4659,#4660));
#4662=FACE_OUTER_BOUND('',#4661,.F.);
#4663=ADVANCED_FACE('',(#4662),#4653,.T.);
#4664=CARTESIAN_POINT('',(-1.99E0,-5.59E0,0.E0));
#4665=DIRECTION('',(0.E0,1.E0,0.E0));
#4666=DIRECTION('',(1.E0,0.E0,0.E0));
#4667=AXIS2_PLACEMENT_3D('',#4664,#4665,#4666);
#4668=CONICAL_SURFACE('',#4667,4.E-1,2.090798047101E1);
#4669=ORIENTED_EDGE('',*,*,#4654,.T.);
#4670=ORIENTED_EDGE('',*,*,#4559,.T.);
#4671=ORIENTED_EDGE('',*,*,#4658,.F.);
#4673=ORIENTED_EDGE('',*,*,#4672,.F.);
#4674=EDGE_LOOP('',(#4669,#4670,#4671,#4673));
#4675=FACE_OUTER_BOUND('',#4674,.F.);
#4676=ADVANCED_FACE('',(#4675),#4668,.T.);
#4677=CARTESIAN_POINT('',(-1.99E0,-6.035E0,0.E0));
#4678=DIRECTION('',(0.E0,1.E0,0.E0));
#4679=DIRECTION('',(1.E0,0.E0,0.E0));
#4680=AXIS2_PLACEMENT_3D('',#4677,#4678,#4679);
#4681=PLANE('',#4680);
#4682=ORIENTED_EDGE('',*,*,#4656,.F.);
#4683=ORIENTED_EDGE('',*,*,#4672,.T.);
#4684=EDGE_LOOP('',(#4682,#4683));
#4685=FACE_OUTER_BOUND('',#4684,.F.);
#4686=ADVANCED_FACE('',(#4685),#4681,.F.);
#4687=CARTESIAN_POINT('',(-9.E-1,1.205E0,3.47E0));
#4688=DIRECTION('',(1.E0,0.E0,0.E0));
#4689=DIRECTION('',(0.E0,1.E0,0.E0));
#4690=AXIS2_PLACEMENT_3D('',#4687,#4688,#4689);
#4691=PLANE('',#4690);
#4692=ORIENTED_EDGE('',*,*,#3070,.T.);
#4693=ORIENTED_EDGE('',*,*,#2907,.T.);
#4694=ORIENTED_EDGE('',*,*,#3584,.T.);
#4695=ORIENTED_EDGE('',*,*,#4572,.T.);
#4696=EDGE_LOOP('',(#4692,#4693,#4694,#4695));
#4697=FACE_OUTER_BOUND('',#4696,.F.);
#4698=ADVANCED_FACE('',(#4697),#4691,.F.);
#4699=CARTESIAN_POINT('',(-3.08E0,1.585E0,3.47E0));
#4700=DIRECTION('',(-1.E0,0.E0,0.E0));
#4701=DIRECTION('',(0.E0,-1.E0,0.E0));
#4702=AXIS2_PLACEMENT_3D('',#4699,#4700,#4701);
#4703=PLANE('',#4702);
#4704=ORIENTED_EDGE('',*,*,#3074,.T.);
#4705=ORIENTED_EDGE('',*,*,#4575,.F.);
#4706=ORIENTED_EDGE('',*,*,#3580,.F.);
#4707=ORIENTED_EDGE('',*,*,#2962,.F.);
#4708=EDGE_LOOP('',(#4704,#4705,#4706,#4707));
#4709=FACE_OUTER_BOUND('',#4708,.F.);
#4710=ADVANCED_FACE('',(#4709),#4703,.F.);
#4711=CARTESIAN_POINT('',(-4.86E0,-1.585E0,3.47E0));
#4712=DIRECTION('',(1.E0,0.E0,0.E0));
#4713=DIRECTION('',(0.E0,1.E0,0.E0));
#4714=AXIS2_PLACEMENT_3D('',#4711,#4712,#4713);
#4715=PLANE('',#4714);
#4716=ORIENTED_EDGE('',*,*,#2714,.T.);
#4718=ORIENTED_EDGE('',*,*,#4717,.F.);
#4719=ORIENTED_EDGE('',*,*,#3537,.F.);
#4720=ORIENTED_EDGE('',*,*,#3343,.F.);
#4721=EDGE_LOOP('',(#4716,#4718,#4719,#4720));
#4722=FACE_OUTER_BOUND('',#4721,.F.);
#4723=ADVANCED_FACE('',(#4722),#4715,.F.);
#4724=CARTESIAN_POINT('',(-4.86E0,-1.205E0,3.47E0));
#4725=DIRECTION('',(0.E0,1.E0,0.E0));
#4726=DIRECTION('',(-1.E0,0.E0,0.E0));
#4727=AXIS2_PLACEMENT_3D('',#4724,#4725,#4726);
#4728=PLANE('',#4727);
#4729=ORIENTED_EDGE('',*,*,#2712,.T.);
#4731=ORIENTED_EDGE('',*,*,#4730,.F.);
#4732=ORIENTED_EDGE('',*,*,#3539,.F.);
#4733=ORIENTED_EDGE('',*,*,#4717,.T.);
#4734=EDGE_LOOP('',(#4729,#4731,#4732,#4733));
#4735=FACE_OUTER_BOUND('',#4734,.F.);
#4737=ORIENTED_EDGE('',*,*,#4736,.F.);
#4739=ORIENTED_EDGE('',*,*,#4738,.F.);
#4740=EDGE_LOOP('',(#4737,#4739));
#4741=FACE_BOUND('',#4740,.F.);
#4742=ADVANCED_FACE('',(#4735,#4741),#4728,.F.);
#4743=CARTESIAN_POINT('',(-7.04E0,-1.205E0,3.47E0));
#4744=DIRECTION('',(-1.E0,0.E0,0.E0));
#4745=DIRECTION('',(0.E0,-1.E0,0.E0));
#4746=AXIS2_PLACEMENT_3D('',#4743,#4744,#4745);
#4747=PLANE('',#4746);
#4748=ORIENTED_EDGE('',*,*,#2710,.F.);
#4749=ORIENTED_EDGE('',*,*,#3315,.T.);
#4750=ORIENTED_EDGE('',*,*,#3541,.T.);
#4751=ORIENTED_EDGE('',*,*,#4730,.T.);
#4752=EDGE_LOOP('',(#4748,#4749,#4750,#4751));
#4753=FACE_OUTER_BOUND('',#4752,.F.);
#4754=ADVANCED_FACE('',(#4753),#4747,.F.);
#4755=CARTESIAN_POINT('',(-5.95E0,-6.9875E0,0.E0));
#4756=DIRECTION('',(0.E0,1.E0,0.E0));
#4757=DIRECTION('',(1.E0,0.E0,0.E0));
#4758=AXIS2_PLACEMENT_3D('',#4755,#4756,#4757);
#4759=CYLINDRICAL_SURFACE('',#4758,5.7E-1);
#4761=ORIENTED_EDGE('',*,*,#4760,.F.);
#4763=ORIENTED_EDGE('',*,*,#4762,.T.);
#4765=ORIENTED_EDGE('',*,*,#4764,.T.);
#4767=ORIENTED_EDGE('',*,*,#4766,.F.);
#4768=EDGE_LOOP('',(#4761,#4763,#4765,#4767));
#4769=FACE_OUTER_BOUND('',#4768,.F.);
#4770=ADVANCED_FACE('',(#4769),#4759,.T.);
#4771=CARTESIAN_POINT('',(-5.95E0,-6.9875E0,0.E0));
#4772=DIRECTION('',(0.E0,1.E0,0.E0));
#4773=DIRECTION('',(1.E0,0.E0,0.E0));
#4774=AXIS2_PLACEMENT_3D('',#4771,#4772,#4773);
#4775=CYLINDRICAL_SURFACE('',#4774,5.7E-1);
#4776=ORIENTED_EDGE('',*,*,#4736,.T.);
#4778=ORIENTED_EDGE('',*,*,#4777,.F.);
#4780=ORIENTED_EDGE('',*,*,#4779,.F.);
#4782=ORIENTED_EDGE('',*,*,#4781,.T.);
#4783=EDGE_LOOP('',(#4776,#4778,#4780,#4782));
#4784=FACE_OUTER_BOUND('',#4783,.F.);
#4785=ADVANCED_FACE('',(#4784),#4775,.T.);
#4786=CARTESIAN_POINT('',(-7.04E0,1.205E0,3.47E0));
#4787=DIRECTION('',(0.E0,-1.E0,0.E0));
#4788=DIRECTION('',(1.E0,0.E0,0.E0));
#4789=AXIS2_PLACEMENT_3D('',#4786,#4787,#4788);
#4790=PLANE('',#4789);
#4791=ORIENTED_EDGE('',*,*,#3023,.T.);
#4793=ORIENTED_EDGE('',*,*,#4792,.F.);
#4794=ORIENTED_EDGE('',*,*,#3575,.F.);
#4796=ORIENTED_EDGE('',*,*,#4795,.T.);
#4797=EDGE_LOOP('',(#4791,#4793,#4794,#4796));
#4798=FACE_OUTER_BOUND('',#4797,.F.);
#4799=ORIENTED_EDGE('',*,*,#4760,.T.);
#4801=ORIENTED_EDGE('',*,*,#4800,.T.);
#4802=EDGE_LOOP('',(#4799,#4801));
#4803=FACE_BOUND('',#4802,.F.);
#4804=ADVANCED_FACE('',(#4798,#4803),#4790,.F.);
#4805=CARTESIAN_POINT('',(-5.95E0,-6.9875E0,0.E0));
#4806=DIRECTION('',(0.E0,1.E0,0.E0));
#4807=DIRECTION('',(1.E0,0.E0,0.E0));
#4808=AXIS2_PLACEMENT_3D('',#4805,#4806,#4807);
#4809=CYLINDRICAL_SURFACE('',#4808,5.7E-1);
#4810=ORIENTED_EDGE('',*,*,#4800,.F.);
#4811=ORIENTED_EDGE('',*,*,#4766,.T.);
#4813=ORIENTED_EDGE('',*,*,#4812,.F.);
#4814=ORIENTED_EDGE('',*,*,#4762,.F.);
#4815=EDGE_LOOP('',(#4810,#4811,#4813,#4814));
#4816=FACE_OUTER_BOUND('',#4815,.F.);
#4817=ADVANCED_FACE('',(#4816),#4809,.T.);
#4818=CARTESIAN_POINT('',(-5.95E0,-6.9875E0,0.E0));
#4819=DIRECTION('',(0.E0,1.E0,0.E0));
#4820=DIRECTION('',(1.E0,0.E0,0.E0));
#4821=AXIS2_PLACEMENT_3D('',#4818,#4819,#4820);
#4822=CYLINDRICAL_SURFACE('',#4821,5.7E-1);
#4823=ORIENTED_EDGE('',*,*,#4738,.T.);
#4824=ORIENTED_EDGE('',*,*,#4781,.F.);
#4826=ORIENTED_EDGE('',*,*,#4825,.T.);
#4827=ORIENTED_EDGE('',*,*,#4777,.T.);
#4828=EDGE_LOOP('',(#4823,#4824,#4826,#4827));
#4829=FACE_OUTER_BOUND('',#4828,.F.);
#4830=ADVANCED_FACE('',(#4829),#4822,.T.);
#4831=CARTESIAN_POINT('',(-5.95E0,1.257E1,0.E0));
#4832=DIRECTION('',(0.E0,-1.E0,0.E0));
#4833=DIRECTION('',(-1.E0,0.E0,0.E0));
#4834=AXIS2_PLACEMENT_3D('',#4831,#4832,#4833);
#4835=CONICAL_SURFACE('',#4834,4.E-1,2.090798047101E1);
#4837=ORIENTED_EDGE('',*,*,#4836,.F.);
#4838=ORIENTED_EDGE('',*,*,#4812,.T.);
#4840=ORIENTED_EDGE('',*,*,#4839,.T.);
#4842=ORIENTED_EDGE('',*,*,#4841,.F.);
#4843=EDGE_LOOP('',(#4837,#4838,#4840,#4842));
#4844=FACE_OUTER_BOUND('',#4843,.F.);
#4845=ADVANCED_FACE('',(#4844),#4835,.T.);
#4846=CARTESIAN_POINT('',(-5.95E0,1.257E1,0.E0));
#4847=DIRECTION('',(0.E0,-1.E0,0.E0));
#4848=DIRECTION('',(-1.E0,0.E0,0.E0));
#4849=AXIS2_PLACEMENT_3D('',#4846,#4847,#4848);
#4850=CONICAL_SURFACE('',#4849,4.E-1,2.090798047101E1);
#4851=ORIENTED_EDGE('',*,*,#4836,.T.);
#4853=ORIENTED_EDGE('',*,*,#4852,.T.);
#4854=ORIENTED_EDGE('',*,*,#4839,.F.);
#4855=ORIENTED_EDGE('',*,*,#4764,.F.);
#4856=EDGE_LOOP('',(#4851,#4853,#4854,#4855));
#4857=FACE_OUTER_BOUND('',#4856,.F.);
#4858=ADVANCED_FACE('',(#4857),#4850,.T.);
#4859=CARTESIAN_POINT('',(-5.95E0,1.3015E1,0.E0));
#4860=DIRECTION('',(0.E0,1.E0,0.E0));
#4861=DIRECTION('',(1.E0,0.E0,0.E0));
#4862=AXIS2_PLACEMENT_3D('',#4859,#4860,#4861);
#4863=PLANE('',#4862);
#4864=ORIENTED_EDGE('',*,*,#4841,.T.);
#4865=ORIENTED_EDGE('',*,*,#4852,.F.);
#4866=EDGE_LOOP('',(#4864,#4865));
#4867=FACE_OUTER_BOUND('',#4866,.F.);
#4868=ADVANCED_FACE('',(#4867),#4863,.T.);
#4869=CARTESIAN_POINT('',(-5.95E0,-5.59E0,0.E0));
#4870=DIRECTION('',(0.E0,1.E0,0.E0));
#4871=DIRECTION('',(1.E0,0.E0,0.E0));
#4872=AXIS2_PLACEMENT_3D('',#4869,#4870,#4871);
#4873=CONICAL_SURFACE('',#4872,4.E-1,2.090798047101E1);
#4875=ORIENTED_EDGE('',*,*,#4874,.F.);
#4877=ORIENTED_EDGE('',*,*,#4876,.T.);
#4879=ORIENTED_EDGE('',*,*,#4878,.T.);
#4880=ORIENTED_EDGE('',*,*,#4825,.F.);
#4881=EDGE_LOOP('',(#4875,#4877,#4879,#4880));
#4882=FACE_OUTER_BOUND('',#4881,.F.);
#4883=ADVANCED_FACE('',(#4882),#4873,.T.);
#4884=CARTESIAN_POINT('',(-5.95E0,-5.59E0,0.E0));
#4885=DIRECTION('',(0.E0,1.E0,0.E0));
#4886=DIRECTION('',(1.E0,0.E0,0.E0));
#4887=AXIS2_PLACEMENT_3D('',#4884,#4885,#4886);
#4888=CONICAL_SURFACE('',#4887,4.E-1,2.090798047101E1);
#4889=ORIENTED_EDGE('',*,*,#4874,.T.);
#4890=ORIENTED_EDGE('',*,*,#4779,.T.);
#4891=ORIENTED_EDGE('',*,*,#4878,.F.);
#4893=ORIENTED_EDGE('',*,*,#4892,.F.);
#4894=EDGE_LOOP('',(#4889,#4890,#4891,#4893));
#4895=FACE_OUTER_BOUND('',#4894,.F.);
#4896=ADVANCED_FACE('',(#4895),#4888,.T.);
#4897=CARTESIAN_POINT('',(-5.95E0,-6.035E0,0.E0));
#4898=DIRECTION('',(0.E0,1.E0,0.E0));
#4899=DIRECTION('',(1.E0,0.E0,0.E0));
#4900=AXIS2_PLACEMENT_3D('',#4897,#4898,#4899);
#4901=PLANE('',#4900);
#4902=ORIENTED_EDGE('',*,*,#4876,.F.);
#4903=ORIENTED_EDGE('',*,*,#4892,.T.);
#4904=EDGE_LOOP('',(#4902,#4903));
#4905=FACE_OUTER_BOUND('',#4904,.F.);
#4906=ADVANCED_FACE('',(#4905),#4901,.F.);
#4907=CARTESIAN_POINT('',(-4.86E0,1.205E0,3.47E0));
#4908=DIRECTION('',(1.E0,0.E0,0.E0));
#4909=DIRECTION('',(0.E0,1.E0,0.E0));
#4910=AXIS2_PLACEMENT_3D('',#4907,#4908,#4909);
#4911=PLANE('',#4910);
#4912=ORIENTED_EDGE('',*,*,#3021,.T.);
#4913=ORIENTED_EDGE('',*,*,#2966,.T.);
#4914=ORIENTED_EDGE('',*,*,#3577,.T.);
#4915=ORIENTED_EDGE('',*,*,#4792,.T.);
#4916=EDGE_LOOP('',(#4912,#4913,#4914,#4915));
#4917=FACE_OUTER_BOUND('',#4916,.F.);
#4918=ADVANCED_FACE('',(#4917),#4911,.F.);
#4919=CARTESIAN_POINT('',(-7.04E0,1.585E0,3.47E0));
#4920=DIRECTION('',(-1.E0,0.E0,0.E0));
#4921=DIRECTION('',(0.E0,-1.E0,0.E0));
#4922=AXIS2_PLACEMENT_3D('',#4919,#4920,#4921);
#4923=PLANE('',#4922);
#4924=ORIENTED_EDGE('',*,*,#3025,.T.);
#4925=ORIENTED_EDGE('',*,*,#4795,.F.);
#4926=ORIENTED_EDGE('',*,*,#3573,.F.);
#4927=ORIENTED_EDGE('',*,*,#2931,.F.);
#4928=EDGE_LOOP('',(#4924,#4925,#4926,#4927));
#4929=FACE_OUTER_BOUND('',#4928,.F.);
#4930=ADVANCED_FACE('',(#4929),#4923,.F.);
#4931=CARTESIAN_POINT('',(-8.82E0,-1.585E0,3.47E0));
#4932=DIRECTION('',(1.E0,0.E0,0.E0));
#4933=DIRECTION('',(0.E0,1.E0,0.E0));
#4934=AXIS2_PLACEMENT_3D('',#4931,#4932,#4933);
#4935=PLANE('',#4934);
#4936=ORIENTED_EDGE('',*,*,#2706,.T.);
#4938=ORIENTED_EDGE('',*,*,#4937,.F.);
#4939=ORIENTED_EDGE('',*,*,#3544,.F.);
#4940=ORIENTED_EDGE('',*,*,#3318,.F.);
#4941=EDGE_LOOP('',(#4936,#4938,#4939,#4940));
#4942=FACE_OUTER_BOUND('',#4941,.F.);
#4943=ADVANCED_FACE('',(#4942),#4935,.F.);
#4944=CARTESIAN_POINT('',(-8.82E0,-1.205E0,3.47E0));
#4945=DIRECTION('',(0.E0,1.E0,0.E0));
#4946=DIRECTION('',(-1.E0,0.E0,0.E0));
#4947=AXIS2_PLACEMENT_3D('',#4944,#4945,#4946);
#4948=PLANE('',#4947);
#4949=ORIENTED_EDGE('',*,*,#2704,.T.);
#4951=ORIENTED_EDGE('',*,*,#4950,.F.);
#4952=ORIENTED_EDGE('',*,*,#3546,.F.);
#4953=ORIENTED_EDGE('',*,*,#4937,.T.);
#4954=EDGE_LOOP('',(#4949,#4951,#4952,#4953));
#4955=FACE_OUTER_BOUND('',#4954,.F.);
#4957=ORIENTED_EDGE('',*,*,#4956,.F.);
#4959=ORIENTED_EDGE('',*,*,#4958,.F.);
#4960=EDGE_LOOP('',(#4957,#4959));
#4961=FACE_BOUND('',#4960,.F.);
#4962=ADVANCED_FACE('',(#4955,#4961),#4948,.F.);
#4963=CARTESIAN_POINT('',(-1.1E1,-1.205E0,3.47E0));
#4964=DIRECTION('',(-1.E0,0.E0,0.E0));
#4965=DIRECTION('',(0.E0,-1.E0,0.E0));
#4966=AXIS2_PLACEMENT_3D('',#4963,#4964,#4965);
#4967=PLANE('',#4966);
#4968=ORIENTED_EDGE('',*,*,#2702,.F.);
#4969=ORIENTED_EDGE('',*,*,#3290,.T.);
#4970=ORIENTED_EDGE('',*,*,#3548,.T.);
#4971=ORIENTED_EDGE('',*,*,#4950,.T.);
#4972=EDGE_LOOP('',(#4968,#4969,#4970,#4971));
#4973=FACE_OUTER_BOUND('',#4972,.F.);
#4974=ADVANCED_FACE('',(#4973),#4967,.F.);
#4975=CARTESIAN_POINT('',(-9.91E0,-6.9875E0,0.E0));
#4976=DIRECTION('',(0.E0,1.E0,0.E0));
#4977=DIRECTION('',(1.E0,0.E0,0.E0));
#4978=AXIS2_PLACEMENT_3D('',#4975,#4976,#4977);
#4979=CYLINDRICAL_SURFACE('',#4978,5.7E-1);
#4981=ORIENTED_EDGE('',*,*,#4980,.F.);
#4983=ORIENTED_EDGE('',*,*,#4982,.T.);
#4985=ORIENTED_EDGE('',*,*,#4984,.T.);
#4987=ORIENTED_EDGE('',*,*,#4986,.F.);
#4988=EDGE_LOOP('',(#4981,#4983,#4985,#4987));
#4989=FACE_OUTER_BOUND('',#4988,.F.);
#4990=ADVANCED_FACE('',(#4989),#4979,.T.);
#4991=CARTESIAN_POINT('',(-9.91E0,-6.9875E0,0.E0));
#4992=DIRECTION('',(0.E0,1.E0,0.E0));
#4993=DIRECTION('',(1.E0,0.E0,0.E0));
#4994=AXIS2_PLACEMENT_3D('',#4991,#4992,#4993);
#4995=CYLINDRICAL_SURFACE('',#4994,5.7E-1);
#4996=ORIENTED_EDGE('',*,*,#4956,.T.);
#4998=ORIENTED_EDGE('',*,*,#4997,.F.);
#5000=ORIENTED_EDGE('',*,*,#4999,.F.);
#5002=ORIENTED_EDGE('',*,*,#5001,.T.);
#5003=EDGE_LOOP('',(#4996,#4998,#5000,#5002));
#5004=FACE_OUTER_BOUND('',#5003,.F.);
#5005=ADVANCED_FACE('',(#5004),#4995,.T.);
#5006=CARTESIAN_POINT('',(-1.1E1,1.205E0,3.47E0));
#5007=DIRECTION('',(0.E0,-1.E0,0.E0));
#5008=DIRECTION('',(1.E0,0.E0,0.E0));
#5009=AXIS2_PLACEMENT_3D('',#5006,#5007,#5008);
#5010=PLANE('',#5009);
#5011=ORIENTED_EDGE('',*,*,#3030,.T.);
#5013=ORIENTED_EDGE('',*,*,#5012,.F.);
#5014=ORIENTED_EDGE('',*,*,#3568,.F.);
#5016=ORIENTED_EDGE('',*,*,#5015,.T.);
#5017=EDGE_LOOP('',(#5011,#5013,#5014,#5016));
#5018=FACE_OUTER_BOUND('',#5017,.F.);
#5019=ORIENTED_EDGE('',*,*,#4980,.T.);
#5021=ORIENTED_EDGE('',*,*,#5020,.T.);
#5022=EDGE_LOOP('',(#5019,#5021));
#5023=FACE_BOUND('',#5022,.F.);
#5024=ADVANCED_FACE('',(#5018,#5023),#5010,.F.);
#5025=CARTESIAN_POINT('',(-9.91E0,-6.9875E0,0.E0));
#5026=DIRECTION('',(0.E0,1.E0,0.E0));
#5027=DIRECTION('',(1.E0,0.E0,0.E0));
#5028=AXIS2_PLACEMENT_3D('',#5025,#5026,#5027);
#5029=CYLINDRICAL_SURFACE('',#5028,5.7E-1);
#5030=ORIENTED_EDGE('',*,*,#5020,.F.);
#5031=ORIENTED_EDGE('',*,*,#4986,.T.);
#5033=ORIENTED_EDGE('',*,*,#5032,.F.);
#5034=ORIENTED_EDGE('',*,*,#4982,.F.);
#5035=EDGE_LOOP('',(#5030,#5031,#5033,#5034));
#5036=FACE_OUTER_BOUND('',#5035,.F.);
#5037=ADVANCED_FACE('',(#5036),#5029,.T.);
#5038=CARTESIAN_POINT('',(-9.91E0,-6.9875E0,0.E0));
#5039=DIRECTION('',(0.E0,1.E0,0.E0));
#5040=DIRECTION('',(1.E0,0.E0,0.E0));
#5041=AXIS2_PLACEMENT_3D('',#5038,#5039,#5040);
#5042=CYLINDRICAL_SURFACE('',#5041,5.7E-1);
#5043=ORIENTED_EDGE('',*,*,#4958,.T.);
#5044=ORIENTED_EDGE('',*,*,#5001,.F.);
#5046=ORIENTED_EDGE('',*,*,#5045,.T.);
#5047=ORIENTED_EDGE('',*,*,#4997,.T.);
#5048=EDGE_LOOP('',(#5043,#5044,#5046,#5047));
#5049=FACE_OUTER_BOUND('',#5048,.F.);
#5050=ADVANCED_FACE('',(#5049),#5042,.T.);
#5051=CARTESIAN_POINT('',(-9.91E0,1.257E1,0.E0));
#5052=DIRECTION('',(0.E0,-1.E0,0.E0));
#5053=DIRECTION('',(-1.E0,0.E0,0.E0));
#5054=AXIS2_PLACEMENT_3D('',#5051,#5052,#5053);
#5055=CONICAL_SURFACE('',#5054,4.E-1,2.090798047101E1);
#5057=ORIENTED_EDGE('',*,*,#5056,.F.);
#5058=ORIENTED_EDGE('',*,*,#5032,.T.);
#5060=ORIENTED_EDGE('',*,*,#5059,.T.);
#5062=ORIENTED_EDGE('',*,*,#5061,.F.);
#5063=EDGE_LOOP('',(#5057,#5058,#5060,#5062));
#5064=FACE_OUTER_BOUND('',#5063,.F.);
#5065=ADVANCED_FACE('',(#5064),#5055,.T.);
#5066=CARTESIAN_POINT('',(-9.91E0,1.257E1,0.E0));
#5067=DIRECTION('',(0.E0,-1.E0,0.E0));
#5068=DIRECTION('',(-1.E0,0.E0,0.E0));
#5069=AXIS2_PLACEMENT_3D('',#5066,#5067,#5068);
#5070=CONICAL_SURFACE('',#5069,4.E-1,2.090798047101E1);
#5071=ORIENTED_EDGE('',*,*,#5056,.T.);
#5073=ORIENTED_EDGE('',*,*,#5072,.T.);
#5074=ORIENTED_EDGE('',*,*,#5059,.F.);
#5075=ORIENTED_EDGE('',*,*,#4984,.F.);
#5076=EDGE_LOOP('',(#5071,#5073,#5074,#5075));
#5077=FACE_OUTER_BOUND('',#5076,.F.);
#5078=ADVANCED_FACE('',(#5077),#5070,.T.);
#5079=CARTESIAN_POINT('',(-9.91E0,1.3015E1,0.E0));
#5080=DIRECTION('',(0.E0,1.E0,0.E0));
#5081=DIRECTION('',(1.E0,0.E0,0.E0));
#5082=AXIS2_PLACEMENT_3D('',#5079,#5080,#5081);
#5083=PLANE('',#5082);
#5084=ORIENTED_EDGE('',*,*,#5061,.T.);
#5085=ORIENTED_EDGE('',*,*,#5072,.F.);
#5086=EDGE_LOOP('',(#5084,#5085));
#5087=FACE_OUTER_BOUND('',#5086,.F.);
#5088=ADVANCED_FACE('',(#5087),#5083,.T.);
#5089=CARTESIAN_POINT('',(-9.91E0,-5.59E0,0.E0));
#5090=DIRECTION('',(0.E0,1.E0,0.E0));
#5091=DIRECTION('',(1.E0,0.E0,0.E0));
#5092=AXIS2_PLACEMENT_3D('',#5089,#5090,#5091);
#5093=CONICAL_SURFACE('',#5092,4.E-1,2.090798047101E1);
#5095=ORIENTED_EDGE('',*,*,#5094,.F.);
#5097=ORIENTED_EDGE('',*,*,#5096,.T.);
#5099=ORIENTED_EDGE('',*,*,#5098,.T.);
#5100=ORIENTED_EDGE('',*,*,#5045,.F.);
#5101=EDGE_LOOP('',(#5095,#5097,#5099,#5100));
#5102=FACE_OUTER_BOUND('',#5101,.F.);
#5103=ADVANCED_FACE('',(#5102),#5093,.T.);
#5104=CARTESIAN_POINT('',(-9.91E0,-5.59E0,0.E0));
#5105=DIRECTION('',(0.E0,1.E0,0.E0));
#5106=DIRECTION('',(1.E0,0.E0,0.E0));
#5107=AXIS2_PLACEMENT_3D('',#5104,#5105,#5106);
#5108=CONICAL_SURFACE('',#5107,4.E-1,2.090798047101E1);
#5109=ORIENTED_EDGE('',*,*,#5094,.T.);
#5110=ORIENTED_EDGE('',*,*,#4999,.T.);
#5111=ORIENTED_EDGE('',*,*,#5098,.F.);
#5113=ORIENTED_EDGE('',*,*,#5112,.F.);
#5114=EDGE_LOOP('',(#5109,#5110,#5111,#5113));
#5115=FACE_OUTER_BOUND('',#5114,.F.);
#5116=ADVANCED_FACE('',(#5115),#5108,.T.);
#5117=CARTESIAN_POINT('',(-9.91E0,-6.035E0,0.E0));
#5118=DIRECTION('',(0.E0,1.E0,0.E0));
#5119=DIRECTION('',(1.E0,0.E0,0.E0));
#5120=AXIS2_PLACEMENT_3D('',#5117,#5118,#5119);
#5121=PLANE('',#5120);
#5122=ORIENTED_EDGE('',*,*,#5096,.F.);
#5123=ORIENTED_EDGE('',*,*,#5112,.T.);
#5124=EDGE_LOOP('',(#5122,#5123));
#5125=FACE_OUTER_BOUND('',#5124,.F.);
#5126=ADVANCED_FACE('',(#5125),#5121,.F.);
#5127=CARTESIAN_POINT('',(-8.82E0,1.205E0,3.47E0));
#5128=DIRECTION('',(1.E0,0.E0,0.E0));
#5129=DIRECTION('',(0.E0,1.E0,0.E0));
#5130=AXIS2_PLACEMENT_3D('',#5127,#5128,#5129);
#5131=PLANE('',#5130);
#5132=ORIENTED_EDGE('',*,*,#3028,.T.);
#5133=ORIENTED_EDGE('',*,*,#2927,.T.);
#5134=ORIENTED_EDGE('',*,*,#3570,.T.);
#5135=ORIENTED_EDGE('',*,*,#5012,.T.);
#5136=EDGE_LOOP('',(#5132,#5133,#5134,#5135));
#5137=FACE_OUTER_BOUND('',#5136,.F.);
#5138=ADVANCED_FACE('',(#5137),#5131,.F.);
#5139=CARTESIAN_POINT('',(-1.1E1,1.585E0,3.47E0));
#5140=DIRECTION('',(-1.E0,0.E0,0.E0));
#5141=DIRECTION('',(0.E0,-1.E0,0.E0));
#5142=AXIS2_PLACEMENT_3D('',#5139,#5140,#5141);
#5143=PLANE('',#5142);
#5144=ORIENTED_EDGE('',*,*,#3032,.T.);
#5145=ORIENTED_EDGE('',*,*,#5015,.F.);
#5146=ORIENTED_EDGE('',*,*,#3566,.F.);
#5147=ORIENTED_EDGE('',*,*,#2853,.F.);
#5148=EDGE_LOOP('',(#5144,#5145,#5146,#5147));
#5149=FACE_OUTER_BOUND('',#5148,.F.);
#5150=ADVANCED_FACE('',(#5149),#5143,.F.);
#5151=CARTESIAN_POINT('',(-1.278E1,-1.585E0,3.47E0));
#5152=DIRECTION('',(1.E0,0.E0,0.E0));
#5153=DIRECTION('',(0.E0,1.E0,0.E0));
#5154=AXIS2_PLACEMENT_3D('',#5151,#5152,#5153);
#5155=PLANE('',#5154);
#5156=ORIENTED_EDGE('',*,*,#2698,.T.);
#5158=ORIENTED_EDGE('',*,*,#5157,.F.);
#5159=ORIENTED_EDGE('',*,*,#3551,.F.);
#5160=ORIENTED_EDGE('',*,*,#3293,.F.);
#5161=EDGE_LOOP('',(#5156,#5158,#5159,#5160));
#5162=FACE_OUTER_BOUND('',#5161,.F.);
#5163=ADVANCED_FACE('',(#5162),#5155,.F.);
#5164=CARTESIAN_POINT('',(-1.278E1,-1.205E0,3.47E0));
#5165=DIRECTION('',(0.E0,1.E0,0.E0));
#5166=DIRECTION('',(-1.E0,0.E0,0.E0));
#5167=AXIS2_PLACEMENT_3D('',#5164,#5165,#5166);
#5168=PLANE('',#5167);
#5169=ORIENTED_EDGE('',*,*,#2696,.T.);
#5170=ORIENTED_EDGE('',*,*,#3483,.F.);
#5171=ORIENTED_EDGE('',*,*,#3553,.F.);
#5172=ORIENTED_EDGE('',*,*,#5157,.T.);
#5173=EDGE_LOOP('',(#5169,#5170,#5171,#5172));
#5174=FACE_OUTER_BOUND('',#5173,.F.);
#5176=ORIENTED_EDGE('',*,*,#5175,.F.);
#5178=ORIENTED_EDGE('',*,*,#5177,.F.);
#5179=EDGE_LOOP('',(#5176,#5178));
#5180=FACE_BOUND('',#5179,.F.);
#5181=ADVANCED_FACE('',(#5174,#5180),#5168,.F.);
#5182=CARTESIAN_POINT('',(-1.387E1,-6.9875E0,0.E0));
#5183=DIRECTION('',(0.E0,1.E0,0.E0));
#5184=DIRECTION('',(1.E0,0.E0,0.E0));
#5185=AXIS2_PLACEMENT_3D('',#5182,#5183,#5184);
#5186=CYLINDRICAL_SURFACE('',#5185,5.7E-1);
#5188=ORIENTED_EDGE('',*,*,#5187,.F.);
#5190=ORIENTED_EDGE('',*,*,#5189,.T.);
#5192=ORIENTED_EDGE('',*,*,#5191,.T.);
#5194=ORIENTED_EDGE('',*,*,#5193,.F.);
#5195=EDGE_LOOP('',(#5188,#5190,#5192,#5194));
#5196=FACE_OUTER_BOUND('',#5195,.F.);
#5197=ADVANCED_FACE('',(#5196),#5186,.T.);
#5198=CARTESIAN_POINT('',(-1.387E1,-6.9875E0,0.E0));
#5199=DIRECTION('',(0.E0,1.E0,0.E0));
#5200=DIRECTION('',(1.E0,0.E0,0.E0));
#5201=AXIS2_PLACEMENT_3D('',#5198,#5199,#5200);
#5202=CYLINDRICAL_SURFACE('',#5201,5.7E-1);
#5203=ORIENTED_EDGE('',*,*,#5175,.T.);
#5205=ORIENTED_EDGE('',*,*,#5204,.F.);
#5207=ORIENTED_EDGE('',*,*,#5206,.F.);
#5209=ORIENTED_EDGE('',*,*,#5208,.T.);
#5210=EDGE_LOOP('',(#5203,#5205,#5207,#5209));
#5211=FACE_OUTER_BOUND('',#5210,.F.);
#5212=ADVANCED_FACE('',(#5211),#5202,.T.);
#5213=CARTESIAN_POINT('',(-1.496E1,1.205E0,3.47E0));
#5214=DIRECTION('',(0.E0,-1.E0,0.E0));
#5215=DIRECTION('',(1.E0,0.E0,0.E0));
#5216=AXIS2_PLACEMENT_3D('',#5213,#5214,#5215);
#5217=PLANE('',#5216);
#5218=ORIENTED_EDGE('',*,*,#3037,.T.);
#5220=ORIENTED_EDGE('',*,*,#5219,.F.);
#5221=ORIENTED_EDGE('',*,*,#3561,.F.);
#5223=ORIENTED_EDGE('',*,*,#5222,.T.);
#5224=EDGE_LOOP('',(#5218,#5220,#5221,#5223));
#5225=FACE_OUTER_BOUND('',#5224,.F.);
#5226=ORIENTED_EDGE('',*,*,#5187,.T.);
#5228=ORIENTED_EDGE('',*,*,#5227,.T.);
#5229=EDGE_LOOP('',(#5226,#5228));
#5230=FACE_BOUND('',#5229,.F.);
#5231=ADVANCED_FACE('',(#5225,#5230),#5217,.F.);
#5232=CARTESIAN_POINT('',(-1.387E1,-6.9875E0,0.E0));
#5233=DIRECTION('',(0.E0,1.E0,0.E0));
#5234=DIRECTION('',(1.E0,0.E0,0.E0));
#5235=AXIS2_PLACEMENT_3D('',#5232,#5233,#5234);
#5236=CYLINDRICAL_SURFACE('',#5235,5.7E-1);
#5237=ORIENTED_EDGE('',*,*,#5227,.F.);
#5238=ORIENTED_EDGE('',*,*,#5193,.T.);
#5240=ORIENTED_EDGE('',*,*,#5239,.F.);
#5241=ORIENTED_EDGE('',*,*,#5189,.F.);
#5242=EDGE_LOOP('',(#5237,#5238,#5240,#5241));
#5243=FACE_OUTER_BOUND('',#5242,.F.);
#5244=ADVANCED_FACE('',(#5243),#5236,.T.);
#5245=CARTESIAN_POINT('',(-1.387E1,-6.9875E0,0.E0));
#5246=DIRECTION('',(0.E0,1.E0,0.E0));
#5247=DIRECTION('',(1.E0,0.E0,0.E0));
#5248=AXIS2_PLACEMENT_3D('',#5245,#5246,#5247);
#5249=CYLINDRICAL_SURFACE('',#5248,5.7E-1);
#5250=ORIENTED_EDGE('',*,*,#5177,.T.);
#5251=ORIENTED_EDGE('',*,*,#5208,.F.);
#5253=ORIENTED_EDGE('',*,*,#5252,.T.);
#5254=ORIENTED_EDGE('',*,*,#5204,.T.);
#5255=EDGE_LOOP('',(#5250,#5251,#5253,#5254));
#5256=FACE_OUTER_BOUND('',#5255,.F.);
#5257=ADVANCED_FACE('',(#5256),#5249,.T.);
#5258=CARTESIAN_POINT('',(-1.387E1,1.257E1,0.E0));
#5259=DIRECTION('',(0.E0,-1.E0,0.E0));
#5260=DIRECTION('',(-1.E0,0.E0,0.E0));
#5261=AXIS2_PLACEMENT_3D('',#5258,#5259,#5260);
#5262=CONICAL_SURFACE('',#5261,4.E-1,2.090798047101E1);
#5264=ORIENTED_EDGE('',*,*,#5263,.F.);
#5265=ORIENTED_EDGE('',*,*,#5239,.T.);
#5267=ORIENTED_EDGE('',*,*,#5266,.T.);
#5269=ORIENTED_EDGE('',*,*,#5268,.F.);
#5270=EDGE_LOOP('',(#5264,#5265,#5267,#5269));
#5271=FACE_OUTER_BOUND('',#5270,.F.);
#5272=ADVANCED_FACE('',(#5271),#5262,.T.);
#5273=CARTESIAN_POINT('',(-1.387E1,1.257E1,0.E0));
#5274=DIRECTION('',(0.E0,-1.E0,0.E0));
#5275=DIRECTION('',(-1.E0,0.E0,0.E0));
#5276=AXIS2_PLACEMENT_3D('',#5273,#5274,#5275);
#5277=CONICAL_SURFACE('',#5276,4.E-1,2.090798047101E1);
#5278=ORIENTED_EDGE('',*,*,#5263,.T.);
#5280=ORIENTED_EDGE('',*,*,#5279,.T.);
#5281=ORIENTED_EDGE('',*,*,#5266,.F.);
#5282=ORIENTED_EDGE('',*,*,#5191,.F.);
#5283=EDGE_LOOP('',(#5278,#5280,#5281,#5282));
#5284=FACE_OUTER_BOUND('',#5283,.F.);
#5285=ADVANCED_FACE('',(#5284),#5277,.T.);
#5286=CARTESIAN_POINT('',(-1.387E1,1.3015E1,0.E0));
#5287=DIRECTION('',(0.E0,1.E0,0.E0));
#5288=DIRECTION('',(1.E0,0.E0,0.E0));
#5289=AXIS2_PLACEMENT_3D('',#5286,#5287,#5288);
#5290=PLANE('',#5289);
#5291=ORIENTED_EDGE('',*,*,#5268,.T.);
#5292=ORIENTED_EDGE('',*,*,#5279,.F.);
#5293=EDGE_LOOP('',(#5291,#5292));
#5294=FACE_OUTER_BOUND('',#5293,.F.);
#5295=ADVANCED_FACE('',(#5294),#5290,.T.);
#5296=CARTESIAN_POINT('',(-1.387E1,-5.59E0,0.E0));
#5297=DIRECTION('',(0.E0,1.E0,0.E0));
#5298=DIRECTION('',(1.E0,0.E0,0.E0));
#5299=AXIS2_PLACEMENT_3D('',#5296,#5297,#5298);
#5300=CONICAL_SURFACE('',#5299,4.E-1,2.090798047101E1);
#5302=ORIENTED_EDGE('',*,*,#5301,.F.);
#5304=ORIENTED_EDGE('',*,*,#5303,.T.);
#5306=ORIENTED_EDGE('',*,*,#5305,.T.);
#5307=ORIENTED_EDGE('',*,*,#5252,.F.);
#5308=EDGE_LOOP('',(#5302,#5304,#5306,#5307));
#5309=FACE_OUTER_BOUND('',#5308,.F.);
#5310=ADVANCED_FACE('',(#5309),#5300,.T.);
#5311=CARTESIAN_POINT('',(-1.387E1,-5.59E0,0.E0));
#5312=DIRECTION('',(0.E0,1.E0,0.E0));
#5313=DIRECTION('',(1.E0,0.E0,0.E0));
#5314=AXIS2_PLACEMENT_3D('',#5311,#5312,#5313);
#5315=CONICAL_SURFACE('',#5314,4.E-1,2.090798047101E1);
#5316=ORIENTED_EDGE('',*,*,#5301,.T.);
#5317=ORIENTED_EDGE('',*,*,#5206,.T.);
#5318=ORIENTED_EDGE('',*,*,#5305,.F.);
#5320=ORIENTED_EDGE('',*,*,#5319,.F.);
#5321=EDGE_LOOP('',(#5316,#5317,#5318,#5320));
#5322=FACE_OUTER_BOUND('',#5321,.F.);
#5323=ADVANCED_FACE('',(#5322),#5315,.T.);
#5324=CARTESIAN_POINT('',(-1.387E1,-6.035E0,0.E0));
#5325=DIRECTION('',(0.E0,1.E0,0.E0));
#5326=DIRECTION('',(1.E0,0.E0,0.E0));
#5327=AXIS2_PLACEMENT_3D('',#5324,#5325,#5326);
#5328=PLANE('',#5327);
#5329=ORIENTED_EDGE('',*,*,#5303,.F.);
#5330=ORIENTED_EDGE('',*,*,#5319,.T.);
#5331=EDGE_LOOP('',(#5329,#5330));
#5332=FACE_OUTER_BOUND('',#5331,.F.);
#5333=ADVANCED_FACE('',(#5332),#5328,.F.);
#5334=CARTESIAN_POINT('',(-1.278E1,1.205E0,3.47E0));
#5335=DIRECTION('',(1.E0,0.E0,0.E0));
#5336=DIRECTION('',(0.E0,1.E0,0.E0));
#5337=AXIS2_PLACEMENT_3D('',#5334,#5335,#5336);
#5338=PLANE('',#5337);
#5339=ORIENTED_EDGE('',*,*,#2849,.T.);
#5340=ORIENTED_EDGE('',*,*,#3563,.T.);
#5341=ORIENTED_EDGE('',*,*,#5219,.T.);
#5342=ORIENTED_EDGE('',*,*,#3035,.T.);
#5343=EDGE_LOOP('',(#5339,#5340,#5341,#5342));
#5344=FACE_OUTER_BOUND('',#5343,.F.);
#5345=ADVANCED_FACE('',(#5344),#5338,.F.);
#5346=CARTESIAN_POINT('',(-1.496E1,1.585E0,3.47E0));
#5347=DIRECTION('',(-1.E0,0.E0,0.E0));
#5348=DIRECTION('',(0.E0,-1.E0,0.E0));
#5349=AXIS2_PLACEMENT_3D('',#5346,#5347,#5348);
#5350=PLANE('',#5349);
#5351=ORIENTED_EDGE('',*,*,#2811,.F.);
#5352=ORIENTED_EDGE('',*,*,#3039,.T.);
#5353=ORIENTED_EDGE('',*,*,#5222,.F.);
#5354=ORIENTED_EDGE('',*,*,#3559,.F.);
#5355=EDGE_LOOP('',(#5351,#5352,#5353,#5354));
#5356=FACE_OUTER_BOUND('',#5355,.F.);
#5357=ADVANCED_FACE('',(#5356),#5350,.F.);
#5358=CARTESIAN_POINT('',(-1.24E1,1.585E0,-1.5E0));
#5359=DIRECTION('',(-1.E0,0.E0,0.E0));
#5360=DIRECTION('',(0.E0,0.E0,1.E0));
#5361=AXIS2_PLACEMENT_3D('',#5358,#5359,#5360);
#5362=PLANE('',#5361);
#5363=ORIENTED_EDGE('',*,*,#3299,.T.);
#5365=ORIENTED_EDGE('',*,*,#5364,.F.);
#5366=ORIENTED_EDGE('',*,*,#2859,.F.);
#5368=ORIENTED_EDGE('',*,*,#5367,.T.);
#5369=EDGE_LOOP('',(#5363,#5365,#5366,#5368));
#5370=FACE_OUTER_BOUND('',#5369,.F.);
#5371=ADVANCED_FACE('',(#5370),#5362,.F.);
#5372=CARTESIAN_POINT('',(-1.24E1,1.585E0,1.5E0));
#5373=DIRECTION('',(0.E0,0.E0,1.E0));
#5374=DIRECTION('',(1.E0,0.E0,0.E0));
#5375=AXIS2_PLACEMENT_3D('',#5372,#5373,#5374);
#5376=PLANE('',#5375);
#5377=ORIENTED_EDGE('',*,*,#3305,.T.);
#5379=ORIENTED_EDGE('',*,*,#5378,.F.);
#5380=ORIENTED_EDGE('',*,*,#2861,.F.);
#5381=ORIENTED_EDGE('',*,*,#5364,.T.);
#5382=EDGE_LOOP('',(#5377,#5379,#5380,#5381));
#5383=FACE_OUTER_BOUND('',#5382,.F.);
#5384=ADVANCED_FACE('',(#5383),#5376,.F.);
#5385=CARTESIAN_POINT('',(-1.138E1,1.585E0,1.5E0));
#5386=DIRECTION('',(1.E0,0.E0,0.E0));
#5387=DIRECTION('',(0.E0,0.E0,-1.E0));
#5388=AXIS2_PLACEMENT_3D('',#5385,#5386,#5387);
#5389=PLANE('',#5388);
#5390=ORIENTED_EDGE('',*,*,#3303,.T.);
#5392=ORIENTED_EDGE('',*,*,#5391,.F.);
#5393=ORIENTED_EDGE('',*,*,#2863,.F.);
#5394=ORIENTED_EDGE('',*,*,#5378,.T.);
#5395=EDGE_LOOP('',(#5390,#5392,#5393,#5394));
#5396=FACE_OUTER_BOUND('',#5395,.F.);
#5397=ADVANCED_FACE('',(#5396),#5389,.F.);
#5398=CARTESIAN_POINT('',(-1.138E1,1.585E0,-1.5E0));
#5399=DIRECTION('',(0.E0,0.E0,-1.E0));
#5400=DIRECTION('',(-1.E0,0.E0,0.E0));
#5401=AXIS2_PLACEMENT_3D('',#5398,#5399,#5400);
#5402=PLANE('',#5401);
#5403=ORIENTED_EDGE('',*,*,#3301,.T.);
#5404=ORIENTED_EDGE('',*,*,#5367,.F.);
#5405=ORIENTED_EDGE('',*,*,#2865,.F.);
#5406=ORIENTED_EDGE('',*,*,#5391,.T.);
#5407=EDGE_LOOP('',(#5403,#5404,#5405,#5406));
#5408=FACE_OUTER_BOUND('',#5407,.F.);
#5409=ADVANCED_FACE('',(#5408),#5402,.F.);
#5410=CARTESIAN_POINT('',(-8.44E0,1.585E0,-1.5E0));
#5411=DIRECTION('',(-1.E0,0.E0,0.E0));
#5412=DIRECTION('',(0.E0,0.E0,1.E0));
#5413=AXIS2_PLACEMENT_3D('',#5410,#5411,#5412);
#5414=PLANE('',#5413);
#5415=ORIENTED_EDGE('',*,*,#3324,.T.);
#5417=ORIENTED_EDGE('',*,*,#5416,.F.);
#5418=ORIENTED_EDGE('',*,*,#2937,.F.);
#5420=ORIENTED_EDGE('',*,*,#5419,.T.);
#5421=EDGE_LOOP('',(#5415,#5417,#5418,#5420));
#5422=FACE_OUTER_BOUND('',#5421,.F.);
#5423=ADVANCED_FACE('',(#5422),#5414,.F.);
#5424=CARTESIAN_POINT('',(-8.44E0,1.585E0,1.5E0));
#5425=DIRECTION('',(0.E0,0.E0,1.E0));
#5426=DIRECTION('',(1.E0,0.E0,0.E0));
#5427=AXIS2_PLACEMENT_3D('',#5424,#5425,#5426);
#5428=PLANE('',#5427);
#5429=ORIENTED_EDGE('',*,*,#3330,.T.);
#5431=ORIENTED_EDGE('',*,*,#5430,.F.);
#5432=ORIENTED_EDGE('',*,*,#2939,.F.);
#5433=ORIENTED_EDGE('',*,*,#5416,.T.);
#5434=EDGE_LOOP('',(#5429,#5431,#5432,#5433));
#5435=FACE_OUTER_BOUND('',#5434,.F.);
#5436=ADVANCED_FACE('',(#5435),#5428,.F.);
#5437=CARTESIAN_POINT('',(-7.42E0,1.585E0,1.5E0));
#5438=DIRECTION('',(1.E0,0.E0,0.E0));
#5439=DIRECTION('',(0.E0,0.E0,-1.E0));
#5440=AXIS2_PLACEMENT_3D('',#5437,#5438,#5439);
#5441=PLANE('',#5440);
#5442=ORIENTED_EDGE('',*,*,#3328,.T.);
#5444=ORIENTED_EDGE('',*,*,#5443,.F.);
#5445=ORIENTED_EDGE('',*,*,#2941,.F.);
#5446=ORIENTED_EDGE('',*,*,#5430,.T.);
#5447=EDGE_LOOP('',(#5442,#5444,#5445,#5446));
#5448=FACE_OUTER_BOUND('',#5447,.F.);
#5449=ADVANCED_FACE('',(#5448),#5441,.F.);
#5450=CARTESIAN_POINT('',(-7.42E0,1.585E0,-1.5E0));
#5451=DIRECTION('',(0.E0,0.E0,-1.E0));
#5452=DIRECTION('',(-1.E0,0.E0,0.E0));
#5453=AXIS2_PLACEMENT_3D('',#5450,#5451,#5452);
#5454=PLANE('',#5453);
#5455=ORIENTED_EDGE('',*,*,#3326,.T.);
#5456=ORIENTED_EDGE('',*,*,#5419,.F.);
#5457=ORIENTED_EDGE('',*,*,#2943,.F.);
#5458=ORIENTED_EDGE('',*,*,#5443,.T.);
#5459=EDGE_LOOP('',(#5455,#5456,#5457,#5458));
#5460=FACE_OUTER_BOUND('',#5459,.F.);
#5461=ADVANCED_FACE('',(#5460),#5454,.F.);
#5462=CARTESIAN_POINT('',(-4.48E0,1.585E0,-1.5E0));
#5463=DIRECTION('',(-1.E0,0.E0,0.E0));
#5464=DIRECTION('',(0.E0,0.E0,1.E0));
#5465=AXIS2_PLACEMENT_3D('',#5462,#5463,#5464);
#5466=PLANE('',#5465);
#5467=ORIENTED_EDGE('',*,*,#3349,.T.);
#5469=ORIENTED_EDGE('',*,*,#5468,.F.);
#5470=ORIENTED_EDGE('',*,*,#2970,.F.);
#5472=ORIENTED_EDGE('',*,*,#5471,.T.);
#5473=EDGE_LOOP('',(#5467,#5469,#5470,#5472));
#5474=FACE_OUTER_BOUND('',#5473,.F.);
#5475=ADVANCED_FACE('',(#5474),#5466,.F.);
#5476=CARTESIAN_POINT('',(-4.48E0,1.585E0,1.5E0));
#5477=DIRECTION('',(0.E0,0.E0,1.E0));
#5478=DIRECTION('',(1.E0,0.E0,0.E0));
#5479=AXIS2_PLACEMENT_3D('',#5476,#5477,#5478);
#5480=PLANE('',#5479);
#5481=ORIENTED_EDGE('',*,*,#3355,.T.);
#5483=ORIENTED_EDGE('',*,*,#5482,.F.);
#5484=ORIENTED_EDGE('',*,*,#2972,.F.);
#5485=ORIENTED_EDGE('',*,*,#5468,.T.);
#5486=EDGE_LOOP('',(#5481,#5483,#5484,#5485));
#5487=FACE_OUTER_BOUND('',#5486,.F.);
#5488=ADVANCED_FACE('',(#5487),#5480,.F.);
#5489=CARTESIAN_POINT('',(-3.46E0,1.585E0,1.5E0));
#5490=DIRECTION('',(1.E0,0.E0,0.E0));
#5491=DIRECTION('',(0.E0,0.E0,-1.E0));
#5492=AXIS2_PLACEMENT_3D('',#5489,#5490,#5491);
#5493=PLANE('',#5492);
#5494=ORIENTED_EDGE('',*,*,#3353,.T.);
#5496=ORIENTED_EDGE('',*,*,#5495,.F.);
#5497=ORIENTED_EDGE('',*,*,#2974,.F.);
#5498=ORIENTED_EDGE('',*,*,#5482,.T.);
#5499=EDGE_LOOP('',(#5494,#5496,#5497,#5498));
#5500=FACE_OUTER_BOUND('',#5499,.F.);
#5501=ADVANCED_FACE('',(#5500),#5493,.F.);
#5502=CARTESIAN_POINT('',(-3.46E0,1.585E0,-1.5E0));
#5503=DIRECTION('',(0.E0,0.E0,-1.E0));
#5504=DIRECTION('',(-1.E0,0.E0,0.E0));
#5505=AXIS2_PLACEMENT_3D('',#5502,#5503,#5504);
#5506=PLANE('',#5505);
#5507=ORIENTED_EDGE('',*,*,#3351,.T.);
#5508=ORIENTED_EDGE('',*,*,#5471,.F.);
#5509=ORIENTED_EDGE('',*,*,#2976,.F.);
#5510=ORIENTED_EDGE('',*,*,#5495,.T.);
#5511=EDGE_LOOP('',(#5507,#5508,#5509,#5510));
#5512=FACE_OUTER_BOUND('',#5511,.F.);
#5513=ADVANCED_FACE('',(#5512),#5506,.F.);
#5514=CARTESIAN_POINT('',(-5.2E-1,1.585E0,-1.5E0));
#5515=DIRECTION('',(-1.E0,0.E0,0.E0));
#5516=DIRECTION('',(0.E0,0.E0,1.E0));
#5517=AXIS2_PLACEMENT_3D('',#5514,#5515,#5516);
#5518=PLANE('',#5517);
#5519=ORIENTED_EDGE('',*,*,#3374,.T.);
#5521=ORIENTED_EDGE('',*,*,#5520,.F.);
#5522=ORIENTED_EDGE('',*,*,#2911,.F.);
#5524=ORIENTED_EDGE('',*,*,#5523,.T.);
#5525=EDGE_LOOP('',(#5519,#5521,#5522,#5524));
#5526=FACE_OUTER_BOUND('',#5525,.F.);
#5527=ADVANCED_FACE('',(#5526),#5518,.F.);
#5528=CARTESIAN_POINT('',(-5.2E-1,1.585E0,1.5E0));
#5529=DIRECTION('',(0.E0,0.E0,1.E0));
#5530=DIRECTION('',(1.E0,0.E0,0.E0));
#5531=AXIS2_PLACEMENT_3D('',#5528,#5529,#5530);
#5532=PLANE('',#5531);
#5533=ORIENTED_EDGE('',*,*,#3380,.T.);
#5535=ORIENTED_EDGE('',*,*,#5534,.F.);
#5536=ORIENTED_EDGE('',*,*,#2913,.F.);
#5537=ORIENTED_EDGE('',*,*,#5520,.T.);
#5538=EDGE_LOOP('',(#5533,#5535,#5536,#5537));
#5539=FACE_OUTER_BOUND('',#5538,.F.);
#5540=ADVANCED_FACE('',(#5539),#5532,.F.);
#5541=CARTESIAN_POINT('',(5.E-1,1.585E0,1.5E0));
#5542=DIRECTION('',(1.E0,0.E0,0.E0));
#5543=DIRECTION('',(0.E0,0.E0,-1.E0));
#5544=AXIS2_PLACEMENT_3D('',#5541,#5542,#5543);
#5545=PLANE('',#5544);
#5546=ORIENTED_EDGE('',*,*,#3378,.T.);
#5548=ORIENTED_EDGE('',*,*,#5547,.F.);
#5549=ORIENTED_EDGE('',*,*,#2915,.F.);
#5550=ORIENTED_EDGE('',*,*,#5534,.T.);
#5551=EDGE_LOOP('',(#5546,#5548,#5549,#5550));
#5552=FACE_OUTER_BOUND('',#5551,.F.);
#5553=ADVANCED_FACE('',(#5552),#5545,.F.);
#5554=CARTESIAN_POINT('',(5.E-1,1.585E0,-1.5E0));
#5555=DIRECTION('',(0.E0,0.E0,-1.E0));
#5556=DIRECTION('',(-1.E0,0.E0,0.E0));
#5557=AXIS2_PLACEMENT_3D('',#5554,#5555,#5556);
#5558=PLANE('',#5557);
#5559=ORIENTED_EDGE('',*,*,#3376,.T.);
#5560=ORIENTED_EDGE('',*,*,#5523,.F.);
#5561=ORIENTED_EDGE('',*,*,#2917,.F.);
#5562=ORIENTED_EDGE('',*,*,#5547,.T.);
#5563=EDGE_LOOP('',(#5559,#5560,#5561,#5562));
#5564=FACE_OUTER_BOUND('',#5563,.F.);
#5565=ADVANCED_FACE('',(#5564),#5558,.F.);
#5566=CARTESIAN_POINT('',(3.44E0,1.585E0,-1.5E0));
#5567=DIRECTION('',(-1.E0,0.E0,0.E0));
#5568=DIRECTION('',(0.E0,0.E0,1.E0));
#5569=AXIS2_PLACEMENT_3D('',#5566,#5567,#5568);
#5570=PLANE('',#5569);
#5571=ORIENTED_EDGE('',*,*,#3399,.T.);
#5573=ORIENTED_EDGE('',*,*,#5572,.F.);
#5574=ORIENTED_EDGE('',*,*,#2885,.F.);
#5576=ORIENTED_EDGE('',*,*,#5575,.T.);
#5577=EDGE_LOOP('',(#5571,#5573,#5574,#5576));
#5578=FACE_OUTER_BOUND('',#5577,.F.);
#5579=ADVANCED_FACE('',(#5578),#5570,.F.);
#5580=CARTESIAN_POINT('',(3.44E0,1.585E0,1.5E0));
#5581=DIRECTION('',(0.E0,0.E0,1.E0));
#5582=DIRECTION('',(1.E0,0.E0,0.E0));
#5583=AXIS2_PLACEMENT_3D('',#5580,#5581,#5582);
#5584=PLANE('',#5583);
#5585=ORIENTED_EDGE('',*,*,#3405,.T.);
#5587=ORIENTED_EDGE('',*,*,#5586,.F.);
#5588=ORIENTED_EDGE('',*,*,#2887,.F.);
#5589=ORIENTED_EDGE('',*,*,#5572,.T.);
#5590=EDGE_LOOP('',(#5585,#5587,#5588,#5589));
#5591=FACE_OUTER_BOUND('',#5590,.F.);
#5592=ADVANCED_FACE('',(#5591),#5584,.F.);
#5593=CARTESIAN_POINT('',(4.46E0,1.585E0,1.5E0));
#5594=DIRECTION('',(1.E0,0.E0,0.E0));
#5595=DIRECTION('',(0.E0,0.E0,-1.E0));
#5596=AXIS2_PLACEMENT_3D('',#5593,#5594,#5595);
#5597=PLANE('',#5596);
#5598=ORIENTED_EDGE('',*,*,#3403,.T.);
#5600=ORIENTED_EDGE('',*,*,#5599,.F.);
#5601=ORIENTED_EDGE('',*,*,#2889,.F.);
#5602=ORIENTED_EDGE('',*,*,#5586,.T.);
#5603=EDGE_LOOP('',(#5598,#5600,#5601,#5602));
#5604=FACE_OUTER_BOUND('',#5603,.F.);
#5605=ADVANCED_FACE('',(#5604),#5597,.F.);
#5606=CARTESIAN_POINT('',(4.46E0,1.585E0,-1.5E0));
#5607=DIRECTION('',(0.E0,0.E0,-1.E0));
#5608=DIRECTION('',(-1.E0,0.E0,0.E0));
#5609=AXIS2_PLACEMENT_3D('',#5606,#5607,#5608);
#5610=PLANE('',#5609);
#5611=ORIENTED_EDGE('',*,*,#3401,.T.);
#5612=ORIENTED_EDGE('',*,*,#5575,.F.);
#5613=ORIENTED_EDGE('',*,*,#2891,.F.);
#5614=ORIENTED_EDGE('',*,*,#5599,.T.);
#5615=EDGE_LOOP('',(#5611,#5612,#5613,#5614));
#5616=FACE_OUTER_BOUND('',#5615,.F.);
#5617=ADVANCED_FACE('',(#5616),#5610,.F.);
#5618=CARTESIAN_POINT('',(7.4E0,1.585E0,-1.5E0));
#5619=DIRECTION('',(-1.E0,0.E0,0.E0));
#5620=DIRECTION('',(0.E0,0.E0,1.E0));
#5621=AXIS2_PLACEMENT_3D('',#5618,#5619,#5620);
#5622=PLANE('',#5621);
#5623=ORIENTED_EDGE('',*,*,#3424,.T.);
#5625=ORIENTED_EDGE('',*,*,#5624,.F.);
#5626=ORIENTED_EDGE('',*,*,#3002,.F.);
#5628=ORIENTED_EDGE('',*,*,#5627,.T.);
#5629=EDGE_LOOP('',(#5623,#5625,#5626,#5628));
#5630=FACE_OUTER_BOUND('',#5629,.F.);
#5631=ADVANCED_FACE('',(#5630),#5622,.F.);
#5632=CARTESIAN_POINT('',(7.4E0,1.585E0,1.5E0));
#5633=DIRECTION('',(0.E0,0.E0,1.E0));
#5634=DIRECTION('',(1.E0,0.E0,0.E0));
#5635=AXIS2_PLACEMENT_3D('',#5632,#5633,#5634);
#5636=PLANE('',#5635);
#5637=ORIENTED_EDGE('',*,*,#3430,.T.);
#5639=ORIENTED_EDGE('',*,*,#5638,.F.);
#5640=ORIENTED_EDGE('',*,*,#3004,.F.);
#5641=ORIENTED_EDGE('',*,*,#5624,.T.);
#5642=EDGE_LOOP('',(#5637,#5639,#5640,#5641));
#5643=FACE_OUTER_BOUND('',#5642,.F.);
#5644=ADVANCED_FACE('',(#5643),#5636,.F.);
#5645=CARTESIAN_POINT('',(8.42E0,1.585E0,1.5E0));
#5646=DIRECTION('',(1.E0,0.E0,0.E0));
#5647=DIRECTION('',(0.E0,0.E0,-1.E0));
#5648=AXIS2_PLACEMENT_3D('',#5645,#5646,#5647);
#5649=PLANE('',#5648);
#5650=ORIENTED_EDGE('',*,*,#3428,.T.);
#5652=ORIENTED_EDGE('',*,*,#5651,.F.);
#5653=ORIENTED_EDGE('',*,*,#3006,.F.);
#5654=ORIENTED_EDGE('',*,*,#5638,.T.);
#5655=EDGE_LOOP('',(#5650,#5652,#5653,#5654));
#5656=FACE_OUTER_BOUND('',#5655,.F.);
#5657=ADVANCED_FACE('',(#5656),#5649,.F.);
#5658=CARTESIAN_POINT('',(8.42E0,1.585E0,-1.5E0));
#5659=DIRECTION('',(0.E0,0.E0,-1.E0));
#5660=DIRECTION('',(-1.E0,0.E0,0.E0));
#5661=AXIS2_PLACEMENT_3D('',#5658,#5659,#5660);
#5662=PLANE('',#5661);
#5663=ORIENTED_EDGE('',*,*,#3426,.T.);
#5664=ORIENTED_EDGE('',*,*,#5627,.F.);
#5665=ORIENTED_EDGE('',*,*,#3008,.F.);
#5666=ORIENTED_EDGE('',*,*,#5651,.T.);
#5667=EDGE_LOOP('',(#5663,#5664,#5665,#5666));
#5668=FACE_OUTER_BOUND('',#5667,.F.);
#5669=ADVANCED_FACE('',(#5668),#5662,.F.);
#5670=CARTESIAN_POINT('',(1.136E1,1.585E0,-1.5E0));
#5671=DIRECTION('',(-1.E0,0.E0,0.E0));
#5672=DIRECTION('',(0.E0,0.E0,1.E0));
#5673=AXIS2_PLACEMENT_3D('',#5670,#5671,#5672);
#5674=PLANE('',#5673);
#5675=ORIENTED_EDGE('',*,*,#3463,.T.);
#5677=ORIENTED_EDGE('',*,*,#5676,.F.);
#5678=ORIENTED_EDGE('',*,*,#2833,.F.);
#5680=ORIENTED_EDGE('',*,*,#5679,.T.);
#5681=EDGE_LOOP('',(#5675,#5677,#5678,#5680));
#5682=FACE_OUTER_BOUND('',#5681,.F.);
#5683=ADVANCED_FACE('',(#5682),#5674,.F.);
#5684=CARTESIAN_POINT('',(1.136E1,1.585E0,1.5E0));
#5685=DIRECTION('',(0.E0,0.E0,1.E0));
#5686=DIRECTION('',(1.E0,0.E0,0.E0));
#5687=AXIS2_PLACEMENT_3D('',#5684,#5685,#5686);
#5688=PLANE('',#5687);
#5689=ORIENTED_EDGE('',*,*,#3469,.T.);
#5691=ORIENTED_EDGE('',*,*,#5690,.F.);
#5692=ORIENTED_EDGE('',*,*,#2835,.F.);
#5693=ORIENTED_EDGE('',*,*,#5676,.T.);
#5694=EDGE_LOOP('',(#5689,#5691,#5692,#5693));
#5695=FACE_OUTER_BOUND('',#5694,.F.);
#5696=ADVANCED_FACE('',(#5695),#5688,.F.);
#5697=CARTESIAN_POINT('',(1.238E1,1.585E0,1.5E0));
#5698=DIRECTION('',(1.E0,0.E0,0.E0));
#5699=DIRECTION('',(0.E0,0.E0,-1.E0));
#5700=AXIS2_PLACEMENT_3D('',#5697,#5698,#5699);
#5701=PLANE('',#5700);
#5702=ORIENTED_EDGE('',*,*,#3467,.T.);
#5704=ORIENTED_EDGE('',*,*,#5703,.F.);
#5705=ORIENTED_EDGE('',*,*,#2837,.F.);
#5706=ORIENTED_EDGE('',*,*,#5690,.T.);
#5707=EDGE_LOOP('',(#5702,#5704,#5705,#5706));
#5708=FACE_OUTER_BOUND('',#5707,.F.);
#5709=ADVANCED_FACE('',(#5708),#5701,.F.);
#5710=CARTESIAN_POINT('',(1.238E1,1.585E0,-1.5E0));
#5711=DIRECTION('',(0.E0,0.E0,-1.E0));
#5712=DIRECTION('',(-1.E0,0.E0,0.E0));
#5713=AXIS2_PLACEMENT_3D('',#5710,#5711,#5712);
#5714=PLANE('',#5713);
#5715=ORIENTED_EDGE('',*,*,#3465,.T.);
#5716=ORIENTED_EDGE('',*,*,#5679,.F.);
#5717=ORIENTED_EDGE('',*,*,#2839,.F.);
#5718=ORIENTED_EDGE('',*,*,#5703,.T.);
#5719=EDGE_LOOP('',(#5715,#5716,#5717,#5718));
#5720=FACE_OUTER_BOUND('',#5719,.F.);
#5721=ADVANCED_FACE('',(#5720),#5714,.F.);
#5722=CLOSED_SHELL('',(#2768,#2785,#2801,#2817,#2843,#2869,#2895,#2921,#2947,
#2980,#3012,#3048,#3083,#3112,#3127,#3141,#3155,#3170,#3188,#3200,#3213,#3227,
#3240,#3253,#3270,#3284,#3309,#3334,#3359,#3384,#3409,#3434,#3448,#3473,#3487,
#3610,#3623,#3642,#3657,#3673,#3686,#3700,#3715,#3728,#3738,#3756,#3768,#3780,
#3795,#3808,#3818,#3830,#3843,#3862,#3874,#3890,#3905,#3924,#3937,#3950,#3965,
#3978,#3988,#4003,#4016,#4026,#4038,#4050,#4063,#4082,#4094,#4110,#4125,#4144,
#4157,#4170,#4185,#4198,#4208,#4223,#4236,#4246,#4258,#4270,#4283,#4302,#4314,
#4330,#4345,#4364,#4377,#4390,#4405,#4418,#4428,#4443,#4456,#4466,#4478,#4490,
#4503,#4522,#4534,#4550,#4565,#4584,#4597,#4610,#4625,#4638,#4648,#4663,#4676,
#4686,#4698,#4710,#4723,#4742,#4754,#4770,#4785,#4804,#4817,#4830,#4845,#4858,
#4868,#4883,#4896,#4906,#4918,#4930,#4943,#4962,#4974,#4990,#5005,#5024,#5037,
#5050,#5065,#5078,#5088,#5103,#5116,#5126,#5138,#5150,#5163,#5181,#5197,#5212,
#5231,#5244,#5257,#5272,#5285,#5295,#5310,#5323,#5333,#5345,#5357,#5371,#5384,
#5397,#5409,#5423,#5436,#5449,#5461,#5475,#5488,#5501,#5513,#5527,#5540,#5553,
#5565,#5579,#5592,#5605,#5617,#5631,#5644,#5657,#5669,#5683,#5696,#5709,#5721));
#5723=MANIFOLD_SOLID_BREP('',#5722);
#5724=CARTESIAN_POINT('',(0.E0,0.E0,0.E0));
#5725=DIRECTION('',(0.E0,0.E0,1.E0));
#5726=DIRECTION('',(1.E0,0.E0,0.E0));
#5727=AXIS2_PLACEMENT_3D('CSYS',#5724,#5725,#5726);
#5728=DIRECTION('',(0.E0,1.E0,0.E0));
#5729=VECTOR('',#5728,1.905E1);
#5730=CARTESIAN_POINT('',(-1.387E1,-6.035E0,0.E0));
#5731=LINE('',#5730,#5729);
#5734=DIRECTION('',(0.E0,1.E0,0.E0));
#5735=VECTOR('',#5734,1.905E1);
#5736=CARTESIAN_POINT('',(-9.91E0,-6.035E0,0.E0));
#5737=LINE('',#5736,#5735);
#5739=DIRECTION('',(0.E0,1.E0,0.E0));
#5740=VECTOR('',#5739,1.905E1);
#5741=CARTESIAN_POINT('',(-5.95E0,-6.035E0,0.E0));
#5742=LINE('',#5741,#5740);
#5744=DIRECTION('',(0.E0,1.E0,0.E0));
#5745=VECTOR('',#5744,1.905E1);
#5746=CARTESIAN_POINT('',(-1.99E0,-6.035E0,0.E0));
#5747=LINE('',#5746,#5745);
#5749=DIRECTION('',(0.E0,1.E0,0.E0));
#5750=VECTOR('',#5749,1.905E1);
#5751=CARTESIAN_POINT('',(1.97E0,-6.035E0,0.E0));
#5752=LINE('',#5751,#5750);
#5754=DIRECTION('',(0.E0,1.E0,0.E0));
#5755=VECTOR('',#5754,1.905E1);
#5756=CARTESIAN_POINT('',(5.93E0,-6.035E0,0.E0));
#5757=LINE('',#5756,#5755);
#5759=DIRECTION('',(0.E0,1.E0,0.E0));
#5760=VECTOR('',#5759,1.905E1);
#5761=CARTESIAN_POINT('',(9.89E0,-6.035E0,0.E0));
#5762=LINE('',#5761,#5760);
#5764=DIRECTION('',(0.E0,1.E0,0.E0));
#5765=VECTOR('',#5764,1.905E1);
#5766=CARTESIAN_POINT('',(1.385E1,-6.035E0,0.E0));
#5767=LINE('',#5766,#5765);
#5769=CARTESIAN_POINT('',(-1.387E1,-1.585E0,0.E0));
#5770=DIRECTION('',(0.E0,-1.E0,0.E0));
#5771=DIRECTION('',(1.E0,0.E0,0.E0));
#5772=AXIS2_PLACEMENT_3D('',#5769,#5770,#5771);
#5776=CARTESIAN_POINT('',(-1.387E1,-1.585E0,0.E0));
#5777=DIRECTION('',(0.E0,-1.E0,0.E0));
#5778=DIRECTION('',(-1.E0,0.E0,0.E0));
#5779=AXIS2_PLACEMENT_3D('',#5776,#5777,#5778);
#5784=CARTESIAN_POINT('',(-9.91E0,-1.585E0,0.E0));
#5785=DIRECTION('',(0.E0,-1.E0,0.E0));
#5786=DIRECTION('',(1.E0,0.E0,0.E0));
#5787=AXIS2_PLACEMENT_3D('',#5784,#5785,#5786);
#5791=CARTESIAN_POINT('',(-9.91E0,-1.585E0,0.E0));
#5792=DIRECTION('',(0.E0,-1.E0,0.E0));
#5793=DIRECTION('',(-1.E0,0.E0,0.E0));
#5794=AXIS2_PLACEMENT_3D('',#5791,#5792,#5793);
#5799=CARTESIAN_POINT('',(-5.95E0,-1.585E0,0.E0));
#5800=DIRECTION('',(0.E0,-1.E0,0.E0));
#5801=DIRECTION('',(1.E0,0.E0,0.E0));
#5802=AXIS2_PLACEMENT_3D('',#5799,#5800,#5801);
#5806=CARTESIAN_POINT('',(-5.95E0,-1.585E0,0.E0));
#5807=DIRECTION('',(0.E0,-1.E0,0.E0));
#5808=DIRECTION('',(-1.E0,0.E0,0.E0));
#5809=AXIS2_PLACEMENT_3D('',#5806,#5807,#5808);
#5814=CARTESIAN_POINT('',(-1.99E0,-1.585E0,0.E0));
#5815=DIRECTION('',(0.E0,-1.E0,0.E0));
#5816=DIRECTION('',(1.E0,0.E0,0.E0));
#5817=AXIS2_PLACEMENT_3D('',#5814,#5815,#5816);
#5821=CARTESIAN_POINT('',(-1.99E0,-1.585E0,0.E0));
#5822=DIRECTION('',(0.E0,-1.E0,0.E0));
#5823=DIRECTION('',(-1.E0,0.E0,0.E0));
#5824=AXIS2_PLACEMENT_3D('',#5821,#5822,#5823);
#5829=CARTESIAN_POINT('',(1.97E0,-1.585E0,0.E0));
#5830=DIRECTION('',(0.E0,-1.E0,0.E0));
#5831=DIRECTION('',(1.E0,0.E0,0.E0));
#5832=AXIS2_PLACEMENT_3D('',#5829,#5830,#5831);
#5836=CARTESIAN_POINT('',(1.97E0,-1.585E0,0.E0));
#5837=DIRECTION('',(0.E0,-1.E0,0.E0));
#5838=DIRECTION('',(-1.E0,0.E0,0.E0));
#5839=AXIS2_PLACEMENT_3D('',#5836,#5837,#5838);
#5844=CARTESIAN_POINT('',(5.93E0,-1.585E0,0.E0));
#5845=DIRECTION('',(0.E0,-1.E0,0.E0));
#5846=DIRECTION('',(1.E0,0.E0,0.E0));
#5847=AXIS2_PLACEMENT_3D('',#5844,#5845,#5846);
#5851=CARTESIAN_POINT('',(5.93E0,-1.585E0,0.E0));
#5852=DIRECTION('',(0.E0,-1.E0,0.E0));
#5853=DIRECTION('',(-1.E0,0.E0,0.E0));
#5854=AXIS2_PLACEMENT_3D('',#5851,#5852,#5853);
#5859=CARTESIAN_POINT('',(9.89E0,-1.585E0,0.E0));
#5860=DIRECTION('',(0.E0,-1.E0,0.E0));
#5861=DIRECTION('',(1.E0,0.E0,0.E0));
#5862=AXIS2_PLACEMENT_3D('',#5859,#5860,#5861);
#5866=CARTESIAN_POINT('',(9.89E0,-1.585E0,0.E0));
#5867=DIRECTION('',(0.E0,-1.E0,0.E0));
#5868=DIRECTION('',(-1.E0,0.E0,0.E0));
#5869=AXIS2_PLACEMENT_3D('',#5866,#5867,#5868);
#5874=CARTESIAN_POINT('',(1.385E1,-1.585E0,0.E0));
#5875=DIRECTION('',(0.E0,-1.E0,0.E0));
#5876=DIRECTION('',(1.E0,0.E0,0.E0));
#5877=AXIS2_PLACEMENT_3D('',#5874,#5875,#5876);
#5881=CARTESIAN_POINT('',(1.385E1,-1.585E0,0.E0));
#5882=DIRECTION('',(0.E0,-1.E0,0.E0));
#5883=DIRECTION('',(-1.E0,0.E0,0.E0));
#5884=AXIS2_PLACEMENT_3D('',#5881,#5882,#5883);
#5890=DIMENSIONAL_EXPONENTS(0.E0,0.E0,0.E0,0.E0,0.E0,0.E0,0.E0);
#5892=PLANE_ANGLE_MEASURE_WITH_UNIT(PLANE_ANGLE_MEASURE(1.745329251994E-2),
#5891);
#5893=(CONVERSION_BASED_UNIT('DEGREE',#5892)NAMED_UNIT(*)PLANE_ANGLE_UNIT());
#5895=UNCERTAINTY_MEASURE_WITH_UNIT(LENGTH_MEASURE(3.762033054167E-3),#5889,
'closure',
'Maximum model space distance between geometric entities at asserted connectivities');
#5896=(GEOMETRIC_REPRESENTATION_CONTEXT(3)GLOBAL_UNCERTAINTY_ASSIGNED_CONTEXT((
#5895))GLOBAL_UNIT_ASSIGNED_CONTEXT((#5889,#5893,#5894))REPRESENTATION_CONTEXT(
'ID1','3'));
#5733=GEOMETRIC_SET('',(#5732,#5738,#5743,#5748,#5753,#5758,#5763,#5768,#5783,
#5798,#5813,#5828,#5843,#5858,#5873,#5888));
#5900=SHAPE_REPRESENTATION_RELATIONSHIP('','',#5899,#5897);
#5901=SHAPE_REPRESENTATION_RELATIONSHIP('','',#5899,#5898);
#5902=APPLICATION_CONTEXT(
'CONFIGURATION CONTROLLED 3D DESIGNS OF MECHANICAL PARTS AND ASSEMBLIES');
#5903=APPLICATION_PROTOCOL_DEFINITION('international standard',
'config_control_design',1994,#5902);
#5904=DESIGN_CONTEXT('',#5902,'design');
#5905=MECHANICAL_CONTEXT('',#5902,'mechanical');
#5906=PRODUCT('026192081','026192081','NOT SPECIFIED',(#5905));
#5907=PRODUCT_DEFINITION_FORMATION_WITH_SPECIFIED_SOURCE('1','LAST_VERSION',
#5906,.MADE.);
#5911=PRODUCT_CATEGORY('part','');
#5912=PRODUCT_RELATED_PRODUCT_CATEGORY('detail','',(#5906));
#5913=PRODUCT_CATEGORY_RELATIONSHIP('','',#5911,#5912);
#5914=SECURITY_CLASSIFICATION_LEVEL('unclassified');
#5915=SECURITY_CLASSIFICATION('','',#5914);
#5916=CC_DESIGN_SECURITY_CLASSIFICATION(#5915,(#5907));
#5917=APPROVAL_STATUS('approved');
#5918=APPROVAL(#5917,'');
#5919=CC_DESIGN_APPROVAL(#5918,(#5915,#5907,#5908));
#5920=CALENDAR_DATE(114,8,9);
#5921=COORDINATED_UNIVERSAL_TIME_OFFSET(5,30,.AHEAD.);
#5922=LOCAL_TIME(15,55,1.1E1,#5921);
#5923=DATE_AND_TIME(#5920,#5922);
#5924=APPROVAL_DATE_TIME(#5923,#5918);
#5925=DATE_TIME_ROLE('creation_date');
#5926=CC_DESIGN_DATE_AND_TIME_ASSIGNMENT(#5923,#5925,(#5908));
#5927=DATE_TIME_ROLE('classification_date');
#5928=CC_DESIGN_DATE_AND_TIME_ASSIGNMENT(#5923,#5927,(#5915));
#5929=PERSON('UNSPECIFIED','UNSPECIFIED',$,$,$,$);
#5930=ORGANIZATION('UNSPECIFIED','UNSPECIFIED','UNSPECIFIED');
#5931=PERSON_AND_ORGANIZATION(#5929,#5930);
#5932=APPROVAL_ROLE('approver');
#5933=APPROVAL_PERSON_ORGANIZATION(#5931,#5918,#5932);
#5934=PERSON_AND_ORGANIZATION_ROLE('creator');
#5935=CC_DESIGN_PERSON_AND_ORGANIZATION_ASSIGNMENT(#5931,#5934,(#5907,#5908));
#5936=PERSON_AND_ORGANIZATION_ROLE('design_supplier');
#5937=CC_DESIGN_PERSON_AND_ORGANIZATION_ASSIGNMENT(#5931,#5936,(#5907));
#5938=PERSON_AND_ORGANIZATION_ROLE('classification_officer');
#5939=CC_DESIGN_PERSON_AND_ORGANIZATION_ASSIGNMENT(#5931,#5938,(#5915));
#5940=PERSON_AND_ORGANIZATION_ROLE('design_owner');
#5941=CC_DESIGN_PERSON_AND_ORGANIZATION_ASSIGNMENT(#5931,#5940,(#5906));
#985=CIRCLE('',#984,5.7E-1);
#990=CIRCLE('',#989,5.7E-1);
#1003=CIRCLE('',#1002,5.7E-1);
#1020=CIRCLE('',#1019,5.7E-1);
#1033=CIRCLE('',#1032,5.7E-1);
#1042=CIRCLE('',#1041,5.7E-1);
#1047=CIRCLE('',#1046,2.3E-1);
#1052=CIRCLE('',#1051,2.3E-1);
#1061=CIRCLE('',#1060,5.7E-1);
#1066=CIRCLE('',#1065,5.7E-1);
#1079=CIRCLE('',#1078,2.3E-1);
#1088=CIRCLE('',#1087,2.3E-1);
#1105=CIRCLE('',#1104,5.7E-1);
#1110=CIRCLE('',#1109,5.7E-1);
#1119=CIRCLE('',#1118,5.7E-1);
#1124=CIRCLE('',#1123,5.7E-1);
#1129=CIRCLE('',#1128,5.7E-1);
#1154=CIRCLE('',#1153,5.7E-1);
#1167=CIRCLE('',#1166,5.7E-1);
#1176=CIRCLE('',#1175,5.7E-1);
#1181=CIRCLE('',#1180,2.3E-1);
#1186=CIRCLE('',#1185,2.3E-1);
#1195=CIRCLE('',#1194,2.3E-1);
#1204=CIRCLE('',#1203,2.3E-1);
#1225=CIRCLE('',#1224,5.7E-1);
#1230=CIRCLE('',#1229,5.7E-1);
#1239=CIRCLE('',#1238,5.7E-1);
#1244=CIRCLE('',#1243,5.7E-1);
#1249=CIRCLE('',#1248,5.7E-1);
#1274=CIRCLE('',#1273,5.7E-1);
#1287=CIRCLE('',#1286,5.7E-1);
#1296=CIRCLE('',#1295,5.7E-1);
#1301=CIRCLE('',#1300,2.3E-1);
#1306=CIRCLE('',#1305,2.3E-1);
#1315=CIRCLE('',#1314,2.3E-1);
#1324=CIRCLE('',#1323,2.3E-1);
#1345=CIRCLE('',#1344,5.7E-1);
#1350=CIRCLE('',#1349,5.7E-1);
#1359=CIRCLE('',#1358,5.7E-1);
#1364=CIRCLE('',#1363,5.7E-1);
#1369=CIRCLE('',#1368,5.7E-1);
#1394=CIRCLE('',#1393,5.7E-1);
#1407=CIRCLE('',#1406,5.7E-1);
#1416=CIRCLE('',#1415,5.7E-1);
#1421=CIRCLE('',#1420,2.3E-1);
#1426=CIRCLE('',#1425,2.3E-1);
#1435=CIRCLE('',#1434,2.3E-1);
#1444=CIRCLE('',#1443,2.3E-1);
#1465=CIRCLE('',#1464,5.7E-1);
#1470=CIRCLE('',#1469,5.7E-1);
#1479=CIRCLE('',#1478,5.7E-1);
#1484=CIRCLE('',#1483,5.7E-1);
#1489=CIRCLE('',#1488,5.7E-1);
#1514=CIRCLE('',#1513,5.7E-1);
#1527=CIRCLE('',#1526,5.7E-1);
#1536=CIRCLE('',#1535,5.7E-1);
#1541=CIRCLE('',#1540,2.3E-1);
#1546=CIRCLE('',#1545,2.3E-1);
#1555=CIRCLE('',#1554,2.3E-1);
#1564=CIRCLE('',#1563,2.3E-1);
#1585=CIRCLE('',#1584,5.7E-1);
#1590=CIRCLE('',#1589,5.7E-1);
#1599=CIRCLE('',#1598,5.7E-1);
#1604=CIRCLE('',#1603,5.7E-1);
#1609=CIRCLE('',#1608,5.7E-1);
#1634=CIRCLE('',#1633,5.7E-1);
#1647=CIRCLE('',#1646,5.7E-1);
#1656=CIRCLE('',#1655,5.7E-1);
#1661=CIRCLE('',#1660,2.3E-1);
#1666=CIRCLE('',#1665,2.3E-1);
#1675=CIRCLE('',#1674,2.3E-1);
#1684=CIRCLE('',#1683,2.3E-1);
#1705=CIRCLE('',#1704,5.7E-1);
#1710=CIRCLE('',#1709,5.7E-1);
#1719=CIRCLE('',#1718,5.7E-1);
#1724=CIRCLE('',#1723,5.7E-1);
#1729=CIRCLE('',#1728,5.7E-1);
#1754=CIRCLE('',#1753,5.7E-1);
#1767=CIRCLE('',#1766,5.7E-1);
#1776=CIRCLE('',#1775,5.7E-1);
#1781=CIRCLE('',#1780,2.3E-1);
#1786=CIRCLE('',#1785,2.3E-1);
#1795=CIRCLE('',#1794,2.3E-1);
#1804=CIRCLE('',#1803,2.3E-1);
#1825=CIRCLE('',#1824,5.7E-1);
#1830=CIRCLE('',#1829,5.7E-1);
#1835=CIRCLE('',#1834,5.7E-1);
#1840=CIRCLE('',#1839,5.7E-1);
#1845=CIRCLE('',#1844,5.7E-1);
#1870=CIRCLE('',#1869,5.7E-1);
#1883=CIRCLE('',#1882,5.7E-1);
#1892=CIRCLE('',#1891,5.7E-1);
#1897=CIRCLE('',#1896,2.3E-1);
#1902=CIRCLE('',#1901,2.3E-1);
#1911=CIRCLE('',#1910,2.3E-1);
#1920=CIRCLE('',#1919,2.3E-1);
#2678=EDGE_CURVE('',#2655,#2656,#4,.T.);
#2680=EDGE_CURVE('',#2088,#2655,#488,.T.);
#2682=EDGE_CURVE('',#2088,#2086,#8,.T.);
#2684=EDGE_CURVE('',#2084,#2086,#12,.T.);
#2686=EDGE_CURVE('',#2083,#2084,#16,.T.);
#2688=EDGE_CURVE('',#2118,#2083,#476,.T.);
#2690=EDGE_CURVE('',#2054,#2118,#452,.T.);
#2692=EDGE_CURVE('',#2054,#2064,#20,.T.);
#2694=EDGE_CURVE('',#2064,#2062,#24,.T.);
#2696=EDGE_CURVE('',#2060,#2062,#28,.T.);
#2698=EDGE_CURVE('',#2059,#2060,#32,.T.);
#2700=EDGE_CURVE('',#2059,#2178,#36,.T.);
#2702=EDGE_CURVE('',#2178,#2176,#40,.T.);
#2704=EDGE_CURVE('',#2174,#2176,#44,.T.);
#2706=EDGE_CURVE('',#2173,#2174,#48,.T.);
#2708=EDGE_CURVE('',#2173,#2202,#52,.T.);
#2710=EDGE_CURVE('',#2202,#2200,#56,.T.);
#2712=EDGE_CURVE('',#2198,#2200,#60,.T.);
#2714=EDGE_CURVE('',#2197,#2198,#64,.T.);
#2716=EDGE_CURVE('',#2197,#2226,#68,.T.);
#2718=EDGE_CURVE('',#2226,#2224,#72,.T.);
#2720=EDGE_CURVE('',#2222,#2224,#76,.T.);
#2722=EDGE_CURVE('',#2221,#2222,#80,.T.);
#2724=EDGE_CURVE('',#2221,#2250,#84,.T.);
#2726=EDGE_CURVE('',#2250,#2248,#88,.T.);
#2728=EDGE_CURVE('',#2246,#2248,#92,.T.);
#2730=EDGE_CURVE('',#2245,#2246,#96,.T.);
#2732=EDGE_CURVE('',#2245,#2468,#100,.T.);
#2734=EDGE_CURVE('',#2468,#2466,#104,.T.);
#2736=EDGE_CURVE('',#2464,#2466,#108,.T.);
#2738=EDGE_CURVE('',#2463,#2464,#112,.T.);
#2740=EDGE_CURVE('',#2463,#2522,#116,.T.);
#2742=EDGE_CURVE('',#2522,#2520,#120,.T.);
#2744=EDGE_CURVE('',#2518,#2520,#124,.T.);
#2746=EDGE_CURVE('',#2517,#2518,#128,.T.);
#2748=EDGE_CURVE('',#2517,#2592,#132,.T.);
#2750=EDGE_CURVE('',#2592,#2590,#136,.T.);
#2752=EDGE_CURVE('',#2588,#2590,#140,.T.);
#2754=EDGE_CURVE('',#2587,#2588,#144,.T.);
#2756=EDGE_CURVE('',#2587,#2056,#148,.T.);
#2758=EDGE_CURVE('',#2056,#2111,#152,.T.);
#2760=EDGE_CURVE('',#2660,#2111,#496,.T.);
#2762=EDGE_CURVE('',#2660,#2658,#156,.T.);
#2764=EDGE_CURVE('',#2656,#2658,#160,.T.);
#2775=EDGE_CURVE('',#2670,#2656,#380,.T.);
#2777=EDGE_CURVE('',#2666,#2670,#404,.T.);
#2779=EDGE_CURVE('',#2662,#2666,#432,.T.);
#2781=EDGE_CURVE('',#2655,#2662,#480,.T.);
#2791=EDGE_CURVE('',#2123,#2124,#164,.T.);
#2793=EDGE_CURVE('',#2123,#2052,#168,.T.);
#2795=EDGE_CURVE('',#2052,#2600,#720,.T.);
#2797=EDGE_CURVE('',#2124,#2600,#172,.T.);
#2807=EDGE_CURVE('',#2126,#2047,#468,.T.);
#2809=EDGE_CURVE('',#2132,#2126,#176,.T.);
#2811=EDGE_CURVE('',#2132,#2067,#180,.T.);
#2813=EDGE_CURVE('',#2067,#2047,#864,.T.);
#2823=EDGE_CURVE('',#2129,#2130,#184,.T.);
#2825=EDGE_CURVE('',#2129,#2595,#188,.T.);
#2827=EDGE_CURVE('',#2595,#2530,#976,.T.);
#2829=EDGE_CURVE('',#2130,#2530,#192,.T.);
#2833=EDGE_CURVE('',#2647,#2648,#340,.T.);
#2835=EDGE_CURVE('',#2648,#2650,#344,.T.);
#2837=EDGE_CURVE('',#2650,#2652,#348,.T.);
#2839=EDGE_CURVE('',#2652,#2647,#352,.T.);
#2849=EDGE_CURVE('',#2134,#2072,#196,.T.);
#2851=EDGE_CURVE('',#2277,#2134,#200,.T.);
#2853=EDGE_CURVE('',#2277,#2181,#204,.T.);
#2855=EDGE_CURVE('',#2181,#2072,#880,.T.);
#2859=EDGE_CURVE('',#2103,#2104,#244,.T.);
#2861=EDGE_CURVE('',#2104,#2106,#248,.T.);
#2863=EDGE_CURVE('',#2106,#2108,#252,.T.);
#2865=EDGE_CURVE('',#2108,#2103,#256,.T.);
#2875=EDGE_CURVE('',#2269,#2270,#208,.T.);
#2877=EDGE_CURVE('',#2269,#2471,#212,.T.);
#2879=EDGE_CURVE('',#2471,#2258,#944,.T.);
#2881=EDGE_CURVE('',#2270,#2258,#216,.T.);
#2885=EDGE_CURVE('',#2455,#2456,#308,.T.);
#2887=EDGE_CURVE('',#2456,#2458,#312,.T.);
#2889=EDGE_CURVE('',#2458,#2460,#316,.T.);
#2891=EDGE_CURVE('',#2460,#2455,#320,.T.);
#2901=EDGE_CURVE('',#2273,#2274,#220,.T.);
#2903=EDGE_CURVE('',#2273,#2253,#224,.T.);
#2905=EDGE_CURVE('',#2253,#2234,#928,.T.);
#2907=EDGE_CURVE('',#2274,#2234,#228,.T.);
#2911=EDGE_CURVE('',#2439,#2440,#292,.T.);
#2913=EDGE_CURVE('',#2440,#2442,#296,.T.);
#2915=EDGE_CURVE('',#2442,#2444,#300,.T.);
#2917=EDGE_CURVE('',#2444,#2439,#304,.T.);
#2927=EDGE_CURVE('',#2282,#2186,#232,.T.);
#2929=EDGE_CURVE('',#2285,#2282,#236,.T.);
#2931=EDGE_CURVE('',#2285,#2205,#240,.T.);
#2933=EDGE_CURVE('',#2205,#2186,#896,.T.);
#2937=EDGE_CURVE('',#2407,#2408,#260,.T.);
#2939=EDGE_CURVE('',#2408,#2410,#264,.T.);
#2941=EDGE_CURVE('',#2410,#2412,#268,.T.);
#2943=EDGE_CURVE('',#2412,#2407,#272,.T.);
#2953=EDGE_CURVE('',#2090,#2290,#356,.T.);
#2955=EDGE_CURVE('',#2090,#2084,#360,.T.);
#2958=EDGE_CURVE('',#2092,#2086,#500,.T.);
#2960=EDGE_CURVE('',#2293,#2092,#364,.T.);
#2962=EDGE_CURVE('',#2293,#2229,#368,.T.);
#2964=EDGE_CURVE('',#2229,#2210,#912,.T.);
#2966=EDGE_CURVE('',#2290,#2210,#372,.T.);
#2970=EDGE_CURVE('',#2423,#2424,#276,.T.);
#2972=EDGE_CURVE('',#2424,#2426,#280,.T.);
#2974=EDGE_CURVE('',#2426,#2428,#284,.T.);
#2976=EDGE_CURVE('',#2428,#2423,#288,.T.);
#2986=EDGE_CURVE('',#2670,#2514,#376,.T.);
#2990=EDGE_CURVE('',#2672,#2658,#504,.T.);
#2992=EDGE_CURVE('',#2565,#2672,#384,.T.);
#2994=EDGE_CURVE('',#2565,#2525,#388,.T.);
#2996=EDGE_CURVE('',#2525,#2476,#960,.T.);
#2998=EDGE_CURVE('',#2514,#2476,#392,.T.);
#3002=EDGE_CURVE('',#2579,#2580,#324,.T.);
#3004=EDGE_CURVE('',#2580,#2582,#328,.T.);
#3006=EDGE_CURVE('',#2582,#2584,#332,.T.);
#3008=EDGE_CURVE('',#2584,#2579,#336,.T.);
#3018=EDGE_CURVE('',#2168,#2090,#396,.T.);
#3021=EDGE_CURVE('',#2288,#2290,#1688,.T.);
#3023=EDGE_CURVE('',#2286,#2288,#1613,.T.);
#3025=EDGE_CURVE('',#2285,#2286,#1696,.T.);
#3028=EDGE_CURVE('',#2280,#2282,#1808,.T.);
#3030=EDGE_CURVE('',#2278,#2280,#1733,.T.);
#3032=EDGE_CURVE('',#2277,#2278,#1816,.T.);
#3035=EDGE_CURVE('',#2162,#2134,#1928,.T.);
#3037=EDGE_CURVE('',#2160,#2162,#1849,.T.);
#3039=EDGE_CURVE('',#2132,#2160,#1932,.T.);
#3042=EDGE_CURVE('',#2120,#2126,#464,.T.);
#3044=EDGE_CURVE('',#2120,#2168,#400,.T.);
#3056=EDGE_CURVE('',#2512,#2514,#1328,.T.);
#3058=EDGE_CURVE('',#2510,#2512,#1253,.T.);
#3060=EDGE_CURVE('',#2269,#2510,#1336,.T.);
#3063=EDGE_CURVE('',#2300,#2270,#1448,.T.);
#3065=EDGE_CURVE('',#2298,#2300,#1373,.T.);
#3067=EDGE_CURVE('',#2273,#2298,#1456,.T.);
#3070=EDGE_CURVE('',#2296,#2274,#1568,.T.);
#3072=EDGE_CURVE('',#2294,#2296,#1493,.T.);
#3074=EDGE_CURVE('',#2293,#2294,#1576,.T.);
#3077=EDGE_CURVE('',#2170,#2092,#408,.T.);
#3079=EDGE_CURVE('',#2170,#2666,#412,.T.);
#3089=EDGE_CURVE('',#2668,#2672,#416,.T.);
#3091=EDGE_CURVE('',#2668,#2114,#420,.T.);
#3093=EDGE_CURVE('',#2114,#2123,#508,.T.);
#3096=EDGE_CURVE('',#2636,#2124,#1092,.T.);
#3098=EDGE_CURVE('',#2634,#2636,#994,.T.);
#3100=EDGE_CURVE('',#2129,#2634,#980,.T.);
#3103=EDGE_CURVE('',#2568,#2130,#1208,.T.);
#3105=EDGE_CURVE('',#2566,#2568,#1133,.T.);
#3107=EDGE_CURVE('',#2565,#2566,#1216,.T.);
#3121=EDGE_CURVE('',#2164,#2168,#424,.T.);
#3123=EDGE_CURVE('',#2083,#2164,#472,.T.);
#3135=EDGE_CURVE('',#2120,#2117,#460,.T.);
#3137=EDGE_CURVE('',#2117,#2164,#428,.T.);
#3149=EDGE_CURVE('',#2166,#2170,#436,.T.);
#3151=EDGE_CURVE('',#2166,#2662,#440,.T.);
#3161=EDGE_CURVE('',#2664,#2668,#444,.T.);
#3163=EDGE_CURVE('',#2664,#2112,#448,.T.);
#3165=EDGE_CURVE('',#2112,#2114,#512,.T.);
#3177=EDGE_CURVE('',#2117,#2118,#456,.T.);
#3182=EDGE_CURVE('',#2047,#2048,#860,.T.);
#3184=EDGE_CURVE('',#2054,#2048,#528,.T.);
#3208=EDGE_CURVE('',#2088,#2166,#484,.T.);
#3219=EDGE_CURVE('',#2660,#2664,#492,.T.);
#3222=EDGE_CURVE('',#2111,#2112,#516,.T.);
#3264=EDGE_CURVE('',#2056,#2051,#520,.T.);
#3266=EDGE_CURVE('',#2051,#2052,#724,.T.);
#3276=EDGE_CURVE('',#2064,#2080,#524,.T.);
#3280=EDGE_CURVE('',#2048,#2080,#856,.T.);
#3290=EDGE_CURVE('',#2178,#2194,#532,.T.);
#3293=EDGE_CURVE('',#2059,#2075,#536,.T.);
#3295=EDGE_CURVE('',#2075,#2194,#840,.T.);
#3299=EDGE_CURVE('',#2095,#2096,#592,.T.);
#3301=EDGE_CURVE('',#2100,#2095,#596,.T.);
#3303=EDGE_CURVE('',#2098,#2100,#600,.T.);
#3305=EDGE_CURVE('',#2096,#2098,#604,.T.);
#3315=EDGE_CURVE('',#2202,#2218,#540,.T.);
#3318=EDGE_CURVE('',#2173,#2189,#544,.T.);
#3320=EDGE_CURVE('',#2189,#2218,#824,.T.);
#3324=EDGE_CURVE('',#2399,#2400,#608,.T.);
#3326=EDGE_CURVE('',#2404,#2399,#612,.T.);
#3328=EDGE_CURVE('',#2402,#2404,#616,.T.);
#3330=EDGE_CURVE('',#2400,#2402,#620,.T.);
#3340=EDGE_CURVE('',#2226,#2242,#548,.T.);
#3343=EDGE_CURVE('',#2197,#2213,#552,.T.);
#3345=EDGE_CURVE('',#2213,#2242,#808,.T.);
#3349=EDGE_CURVE('',#2415,#2416,#624,.T.);
#3351=EDGE_CURVE('',#2420,#2415,#628,.T.);
#3353=EDGE_CURVE('',#2418,#2420,#632,.T.);
#3355=EDGE_CURVE('',#2416,#2418,#636,.T.);
#3365=EDGE_CURVE('',#2250,#2266,#556,.T.);
#3368=EDGE_CURVE('',#2221,#2237,#560,.T.);
#3370=EDGE_CURVE('',#2237,#2266,#792,.T.);
#3374=EDGE_CURVE('',#2431,#2432,#640,.T.);
#3376=EDGE_CURVE('',#2436,#2431,#644,.T.);
#3378=EDGE_CURVE('',#2434,#2436,#648,.T.);
#3380=EDGE_CURVE('',#2432,#2434,#652,.T.);
#3390=EDGE_CURVE('',#2468,#2484,#564,.T.);
#3393=EDGE_CURVE('',#2245,#2261,#568,.T.);
#3395=EDGE_CURVE('',#2261,#2484,#776,.T.);
#3399=EDGE_CURVE('',#2447,#2448,#656,.T.);
#3401=EDGE_CURVE('',#2452,#2447,#660,.T.);
#3403=EDGE_CURVE('',#2450,#2452,#664,.T.);
#3405=EDGE_CURVE('',#2448,#2450,#668,.T.);
#3415=EDGE_CURVE('',#2522,#2538,#572,.T.);
#3418=EDGE_CURVE('',#2463,#2479,#576,.T.);
#3420=EDGE_CURVE('',#2479,#2538,#760,.T.);
#3424=EDGE_CURVE('',#2571,#2572,#672,.T.);
#3426=EDGE_CURVE('',#2576,#2571,#676,.T.);
#3428=EDGE_CURVE('',#2574,#2576,#680,.T.);
#3430=EDGE_CURVE('',#2572,#2574,#684,.T.);
#3440=EDGE_CURVE('',#2587,#2603,#580,.T.);
#3442=EDGE_CURVE('',#2603,#2051,#728,.T.);
#3454=EDGE_CURVE('',#2592,#2608,#584,.T.);
#3457=EDGE_CURVE('',#2517,#2533,#588,.T.);
#3459=EDGE_CURVE('',#2533,#2608,#744,.T.);
#3463=EDGE_CURVE('',#2639,#2640,#688,.T.);
#3465=EDGE_CURVE('',#2644,#2639,#692,.T.);
#3467=EDGE_CURVE('',#2642,#2644,#696,.T.);
#3469=EDGE_CURVE('',#2640,#2642,#700,.T.);
#3481=EDGE_CURVE('',#2080,#2078,#852,.T.);
#3483=EDGE_CURVE('',#2078,#2062,#704,.T.);
#3493=EDGE_CURVE('',#2595,#2596,#708,.T.);
#3495=EDGE_CURVE('',#2596,#2598,#712,.T.);
#3497=EDGE_CURVE('',#2600,#2598,#716,.T.);
#3502=EDGE_CURVE('',#2603,#2604,#732,.T.);
#3504=EDGE_CURVE('',#2604,#2606,#736,.T.);
#3506=EDGE_CURVE('',#2608,#2606,#740,.T.);
#3509=EDGE_CURVE('',#2533,#2534,#748,.T.);
#3511=EDGE_CURVE('',#2534,#2536,#752,.T.);
#3513=EDGE_CURVE('',#2538,#2536,#756,.T.);
#3516=EDGE_CURVE('',#2479,#2480,#764,.T.);
#3518=EDGE_CURVE('',#2480,#2482,#768,.T.);
#3520=EDGE_CURVE('',#2484,#2482,#772,.T.);
#3523=EDGE_CURVE('',#2261,#2262,#780,.T.);
#3525=EDGE_CURVE('',#2262,#2264,#784,.T.);
#3527=EDGE_CURVE('',#2266,#2264,#788,.T.);
#3530=EDGE_CURVE('',#2237,#2238,#796,.T.);
#3532=EDGE_CURVE('',#2238,#2240,#800,.T.);
#3534=EDGE_CURVE('',#2242,#2240,#804,.T.);
#3537=EDGE_CURVE('',#2213,#2214,#812,.T.);
#3539=EDGE_CURVE('',#2214,#2216,#816,.T.);
#3541=EDGE_CURVE('',#2218,#2216,#820,.T.);
#3544=EDGE_CURVE('',#2189,#2190,#828,.T.);
#3546=EDGE_CURVE('',#2190,#2192,#832,.T.);
#3548=EDGE_CURVE('',#2194,#2192,#836,.T.);
#3551=EDGE_CURVE('',#2075,#2076,#844,.T.);
#3553=EDGE_CURVE('',#2076,#2078,#848,.T.);
#3559=EDGE_CURVE('',#2067,#2068,#868,.T.);
#3561=EDGE_CURVE('',#2068,#2070,#872,.T.);
#3563=EDGE_CURVE('',#2072,#2070,#876,.T.);
#3566=EDGE_CURVE('',#2181,#2182,#884,.T.);
#3568=EDGE_CURVE('',#2182,#2184,#888,.T.);
#3570=EDGE_CURVE('',#2186,#2184,#892,.T.);
#3573=EDGE_CURVE('',#2205,#2206,#900,.T.);
#3575=EDGE_CURVE('',#2206,#2208,#904,.T.);
#3577=EDGE_CURVE('',#2210,#2208,#908,.T.);
#3580=EDGE_CURVE('',#2229,#2230,#916,.T.);
#3582=EDGE_CURVE('',#2230,#2232,#920,.T.);
#3584=EDGE_CURVE('',#2234,#2232,#924,.T.);
#3587=EDGE_CURVE('',#2253,#2254,#932,.T.);
#3589=EDGE_CURVE('',#2254,#2256,#936,.T.);
#3591=EDGE_CURVE('',#2258,#2256,#940,.T.);
#3594=EDGE_CURVE('',#2471,#2472,#948,.T.);
#3596=EDGE_CURVE('',#2472,#2474,#952,.T.);
#3598=EDGE_CURVE('',#2476,#2474,#956,.T.);
#3601=EDGE_CURVE('',#2525,#2526,#964,.T.);
#3603=EDGE_CURVE('',#2526,#2528,#968,.T.);
#3605=EDGE_CURVE('',#2530,#2528,#972,.T.);
#3617=EDGE_CURVE('',#2596,#2634,#998,.T.);
#3630=EDGE_CURVE('',#2598,#2636,#1096,.T.);
#3636=EDGE_CURVE('',#2627,#2628,#985,.T.);
#3638=EDGE_CURVE('',#2628,#2627,#990,.T.);
#3649=EDGE_CURVE('',#2627,#2615,#1011,.T.);
#3651=EDGE_CURVE('',#2615,#2623,#1042,.T.);
#3653=EDGE_CURVE('',#2628,#2623,#1007,.T.);
#3663=EDGE_CURVE('',#2631,#2632,#1061,.T.);
#3665=EDGE_CURVE('',#2620,#2632,#1024,.T.);
#3667=EDGE_CURVE('',#2612,#2620,#1003,.T.);
#3669=EDGE_CURVE('',#2612,#2631,#1015,.T.);
#3681=EDGE_CURVE('',#2615,#2623,#1033,.T.);
#3692=EDGE_CURVE('',#2632,#2631,#1066,.T.);
#3695=EDGE_CURVE('',#2612,#2620,#1020,.T.);
#3706=EDGE_CURVE('',#2615,#2616,#1028,.T.);
#3709=EDGE_CURVE('',#2623,#2624,#1037,.T.);
#3711=EDGE_CURVE('',#2616,#2624,#1047,.T.);
#3722=EDGE_CURVE('',#2616,#2624,#1052,.T.);
#3745=EDGE_CURVE('',#2606,#2590,#1070,.T.);
#3748=EDGE_CURVE('',#2604,#2588,#1056,.T.);
#3786=EDGE_CURVE('',#2611,#2612,#1074,.T.);
#3788=EDGE_CURVE('',#2611,#2619,#1079,.T.);
#3790=EDGE_CURVE('',#2619,#2620,#1083,.T.);
#3804=EDGE_CURVE('',#2611,#2619,#1088,.T.);
#3837=EDGE_CURVE('',#2534,#2518,#1100,.T.);
#3850=EDGE_CURVE('',#2536,#2520,#1114,.T.);
#3856=EDGE_CURVE('',#2561,#2562,#1105,.T.);
#3858=EDGE_CURVE('',#2562,#2561,#1110,.T.);
#3880=EDGE_CURVE('',#2557,#2558,#1124,.T.);
#3882=EDGE_CURVE('',#2557,#2545,#1145,.T.);
#3884=EDGE_CURVE('',#2545,#2553,#1176,.T.);
#3886=EDGE_CURVE('',#2558,#2553,#1141,.T.);
#3897=EDGE_CURVE('',#2550,#2562,#1158,.T.);
#3899=EDGE_CURVE('',#2542,#2550,#1119,.T.);
#3901=EDGE_CURVE('',#2542,#2561,#1149,.T.);
#3912=EDGE_CURVE('',#2528,#2568,#1212,.T.);
#3915=EDGE_CURVE('',#2526,#2566,#1137,.T.);
#3920=EDGE_CURVE('',#2558,#2557,#1129,.T.);
#3932=EDGE_CURVE('',#2545,#2553,#1167,.T.);
#3945=EDGE_CURVE('',#2542,#2550,#1154,.T.);
#3956=EDGE_CURVE('',#2545,#2546,#1162,.T.);
#3959=EDGE_CURVE('',#2553,#2554,#1171,.T.);
#3961=EDGE_CURVE('',#2546,#2554,#1181,.T.);
#3972=EDGE_CURVE('',#2546,#2554,#1186,.T.);
#3994=EDGE_CURVE('',#2541,#2542,#1190,.T.);
#3996=EDGE_CURVE('',#2541,#2549,#1195,.T.);
#3998=EDGE_CURVE('',#2549,#2550,#1199,.T.);
#4012=EDGE_CURVE('',#2541,#2549,#1204,.T.);
#4057=EDGE_CURVE('',#2480,#2464,#1220,.T.);
#4070=EDGE_CURVE('',#2482,#2466,#1234,.T.);
#4076=EDGE_CURVE('',#2507,#2508,#1225,.T.);
#4078=EDGE_CURVE('',#2508,#2507,#1230,.T.);
#4100=EDGE_CURVE('',#2503,#2504,#1244,.T.);
#4102=EDGE_CURVE('',#2503,#2491,#1265,.T.);
#4104=EDGE_CURVE('',#2491,#2499,#1296,.T.);
#4106=EDGE_CURVE('',#2504,#2499,#1261,.T.);
#4117=EDGE_CURVE('',#2496,#2508,#1278,.T.);
#4119=EDGE_CURVE('',#2488,#2496,#1239,.T.);
#4121=EDGE_CURVE('',#2488,#2507,#1269,.T.);
#4132=EDGE_CURVE('',#2474,#2512,#1332,.T.);
#4135=EDGE_CURVE('',#2472,#2510,#1257,.T.);
#4140=EDGE_CURVE('',#2504,#2503,#1249,.T.);
#4152=EDGE_CURVE('',#2491,#2499,#1287,.T.);
#4165=EDGE_CURVE('',#2488,#2496,#1274,.T.);
#4176=EDGE_CURVE('',#2491,#2492,#1282,.T.);
#4179=EDGE_CURVE('',#2499,#2500,#1291,.T.);
#4181=EDGE_CURVE('',#2492,#2500,#1301,.T.);
#4192=EDGE_CURVE('',#2492,#2500,#1306,.T.);
#4214=EDGE_CURVE('',#2487,#2488,#1310,.T.);
#4216=EDGE_CURVE('',#2487,#2495,#1315,.T.);
#4218=EDGE_CURVE('',#2495,#2496,#1319,.T.);
#4232=EDGE_CURVE('',#2487,#2495,#1324,.T.);
#4277=EDGE_CURVE('',#2262,#2246,#1340,.T.);
#4290=EDGE_CURVE('',#2264,#2248,#1354,.T.);
#4296=EDGE_CURVE('',#2395,#2396,#1345,.T.);
#4298=EDGE_CURVE('',#2396,#2395,#1350,.T.);
#4320=EDGE_CURVE('',#2391,#2392,#1364,.T.);
#4322=EDGE_CURVE('',#2391,#2379,#1385,.T.);
#4324=EDGE_CURVE('',#2379,#2387,#1416,.T.);
#4326=EDGE_CURVE('',#2392,#2387,#1381,.T.);
#4337=EDGE_CURVE('',#2384,#2396,#1398,.T.);
#4339=EDGE_CURVE('',#2376,#2384,#1359,.T.);
#4341=EDGE_CURVE('',#2376,#2395,#1389,.T.);
#4352=EDGE_CURVE('',#2256,#2300,#1452,.T.);
#4355=EDGE_CURVE('',#2254,#2298,#1377,.T.);
#4360=EDGE_CURVE('',#2392,#2391,#1369,.T.);
#4372=EDGE_CURVE('',#2379,#2387,#1407,.T.);
#4385=EDGE_CURVE('',#2376,#2384,#1394,.T.);
#4396=EDGE_CURVE('',#2379,#2380,#1402,.T.);
#4399=EDGE_CURVE('',#2387,#2388,#1411,.T.);
#4401=EDGE_CURVE('',#2380,#2388,#1421,.T.);
#4412=EDGE_CURVE('',#2380,#2388,#1426,.T.);
#4434=EDGE_CURVE('',#2375,#2376,#1430,.T.);
#4436=EDGE_CURVE('',#2375,#2383,#1435,.T.);
#4438=EDGE_CURVE('',#2383,#2384,#1439,.T.);
#4452=EDGE_CURVE('',#2375,#2383,#1444,.T.);
#4497=EDGE_CURVE('',#2238,#2222,#1460,.T.);
#4510=EDGE_CURVE('',#2240,#2224,#1474,.T.);
#4516=EDGE_CURVE('',#2371,#2372,#1465,.T.);
#4518=EDGE_CURVE('',#2372,#2371,#1470,.T.);
#4540=EDGE_CURVE('',#2367,#2368,#1484,.T.);
#4542=EDGE_CURVE('',#2367,#2355,#1505,.T.);
#4544=EDGE_CURVE('',#2355,#2363,#1536,.T.);
#4546=EDGE_CURVE('',#2368,#2363,#1501,.T.);
#4557=EDGE_CURVE('',#2360,#2372,#1518,.T.);
#4559=EDGE_CURVE('',#2352,#2360,#1479,.T.);
#4561=EDGE_CURVE('',#2352,#2371,#1509,.T.);
#4572=EDGE_CURVE('',#2232,#2296,#1572,.T.);
#4575=EDGE_CURVE('',#2230,#2294,#1497,.T.);
#4580=EDGE_CURVE('',#2368,#2367,#1489,.T.);
#4592=EDGE_CURVE('',#2355,#2363,#1527,.T.);
#4605=EDGE_CURVE('',#2352,#2360,#1514,.T.);
#4616=EDGE_CURVE('',#2355,#2356,#1522,.T.);
#4619=EDGE_CURVE('',#2363,#2364,#1531,.T.);
#4621=EDGE_CURVE('',#2356,#2364,#1541,.T.);
#4632=EDGE_CURVE('',#2356,#2364,#1546,.T.);
#4654=EDGE_CURVE('',#2351,#2352,#1550,.T.);
#4656=EDGE_CURVE('',#2351,#2359,#1555,.T.);
#4658=EDGE_CURVE('',#2359,#2360,#1559,.T.);
#4672=EDGE_CURVE('',#2351,#2359,#1564,.T.);
#4717=EDGE_CURVE('',#2214,#2198,#1580,.T.);
#4730=EDGE_CURVE('',#2216,#2200,#1594,.T.);
#4736=EDGE_CURVE('',#2347,#2348,#1585,.T.);
#4738=EDGE_CURVE('',#2348,#2347,#1590,.T.);
#4760=EDGE_CURVE('',#2343,#2344,#1604,.T.);
#4762=EDGE_CURVE('',#2343,#2331,#1625,.T.);
#4764=EDGE_CURVE('',#2331,#2339,#1656,.T.);
#4766=EDGE_CURVE('',#2344,#2339,#1621,.T.);
#4777=EDGE_CURVE('',#2336,#2348,#1638,.T.);
#4779=EDGE_CURVE('',#2328,#2336,#1599,.T.);
#4781=EDGE_CURVE('',#2328,#2347,#1629,.T.);
#4792=EDGE_CURVE('',#2208,#2288,#1692,.T.);
#4795=EDGE_CURVE('',#2206,#2286,#1617,.T.);
#4800=EDGE_CURVE('',#2344,#2343,#1609,.T.);
#4812=EDGE_CURVE('',#2331,#2339,#1647,.T.);
#4825=EDGE_CURVE('',#2328,#2336,#1634,.T.);
#4836=EDGE_CURVE('',#2331,#2332,#1642,.T.);
#4839=EDGE_CURVE('',#2339,#2340,#1651,.T.);
#4841=EDGE_CURVE('',#2332,#2340,#1661,.T.);
#4852=EDGE_CURVE('',#2332,#2340,#1666,.T.);
#4874=EDGE_CURVE('',#2327,#2328,#1670,.T.);
#4876=EDGE_CURVE('',#2327,#2335,#1675,.T.);
#4878=EDGE_CURVE('',#2335,#2336,#1679,.T.);
#4892=EDGE_CURVE('',#2327,#2335,#1684,.T.);
#4937=EDGE_CURVE('',#2190,#2174,#1700,.T.);
#4950=EDGE_CURVE('',#2192,#2176,#1714,.T.);
#4956=EDGE_CURVE('',#2323,#2324,#1705,.T.);
#4958=EDGE_CURVE('',#2324,#2323,#1710,.T.);
#4980=EDGE_CURVE('',#2319,#2320,#1724,.T.);
#4982=EDGE_CURVE('',#2319,#2307,#1745,.T.);
#4984=EDGE_CURVE('',#2307,#2315,#1776,.T.);
#4986=EDGE_CURVE('',#2320,#2315,#1741,.T.);
#4997=EDGE_CURVE('',#2312,#2324,#1758,.T.);
#4999=EDGE_CURVE('',#2304,#2312,#1719,.T.);
#5001=EDGE_CURVE('',#2304,#2323,#1749,.T.);
#5012=EDGE_CURVE('',#2184,#2280,#1812,.T.);
#5015=EDGE_CURVE('',#2182,#2278,#1737,.T.);
#5020=EDGE_CURVE('',#2320,#2319,#1729,.T.);
#5032=EDGE_CURVE('',#2307,#2315,#1767,.T.);
#5045=EDGE_CURVE('',#2304,#2312,#1754,.T.);
#5056=EDGE_CURVE('',#2307,#2308,#1762,.T.);
#5059=EDGE_CURVE('',#2315,#2316,#1771,.T.);
#5061=EDGE_CURVE('',#2308,#2316,#1781,.T.);
#5072=EDGE_CURVE('',#2308,#2316,#1786,.T.);
#5094=EDGE_CURVE('',#2303,#2304,#1790,.T.);
#5096=EDGE_CURVE('',#2303,#2311,#1795,.T.);
#5098=EDGE_CURVE('',#2311,#2312,#1799,.T.);
#5112=EDGE_CURVE('',#2303,#2311,#1804,.T.);
#5157=EDGE_CURVE('',#2076,#2060,#1820,.T.);
#5175=EDGE_CURVE('',#2157,#2158,#1825,.T.);
#5177=EDGE_CURVE('',#2158,#2157,#1830,.T.);
#5187=EDGE_CURVE('',#2153,#2154,#1840,.T.);
#5189=EDGE_CURVE('',#2153,#2141,#1861,.T.);
#5191=EDGE_CURVE('',#2141,#2149,#1892,.T.);
#5193=EDGE_CURVE('',#2154,#2149,#1857,.T.);
#5204=EDGE_CURVE('',#2146,#2158,#1874,.T.);
#5206=EDGE_CURVE('',#2138,#2146,#1835,.T.);
#5208=EDGE_CURVE('',#2138,#2157,#1865,.T.);
#5219=EDGE_CURVE('',#2070,#2162,#1924,.T.);
#5222=EDGE_CURVE('',#2068,#2160,#1853,.T.);
#5227=EDGE_CURVE('',#2154,#2153,#1845,.T.);
#5239=EDGE_CURVE('',#2141,#2149,#1883,.T.);
#5252=EDGE_CURVE('',#2138,#2146,#1870,.T.);
#5263=EDGE_CURVE('',#2141,#2142,#1878,.T.);
#5266=EDGE_CURVE('',#2149,#2150,#1887,.T.);
#5268=EDGE_CURVE('',#2142,#2150,#1897,.T.);
#5279=EDGE_CURVE('',#2142,#2150,#1902,.T.);
#5301=EDGE_CURVE('',#2137,#2138,#1906,.T.);
#5303=EDGE_CURVE('',#2137,#2145,#1911,.T.);
#5305=EDGE_CURVE('',#2145,#2146,#1915,.T.);
#5319=EDGE_CURVE('',#2137,#2145,#1920,.T.);
#5364=EDGE_CURVE('',#2104,#2096,#1940,.T.);
#5367=EDGE_CURVE('',#2103,#2095,#1936,.T.);
#5378=EDGE_CURVE('',#2106,#2098,#1944,.T.);
#5391=EDGE_CURVE('',#2108,#2100,#1948,.T.);
#5416=EDGE_CURVE('',#2408,#2400,#1956,.T.);
#5419=EDGE_CURVE('',#2407,#2399,#1952,.T.);
#5430=EDGE_CURVE('',#2410,#2402,#1960,.T.);
#5443=EDGE_CURVE('',#2412,#2404,#1964,.T.);
#5468=EDGE_CURVE('',#2424,#2416,#1972,.T.);
#5471=EDGE_CURVE('',#2423,#2415,#1968,.T.);
#5482=EDGE_CURVE('',#2426,#2418,#1976,.T.);
#5495=EDGE_CURVE('',#2428,#2420,#1980,.T.);
#5520=EDGE_CURVE('',#2440,#2432,#1988,.T.);
#5523=EDGE_CURVE('',#2439,#2431,#1984,.T.);
#5534=EDGE_CURVE('',#2442,#2434,#1992,.T.);
#5547=EDGE_CURVE('',#2444,#2436,#1996,.T.);
#5572=EDGE_CURVE('',#2456,#2448,#2004,.T.);
#5575=EDGE_CURVE('',#2455,#2447,#2000,.T.);
#5586=EDGE_CURVE('',#2458,#2450,#2008,.T.);
#5599=EDGE_CURVE('',#2460,#2452,#2012,.T.);
#5624=EDGE_CURVE('',#2580,#2572,#2020,.T.);
#5627=EDGE_CURVE('',#2579,#2571,#2016,.T.);
#5638=EDGE_CURVE('',#2582,#2574,#2024,.T.);
#5651=EDGE_CURVE('',#2584,#2576,#2028,.T.);
#5676=EDGE_CURVE('',#2648,#2640,#2036,.T.);
#5679=EDGE_CURVE('',#2647,#2639,#2032,.T.);
#5690=EDGE_CURVE('',#2650,#2642,#2040,.T.);
#5703=EDGE_CURVE('',#2652,#2644,#2044,.T.);
#5732=TRIMMED_CURVE('A_1',#5731,(PARAMETER_VALUE(0.E0)),(PARAMETER_VALUE(1.E0)),
.T.,.UNSPECIFIED.);
#5738=TRIMMED_CURVE('A_2',#5737,(PARAMETER_VALUE(0.E0)),(PARAMETER_VALUE(1.E0)),
.T.,.UNSPECIFIED.);
#5743=TRIMMED_CURVE('A_3',#5742,(PARAMETER_VALUE(0.E0)),(PARAMETER_VALUE(1.E0)),
.T.,.UNSPECIFIED.);
#5748=TRIMMED_CURVE('A_4',#5747,(PARAMETER_VALUE(0.E0)),(PARAMETER_VALUE(1.E0)),
.T.,.UNSPECIFIED.);
#5753=TRIMMED_CURVE('A_5',#5752,(PARAMETER_VALUE(0.E0)),(PARAMETER_VALUE(1.E0)),
.T.,.UNSPECIFIED.);
#5758=TRIMMED_CURVE('A_6',#5757,(PARAMETER_VALUE(0.E0)),(PARAMETER_VALUE(1.E0)),
.T.,.UNSPECIFIED.);
#5763=TRIMMED_CURVE('A_7',#5762,(PARAMETER_VALUE(0.E0)),(PARAMETER_VALUE(1.E0)),
.T.,.UNSPECIFIED.);
#5768=TRIMMED_CURVE('A_8',#5767,(PARAMETER_VALUE(0.E0)),(PARAMETER_VALUE(1.E0)),
.T.,.UNSPECIFIED.);
#5773=CIRCLE('',#5772,7.6E-1);
#5774=TRIMMED_CURVE('',#5773,(PARAMETER_VALUE(0.E0)),(PARAMETER_VALUE(1.8E2)),
.T.,.UNSPECIFIED.);
#5775=COMPOSITE_CURVE_SEGMENT(.CONTINUOUS.,.T.,#5774);
#5780=CIRCLE('',#5779,7.6E-1);
#5781=TRIMMED_CURVE('',#5780,(PARAMETER_VALUE(0.E0)),(PARAMETER_VALUE(1.8E2)),
.T.,.UNSPECIFIED.);
#5782=COMPOSITE_CURVE_SEGMENT(.CONTINUOUS.,.T.,#5781);
#5783=COMPOSITE_CURVE('',(#5775,#5782),.F.);
#5788=CIRCLE('',#5787,7.6E-1);
#5789=TRIMMED_CURVE('',#5788,(PARAMETER_VALUE(0.E0)),(PARAMETER_VALUE(1.8E2)),
.T.,.UNSPECIFIED.);
#5790=COMPOSITE_CURVE_SEGMENT(.CONTINUOUS.,.T.,#5789);
#5795=CIRCLE('',#5794,7.6E-1);
#5796=TRIMMED_CURVE('',#5795,(PARAMETER_VALUE(0.E0)),(PARAMETER_VALUE(1.8E2)),
.T.,.UNSPECIFIED.);
#5797=COMPOSITE_CURVE_SEGMENT(.CONTINUOUS.,.T.,#5796);
#5798=COMPOSITE_CURVE('',(#5790,#5797),.F.);
#5803=CIRCLE('',#5802,7.6E-1);
#5804=TRIMMED_CURVE('',#5803,(PARAMETER_VALUE(0.E0)),(PARAMETER_VALUE(1.8E2)),
.T.,.UNSPECIFIED.);
#5805=COMPOSITE_CURVE_SEGMENT(.CONTINUOUS.,.T.,#5804);
#5810=CIRCLE('',#5809,7.6E-1);
#5811=TRIMMED_CURVE('',#5810,(PARAMETER_VALUE(0.E0)),(PARAMETER_VALUE(1.8E2)),
.T.,.UNSPECIFIED.);
#5812=COMPOSITE_CURVE_SEGMENT(.CONTINUOUS.,.T.,#5811);
#5813=COMPOSITE_CURVE('',(#5805,#5812),.F.);
#5818=CIRCLE('',#5817,7.6E-1);
#5819=TRIMMED_CURVE('',#5818,(PARAMETER_VALUE(0.E0)),(PARAMETER_VALUE(1.8E2)),
.T.,.UNSPECIFIED.);
#5820=COMPOSITE_CURVE_SEGMENT(.CONTINUOUS.,.T.,#5819);
#5825=CIRCLE('',#5824,7.6E-1);
#5826=TRIMMED_CURVE('',#5825,(PARAMETER_VALUE(0.E0)),(PARAMETER_VALUE(1.8E2)),
.T.,.UNSPECIFIED.);
#5827=COMPOSITE_CURVE_SEGMENT(.CONTINUOUS.,.T.,#5826);
#5828=COMPOSITE_CURVE('',(#5820,#5827),.F.);
#5833=CIRCLE('',#5832,7.6E-1);
#5834=TRIMMED_CURVE('',#5833,(PARAMETER_VALUE(0.E0)),(PARAMETER_VALUE(1.8E2)),
.T.,.UNSPECIFIED.);
#5835=COMPOSITE_CURVE_SEGMENT(.CONTINUOUS.,.T.,#5834);
#5840=CIRCLE('',#5839,7.6E-1);
#5841=TRIMMED_CURVE('',#5840,(PARAMETER_VALUE(0.E0)),(PARAMETER_VALUE(1.8E2)),
.T.,.UNSPECIFIED.);
#5842=COMPOSITE_CURVE_SEGMENT(.CONTINUOUS.,.T.,#5841);
#5843=COMPOSITE_CURVE('',(#5835,#5842),.F.);
#5848=CIRCLE('',#5847,7.6E-1);
#5849=TRIMMED_CURVE('',#5848,(PARAMETER_VALUE(0.E0)),(PARAMETER_VALUE(1.8E2)),
.T.,.UNSPECIFIED.);
#5850=COMPOSITE_CURVE_SEGMENT(.CONTINUOUS.,.T.,#5849);
#5855=CIRCLE('',#5854,7.6E-1);
#5856=TRIMMED_CURVE('',#5855,(PARAMETER_VALUE(0.E0)),(PARAMETER_VALUE(1.8E2)),
.T.,.UNSPECIFIED.);
#5857=COMPOSITE_CURVE_SEGMENT(.CONTINUOUS.,.T.,#5856);
#5858=COMPOSITE_CURVE('',(#5850,#5857),.F.);
#5863=CIRCLE('',#5862,7.6E-1);
#5864=TRIMMED_CURVE('',#5863,(PARAMETER_VALUE(0.E0)),(PARAMETER_VALUE(1.8E2)),
.T.,.UNSPECIFIED.);
#5865=COMPOSITE_CURVE_SEGMENT(.CONTINUOUS.,.T.,#5864);
#5870=CIRCLE('',#5869,7.6E-1);
#5871=TRIMMED_CURVE('',#5870,(PARAMETER_VALUE(0.E0)),(PARAMETER_VALUE(1.8E2)),
.T.,.UNSPECIFIED.);
#5872=COMPOSITE_CURVE_SEGMENT(.CONTINUOUS.,.T.,#5871);
#5873=COMPOSITE_CURVE('',(#5865,#5872),.F.);
#5878=CIRCLE('',#5877,7.6E-1);
#5879=TRIMMED_CURVE('',#5878,(PARAMETER_VALUE(0.E0)),(PARAMETER_VALUE(1.8E2)),
.T.,.UNSPECIFIED.);
#5880=COMPOSITE_CURVE_SEGMENT(.CONTINUOUS.,.T.,#5879);
#5885=CIRCLE('',#5884,7.6E-1);
#5886=TRIMMED_CURVE('',#5885,(PARAMETER_VALUE(0.E0)),(PARAMETER_VALUE(1.8E2)),
.T.,.UNSPECIFIED.);
#5887=COMPOSITE_CURVE_SEGMENT(.CONTINUOUS.,.T.,#5886);
#5888=COMPOSITE_CURVE('',(#5880,#5887),.F.);
#5889=(LENGTH_UNIT()NAMED_UNIT(*)SI_UNIT(.MILLI.,.METRE.));
#5891=(NAMED_UNIT(*)PLANE_ANGLE_UNIT()SI_UNIT($,.RADIAN.));
#5894=(NAMED_UNIT(*)SI_UNIT($,.STERADIAN.)SOLID_ANGLE_UNIT());
#5897=ADVANCED_BREP_SHAPE_REPRESENTATION('',(#5723),#5896);
#5898=GEOMETRICALLY_BOUNDED_SURFACE_SHAPE_REPRESENTATION('',(#5733),#5896);
#5899=SHAPE_REPRESENTATION('',(#5727),#5896);
#5908=PRODUCT_DEFINITION('design','',#5907,#5904);
#5909=PRODUCT_DEFINITION_SHAPE('','SHAPE FOR 026192081.',#5908);
#5910=SHAPE_DEFINITION_REPRESENTATION(#5909,#5899);
ENDSEC;
END-ISO-10303-21;
